Sample	0	1	2	3	4	5	6	7	8	9	10	11	12	13	14	15	16	17	18	19	20	21	22	23	24	25	26	27	28	29	30	31	32	33	34	35	36	37	38	39	40	41	42	43	44	45	46	47	48	49	50	51	52	53	54	55	56	57	58	59	60	61	62	63	64	65	66	67	68	69	70	71	72	73	74	75	76	77	78	79	80	81	82	83	84	85	86	87	88	89	90	91	92	93	94	95	96	97	98	99	100
GC_24hpi_1_R1	(0.0, 0.000275457905727975)	(1.0, 0.00022036632458238)	(2.0, 0.00015150184815038623)	(3.0, 0.00013084250522078813)	(4.0, 0.00017216119107998438)	(5.0, 0.00019970698165278186)	(6.0, 0.00020659342929598123)	(7.0, 0.00028578757719277407)	(8.0, 0.0003615385012679672)	(9.0, 0.0004786081112023565)	(10.0, 0.0006404396308175419)	(11.0, 0.000847033060113523)	(12.0, 0.001201685113738291)	(13.0, 0.0017147254631566442)	(14.0, 0.002947399591289332)	(15.0, 0.003983809961590839)	(16.0, 0.005126960270361935)	(17.0, 0.0073306235161857344)	(18.0, 0.010556924237024642)	(19.0, 0.014905715923705046)	(20.0, 0.020852163463607708)	(21.0, 0.030661908131345218)	(22.0, 0.04463451039939675)	(23.0, 0.06206755260815596)	(24.0, 0.08959957028566706)	(25.0, 0.12613561825666134)	(26.0, 0.1718134254740028)	(27.0, 0.23385687551540757)	(28.0, 0.30731805574923693)	(29.0, 0.39462443896971855)	(30.0, 0.49737368103007484)	(31.0, 0.6279923767024589)	(32.0, 0.797980893551014)	(33.0, 0.9843075074330594)	(34.0, 1.2112159572764787)	(35.0, 1.5036214106543675)	(36.0, 1.8672189597676512)	(37.0, 2.321190804526462)	(38.0, 2.867134600784022)	(39.0, 3.47426792757523)	(40.0, 4.0998638204978555)	(41.0, 4.70550278815049)	(42.0, 5.260564241087645)	(43.0, 5.7035453154079105)	(44.0, 5.964465930161091)	(45.0, 5.982081463232395)	(46.0, 5.797855215881525)	(47.0, 5.524838555843065)	(48.0, 5.20454643273404)	(49.0, 4.8937369480297015)	(50.0, 4.473828916537976)	(51.0, 3.8660276043253776)	(52.0, 3.228855592914534)	(53.0, 2.695565644201353)	(54.0, 2.2972672854139873)	(55.0, 2.0324868167567933)	(56.0, 1.8033437146531555)	(57.0, 1.513413939202997)	(58.0, 1.2426732501106135)	(59.0, 1.0371093447372906)	(60.0, 0.8941707942312228)	(61.0, 0.7704764216640757)	(62.0, 0.6494987526921706)	(63.0, 0.5673537619802669)	(64.0, 0.48714730627992375)	(65.0, 0.3901379183301742)	(66.0, 0.301984502049579)	(67.0, 0.24269218784163235)	(68.0, 0.20171782436459607)	(69.0, 0.15687672053590335)	(70.0, 0.10742169678626705)	(71.0, 0.06373062971398862)	(72.0, 0.036842494891116656)	(73.0, 0.026967328970768752)	(74.0, 0.023420808434521073)	(75.0, 0.01827663204505114)	(76.0, 0.013104909865008412)	(77.0, 0.010422638507982253)	(78.0, 0.008360147438844041)	(79.0, 0.006524909141931408)	(80.0, 0.004730989530877971)	(81.0, 0.0028682054433925397)	(82.0, 0.0016045423008654543)	(83.0, 0.0004717216635591572)	(84.0, 1.7216119107998437e-05)	(85.0, 0.0)	(86.0, 0.0)	(87.0, 0.0)	(88.0, 0.0)	(89.0, 0.0)	(90.0, 0.0)	(91.0, 0.0)	(92.0, 0.0)	(93.0, 0.0)	(94.0, 0.0)	(95.0, 0.0)	(96.0, 0.0)	(97.0, 0.0)	(98.0, 0.0)	(99.0, 0.0)	(100.0, 0.0)
GC_24hpi_1_R2	(0.0, 0.0007712982564561882)	(1.0, 0.0008952569048152185)	(2.0, 0.0008057312143336966)	(3.0, 0.0005784736923421412)	(4.0, 0.0005647005091911378)	(5.0, 0.0005405974386768819)	(6.0, 0.0005130510723748752)	(7.0, 0.0004992778892238718)	(8.0, 0.0004923912976483702)	(9.0, 0.0006473396080971579)	(10.0, 0.0008367208764234542)	(11.0, 0.0009813392995089896)	(12.0, 0.0012258133004392992)	(13.0, 0.0017491942601774268)	(14.0, 0.003129955871065514)	(15.0, 0.004276573368386543)	(16.0, 0.0053405517668015535)	(17.0, 0.007809394846618905)	(18.0, 0.01101854652080269)	(19.0, 0.014654666872667576)	(20.0, 0.02024313593618719)	(21.0, 0.02992568369134255)	(22.0, 0.043103176671065016)	(23.0, 0.06016815059515818)	(24.0, 0.08808983613802975)	(25.0, 0.12305306156685178)	(26.0, 0.16692064990279748)	(27.0, 0.2282354179952767)	(28.0, 0.2987472291368384)	(29.0, 0.38655471502027255)	(30.0, 0.48658934424601)	(31.0, 0.6097525912780698)	(32.0, 0.7780298997212411)	(33.0, 0.9607621638813905)	(34.0, 1.175124543147819)	(35.0, 1.4504986804774047)	(36.0, 1.7965189174842744)	(37.0, 2.2301021663736478)	(38.0, 2.751296633286554)	(39.0, 3.3400038007098907)	(40.0, 3.9617356180335452)	(41.0, 4.565882523769157)	(42.0, 5.11878630159146)	(43.0, 5.556997340019572)	(44.0, 5.879709907839156)	(45.0, 5.97356382112588)	(46.0, 5.798499776685052)	(47.0, 5.551302128786631)	(48.0, 5.235097390005896)	(49.0, 4.92958064135034)	(50.0, 4.588900956110272)	(51.0, 4.027261536874445)	(52.0, 3.3568793933656575)	(53.0, 2.7850650350770265)	(54.0, 2.3579104194233835)	(55.0, 2.082381333783349)	(56.0, 1.8770989255092196)	(57.0, 1.5925931677505185)	(58.0, 1.3020788588421923)	(59.0, 1.0789257454296362)	(60.0, 0.9318040463064059)	(61.0, 0.8117983015117135)	(62.0, 0.6763528184047465)	(63.0, 0.5874916840102606)	(64.0, 0.5145971121835753)	(65.0, 0.41901122111561195)	(66.0, 0.3261214306494576)	(67.0, 0.25749310230379563)	(68.0, 0.2159015324835532)	(69.0, 0.17477480759465713)	(70.0, 0.12527398734995107)	(71.0, 0.07736741305497363)	(72.0, 0.04428422712626356)	(73.0, 0.029378199661090166)	(74.0, 0.026616676439313997)	(75.0, 0.023059751890567377)	(76.0, 0.01479928529575311)	(77.0, 0.011813947847773133)	(78.0, 0.00946906341631481)	(79.0, 0.007337663323697041)	(80.0, 0.00659391143354286)	(81.0, 0.004145728128452012)	(82.0, 0.0022553587409768)	(83.0, 0.0008470507637867067)	(84.0, 1.72164789387542e-05)	(85.0, 3.4432957877508403e-06)	(86.0, 6.8865915755016806e-06)	(87.0, 6.8865915755016806e-06)	(88.0, 3.4432957877508403e-06)	(89.0, 3.4432957877508403e-06)	(90.0, 6.8865915755016806e-06)	(91.0, 3.4432957877508403e-06)	(92.0, 0.0)	(93.0, 0.0)	(94.0, 0.0)	(95.0, 1.032988736325252e-05)	(96.0, 1.032988736325252e-05)	(97.0, 3.4432957877508403e-06)	(98.0, 6.8865915755016806e-06)	(99.0, 1.032988736325252e-05)	(100.0, 1.72164789387542e-05)
GC_24hpi_2_R1	(0.0, 0.00034711517002994526)	(1.0, 0.00032419247012230735)	(2.0, 0.0002652483846455242)	(3.0, 0.0002554243703993937)	(4.0, 0.0002554243703993937)	(5.0, 0.00026197371323014734)	(6.0, 0.0003372911557838147)	(7.0, 0.00041588326975285897)	(8.0, 0.0004944753837219032)	(9.0, 0.0005861661833524547)	(10.0, 0.000828491868090341)	(11.0, 0.001100289595566619)	(12.0, 0.001283671194827722)	(13.0, 0.0018403653354417849)	(14.0, 0.003372911557838147)	(15.0, 0.004859612380419234)	(16.0, 0.006058142118447157)	(17.0, 0.008304566709395672)	(18.0, 0.012178502993786474)	(19.0, 0.017234595659128316)	(20.0, 0.024049186874527527)	(21.0, 0.034957117359147784)	(22.0, 0.0504397638110495)	(23.0, 0.070474203530325)	(24.0, 0.10168509679028169)	(25.0, 0.14216985949858557)	(26.0, 0.19363459546264805)	(27.0, 0.26141046974670257)	(28.0, 0.34358179957275364)	(29.0, 0.4402173530405242)	(30.0, 0.5449904649755063)	(31.0, 0.6770317657863313)	(32.0, 0.8526294710930837)	(33.0, 1.0378416116753826)	(34.0, 1.2497161269216794)	(35.0, 1.5300050773780296)	(36.0, 1.8848189999055256)	(37.0, 2.315765758169118)	(38.0, 2.822907570925699)	(39.0, 3.3972947611970428)	(40.0, 4.003560877697081)	(41.0, 4.5948879432001695)	(42.0, 5.1339709009423355)	(43.0, 5.567000350226108)	(44.0, 5.853324520100998)	(45.0, 5.912897342489533)	(46.0, 5.748649648308477)	(47.0, 5.497312067835473)	(48.0, 5.203292420134448)	(49.0, 4.938951119470984)	(50.0, 4.549425679940493)	(51.0, 3.9177874093141147)	(52.0, 3.2664126940672613)	(53.0, 2.742606078477828)	(54.0, 2.370302135920804)	(55.0, 2.1451586520994)	(56.0, 1.9287880129997905)	(57.0, 1.5863032283511884)	(58.0, 1.2465888157199947)	(59.0, 1.008916439063359)	(60.0, 0.8540506784873572)	(61.0, 0.7353372903371159)	(62.0, 0.6243390280415025)	(63.0, 0.542485341342743)	(64.0, 0.46192187518164196)	(65.0, 0.3700869900088138)	(66.0, 0.28900285109266777)	(67.0, 0.2296494316889625)	(68.0, 0.18951505882210398)	(69.0, 0.1459160835977767)	(70.0, 0.09996589429720885)	(71.0, 0.060273602071426145)	(72.0, 0.034813031816871204)	(73.0, 0.02592229892412308)	(74.0, 0.023066785449914473)	(75.0, 0.01768650031445032)	(76.0, 0.011765894395448992)	(77.0, 0.009319714848162491)	(78.0, 0.007462976155643822)	(79.0, 0.005917331247585953)	(80.0, 0.004492849181897027)	(81.0, 0.0027016039176858946)	(82.0, 0.0014703274655042018)	(83.0, 0.00043553129824511997)	(84.0, 2.2922699907637894e-05)	(85.0, 9.824014246130527e-06)	(86.0, 6.549342830753684e-06)	(87.0, 0.0)	(88.0, 0.0)	(89.0, 0.0)	(90.0, 0.0)	(91.0, 0.0)	(92.0, 0.0)	(93.0, 0.0)	(94.0, 0.0)	(95.0, 0.0)	(96.0, 0.0)	(97.0, 0.0)	(98.0, 0.0)	(99.0, 0.0)	(100.0, 0.0)
GC_24hpi_2_R2	(0.0, 0.0010937383544699906)	(1.0, 0.0012378236466756183)	(2.0, 0.0011723303320366966)	(3.0, 0.0008448637588420887)	(4.0, 0.0006778558065128386)	(5.0, 0.0006483838149253239)	(6.0, 0.0006287358205336474)	(7.0, 0.000658207812121162)	(8.0, 0.0007498984526156524)	(9.0, 0.000736799789687868)	(10.0, 0.0009136317392129564)	(11.0, 0.0012378236466756183)	(12.0, 0.0016144102058494177)	(13.0, 0.002252970023578903)	(14.0, 0.003553012319161497)	(15.0, 0.004777737302909331)	(16.0, 0.005950067634946027)	(17.0, 0.008599272212090406)	(18.0, 0.012348764475168666)	(19.0, 0.016455195303029056)	(20.0, 0.023135513396199056)	(21.0, 0.03448223015739223)	(22.0, 0.05043640160343353)	(23.0, 0.06957027347519447)	(24.0, 0.10055516063086829)	(25.0, 0.1401884399846117)	(26.0, 0.18881395143827903)	(27.0, 0.2562949881764919)	(28.0, 0.3357121815076482)	(29.0, 0.4312538289029071)	(30.0, 0.5372416599830739)	(31.0, 0.6643478103685609)	(32.0, 0.8366050518661206)	(33.0, 1.018535655935849)	(34.0, 1.2229337415924595)	(35.0, 1.4901988599709708)	(36.0, 1.8289532059435967)	(37.0, 2.248012179660737)	(38.0, 2.741573073445382)	(39.0, 3.296881064271602)	(40.0, 3.8896184844139667)	(41.0, 4.471133625092951)	(42.0, 5.019558268550621)	(43.0, 5.448267682179806)	(44.0, 5.76357869617743)	(45.0, 5.88079535605244)	(46.0, 5.716662560235839)	(47.0, 5.480048313108343)	(48.0, 5.188350913703782)	(49.0, 4.931679338968116)	(50.0, 4.640810429993738)	(51.0, 4.071025141966583)	(52.0, 3.3645978769425158)	(53.0, 2.7945014956708265)	(54.0, 2.415249358591223)	(55.0, 2.1919302543354284)	(56.0, 2.0114601511821477)	(57.0, 1.6866493318961482)	(58.0, 1.3260726134858332)	(59.0, 1.0603269400069448)	(60.0, 0.8927819424976557)	(61.0, 0.7746909468722162)	(62.0, 0.6487211054957144)	(63.0, 0.5624336634589351)	(64.0, 0.4904663346679561)	(65.0, 0.4014707440708575)	(66.0, 0.3145840382051321)	(67.0, 0.24711610012984703)	(68.0, 0.2048368908646912)	(69.0, 0.16427688110880706)	(70.0, 0.12100544812687156)	(71.0, 0.07399762154478558)	(72.0, 0.04055018575868831)	(73.0, 0.027150253583564952)	(74.0, 0.026115459212269987)	(75.0, 0.02294885744947813)	(76.0, 0.013632433442091531)	(77.0, 0.010655762291752545)	(78.0, 0.008713885512708519)	(79.0, 0.006539507466696322)	(80.0, 0.005946792969214082)	(81.0, 0.003880478892356105)	(82.0, 0.002216948700527496)	(83.0, 0.0009332797336046328)	(84.0, 2.9471991587514724e-05)	(85.0, 9.82399719583824e-06)	(86.0, 0.0)	(87.0, 9.82399719583824e-06)	(88.0, 1.309866292778432e-05)	(89.0, 3.27466573194608e-06)	(90.0, 0.0)	(91.0, 3.27466573194608e-06)	(92.0, 3.27466573194608e-06)	(93.0, 0.0)	(94.0, 0.0)	(95.0, 6.54933146389216e-06)	(96.0, 9.82399719583824e-06)	(97.0, 9.82399719583824e-06)	(98.0, 6.54933146389216e-06)	(99.0, 6.54933146389216e-06)	(100.0, 2.9471991587514724e-05)
GC_24hpi_3_R1	(0.0, 0.0003609103422016523)	(1.0, 0.00036842930766418675)	(2.0, 0.00030075861850137694)	(3.0, 0.00021804999841349828)	(4.0, 0.0002857206875763081)	(5.0, 0.00030827758396391133)	(6.0, 0.0003233155148889802)	(7.0, 0.0003947456867830573)	(8.0, 0.00042858103136446217)	(9.0, 0.0006353525815841588)	(10.0, 0.0008797189591165276)	(11.0, 0.0010752120611424226)	(12.0, 0.0013534137832561964)	(13.0, 0.001845906021052201)	(14.0, 0.003609103422016523)	(15.0, 0.004954998239810186)	(16.0, 0.00567681892421349)	(17.0, 0.00834605166341321)	(18.0, 0.011981471464548605)	(19.0, 0.015985320573348186)	(20.0, 0.023147135176412224)	(21.0, 0.03485792388430959)	(22.0, 0.04995600653307871)	(23.0, 0.07052037707311036)	(24.0, 0.10276170097645798)	(25.0, 0.14188663776075586)	(26.0, 0.1933050830762975)	(27.0, 0.2611035946519704)	(28.0, 0.34159036044567015)	(29.0, 0.4371601709572139)	(30.0, 0.5368804504040767)	(31.0, 0.6642329279257535)	(32.0, 0.8369924378756758)	(33.0, 1.0252786115057315)	(34.0, 1.246426423689794)	(35.0, 1.525530421659072)	(36.0, 1.8875272543700603)	(37.0, 2.3327853511304237)	(38.0, 2.850890944774552)	(39.0, 3.429926475044328)	(40.0, 4.03247756979818)	(41.0, 4.611137151794829)	(42.0, 5.142878389305264)	(43.0, 5.5823168067976265)	(44.0, 5.8556800746362585)	(45.0, 5.895417807105753)	(46.0, 5.732838976392102)	(47.0, 5.482686754936314)	(48.0, 5.170597055482897)	(49.0, 4.864533806847702)	(50.0, 4.465897055437783)	(51.0, 3.8726845157883987)	(52.0, 3.242373400546869)	(53.0, 2.735595128372049)	(54.0, 2.394425829992281)	(55.0, 2.1810902229237916)	(56.0, 1.9500474521910343)	(57.0, 1.593896615127166)	(58.0, 1.2481520262634456)	(59.0, 1.0130640521118444)	(60.0, 0.8639028152660865)	(61.0, 0.7468212445662317)	(62.0, 0.6380180548406272)	(63.0, 0.5594185493780237)	(64.0, 0.4815446240825546)	(65.0, 0.39064409112324466)	(66.0, 0.29888263661847464)	(67.0, 0.22938483884826893)	(68.0, 0.19022982620212092)	(69.0, 0.14907476874293873)	(70.0, 0.10314516821504723)	(71.0, 0.06214800903057828)	(72.0, 0.03623389456395339)	(73.0, 0.028290107552785767)	(74.0, 0.026030658431294176)	(75.0, 0.020876407606726828)	(76.0, 0.014936424891324632)	(77.0, 0.011921319740848329)	(78.0, 0.009515250792837314)	(79.0, 0.007620471496278638)	(80.0, 0.005894868922626988)	(81.0, 0.0033421801480965517)	(82.0, 0.0016729698154139092)	(83.0, 0.0005225680996461424)	(84.0, 3.0075861850137693e-05)	(85.0, 0.0)	(86.0, 0.0)	(87.0, 0.0)	(88.0, 0.0)	(89.0, 7.518965462534423e-06)	(90.0, 7.518965462534423e-06)	(91.0, 0.0)	(92.0, 0.0)	(93.0, 0.0)	(94.0, 0.0)	(95.0, 0.0)	(96.0, 0.0)	(97.0, 0.0)	(98.0, 0.0)	(99.0, 0.0)	(100.0, 0.0)
GC_24hpi_3_R2	(0.0, 0.0011128268026440763)	(1.0, 0.0011504223027334036)	(2.0, 0.0010789908525636821)	(3.0, 0.0009173302021795765)	(4.0, 0.0007970246018937305)	(5.0, 0.0006842381016257498)	(6.0, 0.0006316044015006921)	(7.0, 0.0006353639515096248)	(8.0, 0.0006729594515989516)	(9.0, 0.0007556695517954708)	(10.0, 0.0009361279522242399)	(11.0, 0.0011504223027334036)	(12.0, 0.0014098312533497592)	(13.0, 0.0019812828547075283)	(14.0, 0.003507660158334201)	(15.0, 0.004861098161549969)	(16.0, 0.005917531714060055)	(17.0, 0.00852289987025041)	(18.0, 0.012218537529031244)	(19.0, 0.016346523438839338)	(20.0, 0.022891900004391154)	(21.0, 0.034170550031189226)	(22.0, 0.04826510301467789)	(23.0, 0.06737865526009168)	(24.0, 0.09897015398515309)	(25.0, 0.13902064023031305)	(26.0, 0.18755267129562514)	(27.0, 0.25204775169886545)	(28.0, 0.32947944368284315)	(29.0, 0.42440432185838467)	(30.0, 0.5223481186910991)	(31.0, 0.6426913144770345)	(32.0, 0.8153599272872952)	(33.0, 0.9957130603158143)	(34.0, 1.2026800478575679)	(35.0, 1.4752887785552862)	(36.0, 1.8203440379251374)	(37.0, 2.2450040091841297)	(38.0, 2.7515056245875775)	(39.0, 3.314434326075096)	(40.0, 3.899732350115764)	(41.0, 4.478706811041407)	(42.0, 5.011611746157589)	(43.0, 5.435568681564911)	(44.0, 5.76724746200298)	(45.0, 5.88940652044323)	(46.0, 5.7231216235481375)	(47.0, 5.488499386140674)	(48.0, 5.1935777261399405)	(49.0, 4.896731176534633)	(50.0, 4.564022279394117)	(51.0, 4.010710506829448)	(52.0, 3.3557442615732485)	(53.0, 2.8117524134807237)	(54.0, 2.439733661446807)	(55.0, 2.226834103990958)	(56.0, 2.0418116098513446)	(57.0, 1.7020347586940345)	(58.0, 1.3291550697080723)	(59.0, 1.060347244069385)	(60.0, 0.9043935905988392)	(61.0, 0.7905882522784377)	(62.0, 0.6621921003733685)	(63.0, 0.5802376697286447)	(64.0, 0.5132913627195802)	(65.0, 0.42423514210798274)	(66.0, 0.3289756639816462)	(67.0, 0.25118681474681986)	(68.0, 0.20468494068633142)	(69.0, 0.1654878722931992)	(70.0, 0.12305007179236697)	(71.0, 0.07654443818186958)	(72.0, 0.042825034151752275)	(73.0, 0.029343287819719656)	(74.0, 0.029023726068960375)	(75.0, 0.02630557141250204)	(76.0, 0.017008204240411495)	(77.0, 0.013677242932497129)	(78.0, 0.010635766975270583)	(79.0, 0.008297326869714449)	(80.0, 0.008098070719241016)	(81.0, 0.0049926824118626135)	(82.0, 0.002590329956154624)	(83.0, 0.0010301167024475573)	(84.0, 2.6316850062528835e-05)	(85.0, 0.0)	(86.0, 0.0)	(87.0, 0.0)	(88.0, 0.0)	(89.0, 0.0)	(90.0, 0.0)	(91.0, 3.759550008932691e-06)	(92.0, 3.759550008932691e-06)	(93.0, 0.0)	(94.0, 1.5038200035730765e-05)	(95.0, 1.5038200035730765e-05)	(96.0, 0.0)	(97.0, 0.0)	(98.0, 7.519100017865382e-06)	(99.0, 1.8797750044663456e-05)	(100.0, 2.6316850062528835e-05)
GC_48hpi_1_R1	(0.0, 0.00027602125179624666)	(1.0, 0.0002300177098302055)	(2.0, 0.00020854939024605301)	(3.0, 0.00023921841822341374)	(4.0, 0.0002453522238188859)	(5.0, 0.00023921841822341374)	(6.0, 0.0002790881545939827)	(7.0, 0.00030669027977360736)	(8.0, 0.00039256355811021745)	(9.0, 0.0005857784343675901)	(10.0, 0.0006593841015132559)	(11.0, 0.0008924687141411975)	(12.0, 0.0013525041338016085)	(13.0, 0.0019658846933488234)	(14.0, 0.0033490578551277923)	(15.0, 0.004569685168626749)	(16.0, 0.005732041328968721)	(17.0, 0.008351176318235329)	(18.0, 0.012678576165840928)	(19.0, 0.01781870525484659)	(20.0, 0.024486151937124813)	(21.0, 0.034935089769011614)	(22.0, 0.04895083555466548)	(23.0, 0.06860354868255823)	(24.0, 0.09855798830804645)	(25.0, 0.13619195253906582)	(26.0, 0.1821924276023092)	(27.0, 0.24176701444833243)	(28.0, 0.310680320313462)	(29.0, 0.38853364783399225)	(30.0, 0.477943065096392)	(31.0, 0.588057143146308)	(32.0, 0.7300148729451176)	(33.0, 0.8909199282283408)	(34.0, 1.0919891425507156)	(35.0, 1.3698168000948288)	(36.0, 1.6940742990938684)	(37.0, 2.0717327096070886)	(38.0, 2.532292569645912)	(39.0, 3.0526202314070168)	(40.0, 3.609456304072371)	(41.0, 4.15595078050376)	(42.0, 4.6921005937983855)	(43.0, 5.144714108688275)	(44.0, 5.471314721424785)	(45.0, 5.614677092704958)	(46.0, 5.600587741252158)	(47.0, 5.464156570294869)	(48.0, 5.19424765577451)	(49.0, 4.979184163986066)	(50.0, 4.66306315810942)	(51.0, 4.133525587246714)	(52.0, 3.579738015962309)	(53.0, 3.1053034876665273)	(54.0, 2.722495747355908)	(55.0, 2.415268759592697)	(56.0, 2.1196469320161193)	(57.0, 1.773246394817425)	(58.0, 1.4520435310049307)	(59.0, 1.2198483201883323)	(60.0, 1.069208188569132)	(61.0, 0.9458726925581757)	(62.0, 0.8228592213409818)	(63.0, 0.7262824522402728)	(64.0, 0.625648170738159)	(65.0, 0.505808943916622)	(66.0, 0.39291931883475484)	(67.0, 0.313213582024392)	(68.0, 0.26640037771974856)	(69.0, 0.2198631946669014)	(70.0, 0.17579486836623173)	(71.0, 0.12826094190412032)	(72.0, 0.0860204896709014)	(73.0, 0.07983761363066547)	(74.0, 0.08663693713324634)	(75.0, 0.07910462386200655)	(76.0, 0.06488646249170212)	(77.0, 0.054382320409456064)	(78.0, 0.046199823745096215)	(79.0, 0.041630138576469466)	(80.0, 0.03289866631131486)	(81.0, 0.018714240871785522)	(82.0, 0.009476729645004468)	(83.0, 0.0026958075592100087)	(84.0, 6.747186155019362e-05)	(85.0, 9.20070839320822e-06)	(86.0, 0.0)	(87.0, 0.0)	(88.0, 0.0)	(89.0, 0.0)	(90.0, 0.0)	(91.0, 0.0)	(92.0, 0.0)	(93.0, 0.0)	(94.0, 0.0)	(95.0, 3.066902797736074e-06)	(96.0, 3.066902797736074e-06)	(97.0, 0.0)	(98.0, 0.0)	(99.0, 0.0)	(100.0, 0.0)
GC_48hpi_1_R2	(0.0, 0.0008709986315200726)	(1.0, 0.000910868287188245)	(2.0, 0.0008372627690316191)	(3.0, 0.0006471151804603357)	(4.0, 0.0006072455247921634)	(5.0, 0.0005704427657138504)	(6.0, 0.00046923517824848984)	(7.0, 0.0004508337987093334)	(8.0, 0.0005183055236862405)	(9.0, 0.0005980448350225851)	(10.0, 0.0007544565611054151)	(11.0, 0.0009722062189854332)	(12.0, 0.0013218324302294061)	(13.0, 0.0019597469209201635)	(14.0, 0.0033551848693061954)	(15.0, 0.004762890404051665)	(16.0, 0.006054053868382476)	(17.0, 0.008458500794832255)	(18.0, 0.012359593257133426)	(19.0, 0.017515046424687094)	(20.0, 0.024056736850857217)	(21.0, 0.0347571390528767)	(22.0, 0.049177686818395655)	(23.0, 0.06680007462372782)	(24.0, 0.0957791805013094)	(25.0, 0.13348667407363085)	(26.0, 0.17737089737792916)	(27.0, 0.23469732843558128)	(28.0, 0.3033712768757132)	(29.0, 0.38397238615380835)	(30.0, 0.46941612514729153)	(31.0, 0.5763557423390994)	(32.0, 0.7195276758435062)	(33.0, 0.8744182212177659)	(34.0, 1.0607904600869325)	(35.0, 1.3253102909623065)	(36.0, 1.6495088625797552)	(37.0, 2.0157821885134846)	(38.0, 2.462150585787983)	(39.0, 2.979732321879016)	(40.0, 3.520374053429203)	(41.0, 4.056706795270637)	(42.0, 4.593103941940458)	(43.0, 5.036555720558)	(44.0, 5.395542100194223)	(45.0, 5.585901304630207)	(46.0, 5.562191127094004)	(47.0, 5.44622563323824)	(48.0, 5.180610920280286)	(49.0, 4.953320147109215)	(50.0, 4.694707159065911)	(51.0, 4.230096860874929)	(52.0, 3.6694650973520386)	(53.0, 3.142329978383593)	(54.0, 2.7571952384222276)	(55.0, 2.4664289065308367)	(56.0, 2.1893716023961174)	(57.0, 1.8520068437184023)	(58.0, 1.509505033252673)	(59.0, 1.2556580025100095)	(60.0, 1.103184171648559)	(61.0, 0.9875713709006289)	(62.0, 0.84291505944673)	(63.0, 0.7407628678316928)	(64.0, 0.6617105413314766)	(65.0, 0.5505202054661237)	(66.0, 0.428788946021424)	(67.0, 0.33466588967863864)	(68.0, 0.2813754945332415)	(69.0, 0.2336944532506972)	(70.0, 0.19547478794786927)	(71.0, 0.15105385774034558)	(72.0, 0.10292198265909197)	(73.0, 0.07692390026685374)	(74.0, 0.09226451700933051)	(75.0, 0.09770825845633097)	(76.0, 0.07193099261856262)	(77.0, 0.06218132835939955)	(78.0, 0.050413646144108995)	(79.0, 0.04507724607775362)	(80.0, 0.04471841917674007)	(81.0, 0.026939619645325062)	(82.0, 0.013963580173629897)	(83.0, 0.005204523512991419)	(84.0, 0.00010427448405521996)	(85.0, 6.133793179718821e-06)	(86.0, 6.133793179718821e-06)	(87.0, 6.133793179718821e-06)	(88.0, 3.0668965898594107e-06)	(89.0, 3.0668965898594107e-06)	(90.0, 6.133793179718821e-06)	(91.0, 3.0668965898594107e-06)	(92.0, 3.0668965898594107e-06)	(93.0, 9.200689769578232e-06)	(94.0, 1.2267586359437643e-05)	(95.0, 1.2267586359437643e-05)	(96.0, 6.133793179718821e-06)	(97.0, 9.200689769578232e-06)	(98.0, 1.2267586359437643e-05)	(99.0, 1.8401379539156463e-05)	(100.0, 6.133793179718822e-05)
GC_48hpi_2_R1	(0.0, 0.00025833997849918273)	(1.0, 0.00022368461552978018)	(2.0, 0.00015752437713364802)	(3.0, 0.00014177193942028322)	(4.0, 0.0001732768148470128)	(5.0, 0.00019533022764572355)	(6.0, 0.00023628656570047197)	(7.0, 0.0003024468040966042)	(8.0, 0.0003906604552914471)	(9.0, 0.00048517508157163586)	(10.0, 0.0005576362950531139)	(11.0, 0.0007781704230402211)	(12.0, 0.0010743162520514794)	(13.0, 0.0015468893834524233)	(14.0, 0.002866943663832394)	(15.0, 0.004294114520663244)	(16.0, 0.005655125139097963)	(17.0, 0.008058947134157432)	(18.0, 0.012157731427174953)	(19.0, 0.017727793402620748)	(20.0, 0.025011720601280627)	(21.0, 0.03581159189756354)	(22.0, 0.04926417370477707)	(23.0, 0.06717784587241553)	(24.0, 0.09574016593428858)	(25.0, 0.13245279726905657)	(26.0, 0.17676440455675177)	(27.0, 0.23502322019586017)	(28.0, 0.3065739427775057)	(29.0, 0.3898854353559495)	(30.0, 0.47988226249994526)	(31.0, 0.5921939929086936)	(32.0, 0.7349677873675468)	(33.0, 0.893645242941813)	(34.0, 1.1007614444846763)	(35.0, 1.3927706833524047)	(36.0, 1.7185878040405569)	(37.0, 2.085647957149841)	(38.0, 2.547285746290167)	(39.0, 3.0723018933264448)	(40.0, 3.622893698234142)	(41.0, 4.172184351786715)	(42.0, 4.704846732089061)	(43.0, 5.1711314903548296)	(44.0, 5.518475892422066)	(45.0, 5.636842859887832)	(46.0, 5.59798159604896)	(47.0, 5.436134750006766)	(48.0, 5.12750983983898)	(49.0, 4.891547774355403)	(50.0, 4.586401002434728)	(51.0, 4.093166973728935)	(52.0, 3.563308527339568)	(53.0, 3.092146814357742)	(54.0, 2.727701565908877)	(55.0, 2.414262710775887)	(56.0, 2.097591455424114)	(57.0, 1.750918107203467)	(58.0, 1.4352739107906056)	(59.0, 1.2122729510575856)	(60.0, 1.0577131827015929)	(61.0, 0.9245830306108616)	(62.0, 0.8079425303184806)	(63.0, 0.7263858593013057)	(64.0, 0.6267957975898708)	(65.0, 0.5011323009752744)	(66.0, 0.39125589743701217)	(67.0, 0.3159812985799272)	(68.0, 0.27015115629666364)	(69.0, 0.22884196363713577)	(70.0, 0.18797383923358216)	(71.0, 0.13664294570081162)	(72.0, 0.09499665087421776)	(73.0, 0.10045959627321267)	(74.0, 0.11753838924204278)	(75.0, 0.11056005933502218)	(76.0, 0.09075609464177996)	(77.0, 0.07430424869394175)	(78.0, 0.06254662918468627)	(79.0, 0.05375991942817139)	(80.0, 0.04046171151054882)	(81.0, 0.022932398823116477)	(82.0, 0.011470925142872247)	(83.0, 0.0030370699911367333)	(84.0, 8.506316365216992e-05)	(85.0, 2.520390034138368e-05)	(86.0, 1.890292525603776e-05)	(87.0, 1.260195017069184e-05)	(88.0, 6.30097508534592e-06)	(89.0, 3.15048754267296e-06)	(90.0, 0.0)	(91.0, 0.0)	(92.0, 0.0)	(93.0, 0.0)	(94.0, 0.0)	(95.0, 0.0)	(96.0, 0.0)	(97.0, 0.0)	(98.0, 0.0)	(99.0, 0.0)	(100.0, 0.0)
GC_48hpi_2_R2	(0.0, 0.0008380422274985978)	(1.0, 0.000822289554049376)	(2.0, 0.0006962681664556019)	(3.0, 0.0005355908972735399)	(4.0, 0.0004442253912680536)	(5.0, 0.00040011790561023276)	(6.0, 0.00047258020347665285)	(7.0, 0.0004631285994071198)	(8.0, 0.0004253221831289875)	(9.0, 0.0005481930360329173)	(10.0, 0.0006679133542470027)	(11.0, 0.0009042034559853292)	(12.0, 0.0013988374022908924)	(13.0, 0.0018745681404573897)	(14.0, 0.0030024595594216677)	(15.0, 0.00420596381094221)	(16.0, 0.0056079517479229474)	(17.0, 0.008112626826349206)	(18.0, 0.012198870319077333)	(19.0, 0.017532725548983823)	(20.0, 0.02383064439398268)	(21.0, 0.03439123667434095)	(22.0, 0.048836438227277304)	(23.0, 0.06588713196871494)	(24.0, 0.0925721607916966)	(25.0, 0.12784239664450414)	(26.0, 0.17081884034867093)	(27.0, 0.22800104496934595)	(28.0, 0.2981540009081101)	(29.0, 0.37983161274232496)	(30.0, 0.46700060654093845)	(31.0, 0.5753758493368943)	(32.0, 0.7171530609145801)	(33.0, 0.8706817668853851)	(34.0, 1.0617711474285145)	(35.0, 1.3406218222919484)	(36.0, 1.6617117157421253)	(37.0, 2.0151544499223144)	(38.0, 2.463484987891235)	(39.0, 2.9881907878113627)	(40.0, 3.5196450330371367)	(41.0, 4.059170948138292)	(42.0, 4.608910896703923)	(43.0, 5.049922742588335)	(44.0, 5.436603617746382)	(45.0, 5.607107404626069)	(46.0, 5.5460752466144045)	(47.0, 5.437028939929512)	(48.0, 5.14538709422531)	(49.0, 4.882345802435514)	(50.0, 4.602386139361256)	(51.0, 4.179552878637245)	(52.0, 3.674468608765468)	(53.0, 3.149611583180228)	(54.0, 2.777505081497401)	(55.0, 2.48261503452797)	(56.0, 2.1809733917182017)	(57.0, 1.8368215843383644)	(58.0, 1.4925185512934143)	(59.0, 1.2416572266145576)	(60.0, 1.094275213823639)	(61.0, 0.976142765093235)	(62.0, 0.8296429020154726)	(63.0, 0.7427448542001858)	(64.0, 0.6689278264171326)	(65.0, 0.5464633924881928)	(66.0, 0.42397690481642397)	(67.0, 0.3365401155691737)	(68.0, 0.28670810837990557)	(69.0, 0.2442452018301834)	(70.0, 0.2113221143213099)	(71.0, 0.16205405284152394)	(72.0, 0.11006707992440229)	(73.0, 0.08893959429430606)	(74.0, 0.11911541555363528)	(75.0, 0.13340939144145908)	(76.0, 0.10007988495759569)	(77.0, 0.0849352647035139)	(78.0, 0.06948189204982734)	(79.0, 0.05951990136053951)	(80.0, 0.053883594800407955)	(81.0, 0.03171328218797325)	(82.0, 0.01696877983950168)	(83.0, 0.005765478482415164)	(84.0, 0.00011026871414455233)	(85.0, 3.150534689844352e-05)	(86.0, 2.2053742828910464e-05)	(87.0, 1.575267344922176e-05)	(88.0, 9.451604069533055e-06)	(89.0, 6.301069379688704e-06)	(90.0, 6.301069379688704e-06)	(91.0, 0.0)	(92.0, 3.150534689844352e-06)	(93.0, 9.451604069533055e-06)	(94.0, 1.2602138759377409e-05)	(95.0, 1.2602138759377409e-05)	(96.0, 1.2602138759377409e-05)	(97.0, 1.2602138759377409e-05)	(98.0, 1.2602138759377409e-05)	(99.0, 6.301069379688704e-06)	(100.0, 2.2053742828910464e-05)
GC_48hpi_3_R1	(0.0, 0.00041542284269551264)	(1.0, 0.0002951688619152327)	(2.0, 0.00015669458101672844)	(3.0, 0.0001530505209930836)	(4.0, 0.00017491488113495268)	(5.0, 0.00018220300118224238)	(6.0, 0.00025144014163149453)	(7.0, 0.00033889758219897084)	(8.0, 0.00037898224245906415)	(9.0, 0.0005028802832629891)	(10.0, 0.0006705070443506519)	(11.0, 0.0008782184656984084)	(12.0, 0.001129658607329903)	(13.0, 0.0016726235508529852)	(14.0, 0.0031448238004055037)	(15.0, 0.004296346767877276)	(16.0, 0.0053640563548052154)	(17.0, 0.007678034469819694)	(18.0, 0.011522517794765008)	(19.0, 0.016562252807465833)	(20.0, 0.02322723859071226)	(21.0, 0.034673231124980726)	(22.0, 0.04890328551731386)	(23.0, 0.06767748275913212)	(24.0, 0.09748953781257061)	(25.0, 0.13672148802713105)	(26.0, 0.18417443765503425)	(27.0, 0.24531083267172385)	(28.0, 0.32090685786223627)	(29.0, 0.4018195666272465)	(30.0, 0.4931870836000937)	(31.0, 0.6180872409105208)	(32.0, 0.7716078456466546)	(33.0, 0.9468543362437589)	(34.0, 1.1541831312890327)	(35.0, 1.4472275062104805)	(36.0, 1.7916713477654385)	(37.0, 2.179049504518981)	(38.0, 2.6470852858358778)	(39.0, 3.1833743113956423)	(40.0, 3.7378654167735137)	(41.0, 4.26960665542377)	(42.0, 4.78357581333871)	(43.0, 5.227316646477967)	(44.0, 5.570109728842214)	(45.0, 5.7008039415902365)	(46.0, 5.60206813524958)	(47.0, 5.40963990164099)	(48.0, 5.181904370463305)	(49.0, 4.968734147200128)	(50.0, 4.6079175439589335)	(51.0, 4.016297111000145)	(52.0, 3.45738211675357)	(53.0, 3.0209622002018155)	(54.0, 2.6597556825380906)	(55.0, 2.3732851918992983)	(56.0, 2.060537384430003)	(57.0, 1.673505413378707)	(58.0, 1.3701046198700608)	(59.0, 1.165476073302308)	(60.0, 1.0027870135466839)	(61.0, 0.8746983037155674)	(62.0, 0.7694578502327043)	(63.0, 0.663601550605845)	(64.0, 0.5582955040425562)	(65.0, 0.45133869828855633)	(66.0, 0.3512145050788904)	(67.0, 0.28812853794955084)	(68.0, 0.23520949828618035)	(69.0, 0.20660727116059197)	(70.0, 0.15314891061372202)	(71.0, 0.10838163322324505)	(72.0, 0.09262471768100475)	(73.0, 0.08488473419078309)	(74.0, 0.09114887337142859)	(75.0, 0.08510337779220178)	(76.0, 0.07326018271535602)	(77.0, 0.05568123716129328)	(78.0, 0.048757523116368065)	(79.0, 0.04610100335913097)	(80.0, 0.03064654479885317)	(81.0, 0.015975559143659012)	(82.0, 0.006595748642797175)	(83.0, 0.00036440600236448475)	(84.0, 6.559308042560726e-05)	(85.0, 2.9152480189158782e-05)	(86.0, 1.0932180070934543e-05)	(87.0, 3.6440600236448478e-06)	(88.0, 0.0)	(89.0, 0.0)	(90.0, 0.0)	(91.0, 7.2881200472896956e-06)	(92.0, 1.0932180070934543e-05)	(93.0, 7.2881200472896956e-06)	(94.0, 3.6440600236448478e-06)	(95.0, 0.0)	(96.0, 0.0)	(97.0, 0.0)	(98.0, 0.0)	(99.0, 0.0)	(100.0, 0.0)
GC_48hpi_3_R2	(0.0, 0.0010567981254296203)	(1.0, 0.0009146769982166713)	(2.0, 0.0006778084528617565)	(3.0, 0.0005429755885828049)	(4.0, 0.0004555164333748363)	(5.0, 0.0004300075131058455)	(6.0, 0.0004154309872378507)	(7.0, 0.0004518723019078376)	(8.0, 0.0005721286403187944)	(9.0, 0.0006741643213947578)	(10.0, 0.00069602911019675)	(11.0, 0.0007725558710037225)	(12.0, 0.0011406131491705903)	(13.0, 0.0018329981279003413)	(14.0, 0.0031849709021568554)	(15.0, 0.00425998968492147)	(16.0, 0.005269414101280107)	(17.0, 0.007656320212164249)	(18.0, 0.011318672336497934)	(19.0, 0.015906633853449287)	(20.0, 0.022721159696736836)	(21.0, 0.03356973907399194)	(22.0, 0.047257096864039026)	(23.0, 0.064063831189837)	(24.0, 0.0924151740030868)	(25.0, 0.12952700886300147)	(26.0, 0.17403278646945647)	(27.0, 0.23136955097121387)	(28.0, 0.3005242338204481)	(29.0, 0.3828123664767455)	(30.0, 0.4707999207474289)	(31.0, 0.5836440957545103)	(32.0, 0.7316322746293271)	(33.0, 0.8889202770079245)	(34.0, 1.0818661057911043)	(35.0, 1.3579017761533212)	(36.0, 1.6760380973537738)	(37.0, 2.0362641369980614)	(38.0, 2.488351442662452)	(39.0, 3.0070826245953146)	(40.0, 3.5394173492944834)	(41.0, 4.062955140632318)	(42.0, 4.585173756379097)	(43.0, 5.015935604698612)	(44.0, 5.3866567429678565)	(45.0, 5.591267436576898)	(46.0, 5.5830025464097455)	(47.0, 5.471495767651052)	(48.0, 5.179298374232697)	(49.0, 4.949277151904272)	(50.0, 4.70219410604736)	(51.0, 4.231182825674845)	(52.0, 3.6731423976074673)	(53.0, 3.1435699245602833)	(54.0, 2.7421979965221137)	(55.0, 2.4617237740330924)	(56.0, 2.2060369337825967)	(57.0, 1.8614442181317332)	(58.0, 1.494520264851102)	(59.0, 1.2256671776103396)	(60.0, 1.0665971949443798)	(61.0, 0.946370009585159)	(62.0, 0.8117667255886283)	(63.0, 0.7149239318531382)	(64.0, 0.6304966940257125)	(65.0, 0.5266462354791838)	(66.0, 0.4117759233764511)	(67.0, 0.3246010104229084)	(68.0, 0.2758716844462019)	(69.0, 0.22790398194609812)	(70.0, 0.19587571048264663)	(71.0, 0.15528373007174823)	(72.0, 0.10696983508227957)	(73.0, 0.07981741152167232)	(74.0, 0.09703957683470814)	(75.0, 0.10458657310286243)	(76.0, 0.07986478523074331)	(77.0, 0.07067792980243962)	(78.0, 0.05692133351451955)	(79.0, 0.05027808185018094)	(80.0, 0.04950552597917722)	(81.0, 0.029845436714719276)	(82.0, 0.015319928687262497)	(83.0, 0.005608318327710985)	(84.0, 0.00013118873281195288)	(85.0, 2.915305173598953e-05)	(86.0, 1.4576525867994765e-05)	(87.0, 3.644131466998691e-06)	(88.0, 3.644131466998691e-06)	(89.0, 0.0)	(90.0, 0.0)	(91.0, 0.0)	(92.0, 7.288262933997382e-06)	(93.0, 1.0932394400996072e-05)	(94.0, 7.288262933997382e-06)	(95.0, 7.288262933997382e-06)	(96.0, 7.288262933997382e-06)	(97.0, 7.288262933997382e-06)	(98.0, 7.288262933997382e-06)	(99.0, 1.0932394400996072e-05)	(100.0, 2.1864788801992145e-05)
GC_6hpi_1_R1	(0.0, 0.00040892720212227374)	(1.0, 0.0003943226591893354)	(2.0, 0.00030304426585847074)	(3.0, 0.00023367268692701357)	(4.0, 0.00030304426585847074)	(5.0, 0.0003176488087914091)	(6.0, 0.0003249510802578783)	(7.0, 0.000416229473588743)	(8.0, 0.00045639196665432343)	(9.0, 0.0005695771743845956)	(10.0, 0.0007776919111789671)	(11.0, 0.0010843873127706725)	(12.0, 0.0013545713570300318)	(13.0, 0.0017890565092849478)	(14.0, 0.0032750687527114243)	(15.0, 0.004545663987877061)	(16.0, 0.005509563821450992)	(17.0, 0.008255217892843402)	(18.0, 0.011679983210617445)	(19.0, 0.015429699608649365)	(20.0, 0.021570909911949942)	(21.0, 0.03151660364928095)	(22.0, 0.0457195216515635)	(23.0, 0.06496830923717624)	(24.0, 0.0953019449088892)	(25.0, 0.1324595532660176)	(26.0, 0.17676973652455255)	(27.0, 0.24037617213323229)	(28.0, 0.31653521239277255)	(29.0, 0.40560831974076356)	(30.0, 0.5074713555622753)	(31.0, 0.6325154521540934)	(32.0, 0.7950713172691637)	(33.0, 0.9712021050404002)	(34.0, 1.1807261802278002)	(35.0, 1.4614729601634073)	(36.0, 1.8204343697763656)	(37.0, 2.256964158041893)	(38.0, 2.7741110232972397)	(39.0, 3.3675301140198575)	(40.0, 3.98787633077508)	(41.0, 4.58970763822707)	(42.0, 5.176357523300271)	(43.0, 5.653703357927627)	(44.0, 5.944757294038156)	(45.0, 6.012887486820313)	(46.0, 5.862464345746781)	(47.0, 5.609283640597095)	(48.0, 5.27309436455232)	(49.0, 4.892656974556477)	(50.0, 4.435074737653118)	(51.0, 3.8422252241048858)	(52.0, 3.247878744906027)	(53.0, 2.773680189280718)	(54.0, 2.423171158890198)	(55.0, 2.1879503904122926)	(56.0, 1.9468366888609472)	(57.0, 1.5922858512137361)	(58.0, 1.261701068519477)	(59.0, 1.0379485173796617)	(60.0, 0.8906397950865791)	(61.0, 0.7671218732312529)	(62.0, 0.6410445052269294)	(63.0, 0.5545016349420699)	(64.0, 0.4754180349602088)	(65.0, 0.37561789082797464)	(66.0, 0.2865922482445157)	(67.0, 0.22624992798134766)	(68.0, 0.19215562250440307)	(69.0, 0.15022232860820384)	(70.0, 0.09981839981090038)	(71.0, 0.06079506109408911)	(72.0, 0.036631844811542615)	(73.0, 0.030249659549848557)	(74.0, 0.029070342708013782)	(75.0, 0.023261385756437554)	(76.0, 0.01581671999637223)	(77.0, 0.011599658224486283)	(78.0, 0.008850353017360639)	(79.0, 0.0069444601646121845)	(80.0, 0.005294146813190152)	(81.0, 0.002866141550589151)	(82.0, 0.0013764781714294394)	(83.0, 0.00043448515225491584)	(84.0, 2.9209085865876696e-05)	(85.0, 7.302271466469174e-06)	(86.0, 0.0)	(87.0, 0.0)	(88.0, 0.0)	(89.0, 0.0)	(90.0, 0.0)	(91.0, 0.0)	(92.0, 0.0)	(93.0, 0.0)	(94.0, 0.0)	(95.0, 3.651135733234587e-06)	(96.0, 1.4604542932938348e-05)	(97.0, 1.8255678666172936e-05)	(98.0, 2.9209085865876696e-05)	(99.0, 2.555795013264211e-05)	(100.0, 3.651135733234587e-06)
GC_6hpi_1_R2	(0.0, 0.0017379230322813726)	(1.0, 0.0016612499573277826)	(2.0, 0.0014604395229255232)	(3.0, 0.0011573983219184771)	(4.0, 0.0008981703065991968)	(5.0, 0.0007667307495358997)	(6.0, 0.0007594285519212722)	(7.0, 0.0007703818483432135)	(8.0, 0.0008032417376090379)	(9.0, 0.0008835659113699416)	(10.0, 0.0010040521720112972)	(11.0, 0.00117930491476236)	(12.0, 0.0014677417205401508)	(13.0, 0.002150497197507833)	(14.0, 0.0032239202468580925)	(15.0, 0.004133043849879231)	(16.0, 0.005399975136017122)	(17.0, 0.007722073977468704)	(18.0, 0.010902181038639032)	(19.0, 0.014637255118521056)	(20.0, 0.020763798917193627)	(21.0, 0.03050858163391418)	(22.0, 0.04517139444408644)	(23.0, 0.06355467693891145)	(24.0, 0.09109491524247951)	(25.0, 0.12978926040239125)	(26.0, 0.17418297080051984)	(27.0, 0.2341084555249614)	(28.0, 0.3081381349420561)	(29.0, 0.39587038818299963)	(30.0, 0.4961514680246807)	(31.0, 0.616655984160073)	(32.0, 0.7762710707194107)	(33.0, 0.9505781788793792)	(34.0, 1.1464340722001138)	(35.0, 1.410266123115417)	(36.0, 1.754995570304372)	(37.0, 2.1835213862199865)	(38.0, 2.6840176618253704)	(39.0, 3.2577111663197824)	(40.0, 3.8724868345940884)	(41.0, 4.473742483984911)	(42.0, 5.070759207660443)	(43.0, 5.542116063684656)	(44.0, 5.8577535555769344)	(45.0, 5.98186900843276)	(46.0, 5.856961267135747)	(47.0, 5.617858108442381)	(48.0, 5.273694581568559)	(49.0, 4.916065802293365)	(50.0, 4.523901279399788)	(51.0, 3.963410148192624)	(52.0, 3.3410584498931417)	(53.0, 2.8295687157789353)	(54.0, 2.4610048955758357)	(55.0, 2.2264327505023456)	(56.0, 2.0277545578035574)	(57.0, 1.689852665384279)	(58.0, 1.3353528777869523)	(59.0, 1.0837556589749577)	(60.0, 0.9271162179435806)	(61.0, 0.8134246521826359)	(62.0, 0.6719299690039967)	(63.0, 0.5752123615982538)	(64.0, 0.5061883386459863)	(65.0, 0.40737134942603814)	(66.0, 0.31274217053807885)	(67.0, 0.24493396348864682)	(68.0, 0.20701365127588559)	(69.0, 0.16585846551984434)	(70.0, 0.11788667829054825)	(71.0, 0.07411365468966298)	(72.0, 0.04207891375429164)	(73.0, 0.029427856386949294)	(74.0, 0.03159295797968638)	(75.0, 0.03041365306492402)	(76.0, 0.018375980297210395)	(77.0, 0.01350906558706109)	(78.0, 0.01038372500800047)	(79.0, 0.007857164633339315)	(80.0, 0.007042969599308335)	(81.0, 0.004096532861806093)	(82.0, 0.0022490768653053057)	(83.0, 0.0008470549232968036)	(84.0, 3.651098807313808e-05)	(85.0, 1.4604395229255234e-05)	(86.0, 3.6510988073138084e-06)	(87.0, 0.0)	(88.0, 3.6510988073138084e-06)	(89.0, 1.0953296421941424e-05)	(90.0, 2.1906592843882848e-05)	(91.0, 1.825549403656904e-05)	(92.0, 1.0953296421941424e-05)	(93.0, 1.0953296421941424e-05)	(94.0, 7.302197614627617e-06)	(95.0, 1.4604395229255234e-05)	(96.0, 2.9208790458510467e-05)	(97.0, 3.651098807313808e-05)	(98.0, 4.016208688045189e-05)	(99.0, 4.746428449507951e-05)	(100.0, 0.00012413735944866947)
GC_6hpi_2_R1	(0.0, 0.0004727657037438833)	(1.0, 0.00042844391901789426)	(2.0, 0.0003213329392634207)	(3.0, 0.0002880916007189289)	(4.0, 0.0003065590110214243)	(5.0, 0.00034349383162641525)	(6.0, 0.0004432178472598906)	(7.0, 0.0004247504369573952)	(8.0, 0.0004358308831388924)	(9.0, 0.0005651027552563605)	(10.0, 0.0007423898941603167)	(11.0, 0.0010674163154842365)	(12.0, 0.0013702818444451617)	(13.0, 0.001920610671459526)	(14.0, 0.0033758426032961665)	(15.0, 0.004639013467986855)	(16.0, 0.005990827902129521)	(17.0, 0.008945613550528793)	(18.0, 0.012853317570536829)	(19.0, 0.017521878895007677)	(20.0, 0.025396382647991732)	(21.0, 0.037706758355635195)	(22.0, 0.05333388095360683)	(23.0, 0.07438672869845164)	(24.0, 0.10727349296513554)	(25.0, 0.14982240630208504)	(26.0, 0.19889770243993637)	(27.0, 0.26442007419319025)	(28.0, 0.3448308721323159)	(29.0, 0.43663606222808127)	(30.0, 0.539011997980995)	(31.0, 0.6699533239898087)	(32.0, 0.8379882903322147)	(33.0, 1.0194121291439298)	(34.0, 1.232902779204898)	(35.0, 1.5134264351818645)	(36.0, 1.8781393212458468)	(37.0, 2.321427344664887)	(38.0, 2.8391427250850443)	(39.0, 3.429881939323329)	(40.0, 4.046553091108378)	(41.0, 4.6376985883733175)	(42.0, 5.196034884494844)	(43.0, 5.636083724146826)	(44.0, 5.890461220617519)	(45.0, 5.953438783231089)	(46.0, 5.802345819100192)	(47.0, 5.527015198900288)	(48.0, 5.178483457743352)	(49.0, 4.79312770044324)	(50.0, 4.3416364533678315)	(51.0, 3.7744912025320145)	(52.0, 3.197532369861452)	(53.0, 2.728142508720865)	(54.0, 2.3846080487917845)	(55.0, 2.1294179862677813)	(56.0, 1.8790553047968506)	(57.0, 1.5547306450644258)	(58.0, 1.2551449281732237)	(59.0, 1.0471243250438544)	(60.0, 0.9027387243348242)	(61.0, 0.7815518844477886)	(62.0, 0.6560030422473037)	(63.0, 0.5669458028045496)	(64.0, 0.4863318633520965)	(65.0, 0.38455427169298356)	(66.0, 0.2947731097663717)	(67.0, 0.23425171272303366)	(68.0, 0.1969586243581744)	(69.0, 0.1524706329394629)	(70.0, 0.10430762687055475)	(71.0, 0.06479475578733551)	(72.0, 0.03917307073365333)	(73.0, 0.032580205255662464)	(74.0, 0.03087012306165138)	(75.0, 0.02443607731226197)	(76.0, 0.016705619359637377)	(77.0, 0.012336230082066956)	(78.0, 0.009628907731721124)	(79.0, 0.007482994654571153)	(80.0, 0.0056990428193500935)	(81.0, 0.0033758426032961665)	(82.0, 0.001710082194011078)	(83.0, 0.0005281679346513697)	(84.0, 7.386964120998177e-05)	(85.0, 2.9547856483992707e-05)	(86.0, 3.6934820604990883e-06)	(87.0, 0.0)	(88.0, 0.0)	(89.0, 0.0)	(90.0, 0.0)	(91.0, 0.0)	(92.0, 0.0)	(93.0, 0.0)	(94.0, 0.0)	(95.0, 3.6934820604990883e-06)	(96.0, 1.846741030249544e-05)	(97.0, 3.32413385444918e-05)	(98.0, 2.585437442349362e-05)	(99.0, 1.846741030249544e-05)	(100.0, 1.1080446181497265e-05)
GC_6hpi_2_R2	(0.0, 0.0018984476755318017)	(1.0, 0.0018430455060123912)	(2.0, 0.001484778143120203)	(3.0, 0.0010674151327406433)	(4.0, 0.0008901281902785297)	(5.0, 0.000834726020759119)	(6.0, 0.0007756303732717477)	(7.0, 0.0007534695054639836)	(8.0, 0.0008051781970154334)	(9.0, 0.0007645499393678656)	(10.0, 0.0008716608004387261)	(11.0, 0.001170832515843543)	(12.0, 0.001647291173710474)	(13.0, 0.0021902324350006976)	(14.0, 0.0032391801779015376)	(15.0, 0.004546671378559627)	(16.0, 0.00608685169119924)	(17.0, 0.009189373184286231)	(18.0, 0.013196796779523593)	(19.0, 0.017333492103639582)	(20.0, 0.02404084809345622)	(21.0, 0.035738092817987774)	(22.0, 0.05121376550374312)	(23.0, 0.07069316830676788)	(24.0, 0.1024016766617105)	(25.0, 0.14502071893400909)	(26.0, 0.19336095857867874)	(27.0, 0.257254433946431)	(28.0, 0.33350628659497966)	(29.0, 0.4237379533522597)	(30.0, 0.5256299300543916)	(31.0, 0.6519911982942632)	(32.0, 0.8177840373200833)	(33.0, 0.9932500951439924)	(34.0, 1.1936951444652197)	(35.0, 1.4633818252518065)	(36.0, 1.8121163215086882)	(37.0, 2.2354332183726005)	(38.0, 2.7360029004143787)	(39.0, 3.3121596090704726)	(40.0, 3.912589854932005)	(41.0, 4.496085504310437)	(42.0, 5.067418530740373)	(43.0, 5.519677520961226)	(44.0, 5.815676538791565)	(45.0, 5.921051465217484)	(46.0, 5.793379012298986)	(47.0, 5.549251199050687)	(48.0, 5.211874147545284)	(49.0, 4.854038921575348)	(50.0, 4.442489445517358)	(51.0, 3.891747558758802)	(52.0, 3.3003257056611264)	(53.0, 2.799962858385554)	(54.0, 2.4341829613065338)	(55.0, 2.182627563864666)	(56.0, 1.9675674222242183)	(57.0, 1.645318856475583)	(58.0, 1.3161154717132775)	(59.0, 1.0874928789744778)	(60.0, 0.9402634602156281)	(61.0, 0.823726843370532)	(62.0, 0.6847892826497542)	(63.0, 0.591203937897566)	(64.0, 0.5192180523020119)	(65.0, 0.4169825821488595)	(66.0, 0.31958926161170376)	(67.0, 0.25001521712922803)	(68.0, 0.21098992891975518)	(69.0, 0.17127765380824173)	(70.0, 0.12366502932326029)	(71.0, 0.07809120467659315)	(72.0, 0.04530420075500599)	(73.0, 0.032432430036662935)	(74.0, 0.03342966908801233)	(75.0, 0.03144996489718539)	(76.0, 0.01957912670815969)	(77.0, 0.014463659722534116)	(78.0, 0.01097701652077921)	(79.0, 0.00855778845176495)	(80.0, 0.007704595041166028)	(81.0, 0.004568832246367391)	(82.0, 0.0024376954588540643)	(83.0, 0.0009603042716697831)	(84.0, 8.494999326309619e-05)	(85.0, 4.432173561552844e-05)	(86.0, 3.324130171164634e-05)	(87.0, 7.386955935921407e-06)	(88.0, 1.108043390388211e-05)	(89.0, 1.846738983980352e-05)	(90.0, 1.846738983980352e-05)	(91.0, 7.386955935921407e-06)	(92.0, 1.108043390388211e-05)	(93.0, 1.4773911871842814e-05)	(94.0, 1.108043390388211e-05)	(95.0, 7.386955935921407e-06)	(96.0, 1.4773911871842814e-05)	(97.0, 1.108043390388211e-05)	(98.0, 1.108043390388211e-05)	(99.0, 2.954782374368563e-05)	(100.0, 0.00011080433903882111)
GC_6hpi_3_R1	(0.0, 0.00037684287536311734)	(1.0, 0.00034435642059043486)	(2.0, 0.00030212402938594753)	(3.0, 0.0002761348655678015)	(4.0, 0.0002793835110450698)	(5.0, 0.0002923780929541428)	(6.0, 0.0003248645477268253)	(7.0, 0.0004515617213402872)	(8.0, 0.0004970427580220428)	(9.0, 0.0005945021223400902)	(10.0, 0.0007796749145443807)	(11.0, 0.0010688043620212552)	(12.0, 0.001426155364520763)	(13.0, 0.002049895296156268)	(14.0, 0.0033720940054044464)	(15.0, 0.004343439003107655)	(16.0, 0.005480464920151543)	(17.0, 0.008290543257988581)	(18.0, 0.01188354515584727)	(19.0, 0.015866384510978146)	(20.0, 0.022159010800446754)	(21.0, 0.032570919555091504)	(22.0, 0.04740098615882108)	(23.0, 0.06620414618124973)	(24.0, 0.09413599999480217)	(25.0, 0.1305630617314111)	(26.0, 0.17554705565514458)	(27.0, 0.23552679710194835)	(28.0, 0.310450307744186)	(29.0, 0.40068143587531174)	(30.0, 0.5034978165853747)	(31.0, 0.6325665013972425)	(32.0, 0.7971883623123338)	(33.0, 0.9780794397775847)	(34.0, 1.1932274838006292)	(35.0, 1.4759051213596492)	(36.0, 1.8321613303333175)	(37.0, 2.2697961085125558)	(38.0, 2.7967523940892844)	(39.0, 3.399022027765523)	(40.0, 4.035831260156078)	(41.0, 4.658723295322016)	(42.0, 5.246042662511866)	(43.0, 5.715533658241196)	(44.0, 6.000754985208917)	(45.0, 6.050712655358349)	(46.0, 5.894108451481155)	(47.0, 5.628827310452906)	(48.0, 5.284659311300153)	(49.0, 4.933626924253932)	(50.0, 4.494465282700378)	(51.0, 3.885519682568353)	(52.0, 3.256055637601902)	(53.0, 2.7420257123792235)	(54.0, 2.353335026960509)	(55.0, 2.0814201518676785)	(56.0, 1.8346627873508141)	(57.0, 1.5207916559190646)	(58.0, 1.2268607104267875)	(59.0, 1.0074082111463625)	(60.0, 0.8547706033969137)	(61.0, 0.7377803824695294)	(62.0, 0.619312027849988)	(63.0, 0.5326316692255164)	(64.0, 0.45173389955058235)	(65.0, 0.3530855309878546)	(66.0, 0.2703977576549458)	(67.0, 0.21462826074668168)	(68.0, 0.1795136517828891)	(69.0, 0.14176114269155476)	(70.0, 0.09824878516902379)	(71.0, 0.060661956997030086)	(72.0, 0.03684613700317653)	(73.0, 0.03076792131520762)	(74.0, 0.03001748420995866)	(75.0, 0.02421540338755756)	(76.0, 0.017341269557657933)	(77.0, 0.01335193291157252)	(78.0, 0.010083795561440657)	(79.0, 0.007968927355739024)	(80.0, 0.0060262373603326095)	(81.0, 0.00336559671444991)	(82.0, 0.00169254429365676)	(83.0, 0.0005295292127947252)	(84.0, 1.6243227386341266e-05)	(85.0, 3.248645477268253e-06)	(86.0, 6.497290954536506e-06)	(87.0, 3.248645477268253e-06)	(88.0, 0.0)	(89.0, 0.0)	(90.0, 0.0)	(91.0, 0.0)	(92.0, 0.0)	(93.0, 0.0)	(94.0, 0.0)	(95.0, 3.248645477268253e-06)	(96.0, 2.2740518340877774e-05)	(97.0, 3.248645477268253e-05)	(98.0, 3.573510024995078e-05)	(99.0, 3.248645477268253e-05)	(100.0, 9.74593643180476e-06)
GC_6hpi_3_R2	(0.0, 0.00197517920934161)	(1.0, 0.0018257413086348435)	(2.0, 0.0014651411569293852)	(3.0, 0.0010915464051624688)	(4.0, 0.0008446490039947676)	(5.0, 0.0007179516533955524)	(6.0, 0.0006594759531189916)	(7.0, 0.0007082057033494589)	(8.0, 0.000847897654010132)	(9.0, 0.0008803841541637768)	(10.0, 0.0008543949540408609)	(11.0, 0.0010720545050702818)	(12.0, 0.0015333628072520394)	(13.0, 0.0021213684600330123)	(14.0, 0.003349358165840789)	(15.0, 0.004379180220711333)	(16.0, 0.005590926676442288)	(17.0, 0.008245073738995076)	(18.0, 0.011769859005665548)	(19.0, 0.015876152625086265)	(20.0, 0.021899149753572027)	(21.0, 0.03213239730197017)	(22.0, 0.046364733019282005)	(23.0, 0.06351110780037578)	(24.0, 0.09115387078111224)	(25.0, 0.12851659460781922)	(26.0, 0.1715742019114602)	(27.0, 0.23080358899158557)	(28.0, 0.30521066894349386)	(29.0, 0.39450306326580226)	(30.0, 0.49393124563604784)	(31.0, 0.6204986502346483)	(32.0, 0.7863617254190978)	(33.0, 0.9601677498911134)	(34.0, 1.1633708083521623)	(35.0, 1.4369883558962364)	(36.0, 1.7809554195230286)	(37.0, 2.2053428142801685)	(38.0, 2.7186165221076966)	(39.0, 3.307125715641051)	(40.0, 3.9230015369038354)	(41.0, 4.534059610193835)	(42.0, 5.128510584605291)	(43.0, 5.590809725041734)	(44.0, 5.9204599880508155)	(45.0, 6.03151508882605)	(46.0, 5.874079011781457)	(47.0, 5.622857657443305)	(48.0, 5.283461444388131)	(49.0, 4.936060557695098)	(50.0, 4.5620889625264)	(51.0, 4.000319407269511)	(52.0, 3.34802621933449)	(53.0, 2.8044815906637957)	(54.0, 2.3985822631440947)	(55.0, 2.131101415479044)	(56.0, 1.9189223370255433)	(57.0, 1.5996157756653826)	(58.0, 1.2826904747664847)	(59.0, 1.0535826810829194)	(60.0, 0.8968548097416749)	(61.0, 0.7807350635924865)	(62.0, 0.6445029251981765)	(63.0, 0.5527967839144524)	(64.0, 0.4871415671039361)	(65.0, 0.3904519966966427)	(66.0, 0.2952795458465246)	(67.0, 0.2321387841479004)	(68.0, 0.19475007112107048)	(69.0, 0.15675061189135203)	(70.0, 0.11584685954789772)	(71.0, 0.07374110669875857)	(72.0, 0.042242196149784465)	(73.0, 0.029825855791061385)	(74.0, 0.03287633815548864)	(75.0, 0.031252013147806394)	(76.0, 0.020037673294768178)	(77.0, 0.015768947174579235)	(78.0, 0.011490475104344202)	(79.0, 0.00895003079232917)	(80.0, 0.008540700890393245)	(81.0, 0.005054899423907147)	(82.0, 0.0025859254122301343)	(83.0, 0.0009583517545325246)	(84.0, 2.2740550107551433e-05)	(85.0, 3.2486500153644905e-06)	(86.0, 6.497300030728981e-06)	(87.0, 6.497300030728981e-06)	(88.0, 9.74595004609347e-06)	(89.0, 6.497300030728981e-06)	(90.0, 9.74595004609347e-06)	(91.0, 1.2994600061457962e-05)	(92.0, 6.497300030728981e-06)	(93.0, 9.74595004609347e-06)	(94.0, 1.6243250076822453e-05)	(95.0, 1.949190009218694e-05)	(96.0, 2.2740550107551433e-05)	(97.0, 2.9237850138280416e-05)	(98.0, 4.5481100215102866e-05)	(99.0, 4.872975023046735e-05)	(100.0, 8.771355041484123e-05)
GI_24hpi_1_R1	(0.0, 0.0002705767604326232)	(1.0, 0.00023098016134492225)	(2.0, 0.00018148441248529604)	(3.0, 0.00015178696316952032)	(4.0, 0.00019468327884786303)	(5.0, 0.0002573778940700562)	(6.0, 0.00030027420974839894)	(7.0, 0.0003332713756548164)	(8.0, 0.00037946740792380083)	(9.0, 0.0005147557881401124)	(10.0, 0.0006863410508534832)	(11.0, 0.0009701166776486734)	(12.0, 0.0012934889035315646)	(13.0, 0.0019732305212037645)	(14.0, 0.003566993634483728)	(15.0, 0.00478128933983989)	(16.0, 0.00578110346680434)	(17.0, 0.008170098278428965)	(18.0, 0.012083562154930075)	(19.0, 0.016772459430231996)	(20.0, 0.023682065971035813)	(21.0, 0.03531356695304797)	(22.0, 0.050436168087959095)	(23.0, 0.0704819463761077)	(24.0, 0.10019259455824599)	(25.0, 0.13851880275854986)	(26.0, 0.1874239023484512)	(27.0, 0.2521841401563861)	(28.0, 0.33206697909923216)	(29.0, 0.4258680226214051)	(30.0, 0.5330758146513555)	(31.0, 0.6676316577845446)	(32.0, 0.8340264663008359)	(33.0, 1.0062287760166566)	(34.0, 1.2189483057489676)	(35.0, 1.505116227072373)	(36.0, 1.859225312997092)	(37.0, 2.296787531215731)	(38.0, 2.800340781530615)	(39.0, 3.3657505190536687)	(40.0, 3.974356846464814)	(41.0, 4.562227754820366)	(42.0, 5.114072357439293)	(43.0, 5.564915934935264)	(44.0, 5.848750956629086)	(45.0, 5.890776147127499)	(46.0, 5.689602325745844)	(47.0, 5.409001026310851)	(48.0, 5.108268155956353)	(49.0, 4.856978238996031)	(50.0, 4.500384466478559)	(51.0, 3.8925271747334893)	(52.0, 3.2650299698409206)	(53.0, 2.78072396639925)	(54.0, 2.4452351811955224)	(55.0, 2.2334989670072227)	(56.0, 2.009781481878303)	(57.0, 1.6554909115410985)	(58.0, 1.3056153620021729)	(59.0, 1.059407008591439)	(60.0, 0.9009381193258692)	(61.0, 0.7816467651409889)	(62.0, 0.6660708918371709)	(63.0, 0.5814331612872102)	(64.0, 0.49927021818023076)	(65.0, 0.40512270441604037)	(66.0, 0.31504704092470204)	(67.0, 0.24627104802595612)	(68.0, 0.20351332044442036)	(69.0, 0.15650225817754737)	(70.0, 0.1055216368521324)	(71.0, 0.06324566789283036)	(72.0, 0.03647176747636322)	(73.0, 0.026764001266695203)	(74.0, 0.02350388127514116)	(75.0, 0.01798675513558816)	(76.0, 0.012047265272433017)	(77.0, 0.009061021757902236)	(78.0, 0.006942603706710234)	(79.0, 0.005530325005915567)	(80.0, 0.004263233835109136)	(81.0, 0.002408793111168475)	(82.0, 0.0012142957053561626)	(83.0, 0.0003761676913331591)	(84.0, 9.899149771925239e-06)	(85.0, 0.0)	(86.0, 0.0)	(87.0, 0.0)	(88.0, 0.0)	(89.0, 0.0)	(90.0, 0.0)	(91.0, 0.0)	(92.0, 0.0)	(93.0, 0.0)	(94.0, 0.0)	(95.0, 0.0)	(96.0, 0.0)	(97.0, 0.0)	(98.0, 0.0)	(99.0, 0.0)	(100.0, 0.0)
GI_24hpi_1_R2	(0.0, 0.0007919349607574779)	(1.0, 0.0008018341477669463)	(2.0, 0.0007589376707259163)	(3.0, 0.000689643361659637)	(4.0, 0.00062694851059967)	(5.0, 0.0005906514915649522)	(6.0, 0.000564253659539703)	(7.0, 0.0005213571824986729)	(8.0, 0.0005741528465491714)	(9.0, 0.0006533463426249193)	(10.0, 0.0007688368577353847)	(11.0, 0.0009767197849342227)	(12.0, 0.0014122840133508354)	(13.0, 0.0021646222260704394)	(14.0, 0.0036264021744686174)	(15.0, 0.004883598924671113)	(16.0, 0.006035204346772612)	(17.0, 0.008684886736307008)	(18.0, 0.012261792975728282)	(19.0, 0.01656463959584391)	(20.0, 0.02342147646440241)	(21.0, 0.03511571605158783)	(22.0, 0.05064094101143755)	(23.0, 0.0688290472768343)	(24.0, 0.09908426250677312)	(25.0, 0.13827844360626196)	(26.0, 0.18351772823953288)	(27.0, 0.24677353323003642)	(28.0, 0.3240564862129568)	(29.0, 0.41615852214905147)	(30.0, 0.5210008117663321)	(31.0, 0.6534486342240171)	(32.0, 0.8232064925203888)	(33.0, 0.9940895584068367)	(34.0, 1.19107348070825)	(35.0, 1.4630173467743615)	(36.0, 1.810373219478604)	(37.0, 2.2320026923148886)	(38.0, 2.7249261099933646)	(39.0, 3.28012861287741)	(40.0, 3.863101635052018)	(41.0, 4.4455598995021335)	(42.0, 5.023332548767767)	(43.0, 5.451647272564446)	(44.0, 5.774063793462834)	(45.0, 5.893085018606676)	(46.0, 5.686429590597013)	(47.0, 5.4086518036533215)	(48.0, 5.088089730454707)	(49.0, 4.826408021588411)	(50.0, 4.564422737653825)	(51.0, 4.020488809315557)	(52.0, 3.33705553763986)	(53.0, 2.819730623983044)	(54.0, 2.4694808889430337)	(55.0, 2.259149562823854)	(56.0, 2.0895467917906307)	(57.0, 1.7518327272336105)	(58.0, 1.3791052382241005)	(59.0, 1.1096196702653403)	(60.0, 0.9419505404279663)	(61.0, 0.8225399472617513)	(62.0, 0.6925966191174617)	(63.0, 0.6031079685518668)	(64.0, 0.5276992616427391)	(65.0, 0.43742527557439287)	(66.0, 0.3442079312352314)	(67.0, 0.2638562302793758)	(68.0, 0.2171551656977067)	(69.0, 0.17389901819533266)	(70.0, 0.12478915144135957)	(71.0, 0.07664280555630808)	(72.0, 0.04307796213620364)	(73.0, 0.02829517620206405)	(74.0, 0.025863275926737966)	(75.0, 0.022342465080370345)	(76.0, 0.013746671027148553)	(77.0, 0.010552533352093392)	(78.0, 0.008071137141719961)	(79.0, 0.006325580499050354)	(80.0, 0.00568543307243806)	(81.0, 0.003431718163282404)	(82.0, 0.0019039436348211032)	(83.0, 0.0007589376707259163)	(84.0, 2.6397832025249264e-05)	(85.0, 6.599458006312316e-06)	(86.0, 3.299729003156158e-06)	(87.0, 0.0)	(88.0, 3.299729003156158e-06)	(89.0, 6.599458006312316e-06)	(90.0, 9.899187009468474e-06)	(91.0, 6.599458006312316e-06)	(92.0, 3.299729003156158e-06)	(93.0, 3.299729003156158e-06)	(94.0, 3.299729003156158e-06)	(95.0, 9.899187009468474e-06)	(96.0, 6.599458006312316e-06)	(97.0, 6.599458006312316e-06)	(98.0, 2.3098103022093106e-05)	(99.0, 2.969756102840542e-05)	(100.0, 2.969756102840542e-05)
GI_24hpi_2_R1	(0.0, 0.00047355988981891654)	(1.0, 0.00034546582126134077)	(2.0, 0.0002328983064683196)	(3.0, 0.00025230649867401294)	(4.0, 0.00027947796776198354)	(5.0, 0.0003299392674967861)	(6.0, 0.00037651892879045)	(7.0, 0.00048132316670119384)	(8.0, 0.0005900090430530764)	(9.0, 0.0006792867271992655)	(10.0, 0.0008850135645796144)	(11.0, 0.001141201701694766)	(12.0, 0.0016186432299548214)	(13.0, 0.0024066158335059695)	(14.0, 0.004153353132018366)	(15.0, 0.005636139016533334)	(16.0, 0.006812275464198349)	(17.0, 0.009964165878402941)	(18.0, 0.013814751212012491)	(19.0, 0.01871337892472948)	(20.0, 0.027388840840674382)	(21.0, 0.040446672556664835)	(22.0, 0.05690093790865162)	(23.0, 0.07871962758629203)	(24.0, 0.11227639190993573)	(25.0, 0.15336353480938847)	(26.0, 0.20505919556847316)	(27.0, 0.2743153886352691)	(28.0, 0.35996762247743475)	(29.0, 0.4614685860747696)	(30.0, 0.5779487924164585)	(31.0, 0.7238479365035373)	(32.0, 0.9111990975035358)	(33.0, 1.1004755511703392)	(34.0, 1.3165314284425582)	(35.0, 1.6081822143559525)	(36.0, 1.9735918939278636)	(37.0, 2.4113320242119527)	(38.0, 2.923739351549785)	(39.0, 3.4976085419646066)	(40.0, 4.096339626594921)	(41.0, 4.685715962582092)	(42.0, 5.209632347897901)	(43.0, 5.613955452842227)	(44.0, 5.872918961442792)	(45.0, 5.8812606024528)	(46.0, 5.673953938226907)	(47.0, 5.3916501376797745)	(48.0, 5.056571580886922)	(49.0, 4.762956685922311)	(50.0, 4.376508525999427)	(51.0, 3.790047300481552)	(52.0, 3.1772413948636684)	(53.0, 2.6727564915842)	(54.0, 2.3114419405676903)	(55.0, 2.088488391785568)	(56.0, 1.8781851026831164)	(57.0, 1.5564749086815444)	(58.0, 1.2421941706563118)	(59.0, 1.0139266588482705)	(60.0, 0.8592084322229246)	(61.0, 0.7361954283847995)	(62.0, 0.6246643110555622)	(63.0, 0.5474119428000207)	(64.0, 0.46765203611150347)	(65.0, 0.3755912172030179)	(66.0, 0.29113840963916404)	(67.0, 0.2295057544707644)	(68.0, 0.18785189235890545)	(69.0, 0.14324410339333998)	(70.0, 0.09880710651918459)	(71.0, 0.060491453466704884)	(72.0, 0.03489981122427769)	(73.0, 0.025735262864749312)	(74.0, 0.02280074420324849)	(75.0, 0.017420793323830307)	(76.0, 0.01167208679250395)	(77.0, 0.00883460909203159)	(78.0, 0.006917079702109092)	(79.0, 0.005407122348506154)	(80.0, 0.004281447200575942)	(81.0, 0.002728791824120478)	(82.0, 0.0013973898388099175)	(83.0, 0.00037263729034931137)	(84.0, 0.0)	(85.0, 0.0)	(86.0, 0.0)	(87.0, 0.0)	(88.0, 0.0)	(89.0, 0.0)	(90.0, 0.0)	(91.0, 0.0)	(92.0, 0.0)	(93.0, 0.0)	(94.0, 0.0)	(95.0, 0.0)	(96.0, 0.0)	(97.0, 0.0)	(98.0, 0.0)	(99.0, 0.0)	(100.0, 0.0)
GI_24hpi_2_R2	(0.0, 0.0013275054034710073)	(1.0, 0.001226583940049235)	(2.0, 0.0010169778237117074)	(3.0, 0.0008267796811091362)	(4.0, 0.0006909238649644425)	(5.0, 0.0005705944278077137)	(6.0, 0.0006132919700246175)	(7.0, 0.0006715158912294862)	(8.0, 0.00071421343344639)	(9.0, 0.0008034901126271886)	(10.0, 0.0009509907130128561)	(11.0, 0.0012537551032781736)	(12.0, 0.0017428360413990712)	(13.0, 0.002635602833207059)	(14.0, 0.0041765959477625845)	(15.0, 0.005636075572631295)	(16.0, 0.007235292608391689)	(17.0, 0.009995106473502468)	(18.0, 0.014113478500060183)	(19.0, 0.019656395798763687)	(20.0, 0.02724491352913158)	(21.0, 0.039553450471840834)	(22.0, 0.055669831861348495)	(23.0, 0.07586188773519699)	(24.0, 0.10787728120838082)	(25.0, 0.14982567563911525)	(26.0, 0.20147029374783382)	(27.0, 0.2706713648971938)	(28.0, 0.3558180272671939)	(29.0, 0.4553731693380254)	(30.0, 0.5645624295708893)	(31.0, 0.7050916857909605)	(32.0, 0.8909618502506366)	(33.0, 1.076634053378216)	(34.0, 1.2826147602220537)	(35.0, 1.5546097489279713)	(36.0, 1.9019193205097606)	(37.0, 2.3319146233919574)	(38.0, 2.8264259125638955)	(39.0, 3.3782838825278825)	(40.0, 3.9611363865465945)	(41.0, 4.5417608551805335)	(42.0, 5.088335974693865)	(43.0, 5.495433750163561)	(44.0, 5.796490238740202)	(45.0, 5.872899431334725)	(46.0, 5.6631613407758)	(47.0, 5.399686452539528)	(48.0, 5.070391362178525)	(49.0, 4.7768806937900345)	(50.0, 4.489922157334465)	(51.0, 3.9522669425497194)	(52.0, 3.2808015120519443)	(53.0, 2.743666430963295)	(54.0, 2.3620435618181035)	(55.0, 2.130250249906774)	(56.0, 1.9555513151289388)	(57.0, 1.6463628855573504)	(58.0, 1.311365732513018)	(59.0, 1.0593454303751169)	(60.0, 0.896085555316665)	(61.0, 0.7753446691167551)	(62.0, 0.6491928398395395)	(63.0, 0.5665265165128669)	(64.0, 0.49516727868417976)	(65.0, 0.40525789955962144)	(66.0, 0.3159229964576178)	(67.0, 0.2463337658335587)	(68.0, 0.20169154464841232)	(69.0, 0.16188967211276406)	(70.0, 0.11937068325422191)	(71.0, 0.07401813023037614)	(72.0, 0.04141661595039663)	(73.0, 0.027349716587300347)	(74.0, 0.025948460883636504)	(75.0, 0.022299761821464727)	(76.0, 0.013348804334902908)	(77.0, 0.010550174522322217)	(78.0, 0.008182401726657554)	(79.0, 0.0058612080679567875)	(80.0, 0.005426469456293767)	(81.0, 0.0037146861728706263)	(82.0, 0.0021659298688211175)	(83.0, 0.0008228980863621449)	(84.0, 2.3289568481947497e-05)	(85.0, 7.7631894939825e-06)	(86.0, 0.0)	(87.0, 0.0)	(88.0, 0.0)	(89.0, 0.0)	(90.0, 0.0)	(91.0, 0.0)	(92.0, 3.88159474699125e-06)	(93.0, 1.5526378987965e-05)	(94.0, 1.5526378987965e-05)	(95.0, 3.88159474699125e-06)	(96.0, 3.88159474699125e-06)	(97.0, 7.7631894939825e-06)	(98.0, 3.88159474699125e-06)	(99.0, 0.0)	(100.0, 3.105275797593e-05)
GI_24hpi_3_R1	(0.0, 0.0003073179051777433)	(1.0, 0.000350000947563541)	(2.0, 0.0003243911221320623)	(3.0, 0.00025609825431478604)	(4.0, 0.0003030496009391635)	(5.0, 0.0003457326433249612)	(6.0, 0.0003201228178934826)	(7.0, 0.0003286594263706421)	(8.0, 0.00040122059842649817)	(9.0, 0.0005591478552539495)	(10.0, 0.0007426849375128796)	(11.0, 0.001050002842690623)	(12.0, 0.0013487841393912067)	(13.0, 0.001950615037030954)	(14.0, 0.003645131819747122)	(15.0, 0.004878671744696675)	(16.0, 0.005621356682209555)	(17.0, 0.00789209453713399)	(18.0, 0.011507348227211054)	(19.0, 0.016121385109115784)	(20.0, 0.023654942090209075)	(21.0, 0.035017167973308415)	(22.0, 0.04999037924224624)	(23.0, 0.06996177477456098)	(24.0, 0.09995514865906101)	(25.0, 0.1380753738138169)	(26.0, 0.18479623200931106)	(27.0, 0.24872262459052025)	(28.0, 0.3288258902359467)	(29.0, 0.4188230851064011)	(30.0, 0.5185690868577717)	(31.0, 0.6454486986537938)	(32.0, 0.8099491440086583)	(33.0, 0.9812916810579658)	(34.0, 1.1850349155823325)	(35.0, 1.4708320307891565)	(36.0, 1.7873822780349478)	(37.0, 2.1463338595867905)	(38.0, 2.590711282169569)	(39.0, 3.1010254686299272)	(40.0, 3.6313323921437934)	(41.0, 4.157994183837912)	(42.0, 4.6739083854592876)	(43.0, 5.106688825425844)	(44.0, 5.442638515435981)	(45.0, 5.56727299920251)	(46.0, 5.535636328186157)	(47.0, 5.377798705747716)	(48.0, 5.07707106231434)	(49.0, 4.899650460029294)	(50.0, 4.628864970829555)	(51.0, 4.098233656193557)	(52.0, 3.5376729922366374)	(53.0, 3.0441844610847606)	(54.0, 2.688784108659416)	(55.0, 2.455734697232961)	(56.0, 2.1907028821468275)	(57.0, 1.8060731822956886)	(58.0, 1.4257758112467085)	(59.0, 1.1728190288515172)	(60.0, 1.014503356338355)	(61.0, 0.8895828961878408)	(62.0, 0.7816460186026356)	(63.0, 0.6874103976232716)	(64.0, 0.5821838932295647)	(65.0, 0.47414884464687207)	(66.0, 0.38483884675882907)	(67.0, 0.3250185628551336)	(68.0, 0.27879282795131466)	(69.0, 0.22913537643967766)	(70.0, 0.18984136761931233)	(71.0, 0.13920647443704054)	(72.0, 0.09200756616682547)	(73.0, 0.08441425292639207)	(74.0, 0.08802097000799197)	(75.0, 0.07756362462347155)	(76.0, 0.06231724188326462)	(77.0, 0.05271355734646013)	(78.0, 0.045636708918894875)	(79.0, 0.04170133241092434)	(80.0, 0.03415070221287673)	(81.0, 0.020150664310335086)	(82.0, 0.010265271693784342)	(83.0, 0.0031372036153561296)	(84.0, 8.536608477159535e-05)	(85.0, 2.1341521192898838e-05)	(86.0, 4.2683042385797676e-06)	(87.0, 0.0)	(88.0, 0.0)	(89.0, 4.2683042385797676e-06)	(90.0, 4.2683042385797676e-06)	(91.0, 0.0)	(92.0, 0.0)	(93.0, 0.0)	(94.0, 0.0)	(95.0, 0.0)	(96.0, 0.0)	(97.0, 0.0)	(98.0, 0.0)	(99.0, 0.0)	(100.0, 0.0)
GI_24hpi_3_R2	(0.0, 0.0013402515353349634)	(1.0, 0.0013743980712670645)	(2.0, 0.0012719584634707615)	(3.0, 0.0010329327119460547)	(4.0, 0.0008835416172431128)	(5.0, 0.0007640287414807594)	(6.0, 0.0007939069604213477)	(7.0, 0.0008451267643194992)	(8.0, 0.0008622000322855496)	(9.0, 0.0008707366662685749)	(10.0, 0.0008792733002516002)	(11.0, 0.0010329327119460547)	(12.0, 0.0014469594601227791)	(13.0, 0.002125621861773286)	(14.0, 0.003606727857828166)	(15.0, 0.0049469793931631294)	(16.0, 0.005821984376423217)	(17.0, 0.008387242888322302)	(18.0, 0.012429339079284755)	(19.0, 0.016821437263551245)	(20.0, 0.023181229580905054)	(21.0, 0.033933120082525345)	(22.0, 0.04858198399739667)	(23.0, 0.06809672928259237)	(24.0, 0.09957129877800645)	(25.0, 0.1374227338587404)	(26.0, 0.18285896823339226)	(27.0, 0.24654225774676058)	(28.0, 0.32319269428034425)	(29.0, 0.4164895670808272)	(30.0, 0.5149425668070573)	(31.0, 0.6381390001330861)	(32.0, 0.8013679785225118)	(33.0, 0.9682549045736639)	(34.0, 1.1596846533260134)	(35.0, 1.4362459844740822)	(36.0, 1.7551831667138886)	(37.0, 2.1072040739549087)	(38.0, 2.5418254516156815)	(39.0, 3.043429527824262)	(40.0, 3.558026360955007)	(41.0, 4.067629263205682)	(42.0, 4.583079759734729)	(43.0, 4.9843228985218735)	(44.0, 5.351329866720095)	(45.0, 5.538837032157244)	(46.0, 5.470420179100288)	(47.0, 5.356421968890969)	(48.0, 5.083044802218568)	(49.0, 4.862210617711689)	(50.0, 4.6370227498734655)	(51.0, 4.186220182497868)	(52.0, 3.622866364373075)	(53.0, 3.068732110949949)	(54.0, 2.7032958834046044)	(55.0, 2.4975501994627214)	(56.0, 2.265656805630832)	(57.0, 1.8974376354070213)	(58.0, 1.4895145805281598)	(59.0, 1.1976214547465776)	(60.0, 1.0437785054214883)	(61.0, 0.9295626110456019)	(62.0, 0.7988582081315023)	(63.0, 0.6987789796315059)	(64.0, 0.6047991761123811)	(65.0, 0.5031406703255249)	(66.0, 0.4086230588654694)	(67.0, 0.34706539121387436)	(68.0, 0.29988341518969386)	(69.0, 0.24482212599918096)	(70.0, 0.21475183279397458)	(71.0, 0.16499179330692043)	(72.0, 0.10670792478781556)	(73.0, 0.08043643370505538)	(74.0, 0.09496151642717283)	(75.0, 0.0977615323736051)	(76.0, 0.07137052841508257)	(77.0, 0.06206986569057655)	(78.0, 0.0523124930479787)	(79.0, 0.04461671751228145)	(80.0, 0.043899640257707324)	(81.0, 0.028905042666523478)	(82.0, 0.016189726348807377)	(83.0, 0.006466500242141624)	(84.0, 0.00013231782673689128)	(85.0, 2.5609901949075734e-05)	(86.0, 4.268316991512622e-06)	(87.0, 0.0)	(88.0, 4.268316991512622e-06)	(89.0, 8.536633983025245e-06)	(90.0, 4.268316991512622e-06)	(91.0, 4.268316991512622e-06)	(92.0, 4.268316991512622e-06)	(93.0, 1.2804950974537867e-05)	(94.0, 2.5609901949075734e-05)	(95.0, 1.2804950974537867e-05)	(96.0, 0.0)	(97.0, 0.0)	(98.0, 4.268316991512622e-06)	(99.0, 2.1341584957563112e-05)	(100.0, 5.548812088966409e-05)
GI_48hpi_1_R1	(0.0, 0.00032255769862356737)	(1.0, 0.000284811584954852)	(2.0, 0.00020931935761742137)	(3.0, 0.00017843617370665428)	(4.0, 0.000199024962980499)	(5.0, 0.00021618228737536963)	(6.0, 0.00025392840104408493)	(7.0, 0.00033285209326048973)	(8.0, 0.00043579603962971337)	(9.0, 0.000538739985998937)	(10.0, 0.0007274705543425137)	(11.0, 0.000909338192928142)	(12.0, 0.0011220890154245377)	(13.0, 0.0016848492555762932)	(14.0, 0.0029579227256756923)	(15.0, 0.00413834664404279)	(16.0, 0.005548678709301154)	(17.0, 0.00831787086663327)	(18.0, 0.012037578795441217)	(19.0, 0.01724654248172393)	(20.0, 0.024438892868053688)	(21.0, 0.036030381229228275)	(22.0, 0.05161266324464975)	(23.0, 0.07151515954269966)	(24.0, 0.1040351522007374)	(25.0, 0.14830448060438253)	(26.0, 0.2009088371990558)	(27.0, 0.2645590792391468)	(28.0, 0.3386100913274083)	(29.0, 0.4232300152429101)	(30.0, 0.514620219364628)	(31.0, 0.640575569212252)	(32.0, 0.7997063215097978)	(33.0, 0.9769174622546584)	(34.0, 1.1905536026898291)	(35.0, 1.4805329737524162)	(36.0, 1.8332155025484975)	(37.0, 2.2553062714515884)	(38.0, 2.749258777850155)	(39.0, 3.3079527321203264)	(40.0, 3.8752322115176914)	(41.0, 4.404731262597552)	(42.0, 4.9180097791945006)	(43.0, 5.341692747801434)	(44.0, 5.647305872852628)	(45.0, 5.755716142774057)	(46.0, 5.656388960387273)	(47.0, 5.4647416468965675)	(48.0, 5.25052558889685)	(49.0, 4.98999161796074)	(50.0, 4.580686487196707)	(51.0, 3.961265898963331)	(52.0, 3.3582202611324186)	(53.0, 2.930766112623491)	(54.0, 2.5650131341033977)	(55.0, 2.273860202052201)	(56.0, 1.9691015117558726)	(57.0, 1.591259482467153)	(58.0, 1.2892905731174307)	(59.0, 1.085437539052215)	(60.0, 0.9327030372890769)	(61.0, 0.8080825272793737)	(62.0, 0.7089131922770217)	(63.0, 0.6139439702865338)	(64.0, 0.5165109565129427)	(65.0, 0.4148366521489395)	(66.0, 0.3177261960739718)	(67.0, 0.2564573906598889)	(68.0, 0.2102184014157126)	(69.0, 0.17803812378069328)	(70.0, 0.12814462444040958)	(71.0, 0.08893327526837229)	(72.0, 0.07274019250449341)	(73.0, 0.06296394906429614)	(74.0, 0.06403113464165709)	(75.0, 0.05789224397317239)	(76.0, 0.050607244035110334)	(77.0, 0.03838093467132554)	(78.0, 0.03260921074489107)	(79.0, 0.03118858428499579)	(80.0, 0.020976544805168803)	(81.0, 0.010695876027762336)	(82.0, 0.004296194028475599)	(83.0, 0.00025392840104408493)	(84.0, 4.1177578547689454e-05)	(85.0, 1.0294394636922363e-05)	(86.0, 1.0294394636922363e-05)	(87.0, 3.431464878974121e-06)	(88.0, 0.0)	(89.0, 0.0)	(90.0, 3.431464878974121e-06)	(91.0, 3.431464878974121e-06)	(92.0, 0.0)	(93.0, 0.0)	(94.0, 0.0)	(95.0, 0.0)	(96.0, 0.0)	(97.0, 0.0)	(98.0, 0.0)	(99.0, 0.0)	(100.0, 0.0)
GI_48hpi_1_R2	(0.0, 0.0009676862453729069)	(1.0, 0.0008921929921877866)	(2.0, 0.0007377749743091312)	(3.0, 0.0005661993988884031)	(4.0, 0.0005147267262621846)	(5.0, 0.0005353157953126719)	(6.0, 0.00048041161117803893)	(7.0, 0.00047698009966962434)	(8.0, 0.0004941376572116971)	(9.0, 0.0005490418413463302)	(10.0, 0.0007137543937502293)	(11.0, 0.000833857296544739)	(12.0, 0.0011255357747599769)	(13.0, 0.0016539885470558196)	(14.0, 0.0027177571146643343)	(15.0, 0.0040080054418282106)	(16.0, 0.005363452487651963)	(17.0, 0.007731195428458013)	(18.0, 0.01160194040994964)	(19.0, 0.016152124670107352)	(20.0, 0.022424927707489176)	(21.0, 0.03397196393330418)	(22.0, 0.04796223635311036)	(23.0, 0.06526734889004501)	(24.0, 0.09612006886220034)	(25.0, 0.13679034325992975)	(26.0, 0.18594674561796837)	(27.0, 0.2507233883623101)	(28.0, 0.3214262514816838)	(29.0, 0.40262610830529755)	(30.0, 0.4909120363937875)	(31.0, 0.5986580662464964)	(32.0, 0.7493631886730472)	(33.0, 0.9160557232173014)	(34.0, 1.1123690651021902)	(35.0, 1.3730987410230373)	(36.0, 1.70476462284583)	(37.0, 2.0936578220944524)	(38.0, 2.5703187911937944)	(39.0, 3.1038227484300234)	(40.0, 3.6481805765673676)	(41.0, 4.1828649737624914)	(42.0, 4.704852778376481)	(43.0, 5.147658454933804)	(44.0, 5.483126451507921)	(45.0, 5.664478403216123)	(46.0, 5.649595937804128)	(47.0, 5.530354344398231)	(48.0, 5.271405622950251)	(49.0, 5.010892132254434)	(50.0, 4.691967452662384)	(51.0, 4.182659083071987)	(52.0, 3.5917733903920492)	(53.0, 3.0582762961788372)	(54.0, 2.6666207301659406)	(55.0, 2.375988862960769)	(56.0, 2.1167999357072005)	(57.0, 1.7834663392913181)	(58.0, 1.4234596039205294)	(59.0, 1.1585194633788578)	(60.0, 1.0054122828964167)	(61.0, 0.8873648554954473)	(62.0, 0.7495587848290268)	(63.0, 0.6560981373858478)	(64.0, 0.5868021939849241)	(65.0, 0.4880124091691772)	(66.0, 0.376762806066377)	(67.0, 0.29244370528161434)	(68.0, 0.24681832826573433)	(69.0, 0.20419895533122545)	(70.0, 0.16774944008884596)	(71.0, 0.12660904861446373)	(72.0, 0.08448038182565815)	(73.0, 0.06229222841224957)	(74.0, 0.0713239667023967)	(75.0, 0.07352699709079885)	(76.0, 0.05533998609620167)	(77.0, 0.04916669689256387)	(78.0, 0.03851185365893665)	(79.0, 0.032719462232732865)	(80.0, 0.03261651688748043)	(81.0, 0.019981691513498004)	(82.0, 0.010627391141559904)	(83.0, 0.0040526150914375995)	(84.0, 8.235627620194953e-05)	(85.0, 2.4020580558901944e-05)	(86.0, 1.3726046033658255e-05)	(87.0, 3.4315115084145637e-06)	(88.0, 0.0)	(89.0, 0.0)	(90.0, 0.0)	(91.0, 3.4315115084145637e-06)	(92.0, 3.4315115084145637e-06)	(93.0, 6.863023016829127e-06)	(94.0, 6.863023016829127e-06)	(95.0, 3.4315115084145637e-06)	(96.0, 3.4315115084145637e-06)	(97.0, 3.4315115084145637e-06)	(98.0, 1.0294534525243691e-05)	(99.0, 1.0294534525243691e-05)	(100.0, 1.7157557542072818e-05)
GI_48hpi_2_R1	(0.0, 0.0005105040958108253)	(1.0, 0.0004156961923031006)	(2.0, 0.00025889850573263283)	(3.0, 0.00025525204790541263)	(4.0, 0.0003208882887953759)	(5.0, 0.00030994891531371533)	(6.0, 0.0004011103609942198)	(7.0, 0.0005105040958108253)	(8.0, 0.0005907261680096692)	(9.0, 0.000667301782381293)	(10.0, 0.0007621096858890177)	(11.0, 0.0009517254929044672)	(12.0, 0.0012580279503909622)	(13.0, 0.0018852186966728333)	(14.0, 0.003387559321487548)	(15.0, 0.004711223512768473)	(16.0, 0.005772342740489545)	(17.0, 0.008175358448627644)	(18.0, 0.01229950225121367)	(19.0, 0.017893168558169425)	(20.0, 0.02520067004391867)	(21.0, 0.03629319475432246)	(22.0, 0.051236378930270755)	(23.0, 0.07300937861660245)	(24.0, 0.10879936219076852)	(25.0, 0.15386958093520994)	(26.0, 0.20848622627131383)	(27.0, 0.274716839787114)	(28.0, 0.35218218986857946)	(29.0, 0.4394966225413667)	(30.0, 0.5370430158773337)	(31.0, 0.6697412626677033)	(32.0, 0.8305391134746317)	(33.0, 1.0125447630046727)	(34.0, 1.2363862231864107)	(35.0, 1.5305642083973985)	(36.0, 1.8863490985992715)	(37.0, 2.3299880972323606)	(38.0, 2.8398285377186316)	(39.0, 3.403957442336557)	(40.0, 3.9823804616371854)	(41.0, 4.513264610244344)	(42.0, 5.012307889104217)	(43.0, 5.430775389356004)	(44.0, 5.710885340269576)	(45.0, 5.766752720640418)	(46.0, 5.637649881267687)	(47.0, 5.416029113902726)	(48.0, 5.17263899330926)	(49.0, 4.898986919207695)	(50.0, 4.480497540208943)	(51.0, 3.867119576176582)	(52.0, 3.267496051068496)	(53.0, 2.8239299815919514)	(54.0, 2.45858043250928)	(55.0, 2.1710973438690684)	(56.0, 1.8733750016500221)	(57.0, 1.5334886675748292)	(58.0, 1.265178654190141)	(59.0, 1.078614932376075)	(60.0, 0.9346746561043855)	(61.0, 0.8143451942639468)	(62.0, 0.7188845748051497)	(63.0, 0.633415249792936)	(64.0, 0.5422610970280858)	(65.0, 0.43231674707957013)	(66.0, 0.32438888830950724)	(67.0, 0.25836612288985866)	(68.0, 0.21388298385559967)	(69.0, 0.17297701994984369)	(70.0, 0.11595371244777451)	(71.0, 0.07635682690199058)	(72.0, 0.06051296764271889)	(73.0, 0.05464946345654885)	(74.0, 0.0545510090952139)	(75.0, 0.04421694761287191)	(76.0, 0.03468875331034558)	(77.0, 0.02601018368156155)	(78.0, 0.02158703033714347)	(79.0, 0.020095629085810415)	(80.0, 0.013258520659772578)	(81.0, 0.006935562787372784)	(82.0, 0.0028551764787134015)	(83.0, 0.0001677370600521283)	(84.0, 2.1878746963321084e-05)	(85.0, 0.0)	(86.0, 0.0)	(87.0, 0.0)	(88.0, 0.0)	(89.0, 0.0)	(90.0, 0.0)	(91.0, 0.0)	(92.0, 0.0)	(93.0, 0.0)	(94.0, 0.0)	(95.0, 0.0)	(96.0, 0.0)	(97.0, 0.0)	(98.0, 3.646457827220181e-06)	(99.0, 3.646457827220181e-06)	(100.0, 0.0)
GI_48hpi_2_R2	(0.0, 0.0013710880914982512)	(1.0, 0.0012142881235875469)	(2.0, 0.0009043346986477825)	(3.0, 0.0007001300892757027)	(4.0, 0.0006636649804592598)	(5.0, 0.0006417859151693941)	(6.0, 0.0006271998716428169)	(7.0, 0.0005980277845896627)	(8.0, 0.0005980277845896627)	(9.0, 0.0007584742633820112)	(10.0, 0.0008897486551212054)	(11.0, 0.0011194788406647953)	(12.0, 0.0014841299288292239)	(13.0, 0.0020420460937207994)	(14.0, 0.0033365574567045205)	(15.0, 0.0046128362652800205)	(16.0, 0.0057432546385897485)	(17.0, 0.008073375091960447)	(18.0, 0.012135588214112179)	(19.0, 0.017072963947858538)	(20.0, 0.023822655589782114)	(21.0, 0.034291788330982856)	(22.0, 0.048622576095844895)	(23.0, 0.06783239542034698)	(24.0, 0.1004504352566551)	(25.0, 0.14152838033837797)	(26.0, 0.19027493780419877)	(27.0, 0.2562038545443274)	(28.0, 0.3288824629263797)	(29.0, 0.416158054367654)	(30.0, 0.5101322862985089)	(31.0, 0.6236189979570422)	(32.0, 0.7794891055929273)	(33.0, 0.954040288475476)	(34.0, 1.154029531268375)	(35.0, 1.4107110787381978)	(36.0, 1.7492130373703552)	(37.0, 2.1542747591251654)	(38.0, 2.6380099531514514)	(39.0, 3.18109575828738)	(40.0, 3.7402918484984125)	(41.0, 4.280391161222274)	(42.0, 4.793542758530784)	(43.0, 5.226354428094908)	(44.0, 5.536154699577643)	(45.0, 5.690733942361426)	(46.0, 5.6440440170328525)	(47.0, 5.478547120669427)	(48.0, 5.211596998556893)	(49.0, 4.94395768588773)	(50.0, 4.6259965230518745)	(51.0, 4.121078747314117)	(52.0, 3.509952695637588)	(53.0, 2.9727341265102254)	(54.0, 2.582604866815748)	(55.0, 2.2819828632221117)	(56.0, 2.0285175383498992)	(57.0, 1.715548448911015)	(58.0, 1.3869868789422202)	(59.0, 1.1464666676998447)	(60.0, 1.0002634604111988)	(61.0, 0.8905691200695753)	(62.0, 0.7594734073635817)	(63.0, 0.6742143364398567)	(64.0, 0.6094048985403929)	(65.0, 0.5080829471830248)	(66.0, 0.3925724219851787)	(67.0, 0.297438599593961)	(68.0, 0.2425476712925696)	(69.0, 0.20012781020640166)	(70.0, 0.1595056789848843)	(71.0, 0.11056220993145471)	(72.0, 0.07027555771104865)	(73.0, 0.05227273348837082)	(74.0, 0.060448210885017305)	(75.0, 0.06033881555856798)	(76.0, 0.04074611259149324)	(77.0, 0.034237090667758194)	(78.0, 0.026933129371824686)	(79.0, 0.022021279214249838)	(80.0, 0.02097108408033628)	(81.0, 0.012934174097192278)	(82.0, 0.0067314590875153495)	(83.0, 0.002421283225411805)	(84.0, 5.469766322466427e-05)	(85.0, 1.0939532644932855e-05)	(86.0, 3.6465108816442847e-06)	(87.0, 1.0939532644932855e-05)	(88.0, 1.0939532644932855e-05)	(89.0, 0.0)	(90.0, 0.0)	(91.0, 0.0)	(92.0, 0.0)	(93.0, 0.0)	(94.0, 3.6465108816442847e-06)	(95.0, 7.2930217632885695e-06)	(96.0, 3.6465108816442847e-06)	(97.0, 0.0)	(98.0, 1.4586043526577139e-05)	(99.0, 1.8232554408221423e-05)	(100.0, 1.4586043526577139e-05)
GI_48hpi_3_R1	(0.0, 0.00044263740796513564)	(1.0, 0.0003561847892219451)	(2.0, 0.00021440249448311262)	(3.0, 0.00020748628498365733)	(4.0, 0.00026973217047875455)	(5.0, 0.0002939389037268479)	(6.0, 0.0003146875322252136)	(7.0, 0.00043572119846568044)	(8.0, 0.0005429224457072367)	(9.0, 0.000577503493204513)	(10.0, 0.0007123695784438902)	(11.0, 0.0009406044919259132)	(12.0, 0.0013659513761424109)	(13.0, 0.001922706240848558)	(14.0, 0.00325753467424342)	(15.0, 0.004564698269640462)	(16.0, 0.005892610493535869)	(17.0, 0.0085380606270775)	(18.0, 0.012511422984514537)	(19.0, 0.018058223003077644)	(20.0, 0.025413611805748297)	(21.0, 0.036645536032863614)	(22.0, 0.05218971688288928)	(23.0, 0.07184904238509081)	(24.0, 0.10212474946895615)	(25.0, 0.1426571952405136)	(26.0, 0.19202509864762515)	(27.0, 0.2558409636990987)	(28.0, 0.33190543577410747)	(29.0, 0.4127662991369884)	(30.0, 0.5058481046854069)	(31.0, 0.6378889183442568)	(32.0, 0.8045280700241313)	(33.0, 0.9960102462260492)	(34.0, 1.2251166021050037)	(35.0, 1.5288938138448267)	(36.0, 1.9043367884180051)	(37.0, 2.3688363346109185)	(38.0, 2.9069416404017847)	(39.0, 3.5007604718155125)	(40.0, 4.099942823696068)	(41.0, 4.637889056668447)	(42.0, 5.15089198008104)	(43.0, 5.5745893483319175)	(44.0, 5.840583307576217)	(45.0, 5.876156831136665)	(46.0, 5.708359214365631)	(47.0, 5.46016412026818)	(48.0, 5.17780640934817)	(49.0, 4.844455485788676)	(50.0, 4.395766394511518)	(51.0, 3.7951074319028284)	(52.0, 3.2216602955697464)	(53.0, 2.782899423029055)	(54.0, 2.4023419115310296)	(55.0, 2.1057852225086378)	(56.0, 1.8148859928568004)	(57.0, 1.4930920553708966)	(58.0, 1.238381891924959)	(59.0, 1.0519416324481439)	(60.0, 0.9075035132615206)	(61.0, 0.7844676043709614)	(62.0, 0.6825849222344862)	(63.0, 0.5959040685778136)	(64.0, 0.5009237635217947)	(65.0, 0.3921490786191124)	(66.0, 0.2972033546105908)	(67.0, 0.24116476714125465)	(68.0, 0.19738516100970296)	(69.0, 0.15759274965458722)	(70.0, 0.10699721906132235)	(71.0, 0.06985371594449798)	(72.0, 0.05468646851219262)	(73.0, 0.04984512186257395)	(74.0, 0.05052636849827029)	(75.0, 0.04318135400984882)	(76.0, 0.03569109912193879)	(77.0, 0.02731902752284822)	(78.0, 0.023369871898659272)	(79.0, 0.021170517277832503)	(80.0, 0.013725217751668935)	(81.0, 0.006909293289955789)	(82.0, 0.0028909755707722923)	(83.0, 0.00017290523748638112)	(84.0, 2.4206733248093355e-05)	(85.0, 1.0374314249182866e-05)	(86.0, 6.916209499455244e-06)	(87.0, 1.0374314249182866e-05)	(88.0, 6.916209499455244e-06)	(89.0, 6.916209499455244e-06)	(90.0, 3.458104749727622e-06)	(91.0, 0.0)	(92.0, 6.916209499455244e-06)	(93.0, 6.916209499455244e-06)	(94.0, 0.0)	(95.0, 0.0)	(96.0, 0.0)	(97.0, 0.0)	(98.0, 0.0)	(99.0, 0.0)	(100.0, 0.0)
GI_48hpi_3_R2	(0.0, 0.0010512750773629524)	(1.0, 0.0009371564012018426)	(2.0, 0.0007435004658981407)	(3.0, 0.00060863293952592)	(4.0, 0.000511804971874069)	(5.0, 0.00041151886252036626)	(6.0, 0.0004149770042222181)	(7.0, 0.00047376541315369904)	(8.0, 0.0005602189556999944)	(9.0, 0.0006916283403703635)	(10.0, 0.0008368702918481398)	(11.0, 0.0010651076441703599)	(12.0, 0.0014558776564796152)	(13.0, 0.002012638470477758)	(14.0, 0.0031330763818777467)	(15.0, 0.004519791204320326)	(16.0, 0.00608978753696105)	(17.0, 0.008603856554207322)	(18.0, 0.012494265968790618)	(19.0, 0.01737024576840168)	(20.0, 0.0237850986253368)	(21.0, 0.034695535694679286)	(22.0, 0.04911252844969951)	(23.0, 0.06606779721387898)	(24.0, 0.09351506790147684)	(25.0, 0.1304376468521487)	(26.0, 0.17889312837849639)	(27.0, 0.23925499178431986)	(28.0, 0.30613199415643216)	(29.0, 0.3888334529562184)	(30.0, 0.479039079249023)	(31.0, 0.5895578298985052)	(32.0, 0.7455788090609536)	(33.0, 0.9205884443082705)	(34.0, 1.1269876317832963)	(35.0, 1.3994338676219897)	(36.0, 1.747831269658455)	(37.0, 2.1717371957548544)	(38.0, 2.6809520194942364)	(39.0, 3.246634839083157)	(40.0, 3.828650461929923)	(41.0, 4.400222496837097)	(42.0, 4.926150519421529)	(43.0, 5.359517921214195)	(44.0, 5.678655986311292)	(45.0, 5.807924781268214)	(46.0, 5.728193866190319)	(47.0, 5.546969950304774)	(48.0, 5.251558195424083)	(49.0, 4.93685346798876)	(50.0, 4.566967173416988)	(51.0, 4.052198574104432)	(52.0, 3.475688312847014)	(53.0, 2.952927948061478)	(54.0, 2.5481870432767417)	(55.0, 2.2307573001803593)	(56.0, 1.9667178068188673)	(57.0, 1.6654894575956611)	(58.0, 1.3585517164226977)	(59.0, 1.1220909031334743)	(60.0, 0.9724986093947681)	(61.0, 0.860295743736484)	(62.0, 0.7273163627334742)	(63.0, 0.6387844770243659)	(64.0, 0.5681311839138314)	(65.0, 0.4640999070970232)	(66.0, 0.3562542999830724)	(67.0, 0.27317590373778433)	(68.0, 0.225692160029657)	(69.0, 0.18553621858775374)	(70.0, 0.14397281347319674)	(71.0, 0.1000509557179768)	(72.0, 0.06494735930247898)	(73.0, 0.04845548152634767)	(74.0, 0.055938900169154995)	(75.0, 0.057623015177956836)	(76.0, 0.0413835817460607)	(77.0, 0.0346367472857478)	(78.0, 0.026831721464668255)	(79.0, 0.022315388402049777)	(80.0, 0.02186582998080904)	(81.0, 0.013203185017670241)	(82.0, 0.006902450836896228)	(83.0, 0.0026074388431962707)	(84.0, 3.4581417018518174e-05)	(85.0, 2.0748850211110904e-05)	(86.0, 1.383256680740727e-05)	(87.0, 3.4581417018518174e-06)	(88.0, 0.0)	(89.0, 0.0)	(90.0, 0.0)	(91.0, 6.916283403703635e-06)	(92.0, 1.383256680740727e-05)	(93.0, 6.916283403703635e-06)	(94.0, 3.4581417018518174e-06)	(95.0, 3.4581417018518174e-06)	(96.0, 0.0)	(97.0, 3.4581417018518174e-06)	(98.0, 3.4581417018518174e-06)	(99.0, 6.916283403703635e-06)	(100.0, 3.1123275316666356e-05)
GI_6hpi_1_R1	(0.0, 0.00042803626360445805)	(1.0, 0.00039701914305341035)	(2.0, 0.00029776435729005773)	(3.0, 0.00021091641974712422)	(4.0, 0.00021711984385733377)	(5.0, 0.00026984894879411483)	(6.0, 0.0002853575090696387)	(7.0, 0.0003039677814002673)	(8.0, 0.0003722054466125722)	(9.0, 0.0004528499600452961)	(10.0, 0.000682376652123049)	(11.0, 0.0009119033442008018)	(12.0, 0.0011197180518928214)	(13.0, 0.0015291440431666507)	(14.0, 0.002822557970145339)	(15.0, 0.003870936644770751)	(16.0, 0.004537804736618276)	(17.0, 0.0068082579609549665)	(18.0, 0.010217039509515106)	(19.0, 0.014084874442230753)	(20.0, 0.01958731162798661)	(21.0, 0.02845820810558625)	(22.0, 0.0409767179599891)	(23.0, 0.0579616931737428)	(24.0, 0.08434795762651907)	(25.0, 0.11942521925769889)	(26.0, 0.16206135316716902)	(27.0, 0.2185621399629575)	(28.0, 0.2888128162990254)	(29.0, 0.3725807537712399)	(30.0, 0.4681879261577892)	(31.0, 0.5887421686035462)	(32.0, 0.7432012255236535)	(33.0, 0.9193567582692186)	(34.0, 1.1341720300696096)	(35.0, 1.4124545339415544)	(36.0, 1.7693313195777987)	(37.0, 2.2042906044892505)	(38.0, 2.722344755356959)	(39.0, 3.319452241373123)	(40.0, 3.9478777140096795)	(41.0, 4.568161192501586)	(42.0, 5.15962356257746)	(43.0, 5.65004456074624)	(44.0, 5.958137619179796)	(45.0, 6.0445978427158416)	(46.0, 5.92834877660257)	(47.0, 5.683052980436665)	(48.0, 5.356489226714959)	(49.0, 5.0012191279232585)	(50.0, 4.548083810368893)	(51.0, 3.947555135955948)	(52.0, 3.33624491043946)	(53.0, 2.824245301503316)	(54.0, 2.442067850633582)	(55.0, 2.1867287108332474)	(56.0, 1.9298139013089195)	(57.0, 1.579652322271977)	(58.0, 1.2616151749897542)	(59.0, 1.0413563985326546)	(60.0, 0.893227935917016)	(61.0, 0.7693393530120214)	(62.0, 0.6409625927632902)	(63.0, 0.5515247256543442)	(64.0, 0.4717952172778761)	(65.0, 0.37349575882749575)	(66.0, 0.2868866531128053)	(67.0, 0.22743923986466735)	(68.0, 0.1909320889760842)	(69.0, 0.14895041631024117)	(70.0, 0.10115303354107669)	(71.0, 0.06139839013079889)	(72.0, 0.03614425057813586)	(73.0, 0.028610191996286383)	(74.0, 0.027050030832568683)	(75.0, 0.021252931001577872)	(76.0, 0.014258570317316619)	(77.0, 0.01077224596737886)	(78.0, 0.008439758501940075)	(79.0, 0.006929224731104052)	(80.0, 0.00547762348931502)	(81.0, 0.0029652367246801583)	(82.0, 0.00140507556096246)	(83.0, 0.00041562941538403895)	(84.0, 6.203424110209537e-06)	(85.0, 0.0)	(86.0, 0.0)	(87.0, 0.0)	(88.0, 0.0)	(89.0, 0.0)	(90.0, 0.0)	(91.0, 0.0)	(92.0, 0.0)	(93.0, 0.0)	(94.0, 0.0)	(95.0, 0.0)	(96.0, 1.2406848220419073e-05)	(97.0, 4.3423968771466755e-05)	(98.0, 4.6525680826571524e-05)	(99.0, 1.8610272330628608e-05)	(100.0, 3.1017120551047683e-06)
GI_6hpi_1_R2	(0.0, 0.001966494165219505)	(1.0, 0.001820713052024999)	(2.0, 0.001426793873818568)	(3.0, 0.0011445368248675035)	(4.0, 0.0009708401793591562)	(5.0, 0.0007071934852839859)	(6.0, 0.0005955313560286197)	(7.0, 0.000607938259279216)	(8.0, 0.0006482606948436538)	(9.0, 0.000657565872281601)	(10.0, 0.0008188556145393522)	(11.0, 0.0011011126634904167)	(12.0, 0.0012996231154999566)	(13.0, 0.0017090509227696328)	(14.0, 0.0030551999254593253)	(15.0, 0.004053955637132323)	(16.0, 0.004516112783217033)	(17.0, 0.006721439836010515)	(18.0, 0.010034083003919713)	(19.0, 0.013762357430723886)	(20.0, 0.01887089984415689)	(21.0, 0.027050150812112463)	(22.0, 0.03938881609483043)	(23.0, 0.05607610096688238)	(24.0, 0.08185144246999608)	(25.0, 0.11675206131392332)	(26.0, 0.15702486926535872)	(27.0, 0.21144775037409916)	(28.0, 0.2810380707066935)	(29.0, 0.364635784809211)	(30.0, 0.4603271278552472)	(31.0, 0.5783105743167921)	(32.0, 0.7320259021400544)	(33.0, 0.9041871933711405)	(34.0, 1.1063049525007913)	(35.0, 1.3708728591423183)	(36.0, 1.7144975532966444)	(37.0, 2.142138694538196)	(38.0, 2.644643089993845)	(39.0, 3.228307243063269)	(40.0, 3.8565369926088353)	(41.0, 4.467694843281581)	(42.0, 5.054010971920821)	(43.0, 5.5334044083464216)	(44.0, 5.871815101409685)	(45.0, 6.001926295798688)	(46.0, 5.899761650981652)	(47.0, 5.68157695214248)	(48.0, 5.343873452564501)	(49.0, 4.996635247838439)	(50.0, 4.608829571208739)	(51.0, 4.04734896115138)	(52.0, 3.417372939973293)	(53.0, 2.88540525102329)	(54.0, 2.4898452598619683)	(55.0, 2.2285186566946598)	(56.0, 2.0131255110868707)	(57.0, 1.673368669020918)	(58.0, 1.3287390157032932)	(59.0, 1.084599075263873)	(60.0, 0.9294941742765442)	(61.0, 0.8136012910127246)	(62.0, 0.6727922442958952)	(63.0, 0.5745450791802362)	(64.0, 0.5035931012158888)	(65.0, 0.40596007781113447)	(66.0, 0.3118909373651137)	(67.0, 0.2475549405591469)	(68.0, 0.20676414439699908)	(69.0, 0.16570659981496344)	(70.0, 0.12083393248336947)	(71.0, 0.07585580647414544)	(72.0, 0.04301163184400453)	(73.0, 0.030161181802199472)	(74.0, 0.030738102803352197)	(75.0, 0.028166772104666123)	(76.0, 0.017003660904942153)	(77.0, 0.01241931015384684)	(78.0, 0.00967428280965242)	(79.0, 0.0075837196119269545)	(80.0, 0.007040917594713369)	(81.0, 0.0044416713637134555)	(82.0, 0.0022363443109199733)	(83.0, 0.0007785331789749144)	(84.0, 1.5508629063245306e-05)	(85.0, 3.1017258126490614e-06)	(86.0, 0.0)	(87.0, 6.203451625298123e-06)	(88.0, 6.203451625298123e-06)	(89.0, 6.203451625298123e-06)	(90.0, 9.305177437947183e-06)	(91.0, 3.1017258126490614e-06)	(92.0, 3.1017258126490614e-06)	(93.0, 9.305177437947183e-06)	(94.0, 2.791553231384155e-05)	(95.0, 3.411898393913967e-05)	(96.0, 3.722070975178873e-05)	(97.0, 4.0322435564437793e-05)	(98.0, 2.481380650119249e-05)	(99.0, 4.652588718973592e-05)	(100.0, 0.00012096730669331339)
GI_6hpi_2_R1	(0.0, 0.0005067384573539186)	(1.0, 0.0004005972939892465)	(2.0, 0.00030815176460711265)	(3.0, 0.0002944561306245743)	(4.0, 0.0002841844051376705)	(5.0, 0.0002978800391202089)	(6.0, 0.0003595103920416314)	(7.0, 0.0004108690194761502)	(8.0, 0.0004656515554063036)	(9.0, 0.0005238579998320915)	(10.0, 0.0006334230716923983)	(11.0, 0.0008148902219610313)	(12.0, 0.0010990746270987018)	(13.0, 0.0017838563262256187)	(14.0, 0.003235593528374683)	(15.0, 0.004341515972464654)	(16.0, 0.005166677919912589)	(17.0, 0.007546294324378627)	(18.0, 0.011322865395063574)	(19.0, 0.01538362087088619)	(20.0, 0.020957743901779294)	(21.0, 0.030863111179650148)	(22.0, 0.04536678756715826)	(23.0, 0.06320877473791008)	(24.0, 0.09143205246742596)	(25.0, 0.12997499040278448)	(26.0, 0.17701606922430807)	(27.0, 0.23884843274697304)	(28.0, 0.31215088973001387)	(29.0, 0.40022066405472667)	(30.0, 0.5060947625567392)	(31.0, 0.6347720916396783)	(32.0, 0.799506601090145)	(33.0, 0.9875579273958833)	(34.0, 1.2116424667096801)	(35.0, 1.5032944162763298)	(36.0, 1.8762196818038572)	(37.0, 2.328511146260195)	(38.0, 2.871162979824825)	(39.0, 3.489291452267223)	(40.0, 4.135341898491522)	(41.0, 4.761759653401851)	(42.0, 5.341225351111545)	(43.0, 5.8060175054854435)	(44.0, 6.083617734586009)	(45.0, 6.124382789135034)	(46.0, 5.9434052577812775)	(47.0, 5.656704279899316)	(48.0, 5.294896445257113)	(49.0, 4.888420300380862)	(50.0, 4.4018383923407445)	(51.0, 3.796491370312549)	(52.0, 3.1843170747440595)	(53.0, 2.671682646960658)	(54.0, 2.292902497905595)	(55.0, 2.0429674494497574)	(56.0, 1.800458858520951)	(57.0, 1.4682712562744835)	(58.0, 1.1656764951557859)	(59.0, 0.9592490519539766)	(60.0, 0.8203102691096208)	(61.0, 0.7051436829504559)	(62.0, 0.5840811263618083)	(63.0, 0.4977267301934084)	(64.0, 0.4237668827792057)	(65.0, 0.33436520804969105)	(66.0, 0.2557214538134603)	(67.0, 0.20410603324176887)	(68.0, 0.17162683725217923)	(69.0, 0.13246417187911083)	(70.0, 0.08919624021977658)	(71.0, 0.053772482923941156)	(72.0, 0.03113359995080528)	(73.0, 0.02433029376997936)	(74.0, 0.02185480792763556)	(75.0, 0.016760032086131294)	(76.0, 0.011569386806749264)	(77.0, 0.008819988284754691)	(78.0, 0.006926566886668766)	(79.0, 0.0053755363381462985)	(80.0, 0.004074451109805156)	(81.0, 0.0022837469665882683)	(82.0, 0.0011778245224982973)	(83.0, 0.00036635820903290064)	(84.0, 3.423908495634585e-06)	(85.0, 0.0)	(86.0, 0.0)	(87.0, 0.0)	(88.0, 0.0)	(89.0, 0.0)	(90.0, 0.0)	(91.0, 0.0)	(92.0, 0.0)	(93.0, 0.0)	(94.0, 0.0)	(95.0, 3.423908495634585e-06)	(96.0, 1.369563398253834e-05)	(97.0, 2.739126796507668e-05)	(98.0, 5.478253593015336e-05)	(99.0, 4.1086901947615024e-05)	(100.0, 3.423908495634585e-06)
GI_6hpi_2_R2	(0.0, 0.0020543552262317607)	(1.0, 0.0019002785842643785)	(2.0, 0.0014791357628868675)	(3.0, 0.0011059278967880978)	(4.0, 0.0008662531203943925)	(5.0, 0.0007943506874762807)	(6.0, 0.0008285899412468101)	(7.0, 0.0008183181651156514)	(8.0, 0.0008046224636074396)	(9.0, 0.0008457095681320748)	(10.0, 0.0008799488219026042)	(11.0, 0.0008833727472796571)	(12.0, 0.0012668523895095858)	(13.0, 0.0018420718528544785)	(14.0, 0.002965119376527841)	(15.0, 0.00415322148236521)	(16.0, 0.005163279468595825)	(17.0, 0.007618233963942778)	(18.0, 0.011295529818897629)	(19.0, 0.015120054465065758)	(20.0, 0.020834585919367106)	(21.0, 0.03028119603465615)	(22.0, 0.04366532033355607)	(23.0, 0.061336199204526265)	(24.0, 0.08917956037072072)	(25.0, 0.12706187074243439)	(26.0, 0.17124420380792546)	(27.0, 0.23048496068169533)	(28.0, 0.30318174428728323)	(29.0, 0.3931898945992508)	(30.0, 0.496051460776675)	(31.0, 0.6209117475016643)	(32.0, 0.7860682119891897)	(33.0, 0.9701178967072932)	(34.0, 1.1847843221470038)	(35.0, 1.4636459244810802)	(36.0, 1.8179571464238948)	(37.0, 2.2585992228237224)	(38.0, 2.784274485962659)	(39.0, 3.391952761882014)	(40.0, 4.034904317035768)	(41.0, 4.644749937718797)	(42.0, 5.2234104460676285)	(43.0, 5.690642726945649)	(44.0, 6.0036888002442215)	(45.0, 6.0992060464878675)	(46.0, 5.9323855542670945)	(47.0, 5.657807282579711)	(48.0, 5.303318016517291)	(49.0, 4.908114853796332)	(50.0, 4.4732352438060845)	(51.0, 3.9040076498710343)	(52.0, 3.273666411880966)	(53.0, 2.737007196132444)	(54.0, 2.3401228860513523)	(55.0, 2.087115344239403)	(56.0, 1.8806971550330127)	(57.0, 1.5559172894672797)	(58.0, 1.2278846947933462)	(59.0, 1.0014399660565734)	(60.0, 0.8558717786511679)	(61.0, 0.7452105104648171)	(62.0, 0.6108317111916206)	(63.0, 0.5195156213856187)	(64.0, 0.45409125528089134)	(65.0, 0.3624225011610531)	(66.0, 0.2782521436169608)	(67.0, 0.22013785819224135)	(68.0, 0.1858917565709579)	(69.0, 0.14975564814154124)	(70.0, 0.10690179812234671)	(71.0, 0.065975618090433)	(72.0, 0.03706056828122096)	(73.0, 0.02523775395425718)	(74.0, 0.02424823952028888)	(75.0, 0.021933665965401097)	(76.0, 0.013404667851162236)	(77.0, 0.010107427713060262)	(78.0, 0.008220844830304096)	(79.0, 0.0062692073653839225)	(80.0, 0.005673444349776712)	(81.0, 0.0034889799592169404)	(82.0, 0.001729082315411732)	(83.0, 0.0006026108663613164)	(84.0, 2.7391403016423476e-05)	(85.0, 6.847850754105869e-06)	(86.0, 3.4239253770529345e-06)	(87.0, 3.4239253770529345e-06)	(88.0, 3.4239253770529345e-06)	(89.0, 1.3695701508211738e-05)	(90.0, 1.3695701508211738e-05)	(91.0, 6.847850754105869e-06)	(92.0, 1.3695701508211738e-05)	(93.0, 1.7119626885264673e-05)	(94.0, 1.7119626885264673e-05)	(95.0, 1.7119626885264673e-05)	(96.0, 1.7119626885264673e-05)	(97.0, 1.3695701508211738e-05)	(98.0, 1.7119626885264673e-05)	(99.0, 4.108710452463521e-05)	(100.0, 0.00010271776131158803)
GI_6hpi_3_R1	(0.0, 0.0005105777135771354)	(1.0, 0.00042648256075266604)	(2.0, 0.00029433303488564274)	(3.0, 0.00024627866184308885)	(4.0, 0.0002703058483643658)	(5.0, 0.000300339831515962)	(6.0, 0.0003844349843404314)	(7.0, 0.00042648256075266604)	(8.0, 0.0004384961540133045)	(9.0, 0.0005436150950438912)	(10.0, 0.0007508495787899049)	(11.0, 0.0010121452322087918)	(12.0, 0.0013154884620399136)	(13.0, 0.0018050423874109317)	(14.0, 0.003177595417438878)	(15.0, 0.00449909067610911)	(16.0, 0.005123797525662312)	(17.0, 0.007337302083934951)	(18.0, 0.011163631537448308)	(19.0, 0.015503542102853957)	(20.0, 0.021597437284312827)	(21.0, 0.031902096903625485)	(22.0, 0.04658270786812571)	(23.0, 0.0646271249456047)	(24.0, 0.09357988470374344)	(25.0, 0.13236877394402993)	(26.0, 0.17993058966289768)	(27.0, 0.24497518697430956)	(28.0, 0.32182313966429876)	(29.0, 0.4141145664908388)	(30.0, 0.5217924028859414)	(31.0, 0.6531850723775444)	(32.0, 0.8234116820841615)	(33.0, 1.014178532868155)	(34.0, 1.244052633113842)	(35.0, 1.5431280339391218)	(36.0, 1.9156425303666846)	(37.0, 2.372237162627141)	(38.0, 2.9092928357507235)	(39.0, 3.5211721710998773)	(40.0, 4.1640105362816975)	(41.0, 4.768171137960891)	(42.0, 5.320970625052541)	(43.0, 5.754931647609954)	(44.0, 6.002258495465034)	(45.0, 6.016026073341726)	(46.0, 5.826568704223142)	(47.0, 5.53131062265643)	(48.0, 5.161700412399626)	(49.0, 4.78205885177019)	(50.0, 4.320061105940761)	(51.0, 3.722691187852143)	(52.0, 3.1324122931856166)	(53.0, 2.652105831226975)	(54.0, 2.2987319922619243)	(55.0, 2.0659415922522175)	(56.0, 1.8333013621582683)	(57.0, 1.5086550280777198)	(58.0, 1.208624546588219)	(59.0, 1.000200717109402)	(60.0, 0.8633388592858935)	(61.0, 0.7468580624290578)	(62.0, 0.6248840500537953)	(63.0, 0.5439214416720375)	(64.0, 0.4684370318171308)	(65.0, 0.3681295348874298)	(66.0, 0.28212121733620377)	(67.0, 0.2275885141278505)	(68.0, 0.19359004520024364)	(69.0, 0.15132021731268713)	(70.0, 0.10313669814258136)	(71.0, 0.06297225247395176)	(72.0, 0.03646425894435294)	(73.0, 0.029358218530685282)	(74.0, 0.02726785330333419)	(75.0, 0.021282080461221067)	(76.0, 0.015016991575798099)	(77.0, 0.01144895437738847)	(78.0, 0.008712858512278057)	(79.0, 0.0070940268204070225)	(80.0, 0.005628368442609128)	(81.0, 0.0032707007652088265)	(82.0, 0.0016788996581742275)	(83.0, 0.00048655052705585847)	(84.0, 1.5016991575798099e-05)	(85.0, 0.0)	(86.0, 0.0)	(87.0, 0.0)	(88.0, 0.0)	(89.0, 0.0)	(90.0, 0.0)	(91.0, 3.0033983151596202e-06)	(92.0, 3.0033983151596202e-06)	(93.0, 3.0033983151596202e-06)	(94.0, 3.0033983151596202e-06)	(95.0, 3.0033983151596202e-06)	(96.0, 1.2013593260638481e-05)	(97.0, 2.4027186521276962e-05)	(98.0, 3.904417809707506e-05)	(99.0, 2.703058483643658e-05)	(100.0, 3.0033983151596202e-06)
GI_6hpi_3_R2	(0.0, 0.002306597644134872)	(1.0, 0.0020362932327128167)	(2.0, 0.001555752056851385)	(3.0, 0.0011863360279079093)	(4.0, 0.0009520722046754615)	(5.0, 0.0007748726460765585)	(6.0, 0.000801903087218764)	(7.0, 0.000855963969503175)	(8.0, 0.0007087982343956116)	(9.0, 0.000690777940300808)	(10.0, 0.000804906469567898)	(11.0, 0.0009730958811193991)	(12.0, 0.0013034679395241334)	(13.0, 0.001850083527066512)	(14.0, 0.0032316394076681272)	(15.0, 0.00425278940637367)	(16.0, 0.005042678964195898)	(17.0, 0.007631594549149362)	(18.0, 0.011310737926838446)	(19.0, 0.015350287186423608)	(20.0, 0.020999649385144564)	(21.0, 0.030168975697050505)	(22.0, 0.044335930237915336)	(23.0, 0.06180360198047838)	(24.0, 0.08984918635669117)	(25.0, 0.12832852101379533)	(26.0, 0.17428327433789384)	(27.0, 0.23709901617003037)	(28.0, 0.3116369593108367)	(29.0, 0.40198771051983323)	(30.0, 0.5064633689168067)	(31.0, 0.6336986587555173)	(32.0, 0.8027590511882673)	(33.0, 0.9903683330092684)	(34.0, 1.2054735802365908)	(35.0, 1.4855810316462195)	(36.0, 1.8407520181077524)	(37.0, 2.281885814166198)	(38.0, 2.8035943518872086)	(39.0, 3.396540115547327)	(40.0, 4.030812420331529)	(41.0, 4.626205940606192)	(42.0, 5.178588022258908)	(43.0, 5.62018133581677)	(44.0, 5.912743813828257)	(45.0, 6.000673838863851)	(46.0, 5.8314933111371365)	(47.0, 5.563651673241371)	(48.0, 5.207195239134409)	(49.0, 4.831496134316544)	(50.0, 4.424748062773334)	(51.0, 3.8577965733449697)	(52.0, 3.2428510339774443)	(53.0, 2.732239994036484)	(54.0, 2.3543694437801967)	(55.0, 2.113459135409115)	(56.0, 1.9180560763921113)	(57.0, 1.6020101517927459)	(58.0, 1.2743501476492798)	(59.0, 1.0430206289719355)	(60.0, 0.897981288567559)	(61.0, 0.7919739051725272)	(62.0, 0.6567766487262625)	(63.0, 0.5600346998783089)	(64.0, 0.49565119245992456)	(65.0, 0.4029127522833665)	(66.0, 0.3074892882866827)	(67.0, 0.24197650910502388)	(68.0, 0.2059329175330674)	(69.0, 0.16749563022885114)	(70.0, 0.12217459058041985)	(71.0, 0.07613574255054557)	(72.0, 0.04250086362259449)	(73.0, 0.0294781977567497)	(74.0, 0.0303191448145072)	(75.0, 0.027913435552850908)	(76.0, 0.017539752918942254)	(77.0, 0.013599315276878514)	(78.0, 0.010547878810158425)	(79.0, 0.008319369107101035)	(80.0, 0.0077487264607655855)	(81.0, 0.00473933734693337)	(82.0, 0.0023906923499106224)	(83.0, 0.0009040180870893183)	(84.0, 1.2013529396535791e-05)	(85.0, 3.003382349133948e-06)	(86.0, 3.003382349133948e-06)	(87.0, 3.003382349133948e-06)	(88.0, 0.0)	(89.0, 0.0)	(90.0, 9.010147047401843e-06)	(91.0, 1.8020294094803686e-05)	(92.0, 1.2013529396535791e-05)	(93.0, 1.8020294094803686e-05)	(94.0, 2.703044114220553e-05)	(95.0, 2.1023676443937633e-05)	(96.0, 9.010147047401843e-06)	(97.0, 9.010147047401843e-06)	(98.0, 3.0033823491339476e-05)	(99.0, 3.0033823491339476e-05)	(100.0, 8.709808812488448e-05)
HC_24hpi_1_R1	(0.0, 0.00047186311473094885)	(1.0, 0.00036430608122610023)	(2.0, 0.00021511406700969724)	(3.0, 0.00017347908629814296)	(4.0, 0.00022552281218758585)	(5.0, 0.00027409695635106587)	(6.0, 0.00032614068224050876)	(7.0, 0.0003677756629520631)	(8.0, 0.0004649239512790231)	(9.0, 0.0006626901096589062)	(10.0, 0.0007112642538223861)	(11.0, 0.0008292300325051233)	(12.0, 0.001183127368553335)	(13.0, 0.0017451996081593183)	(14.0, 0.003004657774683836)	(15.0, 0.003774904917847591)	(16.0, 0.004527804152381532)	(17.0, 0.006630370678315024)	(18.0, 0.009843203356556631)	(19.0, 0.013850570250043734)	(20.0, 0.020331748914142356)	(21.0, 0.029932081549881587)	(22.0, 0.04390755674205998)	(23.0, 0.061498336092691674)	(24.0, 0.0854939633094508)	(25.0, 0.12228540793156097)	(26.0, 0.16884372511225657)	(27.0, 0.23367632924359855)	(28.0, 0.31437880018949466)	(29.0, 0.4096743318747906)	(30.0, 0.516693580212115)	(31.0, 0.6441798911508942)	(32.0, 0.8075659642082113)	(33.0, 0.9949684819726431)	(34.0, 1.2242072161887352)	(35.0, 1.5126613017218353)	(36.0, 1.8660208526025228)	(37.0, 2.300742094957039)	(38.0, 2.829881064820183)	(39.0, 3.421809055178077)	(40.0, 4.0307900397190775)	(41.0, 4.626555387465886)	(42.0, 5.17771232296199)	(43.0, 5.639857139278518)	(44.0, 5.941193781760117)	(45.0, 6.0059431159300365)	(46.0, 5.8472930219286585)	(47.0, 5.632491217274298)	(48.0, 5.386660943244651)	(49.0, 5.076008473828841)	(50.0, 4.653118505159857)	(51.0, 4.039401541562918)	(52.0, 3.3909714127977186)	(53.0, 2.8207907606981606)	(54.0, 2.3645164766619624)	(55.0, 2.0785743682984594)	(56.0, 1.8063995602235772)	(57.0, 1.438904933391317)	(58.0, 1.1233568841601729)	(59.0, 0.9197722372258502)	(60.0, 0.7824184358584325)	(61.0, 0.6659306989909554)	(62.0, 0.5679913460304759)	(63.0, 0.5049559852331826)	(64.0, 0.4327609286793474)	(65.0, 0.3461566992175885)	(66.0, 0.2607217187974791)	(67.0, 0.1955386869118148)	(68.0, 0.16056183353238324)	(69.0, 0.12703179573267817)	(70.0, 0.08823493287296147)	(71.0, 0.0545834597128477)	(72.0, 0.032797956055526906)	(73.0, 0.025935123401572373)	(74.0, 0.024609743182254562)	(75.0, 0.018728802156747517)	(76.0, 0.012181701439855598)	(77.0, 0.00997504746214322)	(78.0, 0.0096593155250806)	(79.0, 0.008812737583945662)	(80.0, 0.006401378284401475)	(81.0, 0.0033759030193618624)	(82.0, 0.0013947718538370694)	(83.0, 0.00039553231675976597)	(84.0, 1.0408745177888578e-05)	(85.0, 0.0)	(86.0, 0.0)	(87.0, 3.4695817259628595e-06)	(88.0, 6.939163451925719e-06)	(89.0, 3.4695817259628595e-06)	(90.0, 0.0)	(91.0, 0.0)	(92.0, 0.0)	(93.0, 0.0)	(94.0, 0.0)	(95.0, 3.4695817259628595e-06)	(96.0, 1.0408745177888578e-05)	(97.0, 3.469581725962859e-05)	(98.0, 3.816539898559145e-05)	(99.0, 1.7347908629814295e-05)	(100.0, 6.939163451925719e-06)
HC_24hpi_1_R2	(0.0, 0.001762575892250266)	(1.0, 0.001578685100342266)	(2.0, 0.0012872355433560013)	(3.0, 0.0010408912749509446)	(4.0, 0.0008986361340409822)	(5.0, 0.0007841380937963782)	(6.0, 0.0006627007783854347)	(7.0, 0.000693927516633963)	(8.0, 0.0008188344696280764)	(9.0, 0.0008604701206261142)	(10.0, 0.000881287946125133)	(11.0, 0.0010443609125341143)	(12.0, 0.0013358104695203787)	(13.0, 0.0019395274089919266)	(14.0, 0.003171248751017211)	(15.0, 0.003969265395146269)	(16.0, 0.004864431891604081)	(17.0, 0.006967032267004989)	(18.0, 0.009791317259705218)	(19.0, 0.013975700185008016)	(20.0, 0.019815100237482817)	(21.0, 0.029745203000514822)	(22.0, 0.04375559956135454)	(23.0, 0.059990033813006105)	(24.0, 0.08479100325750395)	(25.0, 0.1205560274648184)	(26.0, 0.1649812670797247)	(27.0, 0.22763598255660522)	(28.0, 0.3099149682038942)	(29.0, 0.40757832689495815)	(30.0, 0.5114245797592307)	(31.0, 0.6364148040553402)	(32.0, 0.7993281671354957)	(33.0, 0.9850474580498264)	(34.0, 1.208214547399309)	(35.0, 1.4871491216230797)	(36.0, 1.8235478334993092)	(37.0, 2.2443905848747256)	(38.0, 2.768642414778935)	(39.0, 3.3437244352765827)	(40.0, 3.9389685197700293)	(41.0, 4.5282725847210905)	(42.0, 5.067207920877275)	(43.0, 5.524225113694818)	(44.0, 5.867906594858122)	(45.0, 5.98642594506162)	(46.0, 5.830219391429732)	(47.0, 5.606240406885787)	(48.0, 5.3544522771127365)	(49.0, 5.063054764690221)	(50.0, 4.690616927237605)	(51.0, 4.133479872320113)	(52.0, 3.4828881290999405)	(53.0, 2.882092624473422)	(54.0, 2.4030813990161635)	(55.0, 2.122023406591493)	(56.0, 1.890227328572667)	(57.0, 1.5198782129451205)	(58.0, 1.1783964820095476)	(59.0, 0.9526445126606035)	(60.0, 0.8171516954002389)	(61.0, 0.70205687749133)	(62.0, 0.5855256296229885)	(63.0, 0.5183742638383199)	(64.0, 0.4574404886026916)	(65.0, 0.3826836772357148)	(66.0, 0.2931392704892682)	(67.0, 0.21384070352592205)	(68.0, 0.1722224007158001)	(69.0, 0.1422794283730446)	(70.0, 0.10732282972260872)	(71.0, 0.06717565324775078)	(72.0, 0.039987573146032115)	(73.0, 0.027524634947286145)	(74.0, 0.027635663349947576)	(75.0, 0.025324884719556483)	(76.0, 0.0146557491513093)	(77.0, 0.011311018521133597)	(78.0, 0.010263187971016312)	(79.0, 0.009895406387200312)	(80.0, 0.00883022764916718)	(81.0, 0.004840144428521892)	(82.0, 0.0021477056639821156)	(83.0, 0.0005794294763893592)	(84.0, 1.7348187915849074e-05)	(85.0, 2.081782549901889e-05)	(86.0, 2.081782549901889e-05)	(87.0, 1.0408912749509445e-05)	(88.0, 1.7348187915849074e-05)	(89.0, 2.4287463082188704e-05)	(90.0, 2.4287463082188704e-05)	(91.0, 1.387855033267926e-05)	(92.0, 1.387855033267926e-05)	(93.0, 2.775710066535852e-05)	(94.0, 3.469637583169815e-05)	(95.0, 2.775710066535852e-05)	(96.0, 1.387855033267926e-05)	(97.0, 2.081782549901889e-05)	(98.0, 3.8166013414867965e-05)	(99.0, 6.592311408022649e-05)	(100.0, 0.00012143731541094353)
HC_24hpi_2_R1	(0.0, 0.00029233779432488917)	(1.0, 0.0003279887448523147)	(2.0, 0.0002959028893776317)	(3.0, 0.0002388613685337509)	(4.0, 0.0002317311784282658)	(5.0, 0.0002709472240084339)	(6.0, 0.00036007460032699764)	(7.0, 0.00039572555085442315)	(8.0, 0.0005205038777004124)	(9.0, 0.0006595425847573719)	(10.0, 0.0008235369571835293)	(11.0, 0.0010267473751898548)	(12.0, 0.0013796917854113672)	(13.0, 0.0019821928493248585)	(14.0, 0.003572225242848036)	(15.0, 0.004705925469620167)	(16.0, 0.004959047218364888)	(17.0, 0.00694480516274249)	(18.0, 0.010848584245495584)	(19.0, 0.015376254962478622)	(20.0, 0.021672212825621966)	(21.0, 0.03172221577930322)	(22.0, 0.045661737435526595)	(23.0, 0.06324478623565286)	(24.0, 0.08799724118684439)	(25.0, 0.1254842156664323)	(26.0, 0.17405150556994406)	(27.0, 0.2424157683013352)	(28.0, 0.32853776949043706)	(29.0, 0.4291661424491483)	(30.0, 0.5366644535744944)	(31.0, 0.6666834701480152)	(32.0, 0.8361716540504488)	(33.0, 1.0203658550454455)	(34.0, 1.2488527969757155)	(35.0, 1.5345060380767126)	(36.0, 1.869792532501991)	(37.0, 2.2890156248490405)	(38.0, 2.8041504694000228)	(39.0, 3.378544323917691)	(40.0, 3.973141572099252)	(41.0, 4.551478421745254)	(42.0, 5.088460168779442)	(43.0, 5.551394891568169)	(44.0, 5.8607987959105365)	(45.0, 5.935865437341083)	(46.0, 5.799165432638723)	(47.0, 5.592079756310066)	(48.0, 5.362890490654406)	(49.0, 5.0953122814708145)	(50.0, 4.687258631924007)	(51.0, 4.062343815413924)	(52.0, 3.4069474362028918)	(53.0, 2.8292273480010137)	(54.0, 2.361308622328554)	(55.0, 2.0713451813087915)	(56.0, 1.807617274782161)	(57.0, 1.4530614415968088)	(58.0, 1.1445488110176267)	(59.0, 0.9464649996971451)	(60.0, 0.8132908740019472)	(61.0, 0.6990224473714429)	(62.0, 0.5996133369207697)	(63.0, 0.5365289799624903)	(64.0, 0.46706666795485435)	(65.0, 0.3781995435751408)	(66.0, 0.28457301730001594)	(67.0, 0.213338853051167)	(68.0, 0.17676097781002842)	(69.0, 0.1409745536705987)	(70.0, 0.09746256855187586)	(71.0, 0.05904153916846939)	(72.0, 0.03537287311331159)	(73.0, 0.028531455707098634)	(74.0, 0.026984204454208367)	(75.0, 0.020588423929588234)	(76.0, 0.012848602570084154)	(77.0, 0.00962932173745763)	(78.0, 0.009440371699662276)	(79.0, 0.008659615883111656)	(80.0, 0.0061783097264028405)	(81.0, 0.0033868403001054235)	(82.0, 0.0014474285914134757)	(83.0, 0.00031729345969408706)	(84.0, 7.130190105485102e-06)	(85.0, 3.565095052742551e-06)	(86.0, 0.0)	(87.0, 0.0)	(88.0, 0.0)	(89.0, 0.0)	(90.0, 0.0)	(91.0, 0.0)	(92.0, 0.0)	(93.0, 0.0)	(94.0, 0.0)	(95.0, 7.130190105485102e-06)	(96.0, 2.1390570316455307e-05)	(97.0, 3.208585547468296e-05)	(98.0, 3.208585547468296e-05)	(99.0, 1.4260380210970203e-05)	(100.0, 0.0)
HC_24hpi_2_R2	(0.0, 0.0020178447350473606)	(1.0, 0.001739767192054968)	(2.0, 0.0013155206841563181)	(3.0, 0.0010160525609337417)	(4.0, 0.0008413628223872387)	(5.0, 0.0008306675322721467)	(6.0, 0.0007771910816966865)	(7.0, 0.0006916287607759505)	(8.0, 0.0008092769520419627)	(9.0, 0.0009554459169482201)	(10.0, 0.001065963914804171)	(11.0, 0.0011800470093651526)	(12.0, 0.0014866453259977904)	(13.0, 0.0021390580230184033)	(14.0, 0.00344388341705963)	(15.0, 0.004445675591173248)	(16.0, 0.005272778026740365)	(17.0, 0.007304883148607847)	(18.0, 0.010534860763365636)	(19.0, 0.014816541906107473)	(20.0, 0.021155283847652008)	(21.0, 0.031472673712010776)	(22.0, 0.04492021848338647)	(23.0, 0.06135174919687284)	(24.0, 0.08663184993224533)	(25.0, 0.12247533220462373)	(26.0, 0.17027971392238)	(27.0, 0.23540690052988034)	(28.0, 0.31872321052644714)	(29.0, 0.4204496799077923)	(30.0, 0.5252207418752337)	(31.0, 0.6490222900541288)	(32.0, 0.8188171508246247)	(33.0, 1.0026834482898765)	(34.0, 1.2152416440372154)	(35.0, 1.486848536509977)	(36.0, 1.8136110401062684)	(37.0, 2.228645338119119)	(38.0, 2.7366787487793998)	(39.0, 3.2897571563077435)	(40.0, 3.8667609278235475)	(41.0, 4.43598209323227)	(42.0, 4.961021015175547)	(43.0, 5.416661764658697)	(44.0, 5.778397866931339)	(45.0, 5.911236935257487)	(46.0, 5.763602715605462)	(47.0, 5.565365513322232)	(48.0, 5.349577339960135)	(49.0, 5.101724686832992)	(50.0, 4.762384522061353)	(51.0, 4.203184843490472)	(52.0, 3.5275990178871597)	(53.0, 2.9049406179667328)	(54.0, 2.41293588209227)	(55.0, 2.1253680516710856)	(56.0, 1.8975975882833809)	(57.0, 1.5398472641269632)	(58.0, 1.2072059160640762)	(59.0, 0.9832073249902941)	(60.0, 0.8520260266319853)	(61.0, 0.737383211888314)	(62.0, 0.6175781371157583)	(63.0, 0.5547967841401682)	(64.0, 0.4944361318272939)	(65.0, 0.41604322038037445)	(66.0, 0.3201599444985745)	(67.0, 0.23146033847741138)	(68.0, 0.18562389014083203)	(69.0, 0.15492840751051792)	(70.0, 0.11727385611198396)	(71.0, 0.07169409473816682)	(72.0, 0.04173302202908905)	(73.0, 0.028502948156720224)	(74.0, 0.02941917800991311)	(75.0, 0.02756889282000219)	(76.0, 0.015212267640365878)	(77.0, 0.010877110047048583)	(78.0, 0.009992966064200975)	(79.0, 0.010078528385121712)	(80.0, 0.00870240105697987)	(81.0, 0.004549063395619137)	(82.0, 0.0022032297637089556)	(83.0, 0.0006488476003155823)	(84.0, 1.0695290115092016e-05)	(85.0, 1.0695290115092016e-05)	(86.0, 7.130193410061344e-06)	(87.0, 3.565096705030672e-06)	(88.0, 0.0)	(89.0, 3.565096705030672e-06)	(90.0, 7.130193410061344e-06)	(91.0, 3.565096705030672e-06)	(92.0, 1.0695290115092016e-05)	(93.0, 3.2085870345276056e-05)	(94.0, 3.565096705030672e-05)	(95.0, 2.4955676935214705e-05)	(96.0, 1.782548352515336e-05)	(97.0, 3.2085870345276056e-05)	(98.0, 5.347645057546008e-05)	(99.0, 5.7041547280490754e-05)	(100.0, 0.00011764819126601219)
HC_24hpi_3_R1	(0.0, 0.0006834710193557815)	(1.0, 0.0005852711602529392)	(2.0, 0.0003967274307754823)	(3.0, 0.00030638356040086755)	(4.0, 0.0003299515265855497)	(5.0, 0.00038887144204725497)	(6.0, 0.0005145672616988929)	(7.0, 0.0006324070926223035)	(8.0, 0.0006834710193557815)	(9.0, 0.0008680867544691247)	(10.0, 0.0010801984501312637)	(11.0, 0.0012844541570651753)	(12.0, 0.001865797322954001)	(13.0, 0.002616044246499715)	(14.0, 0.004289369845612146)	(15.0, 0.005479552137938592)	(16.0, 0.006406558807869422)	(17.0, 0.009124730907836094)	(18.0, 0.013276620950704261)	(19.0, 0.018328021702954462)	(20.0, 0.026517889952131498)	(21.0, 0.03895784810327954)	(22.0, 0.05606819155335876)	(23.0, 0.07771144049962517)	(24.0, 0.10835372453407603)	(25.0, 0.15239046935015457)	(26.0, 0.21013198650262577)	(27.0, 0.28875864968908943)	(28.0, 0.3814868126427212)	(29.0, 0.4927983169329748)	(30.0, 0.6133681039394444)	(31.0, 0.7549212368390094)	(32.0, 0.9309228803118513)	(33.0, 1.1238659634771155)	(34.0, 1.3572123966716534)	(35.0, 1.6434217780184328)	(36.0, 1.985624719025653)	(37.0, 2.3991443257077214)	(38.0, 2.902992090786948)	(39.0, 3.459926699697171)	(40.0, 4.026092095363062)	(41.0, 4.5795072213230394)	(42.0, 5.102409687062581)	(43.0, 5.546980089192968)	(44.0, 5.823573740336398)	(45.0, 5.86449165762737)	(46.0, 5.6969273460486445)	(47.0, 5.466193029106242)	(48.0, 5.200680250063977)	(49.0, 4.918642398731887)	(50.0, 4.529323165327122)	(51.0, 3.9344087789102837)	(52.0, 3.311153913156365)	(53.0, 2.754337144077066)	(54.0, 2.32177069272341)	(55.0, 2.058760046091086)	(56.0, 1.803884275786841)	(57.0, 1.4462914528610233)	(58.0, 1.1280807014298095)	(59.0, 0.927972956544402)	(60.0, 0.7905599297046129)	(61.0, 0.6749786955405677)	(62.0, 0.580424015207623)	(63.0, 0.5147872293832833)	(64.0, 0.44184044604732803)	(65.0, 0.35853946956756905)	(66.0, 0.27446860619244384)	(67.0, 0.20891430824975052)	(68.0, 0.17487430909034132)	(69.0, 0.14002907108628881)	(70.0, 0.09480999996661205)	(71.0, 0.056390287091216074)	(72.0, 0.0342678228325278)	(73.0, 0.03032411649095766)	(74.0, 0.031691058529669226)	(75.0, 0.024648164634813383)	(76.0, 0.014580715079590004)	(77.0, 0.010456320997270632)	(78.0, 0.009391834524595823)	(79.0, 0.008170228277356468)	(80.0, 0.005730943777241869)	(81.0, 0.0031698914518397446)	(82.0, 0.0013787260218039038)	(83.0, 0.00028281559421618543)	(84.0, 1.178398309234106e-05)	(85.0, 7.855988728227372e-06)	(86.0, 3.927994364113686e-06)	(87.0, 0.0)	(88.0, 0.0)	(89.0, 0.0)	(90.0, 0.0)	(91.0, 0.0)	(92.0, 0.0)	(93.0, 0.0)	(94.0, 0.0)	(95.0, 0.0)	(96.0, 1.5711977456454744e-05)	(97.0, 2.7495960548795807e-05)	(98.0, 1.9639971820568432e-05)	(99.0, 7.855988728227372e-06)	(100.0, 0.0)
HC_24hpi_3_R2	(0.0, 0.0030088553834904026)	(1.0, 0.0027378227183979253)	(2.0, 0.0021054131665154776)	(3.0, 0.001559419826691501)	(4.0, 0.0013276672579892377)	(5.0, 0.0012294670170137024)	(6.0, 0.0010566345928967602)	(7.0, 0.0010055704675894818)	(8.0, 0.001103770708565017)	(9.0, 0.001217682988096638)	(10.0, 0.0013473073061843449)	(11.0, 0.0014297955086037945)	(12.0, 0.0018854446267302784)	(13.0, 0.002851734997929546)	(14.0, 0.004289386525811383)	(15.0, 0.005338165099430101)	(16.0, 0.006410511730882946)	(17.0, 0.009160118478197936)	(18.0, 0.012903511664185343)	(19.0, 0.017605339202093975)	(20.0, 0.02509605358370781)	(21.0, 0.03723360336828398)	(22.0, 0.055341727804172694)	(23.0, 0.07638800345004942)	(24.0, 0.10556525904870048)	(25.0, 0.1471550251066592)	(26.0, 0.20116515764320364)	(27.0, 0.27929719737297853)	(28.0, 0.3740093657890629)	(29.0, 0.481892150524786)	(30.0, 0.5979334112807566)	(31.0, 0.7334065357209661)	(32.0, 0.9126298315205962)	(33.0, 1.1021641526226575)	(34.0, 1.3158203809179492)	(35.0, 1.5908910399193406)	(36.0, 1.9204981847489053)	(37.0, 2.323044540565459)	(38.0, 2.8167482160747825)	(39.0, 3.3633896774891974)	(40.0, 3.916606627039334)	(41.0, 4.460207808993147)	(42.0, 4.981996753421473)	(43.0, 5.424180654505392)	(44.0, 5.7627200932540905)	(45.0, 5.864133446114346)	(46.0, 5.6834332186904435)	(47.0, 5.451983106730386)	(48.0, 5.192251325369372)	(49.0, 4.9220081902143376)	(50.0, 4.599734639380826)	(51.0, 4.066558395008977)	(52.0, 3.4185978529656436)	(53.0, 2.826603592259087)	(54.0, 2.3742500742197423)	(55.0, 2.1154217350757043)	(56.0, 1.9058270687471606)	(57.0, 1.548028598738339)	(58.0, 1.1919663089899648)	(59.0, 0.9623348654927733)	(60.0, 0.8269010211489538)	(61.0, 0.7118574748412947)	(62.0, 0.5985186847169708)	(63.0, 0.5354859140395941)	(64.0, 0.4682423170291866)	(65.0, 0.3917050492128544)	(66.0, 0.3060469430147144)	(67.0, 0.22516136852798546)	(68.0, 0.18382692309656312)	(69.0, 0.1576663789006805)	(70.0, 0.11828415425985182)	(71.0, 0.06910547357930373)	(72.0, 0.03953934502638955)	(73.0, 0.027881012417773993)	(74.0, 0.03353734629796483)	(75.0, 0.03315240135334073)	(76.0, 0.017581771144259847)	(77.0, 0.011807596974898369)	(78.0, 0.010259961177123932)	(79.0, 0.009761103952968213)	(80.0, 0.007926723451545213)	(81.0, 0.004477930988484411)	(82.0, 0.0023018136484665485)	(83.0, 0.0005813454265751692)	(84.0, 7.856019278042827e-06)	(85.0, 7.856019278042827e-06)	(86.0, 1.5712038556085653e-05)	(87.0, 7.856019278042827e-06)	(88.0, 0.0)	(89.0, 0.0)	(90.0, 3.928009639021413e-06)	(91.0, 7.856019278042827e-06)	(92.0, 1.178402891706424e-05)	(93.0, 1.9640048195107066e-05)	(94.0, 1.5712038556085653e-05)	(95.0, 1.178402891706424e-05)	(96.0, 1.5712038556085653e-05)	(97.0, 3.1424077112171306e-05)	(98.0, 2.7496067473149896e-05)	(99.0, 1.9640048195107066e-05)	(100.0, 9.820024097553533e-05)
HC_48hpi_1_R1	(0.0, 0.0003892073334181893)	(1.0, 0.00036611876279168655)	(2.0, 0.00031334488707396595)	(3.0, 0.0002605710113562454)	(4.0, 0.0002968530509121783)	(5.0, 0.0003595220283269715)	(6.0, 0.0004221910057417647)	(7.0, 0.00047166651422712776)	(8.0, 0.0005871093673596416)	(9.0, 0.0007850114013010938)	(10.0, 0.000982913435242546)	(11.0, 0.0011775171019516406)	(12.0, 0.0015304423958138968)	(13.0, 0.0022329946163060525)	(14.0, 0.003931653740970184)	(15.0, 0.005039905131042316)	(16.0, 0.005696280210281466)	(17.0, 0.008361360934026354)	(18.0, 0.012543690584655712)	(19.0, 0.01791673080616614)	(20.0, 0.02519952565521158)	(21.0, 0.03732762196859024)	(22.0, 0.053720507113407194)	(23.0, 0.07541716676785508)	(24.0, 0.10742122402342025)	(25.0, 0.15252639592590958)	(26.0, 0.2141300007246513)	(27.0, 0.29283563962316683)	(28.0, 0.39660886948759966)	(29.0, 0.5079617472519901)	(30.0, 0.6416643613828351)	(31.0, 0.8087761372102298)	(32.0, 0.98675273470101)	(33.0, 1.1839588131564347)	(34.0, 1.4262172896386311)	(35.0, 1.733654800999445)	(36.0, 2.088301842556992)	(37.0, 2.5374767906266733)	(38.0, 3.058615514971932)	(39.0, 3.6232992835187745)	(40.0, 4.241410004495345)	(41.0, 4.795367482802561)	(42.0, 5.310473493479837)	(43.0, 5.783109727673278)	(44.0, 5.970328350149124)	(45.0, 5.81294016092272)	(46.0, 5.542246460530369)	(47.0, 5.316898712848469)	(48.0, 5.071384747907937)	(49.0, 4.8251748274813755)	(50.0, 4.40664830773476)	(51.0, 3.7190838679464377)	(52.0, 3.07463238625226)	(53.0, 2.563025943208515)	(54.0, 2.1526628823619847)	(55.0, 1.8546224192461573)	(56.0, 1.5781532778299487)	(57.0, 1.2911788367786814)	(58.0, 1.0782791270316994)	(59.0, 0.9369572845941084)	(60.0, 0.8076382005150664)	(61.0, 0.6956784231799222)	(62.0, 0.6223953000114024)	(63.0, 0.5566984214773051)	(64.0, 0.4847445403034254)	(65.0, 0.383484666270049)	(66.0, 0.28206976897675184)	(67.0, 0.22458582485122466)	(68.0, 0.17968845008437387)	(69.0, 0.13627534057208399)	(70.0, 0.08695155697940939)	(71.0, 0.0505507762031116)	(72.0, 0.03371590984915874)	(73.0, 0.028326377791486525)	(74.0, 0.026733266418257837)	(75.0, 0.017616579388021605)	(76.0, 0.011755380816122261)	(77.0, 0.009684006194201728)	(78.0, 0.008615335210917886)	(79.0, 0.006715475685079944)	(80.0, 0.0037205582380993012)	(81.0, 0.001678868921269986)	(82.0, 0.0005112469210154182)	(83.0, 3.298367232357537e-05)	(84.0, 3.2983672323575366e-06)	(85.0, 0.0)	(86.0, 0.0)	(87.0, 6.596734464715073e-06)	(88.0, 6.596734464715073e-06)	(89.0, 0.0)	(90.0, 0.0)	(91.0, 0.0)	(92.0, 0.0)	(93.0, 0.0)	(94.0, 0.0)	(95.0, 0.0)	(96.0, 0.0)	(97.0, 0.0)	(98.0, 0.0)	(99.0, 3.2983672323575366e-06)	(100.0, 3.2983672323575366e-06)
HC_48hpi_1_R2	(0.0, 0.0012006070585931865)	(1.0, 0.001144534750911637)	(2.0, 0.0009598259726665312)	(3.0, 0.0007916090496218813)	(4.0, 0.0007322383709002403)	(5.0, 0.0006860611763389638)	(6.0, 0.0006662709500984169)	(7.0, 0.0007718188233813342)	(8.0, 0.0008905601808246164)	(9.0, 0.0009070520360250725)	(10.0, 0.0009862129409872605)	(11.0, 0.0012138005427535514)	(12.0, 0.0015964115834041274)	(13.0, 0.002259384162462453)	(14.0, 0.004040504524111686)	(15.0, 0.004977241899497579)	(16.0, 0.005531368234232896)	(17.0, 0.008143678097985104)	(18.0, 0.012190779364176974)	(19.0, 0.017072368503511907)	(20.0, 0.02414077764242729)	(21.0, 0.03598192967635459)	(22.0, 0.05191306179999496)	(23.0, 0.07224422089111696)	(24.0, 0.1028267171748423)	(25.0, 0.1450062860355282)	(26.0, 0.1989973215907806)	(27.0, 0.2722277554228848)	(28.0, 0.36923614608300626)	(29.0, 0.4871232254269049)	(30.0, 0.6125503809684519)	(31.0, 0.7645657054641738)	(32.0, 0.9449997948413212)	(33.0, 1.1163105899215766)	(34.0, 1.3331784858075713)	(35.0, 1.6252393462945243)	(36.0, 1.9520683359150783)	(37.0, 2.3471307272419986)	(38.0, 2.8335777866056846)	(39.0, 3.379708869939821)	(40.0, 3.9482292958940954)	(41.0, 4.518953033703151)	(42.0, 5.07024606771503)	(43.0, 5.491692128991639)	(44.0, 5.8101960301070035)	(45.0, 5.857075777699819)	(46.0, 5.592078051596814)	(47.0, 5.3563863521850195)	(48.0, 5.1154535411905195)	(49.0, 4.888482734808726)	(50.0, 4.589360061924937)	(51.0, 4.029266973978095)	(52.0, 3.3754539712981027)	(53.0, 2.7925394541248703)	(54.0, 2.3090543319551857)	(55.0, 1.9725842037844454)	(56.0, 1.724388379759665)	(57.0, 1.4365428374619484)	(58.0, 1.172983201132423)	(59.0, 0.9902072683168108)	(60.0, 0.8754800284293197)	(61.0, 0.7625339089034776)	(62.0, 0.6521506236757865)	(63.0, 0.5862161865843639)	(64.0, 0.5230490827955779)	(65.0, 0.4544924407272829)	(66.0, 0.3548090711536475)	(67.0, 0.25277726139946716)	(68.0, 0.20189329136398063)	(69.0, 0.1692658050353988)	(70.0, 0.12452670024760211)	(71.0, 0.07544693917104547)	(72.0, 0.04522726370173015)	(73.0, 0.030770503433010545)	(74.0, 0.03089584153253401)	(75.0, 0.028026258727654692)	(76.0, 0.014664557644245351)	(77.0, 0.010534997102051203)	(78.0, 0.009387163980099476)	(79.0, 0.00835807221559103)	(80.0, 0.006834224795068909)	(81.0, 0.0035358537549777364)	(82.0, 0.0015733229861234891)	(83.0, 0.00043208660625194354)	(84.0, 9.895113120273517e-06)	(85.0, 0.0)	(86.0, 3.2983710400911725e-06)	(87.0, 3.2983710400911725e-06)	(88.0, 3.2983710400911725e-06)	(89.0, 3.2983710400911725e-06)	(90.0, 3.2983710400911725e-06)	(91.0, 3.2983710400911725e-06)	(92.0, 6.596742080182345e-06)	(93.0, 9.895113120273517e-06)	(94.0, 6.596742080182345e-06)	(95.0, 9.895113120273517e-06)	(96.0, 9.895113120273517e-06)	(97.0, 1.319348416036469e-05)	(98.0, 1.649185520045586e-05)	(99.0, 9.895113120273517e-06)	(100.0, 4.287882352118524e-05)
HC_48hpi_2_R1	(0.0, 0.00033065236264545866)	(1.0, 0.0002652107492052116)	(2.0, 0.0001859919539880705)	(3.0, 0.00016188188587850578)	(4.0, 0.00021010202209763515)	(5.0, 0.0002411006810956469)	(6.0, 0.00023765638565142338)	(7.0, 0.00035820672619924686)	(8.0, 0.0005579758619642114)	(9.0, 0.0007060805660658231)	(10.0, 0.0008576295656116584)	(11.0, 0.00106428729226507)	(12.0, 0.0013019436779164934)	(13.0, 0.0021216859936416927)	(14.0, 0.004498249850155927)	(15.0, 0.005528094187978762)	(16.0, 0.005872523732401114)	(17.0, 0.008662403042222171)	(18.0, 0.012561345485083206)	(19.0, 0.017634792674424457)	(20.0, 0.025422344673813855)	(21.0, 0.036740299503532366)	(22.0, 0.05171265179957203)	(23.0, 0.0713968002633095)	(24.0, 0.1009970753109665)	(25.0, 0.14445719522617895)	(26.0, 0.19973469281052234)	(27.0, 0.27397648111076045)	(28.0, 0.3643789036352954)	(29.0, 0.4759912975053588)	(30.0, 0.5984187790702841)	(31.0, 0.7412089353014588)	(32.0, 0.9143536672825756)	(33.0, 1.0958955915567092)	(34.0, 1.3286541890864467)	(35.0, 1.617248260062492)	(36.0, 1.954086577325776)	(37.0, 2.372172379822849)	(38.0, 2.8680028190869353)	(39.0, 3.417340388077034)	(40.0, 3.9950141756867596)	(41.0, 4.56177987962463)	(42.0, 5.099203630673159)	(43.0, 5.554084841400872)	(44.0, 5.824761687476066)	(45.0, 5.83973748406755)	(46.0, 5.684585751487058)	(47.0, 5.49234928985861)	(48.0, 5.25802353790175)	(49.0, 5.040474949053704)	(50.0, 4.678334837457154)	(51.0, 4.028919820039696)	(52.0, 3.374810227931762)	(53.0, 2.7966507946644006)	(54.0, 2.2888824273906354)	(55.0, 1.963007302526315)	(56.0, 1.694617468626085)	(57.0, 1.3805218341810088)	(58.0, 1.1185039468525926)	(59.0, 0.9439263879666787)	(60.0, 0.8163290189399739)	(61.0, 0.7010312289445914)	(62.0, 0.6081454694047713)	(63.0, 0.5437371445977913)	(64.0, 0.4738661672162729)	(65.0, 0.3960698660175961)	(66.0, 0.30169961514131566)	(67.0, 0.22093088697427393)	(68.0, 0.1791136959859561)	(69.0, 0.14051692123798726)	(70.0, 0.09433925221728241)	(71.0, 0.05528094187978762)	(72.0, 0.032627810743129475)	(73.0, 0.025174355401829763)	(74.0, 0.02323866136217614)	(75.0, 0.016945933585579755)	(76.0, 0.00974391181170836)	(77.0, 0.007405235205080584)	(78.0, 0.007102137205988913)	(79.0, 0.00603440561827962)	(80.0, 0.003988494124410845)	(81.0, 0.002025245721203434)	(82.0, 0.0007715221795060701)	(83.0, 0.00014121611321316462)	(84.0, 3.444295444223527e-06)	(85.0, 0.0)	(86.0, 0.0)	(87.0, 0.0)	(88.0, 0.0)	(89.0, 0.0)	(90.0, 0.0)	(91.0, 0.0)	(92.0, 0.0)	(93.0, 0.0)	(94.0, 0.0)	(95.0, 0.0)	(96.0, 0.0)	(97.0, 0.0)	(98.0, 0.0)	(99.0, 0.0)	(100.0, 0.0)
HC_48hpi_2_R2	(0.0, 0.0010884112309710585)	(1.0, 0.0009850810508155782)	(2.0, 0.0008404187985979059)	(3.0, 0.0007474216364579736)	(4.0, 0.0006268697596099134)	(5.0, 0.0006062037235788173)	(6.0, 0.0006062037235788173)	(7.0, 0.0005786490088706893)	(8.0, 0.0006750905103491376)	(9.0, 0.0008128640838897779)	(10.0, 0.0009471933180919021)	(11.0, 0.0012055187684806025)	(12.0, 0.0016429498644721357)	(13.0, 0.002328373392836821)	(14.0, 0.004350200584545718)	(15.0, 0.005483388226917484)	(16.0, 0.0060000391276948855)	(17.0, 0.008490296469441959)	(18.0, 0.012437509351381304)	(19.0, 0.018044893794485362)	(20.0, 0.025333115834785237)	(21.0, 0.03641011114745272)	(22.0, 0.05197163627886804)	(23.0, 0.07174214408194993)	(24.0, 0.10149090294871267)	(25.0, 0.1437908343650278)	(26.0, 0.19714709505797928)	(27.0, 0.2699053192447914)	(28.0, 0.3634604643575632)	(29.0, 0.47236358556276237)	(30.0, 0.5904872031771689)	(31.0, 0.7346982469414955)	(32.0, 0.9126982596166643)	(33.0, 1.093267749438366)	(34.0, 1.3090314986210243)	(35.0, 1.5897830424428026)	(36.0, 1.9174705984305385)	(37.0, 2.3213434962469104)	(38.0, 2.8132709292524436)	(39.0, 3.3607624444669164)	(40.0, 3.9146500978330145)	(41.0, 4.46956416432199)	(42.0, 5.0053414814461705)	(43.0, 5.422506084769876)	(44.0, 5.755318817693323)	(45.0, 5.846549033752597)	(46.0, 5.651416877207649)	(47.0, 5.4432616736237724)	(48.0, 5.213079919970086)	(49.0, 5.009216363202001)	(50.0, 4.732222593598544)	(51.0, 4.15272627725058)	(52.0, 3.4629146605686243)	(53.0, 2.846460583118384)	(54.0, 2.3290898154192328)	(55.0, 2.0046847148211024)	(56.0, 1.762127449924128)	(57.0, 1.449997974728469)	(58.0, 1.1633325002624586)	(59.0, 0.9657031976970872)	(60.0, 0.8458574104134228)	(61.0, 0.7315053443746912)	(62.0, 0.6224782269533056)	(63.0, 0.5611276546556584)	(64.0, 0.49718349483610874)	(65.0, 0.43339433028679225)	(66.0, 0.33971174461849535)	(67.0, 0.23820017563375157)	(68.0, 0.18842602785285673)	(69.0, 0.15563591735018434)	(70.0, 0.11436928773542404)	(71.0, 0.06793959345222825)	(72.0, 0.03899680999067824)	(73.0, 0.02626997613486159)	(74.0, 0.02551566581972659)	(75.0, 0.02262930945405017)	(76.0, 0.011927747129280936)	(77.0, 0.008907061529402396)	(78.0, 0.007746319172322501)	(79.0, 0.006905900373724595)	(80.0, 0.005645272175827737)	(81.0, 0.0028381356149371905)	(82.0, 0.0012812942339279548)	(83.0, 0.0003065462011279247)	(84.0, 2.4110375369612053e-05)	(85.0, 1.722169669258004e-05)	(86.0, 6.8886786770320156e-06)	(87.0, 0.0)	(88.0, 0.0)	(89.0, 3.4443393385160078e-06)	(90.0, 3.4443393385160078e-06)	(91.0, 0.0)	(92.0, 0.0)	(93.0, 0.0)	(94.0, 0.0)	(95.0, 0.0)	(96.0, 6.8886786770320156e-06)	(97.0, 6.8886786770320156e-06)	(98.0, 6.8886786770320156e-06)	(99.0, 1.0333018015548023e-05)	(100.0, 2.4110375369612053e-05)
HC_48hpi_3_R1	(0.0, 0.0003832274820705106)	(1.0, 0.0003180788101185238)	(2.0, 0.0002261042144216013)	(3.0, 0.00021460738995948597)	(4.0, 0.00022227193960089615)	(5.0, 0.0002376010388837166)	(6.0, 0.00027592378709076764)	(7.0, 0.00039472430653262594)	(8.0, 0.0004598729784846128)	(9.0, 0.0006514867195198681)	(10.0, 0.0008814232087621745)	(11.0, 0.0010653724001560196)	(12.0, 0.0015405744779234526)	(13.0, 0.0023836749384785762)	(14.0, 0.00414268908118222)	(15.0, 0.00541117204683561)	(16.0, 0.006093316964921119)	(17.0, 0.008484656453041107)	(18.0, 0.012301602174463392)	(19.0, 0.017866065214127206)	(20.0, 0.026293237544857736)	(21.0, 0.03708875571478402)	(22.0, 0.05205762116445817)	(23.0, 0.07267142742503094)	(24.0, 0.10180438061203115)	(25.0, 0.1419972789315863)	(26.0, 0.19417370061548633)	(27.0, 0.2670597354304768)	(28.0, 0.35576540070533785)	(29.0, 0.4603788387609459)	(30.0, 0.5843490969359353)	(31.0, 0.7287108894318967)	(32.0, 0.8973194847184592)	(33.0, 1.0846564070538076)	(34.0, 1.3240739442025384)	(35.0, 1.628161118950668)	(36.0, 1.9742883484819327)	(37.0, 2.395294395734954)	(38.0, 2.9040442072828396)	(39.0, 3.474577953490133)	(40.0, 4.072746233429531)	(41.0, 4.664602756739228)	(42.0, 5.220090992000433)	(43.0, 5.673947299016539)	(44.0, 5.953163010178292)	(45.0, 5.939489453618016)	(46.0, 5.726813530168165)	(47.0, 5.504606739239222)	(48.0, 5.232775821656967)	(49.0, 4.9499769335378545)	(50.0, 4.556636078215503)	(51.0, 3.9399004267697886)	(52.0, 3.313944322105458)	(53.0, 2.750431303369696)	(54.0, 2.2619503933485197)	(55.0, 1.937191928217507)	(56.0, 1.6716152831426432)	(57.0, 1.3634812261838491)	(58.0, 1.1009397427669836)	(59.0, 0.9255595178722351)	(60.0, 0.7951931930214888)	(61.0, 0.6829995153705262)	(62.0, 0.5919293365312901)	(63.0, 0.5239601103112642)	(64.0, 0.4484374704196287)	(65.0, 0.3700674503362093)	(66.0, 0.28404820971066247)	(67.0, 0.20926903113424375)	(68.0, 0.16853578206496916)	(69.0, 0.13055410631696085)	(70.0, 0.08798902988338925)	(71.0, 0.05285856660198553)	(72.0, 0.03168524821758982)	(73.0, 0.02339987005522538)	(74.0, 0.02017309465619168)	(75.0, 0.014995691373419082)	(76.0, 0.009438892883396678)	(77.0, 0.00718934756364278)	(78.0, 0.006894262402448487)	(79.0, 0.005782902704444006)	(80.0, 0.0036636547285940815)	(81.0, 0.0018471564635798613)	(82.0, 0.0007281322159339702)	(83.0, 0.00016862009211102467)	(84.0, 7.664549641410212e-06)	(85.0, 0.0)	(86.0, 0.0)	(87.0, 0.0)	(88.0, 0.0)	(89.0, 0.0)	(90.0, 0.0)	(91.0, 0.0)	(92.0, 0.0)	(93.0, 0.0)	(94.0, 0.0)	(95.0, 0.0)	(96.0, 0.0)	(97.0, 0.0)	(98.0, 0.0)	(99.0, 0.0)	(100.0, 0.0)
HC_48hpi_3_R2	(0.0, 0.0009733975433362142)	(1.0, 0.0009044166150682935)	(2.0, 0.0007166351992278429)	(3.0, 0.0006438219971672598)	(4.0, 0.0005825056164846636)	(5.0, 0.0005556796999360279)	(6.0, 0.0006093315330332995)	(7.0, 0.0006361574495819353)	(8.0, 0.0007741193061177766)	(9.0, 0.0008316034130077106)	(10.0, 0.0008545970557636842)	(11.0, 0.001130520768835367)	(12.0, 0.0016517100046374343)	(13.0, 0.0024718165962671584)	(14.0, 0.004322804838123031)	(15.0, 0.005510809713848331)	(16.0, 0.006288761293758769)	(17.0, 0.00877973925898924)	(18.0, 0.012696323075090072)	(19.0, 0.01808450002757321)	(20.0, 0.025354323412253518)	(21.0, 0.036452588315803426)	(22.0, 0.052831726505641934)	(23.0, 0.07372911549702924)	(24.0, 0.102360033002009)	(25.0, 0.14225400318362313)	(26.0, 0.19425029400246469)	(27.0, 0.2643042589323308)	(28.0, 0.35208632242705257)	(29.0, 0.4564966219081359)	(30.0, 0.575013521220009)	(31.0, 0.7207204030908207)	(32.0, 0.8961312391285577)	(33.0, 1.0755199753630782)	(34.0, 1.3037778670016278)	(35.0, 1.603024798375453)	(36.0, 1.9398280129173686)	(37.0, 2.347371169398037)	(38.0, 2.8449574309110974)	(39.0, 3.4058988427644508)	(40.0, 3.9819355810871)	(41.0, 4.560570601041175)	(42.0, 5.109164426734571)	(43.0, 5.536976479304629)	(44.0, 5.887552885857373)	(45.0, 5.95408115889799)	(46.0, 5.708972759393104)	(47.0, 5.475594949967558)	(48.0, 5.208454808428657)	(49.0, 4.927231060701722)	(50.0, 4.607140392169607)	(51.0, 4.046494065398289)	(52.0, 3.388439003365081)	(53.0, 2.808849747236634)	(54.0, 2.3139882323901557)	(55.0, 1.986321158569947)	(56.0, 1.7377867062944214)	(57.0, 1.4282884425252247)	(58.0, 1.1495786664062764)	(59.0, 0.9506031788174591)	(60.0, 0.8250732184650141)	(61.0, 0.7158879058382737)	(62.0, 0.6040429951994256)	(63.0, 0.5368823969830194)	(64.0, 0.4708024999761441)	(65.0, 0.40307472523842397)	(66.0, 0.31571804413468774)	(67.0, 0.22711204177454355)	(68.0, 0.17975663451861604)	(69.0, 0.1472627850306327)	(70.0, 0.10916998353156984)	(71.0, 0.06540541681936682)	(72.0, 0.03797016873769768)	(73.0, 0.025338994317082867)	(74.0, 0.02303196549390019)	(75.0, 0.020107940590098884)	(76.0, 0.011335865878694968)	(77.0, 0.008511480093502881)	(78.0, 0.007258326563302322)	(79.0, 0.006449716793050585)	(80.0, 0.005598952011079563)	(81.0, 0.0029738444631059145)	(82.0, 0.001368121743980427)	(83.0, 0.00038322737926622605)	(84.0, 1.1496821377986783e-05)	(85.0, 7.664547585324521e-06)	(86.0, 3.832273792662261e-06)	(87.0, 0.0)	(88.0, 0.0)	(89.0, 0.0)	(90.0, 0.0)	(91.0, 0.0)	(92.0, 0.0)	(93.0, 0.0)	(94.0, 0.0)	(95.0, 0.0)	(96.0, 3.832273792662261e-06)	(97.0, 7.664547585324521e-06)	(98.0, 1.1496821377986783e-05)	(99.0, 7.664547585324521e-06)	(100.0, 2.2993642755973566e-05)
HC_6hpi_1_R1	(0.0, 0.00044717119502030156)	(1.0, 0.0003773006957983794)	(2.0, 0.00024105322231563134)	(3.0, 0.0001676891981326131)	(4.0, 0.00020262444774357414)	(5.0, 0.0002375596973545352)	(6.0, 0.0002934560967320729)	(7.0, 0.0003703136458761872)	(8.0, 0.0004401841450981094)	(9.0, 0.0005449898939309926)	(10.0, 0.0007021985171803174)	(11.0, 0.0009816805140680058)	(12.0, 0.00139042293451625)	(13.0, 0.002015763902552453)	(14.0, 0.003196575339402937)	(15.0, 0.005104039968161412)	(16.0, 0.006337254279428336)	(17.0, 0.00847878508058025)	(18.0, 0.012824730132183803)	(19.0, 0.017568937029352315)	(20.0, 0.024943768222226194)	(21.0, 0.03554661647915288)	(22.0, 0.05147359677679002)	(23.0, 0.07325921843418534)	(24.0, 0.10268517918149785)	(25.0, 0.14357688885112777)	(26.0, 0.19503301800311232)	(27.0, 0.2649559200994509)	(28.0, 0.34840924437011467)	(29.0, 0.4424130140232887)	(30.0, 0.5521970359257339)	(31.0, 0.6822993990019139)	(32.0, 0.8425613630672367)	(33.0, 1.0231940711807108)	(34.0, 1.2260875203462893)	(35.0, 1.4871900824136512)	(36.0, 1.8174923869104047)	(37.0, 2.218115855349062)	(38.0, 2.7161807220026115)	(39.0, 3.2851920935661005)	(40.0, 3.8756746695404867)	(41.0, 4.4539334016759975)	(42.0, 4.9769595041765795)	(43.0, 5.392978937118786)	(44.0, 5.6811353564848766)	(45.0, 5.818616044278892)	(46.0, 5.759474160212496)	(47.0, 5.5535308637558805)	(48.0, 5.2566091902624)	(49.0, 4.924514707460604)	(50.0, 4.522616102411147)	(51.0, 3.9641866179548177)	(52.0, 3.375608013084229)	(53.0, 2.888320670935661)	(54.0, 2.4920117058239577)	(55.0, 2.221843446482551)	(56.0, 1.959490202479117)	(57.0, 1.589330271701218)	(58.0, 1.2835664865312035)	(59.0, 1.0753733599996422)	(60.0, 0.9275937606203158)	(61.0, 0.804115120870374)	(62.0, 0.669401304845547)	(63.0, 0.5777102487166187)	(64.0, 0.5248916448298067)	(65.0, 0.44568644691183573)	(66.0, 0.32849265856690574)	(67.0, 0.2432192077915109)	(68.0, 0.2031205282880498)	(69.0, 0.17851563198704992)	(70.0, 0.13560815841486754)	(71.0, 0.08404722351405013)	(72.0, 0.05225265284311446)	(73.0, 0.03389068564759332)	(74.0, 0.03219632604146171)	(75.0, 0.027832913365052676)	(76.0, 0.014627389012109394)	(77.0, 0.011895452492532241)	(78.0, 0.011629944595488937)	(79.0, 0.011221202175040693)	(80.0, 0.011022071252258214)	(81.0, 0.006602762176471641)	(82.0, 0.002938054492281825)	(83.0, 0.0009153035398071798)	(84.0, 4.1922299533153275e-05)	(85.0, 1.3974099844384424e-05)	(86.0, 1.0480574883288319e-05)	(87.0, 3.493524961096106e-06)	(88.0, 0.0)	(89.0, 0.0)	(90.0, 0.0)	(91.0, 0.0)	(92.0, 0.0)	(93.0, 0.0)	(94.0, 0.0)	(95.0, 0.0)	(96.0, 0.0)	(97.0, 0.0)	(98.0, 0.0)	(99.0, 0.0)	(100.0, 0.0)
HC_6hpi_1_R2	(0.0, 0.0012227437748454984)	(1.0, 0.0013834472423966211)	(2.0, 0.0013170697231907227)	(3.0, 0.0010515596463671287)	(4.0, 0.0008524270887494333)	(5.0, 0.0007091913894103891)	(6.0, 0.0006917236211983106)	(7.0, 0.0006393203165620749)	(8.0, 0.000649800977489322)	(9.0, 0.0006812429602710634)	(10.0, 0.000782556015901119)	(11.0, 0.0010271047708702186)	(12.0, 0.0014393441006752725)	(13.0, 0.0023336938331336944)	(14.0, 0.0037974928093058766)	(15.0, 0.005037704352363453)	(16.0, 0.006435125809329738)	(17.0, 0.0091845525259109)	(18.0, 0.013652807634560593)	(19.0, 0.018914099420038653)	(20.0, 0.027130937587000404)	(21.0, 0.03907539749041972)	(22.0, 0.056036600424347986)	(23.0, 0.08071156980073015)	(24.0, 0.1134811029665895)	(25.0, 0.15785622133255386)	(26.0, 0.21629289310924144)	(27.0, 0.2941607102450452)	(28.0, 0.3826524240074351)	(29.0, 0.4815793824997208)	(30.0, 0.6018205117643847)	(31.0, 0.7397914257643083)	(32.0, 0.907387674651917)	(33.0, 1.11180947248423)	(34.0, 1.3375349604279938)	(35.0, 1.6294283543591113)	(36.0, 1.999884782600873)	(37.0, 2.4454176786181487)	(38.0, 2.9855874492548233)	(39.0, 3.578677570466811)	(40.0, 4.16035774548267)	(41.0, 4.72005997453409)	(42.0, 5.214614415261743)	(43.0, 5.568762935100708)	(44.0, 5.7964308388696555)	(45.0, 5.832515754442167)	(46.0, 5.672671701087078)	(47.0, 5.437607944257137)	(48.0, 5.113804431356195)	(49.0, 4.72805671882158)	(50.0, 4.245499141301982)	(51.0, 3.676028936266367)	(52.0, 3.157830124486845)	(53.0, 2.705914505964876)	(54.0, 2.3870264230388125)	(55.0, 2.097459735833544)	(56.0, 1.740760921835615)	(57.0, 1.435155329858016)	(58.0, 1.187427441074318)	(59.0, 1.0075792995627573)	(60.0, 0.8746670512370516)	(61.0, 0.7331222318609367)	(62.0, 0.6228342369235151)	(63.0, 0.5534522615851392)	(64.0, 0.47208739725327725)	(65.0, 0.37644787273850483)	(66.0, 0.2911387863443556)	(67.0, 0.22378656567222313)	(68.0, 0.19074802887589776)	(69.0, 0.1546631133033859)	(70.0, 0.1055402555373786)	(71.0, 0.06695395555689708)	(72.0, 0.04234885725336324)	(73.0, 0.03552944054336777)	(74.0, 0.029806999677090835)	(75.0, 0.018271285549834163)	(76.0, 0.013782069119329976)	(77.0, 0.012674612614684194)	(78.0, 0.012625702863690375)	(79.0, 0.012038785851764535)	(80.0, 0.007706779335169056)	(81.0, 0.003979157598711493)	(82.0, 0.0019109738424013935)	(83.0, 0.0001432356993390441)	(84.0, 2.096132185449426e-05)	(85.0, 1.048066092724713e-05)	(86.0, 3.4935536424157103e-06)	(87.0, 0.0)	(88.0, 0.0)	(89.0, 0.0)	(90.0, 0.0)	(91.0, 0.0)	(92.0, 0.0)	(93.0, 0.0)	(94.0, 3.4935536424157103e-06)	(95.0, 3.4935536424157103e-06)	(96.0, 0.0)	(97.0, 0.0)	(98.0, 0.0)	(99.0, 6.987107284831421e-06)	(100.0, 6.987107284831421e-06)
HC_6hpi_2_R1	(0.0, 0.0006501464000362683)	(1.0, 0.0004578988086276944)	(2.0, 0.00024118334194893828)	(3.0, 0.00021322005592587298)	(4.0, 0.00022370628818452247)	(5.0, 0.00025516498496047093)	(6.0, 0.0002796328602306531)	(7.0, 0.0003320640215239005)	(8.0, 0.00041595387959309643)	(9.0, 0.000534797845191124)	(10.0, 0.0006082014710016704)	(11.0, 0.0007445224903641137)	(12.0, 0.0011220268516754955)	(13.0, 0.00164633846460797)	(14.0, 0.002694961690472919)	(15.0, 0.004218960778729978)	(16.0, 0.005138253806738251)	(17.0, 0.006746142753064505)	(18.0, 0.010377874525310112)	(19.0, 0.014771605841684248)	(20.0, 0.020867602194712485)	(21.0, 0.030186367261899)	(22.0, 0.044374239507851757)	(23.0, 0.06358501700569763)	(24.0, 0.09048220274913357)	(25.0, 0.12698827265224533)	(26.0, 0.17415534535165075)	(27.0, 0.24291357027161542)	(28.0, 0.3243216867062643)	(29.0, 0.4142096696274077)	(30.0, 0.521843852940939)	(31.0, 0.6499471616233541)	(32.0, 0.8074398839160107)	(33.0, 0.9872717763303438)	(34.0, 1.1932458457654898)	(35.0, 1.4500396921368044)	(36.0, 1.774480222808667)	(37.0, 2.1839221521691417)	(38.0, 2.6840000823518775)	(39.0, 3.2538289341083964)	(40.0, 3.8524075393073796)	(41.0, 4.443991827589843)	(42.0, 4.994578443151741)	(43.0, 5.438922048879754)	(44.0, 5.741509271524591)	(45.0, 5.889179889601646)	(46.0, 5.84918889517791)	(47.0, 5.65193937098196)	(48.0, 5.355402704350364)	(49.0, 5.016061237638961)	(50.0, 4.598461019581256)	(51.0, 4.025325509252509)	(52.0, 3.4143172234162735)	(53.0, 2.91790248370256)	(54.0, 2.516835558505993)	(55.0, 2.2272862179694104)	(56.0, 1.9499218793173785)	(57.0, 1.5777410285826379)	(58.0, 1.2726825505355126)	(59.0, 1.0549708917921847)	(60.0, 0.9003234338523749)	(61.0, 0.7797946802714578)	(62.0, 0.6463224206726143)	(63.0, 0.5530753480179501)	(64.0, 0.49795621585573546)	(65.0, 0.4196520241696468)	(66.0, 0.31053578669689313)	(67.0, 0.231109568159129)	(68.0, 0.1906851428020352)	(69.0, 0.1686186147190838)	(70.0, 0.13030541745673144)	(71.0, 0.08119839178947588)	(72.0, 0.05084424481143849)	(73.0, 0.03275898957602101)	(74.0, 0.031532100401759015)	(75.0, 0.027736084324127903)	(76.0, 0.014610816947051623)	(77.0, 0.011786525058722026)	(78.0, 0.011384552822140463)	(79.0, 0.010769360529633025)	(80.0, 0.01046525979413219)	(81.0, 0.006410583320787722)	(82.0, 0.0028802184603757266)	(83.0, 0.0007654949548814128)	(84.0, 3.4954107528831635e-05)	(85.0, 1.7477053764415817e-05)	(86.0, 1.048623225864949e-05)	(87.0, 1.048623225864949e-05)	(88.0, 3.4954107528831636e-06)	(89.0, 0.0)	(90.0, 0.0)	(91.0, 0.0)	(92.0, 0.0)	(93.0, 0.0)	(94.0, 0.0)	(95.0, 0.0)	(96.0, 0.0)	(97.0, 0.0)	(98.0, 0.0)	(99.0, 0.0)	(100.0, 0.0)
HC_6hpi_2_R2	(0.0, 0.0012583589112259248)	(1.0, 0.0013841948023485173)	(2.0, 0.001345744946727725)	(3.0, 0.001104559488742756)	(4.0, 0.0008948330035384353)	(5.0, 0.0007410335810552668)	(6.0, 0.0006955928425943305)	(7.0, 0.0006431612212932504)	(8.0, 0.0006396657798731784)	(9.0, 0.0006955928425943305)	(10.0, 0.0008458968236574272)	(11.0, 0.00109407316448254)	(12.0, 0.0014191492165492373)	(13.0, 0.002090273969203064)	(14.0, 0.0033171739076483403)	(15.0, 0.00442872427923124)	(16.0, 0.005463374939572557)	(17.0, 0.007420822134812884)	(18.0, 0.011265807696892099)	(19.0, 0.015935717434108307)	(20.0, 0.02266094672632686)	(21.0, 0.033129793779442536)	(22.0, 0.04836991837095652)	(23.0, 0.06998223267126177)	(24.0, 0.10157403222587262)	(25.0, 0.14321522586319052)	(26.0, 0.19733164992874544)	(27.0, 0.27134063111593015)	(28.0, 0.35683563280947156)	(29.0, 0.456364831804602)	(30.0, 0.5770519377154284)	(31.0, 0.7182537893206575)	(32.0, 0.8850807219764344)	(33.0, 1.082758420605767)	(34.0, 1.3098572496678456)	(35.0, 1.6020936295929662)	(36.0, 1.9755361045892001)	(37.0, 2.4283950086494697)	(38.0, 2.9702128968505725)	(39.0, 3.5672517686059724)	(40.0, 4.163874682832384)	(41.0, 4.740577076405805)	(42.0, 5.2513694265623485)	(43.0, 5.622739104796479)	(44.0, 5.856570154033617)	(45.0, 5.890808002743222)	(46.0, 5.74895250359244)	(47.0, 5.52760367566638)	(48.0, 5.192670478795079)	(49.0, 4.793802162909242)	(50.0, 4.294709055185679)	(51.0, 3.7053706408786984)	(52.0, 3.1761398372312746)	(53.0, 2.712539441687124)	(54.0, 2.3838351214263915)	(55.0, 2.087904059920255)	(56.0, 1.7270207059463403)	(57.0, 1.4227425303290713)	(58.0, 1.169109805447226)	(59.0, 0.9849629605549921)	(60.0, 0.8511085268147546)	(61.0, 0.7104030278911757)	(62.0, 0.5998876565127589)	(63.0, 0.5301326275338019)	(64.0, 0.4489894504082501)	(65.0, 0.3546335047148262)	(66.0, 0.27485354974310255)	(67.0, 0.21180277740784356)	(68.0, 0.18216842504847303)	(69.0, 0.1497237377873646)	(70.0, 0.1016264638471737)	(71.0, 0.06431262668790497)	(72.0, 0.040585570328456146)	(73.0, 0.035185113334444885)	(74.0, 0.030413835796046586)	(75.0, 0.01861672100330354)	(76.0, 0.013681157718161857)	(77.0, 0.012181613348950966)	(78.0, 0.011975382305166718)	(79.0, 0.011276294021152313)	(80.0, 0.007123709614106763)	(81.0, 0.0038414901206591423)	(82.0, 0.0019189973396195352)	(83.0, 0.00014331309822295253)	(84.0, 1.3981765680288052e-05)	(85.0, 0.0)	(86.0, 6.990882840144026e-06)	(87.0, 6.990882840144026e-06)	(88.0, 0.0)	(89.0, 0.0)	(90.0, 3.495441420072013e-06)	(91.0, 3.495441420072013e-06)	(92.0, 0.0)	(93.0, 3.495441420072013e-06)	(94.0, 3.495441420072013e-06)	(95.0, 6.990882840144026e-06)	(96.0, 1.0486324260216039e-05)	(97.0, 6.990882840144026e-06)	(98.0, 1.0486324260216039e-05)	(99.0, 3.145897278064812e-05)	(100.0, 2.446808994050409e-05)
HC_6hpi_3_R1	(0.0, 0.0005524031395619974)	(1.0, 0.00047804117846711317)	(2.0, 0.00033285830204376766)	(3.0, 0.00019829856291969137)	(4.0, 0.00020892170021896057)	(5.0, 0.0002762015697809987)	(6.0, 0.00029390679861311404)	(7.0, 0.00033285830204376766)	(8.0, 0.00040013817160580587)	(9.0, 0.000584272551459805)	(10.0, 0.0007188322905838813)	(11.0, 0.000817981572043727)	(12.0, 0.00116854510291961)	(13.0, 0.0017421945170801455)	(14.0, 0.0027974261554742177)	(15.0, 0.004451094528393787)	(16.0, 0.005630262768612666)	(17.0, 0.00739370356029135)	(18.0, 0.010814353770656027)	(19.0, 0.014875933264743275)	(20.0, 0.02079302074043621)	(21.0, 0.03051319136926751)	(22.0, 0.04464550502306195)	(23.0, 0.06339534235627205)	(24.0, 0.09031437227262017)	(25.0, 0.1267942257583105)	(26.0, 0.17421236961648173)	(27.0, 0.2404795000893229)	(28.0, 0.3161658123008494)	(29.0, 0.40215302664690056)	(30.0, 0.5087526683993004)	(31.0, 0.6358585061850561)	(32.0, 0.7918911468367219)	(33.0, 0.9692408830022543)	(34.0, 1.1766788850450838)	(35.0, 1.4334896882091497)	(36.0, 1.7593862942761298)	(37.0, 2.1740887871192336)	(38.0, 2.6753556847683155)	(39.0, 3.2488882444185596)	(40.0, 3.8509368456258084)	(41.0, 4.437939543371526)	(42.0, 4.976737985098925)	(43.0, 5.424924606709325)	(44.0, 5.737588324747183)	(45.0, 5.876666438269215)	(46.0, 5.815183260626811)	(47.0, 5.60927144930931)	(48.0, 5.315007005073787)	(49.0, 4.978667855041627)	(50.0, 4.559004357079764)	(51.0, 3.9797494674709797)	(52.0, 3.3824175392246065)	(53.0, 2.9098543585581496)	(54.0, 2.512510072062052)	(55.0, 2.2204941918882075)	(56.0, 1.9431347001415886)	(57.0, 1.583417565959502)	(58.0, 1.3085226420663134)	(59.0, 1.1064174549477173)	(60.0, 0.9457991600285338)	(61.0, 0.8154957579156981)	(62.0, 0.6780925590411839)	(63.0, 0.5803419906590753)	(64.0, 0.5386532588509766)	(65.0, 0.4645108425936106)	(66.0, 0.3380353109542782)	(67.0, 0.2477598901850887)	(68.0, 0.20572767693764696)	(69.0, 0.1926045613272831)	(70.0, 0.15394342364947614)	(71.0, 0.09449988836853221)	(72.0, 0.058721161944593606)	(73.0, 0.03930914905306239)	(74.0, 0.04261648579890153)	(75.0, 0.03871779441006974)	(76.0, 0.02015563250248006)	(77.0, 0.016844754710874498)	(78.0, 0.0162923515713125)	(79.0, 0.01557351928072862)	(80.0, 0.015548731960363658)	(81.0, 0.009500625791313071)	(82.0, 0.004355486292700364)	(83.0, 0.001232283926715225)	(84.0, 2.4787320364961422e-05)	(85.0, 7.082091532846121e-06)	(86.0, 1.4164183065692242e-05)	(87.0, 7.082091532846121e-06)	(88.0, 0.0)	(89.0, 0.0)	(90.0, 0.0)	(91.0, 0.0)	(92.0, 0.0)	(93.0, 0.0)	(94.0, 0.0)	(95.0, 0.0)	(96.0, 0.0)	(97.0, 0.0)	(98.0, 0.0)	(99.0, 0.0)	(100.0, 3.5410457664230606e-06)
HC_6hpi_3_R2	(0.0, 0.0016430492501179881)	(1.0, 0.0017351166649952892)	(2.0, 0.0016111797603527685)	(3.0, 0.0012924848627005724)	(4.0, 0.0011154321417826858)	(5.0, 0.0009029688766812218)	(6.0, 0.0007967372441304899)	(7.0, 0.0007648677543652702)	(8.0, 0.0006975877204164733)	(9.0, 0.0007896551352937743)	(10.0, 0.000966707856211661)	(11.0, 0.0010906447608541817)	(12.0, 0.0013703880599044427)	(13.0, 0.002064434725902558)	(14.0, 0.0031444563235016663)	(15.0, 0.004274052682957784)	(16.0, 0.005431977477760762)	(17.0, 0.007818648155733873)	(18.0, 0.011543837403846208)	(19.0, 0.016076387059344104)	(20.0, 0.023572799263007423)	(21.0, 0.03450403425247775)	(22.0, 0.04883114042915313)	(23.0, 0.06972690255188212)	(24.0, 0.09933719959818947)	(25.0, 0.1395989883349169)	(26.0, 0.19267585301168094)	(27.0, 0.26223632600590024)	(28.0, 0.3440984220494943)	(29.0, 0.43857021287686027)	(30.0, 0.5560836448044799)	(31.0, 0.694298080861819)	(32.0, 0.8569599566234999)	(33.0, 1.056370895138897)	(34.0, 1.2855266907684995)	(35.0, 1.573988065796757)	(36.0, 1.9431890226179895)	(37.0, 2.396405036569177)	(38.0, 2.937106340980311)	(39.0, 3.534999215302341)	(40.0, 4.134177492378234)	(41.0, 4.716114375491144)	(42.0, 5.226061622278841)	(43.0, 5.594164852230383)	(44.0, 5.829719333193958)	(45.0, 5.869032119346565)	(46.0, 5.729358768868862)	(47.0, 5.501095318952686)	(48.0, 5.1611434716270885)	(49.0, 4.788801599536773)	(50.0, 4.292522822803938)	(51.0, 3.6951009087195494)	(52.0, 3.1810247924800463)	(53.0, 2.732274048150408)	(54.0, 2.408827055468776)	(55.0, 2.092012457712728)	(56.0, 1.73090989234628)	(57.0, 1.4519987410843331)	(58.0, 1.2121808306010557)	(59.0, 1.0365480725049305)	(60.0, 0.9014816338255115)	(61.0, 0.7435187372769915)	(62.0, 0.6289550036798638)	(63.0, 0.5649256576871192)	(64.0, 0.4851563248047746)	(65.0, 0.38801812000038527)	(66.0, 0.3014641268524672)	(67.0, 0.22918058301053085)	(68.0, 0.2046446169457301)	(69.0, 0.17389055932229316)	(70.0, 0.1182003964847811)	(71.0, 0.07579626982494728)	(72.0, 0.04868949825241883)	(73.0, 0.04535028393590748)	(74.0, 0.04093813013063375)	(75.0, 0.024355372289464484)	(76.0, 0.019001298008907593)	(77.0, 0.018066459642461154)	(78.0, 0.017414905629483328)	(79.0, 0.0161188797123644)	(80.0, 0.00999639662302388)	(81.0, 0.005449682749852551)	(82.0, 0.002783268772829178)	(83.0, 0.00022308642835653714)	(84.0, 2.1246326510146397e-05)	(85.0, 1.0623163255073198e-05)	(86.0, 0.0)	(87.0, 0.0)	(88.0, 0.0)	(89.0, 3.5410544183577324e-06)	(90.0, 3.5410544183577324e-06)	(91.0, 3.5410544183577324e-06)	(92.0, 3.5410544183577324e-06)	(93.0, 0.0)	(94.0, 0.0)	(95.0, 0.0)	(96.0, 7.082108836715465e-06)	(97.0, 7.082108836715465e-06)	(98.0, 7.082108836715465e-06)	(99.0, 2.1246326510146397e-05)	(100.0, 1.416421767343093e-05)
HI_24hpi_1_R1	(0.0, 0.0004865458953983441)	(1.0, 0.00039135213325518984)	(2.0, 0.00025385003238174476)	(3.0, 0.00023974725280498117)	(4.0, 0.00028558128642946286)	(5.0, 0.00028910698132365376)	(6.0, 0.00030673545579460826)	(7.0, 0.0003878264383609989)	(8.0, 0.00044776325156224424)	(9.0, 0.0005288542341286349)	(10.0, 0.0007227674533091344)	(11.0, 0.0008955265031244885)	(12.0, 0.001156427925294615)	(13.0, 0.0015301515840788502)	(14.0, 0.0026724767297967014)	(15.0, 0.0037372365878423535)	(16.0, 0.00438949014326767)	(17.0, 0.006226377183141128)	(18.0, 0.009226743538097583)	(19.0, 0.013746684392450316)	(20.0, 0.02034678523437568)	(21.0, 0.02943955236649401)	(22.0, 0.043715090993072955)	(23.0, 0.060723043162649856)	(24.0, 0.08458142051163968)	(25.0, 0.121266275885696)	(26.0, 0.16707915534081252)	(27.0, 0.23334811657202467)	(28.0, 0.3131099121633054)	(29.0, 0.40635749072486627)	(30.0, 0.5094805406850559)	(31.0, 0.6274714460140486)	(32.0, 0.7737490014791347)	(33.0, 0.9404438560764805)	(34.0, 1.1650447236160175)	(35.0, 1.463953136745522)	(36.0, 1.7578515374303814)	(37.0, 2.0898344943622904)	(38.0, 2.534777190009182)	(39.0, 3.0308530387065242)	(40.0, 3.547360289315703)	(41.0, 4.0714618867269685)	(42.0, 4.612938108576806)	(43.0, 5.103372845443443)	(44.0, 5.468310472551355)	(45.0, 5.5859875910347645)	(46.0, 5.56862001798598)	(47.0, 5.488410459143137)	(48.0, 5.22631382640388)	(49.0, 4.96636081616029)	(50.0, 4.652852500473942)	(51.0, 4.156688509404245)	(52.0, 3.6306019457675496)	(53.0, 3.1534132446183882)	(54.0, 2.732089179067682)	(55.0, 2.4037024309278467)	(56.0, 2.074310859743168)	(57.0, 1.670731616594924)	(58.0, 1.3331287020016744)	(59.0, 1.1418773824662891)	(60.0, 1.0143529981434043)	(61.0, 0.8871847090048328)	(62.0, 0.7821542581068859)	(63.0, 0.6926826987770035)	(64.0, 0.5909840295540669)	(65.0, 0.4907873063560558)	(66.0, 0.39236048199492846)	(67.0, 0.3084736233774444)	(68.0, 0.271584277699525)	(69.0, 0.25036312013138995)	(70.0, 0.21201766246216974)	(71.0, 0.1569780394689556)	(72.0, 0.11290332759667517)	(73.0, 0.1213367897835798)	(74.0, 0.14091144783612766)	(75.0, 0.12437946447726655)	(76.0, 0.09252481110825177)	(77.0, 0.07983230948916453)	(78.0, 0.0827480591666604)	(79.0, 0.08023423870710229)	(80.0, 0.058145760194996315)	(81.0, 0.03101553798419734)	(82.0, 0.013147316260437865)	(83.0, 0.002936903846861019)	(84.0, 7.403959277800889e-05)	(85.0, 3.5256948941908995e-06)	(86.0, 3.5256948941908995e-06)	(87.0, 0.0)	(88.0, 0.0)	(89.0, 0.0)	(90.0, 0.0)	(91.0, 0.0)	(92.0, 0.0)	(93.0, 0.0)	(94.0, 0.0)	(95.0, 0.0)	(96.0, 0.0)	(97.0, 0.0)	(98.0, 0.0)	(99.0, 0.0)	(100.0, 0.0)
HI_24hpi_1_R2	(0.0, 0.0014596327972861266)	(1.0, 0.0014208502833485724)	(2.0, 0.0012833486430245172)	(3.0, 0.0010859103902515145)	(4.0, 0.0009343060175865303)	(5.0, 0.000779175961836314)	(6.0, 0.0006839825185350448)	(7.0, 0.0007227650324725989)	(8.0, 0.000705136617046438)	(9.0, 0.0008003300603477072)	(10.0, 0.0008849464543932797)	(11.0, 0.0009766142146093166)	(12.0, 0.0013327082062177676)	(13.0, 0.0018298295212355066)	(14.0, 0.002915739911487021)	(15.0, 0.003716069971834728)	(16.0, 0.0044670404689891845)	(17.0, 0.006275715891713297)	(18.0, 0.009184404437029853)	(19.0, 0.013580931244314394)	(20.0, 0.01941593675037367)	(21.0, 0.028614443919744454)	(22.0, 0.04223063199491117)	(23.0, 0.058818970910928615)	(24.0, 0.08283239840444506)	(25.0, 0.11809275493985219)	(26.0, 0.1624317454197322)	(27.0, 0.22628891745945764)	(28.0, 0.30462254424714647)	(29.0, 0.39429476783694195)	(30.0, 0.49409627893060953)	(31.0, 0.6097422098093106)	(32.0, 0.7585084075906828)	(33.0, 0.9213209267836201)	(34.0, 1.1293115490307226)	(35.0, 1.4180720450774096)	(36.0, 1.7074460099809268)	(37.0, 2.023622217698379)	(38.0, 2.4537908109275586)	(39.0, 2.9477883707317813)	(40.0, 3.4569745732671855)	(41.0, 3.973737468752752)	(42.0, 4.491593325994741)	(43.0, 4.954296922734444)	(44.0, 5.393988385976836)	(45.0, 5.576520050665476)	(46.0, 5.510889460033879)	(47.0, 5.463387931826546)	(48.0, 5.231648308317319)	(49.0, 4.94930808116884)	(50.0, 4.653323460480512)	(51.0, 4.226116441042928)	(52.0, 3.738694280192663)	(53.0, 3.2074337758606206)	(54.0, 2.7652426033107997)	(55.0, 2.4670332765956906)	(56.0, 2.1661937902989985)	(57.0, 1.7700621415746502)	(58.0, 1.3920313498098846)	(59.0, 1.1623013656592402)	(60.0, 1.0546481583347607)	(61.0, 0.9329627323310568)	(62.0, 0.7952848078527398)	(63.0, 0.7082991547738913)	(64.0, 0.63083989739134)	(65.0, 0.533400593964778)	(66.0, 0.43603532988300586)	(67.0, 0.3409088745603561)	(68.0, 0.2827879889003035)	(69.0, 0.2657166314016092)	(70.0, 0.2432968126626177)	(71.0, 0.1886381477922631)	(72.0, 0.1315397102269278)	(73.0, 0.1115208816689794)	(74.0, 0.15136110053210314)	(75.0, 0.15936087545249497)	(76.0, 0.1046986848990551)	(77.0, 0.09008120282768245)	(78.0, 0.08746514597844017)	(79.0, 0.08966164654053982)	(80.0, 0.08176059074653448)	(81.0, 0.04503002436458553)	(82.0, 0.02133390834873998)	(83.0, 0.005937250315531008)	(84.0, 0.00013397595723882322)	(85.0, 1.7628415426160948e-05)	(86.0, 3.5256830852321903e-06)	(87.0, 0.0)	(88.0, 0.0)	(89.0, 0.0)	(90.0, 0.0)	(91.0, 0.0)	(92.0, 0.0)	(93.0, 0.0)	(94.0, 3.5256830852321903e-06)	(95.0, 7.0513661704643806e-06)	(96.0, 1.4102732340928761e-05)	(97.0, 1.7628415426160948e-05)	(98.0, 1.4102732340928761e-05)	(99.0, 1.7628415426160948e-05)	(100.0, 4.230819702278628e-05)
HI_24hpi_2_R1	(0.0, 0.0005738850847515989)	(1.0, 0.0004553653389876817)	(2.0, 0.00028694254237579943)	(3.0, 0.0002962993644097929)	(4.0, 0.00037115394068174055)	(5.0, 0.0004179380508517078)	(6.0, 0.00043041381356369914)	(7.0, 0.0005770040254295967)	(8.0, 0.0007423078813634811)	(9.0, 0.0009325632627213481)	(10.0, 0.0012226247457751453)	(11.0, 0.0014315937712009992)	(12.0, 0.0017777961864587572)	(13.0, 0.0024764388983302688)	(14.0, 0.004285424491569005)	(15.0, 0.005398886313614226)	(16.0, 0.006119361610231723)	(17.0, 0.008920170339073764)	(18.0, 0.013642246525562464)	(19.0, 0.019898841525626088)	(20.0, 0.028507117796900072)	(21.0, 0.04080198194956748)	(22.0, 0.05862049004296902)	(23.0, 0.08162891542455894)	(24.0, 0.11483627682320173)	(25.0, 0.16123987623045327)	(26.0, 0.22022528233274805)	(27.0, 0.3047984777573369)	(28.0, 0.4059800322922642)	(29.0, 0.5230588274629464)	(30.0, 0.6509104437354329)	(31.0, 0.7990476501776175)	(32.0, 0.978567637721816)	(33.0, 1.174515085817029)	(34.0, 1.413410347048272)	(35.0, 1.703783724169869)	(36.0, 2.049939355317457)	(37.0, 2.4669791512539017)	(38.0, 2.968482979691205)	(39.0, 3.5297519494003025)	(40.0, 4.101500559787473)	(41.0, 4.656403771572777)	(42.0, 5.175935077128908)	(43.0, 5.596820526921324)	(44.0, 5.84781415904252)	(45.0, 5.845453120949276)	(46.0, 5.642048285692971)	(47.0, 5.392770070944673)	(48.0, 5.097163111365395)	(49.0, 4.78152007687066)	(50.0, 4.37663791169705)	(51.0, 3.8049423233014066)	(52.0, 3.212848862871656)	(53.0, 2.6854547078662927)	(54.0, 2.2579851743026236)	(55.0, 1.9851683142574763)	(56.0, 1.737078415907496)	(57.0, 1.406249259251589)	(58.0, 1.1177191760706886)	(59.0, 0.9349211818739144)	(60.0, 0.8073159619149897)	(61.0, 0.6933342748375594)	(62.0, 0.5959858983958913)	(63.0, 0.5296117218274198)	(64.0, 0.45659108267413484)	(65.0, 0.3717028742410682)	(66.0, 0.2827787565706723)	(67.0, 0.21282403610385922)	(68.0, 0.1767909144509504)	(69.0, 0.14116013614550332)	(70.0, 0.09821856089082934)	(71.0, 0.05906026067856671)	(72.0, 0.03529393271222333)	(73.0, 0.029676720551149255)	(74.0, 0.028931293729107778)	(75.0, 0.022328496313786392)	(76.0, 0.014344008178111975)	(77.0, 0.011246900084860137)	(78.0, 0.01031433682213879)	(79.0, 0.009213350762805559)	(80.0, 0.0064343746187095026)	(81.0, 0.003287363474609702)	(82.0, 0.001469021059336973)	(83.0, 0.000293180423731795)	(84.0, 1.247576271199128e-05)	(85.0, 3.11894067799782e-06)	(86.0, 0.0)	(87.0, 0.0)	(88.0, 0.0)	(89.0, 0.0)	(90.0, 0.0)	(91.0, 0.0)	(92.0, 0.0)	(93.0, 0.0)	(94.0, 0.0)	(95.0, 0.0)	(96.0, 0.0)	(97.0, 0.0)	(98.0, 0.0)	(99.0, 0.0)	(100.0, 0.0)
HI_24hpi_2_R2	(0.0, 0.0016280762180450666)	(1.0, 0.001646789737792711)	(2.0, 0.0013848004613256889)	(3.0, 0.0011103355050269036)	(4.0, 0.001119692264900726)	(5.0, 0.0009762219468354518)	(6.0, 0.000829632708812237)	(7.0, 0.0009169624676345778)	(8.0, 0.0010448381859101481)	(9.0, 0.0012319733833865926)	(10.0, 0.0013130653022930517)	(11.0, 0.001503319419727437)	(12.0, 0.001999227693040015)	(13.0, 0.0025512765255955258)	(14.0, 0.004116974344481778)	(15.0, 0.0054986558858495255)	(16.0, 0.006546612991717615)	(17.0, 0.00901367867844874)	(18.0, 0.01351739909771517)	(19.0, 0.019237498300578488)	(20.0, 0.027012965755724757)	(21.0, 0.03926096443055804)	(22.0, 0.0576002137832496)	(23.0, 0.08035585379638524)	(24.0, 0.11220626440687609)	(25.0, 0.15646061969009725)	(26.0, 0.21308773044646934)	(27.0, 0.29355586536134043)	(28.0, 0.39046694629447515)	(29.0, 0.5070646500021317)	(30.0, 0.631634313122285)	(31.0, 0.7724691438230991)	(32.0, 0.9515419332082667)	(33.0, 1.1422482940365533)	(34.0, 1.3661368442973716)	(35.0, 1.643630271875317)	(36.0, 1.9648197680640123)	(37.0, 2.3630497061338023)	(38.0, 2.8584246441335717)	(39.0, 3.4100305900550554)	(40.0, 3.966034213117235)	(41.0, 4.523460063680236)	(42.0, 5.048268249323093)	(43.0, 5.466384421044713)	(44.0, 5.780849525804088)	(45.0, 5.851655246689258)	(46.0, 5.646424075616842)	(47.0, 5.407199795922829)	(48.0, 5.128982778914641)	(49.0, 4.822458444368183)	(50.0, 4.472244279050892)	(51.0, 3.94474758440429)	(52.0, 3.329238087464559)	(53.0, 2.7709763663528295)	(54.0, 2.3226877629580907)	(55.0, 2.051956153848961)	(56.0, 1.8372403471844465)	(57.0, 1.5026613276163114)	(58.0, 1.1832309022838947)	(59.0, 0.9709166639869945)	(60.0, 0.8429411402727701)	(61.0, 0.7319356600497012)	(62.0, 0.6168693460413934)	(63.0, 0.5469525173442359)	(64.0, 0.48526028057616805)	(65.0, 0.40832900089360175)	(66.0, 0.3153384023475986)	(67.0, 0.23163282851638498)	(68.0, 0.1866205756833842)	(69.0, 0.15537211662477593)	(70.0, 0.11824137452549142)	(71.0, 0.07229032678515049)	(72.0, 0.041871500435354446)	(73.0, 0.03057477234769308)	(74.0, 0.03228082156468666)	(75.0, 0.030022723515137566)	(76.0, 0.01697628133107145)	(77.0, 0.012550533910753541)	(78.0, 0.011181328049217556)	(79.0, 0.010258127741667096)	(80.0, 0.008882684040215229)	(81.0, 0.0048312070148502076)	(82.0, 0.002264335889464978)	(83.0, 0.0005738812722610963)	(84.0, 9.356759873822222e-06)	(85.0, 6.237839915881481e-06)	(86.0, 3.1189199579407404e-06)	(87.0, 0.0)	(88.0, 3.1189199579407404e-06)	(89.0, 3.1189199579407404e-06)	(90.0, 3.1189199579407404e-06)	(91.0, 3.1189199579407404e-06)	(92.0, 3.1189199579407404e-06)	(93.0, 3.1189199579407404e-06)	(94.0, 3.1189199579407404e-06)	(95.0, 9.356759873822222e-06)	(96.0, 9.356759873822222e-06)	(97.0, 3.1189199579407404e-06)	(98.0, 0.0)	(99.0, 3.1189199579407404e-06)	(100.0, 2.1832439705585185e-05)
HI_24hpi_3_R1	(0.0, 0.0003628983237524816)	(1.0, 0.0002862864554047355)	(2.0, 0.0002459644194322375)	(3.0, 0.0003306406949744832)	(4.0, 0.00031854408418273384)	(5.0, 0.0002459644194322375)	(6.0, 0.00022177119784873875)	(7.0, 0.0003306406949744832)	(8.0, 0.0005161220604479738)	(9.0, 0.0005967661323929696)	(10.0, 0.0006733780007407158)	(11.0, 0.0008024085158527092)	(12.0, 0.0010765983604656953)	(13.0, 0.0016693322892614153)	(14.0, 0.0029193154044088515)	(15.0, 0.003870915453359803)	(16.0, 0.004495907010933522)	(17.0, 0.006354752869265677)	(18.0, 0.009471646249939769)	(19.0, 0.013653041380287806)	(20.0, 0.020467465459639962)	(21.0, 0.03031007444052671)	(22.0, 0.04384214971289702)	(23.0, 0.06233383540988458)	(24.0, 0.08817622826465851)	(25.0, 0.1238531656931247)	(26.0, 0.17226380208170575)	(27.0, 0.2407790056061743)	(28.0, 0.3239109471706733)	(29.0, 0.4249781303357394)	(30.0, 0.5366056547220027)	(31.0, 0.6653942376181612)	(32.0, 0.8270735052570862)	(33.0, 1.009700070583724)	(34.0, 1.2345921940167341)	(35.0, 1.516447257668092)	(36.0, 1.853845925871566)	(37.0, 2.2671911488292396)	(38.0, 2.772264971420749)	(39.0, 3.343777412684143)	(40.0, 3.9506038930522513)	(41.0, 4.5510232019043295)	(42.0, 5.104624594788739)	(43.0, 5.570073952630075)	(44.0, 5.8842592247241825)	(45.0, 5.947790624602449)	(46.0, 5.7831799449483245)	(47.0, 5.584146343184477)	(48.0, 5.331702172571459)	(49.0, 5.028182078992078)	(50.0, 4.633840631588243)	(51.0, 4.035227749947732)	(52.0, 3.41022812796682)	(53.0, 2.854667084134146)	(54.0, 2.397447453834797)	(55.0, 2.104612699788128)	(56.0, 1.8410235184323116)	(57.0, 1.4834517356317969)	(58.0, 1.1686737296088945)	(59.0, 0.9719263872846878)	(60.0, 0.8340290564623422)	(61.0, 0.7167645114471236)	(62.0, 0.6168263452892875)	(63.0, 0.5463837484453336)	(64.0, 0.47030413097242435)	(65.0, 0.384244809596322)	(66.0, 0.29594761522374596)	(67.0, 0.22285586061639895)	(68.0, 0.18348945689644916)	(69.0, 0.14632060413700057)	(70.0, 0.10104298994348263)	(71.0, 0.062148354044411096)	(72.0, 0.03686240528605763)	(73.0, 0.028842352331127783)	(74.0, 0.027866559060593335)	(75.0, 0.022108572323720627)	(76.0, 0.014269968530667025)	(77.0, 0.011354685329855424)	(78.0, 0.011645003988857408)	(79.0, 0.01063695308954496)	(80.0, 0.007358771564980876)	(81.0, 0.003919301896526801)	(82.0, 0.0015040119417741736)	(83.0, 0.00031854408418273384)	(84.0, 1.6128814388999182e-05)	(85.0, 4.0322035972497955e-06)	(86.0, 0.0)	(87.0, 0.0)	(88.0, 0.0)	(89.0, 0.0)	(90.0, 0.0)	(91.0, 0.0)	(92.0, 0.0)	(93.0, 0.0)	(94.0, 0.0)	(95.0, 0.0)	(96.0, 0.0)	(97.0, 0.0)	(98.0, 0.0)	(99.0, 0.0)	(100.0, 0.0)
HI_24hpi_3_R2	(0.0, 0.0014516208637273171)	(1.0, 0.001338717018770748)	(2.0, 0.0011250061693886709)	(3.0, 0.0009838763631929595)	(4.0, 0.0008387142768202277)	(5.0, 0.0007217781516866383)	(6.0, 0.0007258104318636586)	(7.0, 0.0006774230697394147)	(8.0, 0.0007016167508015366)	(9.0, 0.000818552875935126)	(10.0, 0.0008266174362891667)	(11.0, 0.0008991984794755327)	(12.0, 0.0011895226522209961)	(13.0, 0.0016612994329323742)	(14.0, 0.0031451785380758536)	(15.0, 0.004169377703039017)	(16.0, 0.004620993082865293)	(17.0, 0.006528261606595908)	(18.0, 0.009455697015112664)	(19.0, 0.013608945597443599)	(20.0, 0.01982268935023192)	(21.0, 0.029266289524813523)	(22.0, 0.04345588346774805)	(23.0, 0.06089146295318393)	(24.0, 0.08677063712930039)	(25.0, 0.12304099732159822)	(26.0, 0.16912995974494052)	(27.0, 0.23562629214418274)	(28.0, 0.31845739154053426)	(29.0, 0.4192119763237411)	(30.0, 0.5315593666158814)	(31.0, 0.6609431406559326)	(32.0, 0.8222343477367456)	(33.0, 0.9987756384470495)	(34.0, 1.2134542350716118)	(35.0, 1.4877904169151894)	(36.0, 1.8155341497034017)	(37.0, 2.2219315396245722)	(38.0, 2.7157568283438973)	(39.0, 3.2713122942932262)	(40.0, 3.8588800325679204)	(41.0, 4.4442743718272)	(42.0, 4.996474980669249)	(43.0, 5.45296941950972)	(44.0, 5.822455316690446)	(45.0, 5.946540674577893)	(46.0, 5.757543670400773)	(47.0, 5.5366553623036)	(48.0, 5.292109666407848)	(49.0, 5.010337959917845)	(50.0, 4.666344138016241)	(51.0, 4.122925835399743)	(52.0, 3.482865873780598)	(53.0, 2.905552223996067)	(54.0, 2.4410537090042106)	(55.0, 2.1545561701467397)	(56.0, 1.923712162292503)	(57.0, 1.5702989338973794)	(58.0, 1.229994648357749)	(59.0, 1.004045828638415)	(60.0, 0.8710410669993996)	(61.0, 0.7546372028491769)	(62.0, 0.635616388864068)	(63.0, 0.5651160022490446)	(64.0, 0.499131769432284)	(65.0, 0.41851439185311656)	(66.0, 0.32525178363881346)	(67.0, 0.24140454963785285)	(68.0, 0.1957026861115045)	(69.0, 0.16546058478385206)	(70.0, 0.12587165800586647)	(71.0, 0.07704880962250438)	(72.0, 0.04413733881766448)	(73.0, 0.02962919474074535)	(74.0, 0.030032422758447388)	(75.0, 0.02850418857135668)	(76.0, 0.01681864061835178)	(77.0, 0.012766199040446352)	(78.0, 0.012286357699380933)	(79.0, 0.012088775970706936)	(80.0, 0.01016941060644526)	(81.0, 0.005439545958800419)	(82.0, 0.0025524333520538663)	(83.0, 0.0006250034274381505)	(84.0, 1.61291207080813e-05)	(85.0, 4.032280177020325e-06)	(86.0, 0.0)	(87.0, 0.0)	(88.0, 4.032280177020325e-06)	(89.0, 8.06456035404065e-06)	(90.0, 4.032280177020325e-06)	(91.0, 4.032280177020325e-06)	(92.0, 8.06456035404065e-06)	(93.0, 8.06456035404065e-06)	(94.0, 4.032280177020325e-06)	(95.0, 0.0)	(96.0, 4.032280177020325e-06)	(97.0, 4.032280177020325e-06)	(98.0, 4.032280177020325e-06)	(99.0, 8.06456035404065e-06)	(100.0, 2.8225961239142277e-05)
HI_48hpi_1_R1	(0.0, 0.0005970689140672298)	(1.0, 0.000491337960534491)	(2.0, 0.00037316807129201857)	(3.0, 0.00037627780521945204)	(4.0, 0.0003607291355822846)	(5.0, 0.00037316807129201857)	(6.0, 0.0004602406212601562)	(7.0, 0.0005317645015911264)	(8.0, 0.000643714922978732)	(9.0, 0.0007898724175681059)	(10.0, 0.000917371508592879)	(11.0, 0.0012127962316990605)	(12.0, 0.0015330988262247096)	(13.0, 0.0021799234831308754)	(14.0, 0.004415822176955553)	(15.0, 0.005566423730105944)	(16.0, 0.005790324572881155)	(17.0, 0.008582865639716428)	(18.0, 0.012955151541687911)	(19.0, 0.01819816294334077)	(20.0, 0.025465611131752837)	(21.0, 0.03757491504517884)	(22.0, 0.05374553146783298)	(23.0, 0.074363067406717)	(24.0, 0.10645241180390318)	(25.0, 0.15231476776569225)	(26.0, 0.21232952283123113)	(27.0, 0.2901848214384559)	(28.0, 0.3891210063397524)	(29.0, 0.4921091745484946)	(30.0, 0.6139609887610484)	(31.0, 0.7733379622759422)	(32.0, 0.9489943929009502)	(33.0, 1.1450289099524298)	(34.0, 1.3809426548893164)	(35.0, 1.677300298173728)	(36.0, 2.0285167576719934)	(37.0, 2.4683513049003314)	(38.0, 2.9658962943539797)	(39.0, 3.5123853860915037)	(40.0, 4.095444948815645)	(41.0, 4.624003314727588)	(42.0, 5.144532347638897)	(43.0, 5.622921376099555)	(44.0, 5.843208708051089)	(45.0, 5.761587521657742)	(46.0, 5.551301094016835)	(47.0, 5.341807648527422)	(48.0, 5.131959693370284)	(49.0, 4.898073494954083)	(50.0, 4.485635703626436)	(51.0, 3.8378656876063295)	(52.0, 3.205009955502195)	(53.0, 2.6860606674260223)	(54.0, 2.2812883702294973)	(55.0, 1.9895362428916146)	(56.0, 1.6866730362310123)	(57.0, 1.3618893151159315)	(58.0, 1.1263176409110625)	(59.0, 0.9808536169875062)	(60.0, 0.8517623421918873)	(61.0, 0.7336764157654554)	(62.0, 0.6555101437654872)	(63.0, 0.5832243786222958)	(64.0, 0.5054095065561277)	(65.0, 0.4013453704084934)	(66.0, 0.2967525794931955)	(67.0, 0.2416791916383484)	(68.0, 0.1993837004913255)	(69.0, 0.15050179288599852)	(70.0, 0.09425292560658159)	(71.0, 0.05338480233225069)	(72.0, 0.035363894222773626)	(73.0, 0.031548250693812736)	(74.0, 0.031128436613609214)	(75.0, 0.020179063455115904)	(76.0, 0.012911615266703844)	(77.0, 0.009727247725011951)	(78.0, 0.008424269209417318)	(79.0, 0.006850743842135973)	(80.0, 0.003849850602162658)	(81.0, 0.0018223040814760241)	(82.0, 0.0005504229051557275)	(83.0, 5.286547676636929e-05)	(84.0, 3.109733927433488e-06)	(85.0, 6.219467854866976e-06)	(86.0, 3.109733927433488e-06)	(87.0, 0.0)	(88.0, 0.0)	(89.0, 0.0)	(90.0, 0.0)	(91.0, 0.0)	(92.0, 0.0)	(93.0, 0.0)	(94.0, 0.0)	(95.0, 0.0)	(96.0, 0.0)	(97.0, 0.0)	(98.0, 0.0)	(99.0, 0.0)	(100.0, 0.0)
HI_48hpi_1_R2	(0.0, 0.001343415417259231)	(1.0, 0.0012407934062185955)	(2.0, 0.00101689083667539)	(3.0, 0.00086762245697992)	(4.0, 0.0007463418984773507)	(5.0, 0.0006623784348986486)	(6.0, 0.0006934760140018715)	(7.0, 0.0007152443193741276)	(8.0, 0.000761890688028962)	(9.0, 0.0008831712465315315)	(10.0, 0.000973354225930878)	(11.0, 0.001194147037563761)	(12.0, 0.001607744839636626)	(13.0, 0.002167501263494639)	(14.0, 0.004282136642513799)	(15.0, 0.005426527553512403)	(16.0, 0.00562555205977303)	(17.0, 0.00813512669340312)	(18.0, 0.012112507060705336)	(19.0, 0.017060131896028105)	(20.0, 0.024361843469464853)	(21.0, 0.035780874516168314)	(22.0, 0.05194228637611328)	(23.0, 0.07090559011325863)	(24.0, 0.10002536318551658)	(25.0, 0.14266325389394557)	(26.0, 0.19725194425174308)	(27.0, 0.27255784180810777)	(28.0, 0.36528771293600826)	(29.0, 0.47025137168311665)	(30.0, 0.5842861942546352)	(31.0, 0.7261035939969731)	(32.0, 0.899733817161908)	(33.0, 1.0798541050856858)	(34.0, 1.297630451545556)	(35.0, 1.5724304288070061)	(36.0, 1.8875484173757846)	(37.0, 2.276454741640691)	(38.0, 2.757972766232905)	(39.0, 3.287396611433634)	(40.0, 3.8247689978531474)	(41.0, 4.370288949997705)	(42.0, 4.9017714549350675)	(43.0, 5.337261952696601)	(44.0, 5.678952822609085)	(45.0, 5.773150499470657)	(46.0, 5.584431730924838)	(47.0, 5.375045511307017)	(48.0, 5.163684595416142)	(49.0, 4.946004651451492)	(50.0, 4.6415438032413885)	(51.0, 4.115923191964983)	(52.0, 3.494484719955727)	(53.0, 2.9194780433054937)	(54.0, 2.42870226941425)	(55.0, 2.093489025228968)	(56.0, 1.844556014265579)	(57.0, 1.5319413808146098)	(58.0, 1.2340234632478237)	(59.0, 1.036305055309532)	(60.0, 0.9202675486437661)	(61.0, 0.8068515678964017)	(62.0, 0.691868269162235)	(63.0, 0.6223154237399665)	(64.0, 0.5477994046928237)	(65.0, 0.46666893057042536)	(66.0, 0.3695169836940466)	(67.0, 0.2720540610266356)	(68.0, 0.22302561781249428)	(69.0, 0.1900248668681541)	(70.0, 0.13891910536991753)	(71.0, 0.08134815717612089)	(72.0, 0.04634472213753315)	(73.0, 0.03158892085305386)	(74.0, 0.03519624002902773)	(75.0, 0.033025629007622764)	(76.0, 0.0167802536840991)	(77.0, 0.011369274920138306)	(78.0, 0.009717993469757168)	(79.0, 0.008682444085619846)	(80.0, 0.0070031748140458065)	(81.0, 0.003573111838960316)	(82.0, 0.0017041473348566173)	(83.0, 0.0004602441707276995)	(84.0, 1.2439031641289177e-05)	(85.0, 9.329273730966882e-06)	(86.0, 6.219515820644588e-06)	(87.0, 3.109757910322294e-06)	(88.0, 0.0)	(89.0, 3.109757910322294e-06)	(90.0, 3.109757910322294e-06)	(91.0, 9.329273730966882e-06)	(92.0, 9.329273730966882e-06)	(93.0, 3.109757910322294e-06)	(94.0, 1.2439031641289177e-05)	(95.0, 1.554878955161147e-05)	(96.0, 9.329273730966882e-06)	(97.0, 6.219515820644588e-06)	(98.0, 3.109757910322294e-06)	(99.0, 3.109757910322294e-06)	(100.0, 2.176830537225606e-05)
HI_48hpi_2_R1	(0.0, 0.0004698689488514758)	(1.0, 0.0004189664793925659)	(2.0, 0.0003132459659009839)	(3.0, 0.00030149924217969697)	(4.0, 0.00037981073365494296)	(5.0, 0.0003758951590811807)	(6.0, 0.00037197958450741836)	(7.0, 0.0004307132031138528)	(8.0, 0.0005560115894742464)	(9.0, 0.0006695632521133531)	(10.0, 0.000826186235063845)	(11.0, 0.00102196496375196)	(12.0, 0.0012216592670138372)	(13.0, 0.0018794757954059033)	(14.0, 0.0035083548180910194)	(15.0, 0.004624293571613275)	(16.0, 0.005344759293185538)	(17.0, 0.007326040027509261)	(18.0, 0.011018426850567108)	(19.0, 0.01635143942003136)	(20.0, 0.023383811354508448)	(21.0, 0.03511487277750029)	(22.0, 0.05028380867625544)	(23.0, 0.07022191440585307)	(24.0, 0.10137031014013215)	(25.0, 0.14290280964402885)	(26.0, 0.19623685091324514)	(27.0, 0.26634129808188534)	(28.0, 0.35739015364558)	(29.0, 0.4594574360598419)	(30.0, 0.5814119217342424)	(31.0, 0.7362494026790988)	(32.0, 0.9097641743408013)	(33.0, 1.11233250933982)	(34.0, 1.3610302283923323)	(35.0, 1.6764806627783444)	(36.0, 2.0551989511272075)	(37.0, 2.5208429950135938)	(38.0, 3.061681733014512)	(39.0, 3.6564966665147423)	(40.0, 4.280744974085944)	(41.0, 4.844575965983994)	(42.0, 5.387063160880466)	(43.0, 5.87240646044745)	(44.0, 6.089697355843815)	(45.0, 5.990053814090713)	(46.0, 5.731289152809057)	(47.0, 5.466216500889071)	(48.0, 5.173766151549338)	(49.0, 4.826211921233049)	(50.0, 4.357584209521455)	(51.0, 3.713679717589967)	(52.0, 3.08859347705998)	(53.0, 2.5851954631333776)	(54.0, 2.1756067848449723)	(55.0, 1.8580810959348664)	(56.0, 1.5594049830228518)	(57.0, 1.2633327272023893)	(58.0, 1.047893898579414)	(59.0, 0.9023363293743742)	(60.0, 0.774512397413904)	(61.0, 0.6637956107662012)	(62.0, 0.5904216588284694)	(63.0, 0.5279917378244033)	(64.0, 0.4518024877681366)	(65.0, 0.3544534727152583)	(66.0, 0.2621594644371072)	(67.0, 0.20566947006143851)	(68.0, 0.16232797510446362)	(69.0, 0.12227556278944907)	(70.0, 0.07921598920178506)	(71.0, 0.04578872906557632)	(72.0, 0.029574334755626642)	(73.0, 0.022506722649985694)	(74.0, 0.019068848174222393)	(75.0, 0.012796097707055192)	(76.0, 0.008794380492670123)	(77.0, 0.0068640022278053095)	(78.0, 0.005982997948708792)	(79.0, 0.00461646242246575)	(80.0, 0.002451149683175199)	(81.0, 0.0011550944992598782)	(82.0, 0.00039155745737622983)	(83.0, 3.132459659009839e-05)	(84.0, 0.0)	(85.0, 7.831149147524597e-06)	(86.0, 7.831149147524597e-06)	(87.0, 0.0)	(88.0, 0.0)	(89.0, 0.0)	(90.0, 0.0)	(91.0, 0.0)	(92.0, 0.0)	(93.0, 0.0)	(94.0, 0.0)	(95.0, 0.0)	(96.0, 0.0)	(97.0, 0.0)	(98.0, 0.0)	(99.0, 0.0)	(100.0, 0.0)
HI_48hpi_2_R2	(0.0, 0.0013547915610111975)	(1.0, 0.0012843110751782451)	(2.0, 0.0010141358794852607)	(3.0, 0.0007752853441624772)	(4.0, 0.000740045101246001)	(5.0, 0.0006852269455981491)	(6.0, 0.0006617334503204982)	(7.0, 0.0007087204408757999)	(8.0, 0.0007048048583295247)	(9.0, 0.0008418502474491546)	(10.0, 0.0009475709761985832)	(11.0, 0.0010337137922166364)	(12.0, 0.0014017785515664993)	(13.0, 0.002047849671701897)	(14.0, 0.0034222191454444705)	(15.0, 0.004209251237245773)	(16.0, 0.005168568961083182)	(17.0, 0.007568821061949842)	(18.0, 0.010705202681516226)	(19.0, 0.014914453918761998)	(20.0, 0.022021236240251374)	(21.0, 0.03294962712690528)	(22.0, 0.047774022647102954)	(23.0, 0.0667606824139911)	(24.0, 0.0939113317898629)	(25.0, 0.13329426104029823)	(26.0, 0.1835076916137306)	(27.0, 0.2504798154852206)	(28.0, 0.33403443144018574)	(29.0, 0.43516609744538)	(30.0, 0.551721243100352)	(31.0, 0.6904072613068711)	(32.0, 0.8609622058575236)	(33.0, 1.0475514609351726)	(34.0, 1.2735549699236273)	(35.0, 1.566315245743527)	(36.0, 1.914300897796091)	(37.0, 2.339932551741291)	(38.0, 2.8566798115383136)	(39.0, 3.429541284806005)	(40.0, 4.0177714195678265)	(41.0, 4.603135347905774)	(42.0, 5.163470872607932)	(43.0, 5.597415308298873)	(44.0, 5.924957703877335)	(45.0, 6.00461239961621)	(46.0, 5.768400966929616)	(47.0, 5.5039934243272945)	(48.0, 5.229366211279196)	(49.0, 4.915786783060751)	(50.0, 4.526346858590773)	(51.0, 3.972785291693671)	(52.0, 3.3615980964630388)	(53.0, 2.800972818652457)	(54.0, 2.3193757433733464)	(55.0, 1.9804507493328631)	(56.0, 1.711477637481585)	(57.0, 1.4057137120255059)	(58.0, 1.1414667083075818)	(59.0, 0.9576222765948716)	(60.0, 0.836376263049462)	(61.0, 0.7265363414613517)	(62.0, 0.6241203643809793)	(63.0, 0.5610285828128481)	(64.0, 0.49498445200482527)	(65.0, 0.41978177362106495)	(66.0, 0.32827852509716127)	(67.0, 0.23851771080635)	(68.0, 0.18837084513620433)	(69.0, 0.15324806969611635)	(70.0, 0.1129019071392973)	(71.0, 0.06934496689453269)	(72.0, 0.03991153289418248)	(73.0, 0.02571363058138883)	(74.0, 0.02271820993348835)	(75.0, 0.019898990500170247)	(76.0, 0.011276877733272395)	(77.0, 0.007944716986392254)	(78.0, 0.00666040591121401)	(79.0, 0.005877289401958982)	(80.0, 0.004643880899882313)	(81.0, 0.0024315767612368604)	(82.0, 0.0011903370940676418)	(83.0, 0.0003093310211557359)	(84.0, 1.566233018510055e-05)	(85.0, 3.915582546275138e-06)	(86.0, 0.0)	(87.0, 3.915582546275138e-06)	(88.0, 3.915582546275138e-06)	(89.0, 3.915582546275138e-06)	(90.0, 3.915582546275138e-06)	(91.0, 0.0)	(92.0, 7.831165092550275e-06)	(93.0, 1.566233018510055e-05)	(94.0, 1.1746747638825412e-05)	(95.0, 7.831165092550275e-06)	(96.0, 3.915582546275138e-06)	(97.0, 3.915582546275138e-06)	(98.0, 1.9577912731375688e-05)	(99.0, 2.7409077823925965e-05)	(100.0, 2.3493495277650825e-05)
HI_48hpi_3_R1	(0.0, 0.00021066745646309168)	(1.0, 0.00015800059234731876)	(2.0, 8.674542324950834e-05)	(3.0, 8.054932158882918e-05)	(4.0, 9.913762657086667e-05)	(5.0, 0.00010843177906188542)	(6.0, 0.00012392203321358333)	(7.0, 0.00016109864317765836)	(8.0, 0.0002540401680878458)	(9.0, 0.0003005109305429396)	(10.0, 0.0003748641504710896)	(11.0, 0.0005390608444790876)	(12.0, 0.0007466302501118396)	(13.0, 0.0012547105862875314)	(14.0, 0.002419577698495215)	(15.0, 0.0031971884569104506)	(16.0, 0.003906642097058215)	(17.0, 0.00595445369591268)	(18.0, 0.009792938674703424)	(19.0, 0.014244837717901407)	(20.0, 0.02017450700717137)	(21.0, 0.029326149159994496)	(22.0, 0.04269733654374014)	(23.0, 0.061071876018484204)	(24.0, 0.08768413265110123)	(25.0, 0.12508999837662135)	(26.0, 0.17334523810999072)	(27.0, 0.23830826597138144)	(28.0, 0.3149571415648131)	(29.0, 0.4036388465832837)	(30.0, 0.5003816798622978)	(31.0, 0.6193406356456771)	(32.0, 0.7644471404371226)	(33.0, 0.9269492006409247)	(34.0, 1.1418485945382604)	(35.0, 1.4163451922588384)	(36.0, 1.7315873545000429)	(37.0, 2.1200705364213053)	(38.0, 2.605680709924544)	(39.0, 3.1372752519025133)	(40.0, 3.6978210788900054)	(41.0, 4.259829185869418)	(42.0, 4.811712862735281)	(43.0, 5.302484388921866)	(44.0, 5.636339640551751)	(45.0, 5.743324629875867)	(46.0, 5.664469942091234)	(47.0, 5.542335484206756)	(48.0, 5.367720045256327)	(49.0, 5.123878660501958)	(50.0, 4.752908759924606)	(51.0, 4.202945874573554)	(52.0, 3.6192390195784423)	(53.0, 3.0829912052533026)	(54.0, 2.5978798179337486)	(55.0, 2.2382363911921175)	(56.0, 1.9391257796244916)	(57.0, 1.5987336407425903)	(58.0, 1.3031548071215515)	(59.0, 1.1056819491448762)	(60.0, 0.9652813835647164)	(61.0, 0.8447734023661674)	(62.0, 0.7444151437681469)	(63.0, 0.6664279102160084)	(64.0, 0.579598839594081)	(65.0, 0.4789586583704996)	(66.0, 0.3593429158110883)	(67.0, 0.26265894549785057)	(68.0, 0.2205068659002502)	(69.0, 0.18279429314252646)	(70.0, 0.13580925424959633)	(71.0, 0.09125618525848277)	(72.0, 0.060139362718552)	(73.0, 0.053360827501768994)	(74.0, 0.055668875370371976)	(75.0, 0.04678986169061873)	(76.0, 0.033877185829763345)	(77.0, 0.02968862110714423)	(78.0, 0.02996744568187479)	(79.0, 0.028248027471036323)	(80.0, 0.020069173278939822)	(81.0, 0.010102743757737382)	(82.0, 0.004148290061824702)	(83.0, 0.0010254548248424021)	(84.0, 3.407855913373542e-05)	(85.0, 6.196101660679167e-06)	(86.0, 3.0980508303395833e-06)	(87.0, 0.0)	(88.0, 0.0)	(89.0, 0.0)	(90.0, 0.0)	(91.0, 0.0)	(92.0, 0.0)	(93.0, 0.0)	(94.0, 0.0)	(95.0, 0.0)	(96.0, 0.0)	(97.0, 0.0)	(98.0, 0.0)	(99.0, 0.0)	(100.0, 0.0)
HI_48hpi_3_R2	(0.0, 0.00046471488069096045)	(1.0, 0.0004120471942126515)	(2.0, 0.0003500852101205235)	(3.0, 0.0003562814085297363)	(4.0, 0.0003593795077343427)	(5.0, 0.00029431942443760824)	(6.0, 0.00023235744034548022)	(7.0, 0.00026333843239154423)	(8.0, 0.0003531833093251299)	(9.0, 0.00046781297989556683)	(10.0, 0.000523578765578482)	(11.0, 0.0006010312456936421)	(12.0, 0.0008519772812667607)	(13.0, 0.0012795149715024443)	(14.0, 0.0024536945700482705)	(15.0, 0.003197238379153807)	(16.0, 0.003804465823256662)	(17.0, 0.005712894933294206)	(18.0, 0.009037155379836877)	(19.0, 0.01372767757561097)	(20.0, 0.020233685905284415)	(21.0, 0.02912523062250479)	(22.0, 0.0421930130675346)	(23.0, 0.06040364019221103)	(24.0, 0.08591029094373555)	(25.0, 0.12050056856316603)	(26.0, 0.16651663604918493)	(27.0, 0.23061011239408216)	(28.0, 0.30900441466744255)	(29.0, 0.39901658895807707)	(30.0, 0.49208348906445337)	(31.0, 0.6053004263975897)	(32.0, 0.7526832017591255)	(33.0, 0.9160831500084765)	(34.0, 1.1169917853279971)	(35.0, 1.381882365421049)	(36.0, 1.6903043374380256)	(37.0, 2.064421503088681)	(38.0, 2.5390317126391544)	(39.0, 3.067830775377398)	(40.0, 3.6127337577811858)	(41.0, 4.168743425833488)	(42.0, 4.714293910971038)	(43.0, 5.182233912933994)	(44.0, 5.561478432768273)	(45.0, 5.7257923202829835)	(46.0, 5.642351214405319)	(47.0, 5.5152393021395225)	(48.0, 5.335778807613492)	(49.0, 5.100323268063405)	(50.0, 4.775407015881104)	(51.0, 4.291607844089769)	(52.0, 3.706668125664852)	(53.0, 3.140338689162006)	(54.0, 2.648050725550049)	(55.0, 2.287887398716941)	(56.0, 2.0084853219495122)	(57.0, 1.6679360611807674)	(58.0, 1.3553223609399585)	(59.0, 1.1367018924677028)	(60.0, 1.0015256279723164)	(61.0, 0.8806966608934621)	(62.0, 0.7593379188506201)	(63.0, 0.6856961007571258)	(64.0, 0.61529489443165)	(65.0, 0.5291894232380243)	(66.0, 0.40691674192982336)	(67.0, 0.28661754981495674)	(68.0, 0.23098188429863495)	(69.0, 0.19820089661469462)	(70.0, 0.15782956587946856)	(71.0, 0.10871230108963865)	(72.0, 0.07086282310696225)	(73.0, 0.052847376232176016)	(74.0, 0.059520681918898206)	(75.0, 0.05893823926843221)	(76.0, 0.037669788228809245)	(77.0, 0.03183296932733078)	(78.0, 0.031163779899135803)	(79.0, 0.03196928569233347)	(80.0, 0.028186506563509052)	(81.0, 0.014886366678133764)	(82.0, 0.0067538562660419575)	(83.0, 0.0019518024989020335)	(84.0, 7.125628170594726e-05)	(85.0, 1.2392396818425611e-05)	(86.0, 6.196198409212806e-06)	(87.0, 0.0)	(88.0, 0.0)	(89.0, 0.0)	(90.0, 0.0)	(91.0, 0.0)	(92.0, 0.0)	(93.0, 6.196198409212806e-06)	(94.0, 9.294297613819209e-06)	(95.0, 3.098099204606403e-06)	(96.0, 6.196198409212806e-06)	(97.0, 9.294297613819209e-06)	(98.0, 9.294297613819209e-06)	(99.0, 1.2392396818425611e-05)	(100.0, 2.7882892841457626e-05)
HI_6hpi_1_R1	(0.0, 0.0005262702255515246)	(1.0, 0.00046194830909522717)	(2.0, 0.00032745702923205977)	(3.0, 0.00027775373015219353)	(4.0, 0.0002631351127757623)	(5.0, 0.0002719062832016211)	(6.0, 0.000365465434410781)	(7.0, 0.00042101618044121966)	(8.0, 0.000494109267323376)	(9.0, 0.0006139819298101121)	(10.0, 0.0007163122514451306)	(11.0, 0.0009034305538634505)	(12.0, 0.0011519470492627815)	(13.0, 0.0015027938662971313)	(14.0, 0.0025056310183203144)	(15.0, 0.0042891023382449255)	(16.0, 0.005441049387507707)	(17.0, 0.006660242076702072)	(18.0, 0.010025447796756544)	(19.0, 0.014203448642940592)	(20.0, 0.019232253020432938)	(21.0, 0.027494695561591873)	(22.0, 0.04049649385618982)	(23.0, 0.05768506416739767)	(24.0, 0.08255717977165777)	(25.0, 0.11691385432974649)	(26.0, 0.15902131982081902)	(27.0, 0.21799282231734265)	(28.0, 0.28782595752455464)	(29.0, 0.36657352560791445)	(30.0, 0.46375517020295404)	(31.0, 0.5812420743338567)	(32.0, 0.7275949003362604)	(33.0, 0.8956183647374858)	(34.0, 1.0903763565967286)	(35.0, 1.337068448547481)	(36.0, 1.6550438425491876)	(37.0, 2.0459749084297116)	(38.0, 2.5243106876039185)	(39.0, 3.075634299615171)	(40.0, 3.6549496401788137)	(41.0, 4.2316833329137795)	(42.0, 4.763789310521975)	(43.0, 5.204695581765567)	(44.0, 5.518791194715568)	(45.0, 5.682125006662435)	(46.0, 5.6746461220126525)	(47.0, 5.533076507615817)	(48.0, 5.304119722266151)	(49.0, 5.02761734576138)	(50.0, 4.661271870584538)	(51.0, 4.103135982875869)	(52.0, 3.50583681921574)	(53.0, 3.0440960944872577)	(54.0, 2.6547760002416165)	(55.0, 2.3949973220154828)	(56.0, 2.14324426472901)	(57.0, 1.762174918130626)	(58.0, 1.4693669358041836)	(59.0, 1.2430385778588)	(60.0, 1.0425237744767186)	(61.0, 0.8927268022204277)	(62.0, 0.7420205519633227)	(63.0, 0.6433711981836894)	(64.0, 0.6195720890948594)	(65.0, 0.5437628631041622)	(66.0, 0.38887276455392267)	(67.0, 0.27949334561998884)	(68.0, 0.23287457480654963)	(69.0, 0.24013710391916068)	(70.0, 0.2140896514778355)	(71.0, 0.14351096678442546)	(72.0, 0.09599461286407338)	(73.0, 0.0718154197234561)	(74.0, 0.09199495914988179)	(75.0, 0.08826136427194126)	(76.0, 0.04916241023693826)	(77.0, 0.04596970420192567)	(78.0, 0.045384959506868425)	(79.0, 0.04245831230810689)	(80.0, 0.04214547389625126)	(81.0, 0.02646262117481583)	(82.0, 0.012434595940392413)	(83.0, 0.003371053167005044)	(84.0, 0.00019296574936889234)	(85.0, 6.13981929810112e-05)	(86.0, 3.508468170343498e-05)	(87.0, 1.754234085171749e-05)	(88.0, 8.771170425858745e-06)	(89.0, 2.9237234752862478e-06)	(90.0, 0.0)	(91.0, 0.0)	(92.0, 0.0)	(93.0, 0.0)	(94.0, 0.0)	(95.0, 0.0)	(96.0, 0.0)	(97.0, 0.0)	(98.0, 0.0)	(99.0, 0.0)	(100.0, 2.9237234752862478e-06)
HI_6hpi_1_R2	(0.0, 0.0014911217296520872)	(1.0, 0.0016899379602723654)	(2.0, 0.0016928617283697225)	(3.0, 0.0013683234695630916)	(4.0, 0.001061327819340603)	(5.0, 0.0008069599948705412)	(6.0, 0.0007397133286313295)	(7.0, 0.0007923411543837561)	(8.0, 0.0007894173862863991)	(9.0, 0.0007777223138969709)	(10.0, 0.0008975968058886092)	(11.0, 0.0010262426021723189)	(12.0, 0.0012835341947397378)	(13.0, 0.0019296869442556423)	(14.0, 0.0030494901255433858)	(15.0, 0.004257006349751841)	(16.0, 0.005224773589977019)	(17.0, 0.006941025463125599)	(18.0, 0.010393995586104255)	(19.0, 0.014501889762890885)	(20.0, 0.020732439578358724)	(21.0, 0.030263923575742653)	(22.0, 0.04435063826880884)	(23.0, 0.06348377669791327)	(24.0, 0.09023040725253541)	(25.0, 0.127888540346494)	(26.0, 0.175507951348148)	(27.0, 0.2405764103548288)	(28.0, 0.3146734652461481)	(29.0, 0.4018163733878745)	(30.0, 0.5115249237050025)	(31.0, 0.6376884408740559)	(32.0, 0.7908120236688384)	(33.0, 0.9830877850553289)	(34.0, 1.1970754483327928)	(35.0, 1.4757777946771573)	(36.0, 1.8359392439819864)	(37.0, 2.263505243003284)	(38.0, 2.783550026943985)	(39.0, 3.3594592479208867)	(40.0, 3.9388916094551036)	(41.0, 4.504479929048335)	(42.0, 5.0115344113324785)	(43.0, 5.390662344284862)	(44.0, 5.638083295755604)	(45.0, 5.703473369252994)	(46.0, 5.609342655358585)	(47.0, 5.448114387397928)	(48.0, 5.1725492442220276)	(49.0, 4.857030809995743)	(50.0, 4.386280756176482)	(51.0, 3.801424804821668)	(52.0, 3.3059572155073504)	(53.0, 2.862000572532269)	(54.0, 2.5597326553232067)	(55.0, 2.2747997591633746)	(56.0, 1.9095304869924625)	(57.0, 1.614618770316351)	(58.0, 1.353806960959714)	(59.0, 1.1474093996629888)	(60.0, 0.9954319339623704)	(61.0, 0.816605505823722)	(62.0, 0.692319047773172)	(63.0, 0.6391824863718053)	(64.0, 0.5528523857611441)	(65.0, 0.4474183844023521)	(66.0, 0.3498463954573532)	(67.0, 0.2562448835885651)	(68.0, 0.24810511320552314)	(69.0, 0.23414412054064332)	(70.0, 0.17337652440517473)	(71.0, 0.11800328040932988)	(72.0, 0.08219589252099829)	(73.0, 0.09601069678101026)	(74.0, 0.09167182492453244)	(75.0, 0.05628545964222025)	(76.0, 0.051262426050960874)	(77.0, 0.05096420170503046)	(78.0, 0.048745061719136465)	(79.0, 0.04580375101319528)	(80.0, 0.029746416622510458)	(81.0, 0.016592383952501167)	(82.0, 0.007967268065297916)	(83.0, 0.0006607715900026896)	(84.0, 8.7713042920711e-05)	(85.0, 3.216144907092737e-05)	(86.0, 1.1695072389428135e-05)	(87.0, 2.9237680973570338e-06)	(88.0, 0.0)	(89.0, 0.0)	(90.0, 0.0)	(91.0, 2.9237680973570338e-06)	(92.0, 2.9237680973570338e-06)	(93.0, 0.0)	(94.0, 5.8475361947140675e-06)	(95.0, 5.8475361947140675e-06)	(96.0, 2.9237680973570338e-06)	(97.0, 2.9237680973570338e-06)	(98.0, 2.9237680973570338e-06)	(99.0, 1.1695072389428135e-05)	(100.0, 8.7713042920711e-06)
HI_6hpi_2_R1	(0.0, 0.0005799548850042561)	(1.0, 0.00041207320776618197)	(2.0, 0.000210615195080493)	(3.0, 0.0001953532244224863)	(4.0, 0.0002045104068172903)	(5.0, 0.0002441915305281078)	(6.0, 0.00030218701902853345)	(7.0, 0.00028387265423892536)	(8.0, 0.00037239208405536443)	(9.0, 0.0004731210903982089)	(10.0, 0.000552483337819844)	(11.0, 0.000692893467873506)	(12.0, 0.0009523469690596206)	(13.0, 0.0013583153885625998)	(14.0, 0.0024358105170178756)	(15.0, 0.0040749461656878)	(16.0, 0.004816677939666928)	(17.0, 0.005943011374227824)	(18.0, 0.00915107760654084)	(19.0, 0.013131399554149)	(20.0, 0.018930948404191558)	(21.0, 0.027615009708597392)	(22.0, 0.040007729882898864)	(23.0, 0.05768109190487067)	(24.0, 0.08202698749852302)	(25.0, 0.1166136654036979)	(26.0, 0.16262545454345662)	(27.0, 0.22789785065361984)	(28.0, 0.3055599145439529)	(29.0, 0.3939511438068648)	(30.0, 0.4988771920806611)	(31.0, 0.623836103040157)	(32.0, 0.7795326229048786)	(33.0, 0.956293714671781)	(34.0, 1.1642655364343073)	(35.0, 1.4192930661296)	(36.0, 1.7454139075440196)	(37.0, 2.1572978668740426)	(38.0, 2.658903899308355)	(39.0, 3.235934590734537)	(40.0, 3.8346189661302987)	(41.0, 4.420162784789517)	(42.0, 4.960051944422374)	(43.0, 5.398598566491934)	(44.0, 5.7000102774110415)	(45.0, 5.846241323073667)	(46.0, 5.80496074483789)	(47.0, 5.619195090382764)	(48.0, 5.335798609628369)	(49.0, 5.006280453545477)	(50.0, 4.614340837471337)	(51.0, 4.041565183464607)	(52.0, 3.4263643034227504)	(53.0, 2.9384268919097485)	(54.0, 2.531048266317969)	(55.0, 2.2542113805523853)	(56.0, 1.9839157754108223)	(57.0, 1.6095365827757855)	(58.0, 1.3301295811513931)	(59.0, 1.1167947028996432)	(60.0, 0.9388248630566266)	(61.0, 0.8067294546174466)	(62.0, 0.6687215587453549)	(63.0, 0.5767864998956539)	(64.0, 0.5335371274449944)	(65.0, 0.45692508713593216)	(66.0, 0.3317311418283029)	(67.0, 0.23958852017765297)	(68.0, 0.19913819314567194)	(69.0, 0.19185518074767113)	(70.0, 0.15564768155861594)	(71.0, 0.09590317122078275)	(72.0, 0.06087084377239407)	(73.0, 0.04202536240388736)	(74.0, 0.048887144411727194)	(75.0, 0.04525784778925318)	(76.0, 0.024153594763361468)	(77.0, 0.02117140569678695)	(78.0, 0.019449855406563788)	(79.0, 0.01754210907431295)	(80.0, 0.017181926566783988)	(81.0, 0.010491078630313833)	(82.0, 0.0049815072227734)	(83.0, 0.001315581870720181)	(84.0, 4.273351784241887e-05)	(85.0, 2.4419153052810786e-05)	(86.0, 1.526197065800674e-05)	(87.0, 3.0523941316013483e-06)	(88.0, 0.0)	(89.0, 0.0)	(90.0, 0.0)	(91.0, 0.0)	(92.0, 0.0)	(93.0, 0.0)	(94.0, 0.0)	(95.0, 0.0)	(96.0, 0.0)	(97.0, 0.0)	(98.0, 0.0)	(99.0, 0.0)	(100.0, 0.0)
HI_6hpi_2_R2	(0.0, 0.0013979887459464049)	(1.0, 0.0014407220263901815)	(2.0, 0.0012758936589641861)	(3.0, 0.0009859178273814166)	(4.0, 0.000851613231700976)	(5.0, 0.0007050991273223133)	(6.0, 0.0005494278914199845)	(7.0, 0.0005097469881507634)	(8.0, 0.0005646897772927618)	(9.0, 0.0006593134697039814)	(10.0, 0.0007447800305915345)	(11.0, 0.0008363513458281987)	(12.0, 0.001144641440458301)	(13.0, 0.001794797778638616)	(14.0, 0.002915020201700473)	(15.0, 0.0040718711508569965)	(16.0, 0.005002846189096415)	(17.0, 0.006980786598208359)	(18.0, 0.010326191981521153)	(19.0, 0.014043987380129715)	(20.0, 0.02039293190320509)	(21.0, 0.03045661944771447)	(22.0, 0.04426862616257797)	(23.0, 0.0638709923775732)	(24.0, 0.09209937648786218)	(25.0, 0.13125527088305974)	(26.0, 0.181179951950089)	(27.0, 0.2518150121464771)	(28.0, 0.33661615480997714)	(29.0, 0.4319296844626463)	(30.0, 0.5495621960156649)	(31.0, 0.6878654057947732)	(32.0, 0.8491988013559026)	(33.0, 1.0444288454404704)	(34.0, 1.2737173140387281)	(35.0, 1.5602989022033922)	(36.0, 1.929203102765817)	(37.0, 2.3904417128585447)	(38.0, 2.9375284309856453)	(39.0, 3.531945309581403)	(40.0, 4.121743941512058)	(41.0, 4.6937777382868004)	(42.0, 5.200573077709769)	(43.0, 5.5740314250166305)	(44.0, 5.8117719260112315)	(45.0, 5.850350921120438)	(46.0, 5.718427179636151)	(47.0, 5.5012963293241475)	(48.0, 5.182625099923382)	(49.0, 4.831705505673438)	(50.0, 4.342443020741117)	(51.0, 3.735926519025421)	(52.0, 3.204849519178864)	(53.0, 2.7497553443385163)	(54.0, 2.4310017007540377)	(55.0, 2.1265850727584463)	(56.0, 1.759359679642027)	(57.0, 1.4675768407719205)	(58.0, 1.2228250294073648)	(59.0, 1.0358638750886677)	(60.0, 0.8924570906737027)	(61.0, 0.7344263672154423)	(62.0, 0.6235304520866676)	(63.0, 0.5595068408503666)	(64.0, 0.47840823169960234)	(65.0, 0.3837387536307645)	(66.0, 0.2945208211956827)	(67.0, 0.22110199301609998)	(68.0, 0.20212231174471404)	(69.0, 0.1736253184430642)	(70.0, 0.11854822470538531)	(71.0, 0.07730450432279182)	(72.0, 0.05098996070094911)	(73.0, 0.05072745626393734)	(74.0, 0.04613668099340592)	(75.0, 0.027929251147182546)	(76.0, 0.023671184988677665)	(77.0, 0.022053425086163266)	(78.0, 0.02069206486631153)	(79.0, 0.01926049997144501)	(80.0, 0.011956161392733774)	(81.0, 0.006498511004628595)	(82.0, 0.003095110454999246)	(83.0, 0.0002380854196153266)	(84.0, 3.96809032692211e-05)	(85.0, 1.5261885872777347e-05)	(86.0, 3.052377174555469e-06)	(87.0, 0.0)	(88.0, 0.0)	(89.0, 0.0)	(90.0, 0.0)	(91.0, 0.0)	(92.0, 0.0)	(93.0, 0.0)	(94.0, 0.0)	(95.0, 0.0)	(96.0, 3.052377174555469e-06)	(97.0, 3.052377174555469e-06)	(98.0, 6.104754349110938e-06)	(99.0, 1.5261885872777347e-05)	(100.0, 9.157131523666407e-06)
HI_6hpi_3_R1	(0.0, 0.00038390089156636013)	(1.0, 0.00028611481541266465)	(2.0, 0.00021368068492844575)	(3.0, 0.00022816751102528956)	(4.0, 0.00021368068492844575)	(5.0, 0.00022092409797686764)	(6.0, 0.00024265433712213335)	(7.0, 0.0003476838263242508)	(8.0, 0.0003911443046147821)	(9.0, 0.0003730357719937274)	(10.0, 0.0004997955003411105)	(11.0, 0.000659150587406392)	(12.0, 0.0008185056744716736)	(13.0, 0.001260353870425409)	(14.0, 0.00206799442532445)	(15.0, 0.0028140659693119043)	(16.0, 0.0034732165567182964)	(17.0, 0.00455972851398158)	(18.0, 0.006772591200274468)	(19.0, 0.009742390550127442)	(20.0, 0.014320227596730076)	(21.0, 0.022635665776318408)	(22.0, 0.034384481740858716)	(23.0, 0.048237509195965575)	(24.0, 0.0690261046449364)	(25.0, 0.09949189992659888)	(26.0, 0.13987754937807512)	(27.0, 0.19720916365633437)	(28.0, 0.26810769057428785)	(29.0, 0.35510108128583473)	(30.0, 0.45810965824744243)	(31.0, 0.5783611799708185)	(32.0, 0.7360539037414873)	(33.0, 0.9249222772725638)	(34.0, 1.1508551953724153)	(35.0, 1.4420295347994025)	(36.0, 1.8043414337749413)	(37.0, 2.2500032866986706)	(38.0, 2.799314758638793)	(39.0, 3.417847907376159)	(40.0, 4.055956379876886)	(41.0, 4.6735841019832)	(42.0, 5.251876469530058)	(43.0, 5.7473911127595505)	(44.0, 6.0712767055132115)	(45.0, 6.1556841977664725)	(46.0, 6.024248846296333)	(47.0, 5.770906853221253)	(48.0, 5.414596121956331)	(49.0, 4.990269742166729)	(50.0, 4.486700423627391)	(51.0, 3.889962704752726)	(52.0, 3.298429378153352)	(53.0, 2.7832959506822084)	(54.0, 2.3832132743656738)	(55.0, 2.118270955293546)	(56.0, 1.8494606536535612)	(57.0, 1.477094897366813)	(58.0, 1.1633102441091767)	(59.0, 0.9732865461968767)	(60.0, 0.831594521850172)	(61.0, 0.7066130514061765)	(62.0, 0.5963212226243806)	(63.0, 0.5166762744504576)	(64.0, 0.4371580860048821)	(65.0, 0.34176233615716584)	(66.0, 0.26209565774409765)	(67.0, 0.20719420854358397)	(68.0, 0.17459160641263705)	(69.0, 0.1407938411287005)	(70.0, 0.09789834905594606)	(71.0, 0.06296336792340729)	(72.0, 0.040899931777914206)	(73.0, 0.034083880099349206)	(74.0, 0.0326605494353343)	(75.0, 0.025681520963179813)	(76.0, 0.01689888264196827)	(77.0, 0.01271943331302884)	(78.0, 0.01215082538872772)	(79.0, 0.011154856094569711)	(80.0, 0.007721478309617735)	(81.0, 0.0038064135569457033)	(82.0, 0.0015102516205959642)	(83.0, 0.00032595358717898504)	(84.0, 7.24341304842189e-06)	(85.0, 0.0)	(86.0, 0.0)	(87.0, 0.0)	(88.0, 0.0)	(89.0, 0.0)	(90.0, 0.0)	(91.0, 0.0)	(92.0, 0.0)	(93.0, 0.0)	(94.0, 0.0)	(95.0, 0.0)	(96.0, 1.448682609684378e-05)	(97.0, 3.621706524210945e-05)	(98.0, 3.621706524210945e-05)	(99.0, 1.448682609684378e-05)	(100.0, 0.0)
HI_6hpi_3_R2	(0.0, 0.0017963659155358163)	(1.0, 0.0016514976965409922)	(2.0, 0.001350896142126733)	(3.0, 0.0009923473001145437)	(4.0, 0.0008040186154212725)	(5.0, 0.0007098542730746371)	(6.0, 0.0006193116362028721)	(7.0, 0.0005794728759792955)	(8.0, 0.000575851170504425)	(9.0, 0.0006337984581023545)	(10.0, 0.0005903379924039073)	(11.0, 0.0006917457457002841)	(12.0, 0.0009814821836899319)	(13.0, 0.001350896142126733)	(14.0, 0.0021440496411233934)	(15.0, 0.0026329798802309243)	(16.0, 0.003183479112411255)	(17.0, 0.004639404713309235)	(18.0, 0.00691383575152797)	(19.0, 0.009767739665726001)	(20.0, 0.014291249803839376)	(21.0, 0.02145498323313342)	(22.0, 0.03297200664322192)	(23.0, 0.04711114481711673)	(24.0, 0.06686030477158611)	(25.0, 0.09545366949568947)	(26.0, 0.13413710567278234)	(27.0, 0.19079506612165795)	(28.0, 0.2600456965066586)	(29.0, 0.34572076122019746)	(30.0, 0.44592248659344225)	(31.0, 0.5623784261379063)	(32.0, 0.7199805615823752)	(33.0, 0.9052199315055817)	(34.0, 1.118925906461271)	(35.0, 1.4013175257478814)	(36.0, 1.7500080854574729)	(37.0, 2.1822622555887534)	(38.0, 2.7137439123205387)	(39.0, 3.316261700236436)	(40.0, 3.950136214153763)	(41.0, 4.565507434799976)	(42.0, 5.1396527820257365)	(43.0, 5.624954072247447)	(44.0, 5.992781723686255)	(45.0, 6.127505545645966)	(46.0, 6.007163516126965)	(47.0, 5.772035153287416)	(48.0, 5.424496295918834)	(49.0, 5.019969902903163)	(50.0, 4.559969847128898)	(51.0, 3.984281653370843)	(52.0, 3.382636696474389)	(53.0, 2.8540487824170255)	(54.0, 2.4248549534120105)	(55.0, 2.1638929654202097)	(56.0, 1.9448304880671867)	(57.0, 1.5778937761751974)	(58.0, 1.22754809706359)	(59.0, 1.0050124041601662)	(60.0, 0.8680576116279345)	(61.0, 0.7509280348651446)	(62.0, 0.6189422222444354)	(63.0, 0.5352337436037512)	(64.0, 0.46727244036780446)	(65.0, 0.37439018175927313)	(66.0, 0.28740405966383115)	(67.0, 0.22102544172040284)	(68.0, 0.18329451408320094)	(69.0, 0.15493656021496416)	(70.0, 0.11657545582513479)	(71.0, 0.07525541806233614)	(72.0, 0.046741730858679935)	(73.0, 0.03373980820389449)	(74.0, 0.036130133817309076)	(75.0, 0.03421787332657741)	(76.0, 0.019553587858826355)	(77.0, 0.01425503274909067)	(78.0, 0.013530691654116552)	(79.0, 0.012690455983946572)	(80.0, 0.010470350527850896)	(81.0, 0.005356502397333613)	(82.0, 0.0023613519696156294)	(83.0, 0.0006048248143033897)	(84.0, 1.0865116424611793e-05)	(85.0, 7.243410949741194e-06)	(86.0, 3.621705474870597e-06)	(87.0, 0.0)	(88.0, 0.0)	(89.0, 1.4486821899482389e-05)	(90.0, 1.8108527374352986e-05)	(91.0, 1.4486821899482389e-05)	(92.0, 1.4486821899482389e-05)	(93.0, 1.0865116424611793e-05)	(94.0, 2.1730232849223586e-05)	(95.0, 3.2595349273835374e-05)	(96.0, 2.8973643798964777e-05)	(97.0, 2.8973643798964777e-05)	(98.0, 4.346046569844717e-05)	(99.0, 5.070387664818836e-05)	(100.0, 8.692093139689434e-05)
