Sample	0	1	2	3	4	5	6	7	8	9	10	11	12	13	14	15	16	17	18	19	20	21	22	23	24	25	26	27	28	29	30	31	32	33	34	35	36	37	38	39	40	41	42	43	44	45	46	47	48	49	50	51	52	53	54	55	56	57	58	59	60	61	62	63	64	65	66
GC_24hpi_1_R1	(1, 32.456683613445875)	(2, 32.535482991502505)	(3, 32.542978082323785)	(4, 32.52518849193251)	(5, 32.54994884997645)	(6, 36.078682969326785)	(7, 36.30984056773727)	(8, 36.379121665717676)	(9, 36.4068339251814)	(10, 36.40145365055772)	(12, 36.33727341859881)	(14, 36.374338469718765)	(16, 36.31612867837588)	(18, 36.355029240780745)	(20, 36.27271883303152)	(22, 36.30296751014377)	(24, 36.31511283247947)	(26, 36.29692652611396)	(28, 36.227458545116235)	(30, 36.16918038783877)	(32, 36.150183052877644)	(34, 36.12561650114124)	(36, 36.06149000580928)	(38, 35.9923423668907)	(40, 36.015397441700784)	(42, 35.99953705101714)	(44, 35.99889059693961)	(46, 35.953670303335)	(48, 35.97535423554092)	(50, 35.96270492717659)	(52, 35.93555524028653)	(54, 35.92552811690511)	(56, 35.90424450819231)	(58, 35.89021712511331)	(60, 35.90399179282789)	(62, 35.85922435000871)	(64, 35.8204656729075)	(66, 35.83718056760708)	(68, 35.82723812919288)	(70, 35.8065989963343)	(72, 35.58181728999037)	(74, 24.552951645960043)	(76, 32.92591948080518)	(78, 35.41496456845674)	(80, 35.5566138232089)	(82, 35.500408549449695)	(84, 35.42879120314339)	(86, 35.3739504588045)	(88, 35.28692102049793)	(90, 35.178271383541386)	(92, 35.21202103471386)	(94, 35.189132801472425)	(96, 35.200665069072954)	(98, 35.23301435626226)	(100, 35.1042143949892)	(102, 35.14157553335706)	(104, 35.02758562644853)	(106, 34.85421749558924)	(108, 34.75403692471742)	(110, 34.65946092304621)	(112, 34.49121996831677)	(114, 34.374682539788225)	(116, 34.26728375355592)	(118, 34.10824014955521)	(120, 34.00101897739028)	(122, 33.790154446628776)	(124, 33.13882108329406)
GC_24hpi_1_R2	(1, 32.406781458301374)	(2, 32.47340043241281)	(3, 32.48032619882846)	(4, 32.49001446053575)	(5, 32.49900240345316)	(6, 36.18412930106581)	(7, 36.21705783294919)	(8, 36.21480901537224)	(9, 36.199974644464305)	(10, 36.195038575599554)	(12, 36.18227066702548)	(14, 36.18257406246214)	(16, 36.1733821968885)	(18, 36.13508382845639)	(20, 36.10936935432349)	(22, 36.056869777549416)	(24, 36.03013793674098)	(26, 36.0030808220143)	(28, 36.01754111581915)	(30, 36.04269991799544)	(32, 36.085497315215875)	(34, 36.16640351103488)	(36, 36.1687101233227)	(38, 36.15797742252862)	(40, 36.130553850822224)	(42, 36.13166442540904)	(44, 36.11116075660152)	(46, 36.10772024678306)	(48, 36.09486617213861)	(50, 36.08682095390459)	(52, 36.07111348560325)	(54, 36.036229429719455)	(56, 36.01162717160823)	(58, 35.98917690771975)	(60, 35.97656378063657)	(62, 35.97858279748613)	(64, 35.9364301486488)	(66, 35.896250910281296)	(68, 35.89006111712509)	(70, 35.8689296791921)	(72, 35.845919635377555)	(74, 35.84262203963021)	(76, 35.81069642831832)	(78, 35.77405716496551)	(80, 35.72714478211502)	(82, 35.703591072208056)	(84, 35.66900036481178)	(86, 35.63538813434597)	(88, 35.594372427105384)	(90, 35.539445960068974)	(92, 35.501928634114044)	(94, 35.43229705454917)	(96, 35.390867476400516)	(98, 35.316464851893464)	(100, 35.22356056030828)	(102, 35.178263480738806)	(104, 35.119155681068484)	(106, 35.05206330227486)	(108, 34.96214319009235)	(110, 34.874693803709484)	(112, 34.76208901015693)	(114, 34.621798264277714)	(116, 34.502983244291116)	(118, 34.309572369436715)	(120, 34.09621730503)	(122, 33.77018723685371)	(124, 33.07083530069385)
GC_24hpi_2_R1	(1, 32.454837838248096)	(2, 32.53519656934703)	(3, 32.5429216366216)	(4, 32.52530851740596)	(5, 32.549418081818466)	(6, 36.08854220708153)	(7, 36.318231714693674)	(8, 36.38667372503928)	(9, 36.414596046054044)	(10, 36.41227860472638)	(12, 36.345873937211024)	(14, 36.384822610746674)	(16, 36.3269720692021)	(18, 36.36618717308562)	(20, 36.28393261050289)	(22, 36.31495793002709)	(24, 36.32818593887801)	(26, 36.309498588533565)	(28, 36.24127694424335)	(30, 36.18376794215692)	(32, 36.16550301204404)	(34, 36.140793147933614)	(36, 36.0779773783941)	(38, 36.01014063835295)	(40, 36.03554884135208)	(42, 36.01825742477514)	(44, 36.0174231306038)	(46, 35.97294252653424)	(48, 35.99407012182013)	(50, 35.98037304454012)	(52, 35.9528224513634)	(54, 35.94396908319284)	(56, 35.92182318012236)	(58, 35.909277406249316)	(60, 35.92359287304963)	(62, 35.878751528998436)	(64, 35.8396499157605)	(66, 35.85569799079199)	(68, 35.84614761107497)	(70, 35.826327493184365)	(72, 35.60659659541024)	(74, 24.564671729777537)	(76, 32.949248067933326)	(78, 35.43947512343158)	(80, 35.57813879144825)	(82, 35.5207584767618)	(84, 35.45162993961699)	(86, 35.39554786555298)	(88, 35.30809769429293)	(90, 35.2023126326271)	(92, 35.23432868587648)	(94, 35.21205153346901)	(96, 35.224903855296624)	(98, 35.251190155185455)	(100, 35.12602270407768)	(102, 35.161194587870426)	(104, 35.04806687328206)	(106, 34.87445252543151)	(108, 34.78099019195297)	(110, 34.67953115499636)	(112, 34.5129274368054)	(114, 34.39386223707743)	(116, 34.29151219192239)	(118, 34.13674150654506)	(120, 34.02676316788465)	(122, 33.81568738018879)	(124, 33.170279966622445)
GC_24hpi_2_R2	(1, 32.3988678829436)	(2, 32.4632548555937)	(3, 32.47024144851895)	(4, 32.48094663238152)	(5, 32.48889893264237)	(6, 36.17249684433312)	(7, 36.21358934741223)	(8, 36.20632019177991)	(9, 36.19196824047742)	(10, 36.18802839636923)	(12, 36.17101319298422)	(14, 36.17214446235249)	(16, 36.16218530974885)	(18, 36.12175666475072)	(20, 36.09546252919513)	(22, 36.04443558132119)	(24, 36.01628119746921)	(26, 35.98938323197984)	(28, 36.0033904567797)	(30, 36.027441800132095)	(32, 36.070859845093445)	(34, 36.15083475953334)	(36, 36.154629432771046)	(38, 36.141872586388246)	(40, 36.11302205908611)	(42, 36.11538809855115)	(44, 36.09462349219653)	(46, 36.09088670510561)	(48, 36.075629573020876)	(50, 36.066365346097044)	(52, 36.04944029829016)	(54, 36.01691516571703)	(56, 35.99240985276746)	(58, 35.96737313613136)	(60, 35.95379319330732)	(62, 35.954154143753925)	(64, 35.90919587630309)	(66, 35.867754826308044)	(68, 35.86139051869705)	(70, 35.838670073122316)	(72, 35.81402199124996)	(74, 35.81007509695159)	(76, 35.777458255115604)	(78, 35.73833502955179)	(80, 35.68829837659421)	(82, 35.661954110056286)	(84, 35.62585693430739)	(86, 35.58810176215591)	(88, 35.547266925093666)	(90, 35.493066873815266)	(92, 35.44934622711392)	(94, 35.374458502367915)	(96, 35.33229405765051)	(98, 35.25231349993663)	(100, 35.15834686280871)	(102, 35.108646481612716)	(104, 35.04613487438719)	(106, 34.973603516220905)	(108, 34.88110018288245)	(110, 34.78712186020344)	(112, 34.66888620438468)	(114, 34.520699117439094)	(116, 34.39634416418663)	(118, 34.19292408172389)	(120, 33.97202837197101)	(122, 33.63603064515071)	(124, 32.91715283654206)
GC_24hpi_3_R1	(1, 32.47081837852865)	(2, 32.548621848813056)	(3, 32.55613815213476)	(4, 32.540146038280376)	(5, 32.5636683405785)	(6, 36.10710643564842)	(7, 36.33090909667169)	(8, 36.399126927673755)	(9, 36.42673885119028)	(10, 36.42233439992201)	(12, 36.356640982209385)	(14, 36.39515491494835)	(16, 36.33890662511996)	(18, 36.377207715539726)	(20, 36.29389570039649)	(22, 36.32335098705862)	(24, 36.338446567258245)	(26, 36.31879798762323)	(28, 36.25262851397349)	(30, 36.19533846267853)	(32, 36.176982139381835)	(34, 36.15231533815138)	(36, 36.09076941835917)	(38, 36.022944018060244)	(40, 36.04795042295873)	(42, 36.03106463611904)	(44, 36.03292216818293)	(46, 35.98709540084703)	(48, 36.00839756786404)	(50, 35.99421586896024)	(52, 35.967032500013644)	(54, 35.958550357095966)	(56, 35.93733350922048)	(58, 35.92408801089118)	(60, 35.9378776247496)	(62, 35.892475403965456)	(64, 35.853673652454624)	(66, 35.86968485915056)	(68, 35.86024824341557)	(70, 35.84004155923558)	(72, 35.619673545290546)	(74, 24.57988066783247)	(76, 32.97325104906201)	(78, 35.456385370993075)	(80, 35.59602876364097)	(82, 35.538606923527695)	(84, 35.4688458054988)	(86, 35.41290989856125)	(88, 35.32836076359164)	(90, 35.22206928791229)	(92, 35.25356588028515)	(94, 35.230749830496066)	(96, 35.23962768162542)	(98, 35.27221008148912)	(100, 35.144382172708404)	(102, 35.1827470110731)	(104, 35.067738623968864)	(106, 34.89450920337484)	(108, 34.79687581199286)	(110, 34.700640512109985)	(112, 34.536679129552425)	(114, 34.42071561927125)	(116, 34.316975744662535)	(118, 34.165045638999196)	(120, 34.05882790369868)	(122, 33.85119107017917)	(124, 33.21446302030464)
GC_24hpi_3_R2	(1, 32.37988660081195)	(2, 32.44813340946003)	(3, 32.45089519042011)	(4, 32.45811409555711)	(5, 32.46449513922627)	(6, 36.13714357684064)	(7, 36.17586601279816)	(8, 36.16919270240244)	(9, 36.153970458195445)	(10, 36.150185139991464)	(12, 36.13820265697848)	(14, 36.13726458115152)	(16, 36.12762162800943)	(18, 36.08866174891865)	(20, 36.06333875758645)	(22, 36.01265843943)	(24, 35.982811048995316)	(26, 35.95469944974167)	(28, 35.969656782421794)	(30, 35.99379693491968)	(32, 36.039611486144196)	(34, 36.12533454460757)	(36, 36.12909210543374)	(38, 36.115918767466766)	(40, 36.08583578024479)	(42, 36.086608570798994)	(44, 36.065770702097325)	(46, 36.06357776087346)	(48, 36.04881132420006)	(50, 36.040846186150596)	(52, 36.02177601091029)	(54, 35.98672666369339)	(56, 35.96444053511959)	(58, 35.938231101749295)	(60, 35.923177678469216)	(62, 35.92492082855658)	(64, 35.87969671610303)	(66, 35.83684305414647)	(68, 35.83073940695836)	(70, 35.8056210660513)	(72, 35.78186318704121)	(74, 35.77828798874644)	(76, 35.744420280362334)	(78, 35.70480091635676)	(80, 35.65667248596246)	(82, 35.63158807709813)	(84, 35.594391624254314)	(86, 35.556059932523105)	(88, 35.515442530236456)	(90, 35.458777476431095)	(92, 35.41433867809397)	(94, 35.33939015763356)	(96, 35.29745142155619)	(98, 35.217435070955595)	(100, 35.12003781942511)	(102, 35.07103986521521)	(104, 35.006675281865405)	(106, 34.93482338512086)	(108, 34.83979792987081)	(110, 34.74799647534165)	(112, 34.62974500541687)	(114, 34.477718927455186)	(116, 34.351087985002664)	(118, 34.14453949630989)	(120, 33.91751616450165)	(122, 33.57415778871042)	(124, 32.84406559389349)
GC_48hpi_1_R1	(1, 32.42956114903772)	(2, 32.51203862543387)	(3, 32.52054315169802)	(4, 32.504598034382006)	(5, 32.530326431449886)	(6, 36.0430160978291)	(7, 36.288090573293964)	(8, 36.36527047098137)	(9, 36.39210749038703)	(10, 36.388478785002604)	(12, 36.32158157339306)	(14, 36.35750509808701)	(16, 36.29774840902138)	(18, 36.33808177128439)	(20, 36.25572459927774)	(22, 36.28514149999785)	(24, 36.29687399400109)	(26, 36.27905854198097)	(28, 36.20866773275622)	(30, 36.15030179197835)	(32, 36.131520529187924)	(34, 36.104147589384766)	(36, 36.040934114883996)	(38, 35.970263393531965)	(40, 35.99602702326112)	(42, 35.97519224220631)	(44, 35.97682530502969)	(46, 35.93110490506436)	(48, 35.951409590603475)	(50, 35.93955718204515)	(52, 35.9108479713623)	(54, 35.90057300829994)	(56, 35.879609559577865)	(58, 35.86562617183871)	(60, 35.88136501127903)	(62, 35.83636154251515)	(64, 35.79689767771946)	(66, 35.81236814517527)	(68, 35.803286365667944)	(70, 35.78409708676776)	(72, 35.558985347762004)	(74, 24.51226100021021)	(76, 32.88105656427793)	(78, 35.386388067841004)	(80, 35.527545247328845)	(82, 35.46851388948026)	(84, 35.39584063439443)	(86, 35.337438790389214)	(88, 35.2506025674807)	(90, 35.13618161049689)	(92, 35.17342038291342)	(94, 35.153764660588074)	(96, 35.16610897256648)	(98, 35.19586406687097)	(100, 35.0688739908143)	(102, 35.10905713213264)	(104, 34.993153473671214)	(106, 34.81662132405711)	(108, 34.72020078694759)	(110, 34.62061576478773)	(112, 34.45277313192136)	(114, 34.331690016716024)	(116, 34.22548152722676)	(118, 34.07163449556767)	(120, 33.956458183671614)	(122, 33.74510942421091)	(124, 33.0824935341529)
GC_48hpi_1_R2	(1, 32.32942025533214)	(2, 32.39445676520609)	(3, 32.397041786155484)	(4, 32.4018877540657)	(5, 32.40728197022212)	(6, 36.047724557422036)	(7, 36.10439361848151)	(8, 36.097301045346356)	(9, 36.08591967766179)	(10, 36.08090471732315)	(12, 36.06242329787293)	(14, 36.055919135999666)	(16, 36.04288292896409)	(18, 36.00566867881837)	(20, 35.981812401477505)	(22, 35.925125305531296)	(24, 35.88729916183941)	(26, 35.85652068872339)	(28, 35.8782770712575)	(30, 35.90906259213642)	(32, 35.95686756829531)	(34, 36.040096755485365)	(36, 36.04272075438075)	(38, 36.03024930505778)	(40, 36.00676774754153)	(42, 36.00829386305498)	(44, 35.98248875633025)	(46, 35.97907441955634)	(48, 35.96124251350009)	(50, 35.95915925757585)	(52, 35.943492304395576)	(54, 35.90190989399976)	(56, 35.87278646129693)	(58, 35.84687531332148)	(60, 35.834300621158796)	(62, 35.8412989318018)	(64, 35.794468790651294)	(66, 35.7435183170946)	(68, 35.73753334307891)	(70, 35.71630592817241)	(72, 35.69282428161239)	(74, 35.69106517482734)	(76, 35.65393109932393)	(78, 35.61080640638579)	(80, 35.56151014989361)	(82, 35.535424324663985)	(84, 35.501642801605726)	(86, 35.46076905116881)	(88, 35.41648837621757)	(90, 35.356854671356515)	(92, 35.31415454660212)	(94, 35.241263867663136)	(96, 35.19691244320103)	(98, 35.11013406766661)	(100, 35.00948368436654)	(102, 34.95952200071301)	(104, 34.89638042909448)	(106, 34.82993381312542)	(108, 34.73128180602093)	(110, 34.630202746753326)	(112, 34.50678863749907)	(114, 34.349197042144134)	(116, 34.21803034625989)	(118, 34.00541880661709)	(120, 33.75727516859472)	(122, 33.38926092074634)	(124, 32.62151275578841)
GC_48hpi_2_R1	(1, 32.44765198534857)	(2, 32.52808075535996)	(3, 32.538223458270494)	(4, 32.522104937697)	(5, 32.544779303727445)	(6, 36.067377132160594)	(7, 36.30435499877837)	(8, 36.37704818755236)	(9, 36.401770559204124)	(10, 36.39707215055967)	(12, 36.32994010323938)	(14, 36.36686324500049)	(16, 36.307258871289704)	(18, 36.34692227418735)	(20, 36.262661466961546)	(22, 36.29394202544364)	(24, 36.30510787687996)	(26, 36.28899520973991)	(28, 36.217883998364584)	(30, 36.15917975615672)	(32, 36.14283633765347)	(34, 36.11429358578145)	(36, 36.05223301404396)	(38, 35.98344162642338)	(40, 36.00968697771352)	(42, 35.98989228587706)	(44, 35.990996712402236)	(46, 35.94447470752542)	(48, 35.965505143383524)	(50, 35.95317598969689)	(52, 35.926989854198915)	(54, 35.917736922327514)	(56, 35.896629189630126)	(58, 35.88257923458514)	(60, 35.89556151439169)	(62, 35.8503211571453)	(64, 35.815561216471124)	(66, 35.82968096018412)	(68, 35.821458330964525)	(70, 35.802042408124265)	(72, 35.57931006020563)	(74, 24.53179425550374)	(76, 32.91135284296561)	(78, 35.40970311572768)	(80, 35.54997791625049)	(82, 35.49233958453157)	(84, 35.421030067951406)	(86, 35.3643387179355)	(88, 35.27948097144758)	(90, 35.16674867642862)	(92, 35.203190607749654)	(94, 35.181229161816674)	(96, 35.19576561350165)	(98, 35.22573609525619)	(100, 35.09877024654031)	(102, 35.137709012999466)	(104, 35.02363562371579)	(106, 34.85191713205293)	(108, 34.753976231324096)	(110, 34.65498543299087)	(112, 34.49222221591437)	(114, 34.37243538804829)	(116, 34.26787510031735)	(118, 34.11734284850825)	(120, 34.003764368978494)	(122, 33.798115475597456)	(124, 33.153538504631285)
GC_48hpi_2_R2	(1, 32.386650223053785)	(2, 32.452912228683076)	(3, 32.461542657513206)	(4, 32.47126372337471)	(5, 32.47518027151199)	(6, 36.14307189832415)	(7, 36.18566850418071)	(8, 36.17702295134417)	(9, 36.163767930411346)	(10, 36.16496810574857)	(12, 36.15031272205475)	(14, 36.150957422378255)	(16, 36.14041209816733)	(18, 36.10144231131268)	(20, 36.0716346665261)	(22, 36.02154870331894)	(24, 35.99026229140341)	(26, 35.96337740831609)	(28, 35.979616003375625)	(30, 36.006846460517394)	(32, 36.052222612296944)	(34, 36.13182224767172)	(36, 36.13594997543885)	(38, 36.12472805611572)	(40, 36.09702564451254)	(42, 36.09962721747708)	(44, 36.07708725707237)	(46, 36.07376898219811)	(48, 36.056554337926315)	(50, 36.05077581807144)	(52, 36.03535197383815)	(54, 35.99910419690924)	(56, 35.972126206358375)	(58, 35.945937075296975)	(60, 35.93421839061229)	(62, 35.93814398649245)	(64, 35.89655335553925)	(66, 35.84799028984736)	(68, 35.841479077215155)	(70, 35.82060433252536)	(72, 35.79711551763351)	(74, 35.79585509215828)	(76, 35.76034352899707)	(78, 35.72189422905931)	(80, 35.67263945537826)	(82, 35.64832070464874)	(84, 35.615276369693305)	(86, 35.57540979133317)	(88, 35.53317043747758)	(90, 35.4792501071773)	(92, 35.438420696871034)	(94, 35.3696412946034)	(96, 35.32850618680834)	(98, 35.24925221114849)	(100, 35.15514210968472)	(102, 35.10762656627162)	(104, 35.048893740287085)	(106, 34.982107664278004)	(108, 34.89061377256938)	(110, 34.795816500933945)	(112, 34.68022156070425)	(114, 34.53253045595453)	(116, 34.41260600702986)	(118, 34.21602757690444)	(120, 33.987218129095666)	(122, 33.64886628852753)	(124, 32.92676556788446)
GC_48hpi_3_R1	(1, 32.39177377835648)	(2, 32.453807147050505)	(3, 32.4884937882409)	(4, 32.521557176477124)	(5, 32.53414102407573)	(6, 36.04800282788021)	(7, 36.267322776791204)	(8, 36.329569479364444)	(9, 36.35104521172181)	(10, 36.35040703782472)	(12, 36.35163008870391)	(14, 36.34074556462196)	(16, 36.32253498112675)	(18, 36.30884816520435)	(20, 36.290781790440036)	(22, 36.28850826394621)	(24, 36.277184168257406)	(26, 36.247164077733075)	(28, 36.223123623254416)	(30, 36.18356250763081)	(32, 36.14965767288321)	(34, 36.12917364493412)	(36, 36.082825669503855)	(38, 36.000139350048315)	(40, 35.94951096028846)	(42, 35.90944283865646)	(44, 35.89195172465973)	(46, 35.8744382115916)	(48, 35.855207004930435)	(50, 35.84845137877281)	(52, 35.81964767862293)	(54, 35.82189819281135)	(56, 35.81186716108706)	(58, 35.803211760050274)	(60, 35.81750408843578)	(62, 35.81993848815158)	(64, 35.79410477779015)	(66, 35.766357781267786)	(68, 35.738205926340584)	(70, 35.731113013800964)	(72, 35.712863146645844)	(74, 18.556200522908068)	(76, 26.316058180924806)	(78, 34.0680580830834)	(80, 35.27168415897978)	(82, 35.36974514839207)	(84, 35.36436460567644)	(86, 35.29293281316805)	(88, 35.23993572793347)	(90, 35.18396359057422)	(92, 34.928103558587594)	(94, 35.1286641405692)	(96, 35.194250902265836)	(98, 35.13689784971962)	(100, 35.07976577445039)	(102, 35.055001829151934)	(104, 34.96874103855272)	(106, 34.88658126541854)	(108, 34.80739864825358)	(110, 34.71999597192223)	(112, 34.58221868105916)	(114, 34.44660663818335)	(116, 34.31001241131348)	(118, 34.152765203736735)	(120, 33.9516557157016)	(122, 33.641005841742235)	(124, 32.94545849940112)
GC_48hpi_3_R2	(1, 32.37925704539157)	(2, 32.43634308591331)	(3, 32.464299328341895)	(4, 32.477309405041204)	(5, 32.47682819750418)	(6, 36.155444583271496)	(7, 36.19051695083159)	(8, 36.17892768654103)	(9, 36.175159324145405)	(10, 36.17595819299332)	(12, 36.1603855509066)	(14, 36.15611686280759)	(16, 36.13303465615448)	(18, 36.118719718908125)	(20, 36.120008824331464)	(22, 36.107136084058524)	(24, 36.0977320298375)	(26, 36.091817900013815)	(28, 36.08133774525537)	(30, 36.07567551463691)	(32, 36.07032449637546)	(34, 36.058884711091636)	(36, 36.04744889290684)	(38, 36.03564521085991)	(40, 36.021149301771594)	(42, 36.01130629373606)	(44, 36.010773187091516)	(46, 35.997536268872864)	(48, 35.980768721238974)	(50, 35.96592770147618)	(52, 35.95242744299172)	(54, 35.93810723364582)	(56, 35.91064173867315)	(58, 35.887219379654226)	(60, 35.86682079526787)	(62, 35.852217981083015)	(64, 35.820845643056714)	(66, 35.80086115217502)	(68, 35.7920739684086)	(70, 35.76629079724931)	(72, 35.75313824443515)	(74, 35.71894328498974)	(76, 35.69238989637287)	(78, 35.6631016946955)	(80, 35.63487757233429)	(82, 35.59826152722039)	(84, 35.564360792943816)	(86, 35.51780299981081)	(88, 35.49070967644485)	(90, 35.43707426662115)	(92, 35.39767708846229)	(94, 35.34113630813761)	(96, 35.280209137250736)	(98, 35.230482843494144)	(100, 35.17205847991678)	(102, 35.11694721101439)	(104, 35.019523623941)	(106, 34.96735260891254)	(108, 34.885005094137846)	(110, 34.77800738274807)	(112, 34.66223098714678)	(114, 34.56789039962167)	(116, 34.43517862761071)	(118, 34.2447771801492)	(120, 34.04469153352866)	(122, 33.73635227571102)	(124, 33.02493559455599)
GC_6hpi_1_R1	(1, 32.41169521031752)	(2, 32.50501091404675)	(3, 32.46229834383102)	(4, 32.51796353325323)	(5, 32.521324838537055)	(6, 36.079252094381886)	(7, 36.25824011810732)	(8, 36.29981555982181)	(9, 36.348059431749114)	(10, 36.41333760723592)	(12, 36.383874916011294)	(14, 36.42041660006998)	(16, 36.41172724262189)	(18, 36.400593069878674)	(20, 36.38636091569778)	(22, 36.37902668946244)	(24, 36.37075085991179)	(26, 36.34776491759058)	(28, 36.32619652371521)	(30, 36.07770242640862)	(32, 36.23690957269057)	(34, 36.242956973591866)	(36, 36.20961053271847)	(38, 36.14570605477261)	(40, 36.102987228959506)	(42, 36.07257830256377)	(44, 35.99134409685543)	(46, 36.0346847641269)	(48, 36.03320024920272)	(50, 36.020284311521905)	(52, 36.007450452406765)	(54, 35.99755411130529)	(56, 35.98130314387798)	(58, 35.96375499683328)	(60, 35.97241014319152)	(62, 35.954446847116486)	(64, 35.94020402905373)	(66, 35.92093942799305)	(68, 35.91098257922195)	(70, 35.89098843392652)	(72, 35.70651426558972)	(74, 24.64791287005906)	(76, 32.99631042802409)	(78, 35.50110802100052)	(80, 35.64440022017597)	(82, 35.60288598438879)	(84, 35.55293116484199)	(86, 35.48320723389233)	(88, 35.42897234909168)	(90, 35.34577166417544)	(92, 35.079461282939334)	(94, 35.267123631391925)	(96, 35.34233285638512)	(98, 35.316777365291514)	(100, 35.25128358764782)	(102, 35.200443287529595)	(104, 35.131930349235844)	(106, 35.067542364958264)	(108, 34.98017479666194)	(110, 34.86455723559954)	(112, 34.78627688097528)	(114, 34.65080754797113)	(116, 34.51882013103497)	(118, 34.33614698971446)	(120, 34.15626373339961)	(122, 33.85176011323089)	(124, 33.16790577073161)
GC_6hpi_1_R2	(1, 32.43252514059985)	(2, 32.5093142985544)	(3, 32.48300160922975)	(4, 32.508561338055614)	(5, 32.53515137222365)	(6, 36.21609548980029)	(7, 36.27138727407433)	(8, 36.225669671016156)	(9, 36.16621705514103)	(10, 36.22424388569205)	(12, 36.22946555399742)	(14, 36.23994751241517)	(16, 36.22412106468497)	(18, 36.21684903603264)	(20, 36.20839957308809)	(22, 36.136811912239246)	(24, 36.19001530009291)	(26, 36.18934265830933)	(28, 36.17632344851808)	(30, 36.1691027813778)	(32, 36.15129482597577)	(34, 36.1481088011159)	(36, 36.1455432599156)	(38, 36.12542639118789)	(40, 36.11471586044947)	(42, 36.11418111092139)	(44, 36.09306729191659)	(46, 36.0732191281909)	(48, 36.064136077768126)	(50, 36.0453415987605)	(52, 36.02880086981045)	(54, 36.012299927618486)	(56, 35.98776099753064)	(58, 35.96976264113003)	(60, 35.94810879597031)	(62, 35.93457160312386)	(64, 35.9103583822227)	(66, 35.87632161426632)	(68, 35.86289517031146)	(70, 35.8414057157986)	(72, 35.8253226343472)	(74, 35.791156328612665)	(76, 35.76921660219833)	(78, 35.73079420214511)	(80, 35.6868944283912)	(82, 35.662549596409995)	(84, 35.624497553101804)	(86, 35.58404671777858)	(88, 35.55639195628238)	(90, 35.49250426003047)	(92, 35.4300069856754)	(94, 35.38553471790185)	(96, 35.35360834162053)	(98, 35.29622515234191)	(100, 35.21874204289216)	(102, 35.14103957039239)	(104, 35.07550232765968)	(106, 34.99273933557031)	(108, 34.93949552230233)	(110, 34.812271149217494)	(112, 34.69523297074502)	(114, 34.48575152025889)	(116, 34.42973066123163)	(118, 34.28243580716885)	(120, 34.0618457783057)	(122, 33.740225881904195)	(124, 33.02689470287418)
GC_6hpi_2_R1	(1, 32.42527550012379)	(2, 32.51828712355883)	(3, 32.47549846487475)	(4, 32.531742103697404)	(5, 32.533364803333114)	(6, 36.09179454316425)	(7, 36.26529083915663)	(8, 36.30664312983219)	(9, 36.355552589917046)	(10, 36.41871145755101)	(12, 36.388449712715286)	(14, 36.42516704119373)	(16, 36.41652165360877)	(18, 36.40586268469956)	(20, 36.391734622290016)	(22, 36.3851932416719)	(24, 36.376052586695494)	(26, 36.354149696429786)	(28, 36.332688714279925)	(30, 36.08754742624996)	(32, 36.245576221085344)	(34, 36.25043609972698)	(36, 36.2155442120088)	(38, 36.15461281813059)	(40, 36.11196015400728)	(42, 36.08056463500071)	(44, 36.00185530157777)	(46, 36.043987655137855)	(48, 36.04163424690381)	(50, 36.02836992065855)	(52, 36.0154427988781)	(54, 36.004709353136576)	(56, 35.98983193108888)	(58, 35.9710092066032)	(60, 35.980701911940486)	(62, 35.9608942303771)	(64, 35.94798782659515)	(66, 35.92982909640864)	(68, 35.91741101944454)	(70, 35.896393428050885)	(72, 35.714910379696065)	(74, 24.65624103700513)	(76, 33.00780109695367)	(78, 35.512107309941925)	(80, 35.6534675856463)	(82, 35.61448628265832)	(84, 35.564860717365306)	(86, 35.496599935908634)	(88, 35.44293249673889)	(90, 35.35844820491995)	(92, 35.093229185687136)	(94, 35.28133398682415)	(96, 35.35476394054248)	(98, 35.3287216573075)	(100, 35.26509750495532)	(102, 35.214271749444734)	(104, 35.14910157067287)	(106, 35.0852713121736)	(108, 34.999151889977064)	(110, 34.88506715932492)	(112, 34.80404199332803)	(114, 34.67149469662744)	(116, 34.537641851084004)	(118, 34.357193696272276)	(120, 34.17797716190759)	(122, 33.87694260282076)	(124, 33.2011761602467)
GC_6hpi_2_R2	(1, 32.45684952765747)	(2, 32.54170388423681)	(3, 32.53134448266942)	(4, 32.53741514634698)	(5, 32.561386606503376)	(6, 36.25573697380108)	(7, 36.30186915950143)	(8, 36.249971357807304)	(9, 36.20110855468793)	(10, 36.258703023749064)	(12, 36.26771037310983)	(14, 36.277283789955675)	(16, 36.26401477115091)	(18, 36.25849158623092)	(20, 36.24988741229879)	(22, 36.17729780185705)	(24, 36.23116360176073)	(26, 36.23327634765127)	(28, 36.220630273394264)	(30, 36.21473686915617)	(32, 36.1989693647873)	(34, 36.19715777904825)	(36, 36.195698055300774)	(38, 36.1764544146433)	(40, 36.16685720564605)	(42, 36.165354964774565)	(44, 36.14651919556719)	(46, 36.131190537480734)	(48, 36.12283763296228)	(50, 36.10493404998685)	(52, 36.08914429489005)	(54, 36.07293697451023)	(56, 36.05312929317509)	(58, 36.03698619031776)	(60, 36.017786134596754)	(62, 36.00441345428061)	(64, 35.979485224203785)	(66, 35.949713625549066)	(68, 35.94082222033842)	(70, 35.92163322255116)	(72, 35.903755190330045)	(74, 35.873181931743694)	(76, 35.85293431451868)	(78, 35.82061644719607)	(80, 35.778793495220626)	(82, 35.75772583637739)	(84, 35.71968832875902)	(86, 35.681551749306614)	(88, 35.6568789937356)	(90, 35.60155920687822)	(92, 35.54165627512499)	(94, 35.496951601059024)	(96, 35.46878100233435)	(98, 35.41564850506205)	(100, 35.34787082105974)	(102, 35.275300266740715)	(104, 35.215861439589276)	(106, 35.13968805224514)	(108, 35.09242159411331)	(110, 34.97602886191014)	(112, 34.86777878120829)	(114, 34.670975411959645)	(116, 34.61978202851723)	(118, 34.4832495404945)	(120, 34.27752544081487)	(122, 33.98482863409566)	(124, 33.323499961599495)
GC_6hpi_3_R1	(1, 32.4189727485446)	(2, 32.51178581520793)	(3, 32.468090500337325)	(4, 32.52624397427355)	(5, 32.5283510885671)	(6, 36.08489991793646)	(7, 36.26222011588998)	(8, 36.30328596953326)	(9, 36.35120307284677)	(10, 36.416599866216615)	(12, 36.386129508932626)	(14, 36.42379688153341)	(16, 36.41515023127945)	(18, 36.4053530491766)	(20, 36.39068578840954)	(22, 36.384086751170216)	(24, 36.37495568360387)	(26, 36.35200708958064)	(28, 36.331471164885144)	(30, 36.08530779170877)	(32, 36.24192971573071)	(34, 36.248376680531976)	(36, 36.2143560344489)	(38, 36.15110709793908)	(40, 36.10945099790975)	(42, 36.079443782329)	(44, 35.99929561609476)	(46, 36.04132493970454)	(48, 36.040353766466744)	(50, 36.02714132815515)	(52, 36.0146349724491)	(54, 36.00460562288016)	(56, 35.9895034205033)	(58, 35.97054934156567)	(60, 35.978065167874334)	(62, 35.96189488753263)	(64, 35.94752356269256)	(66, 35.929369240723325)	(68, 35.91825902715878)	(70, 35.89682683295152)	(72, 35.71352881669135)	(74, 24.653763045178785)	(76, 33.0072323941664)	(78, 35.50962717349003)	(80, 35.65358697807608)	(82, 35.613474699245984)	(84, 35.564462591151724)	(86, 35.49458199371595)	(88, 35.439569552187876)	(90, 35.354742932945726)	(92, 35.09079555157409)	(94, 35.27990875406215)	(96, 35.353615510498614)	(98, 35.32802222947558)	(100, 35.264198737679926)	(102, 35.21209413836845)	(104, 35.146768210830324)	(106, 35.084137603305045)	(108, 34.99843460002769)	(110, 34.883017339819055)	(112, 34.800677559754085)	(114, 34.6667793831179)	(116, 34.535139596847415)	(118, 34.35512453170358)	(120, 34.176722572269824)	(122, 33.87503105194601)	(124, 33.19625082890718)
GC_6hpi_3_R2	(1, 32.41986037989057)	(2, 32.509663125004565)	(3, 32.488683352050494)	(4, 32.493155593302696)	(5, 32.53132341532388)	(6, 36.21252181930797)	(7, 36.2652115377998)	(8, 36.21708301920829)	(9, 36.17537822740672)	(10, 36.218758798108055)	(12, 36.22483877955773)	(14, 36.23447586867957)	(16, 36.2162094648352)	(18, 36.20886998533909)	(20, 36.19994251251026)	(22, 36.128225581926415)	(24, 36.184068249074826)	(26, 36.183060702774625)	(28, 36.16949447635225)	(30, 36.16288830286972)	(32, 36.14721756461941)	(34, 36.14577264293331)	(36, 36.143948171448294)	(38, 36.122312297928964)	(40, 36.11118402586949)	(42, 36.10979397503233)	(44, 36.09310301624184)	(46, 36.075730204987096)	(48, 36.06782632805552)	(50, 36.049128470695464)	(52, 36.031051911982004)	(54, 36.015087479213506)	(56, 35.996254913958225)	(58, 35.97829962819792)	(60, 35.95748729974238)	(62, 35.94345165134558)	(64, 35.918113347754485)	(66, 35.88790028061902)	(68, 35.87832801727504)	(70, 35.8576587165751)	(72, 35.83750789828798)	(74, 35.80606207385733)	(76, 35.78470027821415)	(78, 35.751559881939016)	(80, 35.70890830149294)	(82, 35.68693915604102)	(84, 35.64790128059422)	(86, 35.60953893504946)	(88, 35.58446537201165)	(90, 35.525168002859814)	(92, 35.463625144979005)	(94, 35.41712709924428)	(96, 35.38651883312087)	(98, 35.33421614875968)	(100, 35.26251541623924)	(102, 35.18737930368465)	(104, 35.12189550231472)	(106, 35.041650884352194)	(108, 34.99312801108715)	(110, 34.871366557802084)	(112, 34.75835660972577)	(114, 34.554819215036986)	(116, 34.49921981047199)	(118, 34.353505053799964)	(120, 34.135347437121524)	(122, 33.82559660832291)	(124, 33.12831975114449)
GI_24hpi_1_R1	(1, 32.443487048871184)	(2, 32.52525941260069)	(3, 32.533115855532834)	(4, 32.516080793461995)	(5, 32.541909151721356)	(6, 36.07280643703211)	(7, 36.305960725532856)	(8, 36.37588627920531)	(9, 36.405206978484024)	(10, 36.401426522641486)	(12, 36.33561390574175)	(14, 36.37438726764245)	(16, 36.31765056565462)	(18, 36.356432668340574)	(20, 36.2735230423654)	(22, 36.303430334418465)	(24, 36.317282326966556)	(26, 36.29869405384244)	(28, 36.22974091253003)	(30, 36.17256674086181)	(32, 36.15183840049017)	(34, 36.12719002459231)	(36, 36.064549036420814)	(38, 35.994839513027785)	(40, 36.021276438629464)	(42, 36.00337380687982)	(44, 36.00341926385708)	(46, 35.95617324943635)	(48, 35.97972129361618)	(50, 35.967331810880005)	(52, 35.937975955016014)	(54, 35.92841855425923)	(56, 35.90734303496015)	(58, 35.89391411131823)	(60, 35.908594814009994)	(62, 35.86340711202466)	(64, 35.82374758956962)	(66, 35.84067159455044)	(68, 35.8318973466661)	(70, 35.81210919415845)	(72, 35.58948893085728)	(74, 24.54682930838808)	(76, 32.92757308150762)	(78, 35.418431002227145)	(80, 35.5594515478304)	(82, 35.50136725367986)	(84, 35.431464052154)	(86, 35.375350464502006)	(88, 35.29043251449266)	(90, 35.18065428286792)	(92, 35.21440896158835)	(94, 35.191858296438056)	(96, 35.204302844039674)	(98, 35.23102777706598)	(100, 35.106335217356005)	(102, 35.14116766514519)	(104, 35.0276644936888)	(106, 34.85430317894195)	(108, 34.754482372757195)	(110, 34.658173107399165)	(112, 34.487397969323816)	(114, 34.36695624955897)	(116, 34.257379425638405)	(118, 34.10337346539792)	(120, 33.99734145081436)	(122, 33.78541397793704)	(124, 33.13574782828893)
GI_24hpi_1_R2	(1, 32.40662497223808)	(2, 32.47176183373199)	(3, 32.48148635464094)	(4, 32.48902031557149)	(5, 32.49761787114467)	(6, 36.18458651251806)	(7, 36.22191913475761)	(8, 36.21129583598261)	(9, 36.202829392188306)	(10, 36.19607551323308)	(12, 36.18275078206852)	(14, 36.183906618482865)	(16, 36.17424268710809)	(18, 36.135350066463076)	(20, 36.10865872120458)	(22, 36.05899112929489)	(24, 36.03008088272396)	(26, 36.003757610608346)	(28, 36.016832236121985)	(30, 36.04268271121677)	(32, 36.08512455783827)	(34, 36.16481575924764)	(36, 36.16892125367605)	(38, 36.15560300540396)	(40, 36.128057062204405)	(42, 36.12973816932019)	(44, 36.10951622187062)	(46, 36.10595968780174)	(48, 36.09161080958344)	(50, 36.083716820672834)	(52, 36.06722874046649)	(54, 36.03273889391423)	(56, 36.00919067348987)	(58, 35.98464019752424)	(60, 35.97181358617199)	(62, 35.97285372249712)	(64, 35.92979745209895)	(66, 35.890089829829506)	(68, 35.88379908514975)	(70, 35.86104407531997)	(72, 35.837774008218446)	(74, 35.832894162117825)	(76, 35.80001574392542)	(78, 35.76194251868642)	(80, 35.7145900493078)	(82, 35.68846124850009)	(84, 35.65102353436447)	(86, 35.61594880921285)	(88, 35.574974212276224)	(90, 35.52076341816658)	(92, 35.477384752186325)	(94, 35.40666636846456)	(96, 35.36612363270962)	(98, 35.287094779189204)	(100, 35.19319012495593)	(102, 35.14532954641775)	(104, 35.08630691981784)	(106, 35.01606934194247)	(108, 34.924201407610425)	(110, 34.833816444995165)	(112, 34.71789365825626)	(114, 34.574089575660054)	(116, 34.45098626973615)	(118, 34.25415297189579)	(120, 34.037182033846264)	(122, 33.70766666793395)	(124, 33.001683376022406)
GI_24hpi_2_R1	(1, 32.45269311031541)	(2, 32.531699441821594)	(3, 32.54110937373897)	(4, 32.52321186131449)	(5, 32.54708191072573)	(6, 36.069623275537836)	(7, 36.3028682636018)	(8, 36.37144462354819)	(9, 36.40000729156183)	(10, 36.39630012442396)	(12, 36.32881566807066)	(14, 36.36693016522243)	(16, 36.30780284364679)	(18, 36.34646864830959)	(20, 36.26540447602183)	(22, 36.29515365875927)	(24, 36.30822674357914)	(26, 36.29005704400707)	(28, 36.21951967459691)	(30, 36.1600829680022)	(32, 36.140488080010996)	(34, 36.116634589201574)	(36, 36.053188813793355)	(38, 35.980496539206655)	(40, 36.004762169951604)	(42, 35.98907523124532)	(44, 35.988262924327266)	(46, 35.93993051741391)	(48, 35.9623118124993)	(50, 35.949631528043724)	(52, 35.91981896139488)	(54, 35.91064738474708)	(56, 35.889513705111334)	(58, 35.87356902273766)	(60, 35.88631386451438)	(62, 35.841332703597985)	(64, 35.801825857770154)	(66, 35.81862077879397)	(68, 35.809132714654496)	(70, 35.78597302197599)	(72, 35.561621385310715)	(74, 24.529786831375908)	(76, 32.9012223280414)	(78, 35.3911304131079)	(80, 35.533427010546205)	(82, 35.47751126810482)	(84, 35.40381909147604)	(86, 35.34589101300005)	(88, 35.259616662995136)	(90, 35.14789857371042)	(92, 35.17961321065701)	(94, 35.15391510852923)	(96, 35.16717846953897)	(98, 35.1955204792465)	(100, 35.06613122632538)	(102, 35.10071559201434)	(104, 34.98177860581225)	(106, 34.80413232310412)	(108, 34.70439066485481)	(110, 34.60510149254595)	(112, 34.43546169618358)	(114, 34.31125730107586)	(116, 34.20383398970008)	(118, 34.043299492712265)	(120, 33.92969206325583)	(122, 33.70996622682581)	(124, 33.04462456517716)
GI_24hpi_2_R2	(1, 32.41805897066206)	(2, 32.48107146384959)	(3, 32.48945520192173)	(4, 32.49947813918096)	(5, 32.50923652362014)	(6, 36.20174037739753)	(7, 36.23879085962216)	(8, 36.23107084063918)	(9, 36.21683803914322)	(10, 36.21289381834476)	(12, 36.19799893368698)	(14, 36.200142387998966)	(16, 36.189273014147815)	(18, 36.152777617647324)	(20, 36.126404638368136)	(22, 36.07651193183075)	(24, 36.05035660878808)	(26, 36.023629295438816)	(28, 36.03728625051376)	(30, 36.06130396184207)	(32, 36.10249315132154)	(34, 36.179882376387695)	(36, 36.183735809905336)	(38, 36.17016117249802)	(40, 36.14257885556172)	(42, 36.14520391232458)	(44, 36.12467791760413)	(46, 36.122311747910246)	(48, 36.10744399168253)	(50, 36.0977604289248)	(52, 36.082476527867726)	(54, 36.05052821632521)	(56, 36.02615363469935)	(58, 36.003291591701384)	(60, 35.98836039281146)	(62, 35.99042733713713)	(64, 35.94762627680916)	(66, 35.9061947967313)	(68, 35.90017620678323)	(70, 35.87829011144305)	(72, 35.85675536738643)	(74, 35.85166173584199)	(76, 35.820256118490235)	(78, 35.78392007053877)	(80, 35.73636710806058)	(82, 35.71148198315775)	(84, 35.67621322193217)	(86, 35.64247063229958)	(88, 35.602256112893286)	(90, 35.54813582934456)	(92, 35.50596627923305)	(94, 35.43751897153946)	(96, 35.395001450996844)	(98, 35.319528493743626)	(100, 35.22759609019929)	(102, 35.17986682975108)	(104, 35.118898244307836)	(106, 35.05202353286441)	(108, 34.960807813057656)	(110, 34.87390024788497)	(112, 34.758213485839846)	(114, 34.61705063304641)	(116, 34.498155871045405)	(118, 34.302389577839676)	(120, 34.08965296214495)	(122, 33.762284589251806)	(124, 33.069069608171056)
GI_24hpi_3_R1	(1, 32.41236490732404)	(2, 32.494618558279555)	(3, 32.50209653659553)	(4, 32.48832672196116)	(5, 32.51426898593637)	(6, 36.021230494511)	(7, 36.27015323848194)	(8, 36.34748933705358)	(9, 36.37845080315284)	(10, 36.374776982867864)	(12, 36.30679891180827)	(14, 36.34309334974344)	(16, 36.28309024458794)	(18, 36.32306304150752)	(20, 36.238172063637016)	(22, 36.26990292492631)	(24, 36.281628654916176)	(26, 36.26470709888559)	(28, 36.19209527261056)	(30, 36.132100987946416)	(32, 36.11270215598533)	(34, 36.08546361912255)	(36, 36.022388725349046)	(38, 35.94983748240632)	(40, 35.9741080324803)	(42, 35.95409368237479)	(44, 35.954727622168896)	(46, 35.90782181586666)	(48, 35.92863591819227)	(50, 35.916757432741974)	(52, 35.88774990145084)	(54, 35.87739674855371)	(56, 35.85566643413762)	(58, 35.8410338609857)	(60, 35.85643440635056)	(62, 35.81003002284309)	(64, 35.771081792984965)	(66, 35.78553596710367)	(68, 35.77510315419207)	(70, 35.75702668319519)	(72, 35.527224198842525)	(74, 24.463481978409)	(76, 32.81924115854482)	(78, 35.34621228724557)	(80, 35.4931912168547)	(82, 35.43162415928343)	(84, 35.35794341421628)	(86, 35.29947269540111)	(88, 35.20914072803662)	(90, 35.09219162435813)	(92, 35.12575251035202)	(94, 35.10780850180403)	(96, 35.11822521605109)	(98, 35.14131542820411)	(100, 35.012512105772444)	(102, 35.04687416554927)	(104, 34.923559041569185)	(106, 34.74722602958461)	(108, 34.64560908401832)	(110, 34.54226676891312)	(112, 34.36583613352104)	(114, 34.23506599655356)	(116, 34.12426113071134)	(118, 33.95828565325773)	(120, 33.833286928779614)	(122, 33.60217966189974)	(124, 32.91925030016987)
GI_24hpi_3_R2	(1, 32.3453141867584)	(2, 32.41687646019809)	(3, 32.4188986648859)	(4, 32.42292346365452)	(5, 32.435569736089185)	(6, 36.08662758703727)	(7, 36.12969230871994)	(8, 36.12963964267933)	(9, 36.11926931392163)	(10, 36.109343692072706)	(12, 36.095753669881034)	(14, 36.09310225587063)	(16, 36.086110089665866)	(18, 36.04366216010922)	(20, 36.02114764183736)	(22, 35.96526867302302)	(24, 35.9343425317071)	(26, 35.90546068912529)	(28, 35.92494185754752)	(30, 35.95135387691424)	(32, 35.998992557702664)	(34, 36.082649565318135)	(36, 36.08513579530943)	(38, 36.072346710651274)	(40, 36.04449294325086)	(42, 36.04478395868118)	(44, 36.02099494467078)	(46, 36.01932880154161)	(48, 36.00161580412124)	(50, 35.99549430405316)	(52, 35.9772229697074)	(54, 35.94128639229165)	(56, 35.912272900575836)	(58, 35.886739935817005)	(60, 35.87392241441464)	(62, 35.876206738181025)	(64, 35.82818348433125)	(66, 35.7793383376398)	(68, 35.7726800984534)	(70, 35.75114050897092)	(72, 35.72556630787295)	(74, 35.719318967454846)	(76, 35.683221722839676)	(78, 35.643238674634105)	(80, 35.59070887196083)	(82, 35.56477854810694)	(84, 35.52544380502481)	(86, 35.48559520092229)	(88, 35.43828540091002)	(90, 35.38005550435679)	(92, 35.335243677858315)	(94, 35.25756996212336)	(96, 35.21318384822061)	(98, 35.12623528944663)	(100, 35.024579831771476)	(102, 34.972368154503)	(104, 34.9064486054685)	(106, 34.832780296658655)	(108, 34.732690900147304)	(110, 34.6350341613002)	(112, 34.506039760487134)	(114, 34.34604788185868)	(116, 34.21020311806575)	(118, 33.99919365953659)	(120, 33.75295690999735)	(122, 33.38926751300785)	(124, 32.62414953006743)
GI_48hpi_1_R1	(1, 32.4180451464254)	(2, 32.47547001998415)	(3, 32.509264579035154)	(4, 32.54118174289626)	(5, 32.55399039411393)	(6, 36.08859567783315)	(7, 36.298124119282605)	(8, 36.358522040049536)	(9, 36.38117572631003)	(10, 36.38048719203718)	(12, 36.38110750620761)	(14, 36.372975305149)	(16, 36.35452813511297)	(18, 36.34129112911498)	(20, 36.32437426470639)	(22, 36.320474429164335)	(24, 36.310466863685775)	(26, 36.28056212400639)	(28, 36.258519011104525)	(30, 36.222910354930406)	(32, 36.19080486414801)	(34, 36.17005342703713)	(36, 36.12395500680222)	(38, 36.048669204930746)	(40, 36.000611538408336)	(42, 35.964155030808385)	(44, 35.94865256908652)	(46, 35.92907172748262)	(48, 35.91257815080692)	(50, 35.901329813187694)	(52, 35.87351351858685)	(54, 35.87588966020843)	(56, 35.86545825081742)	(58, 35.85752936524322)	(60, 35.872077287142645)	(62, 35.87212948224951)	(64, 35.84783042257218)	(66, 35.8233701343288)	(68, 35.79448740280877)	(70, 35.78810958568466)	(72, 35.77060852486282)	(74, 18.592257571616685)	(76, 26.369215355158644)	(78, 34.17195666026768)	(80, 35.34313467053569)	(82, 35.440400419159204)	(84, 35.43558511247214)	(86, 35.362676042901725)	(88, 35.314561235979596)	(90, 35.261723672818704)	(92, 35.007353754016854)	(94, 35.206317137357715)	(96, 35.270103563905494)	(98, 35.21794199503983)	(100, 35.161162331665295)	(102, 35.137299690065)	(104, 35.054414262447075)	(106, 34.97304910351582)	(108, 34.90054422806269)	(110, 34.81697093509873)	(112, 34.68410685875435)	(114, 34.55481612437774)	(116, 34.42116501537315)	(118, 34.271389682877754)	(120, 34.07848241120372)	(122, 33.78197004673838)	(124, 33.112685550635575)
GI_48hpi_1_R2	(1, 32.34656052967988)	(2, 32.40485808360026)	(3, 32.435145468526166)	(4, 32.449677864814056)	(5, 32.453547961623265)	(6, 36.12718471263917)	(7, 36.16181753222212)	(8, 36.147495578772876)	(9, 36.146909271394165)	(10, 36.1445806322372)	(12, 36.12959778363833)	(14, 36.12558553293255)	(16, 36.10367022085828)	(18, 36.08831192075729)	(20, 36.08773229082553)	(22, 36.07216654241108)	(24, 36.06273196383715)	(26, 36.05647488625967)	(28, 36.04678064449066)	(30, 36.03935590861122)	(32, 36.03392066322291)	(34, 36.02052069226211)	(36, 36.00823533273839)	(38, 35.99766318834668)	(40, 35.98356792297406)	(42, 35.97318539521363)	(44, 35.9723452468868)	(46, 35.9547652707037)	(48, 35.93930135510712)	(50, 35.92355437000387)	(52, 35.907319479373975)	(54, 35.89161668556747)	(56, 35.86288997651509)	(58, 35.836167579400964)	(60, 35.815298646308115)	(62, 35.80016253454733)	(64, 35.76557549956516)	(66, 35.74471509185569)	(68, 35.73618248221509)	(70, 35.707511368390485)	(72, 35.69501809128283)	(74, 35.66341108837209)	(76, 35.634820339586575)	(78, 35.60391352013326)	(80, 35.57152627555256)	(82, 35.5365605801681)	(84, 35.50028245070582)	(86, 35.44904623321274)	(88, 35.42067605122584)	(90, 35.366615922671905)	(92, 35.324502096421284)	(94, 35.26591212662576)	(96, 35.200104203686934)	(98, 35.147698497206676)	(100, 35.08579734181817)	(102, 35.028247543297525)	(104, 34.93146313382613)	(106, 34.87525041971911)	(108, 34.786475417298895)	(110, 34.67699651476377)	(112, 34.556788487850966)	(114, 34.46084162423955)	(116, 34.31797749165159)	(118, 34.11888917037665)	(120, 33.90606150066897)	(122, 33.58275487136204)	(124, 32.84521960447482)
GI_48hpi_2_R1	(1, 32.426434794565935)	(2, 32.48511476637674)	(3, 32.5186602744826)	(4, 32.55103367087469)	(5, 32.565171568994955)	(6, 36.087754998297605)	(7, 36.29329394842928)	(8, 36.35347553980225)	(9, 36.37367177434308)	(10, 36.370506670431084)	(12, 36.37382087573019)	(14, 36.362166867016704)	(16, 36.34392507847297)	(18, 36.33049640851074)	(20, 36.313685510541504)	(22, 36.310106236109746)	(24, 36.29907818259416)	(26, 36.267824600887735)	(28, 36.24537260901096)	(30, 36.2070414474062)	(32, 36.17565351210308)	(34, 36.15647241710459)	(36, 36.1093251876714)	(38, 36.028077828953)	(40, 35.97550605022549)	(42, 35.93744499090334)	(44, 35.91891025161939)	(46, 35.89855143103216)	(48, 35.883270028029386)	(50, 35.87173459885862)	(52, 35.844055228296604)	(54, 35.84566303848156)	(56, 35.834751712157654)	(58, 35.82603210002881)	(60, 35.8377971597165)	(62, 35.83954272664751)	(64, 35.812933396252134)	(66, 35.788234672294834)	(68, 35.759138273741016)	(70, 35.74941317500891)	(72, 35.73067467978777)	(74, 18.5638717216138)	(76, 26.32748201293044)	(78, 34.097957216414855)	(80, 35.292206596788006)	(82, 35.39334388013315)	(84, 35.38807785362408)	(86, 35.31671475743005)	(88, 35.26673208761355)	(90, 35.21058230631489)	(92, 34.95767875209104)	(94, 35.15309722705564)	(96, 35.212197176623874)	(98, 35.157361327477815)	(100, 35.09829229731914)	(102, 35.07068628975982)	(104, 34.98793677809737)	(106, 34.901893368513996)	(108, 34.82193183306388)	(110, 34.738232668781755)	(112, 34.60142371540131)	(114, 34.468342373519704)	(116, 34.32660995809007)	(118, 34.1723034689127)	(120, 33.97000293217802)	(122, 33.66051534468436)	(124, 32.965006781095454)
GI_48hpi_2_R2	(1, 32.40450215240671)	(2, 32.460944762269776)	(3, 32.48275196470426)	(4, 32.496516908214325)	(5, 32.49979136045781)	(6, 36.1928582739567)	(7, 36.228715603275475)	(8, 36.21419728998995)	(9, 36.207910455785054)	(10, 36.20701899259832)	(12, 36.191501550076595)	(14, 36.186766950179944)	(16, 36.16621286499577)	(18, 36.15163380670067)	(20, 36.15139488608207)	(22, 36.137434907571404)	(24, 36.12992044634599)	(26, 36.121982196336205)	(28, 36.113948824249434)	(30, 36.106651560261724)	(32, 36.10249111036402)	(34, 36.08956720819583)	(36, 36.07857883370954)	(38, 36.0683609436781)	(40, 36.05347439434763)	(42, 36.04547190404185)	(44, 36.04493386506426)	(46, 36.02986514937309)	(48, 36.0150080078933)	(50, 35.99788573799143)	(52, 35.982632344115245)	(54, 35.969473338994035)	(56, 35.94369968781845)	(58, 35.919889150781884)	(60, 35.90033207349185)	(62, 35.88375054394051)	(64, 35.85371511759262)	(66, 35.832669090851624)	(68, 35.82355183705596)	(70, 35.797323428487715)	(72, 35.78573006580578)	(74, 35.75330952653515)	(76, 35.72564937311258)	(78, 35.69678903139099)	(80, 35.66690891312987)	(82, 35.630924147603906)	(84, 35.59687228196684)	(86, 35.55122311706181)	(88, 35.526915272844136)	(90, 35.4743072558943)	(92, 35.4331370679877)	(94, 35.375584845617496)	(96, 35.31368041688751)	(98, 35.264872784273365)	(100, 35.20865587180769)	(102, 35.1511263101187)	(104, 35.05656752855887)	(106, 35.00180570430172)	(108, 34.9232077653079)	(110, 34.81857624507143)	(112, 34.70449975085864)	(114, 34.6135560299209)	(116, 34.48017860118314)	(118, 34.29447506698098)	(120, 34.099791510705614)	(122, 33.79729988682197)	(124, 33.091480176713645)
GI_48hpi_3_R1	(1, 32.431836256632955)	(2, 32.49063219212874)	(3, 32.52324838861268)	(4, 32.55620625729992)	(5, 32.5685767621121)	(6, 36.10109437127838)	(7, 36.30084636570225)	(8, 36.3594330503971)	(9, 36.381420069629506)	(10, 36.37664280097084)	(12, 36.37881092382182)	(14, 36.368754115179)	(16, 36.350867648209075)	(18, 36.33627228338847)	(20, 36.319507268845356)	(22, 36.315865610876656)	(24, 36.304921065253836)	(26, 36.27451393953881)	(28, 36.25251113106685)	(30, 36.214535476755565)	(32, 36.182295230541484)	(34, 36.162912480847424)	(36, 36.1167986738331)	(38, 36.03686268660495)	(40, 35.98615280368776)	(42, 35.94822386840776)	(44, 35.93178382034669)	(46, 35.91176297071395)	(48, 35.8954012240549)	(50, 35.88364250724025)	(52, 35.856472062262405)	(54, 35.85865998222759)	(56, 35.8479520701854)	(58, 35.84074912201537)	(60, 35.85242145746972)	(62, 35.85350380329055)	(64, 35.82771811845385)	(66, 35.804138328010765)	(68, 35.77543558696324)	(70, 35.767144010696384)	(72, 35.75032875156401)	(74, 18.57792221712507)	(76, 26.350669408688553)	(78, 34.13571943276555)	(80, 35.318068455974796)	(82, 35.41747099796678)	(84, 35.412038913256104)	(86, 35.343096426801026)	(88, 35.29237069599408)	(90, 35.23730655374647)	(92, 34.985399263855506)	(94, 35.18159740142362)	(96, 35.24225636732943)	(98, 35.18754911890354)	(100, 35.12997617213701)	(102, 35.10361571491964)	(104, 35.022156995712585)	(106, 34.939044101265296)	(108, 34.86125181158109)	(110, 34.77998016644126)	(112, 34.6461080223467)	(114, 34.51771341652495)	(116, 34.37791193056111)	(118, 34.22682879286725)	(120, 34.031259585415036)	(122, 33.72660826559256)	(124, 33.04456807256197)
GI_48hpi_3_R2	(1, 32.398446699726215)	(2, 32.457222647085786)	(3, 32.481123044537384)	(4, 32.49064780786016)	(5, 32.496830874063846)	(6, 36.189382662943046)	(7, 36.21899966735022)	(8, 36.203042818960164)	(9, 36.200004205837)	(10, 36.19930392703719)	(12, 36.18410714834744)	(14, 36.1804458839604)	(16, 36.1589701931777)	(18, 36.14373350761878)	(20, 36.144296298578894)	(22, 36.13059755435437)	(24, 36.1214946239895)	(26, 36.1155029719513)	(28, 36.105667143258785)	(30, 36.09837782394019)	(32, 36.094205563304286)	(34, 36.0833161369693)	(36, 36.073402924144446)	(38, 36.06359951142425)	(40, 36.048509397597854)	(42, 36.03857324110678)	(44, 36.038815833154544)	(46, 36.02658491510903)	(48, 36.01175300456292)	(50, 35.994551854565685)	(52, 35.98181079968372)	(54, 35.96803167679028)	(56, 35.94419396010199)	(58, 35.921567851429614)	(60, 35.901403978576916)	(62, 35.885630674944736)	(64, 35.85694992725141)	(66, 35.83627896198053)	(68, 35.82923222260894)	(70, 35.80333452190324)	(72, 35.792562627171186)	(74, 35.759522703606365)	(76, 35.73485869919344)	(78, 35.7082983233399)	(80, 35.67746900314969)	(82, 35.64427192169397)	(84, 35.61124362157334)	(86, 35.568497016408344)	(88, 35.54298654941341)	(90, 35.49299987391379)	(92, 35.453951825702916)	(94, 35.3971451322472)	(96, 35.33805307634085)	(98, 35.291051208506055)	(100, 35.2355624564145)	(102, 35.18114878819337)	(104, 35.09000939595621)	(106, 35.03751233190324)	(108, 34.95606463135024)	(110, 34.85517237888256)	(112, 34.74593825503692)	(114, 34.658106435298635)	(116, 34.53087667889443)	(118, 34.34642413645125)	(120, 34.15433253362985)	(122, 33.85698863775859)	(124, 33.16813664225809)
GI_6hpi_1_R1	(1, 32.40415259527565)	(2, 32.49814866839897)	(3, 32.45625010456558)	(4, 32.51600638545052)	(5, 32.51656856731072)	(6, 36.07186219149423)	(7, 36.252848490713674)	(8, 36.29924506918494)	(9, 36.34567485986036)	(10, 36.41314134772015)	(12, 36.38396100563817)	(14, 36.42199578976227)	(16, 36.41162363084399)	(18, 36.40264843693976)	(20, 36.38757709320694)	(22, 36.38192206240076)	(24, 36.374210176157156)	(26, 36.35066698377895)	(28, 36.32871698207791)	(30, 36.08352154100646)	(32, 36.24087045372484)	(34, 36.24520981075685)	(36, 36.212414530392536)	(38, 36.152348124226975)	(40, 36.10884873215113)	(42, 36.08112316484899)	(44, 36.00120833222935)	(46, 36.04309168020403)	(48, 36.04199069084382)	(50, 36.02955624384033)	(52, 36.017274421554305)	(54, 36.005925213989414)	(56, 35.99035152411186)	(58, 35.97405071979702)	(60, 35.98244128126949)	(62, 35.96540142918906)	(64, 35.95153446793786)	(66, 35.93247199457366)	(68, 35.92196358345419)	(70, 35.901315289437434)	(72, 35.71993125956465)	(74, 24.66667472284674)	(76, 33.014453254793956)	(78, 35.51675491523436)	(80, 35.6596340691778)	(82, 35.619476240538894)	(84, 35.568958530288185)	(86, 35.50088921161675)	(88, 35.446770083196895)	(90, 35.36312166867241)	(92, 35.09690216504856)	(94, 35.2868408004875)	(96, 35.3628604803554)	(98, 35.33449471146603)	(100, 35.27299390163412)	(102, 35.2248211875038)	(104, 35.157321431849795)	(106, 35.09477754625159)	(108, 35.00936160981279)	(110, 34.89686077552158)	(112, 34.81523541313811)	(114, 34.684220138032714)	(116, 34.55170307892919)	(118, 34.374531531253)	(120, 34.19773135460877)	(122, 33.898153808648104)	(124, 33.22631579223903)
GI_6hpi_1_R2	(1, 32.40523192971551)	(2, 32.49271001448089)	(3, 32.462260891566075)	(4, 32.4752089243556)	(5, 32.51513322789599)	(6, 36.174873325605795)	(7, 36.237604151202106)	(8, 36.19875576136894)	(9, 36.158579007759904)	(10, 36.20077191008797)	(12, 36.200502076478)	(14, 36.20942067280586)	(16, 36.1934253269925)	(18, 36.18764774066518)	(20, 36.18069475950601)	(22, 36.10787700189826)	(24, 36.162952943095746)	(26, 36.16368774756386)	(28, 36.15032384697831)	(30, 36.1416108055844)	(32, 36.12512441003538)	(34, 36.1237961221169)	(36, 36.12084172701074)	(38, 36.10025360290665)	(40, 36.08897525353822)	(42, 36.08804620837678)	(44, 36.07009431802677)	(46, 36.05266281974879)	(48, 36.04310622906078)	(50, 36.02392370198618)	(52, 36.00499138728399)	(54, 35.988598024492006)	(56, 35.967576428820486)	(58, 35.95078109202818)	(60, 35.929058952245164)	(62, 35.91287084383427)	(64, 35.88784085080384)	(66, 35.85455846180945)	(68, 35.84741288303168)	(70, 35.82553104333446)	(72, 35.80612767941059)	(74, 35.77280865104302)	(76, 35.75226904330515)	(78, 35.71673881477649)	(80, 35.673070840491135)	(82, 35.650540073732714)	(84, 35.61039583476831)	(86, 35.56793372892216)	(88, 35.54399733961915)	(90, 35.4817489845167)	(92, 35.41893427015868)	(94, 35.37172031259661)	(96, 35.34011001387168)	(98, 35.285455969893945)	(100, 35.213242062618065)	(102, 35.135971904597056)	(104, 35.069462517081874)	(106, 34.98678405694706)	(108, 34.93533780362877)	(110, 34.81096050387919)	(112, 34.695155274357)	(114, 34.484248794117505)	(116, 34.42645840315772)	(118, 34.27491136490752)	(120, 34.05442843365288)	(122, 33.73384456417782)	(124, 33.02324892552433)
GI_6hpi_2_R1	(1, 32.41400750978268)	(2, 32.50764533993016)	(3, 32.46246842175037)	(4, 32.5209945542988)	(5, 32.523337370873044)	(6, 36.079892825667464)	(7, 36.25387302764881)	(8, 36.298726311035004)	(9, 36.34521053802671)	(10, 36.410253133349826)	(12, 36.379050798510846)	(14, 36.416776495848055)	(16, 36.40596950349658)	(18, 36.395937889031984)	(20, 36.38002383116452)	(22, 36.37467613349928)	(24, 36.36552679114592)	(26, 36.34336851780414)	(28, 36.319397436502115)	(30, 36.073225804746336)	(32, 36.230982001760566)	(34, 36.23554014312159)	(36, 36.201653566820106)	(38, 36.13823073051387)	(40, 36.09467317421556)	(42, 36.06445107904849)	(44, 35.984224683552384)	(46, 36.02725076566284)	(48, 36.024236184561545)	(50, 36.010360500123205)	(52, 35.99933666814994)	(54, 35.98702842327483)	(56, 35.969969225163894)	(58, 35.95294449003684)	(60, 35.9611121541919)	(62, 35.94219245687742)	(64, 35.929488982176885)	(66, 35.91038589146332)	(68, 35.89874553909237)	(70, 35.876869020627495)	(72, 35.69276656041245)	(74, 24.636833913487344)	(76, 32.9818374631584)	(78, 35.484399106637795)	(80, 35.62924849528007)	(82, 35.58977660131989)	(84, 35.53995915250759)	(86, 35.468702425051845)	(88, 35.41277121690841)	(90, 35.32897516484897)	(92, 35.061524712871496)	(94, 35.24858310477042)	(96, 35.324172258658734)	(98, 35.29685893201372)	(100, 35.23204023544149)	(102, 35.181295555711465)	(104, 35.10947405024885)	(106, 35.04575896808225)	(108, 34.95771433414618)	(110, 34.843073890561826)	(112, 34.7608253842381)	(114, 34.6254673235039)	(116, 34.48785876235597)	(118, 34.30511517947332)	(120, 34.12103367073641)	(122, 33.81232880322524)	(124, 33.11963363767008)
GI_6hpi_2_R2	(1, 32.45442245160427)	(2, 32.53086184549686)	(3, 32.51671356762323)	(4, 32.53119969166131)	(5, 32.55157069631804)	(6, 36.231053685272784)	(7, 36.28999002526535)	(8, 36.2479834785605)	(9, 36.20213958710544)	(10, 36.251353186824396)	(12, 36.25386564734751)	(14, 36.26413236731712)	(16, 36.24866572734311)	(18, 36.24264909976458)	(20, 36.23397051765296)	(22, 36.1614250393782)	(24, 36.21445641746719)	(26, 36.215705679351245)	(28, 36.20276399492208)	(30, 36.19658661408322)	(32, 36.17955949437379)	(34, 36.175713507346245)	(36, 36.173714173164925)	(38, 36.15323548484201)	(40, 36.144737032381016)	(42, 36.14384080513783)	(44, 36.124537223376024)	(46, 36.10386185601391)	(48, 36.094501798235854)	(50, 36.079467104749234)	(52, 36.06298116836308)	(54, 36.04522160859797)	(56, 36.02344088999734)	(58, 36.00584449810604)	(60, 35.98608444685133)	(62, 35.972610887887285)	(64, 35.94902545221731)	(66, 35.916287131463335)	(68, 35.905830512425986)	(70, 35.88548391164848)	(72, 35.867903984130535)	(74, 35.83665190186262)	(76, 35.81451267282503)	(78, 35.779115782395195)	(80, 35.73832225749389)	(82, 35.71505804479435)	(84, 35.67880333989838)	(86, 35.63661513750256)	(88, 35.611368329446734)	(90, 35.55321631770616)	(92, 35.4921544521962)	(94, 35.446543253993966)	(96, 35.417395003671004)	(98, 35.362527078149654)	(100, 35.28981554825701)	(102, 35.21461466045452)	(104, 35.15112233308385)	(106, 35.07114026523055)	(108, 35.020600339087125)	(110, 34.900236167918564)	(112, 34.78588681633987)	(114, 34.58307276064188)	(116, 34.5294345267141)	(118, 34.38524302936062)	(120, 34.17575200525041)	(122, 33.86943778597698)	(124, 33.18038668139444)
GI_6hpi_3_R1	(1, 32.45450515355002)	(2, 32.540413575385934)	(3, 32.49787391441521)	(4, 32.553566057126154)	(5, 32.55464608547396)	(6, 36.13362235279818)	(7, 36.29706573927943)	(8, 36.337615199108654)	(9, 36.38609805773186)	(10, 36.44996317387029)	(12, 36.418016114834884)	(14, 36.45742675942948)	(16, 36.449477158102155)	(18, 36.43891488321347)	(20, 36.42440018402223)	(22, 36.41818265760337)	(24, 36.409449221079775)	(26, 36.38873256556214)	(28, 36.36860492332949)	(30, 36.12740244719691)	(32, 36.28545753879746)	(34, 36.29014012077684)	(36, 36.258894588423914)	(38, 36.200451837568096)	(40, 36.161322783045236)	(42, 36.133130904207256)	(44, 36.05567181764663)	(46, 36.09739311843111)	(48, 36.095275567664714)	(50, 36.083185648956274)	(52, 36.071405008848046)	(54, 36.06086323361077)	(56, 36.04644328924792)	(58, 36.03016854673883)	(60, 36.03799377895974)	(62, 36.02035408324079)	(64, 36.007413865434216)	(66, 35.99026112791054)	(68, 35.98017275217789)	(70, 35.96101323727616)	(72, 35.78284071943378)	(74, 24.740054114605563)	(76, 33.09963501731741)	(78, 35.59190933271074)	(80, 35.729849602496316)	(82, 35.68965416713769)	(84, 35.64303374492207)	(86, 35.57526147833154)	(88, 35.52381188963753)	(90, 35.441602829409334)	(92, 35.18463880682971)	(94, 35.36917627755423)	(96, 35.44116110407249)	(98, 35.41819855891943)	(100, 35.35864864287705)	(102, 35.30899470514715)	(104, 35.24602695529674)	(106, 35.184517819598085)	(108, 35.103697100522396)	(110, 34.99401287358744)	(112, 34.92048562788104)	(114, 34.79464921033266)	(116, 34.66564292434502)	(118, 34.494632520640835)	(120, 34.3263636807698)	(122, 34.042860465306596)	(124, 33.403262866186665)
GI_6hpi_3_R2	(1, 32.45598675174864)	(2, 32.540434716981494)	(3, 32.521295850910676)	(4, 32.52939386503422)	(5, 32.55562034561148)	(6, 36.25789656664102)	(7, 36.30325829934114)	(8, 36.24830183596989)	(9, 36.19020141857094)	(10, 36.24415603533525)	(12, 36.258194596882774)	(14, 36.27173825837343)	(16, 36.25749466551164)	(18, 36.25164052156015)	(20, 36.24336096678408)	(22, 36.172300329676375)	(24, 36.22773958637884)	(26, 36.22730250948932)	(28, 36.21487619035916)	(30, 36.207011757738755)	(32, 36.19049336131384)	(34, 36.19009416257602)	(36, 36.18878484144436)	(38, 36.16825261991763)	(40, 36.15643477981784)	(42, 36.15520033489612)	(44, 36.13752001004835)	(46, 36.12119025544992)	(48, 36.11045225275916)	(50, 36.093038834490756)	(52, 36.07549763861894)	(54, 36.059470194510666)	(56, 36.03924745867212)	(58, 36.02128448210898)	(60, 35.99949344973826)	(62, 35.986506529832404)	(64, 35.96012486667466)	(66, 35.93066613720391)	(68, 35.92055859906572)	(70, 35.89993300686041)	(72, 35.88097575833649)	(74, 35.84889887938071)	(76, 35.82946015863081)	(78, 35.79430863981639)	(80, 35.753303446868415)	(82, 35.730624041565235)	(84, 35.691281864110294)	(86, 35.65079836399855)	(88, 35.62671808984618)	(90, 35.56878044473317)	(92, 35.508125877363256)	(94, 35.46235047468892)	(96, 35.4298862076202)	(98, 35.37784887849651)	(100, 35.30614885961115)	(102, 35.229384243044834)	(104, 35.166165895935656)	(106, 35.08471558820956)	(108, 35.03767797199366)	(110, 34.917561137253)	(112, 34.807183305937514)	(114, 34.60468227718456)	(116, 34.547579810881615)	(118, 34.404440681903935)	(120, 34.19618100658506)	(122, 33.895108529320105)	(124, 33.21837580031929)
HC_24hpi_1_R1	(1, 32.40647770516574)	(2, 32.50015897276991)	(3, 32.4555799581504)	(4, 32.513569854362004)	(5, 32.51709594420982)	(6, 36.07272589905264)	(7, 36.25148621783378)	(8, 36.292724645653664)	(9, 36.341788112903394)	(10, 36.4061734077481)	(12, 36.3761832608567)	(14, 36.41366368520188)	(16, 36.40345513353921)	(18, 36.39300042824465)	(20, 36.37872052336371)	(22, 36.37135391460872)	(24, 36.36227934085141)	(26, 36.33950501185507)	(28, 36.3186977184657)	(30, 36.07270828183373)	(32, 36.22832086070387)	(34, 36.232666081649754)	(36, 36.19898429016841)	(38, 36.136002333473655)	(40, 36.092699922313734)	(42, 36.06225691345524)	(44, 35.9829253580648)	(46, 36.02261677559194)	(48, 36.02182302465992)	(50, 36.0083740560505)	(52, 35.99561693061811)	(54, 35.9849886258507)	(56, 35.96894774314843)	(58, 35.951016790546895)	(60, 35.95787324465524)	(62, 35.938721448941365)	(64, 35.92360676724726)	(66, 35.90561415011681)	(68, 35.89483696993935)	(70, 35.87255752671302)	(72, 35.683976614354954)	(74, 24.635238089817562)	(76, 32.98259821073066)	(78, 35.47871253720214)	(80, 35.623908929437256)	(82, 35.58378906290793)	(84, 35.53322193866702)	(86, 35.460936185206805)	(88, 35.40507194114305)	(90, 35.31815017818705)	(92, 35.050801375562685)	(94, 35.23993077106385)	(96, 35.311959025614776)	(98, 35.28692483620865)	(100, 35.22074505778954)	(102, 35.1658458116171)	(104, 35.097183282456605)	(106, 35.033372654697196)	(108, 34.94589917761874)	(110, 34.82825872441185)	(112, 34.74552330867638)	(114, 34.60718750318476)	(116, 34.472464486169706)	(118, 34.2840043627733)	(120, 34.0977630244257)	(122, 33.788016604586886)	(124, 33.09311165969646)
HC_24hpi_1_R2	(1, 32.452279758651066)	(2, 32.52667748303559)	(3, 32.51609162346502)	(4, 32.53028963961298)	(5, 32.55498027637447)	(6, 36.23324835752509)	(7, 36.2891365821899)	(8, 36.252944965340035)	(9, 36.2118936421337)	(10, 36.255608472977066)	(12, 36.25668444636323)	(14, 36.26592662741671)	(16, 36.24841257019905)	(18, 36.241314850340686)	(20, 36.231828604653586)	(22, 36.1599518485894)	(24, 36.21466292271751)	(26, 36.214494479822015)	(28, 36.201051079489865)	(30, 36.193986435437765)	(32, 36.17709001337123)	(34, 36.17415454731501)	(36, 36.17275399583071)	(38, 36.15240271654156)	(40, 36.141350029457634)	(42, 36.139615630640144)	(44, 36.1207608602813)	(46, 36.10248004820147)	(48, 36.0933540314577)	(50, 36.07764388530538)	(52, 36.058383336217304)	(54, 36.04206875363721)	(56, 36.020818508123234)	(58, 36.00406398210103)	(60, 35.98271848323948)	(62, 35.968451066138975)	(64, 35.94164942697505)	(66, 35.911057840522005)	(68, 35.900921626653094)	(70, 35.87963345504693)	(72, 35.860458833343415)	(74, 35.82770656412718)	(76, 35.80414393151433)	(78, 35.76991527824831)	(80, 35.72889155198159)	(82, 35.70603076882561)	(84, 35.66651059211171)	(86, 35.623931865661106)	(88, 35.60036181989793)	(90, 35.54066814619631)	(92, 35.479412368495204)	(94, 35.43378568962265)	(96, 35.39933293950905)	(98, 35.348646961448026)	(100, 35.274364123656326)	(102, 35.1989586420308)	(104, 35.134438395092225)	(106, 35.052465062736246)	(108, 35.003041482323795)	(110, 34.880923264149196)	(112, 34.767897506216784)	(114, 34.563222634850895)	(116, 34.50848003868921)	(118, 34.358796446578644)	(120, 34.14370158941149)	(122, 33.835137467904175)	(124, 33.14473071413431)
HC_24hpi_2_R1	(1, 32.41503177505336)	(2, 32.50759239064444)	(3, 32.4638732057418)	(4, 32.521848501932006)	(5, 32.52472001626228)	(6, 36.07345222322339)	(7, 36.25032869079425)	(8, 36.29194053392336)	(9, 36.339634346293664)	(10, 36.40388011477758)	(12, 36.37361058152888)	(14, 36.41193311973232)	(16, 36.40232737052159)	(18, 36.39173073707377)	(20, 36.37629448720337)	(22, 36.369829322631865)	(24, 36.35962797675799)	(26, 36.3359004546469)	(28, 36.31438477562198)	(30, 36.06821846405466)	(32, 36.22324454384156)	(34, 36.22863327553378)	(36, 36.19536839936699)	(38, 36.12993321045409)	(40, 36.08730499685255)	(42, 36.05669720460793)	(44, 35.97780648134501)	(46, 36.01587406365613)	(48, 36.01436090659789)	(50, 36.001148017187944)	(52, 35.98868216756465)	(54, 35.977747792922166)	(56, 35.961185346989296)	(58, 35.94169217925522)	(60, 35.94840692280073)	(62, 35.92937671010853)	(64, 35.91523436697678)	(66, 35.89597307799137)	(68, 35.88394736850147)	(70, 35.86065146587738)	(72, 35.67001285713074)	(74, 24.62964403904322)	(76, 32.96959418175608)	(78, 35.465885318326464)	(80, 35.61127286887252)	(82, 35.57214079288434)	(84, 35.521613907945806)	(86, 35.44896489869092)	(88, 35.392697100008064)	(90, 35.304829681189574)	(92, 35.03846796543971)	(94, 35.222592264012206)	(96, 35.29307876267178)	(98, 35.26705601202947)	(100, 35.200479540120675)	(102, 35.14484847195834)	(104, 35.07699549222461)	(106, 35.00870441568182)	(108, 34.919729588911274)	(110, 34.8015228269897)	(112, 34.717247537542534)	(114, 34.57831304274821)	(116, 34.43914089219418)	(118, 34.25341914302487)	(120, 34.064311583986296)	(122, 33.75274347833457)	(124, 33.05285695043035)
HC_24hpi_2_R2	(1, 32.47152351751776)	(2, 32.551935721353495)	(3, 32.5409915968924)	(4, 32.55181594374488)	(5, 32.570736512801574)	(6, 36.26673013782796)	(7, 36.32034571509916)	(8, 36.27514762733365)	(9, 36.23245048744979)	(10, 36.280921101258514)	(12, 36.28402573114964)	(14, 36.29602563727376)	(16, 36.28039279900452)	(18, 36.27357295247012)	(20, 36.26426396409076)	(22, 36.19228982088525)	(24, 36.24785063946861)	(26, 36.24704310655893)	(28, 36.2338186997747)	(30, 36.22771737578851)	(32, 36.21036185140457)	(34, 36.209370497464406)	(36, 36.20641889839559)	(38, 36.18646513663553)	(40, 36.17440912783286)	(42, 36.17392438411898)	(44, 36.15721868760802)	(46, 36.139740786683774)	(48, 36.13014031466456)	(50, 36.11235207543274)	(52, 36.09505418691133)	(54, 36.07832480560997)	(56, 36.05880933156614)	(58, 36.04204481107436)	(60, 36.020241170908605)	(62, 36.0061138710687)	(64, 35.98036989267846)	(66, 35.94984433524389)	(68, 35.93853919552064)	(70, 35.91692251890261)	(72, 35.89596412000557)	(74, 35.8647197491275)	(76, 35.84173343666093)	(78, 35.8096005786476)	(80, 35.76788794149677)	(82, 35.74541682131091)	(84, 35.70478237926291)	(86, 35.66436292571593)	(88, 35.64038135622721)	(90, 35.57954947864269)	(92, 35.51776882228564)	(94, 35.4695267256736)	(96, 35.437401066298214)	(98, 35.3866803961439)	(100, 35.31294805819502)	(102, 35.23879469825016)	(104, 35.17094964391572)	(106, 35.089654857877065)	(108, 35.03975162504555)	(110, 34.920798931708276)	(112, 34.80991181117015)	(114, 34.60497688068182)	(116, 34.55213443792975)	(118, 34.40472897364499)	(120, 34.195596788284384)	(122, 33.8943601353551)	(124, 33.21813480890487)
HC_24hpi_3_R1	(1, 32.42924363449015)	(2, 32.51848145810055)	(3, 32.47281632789437)	(4, 32.53069202818064)	(5, 32.53528612199742)	(6, 36.09958046456936)	(7, 36.26976768852991)	(8, 36.31557009229874)	(9, 36.36304215866539)	(10, 36.42731282115375)	(12, 36.395356962090354)	(14, 36.43309336201946)	(16, 36.42568393873312)	(18, 36.41442455151065)	(20, 36.399290062426374)	(22, 36.39352299674964)	(24, 36.38478894662556)	(26, 36.36210382057857)	(28, 36.341540524582015)	(30, 36.09744842962433)	(32, 36.252379042524716)	(34, 36.258105557379466)	(36, 36.22515166975985)	(38, 36.16497357019061)	(40, 36.12189286943534)	(42, 36.09075982264689)	(44, 36.0091923659365)	(46, 36.052347807880395)	(48, 36.051483722812165)	(50, 36.03828245465226)	(52, 36.02580378300226)	(54, 36.01342041714521)	(56, 35.99587274011772)	(58, 35.9798619170434)	(60, 35.9872812349265)	(62, 35.96878120746847)	(64, 35.955299738328904)	(66, 35.937643657083115)	(68, 35.92603660663791)	(70, 35.9022645687641)	(72, 35.717267127431526)	(74, 24.670901804252104)	(76, 33.004027253309914)	(78, 35.51398381813395)	(80, 35.655272885116574)	(82, 35.61704054404521)	(84, 35.566109606419154)	(86, 35.49568931353533)	(88, 35.43856436914609)	(90, 35.35413563155386)	(92, 35.08860535187003)	(94, 35.273088705155686)	(96, 35.345277757985436)	(98, 35.318438408418444)	(100, 35.25283601232849)	(102, 35.19899676437349)	(104, 35.132642219456905)	(106, 35.067584793647754)	(108, 34.97662583262908)	(110, 34.861542483068845)	(112, 34.777849697989474)	(114, 34.63939476126555)	(116, 34.504465586272026)	(118, 34.316866851070884)	(120, 34.136053290472496)	(122, 33.83060852366967)	(124, 33.14645609352603)
HC_24hpi_3_R2	(1, 32.43894521894384)	(2, 32.523003447835926)	(3, 32.4936811213942)	(4, 32.511232673251335)	(5, 32.54521741508208)	(6, 36.23457766590656)	(7, 36.288219004760364)	(8, 36.24316719265872)	(9, 36.201752657153605)	(10, 36.244357028205464)	(12, 36.2490605783819)	(14, 36.260266813470054)	(16, 36.24401900584783)	(18, 36.23679216743214)	(20, 36.22878904780768)	(22, 36.15731183848938)	(24, 36.21234545593381)	(26, 36.21351622133006)	(28, 36.199801040016666)	(30, 36.192032593566466)	(32, 36.17472196799069)	(34, 36.17322098425885)	(36, 36.171344258882854)	(38, 36.15007985451948)	(40, 36.13755370337513)	(42, 36.13578276611982)	(44, 36.11741806680488)	(46, 36.09978583787689)	(48, 36.09123090518096)	(50, 36.07328151293802)	(52, 36.054173554444446)	(54, 36.038770770031235)	(56, 36.01790020345485)	(58, 36.00169356937751)	(60, 35.978927663645116)	(62, 35.96389783933243)	(64, 35.937982609941116)	(66, 35.90773284192829)	(68, 35.898109212356054)	(70, 35.876710649959875)	(72, 35.854909663932276)	(74, 35.82148016810642)	(76, 35.79787846983108)	(78, 35.765410787376354)	(80, 35.72358394051432)	(82, 35.69919816148055)	(84, 35.6597019412189)	(86, 35.618744834163095)	(88, 35.59261257826574)	(90, 35.5311148922167)	(92, 35.46923144203452)	(94, 35.42328229086168)	(96, 35.389711676777225)	(98, 35.337304438058524)	(100, 35.263616077972685)	(102, 35.185059552305276)	(104, 35.1196038850799)	(106, 35.034935078215675)	(108, 34.982535856089456)	(110, 34.862887610229464)	(112, 34.74758589721443)	(114, 34.54193212813821)	(116, 34.48587003398072)	(118, 34.33543857514088)	(120, 34.12078103113032)	(122, 33.810816891530955)	(124, 33.120961974605734)
HC_48hpi_1_R1	(1, 32.448812305303676)	(2, 32.52047761793502)	(3, 32.56268231023959)	(4, 32.61951184083053)	(5, 32.61531763869469)	(6, 36.140876891002605)	(7, 36.388375762198855)	(8, 36.43893750495278)	(9, 36.44413238351096)	(10, 36.45536912378766)	(12, 36.45183192975368)	(14, 36.44600696504658)	(16, 36.433174917153806)	(18, 36.430634959882326)	(20, 36.41467232543627)	(22, 36.41344936099719)	(24, 36.40390890219685)	(26, 36.3792764066985)	(28, 36.358726489759675)	(30, 36.31596050450285)	(32, 36.29362353590292)	(34, 36.27248056065528)	(36, 36.23344419734456)	(38, 36.1663408349291)	(40, 36.12040385274677)	(42, 36.084084823668846)	(44, 36.059274566381006)	(46, 36.0535859521134)	(48, 36.037497716596846)	(50, 36.02111755051004)	(52, 35.9978485372269)	(54, 35.993466851583804)	(56, 35.981242310075416)	(58, 35.993724621461936)	(60, 35.995264106041645)	(62, 35.99129128675919)	(64, 35.978881937361294)	(66, 35.94900826589589)	(68, 35.927250210321866)	(70, 35.91849263770871)	(72, 35.89266364029997)	(74, 18.609091033844596)	(76, 26.344805684733746)	(78, 34.324982304342385)	(80, 35.4800114925585)	(82, 35.57615049522022)	(84, 35.54890866564712)	(86, 35.49833841046245)	(88, 35.45292918756046)	(90, 35.36459000296327)	(92, 35.32470145033787)	(94, 35.40287352044913)	(96, 35.41886793831496)	(98, 35.36504577053679)	(100, 35.316706978702385)	(102, 35.267016025582606)	(104, 35.17773070681284)	(106, 35.114401864145876)	(108, 35.04582705425953)	(110, 34.945510023014336)	(112, 34.81077296287866)	(114, 34.70599020684196)	(116, 34.57209706551075)	(118, 34.45873412976988)	(120, 34.26578214288725)	(122, 33.942723976759815)	(124, 33.24465391976315)
HC_48hpi_1_R2	(1, 32.41146811693309)	(2, 32.48992536864223)	(3, 32.49977404080786)	(4, 32.5158831584597)	(5, 32.52685249825801)	(6, 36.23225231439496)	(7, 36.26868505905698)	(8, 36.25007769000912)	(9, 36.252554575825776)	(10, 36.24391901215086)	(12, 36.231682554587735)	(14, 36.22822854078914)	(16, 36.217245276983235)	(18, 36.206107658442306)	(20, 36.20131561696847)	(22, 36.189203880147964)	(24, 36.18765924136715)	(26, 36.177695836701886)	(28, 36.1758504592012)	(30, 36.16791463478684)	(32, 36.163182895427084)	(34, 36.14772435931912)	(36, 36.140159615096266)	(38, 36.12751601338029)	(40, 36.11000308744073)	(42, 36.10968190548682)	(44, 36.10274291043842)	(46, 36.09449245568164)	(48, 36.08146529330435)	(50, 36.06436492801541)	(52, 36.057235385137766)	(54, 36.04214645581489)	(56, 36.02432393143093)	(58, 36.00562034665758)	(60, 35.98905864923004)	(62, 35.96436997991624)	(64, 35.949844530898474)	(66, 35.934387859257384)	(68, 35.916604076858356)	(70, 35.88717101922856)	(72, 35.86459180575379)	(74, 35.860212961416394)	(76, 35.830035085062136)	(78, 35.80162903548731)	(80, 35.77511418642143)	(82, 35.7548866897918)	(84, 35.70298517245269)	(86, 35.68843777224008)	(88, 35.65436306792918)	(90, 35.599889712567105)	(92, 35.5463671740295)	(94, 35.498254531364566)	(96, 35.46516776988891)	(98, 35.431710914933234)	(100, 35.36609630987782)	(102, 35.303134330299834)	(104, 35.21846121149396)	(106, 35.15514012826158)	(108, 35.10203770892839)	(110, 35.00555661570124)	(112, 34.92066018298091)	(114, 34.812320172658886)	(116, 34.69341756664075)	(118, 34.54260655405388)	(120, 34.35928289896711)	(122, 34.083937518392545)	(124, 33.4304514226187)
HC_48hpi_2_R1	(1, 32.43138466056165)	(2, 32.51211278176951)	(3, 32.522640215633004)	(4, 32.506001573089435)	(5, 32.53114068597832)	(6, 36.05978064456335)	(7, 36.29953071823501)	(8, 36.371883509059906)	(9, 36.402697705428956)	(10, 36.40238689284587)	(12, 36.334266070350346)	(14, 36.37514864686891)	(16, 36.31884837118115)	(18, 36.35841179846085)	(20, 36.275471455484805)	(22, 36.307230900565045)	(24, 36.32135700614933)	(26, 36.302996376949466)	(28, 36.23695731850199)	(30, 36.177548399019955)	(32, 36.15638143074711)	(34, 36.133471003004686)	(36, 36.06976840323746)	(38, 36.00176513940099)	(40, 36.02747949238547)	(42, 36.01255423570291)	(44, 36.01021703523781)	(46, 35.96763862299923)	(48, 35.98935652791492)	(50, 35.97864945809832)	(52, 35.9499456678688)	(54, 35.940176564254585)	(56, 35.915643934135694)	(58, 35.904585654423514)	(60, 35.921962276625464)	(62, 35.87783842194091)	(64, 35.83772080796206)	(66, 35.85432694311481)	(68, 35.84810723801402)	(70, 35.83114253007081)	(72, 35.60971273272155)	(74, 24.575978834302717)	(76, 32.93599580420235)	(78, 35.44180853704103)	(80, 35.582420359891216)	(82, 35.524858581152586)	(84, 35.4563430577403)	(86, 35.401022816991)	(88, 35.31347980122686)	(90, 35.209905248004766)	(92, 35.241925207651434)	(94, 35.221881338562824)	(96, 35.23493649138204)	(98, 35.26026631047972)	(100, 35.139127540806115)	(102, 35.176588291217655)	(104, 35.064572605640706)	(106, 34.8946468899924)	(108, 34.797695745226136)	(110, 34.701345841249776)	(112, 34.53362848297848)	(114, 34.414934482783565)	(116, 34.30919939370915)	(118, 34.15864735667764)	(120, 34.0459411911541)	(122, 33.837823275917486)	(124, 33.193764213934074)
HC_48hpi_2_R2	(1, 32.371019753260185)	(2, 32.436826108008354)	(3, 32.44701624409254)	(4, 32.44800348237167)	(5, 32.456657615198345)	(6, 36.12933698541284)	(7, 36.17116115036775)	(8, 36.169213331660195)	(9, 36.158133196296326)	(10, 36.158196007993766)	(12, 36.13940543462414)	(14, 36.140807803319206)	(16, 36.13058258384602)	(18, 36.09623988253418)	(20, 36.07096185185597)	(22, 36.01939876601776)	(24, 35.98690122306357)	(26, 35.95918306671224)	(28, 35.9767259352641)	(30, 36.00340105141049)	(32, 36.04654681025207)	(34, 36.12835726500626)	(36, 36.129695328976766)	(38, 36.118695331360925)	(40, 36.09273810876867)	(42, 36.095265647134944)	(44, 36.073061546369885)	(46, 36.06987659239174)	(48, 36.05490655489387)	(50, 36.049167320271835)	(52, 36.034097011902205)	(54, 35.997041588422775)	(56, 35.974480719789405)	(58, 35.94990694404065)	(60, 35.93826565616729)	(62, 35.94232002850551)	(64, 35.898324553064434)	(66, 35.85786863246664)	(68, 35.85261514669831)	(70, 35.830240549619184)	(72, 35.80589694165344)	(74, 35.802159044584414)	(76, 35.76692351356166)	(78, 35.730505087497164)	(80, 35.68757585731722)	(82, 35.66299335407308)	(84, 35.62614997481336)	(86, 35.59108668708474)	(88, 35.55025664190258)	(90, 35.49728208632432)	(92, 35.45722589711262)	(94, 35.385329241550735)	(96, 35.34147907110267)	(98, 35.26416801978895)	(100, 35.172458108246886)	(102, 35.12616695965788)	(104, 35.06581255845349)	(106, 35.000747850363865)	(108, 34.90778616521267)	(110, 34.81465048500924)	(112, 34.69744177844535)	(114, 34.554323317245505)	(116, 34.43399448250578)	(118, 34.231745618295804)	(120, 34.009415001679415)	(122, 33.67637198086158)	(124, 32.96026454743834)
HC_48hpi_3_R1	(1, 32.392199030088115)	(2, 32.48114933036665)	(3, 32.49149378636267)	(4, 32.477435797948296)	(5, 32.50231225308899)	(6, 36.01005645239516)	(7, 36.261171303803906)	(8, 36.33743799313987)	(9, 36.37024949705056)	(10, 36.36724713445257)	(12, 36.299066874482236)	(14, 36.337172510236925)	(16, 36.27770799094314)	(18, 36.318734515098626)	(20, 36.23447470741155)	(22, 36.26372459753668)	(24, 36.27643307348188)	(26, 36.25650452327833)	(28, 36.183751754577585)	(30, 36.12452754573431)	(32, 36.10402812336634)	(34, 36.07706370466662)	(36, 36.01373177513674)	(38, 35.9389842049687)	(40, 35.965600008572956)	(42, 35.947312227927505)	(44, 35.94642982185044)	(46, 35.899420326501556)	(48, 35.92210152959275)	(50, 35.90980618986977)	(52, 35.880098783949876)	(54, 35.86986887518299)	(56, 35.84603192110721)	(58, 35.8336989237078)	(60, 35.848594650761676)	(62, 35.80224052246798)	(64, 35.76455844215485)	(66, 35.782636507431775)	(68, 35.773407345542594)	(70, 35.75418024487065)	(72, 35.526729422460434)	(74, 24.480632195953632)	(76, 32.84709415309581)	(78, 35.34720140444102)	(80, 35.49397575331493)	(82, 35.43664414255005)	(84, 35.36449443168813)	(86, 35.30991539696667)	(88, 35.221328166980264)	(90, 35.10557714143992)	(92, 35.140648147222365)	(94, 35.120661312035125)	(96, 35.13722250881244)	(98, 35.16257861410125)	(100, 35.03639687940879)	(102, 35.07473415395484)	(104, 34.954313084607975)	(106, 34.78051279097943)	(108, 34.68294198029342)	(110, 34.583098078616615)	(112, 34.41588836298028)	(114, 34.295675062327206)	(116, 34.187765701939256)	(118, 34.02656408299168)	(120, 33.906153438182386)	(122, 33.68351085317853)	(124, 33.01095657478559)
HC_48hpi_3_R2	(1, 32.378993138796524)	(2, 32.444233064166156)	(3, 32.45564367920872)	(4, 32.463200795311145)	(5, 32.469618118139735)	(6, 36.140385191557364)	(7, 36.183160836060544)	(8, 36.178634944406156)	(9, 36.16852453457096)	(10, 36.160427306031075)	(12, 36.14589473041802)	(14, 36.14988838803608)	(16, 36.14064152782874)	(18, 36.09981484604374)	(20, 36.07221815192847)	(22, 36.01956541355764)	(24, 35.98985569382427)	(26, 35.962445352719485)	(28, 35.978452611301826)	(30, 36.005746236776005)	(32, 36.0494783956428)	(34, 36.13168245577984)	(36, 36.135311902197174)	(38, 36.12385131614036)	(40, 36.093411192995944)	(42, 36.09477087794487)	(44, 36.073032108054726)	(46, 36.070026851633386)	(48, 36.05447126806335)	(50, 36.04875219356011)	(52, 36.03046218599149)	(54, 35.99664947433588)	(56, 35.969148933410764)	(58, 35.9459823204742)	(60, 35.93397561861276)	(62, 35.935705620641386)	(64, 35.89092031017664)	(66, 35.849708188663314)	(68, 35.84173116954483)	(70, 35.820653947837194)	(72, 35.79496898798948)	(74, 35.793488099979015)	(76, 35.75729194720749)	(78, 35.720726272889095)	(80, 35.67373497506925)	(82, 35.64758411427658)	(84, 35.61221368300599)	(86, 35.57691200818152)	(88, 35.534771767020686)	(90, 35.476744653571465)	(92, 35.43650989508431)	(94, 35.36341078210499)	(96, 35.32160503844875)	(98, 35.241897469409736)	(100, 35.147517711008)	(102, 35.0992285553136)	(104, 35.03755660553)	(106, 34.97129017750297)	(108, 34.876436082287896)	(110, 34.784566581036145)	(112, 34.66724749889558)	(114, 34.521639633809606)	(116, 34.39660243778298)	(118, 34.19175464480065)	(120, 33.96796979966534)	(122, 33.62718952924018)	(124, 32.897536912975426)
HC_6hpi_1_R1	(1, 32.33909270697563)	(2, 32.46960275340842)	(3, 32.46997126089707)	(4, 32.47819857743366)	(5, 32.501108708308784)	(6, 36.13765851756082)	(7, 36.34282147342079)	(8, 36.42974898009268)	(9, 36.378916442344824)	(10, 36.407123264459614)	(12, 36.46418296960461)	(14, 36.44787870131043)	(16, 36.39794604162532)	(18, 36.426733982475064)	(20, 36.410138507142065)	(22, 36.391804226808205)	(24, 36.401136890764455)	(26, 36.38674262276085)	(28, 36.37922721956093)	(30, 36.364640260580934)	(32, 36.33991856013544)	(34, 36.349285851586785)	(36, 36.34484246518801)	(38, 36.298995720005706)	(40, 36.2879558972992)	(42, 36.281574940931634)	(44, 36.27489725982399)	(46, 36.26252747788114)	(48, 36.24254146415426)	(50, 36.170163692414974)	(52, 36.21513431194463)	(54, 36.203837879691136)	(56, 36.188533595509284)	(58, 36.16699402747503)	(60, 36.14260368996107)	(62, 36.15329175218649)	(64, 36.14232363105631)	(66, 36.114493982385255)	(68, 36.093153361714975)	(70, 36.07898221641868)	(72, 36.077658845860135)	(74, 36.08157657721557)	(76, 36.07544954572573)	(78, 36.056098984558645)	(80, 36.02574591205136)	(82, 35.997959495428134)	(84, 35.97116578326549)	(86, 35.9568524140839)	(88, 35.92199271660728)	(90, 35.8761647941625)	(92, 35.8539357071946)	(94, 35.815105632760535)	(96, 35.81522607287092)	(98, 35.75962285713145)	(100, 35.69320680391725)	(102, 35.65948642742912)	(104, 35.59529673637632)	(106, 35.5042205980608)	(108, 35.39189967048162)	(110, 35.32294983448582)	(112, 35.282773788393456)	(114, 35.20960473963827)	(116, 35.07861554979747)	(118, 34.96503710469739)	(120, 34.861339833476656)	(122, 34.71339899349387)	(124, 34.17083526765414)
HC_6hpi_1_R2	(1, 32.06961633700195)	(2, 32.19417368864933)	(3, 32.1744810489615)	(4, 32.19020608902085)	(5, 32.22206563746439)	(6, 35.81424750917855)	(7, 35.83648679258098)	(8, 35.87822427423175)	(9, 35.786398411699814)	(10, 35.82807053105899)	(12, 35.84446631356325)	(14, 35.90590025091138)	(16, 35.95140451906552)	(18, 35.97871853498843)	(20, 35.95124942803619)	(22, 35.97272064324618)	(24, 36.01659904627769)	(26, 36.042240214648785)	(28, 36.01504446001189)	(30, 14.171877515196645)	(32, 31.19836302025975)	(34, 35.454809514828334)	(36, 35.745233348091006)	(38, 35.78094883911061)	(40, 35.73576760846633)	(42, 35.70014928320823)	(44, 35.67805142501015)	(46, 35.60796389432578)	(48, 35.72167641564631)	(50, 35.77734784671053)	(52, 35.786366976285315)	(54, 35.84923949613727)	(56, 35.858082614742756)	(58, 35.79313053056284)	(60, 35.74315524916383)	(62, 35.70502495702108)	(64, 35.69522622240706)	(66, 35.70699318450059)	(68, 35.76079900146161)	(70, 35.734085015762204)	(72, 35.74573878922965)	(74, 35.70783984381475)	(76, 35.70111472666535)	(78, 35.71755668527563)	(80, 35.668207881861846)	(82, 35.64747535504689)	(84, 35.6233983588784)	(86, 35.63181203284366)	(88, 35.57113464453573)	(90, 35.48759525831453)	(92, 35.4508167482347)	(94, 35.459315492149756)	(96, 35.50475620573614)	(98, 35.45195317343391)	(100, 35.40703088617066)	(102, 35.366171956748076)	(104, 35.33020612690168)	(106, 35.27488599635804)	(108, 35.20050526673238)	(110, 35.11805328475655)	(112, 35.058294841108506)	(114, 34.923223400161746)	(116, 34.87157959443665)	(118, 34.74046711551761)	(120, 34.56570777549304)	(122, 34.32379952452935)	(124, 33.73733658801083)
HC_6hpi_2_R1	(1, 32.30720260352906)	(2, 32.44205433997035)	(3, 32.43917393450877)	(4, 32.445064526867526)	(5, 32.4710587048429)	(6, 36.09259243565436)	(7, 36.29993967579575)	(8, 36.39091849326625)	(9, 36.33878382678178)	(10, 36.36820649690209)	(12, 36.42443355095945)	(14, 36.40483420789305)	(16, 36.35553659300689)	(18, 36.383115813437186)	(20, 36.36474400104049)	(22, 36.34560901356934)	(24, 36.353286394430086)	(26, 36.341050869630166)	(28, 36.33110213855012)	(30, 36.31508551251865)	(32, 36.28772256468164)	(34, 36.29828260504681)	(36, 36.2963212074286)	(38, 36.24575314161599)	(40, 36.23055462859618)	(42, 36.22441739731926)	(44, 36.21761165029184)	(46, 36.20290553401045)	(48, 36.18248675543012)	(50, 36.11022388515026)	(52, 36.155546120945324)	(54, 36.13963865636911)	(56, 36.12428589053792)	(58, 36.10012750577741)	(60, 36.073863128488036)	(62, 36.08452422271724)	(64, 36.07617548403363)	(66, 36.04534509440299)	(68, 36.02312488723247)	(70, 36.0098586569282)	(72, 36.007348927034656)	(74, 36.010796983230634)	(76, 36.00602650539581)	(78, 35.984050492780796)	(80, 35.95166172753231)	(82, 35.92474539997755)	(84, 35.89444767921523)	(86, 35.8806202677678)	(88, 35.84222931850306)	(90, 35.79348257963565)	(92, 35.76959183513806)	(94, 35.727373644241425)	(96, 35.72787348167122)	(98, 35.66864462251631)	(100, 35.596004450138146)	(102, 35.55744891243911)	(104, 35.49014832702102)	(106, 35.38725219008304)	(108, 35.26633411358873)	(110, 35.18968494954295)	(112, 35.14371439960553)	(114, 35.06603484791431)	(116, 34.92055434644086)	(118, 34.79710543086476)	(120, 34.68441511004701)	(122, 34.52265538284238)	(124, 33.934313006743494)
HC_6hpi_2_R2	(1, 32.11717015396785)	(2, 32.23980198420617)	(3, 32.22382934238493)	(4, 32.2443834860022)	(5, 32.27086464202491)	(6, 35.87653975377667)	(7, 35.904813686597514)	(8, 35.93786859100855)	(9, 35.855118392816955)	(10, 35.89245139201971)	(12, 35.905430691215365)	(14, 35.970966499090096)	(16, 36.01585305099486)	(18, 36.043612025367125)	(20, 36.01887770085288)	(22, 36.04135485795446)	(24, 36.087254902716104)	(26, 36.11486959767265)	(28, 36.089494560490934)	(30, 14.184000134193864)	(32, 31.3624802126178)	(34, 35.53098500342703)	(36, 35.8175337334811)	(38, 35.85387405688472)	(40, 35.811667468423074)	(42, 35.775025000469356)	(44, 35.75191613622818)	(46, 35.687447385192755)	(48, 35.79116872728109)	(50, 35.84039661542802)	(52, 35.84871953668947)	(54, 35.91981114316529)	(56, 35.932223279813655)	(58, 35.871654441147925)	(60, 35.817363288387355)	(62, 35.77771088187104)	(64, 35.766481400507686)	(66, 35.782502368427586)	(68, 35.83871026687834)	(70, 35.81502510891655)	(72, 35.827434563853984)	(74, 35.79022173705749)	(76, 35.78678620067488)	(78, 35.80205717493775)	(80, 35.753446255127656)	(82, 35.73432283853752)	(84, 35.71237097779965)	(86, 35.723519074149884)	(88, 35.66337447238844)	(90, 35.58028209245055)	(92, 35.54479683672187)	(94, 35.5574475977646)	(96, 35.60191508359844)	(98, 35.5524852160561)	(100, 35.511135088612875)	(102, 35.47279741434857)	(104, 35.43583886318187)	(106, 35.38712478755019)	(108, 35.31643194485203)	(110, 35.23747817092864)	(112, 35.184626278684064)	(114, 35.05265869027533)	(116, 35.00747996932655)	(118, 34.88380597244729)	(120, 34.72312723281104)	(122, 34.49804664900462)	(124, 33.94512464912573)
HC_6hpi_3_R1	(1, 32.352668834146364)	(2, 32.47975690431787)	(3, 32.47395369953418)	(4, 32.482984565328735)	(5, 32.5050193158687)	(6, 36.13638652400792)	(7, 36.33673985943503)	(8, 36.42207731201106)	(9, 36.37069281531429)	(10, 36.39681770335804)	(12, 36.45443414176475)	(14, 36.43574154528936)	(16, 36.38538851498784)	(18, 36.41374181323221)	(20, 36.395373820707356)	(22, 36.37757637754622)	(24, 36.38607408960105)	(26, 36.373382107066725)	(28, 36.366099149636284)	(30, 36.3506628108254)	(32, 36.325455608128266)	(34, 36.3356979116799)	(36, 36.33211456374892)	(38, 36.28448860419627)	(40, 36.2708102953593)	(42, 36.26419522713249)	(44, 36.256611271107104)	(46, 36.24451927829843)	(48, 36.225540947059635)	(50, 36.15293196198169)	(52, 36.19820020772593)	(54, 36.18547202811485)	(56, 36.1713022947511)	(58, 36.14836972029129)	(60, 36.123066662613006)	(62, 36.134201209105655)	(64, 36.12496559115785)	(66, 36.094955113508476)	(68, 36.074520760470406)	(70, 36.06022440824333)	(72, 36.05780327935153)	(74, 36.06156564677142)	(76, 36.05772960651764)	(78, 36.036787323258686)	(80, 36.00666938168497)	(82, 35.97929502974823)	(84, 35.951372231188785)	(86, 35.93745536439597)	(88, 35.90274954565963)	(90, 35.85623405368243)	(92, 35.83169124949008)	(94, 35.79282857670141)	(96, 35.79360442992896)	(98, 35.735343039605524)	(100, 35.66750804911589)	(102, 35.632666957459946)	(104, 35.56893606038443)	(106, 35.47257626875875)	(108, 35.36014113200048)	(110, 35.28633090073859)	(112, 35.245720610815816)	(114, 35.174142898158735)	(116, 35.03782951217036)	(118, 34.9249797426785)	(120, 34.81872177841193)	(122, 34.667735910659914)	(124, 34.11591321608449)
HC_6hpi_3_R2	(1, 32.13207048713229)	(2, 32.256221971908865)	(3, 32.23391360177478)	(4, 32.25156256231126)	(5, 32.279839685598596)	(6, 35.88443091736788)	(7, 35.90821637916977)	(8, 35.94720930011429)	(9, 35.8556621161325)	(10, 35.89719141123989)	(12, 35.909828080892055)	(14, 35.97024713327417)	(16, 36.0155249316696)	(18, 36.04065897759654)	(20, 36.014510743897596)	(22, 36.0369406675495)	(24, 36.0800578220079)	(26, 36.106655477309374)	(28, 36.07962369216433)	(30, 14.185201437524684)	(32, 31.42998564459471)	(34, 35.538623932321855)	(36, 35.81970763594321)	(38, 35.85469034685355)	(40, 35.80956678796288)	(42, 35.775416299775245)	(44, 35.754899830375216)	(46, 35.688232433387654)	(48, 35.794603163693736)	(50, 35.84504329808546)	(52, 35.85511445490546)	(54, 35.918728527997814)	(56, 35.930220735477256)	(58, 35.868486731802236)	(60, 35.818829289657444)	(62, 35.779440781003714)	(64, 35.77175004310257)	(66, 35.78288903043202)	(68, 35.83851367813617)	(70, 35.81447881099807)	(72, 35.82659990227921)	(74, 35.788544261841196)	(76, 35.78288721200026)	(78, 35.80135816175832)	(80, 35.75246711306403)	(82, 35.73355739869902)	(84, 35.708642495229554)	(86, 35.72017105180465)	(88, 35.66238825037183)	(90, 35.58014695451587)	(92, 35.54498472437864)	(94, 35.55500177612408)	(96, 35.59853194406292)	(98, 35.550210368318645)	(100, 35.507841131728185)	(102, 35.470171873463016)	(104, 35.43547046465355)	(106, 35.38205468160045)	(108, 35.31314127679714)	(110, 35.232993609548544)	(112, 35.18318633066119)	(114, 35.04991737087653)	(116, 35.007522607798435)	(118, 34.88407234067215)	(120, 34.72369367015137)	(122, 34.50013106682538)	(124, 33.941610257489245)
HI_24hpi_1_R1	(1, 32.417107164471446)	(2, 32.50105880020655)	(3, 32.50727269602479)	(4, 32.49287469648918)	(5, 32.519246781818126)	(6, 36.02097386986755)	(7, 36.26752045407079)	(8, 36.343629662304934)	(9, 36.372979090561316)	(10, 36.36577351329648)	(12, 36.29872696435004)	(14, 36.33346725258727)	(16, 36.272032829207085)	(18, 36.310081916713756)	(20, 36.22855490197867)	(22, 36.256559621085245)	(24, 36.26832747052026)	(26, 36.250512461280294)	(28, 36.175779930245994)	(30, 36.11587562363336)	(32, 36.0943703046717)	(34, 36.06494915446976)	(36, 36.003569554261)	(38, 35.9299895219351)	(40, 35.95559988917036)	(42, 35.93407503162958)	(44, 35.93706494657306)	(46, 35.88893829708397)	(48, 35.90986240776553)	(50, 35.89908692504511)	(52, 35.86917983131393)	(54, 35.861664102774625)	(56, 35.83575776877552)	(58, 35.821066990461034)	(60, 35.83386744616268)	(62, 35.78993567272228)	(64, 35.751189753389085)	(66, 35.7646084264238)	(68, 35.75413774389091)	(70, 35.733001356047154)	(72, 35.50100994691056)	(74, 24.46061558922497)	(76, 32.81336634826361)	(78, 35.32219172866262)	(80, 35.46765113655647)	(82, 35.406898975527994)	(84, 35.33311123836049)	(86, 35.272091106156324)	(88, 35.18258168161393)	(90, 35.06249801856928)	(92, 35.097319992449194)	(94, 35.075976614070925)	(96, 35.090838400087904)	(98, 35.11969271089788)	(100, 34.986829119339134)	(102, 35.02187060192327)	(104, 34.89906143417103)	(106, 34.72058783770194)	(108, 34.620382591324486)	(110, 34.51919278148763)	(112, 34.3461613190715)	(114, 34.22290205793118)	(116, 34.10866679568201)	(118, 33.949760561285046)	(120, 33.8206414532914)	(122, 33.597091311707494)	(124, 32.91122060572419)
HI_24hpi_1_R2	(1, 32.339901848184724)	(2, 32.40914379589616)	(3, 32.414278982202354)	(4, 32.4270959777757)	(5, 32.43490799319363)	(6, 36.08459785713634)	(7, 36.13065108662726)	(8, 36.125320414280466)	(9, 36.10806459837627)	(10, 36.10001031181792)	(12, 36.083362348582305)	(14, 36.08179457033986)	(16, 36.068754965391406)	(18, 36.024081277494204)	(20, 35.9974177312487)	(22, 35.94183795211539)	(24, 35.911624184169355)	(26, 35.883786837608035)	(28, 35.8997600769553)	(30, 35.926768199173964)	(32, 35.973587280557865)	(34, 36.059365024355415)	(36, 36.065356013606944)	(38, 36.053998428231296)	(40, 36.02233369561094)	(42, 36.02319897167797)	(44, 36.00006864571961)	(46, 35.999866932676795)	(48, 35.98232154360731)	(50, 35.973359352905746)	(52, 35.95423670912075)	(54, 35.91827976675205)	(56, 35.89211221277738)	(58, 35.866026260045885)	(60, 35.85062107241272)	(62, 35.85505906163509)	(64, 35.807031151083784)	(66, 35.76030537113951)	(68, 35.754904650178254)	(70, 35.73132409949595)	(72, 35.700995319375096)	(74, 35.69597240150539)	(76, 35.661934358914934)	(78, 35.62332978471434)	(80, 35.57173694462071)	(82, 35.54156062676076)	(84, 35.50527969465247)	(86, 35.462573566443865)	(88, 35.41913871489822)	(90, 35.36145824530823)	(92, 35.31630211021144)	(94, 35.239745559857376)	(96, 35.19553980902437)	(98, 35.11036874727495)	(100, 35.00934846863297)	(102, 34.95643429980157)	(104, 34.89187137854971)	(106, 34.82045163352795)	(108, 34.71990326945077)	(110, 34.624446419345674)	(112, 34.496065438816544)	(114, 34.338470243741895)	(116, 34.207638074169736)	(118, 33.99452137281558)	(120, 33.74119240214672)	(122, 33.37529180194569)	(124, 32.604058368419274)
HI_24hpi_2_R1	(1, 32.446327175040004)	(2, 32.52973619056925)	(3, 32.53688632832357)	(4, 32.52107945685977)	(5, 32.54490417877071)	(6, 36.063476645948576)	(7, 36.29396168051633)	(8, 36.36440717726199)	(9, 36.39140892494832)	(10, 36.38426516789437)	(12, 36.31887740835469)	(14, 36.354922923016346)	(16, 36.29353630049245)	(18, 36.33228960922965)	(20, 36.24964014726656)	(22, 36.27891917942192)	(24, 36.29218643830932)	(26, 36.27139173584201)	(28, 36.20065360266228)	(30, 36.14020766427207)	(32, 36.118654820953665)	(34, 36.09235432551462)	(36, 36.030122952100314)	(38, 35.95401492195201)	(40, 35.97914180331334)	(42, 35.962312118116564)	(44, 35.96099300922265)	(46, 35.91140462660927)	(48, 35.933548081837436)	(50, 35.92088300050068)	(52, 35.89152525224858)	(54, 35.88063021461383)	(56, 35.8559833354478)	(58, 35.84127076505551)	(60, 35.85472538677825)	(62, 35.80874116659809)	(64, 35.76899532628057)	(66, 35.78354629543877)	(68, 35.77242815663591)	(70, 35.74939695719918)	(72, 35.51956463118864)	(74, 24.491672811022703)	(76, 32.8533611865721)	(78, 35.34228653071843)	(80, 35.488886769797574)	(82, 35.42961226093114)	(84, 35.35592700330879)	(86, 35.29666375082573)	(88, 35.20941983335562)	(90, 35.09309455255032)	(92, 35.122800685955156)	(94, 35.09747635540662)	(96, 35.108675026091575)	(98, 35.136685090218755)	(100, 35.00121525017212)	(102, 35.03449802211651)	(104, 34.912244261181606)	(106, 34.73116640103541)	(108, 34.62901667130785)	(110, 34.52563199877734)	(112, 34.35301601626056)	(114, 34.22878192720472)	(116, 34.115039365496735)	(118, 33.9475351047563)	(120, 33.82165275031528)	(122, 33.59266001941508)	(124, 32.899871415814346)
HI_24hpi_2_R2	(1, 32.421942640506465)	(2, 32.48622169080302)	(3, 32.495807567085244)	(4, 32.50510568629249)	(5, 32.5130214455339)	(6, 36.209900081985744)	(7, 36.24293828499035)	(8, 36.23384541164463)	(9, 36.22121243816194)	(10, 36.21502978973841)	(12, 36.203003514514776)	(14, 36.20082106476874)	(16, 36.19054957597744)	(18, 36.15425684045484)	(20, 36.13011139451707)	(22, 36.082340435886906)	(24, 36.05452955909486)	(26, 36.02782789199301)	(28, 36.041283569208645)	(30, 36.06499615969416)	(32, 36.10490189092069)	(34, 36.181050819440685)	(36, 36.1849233639509)	(38, 36.17431599190735)	(40, 36.146655813063326)	(42, 36.14694596654866)	(44, 36.126695389195625)	(46, 36.122994755970154)	(48, 36.11103771741247)	(50, 36.10314010429666)	(52, 36.08561413984506)	(54, 36.0537044929232)	(56, 36.02817654767227)	(58, 36.00537633739705)	(60, 35.99194086028018)	(62, 35.994568849558874)	(64, 35.95232488084804)	(66, 35.9114258539183)	(68, 35.906339722596684)	(70, 35.88508875479069)	(72, 35.860601319781296)	(74, 35.85620963108515)	(76, 35.82408819881785)	(78, 35.7868819992943)	(80, 35.74239599963501)	(82, 35.716105179165325)	(84, 35.682152920285105)	(86, 35.6467159004308)	(88, 35.60868220297694)	(90, 35.55374002760094)	(92, 35.51226140651562)	(94, 35.440374813909685)	(96, 35.40032888829703)	(98, 35.32129429392356)	(100, 35.23129551843403)	(102, 35.18220360829396)	(104, 35.121178879113735)	(106, 35.056645774958724)	(108, 34.96808706546533)	(110, 34.877892604120035)	(112, 34.7681001848943)	(114, 34.62851056950233)	(116, 34.50537203149197)	(118, 34.31240767140413)	(120, 34.09504669347342)	(122, 33.77236137669756)	(124, 33.078274051041305)
HI_24hpi_3_R1	(1, 32.42807417296647)	(2, 32.509055791799)	(3, 32.516917440384525)	(4, 32.50385436123963)	(5, 32.52834892993418)	(6, 36.04393027055291)	(7, 36.286384532977515)	(8, 36.358752420891506)	(9, 36.3885923601226)	(10, 36.38247398009662)	(12, 36.31684949391497)	(14, 36.35275381544159)	(16, 36.292018916854104)	(18, 36.33203957361708)	(20, 36.2495789674711)	(22, 36.276916229281)	(24, 36.29087529025804)	(26, 36.27072676978371)	(28, 36.199893405079884)	(30, 36.139702126822456)	(32, 36.117771006360414)	(34, 36.09193668819866)	(36, 36.02811368761009)	(38, 35.95493353874964)	(40, 35.97986809396259)	(42, 35.962246159093446)	(44, 35.96289952223843)	(46, 35.912731168809074)	(48, 35.937121198075644)	(50, 35.92376494896339)	(52, 35.89536940777333)	(54, 35.88517715309843)	(56, 35.86139035142564)	(58, 35.84769025533354)	(60, 35.86150645423227)	(62, 35.81453638236663)	(64, 35.77156452243611)	(66, 35.78978998265778)	(68, 35.7815571605296)	(70, 35.757993082349216)	(72, 35.525498029409185)	(74, 24.484760472301005)	(76, 32.85437160619716)	(78, 35.351506316371214)	(80, 35.49892776003911)	(82, 35.439691123991345)	(84, 35.365117789576416)	(86, 35.30685782429404)	(88, 35.21663704734237)	(90, 35.10554109746511)	(92, 35.1359011799453)	(94, 35.11000009683288)	(96, 35.125235362016745)	(98, 35.1559149722536)	(100, 35.02325695679109)	(102, 35.05952547414098)	(104, 34.93928657357536)	(106, 34.75570525902866)	(108, 34.65263921355286)	(110, 34.55341736190205)	(112, 34.38351579228812)	(114, 34.26137526458038)	(116, 34.149653291849674)	(118, 33.98351796483811)	(120, 33.866069436417234)	(122, 33.64426231543591)	(124, 32.95943069146153)
HI_24hpi_3_R2	(1, 32.32968269816378)	(2, 32.39872919943871)	(3, 32.41035263594333)	(4, 32.41722338164875)	(5, 32.42046486459968)	(6, 36.06583642929766)	(7, 36.11729497114359)	(8, 36.10457198864898)	(9, 36.089914559722985)	(10, 36.09099916930928)	(12, 36.074743140406)	(14, 36.07974412361805)	(16, 36.070339168083606)	(18, 36.02996975236576)	(20, 35.99972025613545)	(22, 35.94350380182072)	(24, 35.90878629697894)	(26, 35.87935247411205)	(28, 35.90161989953184)	(30, 35.9302532687854)	(32, 35.977207012692716)	(34, 36.06194611753527)	(36, 36.061560664766105)	(38, 36.052138930661286)	(40, 36.02324213642521)	(42, 36.02591952913966)	(44, 36.00082426431679)	(46, 35.99392961618931)	(48, 35.975932478082164)	(50, 35.96849596853538)	(52, 35.95075416701778)	(54, 35.91271100927737)	(56, 35.88328940971807)	(58, 35.85661586264461)	(60, 35.84277797916074)	(62, 35.84680823234171)	(64, 35.79816012727686)	(66, 35.75197874508145)	(68, 35.74325440653395)	(70, 35.71744498240243)	(72, 35.69155520464142)	(74, 35.68644910809385)	(76, 35.64857727590799)	(78, 35.60495403579646)	(80, 35.555418709220916)	(82, 35.527903258419094)	(84, 35.48898811679784)	(86, 35.4483924427582)	(88, 35.403399357655786)	(90, 35.34412247168275)	(92, 35.297255141641685)	(94, 35.21833649440456)	(96, 35.17259374391135)	(98, 35.088983068939335)	(100, 34.98298098963147)	(102, 34.930909090403134)	(104, 34.86412141191667)	(106, 34.78732914270456)	(108, 34.683455016270244)	(110, 34.58249542931384)	(112, 34.45876051136371)	(114, 34.300119393430904)	(116, 34.162985869026315)	(118, 33.939928316866634)	(120, 33.692602796507316)	(122, 33.32339367652486)	(124, 32.537289779366155)
HI_48hpi_1_R1	(1, 32.45551437156982)	(2, 32.524635248099656)	(3, 32.56548711162753)	(4, 32.62319033767223)	(5, 32.62014085696595)	(6, 36.14474379384393)	(7, 36.389594738685176)	(8, 36.43940385920741)	(9, 36.446434356883806)	(10, 36.45670336838872)	(12, 36.452118106622294)	(14, 36.44760857038314)	(16, 36.434837248126854)	(18, 36.4316968219356)	(20, 36.41517758509423)	(22, 36.41596596642802)	(24, 36.40438616725411)	(26, 36.37994101268359)	(28, 36.36015934048181)	(30, 36.31802734751942)	(32, 36.29601311369946)	(34, 36.274651408639116)	(36, 36.23699337614312)	(38, 36.16839705927377)	(40, 36.12182358493834)	(42, 36.08556367306748)	(44, 36.06143333862009)	(46, 36.05402786734217)	(48, 36.03922750382601)	(50, 36.020980419846474)	(52, 35.998151696619914)	(54, 35.993879706383694)	(56, 35.98045722015958)	(58, 35.99071233931787)	(60, 35.992962254479124)	(62, 35.98978067008008)	(64, 35.97530160093642)	(66, 35.94553260144367)	(68, 35.92165952747439)	(70, 35.913256909381445)	(72, 35.885061839364866)	(74, 18.600160329607963)	(76, 26.34391739803437)	(78, 34.31778545727992)	(80, 35.47577819911149)	(82, 35.57016378303866)	(84, 35.542161817943736)	(86, 35.48922304783559)	(88, 35.44360670863425)	(90, 35.35423040952729)	(92, 35.310960163116626)	(94, 35.38930579653391)	(96, 35.405131588874056)	(98, 35.352747646583786)	(100, 35.3031511512942)	(102, 35.25182389735485)	(104, 35.16225434627796)	(106, 35.09629612488216)	(108, 35.02662476009222)	(110, 34.926299732522324)	(112, 34.79235755621904)	(114, 34.68926795180199)	(116, 34.55085013556719)	(118, 34.432339275791705)	(120, 34.23623415434175)	(122, 33.91303206037833)	(124, 33.21393628532086)
HI_48hpi_1_R2	(1, 32.41129471813824)	(2, 32.49088424336413)	(3, 32.50093989476522)	(4, 32.51462157633601)	(5, 32.5257044501285)	(6, 36.230608432779746)	(7, 36.26466857731196)	(8, 36.24478969074917)	(9, 36.24462944455513)	(10, 36.23608546555168)	(12, 36.226362813102284)	(14, 36.22285576682326)	(16, 36.2137026776272)	(18, 36.201652463244116)	(20, 36.1984429858513)	(22, 36.187675676673706)	(24, 36.184491305973424)	(26, 36.17530727784694)	(28, 36.17320352414378)	(30, 36.16727288673071)	(32, 36.16346164156957)	(34, 36.14404982920753)	(36, 36.139212789921686)	(38, 36.12856553461384)	(40, 36.10961403470634)	(42, 36.107521875403464)	(44, 36.10150402263723)	(46, 36.09248440954781)	(48, 36.07948850733075)	(50, 36.0621281048749)	(52, 36.055573753256795)	(54, 36.03944291343707)	(56, 36.020009097983184)	(58, 36.00033224017959)	(60, 35.98623773259577)	(62, 35.96164471446861)	(64, 35.94714266568672)	(66, 35.928304243060445)	(68, 35.91189392434268)	(70, 35.88293044609696)	(72, 35.860319273073316)	(74, 35.8527956935604)	(76, 35.821233626000044)	(78, 35.792895774486254)	(80, 35.76664114946823)	(82, 35.7450547180663)	(84, 35.69497117057297)	(86, 35.67847752950921)	(88, 35.642213440230904)	(90, 35.58790492479886)	(92, 35.53377385285171)	(94, 35.48691818531282)	(96, 35.45113192025536)	(98, 35.41610846887514)	(100, 35.34777281753881)	(102, 35.285472940012085)	(104, 35.201426393413854)	(106, 35.13681944398901)	(108, 35.08037532192534)	(110, 34.98302034957154)	(112, 34.89911562330114)	(114, 34.789121349461894)	(116, 34.66985216591121)	(118, 34.51660068823235)	(120, 34.331710984299235)	(122, 34.05407168250609)	(124, 33.40220179564045)
HI_48hpi_2_R1	(1, 32.44423252048894)	(2, 32.51803219509145)	(3, 32.55865174159286)	(4, 32.61648511967084)	(5, 32.611147102314526)	(6, 36.135963412341006)	(7, 36.382386891228734)	(8, 36.431619715687994)	(9, 36.43974868330581)	(10, 36.447304191664365)	(12, 36.442852126056415)	(14, 36.43773615627248)	(16, 36.421960685562254)	(18, 36.41898786365101)	(20, 36.40346224555053)	(22, 36.40371830323922)	(24, 36.39193426920586)	(26, 36.3673028548233)	(28, 36.34827152420146)	(30, 36.30346433485559)	(32, 36.28087849049638)	(34, 36.259176717956116)	(36, 36.21965098379927)	(38, 36.15200826905428)	(40, 36.105127305733276)	(42, 36.067616909670036)	(44, 36.042860626669565)	(46, 36.03712042909356)	(48, 36.02305748044162)	(50, 36.0027845156107)	(52, 35.97805241368215)	(54, 35.97587468511943)	(56, 35.961874868626964)	(58, 35.97226780194218)	(60, 35.975243395534534)	(62, 35.971305666936104)	(64, 35.958052694385955)	(66, 35.92842857629553)	(68, 35.90375098225134)	(70, 35.89488317220723)	(72, 35.86596266299199)	(74, 18.592494174248777)	(76, 26.334028693387687)	(78, 34.28726763255344)	(80, 35.451785927828105)	(82, 35.54920307444848)	(84, 35.51918292442278)	(86, 35.468579617316216)	(88, 35.42090292351254)	(90, 35.3324520511258)	(92, 35.28966744127868)	(94, 35.3705883946604)	(96, 35.3875219327593)	(98, 35.33256962812397)	(100, 35.28164043812581)	(102, 35.22926253546618)	(104, 35.14086049795732)	(106, 35.07407401793223)	(108, 35.00322774604083)	(110, 34.9039758688214)	(112, 34.76976841683168)	(114, 34.66715745318804)	(116, 34.52736584836849)	(118, 34.40407800671746)	(120, 34.20834744272409)	(122, 33.87990845503212)	(124, 33.16346705523562)
HI_48hpi_2_R2	(1, 32.40708208439756)	(2, 32.4902270006392)	(3, 32.50040961375661)	(4, 32.51666519263314)	(5, 32.524722055662544)	(6, 36.228947698724724)	(7, 36.26206986039201)	(8, 36.24505537679517)	(9, 36.24382559298169)	(10, 36.23729227320004)	(12, 36.224433660872485)	(14, 36.2204689688714)	(16, 36.21005755328552)	(18, 36.197068437936565)	(20, 36.191679798132284)	(22, 36.18042586635077)	(24, 36.17812197551491)	(26, 36.16641809696355)	(28, 36.16444755239482)	(30, 36.15896296950258)	(32, 36.15434431130615)	(34, 36.13562489664745)	(36, 36.128800538037936)	(38, 36.11812925945114)	(40, 36.09954679124215)	(42, 36.09666870518309)	(44, 36.089693873057115)	(46, 36.08105133374933)	(48, 36.06680909747391)	(50, 36.04821146713952)	(52, 36.04161402441973)	(54, 36.02667622799282)	(56, 36.00770324340089)	(58, 35.987010294840566)	(60, 35.971234999966555)	(62, 35.9463228057046)	(64, 35.93299069953422)	(66, 35.91476361224764)	(68, 35.895886578461)	(70, 35.8678942478691)	(72, 35.84354073235663)	(74, 35.8373180263067)	(76, 35.80514078588784)	(78, 35.77841596813441)	(80, 35.750382046470605)	(82, 35.72815254757963)	(84, 35.678307002988824)	(86, 35.66387138623776)	(88, 35.62651029398619)	(90, 35.57170826164677)	(92, 35.51716213998331)	(94, 35.46981299883885)	(96, 35.43530763794038)	(98, 35.39933208426122)	(100, 35.33092714351534)	(102, 35.26650203312447)	(104, 35.182324547026354)	(106, 35.11942182142802)	(108, 35.06344137194387)	(110, 34.96491540318729)	(112, 34.880278995447924)	(114, 34.77033361580979)	(116, 34.64940130644153)	(118, 34.49443252258144)	(120, 34.30847643283248)	(122, 34.025497450671494)	(124, 33.35665306586408)
HI_48hpi_3_R1	(1, 32.40244307928368)	(2, 32.49190096174234)	(3, 32.504102123203)	(4, 32.49020762338554)	(5, 32.5135288976169)	(6, 36.03307837425842)	(7, 36.28073207714701)	(8, 36.35744053470728)	(9, 36.3874041883224)	(10, 36.38787185952123)	(12, 36.31915766719999)	(14, 36.358250839473996)	(16, 36.29940610388772)	(18, 36.33851652594676)	(20, 36.25553735193857)	(22, 36.28717330228082)	(24, 36.29976524130398)	(26, 36.282213507333836)	(28, 36.2121857516527)	(30, 36.15427256661945)	(32, 36.13400798312789)	(34, 36.108467163292346)	(36, 36.04656147583785)	(38, 35.97994517919702)	(40, 36.00540410139601)	(42, 35.98650326238827)	(44, 35.988295888287844)	(46, 35.94124010641467)	(48, 35.96390156366168)	(50, 35.95238191630189)	(52, 35.92351915165392)	(54, 35.913581534022086)	(56, 35.891286854878096)	(58, 35.87683275303611)	(60, 35.893343708983785)	(62, 35.84795881092971)	(64, 35.81275308560186)	(66, 35.82888808277791)	(68, 35.8207190978633)	(70, 35.801561020620994)	(72, 35.578560956590806)	(74, 24.537031096115555)	(76, 32.90365409461322)	(78, 35.40915940164852)	(80, 35.55259453493252)	(82, 35.49507812066335)	(84, 35.42516106135671)	(86, 35.36791854648596)	(88, 35.2820050269363)	(90, 35.17251761621516)	(92, 35.209197043209976)	(94, 35.19173253056813)	(96, 35.20562934458114)	(98, 35.23443934095316)	(100, 35.10998175845374)	(102, 35.14852437253126)	(104, 35.032234729913284)	(106, 34.86224875273898)	(108, 34.77154687202788)	(110, 34.67610884653599)	(112, 34.5134912848126)	(114, 34.39553124409302)	(116, 34.29542993657998)	(118, 34.14339562527778)	(120, 34.03031592005911)	(122, 33.82252294574437)	(124, 33.175909512248424)
HI_48hpi_3_R2	(1, 32.30510474908649)	(2, 32.383118036331716)	(3, 32.39835000056256)	(4, 32.40253787539961)	(5, 32.41324660410786)	(6, 36.05703922700574)	(7, 36.09719983462585)	(8, 36.09730351982019)	(9, 36.075333696314395)	(10, 36.07334571298085)	(12, 36.05184418228777)	(14, 36.055822293522716)	(16, 36.04441452893137)	(18, 36.00334279077403)	(20, 35.97674455467799)	(22, 35.920009483341275)	(24, 35.88510005217205)	(26, 35.85475217902082)	(28, 35.87545033594189)	(30, 35.90786234012636)	(32, 35.953841398806745)	(34, 36.04006701292495)	(36, 36.04065628241773)	(38, 36.03125730115569)	(40, 36.00411264407998)	(42, 36.009609606296976)	(44, 35.98327721394148)	(46, 35.97858310420167)	(48, 35.96082269351355)	(50, 35.95649474675149)	(52, 35.94373126737045)	(54, 35.90518368414961)	(56, 35.87397897881996)	(58, 35.84709647460606)	(60, 35.83490062149717)	(62, 35.84503558244224)	(64, 35.79819207995315)	(66, 35.74954438213862)	(68, 35.74193798923986)	(70, 35.71890739515976)	(72, 35.69340706860244)	(74, 35.694034064113595)	(76, 35.65565104792155)	(78, 35.61522359854604)	(80, 35.566277161248536)	(82, 35.540320760081386)	(84, 35.5048568121529)	(86, 35.4693953747133)	(88, 35.42468580272873)	(90, 35.364039452917105)	(92, 35.320792586521236)	(94, 35.24795405964318)	(96, 35.204347556829006)	(98, 35.12063543407254)	(100, 35.01871637193105)	(102, 34.96876284444879)	(104, 34.90583632704304)	(106, 34.841977365203235)	(108, 34.743032146455306)	(110, 34.643854229570934)	(112, 34.52119810975884)	(114, 34.36448037599365)	(116, 34.23753544754733)	(118, 34.02231764263598)	(120, 33.77977387146116)	(122, 33.41484009445283)	(124, 32.64096348831437)
HI_6hpi_1_R1	(1, 32.28940182602438)	(2, 32.42075767133319)	(3, 32.42059841888924)	(4, 32.42781628103709)	(5, 32.454288455041535)	(6, 36.06131588220288)	(7, 36.27865005957026)	(8, 36.37405580819678)	(9, 36.32348173184631)	(10, 36.35157109742746)	(12, 36.409610468990834)	(14, 36.38891333467938)	(16, 36.33810632672812)	(18, 36.365097418786235)	(20, 36.346926761804866)	(22, 36.326176396865996)	(24, 36.33533057069209)	(26, 36.322205134256606)	(28, 36.3129804745254)	(30, 36.296630205395815)	(32, 36.26790988925356)	(34, 36.27966371705632)	(36, 36.27647080791552)	(38, 36.22629491029939)	(40, 36.21041971703949)	(42, 36.203286553141965)	(44, 36.19823039695773)	(46, 36.18228810378263)	(48, 36.161492310836515)	(50, 36.0890429380934)	(52, 36.13336347352637)	(54, 36.11774012263774)	(56, 36.101914356625485)	(58, 36.075240428429396)	(60, 36.04900135813973)	(62, 36.06082189104539)	(64, 36.05338416520046)	(66, 36.01835306425964)	(68, 35.996601182594574)	(70, 35.982467318289466)	(72, 35.98108040145188)	(74, 35.98537271348514)	(76, 35.98003076591519)	(78, 35.95819883683972)	(80, 35.925618959206204)	(82, 35.89394578874253)	(84, 35.86475539580391)	(86, 35.8499393933357)	(88, 35.81232451432304)	(90, 35.76166222363379)	(92, 35.73659400248086)	(94, 35.693410213427136)	(96, 35.695399601811005)	(98, 35.633656658380154)	(100, 35.5590783851292)	(102, 35.51973345629565)	(104, 35.45337737890863)	(106, 35.34490629769583)	(108, 35.22671951671798)	(110, 35.144785954941085)	(112, 35.099003044471104)	(114, 35.02054744940457)	(116, 34.874946614008024)	(118, 34.751525651857804)	(120, 34.63464951603032)	(122, 34.471641162374766)	(124, 33.87446624517933)
HI_6hpi_1_R2	(1, 32.14660857331255)	(2, 32.25803548106953)	(3, 32.24738414091744)	(4, 32.26364242096057)	(5, 32.292080817744306)	(6, 35.90386583842896)	(7, 35.928505671859575)	(8, 35.96402371279437)	(9, 35.877733203759576)	(10, 35.91645867563136)	(12, 35.92734950966302)	(14, 35.992510125537564)	(16, 36.03629646195911)	(18, 36.06170074227576)	(20, 36.03824581030725)	(22, 36.060761867676106)	(24, 36.104195335133824)	(26, 36.130555071522394)	(28, 36.105957482761426)	(30, 14.190697272588038)	(32, 31.464499921130987)	(34, 35.56154488177626)	(36, 35.83915179229471)	(38, 35.87439394517528)	(40, 35.829732278829255)	(42, 35.79314759851943)	(44, 35.77156410693863)	(46, 35.705113924693464)	(48, 35.81159826719691)	(50, 35.86255144827709)	(52, 35.87064387423838)	(54, 35.93950760260961)	(56, 35.95074531171363)	(58, 35.88929101277557)	(60, 35.840073780163095)	(62, 35.79974249445097)	(64, 35.79025321451411)	(66, 35.79931618464104)	(68, 35.854884287679766)	(70, 35.83398725182185)	(72, 35.845399661454465)	(74, 35.80922135750409)	(76, 35.80081548693359)	(78, 35.817058451668615)	(80, 35.76947996505852)	(82, 35.748632765190784)	(84, 35.72777917782553)	(86, 35.735784545152654)	(88, 35.676637934442994)	(90, 35.593998602611556)	(92, 35.55619311527175)	(94, 35.56733565801638)	(96, 35.61167781878806)	(98, 35.56334115489925)	(100, 35.52141533429559)	(102, 35.48076083362381)	(104, 35.44689849272679)	(106, 35.39427210499879)	(108, 35.32653804080246)	(110, 35.247121868055544)	(112, 35.190750169977385)	(114, 35.059637931372656)	(116, 35.01922153452401)	(118, 34.89686291431086)	(120, 34.73525591354512)	(122, 34.51252576639921)	(124, 33.95569694127711)
HI_6hpi_2_R1	(1, 32.31853821318085)	(2, 32.44974005437673)	(3, 32.44585524213888)	(4, 32.45400588045633)	(5, 32.47815194465061)	(6, 36.09559117447181)	(7, 36.30171165117088)	(8, 36.3916855318464)	(9, 36.33955476544959)	(10, 36.36619371820094)	(12, 36.42528107568464)	(14, 36.40576897766953)	(16, 36.3544193813852)	(18, 36.38293618807088)	(20, 36.36458752774735)	(22, 36.34536907948524)	(24, 36.353297592237155)	(26, 36.33880438834986)	(28, 36.33153442408076)	(30, 36.316188036630166)	(32, 36.28795002914914)	(34, 36.30013515362778)	(36, 36.296344183459425)	(38, 36.246471630709124)	(40, 36.23076036899481)	(42, 36.22397009933226)	(44, 36.21722243628422)	(46, 36.2034043597232)	(48, 36.18389416674596)	(50, 36.110430983617114)	(52, 36.15546014096623)	(54, 36.14187291505741)	(56, 36.12737965356068)	(58, 36.10067928794264)	(60, 36.07614888543706)	(62, 36.087167171412894)	(64, 36.07913249816723)	(66, 36.04813802450336)	(68, 36.02617729539553)	(70, 36.01307229776256)	(72, 36.010116495001014)	(74, 36.01467450577887)	(76, 36.00852986452688)	(78, 35.988389060380584)	(80, 35.955025904305714)	(82, 35.92683916437768)	(84, 35.89833120154525)	(86, 35.88470584691255)	(88, 35.848472253119326)	(90, 35.79975929598824)	(92, 35.774361850953554)	(94, 35.732558799068705)	(96, 35.73393073349524)	(98, 35.674977328477624)	(100, 35.6015028051347)	(102, 35.56439848328401)	(104, 35.49944376447861)	(106, 35.39480942972168)	(108, 35.27716121490877)	(110, 35.199143687694416)	(112, 35.15342977578157)	(114, 35.07851670500975)	(116, 34.93392092368843)	(118, 34.81312499919457)	(120, 34.6984459482363)	(122, 34.53929339524983)	(124, 33.95665976185665)
HI_6hpi_2_R2	(1, 32.17835135616465)	(2, 32.28908657710864)	(3, 32.27673708063403)	(4, 32.29335197508279)	(5, 32.31935289783349)	(6, 35.94699008850285)	(7, 35.97208807572231)	(8, 36.00328106125137)	(9, 35.92007265316267)	(10, 35.95987214814503)	(12, 35.967696233748505)	(14, 36.03051495824871)	(16, 36.07388115254791)	(18, 36.099960632646884)	(20, 36.07786464308972)	(22, 36.10054380399327)	(24, 36.14268720683951)	(26, 36.168478663714126)	(28, 36.14400696417467)	(30, 14.200310474296794)	(32, 31.527518928301383)	(34, 35.61358946951839)	(36, 35.88608914495017)	(38, 35.92053938252664)	(40, 35.878779054596265)	(42, 35.842257328415755)	(44, 35.8228943497719)	(46, 35.760100041805075)	(48, 35.85872217798088)	(50, 35.90492267459995)	(52, 35.91162218564975)	(54, 35.98165626904455)	(56, 35.994085551958335)	(58, 35.93489229193604)	(60, 35.885563488239846)	(62, 35.84607628475308)	(64, 35.834447183940696)	(66, 35.84914326649182)	(68, 35.905264471543546)	(70, 35.883230240668084)	(72, 35.89407215702674)	(74, 35.85808885691958)	(76, 35.852823198610665)	(78, 35.868824866102216)	(80, 35.82410896014792)	(82, 35.805036457433914)	(84, 35.781746891295946)	(86, 35.79005902481667)	(88, 35.73610673273535)	(90, 35.656178838185895)	(92, 35.619867724617166)	(94, 35.63023943256503)	(96, 35.67340070832741)	(98, 35.62585583960764)	(100, 35.587706966517985)	(102, 35.549271451965)	(104, 35.516315826307924)	(106, 35.4663626711247)	(108, 35.400526681864434)	(110, 35.3258507799202)	(112, 35.27428703856405)	(114, 35.14594535788041)	(116, 35.10819355630156)	(118, 34.99018578551528)	(120, 34.83910047701071)	(122, 34.62825447643138)	(124, 34.09562826846407)
HI_6hpi_3_R1	(1, 32.42883060266259)	(2, 32.51972241184121)	(3, 32.47509757098017)	(4, 32.5323122251034)	(5, 32.532671002541505)	(6, 36.10980158031985)	(7, 36.27989236531632)	(8, 36.3229575663083)	(9, 36.37055384823838)	(10, 36.43659365764849)	(12, 36.40452453856872)	(14, 36.44408891842435)	(16, 36.43586884154098)	(18, 36.42646471197709)	(20, 36.412030001374546)	(22, 36.40590090495999)	(24, 36.3979739276777)	(26, 36.37706379623417)	(28, 36.35688614149714)	(30, 36.1125754069793)	(32, 36.2725609506847)	(34, 36.27655978797298)	(36, 36.245256090252894)	(38, 36.18860879971347)	(40, 36.15155986235686)	(42, 36.12211429161667)	(44, 36.04342215359927)	(46, 36.087446825149215)	(48, 36.08761201223716)	(50, 36.074719004216306)	(52, 36.064078716029265)	(54, 36.0545627169857)	(56, 36.039408925138204)	(58, 36.02363520119772)	(60, 36.03281471519888)	(62, 36.0170190817595)	(64, 36.00426997942272)	(66, 35.98744673874478)	(68, 35.977863387089805)	(70, 35.958555745047065)	(72, 35.784366887784905)	(74, 24.72111471275383)	(76, 33.08331435505772)	(78, 35.58821196405178)	(80, 35.72731232295523)	(82, 35.689848120450655)	(84, 35.642620357299165)	(86, 35.57420388926538)	(88, 35.521485896214635)	(90, 35.44281488181355)	(92, 35.18316109171616)	(94, 35.37220234438462)	(96, 35.44757264260509)	(98, 35.425402608599356)	(100, 35.3650900838563)	(102, 35.318751438933646)	(104, 35.255443649259135)	(106, 35.19567901540778)	(108, 35.11504265043044)	(110, 35.00786077297427)	(112, 34.93474560240096)	(114, 34.808279327868036)	(116, 34.682383568333975)	(118, 34.51075916409073)	(120, 34.33963030682734)	(122, 34.055168145376854)	(124, 33.41164758357287)
HI_6hpi_3_R2	(1, 32.423743819693755)	(2, 32.51351478521023)	(3, 32.49109979988773)	(4, 32.50467336476527)	(5, 32.53181860660021)	(6, 36.21053932868029)	(7, 36.26633535604613)	(8, 36.223129287167104)	(9, 36.17527232703366)	(10, 36.22470348580491)	(12, 36.2305951762624)	(14, 36.24118789677637)	(16, 36.22420558317526)	(18, 36.21640985264856)	(20, 36.20779225965815)	(22, 36.13719032754616)	(24, 36.192300567922686)	(26, 36.192322750984275)	(28, 36.179744955059874)	(30, 36.17265755764565)	(32, 36.158734837890364)	(34, 36.15485981062514)	(36, 36.15360665948547)	(38, 36.13327779579733)	(40, 36.12251706094314)	(42, 36.1229231954111)	(44, 36.10442034851209)	(46, 36.08820553655664)	(48, 36.078226677573184)	(50, 36.062884016243686)	(52, 36.046537957201934)	(54, 36.030191928674554)	(56, 36.00990362346586)	(58, 35.99457288530668)	(60, 35.97470591352189)	(62, 35.96127284069138)	(64, 35.93728818147231)	(66, 35.907765508388536)	(68, 35.89819501188241)	(70, 35.87796408210566)	(72, 35.860453449528144)	(74, 35.83106793875237)	(76, 35.809163077115045)	(78, 35.776267650799184)	(80, 35.735307595434875)	(82, 35.71565720379749)	(84, 35.68033665726399)	(86, 35.63997523409431)	(88, 35.61567826160942)	(90, 35.55746550694307)	(92, 35.49966096041885)	(94, 35.45736056576193)	(96, 35.42919869977017)	(98, 35.37796207439106)	(100, 35.30715291523046)	(102, 35.23497811838784)	(104, 35.17542820159393)	(106, 35.09702284764859)	(108, 35.048319278679074)	(110, 34.92901901429332)	(112, 34.821869900446416)	(114, 34.621808820912086)	(116, 34.57055846475831)	(118, 34.42948328714803)	(120, 34.22026355581879)	(122, 33.9170950033275)	(124, 33.24185290137183)
