Sample	0	1	2	3	4	5	6	7	8	9	10	11	12	13	14	15	16	17	18	19	20	21	22	23	24	25	26	27	28	29	30	31	32	33	34	35	36	37	38	39	40	41	42	43	44	45	46	47	48	49	50	51	52	53	54	55	56	57	58	59	60	61	62	63	64	65	66	67	68	69	70	71	72	73	74	75	76	77	78	79	80	81	82	83	84	85	86	87	88	89	90	91	92	93	94	95	96	97	98	99	100
GC_24hpi_1_R1	(0.0, 40.0)	(1.0, 32.0)	(2.0, 22.0)	(3.0, 19.0)	(4.0, 25.0)	(5.0, 29.0)	(6.0, 30.0)	(7.0, 41.5)	(8.0, 52.5)	(9.0, 69.5)	(10.0, 93.0)	(11.0, 123.0)	(12.0, 174.5)	(13.0, 249.0)	(14.0, 428.0)	(15.0, 578.5)	(16.0, 744.5)	(17.0, 1064.5)	(18.0, 1533.0)	(19.0, 2164.5)	(20.0, 3028.0)	(21.0, 4452.5)	(22.0, 6481.5)	(23.0, 9013.0)	(24.0, 13011.0)	(25.0, 18316.5)	(26.0, 24949.5)	(27.0, 33959.0)	(28.0, 44626.5)	(29.0, 57304.5)	(30.0, 72225.0)	(31.0, 91192.5)	(32.0, 115877.0)	(33.0, 142934.0)	(34.0, 175884.0)	(35.0, 218345.0)	(36.0, 271144.0)	(37.0, 337066.5)	(38.0, 416344.5)	(39.0, 504508.0)	(40.0, 595352.5)	(41.0, 683299.0)	(42.0, 763901.0)	(43.0, 828227.5)	(44.0, 866116.5)	(45.0, 868674.5)	(46.0, 841922.5)	(47.0, 802277.0)	(48.0, 755766.5)	(49.0, 710633.0)	(50.0, 649657.0)	(51.0, 561396.5)	(52.0, 468871.0)	(53.0, 391430.5)	(54.0, 333592.5)	(55.0, 295143.0)	(56.0, 261868.5)	(57.0, 219767.0)	(58.0, 180452.0)	(59.0, 150601.5)	(60.0, 129845.0)	(61.0, 111883.0)	(62.0, 94315.5)	(63.0, 82387.0)	(64.0, 70740.0)	(65.0, 56653.0)	(66.0, 43852.0)	(67.0, 35242.0)	(68.0, 29292.0)	(69.0, 22780.5)	(70.0, 15599.0)	(71.0, 9254.5)	(72.0, 5350.0)	(73.0, 3916.0)	(74.0, 3401.0)	(75.0, 2654.0)	(76.0, 1903.0)	(77.0, 1513.5)	(78.0, 1214.0)	(79.0, 947.5)	(80.0, 687.0)	(81.0, 416.5)	(82.0, 233.0)	(83.0, 68.5)	(84.0, 2.5)	(85.0, 0.0)	(86.0, 0.0)	(87.0, 0.0)	(88.0, 0.0)	(89.0, 0.0)	(90.0, 0.0)	(91.0, 0.0)	(92.0, 0.0)	(93.0, 0.0)	(94.0, 0.0)	(95.0, 0.0)	(96.0, 0.0)	(97.0, 0.0)	(98.0, 0.0)	(99.0, 0.0)	(100.0, 0.0)
GC_24hpi_1_R2	(0.0, 112.0)	(1.0, 130.0)	(2.0, 117.0)	(3.0, 84.0)	(4.0, 82.0)	(5.0, 78.5)	(6.0, 74.5)	(7.0, 72.5)	(8.0, 71.5)	(9.0, 94.0)	(10.0, 121.5)	(11.0, 142.5)	(12.0, 178.0)	(13.0, 254.0)	(14.0, 454.5)	(15.0, 621.0)	(16.0, 775.5)	(17.0, 1134.0)	(18.0, 1600.0)	(19.0, 2128.0)	(20.0, 2939.5)	(21.0, 4345.5)	(22.0, 6259.0)	(23.0, 8737.0)	(24.0, 12791.5)	(25.0, 17868.5)	(26.0, 24238.5)	(27.0, 33142.0)	(28.0, 43381.0)	(29.0, 56131.5)	(30.0, 70657.5)	(31.0, 88542.0)	(32.0, 112977.5)	(33.0, 139512.0)	(34.0, 170639.5)	(35.0, 210626.5)	(36.0, 260872.0)	(37.0, 323832.5)	(38.0, 399515.0)	(39.0, 485001.0)	(40.0, 575282.5)	(41.0, 663010.5)	(42.0, 743297.5)	(43.0, 806930.0)	(44.0, 853791.0)	(45.0, 867419.5)	(46.0, 841998.5)	(47.0, 806103.0)	(48.0, 760187.0)	(49.0, 715823.0)	(50.0, 666353.0)	(51.0, 584797.5)	(52.0, 487451.5)	(53.0, 404418.5)	(54.0, 342391.5)	(55.0, 302382.0)	(56.0, 272573.0)	(57.0, 231260.0)	(58.0, 189074.5)	(59.0, 156670.5)	(60.0, 135307.0)	(61.0, 117881.0)	(62.0, 98213.0)	(63.0, 85309.5)	(64.0, 74724.5)	(65.0, 60844.5)	(66.0, 47356.0)	(67.0, 37390.5)	(68.0, 31351.0)	(69.0, 25379.0)	(70.0, 18191.0)	(71.0, 11234.5)	(72.0, 6430.5)	(73.0, 4266.0)	(74.0, 3865.0)	(75.0, 3348.5)	(76.0, 2149.0)	(77.0, 1715.5)	(78.0, 1375.0)	(79.0, 1065.5)	(80.0, 957.5)	(81.0, 602.0)	(82.0, 327.5)	(83.0, 123.0)	(84.0, 2.5)	(85.0, 0.5)	(86.0, 1.0)	(87.0, 1.0)	(88.0, 0.5)	(89.0, 0.5)	(90.0, 1.0)	(91.0, 0.5)	(92.0, 0.0)	(93.0, 0.0)	(94.0, 0.0)	(95.0, 1.5)	(96.0, 1.5)	(97.0, 0.5)	(98.0, 1.0)	(99.0, 1.5)	(100.0, 2.5)
GC_24hpi_2_R1	(0.0, 53.0)	(1.0, 49.5)	(2.0, 40.5)	(3.0, 39.0)	(4.0, 39.0)	(5.0, 40.0)	(6.0, 51.5)	(7.0, 63.5)	(8.0, 75.5)	(9.0, 89.5)	(10.0, 126.5)	(11.0, 168.0)	(12.0, 196.0)	(13.0, 281.0)	(14.0, 515.0)	(15.0, 742.0)	(16.0, 925.0)	(17.0, 1268.0)	(18.0, 1859.5)	(19.0, 2631.5)	(20.0, 3672.0)	(21.0, 5337.5)	(22.0, 7701.5)	(23.0, 10760.5)	(24.0, 15526.0)	(25.0, 21707.5)	(26.0, 29565.5)	(27.0, 39914.0)	(28.0, 52460.5)	(29.0, 67215.5)	(30.0, 83213.0)	(31.0, 103374.0)	(32.0, 130185.5)	(33.0, 158465.0)	(34.0, 190815.5)	(35.0, 233612.0)	(36.0, 287787.5)	(37.0, 353587.5)	(38.0, 431021.5)	(39.0, 518723.0)	(40.0, 611292.0)	(41.0, 701580.0)	(42.0, 783891.0)	(43.0, 850009.0)	(44.0, 893727.0)	(45.0, 902823.0)	(46.0, 877744.5)	(47.0, 839368.5)	(48.0, 794475.5)	(49.0, 754114.0)	(50.0, 694638.5)	(51.0, 598195.5)	(52.0, 498739.0)	(53.0, 418760.5)	(54.0, 361914.5)	(55.0, 327538.0)	(56.0, 294501.0)	(57.0, 242208.0)	(58.0, 190338.0)	(59.0, 154048.5)	(60.0, 130402.5)	(61.0, 112276.5)	(62.0, 95328.5)	(63.0, 82830.5)	(64.0, 70529.5)	(65.0, 56507.5)	(66.0, 44127.0)	(67.0, 35064.5)	(68.0, 28936.5)	(69.0, 22279.5)	(70.0, 15263.5)	(71.0, 9203.0)	(72.0, 5315.5)	(73.0, 3958.0)	(74.0, 3522.0)	(75.0, 2700.5)	(76.0, 1796.5)	(77.0, 1423.0)	(78.0, 1139.5)	(79.0, 903.5)	(80.0, 686.0)	(81.0, 412.5)	(82.0, 224.5)	(83.0, 66.5)	(84.0, 3.5)	(85.0, 1.5)	(86.0, 1.0)	(87.0, 0.0)	(88.0, 0.0)	(89.0, 0.0)	(90.0, 0.0)	(91.0, 0.0)	(92.0, 0.0)	(93.0, 0.0)	(94.0, 0.0)	(95.0, 0.0)	(96.0, 0.0)	(97.0, 0.0)	(98.0, 0.0)	(99.0, 0.0)	(100.0, 0.0)
GC_24hpi_2_R2	(0.0, 167.0)	(1.0, 189.0)	(2.0, 179.0)	(3.0, 129.0)	(4.0, 103.5)	(5.0, 99.0)	(6.0, 96.0)	(7.0, 100.5)	(8.0, 114.5)	(9.0, 112.5)	(10.0, 139.5)	(11.0, 189.0)	(12.0, 246.5)	(13.0, 344.0)	(14.0, 542.5)	(15.0, 729.5)	(16.0, 908.5)	(17.0, 1313.0)	(18.0, 1885.5)	(19.0, 2512.5)	(20.0, 3532.5)	(21.0, 5265.0)	(22.0, 7701.0)	(23.0, 10622.5)	(24.0, 15353.5)	(25.0, 21405.0)	(26.0, 28829.5)	(27.0, 39133.0)	(28.0, 51259.0)	(29.0, 65847.0)	(30.0, 82030.0)	(31.0, 101437.5)	(32.0, 127739.0)	(33.0, 155517.5)	(34.0, 186726.5)	(35.0, 227534.5)	(36.0, 279258.0)	(37.0, 343243.0)	(38.0, 418603.5)	(39.0, 503392.0)	(40.0, 593895.5)	(41.0, 682685.5)	(42.0, 766423.0)	(43.0, 831881.5)	(44.0, 880025.5)	(45.0, 897923.0)	(46.0, 872862.0)	(47.0, 836734.0)	(48.0, 792195.5)	(49.0, 753005.0)	(50.0, 708593.0)	(51.0, 621594.0)	(52.0, 513731.5)	(53.0, 426685.0)	(54.0, 368778.0)	(55.0, 334680.0)	(56.0, 307124.5)	(57.0, 257530.0)	(58.0, 202474.5)	(59.0, 161898.5)	(60.0, 136316.5)	(61.0, 118285.5)	(62.0, 99051.5)	(63.0, 85876.5)	(64.0, 74888.0)	(65.0, 61299.5)	(66.0, 48033.0)	(67.0, 37731.5)	(68.0, 31276.0)	(69.0, 25083.0)	(70.0, 18476.0)	(71.0, 11298.5)	(72.0, 6191.5)	(73.0, 4145.5)	(74.0, 3987.5)	(75.0, 3504.0)	(76.0, 2081.5)	(77.0, 1627.0)	(78.0, 1330.5)	(79.0, 998.5)	(80.0, 908.0)	(81.0, 592.5)	(82.0, 338.5)	(83.0, 142.5)	(84.0, 4.5)	(85.0, 1.5)	(86.0, 0.0)	(87.0, 1.5)	(88.0, 2.0)	(89.0, 0.5)	(90.0, 0.0)	(91.0, 0.5)	(92.0, 0.5)	(93.0, 0.0)	(94.0, 0.0)	(95.0, 1.0)	(96.0, 1.5)	(97.0, 1.5)	(98.0, 1.0)	(99.0, 1.0)	(100.0, 4.5)
GC_24hpi_3_R1	(0.0, 48.0)	(1.0, 49.0)	(2.0, 40.0)	(3.0, 29.0)	(4.0, 38.0)	(5.0, 41.0)	(6.0, 43.0)	(7.0, 52.5)	(8.0, 57.0)	(9.0, 84.5)	(10.0, 117.0)	(11.0, 143.0)	(12.0, 180.0)	(13.0, 245.5)	(14.0, 480.0)	(15.0, 659.0)	(16.0, 755.0)	(17.0, 1110.0)	(18.0, 1593.5)	(19.0, 2126.0)	(20.0, 3078.5)	(21.0, 4636.0)	(22.0, 6644.0)	(23.0, 9379.0)	(24.0, 13667.0)	(25.0, 18870.5)	(26.0, 25709.0)	(27.0, 34726.0)	(28.0, 45430.5)	(29.0, 58141.0)	(30.0, 71403.5)	(31.0, 88341.0)	(32.0, 111317.5)	(33.0, 136359.0)	(34.0, 165771.0)	(35.0, 202891.0)	(36.0, 251035.5)	(37.0, 310253.5)	(38.0, 379160.0)	(39.0, 456170.0)	(40.0, 536307.5)	(41.0, 613267.5)	(42.0, 683987.5)	(43.0, 742431.5)	(44.0, 778788.0)	(45.0, 784073.0)	(46.0, 762450.5)	(47.0, 729181.0)	(48.0, 687674.0)	(49.0, 646968.5)	(50.0, 593951.0)	(51.0, 515055.5)	(52.0, 431226.0)	(53.0, 363826.0)	(54.0, 318451.5)	(55.0, 290078.5)	(56.0, 259350.5)	(57.0, 211983.5)	(58.0, 166000.5)	(59.0, 134734.5)	(60.0, 114896.5)	(61.0, 99325.0)	(62.0, 84854.5)	(63.0, 74401.0)	(64.0, 64044.0)	(65.0, 51954.5)	(66.0, 39750.5)	(67.0, 30507.5)	(68.0, 25300.0)	(69.0, 19826.5)	(70.0, 13718.0)	(71.0, 8265.5)	(72.0, 4819.0)	(73.0, 3762.5)	(74.0, 3462.0)	(75.0, 2776.5)	(76.0, 1986.5)	(77.0, 1585.5)	(78.0, 1265.5)	(79.0, 1013.5)	(80.0, 784.0)	(81.0, 444.5)	(82.0, 222.5)	(83.0, 69.5)	(84.0, 4.0)	(85.0, 0.0)	(86.0, 0.0)	(87.0, 0.0)	(88.0, 0.0)	(89.0, 1.0)	(90.0, 1.0)	(91.0, 0.0)	(92.0, 0.0)	(93.0, 0.0)	(94.0, 0.0)	(95.0, 0.0)	(96.0, 0.0)	(97.0, 0.0)	(98.0, 0.0)	(99.0, 0.0)	(100.0, 0.0)
GC_24hpi_3_R2	(0.0, 148.0)	(1.0, 153.0)	(2.0, 143.5)	(3.0, 122.0)	(4.0, 106.0)	(5.0, 91.0)	(6.0, 84.0)	(7.0, 84.5)	(8.0, 89.5)	(9.0, 100.5)	(10.0, 124.5)	(11.0, 153.0)	(12.0, 187.5)	(13.0, 263.5)	(14.0, 466.5)	(15.0, 646.5)	(16.0, 787.0)	(17.0, 1133.5)	(18.0, 1625.0)	(19.0, 2174.0)	(20.0, 3044.5)	(21.0, 4544.5)	(22.0, 6419.0)	(23.0, 8961.0)	(24.0, 13162.5)	(25.0, 18489.0)	(26.0, 24943.5)	(27.0, 33521.0)	(28.0, 43819.0)	(29.0, 56443.5)	(30.0, 69469.5)	(31.0, 85474.5)	(32.0, 108438.5)	(33.0, 132424.5)	(34.0, 159950.0)	(35.0, 196205.5)	(36.0, 242096.0)	(37.0, 298573.5)	(38.0, 365935.5)	(39.0, 440802.0)	(40.0, 518643.5)	(41.0, 595644.0)	(42.0, 666517.5)	(43.0, 722901.5)	(44.0, 767013.0)	(45.0, 783259.5)	(46.0, 761144.5)	(47.0, 729941.0)	(48.0, 690718.0)	(49.0, 651239.0)	(50.0, 606990.5)	(51.0, 533403.0)	(52.0, 446296.0)	(53.0, 373948.0)	(54.0, 324471.5)	(55.0, 296157.0)	(56.0, 271550.0)	(57.0, 226361.5)	(58.0, 176770.5)	(59.0, 141020.5)	(60.0, 120279.5)	(61.0, 105144.0)	(62.0, 88068.0)	(63.0, 77168.5)	(64.0, 68265.0)	(65.0, 56421.0)	(66.0, 43752.0)	(67.0, 33406.5)	(68.0, 27222.0)	(69.0, 22009.0)	(70.0, 16365.0)	(71.0, 10180.0)	(72.0, 5695.5)	(73.0, 3902.5)	(74.0, 3860.0)	(75.0, 3498.5)	(76.0, 2262.0)	(77.0, 1819.0)	(78.0, 1414.5)	(79.0, 1103.5)	(80.0, 1077.0)	(81.0, 664.0)	(82.0, 344.5)	(83.0, 137.0)	(84.0, 3.5)	(85.0, 0.0)	(86.0, 0.0)	(87.0, 0.0)	(88.0, 0.0)	(89.0, 0.0)	(90.0, 0.0)	(91.0, 0.5)	(92.0, 0.5)	(93.0, 0.0)	(94.0, 2.0)	(95.0, 2.0)	(96.0, 0.0)	(97.0, 0.0)	(98.0, 1.0)	(99.0, 2.5)	(100.0, 3.5)
GC_48hpi_1_R1	(0.0, 45.0)	(1.0, 37.5)	(2.0, 34.0)	(3.0, 39.0)	(4.0, 40.0)	(5.0, 39.0)	(6.0, 45.5)	(7.0, 50.0)	(8.0, 64.0)	(9.0, 95.5)	(10.0, 107.5)	(11.0, 145.5)	(12.0, 220.5)	(13.0, 320.5)	(14.0, 546.0)	(15.0, 745.0)	(16.0, 934.5)	(17.0, 1361.5)	(18.0, 2067.0)	(19.0, 2905.0)	(20.0, 3992.0)	(21.0, 5695.5)	(22.0, 7980.5)	(23.0, 11184.5)	(24.0, 16068.0)	(25.0, 22203.5)	(26.0, 29703.0)	(27.0, 39415.5)	(28.0, 50650.5)	(29.0, 63343.0)	(30.0, 77919.5)	(31.0, 95871.5)	(32.0, 119015.0)	(33.0, 145247.5)	(34.0, 178028.0)	(35.0, 223322.5)	(36.0, 276186.5)	(37.0, 337756.5)	(38.0, 412842.0)	(39.0, 497671.5)	(40.0, 588453.0)	(41.0, 677548.5)	(42.0, 764957.5)	(43.0, 838747.5)	(44.0, 891993.5)	(45.0, 915366.0)	(46.0, 913069.0)	(47.0, 890826.5)	(48.0, 846823.0)	(49.0, 811761.0)	(50.0, 760223.5)	(51.0, 673892.5)	(52.0, 583608.0)	(53.0, 506260.5)	(54.0, 443851.0)	(55.0, 393763.5)	(56.0, 345568.0)	(57.0, 289094.0)	(58.0, 236728.0)	(59.0, 198873.0)	(60.0, 174314.0)	(61.0, 154206.5)	(62.0, 134151.5)	(63.0, 118406.5)	(64.0, 102000.0)	(65.0, 82462.5)	(66.0, 64058.0)	(67.0, 51063.5)	(68.0, 43431.5)	(69.0, 35844.5)	(70.0, 28660.0)	(71.0, 20910.5)	(72.0, 14024.0)	(73.0, 13016.0)	(74.0, 14124.5)	(75.0, 12896.5)	(76.0, 10578.5)	(77.0, 8866.0)	(78.0, 7532.0)	(79.0, 6787.0)	(80.0, 5363.5)	(81.0, 3051.0)	(82.0, 1545.0)	(83.0, 439.5)	(84.0, 11.0)	(85.0, 1.5)	(86.0, 0.0)	(87.0, 0.0)	(88.0, 0.0)	(89.0, 0.0)	(90.0, 0.0)	(91.0, 0.0)	(92.0, 0.0)	(93.0, 0.0)	(94.0, 0.0)	(95.0, 0.5)	(96.0, 0.5)	(97.0, 0.0)	(98.0, 0.0)	(99.0, 0.0)	(100.0, 0.0)
GC_48hpi_1_R2	(0.0, 142.0)	(1.0, 148.5)	(2.0, 136.5)	(3.0, 105.5)	(4.0, 99.0)	(5.0, 93.0)	(6.0, 76.5)	(7.0, 73.5)	(8.0, 84.5)	(9.0, 97.5)	(10.0, 123.0)	(11.0, 158.5)	(12.0, 215.5)	(13.0, 319.5)	(14.0, 547.0)	(15.0, 776.5)	(16.0, 987.0)	(17.0, 1379.0)	(18.0, 2015.0)	(19.0, 2855.5)	(20.0, 3922.0)	(21.0, 5666.5)	(22.0, 8017.5)	(23.0, 10890.5)	(24.0, 15615.0)	(25.0, 21762.5)	(26.0, 28917.0)	(27.0, 38263.0)	(28.0, 49459.0)	(29.0, 62599.5)	(30.0, 76529.5)	(31.0, 93964.0)	(32.0, 117305.5)	(33.0, 142557.5)	(34.0, 172942.0)	(35.0, 216067.0)	(36.0, 268921.5)	(37.0, 328635.5)	(38.0, 401407.5)	(39.0, 485789.5)	(40.0, 573931.0)	(41.0, 661370.0)	(42.0, 748819.5)	(43.0, 821116.0)	(44.0, 879642.0)	(45.0, 910676.5)	(46.0, 906811.0)	(47.0, 887905.0)	(48.0, 844601.5)	(49.0, 807546.0)	(50.0, 765384.0)	(51.0, 689638.0)	(52.0, 598237.5)	(53.0, 512298.0)	(54.0, 449509.0)	(55.0, 402105.0)	(56.0, 356936.0)	(57.0, 301935.0)	(58.0, 246096.5)	(59.0, 204711.5)	(60.0, 179853.5)	(61.0, 161005.0)	(62.0, 137421.5)	(63.0, 120767.5)	(64.0, 107879.5)	(65.0, 89752.0)	(66.0, 69906.0)	(67.0, 54561.0)	(68.0, 45873.0)	(69.0, 38099.5)	(70.0, 31868.5)	(71.0, 24626.5)	(72.0, 16779.5)	(73.0, 12541.0)	(74.0, 15042.0)	(75.0, 15929.5)	(76.0, 11727.0)	(77.0, 10137.5)	(78.0, 8219.0)	(79.0, 7349.0)	(80.0, 7290.5)	(81.0, 4392.0)	(82.0, 2276.5)	(83.0, 848.5)	(84.0, 17.0)	(85.0, 1.0)	(86.0, 1.0)	(87.0, 1.0)	(88.0, 0.5)	(89.0, 0.5)	(90.0, 1.0)	(91.0, 0.5)	(92.0, 0.5)	(93.0, 1.5)	(94.0, 2.0)	(95.0, 2.0)	(96.0, 1.0)	(97.0, 1.5)	(98.0, 2.0)	(99.0, 3.0)	(100.0, 10.0)
GC_48hpi_2_R1	(0.0, 41.0)	(1.0, 35.5)	(2.0, 25.0)	(3.0, 22.5)	(4.0, 27.5)	(5.0, 31.0)	(6.0, 37.5)	(7.0, 48.0)	(8.0, 62.0)	(9.0, 77.0)	(10.0, 88.5)	(11.0, 123.5)	(12.0, 170.5)	(13.0, 245.5)	(14.0, 455.0)	(15.0, 681.5)	(16.0, 897.5)	(17.0, 1279.0)	(18.0, 1929.5)	(19.0, 2813.5)	(20.0, 3969.5)	(21.0, 5683.5)	(22.0, 7818.5)	(23.0, 10661.5)	(24.0, 15194.5)	(25.0, 21021.0)	(26.0, 28053.5)	(27.0, 37299.5)	(28.0, 48655.0)	(29.0, 61877.0)	(30.0, 76160.0)	(31.0, 93984.5)	(32.0, 116643.5)	(33.0, 141826.5)	(34.0, 174697.0)	(35.0, 221040.5)	(36.0, 272749.5)	(37.0, 331004.0)	(38.0, 404268.5)	(39.0, 487591.5)	(40.0, 574973.5)	(41.0, 662149.0)	(42.0, 746685.5)	(43.0, 820687.5)	(44.0, 875813.0)	(45.0, 894598.5)	(46.0, 888431.0)	(47.0, 862745.0)	(48.0, 813764.5)	(49.0, 776316.0)	(50.0, 727887.5)	(51.0, 649608.5)	(52.0, 565517.0)	(53.0, 490741.0)	(54.0, 432901.5)	(55.0, 383157.0)	(56.0, 332899.5)	(57.0, 277880.5)	(58.0, 227786.0)	(59.0, 192394.5)	(60.0, 167865.0)	(61.0, 146736.5)	(62.0, 128225.0)	(63.0, 115281.5)	(64.0, 99476.0)	(65.0, 79532.5)	(66.0, 62094.5)	(67.0, 50148.0)	(68.0, 42874.5)	(69.0, 36318.5)	(70.0, 29832.5)	(71.0, 21686.0)	(72.0, 15076.5)	(73.0, 15943.5)	(74.0, 18654.0)	(75.0, 17546.5)	(76.0, 14403.5)	(77.0, 11792.5)	(78.0, 9926.5)	(79.0, 8532.0)	(80.0, 6421.5)	(81.0, 3639.5)	(82.0, 1820.5)	(83.0, 482.0)	(84.0, 13.5)	(85.0, 4.0)	(86.0, 3.0)	(87.0, 2.0)	(88.0, 1.0)	(89.0, 0.5)	(90.0, 0.0)	(91.0, 0.0)	(92.0, 0.0)	(93.0, 0.0)	(94.0, 0.0)	(95.0, 0.0)	(96.0, 0.0)	(97.0, 0.0)	(98.0, 0.0)	(99.0, 0.0)	(100.0, 0.0)
GC_48hpi_2_R2	(0.0, 133.0)	(1.0, 130.5)	(2.0, 110.5)	(3.0, 85.0)	(4.0, 70.5)	(5.0, 63.5)	(6.0, 75.0)	(7.0, 73.5)	(8.0, 67.5)	(9.0, 87.0)	(10.0, 106.0)	(11.0, 143.5)	(12.0, 222.0)	(13.0, 297.5)	(14.0, 476.5)	(15.0, 667.5)	(16.0, 890.0)	(17.0, 1287.5)	(18.0, 1936.0)	(19.0, 2782.5)	(20.0, 3782.0)	(21.0, 5458.0)	(22.0, 7750.5)	(23.0, 10456.5)	(24.0, 14691.5)	(25.0, 20289.0)	(26.0, 27109.5)	(27.0, 36184.5)	(28.0, 47318.0)	(29.0, 60280.5)	(30.0, 74114.5)	(31.0, 91314.0)	(32.0, 113814.5)	(33.0, 138180.0)	(34.0, 168506.5)	(35.0, 212761.0)	(36.0, 263719.0)	(37.0, 319811.5)	(38.0, 390963.0)	(39.0, 474235.5)	(40.0, 558579.0)	(41.0, 644203.5)	(42.0, 731449.0)	(43.0, 801439.0)	(44.0, 862806.5)	(45.0, 889866.0)	(46.0, 880180.0)	(47.0, 862874.0)	(48.0, 816589.5)	(49.0, 774844.0)	(50.0, 730413.5)	(51.0, 663308.5)	(52.0, 583150.0)	(53.0, 499853.5)	(54.0, 440799.0)	(55.0, 393999.0)	(56.0, 346127.5)	(57.0, 291509.5)	(58.0, 236867.5)	(59.0, 197055.0)	(60.0, 173665.0)	(61.0, 154917.0)	(62.0, 131667.0)	(63.0, 117876.0)	(64.0, 106161.0)	(65.0, 86725.5)	(66.0, 67286.5)	(67.0, 53410.0)	(68.0, 45501.5)	(69.0, 38762.5)	(70.0, 33537.5)	(71.0, 25718.5)	(72.0, 17468.0)	(73.0, 14115.0)	(74.0, 18904.0)	(75.0, 21172.5)	(76.0, 15883.0)	(77.0, 13479.5)	(78.0, 11027.0)	(79.0, 9446.0)	(80.0, 8551.5)	(81.0, 5033.0)	(82.0, 2693.0)	(83.0, 915.0)	(84.0, 17.5)	(85.0, 5.0)	(86.0, 3.5)	(87.0, 2.5)	(88.0, 1.5)	(89.0, 1.0)	(90.0, 1.0)	(91.0, 0.0)	(92.0, 0.5)	(93.0, 1.5)	(94.0, 2.0)	(95.0, 2.0)	(96.0, 2.0)	(97.0, 2.0)	(98.0, 2.0)	(99.0, 1.0)	(100.0, 3.5)
GC_48hpi_3_R1	(0.0, 57.0)	(1.0, 40.5)	(2.0, 21.5)	(3.0, 21.0)	(4.0, 24.0)	(5.0, 25.0)	(6.0, 34.5)	(7.0, 46.5)	(8.0, 52.0)	(9.0, 69.0)	(10.0, 92.0)	(11.0, 120.5)	(12.0, 155.0)	(13.0, 229.5)	(14.0, 431.5)	(15.0, 589.5)	(16.0, 736.0)	(17.0, 1053.5)	(18.0, 1581.0)	(19.0, 2272.5)	(20.0, 3187.0)	(21.0, 4757.5)	(22.0, 6710.0)	(23.0, 9286.0)	(24.0, 13376.5)	(25.0, 18759.5)	(26.0, 25270.5)	(27.0, 33659.0)	(28.0, 44031.5)	(29.0, 55133.5)	(30.0, 67670.0)	(31.0, 84807.5)	(32.0, 105872.0)	(33.0, 129917.5)	(34.0, 158365.0)	(35.0, 198573.5)	(36.0, 245834.5)	(37.0, 298986.5)	(38.0, 363205.5)	(39.0, 436789.5)	(40.0, 512871.0)	(41.0, 585831.0)	(42.0, 656352.5)	(43.0, 717238.0)	(44.0, 764272.5)	(45.0, 782205.0)	(46.0, 768657.5)	(47.0, 742254.5)	(48.0, 711007.0)	(49.0, 681758.0)	(50.0, 632250.5)	(51.0, 551074.5)	(52.0, 474386.0)	(53.0, 414505.0)	(54.0, 364944.0)	(55.0, 325637.5)	(56.0, 282725.5)	(57.0, 229621.0)	(58.0, 187991.5)	(59.0, 159914.5)	(60.0, 137592.0)	(61.0, 120017.0)	(62.0, 105577.0)	(63.0, 91052.5)	(64.0, 76603.5)	(65.0, 61928.0)	(66.0, 48190.0)	(67.0, 39534.0)	(68.0, 32273.0)	(69.0, 28348.5)	(70.0, 21013.5)	(71.0, 14871.0)	(72.0, 12709.0)	(73.0, 11647.0)	(74.0, 12506.5)	(75.0, 11677.0)	(76.0, 10052.0)	(77.0, 7640.0)	(78.0, 6690.0)	(79.0, 6325.5)	(80.0, 4205.0)	(81.0, 2192.0)	(82.0, 905.0)	(83.0, 50.0)	(84.0, 9.0)	(85.0, 4.0)	(86.0, 1.5)	(87.0, 0.5)	(88.0, 0.0)	(89.0, 0.0)	(90.0, 0.0)	(91.0, 1.0)	(92.0, 1.5)	(93.0, 1.0)	(94.0, 0.5)	(95.0, 0.0)	(96.0, 0.0)	(97.0, 0.0)	(98.0, 0.0)	(99.0, 0.0)	(100.0, 0.0)
GC_48hpi_3_R2	(0.0, 145.0)	(1.0, 125.5)	(2.0, 93.0)	(3.0, 74.5)	(4.0, 62.5)	(5.0, 59.0)	(6.0, 57.0)	(7.0, 62.0)	(8.0, 78.5)	(9.0, 92.5)	(10.0, 95.5)	(11.0, 106.0)	(12.0, 156.5)	(13.0, 251.5)	(14.0, 437.0)	(15.0, 584.5)	(16.0, 723.0)	(17.0, 1050.5)	(18.0, 1553.0)	(19.0, 2182.5)	(20.0, 3117.5)	(21.0, 4606.0)	(22.0, 6484.0)	(23.0, 8790.0)	(24.0, 12680.0)	(25.0, 17772.0)	(26.0, 23878.5)	(27.0, 31745.5)	(28.0, 41234.0)	(29.0, 52524.5)	(30.0, 64597.0)	(31.0, 80080.0)	(32.0, 100385.0)	(33.0, 121966.0)	(34.0, 148439.5)	(35.0, 186313.5)	(36.0, 229964.0)	(37.0, 279389.5)	(38.0, 341419.0)	(39.0, 412592.5)	(40.0, 485632.5)	(41.0, 557465.5)	(42.0, 629117.5)	(43.0, 688221.0)	(44.0, 739086.5)	(45.0, 767160.5)	(46.0, 766026.5)	(47.0, 750727.0)	(48.0, 710635.5)	(49.0, 679075.0)	(50.0, 645173.5)	(51.0, 580547.5)	(52.0, 503980.5)	(53.0, 431319.5)	(54.0, 376248.5)	(55.0, 337765.5)	(56.0, 302683.5)	(57.0, 255403.0)	(58.0, 205058.5)	(59.0, 168170.0)	(60.0, 146344.5)	(61.0, 129848.5)	(62.0, 111380.0)	(63.0, 98092.5)	(64.0, 86508.5)	(65.0, 72259.5)	(66.0, 56498.5)	(67.0, 44537.5)	(68.0, 37851.5)	(69.0, 31270.0)	(70.0, 26875.5)	(71.0, 21306.0)	(72.0, 14677.0)	(73.0, 10951.5)	(74.0, 13314.5)	(75.0, 14350.0)	(76.0, 10958.0)	(77.0, 9697.5)	(78.0, 7810.0)	(79.0, 6898.5)	(80.0, 6792.5)	(81.0, 4095.0)	(82.0, 2102.0)	(83.0, 769.5)	(84.0, 18.0)	(85.0, 4.0)	(86.0, 2.0)	(87.0, 0.5)	(88.0, 0.5)	(89.0, 0.0)	(90.0, 0.0)	(91.0, 0.0)	(92.0, 1.0)	(93.0, 1.5)	(94.0, 1.0)	(95.0, 1.0)	(96.0, 1.0)	(97.0, 1.0)	(98.0, 1.0)	(99.0, 1.5)	(100.0, 3.0)
GC_6hpi_1_R1	(0.0, 56.0)	(1.0, 54.0)	(2.0, 41.5)	(3.0, 32.0)	(4.0, 41.5)	(5.0, 43.5)	(6.0, 44.5)	(7.0, 57.0)	(8.0, 62.5)	(9.0, 78.0)	(10.0, 106.5)	(11.0, 148.5)	(12.0, 185.5)	(13.0, 245.0)	(14.0, 448.5)	(15.0, 622.5)	(16.0, 754.5)	(17.0, 1130.5)	(18.0, 1599.5)	(19.0, 2113.0)	(20.0, 2954.0)	(21.0, 4316.0)	(22.0, 6261.0)	(23.0, 8897.0)	(24.0, 13051.0)	(25.0, 18139.5)	(26.0, 24207.5)	(27.0, 32918.0)	(28.0, 43347.5)	(29.0, 55545.5)	(30.0, 69495.0)	(31.0, 86619.0)	(32.0, 108880.0)	(33.0, 133000.0)	(34.0, 161693.0)	(35.0, 200139.5)	(36.0, 249297.0)	(37.0, 309077.0)	(38.0, 379897.0)	(39.0, 461162.0)	(40.0, 546114.5)	(41.0, 628531.5)	(42.0, 708869.5)	(43.0, 774239.0)	(44.0, 814097.0)	(45.0, 823427.0)	(46.0, 802827.5)	(47.0, 768156.0)	(48.0, 722117.0)	(49.0, 670018.5)	(50.0, 607355.5)	(51.0, 526168.5)	(52.0, 444776.5)	(53.0, 379838.0)	(54.0, 331838.0)	(55.0, 299626.0)	(56.0, 266607.0)	(57.0, 218053.5)	(58.0, 172782.0)	(59.0, 142140.5)	(60.0, 121967.5)	(61.0, 105052.5)	(62.0, 87787.0)	(63.0, 75935.5)	(64.0, 65105.5)	(65.0, 51438.5)	(66.0, 39247.0)	(67.0, 30983.5)	(68.0, 26314.5)	(69.0, 20572.0)	(70.0, 13669.5)	(71.0, 8325.5)	(72.0, 5016.5)	(73.0, 4142.5)	(74.0, 3981.0)	(75.0, 3185.5)	(76.0, 2166.0)	(77.0, 1588.5)	(78.0, 1212.0)	(79.0, 951.0)	(80.0, 725.0)	(81.0, 392.5)	(82.0, 188.5)	(83.0, 59.5)	(84.0, 4.0)	(85.0, 1.0)	(86.0, 0.0)	(87.0, 0.0)	(88.0, 0.0)	(89.0, 0.0)	(90.0, 0.0)	(91.0, 0.0)	(92.0, 0.0)	(93.0, 0.0)	(94.0, 0.0)	(95.0, 0.5)	(96.0, 2.0)	(97.0, 2.5)	(98.0, 4.0)	(99.0, 3.5)	(100.0, 0.5)
GC_6hpi_1_R2	(0.0, 238.0)	(1.0, 227.5)	(2.0, 200.0)	(3.0, 158.5)	(4.0, 123.0)	(5.0, 105.0)	(6.0, 104.0)	(7.0, 105.5)	(8.0, 110.0)	(9.0, 121.0)	(10.0, 137.5)	(11.0, 161.5)	(12.0, 201.0)	(13.0, 294.5)	(14.0, 441.5)	(15.0, 566.0)	(16.0, 739.5)	(17.0, 1057.5)	(18.0, 1493.0)	(19.0, 2004.5)	(20.0, 2843.5)	(21.0, 4178.0)	(22.0, 6186.0)	(23.0, 8703.5)	(24.0, 12475.0)	(25.0, 17774.0)	(26.0, 23853.5)	(27.0, 32060.0)	(28.0, 42198.0)	(29.0, 54212.5)	(30.0, 67945.5)	(31.0, 84448.0)	(32.0, 106306.5)	(33.0, 130177.0)	(34.0, 156998.5)	(35.0, 193129.0)	(36.0, 240338.0)	(37.0, 299022.5)	(38.0, 367563.0)	(39.0, 446127.5)	(40.0, 530318.0)	(41.0, 612657.0)	(42.0, 694415.5)	(43.0, 758965.5)	(44.0, 802190.5)	(45.0, 819187.5)	(46.0, 802082.0)	(47.0, 769338.0)	(48.0, 722206.5)	(49.0, 673231.0)	(50.0, 619526.0)	(51.0, 542769.5)	(52.0, 457541.5)	(53.0, 387495.5)	(54.0, 337022.5)	(55.0, 304899.0)	(56.0, 277691.0)	(57.0, 231417.0)	(58.0, 182870.0)	(59.0, 148415.0)	(60.0, 126964.0)	(61.0, 111394.5)	(62.0, 92017.5)	(63.0, 78772.5)	(64.0, 69320.0)	(65.0, 55787.5)	(66.0, 42828.5)	(67.0, 33542.5)	(68.0, 28349.5)	(69.0, 22713.5)	(70.0, 16144.0)	(71.0, 10149.5)	(72.0, 5762.5)	(73.0, 4030.0)	(74.0, 4326.5)	(75.0, 4165.0)	(76.0, 2516.5)	(77.0, 1850.0)	(78.0, 1422.0)	(79.0, 1076.0)	(80.0, 964.5)	(81.0, 561.0)	(82.0, 308.0)	(83.0, 116.0)	(84.0, 5.0)	(85.0, 2.0)	(86.0, 0.5)	(87.0, 0.0)	(88.0, 0.5)	(89.0, 1.5)	(90.0, 3.0)	(91.0, 2.5)	(92.0, 1.5)	(93.0, 1.5)	(94.0, 1.0)	(95.0, 2.0)	(96.0, 4.0)	(97.0, 5.0)	(98.0, 5.5)	(99.0, 6.5)	(100.0, 17.0)
GC_6hpi_2_R1	(0.0, 64.0)	(1.0, 58.0)	(2.0, 43.5)	(3.0, 39.0)	(4.0, 41.5)	(5.0, 46.5)	(6.0, 60.0)	(7.0, 57.5)	(8.0, 59.0)	(9.0, 76.5)	(10.0, 100.5)	(11.0, 144.5)	(12.0, 185.5)	(13.0, 260.0)	(14.0, 457.0)	(15.0, 628.0)	(16.0, 811.0)	(17.0, 1211.0)	(18.0, 1740.0)	(19.0, 2372.0)	(20.0, 3438.0)	(21.0, 5104.5)	(22.0, 7220.0)	(23.0, 10070.0)	(24.0, 14522.0)	(25.0, 20282.0)	(26.0, 26925.5)	(27.0, 35795.5)	(28.0, 46681.0)	(29.0, 59109.0)	(30.0, 72968.0)	(31.0, 90694.0)	(32.0, 113441.5)	(33.0, 138001.5)	(34.0, 166902.5)	(35.0, 204878.0)	(36.0, 254250.5)	(37.0, 314260.0)	(38.0, 384345.0)	(39.0, 464315.5)	(40.0, 547796.5)	(41.0, 627822.0)	(42.0, 703406.0)	(43.0, 762977.0)	(44.0, 797413.0)	(45.0, 805938.5)	(46.0, 785484.5)	(47.0, 748212.0)	(48.0, 701030.0)	(49.0, 648863.0)	(50.0, 587743.0)	(51.0, 510966.5)	(52.0, 432861.5)	(53.0, 369318.5)	(54.0, 322813.0)	(55.0, 288267.0)	(56.0, 254374.5)	(57.0, 210469.5)	(58.0, 169913.5)	(59.0, 141753.0)	(60.0, 122207.0)	(61.0, 105801.5)	(62.0, 88805.5)	(63.0, 76749.5)	(64.0, 65836.5)	(65.0, 52058.5)	(66.0, 39904.5)	(67.0, 31711.5)	(68.0, 26663.0)	(69.0, 20640.5)	(70.0, 14120.5)	(71.0, 8771.5)	(72.0, 5303.0)	(73.0, 4410.5)	(74.0, 4179.0)	(75.0, 3308.0)	(76.0, 2261.5)	(77.0, 1670.0)	(78.0, 1303.5)	(79.0, 1013.0)	(80.0, 771.5)	(81.0, 457.0)	(82.0, 231.5)	(83.0, 71.5)	(84.0, 10.0)	(85.0, 4.0)	(86.0, 0.5)	(87.0, 0.0)	(88.0, 0.0)	(89.0, 0.0)	(90.0, 0.0)	(91.0, 0.0)	(92.0, 0.0)	(93.0, 0.0)	(94.0, 0.0)	(95.0, 0.5)	(96.0, 2.5)	(97.0, 4.5)	(98.0, 3.5)	(99.0, 2.5)	(100.0, 1.5)
GC_6hpi_2_R2	(0.0, 257.0)	(1.0, 249.5)	(2.0, 201.0)	(3.0, 144.5)	(4.0, 120.5)	(5.0, 113.0)	(6.0, 105.0)	(7.0, 102.0)	(8.0, 109.0)	(9.0, 103.5)	(10.0, 118.0)	(11.0, 158.5)	(12.0, 223.0)	(13.0, 296.5)	(14.0, 438.5)	(15.0, 615.5)	(16.0, 824.0)	(17.0, 1244.0)	(18.0, 1786.5)	(19.0, 2346.5)	(20.0, 3254.5)	(21.0, 4838.0)	(22.0, 6933.0)	(23.0, 9570.0)	(24.0, 13862.5)	(25.0, 19632.0)	(26.0, 26176.0)	(27.0, 34825.5)	(28.0, 45148.0)	(29.0, 57363.0)	(30.0, 71156.5)	(31.0, 88262.5)	(32.0, 110706.5)	(33.0, 134460.0)	(34.0, 161595.0)	(35.0, 198103.5)	(36.0, 245313.0)	(37.0, 302619.0)	(38.0, 370383.0)	(39.0, 448379.5)	(40.0, 529662.0)	(41.0, 608652.0)	(42.0, 685995.5)	(43.0, 747219.5)	(44.0, 787290.0)	(45.0, 801555.0)	(46.0, 784271.5)	(47.0, 751223.0)	(48.0, 705551.0)	(49.0, 657109.5)	(50.0, 601396.5)	(51.0, 526840.5)	(52.0, 446777.5)	(53.0, 379041.5)	(54.0, 329524.5)	(55.0, 295470.5)	(56.0, 266357.0)	(57.0, 222733.0)	(58.0, 178167.5)	(59.0, 147218.0)	(60.0, 127287.0)	(61.0, 111511.0)	(62.0, 92702.5)	(63.0, 80033.5)	(64.0, 70288.5)	(65.0, 56448.5)	(66.0, 43264.0)	(67.0, 33845.5)	(68.0, 28562.5)	(69.0, 23186.5)	(70.0, 16741.0)	(71.0, 10571.5)	(72.0, 6133.0)	(73.0, 4390.5)	(74.0, 4525.5)	(75.0, 4257.5)	(76.0, 2650.5)	(77.0, 1958.0)	(78.0, 1486.0)	(79.0, 1158.5)	(80.0, 1043.0)	(81.0, 618.5)	(82.0, 330.0)	(83.0, 130.0)	(84.0, 11.5)	(85.0, 6.0)	(86.0, 4.5)	(87.0, 1.0)	(88.0, 1.5)	(89.0, 2.5)	(90.0, 2.5)	(91.0, 1.0)	(92.0, 1.5)	(93.0, 2.0)	(94.0, 1.5)	(95.0, 1.0)	(96.0, 2.0)	(97.0, 1.5)	(98.0, 1.5)	(99.0, 4.0)	(100.0, 15.0)
GC_6hpi_3_R1	(0.0, 58.0)	(1.0, 53.0)	(2.0, 46.5)	(3.0, 42.5)	(4.0, 43.0)	(5.0, 45.0)	(6.0, 50.0)	(7.0, 69.5)	(8.0, 76.5)	(9.0, 91.5)	(10.0, 120.0)	(11.0, 164.5)	(12.0, 219.5)	(13.0, 315.5)	(14.0, 519.0)	(15.0, 668.5)	(16.0, 843.5)	(17.0, 1276.0)	(18.0, 1829.0)	(19.0, 2442.0)	(20.0, 3410.5)	(21.0, 5013.0)	(22.0, 7295.5)	(23.0, 10189.5)	(24.0, 14488.5)	(25.0, 20095.0)	(26.0, 27018.5)	(27.0, 36250.0)	(28.0, 47781.5)	(29.0, 61669.0)	(30.0, 77493.5)	(31.0, 97358.5)	(32.0, 122695.5)	(33.0, 150536.5)	(34.0, 183650.0)	(35.0, 227157.0)	(36.0, 281988.5)	(37.0, 349345.0)	(38.0, 430449.0)	(39.0, 523144.5)	(40.0, 621156.0)	(41.0, 717025.5)	(42.0, 807420.0)	(43.0, 879679.5)	(44.0, 923578.0)	(45.0, 931267.0)	(46.0, 907164.0)	(47.0, 866334.5)	(48.0, 813363.5)	(49.0, 759336.0)	(50.0, 691744.5)	(51.0, 598021.5)	(52.0, 501140.5)	(53.0, 422026.0)	(54.0, 362202.5)	(55.0, 320352.0)	(56.0, 282373.5)	(57.0, 234065.5)	(58.0, 188826.5)	(59.0, 155050.5)	(60.0, 131558.0)	(61.0, 113552.0)	(62.0, 95318.5)	(63.0, 81977.5)	(64.0, 69526.5)	(65.0, 54343.5)	(66.0, 41617.0)	(67.0, 33033.5)	(68.0, 27629.0)	(69.0, 21818.5)	(70.0, 15121.5)	(71.0, 9336.5)	(72.0, 5671.0)	(73.0, 4735.5)	(74.0, 4620.0)	(75.0, 3727.0)	(76.0, 2669.0)	(77.0, 2055.0)	(78.0, 1552.0)	(79.0, 1226.5)	(80.0, 927.5)	(81.0, 518.0)	(82.0, 260.5)	(83.0, 81.5)	(84.0, 2.5)	(85.0, 0.5)	(86.0, 1.0)	(87.0, 0.5)	(88.0, 0.0)	(89.0, 0.0)	(90.0, 0.0)	(91.0, 0.0)	(92.0, 0.0)	(93.0, 0.0)	(94.0, 0.0)	(95.0, 0.5)	(96.0, 3.5)	(97.0, 5.0)	(98.0, 5.5)	(99.0, 5.0)	(100.0, 1.5)
GC_6hpi_3_R2	(0.0, 304.0)	(1.0, 281.0)	(2.0, 225.5)	(3.0, 168.0)	(4.0, 130.0)	(5.0, 110.5)	(6.0, 101.5)	(7.0, 109.0)	(8.0, 130.5)	(9.0, 135.5)	(10.0, 131.5)	(11.0, 165.0)	(12.0, 236.0)	(13.0, 326.5)	(14.0, 515.5)	(15.0, 674.0)	(16.0, 860.5)	(17.0, 1269.0)	(18.0, 1811.5)	(19.0, 2443.5)	(20.0, 3370.5)	(21.0, 4945.5)	(22.0, 7136.0)	(23.0, 9775.0)	(24.0, 14029.5)	(25.0, 19780.0)	(26.0, 26407.0)	(27.0, 35523.0)	(28.0, 46975.0)	(29.0, 60718.0)	(30.0, 76021.0)	(31.0, 95501.0)	(32.0, 121029.0)	(33.0, 147779.5)	(34.0, 179054.5)	(35.0, 221167.0)	(36.0, 274107.0)	(37.0, 339424.5)	(38.0, 418422.5)	(39.0, 509000.0)	(40.0, 603789.5)	(41.0, 697837.5)	(42.0, 789329.5)	(43.0, 860482.0)	(44.0, 911218.5)	(45.0, 928311.0)	(46.0, 904080.0)	(47.0, 865414.5)	(48.0, 813178.0)	(49.0, 759709.5)	(50.0, 702151.5)	(51.0, 615689.5)	(52.0, 515295.0)	(53.0, 431638.0)	(54.0, 369166.0)	(55.0, 327998.0)	(56.0, 295341.5)	(57.0, 246197.0)	(58.0, 197419.0)	(59.0, 162157.0)	(60.0, 138035.0)	(61.0, 120163.0)	(62.0, 99195.5)	(63.0, 85081.0)	(64.0, 74976.0)	(65.0, 60094.5)	(66.0, 45446.5)	(67.0, 35728.5)	(68.0, 29974.0)	(69.0, 24125.5)	(70.0, 17830.0)	(71.0, 11349.5)	(72.0, 6501.5)	(73.0, 4590.5)	(74.0, 5060.0)	(75.0, 4810.0)	(76.0, 3084.0)	(77.0, 2427.0)	(78.0, 1768.5)	(79.0, 1377.5)	(80.0, 1314.5)	(81.0, 778.0)	(82.0, 398.0)	(83.0, 147.5)	(84.0, 3.5)	(85.0, 0.5)	(86.0, 1.0)	(87.0, 1.0)	(88.0, 1.5)	(89.0, 1.0)	(90.0, 1.5)	(91.0, 2.0)	(92.0, 1.0)	(93.0, 1.5)	(94.0, 2.5)	(95.0, 3.0)	(96.0, 3.5)	(97.0, 4.5)	(98.0, 7.0)	(99.0, 7.5)	(100.0, 13.5)
GI_24hpi_1_R1	(0.0, 41.0)	(1.0, 35.0)	(2.0, 27.5)	(3.0, 23.0)	(4.0, 29.5)	(5.0, 39.0)	(6.0, 45.5)	(7.0, 50.5)	(8.0, 57.5)	(9.0, 78.0)	(10.0, 104.0)	(11.0, 147.0)	(12.0, 196.0)	(13.0, 299.0)	(14.0, 540.5)	(15.0, 724.5)	(16.0, 876.0)	(17.0, 1238.0)	(18.0, 1831.0)	(19.0, 2541.5)	(20.0, 3588.5)	(21.0, 5351.0)	(22.0, 7642.5)	(23.0, 10680.0)	(24.0, 15182.0)	(25.0, 20989.5)	(26.0, 28400.0)	(27.0, 38213.0)	(28.0, 50317.5)	(29.0, 64531.0)	(30.0, 80776.0)	(31.0, 101165.0)	(32.0, 126378.5)	(33.0, 152472.0)	(34.0, 184705.0)	(35.0, 228067.5)	(36.0, 281725.0)	(37.0, 348028.0)	(38.0, 424330.5)	(39.0, 510006.0)	(40.0, 602227.0)	(41.0, 691306.0)	(42.0, 774926.0)	(43.0, 843241.5)	(44.0, 886250.5)	(45.0, 892618.5)	(46.0, 862135.0)	(47.0, 819616.0)	(48.0, 774046.5)	(49.0, 735969.0)	(50.0, 681935.0)	(51.0, 589827.5)	(52.0, 494744.0)	(53.0, 421358.0)	(54.0, 370522.0)	(55.0, 338438.0)	(56.0, 304538.5)	(57.0, 250853.5)	(58.0, 197837.5)	(59.0, 160530.0)	(60.0, 136517.5)	(61.0, 118441.5)	(62.0, 100928.5)	(63.0, 88103.5)	(64.0, 75653.5)	(65.0, 61387.5)	(66.0, 47738.5)	(67.0, 37317.0)	(68.0, 30838.0)	(69.0, 23714.5)	(70.0, 15989.5)	(71.0, 9583.5)	(72.0, 5526.5)	(73.0, 4055.5)	(74.0, 3561.5)	(75.0, 2725.5)	(76.0, 1825.5)	(77.0, 1373.0)	(78.0, 1052.0)	(79.0, 838.0)	(80.0, 646.0)	(81.0, 365.0)	(82.0, 184.0)	(83.0, 57.0)	(84.0, 1.5)	(85.0, 0.0)	(86.0, 0.0)	(87.0, 0.0)	(88.0, 0.0)	(89.0, 0.0)	(90.0, 0.0)	(91.0, 0.0)	(92.0, 0.0)	(93.0, 0.0)	(94.0, 0.0)	(95.0, 0.0)	(96.0, 0.0)	(97.0, 0.0)	(98.0, 0.0)	(99.0, 0.0)	(100.0, 0.0)
GI_24hpi_1_R2	(0.0, 120.0)	(1.0, 121.5)	(2.0, 115.0)	(3.0, 104.5)	(4.0, 95.0)	(5.0, 89.5)	(6.0, 85.5)	(7.0, 79.0)	(8.0, 87.0)	(9.0, 99.0)	(10.0, 116.5)	(11.0, 148.0)	(12.0, 214.0)	(13.0, 328.0)	(14.0, 549.5)	(15.0, 740.0)	(16.0, 914.5)	(17.0, 1316.0)	(18.0, 1858.0)	(19.0, 2510.0)	(20.0, 3549.0)	(21.0, 5321.0)	(22.0, 7673.5)	(23.0, 10429.5)	(24.0, 15014.0)	(25.0, 20953.0)	(26.0, 27808.0)	(27.0, 37393.0)	(28.0, 49103.5)	(29.0, 63059.5)	(30.0, 78946.0)	(31.0, 99015.5)	(32.0, 124738.5)	(33.0, 150632.0)	(34.0, 180480.5)	(35.0, 221687.5)	(36.0, 274321.5)	(37.0, 338210.0)	(38.0, 412901.5)	(39.0, 497030.0)	(40.0, 585366.5)	(41.0, 673625.0)	(42.0, 761173.5)	(43.0, 826075.0)	(44.0, 874930.0)	(45.0, 892965.0)	(46.0, 861651.0)	(47.0, 819560.0)	(48.0, 770986.0)	(49.0, 731334.0)	(50.0, 691636.0)	(51.0, 609215.0)	(52.0, 505656.0)	(53.0, 427267.0)	(54.0, 374194.5)	(55.0, 342323.5)	(56.0, 316624.0)	(57.0, 265451.0)	(58.0, 208972.5)	(59.0, 168138.0)	(60.0, 142731.5)	(61.0, 124637.5)	(62.0, 104947.5)	(63.0, 91387.5)	(64.0, 79961.0)	(65.0, 66282.0)	(66.0, 52157.0)	(67.0, 39981.5)	(68.0, 32905.0)	(69.0, 26350.5)	(70.0, 18909.0)	(71.0, 11613.5)	(72.0, 6527.5)	(73.0, 4287.5)	(74.0, 3919.0)	(75.0, 3385.5)	(76.0, 2083.0)	(77.0, 1599.0)	(78.0, 1223.0)	(79.0, 958.5)	(80.0, 861.5)	(81.0, 520.0)	(82.0, 288.5)	(83.0, 115.0)	(84.0, 4.0)	(85.0, 1.0)	(86.0, 0.5)	(87.0, 0.0)	(88.0, 0.5)	(89.0, 1.0)	(90.0, 1.5)	(91.0, 1.0)	(92.0, 0.5)	(93.0, 0.5)	(94.0, 0.5)	(95.0, 1.5)	(96.0, 1.0)	(97.0, 1.0)	(98.0, 3.5)	(99.0, 4.5)	(100.0, 4.5)
GI_24hpi_2_R1	(0.0, 61.0)	(1.0, 44.5)	(2.0, 30.0)	(3.0, 32.5)	(4.0, 36.0)	(5.0, 42.5)	(6.0, 48.5)	(7.0, 62.0)	(8.0, 76.0)	(9.0, 87.5)	(10.0, 114.0)	(11.0, 147.0)	(12.0, 208.5)	(13.0, 310.0)	(14.0, 535.0)	(15.0, 726.0)	(16.0, 877.5)	(17.0, 1283.5)	(18.0, 1779.5)	(19.0, 2410.5)	(20.0, 3528.0)	(21.0, 5210.0)	(22.0, 7329.5)	(23.0, 10140.0)	(24.0, 14462.5)	(25.0, 19755.0)	(26.0, 26414.0)	(27.0, 35335.0)	(28.0, 46368.0)	(29.0, 59442.5)	(30.0, 74446.5)	(31.0, 93240.0)	(32.0, 117373.0)	(33.0, 141754.0)	(34.0, 169584.5)	(35.0, 207152.5)	(36.0, 254221.5)	(37.0, 310607.5)	(38.0, 376611.5)	(39.0, 450532.5)	(40.0, 527656.0)	(41.0, 603574.5)	(42.0, 671061.0)	(43.0, 723142.5)	(44.0, 756500.0)	(45.0, 757574.5)	(46.0, 730871.0)	(47.0, 694507.0)	(48.0, 651345.0)	(49.0, 613524.0)	(50.0, 563745.0)	(51.0, 488202.0)	(52.0, 409265.5)	(53.0, 344282.0)	(54.0, 297740.5)	(55.0, 269021.5)	(56.0, 241932.0)	(57.0, 200492.0)	(58.0, 160009.0)	(59.0, 130605.5)	(60.0, 110676.0)	(61.0, 94830.5)	(62.0, 80464.0)	(63.0, 70513.0)	(64.0, 60239.0)	(65.0, 48380.5)	(66.0, 37502.0)	(67.0, 29563.0)	(68.0, 24197.5)	(69.0, 18451.5)	(70.0, 12727.5)	(71.0, 7792.0)	(72.0, 4495.5)	(73.0, 3315.0)	(74.0, 2937.0)	(75.0, 2244.0)	(76.0, 1503.5)	(77.0, 1138.0)	(78.0, 891.0)	(79.0, 696.5)	(80.0, 551.5)	(81.0, 351.5)	(82.0, 180.0)	(83.0, 48.0)	(84.0, 0.0)	(85.0, 0.0)	(86.0, 0.0)	(87.0, 0.0)	(88.0, 0.0)	(89.0, 0.0)	(90.0, 0.0)	(91.0, 0.0)	(92.0, 0.0)	(93.0, 0.0)	(94.0, 0.0)	(95.0, 0.0)	(96.0, 0.0)	(97.0, 0.0)	(98.0, 0.0)	(99.0, 0.0)	(100.0, 0.0)
GI_24hpi_2_R2	(0.0, 171.0)	(1.0, 158.0)	(2.0, 131.0)	(3.0, 106.5)	(4.0, 89.0)	(5.0, 73.5)	(6.0, 79.0)	(7.0, 86.5)	(8.0, 92.0)	(9.0, 103.5)	(10.0, 122.5)	(11.0, 161.5)	(12.0, 224.5)	(13.0, 339.5)	(14.0, 538.0)	(15.0, 726.0)	(16.0, 932.0)	(17.0, 1287.5)	(18.0, 1818.0)	(19.0, 2532.0)	(20.0, 3509.5)	(21.0, 5095.0)	(22.0, 7171.0)	(23.0, 9772.0)	(24.0, 13896.0)	(25.0, 19299.5)	(26.0, 25952.0)	(27.0, 34866.0)	(28.0, 45834.0)	(29.0, 58658.0)	(30.0, 72723.0)	(31.0, 90825.0)	(32.0, 114767.5)	(33.0, 138684.5)	(34.0, 165217.5)	(35.0, 200254.0)	(36.0, 244992.0)	(37.0, 300381.0)	(38.0, 364080.5)	(39.0, 435167.0)	(40.0, 510246.0)	(41.0, 585038.0)	(42.0, 655444.0)	(43.0, 707883.5)	(44.0, 746663.5)	(45.0, 756506.0)	(46.0, 729489.0)	(47.0, 695550.0)	(48.0, 653132.5)	(49.0, 615324.5)	(50.0, 578360.5)	(51.0, 509103.5)	(52.0, 422610.0)	(53.0, 353420.0)	(54.0, 304262.0)	(55.0, 274404.0)	(56.0, 251900.5)	(57.0, 212073.0)	(58.0, 168921.0)	(59.0, 136457.5)	(60.0, 115427.5)	(61.0, 99874.5)	(62.0, 83624.5)	(63.0, 72976.0)	(64.0, 63784.0)	(65.0, 52202.5)	(66.0, 40695.0)	(67.0, 31731.0)	(68.0, 25980.5)	(69.0, 20853.5)	(70.0, 15376.5)	(71.0, 9534.5)	(72.0, 5335.0)	(73.0, 3523.0)	(74.0, 3342.5)	(75.0, 2872.5)	(76.0, 1719.5)	(77.0, 1359.0)	(78.0, 1054.0)	(79.0, 755.0)	(80.0, 699.0)	(81.0, 478.5)	(82.0, 279.0)	(83.0, 106.0)	(84.0, 3.0)	(85.0, 1.0)	(86.0, 0.0)	(87.0, 0.0)	(88.0, 0.0)	(89.0, 0.0)	(90.0, 0.0)	(91.0, 0.0)	(92.0, 0.5)	(93.0, 2.0)	(94.0, 2.0)	(95.0, 0.5)	(96.0, 0.5)	(97.0, 1.0)	(98.0, 0.5)	(99.0, 0.0)	(100.0, 4.0)
GI_24hpi_3_R1	(0.0, 36.0)	(1.0, 41.0)	(2.0, 38.0)	(3.0, 30.0)	(4.0, 35.5)	(5.0, 40.5)	(6.0, 37.5)	(7.0, 38.5)	(8.0, 47.0)	(9.0, 65.5)	(10.0, 87.0)	(11.0, 123.0)	(12.0, 158.0)	(13.0, 228.5)	(14.0, 427.0)	(15.0, 571.5)	(16.0, 658.5)	(17.0, 924.5)	(18.0, 1348.0)	(19.0, 1888.5)	(20.0, 2771.0)	(21.0, 4102.0)	(22.0, 5856.0)	(23.0, 8195.5)	(24.0, 11709.0)	(25.0, 16174.5)	(26.0, 21647.5)	(27.0, 29136.0)	(28.0, 38519.5)	(29.0, 49062.0)	(30.0, 60746.5)	(31.0, 75609.5)	(32.0, 94879.5)	(33.0, 114951.0)	(34.0, 138818.0)	(35.0, 172297.0)	(36.0, 209378.5)	(37.0, 251427.0)	(38.0, 303482.5)	(39.0, 363262.0)	(40.0, 425383.5)	(41.0, 487078.0)	(42.0, 547513.5)	(43.0, 598210.5)	(44.0, 637564.5)	(45.0, 652164.5)	(46.0, 648458.5)	(47.0, 629969.0)	(48.0, 594741.0)	(49.0, 573957.5)	(50.0, 542237.0)	(51.0, 480077.5)	(52.0, 414412.0)	(53.0, 356603.5)	(54.0, 314971.0)	(55.0, 287671.0)	(56.0, 256624.5)	(57.0, 211568.0)	(58.0, 167019.0)	(59.0, 137387.0)	(60.0, 118841.5)	(61.0, 104208.0)	(62.0, 91564.0)	(63.0, 80525.0)	(64.0, 68198.5)	(65.0, 55543.0)	(66.0, 45081.0)	(67.0, 38073.5)	(68.0, 32658.5)	(69.0, 26841.5)	(70.0, 22238.5)	(71.0, 16307.0)	(72.0, 10778.0)	(73.0, 9888.5)	(74.0, 10311.0)	(75.0, 9086.0)	(76.0, 7300.0)	(77.0, 6175.0)	(78.0, 5346.0)	(79.0, 4885.0)	(80.0, 4000.5)	(81.0, 2360.5)	(82.0, 1202.5)	(83.0, 367.5)	(84.0, 10.0)	(85.0, 2.5)	(86.0, 0.5)	(87.0, 0.0)	(88.0, 0.0)	(89.0, 0.5)	(90.0, 0.5)	(91.0, 0.0)	(92.0, 0.0)	(93.0, 0.0)	(94.0, 0.0)	(95.0, 0.0)	(96.0, 0.0)	(97.0, 0.0)	(98.0, 0.0)	(99.0, 0.0)	(100.0, 0.0)
GI_24hpi_3_R2	(0.0, 157.0)	(1.0, 161.0)	(2.0, 149.0)	(3.0, 121.0)	(4.0, 103.5)	(5.0, 89.5)	(6.0, 93.0)	(7.0, 99.0)	(8.0, 101.0)	(9.0, 102.0)	(10.0, 103.0)	(11.0, 121.0)	(12.0, 169.5)	(13.0, 249.0)	(14.0, 422.5)	(15.0, 579.5)	(16.0, 682.0)	(17.0, 982.5)	(18.0, 1456.0)	(19.0, 1970.5)	(20.0, 2715.5)	(21.0, 3975.0)	(22.0, 5691.0)	(23.0, 7977.0)	(24.0, 11664.0)	(25.0, 16098.0)	(26.0, 21420.5)	(27.0, 28880.5)	(28.0, 37859.5)	(29.0, 48788.5)	(30.0, 60321.5)	(31.0, 74753.0)	(32.0, 93874.0)	(33.0, 113423.5)	(34.0, 135848.0)	(35.0, 168245.0)	(36.0, 205606.0)	(37.0, 246842.5)	(38.0, 297755.0)	(39.0, 356514.0)	(40.0, 416795.0)	(41.0, 476491.0)	(42.0, 536872.0)	(43.0, 583874.5)	(44.0, 626866.5)	(45.0, 648831.5)	(46.0, 640817.0)	(47.0, 627463.0)	(48.0, 595439.0)	(49.0, 569570.0)	(50.0, 543191.0)	(51.0, 490383.0)	(52.0, 424390.5)	(53.0, 359478.0)	(54.0, 316670.0)	(55.0, 292568.5)	(56.0, 265404.0)	(57.0, 222270.0)	(58.0, 174485.0)	(59.0, 140292.0)	(60.0, 122270.5)	(61.0, 108891.0)	(62.0, 93580.0)	(63.0, 81856.5)	(64.0, 70847.5)	(65.0, 58939.0)	(66.0, 47867.0)	(67.0, 40656.0)	(68.0, 35129.0)	(69.0, 28679.0)	(70.0, 25156.5)	(71.0, 19327.5)	(72.0, 12500.0)	(73.0, 9422.5)	(74.0, 11124.0)	(75.0, 11452.0)	(76.0, 8360.5)	(77.0, 7271.0)	(78.0, 6128.0)	(79.0, 5226.5)	(80.0, 5142.5)	(81.0, 3386.0)	(82.0, 1896.5)	(83.0, 757.5)	(84.0, 15.5)	(85.0, 3.0)	(86.0, 0.5)	(87.0, 0.0)	(88.0, 0.5)	(89.0, 1.0)	(90.0, 0.5)	(91.0, 0.5)	(92.0, 0.5)	(93.0, 1.5)	(94.0, 3.0)	(95.0, 1.5)	(96.0, 0.0)	(97.0, 0.0)	(98.0, 0.5)	(99.0, 2.5)	(100.0, 6.5)
GI_48hpi_1_R1	(0.0, 47.0)	(1.0, 41.5)	(2.0, 30.5)	(3.0, 26.0)	(4.0, 29.0)	(5.0, 31.5)	(6.0, 37.0)	(7.0, 48.5)	(8.0, 63.5)	(9.0, 78.5)	(10.0, 106.0)	(11.0, 132.5)	(12.0, 163.5)	(13.0, 245.5)	(14.0, 431.0)	(15.0, 603.0)	(16.0, 808.5)	(17.0, 1212.0)	(18.0, 1754.0)	(19.0, 2513.0)	(20.0, 3561.0)	(21.0, 5250.0)	(22.0, 7520.5)	(23.0, 10420.5)	(24.0, 15159.0)	(25.0, 21609.5)	(26.0, 29274.5)	(27.0, 38549.0)	(28.0, 49339.0)	(29.0, 61669.0)	(30.0, 74985.5)	(31.0, 93338.5)	(32.0, 116525.5)	(33.0, 142347.0)	(34.0, 173476.0)	(35.0, 215729.0)	(36.0, 267118.5)	(37.0, 328621.5)	(38.0, 400595.5)	(39.0, 482003.0)	(40.0, 564661.5)	(41.0, 641815.0)	(42.0, 716605.0)	(43.0, 778340.0)	(44.0, 822871.0)	(45.0, 838667.5)	(46.0, 824194.5)	(47.0, 796269.5)	(48.0, 765056.0)	(49.0, 727093.5)	(50.0, 667453.5)	(51.0, 577197.5)	(52.0, 489327.5)	(53.0, 427043.0)	(54.0, 373749.0)	(55.0, 331325.0)	(56.0, 286918.5)	(57.0, 231863.0)	(58.0, 187863.0)	(59.0, 158159.5)	(60.0, 135904.5)	(61.0, 117746.0)	(62.0, 103296.0)	(63.0, 89458.0)	(64.0, 75261.0)	(65.0, 60446.0)	(66.0, 46296.0)	(67.0, 37368.5)	(68.0, 30631.0)	(69.0, 25942.0)	(70.0, 18672.0)	(71.0, 12958.5)	(72.0, 10599.0)	(73.0, 9174.5)	(74.0, 9330.0)	(75.0, 8435.5)	(76.0, 7374.0)	(77.0, 5592.5)	(78.0, 4751.5)	(79.0, 4544.5)	(80.0, 3056.5)	(81.0, 1558.5)	(82.0, 626.0)	(83.0, 37.0)	(84.0, 6.0)	(85.0, 1.5)	(86.0, 1.5)	(87.0, 0.5)	(88.0, 0.0)	(89.0, 0.0)	(90.0, 0.5)	(91.0, 0.5)	(92.0, 0.0)	(93.0, 0.0)	(94.0, 0.0)	(95.0, 0.0)	(96.0, 0.0)	(97.0, 0.0)	(98.0, 0.0)	(99.0, 0.0)	(100.0, 0.0)
GI_48hpi_1_R2	(0.0, 141.0)	(1.0, 130.0)	(2.0, 107.5)	(3.0, 82.5)	(4.0, 75.0)	(5.0, 78.0)	(6.0, 70.0)	(7.0, 69.5)	(8.0, 72.0)	(9.0, 80.0)	(10.0, 104.0)	(11.0, 121.5)	(12.0, 164.0)	(13.0, 241.0)	(14.0, 396.0)	(15.0, 584.0)	(16.0, 781.5)	(17.0, 1126.5)	(18.0, 1690.5)	(19.0, 2353.5)	(20.0, 3267.5)	(21.0, 4950.0)	(22.0, 6988.5)	(23.0, 9510.0)	(24.0, 14005.5)	(25.0, 19931.5)	(26.0, 27094.0)	(27.0, 36532.5)	(28.0, 46834.5)	(29.0, 58666.0)	(30.0, 71530.0)	(31.0, 87229.5)	(32.0, 109188.5)	(33.0, 133477.0)	(34.0, 162081.5)	(35.0, 200072.0)	(36.0, 248398.5)	(37.0, 305063.5)	(38.0, 374517.0)	(39.0, 452253.0)	(40.0, 531570.5)	(41.0, 609478.5)	(42.0, 685536.5)	(43.0, 750057.0)	(44.0, 798937.5)	(45.0, 825362.0)	(46.0, 823193.5)	(47.0, 805819.0)	(48.0, 768088.0)	(49.0, 730129.0)	(50.0, 683659.0)	(51.0, 609448.5)	(52.0, 523351.5)	(53.0, 445616.5)	(54.0, 388549.0)	(55.0, 346201.5)	(56.0, 308435.5)	(57.0, 259866.0)	(58.0, 207410.0)	(59.0, 168806.0)	(60.0, 146497.0)	(61.0, 129296.5)	(62.0, 109217.0)	(63.0, 95599.0)	(64.0, 85502.0)	(65.0, 71107.5)	(66.0, 54897.5)	(67.0, 42611.5)	(68.0, 35963.5)	(69.0, 29753.5)	(70.0, 24442.5)	(71.0, 18448.0)	(72.0, 12309.5)	(73.0, 9076.5)	(74.0, 10392.5)	(75.0, 10713.5)	(76.0, 8063.5)	(77.0, 7164.0)	(78.0, 5611.5)	(79.0, 4767.5)	(80.0, 4752.5)	(81.0, 2911.5)	(82.0, 1548.5)	(83.0, 590.5)	(84.0, 12.0)	(85.0, 3.5)	(86.0, 2.0)	(87.0, 0.5)	(88.0, 0.0)	(89.0, 0.0)	(90.0, 0.0)	(91.0, 0.5)	(92.0, 0.5)	(93.0, 1.0)	(94.0, 1.0)	(95.0, 0.5)	(96.0, 0.5)	(97.0, 0.5)	(98.0, 1.5)	(99.0, 1.5)	(100.0, 2.5)
GI_48hpi_2_R1	(0.0, 70.0)	(1.0, 57.0)	(2.0, 35.5)	(3.0, 35.0)	(4.0, 44.0)	(5.0, 42.5)	(6.0, 55.0)	(7.0, 70.0)	(8.0, 81.0)	(9.0, 91.5)	(10.0, 104.5)	(11.0, 130.5)	(12.0, 172.5)	(13.0, 258.5)	(14.0, 464.5)	(15.0, 646.0)	(16.0, 791.5)	(17.0, 1121.0)	(18.0, 1686.5)	(19.0, 2453.5)	(20.0, 3455.5)	(21.0, 4976.5)	(22.0, 7025.5)	(23.0, 10011.0)	(24.0, 14918.5)	(25.0, 21098.5)	(26.0, 28587.5)	(27.0, 37669.0)	(28.0, 48291.0)	(29.0, 60263.5)	(30.0, 73639.0)	(31.0, 91834.5)	(32.0, 113883.0)	(33.0, 138839.5)	(34.0, 169532.5)	(35.0, 209870.0)	(36.0, 258655.0)	(37.0, 319486.5)	(38.0, 389395.5)	(39.0, 466748.5)	(40.0, 546061.5)	(41.0, 618856.0)	(42.0, 687284.5)	(43.0, 744664.5)	(44.0, 783073.0)	(45.0, 790733.5)	(46.0, 773031.0)	(47.0, 742642.5)	(48.0, 709269.0)	(49.0, 671746.0)	(50.0, 614363.0)	(51.0, 530257.0)	(52.0, 448037.0)	(53.0, 387215.5)	(54.0, 337119.0)	(55.0, 297699.5)	(56.0, 256876.0)	(57.0, 210271.0)	(58.0, 173480.5)	(59.0, 147899.0)	(60.0, 128162.0)	(61.0, 111662.5)	(62.0, 98573.0)	(63.0, 86853.5)	(64.0, 74354.5)	(65.0, 59279.0)	(66.0, 44480.0)	(67.0, 35427.0)	(68.0, 29327.5)	(69.0, 23718.5)	(70.0, 15899.5)	(71.0, 10470.0)	(72.0, 8297.5)	(73.0, 7493.5)	(74.0, 7480.0)	(75.0, 6063.0)	(76.0, 4756.5)	(77.0, 3566.5)	(78.0, 2960.0)	(79.0, 2755.5)	(80.0, 1818.0)	(81.0, 951.0)	(82.0, 391.5)	(83.0, 23.0)	(84.0, 3.0)	(85.0, 0.0)	(86.0, 0.0)	(87.0, 0.0)	(88.0, 0.0)	(89.0, 0.0)	(90.0, 0.0)	(91.0, 0.0)	(92.0, 0.0)	(93.0, 0.0)	(94.0, 0.0)	(95.0, 0.0)	(96.0, 0.0)	(97.0, 0.0)	(98.0, 0.5)	(99.0, 0.5)	(100.0, 0.0)
GI_48hpi_2_R2	(0.0, 188.0)	(1.0, 166.5)	(2.0, 124.0)	(3.0, 96.0)	(4.0, 91.0)	(5.0, 88.0)	(6.0, 86.0)	(7.0, 82.0)	(8.0, 82.0)	(9.0, 104.0)	(10.0, 122.0)	(11.0, 153.5)	(12.0, 203.5)	(13.0, 280.0)	(14.0, 457.5)	(15.0, 632.5)	(16.0, 787.5)	(17.0, 1107.0)	(18.0, 1664.0)	(19.0, 2341.0)	(20.0, 3266.5)	(21.0, 4702.0)	(22.0, 6667.0)	(23.0, 9301.0)	(24.0, 13773.5)	(25.0, 19406.0)	(26.0, 26090.0)	(27.0, 35130.0)	(28.0, 45095.5)	(29.0, 57062.5)	(30.0, 69948.0)	(31.0, 85509.0)	(32.0, 106881.5)	(33.0, 130815.5)	(34.0, 158237.5)	(35.0, 193433.0)	(36.0, 239847.5)	(37.0, 295388.5)	(38.0, 361717.0)	(39.0, 436183.5)	(40.0, 512859.0)	(41.0, 586916.0)	(42.0, 657278.0)	(43.0, 716624.0)	(44.0, 759103.0)	(45.0, 780298.5)	(46.0, 773896.5)	(47.0, 751204.0)	(48.0, 714600.5)	(49.0, 677902.5)	(50.0, 634304.5)	(51.0, 565071.5)	(52.0, 481275.5)	(53.0, 407613.5)	(54.0, 354120.0)	(55.0, 312899.5)	(56.0, 278145.0)	(57.0, 235231.5)	(58.0, 190180.0)	(59.0, 157200.5)	(60.0, 137153.5)	(61.0, 122112.5)	(62.0, 104137.0)	(63.0, 92446.5)	(64.0, 83560.0)	(65.0, 69667.0)	(66.0, 53828.5)	(67.0, 40784.0)	(68.0, 33257.5)	(69.0, 27441.0)	(70.0, 21871.0)	(71.0, 15160.0)	(72.0, 9636.0)	(73.0, 7167.5)	(74.0, 8288.5)	(75.0, 8273.5)	(76.0, 5587.0)	(77.0, 4694.5)	(78.0, 3693.0)	(79.0, 3019.5)	(80.0, 2875.5)	(81.0, 1773.5)	(82.0, 923.0)	(83.0, 332.0)	(84.0, 7.5)	(85.0, 1.5)	(86.0, 0.5)	(87.0, 1.5)	(88.0, 1.5)	(89.0, 0.0)	(90.0, 0.0)	(91.0, 0.0)	(92.0, 0.0)	(93.0, 0.0)	(94.0, 0.5)	(95.0, 1.0)	(96.0, 0.5)	(97.0, 0.0)	(98.0, 2.0)	(99.0, 2.5)	(100.0, 2.0)
GI_48hpi_3_R1	(0.0, 64.0)	(1.0, 51.5)	(2.0, 31.0)	(3.0, 30.0)	(4.0, 39.0)	(5.0, 42.5)	(6.0, 45.5)	(7.0, 63.0)	(8.0, 78.5)	(9.0, 83.5)	(10.0, 103.0)	(11.0, 136.0)	(12.0, 197.5)	(13.0, 278.0)	(14.0, 471.0)	(15.0, 660.0)	(16.0, 852.0)	(17.0, 1234.5)	(18.0, 1809.0)	(19.0, 2611.0)	(20.0, 3674.5)	(21.0, 5298.5)	(22.0, 7546.0)	(23.0, 10388.5)	(24.0, 14766.0)	(25.0, 20626.5)	(26.0, 27764.5)	(27.0, 36991.5)	(28.0, 47989.5)	(29.0, 59681.0)	(30.0, 73139.5)	(31.0, 92231.0)	(32.0, 116325.0)	(33.0, 144011.0)	(34.0, 177137.0)	(35.0, 221059.5)	(36.0, 275344.0)	(37.0, 342505.0)	(38.0, 420308.5)	(39.0, 506167.5)	(40.0, 592802.0)	(41.0, 670582.5)	(42.0, 744756.5)	(43.0, 806018.0)	(44.0, 844477.5)	(45.0, 849621.0)	(46.0, 825359.5)	(47.0, 789473.5)	(48.0, 748648.0)	(49.0, 700449.5)	(50.0, 635574.5)	(51.0, 548726.5)	(52.0, 465813.0)	(53.0, 402373.5)	(54.0, 347349.5)	(55.0, 304471.0)	(56.0, 262410.5)	(57.0, 215883.0)	(58.0, 179055.0)	(59.0, 152098.0)	(60.0, 131214.0)	(61.0, 113424.5)	(62.0, 98693.5)	(63.0, 86160.5)	(64.0, 72427.5)	(65.0, 56700.0)	(66.0, 42972.0)	(67.0, 34869.5)	(68.0, 28539.5)	(69.0, 22786.0)	(70.0, 15470.5)	(71.0, 10100.0)	(72.0, 7907.0)	(73.0, 7207.0)	(74.0, 7305.5)	(75.0, 6243.5)	(76.0, 5160.5)	(77.0, 3950.0)	(78.0, 3379.0)	(79.0, 3061.0)	(80.0, 1984.5)	(81.0, 999.0)	(82.0, 418.0)	(83.0, 25.0)	(84.0, 3.5)	(85.0, 1.5)	(86.0, 1.0)	(87.0, 1.5)	(88.0, 1.0)	(89.0, 1.0)	(90.0, 0.5)	(91.0, 0.0)	(92.0, 1.0)	(93.0, 1.0)	(94.0, 0.0)	(95.0, 0.0)	(96.0, 0.0)	(97.0, 0.0)	(98.0, 0.0)	(99.0, 0.0)	(100.0, 0.0)
GI_48hpi_3_R2	(0.0, 152.0)	(1.0, 135.5)	(2.0, 107.5)	(3.0, 88.0)	(4.0, 74.0)	(5.0, 59.5)	(6.0, 60.0)	(7.0, 68.5)	(8.0, 81.0)	(9.0, 100.0)	(10.0, 121.0)	(11.0, 154.0)	(12.0, 210.5)	(13.0, 291.0)	(14.0, 453.0)	(15.0, 653.5)	(16.0, 880.5)	(17.0, 1244.0)	(18.0, 1806.5)	(19.0, 2511.5)	(20.0, 3439.0)	(21.0, 5016.5)	(22.0, 7101.0)	(23.0, 9552.5)	(24.0, 13521.0)	(25.0, 18859.5)	(26.0, 25865.5)	(27.0, 34593.0)	(28.0, 44262.5)	(29.0, 56220.0)	(30.0, 69262.5)	(31.0, 85242.0)	(32.0, 107800.5)	(33.0, 133104.5)	(34.0, 162947.0)	(35.0, 202339.0)	(36.0, 252712.5)	(37.0, 314003.5)	(38.0, 387629.0)	(39.0, 469419.0)	(40.0, 553570.5)	(41.0, 636212.0)	(42.0, 712254.0)	(43.0, 774913.0)	(44.0, 821056.0)	(45.0, 839746.5)	(46.0, 828218.5)	(47.0, 802016.0)	(48.0, 759303.5)	(49.0, 713801.5)	(50.0, 660321.0)	(51.0, 585892.5)	(52.0, 502537.0)	(53.0, 426953.0)	(54.0, 368433.0)	(55.0, 322537.0)	(56.0, 284360.5)	(57.0, 240807.0)	(58.0, 196428.0)	(59.0, 162239.0)	(60.0, 140610.0)	(61.0, 124387.0)	(62.0, 105160.0)	(63.0, 92359.5)	(64.0, 82144.0)	(65.0, 67102.5)	(66.0, 51509.5)	(67.0, 39497.5)	(68.0, 32632.0)	(69.0, 26826.0)	(70.0, 20816.5)	(71.0, 14466.0)	(72.0, 9390.5)	(73.0, 7006.0)	(74.0, 8088.0)	(75.0, 8331.5)	(76.0, 5983.5)	(77.0, 5008.0)	(78.0, 3879.5)	(79.0, 3226.5)	(80.0, 3161.5)	(81.0, 1909.0)	(82.0, 998.0)	(83.0, 377.0)	(84.0, 5.0)	(85.0, 3.0)	(86.0, 2.0)	(87.0, 0.5)	(88.0, 0.0)	(89.0, 0.0)	(90.0, 0.0)	(91.0, 1.0)	(92.0, 2.0)	(93.0, 1.0)	(94.0, 0.5)	(95.0, 0.5)	(96.0, 0.0)	(97.0, 0.5)	(98.0, 0.5)	(99.0, 1.0)	(100.0, 4.5)
GI_6hpi_1_R1	(0.0, 69.0)	(1.0, 64.0)	(2.0, 48.0)	(3.0, 34.0)	(4.0, 35.0)	(5.0, 43.5)	(6.0, 46.0)	(7.0, 49.0)	(8.0, 60.0)	(9.0, 73.0)	(10.0, 110.0)	(11.0, 147.0)	(12.0, 180.5)	(13.0, 246.5)	(14.0, 455.0)	(15.0, 624.0)	(16.0, 731.5)	(17.0, 1097.5)	(18.0, 1647.0)	(19.0, 2270.5)	(20.0, 3157.5)	(21.0, 4587.5)	(22.0, 6605.5)	(23.0, 9343.5)	(24.0, 13597.0)	(25.0, 19251.5)	(26.0, 26124.5)	(27.0, 35232.5)	(28.0, 46557.0)	(29.0, 60060.5)	(30.0, 75472.5)	(31.0, 94906.0)	(32.0, 119805.0)	(33.0, 148201.5)	(34.0, 182830.0)	(35.0, 227689.5)	(36.0, 285218.5)	(37.0, 355334.5)	(38.0, 438845.5)	(39.0, 535100.0)	(40.0, 636403.0)	(41.0, 736393.5)	(42.0, 831738.0)	(43.0, 910794.5)	(44.0, 960459.5)	(45.0, 974397.0)	(46.0, 955657.5)	(47.0, 916115.5)	(48.0, 863473.0)	(49.0, 806203.0)	(50.0, 733157.0)	(51.0, 636351.0)	(52.0, 537807.0)	(53.0, 455272.0)	(54.0, 393664.5)	(55.0, 352503.5)	(56.0, 311088.5)	(57.0, 254642.0)	(58.0, 203374.0)	(59.0, 167868.0)	(60.0, 143989.5)	(61.0, 124018.5)	(62.0, 103324.0)	(63.0, 88906.5)	(64.0, 76054.0)	(65.0, 60208.0)	(66.0, 46246.5)	(67.0, 36663.5)	(68.0, 30778.5)	(69.0, 24011.0)	(70.0, 16306.0)	(71.0, 9897.5)	(72.0, 5826.5)	(73.0, 4612.0)	(74.0, 4360.5)	(75.0, 3426.0)	(76.0, 2298.5)	(77.0, 1736.5)	(78.0, 1360.5)	(79.0, 1117.0)	(80.0, 883.0)	(81.0, 478.0)	(82.0, 226.5)	(83.0, 67.0)	(84.0, 1.0)	(85.0, 0.0)	(86.0, 0.0)	(87.0, 0.0)	(88.0, 0.0)	(89.0, 0.0)	(90.0, 0.0)	(91.0, 0.0)	(92.0, 0.0)	(93.0, 0.0)	(94.0, 0.0)	(95.0, 0.0)	(96.0, 2.0)	(97.0, 7.0)	(98.0, 7.5)	(99.0, 3.0)	(100.0, 0.5)
GI_6hpi_1_R2	(0.0, 317.0)	(1.0, 293.5)	(2.0, 230.0)	(3.0, 184.5)	(4.0, 156.5)	(5.0, 114.0)	(6.0, 96.0)	(7.0, 98.0)	(8.0, 104.5)	(9.0, 106.0)	(10.0, 132.0)	(11.0, 177.5)	(12.0, 209.5)	(13.0, 275.5)	(14.0, 492.5)	(15.0, 653.5)	(16.0, 728.0)	(17.0, 1083.5)	(18.0, 1617.5)	(19.0, 2218.5)	(20.0, 3042.0)	(21.0, 4360.5)	(22.0, 6349.5)	(23.0, 9039.5)	(24.0, 13194.5)	(25.0, 18820.5)	(26.0, 25312.5)	(27.0, 34085.5)	(28.0, 45303.5)	(29.0, 58779.5)	(30.0, 74205.0)	(31.0, 93224.0)	(32.0, 118003.0)	(33.0, 145755.5)	(34.0, 178337.0)	(35.0, 220985.5)	(36.0, 276378.0)	(37.0, 345314.0)	(38.0, 426318.0)	(39.0, 520405.0)	(40.0, 621676.0)	(41.0, 720195.0)	(42.0, 814709.5)	(43.0, 891988.0)	(44.0, 946540.0)	(45.0, 967514.0)	(46.0, 951045.0)	(47.0, 915873.5)	(48.0, 861435.5)	(49.0, 805460.5)	(50.0, 742946.0)	(51.0, 652435.0)	(52.0, 550882.5)	(53.0, 465129.0)	(54.0, 401364.5)	(55.0, 359238.5)	(56.0, 324517.0)	(57.0, 269748.0)	(58.0, 214193.5)	(59.0, 174838.0)	(60.0, 149835.0)	(61.0, 131153.0)	(62.0, 108454.5)	(63.0, 92617.0)	(64.0, 81179.5)	(65.0, 65441.0)	(66.0, 50277.0)	(67.0, 39906.0)	(68.0, 33330.5)	(69.0, 26712.0)	(70.0, 19478.5)	(71.0, 12228.0)	(72.0, 6933.5)	(73.0, 4862.0)	(74.0, 4955.0)	(75.0, 4540.5)	(76.0, 2741.0)	(77.0, 2002.0)	(78.0, 1559.5)	(79.0, 1222.5)	(80.0, 1135.0)	(81.0, 716.0)	(82.0, 360.5)	(83.0, 125.5)	(84.0, 2.5)	(85.0, 0.5)	(86.0, 0.0)	(87.0, 1.0)	(88.0, 1.0)	(89.0, 1.0)	(90.0, 1.5)	(91.0, 0.5)	(92.0, 0.5)	(93.0, 1.5)	(94.0, 4.5)	(95.0, 5.5)	(96.0, 6.0)	(97.0, 6.5)	(98.0, 4.0)	(99.0, 7.5)	(100.0, 19.5)
GI_6hpi_2_R1	(0.0, 74.0)	(1.0, 58.5)	(2.0, 45.0)	(3.0, 43.0)	(4.0, 41.5)	(5.0, 43.5)	(6.0, 52.5)	(7.0, 60.0)	(8.0, 68.0)	(9.0, 76.5)	(10.0, 92.5)	(11.0, 119.0)	(12.0, 160.5)	(13.0, 260.5)	(14.0, 472.5)	(15.0, 634.0)	(16.0, 754.5)	(17.0, 1102.0)	(18.0, 1653.5)	(19.0, 2246.5)	(20.0, 3060.5)	(21.0, 4507.0)	(22.0, 6625.0)	(23.0, 9230.5)	(24.0, 13352.0)	(25.0, 18980.5)	(26.0, 25850.0)	(27.0, 34879.5)	(28.0, 45584.0)	(29.0, 58445.0)	(30.0, 73906.0)	(31.0, 92697.0)	(32.0, 116753.5)	(33.0, 144215.0)	(34.0, 176938.5)	(35.0, 219529.0)	(36.0, 273988.0)	(37.0, 340037.0)	(38.0, 419281.5)	(39.0, 509548.0)	(40.0, 603892.0)	(41.0, 695369.0)	(42.0, 779989.5)	(43.0, 847864.0)	(44.0, 888402.5)	(45.0, 894355.5)	(46.0, 867927.0)	(47.0, 826059.5)	(48.0, 773224.0)	(49.0, 713865.5)	(50.0, 642809.0)	(51.0, 554409.0)	(52.0, 465012.0)	(53.0, 390151.0)	(54.0, 334837.0)	(55.0, 298338.5)	(56.0, 262924.5)	(57.0, 214414.5)	(58.0, 170226.0)	(59.0, 140081.0)	(60.0, 119791.5)	(61.0, 102973.5)	(62.0, 85294.5)	(63.0, 72684.0)	(64.0, 61883.5)	(65.0, 48828.0)	(66.0, 37343.5)	(67.0, 29806.0)	(68.0, 25063.0)	(69.0, 19344.0)	(70.0, 13025.5)	(71.0, 7852.5)	(72.0, 4546.5)	(73.0, 3553.0)	(74.0, 3191.5)	(75.0, 2447.5)	(76.0, 1689.5)	(77.0, 1288.0)	(78.0, 1011.5)	(79.0, 785.0)	(80.0, 595.0)	(81.0, 333.5)	(82.0, 172.0)	(83.0, 53.5)	(84.0, 0.5)	(85.0, 0.0)	(86.0, 0.0)	(87.0, 0.0)	(88.0, 0.0)	(89.0, 0.0)	(90.0, 0.0)	(91.0, 0.0)	(92.0, 0.0)	(93.0, 0.0)	(94.0, 0.0)	(95.0, 0.5)	(96.0, 2.0)	(97.0, 4.0)	(98.0, 8.0)	(99.0, 6.0)	(100.0, 0.5)
GI_6hpi_2_R2	(0.0, 300.0)	(1.0, 277.5)	(2.0, 216.0)	(3.0, 161.5)	(4.0, 126.5)	(5.0, 116.0)	(6.0, 121.0)	(7.0, 119.5)	(8.0, 117.5)	(9.0, 123.5)	(10.0, 128.5)	(11.0, 129.0)	(12.0, 185.0)	(13.0, 269.0)	(14.0, 433.0)	(15.0, 606.5)	(16.0, 754.0)	(17.0, 1112.5)	(18.0, 1649.5)	(19.0, 2208.0)	(20.0, 3042.5)	(21.0, 4422.0)	(22.0, 6376.5)	(23.0, 8957.0)	(24.0, 13023.0)	(25.0, 18555.0)	(26.0, 25007.0)	(27.0, 33658.0)	(28.0, 44274.0)	(29.0, 57418.0)	(30.0, 72439.0)	(31.0, 90672.5)	(32.0, 114790.5)	(33.0, 141667.5)	(34.0, 173015.5)	(35.0, 213738.0)	(36.0, 265478.5)	(37.0, 329826.0)	(38.0, 406591.0)	(39.0, 495331.0)	(40.0, 589222.0)	(41.0, 678278.5)	(42.0, 762781.0)	(43.0, 831011.5)	(44.0, 876726.0)	(45.0, 890674.5)	(46.0, 866313.5)	(47.0, 826216.5)	(48.0, 774450.0)	(49.0, 716738.0)	(50.0, 653232.0)	(51.0, 570107.0)	(52.0, 478057.5)	(53.0, 399688.5)	(54.0, 341731.0)	(55.0, 304784.0)	(56.0, 274640.5)	(57.0, 227212.5)	(58.0, 179309.5)	(59.0, 146241.5)	(60.0, 124984.0)	(61.0, 108824.0)	(62.0, 89200.5)	(63.0, 75865.5)	(64.0, 66311.5)	(65.0, 52925.0)	(66.0, 40633.5)	(67.0, 32147.0)	(68.0, 27146.0)	(69.0, 21869.0)	(70.0, 15611.0)	(71.0, 9634.5)	(72.0, 5412.0)	(73.0, 3685.5)	(74.0, 3541.0)	(75.0, 3203.0)	(76.0, 1957.5)	(77.0, 1476.0)	(78.0, 1200.5)	(79.0, 915.5)	(80.0, 828.5)	(81.0, 509.5)	(82.0, 252.5)	(83.0, 88.0)	(84.0, 4.0)	(85.0, 1.0)	(86.0, 0.5)	(87.0, 0.5)	(88.0, 0.5)	(89.0, 2.0)	(90.0, 2.0)	(91.0, 1.0)	(92.0, 2.0)	(93.0, 2.5)	(94.0, 2.5)	(95.0, 2.5)	(96.0, 2.5)	(97.0, 2.0)	(98.0, 2.5)	(99.0, 6.0)	(100.0, 15.0)
GI_6hpi_3_R1	(0.0, 85.0)	(1.0, 71.0)	(2.0, 49.0)	(3.0, 41.0)	(4.0, 45.0)	(5.0, 50.0)	(6.0, 64.0)	(7.0, 71.0)	(8.0, 73.0)	(9.0, 90.5)	(10.0, 125.0)	(11.0, 168.5)	(12.0, 219.0)	(13.0, 300.5)	(14.0, 529.0)	(15.0, 749.0)	(16.0, 853.0)	(17.0, 1221.5)	(18.0, 1858.5)	(19.0, 2581.0)	(20.0, 3595.5)	(21.0, 5311.0)	(22.0, 7755.0)	(23.0, 10759.0)	(24.0, 15579.0)	(25.0, 22036.5)	(26.0, 29954.5)	(27.0, 40783.0)	(28.0, 53576.5)	(29.0, 68941.0)	(30.0, 86867.0)	(31.0, 108741.0)	(32.0, 137080.0)	(33.0, 168838.5)	(34.0, 207107.5)	(35.0, 256897.0)	(36.0, 318912.5)	(37.0, 394925.5)	(38.0, 484333.5)	(39.0, 586198.0)	(40.0, 693216.5)	(41.0, 793796.0)	(42.0, 885825.0)	(43.0, 958070.0)	(44.0, 999244.5)	(45.0, 1001536.5)	(46.0, 969996.0)	(47.0, 920842.0)	(48.0, 859310.0)	(49.0, 796108.0)	(50.0, 719195.5)	(51.0, 619746.5)	(52.0, 521478.0)	(53.0, 441517.5)	(54.0, 382688.5)	(55.0, 343934.0)	(56.0, 305204.5)	(57.0, 251158.0)	(58.0, 201209.5)	(59.0, 166511.5)	(60.0, 143727.0)	(61.0, 124335.5)	(62.0, 104029.5)	(63.0, 90551.0)	(64.0, 77984.5)	(65.0, 61285.5)	(66.0, 46967.0)	(67.0, 37888.5)	(68.0, 32228.5)	(69.0, 25191.5)	(70.0, 17170.0)	(71.0, 10483.5)	(72.0, 6070.5)	(73.0, 4887.5)	(74.0, 4539.5)	(75.0, 3543.0)	(76.0, 2500.0)	(77.0, 1906.0)	(78.0, 1450.5)	(79.0, 1181.0)	(80.0, 937.0)	(81.0, 544.5)	(82.0, 279.5)	(83.0, 81.0)	(84.0, 2.5)	(85.0, 0.0)	(86.0, 0.0)	(87.0, 0.0)	(88.0, 0.0)	(89.0, 0.0)	(90.0, 0.0)	(91.0, 0.5)	(92.0, 0.5)	(93.0, 0.5)	(94.0, 0.5)	(95.0, 0.5)	(96.0, 2.0)	(97.0, 4.0)	(98.0, 6.5)	(99.0, 4.5)	(100.0, 0.5)
GI_6hpi_3_R2	(0.0, 384.0)	(1.0, 339.0)	(2.0, 259.0)	(3.0, 197.5)	(4.0, 158.5)	(5.0, 129.0)	(6.0, 133.5)	(7.0, 142.5)	(8.0, 118.0)	(9.0, 115.0)	(10.0, 134.0)	(11.0, 162.0)	(12.0, 217.0)	(13.0, 308.0)	(14.0, 538.0)	(15.0, 708.0)	(16.0, 839.5)	(17.0, 1270.5)	(18.0, 1883.0)	(19.0, 2555.5)	(20.0, 3496.0)	(21.0, 5022.5)	(22.0, 7381.0)	(23.0, 10289.0)	(24.0, 14958.0)	(25.0, 21364.0)	(26.0, 29014.5)	(27.0, 39472.0)	(28.0, 51881.0)	(29.0, 66922.5)	(30.0, 84315.5)	(31.0, 105497.5)	(32.0, 133642.5)	(33.0, 164875.5)	(34.0, 200686.0)	(35.0, 247318.0)	(36.0, 306446.5)	(37.0, 379886.0)	(38.0, 466739.5)	(39.0, 565452.5)	(40.0, 671045.5)	(41.0, 770166.0)	(42.0, 862126.0)	(43.0, 935642.0)	(44.0, 984347.5)	(45.0, 998986.0)	(46.0, 970821.0)	(47.0, 926231.0)	(48.0, 866888.5)	(49.0, 804342.5)	(50.0, 736627.5)	(51.0, 642242.0)	(52.0, 539866.5)	(53.0, 454860.5)	(54.0, 391953.0)	(55.0, 351846.5)	(56.0, 319316.0)	(57.0, 266701.0)	(58.0, 212152.5)	(59.0, 173641.0)	(60.0, 149495.0)	(61.0, 131847.0)	(62.0, 109339.5)	(63.0, 93234.0)	(64.0, 82515.5)	(65.0, 67076.5)	(66.0, 51190.5)	(67.0, 40284.0)	(68.0, 34283.5)	(69.0, 27884.5)	(70.0, 20339.5)	(71.0, 12675.0)	(72.0, 7075.5)	(73.0, 4907.5)	(74.0, 5047.5)	(75.0, 4647.0)	(76.0, 2920.0)	(77.0, 2264.0)	(78.0, 1756.0)	(79.0, 1385.0)	(80.0, 1290.0)	(81.0, 789.0)	(82.0, 398.0)	(83.0, 150.5)	(84.0, 2.0)	(85.0, 0.5)	(86.0, 0.5)	(87.0, 0.5)	(88.0, 0.0)	(89.0, 0.0)	(90.0, 1.5)	(91.0, 3.0)	(92.0, 2.0)	(93.0, 3.0)	(94.0, 4.5)	(95.0, 3.5)	(96.0, 1.5)	(97.0, 1.5)	(98.0, 5.0)	(99.0, 5.0)	(100.0, 14.5)
HC_24hpi_1_R1	(0.0, 68.0)	(1.0, 52.5)	(2.0, 31.0)	(3.0, 25.0)	(4.0, 32.5)	(5.0, 39.5)	(6.0, 47.0)	(7.0, 53.0)	(8.0, 67.0)	(9.0, 95.5)	(10.0, 102.5)	(11.0, 119.5)	(12.0, 170.5)	(13.0, 251.5)	(14.0, 433.0)	(15.0, 544.0)	(16.0, 652.5)	(17.0, 955.5)	(18.0, 1418.5)	(19.0, 1996.0)	(20.0, 2930.0)	(21.0, 4313.5)	(22.0, 6327.5)	(23.0, 8862.5)	(24.0, 12320.5)	(25.0, 17622.5)	(26.0, 24332.0)	(27.0, 33675.0)	(28.0, 45305.0)	(29.0, 59038.0)	(30.0, 74460.5)	(31.0, 92832.5)	(32.0, 116378.0)	(33.0, 143384.5)	(34.0, 176420.0)	(35.0, 217989.0)	(36.0, 268911.5)	(37.0, 331559.0)	(38.0, 407813.0)	(39.0, 493115.5)	(40.0, 580875.5)	(41.0, 666731.0)	(42.0, 746158.0)	(43.0, 812757.5)	(44.0, 856183.0)	(45.0, 865514.0)	(46.0, 842651.0)	(47.0, 811696.0)	(48.0, 776269.5)	(49.0, 731501.5)	(50.0, 670559.0)	(51.0, 582116.5)	(52.0, 488671.5)	(53.0, 406503.0)	(54.0, 340749.5)	(55.0, 299542.5)	(56.0, 260319.5)	(57.0, 207360.0)	(58.0, 161886.5)	(59.0, 132548.0)	(60.0, 112754.0)	(61.0, 95967.0)	(62.0, 81853.0)	(63.0, 72769.0)	(64.0, 62365.0)	(65.0, 49884.5)	(66.0, 37572.5)	(67.0, 28179.0)	(68.0, 23138.5)	(69.0, 18306.5)	(70.0, 12715.5)	(71.0, 7866.0)	(72.0, 4726.5)	(73.0, 3737.5)	(74.0, 3546.5)	(75.0, 2699.0)	(76.0, 1755.5)	(77.0, 1437.5)	(78.0, 1392.0)	(79.0, 1270.0)	(80.0, 922.5)	(81.0, 486.5)	(82.0, 201.0)	(83.0, 57.0)	(84.0, 1.5)	(85.0, 0.0)	(86.0, 0.0)	(87.0, 0.5)	(88.0, 1.0)	(89.0, 0.5)	(90.0, 0.0)	(91.0, 0.0)	(92.0, 0.0)	(93.0, 0.0)	(94.0, 0.0)	(95.0, 0.5)	(96.0, 1.5)	(97.0, 5.0)	(98.0, 5.5)	(99.0, 2.5)	(100.0, 1.0)
HC_24hpi_1_R2	(0.0, 254.0)	(1.0, 227.5)	(2.0, 185.5)	(3.0, 150.0)	(4.0, 129.5)	(5.0, 113.0)	(6.0, 95.5)	(7.0, 100.0)	(8.0, 118.0)	(9.0, 124.0)	(10.0, 127.0)	(11.0, 150.5)	(12.0, 192.5)	(13.0, 279.5)	(14.0, 457.0)	(15.0, 572.0)	(16.0, 701.0)	(17.0, 1004.0)	(18.0, 1411.0)	(19.0, 2014.0)	(20.0, 2855.5)	(21.0, 4286.5)	(22.0, 6305.5)	(23.0, 8645.0)	(24.0, 12219.0)	(25.0, 17373.0)	(26.0, 23775.0)	(27.0, 32804.0)	(28.0, 44661.0)	(29.0, 58735.0)	(30.0, 73700.0)	(31.0, 91712.0)	(32.0, 115189.0)	(33.0, 141952.5)	(34.0, 174112.5)	(35.0, 214309.0)	(36.0, 262786.5)	(37.0, 323433.0)	(38.0, 398981.5)	(39.0, 481855.0)	(40.0, 567634.0)	(41.0, 652557.0)	(42.0, 730221.5)	(43.0, 796081.0)	(44.0, 845608.0)	(45.0, 862687.5)	(46.0, 840177.0)	(47.0, 807900.0)	(48.0, 771615.5)	(49.0, 729623.0)	(50.0, 675952.0)	(51.0, 595664.5)	(52.0, 501909.5)	(53.0, 415330.5)	(54.0, 346301.5)	(55.0, 305799.0)	(56.0, 272395.5)	(57.0, 219025.5)	(58.0, 169815.5)	(59.0, 137283.0)	(60.0, 117757.5)	(61.0, 101171.5)	(62.0, 84378.5)	(63.0, 74701.5)	(64.0, 65920.5)	(65.0, 55147.5)	(66.0, 42243.5)	(67.0, 30816.0)	(68.0, 24818.5)	(69.0, 20503.5)	(70.0, 15466.0)	(71.0, 9680.5)	(72.0, 5762.5)	(73.0, 3966.5)	(74.0, 3982.5)	(75.0, 3649.5)	(76.0, 2112.0)	(77.0, 1630.0)	(78.0, 1479.0)	(79.0, 1426.0)	(80.0, 1272.5)	(81.0, 697.5)	(82.0, 309.5)	(83.0, 83.5)	(84.0, 2.5)	(85.0, 3.0)	(86.0, 3.0)	(87.0, 1.5)	(88.0, 2.5)	(89.0, 3.5)	(90.0, 3.5)	(91.0, 2.0)	(92.0, 2.0)	(93.0, 4.0)	(94.0, 5.0)	(95.0, 4.0)	(96.0, 2.0)	(97.0, 3.0)	(98.0, 5.5)	(99.0, 9.5)	(100.0, 17.5)
HC_24hpi_2_R1	(0.0, 41.0)	(1.0, 46.0)	(2.0, 41.5)	(3.0, 33.5)	(4.0, 32.5)	(5.0, 38.0)	(6.0, 50.5)	(7.0, 55.5)	(8.0, 73.0)	(9.0, 92.5)	(10.0, 115.5)	(11.0, 144.0)	(12.0, 193.5)	(13.0, 278.0)	(14.0, 501.0)	(15.0, 660.0)	(16.0, 695.5)	(17.0, 974.0)	(18.0, 1521.5)	(19.0, 2156.5)	(20.0, 3039.5)	(21.0, 4449.0)	(22.0, 6404.0)	(23.0, 8870.0)	(24.0, 12341.5)	(25.0, 17599.0)	(26.0, 24410.5)	(27.0, 33998.5)	(28.0, 46077.0)	(29.0, 60190.0)	(30.0, 75266.5)	(31.0, 93501.5)	(32.0, 117272.0)	(33.0, 143105.0)	(34.0, 175150.0)	(35.0, 215212.5)	(36.0, 262236.0)	(37.0, 321031.5)	(38.0, 393278.5)	(39.0, 473836.5)	(40.0, 557228.0)	(41.0, 638339.0)	(42.0, 713650.0)	(43.0, 778576.0)	(44.0, 821969.5)	(45.0, 832497.5)	(46.0, 813325.5)	(47.0, 784282.0)	(48.0, 752138.5)	(49.0, 714611.0)	(50.0, 657382.0)	(51.0, 569738.5)	(52.0, 477820.0)	(53.0, 396795.5)	(54.0, 331170.5)	(55.0, 290503.5)	(56.0, 253516.0)	(57.0, 203790.0)	(58.0, 160521.5)	(59.0, 132740.5)	(60.0, 114063.0)	(61.0, 98037.0)	(62.0, 84095.0)	(63.0, 75247.5)	(64.0, 65505.5)	(65.0, 53042.0)	(66.0, 39911.0)	(67.0, 29920.5)	(68.0, 24790.5)	(69.0, 19771.5)	(70.0, 13669.0)	(71.0, 8280.5)	(72.0, 4961.0)	(73.0, 4001.5)	(74.0, 3784.5)	(75.0, 2887.5)	(76.0, 1802.0)	(77.0, 1350.5)	(78.0, 1324.0)	(79.0, 1214.5)	(80.0, 866.5)	(81.0, 475.0)	(82.0, 203.0)	(83.0, 44.5)	(84.0, 1.0)	(85.0, 0.5)	(86.0, 0.0)	(87.0, 0.0)	(88.0, 0.0)	(89.0, 0.0)	(90.0, 0.0)	(91.0, 0.0)	(92.0, 0.0)	(93.0, 0.0)	(94.0, 0.0)	(95.0, 1.0)	(96.0, 3.0)	(97.0, 4.5)	(98.0, 4.5)	(99.0, 2.0)	(100.0, 0.0)
HC_24hpi_2_R2	(0.0, 283.0)	(1.0, 244.0)	(2.0, 184.5)	(3.0, 142.5)	(4.0, 118.0)	(5.0, 116.5)	(6.0, 109.0)	(7.0, 97.0)	(8.0, 113.5)	(9.0, 134.0)	(10.0, 149.5)	(11.0, 165.5)	(12.0, 208.5)	(13.0, 300.0)	(14.0, 483.0)	(15.0, 623.5)	(16.0, 739.5)	(17.0, 1024.5)	(18.0, 1477.5)	(19.0, 2078.0)	(20.0, 2967.0)	(21.0, 4414.0)	(22.0, 6300.0)	(23.0, 8604.5)	(24.0, 12150.0)	(25.0, 17177.0)	(26.0, 23881.5)	(27.0, 33015.5)	(28.0, 44700.5)	(29.0, 58967.5)	(30.0, 73661.5)	(31.0, 91024.5)	(32.0, 114838.0)	(33.0, 140625.0)	(34.0, 170436.0)	(35.0, 208528.5)	(36.0, 254356.5)	(37.0, 312564.5)	(38.0, 383815.5)	(39.0, 461384.0)	(40.0, 542308.0)	(41.0, 622140.5)	(42.0, 695776.5)	(43.0, 759679.5)	(44.0, 810412.5)	(45.0, 829043.0)	(46.0, 808337.5)	(47.0, 780535.0)	(48.0, 750271.0)	(49.0, 715510.0)	(50.0, 667918.0)	(51.0, 589491.0)	(52.0, 494741.0)	(53.0, 407414.0)	(54.0, 338411.0)	(55.0, 298080.0)	(56.0, 266135.5)	(57.0, 215961.5)	(58.0, 169309.0)	(59.0, 137893.5)	(60.0, 119495.5)	(61.0, 103417.0)	(62.0, 86614.5)	(63.0, 77809.5)	(64.0, 69344.0)	(65.0, 58349.5)	(66.0, 44902.0)	(67.0, 32462.0)	(68.0, 26033.5)	(69.0, 21728.5)	(70.0, 16447.5)	(71.0, 10055.0)	(72.0, 5853.0)	(73.0, 3997.5)	(74.0, 4126.0)	(75.0, 3866.5)	(76.0, 2133.5)	(77.0, 1525.5)	(78.0, 1401.5)	(79.0, 1413.5)	(80.0, 1220.5)	(81.0, 638.0)	(82.0, 309.0)	(83.0, 91.0)	(84.0, 1.5)	(85.0, 1.5)	(86.0, 1.0)	(87.0, 0.5)	(88.0, 0.0)	(89.0, 0.5)	(90.0, 1.0)	(91.0, 0.5)	(92.0, 1.5)	(93.0, 4.5)	(94.0, 5.0)	(95.0, 3.5)	(96.0, 2.5)	(97.0, 4.5)	(98.0, 7.5)	(99.0, 8.0)	(100.0, 16.5)
HC_24hpi_3_R1	(0.0, 87.0)	(1.0, 74.5)	(2.0, 50.5)	(3.0, 39.0)	(4.0, 42.0)	(5.0, 49.5)	(6.0, 65.5)	(7.0, 80.5)	(8.0, 87.0)	(9.0, 110.5)	(10.0, 137.5)	(11.0, 163.5)	(12.0, 237.5)	(13.0, 333.0)	(14.0, 546.0)	(15.0, 697.5)	(16.0, 815.5)	(17.0, 1161.5)	(18.0, 1690.0)	(19.0, 2333.0)	(20.0, 3375.5)	(21.0, 4959.0)	(22.0, 7137.0)	(23.0, 9892.0)	(24.0, 13792.5)	(25.0, 19398.0)	(26.0, 26748.0)	(27.0, 36756.5)	(28.0, 48560.0)	(29.0, 62729.0)	(30.0, 78076.5)	(31.0, 96095.0)	(32.0, 118498.5)	(33.0, 143058.5)	(34.0, 172761.5)	(35.0, 209193.5)	(36.0, 252753.0)	(37.0, 305390.5)	(38.0, 369526.0)	(39.0, 440419.0)	(40.0, 512487.0)	(41.0, 582932.0)	(42.0, 649493.0)	(43.0, 706083.0)	(44.0, 741291.0)	(45.0, 746499.5)	(46.0, 725170.0)	(47.0, 695799.5)	(48.0, 662002.0)	(49.0, 626101.0)	(50.0, 576544.0)	(51.0, 500816.5)	(52.0, 421481.5)	(53.0, 350603.5)	(54.0, 295541.5)	(55.0, 262062.5)	(56.0, 229619.0)	(57.0, 184100.5)	(58.0, 143595.0)	(59.0, 118123.0)	(60.0, 100631.5)	(61.0, 85919.0)	(62.0, 73883.0)	(63.0, 65528.0)	(64.0, 56242.5)	(65.0, 45639.0)	(66.0, 34937.5)	(67.0, 26593.0)	(68.0, 22260.0)	(69.0, 17824.5)	(70.0, 12068.5)	(71.0, 7178.0)	(72.0, 4362.0)	(73.0, 3860.0)	(74.0, 4034.0)	(75.0, 3137.5)	(76.0, 1856.0)	(77.0, 1331.0)	(78.0, 1195.5)	(79.0, 1040.0)	(80.0, 729.5)	(81.0, 403.5)	(82.0, 175.5)	(83.0, 36.0)	(84.0, 1.5)	(85.0, 1.0)	(86.0, 0.5)	(87.0, 0.0)	(88.0, 0.0)	(89.0, 0.0)	(90.0, 0.0)	(91.0, 0.0)	(92.0, 0.0)	(93.0, 0.0)	(94.0, 0.0)	(95.0, 0.0)	(96.0, 2.0)	(97.0, 3.5)	(98.0, 2.5)	(99.0, 1.0)	(100.0, 0.0)
HC_24hpi_3_R2	(0.0, 383.0)	(1.0, 348.5)	(2.0, 268.0)	(3.0, 198.5)	(4.0, 169.0)	(5.0, 156.5)	(6.0, 134.5)	(7.0, 128.0)	(8.0, 140.5)	(9.0, 155.0)	(10.0, 171.5)	(11.0, 182.0)	(12.0, 240.0)	(13.0, 363.0)	(14.0, 546.0)	(15.0, 679.5)	(16.0, 816.0)	(17.0, 1166.0)	(18.0, 1642.5)	(19.0, 2241.0)	(20.0, 3194.5)	(21.0, 4739.5)	(22.0, 7044.5)	(23.0, 9723.5)	(24.0, 13437.5)	(25.0, 18731.5)	(26.0, 25606.5)	(27.0, 35552.0)	(28.0, 47608.0)	(29.0, 61340.5)	(30.0, 76111.5)	(31.0, 93356.0)	(32.0, 116169.5)	(33.0, 140295.5)	(34.0, 167492.0)	(35.0, 202506.0)	(36.0, 244462.0)	(37.0, 295702.5)	(38.0, 358546.5)	(39.0, 428129.0)	(40.0, 498548.5)	(41.0, 567744.0)	(42.0, 634163.0)	(43.0, 690449.0)	(44.0, 733542.0)	(45.0, 746451.0)	(46.0, 723449.5)	(47.0, 693988.0)	(48.0, 660926.5)	(49.0, 626527.0)	(50.0, 585504.5)	(51.0, 517636.0)	(52.0, 435156.5)	(53.0, 359801.0)	(54.0, 302220.5)	(55.0, 269274.0)	(56.0, 242594.5)	(57.0, 197050.0)	(58.0, 151726.5)	(59.0, 122496.5)	(60.0, 105257.0)	(61.0, 90613.0)	(62.0, 76186.0)	(63.0, 68162.5)	(64.0, 59603.0)	(65.0, 49860.5)	(66.0, 38957.0)	(67.0, 28661.0)	(68.0, 23399.5)	(69.0, 20069.5)	(70.0, 15056.5)	(71.0, 8796.5)	(72.0, 5033.0)	(73.0, 3549.0)	(74.0, 4269.0)	(75.0, 4220.0)	(76.0, 2238.0)	(77.0, 1503.0)	(78.0, 1306.0)	(79.0, 1242.5)	(80.0, 1009.0)	(81.0, 570.0)	(82.0, 293.0)	(83.0, 74.0)	(84.0, 1.0)	(85.0, 1.0)	(86.0, 2.0)	(87.0, 1.0)	(88.0, 0.0)	(89.0, 0.0)	(90.0, 0.5)	(91.0, 1.0)	(92.0, 1.5)	(93.0, 2.5)	(94.0, 2.0)	(95.0, 1.5)	(96.0, 2.0)	(97.0, 4.0)	(98.0, 3.5)	(99.0, 2.5)	(100.0, 12.5)
HC_48hpi_1_R1	(0.0, 59.0)	(1.0, 55.5)	(2.0, 47.5)	(3.0, 39.5)	(4.0, 45.0)	(5.0, 54.5)	(6.0, 64.0)	(7.0, 71.5)	(8.0, 89.0)	(9.0, 119.0)	(10.0, 149.0)	(11.0, 178.5)	(12.0, 232.0)	(13.0, 338.5)	(14.0, 596.0)	(15.0, 764.0)	(16.0, 863.5)	(17.0, 1267.5)	(18.0, 1901.5)	(19.0, 2716.0)	(20.0, 3820.0)	(21.0, 5658.5)	(22.0, 8143.5)	(23.0, 11432.5)	(24.0, 16284.0)	(25.0, 23121.5)	(26.0, 32460.0)	(27.0, 44391.0)	(28.0, 60122.0)	(29.0, 77002.0)	(30.0, 97270.0)	(31.0, 122602.5)	(32.0, 149582.0)	(33.0, 179476.5)	(34.0, 216200.5)	(35.0, 262805.0)	(36.0, 316566.0)	(37.0, 384656.5)	(38.0, 463656.0)	(39.0, 549256.5)	(40.0, 642956.0)	(41.0, 726930.5)	(42.0, 805015.5)	(43.0, 876662.5)	(44.0, 905043.0)	(45.0, 881184.5)	(46.0, 840150.0)	(47.0, 805989.5)	(48.0, 768772.0)	(49.0, 731449.0)	(50.0, 668004.5)	(51.0, 563776.5)	(52.0, 466084.0)	(53.0, 388529.5)	(54.0, 326322.5)	(55.0, 281142.5)	(56.0, 239232.5)	(57.0, 195730.0)	(58.0, 163456.5)	(59.0, 142033.5)	(60.0, 122430.0)	(61.0, 105458.0)	(62.0, 94349.0)	(63.0, 84390.0)	(64.0, 73482.5)	(65.0, 58132.5)	(66.0, 42759.0)	(67.0, 34045.0)	(68.0, 27239.0)	(69.0, 20658.0)	(70.0, 13181.0)	(71.0, 7663.0)	(72.0, 5111.0)	(73.0, 4294.0)	(74.0, 4052.5)	(75.0, 2670.5)	(76.0, 1782.0)	(77.0, 1468.0)	(78.0, 1306.0)	(79.0, 1018.0)	(80.0, 564.0)	(81.0, 254.5)	(82.0, 77.5)	(83.0, 5.0)	(84.0, 0.5)	(85.0, 0.0)	(86.0, 0.0)	(87.0, 1.0)	(88.0, 1.0)	(89.0, 0.0)	(90.0, 0.0)	(91.0, 0.0)	(92.0, 0.0)	(93.0, 0.0)	(94.0, 0.0)	(95.0, 0.0)	(96.0, 0.0)	(97.0, 0.0)	(98.0, 0.0)	(99.0, 0.5)	(100.0, 0.5)
HC_48hpi_1_R2	(0.0, 182.0)	(1.0, 173.5)	(2.0, 145.5)	(3.0, 120.0)	(4.0, 111.0)	(5.0, 104.0)	(6.0, 101.0)	(7.0, 117.0)	(8.0, 135.0)	(9.0, 137.5)	(10.0, 149.5)	(11.0, 184.0)	(12.0, 242.0)	(13.0, 342.5)	(14.0, 612.5)	(15.0, 754.5)	(16.0, 838.5)	(17.0, 1234.5)	(18.0, 1848.0)	(19.0, 2588.0)	(20.0, 3659.5)	(21.0, 5454.5)	(22.0, 7869.5)	(23.0, 10951.5)	(24.0, 15587.5)	(25.0, 21981.5)	(26.0, 30166.0)	(27.0, 41267.0)	(28.0, 55972.5)	(29.0, 73843.0)	(30.0, 92856.5)	(31.0, 115900.5)	(32.0, 143252.5)	(33.0, 169221.5)	(34.0, 202096.5)	(35.0, 246370.0)	(36.0, 295914.0)	(37.0, 355801.5)	(38.0, 429542.0)	(39.0, 512330.0)	(40.0, 598512.0)	(41.0, 685028.0)	(42.0, 768598.5)	(43.0, 832485.5)	(44.0, 880767.5)	(45.0, 887874.0)	(46.0, 847703.0)	(47.0, 811974.5)	(48.0, 775451.5)	(49.0, 741045.0)	(50.0, 695701.0)	(51.0, 610796.5)	(52.0, 511685.0)	(53.0, 423321.0)	(54.0, 350029.5)	(55.0, 299024.0)	(56.0, 261400.0)	(57.0, 217765.5)	(58.0, 177812.5)	(59.0, 150105.5)	(60.0, 132714.0)	(61.0, 115592.5)	(62.0, 98859.5)	(63.0, 88864.5)	(64.0, 79289.0)	(65.0, 68896.5)	(66.0, 53785.5)	(67.0, 38318.5)	(68.0, 30605.0)	(69.0, 25659.0)	(70.0, 18877.0)	(71.0, 11437.0)	(72.0, 6856.0)	(73.0, 4664.5)	(74.0, 4683.5)	(75.0, 4248.5)	(76.0, 2223.0)	(77.0, 1597.0)	(78.0, 1423.0)	(79.0, 1267.0)	(80.0, 1036.0)	(81.0, 536.0)	(82.0, 238.5)	(83.0, 65.5)	(84.0, 1.5)	(85.0, 0.0)	(86.0, 0.5)	(87.0, 0.5)	(88.0, 0.5)	(89.0, 0.5)	(90.0, 0.5)	(91.0, 0.5)	(92.0, 1.0)	(93.0, 1.5)	(94.0, 1.0)	(95.0, 1.5)	(96.0, 1.5)	(97.0, 2.0)	(98.0, 2.5)	(99.0, 1.5)	(100.0, 6.5)
HC_48hpi_2_R1	(0.0, 48.0)	(1.0, 38.5)	(2.0, 27.0)	(3.0, 23.5)	(4.0, 30.5)	(5.0, 35.0)	(6.0, 34.5)	(7.0, 52.0)	(8.0, 81.0)	(9.0, 102.5)	(10.0, 124.5)	(11.0, 154.5)	(12.0, 189.0)	(13.0, 308.0)	(14.0, 653.0)	(15.0, 802.5)	(16.0, 852.5)	(17.0, 1257.5)	(18.0, 1823.5)	(19.0, 2560.0)	(20.0, 3690.5)	(21.0, 5333.5)	(22.0, 7507.0)	(23.0, 10364.5)	(24.0, 14661.5)	(25.0, 20970.5)	(26.0, 28995.0)	(27.0, 39772.5)	(28.0, 52896.0)	(29.0, 69098.5)	(30.0, 86871.0)	(31.0, 107599.5)	(32.0, 132734.5)	(33.0, 159088.5)	(34.0, 192877.5)	(35.0, 234772.0)	(36.0, 283670.0)	(37.0, 344362.5)	(38.0, 416341.0)	(39.0, 496087.0)	(40.0, 579946.5)	(41.0, 662222.5)	(42.0, 740239.0)	(43.0, 806273.0)	(44.0, 845566.5)	(45.0, 847740.5)	(46.0, 825217.5)	(47.0, 797311.0)	(48.0, 763294.5)	(49.0, 731713.5)	(50.0, 679142.5)	(51.0, 584868.5)	(52.0, 489913.0)	(53.0, 405983.0)	(54.0, 332271.5)	(55.0, 284965.0)	(56.0, 246003.5)	(57.0, 200407.0)	(58.0, 162370.5)	(59.0, 137027.5)	(60.0, 118504.5)	(61.0, 101767.0)	(62.0, 88283.0)	(63.0, 78933.0)	(64.0, 68790.0)	(65.0, 57496.5)	(66.0, 43797.0)	(67.0, 32072.0)	(68.0, 26001.5)	(69.0, 20398.5)	(70.0, 13695.0)	(71.0, 8025.0)	(72.0, 4736.5)	(73.0, 3654.5)	(74.0, 3373.5)	(75.0, 2460.0)	(76.0, 1414.5)	(77.0, 1075.0)	(78.0, 1031.0)	(79.0, 876.0)	(80.0, 579.0)	(81.0, 294.0)	(82.0, 112.0)	(83.0, 20.5)	(84.0, 0.5)	(85.0, 0.0)	(86.0, 0.0)	(87.0, 0.0)	(88.0, 0.0)	(89.0, 0.0)	(90.0, 0.0)	(91.0, 0.0)	(92.0, 0.0)	(93.0, 0.0)	(94.0, 0.0)	(95.0, 0.0)	(96.0, 0.0)	(97.0, 0.0)	(98.0, 0.0)	(99.0, 0.0)	(100.0, 0.0)
HC_48hpi_2_R2	(0.0, 158.0)	(1.0, 143.0)	(2.0, 122.0)	(3.0, 108.5)	(4.0, 91.0)	(5.0, 88.0)	(6.0, 88.0)	(7.0, 84.0)	(8.0, 98.0)	(9.0, 118.0)	(10.0, 137.5)	(11.0, 175.0)	(12.0, 238.5)	(13.0, 338.0)	(14.0, 631.5)	(15.0, 796.0)	(16.0, 871.0)	(17.0, 1232.5)	(18.0, 1805.5)	(19.0, 2619.5)	(20.0, 3677.5)	(21.0, 5285.5)	(22.0, 7544.5)	(23.0, 10414.5)	(24.0, 14733.0)	(25.0, 20873.5)	(26.0, 28619.0)	(27.0, 39181.0)	(28.0, 52762.0)	(29.0, 68571.0)	(30.0, 85718.5)	(31.0, 106653.0)	(32.0, 132492.5)	(33.0, 158705.0)	(34.0, 190026.5)	(35.0, 230782.0)	(36.0, 278351.0)	(37.0, 336979.5)	(38.0, 408390.5)	(39.0, 487867.5)	(40.0, 568273.0)	(41.0, 648827.5)	(42.0, 726604.0)	(43.0, 787162.0)	(44.0, 835475.0)	(45.0, 848718.5)	(46.0, 820392.0)	(47.0, 790175.0)	(48.0, 756760.5)	(49.0, 727166.5)	(50.0, 686956.5)	(51.0, 602833.5)	(52.0, 502696.5)	(53.0, 413208.5)	(54.0, 338104.0)	(55.0, 291011.5)	(56.0, 255800.5)	(57.0, 210490.0)	(58.0, 168876.0)	(59.0, 140187.0)	(60.0, 122789.5)	(61.0, 106189.5)	(62.0, 90362.5)	(63.0, 81456.5)	(64.0, 72174.0)	(65.0, 62914.0)	(66.0, 49314.5)	(67.0, 34578.5)	(68.0, 27353.0)	(69.0, 22593.0)	(70.0, 16602.5)	(71.0, 9862.5)	(72.0, 5661.0)	(73.0, 3813.5)	(74.0, 3704.0)	(75.0, 3285.0)	(76.0, 1731.5)	(77.0, 1293.0)	(78.0, 1124.5)	(79.0, 1002.5)	(80.0, 819.5)	(81.0, 412.0)	(82.0, 186.0)	(83.0, 44.5)	(84.0, 3.5)	(85.0, 2.5)	(86.0, 1.0)	(87.0, 0.0)	(88.0, 0.0)	(89.0, 0.5)	(90.0, 0.5)	(91.0, 0.0)	(92.0, 0.0)	(93.0, 0.0)	(94.0, 0.0)	(95.0, 0.0)	(96.0, 1.0)	(97.0, 1.0)	(98.0, 1.0)	(99.0, 1.5)	(100.0, 3.5)
HC_48hpi_3_R1	(0.0, 50.0)	(1.0, 41.5)	(2.0, 29.5)	(3.0, 28.0)	(4.0, 29.0)	(5.0, 31.0)	(6.0, 36.0)	(7.0, 51.5)	(8.0, 60.0)	(9.0, 85.0)	(10.0, 115.0)	(11.0, 139.0)	(12.0, 201.0)	(13.0, 311.0)	(14.0, 540.5)	(15.0, 706.0)	(16.0, 795.0)	(17.0, 1107.0)	(18.0, 1605.0)	(19.0, 2331.0)	(20.0, 3430.5)	(21.0, 4839.0)	(22.0, 6792.0)	(23.0, 9481.5)	(24.0, 13282.5)	(25.0, 18526.5)	(26.0, 25334.0)	(27.0, 34843.5)	(28.0, 46417.0)	(29.0, 60066.0)	(30.0, 76240.5)	(31.0, 95075.5)	(32.0, 117074.0)	(33.0, 141516.0)	(34.0, 172753.0)	(35.0, 212427.5)	(36.0, 257587.0)	(37.0, 312516.0)	(38.0, 378893.0)	(39.0, 453331.0)	(40.0, 531374.5)	(41.0, 608594.5)	(42.0, 681069.5)	(43.0, 740284.5)	(44.0, 776714.0)	(45.0, 774930.0)	(46.0, 747182.0)	(47.0, 718190.5)	(48.0, 682724.5)	(49.0, 645827.5)	(50.0, 594508.0)	(51.0, 514042.0)	(52.0, 432373.0)	(53.0, 358851.0)	(54.0, 295118.5)	(55.0, 252747.0)	(56.0, 218097.0)	(57.0, 177894.5)	(58.0, 143640.5)	(59.0, 120758.5)	(60.0, 103749.5)	(61.0, 89111.5)	(62.0, 77229.5)	(63.0, 68361.5)	(64.0, 58508.0)	(65.0, 48283.0)	(66.0, 37060.0)	(67.0, 27303.5)	(68.0, 21989.0)	(69.0, 17033.5)	(70.0, 11480.0)	(71.0, 6896.5)	(72.0, 4134.0)	(73.0, 3053.0)	(74.0, 2632.0)	(75.0, 1956.5)	(76.0, 1231.5)	(77.0, 938.0)	(78.0, 899.5)	(79.0, 754.5)	(80.0, 478.0)	(81.0, 241.0)	(82.0, 95.0)	(83.0, 22.0)	(84.0, 1.0)	(85.0, 0.0)	(86.0, 0.0)	(87.0, 0.0)	(88.0, 0.0)	(89.0, 0.0)	(90.0, 0.0)	(91.0, 0.0)	(92.0, 0.0)	(93.0, 0.0)	(94.0, 0.0)	(95.0, 0.0)	(96.0, 0.0)	(97.0, 0.0)	(98.0, 0.0)	(99.0, 0.0)	(100.0, 0.0)
HC_48hpi_3_R2	(0.0, 127.0)	(1.0, 118.0)	(2.0, 93.5)	(3.0, 84.0)	(4.0, 76.0)	(5.0, 72.5)	(6.0, 79.5)	(7.0, 83.0)	(8.0, 101.0)	(9.0, 108.5)	(10.0, 111.5)	(11.0, 147.5)	(12.0, 215.5)	(13.0, 322.5)	(14.0, 564.0)	(15.0, 719.0)	(16.0, 820.5)	(17.0, 1145.5)	(18.0, 1656.5)	(19.0, 2359.5)	(20.0, 3308.0)	(21.0, 4756.0)	(22.0, 6893.0)	(23.0, 9619.5)	(24.0, 13355.0)	(25.0, 18560.0)	(26.0, 25344.0)	(27.0, 34484.0)	(28.0, 45937.0)	(29.0, 59559.5)	(30.0, 75022.5)	(31.0, 94033.0)	(32.0, 116919.0)	(33.0, 140324.0)	(34.0, 170105.0)	(35.0, 209148.0)	(36.0, 253091.0)	(37.0, 306263.5)	(38.0, 371184.0)	(39.0, 444370.5)	(40.0, 519526.5)	(41.0, 595021.5)	(42.0, 666597.0)	(43.0, 722414.0)	(44.0, 768154.0)	(45.0, 776834.0)	(46.0, 744854.5)	(47.0, 714405.5)	(48.0, 679551.5)	(49.0, 642860.0)	(50.0, 601097.5)	(51.0, 527949.5)	(52.0, 442092.5)	(53.0, 366473.0)	(54.0, 301908.0)	(55.0, 259157.0)	(56.0, 226730.5)	(57.0, 186350.0)	(58.0, 149986.5)	(59.0, 124026.0)	(60.0, 107648.0)	(61.0, 93402.5)	(62.0, 78810.0)	(63.0, 70047.5)	(64.0, 61426.0)	(65.0, 52589.5)	(66.0, 41192.0)	(67.0, 29631.5)	(68.0, 23453.0)	(69.0, 19213.5)	(70.0, 14243.5)	(71.0, 8533.5)	(72.0, 4954.0)	(73.0, 3306.0)	(74.0, 3005.0)	(75.0, 2623.5)	(76.0, 1479.0)	(77.0, 1110.5)	(78.0, 947.0)	(79.0, 841.5)	(80.0, 730.5)	(81.0, 388.0)	(82.0, 178.5)	(83.0, 50.0)	(84.0, 1.5)	(85.0, 1.0)	(86.0, 0.5)	(87.0, 0.0)	(88.0, 0.0)	(89.0, 0.0)	(90.0, 0.0)	(91.0, 0.0)	(92.0, 0.0)	(93.0, 0.0)	(94.0, 0.0)	(95.0, 0.0)	(96.0, 0.5)	(97.0, 1.0)	(98.0, 1.5)	(99.0, 1.0)	(100.0, 3.0)
HC_6hpi_1_R1	(0.0, 64.0)	(1.0, 54.0)	(2.0, 34.5)	(3.0, 24.0)	(4.0, 29.0)	(5.0, 34.0)	(6.0, 42.0)	(7.0, 53.0)	(8.0, 63.0)	(9.0, 78.0)	(10.0, 100.5)	(11.0, 140.5)	(12.0, 199.0)	(13.0, 288.5)	(14.0, 457.5)	(15.0, 730.5)	(16.0, 907.0)	(17.0, 1213.5)	(18.0, 1835.5)	(19.0, 2514.5)	(20.0, 3570.0)	(21.0, 5087.5)	(22.0, 7367.0)	(23.0, 10485.0)	(24.0, 14696.5)	(25.0, 20549.0)	(26.0, 27913.5)	(27.0, 37921.0)	(28.0, 49865.0)	(29.0, 63319.0)	(30.0, 79031.5)	(31.0, 97652.0)	(32.0, 120589.0)	(33.0, 146441.5)	(34.0, 175480.0)	(35.0, 212849.5)	(36.0, 260123.0)	(37.0, 317461.0)	(38.0, 388745.0)	(39.0, 470183.0)	(40.0, 554694.0)	(41.0, 637455.5)	(42.0, 712312.0)	(43.0, 771853.5)	(44.0, 813095.0)	(45.0, 832771.5)	(46.0, 824307.0)	(47.0, 794832.0)	(48.0, 752336.0)	(49.0, 704806.0)	(50.0, 647285.5)	(51.0, 567362.0)	(52.0, 483123.5)	(53.0, 413382.0)	(54.0, 356661.5)	(55.0, 317994.5)	(56.0, 280446.0)	(57.0, 227468.0)	(58.0, 183706.5)	(59.0, 153909.5)	(60.0, 132759.0)	(61.0, 115086.5)	(62.0, 95806.0)	(63.0, 82683.0)	(64.0, 75123.5)	(65.0, 63787.5)	(66.0, 47014.5)	(67.0, 34810.0)	(68.0, 29071.0)	(69.0, 25549.5)	(70.0, 19408.5)	(71.0, 12029.0)	(72.0, 7478.5)	(73.0, 4850.5)	(74.0, 4608.0)	(75.0, 3983.5)	(76.0, 2093.5)	(77.0, 1702.5)	(78.0, 1664.5)	(79.0, 1606.0)	(80.0, 1577.5)	(81.0, 945.0)	(82.0, 420.5)	(83.0, 131.0)	(84.0, 6.0)	(85.0, 2.0)	(86.0, 1.5)	(87.0, 0.5)	(88.0, 0.0)	(89.0, 0.0)	(90.0, 0.0)	(91.0, 0.0)	(92.0, 0.0)	(93.0, 0.0)	(94.0, 0.0)	(95.0, 0.0)	(96.0, 0.0)	(97.0, 0.0)	(98.0, 0.0)	(99.0, 0.0)	(100.0, 0.0)
HC_6hpi_1_R2	(0.0, 175.0)	(1.0, 198.0)	(2.0, 188.5)	(3.0, 150.5)	(4.0, 122.0)	(5.0, 101.5)	(6.0, 99.0)	(7.0, 91.5)	(8.0, 93.0)	(9.0, 97.5)	(10.0, 112.0)	(11.0, 147.0)	(12.0, 206.0)	(13.0, 334.0)	(14.0, 543.5)	(15.0, 721.0)	(16.0, 921.0)	(17.0, 1314.5)	(18.0, 1954.0)	(19.0, 2707.0)	(20.0, 3883.0)	(21.0, 5592.5)	(22.0, 8020.0)	(23.0, 11551.5)	(24.0, 16241.5)	(25.0, 22592.5)	(26.0, 30956.0)	(27.0, 42100.5)	(28.0, 54765.5)	(29.0, 68924.0)	(30.0, 86133.0)	(31.0, 105879.5)	(32.0, 129866.0)	(33.0, 159123.0)	(34.0, 191429.0)	(35.0, 233205.0)	(36.0, 286225.0)	(37.0, 349990.0)	(38.0, 427299.5)	(39.0, 512183.0)	(40.0, 595433.5)	(41.0, 675538.5)	(42.0, 746319.5)	(43.0, 797005.5)	(44.0, 829589.5)	(45.0, 834754.0)	(46.0, 811877.0)	(47.0, 778234.5)	(48.0, 731891.5)	(49.0, 676683.0)	(50.0, 607619.0)	(51.0, 526116.0)	(52.0, 451951.0)	(53.0, 387272.5)	(54.0, 341633.0)	(55.0, 300190.0)	(56.0, 249139.0)	(57.0, 205400.5)	(58.0, 169945.5)	(59.0, 144205.5)	(60.0, 125183.0)	(61.0, 104925.0)	(62.0, 89140.5)	(63.0, 79210.5)	(64.0, 67565.5)	(65.0, 53877.5)	(66.0, 41668.0)	(67.0, 32028.5)	(68.0, 27300.0)	(69.0, 22135.5)	(70.0, 15105.0)	(71.0, 9582.5)	(72.0, 6061.0)	(73.0, 5085.0)	(74.0, 4266.0)	(75.0, 2615.0)	(76.0, 1972.5)	(77.0, 1814.0)	(78.0, 1807.0)	(79.0, 1723.0)	(80.0, 1103.0)	(81.0, 569.5)	(82.0, 273.5)	(83.0, 20.5)	(84.0, 3.0)	(85.0, 1.5)	(86.0, 0.5)	(87.0, 0.0)	(88.0, 0.0)	(89.0, 0.0)	(90.0, 0.0)	(91.0, 0.0)	(92.0, 0.0)	(93.0, 0.0)	(94.0, 0.5)	(95.0, 0.5)	(96.0, 0.0)	(97.0, 0.0)	(98.0, 0.0)	(99.0, 1.0)	(100.0, 1.0)
HC_6hpi_2_R1	(0.0, 93.0)	(1.0, 65.5)	(2.0, 34.5)	(3.0, 30.5)	(4.0, 32.0)	(5.0, 36.5)	(6.0, 40.0)	(7.0, 47.5)	(8.0, 59.5)	(9.0, 76.5)	(10.0, 87.0)	(11.0, 106.5)	(12.0, 160.5)	(13.0, 235.5)	(14.0, 385.5)	(15.0, 603.5)	(16.0, 735.0)	(17.0, 965.0)	(18.0, 1484.5)	(19.0, 2113.0)	(20.0, 2985.0)	(21.0, 4318.0)	(22.0, 6347.5)	(23.0, 9095.5)	(24.0, 12943.0)	(25.0, 18165.0)	(26.0, 24912.0)	(27.0, 34747.5)	(28.0, 46392.5)	(29.0, 59250.5)	(30.0, 74647.0)	(31.0, 92971.5)	(32.0, 115500.0)	(33.0, 141224.0)	(34.0, 170687.5)	(35.0, 207420.5)	(36.0, 253830.0)	(37.0, 312398.5)	(38.0, 383932.0)	(39.0, 465443.0)	(40.0, 551066.5)	(41.0, 635689.5)	(42.0, 714448.0)	(43.0, 778009.0)	(44.0, 821292.5)	(45.0, 842416.0)	(46.0, 836695.5)	(47.0, 808480.0)	(48.0, 766062.0)	(49.0, 717521.0)	(50.0, 657785.5)	(51.0, 575801.5)	(52.0, 488400.0)	(53.0, 417390.5)	(54.0, 360020.0)	(55.0, 318601.5)	(56.0, 278926.0)	(57.0, 225687.5)	(58.0, 182050.5)	(59.0, 150908.0)	(60.0, 128786.5)	(61.0, 111545.5)	(62.0, 92453.0)	(63.0, 79114.5)	(64.0, 71230.0)	(65.0, 60029.0)	(66.0, 44420.5)	(67.0, 33059.0)	(68.0, 27276.5)	(69.0, 24120.0)	(70.0, 18639.5)	(71.0, 11615.0)	(72.0, 7273.0)	(73.0, 4686.0)	(74.0, 4510.5)	(75.0, 3967.5)	(76.0, 2090.0)	(77.0, 1686.0)	(78.0, 1628.5)	(79.0, 1540.5)	(80.0, 1497.0)	(81.0, 917.0)	(82.0, 412.0)	(83.0, 109.5)	(84.0, 5.0)	(85.0, 2.5)	(86.0, 1.5)	(87.0, 1.5)	(88.0, 0.5)	(89.0, 0.0)	(90.0, 0.0)	(91.0, 0.0)	(92.0, 0.0)	(93.0, 0.0)	(94.0, 0.0)	(95.0, 0.0)	(96.0, 0.0)	(97.0, 0.0)	(98.0, 0.0)	(99.0, 0.0)	(100.0, 0.0)
HC_6hpi_2_R2	(0.0, 180.0)	(1.0, 198.0)	(2.0, 192.5)	(3.0, 158.0)	(4.0, 128.0)	(5.0, 106.0)	(6.0, 99.5)	(7.0, 92.0)	(8.0, 91.5)	(9.0, 99.5)	(10.0, 121.0)	(11.0, 156.5)	(12.0, 203.0)	(13.0, 299.0)	(14.0, 474.5)	(15.0, 633.5)	(16.0, 781.5)	(17.0, 1061.5)	(18.0, 1611.5)	(19.0, 2279.5)	(20.0, 3241.5)	(21.0, 4739.0)	(22.0, 6919.0)	(23.0, 10010.5)	(24.0, 14529.5)	(25.0, 20486.0)	(26.0, 28227.0)	(27.0, 38813.5)	(28.0, 51043.0)	(29.0, 65280.0)	(30.0, 82543.5)	(31.0, 102741.5)	(32.0, 126605.0)	(33.0, 154881.5)	(34.0, 187366.5)	(35.0, 229169.0)	(36.0, 282587.5)	(37.0, 347366.0)	(38.0, 424869.5)	(39.0, 510272.0)	(40.0, 595615.0)	(41.0, 678108.5)	(42.0, 751174.0)	(43.0, 804296.0)	(44.0, 837744.0)	(45.0, 842641.5)	(46.0, 822350.0)	(47.0, 790687.5)	(48.0, 742777.5)	(49.0, 685722.0)	(50.0, 614330.0)	(51.0, 530029.0)	(52.0, 454326.0)	(53.0, 388011.0)	(54.0, 340992.0)	(55.0, 298661.0)	(56.0, 247039.0)	(57.0, 203514.0)	(58.0, 167233.5)	(59.0, 140892.5)	(60.0, 121745.5)	(61.0, 101618.5)	(62.0, 85810.0)	(63.0, 75832.0)	(64.0, 64225.0)	(65.0, 50728.0)	(66.0, 39316.0)	(67.0, 30297.0)	(68.0, 26058.0)	(69.0, 21417.0)	(70.0, 14537.0)	(71.0, 9199.5)	(72.0, 5805.5)	(73.0, 5033.0)	(74.0, 4350.5)	(75.0, 2663.0)	(76.0, 1957.0)	(77.0, 1742.5)	(78.0, 1713.0)	(79.0, 1613.0)	(80.0, 1019.0)	(81.0, 549.5)	(82.0, 274.5)	(83.0, 20.5)	(84.0, 2.0)	(85.0, 0.0)	(86.0, 1.0)	(87.0, 1.0)	(88.0, 0.0)	(89.0, 0.0)	(90.0, 0.5)	(91.0, 0.5)	(92.0, 0.0)	(93.0, 0.5)	(94.0, 0.5)	(95.0, 1.0)	(96.0, 1.5)	(97.0, 1.0)	(98.0, 1.5)	(99.0, 4.5)	(100.0, 3.5)
HC_6hpi_3_R1	(0.0, 78.0)	(1.0, 67.5)	(2.0, 47.0)	(3.0, 28.0)	(4.0, 29.5)	(5.0, 39.0)	(6.0, 41.5)	(7.0, 47.0)	(8.0, 56.5)	(9.0, 82.5)	(10.0, 101.5)	(11.0, 115.5)	(12.0, 165.0)	(13.0, 246.0)	(14.0, 395.0)	(15.0, 628.5)	(16.0, 795.0)	(17.0, 1044.0)	(18.0, 1527.0)	(19.0, 2100.5)	(20.0, 2936.0)	(21.0, 4308.5)	(22.0, 6304.0)	(23.0, 8951.5)	(24.0, 12752.5)	(25.0, 17903.5)	(26.0, 24599.0)	(27.0, 33956.0)	(28.0, 44643.0)	(29.0, 56784.5)	(30.0, 71836.5)	(31.0, 89784.0)	(32.0, 111816.0)	(33.0, 136858.0)	(34.0, 166148.5)	(35.0, 202410.5)	(36.0, 248427.5)	(37.0, 306984.0)	(38.0, 377763.5)	(39.0, 458747.0)	(40.0, 543757.0)	(41.0, 626642.5)	(42.0, 702721.5)	(43.0, 766006.0)	(44.0, 810154.5)	(45.0, 829792.5)	(46.0, 821111.0)	(47.0, 792036.0)	(48.0, 750485.5)	(49.0, 702994.0)	(50.0, 643737.0)	(51.0, 561945.5)	(52.0, 477601.5)	(53.0, 410875.0)	(54.0, 354769.5)	(55.0, 313536.5)	(56.0, 274373.0)	(57.0, 223580.5)	(58.0, 184765.0)	(59.0, 156227.5)	(60.0, 133548.0)	(61.0, 115149.0)	(62.0, 95747.5)	(63.0, 81945.0)	(64.0, 76058.5)	(65.0, 65589.5)	(66.0, 47731.0)	(67.0, 34984.0)	(68.0, 29049.0)	(69.0, 27196.0)	(70.0, 21737.0)	(71.0, 13343.5)	(72.0, 8291.5)	(73.0, 5550.5)	(74.0, 6017.5)	(75.0, 5467.0)	(76.0, 2846.0)	(77.0, 2378.5)	(78.0, 2300.5)	(79.0, 2199.0)	(80.0, 2195.5)	(81.0, 1341.5)	(82.0, 615.0)	(83.0, 174.0)	(84.0, 3.5)	(85.0, 1.0)	(86.0, 2.0)	(87.0, 1.0)	(88.0, 0.0)	(89.0, 0.0)	(90.0, 0.0)	(91.0, 0.0)	(92.0, 0.0)	(93.0, 0.0)	(94.0, 0.0)	(95.0, 0.0)	(96.0, 0.0)	(97.0, 0.0)	(98.0, 0.0)	(99.0, 0.0)	(100.0, 0.5)
HC_6hpi_3_R2	(0.0, 232.0)	(1.0, 245.0)	(2.0, 227.5)	(3.0, 182.5)	(4.0, 157.5)	(5.0, 127.5)	(6.0, 112.5)	(7.0, 108.0)	(8.0, 98.5)	(9.0, 111.5)	(10.0, 136.5)	(11.0, 154.0)	(12.0, 193.5)	(13.0, 291.5)	(14.0, 444.0)	(15.0, 603.5)	(16.0, 767.0)	(17.0, 1104.0)	(18.0, 1630.0)	(19.0, 2270.0)	(20.0, 3328.5)	(21.0, 4872.0)	(22.0, 6895.0)	(23.0, 9845.5)	(24.0, 14026.5)	(25.0, 19711.5)	(26.0, 27206.0)	(27.0, 37028.0)	(28.0, 48587.0)	(29.0, 61926.5)	(30.0, 78519.5)	(31.0, 98035.5)	(32.0, 121003.5)	(33.0, 149160.5)	(34.0, 181517.5)	(35.0, 222248.5)	(36.0, 274380.0)	(37.0, 338374.5)	(38.0, 414722.0)	(39.0, 499145.0)	(40.0, 583749.5)	(41.0, 665919.5)	(42.0, 737924.5)	(43.0, 789901.0)	(44.0, 823161.5)	(45.0, 828712.5)	(46.0, 808990.5)	(47.0, 776759.5)	(48.0, 728758.0)	(49.0, 676183.0)	(50.0, 606108.0)	(51.0, 521751.5)	(52.0, 449163.5)	(53.0, 385799.5)	(54.0, 340128.5)	(55.0, 295394.0)	(56.0, 244406.0)	(57.0, 205023.5)	(58.0, 171161.0)	(59.0, 146361.5)	(60.0, 127290.0)	(61.0, 104985.5)	(62.0, 88809.0)	(63.0, 79768.0)	(64.0, 68504.5)	(65.0, 54788.5)	(66.0, 42567.0)	(67.0, 32360.5)	(68.0, 28896.0)	(69.0, 24553.5)	(70.0, 16690.0)	(71.0, 10702.5)	(72.0, 6875.0)	(73.0, 6403.5)	(74.0, 5780.5)	(75.0, 3439.0)	(76.0, 2683.0)	(77.0, 2551.0)	(78.0, 2459.0)	(79.0, 2276.0)	(80.0, 1411.5)	(81.0, 769.5)	(82.0, 393.0)	(83.0, 31.5)	(84.0, 3.0)	(85.0, 1.5)	(86.0, 0.0)	(87.0, 0.0)	(88.0, 0.0)	(89.0, 0.5)	(90.0, 0.5)	(91.0, 0.5)	(92.0, 0.5)	(93.0, 0.0)	(94.0, 0.0)	(95.0, 0.0)	(96.0, 1.0)	(97.0, 1.0)	(98.0, 1.0)	(99.0, 3.0)	(100.0, 2.0)
HI_24hpi_1_R1	(0.0, 69.0)	(1.0, 55.5)	(2.0, 36.0)	(3.0, 34.0)	(4.0, 40.5)	(5.0, 41.0)	(6.0, 43.5)	(7.0, 55.0)	(8.0, 63.5)	(9.0, 75.0)	(10.0, 102.5)	(11.0, 127.0)	(12.0, 164.0)	(13.0, 217.0)	(14.0, 379.0)	(15.0, 530.0)	(16.0, 622.5)	(17.0, 883.0)	(18.0, 1308.5)	(19.0, 1949.5)	(20.0, 2885.5)	(21.0, 4175.0)	(22.0, 6199.5)	(23.0, 8611.5)	(24.0, 11995.0)	(25.0, 17197.5)	(26.0, 23694.5)	(27.0, 33092.5)	(28.0, 44404.0)	(29.0, 57628.0)	(30.0, 72252.5)	(31.0, 88985.5)	(32.0, 109730.0)	(33.0, 133370.0)	(34.0, 165222.0)	(35.0, 207612.0)	(36.0, 249291.5)	(37.0, 296372.0)	(38.0, 359472.0)	(39.0, 429823.5)	(40.0, 503072.5)	(41.0, 577398.5)	(42.0, 654188.5)	(43.0, 723740.0)	(44.0, 775494.0)	(45.0, 792182.5)	(46.0, 789719.5)	(47.0, 778344.5)	(48.0, 741175.0)	(49.0, 704309.5)	(50.0, 659849.0)	(51.0, 589485.0)	(52.0, 514877.5)	(53.0, 447204.5)	(54.0, 387454.0)	(55.0, 340883.5)	(56.0, 294170.5)	(57.0, 236936.5)	(58.0, 189059.0)	(59.0, 161936.5)	(60.0, 143851.5)	(61.0, 125817.0)	(62.0, 110922.0)	(63.0, 98233.5)	(64.0, 83811.0)	(65.0, 69601.5)	(66.0, 55643.0)	(67.0, 43746.5)	(68.0, 38515.0)	(69.0, 35505.5)	(70.0, 30067.5)	(71.0, 22262.0)	(72.0, 16011.5)	(73.0, 17207.5)	(74.0, 19983.5)	(75.0, 17639.0)	(76.0, 13121.5)	(77.0, 11321.5)	(78.0, 11735.0)	(79.0, 11378.5)	(80.0, 8246.0)	(81.0, 4398.5)	(82.0, 1864.5)	(83.0, 416.5)	(84.0, 10.5)	(85.0, 0.5)	(86.0, 0.5)	(87.0, 0.0)	(88.0, 0.0)	(89.0, 0.0)	(90.0, 0.0)	(91.0, 0.0)	(92.0, 0.0)	(93.0, 0.0)	(94.0, 0.0)	(95.0, 0.0)	(96.0, 0.0)	(97.0, 0.0)	(98.0, 0.0)	(99.0, 0.0)	(100.0, 0.0)
HI_24hpi_1_R2	(0.0, 207.0)	(1.0, 201.5)	(2.0, 182.0)	(3.0, 154.0)	(4.0, 132.5)	(5.0, 110.5)	(6.0, 97.0)	(7.0, 102.5)	(8.0, 100.0)	(9.0, 113.5)	(10.0, 125.5)	(11.0, 138.5)	(12.0, 189.0)	(13.0, 259.5)	(14.0, 413.5)	(15.0, 527.0)	(16.0, 633.5)	(17.0, 890.0)	(18.0, 1302.5)	(19.0, 1926.0)	(20.0, 2753.5)	(21.0, 4058.0)	(22.0, 5989.0)	(23.0, 8341.5)	(24.0, 11747.0)	(25.0, 16747.5)	(26.0, 23035.5)	(27.0, 32091.5)	(28.0, 43200.5)	(29.0, 55917.5)	(30.0, 70071.0)	(31.0, 86471.5)	(32.0, 107569.0)	(33.0, 130658.5)	(34.0, 160155.0)	(35.0, 201106.0)	(36.0, 242144.0)	(37.0, 286983.0)	(38.0, 347988.0)	(39.0, 418045.0)	(40.0, 490256.0)	(41.0, 563541.5)	(42.0, 636982.0)	(43.0, 702601.0)	(44.0, 764956.5)	(45.0, 790842.5)	(46.0, 781535.0)	(47.0, 774798.5)	(48.0, 741934.0)	(49.0, 701893.5)	(50.0, 659918.0)	(51.0, 599333.0)	(52.0, 530208.5)	(53.0, 454867.0)	(54.0, 392157.0)	(55.0, 349866.0)	(56.0, 307202.0)	(57.0, 251024.0)	(58.0, 197413.0)	(59.0, 164833.5)	(60.0, 149566.5)	(61.0, 132309.5)	(62.0, 112784.5)	(63.0, 100448.5)	(64.0, 89463.5)	(65.0, 75645.0)	(66.0, 61837.0)	(67.0, 48346.5)	(68.0, 40104.0)	(69.0, 37683.0)	(70.0, 34503.5)	(71.0, 26752.0)	(72.0, 18654.5)	(73.0, 15815.5)	(74.0, 21465.5)	(75.0, 22600.0)	(76.0, 14848.0)	(77.0, 12775.0)	(78.0, 12404.0)	(79.0, 12715.5)	(80.0, 11595.0)	(81.0, 6386.0)	(82.0, 3025.5)	(83.0, 842.0)	(84.0, 19.0)	(85.0, 2.5)	(86.0, 0.5)	(87.0, 0.0)	(88.0, 0.0)	(89.0, 0.0)	(90.0, 0.0)	(91.0, 0.0)	(92.0, 0.0)	(93.0, 0.0)	(94.0, 0.5)	(95.0, 1.0)	(96.0, 2.0)	(97.0, 2.5)	(98.0, 2.0)	(99.0, 2.5)	(100.0, 6.0)
HI_24hpi_2_R1	(0.0, 92.0)	(1.0, 73.0)	(2.0, 46.0)	(3.0, 47.5)	(4.0, 59.5)	(5.0, 67.0)	(6.0, 69.0)	(7.0, 92.5)	(8.0, 119.0)	(9.0, 149.5)	(10.0, 196.0)	(11.0, 229.5)	(12.0, 285.0)	(13.0, 397.0)	(14.0, 687.0)	(15.0, 865.5)	(16.0, 981.0)	(17.0, 1430.0)	(18.0, 2187.0)	(19.0, 3190.0)	(20.0, 4570.0)	(21.0, 6541.0)	(22.0, 9397.5)	(23.0, 13086.0)	(24.0, 18409.5)	(25.0, 25848.5)	(26.0, 35304.5)	(27.0, 48862.5)	(28.0, 65083.0)	(29.0, 83852.0)	(30.0, 104348.0)	(31.0, 128096.0)	(32.0, 156875.0)	(33.0, 188287.5)	(34.0, 226585.0)	(35.0, 273135.0)	(36.0, 328627.5)	(37.0, 395483.5)	(38.0, 475880.0)	(39.0, 565857.5)	(40.0, 657515.0)	(41.0, 746472.0)	(42.0, 829758.5)	(43.0, 897231.0)	(44.0, 937468.0)	(45.0, 937089.5)	(46.0, 904481.5)	(47.0, 864519.5)	(48.0, 817130.5)	(49.0, 766529.5)	(50.0, 701622.5)	(51.0, 609973.5)	(52.0, 515054.5)	(53.0, 430507.5)	(54.0, 361979.5)	(55.0, 318244.0)	(56.0, 278472.5)	(57.0, 225437.0)	(58.0, 179182.5)	(59.0, 149878.0)	(60.0, 129421.5)	(61.0, 111149.0)	(62.0, 95543.0)	(63.0, 84902.5)	(64.0, 73196.5)	(65.0, 59588.0)	(66.0, 45332.5)	(67.0, 34118.0)	(68.0, 28341.5)	(69.0, 22629.5)	(70.0, 15745.5)	(71.0, 9468.0)	(72.0, 5658.0)	(73.0, 4757.5)	(74.0, 4638.0)	(75.0, 3579.5)	(76.0, 2299.5)	(77.0, 1803.0)	(78.0, 1653.5)	(79.0, 1477.0)	(80.0, 1031.5)	(81.0, 527.0)	(82.0, 235.5)	(83.0, 47.0)	(84.0, 2.0)	(85.0, 0.5)	(86.0, 0.0)	(87.0, 0.0)	(88.0, 0.0)	(89.0, 0.0)	(90.0, 0.0)	(91.0, 0.0)	(92.0, 0.0)	(93.0, 0.0)	(94.0, 0.0)	(95.0, 0.0)	(96.0, 0.0)	(97.0, 0.0)	(98.0, 0.0)	(99.0, 0.0)	(100.0, 0.0)
HI_24hpi_2_R2	(0.0, 261.0)	(1.0, 264.0)	(2.0, 222.0)	(3.0, 178.0)	(4.0, 179.5)	(5.0, 156.5)	(6.0, 133.0)	(7.0, 147.0)	(8.0, 167.5)	(9.0, 197.5)	(10.0, 210.5)	(11.0, 241.0)	(12.0, 320.5)	(13.0, 409.0)	(14.0, 660.0)	(15.0, 881.5)	(16.0, 1049.5)	(17.0, 1445.0)	(18.0, 2167.0)	(19.0, 3084.0)	(20.0, 4330.5)	(21.0, 6294.0)	(22.0, 9234.0)	(23.0, 12882.0)	(24.0, 17988.0)	(25.0, 25082.5)	(26.0, 34160.5)	(27.0, 47060.5)	(28.0, 62596.5)	(29.0, 81288.5)	(30.0, 101258.5)	(31.0, 123836.0)	(32.0, 152543.5)	(33.0, 183116.0)	(34.0, 219008.0)	(35.0, 263493.5)	(36.0, 314984.0)	(37.0, 378825.0)	(38.0, 458239.5)	(39.0, 546668.5)	(40.0, 635802.5)	(41.0, 725164.5)	(42.0, 809297.5)	(43.0, 876326.5)	(44.0, 926739.0)	(45.0, 938090.0)	(46.0, 905189.0)	(47.0, 866838.5)	(48.0, 822237.0)	(49.0, 773097.5)	(50.0, 716954.0)	(51.0, 632390.0)	(52.0, 533716.5)	(53.0, 444220.5)	(54.0, 372354.5)	(55.0, 328953.0)	(56.0, 294531.5)	(57.0, 240894.5)	(58.0, 189686.0)	(59.0, 155649.5)	(60.0, 135133.5)	(61.0, 117338.0)	(62.0, 98891.5)	(63.0, 87683.0)	(64.0, 77793.0)	(65.0, 65460.0)	(66.0, 50552.5)	(67.0, 37133.5)	(68.0, 29917.5)	(69.0, 24908.0)	(70.0, 18955.5)	(71.0, 11589.0)	(72.0, 6712.5)	(73.0, 4901.5)	(74.0, 5175.0)	(75.0, 4813.0)	(76.0, 2721.5)	(77.0, 2012.0)	(78.0, 1792.5)	(79.0, 1644.5)	(80.0, 1424.0)	(81.0, 774.5)	(82.0, 363.0)	(83.0, 92.0)	(84.0, 1.5)	(85.0, 1.0)	(86.0, 0.5)	(87.0, 0.0)	(88.0, 0.5)	(89.0, 0.5)	(90.0, 0.5)	(91.0, 0.5)	(92.0, 0.5)	(93.0, 0.5)	(94.0, 0.5)	(95.0, 1.5)	(96.0, 1.5)	(97.0, 0.5)	(98.0, 0.0)	(99.0, 0.5)	(100.0, 3.5)
HI_24hpi_3_R1	(0.0, 45.0)	(1.0, 35.5)	(2.0, 30.5)	(3.0, 41.0)	(4.0, 39.5)	(5.0, 30.5)	(6.0, 27.5)	(7.0, 41.0)	(8.0, 64.0)	(9.0, 74.0)	(10.0, 83.5)	(11.0, 99.5)	(12.0, 133.5)	(13.0, 207.0)	(14.0, 362.0)	(15.0, 480.0)	(16.0, 557.5)	(17.0, 788.0)	(18.0, 1174.5)	(19.0, 1693.0)	(20.0, 2538.0)	(21.0, 3758.5)	(22.0, 5436.5)	(23.0, 7729.5)	(24.0, 10934.0)	(25.0, 15358.0)	(26.0, 21361.0)	(27.0, 29857.0)	(28.0, 40165.5)	(29.0, 52698.0)	(30.0, 66540.0)	(31.0, 82510.0)	(32.0, 102558.5)	(33.0, 125204.5)	(34.0, 153091.5)	(35.0, 188042.0)	(36.0, 229880.0)	(37.0, 281135.5)	(38.0, 343765.5)	(39.0, 414634.0)	(40.0, 489881.5)	(41.0, 564334.5)	(42.0, 632982.0)	(43.0, 690698.5)	(44.0, 729658.0)	(45.0, 737536.0)	(46.0, 717124.0)	(47.0, 692443.5)	(48.0, 661140.0)	(49.0, 623503.0)	(50.0, 574604.0)	(51.0, 500375.0)	(52.0, 422874.0)	(53.0, 353983.5)	(54.0, 297287.5)	(55.0, 260975.5)	(56.0, 228290.0)	(57.0, 183950.5)	(58.0, 144917.5)	(59.0, 120520.5)	(60.0, 103421.0)	(61.0, 88880.0)	(62.0, 76487.5)	(63.0, 67752.5)	(64.0, 58318.5)	(65.0, 47647.0)	(66.0, 36698.0)	(67.0, 27634.5)	(68.0, 22753.0)	(69.0, 18144.0)	(70.0, 12529.5)	(71.0, 7706.5)	(72.0, 4571.0)	(73.0, 3576.5)	(74.0, 3455.5)	(75.0, 2741.5)	(76.0, 1769.5)	(77.0, 1408.0)	(78.0, 1444.0)	(79.0, 1319.0)	(80.0, 912.5)	(81.0, 486.0)	(82.0, 186.5)	(83.0, 39.5)	(84.0, 2.0)	(85.0, 0.5)	(86.0, 0.0)	(87.0, 0.0)	(88.0, 0.0)	(89.0, 0.0)	(90.0, 0.0)	(91.0, 0.0)	(92.0, 0.0)	(93.0, 0.0)	(94.0, 0.0)	(95.0, 0.0)	(96.0, 0.0)	(97.0, 0.0)	(98.0, 0.0)	(99.0, 0.0)	(100.0, 0.0)
HI_24hpi_3_R2	(0.0, 180.0)	(1.0, 166.0)	(2.0, 139.5)	(3.0, 122.0)	(4.0, 104.0)	(5.0, 89.5)	(6.0, 90.0)	(7.0, 84.0)	(8.0, 87.0)	(9.0, 101.5)	(10.0, 102.5)	(11.0, 111.5)	(12.0, 147.5)	(13.0, 206.0)	(14.0, 390.0)	(15.0, 517.0)	(16.0, 573.0)	(17.0, 809.5)	(18.0, 1172.5)	(19.0, 1687.5)	(20.0, 2458.0)	(21.0, 3629.0)	(22.0, 5388.5)	(23.0, 7550.5)	(24.0, 10759.5)	(25.0, 15257.0)	(26.0, 20972.0)	(27.0, 29217.5)	(28.0, 39488.5)	(29.0, 51982.0)	(30.0, 65913.0)	(31.0, 81956.5)	(32.0, 101956.5)	(33.0, 123847.5)	(34.0, 150467.5)	(35.0, 184485.0)	(36.0, 225125.0)	(37.0, 275518.0)	(38.0, 336752.0)	(39.0, 405640.5)	(40.0, 478498.5)	(41.0, 551087.0)	(42.0, 619559.5)	(43.0, 676164.5)	(44.0, 721980.5)	(45.0, 737367.0)	(46.0, 713931.5)	(47.0, 686541.5)	(48.0, 656218.0)	(49.0, 621278.5)	(50.0, 578623.5)	(51.0, 511240.0)	(52.0, 431873.0)	(53.0, 360286.5)	(54.0, 302689.0)	(55.0, 267163.5)	(56.0, 238539.0)	(57.0, 194716.0)	(58.0, 152518.5)	(59.0, 124501.0)	(60.0, 108008.5)	(61.0, 93574.5)	(62.0, 78816.0)	(63.0, 70074.0)	(64.0, 61892.0)	(65.0, 51895.5)	(66.0, 40331.0)	(67.0, 29934.0)	(68.0, 24267.0)	(69.0, 20517.0)	(70.0, 15608.0)	(71.0, 9554.0)	(72.0, 5473.0)	(73.0, 3674.0)	(74.0, 3724.0)	(75.0, 3534.5)	(76.0, 2085.5)	(77.0, 1583.0)	(78.0, 1523.5)	(79.0, 1499.0)	(80.0, 1261.0)	(81.0, 674.5)	(82.0, 316.5)	(83.0, 77.5)	(84.0, 2.0)	(85.0, 0.5)	(86.0, 0.0)	(87.0, 0.0)	(88.0, 0.5)	(89.0, 1.0)	(90.0, 0.5)	(91.0, 0.5)	(92.0, 1.0)	(93.0, 1.0)	(94.0, 0.5)	(95.0, 0.0)	(96.0, 0.5)	(97.0, 0.5)	(98.0, 0.5)	(99.0, 1.0)	(100.0, 3.5)
HI_48hpi_1_R1	(0.0, 96.0)	(1.0, 79.0)	(2.0, 60.0)	(3.0, 60.5)	(4.0, 58.0)	(5.0, 60.0)	(6.0, 74.0)	(7.0, 85.5)	(8.0, 103.5)	(9.0, 127.0)	(10.0, 147.5)	(11.0, 195.0)	(12.0, 246.5)	(13.0, 350.5)	(14.0, 710.0)	(15.0, 895.0)	(16.0, 931.0)	(17.0, 1380.0)	(18.0, 2083.0)	(19.0, 2926.0)	(20.0, 4094.5)	(21.0, 6041.5)	(22.0, 8641.5)	(23.0, 11956.5)	(24.0, 17116.0)	(25.0, 24490.0)	(26.0, 34139.5)	(27.0, 46657.5)	(28.0, 62565.0)	(29.0, 79124.0)	(30.0, 98716.0)	(31.0, 124341.5)	(32.0, 152584.5)	(33.0, 184104.0)	(34.0, 222035.5)	(35.0, 269685.5)	(36.0, 326156.0)	(37.0, 396875.0)	(38.0, 476873.0)	(39.0, 564740.5)	(40.0, 658488.0)	(41.0, 743472.5)	(42.0, 827166.0)	(43.0, 904084.0)	(44.0, 939503.0)	(45.0, 926379.5)	(46.0, 892568.5)	(47.0, 858885.0)	(48.0, 825144.5)	(49.0, 787539.0)	(50.0, 721225.0)	(51.0, 617073.0)	(52.0, 515319.0)	(53.0, 431879.5)	(54.0, 366798.0)	(55.0, 319888.5)	(56.0, 271192.5)	(57.0, 218972.0)	(58.0, 181095.5)	(59.0, 157707.0)	(60.0, 136951.0)	(61.0, 117964.5)	(62.0, 105396.5)	(63.0, 93774.0)	(64.0, 81262.5)	(65.0, 64530.5)	(66.0, 47713.5)	(67.0, 38858.5)	(68.0, 32058.0)	(69.0, 24198.5)	(70.0, 15154.5)	(71.0, 8583.5)	(72.0, 5686.0)	(73.0, 5072.5)	(74.0, 5005.0)	(75.0, 3244.5)	(76.0, 2076.0)	(77.0, 1564.0)	(78.0, 1354.5)	(79.0, 1101.5)	(80.0, 619.0)	(81.0, 293.0)	(82.0, 88.5)	(83.0, 8.5)	(84.0, 0.5)	(85.0, 1.0)	(86.0, 0.5)	(87.0, 0.0)	(88.0, 0.0)	(89.0, 0.0)	(90.0, 0.0)	(91.0, 0.0)	(92.0, 0.0)	(93.0, 0.0)	(94.0, 0.0)	(95.0, 0.0)	(96.0, 0.0)	(97.0, 0.0)	(98.0, 0.0)	(99.0, 0.0)	(100.0, 0.0)
HI_48hpi_1_R2	(0.0, 216.0)	(1.0, 199.5)	(2.0, 163.5)	(3.0, 139.5)	(4.0, 120.0)	(5.0, 106.5)	(6.0, 111.5)	(7.0, 115.0)	(8.0, 122.5)	(9.0, 142.0)	(10.0, 156.5)	(11.0, 192.0)	(12.0, 258.5)	(13.0, 348.5)	(14.0, 688.5)	(15.0, 872.5)	(16.0, 904.5)	(17.0, 1308.0)	(18.0, 1947.5)	(19.0, 2743.0)	(20.0, 3917.0)	(21.0, 5753.0)	(22.0, 8351.5)	(23.0, 11400.5)	(24.0, 16082.5)	(25.0, 22938.0)	(26.0, 31715.0)	(27.0, 43823.0)	(28.0, 58732.5)	(29.0, 75609.0)	(30.0, 93944.0)	(31.0, 116746.0)	(32.0, 144663.0)	(33.0, 173623.5)	(34.0, 208638.5)	(35.0, 252822.0)	(36.0, 303488.0)	(37.0, 366018.0)	(38.0, 443438.5)	(39.0, 528561.5)	(40.0, 614962.5)	(41.0, 702673.5)	(42.0, 788127.5)	(43.0, 858147.5)	(44.0, 913086.0)	(45.0, 928231.5)	(46.0, 897888.5)	(47.0, 864222.5)	(48.0, 830239.0)	(49.0, 795239.5)	(50.0, 746287.0)	(51.0, 661775.5)	(52.0, 561858.0)	(53.0, 469406.0)	(54.0, 390497.0)	(55.0, 336600.0)	(56.0, 296575.5)	(57.0, 246312.0)	(58.0, 198411.5)	(59.0, 166621.5)	(60.0, 147964.5)	(61.0, 129729.0)	(62.0, 111241.5)	(63.0, 100058.5)	(64.0, 88077.5)	(65.0, 75033.0)	(66.0, 59412.5)	(67.0, 43742.0)	(68.0, 35859.0)	(69.0, 30553.0)	(70.0, 22336.0)	(71.0, 13079.5)	(72.0, 7451.5)	(73.0, 5079.0)	(74.0, 5659.0)	(75.0, 5310.0)	(76.0, 2698.0)	(77.0, 1828.0)	(78.0, 1562.5)	(79.0, 1396.0)	(80.0, 1126.0)	(81.0, 574.5)	(82.0, 274.0)	(83.0, 74.0)	(84.0, 2.0)	(85.0, 1.5)	(86.0, 1.0)	(87.0, 0.5)	(88.0, 0.0)	(89.0, 0.5)	(90.0, 0.5)	(91.0, 1.5)	(92.0, 1.5)	(93.0, 0.5)	(94.0, 2.0)	(95.0, 2.5)	(96.0, 1.5)	(97.0, 1.0)	(98.0, 0.5)	(99.0, 0.5)	(100.0, 3.5)
HI_48hpi_2_R1	(0.0, 60.0)	(1.0, 53.5)	(2.0, 40.0)	(3.0, 38.5)	(4.0, 48.5)	(5.0, 48.0)	(6.0, 47.5)	(7.0, 55.0)	(8.0, 71.0)	(9.0, 85.5)	(10.0, 105.5)	(11.0, 130.5)	(12.0, 156.0)	(13.0, 240.0)	(14.0, 448.0)	(15.0, 590.5)	(16.0, 682.5)	(17.0, 935.5)	(18.0, 1407.0)	(19.0, 2088.0)	(20.0, 2986.0)	(21.0, 4484.0)	(22.0, 6421.0)	(23.0, 8967.0)	(24.0, 12944.5)	(25.0, 18248.0)	(26.0, 25058.5)	(27.0, 34010.5)	(28.0, 45637.0)	(29.0, 58670.5)	(30.0, 74243.5)	(31.0, 94015.5)	(32.0, 116172.5)	(33.0, 142039.5)	(34.0, 173797.0)	(35.0, 214078.5)	(36.0, 262439.0)	(37.0, 321899.5)	(38.0, 390962.0)	(39.0, 466917.0)	(40.0, 546630.5)	(41.0, 618629.0)	(42.0, 687902.0)	(43.0, 749878.0)	(44.0, 777625.0)	(45.0, 764901.0)	(46.0, 731858.0)	(47.0, 698009.5)	(48.0, 660665.0)	(49.0, 616284.0)	(50.0, 556442.5)	(51.0, 474219.0)	(52.0, 394398.5)	(53.0, 330117.0)	(54.0, 277814.5)	(55.0, 237268.0)	(56.0, 199128.5)	(57.0, 161321.5)	(58.0, 133811.0)	(59.0, 115224.0)	(60.0, 98901.5)	(61.0, 84763.5)	(62.0, 75394.0)	(63.0, 67422.0)	(64.0, 57693.0)	(65.0, 45262.0)	(66.0, 33476.5)	(67.0, 26263.0)	(68.0, 20728.5)	(69.0, 15614.0)	(70.0, 10115.5)	(71.0, 5847.0)	(72.0, 3776.5)	(73.0, 2874.0)	(74.0, 2435.0)	(75.0, 1634.0)	(76.0, 1123.0)	(77.0, 876.5)	(78.0, 764.0)	(79.0, 589.5)	(80.0, 313.0)	(81.0, 147.5)	(82.0, 50.0)	(83.0, 4.0)	(84.0, 0.0)	(85.0, 1.0)	(86.0, 1.0)	(87.0, 0.0)	(88.0, 0.0)	(89.0, 0.0)	(90.0, 0.0)	(91.0, 0.0)	(92.0, 0.0)	(93.0, 0.0)	(94.0, 0.0)	(95.0, 0.0)	(96.0, 0.0)	(97.0, 0.0)	(98.0, 0.0)	(99.0, 0.0)	(100.0, 0.0)
HI_48hpi_2_R2	(0.0, 173.0)	(1.0, 164.0)	(2.0, 129.5)	(3.0, 99.0)	(4.0, 94.5)	(5.0, 87.5)	(6.0, 84.5)	(7.0, 90.5)	(8.0, 90.0)	(9.0, 107.5)	(10.0, 121.0)	(11.0, 132.0)	(12.0, 179.0)	(13.0, 261.5)	(14.0, 437.0)	(15.0, 537.5)	(16.0, 660.0)	(17.0, 966.5)	(18.0, 1367.0)	(19.0, 1904.5)	(20.0, 2812.0)	(21.0, 4207.5)	(22.0, 6100.5)	(23.0, 8525.0)	(24.0, 11992.0)	(25.0, 17021.0)	(26.0, 23433.0)	(27.0, 31985.0)	(28.0, 42654.5)	(29.0, 55568.5)	(30.0, 70452.0)	(31.0, 88161.5)	(32.0, 109940.5)	(33.0, 133767.0)	(34.0, 162626.5)	(35.0, 200010.5)	(36.0, 244446.5)	(37.0, 298797.5)	(38.0, 364783.5)	(39.0, 437935.0)	(40.0, 513049.0)	(41.0, 587797.0)	(42.0, 659349.0)	(43.0, 714761.5)	(44.0, 756587.0)	(45.0, 766758.5)	(46.0, 736595.5)	(47.0, 702832.0)	(48.0, 667763.5)	(49.0, 627721.0)	(50.0, 577991.5)	(51.0, 507304.5)	(52.0, 429259.0)	(53.0, 357670.0)	(54.0, 296172.5)	(55.0, 252893.5)	(56.0, 218547.0)	(57.0, 179502.5)	(58.0, 145759.5)	(59.0, 122283.5)	(60.0, 106801.0)	(61.0, 92775.0)	(62.0, 79697.0)	(63.0, 71640.5)	(64.0, 63207.0)	(65.0, 53604.0)	(66.0, 41919.5)	(67.0, 30457.5)	(68.0, 24054.0)	(69.0, 19569.0)	(70.0, 14417.0)	(71.0, 8855.0)	(72.0, 5096.5)	(73.0, 3283.5)	(74.0, 2901.0)	(75.0, 2541.0)	(76.0, 1440.0)	(77.0, 1014.5)	(78.0, 850.5)	(79.0, 750.5)	(80.0, 593.0)	(81.0, 310.5)	(82.0, 152.0)	(83.0, 39.5)	(84.0, 2.0)	(85.0, 0.5)	(86.0, 0.0)	(87.0, 0.5)	(88.0, 0.5)	(89.0, 0.5)	(90.0, 0.5)	(91.0, 0.0)	(92.0, 1.0)	(93.0, 2.0)	(94.0, 1.5)	(95.0, 1.0)	(96.0, 0.5)	(97.0, 0.5)	(98.0, 2.5)	(99.0, 3.5)	(100.0, 3.0)
HI_48hpi_3_R1	(0.0, 34.0)	(1.0, 25.5)	(2.0, 14.0)	(3.0, 13.0)	(4.0, 16.0)	(5.0, 17.5)	(6.0, 20.0)	(7.0, 26.0)	(8.0, 41.0)	(9.0, 48.5)	(10.0, 60.5)	(11.0, 87.0)	(12.0, 120.5)	(13.0, 202.5)	(14.0, 390.5)	(15.0, 516.0)	(16.0, 630.5)	(17.0, 961.0)	(18.0, 1580.5)	(19.0, 2299.0)	(20.0, 3256.0)	(21.0, 4733.0)	(22.0, 6891.0)	(23.0, 9856.5)	(24.0, 14151.5)	(25.0, 20188.5)	(26.0, 27976.5)	(27.0, 38461.0)	(28.0, 50831.5)	(29.0, 65144.0)	(30.0, 80757.5)	(31.0, 99956.5)	(32.0, 123375.5)	(33.0, 149602.0)	(34.0, 184285.0)	(35.0, 228586.5)	(36.0, 279464.0)	(37.0, 342162.0)	(38.0, 420535.5)	(39.0, 506330.5)	(40.0, 596798.0)	(41.0, 687501.5)	(42.0, 776571.0)	(43.0, 855777.5)	(44.0, 909659.0)	(45.0, 926925.5)	(46.0, 914199.0)	(47.0, 894487.5)	(48.0, 866306.0)	(49.0, 826952.0)	(50.0, 767080.5)	(51.0, 678321.0)	(52.0, 584115.5)	(53.0, 497569.5)	(54.0, 419276.5)	(55.0, 361233.0)	(56.0, 312959.0)	(57.0, 258022.5)	(58.0, 210318.5)	(59.0, 178448.0)	(60.0, 155788.5)	(61.0, 136339.5)	(62.0, 120142.5)	(63.0, 107556.0)	(64.0, 93542.5)	(65.0, 77300.0)	(66.0, 57995.0)	(67.0, 42391.0)	(68.0, 35588.0)	(69.0, 29501.5)	(70.0, 21918.5)	(71.0, 14728.0)	(72.0, 9706.0)	(73.0, 8612.0)	(74.0, 8984.5)	(75.0, 7551.5)	(76.0, 5467.5)	(77.0, 4791.5)	(78.0, 4836.5)	(79.0, 4559.0)	(80.0, 3239.0)	(81.0, 1630.5)	(82.0, 669.5)	(83.0, 165.5)	(84.0, 5.5)	(85.0, 1.0)	(86.0, 0.5)	(87.0, 0.0)	(88.0, 0.0)	(89.0, 0.0)	(90.0, 0.0)	(91.0, 0.0)	(92.0, 0.0)	(93.0, 0.0)	(94.0, 0.0)	(95.0, 0.0)	(96.0, 0.0)	(97.0, 0.0)	(98.0, 0.0)	(99.0, 0.0)	(100.0, 0.0)
HI_48hpi_3_R2	(0.0, 75.0)	(1.0, 66.5)	(2.0, 56.5)	(3.0, 57.5)	(4.0, 58.0)	(5.0, 47.5)	(6.0, 37.5)	(7.0, 42.5)	(8.0, 57.0)	(9.0, 75.5)	(10.0, 84.5)	(11.0, 97.0)	(12.0, 137.5)	(13.0, 206.5)	(14.0, 396.0)	(15.0, 516.0)	(16.0, 614.0)	(17.0, 922.0)	(18.0, 1458.5)	(19.0, 2215.5)	(20.0, 3265.5)	(21.0, 4700.5)	(22.0, 6809.5)	(23.0, 9748.5)	(24.0, 13865.0)	(25.0, 19447.5)	(26.0, 26874.0)	(27.0, 37218.0)	(28.0, 49870.0)	(29.0, 64397.0)	(30.0, 79417.0)	(31.0, 97689.0)	(32.0, 121475.0)	(33.0, 147846.0)	(34.0, 180270.5)	(35.0, 223021.0)	(36.0, 272797.0)	(37.0, 333175.5)	(38.0, 409772.5)	(39.0, 495115.0)	(40.0, 583056.5)	(41.0, 672790.5)	(42.0, 760836.5)	(43.0, 836357.0)	(44.0, 897563.0)	(45.0, 924081.5)	(46.0, 910615.0)	(47.0, 890100.5)	(48.0, 861137.5)	(49.0, 823137.5)	(50.0, 770699.5)	(51.0, 692619.5)	(52.0, 598216.5)	(53.0, 506817.0)	(54.0, 427367.0)	(55.0, 369240.5)	(56.0, 324148.0)	(57.0, 269187.0)	(58.0, 218734.5)	(59.0, 183451.5)	(60.0, 161635.5)	(61.0, 142135.0)	(62.0, 122549.0)	(63.0, 110664.0)	(64.0, 99302.0)	(65.0, 85405.5)	(66.0, 65672.0)	(67.0, 46257.0)	(68.0, 37278.0)	(69.0, 31987.5)	(70.0, 25472.0)	(71.0, 17545.0)	(72.0, 11436.5)	(73.0, 8529.0)	(74.0, 9606.0)	(75.0, 9512.0)	(76.0, 6079.5)	(77.0, 5137.5)	(78.0, 5029.5)	(79.0, 5159.5)	(80.0, 4549.0)	(81.0, 2402.5)	(82.0, 1090.0)	(83.0, 315.0)	(84.0, 11.5)	(85.0, 2.0)	(86.0, 1.0)	(87.0, 0.0)	(88.0, 0.0)	(89.0, 0.0)	(90.0, 0.0)	(91.0, 0.0)	(92.0, 0.0)	(93.0, 1.0)	(94.0, 1.5)	(95.0, 0.5)	(96.0, 1.0)	(97.0, 1.5)	(98.0, 1.5)	(99.0, 2.0)	(100.0, 4.5)
HI_6hpi_1_R1	(0.0, 90.0)	(1.0, 79.0)	(2.0, 56.0)	(3.0, 47.5)	(4.0, 45.0)	(5.0, 46.5)	(6.0, 62.5)	(7.0, 72.0)	(8.0, 84.5)	(9.0, 105.0)	(10.0, 122.5)	(11.0, 154.5)	(12.0, 197.0)	(13.0, 257.0)	(14.0, 428.5)	(15.0, 733.5)	(16.0, 930.5)	(17.0, 1139.0)	(18.0, 1714.5)	(19.0, 2429.0)	(20.0, 3289.0)	(21.0, 4702.0)	(22.0, 6925.5)	(23.0, 9865.0)	(24.0, 14118.5)	(25.0, 19994.0)	(26.0, 27195.0)	(27.0, 37280.0)	(28.0, 49222.5)	(29.0, 62689.5)	(30.0, 79309.0)	(31.0, 99401.0)	(32.0, 124429.5)	(33.0, 153164.0)	(34.0, 186470.5)	(35.0, 228658.5)	(36.0, 283037.0)	(37.0, 349892.0)	(38.0, 431694.5)	(39.0, 525979.0)	(40.0, 625050.5)	(41.0, 723680.5)	(42.0, 814678.5)	(43.0, 890080.0)	(44.0, 943795.0)	(45.0, 971727.5)	(46.0, 970448.5)	(47.0, 946238.0)	(48.0, 907083.0)	(49.0, 859797.0)	(50.0, 797146.5)	(51.0, 701697.0)	(52.0, 599550.0)	(53.0, 520585.5)	(54.0, 454006.0)	(55.0, 409580.0)	(56.0, 366526.5)	(57.0, 301358.0)	(58.0, 251283.5)	(59.0, 212578.0)	(60.0, 178287.0)	(61.0, 152669.5)	(62.0, 126896.5)	(63.0, 110026.0)	(64.0, 105956.0)	(65.0, 92991.5)	(66.0, 66503.0)	(67.0, 47797.5)	(68.0, 39825.0)	(69.0, 41067.0)	(70.0, 36612.5)	(71.0, 24542.5)	(72.0, 16416.5)	(73.0, 12281.5)	(74.0, 15732.5)	(75.0, 15094.0)	(76.0, 8407.5)	(77.0, 7861.5)	(78.0, 7761.5)	(79.0, 7261.0)	(80.0, 7207.5)	(81.0, 4525.5)	(82.0, 2126.5)	(83.0, 576.5)	(84.0, 33.0)	(85.0, 10.5)	(86.0, 6.0)	(87.0, 3.0)	(88.0, 1.5)	(89.0, 0.5)	(90.0, 0.0)	(91.0, 0.0)	(92.0, 0.0)	(93.0, 0.0)	(94.0, 0.0)	(95.0, 0.0)	(96.0, 0.0)	(97.0, 0.0)	(98.0, 0.0)	(99.0, 0.0)	(100.0, 0.5)
HI_6hpi_1_R2	(0.0, 255.0)	(1.0, 289.0)	(2.0, 289.5)	(3.0, 234.0)	(4.0, 181.5)	(5.0, 138.0)	(6.0, 126.5)	(7.0, 135.5)	(8.0, 135.0)	(9.0, 133.0)	(10.0, 153.5)	(11.0, 175.5)	(12.0, 219.5)	(13.0, 330.0)	(14.0, 521.5)	(15.0, 728.0)	(16.0, 893.5)	(17.0, 1187.0)	(18.0, 1777.5)	(19.0, 2480.0)	(20.0, 3545.5)	(21.0, 5175.5)	(22.0, 7584.5)	(23.0, 10856.5)	(24.0, 15430.5)	(25.0, 21870.5)	(26.0, 30014.0)	(27.0, 41141.5)	(28.0, 53813.0)	(29.0, 68715.5)	(30.0, 87477.0)	(31.0, 109052.5)	(32.0, 135238.5)	(33.0, 168120.0)	(34.0, 204714.5)	(35.0, 252376.0)	(36.0, 313968.0)	(37.0, 387087.0)	(38.0, 476021.0)	(39.0, 574508.5)	(40.0, 673598.5)	(41.0, 770321.0)	(42.0, 857033.5)	(43.0, 921869.0)	(44.0, 964181.0)	(45.0, 975363.5)	(46.0, 959266.0)	(47.0, 931694.0)	(48.0, 884569.0)	(49.0, 830611.5)	(50.0, 750107.5)	(51.0, 650090.0)	(52.0, 565359.0)	(53.0, 489437.0)	(54.0, 437745.5)	(55.0, 389018.5)	(56.0, 326553.0)	(57.0, 276119.5)	(58.0, 231517.5)	(59.0, 196221.0)	(60.0, 170231.0)	(61.0, 139649.5)	(62.0, 118395.0)	(63.0, 109308.0)	(64.0, 94544.5)	(65.0, 76514.0)	(66.0, 59828.0)	(67.0, 43821.0)	(68.0, 42429.0)	(69.0, 40041.5)	(70.0, 29649.5)	(71.0, 20180.0)	(72.0, 14056.5)	(73.0, 16419.0)	(74.0, 15677.0)	(75.0, 9625.5)	(76.0, 8766.5)	(77.0, 8715.5)	(78.0, 8336.0)	(79.0, 7833.0)	(80.0, 5087.0)	(81.0, 2837.5)	(82.0, 1362.5)	(83.0, 113.0)	(84.0, 15.0)	(85.0, 5.5)	(86.0, 2.0)	(87.0, 0.5)	(88.0, 0.0)	(89.0, 0.0)	(90.0, 0.0)	(91.0, 0.5)	(92.0, 0.5)	(93.0, 0.0)	(94.0, 1.0)	(95.0, 1.0)	(96.0, 0.5)	(97.0, 0.5)	(98.0, 0.5)	(99.0, 2.0)	(100.0, 1.5)
HI_6hpi_2_R1	(0.0, 95.0)	(1.0, 67.5)	(2.0, 34.5)	(3.0, 32.0)	(4.0, 33.5)	(5.0, 40.0)	(6.0, 49.5)	(7.0, 46.5)	(8.0, 61.0)	(9.0, 77.5)	(10.0, 90.5)	(11.0, 113.5)	(12.0, 156.0)	(13.0, 222.5)	(14.0, 399.0)	(15.0, 667.5)	(16.0, 789.0)	(17.0, 973.5)	(18.0, 1499.0)	(19.0, 2151.0)	(20.0, 3101.0)	(21.0, 4523.5)	(22.0, 6553.5)	(23.0, 9448.5)	(24.0, 13436.5)	(25.0, 19102.0)	(26.0, 26639.0)	(27.0, 37331.0)	(28.0, 50052.5)	(29.0, 64531.5)	(30.0, 81719.0)	(31.0, 102188.0)	(32.0, 127692.0)	(33.0, 156646.5)	(34.0, 190713.5)	(35.0, 232488.5)	(36.0, 285909.0)	(37.0, 353378.0)	(38.0, 435544.0)	(39.0, 530065.0)	(40.0, 628133.0)	(41.0, 724048.5)	(42.0, 812485.5)	(43.0, 884322.0)	(44.0, 933695.0)	(45.0, 957648.5)	(46.0, 950886.5)	(47.0, 920457.0)	(48.0, 874035.0)	(49.0, 820058.0)	(50.0, 755856.0)	(51.0, 662032.0)	(52.0, 561258.5)	(53.0, 481331.5)	(54.0, 414600.5)	(55.0, 369253.0)	(56.0, 324977.0)	(57.0, 263651.5)	(58.0, 217883.0)	(59.0, 182937.5)	(60.0, 153785.0)	(61.0, 132147.0)	(62.0, 109540.5)	(63.0, 94481.0)	(64.0, 87396.5)	(65.0, 74847.0)	(66.0, 54339.5)	(67.0, 39246.0)	(68.0, 32620.0)	(69.0, 31427.0)	(70.0, 25496.0)	(71.0, 15709.5)	(72.0, 9971.0)	(73.0, 6884.0)	(74.0, 8008.0)	(75.0, 7413.5)	(76.0, 3956.5)	(77.0, 3468.0)	(78.0, 3186.0)	(79.0, 2873.5)	(80.0, 2814.5)	(81.0, 1718.5)	(82.0, 816.0)	(83.0, 215.5)	(84.0, 7.0)	(85.0, 4.0)	(86.0, 2.5)	(87.0, 0.5)	(88.0, 0.0)	(89.0, 0.0)	(90.0, 0.0)	(91.0, 0.0)	(92.0, 0.0)	(93.0, 0.0)	(94.0, 0.0)	(95.0, 0.0)	(96.0, 0.0)	(97.0, 0.0)	(98.0, 0.0)	(99.0, 0.0)	(100.0, 0.0)
HI_6hpi_2_R2	(0.0, 229.0)	(1.0, 236.0)	(2.0, 209.0)	(3.0, 161.5)	(4.0, 139.5)	(5.0, 115.5)	(6.0, 90.0)	(7.0, 83.5)	(8.0, 92.5)	(9.0, 108.0)	(10.0, 122.0)	(11.0, 137.0)	(12.0, 187.5)	(13.0, 294.0)	(14.0, 477.5)	(15.0, 667.0)	(16.0, 819.5)	(17.0, 1143.5)	(18.0, 1691.5)	(19.0, 2300.5)	(20.0, 3340.5)	(21.0, 4989.0)	(22.0, 7251.5)	(23.0, 10462.5)	(24.0, 15086.5)	(25.0, 21500.5)	(26.0, 29678.5)	(27.0, 41249.0)	(28.0, 55140.0)	(29.0, 70753.0)	(30.0, 90022.0)	(31.0, 112677.0)	(32.0, 139104.5)	(33.0, 171084.5)	(34.0, 208643.5)	(35.0, 255587.5)	(36.0, 316016.5)	(37.0, 391570.5)	(38.0, 481187.0)	(39.0, 578556.5)	(40.0, 675169.5)	(41.0, 768872.5)	(42.0, 851889.0)	(43.0, 913064.0)	(44.0, 952007.5)	(45.0, 958327.0)	(46.0, 936717.0)	(47.0, 901149.5)	(48.0, 848949.0)	(49.0, 791466.0)	(50.0, 711321.5)	(51.0, 611970.0)	(52.0, 524976.0)	(53.0, 450428.5)	(54.0, 398214.5)	(55.0, 348349.0)	(56.0, 288195.0)	(57.0, 240399.0)	(58.0, 200307.0)	(59.0, 169681.5)	(60.0, 146190.5)	(61.0, 120304.0)	(62.0, 102138.5)	(63.0, 91651.0)	(64.0, 78366.5)	(65.0, 62859.0)	(66.0, 48244.5)	(67.0, 36218.0)	(68.0, 33109.0)	(69.0, 28441.0)	(70.0, 19419.0)	(71.0, 12663.0)	(72.0, 8352.5)	(73.0, 8309.5)	(74.0, 7557.5)	(75.0, 4575.0)	(76.0, 3877.5)	(77.0, 3612.5)	(78.0, 3389.5)	(79.0, 3155.0)	(80.0, 1958.5)	(81.0, 1064.5)	(82.0, 507.0)	(83.0, 39.0)	(84.0, 6.5)	(85.0, 2.5)	(86.0, 0.5)	(87.0, 0.0)	(88.0, 0.0)	(89.0, 0.0)	(90.0, 0.0)	(91.0, 0.0)	(92.0, 0.0)	(93.0, 0.0)	(94.0, 0.0)	(95.0, 0.0)	(96.0, 0.5)	(97.0, 0.5)	(98.0, 1.0)	(99.0, 2.5)	(100.0, 1.5)
HI_6hpi_3_R1	(0.0, 53.0)	(1.0, 39.5)	(2.0, 29.5)	(3.0, 31.5)	(4.0, 29.5)	(5.0, 30.5)	(6.0, 33.5)	(7.0, 48.0)	(8.0, 54.0)	(9.0, 51.5)	(10.0, 69.0)	(11.0, 91.0)	(12.0, 113.0)	(13.0, 174.0)	(14.0, 285.5)	(15.0, 388.5)	(16.0, 479.5)	(17.0, 629.5)	(18.0, 935.0)	(19.0, 1345.0)	(20.0, 1977.0)	(21.0, 3125.0)	(22.0, 4747.0)	(23.0, 6659.5)	(24.0, 9529.5)	(25.0, 13735.5)	(26.0, 19311.0)	(27.0, 27226.0)	(28.0, 37014.0)	(29.0, 49024.0)	(30.0, 63245.0)	(31.0, 79846.5)	(32.0, 101617.0)	(33.0, 127691.5)	(34.0, 158883.0)	(35.0, 199081.5)	(36.0, 249101.0)	(37.0, 310627.5)	(38.0, 386463.5)	(39.0, 471856.0)	(40.0, 559951.0)	(41.0, 645218.5)	(42.0, 725055.5)	(43.0, 793464.5)	(44.0, 838179.0)	(45.0, 849832.0)	(46.0, 831686.5)	(47.0, 796711.0)	(48.0, 747520.0)	(49.0, 688939.0)	(50.0, 619418.0)	(51.0, 537034.5)	(52.0, 455369.5)	(53.0, 384252.0)	(54.0, 329018.0)	(55.0, 292441.0)	(56.0, 255330.0)	(57.0, 203922.5)	(58.0, 160602.5)	(59.0, 134368.5)	(60.0, 114807.0)	(61.0, 97552.5)	(62.0, 82326.0)	(63.0, 71330.5)	(64.0, 60352.5)	(65.0, 47182.5)	(66.0, 36184.0)	(67.0, 28604.5)	(68.0, 24103.5)	(69.0, 19437.5)	(70.0, 13515.5)	(71.0, 8692.5)	(72.0, 5646.5)	(73.0, 4705.5)	(74.0, 4509.0)	(75.0, 3545.5)	(76.0, 2333.0)	(77.0, 1756.0)	(78.0, 1677.5)	(79.0, 1540.0)	(80.0, 1066.0)	(81.0, 525.5)	(82.0, 208.5)	(83.0, 45.0)	(84.0, 1.0)	(85.0, 0.0)	(86.0, 0.0)	(87.0, 0.0)	(88.0, 0.0)	(89.0, 0.0)	(90.0, 0.0)	(91.0, 0.0)	(92.0, 0.0)	(93.0, 0.0)	(94.0, 0.0)	(95.0, 0.0)	(96.0, 2.0)	(97.0, 5.0)	(98.0, 5.0)	(99.0, 2.0)	(100.0, 0.0)
HI_6hpi_3_R2	(0.0, 248.0)	(1.0, 228.0)	(2.0, 186.5)	(3.0, 137.0)	(4.0, 111.0)	(5.0, 98.0)	(6.0, 85.5)	(7.0, 80.0)	(8.0, 79.5)	(9.0, 87.5)	(10.0, 81.5)	(11.0, 95.5)	(12.0, 135.5)	(13.0, 186.5)	(14.0, 296.0)	(15.0, 363.5)	(16.0, 439.5)	(17.0, 640.5)	(18.0, 954.5)	(19.0, 1348.5)	(20.0, 1973.0)	(21.0, 2962.0)	(22.0, 4552.0)	(23.0, 6504.0)	(24.0, 9230.5)	(25.0, 13178.0)	(26.0, 18518.5)	(27.0, 26340.5)	(28.0, 35901.0)	(29.0, 47729.0)	(30.0, 61562.5)	(31.0, 77640.0)	(32.0, 99398.0)	(33.0, 124971.5)	(34.0, 154475.0)	(35.0, 193461.0)	(36.0, 241600.0)	(37.0, 301275.5)	(38.0, 374650.0)	(39.0, 457831.5)	(40.0, 545342.0)	(41.0, 630298.0)	(42.0, 709562.5)	(43.0, 776561.5)	(44.0, 827342.5)	(45.0, 845942.0)	(46.0, 829328.0)	(47.0, 796867.0)	(48.0, 748887.0)	(49.0, 693039.5)	(50.0, 629533.5)	(51.0, 550056.0)	(52.0, 466995.0)	(53.0, 394020.0)	(54.0, 334767.0)	(55.0, 298739.5)	(56.0, 268496.5)	(57.0, 217838.5)	(58.0, 169471.0)	(59.0, 138748.5)	(60.0, 119841.0)	(61.0, 103670.5)	(62.0, 85449.0)	(63.0, 73892.5)	(64.0, 64510.0)	(65.0, 51687.0)	(66.0, 39678.0)	(67.0, 30514.0)	(68.0, 25305.0)	(69.0, 21390.0)	(70.0, 16094.0)	(71.0, 10389.5)	(72.0, 6453.0)	(73.0, 4658.0)	(74.0, 4988.0)	(75.0, 4724.0)	(76.0, 2699.5)	(77.0, 1968.0)	(78.0, 1868.0)	(79.0, 1752.0)	(80.0, 1445.5)	(81.0, 739.5)	(82.0, 326.0)	(83.0, 83.5)	(84.0, 1.5)	(85.0, 1.0)	(86.0, 0.5)	(87.0, 0.0)	(88.0, 0.0)	(89.0, 2.0)	(90.0, 2.5)	(91.0, 2.0)	(92.0, 2.0)	(93.0, 1.5)	(94.0, 3.0)	(95.0, 4.5)	(96.0, 4.0)	(97.0, 4.0)	(98.0, 6.0)	(99.0, 7.0)	(100.0, 12.0)
