matrix_id	motif_name	tf_class	tf_family	litchi_tf_gene_id	litchi_tf_max_group_median_normalized_count	tf_expression_status	ame_pass_count_1000bp	ame_pass_count_2000bp	fimo_pass_count_1000bp	fimo_pass_count_2000bp	both_windows_ame_pass	discovery_motif_status	external_transport_status
MA0021.1	Dof3	Other C4 zinc finger-type factors	DOF		nan	NOT_TESTABLE_NO_COMPLETE_ONE_TO_ONE_RBH	0	0	0	0	False	NOT_ROBUST	PENDING
MA0053.1	MNB1A	Other C4 zinc finger-type factors	DOF		nan	NOT_TESTABLE_NO_COMPLETE_ONE_TO_ONE_RBH	0	0	0	0	False	NOT_ROBUST	PENDING
MA0064.1	PBF	Other C4 zinc finger-type factors	DOF		nan	NOT_TESTABLE_NO_COMPLETE_ONE_TO_ONE_RBH	0	0	0	0	False	NOT_ROBUST	PENDING
MA0096.1	bZIP910	Basic leucine zipper factors (bZIP)	Group S		nan	NOT_TESTABLE_NO_COMPLETE_ONE_TO_ONE_RBH	0	0	0	0	False	NOT_ROBUST	PENDING
MA0097.1	bZIP911	Basic leucine zipper factors (bZIP)	Group S		nan	NOT_TESTABLE_NO_COMPLETE_ONE_TO_ONE_RBH	0	0	0	0	False	NOT_ROBUST	PENDING
MA0123.1	abi4	AP2/EREBP	ERF/DREB		nan	NOT_TESTABLE_NO_COMPLETE_ONE_TO_ONE_RBH	0	0	0	0	False	NOT_ROBUST	PENDING
MA0128.1	EmBP-1	Basic leucine zipper factors (bZIP)	Group G		nan	NOT_TESTABLE_NO_COMPLETE_ONE_TO_ONE_RBH	0	0	0	0	False	NOT_ROBUST	PENDING
MA0129.1	TGA1A	Basic leucine zipper factors (bZIP)	Group D		nan	NOT_TESTABLE_NO_COMPLETE_ONE_TO_ONE_RBH	0	0	0	0	False	NOT_ROBUST	PENDING
MA0561.1	PIF4	Basic helix-loop-helix factors (bHLH)	bHLH		nan	NOT_TESTABLE_NO_COMPLETE_ONE_TO_ONE_RBH	0	0	0	0	False	NOT_ROBUST	PENDING
MA0562.1	PIF5	Basic helix-loop-helix factors (bHLH)	bHLH		nan	NOT_TESTABLE_NO_COMPLETE_ONE_TO_ONE_RBH	0	0	0	0	False	NOT_ROBUST	PENDING
MA0567.1	ERF1B	AP2/EREBP	ERF/DREB	LITCHI015333	42.0525994726686	EXPRESSED	0	0	0	0	False	NOT_ROBUST	PENDING
MA0580.1	DYT1	Basic helix-loop-helix factors (bHLH)	bHLH	LITCHI029370	55.6284725689639	EXPRESSED	0	0	0	0	False	NOT_ROBUST	PENDING
MA0590.1	LFY	LEAFY		LITCHI020239	nan	NOT_TESTABLE_NO_COMPLETE_ONE_TO_ONE_RBH	0	1	0	0	False	NOT_ROBUST	PENDING
MA0932.1	AHL12	A.T hook factors	AHL	LITCHI022144	339.813031838455	EXPRESSED	0	0	0	0	False	NOT_ROBUST	PENDING
MA0933.1	AHL20	A.T hook factors	AHL	LITCHI015370	nan	NOT_TESTABLE_NO_COMPLETE_ONE_TO_ONE_RBH	0	0	0	0	False	NOT_ROBUST	PENDING
MA0934.1	AHL25	A.T hook factors	AHL	LITCHI002212	nan	NOT_TESTABLE_NO_COMPLETE_ONE_TO_ONE_RBH	0	0	0	0	False	NOT_ROBUST	PENDING
MA0935.1	NAC025	GCM domain factors	NAC	LITCHI029254	nan	NOT_TESTABLE_NO_COMPLETE_ONE_TO_ONE_RBH	0	0	0	0	False	NOT_ROBUST	PENDING
MA0936.1	NAC046	GCM domain factors	NAC		nan	NOT_TESTABLE_NO_COMPLETE_ONE_TO_ONE_RBH	0	0	0	0	False	NOT_ROBUST	PENDING
MA0937.1	NAC055	GCM domain factors	NAC		nan	NOT_TESTABLE_NO_COMPLETE_ONE_TO_ONE_RBH	0	0	0	0	False	NOT_ROBUST	PENDING
MA0939.1	NAC079	GCM domain factors	NAC	LITCHI023466	250.619397757921	EXPRESSED	0	0	0	0	False	NOT_ROBUST	PENDING
MA0946.1	ARR11	Tryptophan cluster factors	GARP_ARR-B	LITCHI004771	48.2813158145725	EXPRESSED	0	0	0	0	False	NOT_ROBUST	PENDING
MA0947.1	ARR14	Tryptophan cluster factors	GARP_ARR-B		nan	NOT_TESTABLE_NO_COMPLETE_ONE_TO_ONE_RBH	0	0	0	0	False	NOT_ROBUST	PENDING
MA0950.1	ATHB-12	Homeo domain factors	HD-ZIP		nan	NOT_TESTABLE_NO_COMPLETE_ONE_TO_ONE_RBH	2	0	0	0	False	NOT_ROBUST	PENDING
MA0951.1	ATHB-16	Homeo domain factors	HD-ZIP		nan	NOT_TESTABLE_NO_COMPLETE_ONE_TO_ONE_RBH	0	0	0	0	False	NOT_ROBUST	PENDING
MA0952.1	ATHB-51	Homeo domain factors	HD-ZIP	LITCHI018752	48.8318973545147	EXPRESSED	0	0	0	0	False	NOT_ROBUST	PENDING
MA0957.1	BHLH3	Basic helix-loop-helix factors (bHLH)	bHLH	LITCHI026097	1424.12588798151	EXPRESSED	0	0	0	0	False	NOT_ROBUST	PENDING
MA0958.1	BHLH13	Basic helix-loop-helix factors (bHLH)	bHLH	LITCHI026870	2609.57659462527	EXPRESSED	0	0	0	0	False	NOT_ROBUST	PENDING
MA0959.1	AIB	Basic helix-loop-helix factors (bHLH)	bHLH		nan	NOT_TESTABLE_NO_COMPLETE_ONE_TO_ONE_RBH	1	0	0	0	False	NOT_ROBUST	PENDING
MA0960.1	BHLH104	Basic helix-loop-helix factors (bHLH)	bHLH		nan	NOT_TESTABLE_NO_COMPLETE_ONE_TO_ONE_RBH	0	0	0	0	False	NOT_ROBUST	PENDING
MA0963.1	bHLH78	Basic helix-loop-helix factors (bHLH)	bHLH	LITCHI026971	1275.83817334082	EXPRESSED	0	0	0	0	False	NOT_ROBUST	PENDING
MA0967.1	BZIP60	Basic leucine zipper factors (bZIP)	Group K		nan	NOT_TESTABLE_NO_COMPLETE_ONE_TO_ONE_RBH	0	0	0	0	False	NOT_ROBUST	PENDING
MA0975.1	CRF2	AP2/EREBP	ERF/DREB	LITCHI021987	57.6468536154521	EXPRESSED	0	0	0	0	False	NOT_ROBUST	PENDING
MA0977.1	DOF2.5	Other C4 zinc finger-type factors	DOF		nan	NOT_TESTABLE_NO_COMPLETE_ONE_TO_ONE_RBH	0	0	0	0	False	NOT_ROBUST	PENDING
MA0978.1	DREB1E	AP2/EREBP	ERF/DREB		nan	NOT_TESTABLE_NO_COMPLETE_ONE_TO_ONE_RBH	0	0	0	0	False	NOT_ROBUST	PENDING
MA0986.1	DREB2C	AP2/EREBP	ERF/DREB		nan	NOT_TESTABLE_NO_COMPLETE_ONE_TO_ONE_RBH	0	0	0	0	False	NOT_ROBUST	PENDING
MA1007.1	PHYPADRAFT_173530	AP2/EREBP	ERF/DREB		nan	NOT_TESTABLE_NO_COMPLETE_ONE_TO_ONE_RBH	0	0	0	0	False	NOT_ROBUST	PENDING
MA1009.1	ARF3	B3	ARF		nan	NOT_TESTABLE_NO_COMPLETE_ONE_TO_ONE_RBH	0	0	0	0	False	NOT_ROBUST	PENDING
MA1013.1	GATA10	Other C4 zinc finger-type factors	C4-GATA-related		nan	NOT_TESTABLE_NO_COMPLETE_ONE_TO_ONE_RBH	0	0	0	0	False	NOT_ROBUST	PENDING
MA1014.1	GATA11	Other C4 zinc finger-type factors	C4-GATA-related	LITCHI024717	451.46826348035	EXPRESSED	0	0	0	0	False	NOT_ROBUST	PENDING
MA1020.1	GT-1	Tryptophan cluster factors	Trihelix	LITCHI004750	1421.88006281703	EXPRESSED	0	0	0	0	False	NOT_ROBUST	PENDING
MA1023.1	PHYPADRAFT_28324	AP2/EREBP	ERF/DREB		nan	NOT_TESTABLE_NO_COMPLETE_ONE_TO_ONE_RBH	0	0	0	0	False	NOT_ROBUST	PENDING
MA1028.1	KAN4	Tryptophan cluster factors	GARP_G2-like	LITCHI011114	725.352499236821	EXPRESSED	0	0	0	0	False	NOT_ROBUST	PENDING
MA1033.1	OJ1058_F05.8	Basic leucine zipper factors (bZIP)	Group A		nan	NOT_TESTABLE_NO_COMPLETE_ONE_TO_ONE_RBH	0	0	0	0	False	NOT_ROBUST	PENDING
MA1034.1	Os05g0497200	AP2/EREBP	ERF/DREB		nan	NOT_TESTABLE_NO_COMPLETE_ONE_TO_ONE_RBH	0	0	0	0	False	NOT_ROBUST	PENDING
MA1035.1	TCP4	TCP		LITCHI012999	4002.10124349924	EXPRESSED	0	0	0	0	False	NOT_ROBUST	PENDING
MA1046.1	NTL9	GCM domain factors	NAC	LITCHI021766	1373.19943299163	EXPRESSED	0	0	0	0	False	NOT_ROBUST	PENDING
MA1050.1	OsI_08196	TCP			nan	NOT_TESTABLE_NO_COMPLETE_ONE_TO_ONE_RBH	1	0	0	0	False	NOT_ROBUST	PENDING
MA1051.1	RAP2-3	AP2/EREBP	ERF/DREB	LITCHI014444	431.845727961369	EXPRESSED	0	0	0	0	False	NOT_ROBUST	PENDING
MA1053.1	ERF109	AP2/EREBP	ERF/DREB	LITCHI001614	289.041239588341	EXPRESSED	0	0	0	0	False	NOT_ROBUST	PENDING
MA1066.1	TCP23	TCP		LITCHI011648	435.329715162551	EXPRESSED	2	0	0	0	False	NOT_ROBUST	PENDING
MA1067.1	TCP5	TCP		LITCHI023346	373.650738475446	EXPRESSED	0	0	0	0	False	NOT_ROBUST	PENDING
MA1075.1	WRKY12	GCM domain factors	WRKY	LITCHI025345	255.573306583375	EXPRESSED	0	0	0	0	False	NOT_ROBUST	PENDING
MA1080.1	WRKY23	GCM domain factors	WRKY	LITCHI026589	nan	NOT_TESTABLE_NO_COMPLETE_ONE_TO_ONE_RBH	0	0	0	0	False	NOT_ROBUST	PENDING
MA1084.1	WRKY38	GCM domain factors	WRKY		nan	NOT_TESTABLE_NO_COMPLETE_ONE_TO_ONE_RBH	0	0	0	0	False	NOT_ROBUST	PENDING
MA1091.1	WRKY62	GCM domain factors	WRKY		nan	NOT_TESTABLE_NO_COMPLETE_ONE_TO_ONE_RBH	0	0	0	0	False	NOT_ROBUST	PENDING
MA1095.1	ARALYDRAFT_495258	TCP			nan	NOT_TESTABLE_NO_COMPLETE_ONE_TO_ONE_RBH	0	0	0	0	False	NOT_ROBUST	PENDING
MA1096.1	ARALYDRAFT_496250	TCP			nan	NOT_TESTABLE_NO_COMPLETE_ONE_TO_ONE_RBH	0	0	0	0	False	NOT_ROBUST	PENDING
MA1097.1	ARALYDRAFT_493022	TCP			nan	NOT_TESTABLE_NO_COMPLETE_ONE_TO_ONE_RBH	0	0	0	0	False	NOT_ROBUST	PENDING
MA1098.1	ARALYDRAFT_484486	TCP			nan	NOT_TESTABLE_NO_COMPLETE_ONE_TO_ONE_RBH	0	0	0	0	False	NOT_ROBUST	PENDING
MA1161.1	TSO1	CPP			nan	NOT_TESTABLE_NO_COMPLETE_ONE_TO_ONE_RBH	0	0	0	0	False	NOT_ROBUST	PENDING
MA1162.1	TCX2	CPP		LITCHI014860	2299.98236539764	EXPRESSED	0	0	0	0	False	NOT_ROBUST	PENDING
MA1221.1	RAP2-6	AP2/EREBP	ERF/DREB		nan	NOT_TESTABLE_NO_COMPLETE_ONE_TO_ONE_RBH	0	0	0	0	False	NOT_ROBUST	PENDING
MA1222.1	ERF014	AP2/EREBP	ERF/DREB	LITCHI011225	nan	NOT_TESTABLE_NO_COMPLETE_ONE_TO_ONE_RBH	0	0	0	0	False	NOT_ROBUST	PENDING
MA1225.1	ERF5	AP2/EREBP	ERF/DREB	LITCHI022746	nan	NOT_TESTABLE_NO_COMPLETE_ONE_TO_ONE_RBH	0	0	0	0	False	NOT_ROBUST	PENDING
MA1235.1	AIL7	AP2/EREBP	AP2		nan	NOT_TESTABLE_NO_COMPLETE_ONE_TO_ONE_RBH	0	0	0	0	False	NOT_ROBUST	PENDING
MA1242.1	DREB2F	AP2/EREBP	ERF/DREB	LITCHI008924	nan	NOT_TESTABLE_NO_COMPLETE_ONE_TO_ONE_RBH	0	0	0	0	False	NOT_ROBUST	PENDING
MA1274.1	DOF3.6	Other C4 zinc finger-type factors	DOF	LITCHI027743	238.298063678455	EXPRESSED	0	0	0	0	False	NOT_ROBUST	PENDING
MA1290.1	TCP17	TCP			nan	NOT_TESTABLE_NO_COMPLETE_ONE_TO_ONE_RBH	0	0	0	0	False	NOT_ROBUST	PENDING
MA1291.1	TCP7	TCP		LITCHI005896	2668.17487145068	EXPRESSED	0	0	0	0	False	NOT_ROBUST	PENDING
MA1309.1	WRKY3	GCM domain factors	WRKY	LITCHI005243	nan	NOT_TESTABLE_NO_COMPLETE_ONE_TO_ONE_RBH	0	0	0	0	False	NOT_ROBUST	PENDING
MA1324.1	GATA20	Other C4 zinc finger-type factors	C4-GATA-related		nan	NOT_TESTABLE_NO_COMPLETE_ONE_TO_ONE_RBH	0	0	0	0	False	NOT_ROBUST	PENDING
MA1328.1	ZHD9	Homeo domain factors	PLINC		nan	NOT_TESTABLE_NO_COMPLETE_ONE_TO_ONE_RBH	0	0	0	0	False	NOT_ROBUST	PENDING
MA1335.1	TGA4	Basic leucine zipper factors (bZIP)	Group D		nan	NOT_TESTABLE_NO_COMPLETE_ONE_TO_ONE_RBH	0	0	0	0	False	NOT_ROBUST	PENDING
MA1339.1	BZIP43	Basic leucine zipper factors (bZIP)	Group S		nan	NOT_TESTABLE_NO_COMPLETE_ONE_TO_ONE_RBH	0	0	0	0	False	NOT_ROBUST	PENDING
MA1348.1	TGA9	Basic leucine zipper factors (bZIP)	Group D		nan	NOT_TESTABLE_NO_COMPLETE_ONE_TO_ONE_RBH	0	0	0	0	False	NOT_ROBUST	PENDING
MA1350.1	BZIP42	Basic leucine zipper factors (bZIP)	Group S		nan	NOT_TESTABLE_NO_COMPLETE_ONE_TO_ONE_RBH	0	0	0	0	False	NOT_ROBUST	PENDING
MA1363.1	LRL2	Basic helix-loop-helix factors (bHLH)	bHLH		nan	NOT_TESTABLE_NO_COMPLETE_ONE_TO_ONE_RBH	1	0	0	0	False	NOT_ROBUST	PENDING
MA1373.1	GAF1	C2H2 zinc finger factors	IDD		nan	NOT_TESTABLE_NO_COMPLETE_ONE_TO_ONE_RBH	0	0	0	0	False	NOT_ROBUST	PENDING
MA1379.1	SOL1	CPP		LITCHI011523	457.596791943884	EXPRESSED	0	0	0	0	False	NOT_ROBUST	PENDING
MA1380.1	TCX6	CPP			nan	NOT_TESTABLE_NO_COMPLETE_ONE_TO_ONE_RBH	0	0	0	0	False	NOT_ROBUST	PENDING
MA1384.1	PHL7	Tryptophan cluster factors	GARP_G2-like	LITCHI029818	916.396230175237	EXPRESSED	0	0	0	0	False	NOT_ROBUST	PENDING
MA1402.1	BPC6	BBR/BPC		LITCHI010170	1317.41954465002	EXPRESSED	1	0	0	0	False	NOT_ROBUST	PENDING
MA1403.1	BPC5	BBR/BPC		LITCHI001940	1831.1961507943	EXPRESSED	3	0	0	0	False	NOT_ROBUST	PENDING
MA1404.1	BPC1	BBR/BPC		LITCHI005963	1760.61611201881	EXPRESSED	0	0	0	0	False	NOT_ROBUST	PENDING
MA1416.1	RAMOSA1	C2H2 zinc finger factors	C2H2		nan	NOT_TESTABLE_NO_COMPLETE_ONE_TO_ONE_RBH	0	0	0	0	False	NOT_ROBUST	PENDING
MA2055.1	PK00315.1	Basic leucine zipper factors (bZIP)	Group I		nan	NOT_TESTABLE_NO_COMPLETE_ONE_TO_ONE_RBH	0	0	0	0	False	NOT_ROBUST	PENDING
MA2056.1	PK01144.1	Other C4 zinc finger-type factors	DOF		nan	NOT_TESTABLE_NO_COMPLETE_ONE_TO_ONE_RBH	0	0	0	0	False	NOT_ROBUST	PENDING
MA2057.1	PK01630.1	Basic helix-loop-helix factors (bHLH)	bHLH		nan	NOT_TESTABLE_NO_COMPLETE_ONE_TO_ONE_RBH	0	0	0	0	False	NOT_ROBUST	PENDING
MA2058.1	PK03929.1	Other C4 zinc finger-type factors	DOF		nan	NOT_TESTABLE_NO_COMPLETE_ONE_TO_ONE_RBH	0	0	0	0	False	NOT_ROBUST	PENDING
MA2059.1	PK05432.1	GCM domain factors	WRKY		nan	NOT_TESTABLE_NO_COMPLETE_ONE_TO_ONE_RBH	0	0	0	0	False	NOT_ROBUST	PENDING
MA2060.1	PK05451.1	Basic helix-loop-helix factors (bHLH)	bHLH		nan	NOT_TESTABLE_NO_COMPLETE_ONE_TO_ONE_RBH	0	0	0	0	False	NOT_ROBUST	PENDING
MA2061.1	PK06517.1	Basic helix-loop-helix factors (bHLH)	bHLH		nan	NOT_TESTABLE_NO_COMPLETE_ONE_TO_ONE_RBH	0	0	0	0	False	NOT_ROBUST	PENDING
MA2062.1	PK07031.1	Other C4 zinc finger-type factors	DOF		nan	NOT_TESTABLE_NO_COMPLETE_ONE_TO_ONE_RBH	0	0	0	0	False	NOT_ROBUST	PENDING
MA2063.1	PK07402.1	AP2/EREBP			nan	NOT_TESTABLE_NO_COMPLETE_ONE_TO_ONE_RBH	0	0	0	0	False	NOT_ROBUST	PENDING
MA2064.1	PK07858.1	Basic helix-loop-helix factors (bHLH)	bHLH		nan	NOT_TESTABLE_NO_COMPLETE_ONE_TO_ONE_RBH	0	0	0	0	False	NOT_ROBUST	PENDING
MA2065.1	PK08602.1	AP2/EREBP			nan	NOT_TESTABLE_NO_COMPLETE_ONE_TO_ONE_RBH	0	0	0	0	False	NOT_ROBUST	PENDING
MA2066.1	PK09021.1	Basic leucine zipper factors (bZIP)	Group D		nan	NOT_TESTABLE_NO_COMPLETE_ONE_TO_ONE_RBH	0	0	0	0	False	NOT_ROBUST	PENDING
MA2067.1	PK09702.1	Basic helix-loop-helix factors (bHLH)	bHLH		nan	NOT_TESTABLE_NO_COMPLETE_ONE_TO_ONE_RBH	0	0	0	0	False	NOT_ROBUST	PENDING
MA2068.1	PK10344.1	TCP			nan	NOT_TESTABLE_NO_COMPLETE_ONE_TO_ONE_RBH	0	0	0	0	False	NOT_ROBUST	PENDING
MA2069.1	PK10955.1	Other C4 zinc finger-type factors	DOF		nan	NOT_TESTABLE_NO_COMPLETE_ONE_TO_ONE_RBH	0	0	0	0	False	NOT_ROBUST	PENDING
MA2070.1	PK15337.1	Other C4 zinc finger-type factors	DOF		nan	NOT_TESTABLE_NO_COMPLETE_ONE_TO_ONE_RBH	0	0	0	0	False	NOT_ROBUST	PENDING
MA2071.1	PK15505.1	Basic helix-loop-helix factors (bHLH)	bHLH		nan	NOT_TESTABLE_NO_COMPLETE_ONE_TO_ONE_RBH	0	0	0	0	False	NOT_ROBUST	PENDING
MA2072.1	PK16335.1	Basic leucine zipper factors (bZIP)	Group D		nan	NOT_TESTABLE_NO_COMPLETE_ONE_TO_ONE_RBH	0	0	0	0	False	NOT_ROBUST	PENDING
MA2073.1	PK16340.1	Other C4 zinc finger-type factors	DOF		nan	NOT_TESTABLE_NO_COMPLETE_ONE_TO_ONE_RBH	0	1	0	0	False	NOT_ROBUST	PENDING
MA2074.1	PK17878.1	AP2/EREBP	ERF/DREB		nan	NOT_TESTABLE_NO_COMPLETE_ONE_TO_ONE_RBH	0	0	0	0	False	NOT_ROBUST	PENDING
MA2075.1	PK18009.1	Basic leucine zipper factors (bZIP)	Group A		nan	NOT_TESTABLE_NO_COMPLETE_ONE_TO_ONE_RBH	0	0	0	0	False	NOT_ROBUST	PENDING
MA2076.1	PK18401.1	Basic helix-loop-helix factors (bHLH)	bHLH		nan	NOT_TESTABLE_NO_COMPLETE_ONE_TO_ONE_RBH	0	0	0	0	False	NOT_ROBUST	PENDING
MA2077.1	PK18474.1	Basic helix-loop-helix factors (bHLH)	bHLH		nan	NOT_TESTABLE_NO_COMPLETE_ONE_TO_ONE_RBH	0	0	0	0	False	NOT_ROBUST	PENDING
MA2078.1	PK19363.1	AP2/EREBP	ERF/DREB		nan	NOT_TESTABLE_NO_COMPLETE_ONE_TO_ONE_RBH	0	0	0	0	False	NOT_ROBUST	PENDING
MA2079.1	PK19717.1	TCP			nan	NOT_TESTABLE_NO_COMPLETE_ONE_TO_ONE_RBH	0	0	0	0	False	NOT_ROBUST	PENDING
MA2080.1	PK20225.1	Basic helix-loop-helix factors (bHLH)	bHLH		nan	NOT_TESTABLE_NO_COMPLETE_ONE_TO_ONE_RBH	0	0	0	0	False	NOT_ROBUST	PENDING
MA2081.1	PK20317.1	Other C4 zinc finger-type factors	DOF		nan	NOT_TESTABLE_NO_COMPLETE_ONE_TO_ONE_RBH	0	1	0	0	False	NOT_ROBUST	PENDING
MA2082.1	PK20392.1	Homeo domain factors	HD-ZIP		nan	NOT_TESTABLE_NO_COMPLETE_ONE_TO_ONE_RBH	0	0	0	0	False	NOT_ROBUST	PENDING
MA2083.1	PK21166.1	Tryptophan cluster factors	MYB		nan	NOT_TESTABLE_NO_COMPLETE_ONE_TO_ONE_RBH	0	0	0	0	False	NOT_ROBUST	PENDING
MA2084.1	PK23009.1	Other C4 zinc finger-type factors	DOF		nan	NOT_TESTABLE_NO_COMPLETE_ONE_TO_ONE_RBH	0	0	0	0	False	NOT_ROBUST	PENDING
MA2085.1	PK23763.1	Other C4 zinc finger-type factors	DOF		nan	NOT_TESTABLE_NO_COMPLETE_ONE_TO_ONE_RBH	2	0	0	0	False	NOT_ROBUST	PENDING
MA2086.1	PK23964.1	Basic leucine zipper factors (bZIP)	Group G		nan	NOT_TESTABLE_NO_COMPLETE_ONE_TO_ONE_RBH	0	0	0	0	False	NOT_ROBUST	PENDING
MA2087.1	PK24205.1	Basic leucine zipper factors (bZIP)	Group A		nan	NOT_TESTABLE_NO_COMPLETE_ONE_TO_ONE_RBH	0	0	0	0	False	NOT_ROBUST	PENDING
MA2088.1	PK24580.1	AP2/EREBP	ERF/DREB		nan	NOT_TESTABLE_NO_COMPLETE_ONE_TO_ONE_RBH	0	0	0	0	False	NOT_ROBUST	PENDING
MA2089.1	PK25870.1	GCM domain factors	WRKY		nan	NOT_TESTABLE_NO_COMPLETE_ONE_TO_ONE_RBH	0	0	0	0	False	NOT_ROBUST	PENDING
MA2090.1	PK26523.1	Tryptophan cluster factors	GARP_G2-like		nan	NOT_TESTABLE_NO_COMPLETE_ONE_TO_ONE_RBH	0	0	0	0	False	NOT_ROBUST	PENDING
MA2091.1	PK27109.1	Basic leucine zipper factors (bZIP)	Group I		nan	NOT_TESTABLE_NO_COMPLETE_ONE_TO_ONE_RBH	0	0	0	0	False	NOT_ROBUST	PENDING
MA2092.1	PK27149.1	Basic leucine zipper factors (bZIP)	Group S		nan	NOT_TESTABLE_NO_COMPLETE_ONE_TO_ONE_RBH	0	0	0	0	False	NOT_ROBUST	PENDING
MA1732.1	E2FD	Fork head/winged helix factors	E2F		nan	NOT_TESTABLE_NO_COMPLETE_ONE_TO_ONE_RBH	0	0	0	0	False	NOT_ROBUST	PENDING
MA1686.1	ARF13	B3	ARF		nan	NOT_TESTABLE_NO_COMPLETE_ONE_TO_ONE_RBH	0	0	0	0	False	NOT_ROBUST	PENDING
MA1687.1	ARF14	B3	ARF		nan	NOT_TESTABLE_NO_COMPLETE_ONE_TO_ONE_RBH	0	0	0	0	False	NOT_ROBUST	PENDING
MA1734.1	AT1G19040	GCM domain factors	NAC		nan	NOT_TESTABLE_NO_COMPLETE_ONE_TO_ONE_RBH	0	0	0	0	False	NOT_ROBUST	PENDING
MA1741.1	BRN2	GCM domain factors	NAC	LITCHI011953	nan	NOT_TESTABLE_NO_COMPLETE_ONE_TO_ONE_RBH	0	0	0	0	False	NOT_ROBUST	PENDING
MA1746.1	BZIP69	Basic leucine zipper factors (bZIP)	Group I		nan	NOT_TESTABLE_NO_COMPLETE_ONE_TO_ONE_RBH	0	0	0	0	False	NOT_ROBUST	PENDING
MA1749.1	E2FC	Fork head/winged helix factors	E2F		nan	NOT_TESTABLE_NO_COMPLETE_ONE_TO_ONE_RBH	0	0	0	0	False	NOT_ROBUST	PENDING
MA1750.1	E2FE	Fork head/winged helix factors	E2F	LITCHI022288	82.0375875555847	EXPRESSED	0	0	0	0	False	NOT_ROBUST	PENDING
MA1760.1	HSFA6A	Heat shock factors	HSF		nan	NOT_TESTABLE_NO_COMPLETE_ONE_TO_ONE_RBH	0	1	0	0	False	NOT_ROBUST	PENDING
MA1783.1	NAC005	GCM domain factors	NAC		nan	NOT_TESTABLE_NO_COMPLETE_ONE_TO_ONE_RBH	0	0	0	0	False	NOT_ROBUST	PENDING
MA1784.1	NAC011	GCM domain factors	NAC		nan	NOT_TESTABLE_NO_COMPLETE_ONE_TO_ONE_RBH	0	0	0	0	False	NOT_ROBUST	PENDING
MA1788.1	NAC054	GCM domain factors	NAC		nan	NOT_TESTABLE_NO_COMPLETE_ONE_TO_ONE_RBH	0	0	0	0	False	NOT_ROBUST	PENDING
MA1789.1	NAC071	GCM domain factors	NAC	LITCHI020398	188.625945428015	EXPRESSED	0	0	0	0	False	NOT_ROBUST	PENDING
MA1790.1	NAC073	GCM domain factors	NAC	LITCHI020988	141.977576071875	EXPRESSED	0	0	0	0	False	NOT_ROBUST	PENDING
MA1791.1	NAC087	GCM domain factors	NAC		nan	NOT_TESTABLE_NO_COMPLETE_ONE_TO_ONE_RBH	0	0	0	0	False	NOT_ROBUST	PENDING
MA1792.1	NAC098	GCM domain factors	NAC	LITCHI013065	nan	NOT_TESTABLE_NO_COMPLETE_ONE_TO_ONE_RBH	0	0	0	0	False	NOT_ROBUST	PENDING
MA1797.1	RAV2	B3	RAV	LITCHI005481	2719.22046567345	EXPRESSED	0	0	0	0	False	NOT_ROBUST	PENDING
MA1800.1	TEM1	B3	RAV		nan	NOT_TESTABLE_NO_COMPLETE_ONE_TO_ONE_RBH	0	0	0	0	False	NOT_ROBUST	PENDING
MA2103.1	AT4G09450	Tryptophan cluster factors	MYB-related		nan	NOT_TESTABLE_NO_COMPLETE_ONE_TO_ONE_RBH	0	0	0	0	False	NOT_ROBUST	PENDING
MA2104.1	IDD11	C2H2 zinc finger factors	IDD		nan	NOT_TESTABLE_NO_COMPLETE_ONE_TO_ONE_RBH	0	0	0	0	False	NOT_ROBUST	PENDING
MA2105.1	GLYMA-13G317000	Basic leucine zipper factors (bZIP)	Group A		nan	NOT_TESTABLE_NO_COMPLETE_ONE_TO_ONE_RBH	0	0	0	0	False	NOT_ROBUST	PENDING
MA1818.1	Zm00001d052229	AP2/EREBP	ERF/DREB		nan	NOT_TESTABLE_NO_COMPLETE_ONE_TO_ONE_RBH	0	0	0	0	False	NOT_ROBUST	PENDING
MA2106.1	Zm00001d024644	Tryptophan cluster factors	MYB-related		nan	NOT_TESTABLE_NO_COMPLETE_ONE_TO_ONE_RBH	0	0	0	0	False	NOT_ROBUST	PENDING
MA2342.1	URI	Basic helix-loop-helix factors (bHLH)	bHLH	LITCHI001966	nan	NOT_TESTABLE_NO_COMPLETE_ONE_TO_ONE_RBH	0	0	0	0	False	NOT_ROBUST	PENDING
MA2343.1	MYB3R3	Tryptophan cluster factors	MYB		nan	NOT_TESTABLE_NO_COMPLETE_ONE_TO_ONE_RBH	0	0	0	0	False	NOT_ROBUST	PENDING
MA2345.1	OS02G0104500	Tryptophan cluster factors	Trihelix		nan	NOT_TESTABLE_NO_COMPLETE_ONE_TO_ONE_RBH	0	0	0	0	False	NOT_ROBUST	PENDING
MA2347.1	OS04G0486400	Tryptophan cluster factors	Trihelix		nan	NOT_TESTABLE_NO_COMPLETE_ONE_TO_ONE_RBH	0	0	0	0	False	NOT_ROBUST	PENDING
MA2348.1	IDD6	C2H2 zinc finger factors	IDD		nan	NOT_TESTABLE_NO_COMPLETE_ONE_TO_ONE_RBH	0	0	0	0	False	NOT_ROBUST	PENDING
MA2349.1	OsCCA1	Tryptophan cluster factors	MYB-related	LITCHI026770	368.147263054624	EXPRESSED	0	0	0	0	False	NOT_ROBUST	PENDING
MA2350.1	OsFBH1	Basic helix-loop-helix factors (bHLH)	bHLH		nan	NOT_TESTABLE_NO_COMPLETE_ONE_TO_ONE_RBH	0	0	0	0	False	NOT_ROBUST	PENDING
MA2351.1	OsEIL3	Other all-alpha-helical DNA-binding domains	EIL		nan	NOT_TESTABLE_NO_COMPLETE_ONE_TO_ONE_RBH	0	0	0	0	False	NOT_ROBUST	PENDING
MA2353.1	PK02532.1	Tryptophan cluster factors	MYB-related		nan	NOT_TESTABLE_NO_COMPLETE_ONE_TO_ONE_RBH	0	0	0	0	False	NOT_ROBUST	PENDING
MA2354.1	PK06182.1	Tryptophan cluster factors	MYB		nan	NOT_TESTABLE_NO_COMPLETE_ONE_TO_ONE_RBH	0	0	0	0	False	NOT_ROBUST	PENDING
MA2355.1	PK06791.1	C3H(C),C2HC zinc-fingers like factors	SBP		nan	NOT_TESTABLE_NO_COMPLETE_ONE_TO_ONE_RBH	2	0	0	0	False	NOT_ROBUST	PENDING
MA2356.1	PK20555.1	Other C4 zinc finger-type factors	DOF		nan	NOT_TESTABLE_NO_COMPLETE_ONE_TO_ONE_RBH	0	1	0	0	False	NOT_ROBUST	PENDING
MA2357.1	PK21687.1	Tryptophan cluster factors	MYB-related		nan	NOT_TESTABLE_NO_COMPLETE_ONE_TO_ONE_RBH	0	0	0	0	False	NOT_ROBUST	PENDING
MA2358.1	PK22320.1	C3H(C),C2HC zinc-fingers like factors	SBP		nan	NOT_TESTABLE_NO_COMPLETE_ONE_TO_ONE_RBH	0	0	0	0	False	NOT_ROBUST	PENDING
MA2359.1	PK23829.1	Tryptophan cluster factors	MYB-related		nan	NOT_TESTABLE_NO_COMPLETE_ONE_TO_ONE_RBH	0	0	0	0	False	NOT_ROBUST	PENDING
MA2360.1	PK28565.1	Tryptophan cluster factors	MYB		nan	NOT_TESTABLE_NO_COMPLETE_ONE_TO_ONE_RBH	0	0	0	0	False	NOT_ROBUST	PENDING
MA2361.1	PRUPE_ppa000682mg	C3H(C),C2HC zinc-fingers like factors	SBP		nan	NOT_TESTABLE_NO_COMPLETE_ONE_TO_ONE_RBH	0	0	0	0	False	NOT_ROBUST	PENDING
MA2362.1	TEIL	EIL			nan	NOT_TESTABLE_NO_COMPLETE_ONE_TO_ONE_RBH	0	0	0	0	False	NOT_ROBUST	PENDING
MA2364.1	VIT_15s0048g01150	TCP			nan	NOT_TESTABLE_NO_COMPLETE_ONE_TO_ONE_RBH	0	0	0	0	False	NOT_ROBUST	PENDING
MA2365.1	VIT_17s0000g10420	Tryptophan cluster factors	Trihelix		nan	NOT_TESTABLE_NO_COMPLETE_ONE_TO_ONE_RBH	0	0	0	0	False	NOT_ROBUST	PENDING
MA2366.1	VOZ2	GCM domain factors	VOZ	LITCHI020976	335.963453799061	EXPRESSED	0	0	0	0	False	NOT_ROBUST	PENDING
MA2367.1	WIP5	C2H2 zinc finger factors	C2H2	LITCHI023983	173.182980639227	EXPRESSED	0	0	0	0	False	NOT_ROBUST	PENDING
MA2368.1	WRKY51	GCM domain factors	WRKY	LITCHI007728	702.873492802897	EXPRESSED	0	0	0	0	False	NOT_ROBUST	PENDING
MA2370.1	MBD2	C2H2 zinc finger factors			nan	NOT_TESTABLE_NO_COMPLETE_ONE_TO_ONE_RBH	0	0	0	0	False	NOT_ROBUST	PENDING
MA2371.1	MYB31	Tryptophan cluster factors	MYB		nan	NOT_TESTABLE_NO_COMPLETE_ONE_TO_ONE_RBH	0	0	0	0	False	NOT_ROBUST	PENDING
MA2372.1	AZF1	C2H2 zinc finger factors			nan	NOT_TESTABLE_NO_COMPLETE_ONE_TO_ONE_RBH	0	0	0	0	False	NOT_ROBUST	PENDING
MA2373.1	AZF2	C2H2 zinc finger factors			nan	NOT_TESTABLE_NO_COMPLETE_ONE_TO_ONE_RBH	0	0	0	0	False	NOT_ROBUST	PENDING
MA2374.1	AHL13	A.T hook factors	AHL		nan	NOT_TESTABLE_NO_COMPLETE_ONE_TO_ONE_RBH	0	0	0	0	False	NOT_ROBUST	PENDING
MA2375.1	BMY2	Basic helix-loop-helix factors (bHLH)	BES/BZR	LITCHI020057	1060.95204086253	EXPRESSED	0	0	0	0	False	NOT_ROBUST	PENDING
MA2376.1	CAMTA5	GCM domain factors	CAMTA	LITCHI014396	2224.96627989464	EXPRESSED	0	0	0	0	False	NOT_ROBUST	PENDING
MA2377.1	cassava45561.m1	TCP			nan	NOT_TESTABLE_NO_COMPLETE_ONE_TO_ONE_RBH	0	0	0	0	False	NOT_ROBUST	PENDING
MA2378.1	CRF3	AP2/EREBP	ERF/DREB		nan	NOT_TESTABLE_NO_COMPLETE_ONE_TO_ONE_RBH	0	0	0	0	False	NOT_ROBUST	PENDING
MA2379.1	DOF3.1	Other C4 zinc finger-type factors	DOF	LITCHI030031	253.544947007317	EXPRESSED	0	0	0	0	False	NOT_ROBUST	PENDING
MA2380.1	DOF4.7	Other C4 zinc finger-type factors	DOF		nan	NOT_TESTABLE_NO_COMPLETE_ONE_TO_ONE_RBH	0	0	0	0	False	NOT_ROBUST	PENDING
MA2381.1	e_gw1.170.52.1	Other C4 zinc finger-type factors	DOF		nan	NOT_TESTABLE_NO_COMPLETE_ONE_TO_ONE_RBH	0	0	0	0	False	NOT_ROBUST	PENDING
MA2382.1	e_gw1.209.40.1	Basic helix-loop-helix factors (bHLH)	bHLH		nan	NOT_TESTABLE_NO_COMPLETE_ONE_TO_ONE_RBH	0	1	0	0	False	NOT_ROBUST	PENDING
MA2383.1	e_gw1.392.16.1	Other C4 zinc finger-type factors	DOF		nan	NOT_TESTABLE_NO_COMPLETE_ONE_TO_ONE_RBH	0	0	0	0	False	NOT_ROBUST	PENDING
MA2384.1	estExt_Genewise1.C_2060077	Basic leucine zipper factors (bZIP)	bZIP		nan	NOT_TESTABLE_NO_COMPLETE_ONE_TO_ONE_RBH	0	0	0	0	False	NOT_ROBUST	PENDING
MA2386.1	estExt_gwp_gw1.C_550163	AP2/EREBP	ERF/DREB		nan	NOT_TESTABLE_NO_COMPLETE_ONE_TO_ONE_RBH	0	0	0	0	False	NOT_ROBUST	PENDING
MA2387.1	NAC094	GCM domain factors	NAC		nan	NOT_TESTABLE_NO_COMPLETE_ONE_TO_ONE_RBH	2	2	0	0	False	NOT_ROBUST	PENDING
MA2388.1	GATA1	Other C4 zinc finger-type factors	C4-GATA-related	LITCHI015134	4134.71387006438	EXPRESSED	0	0	0	0	False	NOT_ROBUST	PENDING
MA2389.1	GBF1	Basic leucine zipper factors (bZIP)			nan	NOT_TESTABLE_NO_COMPLETE_ONE_TO_ONE_RBH	0	0	0	0	False	NOT_ROBUST	PENDING
MA2390.1	GLYMA19G26560	Basic leucine zipper factors (bZIP)			nan	NOT_TESTABLE_NO_COMPLETE_ONE_TO_ONE_RBH	0	0	0	0	False	NOT_ROBUST	PENDING
MA2391.1	Lg3	Homeo domain factors	TALE-type HD		nan	NOT_TESTABLE_NO_COMPLETE_ONE_TO_ONE_RBH	0	0	0	0	False	NOT_ROBUST	PENDING
MA2392.1	GRMZM2G135447	Homeo domain factors	TALE-type HD		nan	NOT_TESTABLE_NO_COMPLETE_ONE_TO_ONE_RBH	0	0	0	0	False	NOT_ROBUST	PENDING
MA2393.1	PHYPA_008731	Basic helix-loop-helix factors (bHLH)			nan	NOT_TESTABLE_NO_COMPLETE_ONE_TO_ONE_RBH	1	0	0	0	False	NOT_ROBUST	PENDING
MA2394.1	PpDof6	Other C4 zinc finger-type factors	DOF		nan	NOT_TESTABLE_NO_COMPLETE_ONE_TO_ONE_RBH	0	0	0	0	False	NOT_ROBUST	PENDING
MA2395.1	PHYPA_011264	AP2/EREBP	ERF/DREB		nan	NOT_TESTABLE_NO_COMPLETE_ONE_TO_ONE_RBH	0	0	0	0	False	NOT_ROBUST	PENDING
MA2396.1	IDD1	C2H2 zinc finger factors	IDD	LITCHI006667	1263.17403799473	EXPRESSED	0	0	0	0	False	NOT_ROBUST	PENDING
MA2397.1	ILR3	Basic helix-loop-helix factors (bHLH)		LITCHI013354	nan	NOT_TESTABLE_NO_COMPLETE_ONE_TO_ONE_RBH	0	1	0	0	False	NOT_ROBUST	PENDING
MA2398.1	AS2	Other C4 zinc finger-type factors	LBD	LITCHI028560	nan	NOT_TESTABLE_NO_COMPLETE_ONE_TO_ONE_RBH	0	0	0	0	False	NOT_ROBUST	PENDING
MA2399.1	LjSGA_053525.1	TCP			nan	NOT_TESTABLE_NO_COMPLETE_ONE_TO_ONE_RBH	0	0	0	0	False	NOT_ROBUST	PENDING
MA2400.1	LjTCP20	TCP			nan	NOT_TESTABLE_NO_COMPLETE_ONE_TO_ONE_RBH	0	0	0	0	False	NOT_ROBUST	PENDING
MA2401.1	Os05g0437700	Basic leucine zipper factors (bZIP)			nan	NOT_TESTABLE_NO_COMPLETE_ONE_TO_ONE_RBH	0	0	0	0	False	NOT_ROBUST	PENDING
MA2402.1	OsERF104	AP2/EREBP	ERF/DREB		nan	NOT_TESTABLE_NO_COMPLETE_ONE_TO_ONE_RBH	0	0	0	0	False	NOT_ROBUST	PENDING
MA2403.1	DVH24_040989	Tryptophan cluster factors	Trihelix		nan	NOT_TESTABLE_NO_COMPLETE_ONE_TO_ONE_RBH	0	0	0	0	False	NOT_ROBUST	PENDING
MA2404.1	OsTRBF3	Tryptophan cluster factors	MYB-related		nan	NOT_TESTABLE_NO_COMPLETE_ONE_TO_ONE_RBH	0	0	0	0	False	NOT_ROBUST	PENDING
MA2405.1	OsMSL08	Tryptophan cluster factors	Trihelix		nan	NOT_TESTABLE_NO_COMPLETE_ONE_TO_ONE_RBH	0	0	0	0	False	NOT_ROBUST	PENDING
MA2406.1	PK03576.1	Basic helix-loop-helix factors (bHLH)	bHLH		nan	NOT_TESTABLE_NO_COMPLETE_ONE_TO_ONE_RBH	0	0	0	0	False	NOT_ROBUST	PENDING
MA2407.1	PK24978.1	Basic leucine zipper factors (bZIP)	Group A		nan	NOT_TESTABLE_NO_COMPLETE_ONE_TO_ONE_RBH	0	0	0	0	False	NOT_ROBUST	PENDING
MA2408.1	BAD1	TCP			nan	NOT_TESTABLE_NO_COMPLETE_ONE_TO_ONE_RBH	0	0	0	0	False	NOT_ROBUST	PENDING
MA2409.1	ZmbZIP25	Basic leucine zipper factors (bZIP)	D		nan	NOT_TESTABLE_NO_COMPLETE_ONE_TO_ONE_RBH	0	0	0	0	False	NOT_ROBUST	PENDING
MA2410.1	ZmbZIP54	Basic leucine zipper factors (bZIP)	S		nan	NOT_TESTABLE_NO_COMPLETE_ONE_TO_ONE_RBH	0	0	0	0	False	NOT_ROBUST	PENDING
MA2411.1	ZmbZIP57	Basic leucine zipper factors (bZIP)	S		nan	NOT_TESTABLE_NO_COMPLETE_ONE_TO_ONE_RBH	0	0	0	0	False	NOT_ROBUST	PENDING
MA2412.1	ZmbZIP72	Basic leucine zipper factors (bZIP)	S		nan	NOT_TESTABLE_NO_COMPLETE_ONE_TO_ONE_RBH	0	0	0	0	False	NOT_ROBUST	PENDING
MA2413.1	ZmbZIP96	Basic leucine zipper factors (bZIP)	D		nan	NOT_TESTABLE_NO_COMPLETE_ONE_TO_ONE_RBH	0	0	0	0	False	NOT_ROBUST	PENDING
MA2414.1	EREB127	AP2/EREBP	ERF/DREB		nan	NOT_TESTABLE_NO_COMPLETE_ONE_TO_ONE_RBH	0	0	0	0	False	NOT_ROBUST	PENDING
MA2415.1	EREB138	AP2/EREBP	ERF/DREB		nan	NOT_TESTABLE_NO_COMPLETE_ONE_TO_ONE_RBH	0	0	0	0	False	NOT_ROBUST	PENDING
MA2416.1	EREB29	AP2/EREBP	ERF/DREB		nan	NOT_TESTABLE_NO_COMPLETE_ONE_TO_ONE_RBH	0	0	0	0	False	NOT_ROBUST	PENDING
MA2417.1	EREB71	AP2/EREBP	ERF/DREB		nan	NOT_TESTABLE_NO_COMPLETE_ONE_TO_ONE_RBH	0	0	0	0	False	NOT_ROBUST	PENDING
MA2418.1	IG1	Other C4 zinc finger-type factors	LBD		nan	NOT_TESTABLE_NO_COMPLETE_ONE_TO_ONE_RBH	0	0	0	0	False	NOT_ROBUST	PENDING
MA2419.1	UB3	C3H(C),C2HC zinc-fingers like factors	SBP		nan	NOT_TESTABLE_NO_COMPLETE_ONE_TO_ONE_RBH	0	0	0	0	False	NOT_ROBUST	PENDING
MA2420.1	SBP6	C3H(C),C2HC zinc-fingers like factors	SBP		nan	NOT_TESTABLE_NO_COMPLETE_ONE_TO_ONE_RBH	0	0	0	0	False	NOT_ROBUST	PENDING
MA2421.1	SBP8	C3H(C),C2HC zinc-fingers like factors	SBP		nan	NOT_TESTABLE_NO_COMPLETE_ONE_TO_ONE_RBH	0	0	0	0	False	NOT_ROBUST	PENDING
MA2422.1	OsbZIP42	Basic leucine zipper factors (bZIP)	Group A		nan	NOT_TESTABLE_NO_COMPLETE_ONE_TO_ONE_RBH	0	0	0	0	False	NOT_ROBUST	PENDING
MA2423.1	OsbZIP69	Basic leucine zipper factors (bZIP)	Group A		nan	NOT_TESTABLE_NO_COMPLETE_ONE_TO_ONE_RBH	0	0	0	0	False	NOT_ROBUST	PENDING
MA2424.1	OsbZIP77	Basic leucine zipper factors (bZIP)	Group A		nan	NOT_TESTABLE_NO_COMPLETE_ONE_TO_ONE_RBH	0	0	0	0	False	NOT_ROBUST	PENDING
MA2425.1	SPL11A	C3H(C),C2HC zinc-fingers like factors	SBP		nan	NOT_TESTABLE_NO_COMPLETE_ONE_TO_ONE_RBH	0	0	0	0	False	NOT_ROBUST	PENDING
MA2426.1	SPL11B	C3H(C),C2HC zinc-fingers like factors	SBP		nan	NOT_TESTABLE_NO_COMPLETE_ONE_TO_ONE_RBH	0	0	0	0	False	NOT_ROBUST	PENDING
MA2427.1	SPL12B	C3H(C),C2HC zinc-fingers like factors	SBP		nan	NOT_TESTABLE_NO_COMPLETE_ONE_TO_ONE_RBH	0	0	0	0	False	NOT_ROBUST	PENDING
MA2428.1	SPL13B	C3H(C),C2HC zinc-fingers like factors	SBP		nan	NOT_TESTABLE_NO_COMPLETE_ONE_TO_ONE_RBH	0	0	0	0	False	NOT_ROBUST	PENDING
MA2429.1	SPL13D	C3H(C),C2HC zinc-fingers like factors	SBP		nan	NOT_TESTABLE_NO_COMPLETE_ONE_TO_ONE_RBH	0	0	0	0	False	NOT_ROBUST	PENDING
MA2430.1	SPL14B	C3H(C),C2HC zinc-fingers like factors	SBP		nan	NOT_TESTABLE_NO_COMPLETE_ONE_TO_ONE_RBH	0	0	0	0	False	NOT_ROBUST	PENDING
MA2431.1	SPL15A	C3H(C),C2HC zinc-fingers like factors	SBP		nan	NOT_TESTABLE_NO_COMPLETE_ONE_TO_ONE_RBH	0	0	0	0	False	NOT_ROBUST	PENDING
MA2433.1	SPL15D	C3H(C),C2HC zinc-fingers like factors	SBP		nan	NOT_TESTABLE_NO_COMPLETE_ONE_TO_ONE_RBH	0	0	0	0	False	NOT_ROBUST	PENDING
MA2434.1	SPL16A	C3H(C),C2HC zinc-fingers like factors	SBP		nan	NOT_TESTABLE_NO_COMPLETE_ONE_TO_ONE_RBH	0	0	0	0	False	NOT_ROBUST	PENDING
MA2435.1	SPL16D	C3H(C),C2HC zinc-fingers like factors	SBP		nan	NOT_TESTABLE_NO_COMPLETE_ONE_TO_ONE_RBH	0	0	0	0	False	NOT_ROBUST	PENDING
MA2436.1	SPL18A	C3H(C),C2HC zinc-fingers like factors	SBP		nan	NOT_TESTABLE_NO_COMPLETE_ONE_TO_ONE_RBH	0	0	0	0	False	NOT_ROBUST	PENDING
MA2437.1	SPL19B	C3H(C),C2HC zinc-fingers like factors	SBP		nan	NOT_TESTABLE_NO_COMPLETE_ONE_TO_ONE_RBH	0	0	0	0	False	NOT_ROBUST	PENDING
MA2438.1	SPL1D	C3H(C),C2HC zinc-fingers like factors	SBP		nan	NOT_TESTABLE_NO_COMPLETE_ONE_TO_ONE_RBH	0	0	0	0	False	NOT_ROBUST	PENDING
MA2439.1	SPL2A	C3H(C),C2HC zinc-fingers like factors	SBP		nan	NOT_TESTABLE_NO_COMPLETE_ONE_TO_ONE_RBH	0	0	0	0	False	NOT_ROBUST	PENDING
MA2440.1	SPL2B	C3H(C),C2HC zinc-fingers like factors	SBP		nan	NOT_TESTABLE_NO_COMPLETE_ONE_TO_ONE_RBH	0	0	0	0	False	NOT_ROBUST	PENDING
MA2441.1	SPL3A	C3H(C),C2HC zinc-fingers like factors	SBP		nan	NOT_TESTABLE_NO_COMPLETE_ONE_TO_ONE_RBH	0	0	0	0	False	NOT_ROBUST	PENDING
MA2442.1	SPL3B	C3H(C),C2HC zinc-fingers like factors	SBP		nan	NOT_TESTABLE_NO_COMPLETE_ONE_TO_ONE_RBH	0	0	0	0	False	NOT_ROBUST	PENDING
MA2443.1	SPL3D	C3H(C),C2HC zinc-fingers like factors	SBP		nan	NOT_TESTABLE_NO_COMPLETE_ONE_TO_ONE_RBH	0	0	0	0	False	NOT_ROBUST	PENDING
MA2444.1	SPL4A	C3H(C),C2HC zinc-fingers like factors	SBP		nan	NOT_TESTABLE_NO_COMPLETE_ONE_TO_ONE_RBH	0	0	0	0	False	NOT_ROBUST	PENDING
MA2445.1	SPL4D	C3H(C),C2HC zinc-fingers like factors	SBP		nan	NOT_TESTABLE_NO_COMPLETE_ONE_TO_ONE_RBH	0	0	0	0	False	NOT_ROBUST	PENDING
MA2446.1	SPL5A	C3H(C),C2HC zinc-fingers like factors	SBP		nan	NOT_TESTABLE_NO_COMPLETE_ONE_TO_ONE_RBH	0	0	0	0	False	NOT_ROBUST	PENDING
MA2448.1	SPL5D	C3H(C),C2HC zinc-fingers like factors	SBP		nan	NOT_TESTABLE_NO_COMPLETE_ONE_TO_ONE_RBH	0	0	0	0	False	NOT_ROBUST	PENDING
MA2449.1	SPL6A	C3H(C),C2HC zinc-fingers like factors	SBP		nan	NOT_TESTABLE_NO_COMPLETE_ONE_TO_ONE_RBH	0	0	0	0	False	NOT_ROBUST	PENDING
MA2450.1	SPL7A	C3H(C),C2HC zinc-fingers like factors	SBP		nan	NOT_TESTABLE_NO_COMPLETE_ONE_TO_ONE_RBH	0	0	0	0	False	NOT_ROBUST	PENDING
MA2451.1	SPL7B	C3H(C),C2HC zinc-fingers like factors	SBP		nan	NOT_TESTABLE_NO_COMPLETE_ONE_TO_ONE_RBH	0	0	0	0	False	NOT_ROBUST	PENDING
MA2452.1	SPL8A	C3H(C),C2HC zinc-fingers like factors	SBP		nan	NOT_TESTABLE_NO_COMPLETE_ONE_TO_ONE_RBH	0	0	0	0	False	NOT_ROBUST	PENDING
MA2453.1	SPL8B	C3H(C),C2HC zinc-fingers like factors	SBP		nan	NOT_TESTABLE_NO_COMPLETE_ONE_TO_ONE_RBH	0	0	0	0	False	NOT_ROBUST	PENDING
MA2454.1	SPL8D1	C3H(C),C2HC zinc-fingers like factors	SBP		nan	NOT_TESTABLE_NO_COMPLETE_ONE_TO_ONE_RBH	0	0	0	0	False	NOT_ROBUST	PENDING
MA2455.1	SPL9D	C3H(C),C2HC zinc-fingers like factors	SBP		nan	NOT_TESTABLE_NO_COMPLETE_ONE_TO_ONE_RBH	0	0	0	0	False	NOT_ROBUST	PENDING
MA2005.2	NAC016	GCM domain factors	NAC		nan	NOT_TESTABLE_NO_COMPLETE_ONE_TO_ONE_RBH	0	0	0	0	False	NOT_ROBUST	PENDING
MA1376.2	DEAR3	AP2/EREBP	ERF/DREB		nan	NOT_TESTABLE_NO_COMPLETE_ONE_TO_ONE_RBH	0	0	0	0	False	NOT_ROBUST	PENDING
MA1751.2	EIL3	EIL		LITCHI024075	824.282427344209	EXPRESSED	0	0	0	0	False	NOT_ROBUST	PENDING
MA0571.2	ANT	AP2/EREBP	AP2	LITCHI007109	313.500781015985	EXPRESSED	0	0	0	0	False	NOT_ROBUST	PENDING
MA1377.2	PLT1	AP2/EREBP	AP2	LITCHI024007	nan	NOT_TESTABLE_NO_COMPLETE_ONE_TO_ONE_RBH	0	0	0	0	False	NOT_ROBUST	PENDING
MA0971.2	DREB1A	AP2/EREBP	ERF/DREB		nan	NOT_TESTABLE_NO_COMPLETE_ONE_TO_ONE_RBH	0	0	0	0	False	NOT_ROBUST	PENDING
MA0976.3	CRF4	AP2/EREBP	ERF/DREB		nan	NOT_TESTABLE_NO_COMPLETE_ONE_TO_ONE_RBH	0	0	0	0	False	NOT_ROBUST	PENDING
MA0980.3	RAP2-10	AP2/EREBP	ERF/DREB		nan	NOT_TESTABLE_NO_COMPLETE_ONE_TO_ONE_RBH	0	0	0	0	False	NOT_ROBUST	PENDING
MA0992.3	ERF4	AP2/EREBP	ERF/DREB	LITCHI029145	186.609080997385	EXPRESSED	0	0	0	0	False	NOT_ROBUST	PENDING
MA0993.2	ERF7	AP2/EREBP	ERF/DREB	LITCHI013895	1023.30740612153	EXPRESSED	0	0	0	0	False	NOT_ROBUST	PENDING
MA0994.3	ERF8	AP2/EREBP	ERF/DREB		nan	NOT_TESTABLE_NO_COMPLETE_ONE_TO_ONE_RBH	0	0	0	0	False	NOT_ROBUST	PENDING
MA0995.3	ERF039	AP2/EREBP	ERF/DREB		nan	NOT_TESTABLE_NO_COMPLETE_ONE_TO_ONE_RBH	0	0	0	0	False	NOT_ROBUST	PENDING
MA0997.2	ERF069	AP2/EREBP	ERF/DREB		nan	NOT_TESTABLE_NO_COMPLETE_ONE_TO_ONE_RBH	0	0	0	0	False	NOT_ROBUST	PENDING
MA0998.2	ERF096	AP2/EREBP	ERF/DREB	LITCHI015335	nan	NOT_TESTABLE_NO_COMPLETE_ONE_TO_ONE_RBH	0	0	0	0	False	NOT_ROBUST	PENDING
MA1000.3	ERF105	AP2/EREBP	ERF/DREB		nan	NOT_TESTABLE_NO_COMPLETE_ONE_TO_ONE_RBH	0	0	0	0	False	NOT_ROBUST	PENDING
MA1001.4	ERF076	AP2/EREBP	ERF/DREB		nan	NOT_TESTABLE_NO_COMPLETE_ONE_TO_ONE_RBH	0	0	0	0	False	NOT_ROBUST	PENDING
MA1004.2	ERF13	AP2/EREBP	ERF/DREB		nan	NOT_TESTABLE_NO_COMPLETE_ONE_TO_ONE_RBH	0	0	0	0	False	NOT_ROBUST	PENDING
MA1005.3	ERF082	AP2/EREBP	ERF/DREB		nan	NOT_TESTABLE_NO_COMPLETE_ONE_TO_ONE_RBH	0	0	0	0	False	NOT_ROBUST	PENDING
MA1008.2	PHYPADRAFT_182268	AP2/EREBP	ERF/DREB		nan	NOT_TESTABLE_NO_COMPLETE_ONE_TO_ONE_RBH	0	0	0	0	False	NOT_ROBUST	PENDING
MA1010.2	PHYPADRAFT_64121	AP2/EREBP	ERF/DREB		nan	NOT_TESTABLE_NO_COMPLETE_ONE_TO_ONE_RBH	0	0	0	0	False	NOT_ROBUST	PENDING
MA1032.2	DREB1G	AP2/EREBP	ERF/DREB		nan	NOT_TESTABLE_NO_COMPLETE_ONE_TO_ONE_RBH	0	0	0	0	False	NOT_ROBUST	PENDING
MA1049.2	ERF094	AP2/EREBP	ERF/DREB		nan	NOT_TESTABLE_NO_COMPLETE_ONE_TO_ONE_RBH	0	0	0	0	False	NOT_ROBUST	PENDING
MA1218.2	DREB1D	AP2/EREBP	ERF/DREB	LITCHI009273	676.457918615521	EXPRESSED	0	0	0	0	False	NOT_ROBUST	PENDING
MA1219.3	ERF011	AP2/EREBP	ERF/DREB		nan	NOT_TESTABLE_NO_COMPLETE_ONE_TO_ONE_RBH	0	0	0	0	False	NOT_ROBUST	PENDING
MA1220.2	TINY	AP2/EREBP	ERF/DREB		nan	NOT_TESTABLE_NO_COMPLETE_ONE_TO_ONE_RBH	0	0	0	0	False	NOT_ROBUST	PENDING
MA1223.2	ERF035	AP2/EREBP	ERF/DREB		nan	NOT_TESTABLE_NO_COMPLETE_ONE_TO_ONE_RBH	0	0	0	0	False	NOT_ROBUST	PENDING
MA1226.2	DREB2G	AP2/EREBP	ERF/DREB		nan	NOT_TESTABLE_NO_COMPLETE_ONE_TO_ONE_RBH	0	0	0	0	False	NOT_ROBUST	PENDING
MA1227.3	ERF027	AP2/EREBP	ERF/DREB		nan	NOT_TESTABLE_NO_COMPLETE_ONE_TO_ONE_RBH	0	0	0	0	False	NOT_ROBUST	PENDING
MA1228.2	ERF091	AP2/EREBP	ERF/DREB		nan	NOT_TESTABLE_NO_COMPLETE_ONE_TO_ONE_RBH	0	0	0	0	False	NOT_ROBUST	PENDING
MA1229.2	ERF034	AP2/EREBP	ERF/DREB		nan	NOT_TESTABLE_NO_COMPLETE_ONE_TO_ONE_RBH	0	0	0	0	False	NOT_ROBUST	PENDING
MA1230.2	ERF037	AP2/EREBP	ERF/DREB		nan	NOT_TESTABLE_NO_COMPLETE_ONE_TO_ONE_RBH	0	0	0	0	False	NOT_ROBUST	PENDING
MA1231.3	ERF15	AP2/EREBP	ERF/DREB		nan	NOT_TESTABLE_NO_COMPLETE_ONE_TO_ONE_RBH	0	0	0	0	False	NOT_ROBUST	PENDING
MA1232.2	ERF054	AP2/EREBP	ERF/DREB	LITCHI021078	664.287761159169	EXPRESSED	0	0	0	0	False	NOT_ROBUST	PENDING
MA1233.3	ERF021	AP2/EREBP	ERF/DREB	LITCHI011764	nan	NOT_TESTABLE_NO_COMPLETE_ONE_TO_ONE_RBH	0	0	0	0	False	NOT_ROBUST	PENDING
MA1234.2	ERF017	AP2/EREBP	ERF/DREB	LITCHI017494	2424.90387317798	EXPRESSED	0	0	0	0	False	NOT_ROBUST	PENDING
MA1238.3	ERF038	AP2/EREBP	ERF/DREB		nan	NOT_TESTABLE_NO_COMPLETE_ONE_TO_ONE_RBH	0	0	0	0	False	NOT_ROBUST	PENDING
MA1239.2	ERF104	AP2/EREBP	ERF/DREB		nan	NOT_TESTABLE_NO_COMPLETE_ONE_TO_ONE_RBH	0	0	0	0	False	NOT_ROBUST	PENDING
MA1240.2	ERF077	AP2/EREBP	ERF/DREB		nan	NOT_TESTABLE_NO_COMPLETE_ONE_TO_ONE_RBH	0	0	0	0	False	NOT_ROBUST	PENDING
MA1241.2	ERF043	AP2/EREBP	ERF/DREB		nan	NOT_TESTABLE_NO_COMPLETE_ONE_TO_ONE_RBH	0	0	0	0	False	NOT_ROBUST	PENDING
MA1243.2	DREB2E	AP2/EREBP	ERF/DREB		nan	NOT_TESTABLE_NO_COMPLETE_ONE_TO_ONE_RBH	0	0	0	0	False	NOT_ROBUST	PENDING
MA1244.2	ABR1	AP2/EREBP	ERF/DREB		nan	NOT_TESTABLE_NO_COMPLETE_ONE_TO_ONE_RBH	0	0	0	0	False	NOT_ROBUST	PENDING
MA1245.3	ERF112	AP2/EREBP	ERF/DREB		nan	NOT_TESTABLE_NO_COMPLETE_ONE_TO_ONE_RBH	0	0	0	0	False	NOT_ROBUST	PENDING
MA1246.2	LEP	AP2/EREBP	ERF/DREB	LITCHI020858	20.1247313578795	EXPRESSED	0	0	0	0	False	NOT_ROBUST	PENDING
MA1247.2	ERF087	AP2/EREBP	ERF/DREB		nan	NOT_TESTABLE_NO_COMPLETE_ONE_TO_ONE_RBH	0	0	0	0	False	NOT_ROBUST	PENDING
MA1248.2	ERF012	AP2/EREBP	ERF/DREB		nan	NOT_TESTABLE_NO_COMPLETE_ONE_TO_ONE_RBH	0	0	0	0	False	NOT_ROBUST	PENDING
MA1250.2	DREB2D	AP2/EREBP	ERF/DREB	LITCHI010221	nan	NOT_TESTABLE_NO_COMPLETE_ONE_TO_ONE_RBH	0	0	0	0	False	NOT_ROBUST	PENDING
MA1251.2	RAP2-9	AP2/EREBP	ERF/DREB		nan	NOT_TESTABLE_NO_COMPLETE_ONE_TO_ONE_RBH	0	0	0	0	False	NOT_ROBUST	PENDING
MA1252.2	ERF086	AP2/EREBP	ERF/DREB		nan	NOT_TESTABLE_NO_COMPLETE_ONE_TO_ONE_RBH	0	0	0	0	False	NOT_ROBUST	PENDING
MA1253.2	ERF036	AP2/EREBP	ERF/DREB		nan	NOT_TESTABLE_NO_COMPLETE_ONE_TO_ONE_RBH	0	0	0	0	False	NOT_ROBUST	PENDING
MA1256.2	RAP2-12	AP2/EREBP	ERF/DREB	LITCHI029903	5537.13199201053	EXPRESSED	0	0	0	0	False	NOT_ROBUST	PENDING
MA1257.2	ERF9	AP2/EREBP	ERF/DREB		nan	NOT_TESTABLE_NO_COMPLETE_ONE_TO_ONE_RBH	0	0	0	0	False	NOT_ROBUST	PENDING
MA1258.2	DREB2A	AP2/EREBP	ERF/DREB	LITCHI027408	558.813063204126	EXPRESSED	0	0	0	0	False	NOT_ROBUST	PENDING
MA1259.2	ERF023	AP2/EREBP	ERF/DREB	LITCHI026868	688.628076071872	EXPRESSED	0	0	0	0	False	NOT_ROBUST	PENDING
MA1260.2	ERF013	AP2/EREBP	ERF/DREB		nan	NOT_TESTABLE_NO_COMPLETE_ONE_TO_ONE_RBH	0	0	0	0	False	NOT_ROBUST	PENDING
MA1261.2	ERF122	AP2/EREBP	ERF/DREB		nan	NOT_TESTABLE_NO_COMPLETE_ONE_TO_ONE_RBH	0	0	0	0	False	NOT_ROBUST	PENDING
MA1262.2	ERF2	AP2/EREBP	ERF/DREB	LITCHI022744	1131.22174159028	EXPRESSED	0	0	0	0	False	NOT_ROBUST	PENDING
MA1263.2	ERF055	AP2/EREBP	ERF/DREB		nan	NOT_TESTABLE_NO_COMPLETE_ONE_TO_ONE_RBH	0	0	0	0	False	NOT_ROBUST	PENDING
MA1264.2	ERF095	AP2/EREBP	ERF/DREB		nan	NOT_TESTABLE_NO_COMPLETE_ONE_TO_ONE_RBH	0	0	0	0	False	NOT_ROBUST	PENDING
MA1265.3	ERF015	AP2/EREBP	ERF/DREB		nan	NOT_TESTABLE_NO_COMPLETE_ONE_TO_ONE_RBH	0	0	0	0	False	NOT_ROBUST	PENDING
MA1266.2	RAP2-11	AP2/EREBP	ERF/DREB	LITCHI024275	nan	NOT_TESTABLE_NO_COMPLETE_ONE_TO_ONE_RBH	0	0	0	0	False	NOT_ROBUST	PENDING
MA1424.2	ERF019	AP2/EREBP	ERF/DREB		nan	NOT_TESTABLE_NO_COMPLETE_ONE_TO_ONE_RBH	0	0	0	0	False	NOT_ROBUST	PENDING
MA1669.2	DREB1B	AP2/EREBP	ERF/DREB		nan	NOT_TESTABLE_NO_COMPLETE_ONE_TO_ONE_RBH	0	0	0	0	False	NOT_ROBUST	PENDING
MA1670.2	DREB1C	AP2/EREBP	ERF/DREB		nan	NOT_TESTABLE_NO_COMPLETE_ONE_TO_ONE_RBH	0	0	0	0	False	NOT_ROBUST	PENDING
MA1671.2	ERF118	AP2/EREBP	ERF/DREB	LITCHI005519	930.440444319578	EXPRESSED	0	0	0	0	False	NOT_ROBUST	PENDING
MA1679.2	RAP2-1	AP2/EREBP	ERF/DREB		nan	NOT_TESTABLE_NO_COMPLETE_ONE_TO_ONE_RBH	0	0	0	0	False	NOT_ROBUST	PENDING
MA1748.2	DREB1F	AP2/EREBP	ERF/DREB		nan	NOT_TESTABLE_NO_COMPLETE_ONE_TO_ONE_RBH	0	0	0	0	False	NOT_ROBUST	PENDING
MA1752.2	ERF025	AP2/EREBP	ERF/DREB	LITCHI009274	118.136674926917	EXPRESSED	0	0	0	0	False	NOT_ROBUST	PENDING
MA1753.2	ERF057	AP2/EREBP	ERF/DREB		nan	NOT_TESTABLE_NO_COMPLETE_ONE_TO_ONE_RBH	0	0	0	0	False	NOT_ROBUST	PENDING
MA1754.2	ERF073	AP2/EREBP	ERF/DREB		nan	NOT_TESTABLE_NO_COMPLETE_ONE_TO_ONE_RBH	0	0	0	0	False	NOT_ROBUST	PENDING
MA1795.2	RAP2-4	AP2/EREBP	ERF/DREB	LITCHI010452	13196.5074018368	EXPRESSED	0	0	0	0	False	NOT_ROBUST	PENDING
MA1804.2	WIN1	AP2/EREBP	ERF/DREB	LITCHI016618	3499.01128768968	EXPRESSED	0	0	0	0	False	NOT_ROBUST	PENDING
MA1817.2	Zm00001d020267	AP2/EREBP	ERF/DREB		nan	NOT_TESTABLE_NO_COMPLETE_ONE_TO_ONE_RBH	0	0	0	0	False	NOT_ROBUST	PENDING
MA1819.2	Zm00001d005892	AP2/EREBP	ERF/DREB		nan	NOT_TESTABLE_NO_COMPLETE_ONE_TO_ONE_RBH	0	1	0	0	False	NOT_ROBUST	PENDING
MA1820.2	Zm00001d024324	AP2/EREBP	ERF/DREB		nan	NOT_TESTABLE_NO_COMPLETE_ONE_TO_ONE_RBH	0	0	0	0	False	NOT_ROBUST	PENDING
MA1821.2	Zm00001d020595	AP2/EREBP	ERF/DREB		nan	NOT_TESTABLE_NO_COMPLETE_ONE_TO_ONE_RBH	0	0	0	0	False	NOT_ROBUST	PENDING
MA1831.2	Zm00001d031796	AP2/EREBP	ERF/DREB		nan	NOT_TESTABLE_NO_COMPLETE_ONE_TO_ONE_RBH	0	0	0	0	False	NOT_ROBUST	PENDING
MA1832.2	Zm00001d002364	AP2/EREBP	ERF/DREB		nan	NOT_TESTABLE_NO_COMPLETE_ONE_TO_ONE_RBH	0	0	0	0	False	NOT_ROBUST	PENDING
MA1833.2	Zm00001d049364	AP2/EREBP	ERF/DREB		nan	NOT_TESTABLE_NO_COMPLETE_ONE_TO_ONE_RBH	0	0	0	0	False	NOT_ROBUST	PENDING
MA2011.2	ERF010	AP2/EREBP	ERF/DREB	LITCHI006918	729.786310819946	EXPRESSED	0	0	0	0	False	NOT_ROBUST	PENDING
MA2013.2	ERF115	AP2/EREBP	ERF/DREB		nan	NOT_TESTABLE_NO_COMPLETE_ONE_TO_ONE_RBH	0	0	0	0	False	NOT_ROBUST	PENDING
MA0564.2	ABI3	B3	LAV	LITCHI025899	nan	NOT_TESTABLE_NO_COMPLETE_ONE_TO_ONE_RBH	0	0	0	0	False	NOT_ROBUST	PENDING
MA0565.3	FUS3	B3	LAV	LITCHI020816	nan	NOT_TESTABLE_NO_COMPLETE_ONE_TO_ONE_RBH	0	0	0	0	False	NOT_ROBUST	PENDING
MA0581.2	LEC2	B3	LAV		nan	NOT_TESTABLE_NO_COMPLETE_ONE_TO_ONE_RBH	0	0	0	0	False	NOT_ROBUST	PENDING
MA1810.2	GLYMA-08G357600	B3	LAV		nan	NOT_TESTABLE_NO_COMPLETE_ONE_TO_ONE_RBH	0	0	0	0	False	NOT_ROBUST	PENDING
MA0942.2	ARF1	B3	ARF	LITCHI001009	1762.50278839534	EXPRESSED	0	0	0	0	False	NOT_ROBUST	PENDING
MA0943.2	ARF5	B3	ARF	LITCHI010154	500.038628910231	EXPRESSED	0	0	0	0	False	NOT_ROBUST	PENDING
MA0944.2	ARF8	B3	ARF	LITCHI008046	1193.24251003697	EXPRESSED	0	0	0	0	False	NOT_ROBUST	PENDING
MA1206.2	ARF2	B3	ARF	LITCHI020258	2068.46223656189	EXPRESSED	0	0	0	0	False	NOT_ROBUST	PENDING
MA1685.2	ARF10	B3	ARF		nan	NOT_TESTABLE_NO_COMPLETE_ONE_TO_ONE_RBH	0	0	0	0	False	NOT_ROBUST	PENDING
MA1688.2	ARF16	B3	ARF		nan	NOT_TESTABLE_NO_COMPLETE_ONE_TO_ONE_RBH	0	0	0	0	False	NOT_ROBUST	PENDING
MA1689.2	ARF18	B3	ARF		nan	NOT_TESTABLE_NO_COMPLETE_ONE_TO_ONE_RBH	0	0	0	0	False	NOT_ROBUST	PENDING
MA1690.2	ARF25	B3	ARF		nan	NOT_TESTABLE_NO_COMPLETE_ONE_TO_ONE_RBH	0	0	0	0	False	NOT_ROBUST	PENDING
MA1691.2	ARF27	B3	ARF		nan	NOT_TESTABLE_NO_COMPLETE_ONE_TO_ONE_RBH	0	0	0	0	False	NOT_ROBUST	PENDING
MA1692.2	ARF29	B3	ARF		nan	NOT_TESTABLE_NO_COMPLETE_ONE_TO_ONE_RBH	0	0	0	0	False	NOT_ROBUST	PENDING
MA1693.2	ARF34	B3	ARF		nan	NOT_TESTABLE_NO_COMPLETE_ONE_TO_ONE_RBH	0	0	0	0	False	NOT_ROBUST	PENDING
MA1694.2	ARF35	B3	ARF		nan	NOT_TESTABLE_NO_COMPLETE_ONE_TO_ONE_RBH	0	0	0	0	False	NOT_ROBUST	PENDING
MA1695.2	ARF36	B3	ARF		nan	NOT_TESTABLE_NO_COMPLETE_ONE_TO_ONE_RBH	0	0	0	0	False	NOT_ROBUST	PENDING
MA1696.2	ARF39	B3	ARF		nan	NOT_TESTABLE_NO_COMPLETE_ONE_TO_ONE_RBH	0	0	0	0	False	NOT_ROBUST	PENDING
MA1697.2	ARF4	B3	ARF		nan	NOT_TESTABLE_NO_COMPLETE_ONE_TO_ONE_RBH	0	0	0	0	False	NOT_ROBUST	PENDING
MA1698.2	ARF7	B3	ARF		nan	NOT_TESTABLE_NO_COMPLETE_ONE_TO_ONE_RBH	0	0	0	0	False	NOT_ROBUST	PENDING
MA0582.2	RAV1	B3	RAV		nan	NOT_TESTABLE_NO_COMPLETE_ONE_TO_ONE_RBH	0	0	0	0	False	NOT_ROBUST	PENDING
MA0552.2	PIF1	Basic helix-loop-helix factors (bHLH)	bHLH	LITCHI025908	2761.32498157852	EXPRESSED	0	0	0	0	False	NOT_ROBUST	PENDING
MA0560.2	PIF3	Basic helix-loop-helix factors (bHLH)	bHLH	LITCHI002255	587.317311088691	EXPRESSED	1	0	0	0	False	NOT_ROBUST	PENDING
MA0568.2	MYC3	Basic helix-loop-helix factors (bHLH)	bHLH		nan	NOT_TESTABLE_NO_COMPLETE_ONE_TO_ONE_RBH	0	0	0	0	False	NOT_ROBUST	PENDING
MA0569.2	MYC4	Basic helix-loop-helix factors (bHLH)	bHLH		nan	NOT_TESTABLE_NO_COMPLETE_ONE_TO_ONE_RBH	0	0	0	0	False	NOT_ROBUST	PENDING
MA0956.2	BEE2	Basic helix-loop-helix factors (bHLH)	bHLH		nan	NOT_TESTABLE_NO_COMPLETE_ONE_TO_ONE_RBH	0	0	0	0	False	NOT_ROBUST	PENDING
MA0961.2	bHLH112	Basic helix-loop-helix factors (bHLH)	bHLH	LITCHI029373	629.195588922841	EXPRESSED	0	0	0	0	False	NOT_ROBUST	PENDING
MA0962.2	bHLH34	Basic helix-loop-helix factors (bHLH)	bHLH		nan	NOT_TESTABLE_NO_COMPLETE_ONE_TO_ONE_RBH	0	0	0	0	False	NOT_ROBUST	PENDING
MA0964.3	BIM1	Basic helix-loop-helix factors (bHLH)	bHLH	LITCHI023305	2612.43902309719	EXPRESSED	0	0	0	0	False	NOT_ROBUST	PENDING
MA0965.3	BIM2	Basic helix-loop-helix factors (bHLH)	bHLH	LITCHI005373	627.28460880064	EXPRESSED	0	0	0	0	False	NOT_ROBUST	PENDING
MA0966.2	BIM3	Basic helix-loop-helix factors (bHLH)	bHLH		nan	NOT_TESTABLE_NO_COMPLETE_ONE_TO_ONE_RBH	0	1	0	0	False	NOT_ROBUST	PENDING
MA1025.2	HBI1	Basic helix-loop-helix factors (bHLH)	bHLH		nan	NOT_TESTABLE_NO_COMPLETE_ONE_TO_ONE_RBH	0	0	0	0	False	NOT_ROBUST	PENDING
MA1061.2	SPT	Basic helix-loop-helix factors (bHLH)	bHLH		nan	NOT_TESTABLE_NO_COMPLETE_ONE_TO_ONE_RBH	0	0	0	0	False	NOT_ROBUST	PENDING
MA1074.2	UNE10	Basic helix-loop-helix factors (bHLH)	bHLH	LITCHI025429	5024.40954116155	EXPRESSED	0	0	0	0	False	NOT_ROBUST	PENDING
MA1357.2	bHLH80	Basic helix-loop-helix factors (bHLH)	bHLH	LITCHI011679	802.21621233115	EXPRESSED	0	0	0	0	False	NOT_ROBUST	PENDING
MA1358.2	bHLH130	Basic helix-loop-helix factors (bHLH)	bHLH	LITCHI008934	216.21632734352	EXPRESSED	0	0	0	0	False	NOT_ROBUST	PENDING
MA1359.3	BPE	Basic helix-loop-helix factors (bHLH)	bHLH	LITCHI005070	316.640637282598	EXPRESSED	0	0	0	0	False	NOT_ROBUST	PENDING
MA1360.3	bHLH74	Basic helix-loop-helix factors (bHLH)	bHLH	LITCHI010783	1788.50787278329	EXPRESSED	0	0	0	0	False	NOT_ROBUST	PENDING
MA1361.2	bHLH18	Basic helix-loop-helix factors (bHLH)	bHLH	LITCHI007146	100.314707341262	EXPRESSED	0	0	0	0	False	NOT_ROBUST	PENDING
MA1362.2	bHLH77	Basic helix-loop-helix factors (bHLH)	bHLH		nan	NOT_TESTABLE_NO_COMPLETE_ONE_TO_ONE_RBH	0	0	0	0	False	NOT_ROBUST	PENDING
MA1364.2	BHLH72	Basic helix-loop-helix factors (bHLH)	bHLH	LITCHI023409	799.088096085954	EXPRESSED	0	0	0	0	False	NOT_ROBUST	PENDING
MA1411.2	TSAR1	Basic helix-loop-helix factors (bHLH)	bHLH		nan	NOT_TESTABLE_NO_COMPLETE_ONE_TO_ONE_RBH	0	0	0	0	False	NOT_ROBUST	PENDING
MA1412.2	TSAR2	Basic helix-loop-helix factors (bHLH)	bHLH		nan	NOT_TESTABLE_NO_COMPLETE_ONE_TO_ONE_RBH	0	0	0	0	False	NOT_ROBUST	PENDING
MA1739.2	BHLH122	Basic helix-loop-helix factors (bHLH)	bHLH	LITCHI024053	1533.01450193314	EXPRESSED	0	0	0	0	False	NOT_ROBUST	PENDING
MA1740.2	BHLH49	Basic helix-loop-helix factors (bHLH)	bHLH	LITCHI005392	681.528817555667	EXPRESSED	0	0	0	0	False	NOT_ROBUST	PENDING
MA1816.2	O11	Basic helix-loop-helix factors (bHLH)	bHLH		nan	NOT_TESTABLE_NO_COMPLETE_ONE_TO_ONE_RBH	0	0	0	0	False	NOT_ROBUST	PENDING
MA1834.2	Zm00001d034298	Basic helix-loop-helix factors (bHLH)	bHLH		nan	NOT_TESTABLE_NO_COMPLETE_ONE_TO_ONE_RBH	0	0	0	0	False	NOT_ROBUST	PENDING
MA0549.2	BZR2	Basic helix-loop-helix factors (bHLH)	BES/BZR	LITCHI010361	828.584886819911	EXPRESSED	0	0	0	0	False	NOT_ROBUST	PENDING
MA0550.3	BZR1	Basic helix-loop-helix factors (bHLH)	BES/BZR		nan	NOT_TESTABLE_NO_COMPLETE_ONE_TO_ONE_RBH	0	0	0	0	False	NOT_ROBUST	PENDING
MA1331.2	BEH4	Basic helix-loop-helix factors (bHLH)	BES/BZR	LITCHI012773	165.31130544877	EXPRESSED	0	0	0	0	False	NOT_ROBUST	PENDING
MA1332.2	BEH2	Basic helix-loop-helix factors (bHLH)	BES/BZR	LITCHI006688	1940.12593449999	EXPRESSED	0	0	0	0	False	NOT_ROBUST	PENDING
MA1333.2	BEH3	Basic helix-loop-helix factors (bHLH)	BES/BZR		nan	NOT_TESTABLE_NO_COMPLETE_ONE_TO_ONE_RBH	0	0	0	0	False	NOT_ROBUST	PENDING
MA2014.2	BAM8	Basic helix-loop-helix factors (bHLH)	BES/BZR	LITCHI020057	1060.95204086253	EXPRESSED	0	0	0	0	False	NOT_ROBUST	PENDING
MA0587.2	TCP16	TCP			nan	NOT_TESTABLE_NO_COMPLETE_ONE_TO_ONE_RBH	0	0	0	0	False	NOT_ROBUST	PENDING
MA1019.2	Glyma19g26560.1	TCP			nan	NOT_TESTABLE_NO_COMPLETE_ONE_TO_ONE_RBH	0	0	0	0	False	NOT_ROBUST	PENDING
MA1031.2	OJ1581_H09.2	TCP			nan	NOT_TESTABLE_NO_COMPLETE_ONE_TO_ONE_RBH	0	0	0	0	False	NOT_ROBUST	PENDING
MA1054.2	ARALYDRAFT_897773	TCP			nan	NOT_TESTABLE_NO_COMPLETE_ONE_TO_ONE_RBH	0	0	0	0	False	NOT_ROBUST	PENDING
MA1062.3	TCP15	TCP		LITCHI005155	176.088865004877	EXPRESSED	0	0	0	0	False	NOT_ROBUST	PENDING
MA1063.2	TCP19	TCP		LITCHI009252	181.129473834134	EXPRESSED	0	0	0	0	False	NOT_ROBUST	PENDING
MA1064.2	TCP2	TCP		LITCHI028763	3560.67503731335	EXPRESSED	0	0	0	0	False	NOT_ROBUST	PENDING
MA1065.3	TCP20	TCP			nan	NOT_TESTABLE_NO_COMPLETE_ONE_TO_ONE_RBH	0	1	0	0	False	NOT_ROBUST	PENDING
MA1282.2	TCP13	TCP			nan	NOT_TESTABLE_NO_COMPLETE_ONE_TO_ONE_RBH	0	0	0	0	False	NOT_ROBUST	PENDING
MA1283.2	TCP14	TCP			nan	NOT_TESTABLE_NO_COMPLETE_ONE_TO_ONE_RBH	0	0	0	0	False	NOT_ROBUST	PENDING
MA1284.2	TCP1	TCP			nan	NOT_TESTABLE_NO_COMPLETE_ONE_TO_ONE_RBH	0	0	0	0	False	NOT_ROBUST	PENDING
MA1285.2	TCP9	TCP		LITCHI025610	337.721869413746	EXPRESSED	1	0	0	0	False	NOT_ROBUST	PENDING
MA1286.2	TCP24	TCP			nan	NOT_TESTABLE_NO_COMPLETE_ONE_TO_ONE_RBH	0	0	0	0	False	NOT_ROBUST	PENDING
MA1287.2	TCP21	TCP			nan	NOT_TESTABLE_NO_COMPLETE_ONE_TO_ONE_RBH	0	0	0	0	False	NOT_ROBUST	PENDING
MA1288.2	TCP22	TCP			nan	NOT_TESTABLE_NO_COMPLETE_ONE_TO_ONE_RBH	1	0	0	0	False	NOT_ROBUST	PENDING
MA1289.2	TCP3	TCP			nan	NOT_TESTABLE_NO_COMPLETE_ONE_TO_ONE_RBH	0	0	0	0	False	NOT_ROBUST	PENDING
MA1410.2	StBRC1	TCP			nan	NOT_TESTABLE_NO_COMPLETE_ONE_TO_ONE_RBH	0	0	0	0	False	NOT_ROBUST	PENDING
MA1428.2	TCP8	TCP		LITCHI000117	758.790735017242	EXPRESSED	0	0	0	0	False	NOT_ROBUST	PENDING
MA1430.2	TB1	TCP			nan	NOT_TESTABLE_NO_COMPLETE_ONE_TO_ONE_RBH	0	0	0	0	False	NOT_ROBUST	PENDING
MA1828.2	Zm00001d038683	TCP			nan	NOT_TESTABLE_NO_COMPLETE_ONE_TO_ONE_RBH	0	0	0	0	False	NOT_ROBUST	PENDING
MA1822.2	Zm00001d018571	Basic leucine zipper factors (bZIP)			nan	NOT_TESTABLE_NO_COMPLETE_ONE_TO_ONE_RBH	0	0	0	0	False	NOT_ROBUST	PENDING
MA0570.3	ABF1	Basic leucine zipper factors (bZIP)	Group A		nan	NOT_TESTABLE_NO_COMPLETE_ONE_TO_ONE_RBH	0	0	0	0	False	NOT_ROBUST	PENDING
MA0930.3	ABF3	Basic leucine zipper factors (bZIP)	Group A	LITCHI001602	3721.65505333117	EXPRESSED	0	0	0	0	False	NOT_ROBUST	PENDING
MA0931.2	ABI5	Basic leucine zipper factors (bZIP)	Group A	LITCHI018843	354.106417038745	EXPRESSED	0	0	0	0	False	NOT_ROBUST	PENDING
MA0941.2	ABF2	Basic leucine zipper factors (bZIP)	Group A	LITCHI010975	99.8749237475879	EXPRESSED	0	0	0	0	False	NOT_ROBUST	PENDING
MA1338.3	DPBF3	Basic leucine zipper factors (bZIP)	Group A	LITCHI023832	524.78139758601	EXPRESSED	0	0	0	0	False	NOT_ROBUST	PENDING
MA1659.2	ABF4	Basic leucine zipper factors (bZIP)	Group A		nan	NOT_TESTABLE_NO_COMPLETE_ONE_TO_ONE_RBH	0	0	0	0	False	NOT_ROBUST	PENDING
MA1344.2	BZIP28	Basic leucine zipper factors (bZIP)	Group B	LITCHI008625	1287.85161966262	EXPRESSED	0	0	0	0	False	NOT_ROBUST	PENDING
MA1417.2	O2	Basic leucine zipper factors (bZIP)	Group C		nan	NOT_TESTABLE_NO_COMPLETE_ONE_TO_ONE_RBH	0	0	0	0	False	NOT_ROBUST	PENDING
MA1745.2	BZIP63	Basic leucine zipper factors (bZIP)	Group C	LITCHI003634	92.6272916504618	EXPRESSED	0	0	0	0	False	NOT_ROBUST	PENDING
MA0588.2	TGA1	Basic leucine zipper factors (bZIP)	Group D	LITCHI007836	516.887836981326	EXPRESSED	0	0	0	0	False	NOT_ROBUST	PENDING
MA1047.3	TGA5	Basic leucine zipper factors (bZIP)	Group D		nan	NOT_TESTABLE_NO_COMPLETE_ONE_TO_ONE_RBH	0	0	0	0	False	NOT_ROBUST	PENDING
MA1068.3	TGA2	Basic leucine zipper factors (bZIP)	Group D	LITCHI008639	1018.42609816173	EXPRESSED	0	0	0	0	False	NOT_ROBUST	PENDING
MA1069.3	TGA6	Basic leucine zipper factors (bZIP)	Group D		nan	NOT_TESTABLE_NO_COMPLETE_ONE_TO_ONE_RBH	0	0	0	0	False	NOT_ROBUST	PENDING
MA1070.3	TGA7	Basic leucine zipper factors (bZIP)	Group D		nan	NOT_TESTABLE_NO_COMPLETE_ONE_TO_ONE_RBH	0	0	0	0	False	NOT_ROBUST	PENDING
MA1336.2	TGA3	Basic leucine zipper factors (bZIP)	Group D		nan	NOT_TESTABLE_NO_COMPLETE_ONE_TO_ONE_RBH	0	0	0	0	False	NOT_ROBUST	PENDING
MA1346.2	TGA10	Basic leucine zipper factors (bZIP)	Group D	LITCHI020193	nan	NOT_TESTABLE_NO_COMPLETE_ONE_TO_ONE_RBH	1	0	0	0	False	NOT_ROBUST	PENDING
MA1835.2	TFLG2-Zm00001d042777	Basic leucine zipper factors (bZIP)	Group D		nan	NOT_TESTABLE_NO_COMPLETE_ONE_TO_ONE_RBH	0	0	0	0	False	NOT_ROBUST	PENDING
MA0968.3	BZIP68	Basic leucine zipper factors (bZIP)	Group G		nan	NOT_TESTABLE_NO_COMPLETE_ONE_TO_ONE_RBH	0	0	0	0	False	NOT_ROBUST	PENDING
MA1349.2	BZIP16	Basic leucine zipper factors (bZIP)	Group G		nan	NOT_TESTABLE_NO_COMPLETE_ONE_TO_ONE_RBH	0	0	0	0	False	NOT_ROBUST	PENDING
MA1351.3	GBF3	Basic leucine zipper factors (bZIP)	Group G		nan	NOT_TESTABLE_NO_COMPLETE_ONE_TO_ONE_RBH	0	0	0	0	False	NOT_ROBUST	PENDING
MA0551.2	HY5	Basic leucine zipper factors (bZIP)	Group H	LITCHI017015	538.52946744354	EXPRESSED	0	0	0	0	False	NOT_ROBUST	PENDING
MA1425.2	HYH	Basic leucine zipper factors (bZIP)	Group H		nan	NOT_TESTABLE_NO_COMPLETE_ONE_TO_ONE_RBH	0	0	0	0	False	NOT_ROBUST	PENDING
MA1343.2	BZIP52	Basic leucine zipper factors (bZIP)	Group I		nan	NOT_TESTABLE_NO_COMPLETE_ONE_TO_ONE_RBH	0	0	0	0	False	NOT_ROBUST	PENDING
MA1744.2	BZIP30	Basic leucine zipper factors (bZIP)	Group I	LITCHI001941	2975.60349807787	EXPRESSED	0	0	0	0	False	NOT_ROBUST	PENDING
MA1803.2	VIP1	Basic leucine zipper factors (bZIP)	Group I	LITCHI011438	1266.8597432215	EXPRESSED	0	0	0	0	False	NOT_ROBUST	PENDING
MA1334.2	BZIP11	Basic leucine zipper factors (bZIP)	Group S		nan	NOT_TESTABLE_NO_COMPLETE_ONE_TO_ONE_RBH	0	0	0	0	False	NOT_ROBUST	PENDING
MA1337.2	BZIP44	Basic leucine zipper factors (bZIP)	Group S	LITCHI001854	5569.14481982873	EXPRESSED	0	0	0	0	False	NOT_ROBUST	PENDING
MA1340.2	BZIP3	Basic leucine zipper factors (bZIP)	Group S		nan	NOT_TESTABLE_NO_COMPLETE_ONE_TO_ONE_RBH	0	0	0	0	False	NOT_ROBUST	PENDING
MA1341.2	BZIP53	Basic leucine zipper factors (bZIP)	Group S	LITCHI026554	1485.77338946288	EXPRESSED	0	0	0	0	False	NOT_ROBUST	PENDING
MA1345.2	BZIP48	Basic leucine zipper factors (bZIP)	Group S		nan	NOT_TESTABLE_NO_COMPLETE_ONE_TO_ONE_RBH	0	0	0	0	False	NOT_ROBUST	PENDING
MA1743.2	BZIP2	Basic leucine zipper factors (bZIP)	Group S		nan	NOT_TESTABLE_NO_COMPLETE_ONE_TO_ONE_RBH	0	0	0	0	False	NOT_ROBUST	PENDING
MA2015.2	NAC002	GCM domain factors	NAC	LITCHI011271	7684.22445210887	EXPRESSED	0	0	0	0	False	NOT_ROBUST	PENDING
MA1156.2	JKD	C2H2 zinc finger factors	IDD	LITCHI018573	1050.7908930957	EXPRESSED	0	0	0	0	False	NOT_ROBUST	PENDING
MA1157.2	NUC	C2H2 zinc finger factors	IDD		nan	NOT_TESTABLE_NO_COMPLETE_ONE_TO_ONE_RBH	0	0	0	0	False	NOT_ROBUST	PENDING
MA1158.2	MGP	C2H2 zinc finger factors	IDD	LITCHI020985	168.412225573834	EXPRESSED	0	0	0	0	False	NOT_ROBUST	PENDING
MA1159.2	SGR5	C2H2 zinc finger factors	IDD	LITCHI023000	1047.93251722789	EXPRESSED	0	0	0	0	False	NOT_ROBUST	PENDING
MA1160.2	IDD6	C2H2 zinc finger factors	IDD		nan	NOT_TESTABLE_NO_COMPLETE_ONE_TO_ONE_RBH	0	0	0	0	False	NOT_ROBUST	PENDING
MA1370.2	IDD5	C2H2 zinc finger factors	IDD	LITCHI006239	1756.55939286669	EXPRESSED	0	0	0	0	False	NOT_ROBUST	PENDING
MA1371.2	IDD4	C2H2 zinc finger factors	IDD	LITCHI006241	1827.55197802874	EXPRESSED	0	0	0	0	False	NOT_ROBUST	PENDING
MA1372.2	ZAT10	C2H2 zinc finger factors	C2H2	LITCHI010840	8764.54172814892	EXPRESSED	0	0	0	0	False	NOT_ROBUST	PENDING
MA1374.2	IDD7	C2H2 zinc finger factors	IDD		nan	NOT_TESTABLE_NO_COMPLETE_ONE_TO_ONE_RBH	0	0	0	0	False	NOT_ROBUST	PENDING
MA1381.2	AT3G46070	C2H2 zinc finger factors	C2H2		nan	NOT_TESTABLE_NO_COMPLETE_ONE_TO_ONE_RBH	0	0	0	0	False	NOT_ROBUST	PENDING
MA1405.2	SIZF2	C2H2 zinc finger factors	C2H2		nan	NOT_TESTABLE_NO_COMPLETE_ONE_TO_ONE_RBH	0	0	0	0	False	NOT_ROBUST	PENDING
MA1415.2	REF6	C2H2 zinc finger factors	Jumonji		nan	NOT_TESTABLE_NO_COMPLETE_ONE_TO_ONE_RBH	0	0	0	0	False	NOT_ROBUST	PENDING
MA1736.2	AT5G04390	C2H2 zinc finger factors	C2H2		nan	NOT_TESTABLE_NO_COMPLETE_ONE_TO_ONE_RBH	0	0	0	0	False	NOT_ROBUST	PENDING
MA1801.2	TREE1	C2H2 zinc finger factors	C2H2		nan	NOT_TESTABLE_NO_COMPLETE_ONE_TO_ONE_RBH	0	0	0	0	False	NOT_ROBUST	PENDING
MA2052.2	ZAT6	C2H2 zinc finger factors	C2H2		nan	NOT_TESTABLE_NO_COMPLETE_ONE_TO_ONE_RBH	0	0	0	0	False	NOT_ROBUST	PENDING
MA2016.2	GRF6	C3H zinc finger factors	GRF		nan	NOT_TESTABLE_NO_COMPLETE_ONE_TO_ONE_RBH	0	0	0	0	False	NOT_ROBUST	PENDING
MA0969.2	CAMTA2	GCM domain factors	CAMTA	LITCHI001176	1326.00444995555	EXPRESSED	0	0	0	0	False	NOT_ROBUST	PENDING
MA0970.2	CAMTA3	GCM domain factors	CAMTA	LITCHI007990	1221.27757635208	EXPRESSED	0	0	0	0	False	NOT_ROBUST	PENDING
MA1197.2	CAMTA1	GCM domain factors	CAMTA		nan	NOT_TESTABLE_NO_COMPLETE_ONE_TO_ONE_RBH	0	0	0	0	False	NOT_ROBUST	PENDING
MA1756.2	GRF9	C3H zinc finger factors	GRF	LITCHI025575	nan	NOT_TESTABLE_NO_COMPLETE_ONE_TO_ONE_RBH	0	0	0	0	False	NOT_ROBUST	PENDING
MA1809.2	GLYMA-07G038400	C3H zinc finger factors	GRF		nan	NOT_TESTABLE_NO_COMPLETE_ONE_TO_ONE_RBH	0	0	0	0	False	NOT_ROBUST	PENDING
MA1682.2	TCX3	CPP			nan	NOT_TESTABLE_NO_COMPLETE_ONE_TO_ONE_RBH	0	0	0	0	False	NOT_ROBUST	PENDING
MA1813.2	EIL4	EIL			nan	NOT_TESTABLE_NO_COMPLETE_ONE_TO_ONE_RBH	0	0	0	0	False	NOT_ROBUST	PENDING
MA1414.2	E2FA	Fork head/winged helix factors	E2F	LITCHI018943	163.838426064969	EXPRESSED	0	0	0	0	False	NOT_ROBUST	PENDING
MA0938.3	NAC058	GCM domain factors	NAC		nan	NOT_TESTABLE_NO_COMPLETE_ONE_TO_ONE_RBH	0	0	0	0	False	NOT_ROBUST	PENDING
MA1043.2	NAC083	GCM domain factors	NAC	LITCHI004596	2724.65800749999	EXPRESSED	0	0	0	0	False	NOT_ROBUST	PENDING
MA1044.2	NAC92	GCM domain factors	NAC		nan	NOT_TESTABLE_NO_COMPLETE_ONE_TO_ONE_RBH	0	0	0	0	False	NOT_ROBUST	PENDING
MA1045.2	NAC043	GCM domain factors	NAC	LITCHI026796	1107.48432852796	EXPRESSED	0	0	0	0	False	NOT_ROBUST	PENDING
MA1427.3	NAC028	GCM domain factors	NAC		nan	NOT_TESTABLE_NO_COMPLETE_ONE_TO_ONE_RBH	0	0	0	0	False	NOT_ROBUST	PENDING
MA1660.2	NAC013	GCM domain factors	NAC		nan	NOT_TESTABLE_NO_COMPLETE_ONE_TO_ONE_RBH	0	0	0	0	False	NOT_ROBUST	PENDING
MA1663.3	NAC050	GCM domain factors	NAC	LITCHI027245	1234.25680203162	EXPRESSED	0	0	0	0	False	NOT_ROBUST	PENDING
MA1674.3	NAC017	GCM domain factors	NAC	LITCHI011550	4563.8090461317	EXPRESSED	0	0	0	0	False	NOT_ROBUST	PENDING
MA1675.2	NAC029	GCM domain factors	NAC		nan	NOT_TESTABLE_NO_COMPLETE_ONE_TO_ONE_RBH	0	0	0	0	False	NOT_ROBUST	PENDING
MA1676.3	NAC062	GCM domain factors	NAC		nan	NOT_TESTABLE_NO_COMPLETE_ONE_TO_ONE_RBH	0	0	0	0	False	NOT_ROBUST	PENDING
MA1677.2	NAC078	GCM domain factors	NAC		nan	NOT_TESTABLE_NO_COMPLETE_ONE_TO_ONE_RBH	0	0	0	0	False	NOT_ROBUST	PENDING
MA1678.3	NTL8	GCM domain factors	NAC	LITCHI024392	264.497643158093	EXPRESSED	0	0	0	0	False	NOT_ROBUST	PENDING
MA1785.2	NAC018	GCM domain factors	NAC		nan	NOT_TESTABLE_NO_COMPLETE_ONE_TO_ONE_RBH	0	0	0	0	False	NOT_ROBUST	PENDING
MA1786.2	NAC019	GCM domain factors	NAC	LITCHI013207	958.04960688369	EXPRESSED	0	0	0	0	False	NOT_ROBUST	PENDING
MA1787.2	NAC047	GCM domain factors	NAC	LITCHI003437	754.136551435199	EXPRESSED	0	0	0	0	False	NOT_ROBUST	PENDING
MA2006.2	NAC020	GCM domain factors	NAC		nan	NOT_TESTABLE_NO_COMPLETE_ONE_TO_ONE_RBH	0	0	0	0	False	NOT_ROBUST	PENDING
MA2009.2	NAC010	GCM domain factors	NAC		nan	NOT_TESTABLE_NO_COMPLETE_ONE_TO_ONE_RBH	0	0	0	0	False	NOT_ROBUST	PENDING
MA2010.2	SMB	GCM domain factors	NAC	LITCHI009823	47.2546699707668	EXPRESSED	0	0	0	0	False	NOT_ROBUST	PENDING
MA2017.2	JUB1	GCM domain factors	NAC	LITCHI020164	216.444025336387	EXPRESSED	0	0	0	0	False	NOT_ROBUST	PENDING
MA2018.2	NAC69	GCM domain factors	NAC		nan	NOT_TESTABLE_NO_COMPLETE_ONE_TO_ONE_RBH	0	0	0	0	False	NOT_ROBUST	PENDING
MA2033.2	NAC038	GCM domain factors	NAC		nan	NOT_TESTABLE_NO_COMPLETE_ONE_TO_ONE_RBH	0	0	0	0	False	NOT_ROBUST	PENDING
MA2034.2	NAC057	GCM domain factors	NAC		nan	NOT_TESTABLE_NO_COMPLETE_ONE_TO_ONE_RBH	1	0	0	0	False	NOT_ROBUST	PENDING
MA2035.2	NAC075	GCM domain factors	NAC	LITCHI017705	481.735399313901	EXPRESSED	0	1	0	0	False	NOT_ROBUST	PENDING
MA2036.2	NAC076	GCM domain factors	NAC		nan	NOT_TESTABLE_NO_COMPLETE_ONE_TO_ONE_RBH	0	0	0	0	False	NOT_ROBUST	PENDING
MA2037.2	NAC096	GCM domain factors	NAC		nan	NOT_TESTABLE_NO_COMPLETE_ONE_TO_ONE_RBH	0	0	0	0	False	NOT_ROBUST	PENDING
MA2038.2	NAC103	GCM domain factors	NAC		nan	NOT_TESTABLE_NO_COMPLETE_ONE_TO_ONE_RBH	0	0	0	0	False	NOT_ROBUST	PENDING
MA2043.2	NAC004	GCM domain factors	NAC		nan	NOT_TESTABLE_NO_COMPLETE_ONE_TO_ONE_RBH	0	0	0	0	False	NOT_ROBUST	PENDING
MA2044.2	NAC007	GCM domain factors	NAC	LITCHI022831	86.8208199000673	EXPRESSED	0	0	0	0	False	NOT_ROBUST	PENDING
MA2045.2	NAC031	GCM domain factors	NAC		nan	NOT_TESTABLE_NO_COMPLETE_ONE_TO_ONE_RBH	0	0	0	0	False	NOT_ROBUST	PENDING
MA2046.2	NAC035	GCM domain factors	NAC	LITCHI001130	691.67061543596	EXPRESSED	0	0	0	0	False	NOT_ROBUST	PENDING
MA2047.2	NAC037	GCM domain factors	NAC	LITCHI006498	214.40584151712	EXPRESSED	0	0	0	0	False	NOT_ROBUST	PENDING
MA2048.2	NAC045	GCM domain factors	NAC	LITCHI008062	73.0845507207202	EXPRESSED	0	0	0	0	False	NOT_ROBUST	PENDING
MA2049.2	NAC053	GCM domain factors	NAC		nan	NOT_TESTABLE_NO_COMPLETE_ONE_TO_ONE_RBH	0	0	0	0	False	NOT_ROBUST	PENDING
MA2050.2	NAC101	GCM domain factors	NAC		nan	NOT_TESTABLE_NO_COMPLETE_ONE_TO_ONE_RBH	0	0	0	0	False	NOT_ROBUST	PENDING
MA2051.2	NAC68	GCM domain factors	NAC		nan	NOT_TESTABLE_NO_COMPLETE_ONE_TO_ONE_RBH	0	0	0	0	False	NOT_ROBUST	PENDING
MA2053.2	NAC105	GCM domain factors	NAC		nan	NOT_TESTABLE_NO_COMPLETE_ONE_TO_ONE_RBH	0	0	0	0	False	NOT_ROBUST	PENDING
MA0589.2	WRKY1	GCM domain factors	WRKY		nan	NOT_TESTABLE_NO_COMPLETE_ONE_TO_ONE_RBH	0	0	0	0	False	NOT_ROBUST	PENDING
MA1076.3	WRKY15	GCM domain factors	WRKY		nan	NOT_TESTABLE_NO_COMPLETE_ONE_TO_ONE_RBH	0	0	0	0	False	NOT_ROBUST	PENDING
MA1077.2	WRKY18	GCM domain factors	WRKY		nan	NOT_TESTABLE_NO_COMPLETE_ONE_TO_ONE_RBH	0	0	0	0	False	NOT_ROBUST	PENDING
MA1078.2	WRKY2	GCM domain factors	WRKY	LITCHI013493	536.014603792801	EXPRESSED	0	0	0	0	False	NOT_ROBUST	PENDING
MA1079.3	WRKY21	GCM domain factors	WRKY	LITCHI026110	558.813063204126	EXPRESSED	0	0	0	0	False	NOT_ROBUST	PENDING
MA1081.3	WRKY25	GCM domain factors	WRKY		nan	NOT_TESTABLE_NO_COMPLETE_ONE_TO_ONE_RBH	0	0	0	0	False	NOT_ROBUST	PENDING
MA1083.3	WRKY30	GCM domain factors	WRKY		nan	NOT_TESTABLE_NO_COMPLETE_ONE_TO_ONE_RBH	0	0	0	0	False	NOT_ROBUST	PENDING
MA1085.3	WRKY40	GCM domain factors	WRKY	LITCHI030932	535.953371951948	EXPRESSED	0	0	0	0	False	NOT_ROBUST	PENDING
MA1086.2	WRKY43	GCM domain factors	WRKY		nan	NOT_TESTABLE_NO_COMPLETE_ONE_TO_ONE_RBH	0	0	0	0	False	NOT_ROBUST	PENDING
MA1087.3	WRKY45	GCM domain factors	WRKY		nan	NOT_TESTABLE_NO_COMPLETE_ONE_TO_ONE_RBH	0	0	0	0	False	NOT_ROBUST	PENDING
MA1088.2	WRKY48	GCM domain factors	WRKY		nan	NOT_TESTABLE_NO_COMPLETE_ONE_TO_ONE_RBH	0	0	0	0	False	NOT_ROBUST	PENDING
MA1089.2	WRKY57	GCM domain factors	WRKY		nan	NOT_TESTABLE_NO_COMPLETE_ONE_TO_ONE_RBH	0	0	0	0	False	NOT_ROBUST	PENDING
MA1090.2	WRKY60	GCM domain factors	WRKY		nan	NOT_TESTABLE_NO_COMPLETE_ONE_TO_ONE_RBH	0	0	0	0	False	NOT_ROBUST	PENDING
MA1092.2	WRKY63	GCM domain factors	WRKY		nan	NOT_TESTABLE_NO_COMPLETE_ONE_TO_ONE_RBH	0	0	0	0	False	NOT_ROBUST	PENDING
MA1093.2	WRKY75	GCM domain factors	WRKY		nan	NOT_TESTABLE_NO_COMPLETE_ONE_TO_ONE_RBH	0	0	0	0	False	NOT_ROBUST	PENDING
MA1094.3	WRKY8	GCM domain factors	WRKY		nan	NOT_TESTABLE_NO_COMPLETE_ONE_TO_ONE_RBH	0	0	0	0	False	NOT_ROBUST	PENDING
MA1295.2	WRKY20	GCM domain factors	WRKY	LITCHI013794	1490.72740752941	EXPRESSED	0	0	0	0	False	NOT_ROBUST	PENDING
MA1296.2	WRKY46	GCM domain factors	WRKY		nan	NOT_TESTABLE_NO_COMPLETE_ONE_TO_ONE_RBH	0	0	0	0	False	NOT_ROBUST	PENDING
MA1297.2	WRKY26	GCM domain factors	WRKY		nan	NOT_TESTABLE_NO_COMPLETE_ONE_TO_ONE_RBH	0	0	0	0	False	NOT_ROBUST	PENDING
MA1298.2	WRKY29	GCM domain factors	WRKY		nan	NOT_TESTABLE_NO_COMPLETE_ONE_TO_ONE_RBH	0	0	0	0	False	NOT_ROBUST	PENDING
MA1299.2	WRKY17	GCM domain factors	WRKY		nan	NOT_TESTABLE_NO_COMPLETE_ONE_TO_ONE_RBH	0	0	0	0	False	NOT_ROBUST	PENDING
MA1300.2	WRKY6	GCM domain factors	WRKY		nan	NOT_TESTABLE_NO_COMPLETE_ONE_TO_ONE_RBH	0	0	0	0	False	NOT_ROBUST	PENDING
MA1301.2	WRKY33	GCM domain factors	WRKY	LITCHI018082	nan	NOT_TESTABLE_NO_COMPLETE_ONE_TO_ONE_RBH	0	0	0	0	False	NOT_ROBUST	PENDING
MA1302.2	WRKY65	GCM domain factors	WRKY	LITCHI028982	71.8057299420544	EXPRESSED	0	0	0	0	False	NOT_ROBUST	PENDING
MA1303.2	WRKY22	GCM domain factors	WRKY	LITCHI025778	226.162092730526	EXPRESSED	0	0	0	0	False	NOT_ROBUST	PENDING
MA1304.2	WRKY59	GCM domain factors	WRKY		nan	NOT_TESTABLE_NO_COMPLETE_ONE_TO_ONE_RBH	0	0	0	0	False	NOT_ROBUST	PENDING
MA1305.2	WRKY55	GCM domain factors	WRKY	LITCHI027572	20.5052234529208	EXPRESSED	0	0	0	0	False	NOT_ROBUST	PENDING
MA1306.2	WRKY11	GCM domain factors	WRKY		nan	NOT_TESTABLE_NO_COMPLETE_ONE_TO_ONE_RBH	0	0	0	0	False	NOT_ROBUST	PENDING
MA1307.3	WRKY31	GCM domain factors	WRKY	LITCHI029600	3610.80048415848	EXPRESSED	0	0	0	0	False	NOT_ROBUST	PENDING
MA1308.2	WRKY70	GCM domain factors	WRKY		nan	NOT_TESTABLE_NO_COMPLETE_ONE_TO_ONE_RBH	0	0	0	0	False	NOT_ROBUST	PENDING
MA1310.2	WRKY42	GCM domain factors	WRKY		nan	NOT_TESTABLE_NO_COMPLETE_ONE_TO_ONE_RBH	0	0	0	0	False	NOT_ROBUST	PENDING
MA1311.3	WRKY28	GCM domain factors	WRKY	LITCHI028873	80.8817147309655	EXPRESSED	0	0	0	0	False	NOT_ROBUST	PENDING
MA1312.2	WRKY47	GCM domain factors	WRKY	LITCHI026694	68.3507448430694	EXPRESSED	0	0	0	0	False	NOT_ROBUST	PENDING
MA1313.2	WRKY7	GCM domain factors	WRKY	LITCHI010930	1363.05763511133	EXPRESSED	0	0	0	0	False	NOT_ROBUST	PENDING
MA1314.2	WRKY14	GCM domain factors	WRKY	LITCHI028587	nan	NOT_TESTABLE_NO_COMPLETE_ONE_TO_ONE_RBH	0	0	0	0	False	NOT_ROBUST	PENDING
MA1315.2	WRKY24	GCM domain factors	WRKY		nan	NOT_TESTABLE_NO_COMPLETE_ONE_TO_ONE_RBH	0	0	0	0	False	NOT_ROBUST	PENDING
MA1316.2	WRKY71	GCM domain factors	WRKY		nan	NOT_TESTABLE_NO_COMPLETE_ONE_TO_ONE_RBH	0	0	0	0	False	NOT_ROBUST	PENDING
MA1317.2	WRKY50	GCM domain factors	WRKY		nan	NOT_TESTABLE_NO_COMPLETE_ONE_TO_ONE_RBH	0	0	0	0	False	NOT_ROBUST	PENDING
MA1318.2	WRKY27	GCM domain factors	WRKY		nan	NOT_TESTABLE_NO_COMPLETE_ONE_TO_ONE_RBH	0	0	0	0	False	NOT_ROBUST	PENDING
MA1805.2	WRKY53	GCM domain factors	WRKY	LITCHI021964	81.0609496084945	EXPRESSED	0	0	0	0	False	NOT_ROBUST	PENDING
MA0557.2	FHY3	GCM domain factors	FRS/FRF		nan	NOT_TESTABLE_NO_COMPLETE_ONE_TO_ONE_RBH	0	0	0	0	False	NOT_ROBUST	PENDING
MA1382.2	FAR1	GCM domain factors	FRS/FRF		nan	NOT_TESTABLE_NO_COMPLETE_ONE_TO_ONE_RBH	0	0	0	0	False	NOT_ROBUST	PENDING
MA1664.3	HSFA6B	Heat shock factors	HSF	LITCHI014879	20.2835957605853	EXPRESSED	0	0	0	0	False	NOT_ROBUST	PENDING
MA1665.3	HSFB2A	Heat shock factors	HSF	LITCHI009313	1814.35886642318	EXPRESSED	0	0	0	0	False	NOT_ROBUST	PENDING
MA1666.3	HSFB2B	Heat shock factors	HSF	LITCHI022973	967.286075827808	EXPRESSED	0	0	0	0	False	NOT_ROBUST	PENDING
MA1667.3	HSFC1	Heat shock factors	HSF		nan	NOT_TESTABLE_NO_COMPLETE_ONE_TO_ONE_RBH	0	0	0	0	False	NOT_ROBUST	PENDING
MA1758.2	HSFA1E	Heat shock factors	HSF	LITCHI020466	728.782061880967	EXPRESSED	0	0	0	0	False	NOT_ROBUST	PENDING
MA1759.2	HSFA4A	Heat shock factors	HSF	LITCHI028960	706.291030045051	EXPRESSED	0	0	0	0	False	NOT_ROBUST	PENDING
MA1761.2	HSFB3	Heat shock factors	HSF	LITCHI008825	nan	NOT_TESTABLE_NO_COMPLETE_ONE_TO_ONE_RBH	0	0	0	0	False	NOT_ROBUST	PENDING
MA2019.2	HSFA1B	Heat shock factors	HSF		nan	NOT_TESTABLE_NO_COMPLETE_ONE_TO_ONE_RBH	0	0	0	0	False	NOT_ROBUST	PENDING
MA2020.2	HSFB4	Heat shock factors	HSF	LITCHI010966	214.860348359865	EXPRESSED	0	0	0	0	False	NOT_ROBUST	PENDING
MA0008.4	HAT5	Homeo domain factors	HD-ZIP	LITCHI020514	525.965022283317	EXPRESSED	0	0	0	0	False	NOT_ROBUST	PENDING
MA0110.4	ATHB-5	Homeo domain factors	HD-ZIP	LITCHI007264	7282.82080601756	EXPRESSED	4	0	0	0	False	NOT_ROBUST	PENDING
MA0573.2	ATHB-9	Homeo domain factors	HD-ZIP	LITCHI028674	2006.82338777093	EXPRESSED	0	0	0	0	False	NOT_ROBUST	PENDING
MA0953.2	ATHB-6	Homeo domain factors	HD-ZIP		nan	NOT_TESTABLE_NO_COMPLETE_ONE_TO_ONE_RBH	0	0	0	0	False	NOT_ROBUST	PENDING
MA0954.3	ATHB-7	Homeo domain factors	HD-ZIP	LITCHI026812	2337.64642667579	EXPRESSED	0	0	0	0	False	NOT_ROBUST	PENDING
MA0990.2	HDG11	Homeo domain factors	HD-ZIP	LITCHI022983	67.3880183492303	EXPRESSED	0	0	0	0	False	NOT_ROBUST	PENDING
MA1024.2	HAT1	Homeo domain factors	HD-ZIP		nan	NOT_TESTABLE_NO_COMPLETE_ONE_TO_ONE_RBH	2	0	0	0	False	NOT_ROBUST	PENDING
MA1026.3	ATHB-15	Homeo domain factors	HD-ZIP	LITCHI030492	2891.64401337754	EXPRESSED	0	0	0	0	False	NOT_ROBUST	PENDING
MA1198.2	HAT2	Homeo domain factors	HD-ZIP	LITCHI022755	2227.91167622909	EXPRESSED	0	0	0	0	False	NOT_ROBUST	PENDING
MA1209.2	ATHB-20	Homeo domain factors	HD-ZIP	LITCHI019554	1407.33528175711	EXPRESSED	0	0	0	0	False	NOT_ROBUST	PENDING
MA1210.3	HAT22	Homeo domain factors	HD-ZIP	LITCHI007125	1088.2149125554	EXPRESSED	0	0	0	0	False	NOT_ROBUST	PENDING
MA1211.2	ATHB-X	Homeo domain factors	HD-ZIP		nan	NOT_TESTABLE_NO_COMPLETE_ONE_TO_ONE_RBH	0	0	0	0	False	NOT_ROBUST	PENDING
MA1212.2	ATHB-13	Homeo domain factors	HD-ZIP	LITCHI005143	2149.06305221784	EXPRESSED	0	0	0	0	False	NOT_ROBUST	PENDING
MA1214.2	ATHB-40	Homeo domain factors	HD-ZIP		nan	NOT_TESTABLE_NO_COMPLETE_ONE_TO_ONE_RBH	0	0	0	0	False	NOT_ROBUST	PENDING
MA1215.2	ATHB-53	Homeo domain factors	HD-ZIP		nan	NOT_TESTABLE_NO_COMPLETE_ONE_TO_ONE_RBH	0	0	0	0	False	NOT_ROBUST	PENDING
MA1327.3	ATHB-23	Homeo domain factors	HD-ZIP		nan	NOT_TESTABLE_NO_COMPLETE_ONE_TO_ONE_RBH	0	0	0	0	False	NOT_ROBUST	PENDING
MA1369.2	HDG1	Homeo domain factors	HD-ZIP		nan	NOT_TESTABLE_NO_COMPLETE_ONE_TO_ONE_RBH	0	0	0	0	False	NOT_ROBUST	PENDING
MA1375.2	ANL2	Homeo domain factors	HD-ZIP	LITCHI025641	4203.99587423073	EXPRESSED	0	0	0	0	False	NOT_ROBUST	PENDING
MA1406.2	ATHB-4	Homeo domain factors	HD-ZIP	LITCHI025382	437.706607297838	EXPRESSED	0	0	0	0	False	NOT_ROBUST	PENDING
MA1757.2	HDG7	Homeo domain factors	HD-ZIP		nan	NOT_TESTABLE_NO_COMPLETE_ONE_TO_ONE_RBH	0	0	0	0	False	NOT_ROBUST	PENDING
MA1824.2	Zm00001d005692	Homeo domain factors	HD-ZIP		nan	NOT_TESTABLE_NO_COMPLETE_ONE_TO_ONE_RBH	0	0	0	0	False	NOT_ROBUST	PENDING
MA1213.3	ZHD3	Homeo domain factors	PLINC	LITCHI000999	521.855920546729	EXPRESSED	0	0	0	0	False	NOT_ROBUST	PENDING
MA1326.2	ZHD5	Homeo domain factors	PLINC	LITCHI010282	35.1589660952506	EXPRESSED	0	0	0	0	False	NOT_ROBUST	PENDING
MA1329.3	ZHD1	Homeo domain factors	PLINC	LITCHI007248	131.84612285719	EXPRESSED	0	0	0	0	False	NOT_ROBUST	PENDING
MA1330.2	ZHD6	Homeo domain factors	PLINC		nan	NOT_TESTABLE_NO_COMPLETE_ONE_TO_ONE_RBH	0	0	0	0	False	NOT_ROBUST	PENDING
MA1807.2	ZHD10	Homeo domain factors	PLINC	LITCHI019540	1034.66916619212	EXPRESSED	0	0	0	0	False	NOT_ROBUST	PENDING
MA0001.3	AGL3	MADS box factors	Type II		nan	NOT_TESTABLE_NO_COMPLETE_ONE_TO_ONE_RBH	0	1	0	0	False	NOT_ROBUST	PENDING
MA0005.3	AG	MADS box factors	Type II	LITCHI028933	104.959382205592	EXPRESSED	0	0	0	0	False	NOT_ROBUST	PENDING
MA0082.2	squamosa	MADS box factors	Type II		nan	NOT_TESTABLE_NO_COMPLETE_ONE_TO_ONE_RBH	0	0	0	0	False	NOT_ROBUST	PENDING
MA0548.3	AGL15	MADS box factors	Type II	LITCHI008820	nan	NOT_TESTABLE_NO_COMPLETE_ONE_TO_ONE_RBH	0	0	0	0	False	NOT_ROBUST	PENDING
MA0554.2	SOC1	MADS box factors	Type II	LITCHI025598	8841.61939203914	EXPRESSED	0	0	0	0	False	NOT_ROBUST	PENDING
MA0555.2	SVP	MADS box factors	Type II	LITCHI007230	1066.59541088669	EXPRESSED	0	0	0	0	False	NOT_ROBUST	PENDING
MA0556.2	AP3	MADS box factors	Type II	LITCHI006530	257.832418031838	EXPRESSED	0	0	0	0	False	NOT_ROBUST	PENDING
MA0558.2	FLC	MADS box factors	Type II		nan	NOT_TESTABLE_NO_COMPLETE_ONE_TO_ONE_RBH	0	0	0	0	False	NOT_ROBUST	PENDING
MA0563.2	SEP3	MADS box factors	Type II	LITCHI004634	12.6962933121738	EXPRESSED	0	0	0	0	False	NOT_ROBUST	PENDING
MA0584.2	SEP1	MADS box factors	Type II	LITCHI019333	nan	NOT_TESTABLE_NO_COMPLETE_ONE_TO_ONE_RBH	0	0	0	0	False	NOT_ROBUST	PENDING
MA0585.2	AGL1	MADS box factors	Type II	LITCHI026995	44.9253455661535	EXPRESSED	0	0	0	0	False	NOT_ROBUST	PENDING
MA1814.2	RIN	MADS box factors	Type II		nan	NOT_TESTABLE_NO_COMPLETE_ONE_TO_ONE_RBH	0	0	0	0	False	NOT_ROBUST	PENDING
MA1015.2	GATA12	Other C4 zinc finger-type factors	C4-GATA-related	LITCHI030497	121.749473867173	EXPRESSED	0	0	0	0	False	NOT_ROBUST	PENDING
MA1016.2	GATA15	Other C4 zinc finger-type factors	C4-GATA-related	LITCHI014411	886.952467030728	EXPRESSED	0	0	0	0	False	NOT_ROBUST	PENDING
MA1017.2	GATA8	Other C4 zinc finger-type factors	C4-GATA-related	LITCHI027824	2405.63445720542	EXPRESSED	0	0	0	0	False	NOT_ROBUST	PENDING
MA1018.2	GATA9	Other C4 zinc finger-type factors	C4-GATA-related		nan	NOT_TESTABLE_NO_COMPLETE_ONE_TO_ONE_RBH	0	0	0	0	False	NOT_ROBUST	PENDING
MA1323.2	GATA19	Other C4 zinc finger-type factors	C4-GATA-related	LITCHI006626	64.0252231454113	EXPRESSED	0	0	0	0	False	NOT_ROBUST	PENDING
MA1325.2	GATA14	Other C4 zinc finger-type factors	C4-GATA-related		nan	NOT_TESTABLE_NO_COMPLETE_ONE_TO_ONE_RBH	0	0	0	0	False	NOT_ROBUST	PENDING
MA1396.2	GATA6	Other C4 zinc finger-type factors	C4-GATA-related	LITCHI006525	1094.81113868822	EXPRESSED	0	0	0	0	False	NOT_ROBUST	PENDING
MA1755.2	GATA4	Other C4 zinc finger-type factors	C4-GATA-related	LITCHI025424	40.8568564235611	EXPRESSED	0	0	0	0	False	NOT_ROBUST	PENDING
MA0020.2	Dof2	Other C4 zinc finger-type factors	DOF		nan	NOT_TESTABLE_NO_COMPLETE_ONE_TO_ONE_RBH	0	0	0	0	False	NOT_ROBUST	PENDING
MA0973.2	CDF2	Other C4 zinc finger-type factors	DOF	LITCHI019522	1193.71432843843	EXPRESSED	0	0	0	0	False	NOT_ROBUST	PENDING
MA0974.3	CDF3	Other C4 zinc finger-type factors	DOF	LITCHI023451	588.224277056975	EXPRESSED	0	0	0	0	False	NOT_ROBUST	PENDING
MA0981.2	DOF1.8	Other C4 zinc finger-type factors	DOF	LITCHI021914	370.175622630682	EXPRESSED	0	0	0	0	False	NOT_ROBUST	PENDING
MA0982.2	DOF2.4	Other C4 zinc finger-type factors	DOF		nan	NOT_TESTABLE_NO_COMPLETE_ONE_TO_ONE_RBH	0	0	0	0	False	NOT_ROBUST	PENDING
MA0983.2	DOF5.6	Other C4 zinc finger-type factors	DOF	LITCHI022387	1257.413398823	EXPRESSED	0	0	0	0	False	NOT_ROBUST	PENDING
MA0984.2	DOF5.7	Other C4 zinc finger-type factors	DOF	LITCHI007199	50.7851732486953	EXPRESSED	0	0	0	0	False	NOT_ROBUST	PENDING
MA0987.2	PHYPADRAFT_140773	Other C4 zinc finger-type factors	DOF		nan	NOT_TESTABLE_NO_COMPLETE_ONE_TO_ONE_RBH	0	0	0	0	False	NOT_ROBUST	PENDING
MA0989.2	PHYPADRAFT_153324	Other C4 zinc finger-type factors	DOF		nan	NOT_TESTABLE_NO_COMPLETE_ONE_TO_ONE_RBH	0	0	0	0	False	NOT_ROBUST	PENDING
MA1022.2	PHYPADRAFT_38837	Other C4 zinc finger-type factors	DOF		nan	NOT_TESTABLE_NO_COMPLETE_ONE_TO_ONE_RBH	0	0	0	0	False	NOT_ROBUST	PENDING
MA1071.2	DOF5.3	Other C4 zinc finger-type factors	DOF		nan	NOT_TESTABLE_NO_COMPLETE_ONE_TO_ONE_RBH	0	0	0	0	False	NOT_ROBUST	PENDING
MA1267.2	DOF5.8	Other C4 zinc finger-type factors	DOF		nan	NOT_TESTABLE_NO_COMPLETE_ONE_TO_ONE_RBH	0	0	0	0	False	NOT_ROBUST	PENDING
MA1268.2	CDF5	Other C4 zinc finger-type factors	DOF		nan	NOT_TESTABLE_NO_COMPLETE_ONE_TO_ONE_RBH	0	0	0	0	False	NOT_ROBUST	PENDING
MA1269.2	DOF4.5	Other C4 zinc finger-type factors	DOF		nan	NOT_TESTABLE_NO_COMPLETE_ONE_TO_ONE_RBH	0	0	0	0	False	NOT_ROBUST	PENDING
MA1270.2	DOF3.2	Other C4 zinc finger-type factors	DOF		nan	NOT_TESTABLE_NO_COMPLETE_ONE_TO_ONE_RBH	0	0	0	0	False	NOT_ROBUST	PENDING
MA1272.3	DOF2.2	Other C4 zinc finger-type factors	DOF		nan	NOT_TESTABLE_NO_COMPLETE_ONE_TO_ONE_RBH	0	0	0	0	False	NOT_ROBUST	PENDING
MA1273.2	DOF4.2	Other C4 zinc finger-type factors	DOF		nan	NOT_TESTABLE_NO_COMPLETE_ONE_TO_ONE_RBH	0	0	0	0	False	NOT_ROBUST	PENDING
MA1275.2	DOF1.6	Other C4 zinc finger-type factors	DOF		nan	NOT_TESTABLE_NO_COMPLETE_ONE_TO_ONE_RBH	0	0	0	0	False	NOT_ROBUST	PENDING
MA1276.2	DOF3.5	Other C4 zinc finger-type factors	DOF	LITCHI018981	nan	NOT_TESTABLE_NO_COMPLETE_ONE_TO_ONE_RBH	0	0	0	0	False	NOT_ROBUST	PENDING
MA1277.2	DOF1.7	Other C4 zinc finger-type factors	DOF		nan	NOT_TESTABLE_NO_COMPLETE_ONE_TO_ONE_RBH	0	0	0	0	False	NOT_ROBUST	PENDING
MA1278.2	DOF3.4	Other C4 zinc finger-type factors	DOF	LITCHI006756	246.162559951955	EXPRESSED	0	0	0	0	False	NOT_ROBUST	PENDING
MA1279.2	DOF1.5	Other C4 zinc finger-type factors	DOF	LITCHI029038	76.8624714872695	EXPRESSED	0	0	0	0	False	NOT_ROBUST	PENDING
MA1280.2	DOF5.4	Other C4 zinc finger-type factors	DOF	LITCHI023309	2363.70652869291	EXPRESSED	0	0	0	0	False	NOT_ROBUST	PENDING
MA1281.2	DOF5.1	Other C4 zinc finger-type factors	DOF	LITCHI018426	121.549147860094	EXPRESSED	1	0	0	0	False	NOT_ROBUST	PENDING
MA1747.2	DOF4.3	Other C4 zinc finger-type factors	DOF		nan	NOT_TESTABLE_NO_COMPLETE_ONE_TO_ONE_RBH	0	0	0	0	False	NOT_ROBUST	PENDING
MA1823.2	Zm00001d027846	Other C4 zinc finger-type factors	DOF		nan	NOT_TESTABLE_NO_COMPLETE_ONE_TO_ONE_RBH	0	0	0	0	False	NOT_ROBUST	PENDING
MA1673.2	LBD18	Other C4 zinc finger-type factors	LBD	LITCHI025563	19.5327589418059	EXPRESSED	0	0	0	0	False	NOT_ROBUST	PENDING
MA2021.2	LBD13	Other C4 zinc finger-type factors	LBD		nan	NOT_TESTABLE_NO_COMPLETE_ONE_TO_ONE_RBH	0	0	0	0	False	NOT_ROBUST	PENDING
MA2022.2	LOB	Other C4 zinc finger-type factors	LBD		nan	NOT_TESTABLE_NO_COMPLETE_ONE_TO_ONE_RBH	0	0	0	0	False	NOT_ROBUST	PENDING
MA1794.2	NLP7	RWP-RK		LITCHI021884	nan	NOT_TESTABLE_NO_COMPLETE_ONE_TO_ONE_RBH	0	0	0	0	False	NOT_ROBUST	PENDING
MA0121.2	ARR10	Tryptophan cluster factors	GARP_ARR-B		nan	NOT_TESTABLE_NO_COMPLETE_ONE_TO_ONE_RBH	0	0	0	0	False	NOT_ROBUST	PENDING
MA0945.2	ARR1	Tryptophan cluster factors	GARP_ARR-B	LITCHI014413	1969.46340863665	EXPRESSED	0	0	0	0	False	NOT_ROBUST	PENDING
MA0948.2	ARR18	Tryptophan cluster factors	GARP_ARR-B		nan	NOT_TESTABLE_NO_COMPLETE_ONE_TO_ONE_RBH	0	0	0	0	False	NOT_ROBUST	PENDING
MA0949.2	ARR2	Tryptophan cluster factors	GARP_ARR-B		nan	NOT_TESTABLE_NO_COMPLETE_ONE_TO_ONE_RBH	0	0	0	0	False	NOT_ROBUST	PENDING
MA1409.2	OsRR22	Tryptophan cluster factors	GARP_ARR-B		nan	NOT_TESTABLE_NO_COMPLETE_ONE_TO_ONE_RBH	0	0	0	0	False	NOT_ROBUST	PENDING
MA1027.2	KAN1	Tryptophan cluster factors	GARP_G2-like	LITCHI008086	304.898168349437	EXPRESSED	0	0	0	0	False	NOT_ROBUST	PENDING
MA1163.3	PHL11	Tryptophan cluster factors	GARP_G2-like	LITCHI019771	70.9925851620486	EXPRESSED	0	0	0	0	False	NOT_ROBUST	PENDING
MA1164.2	HHO5	Tryptophan cluster factors	GARP_G2-like		nan	NOT_TESTABLE_NO_COMPLETE_ONE_TO_ONE_RBH	0	0	0	0	False	NOT_ROBUST	PENDING
MA1165.3	HHO6	Tryptophan cluster factors	GARP_G2-like		nan	NOT_TESTABLE_NO_COMPLETE_ONE_TO_ONE_RBH	0	0	0	0	False	NOT_ROBUST	PENDING
MA1166.2	PHL12	Tryptophan cluster factors	GARP_G2-like		nan	NOT_TESTABLE_NO_COMPLETE_ONE_TO_ONE_RBH	0	0	0	0	False	NOT_ROBUST	PENDING
MA1167.2	EFM	Tryptophan cluster factors	GARP_G2-like	LITCHI016689	268.633830984914	EXPRESSED	0	0	0	0	False	NOT_ROBUST	PENDING
MA1168.2	MYR2	Tryptophan cluster factors	GARP_G2-like	LITCHI003416	424.941331184263	EXPRESSED	0	0	0	0	False	NOT_ROBUST	PENDING
MA1383.2	KAN2	Tryptophan cluster factors	GARP_G2-like	LITCHI020480	371.295949638856	EXPRESSED	0	0	0	0	False	NOT_ROBUST	PENDING
MA1385.2	AT2G40260	Tryptophan cluster factors	GARP_G2-like		nan	NOT_TESTABLE_NO_COMPLETE_ONE_TO_ONE_RBH	0	0	0	0	False	NOT_ROBUST	PENDING
MA1386.3	HHO3	Tryptophan cluster factors	GARP_G2-like		nan	NOT_TESTABLE_NO_COMPLETE_ONE_TO_ONE_RBH	0	0	0	0	False	NOT_ROBUST	PENDING
MA1387.2	HRS1	Tryptophan cluster factors	GARP_G2-like		nan	NOT_TESTABLE_NO_COMPLETE_ONE_TO_ONE_RBH	0	0	0	0	False	NOT_ROBUST	PENDING
MA1388.2	PHL2	Tryptophan cluster factors	GARP_G2-like		nan	NOT_TESTABLE_NO_COMPLETE_ONE_TO_ONE_RBH	0	0	0	0	False	NOT_ROBUST	PENDING
MA1389.2	PHL1	Tryptophan cluster factors	GARP_G2-like		nan	NOT_TESTABLE_NO_COMPLETE_ONE_TO_ONE_RBH	0	0	0	0	False	NOT_ROBUST	PENDING
MA1390.3	HHO2	Tryptophan cluster factors	GARP_G2-like	LITCHI005486	181.654658158795	EXPRESSED	0	0	0	0	False	NOT_ROBUST	PENDING
MA1706.2	AT1G14600	Tryptophan cluster factors	GARP_G2-like		nan	NOT_TESTABLE_NO_COMPLETE_ONE_TO_ONE_RBH	0	0	0	0	False	NOT_ROBUST	PENDING
MA1735.2	AT2G38300	Tryptophan cluster factors	GARP_G2-like		nan	NOT_TESTABLE_NO_COMPLETE_ONE_TO_ONE_RBH	0	0	0	0	False	NOT_ROBUST	PENDING
MA1737.2	AT5G05090	Tryptophan cluster factors	GARP_G2-like		nan	NOT_TESTABLE_NO_COMPLETE_ONE_TO_ONE_RBH	0	0	0	0	False	NOT_ROBUST	PENDING
MA1830.2	Zm00001d015407	Tryptophan cluster factors	GARP_G2-like		nan	NOT_TESTABLE_NO_COMPLETE_ONE_TO_ONE_RBH	0	0	0	0	False	NOT_ROBUST	PENDING
MA2023.2	PHL4	Tryptophan cluster factors	GARP_G2-like		nan	NOT_TESTABLE_NO_COMPLETE_ONE_TO_ONE_RBH	0	0	0	0	False	NOT_ROBUST	PENDING
MA0034.2	Gam1	Tryptophan cluster factors	MYB		nan	NOT_TESTABLE_NO_COMPLETE_ONE_TO_ONE_RBH	0	0	0	0	False	NOT_ROBUST	PENDING
MA0575.2	MYB77	Tryptophan cluster factors	MYB		nan	NOT_TESTABLE_NO_COMPLETE_ONE_TO_ONE_RBH	0	0	0	0	False	NOT_ROBUST	PENDING
MA0576.2	RAX3	Tryptophan cluster factors	MYB	LITCHI023507	10.5919638725681	EXPRESSED	0	0	0	0	False	NOT_ROBUST	PENDING
MA1030.2	P0510F09.23	Tryptophan cluster factors	MYB		nan	NOT_TESTABLE_NO_COMPLETE_ONE_TO_ONE_RBH	0	0	0	0	False	NOT_ROBUST	PENDING
MA1037.2	MYB24	Tryptophan cluster factors	MYB	LITCHI020546	nan	NOT_TESTABLE_NO_COMPLETE_ONE_TO_ONE_RBH	0	0	0	0	False	NOT_ROBUST	PENDING
MA1038.2	MYB3	Tryptophan cluster factors	MYB	LITCHI011655	783.79493950834	EXPRESSED	0	0	0	0	False	NOT_ROBUST	PENDING
MA1170.2	MYB118	Tryptophan cluster factors	MYB		nan	NOT_TESTABLE_NO_COMPLETE_ONE_TO_ONE_RBH	0	0	0	0	False	NOT_ROBUST	PENDING
MA1171.2	MYB52	Tryptophan cluster factors	MYB	LITCHI023475	40.934159060181	EXPRESSED	0	0	0	0	False	NOT_ROBUST	PENDING
MA1172.2	MYB3R5	Tryptophan cluster factors	MYB	LITCHI018413	504.921818645682	EXPRESSED	0	0	0	0	False	NOT_ROBUST	PENDING
MA1173.2	MYB101	Tryptophan cluster factors	MYB	LITCHI021301	nan	NOT_TESTABLE_NO_COMPLETE_ONE_TO_ONE_RBH	0	0	0	0	False	NOT_ROBUST	PENDING
MA1174.2	MYB56	Tryptophan cluster factors	MYB		nan	NOT_TESTABLE_NO_COMPLETE_ONE_TO_ONE_RBH	0	1	0	0	False	NOT_ROBUST	PENDING
MA1175.2	MYB81	Tryptophan cluster factors	MYB		nan	NOT_TESTABLE_NO_COMPLETE_ONE_TO_ONE_RBH	0	0	0	0	False	NOT_ROBUST	PENDING
MA1176.2	MYB119	Tryptophan cluster factors	MYB	LITCHI025088	nan	NOT_TESTABLE_NO_COMPLETE_ONE_TO_ONE_RBH	0	0	0	0	False	NOT_ROBUST	PENDING
MA1177.2	MYB65	Tryptophan cluster factors	MYB		nan	NOT_TESTABLE_NO_COMPLETE_ONE_TO_ONE_RBH	0	0	0	0	False	NOT_ROBUST	PENDING
MA1178.3	MYB3R1	Tryptophan cluster factors	MYB		nan	NOT_TESTABLE_NO_COMPLETE_ONE_TO_ONE_RBH	0	0	0	0	False	NOT_ROBUST	PENDING
MA1179.2	MYB1	Tryptophan cluster factors	MYB	LITCHI018292	112.318176595773	EXPRESSED	0	0	0	0	False	NOT_ROBUST	PENDING
MA1180.2	MYB3R4	Tryptophan cluster factors	MYB	LITCHI017130	153.064039687919	EXPRESSED	0	0	0	0	False	NOT_ROBUST	PENDING
MA1181.2	MYB113	Tryptophan cluster factors	MYB	LITCHI008191	698.296132169561	EXPRESSED	0	0	0	0	False	NOT_ROBUST	PENDING
MA1292.2	MYB27	Tryptophan cluster factors	MYB	LITCHI018670	19.5327589418059	EXPRESSED	0	0	0	0	False	NOT_ROBUST	PENDING
MA1293.2	MYB57	Tryptophan cluster factors	MYB		nan	NOT_TESTABLE_NO_COMPLETE_ONE_TO_ONE_RBH	0	0	0	0	False	NOT_ROBUST	PENDING
MA1294.2	MYB62	Tryptophan cluster factors	MYB	LITCHI005562	16.1815729446883	EXPRESSED	0	0	0	0	False	NOT_ROBUST	PENDING
MA1391.3	MYB33	Tryptophan cluster factors	MYB	LITCHI019748	565.731070088143	EXPRESSED	0	0	0	0	False	NOT_ROBUST	PENDING
MA1392.3	MYB98	Tryptophan cluster factors	MYB	LITCHI022403	nan	NOT_TESTABLE_NO_COMPLETE_ONE_TO_ONE_RBH	0	0	0	0	False	NOT_ROBUST	PENDING
MA1393.3	MYB70	Tryptophan cluster factors	MYB		nan	NOT_TESTABLE_NO_COMPLETE_ONE_TO_ONE_RBH	0	0	0	0	False	NOT_ROBUST	PENDING
MA1394.3	MYB73	Tryptophan cluster factors	MYB	LITCHI006946	nan	NOT_TESTABLE_NO_COMPLETE_ONE_TO_ONE_RBH	0	0	0	0	False	NOT_ROBUST	PENDING
MA1762.2	MYB10	Tryptophan cluster factors	MYB		nan	NOT_TESTABLE_NO_COMPLETE_ONE_TO_ONE_RBH	0	0	0	0	False	NOT_ROBUST	PENDING
MA1764.2	MYB116	Tryptophan cluster factors	MYB		nan	NOT_TESTABLE_NO_COMPLETE_ONE_TO_ONE_RBH	0	0	0	0	False	NOT_ROBUST	PENDING
MA1765.2	MYB121	Tryptophan cluster factors	MYB		nan	NOT_TESTABLE_NO_COMPLETE_ONE_TO_ONE_RBH	0	0	0	0	False	NOT_ROBUST	PENDING
MA1766.2	MYB17	Tryptophan cluster factors	MYB	LITCHI025698	731.223627169101	EXPRESSED	0	0	0	0	False	NOT_ROBUST	PENDING
MA1767.2	MYB23	Tryptophan cluster factors	MYB	LITCHI020533	90.8834100698617	EXPRESSED	0	1	0	0	False	NOT_ROBUST	PENDING
MA1768.2	MYB30	Tryptophan cluster factors	MYB	LITCHI019543	108.038031500195	EXPRESSED	0	0	0	0	False	NOT_ROBUST	PENDING
MA1769.2	MYB39	Tryptophan cluster factors	MYB	LITCHI020471	nan	NOT_TESTABLE_NO_COMPLETE_ONE_TO_ONE_RBH	0	0	0	0	False	NOT_ROBUST	PENDING
MA1770.2	MYB40	Tryptophan cluster factors	MYB		nan	NOT_TESTABLE_NO_COMPLETE_ONE_TO_ONE_RBH	0	0	0	0	False	NOT_ROBUST	PENDING
MA1771.2	MYB41	Tryptophan cluster factors	MYB		nan	NOT_TESTABLE_NO_COMPLETE_ONE_TO_ONE_RBH	0	0	0	0	False	NOT_ROBUST	PENDING
MA1772.2	MYB43	Tryptophan cluster factors	MYB		nan	NOT_TESTABLE_NO_COMPLETE_ONE_TO_ONE_RBH	0	0	0	0	False	NOT_ROBUST	PENDING
MA1773.2	MYB51	Tryptophan cluster factors	MYB		nan	NOT_TESTABLE_NO_COMPLETE_ONE_TO_ONE_RBH	0	0	0	0	False	NOT_ROBUST	PENDING
MA1774.2	MYB60	Tryptophan cluster factors	MYB	LITCHI003293	1325.29769420153	EXPRESSED	0	0	0	0	False	NOT_ROBUST	PENDING
MA1775.2	MYB61	Tryptophan cluster factors	MYB	LITCHI002253	3095.92829549534	EXPRESSED	0	0	0	0	False	NOT_ROBUST	PENDING
MA1777.2	MYB74	Tryptophan cluster factors	MYB		nan	NOT_TESTABLE_NO_COMPLETE_ONE_TO_ONE_RBH	0	0	0	0	False	NOT_ROBUST	PENDING
MA1778.2	MYB80	Tryptophan cluster factors	MYB	LITCHI013621	12.6962933121738	EXPRESSED	0	0	0	0	False	NOT_ROBUST	PENDING
MA1779.2	MYB83	Tryptophan cluster factors	MYB	LITCHI004385	338.736049201775	EXPRESSED	0	0	0	0	False	NOT_ROBUST	PENDING
MA1780.2	MYB92	Tryptophan cluster factors	MYB	LITCHI008001	nan	NOT_TESTABLE_NO_COMPLETE_ONE_TO_ONE_RBH	0	0	0	0	False	NOT_ROBUST	PENDING
MA1781.2	MYB94	Tryptophan cluster factors	MYB		nan	NOT_TESTABLE_NO_COMPLETE_ONE_TO_ONE_RBH	0	0	0	0	False	NOT_ROBUST	PENDING
MA1829.2	Zm00001d035604	Tryptophan cluster factors	MYB		nan	NOT_TESTABLE_NO_COMPLETE_ONE_TO_ONE_RBH	0	1	0	0	False	NOT_ROBUST	PENDING
MA2007.2	MYB107	Tryptophan cluster factors	MYB		nan	NOT_TESTABLE_NO_COMPLETE_ONE_TO_ONE_RBH	0	0	0	0	False	NOT_ROBUST	PENDING
MA2008.2	MYB99	Tryptophan cluster factors	MYB		nan	NOT_TESTABLE_NO_COMPLETE_ONE_TO_ONE_RBH	0	0	0	0	False	NOT_ROBUST	PENDING
MA2024.2	MYB63	Tryptophan cluster factors	MYB	LITCHI009699	28.3177526532046	EXPRESSED	0	0	0	0	False	NOT_ROBUST	PENDING
MA2025.2	MYB93	Tryptophan cluster factors	MYB	LITCHI010515	nan	NOT_TESTABLE_NO_COMPLETE_ONE_TO_ONE_RBH	0	0	0	0	False	NOT_ROBUST	PENDING
MA2026.2	MYB108	Tryptophan cluster factors	MYB	LITCHI014298	34.6365961278455	EXPRESSED	0	0	0	0	False	NOT_ROBUST	PENDING
MA2027.2	MYB44	Tryptophan cluster factors	MYB		nan	NOT_TESTABLE_NO_COMPLETE_ONE_TO_ONE_RBH	0	0	0	0	False	NOT_ROBUST	PENDING
MA2028.2	MYB49	Tryptophan cluster factors	MYB		nan	NOT_TESTABLE_NO_COMPLETE_ONE_TO_ONE_RBH	0	1	0	0	False	NOT_ROBUST	PENDING
MA2029.2	MYB88	Tryptophan cluster factors	MYB	LITCHI005142	422.884231090098	EXPRESSED	0	0	0	0	False	NOT_ROBUST	PENDING
MA2030.2	MYB96	Tryptophan cluster factors	MYB	LITCHI023435	950.667410500439	EXPRESSED	0	0	0	0	False	NOT_ROBUST	PENDING
MA2041.2	MYB13	Tryptophan cluster factors	MYB		nan	NOT_TESTABLE_NO_COMPLETE_ONE_TO_ONE_RBH	0	0	0	0	False	NOT_ROBUST	PENDING
MA2042.2	MYB58	Tryptophan cluster factors	MYB		nan	NOT_TESTABLE_NO_COMPLETE_ONE_TO_ONE_RBH	0	0	0	0	False	NOT_ROBUST	PENDING
MA0579.2	CDC5	Tryptophan cluster factors	MYB-related	LITCHI003583	1156.14917651774	EXPRESSED	0	0	0	0	False	NOT_ROBUST	PENDING
MA1182.2	RVE8	Tryptophan cluster factors	MYB-related	LITCHI018530	947.63336557331	EXPRESSED	0	0	0	0	False	NOT_ROBUST	PENDING
MA1183.2	RVE6	Tryptophan cluster factors	MYB-related	LITCHI009435	758.790735017242	EXPRESSED	0	0	0	0	False	NOT_ROBUST	PENDING
MA1184.2	RVE1	Tryptophan cluster factors	MYB-related	LITCHI008053	174.663061210724	EXPRESSED	0	4	0	0	False	NOT_ROBUST	PENDING
MA1185.2	LHY	Tryptophan cluster factors	MYB-related		nan	NOT_TESTABLE_NO_COMPLETE_ONE_TO_ONE_RBH	0	0	0	0	False	NOT_ROBUST	PENDING
MA1186.2	YAB4	Tryptophan cluster factors	MYB-related		nan	NOT_TESTABLE_NO_COMPLETE_ONE_TO_ONE_RBH	0	0	0	0	False	NOT_ROBUST	PENDING
MA1187.2	RVE4	Tryptophan cluster factors	MYB-related		nan	NOT_TESTABLE_NO_COMPLETE_ONE_TO_ONE_RBH	0	0	0	0	False	NOT_ROBUST	PENDING
MA1189.2	AT5G61620	Tryptophan cluster factors	MYB-related		nan	NOT_TESTABLE_NO_COMPLETE_ONE_TO_ONE_RBH	0	0	0	0	False	NOT_ROBUST	PENDING
MA1190.2	RVE5	Tryptophan cluster factors	MYB-related	LITCHI025771	502.104820785336	EXPRESSED	0	0	0	0	False	NOT_ROBUST	PENDING
MA1191.2	RVE7L	Tryptophan cluster factors	MYB-related		nan	NOT_TESTABLE_NO_COMPLETE_ONE_TO_ONE_RBH	0	0	0	0	False	NOT_ROBUST	PENDING
MA1192.2	DIV1	Tryptophan cluster factors	MYB-related		nan	NOT_TESTABLE_NO_COMPLETE_ONE_TO_ONE_RBH	0	0	0	0	False	NOT_ROBUST	PENDING
MA1193.2	AT2G38090	Tryptophan cluster factors	MYB-related		nan	NOT_TESTABLE_NO_COMPLETE_ONE_TO_ONE_RBH	0	0	0	0	False	NOT_ROBUST	PENDING
MA1194.2	AT3G10580	Tryptophan cluster factors	MYB-related		nan	NOT_TESTABLE_NO_COMPLETE_ONE_TO_ONE_RBH	0	0	0	0	False	NOT_ROBUST	PENDING
MA1195.2	AT5G56840	Tryptophan cluster factors	MYB-related		nan	NOT_TESTABLE_NO_COMPLETE_ONE_TO_ONE_RBH	0	0	0	0	False	NOT_ROBUST	PENDING
MA1196.2	AT5G05790	Tryptophan cluster factors	MYB-related		nan	NOT_TESTABLE_NO_COMPLETE_ONE_TO_ONE_RBH	0	0	0	0	False	NOT_ROBUST	PENDING
MA1397.2	AT1G74840	Tryptophan cluster factors	MYB-related		nan	NOT_TESTABLE_NO_COMPLETE_ONE_TO_ONE_RBH	0	0	0	0	False	NOT_ROBUST	PENDING
MA1398.3	KUA1	Tryptophan cluster factors	MYB-related	LITCHI022758	3142.55571475963	EXPRESSED	0	0	0	0	False	NOT_ROBUST	PENDING
MA1400.2	AT1G19000	Tryptophan cluster factors	MYB-related		nan	NOT_TESTABLE_NO_COMPLETE_ONE_TO_ONE_RBH	0	0	0	0	False	NOT_ROBUST	PENDING
MA1401.2	RVE7	Tryptophan cluster factors	MYB-related		nan	NOT_TESTABLE_NO_COMPLETE_ONE_TO_ONE_RBH	0	0	0	0	False	NOT_ROBUST	PENDING
MA1408.2	FaEOBII	Tryptophan cluster factors	MYB-related		nan	NOT_TESTABLE_NO_COMPLETE_ONE_TO_ONE_RBH	0	0	0	0	False	NOT_ROBUST	PENDING
MA1793.2	NID1	Tryptophan cluster factors	MYB-related		nan	NOT_TESTABLE_NO_COMPLETE_ONE_TO_ONE_RBH	0	0	0	0	False	NOT_ROBUST	PENDING
MA1802.2	TRP5	Tryptophan cluster factors	MYB-related	LITCHI024928	653.038133646659	EXPRESSED	0	0	0	0	False	NOT_ROBUST	PENDING
MA1812.2	ASR1	Tryptophan cluster factors	MYB-related		nan	NOT_TESTABLE_NO_COMPLETE_ONE_TO_ONE_RBH	0	0	0	0	False	NOT_ROBUST	PENDING
MA1825.2	Zm00001d044409	Tryptophan cluster factors	MYB-related		nan	NOT_TESTABLE_NO_COMPLETE_ONE_TO_ONE_RBH	0	0	0	0	False	NOT_ROBUST	PENDING
MA2031.2	AT5G04760	Tryptophan cluster factors	MYB-related		nan	NOT_TESTABLE_NO_COMPLETE_ONE_TO_ONE_RBH	0	0	0	0	False	NOT_ROBUST	PENDING
MA2032.2	TRB1	Tryptophan cluster factors	MYB-related		nan	NOT_TESTABLE_NO_COMPLETE_ONE_TO_ONE_RBH	0	0	0	0	False	NOT_ROBUST	PENDING
MA1208.2	GT-2	Tryptophan cluster factors	Trihelix		nan	NOT_TESTABLE_NO_COMPLETE_ONE_TO_ONE_RBH	0	0	0	0	False	NOT_ROBUST	PENDING
MA1365.3	AT5G47660	Tryptophan cluster factors	Trihelix		nan	NOT_TESTABLE_NO_COMPLETE_ONE_TO_ONE_RBH	0	0	0	0	False	NOT_ROBUST	PENDING
MA1366.2	DF1	Tryptophan cluster factors	Trihelix	LITCHI011466	2612.13763208597	EXPRESSED	0	0	0	0	False	NOT_ROBUST	PENDING
MA1368.3	GT-4	Tryptophan cluster factors	Trihelix		nan	NOT_TESTABLE_NO_COMPLETE_ONE_TO_ONE_RBH	0	0	0	0	False	NOT_ROBUST	PENDING
MA1661.2	GTL1	Tryptophan cluster factors	Trihelix		nan	NOT_TESTABLE_NO_COMPLETE_ONE_TO_ONE_RBH	0	0	0	0	False	NOT_ROBUST	PENDING
MA1662.2	AT3G10030	Tryptophan cluster factors	Trihelix		nan	NOT_TESTABLE_NO_COMPLETE_ONE_TO_ONE_RBH	0	0	0	0	False	NOT_ROBUST	PENDING
MA2039.2	ASIL2	Tryptophan cluster factors	Trihelix		nan	NOT_TESTABLE_NO_COMPLETE_ONE_TO_ONE_RBH	0	0	0	0	False	NOT_ROBUST	PENDING
MA2040.2	ENAP2	Tryptophan cluster factors	Trihelix		nan	NOT_TESTABLE_NO_COMPLETE_ONE_TO_ONE_RBH	0	0	0	0	False	NOT_ROBUST	PENDING
MA0988.2	PHYPADRAFT_143875	Basic helix-loop-helix factors (bHLH)	bHLH		nan	NOT_TESTABLE_NO_COMPLETE_ONE_TO_ONE_RBH	0	0	0	0	False	NOT_ROBUST	PENDING
MA1011.2	PHYPADRAFT_72483	Basic helix-loop-helix factors (bHLH)	bHLH		nan	NOT_TESTABLE_NO_COMPLETE_ONE_TO_ONE_RBH	0	0	0	0	False	NOT_ROBUST	PENDING
MA1021.2	PHYPADRAFT_48267	Basic helix-loop-helix factors (bHLH)	bHLH		nan	NOT_TESTABLE_NO_COMPLETE_ONE_TO_ONE_RBH	0	0	0	0	False	NOT_ROBUST	PENDING
MA2478.1	PK13314.1	TCP			nan	NOT_TESTABLE_NO_COMPLETE_ONE_TO_ONE_RBH	0	0	0	0	False	NOT_ROBUST	PENDING
MA2481.1	PK12011.1	Tryptophan cluster factors	MYB		nan	NOT_TESTABLE_NO_COMPLETE_ONE_TO_ONE_RBH	0	0	0	0	False	NOT_ROBUST	PENDING
MA2482.1	PK27693.1				nan	NOT_TESTABLE_NO_COMPLETE_ONE_TO_ONE_RBH	0	0	0	0	False	NOT_ROBUST	PENDING
MA2483.1	PK20543.1	Tryptophan cluster factors	Trihelix		nan	NOT_TESTABLE_NO_COMPLETE_ONE_TO_ONE_RBH	0	1	0	0	False	NOT_ROBUST	PENDING
MA0054.1	myb.Ph3	Tryptophan cluster factors	MYB		nan	NOT_TESTABLE_NO_COMPLETE_ONE_TO_ONE_RBH	0	0	0	0	False	NOT_ROBUST	PENDING
MA0955.2	POPTR_0002s00440g	C3H(C),C2HC zinc-fingers like factors	SBP		nan	NOT_TESTABLE_NO_COMPLETE_ONE_TO_ONE_RBH	0	0	0	0	False	NOT_ROBUST	PENDING
MA0559.1	PI	MADS box factors	Type II	LITCHI011302	nan	NOT_TESTABLE_NO_COMPLETE_ONE_TO_ONE_RBH	0	0	0	0	False	NOT_ROBUST	PENDING
MA0574.1	MYB15	Tryptophan cluster factors	MYB	LITCHI015318	142.397385089728	EXPRESSED	1	0	0	0	False	NOT_ROBUST	PENDING
MA0578.1	SPL8	C3H(C),C2HC zinc-fingers like factors	SBP		nan	NOT_TESTABLE_NO_COMPLETE_ONE_TO_ONE_RBH	0	0	0	0	False	NOT_ROBUST	PENDING
MA0940.1	AP1	MADS box factors	Type II	LITCHI005352	nan	NOT_TESTABLE_NO_COMPLETE_ONE_TO_ONE_RBH	0	0	0	0	False	NOT_ROBUST	PENDING
MA0972.1	CCA1	Tryptophan cluster factors	MYB-related		nan	NOT_TESTABLE_NO_COMPLETE_ONE_TO_ONE_RBH	0	0	0	0	False	NOT_ROBUST	PENDING
MA1012.1	AGL27	MADS box factors	Type II	LITCHI004635	1278.22380480466	EXPRESSED	0	0	0	0	False	NOT_ROBUST	PENDING
MA1036.1	MYB111	Tryptophan cluster factors	MYB		nan	NOT_TESTABLE_NO_COMPLETE_ONE_TO_ONE_RBH	0	0	0	0	False	NOT_ROBUST	PENDING
MA1039.1	MYB4	Tryptophan cluster factors	MYB	LITCHI002019	388.460066524778	EXPRESSED	0	0	0	0	False	NOT_ROBUST	PENDING
MA1040.1	MYB46	Tryptophan cluster factors	MYB		nan	NOT_TESTABLE_NO_COMPLETE_ONE_TO_ONE_RBH	0	0	0	0	False	NOT_ROBUST	PENDING
MA1041.1	MYB55	Tryptophan cluster factors	MYB		nan	NOT_TESTABLE_NO_COMPLETE_ONE_TO_ONE_RBH	0	0	0	0	False	NOT_ROBUST	PENDING
MA1042.1	MYB59	Tryptophan cluster factors	MYB		nan	NOT_TESTABLE_NO_COMPLETE_ONE_TO_ONE_RBH	0	0	0	0	False	NOT_ROBUST	PENDING
MA1169.1	MYB105	Tryptophan cluster factors	MYB		nan	NOT_TESTABLE_NO_COMPLETE_ONE_TO_ONE_RBH	0	0	0	0	False	NOT_ROBUST	PENDING
MA1188.1	At3g11280	Tryptophan cluster factors	MYB-related		nan	NOT_TESTABLE_NO_COMPLETE_ONE_TO_ONE_RBH	0	0	0	0	False	NOT_ROBUST	PENDING
MA1199.1	AGL16	MADS box factors	Type II	LITCHI010713	39.03646649759	EXPRESSED	0	0	0	0	False	NOT_ROBUST	PENDING
MA1203.1	AGL63	MADS box factors	Type II		nan	NOT_TESTABLE_NO_COMPLETE_ONE_TO_ONE_RBH	0	0	0	0	False	NOT_ROBUST	PENDING
MA1204.1	AGL13	MADS box factors	Type II		nan	NOT_TESTABLE_NO_COMPLETE_ONE_TO_ONE_RBH	0	0	0	0	False	NOT_ROBUST	PENDING
MA1205.1	AGL6	MADS box factors	Type II	LITCHI025595	nan	NOT_TESTABLE_NO_COMPLETE_ONE_TO_ONE_RBH	0	0	0	0	False	NOT_ROBUST	PENDING
MA1352.1	TRP1	Tryptophan cluster factors	MYB-related		nan	NOT_TESTABLE_NO_COMPLETE_ONE_TO_ONE_RBH	0	0	0	0	False	NOT_ROBUST	PENDING
MA1354.1	AT4G12670	Tryptophan cluster factors	MYB-related		nan	NOT_TESTABLE_NO_COMPLETE_ONE_TO_ONE_RBH	0	0	0	0	False	NOT_ROBUST	PENDING
MA1356.1	TRP2	Tryptophan cluster factors	MYB-related		nan	NOT_TESTABLE_NO_COMPLETE_ONE_TO_ONE_RBH	0	0	0	0	False	NOT_ROBUST	PENDING
MA1738.1	ATMYB31	Tryptophan cluster factors	MYB		nan	NOT_TESTABLE_NO_COMPLETE_ONE_TO_ONE_RBH	0	0	0	0	False	NOT_ROBUST	PENDING
MA2459.1	EDF3	B3	RAV		nan	NOT_TESTABLE_NO_COMPLETE_ONE_TO_ONE_RBH	0	0	0	0	False	NOT_ROBUST	PENDING
MA2460.1	MGH6.1	GCM domain factors	NAC		nan	NOT_TESTABLE_NO_COMPLETE_ONE_TO_ONE_RBH	0	0	0	0	False	NOT_ROBUST	PENDING
MA2461.1	WOX13	Homeo domain factors	WOX	LITCHI006325	1073.04055589464	EXPRESSED	0	0	0	0	False	NOT_ROBUST	PENDING
MA2344.1	REV	Homeo domain factors	HD-ZIP	LITCHI024703	413.117851619195	EXPRESSED	0	0	0	0	False	NOT_ROBUST	PENDING
MA2471.1	SPCH	Basic helix-loop-helix factors (bHLH)	bHLH	LITCHI009519	nan	NOT_TESTABLE_NO_COMPLETE_ONE_TO_ONE_RBH	0	0	0	0	False	NOT_ROBUST	PENDING
MA2472.1	AT3G12910	GCM domain factors	NAC		nan	NOT_TESTABLE_NO_COMPLETE_ONE_TO_ONE_RBH	0	0	0	0	False	NOT_ROBUST	PENDING
MA2474.1	HMGB10	Homeo domain factors	ARID	LITCHI013500	376.982247576854	EXPRESSED	0	0	0	0	False	NOT_ROBUST	PENDING
MA2476.1	KNAT7	Homeo domain factors	TALE-type HD	LITCHI016932	6673.88749137489	EXPRESSED	0	0	0	0	False	NOT_ROBUST	PENDING
MA2477.1	NGA4	B3	RAV		nan	NOT_TESTABLE_NO_COMPLETE_ONE_TO_ONE_RBH	0	0	0	0	False	NOT_ROBUST	PENDING
MA1672.2	GBF2	Basic leucine zipper factors (bZIP)	Group G		nan	NOT_TESTABLE_NO_COMPLETE_ONE_TO_ONE_RBH	0	0	0	0	False	NOT_ROBUST	PENDING
MA1742.2	BIZP18	Basic leucine zipper factors (bZIP)	Group I	LITCHI027597	590.865957989628	EXPRESSED	0	0	0	0	False	NOT_ROBUST	PENDING
MA0586.3	SPL14	C3H(C),C2HC zinc-fingers like factors	SBP	LITCHI009851	3873.21963059725	EXPRESSED	0	0	0	0	False	NOT_ROBUST	PENDING
MA1056.2	SPL11	C3H(C),C2HC zinc-fingers like factors	SBP		nan	NOT_TESTABLE_NO_COMPLETE_ONE_TO_ONE_RBH	0	0	0	0	False	NOT_ROBUST	PENDING
MA1057.2	SPL12	C3H(C),C2HC zinc-fingers like factors	SBP		nan	NOT_TESTABLE_NO_COMPLETE_ONE_TO_ONE_RBH	0	0	0	0	False	NOT_ROBUST	PENDING
MA1058.2	SPL4	C3H(C),C2HC zinc-fingers like factors	SBP	LITCHI021016	nan	NOT_TESTABLE_NO_COMPLETE_ONE_TO_ONE_RBH	0	0	0	0	False	NOT_ROBUST	PENDING
MA1059.3	SPL5	C3H(C),C2HC zinc-fingers like factors	SBP		nan	NOT_TESTABLE_NO_COMPLETE_ONE_TO_ONE_RBH	0	0	0	0	False	NOT_ROBUST	PENDING
MA1060.2	SPL7	C3H(C),C2HC zinc-fingers like factors	SBP	LITCHI014612	4923.84287088209	EXPRESSED	0	0	0	0	False	NOT_ROBUST	PENDING
MA1320.2	SPL15	C3H(C),C2HC zinc-fingers like factors	SBP		nan	NOT_TESTABLE_NO_COMPLETE_ONE_TO_ONE_RBH	0	0	0	0	False	NOT_ROBUST	PENDING
MA1321.2	SPL13A	C3H(C),C2HC zinc-fingers like factors	SBP	LITCHI020317	278.341814920734	EXPRESSED	0	0	0	0	False	NOT_ROBUST	PENDING
MA1799.2	SPL10	C3H(C),C2HC zinc-fingers like factors	SBP		nan	NOT_TESTABLE_NO_COMPLETE_ONE_TO_ONE_RBH	0	0	0	0	False	NOT_ROBUST	PENDING
MA2479.1	TCX5	CPP		LITCHI016778	273.402979372278	EXPRESSED	0	0	0	0	False	NOT_ROBUST	PENDING
MA0577.4	SPL3	C3H(C),C2HC zinc-fingers like factors	SBP	LITCHI029170	2166.39615060286	EXPRESSED	0	0	0	0	False	NOT_ROBUST	PENDING
MA1055.3	SPL1	C3H(C),C2HC zinc-fingers like factors	SBP	LITCHI026667	3722.83723578585	EXPRESSED	0	0	0	0	False	NOT_ROBUST	PENDING
MA1322.3	SPL9	C3H(C),C2HC zinc-fingers like factors	SBP	LITCHI019149	nan	NOT_TESTABLE_NO_COMPLETE_ONE_TO_ONE_RBH	0	0	0	0	False	NOT_ROBUST	PENDING
MA1353.2	AT1G72740	Tryptophan cluster factors	MYB-related	LITCHI030156	2646.68547931108	EXPRESSED	0	0	0	0	False	NOT_ROBUST	PENDING
MA1355.2	TRB2	Tryptophan cluster factors	MYB-related	LITCHI007074	826.556527243852	EXPRESSED	0	0	0	0	False	NOT_ROBUST	PENDING
MA2498.1	LSH1	HC3 zinc ribbon factors	ALOG		nan	NOT_TESTABLE_NO_COMPLETE_ONE_TO_ONE_RBH	0	2	0	0	False	NOT_ROBUST	PENDING
MA2499.1	LSH2	HC3 zinc ribbon factors			nan	NOT_TESTABLE_NO_COMPLETE_ONE_TO_ONE_RBH	0	0	0	0	False	NOT_ROBUST	PENDING
MA2500.1	LSH3	HC3 zinc ribbon factors			nan	NOT_TESTABLE_NO_COMPLETE_ONE_TO_ONE_RBH	1	0	0	0	False	NOT_ROBUST	PENDING
MA2502.1	TMF	HC3 zinc ribbon factors			nan	NOT_TESTABLE_NO_COMPLETE_ONE_TO_ONE_RBH	0	0	0	0	False	NOT_ROBUST	PENDING
MA2505.1	bZIP59	Basic leucine zipper factors (bZIP)	bZIP	LITCHI015934	1531.11069447295	EXPRESSED	0	0	0	0	False	NOT_ROBUST	PENDING
MA2634.1	EIN3	EIL	EIL	LITCHI023837	4307.23610419409	EXPRESSED	0	0	0	0	False	NOT_ROBUST	PENDING
MA2635.1	FUL	MADS box factors	Type II		nan	NOT_TESTABLE_NO_COMPLETE_ONE_TO_ONE_RBH	0	0	0	0	False	NOT_ROBUST	PENDING
MA2636.1	FUL::AG	MADS box factors	Type II	LITCHI028933	104.959382205592	NOT_TESTABLE_NO_COMPLETE_ONE_TO_ONE_RBH	0	0	0	0	False	NOT_ROBUST	PENDING
MA2637.1	FUL::AG::SEP3	MADS box factors	Type II	LITCHI028933;LITCHI004634	12.6962933121738	NOT_TESTABLE_NO_COMPLETE_ONE_TO_ONE_RBH	0	0	0	0	False	NOT_ROBUST	PENDING
MA2638.1	FUL::SEP3	MADS box factors	Type II	LITCHI004634	12.6962933121738	NOT_TESTABLE_NO_COMPLETE_ONE_TO_ONE_RBH	0	0	0	0	False	NOT_ROBUST	PENDING
MA2639.1	FUL::SOC1	MADS box factors	Type II	LITCHI025598	8841.61939203914	NOT_TESTABLE_NO_COMPLETE_ONE_TO_ONE_RBH	0	0	0	0	False	NOT_ROBUST	PENDING
MA1776.3	MYB67	Tryptophan cluster factors	MYB		nan	NOT_TESTABLE_NO_COMPLETE_ONE_TO_ONE_RBH	0	0	0	0	False	NOT_ROBUST	PENDING
MA0566.2	MYC2	Basic helix-loop-helix factors (bHLH)	bHLH		nan	NOT_TESTABLE_NO_COMPLETE_ONE_TO_ONE_RBH	0	0	0	0	False	NOT_ROBUST	PENDING
MA1378.2	AIL6	AP2/EREBP	AP2	LITCHI007217	nan	NOT_TESTABLE_NO_COMPLETE_ONE_TO_ONE_RBH	0	0	0	0	False	NOT_ROBUST	PENDING
MA2475.1	HOX6	Homeo domain factors	HD-ZIP		nan	NOT_TESTABLE_NO_COMPLETE_ONE_TO_ONE_RBH	1	0	0	0	False	NOT_ROBUST	PENDING
MA2501.1	G1	HC3 zinc ribbon factors			nan	NOT_TESTABLE_NO_COMPLETE_ONE_TO_ONE_RBH	0	0	0	0	False	NOT_ROBUST	PENDING
MA2473.1	HB88	Homeo domain factors	WOX		nan	NOT_TESTABLE_NO_COMPLETE_ONE_TO_ONE_RBH	0	0	0	0	False	NOT_ROBUST	PENDING
MA2604.1	dof22	Other C4 zinc finger-type factors	DOF		nan	NOT_TESTABLE_NO_COMPLETE_ONE_TO_ONE_RBH	0	0	0	0	False	NOT_ROBUST	PENDING
MA2605.1	mybr26	Tryptophan cluster factors	MYB-related		nan	NOT_TESTABLE_NO_COMPLETE_ONE_TO_ONE_RBH	0	0	0	0	False	NOT_ROBUST	PENDING
MA2606.1	mybr43	Tryptophan cluster factors	MYB-related		nan	NOT_TESTABLE_NO_COMPLETE_ONE_TO_ONE_RBH	0	0	0	0	False	NOT_ROBUST	PENDING
MA2607.1	tcptf23	TCP			nan	NOT_TESTABLE_NO_COMPLETE_ONE_TO_ONE_RBH	0	0	0	0	False	NOT_ROBUST	PENDING
MA2608.1	glk53	Tryptophan cluster factors	GARP_G2-like		nan	NOT_TESTABLE_NO_COMPLETE_ONE_TO_ONE_RBH	0	0	0	0	False	NOT_ROBUST	PENDING
MA2609.1	ereb172	AP2/EREBP	ERF/DREB		nan	NOT_TESTABLE_NO_COMPLETE_ONE_TO_ONE_RBH	0	0	0	0	False	NOT_ROBUST	PENDING
MA2610.1	ereb97	AP2/EREBP	ERF/DREB		nan	NOT_TESTABLE_NO_COMPLETE_ONE_TO_ONE_RBH	0	0	0	0	False	NOT_ROBUST	PENDING
MA2611.1	ereb209	AP2/EREBP	ERF/DREB		nan	NOT_TESTABLE_NO_COMPLETE_ONE_TO_ONE_RBH	0	0	0	0	False	NOT_ROBUST	PENDING
MA2612.1	ereb147	AP2/EREBP	ERF/DREB		nan	NOT_TESTABLE_NO_COMPLETE_ONE_TO_ONE_RBH	0	0	0	0	False	NOT_ROBUST	PENDING
MA2613.1	ereb34	AP2/EREBP	ERF/DREB		nan	NOT_TESTABLE_NO_COMPLETE_ONE_TO_ONE_RBH	0	0	0	0	False	NOT_ROBUST	PENDING
MA2614.1	ereb198	AP2/EREBP	ERF/DREB		nan	NOT_TESTABLE_NO_COMPLETE_ONE_TO_ONE_RBH	0	0	0	0	False	NOT_ROBUST	PENDING
MA2615.1	ereb109	AP2/EREBP	ERF/DREB		nan	NOT_TESTABLE_NO_COMPLETE_ONE_TO_ONE_RBH	0	0	0	0	False	NOT_ROBUST	PENDING
MA2616.1	ereb17	AP2/EREBP	ERF/DREB		nan	NOT_TESTABLE_NO_COMPLETE_ONE_TO_ONE_RBH	0	0	0	0	False	NOT_ROBUST	PENDING
MA2617.1	ereb54	AP2/EREBP	ERF/DREB		nan	NOT_TESTABLE_NO_COMPLETE_ONE_TO_ONE_RBH	0	0	0	0	False	NOT_ROBUST	PENDING
MA2618.1	ereb102	AP2/EREBP	ERF/DREB		nan	NOT_TESTABLE_NO_COMPLETE_ONE_TO_ONE_RBH	0	0	0	0	False	NOT_ROBUST	PENDING
MA2619.1	ereb18	AP2/EREBP	ERF/DREB		nan	NOT_TESTABLE_NO_COMPLETE_ONE_TO_ONE_RBH	0	0	0	0	False	NOT_ROBUST	PENDING
MA2620.1	g2	Tryptophan cluster factors	GARP_G2-like		nan	NOT_TESTABLE_NO_COMPLETE_ONE_TO_ONE_RBH	0	0	0	0	False	NOT_ROBUST	PENDING
MA2621.1	glk25	Tryptophan cluster factors	GARP_G2-like		nan	NOT_TESTABLE_NO_COMPLETE_ONE_TO_ONE_RBH	0	0	0	0	False	NOT_ROBUST	PENDING
MA2622.1	hb34	Homeo domain factors	HD-ZIP		nan	NOT_TESTABLE_NO_COMPLETE_ONE_TO_ONE_RBH	1	4	0	0	False	NOT_ROBUST	PENDING
MA2623.1	hb66	Homeo domain factors	HD-ZIP		nan	NOT_TESTABLE_NO_COMPLETE_ONE_TO_ONE_RBH	0	0	0	0	False	NOT_ROBUST	PENDING
MA2624.1	myb37	Tryptophan cluster factors	MYB		nan	NOT_TESTABLE_NO_COMPLETE_ONE_TO_ONE_RBH	0	0	0	0	False	NOT_ROBUST	PENDING
MA2625.1	mybr17	Tryptophan cluster factors	MYB-related		nan	NOT_TESTABLE_NO_COMPLETE_ONE_TO_ONE_RBH	0	0	0	0	False	NOT_ROBUST	PENDING
MA2626.1	bzip40	Basic leucine zipper factors (bZIP)	Group S		nan	NOT_TESTABLE_NO_COMPLETE_ONE_TO_ONE_RBH	0	0	0	0	False	NOT_ROBUST	PENDING
MA2627.1	bzip9	Basic leucine zipper factors (bZIP)	Group S		nan	NOT_TESTABLE_NO_COMPLETE_ONE_TO_ONE_RBH	0	0	0	0	False	NOT_ROBUST	PENDING
MA2753.1	cpp8	CPP			nan	NOT_TESTABLE_NO_COMPLETE_ONE_TO_ONE_RBH	0	0	0	0	False	NOT_ROBUST	PENDING
MA2754.1	wrky38	GCM domain factors	WRKY		nan	NOT_TESTABLE_NO_COMPLETE_ONE_TO_ONE_RBH	0	0	0	0	False	NOT_ROBUST	PENDING
MA2755.1	hsftf24	Heat shock factors	HSF		nan	NOT_TESTABLE_NO_COMPLETE_ONE_TO_ONE_RBH	0	0	0	0	False	NOT_ROBUST	PENDING
MA2756.1	dfo23	Other C4 zinc finger-type factors	DOF		nan	NOT_TESTABLE_NO_COMPLETE_ONE_TO_ONE_RBH	0	0	0	0	False	NOT_ROBUST	PENDING
MA2757.1	pbf1	Other C4 zinc finger-type factors	DOF		nan	NOT_TESTABLE_NO_COMPLETE_ONE_TO_ONE_RBH	0	0	0	0	False	NOT_ROBUST	PENDING
MA2758.1	ereb122	AP2/EREBP	ERF/DREB		nan	NOT_TESTABLE_NO_COMPLETE_ONE_TO_ONE_RBH	0	0	0	0	False	NOT_ROBUST	PENDING
MA2759.1	ereb7	AP2/EREBP	ERF/DREB		nan	NOT_TESTABLE_NO_COMPLETE_ONE_TO_ONE_RBH	0	0	0	0	False	NOT_ROBUST	PENDING
MA2760.1	p2	Tryptophan cluster factors	MYB		nan	NOT_TESTABLE_NO_COMPLETE_ONE_TO_ONE_RBH	0	0	0	0	False	NOT_ROBUST	PENDING
MA2761.1	myb100	Tryptophan cluster factors	MYB		nan	NOT_TESTABLE_NO_COMPLETE_ONE_TO_ONE_RBH	0	0	0	0	False	NOT_ROBUST	PENDING
MA2762.1	myb53	Tryptophan cluster factors	MYB		nan	NOT_TESTABLE_NO_COMPLETE_ONE_TO_ONE_RBH	0	0	0	0	False	NOT_ROBUST	PENDING
MA2746.1	HB-HD-ZIP-2A-2	Homeo domain factors	HD-ZIP		nan	NOT_TESTABLE_NO_COMPLETE_ONE_TO_ONE_RBH	0	0	0	0	False	NOT_ROBUST	PENDING
MA2747.1	TraesCS6A02G290800	Homeo domain factors	HD-ZIP		nan	NOT_TESTABLE_NO_COMPLETE_ONE_TO_ONE_RBH	0	0	0	0	False	NOT_ROBUST	PENDING
MA2748.1	TraesCS6B02G321100	Homeo domain factors	HD-ZIP		nan	NOT_TESTABLE_NO_COMPLETE_ONE_TO_ONE_RBH	0	0	0	0	False	NOT_ROBUST	PENDING
MA2749.1	TraesCS2D02G576500	GCM domain factors	NAC		nan	NOT_TESTABLE_NO_COMPLETE_ONE_TO_ONE_RBH	0	0	0	0	False	NOT_ROBUST	PENDING
MA2750.1	TraesCS7B02G142200	C3H(C),C2HC zinc-fingers like factors	SBP		nan	NOT_TESTABLE_NO_COMPLETE_ONE_TO_ONE_RBH	0	0	0	0	False	NOT_ROBUST	PENDING
MA2751.1	TraesCS2B02G304400	Tryptophan cluster factors	Trihelix		nan	NOT_TESTABLE_NO_COMPLETE_ONE_TO_ONE_RBH	0	0	0	0	False	NOT_ROBUST	PENDING
MA2752.1	TaOBF1b	Basic leucine zipper factors (bZIP)	Group S		nan	NOT_TESTABLE_NO_COMPLETE_ONE_TO_ONE_RBH	0	0	0	0	False	NOT_ROBUST	PENDING
MA2708.1	SlDof4	Other C4 zinc finger-type factors	DOF		nan	NOT_TESTABLE_NO_COMPLETE_ONE_TO_ONE_RBH	0	0	0	0	False	NOT_ROBUST	PENDING
MA2709.1	SolycHsfA2	Heat shock factors	HSF		nan	NOT_TESTABLE_NO_COMPLETE_ONE_TO_ONE_RBH	0	0	0	0	False	NOT_ROBUST	PENDING
MA2710.1	SolycHsfB1	Heat shock factors	HSF		nan	NOT_TESTABLE_NO_COMPLETE_ONE_TO_ONE_RBH	0	0	0	0	False	NOT_ROBUST	PENDING
MA2711.1	SolycHsfB2b	Heat shock factors	HSF		nan	NOT_TESTABLE_NO_COMPLETE_ONE_TO_ONE_RBH	0	0	0	0	False	NOT_ROBUST	PENDING
MA2712.1	eil1	EIL			nan	NOT_TESTABLE_NO_COMPLETE_ONE_TO_ONE_RBH	0	0	0	0	False	NOT_ROBUST	PENDING
MA2713.1	SlDof14	Other C4 zinc finger-type factors	DOF		nan	NOT_TESTABLE_NO_COMPLETE_ONE_TO_ONE_RBH	0	0	0	0	False	NOT_ROBUST	PENDING
MA2714.1	APETALA2a	AP2/EREBP	AP2		nan	NOT_TESTABLE_NO_COMPLETE_ONE_TO_ONE_RBH	0	0	0	0	False	NOT_ROBUST	PENDING
MA2715.1	Solyc03g124110	AP2/EREBP	ERF/DREB		nan	NOT_TESTABLE_NO_COMPLETE_ONE_TO_ONE_RBH	0	0	0	0	False	NOT_ROBUST	PENDING
MA2716.1	dreb3	AP2/EREBP	ERF/DREB		nan	NOT_TESTABLE_NO_COMPLETE_ONE_TO_ONE_RBH	0	0	0	0	False	NOT_ROBUST	PENDING
MA2717.1	eil2	EIL			nan	NOT_TESTABLE_NO_COMPLETE_ONE_TO_ONE_RBH	0	0	0	0	False	NOT_ROBUST	PENDING
MA2718.1	Sl-ERF_A_3	AP2/EREBP	ERF/DREB		nan	NOT_TESTABLE_NO_COMPLETE_ONE_TO_ONE_RBH	0	0	0	0	False	NOT_ROBUST	PENDING
MA2719.1	lat61	Basic helix-loop-helix factors (bHLH)	BES/BZR		nan	NOT_TESTABLE_NO_COMPLETE_ONE_TO_ONE_RBH	0	0	0	0	False	NOT_ROBUST	PENDING
MA2720.1	nacnor	GCM domain factors	NAC		nan	NOT_TESTABLE_NO_COMPLETE_ONE_TO_ONE_RBH	0	0	0	0	False	NOT_ROBUST	PENDING
MA2721.1	Sl-ERF_C_6	AP2/EREBP	ERF/DREB		nan	NOT_TESTABLE_NO_COMPLETE_ONE_TO_ONE_RBH	0	0	0	0	False	NOT_ROBUST	PENDING
MA2722.1	Sl-ERF_F_2	AP2/EREBP	ERF/DREB		nan	NOT_TESTABLE_NO_COMPLETE_ONE_TO_ONE_RBH	0	0	0	0	False	NOT_ROBUST	PENDING
MA2723.1	Solyc06g060230	GCM domain factors	NAC		nan	NOT_TESTABLE_NO_COMPLETE_ONE_TO_ONE_RBH	0	0	0	0	False	NOT_ROBUST	PENDING
MA2724.1	SlTCP18	TCP			nan	NOT_TESTABLE_NO_COMPLETE_ONE_TO_ONE_RBH	1	0	0	0	False	NOT_ROBUST	PENDING
MA2725.1	SlWRKY6	GCM domain factors	WRKY		nan	NOT_TESTABLE_NO_COMPLETE_ONE_TO_ONE_RBH	0	0	0	0	False	NOT_ROBUST	PENDING
MA2726.1	SlWRKY41	GCM domain factors	WRKY		nan	NOT_TESTABLE_NO_COMPLETE_ONE_TO_ONE_RBH	0	0	0	0	False	NOT_ROBUST	PENDING
MA2727.1	SolycHsfA7	Heat shock factors	HSF		nan	NOT_TESTABLE_NO_COMPLETE_ONE_TO_ONE_RBH	0	0	0	0	False	NOT_ROBUST	PENDING
MA2728.1	SolycHsfC1	Heat shock factors	HSF		nan	NOT_TESTABLE_NO_COMPLETE_ONE_TO_ONE_RBH	0	0	0	0	False	NOT_ROBUST	PENDING
MA2729.1	vahox1	Homeo domain factors	HD-ZIP		nan	NOT_TESTABLE_NO_COMPLETE_ONE_TO_ONE_RBH	0	0	0	0	False	NOT_ROBUST	PENDING
MA2730.1	Solyc01g079480	Basic leucine zipper factors (bZIP)	Group S		nan	NOT_TESTABLE_NO_COMPLETE_ONE_TO_ONE_RBH	0	0	0	0	False	NOT_ROBUST	PENDING
MA2731.1	sep3	MADS box factors	MIKC		nan	NOT_TESTABLE_NO_COMPLETE_ONE_TO_ONE_RBH	0	0	0	0	False	NOT_ROBUST	PENDING
MA2732.1	Sl-ERF_C_4	AP2/EREBP	ERF/DREB		nan	NOT_TESTABLE_NO_COMPLETE_ONE_TO_ONE_RBH	0	0	0	0	False	NOT_ROBUST	PENDING
MA2733.1	Sl-ERF_F_4	AP2/EREBP	ERF/DREB		nan	NOT_TESTABLE_NO_COMPLETE_ONE_TO_ONE_RBH	0	0	0	0	False	NOT_ROBUST	PENDING
MA2734.1	Sl-ERF_F_5	AP2/EREBP	ERF/DREB		nan	NOT_TESTABLE_NO_COMPLETE_ONE_TO_ONE_RBH	0	0	0	0	False	NOT_ROBUST	PENDING
MA2735.1	SlbHLH014	Basic helix-loop-helix factors (bHLH)	bHLH		nan	NOT_TESTABLE_NO_COMPLETE_ONE_TO_ONE_RBH	0	0	0	0	False	NOT_ROBUST	PENDING
MA2736.1	la3	Basic helix-loop-helix factors (bHLH)	bHLH	LITCHI020425	4925.87123045815	EXPRESSED	0	0	0	0	False	NOT_ROBUST	PENDING
MA2737.1	SlERF36	AP2/EREBP	ERF/DREB		nan	NOT_TESTABLE_NO_COMPLETE_ONE_TO_ONE_RBH	0	0	0	0	False	NOT_ROBUST	PENDING
MA2738.1	Cnr	C3H(C),C2HC zinc-fingers like factors	SBP		nan	NOT_TESTABLE_NO_COMPLETE_ONE_TO_ONE_RBH	0	0	0	0	False	NOT_ROBUST	PENDING
MA2739.1	SlTCP12	TCP			nan	NOT_TESTABLE_NO_COMPLETE_ONE_TO_ONE_RBH	0	0	0	0	False	NOT_ROBUST	PENDING
MA2740.1	SlTCP15	TCP			nan	NOT_TESTABLE_NO_COMPLETE_ONE_TO_ONE_RBH	0	0	0	0	False	NOT_ROBUST	PENDING
MA2741.1	SlWRKY7	GCM domain factors	WRKY		nan	NOT_TESTABLE_NO_COMPLETE_ONE_TO_ONE_RBH	0	0	0	0	False	NOT_ROBUST	PENDING
MA2742.1	SlWRKY11	GCM domain factors	WRKY		nan	NOT_TESTABLE_NO_COMPLETE_ONE_TO_ONE_RBH	0	0	0	0	False	NOT_ROBUST	PENDING
MA2743.1	SlWRKY23	GCM domain factors	WRKY		nan	NOT_TESTABLE_NO_COMPLETE_ONE_TO_ONE_RBH	0	0	0	0	False	NOT_ROBUST	PENDING
MA2744.1	SlWRKY40	GCM domain factors	WRKY		nan	NOT_TESTABLE_NO_COMPLETE_ONE_TO_ONE_RBH	2	0	0	0	False	NOT_ROBUST	PENDING
MA2745.1	SlWRKY81	GCM domain factors	WRKY		nan	NOT_TESTABLE_NO_COMPLETE_ONE_TO_ONE_RBH	0	0	0	0	False	NOT_ROBUST	PENDING
MA2480.1	GLYMA-04G093300	Homeo domain factors	PLINC		nan	NOT_TESTABLE_NO_COMPLETE_ONE_TO_ONE_RBH	0	0	0	0	False	NOT_ROBUST	PENDING
MA2640.1	GLYMA-19G062000	Tryptophan cluster factors	MYB		nan	NOT_TESTABLE_NO_COMPLETE_ONE_TO_ONE_RBH	0	0	0	0	False	NOT_ROBUST	PENDING
MA2641.1	GLYMA-01G038600	Tryptophan cluster factors	MYB-related		nan	NOT_TESTABLE_NO_COMPLETE_ONE_TO_ONE_RBH	0	0	0	0	False	NOT_ROBUST	PENDING
MA2642.1	GLYMA-10G230700	Tryptophan cluster factors	MYB-related		nan	NOT_TESTABLE_NO_COMPLETE_ONE_TO_ONE_RBH	0	0	0	0	False	NOT_ROBUST	PENDING
MA2643.1	SNAC23	GCM domain factors	NAC		nan	NOT_TESTABLE_NO_COMPLETE_ONE_TO_ONE_RBH	0	0	0	0	False	NOT_ROBUST	PENDING
MA2644.1	GLYMA-14G030700	GCM domain factors	NAC		nan	NOT_TESTABLE_NO_COMPLETE_ONE_TO_ONE_RBH	0	0	0	0	False	NOT_ROBUST	PENDING
MA2645.1	GLYMA-16G042900	GCM domain factors	NAC		nan	NOT_TESTABLE_NO_COMPLETE_ONE_TO_ONE_RBH	0	0	0	0	False	NOT_ROBUST	PENDING
MA2646.1	GLYMA-11G083900	C3H(C),C2HC zinc-fingers like factors	SBP		nan	NOT_TESTABLE_NO_COMPLETE_ONE_TO_ONE_RBH	0	0	0	0	False	NOT_ROBUST	PENDING
MA2647.1	GLYMA-12G226000	C3H(C),C2HC zinc-fingers like factors	SBP		nan	NOT_TESTABLE_NO_COMPLETE_ONE_TO_ONE_RBH	0	0	0	0	False	NOT_ROBUST	PENDING
MA2648.1	GLYMA-19G146000	C3H(C),C2HC zinc-fingers like factors	SBP		nan	NOT_TESTABLE_NO_COMPLETE_ONE_TO_ONE_RBH	0	0	0	0	False	NOT_ROBUST	PENDING
MA2649.1	GLYMA-08G271900	Basic helix-loop-helix domain factors (bHLH)	bHLH		nan	NOT_TESTABLE_NO_COMPLETE_ONE_TO_ONE_RBH	0	0	0	0	False	NOT_ROBUST	PENDING
MA2650.1	GLYMA-05G027400	TCP			nan	NOT_TESTABLE_NO_COMPLETE_ONE_TO_ONE_RBH	0	0	0	0	False	NOT_ROBUST	PENDING
MA2651.1	GLYMA-20G154400	TCP			nan	NOT_TESTABLE_NO_COMPLETE_ONE_TO_ONE_RBH	0	0	0	0	False	NOT_ROBUST	PENDING
MA2652.1	GLYMA-01G053800	GCM domain factors	WRKY		nan	NOT_TESTABLE_NO_COMPLETE_ONE_TO_ONE_RBH	0	0	0	0	False	NOT_ROBUST	PENDING
MA2653.1	GLYMA-03G042700	GCM domain factors	WRKY		nan	NOT_TESTABLE_NO_COMPLETE_ONE_TO_ONE_RBH	0	0	0	0	False	NOT_ROBUST	PENDING
MA2654.1	GLYMA-05G127600	GCM domain factors	WRKY		nan	NOT_TESTABLE_NO_COMPLETE_ONE_TO_ONE_RBH	0	0	0	0	False	NOT_ROBUST	PENDING
MA2655.1	GLYMA-08G218600	GCM domain factors	WRKY		nan	NOT_TESTABLE_NO_COMPLETE_ONE_TO_ONE_RBH	0	0	0	0	False	NOT_ROBUST	PENDING
MA2656.1	GLYMA-14G006800	GCM domain factors	WRKY		nan	NOT_TESTABLE_NO_COMPLETE_ONE_TO_ONE_RBH	0	0	0	0	False	NOT_ROBUST	PENDING
MA2657.1	GLYMA-14G028900	GCM domain factors	WRKY		nan	NOT_TESTABLE_NO_COMPLETE_ONE_TO_ONE_RBH	0	0	0	0	False	NOT_ROBUST	PENDING
MA2658.1	GLYMA-19G094100	GCM domain factors	WRKY		nan	NOT_TESTABLE_NO_COMPLETE_ONE_TO_ONE_RBH	0	1	0	0	False	NOT_ROBUST	PENDING
MA2659.1	GLYMA-08G281200	Homeo domain factors	PLINC		nan	NOT_TESTABLE_NO_COMPLETE_ONE_TO_ONE_RBH	0	0	0	0	False	NOT_ROBUST	PENDING
MA2660.1	GLYMA-12G168700	Homeo domain factors	PLINC		nan	NOT_TESTABLE_NO_COMPLETE_ONE_TO_ONE_RBH	0	0	0	0	False	NOT_ROBUST	PENDING
MA2661.1	GLYMA-03G081700	Basic leucine zipper factors (bZIP)	bZIP		nan	NOT_TESTABLE_NO_COMPLETE_ONE_TO_ONE_RBH	0	1	0	0	False	NOT_ROBUST	PENDING
MA2662.1	GLYMA-13G153200	Basic leucine zipper factors (bZIP)	group A		nan	NOT_TESTABLE_NO_COMPLETE_ONE_TO_ONE_RBH	0	0	0	0	False	NOT_ROBUST	PENDING
MA2663.1	GLYMA-02G261700	AP2/EREBP			nan	NOT_TESTABLE_NO_COMPLETE_ONE_TO_ONE_RBH	0	0	0	0	False	NOT_ROBUST	PENDING
MA2664.1	GLYMA-03G162700	AP2/EREBP	ERF/DREB		nan	NOT_TESTABLE_NO_COMPLETE_ONE_TO_ONE_RBH	0	0	0	0	False	NOT_ROBUST	PENDING
MA2665.1	GLYMA-11G053600	AP2/EREBP	ERF/DREB		nan	NOT_TESTABLE_NO_COMPLETE_ONE_TO_ONE_RBH	0	0	0	0	False	NOT_ROBUST	PENDING
MA2666.1	GLYMA-12G117000	AP2/EREBP	ERF/DREB		nan	NOT_TESTABLE_NO_COMPLETE_ONE_TO_ONE_RBH	0	0	0	0	False	NOT_ROBUST	PENDING
MA2667.1	GLYMA-13G236500	AP2/EREBP	ERF/DREB		nan	NOT_TESTABLE_NO_COMPLETE_ONE_TO_ONE_RBH	0	0	0	0	False	NOT_ROBUST	PENDING
MA2668.1	GLYMA-20G155100	AP2/EREBP	ERF/DREB		nan	NOT_TESTABLE_NO_COMPLETE_ONE_TO_ONE_RBH	0	0	0	0	False	NOT_ROBUST	PENDING
MA2669.1	GLYMA-04G231400	Homeo domain factors	HD-ZIP		nan	NOT_TESTABLE_NO_COMPLETE_ONE_TO_ONE_RBH	0	0	0	0	False	NOT_ROBUST	PENDING
MA2670.1	GLYMA-15G168800	Homeo domain factors	HD-ZIP		nan	NOT_TESTABLE_NO_COMPLETE_ONE_TO_ONE_RBH	0	0	0	0	False	NOT_ROBUST	PENDING
MA2671.1	GLYMA-19G100900	B3	LAV		nan	NOT_TESTABLE_NO_COMPLETE_ONE_TO_ONE_RBH	0	0	0	0	False	NOT_ROBUST	PENDING
MA2672.1	GLYMA-01G233000	Heat shock factors	HSF		nan	NOT_TESTABLE_NO_COMPLETE_ONE_TO_ONE_RBH	0	2	0	0	False	NOT_ROBUST	PENDING
MA2673.1	GLYMA-15G086400	Heat shock factors	HSF		nan	NOT_TESTABLE_NO_COMPLETE_ONE_TO_ONE_RBH	0	0	0	0	False	NOT_ROBUST	PENDING
MA1811.3	GLYMA-13G317000	Basic leucine zipper factors (bZIP)	bZIP		nan	NOT_TESTABLE_NO_COMPLETE_ONE_TO_ONE_RBH	0	0	0	0	False	NOT_ROBUST	PENDING
MA1808.3	GLYMA-06G314400	Basic leucine zipper factors (bZIP)	group A		nan	NOT_TESTABLE_NO_COMPLETE_ONE_TO_ONE_RBH	0	0	0	0	False	NOT_ROBUST	PENDING
