2	data/reference/motifs/JASPAR2026_CORE_plants_non-redundant_pfms_meme.txt	MA2739.1	SlTCP12	GTGGGACCCAC	4.01e-4	1.00e-1	9.27e1	263	206	206	206	7	14	6.80	1	0.49
3	data/reference/motifs/JASPAR2026_CORE_plants_non-redundant_pfms_meme.txt	MA2081.1	PK20317.1	CKTTW	2.87e-4	1.12e-1	1.03e2	412	206	206	206	128	87	42.23	53	25.73
4	data/reference/motifs/JASPAR2026_CORE_plants_non-redundant_pfms_meme.txt	MA1287.2	TCP21	GTGGGMCCCAC	5.88e-4	1.14e-1	1.06e2	206	206	206	206	3	27	13.11	8	3.88
5	data/reference/motifs/JASPAR2026_CORE_plants_non-redundant_pfms_meme.txt	MA1660.2	NAC013	TTACTTGTTCYMCAAGTAA	1.80e-3	1.99e-1	1.85e2	123	206	206	206	3	16	7.77	3	1.46
6	data/reference/motifs/JASPAR2026_CORE_plants_non-redundant_pfms_meme.txt	MA1013.1	GATA10	TAGATCTG	8.73e-4	2.39e-1	2.22e2	313	206	206	206	12	10	4.85	0	0.00
7	data/reference/motifs/JASPAR2026_CORE_plants_non-redundant_pfms_meme.txt	MA1784.1	NAC011	GTTGCTTSWNHHDCAAGYAAC	5.76e-3	2.47e-1	2.29e2	49	206	206	206	2	12	5.83	2	0.97
8	data/reference/motifs/JASPAR2026_CORE_plants_non-redundant_pfms_meme.txt	MA1283.2	TCP14	ADAGVDBGTGGGDCCCAC	3.05e-2	3.10e-1	2.88e2	12	206	206	206	2	5	2.43	0	0.00
9	data/reference/motifs/JASPAR2026_CORE_plants_non-redundant_pfms_meme.txt	MA2360.1	PK28565.1	TAACBGTC	1.49e-3	4.58e-1	4.25e2	412	206	206	206	16	12	5.83	1	0.49
10	data/reference/motifs/JASPAR2026_CORE_plants_non-redundant_pfms_meme.txt	MA2387.1	NAC094	YGCCGTRNHNNHCACG	5.44e-3	4.65e-1	4.31e2	115	206	206	206	2	39	18.93	20	9.71
11	data/reference/motifs/JASPAR2026_CORE_plants_non-redundant_pfms_meme.txt	MA2038.2	NAC103	CAAGTTA	1.95e-3	5.53e-1	5.13e2	412	206	206	206	17	147	71.36	118	57.28
12	data/reference/motifs/JASPAR2026_CORE_plants_non-redundant_pfms_meme.txt	MA2740.1	SlTCP15	GTGGGACCCA	2.83e-3	6.31e-1	5.85e2	352	206	206	206	10	11	5.34	1	0.49
13	data/reference/motifs/JASPAR2026_CORE_plants_non-redundant_pfms_meme.txt	MA2045.2	NAC031	TTRCKTGTWNHACAAGTWA	6.36e-3	6.61e-1	6.13e2	170	206	206	206	2	57	27.67	35	16.99
14	data/reference/motifs/JASPAR2026_CORE_plants_non-redundant_pfms_meme.txt	MA0938.3	NAC058	TTACKTGTDNMACAAGWAA	1.02e-2	6.69e-1	6.20e2	108	206	206	206	3	11	5.34	2	0.97
15	data/reference/motifs/JASPAR2026_CORE_plants_non-redundant_pfms_meme.txt	MA2645.1	GLYMA-16G042900	GGTTGCKTSTTCHASAAGYWA	1.37e-2	6.81e-1	6.32e2	83	206	206	206	2	14	6.80	4	1.94
16	data/reference/motifs/JASPAR2026_CORE_plants_non-redundant_pfms_meme.txt	MA1065.3	TCP20	GTGGGWCCCAC	5.35e-3	6.90e-1	6.40e2	219	206	206	206	7	10	4.85	1	0.49
17	data/reference/motifs/JASPAR2026_CORE_plants_non-redundant_pfms_meme.txt	MA1062.3	TCP15	GTGGGWCCCAC	5.92e-3	7.05e-1	6.53e2	206	206	206	206	5	19	9.22	6	2.91
18	data/reference/motifs/JASPAR2026_CORE_plants_non-redundant_pfms_meme.txt	MA2650.1	GLYMA-05G027400	GTGGGCCCCAC	6.03e-3	7.06e-1	6.55e2	203	206	206	206	3	40	19.42	21	10.19
19	data/reference/motifs/JASPAR2026_CORE_plants_non-redundant_pfms_meme.txt	MA2498.1	LSH1	AAACAGTG	3.81e-3	7.92e-1	7.34e2	412	206	206	206	9	189	91.75	170	82.52
20	data/reference/motifs/JASPAR2026_CORE_plants_non-redundant_pfms_meme.txt	MA2472.1	AT3G12910	YGSCGTVRWDDHBACGK	1.83e-2	8.00e-1	7.41e2	87	206	206	206	2	15	7.28	5	2.43
21	data/reference/motifs/JASPAR2026_CORE_plants_non-redundant_pfms_meme.txt	MA2460.1	MGH6.1	YGSCGTVRWDDHBACGK	1.83e-2	8.00e-1	7.41e2	87	206	206	206	2	15	7.28	5	2.43
22	data/reference/motifs/JASPAR2026_CORE_plants_non-redundant_pfms_meme.txt	MA1785.2	NAC018	ACACGYAACY	4.31e-3	8.17e-1	7.57e2	394	206	206	206	9	18	8.74	5	2.43
23	data/reference/motifs/JASPAR2026_CORE_plants_non-redundant_pfms_meme.txt	MA1296.2	WRKY46	CGTTGACTTT	5.35e-3	8.30e-1	7.69e2	331	206	206	206	6	10	4.85	1	0.49
24	data/reference/motifs/JASPAR2026_CORE_plants_non-redundant_pfms_meme.txt	MA1734.1	AT1G19040	CTTGNDCYBCAAGTWW	1.60e-2	8.41e-1	7.79e2	115	206	206	206	3	12	5.83	3	1.46
25	data/reference/motifs/JASPAR2026_CORE_plants_non-redundant_pfms_meme.txt	MA1361.2	bHLH18	CRCGTKWWHCACGTG	9.45e-3	8.56e-1	7.93e2	205	206	206	206	4	13	6.31	3	1.46
26	data/reference/motifs/JASPAR2026_CORE_plants_non-redundant_pfms_meme.txt	MA1174.2	MYB56	ATAACGGWHW	4.73e-3	8.57e-1	7.95e2	411	206	206	206	6	132	64.08	105	50.97
27	data/reference/motifs/JASPAR2026_CORE_plants_non-redundant_pfms_meme.txt	MA1403.1	BPC5	AGAGAGAGAGAGAGAGAGAGAGAGAGAGAG	8.89e-2	8.58e-1	7.96e2	21	206	206	206	1	14	6.80	7	3.40
28	data/reference/motifs/JASPAR2026_CORE_plants_non-redundant_pfms_meme.txt	MA2759.1	ereb7	GCGGCGGCGGCGG	5.00e-1	8.75e-1	8.11e2	3	206	206	206	1	2	0.97	1	0.49
29	data/reference/motifs/JASPAR2026_CORE_plants_non-redundant_pfms_meme.txt	MA2058.1	PK03929.1	CTTTW	5.16e-3	8.81e-1	8.16e2	412	206	206	206	122	43	20.87	23	11.17
30	data/reference/motifs/JASPAR2026_CORE_plants_non-redundant_pfms_meme.txt	MA1177.2	MYB65	TAACCGHM	5.35e-3	8.90e-1	8.25e2	412	206	206	206	22	10	4.85	1	0.49
31	data/reference/motifs/JASPAR2026_CORE_plants_non-redundant_pfms_meme.txt	MA2070.1	PK15337.1	CTTT	5.51e-3	8.97e-1	8.31e2	412	206	206	206	336	14	6.80	3	1.46
32	data/reference/motifs/JASPAR2026_CORE_plants_non-redundant_pfms_meme.txt	MA2655.1	GLYMA-08G218600	AAAAGTCAA	6.61e-3	9.34e-1	8.66e2	412	206	206	206	13	106	51.46	80	38.83
33	data/reference/motifs/JASPAR2026_CORE_plants_non-redundant_pfms_meme.txt	MA1061.2	SPT	CCACGTG	6.66e-3	9.34e-1	8.66e2	409	206	206	206	16	46	22.33	26	12.62
34	data/reference/motifs/JASPAR2026_CORE_plants_non-redundant_pfms_meme.txt	MA2741.1	SlWRKY7	AAAAAGTCAACC	7.30e-3	9.40e-1	8.71e2	385	206	206	206	4	77	37.38	53	25.73
35	data/reference/motifs/JASPAR2026_CORE_plants_non-redundant_pfms_meme.txt	MA2085.1	PK23763.1	CTTTW	7.18e-3	9.48e-1	8.79e2	412	206	206	206	110	47	22.82	27	13.11
36	data/reference/motifs/JASPAR2026_CORE_plants_non-redundant_pfms_meme.txt	MA2653.1	GLYMA-03G042700	GTTTGACTTT	7.39e-3	9.52e-1	8.83e2	412	206	206	206	9	91	44.17	66	32.04
37	data/reference/motifs/JASPAR2026_CORE_plants_non-redundant_pfms_meme.txt	MA2062.1	PK07031.1	CTTT	7.42e-3	9.53e-1	8.83e2	412	206	206	206	247	206	100.00	199	96.60
38	data/reference/motifs/JASPAR2026_CORE_plants_non-redundant_pfms_meme.txt	MA2033.2	NAC038	TTDCKTGTDNHACAAGTWA	3.05e-2	9.54e-1	8.84e2	101	206	206	206	2	35	16.99	21	10.19
39	data/reference/motifs/JASPAR2026_CORE_plants_non-redundant_pfms_meme.txt	MA1011.2	PHYPADRAFT_72483	CACGTG	7.71e-3	9.58e-1	8.88e2	412	206	206	206	52	48	23.30	28	13.59
40	data/reference/motifs/JASPAR2026_CORE_plants_non-redundant_pfms_meme.txt	MA0053.1	MNB1A	AAAGC	8.17e-3	9.66e-1	8.95e2	412	206	206	206	19	172	83.50	151	73.30
41	data/reference/motifs/JASPAR2026_CORE_plants_non-redundant_pfms_meme.txt	MA2743.1	SlWRKY23	AAAGTCAAM	8.30e-3	9.67e-1	8.96e2	411	206	206	206	3	202	98.06	191	92.72
42	data/reference/motifs/JASPAR2026_CORE_plants_non-redundant_pfms_meme.txt	MA2744.1	SlWRKY40	AAAGTCAA	8.40e-3	9.69e-1	8.98e2	412	206	206	206	12	130	63.11	105	50.97
43	data/reference/motifs/JASPAR2026_CORE_plants_non-redundant_pfms_meme.txt	MA2724.1	SlTCP18	GTGGGVCCCAC	1.37e-2	9.72e-1	9.01e2	260	206	206	206	7	14	6.80	4	1.94
44	data/reference/motifs/JASPAR2026_CORE_plants_non-redundant_pfms_meme.txt	MA2342.1	URI	CACGTG	9.08e-3	9.75e-1	9.04e2	406	206	206	206	22	31	15.05	15	7.28
45	data/reference/motifs/JASPAR2026_CORE_plants_non-redundant_pfms_meme.txt	MA2407.1	PK24978.1	CACGTGT	9.96e-3	9.84e-1	9.12e2	412	206	206	206	40	59	28.64	38	18.45
46	data/reference/motifs/JASPAR2026_CORE_plants_non-redundant_pfms_meme.txt	MA0034.2	Gam1	YAACCGMC	1.00e-2	9.84e-1	9.12e2	412	206	206	206	30	9	4.37	1	0.49
47	data/reference/motifs/JASPAR2026_CORE_plants_non-redundant_pfms_meme.txt	MA0941.2	ABF2	ACACGTG	1.02e-2	9.85e-1	9.13e2	412	206	206	206	25	11	5.34	2	0.97
48	data/reference/motifs/JASPAR2026_CORE_plants_non-redundant_pfms_meme.txt	MA2006.2	NAC020	GGTTGCKTGTDNMACAAGTAA	5.85e-2	9.86e-1	9.14e2	71	206	206	206	1	42	20.39	29	14.08
49	data/reference/motifs/JASPAR2026_CORE_plants_non-redundant_pfms_meme.txt	MA2376.1	CAMTA5	CGYGTNDDAWVCGYGT	1.26e-2	9.86e-1	9.14e2	341	206	206	206	4	65	31.55	44	21.36
50	data/reference/motifs/JASPAR2026_CORE_plants_non-redundant_pfms_meme.txt	MA2035.2	NAC075	GWAGCTTGTNNNACAAGCTW	3.11e-2	9.88e-1	9.16e2	143	206	206	206	1	81	39.32	62	30.10
51	data/reference/motifs/JASPAR2026_CORE_plants_non-redundant_pfms_meme.txt	MA2500.1	LSH3	TTACTGTTCAT	1.11e-2	9.90e-1	9.17e2	411	206	206	206	7	128	62.14	104	50.49
52	data/reference/motifs/JASPAR2026_CORE_plants_non-redundant_pfms_meme.txt	MA2640.1	GLYMA-19G062000	GTAACAGTTAC	1.16e-2	9.90e-1	9.18e2	397	206	206	206	2	192	93.20	177	85.92
53	data/reference/motifs/JASPAR2026_CORE_plants_non-redundant_pfms_meme.txt	MA1191.2	RVE7L	AAAATATCT	1.22e-2	9.90e-1	9.18e2	378	206	206	206	4	87	42.23	64	31.07
54	data/reference/motifs/JASPAR2026_CORE_plants_non-redundant_pfms_meme.txt	MA2073.1	PK16340.1	CKTT	1.13e-2	9.91e-1	9.18e2	412	206	206	206	187	62	30.10	41	19.90
55	data/reference/motifs/JASPAR2026_CORE_plants_non-redundant_pfms_meme.txt	MA1799.2	SPL10	GTACGR	1.16e-2	9.91e-1	9.19e2	411	206	206	206	11	110	53.40	86	41.75
56	data/reference/motifs/JASPAR2026_CORE_plants_non-redundant_pfms_meme.txt	MA1326.2	ZHD5	GTRATTAR	1.16e-2	9.92e-1	9.19e2	412	206	206	206	18	55	26.70	35	16.99
57	data/reference/motifs/JASPAR2026_CORE_plants_non-redundant_pfms_meme.txt	MA2501.1	G1	TTACTGTA	1.19e-2	9.93e-1	9.20e2	412	206	206	206	11	185	89.81	168	81.55
58	data/reference/motifs/JASPAR2026_CORE_plants_non-redundant_pfms_meme.txt	MA0966.2	BIM3	CACGTG	1.19e-2	9.93e-1	9.20e2	412	206	206	206	36	49	23.79	30	14.56
59	data/reference/motifs/JASPAR2026_CORE_plants_non-redundant_pfms_meme.txt	MA1291.1	TCP7	GTGGGRCCCAC	3.05e-2	9.93e-1	9.20e2	162	206	206	206	4	5	2.43	0	0.00
60	data/reference/motifs/JASPAR2026_CORE_plants_non-redundant_pfms_meme.txt	MA2610.1	ereb97	CGCCGCCGCC	1.96e-1	9.93e-1	9.21e2	23	206	206	206	1	14	6.80	9	4.37
61	data/reference/motifs/JASPAR2026_CORE_plants_non-redundant_pfms_meme.txt	MA1832.2	Zm00001d002364	CGCCGCCGCC	1.96e-1	9.93e-1	9.21e2	23	206	206	206	1	14	6.80	9	4.37
62	data/reference/motifs/JASPAR2026_CORE_plants_non-redundant_pfms_meme.txt	MA1818.1	Zm00001d052229	CGCCGCCGCC	1.96e-1	9.93e-1	9.21e2	23	206	206	206	1	14	6.80	9	4.37
63	data/reference/motifs/JASPAR2026_CORE_plants_non-redundant_pfms_meme.txt	MA2622.1	hb34	CAATAATTG	1.33e-2	9.96e-1	9.23e2	412	206	206	206	22	93	45.15	70	33.98
64	data/reference/motifs/JASPAR2026_CORE_plants_non-redundant_pfms_meme.txt	MA1184.2	RVE1	WAAATATCT	1.41e-2	9.97e-1	9.24e2	402	206	206	206	5	130	63.11	107	51.94
65	data/reference/motifs/JASPAR2026_CORE_plants_non-redundant_pfms_meme.txt	MA0964.3	BIM1	TCACGTGA	1.87e-2	9.97e-1	9.24e2	308	206	206	206	8	25	12.14	12	5.83
66	data/reference/motifs/JASPAR2026_CORE_plants_non-redundant_pfms_meme.txt	MA0989.2	PHYPADRAFT_153324	WAAAG	1.40e-2	9.97e-1	9.24e2	412	206	206	206	204	52	25.24	33	16.02
67	data/reference/motifs/JASPAR2026_CORE_plants_non-redundant_pfms_meme.txt	MA2383.1	e_gw1.392.16.1	CTTTW	1.40e-2	9.97e-1	9.24e2	412	206	206	206	204	52	25.24	33	16.02
68	data/reference/motifs/JASPAR2026_CORE_plants_non-redundant_pfms_meme.txt	MA2075.1	PK18009.1	ACACGTG	1.40e-2	9.97e-1	9.24e2	412	206	206	206	17	52	25.24	33	16.02
69	data/reference/motifs/JASPAR2026_CORE_plants_non-redundant_pfms_meme.txt	MA1791.1	NAC087	TTDCTTGTNNNACACGYWA	6.19e-2	9.97e-1	9.24e2	92	206	206	206	1	53	25.73	39	18.93
70	data/reference/motifs/JASPAR2026_CORE_plants_non-redundant_pfms_meme.txt	MA1391.3	MYB33	ATAACCGTAW	1.46e-2	9.98e-1	9.25e2	411	206	206	206	6	104	50.49	81	39.32
71	data/reference/motifs/JASPAR2026_CORE_plants_non-redundant_pfms_meme.txt	MA1767.2	MYB23	CAACWA	1.49e-2	9.98e-1	9.25e2	411	206	206	206	10	120	58.25	97	47.09
72	data/reference/motifs/JASPAR2026_CORE_plants_non-redundant_pfms_meme.txt	MA1189.2	AT5G61620	WWWTGGATAAGRWW	1.51e-2	9.98e-1	9.25e2	410	206	206	206	15	6	2.91	0	0.00
73	data/reference/motifs/JASPAR2026_CORE_plants_non-redundant_pfms_meme.txt	MA2043.2	NAC004	CAAGAAA	1.50e-2	9.98e-1	9.25e2	412	206	206	206	16	114	55.34	91	44.17
74	data/reference/motifs/JASPAR2026_CORE_plants_non-redundant_pfms_meme.txt	MA1058.2	SPL4	GTACG	1.51e-2	9.98e-1	9.25e2	412	206	206	206	111	6	2.91	0	0.00
75	data/reference/motifs/JASPAR2026_CORE_plants_non-redundant_pfms_meme.txt	MA0563.2	SEP3	CYWTTTTTGG	1.51e-2	9.98e-1	9.25e2	412	206	206	206	7	206	100.00	200	97.09
76	data/reference/motifs/JASPAR2026_CORE_plants_non-redundant_pfms_meme.txt	MA2657.1	GLYMA-14G028900	AAAAGTCAAA	1.59e-2	9.99e-1	9.26e2	409	206	206	206	8	87	42.23	65	31.55
77	data/reference/motifs/JASPAR2026_CORE_plants_non-redundant_pfms_meme.txt	MA2421.1	SBP8	ARGTACAA	1.60e-2	9.99e-1	9.26e2	412	206	206	206	16	12	5.83	3	1.46
78	data/reference/motifs/JASPAR2026_CORE_plants_non-redundant_pfms_meme.txt	MA1792.1	NAC098	CKTGTNNHACACGTHA	3.43e-2	9.99e-1	9.26e2	193	206	206	206	2	51	24.76	35	16.99
79	data/reference/motifs/JASPAR2026_CORE_plants_non-redundant_pfms_meme.txt	MA2069.1	PK10955.1	CTTTW	1.69e-2	9.99e-1	9.26e2	412	206	206	206	55	49	23.79	31	15.05
80	data/reference/motifs/JASPAR2026_CORE_plants_non-redundant_pfms_meme.txt	MA0974.3	CDF3	AAAAAGTG	1.71e-2	9.99e-1	9.26e2	412	206	206	206	11	180	87.38	163	79.13
81	data/reference/motifs/JASPAR2026_CORE_plants_non-redundant_pfms_meme.txt	MA1285.2	TCP9	GTGGGTCCCAC	6.09e-2	9.99e-1	9.26e2	116	206	206	206	4	6	2.91	1	0.49
82	data/reference/motifs/JASPAR2026_CORE_plants_non-redundant_pfms_meme.txt	MA2422.1	OsbZIP42	TGMCACGTCA	1.79e-2	9.99e-1	9.26e2	400	206	206	206	1	204	99.03	196	95.15
83	data/reference/motifs/JASPAR2026_CORE_plants_non-redundant_pfms_meme.txt	MA2473.1	HB88	TTGATTG	1.77e-2	9.99e-1	9.26e2	412	206	206	206	39	96	46.60	74	35.92
84	data/reference/motifs/JASPAR2026_CORE_plants_non-redundant_pfms_meme.txt	MA1807.2	ZHD10	TAATTART	1.79e-2	9.99e-1	9.26e2	408	206	206	206	2	204	99.03	196	95.15
85	data/reference/motifs/JASPAR2026_CORE_plants_non-redundant_pfms_meme.txt	MA2080.1	PK20225.1	CACGTG	1.79e-2	9.99e-1	9.26e2	412	206	206	206	46	10	4.85	2	0.97
86	data/reference/motifs/JASPAR2026_CORE_plants_non-redundant_pfms_meme.txt	MA0988.2	PHYPADRAFT_143875	CACGTG	1.82e-2	9.99e-1	9.26e2	409	206	206	206	22	44	21.36	27	13.11
87	data/reference/motifs/JASPAR2026_CORE_plants_non-redundant_pfms_meme.txt	MA0940.1	AP1	MYAAAAAWRGAAA	1.81e-2	9.99e-1	9.26e2	412	206	206	206	21	167	81.07	148	71.84
88	data/reference/motifs/JASPAR2026_CORE_plants_non-redundant_pfms_meme.txt	MA2009.2	NAC010	TAACTTGTDNHACAAGTTACC	8.72e-2	9.99e-1	9.26e2	82	206	206	206	1	47	22.82	35	16.99
89	data/reference/motifs/JASPAR2026_CORE_plants_non-redundant_pfms_meme.txt	MA2471.1	SPCH	CACGTG	1.87e-2	9.99e-1	9.26e2	401	206	206	206	8	124	60.19	102	49.51
90	data/reference/motifs/JASPAR2026_CORE_plants_non-redundant_pfms_meme.txt	MA0973.2	CDF2	AAAAAGY	1.83e-2	9.99e-1	9.27e2	412	206	206	206	64	15	7.28	5	2.43
91	data/reference/motifs/JASPAR2026_CORE_plants_non-redundant_pfms_meme.txt	MA2373.1	AZF2	ASTG	1.83e-2	9.99e-1	9.27e2	412	206	206	206	147	201	97.57	191	92.72
92	data/reference/motifs/JASPAR2026_CORE_plants_non-redundant_pfms_meme.txt	MA0937.1	NAC055	ACACGTAA	1.85e-2	1.00e0	9.27e2	411	206	206	206	19	8	3.88	1	0.49
93	data/reference/motifs/JASPAR2026_CORE_plants_non-redundant_pfms_meme.txt	MA1750.1	E2FE	TTTTTGGCGGGAAAA	5.00e-1	1.00e0	9.27e2	11	206	206	206	1	6	2.91	5	2.43
94	data/reference/motifs/JASPAR2026_CORE_plants_non-redundant_pfms_meme.txt	MA1732.1	E2FD	TTTTTGGCGGGAAAA	5.00e-1	1.00e0	9.27e2	11	206	206	206	1	6	2.91	5	2.43
95	data/reference/motifs/JASPAR2026_CORE_plants_non-redundant_pfms_meme.txt	MA0054.1	myb.Ph3	TAACBGTTW	1.85e-2	1.00e0	9.27e2	412	206	206	206	45	8	3.88	1	0.49
96	data/reference/motifs/JASPAR2026_CORE_plants_non-redundant_pfms_meme.txt	MA1175.2	MYB81	TAACHGWWT	1.85e-2	1.00e0	9.27e2	412	206	206	206	23	8	3.88	1	0.49
97	data/reference/motifs/JASPAR2026_CORE_plants_non-redundant_pfms_meme.txt	MA0556.2	AP3	CCAAAARWRGAAA	1.85e-2	1.00e0	9.27e2	412	206	206	206	6	126	61.17	104	50.49
98	data/reference/motifs/JASPAR2026_CORE_plants_non-redundant_pfms_meme.txt	MA1766.2	MYB17	YYCACCTACCW	1.92e-2	1.00e0	9.27e2	399	206	206	206	7	45	21.84	28	13.59
99	data/reference/motifs/JASPAR2026_CORE_plants_non-redundant_pfms_meme.txt	MA1394.3	MYB73	AACGGTCA	1.90e-2	1.00e0	9.27e2	410	206	206	206	6	107	51.94	85	41.26
100	data/reference/motifs/JASPAR2026_CORE_plants_non-redundant_pfms_meme.txt	MA1282.2	TCP13	GTGGGGACCAC	6.49e-2	1.00e0	9.27e2	121	206	206	206	1	68	33.01	53	25.73
101	data/reference/motifs/JASPAR2026_CORE_plants_non-redundant_pfms_meme.txt	MA0956.2	BEE2	CACGTG	1.91e-2	1.00e0	9.27e2	412	206	206	206	50	39	18.93	23	11.17
102	data/reference/motifs/JASPAR2026_CORE_plants_non-redundant_pfms_meme.txt	MA0972.1	CCA1	AAATATCT	1.91e-2	1.00e0	9.27e2	412	206	206	206	10	109	52.91	87	42.23
103	data/reference/motifs/JASPAR2026_CORE_plants_non-redundant_pfms_meme.txt	MA1360.3	bHLH74	CACGTG	2.32e-2	1.00e0	9.27e2	341	206	206	206	9	16	7.77	6	2.91
104	data/reference/motifs/JASPAR2026_CORE_plants_non-redundant_pfms_meme.txt	MA0571.2	ANT	GCACRRWTCCCVAKGY	1.30e-1	1.00e0	9.27e2	57	206	206	206	2	9	4.37	4	1.94
105	data/reference/motifs/JASPAR2026_CORE_plants_non-redundant_pfms_meme.txt	MA1284.2	TCP1	GTGGGCCCCAC	6.16e-2	1.00e0	9.27e2	131	206	206	206	5	4	1.94	0	0.00
106	data/reference/motifs/JASPAR2026_CORE_plants_non-redundant_pfms_meme.txt	MA1821.2	Zm00001d020595	GGCGGCGGCG	4.00e-1	1.00e0	9.27e2	16	206	206	206	1	9	4.37	7	3.40
107	data/reference/motifs/JASPAR2026_CORE_plants_non-redundant_pfms_meme.txt	MA1325.2	GATA14	TAGATCTR	2.08e-2	1.00e0	9.27e2	399	206	206	206	8	62	30.10	43	20.87
108	data/reference/motifs/JASPAR2026_CORE_plants_non-redundant_pfms_meme.txt	MA0573.2	ATHB-9	GTAATGATTRCDYBS	1.97e-1	1.00e0	9.27e2	38	206	206	206	1	22	10.68	16	7.77
109	data/reference/motifs/JASPAR2026_CORE_plants_non-redundant_pfms_meme.txt	MA0577.4	SPL3	TGTACGGA	2.22e-2	1.00e0	9.27e2	376	206	206	206	8	13	6.31	4	1.94
110	data/reference/motifs/JASPAR2026_CORE_plants_non-redundant_pfms_meme.txt	MA1352.1	TRP1	ACCCTAAACCCTAAACCCTAA	8.14e-1	1.00e0	9.27e2	5	206	206	206	1	2	0.97	3	1.46
111	data/reference/motifs/JASPAR2026_CORE_plants_non-redundant_pfms_meme.txt	MA1690.2	ARF25	ARMGGGRGACAM	2.56e-2	1.00e0	9.27e2	340	206	206	206	1	178	86.41	162	78.64
112	data/reference/motifs/JASPAR2026_CORE_plants_non-redundant_pfms_meme.txt	MA0562.1	PIF5	TCACGTGS	5.31e-2	1.00e0	9.27e2	164	206	206	206	2	27	13.11	16	7.77
113	data/reference/motifs/JASPAR2026_CORE_plants_non-redundant_pfms_meme.txt	MA1014.1	GATA11	TAGATCTG	3.59e-2	1.00e0	9.27e2	243	206	206	206	4	32	15.53	19	9.22
114	data/reference/motifs/JASPAR2026_CORE_plants_non-redundant_pfms_meme.txt	MA2615.1	ereb109	CGCCGCC	2.34e-1	1.00e0	9.27e2	33	206	206	206	1	19	9.22	14	6.80
115	data/reference/motifs/JASPAR2026_CORE_plants_non-redundant_pfms_meme.txt	MA1402.1	BPC6	CTCTCTCTCTCTCTCTCTCTC	1.14e-1	1.00e0	9.27e2	74	206	206	206	9	12	5.83	6	2.91
116	data/reference/motifs/JASPAR2026_CORE_plants_non-redundant_pfms_meme.txt	MA0568.2	MYC3	CACGTG	2.20e-2	1.00e0	9.27e2	410	206	206	206	10	169	82.04	151	73.30
117	data/reference/motifs/JASPAR2026_CORE_plants_non-redundant_pfms_meme.txt	MA2611.1	ereb209	GCGCCGC	5.00e-1	1.00e0	9.27e2	13	206	206	206	1	7	3.40	6	2.91
118	data/reference/motifs/JASPAR2026_CORE_plants_non-redundant_pfms_meme.txt	MA0110.4	ATHB-5	CAATCATT	2.20e-2	1.00e0	9.27e2	412	206	206	206	27	169	82.04	151	73.30
119	data/reference/motifs/JASPAR2026_CORE_plants_non-redundant_pfms_meme.txt	MA0987.2	PHYPADRAFT_140773	AAAG	2.23e-2	1.00e0	9.27e2	412	206	206	206	154	76	36.89	56	27.18
120	data/reference/motifs/JASPAR2026_CORE_plants_non-redundant_pfms_meme.txt	MA2381.1	e_gw1.170.52.1	CTTT	2.23e-2	1.00e0	9.27e2	412	206	206	206	154	76	36.89	56	27.18
121	data/reference/motifs/JASPAR2026_CORE_plants_non-redundant_pfms_meme.txt	MA1830.2	Zm00001d015407	AAGGAATATTCTTTTT	2.47e-2	1.00e0	9.27e2	384	206	206	206	3	144	69.90	124	60.19
122	data/reference/motifs/JASPAR2026_CORE_plants_non-redundant_pfms_meme.txt	MA1741.1	BRN2	CTTGWWHYDYACGYWA	2.94e-2	1.00e0	9.27e2	325	206	206	206	4	47	22.82	31	15.05
123	data/reference/motifs/JASPAR2026_CORE_plants_non-redundant_pfms_meme.txt	MA1090.2	WRKY60	GGTCAAC	2.39e-2	1.00e0	9.27e2	404	206	206	206	3	158	76.70	139	67.48
124	data/reference/motifs/JASPAR2026_CORE_plants_non-redundant_pfms_meme.txt	MA2361.1	PRUPE_ppa000682mg	GTACGG	2.36e-2	1.00e0	9.27e2	412	206	206	206	44	102	49.51	81	39.32
125	data/reference/motifs/JASPAR2026_CORE_plants_non-redundant_pfms_meme.txt	MA2651.1	GLYMA-20G154400	GGGCCCCAC	2.85e-2	1.00e0	9.27e2	342	206	206	206	6	34	16.50	20	9.71
126	data/reference/motifs/JASPAR2026_CORE_plants_non-redundant_pfms_meme.txt	MA1794.2	NLP7	TGVCYYTT	2.43e-2	1.00e0	9.27e2	412	206	206	206	13	145	70.39	125	60.68
127	data/reference/motifs/JASPAR2026_CORE_plants_non-redundant_pfms_meme.txt	MA0560.2	PIF3	CCACGTG	3.65e-2	1.00e0	9.27e2	276	206	206	206	2	98	47.57	79	38.35
128	data/reference/motifs/JASPAR2026_CORE_plants_non-redundant_pfms_meme.txt	MA2393.1	PHYPA_008731	CACGTGC	3.65e-2	1.00e0	9.27e2	276	206	206	206	2	98	47.57	79	38.35
129	data/reference/motifs/JASPAR2026_CORE_plants_non-redundant_pfms_meme.txt	MA1179.2	MYB1	ACSGTTA	2.61e-2	1.00e0	9.27e2	393	206	206	206	7	28	13.59	15	7.28
130	data/reference/motifs/JASPAR2026_CORE_plants_non-redundant_pfms_meme.txt	MA1169.1	MYB105	WTHDWWACCGTTA	3.24e-2	1.00e0	9.27e2	323	206	206	206	4	36	17.48	22	10.68
131	data/reference/motifs/JASPAR2026_CORE_plants_non-redundant_pfms_meme.txt	MA2084.1	PK23009.1	CTTTW	2.55e-2	1.00e0	9.27e2	412	206	206	206	132	172	83.50	155	75.24
132	data/reference/motifs/JASPAR2026_CORE_plants_non-redundant_pfms_meme.txt	MA1321.2	SPL13A	TGTACGGA	3.05e-2	1.00e0	9.27e2	347	206	206	206	9	5	2.43	0	0.00
133	data/reference/motifs/JASPAR2026_CORE_plants_non-redundant_pfms_meme.txt	MA0021.1	Dof3	AAAGYV	2.57e-2	1.00e0	9.27e2	412	206	206	206	16	38	18.45	23	11.17
134	data/reference/motifs/JASPAR2026_CORE_plants_non-redundant_pfms_meme.txt	MA2078.1	PK19363.1	CGCCGCCR	2.94e-2	1.00e0	9.27e2	370	206	206	206	8	47	22.82	31	15.05
135	data/reference/motifs/JASPAR2026_CORE_plants_non-redundant_pfms_meme.txt	MA2036.2	NAC076	CAAGCAA	2.65e-2	1.00e0	9.27e2	412	206	206	206	12	187	90.78	173	83.98
136	data/reference/motifs/JASPAR2026_CORE_plants_non-redundant_pfms_meme.txt	MA1673.2	LBD18	GCCGGAAA	2.69e-2	1.00e0	9.27e2	408	206	206	206	13	45	21.84	29	14.08
137	data/reference/motifs/JASPAR2026_CORE_plants_non-redundant_pfms_meme.txt	MA2347.1	OS04G0486400	TAACC	2.67e-2	1.00e0	9.27e2	412	206	206	206	106	88	42.72	68	33.01
138	data/reference/motifs/JASPAR2026_CORE_plants_non-redundant_pfms_meme.txt	MA2366.1	VOZ2	GCGT	2.68e-2	1.00e0	9.27e2	412	206	206	206	62	61	29.61	43	20.87
139	data/reference/motifs/JASPAR2026_CORE_plants_non-redundant_pfms_meme.txt	MA1313.2	WRKY7	CGTTGACTTTT	5.25e-2	1.00e0	9.27e2	212	206	206	206	4	8	3.88	2	0.97
140	data/reference/motifs/JASPAR2026_CORE_plants_non-redundant_pfms_meme.txt	MA0569.2	MYC4	CACGTGC	3.04e-2	1.00e0	9.27e2	375	206	206	206	4	117	56.80	97	47.09
141	data/reference/motifs/JASPAR2026_CORE_plants_non-redundant_pfms_meme.txt	MA1230.2	ERF037	YCACCGACA	6.67e-2	1.00e0	9.27e2	172	206	206	206	2	25	12.14	15	7.28
142	data/reference/motifs/JASPAR2026_CORE_plants_non-redundant_pfms_meme.txt	MA1404.1	BPC1	GAGAGAGAGAGAGAGAGAGAGAGA	1.38e-1	1.00e0	9.27e2	78	206	206	206	8	20	9.71	13	6.31
143	data/reference/motifs/JASPAR2026_CORE_plants_non-redundant_pfms_meme.txt	MA1210.3	HAT22	CAATAATTG	2.83e-2	1.00e0	9.27e2	412	206	206	206	13	161	78.16	143	69.42
144	data/reference/motifs/JASPAR2026_CORE_plants_non-redundant_pfms_meme.txt	MA0983.2	DOF5.6	AAMG	2.83e-2	1.00e0	9.27e2	412	206	206	206	73	150	72.82	131	63.59
145	data/reference/motifs/JASPAR2026_CORE_plants_non-redundant_pfms_meme.txt	MA2010.2	SMB	CAAGCAA	2.85e-2	1.00e0	9.27e2	412	206	206	206	13	190	92.23	177	85.92
146	data/reference/motifs/JASPAR2026_CORE_plants_non-redundant_pfms_meme.txt	MA1183.2	RVE6	AGATATTTT	3.03e-2	1.00e0	9.27e2	389	206	206	206	4	107	51.94	87	42.23
147	data/reference/motifs/JASPAR2026_CORE_plants_non-redundant_pfms_meme.txt	MA2388.1	GATA1	AGATCTRRWT	3.05e-2	1.00e0	9.27e2	388	206	206	206	14	5	2.43	0	0.00
148	data/reference/motifs/JASPAR2026_CORE_plants_non-redundant_pfms_meme.txt	MA1241.2	ERF043	CCACCGACA	1.14e-1	1.00e0	9.27e2	106	206	206	206	2	12	5.83	6	2.91
149	data/reference/motifs/JASPAR2026_CORE_plants_non-redundant_pfms_meme.txt	MA1410.2	StBRC1	GGGSCCM	3.05e-2	1.00e0	9.27e2	402	206	206	206	4	185	89.81	171	83.01
150	data/reference/motifs/JASPAR2026_CORE_plants_non-redundant_pfms_meme.txt	MA2364.1	VIT_15s0048g01150	GGGCCCAC	3.10e-2	1.00e0	9.27e2	401	206	206	206	15	9	4.37	2	0.97
151	data/reference/motifs/JASPAR2026_CORE_plants_non-redundant_pfms_meme.txt	MA1060.2	SPL7	CGTACG	3.05e-2	1.00e0	9.27e2	412	206	206	206	39	5	2.43	0	0.00
152	data/reference/motifs/JASPAR2026_CORE_plants_non-redundant_pfms_meme.txt	MA1359.3	BPE	CACGTG	3.80e-2	1.00e0	9.27e2	333	206	206	206	4	115	55.83	96	46.60
153	data/reference/motifs/JASPAR2026_CORE_plants_non-redundant_pfms_meme.txt	MA1788.1	NAC054	CTTGTNNHACACGYHAYCT	1.23e-1	1.00e0	9.27e2	97	206	206	206	1	54	26.21	43	20.87
154	data/reference/motifs/JASPAR2026_CORE_plants_non-redundant_pfms_meme.txt	MA1098.1	ARALYDRAFT_484486	GGSCCCAC	4.36e-2	1.00e0	9.27e2	296	206	206	206	5	10	4.85	3	1.46
155	data/reference/motifs/JASPAR2026_CORE_plants_non-redundant_pfms_meme.txt	MA1095.1	ARALYDRAFT_495258	GGSCCCAC	4.36e-2	1.00e0	9.27e2	296	206	206	206	5	10	4.85	3	1.46
156	data/reference/motifs/JASPAR2026_CORE_plants_non-redundant_pfms_meme.txt	MA1400.2	AT1G19000	WWWTGGATAAGRW	3.38e-2	1.00e0	9.27e2	392	206	206	206	9	7	3.40	1	0.49
157	data/reference/motifs/JASPAR2026_CORE_plants_non-redundant_pfms_meme.txt	MA2091.1	PK27109.1	GACAGCTG	3.41e-2	1.00e0	9.27e2	392	206	206	206	11	22	10.68	11	5.34
158	data/reference/motifs/JASPAR2026_CORE_plants_non-redundant_pfms_meme.txt	MA2056.1	PK01144.1	CTTT	3.24e-2	1.00e0	9.27e2	412	206	206	206	209	184	89.32	170	82.52
159	data/reference/motifs/JASPAR2026_CORE_plants_non-redundant_pfms_meme.txt	MA1777.2	MYB74	YYYACCTAMCW	3.38e-2	1.00e0	9.27e2	396	206	206	206	9	7	3.40	1	0.49
160	data/reference/motifs/JASPAR2026_CORE_plants_non-redundant_pfms_meme.txt	MA2736.1	la3	AACACGTG	3.38e-2	1.00e0	9.27e2	399	206	206	206	16	7	3.40	1	0.49
161	data/reference/motifs/JASPAR2026_CORE_plants_non-redundant_pfms_meme.txt	MA2391.1	Lg3	TGACRKC	3.30e-2	1.00e0	9.27e2	412	206	206	206	18	26	12.62	14	6.80
162	data/reference/motifs/JASPAR2026_CORE_plants_non-redundant_pfms_meme.txt	MA0121.2	ARR10	AGATHYK	3.32e-2	1.00e0	9.27e2	412	206	206	206	8	198	96.12	188	91.26
163	data/reference/motifs/JASPAR2026_CORE_plants_non-redundant_pfms_meme.txt	MA0998.2	ERF096	GCCGCC	3.43e-2	1.00e0	9.27e2	410	206	206	206	22	51	24.76	35	16.99
164	data/reference/motifs/JASPAR2026_CORE_plants_non-redundant_pfms_meme.txt	MA1676.3	NAC062	TAAGTAA	3.42e-2	1.00e0	9.27e2	412	206	206	206	28	89	43.20	70	33.98
165	data/reference/motifs/JASPAR2026_CORE_plants_non-redundant_pfms_meme.txt	MA2027.2	MYB44	HAACGGTCA	3.56e-2	1.00e0	9.27e2	397	206	206	206	10	12	5.83	4	1.94
166	data/reference/motifs/JASPAR2026_CORE_plants_non-redundant_pfms_meme.txt	MA1300.2	WRKY6	CGTTGACT	4.74e-2	1.00e0	9.27e2	300	206	206	206	3	44	21.36	30	14.56
167	data/reference/motifs/JASPAR2026_CORE_plants_non-redundant_pfms_meme.txt	MA1159.2	SGR5	AAAWAAGACAAAA	3.48e-2	1.00e0	9.27e2	409	206	206	206	4	134	65.05	115	55.83
168	data/reference/motifs/JASPAR2026_CORE_plants_non-redundant_pfms_meme.txt	MA1401.2	RVE7	AAAATATCT	4.74e-2	1.00e0	9.27e2	304	206	206	206	3	44	21.36	30	14.56
169	data/reference/motifs/JASPAR2026_CORE_plants_non-redundant_pfms_meme.txt	MA1208.2	GT-2	WTTTTTACCGY	3.54e-2	1.00e0	9.27e2	412	206	206	206	6	200	97.09	191	92.72
170	data/reference/motifs/JASPAR2026_CORE_plants_non-redundant_pfms_meme.txt	MA1814.2	RIN	CTATTTTTGG	3.54e-2	1.00e0	9.27e2	412	206	206	206	27	15	7.28	6	2.91
171	data/reference/motifs/JASPAR2026_CORE_plants_non-redundant_pfms_meme.txt	MA1351.3	GBF3	ACGTGGCA	3.56e-2	1.00e0	9.27e2	411	206	206	206	20	12	5.83	4	1.94
172	data/reference/motifs/JASPAR2026_CORE_plants_non-redundant_pfms_meme.txt	MA1256.2	RAP2-12	DRYGGCGGCGG	8.10e-2	1.00e0	9.27e2	184	206	206	206	2	44	21.36	32	15.53
173	data/reference/motifs/JASPAR2026_CORE_plants_non-redundant_pfms_meme.txt	MA1039.1	MYB4	GGTWGGTR	3.63e-2	1.00e0	9.27e2	412	206	206	206	21	38	18.45	24	11.65
174	data/reference/motifs/JASPAR2026_CORE_plants_non-redundant_pfms_meme.txt	MA1018.2	GATA9	AGATCT	3.82e-2	1.00e0	9.27e2	393	206	206	206	8	46	22.33	31	15.05
175	data/reference/motifs/JASPAR2026_CORE_plants_non-redundant_pfms_meme.txt	MA0958.1	BHLH13	RCACGTGC	4.38e-2	1.00e0	9.27e2	347	206	206	206	5	72	34.95	55	26.70
176	data/reference/motifs/JASPAR2026_CORE_plants_non-redundant_pfms_meme.txt	MA2672.1	GLYMA-01G233000	AGAASCTTCT	3.80e-2	1.00e0	9.27e2	403	206	206	206	2	194	94.17	183	88.83
177	data/reference/motifs/JASPAR2026_CORE_plants_non-redundant_pfms_meme.txt	MA0020.2	Dof2	AAAGC	3.80e-2	1.00e0	9.27e2	412	206	206	206	20	194	94.17	183	88.83
178	data/reference/motifs/JASPAR2026_CORE_plants_non-redundant_pfms_meme.txt	MA0064.1	PBF	AAAGY	3.80e-2	1.00e0	9.27e2	412	206	206	206	20	194	94.17	183	88.83
179	data/reference/motifs/JASPAR2026_CORE_plants_non-redundant_pfms_meme.txt	MA2729.1	vahox1	AAATAATTG	3.84e-2	1.00e0	9.27e2	411	206	206	206	13	145	70.39	127	61.65
180	data/reference/motifs/JASPAR2026_CORE_plants_non-redundant_pfms_meme.txt	MA1368.3	GT-4	TAACTATGGTTA	4.41e-2	1.00e0	9.27e2	360	206	206	206	3	131	63.59	113	54.85
181	data/reference/motifs/JASPAR2026_CORE_plants_non-redundant_pfms_meme.txt	MA2044.2	NAC007	CAAGCAA	3.92e-2	1.00e0	9.27e2	412	206	206	206	11	190	92.23	178	86.41
182	data/reference/motifs/JASPAR2026_CORE_plants_non-redundant_pfms_meme.txt	MA1190.2	RVE5	AGATATTTT	4.16e-2	1.00e0	9.27e2	396	206	206	206	3	154	74.76	137	66.50
183	data/reference/motifs/JASPAR2026_CORE_plants_non-redundant_pfms_meme.txt	MA1316.2	WRKY71	AAAAGTCAAC	4.67e-2	1.00e0	9.27e2	359	206	206	206	4	52	25.24	37	17.96
184	data/reference/motifs/JASPAR2026_CORE_plants_non-redundant_pfms_meme.txt	MA2088.1	PK24580.1	GCCGGCA	1.37e-1	1.00e0	9.27e2	124	206	206	206	3	14	6.80	8	3.88
185	data/reference/motifs/JASPAR2026_CORE_plants_non-redundant_pfms_meme.txt	MA1762.2	MYB10	YCACCWAMCW	4.32e-2	1.00e0	9.27e2	392	206	206	206	8	20	9.71	10	4.85
186	data/reference/motifs/JASPAR2026_CORE_plants_non-redundant_pfms_meme.txt	MA1288.2	TCP22	GTGGGHCCCAC	1.10e-1	1.00e0	9.27e2	154	206	206	206	4	8	3.88	3	1.46
187	data/reference/motifs/JASPAR2026_CORE_plants_non-redundant_pfms_meme.txt	MA0936.1	NAC046	ACACGCMA	4.12e-2	1.00e0	9.27e2	412	206	206	206	37	139	67.48	121	58.74
188	data/reference/motifs/JASPAR2026_CORE_plants_non-redundant_pfms_meme.txt	MA2399.1	LjSGA_053525.1	GGGCCCAC	6.09e-2	1.00e0	9.27e2	280	206	206	206	6	6	2.91	1	0.49
189	data/reference/motifs/JASPAR2026_CORE_plants_non-redundant_pfms_meme.txt	MA1696.2	ARF39	GGGGRACACGT	4.31e-2	1.00e0	9.27e2	397	206	206	206	6	71	34.47	54	26.21
190	data/reference/motifs/JASPAR2026_CORE_plants_non-redundant_pfms_meme.txt	MA0566.2	MYC2	AACACGTGA	4.24e-2	1.00e0	9.27e2	407	206	206	206	10	70	33.98	53	25.73
191	data/reference/motifs/JASPAR2026_CORE_plants_non-redundant_pfms_meme.txt	MA2604.1	dof22	ACTTTTAC	4.20e-2	1.00e0	9.27e2	412	206	206	206	20	199	96.60	190	92.23
192	data/reference/motifs/JASPAR2026_CORE_plants_non-redundant_pfms_meme.txt	MA1027.2	KAN1	WTATTC	4.20e-2	1.00e0	9.27e2	412	206	206	206	141	16	7.77	7	3.40
193	data/reference/motifs/JASPAR2026_CORE_plants_non-redundant_pfms_meme.txt	MA1758.2	HSFA1E	AGAAGCTTCTAGAA	8.38e-2	1.00e0	9.27e2	207	206	206	206	1	111	53.88	96	46.60
194	data/reference/motifs/JASPAR2026_CORE_plants_non-redundant_pfms_meme.txt	MA1805.2	WRKY53	RGTCAAC	4.22e-2	1.00e0	9.27e2	412	206	206	206	11	189	91.75	177	85.92
195	data/reference/motifs/JASPAR2026_CORE_plants_non-redundant_pfms_meme.txt	MA2669.1	GLYMA-04G231400	CAATAATTGATT	4.36e-2	1.00e0	9.27e2	400	206	206	206	11	10	4.85	3	1.46
196	data/reference/motifs/JASPAR2026_CORE_plants_non-redundant_pfms_meme.txt	MA2608.1	glk53	AAGGAATATTCTTT	4.40e-2	1.00e0	9.27e2	399	206	206	206	3	171	83.01	156	75.73
197	data/reference/motifs/JASPAR2026_CORE_plants_non-redundant_pfms_meme.txt	MA2481.1	PK12011.1	AACGG	4.33e-2	1.00e0	9.27e2	412	206	206	206	24	163	79.13	147	71.36
198	data/reference/motifs/JASPAR2026_CORE_plants_non-redundant_pfms_meme.txt	MA0001.3	AGL3	CCAWWWATAG	4.36e-2	1.00e0	9.27e2	412	206	206	206	6	203	98.54	196	95.15
199	data/reference/motifs/JASPAR2026_CORE_plants_non-redundant_pfms_meme.txt	MA2673.1	GLYMA-15G086400	WTCTAGAAMCTTCTAGAR	9.85e-2	1.00e0	9.27e2	183	206	206	206	3	15	7.28	8	3.88
200	data/reference/motifs/JASPAR2026_CORE_plants_non-redundant_pfms_meme.txt	MA2664.1	GLYMA-03G162700	GGYGGYGGCGGCGGMGGCGGYGG	3.12e-1	1.00e0	9.27e2	49	206	206	206	16	3	1.46	1	0.49
201	data/reference/motifs/JASPAR2026_CORE_plants_non-redundant_pfms_meme.txt	MA1185.2	LHY	AGATATTTT	4.64e-2	1.00e0	9.27e2	395	206	206	206	3	147	71.36	130	63.11
202	data/reference/motifs/JASPAR2026_CORE_plants_non-redundant_pfms_meme.txt	MA1156.2	JKD	TTTTGTCKTTTT	4.52e-2	1.00e0	9.27e2	406	206	206	206	7	30	14.56	18	8.74
203	data/reference/motifs/JASPAR2026_CORE_plants_non-redundant_pfms_meme.txt	MA2408.1	BAD1	CCGGGCCCCSVC	1.24e-1	1.00e0	9.27e2	149	206	206	206	12	3	1.46	0	0.00
204	data/reference/motifs/JASPAR2026_CORE_plants_non-redundant_pfms_meme.txt	MA1268.2	CDF5	TTYACTTTTTYTTTTTTTTTT	4.54e-2	1.00e0	9.27e2	411	206	206	206	5	183	88.83	170	82.52
205	data/reference/motifs/JASPAR2026_CORE_plants_non-redundant_pfms_meme.txt	MA2065.1	PK08602.1	CCACCGCC	3.12e-1	1.00e0	9.27e2	50	206	206	206	2	3	1.46	1	0.49
206	data/reference/motifs/JASPAR2026_CORE_plants_non-redundant_pfms_meme.txt	MA0590.1	LFY	YATTRACCGSCGGTYAATR	3.12e-1	1.00e0	9.27e2	50	206	206	206	4	3	1.46	1	0.49
207	data/reference/motifs/JASPAR2026_CORE_plants_non-redundant_pfms_meme.txt	MA0962.2	bHLH34	GCACGTG	5.74e-2	1.00e0	9.27e2	326	206	206	206	1	170	82.52	156	75.73
208	data/reference/motifs/JASPAR2026_CORE_plants_non-redundant_pfms_meme.txt	MA1397.2	AT1G74840	WWTGGATAA	4.57e-2	1.00e0	9.27e2	410	206	206	206	11	25	12.14	14	6.80
209	data/reference/motifs/JASPAR2026_CORE_plants_non-redundant_pfms_meme.txt	MA1181.2	MYB113	AKTYMGTTAT	4.57e-2	1.00e0	9.27e2	412	206	206	206	5	192	93.20	181	87.86
210	data/reference/motifs/JASPAR2026_CORE_plants_non-redundant_pfms_meme.txt	MA1010.2	PHYPADRAFT_64121	TGTCGGTA	4.57e-2	1.00e0	9.27e2	412	206	206	206	15	25	12.14	14	6.80
211	data/reference/motifs/JASPAR2026_CORE_plants_non-redundant_pfms_meme.txt	MA1274.1	DOF3.6	TTTWCTTTTTHHYTTTTTTTT	4.57e-2	1.00e0	9.27e2	412	206	206	206	9	192	93.20	181	87.86
212	data/reference/motifs/JASPAR2026_CORE_plants_non-redundant_pfms_meme.txt	MA2453.1	SPL8B	ATAGTACTC	4.88e-2	1.00e0	9.27e2	397	206	206	206	6	80	38.83	63	30.58
213	data/reference/motifs/JASPAR2026_CORE_plants_non-redundant_pfms_meme.txt	MA0548.3	AGL15	TTTCCWTTTTDGGWAA	6.67e-2	1.00e0	9.27e2	292	206	206	206	4	25	12.14	15	7.28
214	data/reference/motifs/JASPAR2026_CORE_plants_non-redundant_pfms_meme.txt	MA1025.2	HBI1	GCACGTG	5.04e-2	1.00e0	9.27e2	391	206	206	206	5	83	40.29	66	32.04
215	data/reference/motifs/JASPAR2026_CORE_plants_non-redundant_pfms_meme.txt	MA1771.2	MYB41	TYACCTAMYT	4.85e-2	1.00e0	9.27e2	409	206	206	206	13	17	8.25	8	3.88
216	data/reference/motifs/JASPAR2026_CORE_plants_non-redundant_pfms_meme.txt	MA2475.1	HOX6	TGATTG	4.85e-2	1.00e0	9.27e2	412	206	206	206	38	198	96.12	189	91.75
217	data/reference/motifs/JASPAR2026_CORE_plants_non-redundant_pfms_meme.txt	MA1415.2	REF6	RAAACAGAG	5.13e-2	1.00e0	9.27e2	390	206	206	206	3	138	66.99	121	58.74
218	data/reference/motifs/JASPAR2026_CORE_plants_non-redundant_pfms_meme.txt	MA2712.1	eil1	TCTAGATACATTGAATCT	1.26e-1	1.00e0	9.27e2	160	206	206	206	3	13	6.31	7	3.40
219	data/reference/motifs/JASPAR2026_CORE_plants_non-redundant_pfms_meme.txt	MA0982.2	DOF2.4	AAAG	4.92e-2	1.00e0	9.27e2	412	206	206	206	214	65	31.55	49	23.79
220	data/reference/motifs/JASPAR2026_CORE_plants_non-redundant_pfms_meme.txt	MA1416.1	RAMOSA1	GAGAGAGAGAGAGA	1.14e-1	1.00e0	9.27e2	179	206	206	206	13	12	5.83	6	2.91
221	data/reference/motifs/JASPAR2026_CORE_plants_non-redundant_pfms_meme.txt	MA1662.2	AT3G10030	TTAACAGA	4.94e-2	1.00e0	9.27e2	412	206	206	206	6	191	92.72	180	87.38
222	data/reference/motifs/JASPAR2026_CORE_plants_non-redundant_pfms_meme.txt	MA1059.3	SPL5	TGTACGGAH	3.12e-1	1.00e0	9.27e2	55	206	206	206	2	3	1.46	1	0.49
223	data/reference/motifs/JASPAR2026_CORE_plants_non-redundant_pfms_meme.txt	MA2353.1	PK02532.1	WAATATCT	5.25e-2	1.00e0	9.27e2	392	206	206	206	9	8	3.88	2	0.97
224	data/reference/motifs/JASPAR2026_CORE_plants_non-redundant_pfms_meme.txt	MA2348.1	IDD6	TTTTTGTCGTTTTSTK	6.76e-2	1.00e0	9.27e2	305	206	206	206	5	12	5.83	5	2.43
225	data/reference/motifs/JASPAR2026_CORE_plants_non-redundant_pfms_meme.txt	MA2609.1	ereb172	CAGCCGCA	5.26e-2	1.00e0	9.27e2	392	206	206	206	4	135	65.53	118	57.28
226	data/reference/motifs/JASPAR2026_CORE_plants_non-redundant_pfms_meme.txt	MA2617.1	ereb54	GCGGCGGCGGC	1.86e-1	1.00e0	9.27e2	111	206	206	206	7	4	1.94	1	0.49
227	data/reference/motifs/JASPAR2026_CORE_plants_non-redundant_pfms_meme.txt	MA1171.2	MYB52	ACCGTTA	7.20e-2	1.00e0	9.27e2	287	206	206	206	3	40	19.42	28	13.59
228	data/reference/motifs/JASPAR2026_CORE_plants_non-redundant_pfms_meme.txt	MA1317.2	WRKY50	TTGACTTTT	5.34e-2	1.00e0	9.27e2	387	206	206	206	4	90	43.69	73	35.44
229	data/reference/motifs/JASPAR2026_CORE_plants_non-redundant_pfms_meme.txt	MA1823.2	Zm00001d027846	AAAGAAAA	5.08e-2	1.00e0	9.27e2	412	206	206	206	50	174	84.47	160	77.67
230	data/reference/motifs/JASPAR2026_CORE_plants_non-redundant_pfms_meme.txt	MA1688.2	ARF16	CAAGACAAGA	5.09e-2	1.00e0	9.27e2	412	206	206	206	13	139	67.48	122	59.22
231	data/reference/motifs/JASPAR2026_CORE_plants_non-redundant_pfms_meme.txt	MA2343.1	MYB3R3	CGCCGTTA	5.10e-2	1.00e0	9.27e2	412	206	206	206	12	67	32.52	51	24.76
232	data/reference/motifs/JASPAR2026_CORE_plants_non-redundant_pfms_meme.txt	MA1057.2	SPL12	GTACGG	5.18e-2	1.00e0	9.27e2	412	206	206	206	23	68	33.01	52	25.24
233	data/reference/motifs/JASPAR2026_CORE_plants_non-redundant_pfms_meme.txt	MA1324.1	GATA20	ATCSGATC	6.16e-2	1.00e0	9.27e2	349	206	206	206	18	4	1.94	0	0.00
234	data/reference/motifs/JASPAR2026_CORE_plants_non-redundant_pfms_meme.txt	MA2417.1	EREB71	CACCGVCYMC	6.98e-2	1.00e0	9.27e2	309	206	206	206	6	16	7.77	8	3.88
235	data/reference/motifs/JASPAR2026_CORE_plants_non-redundant_pfms_meme.txt	MA2083.1	PK21166.1	YACCTACY	5.30e-2	1.00e0	9.27e2	412	206	206	206	22	22	10.68	12	5.83
236	data/reference/motifs/JASPAR2026_CORE_plants_non-redundant_pfms_meme.txt	MA1214.2	ATHB-40	ACCAATAATTG	5.41e-2	1.00e0	9.27e2	406	206	206	206	5	131	63.59	114	55.34
237	data/reference/motifs/JASPAR2026_CORE_plants_non-redundant_pfms_meme.txt	MA2356.1	PK20555.1	CTTTW	5.43e-2	1.00e0	9.27e2	412	206	206	206	217	58	28.16	43	20.87
238	data/reference/motifs/JASPAR2026_CORE_plants_non-redundant_pfms_meme.txt	MA1388.2	PHL2	VGAATMT	5.49e-2	1.00e0	9.27e2	412	206	206	206	14	18	8.74	9	4.37
239	data/reference/motifs/JASPAR2026_CORE_plants_non-redundant_pfms_meme.txt	MA2034.2	NAC057	CAAGTAA	5.51e-2	1.00e0	9.27e2	412	206	206	206	17	150	72.82	134	65.05
240	data/reference/motifs/JASPAR2026_CORE_plants_non-redundant_pfms_meme.txt	MA2742.1	SlWRKY11	GTTGACTTTT	7.10e-2	1.00e0	9.27e2	321	206	206	206	4	26	12.62	16	7.77
241	data/reference/motifs/JASPAR2026_CORE_plants_non-redundant_pfms_meme.txt	MA1071.2	DOF5.3	AAMG	5.55e-2	1.00e0	9.27e2	412	206	206	206	288	59	28.64	44	21.36
242	data/reference/motifs/JASPAR2026_CORE_plants_non-redundant_pfms_meme.txt	MA2005.2	NAC016	TVCKTGWBCYNCAMG	1.38e-1	1.00e0	9.27e2	166	206	206	206	3	20	9.71	13	6.31
243	data/reference/motifs/JASPAR2026_CORE_plants_non-redundant_pfms_meme.txt	MA1795.2	RAP2-4	CRCCGACC	5.58e-2	1.00e0	9.27e2	411	206	206	206	24	49	23.79	35	16.99
244	data/reference/motifs/JASPAR2026_CORE_plants_non-redundant_pfms_meme.txt	MA0984.2	DOF5.7	AAARR	5.59e-2	1.00e0	9.27e2	412	206	206	206	289	11	5.34	4	1.94
245	data/reference/motifs/JASPAR2026_CORE_plants_non-redundant_pfms_meme.txt	MA1425.2	HYH	TSACGTG	6.37e-2	1.00e0	9.27e2	363	206	206	206	1	187	90.78	176	85.44
246	data/reference/motifs/JASPAR2026_CORE_plants_non-redundant_pfms_meme.txt	MA2057.1	PK01630.1	GCACGTG	5.63e-2	1.00e0	9.27e2	411	206	206	206	11	100	48.54	83	40.29
247	data/reference/motifs/JASPAR2026_CORE_plants_non-redundant_pfms_meme.txt	MA2624.1	myb37	TAACCGAA	5.63e-2	1.00e0	9.27e2	412	206	206	206	14	123	59.71	106	51.46
248	data/reference/motifs/JASPAR2026_CORE_plants_non-redundant_pfms_meme.txt	MA2499.1	LSH2	TACTGTTCA	5.66e-2	1.00e0	9.27e2	412	206	206	206	11	121	58.74	104	50.49
249	data/reference/motifs/JASPAR2026_CORE_plants_non-redundant_pfms_meme.txt	MA2049.2	NAC053	CAAGAAA	5.70e-2	1.00e0	9.27e2	412	206	206	206	12	118	57.28	101	49.03
250	data/reference/motifs/JASPAR2026_CORE_plants_non-redundant_pfms_meme.txt	MA2658.1	GLYMA-19G094100	ATTGACTTW	5.73e-2	1.00e0	9.27e2	412	206	206	206	11	75	36.41	59	28.64
251	data/reference/motifs/JASPAR2026_CORE_plants_non-redundant_pfms_meme.txt	MA1041.1	MYB55	ACCTACCG	5.74e-2	1.00e0	9.27e2	412	206	206	206	8	50	24.27	36	17.48
252	data/reference/motifs/JASPAR2026_CORE_plants_non-redundant_pfms_meme.txt	MA2345.1	OS02G0104500	GTAAAW	5.74e-2	1.00e0	9.27e2	412	206	206	206	86	170	82.52	156	75.73
253	data/reference/motifs/JASPAR2026_CORE_plants_non-redundant_pfms_meme.txt	MA1364.2	BHLH72	GCCACGTGG	9.27e-2	1.00e0	9.27e2	258	206	206	206	1	136	66.02	122	59.22
254	data/reference/motifs/JASPAR2026_CORE_plants_non-redundant_pfms_meme.txt	MA0096.1	bZIP910	MTGACGT	1.30e-1	1.00e0	9.27e2	185	206	206	206	3	9	4.37	4	1.94
255	data/reference/motifs/JASPAR2026_CORE_plants_non-redundant_pfms_meme.txt	MA0965.3	BIM2	CACGTG	6.28e-2	1.00e0	9.27e2	382	206	206	206	8	84	40.78	68	33.01
256	data/reference/motifs/JASPAR2026_CORE_plants_non-redundant_pfms_meme.txt	MA1187.2	RVE4	AGATATTTT	6.16e-2	1.00e0	9.27e2	392	206	206	206	10	4	1.94	0	0.00
257	data/reference/motifs/JASPAR2026_CORE_plants_non-redundant_pfms_meme.txt	MA2105.1	GLYMA-13G317000	ACACGT	6.10e-2	1.00e0	9.27e2	398	206	206	206	7	64	31.07	49	23.79
258	data/reference/motifs/JASPAR2026_CORE_plants_non-redundant_pfms_meme.txt	MA1160.2	IDD6	TTTTTGTCGTTTTSTK	7.86e-2	1.00e0	9.27e2	310	206	206	206	5	13	6.31	6	2.91
259	data/reference/motifs/JASPAR2026_CORE_plants_non-redundant_pfms_meme.txt	MA2089.1	PK25870.1	RGTCAAM	5.93e-2	1.00e0	9.27e2	412	206	206	206	10	183	88.83	171	83.01
260	data/reference/motifs/JASPAR2026_CORE_plants_non-redundant_pfms_meme.txt	MA2749.1	TraesCS2D02G576500	GAAGCAAC	6.02e-2	1.00e0	9.27e2	412	206	206	206	5	188	91.26	177	85.92
261	data/reference/motifs/JASPAR2026_CORE_plants_non-redundant_pfms_meme.txt	MA1279.2	DOF1.5	AAADDAAAAAGTRAAA	6.06e-2	1.00e0	9.27e2	412	206	206	206	9	176	85.44	163	79.13
262	data/reference/motifs/JASPAR2026_CORE_plants_non-redundant_pfms_meme.txt	MA1412.2	TSAR2	GCACGTGC	1.01e-1	1.00e0	9.27e2	247	206	206	206	6	34	16.50	24	11.65
263	data/reference/motifs/JASPAR2026_CORE_plants_non-redundant_pfms_meme.txt	MA2390.1	GLYMA19G26560	GGSCCCAC	6.16e-2	1.00e0	9.27e2	406	206	206	206	20	4	1.94	0	0.00
264	data/reference/motifs/JASPAR2026_CORE_plants_non-redundant_pfms_meme.txt	MA2747.1	TraesCS6A02G290800	CAATAATTG	6.09e-2	1.00e0	9.27e2	411	206	206	206	25	6	2.91	1	0.49
265	data/reference/motifs/JASPAR2026_CORE_plants_non-redundant_pfms_meme.txt	MA2030.2	MYB96	MCCAACTACCA	6.16e-2	1.00e0	9.27e2	407	206	206	206	22	4	1.94	0	0.00
266	data/reference/motifs/JASPAR2026_CORE_plants_non-redundant_pfms_meme.txt	MA2625.1	mybr17	CATTATC	6.09e-2	1.00e0	9.27e2	412	206	206	206	48	6	2.91	1	0.49
267	data/reference/motifs/JASPAR2026_CORE_plants_non-redundant_pfms_meme.txt	MA1661.2	GTL1	GGTTAAAA	6.09e-2	1.00e0	9.27e2	412	206	206	206	29	6	2.91	1	0.49
268	data/reference/motifs/JASPAR2026_CORE_plants_non-redundant_pfms_meme.txt	MA0554.2	SOC1	TTTCCWTTTTTGG	6.09e-2	1.00e0	9.27e2	412	206	206	206	13	6	2.91	1	0.49
269	data/reference/motifs/JASPAR2026_CORE_plants_non-redundant_pfms_meme.txt	MA1678.3	NTL8	GAAGAAAC	6.09e-2	1.00e0	9.27e2	412	206	206	206	7	205	99.51	200	97.09
270	data/reference/motifs/JASPAR2026_CORE_plants_non-redundant_pfms_meme.txt	MA1774.2	MYB60	YCAACYACYT	6.11e-2	1.00e0	9.27e2	411	206	206	206	11	19	9.22	10	4.85
271	data/reference/motifs/JASPAR2026_CORE_plants_non-redundant_pfms_meme.txt	MA1336.2	TGA3	RTGACGTCAKC	1.81e-1	1.00e0	9.27e2	139	206	206	206	2	28	13.59	21	10.19
272	data/reference/motifs/JASPAR2026_CORE_plants_non-redundant_pfms_meme.txt	MA1775.2	MYB61	YACCWACC	6.16e-2	1.00e0	9.27e2	408	206	206	206	13	4	1.94	0	0.00
273	data/reference/motifs/JASPAR2026_CORE_plants_non-redundant_pfms_meme.txt	MA2637.1	FUL::AG::SEP3	WTWCCAWAAATAGAAA	6.16e-2	1.00e0	9.27e2	409	206	206	206	14	4	1.94	0	0.00
274	data/reference/motifs/JASPAR2026_CORE_plants_non-redundant_pfms_meme.txt	MA2359.1	PK23829.1	TTATCCR	6.16e-2	1.00e0	9.27e2	409	206	206	206	12	4	1.94	0	0.00
275	data/reference/motifs/JASPAR2026_CORE_plants_non-redundant_pfms_meme.txt	MA2738.1	Cnr	TCCGTACAAA	6.16e-2	1.00e0	9.27e2	410	206	206	206	17	4	1.94	0	0.00
276	data/reference/motifs/JASPAR2026_CORE_plants_non-redundant_pfms_meme.txt	MA1064.2	TCP2	TGGKMCCA	6.16e-2	1.00e0	9.27e2	411	206	206	206	50	4	1.94	0	0.00
277	data/reference/motifs/JASPAR2026_CORE_plants_non-redundant_pfms_meme.txt	MA1689.2	ARF18	CCGACAAA	6.16e-2	1.00e0	9.27e2	411	206	206	206	2	206	100.00	202	98.06
278	data/reference/motifs/JASPAR2026_CORE_plants_non-redundant_pfms_meme.txt	MA1398.3	KUA1	CTTATCCA	6.16e-2	1.00e0	9.27e2	412	206	206	206	28	4	1.94	0	0.00
279	data/reference/motifs/JASPAR2026_CORE_plants_non-redundant_pfms_meme.txt	MA2047.2	NAC037	CAAGCAA	6.16e-2	1.00e0	9.27e2	412	206	206	206	31	4	1.94	0	0.00
280	data/reference/motifs/JASPAR2026_CORE_plants_non-redundant_pfms_meme.txt	MA2358.1	PK22320.1	GTACGG	6.16e-2	1.00e0	9.27e2	412	206	206	206	29	4	1.94	0	0.00
281	data/reference/motifs/JASPAR2026_CORE_plants_non-redundant_pfms_meme.txt	MA2349.1	OsCCA1	AATATCT	6.17e-2	1.00e0	9.27e2	412	206	206	206	38	199	96.60	191	92.72
282	data/reference/motifs/JASPAR2026_CORE_plants_non-redundant_pfms_meme.txt	MA2480.1	GLYMA-04G093300	CTAATC	6.23e-2	1.00e0	9.27e2	410	206	206	206	3	192	93.20	182	88.35
283	data/reference/motifs/JASPAR2026_CORE_plants_non-redundant_pfms_meme.txt	MA1682.2	TCX3	AAATTCAAATWT	6.20e-2	1.00e0	9.27e2	412	206	206	206	7	182	88.35	170	82.52
284	data/reference/motifs/JASPAR2026_CORE_plants_non-redundant_pfms_meme.txt	MA1363.1	LRL2	CGTGNKWBGCACGTG	1.76e-1	1.00e0	9.27e2	145	206	206	206	2	27	13.11	20	9.71
285	data/reference/motifs/JASPAR2026_CORE_plants_non-redundant_pfms_meme.txt	MA2477.1	NGA4	TTCAGGTR	6.23e-2	1.00e0	9.27e2	412	206	206	206	4	192	93.20	182	88.35
286	data/reference/motifs/JASPAR2026_CORE_plants_non-redundant_pfms_meme.txt	MA2727.1	SolycHsfA7	TTCYAGAA	6.28e-2	1.00e0	9.27e2	411	206	206	206	7	138	66.99	122	59.22
287	data/reference/motifs/JASPAR2026_CORE_plants_non-redundant_pfms_meme.txt	MA2452.1	SPL8A	ATAGTACTC	6.48e-2	1.00e0	9.27e2	405	206	206	206	4	165	80.10	151	73.30
288	data/reference/motifs/JASPAR2026_CORE_plants_non-redundant_pfms_meme.txt	MA2104.1	IDD11	AAAACGACAAAA	7.00e-2	1.00e0	9.27e2	383	206	206	206	7	9	4.37	3	1.46
289	data/reference/motifs/JASPAR2026_CORE_plants_non-redundant_pfms_meme.txt	MA2762.1	myb53	AGTTAGGCAC	6.84e-2	1.00e0	9.27e2	398	206	206	206	3	149	72.33	134	65.05
290	data/reference/motifs/JASPAR2026_CORE_plants_non-redundant_pfms_meme.txt	MA1182.2	RVE8	AGATATTTT	7.29e-2	1.00e0	9.27e2	378	206	206	206	4	78	37.86	63	30.58
291	data/reference/motifs/JASPAR2026_CORE_plants_non-redundant_pfms_meme.txt	MA2344.1	REV	AATMATCATTATTA	6.76e-2	1.00e0	9.27e2	409	206	206	206	3	201	97.57	194	94.17
292	data/reference/motifs/JASPAR2026_CORE_plants_non-redundant_pfms_meme.txt	MA0970.2	CAMTA3	CCGCGT	6.81e-2	1.00e0	9.27e2	408	206	206	206	7	124	60.19	108	52.43
293	data/reference/motifs/JASPAR2026_CORE_plants_non-redundant_pfms_meme.txt	MA1786.2	NAC019	YACGBMA	6.76e-2	1.00e0	9.27e2	412	206	206	206	29	71	34.47	56	27.18
294	data/reference/motifs/JASPAR2026_CORE_plants_non-redundant_pfms_meme.txt	MA2048.2	NAC045	GAAGCAAC	6.76e-2	1.00e0	9.27e2	412	206	206	206	6	201	97.57	194	94.17
295	data/reference/motifs/JASPAR2026_CORE_plants_non-redundant_pfms_meme.txt	MA2397.1	ILR3	CACGTG	6.87e-2	1.00e0	9.27e2	412	206	206	206	34	101	49.03	85	41.26
296	data/reference/motifs/JASPAR2026_CORE_plants_non-redundant_pfms_meme.txt	MA1787.2	NAC047	ACACGTMWCT	6.96e-2	1.00e0	9.27e2	409	206	206	206	9	39	18.93	27	13.11
297	data/reference/motifs/JASPAR2026_CORE_plants_non-redundant_pfms_meme.txt	MA1178.3	MYB3R1	TAACGGTC	6.98e-2	1.00e0	9.27e2	409	206	206	206	12	16	7.77	8	3.88
298	data/reference/motifs/JASPAR2026_CORE_plants_non-redundant_pfms_meme.txt	MA1759.2	HSFA4A	AGAAGCTTCTAGAA	1.01e-1	1.00e0	9.27e2	284	206	206	206	5	11	5.34	5	2.43
299	data/reference/motifs/JASPAR2026_CORE_plants_non-redundant_pfms_meme.txt	MA2748.1	TraesCS6B02G321100	CAATTATTG	7.01e-2	1.00e0	9.27e2	408	206	206	206	14	48	23.30	35	16.99
300	data/reference/motifs/JASPAR2026_CORE_plants_non-redundant_pfms_meme.txt	MA2711.1	SolycHsfB2b	TTCTAGAA	1.07e-1	1.00e0	9.27e2	269	206	206	206	1	141	68.45	128	62.14
301	data/reference/motifs/JASPAR2026_CORE_plants_non-redundant_pfms_meme.txt	MA1385.2	AT2G40260	AAHATTCTYT	7.00e-2	1.00e0	9.27e2	412	206	206	206	3	203	98.54	197	95.63
302	data/reference/motifs/JASPAR2026_CORE_plants_non-redundant_pfms_meme.txt	MA2406.1	PK03576.1	CACGTGC	3.08e-1	1.00e0	9.27e2	79	206	206	206	1	42	20.39	37	17.96
303	data/reference/motifs/JASPAR2026_CORE_plants_non-redundant_pfms_meme.txt	MA1022.2	PHYPADRAFT_38837	AAAG	7.08e-2	1.00e0	9.27e2	412	206	206	206	171	75	36.41	60	29.13
304	data/reference/motifs/JASPAR2026_CORE_plants_non-redundant_pfms_meme.txt	MA0981.2	DOF1.8	AAAG	7.08e-2	1.00e0	9.27e2	412	206	206	206	171	75	36.41	60	29.13
305	data/reference/motifs/JASPAR2026_CORE_plants_non-redundant_pfms_meme.txt	MA2394.1	PpDof6	CTTT	7.08e-2	1.00e0	9.27e2	412	206	206	206	171	75	36.41	60	29.13
306	data/reference/motifs/JASPAR2026_CORE_plants_non-redundant_pfms_meme.txt	MA0977.1	DOF2.5	AWAAAGTG	7.19e-2	1.00e0	9.27e2	412	206	206	206	19	170	82.52	157	76.21
307	data/reference/motifs/JASPAR2026_CORE_plants_non-redundant_pfms_meme.txt	MA1396.2	GATA6	AGATCTAGAT	9.85e-2	1.00e0	9.27e2	302	206	206	206	5	15	7.28	8	3.88
308	data/reference/motifs/JASPAR2026_CORE_plants_non-redundant_pfms_meme.txt	MA2659.1	GLYMA-08G281200	YTTGACTAATTAGGGTTWAKKGDT	5.00e-1	1.00e0	9.27e2	43	206	206	206	1	22	10.68	21	10.19
309	data/reference/motifs/JASPAR2026_CORE_plants_non-redundant_pfms_meme.txt	MA2018.2	NAC69	ACAAGGCA	7.26e-2	1.00e0	9.27e2	412	206	206	206	14	61	29.61	47	22.82
310	data/reference/motifs/JASPAR2026_CORE_plants_non-redundant_pfms_meme.txt	MA1038.2	MYB3	GGTAGGTA	7.49e-2	1.00e0	9.27e2	400	206	206	206	5	81	39.32	66	32.04
311	data/reference/motifs/JASPAR2026_CORE_plants_non-redundant_pfms_meme.txt	MA1308.2	WRKY70	CGTTGACTTT	1.24e-1	1.00e0	9.27e2	242	206	206	206	5	3	1.46	0	0.00
312	data/reference/motifs/JASPAR2026_CORE_plants_non-redundant_pfms_meme.txt	MA1257.2	ERF9	GGCGGHKRYGGCGGCGGMG	2.49e-1	1.00e0	9.27e2	121	206	206	206	17	2	0.97	0	0.00
313	data/reference/motifs/JASPAR2026_CORE_plants_non-redundant_pfms_meme.txt	MA1197.2	CAMTA1	AARCGCGTG	1.49e-1	1.00e0	9.27e2	203	206	206	206	2	54	26.21	44	21.36
314	data/reference/motifs/JASPAR2026_CORE_plants_non-redundant_pfms_meme.txt	MA1747.2	DOF4.3	WAAAGWRGCTTTW	1.90e-1	1.00e0	9.27e2	159	206	206	206	3	8	3.88	4	1.94
315	data/reference/motifs/JASPAR2026_CORE_plants_non-redundant_pfms_meme.txt	MA1356.1	TRP2	AACCCTAAACCCTAAACCCTA	7.51e-1	1.00e0	9.27e2	22	206	206	206	2	1	0.49	1	0.49
316	data/reference/motifs/JASPAR2026_CORE_plants_non-redundant_pfms_meme.txt	MA0578.1	SPL8	WWDWHYGTACHHTWWW	8.81e-2	1.00e0	9.27e2	347	206	206	206	1	179	86.89	168	81.55
317	data/reference/motifs/JASPAR2026_CORE_plants_non-redundant_pfms_meme.txt	MA2384.1	estExt_Genewise1.C_2060077	SACGTGK	9.27e-2	1.00e0	9.27e2	331	206	206	206	4	84	40.78	70	33.98
318	data/reference/motifs/JASPAR2026_CORE_plants_non-redundant_pfms_meme.txt	MA1043.2	NAC083	YACGYAA	1.38e-1	1.00e0	9.27e2	224	206	206	206	1	118	57.28	106	51.46
319	data/reference/motifs/JASPAR2026_CORE_plants_non-redundant_pfms_meme.txt	MA1087.3	WRKY45	AAAAGTCAAM	7.66e-2	1.00e0	9.27e2	409	206	206	206	9	34	16.50	23	11.17
320	data/reference/motifs/JASPAR2026_CORE_plants_non-redundant_pfms_meme.txt	MA1370.2	IDD5	TTTTGTCGTTTWST	1.01e-1	1.00e0	9.27e2	313	206	206	206	5	11	5.34	5	2.43
321	data/reference/motifs/JASPAR2026_CORE_plants_non-redundant_pfms_meme.txt	MA2725.1	SlWRKY6	AAAGTCAAC	7.72e-2	1.00e0	9.27e2	412	206	206	206	9	136	66.02	121	58.74
322	data/reference/motifs/JASPAR2026_CORE_plants_non-redundant_pfms_meme.txt	MA2017.2	JUB1	ACGGCGA	8.22e-2	1.00e0	9.27e2	387	206	206	206	6	70	33.98	56	27.18
323	data/reference/motifs/JASPAR2026_CORE_plants_non-redundant_pfms_meme.txt	MA1693.2	ARF34	CAGACAGC	7.86e-2	1.00e0	9.27e2	406	206	206	206	17	13	6.31	6	2.91
324	data/reference/motifs/JASPAR2026_CORE_plants_non-redundant_pfms_meme.txt	MA1305.2	WRKY55	CGTTGACTT	9.11e-2	1.00e0	9.27e2	351	206	206	206	4	49	23.79	37	17.96
325	data/reference/motifs/JASPAR2026_CORE_plants_non-redundant_pfms_meme.txt	MA1781.2	MYB94	CCAACYACYW	7.86e-2	1.00e0	9.27e2	409	206	206	206	11	13	6.31	6	2.91
326	data/reference/motifs/JASPAR2026_CORE_plants_non-redundant_pfms_meme.txt	MA0558.2	FLC	CCMAAAATRGAAAG	7.86e-2	1.00e0	9.27e2	410	206	206	206	2	200	97.09	193	93.69
327	data/reference/motifs/JASPAR2026_CORE_plants_non-redundant_pfms_meme.txt	MA2761.1	myb100	TRCCTAACTT	7.86e-2	1.00e0	9.27e2	411	206	206	206	3	200	97.09	193	93.69
328	data/reference/motifs/JASPAR2026_CORE_plants_non-redundant_pfms_meme.txt	MA0946.1	ARR11	AAGATACG	7.86e-2	1.00e0	9.27e2	411	206	206	206	12	13	6.31	6	2.91
329	data/reference/motifs/JASPAR2026_CORE_plants_non-redundant_pfms_meme.txt	MA2430.1	SPL14B	GCGGTASTACCGC	2.49e-1	1.00e0	9.27e2	130	206	206	206	7	2	0.97	0	0.00
330	data/reference/motifs/JASPAR2026_CORE_plants_non-redundant_pfms_meme.txt	MA1173.2	MYB101	TAACCGAAW	7.91e-2	1.00e0	9.27e2	412	206	206	206	17	132	64.08	117	56.80
331	data/reference/motifs/JASPAR2026_CORE_plants_non-redundant_pfms_meme.txt	MA2355.1	PK06791.1	GTACGG	7.91e-2	1.00e0	9.27e2	412	206	206	206	16	132	64.08	117	56.80
332	data/reference/motifs/JASPAR2026_CORE_plants_non-redundant_pfms_meme.txt	MA1290.1	TCP17	GTGGTCCCCAC	1.62e-1	1.00e0	9.27e2	201	206	206	206	1	106	51.46	95	46.12
333	data/reference/motifs/JASPAR2026_CORE_plants_non-redundant_pfms_meme.txt	MA1304.2	WRKY59	AAAAGTCAAM	8.04e-2	1.00e0	9.27e2	410	206	206	206	4	129	62.62	114	55.34
334	data/reference/motifs/JASPAR2026_CORE_plants_non-redundant_pfms_meme.txt	MA2379.1	DOF3.1	CKTT	8.00e-2	1.00e0	9.27e2	412	206	206	206	237	91	44.17	76	36.89
335	data/reference/motifs/JASPAR2026_CORE_plants_non-redundant_pfms_meme.txt	MA1760.1	HSFA6A	GAAGNTTCTAGAA	3.52e-1	1.00e0	9.27e2	76	206	206	206	1	40	19.42	36	17.48
336	data/reference/motifs/JASPAR2026_CORE_plants_non-redundant_pfms_meme.txt	MA2734.1	Sl-ERF_F_5	CCGCCGCCGCCRCCRCC	2.49e-1	1.00e0	9.27e2	133	206	206	206	19	2	0.97	0	0.00
337	data/reference/motifs/JASPAR2026_CORE_plants_non-redundant_pfms_meme.txt	MA2756.1	dfo23	TACCTTTTTCT	8.25e-2	1.00e0	9.27e2	412	206	206	206	16	122	59.22	107	51.94
338	data/reference/motifs/JASPAR2026_CORE_plants_non-redundant_pfms_meme.txt	MA0559.1	PI	CCAAAARWRGAAAR	8.20e-2	1.00e0	9.27e2	412	206	206	206	9	124	60.19	109	52.91
339	data/reference/motifs/JASPAR2026_CORE_plants_non-redundant_pfms_meme.txt	MA1085.3	WRKY40	AGTCAA	8.74e-2	1.00e0	9.27e2	392	206	206	206	5	59	28.64	46	22.33
340	data/reference/motifs/JASPAR2026_CORE_plants_non-redundant_pfms_meme.txt	MA2067.1	PK09702.1	GCACGTGR	3.53e-1	1.00e0	9.27e2	78	206	206	206	1	41	19.90	37	17.96
341	data/reference/motifs/JASPAR2026_CORE_plants_non-redundant_pfms_meme.txt	MA2641.1	GLYMA-01G038600	CCTTATCCA	8.48e-2	1.00e0	9.27e2	412	206	206	206	14	18	8.74	10	4.85
342	data/reference/motifs/JASPAR2026_CORE_plants_non-redundant_pfms_meme.txt	MA2720.1	nacnor	ACACGTAACT	8.49e-2	1.00e0	9.27e2	407	206	206	206	7	73	35.44	59	28.64
343	data/reference/motifs/JASPAR2026_CORE_plants_non-redundant_pfms_meme.txt	MA1738.1	ATMYB31	YAMCTMCCAACHAMH	8.60e-2	1.00e0	9.27e2	403	206	206	206	13	10	4.85	4	1.94
344	data/reference/motifs/JASPAR2026_CORE_plants_non-redundant_pfms_meme.txt	MA1829.2	Zm00001d035604	ACCTAAC	8.48e-2	1.00e0	9.27e2	412	206	206	206	34	18	8.74	10	4.85
345	data/reference/motifs/JASPAR2026_CORE_plants_non-redundant_pfms_meme.txt	MA1303.2	WRKY22	AAAGTCAACK	1.07e-1	1.00e0	9.27e2	324	206	206	206	4	28	13.59	19	9.22
346	data/reference/motifs/JASPAR2026_CORE_plants_non-redundant_pfms_meme.txt	MA1677.2	NAC078	CAAGAAA	8.40e-2	1.00e0	9.27e2	412	206	206	206	16	72	34.95	58	28.16
347	data/reference/motifs/JASPAR2026_CORE_plants_non-redundant_pfms_meme.txt	MA1044.2	NAC92	RCAMGCCA	8.38e-2	1.00e0	9.27e2	412	206	206	206	19	112	54.37	97	47.09
348	data/reference/motifs/JASPAR2026_CORE_plants_non-redundant_pfms_meme.txt	MA1031.2	OJ1581_H09.2	GGGCCC	8.60e-2	1.00e0	9.27e2	399	206	206	206	26	10	4.85	4	1.94
349	data/reference/motifs/JASPAR2026_CORE_plants_non-redundant_pfms_meme.txt	MA0961.2	bHLH112	CCACTTG	2.49e-1	1.00e0	9.27e2	141	206	206	206	4	2	0.97	0	0.00
350	data/reference/motifs/JASPAR2026_CORE_plants_non-redundant_pfms_meme.txt	MA0564.2	ABI3	GCATGC	8.60e-2	1.00e0	9.27e2	407	206	206	206	3	202	98.06	196	95.15
351	data/reference/motifs/JASPAR2026_CORE_plants_non-redundant_pfms_meme.txt	MA1754.2	ERF073	CKCCGCCGCCR	2.49e-1	1.00e0	9.27e2	138	206	206	206	8	2	0.97	0	0.00
352	data/reference/motifs/JASPAR2026_CORE_plants_non-redundant_pfms_meme.txt	MA1032.2	DREB1G	TGCCGACA	2.36e-1	1.00e0	9.27e2	148	206	206	206	1	78	37.86	70	33.98
353	data/reference/motifs/JASPAR2026_CORE_plants_non-redundant_pfms_meme.txt	MA2371.1	MYB31	YAMCTMCCAACHAMH	8.60e-2	1.00e0	9.27e2	403	206	206	206	13	10	4.85	4	1.94
354	data/reference/motifs/JASPAR2026_CORE_plants_non-redundant_pfms_meme.txt	MA2350.1	OsFBH1	CCACTTG	2.49e-1	1.00e0	9.27e2	141	206	206	206	4	2	0.97	0	0.00
355	data/reference/motifs/JASPAR2026_CORE_plants_non-redundant_pfms_meme.txt	MA1749.1	E2FC	AWDWWGGCGCCAAAA	5.00e-1	1.00e0	9.27e2	50	206	206	206	2	2	0.97	1	0.49
356	data/reference/motifs/JASPAR2026_CORE_plants_non-redundant_pfms_meme.txt	MA2079.1	PK19717.1	GGGSCCCMC	9.18e-2	1.00e0	9.27e2	382	206	206	206	1	195	94.66	187	90.78
357	data/reference/motifs/JASPAR2026_CORE_plants_non-redundant_pfms_meme.txt	MA2055.1	PK00315.1	GACAGCTR	8.60e-2	1.00e0	9.27e2	412	206	206	206	7	161	78.16	148	71.84
358	data/reference/motifs/JASPAR2026_CORE_plants_non-redundant_pfms_meme.txt	MA0959.1	AIB	GCACGTGC	1.26e-1	1.00e0	9.27e2	274	206	206	206	6	43	20.87	33	16.02
359	data/reference/motifs/JASPAR2026_CORE_plants_non-redundant_pfms_meme.txt	MA1808.3	GLYMA-06G314400	GACACGTGGC	2.12e-1	1.00e0	9.27e2	382	206	206	206	2	176	85.44	169	82.04
360	data/reference/motifs/JASPAR2026_CORE_plants_non-redundant_pfms_meme.txt	MA1811.3	GLYMA-13G317000	GGACACSTGTCA	2.34e-1	1.00e0	9.27e2	334	206	206	206	7	19	9.22	14	6.80
361	data/reference/motifs/JASPAR2026_CORE_plants_non-redundant_pfms_meme.txt	MA2671.1	GLYMA-19G100900	AGCATGCT	9.34e-2	1.00e0	9.27e2	385	206	206	206	12	40	19.42	29	14.08
362	data/reference/motifs/JASPAR2026_CORE_plants_non-redundant_pfms_meme.txt	MA2670.1	GLYMA-15G168800	CAATGATTG	1.24e-1	1.00e0	9.27e2	399	206	206	206	9	18	8.74	11	5.34
363	data/reference/motifs/JASPAR2026_CORE_plants_non-redundant_pfms_meme.txt	MA2668.1	GLYMA-20G155100	RCCGACAT	3.00e-1	1.00e0	9.27e2	369	206	206	206	8	9	4.37	6	2.91
364	data/reference/motifs/JASPAR2026_CORE_plants_non-redundant_pfms_meme.txt	MA2667.1	GLYMA-13G236500	ACGACGGCGGAG	5.00e-1	1.00e0	9.27e2	261	206	206	206	26	1	0.49	0	0.00
365	data/reference/motifs/JASPAR2026_CORE_plants_non-redundant_pfms_meme.txt	MA2666.1	GLYMA-12G117000	GGMGGCGGYGGCGGMGG	5.00e-1	1.00e0	9.27e2	151	206	206	206	17	3	1.46	2	0.97
366	data/reference/motifs/JASPAR2026_CORE_plants_non-redundant_pfms_meme.txt	MA2665.1	GLYMA-11G053600	CACCGACAC	6.38e-1	1.00e0	9.27e2	400	206	206	206	16	4	1.94	4	1.94
367	data/reference/motifs/JASPAR2026_CORE_plants_non-redundant_pfms_meme.txt	MA2663.1	GLYMA-02G261700	TCACCGACATA	4.45e-1	1.00e0	9.27e2	363	206	206	206	5	32	15.53	30	14.56
368	data/reference/motifs/JASPAR2026_CORE_plants_non-redundant_pfms_meme.txt	MA2662.1	GLYMA-13G153200	GCCACGTCA	1.24e-1	1.00e0	9.27e2	407	206	206	206	13	3	1.46	0	0.00
369	data/reference/motifs/JASPAR2026_CORE_plants_non-redundant_pfms_meme.txt	MA2661.1	GLYMA-03G081700	CTACGTGGCA	9.84e-2	1.00e0	9.27e2	402	206	206	206	3	175	84.95	164	79.61
370	data/reference/motifs/JASPAR2026_CORE_plants_non-redundant_pfms_meme.txt	MA2660.1	GLYMA-12G168700	WWWTGTAATTACAWWW	2.23e-1	1.00e0	9.27e2	398	206	206	206	24	10	4.85	6	2.91
371	data/reference/motifs/JASPAR2026_CORE_plants_non-redundant_pfms_meme.txt	MA2656.1	GLYMA-14G006800	TGGTCAACCA	2.85e-1	1.00e0	9.27e2	411	206	206	206	3	193	93.69	189	91.75
372	data/reference/motifs/JASPAR2026_CORE_plants_non-redundant_pfms_meme.txt	MA2654.1	GLYMA-05G127600	GGTCAAC	1.56e-1	1.00e0	9.27e2	412	206	206	206	12	131	63.59	120	58.25
373	data/reference/motifs/JASPAR2026_CORE_plants_non-redundant_pfms_meme.txt	MA2652.1	GLYMA-01G053800	AGTTGAC	1.42e-1	1.00e0	9.27e2	411	206	206	206	17	6	2.91	2	0.97
374	data/reference/motifs/JASPAR2026_CORE_plants_non-redundant_pfms_meme.txt	MA2649.1	GLYMA-08G271900	TGCACATG	1.71e-1	1.00e0	9.27e2	412	206	206	206	18	36	17.48	28	13.59
375	data/reference/motifs/JASPAR2026_CORE_plants_non-redundant_pfms_meme.txt	MA2648.1	GLYMA-19G146000	AAGGTACAC	1.54e-1	1.00e0	9.27e2	411	206	206	206	9	57	27.67	47	22.82
376	data/reference/motifs/JASPAR2026_CORE_plants_non-redundant_pfms_meme.txt	MA2647.1	GLYMA-12G226000	AAGTACAA	1.29e-1	1.00e0	9.27e2	412	206	206	206	20	44	21.36	34	16.50
377	data/reference/motifs/JASPAR2026_CORE_plants_non-redundant_pfms_meme.txt	MA2646.1	GLYMA-11G083900	GTACGGA	2.46e-1	1.00e0	9.27e2	344	206	206	206	5	21	10.19	16	7.77
378	data/reference/motifs/JASPAR2026_CORE_plants_non-redundant_pfms_meme.txt	MA2644.1	GLYMA-14G030700	AACGACGGCA	4.14e-1	1.00e0	9.27e2	356	206	206	206	10	12	5.83	10	4.85
379	data/reference/motifs/JASPAR2026_CORE_plants_non-redundant_pfms_meme.txt	MA2643.1	SNAC23	YACGGAACT	1.05e-1	1.00e0	9.27e2	409	206	206	206	11	21	10.19	13	6.31
380	data/reference/motifs/JASPAR2026_CORE_plants_non-redundant_pfms_meme.txt	MA2642.1	GLYMA-10G230700	AAGATATTTWTW	1.96e-1	1.00e0	9.27e2	405	206	206	206	13	14	6.80	9	4.37
381	data/reference/motifs/JASPAR2026_CORE_plants_non-redundant_pfms_meme.txt	MA2745.1	SlWRKY81	AAGTCAAC	2.72e-1	1.00e0	9.27e2	412	206	206	206	9	129	62.62	122	59.22
382	data/reference/motifs/JASPAR2026_CORE_plants_non-redundant_pfms_meme.txt	MA2737.1	SlERF36	CMGCCGCCAC	2.49e-1	1.00e0	9.27e2	364	206	206	206	30	2	0.97	0	0.00
383	data/reference/motifs/JASPAR2026_CORE_plants_non-redundant_pfms_meme.txt	MA2735.1	SlbHLH014	GMCACGTGBC	2.49e-1	1.00e0	9.27e2	278	206	206	206	12	2	0.97	0	0.00
384	data/reference/motifs/JASPAR2026_CORE_plants_non-redundant_pfms_meme.txt	MA2733.1	Sl-ERF_F_4	GCMGCMGCCGCCGCCGYCR	5.00e-1	1.00e0	9.27e2	74	206	206	206	11	2	0.97	1	0.49
385	data/reference/motifs/JASPAR2026_CORE_plants_non-redundant_pfms_meme.txt	MA2732.1	Sl-ERF_C_4	YCGCCGCCGCCR	3.09e-1	1.00e0	9.27e2	238	206	206	206	1	122	59.22	116	56.31
386	data/reference/motifs/JASPAR2026_CORE_plants_non-redundant_pfms_meme.txt	MA2731.1	sep3	WTTTCCAAAAAGGGAAAAAAW	5.00e-1	1.00e0	9.27e2	118	206	206	206	3	4	1.94	3	1.46
387	data/reference/motifs/JASPAR2026_CORE_plants_non-redundant_pfms_meme.txt	MA2730.1	Solyc01g079480	YSACGTGKCA	1.85e-1	1.00e0	9.27e2	345	206	206	206	2	122	59.22	112	54.37
388	data/reference/motifs/JASPAR2026_CORE_plants_non-redundant_pfms_meme.txt	MA2728.1	SolycHsfC1	RGAAGTTTCTAG	1.52e-1	1.00e0	9.27e2	363	206	206	206	4	56	27.18	46	22.33
389	data/reference/motifs/JASPAR2026_CORE_plants_non-redundant_pfms_meme.txt	MA2726.1	SlWRKY41	GTTGACTT	1.14e-1	1.00e0	9.27e2	412	206	206	206	11	49	23.79	38	18.45
390	data/reference/motifs/JASPAR2026_CORE_plants_non-redundant_pfms_meme.txt	MA2723.1	Solyc06g060230	ACACGTCTCT	1.53e-1	1.00e0	9.27e2	410	206	206	206	8	80	38.83	69	33.50
391	data/reference/motifs/JASPAR2026_CORE_plants_non-redundant_pfms_meme.txt	MA2722.1	Sl-ERF_F_2	CGGCGGCKGCGGCGR	5.00e-1	1.00e0	9.27e2	93	206	206	206	20	1	0.49	0	0.00
392	data/reference/motifs/JASPAR2026_CORE_plants_non-redundant_pfms_meme.txt	MA2721.1	Sl-ERF_C_6	YCGCCGCCGCCRCCRCCGCC	5.00e-1	1.00e0	9.27e2	95	206	206	206	18	3	1.46	2	0.97
393	data/reference/motifs/JASPAR2026_CORE_plants_non-redundant_pfms_meme.txt	MA2719.1	lat61	CRCACGTGYG	3.43e-1	1.00e0	9.27e2	149	206	206	206	8	4	1.94	2	0.97
394	data/reference/motifs/JASPAR2026_CORE_plants_non-redundant_pfms_meme.txt	MA2718.1	Sl-ERF_A_3	GGYGGCGGCGGCGGCGG	5.00e-1	1.00e0	9.27e2	73	206	206	206	11	2	0.97	1	0.49
395	data/reference/motifs/JASPAR2026_CORE_plants_non-redundant_pfms_meme.txt	MA2717.1	eil2	AGATTCR	3.84e-1	1.00e0	9.27e2	412	206	206	206	15	181	87.86	178	86.41
396	data/reference/motifs/JASPAR2026_CORE_plants_non-redundant_pfms_meme.txt	MA2716.1	dreb3	CCACCGACCA	4.22e-1	1.00e0	9.27e2	375	206	206	206	3	114	55.34	111	53.88
397	data/reference/motifs/JASPAR2026_CORE_plants_non-redundant_pfms_meme.txt	MA2715.1	Solyc03g124110	RTCTATGTCGGYWAA	3.93e-1	1.00e0	9.27e2	153	206	206	206	3	8	3.88	6	2.91
398	data/reference/motifs/JASPAR2026_CORE_plants_non-redundant_pfms_meme.txt	MA2714.1	APETALA2a	ATTACCTCGTACYA	4.37e-1	1.00e0	9.27e2	169	206	206	206	2	23	11.17	21	10.19
399	data/reference/motifs/JASPAR2026_CORE_plants_non-redundant_pfms_meme.txt	MA2713.1	SlDof14	CTTTTTC	3.20e-1	1.00e0	9.27e2	412	206	206	206	16	25	12.14	21	10.19
400	data/reference/motifs/JASPAR2026_CORE_plants_non-redundant_pfms_meme.txt	MA2710.1	SolycHsfB1	TTCTAGAA	2.35e-1	1.00e0	9.27e2	370	206	206	206	6	76	36.89	68	33.01
401	data/reference/motifs/JASPAR2026_CORE_plants_non-redundant_pfms_meme.txt	MA2709.1	SolycHsfA2	TTCTAGAAKMTTCTA	4.60e-1	1.00e0	9.27e2	244	206	206	206	1	123	59.71	121	58.74
402	data/reference/motifs/JASPAR2026_CORE_plants_non-redundant_pfms_meme.txt	MA2708.1	SlDof4	AGAAAAAGTAA	2.05e-1	1.00e0	9.27e2	412	206	206	206	10	196	95.15	191	92.72
403	data/reference/motifs/JASPAR2026_CORE_plants_non-redundant_pfms_meme.txt	MA2752.1	TaOBF1b	TGCCACGTCATCATC	5.00e-1	1.00e0	9.27e2	271	206	206	206	7	2	0.97	1	0.49
404	data/reference/motifs/JASPAR2026_CORE_plants_non-redundant_pfms_meme.txt	MA2751.1	TraesCS2B02G304400	CCACTCGACC	5.00e-1	1.00e0	9.27e2	370	206	206	206	12	2	0.97	1	0.49
405	data/reference/motifs/JASPAR2026_CORE_plants_non-redundant_pfms_meme.txt	MA2750.1	TraesCS7B02G142200	TGTACGGAC	2.35e-1	1.00e0	9.27e2	385	206	206	206	8	11	5.34	7	3.40
406	data/reference/motifs/JASPAR2026_CORE_plants_non-redundant_pfms_meme.txt	MA2746.1	HB-HD-ZIP-2A-2	WTGCAATCATT	1.08e-1	1.00e0	9.27e2	412	206	206	206	3	205	99.51	201	97.57
407	data/reference/motifs/JASPAR2026_CORE_plants_non-redundant_pfms_meme.txt	MA2760.1	p2	CACCTAAC	1.08e-1	1.00e0	9.27e2	412	206	206	206	27	5	2.43	1	0.49
408	data/reference/motifs/JASPAR2026_CORE_plants_non-redundant_pfms_meme.txt	MA2758.1	ereb122	CCGACCA	2.33e-1	1.00e0	9.27e2	412	206	206	206	12	73	35.44	65	31.55
409	data/reference/motifs/JASPAR2026_CORE_plants_non-redundant_pfms_meme.txt	MA2757.1	pbf1	ATAAAGT	1.37e-1	1.00e0	9.27e2	412	206	206	206	19	198	96.12	192	93.20
410	data/reference/motifs/JASPAR2026_CORE_plants_non-redundant_pfms_meme.txt	MA2755.1	hsftf24	ACTAGAAGCTTCTGGAA	3.35e-1	1.00e0	9.27e2	285	206	206	206	1	145	70.39	140	67.96
411	data/reference/motifs/JASPAR2026_CORE_plants_non-redundant_pfms_meme.txt	MA2754.1	wrky38	CGTGGACC	3.83e-1	1.00e0	9.27e2	406	206	206	206	7	117	56.80	113	54.85
412	data/reference/motifs/JASPAR2026_CORE_plants_non-redundant_pfms_meme.txt	MA2753.1	cpp8	GAATTTGAAW	3.86e-1	1.00e0	9.27e2	412	206	206	206	10	201	97.57	199	96.60
413	data/reference/motifs/JASPAR2026_CORE_plants_non-redundant_pfms_meme.txt	MA2627.1	bzip9	CACGTCA	1.24e-1	1.00e0	9.27e2	412	206	206	206	28	3	1.46	0	0.00
414	data/reference/motifs/JASPAR2026_CORE_plants_non-redundant_pfms_meme.txt	MA2626.1	bzip40	GTGACGTGGC	3.12e-1	1.00e0	9.27e2	408	206	206	206	1	205	99.51	203	98.54
415	data/reference/motifs/JASPAR2026_CORE_plants_non-redundant_pfms_meme.txt	MA2623.1	hb66	CCAATCA	2.43e-1	1.00e0	9.27e2	412	206	206	206	42	33	16.02	27	13.11
416	data/reference/motifs/JASPAR2026_CORE_plants_non-redundant_pfms_meme.txt	MA2621.1	glk25	TGATTCCA	2.79e-1	1.00e0	9.27e2	412	206	206	206	23	50	24.27	44	21.36
417	data/reference/motifs/JASPAR2026_CORE_plants_non-redundant_pfms_meme.txt	MA2620.1	g2	CCTTATCC	2.49e-1	1.00e0	9.27e2	412	206	206	206	38	2	0.97	0	0.00
418	data/reference/motifs/JASPAR2026_CORE_plants_non-redundant_pfms_meme.txt	MA2619.1	ereb18	CCGCCGCCGCCCGCC	3.66e-1	1.00e0	9.27e2	162	206	206	206	2	53	25.73	49	23.79
419	data/reference/motifs/JASPAR2026_CORE_plants_non-redundant_pfms_meme.txt	MA2618.1	ereb102	CGACGGCGA	5.00e-1	1.00e0	9.27e2	333	206	206	206	2	131	63.59	130	63.11
420	data/reference/motifs/JASPAR2026_CORE_plants_non-redundant_pfms_meme.txt	MA2616.1	ereb17	CGCCGCCGCCGCCS	2.67e-1	1.00e0	9.27e2	141	206	206	206	1	74	35.92	67	32.52
421	data/reference/motifs/JASPAR2026_CORE_plants_non-redundant_pfms_meme.txt	MA2614.1	ereb198	SCGCCGCCGCCR	5.00e-1	1.00e0	9.27e2	153	206	206	206	11	4	1.94	3	1.46
422	data/reference/motifs/JASPAR2026_CORE_plants_non-redundant_pfms_meme.txt	MA2613.1	ereb34	GCCGCCGCCGCCCS	5.00e-1	1.00e0	9.27e2	158	206	206	206	13	4	1.94	3	1.46
423	data/reference/motifs/JASPAR2026_CORE_plants_non-redundant_pfms_meme.txt	MA2612.1	ereb147	ACGCCGAC	3.26e-1	1.00e0	9.27e2	388	206	206	206	7	55	26.70	50	24.27
424	data/reference/motifs/JASPAR2026_CORE_plants_non-redundant_pfms_meme.txt	MA2607.1	tcptf23	GGGACCAC	3.75e-1	1.00e0	9.27e2	406	206	206	206	16	6	2.91	4	1.94
425	data/reference/motifs/JASPAR2026_CORE_plants_non-redundant_pfms_meme.txt	MA2606.1	mybr43	CCTTATCC	2.87e-1	1.00e0	9.27e2	412	206	206	206	4	201	97.57	198	96.12
426	data/reference/motifs/JASPAR2026_CORE_plants_non-redundant_pfms_meme.txt	MA2605.1	mybr26	CCTTATCC	1.24e-1	1.00e0	9.27e2	412	206	206	206	31	3	1.46	0	0.00
427	data/reference/motifs/JASPAR2026_CORE_plants_non-redundant_pfms_meme.txt	MA1378.2	AIL6	TCCTCGA	3.43e-1	1.00e0	9.27e2	412	206	206	206	35	4	1.94	2	0.97
428	data/reference/motifs/JASPAR2026_CORE_plants_non-redundant_pfms_meme.txt	MA1776.3	MYB67	TACCTAACA	1.24e-1	1.00e0	9.27e2	411	206	206	206	18	3	1.46	0	0.00
429	data/reference/motifs/JASPAR2026_CORE_plants_non-redundant_pfms_meme.txt	MA2639.1	FUL::SOC1	TTCCATTTTTGG	1.56e-1	1.00e0	9.27e2	412	206	206	206	11	85	41.26	74	35.92
430	data/reference/motifs/JASPAR2026_CORE_plants_non-redundant_pfms_meme.txt	MA2638.1	FUL::SEP3	TTWCTATTTATAGTAA	6.79e-1	1.00e0	9.27e2	315	206	206	206	1	156	75.73	159	77.18
431	data/reference/motifs/JASPAR2026_CORE_plants_non-redundant_pfms_meme.txt	MA2636.1	FUL::AG	WCTTTCCATTTTTRGAAA	3.86e-1	1.00e0	9.27e2	308	206	206	206	5	7	3.40	5	2.43
432	data/reference/motifs/JASPAR2026_CORE_plants_non-redundant_pfms_meme.txt	MA2635.1	FUL	TTWCCAWAAATAGAAA	2.17e-1	1.00e0	9.27e2	381	206	206	206	6	26	12.62	20	9.71
433	data/reference/motifs/JASPAR2026_CORE_plants_non-redundant_pfms_meme.txt	MA2634.1	EIN3	AGATTCATTGAATCT	1.30e-1	1.00e0	9.27e2	312	206	206	206	7	9	4.37	4	1.94
434	data/reference/motifs/JASPAR2026_CORE_plants_non-redundant_pfms_meme.txt	MA2505.1	bZIP59	TGACAGCTGTCA	1.46e-1	1.00e0	9.27e2	342	206	206	206	8	39	18.93	30	14.56
435	data/reference/motifs/JASPAR2026_CORE_plants_non-redundant_pfms_meme.txt	MA2502.1	TMF	CTACAGTA	9.66e-2	1.00e0	9.27e2	412	206	206	206	10	128	62.14	114	55.34
436	data/reference/motifs/JASPAR2026_CORE_plants_non-redundant_pfms_meme.txt	MA1355.2	TRB2	WARCCCTAAWT	5.43e-1	1.00e0	9.27e2	255	206	206	206	2	63	30.58	63	30.58
437	data/reference/motifs/JASPAR2026_CORE_plants_non-redundant_pfms_meme.txt	MA1353.2	AT1G72740	RWTTAGGGTTT	3.43e-1	1.00e0	9.27e2	325	206	206	206	6	4	1.94	2	0.97
438	data/reference/motifs/JASPAR2026_CORE_plants_non-redundant_pfms_meme.txt	MA1322.3	SPL9	TCCGTAC	1.42e-1	1.00e0	9.27e2	406	206	206	206	16	6	2.91	2	0.97
439	data/reference/motifs/JASPAR2026_CORE_plants_non-redundant_pfms_meme.txt	MA1055.3	SPL1	TGTACGGA	1.61e-1	1.00e0	9.27e2	404	206	206	206	11	11	5.34	6	2.91
440	data/reference/motifs/JASPAR2026_CORE_plants_non-redundant_pfms_meme.txt	MA2479.1	TCX5	ATTCAAAT	2.25e-1	1.00e0	9.27e2	412	206	206	206	5	204	99.03	201	97.57
441	data/reference/motifs/JASPAR2026_CORE_plants_non-redundant_pfms_meme.txt	MA1320.2	SPL15	TGTACGGA	5.79e-1	1.00e0	9.27e2	171	206	206	206	1	85	41.26	86	41.75
442	data/reference/motifs/JASPAR2026_CORE_plants_non-redundant_pfms_meme.txt	MA1056.2	SPL11	CGTACGGA	2.72e-1	1.00e0	9.27e2	293	206	206	206	7	7	3.40	4	1.94
443	data/reference/motifs/JASPAR2026_CORE_plants_non-redundant_pfms_meme.txt	MA0586.3	SPL14	TCCGTAC	2.69e-1	1.00e0	9.27e2	204	206	206	206	2	44	21.36	38	18.45
444	data/reference/motifs/JASPAR2026_CORE_plants_non-redundant_pfms_meme.txt	MA1742.2	BIZP18	TGMCAGCTGK	3.75e-1	1.00e0	9.27e2	316	206	206	206	6	6	2.91	4	1.94
445	data/reference/motifs/JASPAR2026_CORE_plants_non-redundant_pfms_meme.txt	MA1672.2	GBF2	SACGTGGCA	5.00e-1	1.00e0	9.27e2	410	206	206	206	15	17	8.25	16	7.77
446	data/reference/motifs/JASPAR2026_CORE_plants_non-redundant_pfms_meme.txt	MA2476.1	KNAT7	TGACRKCT	2.35e-1	1.00e0	9.27e2	371	206	206	206	7	11	5.34	7	3.40
447	data/reference/motifs/JASPAR2026_CORE_plants_non-redundant_pfms_meme.txt	MA2474.1	HMGB10	TWATAA	4.00e-1	1.00e0	9.27e2	410	206	206	206	4	199	96.60	197	95.63
448	data/reference/motifs/JASPAR2026_CORE_plants_non-redundant_pfms_meme.txt	MA2461.1	WOX13	TTGATTGA	1.92e-1	1.00e0	9.27e2	412	206	206	206	10	191	92.72	185	89.81
449	data/reference/motifs/JASPAR2026_CORE_plants_non-redundant_pfms_meme.txt	MA2459.1	EDF3	RCAACAKA	2.34e-1	1.00e0	9.27e2	379	206	206	206	1	192	93.20	187	90.78
450	data/reference/motifs/JASPAR2026_CORE_plants_non-redundant_pfms_meme.txt	MA1205.1	AGL6	TTWCCAAAAAWGGAAAAWW	6.11e-1	1.00e0	9.27e2	276	206	206	206	3	29	14.08	30	14.56
451	data/reference/motifs/JASPAR2026_CORE_plants_non-redundant_pfms_meme.txt	MA1204.1	AGL13	TTWCCAAAAAWRGWAAAW	6.16e-1	1.00e0	9.27e2	212	206	206	206	1	105	50.97	107	51.94
452	data/reference/motifs/JASPAR2026_CORE_plants_non-redundant_pfms_meme.txt	MA1203.1	AGL63	TKCCAAAAATGGMAA	5.43e-1	1.00e0	9.27e2	322	206	206	206	3	61	29.61	61	29.61
453	data/reference/motifs/JASPAR2026_CORE_plants_non-redundant_pfms_meme.txt	MA1199.1	AGL16	TTTCCWTTTTDGGWA	1.33e-1	1.00e0	9.27e2	321	206	206	206	3	61	29.61	50	24.27
454	data/reference/motifs/JASPAR2026_CORE_plants_non-redundant_pfms_meme.txt	MA1188.1	At3g11280	AWYCTTATCTTHWY	2.05e-1	1.00e0	9.27e2	411	206	206	206	15	15	7.28	10	4.85
455	data/reference/motifs/JASPAR2026_CORE_plants_non-redundant_pfms_meme.txt	MA1042.1	MYB59	RTTAGGTA	3.12e-1	1.00e0	9.27e2	412	206	206	206	32	3	1.46	1	0.49
456	data/reference/motifs/JASPAR2026_CORE_plants_non-redundant_pfms_meme.txt	MA1040.1	MYB46	GKTAGGTR	1.64e-1	1.00e0	9.27e2	411	206	206	206	4	195	94.66	189	91.75
457	data/reference/motifs/JASPAR2026_CORE_plants_non-redundant_pfms_meme.txt	MA1036.1	MYB111	GKTAGGTR	1.08e-1	1.00e0	9.27e2	411	206	206	206	22	5	2.43	1	0.49
458	data/reference/motifs/JASPAR2026_CORE_plants_non-redundant_pfms_meme.txt	MA1012.1	AGL27	CTTTCYATTTTKGG	3.20e-1	1.00e0	9.27e2	325	206	206	206	3	50	24.27	45	21.84
459	data/reference/motifs/JASPAR2026_CORE_plants_non-redundant_pfms_meme.txt	MA0574.1	MYB15	CRACGGTAGGTGG	5.00e-1	1.00e0	9.27e2	63	206	206	206	3	1	0.49	0	0.00
460	data/reference/motifs/JASPAR2026_CORE_plants_non-redundant_pfms_meme.txt	MA0955.2	POPTR_0002s00440g	GTACGG	1.24e-1	1.00e0	9.27e2	412	206	206	206	9	206	100.00	203	98.54
461	data/reference/motifs/JASPAR2026_CORE_plants_non-redundant_pfms_meme.txt	MA2483.1	PK20543.1	TTAACC	1.32e-1	1.00e0	9.27e2	412	206	206	206	72	84	40.78	72	34.95
462	data/reference/motifs/JASPAR2026_CORE_plants_non-redundant_pfms_meme.txt	MA2482.1	PK27693.1	TTATC	3.16e-1	1.00e0	9.27e2	412	206	206	206	110	24	11.65	20	9.71
463	data/reference/motifs/JASPAR2026_CORE_plants_non-redundant_pfms_meme.txt	MA2478.1	PK13314.1	GGGCCCAC	2.21e-1	1.00e0	9.27e2	409	206	206	206	20	17	8.25	12	5.83
464	data/reference/motifs/JASPAR2026_CORE_plants_non-redundant_pfms_meme.txt	MA1021.2	PHYPADRAFT_48267	CACGTGC	1.19e-1	1.00e0	9.27e2	351	206	206	206	4	68	33.01	56	27.18
465	data/reference/motifs/JASPAR2026_CORE_plants_non-redundant_pfms_meme.txt	MA2040.2	ENAP2	CTCCGGCGA	5.00e-1	1.00e0	9.27e2	263	206	206	206	2	86	41.75	85	41.26
466	data/reference/motifs/JASPAR2026_CORE_plants_non-redundant_pfms_meme.txt	MA2039.2	ASIL2	CTCCGGCGA	5.00e-1	1.00e0	9.27e2	268	206	206	206	3	56	27.18	55	26.70
467	data/reference/motifs/JASPAR2026_CORE_plants_non-redundant_pfms_meme.txt	MA1366.2	DF1	RGTAAAAA	1.08e-1	1.00e0	9.27e2	412	206	206	206	7	197	95.63	190	92.23
468	data/reference/motifs/JASPAR2026_CORE_plants_non-redundant_pfms_meme.txt	MA1365.3	AT5G47660	GGTAAAA	2.25e-1	1.00e0	9.27e2	412	206	206	206	4	204	99.03	201	97.57
469	data/reference/motifs/JASPAR2026_CORE_plants_non-redundant_pfms_meme.txt	MA2032.2	TRB1	AAACCCTAA	2.25e-1	1.00e0	9.27e2	411	206	206	206	2	204	99.03	201	97.57
470	data/reference/motifs/JASPAR2026_CORE_plants_non-redundant_pfms_meme.txt	MA2031.2	AT5G04760	CTTATCY	2.29e-1	1.00e0	9.27e2	412	206	206	206	19	29	14.08	23	11.17
471	data/reference/motifs/JASPAR2026_CORE_plants_non-redundant_pfms_meme.txt	MA1825.2	Zm00001d044409	CTTATC	1.58e-1	1.00e0	9.27e2	412	206	206	206	15	156	75.73	146	70.87
472	data/reference/motifs/JASPAR2026_CORE_plants_non-redundant_pfms_meme.txt	MA1812.2	ASR1	AGGCCCAAT	3.32e-1	1.00e0	9.27e2	352	206	206	206	4	62	30.10	57	27.67
473	data/reference/motifs/JASPAR2026_CORE_plants_non-redundant_pfms_meme.txt	MA1802.2	TRP5	WAAACCY	1.89e-1	1.00e0	9.27e2	412	206	206	206	69	61	29.61	52	25.24
474	data/reference/motifs/JASPAR2026_CORE_plants_non-redundant_pfms_meme.txt	MA1793.2	NID1	TTATCC	2.49e-1	1.00e0	9.27e2	412	206	206	206	98	2	0.97	0	0.00
475	data/reference/motifs/JASPAR2026_CORE_plants_non-redundant_pfms_meme.txt	MA1408.2	FaEOBII	GTTAGGTA	1.86e-1	1.00e0	9.27e2	412	206	206	206	33	4	1.94	1	0.49
476	data/reference/motifs/JASPAR2026_CORE_plants_non-redundant_pfms_meme.txt	MA1196.2	AT5G05790	AWYCTTATCYTNWT	1.72e-1	1.00e0	9.27e2	411	206	206	206	13	18	8.74	12	5.83
477	data/reference/motifs/JASPAR2026_CORE_plants_non-redundant_pfms_meme.txt	MA1195.2	AT5G56840	AAYCTTATCCAWWW	1.61e-1	1.00e0	9.27e2	407	206	206	206	10	11	5.34	6	2.91
478	data/reference/motifs/JASPAR2026_CORE_plants_non-redundant_pfms_meme.txt	MA1194.2	AT3G10580	DWDWRGATAAGVWT	2.25e-1	1.00e0	9.27e2	412	206	206	206	2	204	99.03	201	97.57
479	data/reference/motifs/JASPAR2026_CORE_plants_non-redundant_pfms_meme.txt	MA1193.2	AT2G38090	WDWGGATAAGDAT	1.19e-1	1.00e0	9.27e2	408	206	206	206	4	165	80.10	154	74.76
480	data/reference/motifs/JASPAR2026_CORE_plants_non-redundant_pfms_meme.txt	MA1192.2	DIV1	WRGATAAGRTT	2.49e-1	1.00e0	9.27e2	409	206	206	206	14	2	0.97	0	0.00
481	data/reference/motifs/JASPAR2026_CORE_plants_non-redundant_pfms_meme.txt	MA1186.2	YAB4	AWYCTTATCYW	5.00e-1	1.00e0	9.27e2	412	206	206	206	20	2	0.97	1	0.49
482	data/reference/motifs/JASPAR2026_CORE_plants_non-redundant_pfms_meme.txt	MA0579.2	CDC5	GCTCAGCGC	2.49e-1	1.00e0	9.27e2	345	206	206	206	11	2	0.97	0	0.00
483	data/reference/motifs/JASPAR2026_CORE_plants_non-redundant_pfms_meme.txt	MA2042.2	MYB58	CCACCAACC	1.90e-1	1.00e0	9.27e2	412	206	206	206	25	8	3.88	4	1.94
484	data/reference/motifs/JASPAR2026_CORE_plants_non-redundant_pfms_meme.txt	MA2041.2	MYB13	YCACCAACCA	2.49e-1	1.00e0	9.27e2	411	206	206	206	33	2	0.97	0	0.00
485	data/reference/motifs/JASPAR2026_CORE_plants_non-redundant_pfms_meme.txt	MA2029.2	MYB88	ACGCTCCTC	3.83e-1	1.00e0	9.27e2	305	206	206	206	2	97	47.09	93	45.15
486	data/reference/motifs/JASPAR2026_CORE_plants_non-redundant_pfms_meme.txt	MA2028.2	MYB49	TTACCTAACTW	1.57e-1	1.00e0	9.27e2	409	206	206	206	8	88	42.72	77	37.38
487	data/reference/motifs/JASPAR2026_CORE_plants_non-redundant_pfms_meme.txt	MA2026.2	MYB108	TACCTAACTT	1.24e-1	1.00e0	9.27e2	410	206	206	206	13	3	1.46	0	0.00
488	data/reference/motifs/JASPAR2026_CORE_plants_non-redundant_pfms_meme.txt	MA2025.2	MYB93	TACCAAAC	1.97e-1	1.00e0	9.27e2	412	206	206	206	17	68	33.01	59	28.64
489	data/reference/motifs/JASPAR2026_CORE_plants_non-redundant_pfms_meme.txt	MA2024.2	MYB63	YCACCTACCAC	2.35e-1	1.00e0	9.27e2	394	206	206	206	11	11	5.34	7	3.40
490	data/reference/motifs/JASPAR2026_CORE_plants_non-redundant_pfms_meme.txt	MA2008.2	MYB99	CACCTAMY	3.12e-1	1.00e0	9.27e2	379	206	206	206	8	3	1.46	1	0.49
491	data/reference/motifs/JASPAR2026_CORE_plants_non-redundant_pfms_meme.txt	MA2007.2	MYB107	CACCAAAC	2.08e-1	1.00e0	9.27e2	412	206	206	206	27	9	4.37	5	2.43
492	data/reference/motifs/JASPAR2026_CORE_plants_non-redundant_pfms_meme.txt	MA1780.2	MYB92	ACCTAAC	3.01e-1	1.00e0	9.27e2	412	206	206	206	9	72	34.95	66	32.04
493	data/reference/motifs/JASPAR2026_CORE_plants_non-redundant_pfms_meme.txt	MA1779.2	MYB83	CACCAACM	1.08e-1	1.00e0	9.27e2	412	206	206	206	33	5	2.43	1	0.49
494	data/reference/motifs/JASPAR2026_CORE_plants_non-redundant_pfms_meme.txt	MA1778.2	MYB80	TYYACCTAMYTW	1.29e-1	1.00e0	9.27e2	412	206	206	206	10	58	28.16	47	22.82
495	data/reference/motifs/JASPAR2026_CORE_plants_non-redundant_pfms_meme.txt	MA1773.2	MYB51	YYYACCWACYW	3.46e-1	1.00e0	9.27e2	404	206	206	206	2	194	94.17	191	92.72
496	data/reference/motifs/JASPAR2026_CORE_plants_non-redundant_pfms_meme.txt	MA1772.2	MYB43	YTYACCWAMCWT	1.24e-1	1.00e0	9.27e2	363	206	206	206	8	3	1.46	0	0.00
497	data/reference/motifs/JASPAR2026_CORE_plants_non-redundant_pfms_meme.txt	MA1770.2	MYB40	YTYACCWAMY	9.34e-2	1.00e0	9.27e2	400	206	206	206	2	177	85.92	166	80.58
498	data/reference/motifs/JASPAR2026_CORE_plants_non-redundant_pfms_meme.txt	MA1769.2	MYB39	YYCACCTAMYTT	1.10e-1	1.00e0	9.27e2	405	206	206	206	10	8	3.88	3	1.46
499	data/reference/motifs/JASPAR2026_CORE_plants_non-redundant_pfms_meme.txt	MA1768.2	MYB30	CCAACYACCAMC	1.32e-1	1.00e0	9.27e2	412	206	206	206	7	134	65.05	122	59.22
500	data/reference/motifs/JASPAR2026_CORE_plants_non-redundant_pfms_meme.txt	MA1765.2	MYB121	TACCTAACW	1.24e-1	1.00e0	9.27e2	408	206	206	206	16	3	1.46	0	0.00
501	data/reference/motifs/JASPAR2026_CORE_plants_non-redundant_pfms_meme.txt	MA1764.2	MYB116	TGCCTAACTT	7.24e-1	1.00e0	9.27e2	308	206	206	206	2	91	44.17	96	46.60
502	data/reference/motifs/JASPAR2026_CORE_plants_non-redundant_pfms_meme.txt	MA1393.3	MYB70	AACCGTT	9.97e-2	1.00e0	9.27e2	411	206	206	206	10	104	50.49	90	43.69
503	data/reference/motifs/JASPAR2026_CORE_plants_non-redundant_pfms_meme.txt	MA1392.3	MYB98	WMCGTTAC	1.97e-1	1.00e0	9.27e2	395	206	206	206	5	68	33.01	59	28.64
504	data/reference/motifs/JASPAR2026_CORE_plants_non-redundant_pfms_meme.txt	MA1294.2	MYB62	WAGTTAGGY	2.46e-1	1.00e0	9.27e2	411	206	206	206	3	190	92.23	185	89.81
505	data/reference/motifs/JASPAR2026_CORE_plants_non-redundant_pfms_meme.txt	MA1293.2	MYB57	TACCTAACTT	2.49e-1	1.00e0	9.27e2	197	206	206	206	4	2	0.97	0	0.00
506	data/reference/motifs/JASPAR2026_CORE_plants_non-redundant_pfms_meme.txt	MA1292.2	MYB27	AAAAATTAGGTA	2.45e-1	1.00e0	9.27e2	194	206	206	206	1	101	49.03	93	45.15
507	data/reference/motifs/JASPAR2026_CORE_plants_non-redundant_pfms_meme.txt	MA1180.2	MYB3R4	WWWTRACCGTTR	4.19e-1	1.00e0	9.27e2	257	206	206	206	1	130	63.11	127	61.65
508	data/reference/motifs/JASPAR2026_CORE_plants_non-redundant_pfms_meme.txt	MA1176.2	MYB119	RWCCGTTACA	2.28e-1	1.00e0	9.27e2	381	206	206	206	1	193	93.69	188	91.26
509	data/reference/motifs/JASPAR2026_CORE_plants_non-redundant_pfms_meme.txt	MA1172.2	MYB3R5	AAWWDTDACCGTTR	3.12e-1	1.00e0	9.27e2	233	206	206	206	6	3	1.46	1	0.49
510	data/reference/motifs/JASPAR2026_CORE_plants_non-redundant_pfms_meme.txt	MA1170.2	MYB118	RWCCGTTACRWW	2.68e-1	1.00e0	9.27e2	267	206	206	206	1	137	66.50	130	63.11
511	data/reference/motifs/JASPAR2026_CORE_plants_non-redundant_pfms_meme.txt	MA1037.2	MYB24	GTTAGGY	3.03e-1	1.00e0	9.27e2	412	206	206	206	46	136	66.02	130	63.11
512	data/reference/motifs/JASPAR2026_CORE_plants_non-redundant_pfms_meme.txt	MA1030.2	P0510F09.23	WRMCCTA	2.29e-1	1.00e0	9.27e2	412	206	206	206	34	44	21.36	37	17.96
513	data/reference/motifs/JASPAR2026_CORE_plants_non-redundant_pfms_meme.txt	MA0576.2	RAX3	GGGGGTAGGTGS	5.00e-1	1.00e0	9.27e2	96	206	206	206	3	4	1.94	3	1.46
514	data/reference/motifs/JASPAR2026_CORE_plants_non-redundant_pfms_meme.txt	MA0575.2	MYB77	GACRGTTAS	1.32e-1	1.00e0	9.27e2	362	206	206	206	3	84	40.78	72	34.95
515	data/reference/motifs/JASPAR2026_CORE_plants_non-redundant_pfms_meme.txt	MA2023.2	PHL4	RGAATATTCC	2.76e-1	1.00e0	9.27e2	312	206	206	206	2	120	58.25	113	54.85
516	data/reference/motifs/JASPAR2026_CORE_plants_non-redundant_pfms_meme.txt	MA1737.2	AT5G05090	AGATHCG	1.87e-1	1.00e0	9.27e2	412	206	206	206	10	172	83.50	164	79.61
517	data/reference/motifs/JASPAR2026_CORE_plants_non-redundant_pfms_meme.txt	MA1735.2	AT2G38300	AAHATTCYHT	1.86e-1	1.00e0	9.27e2	412	206	206	206	3	205	99.51	202	98.06
518	data/reference/motifs/JASPAR2026_CORE_plants_non-redundant_pfms_meme.txt	MA1706.2	AT1G14600	WAYATTCT	8.72e-2	1.00e0	9.27e2	412	206	206	206	76	47	22.82	35	16.99
519	data/reference/motifs/JASPAR2026_CORE_plants_non-redundant_pfms_meme.txt	MA1390.3	HHO2	AAGATTCC	6.89e-1	1.00e0	9.27e2	412	206	206	206	11	100	48.54	104	50.49
520	data/reference/motifs/JASPAR2026_CORE_plants_non-redundant_pfms_meme.txt	MA1389.2	PHL1	AARGAATATTCB	3.43e-1	1.00e0	9.27e2	341	206	206	206	7	4	1.94	2	0.97
521	data/reference/motifs/JASPAR2026_CORE_plants_non-redundant_pfms_meme.txt	MA1387.2	HRS1	ATCRAAGATTCY	5.66e-1	1.00e0	9.27e2	402	206	206	206	2	186	90.29	186	90.29
522	data/reference/motifs/JASPAR2026_CORE_plants_non-redundant_pfms_meme.txt	MA1386.3	HHO3	AAGATTCT	5.41e-1	1.00e0	9.27e2	412	206	206	206	11	72	34.95	72	34.95
523	data/reference/motifs/JASPAR2026_CORE_plants_non-redundant_pfms_meme.txt	MA1383.2	KAN2	AATATTCTTT	2.51e-1	1.00e0	9.27e2	408	206	206	206	3	189	91.75	184	89.32
524	data/reference/motifs/JASPAR2026_CORE_plants_non-redundant_pfms_meme.txt	MA1168.2	MYR2	RGAATMTT	2.49e-1	1.00e0	9.27e2	402	206	206	206	13	2	0.97	0	0.00
525	data/reference/motifs/JASPAR2026_CORE_plants_non-redundant_pfms_meme.txt	MA1167.2	EFM	RGAATATTC	3.20e-1	1.00e0	9.27e2	393	206	206	206	1	198	96.12	195	94.66
526	data/reference/motifs/JASPAR2026_CORE_plants_non-redundant_pfms_meme.txt	MA1166.2	PHL12	AARRGAATATTC	1.61e-1	1.00e0	9.27e2	297	206	206	206	3	45	21.84	36	17.48
527	data/reference/motifs/JASPAR2026_CORE_plants_non-redundant_pfms_meme.txt	MA1165.3	HHO6	AGATTCT	4.59e-1	1.00e0	9.27e2	412	206	206	206	10	131	63.59	129	62.62
528	data/reference/motifs/JASPAR2026_CORE_plants_non-redundant_pfms_meme.txt	MA1164.2	HHO5	RAAGATTC	7.51e-1	1.00e0	9.27e2	404	206	206	206	16	1	0.49	1	0.49
529	data/reference/motifs/JASPAR2026_CORE_plants_non-redundant_pfms_meme.txt	MA1163.3	PHL11	AGAATATTCT	2.03e-1	1.00e0	9.27e2	373	206	206	206	2	189	91.75	183	88.83
530	data/reference/motifs/JASPAR2026_CORE_plants_non-redundant_pfms_meme.txt	MA1409.2	OsRR22	AGATACGST	4.18e-1	1.00e0	9.27e2	407	206	206	206	5	135	65.53	132	64.08
531	data/reference/motifs/JASPAR2026_CORE_plants_non-redundant_pfms_meme.txt	MA0949.2	ARR2	MGWATCTT	1.10e-1	1.00e0	9.27e2	411	206	206	206	9	82	39.81	69	33.50
532	data/reference/motifs/JASPAR2026_CORE_plants_non-redundant_pfms_meme.txt	MA0948.2	ARR18	AGATACG	5.00e-1	1.00e0	9.27e2	412	206	206	206	24	142	68.93	141	68.45
533	data/reference/motifs/JASPAR2026_CORE_plants_non-redundant_pfms_meme.txt	MA0945.2	ARR1	RDATCT	2.03e-1	1.00e0	9.27e2	412	206	206	206	90	23	11.17	17	8.25
534	data/reference/motifs/JASPAR2026_CORE_plants_non-redundant_pfms_meme.txt	MA2022.2	LOB	CCGCCGCCGCMGC	2.49e-1	1.00e0	9.27e2	167	206	206	206	22	2	0.97	0	0.00
535	data/reference/motifs/JASPAR2026_CORE_plants_non-redundant_pfms_meme.txt	MA2021.2	LBD13	TCCACCGT	2.49e-1	1.00e0	9.27e2	404	206	206	206	34	2	0.97	0	0.00
536	data/reference/motifs/JASPAR2026_CORE_plants_non-redundant_pfms_meme.txt	MA1281.2	DOF5.1	AAAAAGWAAAAARAAAAAR	1.73e-1	1.00e0	9.27e2	412	206	206	206	10	164	79.61	155	75.24
537	data/reference/motifs/JASPAR2026_CORE_plants_non-redundant_pfms_meme.txt	MA1280.2	DOF5.4	AAAAAGK	1.85e-1	1.00e0	9.27e2	412	206	206	206	11	192	93.20	186	90.29
538	data/reference/motifs/JASPAR2026_CORE_plants_non-redundant_pfms_meme.txt	MA1278.2	DOF3.4	TTYTTTTTTWVCTTTTT	1.24e-1	1.00e0	9.27e2	412	206	206	206	36	3	1.46	0	0.00
539	data/reference/motifs/JASPAR2026_CORE_plants_non-redundant_pfms_meme.txt	MA1277.2	DOF1.7	AAAAAGTARAA	2.13e-1	1.00e0	9.27e2	412	206	206	206	13	195	94.66	190	92.23
540	data/reference/motifs/JASPAR2026_CORE_plants_non-redundant_pfms_meme.txt	MA1276.2	DOF3.5	AWAAAGK	3.30e-1	1.00e0	9.27e2	412	206	206	206	9	151	73.30	146	70.87
541	data/reference/motifs/JASPAR2026_CORE_plants_non-redundant_pfms_meme.txt	MA1275.2	DOF1.6	AWAAAGTR	3.33e-1	1.00e0	9.27e2	412	206	206	206	13	147	71.36	142	68.93
542	data/reference/motifs/JASPAR2026_CORE_plants_non-redundant_pfms_meme.txt	MA1273.2	DOF4.2	AAAAAGGYAAA	1.46e-1	1.00e0	9.27e2	412	206	206	206	17	10	4.85	5	2.43
543	data/reference/motifs/JASPAR2026_CORE_plants_non-redundant_pfms_meme.txt	MA1272.3	DOF2.2	AAAAAG	4.22e-1	1.00e0	9.27e2	411	206	206	206	8	104	50.49	101	49.03
544	data/reference/motifs/JASPAR2026_CORE_plants_non-redundant_pfms_meme.txt	MA1270.2	DOF3.2	TWACTTTTTNNYTTTT	3.34e-1	1.00e0	9.27e2	412	206	206	206	17	13	6.31	10	4.85
545	data/reference/motifs/JASPAR2026_CORE_plants_non-redundant_pfms_meme.txt	MA1269.2	DOF4.5	AWAAAGTWRCTTT	2.71e-1	1.00e0	9.27e2	412	206	206	206	10	131	63.59	124	60.19
546	data/reference/motifs/JASPAR2026_CORE_plants_non-redundant_pfms_meme.txt	MA1267.2	DOF5.8	TTTTTHYTTTTTACTTTTT	1.85e-1	1.00e0	9.27e2	412	206	206	206	7	192	93.20	186	90.29
547	data/reference/motifs/JASPAR2026_CORE_plants_non-redundant_pfms_meme.txt	MA1755.2	GATA4	GATC	2.61e-1	1.00e0	9.27e2	412	206	206	206	98	172	83.50	166	80.58
548	data/reference/motifs/JASPAR2026_CORE_plants_non-redundant_pfms_meme.txt	MA1323.2	GATA19	GATCBGATY	1.08e-1	1.00e0	9.27e2	403	206	206	206	13	5	2.43	1	0.49
549	data/reference/motifs/JASPAR2026_CORE_plants_non-redundant_pfms_meme.txt	MA1017.2	GATA8	GATCY	3.43e-1	1.00e0	9.27e2	412	206	206	206	106	4	1.94	2	0.97
550	data/reference/motifs/JASPAR2026_CORE_plants_non-redundant_pfms_meme.txt	MA1016.2	GATA15	GATC	3.11e-1	1.00e0	9.27e2	412	206	206	206	114	114	55.34	108	52.43
551	data/reference/motifs/JASPAR2026_CORE_plants_non-redundant_pfms_meme.txt	MA1015.2	GATA12	AGATCT	1.86e-1	1.00e0	9.27e2	412	206	206	206	150	4	1.94	1	0.49
552	data/reference/motifs/JASPAR2026_CORE_plants_non-redundant_pfms_meme.txt	MA0585.2	AGL1	TTDCCWWWWWDGGWAA	2.15e-1	1.00e0	9.27e2	405	206	206	206	9	57	27.67	49	23.79
553	data/reference/motifs/JASPAR2026_CORE_plants_non-redundant_pfms_meme.txt	MA0584.2	SEP1	CCAWAWWTRGWAA	2.76e-1	1.00e0	9.27e2	386	206	206	206	5	93	45.15	86	41.75
554	data/reference/motifs/JASPAR2026_CORE_plants_non-redundant_pfms_meme.txt	MA0555.2	SVP	WWWCCAAAAAWGGAAA	9.83e-2	1.00e0	9.27e2	390	206	206	206	4	97	47.09	83	40.29
555	data/reference/motifs/JASPAR2026_CORE_plants_non-redundant_pfms_meme.txt	MA0082.2	squamosa	MCAWAWATRGWAA	1.85e-1	1.00e0	9.27e2	412	206	206	206	7	198	96.12	193	93.69
556	data/reference/motifs/JASPAR2026_CORE_plants_non-redundant_pfms_meme.txt	MA0005.3	AG	TTWCCWAAWHDGGHAA	1.86e-1	1.00e0	9.27e2	393	206	206	206	12	4	1.94	1	0.49
557	data/reference/motifs/JASPAR2026_CORE_plants_non-redundant_pfms_meme.txt	MA1330.2	ZHD6	AAWHRTAATTAA	1.18e-1	1.00e0	9.27e2	412	206	206	206	15	106	51.46	93	45.15
558	data/reference/motifs/JASPAR2026_CORE_plants_non-redundant_pfms_meme.txt	MA1329.3	ZHD1	AYTAATTAA	2.89e-1	1.00e0	9.27e2	412	206	206	206	27	58	28.16	52	25.24
559	data/reference/motifs/JASPAR2026_CORE_plants_non-redundant_pfms_meme.txt	MA1213.3	ZHD3	CAATTATTG	1.87e-1	1.00e0	9.27e2	410	206	206	206	12	104	50.49	94	45.63
560	data/reference/motifs/JASPAR2026_CORE_plants_non-redundant_pfms_meme.txt	MA1824.2	Zm00001d005692	CAATAATT	2.76e-1	1.00e0	9.27e2	412	206	206	206	40	96	46.60	89	43.20
561	data/reference/motifs/JASPAR2026_CORE_plants_non-redundant_pfms_meme.txt	MA1757.2	HDG7	DCATTAAWTR	7.26e-1	1.00e0	9.27e2	411	206	206	206	8	119	57.77	124	60.19
562	data/reference/motifs/JASPAR2026_CORE_plants_non-redundant_pfms_meme.txt	MA1406.2	ATHB-4	YAATSATTG	3.23e-1	1.00e0	9.27e2	412	206	206	206	24	26	12.62	22	10.68
563	data/reference/motifs/JASPAR2026_CORE_plants_non-redundant_pfms_meme.txt	MA1375.2	ANL2	GCATTAATTR	3.67e-1	1.00e0	9.27e2	411	206	206	206	11	54	26.21	50	24.27
564	data/reference/motifs/JASPAR2026_CORE_plants_non-redundant_pfms_meme.txt	MA1369.2	HDG1	YAATTAATGM	4.01e-1	1.00e0	9.27e2	411	206	206	206	14	41	19.90	38	18.45
565	data/reference/motifs/JASPAR2026_CORE_plants_non-redundant_pfms_meme.txt	MA1327.3	ATHB-23	TAATTAA	8.74e-2	1.00e0	9.27e2	412	206	206	206	2	204	99.03	199	96.60
566	data/reference/motifs/JASPAR2026_CORE_plants_non-redundant_pfms_meme.txt	MA1215.2	ATHB-53	CAATAATTG	2.77e-1	1.00e0	9.27e2	408	206	206	206	8	115	55.83	108	52.43
567	data/reference/motifs/JASPAR2026_CORE_plants_non-redundant_pfms_meme.txt	MA1212.2	ATHB-13	YAATAATT	2.64e-1	1.00e0	9.27e2	412	206	206	206	10	143	69.42	136	66.02
568	data/reference/motifs/JASPAR2026_CORE_plants_non-redundant_pfms_meme.txt	MA1211.2	ATHB-X	YAATYATTD	3.07e-1	1.00e0	9.27e2	411	206	206	206	13	41	19.90	36	17.48
569	data/reference/motifs/JASPAR2026_CORE_plants_non-redundant_pfms_meme.txt	MA1209.2	ATHB-20	YAATAATT	2.23e-1	1.00e0	9.27e2	398	206	206	206	13	10	4.85	6	2.91
570	data/reference/motifs/JASPAR2026_CORE_plants_non-redundant_pfms_meme.txt	MA1198.2	HAT2	YAATCATT	1.61e-1	1.00e0	9.27e2	412	206	206	206	11	120	58.25	109	52.91
571	data/reference/motifs/JASPAR2026_CORE_plants_non-redundant_pfms_meme.txt	MA1026.3	ATHB-15	AWDRTAATGATKA	1.30e-1	1.00e0	9.27e2	397	206	206	206	11	9	4.37	4	1.94
572	data/reference/motifs/JASPAR2026_CORE_plants_non-redundant_pfms_meme.txt	MA1024.2	HAT1	YAATCATK	1.42e-1	1.00e0	9.27e2	412	206	206	206	15	6	2.91	2	0.97
573	data/reference/motifs/JASPAR2026_CORE_plants_non-redundant_pfms_meme.txt	MA0990.2	HDG11	AWTWAATGC	2.72e-1	1.00e0	9.27e2	412	206	206	206	50	166	80.58	160	77.67
574	data/reference/motifs/JASPAR2026_CORE_plants_non-redundant_pfms_meme.txt	MA0954.3	ATHB-7	TCAATGATTGR	1.85e-1	1.00e0	9.27e2	406	206	206	206	10	13	6.31	8	3.88
575	data/reference/motifs/JASPAR2026_CORE_plants_non-redundant_pfms_meme.txt	MA0953.2	ATHB-6	CAATHAT	3.47e-1	1.00e0	9.27e2	412	206	206	206	120	102	49.51	97	47.09
576	data/reference/motifs/JASPAR2026_CORE_plants_non-redundant_pfms_meme.txt	MA0008.4	HAT5	CAATAATTG	1.38e-1	1.00e0	9.27e2	407	206	206	206	8	99	48.06	87	42.23
577	data/reference/motifs/JASPAR2026_CORE_plants_non-redundant_pfms_meme.txt	MA2020.2	HSFB4	GAAGTTTCCR	2.41e-1	1.00e0	9.27e2	396	206	206	206	5	87	42.23	79	38.35
578	data/reference/motifs/JASPAR2026_CORE_plants_non-redundant_pfms_meme.txt	MA2019.2	HSFA1B	GAAACTTC	3.63e-1	1.00e0	9.27e2	412	206	206	206	6	160	77.67	156	75.73
579	data/reference/motifs/JASPAR2026_CORE_plants_non-redundant_pfms_meme.txt	MA1761.2	HSFB3	AAGCTTCTAGAA	3.50e-1	1.00e0	9.27e2	397	206	206	206	8	16	7.77	13	6.31
580	data/reference/motifs/JASPAR2026_CORE_plants_non-redundant_pfms_meme.txt	MA1667.3	HSFC1	TTCYAGAA	1.24e-1	1.00e0	9.27e2	410	206	206	206	5	162	78.64	151	73.30
581	data/reference/motifs/JASPAR2026_CORE_plants_non-redundant_pfms_meme.txt	MA1666.3	HSFB2B	RGAAGSTTCTA	2.67e-1	1.00e0	9.27e2	378	206	206	206	2	169	82.04	163	79.13
582	data/reference/motifs/JASPAR2026_CORE_plants_non-redundant_pfms_meme.txt	MA1665.3	HSFB2A	RGAAGSTTCY	3.28e-1	1.00e0	9.27e2	385	206	206	206	9	12	5.83	9	4.37
583	data/reference/motifs/JASPAR2026_CORE_plants_non-redundant_pfms_meme.txt	MA1664.3	HSFA6B	TTCTRGAA	1.62e-1	1.00e0	9.27e2	412	206	206	206	10	113	54.85	102	49.51
584	data/reference/motifs/JASPAR2026_CORE_plants_non-redundant_pfms_meme.txt	MA1382.2	FAR1	YCACGCGCY	4.53e-1	1.00e0	9.27e2	92	206	206	206	1	47	22.82	45	21.84
585	data/reference/motifs/JASPAR2026_CORE_plants_non-redundant_pfms_meme.txt	MA0557.2	FHY3	CACGCGCT	1.40e-1	1.00e0	9.27e2	362	206	206	206	6	37	17.96	28	13.59
586	data/reference/motifs/JASPAR2026_CORE_plants_non-redundant_pfms_meme.txt	MA1318.2	WRKY27	CGTTGACTTTT	2.33e-1	1.00e0	9.27e2	267	206	206	206	3	30	14.56	24	11.65
587	data/reference/motifs/JASPAR2026_CORE_plants_non-redundant_pfms_meme.txt	MA1315.2	WRKY24	CGTTGACTTTT	1.24e-1	1.00e0	9.27e2	334	206	206	206	5	18	8.74	11	5.34
588	data/reference/motifs/JASPAR2026_CORE_plants_non-redundant_pfms_meme.txt	MA1314.2	WRKY14	AAAGTCAACG	1.12e-1	1.00e0	9.27e2	333	206	206	206	4	29	14.08	20	9.71
589	data/reference/motifs/JASPAR2026_CORE_plants_non-redundant_pfms_meme.txt	MA1312.2	WRKY47	CGTTGACYW	1.42e-1	1.00e0	9.27e2	391	206	206	206	9	6	2.91	2	0.97
590	data/reference/motifs/JASPAR2026_CORE_plants_non-redundant_pfms_meme.txt	MA1311.3	WRKY28	RGTCAAC	3.01e-1	1.00e0	9.27e2	412	206	206	206	9	140	67.96	134	65.05
591	data/reference/motifs/JASPAR2026_CORE_plants_non-redundant_pfms_meme.txt	MA1310.2	WRKY42	CGTTGACT	2.34e-1	1.00e0	9.27e2	346	206	206	206	3	75	36.41	67	32.52
592	data/reference/motifs/JASPAR2026_CORE_plants_non-redundant_pfms_meme.txt	MA1307.3	WRKY31	RGTCAACG	3.59e-1	1.00e0	9.27e2	402	206	206	206	3	164	79.61	160	77.67
593	data/reference/motifs/JASPAR2026_CORE_plants_non-redundant_pfms_meme.txt	MA1306.2	WRKY11	CGTTGACTTTT	1.46e-1	1.00e0	9.27e2	330	206	206	206	5	15	7.28	9	4.37
594	data/reference/motifs/JASPAR2026_CORE_plants_non-redundant_pfms_meme.txt	MA1302.2	WRKY65	AAAGTCAACG	2.70e-1	1.00e0	9.27e2	359	206	206	206	3	80	38.83	73	35.44
595	data/reference/motifs/JASPAR2026_CORE_plants_non-redundant_pfms_meme.txt	MA1301.2	WRKY33	AAAGTCAACG	1.10e-1	1.00e0	9.27e2	330	206	206	206	4	37	17.96	27	13.11
596	data/reference/motifs/JASPAR2026_CORE_plants_non-redundant_pfms_meme.txt	MA1299.2	WRKY17	AAAGTCAACG	1.10e-1	1.00e0	9.27e2	348	206	206	206	1	179	86.89	169	82.04
597	data/reference/motifs/JASPAR2026_CORE_plants_non-redundant_pfms_meme.txt	MA1298.2	WRKY29	AAAGTCAAC	2.73e-1	1.00e0	9.27e2	395	206	206	206	3	128	62.14	121	58.74
598	data/reference/motifs/JASPAR2026_CORE_plants_non-redundant_pfms_meme.txt	MA1297.2	WRKY26	AAAAGTCAACG	1.69e-1	1.00e0	9.27e2	322	206	206	206	6	7	3.40	3	1.46
599	data/reference/motifs/JASPAR2026_CORE_plants_non-redundant_pfms_meme.txt	MA1295.2	WRKY20	CGTTGACY	2.58e-1	1.00e0	9.27e2	377	206	206	206	5	39	18.93	33	16.02
600	data/reference/motifs/JASPAR2026_CORE_plants_non-redundant_pfms_meme.txt	MA1094.3	WRKY8	AAAAGTCAACG	2.84e-1	1.00e0	9.27e2	367	206	206	206	5	31	15.05	26	12.62
601	data/reference/motifs/JASPAR2026_CORE_plants_non-redundant_pfms_meme.txt	MA1093.2	WRKY75	RGTCAAC	2.45e-1	1.00e0	9.27e2	366	206	206	206	4	53	25.73	46	22.33
602	data/reference/motifs/JASPAR2026_CORE_plants_non-redundant_pfms_meme.txt	MA1092.2	WRKY63	GGTCAA	3.11e-1	1.00e0	9.27e2	396	206	206	206	4	111	53.88	105	50.97
603	data/reference/motifs/JASPAR2026_CORE_plants_non-redundant_pfms_meme.txt	MA1089.2	WRKY57	RGTCAA	1.37e-1	1.00e0	9.27e2	412	206	206	206	59	95	46.12	83	40.29
604	data/reference/motifs/JASPAR2026_CORE_plants_non-redundant_pfms_meme.txt	MA1088.2	WRKY48	GTCAA	1.39e-1	1.00e0	9.27e2	412	206	206	206	83	115	55.83	103	50.00
605	data/reference/motifs/JASPAR2026_CORE_plants_non-redundant_pfms_meme.txt	MA1086.2	WRKY43	RGTCAA	2.15e-1	1.00e0	9.27e2	412	206	206	206	59	157	76.21	149	72.33
606	data/reference/motifs/JASPAR2026_CORE_plants_non-redundant_pfms_meme.txt	MA1083.3	WRKY30	ARGTCAACG	5.00e-1	1.00e0	9.27e2	401	206	206	206	7	36	17.48	35	16.99
607	data/reference/motifs/JASPAR2026_CORE_plants_non-redundant_pfms_meme.txt	MA1081.3	WRKY25	RGTCAACG	5.00e-1	1.00e0	9.27e2	408	206	206	206	16	1	0.49	0	0.00
608	data/reference/motifs/JASPAR2026_CORE_plants_non-redundant_pfms_meme.txt	MA1079.3	WRKY21	AAAAGTCAACG	1.27e-1	1.00e0	9.27e2	364	206	206	206	5	25	12.14	17	8.25
609	data/reference/motifs/JASPAR2026_CORE_plants_non-redundant_pfms_meme.txt	MA1078.2	WRKY2	GGTCAAM	4.14e-1	1.00e0	9.27e2	410	206	206	206	3	196	95.15	194	94.17
610	data/reference/motifs/JASPAR2026_CORE_plants_non-redundant_pfms_meme.txt	MA1077.2	WRKY18	RGTCAA	1.08e-1	1.00e0	9.27e2	412	206	206	206	5	205	99.51	201	97.57
611	data/reference/motifs/JASPAR2026_CORE_plants_non-redundant_pfms_meme.txt	MA1076.3	WRKY15	RGTCAACG	5.00e-1	1.00e0	9.27e2	407	206	206	206	3	186	90.29	185	89.81
612	data/reference/motifs/JASPAR2026_CORE_plants_non-redundant_pfms_meme.txt	MA0589.2	WRKY1	TTGACCGAGY	1.24e-1	1.00e0	9.27e2	294	206	206	206	8	3	1.46	0	0.00
613	data/reference/motifs/JASPAR2026_CORE_plants_non-redundant_pfms_meme.txt	MA2053.2	NAC105	CAAGCAACC	1.92e-1	1.00e0	9.27e2	412	206	206	206	12	64	31.07	55	26.70
614	data/reference/motifs/JASPAR2026_CORE_plants_non-redundant_pfms_meme.txt	MA2051.2	NAC68	ACAAGTAW	2.55e-1	1.00e0	9.27e2	412	206	206	206	30	23	11.17	18	8.74
615	data/reference/motifs/JASPAR2026_CORE_plants_non-redundant_pfms_meme.txt	MA2050.2	NAC101	CAAGCAA	1.58e-1	1.00e0	9.27e2	412	206	206	206	25	44	21.36	35	16.99
616	data/reference/motifs/JASPAR2026_CORE_plants_non-redundant_pfms_meme.txt	MA2046.2	NAC035	CACGGCA	1.16e-1	1.00e0	9.27e2	412	206	206	206	17	17	8.25	10	4.85
617	data/reference/motifs/JASPAR2026_CORE_plants_non-redundant_pfms_meme.txt	MA2037.2	NAC096	CAAGTAA	1.10e-1	1.00e0	9.27e2	412	206	206	206	27	8	3.88	3	1.46
618	data/reference/motifs/JASPAR2026_CORE_plants_non-redundant_pfms_meme.txt	MA1675.2	NAC029	ACGCAACT	2.77e-1	1.00e0	9.27e2	410	206	206	206	6	109	52.91	102	49.51
619	data/reference/motifs/JASPAR2026_CORE_plants_non-redundant_pfms_meme.txt	MA1674.3	NAC017	CAAGTAA	1.38e-1	1.00e0	9.27e2	412	206	206	206	19	100	48.54	88	42.72
620	data/reference/motifs/JASPAR2026_CORE_plants_non-redundant_pfms_meme.txt	MA1663.3	NAC050	CAAGTAAC	9.77e-2	1.00e0	9.27e2	412	206	206	206	9	183	88.83	173	83.98
621	data/reference/motifs/JASPAR2026_CORE_plants_non-redundant_pfms_meme.txt	MA1427.3	NAC028	CAAGTAA	8.81e-2	1.00e0	9.27e2	412	206	206	206	18	143	69.42	129	62.62
622	data/reference/motifs/JASPAR2026_CORE_plants_non-redundant_pfms_meme.txt	MA1045.2	NAC043	TWACGTAA	2.13e-1	1.00e0	9.27e2	411	206	206	206	4	187	90.78	181	87.86
623	data/reference/motifs/JASPAR2026_CORE_plants_non-redundant_pfms_meme.txt	MA1414.2	E2FA	GCGCCA	9.85e-2	1.00e0	9.27e2	401	206	206	206	12	20	9.71	12	5.83
624	data/reference/motifs/JASPAR2026_CORE_plants_non-redundant_pfms_meme.txt	MA1813.2	EIL4	TWCAATGAA	3.77e-1	1.00e0	9.27e2	411	206	206	206	9	140	67.96	136	66.02
625	data/reference/motifs/JASPAR2026_CORE_plants_non-redundant_pfms_meme.txt	MA1809.2	GLYMA-07G038400	CTGACAC	2.08e-1	1.00e0	9.27e2	412	206	206	206	7	201	97.57	197	95.63
626	data/reference/motifs/JASPAR2026_CORE_plants_non-redundant_pfms_meme.txt	MA1756.2	GRF9	TGTCAGA	3.82e-1	1.00e0	9.27e2	399	206	206	206	4	122	59.22	118	57.28
627	data/reference/motifs/JASPAR2026_CORE_plants_non-redundant_pfms_meme.txt	MA0969.2	CAMTA2	VCGCGT	9.92e-2	1.00e0	9.27e2	412	206	206	206	13	101	49.03	87	42.23
628	data/reference/motifs/JASPAR2026_CORE_plants_non-redundant_pfms_meme.txt	MA2016.2	GRF6	TCTGACA	2.49e-1	1.00e0	9.27e2	284	206	206	206	8	2	0.97	0	0.00
629	data/reference/motifs/JASPAR2026_CORE_plants_non-redundant_pfms_meme.txt	MA2052.2	ZAT6	AATGATTG	1.37e-1	1.00e0	9.27e2	412	206	206	206	22	187	90.78	179	86.89
630	data/reference/motifs/JASPAR2026_CORE_plants_non-redundant_pfms_meme.txt	MA1801.2	TREE1	AGCTD	9.15e-2	1.00e0	9.27e2	412	206	206	206	73	138	66.99	124	60.19
631	data/reference/motifs/JASPAR2026_CORE_plants_non-redundant_pfms_meme.txt	MA1736.2	AT5G04390	TCACT	1.19e-1	1.00e0	9.27e2	412	206	206	206	23	31	15.05	22	10.68
632	data/reference/motifs/JASPAR2026_CORE_plants_non-redundant_pfms_meme.txt	MA1405.2	SIZF2	ACTGACAGT	1.08e-1	1.00e0	9.27e2	399	206	206	206	19	5	2.43	1	0.49
633	data/reference/motifs/JASPAR2026_CORE_plants_non-redundant_pfms_meme.txt	MA1381.2	AT3G46070	TCACTCT	1.84e-1	1.00e0	9.27e2	412	206	206	206	10	125	60.68	115	55.83
634	data/reference/motifs/JASPAR2026_CORE_plants_non-redundant_pfms_meme.txt	MA1374.2	IDD7	ASAAAACGACAAAA	5.00e-1	1.00e0	9.27e2	291	206	206	206	3	41	19.90	40	19.42
635	data/reference/motifs/JASPAR2026_CORE_plants_non-redundant_pfms_meme.txt	MA1372.2	ZAT10	CACTNHCACT	3.50e-1	1.00e0	9.27e2	412	206	206	206	12	171	83.01	167	81.07
636	data/reference/motifs/JASPAR2026_CORE_plants_non-redundant_pfms_meme.txt	MA1371.2	IDD4	ASAAAAMGACAAAAA	1.24e-1	1.00e0	9.27e2	316	206	206	206	7	3	1.46	0	0.00
637	data/reference/motifs/JASPAR2026_CORE_plants_non-redundant_pfms_meme.txt	MA1158.2	MGP	AAAACGACAAAAA	2.56e-1	1.00e0	9.27e2	305	206	206	206	4	13	6.31	9	4.37
638	data/reference/motifs/JASPAR2026_CORE_plants_non-redundant_pfms_meme.txt	MA1157.2	NUC	TTTTGTCGTTTT	1.24e-1	1.00e0	9.27e2	349	206	206	206	8	3	1.46	0	0.00
639	data/reference/motifs/JASPAR2026_CORE_plants_non-redundant_pfms_meme.txt	MA2015.2	NAC002	ACGCAACT	2.49e-1	1.00e0	9.27e2	412	206	206	206	22	2	0.97	0	0.00
640	data/reference/motifs/JASPAR2026_CORE_plants_non-redundant_pfms_meme.txt	MA1743.2	BZIP2	TGCTGACGTGGCA	6.33e-1	1.00e0	9.27e2	104	206	206	206	1	51	24.76	53	25.73
641	data/reference/motifs/JASPAR2026_CORE_plants_non-redundant_pfms_meme.txt	MA1345.2	BZIP48	GCCACGTCAGCA	6.36e-1	1.00e0	9.27e2	98	206	206	206	1	48	23.30	50	24.27
642	data/reference/motifs/JASPAR2026_CORE_plants_non-redundant_pfms_meme.txt	MA1341.2	BZIP53	TGCTGACGTGGCA	5.00e-1	1.00e0	9.27e2	104	206	206	206	2	10	4.85	9	4.37
643	data/reference/motifs/JASPAR2026_CORE_plants_non-redundant_pfms_meme.txt	MA1340.2	BZIP3	TGMTGACGTGGCA	6.88e-1	1.00e0	9.27e2	158	206	206	206	4	2	0.97	2	0.97
644	data/reference/motifs/JASPAR2026_CORE_plants_non-redundant_pfms_meme.txt	MA1337.2	BZIP44	WGCTGACGTGGCA	6.41e-1	1.00e0	9.27e2	88	206	206	206	1	43	20.87	45	21.84
645	data/reference/motifs/JASPAR2026_CORE_plants_non-redundant_pfms_meme.txt	MA1334.2	BZIP11	TGCCACGTCAGCA	7.49e-1	1.00e0	9.27e2	109	206	206	206	1	52	25.24	57	27.67
646	data/reference/motifs/JASPAR2026_CORE_plants_non-redundant_pfms_meme.txt	MA1803.2	VIP1	TGMCAGCTGT	1.96e-1	1.00e0	9.27e2	278	206	206	206	2	67	32.52	58	28.16
647	data/reference/motifs/JASPAR2026_CORE_plants_non-redundant_pfms_meme.txt	MA1744.2	BZIP30	GMCAGCTGK	1.92e-1	1.00e0	9.27e2	411	206	206	206	18	21	10.19	15	7.28
648	data/reference/motifs/JASPAR2026_CORE_plants_non-redundant_pfms_meme.txt	MA1343.2	BZIP52	TGMCAGCT	2.08e-1	1.00e0	9.27e2	358	206	206	206	7	9	4.37	5	2.43
649	data/reference/motifs/JASPAR2026_CORE_plants_non-redundant_pfms_meme.txt	MA0551.2	HY5	TGMCACGTGKCA	8.44e-1	1.00e0	9.27e2	131	206	206	206	4	17	8.25	22	10.68
650	data/reference/motifs/JASPAR2026_CORE_plants_non-redundant_pfms_meme.txt	MA1349.2	BZIP16	HSACGTGGCA	7.00e-1	1.00e0	9.27e2	141	206	206	206	3	7	3.40	8	3.88
651	data/reference/motifs/JASPAR2026_CORE_plants_non-redundant_pfms_meme.txt	MA0968.3	BZIP68	TGCCACGTSA	5.00e-1	1.00e0	9.27e2	270	206	206	206	4	11	5.34	10	4.85
652	data/reference/motifs/JASPAR2026_CORE_plants_non-redundant_pfms_meme.txt	MA1835.2	TFLG2-Zm00001d042777	GTACGTAC	2.40e-1	1.00e0	9.27e2	380	206	206	206	9	50	24.27	43	20.87
653	data/reference/motifs/JASPAR2026_CORE_plants_non-redundant_pfms_meme.txt	MA1346.2	TGA10	GMTGACGTCA	5.00e-1	1.00e0	9.27e2	250	206	206	206	3	25	12.14	24	11.65
654	data/reference/motifs/JASPAR2026_CORE_plants_non-redundant_pfms_meme.txt	MA1070.3	TGA7	ATGACGTCAB	2.49e-1	1.00e0	9.27e2	268	206	206	206	8	2	0.97	0	0.00
655	data/reference/motifs/JASPAR2026_CORE_plants_non-redundant_pfms_meme.txt	MA1069.3	TGA6	ATGAYGTCAT	3.75e-1	1.00e0	9.27e2	388	206	206	206	9	6	2.91	4	1.94
656	data/reference/motifs/JASPAR2026_CORE_plants_non-redundant_pfms_meme.txt	MA1068.3	TGA2	ATGACGTCAY	3.83e-1	1.00e0	9.27e2	180	206	206	206	1	92	44.66	88	42.72
657	data/reference/motifs/JASPAR2026_CORE_plants_non-redundant_pfms_meme.txt	MA1047.3	TGA5	ATGACGTCA	3.86e-1	1.00e0	9.27e2	382	206	206	206	2	180	87.38	177	85.92
658	data/reference/motifs/JASPAR2026_CORE_plants_non-redundant_pfms_meme.txt	MA0588.2	TGA1	SVTGACGT	5.00e-1	1.00e0	9.27e2	409	206	206	206	9	41	19.90	40	19.42
659	data/reference/motifs/JASPAR2026_CORE_plants_non-redundant_pfms_meme.txt	MA1745.2	BZIP63	TSACGTGG	9.77e-2	1.00e0	9.27e2	385	206	206	206	7	33	16.02	23	11.17
660	data/reference/motifs/JASPAR2026_CORE_plants_non-redundant_pfms_meme.txt	MA1417.2	O2	TGCCACGTCATC	9.00e-1	1.00e0	9.27e2	237	206	206	206	2	43	20.87	53	25.73
661	data/reference/motifs/JASPAR2026_CORE_plants_non-redundant_pfms_meme.txt	MA1344.2	BZIP28	TSACGTGGCA	2.05e-1	1.00e0	9.27e2	257	206	206	206	4	15	7.28	10	4.85
662	data/reference/motifs/JASPAR2026_CORE_plants_non-redundant_pfms_meme.txt	MA1659.2	ABF4	CCACGTS	1.83e-1	1.00e0	9.27e2	412	206	206	206	11	129	62.62	119	57.77
663	data/reference/motifs/JASPAR2026_CORE_plants_non-redundant_pfms_meme.txt	MA1338.3	DPBF3	TGMCACGTGTC	4.21e-1	1.00e0	9.27e2	229	206	206	206	1	116	56.31	113	54.85
664	data/reference/motifs/JASPAR2026_CORE_plants_non-redundant_pfms_meme.txt	MA0931.2	ABI5	GMCACGTG	1.36e-1	1.00e0	9.27e2	303	206	206	206	3	63	30.58	52	25.24
665	data/reference/motifs/JASPAR2026_CORE_plants_non-redundant_pfms_meme.txt	MA0930.3	ABF3	ACGTGTC	1.08e-1	1.00e0	9.27e2	412	206	206	206	29	5	2.43	1	0.49
666	data/reference/motifs/JASPAR2026_CORE_plants_non-redundant_pfms_meme.txt	MA0570.3	ABF1	ACACGTGKCA	1.71e-1	1.00e0	9.27e2	362	206	206	206	2	145	70.39	135	65.53
667	data/reference/motifs/JASPAR2026_CORE_plants_non-redundant_pfms_meme.txt	MA1822.2	Zm00001d018571	GTACGTAC	1.46e-1	1.00e0	9.27e2	395	206	206	206	4	176	85.44	167	81.07
668	data/reference/motifs/JASPAR2026_CORE_plants_non-redundant_pfms_meme.txt	MA1828.2	Zm00001d038683	GTGGTCCA	2.28e-1	1.00e0	9.27e2	408	206	206	206	15	18	8.74	13	6.31
669	data/reference/motifs/JASPAR2026_CORE_plants_non-redundant_pfms_meme.txt	MA1430.2	TB1	GGSCCCCCC	2.08e-1	1.00e0	9.27e2	176	206	206	206	4	9	4.37	5	2.43
670	data/reference/motifs/JASPAR2026_CORE_plants_non-redundant_pfms_meme.txt	MA1428.2	TCP8	GGSCCCAC	1.85e-1	1.00e0	9.27e2	412	206	206	206	29	20	9.71	14	6.80
671	data/reference/motifs/JASPAR2026_CORE_plants_non-redundant_pfms_meme.txt	MA1289.2	TCP3	GGGACCAC	3.86e-1	1.00e0	9.27e2	174	206	206	206	3	7	3.40	5	2.43
672	data/reference/motifs/JASPAR2026_CORE_plants_non-redundant_pfms_meme.txt	MA1286.2	TCP24	GGGACCAC	1.81e-1	1.00e0	9.27e2	238	206	206	206	3	28	13.59	21	10.19
673	data/reference/motifs/JASPAR2026_CORE_plants_non-redundant_pfms_meme.txt	MA1063.2	TCP19	GGSCCCAC	8.74e-2	1.00e0	9.27e2	408	206	206	206	2	204	99.03	199	96.60
674	data/reference/motifs/JASPAR2026_CORE_plants_non-redundant_pfms_meme.txt	MA1054.2	ARALYDRAFT_897773	KGGGACCAC	1.81e-1	1.00e0	9.27e2	389	206	206	206	8	28	13.59	21	10.19
675	data/reference/motifs/JASPAR2026_CORE_plants_non-redundant_pfms_meme.txt	MA1019.2	Glyma19g26560.1	GGSCCCAC	1.08e-1	1.00e0	9.27e2	406	206	206	206	19	5	2.43	1	0.49
676	data/reference/motifs/JASPAR2026_CORE_plants_non-redundant_pfms_meme.txt	MA0587.2	TCP16	GTGGACCC	1.79e-1	1.00e0	9.27e2	306	206	206	206	4	39	18.93	31	15.05
677	data/reference/motifs/JASPAR2026_CORE_plants_non-redundant_pfms_meme.txt	MA2014.2	BAM8	CACACGTGY	1.42e-1	1.00e0	9.27e2	304	206	206	206	8	6	2.91	2	0.97
678	data/reference/motifs/JASPAR2026_CORE_plants_non-redundant_pfms_meme.txt	MA1333.2	BEH3	YGCACGTGTG	6.57e-1	1.00e0	9.27e2	122	206	206	206	4	3	1.46	3	1.46
679	data/reference/motifs/JASPAR2026_CORE_plants_non-redundant_pfms_meme.txt	MA1332.2	BEH2	CACACGTGCR	5.00e-1	1.00e0	9.27e2	58	206	206	206	2	8	3.88	7	3.40
680	data/reference/motifs/JASPAR2026_CORE_plants_non-redundant_pfms_meme.txt	MA1331.2	BEH4	YGCACGTGTG	8.76e-1	1.00e0	9.27e2	70	206	206	206	3	1	0.49	2	0.97
681	data/reference/motifs/JASPAR2026_CORE_plants_non-redundant_pfms_meme.txt	MA0550.3	BZR1	CRCACGTGYR	5.00e-1	1.00e0	9.27e2	132	206	206	206	3	8	3.88	7	3.40
682	data/reference/motifs/JASPAR2026_CORE_plants_non-redundant_pfms_meme.txt	MA0549.2	BZR2	RCACGTGKSV	7.75e-1	1.00e0	9.27e2	216	206	206	206	5	3	1.46	4	1.94
683	data/reference/motifs/JASPAR2026_CORE_plants_non-redundant_pfms_meme.txt	MA1834.2	Zm00001d034298	CCACGCG	1.69e-1	1.00e0	9.27e2	409	206	206	206	13	69	33.50	59	28.64
684	data/reference/motifs/JASPAR2026_CORE_plants_non-redundant_pfms_meme.txt	MA1816.2	O11	CACGTG	2.12e-1	1.00e0	9.27e2	345	206	206	206	2	176	85.44	169	82.04
685	data/reference/motifs/JASPAR2026_CORE_plants_non-redundant_pfms_meme.txt	MA1740.2	BHLH49	CACGTGC	5.93e-1	1.00e0	9.27e2	93	206	206	206	1	46	22.33	47	22.82
686	data/reference/motifs/JASPAR2026_CORE_plants_non-redundant_pfms_meme.txt	MA1739.2	BHLH122	CMACTTG	1.32e-1	1.00e0	9.27e2	368	206	206	206	1	188	91.26	180	87.38
687	data/reference/motifs/JASPAR2026_CORE_plants_non-redundant_pfms_meme.txt	MA1411.2	TSAR1	GCACGTGC	2.81e-1	1.00e0	9.27e2	258	206	206	206	6	30	14.56	25	12.14
688	data/reference/motifs/JASPAR2026_CORE_plants_non-redundant_pfms_meme.txt	MA1362.2	bHLH77	DWNGBCACGTGM	1.95e-1	1.00e0	9.27e2	239	206	206	206	2	66	32.04	57	27.67
689	data/reference/motifs/JASPAR2026_CORE_plants_non-redundant_pfms_meme.txt	MA1358.2	bHLH130	CMACTTGC	1.87e-1	1.00e0	9.27e2	314	206	206	206	2	104	50.49	94	45.63
690	data/reference/motifs/JASPAR2026_CORE_plants_non-redundant_pfms_meme.txt	MA1357.2	bHLH80	TGCAAGTKG	2.49e-1	1.00e0	9.27e2	198	206	206	206	5	2	0.97	0	0.00
691	data/reference/motifs/JASPAR2026_CORE_plants_non-redundant_pfms_meme.txt	MA1074.2	UNE10	CACGTGM	5.93e-1	1.00e0	9.27e2	93	206	206	206	1	46	22.33	47	22.82
692	data/reference/motifs/JASPAR2026_CORE_plants_non-redundant_pfms_meme.txt	MA0552.2	PIF1	CACGTG	5.00e-1	1.00e0	9.27e2	313	206	206	206	5	13	6.31	12	5.83
693	data/reference/motifs/JASPAR2026_CORE_plants_non-redundant_pfms_meme.txt	MA0582.2	RAV1	GCAACA	3.40e-1	1.00e0	9.27e2	412	206	206	206	26	14	6.80	11	5.34
694	data/reference/motifs/JASPAR2026_CORE_plants_non-redundant_pfms_meme.txt	MA1698.2	ARF7	GCCGACAAG	5.00e-1	1.00e0	9.27e2	396	206	206	206	15	6	2.91	5	2.43
695	data/reference/motifs/JASPAR2026_CORE_plants_non-redundant_pfms_meme.txt	MA1697.2	ARF4	ACGACAAG	4.20e-1	1.00e0	9.27e2	411	206	206	206	10	127	61.65	124	60.19
696	data/reference/motifs/JASPAR2026_CORE_plants_non-redundant_pfms_meme.txt	MA1695.2	ARF36	GGGGGACAHGTC	2.71e-1	1.00e0	9.27e2	328	206	206	206	1	167	81.07	161	78.16
697	data/reference/motifs/JASPAR2026_CORE_plants_non-redundant_pfms_meme.txt	MA1694.2	ARF35	CCCGACAAG	6.57e-1	1.00e0	9.27e2	395	206	206	206	15	3	1.46	3	1.46
698	data/reference/motifs/JASPAR2026_CORE_plants_non-redundant_pfms_meme.txt	MA1692.2	ARF29	GCCGACAA	2.25e-1	1.00e0	9.27e2	409	206	206	206	16	5	2.43	2	0.97
699	data/reference/motifs/JASPAR2026_CORE_plants_non-redundant_pfms_meme.txt	MA1691.2	ARF27	GCAGACAT	1.80e-1	1.00e0	9.27e2	411	206	206	206	9	133	64.56	123	59.71
700	data/reference/motifs/JASPAR2026_CORE_plants_non-redundant_pfms_meme.txt	MA1685.2	ARF10	ARNGGGAGACA	1.85e-1	1.00e0	9.27e2	378	206	206	206	1	192	93.20	186	90.29
701	data/reference/motifs/JASPAR2026_CORE_plants_non-redundant_pfms_meme.txt	MA1206.2	ARF2	SMGACA	1.34e-1	1.00e0	9.27e2	412	206	206	206	19	87	42.23	75	36.41
702	data/reference/motifs/JASPAR2026_CORE_plants_non-redundant_pfms_meme.txt	MA0944.2	ARF8	TGTCGG	1.42e-1	1.00e0	9.27e2	412	206	206	206	18	204	99.03	200	97.09
703	data/reference/motifs/JASPAR2026_CORE_plants_non-redundant_pfms_meme.txt	MA0943.2	ARF5	RCCGACA	5.00e-1	1.00e0	9.27e2	405	206	206	206	29	1	0.49	0	0.00
704	data/reference/motifs/JASPAR2026_CORE_plants_non-redundant_pfms_meme.txt	MA0942.2	ARF1	ACCGACA	5.00e-1	1.00e0	9.27e2	383	206	206	206	8	14	6.80	13	6.31
705	data/reference/motifs/JASPAR2026_CORE_plants_non-redundant_pfms_meme.txt	MA1810.2	GLYMA-08G357600	ATGCATGCA	3.43e-1	1.00e0	9.27e2	409	206	206	206	22	4	1.94	2	0.97
706	data/reference/motifs/JASPAR2026_CORE_plants_non-redundant_pfms_meme.txt	MA0581.2	LEC2	CATGCR	2.70e-1	1.00e0	9.27e2	387	206	206	206	3	134	65.05	127	61.65
707	data/reference/motifs/JASPAR2026_CORE_plants_non-redundant_pfms_meme.txt	MA0565.3	FUS3	ACATGCA	1.07e-1	1.00e0	9.27e2	347	206	206	206	4	36	17.48	26	12.62
708	data/reference/motifs/JASPAR2026_CORE_plants_non-redundant_pfms_meme.txt	MA2013.2	ERF115	YCGCCGCCGCM	2.49e-1	1.00e0	9.27e2	198	206	206	206	18	2	0.97	0	0.00
709	data/reference/motifs/JASPAR2026_CORE_plants_non-redundant_pfms_meme.txt	MA2011.2	ERF010	CACCGACA	2.79e-1	1.00e0	9.27e2	385	206	206	206	9	16	7.77	12	5.83
710	data/reference/motifs/JASPAR2026_CORE_plants_non-redundant_pfms_meme.txt	MA1833.2	Zm00001d049364	CCGCCGCCGCC	5.00e-1	1.00e0	9.27e2	237	206	206	206	34	1	0.49	0	0.00
711	data/reference/motifs/JASPAR2026_CORE_plants_non-redundant_pfms_meme.txt	MA1831.2	Zm00001d031796	GACGGCGACG	5.00e-1	1.00e0	9.27e2	325	206	206	206	41	1	0.49	0	0.00
712	data/reference/motifs/JASPAR2026_CORE_plants_non-redundant_pfms_meme.txt	MA1820.2	Zm00001d024324	CGCCGCCGC	1.85e-1	1.00e0	9.27e2	261	206	206	206	2	93	45.15	83	40.29
713	data/reference/motifs/JASPAR2026_CORE_plants_non-redundant_pfms_meme.txt	MA1819.2	Zm00001d005892	CGCCGCCG	1.86e-1	1.00e0	9.27e2	292	206	206	206	2	120	58.25	110	53.40
714	data/reference/motifs/JASPAR2026_CORE_plants_non-redundant_pfms_meme.txt	MA1817.2	Zm00001d020267	CGCCGCCGCC	5.00e-1	1.00e0	9.27e2	255	206	206	206	36	1	0.49	0	0.00
715	data/reference/motifs/JASPAR2026_CORE_plants_non-redundant_pfms_meme.txt	MA1804.2	WIN1	CRCCGC	2.09e-1	1.00e0	9.27e2	412	206	206	206	40	36	17.48	29	14.08
716	data/reference/motifs/JASPAR2026_CORE_plants_non-redundant_pfms_meme.txt	MA1753.2	ERF057	CCDCCDCCRCCGCC	5.00e-1	1.00e0	9.27e2	197	206	206	206	18	2	0.97	1	0.49
717	data/reference/motifs/JASPAR2026_CORE_plants_non-redundant_pfms_meme.txt	MA1752.2	ERF025	YGCCGACA	5.00e-1	1.00e0	9.27e2	276	206	206	206	2	82	39.81	81	39.32
718	data/reference/motifs/JASPAR2026_CORE_plants_non-redundant_pfms_meme.txt	MA1748.2	DREB1F	GCCGAC	2.08e-1	1.00e0	9.27e2	403	206	206	206	9	82	39.81	73	35.44
719	data/reference/motifs/JASPAR2026_CORE_plants_non-redundant_pfms_meme.txt	MA1679.2	RAP2-1	CACCGACA	3.11e-1	1.00e0	9.27e2	371	206	206	206	9	10	4.85	7	3.40
720	data/reference/motifs/JASPAR2026_CORE_plants_non-redundant_pfms_meme.txt	MA1671.2	ERF118	CCGCCGCC	2.49e-1	1.00e0	9.27e2	299	206	206	206	17	2	0.97	0	0.00
721	data/reference/motifs/JASPAR2026_CORE_plants_non-redundant_pfms_meme.txt	MA1670.2	DREB1C	GCCGACAT	5.00e-1	1.00e0	9.27e2	388	206	206	206	26	1	0.49	0	0.00
722	data/reference/motifs/JASPAR2026_CORE_plants_non-redundant_pfms_meme.txt	MA1669.2	DREB1B	GCCGACAT	4.17e-1	1.00e0	9.27e2	380	206	206	206	9	13	6.31	11	5.34
723	data/reference/motifs/JASPAR2026_CORE_plants_non-redundant_pfms_meme.txt	MA1424.2	ERF019	CCACCGACA	2.49e-1	1.00e0	9.27e2	202	206	206	206	7	2	0.97	0	0.00
724	data/reference/motifs/JASPAR2026_CORE_plants_non-redundant_pfms_meme.txt	MA1266.2	RAP2-11	YCDYCGCCGGC	1.91e-1	1.00e0	9.27e2	220	206	206	206	2	63	30.58	54	26.21
725	data/reference/motifs/JASPAR2026_CORE_plants_non-redundant_pfms_meme.txt	MA1265.3	ERF015	CACCGACA	4.22e-1	1.00e0	9.27e2	363	206	206	206	3	104	50.49	101	49.03
726	data/reference/motifs/JASPAR2026_CORE_plants_non-redundant_pfms_meme.txt	MA1264.2	ERF095	RYGGCGGCGGHGG	5.00e-1	1.00e0	9.27e2	149	206	206	206	12	2	0.97	1	0.49
727	data/reference/motifs/JASPAR2026_CORE_plants_non-redundant_pfms_meme.txt	MA1263.2	ERF055	KGKCGGTGG	2.24e-1	1.00e0	9.27e2	254	206	206	206	2	64	31.07	56	27.18
728	data/reference/motifs/JASPAR2026_CORE_plants_non-redundant_pfms_meme.txt	MA1262.2	ERF2	CCDCCGCCGCCRY	4.61e-1	1.00e0	9.27e2	196	206	206	206	1	99	48.06	97	47.09
729	data/reference/motifs/JASPAR2026_CORE_plants_non-redundant_pfms_meme.txt	MA1261.2	ERF122	TRCGGCKGHG	2.49e-1	1.00e0	9.27e2	368	206	206	206	17	2	0.97	0	0.00
730	data/reference/motifs/JASPAR2026_CORE_plants_non-redundant_pfms_meme.txt	MA1260.2	ERF013	TGTCGGTGG	5.00e-1	1.00e0	9.27e2	210	206	206	206	11	1	0.49	0	0.00
731	data/reference/motifs/JASPAR2026_CORE_plants_non-redundant_pfms_meme.txt	MA1259.2	ERF023	TGTCGGTGR	3.33e-1	1.00e0	9.27e2	193	206	206	206	2	30	14.56	26	12.62
732	data/reference/motifs/JASPAR2026_CORE_plants_non-redundant_pfms_meme.txt	MA1258.2	DREB2A	AWGKCGGTG	2.65e-1	1.00e0	9.27e2	270	206	206	206	2	72	34.95	65	31.55
733	data/reference/motifs/JASPAR2026_CORE_plants_non-redundant_pfms_meme.txt	MA1253.2	ERF036	TGTCGGTG	3.00e-1	1.00e0	9.27e2	366	206	206	206	8	9	4.37	6	2.91
734	data/reference/motifs/JASPAR2026_CORE_plants_non-redundant_pfms_meme.txt	MA1252.2	ERF086	CCKCCGCCGY	5.00e-1	1.00e0	9.27e2	182	206	206	206	11	2	0.97	1	0.49
735	data/reference/motifs/JASPAR2026_CORE_plants_non-redundant_pfms_meme.txt	MA1251.2	RAP2-9	CACCGACAW	6.22e-1	1.00e0	9.27e2	161	206	206	206	2	23	11.17	24	11.65
736	data/reference/motifs/JASPAR2026_CORE_plants_non-redundant_pfms_meme.txt	MA1250.2	DREB2D	CCDCCDCCACCGCC	4.53e-1	1.00e0	9.27e2	233	206	206	206	3	48	23.30	46	22.33
737	data/reference/motifs/JASPAR2026_CORE_plants_non-redundant_pfms_meme.txt	MA1248.2	ERF012	CCACCGMC	2.51e-1	1.00e0	9.27e2	295	206	206	206	9	6	2.91	3	1.46
738	data/reference/motifs/JASPAR2026_CORE_plants_non-redundant_pfms_meme.txt	MA1247.2	ERF087	GRCGGCGGMG	6.57e-1	1.00e0	9.27e2	169	206	206	206	8	3	1.46	3	1.46
739	data/reference/motifs/JASPAR2026_CORE_plants_non-redundant_pfms_meme.txt	MA1246.2	LEP	CKCCGCCGYC	5.00e-1	1.00e0	9.27e2	239	206	206	206	16	2	0.97	1	0.49
740	data/reference/motifs/JASPAR2026_CORE_plants_non-redundant_pfms_meme.txt	MA1245.3	ERF112	CCGCCGCCR	2.49e-1	1.00e0	9.27e2	321	206	206	206	19	2	0.97	0	0.00
741	data/reference/motifs/JASPAR2026_CORE_plants_non-redundant_pfms_meme.txt	MA1244.2	ABR1	DTKGCGGCGGMG	2.49e-1	1.00e0	9.27e2	223	206	206	206	16	2	0.97	0	0.00
742	data/reference/motifs/JASPAR2026_CORE_plants_non-redundant_pfms_meme.txt	MA1243.2	DREB2E	MACCGACWTW	2.49e-1	1.00e0	9.27e2	178	206	206	206	6	2	0.97	0	0.00
743	data/reference/motifs/JASPAR2026_CORE_plants_non-redundant_pfms_meme.txt	MA1240.2	ERF077	CCGCCGCCRY	4.45e-1	1.00e0	9.27e2	251	206	206	206	3	32	15.53	30	14.56
744	data/reference/motifs/JASPAR2026_CORE_plants_non-redundant_pfms_meme.txt	MA1239.2	ERF104	CCDCCDCCGCCGCCRY	5.00e-1	1.00e0	9.27e2	149	206	206	206	16	1	0.49	0	0.00
745	data/reference/motifs/JASPAR2026_CORE_plants_non-redundant_pfms_meme.txt	MA1238.3	ERF038	CACCGACA	5.00e-1	1.00e0	9.27e2	364	206	206	206	9	8	3.88	7	3.40
746	data/reference/motifs/JASPAR2026_CORE_plants_non-redundant_pfms_meme.txt	MA1234.2	ERF017	TGGWCGGTG	2.73e-1	1.00e0	9.27e2	293	206	206	206	2	85	41.26	78	37.86
747	data/reference/motifs/JASPAR2026_CORE_plants_non-redundant_pfms_meme.txt	MA1233.3	ERF021	CGCCGACA	5.00e-1	1.00e0	9.27e2	399	206	206	206	38	1	0.49	0	0.00
748	data/reference/motifs/JASPAR2026_CORE_plants_non-redundant_pfms_meme.txt	MA1232.2	ERF054	GDCGGYGG	1.45e-1	1.00e0	9.27e2	352	206	206	206	6	29	14.08	21	10.19
749	data/reference/motifs/JASPAR2026_CORE_plants_non-redundant_pfms_meme.txt	MA1231.3	ERF15	MGCCGCCD	2.57e-1	1.00e0	9.27e2	320	206	206	206	3	63	30.58	56	27.18
750	data/reference/motifs/JASPAR2026_CORE_plants_non-redundant_pfms_meme.txt	MA1229.2	ERF034	TGTCGGTGR	2.09e-1	1.00e0	9.27e2	205	206	206	206	2	36	17.48	29	14.08
751	data/reference/motifs/JASPAR2026_CORE_plants_non-redundant_pfms_meme.txt	MA1228.2	ERF091	RYGGCGGCGGHGG	5.00e-1	1.00e0	9.27e2	123	206	206	206	11	1	0.49	0	0.00
752	data/reference/motifs/JASPAR2026_CORE_plants_non-redundant_pfms_meme.txt	MA1227.3	ERF027	RCCGACA	5.00e-1	1.00e0	9.27e2	401	206	206	206	28	1	0.49	0	0.00
753	data/reference/motifs/JASPAR2026_CORE_plants_non-redundant_pfms_meme.txt	MA1226.2	DREB2G	GGHGGAGGCGGTGG	6.57e-1	1.00e0	9.27e2	252	206	206	206	11	3	1.46	3	1.46
754	data/reference/motifs/JASPAR2026_CORE_plants_non-redundant_pfms_meme.txt	MA1223.2	ERF035	TGTCGGTGG	4.00e-1	1.00e0	9.27e2	94	206	206	206	2	9	4.37	7	3.40
755	data/reference/motifs/JASPAR2026_CORE_plants_non-redundant_pfms_meme.txt	MA1220.2	TINY	YCACCGACA	2.49e-1	1.00e0	9.27e2	227	206	206	206	7	2	0.97	0	0.00
756	data/reference/motifs/JASPAR2026_CORE_plants_non-redundant_pfms_meme.txt	MA1219.3	ERF011	CACCGAC	3.20e-1	1.00e0	9.27e2	393	206	206	206	12	11	5.34	8	3.88
757	data/reference/motifs/JASPAR2026_CORE_plants_non-redundant_pfms_meme.txt	MA1218.2	DREB1D	ATGTCGGY	5.00e-1	1.00e0	9.27e2	195	206	206	206	3	21	10.19	20	9.71
758	data/reference/motifs/JASPAR2026_CORE_plants_non-redundant_pfms_meme.txt	MA1049.2	ERF094	MGCCGCC	2.56e-1	1.00e0	9.27e2	231	206	206	206	4	13	6.31	9	4.37
759	data/reference/motifs/JASPAR2026_CORE_plants_non-redundant_pfms_meme.txt	MA1008.2	PHYPADRAFT_182268	GTCGGTG	3.50e-1	1.00e0	9.27e2	113	206	206	206	2	16	7.77	13	6.31
760	data/reference/motifs/JASPAR2026_CORE_plants_non-redundant_pfms_meme.txt	MA1005.3	ERF082	CCGCCGCCR	3.11e-1	1.00e0	9.27e2	304	206	206	206	2	100	48.54	94	45.63
761	data/reference/motifs/JASPAR2026_CORE_plants_non-redundant_pfms_meme.txt	MA1004.2	ERF13	SGCCGCC	1.92e-1	1.00e0	9.27e2	320	206	206	206	6	31	15.05	24	11.65
762	data/reference/motifs/JASPAR2026_CORE_plants_non-redundant_pfms_meme.txt	MA1001.4	ERF076	CCGCCGCCRC	2.49e-1	1.00e0	9.27e2	298	206	206	206	23	2	0.97	0	0.00
763	data/reference/motifs/JASPAR2026_CORE_plants_non-redundant_pfms_meme.txt	MA1000.3	ERF105	RYGGCGGCGG	5.00e-1	1.00e0	9.27e2	159	206	206	206	13	1	0.49	0	0.00
764	data/reference/motifs/JASPAR2026_CORE_plants_non-redundant_pfms_meme.txt	MA0997.2	ERF069	GCCG	2.72e-1	1.00e0	9.27e2	412	206	206	206	83	46	22.33	40	19.42
765	data/reference/motifs/JASPAR2026_CORE_plants_non-redundant_pfms_meme.txt	MA0995.3	ERF039	RCCGACA	5.00e-1	1.00e0	9.27e2	403	206	206	206	19	3	1.46	2	0.97
766	data/reference/motifs/JASPAR2026_CORE_plants_non-redundant_pfms_meme.txt	MA0994.3	ERF8	TGRCGGCGGCG	2.49e-1	1.00e0	9.27e2	260	206	206	206	19	2	0.97	0	0.00
767	data/reference/motifs/JASPAR2026_CORE_plants_non-redundant_pfms_meme.txt	MA0993.2	ERF7	GCCG	1.56e-1	1.00e0	9.27e2	412	206	206	206	68	23	11.17	16	7.77
768	data/reference/motifs/JASPAR2026_CORE_plants_non-redundant_pfms_meme.txt	MA0992.3	ERF4	CCGCCGYCA	1.61e-1	1.00e0	9.27e2	292	206	206	206	2	98	47.57	87	42.23
769	data/reference/motifs/JASPAR2026_CORE_plants_non-redundant_pfms_meme.txt	MA0980.3	RAP2-10	RCCGACA	5.00e-1	1.00e0	9.27e2	398	206	206	206	20	1	0.49	0	0.00
770	data/reference/motifs/JASPAR2026_CORE_plants_non-redundant_pfms_meme.txt	MA0976.3	CRF4	CCGCCGCCRC	2.49e-1	1.00e0	9.27e2	276	206	206	206	24	2	0.97	0	0.00
771	data/reference/motifs/JASPAR2026_CORE_plants_non-redundant_pfms_meme.txt	MA0971.2	DREB1A	ATGTCGGY	5.00e-1	1.00e0	9.27e2	381	206	206	206	23	1	0.49	0	0.00
772	data/reference/motifs/JASPAR2026_CORE_plants_non-redundant_pfms_meme.txt	MA1377.2	PLT1	KGCACGVWTHYCGAGR	5.78e-1	1.00e0	9.27e2	205	206	206	206	1	102	49.51	103	50.00
773	data/reference/motifs/JASPAR2026_CORE_plants_non-redundant_pfms_meme.txt	MA1751.2	EIL3	AGRTWCAT	2.87e-1	1.00e0	9.27e2	412	206	206	206	12	56	27.18	50	24.27
774	data/reference/motifs/JASPAR2026_CORE_plants_non-redundant_pfms_meme.txt	MA1376.2	DEAR3	CRCCGMC	2.36e-1	1.00e0	9.27e2	412	206	206	206	25	31	15.05	25	12.14
775	data/reference/motifs/JASPAR2026_CORE_plants_non-redundant_pfms_meme.txt	MA2455.1	SPL9D	AGCGGTASTACCGC	5.00e-1	1.00e0	9.27e2	93	206	206	206	1	47	22.82	46	22.33
776	data/reference/motifs/JASPAR2026_CORE_plants_non-redundant_pfms_meme.txt	MA2454.1	SPL8D1	ATAGTACATA	2.06e-1	1.00e0	9.27e2	412	206	206	206	14	136	66.02	127	61.65
777	data/reference/motifs/JASPAR2026_CORE_plants_non-redundant_pfms_meme.txt	MA2451.1	SPL7B	AGCGGTASTACCGCT	8.76e-1	1.00e0	9.27e2	31	206	206	206	4	1	0.49	2	0.97
778	data/reference/motifs/JASPAR2026_CORE_plants_non-redundant_pfms_meme.txt	MA2450.1	SPL7A	GTACTACCGCT	4.02e-1	1.00e0	9.27e2	331	206	206	206	1	167	81.07	164	79.61
779	data/reference/motifs/JASPAR2026_CORE_plants_non-redundant_pfms_meme.txt	MA2449.1	SPL6A	GCGGTAGTACC	1.98e-1	1.00e0	9.27e2	283	206	206	206	1	146	70.87	137	66.50
780	data/reference/motifs/JASPAR2026_CORE_plants_non-redundant_pfms_meme.txt	MA2448.1	SPL5D	AGCGGTASTACCGC	8.14e-1	1.00e0	9.27e2	72	206	206	206	4	2	0.97	3	1.46
781	data/reference/motifs/JASPAR2026_CORE_plants_non-redundant_pfms_meme.txt	MA2446.1	SPL5A	GCGGTASTACCGC	5.00e-1	1.00e0	9.27e2	96	206	206	206	7	1	0.49	0	0.00
782	data/reference/motifs/JASPAR2026_CORE_plants_non-redundant_pfms_meme.txt	MA2445.1	SPL4D	GGTACTACCGCT	3.11e-1	1.00e0	9.27e2	303	206	206	206	2	100	48.54	94	45.63
783	data/reference/motifs/JASPAR2026_CORE_plants_non-redundant_pfms_meme.txt	MA2444.1	SPL4A	GCGGTASTACCGC	4.09e-1	1.00e0	9.27e2	101	206	206	206	1	52	25.24	49	23.79
784	data/reference/motifs/JASPAR2026_CORE_plants_non-redundant_pfms_meme.txt	MA2443.1	SPL3D	GCGGTASTACCGC	5.00e-1	1.00e0	9.27e2	101	206	206	206	2	32	15.53	31	15.05
785	data/reference/motifs/JASPAR2026_CORE_plants_non-redundant_pfms_meme.txt	MA2442.1	SPL3B	AGCGGTASTACCGC	8.02e-1	1.00e0	9.27e2	86	206	206	206	1	40	19.42	46	22.33
786	data/reference/motifs/JASPAR2026_CORE_plants_non-redundant_pfms_meme.txt	MA2441.1	SPL3A	AGCGGTACTACC	2.90e-1	1.00e0	9.27e2	300	206	206	206	1	153	74.27	147	71.36
787	data/reference/motifs/JASPAR2026_CORE_plants_non-redundant_pfms_meme.txt	MA2440.1	SPL2B	GCGGTASTACCGC	5.56e-1	1.00e0	9.27e2	132	206	206	206	2	29	14.08	29	14.08
788	data/reference/motifs/JASPAR2026_CORE_plants_non-redundant_pfms_meme.txt	MA2439.1	SPL2A	GCGGTASTACCGC	4.46e-1	1.00e0	9.27e2	64	206	206	206	1	33	16.02	31	15.05
789	data/reference/motifs/JASPAR2026_CORE_plants_non-redundant_pfms_meme.txt	MA2438.1	SPL1D	GCRGTASTACCGCT	3.72e-1	1.00e0	9.27e2	118	206	206	206	1	61	29.61	57	27.67
790	data/reference/motifs/JASPAR2026_CORE_plants_non-redundant_pfms_meme.txt	MA2437.1	SPL19B	GCGGTASTACCGC	9.38e-1	1.00e0	9.27e2	37	206	206	206	3	1	0.49	3	1.46
791	data/reference/motifs/JASPAR2026_CORE_plants_non-redundant_pfms_meme.txt	MA2436.1	SPL18A	GCGGTASTACCGCT	5.00e-1	1.00e0	9.27e2	73	206	206	206	1	37	17.96	36	17.48
792	data/reference/motifs/JASPAR2026_CORE_plants_non-redundant_pfms_meme.txt	MA2435.1	SPL16D	GCGGTASTACCGC	5.00e-1	1.00e0	9.27e2	151	206	206	206	2	37	17.96	36	17.48
793	data/reference/motifs/JASPAR2026_CORE_plants_non-redundant_pfms_meme.txt	MA2434.1	SPL16A	AGCGGTAGTAC	6.90e-1	1.00e0	9.27e2	343	206	206	206	2	111	53.88	115	55.83
794	data/reference/motifs/JASPAR2026_CORE_plants_non-redundant_pfms_meme.txt	MA2433.1	SPL15D	GCGGTACTAC	2.64e-1	1.00e0	9.27e2	367	206	206	206	1	186	90.29	181	87.86
795	data/reference/motifs/JASPAR2026_CORE_plants_non-redundant_pfms_meme.txt	MA2431.1	SPL15A	AGCGGTASTACCGC	5.00e-1	1.00e0	9.27e2	137	206	206	206	1	69	33.50	68	33.01
796	data/reference/motifs/JASPAR2026_CORE_plants_non-redundant_pfms_meme.txt	MA2429.1	SPL13D	AGCGGTASTACCGCT	9.38e-1	1.00e0	9.27e2	27	206	206	206	3	1	0.49	3	1.46
797	data/reference/motifs/JASPAR2026_CORE_plants_non-redundant_pfms_meme.txt	MA2428.1	SPL13B	GCGGTASTACCGC	6.53e-1	1.00e0	9.27e2	70	206	206	206	1	34	16.50	36	17.48
798	data/reference/motifs/JASPAR2026_CORE_plants_non-redundant_pfms_meme.txt	MA2427.1	SPL12B	AGCGGTASTACCGC	7.96e-1	1.00e0	9.27e2	92	206	206	206	1	43	20.87	49	23.79
799	data/reference/motifs/JASPAR2026_CORE_plants_non-redundant_pfms_meme.txt	MA2426.1	SPL11B	AGCGGTASTACCGCT	9.22e-1	1.00e0	9.27e2	42	206	206	206	2	14	6.80	21	10.19
800	data/reference/motifs/JASPAR2026_CORE_plants_non-redundant_pfms_meme.txt	MA2425.1	SPL11A	SCGGTACTACCG	3.01e-1	1.00e0	9.27e2	253	206	206	206	3	38	18.45	33	16.02
801	data/reference/motifs/JASPAR2026_CORE_plants_non-redundant_pfms_meme.txt	MA2424.1	OsbZIP77	TGCCACGTCABC	8.76e-1	1.00e0	9.27e2	193	206	206	206	5	1	0.49	2	0.97
802	data/reference/motifs/JASPAR2026_CORE_plants_non-redundant_pfms_meme.txt	MA2423.1	OsbZIP69	GMTGACGTGGCA	8.14e-1	1.00e0	9.27e2	186	206	206	206	1	89	43.20	97	47.09
803	data/reference/motifs/JASPAR2026_CORE_plants_non-redundant_pfms_meme.txt	MA2420.1	SBP6	AAGTACAA	1.03e-1	1.00e0	9.27e2	412	206	206	206	17	27	13.11	18	8.74
804	data/reference/motifs/JASPAR2026_CORE_plants_non-redundant_pfms_meme.txt	MA2419.1	UB3	GAAGTACAAC	4.34e-1	1.00e0	9.27e2	411	206	206	206	6	187	90.78	185	89.81
805	data/reference/motifs/JASPAR2026_CORE_plants_non-redundant_pfms_meme.txt	MA2418.1	IG1	CTGCCGCCA	4.40e-1	1.00e0	9.27e2	371	206	206	206	8	26	12.62	24	11.65
806	data/reference/motifs/JASPAR2026_CORE_plants_non-redundant_pfms_meme.txt	MA2416.1	EREB29	GCCGCCGCCC	5.00e-1	1.00e0	9.27e2	230	206	206	206	32	1	0.49	0	0.00
807	data/reference/motifs/JASPAR2026_CORE_plants_non-redundant_pfms_meme.txt	MA2415.1	EREB138	CMGCCGCCAT	3.83e-1	1.00e0	9.27e2	356	206	206	206	3	90	43.69	86	41.75
808	data/reference/motifs/JASPAR2026_CORE_plants_non-redundant_pfms_meme.txt	MA2414.1	EREB127	TGCCGACA	5.00e-1	1.00e0	9.27e2	349	206	206	206	23	1	0.49	0	0.00
809	data/reference/motifs/JASPAR2026_CORE_plants_non-redundant_pfms_meme.txt	MA2413.1	ZmbZIP96	GASACGTGKCA	2.58e-1	1.00e0	9.27e2	291	206	206	206	1	149	72.33	142	68.93
810	data/reference/motifs/JASPAR2026_CORE_plants_non-redundant_pfms_meme.txt	MA2412.1	ZmbZIP72	GATGACATCA	5.00e-1	1.00e0	9.27e2	406	206	206	206	20	1	0.49	0	0.00
811	data/reference/motifs/JASPAR2026_CORE_plants_non-redundant_pfms_meme.txt	MA2411.1	ZmbZIP57	ATGATGTCAT	5.00e-1	1.00e0	9.27e2	410	206	206	206	20	1	0.49	0	0.00
812	data/reference/motifs/JASPAR2026_CORE_plants_non-redundant_pfms_meme.txt	MA2410.1	ZmbZIP54	TGACGTCA	4.42e-1	1.00e0	9.27e2	401	206	206	206	16	28	13.59	26	12.62
813	data/reference/motifs/JASPAR2026_CORE_plants_non-redundant_pfms_meme.txt	MA2409.1	ZmbZIP25	GATGACATCA	5.00e-1	1.00e0	9.27e2	407	206	206	206	1	204	99.03	203	98.54
814	data/reference/motifs/JASPAR2026_CORE_plants_non-redundant_pfms_meme.txt	MA2405.1	OsMSL08	GTAAAW	1.31e-1	1.00e0	9.27e2	412	206	206	206	81	45	21.84	35	16.99
815	data/reference/motifs/JASPAR2026_CORE_plants_non-redundant_pfms_meme.txt	MA2404.1	OsTRBF3	WRMCCTA	3.52e-1	1.00e0	9.27e2	412	206	206	206	34	40	19.42	36	17.48
816	data/reference/motifs/JASPAR2026_CORE_plants_non-redundant_pfms_meme.txt	MA2403.1	DVH24_040989	TTAACC	1.06e-1	1.00e0	9.27e2	412	206	206	206	70	58	28.16	46	22.33
817	data/reference/motifs/JASPAR2026_CORE_plants_non-redundant_pfms_meme.txt	MA2402.1	OsERF104	GCCGY	3.88e-1	1.00e0	9.27e2	412	206	206	206	25	30	14.56	27	13.11
818	data/reference/motifs/JASPAR2026_CORE_plants_non-redundant_pfms_meme.txt	MA2401.1	Os05g0437700	MCACGTGK	5.00e-1	1.00e0	9.27e2	255	206	206	206	10	2	0.97	1	0.49
819	data/reference/motifs/JASPAR2026_CORE_plants_non-redundant_pfms_meme.txt	MA2400.1	LjTCP20	GGGACCAY	1.89e-1	1.00e0	9.27e2	291	206	206	206	4	30	14.56	23	11.17
820	data/reference/motifs/JASPAR2026_CORE_plants_non-redundant_pfms_meme.txt	MA2398.1	AS2	CGGCGGMRRHDRCGGCGG	5.00e-1	1.00e0	9.27e2	139	206	206	206	12	2	0.97	1	0.49
821	data/reference/motifs/JASPAR2026_CORE_plants_non-redundant_pfms_meme.txt	MA2396.1	IDD1	TTTTGTCGTTTT	2.49e-1	1.00e0	9.27e2	326	206	206	206	7	2	0.97	0	0.00
822	data/reference/motifs/JASPAR2026_CORE_plants_non-redundant_pfms_meme.txt	MA2395.1	PHYPA_011264	CACCGACM	7.51e-1	1.00e0	9.27e2	258	206	206	206	8	1	0.49	1	0.49
823	data/reference/motifs/JASPAR2026_CORE_plants_non-redundant_pfms_meme.txt	MA2392.1	GRMZM2G135447	TGACRKS	1.96e-1	1.00e0	9.27e2	412	206	206	206	23	14	6.80	9	4.37
824	data/reference/motifs/JASPAR2026_CORE_plants_non-redundant_pfms_meme.txt	MA2389.1	GBF1	ACGTGKM	1.29e-1	1.00e0	9.27e2	412	206	206	206	20	159	77.18	148	71.84
825	data/reference/motifs/JASPAR2026_CORE_plants_non-redundant_pfms_meme.txt	MA2386.1	estExt_gwp_gw1.C_550163	CACCGAC	3.50e-1	1.00e0	9.27e2	113	206	206	206	2	16	7.77	13	6.31
826	data/reference/motifs/JASPAR2026_CORE_plants_non-redundant_pfms_meme.txt	MA2382.1	e_gw1.209.40.1	CACGTG	1.00e-1	1.00e0	9.27e2	410	206	206	206	20	70	33.98	57	27.67
827	data/reference/motifs/JASPAR2026_CORE_plants_non-redundant_pfms_meme.txt	MA2380.1	DOF4.7	TWACTTTTT	4.05e-1	1.00e0	9.27e2	412	206	206	206	12	163	79.13	160	77.67
828	data/reference/motifs/JASPAR2026_CORE_plants_non-redundant_pfms_meme.txt	MA2378.1	CRF3	GCCG	9.85e-2	1.00e0	9.27e2	412	206	206	206	89	20	9.71	12	5.83
829	data/reference/motifs/JASPAR2026_CORE_plants_non-redundant_pfms_meme.txt	MA2377.1	cassava45561.m1	GGGSCCCAC	1.56e-1	1.00e0	9.27e2	395	206	206	206	13	16	7.77	10	4.85
830	data/reference/motifs/JASPAR2026_CORE_plants_non-redundant_pfms_meme.txt	MA2375.1	BMY2	SRCACGTGTGR	5.00e-1	1.00e0	9.27e2	145	206	206	206	4	7	3.40	6	2.91
831	data/reference/motifs/JASPAR2026_CORE_plants_non-redundant_pfms_meme.txt	MA2374.1	AHL13	ATATAATT	3.20e-1	1.00e0	9.27e2	412	206	206	206	59	198	96.12	195	94.66
832	data/reference/motifs/JASPAR2026_CORE_plants_non-redundant_pfms_meme.txt	MA2372.1	AZF1	WCACTVWCW	1.24e-1	1.00e0	9.27e2	412	206	206	206	4	206	100.00	203	98.54
833	data/reference/motifs/JASPAR2026_CORE_plants_non-redundant_pfms_meme.txt	MA2370.1	MBD2	AGCTD	9.15e-2	1.00e0	9.27e2	412	206	206	206	73	138	66.99	124	60.19
834	data/reference/motifs/JASPAR2026_CORE_plants_non-redundant_pfms_meme.txt	MA2368.1	WRKY51	RGTCAA	2.49e-1	1.00e0	9.27e2	412	206	206	206	118	2	0.97	0	0.00
835	data/reference/motifs/JASPAR2026_CORE_plants_non-redundant_pfms_meme.txt	MA2367.1	WIP5	ACCTGGAGAAMAW	1.00e-1	1.00e0	9.27e2	411	206	206	206	9	108	52.43	94	45.63
836	data/reference/motifs/JASPAR2026_CORE_plants_non-redundant_pfms_meme.txt	MA2365.1	VIT_17s0000g10420	GTTAACYV	2.35e-1	1.00e0	9.27e2	394	206	206	206	1	199	96.60	195	94.66
837	data/reference/motifs/JASPAR2026_CORE_plants_non-redundant_pfms_meme.txt	MA2362.1	TEIL	AGRTWCAT	1.56e-1	1.00e0	9.27e2	412	206	206	206	28	86	41.75	75	36.41
838	data/reference/motifs/JASPAR2026_CORE_plants_non-redundant_pfms_meme.txt	MA2357.1	PK21687.1	WAAACCC	1.90e-1	1.00e0	9.27e2	412	206	206	206	51	8	3.88	4	1.94
839	data/reference/motifs/JASPAR2026_CORE_plants_non-redundant_pfms_meme.txt	MA2354.1	PK06182.1	TACCTACC	9.85e-2	1.00e0	9.27e2	398	206	206	206	2	189	91.75	180	87.38
840	data/reference/motifs/JASPAR2026_CORE_plants_non-redundant_pfms_meme.txt	MA2351.1	OsEIL3	AGRTACAT	9.29e-2	1.00e0	9.27e2	412	206	206	206	11	50	24.27	38	18.45
841	data/reference/motifs/JASPAR2026_CORE_plants_non-redundant_pfms_meme.txt	MA2106.1	Zm00001d024644	CCTTATCC	1.24e-1	1.00e0	9.27e2	412	206	206	206	31	3	1.46	0	0.00
842	data/reference/motifs/JASPAR2026_CORE_plants_non-redundant_pfms_meme.txt	MA2103.1	AT4G09450	TTATCY	9.73e-2	1.00e0	9.27e2	412	206	206	206	57	94	45.63	80	38.83
843	data/reference/motifs/JASPAR2026_CORE_plants_non-redundant_pfms_meme.txt	MA1800.1	TEM1	GCAACATA	5.73e-1	1.00e0	9.27e2	410	206	206	206	3	190	92.23	190	92.23
844	data/reference/motifs/JASPAR2026_CORE_plants_non-redundant_pfms_meme.txt	MA1797.1	RAV2	GCAACATA	3.12e-1	1.00e0	9.27e2	350	206	206	206	7	3	1.46	1	0.49
845	data/reference/motifs/JASPAR2026_CORE_plants_non-redundant_pfms_meme.txt	MA1790.1	NAC073	CTTSWYBHWCAMGYT	2.51e-1	1.00e0	9.27e2	379	206	206	206	10	6	2.91	3	1.46
846	data/reference/motifs/JASPAR2026_CORE_plants_non-redundant_pfms_meme.txt	MA1789.1	NAC071	CTTSWHYYTCAMGYA	1.46e-1	1.00e0	9.27e2	316	206	206	206	7	10	4.85	5	2.43
847	data/reference/motifs/JASPAR2026_CORE_plants_non-redundant_pfms_meme.txt	MA1783.1	NAC005	TWRCTTVTTYHAYAAGTTW	4.25e-1	1.00e0	9.27e2	183	206	206	206	4	16	7.77	14	6.80
848	data/reference/motifs/JASPAR2026_CORE_plants_non-redundant_pfms_meme.txt	MA1746.1	BZIP69	TGMCAGCTGTM	7.11e-1	1.00e0	9.27e2	110	206	206	206	1	53	25.73	57	27.67
849	data/reference/motifs/JASPAR2026_CORE_plants_non-redundant_pfms_meme.txt	MA1687.1	ARF14	CGGGGGACAYGTCGGG	4.52e-1	1.00e0	9.27e2	86	206	206	206	1	44	21.36	42	20.39
850	data/reference/motifs/JASPAR2026_CORE_plants_non-redundant_pfms_meme.txt	MA1686.1	ARF13	ARCGGGGGACAYGT	2.49e-1	1.00e0	9.27e2	146	206	206	206	4	2	0.97	0	0.00
851	data/reference/motifs/JASPAR2026_CORE_plants_non-redundant_pfms_meme.txt	MA2092.1	PK27149.1	TGACGTGK	1.24e-1	1.00e0	9.27e2	379	206	206	206	10	3	1.46	0	0.00
852	data/reference/motifs/JASPAR2026_CORE_plants_non-redundant_pfms_meme.txt	MA2090.1	PK26523.1	ATTCY	1.54e-1	1.00e0	9.27e2	412	206	206	206	88	42	20.39	33	16.02
853	data/reference/motifs/JASPAR2026_CORE_plants_non-redundant_pfms_meme.txt	MA2087.1	PK24205.1	CACGTGKC	2.72e-1	1.00e0	9.27e2	203	206	206	206	4	7	3.40	4	1.94
854	data/reference/motifs/JASPAR2026_CORE_plants_non-redundant_pfms_meme.txt	MA2086.1	PK23964.1	KCCACGT	2.71e-1	1.00e0	9.27e2	412	206	206	206	22	81	39.32	74	35.92
855	data/reference/motifs/JASPAR2026_CORE_plants_non-redundant_pfms_meme.txt	MA2082.1	PK20392.1	AATMAT	3.45e-1	1.00e0	9.27e2	412	206	206	206	83	174	84.47	170	82.52
856	data/reference/motifs/JASPAR2026_CORE_plants_non-redundant_pfms_meme.txt	MA2077.1	PK18474.1	CACGTGC	5.93e-1	1.00e0	9.27e2	93	206	206	206	1	46	22.33	47	22.82
857	data/reference/motifs/JASPAR2026_CORE_plants_non-redundant_pfms_meme.txt	MA2076.1	PK18401.1	GCACGTGG	1.31e-1	1.00e0	9.27e2	395	206	206	206	6	82	39.81	70	33.98
858	data/reference/motifs/JASPAR2026_CORE_plants_non-redundant_pfms_meme.txt	MA2074.1	PK17878.1	CGCCGCCA	1.89e-1	1.00e0	9.27e2	207	206	206	206	3	30	14.56	23	11.17
859	data/reference/motifs/JASPAR2026_CORE_plants_non-redundant_pfms_meme.txt	MA2072.1	PK16335.1	GACAGCTG	2.25e-1	1.00e0	9.27e2	409	206	206	206	18	5	2.43	2	0.97
860	data/reference/motifs/JASPAR2026_CORE_plants_non-redundant_pfms_meme.txt	MA2071.1	PK15505.1	GCACGTGT	6.25e-1	1.00e0	9.27e2	92	206	206	206	4	5	2.43	5	2.43
861	data/reference/motifs/JASPAR2026_CORE_plants_non-redundant_pfms_meme.txt	MA2068.1	PK10344.1	GGGACCAC	3.68e-1	1.00e0	9.27e2	141	206	206	206	2	21	10.19	18	8.74
862	data/reference/motifs/JASPAR2026_CORE_plants_non-redundant_pfms_meme.txt	MA2066.1	PK09021.1	TGACGTCA	5.00e-1	1.00e0	9.27e2	106	206	206	206	3	1	0.49	0	0.00
863	data/reference/motifs/JASPAR2026_CORE_plants_non-redundant_pfms_meme.txt	MA2064.1	PK07858.1	CACGTGC	5.93e-1	1.00e0	9.27e2	93	206	206	206	1	46	22.33	47	22.82
864	data/reference/motifs/JASPAR2026_CORE_plants_non-redundant_pfms_meme.txt	MA2063.1	PK07402.1	RCCGMC	1.48e-1	1.00e0	9.27e2	410	206	206	206	16	40	19.42	31	15.05
865	data/reference/motifs/JASPAR2026_CORE_plants_non-redundant_pfms_meme.txt	MA2061.1	PK06517.1	CACGTGC	5.93e-1	1.00e0	9.27e2	93	206	206	206	1	46	22.33	47	22.82
866	data/reference/motifs/JASPAR2026_CORE_plants_non-redundant_pfms_meme.txt	MA2060.1	PK05451.1	CCACGTGM	6.25e-1	1.00e0	9.27e2	92	206	206	206	4	5	2.43	5	2.43
867	data/reference/motifs/JASPAR2026_CORE_plants_non-redundant_pfms_meme.txt	MA2059.1	PK05432.1	RGTCAA	3.20e-1	1.00e0	9.27e2	412	206	206	206	41	161	78.16	156	75.73
868	data/reference/motifs/JASPAR2026_CORE_plants_non-redundant_pfms_meme.txt	MA1384.1	PHL7	AAARGAATATTCY	1.38e-1	1.00e0	9.27e2	342	206	206	206	2	120	58.25	108	52.43
869	data/reference/motifs/JASPAR2026_CORE_plants_non-redundant_pfms_meme.txt	MA1380.1	TCX6	WTTTAAATTTTTWAA	3.81e-1	1.00e0	9.27e2	409	206	206	206	9	82	39.81	78	37.86
870	data/reference/motifs/JASPAR2026_CORE_plants_non-redundant_pfms_meme.txt	MA1379.1	SOL1	WTTWAAAATTTAAAW	5.00e-1	1.00e0	9.27e2	406	206	206	206	7	107	51.94	106	51.46
871	data/reference/motifs/JASPAR2026_CORE_plants_non-redundant_pfms_meme.txt	MA1373.1	GAF1	HABWAAACGACAAAA	2.25e-1	1.00e0	9.27e2	319	206	206	206	6	5	2.43	2	0.97
872	data/reference/motifs/JASPAR2026_CORE_plants_non-redundant_pfms_meme.txt	MA1350.1	BZIP42	TGCTGACGTGGC	8.50e-1	1.00e0	9.27e2	52	206	206	206	1	23	11.17	29	14.08
873	data/reference/motifs/JASPAR2026_CORE_plants_non-redundant_pfms_meme.txt	MA1348.1	TGA9	GMTGACGTCAY	3.31e-1	1.00e0	9.27e2	155	206	206	206	2	29	14.08	25	12.14
874	data/reference/motifs/JASPAR2026_CORE_plants_non-redundant_pfms_meme.txt	MA1339.1	BZIP43	GCCACGTCAGCA	7.78e-1	1.00e0	9.27e2	75	206	206	206	1	35	16.99	40	19.42
875	data/reference/motifs/JASPAR2026_CORE_plants_non-redundant_pfms_meme.txt	MA1335.1	TGA4	TGACGTCAKCA	1.72e-1	1.00e0	9.27e2	345	206	206	206	5	18	8.74	12	5.83
876	data/reference/motifs/JASPAR2026_CORE_plants_non-redundant_pfms_meme.txt	MA1328.1	ZHD9	WTWAWHNVYTAATYA	1.08e-1	1.00e0	9.27e2	412	206	206	206	5	197	95.63	190	92.23
877	data/reference/motifs/JASPAR2026_CORE_plants_non-redundant_pfms_meme.txt	MA1309.1	WRKY3	AAAAGTCAACG	2.76e-1	1.00e0	9.27e2	342	206	206	206	2	117	56.80	110	53.40
878	data/reference/motifs/JASPAR2026_CORE_plants_non-redundant_pfms_meme.txt	MA1242.1	DREB2F	CCDCCACCGCC	5.00e-1	1.00e0	9.27e2	195	206	206	206	9	2	0.97	1	0.49
879	data/reference/motifs/JASPAR2026_CORE_plants_non-redundant_pfms_meme.txt	MA1235.1	AIL7	CGNWTYYCGAG	5.41e-1	1.00e0	9.27e2	404	206	206	206	7	75	36.41	75	36.41
880	data/reference/motifs/JASPAR2026_CORE_plants_non-redundant_pfms_meme.txt	MA1225.1	ERF5	CCDCCGCCGCCGCCR	5.00e-1	1.00e0	9.27e2	168	206	206	206	13	2	0.97	1	0.49
881	data/reference/motifs/JASPAR2026_CORE_plants_non-redundant_pfms_meme.txt	MA1222.1	ERF014	CCDCCDCCACCGMCA	5.39e-1	1.00e0	9.27e2	186	206	206	206	1	93	45.15	93	45.15
882	data/reference/motifs/JASPAR2026_CORE_plants_non-redundant_pfms_meme.txt	MA1221.1	RAP2-6	TKGCGGCGGMGGHGG	5.00e-1	1.00e0	9.27e2	146	206	206	206	13	1	0.49	0	0.00
883	data/reference/motifs/JASPAR2026_CORE_plants_non-redundant_pfms_meme.txt	MA1162.1	TCX2	WTTYAAAATTYAAAW	5.00e-1	1.00e0	9.27e2	401	206	206	206	13	15	7.28	14	6.80
884	data/reference/motifs/JASPAR2026_CORE_plants_non-redundant_pfms_meme.txt	MA1161.1	TSO1	WWTTWAAAATTTAAA	1.24e-1	1.00e0	9.27e2	409	206	206	206	25	3	1.46	0	0.00
885	data/reference/motifs/JASPAR2026_CORE_plants_non-redundant_pfms_meme.txt	MA1097.1	ARALYDRAFT_493022	GGSMCCAC	5.00e-1	1.00e0	9.27e2	279	206	206	206	5	7	3.40	6	2.91
886	data/reference/motifs/JASPAR2026_CORE_plants_non-redundant_pfms_meme.txt	MA1096.1	ARALYDRAFT_496250	GGGACCAC	2.99e-1	1.00e0	9.27e2	132	206	206	206	1	69	33.50	63	30.58
887	data/reference/motifs/JASPAR2026_CORE_plants_non-redundant_pfms_meme.txt	MA1091.1	WRKY62	TGGTCAAC	2.40e-1	1.00e0	9.27e2	377	206	206	206	1	191	92.72	186	90.29
888	data/reference/motifs/JASPAR2026_CORE_plants_non-redundant_pfms_meme.txt	MA1084.1	WRKY38	CGTTGACC	4.07e-1	1.00e0	9.27e2	412	206	206	206	7	161	78.16	158	76.70
889	data/reference/motifs/JASPAR2026_CORE_plants_non-redundant_pfms_meme.txt	MA1080.1	WRKY23	AGTCAACG	1.92e-1	1.00e0	9.27e2	353	206	206	206	5	21	10.19	15	7.28
890	data/reference/motifs/JASPAR2026_CORE_plants_non-redundant_pfms_meme.txt	MA1075.1	WRKY12	CGTTGACC	5.00e-1	1.00e0	9.27e2	412	206	206	206	21	3	1.46	2	0.97
891	data/reference/motifs/JASPAR2026_CORE_plants_non-redundant_pfms_meme.txt	MA1067.1	TCP5	GGGACCAC	3.75e-1	1.00e0	9.27e2	231	206	206	206	4	6	2.91	4	1.94
892	data/reference/motifs/JASPAR2026_CORE_plants_non-redundant_pfms_meme.txt	MA1066.1	TCP23	GGGCCCAC	2.13e-1	1.00e0	9.27e2	332	206	206	206	6	25	12.14	19	9.22
893	data/reference/motifs/JASPAR2026_CORE_plants_non-redundant_pfms_meme.txt	MA1053.1	ERF109	GCGCCGCC	2.49e-1	1.00e0	9.27e2	283	206	206	206	20	2	0.97	0	0.00
894	data/reference/motifs/JASPAR2026_CORE_plants_non-redundant_pfms_meme.txt	MA1051.1	RAP2-3	GCGCCGCC	2.49e-1	1.00e0	9.27e2	365	206	206	206	33	2	0.97	0	0.00
895	data/reference/motifs/JASPAR2026_CORE_plants_non-redundant_pfms_meme.txt	MA1050.1	OsI_08196	GGGCCCAC	1.72e-1	1.00e0	9.27e2	361	206	206	206	7	18	8.74	12	5.83
896	data/reference/motifs/JASPAR2026_CORE_plants_non-redundant_pfms_meme.txt	MA1046.1	NTL9	TTAAGTAAT	5.00e-1	1.00e0	9.27e2	346	206	206	206	12	1	0.49	0	0.00
897	data/reference/motifs/JASPAR2026_CORE_plants_non-redundant_pfms_meme.txt	MA1035.1	TCP4	GGGACCAC	5.40e-1	1.00e0	9.27e2	248	206	206	206	1	124	60.19	124	60.19
898	data/reference/motifs/JASPAR2026_CORE_plants_non-redundant_pfms_meme.txt	MA1034.1	Os05g0497200	CGSCGCCR	5.00e-1	1.00e0	9.27e2	120	206	206	206	6	2	0.97	1	0.49
899	data/reference/motifs/JASPAR2026_CORE_plants_non-redundant_pfms_meme.txt	MA1033.1	OJ1058_F05.8	MCACGTGK	5.00e-1	1.00e0	9.27e2	255	206	206	206	10	2	0.97	1	0.49
900	data/reference/motifs/JASPAR2026_CORE_plants_non-redundant_pfms_meme.txt	MA1028.1	KAN4	GAATATTC	1.24e-1	1.00e0	9.27e2	399	206	206	206	10	73	35.44	61	29.61
901	data/reference/motifs/JASPAR2026_CORE_plants_non-redundant_pfms_meme.txt	MA1023.1	PHYPADRAFT_28324	KGTCGGTG	5.00e-1	1.00e0	9.27e2	111	206	206	206	1	56	27.18	55	26.70
902	data/reference/motifs/JASPAR2026_CORE_plants_non-redundant_pfms_meme.txt	MA1020.1	GT-1	GTTAACCA	2.13e-1	1.00e0	9.27e2	405	206	206	206	11	16	7.77	11	5.34
903	data/reference/motifs/JASPAR2026_CORE_plants_non-redundant_pfms_meme.txt	MA1009.1	ARF3	TGTCGGAA	5.00e-1	1.00e0	9.27e2	401	206	206	206	1	201	97.57	200	97.09
904	data/reference/motifs/JASPAR2026_CORE_plants_non-redundant_pfms_meme.txt	MA1007.1	PHYPADRAFT_173530	TGTCGGTG	2.29e-1	1.00e0	9.27e2	181	206	206	206	2	29	14.08	23	11.17
905	data/reference/motifs/JASPAR2026_CORE_plants_non-redundant_pfms_meme.txt	MA0986.1	DREB2C	CACCGACA	5.00e-1	1.00e0	9.27e2	397	206	206	206	9	24	11.65	23	11.17
906	data/reference/motifs/JASPAR2026_CORE_plants_non-redundant_pfms_meme.txt	MA0978.1	DREB1E	ATGTCGGC	2.49e-1	1.00e0	9.27e2	300	206	206	206	9	2	0.97	0	0.00
907	data/reference/motifs/JASPAR2026_CORE_plants_non-redundant_pfms_meme.txt	MA0975.1	CRF2	SCGCCGCC	2.15e-1	1.00e0	9.27e2	219	206	206	206	1	114	55.34	105	50.97
908	data/reference/motifs/JASPAR2026_CORE_plants_non-redundant_pfms_meme.txt	MA0967.1	BZIP60	TGACGTCA	1.08e-1	1.00e0	9.27e2	412	206	206	206	32	5	2.43	1	0.49
909	data/reference/motifs/JASPAR2026_CORE_plants_non-redundant_pfms_meme.txt	MA0963.1	bHLH78	GCACGTGC	3.83e-1	1.00e0	9.27e2	179	206	206	206	4	27	13.11	24	11.65
910	data/reference/motifs/JASPAR2026_CORE_plants_non-redundant_pfms_meme.txt	MA0960.1	BHLH104	GGCACGTGCC	7.03e-1	1.00e0	9.27e2	67	206	206	206	2	32	15.53	35	16.99
911	data/reference/motifs/JASPAR2026_CORE_plants_non-redundant_pfms_meme.txt	MA0957.1	BHLH3	GCACGTGC	3.86e-1	1.00e0	9.27e2	381	206	206	206	12	29	14.08	26	12.62
912	data/reference/motifs/JASPAR2026_CORE_plants_non-redundant_pfms_meme.txt	MA0952.1	ATHB-51	AATWATTG	2.17e-1	1.00e0	9.27e2	412	206	206	206	33	26	12.62	20	9.71
913	data/reference/motifs/JASPAR2026_CORE_plants_non-redundant_pfms_meme.txt	MA0951.1	ATHB-16	TAATMATT	5.00e-1	1.00e0	9.27e2	411	206	206	206	20	14	6.80	13	6.31
914	data/reference/motifs/JASPAR2026_CORE_plants_non-redundant_pfms_meme.txt	MA0950.1	ATHB-12	AATGATTG	2.31e-1	1.00e0	9.27e2	412	206	206	206	48	71	34.47	63	30.58
915	data/reference/motifs/JASPAR2026_CORE_plants_non-redundant_pfms_meme.txt	MA0947.1	ARR14	AGATWCGS	2.08e-1	1.00e0	9.27e2	393	206	206	206	9	9	4.37	5	2.43
916	data/reference/motifs/JASPAR2026_CORE_plants_non-redundant_pfms_meme.txt	MA0939.1	NAC079	ACACGCAA	2.51e-1	1.00e0	9.27e2	349	206	206	206	7	6	2.91	3	1.46
917	data/reference/motifs/JASPAR2026_CORE_plants_non-redundant_pfms_meme.txt	MA0935.1	NAC025	YACGTAAY	2.66e-1	1.00e0	9.27e2	341	206	206	206	3	73	35.44	66	32.04
918	data/reference/motifs/JASPAR2026_CORE_plants_non-redundant_pfms_meme.txt	MA0934.1	AHL25	AWTTAAWT	1.30e-1	1.00e0	9.27e2	412	206	206	206	50	202	98.06	197	95.63
919	data/reference/motifs/JASPAR2026_CORE_plants_non-redundant_pfms_meme.txt	MA0933.1	AHL20	AATTAAWT	1.06e-1	1.00e0	9.27e2	412	206	206	206	145	76	36.89	63	30.58
920	data/reference/motifs/JASPAR2026_CORE_plants_non-redundant_pfms_meme.txt	MA0932.1	AHL12	AAWWWWTT	1.74e-1	1.00e0	9.27e2	412	206	206	206	100	199	96.60	194	94.17
921	data/reference/motifs/JASPAR2026_CORE_plants_non-redundant_pfms_meme.txt	MA0580.1	DYT1	MGTGAGWCACGTGA	4.08e-1	1.00e0	9.27e2	95	206	206	206	1	49	23.79	46	22.33
922	data/reference/motifs/JASPAR2026_CORE_plants_non-redundant_pfms_meme.txt	MA0567.1	ERF1B	MGCCGCCA	5.00e-1	1.00e0	9.27e2	345	206	206	206	22	1	0.49	0	0.00
923	data/reference/motifs/JASPAR2026_CORE_plants_non-redundant_pfms_meme.txt	MA0561.1	PIF4	CACGTGSC	2.25e-1	1.00e0	9.27e2	185	206	206	206	4	5	2.43	2	0.97
924	data/reference/motifs/JASPAR2026_CORE_plants_non-redundant_pfms_meme.txt	MA0129.1	TGA1A	HACGTCA	2.49e-1	1.00e0	9.27e2	412	206	206	206	33	2	0.97	0	0.00
925	data/reference/motifs/JASPAR2026_CORE_plants_non-redundant_pfms_meme.txt	MA0128.1	EmBP-1	ASACGTGG	2.87e-1	1.00e0	9.27e2	388	206	206	206	6	32	15.53	27	13.11
926	data/reference/motifs/JASPAR2026_CORE_plants_non-redundant_pfms_meme.txt	MA0123.1	abi4	CGSYGCCCCC	2.05e-1	1.00e0	9.27e2	361	206	206	206	10	15	7.28	10	4.85
927	data/reference/motifs/JASPAR2026_CORE_plants_non-redundant_pfms_meme.txt	MA0097.1	bZIP911	GRTGACGTGGMC	8.56e-1	1.00e0	9.27e2	35	206	206	206	1	15	7.28	20	9.71

# AME (Analysis of Motif Enrichment): Version 5.5.9 compiled on May 27 2026 at 12:40:54
# The format of this file is described at https://meme-suite.org/meme/doc/ame-output-format.html.
# ame --verbose 1 --text --control results/evidence/motifs/inputs/backgrounds/2000/replicate_004.fa --method fisher --scoring totalhits --hit-lo-fraction 0.25 --evalue-report-threshold 1000000 --noseq results/evidence/motifs/inputs/frozen_candidates_2000bp.fa data/reference/motifs/JASPAR2026_CORE_plants_non-redundant_pfms_meme.txt
