2	data/reference/motifs/JASPAR2026_CORE_plants_non-redundant_pfms_meme.txt	MA2622.1	hb34	CAATAATTG	2.74e-5	1.12e-2	1.04e1	412	206	206	206	22	93	45.15	53	25.73
3	data/reference/motifs/JASPAR2026_CORE_plants_non-redundant_pfms_meme.txt	MA1197.2	CAMTA1	AARCGCGTG	1.41e-3	2.23e-1	2.07e2	179	206	206	206	1	105	50.97	74	35.92
4	data/reference/motifs/JASPAR2026_CORE_plants_non-redundant_pfms_meme.txt	MA1184.2	RVE1	WAAATATCT	1.44e-3	4.43e-1	4.10e2	405	206	206	206	5	130	63.11	99	48.06
5	data/reference/motifs/JASPAR2026_CORE_plants_non-redundant_pfms_meme.txt	MA1028.1	KAN4	GAATATTC	1.58e-3	4.67e-1	4.33e2	398	206	206	206	10	73	35.44	45	21.84
6	data/reference/motifs/JASPAR2026_CORE_plants_non-redundant_pfms_meme.txt	MA2422.1	OsbZIP42	TGMCACGTCA	1.76e-3	5.03e-1	4.66e2	396	206	206	206	1	204	99.03	192	93.20
7	data/reference/motifs/JASPAR2026_CORE_plants_non-redundant_pfms_meme.txt	MA1169.1	MYB105	WTHDWWACCGTTA	3.81e-3	7.13e-1	6.61e2	328	206	206	206	4	36	17.48	17	8.25
8	data/reference/motifs/JASPAR2026_CORE_plants_non-redundant_pfms_meme.txt	MA2360.1	PK28565.1	TAACBGTC	3.90e-3	8.00e-1	7.41e2	412	206	206	206	14	29	14.08	12	5.83
9	data/reference/motifs/JASPAR2026_CORE_plants_non-redundant_pfms_meme.txt	MA0571.2	ANT	GCACRRWTCCCVAKGY	3.10e-2	8.11e-1	7.52e2	53	206	206	206	2	9	4.37	2	0.97
10	data/reference/motifs/JASPAR2026_CORE_plants_non-redundant_pfms_meme.txt	MA1287.2	TCP21	GTGGGMCCCAC	8.76e-3	8.47e-1	7.85e2	214	206	206	206	3	27	13.11	12	5.83
11	data/reference/motifs/JASPAR2026_CORE_plants_non-redundant_pfms_meme.txt	MA1045.2	NAC043	TWACGTAA	4.87e-3	8.65e-1	8.02e2	411	206	206	206	4	187	90.78	168	81.55
12	data/reference/motifs/JASPAR2026_CORE_plants_non-redundant_pfms_meme.txt	MA2499.1	LSH2	TACTGTTCA	4.88e-3	8.66e-1	8.03e2	412	206	206	206	12	104	50.49	77	37.38
13	data/reference/motifs/JASPAR2026_CORE_plants_non-redundant_pfms_meme.txt	MA1352.1	TRP1	ACCCTAAACCCTAAACCCTAA	5.00e-1	8.75e-1	8.11e2	3	206	206	206	1	2	0.97	1	0.49
14	data/reference/motifs/JASPAR2026_CORE_plants_non-redundant_pfms_meme.txt	MA2658.1	GLYMA-19G094100	ATTGACTTW	5.32e-3	8.88e-1	8.23e2	412	206	206	206	12	54	26.21	32	15.53
15	data/reference/motifs/JASPAR2026_CORE_plants_non-redundant_pfms_meme.txt	MA0563.2	SEP3	CYWTTTTTGG	5.76e-3	9.07e-1	8.41e2	412	206	206	206	27	12	5.83	2	0.97
16	data/reference/motifs/JASPAR2026_CORE_plants_non-redundant_pfms_meme.txt	MA2475.1	HOX6	TGATTG	6.27e-3	9.24e-1	8.57e2	412	206	206	206	38	198	96.12	184	89.32
17	data/reference/motifs/JASPAR2026_CORE_plants_non-redundant_pfms_meme.txt	MA2759.1	ereb7	GCGGCGGCGGCGG	5.00e-1	9.38e-1	8.69e2	4	206	206	206	2	1	0.49	0	0.00
18	data/reference/motifs/JASPAR2026_CORE_plants_non-redundant_pfms_meme.txt	MA1041.1	MYB55	ACCTACCG	7.42e-3	9.50e-1	8.81e2	405	206	206	206	1	206	100.00	199	96.60
19	data/reference/motifs/JASPAR2026_CORE_plants_non-redundant_pfms_meme.txt	MA2356.1	PK20555.1	CTTTW	7.42e-3	9.53e-1	8.83e2	412	206	206	206	175	206	100.00	199	96.60
20	data/reference/motifs/JASPAR2026_CORE_plants_non-redundant_pfms_meme.txt	MA1210.3	HAT22	CAATAATTG	7.46e-3	9.54e-1	8.84e2	412	206	206	206	13	161	78.16	138	66.99
21	data/reference/motifs/JASPAR2026_CORE_plants_non-redundant_pfms_meme.txt	MA2501.1	G1	TTACTGTA	7.71e-3	9.58e-1	8.88e2	412	206	206	206	14	151	73.30	127	61.65
22	data/reference/motifs/JASPAR2026_CORE_plants_non-redundant_pfms_meme.txt	MA1291.1	TCP7	GTGGGRCCCAC	2.22e-2	9.62e-1	8.92e2	147	206	206	206	3	13	6.31	4	1.94
23	data/reference/motifs/JASPAR2026_CORE_plants_non-redundant_pfms_meme.txt	MA2724.1	SlTCP18	GTGGGVCCCAC	1.31e-2	9.63e-1	8.92e2	251	206	206	206	1	137	66.50	114	55.34
24	data/reference/motifs/JASPAR2026_CORE_plants_non-redundant_pfms_meme.txt	MA0586.3	SPL14	TCCGTAC	1.82e-2	9.68e-1	8.97e2	189	206	206	206	2	44	21.36	27	13.11
25	data/reference/motifs/JASPAR2026_CORE_plants_non-redundant_pfms_meme.txt	MA2091.1	PK27109.1	GACAGCTG	9.46e-3	9.75e-1	9.04e2	389	206	206	206	12	18	8.74	6	2.91
26	data/reference/motifs/JASPAR2026_CORE_plants_non-redundant_pfms_meme.txt	MA1283.2	TCP14	ADAGVDBGTGGGDCCCAC	2.49e-1	9.76e-1	9.05e2	13	206	206	206	3	2	0.97	0	0.00
27	data/reference/motifs/JASPAR2026_CORE_plants_non-redundant_pfms_meme.txt	MA2105.1	GLYMA-13G317000	ACACGT	9.82e-3	9.77e-1	9.06e2	386	206	206	206	4	139	67.48	115	55.83
28	data/reference/motifs/JASPAR2026_CORE_plants_non-redundant_pfms_meme.txt	MA1065.3	TCP20	GTGGGWCCCAC	1.79e-2	9.78e-1	9.06e2	212	206	206	206	7	10	4.85	2	0.97
29	data/reference/motifs/JASPAR2026_CORE_plants_non-redundant_pfms_meme.txt	MA2640.1	GLYMA-19G062000	GTAACAGTTAC	9.71e-3	9.78e-1	9.07e2	393	206	206	206	10	21	10.19	8	3.88
30	data/reference/motifs/JASPAR2026_CORE_plants_non-redundant_pfms_meme.txt	MA1027.2	KAN1	WTATTC	9.45e-3	9.80e-1	9.08e2	412	206	206	206	143	13	6.31	3	1.46
31	data/reference/motifs/JASPAR2026_CORE_plants_non-redundant_pfms_meme.txt	MA1775.2	MYB61	YACCWACC	9.63e-3	9.80e-1	9.08e2	406	206	206	206	4	153	74.27	130	63.11
32	data/reference/motifs/JASPAR2026_CORE_plants_non-redundant_pfms_meme.txt	MA0955.2	POPTR_0002s00440g	GTACGG	1.00e-2	9.84e-1	9.12e2	412	206	206	206	11	205	99.51	197	95.63
33	data/reference/motifs/JASPAR2026_CORE_plants_non-redundant_pfms_meme.txt	MA1662.2	AT3G10030	TTAACAGA	1.16e-2	9.92e-1	9.19e2	412	206	206	206	12	72	34.95	50	24.27
34	data/reference/motifs/JASPAR2026_CORE_plants_non-redundant_pfms_meme.txt	MA1758.2	HSFA1E	AGAAGCTTCTAGAA	2.43e-2	9.93e-1	9.20e2	203	206	206	206	2	43	20.87	27	13.11
35	data/reference/motifs/JASPAR2026_CORE_plants_non-redundant_pfms_meme.txt	MA2373.1	AZF2	ASTG	1.20e-2	9.93e-1	9.20e2	412	206	206	206	179	143	69.42	120	58.25
36	data/reference/motifs/JASPAR2026_CORE_plants_non-redundant_pfms_meme.txt	MA1056.2	SPL11	CGTACGGA	1.78e-2	9.93e-1	9.20e2	277	206	206	206	1	149	72.33	128	62.14
37	data/reference/motifs/JASPAR2026_CORE_plants_non-redundant_pfms_meme.txt	MA1760.1	HSFA6A	GAAGNTTCTAGAA	7.20e-2	9.94e-1	9.21e2	68	206	206	206	1	40	19.42	28	13.59
38	data/reference/motifs/JASPAR2026_CORE_plants_non-redundant_pfms_meme.txt	MA2661.1	GLYMA-03G081700	CTACGTGGCA	1.29e-2	9.94e-1	9.21e2	397	206	206	206	4	152	73.79	130	63.11
39	data/reference/motifs/JASPAR2026_CORE_plants_non-redundant_pfms_meme.txt	MA2736.1	la3	AACACGTG	1.29e-2	9.94e-1	9.22e2	398	206	206	206	2	194	94.17	180	87.38
40	data/reference/motifs/JASPAR2026_CORE_plants_non-redundant_pfms_meme.txt	MA2343.1	MYB3R3	CGCCGTTA	1.26e-2	9.94e-1	9.22e2	412	206	206	206	8	140	67.96	117	56.80
41	data/reference/motifs/JASPAR2026_CORE_plants_non-redundant_pfms_meme.txt	MA0570.3	ABF1	ACACGTGKCA	1.50e-2	9.95e-1	9.22e2	347	206	206	206	1	182	88.35	165	80.10
42	data/reference/motifs/JASPAR2026_CORE_plants_non-redundant_pfms_meme.txt	MA1801.2	TREE1	AGCTD	1.29e-2	9.95e-1	9.22e2	412	206	206	206	58	194	94.17	180	87.38
43	data/reference/motifs/JASPAR2026_CORE_plants_non-redundant_pfms_meme.txt	MA2370.1	MBD2	AGCTD	1.29e-2	9.95e-1	9.22e2	412	206	206	206	58	194	94.17	180	87.38
44	data/reference/motifs/JASPAR2026_CORE_plants_non-redundant_pfms_meme.txt	MA2502.1	TMF	CTACAGTA	1.31e-2	9.95e-1	9.23e2	412	206	206	206	6	191	92.72	176	85.44
45	data/reference/motifs/JASPAR2026_CORE_plants_non-redundant_pfms_meme.txt	MA1037.2	MYB24	GTTAGGY	1.33e-2	9.96e-1	9.23e2	412	206	206	206	46	136	66.02	113	54.85
46	data/reference/motifs/JASPAR2026_CORE_plants_non-redundant_pfms_meme.txt	MA1789.1	NAC071	CTTSWHYYTCAMGYA	1.79e-2	9.96e-1	9.24e2	313	206	206	206	7	10	4.85	2	0.97
47	data/reference/motifs/JASPAR2026_CORE_plants_non-redundant_pfms_meme.txt	MA1674.3	NAC017	CAAGTAA	1.37e-2	9.96e-1	9.24e2	412	206	206	206	10	202	98.06	192	93.20
48	data/reference/motifs/JASPAR2026_CORE_plants_non-redundant_pfms_meme.txt	MA2709.1	SolycHsfA2	TTCTAGAAKMTTCTA	2.44e-2	9.97e-1	9.24e2	232	206	206	206	2	58	28.16	40	19.42
49	data/reference/motifs/JASPAR2026_CORE_plants_non-redundant_pfms_meme.txt	MA0969.2	CAMTA2	VCGCGT	1.39e-2	9.97e-1	9.24e2	412	206	206	206	6	187	90.78	171	83.01
50	data/reference/motifs/JASPAR2026_CORE_plants_non-redundant_pfms_meme.txt	MA1814.2	RIN	CTATTTTTGG	1.40e-2	9.97e-1	9.24e2	412	206	206	206	22	52	25.24	33	16.02
51	data/reference/motifs/JASPAR2026_CORE_plants_non-redundant_pfms_meme.txt	MA1059.3	SPL5	TGTACGGAH	1.12e-1	9.97e-1	9.24e2	49	206	206	206	1	29	14.08	20	9.71
52	data/reference/motifs/JASPAR2026_CORE_plants_non-redundant_pfms_meme.txt	MA2762.1	myb53	AGTTAGGCAC	1.50e-2	9.97e-1	9.24e2	390	206	206	206	2	182	88.35	165	80.10
53	data/reference/motifs/JASPAR2026_CORE_plants_non-redundant_pfms_meme.txt	MA1296.2	WRKY46	CGTTGACTTT	1.79e-2	9.98e-1	9.25e2	338	206	206	206	6	10	4.85	2	0.97
54	data/reference/motifs/JASPAR2026_CORE_plants_non-redundant_pfms_meme.txt	MA1014.1	GATA11	TAGATCTG	2.45e-2	9.98e-1	9.25e2	250	206	206	206	4	32	15.53	18	8.74
55	data/reference/motifs/JASPAR2026_CORE_plants_non-redundant_pfms_meme.txt	MA1766.2	MYB17	YYCACCTACCW	1.54e-2	9.98e-1	9.25e2	397	206	206	206	3	164	79.61	144	69.90
56	data/reference/motifs/JASPAR2026_CORE_plants_non-redundant_pfms_meme.txt	MA1071.2	DOF5.3	AAMG	1.49e-2	9.98e-1	9.25e2	412	206	206	206	271	145	70.39	123	59.71
57	data/reference/motifs/JASPAR2026_CORE_plants_non-redundant_pfms_meme.txt	MA2500.1	LSH3	TTACTGTTCAT	1.50e-2	9.98e-1	9.25e2	410	206	206	206	11	41	19.90	24	11.65
58	data/reference/motifs/JASPAR2026_CORE_plants_non-redundant_pfms_meme.txt	MA0001.3	AGL3	CCAWWWATAG	1.51e-2	9.98e-1	9.25e2	412	206	206	206	23	6	2.91	0	0.00
59	data/reference/motifs/JASPAR2026_CORE_plants_non-redundant_pfms_meme.txt	MA2673.1	GLYMA-15G086400	WTCTAGAAMCTTCTAGAR	3.54e-2	9.98e-1	9.26e2	182	206	206	206	3	15	7.28	6	2.91
60	data/reference/motifs/JASPAR2026_CORE_plants_non-redundant_pfms_meme.txt	MA1351.3	GBF3	ACGTGGCA	1.60e-2	9.99e-1	9.26e2	411	206	206	206	20	12	5.83	3	1.46
61	data/reference/motifs/JASPAR2026_CORE_plants_non-redundant_pfms_meme.txt	MA2454.1	SPL8D1	ATAGTACATA	1.60e-2	9.99e-1	9.26e2	412	206	206	206	12	163	79.13	143	69.42
62	data/reference/motifs/JASPAR2026_CORE_plants_non-redundant_pfms_meme.txt	MA1285.2	TCP9	GTGGGTCCCAC	5.99e-2	9.99e-1	9.26e2	111	206	206	206	1	63	30.58	48	23.30
63	data/reference/motifs/JASPAR2026_CORE_plants_non-redundant_pfms_meme.txt	MA2498.1	LSH1	AAACAGTG	1.61e-2	9.99e-1	9.26e2	412	206	206	206	9	189	91.75	174	84.47
64	data/reference/motifs/JASPAR2026_CORE_plants_non-redundant_pfms_meme.txt	MA1364.2	BHLH72	GCCACGTGG	2.73e-2	9.99e-1	9.26e2	252	206	206	206	1	136	66.02	116	56.31
65	data/reference/motifs/JASPAR2026_CORE_plants_non-redundant_pfms_meme.txt	MA1231.3	ERF15	MGCCGCCD	2.33e-2	9.99e-1	9.26e2	299	206	206	206	1	159	77.18	140	67.96
66	data/reference/motifs/JASPAR2026_CORE_plants_non-redundant_pfms_meme.txt	MA1402.1	BPC6	CTCTCTCTCTCTCTCTCTCTC	9.43e-2	9.99e-1	9.26e2	72	206	206	206	2	32	15.53	22	10.68
67	data/reference/motifs/JASPAR2026_CORE_plants_non-redundant_pfms_meme.txt	MA1816.2	O11	CACGTG	2.13e-2	9.99e-1	9.26e2	335	206	206	206	2	176	85.44	159	77.18
68	data/reference/motifs/JASPAR2026_CORE_plants_non-redundant_pfms_meme.txt	MA1403.1	BPC5	AGAGAGAGAGAGAGAGAGAGAGAGAGAGAG	2.64e-1	9.99e-1	9.26e2	24	206	206	206	1	14	6.80	10	4.85
69	data/reference/motifs/JASPAR2026_CORE_plants_non-redundant_pfms_meme.txt	MA2615.1	ereb109	CGCCGCC	1.86e-1	9.99e-1	9.26e2	36	206	206	206	2	4	1.94	1	0.49
70	data/reference/motifs/JASPAR2026_CORE_plants_non-redundant_pfms_meme.txt	MA1284.2	TCP1	GTGGGCCCCAC	5.49e-2	9.99e-1	9.26e2	136	206	206	206	3	18	8.74	9	4.37
71	data/reference/motifs/JASPAR2026_CORE_plants_non-redundant_pfms_meme.txt	MA2344.1	REV	AATMATCATTATTA	1.83e-2	9.99e-1	9.26e2	409	206	206	206	3	201	97.57	191	92.72
72	data/reference/motifs/JASPAR2026_CORE_plants_non-redundant_pfms_meme.txt	MA1038.2	MYB3	GGTAGGTA	1.88e-2	9.99e-1	9.27e2	401	206	206	206	5	81	39.32	60	29.13
73	data/reference/motifs/JASPAR2026_CORE_plants_non-redundant_pfms_meme.txt	MA1750.1	E2FE	TTTTTGGCGGGAAAA	5.00e-1	1.00e0	9.27e2	11	206	206	206	1	6	2.91	5	2.43
74	data/reference/motifs/JASPAR2026_CORE_plants_non-redundant_pfms_meme.txt	MA1732.1	E2FD	TTTTTGGCGGGAAAA	5.00e-1	1.00e0	9.27e2	11	206	206	206	1	6	2.91	5	2.43
75	data/reference/motifs/JASPAR2026_CORE_plants_non-redundant_pfms_meme.txt	MA2058.1	PK03929.1	CTTTW	1.85e-2	1.00e0	9.27e2	412	206	206	206	85	205	99.51	198	96.12
76	data/reference/motifs/JASPAR2026_CORE_plants_non-redundant_pfms_meme.txt	MA1058.2	SPL4	GTACG	1.87e-2	1.00e0	9.27e2	412	206	206	206	74	104	50.49	82	39.81
77	data/reference/motifs/JASPAR2026_CORE_plants_non-redundant_pfms_meme.txt	MA0054.1	myb.Ph3	TAACBGTTW	1.91e-2	1.00e0	9.27e2	412	206	206	206	38	39	18.93	23	11.17
78	data/reference/motifs/JASPAR2026_CORE_plants_non-redundant_pfms_meme.txt	MA2379.1	DOF3.1	CKTT	1.91e-2	1.00e0	9.27e2	412	206	206	206	207	183	88.83	167	81.07
79	data/reference/motifs/JASPAR2026_CORE_plants_non-redundant_pfms_meme.txt	MA1778.2	MYB80	TYYACCTAMYTW	1.91e-2	1.00e0	9.27e2	412	206	206	206	8	110	53.40	88	42.72
80	data/reference/motifs/JASPAR2026_CORE_plants_non-redundant_pfms_meme.txt	MA1213.3	ZHD3	CAATTATTG	1.92e-2	1.00e0	9.27e2	411	206	206	206	11	116	56.31	94	45.63
81	data/reference/motifs/JASPAR2026_CORE_plants_non-redundant_pfms_meme.txt	MA1176.2	MYB119	RWCCGTTACA	2.11e-2	1.00e0	9.27e2	373	206	206	206	1	193	93.69	180	87.38
82	data/reference/motifs/JASPAR2026_CORE_plants_non-redundant_pfms_meme.txt	MA0975.1	CRF2	SCGCCGCC	3.80e-2	1.00e0	9.27e2	209	206	206	206	1	114	55.34	95	46.12
83	data/reference/motifs/JASPAR2026_CORE_plants_non-redundant_pfms_meme.txt	MA2505.1	bZIP59	TGACAGCTGTCA	2.38e-2	1.00e0	9.27e2	334	206	206	206	4	123	59.71	102	49.51
84	data/reference/motifs/JASPAR2026_CORE_plants_non-redundant_pfms_meme.txt	MA0557.2	FHY3	CACGCGCT	2.27e-2	1.00e0	9.27e2	354	206	206	206	4	77	37.38	57	27.67
85	data/reference/motifs/JASPAR2026_CORE_plants_non-redundant_pfms_meme.txt	MA2659.1	GLYMA-08G281200	YTTGACTAATTAGGGTTWAKKGDT	1.97e-1	1.00e0	9.27e2	38	206	206	206	1	22	10.68	16	7.77
86	data/reference/motifs/JASPAR2026_CORE_plants_non-redundant_pfms_meme.txt	MA1036.1	MYB111	GKTAGGTR	2.08e-2	1.00e0	9.27e2	411	206	206	206	8	163	79.13	144	69.90
87	data/reference/motifs/JASPAR2026_CORE_plants_non-redundant_pfms_meme.txt	MA2387.1	NAC094	YGCCGTRNHNNHCACG	6.96e-2	1.00e0	9.27e2	124	206	206	206	2	39	18.93	27	13.11
88	data/reference/motifs/JASPAR2026_CORE_plants_non-redundant_pfms_meme.txt	MA2029.2	MYB88	ACGCTCCTC	2.90e-2	1.00e0	9.27e2	298	206	206	206	2	97	47.09	77	37.38
89	data/reference/motifs/JASPAR2026_CORE_plants_non-redundant_pfms_meme.txt	MA1404.1	BPC1	GAGAGAGAGAGAGAGAGAGAGAGA	1.05e-1	1.00e0	9.27e2	78	206	206	206	6	21	10.19	13	6.31
90	data/reference/motifs/JASPAR2026_CORE_plants_non-redundant_pfms_meme.txt	MA1288.2	TCP22	GTGGGHCCCAC	5.25e-2	1.00e0	9.27e2	165	206	206	206	4	8	3.88	2	0.97
91	data/reference/motifs/JASPAR2026_CORE_plants_non-redundant_pfms_meme.txt	MA1024.2	HAT1	YAATCATK	2.11e-2	1.00e0	9.27e2	412	206	206	206	4	193	93.69	180	87.38
92	data/reference/motifs/JASPAR2026_CORE_plants_non-redundant_pfms_meme.txt	MA1675.2	NAC029	ACGCAACT	2.22e-2	1.00e0	9.27e2	406	206	206	206	2	202	98.06	193	93.69
93	data/reference/motifs/JASPAR2026_CORE_plants_non-redundant_pfms_meme.txt	MA0110.4	ATHB-5	CAATCATT	2.20e-2	1.00e0	9.27e2	412	206	206	206	27	169	82.04	151	73.30
94	data/reference/motifs/JASPAR2026_CORE_plants_non-redundant_pfms_meme.txt	MA2749.1	TraesCS2D02G576500	GAAGCAAC	2.24e-2	1.00e0	9.27e2	411	206	206	206	4	198	96.12	187	90.78
95	data/reference/motifs/JASPAR2026_CORE_plants_non-redundant_pfms_meme.txt	MA2651.1	GLYMA-20G154400	GGGCCCCAC	2.81e-2	1.00e0	9.27e2	336	206	206	206	1	176	85.44	160	77.67
96	data/reference/motifs/JASPAR2026_CORE_plants_non-redundant_pfms_meme.txt	MA2006.2	NAC020	GGTTGCKTGTDNMACAAGTAA	1.08e-1	1.00e0	9.27e2	84	206	206	206	3	5	2.43	1	0.49
97	data/reference/motifs/JASPAR2026_CORE_plants_non-redundant_pfms_meme.txt	MA2047.2	NAC037	CAAGCAA	2.36e-2	1.00e0	9.27e2	412	206	206	206	10	192	93.20	179	86.89
98	data/reference/motifs/JASPAR2026_CORE_plants_non-redundant_pfms_meme.txt	MA1660.2	NAC013	TTACTTGTTCYMCAAGTAA	6.98e-2	1.00e0	9.27e2	140	206	206	206	3	16	7.77	8	3.88
99	data/reference/motifs/JASPAR2026_CORE_plants_non-redundant_pfms_meme.txt	MA1175.2	MYB81	TAACHGWWT	2.45e-2	1.00e0	9.27e2	412	206	206	206	11	173	83.98	156	75.73
100	data/reference/motifs/JASPAR2026_CORE_plants_non-redundant_pfms_meme.txt	MA2405.1	OsMSL08	GTAAAW	2.55e-2	1.00e0	9.27e2	412	206	206	206	80	51	24.76	34	16.50
101	data/reference/motifs/JASPAR2026_CORE_plants_non-redundant_pfms_meme.txt	MA1321.2	SPL13A	TGTACGGA	3.05e-2	1.00e0	9.27e2	346	206	206	206	9	5	2.43	0	0.00
102	data/reference/motifs/JASPAR2026_CORE_plants_non-redundant_pfms_meme.txt	MA1177.2	MYB65	TAACCGHM	2.57e-2	1.00e0	9.27e2	412	206	206	206	17	38	18.45	23	11.17
103	data/reference/motifs/JASPAR2026_CORE_plants_non-redundant_pfms_meme.txt	MA1824.2	Zm00001d005692	CAATAATT	2.57e-2	1.00e0	9.27e2	412	206	206	206	26	183	88.83	168	81.55
104	data/reference/motifs/JASPAR2026_CORE_plants_non-redundant_pfms_meme.txt	MA2711.1	SolycHsfB2b	TTCTAGAA	4.03e-2	1.00e0	9.27e2	264	206	206	206	1	141	68.45	123	59.71
105	data/reference/motifs/JASPAR2026_CORE_plants_non-redundant_pfms_meme.txt	MA2407.1	PK24978.1	CACGTGT	2.61e-2	1.00e0	9.27e2	412	206	206	206	21	191	92.72	178	86.41
106	data/reference/motifs/JASPAR2026_CORE_plants_non-redundant_pfms_meme.txt	MA2610.1	ereb97	CGCCGCCGCC	3.12e-1	1.00e0	9.27e2	29	206	206	206	2	3	1.46	1	0.49
107	data/reference/motifs/JASPAR2026_CORE_plants_non-redundant_pfms_meme.txt	MA1832.2	Zm00001d002364	CGCCGCCGCC	3.12e-1	1.00e0	9.27e2	29	206	206	206	2	3	1.46	1	0.49
108	data/reference/motifs/JASPAR2026_CORE_plants_non-redundant_pfms_meme.txt	MA1818.1	Zm00001d052229	CGCCGCCGCC	3.12e-1	1.00e0	9.27e2	29	206	206	206	2	3	1.46	1	0.49
109	data/reference/motifs/JASPAR2026_CORE_plants_non-redundant_pfms_meme.txt	MA2376.1	CAMTA5	CGYGTNDDAWVCGYGT	3.31e-2	1.00e0	9.27e2	328	206	206	206	1	172	83.50	156	75.73
110	data/reference/motifs/JASPAR2026_CORE_plants_non-redundant_pfms_meme.txt	MA1057.2	SPL12	GTACGG	2.66e-2	1.00e0	9.27e2	412	206	206	206	34	11	5.34	3	1.46
111	data/reference/motifs/JASPAR2026_CORE_plants_non-redundant_pfms_meme.txt	MA2727.1	SolycHsfA7	TTCYAGAA	2.67e-2	1.00e0	9.27e2	411	206	206	206	7	138	66.99	118	57.28
112	data/reference/motifs/JASPAR2026_CORE_plants_non-redundant_pfms_meme.txt	MA1018.2	GATA9	AGATCT	2.81e-2	1.00e0	9.27e2	394	206	206	206	8	46	22.33	30	14.56
113	data/reference/motifs/JASPAR2026_CORE_plants_non-redundant_pfms_meme.txt	MA0573.2	ATHB-9	GTAATGATTRCDYBS	2.51e-1	1.00e0	9.27e2	39	206	206	206	1	22	10.68	17	8.25
114	data/reference/motifs/JASPAR2026_CORE_plants_non-redundant_pfms_meme.txt	MA2358.1	PK22320.1	GTACGG	2.73e-2	1.00e0	9.27e2	412	206	206	206	18	39	18.93	24	11.65
115	data/reference/motifs/JASPAR2026_CORE_plants_non-redundant_pfms_meme.txt	MA1174.2	MYB56	ATAACGGWHW	2.83e-2	1.00e0	9.27e2	409	206	206	206	6	132	64.08	112	54.37
116	data/reference/motifs/JASPAR2026_CORE_plants_non-redundant_pfms_meme.txt	MA0568.2	MYC3	CACGTG	2.85e-2	1.00e0	9.27e2	410	206	206	206	10	169	82.04	152	73.79
117	data/reference/motifs/JASPAR2026_CORE_plants_non-redundant_pfms_meme.txt	MA1356.1	TRP2	AACCCTAAACCCTAAACCCTA	5.00e-1	1.00e0	9.27e2	17	206	206	206	1	9	4.37	8	3.88
118	data/reference/motifs/JASPAR2026_CORE_plants_non-redundant_pfms_meme.txt	MA1181.2	MYB113	AKTYMGTTAT	2.88e-2	1.00e0	9.27e2	411	206	206	206	4	201	97.57	192	93.20
119	data/reference/motifs/JASPAR2026_CORE_plants_non-redundant_pfms_meme.txt	MA2748.1	TraesCS6B02G321100	CAATTATTG	2.90e-2	1.00e0	9.27e2	410	206	206	206	11	97	47.09	77	37.38
120	data/reference/motifs/JASPAR2026_CORE_plants_non-redundant_pfms_meme.txt	MA1040.1	MYB46	GKTAGGTR	2.89e-2	1.00e0	9.27e2	411	206	206	206	5	181	87.86	166	80.58
121	data/reference/motifs/JASPAR2026_CORE_plants_non-redundant_pfms_meme.txt	MA2005.2	NAC016	TVCKTGWBCYNCAMG	6.70e-2	1.00e0	9.27e2	179	206	206	206	3	20	9.71	11	5.34
122	data/reference/motifs/JASPAR2026_CORE_plants_non-redundant_pfms_meme.txt	MA2014.2	BAM8	CACACGTGY	4.03e-2	1.00e0	9.27e2	298	206	206	206	3	83	40.29	65	31.55
123	data/reference/motifs/JASPAR2026_CORE_plants_non-redundant_pfms_meme.txt	MA0575.2	MYB77	GACRGTTAS	3.44e-2	1.00e0	9.27e2	352	206	206	206	1	183	88.83	169	82.04
124	data/reference/motifs/JASPAR2026_CORE_plants_non-redundant_pfms_meme.txt	MA1792.1	NAC098	CKTGTNNHACACGTHA	6.16e-2	1.00e0	9.27e2	198	206	206	206	5	4	1.94	0	0.00
125	data/reference/motifs/JASPAR2026_CORE_plants_non-redundant_pfms_meme.txt	MA2377.1	cassava45561.m1	GGGSCCCAC	3.10e-2	1.00e0	9.27e2	400	206	206	206	2	189	91.75	176	85.44
126	data/reference/motifs/JASPAR2026_CORE_plants_non-redundant_pfms_meme.txt	MA1304.2	WRKY59	AAAAGTCAAM	3.05e-2	1.00e0	9.27e2	407	206	206	206	1	206	100.00	201	97.57
127	data/reference/motifs/JASPAR2026_CORE_plants_non-redundant_pfms_meme.txt	MA1043.2	NAC083	YACGYAA	5.70e-2	1.00e0	9.27e2	219	206	206	206	1	118	57.28	101	49.03
128	data/reference/motifs/JASPAR2026_CORE_plants_non-redundant_pfms_meme.txt	MA2038.2	NAC103	CAAGTTA	3.04e-2	1.00e0	9.27e2	412	206	206	206	20	108	52.43	88	42.72
129	data/reference/motifs/JASPAR2026_CORE_plants_non-redundant_pfms_meme.txt	MA2035.2	NAC075	GWAGCTTGTNNNACAAGCTW	7.28e-2	1.00e0	9.27e2	172	206	206	206	3	21	10.19	12	5.83
130	data/reference/motifs/JASPAR2026_CORE_plants_non-redundant_pfms_meme.txt	MA2106.1	Zm00001d024644	CCTTATCC	3.05e-2	1.00e0	9.27e2	412	206	206	206	27	5	2.43	0	0.00
131	data/reference/motifs/JASPAR2026_CORE_plants_non-redundant_pfms_meme.txt	MA1011.2	PHYPADRAFT_72483	CACGTG	3.06e-2	1.00e0	9.27e2	412	206	206	206	52	48	23.30	32	15.53
132	data/reference/motifs/JASPAR2026_CORE_plants_non-redundant_pfms_meme.txt	MA1416.1	RAMOSA1	GAGAGAGAGAGAGA	6.75e-2	1.00e0	9.27e2	188	206	206	206	3	57	27.67	43	20.87
133	data/reference/motifs/JASPAR2026_CORE_plants_non-redundant_pfms_meme.txt	MA0954.3	ATHB-7	TCAATGATTGR	3.20e-2	1.00e0	9.27e2	406	206	206	206	4	142	68.93	123	59.71
134	data/reference/motifs/JASPAR2026_CORE_plants_non-redundant_pfms_meme.txt	MA1239.2	ERF104	CCDCCDCCGCCGCCRY	1.01e-1	1.00e0	9.27e2	129	206	206	206	1	71	34.47	58	28.16
135	data/reference/motifs/JASPAR2026_CORE_plants_non-redundant_pfms_meme.txt	MA2611.1	ereb209	GCGCCGC	6.07e-1	1.00e0	9.27e2	14	206	206	206	1	7	3.40	7	3.40
136	data/reference/motifs/JASPAR2026_CORE_plants_non-redundant_pfms_meme.txt	MA2645.1	GLYMA-16G042900	GGTTGCKTSTTCHASAAGYWA	1.37e-1	1.00e0	9.27e2	89	206	206	206	2	14	6.80	8	3.88
137	data/reference/motifs/JASPAR2026_CORE_plants_non-redundant_pfms_meme.txt	MA2055.1	PK00315.1	GACAGCTR	3.24e-2	1.00e0	9.27e2	412	206	206	206	11	84	40.78	65	31.55
138	data/reference/motifs/JASPAR2026_CORE_plants_non-redundant_pfms_meme.txt	MA2739.1	SlTCP12	GTGGGACCCAC	5.25e-2	1.00e0	9.27e2	258	206	206	206	8	8	3.88	2	0.97
139	data/reference/motifs/JASPAR2026_CORE_plants_non-redundant_pfms_meme.txt	MA2342.1	URI	CACGTG	3.35e-2	1.00e0	9.27e2	405	206	206	206	10	138	66.99	119	57.77
140	data/reference/motifs/JASPAR2026_CORE_plants_non-redundant_pfms_meme.txt	MA2374.1	AHL13	ATATAATT	3.30e-2	1.00e0	9.27e2	412	206	206	206	74	192	93.20	180	87.38
141	data/reference/motifs/JASPAR2026_CORE_plants_non-redundant_pfms_meme.txt	MA2347.1	OS04G0486400	TAACC	3.31e-2	1.00e0	9.27e2	412	206	206	206	88	172	83.50	156	75.73
142	data/reference/motifs/JASPAR2026_CORE_plants_non-redundant_pfms_meme.txt	MA0936.1	NAC046	ACACGCMA	3.31e-2	1.00e0	9.27e2	412	206	206	206	37	139	67.48	120	58.25
143	data/reference/motifs/JASPAR2026_CORE_plants_non-redundant_pfms_meme.txt	MA2626.1	bzip40	GTGACGTGGC	3.38e-2	1.00e0	9.27e2	404	206	206	206	1	205	99.51	199	96.60
144	data/reference/motifs/JASPAR2026_CORE_plants_non-redundant_pfms_meme.txt	MA1183.2	RVE6	AGATATTTT	3.52e-2	1.00e0	9.27e2	393	206	206	206	2	177	85.92	162	78.64
145	data/reference/motifs/JASPAR2026_CORE_plants_non-redundant_pfms_meme.txt	MA1329.3	ZHD1	AYTAATTAA	3.42e-2	1.00e0	9.27e2	412	206	206	206	18	136	66.02	117	56.80
146	data/reference/motifs/JASPAR2026_CORE_plants_non-redundant_pfms_meme.txt	MA2419.1	UB3	GAAGTACAAC	3.43e-2	1.00e0	9.27e2	412	206	206	206	7	171	83.01	155	75.24
147	data/reference/motifs/JASPAR2026_CORE_plants_non-redundant_pfms_meme.txt	MA1394.3	MYB73	AACGGTCA	3.52e-2	1.00e0	9.27e2	407	206	206	206	9	44	21.36	29	14.08
148	data/reference/motifs/JASPAR2026_CORE_plants_non-redundant_pfms_meme.txt	MA2669.1	GLYMA-04G231400	CAATAATTGATT	3.56e-2	1.00e0	9.27e2	403	206	206	206	10	12	5.83	4	1.94
149	data/reference/motifs/JASPAR2026_CORE_plants_non-redundant_pfms_meme.txt	MA2429.1	SPL13D	AGCGGTASTACCGCT	5.00e-1	1.00e0	9.27e2	21	206	206	206	3	1	0.49	0	0.00
150	data/reference/motifs/JASPAR2026_CORE_plants_non-redundant_pfms_meme.txt	MA0987.2	PHYPADRAFT_140773	AAAG	3.54e-2	1.00e0	9.27e2	412	206	206	206	121	200	97.09	191	92.72
151	data/reference/motifs/JASPAR2026_CORE_plants_non-redundant_pfms_meme.txt	MA2381.1	e_gw1.170.52.1	CTTT	3.54e-2	1.00e0	9.27e2	412	206	206	206	121	200	97.09	191	92.72
152	data/reference/motifs/JASPAR2026_CORE_plants_non-redundant_pfms_meme.txt	MA1369.2	HDG1	YAATTAATGM	3.56e-2	1.00e0	9.27e2	410	206	206	206	10	94	45.63	75	36.41
153	data/reference/motifs/JASPAR2026_CORE_plants_non-redundant_pfms_meme.txt	MA1363.1	LRL2	CGTGNKWBGCACGTG	1.06e-1	1.00e0	9.27e2	139	206	206	206	1	76	36.89	63	30.58
154	data/reference/motifs/JASPAR2026_CORE_plants_non-redundant_pfms_meme.txt	MA2036.2	NAC076	CAAGCAA	3.59e-2	1.00e0	9.27e2	412	206	206	206	12	187	90.78	174	84.47
155	data/reference/motifs/JASPAR2026_CORE_plants_non-redundant_pfms_meme.txt	MA2052.2	ZAT6	AATGATTG	3.59e-2	1.00e0	9.27e2	412	206	206	206	22	187	90.78	174	84.47
156	data/reference/motifs/JASPAR2026_CORE_plants_non-redundant_pfms_meme.txt	MA1382.2	FAR1	YCACGCGCY	1.65e-1	1.00e0	9.27e2	85	206	206	206	1	47	22.82	38	18.45
157	data/reference/motifs/JASPAR2026_CORE_plants_non-redundant_pfms_meme.txt	MA1330.2	ZHD6	AAWHRTAATTAA	3.75e-2	1.00e0	9.27e2	412	206	206	206	14	121	58.74	102	49.51
158	data/reference/motifs/JASPAR2026_CORE_plants_non-redundant_pfms_meme.txt	MA2028.2	MYB49	TTACCTAACTW	3.80e-2	1.00e0	9.27e2	409	206	206	206	7	112	54.37	93	45.15
159	data/reference/motifs/JASPAR2026_CORE_plants_non-redundant_pfms_meme.txt	MA1799.2	SPL10	GTACGR	3.80e-2	1.00e0	9.27e2	412	206	206	206	11	110	53.40	91	44.17
160	data/reference/motifs/JASPAR2026_CORE_plants_non-redundant_pfms_meme.txt	MA0992.3	ERF4	CCGCCGYCA	5.58e-2	1.00e0	9.27e2	282	206	206	206	2	98	47.57	81	39.32
161	data/reference/motifs/JASPAR2026_CORE_plants_non-redundant_pfms_meme.txt	MA1780.2	MYB92	ACCTAAC	3.89e-2	1.00e0	9.27e2	410	206	206	206	10	55	26.70	39	18.93
162	data/reference/motifs/JASPAR2026_CORE_plants_non-redundant_pfms_meme.txt	MA1326.2	ZHD5	GTRATTAR	3.89e-2	1.00e0	9.27e2	412	206	206	206	18	55	26.70	39	18.93
163	data/reference/motifs/JASPAR2026_CORE_plants_non-redundant_pfms_meme.txt	MA1039.1	MYB4	GGTWGGTR	3.92e-2	1.00e0	9.27e2	412	206	206	206	23	28	13.59	16	7.77
164	data/reference/motifs/JASPAR2026_CORE_plants_non-redundant_pfms_meme.txt	MA2017.2	JUB1	ACGGCGA	4.20e-2	1.00e0	9.27e2	385	206	206	206	3	137	66.50	119	57.77
165	data/reference/motifs/JASPAR2026_CORE_plants_non-redundant_pfms_meme.txt	MA1191.2	RVE7L	AAAATATCT	4.20e-2	1.00e0	9.27e2	386	206	206	206	4	87	42.23	69	33.50
166	data/reference/motifs/JASPAR2026_CORE_plants_non-redundant_pfms_meme.txt	MA1410.2	StBRC1	GGGSCCM	4.07e-2	1.00e0	9.27e2	400	206	206	206	4	185	89.81	172	83.50
167	data/reference/motifs/JASPAR2026_CORE_plants_non-redundant_pfms_meme.txt	MA0950.1	ATHB-12	AATGATTG	4.01e-2	1.00e0	9.27e2	412	206	206	206	36	180	87.38	166	80.58
168	data/reference/motifs/JASPAR2026_CORE_plants_non-redundant_pfms_meme.txt	MA2452.1	SPL8A	ATAGTACTC	4.07e-2	1.00e0	9.27e2	406	206	206	206	10	34	16.50	21	10.19
169	data/reference/motifs/JASPAR2026_CORE_plants_non-redundant_pfms_meme.txt	MA1761.2	HSFB3	AAGCTTCTAGAA	4.20e-2	1.00e0	9.27e2	396	206	206	206	8	16	7.77	7	3.40
170	data/reference/motifs/JASPAR2026_CORE_plants_non-redundant_pfms_meme.txt	MA0970.2	CAMTA3	CCGCGT	4.11e-2	1.00e0	9.27e2	407	206	206	206	11	48	23.30	33	16.02
171	data/reference/motifs/JASPAR2026_CORE_plants_non-redundant_pfms_meme.txt	MA1187.2	RVE4	AGATATTTT	4.32e-2	1.00e0	9.27e2	390	206	206	206	8	20	9.71	10	4.85
172	data/reference/motifs/JASPAR2026_CORE_plants_non-redundant_pfms_meme.txt	MA1085.3	WRKY40	AGTCAA	4.32e-2	1.00e0	9.27e2	391	206	206	206	7	20	9.71	10	4.85
173	data/reference/motifs/JASPAR2026_CORE_plants_non-redundant_pfms_meme.txt	MA0965.3	BIM2	CACGTG	4.53e-2	1.00e0	9.27e2	373	206	206	206	4	161	78.16	145	70.39
174	data/reference/motifs/JASPAR2026_CORE_plants_non-redundant_pfms_meme.txt	MA0577.4	SPL3	TGTACGGA	4.61e-2	1.00e0	9.27e2	369	206	206	206	3	122	59.22	104	50.49
175	data/reference/motifs/JASPAR2026_CORE_plants_non-redundant_pfms_meme.txt	MA1178.3	MYB3R1	TAACGGTC	4.20e-2	1.00e0	9.27e2	409	206	206	206	12	16	7.77	7	3.40
176	data/reference/motifs/JASPAR2026_CORE_plants_non-redundant_pfms_meme.txt	MA2365.1	VIT_17s0000g10420	GTTAACYV	4.41e-2	1.00e0	9.27e2	390	206	206	206	3	131	63.59	113	54.85
177	data/reference/motifs/JASPAR2026_CORE_plants_non-redundant_pfms_meme.txt	MA0053.1	MNB1A	AAAGC	4.20e-2	1.00e0	9.27e2	412	206	206	206	33	16	7.77	7	3.40
178	data/reference/motifs/JASPAR2026_CORE_plants_non-redundant_pfms_meme.txt	MA2081.1	PK20317.1	CKTTW	4.20e-2	1.00e0	9.27e2	412	206	206	206	128	87	42.23	69	33.50
179	data/reference/motifs/JASPAR2026_CORE_plants_non-redundant_pfms_meme.txt	MA2712.1	eil1	TCTAGATACATTGAATCT	1.08e-1	1.00e0	9.27e2	163	206	206	206	4	5	2.43	1	0.49
180	data/reference/motifs/JASPAR2026_CORE_plants_non-redundant_pfms_meme.txt	MA2085.1	PK23763.1	CTTTW	4.32e-2	1.00e0	9.27e2	412	206	206	206	83	196	95.15	186	90.29
181	data/reference/motifs/JASPAR2026_CORE_plants_non-redundant_pfms_meme.txt	MA2073.1	PK16340.1	CKTT	4.32e-2	1.00e0	9.27e2	412	206	206	206	199	20	9.71	10	4.85
182	data/reference/motifs/JASPAR2026_CORE_plants_non-redundant_pfms_meme.txt	MA1062.3	TCP15	GTGGGWCCCAC	8.74e-2	1.00e0	9.27e2	204	206	206	206	7	7	3.40	2	0.97
183	data/reference/motifs/JASPAR2026_CORE_plants_non-redundant_pfms_meme.txt	MA2471.1	SPCH	CACGTG	4.54e-2	1.00e0	9.27e2	394	206	206	206	10	98	47.57	80	38.83
184	data/reference/motifs/JASPAR2026_CORE_plants_non-redundant_pfms_meme.txt	MA2378.1	CRF3	GCCG	4.36e-2	1.00e0	9.27e2	412	206	206	206	18	203	98.54	196	95.15
185	data/reference/motifs/JASPAR2026_CORE_plants_non-redundant_pfms_meme.txt	MA1786.2	NAC019	YACGBMA	4.38e-2	1.00e0	9.27e2	412	206	206	206	33	42	20.39	28	13.59
186	data/reference/motifs/JASPAR2026_CORE_plants_non-redundant_pfms_meme.txt	MA2076.1	PK18401.1	GCACGTGG	4.61e-2	1.00e0	9.27e2	392	206	206	206	5	102	49.51	84	40.78
187	data/reference/motifs/JASPAR2026_CORE_plants_non-redundant_pfms_meme.txt	MA2472.1	AT3G12910	YGSCGTVRWDDHBACGK	1.86e-1	1.00e0	9.27e2	88	206	206	206	3	4	1.94	1	0.49
188	data/reference/motifs/JASPAR2026_CORE_plants_non-redundant_pfms_meme.txt	MA2460.1	MGH6.1	YGSCGTVRWDDHBACGK	1.86e-1	1.00e0	9.27e2	88	206	206	206	3	4	1.94	1	0.49
189	data/reference/motifs/JASPAR2026_CORE_plants_non-redundant_pfms_meme.txt	MA2010.2	SMB	CAAGCAA	4.40e-2	1.00e0	9.27e2	412	206	206	206	15	171	83.01	156	75.73
190	data/reference/motifs/JASPAR2026_CORE_plants_non-redundant_pfms_meme.txt	MA2384.1	estExt_Genewise1.C_2060077	SACGTGK	5.43e-2	1.00e0	9.27e2	334	206	206	206	6	40	19.42	27	13.11
191	data/reference/motifs/JASPAR2026_CORE_plants_non-redundant_pfms_meme.txt	MA2433.1	SPL15D	GCGGTACTAC	5.10e-2	1.00e0	9.27e2	360	206	206	206	1	186	90.29	174	84.47
192	data/reference/motifs/JASPAR2026_CORE_plants_non-redundant_pfms_meme.txt	MA1791.1	NAC087	TTDCTTGTNNNACACGYWA	1.69e-1	1.00e0	9.27e2	109	206	206	206	3	7	3.40	3	1.46
193	data/reference/motifs/JASPAR2026_CORE_plants_non-redundant_pfms_meme.txt	MA1020.1	GT-1	GTTAACCA	4.54e-2	1.00e0	9.27e2	407	206	206	206	3	183	88.83	170	82.52
194	data/reference/motifs/JASPAR2026_CORE_plants_non-redundant_pfms_meme.txt	MA0953.2	ATHB-6	CAATHAT	4.54e-2	1.00e0	9.27e2	412	206	206	206	99	183	88.83	170	82.52
195	data/reference/motifs/JASPAR2026_CORE_plants_non-redundant_pfms_meme.txt	MA2451.1	SPL7B	AGCGGTASTACCGCT	5.00e-1	1.00e0	9.27e2	27	206	206	206	4	1	0.49	0	0.00
196	data/reference/motifs/JASPAR2026_CORE_plants_non-redundant_pfms_meme.txt	MA2406.1	PK03576.1	CACGTGC	2.13e-1	1.00e0	9.27e2	79	206	206	206	2	25	12.14	19	9.22
197	data/reference/motifs/JASPAR2026_CORE_plants_non-redundant_pfms_meme.txt	MA2627.1	bzip9	CACGTCA	4.71e-2	1.00e0	9.27e2	412	206	206	206	9	146	70.87	129	62.62
198	data/reference/motifs/JASPAR2026_CORE_plants_non-redundant_pfms_meme.txt	MA1345.2	BZIP48	GCCACGTCAGCA	2.00e-1	1.00e0	9.27e2	88	206	206	206	1	48	23.30	40	19.42
199	data/reference/motifs/JASPAR2026_CORE_plants_non-redundant_pfms_meme.txt	MA1803.2	VIP1	TGMCAGCTGT	7.43e-2	1.00e0	9.27e2	267	206	206	206	1	141	68.45	126	61.17
200	data/reference/motifs/JASPAR2026_CORE_plants_non-redundant_pfms_meme.txt	MA1406.2	ATHB-4	YAATSATTG	4.82e-2	1.00e0	9.27e2	412	206	206	206	8	195	94.66	185	89.81
201	data/reference/motifs/JASPAR2026_CORE_plants_non-redundant_pfms_meme.txt	MA1061.2	SPT	CCACGTG	4.88e-2	1.00e0	9.27e2	410	206	206	206	13	80	38.83	63	30.58
202	data/reference/motifs/JASPAR2026_CORE_plants_non-redundant_pfms_meme.txt	MA0548.3	AGL15	TTTCCWTTTTDGGWAA	6.67e-2	1.00e0	9.27e2	312	206	206	206	4	25	12.14	15	7.28
203	data/reference/motifs/JASPAR2026_CORE_plants_non-redundant_pfms_meme.txt	MA2044.2	NAC007	CAAGCAA	5.10e-2	1.00e0	9.27e2	412	206	206	206	12	186	90.29	174	84.47
204	data/reference/motifs/JASPAR2026_CORE_plants_non-redundant_pfms_meme.txt	MA0934.1	AHL25	AWTTAAWT	5.10e-2	1.00e0	9.27e2	412	206	206	206	74	186	90.29	174	84.47
205	data/reference/motifs/JASPAR2026_CORE_plants_non-redundant_pfms_meme.txt	MA2453.1	SPL8B	ATAGTACTC	5.30e-2	1.00e0	9.27e2	400	206	206	206	9	22	10.68	12	5.83
206	data/reference/motifs/JASPAR2026_CORE_plants_non-redundant_pfms_meme.txt	MA2448.1	SPL5D	AGCGGTASTACCGC	2.49e-1	1.00e0	9.27e2	74	206	206	206	4	2	0.97	0	0.00
207	data/reference/motifs/JASPAR2026_CORE_plants_non-redundant_pfms_meme.txt	MA0959.1	AIB	GCACGTGC	7.89e-2	1.00e0	9.27e2	270	206	206	206	6	43	20.87	31	15.05
208	data/reference/motifs/JASPAR2026_CORE_plants_non-redundant_pfms_meme.txt	MA2672.1	GLYMA-01G233000	AGAASCTTCT	5.30e-2	1.00e0	9.27e2	403	206	206	206	2	194	94.17	184	89.32
209	data/reference/motifs/JASPAR2026_CORE_plants_non-redundant_pfms_meme.txt	MA1384.1	PHL7	AAARGAATATTCY	6.49e-2	1.00e0	9.27e2	330	206	206	206	3	68	33.01	53	25.73
210	data/reference/motifs/JASPAR2026_CORE_plants_non-redundant_pfms_meme.txt	MA0956.2	BEE2	CACGTG	5.22e-2	1.00e0	9.27e2	412	206	206	206	50	39	18.93	26	12.62
211	data/reference/motifs/JASPAR2026_CORE_plants_non-redundant_pfms_meme.txt	MA2613.1	ereb34	GCCGCCGCCGCCCS	1.50e-1	1.00e0	9.27e2	143	206	206	206	1	77	37.38	66	32.04
212	data/reference/motifs/JASPAR2026_CORE_plants_non-redundant_pfms_meme.txt	MA2082.1	PK20392.1	AATMAT	5.25e-2	1.00e0	9.27e2	412	206	206	206	84	173	83.98	159	77.18
213	data/reference/motifs/JASPAR2026_CORE_plants_non-redundant_pfms_meme.txt	MA2031.2	AT5G04760	CTTATCY	5.25e-2	1.00e0	9.27e2	412	206	206	206	23	8	3.88	2	0.97
214	data/reference/motifs/JASPAR2026_CORE_plants_non-redundant_pfms_meme.txt	MA1821.2	Zm00001d020595	GGCGGCGGCG	6.80e-1	1.00e0	9.27e2	19	206	206	206	1	9	4.37	10	4.85
215	data/reference/motifs/JASPAR2026_CORE_plants_non-redundant_pfms_meme.txt	MA2438.1	SPL1D	GCRGTASTACCGCT	1.86e-1	1.00e0	9.27e2	117	206	206	206	4	4	1.94	1	0.49
216	data/reference/motifs/JASPAR2026_CORE_plants_non-redundant_pfms_meme.txt	MA2048.2	NAC045	GAAGCAAC	5.31e-2	1.00e0	9.27e2	412	206	206	206	8	190	92.23	179	86.89
217	data/reference/motifs/JASPAR2026_CORE_plants_non-redundant_pfms_meme.txt	MA0935.1	NAC025	YACGTAAY	6.64e-2	1.00e0	9.27e2	333	206	206	206	1	173	83.98	160	77.67
218	data/reference/motifs/JASPAR2026_CORE_plants_non-redundant_pfms_meme.txt	MA0932.1	AHL12	AAWWWWTT	5.38e-2	1.00e0	9.27e2	412	206	206	206	128	185	89.81	173	83.98
219	data/reference/motifs/JASPAR2026_CORE_plants_non-redundant_pfms_meme.txt	MA1179.2	MYB1	ACSGTTA	5.67e-2	1.00e0	9.27e2	393	206	206	206	7	28	13.59	17	8.25
220	data/reference/motifs/JASPAR2026_CORE_plants_non-redundant_pfms_meme.txt	MA1322.3	SPL9	TCCGTAC	5.51e-2	1.00e0	9.27e2	407	206	206	206	5	150	72.82	134	65.05
221	data/reference/motifs/JASPAR2026_CORE_plants_non-redundant_pfms_meme.txt	MA2397.1	ILR3	CACGTG	5.49e-2	1.00e0	9.27e2	412	206	206	206	56	18	8.74	9	4.37
222	data/reference/motifs/JASPAR2026_CORE_plants_non-redundant_pfms_meme.txt	MA2733.1	Sl-ERF_F_4	GCMGCMGCCGCCGCCGYCR	2.95e-1	1.00e0	9.27e2	65	206	206	206	1	35	16.99	30	14.56
223	data/reference/motifs/JASPAR2026_CORE_plants_non-redundant_pfms_meme.txt	MA1790.1	NAC073	CTTSWYBHWCAMGYT	6.09e-2	1.00e0	9.27e2	374	206	206	206	10	6	2.91	1	0.49
224	data/reference/motifs/JASPAR2026_CORE_plants_non-redundant_pfms_meme.txt	MA2750.1	TraesCS7B02G142200	TGTACGGAC	6.10e-2	1.00e0	9.27e2	374	206	206	206	2	157	76.21	142	68.93
225	data/reference/motifs/JASPAR2026_CORE_plants_non-redundant_pfms_meme.txt	MA1784.1	NAC011	GTTGCTTSWNHHDCAAGYAAC	3.28e-1	1.00e0	9.27e2	58	206	206	206	2	12	5.83	9	4.37
226	data/reference/motifs/JASPAR2026_CORE_plants_non-redundant_pfms_meme.txt	MA2650.1	GLYMA-05G027400	GTGGGCCCCAC	1.14e-1	1.00e0	9.27e2	203	206	206	206	5	12	5.83	6	2.91
227	data/reference/motifs/JASPAR2026_CORE_plants_non-redundant_pfms_meme.txt	MA1050.1	OsI_08196	GGGCCCAC	6.78e-2	1.00e0	9.27e2	351	206	206	206	3	97	47.09	81	39.32
228	data/reference/motifs/JASPAR2026_CORE_plants_non-redundant_pfms_meme.txt	MA2741.1	SlWRKY7	AAAAAGTCAACC	6.26e-2	1.00e0	9.27e2	381	206	206	206	5	44	21.36	31	15.05
229	data/reference/motifs/JASPAR2026_CORE_plants_non-redundant_pfms_meme.txt	MA1190.2	RVE5	AGATATTTT	6.17e-2	1.00e0	9.27e2	390	206	206	206	1	199	96.60	191	92.72
230	data/reference/motifs/JASPAR2026_CORE_plants_non-redundant_pfms_meme.txt	MA0952.1	ATHB-51	AATWATTG	5.86e-2	1.00e0	9.27e2	412	206	206	206	19	145	70.39	129	62.62
231	data/reference/motifs/JASPAR2026_CORE_plants_non-redundant_pfms_meme.txt	MA2078.1	PK19363.1	CGCCGCCR	6.70e-2	1.00e0	9.27e2	361	206	206	206	1	186	90.29	175	84.95
232	data/reference/motifs/JASPAR2026_CORE_plants_non-redundant_pfms_meme.txt	MA0940.1	AP1	MYAAAAAWRGAAA	5.88e-2	1.00e0	9.27e2	412	206	206	206	22	159	77.18	144	69.90
233	data/reference/motifs/JASPAR2026_CORE_plants_non-redundant_pfms_meme.txt	MA1044.2	NAC92	RCAMGCCA	5.88e-2	1.00e0	9.27e2	412	206	206	206	15	159	77.18	144	69.90
234	data/reference/motifs/JASPAR2026_CORE_plants_non-redundant_pfms_meme.txt	MA2437.1	SPL19B	GCGGTASTACCGC	5.00e-1	1.00e0	9.27e2	35	206	206	206	3	1	0.49	0	0.00
235	data/reference/motifs/JASPAR2026_CORE_plants_non-redundant_pfms_meme.txt	MA1663.3	NAC050	CAAGTAAC	5.93e-2	1.00e0	9.27e2	412	206	206	206	9	183	88.83	171	83.01
236	data/reference/motifs/JASPAR2026_CORE_plants_non-redundant_pfms_meme.txt	MA2723.1	Solyc06g060230	ACACGTCTCT	6.09e-2	1.00e0	9.27e2	405	206	206	206	1	205	99.51	200	97.09
237	data/reference/motifs/JASPAR2026_CORE_plants_non-redundant_pfms_meme.txt	MA2092.1	PK27149.1	TGACGTGK	6.67e-2	1.00e0	9.27e2	372	206	206	206	1	191	92.72	181	87.86
238	data/reference/motifs/JASPAR2026_CORE_plants_non-redundant_pfms_meme.txt	MA2480.1	GLYMA-04G093300	CTAATC	6.11e-2	1.00e0	9.27e2	409	206	206	206	5	141	68.45	125	60.68
239	data/reference/motifs/JASPAR2026_CORE_plants_non-redundant_pfms_meme.txt	MA2479.1	TCX5	ATTCAAAT	6.09e-2	1.00e0	9.27e2	412	206	206	206	39	6	2.91	1	0.49
240	data/reference/motifs/JASPAR2026_CORE_plants_non-redundant_pfms_meme.txt	MA2007.2	MYB107	CACCAAAC	6.11e-2	1.00e0	9.27e2	412	206	206	206	7	196	95.15	187	90.78
241	data/reference/motifs/JASPAR2026_CORE_plants_non-redundant_pfms_meme.txt	MA2015.2	NAC002	ACGCAACT	6.16e-2	1.00e0	9.27e2	410	206	206	206	2	206	100.00	202	98.06
242	data/reference/motifs/JASPAR2026_CORE_plants_non-redundant_pfms_meme.txt	MA2359.1	PK23829.1	TTATCCR	6.16e-2	1.00e0	9.27e2	410	206	206	206	12	4	1.94	0	0.00
243	data/reference/motifs/JASPAR2026_CORE_plants_non-redundant_pfms_meme.txt	MA2606.1	mybr43	CCTTATCC	6.16e-2	1.00e0	9.27e2	412	206	206	206	25	4	1.94	0	0.00
244	data/reference/motifs/JASPAR2026_CORE_plants_non-redundant_pfms_meme.txt	MA0983.2	DOF5.6	AAMG	6.16e-2	1.00e0	9.27e2	412	206	206	206	47	206	100.00	202	98.06
245	data/reference/motifs/JASPAR2026_CORE_plants_non-redundant_pfms_meme.txt	MA1664.3	HSFA6B	TTCTRGAA	6.16e-2	1.00e0	9.27e2	412	206	206	206	3	206	100.00	202	98.06
246	data/reference/motifs/JASPAR2026_CORE_plants_non-redundant_pfms_meme.txt	MA1069.3	TGA6	ATGAYGTCAT	6.70e-2	1.00e0	9.27e2	381	206	206	206	1	195	94.66	186	90.29
247	data/reference/motifs/JASPAR2026_CORE_plants_non-redundant_pfms_meme.txt	MA1665.3	HSFB2A	RGAAGSTTCY	6.76e-2	1.00e0	9.27e2	381	206	206	206	9	12	5.83	5	2.43
248	data/reference/motifs/JASPAR2026_CORE_plants_non-redundant_pfms_meme.txt	MA2729.1	vahox1	AAATAATTG	6.30e-2	1.00e0	9.27e2	411	206	206	206	12	155	75.24	140	67.96
249	data/reference/motifs/JASPAR2026_CORE_plants_non-redundant_pfms_meme.txt	MA2710.1	SolycHsfB1	TTCTAGAA	7.15e-2	1.00e0	9.27e2	365	206	206	206	6	76	36.89	61	29.61
250	data/reference/motifs/JASPAR2026_CORE_plants_non-redundant_pfms_meme.txt	MA1762.2	MYB10	YCACCWAMCW	6.69e-2	1.00e0	9.27e2	390	206	206	206	4	94	45.63	78	37.86
251	data/reference/motifs/JASPAR2026_CORE_plants_non-redundant_pfms_meme.txt	MA2080.1	PK20225.1	CACGTG	6.37e-2	1.00e0	9.27e2	412	206	206	206	38	30	14.56	19	9.22
252	data/reference/motifs/JASPAR2026_CORE_plants_non-redundant_pfms_meme.txt	MA0581.2	LEC2	CATGCR	6.70e-2	1.00e0	9.27e2	392	206	206	206	8	20	9.71	11	5.34
253	data/reference/motifs/JASPAR2026_CORE_plants_non-redundant_pfms_meme.txt	MA0562.1	PIF5	TCACGTGS	1.58e-1	1.00e0	9.27e2	167	206	206	206	1	89	43.20	78	37.86
254	data/reference/motifs/JASPAR2026_CORE_plants_non-redundant_pfms_meme.txt	MA1032.2	DREB1G	TGCCGACA	1.72e-1	1.00e0	9.27e2	155	206	206	206	2	26	12.62	19	9.22
255	data/reference/motifs/JASPAR2026_CORE_plants_non-redundant_pfms_meme.txt	MA1173.2	MYB101	TAACCGAAW	6.55e-2	1.00e0	9.27e2	412	206	206	206	17	132	64.08	116	56.31
256	data/reference/motifs/JASPAR2026_CORE_plants_non-redundant_pfms_meme.txt	MA2426.1	SPL11B	AGCGGTASTACCGCT	5.00e-1	1.00e0	9.27e2	39	206	206	206	4	1	0.49	0	0.00
257	data/reference/motifs/JASPAR2026_CORE_plants_non-redundant_pfms_meme.txt	MA2375.1	BMY2	SRCACGTGTGR	2.01e-1	1.00e0	9.27e2	135	206	206	206	1	72	34.95	63	30.58
258	data/reference/motifs/JASPAR2026_CORE_plants_non-redundant_pfms_meme.txt	MA2009.2	NAC010	TAACTTGTDNHACAAGTTACC	2.49e-1	1.00e0	9.27e2	109	206	206	206	5	2	0.97	0	0.00
259	data/reference/motifs/JASPAR2026_CORE_plants_non-redundant_pfms_meme.txt	MA2730.1	Solyc01g079480	YSACGTGKCA	8.10e-2	1.00e0	9.27e2	336	206	206	206	1	174	84.47	162	78.64
260	data/reference/motifs/JASPAR2026_CORE_plants_non-redundant_pfms_meme.txt	MA1010.2	PHYPADRAFT_64121	TGTCGGTA	6.67e-2	1.00e0	9.27e2	411	206	206	206	15	25	12.14	15	7.28
261	data/reference/motifs/JASPAR2026_CORE_plants_non-redundant_pfms_meme.txt	MA0990.2	HDG11	AWTWAATGC	6.66e-2	1.00e0	9.27e2	412	206	206	206	63	93	45.15	77	37.38
262	data/reference/motifs/JASPAR2026_CORE_plants_non-redundant_pfms_meme.txt	MA0566.2	MYC2	AACACGTGA	6.75e-2	1.00e0	9.27e2	407	206	206	206	5	163	79.13	149	72.33
263	data/reference/motifs/JASPAR2026_CORE_plants_non-redundant_pfms_meme.txt	MA0933.1	AHL20	AATTAAWT	6.67e-2	1.00e0	9.27e2	412	206	206	206	61	191	92.72	181	87.86
264	data/reference/motifs/JASPAR2026_CORE_plants_non-redundant_pfms_meme.txt	MA1693.2	ARF34	CAGACAGC	6.75e-2	1.00e0	9.27e2	408	206	206	206	5	163	79.13	149	72.33
265	data/reference/motifs/JASPAR2026_CORE_plants_non-redundant_pfms_meme.txt	MA2446.1	SPL5A	GCGGTASTACCGC	2.49e-1	1.00e0	9.27e2	96	206	206	206	6	2	0.97	0	0.00
266	data/reference/motifs/JASPAR2026_CORE_plants_non-redundant_pfms_meme.txt	MA1757.2	HDG7	DCATTAAWTR	6.76e-2	1.00e0	9.27e2	408	206	206	206	11	71	34.47	56	27.18
267	data/reference/motifs/JASPAR2026_CORE_plants_non-redundant_pfms_meme.txt	MA2345.1	OS02G0104500	GTAAAW	6.75e-2	1.00e0	9.27e2	412	206	206	206	105	57	27.67	43	20.87
268	data/reference/motifs/JASPAR2026_CORE_plants_non-redundant_pfms_meme.txt	MA1325.2	GATA14	TAGATCTR	7.00e-2	1.00e0	9.27e2	397	206	206	206	15	9	4.37	3	1.46
269	data/reference/motifs/JASPAR2026_CORE_plants_non-redundant_pfms_meme.txt	MA1425.2	HYH	TSACGTG	7.67e-2	1.00e0	9.27e2	364	206	206	206	3	137	66.50	122	59.22
270	data/reference/motifs/JASPAR2026_CORE_plants_non-redundant_pfms_meme.txt	MA1013.1	GATA10	TAGATCTG	8.60e-2	1.00e0	9.27e2	325	206	206	206	12	10	4.85	4	1.94
271	data/reference/motifs/JASPAR2026_CORE_plants_non-redundant_pfms_meme.txt	MA1745.2	BZIP63	TSACGTGG	7.36e-2	1.00e0	9.27e2	381	206	206	206	2	169	82.04	156	75.73
272	data/reference/motifs/JASPAR2026_CORE_plants_non-redundant_pfms_meme.txt	MA2719.1	lat61	CRCACGTGYG	2.02e-1	1.00e0	9.27e2	139	206	206	206	2	74	35.92	65	31.55
273	data/reference/motifs/JASPAR2026_CORE_plants_non-redundant_pfms_meme.txt	MA2481.1	PK12011.1	AACGG	6.83e-2	1.00e0	9.27e2	412	206	206	206	31	99	48.06	83	40.29
274	data/reference/motifs/JASPAR2026_CORE_plants_non-redundant_pfms_meme.txt	MA2361.1	PRUPE_ppa000682mg	GTACGG	6.89e-2	1.00e0	9.27e2	412	206	206	206	44	102	49.51	86	41.75
275	data/reference/motifs/JASPAR2026_CORE_plants_non-redundant_pfms_meme.txt	MA1819.2	Zm00001d005892	CGCCGCCG	9.90e-2	1.00e0	9.27e2	288	206	206	206	2	120	58.25	106	51.46
276	data/reference/motifs/JASPAR2026_CORE_plants_non-redundant_pfms_meme.txt	MA0938.3	NAC058	TTACKTGTDNMACAAGWAA	2.25e-1	1.00e0	9.27e2	127	206	206	206	4	5	2.43	2	0.97
277	data/reference/motifs/JASPAR2026_CORE_plants_non-redundant_pfms_meme.txt	MA1755.2	GATA4	GATC	7.00e-2	1.00e0	9.27e2	412	206	206	206	80	203	98.54	197	95.63
278	data/reference/motifs/JASPAR2026_CORE_plants_non-redundant_pfms_meme.txt	MA2034.2	NAC057	CAAGTAA	7.00e-2	1.00e0	9.27e2	412	206	206	206	11	203	98.54	197	95.63
279	data/reference/motifs/JASPAR2026_CORE_plants_non-redundant_pfms_meme.txt	MA1049.2	ERF094	MGCCGCC	1.26e-1	1.00e0	9.27e2	231	206	206	206	4	13	6.31	7	3.40
280	data/reference/motifs/JASPAR2026_CORE_plants_non-redundant_pfms_meme.txt	MA1414.2	E2FA	GCGCCA	7.26e-2	1.00e0	9.27e2	402	206	206	206	4	159	77.18	145	70.39
281	data/reference/motifs/JASPAR2026_CORE_plants_non-redundant_pfms_meme.txt	MA2088.1	PK24580.1	GCCGGCA	2.64e-1	1.00e0	9.27e2	111	206	206	206	3	14	6.80	10	4.85
282	data/reference/motifs/JASPAR2026_CORE_plants_non-redundant_pfms_meme.txt	MA0590.1	LFY	YATTRACCGSCGGTYAATR	4.41e-1	1.00e0	9.27e2	52	206	206	206	2	27	13.11	25	12.14
283	data/reference/motifs/JASPAR2026_CORE_plants_non-redundant_pfms_meme.txt	MA1734.1	AT1G19040	CTTGNDCYBCAAGTWW	2.25e-1	1.00e0	9.27e2	136	206	206	206	4	5	2.43	2	0.97
284	data/reference/motifs/JASPAR2026_CORE_plants_non-redundant_pfms_meme.txt	MA0578.1	SPL8	WWDWHYGTACHHTWWW	8.81e-2	1.00e0	9.27e2	347	206	206	206	1	179	86.89	168	81.55
285	data/reference/motifs/JASPAR2026_CORE_plants_non-redundant_pfms_meme.txt	MA2074.1	PK17878.1	CGCCGCCA	1.50e-1	1.00e0	9.27e2	205	206	206	206	3	30	14.56	22	10.68
286	data/reference/motifs/JASPAR2026_CORE_plants_non-redundant_pfms_meme.txt	MA2483.1	PK20543.1	TTAACC	7.49e-2	1.00e0	9.27e2	412	206	206	206	64	140	67.96	125	60.68
287	data/reference/motifs/JASPAR2026_CORE_plants_non-redundant_pfms_meme.txt	MA1212.2	ATHB-13	YAATAATT	7.49e-2	1.00e0	9.27e2	412	206	206	206	9	157	76.21	143	69.42
288	data/reference/motifs/JASPAR2026_CORE_plants_non-redundant_pfms_meme.txt	MA1401.2	RVE7	AAAATATCT	1.03e-1	1.00e0	9.27e2	301	206	206	206	3	44	21.36	33	16.02
289	data/reference/motifs/JASPAR2026_CORE_plants_non-redundant_pfms_meme.txt	MA0941.2	ABF2	ACACGTG	7.53e-2	1.00e0	9.27e2	412	206	206	206	18	51	24.76	38	18.45
290	data/reference/motifs/JASPAR2026_CORE_plants_non-redundant_pfms_meme.txt	MA2431.1	SPL15A	AGCGGTASTACCGC	2.25e-1	1.00e0	9.27e2	139	206	206	206	4	5	2.43	2	0.97
291	data/reference/motifs/JASPAR2026_CORE_plants_non-redundant_pfms_meme.txt	MA2027.2	MYB44	HAACGGTCA	7.83e-2	1.00e0	9.27e2	401	206	206	206	9	22	10.68	13	6.31
292	data/reference/motifs/JASPAR2026_CORE_plants_non-redundant_pfms_meme.txt	MA1771.2	MYB41	TYACCTAMYT	7.75e-2	1.00e0	9.27e2	408	206	206	206	13	17	8.25	9	4.37
293	data/reference/motifs/JASPAR2026_CORE_plants_non-redundant_pfms_meme.txt	MA1256.2	RAP2-12	DRYGGCGGCGG	1.92e-1	1.00e0	9.27e2	167	206	206	206	2	44	21.36	36	17.48
294	data/reference/motifs/JASPAR2026_CORE_plants_non-redundant_pfms_meme.txt	MA2646.1	GLYMA-11G083900	GTACGGA	9.83e-2	1.00e0	9.27e2	327	206	206	206	2	123	59.71	109	52.91
295	data/reference/motifs/JASPAR2026_CORE_plants_non-redundant_pfms_meme.txt	MA1211.2	ATHB-X	YAATYATTD	7.83e-2	1.00e0	9.27e2	412	206	206	206	4	193	93.69	184	89.32
296	data/reference/motifs/JASPAR2026_CORE_plants_non-redundant_pfms_meme.txt	MA1026.3	ATHB-15	AWDRTAATGATKA	8.23e-2	1.00e0	9.27e2	393	206	206	206	4	123	59.71	108	52.43
297	data/reference/motifs/JASPAR2026_CORE_plants_non-redundant_pfms_meme.txt	MA0967.1	BZIP60	TGACGTCA	7.86e-2	1.00e0	9.27e2	412	206	206	206	28	13	6.31	6	2.91
298	data/reference/motifs/JASPAR2026_CORE_plants_non-redundant_pfms_meme.txt	MA1834.2	Zm00001d034298	CCACGCG	7.96e-2	1.00e0	9.27e2	410	206	206	206	5	182	88.35	171	83.01
299	data/reference/motifs/JASPAR2026_CORE_plants_non-redundant_pfms_meme.txt	MA0569.2	MYC4	CACGTGC	8.72e-2	1.00e0	9.27e2	373	206	206	206	2	171	83.01	159	77.18
300	data/reference/motifs/JASPAR2026_CORE_plants_non-redundant_pfms_meme.txt	MA2067.1	PK09702.1	GCACGTGR	3.42e-1	1.00e0	9.27e2	78	206	206	206	2	34	16.50	30	14.56
301	data/reference/motifs/JASPAR2026_CORE_plants_non-redundant_pfms_meme.txt	MA2616.1	ereb17	CGCCGCCGCCGCCS	2.33e-1	1.00e0	9.27e2	140	206	206	206	1	74	35.92	66	32.04
302	data/reference/motifs/JASPAR2026_CORE_plants_non-redundant_pfms_meme.txt	MA1208.2	GT-2	WTTTTTACCGY	7.93e-2	1.00e0	9.27e2	412	206	206	206	16	28	13.59	18	8.74
303	data/reference/motifs/JASPAR2026_CORE_plants_non-redundant_pfms_meme.txt	MA1042.1	MYB59	RTTAGGTA	8.16e-2	1.00e0	9.27e2	412	206	206	206	20	55	26.70	42	20.39
304	data/reference/motifs/JASPAR2026_CORE_plants_non-redundant_pfms_meme.txt	MA1746.1	BZIP69	TGMCAGCTGTM	2.96e-1	1.00e0	9.27e2	113	206	206	206	2	19	9.22	15	7.28
305	data/reference/motifs/JASPAR2026_CORE_plants_non-redundant_pfms_meme.txt	MA1185.2	LHY	AGATATTTT	8.74e-2	1.00e0	9.27e2	392	206	206	206	9	7	3.40	2	0.97
306	data/reference/motifs/JASPAR2026_CORE_plants_non-redundant_pfms_meme.txt	MA1166.2	PHL12	AARRGAATATTC	1.10e-1	1.00e0	9.27e2	308	206	206	206	5	8	3.88	3	1.46
307	data/reference/motifs/JASPAR2026_CORE_plants_non-redundant_pfms_meme.txt	MA1053.1	ERF109	GCGCCGCC	1.29e-1	1.00e0	9.27e2	266	206	206	206	1	139	67.48	127	61.65
308	data/reference/motifs/JASPAR2026_CORE_plants_non-redundant_pfms_meme.txt	MA2477.1	NGA4	TTCAGGTR	8.37e-2	1.00e0	9.27e2	412	206	206	206	4	192	93.20	183	88.83
309	data/reference/motifs/JASPAR2026_CORE_plants_non-redundant_pfms_meme.txt	MA1366.2	DF1	RGTAAAAA	8.37e-2	1.00e0	9.27e2	412	206	206	206	8	192	93.20	183	88.83
310	data/reference/motifs/JASPAR2026_CORE_plants_non-redundant_pfms_meme.txt	MA1829.2	Zm00001d035604	ACCTAAC	8.48e-2	1.00e0	9.27e2	412	206	206	206	34	18	8.74	10	4.85
311	data/reference/motifs/JASPAR2026_CORE_plants_non-redundant_pfms_meme.txt	MA1777.2	MYB74	YYYACCTAMCW	9.09e-2	1.00e0	9.27e2	386	206	206	206	3	139	67.48	125	60.68
312	data/reference/motifs/JASPAR2026_CORE_plants_non-redundant_pfms_meme.txt	MA0576.2	RAX3	GGGGGTAGGTGS	3.34e-1	1.00e0	9.27e2	86	206	206	206	2	13	6.31	10	4.85
313	data/reference/motifs/JASPAR2026_CORE_plants_non-redundant_pfms_meme.txt	MA1168.2	MYR2	RGAATMTT	8.74e-2	1.00e0	9.27e2	404	206	206	206	11	7	3.40	2	0.97
314	data/reference/motifs/JASPAR2026_CORE_plants_non-redundant_pfms_meme.txt	MA1667.3	HSFC1	TTCYAGAA	8.38e-2	1.00e0	9.27e2	410	206	206	206	7	112	54.37	97	47.09
315	data/reference/motifs/JASPAR2026_CORE_plants_non-redundant_pfms_meme.txt	MA2037.2	NAC096	CAAGTAA	8.60e-2	1.00e0	9.27e2	412	206	206	206	9	202	98.06	196	95.15
316	data/reference/motifs/JASPAR2026_CORE_plants_non-redundant_pfms_meme.txt	MA1427.3	NAC028	CAAGTAA	8.35e-2	1.00e0	9.27e2	412	206	206	206	21	105	50.97	90	43.69
317	data/reference/motifs/JASPAR2026_CORE_plants_non-redundant_pfms_meme.txt	MA1754.2	ERF073	CKCCGCCGCCR	2.78e-1	1.00e0	9.27e2	127	206	206	206	2	29	14.08	24	11.65
318	data/reference/motifs/JASPAR2026_CORE_plants_non-redundant_pfms_meme.txt	MA1266.2	RAP2-11	YCDYCGCCGGC	1.61e-1	1.00e0	9.27e2	216	206	206	206	3	33	16.02	25	12.14
319	data/reference/motifs/JASPAR2026_CORE_plants_non-redundant_pfms_meme.txt	MA1253.2	ERF036	TGTCGGTG	9.85e-2	1.00e0	9.27e2	359	206	206	206	7	15	7.28	8	3.88
320	data/reference/motifs/JASPAR2026_CORE_plants_non-redundant_pfms_meme.txt	MA2364.1	VIT_15s0048g01150	GGGCCCAC	8.88e-2	1.00e0	9.27e2	398	206	206	206	2	191	92.72	182	88.35
321	data/reference/motifs/JASPAR2026_CORE_plants_non-redundant_pfms_meme.txt	MA1274.1	DOF3.6	TTTWCTTTTTHHYTTTTTTTT	8.46e-2	1.00e0	9.27e2	412	206	206	206	15	162	78.64	149	72.33
322	data/reference/motifs/JASPAR2026_CORE_plants_non-redundant_pfms_meme.txt	MA0958.1	BHLH13	RCACGTGC	1.02e-1	1.00e0	9.27e2	336	206	206	206	5	72	34.95	59	28.64
323	data/reference/motifs/JASPAR2026_CORE_plants_non-redundant_pfms_meme.txt	MA1808.3	GLYMA-06G314400	GACACGTGGC	1.38e-1	1.00e0	9.27e2	379	206	206	206	1	193	93.69	186	90.29
324	data/reference/motifs/JASPAR2026_CORE_plants_non-redundant_pfms_meme.txt	MA1811.3	GLYMA-13G317000	GGACACSTGTCA	2.27e-1	1.00e0	9.27e2	326	206	206	206	4	67	32.52	59	28.64
325	data/reference/motifs/JASPAR2026_CORE_plants_non-redundant_pfms_meme.txt	MA2671.1	GLYMA-19G100900	AGCATGCT	2.91e-1	1.00e0	9.27e2	380	206	206	206	2	192	93.20	188	91.26
326	data/reference/motifs/JASPAR2026_CORE_plants_non-redundant_pfms_meme.txt	MA2670.1	GLYMA-15G168800	CAATGATTG	1.80e-1	1.00e0	9.27e2	397	206	206	206	4	134	65.05	124	60.19
327	data/reference/motifs/JASPAR2026_CORE_plants_non-redundant_pfms_meme.txt	MA2668.1	GLYMA-20G155100	RCCGACAT	3.78e-1	1.00e0	9.27e2	359	206	206	206	6	25	12.14	22	10.68
328	data/reference/motifs/JASPAR2026_CORE_plants_non-redundant_pfms_meme.txt	MA2667.1	GLYMA-13G236500	ACGACGGCGGAG	3.42e-1	1.00e0	9.27e2	255	206	206	206	1	130	63.11	125	60.68
329	data/reference/motifs/JASPAR2026_CORE_plants_non-redundant_pfms_meme.txt	MA2666.1	GLYMA-12G117000	GGMGGCGGYGGCGGMGG	3.88e-1	1.00e0	9.27e2	144	206	206	206	3	30	14.56	27	13.11
330	data/reference/motifs/JASPAR2026_CORE_plants_non-redundant_pfms_meme.txt	MA2665.1	GLYMA-11G053600	CACCGACAC	2.55e-1	1.00e0	9.27e2	393	206	206	206	3	152	73.79	145	70.39
331	data/reference/motifs/JASPAR2026_CORE_plants_non-redundant_pfms_meme.txt	MA2664.1	GLYMA-03G162700	GGYGGYGGCGGCGGMGGCGGYGG	6.57e-1	1.00e0	9.27e2	47	206	206	206	16	3	1.46	3	1.46
332	data/reference/motifs/JASPAR2026_CORE_plants_non-redundant_pfms_meme.txt	MA2663.1	GLYMA-02G261700	TCACCGACATA	1.67e-1	1.00e0	9.27e2	350	206	206	206	1	179	86.89	171	83.01
333	data/reference/motifs/JASPAR2026_CORE_plants_non-redundant_pfms_meme.txt	MA2662.1	GLYMA-13G153200	GCCACGTCA	2.51e-1	1.00e0	9.27e2	403	206	206	206	1	203	98.54	200	97.09
334	data/reference/motifs/JASPAR2026_CORE_plants_non-redundant_pfms_meme.txt	MA2660.1	GLYMA-12G168700	WWWTGTAATTACAWWW	1.46e-1	1.00e0	9.27e2	395	206	206	206	24	10	4.85	5	2.43
335	data/reference/motifs/JASPAR2026_CORE_plants_non-redundant_pfms_meme.txt	MA2657.1	GLYMA-14G028900	AAAAGTCAAA	2.08e-1	1.00e0	9.27e2	410	206	206	206	11	24	11.65	18	8.74
336	data/reference/motifs/JASPAR2026_CORE_plants_non-redundant_pfms_meme.txt	MA2656.1	GLYMA-14G006800	TGGTCAACCA	1.42e-1	1.00e0	9.27e2	410	206	206	206	14	6	2.91	2	0.97
337	data/reference/motifs/JASPAR2026_CORE_plants_non-redundant_pfms_meme.txt	MA2655.1	GLYMA-08G218600	AAAAGTCAA	9.22e-2	1.00e0	9.27e2	412	206	206	206	14	83	40.29	69	33.50
338	data/reference/motifs/JASPAR2026_CORE_plants_non-redundant_pfms_meme.txt	MA2654.1	GLYMA-05G127600	GGTCAAC	4.59e-1	1.00e0	9.27e2	412	206	206	206	12	131	63.59	129	62.62
339	data/reference/motifs/JASPAR2026_CORE_plants_non-redundant_pfms_meme.txt	MA2653.1	GLYMA-03G042700	GTTTGACTTT	1.50e-1	1.00e0	9.27e2	411	206	206	206	7	141	68.45	130	63.11
340	data/reference/motifs/JASPAR2026_CORE_plants_non-redundant_pfms_meme.txt	MA2652.1	GLYMA-01G053800	AGTTGAC	2.34e-1	1.00e0	9.27e2	412	206	206	206	4	192	93.20	187	90.78
341	data/reference/motifs/JASPAR2026_CORE_plants_non-redundant_pfms_meme.txt	MA2649.1	GLYMA-08G271900	TGCACATG	2.49e-1	1.00e0	9.27e2	412	206	206	206	27	2	0.97	0	0.00
342	data/reference/motifs/JASPAR2026_CORE_plants_non-redundant_pfms_meme.txt	MA2648.1	GLYMA-19G146000	AAGGTACAC	2.01e-1	1.00e0	9.27e2	412	206	206	206	6	142	68.93	133	64.56
343	data/reference/motifs/JASPAR2026_CORE_plants_non-redundant_pfms_meme.txt	MA2647.1	GLYMA-12G226000	AAGTACAA	1.17e-1	1.00e0	9.27e2	412	206	206	206	13	166	80.58	155	75.24
344	data/reference/motifs/JASPAR2026_CORE_plants_non-redundant_pfms_meme.txt	MA2644.1	GLYMA-14G030700	AACGACGGCA	1.24e-1	1.00e0	9.27e2	338	206	206	206	1	174	84.47	164	79.61
345	data/reference/motifs/JASPAR2026_CORE_plants_non-redundant_pfms_meme.txt	MA2643.1	SNAC23	YACGGAACT	1.11e-1	1.00e0	9.27e2	408	206	206	206	5	135	65.53	122	59.22
346	data/reference/motifs/JASPAR2026_CORE_plants_non-redundant_pfms_meme.txt	MA2642.1	GLYMA-10G230700	AAGATATTTWTW	1.62e-1	1.00e0	9.27e2	405	206	206	206	6	110	53.40	99	48.06
347	data/reference/motifs/JASPAR2026_CORE_plants_non-redundant_pfms_meme.txt	MA2641.1	GLYMA-01G038600	CCTTATCCA	8.74e-2	1.00e0	9.27e2	412	206	206	206	17	7	3.40	2	0.97
348	data/reference/motifs/JASPAR2026_CORE_plants_non-redundant_pfms_meme.txt	MA2745.1	SlWRKY81	AAGTCAAC	2.40e-1	1.00e0	9.27e2	412	206	206	206	9	129	62.62	121	58.74
349	data/reference/motifs/JASPAR2026_CORE_plants_non-redundant_pfms_meme.txt	MA2744.1	SlWRKY40	AAAGTCAA	8.74e-2	1.00e0	9.27e2	412	206	206	206	22	7	3.40	2	0.97
350	data/reference/motifs/JASPAR2026_CORE_plants_non-redundant_pfms_meme.txt	MA2743.1	SlWRKY23	AAAGTCAAM	1.16e-1	1.00e0	9.27e2	411	206	206	206	12	23	11.17	15	7.28
351	data/reference/motifs/JASPAR2026_CORE_plants_non-redundant_pfms_meme.txt	MA2742.1	SlWRKY11	GTTGACTTTT	1.24e-1	1.00e0	9.27e2	321	206	206	206	3	55	26.70	44	21.36
352	data/reference/motifs/JASPAR2026_CORE_plants_non-redundant_pfms_meme.txt	MA2740.1	SlTCP15	GTGGGACCCA	1.46e-1	1.00e0	9.27e2	350	206	206	206	11	10	4.85	5	2.43
353	data/reference/motifs/JASPAR2026_CORE_plants_non-redundant_pfms_meme.txt	MA2738.1	Cnr	TCCGTACAAA	8.73e-2	1.00e0	9.27e2	410	206	206	206	6	144	69.90	130	63.11
354	data/reference/motifs/JASPAR2026_CORE_plants_non-redundant_pfms_meme.txt	MA2737.1	SlERF36	CMGCCGCCAC	1.27e-1	1.00e0	9.27e2	355	206	206	206	1	182	88.35	173	83.98
355	data/reference/motifs/JASPAR2026_CORE_plants_non-redundant_pfms_meme.txt	MA2735.1	SlbHLH014	GMCACGTGBC	3.35e-1	1.00e0	9.27e2	277	206	206	206	3	67	32.52	62	30.10
356	data/reference/motifs/JASPAR2026_CORE_plants_non-redundant_pfms_meme.txt	MA2734.1	Sl-ERF_F_5	CCGCCGCCGCCRCCRCC	4.57e-1	1.00e0	9.27e2	118	206	206	206	1	60	29.13	58	28.16
357	data/reference/motifs/JASPAR2026_CORE_plants_non-redundant_pfms_meme.txt	MA2732.1	Sl-ERF_C_4	YCGCCGCCGCCR	2.06e-1	1.00e0	9.27e2	236	206	206	206	2	79	38.35	70	33.98
358	data/reference/motifs/JASPAR2026_CORE_plants_non-redundant_pfms_meme.txt	MA2731.1	sep3	WTTTCCAAAAAGGGAAAAAAW	7.51e-1	1.00e0	9.27e2	117	206	206	206	4	1	0.49	1	0.49
359	data/reference/motifs/JASPAR2026_CORE_plants_non-redundant_pfms_meme.txt	MA2728.1	SolycHsfC1	RGAAGTTTCTAG	2.05e-1	1.00e0	9.27e2	363	206	206	206	6	15	7.28	10	4.85
360	data/reference/motifs/JASPAR2026_CORE_plants_non-redundant_pfms_meme.txt	MA2726.1	SlWRKY41	GTTGACTT	2.02e-1	1.00e0	9.27e2	412	206	206	206	11	49	23.79	41	19.90
361	data/reference/motifs/JASPAR2026_CORE_plants_non-redundant_pfms_meme.txt	MA2725.1	SlWRKY6	AAAGTCAAC	1.08e-1	1.00e0	9.27e2	412	206	206	206	19	5	2.43	1	0.49
362	data/reference/motifs/JASPAR2026_CORE_plants_non-redundant_pfms_meme.txt	MA2722.1	Sl-ERF_F_2	CGGCGGCKGCGGCGR	3.76e-1	1.00e0	9.27e2	83	206	206	206	2	24	11.65	21	10.19
363	data/reference/motifs/JASPAR2026_CORE_plants_non-redundant_pfms_meme.txt	MA2721.1	Sl-ERF_C_6	YCGCCGCCGCCRCCRCCGCC	5.00e-1	1.00e0	9.27e2	89	206	206	206	18	3	1.46	2	0.97
364	data/reference/motifs/JASPAR2026_CORE_plants_non-redundant_pfms_meme.txt	MA2720.1	nacnor	ACACGTAACT	1.52e-1	1.00e0	9.27e2	402	206	206	206	8	56	27.18	46	22.33
365	data/reference/motifs/JASPAR2026_CORE_plants_non-redundant_pfms_meme.txt	MA2718.1	Sl-ERF_A_3	GGYGGCGGCGGCGGCGG	5.00e-1	1.00e0	9.27e2	56	206	206	206	11	2	0.97	1	0.49
366	data/reference/motifs/JASPAR2026_CORE_plants_non-redundant_pfms_meme.txt	MA2717.1	eil2	AGATTCR	3.01e-1	1.00e0	9.27e2	412	206	206	206	29	20	9.71	16	7.77
367	data/reference/motifs/JASPAR2026_CORE_plants_non-redundant_pfms_meme.txt	MA2716.1	dreb3	CCACCGACCA	3.46e-1	1.00e0	9.27e2	367	206	206	206	3	114	55.34	109	52.91
368	data/reference/motifs/JASPAR2026_CORE_plants_non-redundant_pfms_meme.txt	MA2715.1	Solyc03g124110	RTCTATGTCGGYWAA	2.87e-1	1.00e0	9.27e2	132	206	206	206	3	8	3.88	5	2.43
369	data/reference/motifs/JASPAR2026_CORE_plants_non-redundant_pfms_meme.txt	MA2714.1	APETALA2a	ATTACCTCGTACYA	3.13e-1	1.00e0	9.27e2	156	206	206	206	2	23	11.17	19	9.22
370	data/reference/motifs/JASPAR2026_CORE_plants_non-redundant_pfms_meme.txt	MA2713.1	SlDof14	CTTTTTC	1.69e-1	1.00e0	9.27e2	412	206	206	206	21	7	3.40	3	1.46
371	data/reference/motifs/JASPAR2026_CORE_plants_non-redundant_pfms_meme.txt	MA2708.1	SlDof4	AGAAAAAGTAA	3.20e-1	1.00e0	9.27e2	412	206	206	206	29	11	5.34	8	3.88
372	data/reference/motifs/JASPAR2026_CORE_plants_non-redundant_pfms_meme.txt	MA2752.1	TaOBF1b	TGCCACGTCATCATC	5.00e-1	1.00e0	9.27e2	267	206	206	206	14	1	0.49	0	0.00
373	data/reference/motifs/JASPAR2026_CORE_plants_non-redundant_pfms_meme.txt	MA2751.1	TraesCS2B02G304400	CCACTCGACC	1.69e-1	1.00e0	9.27e2	368	206	206	206	9	7	3.40	3	1.46
374	data/reference/motifs/JASPAR2026_CORE_plants_non-redundant_pfms_meme.txt	MA2747.1	TraesCS6A02G290800	CAATAATTG	2.33e-1	1.00e0	9.27e2	411	206	206	206	19	30	14.56	24	11.65
375	data/reference/motifs/JASPAR2026_CORE_plants_non-redundant_pfms_meme.txt	MA2746.1	HB-HD-ZIP-2A-2	WTGCAATCATT	1.52e-1	1.00e0	9.27e2	412	206	206	206	7	160	77.67	150	72.82
376	data/reference/motifs/JASPAR2026_CORE_plants_non-redundant_pfms_meme.txt	MA2761.1	myb100	TRCCTAACTT	9.15e-2	1.00e0	9.27e2	410	206	206	206	9	82	39.81	68	33.01
377	data/reference/motifs/JASPAR2026_CORE_plants_non-redundant_pfms_meme.txt	MA2760.1	p2	CACCTAAC	1.57e-1	1.00e0	9.27e2	412	206	206	206	14	87	42.23	76	36.89
378	data/reference/motifs/JASPAR2026_CORE_plants_non-redundant_pfms_meme.txt	MA2758.1	ereb122	CCGACCA	3.60e-1	1.00e0	9.27e2	412	206	206	206	14	47	22.82	43	20.87
379	data/reference/motifs/JASPAR2026_CORE_plants_non-redundant_pfms_meme.txt	MA2757.1	pbf1	ATAAAGT	2.05e-1	1.00e0	9.27e2	412	206	206	206	41	15	7.28	10	4.85
380	data/reference/motifs/JASPAR2026_CORE_plants_non-redundant_pfms_meme.txt	MA2756.1	dfo23	TACCTTTTTCT	5.77e-1	1.00e0	9.27e2	412	206	206	206	27	14	6.80	14	6.80
381	data/reference/motifs/JASPAR2026_CORE_plants_non-redundant_pfms_meme.txt	MA2755.1	hsftf24	ACTAGAAGCTTCTGGAA	1.71e-1	1.00e0	9.27e2	280	206	206	206	1	145	70.39	135	65.53
382	data/reference/motifs/JASPAR2026_CORE_plants_non-redundant_pfms_meme.txt	MA2754.1	wrky38	CGTGGACC	3.46e-1	1.00e0	9.27e2	405	206	206	206	7	117	56.80	112	54.37
383	data/reference/motifs/JASPAR2026_CORE_plants_non-redundant_pfms_meme.txt	MA2753.1	cpp8	GAATTTGAAW	2.49e-1	1.00e0	9.27e2	412	206	206	206	7	206	100.00	204	99.03
384	data/reference/motifs/JASPAR2026_CORE_plants_non-redundant_pfms_meme.txt	MA2625.1	mybr17	CATTATC	2.49e-1	1.00e0	9.27e2	412	206	206	206	15	206	100.00	204	99.03
385	data/reference/motifs/JASPAR2026_CORE_plants_non-redundant_pfms_meme.txt	MA2624.1	myb37	TAACCGAA	2.06e-1	1.00e0	9.27e2	412	206	206	206	18	51	24.76	43	20.87
386	data/reference/motifs/JASPAR2026_CORE_plants_non-redundant_pfms_meme.txt	MA2623.1	hb66	CCAATCA	1.51e-1	1.00e0	9.27e2	412	206	206	206	40	41	19.90	32	15.53
387	data/reference/motifs/JASPAR2026_CORE_plants_non-redundant_pfms_meme.txt	MA2621.1	glk25	TGATTCCA	2.79e-1	1.00e0	9.27e2	412	206	206	206	23	50	24.27	44	21.36
388	data/reference/motifs/JASPAR2026_CORE_plants_non-redundant_pfms_meme.txt	MA2620.1	g2	CCTTATCC	1.24e-1	1.00e0	9.27e2	412	206	206	206	29	3	1.46	0	0.00
389	data/reference/motifs/JASPAR2026_CORE_plants_non-redundant_pfms_meme.txt	MA2619.1	ereb18	CCGCCGCCGCCCGCC	3.66e-1	1.00e0	9.27e2	156	206	206	206	2	53	25.73	49	23.79
390	data/reference/motifs/JASPAR2026_CORE_plants_non-redundant_pfms_meme.txt	MA2618.1	ereb102	CGACGGCGA	4.08e-1	1.00e0	9.27e2	335	206	206	206	5	50	24.27	47	22.82
391	data/reference/motifs/JASPAR2026_CORE_plants_non-redundant_pfms_meme.txt	MA2617.1	ereb54	GCGGCGGCGGC	5.44e-1	1.00e0	9.27e2	110	206	206	206	1	55	26.70	55	26.70
392	data/reference/motifs/JASPAR2026_CORE_plants_non-redundant_pfms_meme.txt	MA2614.1	ereb198	SCGCCGCCGCCR	5.82e-1	1.00e0	9.27e2	141	206	206	206	1	70	33.98	71	34.47
393	data/reference/motifs/JASPAR2026_CORE_plants_non-redundant_pfms_meme.txt	MA2612.1	ereb147	ACGCCGAC	3.38e-1	1.00e0	9.27e2	384	206	206	206	6	72	34.95	67	32.52
394	data/reference/motifs/JASPAR2026_CORE_plants_non-redundant_pfms_meme.txt	MA2609.1	ereb172	CAGCCGCA	3.20e-1	1.00e0	9.27e2	393	206	206	206	1	198	96.12	195	94.66
395	data/reference/motifs/JASPAR2026_CORE_plants_non-redundant_pfms_meme.txt	MA2608.1	glk53	AAGGAATATTCTTT	3.59e-1	1.00e0	9.27e2	405	206	206	206	2	191	92.72	188	91.26
396	data/reference/motifs/JASPAR2026_CORE_plants_non-redundant_pfms_meme.txt	MA2607.1	tcptf23	GGGACCAC	6.25e-1	1.00e0	9.27e2	402	206	206	206	1	201	97.57	201	97.57
397	data/reference/motifs/JASPAR2026_CORE_plants_non-redundant_pfms_meme.txt	MA2605.1	mybr26	CCTTATCC	1.08e-1	1.00e0	9.27e2	412	206	206	206	3	205	99.51	201	97.57
398	data/reference/motifs/JASPAR2026_CORE_plants_non-redundant_pfms_meme.txt	MA2604.1	dof22	ACTTTTAC	1.86e-1	1.00e0	9.27e2	412	206	206	206	17	205	99.51	202	98.06
399	data/reference/motifs/JASPAR2026_CORE_plants_non-redundant_pfms_meme.txt	MA2473.1	HB88	TTGATTG	1.12e-1	1.00e0	9.27e2	412	206	206	206	32	156	75.73	144	69.90
400	data/reference/motifs/JASPAR2026_CORE_plants_non-redundant_pfms_meme.txt	MA1378.2	AIL6	TCCTCGA	2.21e-1	1.00e0	9.27e2	412	206	206	206	7	194	94.17	189	91.75
401	data/reference/motifs/JASPAR2026_CORE_plants_non-redundant_pfms_meme.txt	MA1776.3	MYB67	TACCTAACA	1.76e-1	1.00e0	9.27e2	411	206	206	206	11	53	25.73	44	21.36
402	data/reference/motifs/JASPAR2026_CORE_plants_non-redundant_pfms_meme.txt	MA2639.1	FUL::SOC1	TTCCATTTTTGG	2.72e-1	1.00e0	9.27e2	412	206	206	206	4	202	98.06	199	96.60
403	data/reference/motifs/JASPAR2026_CORE_plants_non-redundant_pfms_meme.txt	MA2638.1	FUL::SEP3	TTWCTATTTATAGTAA	5.91e-1	1.00e0	9.27e2	313	206	206	206	1	156	75.73	157	76.21
404	data/reference/motifs/JASPAR2026_CORE_plants_non-redundant_pfms_meme.txt	MA2637.1	FUL::AG::SEP3	WTWCCAWAAATAGAAA	1.90e-1	1.00e0	9.27e2	408	206	206	206	13	8	3.88	4	1.94
405	data/reference/motifs/JASPAR2026_CORE_plants_non-redundant_pfms_meme.txt	MA2636.1	FUL::AG	WCTTTCCATTTTTRGAAA	7.09e-1	1.00e0	9.27e2	320	206	206	206	4	15	7.28	17	8.25
406	data/reference/motifs/JASPAR2026_CORE_plants_non-redundant_pfms_meme.txt	MA2635.1	FUL	TTWCCAWAAATAGAAA	5.00e-1	1.00e0	9.27e2	379	206	206	206	10	1	0.49	0	0.00
407	data/reference/motifs/JASPAR2026_CORE_plants_non-redundant_pfms_meme.txt	MA2634.1	EIN3	AGATTCATTGAATCT	5.00e-1	1.00e0	9.27e2	306	206	206	206	9	4	1.94	3	1.46
408	data/reference/motifs/JASPAR2026_CORE_plants_non-redundant_pfms_meme.txt	MA1355.2	TRB2	WARCCCTAAWT	6.89e-1	1.00e0	9.27e2	263	206	206	206	4	8	3.88	9	4.37
409	data/reference/motifs/JASPAR2026_CORE_plants_non-redundant_pfms_meme.txt	MA1353.2	AT1G72740	RWTTAGGGTTT	3.62e-1	1.00e0	9.27e2	315	206	206	206	4	19	9.22	16	7.77
410	data/reference/motifs/JASPAR2026_CORE_plants_non-redundant_pfms_meme.txt	MA1055.3	SPL1	TGTACGGA	9.88e-2	1.00e0	9.27e2	401	206	206	206	5	99	48.06	85	41.26
411	data/reference/motifs/JASPAR2026_CORE_plants_non-redundant_pfms_meme.txt	MA1320.2	SPL15	TGTACGGA	2.25e-1	1.00e0	9.27e2	163	206	206	206	2	28	13.59	22	10.68
412	data/reference/motifs/JASPAR2026_CORE_plants_non-redundant_pfms_meme.txt	MA1060.2	SPL7	CGTACG	9.85e-2	1.00e0	9.27e2	412	206	206	206	6	198	96.12	191	92.72
413	data/reference/motifs/JASPAR2026_CORE_plants_non-redundant_pfms_meme.txt	MA1742.2	BIZP18	TGMCAGCTGK	3.67e-1	1.00e0	9.27e2	308	206	206	206	1	156	75.73	152	73.79
414	data/reference/motifs/JASPAR2026_CORE_plants_non-redundant_pfms_meme.txt	MA1672.2	GBF2	SACGTGGCA	1.74e-1	1.00e0	9.27e2	408	206	206	206	2	199	96.60	194	94.17
415	data/reference/motifs/JASPAR2026_CORE_plants_non-redundant_pfms_meme.txt	MA2476.1	KNAT7	TGACRKCT	2.67e-1	1.00e0	9.27e2	370	206	206	206	4	75	36.41	68	33.01
416	data/reference/motifs/JASPAR2026_CORE_plants_non-redundant_pfms_meme.txt	MA2474.1	HMGB10	TWATAA	1.11e-1	1.00e0	9.27e2	409	206	206	206	12	135	65.53	122	59.22
417	data/reference/motifs/JASPAR2026_CORE_plants_non-redundant_pfms_meme.txt	MA2461.1	WOX13	TTGATTGA	9.60e-2	1.00e0	9.27e2	412	206	206	206	19	66	32.04	53	25.73
418	data/reference/motifs/JASPAR2026_CORE_plants_non-redundant_pfms_meme.txt	MA2459.1	EDF3	RCAACAKA	1.11e-1	1.00e0	9.27e2	376	206	206	206	1	192	93.20	184	89.32
419	data/reference/motifs/JASPAR2026_CORE_plants_non-redundant_pfms_meme.txt	MA1738.1	ATMYB31	YAMCTMCCAACHAMH	9.09e-2	1.00e0	9.27e2	399	206	206	206	4	139	67.48	125	60.68
420	data/reference/motifs/JASPAR2026_CORE_plants_non-redundant_pfms_meme.txt	MA1205.1	AGL6	TTWCCAAAAAWGGAAAAWW	5.00e-1	1.00e0	9.27e2	285	206	206	206	2	73	35.44	72	34.95
421	data/reference/motifs/JASPAR2026_CORE_plants_non-redundant_pfms_meme.txt	MA1204.1	AGL13	TTWCCAAAAAWRGWAAAW	5.00e-1	1.00e0	9.27e2	222	206	206	206	4	2	0.97	1	0.49
422	data/reference/motifs/JASPAR2026_CORE_plants_non-redundant_pfms_meme.txt	MA1203.1	AGL63	TKCCAAAAATGGMAA	5.00e-1	1.00e0	9.27e2	327	206	206	206	5	13	6.31	12	5.83
423	data/reference/motifs/JASPAR2026_CORE_plants_non-redundant_pfms_meme.txt	MA1199.1	AGL16	TTTCCWTTTTDGGWA	5.00e-1	1.00e0	9.27e2	341	206	206	206	7	1	0.49	0	0.00
424	data/reference/motifs/JASPAR2026_CORE_plants_non-redundant_pfms_meme.txt	MA1188.1	At3g11280	AWYCTTATCTTHWY	5.00e-1	1.00e0	9.27e2	411	206	206	206	7	148	71.84	147	71.36
425	data/reference/motifs/JASPAR2026_CORE_plants_non-redundant_pfms_meme.txt	MA1012.1	AGL27	CTTTCYATTTTKGG	1.38e-1	1.00e0	9.27e2	325	206	206	206	2	101	49.03	89	43.20
426	data/reference/motifs/JASPAR2026_CORE_plants_non-redundant_pfms_meme.txt	MA0972.1	CCA1	AAATATCT	1.62e-1	1.00e0	9.27e2	412	206	206	206	10	109	52.91	98	47.57
427	data/reference/motifs/JASPAR2026_CORE_plants_non-redundant_pfms_meme.txt	MA0574.1	MYB15	CRACGGTAGGTGG	6.62e-1	1.00e0	9.27e2	60	206	206	206	1	29	14.08	31	15.05
428	data/reference/motifs/JASPAR2026_CORE_plants_non-redundant_pfms_meme.txt	MA0559.1	PI	CCAAAARWRGAAAR	1.61e-1	1.00e0	9.27e2	412	206	206	206	21	11	5.34	6	2.91
429	data/reference/motifs/JASPAR2026_CORE_plants_non-redundant_pfms_meme.txt	MA2482.1	PK27693.1	TTATC	2.51e-1	1.00e0	9.27e2	412	206	206	206	67	203	98.54	200	97.09
430	data/reference/motifs/JASPAR2026_CORE_plants_non-redundant_pfms_meme.txt	MA2478.1	PK13314.1	GGGCCCAC	1.35e-1	1.00e0	9.27e2	409	206	206	206	11	90	43.69	78	37.86
431	data/reference/motifs/JASPAR2026_CORE_plants_non-redundant_pfms_meme.txt	MA1021.2	PHYPADRAFT_48267	CACGTGC	1.51e-1	1.00e0	9.27e2	339	206	206	206	1	174	84.47	165	80.10
432	data/reference/motifs/JASPAR2026_CORE_plants_non-redundant_pfms_meme.txt	MA0988.2	PHYPADRAFT_143875	CACGTG	1.38e-1	1.00e0	9.27e2	409	206	206	206	26	20	9.71	13	6.31
433	data/reference/motifs/JASPAR2026_CORE_plants_non-redundant_pfms_meme.txt	MA2040.2	ENAP2	CTCCGGCGA	3.76e-1	1.00e0	9.27e2	267	206	206	206	5	24	11.65	21	10.19
434	data/reference/motifs/JASPAR2026_CORE_plants_non-redundant_pfms_meme.txt	MA2039.2	ASIL2	CTCCGGCGA	3.50e-1	1.00e0	9.27e2	274	206	206	206	6	16	7.77	13	6.31
435	data/reference/motifs/JASPAR2026_CORE_plants_non-redundant_pfms_meme.txt	MA1661.2	GTL1	GGTTAAAA	3.34e-1	1.00e0	9.27e2	412	206	206	206	27	13	6.31	10	4.85
436	data/reference/motifs/JASPAR2026_CORE_plants_non-redundant_pfms_meme.txt	MA1368.3	GT-4	TAACTATGGTTA	1.12e-1	1.00e0	9.27e2	369	206	206	206	5	62	30.10	50	24.27
437	data/reference/motifs/JASPAR2026_CORE_plants_non-redundant_pfms_meme.txt	MA1365.3	AT5G47660	GGTAAAA	1.42e-1	1.00e0	9.27e2	412	206	206	206	4	204	99.03	200	97.09
438	data/reference/motifs/JASPAR2026_CORE_plants_non-redundant_pfms_meme.txt	MA2032.2	TRB1	AAACCCTAA	2.79e-1	1.00e0	9.27e2	412	206	206	206	3	194	94.17	190	92.23
439	data/reference/motifs/JASPAR2026_CORE_plants_non-redundant_pfms_meme.txt	MA1825.2	Zm00001d044409	CTTATC	9.07e-2	1.00e0	9.27e2	412	206	206	206	13	185	89.81	175	84.95
440	data/reference/motifs/JASPAR2026_CORE_plants_non-redundant_pfms_meme.txt	MA1812.2	ASR1	AGGCCCAAT	1.16e-1	1.00e0	9.27e2	350	206	206	206	7	17	8.25	10	4.85
441	data/reference/motifs/JASPAR2026_CORE_plants_non-redundant_pfms_meme.txt	MA1802.2	TRP5	WAAACCY	1.16e-1	1.00e0	9.27e2	412	206	206	206	67	66	32.04	54	26.21
442	data/reference/motifs/JASPAR2026_CORE_plants_non-redundant_pfms_meme.txt	MA1793.2	NID1	TTATCC	5.00e-1	1.00e0	9.27e2	412	206	206	206	91	3	1.46	2	0.97
443	data/reference/motifs/JASPAR2026_CORE_plants_non-redundant_pfms_meme.txt	MA1408.2	FaEOBII	GTTAGGTA	9.15e-2	1.00e0	9.27e2	412	206	206	206	20	82	39.81	68	33.01
444	data/reference/motifs/JASPAR2026_CORE_plants_non-redundant_pfms_meme.txt	MA1400.2	AT1G19000	WWWTGGATAAGRW	2.05e-1	1.00e0	9.27e2	384	206	206	206	7	15	7.28	10	4.85
445	data/reference/motifs/JASPAR2026_CORE_plants_non-redundant_pfms_meme.txt	MA1398.3	KUA1	CTTATCCA	1.45e-1	1.00e0	9.27e2	412	206	206	206	20	29	14.08	21	10.19
446	data/reference/motifs/JASPAR2026_CORE_plants_non-redundant_pfms_meme.txt	MA1397.2	AT1G74840	WWTGGATAA	1.35e-1	1.00e0	9.27e2	410	206	206	206	6	128	62.14	116	56.31
447	data/reference/motifs/JASPAR2026_CORE_plants_non-redundant_pfms_meme.txt	MA1196.2	AT5G05790	AWYCTTATCYTNWT	5.00e-1	1.00e0	9.27e2	411	206	206	206	2	204	99.03	203	98.54
448	data/reference/motifs/JASPAR2026_CORE_plants_non-redundant_pfms_meme.txt	MA1195.2	AT5G56840	AAYCTTATCCAWWW	2.49e-1	1.00e0	9.27e2	407	206	206	206	13	2	0.97	0	0.00
449	data/reference/motifs/JASPAR2026_CORE_plants_non-redundant_pfms_meme.txt	MA1194.2	AT3G10580	DWDWRGATAAGVWT	5.00e-1	1.00e0	9.27e2	411	206	206	206	15	3	1.46	2	0.97
450	data/reference/motifs/JASPAR2026_CORE_plants_non-redundant_pfms_meme.txt	MA1193.2	AT2G38090	WDWGGATAAGDAT	3.43e-1	1.00e0	9.27e2	406	206	206	206	1	204	99.03	202	98.06
451	data/reference/motifs/JASPAR2026_CORE_plants_non-redundant_pfms_meme.txt	MA1192.2	DIV1	WRGATAAGRTT	2.43e-1	1.00e0	9.27e2	409	206	206	206	3	179	86.89	173	83.98
452	data/reference/motifs/JASPAR2026_CORE_plants_non-redundant_pfms_meme.txt	MA1189.2	AT5G61620	WWWTGGATAAGRWW	1.69e-1	1.00e0	9.27e2	411	206	206	206	2	203	98.54	199	96.60
453	data/reference/motifs/JASPAR2026_CORE_plants_non-redundant_pfms_meme.txt	MA1186.2	YAB4	AWYCTTATCYW	5.00e-1	1.00e0	9.27e2	412	206	206	206	4	201	97.57	200	97.09
454	data/reference/motifs/JASPAR2026_CORE_plants_non-redundant_pfms_meme.txt	MA1182.2	RVE8	AGATATTTT	1.17e-1	1.00e0	9.27e2	382	206	206	206	3	121	58.74	108	52.43
455	data/reference/motifs/JASPAR2026_CORE_plants_non-redundant_pfms_meme.txt	MA0579.2	CDC5	GCTCAGCGC	5.40e-1	1.00e0	9.27e2	349	206	206	206	2	123	59.71	123	59.71
456	data/reference/motifs/JASPAR2026_CORE_plants_non-redundant_pfms_meme.txt	MA2042.2	MYB58	CCACCAACC	1.90e-1	1.00e0	9.27e2	412	206	206	206	3	202	98.06	198	96.12
457	data/reference/motifs/JASPAR2026_CORE_plants_non-redundant_pfms_meme.txt	MA2041.2	MYB13	YCACCAACCA	3.12e-1	1.00e0	9.27e2	411	206	206	206	29	3	1.46	1	0.49
458	data/reference/motifs/JASPAR2026_CORE_plants_non-redundant_pfms_meme.txt	MA2030.2	MYB96	MCCAACTACCA	4.20e-1	1.00e0	9.27e2	407	206	206	206	14	14	6.80	12	5.83
459	data/reference/motifs/JASPAR2026_CORE_plants_non-redundant_pfms_meme.txt	MA2026.2	MYB108	TACCTAACTT	9.85e-2	1.00e0	9.27e2	408	206	206	206	10	15	7.28	8	3.88
460	data/reference/motifs/JASPAR2026_CORE_plants_non-redundant_pfms_meme.txt	MA2025.2	MYB93	TACCAAAC	8.89e-2	1.00e0	9.27e2	412	206	206	206	25	14	6.80	7	3.40
461	data/reference/motifs/JASPAR2026_CORE_plants_non-redundant_pfms_meme.txt	MA2024.2	MYB63	YCACCTACCAC	2.48e-1	1.00e0	9.27e2	392	206	206	206	8	35	16.99	29	14.08
462	data/reference/motifs/JASPAR2026_CORE_plants_non-redundant_pfms_meme.txt	MA2008.2	MYB99	CACCTAMY	2.67e-1	1.00e0	9.27e2	374	206	206	206	5	43	20.87	37	17.96
463	data/reference/motifs/JASPAR2026_CORE_plants_non-redundant_pfms_meme.txt	MA1781.2	MYB94	CCAACYACYW	2.49e-1	1.00e0	9.27e2	410	206	206	206	18	2	0.97	0	0.00
464	data/reference/motifs/JASPAR2026_CORE_plants_non-redundant_pfms_meme.txt	MA1779.2	MYB83	CACCAACM	1.24e-1	1.00e0	9.27e2	412	206	206	206	11	174	84.47	164	79.61
465	data/reference/motifs/JASPAR2026_CORE_plants_non-redundant_pfms_meme.txt	MA1774.2	MYB60	YCAACYACYT	5.00e-1	1.00e0	9.27e2	409	206	206	206	1	205	99.51	204	99.03
466	data/reference/motifs/JASPAR2026_CORE_plants_non-redundant_pfms_meme.txt	MA1773.2	MYB51	YYYACCWACYW	4.20e-1	1.00e0	9.27e2	402	206	206	206	2	194	94.17	192	93.20
467	data/reference/motifs/JASPAR2026_CORE_plants_non-redundant_pfms_meme.txt	MA1772.2	MYB43	YTYACCWAMCWT	1.08e-1	1.00e0	9.27e2	361	206	206	206	2	140	67.96	127	61.65
468	data/reference/motifs/JASPAR2026_CORE_plants_non-redundant_pfms_meme.txt	MA1770.2	MYB40	YTYACCWAMY	1.01e-1	1.00e0	9.27e2	396	206	206	206	1	201	97.57	195	94.66
469	data/reference/motifs/JASPAR2026_CORE_plants_non-redundant_pfms_meme.txt	MA1769.2	MYB39	YYCACCTAMYTT	2.65e-1	1.00e0	9.27e2	401	206	206	206	7	42	20.39	36	17.48
470	data/reference/motifs/JASPAR2026_CORE_plants_non-redundant_pfms_meme.txt	MA1768.2	MYB30	CCAACYACCAMC	4.05e-1	1.00e0	9.27e2	412	206	206	206	5	164	79.61	161	78.16
471	data/reference/motifs/JASPAR2026_CORE_plants_non-redundant_pfms_meme.txt	MA1767.2	MYB23	CAACWA	1.51e-1	1.00e0	9.27e2	412	206	206	206	9	139	67.48	128	62.14
472	data/reference/motifs/JASPAR2026_CORE_plants_non-redundant_pfms_meme.txt	MA1765.2	MYB121	TACCTAACW	1.71e-1	1.00e0	9.27e2	408	206	206	206	5	145	70.39	135	65.53
473	data/reference/motifs/JASPAR2026_CORE_plants_non-redundant_pfms_meme.txt	MA1764.2	MYB116	TGCCTAACTT	1.66e-1	1.00e0	9.27e2	290	206	206	206	1	150	72.82	140	67.96
474	data/reference/motifs/JASPAR2026_CORE_plants_non-redundant_pfms_meme.txt	MA1393.3	MYB70	AACCGTT	1.21e-1	1.00e0	9.27e2	412	206	206	206	13	53	25.73	42	20.39
475	data/reference/motifs/JASPAR2026_CORE_plants_non-redundant_pfms_meme.txt	MA1392.3	MYB98	WMCGTTAC	1.58e-1	1.00e0	9.27e2	388	206	206	206	6	44	21.36	35	16.99
476	data/reference/motifs/JASPAR2026_CORE_plants_non-redundant_pfms_meme.txt	MA1391.3	MYB33	ATAACCGTAW	1.30e-1	1.00e0	9.27e2	411	206	206	206	2	202	98.06	197	95.63
477	data/reference/motifs/JASPAR2026_CORE_plants_non-redundant_pfms_meme.txt	MA1294.2	MYB62	WAGTTAGGY	1.61e-1	1.00e0	9.27e2	410	206	206	206	4	170	82.52	161	78.16
478	data/reference/motifs/JASPAR2026_CORE_plants_non-redundant_pfms_meme.txt	MA1293.2	MYB57	TACCTAACTT	3.83e-1	1.00e0	9.27e2	184	206	206	206	1	94	45.63	90	43.69
479	data/reference/motifs/JASPAR2026_CORE_plants_non-redundant_pfms_meme.txt	MA1292.2	MYB27	AAAAATTAGGTA	3.86e-1	1.00e0	9.27e2	199	206	206	206	2	29	14.08	26	12.62
480	data/reference/motifs/JASPAR2026_CORE_plants_non-redundant_pfms_meme.txt	MA1180.2	MYB3R4	WWWTRACCGTTR	5.00e-1	1.00e0	9.27e2	260	206	206	206	9	1	0.49	0	0.00
481	data/reference/motifs/JASPAR2026_CORE_plants_non-redundant_pfms_meme.txt	MA1172.2	MYB3R5	AAWWDTDACCGTTR	3.12e-1	1.00e0	9.27e2	240	206	206	206	6	3	1.46	1	0.49
482	data/reference/motifs/JASPAR2026_CORE_plants_non-redundant_pfms_meme.txt	MA1171.2	MYB52	ACCGTTA	2.64e-1	1.00e0	9.27e2	279	206	206	206	1	143	69.42	136	66.02
483	data/reference/motifs/JASPAR2026_CORE_plants_non-redundant_pfms_meme.txt	MA1170.2	MYB118	RWCCGTTACRWW	3.03e-1	1.00e0	9.27e2	268	206	206	206	1	137	66.50	131	63.59
484	data/reference/motifs/JASPAR2026_CORE_plants_non-redundant_pfms_meme.txt	MA1030.2	P0510F09.23	WRMCCTA	9.65e-2	1.00e0	9.27e2	412	206	206	206	33	52	25.24	40	19.42
485	data/reference/motifs/JASPAR2026_CORE_plants_non-redundant_pfms_meme.txt	MA0034.2	Gam1	YAACCGMC	2.99e-1	1.00e0	9.27e2	412	206	206	206	13	143	69.42	137	66.50
486	data/reference/motifs/JASPAR2026_CORE_plants_non-redundant_pfms_meme.txt	MA2023.2	PHL4	RGAATATTCC	1.32e-1	1.00e0	9.27e2	303	206	206	206	1	157	76.21	146	70.87
487	data/reference/motifs/JASPAR2026_CORE_plants_non-redundant_pfms_meme.txt	MA1830.2	Zm00001d015407	AAGGAATATTCTTTTT	2.25e-1	1.00e0	9.27e2	386	206	206	206	11	5	2.43	2	0.97
488	data/reference/motifs/JASPAR2026_CORE_plants_non-redundant_pfms_meme.txt	MA1737.2	AT5G05090	AGATHCG	2.24e-1	1.00e0	9.27e2	412	206	206	206	16	64	31.07	56	27.18
489	data/reference/motifs/JASPAR2026_CORE_plants_non-redundant_pfms_meme.txt	MA1735.2	AT2G38300	AAHATTCYHT	3.29e-1	1.00e0	9.27e2	412	206	206	206	11	58	28.16	53	25.73
490	data/reference/motifs/JASPAR2026_CORE_plants_non-redundant_pfms_meme.txt	MA1706.2	AT1G14600	WAYATTCT	1.10e-1	1.00e0	9.27e2	412	206	206	206	76	47	22.82	36	17.48
491	data/reference/motifs/JASPAR2026_CORE_plants_non-redundant_pfms_meme.txt	MA1390.3	HHO2	AAGATTCC	3.43e-1	1.00e0	9.27e2	412	206	206	206	21	4	1.94	2	0.97
492	data/reference/motifs/JASPAR2026_CORE_plants_non-redundant_pfms_meme.txt	MA1389.2	PHL1	AARGAATATTCB	2.24e-1	1.00e0	9.27e2	335	206	206	206	1	171	83.01	164	79.61
493	data/reference/motifs/JASPAR2026_CORE_plants_non-redundant_pfms_meme.txt	MA1388.2	PHL2	VGAATMT	1.72e-1	1.00e0	9.27e2	411	206	206	206	14	18	8.74	12	5.83
494	data/reference/motifs/JASPAR2026_CORE_plants_non-redundant_pfms_meme.txt	MA1387.2	HRS1	ATCRAAGATTCY	5.00e-1	1.00e0	9.27e2	404	206	206	206	9	13	6.31	12	5.83
495	data/reference/motifs/JASPAR2026_CORE_plants_non-redundant_pfms_meme.txt	MA1386.3	HHO3	AAGATTCT	1.79e-1	1.00e0	9.27e2	412	206	206	206	13	39	18.93	31	15.05
496	data/reference/motifs/JASPAR2026_CORE_plants_non-redundant_pfms_meme.txt	MA1385.2	AT2G40260	AAHATTCTYT	1.26e-1	1.00e0	9.27e2	412	206	206	206	14	13	6.31	7	3.40
497	data/reference/motifs/JASPAR2026_CORE_plants_non-redundant_pfms_meme.txt	MA1383.2	KAN2	AATATTCTTT	2.14e-1	1.00e0	9.27e2	410	206	206	206	7	96	46.60	87	42.23
498	data/reference/motifs/JASPAR2026_CORE_plants_non-redundant_pfms_meme.txt	MA1167.2	EFM	RGAATATTC	1.37e-1	1.00e0	9.27e2	397	206	206	206	8	14	6.80	8	3.88
499	data/reference/motifs/JASPAR2026_CORE_plants_non-redundant_pfms_meme.txt	MA1165.3	HHO6	AGATTCT	5.83e-1	1.00e0	9.27e2	412	206	206	206	19	12	5.83	12	5.83
500	data/reference/motifs/JASPAR2026_CORE_plants_non-redundant_pfms_meme.txt	MA1164.2	HHO5	RAAGATTC	5.00e-1	1.00e0	9.27e2	405	206	206	206	11	8	3.88	7	3.40
501	data/reference/motifs/JASPAR2026_CORE_plants_non-redundant_pfms_meme.txt	MA1163.3	PHL11	AGAATATTCT	9.85e-2	1.00e0	9.27e2	370	206	206	206	2	189	91.75	180	87.38
502	data/reference/motifs/JASPAR2026_CORE_plants_non-redundant_pfms_meme.txt	MA1409.2	OsRR22	AGATACGST	2.68e-1	1.00e0	9.27e2	409	206	206	206	3	185	89.81	180	87.38
503	data/reference/motifs/JASPAR2026_CORE_plants_non-redundant_pfms_meme.txt	MA0949.2	ARR2	MGWATCTT	1.31e-1	1.00e0	9.27e2	411	206	206	206	9	82	39.81	70	33.98
504	data/reference/motifs/JASPAR2026_CORE_plants_non-redundant_pfms_meme.txt	MA0948.2	ARR18	AGATACG	3.46e-1	1.00e0	9.27e2	412	206	206	206	28	92	44.66	87	42.23
505	data/reference/motifs/JASPAR2026_CORE_plants_non-redundant_pfms_meme.txt	MA0945.2	ARR1	RDATCT	9.77e-2	1.00e0	9.27e2	412	206	206	206	86	33	16.02	23	11.17
506	data/reference/motifs/JASPAR2026_CORE_plants_non-redundant_pfms_meme.txt	MA0121.2	ARR10	AGATHYK	9.85e-2	1.00e0	9.27e2	412	206	206	206	8	198	96.12	191	92.72
507	data/reference/motifs/JASPAR2026_CORE_plants_non-redundant_pfms_meme.txt	MA1794.2	NLP7	TGVCYYTT	2.25e-1	1.00e0	9.27e2	412	206	206	206	7	204	99.03	201	97.57
508	data/reference/motifs/JASPAR2026_CORE_plants_non-redundant_pfms_meme.txt	MA2022.2	LOB	CCGCCGCCGCMGC	5.00e-1	1.00e0	9.27e2	161	206	206	206	22	2	0.97	1	0.49
509	data/reference/motifs/JASPAR2026_CORE_plants_non-redundant_pfms_meme.txt	MA2021.2	LBD13	TCCACCGT	2.43e-1	1.00e0	9.27e2	403	206	206	206	4	179	86.89	173	83.98
510	data/reference/motifs/JASPAR2026_CORE_plants_non-redundant_pfms_meme.txt	MA1673.2	LBD18	GCCGGAAA	1.53e-1	1.00e0	9.27e2	409	206	206	206	15	31	15.05	23	11.17
511	data/reference/motifs/JASPAR2026_CORE_plants_non-redundant_pfms_meme.txt	MA1823.2	Zm00001d027846	AAAGAAAA	1.82e-1	1.00e0	9.27e2	412	206	206	206	50	174	84.47	166	80.58
512	data/reference/motifs/JASPAR2026_CORE_plants_non-redundant_pfms_meme.txt	MA1747.2	DOF4.3	WAAAGWRGCTTTW	4.60e-1	1.00e0	9.27e2	162	206	206	206	1	82	39.81	80	38.83
513	data/reference/motifs/JASPAR2026_CORE_plants_non-redundant_pfms_meme.txt	MA1281.2	DOF5.1	AAAAAGWAAAAARAAAAAR	3.44e-1	1.00e0	9.27e2	412	206	206	206	9	175	84.95	171	83.01
514	data/reference/motifs/JASPAR2026_CORE_plants_non-redundant_pfms_meme.txt	MA1280.2	DOF5.4	AAAAAGK	2.34e-1	1.00e0	9.27e2	412	206	206	206	11	192	93.20	187	90.78
515	data/reference/motifs/JASPAR2026_CORE_plants_non-redundant_pfms_meme.txt	MA1279.2	DOF1.5	AAADDAAAAAGTRAAA	3.92e-1	1.00e0	9.27e2	412	206	206	206	9	176	85.44	173	83.98
516	data/reference/motifs/JASPAR2026_CORE_plants_non-redundant_pfms_meme.txt	MA1278.2	DOF3.4	TTYTTTTTTWVCTTTTT	4.20e-1	1.00e0	9.27e2	412	206	206	206	9	194	94.17	192	93.20
517	data/reference/motifs/JASPAR2026_CORE_plants_non-redundant_pfms_meme.txt	MA1277.2	DOF1.7	AAAAAGTARAA	3.52e-1	1.00e0	9.27e2	412	206	206	206	16	170	82.52	166	80.58
518	data/reference/motifs/JASPAR2026_CORE_plants_non-redundant_pfms_meme.txt	MA1276.2	DOF3.5	AWAAAGK	3.86e-1	1.00e0	9.27e2	412	206	206	206	18	7	3.40	5	2.43
519	data/reference/motifs/JASPAR2026_CORE_plants_non-redundant_pfms_meme.txt	MA1275.2	DOF1.6	AWAAAGTR	2.72e-1	1.00e0	9.27e2	412	206	206	206	8	202	98.06	199	96.60
520	data/reference/motifs/JASPAR2026_CORE_plants_non-redundant_pfms_meme.txt	MA1273.2	DOF4.2	AAAAAGGYAAA	5.00e-1	1.00e0	9.27e2	412	206	206	206	7	162	78.64	161	78.16
521	data/reference/motifs/JASPAR2026_CORE_plants_non-redundant_pfms_meme.txt	MA1272.3	DOF2.2	AAAAAG	2.87e-1	1.00e0	9.27e2	411	206	206	206	6	156	75.73	150	72.82
522	data/reference/motifs/JASPAR2026_CORE_plants_non-redundant_pfms_meme.txt	MA1270.2	DOF3.2	TWACTTTTTNNYTTTT	5.92e-1	1.00e0	9.27e2	412	206	206	206	14	48	23.30	49	23.79
523	data/reference/motifs/JASPAR2026_CORE_plants_non-redundant_pfms_meme.txt	MA1269.2	DOF4.5	AWAAAGTWRCTTT	3.45e-1	1.00e0	9.27e2	412	206	206	206	12	89	43.20	84	40.78
524	data/reference/motifs/JASPAR2026_CORE_plants_non-redundant_pfms_meme.txt	MA1268.2	CDF5	TTYACTTTTTYTTTTTTTTTT	1.64e-1	1.00e0	9.27e2	411	206	206	206	4	195	94.66	189	91.75
525	data/reference/motifs/JASPAR2026_CORE_plants_non-redundant_pfms_meme.txt	MA1267.2	DOF5.8	TTTTTHYTTTTTACTTTTT	2.25e-1	1.00e0	9.27e2	412	206	206	206	5	204	99.03	201	97.57
526	data/reference/motifs/JASPAR2026_CORE_plants_non-redundant_pfms_meme.txt	MA1022.2	PHYPADRAFT_38837	AAAG	1.31e-1	1.00e0	9.27e2	412	206	206	206	137	194	94.17	187	90.78
527	data/reference/motifs/JASPAR2026_CORE_plants_non-redundant_pfms_meme.txt	MA0989.2	PHYPADRAFT_153324	WAAAG	2.19e-1	1.00e0	9.27e2	412	206	206	206	169	173	83.98	166	80.58
528	data/reference/motifs/JASPAR2026_CORE_plants_non-redundant_pfms_meme.txt	MA0984.2	DOF5.7	AAARR	4.17e-1	1.00e0	9.27e2	412	206	206	206	208	138	66.99	135	65.53
529	data/reference/motifs/JASPAR2026_CORE_plants_non-redundant_pfms_meme.txt	MA0982.2	DOF2.4	AAAG	1.38e-1	1.00e0	9.27e2	412	206	206	206	174	193	93.69	186	90.29
530	data/reference/motifs/JASPAR2026_CORE_plants_non-redundant_pfms_meme.txt	MA0981.2	DOF1.8	AAAG	1.31e-1	1.00e0	9.27e2	412	206	206	206	137	194	94.17	187	90.78
531	data/reference/motifs/JASPAR2026_CORE_plants_non-redundant_pfms_meme.txt	MA0974.3	CDF3	AAAAAGTG	1.64e-1	1.00e0	9.27e2	412	206	206	206	11	180	87.38	172	83.50
532	data/reference/motifs/JASPAR2026_CORE_plants_non-redundant_pfms_meme.txt	MA0973.2	CDF2	AAAAAGY	3.47e-1	1.00e0	9.27e2	412	206	206	206	49	108	52.43	103	50.00
533	data/reference/motifs/JASPAR2026_CORE_plants_non-redundant_pfms_meme.txt	MA0020.2	Dof2	AAAGC	1.24e-1	1.00e0	9.27e2	412	206	206	206	14	206	100.00	203	98.54
534	data/reference/motifs/JASPAR2026_CORE_plants_non-redundant_pfms_meme.txt	MA1396.2	GATA6	AGATCTAGAT	2.19e-1	1.00e0	9.27e2	304	206	206	206	3	60	29.13	52	25.24
535	data/reference/motifs/JASPAR2026_CORE_plants_non-redundant_pfms_meme.txt	MA1323.2	GATA19	GATCBGATY	5.00e-1	1.00e0	9.27e2	403	206	206	206	20	3	1.46	2	0.97
536	data/reference/motifs/JASPAR2026_CORE_plants_non-redundant_pfms_meme.txt	MA1017.2	GATA8	GATCY	4.60e-1	1.00e0	9.27e2	412	206	206	206	66	119	57.77	117	56.80
537	data/reference/motifs/JASPAR2026_CORE_plants_non-redundant_pfms_meme.txt	MA1016.2	GATA15	GATC	1.38e-1	1.00e0	9.27e2	412	206	206	206	92	193	93.69	186	90.29
538	data/reference/motifs/JASPAR2026_CORE_plants_non-redundant_pfms_meme.txt	MA1015.2	GATA12	AGATCT	5.00e-1	1.00e0	9.27e2	412	206	206	206	132	14	6.80	13	6.31
539	data/reference/motifs/JASPAR2026_CORE_plants_non-redundant_pfms_meme.txt	MA0585.2	AGL1	TTDCCWWWWWDGGWAA	2.46e-1	1.00e0	9.27e2	404	206	206	206	14	12	5.83	8	3.88
540	data/reference/motifs/JASPAR2026_CORE_plants_non-redundant_pfms_meme.txt	MA0584.2	SEP1	CCAWAWWTRGWAA	2.87e-1	1.00e0	9.27e2	392	206	206	206	8	32	15.53	27	13.11
541	data/reference/motifs/JASPAR2026_CORE_plants_non-redundant_pfms_meme.txt	MA0558.2	FLC	CCMAAAATRGAAAG	2.49e-1	1.00e0	9.27e2	410	206	206	206	1	206	100.00	204	99.03
542	data/reference/motifs/JASPAR2026_CORE_plants_non-redundant_pfms_meme.txt	MA0556.2	AP3	CCAAAARWRGAAA	4.20e-1	1.00e0	9.27e2	412	206	206	206	6	126	61.17	123	59.71
543	data/reference/motifs/JASPAR2026_CORE_plants_non-redundant_pfms_meme.txt	MA0555.2	SVP	WWWCCAAAAAWGGAAA	1.17e-1	1.00e0	9.27e2	394	206	206	206	4	97	47.09	84	40.78
544	data/reference/motifs/JASPAR2026_CORE_plants_non-redundant_pfms_meme.txt	MA0554.2	SOC1	TTTCCWTTTTTGG	4.31e-1	1.00e0	9.27e2	411	206	206	206	3	189	91.75	187	90.78
545	data/reference/motifs/JASPAR2026_CORE_plants_non-redundant_pfms_meme.txt	MA0082.2	squamosa	MCAWAWATRGWAA	3.20e-1	1.00e0	9.27e2	412	206	206	206	7	198	96.12	195	94.66
546	data/reference/motifs/JASPAR2026_CORE_plants_non-redundant_pfms_meme.txt	MA0005.3	AG	TTWCCWAAWHDGGHAA	3.43e-1	1.00e0	9.27e2	396	206	206	206	12	4	1.94	2	0.97
547	data/reference/motifs/JASPAR2026_CORE_plants_non-redundant_pfms_meme.txt	MA1807.2	ZHD10	TAATTART	8.74e-2	1.00e0	9.27e2	410	206	206	206	2	204	99.03	199	96.60
548	data/reference/motifs/JASPAR2026_CORE_plants_non-redundant_pfms_meme.txt	MA1375.2	ANL2	GCATTAATTR	9.92e-2	1.00e0	9.27e2	410	206	206	206	10	69	33.50	56	27.18
549	data/reference/motifs/JASPAR2026_CORE_plants_non-redundant_pfms_meme.txt	MA1327.3	ATHB-23	TAATTAA	1.35e-1	1.00e0	9.27e2	411	206	206	206	8	128	62.14	116	56.31
550	data/reference/motifs/JASPAR2026_CORE_plants_non-redundant_pfms_meme.txt	MA1215.2	ATHB-53	CAATAATTG	1.61e-1	1.00e0	9.27e2	410	206	206	206	4	181	87.86	173	83.98
551	data/reference/motifs/JASPAR2026_CORE_plants_non-redundant_pfms_meme.txt	MA1214.2	ATHB-40	ACCAATAATTG	1.40e-1	1.00e0	9.27e2	403	206	206	206	3	178	86.41	169	82.04
552	data/reference/motifs/JASPAR2026_CORE_plants_non-redundant_pfms_meme.txt	MA1209.2	ATHB-20	YAATAATT	2.49e-1	1.00e0	9.27e2	399	206	206	206	16	2	0.97	0	0.00
553	data/reference/motifs/JASPAR2026_CORE_plants_non-redundant_pfms_meme.txt	MA1198.2	HAT2	YAATCATT	9.47e-2	1.00e0	9.27e2	412	206	206	206	8	167	81.07	155	75.24
554	data/reference/motifs/JASPAR2026_CORE_plants_non-redundant_pfms_meme.txt	MA0008.4	HAT5	CAATAATTG	1.78e-1	1.00e0	9.27e2	407	206	206	206	9	79	38.35	69	33.50
555	data/reference/motifs/JASPAR2026_CORE_plants_non-redundant_pfms_meme.txt	MA2020.2	HSFB4	GAAGTTTCCR	4.60e-1	1.00e0	9.27e2	397	206	206	206	4	119	57.77	117	56.80
556	data/reference/motifs/JASPAR2026_CORE_plants_non-redundant_pfms_meme.txt	MA2019.2	HSFA1B	GAAACTTC	5.00e-1	1.00e0	9.27e2	411	206	206	206	1	206	100.00	205	99.51
557	data/reference/motifs/JASPAR2026_CORE_plants_non-redundant_pfms_meme.txt	MA1759.2	HSFA4A	AGAAGCTTCTAGAA	2.25e-1	1.00e0	9.27e2	264	206	206	206	6	5	2.43	2	0.97
558	data/reference/motifs/JASPAR2026_CORE_plants_non-redundant_pfms_meme.txt	MA1666.3	HSFB2B	RGAAGSTTCTA	1.36e-1	1.00e0	9.27e2	375	206	206	206	2	169	82.04	159	77.18
559	data/reference/motifs/JASPAR2026_CORE_plants_non-redundant_pfms_meme.txt	MA1805.2	WRKY53	RGTCAAC	1.62e-1	1.00e0	9.27e2	412	206	206	206	11	189	91.75	182	88.35
560	data/reference/motifs/JASPAR2026_CORE_plants_non-redundant_pfms_meme.txt	MA1318.2	WRKY27	CGTTGACTTTT	3.33e-1	1.00e0	9.27e2	277	206	206	206	3	30	14.56	26	12.62
561	data/reference/motifs/JASPAR2026_CORE_plants_non-redundant_pfms_meme.txt	MA1317.2	WRKY50	TTGACTTTT	2.09e-1	1.00e0	9.27e2	391	206	206	206	6	36	17.48	29	14.08
562	data/reference/motifs/JASPAR2026_CORE_plants_non-redundant_pfms_meme.txt	MA1316.2	WRKY71	AAAAGTCAAC	2.43e-1	1.00e0	9.27e2	361	206	206	206	4	52	25.24	45	21.84
563	data/reference/motifs/JASPAR2026_CORE_plants_non-redundant_pfms_meme.txt	MA1315.2	WRKY24	CGTTGACTTTT	5.00e-1	1.00e0	9.27e2	339	206	206	206	6	11	5.34	10	4.85
564	data/reference/motifs/JASPAR2026_CORE_plants_non-redundant_pfms_meme.txt	MA1314.2	WRKY14	AAAGTCAACG	5.00e-1	1.00e0	9.27e2	338	206	206	206	4	29	14.08	28	13.59
565	data/reference/motifs/JASPAR2026_CORE_plants_non-redundant_pfms_meme.txt	MA1313.2	WRKY7	CGTTGACTTTT	2.87e-1	1.00e0	9.27e2	224	206	206	206	4	8	3.88	5	2.43
566	data/reference/motifs/JASPAR2026_CORE_plants_non-redundant_pfms_meme.txt	MA1312.2	WRKY47	CGTTGACYW	4.14e-1	1.00e0	9.27e2	392	206	206	206	8	12	5.83	10	4.85
567	data/reference/motifs/JASPAR2026_CORE_plants_non-redundant_pfms_meme.txt	MA1311.3	WRKY28	RGTCAAC	1.24e-1	1.00e0	9.27e2	412	206	206	206	23	3	1.46	0	0.00
568	data/reference/motifs/JASPAR2026_CORE_plants_non-redundant_pfms_meme.txt	MA1310.2	WRKY42	CGTTGACT	5.00e-1	1.00e0	9.27e2	354	206	206	206	8	3	1.46	2	0.97
569	data/reference/motifs/JASPAR2026_CORE_plants_non-redundant_pfms_meme.txt	MA1308.2	WRKY70	CGTTGACTTT	5.69e-1	1.00e0	9.27e2	240	206	206	206	3	18	8.74	18	8.74
570	data/reference/motifs/JASPAR2026_CORE_plants_non-redundant_pfms_meme.txt	MA1307.3	WRKY31	RGTCAACG	5.49e-1	1.00e0	9.27e2	402	206	206	206	7	41	19.90	41	19.90
571	data/reference/motifs/JASPAR2026_CORE_plants_non-redundant_pfms_meme.txt	MA1306.2	WRKY11	CGTTGACTTTT	3.46e-1	1.00e0	9.27e2	338	206	206	206	5	15	7.28	12	5.83
572	data/reference/motifs/JASPAR2026_CORE_plants_non-redundant_pfms_meme.txt	MA1305.2	WRKY55	CGTTGACTT	2.49e-1	1.00e0	9.27e2	360	206	206	206	10	2	0.97	0	0.00
573	data/reference/motifs/JASPAR2026_CORE_plants_non-redundant_pfms_meme.txt	MA1303.2	WRKY22	AAAGTCAACK	3.28e-1	1.00e0	9.27e2	333	206	206	206	4	28	13.59	24	11.65
574	data/reference/motifs/JASPAR2026_CORE_plants_non-redundant_pfms_meme.txt	MA1302.2	WRKY65	AAAGTCAACG	5.00e-1	1.00e0	9.27e2	361	206	206	206	8	4	1.94	3	1.46
575	data/reference/motifs/JASPAR2026_CORE_plants_non-redundant_pfms_meme.txt	MA1301.2	WRKY33	AAAGTCAACG	2.99e-1	1.00e0	9.27e2	338	206	206	206	4	37	17.96	32	15.53
576	data/reference/motifs/JASPAR2026_CORE_plants_non-redundant_pfms_meme.txt	MA1300.2	WRKY6	CGTTGACT	5.00e-1	1.00e0	9.27e2	313	206	206	206	8	2	0.97	1	0.49
577	data/reference/motifs/JASPAR2026_CORE_plants_non-redundant_pfms_meme.txt	MA1299.2	WRKY17	AAAGTCAACG	2.49e-1	1.00e0	9.27e2	354	206	206	206	9	2	0.97	0	0.00
578	data/reference/motifs/JASPAR2026_CORE_plants_non-redundant_pfms_meme.txt	MA1298.2	WRKY29	AAAGTCAAC	3.28e-1	1.00e0	9.27e2	391	206	206	206	1	197	95.63	194	94.17
579	data/reference/motifs/JASPAR2026_CORE_plants_non-redundant_pfms_meme.txt	MA1297.2	WRKY26	AAAAGTCAACG	5.00e-1	1.00e0	9.27e2	331	206	206	206	8	2	0.97	1	0.49
580	data/reference/motifs/JASPAR2026_CORE_plants_non-redundant_pfms_meme.txt	MA1295.2	WRKY20	CGTTGACY	2.49e-1	1.00e0	9.27e2	378	206	206	206	11	2	0.97	0	0.00
581	data/reference/motifs/JASPAR2026_CORE_plants_non-redundant_pfms_meme.txt	MA1094.3	WRKY8	AAAAGTCAACG	4.20e-1	1.00e0	9.27e2	369	206	206	206	6	14	6.80	12	5.83
582	data/reference/motifs/JASPAR2026_CORE_plants_non-redundant_pfms_meme.txt	MA1093.2	WRKY75	RGTCAAC	2.49e-1	1.00e0	9.27e2	364	206	206	206	10	2	0.97	0	0.00
583	data/reference/motifs/JASPAR2026_CORE_plants_non-redundant_pfms_meme.txt	MA1092.2	WRKY63	GGTCAA	1.24e-1	1.00e0	9.27e2	399	206	206	206	13	3	1.46	0	0.00
584	data/reference/motifs/JASPAR2026_CORE_plants_non-redundant_pfms_meme.txt	MA1090.2	WRKY60	GGTCAAC	3.74e-1	1.00e0	9.27e2	400	206	206	206	2	186	90.29	183	88.83
585	data/reference/motifs/JASPAR2026_CORE_plants_non-redundant_pfms_meme.txt	MA1089.2	WRKY57	RGTCAA	1.01e-1	1.00e0	9.27e2	412	206	206	206	73	11	5.34	5	2.43
586	data/reference/motifs/JASPAR2026_CORE_plants_non-redundant_pfms_meme.txt	MA1088.2	WRKY48	GTCAA	2.26e-1	1.00e0	9.27e2	412	206	206	206	74	170	82.52	163	79.13
587	data/reference/motifs/JASPAR2026_CORE_plants_non-redundant_pfms_meme.txt	MA1087.3	WRKY45	AAAAGTCAAM	2.00e-1	1.00e0	9.27e2	410	206	206	206	4	166	80.58	158	76.70
588	data/reference/motifs/JASPAR2026_CORE_plants_non-redundant_pfms_meme.txt	MA1086.2	WRKY43	RGTCAA	2.40e-1	1.00e0	9.27e2	412	206	206	206	58	163	79.13	156	75.73
589	data/reference/motifs/JASPAR2026_CORE_plants_non-redundant_pfms_meme.txt	MA1083.3	WRKY30	ARGTCAACG	1.86e-1	1.00e0	9.27e2	398	206	206	206	11	4	1.94	1	0.49
590	data/reference/motifs/JASPAR2026_CORE_plants_non-redundant_pfms_meme.txt	MA1081.3	WRKY25	RGTCAACG	3.62e-1	1.00e0	9.27e2	404	206	206	206	1	203	98.54	201	97.57
591	data/reference/motifs/JASPAR2026_CORE_plants_non-redundant_pfms_meme.txt	MA1079.3	WRKY21	AAAAGTCAACG	2.35e-1	1.00e0	9.27e2	368	206	206	206	4	47	22.82	40	19.42
592	data/reference/motifs/JASPAR2026_CORE_plants_non-redundant_pfms_meme.txt	MA1078.2	WRKY2	GGTCAAM	1.24e-1	1.00e0	9.27e2	409	206	206	206	17	3	1.46	0	0.00
593	data/reference/motifs/JASPAR2026_CORE_plants_non-redundant_pfms_meme.txt	MA1077.2	WRKY18	RGTCAA	1.69e-1	1.00e0	9.27e2	412	206	206	206	21	7	3.40	3	1.46
594	data/reference/motifs/JASPAR2026_CORE_plants_non-redundant_pfms_meme.txt	MA1076.3	WRKY15	RGTCAACG	1.42e-1	1.00e0	9.27e2	404	206	206	206	1	204	99.03	200	97.09
595	data/reference/motifs/JASPAR2026_CORE_plants_non-redundant_pfms_meme.txt	MA0589.2	WRKY1	TTGACCGAGY	1.24e-1	1.00e0	9.27e2	302	206	206	206	8	3	1.46	0	0.00
596	data/reference/motifs/JASPAR2026_CORE_plants_non-redundant_pfms_meme.txt	MA2053.2	NAC105	CAAGCAACC	3.12e-1	1.00e0	9.27e2	412	206	206	206	23	3	1.46	1	0.49
597	data/reference/motifs/JASPAR2026_CORE_plants_non-redundant_pfms_meme.txt	MA2051.2	NAC68	ACAAGTAW	2.55e-1	1.00e0	9.27e2	412	206	206	206	30	23	11.17	18	8.74
598	data/reference/motifs/JASPAR2026_CORE_plants_non-redundant_pfms_meme.txt	MA2050.2	NAC101	CAAGCAA	5.00e-1	1.00e0	9.27e2	412	206	206	206	16	164	79.61	163	79.13
599	data/reference/motifs/JASPAR2026_CORE_plants_non-redundant_pfms_meme.txt	MA2049.2	NAC053	CAAGAAA	2.76e-1	1.00e0	9.27e2	412	206	206	206	12	118	57.28	111	53.88
600	data/reference/motifs/JASPAR2026_CORE_plants_non-redundant_pfms_meme.txt	MA2046.2	NAC035	CACGGCA	2.49e-1	1.00e0	9.27e2	411	206	206	206	2	206	100.00	204	99.03
601	data/reference/motifs/JASPAR2026_CORE_plants_non-redundant_pfms_meme.txt	MA2045.2	NAC031	TTRCKTGTWNHACAAGTWA	2.50e-1	1.00e0	9.27e2	185	206	206	206	2	57	27.67	50	24.27
602	data/reference/motifs/JASPAR2026_CORE_plants_non-redundant_pfms_meme.txt	MA2043.2	NAC004	CAAGAAA	1.80e-1	1.00e0	9.27e2	412	206	206	206	15	134	65.05	124	60.19
603	data/reference/motifs/JASPAR2026_CORE_plants_non-redundant_pfms_meme.txt	MA2033.2	NAC038	TTDCKTGTDNHACAAGTWA	3.43e-1	1.00e0	9.27e2	123	206	206	206	4	4	1.94	2	0.97
604	data/reference/motifs/JASPAR2026_CORE_plants_non-redundant_pfms_meme.txt	MA2018.2	NAC69	ACAAGGCA	5.00e-1	1.00e0	9.27e2	412	206	206	206	23	4	1.94	3	1.46
605	data/reference/motifs/JASPAR2026_CORE_plants_non-redundant_pfms_meme.txt	MA1787.2	NAC047	ACACGTMWCT	1.24e-1	1.00e0	9.27e2	404	206	206	206	11	18	8.74	11	5.34
606	data/reference/motifs/JASPAR2026_CORE_plants_non-redundant_pfms_meme.txt	MA1785.2	NAC018	ACACGYAACY	1.24e-1	1.00e0	9.27e2	387	206	206	206	9	18	8.74	11	5.34
607	data/reference/motifs/JASPAR2026_CORE_plants_non-redundant_pfms_meme.txt	MA1678.3	NTL8	GAAGAAAC	2.12e-1	1.00e0	9.27e2	412	206	206	206	17	89	43.20	80	38.83
608	data/reference/motifs/JASPAR2026_CORE_plants_non-redundant_pfms_meme.txt	MA1677.2	NAC078	CAAGAAA	1.33e-1	1.00e0	9.27e2	412	206	206	206	15	86	41.75	74	35.92
609	data/reference/motifs/JASPAR2026_CORE_plants_non-redundant_pfms_meme.txt	MA1676.3	NAC062	TAAGTAA	2.70e-1	1.00e0	9.27e2	412	206	206	206	29	79	38.35	72	34.95
610	data/reference/motifs/JASPAR2026_CORE_plants_non-redundant_pfms_meme.txt	MA1813.2	EIL4	TWCAATGAA	3.01e-1	1.00e0	9.27e2	411	206	206	206	9	140	67.96	134	65.05
611	data/reference/motifs/JASPAR2026_CORE_plants_non-redundant_pfms_meme.txt	MA1682.2	TCX3	AAATTCAAATWT	9.49e-2	1.00e0	9.27e2	411	206	206	206	9	154	74.76	141	68.45
612	data/reference/motifs/JASPAR2026_CORE_plants_non-redundant_pfms_meme.txt	MA1809.2	GLYMA-07G038400	CTGACAC	2.21e-1	1.00e0	9.27e2	412	206	206	206	9	194	94.17	189	91.75
613	data/reference/motifs/JASPAR2026_CORE_plants_non-redundant_pfms_meme.txt	MA1756.2	GRF9	TGTCAGA	3.42e-1	1.00e0	9.27e2	403	206	206	206	7	34	16.50	30	14.56
614	data/reference/motifs/JASPAR2026_CORE_plants_non-redundant_pfms_meme.txt	MA2016.2	GRF6	TCTGACA	2.49e-1	1.00e0	9.27e2	286	206	206	206	8	2	0.97	0	0.00
615	data/reference/motifs/JASPAR2026_CORE_plants_non-redundant_pfms_meme.txt	MA1736.2	AT5G04390	TCACT	1.16e-1	1.00e0	9.27e2	412	206	206	206	20	66	32.04	54	26.21
616	data/reference/motifs/JASPAR2026_CORE_plants_non-redundant_pfms_meme.txt	MA1415.2	REF6	RAAACAGAG	2.35e-1	1.00e0	9.27e2	392	206	206	206	3	138	66.99	130	63.11
617	data/reference/motifs/JASPAR2026_CORE_plants_non-redundant_pfms_meme.txt	MA1405.2	SIZF2	ACTGACAGT	2.58e-1	1.00e0	9.27e2	399	206	206	206	9	64	31.07	57	27.67
618	data/reference/motifs/JASPAR2026_CORE_plants_non-redundant_pfms_meme.txt	MA1381.2	AT3G46070	TCACTCT	3.08e-1	1.00e0	9.27e2	412	206	206	206	10	125	60.68	119	57.77
619	data/reference/motifs/JASPAR2026_CORE_plants_non-redundant_pfms_meme.txt	MA1374.2	IDD7	ASAAAACGACAAAA	5.00e-1	1.00e0	9.27e2	298	206	206	206	4	17	8.25	16	7.77
620	data/reference/motifs/JASPAR2026_CORE_plants_non-redundant_pfms_meme.txt	MA1372.2	ZAT10	CACTNHCACT	5.00e-1	1.00e0	9.27e2	412	206	206	206	31	4	1.94	3	1.46
621	data/reference/motifs/JASPAR2026_CORE_plants_non-redundant_pfms_meme.txt	MA1371.2	IDD4	ASAAAAMGACAAAAA	1.24e-1	1.00e0	9.27e2	315	206	206	206	7	3	1.46	0	0.00
622	data/reference/motifs/JASPAR2026_CORE_plants_non-redundant_pfms_meme.txt	MA1370.2	IDD5	TTTTGTCGTTTWST	2.35e-1	1.00e0	9.27e2	304	206	206	206	5	11	5.34	7	3.40
623	data/reference/motifs/JASPAR2026_CORE_plants_non-redundant_pfms_meme.txt	MA1160.2	IDD6	TTTTTGTCGTTTTSTK	3.62e-1	1.00e0	9.27e2	315	206	206	206	6	5	2.43	3	1.46
624	data/reference/motifs/JASPAR2026_CORE_plants_non-redundant_pfms_meme.txt	MA1159.2	SGR5	AAAWAAGACAAAA	1.24e-1	1.00e0	9.27e2	409	206	206	206	1	206	100.00	203	98.54
625	data/reference/motifs/JASPAR2026_CORE_plants_non-redundant_pfms_meme.txt	MA1158.2	MGP	AAAACGACAAAAA	2.49e-1	1.00e0	9.27e2	305	206	206	206	6	2	0.97	0	0.00
626	data/reference/motifs/JASPAR2026_CORE_plants_non-redundant_pfms_meme.txt	MA1157.2	NUC	TTTTGTCGTTTT	5.00e-1	1.00e0	9.27e2	352	206	206	206	7	4	1.94	3	1.46
627	data/reference/motifs/JASPAR2026_CORE_plants_non-redundant_pfms_meme.txt	MA1156.2	JKD	TTTTGTCKTTTT	4.33e-1	1.00e0	9.27e2	405	206	206	206	8	20	9.71	18	8.74
628	data/reference/motifs/JASPAR2026_CORE_plants_non-redundant_pfms_meme.txt	MA1743.2	BZIP2	TGCTGACGTGGCA	6.88e-1	1.00e0	9.27e2	106	206	206	206	3	2	0.97	2	0.97
629	data/reference/motifs/JASPAR2026_CORE_plants_non-redundant_pfms_meme.txt	MA1341.2	BZIP53	TGCTGACGTGGCA	4.54e-1	1.00e0	9.27e2	96	206	206	206	1	49	23.79	47	22.82
630	data/reference/motifs/JASPAR2026_CORE_plants_non-redundant_pfms_meme.txt	MA1340.2	BZIP3	TGMTGACGTGGCA	5.00e-1	1.00e0	9.27e2	156	206	206	206	3	7	3.40	6	2.91
631	data/reference/motifs/JASPAR2026_CORE_plants_non-redundant_pfms_meme.txt	MA1337.2	BZIP44	WGCTGACGTGGCA	3.56e-1	1.00e0	9.27e2	82	206	206	206	1	43	20.87	39	18.93
632	data/reference/motifs/JASPAR2026_CORE_plants_non-redundant_pfms_meme.txt	MA1334.2	BZIP11	TGCCACGTCAGCA	6.32e-1	1.00e0	9.27e2	106	206	206	206	1	52	25.24	54	26.21
633	data/reference/motifs/JASPAR2026_CORE_plants_non-redundant_pfms_meme.txt	MA1744.2	BZIP30	GMCAGCTGK	1.18e-1	1.00e0	9.27e2	411	206	206	206	10	105	50.97	92	44.66
634	data/reference/motifs/JASPAR2026_CORE_plants_non-redundant_pfms_meme.txt	MA1343.2	BZIP52	TGMCAGCT	2.79e-1	1.00e0	9.27e2	346	206	206	206	6	16	7.77	12	5.83
635	data/reference/motifs/JASPAR2026_CORE_plants_non-redundant_pfms_meme.txt	MA0551.2	HY5	TGMCACGTGKCA	5.71e-1	1.00e0	9.27e2	125	206	206	206	4	17	8.25	17	8.25
636	data/reference/motifs/JASPAR2026_CORE_plants_non-redundant_pfms_meme.txt	MA1349.2	BZIP16	HSACGTGGCA	5.00e-1	1.00e0	9.27e2	140	206	206	206	4	2	0.97	1	0.49
637	data/reference/motifs/JASPAR2026_CORE_plants_non-redundant_pfms_meme.txt	MA0968.3	BZIP68	TGCCACGTSA	2.07e-1	1.00e0	9.27e2	261	206	206	206	1	135	65.53	126	61.17
638	data/reference/motifs/JASPAR2026_CORE_plants_non-redundant_pfms_meme.txt	MA1835.2	TFLG2-Zm00001d042777	GTACGTAC	1.62e-1	1.00e0	9.27e2	379	206	206	206	6	105	50.97	94	45.63
639	data/reference/motifs/JASPAR2026_CORE_plants_non-redundant_pfms_meme.txt	MA1346.2	TGA10	GMTGACGTCA	6.19e-1	1.00e0	9.27e2	248	206	206	206	1	123	59.71	125	60.68
640	data/reference/motifs/JASPAR2026_CORE_plants_non-redundant_pfms_meme.txt	MA1336.2	TGA3	RTGACGTCAKC	5.00e-1	1.00e0	9.27e2	143	206	206	206	3	7	3.40	6	2.91
641	data/reference/motifs/JASPAR2026_CORE_plants_non-redundant_pfms_meme.txt	MA1070.3	TGA7	ATGACGTCAB	5.00e-1	1.00e0	9.27e2	280	206	206	206	3	56	27.18	55	26.70
642	data/reference/motifs/JASPAR2026_CORE_plants_non-redundant_pfms_meme.txt	MA1068.3	TGA2	ATGACGTCAY	6.90e-1	1.00e0	9.27e2	188	206	206	206	1	92	44.66	96	46.60
643	data/reference/motifs/JASPAR2026_CORE_plants_non-redundant_pfms_meme.txt	MA1047.3	TGA5	ATGACGTCA	1.48e-1	1.00e0	9.27e2	385	206	206	206	6	74	35.92	63	30.58
644	data/reference/motifs/JASPAR2026_CORE_plants_non-redundant_pfms_meme.txt	MA0588.2	TGA1	SVTGACGT	7.55e-1	1.00e0	9.27e2	410	206	206	206	6	105	50.97	111	53.88
645	data/reference/motifs/JASPAR2026_CORE_plants_non-redundant_pfms_meme.txt	MA1417.2	O2	TGCCACGTCATC	6.90e-1	1.00e0	9.27e2	228	206	206	206	1	112	54.37	116	56.31
646	data/reference/motifs/JASPAR2026_CORE_plants_non-redundant_pfms_meme.txt	MA1344.2	BZIP28	TSACGTGGCA	1.70e-1	1.00e0	9.27e2	258	206	206	206	2	70	33.98	60	29.13
647	data/reference/motifs/JASPAR2026_CORE_plants_non-redundant_pfms_meme.txt	MA1659.2	ABF4	CCACGTS	2.25e-1	1.00e0	9.27e2	411	206	206	206	4	204	99.03	201	97.57
648	data/reference/motifs/JASPAR2026_CORE_plants_non-redundant_pfms_meme.txt	MA1338.3	DPBF3	TGMCACGTGTC	3.93e-1	1.00e0	9.27e2	231	206	206	206	5	8	3.88	6	2.91
649	data/reference/motifs/JASPAR2026_CORE_plants_non-redundant_pfms_meme.txt	MA0931.2	ABI5	GMCACGTG	1.39e-1	1.00e0	9.27e2	299	206	206	206	2	109	52.91	97	47.09
650	data/reference/motifs/JASPAR2026_CORE_plants_non-redundant_pfms_meme.txt	MA0930.3	ABF3	ACGTGTC	9.07e-2	1.00e0	9.27e2	412	206	206	206	6	185	89.81	175	84.95
651	data/reference/motifs/JASPAR2026_CORE_plants_non-redundant_pfms_meme.txt	MA1822.2	Zm00001d018571	GTACGTAC	1.89e-1	1.00e0	9.27e2	394	206	206	206	3	183	88.83	176	85.44
652	data/reference/motifs/JASPAR2026_CORE_plants_non-redundant_pfms_meme.txt	MA1828.2	Zm00001d038683	GTGGTCCA	3.20e-1	1.00e0	9.27e2	407	206	206	206	17	11	5.34	8	3.88
653	data/reference/motifs/JASPAR2026_CORE_plants_non-redundant_pfms_meme.txt	MA1430.2	TB1	GGSCCCCCC	3.00e-1	1.00e0	9.27e2	178	206	206	206	4	9	4.37	6	2.91
654	data/reference/motifs/JASPAR2026_CORE_plants_non-redundant_pfms_meme.txt	MA1428.2	TCP8	GGSCCCAC	1.85e-1	1.00e0	9.27e2	412	206	206	206	29	20	9.71	14	6.80
655	data/reference/motifs/JASPAR2026_CORE_plants_non-redundant_pfms_meme.txt	MA1289.2	TCP3	GGGACCAC	4.47e-1	1.00e0	9.27e2	174	206	206	206	2	34	16.50	32	15.53
656	data/reference/motifs/JASPAR2026_CORE_plants_non-redundant_pfms_meme.txt	MA1286.2	TCP24	GGGACCAC	5.00e-1	1.00e0	9.27e2	232	206	206	206	7	1	0.49	0	0.00
657	data/reference/motifs/JASPAR2026_CORE_plants_non-redundant_pfms_meme.txt	MA1282.2	TCP13	GTGGGGACCAC	4.17e-1	1.00e0	9.27e2	133	206	206	206	1	68	33.01	65	31.55
658	data/reference/motifs/JASPAR2026_CORE_plants_non-redundant_pfms_meme.txt	MA1064.2	TCP2	TGGKMCCA	1.14e-1	1.00e0	9.27e2	409	206	206	206	6	200	97.09	194	94.17
659	data/reference/motifs/JASPAR2026_CORE_plants_non-redundant_pfms_meme.txt	MA1063.2	TCP19	GGSCCCAC	1.85e-1	1.00e0	9.27e2	410	206	206	206	21	13	6.31	8	3.88
660	data/reference/motifs/JASPAR2026_CORE_plants_non-redundant_pfms_meme.txt	MA1054.2	ARALYDRAFT_897773	KGGGACCAC	1.24e-1	1.00e0	9.27e2	387	206	206	206	14	3	1.46	0	0.00
661	data/reference/motifs/JASPAR2026_CORE_plants_non-redundant_pfms_meme.txt	MA1031.2	OJ1581_H09.2	GGGCCC	1.26e-1	1.00e0	9.27e2	392	206	206	206	2	199	96.60	193	93.69
662	data/reference/motifs/JASPAR2026_CORE_plants_non-redundant_pfms_meme.txt	MA1019.2	Glyma19g26560.1	GGSCCCAC	1.47e-1	1.00e0	9.27e2	405	206	206	206	4	163	79.13	153	74.27
663	data/reference/motifs/JASPAR2026_CORE_plants_non-redundant_pfms_meme.txt	MA0587.2	TCP16	GTGGACCC	1.24e-1	1.00e0	9.27e2	309	206	206	206	9	3	1.46	0	0.00
664	data/reference/motifs/JASPAR2026_CORE_plants_non-redundant_pfms_meme.txt	MA1333.2	BEH3	YGCACGTGTG	7.19e-1	1.00e0	9.27e2	121	206	206	206	2	26	12.62	29	14.08
665	data/reference/motifs/JASPAR2026_CORE_plants_non-redundant_pfms_meme.txt	MA1332.2	BEH2	CACACGTGCR	8.76e-1	1.00e0	9.27e2	63	206	206	206	3	1	0.49	2	0.97
666	data/reference/motifs/JASPAR2026_CORE_plants_non-redundant_pfms_meme.txt	MA1331.2	BEH4	YGCACGTGTG	9.54e-1	1.00e0	9.27e2	72	206	206	206	1	30	14.56	42	20.39
667	data/reference/motifs/JASPAR2026_CORE_plants_non-redundant_pfms_meme.txt	MA0550.3	BZR1	CRCACGTGYR	7.40e-1	1.00e0	9.27e2	125	206	206	206	1	60	29.13	65	31.55
668	data/reference/motifs/JASPAR2026_CORE_plants_non-redundant_pfms_meme.txt	MA0549.2	BZR2	RCACGTGKSV	3.11e-1	1.00e0	9.27e2	198	206	206	206	1	102	49.51	96	46.60
669	data/reference/motifs/JASPAR2026_CORE_plants_non-redundant_pfms_meme.txt	MA1740.2	BHLH49	CACGTGC	3.59e-1	1.00e0	9.27e2	88	206	206	206	1	46	22.33	42	20.39
670	data/reference/motifs/JASPAR2026_CORE_plants_non-redundant_pfms_meme.txt	MA1739.2	BHLH122	CMACTTG	2.08e-1	1.00e0	9.27e2	370	206	206	206	1	188	91.26	182	88.35
671	data/reference/motifs/JASPAR2026_CORE_plants_non-redundant_pfms_meme.txt	MA1412.2	TSAR2	GCACGTGC	2.03e-1	1.00e0	9.27e2	241	206	206	206	6	34	16.50	27	13.11
672	data/reference/motifs/JASPAR2026_CORE_plants_non-redundant_pfms_meme.txt	MA1411.2	TSAR1	GCACGTGC	3.33e-1	1.00e0	9.27e2	260	206	206	206	6	30	14.56	26	12.62
673	data/reference/motifs/JASPAR2026_CORE_plants_non-redundant_pfms_meme.txt	MA1362.2	bHLH77	DWNGBCACGTGM	1.66e-1	1.00e0	9.27e2	249	206	206	206	2	66	32.04	56	27.18
674	data/reference/motifs/JASPAR2026_CORE_plants_non-redundant_pfms_meme.txt	MA1361.2	bHLH18	CRCGTKWWHCACGTG	3.28e-1	1.00e0	9.27e2	217	206	206	206	2	57	27.67	52	25.24
675	data/reference/motifs/JASPAR2026_CORE_plants_non-redundant_pfms_meme.txt	MA1360.3	bHLH74	CACGTG	1.21e-1	1.00e0	9.27e2	336	206	206	206	5	70	33.98	58	28.16
676	data/reference/motifs/JASPAR2026_CORE_plants_non-redundant_pfms_meme.txt	MA1359.3	BPE	CACGTG	2.29e-1	1.00e0	9.27e2	331	206	206	206	2	169	82.04	162	78.64
677	data/reference/motifs/JASPAR2026_CORE_plants_non-redundant_pfms_meme.txt	MA1358.2	bHLH130	CMACTTGC	3.43e-1	1.00e0	9.27e2	317	206	206	206	6	4	1.94	2	0.97
678	data/reference/motifs/JASPAR2026_CORE_plants_non-redundant_pfms_meme.txt	MA1357.2	bHLH80	TGCAAGTKG	2.36e-1	1.00e0	9.27e2	211	206	206	206	2	31	15.05	25	12.14
679	data/reference/motifs/JASPAR2026_CORE_plants_non-redundant_pfms_meme.txt	MA1074.2	UNE10	CACGTGM	3.59e-1	1.00e0	9.27e2	88	206	206	206	1	46	22.33	42	20.39
680	data/reference/motifs/JASPAR2026_CORE_plants_non-redundant_pfms_meme.txt	MA1025.2	HBI1	GCACGTG	2.72e-1	1.00e0	9.27e2	388	206	206	206	5	83	40.29	76	36.89
681	data/reference/motifs/JASPAR2026_CORE_plants_non-redundant_pfms_meme.txt	MA0966.2	BIM3	CACGTG	1.40e-1	1.00e0	9.27e2	412	206	206	206	36	49	23.79	39	18.93
682	data/reference/motifs/JASPAR2026_CORE_plants_non-redundant_pfms_meme.txt	MA0964.3	BIM1	TCACGTGA	4.22e-1	1.00e0	9.27e2	311	206	206	206	4	97	47.09	94	45.63
683	data/reference/motifs/JASPAR2026_CORE_plants_non-redundant_pfms_meme.txt	MA0962.2	bHLH34	GCACGTG	1.81e-1	1.00e0	9.27e2	334	206	206	206	2	131	63.59	121	58.74
684	data/reference/motifs/JASPAR2026_CORE_plants_non-redundant_pfms_meme.txt	MA0961.2	bHLH112	CCACTTG	3.75e-1	1.00e0	9.27e2	148	206	206	206	3	6	2.91	4	1.94
685	data/reference/motifs/JASPAR2026_CORE_plants_non-redundant_pfms_meme.txt	MA0560.2	PIF3	CCACGTG	1.86e-1	1.00e0	9.27e2	282	206	206	206	2	98	47.57	88	42.72
686	data/reference/motifs/JASPAR2026_CORE_plants_non-redundant_pfms_meme.txt	MA0552.2	PIF1	CACGTG	5.00e-1	1.00e0	9.27e2	305	206	206	206	1	153	74.27	152	73.79
687	data/reference/motifs/JASPAR2026_CORE_plants_non-redundant_pfms_meme.txt	MA0582.2	RAV1	GCAACA	2.03e-1	1.00e0	9.27e2	412	206	206	206	9	189	91.75	183	88.83
688	data/reference/motifs/JASPAR2026_CORE_plants_non-redundant_pfms_meme.txt	MA1698.2	ARF7	GCCGACAAG	5.00e-1	1.00e0	9.27e2	395	206	206	206	15	6	2.91	5	2.43
689	data/reference/motifs/JASPAR2026_CORE_plants_non-redundant_pfms_meme.txt	MA1697.2	ARF4	ACGACAAG	8.87e-2	1.00e0	9.27e2	411	206	206	206	8	159	77.18	146	70.87
690	data/reference/motifs/JASPAR2026_CORE_plants_non-redundant_pfms_meme.txt	MA1696.2	ARF39	GGGGRACACGT	4.37e-1	1.00e0	9.27e2	401	206	206	206	9	23	11.17	21	10.19
691	data/reference/motifs/JASPAR2026_CORE_plants_non-redundant_pfms_meme.txt	MA1695.2	ARF36	GGGGGACAHGTC	2.14e-1	1.00e0	9.27e2	337	206	206	206	2	117	56.80	108	52.43
692	data/reference/motifs/JASPAR2026_CORE_plants_non-redundant_pfms_meme.txt	MA1694.2	ARF35	CCCGACAAG	6.19e-1	1.00e0	9.27e2	396	206	206	206	4	123	59.71	125	60.68
693	data/reference/motifs/JASPAR2026_CORE_plants_non-redundant_pfms_meme.txt	MA1692.2	ARF29	GCCGACAA	5.00e-1	1.00e0	9.27e2	408	206	206	206	27	1	0.49	0	0.00
694	data/reference/motifs/JASPAR2026_CORE_plants_non-redundant_pfms_meme.txt	MA1691.2	ARF27	GCAGACAT	2.02e-1	1.00e0	9.27e2	411	206	206	206	7	165	80.10	157	76.21
695	data/reference/motifs/JASPAR2026_CORE_plants_non-redundant_pfms_meme.txt	MA1690.2	ARF25	ARMGGGRGACAM	1.96e-1	1.00e0	9.27e2	352	206	206	206	6	14	6.80	9	4.37
696	data/reference/motifs/JASPAR2026_CORE_plants_non-redundant_pfms_meme.txt	MA1689.2	ARF18	CCGACAAA	5.00e-1	1.00e0	9.27e2	412	206	206	206	2	206	100.00	205	99.51
697	data/reference/motifs/JASPAR2026_CORE_plants_non-redundant_pfms_meme.txt	MA1688.2	ARF16	CAAGACAAGA	9.11e-2	1.00e0	9.27e2	412	206	206	206	11	169	82.04	157	76.21
698	data/reference/motifs/JASPAR2026_CORE_plants_non-redundant_pfms_meme.txt	MA1685.2	ARF10	ARNGGGAGACA	1.97e-1	1.00e0	9.27e2	387	206	206	206	8	22	10.68	16	7.77
699	data/reference/motifs/JASPAR2026_CORE_plants_non-redundant_pfms_meme.txt	MA1206.2	ARF2	SMGACA	1.79e-1	1.00e0	9.27e2	412	206	206	206	9	193	93.69	187	90.78
700	data/reference/motifs/JASPAR2026_CORE_plants_non-redundant_pfms_meme.txt	MA0944.2	ARF8	TGTCGG	1.48e-1	1.00e0	9.27e2	412	206	206	206	30	143	69.42	132	64.08
701	data/reference/motifs/JASPAR2026_CORE_plants_non-redundant_pfms_meme.txt	MA0943.2	ARF5	RCCGACA	2.09e-1	1.00e0	9.27e2	404	206	206	206	5	131	63.59	122	59.22
702	data/reference/motifs/JASPAR2026_CORE_plants_non-redundant_pfms_meme.txt	MA0942.2	ARF1	ACCGACA	5.00e-1	1.00e0	9.27e2	381	206	206	206	1	191	92.72	190	92.23
703	data/reference/motifs/JASPAR2026_CORE_plants_non-redundant_pfms_meme.txt	MA1810.2	GLYMA-08G357600	ATGCATGCA	3.36e-1	1.00e0	9.27e2	407	206	206	206	16	31	15.05	27	13.11
704	data/reference/motifs/JASPAR2026_CORE_plants_non-redundant_pfms_meme.txt	MA0565.3	FUS3	ACATGCA	3.33e-1	1.00e0	9.27e2	349	206	206	206	3	63	30.58	58	28.16
705	data/reference/motifs/JASPAR2026_CORE_plants_non-redundant_pfms_meme.txt	MA0564.2	ABI3	GCATGC	1.86e-1	1.00e0	9.27e2	408	206	206	206	36	4	1.94	1	0.49
706	data/reference/motifs/JASPAR2026_CORE_plants_non-redundant_pfms_meme.txt	MA2013.2	ERF115	YCGCCGCCGCM	3.83e-1	1.00e0	9.27e2	186	206	206	206	1	95	46.12	91	44.17
707	data/reference/motifs/JASPAR2026_CORE_plants_non-redundant_pfms_meme.txt	MA2011.2	ERF010	CACCGACA	2.99e-1	1.00e0	9.27e2	375	206	206	206	5	69	33.50	63	30.58
708	data/reference/motifs/JASPAR2026_CORE_plants_non-redundant_pfms_meme.txt	MA1833.2	Zm00001d049364	CCGCCGCCGCC	3.01e-1	1.00e0	9.27e2	224	206	206	206	2	72	34.95	66	32.04
709	data/reference/motifs/JASPAR2026_CORE_plants_non-redundant_pfms_meme.txt	MA1831.2	Zm00001d031796	GACGGCGACG	4.08e-1	1.00e0	9.27e2	315	206	206	206	1	159	77.18	156	75.73
710	data/reference/motifs/JASPAR2026_CORE_plants_non-redundant_pfms_meme.txt	MA1820.2	Zm00001d024324	CGCCGCCGC	3.46e-1	1.00e0	9.27e2	255	206	206	206	2	93	45.15	88	42.72
711	data/reference/motifs/JASPAR2026_CORE_plants_non-redundant_pfms_meme.txt	MA1817.2	Zm00001d020267	CGCCGCCGCC	5.00e-1	1.00e0	9.27e2	242	206	206	206	2	88	42.72	87	42.23
712	data/reference/motifs/JASPAR2026_CORE_plants_non-redundant_pfms_meme.txt	MA1804.2	WIN1	CRCCGC	9.02e-2	1.00e0	9.27e2	412	206	206	206	21	140	67.96	126	61.17
713	data/reference/motifs/JASPAR2026_CORE_plants_non-redundant_pfms_meme.txt	MA1795.2	RAP2-4	CRCCGACC	1.76e-1	1.00e0	9.27e2	411	206	206	206	26	38	18.45	30	14.56
714	data/reference/motifs/JASPAR2026_CORE_plants_non-redundant_pfms_meme.txt	MA1753.2	ERF057	CCDCCDCCRCCGCC	5.00e-1	1.00e0	9.27e2	210	206	206	206	10	3	1.46	2	0.97
715	data/reference/motifs/JASPAR2026_CORE_plants_non-redundant_pfms_meme.txt	MA1752.2	ERF025	YGCCGACA	2.39e-1	1.00e0	9.27e2	258	206	206	206	2	82	39.81	74	35.92
716	data/reference/motifs/JASPAR2026_CORE_plants_non-redundant_pfms_meme.txt	MA1748.2	DREB1F	GCCGAC	3.11e-1	1.00e0	9.27e2	405	206	206	206	7	111	53.88	105	50.97
717	data/reference/motifs/JASPAR2026_CORE_plants_non-redundant_pfms_meme.txt	MA1679.2	RAP2-1	CACCGACA	4.53e-1	1.00e0	9.27e2	359	206	206	206	5	46	22.33	44	21.36
718	data/reference/motifs/JASPAR2026_CORE_plants_non-redundant_pfms_meme.txt	MA1671.2	ERF118	CCGCCGCC	3.30e-1	1.00e0	9.27e2	297	206	206	206	1	151	73.30	146	70.87
719	data/reference/motifs/JASPAR2026_CORE_plants_non-redundant_pfms_meme.txt	MA1670.2	DREB1C	GCCGACAT	5.00e-1	1.00e0	9.27e2	391	206	206	206	26	1	0.49	0	0.00
720	data/reference/motifs/JASPAR2026_CORE_plants_non-redundant_pfms_meme.txt	MA1669.2	DREB1B	GCCGACAT	5.00e-1	1.00e0	9.27e2	376	206	206	206	22	1	0.49	0	0.00
721	data/reference/motifs/JASPAR2026_CORE_plants_non-redundant_pfms_meme.txt	MA1424.2	ERF019	CCACCGACA	5.00e-1	1.00e0	9.27e2	208	206	206	206	4	6	2.91	5	2.43
722	data/reference/motifs/JASPAR2026_CORE_plants_non-redundant_pfms_meme.txt	MA1265.3	ERF015	CACCGACA	4.61e-1	1.00e0	9.27e2	354	206	206	206	3	104	50.49	102	49.51
723	data/reference/motifs/JASPAR2026_CORE_plants_non-redundant_pfms_meme.txt	MA1264.2	ERF095	RYGGCGGCGGHGG	5.00e-1	1.00e0	9.27e2	144	206	206	206	5	4	1.94	3	1.46
724	data/reference/motifs/JASPAR2026_CORE_plants_non-redundant_pfms_meme.txt	MA1263.2	ERF055	KGKCGGTGG	3.81e-1	1.00e0	9.27e2	248	206	206	206	1	126	61.17	122	59.22
725	data/reference/motifs/JASPAR2026_CORE_plants_non-redundant_pfms_meme.txt	MA1262.2	ERF2	CCDCCGCCGCCRY	3.84e-1	1.00e0	9.27e2	194	206	206	206	1	99	48.06	95	46.12
726	data/reference/motifs/JASPAR2026_CORE_plants_non-redundant_pfms_meme.txt	MA1261.2	ERF122	TRCGGCKGHG	4.58e-1	1.00e0	9.27e2	376	206	206	206	4	67	32.52	65	31.55
727	data/reference/motifs/JASPAR2026_CORE_plants_non-redundant_pfms_meme.txt	MA1260.2	ERF013	TGTCGGTGG	6.41e-1	1.00e0	9.27e2	211	206	206	206	3	16	7.77	17	8.25
728	data/reference/motifs/JASPAR2026_CORE_plants_non-redundant_pfms_meme.txt	MA1259.2	ERF023	TGTCGGTGR	8.39e-1	1.00e0	9.27e2	196	206	206	206	3	7	3.40	10	4.85
729	data/reference/motifs/JASPAR2026_CORE_plants_non-redundant_pfms_meme.txt	MA1258.2	DREB2A	AWGKCGGTG	5.00e-1	1.00e0	9.27e2	263	206	206	206	1	132	64.08	131	63.59
730	data/reference/motifs/JASPAR2026_CORE_plants_non-redundant_pfms_meme.txt	MA1257.2	ERF9	GGCGGHKRYGGCGGCGGMG	5.00e-1	1.00e0	9.27e2	118	206	206	206	10	3	1.46	2	0.97
731	data/reference/motifs/JASPAR2026_CORE_plants_non-redundant_pfms_meme.txt	MA1252.2	ERF086	CCKCCGCCGY	5.00e-1	1.00e0	9.27e2	179	206	206	206	2	43	20.87	42	20.39
732	data/reference/motifs/JASPAR2026_CORE_plants_non-redundant_pfms_meme.txt	MA1251.2	RAP2-9	CACCGACAW	7.51e-1	1.00e0	9.27e2	168	206	206	206	5	1	0.49	1	0.49
733	data/reference/motifs/JASPAR2026_CORE_plants_non-redundant_pfms_meme.txt	MA1250.2	DREB2D	CCDCCDCCACCGCC	6.57e-1	1.00e0	9.27e2	243	206	206	206	11	3	1.46	3	1.46
734	data/reference/motifs/JASPAR2026_CORE_plants_non-redundant_pfms_meme.txt	MA1248.2	ERF012	CCACCGMC	2.51e-1	1.00e0	9.27e2	285	206	206	206	9	6	2.91	3	1.46
735	data/reference/motifs/JASPAR2026_CORE_plants_non-redundant_pfms_meme.txt	MA1247.2	ERF087	GRCGGCGGMG	6.00e-1	1.00e0	9.27e2	159	206	206	206	4	8	3.88	8	3.88
736	data/reference/motifs/JASPAR2026_CORE_plants_non-redundant_pfms_meme.txt	MA1246.2	LEP	CKCCGCCGYC	3.50e-1	1.00e0	9.27e2	237	206	206	206	5	16	7.77	13	6.31
737	data/reference/motifs/JASPAR2026_CORE_plants_non-redundant_pfms_meme.txt	MA1245.3	ERF112	CCGCCGCCR	1.78e-1	1.00e0	9.27e2	313	206	206	206	1	161	78.16	152	73.79
738	data/reference/motifs/JASPAR2026_CORE_plants_non-redundant_pfms_meme.txt	MA1244.2	ABR1	DTKGCGGCGGMG	2.45e-1	1.00e0	9.27e2	206	206	206	206	1	107	51.94	99	48.06
739	data/reference/motifs/JASPAR2026_CORE_plants_non-redundant_pfms_meme.txt	MA1243.2	DREB2E	MACCGACWTW	2.49e-1	1.00e0	9.27e2	177	206	206	206	6	2	0.97	0	0.00
740	data/reference/motifs/JASPAR2026_CORE_plants_non-redundant_pfms_meme.txt	MA1241.2	ERF043	CCACCGACA	3.70e-1	1.00e0	9.27e2	112	206	206	206	1	58	28.16	54	26.21
741	data/reference/motifs/JASPAR2026_CORE_plants_non-redundant_pfms_meme.txt	MA1240.2	ERF077	CCGCCGCCRY	1.85e-1	1.00e0	9.27e2	236	206	206	206	1	123	59.71	113	54.85
742	data/reference/motifs/JASPAR2026_CORE_plants_non-redundant_pfms_meme.txt	MA1238.3	ERF038	CACCGACA	3.76e-1	1.00e0	9.27e2	352	206	206	206	2	141	68.45	137	66.50
743	data/reference/motifs/JASPAR2026_CORE_plants_non-redundant_pfms_meme.txt	MA1234.2	ERF017	TGGWCGGTG	2.26e-1	1.00e0	9.27e2	288	206	206	206	1	148	71.84	140	67.96
744	data/reference/motifs/JASPAR2026_CORE_plants_non-redundant_pfms_meme.txt	MA1233.3	ERF021	CGCCGACA	2.56e-1	1.00e0	9.27e2	396	206	206	206	3	151	73.30	144	69.90
745	data/reference/motifs/JASPAR2026_CORE_plants_non-redundant_pfms_meme.txt	MA1232.2	ERF054	GDCGGYGG	5.00e-1	1.00e0	9.27e2	342	206	206	206	7	20	9.71	19	9.22
746	data/reference/motifs/JASPAR2026_CORE_plants_non-redundant_pfms_meme.txt	MA1230.2	ERF037	YCACCGACA	3.44e-1	1.00e0	9.27e2	165	206	206	206	1	85	41.26	80	38.83
747	data/reference/motifs/JASPAR2026_CORE_plants_non-redundant_pfms_meme.txt	MA1229.2	ERF034	TGTCGGTGR	2.49e-1	1.00e0	9.27e2	200	206	206	206	7	2	0.97	0	0.00
748	data/reference/motifs/JASPAR2026_CORE_plants_non-redundant_pfms_meme.txt	MA1228.2	ERF091	RYGGCGGCGGHGG	3.30e-1	1.00e0	9.27e2	115	206	206	206	1	60	29.13	55	26.70
749	data/reference/motifs/JASPAR2026_CORE_plants_non-redundant_pfms_meme.txt	MA1227.3	ERF027	RCCGACA	5.00e-1	1.00e0	9.27e2	400	206	206	206	28	1	0.49	0	0.00
750	data/reference/motifs/JASPAR2026_CORE_plants_non-redundant_pfms_meme.txt	MA1226.2	DREB2G	GGHGGAGGCGGTGG	3.44e-1	1.00e0	9.27e2	243	206	206	206	1	124	60.19	119	57.77
751	data/reference/motifs/JASPAR2026_CORE_plants_non-redundant_pfms_meme.txt	MA1223.2	ERF035	TGTCGGTGG	7.54e-1	1.00e0	9.27e2	101	206	206	206	2	9	4.37	11	5.34
752	data/reference/motifs/JASPAR2026_CORE_plants_non-redundant_pfms_meme.txt	MA1220.2	TINY	YCACCGACA	4.61e-1	1.00e0	9.27e2	210	206	206	206	1	106	51.46	104	50.49
753	data/reference/motifs/JASPAR2026_CORE_plants_non-redundant_pfms_meme.txt	MA1219.3	ERF011	CACCGAC	3.59e-1	1.00e0	9.27e2	379	206	206	206	1	191	92.72	188	91.26
754	data/reference/motifs/JASPAR2026_CORE_plants_non-redundant_pfms_meme.txt	MA1218.2	DREB1D	ATGTCGGY	5.47e-1	1.00e0	9.27e2	195	206	206	206	2	45	21.84	45	21.84
755	data/reference/motifs/JASPAR2026_CORE_plants_non-redundant_pfms_meme.txt	MA1008.2	PHYPADRAFT_182268	GTCGGTG	3.50e-1	1.00e0	9.27e2	115	206	206	206	2	16	7.77	13	6.31
756	data/reference/motifs/JASPAR2026_CORE_plants_non-redundant_pfms_meme.txt	MA1005.3	ERF082	CCGCCGCCR	2.54e-1	1.00e0	9.27e2	299	206	206	206	1	153	74.27	146	70.87
757	data/reference/motifs/JASPAR2026_CORE_plants_non-redundant_pfms_meme.txt	MA1004.2	ERF13	SGCCGCC	4.14e-1	1.00e0	9.27e2	306	206	206	206	4	62	30.10	59	28.64
758	data/reference/motifs/JASPAR2026_CORE_plants_non-redundant_pfms_meme.txt	MA1001.4	ERF076	CCGCCGCCRC	1.46e-1	1.00e0	9.27e2	279	206	206	206	1	145	70.39	134	65.05
759	data/reference/motifs/JASPAR2026_CORE_plants_non-redundant_pfms_meme.txt	MA1000.3	ERF105	RYGGCGGCGG	5.00e-1	1.00e0	9.27e2	154	206	206	206	5	4	1.94	3	1.46
760	data/reference/motifs/JASPAR2026_CORE_plants_non-redundant_pfms_meme.txt	MA0998.2	ERF096	GCCGCC	1.17e-1	1.00e0	9.27e2	410	206	206	206	22	51	24.76	40	19.42
761	data/reference/motifs/JASPAR2026_CORE_plants_non-redundant_pfms_meme.txt	MA0997.2	ERF069	GCCG	2.35e-1	1.00e0	9.27e2	412	206	206	206	117	11	5.34	7	3.40
762	data/reference/motifs/JASPAR2026_CORE_plants_non-redundant_pfms_meme.txt	MA0995.3	ERF039	RCCGACA	2.51e-1	1.00e0	9.27e2	403	206	206	206	2	189	91.75	184	89.32
763	data/reference/motifs/JASPAR2026_CORE_plants_non-redundant_pfms_meme.txt	MA0994.3	ERF8	TGRCGGCGGCG	5.00e-1	1.00e0	9.27e2	253	206	206	206	1	127	61.65	126	61.17
764	data/reference/motifs/JASPAR2026_CORE_plants_non-redundant_pfms_meme.txt	MA0993.2	ERF7	GCCG	1.58e-1	1.00e0	9.27e2	412	206	206	206	56	44	21.36	35	16.99
765	data/reference/motifs/JASPAR2026_CORE_plants_non-redundant_pfms_meme.txt	MA0980.3	RAP2-10	RCCGACA	4.00e-1	1.00e0	9.27e2	396	206	206	206	1	199	96.60	197	95.63
766	data/reference/motifs/JASPAR2026_CORE_plants_non-redundant_pfms_meme.txt	MA0976.3	CRF4	CCGCCGCCRC	2.35e-1	1.00e0	9.27e2	268	206	206	206	1	138	66.99	130	63.11
767	data/reference/motifs/JASPAR2026_CORE_plants_non-redundant_pfms_meme.txt	MA0971.2	DREB1A	ATGTCGGY	5.00e-1	1.00e0	9.27e2	376	206	206	206	23	1	0.49	0	0.00
768	data/reference/motifs/JASPAR2026_CORE_plants_non-redundant_pfms_meme.txt	MA1377.2	PLT1	KGCACGVWTHYCGAGR	3.49e-1	1.00e0	9.27e2	205	206	206	206	2	38	18.45	34	16.50
769	data/reference/motifs/JASPAR2026_CORE_plants_non-redundant_pfms_meme.txt	MA1751.2	EIL3	AGRTWCAT	1.87e-1	1.00e0	9.27e2	412	206	206	206	10	104	50.49	94	45.63
770	data/reference/motifs/JASPAR2026_CORE_plants_non-redundant_pfms_meme.txt	MA1376.2	DEAR3	CRCCGMC	1.23e-1	1.00e0	9.27e2	412	206	206	206	7	183	88.83	174	84.47
771	data/reference/motifs/JASPAR2026_CORE_plants_non-redundant_pfms_meme.txt	MA2455.1	SPL9D	AGCGGTASTACCGC	3.43e-1	1.00e0	9.27e2	92	206	206	206	4	4	1.94	2	0.97
772	data/reference/motifs/JASPAR2026_CORE_plants_non-redundant_pfms_meme.txt	MA2450.1	SPL7A	GTACTACCGCT	2.33e-1	1.00e0	9.27e2	327	206	206	206	1	167	81.07	160	77.67
773	data/reference/motifs/JASPAR2026_CORE_plants_non-redundant_pfms_meme.txt	MA2449.1	SPL6A	GCGGTAGTACC	4.57e-1	1.00e0	9.27e2	290	206	206	206	1	146	70.87	144	69.90
774	data/reference/motifs/JASPAR2026_CORE_plants_non-redundant_pfms_meme.txt	MA2445.1	SPL4D	GGTACTACCGCT	3.84e-1	1.00e0	9.27e2	301	206	206	206	2	100	48.54	96	46.60
775	data/reference/motifs/JASPAR2026_CORE_plants_non-redundant_pfms_meme.txt	MA2444.1	SPL4A	GCGGTASTACCGC	5.00e-1	1.00e0	9.27e2	103	206	206	206	1	52	25.24	51	24.76
776	data/reference/motifs/JASPAR2026_CORE_plants_non-redundant_pfms_meme.txt	MA2443.1	SPL3D	GCGGTASTACCGC	5.00e-1	1.00e0	9.27e2	102	206	206	206	4	5	2.43	4	1.94
777	data/reference/motifs/JASPAR2026_CORE_plants_non-redundant_pfms_meme.txt	MA2442.1	SPL3B	AGCGGTASTACCGC	5.00e-1	1.00e0	9.27e2	85	206	206	206	3	5	2.43	4	1.94
778	data/reference/motifs/JASPAR2026_CORE_plants_non-redundant_pfms_meme.txt	MA2441.1	SPL3A	AGCGGTACTACC	2.20e-1	1.00e0	9.27e2	298	206	206	206	1	153	74.27	145	70.39
779	data/reference/motifs/JASPAR2026_CORE_plants_non-redundant_pfms_meme.txt	MA2440.1	SPL2B	GCGGTASTACCGC	3.33e-1	1.00e0	9.27e2	123	206	206	206	1	64	31.07	59	28.64
780	data/reference/motifs/JASPAR2026_CORE_plants_non-redundant_pfms_meme.txt	MA2439.1	SPL2A	GCGGTASTACCGC	5.00e-1	1.00e0	9.27e2	68	206	206	206	4	2	0.97	1	0.49
781	data/reference/motifs/JASPAR2026_CORE_plants_non-redundant_pfms_meme.txt	MA2436.1	SPL18A	GCGGTASTACCGCT	6.41e-1	1.00e0	9.27e2	81	206	206	206	2	16	7.77	17	8.25
782	data/reference/motifs/JASPAR2026_CORE_plants_non-redundant_pfms_meme.txt	MA2435.1	SPL16D	GCGGTASTACCGC	5.41e-1	1.00e0	9.27e2	148	206	206	206	1	74	35.92	74	35.92
783	data/reference/motifs/JASPAR2026_CORE_plants_non-redundant_pfms_meme.txt	MA2434.1	SPL16A	AGCGGTAGTAC	2.26e-1	1.00e0	9.27e2	333	206	206	206	1	170	82.52	163	79.13
784	data/reference/motifs/JASPAR2026_CORE_plants_non-redundant_pfms_meme.txt	MA2430.1	SPL14B	GCGGTASTACCGC	5.00e-1	1.00e0	9.27e2	137	206	206	206	7	2	0.97	1	0.49
785	data/reference/motifs/JASPAR2026_CORE_plants_non-redundant_pfms_meme.txt	MA2428.1	SPL13B	GCGGTASTACCGC	5.00e-1	1.00e0	9.27e2	69	206	206	206	3	5	2.43	4	1.94
786	data/reference/motifs/JASPAR2026_CORE_plants_non-redundant_pfms_meme.txt	MA2427.1	SPL12B	AGCGGTASTACCGC	5.00e-1	1.00e0	9.27e2	91	206	206	206	2	23	11.17	22	10.68
787	data/reference/motifs/JASPAR2026_CORE_plants_non-redundant_pfms_meme.txt	MA2425.1	SPL11A	SCGGTACTACCG	1.59e-1	1.00e0	9.27e2	241	206	206	206	1	126	61.17	115	55.83
788	data/reference/motifs/JASPAR2026_CORE_plants_non-redundant_pfms_meme.txt	MA2424.1	OsbZIP77	TGCCACGTCABC	4.60e-1	1.00e0	9.27e2	178	206	206	206	1	90	43.69	88	42.72
789	data/reference/motifs/JASPAR2026_CORE_plants_non-redundant_pfms_meme.txt	MA2423.1	OsbZIP69	GMTGACGTGGCA	6.54e-1	1.00e0	9.27e2	181	206	206	206	1	89	43.20	92	44.66
790	data/reference/motifs/JASPAR2026_CORE_plants_non-redundant_pfms_meme.txt	MA2421.1	SBP8	ARGTACAA	1.22e-1	1.00e0	9.27e2	411	206	206	206	14	24	11.65	16	7.77
791	data/reference/motifs/JASPAR2026_CORE_plants_non-redundant_pfms_meme.txt	MA2420.1	SBP6	AAGTACAA	1.12e-1	1.00e0	9.27e2	412	206	206	206	15	48	23.30	37	17.96
792	data/reference/motifs/JASPAR2026_CORE_plants_non-redundant_pfms_meme.txt	MA2418.1	IG1	CTGCCGCCA	2.25e-1	1.00e0	9.27e2	362	206	206	206	1	184	89.32	178	86.41
793	data/reference/motifs/JASPAR2026_CORE_plants_non-redundant_pfms_meme.txt	MA2417.1	EREB71	CACCGVCYMC	3.93e-1	1.00e0	9.27e2	310	206	206	206	9	8	3.88	6	2.91
794	data/reference/motifs/JASPAR2026_CORE_plants_non-redundant_pfms_meme.txt	MA2416.1	EREB29	GCCGCCGCCC	5.00e-1	1.00e0	9.27e2	223	206	206	206	1	112	54.37	111	53.88
795	data/reference/motifs/JASPAR2026_CORE_plants_non-redundant_pfms_meme.txt	MA2415.1	EREB138	CMGCCGCCAT	2.17e-1	1.00e0	9.27e2	341	206	206	206	1	174	84.47	167	81.07
796	data/reference/motifs/JASPAR2026_CORE_plants_non-redundant_pfms_meme.txt	MA2414.1	EREB127	TGCCGACA	4.48e-1	1.00e0	9.27e2	340	206	206	206	5	37	17.96	35	16.99
797	data/reference/motifs/JASPAR2026_CORE_plants_non-redundant_pfms_meme.txt	MA2413.1	ZmbZIP96	GASACGTGKCA	1.67e-1	1.00e0	9.27e2	288	206	206	206	1	149	72.33	139	67.48
798	data/reference/motifs/JASPAR2026_CORE_plants_non-redundant_pfms_meme.txt	MA2412.1	ZmbZIP72	GATGACATCA	2.39e-1	1.00e0	9.27e2	407	206	206	206	7	82	39.81	74	35.92
799	data/reference/motifs/JASPAR2026_CORE_plants_non-redundant_pfms_meme.txt	MA2411.1	ZmbZIP57	ATGATGTCAT	3.84e-1	1.00e0	9.27e2	410	206	206	206	7	104	50.49	100	48.54
800	data/reference/motifs/JASPAR2026_CORE_plants_non-redundant_pfms_meme.txt	MA2410.1	ZmbZIP54	TGACGTCA	1.58e-1	1.00e0	9.27e2	401	206	206	206	8	128	62.14	117	56.80
801	data/reference/motifs/JASPAR2026_CORE_plants_non-redundant_pfms_meme.txt	MA2409.1	ZmbZIP25	GATGACATCA	1.72e-1	1.00e0	9.27e2	408	206	206	206	3	187	90.78	180	87.38
802	data/reference/motifs/JASPAR2026_CORE_plants_non-redundant_pfms_meme.txt	MA2408.1	BAD1	CCGGGCCCCSVC	5.00e-1	1.00e0	9.27e2	147	206	206	206	1	74	35.92	73	35.44
803	data/reference/motifs/JASPAR2026_CORE_plants_non-redundant_pfms_meme.txt	MA2404.1	OsTRBF3	WRMCCTA	1.05e-1	1.00e0	9.27e2	412	206	206	206	30	75	36.41	62	30.10
804	data/reference/motifs/JASPAR2026_CORE_plants_non-redundant_pfms_meme.txt	MA2403.1	DVH24_040989	TTAACC	1.24e-1	1.00e0	9.27e2	412	206	206	206	40	206	100.00	203	98.54
805	data/reference/motifs/JASPAR2026_CORE_plants_non-redundant_pfms_meme.txt	MA2402.1	OsERF104	GCCGY	1.47e-1	1.00e0	9.27e2	412	206	206	206	12	144	69.90	133	64.56
806	data/reference/motifs/JASPAR2026_CORE_plants_non-redundant_pfms_meme.txt	MA2401.1	Os05g0437700	MCACGTGK	1.81e-1	1.00e0	9.27e2	253	206	206	206	4	56	27.18	47	22.82
807	data/reference/motifs/JASPAR2026_CORE_plants_non-redundant_pfms_meme.txt	MA2400.1	LjTCP20	GGGACCAY	2.60e-1	1.00e0	9.27e2	287	206	206	206	1	147	71.36	140	67.96
808	data/reference/motifs/JASPAR2026_CORE_plants_non-redundant_pfms_meme.txt	MA2399.1	LjSGA_053525.1	GGGCCCAC	1.42e-1	1.00e0	9.27e2	276	206	206	206	3	50	24.27	40	19.42
809	data/reference/motifs/JASPAR2026_CORE_plants_non-redundant_pfms_meme.txt	MA2398.1	AS2	CGGCGGMRRHDRCGGCGG	3.31e-1	1.00e0	9.27e2	130	206	206	206	2	29	14.08	25	12.14
810	data/reference/motifs/JASPAR2026_CORE_plants_non-redundant_pfms_meme.txt	MA2396.1	IDD1	TTTTGTCGTTTT	4.51e-1	1.00e0	9.27e2	330	206	206	206	1	166	80.58	164	79.61
811	data/reference/motifs/JASPAR2026_CORE_plants_non-redundant_pfms_meme.txt	MA2395.1	PHYPA_011264	CACCGACM	3.93e-1	1.00e0	9.27e2	262	206	206	206	5	8	3.88	6	2.91
812	data/reference/motifs/JASPAR2026_CORE_plants_non-redundant_pfms_meme.txt	MA2394.1	PpDof6	CTTT	1.31e-1	1.00e0	9.27e2	412	206	206	206	137	194	94.17	187	90.78
813	data/reference/motifs/JASPAR2026_CORE_plants_non-redundant_pfms_meme.txt	MA2393.1	PHYPA_008731	CACGTGC	1.86e-1	1.00e0	9.27e2	282	206	206	206	2	98	47.57	88	42.72
814	data/reference/motifs/JASPAR2026_CORE_plants_non-redundant_pfms_meme.txt	MA2392.1	GRMZM2G135447	TGACRKS	2.19e-1	1.00e0	9.27e2	412	206	206	206	9	173	83.98	166	80.58
815	data/reference/motifs/JASPAR2026_CORE_plants_non-redundant_pfms_meme.txt	MA2391.1	Lg3	TGACRKC	2.49e-1	1.00e0	9.27e2	412	206	206	206	26	2	0.97	0	0.00
816	data/reference/motifs/JASPAR2026_CORE_plants_non-redundant_pfms_meme.txt	MA2390.1	GLYMA19G26560	GGSCCCAC	1.52e-1	1.00e0	9.27e2	405	206	206	206	5	138	66.99	127	61.65
817	data/reference/motifs/JASPAR2026_CORE_plants_non-redundant_pfms_meme.txt	MA2389.1	GBF1	ACGTGKM	1.37e-1	1.00e0	9.27e2	412	206	206	206	13	198	96.12	192	93.20
818	data/reference/motifs/JASPAR2026_CORE_plants_non-redundant_pfms_meme.txt	MA2388.1	GATA1	AGATCTRRWT	1.88e-1	1.00e0	9.27e2	384	206	206	206	4	107	51.94	97	47.09
819	data/reference/motifs/JASPAR2026_CORE_plants_non-redundant_pfms_meme.txt	MA2386.1	estExt_gwp_gw1.C_550163	CACCGAC	3.50e-1	1.00e0	9.27e2	115	206	206	206	2	16	7.77	13	6.31
820	data/reference/motifs/JASPAR2026_CORE_plants_non-redundant_pfms_meme.txt	MA2383.1	e_gw1.392.16.1	CTTTW	2.19e-1	1.00e0	9.27e2	412	206	206	206	169	173	83.98	166	80.58
821	data/reference/motifs/JASPAR2026_CORE_plants_non-redundant_pfms_meme.txt	MA2382.1	e_gw1.209.40.1	CACGTG	1.11e-1	1.00e0	9.27e2	410	206	206	206	8	192	93.20	184	89.32
822	data/reference/motifs/JASPAR2026_CORE_plants_non-redundant_pfms_meme.txt	MA2380.1	DOF4.7	TWACTTTTT	3.75e-1	1.00e0	9.27e2	412	206	206	206	26	6	2.91	4	1.94
823	data/reference/motifs/JASPAR2026_CORE_plants_non-redundant_pfms_meme.txt	MA2372.1	AZF1	WCACTVWCW	2.15e-1	1.00e0	9.27e2	412	206	206	206	11	157	76.21	149	72.33
824	data/reference/motifs/JASPAR2026_CORE_plants_non-redundant_pfms_meme.txt	MA2371.1	MYB31	YAMCTMCCAACHAMH	9.09e-2	1.00e0	9.27e2	399	206	206	206	4	139	67.48	125	60.68
825	data/reference/motifs/JASPAR2026_CORE_plants_non-redundant_pfms_meme.txt	MA2368.1	WRKY51	RGTCAA	3.59e-1	1.00e0	9.27e2	412	206	206	206	63	191	92.72	188	91.26
826	data/reference/motifs/JASPAR2026_CORE_plants_non-redundant_pfms_meme.txt	MA2367.1	WIP5	ACCTGGAGAAMAW	1.69e-1	1.00e0	9.27e2	411	206	206	206	21	7	3.40	3	1.46
827	data/reference/motifs/JASPAR2026_CORE_plants_non-redundant_pfms_meme.txt	MA2366.1	VOZ2	GCGT	1.71e-1	1.00e0	9.27e2	412	206	206	206	65	50	24.27	41	19.90
828	data/reference/motifs/JASPAR2026_CORE_plants_non-redundant_pfms_meme.txt	MA2362.1	TEIL	AGRTWCAT	1.82e-1	1.00e0	9.27e2	412	206	206	206	28	86	41.75	76	36.89
829	data/reference/motifs/JASPAR2026_CORE_plants_non-redundant_pfms_meme.txt	MA2357.1	PK21687.1	WAAACCC	1.93e-1	1.00e0	9.27e2	412	206	206	206	35	65	31.55	56	27.18
830	data/reference/motifs/JASPAR2026_CORE_plants_non-redundant_pfms_meme.txt	MA2355.1	PK06791.1	GTACGG	1.03e-1	1.00e0	9.27e2	412	206	206	206	23	56	27.18	44	21.36
831	data/reference/motifs/JASPAR2026_CORE_plants_non-redundant_pfms_meme.txt	MA2354.1	PK06182.1	TACCTACC	1.27e-1	1.00e0	9.27e2	395	206	206	206	2	189	91.75	181	87.86
832	data/reference/motifs/JASPAR2026_CORE_plants_non-redundant_pfms_meme.txt	MA2353.1	PK02532.1	WAATATCT	1.24e-1	1.00e0	9.27e2	402	206	206	206	11	3	1.46	0	0.00
833	data/reference/motifs/JASPAR2026_CORE_plants_non-redundant_pfms_meme.txt	MA2351.1	OsEIL3	AGRTACAT	2.43e-1	1.00e0	9.27e2	412	206	206	206	9	93	45.15	85	41.26
834	data/reference/motifs/JASPAR2026_CORE_plants_non-redundant_pfms_meme.txt	MA2350.1	OsFBH1	CCACTTG	3.75e-1	1.00e0	9.27e2	148	206	206	206	3	6	2.91	4	1.94
835	data/reference/motifs/JASPAR2026_CORE_plants_non-redundant_pfms_meme.txt	MA2349.1	OsCCA1	AATATCT	1.33e-1	1.00e0	9.27e2	412	206	206	206	54	86	41.75	74	35.92
836	data/reference/motifs/JASPAR2026_CORE_plants_non-redundant_pfms_meme.txt	MA2348.1	IDD6	TTTTTGTCGTTTTSTK	5.00e-1	1.00e0	9.27e2	308	206	206	206	6	4	1.94	3	1.46
837	data/reference/motifs/JASPAR2026_CORE_plants_non-redundant_pfms_meme.txt	MA2104.1	IDD11	AAAACGACAAAA	3.12e-1	1.00e0	9.27e2	382	206	206	206	9	3	1.46	1	0.49
838	data/reference/motifs/JASPAR2026_CORE_plants_non-redundant_pfms_meme.txt	MA2103.1	AT4G09450	TTATCY	1.73e-1	1.00e0	9.27e2	412	206	206	206	63	51	24.76	42	20.39
839	data/reference/motifs/JASPAR2026_CORE_plants_non-redundant_pfms_meme.txt	MA1800.1	TEM1	GCAACATA	3.63e-1	1.00e0	9.27e2	409	206	206	206	8	50	24.27	46	22.33
840	data/reference/motifs/JASPAR2026_CORE_plants_non-redundant_pfms_meme.txt	MA1797.1	RAV2	GCAACATA	6.00e-1	1.00e0	9.27e2	339	206	206	206	5	8	3.88	8	3.88
841	data/reference/motifs/JASPAR2026_CORE_plants_non-redundant_pfms_meme.txt	MA1788.1	NAC054	CTTGTNNHACACGYHAYCT	3.67e-1	1.00e0	9.27e2	104	206	206	206	1	54	26.21	50	24.27
842	data/reference/motifs/JASPAR2026_CORE_plants_non-redundant_pfms_meme.txt	MA1783.1	NAC005	TWRCTTVTTYHAYAAGTTW	5.00e-1	1.00e0	9.27e2	181	206	206	206	4	16	7.77	15	7.28
843	data/reference/motifs/JASPAR2026_CORE_plants_non-redundant_pfms_meme.txt	MA1749.1	E2FC	AWDWWGGCGCCAAAA	5.60e-1	1.00e0	9.27e2	50	206	206	206	1	25	12.14	25	12.14
844	data/reference/motifs/JASPAR2026_CORE_plants_non-redundant_pfms_meme.txt	MA1741.1	BRN2	CTTGWWHYDYACGYWA	1.26e-1	1.00e0	9.27e2	329	206	206	206	6	13	6.31	7	3.40
845	data/reference/motifs/JASPAR2026_CORE_plants_non-redundant_pfms_meme.txt	MA1687.1	ARF14	CGGGGGACAYGTCGGG	4.27e-1	1.00e0	9.27e2	91	206	206	206	2	17	8.25	15	7.28
846	data/reference/motifs/JASPAR2026_CORE_plants_non-redundant_pfms_meme.txt	MA1686.1	ARF13	ARCGGGGGACAYGT	6.25e-1	1.00e0	9.27e2	134	206	206	206	3	5	2.43	5	2.43
847	data/reference/motifs/JASPAR2026_CORE_plants_non-redundant_pfms_meme.txt	MA2090.1	PK26523.1	ATTCY	1.67e-1	1.00e0	9.27e2	412	206	206	206	64	188	91.26	181	87.86
848	data/reference/motifs/JASPAR2026_CORE_plants_non-redundant_pfms_meme.txt	MA2089.1	PK25870.1	RGTCAAM	3.12e-1	1.00e0	9.27e2	412	206	206	206	25	3	1.46	1	0.49
849	data/reference/motifs/JASPAR2026_CORE_plants_non-redundant_pfms_meme.txt	MA2087.1	PK24205.1	CACGTGKC	2.00e-1	1.00e0	9.27e2	197	206	206	206	2	48	23.30	40	19.42
850	data/reference/motifs/JASPAR2026_CORE_plants_non-redundant_pfms_meme.txt	MA2086.1	PK23964.1	KCCACGT	2.08e-1	1.00e0	9.27e2	412	206	206	206	8	201	97.57	197	95.63
851	data/reference/motifs/JASPAR2026_CORE_plants_non-redundant_pfms_meme.txt	MA2084.1	PK23009.1	CTTTW	3.10e-1	1.00e0	9.27e2	412	206	206	206	156	93	45.15	87	42.23
852	data/reference/motifs/JASPAR2026_CORE_plants_non-redundant_pfms_meme.txt	MA2083.1	PK21166.1	YACCTACY	9.60e-2	1.00e0	9.27e2	412	206	206	206	11	153	74.27	140	67.96
853	data/reference/motifs/JASPAR2026_CORE_plants_non-redundant_pfms_meme.txt	MA2079.1	PK19717.1	GGGSCCCMC	1.16e-1	1.00e0	9.27e2	383	206	206	206	7	66	32.04	54	26.21
854	data/reference/motifs/JASPAR2026_CORE_plants_non-redundant_pfms_meme.txt	MA2077.1	PK18474.1	CACGTGC	3.59e-1	1.00e0	9.27e2	88	206	206	206	1	46	22.33	42	20.39
855	data/reference/motifs/JASPAR2026_CORE_plants_non-redundant_pfms_meme.txt	MA2075.1	PK18009.1	ACACGTG	1.58e-1	1.00e0	9.27e2	412	206	206	206	12	127	61.65	116	56.31
856	data/reference/motifs/JASPAR2026_CORE_plants_non-redundant_pfms_meme.txt	MA2072.1	PK16335.1	GACAGCTG	2.69e-1	1.00e0	9.27e2	410	206	206	206	4	168	81.55	162	78.64
857	data/reference/motifs/JASPAR2026_CORE_plants_non-redundant_pfms_meme.txt	MA2071.1	PK15505.1	GCACGTGT	4.05e-1	1.00e0	9.27e2	87	206	206	206	2	45	21.84	42	20.39
858	data/reference/motifs/JASPAR2026_CORE_plants_non-redundant_pfms_meme.txt	MA2070.1	PK15337.1	CTTT	1.24e-1	1.00e0	9.27e2	412	206	206	206	224	206	100.00	203	98.54
859	data/reference/motifs/JASPAR2026_CORE_plants_non-redundant_pfms_meme.txt	MA2069.1	PK10955.1	CTTTW	2.25e-1	1.00e0	9.27e2	412	206	206	206	30	204	99.03	201	97.57
860	data/reference/motifs/JASPAR2026_CORE_plants_non-redundant_pfms_meme.txt	MA2068.1	PK10344.1	GGGACCAC	8.50e-1	1.00e0	9.27e2	141	206	206	206	1	66	32.04	75	36.41
861	data/reference/motifs/JASPAR2026_CORE_plants_non-redundant_pfms_meme.txt	MA2066.1	PK09021.1	TGACGTCA	9.38e-1	1.00e0	9.27e2	117	206	206	206	3	1	0.49	3	1.46
862	data/reference/motifs/JASPAR2026_CORE_plants_non-redundant_pfms_meme.txt	MA2065.1	PK08602.1	CCACCGCC	5.00e-1	1.00e0	9.27e2	57	206	206	206	2	3	1.46	2	0.97
863	data/reference/motifs/JASPAR2026_CORE_plants_non-redundant_pfms_meme.txt	MA2064.1	PK07858.1	CACGTGC	3.59e-1	1.00e0	9.27e2	88	206	206	206	1	46	22.33	42	20.39
864	data/reference/motifs/JASPAR2026_CORE_plants_non-redundant_pfms_meme.txt	MA2063.1	PK07402.1	RCCGMC	1.08e-1	1.00e0	9.27e2	409	206	206	206	4	197	95.63	190	92.23
865	data/reference/motifs/JASPAR2026_CORE_plants_non-redundant_pfms_meme.txt	MA2062.1	PK07031.1	CTTT	1.08e-1	1.00e0	9.27e2	412	206	206	206	250	205	99.51	201	97.57
866	data/reference/motifs/JASPAR2026_CORE_plants_non-redundant_pfms_meme.txt	MA2061.1	PK06517.1	CACGTGC	3.59e-1	1.00e0	9.27e2	88	206	206	206	1	46	22.33	42	20.39
867	data/reference/motifs/JASPAR2026_CORE_plants_non-redundant_pfms_meme.txt	MA2060.1	PK05451.1	CCACGTGM	4.05e-1	1.00e0	9.27e2	87	206	206	206	2	45	21.84	42	20.39
868	data/reference/motifs/JASPAR2026_CORE_plants_non-redundant_pfms_meme.txt	MA2059.1	PK05432.1	RGTCAA	2.25e-1	1.00e0	9.27e2	412	206	206	206	30	204	99.03	201	97.57
869	data/reference/motifs/JASPAR2026_CORE_plants_non-redundant_pfms_meme.txt	MA2057.1	PK01630.1	GCACGTG	9.96e-2	1.00e0	9.27e2	412	206	206	206	10	117	56.80	103	50.00
870	data/reference/motifs/JASPAR2026_CORE_plants_non-redundant_pfms_meme.txt	MA2056.1	PK01144.1	CTTT	1.38e-1	1.00e0	9.27e2	412	206	206	206	200	193	93.69	186	90.29
871	data/reference/motifs/JASPAR2026_CORE_plants_non-redundant_pfms_meme.txt	MA1380.1	TCX6	WTTTAAATTTTTWAA	5.00e-1	1.00e0	9.27e2	409	206	206	206	1	205	99.51	204	99.03
872	data/reference/motifs/JASPAR2026_CORE_plants_non-redundant_pfms_meme.txt	MA1379.1	SOL1	WTTWAAAATTTAAAW	6.57e-1	1.00e0	9.27e2	406	206	206	206	1	203	98.54	203	98.54
873	data/reference/motifs/JASPAR2026_CORE_plants_non-redundant_pfms_meme.txt	MA1373.1	GAF1	HABWAAACGACAAAA	4.13e-1	1.00e0	9.27e2	322	206	206	206	3	58	28.16	55	26.70
874	data/reference/motifs/JASPAR2026_CORE_plants_non-redundant_pfms_meme.txt	MA1350.1	BZIP42	TGCTGACGTGGC	8.15e-1	1.00e0	9.27e2	51	206	206	206	1	23	11.17	28	13.59
875	data/reference/motifs/JASPAR2026_CORE_plants_non-redundant_pfms_meme.txt	MA1348.1	TGA9	GMTGACGTCAY	6.58e-1	1.00e0	9.27e2	157	206	206	206	1	77	37.38	80	38.83
876	data/reference/motifs/JASPAR2026_CORE_plants_non-redundant_pfms_meme.txt	MA1339.1	BZIP43	GCCACGTCAGCA	6.51e-1	1.00e0	9.27e2	72	206	206	206	1	35	16.99	37	17.96
877	data/reference/motifs/JASPAR2026_CORE_plants_non-redundant_pfms_meme.txt	MA1335.1	TGA4	TGACGTCAKCA	5.00e-1	1.00e0	9.27e2	335	206	206	206	1	168	81.55	167	81.07
878	data/reference/motifs/JASPAR2026_CORE_plants_non-redundant_pfms_meme.txt	MA1328.1	ZHD9	WTWAWHNVYTAATYA	9.94e-2	1.00e0	9.27e2	412	206	206	206	13	102	49.51	88	42.72
879	data/reference/motifs/JASPAR2026_CORE_plants_non-redundant_pfms_meme.txt	MA1324.1	GATA20	ATCSGATC	3.42e-1	1.00e0	9.27e2	348	206	206	206	1	176	85.44	172	83.50
880	data/reference/motifs/JASPAR2026_CORE_plants_non-redundant_pfms_meme.txt	MA1309.1	WRKY3	AAAAGTCAACG	2.49e-1	1.00e0	9.27e2	346	206	206	206	9	2	0.97	0	0.00
881	data/reference/motifs/JASPAR2026_CORE_plants_non-redundant_pfms_meme.txt	MA1290.1	TCP17	GTGGTCCCCAC	2.21e-1	1.00e0	9.27e2	210	206	206	206	3	17	8.25	12	5.83
882	data/reference/motifs/JASPAR2026_CORE_plants_non-redundant_pfms_meme.txt	MA1242.1	DREB2F	CCDCCACCGCC	5.00e-1	1.00e0	9.27e2	205	206	206	206	7	3	1.46	2	0.97
883	data/reference/motifs/JASPAR2026_CORE_plants_non-redundant_pfms_meme.txt	MA1235.1	AIL7	CGNWTYYCGAG	3.24e-1	1.00e0	9.27e2	408	206	206	206	8	53	25.73	48	23.30
884	data/reference/motifs/JASPAR2026_CORE_plants_non-redundant_pfms_meme.txt	MA1225.1	ERF5	CCDCCGCCGCCGCCR	4.19e-1	1.00e0	9.27e2	147	206	206	206	1	75	36.41	72	34.95
885	data/reference/motifs/JASPAR2026_CORE_plants_non-redundant_pfms_meme.txt	MA1222.1	ERF014	CCDCCDCCACCGMCA	5.00e-1	1.00e0	9.27e2	193	206	206	206	6	5	2.43	4	1.94
886	data/reference/motifs/JASPAR2026_CORE_plants_non-redundant_pfms_meme.txt	MA1221.1	RAP2-6	TKGCGGCGGMGGHGG	4.58e-1	1.00e0	9.27e2	136	206	206	206	1	69	33.50	67	32.52
887	data/reference/motifs/JASPAR2026_CORE_plants_non-redundant_pfms_meme.txt	MA1162.1	TCX2	WTTYAAAATTYAAAW	5.00e-1	1.00e0	9.27e2	406	206	206	206	26	1	0.49	0	0.00
888	data/reference/motifs/JASPAR2026_CORE_plants_non-redundant_pfms_meme.txt	MA1161.1	TSO1	WWTTWAAAATTTAAA	3.12e-1	1.00e0	9.27e2	409	206	206	206	25	3	1.46	1	0.49
889	data/reference/motifs/JASPAR2026_CORE_plants_non-redundant_pfms_meme.txt	MA1098.1	ARALYDRAFT_484486	GGSCCCAC	2.29e-1	1.00e0	9.27e2	282	206	206	206	1	145	70.39	137	66.50
890	data/reference/motifs/JASPAR2026_CORE_plants_non-redundant_pfms_meme.txt	MA1097.1	ARALYDRAFT_493022	GGSMCCAC	2.96e-1	1.00e0	9.27e2	276	206	206	206	4	19	9.22	15	7.28
891	data/reference/motifs/JASPAR2026_CORE_plants_non-redundant_pfms_meme.txt	MA1096.1	ARALYDRAFT_496250	GGGACCAC	3.37e-1	1.00e0	9.27e2	133	206	206	206	1	69	33.50	64	31.07
892	data/reference/motifs/JASPAR2026_CORE_plants_non-redundant_pfms_meme.txt	MA1095.1	ARALYDRAFT_495258	GGSCCCAC	2.29e-1	1.00e0	9.27e2	282	206	206	206	1	145	70.39	137	66.50
893	data/reference/motifs/JASPAR2026_CORE_plants_non-redundant_pfms_meme.txt	MA1091.1	WRKY62	TGGTCAAC	3.59e-1	1.00e0	9.27e2	379	206	206	206	1	191	92.72	188	91.26
894	data/reference/motifs/JASPAR2026_CORE_plants_non-redundant_pfms_meme.txt	MA1084.1	WRKY38	CGTTGACC	5.00e-1	1.00e0	9.27e2	411	206	206	206	1	206	100.00	205	99.51
895	data/reference/motifs/JASPAR2026_CORE_plants_non-redundant_pfms_meme.txt	MA1080.1	WRKY23	AGTCAACG	3.11e-1	1.00e0	9.27e2	348	206	206	206	6	10	4.85	7	3.40
896	data/reference/motifs/JASPAR2026_CORE_plants_non-redundant_pfms_meme.txt	MA1075.1	WRKY12	CGTTGACC	5.00e-1	1.00e0	9.27e2	411	206	206	206	21	3	1.46	2	0.97
897	data/reference/motifs/JASPAR2026_CORE_plants_non-redundant_pfms_meme.txt	MA1067.1	TCP5	GGGACCAC	4.54e-1	1.00e0	9.27e2	239	206	206	206	2	50	24.27	48	23.30
898	data/reference/motifs/JASPAR2026_CORE_plants_non-redundant_pfms_meme.txt	MA1066.1	TCP23	GGGCCCAC	1.21e-1	1.00e0	9.27e2	317	206	206	206	1	164	79.61	153	74.27
899	data/reference/motifs/JASPAR2026_CORE_plants_non-redundant_pfms_meme.txt	MA1051.1	RAP2-3	GCGCCGCC	1.85e-1	1.00e0	9.27e2	351	206	206	206	12	13	6.31	8	3.88
900	data/reference/motifs/JASPAR2026_CORE_plants_non-redundant_pfms_meme.txt	MA1046.1	NTL9	TTAAGTAAT	3.07e-1	1.00e0	9.27e2	346	206	206	206	2	127	61.65	121	58.74
901	data/reference/motifs/JASPAR2026_CORE_plants_non-redundant_pfms_meme.txt	MA1035.1	TCP4	GGGACCAC	5.40e-1	1.00e0	9.27e2	248	206	206	206	1	124	60.19	124	60.19
902	data/reference/motifs/JASPAR2026_CORE_plants_non-redundant_pfms_meme.txt	MA1034.1	Os05g0497200	CGSCGCCR	5.00e-1	1.00e0	9.27e2	104	206	206	206	13	1	0.49	0	0.00
903	data/reference/motifs/JASPAR2026_CORE_plants_non-redundant_pfms_meme.txt	MA1033.1	OJ1058_F05.8	MCACGTGK	1.81e-1	1.00e0	9.27e2	253	206	206	206	4	56	27.18	47	22.82
904	data/reference/motifs/JASPAR2026_CORE_plants_non-redundant_pfms_meme.txt	MA1023.1	PHYPADRAFT_28324	KGTCGGTG	4.20e-1	1.00e0	9.27e2	115	206	206	206	2	14	6.80	12	5.83
905	data/reference/motifs/JASPAR2026_CORE_plants_non-redundant_pfms_meme.txt	MA1009.1	ARF3	TGTCGGAA	2.08e-1	1.00e0	9.27e2	398	206	206	206	1	201	97.57	197	95.63
906	data/reference/motifs/JASPAR2026_CORE_plants_non-redundant_pfms_meme.txt	MA1007.1	PHYPADRAFT_173530	TGTCGGTG	6.17e-1	1.00e0	9.27e2	186	206	206	206	1	92	44.66	94	45.63
907	data/reference/motifs/JASPAR2026_CORE_plants_non-redundant_pfms_meme.txt	MA0986.1	DREB2C	CACCGACA	6.72e-1	1.00e0	9.27e2	391	206	206	206	1	195	94.66	196	95.15
908	data/reference/motifs/JASPAR2026_CORE_plants_non-redundant_pfms_meme.txt	MA0978.1	DREB1E	ATGTCGGC	2.49e-1	1.00e0	9.27e2	297	206	206	206	9	2	0.97	0	0.00
909	data/reference/motifs/JASPAR2026_CORE_plants_non-redundant_pfms_meme.txt	MA0977.1	DOF2.5	AWAAAGTG	2.84e-1	1.00e0	9.27e2	412	206	206	206	18	180	87.38	175	84.95
910	data/reference/motifs/JASPAR2026_CORE_plants_non-redundant_pfms_meme.txt	MA0963.1	bHLH78	GCACGTGC	3.12e-1	1.00e0	9.27e2	177	206	206	206	8	3	1.46	1	0.49
911	data/reference/motifs/JASPAR2026_CORE_plants_non-redundant_pfms_meme.txt	MA0960.1	BHLH104	GGCACGTGCC	6.56e-1	1.00e0	9.27e2	66	206	206	206	2	32	15.53	34	16.50
912	data/reference/motifs/JASPAR2026_CORE_plants_non-redundant_pfms_meme.txt	MA0957.1	BHLH3	GCACGTGC	2.07e-1	1.00e0	9.27e2	374	206	206	206	10	52	25.24	44	21.36
913	data/reference/motifs/JASPAR2026_CORE_plants_non-redundant_pfms_meme.txt	MA0951.1	ATHB-16	TAATMATT	1.19e-1	1.00e0	9.27e2	412	206	206	206	7	176	85.44	166	80.58
914	data/reference/motifs/JASPAR2026_CORE_plants_non-redundant_pfms_meme.txt	MA0947.1	ARR14	AGATWCGS	3.74e-1	1.00e0	9.27e2	389	206	206	206	7	23	11.17	20	9.71
915	data/reference/motifs/JASPAR2026_CORE_plants_non-redundant_pfms_meme.txt	MA0946.1	ARR11	AAGATACG	5.80e-1	1.00e0	9.27e2	410	206	206	206	12	13	6.31	13	6.31
916	data/reference/motifs/JASPAR2026_CORE_plants_non-redundant_pfms_meme.txt	MA0939.1	NAC079	ACACGCAA	1.33e-1	1.00e0	9.27e2	348	206	206	206	3	85	41.26	73	35.44
917	data/reference/motifs/JASPAR2026_CORE_plants_non-redundant_pfms_meme.txt	MA0937.1	NAC055	ACACGTAA	2.95e-1	1.00e0	9.27e2	411	206	206	206	15	35	16.99	30	14.56
918	data/reference/motifs/JASPAR2026_CORE_plants_non-redundant_pfms_meme.txt	MA0580.1	DYT1	MGTGAGWCACGTGA	3.62e-1	1.00e0	9.27e2	94	206	206	206	1	49	23.79	45	21.84
919	data/reference/motifs/JASPAR2026_CORE_plants_non-redundant_pfms_meme.txt	MA0567.1	ERF1B	MGCCGCCA	1.89e-1	1.00e0	9.27e2	334	206	206	206	1	171	83.01	163	79.13
920	data/reference/motifs/JASPAR2026_CORE_plants_non-redundant_pfms_meme.txt	MA0561.1	PIF4	CACGTGSC	3.83e-1	1.00e0	9.27e2	186	206	206	206	1	95	46.12	91	44.17
921	data/reference/motifs/JASPAR2026_CORE_plants_non-redundant_pfms_meme.txt	MA0129.1	TGA1A	HACGTCA	2.49e-1	1.00e0	9.27e2	412	206	206	206	33	2	0.97	0	0.00
922	data/reference/motifs/JASPAR2026_CORE_plants_non-redundant_pfms_meme.txt	MA0128.1	EmBP-1	ASACGTGG	2.12e-1	1.00e0	9.27e2	382	206	206	206	4	90	43.69	81	39.32
923	data/reference/motifs/JASPAR2026_CORE_plants_non-redundant_pfms_meme.txt	MA0123.1	abi4	CGSYGCCCCC	3.00e-1	1.00e0	9.27e2	356	206	206	206	13	9	4.37	6	2.91
924	data/reference/motifs/JASPAR2026_CORE_plants_non-redundant_pfms_meme.txt	MA0097.1	bZIP911	GRTGACGTGGMC	8.89e-1	1.00e0	9.27e2	36	206	206	206	1	15	7.28	21	10.19
925	data/reference/motifs/JASPAR2026_CORE_plants_non-redundant_pfms_meme.txt	MA0096.1	bZIP910	MTGACGT	5.95e-1	1.00e0	9.27e2	182	206	206	206	3	9	4.37	9	4.37
926	data/reference/motifs/JASPAR2026_CORE_plants_non-redundant_pfms_meme.txt	MA0064.1	PBF	AAAGY	1.24e-1	1.00e0	9.27e2	412	206	206	206	14	206	100.00	203	98.54
927	data/reference/motifs/JASPAR2026_CORE_plants_non-redundant_pfms_meme.txt	MA0021.1	Dof3	AAAGYV	2.14e-1	1.00e0	9.27e2	412	206	206	206	16	38	18.45	31	15.05

# AME (Analysis of Motif Enrichment): Version 5.5.9 compiled on May 27 2026 at 12:40:54
# The format of this file is described at https://meme-suite.org/meme/doc/ame-output-format.html.
# ame --verbose 1 --text --control results/evidence/motifs/inputs/backgrounds/2000/replicate_012.fa --method fisher --scoring totalhits --hit-lo-fraction 0.25 --evalue-report-threshold 1000000 --noseq results/evidence/motifs/inputs/frozen_candidates_2000bp.fa data/reference/motifs/JASPAR2026_CORE_plants_non-redundant_pfms_meme.txt
