2	data/reference/motifs/JASPAR2026_CORE_plants_non-redundant_pfms_meme.txt	MA2740.1	SlTCP15	GTGGGACCCA	8.73e-4	2.66e-1	2.47e2	354	206	206	206	11	10	4.85	0	0.00
3	data/reference/motifs/JASPAR2026_CORE_plants_non-redundant_pfms_meme.txt	MA2387.1	NAC094	YGCCGTRNHNNHCACG	3.36e-3	3.37e-1	3.12e2	122	206	206	206	2	39	18.93	19	9.22
4	data/reference/motifs/JASPAR2026_CORE_plants_non-redundant_pfms_meme.txt	MA1288.2	TCP22	GTGGGHCCCAC	3.64e-3	4.30e-1	3.98e2	154	206	206	206	4	8	3.88	0	0.00
5	data/reference/motifs/JASPAR2026_CORE_plants_non-redundant_pfms_meme.txt	MA0563.2	SEP3	CYWTTTTTGG	1.49e-3	4.58e-1	4.25e2	412	206	206	206	27	12	5.83	1	0.49
6	data/reference/motifs/JASPAR2026_CORE_plants_non-redundant_pfms_meme.txt	MA2035.2	NAC075	GWAGCTTGTNNNACAAGCTW	5.35e-3	5.70e-1	5.29e2	158	206	206	206	4	10	4.85	1	0.49
7	data/reference/motifs/JASPAR2026_CORE_plants_non-redundant_pfms_meme.txt	MA1814.2	RIN	CTATTTTTGG	2.42e-3	6.31e-1	5.85e2	412	206	206	206	24	33	16.02	14	6.80
8	data/reference/motifs/JASPAR2026_CORE_plants_non-redundant_pfms_meme.txt	MA1326.2	ZHD5	GTRATTAR	2.55e-3	6.51e-1	6.03e2	412	206	206	206	18	55	26.70	31	15.05
9	data/reference/motifs/JASPAR2026_CORE_plants_non-redundant_pfms_meme.txt	MA1184.2	RVE1	WAAATATCT	2.69e-3	6.61e-1	6.12e2	402	206	206	206	5	130	63.11	101	49.03
10	data/reference/motifs/JASPAR2026_CORE_plants_non-redundant_pfms_meme.txt	MA1284.2	TCP1	GTGGGCCCCAC	9.46e-3	7.16e-1	6.64e2	133	206	206	206	3	18	8.74	6	2.91
11	data/reference/motifs/JASPAR2026_CORE_plants_non-redundant_pfms_meme.txt	MA1807.2	ZHD10	TAATTART	3.20e-3	7.29e-1	6.76e2	408	206	206	206	2	204	99.03	193	93.69
12	data/reference/motifs/JASPAR2026_CORE_plants_non-redundant_pfms_meme.txt	MA2480.1	GLYMA-04G093300	CTAATC	4.13e-3	8.14e-1	7.54e2	407	206	206	206	5	141	68.45	114	55.34
13	data/reference/motifs/JASPAR2026_CORE_plants_non-redundant_pfms_meme.txt	MA0573.2	ATHB-9	GTAATGATTRCDYBS	5.30e-2	8.43e-1	7.81e2	34	206	206	206	1	22	10.68	12	5.83
14	data/reference/motifs/JASPAR2026_CORE_plants_non-redundant_pfms_meme.txt	MA1765.2	MYB121	TACCTAACW	4.96e-3	8.68e-1	8.05e2	409	206	206	206	12	16	7.77	4	1.94
15	data/reference/motifs/JASPAR2026_CORE_plants_non-redundant_pfms_meme.txt	MA1352.1	TRP1	ACCCTAAACCCTAAACCCTAA	5.00e-1	8.75e-1	8.11e2	3	206	206	206	1	2	0.97	1	0.49
16	data/reference/motifs/JASPAR2026_CORE_plants_non-redundant_pfms_meme.txt	MA1058.2	SPL4	GTACG	5.09e-3	8.77e-1	8.13e2	412	206	206	206	70	123	59.71	96	46.60
17	data/reference/motifs/JASPAR2026_CORE_plants_non-redundant_pfms_meme.txt	MA1197.2	CAMTA1	AARCGCGTG	1.10e-2	8.83e-1	8.19e2	195	206	206	206	2	54	26.21	34	16.50
18	data/reference/motifs/JASPAR2026_CORE_plants_non-redundant_pfms_meme.txt	MA2669.1	GLYMA-04G231400	CAATAATTGATT	5.35e-3	8.84e-1	8.20e2	403	206	206	206	11	10	4.85	1	0.49
19	data/reference/motifs/JASPAR2026_CORE_plants_non-redundant_pfms_meme.txt	MA0001.3	AGL3	CCAWWWATAG	5.51e-3	8.97e-1	8.31e2	412	206	206	206	6	203	98.54	192	93.20
20	data/reference/motifs/JASPAR2026_CORE_plants_non-redundant_pfms_meme.txt	MA1028.1	KAN4	GAATATTC	5.97e-3	9.06e-1	8.40e2	396	206	206	206	6	150	72.82	125	60.68
21	data/reference/motifs/JASPAR2026_CORE_plants_non-redundant_pfms_meme.txt	MA2472.1	AT3G12910	YGSCGTVRWDDHBACGK	3.06e-2	9.17e-1	8.50e2	80	206	206	206	1	48	23.30	32	15.53
22	data/reference/motifs/JASPAR2026_CORE_plants_non-redundant_pfms_meme.txt	MA2460.1	MGH6.1	YGSCGTVRWDDHBACGK	3.06e-2	9.17e-1	8.50e2	80	206	206	206	1	48	23.30	32	15.53
23	data/reference/motifs/JASPAR2026_CORE_plants_non-redundant_pfms_meme.txt	MA1024.2	HAT1	YAATCATK	6.42e-3	9.29e-1	8.61e2	412	206	206	206	5	176	85.44	155	75.24
24	data/reference/motifs/JASPAR2026_CORE_plants_non-redundant_pfms_meme.txt	MA2091.1	PK27109.1	GACAGCTG	7.74e-3	9.50e-1	8.80e2	386	206	206	206	4	137	66.50	112	54.37
25	data/reference/motifs/JASPAR2026_CORE_plants_non-redundant_pfms_meme.txt	MA2359.1	PK23829.1	TTATCCR	7.42e-3	9.50e-1	8.81e2	405	206	206	206	1	206	100.00	199	96.60
26	data/reference/motifs/JASPAR2026_CORE_plants_non-redundant_pfms_meme.txt	MA1285.2	TCP9	GTGGGTCCCAC	2.83e-2	9.53e-1	8.83e2	108	206	206	206	1	63	30.58	45	21.84
27	data/reference/motifs/JASPAR2026_CORE_plants_non-redundant_pfms_meme.txt	MA1177.2	MYB65	TAACCGHM	7.42e-3	9.53e-1	8.83e2	412	206	206	206	23	7	3.40	0	0.00
28	data/reference/motifs/JASPAR2026_CORE_plants_non-redundant_pfms_meme.txt	MA2354.1	PK06182.1	TACCTACC	7.74e-3	9.56e-1	8.86e2	403	206	206	206	5	94	45.63	69	33.50
29	data/reference/motifs/JASPAR2026_CORE_plants_non-redundant_pfms_meme.txt	MA2103.1	AT4G09450	TTATCY	7.74e-3	9.59e-1	8.89e2	412	206	206	206	65	38	18.45	20	9.71
30	data/reference/motifs/JASPAR2026_CORE_plants_non-redundant_pfms_meme.txt	MA2610.1	ereb97	CGCCGCCGCC	1.37e-1	9.60e-1	8.90e2	22	206	206	206	1	14	6.80	8	3.88
31	data/reference/motifs/JASPAR2026_CORE_plants_non-redundant_pfms_meme.txt	MA1832.2	Zm00001d002364	CGCCGCCGCC	1.37e-1	9.60e-1	8.90e2	22	206	206	206	1	14	6.80	8	3.88
32	data/reference/motifs/JASPAR2026_CORE_plants_non-redundant_pfms_meme.txt	MA1818.1	Zm00001d052229	CGCCGCCGCC	1.37e-1	9.60e-1	8.90e2	22	206	206	206	1	14	6.80	8	3.88
33	data/reference/motifs/JASPAR2026_CORE_plants_non-redundant_pfms_meme.txt	MA2038.2	NAC103	CAAGTTA	7.85e-3	9.61e-1	8.90e2	412	206	206	206	21	95	46.12	70	33.98
34	data/reference/motifs/JASPAR2026_CORE_plants_non-redundant_pfms_meme.txt	MA1767.2	MYB23	CAACWA	8.91e-3	9.75e-1	9.03e2	412	206	206	206	10	120	58.25	95	46.12
35	data/reference/motifs/JASPAR2026_CORE_plants_non-redundant_pfms_meme.txt	MA1282.2	TCP13	GTGGGGACCAC	3.18e-2	9.77e-1	9.05e2	118	206	206	206	1	68	33.01	50	24.27
36	data/reference/motifs/JASPAR2026_CORE_plants_non-redundant_pfms_meme.txt	MA2673.1	GLYMA-15G086400	WTCTAGAAMCTTCTAGAR	2.27e-2	9.79e-1	9.08e2	171	206	206	206	1	96	46.60	75	36.41
37	data/reference/motifs/JASPAR2026_CORE_plants_non-redundant_pfms_meme.txt	MA2643.1	SNAC23	YACGGAACT	9.71e-3	9.81e-1	9.09e2	409	206	206	206	11	21	10.19	8	3.88
38	data/reference/motifs/JASPAR2026_CORE_plants_non-redundant_pfms_meme.txt	MA1283.2	TCP14	ADAGVDBGTGGGDCCCAC	2.49e-1	9.82e-1	9.10e2	14	206	206	206	3	2	0.97	0	0.00
39	data/reference/motifs/JASPAR2026_CORE_plants_non-redundant_pfms_meme.txt	MA2622.1	hb34	CAATAATTG	1.01e-2	9.84e-1	9.13e2	412	206	206	206	22	93	45.15	69	33.50
40	data/reference/motifs/JASPAR2026_CORE_plants_non-redundant_pfms_meme.txt	MA0945.2	ARR1	RDATCT	1.09e-2	9.89e-1	9.17e2	412	206	206	206	69	130	63.11	106	51.46
41	data/reference/motifs/JASPAR2026_CORE_plants_non-redundant_pfms_meme.txt	MA2105.1	GLYMA-13G317000	ACACGT	1.19e-2	9.90e-1	9.18e2	388	206	206	206	2	185	89.81	168	81.55
42	data/reference/motifs/JASPAR2026_CORE_plants_non-redundant_pfms_meme.txt	MA2719.1	lat61	CRCACGTGYG	3.57e-2	9.90e-1	9.18e2	130	206	206	206	2	74	35.92	56	27.18
43	data/reference/motifs/JASPAR2026_CORE_plants_non-redundant_pfms_meme.txt	MA1666.3	HSFB2B	RGAAGSTTCTA	1.27e-2	9.91e-1	9.18e2	368	206	206	206	2	169	82.04	149	72.33
44	data/reference/motifs/JASPAR2026_CORE_plants_non-redundant_pfms_meme.txt	MA2360.1	PK28565.1	TAACBGTC	1.16e-2	9.92e-1	9.19e2	412	206	206	206	14	29	14.08	14	6.80
45	data/reference/motifs/JASPAR2026_CORE_plants_non-redundant_pfms_meme.txt	MA1410.2	StBRC1	GGGSCCM	1.19e-2	9.92e-1	9.19e2	403	206	206	206	4	185	89.81	168	81.55
46	data/reference/motifs/JASPAR2026_CORE_plants_non-redundant_pfms_meme.txt	MA0568.2	MYC3	CACGTG	1.27e-2	9.94e-1	9.22e2	407	206	206	206	10	169	82.04	149	72.33
47	data/reference/motifs/JASPAR2026_CORE_plants_non-redundant_pfms_meme.txt	MA1356.1	TRP2	AACCCTAAACCCTAAACCCTA	3.00e-1	9.95e-1	9.23e2	15	206	206	206	1	9	4.37	6	2.91
48	data/reference/motifs/JASPAR2026_CORE_plants_non-redundant_pfms_meme.txt	MA0963.1	bHLH78	GCACGTGC	3.42e-2	9.96e-1	9.23e2	159	206	206	206	2	89	43.20	70	33.98
49	data/reference/motifs/JASPAR2026_CORE_plants_non-redundant_pfms_meme.txt	MA1037.2	MYB24	GTTAGGY	1.33e-2	9.96e-1	9.23e2	412	206	206	206	46	136	66.02	113	54.85
50	data/reference/motifs/JASPAR2026_CORE_plants_non-redundant_pfms_meme.txt	MA0587.2	TCP16	GTGGACCC	1.91e-2	9.96e-1	9.24e2	296	206	206	206	4	39	18.93	23	11.17
51	data/reference/motifs/JASPAR2026_CORE_plants_non-redundant_pfms_meme.txt	MA2081.1	PK20317.1	CKTTW	1.49e-2	9.98e-1	9.25e2	412	206	206	206	144	17	8.25	6	2.91
52	data/reference/motifs/JASPAR2026_CORE_plants_non-redundant_pfms_meme.txt	MA1042.1	MYB59	RTTAGGTA	1.50e-2	9.98e-1	9.25e2	412	206	206	206	21	41	19.90	24	11.65
53	data/reference/motifs/JASPAR2026_CORE_plants_non-redundant_pfms_meme.txt	MA2062.1	PK07031.1	CTTT	1.51e-2	9.98e-1	9.25e2	412	206	206	206	247	206	100.00	200	97.09
54	data/reference/motifs/JASPAR2026_CORE_plants_non-redundant_pfms_meme.txt	MA2034.2	NAC057	CAAGTAA	1.60e-2	9.99e-1	9.26e2	412	206	206	206	11	203	98.54	194	94.17
55	data/reference/motifs/JASPAR2026_CORE_plants_non-redundant_pfms_meme.txt	MA2640.1	GLYMA-19G062000	GTAACAGTTAC	1.66e-2	9.99e-1	9.26e2	398	206	206	206	2	192	93.20	178	86.41
56	data/reference/motifs/JASPAR2026_CORE_plants_non-redundant_pfms_meme.txt	MA1181.2	MYB113	AKTYMGTTAT	1.66e-2	9.99e-1	9.26e2	411	206	206	206	5	192	93.20	178	86.41
57	data/reference/motifs/JASPAR2026_CORE_plants_non-redundant_pfms_meme.txt	MA2759.1	ereb7	GCGGCGGCGGCGG	7.51e-1	9.99e-1	9.26e2	5	206	206	206	2	1	0.49	1	0.49
58	data/reference/motifs/JASPAR2026_CORE_plants_non-redundant_pfms_meme.txt	MA2079.1	PK19717.1	GGGSCCCMC	1.83e-2	9.99e-1	9.26e2	386	206	206	206	14	15	7.28	5	2.43
59	data/reference/motifs/JASPAR2026_CORE_plants_non-redundant_pfms_meme.txt	MA2397.1	ILR3	CACGTG	1.74e-2	9.99e-1	9.26e2	412	206	206	206	38	77	37.38	56	27.18
60	data/reference/motifs/JASPAR2026_CORE_plants_non-redundant_pfms_meme.txt	MA2347.1	OS04G0486400	TAACC	1.80e-2	9.99e-1	9.26e2	412	206	206	206	99	130	63.11	108	52.43
61	data/reference/motifs/JASPAR2026_CORE_plants_non-redundant_pfms_meme.txt	MA2026.2	MYB108	TACCTAACTT	1.83e-2	9.99e-1	9.26e2	407	206	206	206	10	15	7.28	5	2.43
62	data/reference/motifs/JASPAR2026_CORE_plants_non-redundant_pfms_meme.txt	MA2739.1	SlTCP12	GTGGGACCCAC	2.88e-2	9.99e-1	9.26e2	260	206	206	206	7	14	6.80	5	2.43
63	data/reference/motifs/JASPAR2026_CORE_plants_non-redundant_pfms_meme.txt	MA1665.3	HSFB2A	RGAAGSTTCY	2.05e-2	9.99e-1	9.26e2	366	206	206	206	1	190	92.23	176	85.44
64	data/reference/motifs/JASPAR2026_CORE_plants_non-redundant_pfms_meme.txt	MA0990.2	HDG11	AWTWAATGC	1.88e-2	1.00e0	9.27e2	412	206	206	206	65	81	39.32	60	29.13
65	data/reference/motifs/JASPAR2026_CORE_plants_non-redundant_pfms_meme.txt	MA1384.1	PHL7	AAARGAATATTCY	2.41e-2	1.00e0	9.27e2	324	206	206	206	2	120	58.25	99	48.06
66	data/reference/motifs/JASPAR2026_CORE_plants_non-redundant_pfms_meme.txt	MA1059.3	SPL5	TGTACGGAH	1.45e-1	1.00e0	9.27e2	50	206	206	206	1	29	14.08	21	10.19
67	data/reference/motifs/JASPAR2026_CORE_plants_non-redundant_pfms_meme.txt	MA2375.1	BMY2	SRCACGTGTGR	6.84e-2	1.00e0	9.27e2	129	206	206	206	1	72	34.95	57	27.67
68	data/reference/motifs/JASPAR2026_CORE_plants_non-redundant_pfms_meme.txt	MA1169.1	MYB105	WTHDWWACCGTTA	2.83e-2	1.00e0	9.27e2	312	206	206	206	3	63	30.58	45	21.84
69	data/reference/motifs/JASPAR2026_CORE_plants_non-redundant_pfms_meme.txt	MA1290.1	TCP17	GTGGTCCCCAC	4.85e-2	1.00e0	9.27e2	195	206	206	206	3	17	8.25	8	3.88
70	data/reference/motifs/JASPAR2026_CORE_plants_non-redundant_pfms_meme.txt	MA1065.3	TCP20	GTGGGWCCCAC	4.36e-2	1.00e0	9.27e2	218	206	206	206	7	10	4.85	3	1.46
71	data/reference/motifs/JASPAR2026_CORE_plants_non-redundant_pfms_meme.txt	MA1370.2	IDD5	TTTTGTCGTTTWST	3.05e-2	1.00e0	9.27e2	313	206	206	206	6	5	2.43	0	0.00
72	data/reference/motifs/JASPAR2026_CORE_plants_non-redundant_pfms_meme.txt	MA1758.2	HSFA1E	AGAAGCTTCTAGAA	4.69e-2	1.00e0	9.27e2	204	206	206	206	1	111	53.88	93	45.15
73	data/reference/motifs/JASPAR2026_CORE_plants_non-redundant_pfms_meme.txt	MA1741.1	BRN2	CTTGWWHYDYACGYWA	2.83e-2	1.00e0	9.27e2	338	206	206	206	3	75	36.41	56	27.18
74	data/reference/motifs/JASPAR2026_CORE_plants_non-redundant_pfms_meme.txt	MA1791.1	NAC087	TTDCTTGTNNNACACGYWA	9.37e-2	1.00e0	9.27e2	105	206	206	206	2	25	12.14	16	7.77
75	data/reference/motifs/JASPAR2026_CORE_plants_non-redundant_pfms_meme.txt	MA1190.2	RVE5	AGATATTTT	2.51e-2	1.00e0	9.27e2	393	206	206	206	5	83	40.29	63	30.58
76	data/reference/motifs/JASPAR2026_CORE_plants_non-redundant_pfms_meme.txt	MA0569.2	MYC4	CACGTGC	2.65e-2	1.00e0	9.27e2	373	206	206	206	2	171	83.01	154	74.76
77	data/reference/motifs/JASPAR2026_CORE_plants_non-redundant_pfms_meme.txt	MA1330.2	ZHD6	AAWHRTAATTAA	2.40e-2	1.00e0	9.27e2	412	206	206	206	15	106	51.46	85	41.26
78	data/reference/motifs/JASPAR2026_CORE_plants_non-redundant_pfms_meme.txt	MA1408.2	FaEOBII	GTTAGGTA	2.43e-2	1.00e0	9.27e2	412	206	206	206	23	43	20.87	27	13.11
79	data/reference/motifs/JASPAR2026_CORE_plants_non-redundant_pfms_meme.txt	MA1191.2	RVE7L	AAAATATCT	2.64e-2	1.00e0	9.27e2	382	206	206	206	4	87	42.23	67	32.52
80	data/reference/motifs/JASPAR2026_CORE_plants_non-redundant_pfms_meme.txt	MA2406.1	PK03576.1	CACGTGC	1.27e-1	1.00e0	9.27e2	75	206	206	206	2	25	12.14	17	8.25
81	data/reference/motifs/JASPAR2026_CORE_plants_non-redundant_pfms_meme.txt	MA1286.2	TCP24	GGGACCAC	4.63e-2	1.00e0	9.27e2	223	206	206	206	2	62	30.10	46	22.33
82	data/reference/motifs/JASPAR2026_CORE_plants_non-redundant_pfms_meme.txt	MA1360.3	bHLH74	CACGTG	3.01e-2	1.00e0	9.27e2	344	206	206	206	8	21	10.19	10	4.85
83	data/reference/motifs/JASPAR2026_CORE_plants_non-redundant_pfms_meme.txt	MA1368.3	GT-4	TAACTATGGTTA	2.89e-2	1.00e0	9.27e2	367	206	206	206	6	40	19.42	25	12.14
84	data/reference/motifs/JASPAR2026_CORE_plants_non-redundant_pfms_meme.txt	MA1792.1	NAC098	CKTGTNNHACACGTHA	5.31e-2	1.00e0	9.27e2	201	206	206	206	3	27	13.11	16	7.77
85	data/reference/motifs/JASPAR2026_CORE_plants_non-redundant_pfms_meme.txt	MA0110.4	ATHB-5	CAATCATT	2.61e-2	1.00e0	9.27e2	412	206	206	206	23	191	92.72	178	86.41
86	data/reference/motifs/JASPAR2026_CORE_plants_non-redundant_pfms_meme.txt	MA2349.1	OsCCA1	AATATCT	2.61e-2	1.00e0	9.27e2	412	206	206	206	41	191	92.72	178	86.41
87	data/reference/motifs/JASPAR2026_CORE_plants_non-redundant_pfms_meme.txt	MA1287.2	TCP21	GTGGGMCCCAC	5.31e-2	1.00e0	9.27e2	203	206	206	206	3	27	13.11	16	7.77
88	data/reference/motifs/JASPAR2026_CORE_plants_non-redundant_pfms_meme.txt	MA1178.3	MYB3R1	TAACGGTC	2.65e-2	1.00e0	9.27e2	409	206	206	206	10	33	16.02	19	9.22
89	data/reference/motifs/JASPAR2026_CORE_plants_non-redundant_pfms_meme.txt	MA2028.2	MYB49	TTACCTAACTW	2.67e-2	1.00e0	9.27e2	408	206	206	206	8	88	42.72	68	33.01
90	data/reference/motifs/JASPAR2026_CORE_plants_non-redundant_pfms_meme.txt	MA2365.1	VIT_17s0000g10420	GTTAACYV	2.82e-2	1.00e0	9.27e2	388	206	206	206	1	199	96.60	189	91.75
91	data/reference/motifs/JASPAR2026_CORE_plants_non-redundant_pfms_meme.txt	MA2009.2	NAC010	TAACTTGTDNHACAAGTTACC	1.08e-1	1.00e0	9.27e2	103	206	206	206	4	5	2.43	1	0.49
92	data/reference/motifs/JASPAR2026_CORE_plants_non-redundant_pfms_meme.txt	MA1038.2	MYB3	GGTAGGTA	2.81e-2	1.00e0	9.27e2	403	206	206	206	6	46	22.33	30	14.56
93	data/reference/motifs/JASPAR2026_CORE_plants_non-redundant_pfms_meme.txt	MA2056.1	PK01144.1	CTTT	2.81e-2	1.00e0	9.27e2	412	206	206	206	213	176	85.44	160	77.67
94	data/reference/motifs/JASPAR2026_CORE_plants_non-redundant_pfms_meme.txt	MA1175.2	MYB81	TAACHGWWT	2.82e-2	1.00e0	9.27e2	412	206	206	206	8	199	96.60	189	91.75
95	data/reference/motifs/JASPAR2026_CORE_plants_non-redundant_pfms_meme.txt	MA1706.2	AT1G14600	WAYATTCT	2.82e-2	1.00e0	9.27e2	412	206	206	206	45	199	96.60	189	91.75
96	data/reference/motifs/JASPAR2026_CORE_plants_non-redundant_pfms_meme.txt	MA2044.2	NAC007	CAAGCAA	2.85e-2	1.00e0	9.27e2	412	206	206	206	12	186	90.29	172	83.50
97	data/reference/motifs/JASPAR2026_CORE_plants_non-redundant_pfms_meme.txt	MA2724.1	SlTCP18	GTGGGVCCCAC	4.52e-2	1.00e0	9.27e2	260	206	206	206	5	30	14.56	18	8.74
98	data/reference/motifs/JASPAR2026_CORE_plants_non-redundant_pfms_meme.txt	MA0984.2	DOF5.7	AAARR	2.85e-2	1.00e0	9.27e2	412	206	206	206	177	190	92.23	177	85.92
99	data/reference/motifs/JASPAR2026_CORE_plants_non-redundant_pfms_meme.txt	MA1185.2	LHY	AGATATTTT	2.98e-2	1.00e0	9.27e2	395	206	206	206	3	147	71.36	128	62.14
100	data/reference/motifs/JASPAR2026_CORE_plants_non-redundant_pfms_meme.txt	MA2069.1	PK10955.1	CTTTW	2.88e-2	1.00e0	9.27e2	412	206	206	206	63	14	6.80	5	2.43
101	data/reference/motifs/JASPAR2026_CORE_plants_non-redundant_pfms_meme.txt	MA0590.1	LFY	YATTRACCGSCGGTYAATR	2.21e-1	1.00e0	9.27e2	48	206	206	206	2	27	13.11	21	10.19
102	data/reference/motifs/JASPAR2026_CORE_plants_non-redundant_pfms_meme.txt	MA2615.1	ereb109	CGCCGCC	2.49e-1	1.00e0	9.27e2	42	206	206	206	3	2	0.97	0	0.00
103	data/reference/motifs/JASPAR2026_CORE_plants_non-redundant_pfms_meme.txt	MA1174.2	MYB56	ATAACGGWHW	2.99e-2	1.00e0	9.27e2	407	206	206	206	7	103	50.00	83	40.29
104	data/reference/motifs/JASPAR2026_CORE_plants_non-redundant_pfms_meme.txt	MA1289.2	TCP3	GGGACCAC	7.66e-2	1.00e0	9.27e2	160	206	206	206	2	34	16.50	23	11.17
105	data/reference/motifs/JASPAR2026_CORE_plants_non-redundant_pfms_meme.txt	MA2435.1	SPL16D	GCGGTASTACCGC	7.86e-2	1.00e0	9.27e2	156	206	206	206	3	13	6.31	6	2.91
106	data/reference/motifs/JASPAR2026_CORE_plants_non-redundant_pfms_meme.txt	MA1098.1	ARALYDRAFT_484486	GGSCCCAC	4.36e-2	1.00e0	9.27e2	283	206	206	206	5	10	4.85	3	1.46
107	data/reference/motifs/JASPAR2026_CORE_plants_non-redundant_pfms_meme.txt	MA1095.1	ARALYDRAFT_495258	GGSCCCAC	4.36e-2	1.00e0	9.27e2	283	206	206	206	5	10	4.85	3	1.46
108	data/reference/motifs/JASPAR2026_CORE_plants_non-redundant_pfms_meme.txt	MA2377.1	cassava45561.m1	GGGSCCCAC	3.10e-2	1.00e0	9.27e2	399	206	206	206	2	189	91.75	176	85.44
109	data/reference/motifs/JASPAR2026_CORE_plants_non-redundant_pfms_meme.txt	MA0946.1	ARR11	AAGATACG	3.01e-2	1.00e0	9.27e2	411	206	206	206	11	21	10.19	10	4.85
110	data/reference/motifs/JASPAR2026_CORE_plants_non-redundant_pfms_meme.txt	MA1304.2	WRKY59	AAAAGTCAAM	3.05e-2	1.00e0	9.27e2	407	206	206	206	1	206	100.00	201	97.57
111	data/reference/motifs/JASPAR2026_CORE_plants_non-redundant_pfms_meme.txt	MA2422.1	OsbZIP42	TGMCACGTCA	3.10e-2	1.00e0	9.27e2	401	206	206	206	1	204	99.03	197	95.63
112	data/reference/motifs/JASPAR2026_CORE_plants_non-redundant_pfms_meme.txt	MA1783.1	NAC005	TWRCTTVTTYHAYAAGTTW	6.98e-2	1.00e0	9.27e2	178	206	206	206	4	16	7.77	8	3.88
113	data/reference/motifs/JASPAR2026_CORE_plants_non-redundant_pfms_meme.txt	MA2728.1	SolycHsfC1	RGAAGTTTCTAG	3.48e-2	1.00e0	9.27e2	357	206	206	206	3	91	44.17	72	34.95
114	data/reference/motifs/JASPAR2026_CORE_plants_non-redundant_pfms_meme.txt	MA1166.2	PHL12	AARRGAATATTC	4.19e-2	1.00e0	9.27e2	297	206	206	206	4	24	11.65	13	6.31
115	data/reference/motifs/JASPAR2026_CORE_plants_non-redundant_pfms_meme.txt	MA1089.2	WRKY57	RGTCAA	3.03e-2	1.00e0	9.27e2	412	206	206	206	58	107	51.94	87	42.23
116	data/reference/motifs/JASPAR2026_CORE_plants_non-redundant_pfms_meme.txt	MA1388.2	PHL2	VGAATMT	3.05e-2	1.00e0	9.27e2	411	206	206	206	5	185	89.81	171	83.01
117	data/reference/motifs/JASPAR2026_CORE_plants_non-redundant_pfms_meme.txt	MA1825.2	Zm00001d044409	CTTATC	3.05e-2	1.00e0	9.27e2	412	206	206	206	13	185	89.81	171	83.01
118	data/reference/motifs/JASPAR2026_CORE_plants_non-redundant_pfms_meme.txt	MA2070.1	PK15337.1	CTTT	3.05e-2	1.00e0	9.27e2	412	206	206	206	224	206	100.00	201	97.57
119	data/reference/motifs/JASPAR2026_CORE_plants_non-redundant_pfms_meme.txt	MA2080.1	PK20225.1	CACGTG	3.10e-2	1.00e0	9.27e2	412	206	206	206	47	9	4.37	2	0.97
120	data/reference/motifs/JASPAR2026_CORE_plants_non-redundant_pfms_meme.txt	MA2345.1	OS02G0104500	GTAAAW	3.10e-2	1.00e0	9.27e2	412	206	206	206	81	189	91.75	176	85.44
121	data/reference/motifs/JASPAR2026_CORE_plants_non-redundant_pfms_meme.txt	MA2645.1	GLYMA-16G042900	GGTTGCKTSTTCHASAAGYWA	1.37e-1	1.00e0	9.27e2	88	206	206	206	2	14	6.80	8	3.88
122	data/reference/motifs/JASPAR2026_CORE_plants_non-redundant_pfms_meme.txt	MA1734.1	AT1G19040	CTTGNDCYBCAAGTWW	1.08e-1	1.00e0	9.27e2	122	206	206	206	4	5	2.43	1	0.49
123	data/reference/motifs/JASPAR2026_CORE_plants_non-redundant_pfms_meme.txt	MA1223.2	ERF035	TGTCGGTGG	1.30e-1	1.00e0	9.27e2	97	206	206	206	2	9	4.37	4	1.94
124	data/reference/motifs/JASPAR2026_CORE_plants_non-redundant_pfms_meme.txt	MA1022.2	PHYPADRAFT_38837	AAAG	3.32e-2	1.00e0	9.27e2	412	206	206	206	173	70	33.98	52	25.24
125	data/reference/motifs/JASPAR2026_CORE_plants_non-redundant_pfms_meme.txt	MA0981.2	DOF1.8	AAAG	3.32e-2	1.00e0	9.27e2	412	206	206	206	173	70	33.98	52	25.24
126	data/reference/motifs/JASPAR2026_CORE_plants_non-redundant_pfms_meme.txt	MA2394.1	PpDof6	CTTT	3.32e-2	1.00e0	9.27e2	412	206	206	206	173	70	33.98	52	25.24
127	data/reference/motifs/JASPAR2026_CORE_plants_non-redundant_pfms_meme.txt	MA2650.1	GLYMA-05G027400	GTGGGCCCCAC	6.76e-2	1.00e0	9.27e2	203	206	206	206	5	12	5.83	5	2.43
128	data/reference/motifs/JASPAR2026_CORE_plants_non-redundant_pfms_meme.txt	MA0571.2	ANT	GCACRRWTCCCVAKGY	2.08e-1	1.00e0	9.27e2	59	206	206	206	2	9	4.37	5	2.43
129	data/reference/motifs/JASPAR2026_CORE_plants_non-redundant_pfms_meme.txt	MA2085.1	PK23763.1	CTTTW	3.38e-2	1.00e0	9.27e2	412	206	206	206	125	7	3.40	1	0.49
130	data/reference/motifs/JASPAR2026_CORE_plants_non-redundant_pfms_meme.txt	MA0964.3	BIM1	TCACGTGA	4.52e-2	1.00e0	9.27e2	309	206	206	206	4	97	47.09	79	38.35
131	data/reference/motifs/JASPAR2026_CORE_plants_non-redundant_pfms_meme.txt	MA1027.2	KAN1	WTATTC	3.42e-2	1.00e0	9.27e2	412	206	206	206	117	136	66.02	117	56.80
132	data/reference/motifs/JASPAR2026_CORE_plants_non-redundant_pfms_meme.txt	MA2651.1	GLYMA-20G154400	GGGCCCCAC	4.19e-2	1.00e0	9.27e2	339	206	206	206	7	24	11.65	13	6.31
133	data/reference/motifs/JASPAR2026_CORE_plants_non-redundant_pfms_meme.txt	MA1062.3	TCP15	GTGGGWCCCAC	6.98e-2	1.00e0	9.27e2	208	206	206	206	6	16	7.77	8	3.88
134	data/reference/motifs/JASPAR2026_CORE_plants_non-redundant_pfms_meme.txt	MA2421.1	SBP8	ARGTACAA	3.56e-2	1.00e0	9.27e2	412	206	206	206	16	12	5.83	4	1.94
135	data/reference/motifs/JASPAR2026_CORE_plants_non-redundant_pfms_meme.txt	MA2073.1	PK16340.1	CKTT	3.56e-2	1.00e0	9.27e2	412	206	206	206	203	12	5.83	4	1.94
136	data/reference/motifs/JASPAR2026_CORE_plants_non-redundant_pfms_meme.txt	MA1740.2	BHLH49	CACGTGC	1.63e-1	1.00e0	9.27e2	83	206	206	206	1	46	22.33	37	17.96
137	data/reference/motifs/JASPAR2026_CORE_plants_non-redundant_pfms_meme.txt	MA1074.2	UNE10	CACGTGM	1.63e-1	1.00e0	9.27e2	83	206	206	206	1	46	22.33	37	17.96
138	data/reference/motifs/JASPAR2026_CORE_plants_non-redundant_pfms_meme.txt	MA2077.1	PK18474.1	CACGTGC	1.63e-1	1.00e0	9.27e2	83	206	206	206	1	46	22.33	37	17.96
139	data/reference/motifs/JASPAR2026_CORE_plants_non-redundant_pfms_meme.txt	MA2064.1	PK07858.1	CACGTGC	1.63e-1	1.00e0	9.27e2	83	206	206	206	1	46	22.33	37	17.96
140	data/reference/motifs/JASPAR2026_CORE_plants_non-redundant_pfms_meme.txt	MA2061.1	PK06517.1	CACGTGC	1.63e-1	1.00e0	9.27e2	83	206	206	206	1	46	22.33	37	17.96
141	data/reference/motifs/JASPAR2026_CORE_plants_non-redundant_pfms_meme.txt	MA1045.2	NAC043	TWACGTAA	3.59e-2	1.00e0	9.27e2	412	206	206	206	4	187	90.78	174	84.47
142	data/reference/motifs/JASPAR2026_CORE_plants_non-redundant_pfms_meme.txt	MA2067.1	PK09702.1	GCACGTGR	1.85e-1	1.00e0	9.27e2	74	206	206	206	1	41	19.90	33	16.02
143	data/reference/motifs/JASPAR2026_CORE_plants_non-redundant_pfms_meme.txt	MA2672.1	GLYMA-01G233000	AGAASCTTCT	3.80e-2	1.00e0	9.27e2	399	206	206	206	2	194	94.17	183	88.83
144	data/reference/motifs/JASPAR2026_CORE_plants_non-redundant_pfms_meme.txt	MA2057.1	PK01630.1	GCACGTG	3.79e-2	1.00e0	9.27e2	411	206	206	206	10	117	56.80	98	47.57
145	data/reference/motifs/JASPAR2026_CORE_plants_non-redundant_pfms_meme.txt	MA0972.1	CCA1	AAATATCT	3.79e-2	1.00e0	9.27e2	411	206	206	206	10	109	52.91	90	43.69
146	data/reference/motifs/JASPAR2026_CORE_plants_non-redundant_pfms_meme.txt	MA1682.2	TCX3	AAATTCAAATWT	3.80e-2	1.00e0	9.27e2	412	206	206	206	18	23	11.17	12	5.83
147	data/reference/motifs/JASPAR2026_CORE_plants_non-redundant_pfms_meme.txt	MA2052.2	ZAT6	AATGATTG	3.82e-2	1.00e0	9.27e2	412	206	206	206	20	197	95.63	187	90.78
148	data/reference/motifs/JASPAR2026_CORE_plants_non-redundant_pfms_meme.txt	MA1821.2	Zm00001d020595	GGCGGCGGCG	5.00e-1	1.00e0	9.27e2	23	206	206	206	4	1	0.49	0	0.00
149	data/reference/motifs/JASPAR2026_CORE_plants_non-redundant_pfms_meme.txt	MA2088.1	PK24580.1	GCCGGCA	1.24e-1	1.00e0	9.27e2	129	206	206	206	6	3	1.46	0	0.00
150	data/reference/motifs/JASPAR2026_CORE_plants_non-redundant_pfms_meme.txt	MA1788.1	NAC054	CTTGTNNHACACGYHAYCT	1.44e-1	1.00e0	9.27e2	111	206	206	206	2	21	10.19	14	6.80
151	data/reference/motifs/JASPAR2026_CORE_plants_non-redundant_pfms_meme.txt	MA1780.2	MYB92	ACCTAAC	3.89e-2	1.00e0	9.27e2	412	206	206	206	10	55	26.70	39	18.93
152	data/reference/motifs/JASPAR2026_CORE_plants_non-redundant_pfms_meme.txt	MA0950.1	ATHB-12	AATGATTG	4.01e-2	1.00e0	9.27e2	412	206	206	206	36	180	87.38	166	80.58
153	data/reference/motifs/JASPAR2026_CORE_plants_non-redundant_pfms_meme.txt	MA2343.1	MYB3R3	CGCCGTTA	4.08e-2	1.00e0	9.27e2	410	206	206	206	8	140	67.96	122	59.22
154	data/reference/motifs/JASPAR2026_CORE_plants_non-redundant_pfms_meme.txt	MA2399.1	LjSGA_053525.1	GGGCCCAC	6.09e-2	1.00e0	9.27e2	276	206	206	206	6	6	2.91	1	0.49
155	data/reference/motifs/JASPAR2026_CORE_plants_non-redundant_pfms_meme.txt	MA2016.2	GRF6	TCTGACA	6.16e-2	1.00e0	9.27e2	281	206	206	206	6	4	1.94	0	0.00
156	data/reference/motifs/JASPAR2026_CORE_plants_non-redundant_pfms_meme.txt	MA0944.2	ARF8	TGTCGG	4.20e-2	1.00e0	9.27e2	412	206	206	206	21	199	96.60	190	92.23
157	data/reference/motifs/JASPAR2026_CORE_plants_non-redundant_pfms_meme.txt	MA2344.1	REV	AATMATCATTATTA	4.25e-2	1.00e0	9.27e2	410	206	206	206	5	172	83.50	157	76.21
158	data/reference/motifs/JASPAR2026_CORE_plants_non-redundant_pfms_meme.txt	MA1171.2	MYB52	ACCGTTA	6.11e-2	1.00e0	9.27e2	287	206	206	206	4	19	9.22	10	4.85
159	data/reference/motifs/JASPAR2026_CORE_plants_non-redundant_pfms_meme.txt	MA2071.1	PK15505.1	GCACGTGT	1.94e-1	1.00e0	9.27e2	82	206	206	206	2	45	21.84	37	17.96
160	data/reference/motifs/JASPAR2026_CORE_plants_non-redundant_pfms_meme.txt	MA2060.1	PK05451.1	CCACGTGM	1.94e-1	1.00e0	9.27e2	82	206	206	206	2	45	21.84	37	17.96
161	data/reference/motifs/JASPAR2026_CORE_plants_non-redundant_pfms_meme.txt	MA1746.1	BZIP69	TGMCAGCTGTM	1.79e-1	1.00e0	9.27e2	102	206	206	206	2	19	9.22	13	6.31
162	data/reference/motifs/JASPAR2026_CORE_plants_non-redundant_pfms_meme.txt	MA0578.1	SPL8	WWDWHYGTACHHTWWW	5.27e-2	1.00e0	9.27e2	348	206	206	206	2	153	74.27	137	66.50
163	data/reference/motifs/JASPAR2026_CORE_plants_non-redundant_pfms_meme.txt	MA1801.2	TREE1	AGCTD	4.47e-2	1.00e0	9.27e2	412	206	206	206	75	129	62.62	111	53.88
164	data/reference/motifs/JASPAR2026_CORE_plants_non-redundant_pfms_meme.txt	MA2370.1	MBD2	AGCTD	4.47e-2	1.00e0	9.27e2	412	206	206	206	75	129	62.62	111	53.88
165	data/reference/motifs/JASPAR2026_CORE_plants_non-redundant_pfms_meme.txt	MA1294.2	MYB62	WAGTTAGGY	4.52e-2	1.00e0	9.27e2	410	206	206	206	10	30	14.56	18	8.74
166	data/reference/motifs/JASPAR2026_CORE_plants_non-redundant_pfms_meme.txt	MA1210.3	HAT22	CAATAATTG	4.53e-2	1.00e0	9.27e2	412	206	206	206	13	161	78.16	145	70.39
167	data/reference/motifs/JASPAR2026_CORE_plants_non-redundant_pfms_meme.txt	MA0941.2	ABF2	ACACGTG	4.53e-2	1.00e0	9.27e2	412	206	206	206	18	51	24.76	36	17.48
168	data/reference/motifs/JASPAR2026_CORE_plants_non-redundant_pfms_meme.txt	MA1403.1	BPC5	AGAGAGAGAGAGAGAGAGAGAGAGAGAGAG	5.00e-1	1.00e0	9.27e2	27	206	206	206	1	14	6.80	13	6.31
169	data/reference/motifs/JASPAR2026_CORE_plants_non-redundant_pfms_meme.txt	MA2746.1	HB-HD-ZIP-2A-2	WTGCAATCATT	4.57e-2	1.00e0	9.27e2	412	206	206	206	5	192	93.20	181	87.86
170	data/reference/motifs/JASPAR2026_CORE_plants_non-redundant_pfms_meme.txt	MA2671.1	GLYMA-19G100900	AGCATGCT	5.01e-2	1.00e0	9.27e2	378	206	206	206	10	66	32.04	50	24.27
171	data/reference/motifs/JASPAR2026_CORE_plants_non-redundant_pfms_meme.txt	MA1241.2	ERF043	CCACCGACA	1.74e-1	1.00e0	9.27e2	109	206	206	206	2	12	5.83	7	3.40
172	data/reference/motifs/JASPAR2026_CORE_plants_non-redundant_pfms_meme.txt	MA2373.1	AZF2	ASTG	4.67e-2	1.00e0	9.27e2	412	206	206	206	168	169	82.04	154	74.76
173	data/reference/motifs/JASPAR2026_CORE_plants_non-redundant_pfms_meme.txt	MA1430.2	TB1	GGSCCCCCC	1.08e-1	1.00e0	9.27e2	180	206	206	206	5	5	2.43	1	0.49
174	data/reference/motifs/JASPAR2026_CORE_plants_non-redundant_pfms_meme.txt	MA1795.2	RAP2-4	CRCCGACC	4.74e-2	1.00e0	9.27e2	411	206	206	206	25	44	21.36	30	14.56
175	data/reference/motifs/JASPAR2026_CORE_plants_non-redundant_pfms_meme.txt	MA0005.3	AG	TTWCCWAAWHDGGHAA	4.94e-2	1.00e0	9.27e2	396	206	206	206	8	26	12.62	15	7.28
176	data/reference/motifs/JASPAR2026_CORE_plants_non-redundant_pfms_meme.txt	MA2010.2	SMB	CAAGCAA	4.77e-2	1.00e0	9.27e2	412	206	206	206	14	182	88.35	169	82.04
177	data/reference/motifs/JASPAR2026_CORE_plants_non-redundant_pfms_meme.txt	MA1747.2	DOF4.3	WAAAGWRGCTTTW	1.31e-1	1.00e0	9.27e2	152	206	206	206	1	82	39.81	70	33.98
178	data/reference/motifs/JASPAR2026_CORE_plants_non-redundant_pfms_meme.txt	MA1328.1	ZHD9	WTWAWHNVYTAATYA	4.92e-2	1.00e0	9.27e2	412	206	206	206	9	157	76.21	141	68.45
179	data/reference/motifs/JASPAR2026_CORE_plants_non-redundant_pfms_meme.txt	MA1303.2	WRKY22	AAAGTCAACK	6.16e-2	1.00e0	9.27e2	329	206	206	206	7	4	1.94	0	0.00
180	data/reference/motifs/JASPAR2026_CORE_plants_non-redundant_pfms_meme.txt	MA0580.1	DYT1	MGTGAGWCACGTGA	2.02e-1	1.00e0	9.27e2	90	206	206	206	1	49	23.79	41	19.90
181	data/reference/motifs/JASPAR2026_CORE_plants_non-redundant_pfms_meme.txt	MA0940.1	AP1	MYAAAAAWRGAAA	4.93e-2	1.00e0	9.27e2	412	206	206	206	21	167	81.07	152	73.79
182	data/reference/motifs/JASPAR2026_CORE_plants_non-redundant_pfms_meme.txt	MA2461.1	WOX13	TTGATTGA	4.94e-2	1.00e0	9.27e2	412	206	206	206	10	191	92.72	180	87.38
183	data/reference/motifs/JASPAR2026_CORE_plants_non-redundant_pfms_meme.txt	MA1361.2	bHLH18	CRCGTKWWHCACGTG	1.00e-1	1.00e0	9.27e2	204	206	206	206	1	109	52.91	95	46.12
184	data/reference/motifs/JASPAR2026_CORE_plants_non-redundant_pfms_meme.txt	MA2655.1	GLYMA-08G218600	AAAAGTCAA	5.01e-2	1.00e0	9.27e2	412	206	206	206	15	66	32.04	50	24.27
185	data/reference/motifs/JASPAR2026_CORE_plants_non-redundant_pfms_meme.txt	MA0560.2	PIF3	CCACGTG	7.53e-2	1.00e0	9.27e2	277	206	206	206	3	51	24.76	38	18.45
186	data/reference/motifs/JASPAR2026_CORE_plants_non-redundant_pfms_meme.txt	MA2393.1	PHYPA_008731	CACGTGC	7.53e-2	1.00e0	9.27e2	277	206	206	206	3	51	24.76	38	18.45
187	data/reference/motifs/JASPAR2026_CORE_plants_non-redundant_pfms_meme.txt	MA0570.3	ABF1	ACACGTGKCA	5.86e-2	1.00e0	9.27e2	357	206	206	206	2	145	70.39	129	62.62
188	data/reference/motifs/JASPAR2026_CORE_plants_non-redundant_pfms_meme.txt	MA1766.2	MYB17	YYCACCTACCW	5.31e-2	1.00e0	9.27e2	398	206	206	206	3	164	79.61	149	72.33
189	data/reference/motifs/JASPAR2026_CORE_plants_non-redundant_pfms_meme.txt	MA0082.2	squamosa	MCAWAWATRGWAA	5.13e-2	1.00e0	9.27e2	412	206	206	206	14	85	41.26	68	33.01
190	data/reference/motifs/JASPAR2026_CORE_plants_non-redundant_pfms_meme.txt	MA0931.2	ABI5	GMCACGTG	6.96e-2	1.00e0	9.27e2	304	206	206	206	2	109	52.91	93	45.15
191	data/reference/motifs/JASPAR2026_CORE_plants_non-redundant_pfms_meme.txt	MA2733.1	Sl-ERF_F_4	GCMGCMGCCGCCGCCGYCR	2.49e-1	1.00e0	9.27e2	74	206	206	206	11	2	0.97	0	0.00
192	data/reference/motifs/JASPAR2026_CORE_plants_non-redundant_pfms_meme.txt	MA2731.1	sep3	WTTTCCAAAAAGGGAAAAAAW	1.86e-1	1.00e0	9.27e2	115	206	206	206	3	4	1.94	1	0.49
193	data/reference/motifs/JASPAR2026_CORE_plants_non-redundant_pfms_meme.txt	MA2720.1	nacnor	ACACGTAACT	5.32e-2	1.00e0	9.27e2	402	206	206	206	12	14	6.80	6	2.91
194	data/reference/motifs/JASPAR2026_CORE_plants_non-redundant_pfms_meme.txt	MA0989.2	PHYPADRAFT_153324	WAAAG	5.25e-2	1.00e0	9.27e2	412	206	206	206	169	173	83.98	159	77.18
195	data/reference/motifs/JASPAR2026_CORE_plants_non-redundant_pfms_meme.txt	MA2383.1	e_gw1.392.16.1	CTTTW	5.25e-2	1.00e0	9.27e2	412	206	206	206	169	173	83.98	159	77.18
196	data/reference/motifs/JASPAR2026_CORE_plants_non-redundant_pfms_meme.txt	MA1176.2	MYB119	RWCCGTTACA	5.77e-2	1.00e0	9.27e2	376	206	206	206	1	193	93.69	183	88.83
197	data/reference/motifs/JASPAR2026_CORE_plants_non-redundant_pfms_meme.txt	MA0962.2	bHLH34	GCACGTG	6.59e-2	1.00e0	9.27e2	331	206	206	206	2	131	63.59	115	55.83
198	data/reference/motifs/JASPAR2026_CORE_plants_non-redundant_pfms_meme.txt	MA2747.1	TraesCS6A02G290800	CAATAATTG	5.34e-2	1.00e0	9.27e2	412	206	206	206	14	90	43.69	73	35.44
199	data/reference/motifs/JASPAR2026_CORE_plants_non-redundant_pfms_meme.txt	MA2471.1	SPCH	CACGTG	5.58e-2	1.00e0	9.27e2	400	206	206	206	10	98	47.57	81	39.32
200	data/reference/motifs/JASPAR2026_CORE_plants_non-redundant_pfms_meme.txt	MA0557.2	FHY3	CACGCGCT	6.19e-2	1.00e0	9.27e2	362	206	206	206	5	53	25.73	39	18.93
201	data/reference/motifs/JASPAR2026_CORE_plants_non-redundant_pfms_meme.txt	MA2410.1	ZmbZIP54	TGACGTCA	5.67e-2	1.00e0	9.27e2	398	206	206	206	4	189	91.75	178	86.41
202	data/reference/motifs/JASPAR2026_CORE_plants_non-redundant_pfms_meme.txt	MA1291.1	TCP7	GTGGGRCCCAC	1.53e-1	1.00e0	9.27e2	149	206	206	206	1	80	38.83	69	33.50
203	data/reference/motifs/JASPAR2026_CORE_plants_non-redundant_pfms_meme.txt	MA2014.2	BAM8	CACACGTGY	7.61e-2	1.00e0	9.27e2	300	206	206	206	3	83	40.29	68	33.01
204	data/reference/motifs/JASPAR2026_CORE_plants_non-redundant_pfms_meme.txt	MA2023.2	PHL4	RGAATATTCC	7.36e-2	1.00e0	9.27e2	312	206	206	206	3	79	38.35	64	31.07
205	data/reference/motifs/JASPAR2026_CORE_plants_non-redundant_pfms_meme.txt	MA1389.2	PHL1	AARGAATATTCB	7.01e-2	1.00e0	9.27e2	329	206	206	206	1	171	83.01	158	76.70
206	data/reference/motifs/JASPAR2026_CORE_plants_non-redundant_pfms_meme.txt	MA1382.2	FAR1	YCACGCGCY	2.35e-1	1.00e0	9.27e2	87	206	206	206	1	47	22.82	40	19.42
207	data/reference/motifs/JASPAR2026_CORE_plants_non-redundant_pfms_meme.txt	MA0937.1	NAC055	ACACGTAA	5.73e-2	1.00e0	9.27e2	411	206	206	206	10	115	55.83	98	47.57
208	data/reference/motifs/JASPAR2026_CORE_plants_non-redundant_pfms_meme.txt	MA1778.2	MYB80	TYYACCTAMYTW	5.74e-2	1.00e0	9.27e2	411	206	206	206	8	110	53.40	93	45.15
209	data/reference/motifs/JASPAR2026_CORE_plants_non-redundant_pfms_meme.txt	MA1071.2	DOF5.3	AAMG	5.74e-2	1.00e0	9.27e2	412	206	206	206	278	113	54.85	96	46.60
210	data/reference/motifs/JASPAR2026_CORE_plants_non-redundant_pfms_meme.txt	MA2711.1	SolycHsfB2b	TTCTAGAA	8.96e-2	1.00e0	9.27e2	268	206	206	206	1	141	68.45	127	61.65
211	data/reference/motifs/JASPAR2026_CORE_plants_non-redundant_pfms_meme.txt	MA1050.1	OsI_08196	GGGCCCAC	6.96e-2	1.00e0	9.27e2	346	206	206	206	1	179	86.89	167	81.07
212	data/reference/motifs/JASPAR2026_CORE_plants_non-redundant_pfms_meme.txt	MA1187.2	RVE4	AGATATTTT	6.16e-2	1.00e0	9.27e2	391	206	206	206	10	4	1.94	0	0.00
213	data/reference/motifs/JASPAR2026_CORE_plants_non-redundant_pfms_meme.txt	MA1160.2	IDD6	TTTTTGTCGTTTTSTK	7.86e-2	1.00e0	9.27e2	309	206	206	206	5	13	6.31	6	2.91
214	data/reference/motifs/JASPAR2026_CORE_plants_non-redundant_pfms_meme.txt	MA1362.2	bHLH77	DWNGBCACGTGM	1.03e-1	1.00e0	9.27e2	237	206	206	206	3	27	13.11	18	8.74
215	data/reference/motifs/JASPAR2026_CORE_plants_non-redundant_pfms_meme.txt	MA2475.1	HOX6	TGATTG	5.93e-2	1.00e0	9.27e2	412	206	206	206	53	78	37.86	62	30.10
216	data/reference/motifs/JASPAR2026_CORE_plants_non-redundant_pfms_meme.txt	MA1343.2	BZIP52	TGMCAGCT	6.98e-2	1.00e0	9.27e2	352	206	206	206	6	16	7.77	8	3.88
217	data/reference/motifs/JASPAR2026_CORE_plants_non-redundant_pfms_meme.txt	MA2454.1	SPL8D1	ATAGTACATA	5.99e-2	1.00e0	9.27e2	412	206	206	206	17	79	38.35	63	30.58
218	data/reference/motifs/JASPAR2026_CORE_plants_non-redundant_pfms_meme.txt	MA1341.2	BZIP53	TGCTGACGTGGCA	2.38e-1	1.00e0	9.27e2	91	206	206	206	1	49	23.79	42	20.39
219	data/reference/motifs/JASPAR2026_CORE_plants_non-redundant_pfms_meme.txt	MA1745.2	BZIP63	TSACGTGG	6.42e-2	1.00e0	9.27e2	386	206	206	206	3	135	65.53	119	57.77
220	data/reference/motifs/JASPAR2026_CORE_plants_non-redundant_pfms_meme.txt	MA0576.2	RAX3	GGGGGTAGGTGS	2.49e-1	1.00e0	9.27e2	87	206	206	206	4	2	0.97	0	0.00
221	data/reference/motifs/JASPAR2026_CORE_plants_non-redundant_pfms_meme.txt	MA1161.1	TSO1	WWTTWAAAATTTAAA	6.16e-2	1.00e0	9.27e2	407	206	206	206	23	4	1.94	0	0.00
222	data/reference/motifs/JASPAR2026_CORE_plants_non-redundant_pfms_meme.txt	MA1678.3	NTL8	GAAGAAAC	6.09e-2	1.00e0	9.27e2	412	206	206	206	7	205	99.51	200	97.09
223	data/reference/motifs/JASPAR2026_CORE_plants_non-redundant_pfms_meme.txt	MA0053.1	MNB1A	AAAGC	6.11e-2	1.00e0	9.27e2	412	206	206	206	16	196	95.15	187	90.78
224	data/reference/motifs/JASPAR2026_CORE_plants_non-redundant_pfms_meme.txt	MA2762.1	myb53	AGTTAGGCAC	6.39e-2	1.00e0	9.27e2	394	206	206	206	5	67	32.52	52	25.24
225	data/reference/motifs/JASPAR2026_CORE_plants_non-redundant_pfms_meme.txt	MA1036.1	MYB111	GKTAGGTR	6.16e-2	1.00e0	9.27e2	411	206	206	206	23	4	1.94	0	0.00
226	data/reference/motifs/JASPAR2026_CORE_plants_non-redundant_pfms_meme.txt	MA0949.2	ARR2	MGWATCTT	6.16e-2	1.00e0	9.27e2	411	206	206	206	18	4	1.94	0	0.00
227	data/reference/motifs/JASPAR2026_CORE_plants_non-redundant_pfms_meme.txt	MA2641.1	GLYMA-01G038600	CCTTATCCA	6.16e-2	1.00e0	9.27e2	412	206	206	206	19	4	1.94	0	0.00
228	data/reference/motifs/JASPAR2026_CORE_plants_non-redundant_pfms_meme.txt	MA1015.2	GATA12	AGATCT	6.16e-2	1.00e0	9.27e2	412	206	206	206	150	4	1.94	0	0.00
229	data/reference/motifs/JASPAR2026_CORE_plants_non-redundant_pfms_meme.txt	MA1664.3	HSFA6B	TTCTRGAA	6.16e-2	1.00e0	9.27e2	412	206	206	206	3	206	100.00	202	98.06
230	data/reference/motifs/JASPAR2026_CORE_plants_non-redundant_pfms_meme.txt	MA2058.1	PK03929.1	CTTTW	6.16e-2	1.00e0	9.27e2	412	206	206	206	142	4	1.94	0	0.00
231	data/reference/motifs/JASPAR2026_CORE_plants_non-redundant_pfms_meme.txt	MA0973.2	CDF2	AAAAAGY	6.17e-2	1.00e0	9.27e2	412	206	206	206	64	15	7.28	7	3.40
232	data/reference/motifs/JASPAR2026_CORE_plants_non-redundant_pfms_meme.txt	MA1041.1	MYB55	ACCTACCG	6.20e-2	1.00e0	9.27e2	411	206	206	206	9	36	17.48	24	11.65
233	data/reference/motifs/JASPAR2026_CORE_plants_non-redundant_pfms_meme.txt	MA1097.1	ARALYDRAFT_493022	GGSMCCAC	9.18e-2	1.00e0	9.27e2	278	206	206	206	4	19	9.22	11	5.34
234	data/reference/motifs/JASPAR2026_CORE_plants_non-redundant_pfms_meme.txt	MA1069.3	TGA6	ATGAYGTCAT	6.70e-2	1.00e0	9.27e2	381	206	206	206	1	195	94.66	186	90.29
235	data/reference/motifs/JASPAR2026_CORE_plants_non-redundant_pfms_meme.txt	MA1030.2	P0510F09.23	WRMCCTA	6.26e-2	1.00e0	9.27e2	412	206	206	206	34	44	21.36	31	15.05
236	data/reference/motifs/JASPAR2026_CORE_plants_non-redundant_pfms_meme.txt	MA0581.2	LEC2	CATGCR	6.70e-2	1.00e0	9.27e2	385	206	206	206	8	20	9.71	11	5.34
237	data/reference/motifs/JASPAR2026_CORE_plants_non-redundant_pfms_meme.txt	MA2351.1	OsEIL3	AGRTACAT	6.33e-2	1.00e0	9.27e2	412	206	206	206	6	166	80.58	152	73.79
238	data/reference/motifs/JASPAR2026_CORE_plants_non-redundant_pfms_meme.txt	MA1163.3	PHL11	AGAATATTCT	7.08e-2	1.00e0	9.27e2	370	206	206	206	3	146	70.87	131	63.59
239	data/reference/motifs/JASPAR2026_CORE_plants_non-redundant_pfms_meme.txt	MA2715.1	Solyc03g124110	RTCTATGTCGGYWAA	1.90e-1	1.00e0	9.27e2	139	206	206	206	3	8	3.88	4	1.94
240	data/reference/motifs/JASPAR2026_CORE_plants_non-redundant_pfms_meme.txt	MA2459.1	EDF3	RCAACAKA	6.96e-2	1.00e0	9.27e2	381	206	206	206	3	108	52.43	92	44.66
241	data/reference/motifs/JASPAR2026_CORE_plants_non-redundant_pfms_meme.txt	MA2481.1	PK12011.1	AACGG	6.45e-2	1.00e0	9.27e2	412	206	206	206	22	174	84.47	161	78.16
242	data/reference/motifs/JASPAR2026_CORE_plants_non-redundant_pfms_meme.txt	MA1274.1	DOF3.6	TTTWCTTTTTHHYTTTTTTTT	6.45e-2	1.00e0	9.27e2	412	206	206	206	13	174	84.47	161	78.16
243	data/reference/motifs/JASPAR2026_CORE_plants_non-redundant_pfms_meme.txt	MA2364.1	VIT_15s0048g01150	GGGCCCAC	6.76e-2	1.00e0	9.27e2	400	206	206	206	14	12	5.83	5	2.43
244	data/reference/motifs/JASPAR2026_CORE_plants_non-redundant_pfms_meme.txt	MA2039.2	ASIL2	CTCCGGCGA	1.03e-1	1.00e0	9.27e2	263	206	206	206	3	56	27.18	44	21.36
245	data/reference/motifs/JASPAR2026_CORE_plants_non-redundant_pfms_meme.txt	MA1061.2	SPT	CCACGTG	6.67e-2	1.00e0	9.27e2	409	206	206	206	8	151	73.30	136	66.02
246	data/reference/motifs/JASPAR2026_CORE_plants_non-redundant_pfms_meme.txt	MA2020.2	HSFB4	GAAGTTTCCR	6.91e-2	1.00e0	9.27e2	396	206	206	206	4	119	57.77	103	50.00
247	data/reference/motifs/JASPAR2026_CORE_plants_non-redundant_pfms_meme.txt	MA2710.1	SolycHsfB1	TTCTAGAA	7.66e-2	1.00e0	9.27e2	357	206	206	206	8	42	20.39	30	14.56
248	data/reference/motifs/JASPAR2026_CORE_plants_non-redundant_pfms_meme.txt	MA1040.1	MYB46	GKTAGGTR	6.70e-2	1.00e0	9.27e2	411	206	206	206	4	195	94.66	186	90.29
249	data/reference/motifs/JASPAR2026_CORE_plants_non-redundant_pfms_meme.txt	MA0564.2	ABI3	GCATGC	6.76e-2	1.00e0	9.27e2	408	206	206	206	27	12	5.83	5	2.43
250	data/reference/motifs/JASPAR2026_CORE_plants_non-redundant_pfms_meme.txt	MA1691.2	ARF27	GCAGACAT	6.73e-2	1.00e0	9.27e2	410	206	206	206	11	95	46.12	79	38.35
251	data/reference/motifs/JASPAR2026_CORE_plants_non-redundant_pfms_meme.txt	MA1660.2	NAC013	TTACTTGTTCYMCAAGTAA	2.13e-1	1.00e0	9.27e2	130	206	206	206	3	16	7.77	11	5.34
252	data/reference/motifs/JASPAR2026_CORE_plants_non-redundant_pfms_meme.txt	MA1339.1	BZIP43	GCCACGTCAGCA	3.44e-1	1.00e0	9.27e2	66	206	206	206	1	35	16.99	31	15.05
253	data/reference/motifs/JASPAR2026_CORE_plants_non-redundant_pfms_meme.txt	MA2356.1	PK20555.1	CTTTW	6.76e-2	1.00e0	9.27e2	412	206	206	206	235	12	5.83	5	2.43
254	data/reference/motifs/JASPAR2026_CORE_plants_non-redundant_pfms_meme.txt	MA2483.1	PK20543.1	TTAACC	6.78e-2	1.00e0	9.27e2	412	206	206	206	66	125	60.68	109	52.91
255	data/reference/motifs/JASPAR2026_CORE_plants_non-redundant_pfms_meme.txt	MA2429.1	SPL13D	AGCGGTASTACCGCT	7.54e-1	1.00e0	9.27e2	20	206	206	206	1	9	4.37	11	5.34
256	data/reference/motifs/JASPAR2026_CORE_plants_non-redundant_pfms_meme.txt	MA2608.1	glk53	AAGGAATATTCTTT	7.01e-2	1.00e0	9.27e2	402	206	206	206	3	171	83.01	158	76.70
257	data/reference/motifs/JASPAR2026_CORE_plants_non-redundant_pfms_meme.txt	MA1020.1	GT-1	GTTAACCA	6.98e-2	1.00e0	9.27e2	409	206	206	206	11	16	7.77	8	3.88
258	data/reference/motifs/JASPAR2026_CORE_plants_non-redundant_pfms_meme.txt	MA1057.2	SPL12	GTACGG	6.95e-2	1.00e0	9.27e2	412	206	206	206	18	115	55.83	99	48.06
259	data/reference/motifs/JASPAR2026_CORE_plants_non-redundant_pfms_meme.txt	MA2391.1	Lg3	TGACRKC	6.96e-2	1.00e0	9.27e2	412	206	206	206	8	179	86.89	167	81.07
260	data/reference/motifs/JASPAR2026_CORE_plants_non-redundant_pfms_meme.txt	MA2652.1	GLYMA-01G053800	AGTTGAC	7.00e-2	1.00e0	9.27e2	411	206	206	206	16	9	4.37	3	1.46
261	data/reference/motifs/JASPAR2026_CORE_plants_non-redundant_pfms_meme.txt	MA1784.1	NAC011	GTTGCTTSWNHHDCAAGYAAC	4.14e-1	1.00e0	9.27e2	54	206	206	206	2	12	5.83	10	4.85
262	data/reference/motifs/JASPAR2026_CORE_plants_non-redundant_pfms_meme.txt	MA2446.1	SPL5A	GCGGTASTACCGC	2.87e-1	1.00e0	9.27e2	101	206	206	206	3	8	3.88	5	2.43
263	data/reference/motifs/JASPAR2026_CORE_plants_non-redundant_pfms_meme.txt	MA2502.1	TMF	CTACAGTA	7.08e-2	1.00e0	9.27e2	412	206	206	206	9	146	70.87	131	63.59
264	data/reference/motifs/JASPAR2026_CORE_plants_non-redundant_pfms_meme.txt	MA1067.1	TCP5	GGGACCAC	1.31e-1	1.00e0	9.27e2	224	206	206	206	3	19	9.22	12	5.83
265	data/reference/motifs/JASPAR2026_CORE_plants_non-redundant_pfms_meme.txt	MA1032.2	DREB1G	TGCCGACA	1.85e-1	1.00e0	9.27e2	159	206	206	206	3	13	6.31	8	3.88
266	data/reference/motifs/JASPAR2026_CORE_plants_non-redundant_pfms_meme.txt	MA2659.1	GLYMA-08G281200	YTTGACTAATTAGGGTTWAKKGDT	5.00e-1	1.00e0	9.27e2	43	206	206	206	1	22	10.68	21	10.19
267	data/reference/motifs/JASPAR2026_CORE_plants_non-redundant_pfms_meme.txt	MA1775.2	MYB61	YACCWACC	7.35e-2	1.00e0	9.27e2	406	206	206	206	3	184	89.32	173	83.98
268	data/reference/motifs/JASPAR2026_CORE_plants_non-redundant_pfms_meme.txt	MA1425.2	HYH	TSACGTG	8.20e-2	1.00e0	9.27e2	364	206	206	206	4	124	60.19	109	52.91
269	data/reference/motifs/JASPAR2026_CORE_plants_non-redundant_pfms_meme.txt	MA1365.3	AT5G47660	GGTAAAA	7.28e-2	1.00e0	9.27e2	412	206	206	206	16	21	10.19	12	5.83
270	data/reference/motifs/JASPAR2026_CORE_plants_non-redundant_pfms_meme.txt	MA2623.1	hb66	CCAATCA	7.35e-2	1.00e0	9.27e2	412	206	206	206	42	33	16.02	22	10.68
271	data/reference/motifs/JASPAR2026_CORE_plants_non-redundant_pfms_meme.txt	MA1829.2	Zm00001d035604	ACCTAAC	7.35e-2	1.00e0	9.27e2	412	206	206	206	29	33	16.02	22	10.68
272	data/reference/motifs/JASPAR2026_CORE_plants_non-redundant_pfms_meme.txt	MA1016.2	GATA15	GATC	7.43e-2	1.00e0	9.27e2	412	206	206	206	108	141	68.45	126	61.17
273	data/reference/motifs/JASPAR2026_CORE_plants_non-redundant_pfms_meme.txt	MA1257.2	ERF9	GGCGGHKRYGGCGGCGGMG	2.49e-1	1.00e0	9.27e2	123	206	206	206	17	2	0.97	0	0.00
274	data/reference/motifs/JASPAR2026_CORE_plants_non-redundant_pfms_meme.txt	MA2670.1	GLYMA-15G168800	CAATGATTG	7.82e-2	1.00e0	9.27e2	394	206	206	206	4	134	65.05	119	57.77
275	data/reference/motifs/JASPAR2026_CORE_plants_non-redundant_pfms_meme.txt	MA0562.1	PIF5	TCACGTGS	1.83e-1	1.00e0	9.27e2	168	206	206	206	1	89	43.20	79	38.35
276	data/reference/motifs/JASPAR2026_CORE_plants_non-redundant_pfms_meme.txt	MA1292.2	MYB27	AAAAATTAGGTA	1.62e-1	1.00e0	9.27e2	191	206	206	206	1	101	49.03	90	43.69
277	data/reference/motifs/JASPAR2026_CORE_plants_non-redundant_pfms_meme.txt	MA0965.3	BIM2	CACGTG	8.25e-2	1.00e0	9.27e2	377	206	206	206	6	122	59.22	107	51.94
278	data/reference/motifs/JASPAR2026_CORE_plants_non-redundant_pfms_meme.txt	MA2400.1	LjTCP20	GGGACCAY	1.10e-1	1.00e0	9.27e2	283	206	206	206	6	8	3.88	3	1.46
279	data/reference/motifs/JASPAR2026_CORE_plants_non-redundant_pfms_meme.txt	MA2473.1	HB88	TTGATTG	7.60e-2	1.00e0	9.27e2	412	206	206	206	32	156	75.73	142	68.93
280	data/reference/motifs/JASPAR2026_CORE_plants_non-redundant_pfms_meme.txt	MA1064.2	TCP2	TGGKMCCA	7.66e-2	1.00e0	9.27e2	410	206	206	206	10	183	88.83	172	83.50
281	data/reference/motifs/JASPAR2026_CORE_plants_non-redundant_pfms_meme.txt	MA2036.2	NAC076	CAAGCAA	7.66e-2	1.00e0	9.27e2	412	206	206	206	13	176	85.44	164	79.61
282	data/reference/motifs/JASPAR2026_CORE_plants_non-redundant_pfms_meme.txt	MA2405.1	OsMSL08	GTAAAW	7.69e-2	1.00e0	9.27e2	412	206	206	206	63	167	81.07	154	74.76
283	data/reference/motifs/JASPAR2026_CORE_plants_non-redundant_pfms_meme.txt	MA0954.3	ATHB-7	TCAATGATTGR	7.86e-2	1.00e0	9.27e2	404	206	206	206	10	13	6.31	6	2.91
284	data/reference/motifs/JASPAR2026_CORE_plants_non-redundant_pfms_meme.txt	MA2477.1	NGA4	TTCAGGTR	7.75e-2	1.00e0	9.27e2	411	206	206	206	15	17	8.25	9	4.37
285	data/reference/motifs/JASPAR2026_CORE_plants_non-redundant_pfms_meme.txt	MA2734.1	Sl-ERF_F_5	CCGCCGCCGCCRCCRCC	2.49e-1	1.00e0	9.27e2	128	206	206	206	19	2	0.97	0	0.00
286	data/reference/motifs/JASPAR2026_CORE_plants_non-redundant_pfms_meme.txt	MA2043.2	NAC004	CAAGAAA	7.75e-2	1.00e0	9.27e2	412	206	206	206	24	17	8.25	9	4.37
287	data/reference/motifs/JASPAR2026_CORE_plants_non-redundant_pfms_meme.txt	MA1777.2	MYB74	YYYACCTAMCW	8.23e-2	1.00e0	9.27e2	391	206	206	206	4	98	47.57	83	40.29
288	data/reference/motifs/JASPAR2026_CORE_plants_non-redundant_pfms_meme.txt	MA1198.2	HAT2	YAATCATT	7.83e-2	1.00e0	9.27e2	412	206	206	206	6	193	93.69	184	89.32
289	data/reference/motifs/JASPAR2026_CORE_plants_non-redundant_pfms_meme.txt	MA2083.1	PK21166.1	YACCTACY	7.83e-2	1.00e0	9.27e2	412	206	206	206	22	22	10.68	13	6.31
290	data/reference/motifs/JASPAR2026_CORE_plants_non-redundant_pfms_meme.txt	MA2452.1	SPL8A	ATAGTACTC	8.01e-2	1.00e0	9.27e2	405	206	206	206	4	165	80.10	152	73.79
291	data/reference/motifs/JASPAR2026_CORE_plants_non-redundant_pfms_meme.txt	MA1183.2	RVE6	AGATATTTT	8.37e-2	1.00e0	9.27e2	390	206	206	206	4	107	51.94	92	44.66
292	data/reference/motifs/JASPAR2026_CORE_plants_non-redundant_pfms_meme.txt	MA1676.3	NAC062	TAAGTAA	7.92e-2	1.00e0	9.27e2	412	206	206	206	30	67	32.52	53	25.73
293	data/reference/motifs/JASPAR2026_CORE_plants_non-redundant_pfms_meme.txt	MA1428.2	TCP8	GGSCCCAC	7.96e-2	1.00e0	9.27e2	412	206	206	206	9	182	88.35	171	83.01
294	data/reference/motifs/JASPAR2026_CORE_plants_non-redundant_pfms_meme.txt	MA2005.2	NAC016	TVCKTGWBCYNCAMG	1.90e-1	1.00e0	9.27e2	173	206	206	206	4	8	3.88	4	1.94
295	data/reference/motifs/JASPAR2026_CORE_plants_non-redundant_pfms_meme.txt	MA0966.2	BIM3	CACGTG	8.04e-2	1.00e0	9.27e2	412	206	206	206	24	129	62.62	114	55.34
296	data/reference/motifs/JASPAR2026_CORE_plants_non-redundant_pfms_meme.txt	MA2634.1	EIN3	AGATTCATTGAATCT	1.08e-1	1.00e0	9.27e2	309	206	206	206	8	5	2.43	1	0.49
297	data/reference/motifs/JASPAR2026_CORE_plants_non-redundant_pfms_meme.txt	MA0575.2	MYB77	GACRGTTAS	9.27e-2	1.00e0	9.27e2	359	206	206	206	3	84	40.78	70	33.98
298	data/reference/motifs/JASPAR2026_CORE_plants_non-redundant_pfms_meme.txt	MA1830.2	Zm00001d015407	AAGGAATATTCTTTTT	8.73e-2	1.00e0	9.27e2	385	206	206	206	3	144	69.90	130	63.11
299	data/reference/motifs/JASPAR2026_CORE_plants_non-redundant_pfms_meme.txt	MA1816.2	O11	CACGTG	9.85e-2	1.00e0	9.27e2	342	206	206	206	4	122	59.22	108	52.43
300	data/reference/motifs/JASPAR2026_CORE_plants_non-redundant_pfms_meme.txt	MA2430.1	SPL14B	GCGGTASTACCGC	2.49e-1	1.00e0	9.27e2	135	206	206	206	7	2	0.97	0	0.00
301	data/reference/motifs/JASPAR2026_CORE_plants_non-redundant_pfms_meme.txt	MA2092.1	PK27149.1	TGACGTGK	9.00e-2	1.00e0	9.27e2	375	206	206	206	2	158	76.70	145	70.39
302	data/reference/motifs/JASPAR2026_CORE_plants_non-redundant_pfms_meme.txt	MA2031.2	AT5G04760	CTTATCY	8.32e-2	1.00e0	9.27e2	412	206	206	206	19	29	14.08	19	9.22
303	data/reference/motifs/JASPAR2026_CORE_plants_non-redundant_pfms_meme.txt	MA0121.2	ARR10	AGATHYK	8.32e-2	1.00e0	9.27e2	412	206	206	206	18	29	14.08	19	9.22
304	data/reference/motifs/JASPAR2026_CORE_plants_non-redundant_pfms_meme.txt	MA1364.2	BHLH72	GCCACGTGG	1.31e-1	1.00e0	9.27e2	260	206	206	206	1	136	66.02	124	60.19
305	data/reference/motifs/JASPAR2026_CORE_plants_non-redundant_pfms_meme.txt	MA1008.2	PHYPADRAFT_182268	GTCGGTG	2.79e-1	1.00e0	9.27e2	122	206	206	206	2	16	7.77	12	5.83
306	data/reference/motifs/JASPAR2026_CORE_plants_non-redundant_pfms_meme.txt	MA2386.1	estExt_gwp_gw1.C_550163	CACCGAC	2.79e-1	1.00e0	9.27e2	122	206	206	206	2	16	7.77	12	5.83
307	data/reference/motifs/JASPAR2026_CORE_plants_non-redundant_pfms_meme.txt	MA2361.1	PRUPE_ppa000682mg	GTACGG	8.31e-2	1.00e0	9.27e2	412	206	206	206	44	102	49.51	87	42.23
308	data/reference/motifs/JASPAR2026_CORE_plants_non-redundant_pfms_meme.txt	MA1789.1	NAC071	CTTSWHYYTCAMGYA	1.11e-1	1.00e0	9.27e2	308	206	206	206	5	22	10.68	14	6.80
309	data/reference/motifs/JASPAR2026_CORE_plants_non-redundant_pfms_meme.txt	MA2664.1	GLYMA-03G162700	GGYGGYGGCGGCGGMGGCGGYGG	5.00e-1	1.00e0	9.27e2	50	206	206	206	16	3	1.46	2	0.97
310	data/reference/motifs/JASPAR2026_CORE_plants_non-redundant_pfms_meme.txt	MA2642.1	GLYMA-10G230700	AAGATATTTWTW	8.89e-2	1.00e0	9.27e2	399	206	206	206	13	14	6.80	7	3.40
311	data/reference/motifs/JASPAR2026_CORE_plants_non-redundant_pfms_meme.txt	MA1812.2	ASR1	AGGCCCAAT	9.85e-2	1.00e0	9.27e2	350	206	206	206	6	26	12.62	17	8.25
312	data/reference/motifs/JASPAR2026_CORE_plants_non-redundant_pfms_meme.txt	MA1196.2	AT5G05790	AWYCTTATCYTNWT	8.48e-2	1.00e0	9.27e2	411	206	206	206	13	18	8.74	10	4.85
313	data/reference/motifs/JASPAR2026_CORE_plants_non-redundant_pfms_meme.txt	MA1770.2	MYB40	YTYACCWAMY	8.60e-2	1.00e0	9.27e2	402	206	206	206	9	10	4.85	4	1.94
314	data/reference/motifs/JASPAR2026_CORE_plants_non-redundant_pfms_meme.txt	MA1823.2	Zm00001d027846	AAAGAAAA	8.53e-2	1.00e0	9.27e2	412	206	206	206	47	180	87.38	169	82.04
315	data/reference/motifs/JASPAR2026_CORE_plants_non-redundant_pfms_meme.txt	MA1327.3	ATHB-23	TAATTAA	8.60e-2	1.00e0	9.27e2	411	206	206	206	6	161	78.16	148	71.84
316	data/reference/motifs/JASPAR2026_CORE_plants_non-redundant_pfms_meme.txt	MA1803.2	VIP1	TGMCAGCTGT	1.27e-1	1.00e0	9.27e2	270	206	206	206	1	141	68.45	129	62.62
317	data/reference/motifs/JASPAR2026_CORE_plants_non-redundant_pfms_meme.txt	MA2348.1	IDD6	TTTTTGTCGTTTTSTK	1.14e-1	1.00e0	9.27e2	304	206	206	206	5	12	5.83	6	2.91
318	data/reference/motifs/JASPAR2026_CORE_plants_non-redundant_pfms_meme.txt	MA1096.1	ARALYDRAFT_496250	GGGACCAC	2.63e-1	1.00e0	9.27e2	131	206	206	206	1	69	33.50	62	30.10
319	data/reference/motifs/JASPAR2026_CORE_plants_non-redundant_pfms_meme.txt	MA0933.1	AHL20	AATTAAWT	8.60e-2	1.00e0	9.27e2	412	206	206	206	217	10	4.85	4	1.94
320	data/reference/motifs/JASPAR2026_CORE_plants_non-redundant_pfms_meme.txt	MA1808.3	GLYMA-06G314400	GACACGTGGC	1.79e-1	1.00e0	9.27e2	380	206	206	206	1	193	93.69	187	90.78
321	data/reference/motifs/JASPAR2026_CORE_plants_non-redundant_pfms_meme.txt	MA1811.3	GLYMA-13G317000	GGACACSTGTCA	5.00e-1	1.00e0	9.27e2	332	206	206	206	11	3	1.46	2	0.97
322	data/reference/motifs/JASPAR2026_CORE_plants_non-redundant_pfms_meme.txt	MA2668.1	GLYMA-20G155100	RCCGACAT	5.00e-1	1.00e0	9.27e2	363	206	206	206	8	9	4.37	8	3.88
323	data/reference/motifs/JASPAR2026_CORE_plants_non-redundant_pfms_meme.txt	MA2667.1	GLYMA-13G236500	ACGACGGCGGAG	3.80e-1	1.00e0	9.27e2	256	206	206	206	1	130	63.11	126	61.17
324	data/reference/motifs/JASPAR2026_CORE_plants_non-redundant_pfms_meme.txt	MA2666.1	GLYMA-12G117000	GGMGGCGGYGGCGGMGG	5.00e-1	1.00e0	9.27e2	154	206	206	206	17	3	1.46	2	0.97
325	data/reference/motifs/JASPAR2026_CORE_plants_non-redundant_pfms_meme.txt	MA2665.1	GLYMA-11G053600	CACCGACAC	6.16e-1	1.00e0	9.27e2	400	206	206	206	2	179	86.89	180	87.38
326	data/reference/motifs/JASPAR2026_CORE_plants_non-redundant_pfms_meme.txt	MA2663.1	GLYMA-02G261700	TCACCGACATA	5.00e-1	1.00e0	9.27e2	363	206	206	206	10	4	1.94	3	1.46
327	data/reference/motifs/JASPAR2026_CORE_plants_non-redundant_pfms_meme.txt	MA2662.1	GLYMA-13G153200	GCCACGTCA	2.51e-1	1.00e0	9.27e2	403	206	206	206	1	203	98.54	200	97.09
328	data/reference/motifs/JASPAR2026_CORE_plants_non-redundant_pfms_meme.txt	MA2661.1	GLYMA-03G081700	CTACGTGGCA	9.71e-2	1.00e0	9.27e2	397	206	206	206	4	152	73.79	139	67.48
329	data/reference/motifs/JASPAR2026_CORE_plants_non-redundant_pfms_meme.txt	MA2660.1	GLYMA-12G168700	WWWTGTAATTACAWWW	5.00e-1	1.00e0	9.27e2	397	206	206	206	28	3	1.46	2	0.97
330	data/reference/motifs/JASPAR2026_CORE_plants_non-redundant_pfms_meme.txt	MA2658.1	GLYMA-19G094100	ATTGACTTW	1.24e-1	1.00e0	9.27e2	411	206	206	206	18	3	1.46	0	0.00
331	data/reference/motifs/JASPAR2026_CORE_plants_non-redundant_pfms_meme.txt	MA2657.1	GLYMA-14G028900	AAAAGTCAAA	2.14e-1	1.00e0	9.27e2	410	206	206	206	7	117	56.80	108	52.43
332	data/reference/motifs/JASPAR2026_CORE_plants_non-redundant_pfms_meme.txt	MA2656.1	GLYMA-14G006800	TGGTCAACCA	2.64e-1	1.00e0	9.27e2	412	206	206	206	5	142	68.93	135	65.53
333	data/reference/motifs/JASPAR2026_CORE_plants_non-redundant_pfms_meme.txt	MA2654.1	GLYMA-05G127600	GGTCAAC	2.09e-1	1.00e0	9.27e2	412	206	206	206	12	131	63.59	122	59.22
334	data/reference/motifs/JASPAR2026_CORE_plants_non-redundant_pfms_meme.txt	MA2653.1	GLYMA-03G042700	GTTTGACTTT	2.25e-1	1.00e0	9.27e2	412	206	206	206	17	5	2.43	2	0.97
335	data/reference/motifs/JASPAR2026_CORE_plants_non-redundant_pfms_meme.txt	MA2649.1	GLYMA-08G271900	TGCACATG	2.51e-1	1.00e0	9.27e2	412	206	206	206	24	6	2.91	3	1.46
336	data/reference/motifs/JASPAR2026_CORE_plants_non-redundant_pfms_meme.txt	MA2648.1	GLYMA-19G146000	AAGGTACAC	1.49e-1	1.00e0	9.27e2	412	206	206	206	6	142	68.93	131	63.59
337	data/reference/motifs/JASPAR2026_CORE_plants_non-redundant_pfms_meme.txt	MA2647.1	GLYMA-12G226000	AAGTACAA	3.57e-1	1.00e0	9.27e2	412	206	206	206	13	166	80.58	162	78.64
338	data/reference/motifs/JASPAR2026_CORE_plants_non-redundant_pfms_meme.txt	MA2646.1	GLYMA-11G083900	GTACGGA	2.35e-1	1.00e0	9.27e2	347	206	206	206	6	11	5.34	7	3.40
339	data/reference/motifs/JASPAR2026_CORE_plants_non-redundant_pfms_meme.txt	MA2644.1	GLYMA-14G030700	AACGACGGCA	5.00e-1	1.00e0	9.27e2	358	206	206	206	32	1	0.49	0	0.00
340	data/reference/motifs/JASPAR2026_CORE_plants_non-redundant_pfms_meme.txt	MA2745.1	SlWRKY81	AAGTCAAC	1.35e-1	1.00e0	9.27e2	412	206	206	206	9	129	62.62	117	56.80
341	data/reference/motifs/JASPAR2026_CORE_plants_non-redundant_pfms_meme.txt	MA2744.1	SlWRKY40	AAAGTCAA	1.69e-1	1.00e0	9.27e2	412	206	206	206	22	7	3.40	3	1.46
342	data/reference/motifs/JASPAR2026_CORE_plants_non-redundant_pfms_meme.txt	MA2743.1	SlWRKY23	AAAGTCAAM	2.72e-1	1.00e0	9.27e2	411	206	206	206	3	202	98.06	199	96.60
343	data/reference/motifs/JASPAR2026_CORE_plants_non-redundant_pfms_meme.txt	MA2742.1	SlWRKY11	GTTGACTTTT	5.75e-1	1.00e0	9.27e2	332	206	206	206	5	15	7.28	15	7.28
344	data/reference/motifs/JASPAR2026_CORE_plants_non-redundant_pfms_meme.txt	MA2741.1	SlWRKY7	AAAAAGTCAACC	5.00e-1	1.00e0	9.27e2	385	206	206	206	10	3	1.46	2	0.97
345	data/reference/motifs/JASPAR2026_CORE_plants_non-redundant_pfms_meme.txt	MA2738.1	Cnr	TCCGTACAAA	1.61e-1	1.00e0	9.27e2	410	206	206	206	7	119	57.77	108	52.43
346	data/reference/motifs/JASPAR2026_CORE_plants_non-redundant_pfms_meme.txt	MA2737.1	SlERF36	CMGCCGCCAC	2.49e-1	1.00e0	9.27e2	360	206	206	206	30	2	0.97	0	0.00
347	data/reference/motifs/JASPAR2026_CORE_plants_non-redundant_pfms_meme.txt	MA2736.1	la3	AACACGTG	2.08e-1	1.00e0	9.27e2	398	206	206	206	1	201	97.57	197	95.63
348	data/reference/motifs/JASPAR2026_CORE_plants_non-redundant_pfms_meme.txt	MA2735.1	SlbHLH014	GMCACGTGBC	2.02e-1	1.00e0	9.27e2	273	206	206	206	1	141	68.45	132	64.08
349	data/reference/motifs/JASPAR2026_CORE_plants_non-redundant_pfms_meme.txt	MA2732.1	Sl-ERF_C_4	YCGCCGCCGCCR	2.49e-1	1.00e0	9.27e2	242	206	206	206	22	2	0.97	0	0.00
350	data/reference/motifs/JASPAR2026_CORE_plants_non-redundant_pfms_meme.txt	MA2730.1	Solyc01g079480	YSACGTGKCA	1.24e-1	1.00e0	9.27e2	338	206	206	206	1	174	84.47	164	79.61
351	data/reference/motifs/JASPAR2026_CORE_plants_non-redundant_pfms_meme.txt	MA2729.1	vahox1	AAATAATTG	1.99e-1	1.00e0	9.27e2	411	206	206	206	13	145	70.39	136	66.02
352	data/reference/motifs/JASPAR2026_CORE_plants_non-redundant_pfms_meme.txt	MA2727.1	SolycHsfA7	TTCYAGAA	1.14e-1	1.00e0	9.27e2	411	206	206	206	16	12	5.83	6	2.91
353	data/reference/motifs/JASPAR2026_CORE_plants_non-redundant_pfms_meme.txt	MA2726.1	SlWRKY41	GTTGACTT	5.40e-1	1.00e0	9.27e2	412	206	206	206	9	86	41.75	86	41.75
354	data/reference/motifs/JASPAR2026_CORE_plants_non-redundant_pfms_meme.txt	MA2725.1	SlWRKY6	AAAGTCAAC	1.42e-1	1.00e0	9.27e2	412	206	206	206	4	204	99.03	200	97.09
355	data/reference/motifs/JASPAR2026_CORE_plants_non-redundant_pfms_meme.txt	MA2723.1	Solyc06g060230	ACACGTCTCT	1.40e-1	1.00e0	9.27e2	410	206	206	206	4	178	86.41	169	82.04
356	data/reference/motifs/JASPAR2026_CORE_plants_non-redundant_pfms_meme.txt	MA2722.1	Sl-ERF_F_2	CGGCGGCKGCGGCGR	5.00e-1	1.00e0	9.27e2	96	206	206	206	20	1	0.49	0	0.00
357	data/reference/motifs/JASPAR2026_CORE_plants_non-redundant_pfms_meme.txt	MA2721.1	Sl-ERF_C_6	YCGCCGCCGCCRCCRCCGCC	5.00e-1	1.00e0	9.27e2	91	206	206	206	18	3	1.46	2	0.97
358	data/reference/motifs/JASPAR2026_CORE_plants_non-redundant_pfms_meme.txt	MA2718.1	Sl-ERF_A_3	GGYGGCGGCGGCGGCGG	5.00e-1	1.00e0	9.27e2	70	206	206	206	11	2	0.97	1	0.49
359	data/reference/motifs/JASPAR2026_CORE_plants_non-redundant_pfms_meme.txt	MA2717.1	eil2	AGATTCR	1.62e-1	1.00e0	9.27e2	412	206	206	206	21	112	54.37	101	49.03
360	data/reference/motifs/JASPAR2026_CORE_plants_non-redundant_pfms_meme.txt	MA2716.1	dreb3	CCACCGACCA	5.00e-1	1.00e0	9.27e2	368	206	206	206	18	1	0.49	0	0.00
361	data/reference/motifs/JASPAR2026_CORE_plants_non-redundant_pfms_meme.txt	MA2714.1	APETALA2a	ATTACCTCGTACYA	3.13e-1	1.00e0	9.27e2	154	206	206	206	2	23	11.17	19	9.22
362	data/reference/motifs/JASPAR2026_CORE_plants_non-redundant_pfms_meme.txt	MA2713.1	SlDof14	CTTTTTC	4.00e-1	1.00e0	9.27e2	412	206	206	206	20	9	4.37	7	3.40
363	data/reference/motifs/JASPAR2026_CORE_plants_non-redundant_pfms_meme.txt	MA2712.1	eil1	TCTAGATACATTGAATCT	2.73e-1	1.00e0	9.27e2	165	206	206	206	1	86	41.75	79	38.35
364	data/reference/motifs/JASPAR2026_CORE_plants_non-redundant_pfms_meme.txt	MA2709.1	SolycHsfA2	TTCTAGAAKMTTCTA	2.13e-1	1.00e0	9.27e2	237	206	206	206	1	123	59.71	114	55.34
365	data/reference/motifs/JASPAR2026_CORE_plants_non-redundant_pfms_meme.txt	MA2708.1	SlDof4	AGAAAAAGTAA	1.56e-1	1.00e0	9.27e2	412	206	206	206	10	196	95.15	190	92.23
366	data/reference/motifs/JASPAR2026_CORE_plants_non-redundant_pfms_meme.txt	MA2752.1	TaOBF1b	TGCCACGTCATCATC	2.49e-1	1.00e0	9.27e2	259	206	206	206	7	2	0.97	0	0.00
367	data/reference/motifs/JASPAR2026_CORE_plants_non-redundant_pfms_meme.txt	MA2751.1	TraesCS2B02G304400	CCACTCGACC	5.73e-1	1.00e0	9.27e2	378	206	206	206	7	16	7.77	16	7.77
368	data/reference/motifs/JASPAR2026_CORE_plants_non-redundant_pfms_meme.txt	MA2750.1	TraesCS7B02G142200	TGTACGGAC	6.56e-1	1.00e0	9.27e2	383	206	206	206	4	83	40.29	86	41.75
369	data/reference/motifs/JASPAR2026_CORE_plants_non-redundant_pfms_meme.txt	MA2749.1	TraesCS2D02G576500	GAAGCAAC	2.55e-1	1.00e0	9.27e2	411	206	206	206	5	188	91.26	183	88.83
370	data/reference/motifs/JASPAR2026_CORE_plants_non-redundant_pfms_meme.txt	MA2748.1	TraesCS6B02G321100	CAATTATTG	2.72e-1	1.00e0	9.27e2	410	206	206	206	21	7	3.40	4	1.94
371	data/reference/motifs/JASPAR2026_CORE_plants_non-redundant_pfms_meme.txt	MA2761.1	myb100	TRCCTAACTT	1.61e-1	1.00e0	9.27e2	409	206	206	206	3	200	97.09	195	94.66
372	data/reference/motifs/JASPAR2026_CORE_plants_non-redundant_pfms_meme.txt	MA2760.1	p2	CACCTAAC	1.08e-1	1.00e0	9.27e2	412	206	206	206	27	5	2.43	1	0.49
373	data/reference/motifs/JASPAR2026_CORE_plants_non-redundant_pfms_meme.txt	MA2758.1	ereb122	CCGACCA	3.69e-1	1.00e0	9.27e2	412	206	206	206	13	57	27.67	53	25.73
374	data/reference/motifs/JASPAR2026_CORE_plants_non-redundant_pfms_meme.txt	MA2757.1	pbf1	ATAAAGT	1.39e-1	1.00e0	9.27e2	412	206	206	206	30	104	50.49	92	44.66
375	data/reference/motifs/JASPAR2026_CORE_plants_non-redundant_pfms_meme.txt	MA2756.1	dfo23	TACCTTTTTCT	5.00e-1	1.00e0	9.27e2	412	206	206	206	23	35	16.99	34	16.50
376	data/reference/motifs/JASPAR2026_CORE_plants_non-redundant_pfms_meme.txt	MA2755.1	hsftf24	ACTAGAAGCTTCTGGAA	1.99e-1	1.00e0	9.27e2	281	206	206	206	1	145	70.39	136	66.02
377	data/reference/motifs/JASPAR2026_CORE_plants_non-redundant_pfms_meme.txt	MA2754.1	wrky38	CGTGGACC	5.84e-1	1.00e0	9.27e2	406	206	206	206	10	63	30.58	64	31.07
378	data/reference/motifs/JASPAR2026_CORE_plants_non-redundant_pfms_meme.txt	MA2753.1	cpp8	GAATTTGAAW	1.90e-1	1.00e0	9.27e2	412	206	206	206	34	8	3.88	4	1.94
379	data/reference/motifs/JASPAR2026_CORE_plants_non-redundant_pfms_meme.txt	MA2627.1	bzip9	CACGTCA	2.13e-1	1.00e0	9.27e2	412	206	206	206	6	187	90.78	181	87.86
380	data/reference/motifs/JASPAR2026_CORE_plants_non-redundant_pfms_meme.txt	MA2626.1	bzip40	GTGACGTGGC	1.08e-1	1.00e0	9.27e2	406	206	206	206	1	205	99.51	201	97.57
381	data/reference/motifs/JASPAR2026_CORE_plants_non-redundant_pfms_meme.txt	MA2625.1	mybr17	CATTATC	1.10e-1	1.00e0	9.27e2	412	206	206	206	46	8	3.88	3	1.46
382	data/reference/motifs/JASPAR2026_CORE_plants_non-redundant_pfms_meme.txt	MA2624.1	myb37	TAACCGAA	1.56e-1	1.00e0	9.27e2	412	206	206	206	21	23	11.17	16	7.77
383	data/reference/motifs/JASPAR2026_CORE_plants_non-redundant_pfms_meme.txt	MA2621.1	glk25	TGATTCCA	1.16e-1	1.00e0	9.27e2	412	206	206	206	23	50	24.27	39	18.93
384	data/reference/motifs/JASPAR2026_CORE_plants_non-redundant_pfms_meme.txt	MA2620.1	g2	CCTTATCC	2.49e-1	1.00e0	9.27e2	412	206	206	206	38	2	0.97	0	0.00
385	data/reference/motifs/JASPAR2026_CORE_plants_non-redundant_pfms_meme.txt	MA2619.1	ereb18	CCGCCGCCGCCCGCC	5.00e-1	1.00e0	9.27e2	163	206	206	206	34	1	0.49	0	0.00
386	data/reference/motifs/JASPAR2026_CORE_plants_non-redundant_pfms_meme.txt	MA2618.1	ereb102	CGACGGCGA	5.00e-1	1.00e0	9.27e2	343	206	206	206	38	1	0.49	0	0.00
387	data/reference/motifs/JASPAR2026_CORE_plants_non-redundant_pfms_meme.txt	MA2617.1	ereb54	GCGGCGGCGGC	6.38e-1	1.00e0	9.27e2	128	206	206	206	7	4	1.94	4	1.94
388	data/reference/motifs/JASPAR2026_CORE_plants_non-redundant_pfms_meme.txt	MA2616.1	ereb17	CGCCGCCGCCGCCS	5.81e-1	1.00e0	9.27e2	149	206	206	206	1	74	35.92	75	36.41
389	data/reference/motifs/JASPAR2026_CORE_plants_non-redundant_pfms_meme.txt	MA2614.1	ereb198	SCGCCGCCGCCR	3.12e-1	1.00e0	9.27e2	145	206	206	206	16	3	1.46	1	0.49
390	data/reference/motifs/JASPAR2026_CORE_plants_non-redundant_pfms_meme.txt	MA2613.1	ereb34	GCCGCCGCCGCCCS	5.00e-1	1.00e0	9.27e2	162	206	206	206	30	1	0.49	0	0.00
391	data/reference/motifs/JASPAR2026_CORE_plants_non-redundant_pfms_meme.txt	MA2612.1	ereb147	ACGCCGAC	5.00e-1	1.00e0	9.27e2	389	206	206	206	47	1	0.49	0	0.00
392	data/reference/motifs/JASPAR2026_CORE_plants_non-redundant_pfms_meme.txt	MA2611.1	ereb209	GCGCCGC	8.76e-1	1.00e0	9.27e2	18	206	206	206	2	1	0.49	2	0.97
393	data/reference/motifs/JASPAR2026_CORE_plants_non-redundant_pfms_meme.txt	MA2609.1	ereb172	CAGCCGCA	2.46e-1	1.00e0	9.27e2	392	206	206	206	1	198	96.12	194	94.17
394	data/reference/motifs/JASPAR2026_CORE_plants_non-redundant_pfms_meme.txt	MA2607.1	tcptf23	GGGACCAC	4.25e-1	1.00e0	9.27e2	404	206	206	206	13	16	7.77	14	6.80
395	data/reference/motifs/JASPAR2026_CORE_plants_non-redundant_pfms_meme.txt	MA2606.1	mybr43	CCTTATCC	3.12e-1	1.00e0	9.27e2	412	206	206	206	27	3	1.46	1	0.49
396	data/reference/motifs/JASPAR2026_CORE_plants_non-redundant_pfms_meme.txt	MA2605.1	mybr26	CCTTATCC	3.12e-1	1.00e0	9.27e2	412	206	206	206	31	3	1.46	1	0.49
397	data/reference/motifs/JASPAR2026_CORE_plants_non-redundant_pfms_meme.txt	MA2604.1	dof22	ACTTTTAC	1.24e-1	1.00e0	9.27e2	412	206	206	206	15	206	100.00	203	98.54
398	data/reference/motifs/JASPAR2026_CORE_plants_non-redundant_pfms_meme.txt	MA2501.1	G1	TTACTGTA	1.17e-1	1.00e0	9.27e2	412	206	206	206	17	97	47.09	84	40.78
399	data/reference/motifs/JASPAR2026_CORE_plants_non-redundant_pfms_meme.txt	MA1378.2	AIL6	TCCTCGA	5.00e-1	1.00e0	9.27e2	412	206	206	206	25	17	8.25	16	7.77
400	data/reference/motifs/JASPAR2026_CORE_plants_non-redundant_pfms_meme.txt	MA0566.2	MYC2	AACACGTGA	1.42e-1	1.00e0	9.27e2	404	206	206	206	1	204	99.03	200	97.09
401	data/reference/motifs/JASPAR2026_CORE_plants_non-redundant_pfms_meme.txt	MA1776.3	MYB67	TACCTAACA	9.82e-2	1.00e0	9.27e2	411	206	206	206	11	53	25.73	41	19.90
402	data/reference/motifs/JASPAR2026_CORE_plants_non-redundant_pfms_meme.txt	MA2639.1	FUL::SOC1	TTCCATTTTTGG	1.96e-1	1.00e0	9.27e2	412	206	206	206	14	32	15.53	25	12.14
403	data/reference/motifs/JASPAR2026_CORE_plants_non-redundant_pfms_meme.txt	MA2638.1	FUL::SEP3	TTWCTATTTATAGTAA	3.26e-1	1.00e0	9.27e2	307	206	206	206	1	156	75.73	151	73.30
404	data/reference/motifs/JASPAR2026_CORE_plants_non-redundant_pfms_meme.txt	MA2637.1	FUL::AG::SEP3	WTWCCAWAAATAGAAA	1.31e-1	1.00e0	9.27e2	408	206	206	206	11	19	9.22	12	5.83
405	data/reference/motifs/JASPAR2026_CORE_plants_non-redundant_pfms_meme.txt	MA2636.1	FUL::AG	WCTTTCCATTTTTRGAAA	5.00e-1	1.00e0	9.27e2	311	206	206	206	6	2	0.97	1	0.49
406	data/reference/motifs/JASPAR2026_CORE_plants_non-redundant_pfms_meme.txt	MA2635.1	FUL	TTWCCAWAAATAGAAA	3.23e-1	1.00e0	9.27e2	376	206	206	206	6	26	12.62	22	10.68
407	data/reference/motifs/JASPAR2026_CORE_plants_non-redundant_pfms_meme.txt	MA2505.1	bZIP59	TGACAGCTGTCA	3.43e-1	1.00e0	9.27e2	336	206	206	206	18	4	1.94	2	0.97
408	data/reference/motifs/JASPAR2026_CORE_plants_non-redundant_pfms_meme.txt	MA2500.1	LSH3	TTACTGTTCAT	1.35e-1	1.00e0	9.27e2	411	206	206	206	10	62	30.10	51	24.76
409	data/reference/motifs/JASPAR2026_CORE_plants_non-redundant_pfms_meme.txt	MA2499.1	LSH2	TACTGTTCA	1.62e-1	1.00e0	9.27e2	412	206	206	206	12	104	50.49	93	45.15
410	data/reference/motifs/JASPAR2026_CORE_plants_non-redundant_pfms_meme.txt	MA2498.1	LSH1	AAACAGTG	9.85e-2	1.00e0	9.27e2	412	206	206	206	9	189	91.75	180	87.38
411	data/reference/motifs/JASPAR2026_CORE_plants_non-redundant_pfms_meme.txt	MA1355.2	TRB2	WARCCCTAAWT	4.15e-1	1.00e0	9.27e2	258	206	206	206	2	63	30.58	60	29.13
412	data/reference/motifs/JASPAR2026_CORE_plants_non-redundant_pfms_meme.txt	MA1353.2	AT1G72740	RWTTAGGGTTT	6.16e-1	1.00e0	9.27e2	321	206	206	206	2	95	46.12	97	47.09
413	data/reference/motifs/JASPAR2026_CORE_plants_non-redundant_pfms_meme.txt	MA1322.3	SPL9	TCCGTAC	4.50e-1	1.00e0	9.27e2	409	206	206	206	10	40	19.42	38	18.45
414	data/reference/motifs/JASPAR2026_CORE_plants_non-redundant_pfms_meme.txt	MA1055.3	SPL1	TGTACGGA	1.61e-1	1.00e0	9.27e2	401	206	206	206	11	11	5.34	6	2.91
415	data/reference/motifs/JASPAR2026_CORE_plants_non-redundant_pfms_meme.txt	MA0577.4	SPL3	TGTACGGA	2.51e-1	1.00e0	9.27e2	373	206	206	206	7	22	10.68	17	8.25
416	data/reference/motifs/JASPAR2026_CORE_plants_non-redundant_pfms_meme.txt	MA2479.1	TCX5	ATTCAAAT	1.97e-1	1.00e0	9.27e2	411	206	206	206	29	22	10.68	16	7.77
417	data/reference/motifs/JASPAR2026_CORE_plants_non-redundant_pfms_meme.txt	MA1799.2	SPL10	GTACGR	1.00e-1	1.00e0	9.27e2	411	206	206	206	11	110	53.40	96	46.60
418	data/reference/motifs/JASPAR2026_CORE_plants_non-redundant_pfms_meme.txt	MA1321.2	SPL13A	TGTACGGA	2.46e-1	1.00e0	9.27e2	353	206	206	206	7	12	5.83	8	3.88
419	data/reference/motifs/JASPAR2026_CORE_plants_non-redundant_pfms_meme.txt	MA1320.2	SPL15	TGTACGGA	2.75e-1	1.00e0	9.27e2	173	206	206	206	2	28	13.59	23	11.17
420	data/reference/motifs/JASPAR2026_CORE_plants_non-redundant_pfms_meme.txt	MA1060.2	SPL7	CGTACG	6.89e-1	1.00e0	9.27e2	412	206	206	206	16	98	47.57	102	49.51
421	data/reference/motifs/JASPAR2026_CORE_plants_non-redundant_pfms_meme.txt	MA1056.2	SPL11	CGTACGGA	2.58e-1	1.00e0	9.27e2	291	206	206	206	1	149	72.33	142	68.93
422	data/reference/motifs/JASPAR2026_CORE_plants_non-redundant_pfms_meme.txt	MA0586.3	SPL14	TCCGTAC	3.57e-1	1.00e0	9.27e2	205	206	206	206	2	44	21.36	40	19.42
423	data/reference/motifs/JASPAR2026_CORE_plants_non-redundant_pfms_meme.txt	MA1742.2	BIZP18	TGMCAGCTGK	2.51e-1	1.00e0	9.27e2	312	206	206	206	6	6	2.91	3	1.46
424	data/reference/motifs/JASPAR2026_CORE_plants_non-redundant_pfms_meme.txt	MA1672.2	GBF2	SACGTGGCA	4.27e-1	1.00e0	9.27e2	410	206	206	206	15	17	8.25	15	7.28
425	data/reference/motifs/JASPAR2026_CORE_plants_non-redundant_pfms_meme.txt	MA2476.1	KNAT7	TGACRKCT	1.75e-1	1.00e0	9.27e2	367	206	206	206	4	75	36.41	65	31.55
426	data/reference/motifs/JASPAR2026_CORE_plants_non-redundant_pfms_meme.txt	MA2474.1	HMGB10	TWATAA	3.34e-1	1.00e0	9.27e2	410	206	206	206	26	13	6.31	10	4.85
427	data/reference/motifs/JASPAR2026_CORE_plants_non-redundant_pfms_meme.txt	MA1738.1	ATMYB31	YAMCTMCCAACHAMH	4.05e-1	1.00e0	9.27e2	403	206	206	206	8	45	21.84	42	20.39
428	data/reference/motifs/JASPAR2026_CORE_plants_non-redundant_pfms_meme.txt	MA1205.1	AGL6	TTWCCAAAAAWGGAAAAWW	5.56e-1	1.00e0	9.27e2	274	206	206	206	3	29	14.08	29	14.08
429	data/reference/motifs/JASPAR2026_CORE_plants_non-redundant_pfms_meme.txt	MA1204.1	AGL13	TTWCCAAAAAWRGWAAAW	1.74e-1	1.00e0	9.27e2	210	206	206	206	2	37	17.96	29	14.08
430	data/reference/motifs/JASPAR2026_CORE_plants_non-redundant_pfms_meme.txt	MA1203.1	AGL63	TKCCAAAAATGGMAA	4.46e-1	1.00e0	9.27e2	328	206	206	206	4	33	16.02	31	15.05
431	data/reference/motifs/JASPAR2026_CORE_plants_non-redundant_pfms_meme.txt	MA1199.1	AGL16	TTTCCWTTTTDGGWA	2.77e-1	1.00e0	9.27e2	334	206	206	206	2	111	53.88	104	50.49
432	data/reference/motifs/JASPAR2026_CORE_plants_non-redundant_pfms_meme.txt	MA1188.1	At3g11280	AWYCTTATCTTHWY	2.72e-1	1.00e0	9.27e2	411	206	206	206	15	15	7.28	11	5.34
433	data/reference/motifs/JASPAR2026_CORE_plants_non-redundant_pfms_meme.txt	MA1039.1	MYB4	GGTWGGTR	1.42e-1	1.00e0	9.27e2	412	206	206	206	20	50	24.27	40	19.42
434	data/reference/motifs/JASPAR2026_CORE_plants_non-redundant_pfms_meme.txt	MA1012.1	AGL27	CTTTCYATTTTKGG	1.51e-1	1.00e0	9.27e2	312	206	206	206	1	161	78.16	151	73.30
435	data/reference/motifs/JASPAR2026_CORE_plants_non-redundant_pfms_meme.txt	MA0574.1	MYB15	CRACGGTAGGTGG	7.51e-1	1.00e0	9.27e2	66	206	206	206	3	1	0.49	1	0.49
436	data/reference/motifs/JASPAR2026_CORE_plants_non-redundant_pfms_meme.txt	MA0559.1	PI	CCAAAARWRGAAAR	1.90e-1	1.00e0	9.27e2	412	206	206	206	3	202	98.06	198	96.12
437	data/reference/motifs/JASPAR2026_CORE_plants_non-redundant_pfms_meme.txt	MA0955.2	POPTR_0002s00440g	GTACGG	1.58e-1	1.00e0	9.27e2	412	206	206	206	22	128	62.14	117	56.80
438	data/reference/motifs/JASPAR2026_CORE_plants_non-redundant_pfms_meme.txt	MA0054.1	myb.Ph3	TAACBGTTW	1.42e-1	1.00e0	9.27e2	412	206	206	206	19	204	99.03	200	97.09
439	data/reference/motifs/JASPAR2026_CORE_plants_non-redundant_pfms_meme.txt	MA2482.1	PK27693.1	TTATC	2.33e-1	1.00e0	9.27e2	412	206	206	206	79	182	88.35	176	85.44
440	data/reference/motifs/JASPAR2026_CORE_plants_non-redundant_pfms_meme.txt	MA2478.1	PK13314.1	GGGCCCAC	1.51e-1	1.00e0	9.27e2	409	206	206	206	5	174	84.47	165	80.10
441	data/reference/motifs/JASPAR2026_CORE_plants_non-redundant_pfms_meme.txt	MA1021.2	PHYPADRAFT_48267	CACGTGC	1.03e-1	1.00e0	9.27e2	349	206	206	206	5	44	21.36	33	16.02
442	data/reference/motifs/JASPAR2026_CORE_plants_non-redundant_pfms_meme.txt	MA1011.2	PHYPADRAFT_72483	CACGTG	1.08e-1	1.00e0	9.27e2	412	206	206	206	44	79	38.35	66	32.04
443	data/reference/motifs/JASPAR2026_CORE_plants_non-redundant_pfms_meme.txt	MA0988.2	PHYPADRAFT_143875	CACGTG	2.23e-1	1.00e0	9.27e2	407	206	206	206	30	10	4.85	6	2.91
444	data/reference/motifs/JASPAR2026_CORE_plants_non-redundant_pfms_meme.txt	MA2040.2	ENAP2	CTCCGGCGA	2.41e-1	1.00e0	9.27e2	257	206	206	206	3	51	24.76	44	21.36
445	data/reference/motifs/JASPAR2026_CORE_plants_non-redundant_pfms_meme.txt	MA1662.2	AT3G10030	TTAACAGA	2.01e-1	1.00e0	9.27e2	412	206	206	206	12	72	34.95	63	30.58
446	data/reference/motifs/JASPAR2026_CORE_plants_non-redundant_pfms_meme.txt	MA1661.2	GTL1	GGTTAAAA	2.79e-1	1.00e0	9.27e2	412	206	206	206	26	16	7.77	12	5.83
447	data/reference/motifs/JASPAR2026_CORE_plants_non-redundant_pfms_meme.txt	MA1366.2	DF1	RGTAAAAA	1.85e-1	1.00e0	9.27e2	412	206	206	206	8	192	93.20	186	90.29
448	data/reference/motifs/JASPAR2026_CORE_plants_non-redundant_pfms_meme.txt	MA1208.2	GT-2	WTTTTTACCGY	3.93e-1	1.00e0	9.27e2	412	206	206	206	6	200	97.09	198	96.12
449	data/reference/motifs/JASPAR2026_CORE_plants_non-redundant_pfms_meme.txt	MA2032.2	TRB1	AAACCCTAA	1.42e-1	1.00e0	9.27e2	411	206	206	206	2	204	99.03	200	97.09
450	data/reference/motifs/JASPAR2026_CORE_plants_non-redundant_pfms_meme.txt	MA1802.2	TRP5	WAAACCY	1.61e-1	1.00e0	9.27e2	412	206	206	206	73	45	21.84	36	17.48
451	data/reference/motifs/JASPAR2026_CORE_plants_non-redundant_pfms_meme.txt	MA1793.2	NID1	TTATCC	2.28e-1	1.00e0	9.27e2	412	206	206	206	82	18	8.74	13	6.31
452	data/reference/motifs/JASPAR2026_CORE_plants_non-redundant_pfms_meme.txt	MA1401.2	RVE7	AAAATATCT	1.58e-1	1.00e0	9.27e2	305	206	206	206	3	44	21.36	35	16.99
453	data/reference/motifs/JASPAR2026_CORE_plants_non-redundant_pfms_meme.txt	MA1400.2	AT1G19000	WWWTGGATAAGRW	1.46e-1	1.00e0	9.27e2	392	206	206	206	8	10	4.85	5	2.43
454	data/reference/motifs/JASPAR2026_CORE_plants_non-redundant_pfms_meme.txt	MA1398.3	KUA1	CTTATCCA	2.49e-1	1.00e0	9.27e2	412	206	206	206	5	206	100.00	204	99.03
455	data/reference/motifs/JASPAR2026_CORE_plants_non-redundant_pfms_meme.txt	MA1397.2	AT1G74840	WWTGGATAA	9.37e-2	1.00e0	9.27e2	411	206	206	206	11	25	12.14	16	7.77
456	data/reference/motifs/JASPAR2026_CORE_plants_non-redundant_pfms_meme.txt	MA1195.2	AT5G56840	AAYCTTATCCAWWW	5.44e-1	1.00e0	9.27e2	405	206	206	206	4	150	72.82	150	72.82
457	data/reference/motifs/JASPAR2026_CORE_plants_non-redundant_pfms_meme.txt	MA1194.2	AT3G10580	DWDWRGATAAGVWT	2.25e-1	1.00e0	9.27e2	411	206	206	206	2	204	99.03	201	97.57
458	data/reference/motifs/JASPAR2026_CORE_plants_non-redundant_pfms_meme.txt	MA1193.2	AT2G38090	WDWGGATAAGDAT	1.43e-1	1.00e0	9.27e2	409	206	206	206	4	165	80.10	155	75.24
459	data/reference/motifs/JASPAR2026_CORE_plants_non-redundant_pfms_meme.txt	MA1192.2	DIV1	WRGATAAGRTT	3.36e-1	1.00e0	9.27e2	409	206	206	206	3	179	86.89	175	84.95
460	data/reference/motifs/JASPAR2026_CORE_plants_non-redundant_pfms_meme.txt	MA1189.2	AT5G61620	WWWTGGATAAGRWW	1.08e-1	1.00e0	9.27e2	411	206	206	206	16	5	2.43	1	0.49
461	data/reference/motifs/JASPAR2026_CORE_plants_non-redundant_pfms_meme.txt	MA1186.2	YAB4	AWYCTTATCYW	3.86e-1	1.00e0	9.27e2	412	206	206	206	4	201	97.57	199	96.60
462	data/reference/motifs/JASPAR2026_CORE_plants_non-redundant_pfms_meme.txt	MA1182.2	RVE8	AGATATTTT	1.17e-1	1.00e0	9.27e2	381	206	206	206	3	121	58.74	108	52.43
463	data/reference/motifs/JASPAR2026_CORE_plants_non-redundant_pfms_meme.txt	MA0579.2	CDC5	GCTCAGCGC	8.01e-1	1.00e0	9.27e2	363	206	206	206	5	27	13.11	32	15.53
464	data/reference/motifs/JASPAR2026_CORE_plants_non-redundant_pfms_meme.txt	MA2042.2	MYB58	CCACCAACC	2.41e-1	1.00e0	9.27e2	412	206	206	206	14	51	24.76	44	21.36
465	data/reference/motifs/JASPAR2026_CORE_plants_non-redundant_pfms_meme.txt	MA2041.2	MYB13	YCACCAACCA	3.12e-1	1.00e0	9.27e2	411	206	206	206	29	3	1.46	1	0.49
466	data/reference/motifs/JASPAR2026_CORE_plants_non-redundant_pfms_meme.txt	MA2030.2	MYB96	MCCAACTACCA	3.43e-1	1.00e0	9.27e2	406	206	206	206	22	4	1.94	2	0.97
467	data/reference/motifs/JASPAR2026_CORE_plants_non-redundant_pfms_meme.txt	MA2029.2	MYB88	ACGCTCCTC	1.90e-1	1.00e0	9.27e2	297	206	206	206	1	153	74.27	144	69.90
468	data/reference/motifs/JASPAR2026_CORE_plants_non-redundant_pfms_meme.txt	MA2027.2	MYB44	HAACGGTCA	9.92e-2	1.00e0	9.27e2	399	206	206	206	6	69	33.50	56	27.18
469	data/reference/motifs/JASPAR2026_CORE_plants_non-redundant_pfms_meme.txt	MA2025.2	MYB93	TACCAAAC	1.19e-1	1.00e0	9.27e2	412	206	206	206	17	68	33.01	56	27.18
470	data/reference/motifs/JASPAR2026_CORE_plants_non-redundant_pfms_meme.txt	MA2024.2	MYB63	YCACCTACCAC	5.00e-1	1.00e0	9.27e2	393	206	206	206	18	2	0.97	1	0.49
471	data/reference/motifs/JASPAR2026_CORE_plants_non-redundant_pfms_meme.txt	MA2008.2	MYB99	CACCTAMY	5.00e-1	1.00e0	9.27e2	376	206	206	206	12	1	0.49	0	0.00
472	data/reference/motifs/JASPAR2026_CORE_plants_non-redundant_pfms_meme.txt	MA2007.2	MYB107	CACCAAAC	3.00e-1	1.00e0	9.27e2	412	206	206	206	27	9	4.37	6	2.91
473	data/reference/motifs/JASPAR2026_CORE_plants_non-redundant_pfms_meme.txt	MA1781.2	MYB94	CCAACYACYW	1.24e-1	1.00e0	9.27e2	409	206	206	206	17	3	1.46	0	0.00
474	data/reference/motifs/JASPAR2026_CORE_plants_non-redundant_pfms_meme.txt	MA1779.2	MYB83	CACCAACM	2.49e-1	1.00e0	9.27e2	412	206	206	206	45	2	0.97	0	0.00
475	data/reference/motifs/JASPAR2026_CORE_plants_non-redundant_pfms_meme.txt	MA1774.2	MYB60	YCAACYACYT	5.00e-1	1.00e0	9.27e2	409	206	206	206	1	205	99.51	204	99.03
476	data/reference/motifs/JASPAR2026_CORE_plants_non-redundant_pfms_meme.txt	MA1773.2	MYB51	YYYACCWACYW	2.49e-1	1.00e0	9.27e2	405	206	206	206	14	2	0.97	0	0.00
477	data/reference/motifs/JASPAR2026_CORE_plants_non-redundant_pfms_meme.txt	MA1772.2	MYB43	YTYACCWAMCWT	1.74e-1	1.00e0	9.27e2	361	206	206	206	6	12	5.83	7	3.40
478	data/reference/motifs/JASPAR2026_CORE_plants_non-redundant_pfms_meme.txt	MA1771.2	MYB41	TYACCTAMYT	1.38e-1	1.00e0	9.27e2	409	206	206	206	10	48	23.30	38	18.45
479	data/reference/motifs/JASPAR2026_CORE_plants_non-redundant_pfms_meme.txt	MA1769.2	MYB39	YYCACCTAMYTT	1.54e-1	1.00e0	9.27e2	402	206	206	206	7	42	20.39	33	16.02
480	data/reference/motifs/JASPAR2026_CORE_plants_non-redundant_pfms_meme.txt	MA1768.2	MYB30	CCAACYACCAMC	4.10e-1	1.00e0	9.27e2	412	206	206	206	3	197	95.63	195	94.66
481	data/reference/motifs/JASPAR2026_CORE_plants_non-redundant_pfms_meme.txt	MA1764.2	MYB116	TGCCTAACTT	3.12e-1	1.00e0	9.27e2	300	206	206	206	5	3	1.46	1	0.49
482	data/reference/motifs/JASPAR2026_CORE_plants_non-redundant_pfms_meme.txt	MA1762.2	MYB10	YCACCWAMCW	2.13e-1	1.00e0	9.27e2	392	206	206	206	7	25	12.14	19	9.22
483	data/reference/motifs/JASPAR2026_CORE_plants_non-redundant_pfms_meme.txt	MA1394.3	MYB73	AACGGTCA	1.29e-1	1.00e0	9.27e2	406	206	206	206	9	44	21.36	34	16.50
484	data/reference/motifs/JASPAR2026_CORE_plants_non-redundant_pfms_meme.txt	MA1393.3	MYB70	AACCGTT	1.42e-1	1.00e0	9.27e2	411	206	206	206	2	204	99.03	200	97.09
485	data/reference/motifs/JASPAR2026_CORE_plants_non-redundant_pfms_meme.txt	MA1392.3	MYB98	WMCGTTAC	2.17e-1	1.00e0	9.27e2	397	206	206	206	7	26	12.62	20	9.71
486	data/reference/motifs/JASPAR2026_CORE_plants_non-redundant_pfms_meme.txt	MA1391.3	MYB33	ATAACCGTAW	2.03e-1	1.00e0	9.27e2	411	206	206	206	3	189	91.75	183	88.83
487	data/reference/motifs/JASPAR2026_CORE_plants_non-redundant_pfms_meme.txt	MA1293.2	MYB57	TACCTAACTT	2.25e-1	1.00e0	9.27e2	186	206	206	206	2	28	13.59	22	10.68
488	data/reference/motifs/JASPAR2026_CORE_plants_non-redundant_pfms_meme.txt	MA1180.2	MYB3R4	WWWTRACCGTTR	5.00e-1	1.00e0	9.27e2	266	206	206	206	6	2	0.97	1	0.49
489	data/reference/motifs/JASPAR2026_CORE_plants_non-redundant_pfms_meme.txt	MA1179.2	MYB1	ACSGTTA	1.31e-1	1.00e0	9.27e2	391	206	206	206	6	45	21.84	35	16.99
490	data/reference/motifs/JASPAR2026_CORE_plants_non-redundant_pfms_meme.txt	MA1173.2	MYB101	TAACCGAAW	1.02e-1	1.00e0	9.27e2	412	206	206	206	21	72	34.95	59	28.64
491	data/reference/motifs/JASPAR2026_CORE_plants_non-redundant_pfms_meme.txt	MA1172.2	MYB3R5	AAWWDTDACCGTTR	3.12e-1	1.00e0	9.27e2	239	206	206	206	6	3	1.46	1	0.49
492	data/reference/motifs/JASPAR2026_CORE_plants_non-redundant_pfms_meme.txt	MA1170.2	MYB118	RWCCGTTACRWW	3.03e-1	1.00e0	9.27e2	268	206	206	206	1	137	66.50	131	63.59
493	data/reference/motifs/JASPAR2026_CORE_plants_non-redundant_pfms_meme.txt	MA0034.2	Gam1	YAACCGMC	2.10e-1	1.00e0	9.27e2	412	206	206	206	14	130	63.11	121	58.74
494	data/reference/motifs/JASPAR2026_CORE_plants_non-redundant_pfms_meme.txt	MA1737.2	AT5G05090	AGATHCG	1.19e-1	1.00e0	9.27e2	412	206	206	206	9	184	89.32	175	84.95
495	data/reference/motifs/JASPAR2026_CORE_plants_non-redundant_pfms_meme.txt	MA1735.2	AT2G38300	AAHATTCYHT	2.09e-1	1.00e0	9.27e2	412	206	206	206	6	177	85.92	170	82.52
496	data/reference/motifs/JASPAR2026_CORE_plants_non-redundant_pfms_meme.txt	MA1390.3	HHO2	AAGATTCC	1.38e-1	1.00e0	9.27e2	412	206	206	206	11	100	48.54	88	42.72
497	data/reference/motifs/JASPAR2026_CORE_plants_non-redundant_pfms_meme.txt	MA1387.2	HRS1	ATCRAAGATTCY	4.05e-1	1.00e0	9.27e2	405	206	206	206	3	163	79.13	160	77.67
498	data/reference/motifs/JASPAR2026_CORE_plants_non-redundant_pfms_meme.txt	MA1386.3	HHO3	AAGATTCT	2.32e-1	1.00e0	9.27e2	412	206	206	206	11	72	34.95	64	31.07
499	data/reference/motifs/JASPAR2026_CORE_plants_non-redundant_pfms_meme.txt	MA1385.2	AT2G40260	AAHATTCTYT	1.54e-1	1.00e0	9.27e2	412	206	206	206	9	82	39.81	71	34.47
500	data/reference/motifs/JASPAR2026_CORE_plants_non-redundant_pfms_meme.txt	MA1383.2	KAN2	AATATTCTTT	1.24e-1	1.00e0	9.27e2	410	206	206	206	17	3	1.46	0	0.00
501	data/reference/motifs/JASPAR2026_CORE_plants_non-redundant_pfms_meme.txt	MA1168.2	MYR2	RGAATMTT	2.65e-1	1.00e0	9.27e2	402	206	206	206	3	170	82.52	164	79.61
502	data/reference/motifs/JASPAR2026_CORE_plants_non-redundant_pfms_meme.txt	MA1167.2	EFM	RGAATATTC	2.09e-1	1.00e0	9.27e2	393	206	206	206	2	177	85.92	170	82.52
503	data/reference/motifs/JASPAR2026_CORE_plants_non-redundant_pfms_meme.txt	MA1165.3	HHO6	AGATTCT	1.56e-1	1.00e0	9.27e2	412	206	206	206	10	131	63.59	120	58.25
504	data/reference/motifs/JASPAR2026_CORE_plants_non-redundant_pfms_meme.txt	MA1164.2	HHO5	RAAGATTC	2.95e-1	1.00e0	9.27e2	407	206	206	206	7	64	31.07	58	28.16
505	data/reference/motifs/JASPAR2026_CORE_plants_non-redundant_pfms_meme.txt	MA1409.2	OsRR22	AGATACGST	1.30e-1	1.00e0	9.27e2	408	206	206	206	12	9	4.37	4	1.94
506	data/reference/motifs/JASPAR2026_CORE_plants_non-redundant_pfms_meme.txt	MA0948.2	ARR18	AGATACG	1.16e-1	1.00e0	9.27e2	412	206	206	206	19	191	92.72	183	88.83
507	data/reference/motifs/JASPAR2026_CORE_plants_non-redundant_pfms_meme.txt	MA1794.2	NLP7	TGVCYYTT	4.57e-1	1.00e0	9.27e2	412	206	206	206	13	145	70.39	143	69.42
508	data/reference/motifs/JASPAR2026_CORE_plants_non-redundant_pfms_meme.txt	MA2022.2	LOB	CCGCCGCCGCMGC	2.49e-1	1.00e0	9.27e2	175	206	206	206	22	2	0.97	0	0.00
509	data/reference/motifs/JASPAR2026_CORE_plants_non-redundant_pfms_meme.txt	MA2021.2	LBD13	TCCACCGT	3.36e-1	1.00e0	9.27e2	406	206	206	206	4	179	86.89	175	84.95
510	data/reference/motifs/JASPAR2026_CORE_plants_non-redundant_pfms_meme.txt	MA1673.2	LBD18	GCCGGAAA	1.31e-1	1.00e0	9.27e2	410	206	206	206	13	45	21.84	35	16.99
511	data/reference/motifs/JASPAR2026_CORE_plants_non-redundant_pfms_meme.txt	MA1281.2	DOF5.1	AAAAAGWAAAAARAAAAAR	9.77e-2	1.00e0	9.27e2	412	206	206	206	8	183	88.83	173	83.98
512	data/reference/motifs/JASPAR2026_CORE_plants_non-redundant_pfms_meme.txt	MA1280.2	DOF5.4	AAAAAGK	1.85e-1	1.00e0	9.27e2	412	206	206	206	11	192	93.20	186	90.29
513	data/reference/motifs/JASPAR2026_CORE_plants_non-redundant_pfms_meme.txt	MA1279.2	DOF1.5	AAADDAAAAAGTRAAA	1.46e-1	1.00e0	9.27e2	412	206	206	206	6	201	97.57	196	95.15
514	data/reference/motifs/JASPAR2026_CORE_plants_non-redundant_pfms_meme.txt	MA1278.2	DOF3.4	TTYTTTTTTWVCTTTTT	2.49e-1	1.00e0	9.27e2	412	206	206	206	41	2	0.97	0	0.00
515	data/reference/motifs/JASPAR2026_CORE_plants_non-redundant_pfms_meme.txt	MA1277.2	DOF1.7	AAAAAGTARAA	1.24e-1	1.00e0	9.27e2	412	206	206	206	13	195	94.66	188	91.26
516	data/reference/motifs/JASPAR2026_CORE_plants_non-redundant_pfms_meme.txt	MA1276.2	DOF3.5	AWAAAGK	9.81e-2	1.00e0	9.27e2	412	206	206	206	9	151	73.30	138	66.99
517	data/reference/motifs/JASPAR2026_CORE_plants_non-redundant_pfms_meme.txt	MA1275.2	DOF1.6	AWAAAGTR	1.08e-1	1.00e0	9.27e2	412	206	206	206	7	205	99.51	201	97.57
518	data/reference/motifs/JASPAR2026_CORE_plants_non-redundant_pfms_meme.txt	MA1273.2	DOF4.2	AAAAAGGYAAA	2.79e-1	1.00e0	9.27e2	412	206	206	206	5	194	94.17	190	92.23
519	data/reference/motifs/JASPAR2026_CORE_plants_non-redundant_pfms_meme.txt	MA1272.3	DOF2.2	AAAAAG	2.87e-1	1.00e0	9.27e2	412	206	206	206	6	156	75.73	150	72.82
520	data/reference/motifs/JASPAR2026_CORE_plants_non-redundant_pfms_meme.txt	MA1270.2	DOF3.2	TWACTTTTTNNYTTTT	1.50e-1	1.00e0	9.27e2	412	206	206	206	7	184	89.32	176	85.44
521	data/reference/motifs/JASPAR2026_CORE_plants_non-redundant_pfms_meme.txt	MA1269.2	DOF4.5	AWAAAGTWRCTTT	2.39e-1	1.00e0	9.27e2	412	206	206	206	10	131	63.59	123	59.71
522	data/reference/motifs/JASPAR2026_CORE_plants_non-redundant_pfms_meme.txt	MA1268.2	CDF5	TTYACTTTTTYTTTTTTTTTT	3.81e-1	1.00e0	9.27e2	412	206	206	206	5	183	88.83	180	87.38
523	data/reference/motifs/JASPAR2026_CORE_plants_non-redundant_pfms_meme.txt	MA1267.2	DOF5.8	TTTTTHYTTTTTACTTTTT	2.15e-1	1.00e0	9.27e2	412	206	206	206	11	157	76.21	149	72.33
524	data/reference/motifs/JASPAR2026_CORE_plants_non-redundant_pfms_meme.txt	MA0987.2	PHYPADRAFT_140773	AAAG	1.00e-1	1.00e0	9.27e2	412	206	206	206	155	70	33.98	57	27.67
525	data/reference/motifs/JASPAR2026_CORE_plants_non-redundant_pfms_meme.txt	MA0983.2	DOF5.6	AAMG	3.46e-1	1.00e0	9.27e2	412	206	206	206	80	117	56.80	112	54.37
526	data/reference/motifs/JASPAR2026_CORE_plants_non-redundant_pfms_meme.txt	MA0982.2	DOF2.4	AAAG	9.92e-2	1.00e0	9.27e2	412	206	206	206	213	69	33.50	56	27.18
527	data/reference/motifs/JASPAR2026_CORE_plants_non-redundant_pfms_meme.txt	MA0974.3	CDF3	AAAAAGTG	1.99e-1	1.00e0	9.27e2	412	206	206	206	11	180	87.38	173	83.98
528	data/reference/motifs/JASPAR2026_CORE_plants_non-redundant_pfms_meme.txt	MA0020.2	Dof2	AAAGC	2.51e-1	1.00e0	9.27e2	412	206	206	206	21	189	91.75	184	89.32
529	data/reference/motifs/JASPAR2026_CORE_plants_non-redundant_pfms_meme.txt	MA1755.2	GATA4	GATC	1.09e-1	1.00e0	9.27e2	412	206	206	206	124	81	39.32	68	33.01
530	data/reference/motifs/JASPAR2026_CORE_plants_non-redundant_pfms_meme.txt	MA1396.2	GATA6	AGATCTAGAT	2.19e-1	1.00e0	9.27e2	300	206	206	206	1	154	74.76	146	70.87
531	data/reference/motifs/JASPAR2026_CORE_plants_non-redundant_pfms_meme.txt	MA1325.2	GATA14	TAGATCTR	2.08e-1	1.00e0	9.27e2	397	206	206	206	15	9	4.37	5	2.43
532	data/reference/motifs/JASPAR2026_CORE_plants_non-redundant_pfms_meme.txt	MA1323.2	GATA19	GATCBGATY	1.30e-1	1.00e0	9.27e2	399	206	206	206	1	202	98.06	197	95.63
533	data/reference/motifs/JASPAR2026_CORE_plants_non-redundant_pfms_meme.txt	MA1018.2	GATA9	AGATCT	2.03e-1	1.00e0	9.27e2	393	206	206	206	6	75	36.41	66	32.04
534	data/reference/motifs/JASPAR2026_CORE_plants_non-redundant_pfms_meme.txt	MA1017.2	GATA8	GATCY	9.92e-2	1.00e0	9.27e2	412	206	206	206	66	119	57.77	105	50.97
535	data/reference/motifs/JASPAR2026_CORE_plants_non-redundant_pfms_meme.txt	MA0585.2	AGL1	TTDCCWWWWWDGGWAA	1.54e-1	1.00e0	9.27e2	406	206	206	206	9	57	27.67	47	22.82
536	data/reference/motifs/JASPAR2026_CORE_plants_non-redundant_pfms_meme.txt	MA0584.2	SEP1	CCAWAWWTRGWAA	2.04e-1	1.00e0	9.27e2	389	206	206	206	7	50	24.27	42	20.39
537	data/reference/motifs/JASPAR2026_CORE_plants_non-redundant_pfms_meme.txt	MA0558.2	FLC	CCMAAAATRGAAAG	1.10e-1	1.00e0	9.27e2	411	206	206	206	4	157	76.21	145	70.39
538	data/reference/motifs/JASPAR2026_CORE_plants_non-redundant_pfms_meme.txt	MA0556.2	AP3	CCAAAARWRGAAA	1.86e-1	1.00e0	9.27e2	412	206	206	206	7	95	46.12	85	41.26
539	data/reference/motifs/JASPAR2026_CORE_plants_non-redundant_pfms_meme.txt	MA0555.2	SVP	WWWCCAAAAAWGGAAA	3.05e-1	1.00e0	9.27e2	394	206	206	206	2	171	83.01	166	80.58
540	data/reference/motifs/JASPAR2026_CORE_plants_non-redundant_pfms_meme.txt	MA0554.2	SOC1	TTTCCWTTTTTGG	1.74e-1	1.00e0	9.27e2	412	206	206	206	5	142	68.93	132	64.08
541	data/reference/motifs/JASPAR2026_CORE_plants_non-redundant_pfms_meme.txt	MA0548.3	AGL15	TTTCCWTTTTDGGWAA	2.64e-1	1.00e0	9.27e2	300	206	206	206	4	25	12.14	20	9.71
542	data/reference/motifs/JASPAR2026_CORE_plants_non-redundant_pfms_meme.txt	MA1329.3	ZHD1	AYTAATTAA	9.27e-2	1.00e0	9.27e2	412	206	206	206	18	136	66.02	122	59.22
543	data/reference/motifs/JASPAR2026_CORE_plants_non-redundant_pfms_meme.txt	MA1213.3	ZHD3	CAATTATTG	1.18e-1	1.00e0	9.27e2	411	206	206	206	12	104	50.49	91	44.17
544	data/reference/motifs/JASPAR2026_CORE_plants_non-redundant_pfms_meme.txt	MA1824.2	Zm00001d005692	CAATAATT	1.53e-1	1.00e0	9.27e2	412	206	206	206	26	183	88.83	175	84.95
545	data/reference/motifs/JASPAR2026_CORE_plants_non-redundant_pfms_meme.txt	MA1757.2	HDG7	DCATTAAWTR	2.33e-1	1.00e0	9.27e2	410	206	206	206	7	140	67.96	132	64.08
546	data/reference/motifs/JASPAR2026_CORE_plants_non-redundant_pfms_meme.txt	MA1406.2	ATHB-4	YAATSATTG	1.44e-1	1.00e0	9.27e2	412	206	206	206	19	70	33.98	59	28.64
547	data/reference/motifs/JASPAR2026_CORE_plants_non-redundant_pfms_meme.txt	MA1375.2	ANL2	GCATTAATTR	3.37e-1	1.00e0	9.27e2	412	206	206	206	10	69	33.50	64	31.07
548	data/reference/motifs/JASPAR2026_CORE_plants_non-redundant_pfms_meme.txt	MA1369.2	HDG1	YAATTAATGM	1.39e-1	1.00e0	9.27e2	410	206	206	206	9	112	54.37	100	48.54
549	data/reference/motifs/JASPAR2026_CORE_plants_non-redundant_pfms_meme.txt	MA1215.2	ATHB-53	CAATAATTG	4.22e-1	1.00e0	9.27e2	409	206	206	206	8	115	55.83	112	54.37
550	data/reference/motifs/JASPAR2026_CORE_plants_non-redundant_pfms_meme.txt	MA1214.2	ATHB-40	ACCAATAATTG	2.56e-1	1.00e0	9.27e2	406	206	206	206	12	13	6.31	9	4.37
551	data/reference/motifs/JASPAR2026_CORE_plants_non-redundant_pfms_meme.txt	MA1212.2	ATHB-13	YAATAATT	1.57e-1	1.00e0	9.27e2	412	206	206	206	9	157	76.21	147	71.36
552	data/reference/motifs/JASPAR2026_CORE_plants_non-redundant_pfms_meme.txt	MA1211.2	ATHB-X	YAATYATTD	2.35e-1	1.00e0	9.27e2	412	206	206	206	6	166	80.58	159	77.18
553	data/reference/motifs/JASPAR2026_CORE_plants_non-redundant_pfms_meme.txt	MA1209.2	ATHB-20	YAATAATT	3.80e-1	1.00e0	9.27e2	400	206	206	206	7	80	38.83	76	36.89
554	data/reference/motifs/JASPAR2026_CORE_plants_non-redundant_pfms_meme.txt	MA1026.3	ATHB-15	AWDRTAATGATKA	1.16e-1	1.00e0	9.27e2	392	206	206	206	4	123	59.71	110	53.40
555	data/reference/motifs/JASPAR2026_CORE_plants_non-redundant_pfms_meme.txt	MA0953.2	ATHB-6	CAATHAT	1.24e-1	1.00e0	9.27e2	412	206	206	206	147	18	8.74	11	5.34
556	data/reference/motifs/JASPAR2026_CORE_plants_non-redundant_pfms_meme.txt	MA0008.4	HAT5	CAATAATTG	4.03e-1	1.00e0	9.27e2	407	206	206	206	11	43	20.87	40	19.42
557	data/reference/motifs/JASPAR2026_CORE_plants_non-redundant_pfms_meme.txt	MA2019.2	HSFA1B	GAAACTTC	2.36e-1	1.00e0	9.27e2	412	206	206	206	7	136	66.02	128	62.14
558	data/reference/motifs/JASPAR2026_CORE_plants_non-redundant_pfms_meme.txt	MA1761.2	HSFB3	AAGCTTCTAGAA	4.61e-1	1.00e0	9.27e2	398	206	206	206	4	103	50.00	101	49.03
559	data/reference/motifs/JASPAR2026_CORE_plants_non-redundant_pfms_meme.txt	MA1759.2	HSFA4A	AGAAGCTTCTAGAA	5.00e-1	1.00e0	9.27e2	272	206	206	206	6	5	2.43	4	1.94
560	data/reference/motifs/JASPAR2026_CORE_plants_non-redundant_pfms_meme.txt	MA1667.3	HSFC1	TTCYAGAA	2.05e-1	1.00e0	9.27e2	408	206	206	206	15	15	7.28	10	4.85
561	data/reference/motifs/JASPAR2026_CORE_plants_non-redundant_pfms_meme.txt	MA1805.2	WRKY53	RGTCAAC	2.87e-1	1.00e0	9.27e2	412	206	206	206	12	179	86.89	174	84.47
562	data/reference/motifs/JASPAR2026_CORE_plants_non-redundant_pfms_meme.txt	MA1318.2	WRKY27	CGTTGACTTTT	5.00e-1	1.00e0	9.27e2	273	206	206	206	5	5	2.43	4	1.94
563	data/reference/motifs/JASPAR2026_CORE_plants_non-redundant_pfms_meme.txt	MA1317.2	WRKY50	TTGACTTTT	2.49e-1	1.00e0	9.27e2	389	206	206	206	11	2	0.97	0	0.00
564	data/reference/motifs/JASPAR2026_CORE_plants_non-redundant_pfms_meme.txt	MA1316.2	WRKY71	AAAAGTCAAC	4.25e-1	1.00e0	9.27e2	361	206	206	206	6	16	7.77	14	6.80
565	data/reference/motifs/JASPAR2026_CORE_plants_non-redundant_pfms_meme.txt	MA1315.2	WRKY24	CGTTGACTTTT	1.61e-1	1.00e0	9.27e2	332	206	206	206	6	11	5.34	6	2.91
566	data/reference/motifs/JASPAR2026_CORE_plants_non-redundant_pfms_meme.txt	MA1314.2	WRKY14	AAAGTCAACG	2.49e-1	1.00e0	9.27e2	333	206	206	206	8	2	0.97	0	0.00
567	data/reference/motifs/JASPAR2026_CORE_plants_non-redundant_pfms_meme.txt	MA1313.2	WRKY7	CGTTGACTTTT	3.93e-1	1.00e0	9.27e2	228	206	206	206	4	8	3.88	6	2.91
568	data/reference/motifs/JASPAR2026_CORE_plants_non-redundant_pfms_meme.txt	MA1312.2	WRKY47	CGTTGACYW	1.14e-1	1.00e0	9.27e2	390	206	206	206	8	12	5.83	6	2.91
569	data/reference/motifs/JASPAR2026_CORE_plants_non-redundant_pfms_meme.txt	MA1311.3	WRKY28	RGTCAAC	1.37e-1	1.00e0	9.27e2	412	206	206	206	7	179	86.89	170	82.52
570	data/reference/motifs/JASPAR2026_CORE_plants_non-redundant_pfms_meme.txt	MA1310.2	WRKY42	CGTTGACT	6.57e-1	1.00e0	9.27e2	358	206	206	206	8	3	1.46	3	1.46
571	data/reference/motifs/JASPAR2026_CORE_plants_non-redundant_pfms_meme.txt	MA1308.2	WRKY70	CGTTGACTTT	5.00e-1	1.00e0	9.27e2	243	206	206	206	5	3	1.46	2	0.97
572	data/reference/motifs/JASPAR2026_CORE_plants_non-redundant_pfms_meme.txt	MA1307.3	WRKY31	RGTCAACG	3.16e-1	1.00e0	9.27e2	402	206	206	206	3	164	79.61	159	77.18
573	data/reference/motifs/JASPAR2026_CORE_plants_non-redundant_pfms_meme.txt	MA1306.2	WRKY11	CGTTGACTTTT	4.23e-1	1.00e0	9.27e2	339	206	206	206	5	15	7.28	13	6.31
574	data/reference/motifs/JASPAR2026_CORE_plants_non-redundant_pfms_meme.txt	MA1305.2	WRKY55	CGTTGACTT	1.81e-1	1.00e0	9.27e2	347	206	206	206	5	28	13.59	21	10.19
575	data/reference/motifs/JASPAR2026_CORE_plants_non-redundant_pfms_meme.txt	MA1302.2	WRKY65	AAAGTCAACG	3.43e-1	1.00e0	9.27e2	360	206	206	206	8	4	1.94	2	0.97
576	data/reference/motifs/JASPAR2026_CORE_plants_non-redundant_pfms_meme.txt	MA1301.2	WRKY33	AAAGTCAACG	3.11e-1	1.00e0	9.27e2	331	206	206	206	6	10	4.85	7	3.40
577	data/reference/motifs/JASPAR2026_CORE_plants_non-redundant_pfms_meme.txt	MA1300.2	WRKY6	CGTTGACT	2.25e-1	1.00e0	9.27e2	310	206	206	206	6	5	2.43	2	0.97
578	data/reference/motifs/JASPAR2026_CORE_plants_non-redundant_pfms_meme.txt	MA1299.2	WRKY17	AAAGTCAACG	2.49e-1	1.00e0	9.27e2	357	206	206	206	9	2	0.97	0	0.00
579	data/reference/motifs/JASPAR2026_CORE_plants_non-redundant_pfms_meme.txt	MA1298.2	WRKY29	AAAGTCAAC	5.00e-1	1.00e0	9.27e2	394	206	206	206	10	4	1.94	3	1.46
580	data/reference/motifs/JASPAR2026_CORE_plants_non-redundant_pfms_meme.txt	MA1297.2	WRKY26	AAAAGTCAACG	2.49e-1	1.00e0	9.27e2	332	206	206	206	8	2	0.97	0	0.00
581	data/reference/motifs/JASPAR2026_CORE_plants_non-redundant_pfms_meme.txt	MA1296.2	WRKY46	CGTTGACTTT	4.05e-1	1.00e0	9.27e2	344	206	206	206	6	10	4.85	8	3.88
582	data/reference/motifs/JASPAR2026_CORE_plants_non-redundant_pfms_meme.txt	MA1295.2	WRKY20	CGTTGACY	2.49e-1	1.00e0	9.27e2	377	206	206	206	11	2	0.97	0	0.00
583	data/reference/motifs/JASPAR2026_CORE_plants_non-redundant_pfms_meme.txt	MA1094.3	WRKY8	AAAAGTCAACG	7.28e-1	1.00e0	9.27e2	369	206	206	206	8	5	2.43	6	2.91
584	data/reference/motifs/JASPAR2026_CORE_plants_non-redundant_pfms_meme.txt	MA1093.2	WRKY75	RGTCAAC	3.86e-1	1.00e0	9.27e2	359	206	206	206	7	7	3.40	5	2.43
585	data/reference/motifs/JASPAR2026_CORE_plants_non-redundant_pfms_meme.txt	MA1092.2	WRKY63	GGTCAA	1.42e-1	1.00e0	9.27e2	398	206	206	206	11	6	2.91	2	0.97
586	data/reference/motifs/JASPAR2026_CORE_plants_non-redundant_pfms_meme.txt	MA1090.2	WRKY60	GGTCAAC	3.65e-1	1.00e0	9.27e2	401	206	206	206	3	158	76.70	154	74.76
587	data/reference/motifs/JASPAR2026_CORE_plants_non-redundant_pfms_meme.txt	MA1088.2	WRKY48	GTCAA	1.64e-1	1.00e0	9.27e2	412	206	206	206	66	195	94.66	189	91.75
588	data/reference/motifs/JASPAR2026_CORE_plants_non-redundant_pfms_meme.txt	MA1087.3	WRKY45	AAAAGTCAAM	5.75e-1	1.00e0	9.27e2	410	206	206	206	11	15	7.28	15	7.28
589	data/reference/motifs/JASPAR2026_CORE_plants_non-redundant_pfms_meme.txt	MA1086.2	WRKY43	RGTCAA	2.78e-1	1.00e0	9.27e2	412	206	206	206	54	182	88.35	177	85.92
590	data/reference/motifs/JASPAR2026_CORE_plants_non-redundant_pfms_meme.txt	MA1085.3	WRKY40	AGTCAA	1.38e-1	1.00e0	9.27e2	388	206	206	206	7	20	9.71	13	6.31
591	data/reference/motifs/JASPAR2026_CORE_plants_non-redundant_pfms_meme.txt	MA1083.3	WRKY30	ARGTCAACG	5.00e-1	1.00e0	9.27e2	399	206	206	206	1	200	97.09	199	96.60
592	data/reference/motifs/JASPAR2026_CORE_plants_non-redundant_pfms_meme.txt	MA1081.3	WRKY25	RGTCAACG	2.46e-1	1.00e0	9.27e2	407	206	206	206	3	178	86.41	172	83.50
593	data/reference/motifs/JASPAR2026_CORE_plants_non-redundant_pfms_meme.txt	MA1079.3	WRKY21	AAAAGTCAACG	2.49e-1	1.00e0	9.27e2	369	206	206	206	9	2	0.97	0	0.00
594	data/reference/motifs/JASPAR2026_CORE_plants_non-redundant_pfms_meme.txt	MA1078.2	WRKY2	GGTCAAM	5.00e-1	1.00e0	9.27e2	410	206	206	206	6	140	67.96	139	67.48
595	data/reference/motifs/JASPAR2026_CORE_plants_non-redundant_pfms_meme.txt	MA1077.2	WRKY18	RGTCAA	3.16e-1	1.00e0	9.27e2	412	206	206	206	15	47	22.82	42	20.39
596	data/reference/motifs/JASPAR2026_CORE_plants_non-redundant_pfms_meme.txt	MA1076.3	WRKY15	RGTCAACG	2.17e-1	1.00e0	9.27e2	407	206	206	206	3	186	90.29	180	87.38
597	data/reference/motifs/JASPAR2026_CORE_plants_non-redundant_pfms_meme.txt	MA0589.2	WRKY1	TTGACCGAGY	1.24e-1	1.00e0	9.27e2	291	206	206	206	8	3	1.46	0	0.00
598	data/reference/motifs/JASPAR2026_CORE_plants_non-redundant_pfms_meme.txt	MA2053.2	NAC105	CAAGCAACC	3.12e-1	1.00e0	9.27e2	412	206	206	206	23	3	1.46	1	0.49
599	data/reference/motifs/JASPAR2026_CORE_plants_non-redundant_pfms_meme.txt	MA2051.2	NAC68	ACAAGTAW	1.85e-1	1.00e0	9.27e2	412	206	206	206	14	198	96.12	193	93.69
600	data/reference/motifs/JASPAR2026_CORE_plants_non-redundant_pfms_meme.txt	MA2050.2	NAC101	CAAGCAA	3.76e-1	1.00e0	9.27e2	412	206	206	206	18	141	68.45	137	66.50
601	data/reference/motifs/JASPAR2026_CORE_plants_non-redundant_pfms_meme.txt	MA2049.2	NAC053	CAAGAAA	1.18e-1	1.00e0	9.27e2	412	206	206	206	12	118	57.28	105	50.97
602	data/reference/motifs/JASPAR2026_CORE_plants_non-redundant_pfms_meme.txt	MA2048.2	NAC045	GAAGCAAC	1.01e-1	1.00e0	9.27e2	412	206	206	206	6	201	97.57	195	94.66
603	data/reference/motifs/JASPAR2026_CORE_plants_non-redundant_pfms_meme.txt	MA2047.2	NAC037	CAAGCAA	2.74e-1	1.00e0	9.27e2	412	206	206	206	16	124	60.19	117	56.80
604	data/reference/motifs/JASPAR2026_CORE_plants_non-redundant_pfms_meme.txt	MA2046.2	NAC035	CACGGCA	1.26e-1	1.00e0	9.27e2	412	206	206	206	18	13	6.31	7	3.40
605	data/reference/motifs/JASPAR2026_CORE_plants_non-redundant_pfms_meme.txt	MA2045.2	NAC031	TTRCKTGTWNHACAAGTWA	2.15e-1	1.00e0	9.27e2	180	206	206	206	2	57	27.67	49	23.79
606	data/reference/motifs/JASPAR2026_CORE_plants_non-redundant_pfms_meme.txt	MA2037.2	NAC096	CAAGTAA	3.32e-1	1.00e0	9.27e2	412	206	206	206	15	149	72.33	144	69.90
607	data/reference/motifs/JASPAR2026_CORE_plants_non-redundant_pfms_meme.txt	MA2033.2	NAC038	TTDCKTGTDNHACAAGTWA	3.43e-1	1.00e0	9.27e2	121	206	206	206	4	4	1.94	2	0.97
608	data/reference/motifs/JASPAR2026_CORE_plants_non-redundant_pfms_meme.txt	MA2018.2	NAC69	ACAAGGCA	3.40e-1	1.00e0	9.27e2	412	206	206	206	13	75	36.41	70	33.98
609	data/reference/motifs/JASPAR2026_CORE_plants_non-redundant_pfms_meme.txt	MA2017.2	JUB1	ACGGCGA	2.12e-1	1.00e0	9.27e2	381	206	206	206	7	55	26.70	47	22.82
610	data/reference/motifs/JASPAR2026_CORE_plants_non-redundant_pfms_meme.txt	MA2006.2	NAC020	GGTTGCKTGTDNMACAAGTAA	3.62e-1	1.00e0	9.27e2	92	206	206	206	3	5	2.43	3	1.46
611	data/reference/motifs/JASPAR2026_CORE_plants_non-redundant_pfms_meme.txt	MA1787.2	NAC047	ACACGTMWCT	1.86e-1	1.00e0	9.27e2	407	206	206	206	14	4	1.94	1	0.49
612	data/reference/motifs/JASPAR2026_CORE_plants_non-redundant_pfms_meme.txt	MA1786.2	NAC019	YACGBMA	1.83e-1	1.00e0	9.27e2	412	206	206	206	22	129	62.62	119	57.77
613	data/reference/motifs/JASPAR2026_CORE_plants_non-redundant_pfms_meme.txt	MA1785.2	NAC018	ACACGYAACY	1.37e-1	1.00e0	9.27e2	391	206	206	206	8	27	13.11	19	9.22
614	data/reference/motifs/JASPAR2026_CORE_plants_non-redundant_pfms_meme.txt	MA1677.2	NAC078	CAAGAAA	8.81e-2	1.00e0	9.27e2	412	206	206	206	12	143	69.42	129	62.62
615	data/reference/motifs/JASPAR2026_CORE_plants_non-redundant_pfms_meme.txt	MA1675.2	NAC029	ACGCAACT	2.08e-1	1.00e0	9.27e2	410	206	206	206	13	9	4.37	5	2.43
616	data/reference/motifs/JASPAR2026_CORE_plants_non-redundant_pfms_meme.txt	MA1674.3	NAC017	CAAGTAA	9.90e-2	1.00e0	9.27e2	412	206	206	206	19	100	48.54	86	41.75
617	data/reference/motifs/JASPAR2026_CORE_plants_non-redundant_pfms_meme.txt	MA1663.3	NAC050	CAAGTAAC	2.95e-1	1.00e0	9.27e2	412	206	206	206	18	35	16.99	30	14.56
618	data/reference/motifs/JASPAR2026_CORE_plants_non-redundant_pfms_meme.txt	MA1427.3	NAC028	CAAGTAA	1.54e-1	1.00e0	9.27e2	412	206	206	206	23	82	39.81	71	34.47
619	data/reference/motifs/JASPAR2026_CORE_plants_non-redundant_pfms_meme.txt	MA1044.2	NAC92	RCAMGCCA	1.27e-1	1.00e0	9.27e2	412	206	206	206	29	25	12.14	17	8.25
620	data/reference/motifs/JASPAR2026_CORE_plants_non-redundant_pfms_meme.txt	MA1043.2	NAC083	YACGYAA	2.44e-1	1.00e0	9.27e2	228	206	206	206	1	118	57.28	110	53.40
621	data/reference/motifs/JASPAR2026_CORE_plants_non-redundant_pfms_meme.txt	MA0938.3	NAC058	TTACKTGTDNMACAAGWAA	3.20e-1	1.00e0	9.27e2	127	206	206	206	3	11	5.34	8	3.88
622	data/reference/motifs/JASPAR2026_CORE_plants_non-redundant_pfms_meme.txt	MA1414.2	E2FA	GCGCCA	1.29e-1	1.00e0	9.27e2	406	206	206	206	4	159	77.18	148	71.84
623	data/reference/motifs/JASPAR2026_CORE_plants_non-redundant_pfms_meme.txt	MA1813.2	EIL4	TWCAATGAA	2.77e-1	1.00e0	9.27e2	411	206	206	206	11	100	48.54	93	45.15
624	data/reference/motifs/JASPAR2026_CORE_plants_non-redundant_pfms_meme.txt	MA1809.2	GLYMA-07G038400	CTGACAC	2.35e-1	1.00e0	9.27e2	412	206	206	206	8	199	96.60	195	94.66
625	data/reference/motifs/JASPAR2026_CORE_plants_non-redundant_pfms_meme.txt	MA1756.2	GRF9	TGTCAGA	5.00e-1	1.00e0	9.27e2	402	206	206	206	5	84	40.78	83	40.29
626	data/reference/motifs/JASPAR2026_CORE_plants_non-redundant_pfms_meme.txt	MA0970.2	CAMTA3	CCGCGT	1.86e-1	1.00e0	9.27e2	409	206	206	206	23	4	1.94	1	0.49
627	data/reference/motifs/JASPAR2026_CORE_plants_non-redundant_pfms_meme.txt	MA0969.2	CAMTA2	VCGCGT	1.85e-1	1.00e0	9.27e2	412	206	206	206	24	20	9.71	14	6.80
628	data/reference/motifs/JASPAR2026_CORE_plants_non-redundant_pfms_meme.txt	MA1736.2	AT5G04390	TCACT	1.24e-1	1.00e0	9.27e2	412	206	206	206	32	3	1.46	0	0.00
629	data/reference/motifs/JASPAR2026_CORE_plants_non-redundant_pfms_meme.txt	MA1415.2	REF6	RAAACAGAG	4.45e-1	1.00e0	9.27e2	391	206	206	206	2	176	85.44	174	84.47
630	data/reference/motifs/JASPAR2026_CORE_plants_non-redundant_pfms_meme.txt	MA1405.2	SIZF2	ACTGACAGT	1.24e-1	1.00e0	9.27e2	398	206	206	206	26	3	1.46	0	0.00
631	data/reference/motifs/JASPAR2026_CORE_plants_non-redundant_pfms_meme.txt	MA1381.2	AT3G46070	TCACTCT	1.86e-1	1.00e0	9.27e2	412	206	206	206	4	205	99.51	202	98.06
632	data/reference/motifs/JASPAR2026_CORE_plants_non-redundant_pfms_meme.txt	MA1374.2	IDD7	ASAAAACGACAAAA	5.00e-1	1.00e0	9.27e2	295	206	206	206	3	41	19.90	40	19.42
633	data/reference/motifs/JASPAR2026_CORE_plants_non-redundant_pfms_meme.txt	MA1372.2	ZAT10	CACTNHCACT	2.49e-1	1.00e0	9.27e2	412	206	206	206	5	206	100.00	204	99.03
634	data/reference/motifs/JASPAR2026_CORE_plants_non-redundant_pfms_meme.txt	MA1371.2	IDD4	ASAAAAMGACAAAAA	1.86e-1	1.00e0	9.27e2	308	206	206	206	6	4	1.94	1	0.49
635	data/reference/motifs/JASPAR2026_CORE_plants_non-redundant_pfms_meme.txt	MA1159.2	SGR5	AAAWAAGACAAAA	2.49e-1	1.00e0	9.27e2	410	206	206	206	1	206	100.00	204	99.03
636	data/reference/motifs/JASPAR2026_CORE_plants_non-redundant_pfms_meme.txt	MA1158.2	MGP	AAAACGACAAAAA	1.85e-1	1.00e0	9.27e2	301	206	206	206	4	13	6.31	8	3.88
637	data/reference/motifs/JASPAR2026_CORE_plants_non-redundant_pfms_meme.txt	MA1157.2	NUC	TTTTGTCGTTTT	1.86e-1	1.00e0	9.27e2	345	206	206	206	7	4	1.94	1	0.49
638	data/reference/motifs/JASPAR2026_CORE_plants_non-redundant_pfms_meme.txt	MA1156.2	JKD	TTTTGTCKTTTT	1.01e-1	1.00e0	9.27e2	405	206	206	206	9	11	5.34	5	2.43
639	data/reference/motifs/JASPAR2026_CORE_plants_non-redundant_pfms_meme.txt	MA2015.2	NAC002	ACGCAACT	1.08e-1	1.00e0	9.27e2	412	206	206	206	20	5	2.43	1	0.49
640	data/reference/motifs/JASPAR2026_CORE_plants_non-redundant_pfms_meme.txt	MA1743.2	BZIP2	TGCTGACGTGGCA	6.74e-1	1.00e0	9.27e2	105	206	206	206	1	51	24.76	54	26.21
641	data/reference/motifs/JASPAR2026_CORE_plants_non-redundant_pfms_meme.txt	MA1345.2	BZIP48	GCCACGTCAGCA	5.46e-1	1.00e0	9.27e2	96	206	206	206	1	48	23.30	48	23.30
642	data/reference/motifs/JASPAR2026_CORE_plants_non-redundant_pfms_meme.txt	MA1340.2	BZIP3	TGMTGACGTGGCA	5.81e-1	1.00e0	9.27e2	153	206	206	206	1	76	36.89	77	37.38
643	data/reference/motifs/JASPAR2026_CORE_plants_non-redundant_pfms_meme.txt	MA1337.2	BZIP44	WGCTGACGTGGCA	5.00e-1	1.00e0	9.27e2	85	206	206	206	1	43	20.87	42	20.39
644	data/reference/motifs/JASPAR2026_CORE_plants_non-redundant_pfms_meme.txt	MA1334.2	BZIP11	TGCCACGTCAGCA	5.00e-1	1.00e0	9.27e2	103	206	206	206	1	52	25.24	51	24.76
645	data/reference/motifs/JASPAR2026_CORE_plants_non-redundant_pfms_meme.txt	MA1744.2	BZIP30	GMCAGCTGK	1.56e-1	1.00e0	9.27e2	411	206	206	206	19	16	7.77	10	4.85
646	data/reference/motifs/JASPAR2026_CORE_plants_non-redundant_pfms_meme.txt	MA0551.2	HY5	TGMCACGTGKCA	8.31e-1	1.00e0	9.27e2	134	206	206	206	6	4	1.94	6	2.91
647	data/reference/motifs/JASPAR2026_CORE_plants_non-redundant_pfms_meme.txt	MA1351.3	GBF3	ACGTGGCA	8.89e-2	1.00e0	9.27e2	412	206	206	206	19	14	6.80	7	3.40
648	data/reference/motifs/JASPAR2026_CORE_plants_non-redundant_pfms_meme.txt	MA1349.2	BZIP16	HSACGTGGCA	9.10e-1	1.00e0	9.27e2	146	206	206	206	1	67	32.52	79	38.35
649	data/reference/motifs/JASPAR2026_CORE_plants_non-redundant_pfms_meme.txt	MA0968.3	BZIP68	TGCCACGTSA	5.00e-1	1.00e0	9.27e2	270	206	206	206	8	2	0.97	1	0.49
650	data/reference/motifs/JASPAR2026_CORE_plants_non-redundant_pfms_meme.txt	MA1835.2	TFLG2-Zm00001d042777	GTACGTAC	4.15e-1	1.00e0	9.27e2	385	206	206	206	4	146	70.87	143	69.42
651	data/reference/motifs/JASPAR2026_CORE_plants_non-redundant_pfms_meme.txt	MA1346.2	TGA10	GMTGACGTCA	4.14e-1	1.00e0	9.27e2	246	206	206	206	2	62	30.10	59	28.64
652	data/reference/motifs/JASPAR2026_CORE_plants_non-redundant_pfms_meme.txt	MA1336.2	TGA3	RTGACGTCAKC	3.76e-1	1.00e0	9.27e2	134	206	206	206	1	69	33.50	65	31.55
653	data/reference/motifs/JASPAR2026_CORE_plants_non-redundant_pfms_meme.txt	MA1070.3	TGA7	ATGACGTCAB	2.49e-1	1.00e0	9.27e2	268	206	206	206	3	56	27.18	49	23.79
654	data/reference/motifs/JASPAR2026_CORE_plants_non-redundant_pfms_meme.txt	MA1068.3	TGA2	ATGACGTCAY	2.08e-1	1.00e0	9.27e2	183	206	206	206	3	24	11.65	18	8.74
655	data/reference/motifs/JASPAR2026_CORE_plants_non-redundant_pfms_meme.txt	MA1047.3	TGA5	ATGACGTCA	1.82e-1	1.00e0	9.27e2	380	206	206	206	4	130	63.11	120	58.25
656	data/reference/motifs/JASPAR2026_CORE_plants_non-redundant_pfms_meme.txt	MA0588.2	TGA1	SVTGACGT	7.88e-1	1.00e0	9.27e2	410	206	206	206	7	83	40.29	90	43.69
657	data/reference/motifs/JASPAR2026_CORE_plants_non-redundant_pfms_meme.txt	MA1417.2	O2	TGCCACGTCATC	2.77e-1	1.00e0	9.27e2	217	206	206	206	1	112	54.37	105	50.97
658	data/reference/motifs/JASPAR2026_CORE_plants_non-redundant_pfms_meme.txt	MA1344.2	BZIP28	TSACGTGGCA	4.00e-1	1.00e0	9.27e2	263	206	206	206	5	9	4.37	7	3.40
659	data/reference/motifs/JASPAR2026_CORE_plants_non-redundant_pfms_meme.txt	MA1659.2	ABF4	CCACGTS	3.81e-1	1.00e0	9.27e2	412	206	206	206	11	129	62.62	125	60.68
660	data/reference/motifs/JASPAR2026_CORE_plants_non-redundant_pfms_meme.txt	MA1338.3	DPBF3	TGMCACGTGTC	3.83e-1	1.00e0	9.27e2	228	206	206	206	1	116	56.31	112	54.37
661	data/reference/motifs/JASPAR2026_CORE_plants_non-redundant_pfms_meme.txt	MA0930.3	ABF3	ACGTGTC	9.59e-2	1.00e0	9.27e2	412	206	206	206	7	176	85.44	165	80.10
662	data/reference/motifs/JASPAR2026_CORE_plants_non-redundant_pfms_meme.txt	MA1822.2	Zm00001d018571	GTACGTAC	3.81e-1	1.00e0	9.27e2	397	206	206	206	3	183	88.83	180	87.38
663	data/reference/motifs/JASPAR2026_CORE_plants_non-redundant_pfms_meme.txt	MA1828.2	Zm00001d038683	GTGGTCCA	4.21e-1	1.00e0	9.27e2	408	206	206	206	6	118	57.28	115	55.83
664	data/reference/motifs/JASPAR2026_CORE_plants_non-redundant_pfms_meme.txt	MA1063.2	TCP19	GGSCCCAC	1.16e-1	1.00e0	9.27e2	410	206	206	206	20	17	8.25	10	4.85
665	data/reference/motifs/JASPAR2026_CORE_plants_non-redundant_pfms_meme.txt	MA1054.2	ARALYDRAFT_897773	KGGGACCAC	1.24e-1	1.00e0	9.27e2	388	206	206	206	14	3	1.46	0	0.00
666	data/reference/motifs/JASPAR2026_CORE_plants_non-redundant_pfms_meme.txt	MA1031.2	OJ1581_H09.2	GGGCCC	9.82e-2	1.00e0	9.27e2	399	206	206	206	6	165	80.10	153	74.27
667	data/reference/motifs/JASPAR2026_CORE_plants_non-redundant_pfms_meme.txt	MA1019.2	Glyma19g26560.1	GGSCCCAC	1.42e-1	1.00e0	9.27e2	404	206	206	206	1	204	99.03	200	97.09
668	data/reference/motifs/JASPAR2026_CORE_plants_non-redundant_pfms_meme.txt	MA1333.2	BEH3	YGCACGTGTG	6.30e-1	1.00e0	9.27e2	112	206	206	206	1	55	26.70	57	27.67
669	data/reference/motifs/JASPAR2026_CORE_plants_non-redundant_pfms_meme.txt	MA1332.2	BEH2	CACACGTGCR	5.00e-1	1.00e0	9.27e2	53	206	206	206	1	27	13.11	26	12.62
670	data/reference/motifs/JASPAR2026_CORE_plants_non-redundant_pfms_meme.txt	MA1331.2	BEH4	YGCACGTGTG	6.09e-1	1.00e0	9.27e2	61	206	206	206	1	30	14.56	31	15.05
671	data/reference/motifs/JASPAR2026_CORE_plants_non-redundant_pfms_meme.txt	MA0550.3	BZR1	CRCACGTGYR	7.04e-1	1.00e0	9.27e2	124	206	206	206	1	60	29.13	64	31.07
672	data/reference/motifs/JASPAR2026_CORE_plants_non-redundant_pfms_meme.txt	MA0549.2	BZR2	RCACGTGKSV	6.16e-1	1.00e0	9.27e2	206	206	206	206	1	102	49.51	104	50.49
673	data/reference/motifs/JASPAR2026_CORE_plants_non-redundant_pfms_meme.txt	MA1834.2	Zm00001d034298	CCACGCG	2.33e-1	1.00e0	9.27e2	411	206	206	206	5	182	88.35	176	85.44
674	data/reference/motifs/JASPAR2026_CORE_plants_non-redundant_pfms_meme.txt	MA1739.2	BHLH122	CMACTTG	1.42e-1	1.00e0	9.27e2	378	206	206	206	8	6	2.91	2	0.97
675	data/reference/motifs/JASPAR2026_CORE_plants_non-redundant_pfms_meme.txt	MA1412.2	TSAR2	GCACGTGC	2.87e-1	1.00e0	9.27e2	246	206	206	206	10	8	3.88	5	2.43
676	data/reference/motifs/JASPAR2026_CORE_plants_non-redundant_pfms_meme.txt	MA1411.2	TSAR1	GCACGTGC	4.19e-1	1.00e0	9.27e2	259	206	206	206	2	131	63.59	128	62.14
677	data/reference/motifs/JASPAR2026_CORE_plants_non-redundant_pfms_meme.txt	MA1359.3	BPE	CACGTG	1.34e-1	1.00e0	9.27e2	333	206	206	206	8	35	16.99	26	12.62
678	data/reference/motifs/JASPAR2026_CORE_plants_non-redundant_pfms_meme.txt	MA1358.2	bHLH130	CMACTTGC	5.80e-1	1.00e0	9.27e2	328	206	206	206	5	13	6.31	13	6.31
679	data/reference/motifs/JASPAR2026_CORE_plants_non-redundant_pfms_meme.txt	MA1357.2	bHLH80	TGCAAGTKG	2.49e-1	1.00e0	9.27e2	218	206	206	206	5	2	0.97	0	0.00
680	data/reference/motifs/JASPAR2026_CORE_plants_non-redundant_pfms_meme.txt	MA1025.2	HBI1	GCACGTG	1.80e-1	1.00e0	9.27e2	386	206	206	206	5	83	40.29	73	35.44
681	data/reference/motifs/JASPAR2026_CORE_plants_non-redundant_pfms_meme.txt	MA0961.2	bHLH112	CCACTTG	5.00e-1	1.00e0	9.27e2	163	206	206	206	3	6	2.91	5	2.43
682	data/reference/motifs/JASPAR2026_CORE_plants_non-redundant_pfms_meme.txt	MA0956.2	BEE2	CACGTG	1.18e-1	1.00e0	9.27e2	412	206	206	206	38	104	50.49	91	44.17
683	data/reference/motifs/JASPAR2026_CORE_plants_non-redundant_pfms_meme.txt	MA0552.2	PIF1	CACGTG	2.20e-1	1.00e0	9.27e2	298	206	206	206	1	153	74.27	145	70.39
684	data/reference/motifs/JASPAR2026_CORE_plants_non-redundant_pfms_meme.txt	MA0582.2	RAV1	GCAACA	1.23e-1	1.00e0	9.27e2	412	206	206	206	10	183	88.83	174	84.47
685	data/reference/motifs/JASPAR2026_CORE_plants_non-redundant_pfms_meme.txt	MA1698.2	ARF7	GCCGACAAG	3.28e-1	1.00e0	9.27e2	391	206	206	206	1	197	95.63	194	94.17
686	data/reference/motifs/JASPAR2026_CORE_plants_non-redundant_pfms_meme.txt	MA1697.2	ARF4	ACGACAAG	8.87e-2	1.00e0	9.27e2	411	206	206	206	8	159	77.18	146	70.87
687	data/reference/motifs/JASPAR2026_CORE_plants_non-redundant_pfms_meme.txt	MA1696.2	ARF39	GGGGRACACGT	1.57e-1	1.00e0	9.27e2	399	206	206	206	2	182	88.35	174	84.47
688	data/reference/motifs/JASPAR2026_CORE_plants_non-redundant_pfms_meme.txt	MA1695.2	ARF36	GGGGGACAHGTC	6.88e-1	1.00e0	9.27e2	338	206	206	206	8	2	0.97	2	0.97
689	data/reference/motifs/JASPAR2026_CORE_plants_non-redundant_pfms_meme.txt	MA1694.2	ARF35	CCCGACAAG	5.00e-1	1.00e0	9.27e2	396	206	206	206	15	3	1.46	2	0.97
690	data/reference/motifs/JASPAR2026_CORE_plants_non-redundant_pfms_meme.txt	MA1693.2	ARF34	CAGACAGC	1.47e-1	1.00e0	9.27e2	409	206	206	206	5	163	79.13	153	74.27
691	data/reference/motifs/JASPAR2026_CORE_plants_non-redundant_pfms_meme.txt	MA1692.2	ARF29	GCCGACAA	2.84e-1	1.00e0	9.27e2	405	206	206	206	4	158	76.70	152	73.79
692	data/reference/motifs/JASPAR2026_CORE_plants_non-redundant_pfms_meme.txt	MA1690.2	ARF25	ARMGGGRGACAM	4.44e-1	1.00e0	9.27e2	354	206	206	206	1	178	86.41	176	85.44
693	data/reference/motifs/JASPAR2026_CORE_plants_non-redundant_pfms_meme.txt	MA1689.2	ARF18	CCGACAAA	2.49e-1	1.00e0	9.27e2	412	206	206	206	2	206	100.00	204	99.03
694	data/reference/motifs/JASPAR2026_CORE_plants_non-redundant_pfms_meme.txt	MA1688.2	ARF16	CAAGACAAGA	3.01e-1	1.00e0	9.27e2	412	206	206	206	24	20	9.71	16	7.77
695	data/reference/motifs/JASPAR2026_CORE_plants_non-redundant_pfms_meme.txt	MA1685.2	ARF10	ARNGGGAGACA	5.00e-1	1.00e0	9.27e2	384	206	206	206	9	14	6.80	13	6.31
696	data/reference/motifs/JASPAR2026_CORE_plants_non-redundant_pfms_meme.txt	MA1206.2	ARF2	SMGACA	1.26e-1	1.00e0	9.27e2	412	206	206	206	31	13	6.31	7	3.40
697	data/reference/motifs/JASPAR2026_CORE_plants_non-redundant_pfms_meme.txt	MA0943.2	ARF5	RCCGACA	1.86e-1	1.00e0	9.27e2	404	206	206	206	19	4	1.94	1	0.49
698	data/reference/motifs/JASPAR2026_CORE_plants_non-redundant_pfms_meme.txt	MA0942.2	ARF1	ACCGACA	5.00e-1	1.00e0	9.27e2	386	206	206	206	21	1	0.49	0	0.00
699	data/reference/motifs/JASPAR2026_CORE_plants_non-redundant_pfms_meme.txt	MA1810.2	GLYMA-08G357600	ATGCATGCA	1.92e-1	1.00e0	9.27e2	408	206	206	206	3	191	92.72	185	89.81
700	data/reference/motifs/JASPAR2026_CORE_plants_non-redundant_pfms_meme.txt	MA0565.3	FUS3	ACATGCA	3.43e-1	1.00e0	9.27e2	343	206	206	206	7	4	1.94	2	0.97
701	data/reference/motifs/JASPAR2026_CORE_plants_non-redundant_pfms_meme.txt	MA2013.2	ERF115	YCGCCGCCGCM	2.49e-1	1.00e0	9.27e2	202	206	206	206	18	2	0.97	0	0.00
702	data/reference/motifs/JASPAR2026_CORE_plants_non-redundant_pfms_meme.txt	MA2011.2	ERF010	CACCGACA	5.00e-1	1.00e0	9.27e2	386	206	206	206	18	2	0.97	1	0.49
703	data/reference/motifs/JASPAR2026_CORE_plants_non-redundant_pfms_meme.txt	MA1833.2	Zm00001d049364	CCGCCGCCGCC	5.00e-1	1.00e0	9.27e2	234	206	206	206	18	3	1.46	2	0.97
704	data/reference/motifs/JASPAR2026_CORE_plants_non-redundant_pfms_meme.txt	MA1831.2	Zm00001d031796	GACGGCGACG	4.37e-1	1.00e0	9.27e2	331	206	206	206	8	23	11.17	21	10.19
705	data/reference/motifs/JASPAR2026_CORE_plants_non-redundant_pfms_meme.txt	MA1820.2	Zm00001d024324	CGCCGCCGC	3.12e-1	1.00e0	9.27e2	260	206	206	206	18	3	1.46	1	0.49
706	data/reference/motifs/JASPAR2026_CORE_plants_non-redundant_pfms_meme.txt	MA1819.2	Zm00001d005892	CGCCGCCG	1.24e-1	1.00e0	9.27e2	296	206	206	206	23	3	1.46	0	0.00
707	data/reference/motifs/JASPAR2026_CORE_plants_non-redundant_pfms_meme.txt	MA1817.2	Zm00001d020267	CGCCGCCGCC	5.00e-1	1.00e0	9.27e2	257	206	206	206	20	3	1.46	2	0.97
708	data/reference/motifs/JASPAR2026_CORE_plants_non-redundant_pfms_meme.txt	MA1804.2	WIN1	CRCCGC	1.59e-1	1.00e0	9.27e2	412	206	206	206	19	155	75.24	145	70.39
709	data/reference/motifs/JASPAR2026_CORE_plants_non-redundant_pfms_meme.txt	MA1754.2	ERF073	CKCCGCCGCCR	5.00e-1	1.00e0	9.27e2	134	206	206	206	7	3	1.46	2	0.97
710	data/reference/motifs/JASPAR2026_CORE_plants_non-redundant_pfms_meme.txt	MA1753.2	ERF057	CCDCCDCCRCCGCC	5.00e-1	1.00e0	9.27e2	199	206	206	206	18	2	0.97	1	0.49
711	data/reference/motifs/JASPAR2026_CORE_plants_non-redundant_pfms_meme.txt	MA1752.2	ERF025	YGCCGACA	5.00e-1	1.00e0	9.27e2	277	206	206	206	13	1	0.49	0	0.00
712	data/reference/motifs/JASPAR2026_CORE_plants_non-redundant_pfms_meme.txt	MA1748.2	DREB1F	GCCGAC	5.00e-1	1.00e0	9.27e2	404	206	206	206	25	4	1.94	3	1.46
713	data/reference/motifs/JASPAR2026_CORE_plants_non-redundant_pfms_meme.txt	MA1679.2	RAP2-1	CACCGACA	5.00e-1	1.00e0	9.27e2	374	206	206	206	18	1	0.49	0	0.00
714	data/reference/motifs/JASPAR2026_CORE_plants_non-redundant_pfms_meme.txt	MA1671.2	ERF118	CCGCCGCC	2.49e-1	1.00e0	9.27e2	301	206	206	206	17	2	0.97	0	0.00
715	data/reference/motifs/JASPAR2026_CORE_plants_non-redundant_pfms_meme.txt	MA1670.2	DREB1C	GCCGACAT	5.00e-1	1.00e0	9.27e2	391	206	206	206	26	1	0.49	0	0.00
716	data/reference/motifs/JASPAR2026_CORE_plants_non-redundant_pfms_meme.txt	MA1669.2	DREB1B	GCCGACAT	4.17e-1	1.00e0	9.27e2	380	206	206	206	9	13	6.31	11	5.34
717	data/reference/motifs/JASPAR2026_CORE_plants_non-redundant_pfms_meme.txt	MA1424.2	ERF019	CCACCGACA	2.49e-1	1.00e0	9.27e2	220	206	206	206	7	2	0.97	0	0.00
718	data/reference/motifs/JASPAR2026_CORE_plants_non-redundant_pfms_meme.txt	MA1266.2	RAP2-11	YCDYCGCCGGC	3.92e-1	1.00e0	9.27e2	223	206	206	206	3	33	16.02	30	14.56
719	data/reference/motifs/JASPAR2026_CORE_plants_non-redundant_pfms_meme.txt	MA1265.3	ERF015	CACCGACA	5.00e-1	1.00e0	9.27e2	363	206	206	206	15	2	0.97	1	0.49
720	data/reference/motifs/JASPAR2026_CORE_plants_non-redundant_pfms_meme.txt	MA1264.2	ERF095	RYGGCGGCGGHGG	2.49e-1	1.00e0	9.27e2	145	206	206	206	12	2	0.97	0	0.00
721	data/reference/motifs/JASPAR2026_CORE_plants_non-redundant_pfms_meme.txt	MA1263.2	ERF055	KGKCGGTGG	5.00e-1	1.00e0	9.27e2	268	206	206	206	12	1	0.49	0	0.00
722	data/reference/motifs/JASPAR2026_CORE_plants_non-redundant_pfms_meme.txt	MA1262.2	ERF2	CCDCCGCCGCCRY	5.00e-1	1.00e0	9.27e2	199	206	206	206	16	1	0.49	0	0.00
723	data/reference/motifs/JASPAR2026_CORE_plants_non-redundant_pfms_meme.txt	MA1261.2	ERF122	TRCGGCKGHG	5.00e-1	1.00e0	9.27e2	378	206	206	206	17	2	0.97	1	0.49
724	data/reference/motifs/JASPAR2026_CORE_plants_non-redundant_pfms_meme.txt	MA1260.2	ERF013	TGTCGGTGG	5.00e-1	1.00e0	9.27e2	209	206	206	206	2	38	18.45	37	17.96
725	data/reference/motifs/JASPAR2026_CORE_plants_non-redundant_pfms_meme.txt	MA1259.2	ERF023	TGTCGGTGR	5.00e-1	1.00e0	9.27e2	195	206	206	206	7	1	0.49	0	0.00
726	data/reference/motifs/JASPAR2026_CORE_plants_non-redundant_pfms_meme.txt	MA1258.2	DREB2A	AWGKCGGTG	2.49e-1	1.00e0	9.27e2	284	206	206	206	9	2	0.97	0	0.00
727	data/reference/motifs/JASPAR2026_CORE_plants_non-redundant_pfms_meme.txt	MA1256.2	RAP2-12	DRYGGCGGCGG	2.49e-1	1.00e0	9.27e2	173	206	206	206	9	2	0.97	0	0.00
728	data/reference/motifs/JASPAR2026_CORE_plants_non-redundant_pfms_meme.txt	MA1253.2	ERF036	TGTCGGTG	1.86e-1	1.00e0	9.27e2	353	206	206	206	10	4	1.94	1	0.49
729	data/reference/motifs/JASPAR2026_CORE_plants_non-redundant_pfms_meme.txt	MA1252.2	ERF086	CCKCCGCCGY	4.51e-1	1.00e0	9.27e2	186	206	206	206	2	43	20.87	41	19.90
730	data/reference/motifs/JASPAR2026_CORE_plants_non-redundant_pfms_meme.txt	MA1251.2	RAP2-9	CACCGACAW	8.14e-1	1.00e0	9.27e2	176	206	206	206	4	2	0.97	3	1.46
731	data/reference/motifs/JASPAR2026_CORE_plants_non-redundant_pfms_meme.txt	MA1250.2	DREB2D	CCDCCDCCACCGCC	5.92e-1	1.00e0	9.27e2	236	206	206	206	3	48	23.30	49	23.79
732	data/reference/motifs/JASPAR2026_CORE_plants_non-redundant_pfms_meme.txt	MA1248.2	ERF012	CCACCGMC	5.00e-1	1.00e0	9.27e2	296	206	206	206	9	6	2.91	5	2.43
733	data/reference/motifs/JASPAR2026_CORE_plants_non-redundant_pfms_meme.txt	MA1247.2	ERF087	GRCGGCGGMG	6.57e-1	1.00e0	9.27e2	159	206	206	206	1	78	37.86	81	39.32
734	data/reference/motifs/JASPAR2026_CORE_plants_non-redundant_pfms_meme.txt	MA1246.2	LEP	CKCCGCCGYC	6.88e-1	1.00e0	9.27e2	248	206	206	206	16	2	0.97	2	0.97
735	data/reference/motifs/JASPAR2026_CORE_plants_non-redundant_pfms_meme.txt	MA1245.3	ERF112	CCGCCGCCR	5.00e-1	1.00e0	9.27e2	329	206	206	206	19	2	0.97	1	0.49
736	data/reference/motifs/JASPAR2026_CORE_plants_non-redundant_pfms_meme.txt	MA1244.2	ABR1	DTKGCGGCGGMG	2.49e-1	1.00e0	9.27e2	210	206	206	206	16	2	0.97	0	0.00
737	data/reference/motifs/JASPAR2026_CORE_plants_non-redundant_pfms_meme.txt	MA1243.2	DREB2E	MACCGACWTW	2.49e-1	1.00e0	9.27e2	188	206	206	206	6	2	0.97	0	0.00
738	data/reference/motifs/JASPAR2026_CORE_plants_non-redundant_pfms_meme.txt	MA1240.2	ERF077	CCGCCGCCRY	4.60e-1	1.00e0	9.27e2	244	206	206	206	1	123	59.71	121	58.74
739	data/reference/motifs/JASPAR2026_CORE_plants_non-redundant_pfms_meme.txt	MA1239.2	ERF104	CCDCCDCCGCCGCCRY	5.00e-1	1.00e0	9.27e2	141	206	206	206	1	71	34.47	70	33.98
740	data/reference/motifs/JASPAR2026_CORE_plants_non-redundant_pfms_meme.txt	MA1238.3	ERF038	CACCGACA	5.00e-1	1.00e0	9.27e2	362	206	206	206	19	1	0.49	0	0.00
741	data/reference/motifs/JASPAR2026_CORE_plants_non-redundant_pfms_meme.txt	MA1234.2	ERF017	TGGWCGGTG	5.00e-1	1.00e0	9.27e2	307	206	206	206	15	1	0.49	0	0.00
742	data/reference/motifs/JASPAR2026_CORE_plants_non-redundant_pfms_meme.txt	MA1233.3	ERF021	CGCCGACA	5.00e-1	1.00e0	9.27e2	401	206	206	206	38	1	0.49	0	0.00
743	data/reference/motifs/JASPAR2026_CORE_plants_non-redundant_pfms_meme.txt	MA1232.2	ERF054	GDCGGYGG	2.00e-1	1.00e0	9.27e2	350	206	206	206	4	71	34.47	62	30.10
744	data/reference/motifs/JASPAR2026_CORE_plants_non-redundant_pfms_meme.txt	MA1231.3	ERF15	MGCCGCCD	5.00e-1	1.00e0	9.27e2	319	206	206	206	18	1	0.49	0	0.00
745	data/reference/motifs/JASPAR2026_CORE_plants_non-redundant_pfms_meme.txt	MA1230.2	ERF037	YCACCGACA	2.49e-1	1.00e0	9.27e2	176	206	206	206	5	2	0.97	0	0.00
746	data/reference/motifs/JASPAR2026_CORE_plants_non-redundant_pfms_meme.txt	MA1229.2	ERF034	TGTCGGTGR	2.49e-1	1.00e0	9.27e2	216	206	206	206	7	2	0.97	0	0.00
747	data/reference/motifs/JASPAR2026_CORE_plants_non-redundant_pfms_meme.txt	MA1228.2	ERF091	RYGGCGGCGGHGG	4.57e-1	1.00e0	9.27e2	118	206	206	206	1	60	29.13	58	28.16
748	data/reference/motifs/JASPAR2026_CORE_plants_non-redundant_pfms_meme.txt	MA1227.3	ERF027	RCCGACA	5.00e-1	1.00e0	9.27e2	399	206	206	206	28	1	0.49	0	0.00
749	data/reference/motifs/JASPAR2026_CORE_plants_non-redundant_pfms_meme.txt	MA1226.2	DREB2G	GGHGGAGGCGGTGG	6.57e-1	1.00e0	9.27e2	257	206	206	206	11	3	1.46	3	1.46
750	data/reference/motifs/JASPAR2026_CORE_plants_non-redundant_pfms_meme.txt	MA1220.2	TINY	YCACCGACA	2.49e-1	1.00e0	9.27e2	227	206	206	206	7	2	0.97	0	0.00
751	data/reference/motifs/JASPAR2026_CORE_plants_non-redundant_pfms_meme.txt	MA1219.3	ERF011	CACCGAC	5.00e-1	1.00e0	9.27e2	389	206	206	206	23	1	0.49	0	0.00
752	data/reference/motifs/JASPAR2026_CORE_plants_non-redundant_pfms_meme.txt	MA1218.2	DREB1D	ATGTCGGY	3.43e-1	1.00e0	9.27e2	198	206	206	206	5	4	1.94	2	0.97
753	data/reference/motifs/JASPAR2026_CORE_plants_non-redundant_pfms_meme.txt	MA1049.2	ERF094	MGCCGCC	3.12e-1	1.00e0	9.27e2	241	206	206	206	6	3	1.46	1	0.49
754	data/reference/motifs/JASPAR2026_CORE_plants_non-redundant_pfms_meme.txt	MA1010.2	PHYPADRAFT_64121	TGTCGGTA	2.87e-1	1.00e0	9.27e2	412	206	206	206	19	8	3.88	5	2.43
755	data/reference/motifs/JASPAR2026_CORE_plants_non-redundant_pfms_meme.txt	MA1005.3	ERF082	CCGCCGCCR	5.00e-1	1.00e0	9.27e2	316	206	206	206	21	1	0.49	0	0.00
756	data/reference/motifs/JASPAR2026_CORE_plants_non-redundant_pfms_meme.txt	MA1004.2	ERF13	SGCCGCC	2.49e-1	1.00e0	9.27e2	327	206	206	206	26	2	0.97	0	0.00
757	data/reference/motifs/JASPAR2026_CORE_plants_non-redundant_pfms_meme.txt	MA1001.4	ERF076	CCGCCGCCRC	2.49e-1	1.00e0	9.27e2	302	206	206	206	23	2	0.97	0	0.00
758	data/reference/motifs/JASPAR2026_CORE_plants_non-redundant_pfms_meme.txt	MA1000.3	ERF105	RYGGCGGCGG	5.00e-1	1.00e0	9.27e2	161	206	206	206	13	1	0.49	0	0.00
759	data/reference/motifs/JASPAR2026_CORE_plants_non-redundant_pfms_meme.txt	MA0998.2	ERF096	GCCGCC	1.86e-1	1.00e0	9.27e2	410	206	206	206	47	4	1.94	1	0.49
760	data/reference/motifs/JASPAR2026_CORE_plants_non-redundant_pfms_meme.txt	MA0997.2	ERF069	GCCG	5.00e-1	1.00e0	9.27e2	412	206	206	206	117	11	5.34	10	4.85
761	data/reference/motifs/JASPAR2026_CORE_plants_non-redundant_pfms_meme.txt	MA0995.3	ERF039	RCCGACA	5.00e-1	1.00e0	9.27e2	403	206	206	206	4	148	71.84	147	71.36
762	data/reference/motifs/JASPAR2026_CORE_plants_non-redundant_pfms_meme.txt	MA0994.3	ERF8	TGRCGGCGGCG	2.49e-1	1.00e0	9.27e2	258	206	206	206	19	2	0.97	0	0.00
763	data/reference/motifs/JASPAR2026_CORE_plants_non-redundant_pfms_meme.txt	MA0993.2	ERF7	GCCG	4.25e-1	1.00e0	9.27e2	412	206	206	206	21	192	93.20	190	92.23
764	data/reference/motifs/JASPAR2026_CORE_plants_non-redundant_pfms_meme.txt	MA0992.3	ERF4	CCGCCGYCA	2.44e-1	1.00e0	9.27e2	291	206	206	206	2	98	47.57	90	43.69
765	data/reference/motifs/JASPAR2026_CORE_plants_non-redundant_pfms_meme.txt	MA0980.3	RAP2-10	RCCGACA	5.00e-1	1.00e0	9.27e2	397	206	206	206	10	8	3.88	7	3.40
766	data/reference/motifs/JASPAR2026_CORE_plants_non-redundant_pfms_meme.txt	MA0976.3	CRF4	CCGCCGCCRC	2.49e-1	1.00e0	9.27e2	288	206	206	206	24	2	0.97	0	0.00
767	data/reference/motifs/JASPAR2026_CORE_plants_non-redundant_pfms_meme.txt	MA0971.2	DREB1A	ATGTCGGY	5.00e-1	1.00e0	9.27e2	380	206	206	206	23	1	0.49	0	0.00
768	data/reference/motifs/JASPAR2026_CORE_plants_non-redundant_pfms_meme.txt	MA1377.2	PLT1	KGCACGVWTHYCGAGR	2.77e-1	1.00e0	9.27e2	197	206	206	206	1	102	49.51	95	46.12
769	data/reference/motifs/JASPAR2026_CORE_plants_non-redundant_pfms_meme.txt	MA1751.2	EIL3	AGRTWCAT	1.19e-1	1.00e0	9.27e2	412	206	206	206	14	31	15.05	22	10.68
770	data/reference/motifs/JASPAR2026_CORE_plants_non-redundant_pfms_meme.txt	MA1376.2	DEAR3	CRCCGMC	5.00e-1	1.00e0	9.27e2	412	206	206	206	43	7	3.40	6	2.91
771	data/reference/motifs/JASPAR2026_CORE_plants_non-redundant_pfms_meme.txt	MA2455.1	SPL9D	AGCGGTASTACCGC	5.00e-1	1.00e0	9.27e2	98	206	206	206	4	4	1.94	3	1.46
772	data/reference/motifs/JASPAR2026_CORE_plants_non-redundant_pfms_meme.txt	MA2453.1	SPL8B	ATAGTACTC	1.75e-1	1.00e0	9.27e2	401	206	206	206	3	163	79.13	154	74.76
773	data/reference/motifs/JASPAR2026_CORE_plants_non-redundant_pfms_meme.txt	MA2451.1	SPL7B	AGCGGTASTACCGCT	8.15e-1	1.00e0	9.27e2	29	206	206	206	2	9	4.37	12	5.83
774	data/reference/motifs/JASPAR2026_CORE_plants_non-redundant_pfms_meme.txt	MA2450.1	SPL7A	GTACTACCGCT	5.00e-1	1.00e0	9.27e2	334	206	206	206	14	1	0.49	0	0.00
775	data/reference/motifs/JASPAR2026_CORE_plants_non-redundant_pfms_meme.txt	MA2449.1	SPL6A	GCGGTAGTACC	5.00e-1	1.00e0	9.27e2	298	206	206	206	7	2	0.97	1	0.49
776	data/reference/motifs/JASPAR2026_CORE_plants_non-redundant_pfms_meme.txt	MA2448.1	SPL5D	AGCGGTASTACCGC	5.00e-1	1.00e0	9.27e2	71	206	206	206	3	4	1.94	3	1.46
777	data/reference/motifs/JASPAR2026_CORE_plants_non-redundant_pfms_meme.txt	MA2445.1	SPL4D	GGTACTACCGCT	6.07e-1	1.00e0	9.27e2	310	206	206	206	6	7	3.40	7	3.40
778	data/reference/motifs/JASPAR2026_CORE_plants_non-redundant_pfms_meme.txt	MA2444.1	SPL4A	GCGGTASTACCGC	3.93e-1	1.00e0	9.27e2	106	206	206	206	3	8	3.88	6	2.91
779	data/reference/motifs/JASPAR2026_CORE_plants_non-redundant_pfms_meme.txt	MA2443.1	SPL3D	GCGGTASTACCGC	5.00e-1	1.00e0	9.27e2	102	206	206	206	3	8	3.88	7	3.40
780	data/reference/motifs/JASPAR2026_CORE_plants_non-redundant_pfms_meme.txt	MA2442.1	SPL3B	AGCGGTASTACCGC	3.62e-1	1.00e0	9.27e2	83	206	206	206	3	5	2.43	3	1.46
781	data/reference/motifs/JASPAR2026_CORE_plants_non-redundant_pfms_meme.txt	MA2441.1	SPL3A	AGCGGTACTACC	5.45e-1	1.00e0	9.27e2	306	206	206	206	1	153	74.27	153	74.27
782	data/reference/motifs/JASPAR2026_CORE_plants_non-redundant_pfms_meme.txt	MA2440.1	SPL2B	GCGGTASTACCGC	3.00e-1	1.00e0	9.27e2	132	206	206	206	3	9	4.37	6	2.91
783	data/reference/motifs/JASPAR2026_CORE_plants_non-redundant_pfms_meme.txt	MA2439.1	SPL2A	GCGGTASTACCGC	6.05e-1	1.00e0	9.27e2	67	206	206	206	1	33	16.02	34	16.50
784	data/reference/motifs/JASPAR2026_CORE_plants_non-redundant_pfms_meme.txt	MA2438.1	SPL1D	GCRGTASTACCGCT	5.00e-1	1.00e0	9.27e2	126	206	206	206	4	4	1.94	3	1.46
785	data/reference/motifs/JASPAR2026_CORE_plants_non-redundant_pfms_meme.txt	MA2437.1	SPL19B	GCGGTASTACCGC	7.54e-1	1.00e0	9.27e2	34	206	206	206	2	9	4.37	11	5.34
786	data/reference/motifs/JASPAR2026_CORE_plants_non-redundant_pfms_meme.txt	MA2436.1	SPL18A	GCGGTASTACCGCT	4.25e-1	1.00e0	9.27e2	79	206	206	206	2	16	7.77	14	6.80
787	data/reference/motifs/JASPAR2026_CORE_plants_non-redundant_pfms_meme.txt	MA2434.1	SPL16A	AGCGGTAGTAC	4.49e-1	1.00e0	9.27e2	338	206	206	206	1	170	82.52	168	81.55
788	data/reference/motifs/JASPAR2026_CORE_plants_non-redundant_pfms_meme.txt	MA2433.1	SPL15D	GCGGTACTAC	1.76e-1	1.00e0	9.27e2	365	206	206	206	1	186	90.29	179	86.89
789	data/reference/motifs/JASPAR2026_CORE_plants_non-redundant_pfms_meme.txt	MA2431.1	SPL15A	AGCGGTASTACCGC	5.00e-1	1.00e0	9.27e2	140	206	206	206	3	10	4.85	9	4.37
790	data/reference/motifs/JASPAR2026_CORE_plants_non-redundant_pfms_meme.txt	MA2428.1	SPL13B	GCGGTASTACCGC	6.04e-1	1.00e0	9.27e2	69	206	206	206	1	34	16.50	35	16.99
791	data/reference/motifs/JASPAR2026_CORE_plants_non-redundant_pfms_meme.txt	MA2427.1	SPL12B	AGCGGTASTACCGC	3.75e-1	1.00e0	9.27e2	94	206	206	206	3	6	2.91	4	1.94
792	data/reference/motifs/JASPAR2026_CORE_plants_non-redundant_pfms_meme.txt	MA2426.1	SPL11B	AGCGGTASTACCGCT	8.62e-1	1.00e0	9.27e2	42	206	206	206	2	14	6.80	19	9.22
793	data/reference/motifs/JASPAR2026_CORE_plants_non-redundant_pfms_meme.txt	MA2425.1	SPL11A	SCGGTACTACCG	2.91e-1	1.00e0	9.27e2	253	206	206	206	4	18	8.74	14	6.80
794	data/reference/motifs/JASPAR2026_CORE_plants_non-redundant_pfms_meme.txt	MA2424.1	OsbZIP77	TGCCACGTCABC	2.75e-1	1.00e0	9.27e2	173	206	206	206	1	90	43.69	83	40.29
795	data/reference/motifs/JASPAR2026_CORE_plants_non-redundant_pfms_meme.txt	MA2423.1	OsbZIP69	GMTGACGTGGCA	6.54e-1	1.00e0	9.27e2	181	206	206	206	1	89	43.20	92	44.66
796	data/reference/motifs/JASPAR2026_CORE_plants_non-redundant_pfms_meme.txt	MA2420.1	SBP6	AAGTACAA	2.21e-1	1.00e0	9.27e2	412	206	206	206	17	27	13.11	21	10.19
797	data/reference/motifs/JASPAR2026_CORE_plants_non-redundant_pfms_meme.txt	MA2419.1	UB3	GAAGTACAAC	2.72e-1	1.00e0	9.27e2	412	206	206	206	4	202	98.06	199	96.60
798	data/reference/motifs/JASPAR2026_CORE_plants_non-redundant_pfms_meme.txt	MA2418.1	IG1	CTGCCGCCA	2.49e-1	1.00e0	9.27e2	369	206	206	206	27	2	0.97	0	0.00
799	data/reference/motifs/JASPAR2026_CORE_plants_non-redundant_pfms_meme.txt	MA2417.1	EREB71	CACCGVCYMC	6.88e-1	1.00e0	9.27e2	312	206	206	206	16	2	0.97	2	0.97
800	data/reference/motifs/JASPAR2026_CORE_plants_non-redundant_pfms_meme.txt	MA2416.1	EREB29	GCCGCCGCCC	5.00e-1	1.00e0	9.27e2	238	206	206	206	13	4	1.94	3	1.46
801	data/reference/motifs/JASPAR2026_CORE_plants_non-redundant_pfms_meme.txt	MA2415.1	EREB138	CMGCCGCCAT	2.49e-1	1.00e0	9.27e2	350	206	206	206	18	2	0.97	0	0.00
802	data/reference/motifs/JASPAR2026_CORE_plants_non-redundant_pfms_meme.txt	MA2414.1	EREB127	TGCCGACA	5.00e-1	1.00e0	9.27e2	342	206	206	206	23	1	0.49	0	0.00
803	data/reference/motifs/JASPAR2026_CORE_plants_non-redundant_pfms_meme.txt	MA2413.1	ZmbZIP96	GASACGTGKCA	2.81e-1	1.00e0	9.27e2	299	206	206	206	4	30	14.56	25	12.14
804	data/reference/motifs/JASPAR2026_CORE_plants_non-redundant_pfms_meme.txt	MA2412.1	ZmbZIP72	GATGACATCA	1.31e-1	1.00e0	9.27e2	409	206	206	206	7	82	39.81	70	33.98
805	data/reference/motifs/JASPAR2026_CORE_plants_non-redundant_pfms_meme.txt	MA2411.1	ZmbZIP57	ATGATGTCAT	1.79e-1	1.00e0	9.27e2	410	206	206	206	6	135	65.53	125	60.68
806	data/reference/motifs/JASPAR2026_CORE_plants_non-redundant_pfms_meme.txt	MA2409.1	ZmbZIP25	GATGACATCA	3.39e-1	1.00e0	9.27e2	410	206	206	206	8	73	35.44	68	33.01
807	data/reference/motifs/JASPAR2026_CORE_plants_non-redundant_pfms_meme.txt	MA2408.1	BAD1	CCGGGCCCCSVC	5.00e-1	1.00e0	9.27e2	160	206	206	206	6	8	3.88	7	3.40
808	data/reference/motifs/JASPAR2026_CORE_plants_non-redundant_pfms_meme.txt	MA2407.1	PK24978.1	CACGTGT	2.08e-1	1.00e0	9.27e2	412	206	206	206	17	201	97.57	197	95.63
809	data/reference/motifs/JASPAR2026_CORE_plants_non-redundant_pfms_meme.txt	MA2404.1	OsTRBF3	WRMCCTA	9.11e-2	1.00e0	9.27e2	412	206	206	206	33	49	23.79	37	17.96
810	data/reference/motifs/JASPAR2026_CORE_plants_non-redundant_pfms_meme.txt	MA2403.1	DVH24_040989	TTAACC	1.19e-1	1.00e0	9.27e2	412	206	206	206	63	109	52.91	96	46.60
811	data/reference/motifs/JASPAR2026_CORE_plants_non-redundant_pfms_meme.txt	MA2402.1	OsERF104	GCCGY	3.94e-1	1.00e0	9.27e2	412	206	206	206	24	34	16.50	31	15.05
812	data/reference/motifs/JASPAR2026_CORE_plants_non-redundant_pfms_meme.txt	MA2401.1	Os05g0437700	MCACGTGK	7.77e-1	1.00e0	9.27e2	258	206	206	206	8	7	3.40	9	4.37
813	data/reference/motifs/JASPAR2026_CORE_plants_non-redundant_pfms_meme.txt	MA2398.1	AS2	CGGCGGMRRHDRCGGCGG	5.00e-1	1.00e0	9.27e2	133	206	206	206	12	2	0.97	1	0.49
814	data/reference/motifs/JASPAR2026_CORE_plants_non-redundant_pfms_meme.txt	MA2396.1	IDD1	TTTTGTCGTTTT	1.69e-1	1.00e0	9.27e2	323	206	206	206	1	166	80.58	157	76.21
815	data/reference/motifs/JASPAR2026_CORE_plants_non-redundant_pfms_meme.txt	MA2395.1	PHYPA_011264	CACCGACM	6.00e-1	1.00e0	9.27e2	270	206	206	206	5	8	3.88	8	3.88
816	data/reference/motifs/JASPAR2026_CORE_plants_non-redundant_pfms_meme.txt	MA2392.1	GRMZM2G135447	TGACRKS	2.12e-1	1.00e0	9.27e2	412	206	206	206	12	125	60.68	116	56.31
817	data/reference/motifs/JASPAR2026_CORE_plants_non-redundant_pfms_meme.txt	MA2390.1	GLYMA19G26560	GGSCCCAC	1.42e-1	1.00e0	9.27e2	404	206	206	206	1	204	99.03	200	97.09
818	data/reference/motifs/JASPAR2026_CORE_plants_non-redundant_pfms_meme.txt	MA2389.1	GBF1	ACGTGKM	3.12e-1	1.00e0	9.27e2	412	206	206	206	57	3	1.46	1	0.49
819	data/reference/motifs/JASPAR2026_CORE_plants_non-redundant_pfms_meme.txt	MA2388.1	GATA1	AGATCTRRWT	5.00e-1	1.00e0	9.27e2	389	206	206	206	2	169	82.04	168	81.55
820	data/reference/motifs/JASPAR2026_CORE_plants_non-redundant_pfms_meme.txt	MA2384.1	estExt_Genewise1.C_2060077	SACGTGK	2.09e-1	1.00e0	9.27e2	332	206	206	206	4	84	40.78	75	36.41
821	data/reference/motifs/JASPAR2026_CORE_plants_non-redundant_pfms_meme.txt	MA2382.1	e_gw1.209.40.1	CACGTG	1.11e-1	1.00e0	9.27e2	408	206	206	206	8	192	93.20	184	89.32
822	data/reference/motifs/JASPAR2026_CORE_plants_non-redundant_pfms_meme.txt	MA2381.1	e_gw1.170.52.1	CTTT	1.00e-1	1.00e0	9.27e2	412	206	206	206	155	70	33.98	57	27.67
823	data/reference/motifs/JASPAR2026_CORE_plants_non-redundant_pfms_meme.txt	MA2380.1	DOF4.7	TWACTTTTT	2.99e-1	1.00e0	9.27e2	412	206	206	206	11	174	84.47	169	82.04
824	data/reference/motifs/JASPAR2026_CORE_plants_non-redundant_pfms_meme.txt	MA2379.1	DOF3.1	CKTT	1.35e-1	1.00e0	9.27e2	412	206	206	206	237	91	44.17	79	38.35
825	data/reference/motifs/JASPAR2026_CORE_plants_non-redundant_pfms_meme.txt	MA2378.1	CRF3	GCCG	3.10e-1	1.00e0	9.27e2	412	206	206	206	51	96	46.60	90	43.69
826	data/reference/motifs/JASPAR2026_CORE_plants_non-redundant_pfms_meme.txt	MA2376.1	CAMTA5	CGYGTNDDAWVCGYGT	2.59e-1	1.00e0	9.27e2	338	206	206	206	4	65	31.55	58	28.16
827	data/reference/motifs/JASPAR2026_CORE_plants_non-redundant_pfms_meme.txt	MA2374.1	AHL13	ATATAATT	1.56e-1	1.00e0	9.27e2	412	206	206	206	242	16	7.77	10	4.85
828	data/reference/motifs/JASPAR2026_CORE_plants_non-redundant_pfms_meme.txt	MA2372.1	AZF1	WCACTVWCW	3.86e-1	1.00e0	9.27e2	412	206	206	206	23	7	3.40	5	2.43
829	data/reference/motifs/JASPAR2026_CORE_plants_non-redundant_pfms_meme.txt	MA2371.1	MYB31	YAMCTMCCAACHAMH	4.05e-1	1.00e0	9.27e2	403	206	206	206	8	45	21.84	42	20.39
830	data/reference/motifs/JASPAR2026_CORE_plants_non-redundant_pfms_meme.txt	MA2368.1	WRKY51	RGTCAA	2.36e-1	1.00e0	9.27e2	412	206	206	206	92	48	23.30	41	19.90
831	data/reference/motifs/JASPAR2026_CORE_plants_non-redundant_pfms_meme.txt	MA2367.1	WIP5	ACCTGGAGAAMAW	1.00e-1	1.00e0	9.27e2	411	206	206	206	9	108	52.43	94	45.63
832	data/reference/motifs/JASPAR2026_CORE_plants_non-redundant_pfms_meme.txt	MA2366.1	VOZ2	GCGT	3.86e-1	1.00e0	9.27e2	412	206	206	206	27	201	97.57	199	96.60
833	data/reference/motifs/JASPAR2026_CORE_plants_non-redundant_pfms_meme.txt	MA2362.1	TEIL	AGRTWCAT	3.68e-1	1.00e0	9.27e2	412	206	206	206	31	55	26.70	51	24.76
834	data/reference/motifs/JASPAR2026_CORE_plants_non-redundant_pfms_meme.txt	MA2358.1	PK22320.1	GTACGG	1.04e-1	1.00e0	9.27e2	412	206	206	206	19	35	16.99	25	12.14
835	data/reference/motifs/JASPAR2026_CORE_plants_non-redundant_pfms_meme.txt	MA2357.1	PK21687.1	WAAACCC	2.34e-1	1.00e0	9.27e2	412	206	206	206	26	139	67.48	131	63.59
836	data/reference/motifs/JASPAR2026_CORE_plants_non-redundant_pfms_meme.txt	MA2355.1	PK06791.1	GTACGG	1.05e-1	1.00e0	9.27e2	412	206	206	206	15	144	69.90	131	63.59
837	data/reference/motifs/JASPAR2026_CORE_plants_non-redundant_pfms_meme.txt	MA2353.1	PK02532.1	WAATATCT	1.93e-1	1.00e0	9.27e2	398	206	206	206	5	65	31.55	56	27.18
838	data/reference/motifs/JASPAR2026_CORE_plants_non-redundant_pfms_meme.txt	MA2350.1	OsFBH1	CCACTTG	5.00e-1	1.00e0	9.27e2	163	206	206	206	3	6	2.91	5	2.43
839	data/reference/motifs/JASPAR2026_CORE_plants_non-redundant_pfms_meme.txt	MA2342.1	URI	CACGTG	9.07e-2	1.00e0	9.27e2	404	206	206	206	22	31	15.05	21	10.19
840	data/reference/motifs/JASPAR2026_CORE_plants_non-redundant_pfms_meme.txt	MA2106.1	Zm00001d024644	CCTTATCC	3.12e-1	1.00e0	9.27e2	412	206	206	206	31	3	1.46	1	0.49
841	data/reference/motifs/JASPAR2026_CORE_plants_non-redundant_pfms_meme.txt	MA2104.1	IDD11	AAAACGACAAAA	1.24e-1	1.00e0	9.27e2	377	206	206	206	9	3	1.46	0	0.00
842	data/reference/motifs/JASPAR2026_CORE_plants_non-redundant_pfms_meme.txt	MA1800.1	TEM1	GCAACATA	4.17e-1	1.00e0	9.27e2	411	206	206	206	5	138	66.99	135	65.53
843	data/reference/motifs/JASPAR2026_CORE_plants_non-redundant_pfms_meme.txt	MA1797.1	RAV2	GCAACATA	3.84e-1	1.00e0	9.27e2	344	206	206	206	2	112	54.37	108	52.43
844	data/reference/motifs/JASPAR2026_CORE_plants_non-redundant_pfms_meme.txt	MA1790.1	NAC073	CTTSWYBHWCAMGYT	1.24e-1	1.00e0	9.27e2	372	206	206	206	11	3	1.46	0	0.00
845	data/reference/motifs/JASPAR2026_CORE_plants_non-redundant_pfms_meme.txt	MA1760.1	HSFA6A	GAAGNTTCTAGAA	4.00e-1	1.00e0	9.27e2	77	206	206	206	1	40	19.42	37	17.96
846	data/reference/motifs/JASPAR2026_CORE_plants_non-redundant_pfms_meme.txt	MA1750.1	E2FE	TTTTTGGCGGGAAAA	8.99e-1	1.00e0	9.27e2	16	206	206	206	1	6	2.91	10	4.85
847	data/reference/motifs/JASPAR2026_CORE_plants_non-redundant_pfms_meme.txt	MA1749.1	E2FC	AWDWWGGCGCCAAAA	6.88e-1	1.00e0	9.27e2	54	206	206	206	2	2	0.97	2	0.97
848	data/reference/motifs/JASPAR2026_CORE_plants_non-redundant_pfms_meme.txt	MA1687.1	ARF14	CGGGGGACAYGTCGGG	7.60e-1	1.00e0	9.27e2	93	206	206	206	1	44	21.36	49	23.79
849	data/reference/motifs/JASPAR2026_CORE_plants_non-redundant_pfms_meme.txt	MA1686.1	ARF13	ARCGGGGGACAYGT	5.00e-1	1.00e0	9.27e2	137	206	206	206	4	2	0.97	1	0.49
850	data/reference/motifs/JASPAR2026_CORE_plants_non-redundant_pfms_meme.txt	MA1732.1	E2FD	TTTTTGGCGGGAAAA	8.99e-1	1.00e0	9.27e2	16	206	206	206	1	6	2.91	10	4.85
851	data/reference/motifs/JASPAR2026_CORE_plants_non-redundant_pfms_meme.txt	MA2090.1	PK26523.1	ATTCY	1.13e-1	1.00e0	9.27e2	412	206	206	206	81	88	42.72	75	36.41
852	data/reference/motifs/JASPAR2026_CORE_plants_non-redundant_pfms_meme.txt	MA2089.1	PK25870.1	RGTCAAM	3.12e-1	1.00e0	9.27e2	412	206	206	206	25	3	1.46	1	0.49
853	data/reference/motifs/JASPAR2026_CORE_plants_non-redundant_pfms_meme.txt	MA2087.1	PK24205.1	CACGTGKC	3.17e-1	1.00e0	9.27e2	207	206	206	206	2	48	23.30	43	20.87
854	data/reference/motifs/JASPAR2026_CORE_plants_non-redundant_pfms_meme.txt	MA2086.1	PK23964.1	KCCACGT	3.12e-1	1.00e0	9.27e2	412	206	206	206	40	3	1.46	1	0.49
855	data/reference/motifs/JASPAR2026_CORE_plants_non-redundant_pfms_meme.txt	MA2084.1	PK23009.1	CTTTW	1.87e-1	1.00e0	9.27e2	412	206	206	206	132	172	83.50	164	79.61
856	data/reference/motifs/JASPAR2026_CORE_plants_non-redundant_pfms_meme.txt	MA2082.1	PK20392.1	AATMAT	1.79e-1	1.00e0	9.27e2	412	206	206	206	131	19	9.22	13	6.31
857	data/reference/motifs/JASPAR2026_CORE_plants_non-redundant_pfms_meme.txt	MA2078.1	PK19363.1	CGCCGCCR	1.32e-1	1.00e0	9.27e2	374	206	206	206	7	60	29.13	49	23.79
858	data/reference/motifs/JASPAR2026_CORE_plants_non-redundant_pfms_meme.txt	MA2076.1	PK18401.1	GCACGTGG	5.00e-1	1.00e0	9.27e2	397	206	206	206	9	25	12.14	24	11.65
859	data/reference/motifs/JASPAR2026_CORE_plants_non-redundant_pfms_meme.txt	MA2075.1	PK18009.1	ACACGTG	1.75e-1	1.00e0	9.27e2	412	206	206	206	17	52	25.24	43	20.87
860	data/reference/motifs/JASPAR2026_CORE_plants_non-redundant_pfms_meme.txt	MA2074.1	PK17878.1	CGCCGCCA	3.43e-1	1.00e0	9.27e2	205	206	206	206	7	4	1.94	2	0.97
861	data/reference/motifs/JASPAR2026_CORE_plants_non-redundant_pfms_meme.txt	MA2072.1	PK16335.1	GACAGCTG	8.74e-2	1.00e0	9.27e2	408	206	206	206	16	7	3.40	2	0.97
862	data/reference/motifs/JASPAR2026_CORE_plants_non-redundant_pfms_meme.txt	MA2068.1	PK10344.1	GGGACCAC	3.05e-1	1.00e0	9.27e2	128	206	206	206	2	21	10.19	17	8.25
863	data/reference/motifs/JASPAR2026_CORE_plants_non-redundant_pfms_meme.txt	MA2066.1	PK09021.1	TGACGTCA	6.75e-1	1.00e0	9.27e2	103	206	206	206	1	50	24.27	53	25.73
864	data/reference/motifs/JASPAR2026_CORE_plants_non-redundant_pfms_meme.txt	MA2065.1	PK08602.1	CCACCGCC	6.57e-1	1.00e0	9.27e2	61	206	206	206	2	3	1.46	3	1.46
865	data/reference/motifs/JASPAR2026_CORE_plants_non-redundant_pfms_meme.txt	MA2063.1	PK07402.1	RCCGMC	1.86e-1	1.00e0	9.27e2	409	206	206	206	30	4	1.94	1	0.49
866	data/reference/motifs/JASPAR2026_CORE_plants_non-redundant_pfms_meme.txt	MA2059.1	PK05432.1	RGTCAA	3.43e-1	1.00e0	9.27e2	412	206	206	206	30	204	99.03	202	98.06
867	data/reference/motifs/JASPAR2026_CORE_plants_non-redundant_pfms_meme.txt	MA2055.1	PK00315.1	GACAGCTR	1.24e-1	1.00e0	9.27e2	412	206	206	206	2	206	100.00	203	98.54
868	data/reference/motifs/JASPAR2026_CORE_plants_non-redundant_pfms_meme.txt	MA1416.1	RAMOSA1	GAGAGAGAGAGAGA	2.25e-1	1.00e0	9.27e2	205	206	206	206	18	5	2.43	2	0.97
869	data/reference/motifs/JASPAR2026_CORE_plants_non-redundant_pfms_meme.txt	MA1404.1	BPC1	GAGAGAGAGAGAGAGAGAGAGAGA	5.00e-1	1.00e0	9.27e2	90	206	206	206	13	10	4.85	9	4.37
870	data/reference/motifs/JASPAR2026_CORE_plants_non-redundant_pfms_meme.txt	MA1402.1	BPC6	CTCTCTCTCTCTCTCTCTCTC	5.69e-1	1.00e0	9.27e2	88	206	206	206	7	18	8.74	18	8.74
871	data/reference/motifs/JASPAR2026_CORE_plants_non-redundant_pfms_meme.txt	MA1380.1	TCX6	WTTTAAATTTTTWAA	1.08e-1	1.00e0	9.27e2	410	206	206	206	20	5	2.43	1	0.49
872	data/reference/motifs/JASPAR2026_CORE_plants_non-redundant_pfms_meme.txt	MA1379.1	SOL1	WTTWAAAATTTAAAW	2.51e-1	1.00e0	9.27e2	408	206	206	206	18	6	2.91	3	1.46
873	data/reference/motifs/JASPAR2026_CORE_plants_non-redundant_pfms_meme.txt	MA1373.1	GAF1	HABWAAACGACAAAA	3.83e-1	1.00e0	9.27e2	314	206	206	206	4	27	13.11	24	11.65
874	data/reference/motifs/JASPAR2026_CORE_plants_non-redundant_pfms_meme.txt	MA1363.1	LRL2	CGTGNKWBGCACGTG	3.79e-1	1.00e0	9.27e2	148	206	206	206	1	76	36.89	72	34.95
875	data/reference/motifs/JASPAR2026_CORE_plants_non-redundant_pfms_meme.txt	MA1350.1	BZIP42	TGCTGACGTGGC	7.28e-1	1.00e0	9.27e2	49	206	206	206	1	23	11.17	26	12.62
876	data/reference/motifs/JASPAR2026_CORE_plants_non-redundant_pfms_meme.txt	MA1348.1	TGA9	GMTGACGTCAY	4.59e-1	1.00e0	9.27e2	152	206	206	206	1	77	37.38	75	36.41
877	data/reference/motifs/JASPAR2026_CORE_plants_non-redundant_pfms_meme.txt	MA1335.1	TGA4	TGACGTCAKCA	2.31e-1	1.00e0	9.27e2	329	206	206	206	1	168	81.55	161	78.16
878	data/reference/motifs/JASPAR2026_CORE_plants_non-redundant_pfms_meme.txt	MA1324.1	GATA20	ATCSGATC	2.74e-1	1.00e0	9.27e2	350	206	206	206	4	47	22.82	41	19.90
879	data/reference/motifs/JASPAR2026_CORE_plants_non-redundant_pfms_meme.txt	MA1309.1	WRKY3	AAAAGTCAACG	2.49e-1	1.00e0	9.27e2	338	206	206	206	9	2	0.97	0	0.00
880	data/reference/motifs/JASPAR2026_CORE_plants_non-redundant_pfms_meme.txt	MA1242.1	DREB2F	CCDCCACCGCC	7.51e-1	1.00e0	9.27e2	199	206	206	206	13	1	0.49	1	0.49
881	data/reference/motifs/JASPAR2026_CORE_plants_non-redundant_pfms_meme.txt	MA1235.1	AIL7	CGNWTYYCGAG	5.00e-1	1.00e0	9.27e2	407	206	206	206	13	5	2.43	4	1.94
882	data/reference/motifs/JASPAR2026_CORE_plants_non-redundant_pfms_meme.txt	MA1225.1	ERF5	CCDCCGCCGCCGCCR	5.00e-1	1.00e0	9.27e2	157	206	206	206	18	1	0.49	0	0.00
883	data/reference/motifs/JASPAR2026_CORE_plants_non-redundant_pfms_meme.txt	MA1222.1	ERF014	CCDCCDCCACCGMCA	3.76e-1	1.00e0	9.27e2	184	206	206	206	3	24	11.65	21	10.19
884	data/reference/motifs/JASPAR2026_CORE_plants_non-redundant_pfms_meme.txt	MA1221.1	RAP2-6	TKGCGGCGGMGGHGG	5.00e-1	1.00e0	9.27e2	141	206	206	206	13	1	0.49	0	0.00
885	data/reference/motifs/JASPAR2026_CORE_plants_non-redundant_pfms_meme.txt	MA1162.1	TCX2	WTTYAAAATTYAAAW	5.00e-1	1.00e0	9.27e2	402	206	206	206	15	8	3.88	7	3.40
886	data/reference/motifs/JASPAR2026_CORE_plants_non-redundant_pfms_meme.txt	MA1091.1	WRKY62	TGGTCAAC	2.15e-1	1.00e0	9.27e2	381	206	206	206	2	157	76.21	149	72.33
887	data/reference/motifs/JASPAR2026_CORE_plants_non-redundant_pfms_meme.txt	MA1084.1	WRKY38	CGTTGACC	9.59e-2	1.00e0	9.27e2	412	206	206	206	6	176	85.44	165	80.10
888	data/reference/motifs/JASPAR2026_CORE_plants_non-redundant_pfms_meme.txt	MA1080.1	WRKY23	AGTCAACG	8.08e-1	1.00e0	9.27e2	357	206	206	206	1	176	85.44	181	87.86
889	data/reference/motifs/JASPAR2026_CORE_plants_non-redundant_pfms_meme.txt	MA1075.1	WRKY12	CGTTGACC	4.53e-1	1.00e0	9.27e2	412	206	206	206	6	162	78.64	160	77.67
890	data/reference/motifs/JASPAR2026_CORE_plants_non-redundant_pfms_meme.txt	MA1066.1	TCP23	GGGCCCAC	1.27e-1	1.00e0	9.27e2	333	206	206	206	6	25	12.14	17	8.25
891	data/reference/motifs/JASPAR2026_CORE_plants_non-redundant_pfms_meme.txt	MA1053.1	ERF109	GCGCCGCC	4.60e-1	1.00e0	9.27e2	278	206	206	206	2	92	44.66	90	43.69
892	data/reference/motifs/JASPAR2026_CORE_plants_non-redundant_pfms_meme.txt	MA1051.1	RAP2-3	GCGCCGCC	2.49e-1	1.00e0	9.27e2	360	206	206	206	33	2	0.97	0	0.00
893	data/reference/motifs/JASPAR2026_CORE_plants_non-redundant_pfms_meme.txt	MA1046.1	NTL9	TTAAGTAAT	2.49e-1	1.00e0	9.27e2	355	206	206	206	9	2	0.97	0	0.00
894	data/reference/motifs/JASPAR2026_CORE_plants_non-redundant_pfms_meme.txt	MA1035.1	TCP4	GGGACCAC	6.93e-1	1.00e0	9.27e2	252	206	206	206	1	124	60.19	128	62.14
895	data/reference/motifs/JASPAR2026_CORE_plants_non-redundant_pfms_meme.txt	MA1034.1	Os05g0497200	CGSCGCCR	5.00e-1	1.00e0	9.27e2	117	206	206	206	13	1	0.49	0	0.00
896	data/reference/motifs/JASPAR2026_CORE_plants_non-redundant_pfms_meme.txt	MA1033.1	OJ1058_F05.8	MCACGTGK	7.77e-1	1.00e0	9.27e2	258	206	206	206	8	7	3.40	9	4.37
897	data/reference/motifs/JASPAR2026_CORE_plants_non-redundant_pfms_meme.txt	MA1023.1	PHYPADRAFT_28324	KGTCGGTG	3.12e-1	1.00e0	9.27e2	122	206	206	206	3	3	1.46	1	0.49
898	data/reference/motifs/JASPAR2026_CORE_plants_non-redundant_pfms_meme.txt	MA1014.1	GATA11	TAGATCTG	2.40e-1	1.00e0	9.27e2	250	206	206	206	4	32	15.53	26	12.62
899	data/reference/motifs/JASPAR2026_CORE_plants_non-redundant_pfms_meme.txt	MA1013.1	GATA10	TAGATCTG	2.23e-1	1.00e0	9.27e2	330	206	206	206	12	10	4.85	6	2.91
900	data/reference/motifs/JASPAR2026_CORE_plants_non-redundant_pfms_meme.txt	MA1009.1	ARF3	TGTCGGAA	1.46e-1	1.00e0	9.27e2	397	206	206	206	1	201	97.57	196	95.15
901	data/reference/motifs/JASPAR2026_CORE_plants_non-redundant_pfms_meme.txt	MA1007.1	PHYPADRAFT_173530	TGTCGGTG	7.54e-1	1.00e0	9.27e2	198	206	206	206	2	29	14.08	33	16.02
902	data/reference/motifs/JASPAR2026_CORE_plants_non-redundant_pfms_meme.txt	MA0986.1	DREB2C	CACCGACA	5.00e-1	1.00e0	9.27e2	392	206	206	206	26	1	0.49	0	0.00
903	data/reference/motifs/JASPAR2026_CORE_plants_non-redundant_pfms_meme.txt	MA0978.1	DREB1E	ATGTCGGC	5.00e-1	1.00e0	9.27e2	303	206	206	206	9	2	0.97	1	0.49
904	data/reference/motifs/JASPAR2026_CORE_plants_non-redundant_pfms_meme.txt	MA0977.1	DOF2.5	AWAAAGTG	1.07e-1	1.00e0	9.27e2	412	206	206	206	18	180	87.38	170	82.52
905	data/reference/motifs/JASPAR2026_CORE_plants_non-redundant_pfms_meme.txt	MA0975.1	CRF2	SCGCCGCC	5.00e-1	1.00e0	9.27e2	229	206	206	206	19	1	0.49	0	0.00
906	data/reference/motifs/JASPAR2026_CORE_plants_non-redundant_pfms_meme.txt	MA0967.1	BZIP60	TGACGTCA	8.89e-2	1.00e0	9.27e2	409	206	206	206	6	199	96.60	192	93.20
907	data/reference/motifs/JASPAR2026_CORE_plants_non-redundant_pfms_meme.txt	MA0960.1	BHLH104	GGCACGTGCC	7.03e-1	1.00e0	9.27e2	67	206	206	206	2	32	15.53	35	16.99
908	data/reference/motifs/JASPAR2026_CORE_plants_non-redundant_pfms_meme.txt	MA0959.1	AIB	GCACGTGC	5.00e-1	1.00e0	9.27e2	275	206	206	206	6	43	20.87	42	20.39
909	data/reference/motifs/JASPAR2026_CORE_plants_non-redundant_pfms_meme.txt	MA0958.1	BHLH13	RCACGTGC	1.43e-1	1.00e0	9.27e2	340	206	206	206	7	38	18.45	29	14.08
910	data/reference/motifs/JASPAR2026_CORE_plants_non-redundant_pfms_meme.txt	MA0957.1	BHLH3	GCACGTGC	3.10e-1	1.00e0	9.27e2	374	206	206	206	6	120	58.25	114	55.34
911	data/reference/motifs/JASPAR2026_CORE_plants_non-redundant_pfms_meme.txt	MA0952.1	ATHB-51	AATWATTG	2.09e-1	1.00e0	9.27e2	412	206	206	206	25	83	40.29	74	35.92
912	data/reference/motifs/JASPAR2026_CORE_plants_non-redundant_pfms_meme.txt	MA0951.1	ATHB-16	TAATMATT	2.44e-1	1.00e0	9.27e2	411	206	206	206	11	116	56.31	108	52.43
913	data/reference/motifs/JASPAR2026_CORE_plants_non-redundant_pfms_meme.txt	MA0947.1	ARR14	AGATWCGS	9.81e-2	1.00e0	9.27e2	392	206	206	206	5	68	33.01	55	26.70
914	data/reference/motifs/JASPAR2026_CORE_plants_non-redundant_pfms_meme.txt	MA0939.1	NAC079	ACACGCAA	1.11e-1	1.00e0	9.27e2	345	206	206	206	2	135	65.53	122	59.22
915	data/reference/motifs/JASPAR2026_CORE_plants_non-redundant_pfms_meme.txt	MA0936.1	NAC046	ACACGCMA	1.76e-1	1.00e0	9.27e2	412	206	206	206	37	139	67.48	129	62.62
916	data/reference/motifs/JASPAR2026_CORE_plants_non-redundant_pfms_meme.txt	MA0935.1	NAC025	YACGTAAY	3.28e-1	1.00e0	9.27e2	342	206	206	206	6	12	5.83	9	4.37
917	data/reference/motifs/JASPAR2026_CORE_plants_non-redundant_pfms_meme.txt	MA0934.1	AHL25	AWTTAAWT	8.89e-2	1.00e0	9.27e2	412	206	206	206	236	14	6.80	7	3.40
918	data/reference/motifs/JASPAR2026_CORE_plants_non-redundant_pfms_meme.txt	MA0932.1	AHL12	AAWWWWTT	1.10e-1	1.00e0	9.27e2	412	206	206	206	84	203	98.54	198	96.12
919	data/reference/motifs/JASPAR2026_CORE_plants_non-redundant_pfms_meme.txt	MA0567.1	ERF1B	MGCCGCCA	2.63e-1	1.00e0	9.27e2	336	206	206	206	1	171	83.01	165	80.10
920	data/reference/motifs/JASPAR2026_CORE_plants_non-redundant_pfms_meme.txt	MA0561.1	PIF4	CACGTGSC	4.29e-1	1.00e0	9.27e2	192	206	206	206	3	18	8.74	16	7.77
921	data/reference/motifs/JASPAR2026_CORE_plants_non-redundant_pfms_meme.txt	MA0129.1	TGA1A	HACGTCA	2.65e-1	1.00e0	9.27e2	412	206	206	206	12	170	82.52	164	79.61
922	data/reference/motifs/JASPAR2026_CORE_plants_non-redundant_pfms_meme.txt	MA0128.1	EmBP-1	ASACGTGG	3.81e-1	1.00e0	9.27e2	383	206	206	206	3	128	62.14	124	60.19
923	data/reference/motifs/JASPAR2026_CORE_plants_non-redundant_pfms_meme.txt	MA0123.1	abi4	CGSYGCCCCC	5.00e-1	1.00e0	9.27e2	362	206	206	206	10	15	7.28	14	6.80
924	data/reference/motifs/JASPAR2026_CORE_plants_non-redundant_pfms_meme.txt	MA0097.1	bZIP911	GRTGACGTGGMC	9.83e-1	1.00e0	9.27e2	42	206	206	206	1	15	7.28	27	13.11
925	data/reference/motifs/JASPAR2026_CORE_plants_non-redundant_pfms_meme.txt	MA0096.1	bZIP910	MTGACGT	5.00e-1	1.00e0	9.27e2	192	206	206	206	3	9	4.37	8	3.88
926	data/reference/motifs/JASPAR2026_CORE_plants_non-redundant_pfms_meme.txt	MA0064.1	PBF	AAAGY	2.51e-1	1.00e0	9.27e2	412	206	206	206	21	189	91.75	184	89.32
927	data/reference/motifs/JASPAR2026_CORE_plants_non-redundant_pfms_meme.txt	MA0021.1	Dof3	AAAGYV	2.56e-1	1.00e0	9.27e2	412	206	206	206	16	38	18.45	32	15.53

# AME (Analysis of Motif Enrichment): Version 5.5.9 compiled on May 27 2026 at 12:40:54
# The format of this file is described at https://meme-suite.org/meme/doc/ame-output-format.html.
# ame --verbose 1 --text --control results/evidence/motifs/inputs/backgrounds/2000/replicate_011.fa --method fisher --scoring totalhits --hit-lo-fraction 0.25 --evalue-report-threshold 1000000 --noseq results/evidence/motifs/inputs/frozen_candidates_2000bp.fa data/reference/motifs/JASPAR2026_CORE_plants_non-redundant_pfms_meme.txt
