2	data/reference/motifs/JASPAR2026_CORE_plants_non-redundant_pfms_meme.txt	MA1089.2	WRKY57	RGTCAA	1.64e-4	6.53e-2	6.05e1	412	206	206	206	58	107	51.94	70	33.98
3	data/reference/motifs/JASPAR2026_CORE_plants_non-redundant_pfms_meme.txt	MA1184.2	RVE1	WAAATATCT	3.73e-4	1.39e-1	1.29e2	400	206	206	206	5	130	63.11	95	46.12
4	data/reference/motifs/JASPAR2026_CORE_plants_non-redundant_pfms_meme.txt	MA2080.1	PK20225.1	CACGTG	8.73e-4	3.02e-1	2.80e2	412	206	206	206	46	10	4.85	0	0.00
5	data/reference/motifs/JASPAR2026_CORE_plants_non-redundant_pfms_meme.txt	MA1767.2	MYB23	CAACWA	1.11e-3	3.66e-1	3.40e2	412	206	206	206	10	120	58.25	88	42.72
6	data/reference/motifs/JASPAR2026_CORE_plants_non-redundant_pfms_meme.txt	MA0992.3	ERF4	CCGCCGYCA	1.76e-3	3.73e-1	3.46e2	265	206	206	206	2	98	47.57	68	33.01
7	data/reference/motifs/JASPAR2026_CORE_plants_non-redundant_pfms_meme.txt	MA2368.1	WRKY51	RGTCAA	1.34e-3	4.23e-1	3.92e2	412	206	206	206	92	48	23.30	24	11.65
8	data/reference/motifs/JASPAR2026_CORE_plants_non-redundant_pfms_meme.txt	MA2057.1	PK01630.1	GCACGTG	1.49e-3	4.57e-1	4.24e2	411	206	206	206	22	12	5.83	1	0.49
9	data/reference/motifs/JASPAR2026_CORE_plants_non-redundant_pfms_meme.txt	MA2421.1	SBP8	ARGTACAA	1.49e-3	4.58e-1	4.25e2	412	206	206	206	16	12	5.83	1	0.49
10	data/reference/motifs/JASPAR2026_CORE_plants_non-redundant_pfms_meme.txt	MA2622.1	hb34	CAATAATTG	1.58e-3	4.79e-1	4.44e2	412	206	206	206	22	93	45.15	63	30.58
11	data/reference/motifs/JASPAR2026_CORE_plants_non-redundant_pfms_meme.txt	MA2387.1	NAC094	YGCCGTRNHNNHCACG	5.44e-3	4.82e-1	4.47e2	121	206	206	206	2	39	18.93	20	9.71
12	data/reference/motifs/JASPAR2026_CORE_plants_non-redundant_pfms_meme.txt	MA2062.1	PK07031.1	CTTT	1.79e-3	5.21e-1	4.83e2	412	206	206	206	247	206	100.00	197	95.63
13	data/reference/motifs/JASPAR2026_CORE_plants_non-redundant_pfms_meme.txt	MA1057.2	SPL12	GTACGG	1.80e-3	5.25e-1	4.86e2	412	206	206	206	32	16	7.77	3	1.46
14	data/reference/motifs/JASPAR2026_CORE_plants_non-redundant_pfms_meme.txt	MA2651.1	GLYMA-20G154400	GGGCCCCAC	2.52e-3	5.75e-1	5.33e2	340	206	206	206	7	24	11.65	8	3.88
15	data/reference/motifs/JASPAR2026_CORE_plants_non-redundant_pfms_meme.txt	MA0959.1	AIB	GCACGTGC	3.27e-3	5.77e-1	5.35e2	263	206	206	206	6	43	20.87	22	10.68
16	data/reference/motifs/JASPAR2026_CORE_plants_non-redundant_pfms_meme.txt	MA1191.2	RVE7L	AAAATATCT	2.67e-3	6.40e-1	5.93e2	383	206	206	206	4	87	42.23	59	28.64
17	data/reference/motifs/JASPAR2026_CORE_plants_non-redundant_pfms_meme.txt	MA2719.1	lat61	CRCACGTGYG	9.10e-3	6.79e-1	6.30e2	125	206	206	206	2	74	35.92	51	24.76
18	data/reference/motifs/JASPAR2026_CORE_plants_non-redundant_pfms_meme.txt	MA0573.2	ATHB-9	GTAATGATTRCDYBS	3.41e-2	6.81e-1	6.32e2	33	206	206	206	1	22	10.68	11	5.34
19	data/reference/motifs/JASPAR2026_CORE_plants_non-redundant_pfms_meme.txt	MA1065.3	TCP20	GTGGGWCCCAC	5.35e-3	6.90e-1	6.40e2	219	206	206	206	7	10	4.85	1	0.49
20	data/reference/motifs/JASPAR2026_CORE_plants_non-redundant_pfms_meme.txt	MA0557.2	FHY3	CACGCGCT	3.33e-3	6.94e-1	6.43e2	356	206	206	206	5	53	25.73	30	14.56
21	data/reference/motifs/JASPAR2026_CORE_plants_non-redundant_pfms_meme.txt	MA0560.2	PIF3	CCACGTG	4.56e-3	6.97e-1	6.46e2	262	206	206	206	2	98	47.57	71	34.47
22	data/reference/motifs/JASPAR2026_CORE_plants_non-redundant_pfms_meme.txt	MA2393.1	PHYPA_008731	CACGTGC	4.56e-3	6.97e-1	6.46e2	262	206	206	206	2	98	47.57	71	34.47
23	data/reference/motifs/JASPAR2026_CORE_plants_non-redundant_pfms_meme.txt	MA1010.2	PHYPADRAFT_64121	TGTCGGTA	3.24e-3	7.37e-1	6.83e2	412	206	206	206	15	25	12.14	9	4.37
24	data/reference/motifs/JASPAR2026_CORE_plants_non-redundant_pfms_meme.txt	MA1193.2	AT2G38090	WDWGGATAAGDAT	3.42e-3	7.53e-1	6.98e2	408	206	206	206	4	165	80.10	140	67.96
25	data/reference/motifs/JASPAR2026_CORE_plants_non-redundant_pfms_meme.txt	MA2356.1	PK20555.1	CTTTW	3.64e-3	7.77e-1	7.21e2	412	206	206	206	175	206	100.00	198	96.12
26	data/reference/motifs/JASPAR2026_CORE_plants_non-redundant_pfms_meme.txt	MA2355.1	PK06791.1	GTACGG	3.64e-3	7.77e-1	7.21e2	412	206	206	206	33	8	3.88	0	0.00
27	data/reference/motifs/JASPAR2026_CORE_plants_non-redundant_pfms_meme.txt	MA1382.2	FAR1	YCACGCGCY	2.13e-2	8.10e-1	7.51e2	77	206	206	206	1	47	22.82	30	14.56
28	data/reference/motifs/JASPAR2026_CORE_plants_non-redundant_pfms_meme.txt	MA2472.1	AT3G12910	YGSCGTVRWDDHBACGK	1.83e-2	8.21e-1	7.61e2	93	206	206	206	2	15	7.28	5	2.43
29	data/reference/motifs/JASPAR2026_CORE_plants_non-redundant_pfms_meme.txt	MA2460.1	MGH6.1	YGSCGTVRWDDHBACGK	1.83e-2	8.21e-1	7.61e2	93	206	206	206	2	15	7.28	5	2.43
30	data/reference/motifs/JASPAR2026_CORE_plants_non-redundant_pfms_meme.txt	MA0571.2	ANT	GCACRRWTCCCVAKGY	3.10e-2	8.23e-1	7.63e2	55	206	206	206	2	9	4.37	2	0.97
31	data/reference/motifs/JASPAR2026_CORE_plants_non-redundant_pfms_meme.txt	MA1296.2	WRKY46	CGTTGACTTT	5.35e-3	8.34e-1	7.73e2	336	206	206	206	6	10	4.85	1	0.49
32	data/reference/motifs/JASPAR2026_CORE_plants_non-redundant_pfms_meme.txt	MA1412.2	TSAR2	GCACGTGC	8.02e-3	8.48e-1	7.86e2	235	206	206	206	6	34	16.50	17	8.25
33	data/reference/motifs/JASPAR2026_CORE_plants_non-redundant_pfms_meme.txt	MA0974.3	CDF3	AAAAAGTG	4.77e-3	8.60e-1	7.97e2	412	206	206	206	11	180	87.38	159	77.18
34	data/reference/motifs/JASPAR2026_CORE_plants_non-redundant_pfms_meme.txt	MA1183.2	RVE6	AGATATTTT	5.00e-3	8.61e-1	7.98e2	394	206	206	206	4	107	51.94	80	38.83
35	data/reference/motifs/JASPAR2026_CORE_plants_non-redundant_pfms_meme.txt	MA1177.2	MYB65	TAACCGHM	4.84e-3	8.64e-1	8.01e2	412	206	206	206	12	130	63.11	103	50.00
36	data/reference/motifs/JASPAR2026_CORE_plants_non-redundant_pfms_meme.txt	MA0958.1	BHLH13	RCACGTGC	6.01e-3	8.67e-1	8.04e2	336	206	206	206	6	56	27.18	34	16.50
37	data/reference/motifs/JASPAR2026_CORE_plants_non-redundant_pfms_meme.txt	MA1808.3	GLYMA-06G314400	GACACGTGGC	5.35e-3	8.70e-1	8.07e2	382	206	206	206	13	10	4.85	1	0.49
38	data/reference/motifs/JASPAR2026_CORE_plants_non-redundant_pfms_meme.txt	MA2406.1	PK03576.1	CACGTGC	2.99e-2	8.81e-1	8.17e2	70	206	206	206	2	25	12.14	13	6.31
39	data/reference/motifs/JASPAR2026_CORE_plants_non-redundant_pfms_meme.txt	MA2643.1	SNAC23	YACGGAACT	5.35e-3	8.88e-1	8.23e2	409	206	206	206	13	10	4.85	1	0.49
40	data/reference/motifs/JASPAR2026_CORE_plants_non-redundant_pfms_meme.txt	MA2397.1	ILR3	CACGTG	5.35e-3	8.90e-1	8.25e2	412	206	206	206	62	10	4.85	1	0.49
41	data/reference/motifs/JASPAR2026_CORE_plants_non-redundant_pfms_meme.txt	MA1384.1	PHL7	AAARGAATATTCY	6.80e-3	8.92e-1	8.27e2	327	206	206	206	2	120	58.25	94	45.63
42	data/reference/motifs/JASPAR2026_CORE_plants_non-redundant_pfms_meme.txt	MA1351.3	GBF3	ACGTGGCA	5.51e-3	8.97e-1	8.31e2	412	206	206	206	19	14	6.80	3	1.46
43	data/reference/motifs/JASPAR2026_CORE_plants_non-redundant_pfms_meme.txt	MA1360.3	bHLH74	CACGTG	6.83e-3	8.98e-1	8.33e2	335	206	206	206	3	118	57.28	92	44.66
44	data/reference/motifs/JASPAR2026_CORE_plants_non-redundant_pfms_meme.txt	MA2358.1	PK22320.1	GTACGG	5.56e-3	8.99e-1	8.33e2	412	206	206	206	19	35	16.99	17	8.25
45	data/reference/motifs/JASPAR2026_CORE_plants_non-redundant_pfms_meme.txt	MA1210.3	HAT22	CAATAATTG	5.57e-3	8.99e-1	8.33e2	412	206	206	206	13	161	78.16	137	66.50
46	data/reference/motifs/JASPAR2026_CORE_plants_non-redundant_pfms_meme.txt	MA2382.1	e_gw1.209.40.1	CACGTG	5.76e-3	9.06e-1	8.40e2	411	206	206	206	32	12	5.83	2	0.97
47	data/reference/motifs/JASPAR2026_CORE_plants_non-redundant_pfms_meme.txt	MA2014.2	BAM8	CACACGTGY	8.48e-3	9.15e-1	8.48e2	290	206	206	206	3	83	40.29	59	28.64
48	data/reference/motifs/JASPAR2026_CORE_plants_non-redundant_pfms_meme.txt	MA2715.1	Solyc03g124110	RTCTATGTCGGYWAA	1.85e-2	9.18e-1	8.51e2	135	206	206	206	3	8	3.88	1	0.49
49	data/reference/motifs/JASPAR2026_CORE_plants_non-redundant_pfms_meme.txt	MA0587.2	TCP16	GTGGACCC	8.52e-3	9.26e-1	8.59e2	306	206	206	206	4	39	18.93	21	10.19
50	data/reference/motifs/JASPAR2026_CORE_plants_non-redundant_pfms_meme.txt	MA1174.2	MYB56	ATAACGGWHW	6.46e-3	9.30e-1	8.62e2	411	206	206	206	7	103	50.00	77	37.38
51	data/reference/motifs/JASPAR2026_CORE_plants_non-redundant_pfms_meme.txt	MA1190.2	RVE5	AGATATTTT	6.81e-3	9.32e-1	8.64e2	395	206	206	206	4	119	57.77	93	45.15
52	data/reference/motifs/JASPAR2026_CORE_plants_non-redundant_pfms_meme.txt	MA2067.1	PK09702.1	GCACGTGR	4.07e-2	9.43e-1	8.74e2	69	206	206	206	2	34	16.50	21	10.19
53	data/reference/motifs/JASPAR2026_CORE_plants_non-redundant_pfms_meme.txt	MA1740.2	BHLH49	CACGTGC	3.82e-2	9.50e-1	8.81e2	77	206	206	206	1	46	22.33	31	15.05
54	data/reference/motifs/JASPAR2026_CORE_plants_non-redundant_pfms_meme.txt	MA1074.2	UNE10	CACGTGM	3.82e-2	9.50e-1	8.81e2	77	206	206	206	1	46	22.33	31	15.05
55	data/reference/motifs/JASPAR2026_CORE_plants_non-redundant_pfms_meme.txt	MA2077.1	PK18474.1	CACGTGC	3.82e-2	9.50e-1	8.81e2	77	206	206	206	1	46	22.33	31	15.05
56	data/reference/motifs/JASPAR2026_CORE_plants_non-redundant_pfms_meme.txt	MA2064.1	PK07858.1	CACGTGC	3.82e-2	9.50e-1	8.81e2	77	206	206	206	1	46	22.33	31	15.05
57	data/reference/motifs/JASPAR2026_CORE_plants_non-redundant_pfms_meme.txt	MA2061.1	PK06517.1	CACGTGC	3.82e-2	9.50e-1	8.81e2	77	206	206	206	1	46	22.33	31	15.05
58	data/reference/motifs/JASPAR2026_CORE_plants_non-redundant_pfms_meme.txt	MA2029.2	MYB88	ACGCTCCTC	1.06e-2	9.58e-1	8.88e2	298	206	206	206	2	97	47.09	73	35.44
59	data/reference/motifs/JASPAR2026_CORE_plants_non-redundant_pfms_meme.txt	MA0561.1	PIF4	CACGTGSC	1.86e-2	9.58e-1	8.88e2	171	206	206	206	3	18	8.74	7	3.40
60	data/reference/motifs/JASPAR2026_CORE_plants_non-redundant_pfms_meme.txt	MA2743.1	SlWRKY23	AAAGTCAAM	7.77e-3	9.59e-1	8.89e2	411	206	206	206	12	23	11.17	9	4.37
61	data/reference/motifs/JASPAR2026_CORE_plants_non-redundant_pfms_meme.txt	MA0969.2	CAMTA2	VCGCGT	8.40e-3	9.69e-1	8.98e2	412	206	206	206	13	101	49.03	76	36.89
62	data/reference/motifs/JASPAR2026_CORE_plants_non-redundant_pfms_meme.txt	MA1021.2	PHYPADRAFT_48267	CACGTGC	1.03e-2	9.69e-1	8.98e2	339	206	206	206	4	68	33.01	46	22.33
63	data/reference/motifs/JASPAR2026_CORE_plants_non-redundant_pfms_meme.txt	MA2672.1	GLYMA-01G233000	AGAASCTTCT	8.76e-3	9.70e-1	9.00e2	402	206	206	206	2	194	94.17	179	86.89
64	data/reference/motifs/JASPAR2026_CORE_plants_non-redundant_pfms_meme.txt	MA1088.2	WRKY48	GTCAA	8.88e-3	9.74e-1	9.03e2	412	206	206	206	82	121	58.74	96	46.60
65	data/reference/motifs/JASPAR2026_CORE_plants_non-redundant_pfms_meme.txt	MA1799.2	SPL10	GTACGR	8.88e-3	9.74e-1	9.03e2	412	206	206	206	11	110	53.40	85	41.26
66	data/reference/motifs/JASPAR2026_CORE_plants_non-redundant_pfms_meme.txt	MA1283.2	TCP14	ADAGVDBGTGGGDCCCAC	2.49e-1	9.76e-1	9.05e2	13	206	206	206	3	2	0.97	0	0.00
67	data/reference/motifs/JASPAR2026_CORE_plants_non-redundant_pfms_meme.txt	MA1364.2	BHLH72	GCCACGTGG	1.49e-2	9.76e-1	9.05e2	251	206	206	206	2	83	40.29	61	29.61
68	data/reference/motifs/JASPAR2026_CORE_plants_non-redundant_pfms_meme.txt	MA2071.1	PK15505.1	GCACGTGT	4.91e-2	9.78e-1	9.07e2	76	206	206	206	2	45	21.84	31	15.05
69	data/reference/motifs/JASPAR2026_CORE_plants_non-redundant_pfms_meme.txt	MA2060.1	PK05451.1	CCACGTGM	4.91e-2	9.78e-1	9.07e2	76	206	206	206	2	45	21.84	31	15.05
70	data/reference/motifs/JASPAR2026_CORE_plants_non-redundant_pfms_meme.txt	MA1363.1	LRL2	CGTGNKWBGCACGTG	2.88e-2	9.78e-1	9.07e2	133	206	206	206	1	76	36.89	57	27.67
71	data/reference/motifs/JASPAR2026_CORE_plants_non-redundant_pfms_meme.txt	MA1187.2	RVE4	AGATATTTT	9.90e-3	9.79e-1	9.08e2	390	206	206	206	2	174	84.47	154	74.76
72	data/reference/motifs/JASPAR2026_CORE_plants_non-redundant_pfms_meme.txt	MA1055.3	SPL1	TGTACGGA	1.02e-2	9.84e-1	9.12e2	403	206	206	206	11	11	5.34	2	0.97
73	data/reference/motifs/JASPAR2026_CORE_plants_non-redundant_pfms_meme.txt	MA2403.1	DVH24_040989	TTAACC	1.01e-2	9.85e-1	9.13e2	412	206	206	206	77	28	13.59	13	6.31
74	data/reference/motifs/JASPAR2026_CORE_plants_non-redundant_pfms_meme.txt	MA0034.2	Gam1	YAACCGMC	1.02e-2	9.85e-1	9.13e2	412	206	206	206	27	11	5.34	2	0.97
75	data/reference/motifs/JASPAR2026_CORE_plants_non-redundant_pfms_meme.txt	MA1404.1	BPC1	GAGAGAGAGAGAGAGAGAGAGAGA	5.25e-2	9.88e-1	9.16e2	82	206	206	206	14	8	3.88	2	0.97
76	data/reference/motifs/JASPAR2026_CORE_plants_non-redundant_pfms_meme.txt	MA1284.2	TCP1	GTGGGCCCCAC	3.32e-2	9.89e-1	9.17e2	137	206	206	206	3	18	8.74	8	3.88
77	data/reference/motifs/JASPAR2026_CORE_plants_non-redundant_pfms_meme.txt	MA1260.2	ERF013	TGTCGGTGG	2.32e-2	9.90e-1	9.17e2	197	206	206	206	3	16	7.77	6	2.91
78	data/reference/motifs/JASPAR2026_CORE_plants_non-redundant_pfms_meme.txt	MA0569.2	MYC4	CACGTGC	1.24e-2	9.90e-1	9.18e2	371	206	206	206	5	88	42.72	65	31.55
79	data/reference/motifs/JASPAR2026_CORE_plants_non-redundant_pfms_meme.txt	MA0950.1	ATHB-12	AATGATTG	1.14e-2	9.91e-1	9.19e2	412	206	206	206	34	189	91.75	173	83.98
80	data/reference/motifs/JASPAR2026_CORE_plants_non-redundant_pfms_meme.txt	MA1361.2	bHLH18	CRCGTKWWHCACGTG	2.36e-2	9.91e-1	9.19e2	201	206	206	206	2	57	27.67	39	18.93
81	data/reference/motifs/JASPAR2026_CORE_plants_non-redundant_pfms_meme.txt	MA1062.3	TCP15	GTGGGWCCCAC	2.32e-2	9.92e-1	9.19e2	207	206	206	206	6	16	7.77	6	2.91
82	data/reference/motifs/JASPAR2026_CORE_plants_non-redundant_pfms_meme.txt	MA1175.2	MYB81	TAACHGWWT	1.21e-2	9.93e-1	9.21e2	412	206	206	206	8	199	96.60	187	90.78
83	data/reference/motifs/JASPAR2026_CORE_plants_non-redundant_pfms_meme.txt	MA1411.2	TSAR1	GCACGTGC	2.05e-2	9.93e-1	9.21e2	245	206	206	206	6	30	14.56	16	7.77
84	data/reference/motifs/JASPAR2026_CORE_plants_non-redundant_pfms_meme.txt	MA0568.2	MYC3	CACGTG	1.27e-2	9.94e-1	9.22e2	409	206	206	206	10	169	82.04	149	72.33
85	data/reference/motifs/JASPAR2026_CORE_plants_non-redundant_pfms_meme.txt	MA1362.2	bHLH77	DWNGBCACGTGM	2.33e-2	9.95e-1	9.22e2	228	206	206	206	2	66	32.04	47	22.82
86	data/reference/motifs/JASPAR2026_CORE_plants_non-redundant_pfms_meme.txt	MA2445.1	SPL4D	GGTACTACCGCT	1.83e-2	9.95e-1	9.23e2	295	206	206	206	2	100	48.54	78	37.86
87	data/reference/motifs/JASPAR2026_CORE_plants_non-redundant_pfms_meme.txt	MA0562.1	PIF5	TCACGTGS	3.42e-2	9.96e-1	9.23e2	159	206	206	206	1	89	43.20	70	33.98
88	data/reference/motifs/JASPAR2026_CORE_plants_non-redundant_pfms_meme.txt	MA2024.2	MYB63	YCACCTACCAC	1.39e-2	9.96e-1	9.23e2	397	206	206	206	8	35	16.99	19	9.22
89	data/reference/motifs/JASPAR2026_CORE_plants_non-redundant_pfms_meme.txt	MA0988.2	PHYPADRAFT_143875	CACGTG	1.37e-2	9.96e-1	9.24e2	410	206	206	206	28	14	6.80	4	1.94
90	data/reference/motifs/JASPAR2026_CORE_plants_non-redundant_pfms_meme.txt	MA1766.2	MYB17	YYCACCTACCW	1.42e-2	9.97e-1	9.24e2	398	206	206	206	4	129	62.62	106	51.46
91	data/reference/motifs/JASPAR2026_CORE_plants_non-redundant_pfms_meme.txt	MA2655.1	GLYMA-08G218600	AAAAGTCAA	1.40e-2	9.97e-1	9.24e2	412	206	206	206	16	52	25.24	33	16.02
92	data/reference/motifs/JASPAR2026_CORE_plants_non-redundant_pfms_meme.txt	MA2105.1	GLYMA-13G317000	ACACGT	1.51e-2	9.97e-1	9.25e2	396	206	206	206	14	6	2.91	0	0.00
93	data/reference/motifs/JASPAR2026_CORE_plants_non-redundant_pfms_meme.txt	MA2354.1	PK06182.1	TACCTACC	1.49e-2	9.97e-1	9.25e2	400	206	206	206	9	17	8.25	6	2.91
94	data/reference/motifs/JASPAR2026_CORE_plants_non-redundant_pfms_meme.txt	MA1058.2	SPL4	GTACG	1.46e-2	9.98e-1	9.25e2	412	206	206	206	74	104	50.49	81	39.32
95	data/reference/motifs/JASPAR2026_CORE_plants_non-redundant_pfms_meme.txt	MA1024.2	HAT1	YAATCATK	1.47e-2	9.98e-1	9.25e2	412	206	206	206	4	193	93.69	179	86.89
96	data/reference/motifs/JASPAR2026_CORE_plants_non-redundant_pfms_meme.txt	MA2021.2	LBD13	TCCACCGT	1.50e-2	9.98e-1	9.25e2	406	206	206	206	7	118	57.28	95	46.12
97	data/reference/motifs/JASPAR2026_CORE_plants_non-redundant_pfms_meme.txt	MA1063.2	TCP19	GGSCCCAC	1.49e-2	9.98e-1	9.25e2	409	206	206	206	20	17	8.25	6	2.91
98	data/reference/motifs/JASPAR2026_CORE_plants_non-redundant_pfms_meme.txt	MA0121.2	ARR10	AGATHYK	1.48e-2	9.98e-1	9.25e2	412	206	206	206	8	198	96.12	186	90.29
99	data/reference/motifs/JASPAR2026_CORE_plants_non-redundant_pfms_meme.txt	MA2074.1	PK17878.1	CGCCGCCA	3.10e-2	9.98e-1	9.25e2	200	206	206	206	3	30	14.56	17	8.25
100	data/reference/motifs/JASPAR2026_CORE_plants_non-redundant_pfms_meme.txt	MA0110.4	ATHB-5	CAATCATT	1.52e-2	9.98e-1	9.25e2	412	206	206	206	24	186	90.29	170	82.52
101	data/reference/motifs/JASPAR2026_CORE_plants_non-redundant_pfms_meme.txt	MA1333.2	BEH3	YGCACGTGTG	6.48e-2	9.98e-1	9.26e2	96	206	206	206	1	55	26.70	41	19.90
102	data/reference/motifs/JASPAR2026_CORE_plants_non-redundant_pfms_meme.txt	MA0563.2	SEP3	CYWTTTTTGG	1.59e-2	9.99e-1	9.26e2	412	206	206	206	19	73	35.44	52	25.24
103	data/reference/motifs/JASPAR2026_CORE_plants_non-redundant_pfms_meme.txt	MA2069.1	PK10955.1	CTTTW	1.61e-2	9.99e-1	9.26e2	412	206	206	206	56	42	20.39	25	12.14
104	data/reference/motifs/JASPAR2026_CORE_plants_non-redundant_pfms_meme.txt	MA2343.1	MYB3R3	CGCCGTTA	1.62e-2	9.99e-1	9.26e2	411	206	206	206	8	140	67.96	118	57.28
105	data/reference/motifs/JASPAR2026_CORE_plants_non-redundant_pfms_meme.txt	MA1775.2	MYB61	YACCWACC	1.68e-2	9.99e-1	9.26e2	408	206	206	206	6	91	44.17	69	33.50
106	data/reference/motifs/JASPAR2026_CORE_plants_non-redundant_pfms_meme.txt	MA2610.1	ereb97	CGCCGCCGCC	2.49e-1	9.99e-1	9.26e2	24	206	206	206	3	2	0.97	0	0.00
107	data/reference/motifs/JASPAR2026_CORE_plants_non-redundant_pfms_meme.txt	MA1832.2	Zm00001d002364	CGCCGCCGCC	2.49e-1	9.99e-1	9.26e2	24	206	206	206	3	2	0.97	0	0.00
108	data/reference/motifs/JASPAR2026_CORE_plants_non-redundant_pfms_meme.txt	MA1818.1	Zm00001d052229	CGCCGCCGCC	2.49e-1	9.99e-1	9.26e2	24	206	206	206	3	2	0.97	0	0.00
109	data/reference/motifs/JASPAR2026_CORE_plants_non-redundant_pfms_meme.txt	MA2741.1	SlWRKY7	AAAAAGTCAACC	1.85e-2	9.99e-1	9.26e2	376	206	206	206	8	8	3.88	1	0.49
110	data/reference/motifs/JASPAR2026_CORE_plants_non-redundant_pfms_meme.txt	MA2726.1	SlWRKY41	GTTGACTT	1.69e-2	9.99e-1	9.26e2	412	206	206	206	11	49	23.79	31	15.05
111	data/reference/motifs/JASPAR2026_CORE_plants_non-redundant_pfms_meme.txt	MA2375.1	BMY2	SRCACGTGTGR	5.51e-2	9.99e-1	9.26e2	128	206	206	206	1	72	34.95	56	27.18
112	data/reference/motifs/JASPAR2026_CORE_plants_non-redundant_pfms_meme.txt	MA0965.3	BIM2	CACGTG	1.89e-2	9.99e-1	9.26e2	378	206	206	206	6	122	59.22	100	48.54
113	data/reference/motifs/JASPAR2026_CORE_plants_non-redundant_pfms_meme.txt	MA2052.2	ZAT6	AATGATTG	1.86e-2	1.00e0	9.27e2	412	206	206	206	21	191	92.72	177	85.92
114	data/reference/motifs/JASPAR2026_CORE_plants_non-redundant_pfms_meme.txt	MA1738.1	ATMYB31	YAMCTMCCAACHAMH	1.92e-2	1.00e0	9.27e2	399	206	206	206	8	45	21.84	28	13.59
115	data/reference/motifs/JASPAR2026_CORE_plants_non-redundant_pfms_meme.txt	MA2371.1	MYB31	YAMCTMCCAACHAMH	1.92e-2	1.00e0	9.27e2	399	206	206	206	8	45	21.84	28	13.59
116	data/reference/motifs/JASPAR2026_CORE_plants_non-redundant_pfms_meme.txt	MA2724.1	SlTCP18	GTGGGVCCCAC	2.88e-2	1.00e0	9.27e2	268	206	206	206	7	14	6.80	5	2.43
117	data/reference/motifs/JASPAR2026_CORE_plants_non-redundant_pfms_meme.txt	MA1282.2	TCP13	GTGGGGACCAC	6.49e-2	1.00e0	9.27e2	121	206	206	206	1	68	33.01	53	25.73
118	data/reference/motifs/JASPAR2026_CORE_plants_non-redundant_pfms_meme.txt	MA0944.2	ARF8	TGTCGG	1.93e-2	1.00e0	9.27e2	412	206	206	206	43	34	16.50	19	9.22
119	data/reference/motifs/JASPAR2026_CORE_plants_non-redundant_pfms_meme.txt	MA2729.1	vahox1	AAATAATTG	1.95e-2	1.00e0	9.27e2	411	206	206	206	11	165	80.10	146	70.87
120	data/reference/motifs/JASPAR2026_CORE_plants_non-redundant_pfms_meme.txt	MA2759.1	ereb7	GCGGCGGCGGCGG	7.51e-1	1.00e0	9.27e2	6	206	206	206	2	1	0.49	1	0.49
121	data/reference/motifs/JASPAR2026_CORE_plants_non-redundant_pfms_meme.txt	MA1352.1	TRP1	ACCCTAAACCCTAAACCCTAA	8.14e-1	1.00e0	9.27e2	5	206	206	206	1	2	0.97	3	1.46
122	data/reference/motifs/JASPAR2026_CORE_plants_non-redundant_pfms_meme.txt	MA1086.2	WRKY43	RGTCAA	2.07e-2	1.00e0	9.27e2	412	206	206	206	81	22	10.68	10	4.85
123	data/reference/motifs/JASPAR2026_CORE_plants_non-redundant_pfms_meme.txt	MA1430.2	TB1	GGSCCCCCC	4.85e-2	1.00e0	9.27e2	176	206	206	206	3	17	8.25	8	3.88
124	data/reference/motifs/JASPAR2026_CORE_plants_non-redundant_pfms_meme.txt	MA2028.2	MYB49	TTACCTAACTW	2.09e-2	1.00e0	9.27e2	409	206	206	206	8	88	42.72	67	32.52
125	data/reference/motifs/JASPAR2026_CORE_plants_non-redundant_pfms_meme.txt	MA1786.2	NAC019	YACGBMA	2.11e-2	1.00e0	9.27e2	412	206	206	206	31	54	26.21	36	17.48
126	data/reference/motifs/JASPAR2026_CORE_plants_non-redundant_pfms_meme.txt	MA1667.3	HSFC1	TTCYAGAA	2.14e-2	1.00e0	9.27e2	407	206	206	206	5	162	78.64	143	69.42
127	data/reference/motifs/JASPAR2026_CORE_plants_non-redundant_pfms_meme.txt	MA1027.2	KAN1	WTATTC	2.13e-2	1.00e0	9.27e2	412	206	206	206	111	176	85.44	159	77.18
128	data/reference/motifs/JASPAR2026_CORE_plants_non-redundant_pfms_meme.txt	MA0962.2	bHLH34	GCACGTG	2.75e-2	1.00e0	9.27e2	323	206	206	206	1	170	82.52	153	74.27
129	data/reference/motifs/JASPAR2026_CORE_plants_non-redundant_pfms_meme.txt	MA1756.2	GRF9	TGTCAGA	2.24e-2	1.00e0	9.27e2	400	206	206	206	8	19	9.22	8	3.88
130	data/reference/motifs/JASPAR2026_CORE_plants_non-redundant_pfms_meme.txt	MA2453.1	SPL8B	ATAGTACTC	2.25e-2	1.00e0	9.27e2	400	206	206	206	4	132	64.08	111	53.88
131	data/reference/motifs/JASPAR2026_CORE_plants_non-redundant_pfms_meme.txt	MA2611.1	ereb209	GCGCCGC	5.00e-1	1.00e0	9.27e2	13	206	206	206	1	7	3.40	6	2.91
132	data/reference/motifs/JASPAR2026_CORE_plants_non-redundant_pfms_meme.txt	MA1402.1	BPC6	CTCTCTCTCTCTCTCTCTCTC	1.08e-1	1.00e0	9.27e2	80	206	206	206	14	5	2.43	1	0.49
133	data/reference/motifs/JASPAR2026_CORE_plants_non-redundant_pfms_meme.txt	MA0946.1	ARR11	AAGATACG	2.22e-2	1.00e0	9.27e2	411	206	206	206	12	13	6.31	4	1.94
134	data/reference/motifs/JASPAR2026_CORE_plants_non-redundant_pfms_meme.txt	MA0967.1	BZIP60	TGACGTCA	2.22e-2	1.00e0	9.27e2	412	206	206	206	28	13	6.31	4	1.94
135	data/reference/motifs/JASPAR2026_CORE_plants_non-redundant_pfms_meme.txt	MA2475.1	HOX6	TGATTG	2.24e-2	1.00e0	9.27e2	412	206	206	206	38	198	96.12	187	90.78
136	data/reference/motifs/JASPAR2026_CORE_plants_non-redundant_pfms_meme.txt	MA1313.2	WRKY7	CGTTGACTTTT	4.20e-2	1.00e0	9.27e2	220	206	206	206	3	16	7.77	7	3.40
137	data/reference/motifs/JASPAR2026_CORE_plants_non-redundant_pfms_meme.txt	MA1805.2	WRKY53	RGTCAAC	2.25e-2	1.00e0	9.27e2	412	206	206	206	11	189	91.75	175	84.95
138	data/reference/motifs/JASPAR2026_CORE_plants_non-redundant_pfms_meme.txt	MA2616.1	ereb17	CGCCGCCGCCGCCS	7.00e-2	1.00e0	9.27e2	133	206	206	206	1	74	35.92	59	28.64
139	data/reference/motifs/JASPAR2026_CORE_plants_non-redundant_pfms_meme.txt	MA1795.2	RAP2-4	CRCCGACC	2.27e-2	1.00e0	9.27e2	411	206	206	206	18	96	46.60	75	36.41
140	data/reference/motifs/JASPAR2026_CORE_plants_non-redundant_pfms_meme.txt	MA0968.3	BZIP68	TGCCACGTSA	3.59e-2	1.00e0	9.27e2	261	206	206	206	3	32	15.53	19	9.22
141	data/reference/motifs/JASPAR2026_CORE_plants_non-redundant_pfms_meme.txt	MA0941.2	ABF2	ACACGTG	2.35e-2	1.00e0	9.27e2	411	206	206	206	14	101	49.03	80	38.83
142	data/reference/motifs/JASPAR2026_CORE_plants_non-redundant_pfms_meme.txt	MA1181.2	MYB113	AKTYMGTTAT	2.36e-2	1.00e0	9.27e2	411	206	206	206	10	79	38.35	59	28.64
143	data/reference/motifs/JASPAR2026_CORE_plants_non-redundant_pfms_meme.txt	MA2376.1	CAMTA5	CGYGTNDDAWVCGYGT	2.98e-2	1.00e0	9.27e2	337	206	206	206	4	65	31.55	47	22.82
144	data/reference/motifs/JASPAR2026_CORE_plants_non-redundant_pfms_meme.txt	MA1266.2	RAP2-11	YCDYCGCCGGC	4.73e-2	1.00e0	9.27e2	213	206	206	206	2	63	30.58	47	22.82
145	data/reference/motifs/JASPAR2026_CORE_plants_non-redundant_pfms_meme.txt	MA0021.1	Dof3	AAAGYV	2.45e-2	1.00e0	9.27e2	412	206	206	206	15	50	24.27	33	16.02
146	data/reference/motifs/JASPAR2026_CORE_plants_non-redundant_pfms_meme.txt	MA1054.2	ARALYDRAFT_897773	KGGGACCAC	2.61e-2	1.00e0	9.27e2	388	206	206	206	8	28	13.59	15	7.28
147	data/reference/motifs/JASPAR2026_CORE_plants_non-redundant_pfms_meme.txt	MA1066.1	TCP23	GGGCCCAC	2.99e-2	1.00e0	9.27e2	339	206	206	206	6	25	12.14	13	6.31
148	data/reference/motifs/JASPAR2026_CORE_plants_non-redundant_pfms_meme.txt	MA1256.2	RAP2-12	DRYGGCGGCGG	6.26e-2	1.00e0	9.27e2	163	206	206	206	2	44	21.36	31	15.05
149	data/reference/motifs/JASPAR2026_CORE_plants_non-redundant_pfms_meme.txt	MA2615.1	ereb109	CGCCGCC	2.49e-1	1.00e0	9.27e2	36	206	206	206	3	2	0.97	0	0.00
150	data/reference/motifs/JASPAR2026_CORE_plants_non-redundant_pfms_meme.txt	MA2483.1	PK20543.1	TTAACC	2.51e-2	1.00e0	9.27e2	412	206	206	206	74	69	33.50	50	24.27
151	data/reference/motifs/JASPAR2026_CORE_plants_non-redundant_pfms_meme.txt	MA1403.1	BPC5	AGAGAGAGAGAGAGAGAGAGAGAGAGAGAG	3.40e-1	1.00e0	9.27e2	25	206	206	206	1	14	6.80	11	5.34
152	data/reference/motifs/JASPAR2026_CORE_plants_non-redundant_pfms_meme.txt	MA2731.1	sep3	WTTTCCAAAAAGGGAAAAAAW	1.01e-1	1.00e0	9.27e2	98	206	206	206	1	55	26.70	43	20.87
153	data/reference/motifs/JASPAR2026_CORE_plants_non-redundant_pfms_meme.txt	MA2360.1	PK28565.1	TAACBGTC	2.58e-2	1.00e0	9.27e2	412	206	206	206	10	85	41.26	65	31.55
154	data/reference/motifs/JASPAR2026_CORE_plants_non-redundant_pfms_meme.txt	MA2736.1	la3	AACACGTG	2.69e-2	1.00e0	9.27e2	399	206	206	206	2	194	94.17	182	88.35
155	data/reference/motifs/JASPAR2026_CORE_plants_non-redundant_pfms_meme.txt	MA1178.3	MYB3R1	TAACGGTC	2.65e-2	1.00e0	9.27e2	406	206	206	206	10	33	16.02	19	9.22
156	data/reference/motifs/JASPAR2026_CORE_plants_non-redundant_pfms_meme.txt	MA2657.1	GLYMA-14G028900	AAAAGTCAAA	2.64e-2	1.00e0	9.27e2	410	206	206	206	8	87	42.23	67	32.52
157	data/reference/motifs/JASPAR2026_CORE_plants_non-redundant_pfms_meme.txt	MA2653.1	GLYMA-03G042700	GTTTGACTTT	2.66e-2	1.00e0	9.27e2	411	206	206	206	15	11	5.34	3	1.46
158	data/reference/motifs/JASPAR2026_CORE_plants_non-redundant_pfms_meme.txt	MA2078.1	PK19363.1	CGCCGCCR	2.94e-2	1.00e0	9.27e2	373	206	206	206	8	47	22.82	31	15.05
159	data/reference/motifs/JASPAR2026_CORE_plants_non-redundant_pfms_meme.txt	MA1689.2	ARF18	CCGACAAA	2.66e-2	1.00e0	9.27e2	412	206	206	206	16	11	5.34	3	1.46
160	data/reference/motifs/JASPAR2026_CORE_plants_non-redundant_pfms_meme.txt	MA0564.2	ABI3	GCATGC	2.69e-2	1.00e0	9.27e2	410	206	206	206	23	24	11.65	12	5.83
161	data/reference/motifs/JASPAR2026_CORE_plants_non-redundant_pfms_meme.txt	MA2742.1	SlWRKY11	GTTGACTTTT	3.54e-2	1.00e0	9.27e2	314	206	206	206	5	15	7.28	6	2.91
162	data/reference/motifs/JASPAR2026_CORE_plants_non-redundant_pfms_meme.txt	MA1176.2	MYB119	RWCCGTTACA	2.99e-2	1.00e0	9.27e2	374	206	206	206	1	193	93.69	181	87.86
163	data/reference/motifs/JASPAR2026_CORE_plants_non-redundant_pfms_meme.txt	MA1222.1	ERF014	CCDCCDCCACCGMCA	6.23e-2	1.00e0	9.27e2	180	206	206	206	3	24	11.65	14	6.80
164	data/reference/motifs/JASPAR2026_CORE_plants_non-redundant_pfms_meme.txt	MA0576.2	RAX3	GGGGGTAGGTGS	1.26e-1	1.00e0	9.27e2	84	206	206	206	2	13	6.31	7	3.40
165	data/reference/motifs/JASPAR2026_CORE_plants_non-redundant_pfms_meme.txt	MA1182.2	RVE8	AGATATTTT	3.01e-2	1.00e0	9.27e2	375	206	206	206	3	121	58.74	101	49.03
166	data/reference/motifs/JASPAR2026_CORE_plants_non-redundant_pfms_meme.txt	MA2748.1	TraesCS6B02G321100	CAATTATTG	2.76e-2	1.00e0	9.27e2	410	206	206	206	9	135	65.53	115	55.83
167	data/reference/motifs/JASPAR2026_CORE_plants_non-redundant_pfms_meme.txt	MA1760.1	HSFA6A	GAAGNTTCTAGAA	1.48e-1	1.00e0	9.27e2	71	206	206	206	1	40	19.42	31	15.05
168	data/reference/motifs/JASPAR2026_CORE_plants_non-redundant_pfms_meme.txt	MA1812.2	ASR1	AGGCCCAAT	3.30e-2	1.00e0	9.27e2	349	206	206	206	6	26	12.62	14	6.80
169	data/reference/motifs/JASPAR2026_CORE_plants_non-redundant_pfms_meme.txt	MA1098.1	ARALYDRAFT_484486	GGSCCCAC	4.36e-2	1.00e0	9.27e2	276	206	206	206	5	10	4.85	3	1.46
170	data/reference/motifs/JASPAR2026_CORE_plants_non-redundant_pfms_meme.txt	MA1095.1	ARALYDRAFT_495258	GGSCCCAC	4.36e-2	1.00e0	9.27e2	276	206	206	206	5	10	4.85	3	1.46
171	data/reference/motifs/JASPAR2026_CORE_plants_non-redundant_pfms_meme.txt	MA1246.2	LEP	CKCCGCCGYC	5.25e-2	1.00e0	9.27e2	230	206	206	206	3	47	22.82	33	16.02
172	data/reference/motifs/JASPAR2026_CORE_plants_non-redundant_pfms_meme.txt	MA2040.2	ENAP2	CTCCGGCGA	4.85e-2	1.00e0	9.27e2	249	206	206	206	6	17	8.25	8	3.88
173	data/reference/motifs/JASPAR2026_CORE_plants_non-redundant_pfms_meme.txt	MA2471.1	SPCH	CACGTG	3.05e-2	1.00e0	9.27e2	399	206	206	206	26	5	2.43	0	0.00
174	data/reference/motifs/JASPAR2026_CORE_plants_non-redundant_pfms_meme.txt	MA1748.2	DREB1F	GCCGAC	3.05e-2	1.00e0	9.27e2	404	206	206	206	13	35	16.99	21	10.19
175	data/reference/motifs/JASPAR2026_CORE_plants_non-redundant_pfms_meme.txt	MA2342.1	URI	CACGTG	3.05e-2	1.00e0	9.27e2	406	206	206	206	32	5	2.43	0	0.00
176	data/reference/motifs/JASPAR2026_CORE_plants_non-redundant_pfms_meme.txt	MA2744.1	SlWRKY40	AAAGTCAA	3.02e-2	1.00e0	9.27e2	412	206	206	206	13	106	51.46	86	41.75
177	data/reference/motifs/JASPAR2026_CORE_plants_non-redundant_pfms_meme.txt	MA2738.1	Cnr	TCCGTACAAA	3.05e-2	1.00e0	9.27e2	411	206	206	206	16	5	2.43	0	0.00
178	data/reference/motifs/JASPAR2026_CORE_plants_non-redundant_pfms_meme.txt	MA1779.2	MYB83	CACCAACM	3.05e-2	1.00e0	9.27e2	412	206	206	206	33	5	2.43	0	0.00
179	data/reference/motifs/JASPAR2026_CORE_plants_non-redundant_pfms_meme.txt	MA1241.2	ERF043	CCACCGACA	1.14e-1	1.00e0	9.27e2	111	206	206	206	2	12	5.83	6	2.91
180	data/reference/motifs/JASPAR2026_CORE_plants_non-redundant_pfms_meme.txt	MA1011.2	PHYPADRAFT_72483	CACGTG	3.06e-2	1.00e0	9.27e2	412	206	206	206	52	48	23.30	32	15.53
181	data/reference/motifs/JASPAR2026_CORE_plants_non-redundant_pfms_meme.txt	MA1270.2	DOF3.2	TWACTTTTTNNYTTTT	3.06e-2	1.00e0	9.27e2	412	206	206	206	14	48	23.30	32	15.53
182	data/reference/motifs/JASPAR2026_CORE_plants_non-redundant_pfms_meme.txt	MA0054.1	myb.Ph3	TAACBGTTW	3.10e-2	1.00e0	9.27e2	412	206	206	206	19	204	99.03	197	95.63
183	data/reference/motifs/JASPAR2026_CORE_plants_non-redundant_pfms_meme.txt	MA1008.2	PHYPADRAFT_182268	GTCGGTG	1.08e-1	1.00e0	9.27e2	120	206	206	206	2	16	7.77	9	4.37
184	data/reference/motifs/JASPAR2026_CORE_plants_non-redundant_pfms_meme.txt	MA2386.1	estExt_gwp_gw1.C_550163	CACCGAC	1.08e-1	1.00e0	9.27e2	120	206	206	206	2	16	7.77	9	4.37
185	data/reference/motifs/JASPAR2026_CORE_plants_non-redundant_pfms_meme.txt	MA1785.2	NAC018	ACACGYAACY	3.32e-2	1.00e0	9.27e2	394	206	206	206	9	18	8.74	8	3.88
186	data/reference/motifs/JASPAR2026_CORE_plants_non-redundant_pfms_meme.txt	MA0580.1	DYT1	MGTGAGWCACGTGA	1.40e-1	1.00e0	9.27e2	88	206	206	206	1	49	23.79	39	18.93
187	data/reference/motifs/JASPAR2026_CORE_plants_non-redundant_pfms_meme.txt	MA1410.2	StBRC1	GGGSCCM	3.38e-2	1.00e0	9.27e2	401	206	206	206	34	7	3.40	1	0.49
188	data/reference/motifs/JASPAR2026_CORE_plants_non-redundant_pfms_meme.txt	MA1356.1	TRP2	AACCCTAAACCCTAAACCCTA	5.00e-1	1.00e0	9.27e2	20	206	206	206	2	1	0.49	0	0.00
189	data/reference/motifs/JASPAR2026_CORE_plants_non-redundant_pfms_meme.txt	MA2661.1	GLYMA-03G081700	CTACGTGGCA	3.44e-2	1.00e0	9.27e2	403	206	206	206	4	152	73.79	134	65.05
190	data/reference/motifs/JASPAR2026_CORE_plants_non-redundant_pfms_meme.txt	MA1749.1	E2FC	AWDWWGGCGCCAAAA	2.49e-1	1.00e0	9.27e2	49	206	206	206	2	2	0.97	0	0.00
191	data/reference/motifs/JASPAR2026_CORE_plants_non-redundant_pfms_meme.txt	MA1706.2	AT1G14600	WAYATTCT	3.44e-2	1.00e0	9.27e2	412	206	206	206	78	37	17.96	23	11.17
192	data/reference/motifs/JASPAR2026_CORE_plants_non-redundant_pfms_meme.txt	MA1268.2	CDF5	TTYACTTTTTYTTTTTTTTTT	3.44e-2	1.00e0	9.27e2	412	206	206	206	5	183	88.83	169	82.04
193	data/reference/motifs/JASPAR2026_CORE_plants_non-redundant_pfms_meme.txt	MA1777.2	MYB74	YYYACCTAMCW	3.65e-2	1.00e0	9.27e2	390	206	206	206	4	98	47.57	79	38.35
194	data/reference/motifs/JASPAR2026_CORE_plants_non-redundant_pfms_meme.txt	MA2366.1	VOZ2	GCGT	3.54e-2	1.00e0	9.27e2	412	206	206	206	81	15	7.28	6	2.91
195	data/reference/motifs/JASPAR2026_CORE_plants_non-redundant_pfms_meme.txt	MA2392.1	GRMZM2G135447	TGACRKS	3.59e-2	1.00e0	9.27e2	412	206	206	206	19	32	15.53	19	9.22
196	data/reference/motifs/JASPAR2026_CORE_plants_non-redundant_pfms_meme.txt	MA1219.3	ERF011	CACCGAC	3.82e-2	1.00e0	9.27e2	387	206	206	206	9	19	9.22	9	4.37
197	data/reference/motifs/JASPAR2026_CORE_plants_non-redundant_pfms_meme.txt	MA1169.1	MYB105	WTHDWWACCGTTA	4.54e-2	1.00e0	9.27e2	326	206	206	206	4	36	17.48	23	11.17
198	data/reference/motifs/JASPAR2026_CORE_plants_non-redundant_pfms_meme.txt	MA1071.2	DOF5.3	AAMG	3.62e-2	1.00e0	9.27e2	412	206	206	206	270	149	72.33	131	63.59
199	data/reference/motifs/JASPAR2026_CORE_plants_non-redundant_pfms_meme.txt	MA1248.2	ERF012	CCACCGMC	5.25e-2	1.00e0	9.27e2	285	206	206	206	7	8	3.88	2	0.97
200	data/reference/motifs/JASPAR2026_CORE_plants_non-redundant_pfms_meme.txt	MA2088.1	PK24580.1	GCCGGCA	1.37e-1	1.00e0	9.27e2	110	206	206	206	3	14	6.80	8	3.88
201	data/reference/motifs/JASPAR2026_CORE_plants_non-redundant_pfms_meme.txt	MA1263.2	ERF055	KGKCGGTGG	6.10e-2	1.00e0	9.27e2	247	206	206	206	2	64	31.07	49	23.79
202	data/reference/motifs/JASPAR2026_CORE_plants_non-redundant_pfms_meme.txt	MA0970.2	CAMTA3	CCGCGT	3.71e-2	1.00e0	9.27e2	407	206	206	206	7	124	60.19	105	50.97
203	data/reference/motifs/JASPAR2026_CORE_plants_non-redundant_pfms_meme.txt	MA2353.1	PK02532.1	WAATATCT	3.82e-2	1.00e0	9.27e2	401	206	206	206	6	39	18.93	25	12.14
204	data/reference/motifs/JASPAR2026_CORE_plants_non-redundant_pfms_meme.txt	MA1230.2	ERF037	YCACCGACA	9.37e-2	1.00e0	9.27e2	164	206	206	206	2	25	12.14	16	7.77
205	data/reference/motifs/JASPAR2026_CORE_plants_non-redundant_pfms_meme.txt	MA2669.1	GLYMA-04G231400	CAATAATTGATT	3.82e-2	1.00e0	9.27e2	402	206	206	206	9	19	9.22	9	4.37
206	data/reference/motifs/JASPAR2026_CORE_plants_non-redundant_pfms_meme.txt	MA1816.2	O11	CACGTG	4.61e-2	1.00e0	9.27e2	338	206	206	206	4	122	59.22	104	50.49
207	data/reference/motifs/JASPAR2026_CORE_plants_non-redundant_pfms_meme.txt	MA2059.1	PK05432.1	RGTCAA	3.79e-2	1.00e0	9.27e2	412	206	206	206	43	146	70.87	128	62.14
208	data/reference/motifs/JASPAR2026_CORE_plants_non-redundant_pfms_meme.txt	MA1287.2	TCP21	GTGGGMCCCAC	7.52e-2	1.00e0	9.27e2	208	206	206	206	3	27	13.11	17	8.25
209	data/reference/motifs/JASPAR2026_CORE_plants_non-redundant_pfms_meme.txt	MA0960.1	BHLH104	GGCACGTGCC	2.40e-1	1.00e0	9.27e2	58	206	206	206	2	32	15.53	26	12.62
210	data/reference/motifs/JASPAR2026_CORE_plants_non-redundant_pfms_meme.txt	MA1197.2	CAMTA1	AARCGCGTG	8.01e-2	1.00e0	9.27e2	199	206	206	206	2	54	26.21	41	19.90
211	data/reference/motifs/JASPAR2026_CORE_plants_non-redundant_pfms_meme.txt	MA2399.1	LjSGA_053525.1	GGGCCCAC	5.74e-2	1.00e0	9.27e2	279	206	206	206	3	50	24.27	36	17.48
212	data/reference/motifs/JASPAR2026_CORE_plants_non-redundant_pfms_meme.txt	MA0954.3	ATHB-7	TCAATGATTGR	3.99e-2	1.00e0	9.27e2	402	206	206	206	4	142	68.93	124	60.19
213	data/reference/motifs/JASPAR2026_CORE_plants_non-redundant_pfms_meme.txt	MA2667.1	GLYMA-13G236500	ACGACGGCGGAG	6.63e-2	1.00e0	9.27e2	244	206	206	206	1	130	63.11	114	55.34
214	data/reference/motifs/JASPAR2026_CORE_plants_non-redundant_pfms_meme.txt	MA1261.2	ERF122	TRCGGCKGHG	4.58e-2	1.00e0	9.27e2	360	206	206	206	2	148	71.84	131	63.59
215	data/reference/motifs/JASPAR2026_CORE_plants_non-redundant_pfms_meme.txt	MA2756.1	dfo23	TACCTTTTTCT	4.12e-2	1.00e0	9.27e2	412	206	206	206	15	139	67.48	121	58.74
216	data/reference/motifs/JASPAR2026_CORE_plants_non-redundant_pfms_meme.txt	MA1397.2	AT1G74840	WWTGGATAA	4.20e-2	1.00e0	9.27e2	411	206	206	206	12	16	7.77	7	3.40
217	data/reference/motifs/JASPAR2026_CORE_plants_non-redundant_pfms_meme.txt	MA2428.1	SPL13B	GCGGTASTACCGC	2.25e-1	1.00e0	9.27e2	68	206	206	206	3	5	2.43	2	0.97
218	data/reference/motifs/JASPAR2026_CORE_plants_non-redundant_pfms_meme.txt	MA1425.2	HYH	TSACGTG	4.81e-2	1.00e0	9.27e2	362	206	206	206	1	187	90.78	175	84.95
219	data/reference/motifs/JASPAR2026_CORE_plants_non-redundant_pfms_meme.txt	MA1666.3	HSFB2B	RGAAGSTTCTA	4.67e-2	1.00e0	9.27e2	374	206	206	206	2	169	82.04	154	74.76
220	data/reference/motifs/JASPAR2026_CORE_plants_non-redundant_pfms_meme.txt	MA2016.2	GRF6	TCTGACA	6.16e-2	1.00e0	9.27e2	284	206	206	206	6	4	1.94	0	0.00
221	data/reference/motifs/JASPAR2026_CORE_plants_non-redundant_pfms_meme.txt	MA0966.2	BIM3	CACGTG	4.25e-2	1.00e0	9.27e2	412	206	206	206	36	49	23.79	34	16.50
222	data/reference/motifs/JASPAR2026_CORE_plants_non-redundant_pfms_meme.txt	MA2359.1	PK23829.1	TTATCCR	4.32e-2	1.00e0	9.27e2	408	206	206	206	2	196	95.15	186	90.29
223	data/reference/motifs/JASPAR2026_CORE_plants_non-redundant_pfms_meme.txt	MA1036.1	MYB111	GKTAGGTR	4.33e-2	1.00e0	9.27e2	411	206	206	206	8	163	79.13	147	71.36
224	data/reference/motifs/JASPAR2026_CORE_plants_non-redundant_pfms_meme.txt	MA2746.1	HB-HD-ZIP-2A-2	WTGCAATCATT	4.36e-2	1.00e0	9.27e2	412	206	206	206	16	10	4.85	3	1.46
225	data/reference/motifs/JASPAR2026_CORE_plants_non-redundant_pfms_meme.txt	MA2379.1	DOF3.1	CKTT	4.36e-2	1.00e0	9.27e2	412	206	206	206	191	203	98.54	196	95.15
226	data/reference/motifs/JASPAR2026_CORE_plants_non-redundant_pfms_meme.txt	MA1041.1	MYB55	ACCTACCG	4.40e-2	1.00e0	9.27e2	411	206	206	206	8	50	24.27	35	16.99
227	data/reference/motifs/JASPAR2026_CORE_plants_non-redundant_pfms_meme.txt	MA0552.2	PIF1	CACGTG	6.09e-2	1.00e0	9.27e2	297	206	206	206	6	6	2.91	1	0.49
228	data/reference/motifs/JASPAR2026_CORE_plants_non-redundant_pfms_meme.txt	MA2413.1	ZmbZIP96	GASACGTGKCA	6.16e-2	1.00e0	9.27e2	294	206	206	206	8	4	1.94	0	0.00
229	data/reference/motifs/JASPAR2026_CORE_plants_non-redundant_pfms_meme.txt	MA1262.2	ERF2	CCDCCGCCGCCRY	9.88e-2	1.00e0	9.27e2	184	206	206	206	1	99	48.06	85	41.26
230	data/reference/motifs/JASPAR2026_CORE_plants_non-redundant_pfms_meme.txt	MA2739.1	SlTCP12	GTGGGACCCAC	7.01e-2	1.00e0	9.27e2	261	206	206	206	4	48	23.30	35	16.99
231	data/reference/motifs/JASPAR2026_CORE_plants_non-redundant_pfms_meme.txt	MA1232.2	ERF054	GDCGGYGG	5.43e-2	1.00e0	9.27e2	338	206	206	206	4	71	34.47	55	26.70
232	data/reference/motifs/JASPAR2026_CORE_plants_non-redundant_pfms_meme.txt	MA1288.2	TCP22	GTGGGHCCCAC	1.10e-1	1.00e0	9.27e2	168	206	206	206	4	8	3.88	3	1.46
233	data/reference/motifs/JASPAR2026_CORE_plants_non-redundant_pfms_meme.txt	MA2473.1	HB88	TTGATTG	4.49e-2	1.00e0	9.27e2	412	206	206	206	39	96	46.60	78	37.86
234	data/reference/motifs/JASPAR2026_CORE_plants_non-redundant_pfms_meme.txt	MA2378.1	CRF3	GCCG	4.49e-2	1.00e0	9.27e2	412	206	206	206	51	96	46.60	78	37.86
235	data/reference/motifs/JASPAR2026_CORE_plants_non-redundant_pfms_meme.txt	MA2065.1	PK08602.1	CCACCGCC	3.23e-1	1.00e0	9.27e2	48	206	206	206	1	26	12.62	22	10.68
236	data/reference/motifs/JASPAR2026_CORE_plants_non-redundant_pfms_meme.txt	MA1804.2	WIN1	CRCCGC	4.54e-2	1.00e0	9.27e2	412	206	206	206	40	36	17.48	23	11.17
237	data/reference/motifs/JASPAR2026_CORE_plants_non-redundant_pfms_meme.txt	MA2361.1	PRUPE_ppa000682mg	GTACGG	4.57e-2	1.00e0	9.27e2	412	206	206	206	62	25	12.14	14	6.80
238	data/reference/motifs/JASPAR2026_CORE_plants_non-redundant_pfms_meme.txt	MA0549.2	BZR2	RCACGTGKSV	9.94e-2	1.00e0	9.27e2	190	206	206	206	1	102	49.51	88	42.72
239	data/reference/motifs/JASPAR2026_CORE_plants_non-redundant_pfms_meme.txt	MA2500.1	LSH3	TTACTGTTCAT	4.63e-2	1.00e0	9.27e2	411	206	206	206	10	62	30.10	46	22.33
240	data/reference/motifs/JASPAR2026_CORE_plants_non-redundant_pfms_meme.txt	MA1179.2	MYB1	ACSGTTA	4.91e-2	1.00e0	9.27e2	389	206	206	206	6	45	21.84	31	15.05
241	data/reference/motifs/JASPAR2026_CORE_plants_non-redundant_pfms_meme.txt	MA1017.2	GATA8	GATCY	4.65e-2	1.00e0	9.27e2	412	206	206	206	66	119	57.77	101	49.03
242	data/reference/motifs/JASPAR2026_CORE_plants_non-redundant_pfms_meme.txt	MA1025.2	HBI1	GCACGTG	5.04e-2	1.00e0	9.27e2	383	206	206	206	5	83	40.29	66	32.04
243	data/reference/motifs/JASPAR2026_CORE_plants_non-redundant_pfms_meme.txt	MA0972.1	CCA1	AAATATCT	4.68e-2	1.00e0	9.27e2	412	206	206	206	10	109	52.91	91	44.17
244	data/reference/motifs/JASPAR2026_CORE_plants_non-redundant_pfms_meme.txt	MA1370.2	IDD5	TTTTGTCGTTTWST	6.23e-2	1.00e0	9.27e2	310	206	206	206	4	24	11.65	14	6.80
245	data/reference/motifs/JASPAR2026_CORE_plants_non-redundant_pfms_meme.txt	MA1665.3	HSFB2A	RGAAGSTTCY	5.31e-2	1.00e0	9.27e2	369	206	206	206	1	190	92.23	179	86.89
246	data/reference/motifs/JASPAR2026_CORE_plants_non-redundant_pfms_meme.txt	MA1371.2	IDD4	ASAAAAMGACAAAAA	6.16e-2	1.00e0	9.27e2	319	206	206	206	6	4	1.94	0	0.00
247	data/reference/motifs/JASPAR2026_CORE_plants_non-redundant_pfms_meme.txt	MA1736.2	AT5G04390	TCACT	4.81e-2	1.00e0	9.27e2	412	206	206	206	23	31	15.05	19	9.22
248	data/reference/motifs/JASPAR2026_CORE_plants_non-redundant_pfms_meme.txt	MA1672.2	GBF2	SACGTGGCA	4.85e-2	1.00e0	9.27e2	410	206	206	206	15	17	8.25	8	3.88
249	data/reference/motifs/JASPAR2026_CORE_plants_non-redundant_pfms_meme.txt	MA2749.1	TraesCS2D02G576500	GAAGCAAC	4.85e-2	1.00e0	9.27e2	412	206	206	206	4	198	96.12	189	91.75
250	data/reference/motifs/JASPAR2026_CORE_plants_non-redundant_pfms_meme.txt	MA2431.1	SPL15A	AGCGGTASTACCGC	1.46e-1	1.00e0	9.27e2	138	206	206	206	3	10	4.85	5	2.43
251	data/reference/motifs/JASPAR2026_CORE_plants_non-redundant_pfms_meme.txt	MA2011.2	ERF010	CACCGACA	5.26e-2	1.00e0	9.27e2	384	206	206	206	3	135	65.53	118	57.28
252	data/reference/motifs/JASPAR2026_CORE_plants_non-redundant_pfms_meme.txt	MA1416.1	RAMOSA1	GAGAGAGAGAGAGA	1.08e-1	1.00e0	9.27e2	191	206	206	206	18	5	2.43	1	0.49
253	data/reference/motifs/JASPAR2026_CORE_plants_non-redundant_pfms_meme.txt	MA1171.2	MYB52	ACCGTTA	7.20e-2	1.00e0	9.27e2	286	206	206	206	3	40	19.42	28	13.59
254	data/reference/motifs/JASPAR2026_CORE_plants_non-redundant_pfms_meme.txt	MA2461.1	WOX13	TTGATTGA	5.01e-2	1.00e0	9.27e2	412	206	206	206	19	66	32.04	50	24.27
255	data/reference/motifs/JASPAR2026_CORE_plants_non-redundant_pfms_meme.txt	MA1163.3	PHL11	AGAATATTCT	5.67e-2	1.00e0	9.27e2	367	206	206	206	2	189	91.75	178	86.41
256	data/reference/motifs/JASPAR2026_CORE_plants_non-redundant_pfms_meme.txt	MA1223.2	ERF035	TGTCGGTGG	2.08e-1	1.00e0	9.27e2	101	206	206	206	2	9	4.37	5	2.43
257	data/reference/motifs/JASPAR2026_CORE_plants_non-redundant_pfms_meme.txt	MA1009.1	ARF3	TGTCGGAA	5.25e-2	1.00e0	9.27e2	400	206	206	206	11	8	3.88	2	0.97
258	data/reference/motifs/JASPAR2026_CORE_plants_non-redundant_pfms_meme.txt	MA2727.1	SolycHsfA7	TTCYAGAA	5.13e-2	1.00e0	9.27e2	411	206	206	206	7	138	66.99	121	58.74
259	data/reference/motifs/JASPAR2026_CORE_plants_non-redundant_pfms_meme.txt	MA2422.1	OsbZIP42	TGMCACGTCA	5.25e-2	1.00e0	9.27e2	402	206	206	206	1	204	99.03	198	96.12
260	data/reference/motifs/JASPAR2026_CORE_plants_non-redundant_pfms_meme.txt	MA1755.2	GATA4	GATC	5.18e-2	1.00e0	9.27e2	412	206	206	206	122	86	41.75	69	33.50
261	data/reference/motifs/JASPAR2026_CORE_plants_non-redundant_pfms_meme.txt	MA1807.2	ZHD10	TAATTART	5.25e-2	1.00e0	9.27e2	410	206	206	206	2	204	99.03	198	96.12
262	data/reference/motifs/JASPAR2026_CORE_plants_non-redundant_pfms_meme.txt	MA2720.1	nacnor	ACACGTAACT	5.32e-2	1.00e0	9.27e2	405	206	206	206	12	14	6.80	6	2.91
263	data/reference/motifs/JASPAR2026_CORE_plants_non-redundant_pfms_meme.txt	MA1372.2	ZAT10	CACTNHCACT	5.25e-2	1.00e0	9.27e2	412	206	206	206	28	8	3.88	2	0.97
264	data/reference/motifs/JASPAR2026_CORE_plants_non-redundant_pfms_meme.txt	MA2429.1	SPL13D	AGCGGTASTACCGCT	6.80e-1	1.00e0	9.27e2	19	206	206	206	1	9	4.37	10	4.85
265	data/reference/motifs/JASPAR2026_CORE_plants_non-redundant_pfms_meme.txt	MA2481.1	PK12011.1	AACGG	5.30e-2	1.00e0	9.27e2	412	206	206	206	32	89	43.20	72	34.95
266	data/reference/motifs/JASPAR2026_CORE_plants_non-redundant_pfms_meme.txt	MA1234.2	ERF017	TGGWCGGTG	7.72e-2	1.00e0	9.27e2	285	206	206	206	2	85	41.26	70	33.98
267	data/reference/motifs/JASPAR2026_CORE_plants_non-redundant_pfms_meme.txt	MA1289.2	TCP3	GGGACCAC	1.30e-1	1.00e0	9.27e2	169	206	206	206	2	34	16.50	25	12.14
268	data/reference/motifs/JASPAR2026_CORE_plants_non-redundant_pfms_meme.txt	MA1825.2	Zm00001d044409	CTTATC	5.38e-2	1.00e0	9.27e2	412	206	206	206	13	185	89.81	173	83.98
269	data/reference/motifs/JASPAR2026_CORE_plants_non-redundant_pfms_meme.txt	MA1285.2	TCP9	GTGGGTCCCAC	1.91e-1	1.00e0	9.27e2	117	206	206	206	1	63	30.58	54	26.21
270	data/reference/motifs/JASPAR2026_CORE_plants_non-redundant_pfms_meme.txt	MA2627.1	bzip9	CACGTCA	5.48e-2	1.00e0	9.27e2	412	206	206	206	10	129	62.62	112	54.37
271	data/reference/motifs/JASPAR2026_CORE_plants_non-redundant_pfms_meme.txt	MA2650.1	GLYMA-05G027400	GTGGGCCCCAC	1.14e-1	1.00e0	9.27e2	200	206	206	206	5	12	5.83	6	2.91
272	data/reference/motifs/JASPAR2026_CORE_plants_non-redundant_pfms_meme.txt	MA0983.2	DOF5.6	AAMG	5.53e-2	1.00e0	9.27e2	412	206	206	206	78	127	61.65	110	53.40
273	data/reference/motifs/JASPAR2026_CORE_plants_non-redundant_pfms_meme.txt	MA2452.1	SPL8A	ATAGTACTC	5.66e-2	1.00e0	9.27e2	404	206	206	206	10	34	16.50	22	10.68
274	data/reference/motifs/JASPAR2026_CORE_plants_non-redundant_pfms_meme.txt	MA0020.2	Dof2	AAAGC	5.58e-2	1.00e0	9.27e2	412	206	206	206	32	73	35.44	57	27.67
275	data/reference/motifs/JASPAR2026_CORE_plants_non-redundant_pfms_meme.txt	MA0064.1	PBF	AAAGY	5.58e-2	1.00e0	9.27e2	412	206	206	206	32	73	35.44	57	27.67
276	data/reference/motifs/JASPAR2026_CORE_plants_non-redundant_pfms_meme.txt	MA0551.2	HY5	TGMCACGTGKCA	1.86e-1	1.00e0	9.27e2	124	206	206	206	6	4	1.94	1	0.49
277	data/reference/motifs/JASPAR2026_CORE_plants_non-redundant_pfms_meme.txt	MA1414.2	E2FA	GCGCCA	5.74e-2	1.00e0	9.27e2	404	206	206	206	6	111	53.88	94	45.63
278	data/reference/motifs/JASPAR2026_CORE_plants_non-redundant_pfms_meme.txt	MA2076.1	PK18401.1	GCACGTGG	5.93e-2	1.00e0	9.27e2	391	206	206	206	2	183	88.83	171	83.01
279	data/reference/motifs/JASPAR2026_CORE_plants_non-redundant_pfms_meme.txt	MA1023.1	PHYPADRAFT_28324	KGTCGGTG	1.96e-1	1.00e0	9.27e2	119	206	206	206	2	14	6.80	9	4.37
280	data/reference/motifs/JASPAR2026_CORE_plants_non-redundant_pfms_meme.txt	MA1185.2	LHY	AGATATTTT	6.11e-2	1.00e0	9.27e2	383	206	206	206	1	196	95.15	187	90.78
281	data/reference/motifs/JASPAR2026_CORE_plants_non-redundant_pfms_meme.txt	MA1213.3	ZHD3	CAATTATTG	5.69e-2	1.00e0	9.27e2	411	206	206	206	12	104	50.49	87	42.23
282	data/reference/motifs/JASPAR2026_CORE_plants_non-redundant_pfms_meme.txt	MA2367.1	WIP5	ACCTGGAGAAMAW	5.73e-2	1.00e0	9.27e2	409	206	206	206	9	108	52.43	91	44.17
283	data/reference/motifs/JASPAR2026_CORE_plants_non-redundant_pfms_meme.txt	MA1180.2	MYB3R4	WWWTRACCGTTR	9.58e-2	1.00e0	9.27e2	246	206	206	206	1	130	63.11	116	56.31
284	data/reference/motifs/JASPAR2026_CORE_plants_non-redundant_pfms_meme.txt	MA1778.2	MYB80	TYYACCTAMYTW	5.74e-2	1.00e0	9.27e2	411	206	206	206	8	110	53.40	93	45.15
285	data/reference/motifs/JASPAR2026_CORE_plants_non-redundant_pfms_meme.txt	MA0945.2	ARR1	RDATCT	5.77e-2	1.00e0	9.27e2	412	206	206	206	90	23	11.17	13	6.31
286	data/reference/motifs/JASPAR2026_CORE_plants_non-redundant_pfms_meme.txt	MA1257.2	ERF9	GGCGGHKRYGGCGGCGGMG	2.18e-1	1.00e0	9.27e2	110	206	206	206	1	59	28.64	51	24.76
287	data/reference/motifs/JASPAR2026_CORE_plants_non-redundant_pfms_meme.txt	MA2659.1	GLYMA-08G281200	YTTGACTAATTAGGGTTWAKKGDT	4.35e-1	1.00e0	9.27e2	42	206	206	206	1	22	10.68	20	9.71
288	data/reference/motifs/JASPAR2026_CORE_plants_non-redundant_pfms_meme.txt	MA1160.2	IDD6	TTTTTGTCGTTTTSTK	7.86e-2	1.00e0	9.27e2	310	206	206	206	5	13	6.31	6	2.91
289	data/reference/motifs/JASPAR2026_CORE_plants_non-redundant_pfms_meme.txt	MA0005.3	AG	TTWCCWAAWHDGGHAA	6.16e-2	1.00e0	9.27e2	397	206	206	206	12	4	1.94	0	0.00
290	data/reference/motifs/JASPAR2026_CORE_plants_non-redundant_pfms_meme.txt	MA1038.2	MYB3	GGTAGGTA	6.11e-2	1.00e0	9.27e2	401	206	206	206	5	81	39.32	65	31.55
291	data/reference/motifs/JASPAR2026_CORE_plants_non-redundant_pfms_meme.txt	MA2607.1	tcptf23	GGGACCAC	6.09e-2	1.00e0	9.27e2	403	206	206	206	16	6	2.91	1	0.49
292	data/reference/motifs/JASPAR2026_CORE_plants_non-redundant_pfms_meme.txt	MA0550.3	BZR1	CRCACGTGYR	2.19e-1	1.00e0	9.27e2	112	206	206	206	1	60	29.13	52	25.24
293	data/reference/motifs/JASPAR2026_CORE_plants_non-redundant_pfms_meme.txt	MA0582.2	RAV1	GCAACA	6.09e-2	1.00e0	9.27e2	411	206	206	206	30	6	2.91	1	0.49
294	data/reference/motifs/JASPAR2026_CORE_plants_non-redundant_pfms_meme.txt	MA1817.2	Zm00001d020267	CGCCGCCGCC	1.05e-1	1.00e0	9.27e2	238	206	206	206	4	45	21.84	34	16.50
295	data/reference/motifs/JASPAR2026_CORE_plants_non-redundant_pfms_meme.txt	MA1189.2	AT5G61620	WWWTGGATAAGRWW	6.09e-2	1.00e0	9.27e2	412	206	206	206	15	6	2.91	1	0.49
296	data/reference/motifs/JASPAR2026_CORE_plants_non-redundant_pfms_meme.txt	MA1022.2	PHYPADRAFT_38837	AAAG	6.09e-2	1.00e0	9.27e2	412	206	206	206	126	205	99.51	200	97.09
297	data/reference/motifs/JASPAR2026_CORE_plants_non-redundant_pfms_meme.txt	MA0987.2	PHYPADRAFT_140773	AAAG	6.09e-2	1.00e0	9.27e2	412	206	206	206	116	205	99.51	200	97.09
298	data/reference/motifs/JASPAR2026_CORE_plants_non-redundant_pfms_meme.txt	MA0981.2	DOF1.8	AAAG	6.09e-2	1.00e0	9.27e2	412	206	206	206	126	205	99.51	200	97.09
299	data/reference/motifs/JASPAR2026_CORE_plants_non-redundant_pfms_meme.txt	MA1381.2	AT3G46070	TCACTCT	6.09e-2	1.00e0	9.27e2	412	206	206	206	4	205	99.51	200	97.09
300	data/reference/motifs/JASPAR2026_CORE_plants_non-redundant_pfms_meme.txt	MA1428.2	TCP8	GGSCCCAC	6.09e-2	1.00e0	9.27e2	412	206	206	206	38	6	2.91	1	0.49
301	data/reference/motifs/JASPAR2026_CORE_plants_non-redundant_pfms_meme.txt	MA2394.1	PpDof6	CTTT	6.09e-2	1.00e0	9.27e2	412	206	206	206	126	205	99.51	200	97.09
302	data/reference/motifs/JASPAR2026_CORE_plants_non-redundant_pfms_meme.txt	MA2381.1	e_gw1.170.52.1	CTTT	6.09e-2	1.00e0	9.27e2	412	206	206	206	116	205	99.51	200	97.09
303	data/reference/motifs/JASPAR2026_CORE_plants_non-redundant_pfms_meme.txt	MA2373.1	AZF2	ASTG	6.09e-2	1.00e0	9.27e2	412	206	206	206	137	205	99.51	200	97.09
304	data/reference/motifs/JASPAR2026_CORE_plants_non-redundant_pfms_meme.txt	MA2482.1	PK27693.1	TTATC	6.10e-2	1.00e0	9.27e2	412	206	206	206	101	64	31.07	49	23.79
305	data/reference/motifs/JASPAR2026_CORE_plants_non-redundant_pfms_meme.txt	MA1391.3	MYB33	ATAACCGTAW	6.16e-2	1.00e0	9.27e2	408	206	206	206	1	206	100.00	202	98.06
306	data/reference/motifs/JASPAR2026_CORE_plants_non-redundant_pfms_meme.txt	MA1304.2	WRKY59	AAAAGTCAAM	6.16e-2	1.00e0	9.27e2	408	206	206	206	1	206	100.00	202	98.06
307	data/reference/motifs/JASPAR2026_CORE_plants_non-redundant_pfms_meme.txt	MA2436.1	SPL18A	GCGGTASTACCGCT	2.79e-1	1.00e0	9.27e2	77	206	206	206	2	16	7.77	12	5.83
308	data/reference/motifs/JASPAR2026_CORE_plants_non-redundant_pfms_meme.txt	MA1161.1	TSO1	WWTTWAAAATTTAAA	6.16e-2	1.00e0	9.27e2	409	206	206	206	23	4	1.94	0	0.00
309	data/reference/motifs/JASPAR2026_CORE_plants_non-redundant_pfms_meme.txt	MA2737.1	SlERF36	CMGCCGCCAC	6.95e-2	1.00e0	9.27e2	363	206	206	206	3	115	55.83	99	48.06
310	data/reference/motifs/JASPAR2026_CORE_plants_non-redundant_pfms_meme.txt	MA0955.2	POPTR_0002s00440g	GTACGG	6.16e-2	1.00e0	9.27e2	412	206	206	206	46	4	1.94	0	0.00
311	data/reference/motifs/JASPAR2026_CORE_plants_non-redundant_pfms_meme.txt	MA1794.2	NLP7	TGVCYYTT	6.16e-2	1.00e0	9.27e2	412	206	206	206	26	4	1.94	0	0.00
312	data/reference/motifs/JASPAR2026_CORE_plants_non-redundant_pfms_meme.txt	MA1814.2	RIN	CTATTTTTGG	6.16e-2	1.00e0	9.27e2	412	206	206	206	30	4	1.94	0	0.00
313	data/reference/motifs/JASPAR2026_CORE_plants_non-redundant_pfms_meme.txt	MA2085.1	PK23763.1	CTTTW	6.16e-2	1.00e0	9.27e2	412	206	206	206	75	206	100.00	202	98.06
314	data/reference/motifs/JASPAR2026_CORE_plants_non-redundant_pfms_meme.txt	MA2070.1	PK15337.1	CTTT	6.16e-2	1.00e0	9.27e2	412	206	206	206	224	206	100.00	202	98.06
315	data/reference/motifs/JASPAR2026_CORE_plants_non-redundant_pfms_meme.txt	MA0975.1	CRF2	SCGCCGCC	1.18e-1	1.00e0	9.27e2	215	206	206	206	1	114	55.34	101	49.03
316	data/reference/motifs/JASPAR2026_CORE_plants_non-redundant_pfms_meme.txt	MA1821.2	Zm00001d020595	GGCGGCGGCG	6.88e-1	1.00e0	9.27e2	22	206	206	206	2	2	0.97	2	0.97
317	data/reference/motifs/JASPAR2026_CORE_plants_non-redundant_pfms_meme.txt	MA1822.2	Zm00001d018571	GTACGTAC	6.46e-2	1.00e0	9.27e2	398	206	206	206	14	37	17.96	25	12.14
318	data/reference/motifs/JASPAR2026_CORE_plants_non-redundant_pfms_meme.txt	MA2416.1	EREB29	GCCGCCGCCC	1.19e-1	1.00e0	9.27e2	218	206	206	206	2	68	33.01	56	27.18
319	data/reference/motifs/JASPAR2026_CORE_plants_non-redundant_pfms_meme.txt	MA0581.2	LEC2	CATGCR	6.70e-2	1.00e0	9.27e2	389	206	206	206	8	20	9.71	11	5.34
320	data/reference/motifs/JASPAR2026_CORE_plants_non-redundant_pfms_meme.txt	MA2722.1	Sl-ERF_F_2	CGGCGGCKGCGGCGR	2.60e-1	1.00e0	9.27e2	87	206	206	206	2	24	11.65	19	9.22
321	data/reference/motifs/JASPAR2026_CORE_plants_non-redundant_pfms_meme.txt	MA1045.2	NAC043	TWACGTAA	6.37e-2	1.00e0	9.27e2	412	206	206	206	4	187	90.78	176	85.44
322	data/reference/motifs/JASPAR2026_CORE_plants_non-redundant_pfms_meme.txt	MA2419.1	UB3	GAAGTACAAC	6.37e-2	1.00e0	9.27e2	412	206	206	206	6	187	90.78	176	85.44
323	data/reference/motifs/JASPAR2026_CORE_plants_non-redundant_pfms_meme.txt	MA2708.1	SlDof4	AGAAAAAGTAA	6.37e-2	1.00e0	9.27e2	412	206	206	206	16	136	66.02	120	58.25
324	data/reference/motifs/JASPAR2026_CORE_plants_non-redundant_pfms_meme.txt	MA1214.2	ATHB-40	ACCAATAATTG	6.49e-2	1.00e0	9.27e2	406	206	206	206	4	153	74.27	138	66.99
325	data/reference/motifs/JASPAR2026_CORE_plants_non-redundant_pfms_meme.txt	MA1781.2	MYB94	CCAACYACYW	6.69e-2	1.00e0	9.27e2	406	206	206	206	6	94	45.63	78	37.86
326	data/reference/motifs/JASPAR2026_CORE_plants_non-redundant_pfms_meme.txt	MA1172.2	MYB3R5	AAWWDTDACCGTTR	1.21e-1	1.00e0	9.27e2	226	206	206	206	2	53	25.73	42	20.39
327	data/reference/motifs/JASPAR2026_CORE_plants_non-redundant_pfms_meme.txt	MA2451.1	SPL7B	AGCGGTASTACCGCT	6.80e-1	1.00e0	9.27e2	24	206	206	206	2	9	4.37	10	4.85
328	data/reference/motifs/JASPAR2026_CORE_plants_non-redundant_pfms_meme.txt	MA0566.2	MYC2	AACACGTGA	6.76e-2	1.00e0	9.27e2	405	206	206	206	2	201	97.57	194	94.17
329	data/reference/motifs/JASPAR2026_CORE_plants_non-redundant_pfms_meme.txt	MA0977.1	DOF2.5	AWAAAGTG	6.71e-2	1.00e0	9.27e2	412	206	206	206	18	180	87.38	168	81.55
330	data/reference/motifs/JASPAR2026_CORE_plants_non-redundant_pfms_meme.txt	MA1056.2	SPL11	CGTACGGA	9.34e-2	1.00e0	9.27e2	296	206	206	206	4	40	19.42	29	14.08
331	data/reference/motifs/JASPAR2026_CORE_plants_non-redundant_pfms_meme.txt	MA2377.1	cassava45561.m1	GGGSCCCAC	6.98e-2	1.00e0	9.27e2	398	206	206	206	13	16	7.77	8	3.88
332	data/reference/motifs/JASPAR2026_CORE_plants_non-redundant_pfms_meme.txt	MA1015.2	GATA12	AGATCT	6.76e-2	1.00e0	9.27e2	412	206	206	206	134	12	5.83	5	2.43
333	data/reference/motifs/JASPAR2026_CORE_plants_non-redundant_pfms_meme.txt	MA2048.2	NAC045	GAAGCAAC	6.76e-2	1.00e0	9.27e2	412	206	206	206	6	201	97.57	194	94.17
334	data/reference/motifs/JASPAR2026_CORE_plants_non-redundant_pfms_meme.txt	MA2758.1	ereb122	CCGACCA	6.83e-2	1.00e0	9.27e2	410	206	206	206	14	47	22.82	34	16.50
335	data/reference/motifs/JASPAR2026_CORE_plants_non-redundant_pfms_meme.txt	MA1754.2	ERF073	CKCCGCCGCCR	2.29e-1	1.00e0	9.27e2	123	206	206	206	2	29	14.08	23	11.17
336	data/reference/motifs/JASPAR2026_CORE_plants_non-redundant_pfms_meme.txt	MA1091.1	WRKY62	TGGTCAAC	7.49e-2	1.00e0	9.27e2	379	206	206	206	2	157	76.21	143	69.42
337	data/reference/motifs/JASPAR2026_CORE_plants_non-redundant_pfms_meme.txt	MA1394.3	MYB73	AACGGTCA	6.95e-2	1.00e0	9.27e2	409	206	206	206	6	107	51.94	91	44.17
338	data/reference/motifs/JASPAR2026_CORE_plants_non-redundant_pfms_meme.txt	MA1215.2	ATHB-53	CAATAATTG	6.95e-2	1.00e0	9.27e2	410	206	206	206	8	115	55.83	99	48.06
339	data/reference/motifs/JASPAR2026_CORE_plants_non-redundant_pfms_meme.txt	MA1276.2	DOF3.5	AWAAAGK	6.95e-2	1.00e0	9.27e2	412	206	206	206	11	107	51.94	91	44.17
340	data/reference/motifs/JASPAR2026_CORE_plants_non-redundant_pfms_meme.txt	MA1170.2	MYB118	RWCCGTTACRWW	1.10e-1	1.00e0	9.27e2	261	206	206	206	1	137	66.50	124	60.19
341	data/reference/motifs/JASPAR2026_CORE_plants_non-redundant_pfms_meme.txt	MA1662.2	AT3G10030	TTAACAGA	6.96e-2	1.00e0	9.27e2	412	206	206	206	10	113	54.85	97	47.09
342	data/reference/motifs/JASPAR2026_CORE_plants_non-redundant_pfms_meme.txt	MA2498.1	LSH1	AAACAGTG	7.00e-2	1.00e0	9.27e2	412	206	206	206	22	9	4.37	3	1.46
343	data/reference/motifs/JASPAR2026_CORE_plants_non-redundant_pfms_meme.txt	MA2007.2	MYB107	CACCAAAC	7.00e-2	1.00e0	9.27e2	412	206	206	206	27	9	4.37	3	1.46
344	data/reference/motifs/JASPAR2026_CORE_plants_non-redundant_pfms_meme.txt	MA0565.3	FUS3	ACATGCA	8.48e-2	1.00e0	9.27e2	342	206	206	206	5	18	8.74	10	4.85
345	data/reference/motifs/JASPAR2026_CORE_plants_non-redundant_pfms_meme.txt	MA2664.1	GLYMA-03G162700	GGYGGYGGCGGCGGMGGCGGYGG	5.00e-1	1.00e0	9.27e2	42	206	206	206	16	3	1.46	2	0.97
346	data/reference/motifs/JASPAR2026_CORE_plants_non-redundant_pfms_meme.txt	MA1811.3	GLYMA-13G317000	GGACACSTGTCA	8.74e-2	1.00e0	9.27e2	334	206	206	206	9	7	3.40	2	0.97
347	data/reference/motifs/JASPAR2026_CORE_plants_non-redundant_pfms_meme.txt	MA2434.1	SPL16A	AGCGGTAGTAC	8.92e-2	1.00e0	9.27e2	328	206	206	206	1	170	82.52	158	76.70
348	data/reference/motifs/JASPAR2026_CORE_plants_non-redundant_pfms_meme.txt	MA1291.1	TCP7	GTGGGRCCCAC	1.85e-1	1.00e0	9.27e2	158	206	206	206	3	13	6.31	8	3.88
349	data/reference/motifs/JASPAR2026_CORE_plants_non-redundant_pfms_meme.txt	MA2444.1	SPL4A	GCGGTASTACCGC	2.87e-1	1.00e0	9.27e2	102	206	206	206	3	8	3.88	5	2.43
350	data/reference/motifs/JASPAR2026_CORE_plants_non-redundant_pfms_meme.txt	MA1829.2	Zm00001d035604	ACCTAAC	7.15e-2	1.00e0	9.27e2	412	206	206	206	23	76	36.89	61	29.61
351	data/reference/motifs/JASPAR2026_CORE_plants_non-redundant_pfms_meme.txt	MA0577.4	SPL3	TGTACGGA	7.83e-2	1.00e0	9.27e2	377	206	206	206	7	22	10.68	13	6.31
352	data/reference/motifs/JASPAR2026_CORE_plants_non-redundant_pfms_meme.txt	MA1741.1	BRN2	CTTGWWHYDYACGYWA	8.72e-2	1.00e0	9.27e2	339	206	206	206	4	47	22.82	35	16.99
353	data/reference/motifs/JASPAR2026_CORE_plants_non-redundant_pfms_meme.txt	MA2734.1	Sl-ERF_F_5	CCGCCGCCGCCRCCRCC	2.49e-1	1.00e0	9.27e2	119	206	206	206	19	2	0.97	0	0.00
354	data/reference/motifs/JASPAR2026_CORE_plants_non-redundant_pfms_meme.txt	MA0964.3	BIM1	TCACGTGA	9.83e-2	1.00e0	9.27e2	304	206	206	206	4	97	47.09	83	40.29
355	data/reference/motifs/JASPAR2026_CORE_plants_non-redundant_pfms_meme.txt	MA1835.2	TFLG2-Zm00001d042777	GTACGTAC	7.83e-2	1.00e0	9.27e2	382	206	206	206	12	22	10.68	13	6.31
356	data/reference/motifs/JASPAR2026_CORE_plants_non-redundant_pfms_meme.txt	MA1321.2	SPL13A	TGTACGGA	8.60e-2	1.00e0	9.27e2	350	206	206	206	8	10	4.85	4	1.94
357	data/reference/motifs/JASPAR2026_CORE_plants_non-redundant_pfms_meme.txt	MA1697.2	ARF4	ACGACAAG	7.35e-2	1.00e0	9.27e2	411	206	206	206	16	33	16.02	22	10.68
358	data/reference/motifs/JASPAR2026_CORE_plants_non-redundant_pfms_meme.txt	MA2402.1	OsERF104	GCCGY	7.38e-2	1.00e0	9.27e2	412	206	206	206	20	62	30.10	48	23.30
359	data/reference/motifs/JASPAR2026_CORE_plants_non-redundant_pfms_meme.txt	MA2725.1	SlWRKY6	AAAGTCAAC	7.43e-2	1.00e0	9.27e2	412	206	206	206	14	41	19.90	29	14.08
360	data/reference/motifs/JASPAR2026_CORE_plants_non-redundant_pfms_meme.txt	MA1252.2	ERF086	CCKCCGCCGY	1.83e-1	1.00e0	9.27e2	168	206	206	206	1	89	43.20	79	38.35
361	data/reference/motifs/JASPAR2026_CORE_plants_non-redundant_pfms_meme.txt	MA2712.1	eil1	TCTAGATACATTGAATCT	1.85e-1	1.00e0	9.27e2	167	206	206	206	3	13	6.31	8	3.88
362	data/reference/motifs/JASPAR2026_CORE_plants_non-redundant_pfms_meme.txt	MA1050.1	OsI_08196	GGGCCCAC	8.74e-2	1.00e0	9.27e2	355	206	206	206	9	7	3.40	2	0.97
363	data/reference/motifs/JASPAR2026_CORE_plants_non-redundant_pfms_meme.txt	MA1286.2	TCP24	GGGACCAC	1.35e-1	1.00e0	9.27e2	231	206	206	206	2	62	30.10	51	24.76
364	data/reference/motifs/JASPAR2026_CORE_plants_non-redundant_pfms_meme.txt	MA1290.1	TCP17	GTGGTCCCCAC	1.48e-1	1.00e0	9.27e2	211	206	206	206	2	40	19.42	31	15.05
365	data/reference/motifs/JASPAR2026_CORE_plants_non-redundant_pfms_meme.txt	MA1279.2	DOF1.5	AAADDAAAAAGTRAAA	7.66e-2	1.00e0	9.27e2	412	206	206	206	9	176	85.44	164	79.61
366	data/reference/motifs/JASPAR2026_CORE_plants_non-redundant_pfms_meme.txt	MA1688.2	ARF16	CAAGACAAGA	7.71e-2	1.00e0	9.27e2	412	206	206	206	12	155	75.24	141	68.45
367	data/reference/motifs/JASPAR2026_CORE_plants_non-redundant_pfms_meme.txt	MA1265.3	ERF015	CACCGACA	8.73e-2	1.00e0	9.27e2	364	206	206	206	2	144	69.90	130	63.11
368	data/reference/motifs/JASPAR2026_CORE_plants_non-redundant_pfms_meme.txt	MA2709.1	SolycHsfA2	TTCTAGAAKMTTCTA	1.37e-1	1.00e0	9.27e2	234	206	206	206	1	123	59.71	111	53.88
369	data/reference/motifs/JASPAR2026_CORE_plants_non-redundant_pfms_meme.txt	MA1226.2	DREB2G	GGHGGAGGCGGTGG	1.37e-1	1.00e0	9.27e2	236	206	206	206	1	124	60.19	112	54.37
370	data/reference/motifs/JASPAR2026_CORE_plants_non-redundant_pfms_meme.txt	MA2427.1	SPL12B	AGCGGTASTACCGC	3.13e-1	1.00e0	9.27e2	86	206	206	206	2	23	11.17	19	9.22
371	data/reference/motifs/JASPAR2026_CORE_plants_non-redundant_pfms_meme.txt	MA1788.1	NAC054	CTTGTNNHACACGYHAYCT	3.05e-1	1.00e0	9.27e2	106	206	206	206	2	21	10.19	17	8.25
372	data/reference/motifs/JASPAR2026_CORE_plants_non-redundant_pfms_meme.txt	MA1032.2	DREB1G	TGCCGACA	2.17e-1	1.00e0	9.27e2	150	206	206	206	2	26	12.62	20	9.71
373	data/reference/motifs/JASPAR2026_CORE_plants_non-redundant_pfms_meme.txt	MA0053.1	MNB1A	AAAGC	7.93e-2	1.00e0	9.27e2	412	206	206	206	31	28	13.59	18	8.74
374	data/reference/motifs/JASPAR2026_CORE_plants_non-redundant_pfms_meme.txt	MA2347.1	OS04G0486400	TAACC	8.00e-2	1.00e0	9.27e2	412	206	206	206	99	130	63.11	115	55.83
375	data/reference/motifs/JASPAR2026_CORE_plants_non-redundant_pfms_meme.txt	MA1250.2	DREB2D	CCDCCDCCACCGCC	1.41e-1	1.00e0	9.27e2	234	206	206	206	4	28	13.59	20	9.71
376	data/reference/motifs/JASPAR2026_CORE_plants_non-redundant_pfms_meme.txt	MA2443.1	SPL3D	GCGGTASTACCGC	2.87e-1	1.00e0	9.27e2	98	206	206	206	3	8	3.88	5	2.43
377	data/reference/motifs/JASPAR2026_CORE_plants_non-redundant_pfms_meme.txt	MA2438.1	SPL1D	GCRGTASTACCGCT	2.72e-1	1.00e0	9.27e2	123	206	206	206	3	7	3.40	4	1.94
378	data/reference/motifs/JASPAR2026_CORE_plants_non-redundant_pfms_meme.txt	MA2640.1	GLYMA-19G062000	GTAACAGTTAC	8.37e-2	1.00e0	9.27e2	403	206	206	206	2	192	93.20	183	88.83
379	data/reference/motifs/JASPAR2026_CORE_plants_non-redundant_pfms_meme.txt	MA1762.2	MYB10	YCACCWAMCW	8.60e-2	1.00e0	9.27e2	392	206	206	206	9	10	4.85	4	1.94
380	data/reference/motifs/JASPAR2026_CORE_plants_non-redundant_pfms_meme.txt	MA1326.2	ZHD5	GTRATTAR	8.16e-2	1.00e0	9.27e2	412	206	206	206	18	55	26.70	42	20.39
381	data/reference/motifs/JASPAR2026_CORE_plants_non-redundant_pfms_meme.txt	MA2038.2	NAC103	CAAGTTA	8.17e-2	1.00e0	9.27e2	412	206	206	206	19	125	60.68	110	53.40
382	data/reference/motifs/JASPAR2026_CORE_plants_non-redundant_pfms_meme.txt	MA1734.1	AT1G19040	CTTGNDCYBCAAGTWW	2.46e-1	1.00e0	9.27e2	136	206	206	206	3	12	5.83	8	3.88
383	data/reference/motifs/JASPAR2026_CORE_plants_non-redundant_pfms_meme.txt	MA2642.1	GLYMA-10G230700	AAGATATTTWTW	8.38e-2	1.00e0	9.27e2	405	206	206	206	6	110	53.40	95	46.12
384	data/reference/motifs/JASPAR2026_CORE_plants_non-redundant_pfms_meme.txt	MA2735.1	SlbHLH014	GMCACGTGBC	1.24e-1	1.00e0	9.27e2	275	206	206	206	9	3	1.46	0	0.00
385	data/reference/motifs/JASPAR2026_CORE_plants_non-redundant_pfms_meme.txt	MA2044.2	NAC007	CAAGCAA	8.31e-2	1.00e0	9.27e2	412	206	206	206	14	163	79.13	150	72.82
386	data/reference/motifs/JASPAR2026_CORE_plants_non-redundant_pfms_meme.txt	MA1350.1	BZIP42	TGCTGACGTGGC	5.00e-1	1.00e0	9.27e2	49	206	206	206	2	1	0.49	0	0.00
387	data/reference/motifs/JASPAR2026_CORE_plants_non-redundant_pfms_meme.txt	MA1053.1	ERF109	GCGCCGCC	1.29e-1	1.00e0	9.27e2	266	206	206	206	1	139	67.48	127	61.65
388	data/reference/motifs/JASPAR2026_CORE_plants_non-redundant_pfms_meme.txt	MA2747.1	TraesCS6A02G290800	CAATAATTG	8.35e-2	1.00e0	9.27e2	412	206	206	206	13	105	50.97	90	43.69
389	data/reference/motifs/JASPAR2026_CORE_plants_non-redundant_pfms_meme.txt	MA2757.1	pbf1	ATAAAGT	8.34e-2	1.00e0	9.27e2	412	206	206	206	30	104	50.49	89	43.20
390	data/reference/motifs/JASPAR2026_CORE_plants_non-redundant_pfms_meme.txt	MA1770.2	MYB40	YTYACCWAMY	8.60e-2	1.00e0	9.27e2	399	206	206	206	9	10	4.85	4	1.94
391	data/reference/motifs/JASPAR2026_CORE_plants_non-redundant_pfms_meme.txt	MA1275.2	DOF1.6	AWAAAGTR	8.60e-2	1.00e0	9.27e2	412	206	206	206	8	202	98.06	196	95.15
392	data/reference/motifs/JASPAR2026_CORE_plants_non-redundant_pfms_meme.txt	MA0982.2	DOF2.4	AAAG	8.60e-2	1.00e0	9.27e2	412	206	206	206	188	161	78.16	148	71.84
393	data/reference/motifs/JASPAR2026_CORE_plants_non-redundant_pfms_meme.txt	MA1329.3	ZHD1	AYTAATTAA	8.60e-2	1.00e0	9.27e2	412	206	206	206	7	202	98.06	196	95.15
394	data/reference/motifs/JASPAR2026_CORE_plants_non-redundant_pfms_meme.txt	MA1828.2	Zm00001d038683	GTGGTCCA	8.48e-2	1.00e0	9.27e2	406	206	206	206	15	18	8.74	10	4.85
395	data/reference/motifs/JASPAR2026_CORE_plants_non-redundant_pfms_meme.txt	MA2442.1	SPL3B	AGCGGTASTACCGC	3.55e-1	1.00e0	9.27e2	79	206	206	206	2	17	8.25	14	6.80
396	data/reference/motifs/JASPAR2026_CORE_plants_non-redundant_pfms_meme.txt	MA2364.1	VIT_15s0048g01150	GGGCCCAC	8.88e-2	1.00e0	9.27e2	397	206	206	206	2	191	92.72	182	88.35
397	data/reference/motifs/JASPAR2026_CORE_plants_non-redundant_pfms_meme.txt	MA2348.1	IDD6	TTTTTGTCGTTTTSTK	1.14e-1	1.00e0	9.27e2	306	206	206	206	5	12	5.83	6	2.91
398	data/reference/motifs/JASPAR2026_CORE_plants_non-redundant_pfms_meme.txt	MA0952.1	ATHB-51	AATWATTG	8.60e-2	1.00e0	9.27e2	412	206	206	206	17	161	78.16	148	71.84
399	data/reference/motifs/JASPAR2026_CORE_plants_non-redundant_pfms_meme.txt	MA2673.1	GLYMA-15G086400	WTCTAGAAMCTTCTAGAR	2.05e-1	1.00e0	9.27e2	189	206	206	206	3	15	7.28	10	4.85
400	data/reference/motifs/JASPAR2026_CORE_plants_non-redundant_pfms_meme.txt	MA2671.1	GLYMA-19G100900	AGCATGCT	9.60e-2	1.00e0	9.27e2	387	206	206	206	10	66	32.04	53	25.73
401	data/reference/motifs/JASPAR2026_CORE_plants_non-redundant_pfms_meme.txt	MA2670.1	GLYMA-15G168800	CAATGATTG	1.55e-1	1.00e0	9.27e2	400	206	206	206	4	134	65.05	123	59.71
402	data/reference/motifs/JASPAR2026_CORE_plants_non-redundant_pfms_meme.txt	MA2668.1	GLYMA-20G155100	RCCGACAT	3.00e-1	1.00e0	9.27e2	366	206	206	206	8	9	4.37	6	2.91
403	data/reference/motifs/JASPAR2026_CORE_plants_non-redundant_pfms_meme.txt	MA2666.1	GLYMA-12G117000	GGMGGCGGYGGCGGMGG	5.00e-1	1.00e0	9.27e2	131	206	206	206	26	2	0.97	1	0.49
404	data/reference/motifs/JASPAR2026_CORE_plants_non-redundant_pfms_meme.txt	MA2665.1	GLYMA-11G053600	CACCGACAC	2.14e-1	1.00e0	9.27e2	396	206	206	206	4	117	56.80	108	52.43
405	data/reference/motifs/JASPAR2026_CORE_plants_non-redundant_pfms_meme.txt	MA2663.1	GLYMA-02G261700	TCACCGACATA	1.16e-1	1.00e0	9.27e2	356	206	206	206	6	17	8.25	10	4.85
406	data/reference/motifs/JASPAR2026_CORE_plants_non-redundant_pfms_meme.txt	MA2662.1	GLYMA-13G153200	GCCACGTCA	1.51e-1	1.00e0	9.27e2	407	206	206	206	2	191	92.72	184	89.32
407	data/reference/motifs/JASPAR2026_CORE_plants_non-redundant_pfms_meme.txt	MA2660.1	GLYMA-12G168700	WWWTGTAATTACAWWW	3.11e-1	1.00e0	9.27e2	399	206	206	206	24	10	4.85	7	3.40
408	data/reference/motifs/JASPAR2026_CORE_plants_non-redundant_pfms_meme.txt	MA2658.1	GLYMA-19G094100	ATTGACTTW	9.99e-2	1.00e0	9.27e2	412	206	206	206	12	54	26.21	42	20.39
409	data/reference/motifs/JASPAR2026_CORE_plants_non-redundant_pfms_meme.txt	MA2656.1	GLYMA-14G006800	TGGTCAACCA	2.28e-1	1.00e0	9.27e2	412	206	206	206	3	193	93.69	188	91.26
410	data/reference/motifs/JASPAR2026_CORE_plants_non-redundant_pfms_meme.txt	MA2654.1	GLYMA-05G127600	GGTCAAC	1.00e-1	1.00e0	9.27e2	412	206	206	206	13	111	53.88	97	47.09
411	data/reference/motifs/JASPAR2026_CORE_plants_non-redundant_pfms_meme.txt	MA2652.1	GLYMA-01G053800	AGTTGAC	1.32e-1	1.00e0	9.27e2	411	206	206	206	9	84	40.78	72	34.95
412	data/reference/motifs/JASPAR2026_CORE_plants_non-redundant_pfms_meme.txt	MA2649.1	GLYMA-08G271900	TGCACATG	1.07e-1	1.00e0	9.27e2	410	206	206	206	18	36	17.48	26	12.62
413	data/reference/motifs/JASPAR2026_CORE_plants_non-redundant_pfms_meme.txt	MA2648.1	GLYMA-19G146000	AAGGTACAC	1.24e-1	1.00e0	9.27e2	409	206	206	206	1	206	100.00	203	98.54
414	data/reference/motifs/JASPAR2026_CORE_plants_non-redundant_pfms_meme.txt	MA2647.1	GLYMA-12G226000	AAGTACAA	3.12e-1	1.00e0	9.27e2	412	206	206	206	20	44	21.36	39	18.93
415	data/reference/motifs/JASPAR2026_CORE_plants_non-redundant_pfms_meme.txt	MA2646.1	GLYMA-11G083900	GTACGGA	3.05e-1	1.00e0	9.27e2	343	206	206	206	5	21	10.19	17	8.25
416	data/reference/motifs/JASPAR2026_CORE_plants_non-redundant_pfms_meme.txt	MA2645.1	GLYMA-16G042900	GGTTGCKTSTTCHASAAGYWA	4.53e-1	1.00e0	9.27e2	94	206	206	206	1	48	23.30	46	22.33
417	data/reference/motifs/JASPAR2026_CORE_plants_non-redundant_pfms_meme.txt	MA2644.1	GLYMA-14G030700	AACGACGGCA	2.00e-1	1.00e0	9.27e2	345	206	206	206	4	71	34.47	62	30.10
418	data/reference/motifs/JASPAR2026_CORE_plants_non-redundant_pfms_meme.txt	MA2641.1	GLYMA-01G038600	CCTTATCCA	1.24e-1	1.00e0	9.27e2	412	206	206	206	20	3	1.46	0	0.00
419	data/reference/motifs/JASPAR2026_CORE_plants_non-redundant_pfms_meme.txt	MA2480.1	GLYMA-04G093300	CTAATC	1.14e-1	1.00e0	9.27e2	410	206	206	206	4	168	81.55	157	76.21
420	data/reference/motifs/JASPAR2026_CORE_plants_non-redundant_pfms_meme.txt	MA2745.1	SlWRKY81	AAGTCAAC	1.98e-1	1.00e0	9.27e2	412	206	206	206	8	146	70.87	137	66.50
421	data/reference/motifs/JASPAR2026_CORE_plants_non-redundant_pfms_meme.txt	MA2740.1	SlTCP15	GTGGGACCCA	1.07e-1	1.00e0	9.27e2	349	206	206	206	6	46	22.33	35	16.99
422	data/reference/motifs/JASPAR2026_CORE_plants_non-redundant_pfms_meme.txt	MA2733.1	Sl-ERF_F_4	GCMGCMGCCGCCGCCGYCR	5.00e-1	1.00e0	9.27e2	71	206	206	206	18	1	0.49	0	0.00
423	data/reference/motifs/JASPAR2026_CORE_plants_non-redundant_pfms_meme.txt	MA2732.1	Sl-ERF_C_4	YCGCCGCCGCCR	2.49e-1	1.00e0	9.27e2	237	206	206	206	22	2	0.97	0	0.00
424	data/reference/motifs/JASPAR2026_CORE_plants_non-redundant_pfms_meme.txt	MA2730.1	Solyc01g079480	YSACGTGKCA	1.51e-1	1.00e0	9.27e2	339	206	206	206	1	174	84.47	165	80.10
425	data/reference/motifs/JASPAR2026_CORE_plants_non-redundant_pfms_meme.txt	MA2728.1	SolycHsfC1	RGAAGTTTCTAG	3.45e-1	1.00e0	9.27e2	357	206	206	206	3	91	44.17	86	41.75
426	data/reference/motifs/JASPAR2026_CORE_plants_non-redundant_pfms_meme.txt	MA2723.1	Solyc06g060230	ACACGTCTCT	1.56e-1	1.00e0	9.27e2	408	206	206	206	3	190	92.23	183	88.83
427	data/reference/motifs/JASPAR2026_CORE_plants_non-redundant_pfms_meme.txt	MA2721.1	Sl-ERF_C_6	YCGCCGCCGCCRCCRCCGCC	5.00e-1	1.00e0	9.27e2	81	206	206	206	2	28	13.59	27	13.11
428	data/reference/motifs/JASPAR2026_CORE_plants_non-redundant_pfms_meme.txt	MA2718.1	Sl-ERF_A_3	GGYGGCGGCGGCGGCGG	6.88e-1	1.00e0	9.27e2	63	206	206	206	11	2	0.97	2	0.97
429	data/reference/motifs/JASPAR2026_CORE_plants_non-redundant_pfms_meme.txt	MA2717.1	eil2	AGATTCR	2.11e-1	1.00e0	9.27e2	412	206	206	206	23	87	42.23	78	37.86
430	data/reference/motifs/JASPAR2026_CORE_plants_non-redundant_pfms_meme.txt	MA2716.1	dreb3	CCACCGACCA	1.25e-1	1.00e0	9.27e2	364	206	206	206	4	74	35.92	62	30.10
431	data/reference/motifs/JASPAR2026_CORE_plants_non-redundant_pfms_meme.txt	MA2714.1	APETALA2a	ATTACCTCGTACYA	3.74e-1	1.00e0	9.27e2	163	206	206	206	2	23	11.17	20	9.71
432	data/reference/motifs/JASPAR2026_CORE_plants_non-redundant_pfms_meme.txt	MA2713.1	SlDof14	CTTTTTC	1.26e-1	1.00e0	9.27e2	412	206	206	206	19	13	6.31	7	3.40
433	data/reference/motifs/JASPAR2026_CORE_plants_non-redundant_pfms_meme.txt	MA2711.1	SolycHsfB2b	TTCTAGAA	4.27e-1	1.00e0	9.27e2	286	206	206	206	4	17	8.25	15	7.28
434	data/reference/motifs/JASPAR2026_CORE_plants_non-redundant_pfms_meme.txt	MA2710.1	SolycHsfB1	TTCTAGAA	1.75e-1	1.00e0	9.27e2	365	206	206	206	6	76	36.89	66	32.04
435	data/reference/motifs/JASPAR2026_CORE_plants_non-redundant_pfms_meme.txt	MA2752.1	TaOBF1b	TGCCACGTCATCATC	3.98e-1	1.00e0	9.27e2	268	206	206	206	3	38	18.45	35	16.99
436	data/reference/motifs/JASPAR2026_CORE_plants_non-redundant_pfms_meme.txt	MA2751.1	TraesCS2B02G304400	CCACTCGACC	3.86e-1	1.00e0	9.27e2	367	206	206	206	9	7	3.40	5	2.43
437	data/reference/motifs/JASPAR2026_CORE_plants_non-redundant_pfms_meme.txt	MA2750.1	TraesCS7B02G142200	TGTACGGAC	1.43e-1	1.00e0	9.27e2	384	206	206	206	5	51	24.76	41	19.90
438	data/reference/motifs/JASPAR2026_CORE_plants_non-redundant_pfms_meme.txt	MA2762.1	myb53	AGTTAGGCAC	2.87e-1	1.00e0	9.27e2	396	206	206	206	9	8	3.88	5	2.43
439	data/reference/motifs/JASPAR2026_CORE_plants_non-redundant_pfms_meme.txt	MA2761.1	myb100	TRCCTAACTT	1.71e-1	1.00e0	9.27e2	410	206	206	206	5	178	86.41	170	82.52
440	data/reference/motifs/JASPAR2026_CORE_plants_non-redundant_pfms_meme.txt	MA2760.1	p2	CACCTAAC	1.57e-1	1.00e0	9.27e2	412	206	206	206	14	87	42.23	76	36.89
441	data/reference/motifs/JASPAR2026_CORE_plants_non-redundant_pfms_meme.txt	MA2755.1	hsftf24	ACTAGAAGCTTCTGGAA	3.06e-1	1.00e0	9.27e2	285	206	206	206	2	81	39.32	75	36.41
442	data/reference/motifs/JASPAR2026_CORE_plants_non-redundant_pfms_meme.txt	MA2754.1	wrky38	CGTGGACC	2.49e-1	1.00e0	9.27e2	404	206	206	206	30	2	0.97	0	0.00
443	data/reference/motifs/JASPAR2026_CORE_plants_non-redundant_pfms_meme.txt	MA2753.1	cpp8	GAATTTGAAW	1.90e-1	1.00e0	9.27e2	412	206	206	206	34	8	3.88	4	1.94
444	data/reference/motifs/JASPAR2026_CORE_plants_non-redundant_pfms_meme.txt	MA2626.1	bzip40	GTGACGTGGC	3.12e-1	1.00e0	9.27e2	408	206	206	206	1	205	99.51	203	98.54
445	data/reference/motifs/JASPAR2026_CORE_plants_non-redundant_pfms_meme.txt	MA2625.1	mybr17	CATTATC	1.08e-1	1.00e0	9.27e2	412	206	206	206	16	205	99.51	201	97.57
446	data/reference/motifs/JASPAR2026_CORE_plants_non-redundant_pfms_meme.txt	MA2624.1	myb37	TAACCGAA	2.29e-1	1.00e0	9.27e2	412	206	206	206	13	145	70.39	137	66.50
447	data/reference/motifs/JASPAR2026_CORE_plants_non-redundant_pfms_meme.txt	MA2623.1	hb66	CCAATCA	1.24e-1	1.00e0	9.27e2	412	206	206	206	13	206	100.00	203	98.54
448	data/reference/motifs/JASPAR2026_CORE_plants_non-redundant_pfms_meme.txt	MA2621.1	glk25	TGATTCCA	2.40e-1	1.00e0	9.27e2	412	206	206	206	23	50	24.27	43	20.87
449	data/reference/motifs/JASPAR2026_CORE_plants_non-redundant_pfms_meme.txt	MA2620.1	g2	CCTTATCC	2.49e-1	1.00e0	9.27e2	411	206	206	206	38	2	0.97	0	0.00
450	data/reference/motifs/JASPAR2026_CORE_plants_non-redundant_pfms_meme.txt	MA2619.1	ereb18	CCGCCGCCGCCCGCC	2.83e-1	1.00e0	9.27e2	156	206	206	206	2	53	25.73	47	22.82
451	data/reference/motifs/JASPAR2026_CORE_plants_non-redundant_pfms_meme.txt	MA2618.1	ereb102	CGACGGCGA	1.16e-1	1.00e0	9.27e2	332	206	206	206	3	94	45.63	81	39.32
452	data/reference/motifs/JASPAR2026_CORE_plants_non-redundant_pfms_meme.txt	MA2617.1	ereb54	GCGGCGGCGGC	5.88e-1	1.00e0	9.27e2	111	206	206	206	1	55	26.70	56	27.18
453	data/reference/motifs/JASPAR2026_CORE_plants_non-redundant_pfms_meme.txt	MA2614.1	ereb198	SCGCCGCCGCCR	3.37e-1	1.00e0	9.27e2	135	206	206	206	1	70	33.98	65	31.55
454	data/reference/motifs/JASPAR2026_CORE_plants_non-redundant_pfms_meme.txt	MA2613.1	ereb34	GCCGCCGCCGCCCS	3.04e-1	1.00e0	9.27e2	148	206	206	206	1	77	37.38	71	34.47
455	data/reference/motifs/JASPAR2026_CORE_plants_non-redundant_pfms_meme.txt	MA2612.1	ereb147	ACGCCGAC	1.23e-1	1.00e0	9.27e2	384	206	206	206	9	32	15.53	23	11.17
456	data/reference/motifs/JASPAR2026_CORE_plants_non-redundant_pfms_meme.txt	MA2609.1	ereb172	CAGCCGCA	1.54e-1	1.00e0	9.27e2	398	206	206	206	4	135	65.53	124	60.19
457	data/reference/motifs/JASPAR2026_CORE_plants_non-redundant_pfms_meme.txt	MA2608.1	glk53	AAGGAATATTCTTT	4.58e-1	1.00e0	9.27e2	403	206	206	206	4	138	66.99	136	66.02
458	data/reference/motifs/JASPAR2026_CORE_plants_non-redundant_pfms_meme.txt	MA2606.1	mybr43	CCTTATCC	3.12e-1	1.00e0	9.27e2	412	206	206	206	27	3	1.46	1	0.49
459	data/reference/motifs/JASPAR2026_CORE_plants_non-redundant_pfms_meme.txt	MA2605.1	mybr26	CCTTATCC	3.12e-1	1.00e0	9.27e2	412	206	206	206	31	3	1.46	1	0.49
460	data/reference/motifs/JASPAR2026_CORE_plants_non-redundant_pfms_meme.txt	MA2604.1	dof22	ACTTTTAC	1.08e-1	1.00e0	9.27e2	412	206	206	206	17	205	99.51	201	97.57
461	data/reference/motifs/JASPAR2026_CORE_plants_non-redundant_pfms_meme.txt	MA2501.1	G1	TTACTGTA	8.74e-2	1.00e0	9.27e2	412	206	206	206	8	204	99.03	199	96.60
462	data/reference/motifs/JASPAR2026_CORE_plants_non-redundant_pfms_meme.txt	MA1378.2	AIL6	TCCTCGA	2.43e-1	1.00e0	9.27e2	412	206	206	206	16	94	45.63	86	41.75
463	data/reference/motifs/JASPAR2026_CORE_plants_non-redundant_pfms_meme.txt	MA1776.3	MYB67	TACCTAACA	3.05e-1	1.00e0	9.27e2	411	206	206	206	7	132	64.08	126	61.17
464	data/reference/motifs/JASPAR2026_CORE_plants_non-redundant_pfms_meme.txt	MA2639.1	FUL::SOC1	TTCCATTTTTGG	1.81e-1	1.00e0	9.27e2	412	206	206	206	11	85	41.26	75	36.41
465	data/reference/motifs/JASPAR2026_CORE_plants_non-redundant_pfms_meme.txt	MA2638.1	FUL::SEP3	TTWCTATTTATAGTAA	7.54e-1	1.00e0	9.27e2	319	206	206	206	6	9	4.37	11	5.34
466	data/reference/motifs/JASPAR2026_CORE_plants_non-redundant_pfms_meme.txt	MA2637.1	FUL::AG::SEP3	WTWCCAWAAATAGAAA	1.10e-1	1.00e0	9.27e2	409	206	206	206	13	8	3.88	3	1.46
467	data/reference/motifs/JASPAR2026_CORE_plants_non-redundant_pfms_meme.txt	MA2636.1	FUL::AG	WCTTTCCATTTTTRGAAA	5.00e-1	1.00e0	9.27e2	312	206	206	206	5	7	3.40	6	2.91
468	data/reference/motifs/JASPAR2026_CORE_plants_non-redundant_pfms_meme.txt	MA2635.1	FUL	TTWCCAWAAATAGAAA	8.70e-1	1.00e0	9.27e2	387	206	206	206	6	26	12.62	33	16.02
469	data/reference/motifs/JASPAR2026_CORE_plants_non-redundant_pfms_meme.txt	MA2634.1	EIN3	AGATTCATTGAATCT	2.49e-1	1.00e0	9.27e2	305	206	206	206	11	2	0.97	0	0.00
470	data/reference/motifs/JASPAR2026_CORE_plants_non-redundant_pfms_meme.txt	MA2505.1	bZIP59	TGACAGCTGTCA	2.87e-1	1.00e0	9.27e2	346	206	206	206	14	8	3.88	5	2.43
471	data/reference/motifs/JASPAR2026_CORE_plants_non-redundant_pfms_meme.txt	MA2502.1	TMF	CTACAGTA	2.84e-1	1.00e0	9.27e2	412	206	206	206	7	180	87.38	175	84.95
472	data/reference/motifs/JASPAR2026_CORE_plants_non-redundant_pfms_meme.txt	MA2499.1	LSH2	TACTGTTCA	2.49e-1	1.00e0	9.27e2	412	206	206	206	23	2	0.97	0	0.00
473	data/reference/motifs/JASPAR2026_CORE_plants_non-redundant_pfms_meme.txt	MA1355.2	TRB2	WARCCCTAAWT	6.88e-1	1.00e0	9.27e2	262	206	206	206	5	2	0.97	2	0.97
474	data/reference/motifs/JASPAR2026_CORE_plants_non-redundant_pfms_meme.txt	MA1353.2	AT1G72740	RWTTAGGGTTT	7.50e-1	1.00e0	9.27e2	323	206	206	206	3	51	24.76	56	27.18
475	data/reference/motifs/JASPAR2026_CORE_plants_non-redundant_pfms_meme.txt	MA1322.3	SPL9	TCCGTAC	1.15e-1	1.00e0	9.27e2	410	206	206	206	6	127	61.65	114	55.34
476	data/reference/motifs/JASPAR2026_CORE_plants_non-redundant_pfms_meme.txt	MA2479.1	TCX5	ATTCAAAT	2.51e-1	1.00e0	9.27e2	412	206	206	206	39	6	2.91	3	1.46
477	data/reference/motifs/JASPAR2026_CORE_plants_non-redundant_pfms_meme.txt	MA1320.2	SPL15	TGTACGGA	5.57e-1	1.00e0	9.27e2	176	206	206	206	2	28	13.59	28	13.59
478	data/reference/motifs/JASPAR2026_CORE_plants_non-redundant_pfms_meme.txt	MA1060.2	SPL7	CGTACG	1.08e-1	1.00e0	9.27e2	412	206	206	206	39	5	2.43	1	0.49
479	data/reference/motifs/JASPAR2026_CORE_plants_non-redundant_pfms_meme.txt	MA1059.3	SPL5	TGTACGGAH	5.00e-1	1.00e0	9.27e2	59	206	206	206	2	3	1.46	2	0.97
480	data/reference/motifs/JASPAR2026_CORE_plants_non-redundant_pfms_meme.txt	MA0586.3	SPL14	TCCGTAC	2.49e-1	1.00e0	9.27e2	217	206	206	206	5	2	0.97	0	0.00
481	data/reference/motifs/JASPAR2026_CORE_plants_non-redundant_pfms_meme.txt	MA1742.2	BIZP18	TGMCAGCTGK	5.00e-1	1.00e0	9.27e2	319	206	206	206	5	12	5.83	11	5.34
482	data/reference/motifs/JASPAR2026_CORE_plants_non-redundant_pfms_meme.txt	MA2477.1	NGA4	TTCAGGTR	2.02e-1	1.00e0	9.27e2	411	206	206	206	10	74	35.92	65	31.55
483	data/reference/motifs/JASPAR2026_CORE_plants_non-redundant_pfms_meme.txt	MA2476.1	KNAT7	TGACRKCT	1.18e-1	1.00e0	9.27e2	370	206	206	206	3	115	55.83	102	49.51
484	data/reference/motifs/JASPAR2026_CORE_plants_non-redundant_pfms_meme.txt	MA2474.1	HMGB10	TWATAA	2.05e-1	1.00e0	9.27e2	409	206	206	206	5	196	95.15	191	92.72
485	data/reference/motifs/JASPAR2026_CORE_plants_non-redundant_pfms_meme.txt	MA2344.1	REV	AATMATCATTATTA	3.65e-1	1.00e0	9.27e2	411	206	206	206	17	20	9.71	17	8.25
486	data/reference/motifs/JASPAR2026_CORE_plants_non-redundant_pfms_meme.txt	MA2459.1	EDF3	RCAACAKA	1.88e-1	1.00e0	9.27e2	383	206	206	206	3	108	52.43	98	47.57
487	data/reference/motifs/JASPAR2026_CORE_plants_non-redundant_pfms_meme.txt	MA1205.1	AGL6	TTWCCAAAAAWGGAAAAWW	3.04e-1	1.00e0	9.27e2	264	206	206	206	1	135	65.53	129	62.62
488	data/reference/motifs/JASPAR2026_CORE_plants_non-redundant_pfms_meme.txt	MA1204.1	AGL13	TTWCCAAAAAWRGWAAAW	5.39e-1	1.00e0	9.27e2	210	206	206	206	1	105	50.97	105	50.97
489	data/reference/motifs/JASPAR2026_CORE_plants_non-redundant_pfms_meme.txt	MA1203.1	AGL63	TKCCAAAAATGGMAA	2.43e-1	1.00e0	9.27e2	322	206	206	206	4	33	16.02	27	13.11
490	data/reference/motifs/JASPAR2026_CORE_plants_non-redundant_pfms_meme.txt	MA1199.1	AGL16	TTTCCWTTTTDGGWA	2.36e-1	1.00e0	9.27e2	323	206	206	206	1	165	80.10	158	76.70
491	data/reference/motifs/JASPAR2026_CORE_plants_non-redundant_pfms_meme.txt	MA1188.1	At3g11280	AWYCTTATCTTHWY	2.05e-1	1.00e0	9.27e2	412	206	206	206	15	15	7.28	10	4.85
492	data/reference/motifs/JASPAR2026_CORE_plants_non-redundant_pfms_meme.txt	MA1042.1	MYB59	RTTAGGTA	1.86e-1	1.00e0	9.27e2	412	206	206	206	31	4	1.94	1	0.49
493	data/reference/motifs/JASPAR2026_CORE_plants_non-redundant_pfms_meme.txt	MA1040.1	MYB46	GKTAGGTR	1.13e-1	1.00e0	9.27e2	411	206	206	206	12	38	18.45	28	13.59
494	data/reference/motifs/JASPAR2026_CORE_plants_non-redundant_pfms_meme.txt	MA1039.1	MYB4	GGTWGGTR	1.05e-1	1.00e0	9.27e2	412	206	206	206	24	21	10.19	13	6.31
495	data/reference/motifs/JASPAR2026_CORE_plants_non-redundant_pfms_meme.txt	MA1012.1	AGL27	CTTTCYATTTTKGG	3.63e-1	1.00e0	9.27e2	323	206	206	206	3	50	24.27	46	22.33
496	data/reference/motifs/JASPAR2026_CORE_plants_non-redundant_pfms_meme.txt	MA0940.1	AP1	MYAAAAAWRGAAA	1.67e-1	1.00e0	9.27e2	412	206	206	206	23	149	72.33	139	67.48
497	data/reference/motifs/JASPAR2026_CORE_plants_non-redundant_pfms_meme.txt	MA0578.1	SPL8	WWDWHYGTACHHTWWW	2.87e-1	1.00e0	9.27e2	353	206	206	206	1	179	86.89	174	84.47
498	data/reference/motifs/JASPAR2026_CORE_plants_non-redundant_pfms_meme.txt	MA0574.1	MYB15	CRACGGTAGGTGG	5.00e-1	1.00e0	9.27e2	66	206	206	206	3	1	0.49	0	0.00
499	data/reference/motifs/JASPAR2026_CORE_plants_non-redundant_pfms_meme.txt	MA0559.1	PI	CCAAAARWRGAAAR	2.45e-1	1.00e0	9.27e2	411	206	206	206	10	105	50.97	97	47.09
500	data/reference/motifs/JASPAR2026_CORE_plants_non-redundant_pfms_meme.txt	MA2478.1	PK13314.1	GGGCCCAC	1.49e-1	1.00e0	9.27e2	410	206	206	206	12	75	36.41	64	31.07
501	data/reference/motifs/JASPAR2026_CORE_plants_non-redundant_pfms_meme.txt	MA2039.2	ASIL2	CTCCGGCGA	2.13e-1	1.00e0	9.27e2	257	206	206	206	6	16	7.77	11	5.34
502	data/reference/motifs/JASPAR2026_CORE_plants_non-redundant_pfms_meme.txt	MA1661.2	GTL1	GGTTAAAA	1.05e-1	1.00e0	9.27e2	412	206	206	206	13	161	78.16	149	72.33
503	data/reference/motifs/JASPAR2026_CORE_plants_non-redundant_pfms_meme.txt	MA1368.3	GT-4	TAACTATGGTTA	2.39e-1	1.00e0	9.27e2	364	206	206	206	3	131	63.59	123	59.71
504	data/reference/motifs/JASPAR2026_CORE_plants_non-redundant_pfms_meme.txt	MA1366.2	DF1	RGTAAAAA	1.44e-1	1.00e0	9.27e2	412	206	206	206	8	192	93.20	185	89.81
505	data/reference/motifs/JASPAR2026_CORE_plants_non-redundant_pfms_meme.txt	MA1365.3	AT5G47660	GGTAAAA	1.98e-1	1.00e0	9.27e2	412	206	206	206	9	146	70.87	137	66.50
506	data/reference/motifs/JASPAR2026_CORE_plants_non-redundant_pfms_meme.txt	MA1208.2	GT-2	WTTTTTACCGY	1.06e-1	1.00e0	9.27e2	412	206	206	206	9	160	77.67	148	71.84
507	data/reference/motifs/JASPAR2026_CORE_plants_non-redundant_pfms_meme.txt	MA2032.2	TRB1	AAACCCTAA	4.20e-1	1.00e0	9.27e2	412	206	206	206	14	14	6.80	12	5.83
508	data/reference/motifs/JASPAR2026_CORE_plants_non-redundant_pfms_meme.txt	MA2031.2	AT5G04760	CTTATCY	1.10e-1	1.00e0	9.27e2	412	206	206	206	23	8	3.88	3	1.46
509	data/reference/motifs/JASPAR2026_CORE_plants_non-redundant_pfms_meme.txt	MA1802.2	TRP5	WAAACCY	2.45e-1	1.00e0	9.27e2	412	206	206	206	60	107	51.94	99	48.06
510	data/reference/motifs/JASPAR2026_CORE_plants_non-redundant_pfms_meme.txt	MA1793.2	NID1	TTATCC	2.25e-1	1.00e0	9.27e2	412	206	206	206	45	204	99.03	201	97.57
511	data/reference/motifs/JASPAR2026_CORE_plants_non-redundant_pfms_meme.txt	MA1408.2	FaEOBII	GTTAGGTA	2.72e-1	1.00e0	9.27e2	412	206	206	206	27	15	7.28	11	5.34
512	data/reference/motifs/JASPAR2026_CORE_plants_non-redundant_pfms_meme.txt	MA1401.2	RVE7	AAAATATCT	1.36e-1	1.00e0	9.27e2	297	206	206	206	1	154	74.76	143	69.42
513	data/reference/motifs/JASPAR2026_CORE_plants_non-redundant_pfms_meme.txt	MA1400.2	AT1G19000	WWWTGGATAAGRW	1.46e-1	1.00e0	9.27e2	388	206	206	206	8	10	4.85	5	2.43
514	data/reference/motifs/JASPAR2026_CORE_plants_non-redundant_pfms_meme.txt	MA1398.3	KUA1	CTTATCCA	1.12e-1	1.00e0	9.27e2	412	206	206	206	20	29	14.08	20	9.71
515	data/reference/motifs/JASPAR2026_CORE_plants_non-redundant_pfms_meme.txt	MA1196.2	AT5G05790	AWYCTTATCYTNWT	1.19e-1	1.00e0	9.27e2	411	206	206	206	6	150	72.82	138	66.99
516	data/reference/motifs/JASPAR2026_CORE_plants_non-redundant_pfms_meme.txt	MA1195.2	AT5G56840	AAYCTTATCCAWWW	2.49e-1	1.00e0	9.27e2	405	206	206	206	13	2	0.97	0	0.00
517	data/reference/motifs/JASPAR2026_CORE_plants_non-redundant_pfms_meme.txt	MA1194.2	AT3G10580	DWDWRGATAAGVWT	1.24e-1	1.00e0	9.27e2	412	206	206	206	15	3	1.46	0	0.00
518	data/reference/motifs/JASPAR2026_CORE_plants_non-redundant_pfms_meme.txt	MA1192.2	DIV1	WRGATAAGRTT	2.25e-1	1.00e0	9.27e2	408	206	206	206	11	5	2.43	2	0.97
519	data/reference/motifs/JASPAR2026_CORE_plants_non-redundant_pfms_meme.txt	MA1186.2	YAB4	AWYCTTATCYW	4.43e-1	1.00e0	9.27e2	412	206	206	206	6	179	86.89	177	85.92
520	data/reference/motifs/JASPAR2026_CORE_plants_non-redundant_pfms_meme.txt	MA0579.2	CDC5	GCTCAGCGC	6.19e-1	1.00e0	9.27e2	352	206	206	206	2	123	59.71	125	60.68
521	data/reference/motifs/JASPAR2026_CORE_plants_non-redundant_pfms_meme.txt	MA2042.2	MYB58	CCACCAACC	1.10e-1	1.00e0	9.27e2	412	206	206	206	25	8	3.88	3	1.46
522	data/reference/motifs/JASPAR2026_CORE_plants_non-redundant_pfms_meme.txt	MA2041.2	MYB13	YCACCAACCA	1.46e-1	1.00e0	9.27e2	411	206	206	206	13	39	18.93	30	14.56
523	data/reference/motifs/JASPAR2026_CORE_plants_non-redundant_pfms_meme.txt	MA2030.2	MYB96	MCCAACTACCA	2.22e-1	1.00e0	9.27e2	405	206	206	206	8	62	30.10	54	26.21
524	data/reference/motifs/JASPAR2026_CORE_plants_non-redundant_pfms_meme.txt	MA2027.2	MYB44	HAACGGTCA	1.11e-1	1.00e0	9.27e2	402	206	206	206	9	22	10.68	14	6.80
525	data/reference/motifs/JASPAR2026_CORE_plants_non-redundant_pfms_meme.txt	MA2026.2	MYB108	TACCTAACTT	1.67e-1	1.00e0	9.27e2	407	206	206	206	9	25	12.14	18	8.74
526	data/reference/motifs/JASPAR2026_CORE_plants_non-redundant_pfms_meme.txt	MA2025.2	MYB93	TACCAAAC	2.70e-1	1.00e0	9.27e2	412	206	206	206	16	80	38.83	73	35.44
527	data/reference/motifs/JASPAR2026_CORE_plants_non-redundant_pfms_meme.txt	MA2008.2	MYB99	CACCTAMY	1.05e-1	1.00e0	9.27e2	373	206	206	206	2	161	78.16	149	72.33
528	data/reference/motifs/JASPAR2026_CORE_plants_non-redundant_pfms_meme.txt	MA1780.2	MYB92	ACCTAAC	1.51e-1	1.00e0	9.27e2	412	206	206	206	10	55	26.70	45	21.84
529	data/reference/motifs/JASPAR2026_CORE_plants_non-redundant_pfms_meme.txt	MA1774.2	MYB60	YCAACYACYT	1.13e-1	1.00e0	9.27e2	407	206	206	206	9	38	18.45	28	13.59
530	data/reference/motifs/JASPAR2026_CORE_plants_non-redundant_pfms_meme.txt	MA1773.2	MYB51	YYYACCWACYW	2.49e-1	1.00e0	9.27e2	401	206	206	206	14	2	0.97	0	0.00
531	data/reference/motifs/JASPAR2026_CORE_plants_non-redundant_pfms_meme.txt	MA1772.2	MYB43	YTYACCWAMCWT	2.74e-1	1.00e0	9.27e2	366	206	206	206	4	47	22.82	41	19.90
532	data/reference/motifs/JASPAR2026_CORE_plants_non-redundant_pfms_meme.txt	MA1771.2	MYB41	TYACCTAMYT	1.51e-1	1.00e0	9.27e2	409	206	206	206	12	22	10.68	15	7.28
533	data/reference/motifs/JASPAR2026_CORE_plants_non-redundant_pfms_meme.txt	MA1769.2	MYB39	YYCACCTAMYTT	9.85e-2	1.00e0	9.27e2	403	206	206	206	9	15	7.28	8	3.88
534	data/reference/motifs/JASPAR2026_CORE_plants_non-redundant_pfms_meme.txt	MA1768.2	MYB30	CCAACYACCAMC	1.96e-1	1.00e0	9.27e2	410	206	206	206	13	32	15.53	25	12.14
535	data/reference/motifs/JASPAR2026_CORE_plants_non-redundant_pfms_meme.txt	MA1765.2	MYB121	TACCTAACW	1.56e-1	1.00e0	9.27e2	409	206	206	206	12	16	7.77	10	4.85
536	data/reference/motifs/JASPAR2026_CORE_plants_non-redundant_pfms_meme.txt	MA1764.2	MYB116	TGCCTAACTT	3.45e-1	1.00e0	9.27e2	303	206	206	206	2	91	44.17	86	41.75
537	data/reference/motifs/JASPAR2026_CORE_plants_non-redundant_pfms_meme.txt	MA1393.3	MYB70	AACCGTT	2.89e-1	1.00e0	9.27e2	412	206	206	206	7	154	74.76	148	71.84
538	data/reference/motifs/JASPAR2026_CORE_plants_non-redundant_pfms_meme.txt	MA1392.3	MYB98	WMCGTTAC	3.76e-1	1.00e0	9.27e2	397	206	206	206	3	141	68.45	137	66.50
539	data/reference/motifs/JASPAR2026_CORE_plants_non-redundant_pfms_meme.txt	MA1294.2	MYB62	WAGTTAGGY	1.79e-1	1.00e0	9.27e2	410	206	206	206	11	19	9.22	13	6.31
540	data/reference/motifs/JASPAR2026_CORE_plants_non-redundant_pfms_meme.txt	MA1293.2	MYB57	TACCTAACTT	2.49e-1	1.00e0	9.27e2	194	206	206	206	4	2	0.97	0	0.00
541	data/reference/motifs/JASPAR2026_CORE_plants_non-redundant_pfms_meme.txt	MA1292.2	MYB27	AAAAATTAGGTA	2.72e-1	1.00e0	9.27e2	197	206	206	206	3	7	3.40	4	1.94
542	data/reference/motifs/JASPAR2026_CORE_plants_non-redundant_pfms_meme.txt	MA1173.2	MYB101	TAACCGAAW	8.74e-2	1.00e0	9.27e2	412	206	206	206	9	204	99.03	199	96.60
543	data/reference/motifs/JASPAR2026_CORE_plants_non-redundant_pfms_meme.txt	MA1037.2	MYB24	GTTAGGY	1.08e-1	1.00e0	9.27e2	412	206	206	206	73	16	7.77	9	4.37
544	data/reference/motifs/JASPAR2026_CORE_plants_non-redundant_pfms_meme.txt	MA1030.2	P0510F09.23	WRMCCTA	1.85e-1	1.00e0	9.27e2	412	206	206	206	39	13	6.31	8	3.88
545	data/reference/motifs/JASPAR2026_CORE_plants_non-redundant_pfms_meme.txt	MA0575.2	MYB77	GACRGTTAS	1.90e-1	1.00e0	9.27e2	362	206	206	206	6	8	3.88	4	1.94
546	data/reference/motifs/JASPAR2026_CORE_plants_non-redundant_pfms_meme.txt	MA2023.2	PHL4	RGAATATTCC	3.05e-1	1.00e0	9.27e2	313	206	206	206	3	79	38.35	73	35.44
547	data/reference/motifs/JASPAR2026_CORE_plants_non-redundant_pfms_meme.txt	MA1830.2	Zm00001d015407	AAGGAATATTCTTTTT	2.49e-1	1.00e0	9.27e2	393	206	206	206	13	2	0.97	0	0.00
548	data/reference/motifs/JASPAR2026_CORE_plants_non-redundant_pfms_meme.txt	MA1737.2	AT5G05090	AGATHCG	1.86e-1	1.00e0	9.27e2	412	206	206	206	25	4	1.94	1	0.49
549	data/reference/motifs/JASPAR2026_CORE_plants_non-redundant_pfms_meme.txt	MA1735.2	AT2G38300	AAHATTCYHT	1.08e-1	1.00e0	9.27e2	412	206	206	206	3	205	99.51	201	97.57
550	data/reference/motifs/JASPAR2026_CORE_plants_non-redundant_pfms_meme.txt	MA1390.3	HHO2	AAGATTCC	5.00e-1	1.00e0	9.27e2	412	206	206	206	2	206	100.00	205	99.51
551	data/reference/motifs/JASPAR2026_CORE_plants_non-redundant_pfms_meme.txt	MA1389.2	PHL1	AARGAATATTCB	2.40e-1	1.00e0	9.27e2	336	206	206	206	4	32	15.53	26	12.62
552	data/reference/motifs/JASPAR2026_CORE_plants_non-redundant_pfms_meme.txt	MA1388.2	PHL2	VGAATMT	1.43e-1	1.00e0	9.27e2	411	206	206	206	12	38	18.45	29	14.08
553	data/reference/motifs/JASPAR2026_CORE_plants_non-redundant_pfms_meme.txt	MA1387.2	HRS1	ATCRAAGATTCY	3.60e-1	1.00e0	9.27e2	403	206	206	206	3	163	79.13	159	77.18
554	data/reference/motifs/JASPAR2026_CORE_plants_non-redundant_pfms_meme.txt	MA1386.3	HHO3	AAGATTCT	4.18e-1	1.00e0	9.27e2	412	206	206	206	11	72	34.95	69	33.50
555	data/reference/motifs/JASPAR2026_CORE_plants_non-redundant_pfms_meme.txt	MA1385.2	AT2G40260	AAHATTCTYT	4.17e-1	1.00e0	9.27e2	411	206	206	206	14	13	6.31	11	5.34
556	data/reference/motifs/JASPAR2026_CORE_plants_non-redundant_pfms_meme.txt	MA1383.2	KAN2	AATATTCTTT	2.63e-1	1.00e0	9.27e2	410	206	206	206	10	41	19.90	35	16.99
557	data/reference/motifs/JASPAR2026_CORE_plants_non-redundant_pfms_meme.txt	MA1168.2	MYR2	RGAATMTT	2.49e-1	1.00e0	9.27e2	402	206	206	206	13	2	0.97	0	0.00
558	data/reference/motifs/JASPAR2026_CORE_plants_non-redundant_pfms_meme.txt	MA1167.2	EFM	RGAATATTC	4.05e-1	1.00e0	9.27e2	394	206	206	206	1	198	96.12	196	95.15
559	data/reference/motifs/JASPAR2026_CORE_plants_non-redundant_pfms_meme.txt	MA1166.2	PHL12	AARRGAATATTC	2.60e-1	1.00e0	9.27e2	294	206	206	206	4	24	11.65	19	9.22
560	data/reference/motifs/JASPAR2026_CORE_plants_non-redundant_pfms_meme.txt	MA1165.3	HHO6	AGATTCT	5.00e-1	1.00e0	9.27e2	412	206	206	206	11	108	52.43	107	51.94
561	data/reference/motifs/JASPAR2026_CORE_plants_non-redundant_pfms_meme.txt	MA1164.2	HHO5	RAAGATTC	3.10e-1	1.00e0	9.27e2	402	206	206	206	8	43	20.87	38	18.45
562	data/reference/motifs/JASPAR2026_CORE_plants_non-redundant_pfms_meme.txt	MA1409.2	OsRR22	AGATACGST	1.30e-1	1.00e0	9.27e2	409	206	206	206	12	9	4.37	4	1.94
563	data/reference/motifs/JASPAR2026_CORE_plants_non-redundant_pfms_meme.txt	MA0949.2	ARR2	MGWATCTT	1.86e-1	1.00e0	9.27e2	411	206	206	206	18	4	1.94	1	0.49
564	data/reference/motifs/JASPAR2026_CORE_plants_non-redundant_pfms_meme.txt	MA0948.2	ARR18	AGATACG	3.62e-1	1.00e0	9.27e2	412	206	206	206	15	203	98.54	201	97.57
565	data/reference/motifs/JASPAR2026_CORE_plants_non-redundant_pfms_meme.txt	MA2022.2	LOB	CCGCCGCCGCMGC	2.49e-1	1.00e0	9.27e2	162	206	206	206	22	2	0.97	0	0.00
566	data/reference/motifs/JASPAR2026_CORE_plants_non-redundant_pfms_meme.txt	MA1673.2	LBD18	GCCGGAAA	1.33e-1	1.00e0	9.27e2	410	206	206	206	5	170	82.52	160	77.67
567	data/reference/motifs/JASPAR2026_CORE_plants_non-redundant_pfms_meme.txt	MA1823.2	Zm00001d027846	AAAGAAAA	3.41e-1	1.00e0	9.27e2	412	206	206	206	68	77	37.38	72	34.95
568	data/reference/motifs/JASPAR2026_CORE_plants_non-redundant_pfms_meme.txt	MA1747.2	DOF4.3	WAAAGWRGCTTTW	5.00e-1	1.00e0	9.27e2	167	206	206	206	3	8	3.88	7	3.40
569	data/reference/motifs/JASPAR2026_CORE_plants_non-redundant_pfms_meme.txt	MA1281.2	DOF5.1	AAAAAGWAAAAARAAAAAR	2.43e-1	1.00e0	9.27e2	412	206	206	206	14	120	58.25	112	54.37
570	data/reference/motifs/JASPAR2026_CORE_plants_non-redundant_pfms_meme.txt	MA1280.2	DOF5.4	AAAAAGK	1.85e-1	1.00e0	9.27e2	412	206	206	206	11	192	93.20	186	90.29
571	data/reference/motifs/JASPAR2026_CORE_plants_non-redundant_pfms_meme.txt	MA1278.2	DOF3.4	TTYTTTTTTWVCTTTTT	2.25e-1	1.00e0	9.27e2	412	206	206	206	32	5	2.43	2	0.97
572	data/reference/motifs/JASPAR2026_CORE_plants_non-redundant_pfms_meme.txt	MA1277.2	DOF1.7	AAAAAGTARAA	2.51e-1	1.00e0	9.27e2	412	206	206	206	14	189	91.75	184	89.32
573	data/reference/motifs/JASPAR2026_CORE_plants_non-redundant_pfms_meme.txt	MA1273.2	DOF4.2	AAAAAGGYAAA	1.31e-1	1.00e0	9.27e2	412	206	206	206	5	194	94.17	187	90.78
574	data/reference/motifs/JASPAR2026_CORE_plants_non-redundant_pfms_meme.txt	MA1272.3	DOF2.2	AAAAAG	1.62e-1	1.00e0	9.27e2	411	206	206	206	8	104	50.49	93	45.15
575	data/reference/motifs/JASPAR2026_CORE_plants_non-redundant_pfms_meme.txt	MA1269.2	DOF4.5	AWAAAGTWRCTTT	1.40e-1	1.00e0	9.27e2	412	206	206	206	9	151	73.30	140	67.96
576	data/reference/motifs/JASPAR2026_CORE_plants_non-redundant_pfms_meme.txt	MA1267.2	DOF5.8	TTTTTHYTTTTTACTTTTT	1.25e-1	1.00e0	9.27e2	412	206	206	206	12	143	69.42	131	63.59
577	data/reference/motifs/JASPAR2026_CORE_plants_non-redundant_pfms_meme.txt	MA0989.2	PHYPADRAFT_153324	WAAAG	1.42e-1	1.00e0	9.27e2	412	206	206	206	146	204	99.03	200	97.09
578	data/reference/motifs/JASPAR2026_CORE_plants_non-redundant_pfms_meme.txt	MA0984.2	DOF5.7	AAARR	1.08e-1	1.00e0	9.27e2	412	206	206	206	149	205	99.51	201	97.57
579	data/reference/motifs/JASPAR2026_CORE_plants_non-redundant_pfms_meme.txt	MA0973.2	CDF2	AAAAAGY	9.84e-2	1.00e0	9.27e2	412	206	206	206	41	175	84.95	164	79.61
580	data/reference/motifs/JASPAR2026_CORE_plants_non-redundant_pfms_meme.txt	MA1396.2	GATA6	AGATCTAGAT	2.77e-1	1.00e0	9.27e2	306	206	206	206	2	101	49.03	94	45.63
581	data/reference/motifs/JASPAR2026_CORE_plants_non-redundant_pfms_meme.txt	MA1325.2	GATA14	TAGATCTR	1.12e-1	1.00e0	9.27e2	401	206	206	206	8	62	30.10	50	24.27
582	data/reference/motifs/JASPAR2026_CORE_plants_non-redundant_pfms_meme.txt	MA1323.2	GATA19	GATCBGATY	1.86e-1	1.00e0	9.27e2	404	206	206	206	14	4	1.94	1	0.49
583	data/reference/motifs/JASPAR2026_CORE_plants_non-redundant_pfms_meme.txt	MA1018.2	GATA9	AGATCT	1.30e-1	1.00e0	9.27e2	396	206	206	206	9	34	16.50	25	12.14
584	data/reference/motifs/JASPAR2026_CORE_plants_non-redundant_pfms_meme.txt	MA1016.2	GATA15	GATC	8.65e-2	1.00e0	9.27e2	412	206	206	206	107	145	70.39	131	63.59
585	data/reference/motifs/JASPAR2026_CORE_plants_non-redundant_pfms_meme.txt	MA0585.2	AGL1	TTDCCWWWWWDGGWAA	1.24e-1	1.00e0	9.27e2	407	206	206	206	18	3	1.46	0	0.00
586	data/reference/motifs/JASPAR2026_CORE_plants_non-redundant_pfms_meme.txt	MA0584.2	SEP1	CCAWAWWTRGWAA	1.86e-1	1.00e0	9.27e2	386	206	206	206	13	4	1.94	1	0.49
587	data/reference/motifs/JASPAR2026_CORE_plants_non-redundant_pfms_meme.txt	MA0558.2	FLC	CCMAAAATRGAAAG	3.42e-1	1.00e0	9.27e2	411	206	206	206	5	131	63.59	126	61.17
588	data/reference/motifs/JASPAR2026_CORE_plants_non-redundant_pfms_meme.txt	MA0556.2	AP3	CCAAAARWRGAAA	1.61e-1	1.00e0	9.27e2	410	206	206	206	9	45	21.84	36	17.48
589	data/reference/motifs/JASPAR2026_CORE_plants_non-redundant_pfms_meme.txt	MA0555.2	SVP	WWWCCAAAAAWGGAAA	2.56e-1	1.00e0	9.27e2	390	206	206	206	1	197	95.63	193	93.69
590	data/reference/motifs/JASPAR2026_CORE_plants_non-redundant_pfms_meme.txt	MA0554.2	SOC1	TTTCCWTTTTTGG	2.13e-1	1.00e0	9.27e2	411	206	206	206	11	16	7.77	11	5.34
591	data/reference/motifs/JASPAR2026_CORE_plants_non-redundant_pfms_meme.txt	MA0548.3	AGL15	TTTCCWTTTTDGGWAA	5.43e-1	1.00e0	9.27e2	294	206	206	206	1	147	71.36	147	71.36
592	data/reference/motifs/JASPAR2026_CORE_plants_non-redundant_pfms_meme.txt	MA0082.2	squamosa	MCAWAWATRGWAA	2.51e-1	1.00e0	9.27e2	412	206	206	206	6	203	98.54	200	97.09
593	data/reference/motifs/JASPAR2026_CORE_plants_non-redundant_pfms_meme.txt	MA0001.3	AGL3	CCAWWWATAG	1.69e-1	1.00e0	9.27e2	412	206	206	206	6	203	98.54	199	96.60
594	data/reference/motifs/JASPAR2026_CORE_plants_non-redundant_pfms_meme.txt	MA1330.2	ZHD6	AAWHRTAATTAA	1.36e-1	1.00e0	9.27e2	412	206	206	206	20	47	22.82	37	17.96
595	data/reference/motifs/JASPAR2026_CORE_plants_non-redundant_pfms_meme.txt	MA1824.2	Zm00001d005692	CAATAATT	1.56e-1	1.00e0	9.27e2	412	206	206	206	35	132	64.08	121	58.74
596	data/reference/motifs/JASPAR2026_CORE_plants_non-redundant_pfms_meme.txt	MA1757.2	HDG7	DCATTAAWTR	3.13e-1	1.00e0	9.27e2	410	206	206	206	4	187	90.78	183	88.83
597	data/reference/motifs/JASPAR2026_CORE_plants_non-redundant_pfms_meme.txt	MA1406.2	ATHB-4	YAATSATTG	2.63e-1	1.00e0	9.27e2	412	206	206	206	11	171	83.01	165	80.10
598	data/reference/motifs/JASPAR2026_CORE_plants_non-redundant_pfms_meme.txt	MA1375.2	ANL2	GCATTAATTR	2.49e-1	1.00e0	9.27e2	410	206	206	206	1	206	100.00	204	99.03
599	data/reference/motifs/JASPAR2026_CORE_plants_non-redundant_pfms_meme.txt	MA1369.2	HDG1	YAATTAATGM	2.60e-1	1.00e0	9.27e2	412	206	206	206	4	187	90.78	182	88.35
600	data/reference/motifs/JASPAR2026_CORE_plants_non-redundant_pfms_meme.txt	MA1327.3	ATHB-23	TAATTAA	8.89e-2	1.00e0	9.27e2	412	206	206	206	3	199	96.60	192	93.20
601	data/reference/motifs/JASPAR2026_CORE_plants_non-redundant_pfms_meme.txt	MA1212.2	ATHB-13	YAATAATT	1.84e-1	1.00e0	9.27e2	412	206	206	206	9	157	76.21	148	71.84
602	data/reference/motifs/JASPAR2026_CORE_plants_non-redundant_pfms_meme.txt	MA1211.2	ATHB-X	YAATYATTD	2.45e-1	1.00e0	9.27e2	412	206	206	206	9	107	51.94	99	48.06
603	data/reference/motifs/JASPAR2026_CORE_plants_non-redundant_pfms_meme.txt	MA1209.2	ATHB-20	YAATAATT	3.05e-1	1.00e0	9.27e2	401	206	206	206	7	80	38.83	74	35.92
604	data/reference/motifs/JASPAR2026_CORE_plants_non-redundant_pfms_meme.txt	MA1198.2	HAT2	YAATCATT	9.90e-2	1.00e0	9.27e2	410	206	206	206	11	120	58.25	106	51.46
605	data/reference/motifs/JASPAR2026_CORE_plants_non-redundant_pfms_meme.txt	MA1026.3	ATHB-15	AWDRTAATGATKA	4.14e-1	1.00e0	9.27e2	400	206	206	206	10	12	5.83	10	4.85
606	data/reference/motifs/JASPAR2026_CORE_plants_non-redundant_pfms_meme.txt	MA0990.2	HDG11	AWTWAATGC	1.27e-1	1.00e0	9.27e2	412	206	206	206	66	77	37.38	65	31.55
607	data/reference/motifs/JASPAR2026_CORE_plants_non-redundant_pfms_meme.txt	MA0953.2	ATHB-6	CAATHAT	1.04e-1	1.00e0	9.27e2	412	206	206	206	100	181	87.86	171	83.01
608	data/reference/motifs/JASPAR2026_CORE_plants_non-redundant_pfms_meme.txt	MA0008.4	HAT5	CAATAATTG	1.55e-1	1.00e0	9.27e2	406	206	206	206	5	158	76.70	148	71.84
609	data/reference/motifs/JASPAR2026_CORE_plants_non-redundant_pfms_meme.txt	MA2020.2	HSFB4	GAAGTTTCCR	3.82e-1	1.00e0	9.27e2	397	206	206	206	5	87	42.23	83	40.29
610	data/reference/motifs/JASPAR2026_CORE_plants_non-redundant_pfms_meme.txt	MA2019.2	HSFA1B	GAAACTTC	1.86e-1	1.00e0	9.27e2	411	206	206	206	2	205	99.51	202	98.06
611	data/reference/motifs/JASPAR2026_CORE_plants_non-redundant_pfms_meme.txt	MA1761.2	HSFB3	AAGCTTCTAGAA	1.46e-1	1.00e0	9.27e2	394	206	206	206	3	145	70.39	134	65.05
612	data/reference/motifs/JASPAR2026_CORE_plants_non-redundant_pfms_meme.txt	MA1759.2	HSFA4A	AGAAGCTTCTAGAA	5.00e-1	1.00e0	9.27e2	280	206	206	206	5	11	5.34	10	4.85
613	data/reference/motifs/JASPAR2026_CORE_plants_non-redundant_pfms_meme.txt	MA1758.2	HSFA1E	AGAAGCTTCTAGAA	2.26e-1	1.00e0	9.27e2	217	206	206	206	2	43	20.87	36	17.48
614	data/reference/motifs/JASPAR2026_CORE_plants_non-redundant_pfms_meme.txt	MA1664.3	HSFA6B	TTCTRGAA	1.03e-1	1.00e0	9.27e2	411	206	206	206	7	162	78.64	150	72.82
615	data/reference/motifs/JASPAR2026_CORE_plants_non-redundant_pfms_meme.txt	MA1318.2	WRKY27	CGTTGACTTTT	2.25e-1	1.00e0	9.27e2	269	206	206	206	5	5	2.43	2	0.97
616	data/reference/motifs/JASPAR2026_CORE_plants_non-redundant_pfms_meme.txt	MA1317.2	WRKY50	TTGACTTTT	1.58e-1	1.00e0	9.27e2	391	206	206	206	4	90	43.69	79	38.35
617	data/reference/motifs/JASPAR2026_CORE_plants_non-redundant_pfms_meme.txt	MA1316.2	WRKY71	AAAAGTCAAC	2.49e-1	1.00e0	9.27e2	361	206	206	206	9	2	0.97	0	0.00
618	data/reference/motifs/JASPAR2026_CORE_plants_non-redundant_pfms_meme.txt	MA1315.2	WRKY24	CGTTGACTTTT	1.08e-1	1.00e0	9.27e2	333	206	206	206	7	5	2.43	1	0.49
619	data/reference/motifs/JASPAR2026_CORE_plants_non-redundant_pfms_meme.txt	MA1314.2	WRKY14	AAAGTCAACG	1.86e-1	1.00e0	9.27e2	332	206	206	206	7	4	1.94	1	0.49
620	data/reference/motifs/JASPAR2026_CORE_plants_non-redundant_pfms_meme.txt	MA1312.2	WRKY47	CGTTGACYW	2.49e-1	1.00e0	9.27e2	396	206	206	206	11	2	0.97	0	0.00
621	data/reference/motifs/JASPAR2026_CORE_plants_non-redundant_pfms_meme.txt	MA1311.3	WRKY28	RGTCAAC	1.38e-1	1.00e0	9.27e2	412	206	206	206	11	97	47.09	85	41.26
622	data/reference/motifs/JASPAR2026_CORE_plants_non-redundant_pfms_meme.txt	MA1310.2	WRKY42	CGTTGACT	5.00e-1	1.00e0	9.27e2	355	206	206	206	9	1	0.49	0	0.00
623	data/reference/motifs/JASPAR2026_CORE_plants_non-redundant_pfms_meme.txt	MA1308.2	WRKY70	CGTTGACTTT	2.91e-1	1.00e0	9.27e2	238	206	206	206	3	18	8.74	14	6.80
624	data/reference/motifs/JASPAR2026_CORE_plants_non-redundant_pfms_meme.txt	MA1307.3	WRKY31	RGTCAACG	5.00e-1	1.00e0	9.27e2	404	206	206	206	5	93	45.15	92	44.66
625	data/reference/motifs/JASPAR2026_CORE_plants_non-redundant_pfms_meme.txt	MA1306.2	WRKY11	CGTTGACTTTT	5.00e-1	1.00e0	9.27e2	335	206	206	206	10	1	0.49	0	0.00
626	data/reference/motifs/JASPAR2026_CORE_plants_non-redundant_pfms_meme.txt	MA1305.2	WRKY55	CGTTGACTT	1.07e-1	1.00e0	9.27e2	355	206	206	206	5	28	13.59	19	9.22
627	data/reference/motifs/JASPAR2026_CORE_plants_non-redundant_pfms_meme.txt	MA1303.2	WRKY22	AAAGTCAACK	1.86e-1	1.00e0	9.27e2	327	206	206	206	7	4	1.94	1	0.49
628	data/reference/motifs/JASPAR2026_CORE_plants_non-redundant_pfms_meme.txt	MA1302.2	WRKY65	AAAGTCAACG	3.43e-1	1.00e0	9.27e2	362	206	206	206	8	4	1.94	2	0.97
629	data/reference/motifs/JASPAR2026_CORE_plants_non-redundant_pfms_meme.txt	MA1301.2	WRKY33	AAAGTCAACG	1.86e-1	1.00e0	9.27e2	336	206	206	206	7	4	1.94	1	0.49
630	data/reference/motifs/JASPAR2026_CORE_plants_non-redundant_pfms_meme.txt	MA1300.2	WRKY6	CGTTGACT	2.25e-1	1.00e0	9.27e2	308	206	206	206	6	5	2.43	2	0.97
631	data/reference/motifs/JASPAR2026_CORE_plants_non-redundant_pfms_meme.txt	MA1299.2	WRKY17	AAAGTCAACG	2.49e-1	1.00e0	9.27e2	364	206	206	206	9	2	0.97	0	0.00
632	data/reference/motifs/JASPAR2026_CORE_plants_non-redundant_pfms_meme.txt	MA1298.2	WRKY29	AAAGTCAAC	1.86e-1	1.00e0	9.27e2	391	206	206	206	10	4	1.94	1	0.49
633	data/reference/motifs/JASPAR2026_CORE_plants_non-redundant_pfms_meme.txt	MA1297.2	WRKY26	AAAAGTCAACG	5.00e-1	1.00e0	9.27e2	327	206	206	206	6	7	3.40	6	2.91
634	data/reference/motifs/JASPAR2026_CORE_plants_non-redundant_pfms_meme.txt	MA1295.2	WRKY20	CGTTGACY	1.46e-1	1.00e0	9.27e2	378	206	206	206	7	10	4.85	5	2.43
635	data/reference/motifs/JASPAR2026_CORE_plants_non-redundant_pfms_meme.txt	MA1094.3	WRKY8	AAAAGTCAACG	2.25e-1	1.00e0	9.27e2	364	206	206	206	8	5	2.43	2	0.97
636	data/reference/motifs/JASPAR2026_CORE_plants_non-redundant_pfms_meme.txt	MA1093.2	WRKY75	RGTCAAC	2.49e-1	1.00e0	9.27e2	362	206	206	206	10	2	0.97	0	0.00
637	data/reference/motifs/JASPAR2026_CORE_plants_non-redundant_pfms_meme.txt	MA1092.2	WRKY63	GGTCAA	1.24e-1	1.00e0	9.27e2	399	206	206	206	13	3	1.46	0	0.00
638	data/reference/motifs/JASPAR2026_CORE_plants_non-redundant_pfms_meme.txt	MA1090.2	WRKY60	GGTCAAC	3.12e-1	1.00e0	9.27e2	403	206	206	206	11	3	1.46	1	0.49
639	data/reference/motifs/JASPAR2026_CORE_plants_non-redundant_pfms_meme.txt	MA1087.3	WRKY45	AAAAGTCAAM	9.37e-2	1.00e0	9.27e2	409	206	206	206	10	25	12.14	16	7.77
640	data/reference/motifs/JASPAR2026_CORE_plants_non-redundant_pfms_meme.txt	MA1085.3	WRKY40	AGTCAA	1.46e-1	1.00e0	9.27e2	393	206	206	206	8	10	4.85	5	2.43
641	data/reference/motifs/JASPAR2026_CORE_plants_non-redundant_pfms_meme.txt	MA1083.3	WRKY30	ARGTCAACG	4.20e-1	1.00e0	9.27e2	401	206	206	206	4	124	60.19	121	58.74
642	data/reference/motifs/JASPAR2026_CORE_plants_non-redundant_pfms_meme.txt	MA1081.3	WRKY25	RGTCAACG	2.49e-1	1.00e0	9.27e2	407	206	206	206	14	2	0.97	0	0.00
643	data/reference/motifs/JASPAR2026_CORE_plants_non-redundant_pfms_meme.txt	MA1079.3	WRKY21	AAAAGTCAACG	1.08e-1	1.00e0	9.27e2	359	206	206	206	7	5	2.43	1	0.49
644	data/reference/motifs/JASPAR2026_CORE_plants_non-redundant_pfms_meme.txt	MA1078.2	WRKY2	GGTCAAM	3.12e-1	1.00e0	9.27e2	410	206	206	206	17	3	1.46	1	0.49
645	data/reference/motifs/JASPAR2026_CORE_plants_non-redundant_pfms_meme.txt	MA1077.2	WRKY18	RGTCAA	1.30e-1	1.00e0	9.27e2	412	206	206	206	20	9	4.37	4	1.94
646	data/reference/motifs/JASPAR2026_CORE_plants_non-redundant_pfms_meme.txt	MA1076.3	WRKY15	RGTCAACG	3.79e-1	1.00e0	9.27e2	409	206	206	206	5	133	64.56	129	62.62
647	data/reference/motifs/JASPAR2026_CORE_plants_non-redundant_pfms_meme.txt	MA0589.2	WRKY1	TTGACCGAGY	1.24e-1	1.00e0	9.27e2	295	206	206	206	8	3	1.46	0	0.00
648	data/reference/motifs/JASPAR2026_CORE_plants_non-redundant_pfms_meme.txt	MA2053.2	NAC105	CAAGCAACC	1.86e-1	1.00e0	9.27e2	412	206	206	206	21	4	1.94	1	0.49
649	data/reference/motifs/JASPAR2026_CORE_plants_non-redundant_pfms_meme.txt	MA2051.2	NAC68	ACAAGTAW	3.50e-1	1.00e0	9.27e2	412	206	206	206	15	193	93.69	190	92.23
650	data/reference/motifs/JASPAR2026_CORE_plants_non-redundant_pfms_meme.txt	MA2050.2	NAC101	CAAGCAA	4.05e-1	1.00e0	9.27e2	412	206	206	206	16	164	79.61	161	78.16
651	data/reference/motifs/JASPAR2026_CORE_plants_non-redundant_pfms_meme.txt	MA2049.2	NAC053	CAAGAAA	9.37e-2	1.00e0	9.27e2	412	206	206	206	10	155	75.24	142	68.93
652	data/reference/motifs/JASPAR2026_CORE_plants_non-redundant_pfms_meme.txt	MA2047.2	NAC037	CAAGCAA	3.44e-1	1.00e0	9.27e2	412	206	206	206	16	124	60.19	119	57.77
653	data/reference/motifs/JASPAR2026_CORE_plants_non-redundant_pfms_meme.txt	MA2046.2	NAC035	CACGGCA	1.11e-1	1.00e0	9.27e2	411	206	206	206	16	22	10.68	14	6.80
654	data/reference/motifs/JASPAR2026_CORE_plants_non-redundant_pfms_meme.txt	MA2045.2	NAC031	TTRCKTGTWNHACAAGTWA	2.88e-1	1.00e0	9.27e2	185	206	206	206	2	57	27.67	51	24.76
655	data/reference/motifs/JASPAR2026_CORE_plants_non-redundant_pfms_meme.txt	MA2043.2	NAC004	CAAGAAA	1.64e-1	1.00e0	9.27e2	412	206	206	206	24	17	8.25	11	5.34
656	data/reference/motifs/JASPAR2026_CORE_plants_non-redundant_pfms_meme.txt	MA2037.2	NAC096	CAAGTAA	5.00e-1	1.00e0	9.27e2	412	206	206	206	28	5	2.43	4	1.94
657	data/reference/motifs/JASPAR2026_CORE_plants_non-redundant_pfms_meme.txt	MA2036.2	NAC076	CAAGCAA	4.34e-1	1.00e0	9.27e2	412	206	206	206	12	187	90.78	185	89.81
658	data/reference/motifs/JASPAR2026_CORE_plants_non-redundant_pfms_meme.txt	MA2035.2	NAC075	GWAGCTTGTNNNACAAGCTW	5.00e-1	1.00e0	9.27e2	165	206	206	206	3	21	10.19	20	9.71
659	data/reference/motifs/JASPAR2026_CORE_plants_non-redundant_pfms_meme.txt	MA2034.2	NAC057	CAAGTAA	2.51e-1	1.00e0	9.27e2	412	206	206	206	11	203	98.54	200	97.09
660	data/reference/motifs/JASPAR2026_CORE_plants_non-redundant_pfms_meme.txt	MA2033.2	NAC038	TTDCKTGTDNHACAAGTWA	5.00e-1	1.00e0	9.27e2	120	206	206	206	2	35	16.99	34	16.50
661	data/reference/motifs/JASPAR2026_CORE_plants_non-redundant_pfms_meme.txt	MA2018.2	NAC69	ACAAGGCA	2.55e-1	1.00e0	9.27e2	412	206	206	206	9	152	73.79	145	70.39
662	data/reference/motifs/JASPAR2026_CORE_plants_non-redundant_pfms_meme.txt	MA2017.2	JUB1	ACGGCGA	1.01e-1	1.00e0	9.27e2	381	206	206	206	8	43	20.87	32	15.53
663	data/reference/motifs/JASPAR2026_CORE_plants_non-redundant_pfms_meme.txt	MA2010.2	SMB	CAAGCAA	1.92e-1	1.00e0	9.27e2	412	206	206	206	14	182	88.35	175	84.95
664	data/reference/motifs/JASPAR2026_CORE_plants_non-redundant_pfms_meme.txt	MA2009.2	NAC010	TAACTTGTDNHACAAGTTACC	6.25e-1	1.00e0	9.27e2	104	206	206	206	4	5	2.43	5	2.43
665	data/reference/motifs/JASPAR2026_CORE_plants_non-redundant_pfms_meme.txt	MA2006.2	NAC020	GGTTGCKTGTDNMACAAGTAA	4.51e-1	1.00e0	9.27e2	82	206	206	206	1	42	20.39	40	19.42
666	data/reference/motifs/JASPAR2026_CORE_plants_non-redundant_pfms_meme.txt	MA1787.2	NAC047	ACACGTMWCT	9.83e-2	1.00e0	9.27e2	406	206	206	206	6	97	47.09	83	40.29
667	data/reference/motifs/JASPAR2026_CORE_plants_non-redundant_pfms_meme.txt	MA1678.3	NTL8	GAAGAAAC	1.64e-1	1.00e0	9.27e2	412	206	206	206	11	180	87.38	172	83.50
668	data/reference/motifs/JASPAR2026_CORE_plants_non-redundant_pfms_meme.txt	MA1677.2	NAC078	CAAGAAA	2.01e-1	1.00e0	9.27e2	412	206	206	206	16	72	34.95	63	30.58
669	data/reference/motifs/JASPAR2026_CORE_plants_non-redundant_pfms_meme.txt	MA1676.3	NAC062	TAAGTAA	2.15e-1	1.00e0	9.27e2	412	206	206	206	31	57	27.67	49	23.79
670	data/reference/motifs/JASPAR2026_CORE_plants_non-redundant_pfms_meme.txt	MA1675.2	NAC029	ACGCAACT	2.72e-1	1.00e0	9.27e2	409	206	206	206	2	202	98.06	199	96.60
671	data/reference/motifs/JASPAR2026_CORE_plants_non-redundant_pfms_meme.txt	MA1674.3	NAC017	CAAGTAA	2.25e-1	1.00e0	9.27e2	412	206	206	206	9	204	99.03	201	97.57
672	data/reference/motifs/JASPAR2026_CORE_plants_non-redundant_pfms_meme.txt	MA1663.3	NAC050	CAAGTAAC	2.29e-1	1.00e0	9.27e2	412	206	206	206	9	183	88.83	177	85.92
673	data/reference/motifs/JASPAR2026_CORE_plants_non-redundant_pfms_meme.txt	MA1660.2	NAC013	TTACTTGTTCYMCAAGTAA	4.25e-1	1.00e0	9.27e2	144	206	206	206	3	16	7.77	14	6.80
674	data/reference/motifs/JASPAR2026_CORE_plants_non-redundant_pfms_meme.txt	MA1427.3	NAC028	CAAGTAA	2.49e-1	1.00e0	9.27e2	412	206	206	206	8	206	100.00	204	99.03
675	data/reference/motifs/JASPAR2026_CORE_plants_non-redundant_pfms_meme.txt	MA1044.2	NAC92	RCAMGCCA	9.49e-2	1.00e0	9.27e2	412	206	206	206	24	65	31.55	52	25.24
676	data/reference/motifs/JASPAR2026_CORE_plants_non-redundant_pfms_meme.txt	MA1043.2	NAC083	YACGYAA	1.86e-1	1.00e0	9.27e2	226	206	206	206	1	118	57.28	108	52.43
677	data/reference/motifs/JASPAR2026_CORE_plants_non-redundant_pfms_meme.txt	MA0938.3	NAC058	TTACKTGTDNMACAAGWAA	4.57e-1	1.00e0	9.27e2	126	206	206	206	1	64	31.07	62	30.10
678	data/reference/motifs/JASPAR2026_CORE_plants_non-redundant_pfms_meme.txt	MA1813.2	EIL4	TWCAATGAA	3.00e-1	1.00e0	9.27e2	410	206	206	206	19	9	4.37	6	2.91
679	data/reference/motifs/JASPAR2026_CORE_plants_non-redundant_pfms_meme.txt	MA1682.2	TCX3	AAATTCAAATWT	1.16e-1	1.00e0	9.27e2	412	206	206	206	18	23	11.17	15	7.28
680	data/reference/motifs/JASPAR2026_CORE_plants_non-redundant_pfms_meme.txt	MA1809.2	GLYMA-07G038400	CTGACAC	1.74e-1	1.00e0	9.27e2	412	206	206	206	25	37	17.96	29	14.08
681	data/reference/motifs/JASPAR2026_CORE_plants_non-redundant_pfms_meme.txt	MA1801.2	TREE1	AGCTD	9.62e-2	1.00e0	9.27e2	412	206	206	206	75	129	62.62	115	55.83
682	data/reference/motifs/JASPAR2026_CORE_plants_non-redundant_pfms_meme.txt	MA1415.2	REF6	RAAACAGAG	2.35e-1	1.00e0	9.27e2	393	206	206	206	3	138	66.99	130	63.11
683	data/reference/motifs/JASPAR2026_CORE_plants_non-redundant_pfms_meme.txt	MA1405.2	SIZF2	ACTGACAGT	3.43e-1	1.00e0	9.27e2	402	206	206	206	8	83	40.29	78	37.86
684	data/reference/motifs/JASPAR2026_CORE_plants_non-redundant_pfms_meme.txt	MA1374.2	IDD7	ASAAAACGACAAAA	2.21e-1	1.00e0	9.27e2	293	206	206	206	4	17	8.25	12	5.83
685	data/reference/motifs/JASPAR2026_CORE_plants_non-redundant_pfms_meme.txt	MA1159.2	SGR5	AAAWAAGACAAAA	1.46e-1	1.00e0	9.27e2	411	206	206	206	9	15	7.28	9	4.37
686	data/reference/motifs/JASPAR2026_CORE_plants_non-redundant_pfms_meme.txt	MA1158.2	MGP	AAAACGACAAAAA	2.25e-1	1.00e0	9.27e2	301	206	206	206	5	5	2.43	2	0.97
687	data/reference/motifs/JASPAR2026_CORE_plants_non-redundant_pfms_meme.txt	MA1157.2	NUC	TTTTGTCGTTTT	1.24e-1	1.00e0	9.27e2	350	206	206	206	8	3	1.46	0	0.00
688	data/reference/motifs/JASPAR2026_CORE_plants_non-redundant_pfms_meme.txt	MA1156.2	JKD	TTTTGTCKTTTT	1.90e-1	1.00e0	9.27e2	400	206	206	206	1	202	98.06	198	96.12
689	data/reference/motifs/JASPAR2026_CORE_plants_non-redundant_pfms_meme.txt	MA2015.2	NAC002	ACGCAACT	2.25e-1	1.00e0	9.27e2	412	206	206	206	20	5	2.43	2	0.97
690	data/reference/motifs/JASPAR2026_CORE_plants_non-redundant_pfms_meme.txt	MA1743.2	BZIP2	TGCTGACGTGGCA	5.00e-1	1.00e0	9.27e2	115	206	206	206	3	2	0.97	1	0.49
691	data/reference/motifs/JASPAR2026_CORE_plants_non-redundant_pfms_meme.txt	MA1345.2	BZIP48	GCCACGTCAGCA	8.19e-1	1.00e0	9.27e2	103	206	206	206	1	48	23.30	55	26.70
692	data/reference/motifs/JASPAR2026_CORE_plants_non-redundant_pfms_meme.txt	MA1341.2	BZIP53	TGCTGACGTGGCA	4.05e-1	1.00e0	9.27e2	112	206	206	206	2	10	4.85	8	3.88
693	data/reference/motifs/JASPAR2026_CORE_plants_non-redundant_pfms_meme.txt	MA1340.2	BZIP3	TGMTGACGTGGCA	3.86e-1	1.00e0	9.27e2	167	206	206	206	3	7	3.40	5	2.43
694	data/reference/motifs/JASPAR2026_CORE_plants_non-redundant_pfms_meme.txt	MA1337.2	BZIP44	WGCTGACGTGGCA	8.70e-1	1.00e0	9.27e2	96	206	206	206	2	5	2.43	8	3.88
695	data/reference/motifs/JASPAR2026_CORE_plants_non-redundant_pfms_meme.txt	MA1334.2	BZIP11	TGCCACGTCAGCA	8.74e-1	1.00e0	9.27e2	121	206	206	206	2	8	3.88	12	5.83
696	data/reference/motifs/JASPAR2026_CORE_plants_non-redundant_pfms_meme.txt	MA1803.2	VIP1	TGMCAGCTGT	5.42e-1	1.00e0	9.27e2	282	206	206	206	1	141	68.45	141	68.45
697	data/reference/motifs/JASPAR2026_CORE_plants_non-redundant_pfms_meme.txt	MA1744.2	BZIP30	GMCAGCTGK	2.49e-1	1.00e0	9.27e2	411	206	206	206	13	56	27.18	49	23.79
698	data/reference/motifs/JASPAR2026_CORE_plants_non-redundant_pfms_meme.txt	MA1343.2	BZIP52	TGMCAGCT	3.94e-1	1.00e0	9.27e2	347	206	206	206	1	175	84.95	172	83.50
699	data/reference/motifs/JASPAR2026_CORE_plants_non-redundant_pfms_meme.txt	MA1349.2	BZIP16	HSACGTGGCA	5.00e-1	1.00e0	9.27e2	143	206	206	206	3	7	3.40	6	2.91
700	data/reference/motifs/JASPAR2026_CORE_plants_non-redundant_pfms_meme.txt	MA1346.2	TGA10	GMTGACGTCA	5.00e-1	1.00e0	9.27e2	245	206	206	206	1	123	59.71	122	59.22
701	data/reference/motifs/JASPAR2026_CORE_plants_non-redundant_pfms_meme.txt	MA1336.2	TGA3	RTGACGTCAKC	4.42e-1	1.00e0	9.27e2	141	206	206	206	2	28	13.59	26	12.62
702	data/reference/motifs/JASPAR2026_CORE_plants_non-redundant_pfms_meme.txt	MA1070.3	TGA7	ATGACGTCAB	4.56e-1	1.00e0	9.27e2	274	206	206	206	3	56	27.18	54	26.21
703	data/reference/motifs/JASPAR2026_CORE_plants_non-redundant_pfms_meme.txt	MA1069.3	TGA6	ATGAYGTCAT	1.64e-1	1.00e0	9.27e2	384	206	206	206	1	195	94.66	189	91.75
704	data/reference/motifs/JASPAR2026_CORE_plants_non-redundant_pfms_meme.txt	MA1068.3	TGA2	ATGACGTCAY	2.43e-1	1.00e0	9.27e2	176	206	206	206	1	92	44.66	84	40.78
705	data/reference/motifs/JASPAR2026_CORE_plants_non-redundant_pfms_meme.txt	MA1047.3	TGA5	ATGACGTCA	2.91e-1	1.00e0	9.27e2	382	206	206	206	10	18	8.74	14	6.80
706	data/reference/motifs/JASPAR2026_CORE_plants_non-redundant_pfms_meme.txt	MA0588.2	TGA1	SVTGACGT	4.20e-1	1.00e0	9.27e2	409	206	206	206	7	83	40.29	80	38.83
707	data/reference/motifs/JASPAR2026_CORE_plants_non-redundant_pfms_meme.txt	MA1745.2	BZIP63	TSACGTGG	1.51e-1	1.00e0	9.27e2	388	206	206	206	5	78	37.86	67	32.52
708	data/reference/motifs/JASPAR2026_CORE_plants_non-redundant_pfms_meme.txt	MA1417.2	O2	TGCCACGTCATC	5.48e-1	1.00e0	9.27e2	228	206	206	206	2	43	20.87	43	20.87
709	data/reference/motifs/JASPAR2026_CORE_plants_non-redundant_pfms_meme.txt	MA1344.2	BZIP28	TSACGTGGCA	2.08e-1	1.00e0	9.27e2	249	206	206	206	5	9	4.37	5	2.43
710	data/reference/motifs/JASPAR2026_CORE_plants_non-redundant_pfms_meme.txt	MA1659.2	ABF4	CCACGTS	1.83e-1	1.00e0	9.27e2	412	206	206	206	11	129	62.62	119	57.77
711	data/reference/motifs/JASPAR2026_CORE_plants_non-redundant_pfms_meme.txt	MA1338.3	DPBF3	TGMCACGTGTC	1.62e-1	1.00e0	9.27e2	221	206	206	206	1	116	56.31	105	50.97
712	data/reference/motifs/JASPAR2026_CORE_plants_non-redundant_pfms_meme.txt	MA0931.2	ABI5	GMCACGTG	3.68e-1	1.00e0	9.27e2	304	206	206	206	1	154	74.76	150	72.82
713	data/reference/motifs/JASPAR2026_CORE_plants_non-redundant_pfms_meme.txt	MA0930.3	ABF3	ACGTGTC	1.01e-1	1.00e0	9.27e2	412	206	206	206	23	11	5.34	5	2.43
714	data/reference/motifs/JASPAR2026_CORE_plants_non-redundant_pfms_meme.txt	MA0570.3	ABF1	ACACGTGKCA	1.24e-1	1.00e0	9.27e2	356	206	206	206	2	145	70.39	133	64.56
715	data/reference/motifs/JASPAR2026_CORE_plants_non-redundant_pfms_meme.txt	MA1064.2	TCP2	TGGKMCCA	1.86e-1	1.00e0	9.27e2	407	206	206	206	2	205	99.51	202	98.06
716	data/reference/motifs/JASPAR2026_CORE_plants_non-redundant_pfms_meme.txt	MA1031.2	OJ1581_H09.2	GGGCCC	1.42e-1	1.00e0	9.27e2	394	206	206	206	28	6	2.91	2	0.97
717	data/reference/motifs/JASPAR2026_CORE_plants_non-redundant_pfms_meme.txt	MA1019.2	Glyma19g26560.1	GGSCCCAC	1.10e-1	1.00e0	9.27e2	405	206	206	206	8	82	39.81	69	33.50
718	data/reference/motifs/JASPAR2026_CORE_plants_non-redundant_pfms_meme.txt	MA1332.2	BEH2	CACACGTGCR	5.00e-1	1.00e0	9.27e2	54	206	206	206	3	1	0.49	0	0.00
719	data/reference/motifs/JASPAR2026_CORE_plants_non-redundant_pfms_meme.txt	MA1331.2	BEH4	YGCACGTGTG	5.00e-1	1.00e0	9.27e2	59	206	206	206	1	30	14.56	29	14.08
720	data/reference/motifs/JASPAR2026_CORE_plants_non-redundant_pfms_meme.txt	MA1834.2	Zm00001d034298	CCACGCG	1.38e-1	1.00e0	9.27e2	410	206	206	206	9	121	58.74	109	52.91
721	data/reference/motifs/JASPAR2026_CORE_plants_non-redundant_pfms_meme.txt	MA1739.2	BHLH122	CMACTTG	5.00e-1	1.00e0	9.27e2	378	206	206	206	12	1	0.49	0	0.00
722	data/reference/motifs/JASPAR2026_CORE_plants_non-redundant_pfms_meme.txt	MA1359.3	BPE	CACGTG	1.62e-1	1.00e0	9.27e2	329	206	206	206	4	115	55.83	104	50.49
723	data/reference/motifs/JASPAR2026_CORE_plants_non-redundant_pfms_meme.txt	MA1358.2	bHLH130	CMACTTGC	5.00e-1	1.00e0	9.27e2	330	206	206	206	3	58	28.16	57	27.67
724	data/reference/motifs/JASPAR2026_CORE_plants_non-redundant_pfms_meme.txt	MA1357.2	bHLH80	TGCAAGTKG	6.88e-1	1.00e0	9.27e2	213	206	206	206	5	2	0.97	2	0.97
725	data/reference/motifs/JASPAR2026_CORE_plants_non-redundant_pfms_meme.txt	MA1061.2	SPT	CCACGTG	1.09e-1	1.00e0	9.27e2	410	206	206	206	13	80	38.83	67	32.52
726	data/reference/motifs/JASPAR2026_CORE_plants_non-redundant_pfms_meme.txt	MA0961.2	bHLH112	CCACTTG	7.13e-1	1.00e0	9.27e2	163	206	206	206	3	6	2.91	7	3.40
727	data/reference/motifs/JASPAR2026_CORE_plants_non-redundant_pfms_meme.txt	MA0956.2	BEE2	CACGTG	1.16e-1	1.00e0	9.27e2	412	206	206	206	54	23	11.17	15	7.28
728	data/reference/motifs/JASPAR2026_CORE_plants_non-redundant_pfms_meme.txt	MA1698.2	ARF7	GCCGACAAG	2.64e-1	1.00e0	9.27e2	395	206	206	206	6	70	33.98	63	30.58
729	data/reference/motifs/JASPAR2026_CORE_plants_non-redundant_pfms_meme.txt	MA1696.2	ARF39	GGGGRACACGT	2.45e-1	1.00e0	9.27e2	397	206	206	206	7	53	25.73	46	22.33
730	data/reference/motifs/JASPAR2026_CORE_plants_non-redundant_pfms_meme.txt	MA1695.2	ARF36	GGGGGACAHGTC	2.14e-1	1.00e0	9.27e2	336	206	206	206	2	117	56.80	108	52.43
731	data/reference/motifs/JASPAR2026_CORE_plants_non-redundant_pfms_meme.txt	MA1694.2	ARF35	CCCGACAAG	1.24e-1	1.00e0	9.27e2	395	206	206	206	15	3	1.46	0	0.00
732	data/reference/motifs/JASPAR2026_CORE_plants_non-redundant_pfms_meme.txt	MA1693.2	ARF34	CAGACAGC	1.39e-1	1.00e0	9.27e2	409	206	206	206	8	103	50.00	91	44.17
733	data/reference/motifs/JASPAR2026_CORE_plants_non-redundant_pfms_meme.txt	MA1692.2	ARF29	GCCGACAA	1.08e-1	1.00e0	9.27e2	406	206	206	206	16	5	2.43	1	0.49
734	data/reference/motifs/JASPAR2026_CORE_plants_non-redundant_pfms_meme.txt	MA1691.2	ARF27	GCAGACAT	1.24e-1	1.00e0	9.27e2	411	206	206	206	24	3	1.46	0	0.00
735	data/reference/motifs/JASPAR2026_CORE_plants_non-redundant_pfms_meme.txt	MA1690.2	ARF25	ARMGGGRGACAM	2.06e-1	1.00e0	9.27e2	349	206	206	206	1	178	86.41	171	83.01
736	data/reference/motifs/JASPAR2026_CORE_plants_non-redundant_pfms_meme.txt	MA1685.2	ARF10	ARNGGGAGACA	2.58e-1	1.00e0	9.27e2	388	206	206	206	5	64	31.07	57	27.67
737	data/reference/motifs/JASPAR2026_CORE_plants_non-redundant_pfms_meme.txt	MA1206.2	ARF2	SMGACA	2.49e-1	1.00e0	9.27e2	412	206	206	206	42	2	0.97	0	0.00
738	data/reference/motifs/JASPAR2026_CORE_plants_non-redundant_pfms_meme.txt	MA0943.2	ARF5	RCCGACA	2.13e-1	1.00e0	9.27e2	404	206	206	206	12	16	7.77	11	5.34
739	data/reference/motifs/JASPAR2026_CORE_plants_non-redundant_pfms_meme.txt	MA0942.2	ARF1	ACCGACA	1.96e-1	1.00e0	9.27e2	383	206	206	206	8	14	6.80	9	4.37
740	data/reference/motifs/JASPAR2026_CORE_plants_non-redundant_pfms_meme.txt	MA1810.2	GLYMA-08G357600	ATGCATGCA	1.16e-1	1.00e0	9.27e2	405	206	206	206	3	191	92.72	183	88.83
741	data/reference/motifs/JASPAR2026_CORE_plants_non-redundant_pfms_meme.txt	MA2013.2	ERF115	YCGCCGCCGCM	2.49e-1	1.00e0	9.27e2	191	206	206	206	18	2	0.97	0	0.00
742	data/reference/motifs/JASPAR2026_CORE_plants_non-redundant_pfms_meme.txt	MA1833.2	Zm00001d049364	CCGCCGCCGCC	3.78e-1	1.00e0	9.27e2	222	206	206	206	2	72	34.95	68	33.01
743	data/reference/motifs/JASPAR2026_CORE_plants_non-redundant_pfms_meme.txt	MA1831.2	Zm00001d031796	GACGGCGACG	2.76e-1	1.00e0	9.27e2	325	206	206	206	5	48	23.30	42	20.39
744	data/reference/motifs/JASPAR2026_CORE_plants_non-redundant_pfms_meme.txt	MA1820.2	Zm00001d024324	CGCCGCCGC	3.46e-1	1.00e0	9.27e2	261	206	206	206	2	93	45.15	88	42.72
745	data/reference/motifs/JASPAR2026_CORE_plants_non-redundant_pfms_meme.txt	MA1819.2	Zm00001d005892	CGCCGCCG	1.38e-1	1.00e0	9.27e2	294	206	206	206	2	120	58.25	108	52.43
746	data/reference/motifs/JASPAR2026_CORE_plants_non-redundant_pfms_meme.txt	MA1753.2	ERF057	CCDCCDCCRCCGCC	4.47e-1	1.00e0	9.27e2	198	206	206	206	3	35	16.99	33	16.02
747	data/reference/motifs/JASPAR2026_CORE_plants_non-redundant_pfms_meme.txt	MA1752.2	ERF025	YGCCGACA	2.39e-1	1.00e0	9.27e2	268	206	206	206	2	82	39.81	74	35.92
748	data/reference/motifs/JASPAR2026_CORE_plants_non-redundant_pfms_meme.txt	MA1679.2	RAP2-1	CACCGACA	1.16e-1	1.00e0	9.27e2	365	206	206	206	6	30	14.56	21	10.19
749	data/reference/motifs/JASPAR2026_CORE_plants_non-redundant_pfms_meme.txt	MA1671.2	ERF118	CCGCCGCC	2.15e-1	1.00e0	9.27e2	295	206	206	206	3	57	27.67	49	23.79
750	data/reference/motifs/JASPAR2026_CORE_plants_non-redundant_pfms_meme.txt	MA1670.2	DREB1C	GCCGACAT	3.12e-1	1.00e0	9.27e2	389	206	206	206	14	3	1.46	1	0.49
751	data/reference/motifs/JASPAR2026_CORE_plants_non-redundant_pfms_meme.txt	MA1669.2	DREB1B	GCCGACAT	2.56e-1	1.00e0	9.27e2	382	206	206	206	9	13	6.31	9	4.37
752	data/reference/motifs/JASPAR2026_CORE_plants_non-redundant_pfms_meme.txt	MA1424.2	ERF019	CCACCGACA	2.45e-1	1.00e0	9.27e2	196	206	206	206	1	102	49.51	94	45.63
753	data/reference/motifs/JASPAR2026_CORE_plants_non-redundant_pfms_meme.txt	MA1264.2	ERF095	RYGGCGGCGGHGG	3.78e-1	1.00e0	9.27e2	140	206	206	206	1	72	34.95	68	33.01
754	data/reference/motifs/JASPAR2026_CORE_plants_non-redundant_pfms_meme.txt	MA1259.2	ERF023	TGTCGGTGR	4.61e-1	1.00e0	9.27e2	184	206	206	206	1	93	45.15	91	44.17
755	data/reference/motifs/JASPAR2026_CORE_plants_non-redundant_pfms_meme.txt	MA1258.2	DREB2A	AWGKCGGTG	2.49e-1	1.00e0	9.27e2	263	206	206	206	9	2	0.97	0	0.00
756	data/reference/motifs/JASPAR2026_CORE_plants_non-redundant_pfms_meme.txt	MA1253.2	ERF036	TGTCGGTG	3.46e-1	1.00e0	9.27e2	358	206	206	206	7	15	7.28	12	5.83
757	data/reference/motifs/JASPAR2026_CORE_plants_non-redundant_pfms_meme.txt	MA1251.2	RAP2-9	CACCGACAW	6.77e-1	1.00e0	9.27e2	162	206	206	206	2	23	11.17	25	12.14
758	data/reference/motifs/JASPAR2026_CORE_plants_non-redundant_pfms_meme.txt	MA1247.2	ERF087	GRCGGCGGMG	3.12e-1	1.00e0	9.27e2	153	206	206	206	8	3	1.46	1	0.49
759	data/reference/motifs/JASPAR2026_CORE_plants_non-redundant_pfms_meme.txt	MA1245.3	ERF112	CCGCCGCCR	2.49e-1	1.00e0	9.27e2	316	206	206	206	19	2	0.97	0	0.00
760	data/reference/motifs/JASPAR2026_CORE_plants_non-redundant_pfms_meme.txt	MA1244.2	ABR1	DTKGCGGCGGMG	1.84e-1	1.00e0	9.27e2	208	206	206	206	2	58	28.16	49	23.79
761	data/reference/motifs/JASPAR2026_CORE_plants_non-redundant_pfms_meme.txt	MA1243.2	DREB2E	MACCGACWTW	4.42e-1	1.00e0	9.27e2	171	206	206	206	2	28	13.59	26	12.62
762	data/reference/motifs/JASPAR2026_CORE_plants_non-redundant_pfms_meme.txt	MA1240.2	ERF077	CCGCCGCCRY	2.43e-1	1.00e0	9.27e2	238	206	206	206	1	123	59.71	115	55.83
763	data/reference/motifs/JASPAR2026_CORE_plants_non-redundant_pfms_meme.txt	MA1239.2	ERF104	CCDCCDCCGCCGCCRY	3.00e-1	1.00e0	9.27e2	136	206	206	206	1	71	34.47	65	31.55
764	data/reference/motifs/JASPAR2026_CORE_plants_non-redundant_pfms_meme.txt	MA1238.3	ERF038	CACCGACA	1.62e-1	1.00e0	9.27e2	359	206	206	206	3	108	52.43	97	47.09
765	data/reference/motifs/JASPAR2026_CORE_plants_non-redundant_pfms_meme.txt	MA1233.3	ERF021	CGCCGACA	1.76e-1	1.00e0	9.27e2	396	206	206	206	7	53	25.73	44	21.36
766	data/reference/motifs/JASPAR2026_CORE_plants_non-redundant_pfms_meme.txt	MA1231.3	ERF15	MGCCGCCD	2.45e-1	1.00e0	9.27e2	311	206	206	206	2	103	50.00	95	46.12
767	data/reference/motifs/JASPAR2026_CORE_plants_non-redundant_pfms_meme.txt	MA1229.2	ERF034	TGTCGGTGR	2.09e-1	1.00e0	9.27e2	197	206	206	206	2	36	17.48	29	14.08
768	data/reference/motifs/JASPAR2026_CORE_plants_non-redundant_pfms_meme.txt	MA1228.2	ERF091	RYGGCGGCGGHGG	3.43e-1	1.00e0	9.27e2	117	206	206	206	4	4	1.94	2	0.97
769	data/reference/motifs/JASPAR2026_CORE_plants_non-redundant_pfms_meme.txt	MA1227.3	ERF027	RCCGACA	1.96e-1	1.00e0	9.27e2	401	206	206	206	11	14	6.80	9	4.37
770	data/reference/motifs/JASPAR2026_CORE_plants_non-redundant_pfms_meme.txt	MA1220.2	TINY	YCACCGACA	3.50e-1	1.00e0	9.27e2	208	206	206	206	2	39	18.93	35	16.99
771	data/reference/motifs/JASPAR2026_CORE_plants_non-redundant_pfms_meme.txt	MA1218.2	DREB1D	ATGTCGGY	5.00e-1	1.00e0	9.27e2	197	206	206	206	2	45	21.84	44	21.36
772	data/reference/motifs/JASPAR2026_CORE_plants_non-redundant_pfms_meme.txt	MA1049.2	ERF094	MGCCGCC	3.12e-1	1.00e0	9.27e2	231	206	206	206	6	3	1.46	1	0.49
773	data/reference/motifs/JASPAR2026_CORE_plants_non-redundant_pfms_meme.txt	MA1005.3	ERF082	CCGCCGCCR	2.49e-1	1.00e0	9.27e2	302	206	206	206	17	2	0.97	0	0.00
774	data/reference/motifs/JASPAR2026_CORE_plants_non-redundant_pfms_meme.txt	MA1004.2	ERF13	SGCCGCC	1.61e-1	1.00e0	9.27e2	315	206	206	206	4	62	30.10	52	25.24
775	data/reference/motifs/JASPAR2026_CORE_plants_non-redundant_pfms_meme.txt	MA1001.4	ERF076	CCGCCGCCRC	2.49e-1	1.00e0	9.27e2	286	206	206	206	23	2	0.97	0	0.00
776	data/reference/motifs/JASPAR2026_CORE_plants_non-redundant_pfms_meme.txt	MA1000.3	ERF105	RYGGCGGCGG	5.00e-1	1.00e0	9.27e2	153	206	206	206	2	31	15.05	30	14.56
777	data/reference/motifs/JASPAR2026_CORE_plants_non-redundant_pfms_meme.txt	MA0998.2	ERF096	GCCGCC	1.43e-1	1.00e0	9.27e2	410	206	206	206	22	51	24.76	41	19.90
778	data/reference/motifs/JASPAR2026_CORE_plants_non-redundant_pfms_meme.txt	MA0997.2	ERF069	GCCG	2.39e-1	1.00e0	9.27e2	412	206	206	206	70	83	40.29	75	36.41
779	data/reference/motifs/JASPAR2026_CORE_plants_non-redundant_pfms_meme.txt	MA0995.3	ERF039	RCCGACA	3.12e-1	1.00e0	9.27e2	404	206	206	206	19	3	1.46	1	0.49
780	data/reference/motifs/JASPAR2026_CORE_plants_non-redundant_pfms_meme.txt	MA0994.3	ERF8	TGRCGGCGGCG	2.49e-1	1.00e0	9.27e2	247	206	206	206	19	2	0.97	0	0.00
781	data/reference/motifs/JASPAR2026_CORE_plants_non-redundant_pfms_meme.txt	MA0993.2	ERF7	GCCG	9.22e-2	1.00e0	9.27e2	412	206	206	206	46	83	40.29	69	33.50
782	data/reference/motifs/JASPAR2026_CORE_plants_non-redundant_pfms_meme.txt	MA0980.3	RAP2-10	RCCGACA	2.25e-1	1.00e0	9.27e2	399	206	206	206	11	5	2.43	2	0.97
783	data/reference/motifs/JASPAR2026_CORE_plants_non-redundant_pfms_meme.txt	MA0976.3	CRF4	CCGCCGCCRC	2.49e-1	1.00e0	9.27e2	278	206	206	206	24	2	0.97	0	0.00
784	data/reference/motifs/JASPAR2026_CORE_plants_non-redundant_pfms_meme.txt	MA0971.2	DREB1A	ATGTCGGY	3.75e-1	1.00e0	9.27e2	381	206	206	206	11	6	2.91	4	1.94
785	data/reference/motifs/JASPAR2026_CORE_plants_non-redundant_pfms_meme.txt	MA1377.2	PLT1	KGCACGVWTHYCGAGR	3.98e-1	1.00e0	9.27e2	207	206	206	206	2	38	18.45	35	16.99
786	data/reference/motifs/JASPAR2026_CORE_plants_non-redundant_pfms_meme.txt	MA1751.2	EIL3	AGRTWCAT	5.00e-1	1.00e0	9.27e2	412	206	206	206	2	206	100.00	205	99.51
787	data/reference/motifs/JASPAR2026_CORE_plants_non-redundant_pfms_meme.txt	MA1376.2	DEAR3	CRCCGMC	1.81e-1	1.00e0	9.27e2	411	206	206	206	17	84	40.78	74	35.92
788	data/reference/motifs/JASPAR2026_CORE_plants_non-redundant_pfms_meme.txt	MA2005.2	NAC016	TVCKTGWBCYNCAMG	3.93e-1	1.00e0	9.27e2	189	206	206	206	4	8	3.88	6	2.91
789	data/reference/motifs/JASPAR2026_CORE_plants_non-redundant_pfms_meme.txt	MA2455.1	SPL9D	AGCGGTASTACCGC	3.86e-1	1.00e0	9.27e2	96	206	206	206	3	7	3.40	5	2.43
790	data/reference/motifs/JASPAR2026_CORE_plants_non-redundant_pfms_meme.txt	MA2454.1	SPL8D1	ATAGTACATA	1.21e-1	1.00e0	9.27e2	412	206	206	206	13	148	71.84	136	66.02
791	data/reference/motifs/JASPAR2026_CORE_plants_non-redundant_pfms_meme.txt	MA2450.1	SPL7A	GTACTACCGCT	1.98e-1	1.00e0	9.27e2	326	206	206	206	1	167	81.07	159	77.18
792	data/reference/motifs/JASPAR2026_CORE_plants_non-redundant_pfms_meme.txt	MA2449.1	SPL6A	GCGGTAGTACC	1.45e-1	1.00e0	9.27e2	281	206	206	206	1	146	70.87	135	65.53
793	data/reference/motifs/JASPAR2026_CORE_plants_non-redundant_pfms_meme.txt	MA2448.1	SPL5D	AGCGGTASTACCGC	5.00e-1	1.00e0	9.27e2	65	206	206	206	1	33	16.02	32	15.53
794	data/reference/motifs/JASPAR2026_CORE_plants_non-redundant_pfms_meme.txt	MA2446.1	SPL5A	GCGGTASTACCGC	3.75e-1	1.00e0	9.27e2	98	206	206	206	4	6	2.91	4	1.94
795	data/reference/motifs/JASPAR2026_CORE_plants_non-redundant_pfms_meme.txt	MA2441.1	SPL3A	AGCGGTACTACC	3.33e-1	1.00e0	9.27e2	311	206	206	206	4	30	14.56	26	12.62
796	data/reference/motifs/JASPAR2026_CORE_plants_non-redundant_pfms_meme.txt	MA2440.1	SPL2B	GCGGTASTACCGC	3.00e-1	1.00e0	9.27e2	124	206	206	206	3	9	4.37	6	2.91
797	data/reference/motifs/JASPAR2026_CORE_plants_non-redundant_pfms_meme.txt	MA2439.1	SPL2A	GCGGTASTACCGC	6.05e-1	1.00e0	9.27e2	67	206	206	206	1	33	16.02	34	16.50
798	data/reference/motifs/JASPAR2026_CORE_plants_non-redundant_pfms_meme.txt	MA2437.1	SPL19B	GCGGTASTACCGC	7.51e-1	1.00e0	9.27e2	38	206	206	206	3	1	0.49	1	0.49
799	data/reference/motifs/JASPAR2026_CORE_plants_non-redundant_pfms_meme.txt	MA2435.1	SPL16D	GCGGTASTACCGC	4.17e-1	1.00e0	9.27e2	147	206	206	206	3	13	6.31	11	5.34
800	data/reference/motifs/JASPAR2026_CORE_plants_non-redundant_pfms_meme.txt	MA2433.1	SPL15D	GCGGTACTAC	1.08e-1	1.00e0	9.27e2	377	206	206	206	9	5	2.43	1	0.49
801	data/reference/motifs/JASPAR2026_CORE_plants_non-redundant_pfms_meme.txt	MA2430.1	SPL14B	GCGGTASTACCGC	3.86e-1	1.00e0	9.27e2	132	206	206	206	4	7	3.40	5	2.43
802	data/reference/motifs/JASPAR2026_CORE_plants_non-redundant_pfms_meme.txt	MA2426.1	SPL11B	AGCGGTASTACCGCT	7.15e-1	1.00e0	9.27e2	36	206	206	206	2	14	6.80	16	7.77
803	data/reference/motifs/JASPAR2026_CORE_plants_non-redundant_pfms_meme.txt	MA2425.1	SPL11A	SCGGTACTACCG	2.00e-1	1.00e0	9.27e2	260	206	206	206	2	71	34.47	62	30.10
804	data/reference/motifs/JASPAR2026_CORE_plants_non-redundant_pfms_meme.txt	MA2424.1	OsbZIP77	TGCCACGTCABC	3.81e-1	1.00e0	9.27e2	187	206	206	206	2	26	12.62	23	11.17
805	data/reference/motifs/JASPAR2026_CORE_plants_non-redundant_pfms_meme.txt	MA2423.1	OsbZIP69	GMTGACGTGGCA	8.08e-1	1.00e0	9.27e2	186	206	206	206	2	25	12.14	30	14.56
806	data/reference/motifs/JASPAR2026_CORE_plants_non-redundant_pfms_meme.txt	MA2420.1	SBP6	AAGTACAA	2.06e-1	1.00e0	9.27e2	412	206	206	206	16	35	16.99	28	13.59
807	data/reference/motifs/JASPAR2026_CORE_plants_non-redundant_pfms_meme.txt	MA2418.1	IG1	CTGCCGCCA	3.00e-1	1.00e0	9.27e2	367	206	206	206	5	71	34.47	65	31.55
808	data/reference/motifs/JASPAR2026_CORE_plants_non-redundant_pfms_meme.txt	MA2417.1	EREB71	CACCGVCYMC	3.00e-1	1.00e0	9.27e2	310	206	206	206	7	9	4.37	6	2.91
809	data/reference/motifs/JASPAR2026_CORE_plants_non-redundant_pfms_meme.txt	MA2415.1	EREB138	CMGCCGCCAT	2.17e-1	1.00e0	9.27e2	341	206	206	206	1	174	84.47	167	81.07
810	data/reference/motifs/JASPAR2026_CORE_plants_non-redundant_pfms_meme.txt	MA2414.1	EREB127	TGCCGACA	1.74e-1	1.00e0	9.27e2	333	206	206	206	5	37	17.96	29	14.08
811	data/reference/motifs/JASPAR2026_CORE_plants_non-redundant_pfms_meme.txt	MA2412.1	ZmbZIP72	GATGACATCA	2.39e-1	1.00e0	9.27e2	408	206	206	206	7	82	39.81	74	35.92
812	data/reference/motifs/JASPAR2026_CORE_plants_non-redundant_pfms_meme.txt	MA2411.1	ZmbZIP57	ATGATGTCAT	5.00e-1	1.00e0	9.27e2	410	206	206	206	5	163	79.13	162	78.64
813	data/reference/motifs/JASPAR2026_CORE_plants_non-redundant_pfms_meme.txt	MA2410.1	ZmbZIP54	TGACGTCA	4.31e-1	1.00e0	9.27e2	402	206	206	206	4	189	91.75	187	90.78
814	data/reference/motifs/JASPAR2026_CORE_plants_non-redundant_pfms_meme.txt	MA2409.1	ZmbZIP25	GATGACATCA	5.00e-1	1.00e0	9.27e2	409	206	206	206	20	1	0.49	0	0.00
815	data/reference/motifs/JASPAR2026_CORE_plants_non-redundant_pfms_meme.txt	MA2408.1	BAD1	CCGGGCCCCSVC	3.39e-1	1.00e0	9.27e2	143	206	206	206	1	74	35.92	69	33.50
816	data/reference/motifs/JASPAR2026_CORE_plants_non-redundant_pfms_meme.txt	MA2407.1	PK24978.1	CACGTGT	2.08e-1	1.00e0	9.27e2	412	206	206	206	17	201	97.57	197	95.63
817	data/reference/motifs/JASPAR2026_CORE_plants_non-redundant_pfms_meme.txt	MA2405.1	OsMSL08	GTAAAW	9.85e-2	1.00e0	9.27e2	412	206	206	206	57	194	94.17	186	90.29
818	data/reference/motifs/JASPAR2026_CORE_plants_non-redundant_pfms_meme.txt	MA2404.1	OsTRBF3	WRMCCTA	2.46e-1	1.00e0	9.27e2	412	206	206	206	39	12	5.83	8	3.88
819	data/reference/motifs/JASPAR2026_CORE_plants_non-redundant_pfms_meme.txt	MA2401.1	Os05g0437700	MCACGTGK	2.72e-1	1.00e0	9.27e2	246	206	206	206	8	7	3.40	4	1.94
820	data/reference/motifs/JASPAR2026_CORE_plants_non-redundant_pfms_meme.txt	MA2400.1	LjTCP20	GGGACCAY	1.50e-1	1.00e0	9.27e2	303	206	206	206	4	30	14.56	22	10.68
821	data/reference/motifs/JASPAR2026_CORE_plants_non-redundant_pfms_meme.txt	MA2398.1	AS2	CGGCGGMRRHDRCGGCGG	3.74e-1	1.00e0	9.27e2	124	206	206	206	1	64	31.07	60	29.13
822	data/reference/motifs/JASPAR2026_CORE_plants_non-redundant_pfms_meme.txt	MA2396.1	IDD1	TTTTGTCGTTTT	5.00e-1	1.00e0	9.27e2	335	206	206	206	7	2	0.97	1	0.49
823	data/reference/motifs/JASPAR2026_CORE_plants_non-redundant_pfms_meme.txt	MA2395.1	PHYPA_011264	CACCGACM	1.90e-1	1.00e0	9.27e2	259	206	206	206	5	8	3.88	4	1.94
824	data/reference/motifs/JASPAR2026_CORE_plants_non-redundant_pfms_meme.txt	MA2391.1	Lg3	TGACRKC	8.74e-2	1.00e0	9.27e2	412	206	206	206	4	204	99.03	199	96.60
825	data/reference/motifs/JASPAR2026_CORE_plants_non-redundant_pfms_meme.txt	MA2390.1	GLYMA19G26560	GGSCCCAC	1.29e-1	1.00e0	9.27e2	404	206	206	206	8	79	38.35	67	32.52
826	data/reference/motifs/JASPAR2026_CORE_plants_non-redundant_pfms_meme.txt	MA2389.1	GBF1	ACGTGKM	2.09e-1	1.00e0	9.27e2	412	206	206	206	28	84	40.78	75	36.41
827	data/reference/motifs/JASPAR2026_CORE_plants_non-redundant_pfms_meme.txt	MA2388.1	GATA1	AGATCTRRWT	1.86e-1	1.00e0	9.27e2	394	206	206	206	17	4	1.94	1	0.49
828	data/reference/motifs/JASPAR2026_CORE_plants_non-redundant_pfms_meme.txt	MA2384.1	estExt_Genewise1.C_2060077	SACGTGK	2.33e-1	1.00e0	9.27e2	327	206	206	206	1	167	81.07	160	77.67
829	data/reference/motifs/JASPAR2026_CORE_plants_non-redundant_pfms_meme.txt	MA2383.1	e_gw1.392.16.1	CTTTW	1.42e-1	1.00e0	9.27e2	412	206	206	206	146	204	99.03	200	97.09
830	data/reference/motifs/JASPAR2026_CORE_plants_non-redundant_pfms_meme.txt	MA2380.1	DOF4.7	TWACTTTTT	2.51e-1	1.00e0	9.27e2	412	206	206	206	26	6	2.91	3	1.46
831	data/reference/motifs/JASPAR2026_CORE_plants_non-redundant_pfms_meme.txt	MA2374.1	AHL13	ATATAATT	3.65e-1	1.00e0	9.27e2	412	206	206	206	194	52	25.24	48	23.30
832	data/reference/motifs/JASPAR2026_CORE_plants_non-redundant_pfms_meme.txt	MA2372.1	AZF1	WCACTVWCW	2.69e-1	1.00e0	9.27e2	412	206	206	206	18	44	21.36	38	18.45
833	data/reference/motifs/JASPAR2026_CORE_plants_non-redundant_pfms_meme.txt	MA2370.1	MBD2	AGCTD	9.62e-2	1.00e0	9.27e2	412	206	206	206	75	129	62.62	115	55.83
834	data/reference/motifs/JASPAR2026_CORE_plants_non-redundant_pfms_meme.txt	MA2365.1	VIT_17s0000g10420	GTTAACYV	1.14e-1	1.00e0	9.27e2	397	206	206	206	9	12	5.83	6	2.91
835	data/reference/motifs/JASPAR2026_CORE_plants_non-redundant_pfms_meme.txt	MA2362.1	TEIL	AGRTWCAT	1.33e-1	1.00e0	9.27e2	412	206	206	206	28	86	41.75	74	35.92
836	data/reference/motifs/JASPAR2026_CORE_plants_non-redundant_pfms_meme.txt	MA2357.1	PK21687.1	WAAACCC	2.66e-1	1.00e0	9.27e2	412	206	206	206	34	73	35.44	66	32.04
837	data/reference/motifs/JASPAR2026_CORE_plants_non-redundant_pfms_meme.txt	MA2351.1	OsEIL3	AGRTACAT	5.00e-1	1.00e0	9.27e2	412	206	206	206	3	202	98.06	201	97.57
838	data/reference/motifs/JASPAR2026_CORE_plants_non-redundant_pfms_meme.txt	MA2350.1	OsFBH1	CCACTTG	7.13e-1	1.00e0	9.27e2	163	206	206	206	3	6	2.91	7	3.40
839	data/reference/motifs/JASPAR2026_CORE_plants_non-redundant_pfms_meme.txt	MA2349.1	OsCCA1	AATATCT	1.27e-1	1.00e0	9.27e2	412	206	206	206	48	141	68.45	129	62.62
840	data/reference/motifs/JASPAR2026_CORE_plants_non-redundant_pfms_meme.txt	MA2345.1	OS02G0104500	GTAAAW	1.08e-1	1.00e0	9.27e2	412	206	206	206	68	205	99.51	201	97.57
841	data/reference/motifs/JASPAR2026_CORE_plants_non-redundant_pfms_meme.txt	MA2106.1	Zm00001d024644	CCTTATCC	2.49e-1	1.00e0	9.27e2	412	206	206	206	37	2	0.97	0	0.00
842	data/reference/motifs/JASPAR2026_CORE_plants_non-redundant_pfms_meme.txt	MA2104.1	IDD11	AAAACGACAAAA	1.24e-1	1.00e0	9.27e2	376	206	206	206	9	3	1.46	0	0.00
843	data/reference/motifs/JASPAR2026_CORE_plants_non-redundant_pfms_meme.txt	MA2103.1	AT4G09450	TTATCY	1.16e-1	1.00e0	9.27e2	412	206	206	206	57	94	45.63	81	39.32
844	data/reference/motifs/JASPAR2026_CORE_plants_non-redundant_pfms_meme.txt	MA1800.1	TEM1	GCAACATA	1.16e-1	1.00e0	9.27e2	410	206	206	206	9	30	14.56	21	10.19
845	data/reference/motifs/JASPAR2026_CORE_plants_non-redundant_pfms_meme.txt	MA1797.1	RAV2	GCAACATA	1.08e-1	1.00e0	9.27e2	344	206	206	206	6	5	2.43	1	0.49
846	data/reference/motifs/JASPAR2026_CORE_plants_non-redundant_pfms_meme.txt	MA1792.1	NAC098	CKTGTNNHACACGTHA	5.00e-1	1.00e0	9.27e2	201	206	206	206	5	4	1.94	3	1.46
847	data/reference/motifs/JASPAR2026_CORE_plants_non-redundant_pfms_meme.txt	MA1791.1	NAC087	TTDCTTGTNNNACACGYWA	3.86e-1	1.00e0	9.27e2	108	206	206	206	3	7	3.40	5	2.43
848	data/reference/motifs/JASPAR2026_CORE_plants_non-redundant_pfms_meme.txt	MA1790.1	NAC073	CTTSWYBHWCAMGYT	3.12e-1	1.00e0	9.27e2	375	206	206	206	11	3	1.46	1	0.49
849	data/reference/motifs/JASPAR2026_CORE_plants_non-redundant_pfms_meme.txt	MA1789.1	NAC071	CTTSWHYYTCAMGYA	3.11e-1	1.00e0	9.27e2	318	206	206	206	7	10	4.85	7	3.40
850	data/reference/motifs/JASPAR2026_CORE_plants_non-redundant_pfms_meme.txt	MA1784.1	NAC011	GTTGCTTSWNHHDCAAGYAAC	5.83e-1	1.00e0	9.27e2	64	206	206	206	2	12	5.83	12	5.83
851	data/reference/motifs/JASPAR2026_CORE_plants_non-redundant_pfms_meme.txt	MA1783.1	NAC005	TWRCTTVTTYHAYAAGTTW	5.73e-1	1.00e0	9.27e2	189	206	206	206	4	16	7.77	16	7.77
852	data/reference/motifs/JASPAR2026_CORE_plants_non-redundant_pfms_meme.txt	MA1750.1	E2FE	TTTTTGGCGGGAAAA	9.55e-1	1.00e0	9.27e2	18	206	206	206	1	6	2.91	12	5.83
853	data/reference/motifs/JASPAR2026_CORE_plants_non-redundant_pfms_meme.txt	MA1746.1	BZIP69	TGMCAGCTGTM	6.91e-1	1.00e0	9.27e2	112	206	206	206	2	19	9.22	21	10.19
854	data/reference/motifs/JASPAR2026_CORE_plants_non-redundant_pfms_meme.txt	MA1687.1	ARF14	CGGGGGACAYGTCGGG	3.57e-1	1.00e0	9.27e2	84	206	206	206	1	44	21.36	40	19.42
855	data/reference/motifs/JASPAR2026_CORE_plants_non-redundant_pfms_meme.txt	MA1686.1	ARF13	ARCGGGGGACAYGT	5.00e-1	1.00e0	9.27e2	136	206	206	206	2	17	8.25	16	7.77
856	data/reference/motifs/JASPAR2026_CORE_plants_non-redundant_pfms_meme.txt	MA1732.1	E2FD	TTTTTGGCGGGAAAA	9.55e-1	1.00e0	9.27e2	18	206	206	206	1	6	2.91	12	5.83
857	data/reference/motifs/JASPAR2026_CORE_plants_non-redundant_pfms_meme.txt	MA2092.1	PK27149.1	TGACGTGK	2.15e-1	1.00e0	9.27e2	380	206	206	206	3	112	54.37	103	50.00
858	data/reference/motifs/JASPAR2026_CORE_plants_non-redundant_pfms_meme.txt	MA2091.1	PK27109.1	GACAGCTG	1.37e-1	1.00e0	9.27e2	395	206	206	206	10	27	13.11	19	9.22
859	data/reference/motifs/JASPAR2026_CORE_plants_non-redundant_pfms_meme.txt	MA2090.1	PK26523.1	ATTCY	1.86e-1	1.00e0	9.27e2	412	206	206	206	55	205	99.51	202	98.06
860	data/reference/motifs/JASPAR2026_CORE_plants_non-redundant_pfms_meme.txt	MA2089.1	PK25870.1	RGTCAAM	2.49e-1	1.00e0	9.27e2	412	206	206	206	27	2	0.97	0	0.00
861	data/reference/motifs/JASPAR2026_CORE_plants_non-redundant_pfms_meme.txt	MA2087.1	PK24205.1	CACGTGKC	3.12e-1	1.00e0	9.27e2	206	206	206	206	5	3	1.46	1	0.49
862	data/reference/motifs/JASPAR2026_CORE_plants_non-redundant_pfms_meme.txt	MA2086.1	PK23964.1	KCCACGT	1.86e-1	1.00e0	9.27e2	412	206	206	206	38	4	1.94	1	0.49
863	data/reference/motifs/JASPAR2026_CORE_plants_non-redundant_pfms_meme.txt	MA2084.1	PK23009.1	CTTTW	1.79e-1	1.00e0	9.27e2	412	206	206	206	119	193	93.69	187	90.78
864	data/reference/motifs/JASPAR2026_CORE_plants_non-redundant_pfms_meme.txt	MA2083.1	PK21166.1	YACCTACY	1.10e-1	1.00e0	9.27e2	412	206	206	206	19	37	17.96	27	13.11
865	data/reference/motifs/JASPAR2026_CORE_plants_non-redundant_pfms_meme.txt	MA2082.1	PK20392.1	AATMAT	2.19e-1	1.00e0	9.27e2	412	206	206	206	84	173	83.98	166	80.58
866	data/reference/motifs/JASPAR2026_CORE_plants_non-redundant_pfms_meme.txt	MA2081.1	PK20317.1	CKTTW	9.92e-2	1.00e0	9.27e2	412	206	206	206	117	150	72.82	137	66.50
867	data/reference/motifs/JASPAR2026_CORE_plants_non-redundant_pfms_meme.txt	MA2079.1	PK19717.1	GGGSCCCMC	9.65e-2	1.00e0	9.27e2	384	206	206	206	8	52	25.24	40	19.42
868	data/reference/motifs/JASPAR2026_CORE_plants_non-redundant_pfms_meme.txt	MA2075.1	PK18009.1	ACACGTG	5.45e-1	1.00e0	9.27e2	412	206	206	206	17	52	25.24	52	25.24
869	data/reference/motifs/JASPAR2026_CORE_plants_non-redundant_pfms_meme.txt	MA2073.1	PK16340.1	CKTT	1.57e-1	1.00e0	9.27e2	412	206	206	206	159	182	88.35	174	84.47
870	data/reference/motifs/JASPAR2026_CORE_plants_non-redundant_pfms_meme.txt	MA2072.1	PK16335.1	GACAGCTG	2.49e-1	1.00e0	9.27e2	409	206	206	206	19	2	0.97	0	0.00
871	data/reference/motifs/JASPAR2026_CORE_plants_non-redundant_pfms_meme.txt	MA2068.1	PK10344.1	GGGACCAC	6.84e-1	1.00e0	9.27e2	145	206	206	206	2	21	10.19	23	11.17
872	data/reference/motifs/JASPAR2026_CORE_plants_non-redundant_pfms_meme.txt	MA2066.1	PK09021.1	TGACGTCA	8.16e-1	1.00e0	9.27e2	107	206	206	206	1	50	24.27	57	27.67
873	data/reference/motifs/JASPAR2026_CORE_plants_non-redundant_pfms_meme.txt	MA2063.1	PK07402.1	RCCGMC	1.10e-1	1.00e0	9.27e2	410	206	206	206	25	8	3.88	3	1.46
874	data/reference/motifs/JASPAR2026_CORE_plants_non-redundant_pfms_meme.txt	MA2058.1	PK03929.1	CTTTW	8.74e-2	1.00e0	9.27e2	412	206	206	206	86	204	99.03	199	96.60
875	data/reference/motifs/JASPAR2026_CORE_plants_non-redundant_pfms_meme.txt	MA2056.1	PK01144.1	CTTT	9.43e-2	1.00e0	9.27e2	412	206	206	206	209	184	89.32	174	84.47
876	data/reference/motifs/JASPAR2026_CORE_plants_non-redundant_pfms_meme.txt	MA2055.1	PK00315.1	GACAGCTR	3.38e-1	1.00e0	9.27e2	412	206	206	206	12	72	34.95	67	32.52
877	data/reference/motifs/JASPAR2026_CORE_plants_non-redundant_pfms_meme.txt	MA1380.1	TCX6	WTTTAAATTTTTWAA	4.20e-1	1.00e0	9.27e2	410	206	206	206	9	82	39.81	79	38.35
878	data/reference/motifs/JASPAR2026_CORE_plants_non-redundant_pfms_meme.txt	MA1379.1	SOL1	WTTWAAAATTTAAAW	5.00e-1	1.00e0	9.27e2	407	206	206	206	21	3	1.46	2	0.97
879	data/reference/motifs/JASPAR2026_CORE_plants_non-redundant_pfms_meme.txt	MA1373.1	GAF1	HABWAAACGACAAAA	5.00e-1	1.00e0	9.27e2	323	206	206	206	9	1	0.49	0	0.00
880	data/reference/motifs/JASPAR2026_CORE_plants_non-redundant_pfms_meme.txt	MA1348.1	TGA9	GMTGACGTCAY	6.62e-1	1.00e0	9.27e2	161	206	206	206	2	29	14.08	31	15.05
881	data/reference/motifs/JASPAR2026_CORE_plants_non-redundant_pfms_meme.txt	MA1339.1	BZIP43	GCCACGTCAGCA	6.57e-1	1.00e0	9.27e2	81	206	206	206	2	3	1.46	3	1.46
882	data/reference/motifs/JASPAR2026_CORE_plants_non-redundant_pfms_meme.txt	MA1335.1	TGA4	TGACGTCAKCA	2.28e-1	1.00e0	9.27e2	342	206	206	206	5	18	8.74	13	6.31
883	data/reference/motifs/JASPAR2026_CORE_plants_non-redundant_pfms_meme.txt	MA1328.1	ZHD9	WTWAWHNVYTAATYA	1.32e-1	1.00e0	9.27e2	412	206	206	206	9	157	76.21	146	70.87
884	data/reference/motifs/JASPAR2026_CORE_plants_non-redundant_pfms_meme.txt	MA1324.1	GATA20	ATCSGATC	1.86e-1	1.00e0	9.27e2	351	206	206	206	18	4	1.94	1	0.49
885	data/reference/motifs/JASPAR2026_CORE_plants_non-redundant_pfms_meme.txt	MA1309.1	WRKY3	AAAAGTCAACG	1.08e-1	1.00e0	9.27e2	341	206	206	206	7	5	2.43	1	0.49
886	data/reference/motifs/JASPAR2026_CORE_plants_non-redundant_pfms_meme.txt	MA1274.1	DOF3.6	TTTWCTTTTTHHYTTTTTTTT	1.61e-1	1.00e0	9.27e2	412	206	206	206	7	200	97.09	195	94.66
887	data/reference/motifs/JASPAR2026_CORE_plants_non-redundant_pfms_meme.txt	MA1242.1	DREB2F	CCDCCACCGCC	2.13e-1	1.00e0	9.27e2	195	206	206	206	3	25	12.14	19	9.22
888	data/reference/motifs/JASPAR2026_CORE_plants_non-redundant_pfms_meme.txt	MA1235.1	AIL7	CGNWTYYCGAG	7.75e-1	1.00e0	9.27e2	405	206	206	206	1	202	98.06	203	98.54
889	data/reference/motifs/JASPAR2026_CORE_plants_non-redundant_pfms_meme.txt	MA1225.1	ERF5	CCDCCGCCGCCGCCR	3.52e-1	1.00e0	9.27e2	148	206	206	206	2	40	19.42	36	17.48
890	data/reference/motifs/JASPAR2026_CORE_plants_non-redundant_pfms_meme.txt	MA1221.1	RAP2-6	TKGCGGCGGMGGHGG	4.58e-1	1.00e0	9.27e2	136	206	206	206	1	69	33.50	67	32.52
891	data/reference/motifs/JASPAR2026_CORE_plants_non-redundant_pfms_meme.txt	MA1162.1	TCX2	WTTYAAAATTYAAAW	5.00e-1	1.00e0	9.27e2	406	206	206	206	12	23	11.17	22	10.68
892	data/reference/motifs/JASPAR2026_CORE_plants_non-redundant_pfms_meme.txt	MA1097.1	ARALYDRAFT_493022	GGSMCCAC	1.76e-1	1.00e0	9.27e2	268	206	206	206	1	139	67.48	129	62.62
893	data/reference/motifs/JASPAR2026_CORE_plants_non-redundant_pfms_meme.txt	MA1096.1	ARALYDRAFT_496250	GGGACCAC	8.71e-1	1.00e0	9.27e2	148	206	206	206	1	69	33.50	79	38.35
894	data/reference/motifs/JASPAR2026_CORE_plants_non-redundant_pfms_meme.txt	MA1084.1	WRKY38	CGTTGACC	1.61e-1	1.00e0	9.27e2	412	206	206	206	18	11	5.34	6	2.91
895	data/reference/motifs/JASPAR2026_CORE_plants_non-redundant_pfms_meme.txt	MA1080.1	WRKY23	AGTCAACG	2.23e-1	1.00e0	9.27e2	353	206	206	206	6	10	4.85	6	2.91
896	data/reference/motifs/JASPAR2026_CORE_plants_non-redundant_pfms_meme.txt	MA1075.1	WRKY12	CGTTGACC	3.12e-1	1.00e0	9.27e2	412	206	206	206	21	3	1.46	1	0.49
897	data/reference/motifs/JASPAR2026_CORE_plants_non-redundant_pfms_meme.txt	MA1067.1	TCP5	GGGACCAC	5.00e-1	1.00e0	9.27e2	243	206	206	206	4	6	2.91	5	2.43
898	data/reference/motifs/JASPAR2026_CORE_plants_non-redundant_pfms_meme.txt	MA1051.1	RAP2-3	GCGCCGCC	1.94e-1	1.00e0	9.27e2	357	206	206	206	7	45	21.84	37	17.96
899	data/reference/motifs/JASPAR2026_CORE_plants_non-redundant_pfms_meme.txt	MA1046.1	NTL9	TTAAGTAAT	2.08e-1	1.00e0	9.27e2	347	206	206	206	7	9	4.37	5	2.43
900	data/reference/motifs/JASPAR2026_CORE_plants_non-redundant_pfms_meme.txt	MA1035.1	TCP4	GGGACCAC	3.74e-1	1.00e0	9.27e2	247	206	206	206	3	23	11.17	20	9.71
901	data/reference/motifs/JASPAR2026_CORE_plants_non-redundant_pfms_meme.txt	MA1034.1	Os05g0497200	CGSCGCCR	3.43e-1	1.00e0	9.27e2	113	206	206	206	4	4	1.94	2	0.97
902	data/reference/motifs/JASPAR2026_CORE_plants_non-redundant_pfms_meme.txt	MA1033.1	OJ1058_F05.8	MCACGTGK	2.72e-1	1.00e0	9.27e2	246	206	206	206	8	7	3.40	4	1.94
903	data/reference/motifs/JASPAR2026_CORE_plants_non-redundant_pfms_meme.txt	MA1028.1	KAN4	GAATATTC	2.51e-1	1.00e0	9.27e2	402	206	206	206	12	36	17.48	30	14.56
904	data/reference/motifs/JASPAR2026_CORE_plants_non-redundant_pfms_meme.txt	MA1020.1	GT-1	GTTAACCA	3.52e-1	1.00e0	9.27e2	408	206	206	206	9	40	19.42	36	17.48
905	data/reference/motifs/JASPAR2026_CORE_plants_non-redundant_pfms_meme.txt	MA1014.1	GATA11	TAGATCTG	2.49e-1	1.00e0	9.27e2	252	206	206	206	11	2	0.97	0	0.00
906	data/reference/motifs/JASPAR2026_CORE_plants_non-redundant_pfms_meme.txt	MA1013.1	GATA10	TAGATCTG	2.23e-1	1.00e0	9.27e2	327	206	206	206	12	10	4.85	6	2.91
907	data/reference/motifs/JASPAR2026_CORE_plants_non-redundant_pfms_meme.txt	MA1007.1	PHYPADRAFT_173530	TGTCGGTG	3.31e-1	1.00e0	9.27e2	181	206	206	206	2	29	14.08	25	12.14
908	data/reference/motifs/JASPAR2026_CORE_plants_non-redundant_pfms_meme.txt	MA0986.1	DREB2C	CACCGACA	1.62e-1	1.00e0	9.27e2	394	206	206	206	9	24	11.65	17	8.25
909	data/reference/motifs/JASPAR2026_CORE_plants_non-redundant_pfms_meme.txt	MA0978.1	DREB1E	ATGTCGGC	2.49e-1	1.00e0	9.27e2	303	206	206	206	9	2	0.97	0	0.00
910	data/reference/motifs/JASPAR2026_CORE_plants_non-redundant_pfms_meme.txt	MA0963.1	bHLH78	GCACGTGC	2.74e-1	1.00e0	9.27e2	171	206	206	206	2	89	43.20	82	39.81
911	data/reference/motifs/JASPAR2026_CORE_plants_non-redundant_pfms_meme.txt	MA0957.1	BHLH3	GCACGTGC	9.90e-2	1.00e0	9.27e2	371	206	206	206	6	120	58.25	106	51.46
912	data/reference/motifs/JASPAR2026_CORE_plants_non-redundant_pfms_meme.txt	MA0951.1	ATHB-16	TAATMATT	2.61e-1	1.00e0	9.27e2	412	206	206	206	17	40	19.42	34	16.50
913	data/reference/motifs/JASPAR2026_CORE_plants_non-redundant_pfms_meme.txt	MA0947.1	ARR14	AGATWCGS	2.55e-1	1.00e0	9.27e2	391	206	206	206	7	23	11.17	18	8.74
914	data/reference/motifs/JASPAR2026_CORE_plants_non-redundant_pfms_meme.txt	MA0939.1	NAC079	ACACGCAA	3.44e-1	1.00e0	9.27e2	345	206	206	206	3	85	41.26	80	38.83
915	data/reference/motifs/JASPAR2026_CORE_plants_non-redundant_pfms_meme.txt	MA0937.1	NAC055	ACACGTAA	2.17e-1	1.00e0	9.27e2	411	206	206	206	16	26	12.62	20	9.71
916	data/reference/motifs/JASPAR2026_CORE_plants_non-redundant_pfms_meme.txt	MA0936.1	NAC046	ACACGCMA	9.09e-2	1.00e0	9.27e2	412	206	206	206	37	139	67.48	125	60.68
917	data/reference/motifs/JASPAR2026_CORE_plants_non-redundant_pfms_meme.txt	MA0935.1	NAC025	YACGTAAY	1.24e-1	1.00e0	9.27e2	349	206	206	206	3	73	35.44	61	29.61
918	data/reference/motifs/JASPAR2026_CORE_plants_non-redundant_pfms_meme.txt	MA0934.1	AHL25	AWTTAAWT	1.17e-1	1.00e0	9.27e2	412	206	206	206	150	98	47.57	85	41.26
919	data/reference/motifs/JASPAR2026_CORE_plants_non-redundant_pfms_meme.txt	MA0933.1	AHL20	AATTAAWT	8.81e-2	1.00e0	9.27e2	412	206	206	206	144	77	37.38	63	30.58
920	data/reference/motifs/JASPAR2026_CORE_plants_non-redundant_pfms_meme.txt	MA0932.1	AHL12	AAWWWWTT	1.35e-1	1.00e0	9.27e2	412	206	206	206	168	155	75.24	144	69.90
921	data/reference/motifs/JASPAR2026_CORE_plants_non-redundant_pfms_meme.txt	MA0590.1	LFY	YATTRACCGSCGGTYAATR	5.00e-1	1.00e0	9.27e2	54	206	206	206	6	1	0.49	0	0.00
922	data/reference/motifs/JASPAR2026_CORE_plants_non-redundant_pfms_meme.txt	MA0567.1	ERF1B	MGCCGCCA	1.58e-1	1.00e0	9.27e2	333	206	206	206	1	171	83.01	162	78.64
923	data/reference/motifs/JASPAR2026_CORE_plants_non-redundant_pfms_meme.txt	MA0129.1	TGA1A	HACGTCA	1.86e-1	1.00e0	9.27e2	412	206	206	206	30	4	1.94	1	0.49
924	data/reference/motifs/JASPAR2026_CORE_plants_non-redundant_pfms_meme.txt	MA0128.1	EmBP-1	ASACGTGG	2.84e-1	1.00e0	9.27e2	385	206	206	206	5	54	26.21	48	23.30
925	data/reference/motifs/JASPAR2026_CORE_plants_non-redundant_pfms_meme.txt	MA0123.1	abi4	CGSYGCCCCC	5.00e-1	1.00e0	9.27e2	359	206	206	206	10	15	7.28	14	6.80
926	data/reference/motifs/JASPAR2026_CORE_plants_non-redundant_pfms_meme.txt	MA0097.1	bZIP911	GRTGACGTGGMC	9.95e-1	1.00e0	9.27e2	45	206	206	206	1	15	7.28	30	14.56
927	data/reference/motifs/JASPAR2026_CORE_plants_non-redundant_pfms_meme.txt	MA0096.1	bZIP910	MTGACGT	2.42e-1	1.00e0	9.27e2	172	206	206	206	1	90	43.69	82	39.81

# AME (Analysis of Motif Enrichment): Version 5.5.9 compiled on May 27 2026 at 12:40:54
# The format of this file is described at https://meme-suite.org/meme/doc/ame-output-format.html.
# ame --verbose 1 --text --control results/evidence/motifs/inputs/backgrounds/2000/replicate_072.fa --method fisher --scoring totalhits --hit-lo-fraction 0.25 --evalue-report-threshold 1000000 --noseq results/evidence/motifs/inputs/frozen_candidates_2000bp.fa data/reference/motifs/JASPAR2026_CORE_plants_non-redundant_pfms_meme.txt
