2	data/reference/motifs/JASPAR2026_CORE_plants_non-redundant_pfms_meme.txt	MA1312.2	WRKY47	CGTTGACYW	2.07e-4	7.80e-2	7.23e1	392	206	206	206	8	12	5.83	0	0.00
3	data/reference/motifs/JASPAR2026_CORE_plants_non-redundant_pfms_meme.txt	MA1184.2	RVE1	WAAATATCT	2.60e-4	9.91e-2	9.19e1	401	206	206	206	5	130	63.11	94	45.63
4	data/reference/motifs/JASPAR2026_CORE_plants_non-redundant_pfms_meme.txt	MA2360.1	PK28565.1	TAACBGTC	4.90e-4	1.83e-1	1.70e2	412	206	206	206	14	29	14.08	9	4.37
5	data/reference/motifs/JASPAR2026_CORE_plants_non-redundant_pfms_meme.txt	MA0557.2	FHY3	CACGCGCT	7.75e-4	2.42e-1	2.25e2	358	206	206	206	3	113	54.85	80	38.83
6	data/reference/motifs/JASPAR2026_CORE_plants_non-redundant_pfms_meme.txt	MA1179.2	MYB1	ACSGTTA	7.99e-4	2.69e-1	2.49e2	392	206	206	206	7	28	13.59	9	4.37
7	data/reference/motifs/JASPAR2026_CORE_plants_non-redundant_pfms_meme.txt	MA2356.1	PK20555.1	CTTTW	8.73e-4	3.02e-1	2.80e2	412	206	206	206	175	206	100.00	196	95.15
8	data/reference/motifs/JASPAR2026_CORE_plants_non-redundant_pfms_meme.txt	MA2498.1	LSH1	AAACAGTG	1.15e-3	3.78e-1	3.51e2	412	206	206	206	9	189	91.75	167	81.07
9	data/reference/motifs/JASPAR2026_CORE_plants_non-redundant_pfms_meme.txt	MA1382.2	FAR1	YCACGCGCY	7.18e-3	4.13e-1	3.83e2	74	206	206	206	1	47	22.82	27	13.11
10	data/reference/motifs/JASPAR2026_CORE_plants_non-redundant_pfms_meme.txt	MA1169.1	MYB105	WTHDWWACCGTTA	2.23e-3	5.20e-1	4.82e2	329	206	206	206	4	36	17.48	16	7.77
11	data/reference/motifs/JASPAR2026_CORE_plants_non-redundant_pfms_meme.txt	MA2070.1	PK15337.1	CTTT	1.79e-3	5.21e-1	4.83e2	412	206	206	206	224	206	100.00	197	95.63
12	data/reference/motifs/JASPAR2026_CORE_plants_non-redundant_pfms_meme.txt	MA1185.2	LHY	AGATATTTT	1.95e-3	5.28e-1	4.89e2	384	206	206	206	3	147	71.36	118	57.28
13	data/reference/motifs/JASPAR2026_CORE_plants_non-redundant_pfms_meme.txt	MA2418.1	IG1	CTGCCGCCA	2.10e-3	5.28e-1	4.90e2	357	206	206	206	3	120	58.25	90	43.69
14	data/reference/motifs/JASPAR2026_CORE_plants_non-redundant_pfms_meme.txt	MA1363.1	LRL2	CGTGNKWBGCACGTG	7.09e-3	5.96e-1	5.53e2	128	206	206	206	1	76	36.89	52	25.24
15	data/reference/motifs/JASPAR2026_CORE_plants_non-redundant_pfms_meme.txt	MA0940.1	AP1	MYAAAAAWRGAAA	2.22e-3	6.00e-1	5.56e2	412	206	206	206	21	167	81.07	141	68.45
16	data/reference/motifs/JASPAR2026_CORE_plants_non-redundant_pfms_meme.txt	MA1361.2	bHLH18	CRCGTKWWHCACGTG	4.38e-3	6.11e-1	5.67e2	216	206	206	206	2	57	27.67	34	16.50
17	data/reference/motifs/JASPAR2026_CORE_plants_non-redundant_pfms_meme.txt	MA2387.1	NAC094	YGCCGTRNHNNHCACG	8.52e-3	6.34e-1	5.88e2	118	206	206	206	2	39	18.93	21	10.19
18	data/reference/motifs/JASPAR2026_CORE_plants_non-redundant_pfms_meme.txt	MA0963.1	bHLH78	GCACGTGC	7.14e-3	6.64e-1	6.16e2	153	206	206	206	2	89	43.20	64	31.07
19	data/reference/motifs/JASPAR2026_CORE_plants_non-redundant_pfms_meme.txt	MA2062.1	PK07031.1	CTTT	2.83e-3	6.89e-1	6.38e2	412	206	206	206	250	205	99.51	195	94.66
20	data/reference/motifs/JASPAR2026_CORE_plants_non-redundant_pfms_meme.txt	MA1425.2	HYH	TSACGTG	3.36e-3	6.96e-1	6.45e2	354	206	206	206	1	187	90.78	167	81.07
21	data/reference/motifs/JASPAR2026_CORE_plants_non-redundant_pfms_meme.txt	MA1404.1	BPC1	GAGAGAGAGAGAGAGAGAGAGAGA	1.48e-2	7.19e-1	6.67e2	85	206	206	206	8	20	9.71	8	3.88
22	data/reference/motifs/JASPAR2026_CORE_plants_non-redundant_pfms_meme.txt	MA2422.1	OsbZIP42	TGMCACGTCA	3.20e-3	7.20e-1	6.67e2	397	206	206	206	1	204	99.03	193	93.69
23	data/reference/motifs/JASPAR2026_CORE_plants_non-redundant_pfms_meme.txt	MA1177.2	MYB65	TAACCGHM	3.17e-3	7.29e-1	6.76e2	412	206	206	206	20	15	7.28	3	1.46
24	data/reference/motifs/JASPAR2026_CORE_plants_non-redundant_pfms_meme.txt	MA2406.1	PK03576.1	CACGTGC	1.87e-2	7.39e-1	6.85e2	71	206	206	206	2	25	12.14	12	5.83
25	data/reference/motifs/JASPAR2026_CORE_plants_non-redundant_pfms_meme.txt	MA2067.1	PK09702.1	GCACGTGR	1.93e-2	7.45e-1	6.90e2	70	206	206	206	2	34	16.50	19	9.22
26	data/reference/motifs/JASPAR2026_CORE_plants_non-redundant_pfms_meme.txt	MA1187.2	RVE4	AGATATTTT	3.63e-3	7.54e-1	6.99e2	387	206	206	206	6	44	21.36	23	11.17
27	data/reference/motifs/JASPAR2026_CORE_plants_non-redundant_pfms_meme.txt	MA1745.2	BZIP63	TSACGTGG	3.80e-3	7.57e-1	7.02e2	373	206	206	206	2	169	82.04	145	70.39
28	data/reference/motifs/JASPAR2026_CORE_plants_non-redundant_pfms_meme.txt	MA1819.2	Zm00001d005892	CGCCGCCG	5.14e-3	7.62e-1	7.06e2	279	206	206	206	2	120	58.25	93	45.15
29	data/reference/motifs/JASPAR2026_CORE_plants_non-redundant_pfms_meme.txt	MA1660.2	NAC013	TTACTTGTTCYMCAAGTAA	1.15e-2	7.75e-1	7.18e2	130	206	206	206	3	16	7.77	5	2.43
30	data/reference/motifs/JASPAR2026_CORE_plants_non-redundant_pfms_meme.txt	MA1015.2	GATA12	AGATCT	3.64e-3	7.77e-1	7.21e2	412	206	206	206	140	8	3.88	0	0.00
31	data/reference/motifs/JASPAR2026_CORE_plants_non-redundant_pfms_meme.txt	MA1785.2	NAC018	ACACGYAACY	4.31e-3	8.13e-1	7.54e2	389	206	206	206	9	18	8.74	5	2.43
32	data/reference/motifs/JASPAR2026_CORE_plants_non-redundant_pfms_meme.txt	MA1368.3	GT-4	TAACTATGGTTA	4.79e-3	8.30e-1	7.69e2	370	206	206	206	3	131	63.59	104	50.49
33	data/reference/motifs/JASPAR2026_CORE_plants_non-redundant_pfms_meme.txt	MA2348.1	IDD6	TTTTTGTCGTTTTSTK	5.76e-3	8.31e-1	7.71e2	309	206	206	206	5	12	5.83	2	0.97
34	data/reference/motifs/JASPAR2026_CORE_plants_non-redundant_pfms_meme.txt	MA2376.1	CAMTA5	CGYGTNDDAWVCGYGT	6.01e-3	8.56e-1	7.93e2	322	206	206	206	1	172	83.50	150	72.82
35	data/reference/motifs/JASPAR2026_CORE_plants_non-redundant_pfms_meme.txt	MA0974.3	CDF3	AAAAAGTG	4.77e-3	8.60e-1	7.97e2	412	206	206	206	11	180	87.38	159	77.18
36	data/reference/motifs/JASPAR2026_CORE_plants_non-redundant_pfms_meme.txt	MA1352.1	TRP1	ACCCTAAACCCTAAACCCTAA	5.00e-1	8.75e-1	8.11e2	3	206	206	206	1	2	0.97	1	0.49
37	data/reference/motifs/JASPAR2026_CORE_plants_non-redundant_pfms_meme.txt	MA1182.2	RVE8	AGATATTTT	5.76e-3	8.83e-1	8.19e2	373	206	206	206	7	12	5.83	2	0.97
38	data/reference/motifs/JASPAR2026_CORE_plants_non-redundant_pfms_meme.txt	MA1010.2	PHYPADRAFT_64121	TGTCGGTA	5.35e-3	8.90e-1	8.25e2	412	206	206	206	18	10	4.85	1	0.49
39	data/reference/motifs/JASPAR2026_CORE_plants_non-redundant_pfms_meme.txt	MA1394.3	MYB73	AACGGTCA	5.65e-3	9.01e-1	8.35e2	409	206	206	206	9	44	21.36	24	11.65
40	data/reference/motifs/JASPAR2026_CORE_plants_non-redundant_pfms_meme.txt	MA1332.2	BEH2	CACACGTGCR	5.31e-2	9.04e-1	8.38e2	43	206	206	206	1	27	13.11	16	7.77
41	data/reference/motifs/JASPAR2026_CORE_plants_non-redundant_pfms_meme.txt	MA1266.2	RAP2-11	YCDYCGCCGGC	1.17e-2	9.20e-1	8.53e2	215	206	206	206	2	63	30.58	42	20.39
42	data/reference/motifs/JASPAR2026_CORE_plants_non-redundant_pfms_meme.txt	MA1410.2	StBRC1	GGGSCCM	6.42e-3	9.24e-1	8.57e2	402	206	206	206	5	176	85.44	155	75.24
43	data/reference/motifs/JASPAR2026_CORE_plants_non-redundant_pfms_meme.txt	MA0034.2	Gam1	YAACCGMC	6.40e-3	9.28e-1	8.61e2	412	206	206	206	14	130	63.11	104	50.49
44	data/reference/motifs/JASPAR2026_CORE_plants_non-redundant_pfms_meme.txt	MA1393.3	MYB70	AACCGTT	6.52e-3	9.32e-1	8.64e2	412	206	206	206	10	104	50.49	78	37.86
45	data/reference/motifs/JASPAR2026_CORE_plants_non-redundant_pfms_meme.txt	MA2357.1	PK21687.1	WAAACCC	6.61e-3	9.34e-1	8.66e2	412	206	206	206	35	65	31.55	42	20.39
46	data/reference/motifs/JASPAR2026_CORE_plants_non-redundant_pfms_meme.txt	MA0577.4	SPL3	TGTACGGA	7.42e-3	9.40e-1	8.71e2	379	206	206	206	9	7	3.40	0	0.00
47	data/reference/motifs/JASPAR2026_CORE_plants_non-redundant_pfms_meme.txt	MA1178.3	MYB3R1	TAACGGTC	7.11e-3	9.46e-1	8.77e2	410	206	206	206	10	33	16.02	16	7.77
48	data/reference/motifs/JASPAR2026_CORE_plants_non-redundant_pfms_meme.txt	MA2651.1	GLYMA-20G154400	GGGCCCCAC	8.80e-3	9.46e-1	8.77e2	332	206	206	206	1	176	85.44	156	75.73
49	data/reference/motifs/JASPAR2026_CORE_plants_non-redundant_pfms_meme.txt	MA1032.2	DREB1G	TGCCGACA	2.22e-2	9.51e-1	8.82e2	136	206	206	206	3	13	6.31	4	1.94
50	data/reference/motifs/JASPAR2026_CORE_plants_non-redundant_pfms_meme.txt	MA2343.1	MYB3R3	CGCCGTTA	7.39e-3	9.52e-1	8.83e2	411	206	206	206	8	140	67.96	115	55.83
51	data/reference/motifs/JASPAR2026_CORE_plants_non-redundant_pfms_meme.txt	MA1283.2	TCP14	ADAGVDBGTGGGDCCCAC	2.25e-1	9.53e-1	8.83e2	12	206	206	206	2	5	2.43	2	0.97
52	data/reference/motifs/JASPAR2026_CORE_plants_non-redundant_pfms_meme.txt	MA1403.1	BPC5	AGAGAGAGAGAGAGAGAGAGAGAGAGAGAG	1.30e-1	9.53e-1	8.83e2	22	206	206	206	2	9	4.37	4	1.94
53	data/reference/motifs/JASPAR2026_CORE_plants_non-redundant_pfms_meme.txt	MA2085.1	PK23763.1	CTTTW	7.42e-3	9.53e-1	8.83e2	412	206	206	206	75	206	100.00	199	96.60
54	data/reference/motifs/JASPAR2026_CORE_plants_non-redundant_pfms_meme.txt	MA2058.1	PK03929.1	CTTTW	7.42e-3	9.53e-1	8.83e2	412	206	206	206	82	206	100.00	199	96.60
55	data/reference/motifs/JASPAR2026_CORE_plants_non-redundant_pfms_meme.txt	MA2361.1	PRUPE_ppa000682mg	GTACGG	8.47e-3	9.70e-1	8.99e2	412	206	206	206	44	102	49.51	77	37.38
56	data/reference/motifs/JASPAR2026_CORE_plants_non-redundant_pfms_meme.txt	MA1315.2	WRKY24	CGTTGACTTTT	1.02e-2	9.70e-1	8.99e2	342	206	206	206	6	11	5.34	2	0.97
57	data/reference/motifs/JASPAR2026_CORE_plants_non-redundant_pfms_meme.txt	MA2758.1	ereb122	CCGACCA	8.84e-3	9.74e-1	9.03e2	412	206	206	206	12	73	35.44	50	24.27
58	data/reference/motifs/JASPAR2026_CORE_plants_non-redundant_pfms_meme.txt	MA0020.2	Dof2	AAAGC	8.84e-3	9.74e-1	9.03e2	412	206	206	206	32	73	35.44	50	24.27
59	data/reference/motifs/JASPAR2026_CORE_plants_non-redundant_pfms_meme.txt	MA0064.1	PBF	AAAGY	8.84e-3	9.74e-1	9.03e2	412	206	206	206	32	73	35.44	50	24.27
60	data/reference/motifs/JASPAR2026_CORE_plants_non-redundant_pfms_meme.txt	MA1767.2	MYB23	CAACWA	8.91e-3	9.75e-1	9.03e2	412	206	206	206	10	120	58.25	95	46.12
61	data/reference/motifs/JASPAR2026_CORE_plants_non-redundant_pfms_meme.txt	MA0567.1	ERF1B	MGCCGCCA	1.15e-2	9.78e-1	9.06e2	332	206	206	206	2	123	59.71	99	48.06
62	data/reference/motifs/JASPAR2026_CORE_plants_non-redundant_pfms_meme.txt	MA1816.2	O11	CACGTG	1.19e-2	9.81e-1	9.10e2	333	206	206	206	2	176	85.44	157	76.21
63	data/reference/motifs/JASPAR2026_CORE_plants_non-redundant_pfms_meme.txt	MA1734.1	AT1G19040	CTTGNDCYBCAAGTWW	3.05e-2	9.82e-1	9.10e2	131	206	206	206	4	5	2.43	0	0.00
64	data/reference/motifs/JASPAR2026_CORE_plants_non-redundant_pfms_meme.txt	MA2021.2	LBD13	TCCACCGT	9.89e-3	9.82e-1	9.10e2	405	206	206	206	4	179	86.89	160	77.67
65	data/reference/motifs/JASPAR2026_CORE_plants_non-redundant_pfms_meme.txt	MA1740.2	BHLH49	CACGTGC	5.08e-2	9.83e-1	9.11e2	78	206	206	206	1	46	22.33	32	15.53
66	data/reference/motifs/JASPAR2026_CORE_plants_non-redundant_pfms_meme.txt	MA1074.2	UNE10	CACGTGM	5.08e-2	9.83e-1	9.11e2	78	206	206	206	1	46	22.33	32	15.53
67	data/reference/motifs/JASPAR2026_CORE_plants_non-redundant_pfms_meme.txt	MA2077.1	PK18474.1	CACGTGC	5.08e-2	9.83e-1	9.11e2	78	206	206	206	1	46	22.33	32	15.53
68	data/reference/motifs/JASPAR2026_CORE_plants_non-redundant_pfms_meme.txt	MA2064.1	PK07858.1	CACGTGC	5.08e-2	9.83e-1	9.11e2	78	206	206	206	1	46	22.33	32	15.53
69	data/reference/motifs/JASPAR2026_CORE_plants_non-redundant_pfms_meme.txt	MA2061.1	PK06517.1	CACGTGC	5.08e-2	9.83e-1	9.11e2	78	206	206	206	1	46	22.33	32	15.53
70	data/reference/motifs/JASPAR2026_CORE_plants_non-redundant_pfms_meme.txt	MA2391.1	Lg3	TGACRKC	9.89e-3	9.83e-1	9.11e2	412	206	206	206	8	179	86.89	160	77.67
71	data/reference/motifs/JASPAR2026_CORE_plants_non-redundant_pfms_meme.txt	MA1814.2	RIN	CTATTTTTGG	9.90e-3	9.83e-1	9.11e2	412	206	206	206	22	52	25.24	32	15.53
72	data/reference/motifs/JASPAR2026_CORE_plants_non-redundant_pfms_meme.txt	MA1268.2	CDF5	TTYACTTTTTYTTTTTTTTTT	1.02e-2	9.85e-1	9.13e2	411	206	206	206	3	204	99.03	195	94.66
73	data/reference/motifs/JASPAR2026_CORE_plants_non-redundant_pfms_meme.txt	MA0054.1	myb.Ph3	TAACBGTTW	1.02e-2	9.85e-1	9.13e2	412	206	206	206	19	204	99.03	195	94.66
74	data/reference/motifs/JASPAR2026_CORE_plants_non-redundant_pfms_meme.txt	MA2403.1	DVH24_040989	TTAACC	1.06e-2	9.87e-1	9.15e2	412	206	206	206	60	133	64.56	109	52.91
75	data/reference/motifs/JASPAR2026_CORE_plants_non-redundant_pfms_meme.txt	MA1183.2	RVE6	AGATATTTT	1.15e-2	9.88e-1	9.16e2	387	206	206	206	8	16	7.77	5	2.43
76	data/reference/motifs/JASPAR2026_CORE_plants_non-redundant_pfms_meme.txt	MA1802.2	TRP5	WAAACCY	1.09e-2	9.89e-1	9.17e2	412	206	206	206	74	42	20.39	24	11.65
77	data/reference/motifs/JASPAR2026_CORE_plants_non-redundant_pfms_meme.txt	MA1040.1	MYB46	GKTAGGTR	1.11e-2	9.89e-1	9.17e2	410	206	206	206	4	195	94.66	181	87.86
78	data/reference/motifs/JASPAR2026_CORE_plants_non-redundant_pfms_meme.txt	MA2005.2	NAC016	TVCKTGWBCYNCAMG	2.62e-2	9.90e-1	9.18e2	175	206	206	206	3	20	9.71	9	4.37
79	data/reference/motifs/JASPAR2026_CORE_plants_non-redundant_pfms_meme.txt	MA1174.2	MYB56	ATAACGGWHW	1.12e-2	9.90e-1	9.18e2	411	206	206	206	7	103	50.00	79	38.35
80	data/reference/motifs/JASPAR2026_CORE_plants_non-redundant_pfms_meme.txt	MA1795.2	RAP2-4	CRCCGACC	1.13e-2	9.90e-1	9.18e2	411	206	206	206	20	71	34.47	49	23.79
81	data/reference/motifs/JASPAR2026_CORE_plants_non-redundant_pfms_meme.txt	MA2073.1	PK16340.1	CKTT	1.13e-2	9.91e-1	9.18e2	412	206	206	206	187	62	30.10	41	19.90
82	data/reference/motifs/JASPAR2026_CORE_plants_non-redundant_pfms_meme.txt	MA2645.1	GLYMA-16G042900	GGTTGCKTSTTCHASAAGYWA	5.32e-2	9.92e-1	9.19e2	88	206	206	206	2	14	6.80	6	2.91
83	data/reference/motifs/JASPAR2026_CORE_plants_non-redundant_pfms_meme.txt	MA1346.2	TGA10	GMTGACGTCA	2.08e-2	9.92e-1	9.20e2	234	206	206	206	2	62	30.10	43	20.87
84	data/reference/motifs/JASPAR2026_CORE_plants_non-redundant_pfms_meme.txt	MA2049.2	NAC053	CAAGAAA	1.18e-2	9.92e-1	9.20e2	412	206	206	206	18	22	10.68	9	4.37
85	data/reference/motifs/JASPAR2026_CORE_plants_non-redundant_pfms_meme.txt	MA1175.2	MYB81	TAACHGWWT	1.22e-2	9.93e-1	9.21e2	412	206	206	206	17	64	31.07	43	20.87
86	data/reference/motifs/JASPAR2026_CORE_plants_non-redundant_pfms_meme.txt	MA2481.1	PK12011.1	AACGG	1.22e-2	9.93e-1	9.21e2	412	206	206	206	24	163	79.13	142	68.93
87	data/reference/motifs/JASPAR2026_CORE_plants_non-redundant_pfms_meme.txt	MA2071.1	PK15505.1	GCACGTGT	6.45e-2	9.94e-1	9.22e2	77	206	206	206	2	45	21.84	32	15.53
88	data/reference/motifs/JASPAR2026_CORE_plants_non-redundant_pfms_meme.txt	MA2060.1	PK05451.1	CCACGTGM	6.45e-2	9.94e-1	9.22e2	77	206	206	206	2	45	21.84	32	15.53
89	data/reference/motifs/JASPAR2026_CORE_plants_non-redundant_pfms_meme.txt	MA2672.1	GLYMA-01G233000	AGAASCTTCT	1.29e-2	9.94e-1	9.22e2	402	206	206	206	2	194	94.17	180	87.38
90	data/reference/motifs/JASPAR2026_CORE_plants_non-redundant_pfms_meme.txt	MA0972.1	CCA1	AAATATCT	1.26e-2	9.94e-1	9.22e2	412	206	206	206	14	44	21.36	26	12.62
91	data/reference/motifs/JASPAR2026_CORE_plants_non-redundant_pfms_meme.txt	MA2078.1	PK19363.1	CGCCGCCR	1.44e-2	9.95e-1	9.22e2	367	206	206	206	7	60	29.13	40	19.42
92	data/reference/motifs/JASPAR2026_CORE_plants_non-redundant_pfms_meme.txt	MA1190.2	RVE5	AGATATTTT	1.33e-2	9.95e-1	9.22e2	396	206	206	206	6	51	24.76	32	15.53
93	data/reference/motifs/JASPAR2026_CORE_plants_non-redundant_pfms_meme.txt	MA2756.1	dfo23	TACCTTTTTCT	1.37e-2	9.96e-1	9.24e2	412	206	206	206	27	14	6.80	4	1.94
94	data/reference/motifs/JASPAR2026_CORE_plants_non-redundant_pfms_meme.txt	MA2069.1	PK10955.1	CTTTW	1.37e-2	9.96e-1	9.24e2	412	206	206	206	63	14	6.80	4	1.94
95	data/reference/motifs/JASPAR2026_CORE_plants_non-redundant_pfms_meme.txt	MA2014.2	BAM8	CACACGTGY	1.95e-2	9.97e-1	9.24e2	300	206	206	206	3	83	40.29	62	30.10
96	data/reference/motifs/JASPAR2026_CORE_plants_non-redundant_pfms_meme.txt	MA1784.1	NAC011	GTTGCTTSWNHHDCAAGYAAC	1.14e-1	9.97e-1	9.24e2	49	206	206	206	2	12	5.83	6	2.91
97	data/reference/motifs/JASPAR2026_CORE_plants_non-redundant_pfms_meme.txt	MA1171.2	MYB52	ACCGTTA	2.04e-2	9.97e-1	9.25e2	291	206	206	206	3	40	19.42	24	11.65
98	data/reference/motifs/JASPAR2026_CORE_plants_non-redundant_pfms_meme.txt	MA2415.1	EREB138	CMGCCGCCAT	1.77e-2	9.98e-1	9.25e2	344	206	206	206	2	132	64.08	110	53.40
99	data/reference/motifs/JASPAR2026_CORE_plants_non-redundant_pfms_meme.txt	MA2475.1	HOX6	TGATTG	1.48e-2	9.98e-1	9.25e2	412	206	206	206	38	198	96.12	186	90.29
100	data/reference/motifs/JASPAR2026_CORE_plants_non-redundant_pfms_meme.txt	MA1304.2	WRKY59	AAAAGTCAAM	1.51e-2	9.98e-1	9.25e2	406	206	206	206	1	206	100.00	200	97.09
101	data/reference/motifs/JASPAR2026_CORE_plants_non-redundant_pfms_meme.txt	MA2043.2	NAC004	CAAGAAA	1.49e-2	9.98e-1	9.25e2	412	206	206	206	24	17	8.25	6	2.91
102	data/reference/motifs/JASPAR2026_CORE_plants_non-redundant_pfms_meme.txt	MA1677.2	NAC078	CAAGAAA	1.49e-2	9.98e-1	9.25e2	412	206	206	206	21	17	8.25	6	2.91
103	data/reference/motifs/JASPAR2026_CORE_plants_non-redundant_pfms_meme.txt	MA2501.1	G1	TTACTGTA	1.51e-2	9.98e-1	9.25e2	412	206	206	206	7	206	100.00	200	97.09
104	data/reference/motifs/JASPAR2026_CORE_plants_non-redundant_pfms_meme.txt	MA1071.2	DOF5.3	AAMG	1.59e-2	9.99e-1	9.26e2	412	206	206	206	272	141	68.45	119	57.77
105	data/reference/motifs/JASPAR2026_CORE_plants_non-redundant_pfms_meme.txt	MA1279.2	DOF1.5	AAADDAAAAAGTRAAA	1.60e-2	9.99e-1	9.26e2	412	206	206	206	9	176	85.44	158	76.70
106	data/reference/motifs/JASPAR2026_CORE_plants_non-redundant_pfms_meme.txt	MA1805.2	WRKY53	RGTCAAC	1.61e-2	9.99e-1	9.26e2	412	206	206	206	11	189	91.75	174	84.47
107	data/reference/motifs/JASPAR2026_CORE_plants_non-redundant_pfms_meme.txt	MA2612.1	ereb147	ACGCCGAC	1.82e-2	9.99e-1	9.26e2	373	206	206	206	8	44	21.36	27	13.11
108	data/reference/motifs/JASPAR2026_CORE_plants_non-redundant_pfms_meme.txt	MA1053.1	ERF109	GCGCCGCC	2.64e-2	9.99e-1	9.26e2	258	206	206	206	1	139	67.48	119	57.77
109	data/reference/motifs/JASPAR2026_CORE_plants_non-redundant_pfms_meme.txt	MA2644.1	GLYMA-14G030700	AACGACGGCA	2.00e-2	9.99e-1	9.26e2	341	206	206	206	4	71	34.47	51	24.76
110	data/reference/motifs/JASPAR2026_CORE_plants_non-redundant_pfms_meme.txt	MA1170.2	MYB118	RWCCGTTACRWW	2.70e-2	9.99e-1	9.26e2	254	206	206	206	1	137	66.50	117	56.80
111	data/reference/motifs/JASPAR2026_CORE_plants_non-redundant_pfms_meme.txt	MA2759.1	ereb7	GCGGCGGCGGCGG	7.51e-1	9.99e-1	9.26e2	5	206	206	206	2	1	0.49	1	0.49
112	data/reference/motifs/JASPAR2026_CORE_plants_non-redundant_pfms_meme.txt	MA1160.2	IDD6	TTTTTGTCGTTTTSTK	2.22e-2	9.99e-1	9.26e2	313	206	206	206	5	13	6.31	4	1.94
113	data/reference/motifs/JASPAR2026_CORE_plants_non-redundant_pfms_meme.txt	MA1241.2	ERF043	CCACCGACA	6.76e-2	9.99e-1	9.26e2	104	206	206	206	2	12	5.83	5	2.43
114	data/reference/motifs/JASPAR2026_CORE_plants_non-redundant_pfms_meme.txt	MA1197.2	CAMTA1	AARCGCGTG	3.76e-2	9.99e-1	9.26e2	191	206	206	206	1	105	50.97	86	41.75
115	data/reference/motifs/JASPAR2026_CORE_plants_non-redundant_pfms_meme.txt	MA1770.2	MYB40	YTYACCWAMY	1.79e-2	9.99e-1	9.26e2	401	206	206	206	9	10	4.85	2	0.97
116	data/reference/motifs/JASPAR2026_CORE_plants_non-redundant_pfms_meme.txt	MA1738.1	ATMYB31	YAMCTMCCAACHAMH	1.85e-2	9.99e-1	9.26e2	403	206	206	206	14	8	3.88	1	0.49
117	data/reference/motifs/JASPAR2026_CORE_plants_non-redundant_pfms_meme.txt	MA2371.1	MYB31	YAMCTMCCAACHAMH	1.85e-2	9.99e-1	9.26e2	403	206	206	206	14	8	3.88	1	0.49
118	data/reference/motifs/JASPAR2026_CORE_plants_non-redundant_pfms_meme.txt	MA1181.2	MYB113	AKTYMGTTAT	1.81e-2	9.99e-1	9.26e2	412	206	206	206	10	79	38.35	58	28.16
119	data/reference/motifs/JASPAR2026_CORE_plants_non-redundant_pfms_meme.txt	MA0563.2	SEP3	CYWTTTTTGG	1.83e-2	9.99e-1	9.27e2	412	206	206	206	26	15	7.28	5	2.43
120	data/reference/motifs/JASPAR2026_CORE_plants_non-redundant_pfms_meme.txt	MA1059.3	SPL5	TGTACGGAH	1.24e-1	9.99e-1	9.27e2	57	206	206	206	2	3	1.46	0	0.00
121	data/reference/motifs/JASPAR2026_CORE_plants_non-redundant_pfms_meme.txt	MA1750.1	E2FE	TTTTTGGCGGGAAAA	5.00e-1	1.00e0	9.27e2	11	206	206	206	1	6	2.91	5	2.43
122	data/reference/motifs/JASPAR2026_CORE_plants_non-redundant_pfms_meme.txt	MA1732.1	E2FD	TTTTTGGCGGGAAAA	5.00e-1	1.00e0	9.27e2	11	206	206	206	1	6	2.91	5	2.43
123	data/reference/motifs/JASPAR2026_CORE_plants_non-redundant_pfms_meme.txt	MA0571.2	ANT	GCACRRWTCCCVAKGY	1.30e-1	1.00e0	9.27e2	55	206	206	206	2	9	4.37	4	1.94
124	data/reference/motifs/JASPAR2026_CORE_plants_non-redundant_pfms_meme.txt	MA2502.1	TMF	CTACAGTA	1.86e-2	1.00e0	9.27e2	412	206	206	206	6	191	92.72	177	85.92
125	data/reference/motifs/JASPAR2026_CORE_plants_non-redundant_pfms_meme.txt	MA1391.3	MYB33	ATAACCGTAW	1.87e-2	1.00e0	9.27e2	410	206	206	206	6	104	50.49	82	39.81
126	data/reference/motifs/JASPAR2026_CORE_plants_non-redundant_pfms_meme.txt	MA1397.2	AT1G74840	WWTGGATAA	1.87e-2	1.00e0	9.27e2	411	206	206	206	11	25	12.14	12	5.83
127	data/reference/motifs/JASPAR2026_CORE_plants_non-redundant_pfms_meme.txt	MA0992.3	ERF4	CCGCCGYCA	2.73e-2	1.00e0	9.27e2	283	206	206	206	4	39	18.93	24	11.65
128	data/reference/motifs/JASPAR2026_CORE_plants_non-redundant_pfms_meme.txt	MA2610.1	ereb97	CGCCGCCGCC	2.49e-1	1.00e0	9.27e2	27	206	206	206	3	2	0.97	0	0.00
129	data/reference/motifs/JASPAR2026_CORE_plants_non-redundant_pfms_meme.txt	MA1832.2	Zm00001d002364	CGCCGCCGCC	2.49e-1	1.00e0	9.27e2	27	206	206	206	3	2	0.97	0	0.00
130	data/reference/motifs/JASPAR2026_CORE_plants_non-redundant_pfms_meme.txt	MA1818.1	Zm00001d052229	CGCCGCCGCC	2.49e-1	1.00e0	9.27e2	27	206	206	206	3	2	0.97	0	0.00
131	data/reference/motifs/JASPAR2026_CORE_plants_non-redundant_pfms_meme.txt	MA1058.2	SPL4	GTACG	1.89e-2	1.00e0	9.27e2	412	206	206	206	71	122	59.22	100	48.54
132	data/reference/motifs/JASPAR2026_CORE_plants_non-redundant_pfms_meme.txt	MA1230.2	ERF037	YCACCGACA	5.13e-2	1.00e0	9.27e2	153	206	206	206	1	85	41.26	68	33.01
133	data/reference/motifs/JASPAR2026_CORE_plants_non-redundant_pfms_meme.txt	MA2056.1	PK01144.1	CTTT	1.92e-2	1.00e0	9.27e2	412	206	206	206	212	178	86.41	161	78.16
134	data/reference/motifs/JASPAR2026_CORE_plants_non-redundant_pfms_meme.txt	MA2729.1	vahox1	AAATAATTG	1.95e-2	1.00e0	9.27e2	411	206	206	206	11	165	80.10	146	70.87
135	data/reference/motifs/JASPAR2026_CORE_plants_non-redundant_pfms_meme.txt	MA2105.1	GLYMA-13G317000	ACACGT	2.08e-2	1.00e0	9.27e2	388	206	206	206	3	163	79.13	144	69.90
136	data/reference/motifs/JASPAR2026_CORE_plants_non-redundant_pfms_meme.txt	MA1370.2	IDD5	TTTTGTCGTTTWST	2.69e-2	1.00e0	9.27e2	305	206	206	206	4	24	11.65	12	5.83
137	data/reference/motifs/JASPAR2026_CORE_plants_non-redundant_pfms_meme.txt	MA2027.2	MYB44	HAACGGTCA	2.07e-2	1.00e0	9.27e2	401	206	206	206	9	22	10.68	10	4.85
138	data/reference/motifs/JASPAR2026_CORE_plants_non-redundant_pfms_meme.txt	MA2390.1	GLYMA19G26560	GGSCCCAC	2.07e-2	1.00e0	9.27e2	401	206	206	206	2	196	95.15	184	89.32
139	data/reference/motifs/JASPAR2026_CORE_plants_non-redundant_pfms_meme.txt	MA2063.1	PK07402.1	RCCGMC	2.04e-2	1.00e0	9.27e2	410	206	206	206	16	40	19.42	24	11.65
140	data/reference/motifs/JASPAR2026_CORE_plants_non-redundant_pfms_meme.txt	MA1180.2	MYB3R4	WWWTRACCGTTR	3.10e-2	1.00e0	9.27e2	271	206	206	206	4	9	4.37	2	0.97
141	data/reference/motifs/JASPAR2026_CORE_plants_non-redundant_pfms_meme.txt	MA2732.1	Sl-ERF_C_4	YCGCCGCCGCCR	3.74e-2	1.00e0	9.27e2	225	206	206	206	1	122	59.22	103	50.00
142	data/reference/motifs/JASPAR2026_CORE_plants_non-redundant_pfms_meme.txt	MA1288.2	TCP22	GTGGGHCCCAC	5.25e-2	1.00e0	9.27e2	161	206	206	206	4	8	3.88	2	0.97
143	data/reference/motifs/JASPAR2026_CORE_plants_non-redundant_pfms_meme.txt	MA2029.2	MYB88	ACGCTCCTC	2.90e-2	1.00e0	9.27e2	296	206	206	206	2	97	47.09	77	37.38
144	data/reference/motifs/JASPAR2026_CORE_plants_non-redundant_pfms_meme.txt	MA1191.2	RVE7L	AAAATATCT	2.37e-2	1.00e0	9.27e2	375	206	206	206	3	124	60.19	103	50.00
145	data/reference/motifs/JASPAR2026_CORE_plants_non-redundant_pfms_meme.txt	MA2079.1	PK19717.1	GGGSCCCMC	2.38e-2	1.00e0	9.27e2	378	206	206	206	1	195	94.66	183	88.83
146	data/reference/motifs/JASPAR2026_CORE_plants_non-redundant_pfms_meme.txt	MA0575.2	MYB77	GACRGTTAS	2.57e-2	1.00e0	9.27e2	351	206	206	206	1	183	88.83	168	81.55
147	data/reference/motifs/JASPAR2026_CORE_plants_non-redundant_pfms_meme.txt	MA1778.2	MYB80	TYYACCTAMYTW	2.22e-2	1.00e0	9.27e2	412	206	206	206	15	13	6.31	4	1.94
148	data/reference/motifs/JASPAR2026_CORE_plants_non-redundant_pfms_meme.txt	MA1270.2	DOF3.2	TWACTTTTTNNYTTTT	2.22e-2	1.00e0	9.27e2	412	206	206	206	17	13	6.31	4	1.94
149	data/reference/motifs/JASPAR2026_CORE_plants_non-redundant_pfms_meme.txt	MA1234.2	ERF017	TGGWCGGTG	3.28e-2	1.00e0	9.27e2	280	206	206	206	2	85	41.26	66	32.04
150	data/reference/motifs/JASPAR2026_CORE_plants_non-redundant_pfms_meme.txt	MA1402.1	BPC6	CTCTCTCTCTCTCTCTCTCTC	1.14e-1	1.00e0	9.27e2	77	206	206	206	9	12	5.83	6	2.91
151	data/reference/motifs/JASPAR2026_CORE_plants_non-redundant_pfms_meme.txt	MA1274.1	DOF3.6	TTTWCTTTTTHHYTTTTTTTT	2.27e-2	1.00e0	9.27e2	412	206	206	206	18	149	72.33	129	62.62
152	data/reference/motifs/JASPAR2026_CORE_plants_non-redundant_pfms_meme.txt	MA0931.2	ABI5	GMCACGTG	3.32e-2	1.00e0	9.27e2	290	206	206	206	1	154	74.76	136	66.02
153	data/reference/motifs/JASPAR2026_CORE_plants_non-redundant_pfms_meme.txt	MA1232.2	ERF054	GDCGGYGG	2.85e-2	1.00e0	9.27e2	338	206	206	206	6	29	14.08	16	7.77
154	data/reference/motifs/JASPAR2026_CORE_plants_non-redundant_pfms_meme.txt	MA0970.2	CAMTA3	CCGCGT	2.37e-2	1.00e0	9.27e2	408	206	206	206	7	124	60.19	103	50.00
155	data/reference/motifs/JASPAR2026_CORE_plants_non-redundant_pfms_meme.txt	MA0945.2	ARR1	RDATCT	2.36e-2	1.00e0	9.27e2	412	206	206	206	88	27	13.11	14	6.80
156	data/reference/motifs/JASPAR2026_CORE_plants_non-redundant_pfms_meme.txt	MA1775.2	MYB61	YACCWACC	2.41e-2	1.00e0	9.27e2	405	206	206	206	3	184	89.32	169	82.04
157	data/reference/motifs/JASPAR2026_CORE_plants_non-redundant_pfms_meme.txt	MA0975.1	CRF2	SCGCCGCC	4.69e-2	1.00e0	9.27e2	210	206	206	206	1	114	55.34	96	46.60
158	data/reference/motifs/JASPAR2026_CORE_plants_non-redundant_pfms_meme.txt	MA1013.1	GATA10	TAGATCTG	3.05e-2	1.00e0	9.27e2	325	206	206	206	15	5	2.43	0	0.00
159	data/reference/motifs/JASPAR2026_CORE_plants_non-redundant_pfms_meme.txt	MA2738.1	Cnr	TCCGTACAAA	2.42e-2	1.00e0	9.27e2	411	206	206	206	7	119	57.77	98	47.57
160	data/reference/motifs/JASPAR2026_CORE_plants_non-redundant_pfms_meme.txt	MA2359.1	PK23829.1	TTATCCR	2.43e-2	1.00e0	9.27e2	410	206	206	206	5	113	54.85	92	44.66
161	data/reference/motifs/JASPAR2026_CORE_plants_non-redundant_pfms_meme.txt	MA1256.2	RAP2-12	DRYGGCGGCGG	6.26e-2	1.00e0	9.27e2	160	206	206	206	2	44	21.36	31	15.05
162	data/reference/motifs/JASPAR2026_CORE_plants_non-redundant_pfms_meme.txt	MA2613.1	ereb34	GCCGCCGCCGCCCS	7.22e-2	1.00e0	9.27e2	139	206	206	206	1	77	37.38	62	30.10
163	data/reference/motifs/JASPAR2026_CORE_plants_non-redundant_pfms_meme.txt	MA1057.2	SPL12	GTACGG	2.45e-2	1.00e0	9.27e2	412	206	206	206	23	68	33.01	49	23.79
164	data/reference/motifs/JASPAR2026_CORE_plants_non-redundant_pfms_meme.txt	MA1261.2	ERF122	TRCGGCKGHG	2.85e-2	1.00e0	9.27e2	358	206	206	206	1	186	90.29	172	83.50
165	data/reference/motifs/JASPAR2026_CORE_plants_non-redundant_pfms_meme.txt	MA2011.2	ERF010	CACCGACA	2.76e-2	1.00e0	9.27e2	375	206	206	206	3	135	65.53	115	55.83
166	data/reference/motifs/JASPAR2026_CORE_plants_non-redundant_pfms_meme.txt	MA1219.3	ERF011	CACCGAC	2.73e-2	1.00e0	9.27e2	381	206	206	206	7	39	18.93	24	11.65
167	data/reference/motifs/JASPAR2026_CORE_plants_non-redundant_pfms_meme.txt	MA1752.2	ERF025	YGCCGACA	3.99e-2	1.00e0	9.27e2	264	206	206	206	2	82	39.81	64	31.07
168	data/reference/motifs/JASPAR2026_CORE_plants_non-redundant_pfms_meme.txt	MA2052.2	ZAT6	AATGATTG	2.62e-2	1.00e0	9.27e2	412	206	206	206	20	197	95.63	186	90.29
169	data/reference/motifs/JASPAR2026_CORE_plants_non-redundant_pfms_meme.txt	MA1321.2	SPL13A	TGTACGGA	3.05e-2	1.00e0	9.27e2	355	206	206	206	9	5	2.43	0	0.00
170	data/reference/motifs/JASPAR2026_CORE_plants_non-redundant_pfms_meme.txt	MA0973.2	CDF2	AAAAAGY	2.66e-2	1.00e0	9.27e2	412	206	206	206	65	11	5.34	3	1.46
171	data/reference/motifs/JASPAR2026_CORE_plants_non-redundant_pfms_meme.txt	MA1747.2	DOF4.3	WAAAGWRGCTTTW	7.55e-2	1.00e0	9.27e2	149	206	206	206	1	82	39.81	67	32.52
172	data/reference/motifs/JASPAR2026_CORE_plants_non-redundant_pfms_meme.txt	MA2757.1	pbf1	ATAAAGT	2.73e-2	1.00e0	9.27e2	412	206	206	206	36	39	18.93	24	11.65
173	data/reference/motifs/JASPAR2026_CORE_plants_non-redundant_pfms_meme.txt	MA0930.3	ABF3	ACGTGTC	2.75e-2	1.00e0	9.27e2	412	206	206	206	8	162	78.64	144	69.90
174	data/reference/motifs/JASPAR2026_CORE_plants_non-redundant_pfms_meme.txt	MA2355.1	PK06791.1	GTACGG	2.75e-2	1.00e0	9.27e2	412	206	206	206	22	62	30.10	44	21.36
175	data/reference/motifs/JASPAR2026_CORE_plants_non-redundant_pfms_meme.txt	MA1276.2	DOF3.5	AWAAAGK	2.78e-2	1.00e0	9.27e2	412	206	206	206	9	151	73.30	132	64.08
176	data/reference/motifs/JASPAR2026_CORE_plants_non-redundant_pfms_meme.txt	MA2616.1	ereb17	CGCCGCCGCCGCCS	8.57e-2	1.00e0	9.27e2	134	206	206	206	1	74	35.92	60	29.13
177	data/reference/motifs/JASPAR2026_CORE_plants_non-redundant_pfms_meme.txt	MA1313.2	WRKY7	CGTTGACTTTT	5.25e-2	1.00e0	9.27e2	223	206	206	206	4	8	3.88	2	0.97
178	data/reference/motifs/JASPAR2026_CORE_plants_non-redundant_pfms_meme.txt	MA1356.1	TRP2	AACCCTAAACCCTAAACCCTA	5.00e-1	1.00e0	9.27e2	17	206	206	206	1	9	4.37	8	3.88
179	data/reference/motifs/JASPAR2026_CORE_plants_non-redundant_pfms_meme.txt	MA0578.1	SPL8	WWDWHYGTACHHTWWW	3.38e-2	1.00e0	9.27e2	350	206	206	206	2	153	74.27	135	65.53
180	data/reference/motifs/JASPAR2026_CORE_plants_non-redundant_pfms_meme.txt	MA1055.3	SPL1	TGTACGGA	2.94e-2	1.00e0	9.27e2	404	206	206	206	7	47	22.82	31	15.05
181	data/reference/motifs/JASPAR2026_CORE_plants_non-redundant_pfms_meme.txt	MA1277.2	DOF1.7	AAAAAGTARAA	2.89e-2	1.00e0	9.27e2	412	206	206	206	15	181	87.86	166	80.58
182	data/reference/motifs/JASPAR2026_CORE_plants_non-redundant_pfms_meme.txt	MA1019.2	Glyma19g26560.1	GGSCCCAC	3.01e-2	1.00e0	9.27e2	401	206	206	206	2	196	95.15	185	89.81
183	data/reference/motifs/JASPAR2026_CORE_plants_non-redundant_pfms_meme.txt	MA2377.1	cassava45561.m1	GGGSCCCAC	3.10e-2	1.00e0	9.27e2	391	206	206	206	2	189	91.75	176	85.44
184	data/reference/motifs/JASPAR2026_CORE_plants_non-redundant_pfms_meme.txt	MA1739.2	BHLH122	CMACTTG	3.35e-2	1.00e0	9.27e2	363	206	206	206	1	188	91.26	175	84.95
185	data/reference/motifs/JASPAR2026_CORE_plants_non-redundant_pfms_meme.txt	MA0969.2	CAMTA2	VCGCGT	2.96e-2	1.00e0	9.27e2	411	206	206	206	13	101	49.03	81	39.32
186	data/reference/motifs/JASPAR2026_CORE_plants_non-redundant_pfms_meme.txt	MA1792.1	NAC098	CKTGTNNHACACGTHA	6.16e-2	1.00e0	9.27e2	199	206	206	206	5	4	1.94	0	0.00
187	data/reference/motifs/JASPAR2026_CORE_plants_non-redundant_pfms_meme.txt	MA2483.1	PK20543.1	TTAACC	2.99e-2	1.00e0	9.27e2	412	206	206	206	69	103	50.00	83	40.29
188	data/reference/motifs/JASPAR2026_CORE_plants_non-redundant_pfms_meme.txt	MA2615.1	ereb109	CGCCGCC	2.49e-1	1.00e0	9.27e2	43	206	206	206	3	2	0.97	0	0.00
189	data/reference/motifs/JASPAR2026_CORE_plants_non-redundant_pfms_meme.txt	MA1024.2	HAT1	YAATCATK	2.99e-2	1.00e0	9.27e2	412	206	206	206	4	193	93.69	181	87.86
190	data/reference/motifs/JASPAR2026_CORE_plants_non-redundant_pfms_meme.txt	MA1375.2	ANL2	GCATTAATTR	3.05e-2	1.00e0	9.27e2	407	206	206	206	1	206	100.00	201	97.57
191	data/reference/motifs/JASPAR2026_CORE_plants_non-redundant_pfms_meme.txt	MA2081.1	PK20317.1	CKTTW	3.05e-2	1.00e0	9.27e2	412	206	206	206	138	35	16.99	21	10.19
192	data/reference/motifs/JASPAR2026_CORE_plants_non-redundant_pfms_meme.txt	MA2627.1	bzip9	CACGTCA	3.05e-2	1.00e0	9.27e2	412	206	206	206	11	110	53.40	90	43.69
193	data/reference/motifs/JASPAR2026_CORE_plants_non-redundant_pfms_meme.txt	MA2708.1	SlDof4	AGAAAAAGTAA	3.05e-2	1.00e0	9.27e2	412	206	206	206	34	5	2.43	0	0.00
194	data/reference/motifs/JASPAR2026_CORE_plants_non-redundant_pfms_meme.txt	MA0560.2	PIF3	CCACGTG	4.54e-2	1.00e0	9.27e2	277	206	206	206	2	98	47.57	80	38.83
195	data/reference/motifs/JASPAR2026_CORE_plants_non-redundant_pfms_meme.txt	MA2393.1	PHYPA_008731	CACGTGC	4.54e-2	1.00e0	9.27e2	277	206	206	206	2	98	47.57	80	38.83
196	data/reference/motifs/JASPAR2026_CORE_plants_non-redundant_pfms_meme.txt	MA1823.2	Zm00001d027846	AAAGAAAA	3.06e-2	1.00e0	9.27e2	412	206	206	206	50	174	84.47	158	76.70
197	data/reference/motifs/JASPAR2026_CORE_plants_non-redundant_pfms_meme.txt	MA1659.2	ABF4	CCACGTS	3.10e-2	1.00e0	9.27e2	412	206	206	206	4	204	99.03	197	95.63
198	data/reference/motifs/JASPAR2026_CORE_plants_non-redundant_pfms_meme.txt	MA2059.1	PK05432.1	RGTCAA	3.10e-2	1.00e0	9.27e2	412	206	206	206	30	204	99.03	197	95.63
199	data/reference/motifs/JASPAR2026_CORE_plants_non-redundant_pfms_meme.txt	MA0950.1	ATHB-12	AATGATTG	3.10e-2	1.00e0	9.27e2	412	206	206	206	34	189	91.75	176	85.44
200	data/reference/motifs/JASPAR2026_CORE_plants_non-redundant_pfms_meme.txt	MA0569.2	MYC4	CACGTGC	3.43e-2	1.00e0	9.27e2	374	206	206	206	2	171	83.01	155	75.24
201	data/reference/motifs/JASPAR2026_CORE_plants_non-redundant_pfms_meme.txt	MA2017.2	JUB1	ACGGCGA	3.32e-2	1.00e0	9.27e2	388	206	206	206	6	70	33.98	52	25.24
202	data/reference/motifs/JASPAR2026_CORE_plants_non-redundant_pfms_meme.txt	MA1766.2	MYB17	YYCACCTACCW	3.33e-2	1.00e0	9.27e2	394	206	206	206	3	164	79.61	147	71.36
203	data/reference/motifs/JASPAR2026_CORE_plants_non-redundant_pfms_meme.txt	MA2375.1	BMY2	SRCACGTGTGR	1.02e-1	1.00e0	9.27e2	131	206	206	206	1	72	34.95	59	28.64
204	data/reference/motifs/JASPAR2026_CORE_plants_non-redundant_pfms_meme.txt	MA2736.1	la3	AACACGTG	3.38e-2	1.00e0	9.27e2	399	206	206	206	16	7	3.40	1	0.49
205	data/reference/motifs/JASPAR2026_CORE_plants_non-redundant_pfms_meme.txt	MA1231.3	ERF15	MGCCGCCD	4.38e-2	1.00e0	9.27e2	310	206	206	206	4	42	20.39	28	13.59
206	data/reference/motifs/JASPAR2026_CORE_plants_non-redundant_pfms_meme.txt	MA0935.1	NAC025	YACGTAAY	4.11e-2	1.00e0	9.27e2	331	206	206	206	1	173	83.98	158	76.70
207	data/reference/motifs/JASPAR2026_CORE_plants_non-redundant_pfms_meme.txt	MA2661.1	GLYMA-03G081700	CTACGTGGCA	3.44e-2	1.00e0	9.27e2	399	206	206	206	4	152	73.79	134	65.05
208	data/reference/motifs/JASPAR2026_CORE_plants_non-redundant_pfms_meme.txt	MA1244.2	ABR1	DTKGCGGCGGMG	6.95e-2	1.00e0	9.27e2	198	206	206	206	1	107	51.94	91	44.17
209	data/reference/motifs/JASPAR2026_CORE_plants_non-redundant_pfms_meme.txt	MA2643.1	SNAC23	YACGGAACT	3.38e-2	1.00e0	9.27e2	411	206	206	206	14	7	3.40	1	0.49
210	data/reference/motifs/JASPAR2026_CORE_plants_non-redundant_pfms_meme.txt	MA0987.2	PHYPADRAFT_140773	AAAG	3.38e-2	1.00e0	9.27e2	412	206	206	206	116	205	99.51	199	96.60
211	data/reference/motifs/JASPAR2026_CORE_plants_non-redundant_pfms_meme.txt	MA2381.1	e_gw1.170.52.1	CTTT	3.38e-2	1.00e0	9.27e2	412	206	206	206	116	205	99.51	199	96.60
212	data/reference/motifs/JASPAR2026_CORE_plants_non-redundant_pfms_meme.txt	MA0964.3	BIM1	TCACGTGA	4.57e-2	1.00e0	9.27e2	307	206	206	206	8	25	12.14	14	6.80
213	data/reference/motifs/JASPAR2026_CORE_plants_non-redundant_pfms_meme.txt	MA0998.2	ERF096	GCCGCC	3.43e-2	1.00e0	9.27e2	409	206	206	206	22	51	24.76	35	16.99
214	data/reference/motifs/JASPAR2026_CORE_plants_non-redundant_pfms_meme.txt	MA2358.1	PK22320.1	GTACGG	3.41e-2	1.00e0	9.27e2	412	206	206	206	21	22	10.68	11	5.34
215	data/reference/motifs/JASPAR2026_CORE_plants_non-redundant_pfms_meme.txt	MA0986.1	DREB2C	CACCGACA	3.59e-2	1.00e0	9.27e2	392	206	206	206	8	32	15.53	19	9.22
216	data/reference/motifs/JASPAR2026_CORE_plants_non-redundant_pfms_meme.txt	MA1341.2	BZIP53	TGCTGACGTGGCA	1.46e-1	1.00e0	9.27e2	90	206	206	206	2	10	4.85	5	2.43
217	data/reference/motifs/JASPAR2026_CORE_plants_non-redundant_pfms_meme.txt	MA1054.2	ARALYDRAFT_897773	KGGGACCAC	3.80e-2	1.00e0	9.27e2	377	206	206	206	1	194	94.17	183	88.83
218	data/reference/motifs/JASPAR2026_CORE_plants_non-redundant_pfms_meme.txt	MA2074.1	PK17878.1	CGCCGCCA	7.13e-2	1.00e0	9.27e2	201	206	206	206	2	60	29.13	46	22.33
219	data/reference/motifs/JASPAR2026_CORE_plants_non-redundant_pfms_meme.txt	MA1296.2	WRKY46	CGTTGACTTT	4.36e-2	1.00e0	9.27e2	331	206	206	206	6	10	4.85	3	1.46
220	data/reference/motifs/JASPAR2026_CORE_plants_non-redundant_pfms_meme.txt	MA0958.1	BHLH13	RCACGTGC	4.38e-2	1.00e0	9.27e2	337	206	206	206	5	72	34.95	55	26.70
221	data/reference/motifs/JASPAR2026_CORE_plants_non-redundant_pfms_meme.txt	MA0573.2	ATHB-9	GTAATGATTRCDYBS	3.09e-1	1.00e0	9.27e2	40	206	206	206	1	22	10.68	18	8.74
222	data/reference/motifs/JASPAR2026_CORE_plants_non-redundant_pfms_meme.txt	MA1786.2	NAC019	YACGBMA	3.60e-2	1.00e0	9.27e2	412	206	206	206	30	62	30.10	45	21.84
223	data/reference/motifs/JASPAR2026_CORE_plants_non-redundant_pfms_meme.txt	MA1273.2	DOF4.2	AAAAAGGYAAA	3.61e-2	1.00e0	9.27e2	412	206	206	206	14	27	13.11	15	7.28
224	data/reference/motifs/JASPAR2026_CORE_plants_non-redundant_pfms_meme.txt	MA1834.2	Zm00001d034298	CCACGCG	3.63e-2	1.00e0	9.27e2	410	206	206	206	5	182	88.35	168	81.55
225	data/reference/motifs/JASPAR2026_CORE_plants_non-redundant_pfms_meme.txt	MA2431.1	SPL15A	AGCGGTASTACCGC	1.08e-1	1.00e0	9.27e2	139	206	206	206	4	5	2.43	1	0.49
226	data/reference/motifs/JASPAR2026_CORE_plants_non-redundant_pfms_meme.txt	MA1041.1	MYB55	ACCTACCG	3.67e-2	1.00e0	9.27e2	408	206	206	206	5	126	61.17	107	51.94
227	data/reference/motifs/JASPAR2026_CORE_plants_non-redundant_pfms_meme.txt	MA1027.2	KAN1	WTATTC	3.67e-2	1.00e0	9.27e2	412	206	206	206	111	176	85.44	161	78.16
228	data/reference/motifs/JASPAR2026_CORE_plants_non-redundant_pfms_meme.txt	MA1821.2	Zm00001d020595	GGCGGCGGCG	5.00e-1	1.00e0	9.27e2	22	206	206	206	4	1	0.49	0	0.00
229	data/reference/motifs/JASPAR2026_CORE_plants_non-redundant_pfms_meme.txt	MA0097.1	bZIP911	GRTGACGTGGMC	4.23e-1	1.00e0	9.27e2	28	206	206	206	1	15	7.28	13	6.31
230	data/reference/motifs/JASPAR2026_CORE_plants_non-redundant_pfms_meme.txt	MA1215.2	ATHB-53	CAATAATTG	3.80e-2	1.00e0	9.27e2	410	206	206	206	8	115	55.83	96	46.60
231	data/reference/motifs/JASPAR2026_CORE_plants_non-redundant_pfms_meme.txt	MA2623.1	hb66	CCAATCA	3.83e-2	1.00e0	9.27e2	412	206	206	206	42	33	16.02	20	9.71
232	data/reference/motifs/JASPAR2026_CORE_plants_non-redundant_pfms_meme.txt	MA2405.1	OsMSL08	GTAAAW	3.83e-2	1.00e0	9.27e2	412	206	206	206	83	33	16.02	20	9.71
233	data/reference/motifs/JASPAR2026_CORE_plants_non-redundant_pfms_meme.txt	MA1748.2	DREB1F	GCCGAC	3.99e-2	1.00e0	9.27e2	397	206	206	206	9	82	39.81	64	31.07
234	data/reference/motifs/JASPAR2026_CORE_plants_non-redundant_pfms_meme.txt	MA0960.1	BHLH104	GGCACGTGCC	2.40e-1	1.00e0	9.27e2	58	206	206	206	2	32	15.53	26	12.62
235	data/reference/motifs/JASPAR2026_CORE_plants_non-redundant_pfms_meme.txt	MA1364.2	BHLH72	GCCACGTGG	6.22e-2	1.00e0	9.27e2	256	206	206	206	2	83	40.29	67	32.52
236	data/reference/motifs/JASPAR2026_CORE_plants_non-redundant_pfms_meme.txt	MA2720.1	nacnor	ACACGTAACT	4.01e-2	1.00e0	9.27e2	405	206	206	206	8	56	27.18	40	19.42
237	data/reference/motifs/JASPAR2026_CORE_plants_non-redundant_pfms_meme.txt	MA1820.2	Zm00001d024324	CGCCGCCGC	6.66e-2	1.00e0	9.27e2	248	206	206	206	2	93	45.15	77	37.38
238	data/reference/motifs/JASPAR2026_CORE_plants_non-redundant_pfms_meme.txt	MA1416.1	RAMOSA1	GAGAGAGAGAGAGA	8.60e-2	1.00e0	9.27e2	193	206	206	206	14	10	4.85	4	1.94
239	data/reference/motifs/JASPAR2026_CORE_plants_non-redundant_pfms_meme.txt	MA1248.2	ERF012	CCACCGMC	6.09e-2	1.00e0	9.27e2	276	206	206	206	9	6	2.91	1	0.49
240	data/reference/motifs/JASPAR2026_CORE_plants_non-redundant_pfms_meme.txt	MA1193.2	AT2G38090	WDWGGATAAGDAT	4.12e-2	1.00e0	9.27e2	409	206	206	206	4	165	80.10	149	72.33
241	data/reference/motifs/JASPAR2026_CORE_plants_non-redundant_pfms_meme.txt	MA2454.1	SPL8D1	ATAGTACATA	4.24e-2	1.00e0	9.27e2	412	206	206	206	14	136	66.02	118	57.28
242	data/reference/motifs/JASPAR2026_CORE_plants_non-redundant_pfms_meme.txt	MA2762.1	myb53	AGTTAGGCAC	4.45e-2	1.00e0	9.27e2	393	206	206	206	8	13	6.31	5	2.43
243	data/reference/motifs/JASPAR2026_CORE_plants_non-redundant_pfms_meme.txt	MA2345.1	OS02G0104500	GTAAAW	4.25e-2	1.00e0	9.27e2	412	206	206	206	107	49	23.79	34	16.50
244	data/reference/motifs/JASPAR2026_CORE_plants_non-redundant_pfms_meme.txt	MA1064.2	TCP2	TGGKMCCA	4.28e-2	1.00e0	9.27e2	410	206	206	206	16	135	65.53	117	56.80
245	data/reference/motifs/JASPAR2026_CORE_plants_non-redundant_pfms_meme.txt	MA1269.2	DOF4.5	AWAAAGTWRCTTT	4.28e-2	1.00e0	9.27e2	412	206	206	206	12	89	43.20	71	34.47
246	data/reference/motifs/JASPAR2026_CORE_plants_non-redundant_pfms_meme.txt	MA2669.1	GLYMA-04G231400	CAATAATTGATT	4.36e-2	1.00e0	9.27e2	405	206	206	206	11	10	4.85	3	1.46
247	data/reference/motifs/JASPAR2026_CORE_plants_non-redundant_pfms_meme.txt	MA2673.1	GLYMA-15G086400	WTCTAGAAMCTTCTAGAR	9.85e-2	1.00e0	9.27e2	180	206	206	206	3	15	7.28	8	3.88
248	data/reference/motifs/JASPAR2026_CORE_plants_non-redundant_pfms_meme.txt	MA2436.1	SPL18A	GCGGTASTACCGCT	2.13e-1	1.00e0	9.27e2	74	206	206	206	2	16	7.77	11	5.34
249	data/reference/motifs/JASPAR2026_CORE_plants_non-redundant_pfms_meme.txt	MA0982.2	DOF2.4	AAAG	4.33e-2	1.00e0	9.27e2	412	206	206	206	216	59	28.64	43	20.87
250	data/reference/motifs/JASPAR2026_CORE_plants_non-redundant_pfms_meme.txt	MA1401.2	RVE7	AAAATATCT	6.11e-2	1.00e0	9.27e2	295	206	206	206	4	19	9.22	10	4.85
251	data/reference/motifs/JASPAR2026_CORE_plants_non-redundant_pfms_meme.txt	MA2667.1	GLYMA-13G236500	ACGACGGCGGAG	7.15e-2	1.00e0	9.27e2	253	206	206	206	2	76	36.89	61	29.61
252	data/reference/motifs/JASPAR2026_CORE_plants_non-redundant_pfms_meme.txt	MA1331.2	BEH4	YGCACGTGTG	2.81e-1	1.00e0	9.27e2	55	206	206	206	1	30	14.56	25	12.14
253	data/reference/motifs/JASPAR2026_CORE_plants_non-redundant_pfms_meme.txt	MA1829.2	Zm00001d035604	ACCTAAC	4.45e-2	1.00e0	9.27e2	412	206	206	206	36	13	6.31	5	2.43
254	data/reference/motifs/JASPAR2026_CORE_plants_non-redundant_pfms_meme.txt	MA2473.1	HB88	TTGATTG	4.52e-2	1.00e0	9.27e2	412	206	206	206	35	127	61.65	109	52.91
255	data/reference/motifs/JASPAR2026_CORE_plants_non-redundant_pfms_meme.txt	MA1675.2	NAC029	ACGCAACT	4.56e-2	1.00e0	9.27e2	408	206	206	206	9	43	20.87	29	14.08
256	data/reference/motifs/JASPAR2026_CORE_plants_non-redundant_pfms_meme.txt	MA1210.3	HAT22	CAATAATTG	4.53e-2	1.00e0	9.27e2	412	206	206	206	13	161	78.16	145	70.39
257	data/reference/motifs/JASPAR2026_CORE_plants_non-redundant_pfms_meme.txt	MA2042.2	MYB58	CCACCAACC	4.53e-2	1.00e0	9.27e2	412	206	206	206	14	51	24.76	36	17.48
258	data/reference/motifs/JASPAR2026_CORE_plants_non-redundant_pfms_meme.txt	MA2480.1	GLYMA-04G093300	CTAATC	4.57e-2	1.00e0	9.27e2	410	206	206	206	3	192	93.20	181	87.86
259	data/reference/motifs/JASPAR2026_CORE_plants_non-redundant_pfms_meme.txt	MA1783.1	NAC005	TWRCTTVTTYHAYAAGTTW	1.08e-1	1.00e0	9.27e2	180	206	206	206	4	16	7.77	9	4.37
260	data/reference/motifs/JASPAR2026_CORE_plants_non-redundant_pfms_meme.txt	MA2364.1	VIT_15s0048g01150	GGGCCCAC	4.94e-2	1.00e0	9.27e2	395	206	206	206	2	191	92.72	180	87.38
261	data/reference/motifs/JASPAR2026_CORE_plants_non-redundant_pfms_meme.txt	MA1428.2	TCP8	GGSCCCAC	4.77e-2	1.00e0	9.27e2	411	206	206	206	9	182	88.35	169	82.04
262	data/reference/motifs/JASPAR2026_CORE_plants_non-redundant_pfms_meme.txt	MA2472.1	AT3G12910	YGSCGTVRWDDHBACGK	2.00e-1	1.00e0	9.27e2	88	206	206	206	1	48	23.30	40	19.42
263	data/reference/motifs/JASPAR2026_CORE_plants_non-redundant_pfms_meme.txt	MA2460.1	MGH6.1	YGSCGTVRWDDHBACGK	2.00e-1	1.00e0	9.27e2	88	206	206	206	1	48	23.30	40	19.42
264	data/reference/motifs/JASPAR2026_CORE_plants_non-redundant_pfms_meme.txt	MA0946.1	ARR11	AAGATACG	4.82e-2	1.00e0	9.27e2	410	206	206	206	11	21	10.19	11	5.34
265	data/reference/motifs/JASPAR2026_CORE_plants_non-redundant_pfms_meme.txt	MA1777.2	MYB74	YYYACCTAMCW	5.08e-2	1.00e0	9.27e2	391	206	206	206	2	174	84.47	160	77.67
266	data/reference/motifs/JASPAR2026_CORE_plants_non-redundant_pfms_meme.txt	MA1359.3	BPE	CACGTG	6.09e-2	1.00e0	9.27e2	329	206	206	206	12	6	2.91	1	0.49
267	data/reference/motifs/JASPAR2026_CORE_plants_non-redundant_pfms_meme.txt	MA2742.1	SlWRKY11	GTTGACTTTT	6.17e-2	1.00e0	9.27e2	326	206	206	206	5	15	7.28	7	3.40
268	data/reference/motifs/JASPAR2026_CORE_plants_non-redundant_pfms_meme.txt	MA2719.1	lat61	CRCACGTGYG	1.48e-1	1.00e0	9.27e2	137	206	206	206	2	74	35.92	63	30.58
269	data/reference/motifs/JASPAR2026_CORE_plants_non-redundant_pfms_meme.txt	MA0937.1	NAC055	ACACGTAA	4.94e-2	1.00e0	9.27e2	411	206	206	206	16	26	12.62	15	7.28
270	data/reference/motifs/JASPAR2026_CORE_plants_non-redundant_pfms_meme.txt	MA2741.1	SlWRKY7	AAAAAGTCAACC	5.25e-2	1.00e0	9.27e2	388	206	206	206	8	8	3.88	2	0.97
271	data/reference/motifs/JASPAR2026_CORE_plants_non-redundant_pfms_meme.txt	MA0550.3	BZR1	CRCACGTGYR	1.81e-1	1.00e0	9.27e2	115	206	206	206	2	28	13.59	21	10.19
272	data/reference/motifs/JASPAR2026_CORE_plants_non-redundant_pfms_meme.txt	MA2478.1	PK13314.1	GGGCCCAC	5.08e-2	1.00e0	9.27e2	410	206	206	206	5	174	84.47	160	77.67
273	data/reference/motifs/JASPAR2026_CORE_plants_non-redundant_pfms_meme.txt	MA0936.1	NAC046	ACACGCMA	5.09e-2	1.00e0	9.27e2	412	206	206	206	37	139	67.48	122	59.22
274	data/reference/motifs/JASPAR2026_CORE_plants_non-redundant_pfms_meme.txt	MA2722.1	Sl-ERF_F_2	CGGCGGCKGCGGCGR	2.08e-1	1.00e0	9.27e2	90	206	206	206	2	24	11.65	18	8.74
275	data/reference/motifs/JASPAR2026_CORE_plants_non-redundant_pfms_meme.txt	MA1687.1	ARF14	CGGGGGACAYGTCGGG	2.29e-1	1.00e0	9.27e2	81	206	206	206	1	44	21.36	37	17.96
276	data/reference/motifs/JASPAR2026_CORE_plants_non-redundant_pfms_meme.txt	MA1176.2	MYB119	RWCCGTTACA	5.58e-2	1.00e0	9.27e2	378	206	206	206	4	49	23.79	35	16.99
277	data/reference/motifs/JASPAR2026_CORE_plants_non-redundant_pfms_meme.txt	MA0586.3	SPL14	TCCGTAC	1.03e-1	1.00e0	9.27e2	205	206	206	206	2	44	21.36	33	16.02
278	data/reference/motifs/JASPAR2026_CORE_plants_non-redundant_pfms_meme.txt	MA2038.2	NAC103	CAAGTTA	5.18e-2	1.00e0	9.27e2	412	206	206	206	18	137	66.50	120	58.25
279	data/reference/motifs/JASPAR2026_CORE_plants_non-redundant_pfms_meme.txt	MA1773.2	MYB51	YYYACCWACYW	5.30e-2	1.00e0	9.27e2	404	206	206	206	2	194	94.17	184	89.32
280	data/reference/motifs/JASPAR2026_CORE_plants_non-redundant_pfms_meme.txt	MA1324.1	GATA20	ATCSGATC	6.16e-2	1.00e0	9.27e2	349	206	206	206	18	4	1.94	0	0.00
281	data/reference/motifs/JASPAR2026_CORE_plants_non-redundant_pfms_meme.txt	MA1369.2	HDG1	YAATTAATGM	5.25e-2	1.00e0	9.27e2	410	206	206	206	2	204	99.03	198	96.12
282	data/reference/motifs/JASPAR2026_CORE_plants_non-redundant_pfms_meme.txt	MA2753.1	cpp8	GAATTTGAAW	5.25e-2	1.00e0	9.27e2	412	206	206	206	34	8	3.88	2	0.97
283	data/reference/motifs/JASPAR2026_CORE_plants_non-redundant_pfms_meme.txt	MA2625.1	mybr17	CATTATC	5.25e-2	1.00e0	9.27e2	412	206	206	206	46	8	3.88	2	0.97
284	data/reference/motifs/JASPAR2026_CORE_plants_non-redundant_pfms_meme.txt	MA1267.2	DOF5.8	TTTTTHYTTTTTACTTTTT	5.25e-2	1.00e0	9.27e2	412	206	206	206	5	204	99.03	198	96.12
285	data/reference/motifs/JASPAR2026_CORE_plants_non-redundant_pfms_meme.txt	MA1022.2	PHYPADRAFT_38837	AAAG	5.25e-2	1.00e0	9.27e2	412	206	206	206	127	204	99.03	198	96.12
286	data/reference/motifs/JASPAR2026_CORE_plants_non-redundant_pfms_meme.txt	MA0981.2	DOF1.8	AAAG	5.25e-2	1.00e0	9.27e2	412	206	206	206	127	204	99.03	198	96.12
287	data/reference/motifs/JASPAR2026_CORE_plants_non-redundant_pfms_meme.txt	MA2394.1	PpDof6	CTTT	5.25e-2	1.00e0	9.27e2	412	206	206	206	127	204	99.03	198	96.12
288	data/reference/motifs/JASPAR2026_CORE_plants_non-redundant_pfms_meme.txt	MA0983.2	DOF5.6	AAMG	5.30e-2	1.00e0	9.27e2	412	206	206	206	101	22	10.68	12	5.83
289	data/reference/motifs/JASPAR2026_CORE_plants_non-redundant_pfms_meme.txt	MA1258.2	DREB2A	AWGKCGGTG	8.40e-2	1.00e0	9.27e2	262	206	206	206	2	72	34.95	58	28.16
290	data/reference/motifs/JASPAR2026_CORE_plants_non-redundant_pfms_meme.txt	MA1043.2	NAC083	YACGYAA	9.94e-2	1.00e0	9.27e2	222	206	206	206	1	118	57.28	104	50.49
291	data/reference/motifs/JASPAR2026_CORE_plants_non-redundant_pfms_meme.txt	MA1049.2	ERF094	MGCCGCC	9.94e-2	1.00e0	9.27e2	222	206	206	206	1	118	57.28	104	50.49
292	data/reference/motifs/JASPAR2026_CORE_plants_non-redundant_pfms_meme.txt	MA1020.1	GT-1	GTTAACCA	5.43e-2	1.00e0	9.27e2	407	206	206	206	9	40	19.42	27	13.11
293	data/reference/motifs/JASPAR2026_CORE_plants_non-redundant_pfms_meme.txt	MA1008.2	PHYPADRAFT_182268	GTCGGTG	2.14e-1	1.00e0	9.27e2	104	206	206	206	1	56	27.18	48	23.30
294	data/reference/motifs/JASPAR2026_CORE_plants_non-redundant_pfms_meme.txt	MA2386.1	estExt_gwp_gw1.C_550163	CACCGAC	2.14e-1	1.00e0	9.27e2	104	206	206	206	1	56	27.18	48	23.30
295	data/reference/motifs/JASPAR2026_CORE_plants_non-redundant_pfms_meme.txt	MA1023.1	PHYPADRAFT_28324	KGTCGGTG	2.14e-1	1.00e0	9.27e2	104	206	206	206	1	56	27.18	48	23.30
296	data/reference/motifs/JASPAR2026_CORE_plants_non-redundant_pfms_meme.txt	MA0984.2	DOF5.7	AAARR	5.42e-2	1.00e0	9.27e2	412	206	206	206	190	172	83.50	158	76.70
297	data/reference/motifs/JASPAR2026_CORE_plants_non-redundant_pfms_meme.txt	MA1749.1	E2FC	AWDWWGGCGCCAAAA	3.78e-1	1.00e0	9.27e2	47	206	206	206	1	25	12.14	22	10.68
298	data/reference/motifs/JASPAR2026_CORE_plants_non-redundant_pfms_meme.txt	MA1756.2	GRF9	TGTCAGA	5.66e-2	1.00e0	9.27e2	395	206	206	206	7	34	16.50	22	10.68
299	data/reference/motifs/JASPAR2026_CORE_plants_non-redundant_pfms_meme.txt	MA0110.4	ATHB-5	CAATCATT	5.43e-2	1.00e0	9.27e2	412	206	206	206	25	179	86.89	166	80.58
300	data/reference/motifs/JASPAR2026_CORE_plants_non-redundant_pfms_meme.txt	MA2354.1	PK06182.1	TACCTACC	5.67e-2	1.00e0	9.27e2	396	206	206	206	2	189	91.75	178	86.41
301	data/reference/motifs/JASPAR2026_CORE_plants_non-redundant_pfms_meme.txt	MA1263.2	ERF055	KGKCGGTGG	9.37e-2	1.00e0	9.27e2	240	206	206	206	2	64	31.07	51	24.76
302	data/reference/motifs/JASPAR2026_CORE_plants_non-redundant_pfms_meme.txt	MA1378.2	AIL6	TCCTCGA	5.48e-2	1.00e0	9.27e2	412	206	206	206	13	129	62.62	112	54.37
303	data/reference/motifs/JASPAR2026_CORE_plants_non-redundant_pfms_meme.txt	MA1281.2	DOF5.1	AAAAAGWAAAAARAAAAAR	5.49e-2	1.00e0	9.27e2	412	206	206	206	6	197	95.63	188	91.26
304	data/reference/motifs/JASPAR2026_CORE_plants_non-redundant_pfms_meme.txt	MA2642.1	GLYMA-10G230700	AAGATATTTWTW	5.65e-2	1.00e0	9.27e2	402	206	206	206	3	178	86.41	165	80.10
305	data/reference/motifs/JASPAR2026_CORE_plants_non-redundant_pfms_meme.txt	MA1406.2	ATHB-4	YAATSATTG	5.58e-2	1.00e0	9.27e2	412	206	206	206	11	171	83.01	157	76.21
306	data/reference/motifs/JASPAR2026_CORE_plants_non-redundant_pfms_meme.txt	MA2744.1	SlWRKY40	AAAGTCAA	5.59e-2	1.00e0	9.27e2	412	206	206	206	21	11	5.34	4	1.94
307	data/reference/motifs/JASPAR2026_CORE_plants_non-redundant_pfms_meme.txt	MA0994.3	ERF8	TGRCGGCGGCG	9.70e-2	1.00e0	9.27e2	240	206	206	206	1	127	61.65	113	54.85
308	data/reference/motifs/JASPAR2026_CORE_plants_non-redundant_pfms_meme.txt	MA1384.1	PHL7	AAARGAATATTCY	6.89e-2	1.00e0	9.27e2	338	206	206	206	2	120	58.25	104	50.49
309	data/reference/motifs/JASPAR2026_CORE_plants_non-redundant_pfms_meme.txt	MA2379.1	DOF3.1	CKTT	5.66e-2	1.00e0	9.27e2	412	206	206	206	206	184	89.32	172	83.50
310	data/reference/motifs/JASPAR2026_CORE_plants_non-redundant_pfms_meme.txt	MA1021.2	PHYPADRAFT_48267	CACGTGC	6.89e-2	1.00e0	9.27e2	339	206	206	206	3	102	49.51	86	41.75
311	data/reference/motifs/JASPAR2026_CORE_plants_non-redundant_pfms_meme.txt	MA1039.1	MYB4	GGTWGGTR	5.67e-2	1.00e0	9.27e2	412	206	206	206	23	28	13.59	17	8.25
312	data/reference/motifs/JASPAR2026_CORE_plants_non-redundant_pfms_meme.txt	MA1037.2	MYB24	GTTAGGY	5.67e-2	1.00e0	9.27e2	412	206	206	206	64	28	13.59	17	8.25
313	data/reference/motifs/JASPAR2026_CORE_plants_non-redundant_pfms_meme.txt	MA1007.1	PHYPADRAFT_173530	TGTCGGTG	1.36e-1	1.00e0	9.27e2	172	206	206	206	1	92	44.66	80	38.83
314	data/reference/motifs/JASPAR2026_CORE_plants_non-redundant_pfms_meme.txt	MA1790.1	NAC073	CTTSWYBHWCAMGYT	6.09e-2	1.00e0	9.27e2	386	206	206	206	10	6	2.91	1	0.49
315	data/reference/motifs/JASPAR2026_CORE_plants_non-redundant_pfms_meme.txt	MA1673.2	LBD18	GCCGGAAA	5.74e-2	1.00e0	9.27e2	410	206	206	206	5	170	82.52	156	75.73
316	data/reference/motifs/JASPAR2026_CORE_plants_non-redundant_pfms_meme.txt	MA2639.1	FUL::SOC1	TTCCATTTTTGG	5.71e-2	1.00e0	9.27e2	412	206	206	206	10	106	51.46	89	43.20
317	data/reference/motifs/JASPAR2026_CORE_plants_non-redundant_pfms_meme.txt	MA2384.1	estExt_Genewise1.C_2060077	SACGTGK	7.29e-2	1.00e0	9.27e2	323	206	206	206	2	143	69.42	128	62.14
318	data/reference/motifs/JASPAR2026_CORE_plants_non-redundant_pfms_meme.txt	MA1158.2	MGP	AAAACGACAAAAA	7.86e-2	1.00e0	9.27e2	300	206	206	206	4	13	6.31	6	2.91
319	data/reference/motifs/JASPAR2026_CORE_plants_non-redundant_pfms_meme.txt	MA2045.2	NAC031	TTRCKTGTWNHACAAGTWA	1.28e-1	1.00e0	9.27e2	185	206	206	206	2	57	27.67	46	22.33
320	data/reference/motifs/JASPAR2026_CORE_plants_non-redundant_pfms_meme.txt	MA2611.1	ereb209	GCGCCGC	7.51e-1	1.00e0	9.27e2	17	206	206	206	2	1	0.49	1	0.49
321	data/reference/motifs/JASPAR2026_CORE_plants_non-redundant_pfms_meme.txt	MA1280.2	DOF5.4	AAAAAGK	5.74e-2	1.00e0	9.27e2	412	206	206	206	13	170	82.52	156	75.73
322	data/reference/motifs/JASPAR2026_CORE_plants_non-redundant_pfms_meme.txt	MA0953.2	ATHB-6	CAATHAT	5.77e-2	1.00e0	9.27e2	412	206	206	206	92	193	93.69	183	88.83
323	data/reference/motifs/JASPAR2026_CORE_plants_non-redundant_pfms_meme.txt	MA1355.2	TRB2	WARCCCTAAWT	9.37e-2	1.00e0	9.27e2	255	206	206	206	3	25	12.14	16	7.77
324	data/reference/motifs/JASPAR2026_CORE_plants_non-redundant_pfms_meme.txt	MA1345.2	BZIP48	GCCACGTCAGCA	2.36e-1	1.00e0	9.27e2	89	206	206	206	1	48	23.30	41	19.90
325	data/reference/motifs/JASPAR2026_CORE_plants_non-redundant_pfms_meme.txt	MA1223.2	ERF035	TGTCGGTGG	2.36e-1	1.00e0	9.27e2	89	206	206	206	1	48	23.30	41	19.90
326	data/reference/motifs/JASPAR2026_CORE_plants_non-redundant_pfms_meme.txt	MA0949.2	ARR2	MGWATCTT	5.85e-2	1.00e0	9.27e2	411	206	206	206	11	42	20.39	29	14.08
327	data/reference/motifs/JASPAR2026_CORE_plants_non-redundant_pfms_meme.txt	MA1392.3	MYB98	WMCGTTAC	6.26e-2	1.00e0	9.27e2	394	206	206	206	6	44	21.36	31	15.05
328	data/reference/motifs/JASPAR2026_CORE_plants_non-redundant_pfms_meme.txt	MA2353.1	PK02532.1	WAATATCT	6.20e-2	1.00e0	9.27e2	398	206	206	206	5	65	31.55	50	24.27
329	data/reference/motifs/JASPAR2026_CORE_plants_non-redundant_pfms_meme.txt	MA1706.2	AT1G14600	WAYATTCT	5.99e-2	1.00e0	9.27e2	412	206	206	206	56	158	76.70	143	69.42
330	data/reference/motifs/JASPAR2026_CORE_plants_non-redundant_pfms_meme.txt	MA2092.1	PK27149.1	TGACGTGK	6.67e-2	1.00e0	9.27e2	372	206	206	206	1	191	92.72	181	87.86
331	data/reference/motifs/JASPAR2026_CORE_plants_non-redundant_pfms_meme.txt	MA1810.2	GLYMA-08G357600	ATGCATGCA	6.11e-2	1.00e0	9.27e2	408	206	206	206	18	19	9.22	10	4.85
332	data/reference/motifs/JASPAR2026_CORE_plants_non-redundant_pfms_meme.txt	MA1671.2	ERF118	CCGCCGCC	8.29e-2	1.00e0	9.27e2	301	206	206	206	2	101	49.03	86	41.75
333	data/reference/motifs/JASPAR2026_CORE_plants_non-redundant_pfms_meme.txt	MA1417.2	O2	TGCCACGTCATC	1.18e-1	1.00e0	9.27e2	211	206	206	206	1	112	54.37	99	48.06
334	data/reference/motifs/JASPAR2026_CORE_plants_non-redundant_pfms_meme.txt	MA2746.1	HB-HD-ZIP-2A-2	WTGCAATCATT	6.09e-2	1.00e0	9.27e2	411	206	206	206	3	205	99.51	200	97.09
335	data/reference/motifs/JASPAR2026_CORE_plants_non-redundant_pfms_meme.txt	MA2653.1	GLYMA-03G042700	GTTTGACTTT	6.09e-2	1.00e0	9.27e2	412	206	206	206	16	6	2.91	1	0.49
336	data/reference/motifs/JASPAR2026_CORE_plants_non-redundant_pfms_meme.txt	MA1077.2	WRKY18	RGTCAA	6.09e-2	1.00e0	9.27e2	412	206	206	206	5	205	99.51	200	97.09
337	data/reference/motifs/JASPAR2026_CORE_plants_non-redundant_pfms_meme.txt	MA1045.2	NAC043	TWACGTAA	6.09e-2	1.00e0	9.27e2	412	206	206	206	15	6	2.91	1	0.49
338	data/reference/motifs/JASPAR2026_CORE_plants_non-redundant_pfms_meme.txt	MA1327.3	ATHB-23	TAATTAA	6.16e-2	1.00e0	9.27e2	408	206	206	206	1	206	100.00	202	98.06
339	data/reference/motifs/JASPAR2026_CORE_plants_non-redundant_pfms_meme.txt	MA2084.1	PK23009.1	CTTTW	6.11e-2	1.00e0	9.27e2	412	206	206	206	159	81	39.32	65	31.55
340	data/reference/motifs/JASPAR2026_CORE_plants_non-redundant_pfms_meme.txt	MA0576.2	RAX3	GGGGGTAGGTGS	2.49e-1	1.00e0	9.27e2	88	206	206	206	4	2	0.97	0	0.00
341	data/reference/motifs/JASPAR2026_CORE_plants_non-redundant_pfms_meme.txt	MA0959.1	AIB	GCACGTGC	9.18e-2	1.00e0	9.27e2	275	206	206	206	8	19	9.22	11	5.34
342	data/reference/motifs/JASPAR2026_CORE_plants_non-redundant_pfms_meme.txt	MA2015.2	NAC002	ACGCAACT	6.16e-2	1.00e0	9.27e2	411	206	206	206	2	206	100.00	202	98.06
343	data/reference/motifs/JASPAR2026_CORE_plants_non-redundant_pfms_meme.txt	MA2713.1	SlDof14	CTTTTTC	6.16e-2	1.00e0	9.27e2	412	206	206	206	22	4	1.94	0	0.00
344	data/reference/motifs/JASPAR2026_CORE_plants_non-redundant_pfms_meme.txt	MA2044.2	NAC007	CAAGCAA	6.16e-2	1.00e0	9.27e2	412	206	206	206	7	206	100.00	202	98.06
345	data/reference/motifs/JASPAR2026_CORE_plants_non-redundant_pfms_meme.txt	MA2617.1	ereb54	GCGGCGGCGGC	2.47e-1	1.00e0	9.27e2	103	206	206	206	1	55	26.70	48	23.30
346	data/reference/motifs/JASPAR2026_CORE_plants_non-redundant_pfms_meme.txt	MA2427.1	SPL12B	AGCGGTASTACCGC	2.51e-1	1.00e0	9.27e2	88	206	206	206	3	6	2.91	3	1.46
347	data/reference/motifs/JASPAR2026_CORE_plants_non-redundant_pfms_meme.txt	MA2382.1	e_gw1.209.40.1	CACGTG	6.23e-2	1.00e0	9.27e2	411	206	206	206	8	192	93.20	182	88.35
348	data/reference/motifs/JASPAR2026_CORE_plants_non-redundant_pfms_meme.txt	MA2652.1	GLYMA-01G053800	AGTTGAC	6.28e-2	1.00e0	9.27e2	412	206	206	206	9	84	40.78	68	33.01
349	data/reference/motifs/JASPAR2026_CORE_plants_non-redundant_pfms_meme.txt	MA2614.1	ereb198	SCGCCGCCGCCR	1.99e-1	1.00e0	9.27e2	131	206	206	206	1	70	33.98	61	29.61
350	data/reference/motifs/JASPAR2026_CORE_plants_non-redundant_pfms_meme.txt	MA1817.2	Zm00001d020267	CGCCGCCGCC	1.13e-1	1.00e0	9.27e2	232	206	206	206	2	88	42.72	75	36.41
351	data/reference/motifs/JASPAR2026_CORE_plants_non-redundant_pfms_meme.txt	MA2423.1	OsbZIP69	GMTGACGTGGCA	1.58e-1	1.00e0	9.27e2	167	206	206	206	1	89	43.20	78	37.86
352	data/reference/motifs/JASPAR2026_CORE_plants_non-redundant_pfms_meme.txt	MA0562.1	PIF5	TCACGTGS	1.58e-1	1.00e0	9.27e2	167	206	206	206	1	89	43.20	78	37.86
353	data/reference/motifs/JASPAR2026_CORE_plants_non-redundant_pfms_meme.txt	MA2618.1	ereb102	CGACGGCGA	7.96e-2	1.00e0	9.27e2	332	206	206	206	2	131	63.59	116	56.31
354	data/reference/motifs/JASPAR2026_CORE_plants_non-redundant_pfms_meme.txt	MA1056.2	SPL11	CGTACGGA	8.74e-2	1.00e0	9.27e2	304	206	206	206	7	7	3.40	2	0.97
355	data/reference/motifs/JASPAR2026_CORE_plants_non-redundant_pfms_meme.txt	MA2347.1	OS04G0486400	TAACC	6.46e-2	1.00e0	9.27e2	412	206	206	206	116	37	17.96	25	12.14
356	data/reference/motifs/JASPAR2026_CORE_plants_non-redundant_pfms_meme.txt	MA1780.2	MYB92	ACCTAAC	6.48e-2	1.00e0	9.27e2	412	206	206	206	10	55	26.70	41	19.90
357	data/reference/motifs/JASPAR2026_CORE_plants_non-redundant_pfms_meme.txt	MA1291.1	TCP7	GTGGGRCCCAC	1.78e-1	1.00e0	9.27e2	150	206	206	206	1	80	38.83	70	33.98
358	data/reference/motifs/JASPAR2026_CORE_plants_non-redundant_pfms_meme.txt	MA1746.1	BZIP69	TGMCAGCTGTM	2.49e-1	1.00e0	9.27e2	108	206	206	206	3	2	0.97	0	0.00
359	data/reference/motifs/JASPAR2026_CORE_plants_non-redundant_pfms_meme.txt	MA2608.1	glk53	AAGGAATATTCTTT	6.67e-2	1.00e0	9.27e2	405	206	206	206	2	191	92.72	181	87.86
360	data/reference/motifs/JASPAR2026_CORE_plants_non-redundant_pfms_meme.txt	MA2730.1	Solyc01g079480	YSACGTGKCA	8.10e-2	1.00e0	9.27e2	336	206	206	206	1	174	84.47	162	78.64
361	data/reference/motifs/JASPAR2026_CORE_plants_non-redundant_pfms_meme.txt	MA2392.1	GRMZM2G135447	TGACRKS	6.64e-2	1.00e0	9.27e2	410	206	206	206	9	173	83.98	160	77.67
362	data/reference/motifs/JASPAR2026_CORE_plants_non-redundant_pfms_meme.txt	MA1789.1	NAC071	CTTSWHYYTCAMGYA	8.60e-2	1.00e0	9.27e2	319	206	206	206	7	10	4.85	4	1.94
363	data/reference/motifs/JASPAR2026_CORE_plants_non-redundant_pfms_meme.txt	MA1172.2	MYB3R5	AAWWDTDACCGTTR	1.10e-1	1.00e0	9.27e2	250	206	206	206	4	8	3.88	3	1.46
364	data/reference/motifs/JASPAR2026_CORE_plants_non-redundant_pfms_meme.txt	MA1348.1	TGA9	GMTGACGTCAY	1.85e-1	1.00e0	9.27e2	149	206	206	206	2	29	14.08	22	10.68
365	data/reference/motifs/JASPAR2026_CORE_plants_non-redundant_pfms_meme.txt	MA2344.1	REV	AATMATCATTATTA	6.76e-2	1.00e0	9.27e2	408	206	206	206	3	201	97.57	194	94.17
366	data/reference/motifs/JASPAR2026_CORE_plants_non-redundant_pfms_meme.txt	MA0565.3	FUS3	ACATGCA	8.31e-2	1.00e0	9.27e2	334	206	206	206	1	173	83.98	161	78.16
367	data/reference/motifs/JASPAR2026_CORE_plants_non-redundant_pfms_meme.txt	MA2446.1	SPL5A	GCGGTASTACCGC	2.49e-1	1.00e0	9.27e2	97	206	206	206	6	2	0.97	0	0.00
368	data/reference/motifs/JASPAR2026_CORE_plants_non-redundant_pfms_meme.txt	MA2053.2	NAC105	CAAGCAACC	6.76e-2	1.00e0	9.27e2	412	206	206	206	18	12	5.83	5	2.43
369	data/reference/motifs/JASPAR2026_CORE_plants_non-redundant_pfms_meme.txt	MA1351.3	GBF3	ACGTGGCA	6.76e-2	1.00e0	9.27e2	412	206	206	206	20	12	5.83	5	2.43
370	data/reference/motifs/JASPAR2026_CORE_plants_non-redundant_pfms_meme.txt	MA2006.2	NAC020	GGTTGCKTGTDNMACAAGTAA	2.85e-1	1.00e0	9.27e2	83	206	206	206	2	17	8.25	13	6.31
371	data/reference/motifs/JASPAR2026_CORE_plants_non-redundant_pfms_meme.txt	MA1051.1	RAP2-3	GCGCCGCC	7.92e-2	1.00e0	9.27e2	352	206	206	206	2	153	74.27	139	67.48
372	data/reference/motifs/JASPAR2026_CORE_plants_non-redundant_pfms_meme.txt	MA0570.3	ABF1	ACACGTGKCA	7.96e-2	1.00e0	9.27e2	353	206	206	206	1	182	88.35	171	83.01
373	data/reference/motifs/JASPAR2026_CORE_plants_non-redundant_pfms_meme.txt	MA2448.1	SPL5D	AGCGGTASTACCGC	3.43e-1	1.00e0	9.27e2	67	206	206	206	3	4	1.94	2	0.97
374	data/reference/motifs/JASPAR2026_CORE_plants_non-redundant_pfms_meme.txt	MA2624.1	myb37	TAACCGAA	6.83e-2	1.00e0	9.27e2	412	206	206	206	14	123	59.71	107	51.94
375	data/reference/motifs/JASPAR2026_CORE_plants_non-redundant_pfms_meme.txt	MA1376.2	DEAR3	CRCCGMC	6.89e-2	1.00e0	9.27e2	412	206	206	206	15	102	49.51	86	41.75
376	data/reference/motifs/JASPAR2026_CORE_plants_non-redundant_pfms_meme.txt	MA0559.1	PI	CCAAAARWRGAAAR	6.93e-2	1.00e0	9.27e2	411	206	206	206	10	105	50.97	89	43.20
377	data/reference/motifs/JASPAR2026_CORE_plants_non-redundant_pfms_meme.txt	MA2724.1	SlTCP18	GTGGGVCCCAC	1.10e-1	1.00e0	9.27e2	261	206	206	206	1	137	66.50	124	60.19
378	data/reference/motifs/JASPAR2026_CORE_plants_non-redundant_pfms_meme.txt	MA1799.2	SPL10	GTACGR	6.96e-2	1.00e0	9.27e2	412	206	206	206	11	110	53.40	94	45.63
379	data/reference/motifs/JASPAR2026_CORE_plants_non-redundant_pfms_meme.txt	MA0053.1	MNB1A	AAAGC	6.96e-2	1.00e0	9.27e2	412	206	206	206	24	110	53.40	94	45.63
380	data/reference/motifs/JASPAR2026_CORE_plants_non-redundant_pfms_meme.txt	MA0082.2	squamosa	MCAWAWATRGWAA	7.00e-2	1.00e0	9.27e2	412	206	206	206	6	203	98.54	197	95.63
381	data/reference/motifs/JASPAR2026_CORE_plants_non-redundant_pfms_meme.txt	MA0001.3	AGL3	CCAWWWATAG	7.00e-2	1.00e0	9.27e2	412	206	206	206	6	203	98.54	197	95.63
382	data/reference/motifs/JASPAR2026_CORE_plants_non-redundant_pfms_meme.txt	MA2048.2	NAC045	GAAGCAAC	7.10e-2	1.00e0	9.27e2	412	206	206	206	8	190	92.23	180	87.38
383	data/reference/motifs/JASPAR2026_CORE_plants_non-redundant_pfms_meme.txt	MA1014.1	GATA11	TAGATCTG	1.17e-1	1.00e0	9.27e2	250	206	206	206	3	51	24.76	40	19.42
384	data/reference/motifs/JASPAR2026_CORE_plants_non-redundant_pfms_meme.txt	MA1804.2	WIN1	CRCCGC	7.13e-2	1.00e0	9.27e2	412	206	206	206	33	60	29.13	46	22.33
385	data/reference/motifs/JASPAR2026_CORE_plants_non-redundant_pfms_meme.txt	MA1794.2	NLP7	TGVCYYTT	7.15e-2	1.00e0	9.27e2	412	206	206	206	13	145	70.39	130	63.11
386	data/reference/motifs/JASPAR2026_CORE_plants_non-redundant_pfms_meme.txt	MA1222.1	ERF014	CCDCCDCCACCGMCA	1.62e-1	1.00e0	9.27e2	183	206	206	206	3	24	11.65	17	8.25
387	data/reference/motifs/JASPAR2026_CORE_plants_non-redundant_pfms_meme.txt	MA1833.2	Zm00001d049364	CCGCCGCCGCC	1.39e-1	1.00e0	9.27e2	214	206	206	206	1	113	54.85	101	49.03
388	data/reference/motifs/JASPAR2026_CORE_plants_non-redundant_pfms_meme.txt	MA2640.1	GLYMA-19G062000	GTAACAGTTAC	7.49e-2	1.00e0	9.27e2	399	206	206	206	6	81	39.32	66	32.04
389	data/reference/motifs/JASPAR2026_CORE_plants_non-redundant_pfms_meme.txt	MA2445.1	SPL4D	GGTACTACCGCT	9.90e-2	1.00e0	9.27e2	303	206	206	206	2	100	48.54	86	41.75
390	data/reference/motifs/JASPAR2026_CORE_plants_non-redundant_pfms_meme.txt	MA1018.2	GATA9	AGATCT	7.66e-2	1.00e0	9.27e2	392	206	206	206	9	34	16.50	23	11.17
391	data/reference/motifs/JASPAR2026_CORE_plants_non-redundant_pfms_meme.txt	MA1212.2	ATHB-13	YAATAATT	7.29e-2	1.00e0	9.27e2	412	206	206	206	10	143	69.42	128	62.14
392	data/reference/motifs/JASPAR2026_CORE_plants_non-redundant_pfms_meme.txt	MA2076.1	PK18401.1	GCACGTGG	7.66e-2	1.00e0	9.27e2	393	206	206	206	2	183	88.83	172	83.50
393	data/reference/motifs/JASPAR2026_CORE_plants_non-redundant_pfms_meme.txt	MA1336.2	TGA3	RTGACGTCAKC	2.25e-1	1.00e0	9.27e2	136	206	206	206	2	28	13.59	22	10.68
394	data/reference/motifs/JASPAR2026_CORE_plants_non-redundant_pfms_meme.txt	MA1285.2	TCP9	GTGGGTCCCAC	2.49e-1	1.00e0	9.27e2	124	206	206	206	6	2	0.97	0	0.00
395	data/reference/motifs/JASPAR2026_CORE_plants_non-redundant_pfms_meme.txt	MA2761.1	myb100	TRCCTAACTT	7.55e-2	1.00e0	9.27e2	411	206	206	206	9	82	39.81	67	32.52
396	data/reference/motifs/JASPAR2026_CORE_plants_non-redundant_pfms_meme.txt	MA2670.1	GLYMA-15G168800	CAATGATTG	7.82e-2	1.00e0	9.27e2	398	206	206	206	4	134	65.05	119	57.77
397	data/reference/motifs/JASPAR2026_CORE_plants_non-redundant_pfms_meme.txt	MA1670.2	DREB1C	GCCGACAT	8.16e-2	1.00e0	9.27e2	383	206	206	206	6	55	26.70	42	20.39
398	data/reference/motifs/JASPAR2026_CORE_plants_non-redundant_pfms_meme.txt	MA2459.1	EDF3	RCAACAKA	8.37e-2	1.00e0	9.27e2	375	206	206	206	1	192	93.20	183	88.83
399	data/reference/motifs/JASPAR2026_CORE_plants_non-redundant_pfms_meme.txt	MA2439.1	SPL2A	GCGGTASTACCGC	3.92e-1	1.00e0	9.27e2	63	206	206	206	1	33	16.02	30	14.56
400	data/reference/motifs/JASPAR2026_CORE_plants_non-redundant_pfms_meme.txt	MA0947.1	ARR14	AGATWCGS	8.03e-2	1.00e0	9.27e2	392	206	206	206	5	68	33.01	54	26.21
401	data/reference/motifs/JASPAR2026_CORE_plants_non-redundant_pfms_meme.txt	MA2712.1	eil1	TCTAGATACATTGAATCT	1.85e-1	1.00e0	9.27e2	170	206	206	206	3	13	6.31	8	3.88
402	data/reference/motifs/JASPAR2026_CORE_plants_non-redundant_pfms_meme.txt	MA2419.1	UB3	GAAGTACAAC	7.75e-2	1.00e0	9.27e2	412	206	206	206	5	197	95.63	189	91.75
403	data/reference/motifs/JASPAR2026_CORE_plants_non-redundant_pfms_meme.txt	MA0568.2	MYC3	CACGTG	7.87e-2	1.00e0	9.27e2	409	206	206	206	16	88	42.72	73	35.44
404	data/reference/motifs/JASPAR2026_CORE_plants_non-redundant_pfms_meme.txt	MA1788.1	NAC054	CTTGTNNHACACGYHAYCT	3.05e-1	1.00e0	9.27e2	107	206	206	206	2	21	10.19	17	8.25
405	data/reference/motifs/JASPAR2026_CORE_plants_non-redundant_pfms_meme.txt	MA2351.1	OsEIL3	AGRTACAT	7.96e-2	1.00e0	9.27e2	412	206	206	206	12	35	16.99	24	11.65
406	data/reference/motifs/JASPAR2026_CORE_plants_non-redundant_pfms_meme.txt	MA2749.1	TraesCS2D02G576500	GAAGCAAC	8.03e-2	1.00e0	9.27e2	412	206	206	206	7	152	73.79	138	66.99
407	data/reference/motifs/JASPAR2026_CORE_plants_non-redundant_pfms_meme.txt	MA2471.1	SPCH	CACGTG	8.23e-2	1.00e0	9.27e2	402	206	206	206	10	98	47.57	83	40.29
408	data/reference/motifs/JASPAR2026_CORE_plants_non-redundant_pfms_meme.txt	MA2032.2	TRB1	AAACCCTAA	8.11e-2	1.00e0	9.27e2	410	206	206	206	8	94	45.63	79	38.35
409	data/reference/motifs/JASPAR2026_CORE_plants_non-redundant_pfms_meme.txt	MA1065.3	TCP20	GTGGGWCCCAC	1.46e-1	1.00e0	9.27e2	227	206	206	206	7	10	4.85	5	2.43
410	data/reference/motifs/JASPAR2026_CORE_plants_non-redundant_pfms_meme.txt	MA2402.1	OsERF104	GCCGY	8.12e-2	1.00e0	9.27e2	411	206	206	206	19	69	33.50	55	26.70
411	data/reference/motifs/JASPAR2026_CORE_plants_non-redundant_pfms_meme.txt	MA1085.3	WRKY40	AGTCAA	8.60e-2	1.00e0	9.27e2	392	206	206	206	8	10	4.85	4	1.94
412	data/reference/motifs/JASPAR2026_CORE_plants_non-redundant_pfms_meme.txt	MA2437.1	SPL19B	GCGGTASTACCGC	5.95e-1	1.00e0	9.27e2	37	206	206	206	2	9	4.37	9	4.37
413	data/reference/motifs/JASPAR2026_CORE_plants_non-redundant_pfms_meme.txt	MA0561.1	PIF4	CACGTGSC	1.86e-1	1.00e0	9.27e2	180	206	206	206	1	95	46.12	85	41.26
414	data/reference/motifs/JASPAR2026_CORE_plants_non-redundant_pfms_meme.txt	MA2659.1	GLYMA-08G281200	YTTGACTAATTAGGGTTWAKKGDT	5.00e-1	1.00e0	9.27e2	49	206	206	206	2	2	0.97	1	0.49
415	data/reference/motifs/JASPAR2026_CORE_plants_non-redundant_pfms_meme.txt	MA1306.2	WRKY11	CGTTGACTTTT	9.85e-2	1.00e0	9.27e2	344	206	206	206	5	15	7.28	8	3.88
416	data/reference/motifs/JASPAR2026_CORE_plants_non-redundant_pfms_meme.txt	MA1333.2	BEH3	YGCACGTGTG	3.26e-1	1.00e0	9.27e2	105	206	206	206	1	55	26.70	50	24.27
417	data/reference/motifs/JASPAR2026_CORE_plants_non-redundant_pfms_meme.txt	MA2430.1	SPL14B	GCGGTASTACCGC	2.49e-1	1.00e0	9.27e2	137	206	206	206	7	2	0.97	0	0.00
418	data/reference/motifs/JASPAR2026_CORE_plants_non-redundant_pfms_meme.txt	MA2658.1	GLYMA-19G094100	ATTGACTTW	8.60e-2	1.00e0	9.27e2	412	206	206	206	16	10	4.85	4	1.94
419	data/reference/motifs/JASPAR2026_CORE_plants_non-redundant_pfms_meme.txt	MA1764.2	MYB116	TGCCTAACTT	1.15e-1	1.00e0	9.27e2	303	206	206	206	2	91	44.17	78	37.86
420	data/reference/motifs/JASPAR2026_CORE_plants_non-redundant_pfms_meme.txt	MA1330.2	ZHD6	AAWHRTAATTAA	8.60e-2	1.00e0	9.27e2	412	206	206	206	27	10	4.85	4	1.94
421	data/reference/motifs/JASPAR2026_CORE_plants_non-redundant_pfms_meme.txt	MA1678.3	NTL8	GAAGAAAC	8.53e-2	1.00e0	9.27e2	412	206	206	206	11	180	87.38	169	82.04
422	data/reference/motifs/JASPAR2026_CORE_plants_non-redundant_pfms_meme.txt	MA1061.2	SPT	CCACGTG	8.52e-2	1.00e0	9.27e2	409	206	206	206	16	46	22.33	34	16.50
423	data/reference/motifs/JASPAR2026_CORE_plants_non-redundant_pfms_meme.txt	MA1669.2	DREB1B	GCCGACAT	9.34e-2	1.00e0	9.27e2	374	206	206	206	6	40	19.42	29	14.08
424	data/reference/motifs/JASPAR2026_CORE_plants_non-redundant_pfms_meme.txt	MA0932.1	AHL12	AAWWWWTT	8.40e-2	1.00e0	9.27e2	412	206	206	206	174	148	71.84	134	65.05
425	data/reference/motifs/JASPAR2026_CORE_plants_non-redundant_pfms_meme.txt	MA1808.3	GLYMA-06G314400	GACACGTGGC	2.12e-1	1.00e0	9.27e2	381	206	206	206	2	176	85.44	169	82.04
426	data/reference/motifs/JASPAR2026_CORE_plants_non-redundant_pfms_meme.txt	MA1811.3	GLYMA-13G317000	GGACACSTGTCA	2.25e-1	1.00e0	9.27e2	336	206	206	206	6	28	13.59	22	10.68
427	data/reference/motifs/JASPAR2026_CORE_plants_non-redundant_pfms_meme.txt	MA2671.1	GLYMA-19G100900	AGCATGCT	1.95e-1	1.00e0	9.27e2	384	206	206	206	10	66	32.04	57	27.67
428	data/reference/motifs/JASPAR2026_CORE_plants_non-redundant_pfms_meme.txt	MA2668.1	GLYMA-20G155100	RCCGACAT	5.00e-1	1.00e0	9.27e2	365	206	206	206	6	25	12.14	24	11.65
429	data/reference/motifs/JASPAR2026_CORE_plants_non-redundant_pfms_meme.txt	MA2666.1	GLYMA-12G117000	GGMGGCGGYGGCGGMGG	6.89e-1	1.00e0	9.27e2	140	206	206	206	7	8	3.88	9	4.37
430	data/reference/motifs/JASPAR2026_CORE_plants_non-redundant_pfms_meme.txt	MA2665.1	GLYMA-11G053600	CACCGACAC	3.29e-1	1.00e0	9.27e2	396	206	206	206	3	152	73.79	147	71.36
431	data/reference/motifs/JASPAR2026_CORE_plants_non-redundant_pfms_meme.txt	MA2664.1	GLYMA-03G162700	GGYGGYGGCGGCGGMGGCGGYGG	7.75e-1	1.00e0	9.27e2	48	206	206	206	16	3	1.46	4	1.94
432	data/reference/motifs/JASPAR2026_CORE_plants_non-redundant_pfms_meme.txt	MA2663.1	GLYMA-02G261700	TCACCGACATA	1.86e-1	1.00e0	9.27e2	354	206	206	206	10	4	1.94	1	0.49
433	data/reference/motifs/JASPAR2026_CORE_plants_non-redundant_pfms_meme.txt	MA2662.1	GLYMA-13G153200	GCCACGTCA	1.92e-1	1.00e0	9.27e2	405	206	206	206	2	191	92.72	185	89.81
434	data/reference/motifs/JASPAR2026_CORE_plants_non-redundant_pfms_meme.txt	MA2660.1	GLYMA-12G168700	WWWTGTAATTACAWWW	4.14e-1	1.00e0	9.27e2	396	206	206	206	22	12	5.83	10	4.85
435	data/reference/motifs/JASPAR2026_CORE_plants_non-redundant_pfms_meme.txt	MA2657.1	GLYMA-14G028900	AAAAGTCAAA	3.00e-1	1.00e0	9.27e2	409	206	206	206	13	9	4.37	6	2.91
436	data/reference/motifs/JASPAR2026_CORE_plants_non-redundant_pfms_meme.txt	MA2656.1	GLYMA-14G006800	TGGTCAACCA	1.24e-1	1.00e0	9.27e2	412	206	206	206	15	3	1.46	0	0.00
437	data/reference/motifs/JASPAR2026_CORE_plants_non-redundant_pfms_meme.txt	MA2655.1	GLYMA-08G218600	AAAAGTCAA	2.09e-1	1.00e0	9.27e2	412	206	206	206	10	161	78.16	153	74.27
438	data/reference/motifs/JASPAR2026_CORE_plants_non-redundant_pfms_meme.txt	MA2654.1	GLYMA-05G127600	GGTCAAC	1.13e-1	1.00e0	9.27e2	412	206	206	206	12	131	63.59	118	57.28
439	data/reference/motifs/JASPAR2026_CORE_plants_non-redundant_pfms_meme.txt	MA2650.1	GLYMA-05G027400	GTGGGCCCCAC	3.05e-1	1.00e0	9.27e2	214	206	206	206	3	40	19.42	35	16.99
440	data/reference/motifs/JASPAR2026_CORE_plants_non-redundant_pfms_meme.txt	MA2649.1	GLYMA-08G271900	TGCACATG	3.45e-1	1.00e0	9.27e2	412	206	206	206	18	36	17.48	32	15.53
441	data/reference/motifs/JASPAR2026_CORE_plants_non-redundant_pfms_meme.txt	MA2648.1	GLYMA-19G146000	AAGGTACAC	2.87e-1	1.00e0	9.27e2	412	206	206	206	2	201	97.57	198	96.12
442	data/reference/motifs/JASPAR2026_CORE_plants_non-redundant_pfms_meme.txt	MA2647.1	GLYMA-12G226000	AAGTACAA	2.00e-1	1.00e0	9.27e2	412	206	206	206	13	166	80.58	158	76.70
443	data/reference/motifs/JASPAR2026_CORE_plants_non-redundant_pfms_meme.txt	MA2646.1	GLYMA-11G083900	GTACGGA	2.46e-1	1.00e0	9.27e2	338	206	206	206	5	21	10.19	16	7.77
444	data/reference/motifs/JASPAR2026_CORE_plants_non-redundant_pfms_meme.txt	MA2641.1	GLYMA-01G038600	CCTTATCCA	1.86e-1	1.00e0	9.27e2	411	206	206	206	19	4	1.94	1	0.49
445	data/reference/motifs/JASPAR2026_CORE_plants_non-redundant_pfms_meme.txt	MA2745.1	SlWRKY81	AAGTCAAC	2.40e-1	1.00e0	9.27e2	412	206	206	206	9	129	62.62	121	58.74
446	data/reference/motifs/JASPAR2026_CORE_plants_non-redundant_pfms_meme.txt	MA2743.1	SlWRKY23	AAAGTCAAM	1.30e-1	1.00e0	9.27e2	411	206	206	206	3	202	98.06	197	95.63
447	data/reference/motifs/JASPAR2026_CORE_plants_non-redundant_pfms_meme.txt	MA2740.1	SlTCP15	GTGGGACCCA	2.61e-1	1.00e0	9.27e2	346	206	206	206	5	67	32.52	60	29.13
448	data/reference/motifs/JASPAR2026_CORE_plants_non-redundant_pfms_meme.txt	MA2739.1	SlTCP12	GTGGGACCCAC	3.40e-1	1.00e0	9.27e2	269	206	206	206	7	14	6.80	11	5.34
449	data/reference/motifs/JASPAR2026_CORE_plants_non-redundant_pfms_meme.txt	MA2737.1	SlERF36	CMGCCGCCAC	1.57e-1	1.00e0	9.27e2	356	206	206	206	1	182	88.35	174	84.47
450	data/reference/motifs/JASPAR2026_CORE_plants_non-redundant_pfms_meme.txt	MA2735.1	SlbHLH014	GMCACGTGBC	1.96e-1	1.00e0	9.27e2	277	206	206	206	3	67	32.52	58	28.16
451	data/reference/motifs/JASPAR2026_CORE_plants_non-redundant_pfms_meme.txt	MA2734.1	Sl-ERF_F_5	CCGCCGCCGCCRCCRCC	6.57e-1	1.00e0	9.27e2	128	206	206	206	12	3	1.46	3	1.46
452	data/reference/motifs/JASPAR2026_CORE_plants_non-redundant_pfms_meme.txt	MA2733.1	Sl-ERF_F_4	GCMGCMGCCGCCGCCGYCR	5.00e-1	1.00e0	9.27e2	69	206	206	206	1	35	16.99	34	16.50
453	data/reference/motifs/JASPAR2026_CORE_plants_non-redundant_pfms_meme.txt	MA2731.1	sep3	WTTTCCAAAAAGGGAAAAAAW	3.43e-1	1.00e0	9.27e2	114	206	206	206	3	4	1.94	2	0.97
454	data/reference/motifs/JASPAR2026_CORE_plants_non-redundant_pfms_meme.txt	MA2728.1	SolycHsfC1	RGAAGTTTCTAG	3.43e-1	1.00e0	9.27e2	357	206	206	206	7	4	1.94	2	0.97
455	data/reference/motifs/JASPAR2026_CORE_plants_non-redundant_pfms_meme.txt	MA2727.1	SolycHsfA7	TTCYAGAA	1.42e-1	1.00e0	9.27e2	411	206	206	206	18	6	2.91	2	0.97
456	data/reference/motifs/JASPAR2026_CORE_plants_non-redundant_pfms_meme.txt	MA2726.1	SlWRKY41	GTTGACTT	3.86e-1	1.00e0	9.27e2	412	206	206	206	15	7	3.40	5	2.43
457	data/reference/motifs/JASPAR2026_CORE_plants_non-redundant_pfms_meme.txt	MA2725.1	SlWRKY6	AAAGTCAAC	1.30e-1	1.00e0	9.27e2	412	206	206	206	18	9	4.37	4	1.94
458	data/reference/motifs/JASPAR2026_CORE_plants_non-redundant_pfms_meme.txt	MA2723.1	Solyc06g060230	ACACGTCTCT	1.39e-1	1.00e0	9.27e2	409	206	206	206	7	103	50.00	91	44.17
459	data/reference/motifs/JASPAR2026_CORE_plants_non-redundant_pfms_meme.txt	MA2721.1	Sl-ERF_C_6	YCGCCGCCGCCRCCRCCGCC	5.00e-1	1.00e0	9.27e2	93	206	206	206	2	28	13.59	27	13.11
460	data/reference/motifs/JASPAR2026_CORE_plants_non-redundant_pfms_meme.txt	MA2718.1	Sl-ERF_A_3	GGYGGCGGCGGCGGCGG	5.00e-1	1.00e0	9.27e2	66	206	206	206	11	2	0.97	1	0.49
461	data/reference/motifs/JASPAR2026_CORE_plants_non-redundant_pfms_meme.txt	MA2717.1	eil2	AGATTCR	1.04e-1	1.00e0	9.27e2	412	206	206	206	27	35	16.99	25	12.14
462	data/reference/motifs/JASPAR2026_CORE_plants_non-redundant_pfms_meme.txt	MA2716.1	dreb3	CCACCGACCA	3.83e-1	1.00e0	9.27e2	361	206	206	206	1	182	88.35	179	86.89
463	data/reference/motifs/JASPAR2026_CORE_plants_non-redundant_pfms_meme.txt	MA2715.1	Solyc03g124110	RTCTATGTCGGYWAA	2.87e-1	1.00e0	9.27e2	146	206	206	206	3	8	3.88	5	2.43
464	data/reference/motifs/JASPAR2026_CORE_plants_non-redundant_pfms_meme.txt	MA2714.1	APETALA2a	ATTACCTCGTACYA	6.22e-1	1.00e0	9.27e2	165	206	206	206	2	23	11.17	24	11.65
465	data/reference/motifs/JASPAR2026_CORE_plants_non-redundant_pfms_meme.txt	MA2711.1	SolycHsfB2b	TTCTAGAA	2.02e-1	1.00e0	9.27e2	273	206	206	206	1	141	68.45	132	64.08
466	data/reference/motifs/JASPAR2026_CORE_plants_non-redundant_pfms_meme.txt	MA2710.1	SolycHsfB1	TTCTAGAA	5.00e-1	1.00e0	9.27e2	371	206	206	206	14	3	1.46	2	0.97
467	data/reference/motifs/JASPAR2026_CORE_plants_non-redundant_pfms_meme.txt	MA2709.1	SolycHsfA2	TTCTAGAAKMTTCTA	7.42e-1	1.00e0	9.27e2	255	206	206	206	2	58	28.16	63	30.58
468	data/reference/motifs/JASPAR2026_CORE_plants_non-redundant_pfms_meme.txt	MA2752.1	TaOBF1b	TGCCACGTCATCATC	3.01e-1	1.00e0	9.27e2	254	206	206	206	3	38	18.45	33	16.02
469	data/reference/motifs/JASPAR2026_CORE_plants_non-redundant_pfms_meme.txt	MA2751.1	TraesCS2B02G304400	CCACTCGACC	3.86e-1	1.00e0	9.27e2	366	206	206	206	9	7	3.40	5	2.43
470	data/reference/motifs/JASPAR2026_CORE_plants_non-redundant_pfms_meme.txt	MA2750.1	TraesCS7B02G142200	TGTACGGAC	1.86e-1	1.00e0	9.27e2	379	206	206	206	10	4	1.94	1	0.49
471	data/reference/motifs/JASPAR2026_CORE_plants_non-redundant_pfms_meme.txt	MA2748.1	TraesCS6B02G321100	CAATTATTG	2.69e-1	1.00e0	9.27e2	410	206	206	206	9	135	65.53	128	62.14
472	data/reference/motifs/JASPAR2026_CORE_plants_non-redundant_pfms_meme.txt	MA2747.1	TraesCS6A02G290800	CAATAATTG	1.03e-1	1.00e0	9.27e2	412	206	206	206	10	146	70.87	133	64.56
473	data/reference/motifs/JASPAR2026_CORE_plants_non-redundant_pfms_meme.txt	MA2760.1	p2	CACCTAAC	1.13e-1	1.00e0	9.27e2	412	206	206	206	14	87	42.23	74	35.92
474	data/reference/motifs/JASPAR2026_CORE_plants_non-redundant_pfms_meme.txt	MA2755.1	hsftf24	ACTAGAAGCTTCTGGAA	5.00e-1	1.00e0	9.27e2	289	206	206	206	1	145	70.39	144	69.90
475	data/reference/motifs/JASPAR2026_CORE_plants_non-redundant_pfms_meme.txt	MA2754.1	wrky38	CGTGGACC	1.13e-1	1.00e0	9.27e2	405	206	206	206	10	63	30.58	51	24.76
476	data/reference/motifs/JASPAR2026_CORE_plants_non-redundant_pfms_meme.txt	MA2626.1	bzip40	GTGACGTGGC	2.35e-1	1.00e0	9.27e2	408	206	206	206	5	138	66.99	130	63.11
477	data/reference/motifs/JASPAR2026_CORE_plants_non-redundant_pfms_meme.txt	MA2622.1	hb34	CAATAATTG	1.29e-1	1.00e0	9.27e2	412	206	206	206	18	138	66.99	126	61.17
478	data/reference/motifs/JASPAR2026_CORE_plants_non-redundant_pfms_meme.txt	MA2621.1	glk25	TGATTCCA	1.85e-1	1.00e0	9.27e2	412	206	206	206	10	198	96.12	193	93.69
479	data/reference/motifs/JASPAR2026_CORE_plants_non-redundant_pfms_meme.txt	MA2620.1	g2	CCTTATCC	2.23e-1	1.00e0	9.27e2	412	206	206	206	4	200	97.09	196	95.15
480	data/reference/motifs/JASPAR2026_CORE_plants_non-redundant_pfms_meme.txt	MA2619.1	ereb18	CCGCCGCCGCCCGCC	4.10e-1	1.00e0	9.27e2	149	206	206	206	2	53	25.73	50	24.27
481	data/reference/motifs/JASPAR2026_CORE_plants_non-redundant_pfms_meme.txt	MA2609.1	ereb172	CAGCCGCA	1.39e-1	1.00e0	9.27e2	394	206	206	206	5	115	55.83	103	50.00
482	data/reference/motifs/JASPAR2026_CORE_plants_non-redundant_pfms_meme.txt	MA2607.1	tcptf23	GGGACCAC	2.13e-1	1.00e0	9.27e2	400	206	206	206	13	16	7.77	11	5.34
483	data/reference/motifs/JASPAR2026_CORE_plants_non-redundant_pfms_meme.txt	MA2606.1	mybr43	CCTTATCC	1.24e-1	1.00e0	9.27e2	412	206	206	206	27	3	1.46	0	0.00
484	data/reference/motifs/JASPAR2026_CORE_plants_non-redundant_pfms_meme.txt	MA2605.1	mybr26	CCTTATCC	1.22e-1	1.00e0	9.27e2	412	206	206	206	6	190	92.23	182	88.35
485	data/reference/motifs/JASPAR2026_CORE_plants_non-redundant_pfms_meme.txt	MA2604.1	dof22	ACTTTTAC	1.38e-1	1.00e0	9.27e2	412	206	206	206	28	119	57.77	107	51.94
486	data/reference/motifs/JASPAR2026_CORE_plants_non-redundant_pfms_meme.txt	MA0566.2	MYC2	AACACGTGA	1.46e-1	1.00e0	9.27e2	408	206	206	206	2	201	97.57	196	95.15
487	data/reference/motifs/JASPAR2026_CORE_plants_non-redundant_pfms_meme.txt	MA1776.3	MYB67	TACCTAACA	2.64e-1	1.00e0	9.27e2	411	206	206	206	13	25	12.14	20	9.71
488	data/reference/motifs/JASPAR2026_CORE_plants_non-redundant_pfms_meme.txt	MA2638.1	FUL::SEP3	TTWCTATTTATAGTAA	6.36e-1	1.00e0	9.27e2	314	206	206	206	1	156	75.73	158	76.70
489	data/reference/motifs/JASPAR2026_CORE_plants_non-redundant_pfms_meme.txt	MA2637.1	FUL::AG::SEP3	WTWCCAWAAATAGAAA	2.96e-1	1.00e0	9.27e2	410	206	206	206	11	19	9.22	15	7.28
490	data/reference/motifs/JASPAR2026_CORE_plants_non-redundant_pfms_meme.txt	MA2636.1	FUL::AG	WCTTTCCATTTTTRGAAA	5.45e-1	1.00e0	9.27e2	308	206	206	206	1	154	74.76	154	74.76
491	data/reference/motifs/JASPAR2026_CORE_plants_non-redundant_pfms_meme.txt	MA2635.1	FUL	TTWCCAWAAATAGAAA	6.56e-1	1.00e0	9.27e2	382	206	206	206	3	121	58.74	124	60.19
492	data/reference/motifs/JASPAR2026_CORE_plants_non-redundant_pfms_meme.txt	MA2634.1	EIN3	AGATTCATTGAATCT	1.24e-1	1.00e0	9.27e2	305	206	206	206	10	3	1.46	0	0.00
493	data/reference/motifs/JASPAR2026_CORE_plants_non-redundant_pfms_meme.txt	MA2505.1	bZIP59	TGACAGCTGTCA	1.60e-1	1.00e0	9.27e2	341	206	206	206	4	123	59.71	112	54.37
494	data/reference/motifs/JASPAR2026_CORE_plants_non-redundant_pfms_meme.txt	MA2500.1	LSH3	TTACTGTTCAT	1.85e-1	1.00e0	9.27e2	411	206	206	206	11	41	19.90	33	16.02
495	data/reference/motifs/JASPAR2026_CORE_plants_non-redundant_pfms_meme.txt	MA2499.1	LSH2	TACTGTTCA	5.00e-1	1.00e0	9.27e2	412	206	206	206	12	104	50.49	103	50.00
496	data/reference/motifs/JASPAR2026_CORE_plants_non-redundant_pfms_meme.txt	MA1353.2	AT1G72740	RWTTAGGGTTT	5.00e-1	1.00e0	9.27e2	320	206	206	206	6	4	1.94	3	1.46
497	data/reference/motifs/JASPAR2026_CORE_plants_non-redundant_pfms_meme.txt	MA1322.3	SPL9	TCCGTAC	9.34e-2	1.00e0	9.27e2	410	206	206	206	10	40	19.42	29	14.08
498	data/reference/motifs/JASPAR2026_CORE_plants_non-redundant_pfms_meme.txt	MA2479.1	TCX5	ATTCAAAT	1.57e-1	1.00e0	9.27e2	412	206	206	206	20	87	42.23	76	36.89
499	data/reference/motifs/JASPAR2026_CORE_plants_non-redundant_pfms_meme.txt	MA1320.2	SPL15	TGTACGGA	3.28e-1	1.00e0	9.27e2	167	206	206	206	2	28	13.59	24	11.65
500	data/reference/motifs/JASPAR2026_CORE_plants_non-redundant_pfms_meme.txt	MA1060.2	SPL7	CGTACG	1.51e-1	1.00e0	9.27e2	411	206	206	206	7	191	92.72	184	89.32
501	data/reference/motifs/JASPAR2026_CORE_plants_non-redundant_pfms_meme.txt	MA1742.2	BIZP18	TGMCAGCTGK	6.14e-1	1.00e0	9.27e2	316	206	206	206	6	6	2.91	6	2.91
502	data/reference/motifs/JASPAR2026_CORE_plants_non-redundant_pfms_meme.txt	MA1672.2	GBF2	SACGTGGCA	1.74e-1	1.00e0	9.27e2	407	206	206	206	4	177	85.92	169	82.04
503	data/reference/motifs/JASPAR2026_CORE_plants_non-redundant_pfms_meme.txt	MA2477.1	NGA4	TTCAGGTR	1.85e-1	1.00e0	9.27e2	412	206	206	206	4	192	93.20	186	90.29
504	data/reference/motifs/JASPAR2026_CORE_plants_non-redundant_pfms_meme.txt	MA2476.1	KNAT7	TGACRKCT	3.03e-1	1.00e0	9.27e2	371	206	206	206	4	75	36.41	69	33.50
505	data/reference/motifs/JASPAR2026_CORE_plants_non-redundant_pfms_meme.txt	MA2474.1	HMGB10	TWATAA	9.33e-2	1.00e0	9.27e2	409	206	206	206	12	135	65.53	121	58.74
506	data/reference/motifs/JASPAR2026_CORE_plants_non-redundant_pfms_meme.txt	MA2461.1	WOX13	TTGATTGA	1.36e-1	1.00e0	9.27e2	412	206	206	206	12	169	82.04	159	77.18
507	data/reference/motifs/JASPAR2026_CORE_plants_non-redundant_pfms_meme.txt	MA1205.1	AGL6	TTWCCAAAAAWGGAAAAWW	5.56e-1	1.00e0	9.27e2	274	206	206	206	3	29	14.08	29	14.08
508	data/reference/motifs/JASPAR2026_CORE_plants_non-redundant_pfms_meme.txt	MA1204.1	AGL13	TTWCCAAAAAWRGWAAAW	1.88e-1	1.00e0	9.27e2	200	206	206	206	1	105	50.97	95	46.12
509	data/reference/motifs/JASPAR2026_CORE_plants_non-redundant_pfms_meme.txt	MA1203.1	AGL63	TKCCAAAAATGGMAA	6.25e-1	1.00e0	9.27e2	333	206	206	206	6	5	2.43	5	2.43
510	data/reference/motifs/JASPAR2026_CORE_plants_non-redundant_pfms_meme.txt	MA1199.1	AGL16	TTTCCWTTTTDGGWA	5.49e-1	1.00e0	9.27e2	330	206	206	206	1	165	80.10	165	80.10
511	data/reference/motifs/JASPAR2026_CORE_plants_non-redundant_pfms_meme.txt	MA1188.1	At3g11280	AWYCTTATCTTHWY	1.96e-1	1.00e0	9.27e2	412	206	206	206	7	148	71.84	139	67.48
512	data/reference/motifs/JASPAR2026_CORE_plants_non-redundant_pfms_meme.txt	MA1042.1	MYB59	RTTAGGTA	1.80e-1	1.00e0	9.27e2	412	206	206	206	20	55	26.70	46	22.33
513	data/reference/motifs/JASPAR2026_CORE_plants_non-redundant_pfms_meme.txt	MA1036.1	MYB111	GKTAGGTR	1.01e-1	1.00e0	9.27e2	411	206	206	206	8	163	79.13	151	73.30
514	data/reference/motifs/JASPAR2026_CORE_plants_non-redundant_pfms_meme.txt	MA1012.1	AGL27	CTTTCYATTTTKGG	2.77e-1	1.00e0	9.27e2	317	206	206	206	2	101	49.03	94	45.63
515	data/reference/motifs/JASPAR2026_CORE_plants_non-redundant_pfms_meme.txt	MA0574.1	MYB15	CRACGGTAGGTGG	5.00e-1	1.00e0	9.27e2	63	206	206	206	3	1	0.49	0	0.00
516	data/reference/motifs/JASPAR2026_CORE_plants_non-redundant_pfms_meme.txt	MA0955.2	POPTR_0002s00440g	GTACGG	1.15e-1	1.00e0	9.27e2	412	206	206	206	22	128	62.14	115	55.83
517	data/reference/motifs/JASPAR2026_CORE_plants_non-redundant_pfms_meme.txt	MA2482.1	PK27693.1	TTATC	2.85e-1	1.00e0	9.27e2	412	206	206	206	75	193	93.69	189	91.75
518	data/reference/motifs/JASPAR2026_CORE_plants_non-redundant_pfms_meme.txt	MA1011.2	PHYPADRAFT_72483	CACGTG	2.12e-1	1.00e0	9.27e2	412	206	206	206	50	55	26.70	47	22.82
519	data/reference/motifs/JASPAR2026_CORE_plants_non-redundant_pfms_meme.txt	MA0988.2	PHYPADRAFT_143875	CACGTG	2.29e-1	1.00e0	9.27e2	410	206	206	206	22	44	21.36	37	17.96
520	data/reference/motifs/JASPAR2026_CORE_plants_non-redundant_pfms_meme.txt	MA2040.2	ENAP2	CTCCGGCGA	2.21e-1	1.00e0	9.27e2	268	206	206	206	6	17	8.25	12	5.83
521	data/reference/motifs/JASPAR2026_CORE_plants_non-redundant_pfms_meme.txt	MA2039.2	ASIL2	CTCCGGCGA	1.97e-1	1.00e0	9.27e2	269	206	206	206	5	22	10.68	16	7.77
522	data/reference/motifs/JASPAR2026_CORE_plants_non-redundant_pfms_meme.txt	MA1662.2	AT3G10030	TTAACAGA	1.24e-1	1.00e0	9.27e2	412	206	206	206	21	3	1.46	0	0.00
523	data/reference/motifs/JASPAR2026_CORE_plants_non-redundant_pfms_meme.txt	MA1661.2	GTL1	GGTTAAAA	2.51e-1	1.00e0	9.27e2	412	206	206	206	7	203	98.54	200	97.09
524	data/reference/motifs/JASPAR2026_CORE_plants_non-redundant_pfms_meme.txt	MA1366.2	DF1	RGTAAAAA	3.42e-1	1.00e0	9.27e2	412	206	206	206	17	34	16.50	30	14.56
525	data/reference/motifs/JASPAR2026_CORE_plants_non-redundant_pfms_meme.txt	MA1365.3	AT5G47660	GGTAAAA	2.28e-1	1.00e0	9.27e2	412	206	206	206	6	193	93.69	188	91.26
526	data/reference/motifs/JASPAR2026_CORE_plants_non-redundant_pfms_meme.txt	MA1208.2	GT-2	WTTTTTACCGY	1.38e-1	1.00e0	9.27e2	412	206	206	206	11	118	57.28	106	51.46
527	data/reference/motifs/JASPAR2026_CORE_plants_non-redundant_pfms_meme.txt	MA2031.2	AT5G04760	CTTATCY	1.90e-1	1.00e0	9.27e2	412	206	206	206	23	8	3.88	4	1.94
528	data/reference/motifs/JASPAR2026_CORE_plants_non-redundant_pfms_meme.txt	MA1825.2	Zm00001d044409	CTTATC	9.07e-2	1.00e0	9.27e2	412	206	206	206	13	185	89.81	175	84.95
529	data/reference/motifs/JASPAR2026_CORE_plants_non-redundant_pfms_meme.txt	MA1812.2	ASR1	AGGCCCAAT	6.38e-1	1.00e0	9.27e2	345	206	206	206	7	17	8.25	18	8.74
530	data/reference/motifs/JASPAR2026_CORE_plants_non-redundant_pfms_meme.txt	MA1793.2	NID1	TTATCC	1.24e-1	1.00e0	9.27e2	412	206	206	206	42	206	100.00	203	98.54
531	data/reference/motifs/JASPAR2026_CORE_plants_non-redundant_pfms_meme.txt	MA1408.2	FaEOBII	GTTAGGTA	1.92e-1	1.00e0	9.27e2	412	206	206	206	21	64	31.07	55	26.70
532	data/reference/motifs/JASPAR2026_CORE_plants_non-redundant_pfms_meme.txt	MA1400.2	AT1G19000	WWWTGGATAAGRW	1.46e-1	1.00e0	9.27e2	390	206	206	206	8	10	4.85	5	2.43
533	data/reference/motifs/JASPAR2026_CORE_plants_non-redundant_pfms_meme.txt	MA1398.3	KUA1	CTTATCCA	1.24e-1	1.00e0	9.27e2	412	206	206	206	5	206	100.00	203	98.54
534	data/reference/motifs/JASPAR2026_CORE_plants_non-redundant_pfms_meme.txt	MA1196.2	AT5G05790	AWYCTTATCYTNWT	2.12e-1	1.00e0	9.27e2	412	206	206	206	11	37	17.96	30	14.56
535	data/reference/motifs/JASPAR2026_CORE_plants_non-redundant_pfms_meme.txt	MA1195.2	AT5G56840	AAYCTTATCCAWWW	2.90e-1	1.00e0	9.27e2	407	206	206	206	3	178	86.41	173	83.98
536	data/reference/motifs/JASPAR2026_CORE_plants_non-redundant_pfms_meme.txt	MA1194.2	AT3G10580	DWDWRGATAAGVWT	2.74e-1	1.00e0	9.27e2	412	206	206	206	9	47	22.82	41	19.90
537	data/reference/motifs/JASPAR2026_CORE_plants_non-redundant_pfms_meme.txt	MA1192.2	DIV1	WRGATAAGRTT	1.10e-1	1.00e0	9.27e2	408	206	206	206	3	179	86.89	169	82.04
538	data/reference/motifs/JASPAR2026_CORE_plants_non-redundant_pfms_meme.txt	MA1189.2	AT5G61620	WWWTGGATAAGRWW	1.08e-1	1.00e0	9.27e2	412	206	206	206	16	5	2.43	1	0.49
539	data/reference/motifs/JASPAR2026_CORE_plants_non-redundant_pfms_meme.txt	MA1186.2	YAB4	AWYCTTATCYW	2.08e-1	1.00e0	9.27e2	412	206	206	206	4	201	97.57	197	95.63
540	data/reference/motifs/JASPAR2026_CORE_plants_non-redundant_pfms_meme.txt	MA0579.2	CDC5	GCTCAGCGC	6.88e-1	1.00e0	9.27e2	355	206	206	206	11	2	0.97	2	0.97
541	data/reference/motifs/JASPAR2026_CORE_plants_non-redundant_pfms_meme.txt	MA2041.2	MYB13	YCACCAACCA	1.24e-1	1.00e0	9.27e2	411	206	206	206	29	3	1.46	0	0.00
542	data/reference/motifs/JASPAR2026_CORE_plants_non-redundant_pfms_meme.txt	MA2030.2	MYB96	MCCAACTACCA	3.82e-1	1.00e0	9.27e2	405	206	206	206	5	123	59.71	119	57.77
543	data/reference/motifs/JASPAR2026_CORE_plants_non-redundant_pfms_meme.txt	MA2028.2	MYB49	TTACCTAACTW	1.83e-1	1.00e0	9.27e2	409	206	206	206	8	88	42.72	78	37.86
544	data/reference/motifs/JASPAR2026_CORE_plants_non-redundant_pfms_meme.txt	MA2026.2	MYB108	TACCTAACTT	1.24e-1	1.00e0	9.27e2	409	206	206	206	2	195	94.66	188	91.26
545	data/reference/motifs/JASPAR2026_CORE_plants_non-redundant_pfms_meme.txt	MA2025.2	MYB93	TACCAAAC	8.89e-2	1.00e0	9.27e2	412	206	206	206	25	14	6.80	7	3.40
546	data/reference/motifs/JASPAR2026_CORE_plants_non-redundant_pfms_meme.txt	MA2024.2	MYB63	YCACCTACCAC	1.04e-1	1.00e0	9.27e2	394	206	206	206	8	35	16.99	25	12.14
547	data/reference/motifs/JASPAR2026_CORE_plants_non-redundant_pfms_meme.txt	MA2008.2	MYB99	CACCTAMY	4.07e-1	1.00e0	9.27e2	375	206	206	206	2	161	78.16	158	76.70
548	data/reference/motifs/JASPAR2026_CORE_plants_non-redundant_pfms_meme.txt	MA2007.2	MYB107	CACCAAAC	3.59e-1	1.00e0	9.27e2	412	206	206	206	23	18	8.74	15	7.28
549	data/reference/motifs/JASPAR2026_CORE_plants_non-redundant_pfms_meme.txt	MA1781.2	MYB94	CCAACYACYW	8.89e-2	1.00e0	9.27e2	407	206	206	206	2	199	96.60	192	93.20
550	data/reference/motifs/JASPAR2026_CORE_plants_non-redundant_pfms_meme.txt	MA1779.2	MYB83	CACCAACM	1.37e-1	1.00e0	9.27e2	412	206	206	206	23	27	13.11	19	9.22
551	data/reference/motifs/JASPAR2026_CORE_plants_non-redundant_pfms_meme.txt	MA1774.2	MYB60	YCAACYACYT	1.74e-1	1.00e0	9.27e2	408	206	206	206	2	199	96.60	194	94.17
552	data/reference/motifs/JASPAR2026_CORE_plants_non-redundant_pfms_meme.txt	MA1772.2	MYB43	YTYACCWAMCWT	2.66e-1	1.00e0	9.27e2	363	206	206	206	2	140	67.96	133	64.56
553	data/reference/motifs/JASPAR2026_CORE_plants_non-redundant_pfms_meme.txt	MA1771.2	MYB41	TYACCTAMYT	3.22e-1	1.00e0	9.27e2	409	206	206	206	5	159	77.18	154	74.76
554	data/reference/motifs/JASPAR2026_CORE_plants_non-redundant_pfms_meme.txt	MA1769.2	MYB39	YYCACCTAMYTT	2.64e-1	1.00e0	9.27e2	403	206	206	206	8	25	12.14	20	9.71
555	data/reference/motifs/JASPAR2026_CORE_plants_non-redundant_pfms_meme.txt	MA1768.2	MYB30	CCAACYACCAMC	1.80e-1	1.00e0	9.27e2	411	206	206	206	7	134	65.05	124	60.19
556	data/reference/motifs/JASPAR2026_CORE_plants_non-redundant_pfms_meme.txt	MA1765.2	MYB121	TACCTAACW	1.08e-1	1.00e0	9.27e2	409	206	206	206	12	16	7.77	9	4.37
557	data/reference/motifs/JASPAR2026_CORE_plants_non-redundant_pfms_meme.txt	MA1762.2	MYB10	YCACCWAMCW	1.24e-1	1.00e0	9.27e2	391	206	206	206	11	3	1.46	0	0.00
558	data/reference/motifs/JASPAR2026_CORE_plants_non-redundant_pfms_meme.txt	MA1294.2	MYB62	WAGTTAGGY	1.56e-1	1.00e0	9.27e2	410	206	206	206	3	190	92.23	183	88.83
559	data/reference/motifs/JASPAR2026_CORE_plants_non-redundant_pfms_meme.txt	MA1293.2	MYB57	TACCTAACTT	7.23e-1	1.00e0	9.27e2	193	206	206	206	1	94	45.63	99	48.06
560	data/reference/motifs/JASPAR2026_CORE_plants_non-redundant_pfms_meme.txt	MA1292.2	MYB27	AAAAATTAGGTA	5.00e-1	1.00e0	9.27e2	202	206	206	206	5	1	0.49	0	0.00
561	data/reference/motifs/JASPAR2026_CORE_plants_non-redundant_pfms_meme.txt	MA1173.2	MYB101	TAACCGAAW	1.05e-1	1.00e0	9.27e2	412	206	206	206	14	172	83.50	161	78.16
562	data/reference/motifs/JASPAR2026_CORE_plants_non-redundant_pfms_meme.txt	MA1038.2	MYB3	GGTAGGTA	3.06e-1	1.00e0	9.27e2	404	206	206	206	5	81	39.32	75	36.41
563	data/reference/motifs/JASPAR2026_CORE_plants_non-redundant_pfms_meme.txt	MA1030.2	P0510F09.23	WRMCCTA	1.75e-1	1.00e0	9.27e2	412	206	206	206	33	52	25.24	43	20.87
564	data/reference/motifs/JASPAR2026_CORE_plants_non-redundant_pfms_meme.txt	MA2023.2	PHL4	RGAATATTCC	1.29e-1	1.00e0	9.27e2	309	206	206	206	3	79	38.35	67	32.52
565	data/reference/motifs/JASPAR2026_CORE_plants_non-redundant_pfms_meme.txt	MA1830.2	Zm00001d015407	AAGGAATATTCTTTTT	3.35e-1	1.00e0	9.27e2	391	206	206	206	3	144	69.90	139	67.48
566	data/reference/motifs/JASPAR2026_CORE_plants_non-redundant_pfms_meme.txt	MA1737.2	AT5G05090	AGATHCG	2.58e-1	1.00e0	9.27e2	412	206	206	206	16	64	31.07	57	27.67
567	data/reference/motifs/JASPAR2026_CORE_plants_non-redundant_pfms_meme.txt	MA1735.2	AT2G38300	AAHATTCYHT	9.34e-2	1.00e0	9.27e2	412	206	206	206	6	177	85.92	166	80.58
568	data/reference/motifs/JASPAR2026_CORE_plants_non-redundant_pfms_meme.txt	MA1390.3	HHO2	AAGATTCC	5.00e-1	1.00e0	9.27e2	412	206	206	206	20	5	2.43	4	1.94
569	data/reference/motifs/JASPAR2026_CORE_plants_non-redundant_pfms_meme.txt	MA1389.2	PHL1	AARGAATATTCB	5.00e-1	1.00e0	9.27e2	343	206	206	206	5	16	7.77	15	7.28
570	data/reference/motifs/JASPAR2026_CORE_plants_non-redundant_pfms_meme.txt	MA1388.2	PHL2	VGAATMT	2.13e-1	1.00e0	9.27e2	412	206	206	206	4	195	94.66	190	92.23
571	data/reference/motifs/JASPAR2026_CORE_plants_non-redundant_pfms_meme.txt	MA1387.2	HRS1	ATCRAAGATTCY	3.12e-1	1.00e0	9.27e2	402	206	206	206	11	3	1.46	1	0.49
572	data/reference/motifs/JASPAR2026_CORE_plants_non-redundant_pfms_meme.txt	MA1386.3	HHO3	AAGATTCT	4.59e-1	1.00e0	9.27e2	411	206	206	206	11	72	34.95	70	33.98
573	data/reference/motifs/JASPAR2026_CORE_plants_non-redundant_pfms_meme.txt	MA1385.2	AT2G40260	AAHATTCTYT	1.26e-1	1.00e0	9.27e2	412	206	206	206	14	13	6.31	7	3.40
574	data/reference/motifs/JASPAR2026_CORE_plants_non-redundant_pfms_meme.txt	MA1383.2	KAN2	AATATTCTTT	3.12e-1	1.00e0	9.27e2	410	206	206	206	17	3	1.46	1	0.49
575	data/reference/motifs/JASPAR2026_CORE_plants_non-redundant_pfms_meme.txt	MA1168.2	MYR2	RGAATMTT	5.00e-1	1.00e0	9.27e2	405	206	206	206	13	2	0.97	1	0.49
576	data/reference/motifs/JASPAR2026_CORE_plants_non-redundant_pfms_meme.txt	MA1167.2	EFM	RGAATATTC	3.83e-1	1.00e0	9.27e2	396	206	206	206	7	27	13.11	24	11.65
577	data/reference/motifs/JASPAR2026_CORE_plants_non-redundant_pfms_meme.txt	MA1166.2	PHL12	AARRGAATATTC	4.38e-1	1.00e0	9.27e2	289	206	206	206	4	24	11.65	22	10.68
578	data/reference/motifs/JASPAR2026_CORE_plants_non-redundant_pfms_meme.txt	MA1165.3	HHO6	AGATTCT	4.14e-1	1.00e0	9.27e2	412	206	206	206	14	60	29.13	57	27.67
579	data/reference/motifs/JASPAR2026_CORE_plants_non-redundant_pfms_meme.txt	MA1164.2	HHO5	RAAGATTC	5.95e-1	1.00e0	9.27e2	404	206	206	206	8	43	20.87	44	21.36
580	data/reference/motifs/JASPAR2026_CORE_plants_non-redundant_pfms_meme.txt	MA1163.3	PHL11	AGAATATTCT	1.72e-1	1.00e0	9.27e2	375	206	206	206	4	144	69.90	134	65.05
581	data/reference/motifs/JASPAR2026_CORE_plants_non-redundant_pfms_meme.txt	MA1409.2	OsRR22	AGATACGST	2.68e-1	1.00e0	9.27e2	407	206	206	206	3	185	89.81	180	87.38
582	data/reference/motifs/JASPAR2026_CORE_plants_non-redundant_pfms_meme.txt	MA0948.2	ARR18	AGATACG	3.42e-1	1.00e0	9.27e2	412	206	206	206	29	79	38.35	74	35.92
583	data/reference/motifs/JASPAR2026_CORE_plants_non-redundant_pfms_meme.txt	MA0121.2	ARR10	AGATHYK	1.37e-1	1.00e0	9.27e2	412	206	206	206	8	198	96.12	192	93.20
584	data/reference/motifs/JASPAR2026_CORE_plants_non-redundant_pfms_meme.txt	MA2022.2	LOB	CCGCCGCCGCMGC	5.00e-1	1.00e0	9.27e2	156	206	206	206	22	2	0.97	1	0.49
585	data/reference/motifs/JASPAR2026_CORE_plants_non-redundant_pfms_meme.txt	MA1278.2	DOF3.4	TTYTTTTTTWVCTTTTT	1.86e-1	1.00e0	9.27e2	412	206	206	206	33	4	1.94	1	0.49
586	data/reference/motifs/JASPAR2026_CORE_plants_non-redundant_pfms_meme.txt	MA1275.2	DOF1.6	AWAAAGTR	1.08e-1	1.00e0	9.27e2	412	206	206	206	7	205	99.51	201	97.57
587	data/reference/motifs/JASPAR2026_CORE_plants_non-redundant_pfms_meme.txt	MA1272.3	DOF2.2	AAAAAG	1.39e-1	1.00e0	9.27e2	412	206	206	206	8	104	50.49	92	44.66
588	data/reference/motifs/JASPAR2026_CORE_plants_non-redundant_pfms_meme.txt	MA0989.2	PHYPADRAFT_153324	WAAAG	8.74e-2	1.00e0	9.27e2	412	206	206	206	146	204	99.03	199	96.60
589	data/reference/motifs/JASPAR2026_CORE_plants_non-redundant_pfms_meme.txt	MA1755.2	GATA4	GATC	1.42e-1	1.00e0	9.27e2	412	206	206	206	166	6	2.91	2	0.97
590	data/reference/motifs/JASPAR2026_CORE_plants_non-redundant_pfms_meme.txt	MA1396.2	GATA6	AGATCTAGAT	2.05e-1	1.00e0	9.27e2	308	206	206	206	5	15	7.28	10	4.85
591	data/reference/motifs/JASPAR2026_CORE_plants_non-redundant_pfms_meme.txt	MA1325.2	GATA14	TAGATCTR	1.24e-1	1.00e0	9.27e2	399	206	206	206	20	3	1.46	0	0.00
592	data/reference/motifs/JASPAR2026_CORE_plants_non-redundant_pfms_meme.txt	MA1323.2	GATA19	GATCBGATY	1.24e-1	1.00e0	9.27e2	404	206	206	206	20	3	1.46	0	0.00
593	data/reference/motifs/JASPAR2026_CORE_plants_non-redundant_pfms_meme.txt	MA1017.2	GATA8	GATCY	1.88e-1	1.00e0	9.27e2	412	206	206	206	67	111	53.88	101	49.03
594	data/reference/motifs/JASPAR2026_CORE_plants_non-redundant_pfms_meme.txt	MA1016.2	GATA15	GATC	9.53e-2	1.00e0	9.27e2	412	206	206	206	110	131	63.59	117	56.80
595	data/reference/motifs/JASPAR2026_CORE_plants_non-redundant_pfms_meme.txt	MA0585.2	AGL1	TTDCCWWWWWDGGWAA	5.66e-1	1.00e0	9.27e2	404	206	206	206	3	186	90.29	186	90.29
596	data/reference/motifs/JASPAR2026_CORE_plants_non-redundant_pfms_meme.txt	MA0584.2	SEP1	CCAWAWWTRGWAA	3.43e-1	1.00e0	9.27e2	392	206	206	206	13	4	1.94	2	0.97
597	data/reference/motifs/JASPAR2026_CORE_plants_non-redundant_pfms_meme.txt	MA0558.2	FLC	CCMAAAATRGAAAG	4.22e-1	1.00e0	9.27e2	411	206	206	206	6	102	49.51	99	48.06
598	data/reference/motifs/JASPAR2026_CORE_plants_non-redundant_pfms_meme.txt	MA0556.2	AP3	CCAAAARWRGAAA	1.41e-1	1.00e0	9.27e2	412	206	206	206	8	67	32.52	56	27.18
599	data/reference/motifs/JASPAR2026_CORE_plants_non-redundant_pfms_meme.txt	MA0555.2	SVP	WWWCCAAAAAWGGAAA	1.53e-1	1.00e0	9.27e2	394	206	206	206	6	31	15.05	23	11.17
600	data/reference/motifs/JASPAR2026_CORE_plants_non-redundant_pfms_meme.txt	MA0554.2	SOC1	TTTCCWTTTTTGG	1.87e-1	1.00e0	9.27e2	412	206	206	206	4	172	83.50	164	79.61
601	data/reference/motifs/JASPAR2026_CORE_plants_non-redundant_pfms_meme.txt	MA0548.3	AGL15	TTTCCWTTTTDGGWAA	7.51e-1	1.00e0	9.27e2	316	206	206	206	7	1	0.49	1	0.49
602	data/reference/motifs/JASPAR2026_CORE_plants_non-redundant_pfms_meme.txt	MA0005.3	AG	TTWCCWAAWHDGGHAA	1.86e-1	1.00e0	9.27e2	394	206	206	206	12	4	1.94	1	0.49
603	data/reference/motifs/JASPAR2026_CORE_plants_non-redundant_pfms_meme.txt	MA1807.2	ZHD10	TAATTART	1.42e-1	1.00e0	9.27e2	409	206	206	206	2	204	99.03	200	97.09
604	data/reference/motifs/JASPAR2026_CORE_plants_non-redundant_pfms_meme.txt	MA1329.3	ZHD1	AYTAATTAA	8.74e-2	1.00e0	9.27e2	412	206	206	206	6	204	99.03	199	96.60
605	data/reference/motifs/JASPAR2026_CORE_plants_non-redundant_pfms_meme.txt	MA1326.2	ZHD5	GTRATTAR	1.85e-1	1.00e0	9.27e2	412	206	206	206	24	13	6.31	8	3.88
606	data/reference/motifs/JASPAR2026_CORE_plants_non-redundant_pfms_meme.txt	MA1213.3	ZHD3	CAATTATTG	1.01e-1	1.00e0	9.27e2	410	206	206	206	7	174	84.47	163	79.13
607	data/reference/motifs/JASPAR2026_CORE_plants_non-redundant_pfms_meme.txt	MA1824.2	Zm00001d005692	CAATAATT	1.37e-1	1.00e0	9.27e2	412	206	206	206	40	96	46.60	84	40.78
608	data/reference/motifs/JASPAR2026_CORE_plants_non-redundant_pfms_meme.txt	MA1757.2	HDG7	DCATTAAWTR	1.86e-1	1.00e0	9.27e2	407	206	206	206	1	205	99.51	202	98.06
609	data/reference/motifs/JASPAR2026_CORE_plants_non-redundant_pfms_meme.txt	MA1214.2	ATHB-40	ACCAATAATTG	1.10e-1	1.00e0	9.27e2	403	206	206	206	7	82	39.81	69	33.50
610	data/reference/motifs/JASPAR2026_CORE_plants_non-redundant_pfms_meme.txt	MA1211.2	ATHB-X	YAATYATTD	1.18e-1	1.00e0	9.27e2	412	206	206	206	9	107	51.94	94	45.63
611	data/reference/motifs/JASPAR2026_CORE_plants_non-redundant_pfms_meme.txt	MA1209.2	ATHB-20	YAATAATT	2.57e-1	1.00e0	9.27e2	398	206	206	206	4	150	72.82	143	69.42
612	data/reference/motifs/JASPAR2026_CORE_plants_non-redundant_pfms_meme.txt	MA1198.2	HAT2	YAATCATT	2.85e-1	1.00e0	9.27e2	412	206	206	206	6	193	93.69	189	91.75
613	data/reference/motifs/JASPAR2026_CORE_plants_non-redundant_pfms_meme.txt	MA1026.3	ATHB-15	AWDRTAATGATKA	5.00e-1	1.00e0	9.27e2	393	206	206	206	2	182	88.35	181	87.86
614	data/reference/motifs/JASPAR2026_CORE_plants_non-redundant_pfms_meme.txt	MA0990.2	HDG11	AWTWAATGC	1.05e-1	1.00e0	9.27e2	412	206	206	206	43	193	93.69	185	89.81
615	data/reference/motifs/JASPAR2026_CORE_plants_non-redundant_pfms_meme.txt	MA0954.3	ATHB-7	TCAATGATTGR	1.26e-1	1.00e0	9.27e2	403	206	206	206	10	13	6.31	7	3.40
616	data/reference/motifs/JASPAR2026_CORE_plants_non-redundant_pfms_meme.txt	MA0008.4	HAT5	CAATAATTG	4.54e-1	1.00e0	9.27e2	409	206	206	206	5	158	76.70	156	75.73
617	data/reference/motifs/JASPAR2026_CORE_plants_non-redundant_pfms_meme.txt	MA2020.2	HSFB4	GAAGTTTCCR	4.56e-1	1.00e0	9.27e2	395	206	206	206	3	152	73.79	150	72.82
618	data/reference/motifs/JASPAR2026_CORE_plants_non-redundant_pfms_meme.txt	MA2019.2	HSFA1B	GAAACTTC	2.08e-1	1.00e0	9.27e2	411	206	206	206	3	201	97.57	197	95.63
619	data/reference/motifs/JASPAR2026_CORE_plants_non-redundant_pfms_meme.txt	MA1761.2	HSFB3	AAGCTTCTAGAA	6.05e-1	1.00e0	9.27e2	396	206	206	206	2	172	83.50	173	83.98
620	data/reference/motifs/JASPAR2026_CORE_plants_non-redundant_pfms_meme.txt	MA1759.2	HSFA4A	AGAAGCTTCTAGAA	3.62e-1	1.00e0	9.27e2	283	206	206	206	6	5	2.43	3	1.46
621	data/reference/motifs/JASPAR2026_CORE_plants_non-redundant_pfms_meme.txt	MA1758.2	HSFA1E	AGAAGCTTCTAGAA	2.45e-1	1.00e0	9.27e2	214	206	206	206	1	111	53.88	103	50.00
622	data/reference/motifs/JASPAR2026_CORE_plants_non-redundant_pfms_meme.txt	MA1667.3	HSFC1	TTCYAGAA	1.90e-1	1.00e0	9.27e2	410	206	206	206	2	202	98.06	198	96.12
623	data/reference/motifs/JASPAR2026_CORE_plants_non-redundant_pfms_meme.txt	MA1666.3	HSFB2B	RGAAGSTTCTA	2.23e-1	1.00e0	9.27e2	375	206	206	206	9	10	4.85	6	2.91
624	data/reference/motifs/JASPAR2026_CORE_plants_non-redundant_pfms_meme.txt	MA1665.3	HSFB2A	RGAAGSTTCY	1.14e-1	1.00e0	9.27e2	377	206	206	206	9	12	5.83	6	2.91
625	data/reference/motifs/JASPAR2026_CORE_plants_non-redundant_pfms_meme.txt	MA1664.3	HSFA6B	TTCTRGAA	2.25e-1	1.00e0	9.27e2	412	206	206	206	22	5	2.43	2	0.97
626	data/reference/motifs/JASPAR2026_CORE_plants_non-redundant_pfms_meme.txt	MA1318.2	WRKY27	CGTTGACTTTT	2.25e-1	1.00e0	9.27e2	282	206	206	206	5	5	2.43	2	0.97
627	data/reference/motifs/JASPAR2026_CORE_plants_non-redundant_pfms_meme.txt	MA1317.2	WRKY50	TTGACTTTT	1.71e-1	1.00e0	9.27e2	388	206	206	206	6	36	17.48	28	13.59
628	data/reference/motifs/JASPAR2026_CORE_plants_non-redundant_pfms_meme.txt	MA1316.2	WRKY71	AAAAGTCAAC	1.56e-1	1.00e0	9.27e2	365	206	206	206	6	16	7.77	10	4.85
629	data/reference/motifs/JASPAR2026_CORE_plants_non-redundant_pfms_meme.txt	MA1314.2	WRKY14	AAAGTCAACG	1.42e-1	1.00e0	9.27e2	344	206	206	206	6	6	2.91	2	0.97
630	data/reference/motifs/JASPAR2026_CORE_plants_non-redundant_pfms_meme.txt	MA1311.3	WRKY28	RGTCAAC	1.24e-1	1.00e0	9.27e2	412	206	206	206	23	3	1.46	0	0.00
631	data/reference/motifs/JASPAR2026_CORE_plants_non-redundant_pfms_meme.txt	MA1310.2	WRKY42	CGTTGACT	3.55e-1	1.00e0	9.27e2	365	206	206	206	5	17	8.25	14	6.80
632	data/reference/motifs/JASPAR2026_CORE_plants_non-redundant_pfms_meme.txt	MA1308.2	WRKY70	CGTTGACTTT	3.12e-1	1.00e0	9.27e2	251	206	206	206	5	3	1.46	1	0.49
633	data/reference/motifs/JASPAR2026_CORE_plants_non-redundant_pfms_meme.txt	MA1307.3	WRKY31	RGTCAACG	2.49e-1	1.00e0	9.27e2	402	206	206	206	12	2	0.97	0	0.00
634	data/reference/motifs/JASPAR2026_CORE_plants_non-redundant_pfms_meme.txt	MA1305.2	WRKY55	CGTTGACTT	1.41e-1	1.00e0	9.27e2	355	206	206	206	5	28	13.59	20	9.71
635	data/reference/motifs/JASPAR2026_CORE_plants_non-redundant_pfms_meme.txt	MA1303.2	WRKY22	AAAGTCAACK	1.86e-1	1.00e0	9.27e2	333	206	206	206	7	4	1.94	1	0.49
636	data/reference/motifs/JASPAR2026_CORE_plants_non-redundant_pfms_meme.txt	MA1302.2	WRKY65	AAAGTCAACG	1.86e-1	1.00e0	9.27e2	371	206	206	206	8	4	1.94	1	0.49
637	data/reference/motifs/JASPAR2026_CORE_plants_non-redundant_pfms_meme.txt	MA1301.2	WRKY33	AAAGTCAACG	2.12e-1	1.00e0	9.27e2	340	206	206	206	4	37	17.96	30	14.56
638	data/reference/motifs/JASPAR2026_CORE_plants_non-redundant_pfms_meme.txt	MA1300.2	WRKY6	CGTTGACT	3.62e-1	1.00e0	9.27e2	318	206	206	206	6	5	2.43	3	1.46
639	data/reference/motifs/JASPAR2026_CORE_plants_non-redundant_pfms_meme.txt	MA1299.2	WRKY17	AAAGTCAACG	2.49e-1	1.00e0	9.27e2	363	206	206	206	9	2	0.97	0	0.00
640	data/reference/motifs/JASPAR2026_CORE_plants_non-redundant_pfms_meme.txt	MA1298.2	WRKY29	AAAGTCAAC	1.86e-1	1.00e0	9.27e2	394	206	206	206	10	4	1.94	1	0.49
641	data/reference/motifs/JASPAR2026_CORE_plants_non-redundant_pfms_meme.txt	MA1297.2	WRKY26	AAAAGTCAACG	3.86e-1	1.00e0	9.27e2	338	206	206	206	6	7	3.40	5	2.43
642	data/reference/motifs/JASPAR2026_CORE_plants_non-redundant_pfms_meme.txt	MA1295.2	WRKY20	CGTTGACY	1.24e-1	1.00e0	9.27e2	380	206	206	206	9	3	1.46	0	0.00
643	data/reference/motifs/JASPAR2026_CORE_plants_non-redundant_pfms_meme.txt	MA1094.3	WRKY8	AAAAGTCAACG	1.08e-1	1.00e0	9.27e2	373	206	206	206	8	5	2.43	1	0.49
644	data/reference/motifs/JASPAR2026_CORE_plants_non-redundant_pfms_meme.txt	MA1093.2	WRKY75	RGTCAAC	2.05e-1	1.00e0	9.27e2	366	206	206	206	6	15	7.28	10	4.85
645	data/reference/motifs/JASPAR2026_CORE_plants_non-redundant_pfms_meme.txt	MA1092.2	WRKY63	GGTCAA	2.51e-1	1.00e0	9.27e2	396	206	206	206	11	6	2.91	3	1.46
646	data/reference/motifs/JASPAR2026_CORE_plants_non-redundant_pfms_meme.txt	MA1090.2	WRKY60	GGTCAAC	1.23e-1	1.00e0	9.27e2	401	206	206	206	7	32	15.53	23	11.17
647	data/reference/motifs/JASPAR2026_CORE_plants_non-redundant_pfms_meme.txt	MA1089.2	WRKY57	RGTCAA	1.01e-1	1.00e0	9.27e2	412	206	206	206	73	11	5.34	5	2.43
648	data/reference/motifs/JASPAR2026_CORE_plants_non-redundant_pfms_meme.txt	MA1088.2	WRKY48	GTCAA	1.33e-1	1.00e0	9.27e2	412	206	206	206	74	170	82.52	160	77.67
649	data/reference/motifs/JASPAR2026_CORE_plants_non-redundant_pfms_meme.txt	MA1087.3	WRKY45	AAAAGTCAAM	9.85e-2	1.00e0	9.27e2	409	206	206	206	11	15	7.28	8	3.88
650	data/reference/motifs/JASPAR2026_CORE_plants_non-redundant_pfms_meme.txt	MA1086.2	WRKY43	RGTCAA	3.16e-1	1.00e0	9.27e2	412	206	206	206	52	186	90.29	182	88.35
651	data/reference/motifs/JASPAR2026_CORE_plants_non-redundant_pfms_meme.txt	MA1083.3	WRKY30	ARGTCAACG	3.43e-1	1.00e0	9.27e2	402	206	206	206	11	4	1.94	2	0.97
652	data/reference/motifs/JASPAR2026_CORE_plants_non-redundant_pfms_meme.txt	MA1081.3	WRKY25	RGTCAACG	2.49e-1	1.00e0	9.27e2	406	206	206	206	14	2	0.97	0	0.00
653	data/reference/motifs/JASPAR2026_CORE_plants_non-redundant_pfms_meme.txt	MA1079.3	WRKY21	AAAAGTCAACG	2.25e-1	1.00e0	9.27e2	370	206	206	206	7	5	2.43	2	0.97
654	data/reference/motifs/JASPAR2026_CORE_plants_non-redundant_pfms_meme.txt	MA1078.2	WRKY2	GGTCAAM	3.12e-1	1.00e0	9.27e2	409	206	206	206	17	3	1.46	1	0.49
655	data/reference/motifs/JASPAR2026_CORE_plants_non-redundant_pfms_meme.txt	MA1076.3	WRKY15	RGTCAACG	1.24e-1	1.00e0	9.27e2	409	206	206	206	14	3	1.46	0	0.00
656	data/reference/motifs/JASPAR2026_CORE_plants_non-redundant_pfms_meme.txt	MA0589.2	WRKY1	TTGACCGAGY	1.24e-1	1.00e0	9.27e2	305	206	206	206	8	3	1.46	0	0.00
657	data/reference/motifs/JASPAR2026_CORE_plants_non-redundant_pfms_meme.txt	MA2051.2	NAC68	ACAAGTAW	7.36e-1	1.00e0	9.27e2	412	206	206	206	15	193	93.69	195	94.66
658	data/reference/motifs/JASPAR2026_CORE_plants_non-redundant_pfms_meme.txt	MA2050.2	NAC101	CAAGCAA	1.58e-1	1.00e0	9.27e2	412	206	206	206	19	127	61.65	116	56.31
659	data/reference/motifs/JASPAR2026_CORE_plants_non-redundant_pfms_meme.txt	MA2047.2	NAC037	CAAGCAA	3.16e-1	1.00e0	9.27e2	412	206	206	206	13	164	79.61	159	77.18
660	data/reference/motifs/JASPAR2026_CORE_plants_non-redundant_pfms_meme.txt	MA2046.2	NAC035	CACGGCA	1.76e-1	1.00e0	9.27e2	412	206	206	206	11	77	37.38	67	32.52
661	data/reference/motifs/JASPAR2026_CORE_plants_non-redundant_pfms_meme.txt	MA2037.2	NAC096	CAAGTAA	3.43e-1	1.00e0	9.27e2	412	206	206	206	29	4	1.94	2	0.97
662	data/reference/motifs/JASPAR2026_CORE_plants_non-redundant_pfms_meme.txt	MA2036.2	NAC076	CAAGCAA	1.01e-1	1.00e0	9.27e2	412	206	206	206	9	201	97.57	195	94.66
663	data/reference/motifs/JASPAR2026_CORE_plants_non-redundant_pfms_meme.txt	MA2035.2	NAC075	GWAGCTTGTNNNACAAGCTW	3.05e-1	1.00e0	9.27e2	166	206	206	206	3	21	10.19	17	8.25
664	data/reference/motifs/JASPAR2026_CORE_plants_non-redundant_pfms_meme.txt	MA2034.2	NAC057	CAAGTAA	1.10e-1	1.00e0	9.27e2	412	206	206	206	11	203	98.54	198	96.12
665	data/reference/motifs/JASPAR2026_CORE_plants_non-redundant_pfms_meme.txt	MA2033.2	NAC038	TTDCKTGTDNHACAAGTWA	3.95e-1	1.00e0	9.27e2	119	206	206	206	2	35	16.99	32	15.53
666	data/reference/motifs/JASPAR2026_CORE_plants_non-redundant_pfms_meme.txt	MA2018.2	NAC69	ACAAGGCA	2.67e-1	1.00e0	9.27e2	412	206	206	206	13	75	36.41	68	33.01
667	data/reference/motifs/JASPAR2026_CORE_plants_non-redundant_pfms_meme.txt	MA2010.2	SMB	CAAGCAA	8.74e-2	1.00e0	9.27e2	412	206	206	206	9	204	99.03	199	96.60
668	data/reference/motifs/JASPAR2026_CORE_plants_non-redundant_pfms_meme.txt	MA2009.2	NAC010	TAACTTGTDNHACAAGTTACC	5.00e-1	1.00e0	9.27e2	100	206	206	206	3	9	4.37	8	3.88
669	data/reference/motifs/JASPAR2026_CORE_plants_non-redundant_pfms_meme.txt	MA1787.2	NAC047	ACACGTMWCT	1.46e-1	1.00e0	9.27e2	406	206	206	206	9	39	18.93	30	14.56
670	data/reference/motifs/JASPAR2026_CORE_plants_non-redundant_pfms_meme.txt	MA1676.3	NAC062	TAAGTAA	2.70e-1	1.00e0	9.27e2	412	206	206	206	29	79	38.35	72	34.95
671	data/reference/motifs/JASPAR2026_CORE_plants_non-redundant_pfms_meme.txt	MA1674.3	NAC017	CAAGTAA	2.41e-1	1.00e0	9.27e2	412	206	206	206	17	128	62.14	120	58.25
672	data/reference/motifs/JASPAR2026_CORE_plants_non-redundant_pfms_meme.txt	MA1663.3	NAC050	CAAGTAAC	1.92e-1	1.00e0	9.27e2	412	206	206	206	8	191	92.72	185	89.81
673	data/reference/motifs/JASPAR2026_CORE_plants_non-redundant_pfms_meme.txt	MA1427.3	NAC028	CAAGTAA	2.49e-1	1.00e0	9.27e2	412	206	206	206	36	2	0.97	0	0.00
674	data/reference/motifs/JASPAR2026_CORE_plants_non-redundant_pfms_meme.txt	MA1044.2	NAC92	RCAMGCCA	1.24e-1	1.00e0	9.27e2	412	206	206	206	39	3	1.46	0	0.00
675	data/reference/motifs/JASPAR2026_CORE_plants_non-redundant_pfms_meme.txt	MA0938.3	NAC058	TTACKTGTDNMACAAGWAA	3.07e-1	1.00e0	9.27e2	131	206	206	206	2	41	19.90	36	17.48
676	data/reference/motifs/JASPAR2026_CORE_plants_non-redundant_pfms_meme.txt	MA1414.2	E2FA	GCGCCA	1.18e-1	1.00e0	9.27e2	402	206	206	206	6	111	53.88	98	47.57
677	data/reference/motifs/JASPAR2026_CORE_plants_non-redundant_pfms_meme.txt	MA1813.2	EIL4	TWCAATGAA	5.00e-1	1.00e0	9.27e2	411	206	206	206	7	167	81.07	166	80.58
678	data/reference/motifs/JASPAR2026_CORE_plants_non-redundant_pfms_meme.txt	MA1682.2	TCX3	AAATTCAAATWT	1.56e-1	1.00e0	9.27e2	412	206	206	206	18	23	11.17	16	7.77
679	data/reference/motifs/JASPAR2026_CORE_plants_non-redundant_pfms_meme.txt	MA1809.2	GLYMA-07G038400	CTGACAC	1.31e-1	1.00e0	9.27e2	412	206	206	206	9	194	94.17	187	90.78
680	data/reference/motifs/JASPAR2026_CORE_plants_non-redundant_pfms_meme.txt	MA2016.2	GRF6	TCTGACA	3.42e-1	1.00e0	9.27e2	270	206	206	206	2	81	39.32	76	36.89
681	data/reference/motifs/JASPAR2026_CORE_plants_non-redundant_pfms_meme.txt	MA1801.2	TREE1	AGCTD	2.70e-1	1.00e0	9.27e2	412	206	206	206	74	134	65.05	127	61.65
682	data/reference/motifs/JASPAR2026_CORE_plants_non-redundant_pfms_meme.txt	MA1736.2	AT5G04390	TCACT	1.08e-1	1.00e0	9.27e2	412	206	206	206	9	197	95.63	190	92.23
683	data/reference/motifs/JASPAR2026_CORE_plants_non-redundant_pfms_meme.txt	MA1415.2	REF6	RAAACAGAG	3.92e-1	1.00e0	9.27e2	394	206	206	206	2	176	85.44	173	83.98
684	data/reference/motifs/JASPAR2026_CORE_plants_non-redundant_pfms_meme.txt	MA1405.2	SIZF2	ACTGACAGT	1.24e-1	1.00e0	9.27e2	400	206	206	206	26	3	1.46	0	0.00
685	data/reference/motifs/JASPAR2026_CORE_plants_non-redundant_pfms_meme.txt	MA1381.2	AT3G46070	TCACTCT	1.08e-1	1.00e0	9.27e2	412	206	206	206	4	205	99.51	201	97.57
686	data/reference/motifs/JASPAR2026_CORE_plants_non-redundant_pfms_meme.txt	MA1374.2	IDD7	ASAAAACGACAAAA	2.85e-1	1.00e0	9.27e2	294	206	206	206	4	17	8.25	13	6.31
687	data/reference/motifs/JASPAR2026_CORE_plants_non-redundant_pfms_meme.txt	MA1372.2	ZAT10	CACTNHCACT	6.91e-1	1.00e0	9.27e2	412	206	206	206	25	19	9.22	21	10.19
688	data/reference/motifs/JASPAR2026_CORE_plants_non-redundant_pfms_meme.txt	MA1371.2	IDD4	ASAAAAMGACAAAAA	1.24e-1	1.00e0	9.27e2	313	206	206	206	7	3	1.46	0	0.00
689	data/reference/motifs/JASPAR2026_CORE_plants_non-redundant_pfms_meme.txt	MA1159.2	SGR5	AAAWAAGACAAAA	3.81e-1	1.00e0	9.27e2	411	206	206	206	8	26	12.62	23	11.17
690	data/reference/motifs/JASPAR2026_CORE_plants_non-redundant_pfms_meme.txt	MA1157.2	NUC	TTTTGTCGTTTT	1.24e-1	1.00e0	9.27e2	352	206	206	206	8	3	1.46	0	0.00
691	data/reference/motifs/JASPAR2026_CORE_plants_non-redundant_pfms_meme.txt	MA1156.2	JKD	TTTTGTCKTTTT	2.40e-1	1.00e0	9.27e2	407	206	206	206	8	20	9.71	15	7.28
692	data/reference/motifs/JASPAR2026_CORE_plants_non-redundant_pfms_meme.txt	MA1743.2	BZIP2	TGCTGACGTGGCA	5.90e-1	1.00e0	9.27e2	103	206	206	206	1	51	24.76	52	25.24
693	data/reference/motifs/JASPAR2026_CORE_plants_non-redundant_pfms_meme.txt	MA1340.2	BZIP3	TGMTGACGTGGCA	6.58e-1	1.00e0	9.27e2	155	206	206	206	1	76	36.89	79	38.35
694	data/reference/motifs/JASPAR2026_CORE_plants_non-redundant_pfms_meme.txt	MA1337.2	BZIP44	WGCTGACGTGGCA	3.62e-1	1.00e0	9.27e2	83	206	206	206	2	5	2.43	3	1.46
695	data/reference/motifs/JASPAR2026_CORE_plants_non-redundant_pfms_meme.txt	MA1334.2	BZIP11	TGCCACGTCAGCA	3.65e-1	1.00e0	9.27e2	100	206	206	206	1	52	25.24	48	23.30
696	data/reference/motifs/JASPAR2026_CORE_plants_non-redundant_pfms_meme.txt	MA1803.2	VIP1	TGMCAGCTGT	2.49e-1	1.00e0	9.27e2	280	206	206	206	7	2	0.97	0	0.00
697	data/reference/motifs/JASPAR2026_CORE_plants_non-redundant_pfms_meme.txt	MA1744.2	BZIP30	GMCAGCTGK	9.37e-2	1.00e0	9.27e2	411	206	206	206	5	190	92.23	181	87.86
698	data/reference/motifs/JASPAR2026_CORE_plants_non-redundant_pfms_meme.txt	MA1343.2	BZIP52	TGMCAGCT	5.95e-1	1.00e0	9.27e2	361	206	206	206	7	9	4.37	9	4.37
699	data/reference/motifs/JASPAR2026_CORE_plants_non-redundant_pfms_meme.txt	MA0551.2	HY5	TGMCACGTGKCA	6.38e-1	1.00e0	9.27e2	131	206	206	206	4	17	8.25	18	8.74
700	data/reference/motifs/JASPAR2026_CORE_plants_non-redundant_pfms_meme.txt	MA1349.2	BZIP16	HSACGTGGCA	6.88e-1	1.00e0	9.27e2	145	206	206	206	4	2	0.97	2	0.97
701	data/reference/motifs/JASPAR2026_CORE_plants_non-redundant_pfms_meme.txt	MA0968.3	BZIP68	TGCCACGTSA	3.76e-1	1.00e0	9.27e2	268	206	206	206	2	69	33.50	65	31.55
702	data/reference/motifs/JASPAR2026_CORE_plants_non-redundant_pfms_meme.txt	MA1835.2	TFLG2-Zm00001d042777	GTACGTAC	1.62e-1	1.00e0	9.27e2	386	206	206	206	6	105	50.97	94	45.63
703	data/reference/motifs/JASPAR2026_CORE_plants_non-redundant_pfms_meme.txt	MA1070.3	TGA7	ATGACGTCAB	5.39e-1	1.00e0	9.27e2	269	206	206	206	2	100	48.54	100	48.54
704	data/reference/motifs/JASPAR2026_CORE_plants_non-redundant_pfms_meme.txt	MA1069.3	TGA6	ATGAYGTCAT	3.11e-1	1.00e0	9.27e2	387	206	206	206	8	10	4.85	7	3.40
705	data/reference/motifs/JASPAR2026_CORE_plants_non-redundant_pfms_meme.txt	MA1068.3	TGA2	ATGACGTCAY	3.46e-1	1.00e0	9.27e2	179	206	206	206	1	92	44.66	87	42.23
706	data/reference/motifs/JASPAR2026_CORE_plants_non-redundant_pfms_meme.txt	MA1047.3	TGA5	ATGACGTCA	1.25e-1	1.00e0	9.27e2	384	206	206	206	6	74	35.92	62	30.10
707	data/reference/motifs/JASPAR2026_CORE_plants_non-redundant_pfms_meme.txt	MA0588.2	TGA1	SVTGACGT	2.25e-1	1.00e0	9.27e2	405	206	206	206	1	204	99.03	201	97.57
708	data/reference/motifs/JASPAR2026_CORE_plants_non-redundant_pfms_meme.txt	MA1344.2	BZIP28	TSACGTGGCA	1.83e-1	1.00e0	9.27e2	246	206	206	206	1	128	62.14	118	57.28
709	data/reference/motifs/JASPAR2026_CORE_plants_non-redundant_pfms_meme.txt	MA1338.3	DPBF3	TGMCACGTGTC	2.15e-1	1.00e0	9.27e2	223	206	206	206	1	116	56.31	107	51.94
710	data/reference/motifs/JASPAR2026_CORE_plants_non-redundant_pfms_meme.txt	MA0941.2	ABF2	ACACGTG	8.74e-2	1.00e0	9.27e2	412	206	206	206	26	7	3.40	2	0.97
711	data/reference/motifs/JASPAR2026_CORE_plants_non-redundant_pfms_meme.txt	MA1822.2	Zm00001d018571	GTACGTAC	1.40e-1	1.00e0	9.27e2	398	206	206	206	14	37	17.96	28	13.59
712	data/reference/motifs/JASPAR2026_CORE_plants_non-redundant_pfms_meme.txt	MA1828.2	Zm00001d038683	GTGGTCCA	3.43e-1	1.00e0	9.27e2	406	206	206	206	1	204	99.03	202	98.06
713	data/reference/motifs/JASPAR2026_CORE_plants_non-redundant_pfms_meme.txt	MA1430.2	TB1	GGSCCCCCC	6.38e-1	1.00e0	9.27e2	182	206	206	206	3	17	8.25	18	8.74
714	data/reference/motifs/JASPAR2026_CORE_plants_non-redundant_pfms_meme.txt	MA1289.2	TCP3	GGGACCAC	6.53e-1	1.00e0	9.27e2	167	206	206	206	2	34	16.50	36	17.48
715	data/reference/motifs/JASPAR2026_CORE_plants_non-redundant_pfms_meme.txt	MA1287.2	TCP21	GTGGGMCCCAC	2.72e-1	1.00e0	9.27e2	217	206	206	206	3	27	13.11	22	10.68
716	data/reference/motifs/JASPAR2026_CORE_plants_non-redundant_pfms_meme.txt	MA1286.2	TCP24	GGGACCAC	2.75e-1	1.00e0	9.27e2	234	206	206	206	3	28	13.59	23	11.17
717	data/reference/motifs/JASPAR2026_CORE_plants_non-redundant_pfms_meme.txt	MA1284.2	TCP1	GTGGGCCCCAC	3.11e-1	1.00e0	9.27e2	141	206	206	206	4	10	4.85	7	3.40
718	data/reference/motifs/JASPAR2026_CORE_plants_non-redundant_pfms_meme.txt	MA1282.2	TCP13	GTGGGGACCAC	5.42e-1	1.00e0	9.27e2	136	206	206	206	1	68	33.01	68	33.01
719	data/reference/motifs/JASPAR2026_CORE_plants_non-redundant_pfms_meme.txt	MA1063.2	TCP19	GGSCCCAC	1.44e-1	1.00e0	9.27e2	409	206	206	206	4	192	93.20	185	89.81
720	data/reference/motifs/JASPAR2026_CORE_plants_non-redundant_pfms_meme.txt	MA1062.3	TCP15	GTGGGWCCCAC	2.13e-1	1.00e0	9.27e2	217	206	206	206	6	16	7.77	11	5.34
721	data/reference/motifs/JASPAR2026_CORE_plants_non-redundant_pfms_meme.txt	MA1031.2	OJ1581_H09.2	GGGCCC	1.19e-1	1.00e0	9.27e2	397	206	206	206	6	165	80.10	154	74.76
722	data/reference/motifs/JASPAR2026_CORE_plants_non-redundant_pfms_meme.txt	MA0587.2	TCP16	GTGGACCC	2.85e-1	1.00e0	9.27e2	308	206	206	206	1	157	76.21	151	73.30
723	data/reference/motifs/JASPAR2026_CORE_plants_non-redundant_pfms_meme.txt	MA0549.2	BZR2	RCACGTGKSV	1.87e-1	1.00e0	9.27e2	194	206	206	206	1	102	49.51	92	44.66
724	data/reference/motifs/JASPAR2026_CORE_plants_non-redundant_pfms_meme.txt	MA1412.2	TSAR2	GCACGTGC	2.03e-1	1.00e0	9.27e2	241	206	206	206	6	34	16.50	27	13.11
725	data/reference/motifs/JASPAR2026_CORE_plants_non-redundant_pfms_meme.txt	MA1411.2	TSAR1	GCACGTGC	2.31e-1	1.00e0	9.27e2	255	206	206	206	4	71	34.47	63	30.58
726	data/reference/motifs/JASPAR2026_CORE_plants_non-redundant_pfms_meme.txt	MA1362.2	bHLH77	DWNGBCACGTGM	1.95e-1	1.00e0	9.27e2	244	206	206	206	2	66	32.04	57	27.67
727	data/reference/motifs/JASPAR2026_CORE_plants_non-redundant_pfms_meme.txt	MA1360.3	bHLH74	CACGTG	1.86e-1	1.00e0	9.27e2	335	206	206	206	2	156	75.73	147	71.36
728	data/reference/motifs/JASPAR2026_CORE_plants_non-redundant_pfms_meme.txt	MA1358.2	bHLH130	CMACTTGC	2.89e-1	1.00e0	9.27e2	326	206	206	206	3	58	28.16	52	25.24
729	data/reference/motifs/JASPAR2026_CORE_plants_non-redundant_pfms_meme.txt	MA1357.2	bHLH80	TGCAAGTKG	5.00e-1	1.00e0	9.27e2	200	206	206	206	2	31	15.05	30	14.56
730	data/reference/motifs/JASPAR2026_CORE_plants_non-redundant_pfms_meme.txt	MA1025.2	HBI1	GCACGTG	1.62e-1	1.00e0	9.27e2	387	206	206	206	4	107	51.94	96	46.60
731	data/reference/motifs/JASPAR2026_CORE_plants_non-redundant_pfms_meme.txt	MA0966.2	BIM3	CACGTG	2.02e-1	1.00e0	9.27e2	412	206	206	206	36	49	23.79	41	19.90
732	data/reference/motifs/JASPAR2026_CORE_plants_non-redundant_pfms_meme.txt	MA0965.3	BIM2	CACGTG	1.05e-1	1.00e0	9.27e2	374	206	206	206	4	161	78.16	149	72.33
733	data/reference/motifs/JASPAR2026_CORE_plants_non-redundant_pfms_meme.txt	MA0962.2	bHLH34	GCACGTG	1.13e-1	1.00e0	9.27e2	337	206	206	206	2	131	63.59	118	57.28
734	data/reference/motifs/JASPAR2026_CORE_plants_non-redundant_pfms_meme.txt	MA0961.2	bHLH112	CCACTTG	5.00e-1	1.00e0	9.27e2	143	206	206	206	4	2	0.97	1	0.49
735	data/reference/motifs/JASPAR2026_CORE_plants_non-redundant_pfms_meme.txt	MA0956.2	BEE2	CACGTG	2.45e-1	1.00e0	9.27e2	412	206	206	206	38	104	50.49	96	46.60
736	data/reference/motifs/JASPAR2026_CORE_plants_non-redundant_pfms_meme.txt	MA0552.2	PIF1	CACGTG	1.37e-1	1.00e0	9.27e2	295	206	206	206	1	153	74.27	142	68.93
737	data/reference/motifs/JASPAR2026_CORE_plants_non-redundant_pfms_meme.txt	MA0582.2	RAV1	GCAACA	2.29e-1	1.00e0	9.27e2	412	206	206	206	10	183	88.83	177	85.92
738	data/reference/motifs/JASPAR2026_CORE_plants_non-redundant_pfms_meme.txt	MA1698.2	ARF7	GCCGACAAG	1.87e-1	1.00e0	9.27e2	394	206	206	206	4	116	56.31	106	51.46
739	data/reference/motifs/JASPAR2026_CORE_plants_non-redundant_pfms_meme.txt	MA1697.2	ARF4	ACGACAAG	1.07e-1	1.00e0	9.27e2	411	206	206	206	8	159	77.18	147	71.36
740	data/reference/motifs/JASPAR2026_CORE_plants_non-redundant_pfms_meme.txt	MA1696.2	ARF39	GGGGRACACGT	1.92e-1	1.00e0	9.27e2	397	206	206	206	2	182	88.35	175	84.95
741	data/reference/motifs/JASPAR2026_CORE_plants_non-redundant_pfms_meme.txt	MA1695.2	ARF36	GGGGGACAHGTC	2.97e-1	1.00e0	9.27e2	332	206	206	206	3	66	32.04	60	29.13
742	data/reference/motifs/JASPAR2026_CORE_plants_non-redundant_pfms_meme.txt	MA1694.2	ARF35	CCCGACAAG	4.09e-1	1.00e0	9.27e2	399	206	206	206	7	52	25.24	49	23.79
743	data/reference/motifs/JASPAR2026_CORE_plants_non-redundant_pfms_meme.txt	MA1693.2	ARF34	CAGACAGC	1.51e-1	1.00e0	9.27e2	410	206	206	206	12	41	19.90	32	15.53
744	data/reference/motifs/JASPAR2026_CORE_plants_non-redundant_pfms_meme.txt	MA1692.2	ARF29	GCCGACAA	4.05e-1	1.00e0	9.27e2	408	206	206	206	9	45	21.84	42	20.39
745	data/reference/motifs/JASPAR2026_CORE_plants_non-redundant_pfms_meme.txt	MA1691.2	ARF27	GCAGACAT	3.12e-1	1.00e0	9.27e2	411	206	206	206	24	3	1.46	1	0.49
746	data/reference/motifs/JASPAR2026_CORE_plants_non-redundant_pfms_meme.txt	MA1690.2	ARF25	ARMGGGRGACAM	2.06e-1	1.00e0	9.27e2	349	206	206	206	1	178	86.41	171	83.01
747	data/reference/motifs/JASPAR2026_CORE_plants_non-redundant_pfms_meme.txt	MA1689.2	ARF18	CCGACAAA	1.11e-1	1.00e0	9.27e2	412	206	206	206	14	22	10.68	14	6.80
748	data/reference/motifs/JASPAR2026_CORE_plants_non-redundant_pfms_meme.txt	MA1688.2	ARF16	CAAGACAAGA	3.78e-1	1.00e0	9.27e2	412	206	206	206	18	72	34.95	68	33.01
749	data/reference/motifs/JASPAR2026_CORE_plants_non-redundant_pfms_meme.txt	MA1685.2	ARF10	ARNGGGAGACA	3.09e-1	1.00e0	9.27e2	382	206	206	206	4	91	44.17	85	41.26
750	data/reference/motifs/JASPAR2026_CORE_plants_non-redundant_pfms_meme.txt	MA1206.2	ARF2	SMGACA	2.15e-1	1.00e0	9.27e2	412	206	206	206	17	111	53.88	102	49.51
751	data/reference/motifs/JASPAR2026_CORE_plants_non-redundant_pfms_meme.txt	MA0944.2	ARF8	TGTCGG	1.92e-1	1.00e0	9.27e2	412	206	206	206	23	191	92.72	185	89.81
752	data/reference/motifs/JASPAR2026_CORE_plants_non-redundant_pfms_meme.txt	MA0943.2	ARF5	RCCGACA	4.19e-1	1.00e0	9.27e2	406	206	206	206	5	131	63.59	128	62.14
753	data/reference/motifs/JASPAR2026_CORE_plants_non-redundant_pfms_meme.txt	MA0942.2	ARF1	ACCGACA	2.64e-1	1.00e0	9.27e2	379	206	206	206	8	14	6.80	10	4.85
754	data/reference/motifs/JASPAR2026_CORE_plants_non-redundant_pfms_meme.txt	MA0581.2	LEC2	CATGCR	3.79e-1	1.00e0	9.27e2	391	206	206	206	3	134	65.05	130	63.11
755	data/reference/motifs/JASPAR2026_CORE_plants_non-redundant_pfms_meme.txt	MA0564.2	ABI3	GCATGC	1.67e-1	1.00e0	9.27e2	410	206	206	206	21	35	16.99	27	13.11
756	data/reference/motifs/JASPAR2026_CORE_plants_non-redundant_pfms_meme.txt	MA2013.2	ERF115	YCGCCGCCGCM	5.00e-1	1.00e0	9.27e2	190	206	206	206	2	52	25.24	51	24.76
757	data/reference/motifs/JASPAR2026_CORE_plants_non-redundant_pfms_meme.txt	MA1831.2	Zm00001d031796	GACGGCGACG	1.89e-1	1.00e0	9.27e2	312	206	206	206	4	61	29.61	52	25.24
758	data/reference/motifs/JASPAR2026_CORE_plants_non-redundant_pfms_meme.txt	MA1754.2	ERF073	CKCCGCCGCCR	3.86e-1	1.00e0	9.27e2	123	206	206	206	2	29	14.08	26	12.62
759	data/reference/motifs/JASPAR2026_CORE_plants_non-redundant_pfms_meme.txt	MA1753.2	ERF057	CCDCCDCCRCCGCC	2.49e-1	1.00e0	9.27e2	200	206	206	206	18	2	0.97	0	0.00
760	data/reference/motifs/JASPAR2026_CORE_plants_non-redundant_pfms_meme.txt	MA1679.2	RAP2-1	CACCGACA	3.11e-1	1.00e0	9.27e2	357	206	206	206	3	108	52.43	102	49.51
761	data/reference/motifs/JASPAR2026_CORE_plants_non-redundant_pfms_meme.txt	MA1424.2	ERF019	CCACCGACA	1.87e-1	1.00e0	9.27e2	194	206	206	206	1	102	49.51	92	44.66
762	data/reference/motifs/JASPAR2026_CORE_plants_non-redundant_pfms_meme.txt	MA1265.3	ERF015	CACCGACA	1.43e-1	1.00e0	9.27e2	352	206	206	206	4	69	33.50	58	28.16
763	data/reference/motifs/JASPAR2026_CORE_plants_non-redundant_pfms_meme.txt	MA1264.2	ERF095	RYGGCGGCGGHGG	3.12e-1	1.00e0	9.27e2	146	206	206	206	6	3	1.46	1	0.49
764	data/reference/motifs/JASPAR2026_CORE_plants_non-redundant_pfms_meme.txt	MA1262.2	ERF2	CCDCCGCCGCCRY	2.15e-1	1.00e0	9.27e2	189	206	206	206	1	99	48.06	90	43.69
765	data/reference/motifs/JASPAR2026_CORE_plants_non-redundant_pfms_meme.txt	MA1260.2	ERF013	TGTCGGTGG	5.00e-1	1.00e0	9.27e2	207	206	206	206	6	3	1.46	2	0.97
766	data/reference/motifs/JASPAR2026_CORE_plants_non-redundant_pfms_meme.txt	MA1259.2	ERF023	TGTCGGTGR	4.61e-1	1.00e0	9.27e2	184	206	206	206	1	93	45.15	91	44.17
767	data/reference/motifs/JASPAR2026_CORE_plants_non-redundant_pfms_meme.txt	MA1257.2	ERF9	GGCGGHKRYGGCGGCGGMG	3.12e-1	1.00e0	9.27e2	119	206	206	206	10	3	1.46	1	0.49
768	data/reference/motifs/JASPAR2026_CORE_plants_non-redundant_pfms_meme.txt	MA1253.2	ERF036	TGTCGGTG	2.49e-1	1.00e0	9.27e2	348	206	206	206	14	2	0.97	0	0.00
769	data/reference/motifs/JASPAR2026_CORE_plants_non-redundant_pfms_meme.txt	MA1252.2	ERF086	CCKCCGCCGY	2.42e-1	1.00e0	9.27e2	170	206	206	206	1	89	43.20	81	39.32
770	data/reference/motifs/JASPAR2026_CORE_plants_non-redundant_pfms_meme.txt	MA1251.2	RAP2-9	CACCGACAW	5.40e-1	1.00e0	9.27e2	156	206	206	206	1	78	37.86	78	37.86
771	data/reference/motifs/JASPAR2026_CORE_plants_non-redundant_pfms_meme.txt	MA1250.2	DREB2D	CCDCCDCCACCGCC	3.84e-1	1.00e0	9.27e2	232	206	206	206	4	28	13.59	25	12.14
772	data/reference/motifs/JASPAR2026_CORE_plants_non-redundant_pfms_meme.txt	MA1247.2	ERF087	GRCGGCGGMG	5.00e-1	1.00e0	9.27e2	158	206	206	206	8	3	1.46	2	0.97
773	data/reference/motifs/JASPAR2026_CORE_plants_non-redundant_pfms_meme.txt	MA1246.2	LEP	CKCCGCCGYC	3.60e-1	1.00e0	9.27e2	227	206	206	206	3	47	22.82	43	20.87
774	data/reference/motifs/JASPAR2026_CORE_plants_non-redundant_pfms_meme.txt	MA1245.3	ERF112	CCGCCGCCR	1.51e-1	1.00e0	9.27e2	312	206	206	206	1	161	78.16	151	73.30
775	data/reference/motifs/JASPAR2026_CORE_plants_non-redundant_pfms_meme.txt	MA1243.2	DREB2E	MACCGACWTW	2.49e-1	1.00e0	9.27e2	170	206	206	206	6	2	0.97	0	0.00
776	data/reference/motifs/JASPAR2026_CORE_plants_non-redundant_pfms_meme.txt	MA1240.2	ERF077	CCGCCGCCRY	2.75e-1	1.00e0	9.27e2	239	206	206	206	1	123	59.71	116	56.31
777	data/reference/motifs/JASPAR2026_CORE_plants_non-redundant_pfms_meme.txt	MA1239.2	ERF104	CCDCCDCCGCCGCCRY	3.12e-1	1.00e0	9.27e2	147	206	206	206	5	3	1.46	1	0.49
778	data/reference/motifs/JASPAR2026_CORE_plants_non-redundant_pfms_meme.txt	MA1238.3	ERF038	CACCGACA	1.39e-1	1.00e0	9.27e2	348	206	206	206	3	108	52.43	96	46.60
779	data/reference/motifs/JASPAR2026_CORE_plants_non-redundant_pfms_meme.txt	MA1233.3	ERF021	CGCCGACA	2.09e-1	1.00e0	9.27e2	395	206	206	206	7	53	25.73	45	21.84
780	data/reference/motifs/JASPAR2026_CORE_plants_non-redundant_pfms_meme.txt	MA1229.2	ERF034	TGTCGGTGR	2.77e-1	1.00e0	9.27e2	193	206	206	206	1	100	48.54	93	45.15
781	data/reference/motifs/JASPAR2026_CORE_plants_non-redundant_pfms_meme.txt	MA1228.2	ERF091	RYGGCGGCGGHGG	4.57e-1	1.00e0	9.27e2	118	206	206	206	1	60	29.13	58	28.16
782	data/reference/motifs/JASPAR2026_CORE_plants_non-redundant_pfms_meme.txt	MA1227.3	ERF027	RCCGACA	1.76e-1	1.00e0	9.27e2	397	206	206	206	8	38	18.45	30	14.56
783	data/reference/motifs/JASPAR2026_CORE_plants_non-redundant_pfms_meme.txt	MA1226.2	DREB2G	GGHGGAGGCGGTGG	2.42e-1	1.00e0	9.27e2	240	206	206	206	1	124	60.19	116	56.31
784	data/reference/motifs/JASPAR2026_CORE_plants_non-redundant_pfms_meme.txt	MA1220.2	TINY	YCACCGACA	1.88e-1	1.00e0	9.27e2	202	206	206	206	1	106	51.46	96	46.60
785	data/reference/motifs/JASPAR2026_CORE_plants_non-redundant_pfms_meme.txt	MA1218.2	DREB1D	ATGTCGGY	3.68e-1	1.00e0	9.27e2	187	206	206	206	3	21	10.19	18	8.74
786	data/reference/motifs/JASPAR2026_CORE_plants_non-redundant_pfms_meme.txt	MA1005.3	ERF082	CCGCCGCCR	3.84e-1	1.00e0	9.27e2	303	206	206	206	2	100	48.54	96	46.60
787	data/reference/motifs/JASPAR2026_CORE_plants_non-redundant_pfms_meme.txt	MA1004.2	ERF13	SGCCGCC	2.15e-1	1.00e0	9.27e2	308	206	206	206	2	112	54.37	103	50.00
788	data/reference/motifs/JASPAR2026_CORE_plants_non-redundant_pfms_meme.txt	MA1001.4	ERF076	CCGCCGCCRC	3.10e-1	1.00e0	9.27e2	287	206	206	206	2	94	45.63	88	42.72
789	data/reference/motifs/JASPAR2026_CORE_plants_non-redundant_pfms_meme.txt	MA1000.3	ERF105	RYGGCGGCGG	3.89e-1	1.00e0	9.27e2	159	206	206	206	2	31	15.05	28	13.59
790	data/reference/motifs/JASPAR2026_CORE_plants_non-redundant_pfms_meme.txt	MA0997.2	ERF069	GCCG	1.08e-1	1.00e0	9.27e2	412	206	206	206	72	79	38.35	66	32.04
791	data/reference/motifs/JASPAR2026_CORE_plants_non-redundant_pfms_meme.txt	MA0995.3	ERF039	RCCGACA	4.10e-1	1.00e0	9.27e2	402	206	206	206	8	53	25.73	50	24.27
792	data/reference/motifs/JASPAR2026_CORE_plants_non-redundant_pfms_meme.txt	MA0993.2	ERF7	GCCG	9.53e-2	1.00e0	9.27e2	412	206	206	206	45	89	43.20	75	36.41
793	data/reference/motifs/JASPAR2026_CORE_plants_non-redundant_pfms_meme.txt	MA0980.3	RAP2-10	RCCGACA	2.35e-1	1.00e0	9.27e2	394	206	206	206	1	199	96.60	195	94.66
794	data/reference/motifs/JASPAR2026_CORE_plants_non-redundant_pfms_meme.txt	MA0976.3	CRF4	CCGCCGCCRC	5.00e-1	1.00e0	9.27e2	276	206	206	206	12	3	1.46	2	0.97
795	data/reference/motifs/JASPAR2026_CORE_plants_non-redundant_pfms_meme.txt	MA0971.2	DREB1A	ATGTCGGY	1.34e-1	1.00e0	9.27e2	377	206	206	206	7	35	16.99	26	12.62
796	data/reference/motifs/JASPAR2026_CORE_plants_non-redundant_pfms_meme.txt	MA1377.2	PLT1	KGCACGVWTHYCGAGR	5.51e-1	1.00e0	9.27e2	209	206	206	206	2	38	18.45	38	18.45
797	data/reference/motifs/JASPAR2026_CORE_plants_non-redundant_pfms_meme.txt	MA1751.2	EIL3	AGRTWCAT	1.96e-1	1.00e0	9.27e2	412	206	206	206	16	14	6.80	9	4.37
798	data/reference/motifs/JASPAR2026_CORE_plants_non-redundant_pfms_meme.txt	MA2455.1	SPL9D	AGCGGTASTACCGC	4.39e-1	1.00e0	9.27e2	99	206	206	206	2	25	12.14	23	11.17
799	data/reference/motifs/JASPAR2026_CORE_plants_non-redundant_pfms_meme.txt	MA2453.1	SPL8B	ATAGTACTC	1.51e-1	1.00e0	9.27e2	393	206	206	206	9	22	10.68	15	7.28
800	data/reference/motifs/JASPAR2026_CORE_plants_non-redundant_pfms_meme.txt	MA2452.1	SPL8A	ATAGTACTC	9.82e-2	1.00e0	9.27e2	401	206	206	206	4	165	80.10	153	74.27
801	data/reference/motifs/JASPAR2026_CORE_plants_non-redundant_pfms_meme.txt	MA2451.1	SPL7B	AGCGGTASTACCGCT	7.95e-1	1.00e0	9.27e2	25	206	206	206	1	11	5.34	14	6.80
802	data/reference/motifs/JASPAR2026_CORE_plants_non-redundant_pfms_meme.txt	MA2450.1	SPL7A	GTACTACCGCT	3.46e-1	1.00e0	9.27e2	330	206	206	206	2	112	54.37	107	51.94
803	data/reference/motifs/JASPAR2026_CORE_plants_non-redundant_pfms_meme.txt	MA2449.1	SPL6A	GCGGTAGTACC	4.00e-1	1.00e0	9.27e2	296	206	206	206	5	9	4.37	7	3.40
804	data/reference/motifs/JASPAR2026_CORE_plants_non-redundant_pfms_meme.txt	MA2444.1	SPL4A	GCGGTASTACCGC	3.65e-1	1.00e0	9.27e2	100	206	206	206	1	52	25.24	48	23.30
805	data/reference/motifs/JASPAR2026_CORE_plants_non-redundant_pfms_meme.txt	MA2443.1	SPL3D	GCGGTASTACCGC	5.00e-1	1.00e0	9.27e2	99	206	206	206	5	2	0.97	1	0.49
806	data/reference/motifs/JASPAR2026_CORE_plants_non-redundant_pfms_meme.txt	MA2442.1	SPL3B	AGCGGTASTACCGC	3.62e-1	1.00e0	9.27e2	80	206	206	206	3	5	2.43	3	1.46
807	data/reference/motifs/JASPAR2026_CORE_plants_non-redundant_pfms_meme.txt	MA2441.1	SPL3A	AGCGGTACTACC	2.46e-1	1.00e0	9.27e2	313	206	206	206	5	12	5.83	8	3.88
808	data/reference/motifs/JASPAR2026_CORE_plants_non-redundant_pfms_meme.txt	MA2440.1	SPL2B	GCGGTASTACCGC	5.95e-1	1.00e0	9.27e2	131	206	206	206	3	9	4.37	9	4.37
809	data/reference/motifs/JASPAR2026_CORE_plants_non-redundant_pfms_meme.txt	MA2438.1	SPL1D	GCRGTASTACCGCT	5.43e-1	1.00e0	9.27e2	122	206	206	206	1	61	29.61	61	29.61
810	data/reference/motifs/JASPAR2026_CORE_plants_non-redundant_pfms_meme.txt	MA2435.1	SPL16D	GCGGTASTACCGC	5.00e-1	1.00e0	9.27e2	151	206	206	206	2	37	17.96	36	17.48
811	data/reference/motifs/JASPAR2026_CORE_plants_non-redundant_pfms_meme.txt	MA2434.1	SPL16A	AGCGGTAGTAC	1.26e-1	1.00e0	9.27e2	336	206	206	206	6	13	6.31	7	3.40
812	data/reference/motifs/JASPAR2026_CORE_plants_non-redundant_pfms_meme.txt	MA2433.1	SPL15D	GCGGTACTAC	5.47e-1	1.00e0	9.27e2	373	206	206	206	5	45	21.84	45	21.84
813	data/reference/motifs/JASPAR2026_CORE_plants_non-redundant_pfms_meme.txt	MA2429.1	SPL13D	AGCGGTASTACCGCT	8.39e-1	1.00e0	9.27e2	22	206	206	206	2	7	3.40	10	4.85
814	data/reference/motifs/JASPAR2026_CORE_plants_non-redundant_pfms_meme.txt	MA2428.1	SPL13B	GCGGTASTACCGC	5.00e-1	1.00e0	9.27e2	71	206	206	206	3	5	2.43	4	1.94
815	data/reference/motifs/JASPAR2026_CORE_plants_non-redundant_pfms_meme.txt	MA2426.1	SPL11B	AGCGGTASTACCGCT	7.15e-1	1.00e0	9.27e2	35	206	206	206	2	14	6.80	16	7.77
816	data/reference/motifs/JASPAR2026_CORE_plants_non-redundant_pfms_meme.txt	MA2425.1	SPL11A	SCGGTACTACCG	1.72e-1	1.00e0	9.27e2	255	206	206	206	4	18	8.74	12	5.83
817	data/reference/motifs/JASPAR2026_CORE_plants_non-redundant_pfms_meme.txt	MA2424.1	OsbZIP77	TGCCACGTCABC	2.12e-1	1.00e0	9.27e2	171	206	206	206	1	90	43.69	81	39.32
818	data/reference/motifs/JASPAR2026_CORE_plants_non-redundant_pfms_meme.txt	MA2421.1	SBP8	ARGTACAA	2.60e-1	1.00e0	9.27e2	411	206	206	206	14	24	11.65	19	9.22
819	data/reference/motifs/JASPAR2026_CORE_plants_non-redundant_pfms_meme.txt	MA2420.1	SBP6	AAGTACAA	3.83e-1	1.00e0	9.27e2	412	206	206	206	17	27	13.11	24	11.65
820	data/reference/motifs/JASPAR2026_CORE_plants_non-redundant_pfms_meme.txt	MA2417.1	EREB71	CACCGVCYMC	6.00e-1	1.00e0	9.27e2	296	206	206	206	9	8	3.88	8	3.88
821	data/reference/motifs/JASPAR2026_CORE_plants_non-redundant_pfms_meme.txt	MA2416.1	EREB29	GCCGCCGCCC	2.15e-1	1.00e0	9.27e2	215	206	206	206	1	112	54.37	103	50.00
822	data/reference/motifs/JASPAR2026_CORE_plants_non-redundant_pfms_meme.txt	MA2414.1	EREB127	TGCCGACA	2.09e-1	1.00e0	9.27e2	342	206	206	206	4	53	25.73	45	21.84
823	data/reference/motifs/JASPAR2026_CORE_plants_non-redundant_pfms_meme.txt	MA2413.1	ZmbZIP96	GASACGTGKCA	3.72e-1	1.00e0	9.27e2	294	206	206	206	1	149	72.33	145	70.39
824	data/reference/motifs/JASPAR2026_CORE_plants_non-redundant_pfms_meme.txt	MA2412.1	ZmbZIP72	GATGACATCA	3.43e-1	1.00e0	9.27e2	404	206	206	206	7	82	39.81	77	37.38
825	data/reference/motifs/JASPAR2026_CORE_plants_non-redundant_pfms_meme.txt	MA2411.1	ZmbZIP57	ATGATGTCAT	4.57e-1	1.00e0	9.27e2	410	206	206	206	9	61	29.61	59	28.64
826	data/reference/motifs/JASPAR2026_CORE_plants_non-redundant_pfms_meme.txt	MA2410.1	ZmbZIP54	TGACGTCA	1.07e-1	1.00e0	9.27e2	399	206	206	206	16	28	13.59	19	9.22
827	data/reference/motifs/JASPAR2026_CORE_plants_non-redundant_pfms_meme.txt	MA2409.1	ZmbZIP25	GATGACATCA	3.43e-1	1.00e0	9.27e2	406	206	206	206	1	204	99.03	202	98.06
828	data/reference/motifs/JASPAR2026_CORE_plants_non-redundant_pfms_meme.txt	MA2408.1	BAD1	CCGGGCCCCSVC	2.67e-1	1.00e0	9.27e2	141	206	206	206	1	74	35.92	67	32.52
829	data/reference/motifs/JASPAR2026_CORE_plants_non-redundant_pfms_meme.txt	MA2407.1	PK24978.1	CACGTGT	4.00e-1	1.00e0	9.27e2	412	206	206	206	52	9	4.37	7	3.40
830	data/reference/motifs/JASPAR2026_CORE_plants_non-redundant_pfms_meme.txt	MA2404.1	OsTRBF3	WRMCCTA	2.38e-1	1.00e0	9.27e2	412	206	206	206	33	49	23.79	42	20.39
831	data/reference/motifs/JASPAR2026_CORE_plants_non-redundant_pfms_meme.txt	MA2401.1	Os05g0437700	MCACGTGK	5.80e-1	1.00e0	9.27e2	247	206	206	206	2	123	59.71	124	60.19
832	data/reference/motifs/JASPAR2026_CORE_plants_non-redundant_pfms_meme.txt	MA2400.1	LjTCP20	GGGACCAY	3.73e-1	1.00e0	9.27e2	290	206	206	206	1	147	71.36	143	69.42
833	data/reference/motifs/JASPAR2026_CORE_plants_non-redundant_pfms_meme.txt	MA2399.1	LjSGA_053525.1	GGGCCCAC	2.04e-1	1.00e0	9.27e2	272	206	206	206	3	50	24.27	42	20.39
834	data/reference/motifs/JASPAR2026_CORE_plants_non-redundant_pfms_meme.txt	MA2398.1	AS2	CGGCGGMRRHDRCGGCGG	3.33e-1	1.00e0	9.27e2	123	206	206	206	1	64	31.07	59	28.64
835	data/reference/motifs/JASPAR2026_CORE_plants_non-redundant_pfms_meme.txt	MA2397.1	ILR3	CACGTG	1.76e-1	1.00e0	9.27e2	412	206	206	206	38	77	37.38	67	32.52
836	data/reference/motifs/JASPAR2026_CORE_plants_non-redundant_pfms_meme.txt	MA2396.1	IDD1	TTTTGTCGTTTT	2.51e-1	1.00e0	9.27e2	326	206	206	206	5	6	2.91	3	1.46
837	data/reference/motifs/JASPAR2026_CORE_plants_non-redundant_pfms_meme.txt	MA2395.1	PHYPA_011264	CACCGACM	5.58e-1	1.00e0	9.27e2	259	206	206	206	3	27	13.11	27	13.11
838	data/reference/motifs/JASPAR2026_CORE_plants_non-redundant_pfms_meme.txt	MA2389.1	GBF1	ACGTGKM	2.78e-1	1.00e0	9.27e2	412	206	206	206	17	182	88.35	177	85.92
839	data/reference/motifs/JASPAR2026_CORE_plants_non-redundant_pfms_meme.txt	MA2388.1	GATA1	AGATCTRRWT	2.49e-1	1.00e0	9.27e2	383	206	206	206	20	2	0.97	0	0.00
840	data/reference/motifs/JASPAR2026_CORE_plants_non-redundant_pfms_meme.txt	MA2383.1	e_gw1.392.16.1	CTTTW	8.74e-2	1.00e0	9.27e2	412	206	206	206	146	204	99.03	199	96.60
841	data/reference/motifs/JASPAR2026_CORE_plants_non-redundant_pfms_meme.txt	MA2380.1	DOF4.7	TWACTTTTT	1.80e-1	1.00e0	9.27e2	412	206	206	206	14	133	64.56	123	59.71
842	data/reference/motifs/JASPAR2026_CORE_plants_non-redundant_pfms_meme.txt	MA2378.1	CRF3	GCCG	1.10e-1	1.00e0	9.27e2	412	206	206	206	18	203	98.54	198	96.12
843	data/reference/motifs/JASPAR2026_CORE_plants_non-redundant_pfms_meme.txt	MA2374.1	AHL13	ATATAATT	1.44e-1	1.00e0	9.27e2	412	206	206	206	74	192	93.20	185	89.81
844	data/reference/motifs/JASPAR2026_CORE_plants_non-redundant_pfms_meme.txt	MA2373.1	AZF2	ASTG	1.01e-1	1.00e0	9.27e2	412	206	206	206	147	201	97.57	195	94.66
845	data/reference/motifs/JASPAR2026_CORE_plants_non-redundant_pfms_meme.txt	MA2372.1	AZF1	WCACTVWCW	2.72e-1	1.00e0	9.27e2	412	206	206	206	6	202	98.06	199	96.60
846	data/reference/motifs/JASPAR2026_CORE_plants_non-redundant_pfms_meme.txt	MA2370.1	MBD2	AGCTD	2.70e-1	1.00e0	9.27e2	412	206	206	206	74	134	65.05	127	61.65
847	data/reference/motifs/JASPAR2026_CORE_plants_non-redundant_pfms_meme.txt	MA2368.1	WRKY51	RGTCAA	2.40e-1	1.00e0	9.27e2	412	206	206	206	63	191	92.72	186	90.29
848	data/reference/motifs/JASPAR2026_CORE_plants_non-redundant_pfms_meme.txt	MA2367.1	WIP5	ACCTGGAGAAMAW	3.08e-1	1.00e0	9.27e2	410	206	206	206	10	87	42.23	81	39.32
849	data/reference/motifs/JASPAR2026_CORE_plants_non-redundant_pfms_meme.txt	MA2366.1	VOZ2	GCGT	8.72e-2	1.00e0	9.27e2	412	206	206	206	66	47	22.82	35	16.99
850	data/reference/motifs/JASPAR2026_CORE_plants_non-redundant_pfms_meme.txt	MA2365.1	VIT_17s0000g10420	GTTAACYV	2.27e-1	1.00e0	9.27e2	396	206	206	206	5	67	32.52	59	28.64
851	data/reference/motifs/JASPAR2026_CORE_plants_non-redundant_pfms_meme.txt	MA2362.1	TEIL	AGRTWCAT	9.38e-2	1.00e0	9.27e2	412	206	206	206	28	86	41.75	72	34.95
852	data/reference/motifs/JASPAR2026_CORE_plants_non-redundant_pfms_meme.txt	MA2350.1	OsFBH1	CCACTTG	5.00e-1	1.00e0	9.27e2	143	206	206	206	4	2	0.97	1	0.49
853	data/reference/motifs/JASPAR2026_CORE_plants_non-redundant_pfms_meme.txt	MA2349.1	OsCCA1	AATATCT	1.82e-1	1.00e0	9.27e2	412	206	206	206	54	86	41.75	76	36.89
854	data/reference/motifs/JASPAR2026_CORE_plants_non-redundant_pfms_meme.txt	MA2342.1	URI	CACGTG	1.43e-1	1.00e0	9.27e2	405	206	206	206	20	38	18.45	29	14.08
855	data/reference/motifs/JASPAR2026_CORE_plants_non-redundant_pfms_meme.txt	MA2106.1	Zm00001d024644	CCTTATCC	1.69e-1	1.00e0	9.27e2	412	206	206	206	5	203	98.54	199	96.60
856	data/reference/motifs/JASPAR2026_CORE_plants_non-redundant_pfms_meme.txt	MA2104.1	IDD11	AAAACGACAAAA	1.24e-1	1.00e0	9.27e2	379	206	206	206	9	3	1.46	0	0.00
857	data/reference/motifs/JASPAR2026_CORE_plants_non-redundant_pfms_meme.txt	MA2103.1	AT4G09450	TTATCY	1.17e-1	1.00e0	9.27e2	412	206	206	206	63	51	24.76	40	19.42
858	data/reference/motifs/JASPAR2026_CORE_plants_non-redundant_pfms_meme.txt	MA1800.1	TEM1	GCAACATA	5.00e-1	1.00e0	9.27e2	410	206	206	206	13	3	1.46	2	0.97
859	data/reference/motifs/JASPAR2026_CORE_plants_non-redundant_pfms_meme.txt	MA1797.1	RAV2	GCAACATA	3.12e-1	1.00e0	9.27e2	333	206	206	206	7	3	1.46	1	0.49
860	data/reference/motifs/JASPAR2026_CORE_plants_non-redundant_pfms_meme.txt	MA1791.1	NAC087	TTDCTTGTNNNACACGYWA	3.86e-1	1.00e0	9.27e2	116	206	206	206	3	7	3.40	5	2.43
861	data/reference/motifs/JASPAR2026_CORE_plants_non-redundant_pfms_meme.txt	MA1760.1	HSFA6A	GAAGNTTCTAGAA	4.50e-1	1.00e0	9.27e2	78	206	206	206	1	40	19.42	38	18.45
862	data/reference/motifs/JASPAR2026_CORE_plants_non-redundant_pfms_meme.txt	MA1741.1	BRN2	CTTGWWHYDYACGYWA	1.12e-1	1.00e0	9.27e2	327	206	206	206	1	169	82.04	158	76.70
863	data/reference/motifs/JASPAR2026_CORE_plants_non-redundant_pfms_meme.txt	MA1686.1	ARF13	ARCGGGGGACAYGT	6.88e-1	1.00e0	9.27e2	137	206	206	206	4	2	0.97	2	0.97
864	data/reference/motifs/JASPAR2026_CORE_plants_non-redundant_pfms_meme.txt	MA2091.1	PK27109.1	GACAGCTG	2.91e-1	1.00e0	9.27e2	394	206	206	206	12	18	8.74	14	6.80
865	data/reference/motifs/JASPAR2026_CORE_plants_non-redundant_pfms_meme.txt	MA2090.1	PK26523.1	ATTCY	1.46e-1	1.00e0	9.27e2	412	206	206	206	59	201	97.57	196	95.15
866	data/reference/motifs/JASPAR2026_CORE_plants_non-redundant_pfms_meme.txt	MA2089.1	PK25870.1	RGTCAAM	1.89e-1	1.00e0	9.27e2	412	206	206	206	18	43	20.87	35	16.99
867	data/reference/motifs/JASPAR2026_CORE_plants_non-redundant_pfms_meme.txt	MA2088.1	PK24580.1	GCCGGCA	3.69e-1	1.00e0	9.27e2	110	206	206	206	1	57	27.67	53	25.73
868	data/reference/motifs/JASPAR2026_CORE_plants_non-redundant_pfms_meme.txt	MA2087.1	PK24205.1	CACGTGKC	3.12e-1	1.00e0	9.27e2	199	206	206	206	5	3	1.46	1	0.49
869	data/reference/motifs/JASPAR2026_CORE_plants_non-redundant_pfms_meme.txt	MA2086.1	PK23964.1	KCCACGT	2.87e-1	1.00e0	9.27e2	412	206	206	206	8	201	97.57	198	96.12
870	data/reference/motifs/JASPAR2026_CORE_plants_non-redundant_pfms_meme.txt	MA2083.1	PK21166.1	YACCTACY	1.72e-1	1.00e0	9.27e2	412	206	206	206	23	18	8.74	12	5.83
871	data/reference/motifs/JASPAR2026_CORE_plants_non-redundant_pfms_meme.txt	MA2082.1	PK20392.1	AATMAT	1.11e-1	1.00e0	9.27e2	412	206	206	206	74	192	93.20	184	89.32
872	data/reference/motifs/JASPAR2026_CORE_plants_non-redundant_pfms_meme.txt	MA2080.1	PK20225.1	CACGTG	2.08e-1	1.00e0	9.27e2	412	206	206	206	47	9	4.37	5	2.43
873	data/reference/motifs/JASPAR2026_CORE_plants_non-redundant_pfms_meme.txt	MA2075.1	PK18009.1	ACACGTG	2.43e-1	1.00e0	9.27e2	412	206	206	206	17	52	25.24	45	21.84
874	data/reference/motifs/JASPAR2026_CORE_plants_non-redundant_pfms_meme.txt	MA2072.1	PK16335.1	GACAGCTG	2.25e-1	1.00e0	9.27e2	408	206	206	206	18	5	2.43	2	0.97
875	data/reference/motifs/JASPAR2026_CORE_plants_non-redundant_pfms_meme.txt	MA2068.1	PK10344.1	GGGACCAC	7.36e-1	1.00e0	9.27e2	140	206	206	206	2	21	10.19	24	11.65
876	data/reference/motifs/JASPAR2026_CORE_plants_non-redundant_pfms_meme.txt	MA2066.1	PK09021.1	TGACGTCA	7.51e-1	1.00e0	9.27e2	108	206	206	206	3	1	0.49	1	0.49
877	data/reference/motifs/JASPAR2026_CORE_plants_non-redundant_pfms_meme.txt	MA2065.1	PK08602.1	CCACCGCC	7.75e-1	1.00e0	9.27e2	59	206	206	206	2	3	1.46	4	1.94
878	data/reference/motifs/JASPAR2026_CORE_plants_non-redundant_pfms_meme.txt	MA2057.1	PK01630.1	GCACGTG	9.90e-2	1.00e0	9.27e2	411	206	206	206	11	100	48.54	86	41.75
879	data/reference/motifs/JASPAR2026_CORE_plants_non-redundant_pfms_meme.txt	MA2055.1	PK00315.1	GACAGCTR	2.49e-1	1.00e0	9.27e2	412	206	206	206	2	206	100.00	204	99.03
880	data/reference/motifs/JASPAR2026_CORE_plants_non-redundant_pfms_meme.txt	MA1380.1	TCX6	WTTTAAATTTTTWAA	5.00e-1	1.00e0	9.27e2	410	206	206	206	6	133	64.56	132	64.08
881	data/reference/motifs/JASPAR2026_CORE_plants_non-redundant_pfms_meme.txt	MA1379.1	SOL1	WTTWAAAATTTAAAW	3.83e-1	1.00e0	9.27e2	407	206	206	206	3	182	88.35	179	86.89
882	data/reference/motifs/JASPAR2026_CORE_plants_non-redundant_pfms_meme.txt	MA1373.1	GAF1	HABWAAACGACAAAA	2.21e-1	1.00e0	9.27e2	319	206	206	206	4	27	13.11	21	10.19
883	data/reference/motifs/JASPAR2026_CORE_plants_non-redundant_pfms_meme.txt	MA1350.1	BZIP42	TGCTGACGTGGC	7.28e-1	1.00e0	9.27e2	49	206	206	206	1	23	11.17	26	12.62
884	data/reference/motifs/JASPAR2026_CORE_plants_non-redundant_pfms_meme.txt	MA1339.1	BZIP43	GCCACGTCAGCA	6.57e-1	1.00e0	9.27e2	79	206	206	206	2	3	1.46	3	1.46
885	data/reference/motifs/JASPAR2026_CORE_plants_non-redundant_pfms_meme.txt	MA1335.1	TGA4	TGACGTCAKCA	1.24e-1	1.00e0	9.27e2	329	206	206	206	5	18	8.74	11	5.34
886	data/reference/motifs/JASPAR2026_CORE_plants_non-redundant_pfms_meme.txt	MA1328.1	ZHD9	WTWAWHNVYTAATYA	1.08e-1	1.00e0	9.27e2	412	206	206	206	5	197	95.63	190	92.23
887	data/reference/motifs/JASPAR2026_CORE_plants_non-redundant_pfms_meme.txt	MA1309.1	WRKY3	AAAAGTCAACG	2.35e-1	1.00e0	9.27e2	347	206	206	206	6	11	5.34	7	3.40
888	data/reference/motifs/JASPAR2026_CORE_plants_non-redundant_pfms_meme.txt	MA1290.1	TCP17	GTGGTCCCCAC	4.27e-1	1.00e0	9.27e2	214	206	206	206	3	17	8.25	15	7.28
889	data/reference/motifs/JASPAR2026_CORE_plants_non-redundant_pfms_meme.txt	MA1242.1	DREB2F	CCDCCACCGCC	3.78e-1	1.00e0	9.27e2	203	206	206	206	3	25	12.14	22	10.68
890	data/reference/motifs/JASPAR2026_CORE_plants_non-redundant_pfms_meme.txt	MA1235.1	AIL7	CGNWTYYCGAG	6.20e-1	1.00e0	9.27e2	404	206	206	206	7	75	36.41	77	37.38
891	data/reference/motifs/JASPAR2026_CORE_plants_non-redundant_pfms_meme.txt	MA1225.1	ERF5	CCDCCGCCGCCGCCR	3.71e-1	1.00e0	9.27e2	147	206	206	206	3	22	10.68	19	9.22
892	data/reference/motifs/JASPAR2026_CORE_plants_non-redundant_pfms_meme.txt	MA1221.1	RAP2-6	TKGCGGCGGMGGHGG	3.76e-1	1.00e0	9.27e2	134	206	206	206	1	69	33.50	65	31.55
893	data/reference/motifs/JASPAR2026_CORE_plants_non-redundant_pfms_meme.txt	MA1162.1	TCX2	WTTYAAAATTYAAAW	3.45e-1	1.00e0	9.27e2	402	206	206	206	7	90	43.69	85	41.26
894	data/reference/motifs/JASPAR2026_CORE_plants_non-redundant_pfms_meme.txt	MA1161.1	TSO1	WWTTWAAAATTTAAA	1.24e-1	1.00e0	9.27e2	410	206	206	206	25	3	1.46	0	0.00
895	data/reference/motifs/JASPAR2026_CORE_plants_non-redundant_pfms_meme.txt	MA1098.1	ARALYDRAFT_484486	GGSCCCAC	1.40e-1	1.00e0	9.27e2	283	206	206	206	3	49	23.79	39	18.93
896	data/reference/motifs/JASPAR2026_CORE_plants_non-redundant_pfms_meme.txt	MA1097.1	ARALYDRAFT_493022	GGSMCCAC	2.04e-1	1.00e0	9.27e2	269	206	206	206	1	139	67.48	130	63.11
897	data/reference/motifs/JASPAR2026_CORE_plants_non-redundant_pfms_meme.txt	MA1096.1	ARALYDRAFT_496250	GGGACCAC	2.99e-1	1.00e0	9.27e2	132	206	206	206	1	69	33.50	63	30.58
898	data/reference/motifs/JASPAR2026_CORE_plants_non-redundant_pfms_meme.txt	MA1095.1	ARALYDRAFT_495258	GGSCCCAC	1.40e-1	1.00e0	9.27e2	283	206	206	206	3	49	23.79	39	18.93
899	data/reference/motifs/JASPAR2026_CORE_plants_non-redundant_pfms_meme.txt	MA1091.1	WRKY62	TGGTCAAC	4.16e-1	1.00e0	9.27e2	381	206	206	206	4	66	32.04	63	30.58
900	data/reference/motifs/JASPAR2026_CORE_plants_non-redundant_pfms_meme.txt	MA1084.1	WRKY38	CGTTGACC	5.00e-1	1.00e0	9.27e2	412	206	206	206	18	11	5.34	10	4.85
901	data/reference/motifs/JASPAR2026_CORE_plants_non-redundant_pfms_meme.txt	MA1080.1	WRKY23	AGTCAACG	4.05e-1	1.00e0	9.27e2	364	206	206	206	6	10	4.85	8	3.88
902	data/reference/motifs/JASPAR2026_CORE_plants_non-redundant_pfms_meme.txt	MA1075.1	WRKY12	CGTTGACC	5.00e-1	1.00e0	9.27e2	412	206	206	206	21	3	1.46	2	0.97
903	data/reference/motifs/JASPAR2026_CORE_plants_non-redundant_pfms_meme.txt	MA1067.1	TCP5	GGGACCAC	2.34e-1	1.00e0	9.27e2	225	206	206	206	3	19	9.22	14	6.80
904	data/reference/motifs/JASPAR2026_CORE_plants_non-redundant_pfms_meme.txt	MA1066.1	TCP23	GGGCCCAC	2.43e-1	1.00e0	9.27e2	325	206	206	206	2	122	59.22	114	55.34
905	data/reference/motifs/JASPAR2026_CORE_plants_non-redundant_pfms_meme.txt	MA1050.1	OsI_08196	GGGCCCAC	1.41e-1	1.00e0	9.27e2	352	206	206	206	6	28	13.59	20	9.71
906	data/reference/motifs/JASPAR2026_CORE_plants_non-redundant_pfms_meme.txt	MA1046.1	NTL9	TTAAGTAAT	5.00e-1	1.00e0	9.27e2	348	206	206	206	2	127	61.65	126	61.17
907	data/reference/motifs/JASPAR2026_CORE_plants_non-redundant_pfms_meme.txt	MA1035.1	TCP4	GGGACCAC	3.82e-1	1.00e0	9.27e2	244	206	206	206	1	124	60.19	120	58.25
908	data/reference/motifs/JASPAR2026_CORE_plants_non-redundant_pfms_meme.txt	MA1034.1	Os05g0497200	CGSCGCCR	5.00e-1	1.00e0	9.27e2	112	206	206	206	6	2	0.97	1	0.49
909	data/reference/motifs/JASPAR2026_CORE_plants_non-redundant_pfms_meme.txt	MA1033.1	OJ1058_F05.8	MCACGTGK	5.80e-1	1.00e0	9.27e2	247	206	206	206	2	123	59.71	124	60.19
910	data/reference/motifs/JASPAR2026_CORE_plants_non-redundant_pfms_meme.txt	MA1028.1	KAN4	GAATATTC	1.24e-1	1.00e0	9.27e2	398	206	206	206	10	73	35.44	61	29.61
911	data/reference/motifs/JASPAR2026_CORE_plants_non-redundant_pfms_meme.txt	MA1009.1	ARF3	TGTCGGAA	2.08e-1	1.00e0	9.27e2	398	206	206	206	1	201	97.57	197	95.63
912	data/reference/motifs/JASPAR2026_CORE_plants_non-redundant_pfms_meme.txt	MA0978.1	DREB1E	ATGTCGGC	2.49e-1	1.00e0	9.27e2	306	206	206	206	9	2	0.97	0	0.00
913	data/reference/motifs/JASPAR2026_CORE_plants_non-redundant_pfms_meme.txt	MA0977.1	DOF2.5	AWAAAGTG	1.10e-1	1.00e0	9.27e2	412	206	206	206	19	170	82.52	159	77.18
914	data/reference/motifs/JASPAR2026_CORE_plants_non-redundant_pfms_meme.txt	MA0967.1	BZIP60	TGACGTCA	1.26e-1	1.00e0	9.27e2	410	206	206	206	6	199	96.60	193	93.69
915	data/reference/motifs/JASPAR2026_CORE_plants_non-redundant_pfms_meme.txt	MA0957.1	BHLH3	GCACGTGC	1.28e-1	1.00e0	9.27e2	375	206	206	206	4	160	77.67	149	72.33
916	data/reference/motifs/JASPAR2026_CORE_plants_non-redundant_pfms_meme.txt	MA0952.1	ATHB-51	AATWATTG	1.24e-1	1.00e0	9.27e2	412	206	206	206	45	3	1.46	0	0.00
917	data/reference/motifs/JASPAR2026_CORE_plants_non-redundant_pfms_meme.txt	MA0951.1	ATHB-16	TAATMATT	2.05e-1	1.00e0	9.27e2	412	206	206	206	5	196	95.15	191	92.72
918	data/reference/motifs/JASPAR2026_CORE_plants_non-redundant_pfms_meme.txt	MA0939.1	NAC079	ACACGCAA	1.33e-1	1.00e0	9.27e2	337	206	206	206	3	85	41.26	73	35.44
919	data/reference/motifs/JASPAR2026_CORE_plants_non-redundant_pfms_meme.txt	MA0934.1	AHL25	AWTTAAWT	1.12e-1	1.00e0	9.27e2	412	206	206	206	74	186	90.29	177	85.92
920	data/reference/motifs/JASPAR2026_CORE_plants_non-redundant_pfms_meme.txt	MA0933.1	AHL20	AATTAAWT	1.15e-1	1.00e0	9.27e2	412	206	206	206	150	65	31.55	53	25.73
921	data/reference/motifs/JASPAR2026_CORE_plants_non-redundant_pfms_meme.txt	MA0590.1	LFY	YATTRACCGSCGGTYAATR	5.00e-1	1.00e0	9.27e2	55	206	206	206	6	1	0.49	0	0.00
922	data/reference/motifs/JASPAR2026_CORE_plants_non-redundant_pfms_meme.txt	MA0580.1	DYT1	MGTGAGWCACGTGA	7.16e-1	1.00e0	9.27e2	102	206	206	206	1	49	23.79	53	25.73
923	data/reference/motifs/JASPAR2026_CORE_plants_non-redundant_pfms_meme.txt	MA0129.1	TGA1A	HACGTCA	1.15e-1	1.00e0	9.27e2	412	206	206	206	15	127	61.65	114	55.34
924	data/reference/motifs/JASPAR2026_CORE_plants_non-redundant_pfms_meme.txt	MA0128.1	EmBP-1	ASACGTGG	2.87e-1	1.00e0	9.27e2	379	206	206	206	6	32	15.53	27	13.11
925	data/reference/motifs/JASPAR2026_CORE_plants_non-redundant_pfms_meme.txt	MA0123.1	abi4	CGSYGCCCCC	2.09e-1	1.00e0	9.27e2	347	206	206	206	1	177	85.92	170	82.52
926	data/reference/motifs/JASPAR2026_CORE_plants_non-redundant_pfms_meme.txt	MA0096.1	bZIP910	MTGACGT	3.83e-1	1.00e0	9.27e2	176	206	206	206	1	90	43.69	86	41.75
927	data/reference/motifs/JASPAR2026_CORE_plants_non-redundant_pfms_meme.txt	MA0021.1	Dof3	AAAGYV	1.13e-1	1.00e0	9.27e2	412	206	206	206	16	38	18.45	28	13.59

# AME (Analysis of Motif Enrichment): Version 5.5.9 compiled on May 27 2026 at 12:40:54
# The format of this file is described at https://meme-suite.org/meme/doc/ame-output-format.html.
# ame --verbose 1 --text --control results/evidence/motifs/inputs/backgrounds/2000/replicate_064.fa --method fisher --scoring totalhits --hit-lo-fraction 0.25 --evalue-report-threshold 1000000 --noseq results/evidence/motifs/inputs/frozen_candidates_2000bp.fa data/reference/motifs/JASPAR2026_CORE_plants_non-redundant_pfms_meme.txt
