2	data/reference/motifs/JASPAR2026_CORE_plants_non-redundant_pfms_meme.txt	MA0555.2	SVP	WWWCCAAAAAWGGAAA	6.01e-4	2.05e-1	1.90e2	381	206	206	206	4	97	47.09	64	31.07
3	data/reference/motifs/JASPAR2026_CORE_plants_non-redundant_pfms_meme.txt	MA2028.2	MYB49	TTACCTAACTW	9.60e-4	3.25e-1	3.01e2	409	206	206	206	8	88	42.72	57	27.67
4	data/reference/motifs/JASPAR2026_CORE_plants_non-redundant_pfms_meme.txt	MA1174.2	MYB56	ATAACGGWHW	9.74e-4	3.29e-1	3.05e2	409	206	206	206	7	103	50.00	71	34.47
5	data/reference/motifs/JASPAR2026_CORE_plants_non-redundant_pfms_meme.txt	MA1181.2	MYB113	AKTYMGTTAT	9.80e-4	3.32e-1	3.08e2	412	206	206	206	10	79	38.35	49	23.79
6	data/reference/motifs/JASPAR2026_CORE_plants_non-redundant_pfms_meme.txt	MA2501.1	G1	TTACTGTA	1.32e-3	4.19e-1	3.88e2	412	206	206	206	10	193	93.69	173	83.98
7	data/reference/motifs/JASPAR2026_CORE_plants_non-redundant_pfms_meme.txt	MA1767.2	MYB23	CAACWA	2.86e-3	6.92e-1	6.42e2	412	206	206	206	10	120	58.25	91	44.17
8	data/reference/motifs/JASPAR2026_CORE_plants_non-redundant_pfms_meme.txt	MA1771.2	MYB41	TYACCTAMYT	2.93e-3	6.96e-1	6.45e2	407	206	206	206	13	17	8.25	4	1.94
9	data/reference/motifs/JASPAR2026_CORE_plants_non-redundant_pfms_meme.txt	MA1169.1	MYB105	WTHDWWACCGTTA	3.81e-3	7.04e-1	6.53e2	320	206	206	206	4	36	17.48	17	8.25
10	data/reference/motifs/JASPAR2026_CORE_plants_non-redundant_pfms_meme.txt	MA1184.2	RVE1	WAAATATCT	3.13e-3	7.19e-1	6.66e2	405	206	206	206	6	94	45.63	66	32.04
11	data/reference/motifs/JASPAR2026_CORE_plants_non-redundant_pfms_meme.txt	MA1170.2	MYB118	RWCCGTTACRWW	5.88e-3	7.67e-1	7.11e2	248	206	206	206	1	137	66.50	111	53.88
12	data/reference/motifs/JASPAR2026_CORE_plants_non-redundant_pfms_meme.txt	MA1183.2	RVE6	AGATATTTT	3.90e-3	7.83e-1	7.26e2	392	206	206	206	7	29	14.08	12	5.83
13	data/reference/motifs/JASPAR2026_CORE_plants_non-redundant_pfms_meme.txt	MA2736.1	la3	AACACGTG	3.90e-3	7.83e-1	7.26e2	392	206	206	206	2	194	94.17	177	85.92
14	data/reference/motifs/JASPAR2026_CORE_plants_non-redundant_pfms_meme.txt	MA1766.2	MYB17	YYCACCTACCW	4.00e-3	7.97e-1	7.39e2	399	206	206	206	7	45	21.84	24	11.65
15	data/reference/motifs/JASPAR2026_CORE_plants_non-redundant_pfms_meme.txt	MA0975.1	CRF2	SCGCCGCC	8.96e-3	8.38e-1	7.77e2	203	206	206	206	1	114	55.34	89	43.20
16	data/reference/motifs/JASPAR2026_CORE_plants_non-redundant_pfms_meme.txt	MA1803.2	VIP1	TGMCAGCTGT	7.27e-3	8.45e-1	7.84e2	257	206	206	206	1	141	68.45	116	56.31
17	data/reference/motifs/JASPAR2026_CORE_plants_non-redundant_pfms_meme.txt	MA1040.1	MYB46	GKTAGGTR	4.87e-3	8.65e-1	8.02e2	411	206	206	206	12	38	18.45	19	9.22
18	data/reference/motifs/JASPAR2026_CORE_plants_non-redundant_pfms_meme.txt	MA0054.1	myb.Ph3	TAACBGTTW	5.11e-3	8.78e-1	8.14e2	412	206	206	206	30	111	53.88	84	40.78
19	data/reference/motifs/JASPAR2026_CORE_plants_non-redundant_pfms_meme.txt	MA1682.2	TCX3	AAATTCAAATWT	5.13e-3	8.79e-1	8.15e2	412	206	206	206	11	121	58.74	94	45.63
20	data/reference/motifs/JASPAR2026_CORE_plants_non-redundant_pfms_meme.txt	MA2024.2	MYB63	YCACCTACCAC	5.56e-3	8.89e-1	8.24e2	396	206	206	206	8	35	16.99	17	8.25
21	data/reference/motifs/JASPAR2026_CORE_plants_non-redundant_pfms_meme.txt	MA0001.3	AGL3	CCAWWWATAG	5.51e-3	8.97e-1	8.31e2	412	206	206	206	6	203	98.54	192	93.20
22	data/reference/motifs/JASPAR2026_CORE_plants_non-redundant_pfms_meme.txt	MA2354.1	PK06182.1	TACCTACC	5.79e-3	9.02e-1	8.37e2	402	206	206	206	5	94	45.63	68	33.01
23	data/reference/motifs/JASPAR2026_CORE_plants_non-redundant_pfms_meme.txt	MA2622.1	hb34	CAATAATTG	5.70e-3	9.04e-1	8.38e2	412	206	206	206	22	93	45.15	67	32.52
24	data/reference/motifs/JASPAR2026_CORE_plants_non-redundant_pfms_meme.txt	MA2360.1	PK28565.1	TAACBGTC	6.78e-3	9.39e-1	8.70e2	412	206	206	206	9	111	53.88	85	41.26
25	data/reference/motifs/JASPAR2026_CORE_plants_non-redundant_pfms_meme.txt	MA1370.2	IDD5	TTTTGTCGTTTWST	9.39e-3	9.42e-1	8.73e2	303	206	206	206	4	24	11.65	10	4.85
26	data/reference/motifs/JASPAR2026_CORE_plants_non-redundant_pfms_meme.txt	MA0573.2	ATHB-9	GTAATGATTRCDYBS	7.83e-2	9.42e-1	8.74e2	35	206	206	206	1	22	10.68	13	6.31
27	data/reference/motifs/JASPAR2026_CORE_plants_non-redundant_pfms_meme.txt	MA1041.1	MYB55	ACCTACCG	7.09e-3	9.46e-1	8.77e2	411	206	206	206	4	154	74.76	130	63.11
28	data/reference/motifs/JASPAR2026_CORE_plants_non-redundant_pfms_meme.txt	MA1762.2	MYB10	YCACCWAMCW	7.73e-3	9.53e-1	8.84e2	396	206	206	206	8	20	9.71	7	3.40
29	data/reference/motifs/JASPAR2026_CORE_plants_non-redundant_pfms_meme.txt	MA0585.2	AGL1	TTDCCWWWWWDGGWAA	7.74e-3	9.55e-1	8.85e2	401	206	206	206	3	186	90.29	168	81.55
30	data/reference/motifs/JASPAR2026_CORE_plants_non-redundant_pfms_meme.txt	MA2640.1	GLYMA-19G062000	GTAACAGTTAC	7.97e-3	9.57e-1	8.87e2	394	206	206	206	2	192	93.20	176	85.44
31	data/reference/motifs/JASPAR2026_CORE_plants_non-redundant_pfms_meme.txt	MA1356.1	TRP2	AACCCTAAACCCTAAACCCTA	2.08e-1	9.62e-1	8.92e2	14	206	206	206	1	9	4.37	5	2.43
32	data/reference/motifs/JASPAR2026_CORE_plants_non-redundant_pfms_meme.txt	MA2081.1	PK20317.1	CKTTW	7.97e-3	9.62e-1	8.92e2	412	206	206	206	139	30	14.56	14	6.80
33	data/reference/motifs/JASPAR2026_CORE_plants_non-redundant_pfms_meme.txt	MA1364.2	BHLH72	GCCACGTGG	1.33e-2	9.63e-1	8.93e2	249	206	206	206	1	136	66.02	113	54.85
34	data/reference/motifs/JASPAR2026_CORE_plants_non-redundant_pfms_meme.txt	MA0562.1	PIF5	TCACGTGS	2.12e-2	9.64e-1	8.94e2	157	206	206	206	1	89	43.20	68	33.01
35	data/reference/motifs/JASPAR2026_CORE_plants_non-redundant_pfms_meme.txt	MA1775.2	MYB61	YACCWACC	8.50e-3	9.69e-1	8.98e2	407	206	206	206	7	63	30.58	41	19.90
36	data/reference/motifs/JASPAR2026_CORE_plants_non-redundant_pfms_meme.txt	MA1785.2	NAC018	ACACGYAACY	9.46e-3	9.74e-1	9.03e2	387	206	206	206	9	18	8.74	6	2.91
37	data/reference/motifs/JASPAR2026_CORE_plants_non-redundant_pfms_meme.txt	MA1764.2	MYB116	TGCCTAACTT	1.29e-2	9.77e-1	9.05e2	291	206	206	206	2	91	44.17	68	33.01
38	data/reference/motifs/JASPAR2026_CORE_plants_non-redundant_pfms_meme.txt	MA1752.2	ERF025	YGCCGACA	1.47e-2	9.78e-1	9.07e2	261	206	206	206	2	82	39.81	60	29.13
39	data/reference/motifs/JASPAR2026_CORE_plants_non-redundant_pfms_meme.txt	MA1179.2	MYB1	ACSGTTA	1.01e-2	9.82e-1	9.10e2	394	206	206	206	7	28	13.59	13	6.31
40	data/reference/motifs/JASPAR2026_CORE_plants_non-redundant_pfms_meme.txt	MA2480.1	GLYMA-04G093300	CTAATC	9.96e-3	9.83e-1	9.11e2	408	206	206	206	4	168	81.55	147	71.36
41	data/reference/motifs/JASPAR2026_CORE_plants_non-redundant_pfms_meme.txt	MA1058.2	SPL4	GTACG	9.97e-3	9.84e-1	9.12e2	412	206	206	206	76	92	44.66	68	33.01
42	data/reference/motifs/JASPAR2026_CORE_plants_non-redundant_pfms_meme.txt	MA1053.1	ERF109	GCGCCGCC	1.64e-2	9.85e-1	9.13e2	256	206	206	206	1	139	67.48	117	56.80
43	data/reference/motifs/JASPAR2026_CORE_plants_non-redundant_pfms_meme.txt	MA2453.1	SPL8B	ATAGTACTC	1.06e-2	9.85e-1	9.13e2	396	206	206	206	6	80	38.83	57	27.67
44	data/reference/motifs/JASPAR2026_CORE_plants_non-redundant_pfms_meme.txt	MA1382.2	FAR1	YCACGCGCY	5.25e-2	9.87e-1	9.15e2	80	206	206	206	1	47	22.82	33	16.02
45	data/reference/motifs/JASPAR2026_CORE_plants_non-redundant_pfms_meme.txt	MA1177.2	MYB65	TAACCGHM	1.09e-2	9.89e-1	9.17e2	412	206	206	206	12	130	63.11	106	51.46
46	data/reference/motifs/JASPAR2026_CORE_plants_non-redundant_pfms_meme.txt	MA1829.2	Zm00001d035604	ACCTAAC	1.13e-2	9.90e-1	9.18e2	412	206	206	206	21	104	50.49	80	38.83
47	data/reference/motifs/JASPAR2026_CORE_plants_non-redundant_pfms_meme.txt	MA2729.1	vahox1	AAATAATTG	1.13e-2	9.90e-1	9.18e2	411	206	206	206	11	165	80.10	144	69.90
48	data/reference/motifs/JASPAR2026_CORE_plants_non-redundant_pfms_meme.txt	MA1352.1	TRP1	ACCCTAAACCCTAAACCCTAA	6.88e-1	9.91e-1	9.18e2	4	206	206	206	1	2	0.97	2	0.97
49	data/reference/motifs/JASPAR2026_CORE_plants_non-redundant_pfms_meme.txt	MA1795.2	RAP2-4	CRCCGACC	1.19e-2	9.93e-1	9.20e2	411	206	206	206	26	38	18.45	21	10.19
50	data/reference/motifs/JASPAR2026_CORE_plants_non-redundant_pfms_meme.txt	MA2073.1	PK16340.1	CKTT	1.19e-2	9.93e-1	9.20e2	412	206	206	206	192	38	18.45	21	10.19
51	data/reference/motifs/JASPAR2026_CORE_plants_non-redundant_pfms_meme.txt	MA2345.1	OS02G0104500	GTAAAW	1.19e-2	9.93e-1	9.20e2	412	206	206	206	107	49	23.79	30	14.56
52	data/reference/motifs/JASPAR2026_CORE_plants_non-redundant_pfms_meme.txt	MA1816.2	O11	CACGTG	1.48e-2	9.93e-1	9.21e2	335	206	206	206	4	122	59.22	99	48.06
53	data/reference/motifs/JASPAR2026_CORE_plants_non-redundant_pfms_meme.txt	MA1403.1	BPC5	AGAGAGAGAGAGAGAGAGAGAGAGAGAGAG	1.96e-1	9.93e-1	9.21e2	23	206	206	206	1	14	6.80	9	4.37
54	data/reference/motifs/JASPAR2026_CORE_plants_non-redundant_pfms_meme.txt	MA2075.1	PK18009.1	ACACGTG	1.22e-2	9.93e-1	9.21e2	412	206	206	206	10	163	79.13	142	68.93
55	data/reference/motifs/JASPAR2026_CORE_plants_non-redundant_pfms_meme.txt	MA2387.1	NAC094	YGCCGTRNHNNHCACG	4.16e-2	9.94e-1	9.21e2	121	206	206	206	1	69	33.50	52	25.24
56	data/reference/motifs/JASPAR2026_CORE_plants_non-redundant_pfms_meme.txt	MA2661.1	GLYMA-03G081700	CTACGTGGCA	1.29e-2	9.95e-1	9.22e2	404	206	206	206	4	152	73.79	130	63.11
57	data/reference/motifs/JASPAR2026_CORE_plants_non-redundant_pfms_meme.txt	MA1819.2	Zm00001d005892	CGCCGCCG	1.90e-2	9.95e-1	9.22e2	278	206	206	206	2	120	58.25	98	47.57
58	data/reference/motifs/JASPAR2026_CORE_plants_non-redundant_pfms_meme.txt	MA2664.1	GLYMA-03G162700	GGYGGYGGCGGCGGMGGCGGYGG	1.24e-1	9.95e-1	9.22e2	40	206	206	206	16	3	1.46	0	0.00
59	data/reference/motifs/JASPAR2026_CORE_plants_non-redundant_pfms_meme.txt	MA2651.1	GLYMA-20G154400	GGGCCCCAC	1.60e-2	9.95e-1	9.23e2	334	206	206	206	1	176	85.44	158	76.70
60	data/reference/motifs/JASPAR2026_CORE_plants_non-redundant_pfms_meme.txt	MA2078.1	PK19363.1	CGCCGCCR	1.52e-2	9.96e-1	9.23e2	367	206	206	206	8	47	22.82	29	14.08
61	data/reference/motifs/JASPAR2026_CORE_plants_non-redundant_pfms_meme.txt	MA0940.1	AP1	MYAAAAAWRGAAA	1.38e-2	9.97e-1	9.24e2	412	206	206	206	21	167	81.07	147	71.36
62	data/reference/motifs/JASPAR2026_CORE_plants_non-redundant_pfms_meme.txt	MA2014.2	BAM8	CACACGTGY	1.95e-2	9.97e-1	9.24e2	293	206	206	206	3	83	40.29	62	30.10
63	data/reference/motifs/JASPAR2026_CORE_plants_non-redundant_pfms_meme.txt	MA1749.1	E2FC	AWDWWGGCGCCAAAA	1.27e-1	9.97e-1	9.24e2	42	206	206	206	1	25	12.14	17	8.25
64	data/reference/motifs/JASPAR2026_CORE_plants_non-redundant_pfms_meme.txt	MA2611.1	ereb209	GCGCCGC	3.86e-1	9.97e-1	9.24e2	12	206	206	206	1	7	3.40	5	2.43
65	data/reference/motifs/JASPAR2026_CORE_plants_non-redundant_pfms_meme.txt	MA1176.2	MYB119	RWCCGTTACA	1.59e-2	9.97e-1	9.25e2	373	206	206	206	2	141	68.45	119	57.77
66	data/reference/motifs/JASPAR2026_CORE_plants_non-redundant_pfms_meme.txt	MA1044.2	NAC92	RCAMGCCA	1.47e-2	9.98e-1	9.25e2	412	206	206	206	23	70	33.98	49	23.79
67	data/reference/motifs/JASPAR2026_CORE_plants_non-redundant_pfms_meme.txt	MA1296.2	WRKY46	CGTTGACTTT	1.79e-2	9.98e-1	9.25e2	339	206	206	206	6	10	4.85	2	0.97
68	data/reference/motifs/JASPAR2026_CORE_plants_non-redundant_pfms_meme.txt	MA1384.1	PHL7	AAARGAATATTCY	1.83e-2	9.98e-1	9.25e2	335	206	206	206	5	15	7.28	5	2.43
69	data/reference/motifs/JASPAR2026_CORE_plants_non-redundant_pfms_meme.txt	MA1758.2	HSFA1E	AGAAGCTTCTAGAA	3.05e-2	9.98e-1	9.25e2	202	206	206	206	1	111	53.88	91	44.17
70	data/reference/motifs/JASPAR2026_CORE_plants_non-redundant_pfms_meme.txt	MA2090.1	PK26523.1	ATTCY	1.51e-2	9.98e-1	9.25e2	412	206	206	206	54	206	100.00	200	97.09
71	data/reference/motifs/JASPAR2026_CORE_plants_non-redundant_pfms_meme.txt	MA0965.3	BIM2	CACGTG	1.70e-2	9.98e-1	9.25e2	373	206	206	206	4	161	78.16	141	68.45
72	data/reference/motifs/JASPAR2026_CORE_plants_non-redundant_pfms_meme.txt	MA1360.3	bHLH74	CACGTG	1.96e-2	9.98e-1	9.26e2	331	206	206	206	5	70	33.98	50	24.27
73	data/reference/motifs/JASPAR2026_CORE_plants_non-redundant_pfms_meme.txt	MA2755.1	hsftf24	ACTAGAAGCTTCTGGAA	2.43e-2	9.99e-1	9.26e2	270	206	206	206	1	145	70.39	125	60.68
74	data/reference/motifs/JASPAR2026_CORE_plants_non-redundant_pfms_meme.txt	MA1351.3	GBF3	ACGTGGCA	1.60e-2	9.99e-1	9.26e2	412	206	206	206	20	12	5.83	3	1.46
75	data/reference/motifs/JASPAR2026_CORE_plants_non-redundant_pfms_meme.txt	MA2709.1	SolycHsfA2	TTCTAGAAKMTTCTA	2.99e-2	9.99e-1	9.26e2	226	206	206	206	1	123	59.71	103	50.00
76	data/reference/motifs/JASPAR2026_CORE_plants_non-redundant_pfms_meme.txt	MA1814.2	RIN	CTATTTTTGG	1.66e-2	9.99e-1	9.26e2	412	206	206	206	11	192	93.20	178	86.41
77	data/reference/motifs/JASPAR2026_CORE_plants_non-redundant_pfms_meme.txt	MA1232.2	ERF054	GDCGGYGG	2.00e-2	9.99e-1	9.26e2	345	206	206	206	4	71	34.47	51	24.76
78	data/reference/motifs/JASPAR2026_CORE_plants_non-redundant_pfms_meme.txt	MA0966.2	BIM3	CACGTG	1.69e-2	9.99e-1	9.26e2	412	206	206	206	36	49	23.79	31	15.05
79	data/reference/motifs/JASPAR2026_CORE_plants_non-redundant_pfms_meme.txt	MA2502.1	TMF	CTACAGTA	1.71e-2	9.99e-1	9.26e2	412	206	206	206	7	180	87.38	163	79.13
80	data/reference/motifs/JASPAR2026_CORE_plants_non-redundant_pfms_meme.txt	MA1402.1	BPC6	CTCTCTCTCTCTCTCTCTCTC	8.74e-2	9.99e-1	9.26e2	78	206	206	206	12	7	3.40	2	0.97
81	data/reference/motifs/JASPAR2026_CORE_plants_non-redundant_pfms_meme.txt	MA0587.2	TCP16	GTGGACCC	2.45e-2	9.99e-1	9.26e2	295	206	206	206	1	157	76.21	138	66.99
82	data/reference/motifs/JASPAR2026_CORE_plants_non-redundant_pfms_meme.txt	MA2650.1	GLYMA-05G027400	GTGGGCCCCAC	3.77e-2	9.99e-1	9.26e2	193	206	206	206	1	106	51.46	87	42.23
83	data/reference/motifs/JASPAR2026_CORE_plants_non-redundant_pfms_meme.txt	MA0578.1	SPL8	WWDWHYGTACHHTWWW	2.10e-2	9.99e-1	9.26e2	348	206	206	206	2	153	74.27	133	64.56
84	data/reference/motifs/JASPAR2026_CORE_plants_non-redundant_pfms_meme.txt	MA2056.1	PK01144.1	CTTT	1.78e-2	9.99e-1	9.26e2	412	206	206	206	209	184	89.32	168	81.55
85	data/reference/motifs/JASPAR2026_CORE_plants_non-redundant_pfms_meme.txt	MA2746.1	HB-HD-ZIP-2A-2	WTGCAATCATT	1.79e-2	9.99e-1	9.26e2	412	206	206	206	16	10	4.85	2	0.97
86	data/reference/motifs/JASPAR2026_CORE_plants_non-redundant_pfms_meme.txt	MA2739.1	SlTCP12	GTGGGACCCAC	2.88e-2	9.99e-1	9.26e2	259	206	206	206	7	14	6.80	5	2.43
87	data/reference/motifs/JASPAR2026_CORE_plants_non-redundant_pfms_meme.txt	MA0962.2	bHLH34	GCACGTG	2.27e-2	9.99e-1	9.26e2	329	206	206	206	2	131	63.59	110	53.40
88	data/reference/motifs/JASPAR2026_CORE_plants_non-redundant_pfms_meme.txt	MA1750.1	E2FE	TTTTTGGCGGGAAAA	5.00e-1	1.00e0	9.27e2	11	206	206	206	1	6	2.91	5	2.43
89	data/reference/motifs/JASPAR2026_CORE_plants_non-redundant_pfms_meme.txt	MA1732.1	E2FD	TTTTTGGCGGGAAAA	5.00e-1	1.00e0	9.27e2	11	206	206	206	1	6	2.91	5	2.43
90	data/reference/motifs/JASPAR2026_CORE_plants_non-redundant_pfms_meme.txt	MA1059.3	SPL5	TGTACGGAH	1.45e-1	1.00e0	9.27e2	50	206	206	206	1	29	14.08	21	10.19
91	data/reference/motifs/JASPAR2026_CORE_plants_non-redundant_pfms_meme.txt	MA2471.1	SPCH	CACGTG	2.00e-2	1.00e0	9.27e2	392	206	206	206	6	155	75.24	135	65.53
92	data/reference/motifs/JASPAR2026_CORE_plants_non-redundant_pfms_meme.txt	MA1039.1	MYB4	GGTWGGTR	1.91e-2	1.00e0	9.27e2	412	206	206	206	18	69	33.50	49	23.79
93	data/reference/motifs/JASPAR2026_CORE_plants_non-redundant_pfms_meme.txt	MA1363.1	LRL2	CGTGNKWBGCACGTG	5.80e-2	1.00e0	9.27e2	136	206	206	206	1	76	36.89	60	29.13
94	data/reference/motifs/JASPAR2026_CORE_plants_non-redundant_pfms_meme.txt	MA1794.2	NLP7	TGVCYYTT	1.91e-2	1.00e0	9.27e2	412	206	206	206	13	145	70.39	124	60.19
95	data/reference/motifs/JASPAR2026_CORE_plants_non-redundant_pfms_meme.txt	MA2436.1	SPL18A	GCGGTASTACCGCT	1.08e-1	1.00e0	9.27e2	70	206	206	206	2	16	7.77	9	4.37
96	data/reference/motifs/JASPAR2026_CORE_plants_non-redundant_pfms_meme.txt	MA1777.2	MYB74	YYYACCTAMCW	2.04e-2	1.00e0	9.27e2	392	206	206	206	6	40	19.42	24	11.65
97	data/reference/motifs/JASPAR2026_CORE_plants_non-redundant_pfms_meme.txt	MA0992.3	ERF4	CCGCCGYCA	2.92e-2	1.00e0	9.27e2	275	206	206	206	2	98	47.57	78	37.86
98	data/reference/motifs/JASPAR2026_CORE_plants_non-redundant_pfms_meme.txt	MA2049.2	NAC053	CAAGAAA	2.00e-2	1.00e0	9.27e2	412	206	206	206	10	155	75.24	135	65.53
99	data/reference/motifs/JASPAR2026_CORE_plants_non-redundant_pfms_meme.txt	MA2429.1	SPL13D	AGCGGTASTACCGCT	3.86e-1	1.00e0	9.27e2	17	206	206	206	2	7	3.40	5	2.43
100	data/reference/motifs/JASPAR2026_CORE_plants_non-redundant_pfms_meme.txt	MA1776.3	MYB67	TACCTAACA	2.03e-2	1.00e0	9.27e2	411	206	206	206	11	53	25.73	35	16.99
101	data/reference/motifs/JASPAR2026_CORE_plants_non-redundant_pfms_meme.txt	MA2759.1	ereb7	GCGGCGGCGGCGG	8.14e-1	1.00e0	9.27e2	5	206	206	206	1	2	0.97	3	1.46
102	data/reference/motifs/JASPAR2026_CORE_plants_non-redundant_pfms_meme.txt	MA2615.1	ereb109	CGCCGCC	2.34e-1	1.00e0	9.27e2	33	206	206	206	1	19	9.22	14	6.80
103	data/reference/motifs/JASPAR2026_CORE_plants_non-redundant_pfms_meme.txt	MA1315.2	WRKY24	CGTTGACTTTT	2.66e-2	1.00e0	9.27e2	331	206	206	206	6	11	5.34	3	1.46
104	data/reference/motifs/JASPAR2026_CORE_plants_non-redundant_pfms_meme.txt	MA2043.2	NAC004	CAAGAAA	2.21e-2	1.00e0	9.27e2	412	206	206	206	15	134	65.05	113	54.85
105	data/reference/motifs/JASPAR2026_CORE_plants_non-redundant_pfms_meme.txt	MA1051.1	RAP2-3	GCGCCGCC	2.68e-2	1.00e0	9.27e2	344	206	206	206	2	153	74.27	134	65.05
106	data/reference/motifs/JASPAR2026_CORE_plants_non-redundant_pfms_meme.txt	MA0121.2	ARR10	AGATHYK	2.24e-2	1.00e0	9.27e2	412	206	206	206	8	198	96.12	187	90.78
107	data/reference/motifs/JASPAR2026_CORE_plants_non-redundant_pfms_meme.txt	MA1011.2	PHYPADRAFT_72483	CACGTG	2.24e-2	1.00e0	9.27e2	412	206	206	206	52	48	23.30	31	15.05
108	data/reference/motifs/JASPAR2026_CORE_plants_non-redundant_pfms_meme.txt	MA2355.1	PK06791.1	GTACGG	2.25e-2	1.00e0	9.27e2	412	206	206	206	16	132	64.08	111	53.88
109	data/reference/motifs/JASPAR2026_CORE_plants_non-redundant_pfms_meme.txt	MA2498.1	LSH1	AAACAGTG	2.25e-2	1.00e0	9.27e2	412	206	206	206	9	189	91.75	175	84.95
110	data/reference/motifs/JASPAR2026_CORE_plants_non-redundant_pfms_meme.txt	MA1025.2	HBI1	GCACGTG	2.41e-2	1.00e0	9.27e2	388	206	206	206	4	107	51.94	86	41.75
111	data/reference/motifs/JASPAR2026_CORE_plants_non-redundant_pfms_meme.txt	MA1036.1	MYB111	GKTAGGTR	2.29e-2	1.00e0	9.27e2	411	206	206	206	11	97	47.09	76	36.89
112	data/reference/motifs/JASPAR2026_CORE_plants_non-redundant_pfms_meme.txt	MA1660.2	NAC013	TTACTTGTTCYMCAAGTAA	6.98e-2	1.00e0	9.27e2	136	206	206	206	3	16	7.77	8	3.88
113	data/reference/motifs/JASPAR2026_CORE_plants_non-redundant_pfms_meme.txt	MA1274.1	DOF3.6	TTTWCTTTTTHHYTTTTTTTT	2.32e-2	1.00e0	9.27e2	412	206	206	206	7	200	97.09	190	92.23
114	data/reference/motifs/JASPAR2026_CORE_plants_non-redundant_pfms_meme.txt	MA2673.1	GLYMA-15G086400	WTCTAGAAMCTTCTAGAR	5.53e-2	1.00e0	9.27e2	175	206	206	206	1	96	46.60	79	38.35
115	data/reference/motifs/JASPAR2026_CORE_plants_non-redundant_pfms_meme.txt	MA1065.3	TCP20	GTGGGWCCCAC	4.69e-2	1.00e0	9.27e2	210	206	206	206	1	114	55.34	96	46.60
116	data/reference/motifs/JASPAR2026_CORE_plants_non-redundant_pfms_meme.txt	MA1191.2	RVE7L	AAAATATCT	2.55e-2	1.00e0	9.27e2	389	206	206	206	5	51	24.76	34	16.50
117	data/reference/motifs/JASPAR2026_CORE_plants_non-redundant_pfms_meme.txt	MA1175.2	MYB81	TAACHGWWT	2.43e-2	1.00e0	9.27e2	412	206	206	206	14	114	55.34	93	45.15
118	data/reference/motifs/JASPAR2026_CORE_plants_non-redundant_pfms_meme.txt	MA2023.2	PHL4	RGAATATTCC	3.30e-2	1.00e0	9.27e2	311	206	206	206	5	26	12.62	14	6.80
119	data/reference/motifs/JASPAR2026_CORE_plants_non-redundant_pfms_meme.txt	MA1283.2	TCP14	ADAGVDBGTGGGDCCCAC	5.00e-1	1.00e0	9.27e2	15	206	206	206	2	5	2.43	4	1.94
120	data/reference/motifs/JASPAR2026_CORE_plants_non-redundant_pfms_meme.txt	MA1292.2	MYB27	AAAAATTAGGTA	5.65e-2	1.00e0	9.27e2	185	206	206	206	1	101	49.03	84	40.78
121	data/reference/motifs/JASPAR2026_CORE_plants_non-redundant_pfms_meme.txt	MA1687.1	ARF14	CGGGGGACAYGTCGGG	1.16e-1	1.00e0	9.27e2	86	206	206	206	2	17	8.25	10	4.85
122	data/reference/motifs/JASPAR2026_CORE_plants_non-redundant_pfms_meme.txt	MA1055.3	SPL1	TGTACGGA	2.66e-2	1.00e0	9.27e2	399	206	206	206	11	11	5.34	3	1.46
123	data/reference/motifs/JASPAR2026_CORE_plants_non-redundant_pfms_meme.txt	MA2711.1	SolycHsfB2b	TTCTAGAA	4.03e-2	1.00e0	9.27e2	264	206	206	206	1	141	68.45	123	59.71
124	data/reference/motifs/JASPAR2026_CORE_plants_non-redundant_pfms_meme.txt	MA2342.1	URI	CACGTG	2.67e-2	1.00e0	9.27e2	402	206	206	206	10	138	66.99	118	57.28
125	data/reference/motifs/JASPAR2026_CORE_plants_non-redundant_pfms_meme.txt	MA1667.3	HSFC1	TTCYAGAA	2.65e-2	1.00e0	9.27e2	410	206	206	206	12	33	16.02	19	9.22
126	data/reference/motifs/JASPAR2026_CORE_plants_non-redundant_pfms_meme.txt	MA0082.2	squamosa	MCAWAWATRGWAA	2.66e-2	1.00e0	9.27e2	412	206	206	206	6	203	98.54	195	94.66
127	data/reference/motifs/JASPAR2026_CORE_plants_non-redundant_pfms_meme.txt	MA1772.2	MYB43	YTYACCWAMCWT	3.05e-2	1.00e0	9.27e2	360	206	206	206	7	5	2.43	0	0.00
128	data/reference/motifs/JASPAR2026_CORE_plants_non-redundant_pfms_meme.txt	MA2044.2	NAC007	CAAGCAA	2.68e-2	1.00e0	9.27e2	412	206	206	206	14	163	79.13	145	70.39
129	data/reference/motifs/JASPAR2026_CORE_plants_non-redundant_pfms_meme.txt	MA1745.2	BZIP63	TSACGTGG	2.85e-2	1.00e0	9.27e2	389	206	206	206	2	169	82.04	152	73.79
130	data/reference/motifs/JASPAR2026_CORE_plants_non-redundant_pfms_meme.txt	MA1094.3	WRKY8	AAAAGTCAACG	3.05e-2	1.00e0	9.27e2	366	206	206	206	8	5	2.43	0	0.00
131	data/reference/motifs/JASPAR2026_CORE_plants_non-redundant_pfms_meme.txt	MA0567.1	ERF1B	MGCCGCCA	3.43e-2	1.00e0	9.27e2	326	206	206	206	1	171	83.01	155	75.24
132	data/reference/motifs/JASPAR2026_CORE_plants_non-redundant_pfms_meme.txt	MA0569.2	MYC4	CACGTGC	3.04e-2	1.00e0	9.27e2	369	206	206	206	4	117	56.80	97	47.09
133	data/reference/motifs/JASPAR2026_CORE_plants_non-redundant_pfms_meme.txt	MA2010.2	SMB	CAAGCAA	2.73e-2	1.00e0	9.27e2	412	206	206	206	14	182	88.35	167	81.07
134	data/reference/motifs/JASPAR2026_CORE_plants_non-redundant_pfms_meme.txt	MA1231.3	ERF15	MGCCGCCD	3.77e-2	1.00e0	9.27e2	301	206	206	206	1	159	77.18	142	68.93
135	data/reference/motifs/JASPAR2026_CORE_plants_non-redundant_pfms_meme.txt	MA2373.1	AZF2	ASTG	2.75e-2	1.00e0	9.27e2	412	206	206	206	172	162	78.64	144	69.90
136	data/reference/motifs/JASPAR2026_CORE_plants_non-redundant_pfms_meme.txt	MA0566.2	MYC2	AACACGTGA	2.88e-2	1.00e0	9.27e2	405	206	206	206	2	201	97.57	192	93.20
137	data/reference/motifs/JASPAR2026_CORE_plants_non-redundant_pfms_meme.txt	MA0988.2	PHYPADRAFT_143875	CACGTG	2.85e-2	1.00e0	9.27e2	410	206	206	206	24	29	14.08	16	7.77
138	data/reference/motifs/JASPAR2026_CORE_plants_non-redundant_pfms_meme.txt	MA2048.2	NAC045	GAAGCAAC	2.85e-2	1.00e0	9.27e2	412	206	206	206	8	190	92.23	177	85.92
139	data/reference/motifs/JASPAR2026_CORE_plants_non-redundant_pfms_meme.txt	MA1821.2	Zm00001d020595	GGCGGCGGCG	5.00e-1	1.00e0	9.27e2	17	206	206	206	1	9	4.37	8	3.88
140	data/reference/motifs/JASPAR2026_CORE_plants_non-redundant_pfms_meme.txt	MA1032.2	DREB1G	TGCCGACA	7.86e-2	1.00e0	9.27e2	151	206	206	206	3	13	6.31	6	2.91
141	data/reference/motifs/JASPAR2026_CORE_plants_non-redundant_pfms_meme.txt	MA1172.2	MYB3R5	AAWWDTDACCGTTR	5.25e-2	1.00e0	9.27e2	226	206	206	206	4	8	3.88	2	0.97
142	data/reference/motifs/JASPAR2026_CORE_plants_non-redundant_pfms_meme.txt	MA2438.1	SPL1D	GCRGTASTACCGCT	1.07e-1	1.00e0	9.27e2	111	206	206	206	2	28	13.59	19	9.22
143	data/reference/motifs/JASPAR2026_CORE_plants_non-redundant_pfms_meme.txt	MA2721.1	Sl-ERF_C_6	YCGCCGCCGCCRCCRCCGCC	1.24e-1	1.00e0	9.27e2	90	206	206	206	18	3	1.46	0	0.00
144	data/reference/motifs/JASPAR2026_CORE_plants_non-redundant_pfms_meme.txt	MA2091.1	PK27109.1	GACAGCTG	3.05e-2	1.00e0	9.27e2	392	206	206	206	15	5	2.43	0	0.00
145	data/reference/motifs/JASPAR2026_CORE_plants_non-redundant_pfms_meme.txt	MA1190.2	RVE5	AGATATTTT	3.05e-2	1.00e0	9.27e2	397	206	206	206	10	5	2.43	0	0.00
146	data/reference/motifs/JASPAR2026_CORE_plants_non-redundant_pfms_meme.txt	MA0560.2	PIF3	CCACGTG	4.54e-2	1.00e0	9.27e2	269	206	206	206	2	98	47.57	80	38.83
147	data/reference/motifs/JASPAR2026_CORE_plants_non-redundant_pfms_meme.txt	MA2393.1	PHYPA_008731	CACGTGC	4.54e-2	1.00e0	9.27e2	269	206	206	206	2	98	47.57	80	38.83
148	data/reference/motifs/JASPAR2026_CORE_plants_non-redundant_pfms_meme.txt	MA1410.2	StBRC1	GGGSCCM	3.01e-2	1.00e0	9.27e2	405	206	206	206	24	21	10.19	10	4.85
149	data/reference/motifs/JASPAR2026_CORE_plants_non-redundant_pfms_meme.txt	MA1008.2	PHYPADRAFT_182268	GTCGGTG	1.08e-1	1.00e0	9.27e2	114	206	206	206	2	16	7.77	9	4.37
150	data/reference/motifs/JASPAR2026_CORE_plants_non-redundant_pfms_meme.txt	MA2386.1	estExt_gwp_gw1.C_550163	CACCGAC	1.08e-1	1.00e0	9.27e2	114	206	206	206	2	16	7.77	9	4.37
151	data/reference/motifs/JASPAR2026_CORE_plants_non-redundant_pfms_meme.txt	MA2359.1	PK23829.1	TTATCCR	3.01e-2	1.00e0	9.27e2	407	206	206	206	2	196	95.15	185	89.81
152	data/reference/motifs/JASPAR2026_CORE_plants_non-redundant_pfms_meme.txt	MA2072.1	PK16335.1	GACAGCTG	3.05e-2	1.00e0	9.27e2	406	206	206	206	18	5	2.43	0	0.00
153	data/reference/motifs/JASPAR2026_CORE_plants_non-redundant_pfms_meme.txt	MA1304.2	WRKY59	AAAAGTCAAM	3.05e-2	1.00e0	9.27e2	407	206	206	206	1	206	100.00	201	97.57
154	data/reference/motifs/JASPAR2026_CORE_plants_non-redundant_pfms_meme.txt	MA2422.1	OsbZIP42	TGMCACGTCA	3.10e-2	1.00e0	9.27e2	401	206	206	206	1	204	99.03	197	95.63
155	data/reference/motifs/JASPAR2026_CORE_plants_non-redundant_pfms_meme.txt	MA1825.2	Zm00001d044409	CTTATC	3.05e-2	1.00e0	9.27e2	412	206	206	206	13	185	89.81	171	83.01
156	data/reference/motifs/JASPAR2026_CORE_plants_non-redundant_pfms_meme.txt	MA1799.2	SPL10	GTACGR	3.05e-2	1.00e0	9.27e2	412	206	206	206	11	110	53.40	90	43.69
157	data/reference/motifs/JASPAR2026_CORE_plants_non-redundant_pfms_meme.txt	MA2655.1	GLYMA-08G218600	AAAAGTCAA	3.05e-2	1.00e0	9.27e2	412	206	206	206	23	5	2.43	0	0.00
158	data/reference/motifs/JASPAR2026_CORE_plants_non-redundant_pfms_meme.txt	MA2757.1	pbf1	ATAAAGT	3.05e-2	1.00e0	9.27e2	412	206	206	206	45	5	2.43	0	0.00
159	data/reference/motifs/JASPAR2026_CORE_plants_non-redundant_pfms_meme.txt	MA2356.1	PK20555.1	CTTTW	3.05e-2	1.00e0	9.27e2	412	206	206	206	175	206	100.00	201	97.57
160	data/reference/motifs/JASPAR2026_CORE_plants_non-redundant_pfms_meme.txt	MA2062.1	PK07031.1	CTTT	3.05e-2	1.00e0	9.27e2	412	206	206	206	247	206	100.00	201	97.57
161	data/reference/motifs/JASPAR2026_CORE_plants_non-redundant_pfms_meme.txt	MA1807.2	ZHD10	TAATTART	3.10e-2	1.00e0	9.27e2	406	206	206	206	2	204	99.03	197	95.63
162	data/reference/motifs/JASPAR2026_CORE_plants_non-redundant_pfms_meme.txt	MA1061.2	SPT	CCACGTG	3.07e-2	1.00e0	9.27e2	410	206	206	206	13	80	38.83	61	29.61
163	data/reference/motifs/JASPAR2026_CORE_plants_non-redundant_pfms_meme.txt	MA1288.2	TCP22	GTGGGHCCCAC	8.25e-2	1.00e0	9.27e2	153	206	206	206	2	36	17.48	25	12.14
164	data/reference/motifs/JASPAR2026_CORE_plants_non-redundant_pfms_meme.txt	MA0952.1	ATHB-51	AATWATTG	3.07e-2	1.00e0	9.27e2	412	206	206	206	19	145	70.39	126	61.17
165	data/reference/motifs/JASPAR2026_CORE_plants_non-redundant_pfms_meme.txt	MA1677.2	NAC078	CAAGAAA	3.16e-2	1.00e0	9.27e2	412	206	206	206	12	143	69.42	124	60.19
166	data/reference/motifs/JASPAR2026_CORE_plants_non-redundant_pfms_meme.txt	MA0557.2	FHY3	CACGCGCT	3.67e-2	1.00e0	9.27e2	358	206	206	206	5	53	25.73	37	17.96
167	data/reference/motifs/JASPAR2026_CORE_plants_non-redundant_pfms_meme.txt	MA1404.1	BPC1	GAGAGAGAGAGAGAGAGAGAGAGA	1.46e-1	1.00e0	9.27e2	83	206	206	206	13	10	4.85	5	2.43
168	data/reference/motifs/JASPAR2026_CORE_plants_non-redundant_pfms_meme.txt	MA1256.2	RAP2-12	DRYGGCGGCGG	8.10e-2	1.00e0	9.27e2	163	206	206	206	2	44	21.36	32	15.53
169	data/reference/motifs/JASPAR2026_CORE_plants_non-redundant_pfms_meme.txt	MA1290.1	TCP17	GTGGTCCCCAC	6.94e-2	1.00e0	9.27e2	196	206	206	206	1	106	51.46	90	43.69
170	data/reference/motifs/JASPAR2026_CORE_plants_non-redundant_pfms_meme.txt	MA1746.1	BZIP69	TGMCAGCTGTM	1.31e-1	1.00e0	9.27e2	104	206	206	206	2	19	9.22	12	5.83
171	data/reference/motifs/JASPAR2026_CORE_plants_non-redundant_pfms_meme.txt	MA0964.3	BIM1	TCACGTGA	4.52e-2	1.00e0	9.27e2	302	206	206	206	4	97	47.09	79	38.35
172	data/reference/motifs/JASPAR2026_CORE_plants_non-redundant_pfms_meme.txt	MA1789.1	NAC071	CTTSWHYYTCAMGYA	4.36e-2	1.00e0	9.27e2	313	206	206	206	7	10	4.85	3	1.46
173	data/reference/motifs/JASPAR2026_CORE_plants_non-redundant_pfms_meme.txt	MA2643.1	SNAC23	YACGGAACT	3.38e-2	1.00e0	9.27e2	408	206	206	206	14	7	3.40	1	0.49
174	data/reference/motifs/JASPAR2026_CORE_plants_non-redundant_pfms_meme.txt	MA2347.1	OS04G0486400	TAACC	3.38e-2	1.00e0	9.27e2	412	206	206	206	106	88	42.72	69	33.50
175	data/reference/motifs/JASPAR2026_CORE_plants_non-redundant_pfms_meme.txt	MA2083.1	PK21166.1	YACCTACY	3.41e-2	1.00e0	9.27e2	412	206	206	206	22	22	10.68	11	5.34
176	data/reference/motifs/JASPAR2026_CORE_plants_non-redundant_pfms_meme.txt	MA2610.1	ereb97	CGCCGCCGCC	4.20e-1	1.00e0	9.27e2	26	206	206	206	1	14	6.80	12	5.83
177	data/reference/motifs/JASPAR2026_CORE_plants_non-redundant_pfms_meme.txt	MA1832.2	Zm00001d002364	CGCCGCCGCC	4.20e-1	1.00e0	9.27e2	26	206	206	206	1	14	6.80	12	5.83
178	data/reference/motifs/JASPAR2026_CORE_plants_non-redundant_pfms_meme.txt	MA1818.1	Zm00001d052229	CGCCGCCGCC	4.20e-1	1.00e0	9.27e2	26	206	206	206	1	14	6.80	12	5.83
179	data/reference/motifs/JASPAR2026_CORE_plants_non-redundant_pfms_meme.txt	MA1759.2	HSFA4A	AGAAGCTTCTAGAA	5.59e-2	1.00e0	9.27e2	258	206	206	206	5	11	5.34	4	1.94
180	data/reference/motifs/JASPAR2026_CORE_plants_non-redundant_pfms_meme.txt	MA2604.1	dof22	ACTTTTAC	3.56e-2	1.00e0	9.27e2	412	206	206	206	19	202	98.06	194	94.17
181	data/reference/motifs/JASPAR2026_CORE_plants_non-redundant_pfms_meme.txt	MA0571.2	ANT	GCACRRWTCCCVAKGY	2.08e-1	1.00e0	9.27e2	63	206	206	206	2	9	4.37	5	2.43
182	data/reference/motifs/JASPAR2026_CORE_plants_non-redundant_pfms_meme.txt	MA1741.1	BRN2	CTTGWWHYDYACGYWA	4.45e-2	1.00e0	9.27e2	331	206	206	206	6	13	6.31	5	2.43
183	data/reference/motifs/JASPAR2026_CORE_plants_non-redundant_pfms_meme.txt	MA2724.1	SlTCP18	GTGGGVCCCAC	5.71e-2	1.00e0	9.27e2	258	206	206	206	2	117	56.80	100	48.54
184	data/reference/motifs/JASPAR2026_CORE_plants_non-redundant_pfms_meme.txt	MA2437.1	SPL19B	GCGGTASTACCGC	4.00e-1	1.00e0	9.27e2	29	206	206	206	2	9	4.37	7	3.40
185	data/reference/motifs/JASPAR2026_CORE_plants_non-redundant_pfms_meme.txt	MA2500.1	LSH3	TTACTGTTCAT	3.61e-2	1.00e0	9.27e2	411	206	206	206	4	191	92.72	179	86.89
186	data/reference/motifs/JASPAR2026_CORE_plants_non-redundant_pfms_meme.txt	MA2483.1	PK20543.1	TTAACC	3.61e-2	1.00e0	9.27e2	412	206	206	206	82	27	13.11	15	7.28
187	data/reference/motifs/JASPAR2026_CORE_plants_non-redundant_pfms_meme.txt	MA2407.1	PK24978.1	CACGTGT	3.67e-2	1.00e0	9.27e2	412	206	206	206	35	99	48.06	80	38.83
188	data/reference/motifs/JASPAR2026_CORE_plants_non-redundant_pfms_meme.txt	MA2734.1	Sl-ERF_F_5	CCGCCGCCGCCRCCRCC	1.24e-1	1.00e0	9.27e2	122	206	206	206	12	3	1.46	0	0.00
189	data/reference/motifs/JASPAR2026_CORE_plants_non-redundant_pfms_meme.txt	MA2451.1	SPL7B	AGCGGTASTACCGCT	5.00e-1	1.00e0	9.27e2	22	206	206	206	2	9	4.37	8	3.88
190	data/reference/motifs/JASPAR2026_CORE_plants_non-redundant_pfms_meme.txt	MA1359.3	BPE	CACGTG	4.68e-2	1.00e0	9.27e2	326	206	206	206	4	115	55.83	97	47.09
191	data/reference/motifs/JASPAR2026_CORE_plants_non-redundant_pfms_meme.txt	MA1080.1	WRKY23	AGTCAACG	4.36e-2	1.00e0	9.27e2	352	206	206	206	6	10	4.85	3	1.46
192	data/reference/motifs/JASPAR2026_CORE_plants_non-redundant_pfms_meme.txt	MA2399.1	LjSGA_053525.1	GGGCCCAC	5.74e-2	1.00e0	9.27e2	269	206	206	206	3	50	24.27	36	17.48
193	data/reference/motifs/JASPAR2026_CORE_plants_non-redundant_pfms_meme.txt	MA2361.1	PRUPE_ppa000682mg	GTACGG	3.76e-2	1.00e0	9.27e2	412	206	206	206	43	105	50.97	86	41.75
194	data/reference/motifs/JASPAR2026_CORE_plants_non-redundant_pfms_meme.txt	MA0590.1	LFY	YATTRACCGSCGGTYAATR	2.72e-1	1.00e0	9.27e2	49	206	206	206	2	27	13.11	22	10.68
195	data/reference/motifs/JASPAR2026_CORE_plants_non-redundant_pfms_meme.txt	MA0548.3	AGL15	TTTCCWTTTTDGGWAA	5.25e-2	1.00e0	9.27e2	296	206	206	206	3	47	22.82	33	16.02
196	data/reference/motifs/JASPAR2026_CORE_plants_non-redundant_pfms_meme.txt	MA2057.1	PK01630.1	GCACGTG	3.79e-2	1.00e0	9.27e2	411	206	206	206	10	117	56.80	98	47.57
197	data/reference/motifs/JASPAR2026_CORE_plants_non-redundant_pfms_meme.txt	MA1023.1	PHYPADRAFT_28324	KGTCGGTG	1.37e-1	1.00e0	9.27e2	114	206	206	206	2	14	6.80	8	3.88
198	data/reference/motifs/JASPAR2026_CORE_plants_non-redundant_pfms_meme.txt	MA2715.1	Solyc03g124110	RTCTATGTCGGYWAA	1.10e-1	1.00e0	9.27e2	142	206	206	206	3	8	3.88	3	1.46
199	data/reference/motifs/JASPAR2026_CORE_plants_non-redundant_pfms_meme.txt	MA1285.2	TCP9	GTGGGTCCCAC	1.36e-1	1.00e0	9.27e2	115	206	206	206	1	63	30.58	52	25.24
200	data/reference/motifs/JASPAR2026_CORE_plants_non-redundant_pfms_meme.txt	MA0941.2	ABF2	ACACGTG	3.80e-2	1.00e0	9.27e2	412	206	206	206	13	114	55.34	95	46.12
201	data/reference/motifs/JASPAR2026_CORE_plants_non-redundant_pfms_meme.txt	MA1085.3	WRKY40	AGTCAA	4.32e-2	1.00e0	9.27e2	384	206	206	206	7	20	9.71	10	4.85
202	data/reference/motifs/JASPAR2026_CORE_plants_non-redundant_pfms_meme.txt	MA2377.1	cassava45561.m1	GGGSCCCAC	4.22e-2	1.00e0	9.27e2	401	206	206	206	2	189	91.75	177	85.92
203	data/reference/motifs/JASPAR2026_CORE_plants_non-redundant_pfms_meme.txt	MA0931.2	ABI5	GMCACGTG	5.73e-2	1.00e0	9.27e2	298	206	206	206	2	109	52.91	92	44.66
204	data/reference/motifs/JASPAR2026_CORE_plants_non-redundant_pfms_meme.txt	MA2614.1	ereb198	SCGCCGCCGCCR	1.24e-1	1.00e0	9.27e2	138	206	206	206	16	3	1.46	0	0.00
205	data/reference/motifs/JASPAR2026_CORE_plants_non-redundant_pfms_meme.txt	MA1754.2	ERF073	CKCCGCCGCCR	1.45e-1	1.00e0	9.27e2	118	206	206	206	2	29	14.08	21	10.19
206	data/reference/motifs/JASPAR2026_CORE_plants_non-redundant_pfms_meme.txt	MA2727.1	SolycHsfA7	TTCYAGAA	4.22e-2	1.00e0	9.27e2	412	206	206	206	13	29	14.08	17	8.25
207	data/reference/motifs/JASPAR2026_CORE_plants_non-redundant_pfms_meme.txt	MA1748.2	DREB1F	GCCGAC	4.31e-2	1.00e0	9.27e2	404	206	206	206	13	35	16.99	22	10.68
208	data/reference/motifs/JASPAR2026_CORE_plants_non-redundant_pfms_meme.txt	MA1034.1	Os05g0497200	CGSCGCCR	1.73e-1	1.00e0	9.27e2	93	206	206	206	1	51	24.76	42	20.39
209	data/reference/motifs/JASPAR2026_CORE_plants_non-redundant_pfms_meme.txt	MA0937.1	NAC055	ACACGTAA	4.32e-2	1.00e0	9.27e2	411	206	206	206	17	20	9.71	10	4.85
210	data/reference/motifs/JASPAR2026_CORE_plants_non-redundant_pfms_meme.txt	MA0934.1	AHL25	AWTTAAWT	4.36e-2	1.00e0	9.27e2	412	206	206	206	46	203	98.54	196	95.15
211	data/reference/motifs/JASPAR2026_CORE_plants_non-redundant_pfms_meme.txt	MA1760.1	HSFA6A	GAAGNTTCTAGAA	2.19e-1	1.00e0	9.27e2	73	206	206	206	1	40	19.42	33	16.02
212	data/reference/motifs/JASPAR2026_CORE_plants_non-redundant_pfms_meme.txt	MA0932.1	AHL12	AAWWWWTT	4.45e-2	1.00e0	9.27e2	412	206	206	206	90	201	97.57	193	93.69
213	data/reference/motifs/JASPAR2026_CORE_plants_non-redundant_pfms_meme.txt	MA2105.1	GLYMA-13G317000	ACACGT	4.69e-2	1.00e0	9.27e2	395	206	206	206	5	112	54.37	94	45.63
214	data/reference/motifs/JASPAR2026_CORE_plants_non-redundant_pfms_meme.txt	MA1087.3	WRKY45	AAAAGTCAAM	4.57e-2	1.00e0	9.27e2	408	206	206	206	10	25	12.14	14	6.80
215	data/reference/motifs/JASPAR2026_CORE_plants_non-redundant_pfms_meme.txt	MA2740.1	SlTCP15	GTGGGACCCA	5.38e-2	1.00e0	9.27e2	347	206	206	206	4	91	44.17	74	35.92
216	data/reference/motifs/JASPAR2026_CORE_plants_non-redundant_pfms_meme.txt	MA1210.3	HAT22	CAATAATTG	4.53e-2	1.00e0	9.27e2	412	206	206	206	13	161	78.16	145	70.39
217	data/reference/motifs/JASPAR2026_CORE_plants_non-redundant_pfms_meme.txt	MA1804.2	WIN1	CRCCGC	4.54e-2	1.00e0	9.27e2	412	206	206	206	40	36	17.48	23	11.17
218	data/reference/motifs/JASPAR2026_CORE_plants_non-redundant_pfms_meme.txt	MA1397.2	AT1G74840	WWTGGATAA	4.57e-2	1.00e0	9.27e2	410	206	206	206	11	25	12.14	14	6.80
219	data/reference/motifs/JASPAR2026_CORE_plants_non-redundant_pfms_meme.txt	MA2076.1	PK18401.1	GCACGTGG	4.85e-2	1.00e0	9.27e2	387	206	206	206	1	198	96.12	189	91.75
220	data/reference/motifs/JASPAR2026_CORE_plants_non-redundant_pfms_meme.txt	MA2718.1	Sl-ERF_A_3	GGYGGCGGCGGCGGCGG	2.49e-1	1.00e0	9.27e2	66	206	206	206	11	2	0.97	0	0.00
221	data/reference/motifs/JASPAR2026_CORE_plants_non-redundant_pfms_meme.txt	MA2455.1	SPL9D	AGCGGTASTACCGC	1.98e-1	1.00e0	9.27e2	86	206	206	206	1	47	22.82	39	18.93
222	data/reference/motifs/JASPAR2026_CORE_plants_non-redundant_pfms_meme.txt	MA2738.1	Cnr	TCCGTACAAA	4.65e-2	1.00e0	9.27e2	410	206	206	206	7	119	57.77	101	49.03
223	data/reference/motifs/JASPAR2026_CORE_plants_non-redundant_pfms_meme.txt	MA1408.2	FaEOBII	GTTAGGTA	4.65e-2	1.00e0	9.27e2	412	206	206	206	18	105	50.97	87	42.23
224	data/reference/motifs/JASPAR2026_CORE_plants_non-redundant_pfms_meme.txt	MA1824.2	Zm00001d005692	CAATAATT	4.66e-2	1.00e0	9.27e2	412	206	206	206	39	106	51.46	88	42.72
225	data/reference/motifs/JASPAR2026_CORE_plants_non-redundant_pfms_meme.txt	MA1293.2	MYB57	TACCTAACTT	1.07e-1	1.00e0	9.27e2	179	206	206	206	2	28	13.59	19	9.22
226	data/reference/motifs/JASPAR2026_CORE_plants_non-redundant_pfms_meme.txt	MA1770.2	MYB40	YTYACCWAMY	4.85e-2	1.00e0	9.27e2	397	206	206	206	8	17	8.25	8	3.88
227	data/reference/motifs/JASPAR2026_CORE_plants_non-redundant_pfms_meme.txt	MA1326.2	ZHD5	GTRATTAR	4.74e-2	1.00e0	9.27e2	412	206	206	206	19	44	21.36	30	14.56
228	data/reference/motifs/JASPAR2026_CORE_plants_non-redundant_pfms_meme.txt	MA1368.3	GT-4	TAACTATGGTTA	5.41e-2	1.00e0	9.27e2	362	206	206	206	3	131	63.59	114	55.34
229	data/reference/motifs/JASPAR2026_CORE_plants_non-redundant_pfms_meme.txt	MA2472.1	AT3G12910	YGSCGTVRWDDHBACGK	2.00e-1	1.00e0	9.27e2	88	206	206	206	1	48	23.30	40	19.42
230	data/reference/motifs/JASPAR2026_CORE_plants_non-redundant_pfms_meme.txt	MA2460.1	MGH6.1	YGSCGTVRWDDHBACGK	2.00e-1	1.00e0	9.27e2	88	206	206	206	1	48	23.30	40	19.42
231	data/reference/motifs/JASPAR2026_CORE_plants_non-redundant_pfms_meme.txt	MA2645.1	GLYMA-16G042900	GGTTGCKTSTTCHASAAGYWA	1.96e-1	1.00e0	9.27e2	91	206	206	206	2	14	6.80	9	4.37
232	data/reference/motifs/JASPAR2026_CORE_plants_non-redundant_pfms_meme.txt	MA2032.2	TRB1	AAACCCTAA	4.82e-2	1.00e0	9.27e2	412	206	206	206	13	21	10.19	11	5.34
233	data/reference/motifs/JASPAR2026_CORE_plants_non-redundant_pfms_meme.txt	MA0584.2	SEP1	CCAWAWWTRGWAA	5.10e-2	1.00e0	9.27e2	390	206	206	206	8	32	15.53	20	9.71
234	data/reference/motifs/JASPAR2026_CORE_plants_non-redundant_pfms_meme.txt	MA1674.3	NAC017	CAAGTAA	4.85e-2	1.00e0	9.27e2	412	206	206	206	11	198	96.12	189	91.75
235	data/reference/motifs/JASPAR2026_CORE_plants_non-redundant_pfms_meme.txt	MA2085.1	PK23763.1	CTTTW	4.85e-2	1.00e0	9.27e2	412	206	206	206	82	198	96.12	189	91.75
236	data/reference/motifs/JASPAR2026_CORE_plants_non-redundant_pfms_meme.txt	MA2741.1	SlWRKY7	AAAAAGTCAACC	5.25e-2	1.00e0	9.27e2	381	206	206	206	8	8	3.88	2	0.97
237	data/reference/motifs/JASPAR2026_CORE_plants_non-redundant_pfms_meme.txt	MA1350.1	BZIP42	TGCTGACGTGGC	3.74e-1	1.00e0	9.27e2	43	206	206	206	1	23	11.17	20	9.71
238	data/reference/motifs/JASPAR2026_CORE_plants_non-redundant_pfms_meme.txt	MA2435.1	SPL16D	GCGGTASTACCGC	1.48e-1	1.00e0	9.27e2	137	206	206	206	1	74	35.92	63	30.58
239	data/reference/motifs/JASPAR2026_CORE_plants_non-redundant_pfms_meme.txt	MA2505.1	bZIP59	TGACAGCTGTCA	6.16e-2	1.00e0	9.27e2	334	206	206	206	18	4	1.94	0	0.00
240	data/reference/motifs/JASPAR2026_CORE_plants_non-redundant_pfms_meme.txt	MA1389.2	PHL1	AARGAATATTCB	6.16e-2	1.00e0	9.27e2	335	206	206	206	7	4	1.94	0	0.00
241	data/reference/motifs/JASPAR2026_CORE_plants_non-redundant_pfms_meme.txt	MA2439.1	SPL2A	GCGGTASTACCGC	2.90e-1	1.00e0	9.27e2	61	206	206	206	1	33	16.02	28	13.59
242	data/reference/motifs/JASPAR2026_CORE_plants_non-redundant_pfms_meme.txt	MA1282.2	TCP13	GTGGGGACCAC	1.68e-1	1.00e0	9.27e2	126	206	206	206	1	68	33.01	58	28.16
243	data/reference/motifs/JASPAR2026_CORE_plants_non-redundant_pfms_meme.txt	MA1057.2	SPL12	GTACGG	5.18e-2	1.00e0	9.27e2	412	206	206	206	23	68	33.01	52	25.24
244	data/reference/motifs/JASPAR2026_CORE_plants_non-redundant_pfms_meme.txt	MA1374.2	IDD7	ASAAAACGACAAAA	7.43e-2	1.00e0	9.27e2	288	206	206	206	3	41	19.90	29	14.08
245	data/reference/motifs/JASPAR2026_CORE_plants_non-redundant_pfms_meme.txt	MA1305.2	WRKY55	CGTTGACTT	6.16e-2	1.00e0	9.27e2	349	206	206	206	8	4	1.94	0	0.00
246	data/reference/motifs/JASPAR2026_CORE_plants_non-redundant_pfms_meme.txt	MA2733.1	Sl-ERF_F_4	GCMGCMGCCGCCGCCGYCR	2.49e-1	1.00e0	9.27e2	75	206	206	206	11	2	0.97	0	0.00
247	data/reference/motifs/JASPAR2026_CORE_plants_non-redundant_pfms_meme.txt	MA1268.2	CDF5	TTYACTTTTTYTTTTTTTTTT	5.25e-2	1.00e0	9.27e2	411	206	206	206	3	204	99.03	198	96.12
248	data/reference/motifs/JASPAR2026_CORE_plants_non-redundant_pfms_meme.txt	MA1178.3	MYB3R1	TAACGGTC	5.30e-2	1.00e0	9.27e2	408	206	206	206	11	22	10.68	12	5.83
249	data/reference/motifs/JASPAR2026_CORE_plants_non-redundant_pfms_meme.txt	MA2042.2	MYB58	CCACCAACC	5.25e-2	1.00e0	9.27e2	412	206	206	206	25	8	3.88	2	0.97
250	data/reference/motifs/JASPAR2026_CORE_plants_non-redundant_pfms_meme.txt	MA0577.4	SPL3	TGTACGGA	5.88e-2	1.00e0	9.27e2	369	206	206	206	2	159	77.18	144	69.90
251	data/reference/motifs/JASPAR2026_CORE_plants_non-redundant_pfms_meme.txt	MA2708.1	SlDof4	AGAAAAAGTAA	5.32e-2	1.00e0	9.27e2	412	206	206	206	9	200	97.09	192	93.20
252	data/reference/motifs/JASPAR2026_CORE_plants_non-redundant_pfms_meme.txt	MA2440.1	SPL2B	GCGGTASTACCGC	1.85e-1	1.00e0	9.27e2	119	206	206	206	2	29	14.08	22	10.68
253	data/reference/motifs/JASPAR2026_CORE_plants_non-redundant_pfms_meme.txt	MA2426.1	SPL11B	AGCGGTASTACCGCT	5.00e-1	1.00e0	9.27e2	32	206	206	206	2	14	6.80	13	6.31
254	data/reference/motifs/JASPAR2026_CORE_plants_non-redundant_pfms_meme.txt	MA2669.1	GLYMA-04G231400	CAATAATTGATT	5.55e-2	1.00e0	9.27e2	401	206	206	206	3	162	78.64	147	71.36
255	data/reference/motifs/JASPAR2026_CORE_plants_non-redundant_pfms_meme.txt	MA2654.1	GLYMA-05G127600	GGTCAAC	5.41e-2	1.00e0	9.27e2	412	206	206	206	12	131	63.59	114	55.34
256	data/reference/motifs/JASPAR2026_CORE_plants_non-redundant_pfms_meme.txt	MA1187.2	RVE4	AGATATTTT	5.73e-2	1.00e0	9.27e2	389	206	206	206	4	109	52.91	92	44.66
257	data/reference/motifs/JASPAR2026_CORE_plants_non-redundant_pfms_meme.txt	MA2653.1	GLYMA-03G042700	GTTTGACTTT	5.42e-2	1.00e0	9.27e2	412	206	206	206	11	48	23.30	34	16.50
258	data/reference/motifs/JASPAR2026_CORE_plants_non-redundant_pfms_meme.txt	MA1734.1	AT1G19040	CTTGNDCYBCAAGTWW	1.74e-1	1.00e0	9.27e2	129	206	206	206	3	12	5.83	7	3.40
259	data/reference/motifs/JASPAR2026_CORE_plants_non-redundant_pfms_meme.txt	MA2034.2	NAC057	CAAGTAA	5.48e-2	1.00e0	9.27e2	412	206	206	206	21	94	45.63	77	37.38
260	data/reference/motifs/JASPAR2026_CORE_plants_non-redundant_pfms_meme.txt	MA2358.1	PK22320.1	GTACGG	5.55e-2	1.00e0	9.27e2	412	206	206	206	16	59	28.64	44	21.36
261	data/reference/motifs/JASPAR2026_CORE_plants_non-redundant_pfms_meme.txt	MA1401.2	RVE7	AAAATATCT	7.82e-2	1.00e0	9.27e2	294	206	206	206	1	154	74.76	140	67.96
262	data/reference/motifs/JASPAR2026_CORE_plants_non-redundant_pfms_meme.txt	MA2461.1	WOX13	TTGATTGA	5.59e-2	1.00e0	9.27e2	412	206	206	206	27	11	5.34	4	1.94
263	data/reference/motifs/JASPAR2026_CORE_plants_non-redundant_pfms_meme.txt	MA1329.3	ZHD1	AYTAATTAA	5.59e-2	1.00e0	9.27e2	412	206	206	206	7	202	98.06	195	94.66
264	data/reference/motifs/JASPAR2026_CORE_plants_non-redundant_pfms_meme.txt	MA2058.1	PK03929.1	CTTTW	5.59e-2	1.00e0	9.27e2	412	206	206	206	87	202	98.06	195	94.66
265	data/reference/motifs/JASPAR2026_CORE_plants_non-redundant_pfms_meme.txt	MA1425.2	HYH	TSACGTG	6.37e-2	1.00e0	9.27e2	363	206	206	206	1	187	90.78	176	85.44
266	data/reference/motifs/JASPAR2026_CORE_plants_non-redundant_pfms_meme.txt	MA2052.2	ZAT6	AATGATTG	5.65e-2	1.00e0	9.27e2	412	206	206	206	23	178	86.41	165	80.10
267	data/reference/motifs/JASPAR2026_CORE_plants_non-redundant_pfms_meme.txt	MA2079.1	PK19717.1	GGGSCCCMC	6.04e-2	1.00e0	9.27e2	387	206	206	206	8	52	25.24	38	18.45
268	data/reference/motifs/JASPAR2026_CORE_plants_non-redundant_pfms_meme.txt	MA1405.2	SIZF2	ACTGACAGT	5.89e-2	1.00e0	9.27e2	399	206	206	206	10	51	24.76	37	17.96
269	data/reference/motifs/JASPAR2026_CORE_plants_non-redundant_pfms_meme.txt	MA1198.2	HAT2	YAATCATT	5.77e-2	1.00e0	9.27e2	412	206	206	206	6	193	93.69	183	88.83
270	data/reference/motifs/JASPAR2026_CORE_plants_non-redundant_pfms_meme.txt	MA1345.2	BZIP48	GCCACGTCAGCA	2.36e-1	1.00e0	9.27e2	89	206	206	206	1	48	23.30	41	19.90
271	data/reference/motifs/JASPAR2026_CORE_plants_non-redundant_pfms_meme.txt	MA2735.1	SlbHLH014	GMCACGTGBC	8.96e-2	1.00e0	9.27e2	268	206	206	206	1	141	68.45	127	61.65
272	data/reference/motifs/JASPAR2026_CORE_plants_non-redundant_pfms_meme.txt	MA2396.1	IDD1	TTTTGTCGTTTT	7.53e-2	1.00e0	9.27e2	321	206	206	206	3	51	24.76	38	18.45
273	data/reference/motifs/JASPAR2026_CORE_plants_non-redundant_pfms_meme.txt	MA1662.2	AT3G10030	TTAACAGA	5.88e-2	1.00e0	9.27e2	412	206	206	206	8	159	77.18	144	69.90
274	data/reference/motifs/JASPAR2026_CORE_plants_non-redundant_pfms_meme.txt	MA2351.1	OsEIL3	AGRTACAT	5.93e-2	1.00e0	9.27e2	412	206	206	206	12	35	16.99	23	11.17
275	data/reference/motifs/JASPAR2026_CORE_plants_non-redundant_pfms_meme.txt	MA0568.2	MYC3	CACGTG	5.99e-2	1.00e0	9.27e2	409	206	206	206	12	143	69.42	127	61.65
276	data/reference/motifs/JASPAR2026_CORE_plants_non-redundant_pfms_meme.txt	MA1332.2	BEH2	CACACGTGCR	3.83e-1	1.00e0	9.27e2	51	206	206	206	1	27	13.11	24	11.65
277	data/reference/motifs/JASPAR2026_CORE_plants_non-redundant_pfms_meme.txt	MA1781.2	MYB94	CCAACYACYW	6.09e-2	1.00e0	9.27e2	406	206	206	206	13	6	2.91	1	0.49
278	data/reference/motifs/JASPAR2026_CORE_plants_non-redundant_pfms_meme.txt	MA1320.2	SPL15	TGTACGGA	1.56e-1	1.00e0	9.27e2	159	206	206	206	1	85	41.26	74	35.92
279	data/reference/motifs/JASPAR2026_CORE_plants_non-redundant_pfms_meme.txt	MA2092.1	PK27149.1	TGACGTGK	6.67e-2	1.00e0	9.27e2	372	206	206	206	1	191	92.72	181	87.86
280	data/reference/motifs/JASPAR2026_CORE_plants_non-redundant_pfms_meme.txt	MA2427.1	SPL12B	AGCGGTASTACCGC	2.67e-1	1.00e0	9.27e2	80	206	206	206	1	43	20.87	37	17.96
281	data/reference/motifs/JASPAR2026_CORE_plants_non-redundant_pfms_meme.txt	MA2760.1	p2	CACCTAAC	6.09e-2	1.00e0	9.27e2	412	206	206	206	26	6	2.91	1	0.49
282	data/reference/motifs/JASPAR2026_CORE_plants_non-redundant_pfms_meme.txt	MA1071.2	DOF5.3	AAMG	6.09e-2	1.00e0	9.27e2	412	206	206	206	236	205	99.51	200	97.09
283	data/reference/motifs/JASPAR2026_CORE_plants_non-redundant_pfms_meme.txt	MA0987.2	PHYPADRAFT_140773	AAAG	6.09e-2	1.00e0	9.27e2	412	206	206	206	116	205	99.51	200	97.09
284	data/reference/motifs/JASPAR2026_CORE_plants_non-redundant_pfms_meme.txt	MA1428.2	TCP8	GGSCCCAC	6.09e-2	1.00e0	9.27e2	412	206	206	206	38	6	2.91	1	0.49
285	data/reference/motifs/JASPAR2026_CORE_plants_non-redundant_pfms_meme.txt	MA2381.1	e_gw1.170.52.1	CTTT	6.09e-2	1.00e0	9.27e2	412	206	206	206	116	205	99.51	200	97.09
286	data/reference/motifs/JASPAR2026_CORE_plants_non-redundant_pfms_meme.txt	MA1769.2	MYB39	YYCACCTAMYTT	6.17e-2	1.00e0	9.27e2	407	206	206	206	9	15	7.28	7	3.40
287	data/reference/motifs/JASPAR2026_CORE_plants_non-redundant_pfms_meme.txt	MA1159.2	SGR5	AAAWAAGACAAAA	6.16e-2	1.00e0	9.27e2	408	206	206	206	1	206	100.00	202	98.06
288	data/reference/motifs/JASPAR2026_CORE_plants_non-redundant_pfms_meme.txt	MA2408.1	BAD1	CCGGGCCCCSVC	1.69e-1	1.00e0	9.27e2	149	206	206	206	7	7	3.40	3	1.46
289	data/reference/motifs/JASPAR2026_CORE_plants_non-redundant_pfms_meme.txt	MA0949.2	ARR2	MGWATCTT	6.16e-2	1.00e0	9.27e2	411	206	206	206	18	4	1.94	0	0.00
290	data/reference/motifs/JASPAR2026_CORE_plants_non-redundant_pfms_meme.txt	MA2761.1	myb100	TRCCTAACTT	6.17e-2	1.00e0	9.27e2	411	206	206	206	9	82	39.81	66	32.04
291	data/reference/motifs/JASPAR2026_CORE_plants_non-redundant_pfms_meme.txt	MA0974.3	CDF3	AAAAAGTG	6.16e-2	1.00e0	9.27e2	412	206	206	206	5	206	100.00	202	98.06
292	data/reference/motifs/JASPAR2026_CORE_plants_non-redundant_pfms_meme.txt	MA0563.2	SEP3	CYWTTTTTGG	6.16e-2	1.00e0	9.27e2	412	206	206	206	7	206	100.00	202	98.06
293	data/reference/motifs/JASPAR2026_CORE_plants_non-redundant_pfms_meme.txt	MA2070.1	PK15337.1	CTTT	6.16e-2	1.00e0	9.27e2	412	206	206	206	224	206	100.00	202	98.06
294	data/reference/motifs/JASPAR2026_CORE_plants_non-redundant_pfms_meme.txt	MA1430.2	TB1	GGSCCCCCC	1.43e-1	1.00e0	9.27e2	178	206	206	206	2	38	18.45	29	14.08
295	data/reference/motifs/JASPAR2026_CORE_plants_non-redundant_pfms_meme.txt	MA2431.1	SPL15A	AGCGGTASTACCGC	1.98e-1	1.00e0	9.27e2	129	206	206	206	1	69	33.50	60	29.13
296	data/reference/motifs/JASPAR2026_CORE_plants_non-redundant_pfms_meme.txt	MA2382.1	e_gw1.209.40.1	CACGTG	6.23e-2	1.00e0	9.27e2	411	206	206	206	8	192	93.20	182	88.35
297	data/reference/motifs/JASPAR2026_CORE_plants_non-redundant_pfms_meme.txt	MA2421.1	SBP8	ARGTACAA	6.23e-2	1.00e0	9.27e2	412	206	206	206	14	24	11.65	14	6.80
298	data/reference/motifs/JASPAR2026_CORE_plants_non-redundant_pfms_meme.txt	MA2446.1	SPL5A	GCGGTASTACCGC	2.49e-1	1.00e0	9.27e2	90	206	206	206	6	2	0.97	0	0.00
299	data/reference/motifs/JASPAR2026_CORE_plants_non-redundant_pfms_meme.txt	MA2390.1	GLYMA19G26560	GGSCCCAC	6.37e-2	1.00e0	9.27e2	407	206	206	206	12	30	14.56	19	9.22
300	data/reference/motifs/JASPAR2026_CORE_plants_non-redundant_pfms_meme.txt	MA2452.1	SPL8A	ATAGTACTC	6.42e-2	1.00e0	9.27e2	404	206	206	206	7	87	42.23	71	34.47
301	data/reference/motifs/JASPAR2026_CORE_plants_non-redundant_pfms_meme.txt	MA0982.2	DOF2.4	AAAG	6.33e-2	1.00e0	9.27e2	412	206	206	206	217	54	26.21	40	19.42
302	data/reference/motifs/JASPAR2026_CORE_plants_non-redundant_pfms_meme.txt	MA1166.2	PHL12	AARRGAATATTC	8.88e-2	1.00e0	9.27e2	298	206	206	206	4	24	11.65	15	7.28
303	data/reference/motifs/JASPAR2026_CORE_plants_non-redundant_pfms_meme.txt	MA1812.2	ASR1	AGGCCCAAT	7.75e-2	1.00e0	9.27e2	343	206	206	206	7	17	8.25	9	4.37
304	data/reference/motifs/JASPAR2026_CORE_plants_non-redundant_pfms_meme.txt	MA2403.1	DVH24_040989	TTAACC	6.46e-2	1.00e0	9.27e2	412	206	206	206	74	37	17.96	25	12.14
305	data/reference/motifs/JASPAR2026_CORE_plants_non-redundant_pfms_meme.txt	MA2365.1	VIT_17s0000g10420	GTTAACYV	6.76e-2	1.00e0	9.27e2	400	206	206	206	9	12	5.83	5	2.43
306	data/reference/motifs/JASPAR2026_CORE_plants_non-redundant_pfms_meme.txt	MA1835.2	TFLG2-Zm00001d042777	GTACGTAC	6.96e-2	1.00e0	9.27e2	389	206	206	206	10	39	18.93	27	13.11
307	data/reference/motifs/JASPAR2026_CORE_plants_non-redundant_pfms_meme.txt	MA0034.2	Gam1	YAACCGMC	6.63e-2	1.00e0	9.27e2	412	206	206	206	14	130	63.11	114	55.34
308	data/reference/motifs/JASPAR2026_CORE_plants_non-redundant_pfms_meme.txt	MA1322.3	SPL9	TCCGTAC	6.73e-2	1.00e0	9.27e2	407	206	206	206	6	127	61.65	111	53.88
309	data/reference/motifs/JASPAR2026_CORE_plants_non-redundant_pfms_meme.txt	MA1241.2	ERF043	CCACCGACA	2.51e-1	1.00e0	9.27e2	109	206	206	206	1	58	28.16	51	24.76
310	data/reference/motifs/JASPAR2026_CORE_plants_non-redundant_pfms_meme.txt	MA0990.2	HDG11	AWTWAATGC	6.66e-2	1.00e0	9.27e2	412	206	206	206	63	93	45.15	77	37.38
311	data/reference/motifs/JASPAR2026_CORE_plants_non-redundant_pfms_meme.txt	MA1810.2	GLYMA-08G357600	ATGCATGCA	6.70e-2	1.00e0	9.27e2	410	206	206	206	16	31	15.05	20	9.71
312	data/reference/motifs/JASPAR2026_CORE_plants_non-redundant_pfms_meme.txt	MA2443.1	SPL3D	GCGGTASTACCGC	2.49e-1	1.00e0	9.27e2	96	206	206	206	5	2	0.97	0	0.00
313	data/reference/motifs/JASPAR2026_CORE_plants_non-redundant_pfms_meme.txt	MA2499.1	LSH2	TACTGTTCA	6.70e-2	1.00e0	9.27e2	412	206	206	206	7	186	90.29	175	84.95
314	data/reference/motifs/JASPAR2026_CORE_plants_non-redundant_pfms_meme.txt	MA2730.1	Solyc01g079480	YSACGTGKCA	8.25e-2	1.00e0	9.27e2	338	206	206	206	2	122	59.22	107	51.94
315	data/reference/motifs/JASPAR2026_CORE_plants_non-redundant_pfms_meme.txt	MA2430.1	SPL14B	GCGGTASTACCGC	2.22e-1	1.00e0	9.27e2	126	206	206	206	2	41	19.90	34	16.50
316	data/reference/motifs/JASPAR2026_CORE_plants_non-redundant_pfms_meme.txt	MA1021.2	PHYPADRAFT_48267	CACGTGC	8.31e-2	1.00e0	9.27e2	337	206	206	206	3	102	49.51	87	42.23
317	data/reference/motifs/JASPAR2026_CORE_plants_non-redundant_pfms_meme.txt	MA1834.2	Zm00001d034298	CCACGCG	6.87e-2	1.00e0	9.27e2	410	206	206	206	9	121	58.74	105	50.97
318	data/reference/motifs/JASPAR2026_CORE_plants_non-redundant_pfms_meme.txt	MA1062.3	TCP15	GTGGGWCCCAC	1.39e-1	1.00e0	9.27e2	204	206	206	206	1	108	52.43	96	46.60
319	data/reference/motifs/JASPAR2026_CORE_plants_non-redundant_pfms_meme.txt	MA1213.3	ZHD3	CAATTATTG	6.92e-2	1.00e0	9.27e2	411	206	206	206	9	148	71.84	133	64.56
320	data/reference/motifs/JASPAR2026_CORE_plants_non-redundant_pfms_meme.txt	MA2448.1	SPL5D	AGCGGTASTACCGC	3.50e-1	1.00e0	9.27e2	66	206	206	206	2	16	7.77	13	6.31
321	data/reference/motifs/JASPAR2026_CORE_plants_non-redundant_pfms_meme.txt	MA0956.2	BEE2	CACGTG	6.92e-2	1.00e0	9.27e2	412	206	206	206	38	104	50.49	88	42.72
322	data/reference/motifs/JASPAR2026_CORE_plants_non-redundant_pfms_meme.txt	MA2728.1	SolycHsfC1	RGAAGTTTCTAG	8.00e-2	1.00e0	9.27e2	359	206	206	206	3	91	44.17	76	36.89
323	data/reference/motifs/JASPAR2026_CORE_plants_non-redundant_pfms_meme.txt	MA1308.2	WRKY70	CGTTGACTTT	1.24e-1	1.00e0	9.27e2	232	206	206	206	5	3	1.46	0	0.00
324	data/reference/motifs/JASPAR2026_CORE_plants_non-redundant_pfms_meme.txt	MA1808.3	GLYMA-06G314400	GACACGTGGC	7.66e-2	1.00e0	9.27e2	377	206	206	206	2	176	85.44	164	79.61
325	data/reference/motifs/JASPAR2026_CORE_plants_non-redundant_pfms_meme.txt	MA1230.2	ERF037	YCACCGACA	1.81e-1	1.00e0	9.27e2	160	206	206	206	1	85	41.26	75	36.41
326	data/reference/motifs/JASPAR2026_CORE_plants_non-redundant_pfms_meme.txt	MA2444.1	SPL4A	GCGGTASTACCGC	2.87e-1	1.00e0	9.27e2	103	206	206	206	3	8	3.88	5	2.43
327	data/reference/motifs/JASPAR2026_CORE_plants_non-redundant_pfms_meme.txt	MA2731.1	sep3	WTTTCCAAAAAGGGAAAAAAW	2.64e-1	1.00e0	9.27e2	112	206	206	206	2	14	6.80	10	4.85
328	data/reference/motifs/JASPAR2026_CORE_plants_non-redundant_pfms_meme.txt	MA1090.2	WRKY60	GGTCAAC	7.38e-2	1.00e0	9.27e2	403	206	206	206	3	158	76.70	144	69.90
329	data/reference/motifs/JASPAR2026_CORE_plants_non-redundant_pfms_meme.txt	MA1257.2	ERF9	GGCGGHKRYGGCGGCGGMG	2.49e-1	1.00e0	9.27e2	121	206	206	206	17	2	0.97	0	0.00
330	data/reference/motifs/JASPAR2026_CORE_plants_non-redundant_pfms_meme.txt	MA1706.2	AT1G14600	WAYATTCT	7.38e-2	1.00e0	9.27e2	412	206	206	206	56	158	76.70	144	69.90
331	data/reference/motifs/JASPAR2026_CORE_plants_non-redundant_pfms_meme.txt	MA2659.1	GLYMA-08G281200	YTTGACTAATTAGGGTTWAKKGDT	5.00e-1	1.00e0	9.27e2	44	206	206	206	2	2	0.97	1	0.49
332	data/reference/motifs/JASPAR2026_CORE_plants_non-redundant_pfms_meme.txt	MA2428.1	SPL13B	GCGGTASTACCGC	3.62e-1	1.00e0	9.27e2	68	206	206	206	3	5	2.43	3	1.46
333	data/reference/motifs/JASPAR2026_CORE_plants_non-redundant_pfms_meme.txt	MA2612.1	ereb147	ACGCCGAC	8.10e-2	1.00e0	9.27e2	380	206	206	206	8	44	21.36	32	15.53
334	data/reference/motifs/JASPAR2026_CORE_plants_non-redundant_pfms_meme.txt	MA2074.1	PK17878.1	CGCCGCCA	1.58e-1	1.00e0	9.27e2	196	206	206	206	2	60	29.13	50	24.27
335	data/reference/motifs/JASPAR2026_CORE_plants_non-redundant_pfms_meme.txt	MA1266.2	RAP2-11	YCDYCGCCGGC	1.36e-1	1.00e0	9.27e2	229	206	206	206	2	63	30.58	52	25.24
336	data/reference/motifs/JASPAR2026_CORE_plants_non-redundant_pfms_meme.txt	MA1284.2	TCP1	GTGGGCCCCAC	2.28e-1	1.00e0	9.27e2	137	206	206	206	3	18	8.74	13	6.31
337	data/reference/motifs/JASPAR2026_CORE_plants_non-redundant_pfms_meme.txt	MA1291.1	TCP7	GTGGGRCCCAC	2.07e-1	1.00e0	9.27e2	151	206	206	206	1	80	38.83	71	34.47
338	data/reference/motifs/JASPAR2026_CORE_plants_non-redundant_pfms_meme.txt	MA2089.1	PK25870.1	RGTCAAM	7.66e-2	1.00e0	9.27e2	412	206	206	206	10	183	88.83	172	83.50
339	data/reference/motifs/JASPAR2026_CORE_plants_non-redundant_pfms_meme.txt	MA0954.3	ATHB-7	TCAATGATTGR	7.86e-2	1.00e0	9.27e2	404	206	206	206	10	13	6.31	6	2.91
340	data/reference/motifs/JASPAR2026_CORE_plants_non-redundant_pfms_meme.txt	MA1164.2	HHO5	RAAGATTC	7.91e-2	1.00e0	9.27e2	404	206	206	206	6	89	43.20	74	35.92
341	data/reference/motifs/JASPAR2026_CORE_plants_non-redundant_pfms_meme.txt	MA2376.1	CAMTA5	CGYGTNDDAWVCGYGT	9.34e-2	1.00e0	9.27e2	343	206	206	206	5	40	19.42	29	14.08
342	data/reference/motifs/JASPAR2026_CORE_plants_non-redundant_pfms_meme.txt	MA1778.2	MYB80	TYYACCTAMYTW	7.86e-2	1.00e0	9.27e2	410	206	206	206	15	13	6.31	6	2.91
343	data/reference/motifs/JASPAR2026_CORE_plants_non-redundant_pfms_meme.txt	MA2478.1	PK13314.1	GGGCCCAC	7.89e-2	1.00e0	9.27e2	410	206	206	206	15	43	20.87	31	15.05
344	data/reference/motifs/JASPAR2026_CORE_plants_non-redundant_pfms_meme.txt	MA1027.2	KAN1	WTATTC	7.86e-2	1.00e0	9.27e2	412	206	206	206	143	13	6.31	6	2.91
345	data/reference/motifs/JASPAR2026_CORE_plants_non-redundant_pfms_meme.txt	MA1203.1	AGL63	TKCCAAAAATGGMAA	1.05e-1	1.00e0	9.27e2	310	206	206	206	1	161	78.16	149	72.33
346	data/reference/motifs/JASPAR2026_CORE_plants_non-redundant_pfms_meme.txt	MA2026.2	MYB108	TACCTAACTT	7.96e-2	1.00e0	9.27e2	409	206	206	206	8	35	16.99	24	11.65
347	data/reference/motifs/JASPAR2026_CORE_plants_non-redundant_pfms_meme.txt	MA2384.1	estExt_Genewise1.C_2060077	SACGTGK	1.00e-1	1.00e0	9.27e2	329	206	206	206	3	107	51.94	93	45.15
348	data/reference/motifs/JASPAR2026_CORE_plants_non-redundant_pfms_meme.txt	MA1820.2	Zm00001d024324	CGCCGCCGC	1.35e-1	1.00e0	9.27e2	246	206	206	206	1	129	62.62	117	56.80
349	data/reference/motifs/JASPAR2026_CORE_plants_non-redundant_pfms_meme.txt	MA1779.2	MYB83	CACCAACM	8.10e-2	1.00e0	9.27e2	412	206	206	206	11	174	84.47	162	78.64
350	data/reference/motifs/JASPAR2026_CORE_plants_non-redundant_pfms_meme.txt	MA2005.2	NAC016	TVCKTGWBCYNCAMG	1.85e-1	1.00e0	9.27e2	179	206	206	206	3	20	9.71	14	6.80
351	data/reference/motifs/JASPAR2026_CORE_plants_non-redundant_pfms_meme.txt	MA2720.1	nacnor	ACACGTAACT	8.31e-2	1.00e0	9.27e2	403	206	206	206	8	56	27.18	43	20.87
352	data/reference/motifs/JASPAR2026_CORE_plants_non-redundant_pfms_meme.txt	MA1361.2	bHLH18	CRCGTKWWHCACGTG	1.62e-1	1.00e0	9.27e2	207	206	206	206	1	109	52.91	98	47.57
353	data/reference/motifs/JASPAR2026_CORE_plants_non-redundant_pfms_meme.txt	MA2413.1	ZmbZIP96	GASACGTGKCA	1.17e-1	1.00e0	9.27e2	287	206	206	206	2	97	47.09	84	40.78
354	data/reference/motifs/JASPAR2026_CORE_plants_non-redundant_pfms_meme.txt	MA1339.1	BZIP43	GCCACGTCAGCA	3.95e-1	1.00e0	9.27e2	67	206	206	206	1	35	16.99	32	15.53
355	data/reference/motifs/JASPAR2026_CORE_plants_non-redundant_pfms_meme.txt	MA2660.1	GLYMA-12G168700	WWWTGTAATTACAWWW	8.60e-2	1.00e0	9.27e2	398	206	206	206	24	10	4.85	4	1.94
356	data/reference/motifs/JASPAR2026_CORE_plants_non-redundant_pfms_meme.txt	MA1056.2	SPL11	CGTACGGA	1.20e-1	1.00e0	9.27e2	286	206	206	206	1	149	72.33	137	66.50
357	data/reference/motifs/JASPAR2026_CORE_plants_non-redundant_pfms_meme.txt	MA1208.2	GT-2	WTTTTTACCGY	8.31e-2	1.00e0	9.27e2	412	206	206	206	14	56	27.18	43	20.87
358	data/reference/motifs/JASPAR2026_CORE_plants_non-redundant_pfms_meme.txt	MA1182.2	RVE8	AGATATTTT	8.88e-2	1.00e0	9.27e2	383	206	206	206	4	78	37.86	64	31.07
359	data/reference/motifs/JASPAR2026_CORE_plants_non-redundant_pfms_meme.txt	MA2343.1	MYB3R3	CGCCGTTA	8.27e-2	1.00e0	9.27e2	411	206	206	206	10	100	48.54	85	41.26
360	data/reference/motifs/JASPAR2026_CORE_plants_non-redundant_pfms_meme.txt	MA0972.1	CCA1	AAATATCT	8.38e-2	1.00e0	9.27e2	412	206	206	206	10	109	52.91	94	45.63
361	data/reference/motifs/JASPAR2026_CORE_plants_non-redundant_pfms_meme.txt	MA1185.2	LHY	AGATATTTT	8.74e-2	1.00e0	9.27e2	399	206	206	206	9	7	3.40	2	0.97
362	data/reference/motifs/JASPAR2026_CORE_plants_non-redundant_pfms_meme.txt	MA1391.3	MYB33	ATAACCGTAW	8.60e-2	1.00e0	9.27e2	411	206	206	206	2	202	98.06	196	95.15
363	data/reference/motifs/JASPAR2026_CORE_plants_non-redundant_pfms_meme.txt	MA1787.2	NAC047	ACACGTMWCT	8.48e-2	1.00e0	9.27e2	406	206	206	206	11	18	8.74	10	4.85
364	data/reference/motifs/JASPAR2026_CORE_plants_non-redundant_pfms_meme.txt	MA1019.2	Glyma19g26560.1	GGSCCCAC	8.70e-2	1.00e0	9.27e2	407	206	206	206	12	30	14.56	20	9.71
365	data/reference/motifs/JASPAR2026_CORE_plants_non-redundant_pfms_meme.txt	MA1239.2	ERF104	CCDCCDCCGCCGCCRY	2.49e-1	1.00e0	9.27e2	140	206	206	206	10	2	0.97	0	0.00
366	data/reference/motifs/JASPAR2026_CORE_plants_non-redundant_pfms_meme.txt	MA2398.1	AS2	CGGCGGMRRHDRCGGCGG	2.49e-1	1.00e0	9.27e2	139	206	206	206	12	2	0.97	0	0.00
367	data/reference/motifs/JASPAR2026_CORE_plants_non-redundant_pfms_meme.txt	MA2378.1	CRF3	GCCG	8.48e-2	1.00e0	9.27e2	412	206	206	206	91	18	8.74	10	4.85
368	data/reference/motifs/JASPAR2026_CORE_plants_non-redundant_pfms_meme.txt	MA2374.1	AHL13	ATATAATT	8.37e-2	1.00e0	9.27e2	412	206	206	206	74	192	93.20	183	88.83
369	data/reference/motifs/JASPAR2026_CORE_plants_non-redundant_pfms_meme.txt	MA1309.1	WRKY3	AAAAGTCAACG	1.01e-1	1.00e0	9.27e2	342	206	206	206	6	11	5.34	5	2.43
370	data/reference/motifs/JASPAR2026_CORE_plants_non-redundant_pfms_meme.txt	MA1221.1	RAP2-6	TKGCGGCGGMGGHGG	2.49e-1	1.00e0	9.27e2	138	206	206	206	11	2	0.97	0	0.00
371	data/reference/motifs/JASPAR2026_CORE_plants_non-redundant_pfms_meme.txt	MA0958.1	BHLH13	RCACGTGC	1.02e-1	1.00e0	9.27e2	337	206	206	206	5	72	34.95	59	28.64
372	data/reference/motifs/JASPAR2026_CORE_plants_non-redundant_pfms_meme.txt	MA0053.1	MNB1A	AAAGC	8.48e-2	1.00e0	9.27e2	412	206	206	206	16	196	95.15	188	91.26
373	data/reference/motifs/JASPAR2026_CORE_plants_non-redundant_pfms_meme.txt	MA1811.3	GLYMA-13G317000	GGACACSTGTCA	2.25e-1	1.00e0	9.27e2	326	206	206	206	10	5	2.43	2	0.97
374	data/reference/motifs/JASPAR2026_CORE_plants_non-redundant_pfms_meme.txt	MA2672.1	GLYMA-01G233000	AGAASCTTCT	1.72e-1	1.00e0	9.27e2	406	206	206	206	2	194	94.17	188	91.26
375	data/reference/motifs/JASPAR2026_CORE_plants_non-redundant_pfms_meme.txt	MA2671.1	GLYMA-19G100900	AGCATGCT	1.95e-1	1.00e0	9.27e2	379	206	206	206	10	66	32.04	57	27.67
376	data/reference/motifs/JASPAR2026_CORE_plants_non-redundant_pfms_meme.txt	MA2670.1	GLYMA-15G168800	CAATGATTG	1.42e-1	1.00e0	9.27e2	402	206	206	206	11	6	2.91	2	0.97
377	data/reference/motifs/JASPAR2026_CORE_plants_non-redundant_pfms_meme.txt	MA2668.1	GLYMA-20G155100	RCCGACAT	3.46e-1	1.00e0	9.27e2	367	206	206	206	7	15	7.28	12	5.83
378	data/reference/motifs/JASPAR2026_CORE_plants_non-redundant_pfms_meme.txt	MA2667.1	GLYMA-13G236500	ACGACGGCGGAG	4.19e-1	1.00e0	9.27e2	257	206	206	206	1	130	63.11	127	61.65
379	data/reference/motifs/JASPAR2026_CORE_plants_non-redundant_pfms_meme.txt	MA2666.1	GLYMA-12G117000	GGMGGCGGYGGCGGMGG	2.49e-1	1.00e0	9.27e2	149	206	206	206	26	2	0.97	0	0.00
380	data/reference/motifs/JASPAR2026_CORE_plants_non-redundant_pfms_meme.txt	MA2665.1	GLYMA-11G053600	CACCGACAC	3.43e-1	1.00e0	9.27e2	395	206	206	206	16	4	1.94	2	0.97
381	data/reference/motifs/JASPAR2026_CORE_plants_non-redundant_pfms_meme.txt	MA2663.1	GLYMA-02G261700	TCACCGACATA	2.40e-1	1.00e0	9.27e2	362	206	206	206	5	32	15.53	26	12.62
382	data/reference/motifs/JASPAR2026_CORE_plants_non-redundant_pfms_meme.txt	MA2662.1	GLYMA-13G153200	GCCACGTCA	3.62e-1	1.00e0	9.27e2	404	206	206	206	1	203	98.54	201	97.57
383	data/reference/motifs/JASPAR2026_CORE_plants_non-redundant_pfms_meme.txt	MA2658.1	GLYMA-19G094100	ATTGACTTW	2.72e-1	1.00e0	9.27e2	412	206	206	206	17	7	3.40	4	1.94
384	data/reference/motifs/JASPAR2026_CORE_plants_non-redundant_pfms_meme.txt	MA2657.1	GLYMA-14G028900	AAAAGTCAAA	3.00e-1	1.00e0	9.27e2	410	206	206	206	13	9	4.37	6	2.91
385	data/reference/motifs/JASPAR2026_CORE_plants_non-redundant_pfms_meme.txt	MA2656.1	GLYMA-14G006800	TGGTCAACCA	1.05e-1	1.00e0	9.27e2	410	206	206	206	3	193	93.69	185	89.81
386	data/reference/motifs/JASPAR2026_CORE_plants_non-redundant_pfms_meme.txt	MA2652.1	GLYMA-01G053800	AGTTGAC	2.40e-1	1.00e0	9.27e2	412	206	206	206	9	84	40.78	76	36.89
387	data/reference/motifs/JASPAR2026_CORE_plants_non-redundant_pfms_meme.txt	MA2649.1	GLYMA-08G271900	TGCACATG	1.87e-1	1.00e0	9.27e2	412	206	206	206	12	113	54.85	103	50.00
388	data/reference/motifs/JASPAR2026_CORE_plants_non-redundant_pfms_meme.txt	MA2648.1	GLYMA-19G146000	AAGGTACAC	3.43e-1	1.00e0	9.27e2	411	206	206	206	15	4	1.94	2	0.97
389	data/reference/motifs/JASPAR2026_CORE_plants_non-redundant_pfms_meme.txt	MA2647.1	GLYMA-12G226000	AAGTACAA	1.17e-1	1.00e0	9.27e2	412	206	206	206	13	166	80.58	155	75.24
390	data/reference/motifs/JASPAR2026_CORE_plants_non-redundant_pfms_meme.txt	MA2646.1	GLYMA-11G083900	GTACGGA	2.75e-1	1.00e0	9.27e2	338	206	206	206	2	123	59.71	116	56.31
391	data/reference/motifs/JASPAR2026_CORE_plants_non-redundant_pfms_meme.txt	MA2644.1	GLYMA-14G030700	AACGACGGCA	1.82e-1	1.00e0	9.27e2	340	206	206	206	1	174	84.47	166	80.58
392	data/reference/motifs/JASPAR2026_CORE_plants_non-redundant_pfms_meme.txt	MA2642.1	GLYMA-10G230700	AAGATATTTWTW	9.08e-2	1.00e0	9.27e2	405	206	206	206	3	178	86.41	167	81.07
393	data/reference/motifs/JASPAR2026_CORE_plants_non-redundant_pfms_meme.txt	MA2641.1	GLYMA-01G038600	CCTTATCCA	3.43e-1	1.00e0	9.27e2	412	206	206	206	19	4	1.94	2	0.97
394	data/reference/motifs/JASPAR2026_CORE_plants_non-redundant_pfms_meme.txt	MA2745.1	SlWRKY81	AAGTCAAC	3.43e-1	1.00e0	9.27e2	412	206	206	206	9	129	62.62	124	60.19
395	data/reference/motifs/JASPAR2026_CORE_plants_non-redundant_pfms_meme.txt	MA2744.1	SlWRKY40	AAAGTCAA	1.01e-1	1.00e0	9.27e2	412	206	206	206	21	11	5.34	5	2.43
396	data/reference/motifs/JASPAR2026_CORE_plants_non-redundant_pfms_meme.txt	MA2743.1	SlWRKY23	AAAGTCAAM	1.08e-1	1.00e0	9.27e2	410	206	206	206	15	5	2.43	1	0.49
397	data/reference/motifs/JASPAR2026_CORE_plants_non-redundant_pfms_meme.txt	MA2742.1	SlWRKY11	GTTGACTTTT	2.72e-1	1.00e0	9.27e2	319	206	206	206	5	15	7.28	11	5.34
398	data/reference/motifs/JASPAR2026_CORE_plants_non-redundant_pfms_meme.txt	MA2737.1	SlERF36	CMGCCGCCAC	1.24e-1	1.00e0	9.27e2	366	206	206	206	23	3	1.46	0	0.00
399	data/reference/motifs/JASPAR2026_CORE_plants_non-redundant_pfms_meme.txt	MA2732.1	Sl-ERF_C_4	YCGCCGCCGCCR	2.06e-1	1.00e0	9.27e2	237	206	206	206	2	79	38.35	70	33.98
400	data/reference/motifs/JASPAR2026_CORE_plants_non-redundant_pfms_meme.txt	MA2726.1	SlWRKY41	GTTGACTT	2.92e-1	1.00e0	9.27e2	412	206	206	206	12	34	16.50	29	14.08
401	data/reference/motifs/JASPAR2026_CORE_plants_non-redundant_pfms_meme.txt	MA2725.1	SlWRKY6	AAAGTCAAC	1.21e-1	1.00e0	9.27e2	412	206	206	206	14	41	19.90	31	15.05
402	data/reference/motifs/JASPAR2026_CORE_plants_non-redundant_pfms_meme.txt	MA2723.1	Solyc06g060230	ACACGTCTCT	2.45e-1	1.00e0	9.27e2	409	206	206	206	7	103	50.00	95	46.12
403	data/reference/motifs/JASPAR2026_CORE_plants_non-redundant_pfms_meme.txt	MA2722.1	Sl-ERF_F_2	CGGCGGCKGCGGCGR	5.00e-1	1.00e0	9.27e2	98	206	206	206	20	1	0.49	0	0.00
404	data/reference/motifs/JASPAR2026_CORE_plants_non-redundant_pfms_meme.txt	MA2719.1	lat61	CRCACGTGYG	2.91e-1	1.00e0	9.27e2	143	206	206	206	4	18	8.74	14	6.80
405	data/reference/motifs/JASPAR2026_CORE_plants_non-redundant_pfms_meme.txt	MA2717.1	eil2	AGATTCR	2.11e-1	1.00e0	9.27e2	412	206	206	206	23	87	42.23	78	37.86
406	data/reference/motifs/JASPAR2026_CORE_plants_non-redundant_pfms_meme.txt	MA2716.1	dreb3	CCACCGACCA	1.18e-1	1.00e0	9.27e2	371	206	206	206	3	114	55.34	101	49.03
407	data/reference/motifs/JASPAR2026_CORE_plants_non-redundant_pfms_meme.txt	MA2714.1	APETALA2a	ATTACCTCGTACYA	5.00e-1	1.00e0	9.27e2	163	206	206	206	4	1	0.49	0	0.00
408	data/reference/motifs/JASPAR2026_CORE_plants_non-redundant_pfms_meme.txt	MA2713.1	SlDof14	CTTTTTC	2.96e-1	1.00e0	9.27e2	412	206	206	206	17	19	9.22	15	7.28
409	data/reference/motifs/JASPAR2026_CORE_plants_non-redundant_pfms_meme.txt	MA2712.1	eil1	TCTAGATACATTGAATCT	4.17e-1	1.00e0	9.27e2	170	206	206	206	3	13	6.31	11	5.34
410	data/reference/motifs/JASPAR2026_CORE_plants_non-redundant_pfms_meme.txt	MA2710.1	SolycHsfB1	TTCTAGAA	1.24e-1	1.00e0	9.27e2	370	206	206	206	8	42	20.39	32	15.53
411	data/reference/motifs/JASPAR2026_CORE_plants_non-redundant_pfms_meme.txt	MA2752.1	TaOBF1b	TGCCACGTCATCATC	5.00e-1	1.00e0	9.27e2	265	206	206	206	14	1	0.49	0	0.00
412	data/reference/motifs/JASPAR2026_CORE_plants_non-redundant_pfms_meme.txt	MA2751.1	TraesCS2B02G304400	CCACTCGACC	5.00e-1	1.00e0	9.27e2	370	206	206	206	11	3	1.46	2	0.97
413	data/reference/motifs/JASPAR2026_CORE_plants_non-redundant_pfms_meme.txt	MA2750.1	TraesCS7B02G142200	TGTACGGAC	2.06e-1	1.00e0	9.27e2	384	206	206	206	5	51	24.76	43	20.87
414	data/reference/motifs/JASPAR2026_CORE_plants_non-redundant_pfms_meme.txt	MA2749.1	TraesCS2D02G576500	GAAGCAAC	9.85e-2	1.00e0	9.27e2	411	206	206	206	4	198	96.12	191	92.72
415	data/reference/motifs/JASPAR2026_CORE_plants_non-redundant_pfms_meme.txt	MA2748.1	TraesCS6B02G321100	CAATTATTG	2.07e-1	1.00e0	9.27e2	410	206	206	206	7	162	78.64	154	74.76
416	data/reference/motifs/JASPAR2026_CORE_plants_non-redundant_pfms_meme.txt	MA2747.1	TraesCS6A02G290800	CAATAATTG	1.18e-1	1.00e0	9.27e2	412	206	206	206	13	105	50.97	92	44.66
417	data/reference/motifs/JASPAR2026_CORE_plants_non-redundant_pfms_meme.txt	MA2762.1	myb53	AGTTAGGCAC	1.01e-1	1.00e0	9.27e2	392	206	206	206	2	182	88.35	172	83.50
418	data/reference/motifs/JASPAR2026_CORE_plants_non-redundant_pfms_meme.txt	MA2758.1	ereb122	CCGACCA	1.69e-1	1.00e0	9.27e2	411	206	206	206	22	7	3.40	3	1.46
419	data/reference/motifs/JASPAR2026_CORE_plants_non-redundant_pfms_meme.txt	MA2756.1	dfo23	TACCTTTTTCT	2.13e-1	1.00e0	9.27e2	412	206	206	206	16	122	59.22	113	54.85
420	data/reference/motifs/JASPAR2026_CORE_plants_non-redundant_pfms_meme.txt	MA2754.1	wrky38	CGTGGACC	2.49e-1	1.00e0	9.27e2	405	206	206	206	30	2	0.97	0	0.00
421	data/reference/motifs/JASPAR2026_CORE_plants_non-redundant_pfms_meme.txt	MA2753.1	cpp8	GAATTTGAAW	1.23e-1	1.00e0	9.27e2	412	206	206	206	13	183	88.83	174	84.47
422	data/reference/motifs/JASPAR2026_CORE_plants_non-redundant_pfms_meme.txt	MA2627.1	bzip9	CACGTCA	2.10e-1	1.00e0	9.27e2	412	206	206	206	10	129	62.62	120	58.25
423	data/reference/motifs/JASPAR2026_CORE_plants_non-redundant_pfms_meme.txt	MA2626.1	bzip40	GTGACGTGGC	1.08e-1	1.00e0	9.27e2	406	206	206	206	1	205	99.51	201	97.57
424	data/reference/motifs/JASPAR2026_CORE_plants_non-redundant_pfms_meme.txt	MA2625.1	mybr17	CATTATC	2.63e-1	1.00e0	9.27e2	412	206	206	206	33	69	33.50	62	30.10
425	data/reference/motifs/JASPAR2026_CORE_plants_non-redundant_pfms_meme.txt	MA2624.1	myb37	TAACCGAA	2.35e-1	1.00e0	9.27e2	412	206	206	206	8	199	96.60	195	94.66
426	data/reference/motifs/JASPAR2026_CORE_plants_non-redundant_pfms_meme.txt	MA2623.1	hb66	CCAATCA	1.23e-1	1.00e0	9.27e2	412	206	206	206	37	54	26.21	43	20.87
427	data/reference/motifs/JASPAR2026_CORE_plants_non-redundant_pfms_meme.txt	MA2621.1	glk25	TGATTCCA	1.71e-1	1.00e0	9.27e2	412	206	206	206	23	50	24.27	41	19.90
428	data/reference/motifs/JASPAR2026_CORE_plants_non-redundant_pfms_meme.txt	MA2620.1	g2	CCTTATCC	5.00e-1	1.00e0	9.27e2	412	206	206	206	2	205	99.51	204	99.03
429	data/reference/motifs/JASPAR2026_CORE_plants_non-redundant_pfms_meme.txt	MA2619.1	ereb18	CCGCCGCCGCCCGCC	3.93e-1	1.00e0	9.27e2	156	206	206	206	12	8	3.88	6	2.91
430	data/reference/motifs/JASPAR2026_CORE_plants_non-redundant_pfms_meme.txt	MA2618.1	ereb102	CGACGGCGA	2.71e-1	1.00e0	9.27e2	336	206	206	206	2	131	63.59	124	60.19
431	data/reference/motifs/JASPAR2026_CORE_plants_non-redundant_pfms_meme.txt	MA2617.1	ereb54	GCGGCGGCGGC	5.00e-1	1.00e0	9.27e2	117	206	206	206	7	4	1.94	3	1.46
432	data/reference/motifs/JASPAR2026_CORE_plants_non-redundant_pfms_meme.txt	MA2616.1	ereb17	CGCCGCCGCCGCCS	4.18e-1	1.00e0	9.27e2	145	206	206	206	1	74	35.92	71	34.47
433	data/reference/motifs/JASPAR2026_CORE_plants_non-redundant_pfms_meme.txt	MA2613.1	ereb34	GCCGCCGCCGCCCS	3.93e-1	1.00e0	9.27e2	159	206	206	206	8	8	3.88	6	2.91
434	data/reference/motifs/JASPAR2026_CORE_plants_non-redundant_pfms_meme.txt	MA2609.1	ereb172	CAGCCGCA	1.80e-1	1.00e0	9.27e2	394	206	206	206	3	160	77.67	151	73.30
435	data/reference/motifs/JASPAR2026_CORE_plants_non-redundant_pfms_meme.txt	MA2608.1	glk53	AAGGAATATTCTTT	2.63e-1	1.00e0	9.27e2	404	206	206	206	3	171	83.01	165	80.10
436	data/reference/motifs/JASPAR2026_CORE_plants_non-redundant_pfms_meme.txt	MA2607.1	tcptf23	GGGACCAC	1.08e-1	1.00e0	9.27e2	403	206	206	206	13	16	7.77	9	4.37
437	data/reference/motifs/JASPAR2026_CORE_plants_non-redundant_pfms_meme.txt	MA2606.1	mybr43	CCTTATCC	7.49e-1	1.00e0	9.27e2	412	206	206	206	4	201	97.57	202	98.06
438	data/reference/motifs/JASPAR2026_CORE_plants_non-redundant_pfms_meme.txt	MA2605.1	mybr26	CCTTATCC	3.12e-1	1.00e0	9.27e2	412	206	206	206	31	3	1.46	1	0.49
439	data/reference/motifs/JASPAR2026_CORE_plants_non-redundant_pfms_meme.txt	MA2473.1	HB88	TTGATTG	1.37e-1	1.00e0	9.27e2	412	206	206	206	39	96	46.60	84	40.78
440	data/reference/motifs/JASPAR2026_CORE_plants_non-redundant_pfms_meme.txt	MA2475.1	HOX6	TGATTG	1.86e-1	1.00e0	9.27e2	412	206	206	206	73	4	1.94	1	0.49
441	data/reference/motifs/JASPAR2026_CORE_plants_non-redundant_pfms_meme.txt	MA1378.2	AIL6	TCCTCGA	3.43e-1	1.00e0	9.27e2	412	206	206	206	35	4	1.94	2	0.97
442	data/reference/motifs/JASPAR2026_CORE_plants_non-redundant_pfms_meme.txt	MA2639.1	FUL::SOC1	TTCCATTTTTGG	1.30e-1	1.00e0	9.27e2	411	206	206	206	4	202	98.06	197	95.63
443	data/reference/motifs/JASPAR2026_CORE_plants_non-redundant_pfms_meme.txt	MA2638.1	FUL::SEP3	TTWCTATTTATAGTAA	3.00e-1	1.00e0	9.27e2	314	206	206	206	6	9	4.37	6	2.91
444	data/reference/motifs/JASPAR2026_CORE_plants_non-redundant_pfms_meme.txt	MA2637.1	FUL::AG::SEP3	WTWCCAWAAATAGAAA	1.70e-1	1.00e0	9.27e2	408	206	206	206	5	146	70.87	136	66.02
445	data/reference/motifs/JASPAR2026_CORE_plants_non-redundant_pfms_meme.txt	MA2636.1	FUL::AG	WCTTTCCATTTTTRGAAA	3.28e-1	1.00e0	9.27e2	303	206	206	206	1	154	74.76	149	72.33
446	data/reference/motifs/JASPAR2026_CORE_plants_non-redundant_pfms_meme.txt	MA2635.1	FUL	TTWCCAWAAATAGAAA	2.75e-1	1.00e0	9.27e2	380	206	206	206	3	121	58.74	114	55.34
447	data/reference/motifs/JASPAR2026_CORE_plants_non-redundant_pfms_meme.txt	MA2634.1	EIN3	AGATTCATTGAATCT	2.49e-1	1.00e0	9.27e2	307	206	206	206	11	2	0.97	0	0.00
448	data/reference/motifs/JASPAR2026_CORE_plants_non-redundant_pfms_meme.txt	MA1355.2	TRB2	WARCCCTAAWT	5.60e-1	1.00e0	9.27e2	257	206	206	206	3	25	12.14	25	12.14
449	data/reference/motifs/JASPAR2026_CORE_plants_non-redundant_pfms_meme.txt	MA1353.2	AT1G72740	RWTTAGGGTTT	2.41e-1	1.00e0	9.27e2	325	206	206	206	3	51	24.76	44	21.36
450	data/reference/motifs/JASPAR2026_CORE_plants_non-redundant_pfms_meme.txt	MA2479.1	TCX5	ATTCAAAT	1.13e-1	1.00e0	9.27e2	412	206	206	206	20	87	42.23	74	35.92
451	data/reference/motifs/JASPAR2026_CORE_plants_non-redundant_pfms_meme.txt	MA1321.2	SPL13A	TGTACGGA	1.07e-1	1.00e0	9.27e2	349	206	206	206	2	141	68.45	128	62.14
452	data/reference/motifs/JASPAR2026_CORE_plants_non-redundant_pfms_meme.txt	MA1060.2	SPL7	CGTACG	5.00e-1	1.00e0	9.27e2	412	206	206	206	27	24	11.65	23	11.17
453	data/reference/motifs/JASPAR2026_CORE_plants_non-redundant_pfms_meme.txt	MA0586.3	SPL14	TCCGTAC	2.69e-1	1.00e0	9.27e2	208	206	206	206	2	44	21.36	38	18.45
454	data/reference/motifs/JASPAR2026_CORE_plants_non-redundant_pfms_meme.txt	MA1742.2	BIZP18	TGMCAGCTGK	1.86e-1	1.00e0	9.27e2	309	206	206	206	2	97	47.09	87	42.23
455	data/reference/motifs/JASPAR2026_CORE_plants_non-redundant_pfms_meme.txt	MA1672.2	GBF2	SACGTGGCA	3.40e-1	1.00e0	9.27e2	410	206	206	206	4	177	85.92	173	83.98
456	data/reference/motifs/JASPAR2026_CORE_plants_non-redundant_pfms_meme.txt	MA2477.1	NGA4	TTCAGGTR	1.48e-1	1.00e0	9.27e2	412	206	206	206	10	74	35.92	63	30.58
457	data/reference/motifs/JASPAR2026_CORE_plants_non-redundant_pfms_meme.txt	MA2476.1	KNAT7	TGACRKCT	2.03e-1	1.00e0	9.27e2	363	206	206	206	4	75	36.41	66	32.04
458	data/reference/motifs/JASPAR2026_CORE_plants_non-redundant_pfms_meme.txt	MA2474.1	HMGB10	TWATAA	9.33e-2	1.00e0	9.27e2	409	206	206	206	12	135	65.53	121	58.74
459	data/reference/motifs/JASPAR2026_CORE_plants_non-redundant_pfms_meme.txt	MA2344.1	REV	AATMATCATTATTA	2.87e-1	1.00e0	9.27e2	411	206	206	206	3	201	97.57	198	96.12
460	data/reference/motifs/JASPAR2026_CORE_plants_non-redundant_pfms_meme.txt	MA2459.1	EDF3	RCAACAKA	1.44e-1	1.00e0	9.27e2	377	206	206	206	1	192	93.20	185	89.81
461	data/reference/motifs/JASPAR2026_CORE_plants_non-redundant_pfms_meme.txt	MA1738.1	ATMYB31	YAMCTMCCAACHAMH	1.88e-1	1.00e0	9.27e2	403	206	206	206	5	107	51.94	97	47.09
462	data/reference/motifs/JASPAR2026_CORE_plants_non-redundant_pfms_meme.txt	MA1205.1	AGL6	TTWCCAAAAAWGGAAAAWW	3.40e-1	1.00e0	9.27e2	265	206	206	206	1	135	65.53	130	63.11
463	data/reference/motifs/JASPAR2026_CORE_plants_non-redundant_pfms_meme.txt	MA1204.1	AGL13	TTWCCAAAAAWRGWAAAW	2.77e-1	1.00e0	9.27e2	203	206	206	206	1	105	50.97	98	47.57
464	data/reference/motifs/JASPAR2026_CORE_plants_non-redundant_pfms_meme.txt	MA1199.1	AGL16	TTTCCWTTTTDGGWA	2.55e-1	1.00e0	9.27e2	333	206	206	206	3	61	29.61	54	26.21
465	data/reference/motifs/JASPAR2026_CORE_plants_non-redundant_pfms_meme.txt	MA1188.1	At3g11280	AWYCTTATCTTHWY	4.57e-1	1.00e0	9.27e2	412	206	206	206	7	148	71.84	146	70.87
466	data/reference/motifs/JASPAR2026_CORE_plants_non-redundant_pfms_meme.txt	MA1042.1	MYB59	RTTAGGTA	9.80e-2	1.00e0	9.27e2	412	206	206	206	17	96	46.60	82	39.81
467	data/reference/motifs/JASPAR2026_CORE_plants_non-redundant_pfms_meme.txt	MA1012.1	AGL27	CTTTCYATTTTKGG	2.04e-1	1.00e0	9.27e2	319	206	206	206	3	50	24.27	42	20.39
468	data/reference/motifs/JASPAR2026_CORE_plants_non-redundant_pfms_meme.txt	MA0574.1	MYB15	CRACGGTAGGTGG	8.76e-1	1.00e0	9.27e2	68	206	206	206	3	1	0.49	2	0.97
469	data/reference/motifs/JASPAR2026_CORE_plants_non-redundant_pfms_meme.txt	MA0559.1	PI	CCAAAARWRGAAAR	1.61e-1	1.00e0	9.27e2	412	206	206	206	21	11	5.34	6	2.91
470	data/reference/motifs/JASPAR2026_CORE_plants_non-redundant_pfms_meme.txt	MA0955.2	POPTR_0002s00440g	GTACGG	1.58e-1	1.00e0	9.27e2	412	206	206	206	22	128	62.14	117	56.80
471	data/reference/motifs/JASPAR2026_CORE_plants_non-redundant_pfms_meme.txt	MA2482.1	PK27693.1	TTATC	3.62e-1	1.00e0	9.27e2	412	206	206	206	67	203	98.54	201	97.57
472	data/reference/motifs/JASPAR2026_CORE_plants_non-redundant_pfms_meme.txt	MA2481.1	PK12011.1	AACGG	1.75e-1	1.00e0	9.27e2	412	206	206	206	24	163	79.13	154	74.76
473	data/reference/motifs/JASPAR2026_CORE_plants_non-redundant_pfms_meme.txt	MA2040.2	ENAP2	CTCCGGCGA	5.00e-1	1.00e0	9.27e2	263	206	206	206	24	1	0.49	0	0.00
474	data/reference/motifs/JASPAR2026_CORE_plants_non-redundant_pfms_meme.txt	MA2039.2	ASIL2	CTCCGGCGA	5.00e-1	1.00e0	9.27e2	272	206	206	206	25	1	0.49	0	0.00
475	data/reference/motifs/JASPAR2026_CORE_plants_non-redundant_pfms_meme.txt	MA1661.2	GTL1	GGTTAAAA	3.12e-1	1.00e0	9.27e2	412	206	206	206	6	205	99.51	203	98.54
476	data/reference/motifs/JASPAR2026_CORE_plants_non-redundant_pfms_meme.txt	MA1366.2	DF1	RGTAAAAA	1.86e-1	1.00e0	9.27e2	412	206	206	206	4	205	99.51	202	98.06
477	data/reference/motifs/JASPAR2026_CORE_plants_non-redundant_pfms_meme.txt	MA1365.3	AT5G47660	GGTAAAA	1.96e-1	1.00e0	9.27e2	412	206	206	206	17	14	6.80	9	4.37
478	data/reference/motifs/JASPAR2026_CORE_plants_non-redundant_pfms_meme.txt	MA2031.2	AT5G04760	CTTATCY	1.86e-1	1.00e0	9.27e2	412	206	206	206	5	205	99.51	202	98.06
479	data/reference/motifs/JASPAR2026_CORE_plants_non-redundant_pfms_meme.txt	MA1802.2	TRP5	WAAACCY	1.12e-1	1.00e0	9.27e2	412	206	206	206	72	48	23.30	37	17.96
480	data/reference/motifs/JASPAR2026_CORE_plants_non-redundant_pfms_meme.txt	MA1793.2	NID1	TTATCC	2.49e-1	1.00e0	9.27e2	412	206	206	206	42	206	100.00	204	99.03
481	data/reference/motifs/JASPAR2026_CORE_plants_non-redundant_pfms_meme.txt	MA1400.2	AT1G19000	WWWTGGATAAGRW	1.46e-1	1.00e0	9.27e2	388	206	206	206	8	10	4.85	5	2.43
482	data/reference/motifs/JASPAR2026_CORE_plants_non-redundant_pfms_meme.txt	MA1398.3	KUA1	CTTATCCA	5.00e-1	1.00e0	9.27e2	412	206	206	206	5	206	100.00	205	99.51
483	data/reference/motifs/JASPAR2026_CORE_plants_non-redundant_pfms_meme.txt	MA1196.2	AT5G05790	AWYCTTATCYTNWT	4.56e-1	1.00e0	9.27e2	412	206	206	206	6	150	72.82	148	71.84
484	data/reference/motifs/JASPAR2026_CORE_plants_non-redundant_pfms_meme.txt	MA1195.2	AT5G56840	AAYCTTATCCAWWW	4.10e-1	1.00e0	9.27e2	404	206	206	206	10	11	5.34	9	4.37
485	data/reference/motifs/JASPAR2026_CORE_plants_non-redundant_pfms_meme.txt	MA1194.2	AT3G10580	DWDWRGATAAGVWT	3.00e-1	1.00e0	9.27e2	411	206	206	206	13	9	4.37	6	2.91
486	data/reference/motifs/JASPAR2026_CORE_plants_non-redundant_pfms_meme.txt	MA1193.2	AT2G38090	WDWGGATAAGDAT	9.82e-2	1.00e0	9.27e2	408	206	206	206	4	165	80.10	153	74.27
487	data/reference/motifs/JASPAR2026_CORE_plants_non-redundant_pfms_meme.txt	MA1192.2	DIV1	WRGATAAGRTT	1.08e-1	1.00e0	9.27e2	405	206	206	206	2	197	95.63	190	92.23
488	data/reference/motifs/JASPAR2026_CORE_plants_non-redundant_pfms_meme.txt	MA1189.2	AT5G61620	WWWTGGATAAGRWW	1.10e-1	1.00e0	9.27e2	412	206	206	206	14	8	3.88	3	1.46
489	data/reference/motifs/JASPAR2026_CORE_plants_non-redundant_pfms_meme.txt	MA1186.2	YAB4	AWYCTTATCYW	5.00e-1	1.00e0	9.27e2	412	206	206	206	2	206	100.00	205	99.51
490	data/reference/motifs/JASPAR2026_CORE_plants_non-redundant_pfms_meme.txt	MA0579.2	CDC5	GCTCAGCGC	5.00e-1	1.00e0	9.27e2	353	206	206	206	9	4	1.94	3	1.46
491	data/reference/motifs/JASPAR2026_CORE_plants_non-redundant_pfms_meme.txt	MA2041.2	MYB13	YCACCAACCA	1.14e-1	1.00e0	9.27e2	412	206	206	206	19	12	5.83	6	2.91
492	data/reference/motifs/JASPAR2026_CORE_plants_non-redundant_pfms_meme.txt	MA2030.2	MYB96	MCCAACTACCA	1.24e-1	1.00e0	9.27e2	403	206	206	206	25	3	1.46	0	0.00
493	data/reference/motifs/JASPAR2026_CORE_plants_non-redundant_pfms_meme.txt	MA2029.2	MYB88	ACGCTCCTC	2.44e-1	1.00e0	9.27e2	299	206	206	206	2	97	47.09	89	43.20
494	data/reference/motifs/JASPAR2026_CORE_plants_non-redundant_pfms_meme.txt	MA2027.2	MYB44	HAACGGTCA	1.11e-1	1.00e0	9.27e2	401	206	206	206	9	22	10.68	14	6.80
495	data/reference/motifs/JASPAR2026_CORE_plants_non-redundant_pfms_meme.txt	MA2025.2	MYB93	TACCAAAC	8.89e-2	1.00e0	9.27e2	412	206	206	206	25	14	6.80	7	3.40
496	data/reference/motifs/JASPAR2026_CORE_plants_non-redundant_pfms_meme.txt	MA2008.2	MYB99	CACCTAMY	2.67e-1	1.00e0	9.27e2	373	206	206	206	5	43	20.87	37	17.96
497	data/reference/motifs/JASPAR2026_CORE_plants_non-redundant_pfms_meme.txt	MA2007.2	MYB107	CACCAAAC	9.49e-2	1.00e0	9.27e2	412	206	206	206	11	154	74.76	141	68.45
498	data/reference/motifs/JASPAR2026_CORE_plants_non-redundant_pfms_meme.txt	MA1780.2	MYB92	ACCTAAC	2.25e-1	1.00e0	9.27e2	410	206	206	206	12	28	13.59	22	10.68
499	data/reference/motifs/JASPAR2026_CORE_plants_non-redundant_pfms_meme.txt	MA1774.2	MYB60	YCAACYACYT	1.24e-1	1.00e0	9.27e2	410	206	206	206	16	3	1.46	0	0.00
500	data/reference/motifs/JASPAR2026_CORE_plants_non-redundant_pfms_meme.txt	MA1773.2	MYB51	YYYACCWACYW	1.72e-1	1.00e0	9.27e2	401	206	206	206	2	194	94.17	188	91.26
501	data/reference/motifs/JASPAR2026_CORE_plants_non-redundant_pfms_meme.txt	MA1768.2	MYB30	CCAACYACCAMC	1.24e-1	1.00e0	9.27e2	409	206	206	206	1	206	100.00	203	98.54
502	data/reference/motifs/JASPAR2026_CORE_plants_non-redundant_pfms_meme.txt	MA1765.2	MYB121	TACCTAACW	2.51e-1	1.00e0	9.27e2	409	206	206	206	11	22	10.68	17	8.25
503	data/reference/motifs/JASPAR2026_CORE_plants_non-redundant_pfms_meme.txt	MA1394.3	MYB73	AACGGTCA	1.00e-1	1.00e0	9.27e2	408	206	206	206	6	107	51.94	93	45.15
504	data/reference/motifs/JASPAR2026_CORE_plants_non-redundant_pfms_meme.txt	MA1393.3	MYB70	AACCGTT	1.62e-1	1.00e0	9.27e2	412	206	206	206	10	104	50.49	93	45.15
505	data/reference/motifs/JASPAR2026_CORE_plants_non-redundant_pfms_meme.txt	MA1392.3	MYB98	WMCGTTAC	1.42e-1	1.00e0	9.27e2	388	206	206	206	5	68	33.01	57	27.67
506	data/reference/motifs/JASPAR2026_CORE_plants_non-redundant_pfms_meme.txt	MA1294.2	MYB62	WAGTTAGGY	1.89e-1	1.00e0	9.27e2	411	206	206	206	10	30	14.56	23	11.17
507	data/reference/motifs/JASPAR2026_CORE_plants_non-redundant_pfms_meme.txt	MA1180.2	MYB3R4	WWWTRACCGTTR	3.00e-1	1.00e0	9.27e2	254	206	206	206	4	9	4.37	6	2.91
508	data/reference/motifs/JASPAR2026_CORE_plants_non-redundant_pfms_meme.txt	MA1173.2	MYB101	TAACCGAAW	8.73e-2	1.00e0	9.27e2	412	206	206	206	16	144	69.90	130	63.11
509	data/reference/motifs/JASPAR2026_CORE_plants_non-redundant_pfms_meme.txt	MA1171.2	MYB52	ACCGTTA	2.61e-1	1.00e0	9.27e2	285	206	206	206	3	40	19.42	34	16.50
510	data/reference/motifs/JASPAR2026_CORE_plants_non-redundant_pfms_meme.txt	MA1038.2	MYB3	GGTAGGTA	1.30e-1	1.00e0	9.27e2	400	206	206	206	5	81	39.32	69	33.50
511	data/reference/motifs/JASPAR2026_CORE_plants_non-redundant_pfms_meme.txt	MA1037.2	MYB24	GTTAGGY	1.08e-1	1.00e0	9.27e2	412	206	206	206	73	16	7.77	9	4.37
512	data/reference/motifs/JASPAR2026_CORE_plants_non-redundant_pfms_meme.txt	MA1030.2	P0510F09.23	WRMCCTA	1.62e-1	1.00e0	9.27e2	412	206	206	206	27	113	54.85	102	49.51
513	data/reference/motifs/JASPAR2026_CORE_plants_non-redundant_pfms_meme.txt	MA0576.2	RAX3	GGGGGTAGGTGS	3.43e-1	1.00e0	9.27e2	85	206	206	206	3	4	1.94	2	0.97
514	data/reference/motifs/JASPAR2026_CORE_plants_non-redundant_pfms_meme.txt	MA0575.2	MYB77	GACRGTTAS	1.55e-1	1.00e0	9.27e2	364	206	206	206	3	84	40.78	73	35.44
515	data/reference/motifs/JASPAR2026_CORE_plants_non-redundant_pfms_meme.txt	MA1830.2	Zm00001d015407	AAGGAATATTCTTTTT	2.25e-1	1.00e0	9.27e2	387	206	206	206	11	5	2.43	2	0.97
516	data/reference/motifs/JASPAR2026_CORE_plants_non-redundant_pfms_meme.txt	MA1737.2	AT5G05090	AGATHCG	3.78e-1	1.00e0	9.27e2	412	206	206	206	9	184	89.32	181	87.86
517	data/reference/motifs/JASPAR2026_CORE_plants_non-redundant_pfms_meme.txt	MA1735.2	AT2G38300	AAHATTCYHT	1.86e-1	1.00e0	9.27e2	412	206	206	206	3	205	99.51	202	98.06
518	data/reference/motifs/JASPAR2026_CORE_plants_non-redundant_pfms_meme.txt	MA1390.3	HHO2	AAGATTCC	5.00e-1	1.00e0	9.27e2	412	206	206	206	5	195	94.66	194	94.17
519	data/reference/motifs/JASPAR2026_CORE_plants_non-redundant_pfms_meme.txt	MA1388.2	PHL2	VGAATMT	2.13e-1	1.00e0	9.27e2	411	206	206	206	4	195	94.66	190	92.23
520	data/reference/motifs/JASPAR2026_CORE_plants_non-redundant_pfms_meme.txt	MA1387.2	HRS1	ATCRAAGATTCY	3.74e-1	1.00e0	9.27e2	401	206	206	206	2	186	90.29	183	88.83
521	data/reference/motifs/JASPAR2026_CORE_plants_non-redundant_pfms_meme.txt	MA1386.3	HHO3	AAGATTCT	4.20e-1	1.00e0	9.27e2	412	206	206	206	10	84	40.78	81	39.32
522	data/reference/motifs/JASPAR2026_CORE_plants_non-redundant_pfms_meme.txt	MA1385.2	AT2G40260	AAHATTCTYT	1.69e-1	1.00e0	9.27e2	411	206	206	206	3	203	98.54	199	96.60
523	data/reference/motifs/JASPAR2026_CORE_plants_non-redundant_pfms_meme.txt	MA1383.2	KAN2	AATATTCTTT	1.24e-1	1.00e0	9.27e2	409	206	206	206	17	3	1.46	0	0.00
524	data/reference/motifs/JASPAR2026_CORE_plants_non-redundant_pfms_meme.txt	MA1168.2	MYR2	RGAATMTT	3.86e-1	1.00e0	9.27e2	403	206	206	206	8	29	14.08	26	12.62
525	data/reference/motifs/JASPAR2026_CORE_plants_non-redundant_pfms_meme.txt	MA1167.2	EFM	RGAATATTC	2.72e-1	1.00e0	9.27e2	396	206	206	206	7	27	13.11	22	10.68
526	data/reference/motifs/JASPAR2026_CORE_plants_non-redundant_pfms_meme.txt	MA1165.3	HHO6	AGATTCT	2.35e-1	1.00e0	9.27e2	412	206	206	206	13	76	36.89	68	33.01
527	data/reference/motifs/JASPAR2026_CORE_plants_non-redundant_pfms_meme.txt	MA1163.3	PHL11	AGAATATTCT	1.27e-1	1.00e0	9.27e2	371	206	206	206	2	189	91.75	181	87.86
528	data/reference/motifs/JASPAR2026_CORE_plants_non-redundant_pfms_meme.txt	MA1409.2	OsRR22	AGATACGST	3.20e-1	1.00e0	9.27e2	407	206	206	206	3	185	89.81	181	87.86
529	data/reference/motifs/JASPAR2026_CORE_plants_non-redundant_pfms_meme.txt	MA0948.2	ARR18	AGATACG	5.62e-1	1.00e0	9.27e2	412	206	206	206	35	23	11.17	23	11.17
530	data/reference/motifs/JASPAR2026_CORE_plants_non-redundant_pfms_meme.txt	MA0945.2	ARR1	RDATCT	1.64e-1	1.00e0	9.27e2	412	206	206	206	91	17	8.25	11	5.34
531	data/reference/motifs/JASPAR2026_CORE_plants_non-redundant_pfms_meme.txt	MA2022.2	LOB	CCGCCGCCGCMGC	2.49e-1	1.00e0	9.27e2	167	206	206	206	22	2	0.97	0	0.00
532	data/reference/motifs/JASPAR2026_CORE_plants_non-redundant_pfms_meme.txt	MA2021.2	LBD13	TCCACCGT	2.49e-1	1.00e0	9.27e2	407	206	206	206	34	2	0.97	0	0.00
533	data/reference/motifs/JASPAR2026_CORE_plants_non-redundant_pfms_meme.txt	MA1673.2	LBD18	GCCGGAAA	2.65e-1	1.00e0	9.27e2	409	206	206	206	5	170	82.52	164	79.61
534	data/reference/motifs/JASPAR2026_CORE_plants_non-redundant_pfms_meme.txt	MA1823.2	Zm00001d027846	AAAGAAAA	2.56e-1	1.00e0	9.27e2	412	206	206	206	50	174	84.47	168	81.55
535	data/reference/motifs/JASPAR2026_CORE_plants_non-redundant_pfms_meme.txt	MA1747.2	DOF4.3	WAAAGWRGCTTTW	3.12e-1	1.00e0	9.27e2	159	206	206	206	4	3	1.46	1	0.49
536	data/reference/motifs/JASPAR2026_CORE_plants_non-redundant_pfms_meme.txt	MA1281.2	DOF5.1	AAAAAGWAAAAARAAAAAR	1.89e-1	1.00e0	9.27e2	412	206	206	206	8	183	88.83	176	85.44
537	data/reference/motifs/JASPAR2026_CORE_plants_non-redundant_pfms_meme.txt	MA1280.2	DOF5.4	AAAAAGK	2.49e-1	1.00e0	9.27e2	412	206	206	206	14	157	76.21	150	72.82
538	data/reference/motifs/JASPAR2026_CORE_plants_non-redundant_pfms_meme.txt	MA1279.2	DOF1.5	AAADDAAAAAGTRAAA	2.67e-1	1.00e0	9.27e2	411	206	206	206	11	138	66.99	131	63.59
539	data/reference/motifs/JASPAR2026_CORE_plants_non-redundant_pfms_meme.txt	MA1278.2	DOF3.4	TTYTTTTTTWVCTTTTT	3.12e-1	1.00e0	9.27e2	412	206	206	206	36	3	1.46	1	0.49
540	data/reference/motifs/JASPAR2026_CORE_plants_non-redundant_pfms_meme.txt	MA1277.2	DOF1.7	AAAAAGTARAA	1.33e-1	1.00e0	9.27e2	412	206	206	206	16	170	82.52	160	77.67
541	data/reference/motifs/JASPAR2026_CORE_plants_non-redundant_pfms_meme.txt	MA1276.2	DOF3.5	AWAAAGK	8.92e-2	1.00e0	9.27e2	412	206	206	206	14	48	23.30	36	17.48
542	data/reference/motifs/JASPAR2026_CORE_plants_non-redundant_pfms_meme.txt	MA1275.2	DOF1.6	AWAAAGTR	1.90e-1	1.00e0	9.27e2	412	206	206	206	8	202	98.06	198	96.12
543	data/reference/motifs/JASPAR2026_CORE_plants_non-redundant_pfms_meme.txt	MA1273.2	DOF4.2	AAAAAGGYAAA	2.21e-1	1.00e0	9.27e2	411	206	206	206	5	194	94.17	189	91.75
544	data/reference/motifs/JASPAR2026_CORE_plants_non-redundant_pfms_meme.txt	MA1272.3	DOF2.2	AAAAAG	1.18e-1	1.00e0	9.27e2	412	206	206	206	8	104	50.49	91	44.17
545	data/reference/motifs/JASPAR2026_CORE_plants_non-redundant_pfms_meme.txt	MA1270.2	DOF3.2	TWACTTTTTNNYTTTT	2.36e-1	1.00e0	9.27e2	412	206	206	206	14	48	23.30	41	19.90
546	data/reference/motifs/JASPAR2026_CORE_plants_non-redundant_pfms_meme.txt	MA1269.2	DOF4.5	AWAAAGTWRCTTT	5.00e-1	1.00e0	9.27e2	412	206	206	206	5	201	97.57	200	97.09
547	data/reference/motifs/JASPAR2026_CORE_plants_non-redundant_pfms_meme.txt	MA1267.2	DOF5.8	TTTTTHYTTTTTACTTTTT	1.42e-1	1.00e0	9.27e2	412	206	206	206	5	204	99.03	200	97.09
548	data/reference/motifs/JASPAR2026_CORE_plants_non-redundant_pfms_meme.txt	MA1022.2	PHYPADRAFT_38837	AAAG	1.14e-1	1.00e0	9.27e2	412	206	206	206	196	12	5.83	6	2.91
549	data/reference/motifs/JASPAR2026_CORE_plants_non-redundant_pfms_meme.txt	MA0989.2	PHYPADRAFT_153324	WAAAG	2.19e-1	1.00e0	9.27e2	412	206	206	206	169	173	83.98	166	80.58
550	data/reference/motifs/JASPAR2026_CORE_plants_non-redundant_pfms_meme.txt	MA0984.2	DOF5.7	AAARR	1.03e-1	1.00e0	9.27e2	412	206	206	206	178	188	91.26	179	86.89
551	data/reference/motifs/JASPAR2026_CORE_plants_non-redundant_pfms_meme.txt	MA0983.2	DOF5.6	AAMG	2.11e-1	1.00e0	9.27e2	412	206	206	206	78	127	61.65	118	57.28
552	data/reference/motifs/JASPAR2026_CORE_plants_non-redundant_pfms_meme.txt	MA0981.2	DOF1.8	AAAG	1.14e-1	1.00e0	9.27e2	412	206	206	206	196	12	5.83	6	2.91
553	data/reference/motifs/JASPAR2026_CORE_plants_non-redundant_pfms_meme.txt	MA0973.2	CDF2	AAAAAGY	2.14e-1	1.00e0	9.27e2	412	206	206	206	41	175	84.95	168	81.55
554	data/reference/motifs/JASPAR2026_CORE_plants_non-redundant_pfms_meme.txt	MA0020.2	Dof2	AAAGC	9.85e-2	1.00e0	9.27e2	412	206	206	206	21	189	91.75	180	87.38
555	data/reference/motifs/JASPAR2026_CORE_plants_non-redundant_pfms_meme.txt	MA1755.2	GATA4	GATC	5.00e-1	1.00e0	9.27e2	412	206	206	206	76	205	99.51	204	99.03
556	data/reference/motifs/JASPAR2026_CORE_plants_non-redundant_pfms_meme.txt	MA1396.2	GATA6	AGATCTAGAT	2.89e-1	1.00e0	9.27e2	302	206	206	206	1	154	74.76	148	71.84
557	data/reference/motifs/JASPAR2026_CORE_plants_non-redundant_pfms_meme.txt	MA1325.2	GATA14	TAGATCTR	2.76e-1	1.00e0	9.27e2	400	206	206	206	3	164	79.61	158	76.70
558	data/reference/motifs/JASPAR2026_CORE_plants_non-redundant_pfms_meme.txt	MA1323.2	GATA19	GATCBGATY	5.00e-1	1.00e0	9.27e2	404	206	206	206	37	1	0.49	0	0.00
559	data/reference/motifs/JASPAR2026_CORE_plants_non-redundant_pfms_meme.txt	MA1018.2	GATA9	AGATCT	1.06e-1	1.00e0	9.27e2	394	206	206	206	3	160	77.67	148	71.84
560	data/reference/motifs/JASPAR2026_CORE_plants_non-redundant_pfms_meme.txt	MA1017.2	GATA8	GATCY	5.00e-1	1.00e0	9.27e2	412	206	206	206	115	2	0.97	1	0.49
561	data/reference/motifs/JASPAR2026_CORE_plants_non-redundant_pfms_meme.txt	MA1016.2	GATA15	GATC	5.00e-1	1.00e0	9.27e2	412	206	206	206	194	1	0.49	0	0.00
562	data/reference/motifs/JASPAR2026_CORE_plants_non-redundant_pfms_meme.txt	MA1015.2	GATA12	AGATCT	2.23e-1	1.00e0	9.27e2	412	206	206	206	136	10	4.85	6	2.91
563	data/reference/motifs/JASPAR2026_CORE_plants_non-redundant_pfms_meme.txt	MA0558.2	FLC	CCMAAAATRGAAAG	3.38e-1	1.00e0	9.27e2	411	206	206	206	3	178	86.41	174	84.47
564	data/reference/motifs/JASPAR2026_CORE_plants_non-redundant_pfms_meme.txt	MA0556.2	AP3	CCAAAARWRGAAA	1.11e-1	1.00e0	9.27e2	409	206	206	206	3	192	93.20	184	89.32
565	data/reference/motifs/JASPAR2026_CORE_plants_non-redundant_pfms_meme.txt	MA0554.2	SOC1	TTTCCWTTTTTGG	3.49e-1	1.00e0	9.27e2	411	206	206	206	4	172	83.50	168	81.55
566	data/reference/motifs/JASPAR2026_CORE_plants_non-redundant_pfms_meme.txt	MA0005.3	AG	TTWCCWAAWHDGGHAA	1.37e-1	1.00e0	9.27e2	389	206	206	206	2	179	86.89	170	82.52
567	data/reference/motifs/JASPAR2026_CORE_plants_non-redundant_pfms_meme.txt	MA1330.2	ZHD6	AAWHRTAATTAA	1.10e-1	1.00e0	9.27e2	412	206	206	206	20	47	22.82	36	17.48
568	data/reference/motifs/JASPAR2026_CORE_plants_non-redundant_pfms_meme.txt	MA1757.2	HDG7	DCATTAAWTR	1.72e-1	1.00e0	9.27e2	410	206	206	206	4	187	90.78	180	87.38
569	data/reference/motifs/JASPAR2026_CORE_plants_non-redundant_pfms_meme.txt	MA1406.2	ATHB-4	YAATSATTG	1.96e-1	1.00e0	9.27e2	412	206	206	206	10	181	87.86	174	84.47
570	data/reference/motifs/JASPAR2026_CORE_plants_non-redundant_pfms_meme.txt	MA1375.2	ANL2	GCATTAATTR	1.43e-1	1.00e0	9.27e2	411	206	206	206	10	69	33.50	58	28.16
571	data/reference/motifs/JASPAR2026_CORE_plants_non-redundant_pfms_meme.txt	MA1369.2	HDG1	YAATTAATGM	1.42e-1	1.00e0	9.27e2	412	206	206	206	2	204	99.03	200	97.09
572	data/reference/motifs/JASPAR2026_CORE_plants_non-redundant_pfms_meme.txt	MA1327.3	ATHB-23	TAATTAA	1.24e-1	1.00e0	9.27e2	409	206	206	206	1	206	100.00	203	98.54
573	data/reference/motifs/JASPAR2026_CORE_plants_non-redundant_pfms_meme.txt	MA1215.2	ATHB-53	CAATAATTG	2.45e-1	1.00e0	9.27e2	411	206	206	206	8	115	55.83	107	51.94
574	data/reference/motifs/JASPAR2026_CORE_plants_non-redundant_pfms_meme.txt	MA1214.2	ATHB-40	ACCAATAATTG	1.31e-1	1.00e0	9.27e2	405	206	206	206	7	82	39.81	70	33.98
575	data/reference/motifs/JASPAR2026_CORE_plants_non-redundant_pfms_meme.txt	MA1212.2	ATHB-13	YAATAATT	1.92e-1	1.00e0	9.27e2	412	206	206	206	7	182	88.35	175	84.95
576	data/reference/motifs/JASPAR2026_CORE_plants_non-redundant_pfms_meme.txt	MA1211.2	ATHB-X	YAATYATTD	1.17e-1	1.00e0	9.27e2	412	206	206	206	6	166	80.58	155	75.24
577	data/reference/motifs/JASPAR2026_CORE_plants_non-redundant_pfms_meme.txt	MA1209.2	ATHB-20	YAATAATT	3.31e-1	1.00e0	9.27e2	400	206	206	206	4	150	72.82	145	70.39
578	data/reference/motifs/JASPAR2026_CORE_plants_non-redundant_pfms_meme.txt	MA1026.3	ATHB-15	AWDRTAATGATKA	5.46e-1	1.00e0	9.27e2	395	206	206	206	3	156	75.73	156	75.73
579	data/reference/motifs/JASPAR2026_CORE_plants_non-redundant_pfms_meme.txt	MA1024.2	HAT1	YAATCATK	1.26e-1	1.00e0	9.27e2	412	206	206	206	13	13	6.31	7	3.40
580	data/reference/motifs/JASPAR2026_CORE_plants_non-redundant_pfms_meme.txt	MA0953.2	ATHB-6	CAATHAT	9.43e-2	1.00e0	9.27e2	412	206	206	206	98	184	89.32	174	84.47
581	data/reference/motifs/JASPAR2026_CORE_plants_non-redundant_pfms_meme.txt	MA0110.4	ATHB-5	CAATCATT	1.16e-1	1.00e0	9.27e2	412	206	206	206	23	191	92.72	183	88.83
582	data/reference/motifs/JASPAR2026_CORE_plants_non-redundant_pfms_meme.txt	MA0008.4	HAT5	CAATAATTG	1.76e-1	1.00e0	9.27e2	408	206	206	206	4	176	85.44	168	81.55
583	data/reference/motifs/JASPAR2026_CORE_plants_non-redundant_pfms_meme.txt	MA2020.2	HSFB4	GAAGTTTCCR	3.44e-1	1.00e0	9.27e2	396	206	206	206	5	87	42.23	82	39.81
584	data/reference/motifs/JASPAR2026_CORE_plants_non-redundant_pfms_meme.txt	MA2019.2	HSFA1B	GAAACTTC	5.00e-1	1.00e0	9.27e2	412	206	206	206	23	2	0.97	1	0.49
585	data/reference/motifs/JASPAR2026_CORE_plants_non-redundant_pfms_meme.txt	MA1761.2	HSFB3	AAGCTTCTAGAA	1.56e-1	1.00e0	9.27e2	393	206	206	206	8	16	7.77	10	4.85
586	data/reference/motifs/JASPAR2026_CORE_plants_non-redundant_pfms_meme.txt	MA1666.3	HSFB2B	RGAAGSTTCTA	1.36e-1	1.00e0	9.27e2	383	206	206	206	2	169	82.04	159	77.18
587	data/reference/motifs/JASPAR2026_CORE_plants_non-redundant_pfms_meme.txt	MA1665.3	HSFB2A	RGAAGSTTCY	5.73e-1	1.00e0	9.27e2	380	206	206	206	1	190	92.23	190	92.23
588	data/reference/motifs/JASPAR2026_CORE_plants_non-redundant_pfms_meme.txt	MA1664.3	HSFA6B	TTCTRGAA	8.74e-2	1.00e0	9.27e2	411	206	206	206	21	7	3.40	2	0.97
589	data/reference/motifs/JASPAR2026_CORE_plants_non-redundant_pfms_meme.txt	MA1805.2	WRKY53	RGTCAAC	8.81e-2	1.00e0	9.27e2	412	206	206	206	12	179	86.89	168	81.55
590	data/reference/motifs/JASPAR2026_CORE_plants_non-redundant_pfms_meme.txt	MA1318.2	WRKY27	CGTTGACTTTT	3.62e-1	1.00e0	9.27e2	267	206	206	206	5	5	2.43	3	1.46
591	data/reference/motifs/JASPAR2026_CORE_plants_non-redundant_pfms_meme.txt	MA1317.2	WRKY50	TTGACTTTT	2.09e-1	1.00e0	9.27e2	386	206	206	206	6	36	17.48	29	14.08
592	data/reference/motifs/JASPAR2026_CORE_plants_non-redundant_pfms_meme.txt	MA1316.2	WRKY71	AAAAGTCAAC	1.56e-1	1.00e0	9.27e2	361	206	206	206	6	16	7.77	10	4.85
593	data/reference/motifs/JASPAR2026_CORE_plants_non-redundant_pfms_meme.txt	MA1314.2	WRKY14	AAAGTCAACG	1.86e-1	1.00e0	9.27e2	330	206	206	206	7	4	1.94	1	0.49
594	data/reference/motifs/JASPAR2026_CORE_plants_non-redundant_pfms_meme.txt	MA1313.2	WRKY7	CGTTGACTTTT	1.90e-1	1.00e0	9.27e2	216	206	206	206	4	8	3.88	4	1.94
595	data/reference/motifs/JASPAR2026_CORE_plants_non-redundant_pfms_meme.txt	MA1312.2	WRKY47	CGTTGACYW	2.51e-1	1.00e0	9.27e2	395	206	206	206	9	6	2.91	3	1.46
596	data/reference/motifs/JASPAR2026_CORE_plants_non-redundant_pfms_meme.txt	MA1311.3	WRKY28	RGTCAAC	1.86e-1	1.00e0	9.27e2	412	206	206	206	11	97	47.09	87	42.23
597	data/reference/motifs/JASPAR2026_CORE_plants_non-redundant_pfms_meme.txt	MA1310.2	WRKY42	CGTTGACT	5.00e-1	1.00e0	9.27e2	354	206	206	206	9	1	0.49	0	0.00
598	data/reference/motifs/JASPAR2026_CORE_plants_non-redundant_pfms_meme.txt	MA1307.3	WRKY31	RGTCAACG	2.74e-1	1.00e0	9.27e2	400	206	206	206	4	124	60.19	117	56.80
599	data/reference/motifs/JASPAR2026_CORE_plants_non-redundant_pfms_meme.txt	MA1306.2	WRKY11	CGTTGACTTTT	1.46e-1	1.00e0	9.27e2	338	206	206	206	5	15	7.28	9	4.37
600	data/reference/motifs/JASPAR2026_CORE_plants_non-redundant_pfms_meme.txt	MA1303.2	WRKY22	AAAGTCAACK	1.86e-1	1.00e0	9.27e2	327	206	206	206	7	4	1.94	1	0.49
601	data/reference/motifs/JASPAR2026_CORE_plants_non-redundant_pfms_meme.txt	MA1302.2	WRKY65	AAAGTCAACG	1.86e-1	1.00e0	9.27e2	362	206	206	206	8	4	1.94	1	0.49
602	data/reference/motifs/JASPAR2026_CORE_plants_non-redundant_pfms_meme.txt	MA1301.2	WRKY33	AAAGTCAACG	1.24e-1	1.00e0	9.27e2	334	206	206	206	8	3	1.46	0	0.00
603	data/reference/motifs/JASPAR2026_CORE_plants_non-redundant_pfms_meme.txt	MA1300.2	WRKY6	CGTTGACT	2.25e-1	1.00e0	9.27e2	309	206	206	206	6	5	2.43	2	0.97
604	data/reference/motifs/JASPAR2026_CORE_plants_non-redundant_pfms_meme.txt	MA1299.2	WRKY17	AAAGTCAACG	2.49e-1	1.00e0	9.27e2	354	206	206	206	9	2	0.97	0	0.00
605	data/reference/motifs/JASPAR2026_CORE_plants_non-redundant_pfms_meme.txt	MA1298.2	WRKY29	AAAGTCAAC	1.96e-1	1.00e0	9.27e2	389	206	206	206	1	197	95.63	192	93.20
606	data/reference/motifs/JASPAR2026_CORE_plants_non-redundant_pfms_meme.txt	MA1297.2	WRKY26	AAAAGTCAACG	2.25e-1	1.00e0	9.27e2	321	206	206	206	7	5	2.43	2	0.97
607	data/reference/motifs/JASPAR2026_CORE_plants_non-redundant_pfms_meme.txt	MA1295.2	WRKY20	CGTTGACY	3.12e-1	1.00e0	9.27e2	377	206	206	206	9	3	1.46	1	0.49
608	data/reference/motifs/JASPAR2026_CORE_plants_non-redundant_pfms_meme.txt	MA1093.2	WRKY75	RGTCAAC	9.85e-2	1.00e0	9.27e2	364	206	206	206	6	15	7.28	8	3.88
609	data/reference/motifs/JASPAR2026_CORE_plants_non-redundant_pfms_meme.txt	MA1092.2	WRKY63	GGTCAA	1.24e-1	1.00e0	9.27e2	390	206	206	206	13	3	1.46	0	0.00
610	data/reference/motifs/JASPAR2026_CORE_plants_non-redundant_pfms_meme.txt	MA1089.2	WRKY57	RGTCAA	9.77e-2	1.00e0	9.27e2	412	206	206	206	59	95	46.12	81	39.32
611	data/reference/motifs/JASPAR2026_CORE_plants_non-redundant_pfms_meme.txt	MA1088.2	WRKY48	GTCAA	1.33e-1	1.00e0	9.27e2	412	206	206	206	74	170	82.52	160	77.67
612	data/reference/motifs/JASPAR2026_CORE_plants_non-redundant_pfms_meme.txt	MA1086.2	WRKY43	RGTCAA	2.49e-1	1.00e0	9.27e2	412	206	206	206	97	2	0.97	0	0.00
613	data/reference/motifs/JASPAR2026_CORE_plants_non-redundant_pfms_meme.txt	MA1083.3	WRKY30	ARGTCAACG	3.45e-1	1.00e0	9.27e2	400	206	206	206	7	36	17.48	32	15.53
614	data/reference/motifs/JASPAR2026_CORE_plants_non-redundant_pfms_meme.txt	MA1081.3	WRKY25	RGTCAACG	2.90e-1	1.00e0	9.27e2	406	206	206	206	3	178	86.41	173	83.98
615	data/reference/motifs/JASPAR2026_CORE_plants_non-redundant_pfms_meme.txt	MA1079.3	WRKY21	AAAAGTCAACG	1.24e-1	1.00e0	9.27e2	365	206	206	206	8	3	1.46	0	0.00
616	data/reference/motifs/JASPAR2026_CORE_plants_non-redundant_pfms_meme.txt	MA1078.2	WRKY2	GGTCAAM	3.43e-1	1.00e0	9.27e2	409	206	206	206	16	4	1.94	2	0.97
617	data/reference/motifs/JASPAR2026_CORE_plants_non-redundant_pfms_meme.txt	MA1077.2	WRKY18	RGTCAA	1.08e-1	1.00e0	9.27e2	412	206	206	206	5	205	99.51	201	97.57
618	data/reference/motifs/JASPAR2026_CORE_plants_non-redundant_pfms_meme.txt	MA1076.3	WRKY15	RGTCAACG	3.05e-1	1.00e0	9.27e2	409	206	206	206	5	133	64.56	127	61.65
619	data/reference/motifs/JASPAR2026_CORE_plants_non-redundant_pfms_meme.txt	MA0589.2	WRKY1	TTGACCGAGY	1.24e-1	1.00e0	9.27e2	292	206	206	206	8	3	1.46	0	0.00
620	data/reference/motifs/JASPAR2026_CORE_plants_non-redundant_pfms_meme.txt	MA2053.2	NAC105	CAAGCAACC	2.49e-1	1.00e0	9.27e2	410	206	206	206	1	206	100.00	204	99.03
621	data/reference/motifs/JASPAR2026_CORE_plants_non-redundant_pfms_meme.txt	MA2051.2	NAC68	ACAAGTAW	1.12e-1	1.00e0	9.27e2	412	206	206	206	18	169	82.04	158	76.70
622	data/reference/motifs/JASPAR2026_CORE_plants_non-redundant_pfms_meme.txt	MA2050.2	NAC101	CAAGCAA	2.87e-1	1.00e0	9.27e2	412	206	206	206	10	201	97.57	198	96.12
623	data/reference/motifs/JASPAR2026_CORE_plants_non-redundant_pfms_meme.txt	MA2047.2	NAC037	CAAGCAA	1.85e-1	1.00e0	9.27e2	412	206	206	206	16	124	60.19	114	55.34
624	data/reference/motifs/JASPAR2026_CORE_plants_non-redundant_pfms_meme.txt	MA2046.2	NAC035	CACGGCA	1.24e-1	1.00e0	9.27e2	411	206	206	206	2	206	100.00	203	98.54
625	data/reference/motifs/JASPAR2026_CORE_plants_non-redundant_pfms_meme.txt	MA2045.2	NAC031	TTRCKTGTWNHACAAGTWA	3.28e-1	1.00e0	9.27e2	184	206	206	206	2	57	27.67	52	25.24
626	data/reference/motifs/JASPAR2026_CORE_plants_non-redundant_pfms_meme.txt	MA2038.2	NAC103	CAAGTTA	2.35e-1	1.00e0	9.27e2	412	206	206	206	18	137	66.50	129	62.62
627	data/reference/motifs/JASPAR2026_CORE_plants_non-redundant_pfms_meme.txt	MA2037.2	NAC096	CAAGTAA	2.25e-1	1.00e0	9.27e2	412	206	206	206	8	204	99.03	201	97.57
628	data/reference/motifs/JASPAR2026_CORE_plants_non-redundant_pfms_meme.txt	MA2036.2	NAC076	CAAGCAA	9.59e-2	1.00e0	9.27e2	412	206	206	206	13	176	85.44	165	80.10
629	data/reference/motifs/JASPAR2026_CORE_plants_non-redundant_pfms_meme.txt	MA2035.2	NAC075	GWAGCTTGTNNNACAAGCTW	3.11e-1	1.00e0	9.27e2	161	206	206	206	4	10	4.85	7	3.40
630	data/reference/motifs/JASPAR2026_CORE_plants_non-redundant_pfms_meme.txt	MA2033.2	NAC038	TTDCKTGTDNHACAAGTWA	6.51e-1	1.00e0	9.27e2	117	206	206	206	2	35	16.99	37	17.96
631	data/reference/motifs/JASPAR2026_CORE_plants_non-redundant_pfms_meme.txt	MA2018.2	NAC69	ACAAGGCA	5.00e-1	1.00e0	9.27e2	412	206	206	206	23	4	1.94	3	1.46
632	data/reference/motifs/JASPAR2026_CORE_plants_non-redundant_pfms_meme.txt	MA2017.2	JUB1	ACGGCGA	1.70e-1	1.00e0	9.27e2	380	206	206	206	6	70	33.98	60	29.13
633	data/reference/motifs/JASPAR2026_CORE_plants_non-redundant_pfms_meme.txt	MA2009.2	NAC010	TAACTTGTDNHACAAGTTACC	5.00e-1	1.00e0	9.27e2	104	206	206	206	3	9	4.37	8	3.88
634	data/reference/motifs/JASPAR2026_CORE_plants_non-redundant_pfms_meme.txt	MA2006.2	NAC020	GGTTGCKTGTDNMACAAGTAA	4.51e-1	1.00e0	9.27e2	82	206	206	206	1	42	20.39	40	19.42
635	data/reference/motifs/JASPAR2026_CORE_plants_non-redundant_pfms_meme.txt	MA1786.2	NAC019	YACGBMA	9.33e-2	1.00e0	9.27e2	412	206	206	206	27	85	41.26	71	34.47
636	data/reference/motifs/JASPAR2026_CORE_plants_non-redundant_pfms_meme.txt	MA1678.3	NTL8	GAAGAAAC	1.08e-1	1.00e0	9.27e2	412	206	206	206	7	205	99.51	201	97.57
637	data/reference/motifs/JASPAR2026_CORE_plants_non-redundant_pfms_meme.txt	MA1676.3	NAC062	TAAGTAA	2.49e-1	1.00e0	9.27e2	412	206	206	206	11	206	100.00	204	99.03
638	data/reference/motifs/JASPAR2026_CORE_plants_non-redundant_pfms_meme.txt	MA1675.2	NAC029	ACGCAACT	1.30e-1	1.00e0	9.27e2	407	206	206	206	2	202	98.06	197	95.63
639	data/reference/motifs/JASPAR2026_CORE_plants_non-redundant_pfms_meme.txt	MA1663.3	NAC050	CAAGTAAC	1.96e-1	1.00e0	9.27e2	412	206	206	206	7	197	95.63	192	93.20
640	data/reference/motifs/JASPAR2026_CORE_plants_non-redundant_pfms_meme.txt	MA1427.3	NAC028	CAAGTAA	1.26e-1	1.00e0	9.27e2	412	206	206	206	12	199	96.60	193	93.69
641	data/reference/motifs/JASPAR2026_CORE_plants_non-redundant_pfms_meme.txt	MA1045.2	NAC043	TWACGTAA	1.42e-1	1.00e0	9.27e2	412	206	206	206	15	6	2.91	2	0.97
642	data/reference/motifs/JASPAR2026_CORE_plants_non-redundant_pfms_meme.txt	MA1043.2	NAC083	YACGYAA	1.61e-1	1.00e0	9.27e2	225	206	206	206	1	118	57.28	107	51.94
643	data/reference/motifs/JASPAR2026_CORE_plants_non-redundant_pfms_meme.txt	MA0938.3	NAC058	TTACKTGTDNMACAAGWAA	5.00e-1	1.00e0	9.27e2	127	206	206	206	1	64	31.07	63	30.58
644	data/reference/motifs/JASPAR2026_CORE_plants_non-redundant_pfms_meme.txt	MA1414.2	E2FA	GCGCCA	1.07e-1	1.00e0	9.27e2	405	206	206	206	3	180	87.38	170	82.52
645	data/reference/motifs/JASPAR2026_CORE_plants_non-redundant_pfms_meme.txt	MA1813.2	EIL4	TWCAATGAA	4.58e-1	1.00e0	9.27e2	411	206	206	206	9	140	67.96	138	66.99
646	data/reference/motifs/JASPAR2026_CORE_plants_non-redundant_pfms_meme.txt	MA1809.2	GLYMA-07G038400	CTGACAC	2.35e-1	1.00e0	9.27e2	412	206	206	206	8	199	96.60	195	94.66
647	data/reference/motifs/JASPAR2026_CORE_plants_non-redundant_pfms_meme.txt	MA1756.2	GRF9	TGTCAGA	2.72e-1	1.00e0	9.27e2	402	206	206	206	5	84	40.78	77	37.38
648	data/reference/motifs/JASPAR2026_CORE_plants_non-redundant_pfms_meme.txt	MA1197.2	CAMTA1	AARCGCGTG	2.11e-1	1.00e0	9.27e2	201	206	206	206	2	54	26.21	46	22.33
649	data/reference/motifs/JASPAR2026_CORE_plants_non-redundant_pfms_meme.txt	MA0970.2	CAMTA3	CCGCGT	1.86e-1	1.00e0	9.27e2	408	206	206	206	23	4	1.94	1	0.49
650	data/reference/motifs/JASPAR2026_CORE_plants_non-redundant_pfms_meme.txt	MA0969.2	CAMTA2	VCGCGT	1.00e-1	1.00e0	9.27e2	411	206	206	206	12	113	54.85	99	48.06
651	data/reference/motifs/JASPAR2026_CORE_plants_non-redundant_pfms_meme.txt	MA2016.2	GRF6	TCTGACA	2.49e-1	1.00e0	9.27e2	291	206	206	206	8	2	0.97	0	0.00
652	data/reference/motifs/JASPAR2026_CORE_plants_non-redundant_pfms_meme.txt	MA1801.2	TREE1	AGCTD	2.79e-1	1.00e0	9.27e2	412	206	206	206	58	194	94.17	190	92.23
653	data/reference/motifs/JASPAR2026_CORE_plants_non-redundant_pfms_meme.txt	MA1736.2	AT5G04390	TCACT	1.61e-1	1.00e0	9.27e2	412	206	206	206	8	200	97.09	195	94.66
654	data/reference/motifs/JASPAR2026_CORE_plants_non-redundant_pfms_meme.txt	MA1415.2	REF6	RAAACAGAG	4.45e-1	1.00e0	9.27e2	395	206	206	206	2	176	85.44	174	84.47
655	data/reference/motifs/JASPAR2026_CORE_plants_non-redundant_pfms_meme.txt	MA1381.2	AT3G46070	TCACTCT	1.08e-1	1.00e0	9.27e2	411	206	206	206	4	205	99.51	201	97.57
656	data/reference/motifs/JASPAR2026_CORE_plants_non-redundant_pfms_meme.txt	MA1372.2	ZAT10	CACTNHCACT	2.49e-1	1.00e0	9.27e2	412	206	206	206	5	206	100.00	204	99.03
657	data/reference/motifs/JASPAR2026_CORE_plants_non-redundant_pfms_meme.txt	MA1371.2	IDD4	ASAAAAMGACAAAAA	1.15e-1	1.00e0	9.27e2	313	206	206	206	2	91	44.17	78	37.86
658	data/reference/motifs/JASPAR2026_CORE_plants_non-redundant_pfms_meme.txt	MA1160.2	IDD6	TTTTTGTCGTTTTSTK	1.16e-1	1.00e0	9.27e2	308	206	206	206	4	23	11.17	15	7.28
659	data/reference/motifs/JASPAR2026_CORE_plants_non-redundant_pfms_meme.txt	MA1158.2	MGP	AAAACGACAAAAA	1.63e-1	1.00e0	9.27e2	294	206	206	206	1	152	73.79	142	68.93
660	data/reference/motifs/JASPAR2026_CORE_plants_non-redundant_pfms_meme.txt	MA1157.2	NUC	TTTTGTCGTTTT	1.24e-1	1.00e0	9.27e2	351	206	206	206	8	3	1.46	0	0.00
661	data/reference/motifs/JASPAR2026_CORE_plants_non-redundant_pfms_meme.txt	MA1156.2	JKD	TTTTGTCKTTTT	1.24e-1	1.00e0	9.27e2	404	206	206	206	11	3	1.46	0	0.00
662	data/reference/motifs/JASPAR2026_CORE_plants_non-redundant_pfms_meme.txt	MA2015.2	NAC002	ACGCAACT	2.49e-1	1.00e0	9.27e2	410	206	206	206	2	206	100.00	204	99.03
663	data/reference/motifs/JASPAR2026_CORE_plants_non-redundant_pfms_meme.txt	MA1743.2	BZIP2	TGCTGACGTGGCA	7.50e-1	1.00e0	9.27e2	107	206	206	206	1	51	24.76	56	27.18
664	data/reference/motifs/JASPAR2026_CORE_plants_non-redundant_pfms_meme.txt	MA1341.2	BZIP53	TGCTGACGTGGCA	5.90e-1	1.00e0	9.27e2	112	206	206	206	2	10	4.85	10	4.85
665	data/reference/motifs/JASPAR2026_CORE_plants_non-redundant_pfms_meme.txt	MA1340.2	BZIP3	TGMTGACGTGGCA	7.00e-1	1.00e0	9.27e2	165	206	206	206	3	7	3.40	8	3.88
666	data/reference/motifs/JASPAR2026_CORE_plants_non-redundant_pfms_meme.txt	MA1337.2	BZIP44	WGCTGACGTGGCA	5.48e-1	1.00e0	9.27e2	86	206	206	206	1	43	20.87	43	20.87
667	data/reference/motifs/JASPAR2026_CORE_plants_non-redundant_pfms_meme.txt	MA1334.2	BZIP11	TGCCACGTCAGCA	8.74e-1	1.00e0	9.27e2	116	206	206	206	2	8	3.88	12	5.83
668	data/reference/motifs/JASPAR2026_CORE_plants_non-redundant_pfms_meme.txt	MA1744.2	BZIP30	GMCAGCTGK	9.18e-2	1.00e0	9.27e2	411	206	206	206	4	195	94.66	187	90.78
669	data/reference/motifs/JASPAR2026_CORE_plants_non-redundant_pfms_meme.txt	MA1343.2	BZIP52	TGMCAGCT	2.10e-1	1.00e0	9.27e2	345	206	206	206	2	129	62.62	120	58.25
670	data/reference/motifs/JASPAR2026_CORE_plants_non-redundant_pfms_meme.txt	MA0551.2	HY5	TGMCACGTGKCA	5.00e-1	1.00e0	9.27e2	121	206	206	206	4	17	8.25	16	7.77
671	data/reference/motifs/JASPAR2026_CORE_plants_non-redundant_pfms_meme.txt	MA1349.2	BZIP16	HSACGTGGCA	5.83e-1	1.00e0	9.27e2	135	206	206	206	1	67	32.52	68	33.01
672	data/reference/motifs/JASPAR2026_CORE_plants_non-redundant_pfms_meme.txt	MA0968.3	BZIP68	TGCCACGTSA	2.69e-1	1.00e0	9.27e2	263	206	206	206	1	135	65.53	128	62.14
673	data/reference/motifs/JASPAR2026_CORE_plants_non-redundant_pfms_meme.txt	MA1346.2	TGA10	GMTGACGTCA	3.32e-1	1.00e0	9.27e2	257	206	206	206	2	62	30.10	57	27.67
674	data/reference/motifs/JASPAR2026_CORE_plants_non-redundant_pfms_meme.txt	MA1336.2	TGA3	RTGACGTCAKC	3.84e-1	1.00e0	9.27e2	137	206	206	206	2	28	13.59	25	12.14
675	data/reference/motifs/JASPAR2026_CORE_plants_non-redundant_pfms_meme.txt	MA1070.3	TGA7	ATGACGTCAB	5.00e-1	1.00e0	9.27e2	281	206	206	206	6	9	4.37	8	3.88
676	data/reference/motifs/JASPAR2026_CORE_plants_non-redundant_pfms_meme.txt	MA1069.3	TGA6	ATGAYGTCAT	1.24e-1	1.00e0	9.27e2	383	206	206	206	1	195	94.66	188	91.26
677	data/reference/motifs/JASPAR2026_CORE_plants_non-redundant_pfms_meme.txt	MA1068.3	TGA2	ATGACGTCAY	5.00e-1	1.00e0	9.27e2	184	206	206	206	5	3	1.46	2	0.97
678	data/reference/motifs/JASPAR2026_CORE_plants_non-redundant_pfms_meme.txt	MA1047.3	TGA5	ATGACGTCA	2.91e-1	1.00e0	9.27e2	385	206	206	206	10	18	8.74	14	6.80
679	data/reference/motifs/JASPAR2026_CORE_plants_non-redundant_pfms_meme.txt	MA0588.2	TGA1	SVTGACGT	6.80e-1	1.00e0	9.27e2	408	206	206	206	2	196	95.15	197	95.63
680	data/reference/motifs/JASPAR2026_CORE_plants_non-redundant_pfms_meme.txt	MA1417.2	O2	TGCCACGTCATC	5.39e-1	1.00e0	9.27e2	224	206	206	206	1	112	54.37	112	54.37
681	data/reference/motifs/JASPAR2026_CORE_plants_non-redundant_pfms_meme.txt	MA1344.2	BZIP28	TSACGTGGCA	2.43e-1	1.00e0	9.27e2	250	206	206	206	3	33	16.02	27	13.11
682	data/reference/motifs/JASPAR2026_CORE_plants_non-redundant_pfms_meme.txt	MA1659.2	ABF4	CCACGTS	2.70e-1	1.00e0	9.27e2	412	206	206	206	14	79	38.35	72	34.95
683	data/reference/motifs/JASPAR2026_CORE_plants_non-redundant_pfms_meme.txt	MA1338.3	DPBF3	TGMCACGTGTC	4.21e-1	1.00e0	9.27e2	229	206	206	206	1	116	56.31	113	54.85
684	data/reference/motifs/JASPAR2026_CORE_plants_non-redundant_pfms_meme.txt	MA0930.3	ABF3	ACGTGTC	2.06e-1	1.00e0	9.27e2	410	206	206	206	16	51	24.76	43	20.87
685	data/reference/motifs/JASPAR2026_CORE_plants_non-redundant_pfms_meme.txt	MA0570.3	ABF1	ACACGTGKCA	1.57e-1	1.00e0	9.27e2	356	206	206	206	1	182	88.35	174	84.47
686	data/reference/motifs/JASPAR2026_CORE_plants_non-redundant_pfms_meme.txt	MA1822.2	Zm00001d018571	GTACGTAC	2.10e-1	1.00e0	9.27e2	399	206	206	206	9	85	41.26	76	36.89
687	data/reference/motifs/JASPAR2026_CORE_plants_non-redundant_pfms_meme.txt	MA1828.2	Zm00001d038683	GTGGTCCA	1.24e-1	1.00e0	9.27e2	406	206	206	206	15	18	8.74	11	5.34
688	data/reference/motifs/JASPAR2026_CORE_plants_non-redundant_pfms_meme.txt	MA1289.2	TCP3	GGGACCAC	5.40e-1	1.00e0	9.27e2	164	206	206	206	1	82	39.81	82	39.81
689	data/reference/motifs/JASPAR2026_CORE_plants_non-redundant_pfms_meme.txt	MA1287.2	TCP21	GTGGGMCCCAC	1.88e-1	1.00e0	9.27e2	204	206	206	206	1	107	51.94	97	47.09
690	data/reference/motifs/JASPAR2026_CORE_plants_non-redundant_pfms_meme.txt	MA1286.2	TCP24	GGGACCAC	2.25e-1	1.00e0	9.27e2	230	206	206	206	3	28	13.59	22	10.68
691	data/reference/motifs/JASPAR2026_CORE_plants_non-redundant_pfms_meme.txt	MA1064.2	TCP2	TGGKMCCA	1.54e-1	1.00e0	9.27e2	409	206	206	206	16	135	65.53	124	60.19
692	data/reference/motifs/JASPAR2026_CORE_plants_non-redundant_pfms_meme.txt	MA1063.2	TCP19	GGSCCCAC	2.06e-1	1.00e0	9.27e2	410	206	206	206	16	35	16.99	28	13.59
693	data/reference/motifs/JASPAR2026_CORE_plants_non-redundant_pfms_meme.txt	MA1054.2	ARALYDRAFT_897773	KGGGACCAC	1.31e-1	1.00e0	9.27e2	381	206	206	206	1	194	94.17	187	90.78
694	data/reference/motifs/JASPAR2026_CORE_plants_non-redundant_pfms_meme.txt	MA1031.2	OJ1581_H09.2	GGGCCC	1.43e-1	1.00e0	9.27e2	399	206	206	206	6	165	80.10	155	75.24
695	data/reference/motifs/JASPAR2026_CORE_plants_non-redundant_pfms_meme.txt	MA1333.2	BEH3	YGCACGTGTG	4.55e-1	1.00e0	9.27e2	108	206	206	206	1	55	26.70	53	25.73
696	data/reference/motifs/JASPAR2026_CORE_plants_non-redundant_pfms_meme.txt	MA1331.2	BEH4	YGCACGTGTG	7.08e-1	1.00e0	9.27e2	63	206	206	206	1	30	14.56	33	16.02
697	data/reference/motifs/JASPAR2026_CORE_plants_non-redundant_pfms_meme.txt	MA0550.3	BZR1	CRCACGTGYR	4.14e-1	1.00e0	9.27e2	117	206	206	206	1	60	29.13	57	27.67
698	data/reference/motifs/JASPAR2026_CORE_plants_non-redundant_pfms_meme.txt	MA0549.2	BZR2	RCACGTGKSV	4.22e-1	1.00e0	9.27e2	201	206	206	206	1	102	49.51	99	48.06
699	data/reference/motifs/JASPAR2026_CORE_plants_non-redundant_pfms_meme.txt	MA1740.2	BHLH49	CACGTGC	4.53e-1	1.00e0	9.27e2	90	206	206	206	1	46	22.33	44	21.36
700	data/reference/motifs/JASPAR2026_CORE_plants_non-redundant_pfms_meme.txt	MA1739.2	BHLH122	CMACTTG	2.08e-1	1.00e0	9.27e2	370	206	206	206	1	188	91.26	182	88.35
701	data/reference/motifs/JASPAR2026_CORE_plants_non-redundant_pfms_meme.txt	MA1412.2	TSAR2	GCACGTGC	5.00e-1	1.00e0	9.27e2	251	206	206	206	6	34	16.50	33	16.02
702	data/reference/motifs/JASPAR2026_CORE_plants_non-redundant_pfms_meme.txt	MA1411.2	TSAR1	GCACGTGC	5.00e-1	1.00e0	9.27e2	265	206	206	206	14	1	0.49	0	0.00
703	data/reference/motifs/JASPAR2026_CORE_plants_non-redundant_pfms_meme.txt	MA1362.2	bHLH77	DWNGBCACGTGM	4.16e-1	1.00e0	9.27e2	245	206	206	206	2	66	32.04	63	30.58
704	data/reference/motifs/JASPAR2026_CORE_plants_non-redundant_pfms_meme.txt	MA1358.2	bHLH130	CMACTTGC	2.51e-1	1.00e0	9.27e2	313	206	206	206	3	58	28.16	51	24.76
705	data/reference/motifs/JASPAR2026_CORE_plants_non-redundant_pfms_meme.txt	MA1357.2	bHLH80	TGCAAGTKG	5.00e-1	1.00e0	9.27e2	201	206	206	206	3	9	4.37	8	3.88
706	data/reference/motifs/JASPAR2026_CORE_plants_non-redundant_pfms_meme.txt	MA1074.2	UNE10	CACGTGM	4.53e-1	1.00e0	9.27e2	90	206	206	206	1	46	22.33	44	21.36
707	data/reference/motifs/JASPAR2026_CORE_plants_non-redundant_pfms_meme.txt	MA0961.2	bHLH112	CCACTTG	3.75e-1	1.00e0	9.27e2	145	206	206	206	3	6	2.91	4	1.94
708	data/reference/motifs/JASPAR2026_CORE_plants_non-redundant_pfms_meme.txt	MA0552.2	PIF1	CACGTG	1.90e-1	1.00e0	9.27e2	297	206	206	206	1	153	74.27	144	69.90
709	data/reference/motifs/JASPAR2026_CORE_plants_non-redundant_pfms_meme.txt	MA0582.2	RAV1	GCAACA	2.29e-1	1.00e0	9.27e2	412	206	206	206	10	183	88.83	177	85.92
710	data/reference/motifs/JASPAR2026_CORE_plants_non-redundant_pfms_meme.txt	MA1698.2	ARF7	GCCGACAAG	3.00e-1	1.00e0	9.27e2	396	206	206	206	6	70	33.98	64	31.07
711	data/reference/motifs/JASPAR2026_CORE_plants_non-redundant_pfms_meme.txt	MA1697.2	ARF4	ACGACAAG	1.25e-1	1.00e0	9.27e2	411	206	206	206	9	144	69.90	132	64.08
712	data/reference/motifs/JASPAR2026_CORE_plants_non-redundant_pfms_meme.txt	MA1696.2	ARF39	GGGGRACACGT	2.83e-1	1.00e0	9.27e2	403	206	206	206	7	53	25.73	47	22.82
713	data/reference/motifs/JASPAR2026_CORE_plants_non-redundant_pfms_meme.txt	MA1695.2	ARF36	GGGGGACAHGTC	1.61e-1	1.00e0	9.27e2	330	206	206	206	2	117	56.80	106	51.46
714	data/reference/motifs/JASPAR2026_CORE_plants_non-redundant_pfms_meme.txt	MA1694.2	ARF35	CCCGACAAG	3.12e-1	1.00e0	9.27e2	398	206	206	206	15	3	1.46	1	0.49
715	data/reference/motifs/JASPAR2026_CORE_plants_non-redundant_pfms_meme.txt	MA1693.2	ARF34	CAGACAGC	2.96e-1	1.00e0	9.27e2	408	206	206	206	3	191	92.72	187	90.78
716	data/reference/motifs/JASPAR2026_CORE_plants_non-redundant_pfms_meme.txt	MA1692.2	ARF29	GCCGACAA	4.46e-1	1.00e0	9.27e2	407	206	206	206	10	33	16.02	31	15.05
717	data/reference/motifs/JASPAR2026_CORE_plants_non-redundant_pfms_meme.txt	MA1691.2	ARF27	GCAGACAT	1.60e-1	1.00e0	9.27e2	411	206	206	206	11	95	46.12	84	40.78
718	data/reference/motifs/JASPAR2026_CORE_plants_non-redundant_pfms_meme.txt	MA1690.2	ARF25	ARMGGGRGACAM	2.06e-1	1.00e0	9.27e2	349	206	206	206	1	178	86.41	171	83.01
719	data/reference/motifs/JASPAR2026_CORE_plants_non-redundant_pfms_meme.txt	MA1689.2	ARF18	CCGACAAA	2.49e-1	1.00e0	9.27e2	412	206	206	206	20	2	0.97	0	0.00
720	data/reference/motifs/JASPAR2026_CORE_plants_non-redundant_pfms_meme.txt	MA1688.2	ARF16	CAAGACAAGA	4.20e-1	1.00e0	9.27e2	412	206	206	206	14	124	60.19	121	58.74
721	data/reference/motifs/JASPAR2026_CORE_plants_non-redundant_pfms_meme.txt	MA1685.2	ARF10	ARNGGGAGACA	4.25e-1	1.00e0	9.27e2	382	206	206	206	1	192	93.20	190	92.23
722	data/reference/motifs/JASPAR2026_CORE_plants_non-redundant_pfms_meme.txt	MA1206.2	ARF2	SMGACA	3.64e-1	1.00e0	9.27e2	412	206	206	206	13	159	77.18	155	75.24
723	data/reference/motifs/JASPAR2026_CORE_plants_non-redundant_pfms_meme.txt	MA0944.2	ARF8	TGTCGG	1.42e-1	1.00e0	9.27e2	412	206	206	206	18	204	99.03	200	97.09
724	data/reference/motifs/JASPAR2026_CORE_plants_non-redundant_pfms_meme.txt	MA0943.2	ARF5	RCCGACA	2.25e-1	1.00e0	9.27e2	403	206	206	206	16	5	2.43	2	0.97
725	data/reference/motifs/JASPAR2026_CORE_plants_non-redundant_pfms_meme.txt	MA0942.2	ARF1	ACCGACA	2.64e-1	1.00e0	9.27e2	382	206	206	206	8	14	6.80	10	4.85
726	data/reference/motifs/JASPAR2026_CORE_plants_non-redundant_pfms_meme.txt	MA0581.2	LEC2	CATGCR	3.65e-1	1.00e0	9.27e2	390	206	206	206	8	20	9.71	17	8.25
727	data/reference/motifs/JASPAR2026_CORE_plants_non-redundant_pfms_meme.txt	MA0565.3	FUS3	ACATGCA	2.58e-1	1.00e0	9.27e2	340	206	206	206	1	173	83.98	167	81.07
728	data/reference/motifs/JASPAR2026_CORE_plants_non-redundant_pfms_meme.txt	MA0564.2	ABI3	GCATGC	1.42e-1	1.00e0	9.27e2	406	206	206	206	2	204	99.03	200	97.09
729	data/reference/motifs/JASPAR2026_CORE_plants_non-redundant_pfms_meme.txt	MA2013.2	ERF115	YCGCCGCCGCM	2.49e-1	1.00e0	9.27e2	197	206	206	206	18	2	0.97	0	0.00
730	data/reference/motifs/JASPAR2026_CORE_plants_non-redundant_pfms_meme.txt	MA2011.2	ERF010	CACCGACA	2.43e-1	1.00e0	9.27e2	379	206	206	206	7	33	16.02	27	13.11
731	data/reference/motifs/JASPAR2026_CORE_plants_non-redundant_pfms_meme.txt	MA1833.2	Zm00001d049364	CCGCCGCCGCC	2.49e-1	1.00e0	9.27e2	224	206	206	206	19	2	0.97	0	0.00
732	data/reference/motifs/JASPAR2026_CORE_plants_non-redundant_pfms_meme.txt	MA1831.2	Zm00001d031796	GACGGCGACG	2.12e-1	1.00e0	9.27e2	310	206	206	206	1	159	77.18	151	73.30
733	data/reference/motifs/JASPAR2026_CORE_plants_non-redundant_pfms_meme.txt	MA1817.2	Zm00001d020267	CGCCGCCGCC	2.41e-1	1.00e0	9.27e2	250	206	206	206	2	88	42.72	80	38.83
734	data/reference/motifs/JASPAR2026_CORE_plants_non-redundant_pfms_meme.txt	MA1753.2	ERF057	CCDCCDCCRCCGCC	2.49e-1	1.00e0	9.27e2	200	206	206	206	18	2	0.97	0	0.00
735	data/reference/motifs/JASPAR2026_CORE_plants_non-redundant_pfms_meme.txt	MA1679.2	RAP2-1	CACCGACA	2.33e-1	1.00e0	9.27e2	356	206	206	206	5	46	22.33	39	18.93
736	data/reference/motifs/JASPAR2026_CORE_plants_non-redundant_pfms_meme.txt	MA1671.2	ERF118	CCGCCGCC	2.49e-1	1.00e0	9.27e2	306	206	206	206	17	2	0.97	0	0.00
737	data/reference/motifs/JASPAR2026_CORE_plants_non-redundant_pfms_meme.txt	MA1670.2	DREB1C	GCCGACAT	5.00e-1	1.00e0	9.27e2	385	206	206	206	26	1	0.49	0	0.00
738	data/reference/motifs/JASPAR2026_CORE_plants_non-redundant_pfms_meme.txt	MA1669.2	DREB1B	GCCGACAT	4.17e-1	1.00e0	9.27e2	378	206	206	206	9	13	6.31	11	5.34
739	data/reference/motifs/JASPAR2026_CORE_plants_non-redundant_pfms_meme.txt	MA1424.2	ERF019	CCACCGACA	2.15e-1	1.00e0	9.27e2	195	206	206	206	1	102	49.51	93	45.15
740	data/reference/motifs/JASPAR2026_CORE_plants_non-redundant_pfms_meme.txt	MA1265.3	ERF015	CACCGACA	5.00e-1	1.00e0	9.27e2	357	206	206	206	15	2	0.97	1	0.49
741	data/reference/motifs/JASPAR2026_CORE_plants_non-redundant_pfms_meme.txt	MA1264.2	ERF095	RYGGCGGCGGHGG	2.49e-1	1.00e0	9.27e2	148	206	206	206	12	2	0.97	0	0.00
742	data/reference/motifs/JASPAR2026_CORE_plants_non-redundant_pfms_meme.txt	MA1263.2	ERF055	KGKCGGTGG	2.46e-1	1.00e0	9.27e2	245	206	206	206	4	12	5.83	8	3.88
743	data/reference/motifs/JASPAR2026_CORE_plants_non-redundant_pfms_meme.txt	MA1262.2	ERF2	CCDCCGCCGCCRY	5.00e-1	1.00e0	9.27e2	201	206	206	206	9	3	1.46	2	0.97
744	data/reference/motifs/JASPAR2026_CORE_plants_non-redundant_pfms_meme.txt	MA1261.2	ERF122	TRCGGCKGHG	2.49e-1	1.00e0	9.27e2	376	206	206	206	17	2	0.97	0	0.00
745	data/reference/motifs/JASPAR2026_CORE_plants_non-redundant_pfms_meme.txt	MA1260.2	ERF013	TGTCGGTGG	4.22e-1	1.00e0	9.27e2	201	206	206	206	1	102	49.51	99	48.06
746	data/reference/motifs/JASPAR2026_CORE_plants_non-redundant_pfms_meme.txt	MA1259.2	ERF023	TGTCGGTGR	4.21e-1	1.00e0	9.27e2	183	206	206	206	1	93	45.15	90	43.69
747	data/reference/motifs/JASPAR2026_CORE_plants_non-redundant_pfms_meme.txt	MA1258.2	DREB2A	AWGKCGGTG	2.32e-1	1.00e0	9.27e2	265	206	206	206	2	72	34.95	64	31.07
748	data/reference/motifs/JASPAR2026_CORE_plants_non-redundant_pfms_meme.txt	MA1253.2	ERF036	TGTCGGTG	2.08e-1	1.00e0	9.27e2	357	206	206	206	8	9	4.37	5	2.43
749	data/reference/motifs/JASPAR2026_CORE_plants_non-redundant_pfms_meme.txt	MA1252.2	ERF086	CCKCCGCCGY	5.48e-1	1.00e0	9.27e2	183	206	206	206	2	43	20.87	43	20.87
750	data/reference/motifs/JASPAR2026_CORE_plants_non-redundant_pfms_meme.txt	MA1251.2	RAP2-9	CACCGACAW	8.14e-1	1.00e0	9.27e2	165	206	206	206	4	2	0.97	3	1.46
751	data/reference/motifs/JASPAR2026_CORE_plants_non-redundant_pfms_meme.txt	MA1250.2	DREB2D	CCDCCDCCACCGCC	5.00e-1	1.00e0	9.27e2	244	206	206	206	14	2	0.97	1	0.49
752	data/reference/motifs/JASPAR2026_CORE_plants_non-redundant_pfms_meme.txt	MA1248.2	ERF012	CCACCGMC	1.42e-1	1.00e0	9.27e2	289	206	206	206	9	6	2.91	2	0.97
753	data/reference/motifs/JASPAR2026_CORE_plants_non-redundant_pfms_meme.txt	MA1247.2	ERF087	GRCGGCGGMG	5.40e-1	1.00e0	9.27e2	156	206	206	206	1	78	37.86	78	37.86
754	data/reference/motifs/JASPAR2026_CORE_plants_non-redundant_pfms_meme.txt	MA1246.2	LEP	CKCCGCCGYC	2.49e-1	1.00e0	9.27e2	230	206	206	206	16	2	0.97	0	0.00
755	data/reference/motifs/JASPAR2026_CORE_plants_non-redundant_pfms_meme.txt	MA1245.3	ERF112	CCGCCGCCR	1.78e-1	1.00e0	9.27e2	313	206	206	206	1	161	78.16	152	73.79
756	data/reference/motifs/JASPAR2026_CORE_plants_non-redundant_pfms_meme.txt	MA1244.2	ABR1	DTKGCGGCGGMG	1.88e-1	1.00e0	9.27e2	204	206	206	206	1	107	51.94	97	47.09
757	data/reference/motifs/JASPAR2026_CORE_plants_non-redundant_pfms_meme.txt	MA1243.2	DREB2E	MACCGACWTW	2.49e-1	1.00e0	9.27e2	174	206	206	206	6	2	0.97	0	0.00
758	data/reference/motifs/JASPAR2026_CORE_plants_non-redundant_pfms_meme.txt	MA1240.2	ERF077	CCGCCGCCRY	3.45e-1	1.00e0	9.27e2	241	206	206	206	1	123	59.71	118	57.28
759	data/reference/motifs/JASPAR2026_CORE_plants_non-redundant_pfms_meme.txt	MA1238.3	ERF038	CACCGACA	3.57e-1	1.00e0	9.27e2	350	206	206	206	5	44	21.36	40	19.42
760	data/reference/motifs/JASPAR2026_CORE_plants_non-redundant_pfms_meme.txt	MA1234.2	ERF017	TGGWCGGTG	1.38e-1	1.00e0	9.27e2	294	206	206	206	4	20	9.71	13	6.31
761	data/reference/motifs/JASPAR2026_CORE_plants_non-redundant_pfms_meme.txt	MA1233.3	ERF021	CGCCGACA	1.26e-1	1.00e0	9.27e2	392	206	206	206	1	199	96.60	193	93.69
762	data/reference/motifs/JASPAR2026_CORE_plants_non-redundant_pfms_meme.txt	MA1229.2	ERF034	TGTCGGTGR	3.11e-1	1.00e0	9.27e2	194	206	206	206	1	100	48.54	94	45.63
763	data/reference/motifs/JASPAR2026_CORE_plants_non-redundant_pfms_meme.txt	MA1228.2	ERF091	RYGGCGGCGGHGG	3.30e-1	1.00e0	9.27e2	115	206	206	206	1	60	29.13	55	26.70
764	data/reference/motifs/JASPAR2026_CORE_plants_non-redundant_pfms_meme.txt	MA1227.3	ERF027	RCCGACA	5.00e-1	1.00e0	9.27e2	397	206	206	206	1	199	96.60	198	96.12
765	data/reference/motifs/JASPAR2026_CORE_plants_non-redundant_pfms_meme.txt	MA1226.2	DREB2G	GGHGGAGGCGGTGG	5.00e-1	1.00e0	9.27e2	252	206	206	206	14	2	0.97	1	0.49
766	data/reference/motifs/JASPAR2026_CORE_plants_non-redundant_pfms_meme.txt	MA1223.2	ERF035	TGTCGGTGG	4.00e-1	1.00e0	9.27e2	96	206	206	206	2	9	4.37	7	3.40
767	data/reference/motifs/JASPAR2026_CORE_plants_non-redundant_pfms_meme.txt	MA1220.2	TINY	YCACCGACA	4.22e-1	1.00e0	9.27e2	209	206	206	206	1	106	51.46	103	50.00
768	data/reference/motifs/JASPAR2026_CORE_plants_non-redundant_pfms_meme.txt	MA1219.3	ERF011	CACCGAC	1.61e-1	1.00e0	9.27e2	381	206	206	206	12	11	5.34	6	2.91
769	data/reference/motifs/JASPAR2026_CORE_plants_non-redundant_pfms_meme.txt	MA1218.2	DREB1D	ATGTCGGY	1.94e-1	1.00e0	9.27e2	193	206	206	206	2	45	21.84	37	17.96
770	data/reference/motifs/JASPAR2026_CORE_plants_non-redundant_pfms_meme.txt	MA1049.2	ERF094	MGCCGCC	3.46e-1	1.00e0	9.27e2	231	206	206	206	1	118	57.28	113	54.85
771	data/reference/motifs/JASPAR2026_CORE_plants_non-redundant_pfms_meme.txt	MA1010.2	PHYPADRAFT_64121	TGTCGGTA	9.18e-2	1.00e0	9.27e2	412	206	206	206	16	19	9.22	11	5.34
772	data/reference/motifs/JASPAR2026_CORE_plants_non-redundant_pfms_meme.txt	MA1005.3	ERF082	CCGCCGCCR	2.20e-1	1.00e0	9.27e2	298	206	206	206	1	153	74.27	145	70.39
773	data/reference/motifs/JASPAR2026_CORE_plants_non-redundant_pfms_meme.txt	MA1004.2	ERF13	SGCCGCC	2.49e-1	1.00e0	9.27e2	310	206	206	206	26	2	0.97	0	0.00
774	data/reference/motifs/JASPAR2026_CORE_plants_non-redundant_pfms_meme.txt	MA1001.4	ERF076	CCGCCGCCRC	2.49e-1	1.00e0	9.27e2	289	206	206	206	23	2	0.97	0	0.00
775	data/reference/motifs/JASPAR2026_CORE_plants_non-redundant_pfms_meme.txt	MA1000.3	ERF105	RYGGCGGCGG	4.45e-1	1.00e0	9.27e2	158	206	206	206	2	31	15.05	29	14.08
776	data/reference/motifs/JASPAR2026_CORE_plants_non-redundant_pfms_meme.txt	MA0998.2	ERF096	GCCGCC	1.06e-1	1.00e0	9.27e2	409	206	206	206	18	76	36.89	63	30.58
777	data/reference/motifs/JASPAR2026_CORE_plants_non-redundant_pfms_meme.txt	MA0997.2	ERF069	GCCG	1.12e-1	1.00e0	9.27e2	412	206	206	206	93	29	14.08	20	9.71
778	data/reference/motifs/JASPAR2026_CORE_plants_non-redundant_pfms_meme.txt	MA0995.3	ERF039	RCCGACA	2.49e-1	1.00e0	9.27e2	402	206	206	206	23	2	0.97	0	0.00
779	data/reference/motifs/JASPAR2026_CORE_plants_non-redundant_pfms_meme.txt	MA0994.3	ERF8	TGRCGGCGGCG	2.41e-1	1.00e0	9.27e2	246	206	206	206	1	127	61.65	119	57.77
780	data/reference/motifs/JASPAR2026_CORE_plants_non-redundant_pfms_meme.txt	MA0993.2	ERF7	GCCG	2.64e-1	1.00e0	9.27e2	412	206	206	206	66	25	12.14	20	9.71
781	data/reference/motifs/JASPAR2026_CORE_plants_non-redundant_pfms_meme.txt	MA0980.3	RAP2-10	RCCGACA	2.35e-1	1.00e0	9.27e2	394	206	206	206	1	199	96.60	195	94.66
782	data/reference/motifs/JASPAR2026_CORE_plants_non-redundant_pfms_meme.txt	MA0976.3	CRF4	CCGCCGCCRC	2.49e-1	1.00e0	9.27e2	282	206	206	206	24	2	0.97	0	0.00
783	data/reference/motifs/JASPAR2026_CORE_plants_non-redundant_pfms_meme.txt	MA0971.2	DREB1A	ATGTCGGY	3.19e-1	1.00e0	9.27e2	379	206	206	206	6	49	23.79	44	21.36
784	data/reference/motifs/JASPAR2026_CORE_plants_non-redundant_pfms_meme.txt	MA1377.2	PLT1	KGCACGVWTHYCGAGR	7.33e-1	1.00e0	9.27e2	216	206	206	206	2	38	18.45	42	20.39
785	data/reference/motifs/JASPAR2026_CORE_plants_non-redundant_pfms_meme.txt	MA1751.2	EIL3	AGRTWCAT	1.19e-1	1.00e0	9.27e2	412	206	206	206	14	31	15.05	22	10.68
786	data/reference/motifs/JASPAR2026_CORE_plants_non-redundant_pfms_meme.txt	MA1376.2	DEAR3	CRCCGMC	1.42e-1	1.00e0	9.27e2	411	206	206	206	3	204	99.03	200	97.09
787	data/reference/motifs/JASPAR2026_CORE_plants_non-redundant_pfms_meme.txt	MA2454.1	SPL8D1	ATAGTACATA	9.77e-2	1.00e0	9.27e2	412	206	206	206	16	95	46.12	81	39.32
788	data/reference/motifs/JASPAR2026_CORE_plants_non-redundant_pfms_meme.txt	MA2450.1	SPL7A	GTACTACCGCT	3.11e-1	1.00e0	9.27e2	331	206	206	206	2	112	54.37	106	51.46
789	data/reference/motifs/JASPAR2026_CORE_plants_non-redundant_pfms_meme.txt	MA2449.1	SPL6A	GCGGTAGTACC	1.30e-1	1.00e0	9.27e2	288	206	206	206	5	9	4.37	4	1.94
790	data/reference/motifs/JASPAR2026_CORE_plants_non-redundant_pfms_meme.txt	MA2445.1	SPL4D	GGTACTACCGCT	1.18e-1	1.00e0	9.27e2	305	206	206	206	2	100	48.54	87	42.23
791	data/reference/motifs/JASPAR2026_CORE_plants_non-redundant_pfms_meme.txt	MA2442.1	SPL3B	AGCGGTASTACCGC	4.50e-1	1.00e0	9.27e2	78	206	206	206	1	40	19.42	38	18.45
792	data/reference/motifs/JASPAR2026_CORE_plants_non-redundant_pfms_meme.txt	MA2441.1	SPL3A	AGCGGTACTACC	1.50e-1	1.00e0	9.27e2	298	206	206	206	4	30	14.56	22	10.68
793	data/reference/motifs/JASPAR2026_CORE_plants_non-redundant_pfms_meme.txt	MA2434.1	SPL16A	AGCGGTAGTAC	1.69e-1	1.00e0	9.27e2	335	206	206	206	7	7	3.40	3	1.46
794	data/reference/motifs/JASPAR2026_CORE_plants_non-redundant_pfms_meme.txt	MA2433.1	SPL15D	GCGGTACTAC	1.07e-1	1.00e0	9.27e2	366	206	206	206	6	28	13.59	19	9.22
795	data/reference/motifs/JASPAR2026_CORE_plants_non-redundant_pfms_meme.txt	MA2425.1	SPL11A	SCGGTACTACCG	3.49e-1	1.00e0	9.27e2	258	206	206	206	3	38	18.45	34	16.50
796	data/reference/motifs/JASPAR2026_CORE_plants_non-redundant_pfms_meme.txt	MA2424.1	OsbZIP77	TGCCACGTCABC	5.00e-1	1.00e0	9.27e2	186	206	206	206	5	1	0.49	0	0.00
797	data/reference/motifs/JASPAR2026_CORE_plants_non-redundant_pfms_meme.txt	MA2423.1	OsbZIP69	GMTGACGTGGCA	6.90e-1	1.00e0	9.27e2	182	206	206	206	1	89	43.20	93	45.15
798	data/reference/motifs/JASPAR2026_CORE_plants_non-redundant_pfms_meme.txt	MA2420.1	SBP6	AAGTACAA	1.38e-1	1.00e0	9.27e2	412	206	206	206	15	48	23.30	38	18.45
799	data/reference/motifs/JASPAR2026_CORE_plants_non-redundant_pfms_meme.txt	MA2419.1	UB3	GAAGTACAAC	2.09e-1	1.00e0	9.27e2	412	206	206	206	14	36	17.48	29	14.08
800	data/reference/motifs/JASPAR2026_CORE_plants_non-redundant_pfms_meme.txt	MA2418.1	IG1	CTGCCGCCA	1.50e-1	1.00e0	9.27e2	360	206	206	206	1	184	89.32	176	85.44
801	data/reference/motifs/JASPAR2026_CORE_plants_non-redundant_pfms_meme.txt	MA2417.1	EREB71	CACCGVCYMC	3.93e-1	1.00e0	9.27e2	304	206	206	206	9	8	3.88	6	2.91
802	data/reference/motifs/JASPAR2026_CORE_plants_non-redundant_pfms_meme.txt	MA2416.1	EREB29	GCCGCCGCCC	2.49e-1	1.00e0	9.27e2	223	206	206	206	20	2	0.97	0	0.00
803	data/reference/motifs/JASPAR2026_CORE_plants_non-redundant_pfms_meme.txt	MA2415.1	EREB138	CMGCCGCCAT	2.17e-1	1.00e0	9.27e2	341	206	206	206	1	174	84.47	167	81.07
804	data/reference/motifs/JASPAR2026_CORE_plants_non-redundant_pfms_meme.txt	MA2414.1	EREB127	TGCCGACA	3.47e-1	1.00e0	9.27e2	335	206	206	206	5	37	17.96	33	16.02
805	data/reference/motifs/JASPAR2026_CORE_plants_non-redundant_pfms_meme.txt	MA2412.1	ZmbZIP72	GATGACATCA	2.81e-1	1.00e0	9.27e2	408	206	206	206	3	181	87.86	176	85.44
806	data/reference/motifs/JASPAR2026_CORE_plants_non-redundant_pfms_meme.txt	MA2411.1	ZmbZIP57	ATGATGTCAT	5.00e-1	1.00e0	9.27e2	410	206	206	206	16	3	1.46	2	0.97
807	data/reference/motifs/JASPAR2026_CORE_plants_non-redundant_pfms_meme.txt	MA2410.1	ZmbZIP54	TGACGTCA	1.81e-1	1.00e0	9.27e2	403	206	206	206	16	28	13.59	21	10.19
808	data/reference/motifs/JASPAR2026_CORE_plants_non-redundant_pfms_meme.txt	MA2409.1	ZmbZIP25	GATGACATCA	5.00e-1	1.00e0	9.27e2	408	206	206	206	20	1	0.49	0	0.00
809	data/reference/motifs/JASPAR2026_CORE_plants_non-redundant_pfms_meme.txt	MA2406.1	PK03576.1	CACGTGC	5.00e-1	1.00e0	9.27e2	83	206	206	206	1	42	20.39	41	19.90
810	data/reference/motifs/JASPAR2026_CORE_plants_non-redundant_pfms_meme.txt	MA2405.1	OsMSL08	GTAAAW	1.27e-1	1.00e0	9.27e2	412	206	206	206	83	33	16.02	24	11.65
811	data/reference/motifs/JASPAR2026_CORE_plants_non-redundant_pfms_meme.txt	MA2404.1	OsTRBF3	WRMCCTA	1.53e-1	1.00e0	9.27e2	412	206	206	206	25	136	66.02	125	60.68
812	data/reference/motifs/JASPAR2026_CORE_plants_non-redundant_pfms_meme.txt	MA2402.1	OsERF104	GCCGY	1.69e-1	1.00e0	9.27e2	412	206	206	206	19	69	33.50	59	28.64
813	data/reference/motifs/JASPAR2026_CORE_plants_non-redundant_pfms_meme.txt	MA2401.1	Os05g0437700	MCACGTGK	2.75e-1	1.00e0	9.27e2	239	206	206	206	2	123	59.71	116	56.31
814	data/reference/motifs/JASPAR2026_CORE_plants_non-redundant_pfms_meme.txt	MA2400.1	LjTCP20	GGGACCAY	1.90e-1	1.00e0	9.27e2	289	206	206	206	6	8	3.88	4	1.94
815	data/reference/motifs/JASPAR2026_CORE_plants_non-redundant_pfms_meme.txt	MA2397.1	ILR3	CACGTG	1.42e-1	1.00e0	9.27e2	412	206	206	206	44	50	24.27	40	19.42
816	data/reference/motifs/JASPAR2026_CORE_plants_non-redundant_pfms_meme.txt	MA2395.1	PHYPA_011264	CACCGACM	2.87e-1	1.00e0	9.27e2	255	206	206	206	5	8	3.88	5	2.43
817	data/reference/motifs/JASPAR2026_CORE_plants_non-redundant_pfms_meme.txt	MA2394.1	PpDof6	CTTT	1.14e-1	1.00e0	9.27e2	412	206	206	206	196	12	5.83	6	2.91
818	data/reference/motifs/JASPAR2026_CORE_plants_non-redundant_pfms_meme.txt	MA2392.1	GRMZM2G135447	TGACRKS	2.26e-1	1.00e0	9.27e2	412	206	206	206	16	66	32.04	58	28.16
819	data/reference/motifs/JASPAR2026_CORE_plants_non-redundant_pfms_meme.txt	MA2391.1	Lg3	TGACRKC	4.50e-1	1.00e0	9.27e2	412	206	206	206	16	41	19.90	39	18.93
820	data/reference/motifs/JASPAR2026_CORE_plants_non-redundant_pfms_meme.txt	MA2389.1	GBF1	ACGTGKM	3.44e-1	1.00e0	9.27e2	412	206	206	206	28	84	40.78	79	38.35
821	data/reference/motifs/JASPAR2026_CORE_plants_non-redundant_pfms_meme.txt	MA2388.1	GATA1	AGATCTRRWT	1.79e-1	1.00e0	9.27e2	380	206	206	206	1	193	93.69	187	90.78
822	data/reference/motifs/JASPAR2026_CORE_plants_non-redundant_pfms_meme.txt	MA2383.1	e_gw1.392.16.1	CTTTW	2.19e-1	1.00e0	9.27e2	412	206	206	206	169	173	83.98	166	80.58
823	data/reference/motifs/JASPAR2026_CORE_plants_non-redundant_pfms_meme.txt	MA2380.1	DOF4.7	TWACTTTTT	2.24e-1	1.00e0	9.27e2	412	206	206	206	18	64	31.07	56	27.18
824	data/reference/motifs/JASPAR2026_CORE_plants_non-redundant_pfms_meme.txt	MA2379.1	DOF3.1	CKTT	1.30e-1	1.00e0	9.27e2	412	206	206	206	192	202	98.06	197	95.63
825	data/reference/motifs/JASPAR2026_CORE_plants_non-redundant_pfms_meme.txt	MA2375.1	BMY2	SRCACGTGTGR	3.38e-1	1.00e0	9.27e2	139	206	206	206	1	72	34.95	67	32.52
826	data/reference/motifs/JASPAR2026_CORE_plants_non-redundant_pfms_meme.txt	MA2372.1	AZF1	WCACTVWCW	1.24e-1	1.00e0	9.27e2	412	206	206	206	4	206	100.00	203	98.54
827	data/reference/motifs/JASPAR2026_CORE_plants_non-redundant_pfms_meme.txt	MA2371.1	MYB31	YAMCTMCCAACHAMH	1.88e-1	1.00e0	9.27e2	403	206	206	206	5	107	51.94	97	47.09
828	data/reference/motifs/JASPAR2026_CORE_plants_non-redundant_pfms_meme.txt	MA2370.1	MBD2	AGCTD	2.79e-1	1.00e0	9.27e2	412	206	206	206	58	194	94.17	190	92.23
829	data/reference/motifs/JASPAR2026_CORE_plants_non-redundant_pfms_meme.txt	MA2368.1	WRKY51	RGTCAA	1.99e-1	1.00e0	9.27e2	412	206	206	206	87	70	33.98	61	29.61
830	data/reference/motifs/JASPAR2026_CORE_plants_non-redundant_pfms_meme.txt	MA2367.1	WIP5	ACCTGGAGAAMAW	8.74e-2	1.00e0	9.27e2	411	206	206	206	21	7	3.40	2	0.97
831	data/reference/motifs/JASPAR2026_CORE_plants_non-redundant_pfms_meme.txt	MA2366.1	VOZ2	GCGT	8.72e-2	1.00e0	9.27e2	412	206	206	206	66	47	22.82	35	16.99
832	data/reference/motifs/JASPAR2026_CORE_plants_non-redundant_pfms_meme.txt	MA2364.1	VIT_15s0048g01150	GGGCCCAC	1.14e-1	1.00e0	9.27e2	402	206	206	206	6	89	43.20	76	36.89
833	data/reference/motifs/JASPAR2026_CORE_plants_non-redundant_pfms_meme.txt	MA2362.1	TEIL	AGRTWCAT	2.95e-1	1.00e0	9.27e2	412	206	206	206	30	64	31.07	58	28.16
834	data/reference/motifs/JASPAR2026_CORE_plants_non-redundant_pfms_meme.txt	MA2357.1	PK21687.1	WAAACCC	1.24e-1	1.00e0	9.27e2	412	206	206	206	13	206	100.00	203	98.54
835	data/reference/motifs/JASPAR2026_CORE_plants_non-redundant_pfms_meme.txt	MA2353.1	PK02532.1	WAATATCT	9.49e-2	1.00e0	9.27e2	394	206	206	206	5	65	31.55	52	25.24
836	data/reference/motifs/JASPAR2026_CORE_plants_non-redundant_pfms_meme.txt	MA2350.1	OsFBH1	CCACTTG	3.75e-1	1.00e0	9.27e2	145	206	206	206	3	6	2.91	4	1.94
837	data/reference/motifs/JASPAR2026_CORE_plants_non-redundant_pfms_meme.txt	MA2349.1	OsCCA1	AATATCT	3.93e-1	1.00e0	9.27e2	412	206	206	206	37	200	97.09	198	96.12
838	data/reference/motifs/JASPAR2026_CORE_plants_non-redundant_pfms_meme.txt	MA2348.1	IDD6	TTTTTGTCGTTTTSTK	1.51e-1	1.00e0	9.27e2	305	206	206	206	4	22	10.68	15	7.28
839	data/reference/motifs/JASPAR2026_CORE_plants_non-redundant_pfms_meme.txt	MA2106.1	Zm00001d024644	CCTTATCC	5.00e-1	1.00e0	9.27e2	412	206	206	206	37	2	0.97	1	0.49
840	data/reference/motifs/JASPAR2026_CORE_plants_non-redundant_pfms_meme.txt	MA2104.1	IDD11	AAAACGACAAAA	1.24e-1	1.00e0	9.27e2	378	206	206	206	9	3	1.46	0	0.00
841	data/reference/motifs/JASPAR2026_CORE_plants_non-redundant_pfms_meme.txt	MA2103.1	AT4G09450	TTATCY	1.85e-1	1.00e0	9.27e2	412	206	206	206	57	94	45.63	84	40.78
842	data/reference/motifs/JASPAR2026_CORE_plants_non-redundant_pfms_meme.txt	MA1800.1	TEM1	GCAACATA	4.29e-1	1.00e0	9.27e2	410	206	206	206	3	190	92.23	188	91.26
843	data/reference/motifs/JASPAR2026_CORE_plants_non-redundant_pfms_meme.txt	MA1797.1	RAV2	GCAACATA	1.24e-1	1.00e0	9.27e2	332	206	206	206	7	3	1.46	0	0.00
844	data/reference/motifs/JASPAR2026_CORE_plants_non-redundant_pfms_meme.txt	MA1792.1	NAC098	CKTGTNNHACACGTHA	4.41e-1	1.00e0	9.27e2	195	206	206	206	3	27	13.11	25	12.14
845	data/reference/motifs/JASPAR2026_CORE_plants_non-redundant_pfms_meme.txt	MA1791.1	NAC087	TTDCTTGTNNNACACGYWA	5.60e-1	1.00e0	9.27e2	109	206	206	206	2	25	12.14	25	12.14
846	data/reference/motifs/JASPAR2026_CORE_plants_non-redundant_pfms_meme.txt	MA1790.1	NAC073	CTTSWYBHWCAMGYT	2.05e-1	1.00e0	9.27e2	380	206	206	206	8	15	7.28	10	4.85
847	data/reference/motifs/JASPAR2026_CORE_plants_non-redundant_pfms_meme.txt	MA1788.1	NAC054	CTTGTNNHACACGYHAYCT	4.11e-1	1.00e0	9.27e2	105	206	206	206	1	54	26.21	51	24.76
848	data/reference/motifs/JASPAR2026_CORE_plants_non-redundant_pfms_meme.txt	MA1784.1	NAC011	GTTGCTTSWNHHDCAAGYAAC	5.00e-1	1.00e0	9.27e2	58	206	206	206	2	12	5.83	11	5.34
849	data/reference/motifs/JASPAR2026_CORE_plants_non-redundant_pfms_meme.txt	MA1783.1	NAC005	TWRCTTVTTYHAYAAGTTW	4.25e-1	1.00e0	9.27e2	182	206	206	206	4	16	7.77	14	6.80
850	data/reference/motifs/JASPAR2026_CORE_plants_non-redundant_pfms_meme.txt	MA1686.1	ARF13	ARCGGGGGACAYGT	6.88e-1	1.00e0	9.27e2	146	206	206	206	4	2	0.97	2	0.97
851	data/reference/motifs/JASPAR2026_CORE_plants_non-redundant_pfms_meme.txt	MA2088.1	PK24580.1	GCCGGCA	3.95e-1	1.00e0	9.27e2	112	206	206	206	2	35	16.99	32	15.53
852	data/reference/motifs/JASPAR2026_CORE_plants_non-redundant_pfms_meme.txt	MA2087.1	PK24205.1	CACGTGKC	4.07e-1	1.00e0	9.27e2	201	206	206	206	2	48	23.30	45	21.84
853	data/reference/motifs/JASPAR2026_CORE_plants_non-redundant_pfms_meme.txt	MA2086.1	PK23964.1	KCCACGT	2.38e-1	1.00e0	9.27e2	412	206	206	206	22	81	39.32	73	35.44
854	data/reference/motifs/JASPAR2026_CORE_plants_non-redundant_pfms_meme.txt	MA2084.1	PK23009.1	CTTTW	1.29e-1	1.00e0	9.27e2	412	206	206	206	132	172	83.50	162	78.64
855	data/reference/motifs/JASPAR2026_CORE_plants_non-redundant_pfms_meme.txt	MA2082.1	PK20392.1	AATMAT	3.12e-1	1.00e0	9.27e2	412	206	206	206	152	3	1.46	1	0.49
856	data/reference/motifs/JASPAR2026_CORE_plants_non-redundant_pfms_meme.txt	MA2080.1	PK20225.1	CACGTG	2.94e-1	1.00e0	9.27e2	412	206	206	206	32	63	30.58	57	27.67
857	data/reference/motifs/JASPAR2026_CORE_plants_non-redundant_pfms_meme.txt	MA2077.1	PK18474.1	CACGTGC	4.53e-1	1.00e0	9.27e2	90	206	206	206	1	46	22.33	44	21.36
858	data/reference/motifs/JASPAR2026_CORE_plants_non-redundant_pfms_meme.txt	MA2071.1	PK15505.1	GCACGTGT	5.00e-1	1.00e0	9.27e2	89	206	206	206	2	45	21.84	44	21.36
859	data/reference/motifs/JASPAR2026_CORE_plants_non-redundant_pfms_meme.txt	MA2069.1	PK10955.1	CTTTW	1.91e-1	1.00e0	9.27e2	412	206	206	206	42	152	73.79	143	69.42
860	data/reference/motifs/JASPAR2026_CORE_plants_non-redundant_pfms_meme.txt	MA2068.1	PK10344.1	GGGACCAC	6.57e-1	1.00e0	9.27e2	144	206	206	206	3	3	1.46	3	1.46
861	data/reference/motifs/JASPAR2026_CORE_plants_non-redundant_pfms_meme.txt	MA2067.1	PK09702.1	GCACGTGR	5.49e-1	1.00e0	9.27e2	82	206	206	206	1	41	19.90	41	19.90
862	data/reference/motifs/JASPAR2026_CORE_plants_non-redundant_pfms_meme.txt	MA2066.1	PK09021.1	TGACGTCA	7.51e-1	1.00e0	9.27e2	108	206	206	206	3	1	0.49	1	0.49
863	data/reference/motifs/JASPAR2026_CORE_plants_non-redundant_pfms_meme.txt	MA2065.1	PK08602.1	CCACCGCC	6.16e-1	1.00e0	9.27e2	53	206	206	206	1	26	12.62	27	13.11
864	data/reference/motifs/JASPAR2026_CORE_plants_non-redundant_pfms_meme.txt	MA2064.1	PK07858.1	CACGTGC	4.53e-1	1.00e0	9.27e2	90	206	206	206	1	46	22.33	44	21.36
865	data/reference/motifs/JASPAR2026_CORE_plants_non-redundant_pfms_meme.txt	MA2063.1	PK07402.1	RCCGMC	9.34e-2	1.00e0	9.27e2	410	206	206	206	16	40	19.42	29	14.08
866	data/reference/motifs/JASPAR2026_CORE_plants_non-redundant_pfms_meme.txt	MA2061.1	PK06517.1	CACGTGC	4.53e-1	1.00e0	9.27e2	90	206	206	206	1	46	22.33	44	21.36
867	data/reference/motifs/JASPAR2026_CORE_plants_non-redundant_pfms_meme.txt	MA2060.1	PK05451.1	CCACGTGM	5.00e-1	1.00e0	9.27e2	89	206	206	206	2	45	21.84	44	21.36
868	data/reference/motifs/JASPAR2026_CORE_plants_non-redundant_pfms_meme.txt	MA2059.1	PK05432.1	RGTCAA	1.24e-1	1.00e0	9.27e2	412	206	206	206	27	206	100.00	203	98.54
869	data/reference/motifs/JASPAR2026_CORE_plants_non-redundant_pfms_meme.txt	MA2055.1	PK00315.1	GACAGCTR	1.05e-1	1.00e0	9.27e2	411	206	206	206	7	161	78.16	149	72.33
870	data/reference/motifs/JASPAR2026_CORE_plants_non-redundant_pfms_meme.txt	MA1416.1	RAMOSA1	GAGAGAGAGAGAGA	1.97e-1	1.00e0	9.27e2	193	206	206	206	8	22	10.68	16	7.77
871	data/reference/motifs/JASPAR2026_CORE_plants_non-redundant_pfms_meme.txt	MA1380.1	TCX6	WTTTAAATTTTTWAA	3.06e-1	1.00e0	9.27e2	408	206	206	206	9	82	39.81	76	36.89
872	data/reference/motifs/JASPAR2026_CORE_plants_non-redundant_pfms_meme.txt	MA1379.1	SOL1	WTTWAAAATTTAAAW	2.72e-1	1.00e0	9.27e2	407	206	206	206	2	195	94.66	191	92.72
873	data/reference/motifs/JASPAR2026_CORE_plants_non-redundant_pfms_meme.txt	MA1373.1	GAF1	HABWAAACGACAAAA	1.84e-1	1.00e0	9.27e2	311	206	206	206	3	58	28.16	49	23.79
874	data/reference/motifs/JASPAR2026_CORE_plants_non-redundant_pfms_meme.txt	MA1348.1	TGA9	GMTGACGTCAY	3.31e-1	1.00e0	9.27e2	149	206	206	206	2	29	14.08	25	12.14
875	data/reference/motifs/JASPAR2026_CORE_plants_non-redundant_pfms_meme.txt	MA1335.1	TGA4	TGACGTCAKCA	6.35e-1	1.00e0	9.27e2	341	206	206	206	5	18	8.74	19	9.22
876	data/reference/motifs/JASPAR2026_CORE_plants_non-redundant_pfms_meme.txt	MA1328.1	ZHD9	WTWAWHNVYTAATYA	1.46e-1	1.00e0	9.27e2	411	206	206	206	5	197	95.63	191	92.72
877	data/reference/motifs/JASPAR2026_CORE_plants_non-redundant_pfms_meme.txt	MA1324.1	GATA20	ATCSGATC	3.42e-1	1.00e0	9.27e2	348	206	206	206	1	176	85.44	172	83.50
878	data/reference/motifs/JASPAR2026_CORE_plants_non-redundant_pfms_meme.txt	MA1242.1	DREB2F	CCDCCACCGCC	5.00e-1	1.00e0	9.27e2	203	206	206	206	13	1	0.49	0	0.00
879	data/reference/motifs/JASPAR2026_CORE_plants_non-redundant_pfms_meme.txt	MA1235.1	AIL7	CGNWTYYCGAG	5.00e-1	1.00e0	9.27e2	408	206	206	206	12	9	4.37	8	3.88
880	data/reference/motifs/JASPAR2026_CORE_plants_non-redundant_pfms_meme.txt	MA1225.1	ERF5	CCDCCGCCGCCGCCR	2.49e-1	1.00e0	9.27e2	155	206	206	206	13	2	0.97	0	0.00
881	data/reference/motifs/JASPAR2026_CORE_plants_non-redundant_pfms_meme.txt	MA1222.1	ERF014	CCDCCDCCACCGMCA	5.00e-1	1.00e0	9.27e2	186	206	206	206	9	2	0.97	1	0.49
882	data/reference/motifs/JASPAR2026_CORE_plants_non-redundant_pfms_meme.txt	MA1162.1	TCX2	WTTYAAAATTYAAAW	6.22e-1	1.00e0	9.27e2	402	206	206	206	12	23	11.17	24	11.65
883	data/reference/motifs/JASPAR2026_CORE_plants_non-redundant_pfms_meme.txt	MA1161.1	TSO1	WWTTWAAAATTTAAA	3.12e-1	1.00e0	9.27e2	408	206	206	206	25	3	1.46	1	0.49
884	data/reference/motifs/JASPAR2026_CORE_plants_non-redundant_pfms_meme.txt	MA1098.1	ARALYDRAFT_484486	GGSCCCAC	2.97e-1	1.00e0	9.27e2	284	206	206	206	1	145	70.39	139	67.48
885	data/reference/motifs/JASPAR2026_CORE_plants_non-redundant_pfms_meme.txt	MA1097.1	ARALYDRAFT_493022	GGSMCCAC	3.02e-1	1.00e0	9.27e2	272	206	206	206	1	139	67.48	133	64.56
886	data/reference/motifs/JASPAR2026_CORE_plants_non-redundant_pfms_meme.txt	MA1096.1	ARALYDRAFT_496250	GGGACCAC	3.37e-1	1.00e0	9.27e2	133	206	206	206	1	69	33.50	64	31.07
887	data/reference/motifs/JASPAR2026_CORE_plants_non-redundant_pfms_meme.txt	MA1095.1	ARALYDRAFT_495258	GGSCCCAC	2.97e-1	1.00e0	9.27e2	284	206	206	206	1	145	70.39	139	67.48
888	data/reference/motifs/JASPAR2026_CORE_plants_non-redundant_pfms_meme.txt	MA1091.1	WRKY62	TGGTCAAC	1.32e-1	1.00e0	9.27e2	376	206	206	206	2	157	76.21	146	70.87
889	data/reference/motifs/JASPAR2026_CORE_plants_non-redundant_pfms_meme.txt	MA1084.1	WRKY38	CGTTGACC	5.00e-1	1.00e0	9.27e2	412	206	206	206	18	11	5.34	10	4.85
890	data/reference/motifs/JASPAR2026_CORE_plants_non-redundant_pfms_meme.txt	MA1075.1	WRKY12	CGTTGACC	6.57e-1	1.00e0	9.27e2	412	206	206	206	21	3	1.46	3	1.46
891	data/reference/motifs/JASPAR2026_CORE_plants_non-redundant_pfms_meme.txt	MA1067.1	TCP5	GGGACCAC	3.75e-1	1.00e0	9.27e2	237	206	206	206	4	6	2.91	4	1.94
892	data/reference/motifs/JASPAR2026_CORE_plants_non-redundant_pfms_meme.txt	MA1066.1	TCP23	GGGCCCAC	1.31e-1	1.00e0	9.27e2	327	206	206	206	3	83	40.29	71	34.47
893	data/reference/motifs/JASPAR2026_CORE_plants_non-redundant_pfms_meme.txt	MA1050.1	OsI_08196	GGGCCCAC	1.07e-1	1.00e0	9.27e2	353	206	206	206	6	28	13.59	19	9.22
894	data/reference/motifs/JASPAR2026_CORE_plants_non-redundant_pfms_meme.txt	MA1046.1	NTL9	TTAAGTAAT	5.00e-1	1.00e0	9.27e2	343	206	206	206	12	1	0.49	0	0.00
895	data/reference/motifs/JASPAR2026_CORE_plants_non-redundant_pfms_meme.txt	MA1035.1	TCP4	GGGACCAC	3.08e-1	1.00e0	9.27e2	242	206	206	206	1	124	60.19	118	57.28
896	data/reference/motifs/JASPAR2026_CORE_plants_non-redundant_pfms_meme.txt	MA1033.1	OJ1058_F05.8	MCACGTGK	2.75e-1	1.00e0	9.27e2	239	206	206	206	2	123	59.71	116	56.31
897	data/reference/motifs/JASPAR2026_CORE_plants_non-redundant_pfms_meme.txt	MA1028.1	KAN4	GAATATTC	1.41e-1	1.00e0	9.27e2	397	206	206	206	6	150	72.82	139	67.48
898	data/reference/motifs/JASPAR2026_CORE_plants_non-redundant_pfms_meme.txt	MA1020.1	GT-1	GTTAACCA	9.34e-2	1.00e0	9.27e2	408	206	206	206	9	40	19.42	29	14.08
899	data/reference/motifs/JASPAR2026_CORE_plants_non-redundant_pfms_meme.txt	MA1014.1	GATA11	TAGATCTG	2.49e-1	1.00e0	9.27e2	250	206	206	206	11	2	0.97	0	0.00
900	data/reference/motifs/JASPAR2026_CORE_plants_non-redundant_pfms_meme.txt	MA1013.1	GATA10	TAGATCTG	4.46e-1	1.00e0	9.27e2	323	206	206	206	7	33	16.02	31	15.05
901	data/reference/motifs/JASPAR2026_CORE_plants_non-redundant_pfms_meme.txt	MA1009.1	ARF3	TGTCGGAA	1.90e-1	1.00e0	9.27e2	402	206	206	206	11	8	3.88	4	1.94
902	data/reference/motifs/JASPAR2026_CORE_plants_non-redundant_pfms_meme.txt	MA1007.1	PHYPADRAFT_173530	TGTCGGTG	2.78e-1	1.00e0	9.27e2	190	206	206	206	2	29	14.08	24	11.65
903	data/reference/motifs/JASPAR2026_CORE_plants_non-redundant_pfms_meme.txt	MA0986.1	DREB2C	CACCGACA	1.22e-1	1.00e0	9.27e2	388	206	206	206	9	24	11.65	16	7.77
904	data/reference/motifs/JASPAR2026_CORE_plants_non-redundant_pfms_meme.txt	MA0978.1	DREB1E	ATGTCGGC	2.25e-1	1.00e0	9.27e2	308	206	206	206	6	5	2.43	2	0.97
905	data/reference/motifs/JASPAR2026_CORE_plants_non-redundant_pfms_meme.txt	MA0977.1	DOF2.5	AWAAAGTG	1.46e-1	1.00e0	9.27e2	412	206	206	206	13	201	97.57	196	95.15
906	data/reference/motifs/JASPAR2026_CORE_plants_non-redundant_pfms_meme.txt	MA0967.1	BZIP60	TGACGTCA	4.50e-1	1.00e0	9.27e2	412	206	206	206	10	168	81.55	166	80.58
907	data/reference/motifs/JASPAR2026_CORE_plants_non-redundant_pfms_meme.txt	MA0963.1	bHLH78	GCACGTGC	5.00e-1	1.00e0	9.27e2	189	206	206	206	8	3	1.46	2	0.97
908	data/reference/motifs/JASPAR2026_CORE_plants_non-redundant_pfms_meme.txt	MA0960.1	BHLH104	GGCACGTGCC	8.52e-1	1.00e0	9.27e2	71	206	206	206	2	32	15.53	39	18.93
909	data/reference/motifs/JASPAR2026_CORE_plants_non-redundant_pfms_meme.txt	MA0959.1	AIB	GCACGTGC	4.03e-1	1.00e0	9.27e2	274	206	206	206	6	43	20.87	40	19.42
910	data/reference/motifs/JASPAR2026_CORE_plants_non-redundant_pfms_meme.txt	MA0957.1	BHLH3	GCACGTGC	1.03e-1	1.00e0	9.27e2	367	206	206	206	2	188	91.26	179	86.89
911	data/reference/motifs/JASPAR2026_CORE_plants_non-redundant_pfms_meme.txt	MA0951.1	ATHB-16	TAATMATT	3.10e-1	1.00e0	9.27e2	412	206	206	206	11	116	56.31	110	53.40
912	data/reference/motifs/JASPAR2026_CORE_plants_non-redundant_pfms_meme.txt	MA0950.1	ATHB-12	AATGATTG	9.37e-2	1.00e0	9.27e2	412	206	206	206	49	64	31.07	51	24.76
913	data/reference/motifs/JASPAR2026_CORE_plants_non-redundant_pfms_meme.txt	MA0947.1	ARR14	AGATWCGS	3.01e-1	1.00e0	9.27e2	392	206	206	206	3	140	67.96	134	65.05
914	data/reference/motifs/JASPAR2026_CORE_plants_non-redundant_pfms_meme.txt	MA0946.1	ARR11	AAGATACG	1.85e-1	1.00e0	9.27e2	411	206	206	206	12	13	6.31	8	3.88
915	data/reference/motifs/JASPAR2026_CORE_plants_non-redundant_pfms_meme.txt	MA0939.1	NAC079	ACACGCAA	2.69e-1	1.00e0	9.27e2	351	206	206	206	2	135	65.53	128	62.14
916	data/reference/motifs/JASPAR2026_CORE_plants_non-redundant_pfms_meme.txt	MA0936.1	NAC046	ACACGCMA	9.09e-2	1.00e0	9.27e2	412	206	206	206	37	139	67.48	125	60.68
917	data/reference/motifs/JASPAR2026_CORE_plants_non-redundant_pfms_meme.txt	MA0935.1	NAC025	YACGTAAY	5.00e-1	1.00e0	9.27e2	348	206	206	206	6	12	5.83	11	5.34
918	data/reference/motifs/JASPAR2026_CORE_plants_non-redundant_pfms_meme.txt	MA0933.1	AHL20	AATTAAWT	1.30e-1	1.00e0	9.27e2	412	206	206	206	40	202	98.06	197	95.63
919	data/reference/motifs/JASPAR2026_CORE_plants_non-redundant_pfms_meme.txt	MA0580.1	DYT1	MGTGAGWCACGTGA	4.54e-1	1.00e0	9.27e2	96	206	206	206	1	49	23.79	47	22.82
920	data/reference/motifs/JASPAR2026_CORE_plants_non-redundant_pfms_meme.txt	MA0561.1	PIF4	CACGTGSC	2.31e-1	1.00e0	9.27e2	188	206	206	206	2	45	21.84	38	18.45
921	data/reference/motifs/JASPAR2026_CORE_plants_non-redundant_pfms_meme.txt	MA0129.1	TGA1A	HACGTCA	5.00e-1	1.00e0	9.27e2	412	206	206	206	30	4	1.94	3	1.46
922	data/reference/motifs/JASPAR2026_CORE_plants_non-redundant_pfms_meme.txt	MA0128.1	EmBP-1	ASACGTGG	1.83e-1	1.00e0	9.27e2	382	206	206	206	3	128	62.14	118	57.28
923	data/reference/motifs/JASPAR2026_CORE_plants_non-redundant_pfms_meme.txt	MA0123.1	abi4	CGSYGCCCCC	3.43e-1	1.00e0	9.27e2	359	206	206	206	18	4	1.94	2	0.97
924	data/reference/motifs/JASPAR2026_CORE_plants_non-redundant_pfms_meme.txt	MA0097.1	bZIP911	GRTGACGTGGMC	8.15e-1	1.00e0	9.27e2	34	206	206	206	1	15	7.28	19	9.22
925	data/reference/motifs/JASPAR2026_CORE_plants_non-redundant_pfms_meme.txt	MA0096.1	bZIP910	MTGACGT	4.00e-1	1.00e0	9.27e2	182	206	206	206	3	9	4.37	7	3.40
926	data/reference/motifs/JASPAR2026_CORE_plants_non-redundant_pfms_meme.txt	MA0064.1	PBF	AAAGY	9.85e-2	1.00e0	9.27e2	412	206	206	206	21	189	91.75	180	87.38
927	data/reference/motifs/JASPAR2026_CORE_plants_non-redundant_pfms_meme.txt	MA0021.1	Dof3	AAAGYV	2.14e-1	1.00e0	9.27e2	411	206	206	206	16	38	18.45	31	15.05

# AME (Analysis of Motif Enrichment): Version 5.5.9 compiled on May 27 2026 at 12:40:54
# The format of this file is described at https://meme-suite.org/meme/doc/ame-output-format.html.
# ame --verbose 1 --text --control results/evidence/motifs/inputs/backgrounds/2000/replicate_026.fa --method fisher --scoring totalhits --hit-lo-fraction 0.25 --evalue-report-threshold 1000000 --noseq results/evidence/motifs/inputs/frozen_candidates_2000bp.fa data/reference/motifs/JASPAR2026_CORE_plants_non-redundant_pfms_meme.txt
