2	data/reference/motifs/JASPAR2026_CORE_plants_non-redundant_pfms_meme.txt	MA2347.1	OS04G0486400	TAACC	2.60e-4	1.02e-1	9.43e1	412	206	206	206	99	130	63.11	94	45.63
3	data/reference/motifs/JASPAR2026_CORE_plants_non-redundant_pfms_meme.txt	MA1360.3	bHLH74	CACGTG	3.92e-4	1.19e-1	1.11e2	324	206	206	206	3	118	57.28	83	40.29
4	data/reference/motifs/JASPAR2026_CORE_plants_non-redundant_pfms_meme.txt	MA2405.1	OsMSL08	GTAAAW	4.11e-4	1.56e-1	1.45e2	412	206	206	206	78	60	29.13	31	15.05
5	data/reference/motifs/JASPAR2026_CORE_plants_non-redundant_pfms_meme.txt	MA2483.1	PK20543.1	TTAACC	5.63e-4	2.07e-1	1.92e2	412	206	206	206	73	76	36.89	45	21.84
6	data/reference/motifs/JASPAR2026_CORE_plants_non-redundant_pfms_meme.txt	MA0560.2	PIF3	CCACGTG	8.84e-4	2.07e-1	1.92e2	263	206	206	206	2	98	47.57	66	32.04
7	data/reference/motifs/JASPAR2026_CORE_plants_non-redundant_pfms_meme.txt	MA2393.1	PHYPA_008731	CACGTGC	8.84e-4	2.07e-1	1.92e2	263	206	206	206	2	98	47.57	66	32.04
8	data/reference/motifs/JASPAR2026_CORE_plants_non-redundant_pfms_meme.txt	MA2472.1	AT3G12910	YGSCGTVRWDDHBACGK	3.17e-3	2.44e-1	2.26e2	88	206	206	206	2	15	7.28	3	1.46
9	data/reference/motifs/JASPAR2026_CORE_plants_non-redundant_pfms_meme.txt	MA2460.1	MGH6.1	YGSCGTVRWDDHBACGK	3.17e-3	2.44e-1	2.26e2	88	206	206	206	2	15	7.28	3	1.46
10	data/reference/motifs/JASPAR2026_CORE_plants_non-redundant_pfms_meme.txt	MA0568.2	MYC3	CACGTG	7.63e-4	2.68e-1	2.48e2	409	206	206	206	14	111	53.88	78	37.86
11	data/reference/motifs/JASPAR2026_CORE_plants_non-redundant_pfms_meme.txt	MA1364.2	BHLH72	GCCACGTGG	1.33e-3	2.74e-1	2.54e2	241	206	206	206	1	136	66.02	105	50.97
12	data/reference/motifs/JASPAR2026_CORE_plants_non-redundant_pfms_meme.txt	MA2403.1	DVH24_040989	TTAACC	9.35e-4	3.20e-1	2.96e2	412	206	206	206	67	78	37.86	48	23.30
13	data/reference/motifs/JASPAR2026_CORE_plants_non-redundant_pfms_meme.txt	MA1287.2	TCP21	GTGGGMCCCAC	2.61e-3	4.17e-1	3.87e2	207	206	206	206	3	27	13.11	10	4.85
14	data/reference/motifs/JASPAR2026_CORE_plants_non-redundant_pfms_meme.txt	MA1403.1	BPC5	AGAGAGAGAGAGAGAGAGAGAGAGAGAGAG	2.88e-2	4.26e-1	3.95e2	19	206	206	206	1	14	6.80	5	2.43
15	data/reference/motifs/JASPAR2026_CORE_plants_non-redundant_pfms_meme.txt	MA2345.1	OS02G0104500	GTAAAW	1.39e-3	4.36e-1	4.04e2	412	206	206	206	106	53	25.73	28	13.59
16	data/reference/motifs/JASPAR2026_CORE_plants_non-redundant_pfms_meme.txt	MA1010.2	PHYPADRAFT_64121	TGTCGGTA	1.57e-3	4.76e-1	4.41e2	412	206	206	206	15	25	12.14	8	3.88
17	data/reference/motifs/JASPAR2026_CORE_plants_non-redundant_pfms_meme.txt	MA1758.2	HSFA1E	AGAAGCTTCTAGAA	3.27e-3	4.82e-1	4.47e2	201	206	206	206	2	43	20.87	22	10.68
18	data/reference/motifs/JASPAR2026_CORE_plants_non-redundant_pfms_meme.txt	MA1759.2	HSFA4A	AGAAGCTTCTAGAA	2.83e-3	5.41e-1	5.02e2	275	206	206	206	5	11	5.34	1	0.49
19	data/reference/motifs/JASPAR2026_CORE_plants_non-redundant_pfms_meme.txt	MA0965.3	BIM2	CACGTG	2.20e-3	5.54e-1	5.14e2	368	206	206	206	4	161	78.16	134	65.05
20	data/reference/motifs/JASPAR2026_CORE_plants_non-redundant_pfms_meme.txt	MA2471.1	SPCH	CACGTG	2.06e-3	5.55e-1	5.14e2	393	206	206	206	6	155	75.24	127	61.65
21	data/reference/motifs/JASPAR2026_CORE_plants_non-redundant_pfms_meme.txt	MA2727.1	SolycHsfA7	TTCYAGAA	2.09e-3	5.75e-1	5.33e2	410	206	206	206	13	29	14.08	11	5.34
22	data/reference/motifs/JASPAR2026_CORE_plants_non-redundant_pfms_meme.txt	MA1775.2	MYB61	YACCWACC	2.26e-3	5.99e-1	5.55e2	404	206	206	206	3	184	89.32	162	78.64
23	data/reference/motifs/JASPAR2026_CORE_plants_non-redundant_pfms_meme.txt	MA2742.1	SlWRKY11	GTTGACTTTT	3.17e-3	6.36e-1	5.90e2	319	206	206	206	5	15	7.28	3	1.46
24	data/reference/motifs/JASPAR2026_CORE_plants_non-redundant_pfms_meme.txt	MA2360.1	PK28565.1	TAACBGTC	2.52e-3	6.46e-1	5.99e2	412	206	206	206	10	85	41.26	57	27.67
25	data/reference/motifs/JASPAR2026_CORE_plants_non-redundant_pfms_meme.txt	MA2373.1	AZF2	ASTG	2.59e-3	6.56e-1	6.08e2	412	206	206	206	147	201	97.57	187	90.78
26	data/reference/motifs/JASPAR2026_CORE_plants_non-redundant_pfms_meme.txt	MA1404.1	BPC1	GAGAGAGAGAGAGAGAGAGAGAGA	1.48e-2	6.64e-1	6.16e2	73	206	206	206	8	20	9.71	8	3.88
27	data/reference/motifs/JASPAR2026_CORE_plants_non-redundant_pfms_meme.txt	MA1816.2	O11	CACGTG	3.33e-3	6.65e-1	6.17e2	329	206	206	206	2	176	85.44	153	74.27
28	data/reference/motifs/JASPAR2026_CORE_plants_non-redundant_pfms_meme.txt	MA0954.3	ATHB-7	TCAATGATTGR	3.20e-3	7.27e-1	6.74e2	405	206	206	206	10	13	6.31	2	0.97
29	data/reference/motifs/JASPAR2026_CORE_plants_non-redundant_pfms_meme.txt	MA0562.1	PIF5	TCACGTGS	9.52e-3	7.69e-1	7.13e2	154	206	206	206	1	89	43.20	65	31.55
30	data/reference/motifs/JASPAR2026_CORE_plants_non-redundant_pfms_meme.txt	MA1174.2	MYB56	ATAACGGWHW	3.58e-3	7.70e-1	7.14e2	410	206	206	206	7	103	50.00	75	36.41
31	data/reference/motifs/JASPAR2026_CORE_plants_non-redundant_pfms_meme.txt	MA2356.1	PK20555.1	CTTTW	3.81e-3	7.92e-1	7.34e2	412	206	206	206	222	36	17.48	17	8.25
32	data/reference/motifs/JASPAR2026_CORE_plants_non-redundant_pfms_meme.txt	MA1177.2	MYB65	TAACCGHM	4.84e-3	8.64e-1	8.01e2	412	206	206	206	12	130	63.11	103	50.00
33	data/reference/motifs/JASPAR2026_CORE_plants_non-redundant_pfms_meme.txt	MA1169.1	MYB105	WTHDWWACCGTTA	6.26e-3	8.67e-1	8.03e2	322	206	206	206	4	36	17.48	18	8.74
34	data/reference/motifs/JASPAR2026_CORE_plants_non-redundant_pfms_meme.txt	MA1175.2	MYB81	TAACHGWWT	4.98e-3	8.72e-1	8.08e2	412	206	206	206	12	156	75.73	131	63.59
35	data/reference/motifs/JASPAR2026_CORE_plants_non-redundant_pfms_meme.txt	MA1352.1	TRP1	ACCCTAAACCCTAAACCCTAA	5.00e-1	8.75e-1	8.11e2	3	206	206	206	1	2	0.97	1	0.49
36	data/reference/motifs/JASPAR2026_CORE_plants_non-redundant_pfms_meme.txt	MA2422.1	OsbZIP42	TGMCACGTCA	5.76e-3	8.99e-1	8.33e2	398	206	206	206	1	204	99.03	194	94.17
37	data/reference/motifs/JASPAR2026_CORE_plants_non-redundant_pfms_meme.txt	MA2736.1	la3	AACACGTG	5.88e-3	9.02e-1	8.36e2	395	206	206	206	2	194	94.17	178	86.41
38	data/reference/motifs/JASPAR2026_CORE_plants_non-redundant_pfms_meme.txt	MA0958.1	BHLH13	RCACGTGC	7.74e-3	9.24e-1	8.56e2	332	206	206	206	7	38	18.45	20	9.71
39	data/reference/motifs/JASPAR2026_CORE_plants_non-redundant_pfms_meme.txt	MA0569.2	MYC4	CACGTGC	7.00e-3	9.28e-1	8.60e2	376	206	206	206	5	88	42.72	63	30.58
40	data/reference/motifs/JASPAR2026_CORE_plants_non-redundant_pfms_meme.txt	MA1065.3	TCP20	GTGGGWCCCAC	1.21e-2	9.33e-1	8.65e2	224	206	206	206	5	19	9.22	7	3.40
41	data/reference/motifs/JASPAR2026_CORE_plants_non-redundant_pfms_meme.txt	MA0941.2	ABF2	ACACGTG	7.00e-3	9.44e-1	8.75e2	412	206	206	206	15	88	42.72	63	30.58
42	data/reference/motifs/JASPAR2026_CORE_plants_non-redundant_pfms_meme.txt	MA1667.3	HSFC1	TTCYAGAA	7.11e-3	9.46e-1	8.77e2	410	206	206	206	12	33	16.02	16	7.77
43	data/reference/motifs/JASPAR2026_CORE_plants_non-redundant_pfms_meme.txt	MA1744.2	BZIP30	GMCAGCTGK	7.11e-3	9.46e-1	8.77e2	411	206	206	206	5	190	92.23	173	83.98
44	data/reference/motifs/JASPAR2026_CORE_plants_non-redundant_pfms_meme.txt	MA1160.2	IDD6	TTTTTGTCGTTTTSTK	9.45e-3	9.48e-1	8.79e2	313	206	206	206	5	13	6.31	3	1.46
45	data/reference/motifs/JASPAR2026_CORE_plants_non-redundant_pfms_meme.txt	MA1058.2	SPL4	GTACG	7.42e-3	9.53e-1	8.83e2	412	206	206	206	104	7	3.40	0	0.00
46	data/reference/motifs/JASPAR2026_CORE_plants_non-redundant_pfms_meme.txt	MA2501.1	G1	TTACTGTA	7.71e-3	9.58e-1	8.88e2	412	206	206	206	14	151	73.30	127	61.65
47	data/reference/motifs/JASPAR2026_CORE_plants_non-redundant_pfms_meme.txt	MA1011.2	PHYPADRAFT_72483	CACGTG	7.71e-3	9.58e-1	8.88e2	412	206	206	206	52	48	23.30	28	13.59
48	data/reference/motifs/JASPAR2026_CORE_plants_non-redundant_pfms_meme.txt	MA1706.2	AT1G14600	WAYATTCT	7.73e-3	9.59e-1	8.89e2	412	206	206	206	45	199	96.60	186	90.29
49	data/reference/motifs/JASPAR2026_CORE_plants_non-redundant_pfms_meme.txt	MA1356.1	TRP2	AACCCTAAACCCTAAACCCTA	2.08e-1	9.62e-1	8.92e2	14	206	206	206	1	9	4.37	5	2.43
50	data/reference/motifs/JASPAR2026_CORE_plants_non-redundant_pfms_meme.txt	MA1032.2	DREB1G	TGCCGACA	2.22e-2	9.65e-1	8.95e2	151	206	206	206	3	13	6.31	4	1.94
51	data/reference/motifs/JASPAR2026_CORE_plants_non-redundant_pfms_meme.txt	MA1234.2	ERF017	TGGWCGGTG	1.18e-2	9.67e-1	8.96e2	289	206	206	206	2	85	41.26	62	30.10
52	data/reference/motifs/JASPAR2026_CORE_plants_non-redundant_pfms_meme.txt	MA2387.1	NAC094	YGCCGTRNHNNHCACG	2.73e-2	9.69e-1	8.98e2	127	206	206	206	2	39	18.93	24	11.65
53	data/reference/motifs/JASPAR2026_CORE_plants_non-redundant_pfms_meme.txt	MA1687.1	ARF14	CGGGGGACAYGTCGGG	4.74e-2	9.72e-1	9.01e2	74	206	206	206	1	44	21.36	30	14.56
54	data/reference/motifs/JASPAR2026_CORE_plants_non-redundant_pfms_meme.txt	MA2640.1	GLYMA-19G062000	GTAACAGTTAC	8.95e-3	9.73e-1	9.02e2	402	206	206	206	9	35	16.99	18	8.74
55	data/reference/motifs/JASPAR2026_CORE_plants_non-redundant_pfms_meme.txt	MA1359.3	BPE	CACGTG	1.17e-2	9.76e-1	9.05e2	321	206	206	206	4	115	55.83	91	44.17
56	data/reference/motifs/JASPAR2026_CORE_plants_non-redundant_pfms_meme.txt	MA1283.2	TCP14	ADAGVDBGTGGGDCCCAC	2.25e-1	9.78e-1	9.07e2	15	206	206	206	2	5	2.43	2	0.97
57	data/reference/motifs/JASPAR2026_CORE_plants_non-redundant_pfms_meme.txt	MA1317.2	WRKY50	TTGACTTTT	9.91e-3	9.79e-1	9.07e2	388	206	206	206	6	36	17.48	19	9.22
58	data/reference/motifs/JASPAR2026_CORE_plants_non-redundant_pfms_meme.txt	MA1829.2	Zm00001d035604	ACCTAAC	9.46e-3	9.80e-1	9.08e2	412	206	206	206	34	18	8.74	6	2.91
59	data/reference/motifs/JASPAR2026_CORE_plants_non-redundant_pfms_meme.txt	MA2021.2	LBD13	TCCACCGT	9.89e-3	9.81e-1	9.10e2	403	206	206	206	4	179	86.89	160	77.67
60	data/reference/motifs/JASPAR2026_CORE_plants_non-redundant_pfms_meme.txt	MA1734.1	AT1G19040	CTTGNDCYBCAAGTWW	3.05e-2	9.82e-1	9.10e2	131	206	206	206	4	5	2.43	0	0.00
61	data/reference/motifs/JASPAR2026_CORE_plants_non-redundant_pfms_meme.txt	MA0962.2	bHLH34	GCACGTG	1.20e-2	9.82e-1	9.10e2	335	206	206	206	3	86	41.75	63	30.58
62	data/reference/motifs/JASPAR2026_CORE_plants_non-redundant_pfms_meme.txt	MA1402.1	BPC6	CTCTCTCTCTCTCTCTCTCTC	5.49e-2	9.84e-1	9.12e2	73	206	206	206	7	18	8.74	9	4.37
63	data/reference/motifs/JASPAR2026_CORE_plants_non-redundant_pfms_meme.txt	MA2378.1	CRF3	GCCG	1.00e-2	9.84e-1	9.12e2	412	206	206	206	16	205	99.51	197	95.63
64	data/reference/motifs/JASPAR2026_CORE_plants_non-redundant_pfms_meme.txt	MA2653.1	GLYMA-03G042700	GTTTGACTTT	1.02e-2	9.85e-1	9.13e2	412	206	206	206	15	11	5.34	2	0.97
65	data/reference/motifs/JASPAR2026_CORE_plants_non-redundant_pfms_meme.txt	MA2355.1	PK06791.1	GTACGG	1.02e-2	9.85e-1	9.13e2	412	206	206	206	32	11	5.34	2	0.97
66	data/reference/motifs/JASPAR2026_CORE_plants_non-redundant_pfms_meme.txt	MA1382.2	FAR1	YCACGCGCY	5.25e-2	9.87e-1	9.15e2	80	206	206	206	1	47	22.82	33	16.02
67	data/reference/motifs/JASPAR2026_CORE_plants_non-redundant_pfms_meme.txt	MA1374.2	IDD7	ASAAAACGACAAAA	1.49e-2	9.88e-1	9.15e2	294	206	206	206	4	17	8.25	6	2.91
68	data/reference/motifs/JASPAR2026_CORE_plants_non-redundant_pfms_meme.txt	MA1087.3	WRKY45	AAAAGTCAAM	1.11e-2	9.89e-1	9.17e2	409	206	206	206	10	25	12.14	11	5.34
69	data/reference/motifs/JASPAR2026_CORE_plants_non-redundant_pfms_meme.txt	MA2073.1	PK16340.1	CKTT	1.13e-2	9.91e-1	9.18e2	412	206	206	206	187	62	30.10	41	19.90
70	data/reference/motifs/JASPAR2026_CORE_plants_non-redundant_pfms_meme.txt	MA2344.1	REV	AATMATCATTATTA	1.15e-2	9.91e-1	9.18e2	408	206	206	206	3	201	97.57	190	92.23
71	data/reference/motifs/JASPAR2026_CORE_plants_non-redundant_pfms_meme.txt	MA1037.2	MYB24	GTTAGGY	1.15e-2	9.91e-1	9.19e2	412	206	206	206	73	16	7.77	5	2.43
72	data/reference/motifs/JASPAR2026_CORE_plants_non-redundant_pfms_meme.txt	MA1071.2	DOF5.3	AAMG	1.15e-2	9.91e-1	9.19e2	412	206	206	206	271	145	70.39	122	59.22
73	data/reference/motifs/JASPAR2026_CORE_plants_non-redundant_pfms_meme.txt	MA2358.1	PK22320.1	GTACGG	1.18e-2	9.92e-1	9.20e2	412	206	206	206	21	22	10.68	9	4.37
74	data/reference/motifs/JASPAR2026_CORE_plants_non-redundant_pfms_meme.txt	MA1781.2	MYB94	CCAACYACYW	1.21e-2	9.93e-1	9.20e2	409	206	206	206	2	199	96.60	187	90.78
75	data/reference/motifs/JASPAR2026_CORE_plants_non-redundant_pfms_meme.txt	MA0566.2	MYC2	AACACGTGA	1.22e-2	9.93e-1	9.20e2	406	206	206	206	5	163	79.13	142	68.93
76	data/reference/motifs/JASPAR2026_CORE_plants_non-redundant_pfms_meme.txt	MA2348.1	IDD6	TTTTTGTCGTTTTSTK	1.60e-2	9.93e-1	9.20e2	310	206	206	206	5	12	5.83	3	1.46
77	data/reference/motifs/JASPAR2026_CORE_plants_non-redundant_pfms_meme.txt	MA2645.1	GLYMA-16G042900	GGTTGCKTSTTCHASAAGYWA	5.32e-2	9.93e-1	9.21e2	91	206	206	206	2	14	6.80	6	2.91
78	data/reference/motifs/JASPAR2026_CORE_plants_non-redundant_pfms_meme.txt	MA2481.1	PK12011.1	AACGG	1.22e-2	9.93e-1	9.21e2	412	206	206	206	24	163	79.13	142	68.93
79	data/reference/motifs/JASPAR2026_CORE_plants_non-redundant_pfms_meme.txt	MA2712.1	eil1	TCTAGATACATTGAATCT	3.31e-2	9.94e-1	9.21e2	153	206	206	206	1	86	41.75	67	32.52
80	data/reference/motifs/JASPAR2026_CORE_plants_non-redundant_pfms_meme.txt	MA2672.1	GLYMA-01G233000	AGAASCTTCT	1.29e-2	9.94e-1	9.22e2	402	206	206	206	2	194	94.17	180	87.38
81	data/reference/motifs/JASPAR2026_CORE_plants_non-redundant_pfms_meme.txt	MA1085.3	WRKY40	AGTCAA	1.39e-2	9.96e-1	9.23e2	390	206	206	206	6	35	16.99	19	9.22
82	data/reference/motifs/JASPAR2026_CORE_plants_non-redundant_pfms_meme.txt	MA0555.2	SVP	WWWCCAAAAAWGGAAA	1.38e-2	9.96e-1	9.23e2	393	206	206	206	4	97	47.09	74	35.92
83	data/reference/motifs/JASPAR2026_CORE_plants_non-redundant_pfms_meme.txt	MA1301.2	WRKY33	AAAGTCAACG	1.65e-2	9.96e-1	9.23e2	333	206	206	206	4	37	17.96	21	10.19
84	data/reference/motifs/JASPAR2026_CORE_plants_non-redundant_pfms_meme.txt	MA1290.1	TCP17	GTGGTCCCCAC	2.82e-2	9.96e-1	9.24e2	199	206	206	206	3	17	8.25	7	3.40
85	data/reference/motifs/JASPAR2026_CORE_plants_non-redundant_pfms_meme.txt	MA1020.1	GT-1	GTTAACCA	1.40e-2	9.97e-1	9.24e2	406	206	206	206	9	40	19.42	23	11.17
86	data/reference/motifs/JASPAR2026_CORE_plants_non-redundant_pfms_meme.txt	MA2397.1	ILR3	CACGTG	1.38e-2	9.97e-1	9.24e2	412	206	206	206	42	59	28.64	39	18.93
87	data/reference/motifs/JASPAR2026_CORE_plants_non-redundant_pfms_meme.txt	MA1025.2	HBI1	GCACGTG	1.49e-2	9.97e-1	9.24e2	383	206	206	206	5	83	40.29	61	29.61
88	data/reference/motifs/JASPAR2026_CORE_plants_non-redundant_pfms_meme.txt	MA2354.1	PK06182.1	TACCTACC	1.44e-2	9.97e-1	9.24e2	399	206	206	206	6	60	29.13	40	19.42
89	data/reference/motifs/JASPAR2026_CORE_plants_non-redundant_pfms_meme.txt	MA2052.2	ZAT6	AATGATTG	1.39e-2	9.97e-1	9.24e2	412	206	206	206	22	187	90.78	171	83.01
90	data/reference/motifs/JASPAR2026_CORE_plants_non-redundant_pfms_meme.txt	MA1284.2	TCP1	GTGGGCCCCAC	4.36e-2	9.97e-1	9.24e2	132	206	206	206	4	10	4.85	3	1.46
91	data/reference/motifs/JASPAR2026_CORE_plants_non-redundant_pfms_meme.txt	MA2027.2	MYB44	HAACGGTCA	1.43e-2	9.97e-1	9.24e2	402	206	206	206	6	69	33.50	48	23.30
92	data/reference/motifs/JASPAR2026_CORE_plants_non-redundant_pfms_meme.txt	MA1040.1	MYB46	GKTAGGTR	1.40e-2	9.97e-1	9.24e2	411	206	206	206	11	52	25.24	33	16.02
93	data/reference/motifs/JASPAR2026_CORE_plants_non-redundant_pfms_meme.txt	MA1187.2	RVE4	AGATATTTT	1.48e-2	9.97e-1	9.24e2	396	206	206	206	8	20	9.71	8	3.88
94	data/reference/motifs/JASPAR2026_CORE_plants_non-redundant_pfms_meme.txt	MA1305.2	WRKY55	CGTTGACTT	1.66e-2	9.97e-1	9.24e2	354	206	206	206	5	28	13.59	14	6.80
95	data/reference/motifs/JASPAR2026_CORE_plants_non-redundant_pfms_meme.txt	MA0955.2	POPTR_0002s00440g	GTACGG	1.43e-2	9.97e-1	9.24e2	412	206	206	206	22	128	62.14	105	50.97
96	data/reference/motifs/JASPAR2026_CORE_plants_non-redundant_pfms_meme.txt	MA1092.2	WRKY63	GGTCAA	1.51e-2	9.98e-1	9.25e2	399	206	206	206	11	6	2.91	0	0.00
97	data/reference/motifs/JASPAR2026_CORE_plants_non-redundant_pfms_meme.txt	MA2654.1	GLYMA-05G127600	GGTCAAC	1.50e-2	9.98e-1	9.25e2	412	206	206	206	13	111	53.88	88	42.72
98	data/reference/motifs/JASPAR2026_CORE_plants_non-redundant_pfms_meme.txt	MA1322.3	SPL9	TCCGTAC	1.51e-2	9.98e-1	9.25e2	410	206	206	206	16	6	2.91	0	0.00
99	data/reference/motifs/JASPAR2026_CORE_plants_non-redundant_pfms_meme.txt	MA1021.2	PHYPADRAFT_48267	CACGTGC	1.85e-2	9.98e-1	9.25e2	334	206	206	206	3	102	49.51	80	38.83
100	data/reference/motifs/JASPAR2026_CORE_plants_non-redundant_pfms_meme.txt	MA2479.1	TCX5	ATTCAAAT	1.51e-2	9.98e-1	9.25e2	412	206	206	206	39	6	2.91	0	0.00
101	data/reference/motifs/JASPAR2026_CORE_plants_non-redundant_pfms_meme.txt	MA2062.1	PK07031.1	CTTT	1.51e-2	9.98e-1	9.25e2	412	206	206	206	247	206	100.00	200	97.09
102	data/reference/motifs/JASPAR2026_CORE_plants_non-redundant_pfms_meme.txt	MA2058.1	PK03929.1	CTTTW	1.51e-2	9.98e-1	9.25e2	412	206	206	206	82	206	100.00	200	97.09
103	data/reference/motifs/JASPAR2026_CORE_plants_non-redundant_pfms_meme.txt	MA0992.3	ERF4	CCGCCGYCA	2.30e-2	9.98e-1	9.26e2	282	206	206	206	2	98	47.57	77	37.38
104	data/reference/motifs/JASPAR2026_CORE_plants_non-redundant_pfms_meme.txt	MA1276.2	DOF3.5	AWAAAGK	1.60e-2	9.99e-1	9.26e2	412	206	206	206	14	48	23.30	30	14.56
105	data/reference/motifs/JASPAR2026_CORE_plants_non-redundant_pfms_meme.txt	MA2028.2	MYB49	TTACCTAACTW	1.62e-2	9.99e-1	9.26e2	409	206	206	206	8	88	42.72	66	32.04
106	data/reference/motifs/JASPAR2026_CORE_plants_non-redundant_pfms_meme.txt	MA2664.1	GLYMA-03G162700	GGYGGYGGCGGCGGMGGCGGYGG	1.24e-1	9.99e-1	9.26e2	51	206	206	206	16	3	1.46	0	0.00
107	data/reference/motifs/JASPAR2026_CORE_plants_non-redundant_pfms_meme.txt	MA1295.2	WRKY20	CGTTGACY	1.79e-2	9.99e-1	9.26e2	378	206	206	206	7	10	4.85	2	0.97
108	data/reference/motifs/JASPAR2026_CORE_plants_non-redundant_pfms_meme.txt	MA1835.2	TFLG2-Zm00001d042777	GTACGTAC	1.79e-2	9.99e-1	9.26e2	382	206	206	206	14	10	4.85	2	0.97
109	data/reference/motifs/JASPAR2026_CORE_plants_non-redundant_pfms_meme.txt	MA0110.4	ATHB-5	CAATCATT	1.68e-2	9.99e-1	9.26e2	412	206	206	206	27	169	82.04	150	72.82
110	data/reference/motifs/JASPAR2026_CORE_plants_non-redundant_pfms_meme.txt	MA1291.1	TCP7	GTGGGRCCCAC	4.45e-2	9.99e-1	9.26e2	156	206	206	206	3	13	6.31	5	2.43
111	data/reference/motifs/JASPAR2026_CORE_plants_non-redundant_pfms_meme.txt	MA1179.2	MYB1	ACSGTTA	1.78e-2	9.99e-1	9.26e2	392	206	206	206	2	174	84.47	156	75.73
112	data/reference/motifs/JASPAR2026_CORE_plants_non-redundant_pfms_meme.txt	MA1232.2	ERF054	GDCGGYGG	2.00e-2	9.99e-1	9.26e2	349	206	206	206	4	71	34.47	51	24.76
113	data/reference/motifs/JASPAR2026_CORE_plants_non-redundant_pfms_meme.txt	MA1054.2	ARALYDRAFT_897773	KGGGACCAC	1.85e-2	9.99e-1	9.26e2	379	206	206	206	10	8	3.88	1	0.49
114	data/reference/motifs/JASPAR2026_CORE_plants_non-redundant_pfms_meme.txt	MA2715.1	Solyc03g124110	RTCTATGTCGGYWAA	5.25e-2	9.99e-1	9.26e2	134	206	206	206	3	8	3.88	2	0.97
115	data/reference/motifs/JASPAR2026_CORE_plants_non-redundant_pfms_meme.txt	MA1062.3	TCP15	GTGGGWCCCAC	3.38e-2	9.99e-1	9.26e2	211	206	206	206	7	7	3.40	1	0.49
116	data/reference/motifs/JASPAR2026_CORE_plants_non-redundant_pfms_meme.txt	MA2709.1	SolycHsfA2	TTCTAGAAKMTTCTA	3.05e-2	9.99e-1	9.26e2	238	206	206	206	4	5	2.43	0	0.00
117	data/reference/motifs/JASPAR2026_CORE_plants_non-redundant_pfms_meme.txt	MA2080.1	PK20225.1	CACGTG	1.79e-2	9.99e-1	9.26e2	412	206	206	206	46	10	4.85	2	0.97
118	data/reference/motifs/JASPAR2026_CORE_plants_non-redundant_pfms_meme.txt	MA1288.2	TCP22	GTGGGHCCCAC	4.54e-2	9.99e-1	9.26e2	163	206	206	206	2	36	17.48	23	11.17
119	data/reference/motifs/JASPAR2026_CORE_plants_non-redundant_pfms_meme.txt	MA2343.1	MYB3R3	CGCCGTTA	1.81e-2	9.99e-1	9.26e2	410	206	206	206	12	67	32.52	47	22.82
120	data/reference/motifs/JASPAR2026_CORE_plants_non-redundant_pfms_meme.txt	MA1315.2	WRKY24	CGTTGACTTTT	2.25e-2	9.99e-1	9.26e2	331	206	206	206	4	36	17.48	21	10.19
121	data/reference/motifs/JASPAR2026_CORE_plants_non-redundant_pfms_meme.txt	MA2616.1	ereb17	CGCCGCCGCCGCCS	5.65e-2	9.99e-1	9.26e2	132	206	206	206	1	74	35.92	58	28.16
122	data/reference/motifs/JASPAR2026_CORE_plants_non-redundant_pfms_meme.txt	MA2724.1	SlTCP18	GTGGGVCCCAC	2.88e-2	9.99e-1	9.26e2	260	206	206	206	7	14	6.80	5	2.43
123	data/reference/motifs/JASPAR2026_CORE_plants_non-redundant_pfms_meme.txt	MA1788.1	NAC054	CTTGTNNHACACGYHAYCT	7.28e-2	9.99e-1	9.26e2	103	206	206	206	2	21	10.19	12	5.83
124	data/reference/motifs/JASPAR2026_CORE_plants_non-redundant_pfms_meme.txt	MA1285.2	TCP9	GTGGGTCCCAC	6.09e-2	9.99e-1	9.27e2	124	206	206	206	4	6	2.91	1	0.49
125	data/reference/motifs/JASPAR2026_CORE_plants_non-redundant_pfms_meme.txt	MA2637.1	FUL::AG::SEP3	WTWCCAWAAATAGAAA	1.85e-2	9.99e-1	9.27e2	410	206	206	206	13	8	3.88	1	0.49
126	data/reference/motifs/JASPAR2026_CORE_plants_non-redundant_pfms_meme.txt	MA1061.2	SPT	CCACGTG	1.86e-2	1.00e0	9.27e2	410	206	206	206	14	68	33.01	48	23.30
127	data/reference/motifs/JASPAR2026_CORE_plants_non-redundant_pfms_meme.txt	MA1750.1	E2FE	TTTTTGGCGGGAAAA	5.00e-1	1.00e0	9.27e2	11	206	206	206	1	6	2.91	5	2.43
128	data/reference/motifs/JASPAR2026_CORE_plants_non-redundant_pfms_meme.txt	MA1732.1	E2FD	TTTTTGGCGGGAAAA	5.00e-1	1.00e0	9.27e2	11	206	206	206	1	6	2.91	5	2.43
129	data/reference/motifs/JASPAR2026_CORE_plants_non-redundant_pfms_meme.txt	MA0571.2	ANT	GCACRRWTCCCVAKGY	1.30e-1	1.00e0	9.27e2	55	206	206	206	2	9	4.37	4	1.94
130	data/reference/motifs/JASPAR2026_CORE_plants_non-redundant_pfms_meme.txt	MA0561.1	PIF4	CACGTGSC	4.47e-2	1.00e0	9.27e2	172	206	206	206	1	95	46.12	77	37.38
131	data/reference/motifs/JASPAR2026_CORE_plants_non-redundant_pfms_meme.txt	MA1787.2	NAC047	ACACGTMWCT	1.91e-2	1.00e0	9.27e2	406	206	206	206	9	39	18.93	23	11.17
132	data/reference/motifs/JASPAR2026_CORE_plants_non-redundant_pfms_meme.txt	MA1176.2	MYB119	RWCCGTTACA	2.11e-2	1.00e0	9.27e2	373	206	206	206	1	193	93.69	180	87.38
133	data/reference/motifs/JASPAR2026_CORE_plants_non-redundant_pfms_meme.txt	MA1767.2	MYB23	CAACWA	2.00e-2	1.00e0	9.27e2	412	206	206	206	12	71	34.47	51	24.76
134	data/reference/motifs/JASPAR2026_CORE_plants_non-redundant_pfms_meme.txt	MA2731.1	sep3	WTTTCCAAAAAGGGAAAAAAW	8.16e-2	1.00e0	9.27e2	97	206	206	206	1	55	26.70	42	20.39
135	data/reference/motifs/JASPAR2026_CORE_plants_non-redundant_pfms_meme.txt	MA1266.2	RAP2-11	YCDYCGCCGGC	3.83e-2	1.00e0	9.27e2	216	206	206	206	3	33	16.02	20	9.71
136	data/reference/motifs/JASPAR2026_CORE_plants_non-redundant_pfms_meme.txt	MA0005.3	AG	TTWCCWAAWHDGGHAA	2.11e-2	1.00e0	9.27e2	394	206	206	206	8	26	12.62	13	6.31
137	data/reference/motifs/JASPAR2026_CORE_plants_non-redundant_pfms_meme.txt	MA2761.1	myb100	TRCCTAACTT	2.03e-2	1.00e0	9.27e2	411	206	206	206	10	53	25.73	35	16.99
138	data/reference/motifs/JASPAR2026_CORE_plants_non-redundant_pfms_meme.txt	MA1776.3	MYB67	TACCTAACA	2.03e-2	1.00e0	9.27e2	411	206	206	206	11	53	25.73	35	16.99
139	data/reference/motifs/JASPAR2026_CORE_plants_non-redundant_pfms_meme.txt	MA2659.1	GLYMA-08G281200	YTTGACTAATTAGGGTTWAKKGDT	1.97e-1	1.00e0	9.27e2	38	206	206	206	1	22	10.68	16	7.77
140	data/reference/motifs/JASPAR2026_CORE_plants_non-redundant_pfms_meme.txt	MA2070.1	PK15337.1	CTTT	2.07e-2	1.00e0	9.27e2	412	206	206	206	328	22	10.68	10	4.85
141	data/reference/motifs/JASPAR2026_CORE_plants_non-redundant_pfms_meme.txt	MA0964.3	BIM1	TCACGTGA	2.90e-2	1.00e0	9.27e2	303	206	206	206	4	97	47.09	77	37.38
142	data/reference/motifs/JASPAR2026_CORE_plants_non-redundant_pfms_meme.txt	MA1760.1	HSFA6A	GAAGNTTCTAGAA	1.19e-1	1.00e0	9.27e2	70	206	206	206	1	40	19.42	30	14.56
143	data/reference/motifs/JASPAR2026_CORE_plants_non-redundant_pfms_meme.txt	MA2741.1	SlWRKY7	AAAAAGTCAACC	2.38e-2	1.00e0	9.27e2	374	206	206	206	6	23	11.17	11	5.34
144	data/reference/motifs/JASPAR2026_CORE_plants_non-redundant_pfms_meme.txt	MA1309.1	WRKY3	AAAAGTCAACG	2.66e-2	1.00e0	9.27e2	337	206	206	206	6	11	5.34	3	1.46
145	data/reference/motifs/JASPAR2026_CORE_plants_non-redundant_pfms_meme.txt	MA0590.1	LFY	YATTRACCGSCGGTYAATR	1.76e-1	1.00e0	9.27e2	47	206	206	206	2	27	13.11	20	9.71
146	data/reference/motifs/JASPAR2026_CORE_plants_non-redundant_pfms_meme.txt	MA1263.2	ERF055	KGKCGGTGG	3.77e-2	1.00e0	9.27e2	246	206	206	206	2	64	31.07	47	22.82
147	data/reference/motifs/JASPAR2026_CORE_plants_non-redundant_pfms_meme.txt	MA2498.1	LSH1	AAACAGTG	2.25e-2	1.00e0	9.27e2	412	206	206	206	9	189	91.75	175	84.95
148	data/reference/motifs/JASPAR2026_CORE_plants_non-redundant_pfms_meme.txt	MA0950.1	ATHB-12	AATGATTG	2.25e-2	1.00e0	9.27e2	412	206	206	206	34	189	91.75	175	84.95
149	data/reference/motifs/JASPAR2026_CORE_plants_non-redundant_pfms_meme.txt	MA2444.1	SPL4A	GCGGTASTACCGC	9.65e-2	1.00e0	9.27e2	92	206	206	206	1	52	25.24	40	19.42
150	data/reference/motifs/JASPAR2026_CORE_plants_non-redundant_pfms_meme.txt	MA0990.2	HDG11	AWTWAATGC	2.27e-2	1.00e0	9.27e2	412	206	206	206	66	77	37.38	57	27.67
151	data/reference/motifs/JASPAR2026_CORE_plants_non-redundant_pfms_meme.txt	MA1823.2	Zm00001d027846	AAAGAAAA	2.34e-2	1.00e0	9.27e2	412	206	206	206	50	174	84.47	157	76.21
152	data/reference/motifs/JASPAR2026_CORE_plants_non-redundant_pfms_meme.txt	MA2673.1	GLYMA-15G086400	WTCTAGAAMCTTCTAGAR	5.53e-2	1.00e0	9.27e2	175	206	206	206	1	96	46.60	79	38.35
153	data/reference/motifs/JASPAR2026_CORE_plants_non-redundant_pfms_meme.txt	MA1181.2	MYB113	AKTYMGTTAT	2.36e-2	1.00e0	9.27e2	412	206	206	206	5	192	93.20	179	86.89
154	data/reference/motifs/JASPAR2026_CORE_plants_non-redundant_pfms_meme.txt	MA2081.1	PK20317.1	CKTTW	2.36e-2	1.00e0	9.27e2	412	206	206	206	140	27	13.11	14	6.80
155	data/reference/motifs/JASPAR2026_CORE_plants_non-redundant_pfms_meme.txt	MA1328.1	ZHD9	WTWAWHNVYTAATYA	2.36e-2	1.00e0	9.27e2	412	206	206	206	13	102	49.51	81	39.32
156	data/reference/motifs/JASPAR2026_CORE_plants_non-redundant_pfms_meme.txt	MA1394.3	MYB73	AACGGTCA	2.41e-2	1.00e0	9.27e2	408	206	206	206	6	107	51.94	86	41.75
157	data/reference/motifs/JASPAR2026_CORE_plants_non-redundant_pfms_meme.txt	MA0557.2	FHY3	CACGCGCT	2.75e-2	1.00e0	9.27e2	359	206	206	206	5	53	25.73	36	17.48
158	data/reference/motifs/JASPAR2026_CORE_plants_non-redundant_pfms_meme.txt	MA2728.1	SolycHsfC1	RGAAGTTTCTAG	2.76e-2	1.00e0	9.27e2	359	206	206	206	3	91	44.17	71	34.47
159	data/reference/motifs/JASPAR2026_CORE_plants_non-redundant_pfms_meme.txt	MA2057.1	PK01630.1	GCACGTG	2.43e-2	1.00e0	9.27e2	411	206	206	206	10	117	56.80	96	46.60
160	data/reference/motifs/JASPAR2026_CORE_plants_non-redundant_pfms_meme.txt	MA1098.1	ARALYDRAFT_484486	GGSCCCAC	3.41e-2	1.00e0	9.27e2	293	206	206	206	4	22	10.68	11	5.34
161	data/reference/motifs/JASPAR2026_CORE_plants_non-redundant_pfms_meme.txt	MA1095.1	ARALYDRAFT_495258	GGSCCCAC	3.41e-2	1.00e0	9.27e2	293	206	206	206	4	22	10.68	11	5.34
162	data/reference/motifs/JASPAR2026_CORE_plants_non-redundant_pfms_meme.txt	MA1805.2	WRKY53	RGTCAAC	2.43e-2	1.00e0	9.27e2	412	206	206	206	12	179	86.89	163	79.13
163	data/reference/motifs/JASPAR2026_CORE_plants_non-redundant_pfms_meme.txt	MA2749.1	TraesCS2D02G576500	GAAGCAAC	2.45e-2	1.00e0	9.27e2	412	206	206	206	5	188	91.26	174	84.47
164	data/reference/motifs/JASPAR2026_CORE_plants_non-redundant_pfms_meme.txt	MA1282.2	TCP13	GTGGGGACCAC	7.75e-2	1.00e0	9.27e2	131	206	206	206	2	17	8.25	9	4.37
165	data/reference/motifs/JASPAR2026_CORE_plants_non-redundant_pfms_meme.txt	MA2439.1	SPL2A	GCGGTASTACCGC	1.61e-1	1.00e0	9.27e2	58	206	206	206	1	33	16.02	25	12.14
166	data/reference/motifs/JASPAR2026_CORE_plants_non-redundant_pfms_meme.txt	MA1197.2	CAMTA1	AARCGCGTG	4.93e-2	1.00e0	9.27e2	206	206	206	206	2	54	26.21	39	18.93
167	data/reference/motifs/JASPAR2026_CORE_plants_non-redundant_pfms_meme.txt	MA0575.2	MYB77	GACRGTTAS	2.86e-2	1.00e0	9.27e2	356	206	206	206	2	131	63.59	111	53.88
168	data/reference/motifs/JASPAR2026_CORE_plants_non-redundant_pfms_meme.txt	MA2452.1	SPL8A	ATAGTACTC	2.52e-2	1.00e0	9.27e2	405	206	206	206	4	165	80.10	147	71.36
169	data/reference/motifs/JASPAR2026_CORE_plants_non-redundant_pfms_meme.txt	MA1808.3	GLYMA-06G314400	GACACGTGGC	2.81e-2	1.00e0	9.27e2	374	206	206	206	2	176	85.44	160	77.67
170	data/reference/motifs/JASPAR2026_CORE_plants_non-redundant_pfms_meme.txt	MA1363.1	LRL2	CGTGNKWBGCACGTG	7.52e-2	1.00e0	9.27e2	140	206	206	206	2	27	13.11	17	8.25
171	data/reference/motifs/JASPAR2026_CORE_plants_non-redundant_pfms_meme.txt	MA0974.3	CDF3	AAAAAGTG	2.56e-2	1.00e0	9.27e2	412	206	206	206	17	70	33.98	51	24.76
172	data/reference/motifs/JASPAR2026_CORE_plants_non-redundant_pfms_meme.txt	MA1039.1	MYB4	GGTWGGTR	2.61e-2	1.00e0	9.27e2	412	206	206	206	23	28	13.59	15	7.28
173	data/reference/motifs/JASPAR2026_CORE_plants_non-redundant_pfms_meme.txt	MA1079.3	WRKY21	AAAAGTCAACG	2.99e-2	1.00e0	9.27e2	362	206	206	206	5	25	12.14	13	6.31
174	data/reference/motifs/JASPAR2026_CORE_plants_non-redundant_pfms_meme.txt	MA2365.1	VIT_17s0000g10420	GTTAACYV	2.82e-2	1.00e0	9.27e2	388	206	206	206	1	199	96.60	189	91.75
175	data/reference/motifs/JASPAR2026_CORE_plants_non-redundant_pfms_meme.txt	MA2650.1	GLYMA-05G027400	GTGGGCCCCAC	5.43e-2	1.00e0	9.27e2	205	206	206	206	3	40	19.42	27	13.11
176	data/reference/motifs/JASPAR2026_CORE_plants_non-redundant_pfms_meme.txt	MA1178.3	MYB3R1	TAACGGTC	2.75e-2	1.00e0	9.27e2	408	206	206	206	8	62	30.10	44	21.36
177	data/reference/motifs/JASPAR2026_CORE_plants_non-redundant_pfms_meme.txt	MA0573.2	ATHB-9	GTAATGATTRCDYBS	2.51e-1	1.00e0	9.27e2	39	206	206	206	1	22	10.68	17	8.25
178	data/reference/motifs/JASPAR2026_CORE_plants_non-redundant_pfms_meme.txt	MA0054.1	myb.Ph3	TAACBGTTW	2.73e-2	1.00e0	9.27e2	412	206	206	206	38	39	18.93	24	11.65
179	data/reference/motifs/JASPAR2026_CORE_plants_non-redundant_pfms_meme.txt	MA0982.2	DOF2.4	AAAG	2.75e-2	1.00e0	9.27e2	412	206	206	206	215	62	30.10	44	21.36
180	data/reference/motifs/JASPAR2026_CORE_plants_non-redundant_pfms_meme.txt	MA0587.2	TCP16	GTGGACCC	3.82e-2	1.00e0	9.27e2	301	206	206	206	4	39	18.93	25	12.14
181	data/reference/motifs/JASPAR2026_CORE_plants_non-redundant_pfms_meme.txt	MA2710.1	SolycHsfB1	TTCTAGAA	3.21e-2	1.00e0	9.27e2	359	206	206	206	8	42	20.39	27	13.11
182	data/reference/motifs/JASPAR2026_CORE_plants_non-redundant_pfms_meme.txt	MA1053.1	ERF109	GCGCCGCC	4.38e-2	1.00e0	9.27e2	264	206	206	206	2	92	44.66	74	35.92
183	data/reference/motifs/JASPAR2026_CORE_plants_non-redundant_pfms_meme.txt	MA1055.3	SPL1	TGTACGGA	2.93e-2	1.00e0	9.27e2	402	206	206	206	4	127	61.65	107	51.94
184	data/reference/motifs/JASPAR2026_CORE_plants_non-redundant_pfms_meme.txt	MA2014.2	BAM8	CACACGTGY	4.03e-2	1.00e0	9.27e2	294	206	206	206	3	83	40.29	65	31.55
185	data/reference/motifs/JASPAR2026_CORE_plants_non-redundant_pfms_meme.txt	MA2105.1	GLYMA-13G317000	ACACGT	3.05e-2	1.00e0	9.27e2	390	206	206	206	2	185	89.81	171	83.01
186	data/reference/motifs/JASPAR2026_CORE_plants_non-redundant_pfms_meme.txt	MA1362.2	bHLH77	DWNGBCACGTGM	5.01e-2	1.00e0	9.27e2	238	206	206	206	2	66	32.04	50	24.27
187	data/reference/motifs/JASPAR2026_CORE_plants_non-redundant_pfms_meme.txt	MA2425.1	SPL11A	SCGGTACTACCG	5.00e-2	1.00e0	9.27e2	240	206	206	206	3	38	18.45	25	12.14
188	data/reference/motifs/JASPAR2026_CORE_plants_non-redundant_pfms_meme.txt	MA1416.1	RAMOSA1	GAGAGAGAGAGAGA	6.37e-2	1.00e0	9.27e2	191	206	206	206	6	30	14.56	19	9.22
189	data/reference/motifs/JASPAR2026_CORE_plants_non-redundant_pfms_meme.txt	MA1094.3	WRKY8	AAAAGTCAACG	3.35e-2	1.00e0	9.27e2	365	206	206	206	5	31	15.05	18	8.74
190	data/reference/motifs/JASPAR2026_CORE_plants_non-redundant_pfms_meme.txt	MA1093.2	WRKY75	RGTCAAC	3.38e-2	1.00e0	9.27e2	362	206	206	206	7	7	3.40	1	0.49
191	data/reference/motifs/JASPAR2026_CORE_plants_non-redundant_pfms_meme.txt	MA2026.2	MYB108	TACCTAACTT	3.05e-2	1.00e0	9.27e2	407	206	206	206	8	35	16.99	21	10.19
192	data/reference/motifs/JASPAR2026_CORE_plants_non-redundant_pfms_meme.txt	MA0959.1	AIB	GCACGTGC	4.56e-2	1.00e0	9.27e2	272	206	206	206	6	43	20.87	29	14.08
193	data/reference/motifs/JASPAR2026_CORE_plants_non-redundant_pfms_meme.txt	MA0053.1	MNB1A	AAAGC	3.01e-2	1.00e0	9.27e2	412	206	206	206	16	196	95.15	185	89.81
194	data/reference/motifs/JASPAR2026_CORE_plants_non-redundant_pfms_meme.txt	MA1008.2	PHYPADRAFT_182268	GTCGGTG	1.08e-1	1.00e0	9.27e2	116	206	206	206	2	16	7.77	9	4.37
195	data/reference/motifs/JASPAR2026_CORE_plants_non-redundant_pfms_meme.txt	MA2386.1	estExt_gwp_gw1.C_550163	CACCGAC	1.08e-1	1.00e0	9.27e2	116	206	206	206	2	16	7.77	9	4.37
196	data/reference/motifs/JASPAR2026_CORE_plants_non-redundant_pfms_meme.txt	MA1088.2	WRKY48	GTCAA	3.05e-2	1.00e0	9.27e2	412	206	206	206	83	115	55.83	95	46.12
197	data/reference/motifs/JASPAR2026_CORE_plants_non-redundant_pfms_meme.txt	MA2502.1	TMF	CTACAGTA	3.05e-2	1.00e0	9.27e2	412	206	206	206	7	180	87.38	165	80.10
198	data/reference/motifs/JASPAR2026_CORE_plants_non-redundant_pfms_meme.txt	MA1807.2	ZHD10	TAATTART	3.10e-2	1.00e0	9.27e2	407	206	206	206	2	204	99.03	197	95.63
199	data/reference/motifs/JASPAR2026_CORE_plants_non-redundant_pfms_meme.txt	MA1313.2	WRKY7	CGTTGACTTTT	5.74e-2	1.00e0	9.27e2	220	206	206	206	2	50	24.27	36	17.48
200	data/reference/motifs/JASPAR2026_CORE_plants_non-redundant_pfms_meme.txt	MA0577.4	SPL3	TGTACGGA	3.38e-2	1.00e0	9.27e2	374	206	206	206	9	7	3.40	1	0.49
201	data/reference/motifs/JASPAR2026_CORE_plants_non-redundant_pfms_meme.txt	MA1369.2	HDG1	YAATTAATGM	3.10e-2	1.00e0	9.27e2	411	206	206	206	2	204	99.03	197	95.63
202	data/reference/motifs/JASPAR2026_CORE_plants_non-redundant_pfms_meme.txt	MA2725.1	SlWRKY6	AAAGTCAAC	3.10e-2	1.00e0	9.27e2	412	206	206	206	18	9	4.37	2	0.97
203	data/reference/motifs/JASPAR2026_CORE_plants_non-redundant_pfms_meme.txt	MA1057.2	SPL12	GTACGG	3.10e-2	1.00e0	9.27e2	412	206	206	206	7	204	99.03	197	95.63
204	data/reference/motifs/JASPAR2026_CORE_plants_non-redundant_pfms_meme.txt	MA0966.2	BIM3	CACGTG	3.19e-2	1.00e0	9.27e2	412	206	206	206	36	49	23.79	33	16.02
205	data/reference/motifs/JASPAR2026_CORE_plants_non-redundant_pfms_meme.txt	MA1223.2	ERF035	TGTCGGTGG	1.30e-1	1.00e0	9.27e2	95	206	206	206	2	9	4.37	4	1.94
206	data/reference/motifs/JASPAR2026_CORE_plants_non-redundant_pfms_meme.txt	MA1185.2	LHY	AGATATTTT	3.38e-2	1.00e0	9.27e2	392	206	206	206	9	7	3.40	1	0.49
207	data/reference/motifs/JASPAR2026_CORE_plants_non-redundant_pfms_meme.txt	MA2759.1	ereb7	GCGGCGGCGGCGG	8.92e-1	1.00e0	9.27e2	6	206	206	206	1	2	0.97	4	1.94
208	data/reference/motifs/JASPAR2026_CORE_plants_non-redundant_pfms_meme.txt	MA1252.2	ERF086	CCKCCGCCGY	7.89e-2	1.00e0	9.27e2	170	206	206	206	2	43	20.87	31	15.05
209	data/reference/motifs/JASPAR2026_CORE_plants_non-redundant_pfms_meme.txt	MA1822.2	Zm00001d018571	GTACGTAC	3.38e-2	1.00e0	9.27e2	397	206	206	206	19	7	3.40	1	0.49
210	data/reference/motifs/JASPAR2026_CORE_plants_non-redundant_pfms_meme.txt	MA2067.1	PK09702.1	GCACGTGR	1.64e-1	1.00e0	9.27e2	75	206	206	206	2	34	16.50	26	12.62
211	data/reference/motifs/JASPAR2026_CORE_plants_non-redundant_pfms_meme.txt	MA0969.2	CAMTA2	VCGCGT	3.28e-2	1.00e0	9.27e2	411	206	206	206	10	140	67.96	121	58.74
212	data/reference/motifs/JASPAR2026_CORE_plants_non-redundant_pfms_meme.txt	MA0937.1	NAC055	ACACGTAA	3.30e-2	1.00e0	9.27e2	411	206	206	206	16	26	12.62	14	6.80
213	data/reference/motifs/JASPAR2026_CORE_plants_non-redundant_pfms_meme.txt	MA1333.2	BEH3	YGCACGTGTG	1.32e-1	1.00e0	9.27e2	103	206	206	206	2	26	12.62	18	8.74
214	data/reference/motifs/JASPAR2026_CORE_plants_non-redundant_pfms_meme.txt	MA1361.2	bHLH18	CRCGTKWWHCACGTG	6.75e-2	1.00e0	9.27e2	202	206	206	206	2	57	27.67	43	20.87
215	data/reference/motifs/JASPAR2026_CORE_plants_non-redundant_pfms_meme.txt	MA2342.1	URI	CACGTG	3.35e-2	1.00e0	9.27e2	407	206	206	206	10	138	66.99	119	57.77
216	data/reference/motifs/JASPAR2026_CORE_plants_non-redundant_pfms_meme.txt	MA1279.2	DOF1.5	AAADDAAAAAGTRAAA	3.32e-2	1.00e0	9.27e2	412	206	206	206	20	18	8.74	8	3.88
217	data/reference/motifs/JASPAR2026_CORE_plants_non-redundant_pfms_meme.txt	MA0548.3	AGL15	TTTCCWTTTTDGGWAA	4.57e-2	1.00e0	9.27e2	302	206	206	206	4	25	12.14	14	6.80
218	data/reference/motifs/JASPAR2026_CORE_plants_non-redundant_pfms_meme.txt	MA1408.2	FaEOBII	GTTAGGTA	3.36e-2	1.00e0	9.27e2	412	206	206	206	23	43	20.87	28	13.59
219	data/reference/motifs/JASPAR2026_CORE_plants_non-redundant_pfms_meme.txt	MA1821.2	Zm00001d020595	GGCGGCGGCG	5.00e-1	1.00e0	9.27e2	20	206	206	206	4	1	0.49	0	0.00
220	data/reference/motifs/JASPAR2026_CORE_plants_non-redundant_pfms_meme.txt	MA2739.1	SlTCP12	GTGGGACCCAC	5.32e-2	1.00e0	9.27e2	265	206	206	206	7	14	6.80	6	2.91
221	data/reference/motifs/JASPAR2026_CORE_plants_non-redundant_pfms_meme.txt	MA2069.1	PK10955.1	CTTTW	3.44e-2	1.00e0	9.27e2	412	206	206	206	57	37	17.96	23	11.17
222	data/reference/motifs/JASPAR2026_CORE_plants_non-redundant_pfms_meme.txt	MA2379.1	DOF3.1	CKTT	3.48e-2	1.00e0	9.27e2	412	206	206	206	237	91	44.17	72	34.95
223	data/reference/motifs/JASPAR2026_CORE_plants_non-redundant_pfms_meme.txt	MA2430.1	SPL14B	GCGGTASTACCGC	1.18e-1	1.00e0	9.27e2	122	206	206	206	1	67	32.52	55	26.70
224	data/reference/motifs/JASPAR2026_CORE_plants_non-redundant_pfms_meme.txt	MA2661.1	GLYMA-03G081700	CTACGTGGCA	3.59e-2	1.00e0	9.27e2	400	206	206	206	10	32	15.53	19	9.22
225	data/reference/motifs/JASPAR2026_CORE_plants_non-redundant_pfms_meme.txt	MA1230.2	ERF037	YCACCGACA	9.33e-2	1.00e0	9.27e2	156	206	206	206	1	85	41.26	71	34.47
226	data/reference/motifs/JASPAR2026_CORE_plants_non-redundant_pfms_meme.txt	MA0563.2	SEP3	CYWTTTTTGG	3.54e-2	1.00e0	9.27e2	412	206	206	206	26	15	7.28	6	2.91
227	data/reference/motifs/JASPAR2026_CORE_plants_non-redundant_pfms_meme.txt	MA1368.3	GT-4	TAACTATGGTTA	4.01e-2	1.00e0	9.27e2	367	206	206	206	6	40	19.42	26	12.62
228	data/reference/motifs/JASPAR2026_CORE_plants_non-redundant_pfms_meme.txt	MA2750.1	TraesCS7B02G142200	TGTACGGAC	3.93e-2	1.00e0	9.27e2	376	206	206	206	2	157	76.21	140	67.96
229	data/reference/motifs/JASPAR2026_CORE_plants_non-redundant_pfms_meme.txt	MA2461.1	WOX13	TTGATTGA	3.61e-2	1.00e0	9.27e2	412	206	206	206	10	191	92.72	179	86.89
230	data/reference/motifs/JASPAR2026_CORE_plants_non-redundant_pfms_meme.txt	MA1428.2	TCP8	GGSCCCAC	3.63e-2	1.00e0	9.27e2	412	206	206	206	9	182	88.35	168	81.55
231	data/reference/motifs/JASPAR2026_CORE_plants_non-redundant_pfms_meme.txt	MA1316.2	WRKY71	AAAAGTCAAC	4.20e-2	1.00e0	9.27e2	357	206	206	206	6	16	7.77	7	3.40
232	data/reference/motifs/JASPAR2026_CORE_plants_non-redundant_pfms_meme.txt	MA1047.3	TGA5	ATGACGTCA	4.01e-2	1.00e0	9.27e2	376	206	206	206	2	180	87.38	166	80.58
233	data/reference/motifs/JASPAR2026_CORE_plants_non-redundant_pfms_meme.txt	MA1391.3	MYB33	ATAACCGTAW	3.75e-2	1.00e0	9.27e2	409	206	206	206	6	104	50.49	85	41.26
234	data/reference/motifs/JASPAR2026_CORE_plants_non-redundant_pfms_meme.txt	MA0936.1	NAC046	ACACGCMA	3.72e-2	1.00e0	9.27e2	412	206	206	206	39	123	59.71	104	50.49
235	data/reference/motifs/JASPAR2026_CORE_plants_non-redundant_pfms_meme.txt	MA1393.3	MYB70	AACCGTT	3.75e-2	1.00e0	9.27e2	412	206	206	206	10	104	50.49	85	41.26
236	data/reference/motifs/JASPAR2026_CORE_plants_non-redundant_pfms_meme.txt	MA1321.2	SPL13A	TGTACGGA	4.36e-2	1.00e0	9.27e2	356	206	206	206	8	10	4.85	3	1.46
237	data/reference/motifs/JASPAR2026_CORE_plants_non-redundant_pfms_meme.txt	MA1375.2	ANL2	GCATTAATTR	3.78e-2	1.00e0	9.27e2	412	206	206	206	11	54	26.21	38	18.45
238	data/reference/motifs/JASPAR2026_CORE_plants_non-redundant_pfms_meme.txt	MA1799.2	SPL10	GTACGR	3.80e-2	1.00e0	9.27e2	412	206	206	206	11	110	53.40	91	44.17
239	data/reference/motifs/JASPAR2026_CORE_plants_non-redundant_pfms_meme.txt	MA2406.1	PK03576.1	CACGTGC	1.87e-1	1.00e0	9.27e2	76	206	206	206	1	42	20.39	34	16.50
240	data/reference/motifs/JASPAR2026_CORE_plants_non-redundant_pfms_meme.txt	MA2738.1	Cnr	TCCGTACAAA	3.89e-2	1.00e0	9.27e2	409	206	206	206	6	144	69.90	126	61.17
241	data/reference/motifs/JASPAR2026_CORE_plants_non-redundant_pfms_meme.txt	MA2449.1	SPL6A	GCGGTAGTACC	5.80e-2	1.00e0	9.27e2	276	206	206	206	1	146	70.87	130	63.11
242	data/reference/motifs/JASPAR2026_CORE_plants_non-redundant_pfms_meme.txt	MA2730.1	Solyc01g079480	YSACGTGKCA	4.77e-2	1.00e0	9.27e2	337	206	206	206	3	78	37.86	61	29.61
243	data/reference/motifs/JASPAR2026_CORE_plants_non-redundant_pfms_meme.txt	MA2399.1	LjSGA_053525.1	GGGCCCAC	5.77e-2	1.00e0	9.27e2	279	206	206	206	4	23	11.17	13	6.31
244	data/reference/motifs/JASPAR2026_CORE_plants_non-redundant_pfms_meme.txt	MA1036.1	MYB111	GKTAGGTR	3.92e-2	1.00e0	9.27e2	411	206	206	206	16	28	13.59	16	7.77
245	data/reference/motifs/JASPAR2026_CORE_plants_non-redundant_pfms_meme.txt	MA2376.1	CAMTA5	CGYGTNDDAWVCGYGT	4.92e-2	1.00e0	9.27e2	332	206	206	206	4	65	31.55	49	23.79
246	data/reference/motifs/JASPAR2026_CORE_plants_non-redundant_pfms_meme.txt	MA2648.1	GLYMA-19G146000	AAGGTACAC	3.99e-2	1.00e0	9.27e2	412	206	206	206	6	142	68.93	124	60.19
247	data/reference/motifs/JASPAR2026_CORE_plants_non-redundant_pfms_meme.txt	MA1303.2	WRKY22	AAAGTCAACK	5.19e-2	1.00e0	9.27e2	323	206	206	206	3	56	27.18	41	19.90
248	data/reference/motifs/JASPAR2026_CORE_plants_non-redundant_pfms_meme.txt	MA1370.2	IDD5	TTTTGTCGTTTWST	5.59e-2	1.00e0	9.27e2	301	206	206	206	5	11	5.34	4	1.94
249	data/reference/motifs/JASPAR2026_CORE_plants_non-redundant_pfms_meme.txt	MA2377.1	cassava45561.m1	GGGSCCCAC	4.22e-2	1.00e0	9.27e2	401	206	206	206	2	189	91.75	177	85.92
250	data/reference/motifs/JASPAR2026_CORE_plants_non-redundant_pfms_meme.txt	MA1318.2	WRKY27	CGTTGACTTTT	6.37e-2	1.00e0	9.27e2	266	206	206	206	3	30	14.56	19	9.22
251	data/reference/motifs/JASPAR2026_CORE_plants_non-redundant_pfms_meme.txt	MA2624.1	myb37	TAACCGAA	4.20e-2	1.00e0	9.27e2	412	206	206	206	8	199	96.60	190	92.23
252	data/reference/motifs/JASPAR2026_CORE_plants_non-redundant_pfms_meme.txt	MA0554.2	SOC1	TTTCCWTTTTTGG	4.20e-2	1.00e0	9.27e2	412	206	206	206	11	16	7.77	7	3.40
253	data/reference/motifs/JASPAR2026_CORE_plants_non-redundant_pfms_meme.txt	MA2757.1	pbf1	ATAAAGT	4.20e-2	1.00e0	9.27e2	412	206	206	206	31	87	42.23	69	33.50
254	data/reference/motifs/JASPAR2026_CORE_plants_non-redundant_pfms_meme.txt	MA1228.2	ERF091	RYGGCGGCGGHGG	1.58e-1	1.00e0	9.27e2	110	206	206	206	1	60	29.13	50	24.27
255	data/reference/motifs/JASPAR2026_CORE_plants_non-redundant_pfms_meme.txt	MA1795.2	RAP2-4	CRCCGACC	4.25e-2	1.00e0	9.27e2	411	206	206	206	24	49	23.79	34	16.50
256	data/reference/motifs/JASPAR2026_CORE_plants_non-redundant_pfms_meme.txt	MA1834.2	Zm00001d034298	CCACGCG	4.32e-2	1.00e0	9.27e2	407	206	206	206	20	20	9.71	10	4.85
257	data/reference/motifs/JASPAR2026_CORE_plants_non-redundant_pfms_meme.txt	MA0586.3	SPL14	TCCGTAC	8.89e-2	1.00e0	9.27e2	199	206	206	206	3	14	6.80	7	3.40
258	data/reference/motifs/JASPAR2026_CORE_plants_non-redundant_pfms_meme.txt	MA1824.2	Zm00001d005692	CAATAATT	4.32e-2	1.00e0	9.27e2	412	206	206	206	22	196	95.15	186	90.29
259	data/reference/motifs/JASPAR2026_CORE_plants_non-redundant_pfms_meme.txt	MA1015.2	GATA12	AGATCT	4.36e-2	1.00e0	9.27e2	412	206	206	206	136	10	4.85	3	1.46
260	data/reference/motifs/JASPAR2026_CORE_plants_non-redundant_pfms_meme.txt	MA0001.3	AGL3	CCAWWWATAG	4.36e-2	1.00e0	9.27e2	412	206	206	206	6	203	98.54	196	95.15
261	data/reference/motifs/JASPAR2026_CORE_plants_non-redundant_pfms_meme.txt	MA0932.1	AHL12	AAWWWWTT	4.36e-2	1.00e0	9.27e2	412	206	206	206	84	203	98.54	196	95.15
262	data/reference/motifs/JASPAR2026_CORE_plants_non-redundant_pfms_meme.txt	MA1069.3	TGA6	ATGAYGTCAT	4.82e-2	1.00e0	9.27e2	380	206	206	206	1	195	94.66	185	89.81
263	data/reference/motifs/JASPAR2026_CORE_plants_non-redundant_pfms_meme.txt	MA2473.1	HB88	TTGATTG	4.49e-2	1.00e0	9.27e2	412	206	206	206	39	96	46.60	78	37.86
264	data/reference/motifs/JASPAR2026_CORE_plants_non-redundant_pfms_meme.txt	MA1804.2	WIN1	CRCCGC	4.52e-2	1.00e0	9.27e2	412	206	206	206	20	149	72.33	132	64.08
265	data/reference/motifs/JASPAR2026_CORE_plants_non-redundant_pfms_meme.txt	MA1336.2	TGA3	RTGACGTCAKC	1.41e-1	1.00e0	9.27e2	133	206	206	206	2	28	13.59	20	9.71
266	data/reference/motifs/JASPAR2026_CORE_plants_non-redundant_pfms_meme.txt	MA2505.1	bZIP59	TGACAGCTGTCA	5.63e-2	1.00e0	9.27e2	335	206	206	206	4	123	59.71	106	51.46
267	data/reference/motifs/JASPAR2026_CORE_plants_non-redundant_pfms_meme.txt	MA1241.2	ERF043	CCACCGACA	1.74e-1	1.00e0	9.27e2	109	206	206	206	2	12	5.83	7	3.40
268	data/reference/motifs/JASPAR2026_CORE_plants_non-redundant_pfms_meme.txt	MA0956.2	BEE2	CACGTG	4.69e-2	1.00e0	9.27e2	412	206	206	206	36	114	55.34	96	46.60
269	data/reference/motifs/JASPAR2026_CORE_plants_non-redundant_pfms_meme.txt	MA2413.1	ZmbZIP96	GASACGTGKCA	6.84e-2	1.00e0	9.27e2	283	206	206	206	1	149	72.33	134	65.05
270	data/reference/motifs/JASPAR2026_CORE_plants_non-redundant_pfms_meme.txt	MA1789.1	NAC071	CTTSWHYYTCAMGYA	6.16e-2	1.00e0	9.27e2	318	206	206	206	8	4	1.94	0	0.00
271	data/reference/motifs/JASPAR2026_CORE_plants_non-redundant_pfms_meme.txt	MA2719.1	lat61	CRCACGTGYG	1.42e-1	1.00e0	9.27e2	138	206	206	206	6	6	2.91	2	0.97
272	data/reference/motifs/JASPAR2026_CORE_plants_non-redundant_pfms_meme.txt	MA2643.1	SNAC23	YACGGAACT	4.82e-2	1.00e0	9.27e2	411	206	206	206	11	21	10.19	11	5.34
273	data/reference/motifs/JASPAR2026_CORE_plants_non-redundant_pfms_meme.txt	MA1365.3	AT5G47660	GGTAAAA	4.82e-2	1.00e0	9.27e2	412	206	206	206	16	21	10.19	11	5.34
274	data/reference/motifs/JASPAR2026_CORE_plants_non-redundant_pfms_meme.txt	MA2421.1	SBP8	ARGTACAA	4.85e-2	1.00e0	9.27e2	412	206	206	206	15	17	8.25	8	3.88
275	data/reference/motifs/JASPAR2026_CORE_plants_non-redundant_pfms_meme.txt	MA1244.2	ABR1	DTKGCGGCGGMG	1.00e-1	1.00e0	9.27e2	200	206	206	206	1	107	51.94	93	45.15
276	data/reference/motifs/JASPAR2026_CORE_plants_non-redundant_pfms_meme.txt	MA1752.2	ERF025	YGCCGACA	7.55e-2	1.00e0	9.27e2	265	206	206	206	2	82	39.81	67	32.52
277	data/reference/motifs/JASPAR2026_CORE_plants_non-redundant_pfms_meme.txt	MA1660.2	NAC013	TTACTTGTTCYMCAAGTAA	1.56e-1	1.00e0	9.27e2	129	206	206	206	3	16	7.77	10	4.85
278	data/reference/motifs/JASPAR2026_CORE_plants_non-redundant_pfms_meme.txt	MA2610.1	ereb97	CGCCGCCGCC	5.00e-1	1.00e0	9.27e2	29	206	206	206	3	2	0.97	1	0.49
279	data/reference/motifs/JASPAR2026_CORE_plants_non-redundant_pfms_meme.txt	MA1832.2	Zm00001d002364	CGCCGCCGCC	5.00e-1	1.00e0	9.27e2	29	206	206	206	3	2	0.97	1	0.49
280	data/reference/motifs/JASPAR2026_CORE_plants_non-redundant_pfms_meme.txt	MA1818.1	Zm00001d052229	CGCCGCCGCC	5.00e-1	1.00e0	9.27e2	29	206	206	206	3	2	0.97	1	0.49
281	data/reference/motifs/JASPAR2026_CORE_plants_non-redundant_pfms_meme.txt	MA2418.1	IG1	CTGCCGCCA	5.66e-2	1.00e0	9.27e2	356	206	206	206	1	184	89.32	172	83.50
282	data/reference/motifs/JASPAR2026_CORE_plants_non-redundant_pfms_meme.txt	MA1306.2	WRKY11	CGTTGACTTTT	6.17e-2	1.00e0	9.27e2	331	206	206	206	5	15	7.28	7	3.40
283	data/reference/motifs/JASPAR2026_CORE_plants_non-redundant_pfms_meme.txt	MA0020.2	Dof2	AAAGC	5.00e-2	1.00e0	9.27e2	412	206	206	206	35	38	18.45	25	12.14
284	data/reference/motifs/JASPAR2026_CORE_plants_non-redundant_pfms_meme.txt	MA0064.1	PBF	AAAGY	5.00e-2	1.00e0	9.27e2	412	206	206	206	35	38	18.45	25	12.14
285	data/reference/motifs/JASPAR2026_CORE_plants_non-redundant_pfms_meme.txt	MA1056.2	SPL11	CGTACGGA	7.20e-2	1.00e0	9.27e2	286	206	206	206	4	40	19.42	28	13.59
286	data/reference/motifs/JASPAR2026_CORE_plants_non-redundant_pfms_meme.txt	MA1427.3	NAC028	CAAGTAA	5.01e-2	1.00e0	9.27e2	412	206	206	206	24	66	32.04	50	24.27
287	data/reference/motifs/JASPAR2026_CORE_plants_non-redundant_pfms_meme.txt	MA2351.1	OsEIL3	AGRTACAT	5.06e-2	1.00e0	9.27e2	411	206	206	206	6	166	80.58	151	73.30
288	data/reference/motifs/JASPAR2026_CORE_plants_non-redundant_pfms_meme.txt	MA2499.1	LSH2	TACTGTTCA	5.10e-2	1.00e0	9.27e2	412	206	206	206	7	186	90.29	174	84.47
289	data/reference/motifs/JASPAR2026_CORE_plants_non-redundant_pfms_meme.txt	MA1089.2	WRKY57	RGTCAA	5.13e-2	1.00e0	9.27e2	412	206	206	206	54	138	66.99	121	58.74
290	data/reference/motifs/JASPAR2026_CORE_plants_non-redundant_pfms_meme.txt	MA2411.1	ZmbZIP57	ATGATGTCAT	5.26e-2	1.00e0	9.27e2	408	206	206	206	6	135	65.53	118	57.28
291	data/reference/motifs/JASPAR2026_CORE_plants_non-redundant_pfms_meme.txt	MA1785.2	NAC018	ACACGYAACY	5.49e-2	1.00e0	9.27e2	392	206	206	206	9	18	8.74	9	4.37
292	data/reference/motifs/JASPAR2026_CORE_plants_non-redundant_pfms_meme.txt	MA1059.3	SPL5	TGTACGGAH	3.31e-1	1.00e0	9.27e2	54	206	206	206	1	29	14.08	25	12.14
293	data/reference/motifs/JASPAR2026_CORE_plants_non-redundant_pfms_meme.txt	MA0957.1	BHLH3	GCACGTGC	5.77e-2	1.00e0	9.27e2	376	206	206	206	4	160	77.67	145	70.39
294	data/reference/motifs/JASPAR2026_CORE_plants_non-redundant_pfms_meme.txt	MA1338.3	DPBF3	TGMCACGTGTC	9.97e-2	1.00e0	9.27e2	218	206	206	206	1	116	56.31	102	49.51
295	data/reference/motifs/JASPAR2026_CORE_plants_non-redundant_pfms_meme.txt	MA1066.1	TCP23	GGGCCCAC	6.67e-2	1.00e0	9.27e2	326	206	206	206	6	25	12.14	15	7.28
296	data/reference/motifs/JASPAR2026_CORE_plants_non-redundant_pfms_meme.txt	MA2048.2	NAC045	GAAGCAAC	5.31e-2	1.00e0	9.27e2	412	206	206	206	8	190	92.23	179	86.89
297	data/reference/motifs/JASPAR2026_CORE_plants_non-redundant_pfms_meme.txt	MA1231.3	ERF15	MGCCGCCD	7.26e-2	1.00e0	9.27e2	304	206	206	206	1	159	77.18	145	70.39
298	data/reference/motifs/JASPAR2026_CORE_plants_non-redundant_pfms_meme.txt	MA1814.2	RIN	CTATTTTTGG	5.38e-2	1.00e0	9.27e2	412	206	206	206	24	33	16.02	21	10.19
299	data/reference/motifs/JASPAR2026_CORE_plants_non-redundant_pfms_meme.txt	MA1253.2	ERF036	TGTCGGTG	6.17e-2	1.00e0	9.27e2	361	206	206	206	7	15	7.28	7	3.40
300	data/reference/motifs/JASPAR2026_CORE_plants_non-redundant_pfms_meme.txt	MA0550.3	BZR1	CRCACGTGYR	1.86e-1	1.00e0	9.27e2	120	206	206	206	4	4	1.94	1	0.49
301	data/reference/motifs/JASPAR2026_CORE_plants_non-redundant_pfms_meme.txt	MA1666.3	HSFB2B	RGAAGSTTCTA	5.89e-2	1.00e0	9.27e2	379	206	206	206	2	169	82.04	155	75.24
302	data/reference/motifs/JASPAR2026_CORE_plants_non-redundant_pfms_meme.txt	MA0034.2	Gam1	YAACCGMC	5.44e-2	1.00e0	9.27e2	412	206	206	206	14	130	63.11	113	54.85
303	data/reference/motifs/JASPAR2026_CORE_plants_non-redundant_pfms_meme.txt	MA2714.1	APETALA2a	ATTACCTCGTACYA	1.56e-1	1.00e0	9.27e2	144	206	206	206	2	23	11.17	16	7.77
304	data/reference/motifs/JASPAR2026_CORE_plants_non-redundant_pfms_meme.txt	MA1023.1	PHYPADRAFT_28324	KGTCGGTG	1.96e-1	1.00e0	9.27e2	116	206	206	206	2	14	6.80	9	4.37
305	data/reference/motifs/JASPAR2026_CORE_plants_non-redundant_pfms_meme.txt	MA2440.1	SPL2B	GCGGTASTACCGC	1.85e-1	1.00e0	9.27e2	123	206	206	206	2	29	14.08	22	10.68
306	data/reference/motifs/JASPAR2026_CORE_plants_non-redundant_pfms_meme.txt	MA2410.1	ZmbZIP54	TGACGTCA	5.67e-2	1.00e0	9.27e2	402	206	206	206	4	189	91.75	178	86.41
307	data/reference/motifs/JASPAR2026_CORE_plants_non-redundant_pfms_meme.txt	MA2040.2	ENAP2	CTCCGGCGA	8.88e-2	1.00e0	9.27e2	257	206	206	206	5	24	11.65	15	7.28
308	data/reference/motifs/JASPAR2026_CORE_plants_non-redundant_pfms_meme.txt	MA2743.1	SlWRKY23	AAAGTCAAM	5.59e-2	1.00e0	9.27e2	411	206	206	206	3	202	98.06	195	94.66
309	data/reference/motifs/JASPAR2026_CORE_plants_non-redundant_pfms_meme.txt	MA2017.2	JUB1	ACGGCGA	6.06e-2	1.00e0	9.27e2	380	206	206	206	8	43	20.87	30	14.56
310	data/reference/motifs/JASPAR2026_CORE_plants_non-redundant_pfms_meme.txt	MA1161.1	TSO1	WWTTWAAAATTTAAA	5.66e-2	1.00e0	9.27e2	410	206	206	206	5	161	78.16	146	70.87
311	data/reference/motifs/JASPAR2026_CORE_plants_non-redundant_pfms_meme.txt	MA2375.1	BMY2	SRCACGTGTGR	1.69e-1	1.00e0	9.27e2	138	206	206	206	4	7	3.40	3	1.46
312	data/reference/motifs/JASPAR2026_CORE_plants_non-redundant_pfms_meme.txt	MA1219.3	ERF011	CACCGAC	6.09e-2	1.00e0	9.27e2	383	206	206	206	13	6	2.91	1	0.49
313	data/reference/motifs/JASPAR2026_CORE_plants_non-redundant_pfms_meme.txt	MA1041.1	MYB55	ACCTACCG	5.74e-2	1.00e0	9.27e2	409	206	206	206	8	50	24.27	36	17.48
314	data/reference/motifs/JASPAR2026_CORE_plants_non-redundant_pfms_meme.txt	MA2065.1	PK08602.1	CCACCGCC	3.81e-1	1.00e0	9.27e2	49	206	206	206	1	26	12.62	23	11.17
315	data/reference/motifs/JASPAR2026_CORE_plants_non-redundant_pfms_meme.txt	MA0987.2	PHYPADRAFT_140773	AAAG	5.80e-2	1.00e0	9.27e2	412	206	206	206	154	76	36.89	60	29.13
316	data/reference/motifs/JASPAR2026_CORE_plants_non-redundant_pfms_meme.txt	MA2381.1	e_gw1.170.52.1	CTTT	5.80e-2	1.00e0	9.27e2	412	206	206	206	154	76	36.89	60	29.13
317	data/reference/motifs/JASPAR2026_CORE_plants_non-redundant_pfms_meme.txt	MA1051.1	RAP2-3	GCGCCGCC	6.78e-2	1.00e0	9.27e2	354	206	206	206	4	97	47.09	81	39.32
318	data/reference/motifs/JASPAR2026_CORE_plants_non-redundant_pfms_meme.txt	MA2611.1	ereb209	GCGCCGC	7.77e-1	1.00e0	9.27e2	16	206	206	206	1	7	3.40	9	4.37
319	data/reference/motifs/JASPAR2026_CORE_plants_non-redundant_pfms_meme.txt	MA1753.2	ERF057	CCDCCDCCRCCGCC	1.24e-1	1.00e0	9.27e2	194	206	206	206	10	3	1.46	0	0.00
320	data/reference/motifs/JASPAR2026_CORE_plants_non-redundant_pfms_meme.txt	MA1794.2	NLP7	TGVCYYTT	5.86e-2	1.00e0	9.27e2	412	206	206	206	13	145	70.39	129	62.62
321	data/reference/motifs/JASPAR2026_CORE_plants_non-redundant_pfms_meme.txt	MA2500.1	LSH3	TTACTGTTCAT	5.88e-2	1.00e0	9.27e2	411	206	206	206	10	62	30.10	47	22.82
322	data/reference/motifs/JASPAR2026_CORE_plants_non-redundant_pfms_meme.txt	MA1784.1	NAC011	GTTGCTTSWNHHDCAAGYAAC	3.28e-1	1.00e0	9.27e2	61	206	206	206	2	12	5.83	9	4.37
323	data/reference/motifs/JASPAR2026_CORE_plants_non-redundant_pfms_meme.txt	MA2078.1	PK19363.1	CGCCGCCR	6.55e-2	1.00e0	9.27e2	370	206	206	206	3	132	64.08	116	56.31
324	data/reference/motifs/JASPAR2026_CORE_plants_non-redundant_pfms_meme.txt	MA2607.1	tcptf23	GGGACCAC	6.09e-2	1.00e0	9.27e2	400	206	206	206	16	6	2.91	1	0.49
325	data/reference/motifs/JASPAR2026_CORE_plants_non-redundant_pfms_meme.txt	MA0582.2	RAV1	GCAACA	5.93e-2	1.00e0	9.27e2	412	206	206	206	10	183	88.83	171	83.01
326	data/reference/motifs/JASPAR2026_CORE_plants_non-redundant_pfms_meme.txt	MA1377.2	PLT1	KGCACGVWTHYCGAGR	1.24e-1	1.00e0	9.27e2	197	206	206	206	4	3	1.46	0	0.00
327	data/reference/motifs/JASPAR2026_CORE_plants_non-redundant_pfms_meme.txt	MA1332.2	BEH2	CACACGTGCR	3.83e-1	1.00e0	9.27e2	51	206	206	206	1	27	13.11	24	11.65
328	data/reference/motifs/JASPAR2026_CORE_plants_non-redundant_pfms_meme.txt	MA0984.2	DOF5.7	AAARR	5.99e-2	1.00e0	9.27e2	412	206	206	206	206	143	69.42	127	61.65
329	data/reference/motifs/JASPAR2026_CORE_plants_non-redundant_pfms_meme.txt	MA2474.1	HMGB10	TWATAA	6.02e-2	1.00e0	9.27e2	410	206	206	206	6	188	91.26	177	85.92
330	data/reference/motifs/JASPAR2026_CORE_plants_non-redundant_pfms_meme.txt	MA0960.1	BHLH104	GGCACGTGCC	3.38e-1	1.00e0	9.27e2	60	206	206	206	2	32	15.53	28	13.59
331	data/reference/motifs/JASPAR2026_CORE_plants_non-redundant_pfms_meme.txt	MA1043.2	NAC083	YACGYAA	1.05e-1	1.00e0	9.27e2	235	206	206	206	2	45	21.84	34	16.50
332	data/reference/motifs/JASPAR2026_CORE_plants_non-redundant_pfms_meme.txt	MA2443.1	SPL3D	GCGGTASTACCGC	2.38e-1	1.00e0	9.27e2	91	206	206	206	1	49	23.79	42	20.39
333	data/reference/motifs/JASPAR2026_CORE_plants_non-redundant_pfms_meme.txt	MA1083.3	WRKY30	ARGTCAACG	6.16e-2	1.00e0	9.27e2	403	206	206	206	11	4	1.94	0	0.00
334	data/reference/motifs/JASPAR2026_CORE_plants_non-redundant_pfms_meme.txt	MA2391.1	Lg3	TGACRKC	6.02e-2	1.00e0	9.27e2	412	206	206	206	7	188	91.26	177	85.92
335	data/reference/motifs/JASPAR2026_CORE_plants_non-redundant_pfms_meme.txt	MA2720.1	nacnor	ACACGTAACT	6.16e-2	1.00e0	9.27e2	406	206	206	206	15	4	1.94	0	0.00
336	data/reference/motifs/JASPAR2026_CORE_plants_non-redundant_pfms_meme.txt	MA2746.1	HB-HD-ZIP-2A-2	WTGCAATCATT	6.09e-2	1.00e0	9.27e2	412	206	206	206	3	205	99.51	200	97.09
337	data/reference/motifs/JASPAR2026_CORE_plants_non-redundant_pfms_meme.txt	MA2760.1	p2	CACCTAAC	6.09e-2	1.00e0	9.27e2	412	206	206	206	26	6	2.91	1	0.49
338	data/reference/motifs/JASPAR2026_CORE_plants_non-redundant_pfms_meme.txt	MA2625.1	mybr17	CATTATC	6.09e-2	1.00e0	9.27e2	412	206	206	206	48	6	2.91	1	0.49
339	data/reference/motifs/JASPAR2026_CORE_plants_non-redundant_pfms_meme.txt	MA1189.2	AT5G61620	WWWTGGATAAGRWW	6.09e-2	1.00e0	9.27e2	412	206	206	206	15	6	2.91	1	0.49
340	data/reference/motifs/JASPAR2026_CORE_plants_non-redundant_pfms_meme.txt	MA2085.1	PK23763.1	CTTTW	6.09e-2	1.00e0	9.27e2	412	206	206	206	127	6	2.91	1	0.49
341	data/reference/motifs/JASPAR2026_CORE_plants_non-redundant_pfms_meme.txt	MA1304.2	WRKY59	AAAAGTCAAM	6.16e-2	1.00e0	9.27e2	408	206	206	206	1	206	100.00	202	98.06
342	data/reference/motifs/JASPAR2026_CORE_plants_non-redundant_pfms_meme.txt	MA1159.2	SGR5	AAAWAAGACAAAA	6.16e-2	1.00e0	9.27e2	408	206	206	206	1	206	100.00	202	98.06
343	data/reference/motifs/JASPAR2026_CORE_plants_non-redundant_pfms_meme.txt	MA1768.2	MYB30	CCAACYACCAMC	6.16e-2	1.00e0	9.27e2	411	206	206	206	29	4	1.94	0	0.00
344	data/reference/motifs/JASPAR2026_CORE_plants_non-redundant_pfms_meme.txt	MA2046.2	NAC035	CACGGCA	6.16e-2	1.00e0	9.27e2	411	206	206	206	2	206	100.00	202	98.06
345	data/reference/motifs/JASPAR2026_CORE_plants_non-redundant_pfms_meme.txt	MA1351.3	GBF3	ACGTGGCA	6.17e-2	1.00e0	9.27e2	411	206	206	206	8	140	67.96	124	60.19
346	data/reference/motifs/JASPAR2026_CORE_plants_non-redundant_pfms_meme.txt	MA2044.2	NAC007	CAAGCAA	6.16e-2	1.00e0	9.27e2	412	206	206	206	7	206	100.00	202	98.06
347	data/reference/motifs/JASPAR2026_CORE_plants_non-redundant_pfms_meme.txt	MA2010.2	SMB	CAAGCAA	6.16e-2	1.00e0	9.27e2	412	206	206	206	7	206	100.00	202	98.06
348	data/reference/motifs/JASPAR2026_CORE_plants_non-redundant_pfms_meme.txt	MA1084.1	WRKY38	CGTTGACC	6.16e-2	1.00e0	9.27e2	412	206	206	206	20	4	1.94	0	0.00
349	data/reference/motifs/JASPAR2026_CORE_plants_non-redundant_pfms_meme.txt	MA2400.1	LjTCP20	GGGACCAY	8.70e-2	1.00e0	9.27e2	292	206	206	206	4	30	14.56	20	9.71
350	data/reference/motifs/JASPAR2026_CORE_plants_non-redundant_pfms_meme.txt	MA0975.1	CRF2	SCGCCGCC	1.18e-1	1.00e0	9.27e2	215	206	206	206	1	114	55.34	101	49.03
351	data/reference/motifs/JASPAR2026_CORE_plants_non-redundant_pfms_meme.txt	MA1280.2	DOF5.4	AAAAAGK	6.20e-2	1.00e0	9.27e2	412	206	206	206	22	36	17.48	24	11.65
352	data/reference/motifs/JASPAR2026_CORE_plants_non-redundant_pfms_meme.txt	MA1802.2	TRP5	WAAACCY	6.22e-2	1.00e0	9.27e2	412	206	206	206	64	83	40.29	67	32.52
353	data/reference/motifs/JASPAR2026_CORE_plants_non-redundant_pfms_meme.txt	MA0972.1	CCA1	AAATATCT	6.33e-2	1.00e0	9.27e2	412	206	206	206	13	54	26.21	40	19.42
354	data/reference/motifs/JASPAR2026_CORE_plants_non-redundant_pfms_meme.txt	MA1166.2	PHL12	AARRGAATATTC	8.88e-2	1.00e0	9.27e2	294	206	206	206	4	24	11.65	15	7.28
355	data/reference/motifs/JASPAR2026_CORE_plants_non-redundant_pfms_meme.txt	MA1766.2	MYB17	YYCACCTACCW	6.61e-2	1.00e0	9.27e2	397	206	206	206	3	164	79.61	150	72.82
356	data/reference/motifs/JASPAR2026_CORE_plants_non-redundant_pfms_meme.txt	MA2729.1	vahox1	AAATAATTG	6.48e-2	1.00e0	9.27e2	410	206	206	206	11	165	80.10	151	73.30
357	data/reference/motifs/JASPAR2026_CORE_plants_non-redundant_pfms_meme.txt	MA1042.1	MYB59	RTTAGGTA	6.48e-2	1.00e0	9.27e2	412	206	206	206	20	55	26.70	41	19.90
358	data/reference/motifs/JASPAR2026_CORE_plants_non-redundant_pfms_meme.txt	MA2762.1	myb53	AGTTAGGCAC	6.84e-2	1.00e0	9.27e2	393	206	206	206	3	149	72.33	134	65.05
359	data/reference/motifs/JASPAR2026_CORE_plants_non-redundant_pfms_meme.txt	MA2651.1	GLYMA-20G154400	GGGCCCCAC	7.89e-2	1.00e0	9.27e2	341	206	206	206	5	43	20.87	31	15.05
360	data/reference/motifs/JASPAR2026_CORE_plants_non-redundant_pfms_meme.txt	MA2732.1	Sl-ERF_C_4	YCGCCGCCGCCR	1.17e-1	1.00e0	9.27e2	231	206	206	206	1	122	59.22	109	52.91
361	data/reference/motifs/JASPAR2026_CORE_plants_non-redundant_pfms_meme.txt	MA0939.1	NAC079	ACACGCAA	7.77e-2	1.00e0	9.27e2	350	206	206	206	2	135	65.53	120	58.25
362	data/reference/motifs/JASPAR2026_CORE_plants_non-redundant_pfms_meme.txt	MA0970.2	CAMTA3	CCGCGT	6.70e-2	1.00e0	9.27e2	407	206	206	206	13	31	15.05	20	9.71
363	data/reference/motifs/JASPAR2026_CORE_plants_non-redundant_pfms_meme.txt	MA2745.1	SlWRKY81	AAGTCAAC	6.66e-2	1.00e0	9.27e2	412	206	206	206	9	129	62.62	113	54.85
364	data/reference/motifs/JASPAR2026_CORE_plants_non-redundant_pfms_meme.txt	MA0567.1	ERF1B	MGCCGCCA	8.23e-2	1.00e0	9.27e2	334	206	206	206	2	123	59.71	108	52.43
365	data/reference/motifs/JASPAR2026_CORE_plants_non-redundant_pfms_meme.txt	MA1298.2	WRKY29	AAAGTCAAC	7.03e-2	1.00e0	9.27e2	391	206	206	206	6	32	15.53	21	10.19
366	data/reference/motifs/JASPAR2026_CORE_plants_non-redundant_pfms_meme.txt	MA0556.2	AP3	CCAAAARWRGAAA	6.73e-2	1.00e0	9.27e2	412	206	206	206	7	95	46.12	79	38.35
367	data/reference/motifs/JASPAR2026_CORE_plants_non-redundant_pfms_meme.txt	MA1329.3	ZHD1	AYTAATTAA	6.73e-2	1.00e0	9.27e2	412	206	206	206	19	127	61.65	111	53.88
368	data/reference/motifs/JASPAR2026_CORE_plants_non-redundant_pfms_meme.txt	MA2615.1	ereb109	CGCCGCC	5.00e-1	1.00e0	9.27e2	40	206	206	206	3	2	0.97	1	0.49
369	data/reference/motifs/JASPAR2026_CORE_plants_non-redundant_pfms_meme.txt	MA1761.2	HSFB3	AAGCTTCTAGAA	6.98e-2	1.00e0	9.27e2	399	206	206	206	8	16	7.77	8	3.88
370	data/reference/motifs/JASPAR2026_CORE_plants_non-redundant_pfms_meme.txt	MA1830.2	Zm00001d015407	AAGGAATATTCTTTTT	7.22e-2	1.00e0	9.27e2	386	206	206	206	3	144	69.90	129	62.62
371	data/reference/motifs/JASPAR2026_CORE_plants_non-redundant_pfms_meme.txt	MA1693.2	ARF34	CAGACAGC	6.83e-2	1.00e0	9.27e2	410	206	206	206	7	123	59.71	107	51.94
372	data/reference/motifs/JASPAR2026_CORE_plants_non-redundant_pfms_meme.txt	MA2446.1	SPL5A	GCGGTASTACCGC	2.74e-1	1.00e0	9.27e2	88	206	206	206	1	47	22.82	41	19.90
373	data/reference/motifs/JASPAR2026_CORE_plants_non-redundant_pfms_meme.txt	MA1662.2	AT3G10030	TTAACAGA	6.84e-2	1.00e0	9.27e2	412	206	206	206	12	72	34.95	57	27.67
374	data/reference/motifs/JASPAR2026_CORE_plants_non-redundant_pfms_meme.txt	MA1296.2	WRKY46	CGTTGACTTT	8.60e-2	1.00e0	9.27e2	328	206	206	206	6	10	4.85	4	1.94
375	data/reference/motifs/JASPAR2026_CORE_plants_non-redundant_pfms_meme.txt	MA2740.1	SlTCP15	GTGGGACCCA	7.92e-2	1.00e0	9.27e2	360	206	206	206	5	67	32.52	53	25.73
376	data/reference/motifs/JASPAR2026_CORE_plants_non-redundant_pfms_meme.txt	MA2655.1	GLYMA-08G218600	AAAAGTCAA	6.94e-2	1.00e0	9.27e2	412	206	206	206	13	106	51.46	90	43.69
377	data/reference/motifs/JASPAR2026_CORE_plants_non-redundant_pfms_meme.txt	MA1783.1	NAC005	TWRCTTVTTYHAYAAGTTW	1.56e-1	1.00e0	9.27e2	184	206	206	206	4	16	7.77	10	4.85
378	data/reference/motifs/JASPAR2026_CORE_plants_non-redundant_pfms_meme.txt	MA1173.2	MYB101	TAACCGAAW	7.00e-2	1.00e0	9.27e2	412	206	206	206	10	203	98.54	197	95.63
379	data/reference/motifs/JASPAR2026_CORE_plants_non-redundant_pfms_meme.txt	MA2362.1	TEIL	AGRTWCAT	7.00e-2	1.00e0	9.27e2	412	206	206	206	13	203	98.54	197	95.63
380	data/reference/motifs/JASPAR2026_CORE_plants_non-redundant_pfms_meme.txt	MA2428.1	SPL13B	GCGGTASTACCGC	3.62e-1	1.00e0	9.27e2	65	206	206	206	3	5	2.43	3	1.46
381	data/reference/motifs/JASPAR2026_CORE_plants_non-redundant_pfms_meme.txt	MA2723.1	Solyc06g060230	ACACGTCTCT	7.20e-2	1.00e0	9.27e2	408	206	206	206	4	178	86.41	166	80.58
382	data/reference/motifs/JASPAR2026_CORE_plants_non-redundant_pfms_meme.txt	MA1226.2	DREB2G	GGHGGAGGCGGTGG	1.24e-1	1.00e0	9.27e2	237	206	206	206	11	3	1.46	0	0.00
383	data/reference/motifs/JASPAR2026_CORE_plants_non-redundant_pfms_meme.txt	MA0989.2	PHYPADRAFT_153324	WAAAG	7.20e-2	1.00e0	9.27e2	412	206	206	206	167	178	86.41	166	80.58
384	data/reference/motifs/JASPAR2026_CORE_plants_non-redundant_pfms_meme.txt	MA0953.2	ATHB-6	CAATHAT	7.20e-2	1.00e0	9.27e2	412	206	206	206	101	178	86.41	166	80.58
385	data/reference/motifs/JASPAR2026_CORE_plants_non-redundant_pfms_meme.txt	MA2383.1	e_gw1.392.16.1	CTTTW	7.20e-2	1.00e0	9.27e2	412	206	206	206	167	178	86.41	166	80.58
386	data/reference/motifs/JASPAR2026_CORE_plants_non-redundant_pfms_meme.txt	MA1257.2	ERF9	GGCGGHKRYGGCGGCGGMG	2.49e-1	1.00e0	9.27e2	119	206	206	206	17	2	0.97	0	0.00
387	data/reference/motifs/JASPAR2026_CORE_plants_non-redundant_pfms_meme.txt	MA2431.1	SPL15A	AGCGGTASTACCGC	2.29e-1	1.00e0	9.27e2	130	206	206	206	1	69	33.50	61	29.61
388	data/reference/motifs/JASPAR2026_CORE_plants_non-redundant_pfms_meme.txt	MA1278.2	DOF3.4	TTYTTTTTTWVCTTTTT	7.28e-2	1.00e0	9.27e2	412	206	206	206	25	21	10.19	12	5.83
389	data/reference/motifs/JASPAR2026_CORE_plants_non-redundant_pfms_meme.txt	MA1080.1	WRKY23	AGTCAACG	8.60e-2	1.00e0	9.27e2	353	206	206	206	6	10	4.85	4	1.94
390	data/reference/motifs/JASPAR2026_CORE_plants_non-redundant_pfms_meme.txt	MA1331.2	BEH4	YGCACGTGTG	4.10e-1	1.00e0	9.27e2	58	206	206	206	2	11	5.34	9	4.37
391	data/reference/motifs/JASPAR2026_CORE_plants_non-redundant_pfms_meme.txt	MA2086.1	PK23964.1	KCCACGT	7.49e-2	1.00e0	9.27e2	412	206	206	206	22	81	39.32	66	32.04
392	data/reference/motifs/JASPAR2026_CORE_plants_non-redundant_pfms_meme.txt	MA2009.2	NAC010	TAACTTGTDNHACAAGTTACC	2.75e-1	1.00e0	9.27e2	96	206	206	206	2	28	13.59	23	11.17
393	data/reference/motifs/JASPAR2026_CORE_plants_non-redundant_pfms_meme.txt	MA1809.2	GLYMA-07G038400	CTGACAC	7.53e-2	1.00e0	9.27e2	412	206	206	206	12	168	81.55	155	75.24
394	data/reference/motifs/JASPAR2026_CORE_plants_non-redundant_pfms_meme.txt	MA1424.2	ERF019	CCACCGACA	1.62e-1	1.00e0	9.27e2	193	206	206	206	1	102	49.51	91	44.17
395	data/reference/motifs/JASPAR2026_CORE_plants_non-redundant_pfms_meme.txt	MA1260.2	ERF013	TGTCGGTGG	1.62e-1	1.00e0	9.27e2	193	206	206	206	1	102	49.51	91	44.17
396	data/reference/motifs/JASPAR2026_CORE_plants_non-redundant_pfms_meme.txt	MA2408.1	BAD1	CCGGGCCCCSVC	2.12e-1	1.00e0	9.27e2	148	206	206	206	2	37	17.96	30	14.56
397	data/reference/motifs/JASPAR2026_CORE_plants_non-redundant_pfms_meme.txt	MA2448.1	SPL5D	AGCGGTASTACCGC	3.92e-1	1.00e0	9.27e2	63	206	206	206	1	33	16.02	30	14.56
398	data/reference/motifs/JASPAR2026_CORE_plants_non-redundant_pfms_meme.txt	MA2433.1	SPL15D	GCGGTACTAC	8.70e-2	1.00e0	9.27e2	362	206	206	206	1	186	90.29	176	85.44
399	data/reference/motifs/JASPAR2026_CORE_plants_non-redundant_pfms_meme.txt	MA2734.1	Sl-ERF_F_5	CCGCCGCCGCCRCCRCC	2.49e-1	1.00e0	9.27e2	127	206	206	206	19	2	0.97	0	0.00
400	data/reference/motifs/JASPAR2026_CORE_plants_non-redundant_pfms_meme.txt	MA2063.1	PK07402.1	RCCGMC	7.75e-2	1.00e0	9.27e2	410	206	206	206	20	17	8.25	9	4.37
401	data/reference/motifs/JASPAR2026_CORE_plants_non-redundant_pfms_meme.txt	MA2419.1	UB3	GAAGTACAAC	7.75e-2	1.00e0	9.27e2	412	206	206	206	5	197	95.63	189	91.75
402	data/reference/motifs/JASPAR2026_CORE_plants_non-redundant_pfms_meme.txt	MA1068.3	TGA2	ATGACGTCAY	1.85e-1	1.00e0	9.27e2	174	206	206	206	1	92	44.66	82	39.81
403	data/reference/motifs/JASPAR2026_CORE_plants_non-redundant_pfms_meme.txt	MA1024.2	HAT1	YAATCATK	7.86e-2	1.00e0	9.27e2	410	206	206	206	13	13	6.31	6	2.91
404	data/reference/motifs/JASPAR2026_CORE_plants_non-redundant_pfms_meme.txt	MA2713.1	SlDof14	CTTTTTC	7.86e-2	1.00e0	9.27e2	412	206	206	206	19	13	6.31	6	2.91
405	data/reference/motifs/JASPAR2026_CORE_plants_non-redundant_pfms_meme.txt	MA1676.3	NAC062	TAAGTAA	7.86e-2	1.00e0	9.27e2	412	206	206	206	38	13	6.31	6	2.91
406	data/reference/motifs/JASPAR2026_CORE_plants_non-redundant_pfms_meme.txt	MA1245.3	ERF112	CCGCCGCCR	1.05e-1	1.00e0	9.27e2	310	206	206	206	1	161	78.16	149	72.33
407	data/reference/motifs/JASPAR2026_CORE_plants_non-redundant_pfms_meme.txt	MA1028.1	KAN4	GAATATTC	8.22e-2	1.00e0	9.27e2	395	206	206	206	6	150	72.82	136	66.02
408	data/reference/motifs/JASPAR2026_CORE_plants_non-redundant_pfms_meme.txt	MA1259.2	ERF023	TGTCGGTGR	1.85e-1	1.00e0	9.27e2	176	206	206	206	1	93	45.15	83	40.29
409	data/reference/motifs/JASPAR2026_CORE_plants_non-redundant_pfms_meme.txt	MA1746.1	BZIP69	TGMCAGCTGTM	2.96e-1	1.00e0	9.27e2	110	206	206	206	2	19	9.22	15	7.28
410	data/reference/motifs/JASPAR2026_CORE_plants_non-redundant_pfms_meme.txt	MA1007.1	PHYPADRAFT_173530	TGTCGGTG	1.85e-1	1.00e0	9.27e2	177	206	206	206	2	29	14.08	22	10.68
411	data/reference/motifs/JASPAR2026_CORE_plants_non-redundant_pfms_meme.txt	MA0967.1	BZIP60	TGACGTCA	7.93e-2	1.00e0	9.27e2	412	206	206	206	8	188	91.26	178	86.41
412	data/reference/motifs/JASPAR2026_CORE_plants_non-redundant_pfms_meme.txt	MA1022.2	PHYPADRAFT_38837	AAAG	8.00e-2	1.00e0	9.27e2	412	206	206	206	167	91	44.17	76	36.89
413	data/reference/motifs/JASPAR2026_CORE_plants_non-redundant_pfms_meme.txt	MA0981.2	DOF1.8	AAAG	8.00e-2	1.00e0	9.27e2	412	206	206	206	167	91	44.17	76	36.89
414	data/reference/motifs/JASPAR2026_CORE_plants_non-redundant_pfms_meme.txt	MA1740.2	BHLH49	CACGTGC	3.15e-1	1.00e0	9.27e2	87	206	206	206	1	46	22.33	41	19.90
415	data/reference/motifs/JASPAR2026_CORE_plants_non-redundant_pfms_meme.txt	MA1074.2	UNE10	CACGTGM	3.15e-1	1.00e0	9.27e2	87	206	206	206	1	46	22.33	41	19.90
416	data/reference/motifs/JASPAR2026_CORE_plants_non-redundant_pfms_meme.txt	MA2394.1	PpDof6	CTTT	8.00e-2	1.00e0	9.27e2	412	206	206	206	167	91	44.17	76	36.89
417	data/reference/motifs/JASPAR2026_CORE_plants_non-redundant_pfms_meme.txt	MA2077.1	PK18474.1	CACGTGC	3.15e-1	1.00e0	9.27e2	87	206	206	206	1	46	22.33	41	19.90
418	data/reference/motifs/JASPAR2026_CORE_plants_non-redundant_pfms_meme.txt	MA2064.1	PK07858.1	CACGTGC	3.15e-1	1.00e0	9.27e2	87	206	206	206	1	46	22.33	41	19.90
419	data/reference/motifs/JASPAR2026_CORE_plants_non-redundant_pfms_meme.txt	MA2061.1	PK06517.1	CACGTGC	3.15e-1	1.00e0	9.27e2	87	206	206	206	1	46	22.33	41	19.90
420	data/reference/motifs/JASPAR2026_CORE_plants_non-redundant_pfms_meme.txt	MA2627.1	bzip9	CACGTCA	8.04e-2	1.00e0	9.27e2	412	206	206	206	10	129	62.62	114	55.34
421	data/reference/motifs/JASPAR2026_CORE_plants_non-redundant_pfms_meme.txt	MA1300.2	WRKY6	CGTTGACT	1.08e-1	1.00e0	9.27e2	307	206	206	206	6	5	2.43	1	0.49
422	data/reference/motifs/JASPAR2026_CORE_plants_non-redundant_pfms_meme.txt	MA2646.1	GLYMA-11G083900	GTACGGA	1.01e-1	1.00e0	9.27e2	332	206	206	206	6	11	5.34	5	2.43
423	data/reference/motifs/JASPAR2026_CORE_plants_non-redundant_pfms_meme.txt	MA2436.1	SPL18A	GCGGTASTACCGCT	3.50e-1	1.00e0	9.27e2	77	206	206	206	2	16	7.77	13	6.31
424	data/reference/motifs/JASPAR2026_CORE_plants_non-redundant_pfms_meme.txt	MA2417.1	EREB71	CACCGVCYMC	1.10e-1	1.00e0	9.27e2	303	206	206	206	9	8	3.88	3	1.46
425	data/reference/motifs/JASPAR2026_CORE_plants_non-redundant_pfms_meme.txt	MA1256.2	RAP2-12	DRYGGCGGCGG	2.10e-1	1.00e0	9.27e2	161	206	206	206	1	85	41.26	76	36.89
426	data/reference/motifs/JASPAR2026_CORE_plants_non-redundant_pfms_meme.txt	MA1400.2	AT1G19000	WWWTGGATAAGRW	8.74e-2	1.00e0	9.27e2	390	206	206	206	9	7	3.40	2	0.97
427	data/reference/motifs/JASPAR2026_CORE_plants_non-redundant_pfms_meme.txt	MA0973.2	CDF2	AAAAAGY	8.25e-2	1.00e0	9.27e2	412	206	206	206	58	36	17.48	25	12.14
428	data/reference/motifs/JASPAR2026_CORE_plants_non-redundant_pfms_meme.txt	MA1414.2	E2FA	GCGCCA	8.53e-2	1.00e0	9.27e2	398	206	206	206	3	180	87.38	169	82.04
429	data/reference/motifs/JASPAR2026_CORE_plants_non-redundant_pfms_meme.txt	MA0968.3	BZIP68	TGCCACGTSA	1.31e-1	1.00e0	9.27e2	258	206	206	206	1	135	65.53	123	59.71
430	data/reference/motifs/JASPAR2026_CORE_plants_non-redundant_pfms_meme.txt	MA2669.1	GLYMA-04G231400	CAATAATTGATT	8.60e-2	1.00e0	9.27e2	403	206	206	206	11	10	4.85	4	1.94
431	data/reference/motifs/JASPAR2026_CORE_plants_non-redundant_pfms_meme.txt	MA2711.1	SolycHsfB2b	TTCTAGAA	1.27e-1	1.00e0	9.27e2	273	206	206	206	2	77	37.38	65	31.55
432	data/reference/motifs/JASPAR2026_CORE_plants_non-redundant_pfms_meme.txt	MA1027.2	KAN1	WTATTC	8.48e-2	1.00e0	9.27e2	412	206	206	206	104	196	95.15	188	91.26
433	data/reference/motifs/JASPAR2026_CORE_plants_non-redundant_pfms_meme.txt	MA1273.2	DOF4.2	AAAAAGGYAAA	8.60e-2	1.00e0	9.27e2	412	206	206	206	17	10	4.85	4	1.94
434	data/reference/motifs/JASPAR2026_CORE_plants_non-redundant_pfms_meme.txt	MA1272.3	DOF2.2	AAAAAG	8.60e-2	1.00e0	9.27e2	412	206	206	206	14	10	4.85	4	1.94
435	data/reference/motifs/JASPAR2026_CORE_plants_non-redundant_pfms_meme.txt	MA1299.2	WRKY17	AAAGTCAACG	9.85e-2	1.00e0	9.27e2	352	206	206	206	5	20	9.71	12	5.83
436	data/reference/motifs/JASPAR2026_CORE_plants_non-redundant_pfms_meme.txt	MA1297.2	WRKY26	AAAAGTCAACG	1.08e-1	1.00e0	9.27e2	329	206	206	206	7	5	2.43	1	0.49
437	data/reference/motifs/JASPAR2026_CORE_plants_non-redundant_pfms_meme.txt	MA2034.2	NAC057	CAAGTAA	8.38e-2	1.00e0	9.27e2	412	206	206	206	20	111	53.88	96	46.60
438	data/reference/motifs/JASPAR2026_CORE_plants_non-redundant_pfms_meme.txt	MA1674.3	NAC017	CAAGTAA	8.60e-2	1.00e0	9.27e2	412	206	206	206	10	202	98.06	196	95.15
439	data/reference/motifs/JASPAR2026_CORE_plants_non-redundant_pfms_meme.txt	MA1405.2	SIZF2	ACTGACAGT	8.74e-2	1.00e0	9.27e2	402	206	206	206	4	160	77.67	147	71.36
440	data/reference/motifs/JASPAR2026_CORE_plants_non-redundant_pfms_meme.txt	MA1248.2	ERF012	CCACCGMC	1.24e-1	1.00e0	9.27e2	278	206	206	206	10	3	1.46	0	0.00
441	data/reference/motifs/JASPAR2026_CORE_plants_non-redundant_pfms_meme.txt	MA1239.2	ERF104	CCDCCDCCGCCGCCRY	2.49e-1	1.00e0	9.27e2	139	206	206	206	10	2	0.97	0	0.00
442	data/reference/motifs/JASPAR2026_CORE_plants_non-redundant_pfms_meme.txt	MA2420.1	SBP6	AAGTACAA	8.53e-2	1.00e0	9.27e2	412	206	206	206	8	180	87.38	169	82.04
443	data/reference/motifs/JASPAR2026_CORE_plants_non-redundant_pfms_meme.txt	MA2407.1	PK24978.1	CACGTGT	8.38e-2	1.00e0	9.27e2	412	206	206	206	33	113	54.85	98	47.57
444	data/reference/motifs/JASPAR2026_CORE_plants_non-redundant_pfms_meme.txt	MA1013.1	GATA10	TAGATCTG	1.08e-1	1.00e0	9.27e2	322	206	206	206	15	5	2.43	1	0.49
445	data/reference/motifs/JASPAR2026_CORE_plants_non-redundant_pfms_meme.txt	MA1811.3	GLYMA-13G317000	GGACACSTGTCA	1.41e-1	1.00e0	9.27e2	317	206	206	206	6	28	13.59	20	9.71
446	data/reference/motifs/JASPAR2026_CORE_plants_non-redundant_pfms_meme.txt	MA2671.1	GLYMA-19G100900	AGCATGCT	2.97e-1	1.00e0	9.27e2	382	206	206	206	10	66	32.04	60	29.13
447	data/reference/motifs/JASPAR2026_CORE_plants_non-redundant_pfms_meme.txt	MA2670.1	GLYMA-15G168800	CAATGATTG	1.74e-1	1.00e0	9.27e2	397	206	206	206	10	12	5.83	7	3.40
448	data/reference/motifs/JASPAR2026_CORE_plants_non-redundant_pfms_meme.txt	MA2668.1	GLYMA-20G155100	RCCGACAT	3.77e-1	1.00e0	9.27e2	362	206	206	206	2	140	67.96	136	66.02
449	data/reference/motifs/JASPAR2026_CORE_plants_non-redundant_pfms_meme.txt	MA2667.1	GLYMA-13G236500	ACGACGGCGGAG	2.40e-1	1.00e0	9.27e2	252	206	206	206	1	130	63.11	122	59.22
450	data/reference/motifs/JASPAR2026_CORE_plants_non-redundant_pfms_meme.txt	MA2666.1	GLYMA-12G117000	GGMGGCGGYGGCGGMGG	2.49e-1	1.00e0	9.27e2	148	206	206	206	26	2	0.97	0	0.00
451	data/reference/motifs/JASPAR2026_CORE_plants_non-redundant_pfms_meme.txt	MA2665.1	GLYMA-11G053600	CACCGACAC	2.87e-1	1.00e0	9.27e2	398	206	206	206	13	8	3.88	5	2.43
452	data/reference/motifs/JASPAR2026_CORE_plants_non-redundant_pfms_meme.txt	MA2663.1	GLYMA-02G261700	TCACCGACATA	1.69e-1	1.00e0	9.27e2	362	206	206	206	8	7	3.40	3	1.46
453	data/reference/motifs/JASPAR2026_CORE_plants_non-redundant_pfms_meme.txt	MA2662.1	GLYMA-13G153200	GCCACGTCA	3.12e-1	1.00e0	9.27e2	404	206	206	206	13	3	1.46	1	0.49
454	data/reference/motifs/JASPAR2026_CORE_plants_non-redundant_pfms_meme.txt	MA2660.1	GLYMA-12G168700	WWWTGTAATTACAWWW	1.76e-1	1.00e0	9.27e2	397	206	206	206	4	186	90.29	179	86.89
455	data/reference/motifs/JASPAR2026_CORE_plants_non-redundant_pfms_meme.txt	MA2658.1	GLYMA-19G094100	ATTGACTTW	1.64e-1	1.00e0	9.27e2	412	206	206	206	6	180	87.38	172	83.50
456	data/reference/motifs/JASPAR2026_CORE_plants_non-redundant_pfms_meme.txt	MA2657.1	GLYMA-14G028900	AAAAGTCAAA	1.22e-1	1.00e0	9.27e2	410	206	206	206	11	24	11.65	16	7.77
457	data/reference/motifs/JASPAR2026_CORE_plants_non-redundant_pfms_meme.txt	MA2656.1	GLYMA-14G006800	TGGTCAACCA	1.79e-1	1.00e0	9.27e2	411	206	206	206	3	193	93.69	187	90.78
458	data/reference/motifs/JASPAR2026_CORE_plants_non-redundant_pfms_meme.txt	MA2652.1	GLYMA-01G053800	AGTTGAC	1.30e-1	1.00e0	9.27e2	411	206	206	206	16	9	4.37	4	1.94
459	data/reference/motifs/JASPAR2026_CORE_plants_non-redundant_pfms_meme.txt	MA2649.1	GLYMA-08G271900	TGCACATG	3.12e-1	1.00e0	9.27e2	412	206	206	206	26	3	1.46	1	0.49
460	data/reference/motifs/JASPAR2026_CORE_plants_non-redundant_pfms_meme.txt	MA2647.1	GLYMA-12G226000	AAGTACAA	4.21e-1	1.00e0	9.27e2	412	206	206	206	17	90	43.69	87	42.23
461	data/reference/motifs/JASPAR2026_CORE_plants_non-redundant_pfms_meme.txt	MA2644.1	GLYMA-14G030700	AACGACGGCA	1.74e-1	1.00e0	9.27e2	352	206	206	206	10	12	5.83	7	3.40
462	data/reference/motifs/JASPAR2026_CORE_plants_non-redundant_pfms_meme.txt	MA2642.1	GLYMA-10G230700	AAGATATTTWTW	4.49e-1	1.00e0	9.27e2	406	206	206	206	10	38	18.45	36	17.48
463	data/reference/motifs/JASPAR2026_CORE_plants_non-redundant_pfms_meme.txt	MA2641.1	GLYMA-01G038600	CCTTATCCA	3.43e-1	1.00e0	9.27e2	412	206	206	206	19	4	1.94	2	0.97
464	data/reference/motifs/JASPAR2026_CORE_plants_non-redundant_pfms_meme.txt	MA2480.1	GLYMA-04G093300	CTAATC	1.44e-1	1.00e0	9.27e2	410	206	206	206	3	192	93.20	185	89.81
465	data/reference/motifs/JASPAR2026_CORE_plants_non-redundant_pfms_meme.txt	MA2744.1	SlWRKY40	AAAGTCAA	9.49e-2	1.00e0	9.27e2	412	206	206	206	11	154	74.76	141	68.45
466	data/reference/motifs/JASPAR2026_CORE_plants_non-redundant_pfms_meme.txt	MA2737.1	SlERF36	CMGCCGCCAC	1.92e-1	1.00e0	9.27e2	357	206	206	206	1	182	88.35	175	84.95
467	data/reference/motifs/JASPAR2026_CORE_plants_non-redundant_pfms_meme.txt	MA2735.1	SlbHLH014	GMCACGTGBC	1.75e-1	1.00e0	9.27e2	272	206	206	206	1	141	68.45	131	63.59
468	data/reference/motifs/JASPAR2026_CORE_plants_non-redundant_pfms_meme.txt	MA2733.1	Sl-ERF_F_4	GCMGCMGCCGCCGCCGYCR	6.88e-1	1.00e0	9.27e2	76	206	206	206	11	2	0.97	2	0.97
469	data/reference/motifs/JASPAR2026_CORE_plants_non-redundant_pfms_meme.txt	MA2726.1	SlWRKY41	GTTGACTT	2.40e-1	1.00e0	9.27e2	412	206	206	206	13	20	9.71	15	7.28
470	data/reference/motifs/JASPAR2026_CORE_plants_non-redundant_pfms_meme.txt	MA2722.1	Sl-ERF_F_2	CGGCGGCKGCGGCGR	5.00e-1	1.00e0	9.27e2	83	206	206	206	1	42	20.39	41	19.90
471	data/reference/motifs/JASPAR2026_CORE_plants_non-redundant_pfms_meme.txt	MA2721.1	Sl-ERF_C_6	YCGCCGCCGCCRCCRCCGCC	3.12e-1	1.00e0	9.27e2	97	206	206	206	18	3	1.46	1	0.49
472	data/reference/motifs/JASPAR2026_CORE_plants_non-redundant_pfms_meme.txt	MA2718.1	Sl-ERF_A_3	GGYGGCGGCGGCGGCGG	5.00e-1	1.00e0	9.27e2	63	206	206	206	11	2	0.97	1	0.49
473	data/reference/motifs/JASPAR2026_CORE_plants_non-redundant_pfms_meme.txt	MA2717.1	eil2	AGATTCR	1.24e-1	1.00e0	9.27e2	412	206	206	206	36	3	1.46	0	0.00
474	data/reference/motifs/JASPAR2026_CORE_plants_non-redundant_pfms_meme.txt	MA2716.1	dreb3	CCACCGACCA	1.42e-1	1.00e0	9.27e2	371	206	206	206	11	6	2.91	2	0.97
475	data/reference/motifs/JASPAR2026_CORE_plants_non-redundant_pfms_meme.txt	MA2708.1	SlDof4	AGAAAAAGTAA	1.11e-1	1.00e0	9.27e2	412	206	206	206	16	136	66.02	123	59.71
476	data/reference/motifs/JASPAR2026_CORE_plants_non-redundant_pfms_meme.txt	MA2752.1	TaOBF1b	TGCCACGTCATCATC	5.00e-1	1.00e0	9.27e2	259	206	206	206	14	1	0.49	0	0.00
477	data/reference/motifs/JASPAR2026_CORE_plants_non-redundant_pfms_meme.txt	MA2751.1	TraesCS2B02G304400	CCACTCGACC	5.00e-1	1.00e0	9.27e2	376	206	206	206	10	4	1.94	3	1.46
478	data/reference/motifs/JASPAR2026_CORE_plants_non-redundant_pfms_meme.txt	MA2748.1	TraesCS6B02G321100	CAATTATTG	1.11e-1	1.00e0	9.27e2	409	206	206	206	9	135	65.53	122	59.22
479	data/reference/motifs/JASPAR2026_CORE_plants_non-redundant_pfms_meme.txt	MA2747.1	TraesCS6A02G290800	CAATAATTG	3.81e-1	1.00e0	9.27e2	411	206	206	206	7	183	88.83	180	87.38
480	data/reference/motifs/JASPAR2026_CORE_plants_non-redundant_pfms_meme.txt	MA2758.1	ereb122	CCGACCA	8.74e-2	1.00e0	9.27e2	411	206	206	206	22	7	3.40	2	0.97
481	data/reference/motifs/JASPAR2026_CORE_plants_non-redundant_pfms_meme.txt	MA2756.1	dfo23	TACCTTTTTCT	1.37e-1	1.00e0	9.27e2	412	206	206	206	27	14	6.80	8	3.88
482	data/reference/motifs/JASPAR2026_CORE_plants_non-redundant_pfms_meme.txt	MA2755.1	hsftf24	ACTAGAAGCTTCTGGAA	2.97e-1	1.00e0	9.27e2	284	206	206	206	1	145	70.39	139	67.48
483	data/reference/motifs/JASPAR2026_CORE_plants_non-redundant_pfms_meme.txt	MA2754.1	wrky38	CGTGGACC	2.49e-1	1.00e0	9.27e2	406	206	206	206	30	2	0.97	0	0.00
484	data/reference/motifs/JASPAR2026_CORE_plants_non-redundant_pfms_meme.txt	MA2753.1	cpp8	GAATTTGAAW	1.24e-1	1.00e0	9.27e2	412	206	206	206	7	206	100.00	203	98.54
485	data/reference/motifs/JASPAR2026_CORE_plants_non-redundant_pfms_meme.txt	MA2626.1	bzip40	GTGACGTGGC	1.08e-1	1.00e0	9.27e2	406	206	206	206	1	205	99.51	201	97.57
486	data/reference/motifs/JASPAR2026_CORE_plants_non-redundant_pfms_meme.txt	MA2623.1	hb66	CCAATCA	1.16e-1	1.00e0	9.27e2	412	206	206	206	44	23	11.17	15	7.28
487	data/reference/motifs/JASPAR2026_CORE_plants_non-redundant_pfms_meme.txt	MA2622.1	hb34	CAATAATTG	1.14e-1	1.00e0	9.27e2	412	206	206	206	31	12	5.83	6	2.91
488	data/reference/motifs/JASPAR2026_CORE_plants_non-redundant_pfms_meme.txt	MA2621.1	glk25	TGATTCCA	2.49e-1	1.00e0	9.27e2	412	206	206	206	7	206	100.00	204	99.03
489	data/reference/motifs/JASPAR2026_CORE_plants_non-redundant_pfms_meme.txt	MA2620.1	g2	CCTTATCC	1.86e-1	1.00e0	9.27e2	412	206	206	206	28	4	1.94	1	0.49
490	data/reference/motifs/JASPAR2026_CORE_plants_non-redundant_pfms_meme.txt	MA2619.1	ereb18	CCGCCGCCGCCCGCC	3.79e-1	1.00e0	9.27e2	148	206	206	206	1	76	36.89	72	34.95
491	data/reference/motifs/JASPAR2026_CORE_plants_non-redundant_pfms_meme.txt	MA2618.1	ereb102	CGACGGCGA	1.16e-1	1.00e0	9.27e2	338	206	206	206	5	50	24.27	39	18.93
492	data/reference/motifs/JASPAR2026_CORE_plants_non-redundant_pfms_meme.txt	MA2617.1	ereb54	GCGGCGGCGGC	3.43e-1	1.00e0	9.27e2	106	206	206	206	7	4	1.94	2	0.97
493	data/reference/motifs/JASPAR2026_CORE_plants_non-redundant_pfms_meme.txt	MA2614.1	ereb198	SCGCCGCCGCCR	3.12e-1	1.00e0	9.27e2	138	206	206	206	16	3	1.46	1	0.49
494	data/reference/motifs/JASPAR2026_CORE_plants_non-redundant_pfms_meme.txt	MA2613.1	ereb34	GCCGCCGCCGCCCS	2.69e-1	1.00e0	9.27e2	147	206	206	206	1	77	37.38	70	33.98
495	data/reference/motifs/JASPAR2026_CORE_plants_non-redundant_pfms_meme.txt	MA2612.1	ereb147	ACGCCGAC	1.23e-1	1.00e0	9.27e2	376	206	206	206	9	32	15.53	23	11.17
496	data/reference/motifs/JASPAR2026_CORE_plants_non-redundant_pfms_meme.txt	MA2609.1	ereb172	CAGCCGCA	3.46e-1	1.00e0	9.27e2	396	206	206	206	5	115	55.83	110	53.40
497	data/reference/motifs/JASPAR2026_CORE_plants_non-redundant_pfms_meme.txt	MA2608.1	glk53	AAGGAATATTCTTT	1.92e-1	1.00e0	9.27e2	404	206	206	206	2	191	92.72	185	89.81
498	data/reference/motifs/JASPAR2026_CORE_plants_non-redundant_pfms_meme.txt	MA2606.1	mybr43	CCTTATCC	1.86e-1	1.00e0	9.27e2	412	206	206	206	25	4	1.94	1	0.49
499	data/reference/motifs/JASPAR2026_CORE_plants_non-redundant_pfms_meme.txt	MA2605.1	mybr26	CCTTATCC	1.24e-1	1.00e0	9.27e2	412	206	206	206	31	3	1.46	0	0.00
500	data/reference/motifs/JASPAR2026_CORE_plants_non-redundant_pfms_meme.txt	MA2604.1	dof22	ACTTTTAC	1.26e-1	1.00e0	9.27e2	412	206	206	206	20	199	96.60	193	93.69
501	data/reference/motifs/JASPAR2026_CORE_plants_non-redundant_pfms_meme.txt	MA2475.1	HOX6	TGATTG	2.15e-1	1.00e0	9.27e2	412	206	206	206	49	113	54.85	104	50.49
502	data/reference/motifs/JASPAR2026_CORE_plants_non-redundant_pfms_meme.txt	MA1378.2	AIL6	TCCTCGA	5.00e-1	1.00e0	9.27e2	412	206	206	206	6	199	96.60	198	96.12
503	data/reference/motifs/JASPAR2026_CORE_plants_non-redundant_pfms_meme.txt	MA2639.1	FUL::SOC1	TTCCATTTTTGG	4.45e-1	1.00e0	9.27e2	412	206	206	206	14	32	15.53	30	14.56
504	data/reference/motifs/JASPAR2026_CORE_plants_non-redundant_pfms_meme.txt	MA2638.1	FUL::SEP3	TTWCTATTTATAGTAA	5.00e-1	1.00e0	9.27e2	325	206	206	206	6	9	4.37	8	3.88
505	data/reference/motifs/JASPAR2026_CORE_plants_non-redundant_pfms_meme.txt	MA2636.1	FUL::AG	WCTTTCCATTTTTRGAAA	3.28e-1	1.00e0	9.27e2	303	206	206	206	1	154	74.76	149	72.33
506	data/reference/motifs/JASPAR2026_CORE_plants_non-redundant_pfms_meme.txt	MA2635.1	FUL	TTWCCAWAAATAGAAA	5.00e-1	1.00e0	9.27e2	383	206	206	206	9	3	1.46	2	0.97
507	data/reference/motifs/JASPAR2026_CORE_plants_non-redundant_pfms_meme.txt	MA2634.1	EIN3	AGATTCATTGAATCT	1.24e-1	1.00e0	9.27e2	319	206	206	206	10	3	1.46	0	0.00
508	data/reference/motifs/JASPAR2026_CORE_plants_non-redundant_pfms_meme.txt	MA1355.2	TRB2	WARCCCTAAWT	1.90e-1	1.00e0	9.27e2	254	206	206	206	4	8	3.88	4	1.94
509	data/reference/motifs/JASPAR2026_CORE_plants_non-redundant_pfms_meme.txt	MA1353.2	AT1G72740	RWTTAGGGTTT	4.08e-1	1.00e0	9.27e2	315	206	206	206	1	159	77.18	156	75.73
510	data/reference/motifs/JASPAR2026_CORE_plants_non-redundant_pfms_meme.txt	MA1320.2	SPL15	TGTACGGA	3.62e-1	1.00e0	9.27e2	170	206	206	206	3	5	2.43	3	1.46
511	data/reference/motifs/JASPAR2026_CORE_plants_non-redundant_pfms_meme.txt	MA1060.2	SPL7	CGTACG	1.08e-1	1.00e0	9.27e2	410	206	206	206	2	205	99.51	201	97.57
512	data/reference/motifs/JASPAR2026_CORE_plants_non-redundant_pfms_meme.txt	MA1742.2	BIZP18	TGMCAGCTGK	2.87e-1	1.00e0	9.27e2	306	206	206	206	1	156	75.73	150	72.82
513	data/reference/motifs/JASPAR2026_CORE_plants_non-redundant_pfms_meme.txt	MA1672.2	GBF2	SACGTGGCA	3.11e-1	1.00e0	9.27e2	408	206	206	206	2	199	96.60	196	95.15
514	data/reference/motifs/JASPAR2026_CORE_plants_non-redundant_pfms_meme.txt	MA2477.1	NGA4	TTCAGGTR	1.81e-1	1.00e0	9.27e2	411	206	206	206	13	28	13.59	21	10.19
515	data/reference/motifs/JASPAR2026_CORE_plants_non-redundant_pfms_meme.txt	MA2476.1	KNAT7	TGACRKCT	4.22e-1	1.00e0	9.27e2	366	206	206	206	3	115	55.83	112	54.37
516	data/reference/motifs/JASPAR2026_CORE_plants_non-redundant_pfms_meme.txt	MA2459.1	EDF3	RCAACAKA	1.11e-1	1.00e0	9.27e2	376	206	206	206	1	192	93.20	184	89.32
517	data/reference/motifs/JASPAR2026_CORE_plants_non-redundant_pfms_meme.txt	MA1738.1	ATMYB31	YAMCTMCCAACHAMH	1.01e-1	1.00e0	9.27e2	405	206	206	206	9	34	16.50	24	11.65
518	data/reference/motifs/JASPAR2026_CORE_plants_non-redundant_pfms_meme.txt	MA1205.1	AGL6	TTWCCAAAAAWGGAAAAWW	3.12e-1	1.00e0	9.27e2	272	206	206	206	5	3	1.46	1	0.49
519	data/reference/motifs/JASPAR2026_CORE_plants_non-redundant_pfms_meme.txt	MA1204.1	AGL13	TTWCCAAAAAWRGWAAAW	2.54e-1	1.00e0	9.27e2	222	206	206	206	2	37	17.96	31	15.05
520	data/reference/motifs/JASPAR2026_CORE_plants_non-redundant_pfms_meme.txt	MA1203.1	AGL63	TKCCAAAAATGGMAA	3.92e-1	1.00e0	9.27e2	330	206	206	206	4	33	16.02	30	14.56
521	data/reference/motifs/JASPAR2026_CORE_plants_non-redundant_pfms_meme.txt	MA1199.1	AGL16	TTTCCWTTTTDGGWA	1.14e-1	1.00e0	9.27e2	333	206	206	206	5	12	5.83	6	2.91
522	data/reference/motifs/JASPAR2026_CORE_plants_non-redundant_pfms_meme.txt	MA1188.1	At3g11280	AWYCTTATCTTHWY	5.75e-1	1.00e0	9.27e2	412	206	206	206	15	15	7.28	15	7.28
523	data/reference/motifs/JASPAR2026_CORE_plants_non-redundant_pfms_meme.txt	MA1012.1	AGL27	CTTTCYATTTTKGG	2.79e-1	1.00e0	9.27e2	325	206	206	206	3	50	24.27	44	21.36
524	data/reference/motifs/JASPAR2026_CORE_plants_non-redundant_pfms_meme.txt	MA0940.1	AP1	MYAAAAAWRGAAA	1.16e-1	1.00e0	9.27e2	412	206	206	206	21	167	81.07	156	75.73
525	data/reference/motifs/JASPAR2026_CORE_plants_non-redundant_pfms_meme.txt	MA0578.1	SPL8	WWDWHYGTACHHTWWW	1.05e-1	1.00e0	9.27e2	356	206	206	206	4	75	36.41	62	30.10
526	data/reference/motifs/JASPAR2026_CORE_plants_non-redundant_pfms_meme.txt	MA0574.1	MYB15	CRACGGTAGGTGG	8.76e-1	1.00e0	9.27e2	68	206	206	206	3	1	0.49	2	0.97
527	data/reference/motifs/JASPAR2026_CORE_plants_non-redundant_pfms_meme.txt	MA0559.1	PI	CCAAAARWRGAAAR	9.80e-2	1.00e0	9.27e2	412	206	206	206	9	124	60.19	110	53.40
528	data/reference/motifs/JASPAR2026_CORE_plants_non-redundant_pfms_meme.txt	MA2482.1	PK27693.1	TTATC	2.49e-1	1.00e0	9.27e2	412	206	206	206	133	2	0.97	0	0.00
529	data/reference/motifs/JASPAR2026_CORE_plants_non-redundant_pfms_meme.txt	MA2478.1	PK13314.1	GGGCCCAC	1.58e-1	1.00e0	9.27e2	411	206	206	206	11	90	43.69	79	38.35
530	data/reference/motifs/JASPAR2026_CORE_plants_non-redundant_pfms_meme.txt	MA0988.2	PHYPADRAFT_143875	CACGTG	2.15e-1	1.00e0	9.27e2	410	206	206	206	14	113	54.85	104	50.49
531	data/reference/motifs/JASPAR2026_CORE_plants_non-redundant_pfms_meme.txt	MA2039.2	ASIL2	CTCCGGCGA	2.03e-1	1.00e0	9.27e2	266	206	206	206	4	34	16.50	27	13.11
532	data/reference/motifs/JASPAR2026_CORE_plants_non-redundant_pfms_meme.txt	MA1661.2	GTL1	GGTTAAAA	1.26e-1	1.00e0	9.27e2	412	206	206	206	27	13	6.31	7	3.40
533	data/reference/motifs/JASPAR2026_CORE_plants_non-redundant_pfms_meme.txt	MA1366.2	DF1	RGTAAAAA	1.11e-1	1.00e0	9.27e2	411	206	206	206	8	192	93.20	184	89.32
534	data/reference/motifs/JASPAR2026_CORE_plants_non-redundant_pfms_meme.txt	MA1208.2	GT-2	WTTTTTACCGY	1.30e-1	1.00e0	9.27e2	412	206	206	206	5	202	98.06	197	95.63
535	data/reference/motifs/JASPAR2026_CORE_plants_non-redundant_pfms_meme.txt	MA2032.2	TRB1	AAACCCTAA	1.82e-1	1.00e0	9.27e2	412	206	206	206	11	40	19.42	32	15.53
536	data/reference/motifs/JASPAR2026_CORE_plants_non-redundant_pfms_meme.txt	MA2031.2	AT5G04760	CTTATCY	5.00e-1	1.00e0	9.27e2	412	206	206	206	19	29	14.08	28	13.59
537	data/reference/motifs/JASPAR2026_CORE_plants_non-redundant_pfms_meme.txt	MA1825.2	Zm00001d044409	CTTATC	2.21e-1	1.00e0	9.27e2	412	206	206	206	13	185	89.81	179	86.89
538	data/reference/motifs/JASPAR2026_CORE_plants_non-redundant_pfms_meme.txt	MA1812.2	ASR1	AGGCCCAAT	2.56e-1	1.00e0	9.27e2	346	206	206	206	4	62	30.10	55	26.70
539	data/reference/motifs/JASPAR2026_CORE_plants_non-redundant_pfms_meme.txt	MA1793.2	NID1	TTATCC	2.28e-1	1.00e0	9.27e2	412	206	206	206	82	18	8.74	13	6.31
540	data/reference/motifs/JASPAR2026_CORE_plants_non-redundant_pfms_meme.txt	MA1401.2	RVE7	AAAATATCT	1.42e-1	1.00e0	9.27e2	312	206	206	206	5	6	2.91	2	0.97
541	data/reference/motifs/JASPAR2026_CORE_plants_non-redundant_pfms_meme.txt	MA1398.3	KUA1	CTTATCCA	1.86e-1	1.00e0	9.27e2	412	206	206	206	28	4	1.94	1	0.49
542	data/reference/motifs/JASPAR2026_CORE_plants_non-redundant_pfms_meme.txt	MA1397.2	AT1G74840	WWTGGATAA	2.49e-1	1.00e0	9.27e2	412	206	206	206	17	2	0.97	0	0.00
543	data/reference/motifs/JASPAR2026_CORE_plants_non-redundant_pfms_meme.txt	MA1196.2	AT5G05790	AWYCTTATCYTNWT	5.00e-1	1.00e0	9.27e2	411	206	206	206	1	206	100.00	205	99.51
544	data/reference/motifs/JASPAR2026_CORE_plants_non-redundant_pfms_meme.txt	MA1195.2	AT5G56840	AAYCTTATCCAWWW	7.22e-1	1.00e0	9.27e2	407	206	206	206	3	178	86.41	181	87.86
545	data/reference/motifs/JASPAR2026_CORE_plants_non-redundant_pfms_meme.txt	MA1194.2	AT3G10580	DWDWRGATAAGVWT	5.00e-1	1.00e0	9.27e2	412	206	206	206	9	47	22.82	46	22.33
546	data/reference/motifs/JASPAR2026_CORE_plants_non-redundant_pfms_meme.txt	MA1193.2	AT2G38090	WDWGGATAAGDAT	5.00e-1	1.00e0	9.27e2	409	206	206	206	4	165	80.10	164	79.61
547	data/reference/motifs/JASPAR2026_CORE_plants_non-redundant_pfms_meme.txt	MA1192.2	DIV1	WRGATAAGRTT	2.49e-1	1.00e0	9.27e2	410	206	206	206	14	2	0.97	0	0.00
548	data/reference/motifs/JASPAR2026_CORE_plants_non-redundant_pfms_meme.txt	MA1191.2	RVE7L	AAAATATCT	2.80e-1	1.00e0	9.27e2	382	206	206	206	5	51	24.76	45	21.84
549	data/reference/motifs/JASPAR2026_CORE_plants_non-redundant_pfms_meme.txt	MA1190.2	RVE5	AGATATTTT	2.25e-1	1.00e0	9.27e2	399	206	206	206	10	5	2.43	2	0.97
550	data/reference/motifs/JASPAR2026_CORE_plants_non-redundant_pfms_meme.txt	MA1186.2	YAB4	AWYCTTATCYW	5.00e-1	1.00e0	9.27e2	412	206	206	206	4	201	97.57	200	97.09
551	data/reference/motifs/JASPAR2026_CORE_plants_non-redundant_pfms_meme.txt	MA1184.2	RVE1	WAAATATCT	1.57e-1	1.00e0	9.27e2	402	206	206	206	5	130	63.11	119	57.77
552	data/reference/motifs/JASPAR2026_CORE_plants_non-redundant_pfms_meme.txt	MA1183.2	RVE6	AGATATTTT	2.36e-1	1.00e0	9.27e2	396	206	206	206	6	48	23.30	41	19.90
553	data/reference/motifs/JASPAR2026_CORE_plants_non-redundant_pfms_meme.txt	MA1182.2	RVE8	AGATATTTT	3.86e-1	1.00e0	9.27e2	383	206	206	206	8	7	3.40	5	2.43
554	data/reference/motifs/JASPAR2026_CORE_plants_non-redundant_pfms_meme.txt	MA0579.2	CDC5	GCTCAGCGC	5.00e-1	1.00e0	9.27e2	357	206	206	206	7	9	4.37	8	3.88
555	data/reference/motifs/JASPAR2026_CORE_plants_non-redundant_pfms_meme.txt	MA2042.2	MYB58	CCACCAACC	1.10e-1	1.00e0	9.27e2	412	206	206	206	25	8	3.88	3	1.46
556	data/reference/motifs/JASPAR2026_CORE_plants_non-redundant_pfms_meme.txt	MA2041.2	MYB13	YCACCAACCA	1.74e-1	1.00e0	9.27e2	411	206	206	206	19	12	5.83	7	3.40
557	data/reference/motifs/JASPAR2026_CORE_plants_non-redundant_pfms_meme.txt	MA2030.2	MYB96	MCCAACTACCA	1.24e-1	1.00e0	9.27e2	405	206	206	206	25	3	1.46	0	0.00
558	data/reference/motifs/JASPAR2026_CORE_plants_non-redundant_pfms_meme.txt	MA2029.2	MYB88	ACGCTCCTC	4.55e-1	1.00e0	9.27e2	304	206	206	206	1	153	74.27	151	73.30
559	data/reference/motifs/JASPAR2026_CORE_plants_non-redundant_pfms_meme.txt	MA2025.2	MYB93	TACCAAAC	1.37e-1	1.00e0	9.27e2	412	206	206	206	25	14	6.80	8	3.88
560	data/reference/motifs/JASPAR2026_CORE_plants_non-redundant_pfms_meme.txt	MA2024.2	MYB63	YCACCTACCAC	2.72e-1	1.00e0	9.27e2	397	206	206	206	10	15	7.28	11	5.34
561	data/reference/motifs/JASPAR2026_CORE_plants_non-redundant_pfms_meme.txt	MA2008.2	MYB99	CACCTAMY	3.10e-1	1.00e0	9.27e2	375	206	206	206	5	43	20.87	38	18.45
562	data/reference/motifs/JASPAR2026_CORE_plants_non-redundant_pfms_meme.txt	MA2007.2	MYB107	CACCAAAC	1.30e-1	1.00e0	9.27e2	412	206	206	206	27	9	4.37	4	1.94
563	data/reference/motifs/JASPAR2026_CORE_plants_non-redundant_pfms_meme.txt	MA1780.2	MYB92	ACCTAAC	1.86e-1	1.00e0	9.27e2	412	206	206	206	17	4	1.94	1	0.49
564	data/reference/motifs/JASPAR2026_CORE_plants_non-redundant_pfms_meme.txt	MA1779.2	MYB83	CACCAACM	1.16e-1	1.00e0	9.27e2	412	206	206	206	19	66	32.04	54	26.21
565	data/reference/motifs/JASPAR2026_CORE_plants_non-redundant_pfms_meme.txt	MA1778.2	MYB80	TYYACCTAMYTW	1.51e-1	1.00e0	9.27e2	411	206	206	206	13	22	10.68	15	7.28
566	data/reference/motifs/JASPAR2026_CORE_plants_non-redundant_pfms_meme.txt	MA1777.2	MYB74	YYYACCTAMCW	1.51e-1	1.00e0	9.27e2	396	206	206	206	3	139	67.48	128	62.14
567	data/reference/motifs/JASPAR2026_CORE_plants_non-redundant_pfms_meme.txt	MA1774.2	MYB60	YCAACYACYT	8.89e-2	1.00e0	9.27e2	408	206	206	206	2	199	96.60	192	93.20
568	data/reference/motifs/JASPAR2026_CORE_plants_non-redundant_pfms_meme.txt	MA1773.2	MYB51	YYYACCWACYW	3.65e-1	1.00e0	9.27e2	405	206	206	206	9	20	9.71	17	8.25
569	data/reference/motifs/JASPAR2026_CORE_plants_non-redundant_pfms_meme.txt	MA1772.2	MYB43	YTYACCWAMCWT	2.33e-1	1.00e0	9.27e2	363	206	206	206	2	140	67.96	132	64.08
570	data/reference/motifs/JASPAR2026_CORE_plants_non-redundant_pfms_meme.txt	MA1771.2	MYB41	TYACCTAMYT	4.08e-1	1.00e0	9.27e2	408	206	206	206	5	159	77.18	156	75.73
571	data/reference/motifs/JASPAR2026_CORE_plants_non-redundant_pfms_meme.txt	MA1770.2	MYB40	YTYACCWAMY	1.62e-1	1.00e0	9.27e2	403	206	206	206	7	24	11.65	17	8.25
572	data/reference/motifs/JASPAR2026_CORE_plants_non-redundant_pfms_meme.txt	MA1769.2	MYB39	YYCACCTAMYTT	9.38e-2	1.00e0	9.27e2	401	206	206	206	4	134	65.05	120	58.25
573	data/reference/motifs/JASPAR2026_CORE_plants_non-redundant_pfms_meme.txt	MA1765.2	MYB121	TACCTAACW	1.46e-1	1.00e0	9.27e2	408	206	206	206	13	10	4.85	5	2.43
574	data/reference/motifs/JASPAR2026_CORE_plants_non-redundant_pfms_meme.txt	MA1764.2	MYB116	TGCCTAACTT	2.43e-1	1.00e0	9.27e2	299	206	206	206	2	91	44.17	83	40.29
575	data/reference/motifs/JASPAR2026_CORE_plants_non-redundant_pfms_meme.txt	MA1762.2	MYB10	YCACCWAMCW	1.85e-1	1.00e0	9.27e2	397	206	206	206	8	20	9.71	14	6.80
576	data/reference/motifs/JASPAR2026_CORE_plants_non-redundant_pfms_meme.txt	MA1392.3	MYB98	WMCGTTAC	1.32e-1	1.00e0	9.27e2	394	206	206	206	7	26	12.62	18	8.74
577	data/reference/motifs/JASPAR2026_CORE_plants_non-redundant_pfms_meme.txt	MA1294.2	MYB62	WAGTTAGGY	5.00e-1	1.00e0	9.27e2	411	206	206	206	10	30	14.56	29	14.08
578	data/reference/motifs/JASPAR2026_CORE_plants_non-redundant_pfms_meme.txt	MA1293.2	MYB57	TACCTAACTT	2.49e-1	1.00e0	9.27e2	188	206	206	206	4	2	0.97	0	0.00
579	data/reference/motifs/JASPAR2026_CORE_plants_non-redundant_pfms_meme.txt	MA1292.2	MYB27	AAAAATTAGGTA	4.61e-1	1.00e0	9.27e2	200	206	206	206	1	101	49.03	99	48.06
580	data/reference/motifs/JASPAR2026_CORE_plants_non-redundant_pfms_meme.txt	MA1180.2	MYB3R4	WWWTRACCGTTR	3.27e-1	1.00e0	9.27e2	265	206	206	206	2	56	27.18	51	24.76
581	data/reference/motifs/JASPAR2026_CORE_plants_non-redundant_pfms_meme.txt	MA1172.2	MYB3R5	AAWWDTDACCGTTR	3.66e-1	1.00e0	9.27e2	238	206	206	206	2	53	25.73	49	23.79
582	data/reference/motifs/JASPAR2026_CORE_plants_non-redundant_pfms_meme.txt	MA1171.2	MYB52	ACCGTTA	1.73e-1	1.00e0	9.27e2	276	206	206	206	1	143	69.42	133	64.56
583	data/reference/motifs/JASPAR2026_CORE_plants_non-redundant_pfms_meme.txt	MA1170.2	MYB118	RWCCGTTACRWW	1.51e-1	1.00e0	9.27e2	266	206	206	206	3	22	10.68	15	7.28
584	data/reference/motifs/JASPAR2026_CORE_plants_non-redundant_pfms_meme.txt	MA1038.2	MYB3	GGTAGGTA	4.20e-1	1.00e0	9.27e2	403	206	206	206	5	81	39.32	78	37.86
585	data/reference/motifs/JASPAR2026_CORE_plants_non-redundant_pfms_meme.txt	MA1030.2	P0510F09.23	WRMCCTA	1.58e-1	1.00e0	9.27e2	412	206	206	206	34	44	21.36	35	16.99
586	data/reference/motifs/JASPAR2026_CORE_plants_non-redundant_pfms_meme.txt	MA0576.2	RAX3	GGGGGTAGGTGS	4.17e-1	1.00e0	9.27e2	94	206	206	206	2	13	6.31	11	5.34
587	data/reference/motifs/JASPAR2026_CORE_plants_non-redundant_pfms_meme.txt	MA2023.2	PHL4	RGAATATTCC	1.52e-1	1.00e0	9.27e2	313	206	206	206	3	79	38.35	68	33.01
588	data/reference/motifs/JASPAR2026_CORE_plants_non-redundant_pfms_meme.txt	MA1737.2	AT5G05090	AGATHCG	5.00e-1	1.00e0	9.27e2	412	206	206	206	25	4	1.94	3	1.46
589	data/reference/motifs/JASPAR2026_CORE_plants_non-redundant_pfms_meme.txt	MA1735.2	AT2G38300	AAHATTCYHT	6.89e-1	1.00e0	9.27e2	412	206	206	206	4	197	95.63	198	96.12
590	data/reference/motifs/JASPAR2026_CORE_plants_non-redundant_pfms_meme.txt	MA1390.3	HHO2	AAGATTCC	6.89e-1	1.00e0	9.27e2	412	206	206	206	11	100	48.54	104	50.49
591	data/reference/motifs/JASPAR2026_CORE_plants_non-redundant_pfms_meme.txt	MA1389.2	PHL1	AARGAATATTCB	1.31e-1	1.00e0	9.27e2	332	206	206	206	1	171	83.01	161	78.16
592	data/reference/motifs/JASPAR2026_CORE_plants_non-redundant_pfms_meme.txt	MA1388.2	PHL2	VGAATMT	5.00e-1	1.00e0	9.27e2	412	206	206	206	8	122	59.22	121	58.74
593	data/reference/motifs/JASPAR2026_CORE_plants_non-redundant_pfms_meme.txt	MA1387.2	HRS1	ATCRAAGATTCY	7.49e-1	1.00e0	9.27e2	403	206	206	206	1	201	97.57	202	98.06
594	data/reference/motifs/JASPAR2026_CORE_plants_non-redundant_pfms_meme.txt	MA1386.3	HHO3	AAGATTCT	6.60e-1	1.00e0	9.27e2	412	206	206	206	11	72	34.95	75	36.41
595	data/reference/motifs/JASPAR2026_CORE_plants_non-redundant_pfms_meme.txt	MA1385.2	AT2G40260	AAHATTCTYT	1.10e-1	1.00e0	9.27e2	411	206	206	206	3	203	98.54	198	96.12
596	data/reference/motifs/JASPAR2026_CORE_plants_non-redundant_pfms_meme.txt	MA1383.2	KAN2	AATATTCTTT	1.08e-1	1.00e0	9.27e2	410	206	206	206	16	5	2.43	1	0.49
597	data/reference/motifs/JASPAR2026_CORE_plants_non-redundant_pfms_meme.txt	MA1168.2	MYR2	RGAATMTT	3.86e-1	1.00e0	9.27e2	400	206	206	206	1	201	97.57	199	96.60
598	data/reference/motifs/JASPAR2026_CORE_plants_non-redundant_pfms_meme.txt	MA1167.2	EFM	RGAATATTC	6.00e-1	1.00e0	9.27e2	396	206	206	206	1	198	96.12	198	96.12
599	data/reference/motifs/JASPAR2026_CORE_plants_non-redundant_pfms_meme.txt	MA1165.3	HHO6	AGATTCT	7.45e-1	1.00e0	9.27e2	412	206	206	206	9	146	70.87	151	73.30
600	data/reference/motifs/JASPAR2026_CORE_plants_non-redundant_pfms_meme.txt	MA1164.2	HHO5	RAAGATTC	5.00e-1	1.00e0	9.27e2	405	206	206	206	16	1	0.49	0	0.00
601	data/reference/motifs/JASPAR2026_CORE_plants_non-redundant_pfms_meme.txt	MA1163.3	PHL11	AGAATATTCT	1.85e-1	1.00e0	9.27e2	374	206	206	206	6	93	45.15	83	40.29
602	data/reference/motifs/JASPAR2026_CORE_plants_non-redundant_pfms_meme.txt	MA1409.2	OsRR22	AGATACGST	1.30e-1	1.00e0	9.27e2	407	206	206	206	12	9	4.37	4	1.94
603	data/reference/motifs/JASPAR2026_CORE_plants_non-redundant_pfms_meme.txt	MA0949.2	ARR2	MGWATCTT	1.87e-1	1.00e0	9.27e2	411	206	206	206	11	42	20.39	34	16.50
604	data/reference/motifs/JASPAR2026_CORE_plants_non-redundant_pfms_meme.txt	MA0948.2	ARR18	AGATACG	3.42e-1	1.00e0	9.27e2	412	206	206	206	29	79	38.35	74	35.92
605	data/reference/motifs/JASPAR2026_CORE_plants_non-redundant_pfms_meme.txt	MA0945.2	ARR1	RDATCT	2.49e-1	1.00e0	9.27e2	412	206	206	206	110	2	0.97	0	0.00
606	data/reference/motifs/JASPAR2026_CORE_plants_non-redundant_pfms_meme.txt	MA0121.2	ARR10	AGATHYK	2.46e-1	1.00e0	9.27e2	412	206	206	206	16	54	26.21	47	22.82
607	data/reference/motifs/JASPAR2026_CORE_plants_non-redundant_pfms_meme.txt	MA2022.2	LOB	CCGCCGCCGCMGC	3.80e-1	1.00e0	9.27e2	152	206	206	206	1	78	37.86	74	35.92
608	data/reference/motifs/JASPAR2026_CORE_plants_non-redundant_pfms_meme.txt	MA1673.2	LBD18	GCCGGAAA	1.19e-1	1.00e0	9.27e2	410	206	206	206	15	31	15.05	22	10.68
609	data/reference/motifs/JASPAR2026_CORE_plants_non-redundant_pfms_meme.txt	MA1747.2	DOF4.3	WAAAGWRGCTTTW	6.57e-1	1.00e0	9.27e2	170	206	206	206	4	3	1.46	3	1.46
610	data/reference/motifs/JASPAR2026_CORE_plants_non-redundant_pfms_meme.txt	MA1281.2	DOF5.1	AAAAAGWAAAAARAAAAAR	2.09e-1	1.00e0	9.27e2	412	206	206	206	13	131	63.59	122	59.22
611	data/reference/motifs/JASPAR2026_CORE_plants_non-redundant_pfms_meme.txt	MA1277.2	DOF1.7	AAAAAGTARAA	1.87e-1	1.00e0	9.27e2	412	206	206	206	24	60	29.13	51	24.76
612	data/reference/motifs/JASPAR2026_CORE_plants_non-redundant_pfms_meme.txt	MA1275.2	DOF1.6	AWAAAGTR	1.83e-1	1.00e0	9.27e2	412	206	206	206	14	127	61.65	117	56.80
613	data/reference/motifs/JASPAR2026_CORE_plants_non-redundant_pfms_meme.txt	MA1270.2	DOF3.2	TWACTTTTTNNYTTTT	2.25e-1	1.00e0	9.27e2	412	206	206	206	7	184	89.32	178	86.41
614	data/reference/motifs/JASPAR2026_CORE_plants_non-redundant_pfms_meme.txt	MA1269.2	DOF4.5	AWAAAGTWRCTTT	9.53e-2	1.00e0	9.27e2	412	206	206	206	12	89	43.20	75	36.41
615	data/reference/motifs/JASPAR2026_CORE_plants_non-redundant_pfms_meme.txt	MA1268.2	CDF5	TTYACTTTTTYTTTTTTTTTT	8.74e-2	1.00e0	9.27e2	412	206	206	206	3	204	99.03	199	96.60
616	data/reference/motifs/JASPAR2026_CORE_plants_non-redundant_pfms_meme.txt	MA1267.2	DOF5.8	TTTTTHYTTTTTACTTTTT	2.01e-1	1.00e0	9.27e2	412	206	206	206	12	143	69.42	134	65.05
617	data/reference/motifs/JASPAR2026_CORE_plants_non-redundant_pfms_meme.txt	MA0983.2	DOF5.6	AAMG	8.74e-2	1.00e0	9.27e2	412	206	206	206	52	204	99.03	199	96.60
618	data/reference/motifs/JASPAR2026_CORE_plants_non-redundant_pfms_meme.txt	MA1755.2	GATA4	GATC	3.20e-1	1.00e0	9.27e2	412	206	206	206	156	11	5.34	8	3.88
619	data/reference/motifs/JASPAR2026_CORE_plants_non-redundant_pfms_meme.txt	MA1396.2	GATA6	AGATCTAGAT	1.86e-1	1.00e0	9.27e2	309	206	206	206	7	4	1.94	1	0.49
620	data/reference/motifs/JASPAR2026_CORE_plants_non-redundant_pfms_meme.txt	MA1325.2	GATA14	TAGATCTR	1.86e-1	1.00e0	9.27e2	402	206	206	206	19	4	1.94	1	0.49
621	data/reference/motifs/JASPAR2026_CORE_plants_non-redundant_pfms_meme.txt	MA1323.2	GATA19	GATCBGATY	3.12e-1	1.00e0	9.27e2	404	206	206	206	20	3	1.46	1	0.49
622	data/reference/motifs/JASPAR2026_CORE_plants_non-redundant_pfms_meme.txt	MA1018.2	GATA9	AGATCT	1.64e-1	1.00e0	9.27e2	399	206	206	206	9	34	16.50	26	12.62
623	data/reference/motifs/JASPAR2026_CORE_plants_non-redundant_pfms_meme.txt	MA1017.2	GATA8	GATCY	3.31e-1	1.00e0	9.27e2	412	206	206	206	84	29	14.08	25	12.14
624	data/reference/motifs/JASPAR2026_CORE_plants_non-redundant_pfms_meme.txt	MA1016.2	GATA15	GATC	5.00e-1	1.00e0	9.27e2	412	206	206	206	80	204	99.03	203	98.54
625	data/reference/motifs/JASPAR2026_CORE_plants_non-redundant_pfms_meme.txt	MA0585.2	AGL1	TTDCCWWWWWDGGWAA	1.24e-1	1.00e0	9.27e2	406	206	206	206	18	3	1.46	0	0.00
626	data/reference/motifs/JASPAR2026_CORE_plants_non-redundant_pfms_meme.txt	MA0584.2	SEP1	CCAWAWWTRGWAA	1.42e-1	1.00e0	9.27e2	387	206	206	206	12	6	2.91	2	0.97
627	data/reference/motifs/JASPAR2026_CORE_plants_non-redundant_pfms_meme.txt	MA0558.2	FLC	CCMAAAATRGAAAG	9.94e-2	1.00e0	9.27e2	412	206	206	206	6	102	49.51	88	42.72
628	data/reference/motifs/JASPAR2026_CORE_plants_non-redundant_pfms_meme.txt	MA0082.2	squamosa	MCAWAWATRGWAA	2.46e-1	1.00e0	9.27e2	412	206	206	206	7	198	96.12	194	94.17
629	data/reference/motifs/JASPAR2026_CORE_plants_non-redundant_pfms_meme.txt	MA1330.2	ZHD6	AAWHRTAATTAA	1.27e-1	1.00e0	9.27e2	412	206	206	206	8	182	88.35	173	83.98
630	data/reference/motifs/JASPAR2026_CORE_plants_non-redundant_pfms_meme.txt	MA1326.2	ZHD5	GTRATTAR	1.40e-1	1.00e0	9.27e2	411	206	206	206	8	178	86.41	169	82.04
631	data/reference/motifs/JASPAR2026_CORE_plants_non-redundant_pfms_meme.txt	MA1213.3	ZHD3	CAATTATTG	1.82e-1	1.00e0	9.27e2	410	206	206	206	7	174	84.47	166	80.58
632	data/reference/motifs/JASPAR2026_CORE_plants_non-redundant_pfms_meme.txt	MA1757.2	HDG7	DCATTAAWTR	2.13e-1	1.00e0	9.27e2	411	206	206	206	4	187	90.78	181	87.86
633	data/reference/motifs/JASPAR2026_CORE_plants_non-redundant_pfms_meme.txt	MA1406.2	ATHB-4	YAATSATTG	2.81e-1	1.00e0	9.27e2	412	206	206	206	10	181	87.86	176	85.44
634	data/reference/motifs/JASPAR2026_CORE_plants_non-redundant_pfms_meme.txt	MA1327.3	ATHB-23	TAATTAA	2.17e-1	1.00e0	9.27e2	410	206	206	206	4	186	90.29	180	87.38
635	data/reference/motifs/JASPAR2026_CORE_plants_non-redundant_pfms_meme.txt	MA1215.2	ATHB-53	CAATAATTG	1.87e-1	1.00e0	9.27e2	408	206	206	206	8	115	55.83	105	50.97
636	data/reference/motifs/JASPAR2026_CORE_plants_non-redundant_pfms_meme.txt	MA1214.2	ATHB-40	ACCAATAATTG	3.38e-1	1.00e0	9.27e2	404	206	206	206	3	178	86.41	174	84.47
637	data/reference/motifs/JASPAR2026_CORE_plants_non-redundant_pfms_meme.txt	MA1212.2	ATHB-13	YAATAATT	2.78e-1	1.00e0	9.27e2	412	206	206	206	7	182	88.35	177	85.92
638	data/reference/motifs/JASPAR2026_CORE_plants_non-redundant_pfms_meme.txt	MA1211.2	ATHB-X	YAATYATTD	2.28e-1	1.00e0	9.27e2	412	206	206	206	4	193	93.69	188	91.26
639	data/reference/motifs/JASPAR2026_CORE_plants_non-redundant_pfms_meme.txt	MA1210.3	HAT22	CAATAATTG	1.41e-1	1.00e0	9.27e2	412	206	206	206	10	186	90.29	178	86.41
640	data/reference/motifs/JASPAR2026_CORE_plants_non-redundant_pfms_meme.txt	MA1209.2	ATHB-20	YAATAATT	2.24e-1	1.00e0	9.27e2	398	206	206	206	4	150	72.82	142	68.93
641	data/reference/motifs/JASPAR2026_CORE_plants_non-redundant_pfms_meme.txt	MA1198.2	HAT2	YAATCATT	2.49e-1	1.00e0	9.27e2	410	206	206	206	1	206	100.00	204	99.03
642	data/reference/motifs/JASPAR2026_CORE_plants_non-redundant_pfms_meme.txt	MA1026.3	ATHB-15	AWDRTAATGATKA	5.00e-1	1.00e0	9.27e2	394	206	206	206	8	30	14.56	29	14.08
643	data/reference/motifs/JASPAR2026_CORE_plants_non-redundant_pfms_meme.txt	MA0008.4	HAT5	CAATAATTG	2.84e-1	1.00e0	9.27e2	407	206	206	206	5	158	76.70	152	73.79
644	data/reference/motifs/JASPAR2026_CORE_plants_non-redundant_pfms_meme.txt	MA2020.2	HSFB4	GAAGTTTCCR	2.41e-1	1.00e0	9.27e2	398	206	206	206	5	87	42.23	79	38.35
645	data/reference/motifs/JASPAR2026_CORE_plants_non-redundant_pfms_meme.txt	MA2019.2	HSFA1B	GAAACTTC	2.49e-1	1.00e0	9.27e2	410	206	206	206	1	206	100.00	204	99.03
646	data/reference/motifs/JASPAR2026_CORE_plants_non-redundant_pfms_meme.txt	MA1665.3	HSFB2A	RGAAGSTTCY	2.33e-1	1.00e0	9.27e2	375	206	206	206	2	167	81.07	160	77.67
647	data/reference/motifs/JASPAR2026_CORE_plants_non-redundant_pfms_meme.txt	MA1664.3	HSFA6B	TTCTRGAA	1.11e-1	1.00e0	9.27e2	412	206	206	206	17	22	10.68	14	6.80
648	data/reference/motifs/JASPAR2026_CORE_plants_non-redundant_pfms_meme.txt	MA1314.2	WRKY14	AAAGTCAACG	1.12e-1	1.00e0	9.27e2	330	206	206	206	4	29	14.08	20	9.71
649	data/reference/motifs/JASPAR2026_CORE_plants_non-redundant_pfms_meme.txt	MA1312.2	WRKY47	CGTTGACYW	9.43e-2	1.00e0	9.27e2	390	206	206	206	6	32	15.53	22	10.68
650	data/reference/motifs/JASPAR2026_CORE_plants_non-redundant_pfms_meme.txt	MA1311.3	WRKY28	RGTCAAC	1.24e-1	1.00e0	9.27e2	412	206	206	206	23	3	1.46	0	0.00
651	data/reference/motifs/JASPAR2026_CORE_plants_non-redundant_pfms_meme.txt	MA1310.2	WRKY42	CGTTGACT	1.24e-1	1.00e0	9.27e2	354	206	206	206	8	3	1.46	0	0.00
652	data/reference/motifs/JASPAR2026_CORE_plants_non-redundant_pfms_meme.txt	MA1308.2	WRKY70	CGTTGACTTT	2.47e-1	1.00e0	9.27e2	228	206	206	206	2	55	26.70	48	23.30
653	data/reference/motifs/JASPAR2026_CORE_plants_non-redundant_pfms_meme.txt	MA1307.3	WRKY31	RGTCAACG	1.51e-1	1.00e0	9.27e2	405	206	206	206	7	41	19.90	32	15.53
654	data/reference/motifs/JASPAR2026_CORE_plants_non-redundant_pfms_meme.txt	MA1302.2	WRKY65	AAAGTCAACG	1.46e-1	1.00e0	9.27e2	365	206	206	206	6	10	4.85	5	2.43
655	data/reference/motifs/JASPAR2026_CORE_plants_non-redundant_pfms_meme.txt	MA1090.2	WRKY60	GGTCAAC	1.37e-1	1.00e0	9.27e2	401	206	206	206	8	14	6.80	8	3.88
656	data/reference/motifs/JASPAR2026_CORE_plants_non-redundant_pfms_meme.txt	MA1086.2	WRKY43	RGTCAA	1.62e-1	1.00e0	9.27e2	412	206	206	206	65	112	54.37	101	49.03
657	data/reference/motifs/JASPAR2026_CORE_plants_non-redundant_pfms_meme.txt	MA1081.3	WRKY25	RGTCAACG	2.49e-1	1.00e0	9.27e2	408	206	206	206	14	2	0.97	0	0.00
658	data/reference/motifs/JASPAR2026_CORE_plants_non-redundant_pfms_meme.txt	MA1078.2	WRKY2	GGTCAAM	1.75e-1	1.00e0	9.27e2	410	206	206	206	6	140	67.96	130	63.11
659	data/reference/motifs/JASPAR2026_CORE_plants_non-redundant_pfms_meme.txt	MA1077.2	WRKY18	RGTCAA	8.74e-2	1.00e0	9.27e2	412	206	206	206	21	7	3.40	2	0.97
660	data/reference/motifs/JASPAR2026_CORE_plants_non-redundant_pfms_meme.txt	MA1076.3	WRKY15	RGTCAACG	1.24e-1	1.00e0	9.27e2	409	206	206	206	14	3	1.46	0	0.00
661	data/reference/motifs/JASPAR2026_CORE_plants_non-redundant_pfms_meme.txt	MA0589.2	WRKY1	TTGACCGAGY	1.24e-1	1.00e0	9.27e2	304	206	206	206	8	3	1.46	0	0.00
662	data/reference/motifs/JASPAR2026_CORE_plants_non-redundant_pfms_meme.txt	MA2053.2	NAC105	CAAGCAACC	2.90e-1	1.00e0	9.27e2	411	206	206	206	6	178	86.41	173	83.98
663	data/reference/motifs/JASPAR2026_CORE_plants_non-redundant_pfms_meme.txt	MA2051.2	NAC68	ACAAGTAW	3.62e-1	1.00e0	9.27e2	412	206	206	206	12	203	98.54	201	97.57
664	data/reference/motifs/JASPAR2026_CORE_plants_non-redundant_pfms_meme.txt	MA2050.2	NAC101	CAAGCAA	3.86e-1	1.00e0	9.27e2	412	206	206	206	10	201	97.57	199	96.60
665	data/reference/motifs/JASPAR2026_CORE_plants_non-redundant_pfms_meme.txt	MA2049.2	NAC053	CAAGAAA	6.57e-1	1.00e0	9.27e2	412	206	206	206	23	3	1.46	3	1.46
666	data/reference/motifs/JASPAR2026_CORE_plants_non-redundant_pfms_meme.txt	MA2047.2	NAC037	CAAGCAA	1.46e-1	1.00e0	9.27e2	412	206	206	206	8	201	97.57	196	95.15
667	data/reference/motifs/JASPAR2026_CORE_plants_non-redundant_pfms_meme.txt	MA2045.2	NAC031	TTRCKTGTWNHACAAGTWA	4.00e-1	1.00e0	9.27e2	185	206	206	206	4	9	4.37	7	3.40
668	data/reference/motifs/JASPAR2026_CORE_plants_non-redundant_pfms_meme.txt	MA2043.2	NAC004	CAAGAAA	4.19e-1	1.00e0	9.27e2	412	206	206	206	15	134	65.05	131	63.59
669	data/reference/motifs/JASPAR2026_CORE_plants_non-redundant_pfms_meme.txt	MA2038.2	NAC103	CAAGTTA	1.91e-1	1.00e0	9.27e2	412	206	206	206	23	63	30.58	54	26.21
670	data/reference/motifs/JASPAR2026_CORE_plants_non-redundant_pfms_meme.txt	MA2037.2	NAC096	CAAGTAA	1.86e-1	1.00e0	9.27e2	412	206	206	206	29	4	1.94	1	0.49
671	data/reference/motifs/JASPAR2026_CORE_plants_non-redundant_pfms_meme.txt	MA2036.2	NAC076	CAAGCAA	2.13e-1	1.00e0	9.27e2	412	206	206	206	12	187	90.78	181	87.86
672	data/reference/motifs/JASPAR2026_CORE_plants_non-redundant_pfms_meme.txt	MA2035.2	NAC075	GWAGCTTGTNNNACAAGCTW	5.00e-1	1.00e0	9.27e2	164	206	206	206	3	21	10.19	20	9.71
673	data/reference/motifs/JASPAR2026_CORE_plants_non-redundant_pfms_meme.txt	MA2033.2	NAC038	TTDCKTGTDNHACAAGTWA	5.00e-1	1.00e0	9.27e2	121	206	206	206	4	4	1.94	3	1.46
674	data/reference/motifs/JASPAR2026_CORE_plants_non-redundant_pfms_meme.txt	MA2018.2	NAC69	ACAAGGCA	2.40e-1	1.00e0	9.27e2	412	206	206	206	6	191	92.72	186	90.29
675	data/reference/motifs/JASPAR2026_CORE_plants_non-redundant_pfms_meme.txt	MA2006.2	NAC020	GGTTGCKTGTDNMACAAGTAA	4.27e-1	1.00e0	9.27e2	84	206	206	206	2	17	8.25	15	7.28
676	data/reference/motifs/JASPAR2026_CORE_plants_non-redundant_pfms_meme.txt	MA1786.2	NAC019	YACGBMA	1.22e-1	1.00e0	9.27e2	412	206	206	206	29	71	34.47	59	28.64
677	data/reference/motifs/JASPAR2026_CORE_plants_non-redundant_pfms_meme.txt	MA1678.3	NTL8	GAAGAAAC	1.86e-1	1.00e0	9.27e2	412	206	206	206	7	205	99.51	202	98.06
678	data/reference/motifs/JASPAR2026_CORE_plants_non-redundant_pfms_meme.txt	MA1677.2	NAC078	CAAGAAA	5.00e-1	1.00e0	9.27e2	412	206	206	206	29	1	0.49	0	0.00
679	data/reference/motifs/JASPAR2026_CORE_plants_non-redundant_pfms_meme.txt	MA1675.2	NAC029	ACGCAACT	1.12e-1	1.00e0	9.27e2	410	206	206	206	7	85	41.26	72	34.95
680	data/reference/motifs/JASPAR2026_CORE_plants_non-redundant_pfms_meme.txt	MA1663.3	NAC050	CAAGTAAC	5.00e-1	1.00e0	9.27e2	412	206	206	206	7	197	95.63	196	95.15
681	data/reference/motifs/JASPAR2026_CORE_plants_non-redundant_pfms_meme.txt	MA1045.2	NAC043	TWACGTAA	1.37e-1	1.00e0	9.27e2	412	206	206	206	4	187	90.78	179	86.89
682	data/reference/motifs/JASPAR2026_CORE_plants_non-redundant_pfms_meme.txt	MA1044.2	NAC92	RCAMGCCA	8.87e-2	1.00e0	9.27e2	412	206	206	206	15	159	77.18	146	70.87
683	data/reference/motifs/JASPAR2026_CORE_plants_non-redundant_pfms_meme.txt	MA0938.3	NAC058	TTACKTGTDNMACAAGWAA	3.20e-1	1.00e0	9.27e2	127	206	206	206	3	11	5.34	8	3.88
684	data/reference/motifs/JASPAR2026_CORE_plants_non-redundant_pfms_meme.txt	MA1813.2	EIL4	TWCAATGAA	7.54e-1	1.00e0	9.27e2	411	206	206	206	19	9	4.37	11	5.34
685	data/reference/motifs/JASPAR2026_CORE_plants_non-redundant_pfms_meme.txt	MA1682.2	TCX3	AAATTCAAATWT	2.49e-1	1.00e0	9.27e2	412	206	206	206	2	206	100.00	204	99.03
686	data/reference/motifs/JASPAR2026_CORE_plants_non-redundant_pfms_meme.txt	MA1756.2	GRF9	TGTCAGA	9.85e-2	1.00e0	9.27e2	403	206	206	206	4	122	59.22	108	52.43
687	data/reference/motifs/JASPAR2026_CORE_plants_non-redundant_pfms_meme.txt	MA2016.2	GRF6	TCTGACA	2.49e-1	1.00e0	9.27e2	288	206	206	206	8	2	0.97	0	0.00
688	data/reference/motifs/JASPAR2026_CORE_plants_non-redundant_pfms_meme.txt	MA1801.2	TREE1	AGCTD	1.31e-1	1.00e0	9.27e2	412	206	206	206	58	194	94.17	187	90.78
689	data/reference/motifs/JASPAR2026_CORE_plants_non-redundant_pfms_meme.txt	MA1736.2	AT5G04390	TCACT	2.28e-1	1.00e0	9.27e2	412	206	206	206	10	193	93.69	188	91.26
690	data/reference/motifs/JASPAR2026_CORE_plants_non-redundant_pfms_meme.txt	MA1415.2	REF6	RAAACAGAG	3.92e-1	1.00e0	9.27e2	391	206	206	206	2	176	85.44	173	83.98
691	data/reference/motifs/JASPAR2026_CORE_plants_non-redundant_pfms_meme.txt	MA1381.2	AT3G46070	TCACTCT	1.12e-1	1.00e0	9.27e2	412	206	206	206	16	29	14.08	20	9.71
692	data/reference/motifs/JASPAR2026_CORE_plants_non-redundant_pfms_meme.txt	MA1372.2	ZAT10	CACTNHCACT	3.34e-1	1.00e0	9.27e2	412	206	206	206	14	146	70.87	141	68.45
693	data/reference/motifs/JASPAR2026_CORE_plants_non-redundant_pfms_meme.txt	MA1371.2	IDD4	ASAAAAMGACAAAAA	1.24e-1	1.00e0	9.27e2	310	206	206	206	7	3	1.46	0	0.00
694	data/reference/motifs/JASPAR2026_CORE_plants_non-redundant_pfms_meme.txt	MA1158.2	MGP	AAAACGACAAAAA	1.63e-1	1.00e0	9.27e2	294	206	206	206	1	152	73.79	142	68.93
695	data/reference/motifs/JASPAR2026_CORE_plants_non-redundant_pfms_meme.txt	MA1157.2	NUC	TTTTGTCGTTTT	1.24e-1	1.00e0	9.27e2	346	206	206	206	8	3	1.46	0	0.00
696	data/reference/motifs/JASPAR2026_CORE_plants_non-redundant_pfms_meme.txt	MA1156.2	JKD	TTTTGTCKTTTT	1.16e-1	1.00e0	9.27e2	405	206	206	206	6	50	24.27	39	18.93
697	data/reference/motifs/JASPAR2026_CORE_plants_non-redundant_pfms_meme.txt	MA2015.2	NAC002	ACGCAACT	1.08e-1	1.00e0	9.27e2	412	206	206	206	20	5	2.43	1	0.49
698	data/reference/motifs/JASPAR2026_CORE_plants_non-redundant_pfms_meme.txt	MA1743.2	BZIP2	TGCTGACGTGGCA	7.13e-1	1.00e0	9.27e2	106	206	206	206	1	51	24.76	55	26.70
699	data/reference/motifs/JASPAR2026_CORE_plants_non-redundant_pfms_meme.txt	MA1345.2	BZIP48	GCCACGTCAGCA	6.78e-1	1.00e0	9.27e2	99	206	206	206	1	48	23.30	51	24.76
700	data/reference/motifs/JASPAR2026_CORE_plants_non-redundant_pfms_meme.txt	MA1341.2	BZIP53	TGCTGACGTGGCA	6.76e-1	1.00e0	9.27e2	101	206	206	206	1	49	23.79	52	25.24
701	data/reference/motifs/JASPAR2026_CORE_plants_non-redundant_pfms_meme.txt	MA1340.2	BZIP3	TGMTGACGTGGCA	8.14e-1	1.00e0	9.27e2	160	206	206	206	4	2	0.97	3	1.46
702	data/reference/motifs/JASPAR2026_CORE_plants_non-redundant_pfms_meme.txt	MA1337.2	BZIP44	WGCTGACGTGGCA	8.27e-1	1.00e0	9.27e2	93	206	206	206	1	43	20.87	50	24.27
703	data/reference/motifs/JASPAR2026_CORE_plants_non-redundant_pfms_meme.txt	MA1334.2	BZIP11	TGCCACGTCAGCA	7.49e-1	1.00e0	9.27e2	109	206	206	206	1	52	25.24	57	27.67
704	data/reference/motifs/JASPAR2026_CORE_plants_non-redundant_pfms_meme.txt	MA1803.2	VIP1	TGMCAGCTGT	2.02e-1	1.00e0	9.27e2	273	206	206	206	1	141	68.45	132	64.08
705	data/reference/motifs/JASPAR2026_CORE_plants_non-redundant_pfms_meme.txt	MA1343.2	BZIP52	TGMCAGCT	4.00e-1	1.00e0	9.27e2	348	206	206	206	7	9	4.37	7	3.40
706	data/reference/motifs/JASPAR2026_CORE_plants_non-redundant_pfms_meme.txt	MA1425.2	HYH	TSACGTG	1.07e-1	1.00e0	9.27e2	365	206	206	206	1	187	90.78	178	86.41
707	data/reference/motifs/JASPAR2026_CORE_plants_non-redundant_pfms_meme.txt	MA0551.2	HY5	TGMCACGTGKCA	3.43e-1	1.00e0	9.27e2	111	206	206	206	6	4	1.94	2	0.97
708	data/reference/motifs/JASPAR2026_CORE_plants_non-redundant_pfms_meme.txt	MA1349.2	BZIP16	HSACGTGGCA	2.72e-1	1.00e0	9.27e2	134	206	206	206	3	7	3.40	4	1.94
709	data/reference/motifs/JASPAR2026_CORE_plants_non-redundant_pfms_meme.txt	MA1346.2	TGA10	GMTGACGTCA	5.00e-1	1.00e0	9.27e2	250	206	206	206	3	25	12.14	24	11.65
710	data/reference/motifs/JASPAR2026_CORE_plants_non-redundant_pfms_meme.txt	MA1070.3	TGA7	ATGACGTCAB	2.37e-1	1.00e0	9.27e2	260	206	206	206	1	134	65.05	126	61.17
711	data/reference/motifs/JASPAR2026_CORE_plants_non-redundant_pfms_meme.txt	MA0588.2	TGA1	SVTGACGT	2.05e-1	1.00e0	9.27e2	407	206	206	206	2	196	95.15	191	92.72
712	data/reference/motifs/JASPAR2026_CORE_plants_non-redundant_pfms_meme.txt	MA1745.2	BZIP63	TSACGTGG	1.54e-1	1.00e0	9.27e2	380	206	206	206	3	135	65.53	124	60.19
713	data/reference/motifs/JASPAR2026_CORE_plants_non-redundant_pfms_meme.txt	MA1417.2	O2	TGCCACGTCATC	6.84e-1	1.00e0	9.27e2	230	206	206	206	2	43	20.87	46	22.33
714	data/reference/motifs/JASPAR2026_CORE_plants_non-redundant_pfms_meme.txt	MA1344.2	BZIP28	TSACGTGGCA	2.08e-1	1.00e0	9.27e2	252	206	206	206	5	9	4.37	5	2.43
715	data/reference/motifs/JASPAR2026_CORE_plants_non-redundant_pfms_meme.txt	MA1659.2	ABF4	CCACGTS	1.35e-1	1.00e0	9.27e2	412	206	206	206	11	129	62.62	117	56.80
716	data/reference/motifs/JASPAR2026_CORE_plants_non-redundant_pfms_meme.txt	MA0931.2	ABI5	GMCACGTG	1.88e-1	1.00e0	9.27e2	299	206	206	206	2	109	52.91	99	48.06
717	data/reference/motifs/JASPAR2026_CORE_plants_non-redundant_pfms_meme.txt	MA0930.3	ABF3	ACGTGTC	1.87e-1	1.00e0	9.27e2	412	206	206	206	11	117	56.80	107	51.94
718	data/reference/motifs/JASPAR2026_CORE_plants_non-redundant_pfms_meme.txt	MA0570.3	ABF1	ACACGTGKCA	1.01e-1	1.00e0	9.27e2	354	206	206	206	1	182	88.35	172	83.50
719	data/reference/motifs/JASPAR2026_CORE_plants_non-redundant_pfms_meme.txt	MA1828.2	Zm00001d038683	GTGGTCCA	1.61e-1	1.00e0	9.27e2	407	206	206	206	17	11	5.34	6	2.91
720	data/reference/motifs/JASPAR2026_CORE_plants_non-redundant_pfms_meme.txt	MA1430.2	TB1	GGSCCCCCC	2.56e-1	1.00e0	9.27e2	171	206	206	206	2	38	18.45	32	15.53
721	data/reference/motifs/JASPAR2026_CORE_plants_non-redundant_pfms_meme.txt	MA1410.2	StBRC1	GGGSCCM	9.07e-2	1.00e0	9.27e2	404	206	206	206	4	185	89.81	175	84.95
722	data/reference/motifs/JASPAR2026_CORE_plants_non-redundant_pfms_meme.txt	MA1289.2	TCP3	GGGACCAC	3.94e-1	1.00e0	9.27e2	163	206	206	206	2	34	16.50	31	15.05
723	data/reference/motifs/JASPAR2026_CORE_plants_non-redundant_pfms_meme.txt	MA1286.2	TCP24	GGGACCAC	1.81e-1	1.00e0	9.27e2	228	206	206	206	3	28	13.59	21	10.19
724	data/reference/motifs/JASPAR2026_CORE_plants_non-redundant_pfms_meme.txt	MA1064.2	TCP2	TGGKMCCA	1.43e-1	1.00e0	9.27e2	409	206	206	206	28	51	24.76	41	19.90
725	data/reference/motifs/JASPAR2026_CORE_plants_non-redundant_pfms_meme.txt	MA1063.2	TCP19	GGSCCCAC	1.05e-1	1.00e0	9.27e2	409	206	206	206	19	21	10.19	13	6.31
726	data/reference/motifs/JASPAR2026_CORE_plants_non-redundant_pfms_meme.txt	MA1031.2	OJ1581_H09.2	GGGCCC	1.76e-1	1.00e0	9.27e2	396	206	206	206	4	186	90.29	179	86.89
727	data/reference/motifs/JASPAR2026_CORE_plants_non-redundant_pfms_meme.txt	MA1019.2	Glyma19g26560.1	GGSCCCAC	1.38e-1	1.00e0	9.27e2	410	206	206	206	14	20	9.71	13	6.31
728	data/reference/motifs/JASPAR2026_CORE_plants_non-redundant_pfms_meme.txt	MA0549.2	BZR2	RCACGTGKSV	2.15e-1	1.00e0	9.27e2	195	206	206	206	1	102	49.51	93	45.15
729	data/reference/motifs/JASPAR2026_CORE_plants_non-redundant_pfms_meme.txt	MA1739.2	BHLH122	CMACTTG	4.05e-1	1.00e0	9.27e2	379	206	206	206	7	10	4.85	8	3.88
730	data/reference/motifs/JASPAR2026_CORE_plants_non-redundant_pfms_meme.txt	MA1412.2	TSAR2	GCACGTGC	1.85e-1	1.00e0	9.27e2	234	206	206	206	2	122	59.22	112	54.37
731	data/reference/motifs/JASPAR2026_CORE_plants_non-redundant_pfms_meme.txt	MA1411.2	TSAR1	GCACGTGC	2.09e-1	1.00e0	9.27e2	253	206	206	206	2	131	63.59	122	59.22
732	data/reference/motifs/JASPAR2026_CORE_plants_non-redundant_pfms_meme.txt	MA1358.2	bHLH130	CMACTTGC	2.17e-1	1.00e0	9.27e2	317	206	206	206	3	58	28.16	50	24.27
733	data/reference/motifs/JASPAR2026_CORE_plants_non-redundant_pfms_meme.txt	MA1357.2	bHLH80	TGCAAGTKG	5.00e-1	1.00e0	9.27e2	210	206	206	206	5	2	0.97	1	0.49
734	data/reference/motifs/JASPAR2026_CORE_plants_non-redundant_pfms_meme.txt	MA0961.2	bHLH112	CCACTTG	5.00e-1	1.00e0	9.27e2	151	206	206	206	4	2	0.97	1	0.49
735	data/reference/motifs/JASPAR2026_CORE_plants_non-redundant_pfms_meme.txt	MA0552.2	PIF1	CACGTG	3.75e-1	1.00e0	9.27e2	303	206	206	206	6	6	2.91	4	1.94
736	data/reference/motifs/JASPAR2026_CORE_plants_non-redundant_pfms_meme.txt	MA1698.2	ARF7	GCCGACAAG	2.44e-1	1.00e0	9.27e2	390	206	206	206	4	116	56.31	108	52.43
737	data/reference/motifs/JASPAR2026_CORE_plants_non-redundant_pfms_meme.txt	MA1697.2	ARF4	ACGACAAG	2.15e-1	1.00e0	9.27e2	411	206	206	206	11	105	50.97	96	46.60
738	data/reference/motifs/JASPAR2026_CORE_plants_non-redundant_pfms_meme.txt	MA1696.2	ARF39	GGGGRACACGT	1.74e-1	1.00e0	9.27e2	393	206	206	206	1	199	96.60	194	94.17
739	data/reference/motifs/JASPAR2026_CORE_plants_non-redundant_pfms_meme.txt	MA1695.2	ARF36	GGGGGACAHGTC	1.38e-1	1.00e0	9.27e2	328	206	206	206	2	117	56.80	105	50.97
740	data/reference/motifs/JASPAR2026_CORE_plants_non-redundant_pfms_meme.txt	MA1694.2	ARF35	CCCGACAAG	3.69e-1	1.00e0	9.27e2	395	206	206	206	3	153	74.27	149	72.33
741	data/reference/motifs/JASPAR2026_CORE_plants_non-redundant_pfms_meme.txt	MA1692.2	ARF29	GCCGACAA	9.00e-2	1.00e0	9.27e2	407	206	206	206	4	158	76.70	145	70.39
742	data/reference/motifs/JASPAR2026_CORE_plants_non-redundant_pfms_meme.txt	MA1691.2	ARF27	GCAGACAT	2.95e-1	1.00e0	9.27e2	411	206	206	206	8	148	71.84	142	68.93
743	data/reference/motifs/JASPAR2026_CORE_plants_non-redundant_pfms_meme.txt	MA1690.2	ARF25	ARMGGGRGACAM	3.62e-1	1.00e0	9.27e2	354	206	206	206	4	49	23.79	45	21.84
744	data/reference/motifs/JASPAR2026_CORE_plants_non-redundant_pfms_meme.txt	MA1689.2	ARF18	CCGACAAA	3.46e-1	1.00e0	9.27e2	412	206	206	206	8	119	57.77	114	55.34
745	data/reference/motifs/JASPAR2026_CORE_plants_non-redundant_pfms_meme.txt	MA1688.2	ARF16	CAAGACAAGA	2.90e-1	1.00e0	9.27e2	412	206	206	206	10	178	86.41	173	83.98
746	data/reference/motifs/JASPAR2026_CORE_plants_non-redundant_pfms_meme.txt	MA1685.2	ARF10	ARNGGGAGACA	3.40e-1	1.00e0	9.27e2	381	206	206	206	9	14	6.80	11	5.34
747	data/reference/motifs/JASPAR2026_CORE_plants_non-redundant_pfms_meme.txt	MA1206.2	ARF2	SMGACA	1.05e-1	1.00e0	9.27e2	412	206	206	206	9	193	93.69	185	89.81
748	data/reference/motifs/JASPAR2026_CORE_plants_non-redundant_pfms_meme.txt	MA0944.2	ARF8	TGTCGG	8.89e-2	1.00e0	9.27e2	412	206	206	206	21	199	96.60	192	93.20
749	data/reference/motifs/JASPAR2026_CORE_plants_non-redundant_pfms_meme.txt	MA0943.2	ARF5	RCCGACA	2.09e-1	1.00e0	9.27e2	402	206	206	206	5	131	63.59	122	59.22
750	data/reference/motifs/JASPAR2026_CORE_plants_non-redundant_pfms_meme.txt	MA0942.2	ARF1	ACCGACA	1.37e-1	1.00e0	9.27e2	381	206	206	206	8	14	6.80	8	3.88
751	data/reference/motifs/JASPAR2026_CORE_plants_non-redundant_pfms_meme.txt	MA1810.2	GLYMA-08G357600	ATGCATGCA	2.34e-1	1.00e0	9.27e2	407	206	206	206	18	19	9.22	14	6.80
752	data/reference/motifs/JASPAR2026_CORE_plants_non-redundant_pfms_meme.txt	MA0581.2	LEC2	CATGCR	3.10e-1	1.00e0	9.27e2	386	206	206	206	4	93	45.15	87	42.23
753	data/reference/motifs/JASPAR2026_CORE_plants_non-redundant_pfms_meme.txt	MA0565.3	FUS3	ACATGCA	2.19e-1	1.00e0	9.27e2	339	206	206	206	1	173	83.98	166	80.58
754	data/reference/motifs/JASPAR2026_CORE_plants_non-redundant_pfms_meme.txt	MA0564.2	ABI3	GCATGC	2.25e-1	1.00e0	9.27e2	406	206	206	206	35	5	2.43	2	0.97
755	data/reference/motifs/JASPAR2026_CORE_plants_non-redundant_pfms_meme.txt	MA2013.2	ERF115	YCGCCGCCGCM	3.46e-1	1.00e0	9.27e2	185	206	206	206	1	95	46.12	90	43.69
756	data/reference/motifs/JASPAR2026_CORE_plants_non-redundant_pfms_meme.txt	MA2011.2	ERF010	CACCGACA	2.69e-1	1.00e0	9.27e2	381	206	206	206	3	135	65.53	128	62.14
757	data/reference/motifs/JASPAR2026_CORE_plants_non-redundant_pfms_meme.txt	MA1833.2	Zm00001d049364	CCGCCGCCGCC	3.12e-1	1.00e0	9.27e2	225	206	206	206	18	3	1.46	1	0.49
758	data/reference/motifs/JASPAR2026_CORE_plants_non-redundant_pfms_meme.txt	MA1831.2	Zm00001d031796	GACGGCGACG	2.12e-1	1.00e0	9.27e2	318	206	206	206	6	37	17.96	30	14.56
759	data/reference/motifs/JASPAR2026_CORE_plants_non-redundant_pfms_meme.txt	MA1820.2	Zm00001d024324	CGCCGCCGC	1.85e-1	1.00e0	9.27e2	249	206	206	206	2	93	45.15	83	40.29
760	data/reference/motifs/JASPAR2026_CORE_plants_non-redundant_pfms_meme.txt	MA1819.2	Zm00001d005892	CGCCGCCG	1.35e-1	1.00e0	9.27e2	282	206	206	206	4	62	30.10	51	24.76
761	data/reference/motifs/JASPAR2026_CORE_plants_non-redundant_pfms_meme.txt	MA1817.2	Zm00001d020267	CGCCGCCGCC	2.31e-1	1.00e0	9.27e2	245	206	206	206	4	45	21.84	38	18.45
762	data/reference/motifs/JASPAR2026_CORE_plants_non-redundant_pfms_meme.txt	MA1754.2	ERF073	CKCCGCCGCCR	3.31e-1	1.00e0	9.27e2	124	206	206	206	2	29	14.08	25	12.14
763	data/reference/motifs/JASPAR2026_CORE_plants_non-redundant_pfms_meme.txt	MA1748.2	DREB1F	GCCGAC	1.31e-1	1.00e0	9.27e2	397	206	206	206	9	82	39.81	70	33.98
764	data/reference/motifs/JASPAR2026_CORE_plants_non-redundant_pfms_meme.txt	MA1679.2	RAP2-1	CACCGACA	3.75e-1	1.00e0	9.27e2	365	206	206	206	11	6	2.91	4	1.94
765	data/reference/motifs/JASPAR2026_CORE_plants_non-redundant_pfms_meme.txt	MA1671.2	ERF118	CCGCCGCC	2.77e-1	1.00e0	9.27e2	298	206	206	206	2	101	49.03	94	45.63
766	data/reference/motifs/JASPAR2026_CORE_plants_non-redundant_pfms_meme.txt	MA1670.2	DREB1C	GCCGACAT	4.55e-1	1.00e0	9.27e2	384	206	206	206	6	55	26.70	53	25.73
767	data/reference/motifs/JASPAR2026_CORE_plants_non-redundant_pfms_meme.txt	MA1669.2	DREB1B	GCCGACAT	5.00e-1	1.00e0	9.27e2	377	206	206	206	15	2	0.97	1	0.49
768	data/reference/motifs/JASPAR2026_CORE_plants_non-redundant_pfms_meme.txt	MA1265.3	ERF015	CACCGACA	2.49e-1	1.00e0	9.27e2	357	206	206	206	15	2	0.97	0	0.00
769	data/reference/motifs/JASPAR2026_CORE_plants_non-redundant_pfms_meme.txt	MA1264.2	ERF095	RYGGCGGCGGHGG	2.49e-1	1.00e0	9.27e2	143	206	206	206	12	2	0.97	0	0.00
770	data/reference/motifs/JASPAR2026_CORE_plants_non-redundant_pfms_meme.txt	MA1262.2	ERF2	CCDCCGCCGCCRY	2.49e-1	1.00e0	9.27e2	197	206	206	206	11	2	0.97	0	0.00
771	data/reference/motifs/JASPAR2026_CORE_plants_non-redundant_pfms_meme.txt	MA1261.2	ERF122	TRCGGCKGHG	3.73e-1	1.00e0	9.27e2	371	206	206	206	2	148	71.84	144	69.90
772	data/reference/motifs/JASPAR2026_CORE_plants_non-redundant_pfms_meme.txt	MA1258.2	DREB2A	AWGKCGGTG	1.72e-1	1.00e0	9.27e2	274	206	206	206	2	72	34.95	62	30.10
773	data/reference/motifs/JASPAR2026_CORE_plants_non-redundant_pfms_meme.txt	MA1251.2	RAP2-9	CACCGACAW	3.04e-1	1.00e0	9.27e2	150	206	206	206	1	78	37.86	72	34.95
774	data/reference/motifs/JASPAR2026_CORE_plants_non-redundant_pfms_meme.txt	MA1250.2	DREB2D	CCDCCDCCACCGCC	2.49e-1	1.00e0	9.27e2	242	206	206	206	14	2	0.97	0	0.00
775	data/reference/motifs/JASPAR2026_CORE_plants_non-redundant_pfms_meme.txt	MA1247.2	ERF087	GRCGGCGGMG	3.80e-1	1.00e0	9.27e2	152	206	206	206	1	78	37.86	74	35.92
776	data/reference/motifs/JASPAR2026_CORE_plants_non-redundant_pfms_meme.txt	MA1246.2	LEP	CKCCGCCGYC	2.49e-1	1.00e0	9.27e2	237	206	206	206	16	2	0.97	0	0.00
777	data/reference/motifs/JASPAR2026_CORE_plants_non-redundant_pfms_meme.txt	MA1243.2	DREB2E	MACCGACWTW	2.49e-1	1.00e0	9.27e2	171	206	206	206	6	2	0.97	0	0.00
778	data/reference/motifs/JASPAR2026_CORE_plants_non-redundant_pfms_meme.txt	MA1240.2	ERF077	CCGCCGCCRY	1.60e-1	1.00e0	9.27e2	235	206	206	206	1	123	59.71	112	54.37
779	data/reference/motifs/JASPAR2026_CORE_plants_non-redundant_pfms_meme.txt	MA1238.3	ERF038	CACCGACA	2.49e-1	1.00e0	9.27e2	355	206	206	206	16	2	0.97	0	0.00
780	data/reference/motifs/JASPAR2026_CORE_plants_non-redundant_pfms_meme.txt	MA1233.3	ERF021	CGCCGACA	2.35e-1	1.00e0	9.27e2	394	206	206	206	1	199	96.60	195	94.66
781	data/reference/motifs/JASPAR2026_CORE_plants_non-redundant_pfms_meme.txt	MA1229.2	ERF034	TGTCGGTGR	2.09e-1	1.00e0	9.27e2	193	206	206	206	2	36	17.48	29	14.08
782	data/reference/motifs/JASPAR2026_CORE_plants_non-redundant_pfms_meme.txt	MA1227.3	ERF027	RCCGACA	4.10e-1	1.00e0	9.27e2	400	206	206	206	12	11	5.34	9	4.37
783	data/reference/motifs/JASPAR2026_CORE_plants_non-redundant_pfms_meme.txt	MA1220.2	TINY	YCACCGACA	3.50e-1	1.00e0	9.27e2	208	206	206	206	2	39	18.93	35	16.99
784	data/reference/motifs/JASPAR2026_CORE_plants_non-redundant_pfms_meme.txt	MA1218.2	DREB1D	ATGTCGGY	3.43e-1	1.00e0	9.27e2	211	206	206	206	5	4	1.94	2	0.97
785	data/reference/motifs/JASPAR2026_CORE_plants_non-redundant_pfms_meme.txt	MA1049.2	ERF094	MGCCGCC	3.25e-1	1.00e0	9.27e2	231	206	206	206	2	54	26.21	49	23.79
786	data/reference/motifs/JASPAR2026_CORE_plants_non-redundant_pfms_meme.txt	MA1005.3	ERF082	CCGCCGCCR	1.62e-1	1.00e0	9.27e2	296	206	206	206	1	153	74.27	143	69.42
787	data/reference/motifs/JASPAR2026_CORE_plants_non-redundant_pfms_meme.txt	MA1004.2	ERF13	SGCCGCC	1.67e-1	1.00e0	9.27e2	312	206	206	206	7	25	12.14	18	8.74
788	data/reference/motifs/JASPAR2026_CORE_plants_non-redundant_pfms_meme.txt	MA1001.4	ERF076	CCGCCGCCRC	1.99e-1	1.00e0	9.27e2	281	206	206	206	1	145	70.39	136	66.02
789	data/reference/motifs/JASPAR2026_CORE_plants_non-redundant_pfms_meme.txt	MA1000.3	ERF105	RYGGCGGCGG	2.49e-1	1.00e0	9.27e2	152	206	206	206	7	2	0.97	0	0.00
790	data/reference/motifs/JASPAR2026_CORE_plants_non-redundant_pfms_meme.txt	MA0998.2	ERF096	GCCGCC	2.09e-1	1.00e0	9.27e2	408	206	206	206	11	132	64.08	123	59.71
791	data/reference/motifs/JASPAR2026_CORE_plants_non-redundant_pfms_meme.txt	MA0997.2	ERF069	GCCG	1.56e-1	1.00e0	9.27e2	412	206	206	206	44	172	83.50	163	79.13
792	data/reference/motifs/JASPAR2026_CORE_plants_non-redundant_pfms_meme.txt	MA0995.3	ERF039	RCCGACA	1.86e-1	1.00e0	9.27e2	404	206	206	206	18	4	1.94	1	0.49
793	data/reference/motifs/JASPAR2026_CORE_plants_non-redundant_pfms_meme.txt	MA0994.3	ERF8	TGRCGGCGGCG	2.11e-1	1.00e0	9.27e2	245	206	206	206	1	127	61.65	118	57.28
794	data/reference/motifs/JASPAR2026_CORE_plants_non-redundant_pfms_meme.txt	MA0993.2	ERF7	GCCG	1.31e-1	1.00e0	9.27e2	412	206	206	206	27	171	83.01	161	78.16
795	data/reference/motifs/JASPAR2026_CORE_plants_non-redundant_pfms_meme.txt	MA0980.3	RAP2-10	RCCGACA	2.33e-1	1.00e0	9.27e2	398	206	206	206	3	140	67.96	132	64.08
796	data/reference/motifs/JASPAR2026_CORE_plants_non-redundant_pfms_meme.txt	MA0976.3	CRF4	CCGCCGCCRC	2.49e-1	1.00e0	9.27e2	269	206	206	206	24	2	0.97	0	0.00
797	data/reference/motifs/JASPAR2026_CORE_plants_non-redundant_pfms_meme.txt	MA0971.2	DREB1A	ATGTCGGY	3.09e-1	1.00e0	9.27e2	375	206	206	206	8	22	10.68	18	8.74
798	data/reference/motifs/JASPAR2026_CORE_plants_non-redundant_pfms_meme.txt	MA1751.2	EIL3	AGRTWCAT	2.64e-1	1.00e0	9.27e2	412	206	206	206	5	196	95.15	192	93.20
799	data/reference/motifs/JASPAR2026_CORE_plants_non-redundant_pfms_meme.txt	MA1376.2	DEAR3	CRCCGMC	1.16e-1	1.00e0	9.27e2	411	206	206	206	29	23	11.17	15	7.28
800	data/reference/motifs/JASPAR2026_CORE_plants_non-redundant_pfms_meme.txt	MA2005.2	NAC016	TVCKTGWBCYNCAMG	2.40e-1	1.00e0	9.27e2	175	206	206	206	3	20	9.71	15	7.28
801	data/reference/motifs/JASPAR2026_CORE_plants_non-redundant_pfms_meme.txt	MA2455.1	SPL9D	AGCGGTASTACCGC	4.06e-1	1.00e0	9.27e2	91	206	206	206	1	47	22.82	44	21.36
802	data/reference/motifs/JASPAR2026_CORE_plants_non-redundant_pfms_meme.txt	MA2454.1	SPL8D1	ATAGTACATA	1.52e-1	1.00e0	9.27e2	412	206	206	206	17	79	38.35	68	33.01
803	data/reference/motifs/JASPAR2026_CORE_plants_non-redundant_pfms_meme.txt	MA2453.1	SPL8B	ATAGTACTC	1.64e-1	1.00e0	9.27e2	398	206	206	206	8	34	16.50	26	12.62
804	data/reference/motifs/JASPAR2026_CORE_plants_non-redundant_pfms_meme.txt	MA2451.1	SPL7B	AGCGGTASTACCGCT	8.44e-1	1.00e0	9.27e2	26	206	206	206	1	11	5.34	15	7.28
805	data/reference/motifs/JASPAR2026_CORE_plants_non-redundant_pfms_meme.txt	MA2450.1	SPL7A	GTACTACCGCT	3.12e-1	1.00e0	9.27e2	329	206	206	206	1	167	81.07	162	78.64
806	data/reference/motifs/JASPAR2026_CORE_plants_non-redundant_pfms_meme.txt	MA2445.1	SPL4D	GGTACTACCGCT	1.81e-1	1.00e0	9.27e2	299	206	206	206	3	56	27.18	47	22.82
807	data/reference/motifs/JASPAR2026_CORE_plants_non-redundant_pfms_meme.txt	MA2442.1	SPL3B	AGCGGTASTACCGC	5.50e-1	1.00e0	9.27e2	80	206	206	206	1	40	19.42	40	19.42
808	data/reference/motifs/JASPAR2026_CORE_plants_non-redundant_pfms_meme.txt	MA2441.1	SPL3A	AGCGGTACTACC	3.33e-1	1.00e0	9.27e2	307	206	206	206	4	30	14.56	26	12.62
809	data/reference/motifs/JASPAR2026_CORE_plants_non-redundant_pfms_meme.txt	MA2438.1	SPL1D	GCRGTASTACCGCT	5.43e-1	1.00e0	9.27e2	122	206	206	206	1	61	29.61	61	29.61
810	data/reference/motifs/JASPAR2026_CORE_plants_non-redundant_pfms_meme.txt	MA2437.1	SPL19B	GCGGTASTACCGC	8.21e-1	1.00e0	9.27e2	32	206	206	206	1	14	6.80	18	8.74
811	data/reference/motifs/JASPAR2026_CORE_plants_non-redundant_pfms_meme.txt	MA2435.1	SPL16D	GCGGTASTACCGC	3.47e-1	1.00e0	9.27e2	148	206	206	206	2	37	17.96	33	16.02
812	data/reference/motifs/JASPAR2026_CORE_plants_non-redundant_pfms_meme.txt	MA2434.1	SPL16A	AGCGGTAGTAC	2.65e-1	1.00e0	9.27e2	334	206	206	206	1	170	82.52	164	79.61
813	data/reference/motifs/JASPAR2026_CORE_plants_non-redundant_pfms_meme.txt	MA2429.1	SPL13D	AGCGGTASTACCGCT	8.76e-1	1.00e0	9.27e2	23	206	206	206	3	1	0.49	2	0.97
814	data/reference/motifs/JASPAR2026_CORE_plants_non-redundant_pfms_meme.txt	MA2427.1	SPL12B	AGCGGTASTACCGC	4.03e-1	1.00e0	9.27e2	83	206	206	206	1	43	20.87	40	19.42
815	data/reference/motifs/JASPAR2026_CORE_plants_non-redundant_pfms_meme.txt	MA2426.1	SPL11B	AGCGGTASTACCGCT	7.15e-1	1.00e0	9.27e2	37	206	206	206	2	14	6.80	16	7.77
816	data/reference/motifs/JASPAR2026_CORE_plants_non-redundant_pfms_meme.txt	MA2424.1	OsbZIP77	TGCCACGTCABC	7.24e-1	1.00e0	9.27e2	185	206	206	206	1	90	43.69	95	46.12
817	data/reference/motifs/JASPAR2026_CORE_plants_non-redundant_pfms_meme.txt	MA2423.1	OsbZIP69	GMTGACGTGGCA	8.99e-1	1.00e0	9.27e2	192	206	206	206	2	25	12.14	33	16.02
818	data/reference/motifs/JASPAR2026_CORE_plants_non-redundant_pfms_meme.txt	MA2416.1	EREB29	GCCGCCGCCC	5.00e-1	1.00e0	9.27e2	225	206	206	206	20	2	0.97	1	0.49
819	data/reference/motifs/JASPAR2026_CORE_plants_non-redundant_pfms_meme.txt	MA2415.1	EREB138	CMGCCGCCAT	2.17e-1	1.00e0	9.27e2	341	206	206	206	1	174	84.47	167	81.07
820	data/reference/motifs/JASPAR2026_CORE_plants_non-redundant_pfms_meme.txt	MA2414.1	EREB127	TGCCGACA	2.54e-1	1.00e0	9.27e2	333	206	206	206	5	37	17.96	31	15.05
821	data/reference/motifs/JASPAR2026_CORE_plants_non-redundant_pfms_meme.txt	MA2412.1	ZmbZIP72	GATGACATCA	1.04e-1	1.00e0	9.27e2	407	206	206	206	3	181	87.86	171	83.01
822	data/reference/motifs/JASPAR2026_CORE_plants_non-redundant_pfms_meme.txt	MA2409.1	ZmbZIP25	GATGACATCA	2.60e-1	1.00e0	9.27e2	409	206	206	206	3	187	90.78	182	88.35
823	data/reference/motifs/JASPAR2026_CORE_plants_non-redundant_pfms_meme.txt	MA2404.1	OsTRBF3	WRMCCTA	1.82e-1	1.00e0	9.27e2	412	206	206	206	34	40	19.42	32	15.53
824	data/reference/motifs/JASPAR2026_CORE_plants_non-redundant_pfms_meme.txt	MA2402.1	OsERF104	GCCGY	2.99e-1	1.00e0	9.27e2	412	206	206	206	19	69	33.50	63	30.58
825	data/reference/motifs/JASPAR2026_CORE_plants_non-redundant_pfms_meme.txt	MA2401.1	Os05g0437700	MCACGTGK	1.85e-1	1.00e0	9.27e2	236	206	206	206	2	123	59.71	113	54.85
826	data/reference/motifs/JASPAR2026_CORE_plants_non-redundant_pfms_meme.txt	MA2398.1	AS2	CGGCGGMRRHDRCGGCGG	5.00e-1	1.00e0	9.27e2	129	206	206	206	12	2	0.97	1	0.49
827	data/reference/motifs/JASPAR2026_CORE_plants_non-redundant_pfms_meme.txt	MA2396.1	IDD1	TTTTGTCGTTTT	2.49e-1	1.00e0	9.27e2	330	206	206	206	7	2	0.97	0	0.00
828	data/reference/motifs/JASPAR2026_CORE_plants_non-redundant_pfms_meme.txt	MA2395.1	PHYPA_011264	CACCGACM	2.87e-1	1.00e0	9.27e2	265	206	206	206	5	8	3.88	5	2.43
829	data/reference/motifs/JASPAR2026_CORE_plants_non-redundant_pfms_meme.txt	MA2392.1	GRMZM2G135447	TGACRKS	9.77e-2	1.00e0	9.27e2	412	206	206	206	12	125	60.68	111	53.88
830	data/reference/motifs/JASPAR2026_CORE_plants_non-redundant_pfms_meme.txt	MA2390.1	GLYMA19G26560	GGSCCCAC	1.22e-1	1.00e0	9.27e2	410	206	206	206	13	24	11.65	16	7.77
831	data/reference/motifs/JASPAR2026_CORE_plants_non-redundant_pfms_meme.txt	MA2389.1	GBF1	ACGTGKM	1.81e-1	1.00e0	9.27e2	412	206	206	206	20	159	77.18	150	72.82
832	data/reference/motifs/JASPAR2026_CORE_plants_non-redundant_pfms_meme.txt	MA2388.1	GATA1	AGATCTRRWT	1.08e-1	1.00e0	9.27e2	391	206	206	206	14	5	2.43	1	0.49
833	data/reference/motifs/JASPAR2026_CORE_plants_non-redundant_pfms_meme.txt	MA2384.1	estExt_Genewise1.C_2060077	SACGTGK	2.15e-1	1.00e0	9.27e2	330	206	206	206	5	57	27.67	49	23.79
834	data/reference/motifs/JASPAR2026_CORE_plants_non-redundant_pfms_meme.txt	MA2382.1	e_gw1.209.40.1	CACGTG	1.15e-1	1.00e0	9.27e2	411	206	206	206	12	153	74.27	141	68.45
835	data/reference/motifs/JASPAR2026_CORE_plants_non-redundant_pfms_meme.txt	MA2380.1	DOF4.7	TWACTTTTT	3.46e-1	1.00e0	9.27e2	412	206	206	206	9	194	94.17	191	92.72
836	data/reference/motifs/JASPAR2026_CORE_plants_non-redundant_pfms_meme.txt	MA2374.1	AHL13	ATATAATT	2.75e-1	1.00e0	9.27e2	412	206	206	206	83	183	88.83	178	86.41
837	data/reference/motifs/JASPAR2026_CORE_plants_non-redundant_pfms_meme.txt	MA2372.1	AZF1	WCACTVWCW	2.49e-1	1.00e0	9.27e2	412	206	206	206	4	206	100.00	204	99.03
838	data/reference/motifs/JASPAR2026_CORE_plants_non-redundant_pfms_meme.txt	MA2371.1	MYB31	YAMCTMCCAACHAMH	1.01e-1	1.00e0	9.27e2	405	206	206	206	9	34	16.50	24	11.65
839	data/reference/motifs/JASPAR2026_CORE_plants_non-redundant_pfms_meme.txt	MA2370.1	MBD2	AGCTD	1.31e-1	1.00e0	9.27e2	412	206	206	206	58	194	94.17	187	90.78
840	data/reference/motifs/JASPAR2026_CORE_plants_non-redundant_pfms_meme.txt	MA2368.1	WRKY51	RGTCAA	1.65e-1	1.00e0	9.27e2	412	206	206	206	73	151	73.30	141	68.45
841	data/reference/motifs/JASPAR2026_CORE_plants_non-redundant_pfms_meme.txt	MA2367.1	WIP5	ACCTGGAGAAMAW	5.00e-1	1.00e0	9.27e2	411	206	206	206	9	108	52.43	107	51.94
842	data/reference/motifs/JASPAR2026_CORE_plants_non-redundant_pfms_meme.txt	MA2366.1	VOZ2	GCGT	8.72e-2	1.00e0	9.27e2	412	206	206	206	66	47	22.82	35	16.99
843	data/reference/motifs/JASPAR2026_CORE_plants_non-redundant_pfms_meme.txt	MA2364.1	VIT_15s0048g01150	GGGCCCAC	1.14e-1	1.00e0	9.27e2	403	206	206	206	14	12	5.83	6	2.91
844	data/reference/motifs/JASPAR2026_CORE_plants_non-redundant_pfms_meme.txt	MA2361.1	PRUPE_ppa000682mg	GTACGG	9.94e-2	1.00e0	9.27e2	412	206	206	206	44	102	49.51	88	42.72
845	data/reference/motifs/JASPAR2026_CORE_plants_non-redundant_pfms_meme.txt	MA2359.1	PK23829.1	TTATCCR	1.45e-1	1.00e0	9.27e2	412	206	206	206	8	29	14.08	21	10.19
846	data/reference/motifs/JASPAR2026_CORE_plants_non-redundant_pfms_meme.txt	MA2357.1	PK21687.1	WAAACCC	1.87e-1	1.00e0	9.27e2	412	206	206	206	31	99	48.06	89	43.20
847	data/reference/motifs/JASPAR2026_CORE_plants_non-redundant_pfms_meme.txt	MA2353.1	PK02532.1	WAATATCT	2.17e-1	1.00e0	9.27e2	397	206	206	206	6	39	18.93	32	15.53
848	data/reference/motifs/JASPAR2026_CORE_plants_non-redundant_pfms_meme.txt	MA2350.1	OsFBH1	CCACTTG	5.00e-1	1.00e0	9.27e2	151	206	206	206	4	2	0.97	1	0.49
849	data/reference/motifs/JASPAR2026_CORE_plants_non-redundant_pfms_meme.txt	MA2349.1	OsCCA1	AATATCT	2.72e-1	1.00e0	9.27e2	412	206	206	206	66	15	7.28	11	5.34
850	data/reference/motifs/JASPAR2026_CORE_plants_non-redundant_pfms_meme.txt	MA2106.1	Zm00001d024644	CCTTATCC	1.08e-1	1.00e0	9.27e2	412	206	206	206	27	5	2.43	1	0.49
851	data/reference/motifs/JASPAR2026_CORE_plants_non-redundant_pfms_meme.txt	MA2104.1	IDD11	AAAACGACAAAA	1.24e-1	1.00e0	9.27e2	377	206	206	206	9	3	1.46	0	0.00
852	data/reference/motifs/JASPAR2026_CORE_plants_non-redundant_pfms_meme.txt	MA2103.1	AT4G09450	TTATCY	1.24e-1	1.00e0	9.27e2	412	206	206	206	82	3	1.46	0	0.00
853	data/reference/motifs/JASPAR2026_CORE_plants_non-redundant_pfms_meme.txt	MA1800.1	TEM1	GCAACATA	2.04e-1	1.00e0	9.27e2	409	206	206	206	8	50	24.27	42	20.39
854	data/reference/motifs/JASPAR2026_CORE_plants_non-redundant_pfms_meme.txt	MA1797.1	RAV2	GCAACATA	2.69e-1	1.00e0	9.27e2	330	206	206	206	1	168	81.55	162	78.64
855	data/reference/motifs/JASPAR2026_CORE_plants_non-redundant_pfms_meme.txt	MA1792.1	NAC098	CKTGTNNHACACGTHA	2.49e-1	1.00e0	9.27e2	204	206	206	206	6	2	0.97	0	0.00
856	data/reference/motifs/JASPAR2026_CORE_plants_non-redundant_pfms_meme.txt	MA1791.1	NAC087	TTDCTTGTNNNACACGYWA	5.00e-1	1.00e0	9.27e2	112	206	206	206	2	25	12.14	24	11.65
857	data/reference/motifs/JASPAR2026_CORE_plants_non-redundant_pfms_meme.txt	MA1790.1	NAC073	CTTSWYBHWCAMGYT	1.84e-1	1.00e0	9.27e2	374	206	206	206	4	91	44.17	81	39.32
858	data/reference/motifs/JASPAR2026_CORE_plants_non-redundant_pfms_meme.txt	MA1749.1	E2FC	AWDWWGGCGCCAAAA	5.60e-1	1.00e0	9.27e2	50	206	206	206	1	25	12.14	25	12.14
859	data/reference/motifs/JASPAR2026_CORE_plants_non-redundant_pfms_meme.txt	MA1741.1	BRN2	CTTGWWHYDYACGYWA	2.72e-1	1.00e0	9.27e2	333	206	206	206	7	7	3.40	4	1.94
860	data/reference/motifs/JASPAR2026_CORE_plants_non-redundant_pfms_meme.txt	MA1686.1	ARF13	ARCGGGGGACAYGT	5.71e-1	1.00e0	9.27e2	130	206	206	206	2	17	8.25	17	8.25
861	data/reference/motifs/JASPAR2026_CORE_plants_non-redundant_pfms_meme.txt	MA2092.1	PK27149.1	TGACGTGK	2.40e-1	1.00e0	9.27e2	377	206	206	206	1	191	92.72	186	90.29
862	data/reference/motifs/JASPAR2026_CORE_plants_non-redundant_pfms_meme.txt	MA2091.1	PK27109.1	GACAGCTG	1.39e-1	1.00e0	9.27e2	389	206	206	206	5	106	51.46	94	45.63
863	data/reference/motifs/JASPAR2026_CORE_plants_non-redundant_pfms_meme.txt	MA2090.1	PK26523.1	ATTCY	1.24e-1	1.00e0	9.27e2	412	206	206	206	54	206	100.00	203	98.54
864	data/reference/motifs/JASPAR2026_CORE_plants_non-redundant_pfms_meme.txt	MA2089.1	PK25870.1	RGTCAAM	1.24e-1	1.00e0	9.27e2	412	206	206	206	25	3	1.46	0	0.00
865	data/reference/motifs/JASPAR2026_CORE_plants_non-redundant_pfms_meme.txt	MA2088.1	PK24580.1	GCCGGCA	3.40e-1	1.00e0	9.27e2	114	206	206	206	3	14	6.80	11	5.34
866	data/reference/motifs/JASPAR2026_CORE_plants_non-redundant_pfms_meme.txt	MA2087.1	PK24205.1	CACGTGKC	4.07e-1	1.00e0	9.27e2	203	206	206	206	2	48	23.30	45	21.84
867	data/reference/motifs/JASPAR2026_CORE_plants_non-redundant_pfms_meme.txt	MA2084.1	PK23009.1	CTTTW	1.01e-1	1.00e0	9.27e2	412	206	206	206	131	174	84.47	163	79.13
868	data/reference/motifs/JASPAR2026_CORE_plants_non-redundant_pfms_meme.txt	MA2083.1	PK21166.1	YACCTACY	1.37e-1	1.00e0	9.27e2	412	206	206	206	24	14	6.80	8	3.88
869	data/reference/motifs/JASPAR2026_CORE_plants_non-redundant_pfms_meme.txt	MA2082.1	PK20392.1	AATMAT	1.79e-1	1.00e0	9.27e2	412	206	206	206	73	193	93.69	187	90.78
870	data/reference/motifs/JASPAR2026_CORE_plants_non-redundant_pfms_meme.txt	MA2079.1	PK19717.1	GGGSCCCMC	1.24e-1	1.00e0	9.27e2	388	206	206	206	19	3	1.46	0	0.00
871	data/reference/motifs/JASPAR2026_CORE_plants_non-redundant_pfms_meme.txt	MA2076.1	PK18401.1	GCACGTGG	2.19e-1	1.00e0	9.27e2	392	206	206	206	3	154	74.76	146	70.87
872	data/reference/motifs/JASPAR2026_CORE_plants_non-redundant_pfms_meme.txt	MA2075.1	PK18009.1	ACACGTG	3.11e-1	1.00e0	9.27e2	412	206	206	206	13	113	54.85	107	51.94
873	data/reference/motifs/JASPAR2026_CORE_plants_non-redundant_pfms_meme.txt	MA2074.1	PK17878.1	CGCCGCCA	2.33e-1	1.00e0	9.27e2	220	206	206	206	3	30	14.56	24	11.65
874	data/reference/motifs/JASPAR2026_CORE_plants_non-redundant_pfms_meme.txt	MA2072.1	PK16335.1	GACAGCTG	5.00e-1	1.00e0	9.27e2	408	206	206	206	18	5	2.43	4	1.94
875	data/reference/motifs/JASPAR2026_CORE_plants_non-redundant_pfms_meme.txt	MA2071.1	PK15505.1	GCACGTGT	3.58e-1	1.00e0	9.27e2	86	206	206	206	2	45	21.84	41	19.90
876	data/reference/motifs/JASPAR2026_CORE_plants_non-redundant_pfms_meme.txt	MA2068.1	PK10344.1	GGGACCAC	5.00e-1	1.00e0	9.27e2	142	206	206	206	2	21	10.19	20	9.71
877	data/reference/motifs/JASPAR2026_CORE_plants_non-redundant_pfms_meme.txt	MA2066.1	PK09021.1	TGACGTCA	7.51e-1	1.00e0	9.27e2	119	206	206	206	3	1	0.49	1	0.49
878	data/reference/motifs/JASPAR2026_CORE_plants_non-redundant_pfms_meme.txt	MA2060.1	PK05451.1	CCACGTGM	3.58e-1	1.00e0	9.27e2	86	206	206	206	2	45	21.84	41	19.90
879	data/reference/motifs/JASPAR2026_CORE_plants_non-redundant_pfms_meme.txt	MA2059.1	PK05432.1	RGTCAA	3.03e-1	1.00e0	9.27e2	412	206	206	206	44	136	66.02	130	63.11
880	data/reference/motifs/JASPAR2026_CORE_plants_non-redundant_pfms_meme.txt	MA2056.1	PK01144.1	CTTT	9.43e-2	1.00e0	9.27e2	412	206	206	206	209	184	89.32	174	84.47
881	data/reference/motifs/JASPAR2026_CORE_plants_non-redundant_pfms_meme.txt	MA2055.1	PK00315.1	GACAGCTR	2.23e-1	1.00e0	9.27e2	412	206	206	206	3	200	97.09	196	95.15
882	data/reference/motifs/JASPAR2026_CORE_plants_non-redundant_pfms_meme.txt	MA1384.1	PHL7	AAARGAATATTCY	1.61e-1	1.00e0	9.27e2	338	206	206	206	2	120	58.25	109	52.91
883	data/reference/motifs/JASPAR2026_CORE_plants_non-redundant_pfms_meme.txt	MA1380.1	TCX6	WTTTAAATTTTTWAA	1.42e-1	1.00e0	9.27e2	408	206	206	206	19	6	2.91	2	0.97
884	data/reference/motifs/JASPAR2026_CORE_plants_non-redundant_pfms_meme.txt	MA1379.1	SOL1	WTTWAAAATTTAAAW	1.69e-1	1.00e0	9.27e2	402	206	206	206	1	203	98.54	199	96.60
885	data/reference/motifs/JASPAR2026_CORE_plants_non-redundant_pfms_meme.txt	MA1373.1	GAF1	HABWAAACGACAAAA	1.85e-1	1.00e0	9.27e2	324	206	206	206	5	13	6.31	8	3.88
886	data/reference/motifs/JASPAR2026_CORE_plants_non-redundant_pfms_meme.txt	MA1350.1	BZIP42	TGCTGACGTGGC	8.50e-1	1.00e0	9.27e2	52	206	206	206	1	23	11.17	29	14.08
887	data/reference/motifs/JASPAR2026_CORE_plants_non-redundant_pfms_meme.txt	MA1348.1	TGA9	GMTGACGTCAY	2.78e-1	1.00e0	9.27e2	153	206	206	206	2	29	14.08	24	11.65
888	data/reference/motifs/JASPAR2026_CORE_plants_non-redundant_pfms_meme.txt	MA1339.1	BZIP43	GCCACGTCAGCA	8.71e-1	1.00e0	9.27e2	78	206	206	206	1	35	16.99	43	20.87
889	data/reference/motifs/JASPAR2026_CORE_plants_non-redundant_pfms_meme.txt	MA1335.1	TGA4	TGACGTCAKCA	2.28e-1	1.00e0	9.27e2	330	206	206	206	5	18	8.74	13	6.31
890	data/reference/motifs/JASPAR2026_CORE_plants_non-redundant_pfms_meme.txt	MA1324.1	GATA20	ATCSGATC	1.86e-1	1.00e0	9.27e2	353	206	206	206	18	4	1.94	1	0.49
891	data/reference/motifs/JASPAR2026_CORE_plants_non-redundant_pfms_meme.txt	MA1274.1	DOF3.6	TTTWCTTTTTHHYTTTTTTTT	1.11e-1	1.00e0	9.27e2	412	206	206	206	20	135	65.53	122	59.22
892	data/reference/motifs/JASPAR2026_CORE_plants_non-redundant_pfms_meme.txt	MA1242.1	DREB2F	CCDCCACCGCC	2.49e-1	1.00e0	9.27e2	192	206	206	206	9	2	0.97	0	0.00
893	data/reference/motifs/JASPAR2026_CORE_plants_non-redundant_pfms_meme.txt	MA1235.1	AIL7	CGNWTYYCGAG	5.00e-1	1.00e0	9.27e2	407	206	206	206	12	9	4.37	8	3.88
894	data/reference/motifs/JASPAR2026_CORE_plants_non-redundant_pfms_meme.txt	MA1225.1	ERF5	CCDCCGCCGCCGCCR	2.49e-1	1.00e0	9.27e2	147	206	206	206	13	2	0.97	0	0.00
895	data/reference/motifs/JASPAR2026_CORE_plants_non-redundant_pfms_meme.txt	MA1222.1	ERF014	CCDCCDCCACCGMCA	2.43e-1	1.00e0	9.27e2	178	206	206	206	1	93	45.15	85	41.26
896	data/reference/motifs/JASPAR2026_CORE_plants_non-redundant_pfms_meme.txt	MA1221.1	RAP2-6	TKGCGGCGGMGGHGG	5.00e-1	1.00e0	9.27e2	137	206	206	206	1	69	33.50	68	33.01
897	data/reference/motifs/JASPAR2026_CORE_plants_non-redundant_pfms_meme.txt	MA1162.1	TCX2	WTTYAAAATTYAAAW	1.16e-1	1.00e0	9.27e2	402	206	206	206	12	23	11.17	15	7.28
898	data/reference/motifs/JASPAR2026_CORE_plants_non-redundant_pfms_meme.txt	MA1097.1	ARALYDRAFT_493022	GGSMCCAC	1.85e-1	1.00e0	9.27e2	275	206	206	206	3	41	19.90	33	16.02
899	data/reference/motifs/JASPAR2026_CORE_plants_non-redundant_pfms_meme.txt	MA1096.1	ARALYDRAFT_496250	GGGACCAC	5.86e-1	1.00e0	9.27e2	143	206	206	206	2	11	5.34	11	5.34
900	data/reference/motifs/JASPAR2026_CORE_plants_non-redundant_pfms_meme.txt	MA1091.1	WRKY62	TGGTCAAC	1.84e-1	1.00e0	9.27e2	384	206	206	206	2	157	76.21	148	71.84
901	data/reference/motifs/JASPAR2026_CORE_plants_non-redundant_pfms_meme.txt	MA1075.1	WRKY12	CGTTGACC	1.46e-1	1.00e0	9.27e2	412	206	206	206	17	10	4.85	5	2.43
902	data/reference/motifs/JASPAR2026_CORE_plants_non-redundant_pfms_meme.txt	MA1067.1	TCP5	GGGACCAC	2.34e-1	1.00e0	9.27e2	239	206	206	206	3	19	9.22	14	6.80
903	data/reference/motifs/JASPAR2026_CORE_plants_non-redundant_pfms_meme.txt	MA1050.1	OsI_08196	GGGCCCAC	1.01e-1	1.00e0	9.27e2	358	206	206	206	8	11	5.34	5	2.43
904	data/reference/motifs/JASPAR2026_CORE_plants_non-redundant_pfms_meme.txt	MA1046.1	NTL9	TTAAGTAAT	2.63e-1	1.00e0	9.27e2	336	206	206	206	1	171	83.01	165	80.10
905	data/reference/motifs/JASPAR2026_CORE_plants_non-redundant_pfms_meme.txt	MA1035.1	TCP4	GGGACCAC	2.55e-1	1.00e0	9.27e2	249	206	206	206	3	23	11.17	18	8.74
906	data/reference/motifs/JASPAR2026_CORE_plants_non-redundant_pfms_meme.txt	MA1034.1	Os05g0497200	CGSCGCCR	5.00e-1	1.00e0	9.27e2	103	206	206	206	13	1	0.49	0	0.00
907	data/reference/motifs/JASPAR2026_CORE_plants_non-redundant_pfms_meme.txt	MA1033.1	OJ1058_F05.8	MCACGTGK	1.85e-1	1.00e0	9.27e2	236	206	206	206	2	123	59.71	113	54.85
908	data/reference/motifs/JASPAR2026_CORE_plants_non-redundant_pfms_meme.txt	MA1014.1	GATA11	TAGATCTG	1.57e-1	1.00e0	9.27e2	242	206	206	206	4	32	15.53	24	11.65
909	data/reference/motifs/JASPAR2026_CORE_plants_non-redundant_pfms_meme.txt	MA1009.1	ARF3	TGTCGGAA	2.87e-1	1.00e0	9.27e2	400	206	206	206	11	8	3.88	5	2.43
910	data/reference/motifs/JASPAR2026_CORE_plants_non-redundant_pfms_meme.txt	MA0986.1	DREB2C	CACCGACA	5.00e-1	1.00e0	9.27e2	393	206	206	206	15	4	1.94	3	1.46
911	data/reference/motifs/JASPAR2026_CORE_plants_non-redundant_pfms_meme.txt	MA0978.1	DREB1E	ATGTCGGC	2.49e-1	1.00e0	9.27e2	301	206	206	206	9	2	0.97	0	0.00
912	data/reference/motifs/JASPAR2026_CORE_plants_non-redundant_pfms_meme.txt	MA0977.1	DOF2.5	AWAAAGTG	1.41e-1	1.00e0	9.27e2	412	206	206	206	17	186	90.29	178	86.41
913	data/reference/motifs/JASPAR2026_CORE_plants_non-redundant_pfms_meme.txt	MA0963.1	bHLH78	GCACGTGC	2.74e-1	1.00e0	9.27e2	171	206	206	206	2	89	43.20	82	39.81
914	data/reference/motifs/JASPAR2026_CORE_plants_non-redundant_pfms_meme.txt	MA0952.1	ATHB-51	AATWATTG	1.24e-1	1.00e0	9.27e2	412	206	206	206	5	206	100.00	203	98.54
915	data/reference/motifs/JASPAR2026_CORE_plants_non-redundant_pfms_meme.txt	MA0951.1	ATHB-16	TAATMATT	2.08e-1	1.00e0	9.27e2	411	206	206	206	4	201	97.57	197	95.63
916	data/reference/motifs/JASPAR2026_CORE_plants_non-redundant_pfms_meme.txt	MA0947.1	ARR14	AGATWCGS	3.38e-1	1.00e0	9.27e2	392	206	206	206	3	140	67.96	135	65.53
917	data/reference/motifs/JASPAR2026_CORE_plants_non-redundant_pfms_meme.txt	MA0946.1	ARR11	AAGATACG	5.00e-1	1.00e0	9.27e2	411	206	206	206	13	6	2.91	5	2.43
918	data/reference/motifs/JASPAR2026_CORE_plants_non-redundant_pfms_meme.txt	MA0935.1	NAC025	YACGTAAY	2.01e-1	1.00e0	9.27e2	345	206	206	206	3	73	35.44	64	31.07
919	data/reference/motifs/JASPAR2026_CORE_plants_non-redundant_pfms_meme.txt	MA0934.1	AHL25	AWTTAAWT	1.24e-1	1.00e0	9.27e2	412	206	206	206	276	3	1.46	0	0.00
920	data/reference/motifs/JASPAR2026_CORE_plants_non-redundant_pfms_meme.txt	MA0933.1	AHL20	AATTAAWT	1.64e-1	1.00e0	9.27e2	412	206	206	206	56	195	94.66	189	91.75
921	data/reference/motifs/JASPAR2026_CORE_plants_non-redundant_pfms_meme.txt	MA0580.1	DYT1	MGTGAGWCACGTGA	7.86e-1	1.00e0	9.27e2	104	206	206	206	1	49	23.79	55	26.70
922	data/reference/motifs/JASPAR2026_CORE_plants_non-redundant_pfms_meme.txt	MA0129.1	TGA1A	HACGTCA	3.43e-1	1.00e0	9.27e2	412	206	206	206	30	4	1.94	2	0.97
923	data/reference/motifs/JASPAR2026_CORE_plants_non-redundant_pfms_meme.txt	MA0128.1	EmBP-1	ASACGTGG	2.23e-1	1.00e0	9.27e2	385	206	206	206	8	10	4.85	6	2.91
924	data/reference/motifs/JASPAR2026_CORE_plants_non-redundant_pfms_meme.txt	MA0123.1	abi4	CGSYGCCCCC	2.48e-1	1.00e0	9.27e2	348	206	206	206	1	177	85.92	171	83.01
925	data/reference/motifs/JASPAR2026_CORE_plants_non-redundant_pfms_meme.txt	MA0097.1	bZIP911	GRTGACGTGGMC	7.66e-1	1.00e0	9.27e2	33	206	206	206	1	15	7.28	18	8.74
926	data/reference/motifs/JASPAR2026_CORE_plants_non-redundant_pfms_meme.txt	MA0096.1	bZIP910	MTGACGT	8.39e-1	1.00e0	9.27e2	189	206	206	206	1	90	43.69	99	48.06
927	data/reference/motifs/JASPAR2026_CORE_plants_non-redundant_pfms_meme.txt	MA0021.1	Dof3	AAAGYV	2.56e-1	1.00e0	9.27e2	412	206	206	206	16	38	18.45	32	15.53

# AME (Analysis of Motif Enrichment): Version 5.5.9 compiled on May 27 2026 at 12:40:54
# The format of this file is described at https://meme-suite.org/meme/doc/ame-output-format.html.
# ame --verbose 1 --text --control results/evidence/motifs/inputs/backgrounds/2000/replicate_088.fa --method fisher --scoring totalhits --hit-lo-fraction 0.25 --evalue-report-threshold 1000000 --noseq results/evidence/motifs/inputs/frozen_candidates_2000bp.fa data/reference/motifs/JASPAR2026_CORE_plants_non-redundant_pfms_meme.txt
