2	data/reference/motifs/JASPAR2026_CORE_plants_non-redundant_pfms_meme.txt	MA0966.2	BIM3	CACGTG	2.43e-5	9.96e-3	9.23e0	412	206	206	206	36	49	23.79	18	8.74
3	data/reference/motifs/JASPAR2026_CORE_plants_non-redundant_pfms_meme.txt	MA2397.1	ILR3	CACGTG	5.00e-5	2.04e-2	1.89e1	412	206	206	206	54	22	10.68	3	1.46
4	data/reference/motifs/JASPAR2026_CORE_plants_non-redundant_pfms_meme.txt	MA2382.1	e_gw1.209.40.1	CACGTG	8.30e-5	3.35e-2	3.11e1	411	206	206	206	24	42	20.39	15	7.28
5	data/reference/motifs/JASPAR2026_CORE_plants_non-redundant_pfms_meme.txt	MA1785.2	NAC018	ACACGYAACY	2.45e-4	9.01e-2	8.35e1	385	206	206	206	8	27	13.11	7	3.40
6	data/reference/motifs/JASPAR2026_CORE_plants_non-redundant_pfms_meme.txt	MA1011.2	PHYPADRAFT_72483	CACGTG	2.67e-4	1.04e-1	9.65e1	412	206	206	206	52	48	23.30	21	10.19
7	data/reference/motifs/JASPAR2026_CORE_plants_non-redundant_pfms_meme.txt	MA0956.2	BEE2	CACGTG	3.36e-4	1.29e-1	1.20e2	412	206	206	206	50	39	18.93	15	7.28
8	data/reference/motifs/JASPAR2026_CORE_plants_non-redundant_pfms_meme.txt	MA0941.2	ABF2	ACACGTG	6.60e-4	2.38e-1	2.20e2	411	206	206	206	15	88	42.72	56	27.18
9	data/reference/motifs/JASPAR2026_CORE_plants_non-redundant_pfms_meme.txt	MA1360.3	bHLH74	CACGTG	9.02e-4	2.63e-1	2.44e2	339	206	206	206	5	70	33.98	41	19.90
10	data/reference/motifs/JASPAR2026_CORE_plants_non-redundant_pfms_meme.txt	MA2376.1	CAMTA5	CGYGTNDDAWVCGYGT	9.85e-4	2.77e-1	2.57e2	329	206	206	206	4	65	31.55	37	17.96
11	data/reference/motifs/JASPAR2026_CORE_plants_non-redundant_pfms_meme.txt	MA0988.2	PHYPADRAFT_143875	CACGTG	8.02e-4	2.80e-1	2.60e2	410	206	206	206	22	44	21.36	20	9.71
12	data/reference/motifs/JASPAR2026_CORE_plants_non-redundant_pfms_meme.txt	MA1767.2	MYB23	CAACWA	9.04e-4	3.11e-1	2.88e2	412	206	206	206	9	139	67.48	107	51.94
13	data/reference/motifs/JASPAR2026_CORE_plants_non-redundant_pfms_meme.txt	MA1807.2	ZHD10	TAATTART	9.61e-4	3.25e-1	3.01e2	409	206	206	206	2	204	99.03	191	92.72
14	data/reference/motifs/JASPAR2026_CORE_plants_non-redundant_pfms_meme.txt	MA2343.1	MYB3R3	CGCCGTTA	1.23e-3	3.97e-1	3.68e2	412	206	206	206	8	140	67.96	109	52.91
15	data/reference/motifs/JASPAR2026_CORE_plants_non-redundant_pfms_meme.txt	MA2081.1	PK20317.1	CKTTW	1.28e-3	4.10e-1	3.80e2	412	206	206	206	119	138	66.99	107	51.94
16	data/reference/motifs/JASPAR2026_CORE_plants_non-redundant_pfms_meme.txt	MA0987.2	PHYPADRAFT_140773	AAAG	1.35e-3	4.26e-1	3.95e2	412	206	206	206	121	200	97.09	184	89.32
17	data/reference/motifs/JASPAR2026_CORE_plants_non-redundant_pfms_meme.txt	MA2381.1	e_gw1.170.52.1	CTTT	1.35e-3	4.26e-1	3.95e2	412	206	206	206	121	200	97.09	184	89.32
18	data/reference/motifs/JASPAR2026_CORE_plants_non-redundant_pfms_meme.txt	MA0034.2	Gam1	YAACCGMC	1.79e-3	5.21e-1	4.83e2	412	206	206	206	30	9	4.37	0	0.00
19	data/reference/motifs/JASPAR2026_CORE_plants_non-redundant_pfms_meme.txt	MA1784.1	NAC011	GTTGCTTSWNHHDCAAGYAAC	1.60e-2	5.60e-1	5.19e2	51	206	206	206	2	12	5.83	3	1.46
20	data/reference/motifs/JASPAR2026_CORE_plants_non-redundant_pfms_meme.txt	MA1061.2	SPT	CCACGTG	2.14e-3	5.83e-1	5.40e2	409	206	206	206	13	80	38.83	52	25.24
21	data/reference/motifs/JASPAR2026_CORE_plants_non-redundant_pfms_meme.txt	MA1403.1	BPC5	AGAGAGAGAGAGAGAGAGAGAGAGAGAGAG	5.32e-2	6.65e-1	6.17e2	20	206	206	206	1	14	6.80	6	2.91
22	data/reference/motifs/JASPAR2026_CORE_plants_non-redundant_pfms_meme.txt	MA0568.2	MYC3	CACGTG	2.74e-3	6.75e-1	6.25e2	409	206	206	206	10	169	82.04	144	69.90
23	data/reference/motifs/JASPAR2026_CORE_plants_non-redundant_pfms_meme.txt	MA0566.2	MYC2	AACACGTGA	2.76e-3	6.78e-1	6.28e2	410	206	206	206	7	127	61.65	98	47.57
24	data/reference/motifs/JASPAR2026_CORE_plants_non-redundant_pfms_meme.txt	MA1065.3	TCP20	GTGGGWCCCAC	5.35e-3	6.90e-1	6.40e2	219	206	206	206	7	10	4.85	1	0.49
25	data/reference/motifs/JASPAR2026_CORE_plants_non-redundant_pfms_meme.txt	MA0983.2	DOF5.6	AAMG	2.85e-3	6.91e-1	6.41e2	412	206	206	206	97	34	16.50	15	7.28
26	data/reference/motifs/JASPAR2026_CORE_plants_non-redundant_pfms_meme.txt	MA0937.1	NAC055	ACACGTAA	3.66e-3	7.78e-1	7.21e2	411	206	206	206	17	20	9.71	6	2.91
27	data/reference/motifs/JASPAR2026_CORE_plants_non-redundant_pfms_meme.txt	MA2650.1	GLYMA-05G027400	GTGGGCCCCAC	7.42e-3	7.93e-1	7.35e2	212	206	206	206	6	7	3.40	0	0.00
28	data/reference/motifs/JASPAR2026_CORE_plants_non-redundant_pfms_meme.txt	MA2749.1	TraesCS2D02G576500	GAAGCAAC	3.99e-3	8.06e-1	7.47e2	411	206	206	206	4	198	96.12	183	88.83
29	data/reference/motifs/JASPAR2026_CORE_plants_non-redundant_pfms_meme.txt	MA1296.2	WRKY46	CGTTGACTTT	5.35e-3	8.27e-1	7.67e2	328	206	206	206	6	10	4.85	1	0.49
30	data/reference/motifs/JASPAR2026_CORE_plants_non-redundant_pfms_meme.txt	MA2105.1	GLYMA-13G317000	ACACGT	4.45e-3	8.27e-1	7.67e2	394	206	206	206	7	64	31.07	40	19.42
31	data/reference/motifs/JASPAR2026_CORE_plants_non-redundant_pfms_meme.txt	MA1276.2	DOF3.5	AWAAAGK	4.35e-3	8.33e-1	7.72e2	412	206	206	206	9	151	73.30	125	60.68
32	data/reference/motifs/JASPAR2026_CORE_plants_non-redundant_pfms_meme.txt	MA2014.2	BAM8	CACACGTGY	6.28e-3	8.46e-1	7.84e2	298	206	206	206	3	83	40.29	58	28.16
33	data/reference/motifs/JASPAR2026_CORE_plants_non-redundant_pfms_meme.txt	MA2637.1	FUL::AG::SEP3	WTWCCAWAAATAGAAA	4.68e-3	8.52e-1	7.90e2	409	206	206	206	8	65	31.55	41	19.90
34	data/reference/motifs/JASPAR2026_CORE_plants_non-redundant_pfms_meme.txt	MA1328.1	ZHD9	WTWAWHNVYTAATYA	4.81e-3	8.62e-1	7.99e2	412	206	206	206	9	157	76.21	132	64.08
35	data/reference/motifs/JASPAR2026_CORE_plants_non-redundant_pfms_meme.txt	MA2373.1	AZF2	ASTG	4.87e-3	8.66e-1	8.03e2	412	206	206	206	160	187	90.78	168	81.55
36	data/reference/motifs/JASPAR2026_CORE_plants_non-redundant_pfms_meme.txt	MA2421.1	SBP8	ARGTACAA	5.05e-3	8.74e-1	8.11e2	411	206	206	206	14	24	11.65	9	4.37
37	data/reference/motifs/JASPAR2026_CORE_plants_non-redundant_pfms_meme.txt	MA2480.1	GLYMA-04G093300	CTAATC	5.15e-3	8.77e-1	8.13e2	407	206	206	206	7	76	36.89	51	24.76
38	data/reference/motifs/JASPAR2026_CORE_plants_non-redundant_pfms_meme.txt	MA0053.1	MNB1A	AAAGC	5.12e-3	8.79e-1	8.15e2	412	206	206	206	27	67	32.52	43	20.87
39	data/reference/motifs/JASPAR2026_CORE_plants_non-redundant_pfms_meme.txt	MA2075.1	PK18009.1	ACACGTG	5.14e-3	8.80e-1	8.15e2	412	206	206	206	13	113	54.85	86	41.75
40	data/reference/motifs/JASPAR2026_CORE_plants_non-redundant_pfms_meme.txt	MA2080.1	PK20225.1	CACGTG	5.35e-3	8.90e-1	8.25e2	412	206	206	206	46	10	4.85	1	0.49
41	data/reference/motifs/JASPAR2026_CORE_plants_non-redundant_pfms_meme.txt	MA2672.1	GLYMA-01G233000	AGAASCTTCT	5.88e-3	9.05e-1	8.39e2	400	206	206	206	2	194	94.17	178	86.41
42	data/reference/motifs/JASPAR2026_CORE_plants_non-redundant_pfms_meme.txt	MA0555.2	SVP	WWWCCAAAAAWGGAAA	6.05e-3	9.08e-1	8.41e2	394	206	206	206	4	97	47.09	71	34.47
43	data/reference/motifs/JASPAR2026_CORE_plants_non-redundant_pfms_meme.txt	MA1174.2	MYB56	ATAACGGWHW	5.92e-3	9.12e-1	8.45e2	410	206	206	206	11	19	9.22	6	2.91
44	data/reference/motifs/JASPAR2026_CORE_plants_non-redundant_pfms_meme.txt	MA2073.1	PK16340.1	CKTT	6.20e-3	9.22e-1	8.55e2	412	206	206	206	197	25	12.14	10	4.85
45	data/reference/motifs/JASPAR2026_CORE_plants_non-redundant_pfms_meme.txt	MA1062.3	TCP15	GTGGGWCCCAC	1.21e-2	9.23e-1	8.56e2	213	206	206	206	5	19	9.22	7	3.40
46	data/reference/motifs/JASPAR2026_CORE_plants_non-redundant_pfms_meme.txt	MA1326.2	ZHD5	GTRATTAR	6.26e-3	9.24e-1	8.57e2	412	206	206	206	7	188	91.26	170	82.52
47	data/reference/motifs/JASPAR2026_CORE_plants_non-redundant_pfms_meme.txt	MA2736.1	la3	AACACGTG	6.83e-3	9.36e-1	8.67e2	402	206	206	206	6	118	57.28	92	44.66
48	data/reference/motifs/JASPAR2026_CORE_plants_non-redundant_pfms_meme.txt	MA1400.2	AT1G19000	WWWTGGATAAGRW	7.42e-3	9.45e-1	8.76e2	391	206	206	206	9	7	3.40	0	0.00
49	data/reference/motifs/JASPAR2026_CORE_plants_non-redundant_pfms_meme.txt	MA0569.2	MYC4	CACGTGC	7.77e-3	9.47e-1	8.78e2	379	206	206	206	9	23	11.17	9	4.37
50	data/reference/motifs/JASPAR2026_CORE_plants_non-redundant_pfms_meme.txt	MA0560.2	PIF3	CCACGTG	1.07e-2	9.48e-1	8.79e2	276	206	206	206	2	98	47.57	74	35.92
51	data/reference/motifs/JASPAR2026_CORE_plants_non-redundant_pfms_meme.txt	MA2393.1	PHYPA_008731	CACGTGC	1.07e-2	9.48e-1	8.79e2	276	206	206	206	2	98	47.57	74	35.92
52	data/reference/motifs/JASPAR2026_CORE_plants_non-redundant_pfms_meme.txt	MA2090.1	PK26523.1	ATTCY	7.42e-3	9.53e-1	8.83e2	412	206	206	206	54	206	100.00	199	96.60
53	data/reference/motifs/JASPAR2026_CORE_plants_non-redundant_pfms_meme.txt	MA2640.1	GLYMA-19G062000	GTAACAGTTAC	7.97e-3	9.57e-1	8.87e2	396	206	206	206	2	192	93.20	176	85.44
54	data/reference/motifs/JASPAR2026_CORE_plants_non-redundant_pfms_meme.txt	MA2405.1	OsMSL08	GTAAAW	7.74e-3	9.59e-1	8.89e2	412	206	206	206	77	69	33.50	46	22.33
55	data/reference/motifs/JASPAR2026_CORE_plants_non-redundant_pfms_meme.txt	MA2345.1	OS02G0104500	GTAAAW	8.25e-3	9.67e-1	8.96e2	412	206	206	206	107	49	23.79	29	14.08
56	data/reference/motifs/JASPAR2026_CORE_plants_non-redundant_pfms_meme.txt	MA2720.1	nacnor	ACACGTAACT	8.62e-3	9.69e-1	8.99e2	404	206	206	206	8	56	27.18	35	16.99
57	data/reference/motifs/JASPAR2026_CORE_plants_non-redundant_pfms_meme.txt	MA2038.2	NAC103	CAAGTTA	8.72e-3	9.72e-1	9.02e2	412	206	206	206	19	125	60.68	100	48.54
58	data/reference/motifs/JASPAR2026_CORE_plants_non-redundant_pfms_meme.txt	MA0020.2	Dof2	AAAGC	8.84e-3	9.74e-1	9.03e2	412	206	206	206	32	73	35.44	50	24.27
59	data/reference/motifs/JASPAR2026_CORE_plants_non-redundant_pfms_meme.txt	MA0064.1	PBF	AAAGY	8.84e-3	9.74e-1	9.03e2	412	206	206	206	32	73	35.44	50	24.27
60	data/reference/motifs/JASPAR2026_CORE_plants_non-redundant_pfms_meme.txt	MA2044.2	NAC007	CAAGCAA	9.21e-3	9.77e-1	9.06e2	412	206	206	206	14	163	79.13	141	68.45
61	data/reference/motifs/JASPAR2026_CORE_plants_non-redundant_pfms_meme.txt	MA1783.1	NAC005	TWRCTTVTTYHAYAAGTTW	2.32e-2	9.79e-1	9.07e2	166	206	206	206	4	16	7.77	6	2.91
62	data/reference/motifs/JASPAR2026_CORE_plants_non-redundant_pfms_meme.txt	MA0992.3	ERF4	CCGCCGYCA	1.40e-2	9.80e-1	9.08e2	280	206	206	206	2	98	47.57	75	36.41
63	data/reference/motifs/JASPAR2026_CORE_plants_non-redundant_pfms_meme.txt	MA2724.1	SlTCP18	GTGGGVCCCAC	1.51e-2	9.80e-1	9.09e2	261	206	206	206	9	6	2.91	0	0.00
64	data/reference/motifs/JASPAR2026_CORE_plants_non-redundant_pfms_meme.txt	MA2661.1	GLYMA-03G081700	CTACGTGGCA	1.02e-2	9.83e-1	9.11e2	399	206	206	206	10	32	15.53	16	7.77
65	data/reference/motifs/JASPAR2026_CORE_plants_non-redundant_pfms_meme.txt	MA2407.1	PK24978.1	CACGTGT	9.96e-3	9.84e-1	9.12e2	412	206	206	206	40	59	28.64	38	18.45
66	data/reference/motifs/JASPAR2026_CORE_plants_non-redundant_pfms_meme.txt	MA0962.2	bHLH34	GCACGTG	1.29e-2	9.87e-1	9.15e2	337	206	206	206	5	26	12.62	12	5.83
67	data/reference/motifs/JASPAR2026_CORE_plants_non-redundant_pfms_meme.txt	MA1394.3	MYB73	AACGGTCA	1.06e-2	9.87e-1	9.15e2	410	206	206	206	7	80	38.83	57	27.67
68	data/reference/motifs/JASPAR2026_CORE_plants_non-redundant_pfms_meme.txt	MA2719.1	lat61	CRCACGTGYG	3.57e-2	9.90e-1	9.18e2	130	206	206	206	2	74	35.92	56	27.18
69	data/reference/motifs/JASPAR2026_CORE_plants_non-redundant_pfms_meme.txt	MA1397.2	AT1G74840	WWTGGATAA	1.15e-2	9.91e-1	9.19e2	412	206	206	206	12	16	7.77	5	2.43
70	data/reference/motifs/JASPAR2026_CORE_plants_non-redundant_pfms_meme.txt	MA1181.2	MYB113	AKTYMGTTAT	1.15e-2	9.91e-1	9.19e2	412	206	206	206	14	16	7.77	5	2.43
71	data/reference/motifs/JASPAR2026_CORE_plants_non-redundant_pfms_meme.txt	MA2092.1	PK27149.1	TGACGTGK	1.31e-2	9.92e-1	9.19e2	367	206	206	206	1	191	92.72	176	85.44
72	data/reference/motifs/JASPAR2026_CORE_plants_non-redundant_pfms_meme.txt	MA1088.2	WRKY48	GTCAA	1.17e-2	9.92e-1	9.19e2	412	206	206	206	83	115	55.83	91	44.17
73	data/reference/motifs/JASPAR2026_CORE_plants_non-redundant_pfms_meme.txt	MA1291.1	TCP7	GTGGGRCCCAC	3.05e-2	9.92e-1	9.20e2	159	206	206	206	4	5	2.43	0	0.00
74	data/reference/motifs/JASPAR2026_CORE_plants_non-redundant_pfms_meme.txt	MA1283.2	TCP14	ADAGVDBGTGGGDCCCAC	2.49e-1	9.92e-1	9.20e2	17	206	206	206	3	2	0.97	0	0.00
75	data/reference/motifs/JASPAR2026_CORE_plants_non-redundant_pfms_meme.txt	MA2036.2	NAC076	CAAGCAA	1.19e-2	9.93e-1	9.20e2	412	206	206	206	13	176	85.44	157	76.21
76	data/reference/motifs/JASPAR2026_CORE_plants_non-redundant_pfms_meme.txt	MA0973.2	CDF2	AAAAAGY	1.19e-2	9.93e-1	9.20e2	412	206	206	206	56	49	23.79	30	14.56
77	data/reference/motifs/JASPAR2026_CORE_plants_non-redundant_pfms_meme.txt	MA2069.1	PK10955.1	CTTTW	1.19e-2	9.93e-1	9.20e2	412	206	206	206	55	49	23.79	30	14.56
78	data/reference/motifs/JASPAR2026_CORE_plants_non-redundant_pfms_meme.txt	MA1363.1	LRL2	CGTGNKWBGCACGTG	3.38e-2	9.93e-1	9.21e2	147	206	206	206	3	7	3.40	1	0.49
79	data/reference/motifs/JASPAR2026_CORE_plants_non-redundant_pfms_meme.txt	MA1036.1	MYB111	GKTAGGTR	1.22e-2	9.93e-1	9.21e2	411	206	206	206	8	163	79.13	142	68.93
80	data/reference/motifs/JASPAR2026_CORE_plants_non-redundant_pfms_meme.txt	MA2454.1	SPL8D1	ATAGTACATA	1.22e-2	9.93e-1	9.21e2	412	206	206	206	12	163	79.13	142	68.93
81	data/reference/motifs/JASPAR2026_CORE_plants_non-redundant_pfms_meme.txt	MA0005.3	AG	TTWCCWAAWHDGGHAA	1.29e-2	9.94e-1	9.21e2	394	206	206	206	8	26	12.62	12	5.83
82	data/reference/motifs/JASPAR2026_CORE_plants_non-redundant_pfms_meme.txt	MA1368.3	GT-4	TAACTATGGTTA	1.40e-2	9.94e-1	9.22e2	368	206	206	206	3	131	63.59	108	52.43
83	data/reference/motifs/JASPAR2026_CORE_plants_non-redundant_pfms_meme.txt	MA2403.1	DVH24_040989	TTAACC	1.26e-2	9.94e-1	9.22e2	412	206	206	206	52	180	87.38	162	78.64
84	data/reference/motifs/JASPAR2026_CORE_plants_non-redundant_pfms_meme.txt	MA1775.2	MYB61	YACCWACC	1.29e-2	9.95e-1	9.22e2	407	206	206	206	3	184	89.32	167	81.07
85	data/reference/motifs/JASPAR2026_CORE_plants_non-redundant_pfms_meme.txt	MA2472.1	AT3G12910	YGSCGTVRWDDHBACGK	6.16e-2	9.95e-1	9.22e2	83	206	206	206	3	4	1.94	0	0.00
86	data/reference/motifs/JASPAR2026_CORE_plants_non-redundant_pfms_meme.txt	MA2460.1	MGH6.1	YGSCGTVRWDDHBACGK	6.16e-2	9.95e-1	9.22e2	83	206	206	206	3	4	1.94	0	0.00
87	data/reference/motifs/JASPAR2026_CORE_plants_non-redundant_pfms_meme.txt	MA2406.1	PK03576.1	CACGTGC	6.67e-2	9.95e-1	9.22e2	77	206	206	206	2	25	12.14	15	7.28
88	data/reference/motifs/JASPAR2026_CORE_plants_non-redundant_pfms_meme.txt	MA0054.1	myb.Ph3	TAACBGTTW	1.29e-2	9.95e-1	9.22e2	412	206	206	206	38	39	18.93	22	10.68
89	data/reference/motifs/JASPAR2026_CORE_plants_non-redundant_pfms_meme.txt	MA1430.2	TB1	GGSCCCCCC	3.05e-2	9.95e-1	9.23e2	177	206	206	206	5	5	2.43	0	0.00
90	data/reference/motifs/JASPAR2026_CORE_plants_non-redundant_pfms_meme.txt	MA2431.1	SPL15A	AGCGGTASTACCGC	4.52e-2	9.96e-1	9.23e2	122	206	206	206	2	30	14.56	18	8.74
91	data/reference/motifs/JASPAR2026_CORE_plants_non-redundant_pfms_meme.txt	MA1789.1	NAC071	CTTSWHYYTCAMGYA	1.79e-2	9.96e-1	9.23e2	310	206	206	206	7	10	4.85	2	0.97
92	data/reference/motifs/JASPAR2026_CORE_plants_non-redundant_pfms_meme.txt	MA2023.2	PHL4	RGAATATTCC	1.81e-2	9.96e-1	9.23e2	307	206	206	206	3	79	38.35	58	28.16
93	data/reference/motifs/JASPAR2026_CORE_plants_non-redundant_pfms_meme.txt	MA1015.2	GATA12	AGATCT	1.37e-2	9.96e-1	9.24e2	412	206	206	206	132	14	6.80	4	1.94
94	data/reference/motifs/JASPAR2026_CORE_plants_non-redundant_pfms_meme.txt	MA1749.1	E2FC	AWDWWGGCGCCAAAA	1.27e-1	9.97e-1	9.24e2	42	206	206	206	1	25	12.14	17	8.25
95	data/reference/motifs/JASPAR2026_CORE_plants_non-redundant_pfms_meme.txt	MA1660.2	NAC013	TTACTTGTTCYMCAAGTAA	5.01e-2	9.97e-1	9.24e2	116	206	206	206	1	66	32.04	50	24.27
96	data/reference/motifs/JASPAR2026_CORE_plants_non-redundant_pfms_meme.txt	MA0964.3	BIM1	TCACGTGA	1.87e-2	9.97e-1	9.24e2	312	206	206	206	8	25	12.14	12	5.83
97	data/reference/motifs/JASPAR2026_CORE_plants_non-redundant_pfms_meme.txt	MA1284.2	TCP1	GTGGGCCCCAC	4.36e-2	9.97e-1	9.24e2	134	206	206	206	4	10	4.85	3	1.46
98	data/reference/motifs/JASPAR2026_CORE_plants_non-redundant_pfms_meme.txt	MA2057.1	PK01630.1	GCACGTG	1.46e-2	9.97e-1	9.25e2	410	206	206	206	17	31	15.05	16	7.77
99	data/reference/motifs/JASPAR2026_CORE_plants_non-redundant_pfms_meme.txt	MA0573.2	ATHB-9	GTAATGATTRCDYBS	1.51e-1	9.98e-1	9.25e2	37	206	206	206	1	22	10.68	15	7.28
100	data/reference/motifs/JASPAR2026_CORE_plants_non-redundant_pfms_meme.txt	MA2483.1	PK20543.1	TTAACC	1.47e-2	9.98e-1	9.25e2	412	206	206	206	53	193	93.69	179	86.89
101	data/reference/motifs/JASPAR2026_CORE_plants_non-redundant_pfms_meme.txt	MA1041.1	MYB55	ACCTACCG	1.51e-2	9.98e-1	9.25e2	406	206	206	206	1	206	100.00	200	97.09
102	data/reference/motifs/JASPAR2026_CORE_plants_non-redundant_pfms_meme.txt	MA2471.1	SPCH	CACGTG	1.55e-2	9.98e-1	9.25e2	395	206	206	206	6	155	75.24	134	65.05
103	data/reference/motifs/JASPAR2026_CORE_plants_non-redundant_pfms_meme.txt	MA1799.2	SPL10	GTACGR	1.49e-2	9.98e-1	9.25e2	412	206	206	206	11	110	53.40	87	42.23
104	data/reference/motifs/JASPAR2026_CORE_plants_non-redundant_pfms_meme.txt	MA1664.3	HSFA6B	TTCTRGAA	1.51e-2	9.98e-1	9.25e2	412	206	206	206	3	206	100.00	200	97.09
105	data/reference/motifs/JASPAR2026_CORE_plants_non-redundant_pfms_meme.txt	MA2356.1	PK20555.1	CTTTW	1.51e-2	9.98e-1	9.25e2	412	206	206	206	175	206	100.00	200	97.09
106	data/reference/motifs/JASPAR2026_CORE_plants_non-redundant_pfms_meme.txt	MA2085.1	PK23763.1	CTTTW	1.51e-2	9.98e-1	9.25e2	412	206	206	206	75	206	100.00	200	97.09
107	data/reference/motifs/JASPAR2026_CORE_plants_non-redundant_pfms_meme.txt	MA0561.1	PIF4	CACGTGSC	3.32e-2	9.98e-1	9.25e2	187	206	206	206	3	18	8.74	8	3.88
108	data/reference/motifs/JASPAR2026_CORE_plants_non-redundant_pfms_meme.txt	MA1177.2	MYB65	TAACCGHM	1.54e-2	9.98e-1	9.25e2	412	206	206	206	10	164	79.61	144	69.90
109	data/reference/motifs/JASPAR2026_CORE_plants_non-redundant_pfms_meme.txt	MA2387.1	NAC094	YGCCGTRNHNNHCACG	5.22e-2	9.98e-1	9.25e2	123	206	206	206	2	39	18.93	26	12.62
110	data/reference/motifs/JASPAR2026_CORE_plants_non-redundant_pfms_meme.txt	MA1404.1	BPC1	GAGAGAGAGAGAGAGAGAGAGAGA	7.28e-2	9.98e-1	9.25e2	85	206	206	206	6	21	10.19	12	5.83
111	data/reference/motifs/JASPAR2026_CORE_plants_non-redundant_pfms_meme.txt	MA0585.2	AGL1	TTDCCWWWWWDGGWAA	1.60e-2	9.99e-1	9.26e2	407	206	206	206	14	12	5.83	3	1.46
112	data/reference/motifs/JASPAR2026_CORE_plants_non-redundant_pfms_meme.txt	MA1402.1	BPC6	CTCTCTCTCTCTCTCTCTCTC	7.83e-2	9.99e-1	9.26e2	80	206	206	206	5	22	10.68	13	6.31
113	data/reference/motifs/JASPAR2026_CORE_plants_non-redundant_pfms_meme.txt	MA1022.2	PHYPADRAFT_38837	AAAG	1.60e-2	9.99e-1	9.26e2	412	206	206	206	196	12	5.83	3	1.46
114	data/reference/motifs/JASPAR2026_CORE_plants_non-redundant_pfms_meme.txt	MA0981.2	DOF1.8	AAAG	1.60e-2	9.99e-1	9.26e2	412	206	206	206	196	12	5.83	3	1.46
115	data/reference/motifs/JASPAR2026_CORE_plants_non-redundant_pfms_meme.txt	MA0001.3	AGL3	CCAWWWATAG	1.60e-2	9.99e-1	9.26e2	412	206	206	206	6	203	98.54	194	94.17
116	data/reference/motifs/JASPAR2026_CORE_plants_non-redundant_pfms_meme.txt	MA2394.1	PpDof6	CTTT	1.60e-2	9.99e-1	9.26e2	412	206	206	206	196	12	5.83	3	1.46
117	data/reference/motifs/JASPAR2026_CORE_plants_non-redundant_pfms_meme.txt	MA2379.1	DOF3.1	CKTT	1.60e-2	9.99e-1	9.26e2	412	206	206	206	191	203	98.54	194	94.17
118	data/reference/motifs/JASPAR2026_CORE_plants_non-redundant_pfms_meme.txt	MA2058.1	PK03929.1	CTTTW	1.66e-2	9.99e-1	9.26e2	412	206	206	206	126	28	13.59	14	6.80
119	data/reference/motifs/JASPAR2026_CORE_plants_non-redundant_pfms_meme.txt	MA2715.1	Solyc03g124110	RTCTATGTCGGYWAA	5.25e-2	9.99e-1	9.26e2	133	206	206	206	3	8	3.88	2	0.97
120	data/reference/motifs/JASPAR2026_CORE_plants_non-redundant_pfms_meme.txt	MA2741.1	SlWRKY7	AAAAAGTCAACC	1.85e-2	9.99e-1	9.26e2	380	206	206	206	8	8	3.88	1	0.49
121	data/reference/motifs/JASPAR2026_CORE_plants_non-redundant_pfms_meme.txt	MA1089.2	WRKY57	RGTCAA	1.76e-2	9.99e-1	9.26e2	412	206	206	206	59	95	46.12	73	35.44
122	data/reference/motifs/JASPAR2026_CORE_plants_non-redundant_pfms_meme.txt	MA1697.2	ARF4	ACGACAAG	1.77e-2	9.99e-1	9.26e2	411	206	206	206	16	33	16.02	18	8.74
123	data/reference/motifs/JASPAR2026_CORE_plants_non-redundant_pfms_meme.txt	MA2052.2	ZAT6	AATGATTG	1.77e-2	9.99e-1	9.26e2	412	206	206	206	20	197	95.63	185	89.81
124	data/reference/motifs/JASPAR2026_CORE_plants_non-redundant_pfms_meme.txt	MA2366.1	VOZ2	GCGT	1.78e-2	9.99e-1	9.26e2	412	206	206	206	65	50	24.27	32	15.53
125	data/reference/motifs/JASPAR2026_CORE_plants_non-redundant_pfms_meme.txt	MA1361.2	bHLH18	CRCGTKWWHCACGTG	3.79e-2	9.99e-1	9.27e2	199	206	206	206	1	109	52.91	90	43.69
126	data/reference/motifs/JASPAR2026_CORE_plants_non-redundant_pfms_meme.txt	MA2651.1	GLYMA-20G154400	GGGCCCCAC	2.22e-2	9.99e-1	9.27e2	341	206	206	206	8	13	6.31	4	1.94
127	data/reference/motifs/JASPAR2026_CORE_plants_non-redundant_pfms_meme.txt	MA0955.2	POPTR_0002s00440g	GTACGG	1.85e-2	1.00e0	9.27e2	412	206	206	206	11	205	99.51	198	96.12
128	data/reference/motifs/JASPAR2026_CORE_plants_non-redundant_pfms_meme.txt	MA1189.2	AT5G61620	WWWTGGATAAGRWW	1.85e-2	1.00e0	9.27e2	412	206	206	206	14	8	3.88	1	0.49
129	data/reference/motifs/JASPAR2026_CORE_plants_non-redundant_pfms_meme.txt	MA0563.2	SEP3	CYWTTTTTGG	1.85e-2	1.00e0	9.27e2	412	206	206	206	29	8	3.88	1	0.49
130	data/reference/motifs/JASPAR2026_CORE_plants_non-redundant_pfms_meme.txt	MA2717.1	eil2	AGATTCR	1.92e-2	1.00e0	9.27e2	412	206	206	206	21	112	54.37	90	43.69
131	data/reference/motifs/JASPAR2026_CORE_plants_non-redundant_pfms_meme.txt	MA0940.1	AP1	MYAAAAAWRGAAA	1.95e-2	1.00e0	9.27e2	412	206	206	206	20	172	83.50	154	74.76
132	data/reference/motifs/JASPAR2026_CORE_plants_non-redundant_pfms_meme.txt	MA1028.1	KAN4	GAATATTC	2.10e-2	1.00e0	9.27e2	396	206	206	206	10	73	35.44	53	25.73
133	data/reference/motifs/JASPAR2026_CORE_plants_non-redundant_pfms_meme.txt	MA2010.2	SMB	CAAGCAA	2.04e-2	1.00e0	9.27e2	412	206	206	206	14	182	88.35	166	80.58
134	data/reference/motifs/JASPAR2026_CORE_plants_non-redundant_pfms_meme.txt	MA1352.1	TRP1	ACCCTAAACCCTAAACCCTAA	8.14e-1	1.00e0	9.27e2	5	206	206	206	1	2	0.97	3	1.46
135	data/reference/motifs/JASPAR2026_CORE_plants_non-redundant_pfms_meme.txt	MA0571.2	ANT	GCACRRWTCCCVAKGY	1.30e-1	1.00e0	9.27e2	61	206	206	206	2	9	4.37	4	1.94
136	data/reference/motifs/JASPAR2026_CORE_plants_non-redundant_pfms_meme.txt	MA2502.1	TMF	CTACAGTA	2.08e-2	1.00e0	9.27e2	412	206	206	206	8	163	79.13	144	69.90
137	data/reference/motifs/JASPAR2026_CORE_plants_non-redundant_pfms_meme.txt	MA1734.1	AT1G19040	CTTGNDCYBCAAGTWW	6.76e-2	1.00e0	9.27e2	130	206	206	206	3	12	5.83	5	2.43
138	data/reference/motifs/JASPAR2026_CORE_plants_non-redundant_pfms_meme.txt	MA1279.2	DOF1.5	AAADDAAAAAGTRAAA	2.13e-2	1.00e0	9.27e2	412	206	206	206	9	176	85.44	159	77.18
139	data/reference/motifs/JASPAR2026_CORE_plants_non-redundant_pfms_meme.txt	MA2671.1	GLYMA-19G100900	AGCATGCT	2.33e-2	1.00e0	9.27e2	382	206	206	206	10	66	32.04	47	22.82
140	data/reference/motifs/JASPAR2026_CORE_plants_non-redundant_pfms_meme.txt	MA2377.1	cassava45561.m1	GGGSCCCAC	2.25e-2	1.00e0	9.27e2	398	206	206	206	2	189	91.75	175	84.95
141	data/reference/motifs/JASPAR2026_CORE_plants_non-redundant_pfms_meme.txt	MA1416.1	RAMOSA1	GAGAGAGAGAGAGA	4.52e-2	1.00e0	9.27e2	203	206	206	206	6	30	14.56	18	8.74
142	data/reference/motifs/JASPAR2026_CORE_plants_non-redundant_pfms_meme.txt	MA0945.2	ARR1	RDATCT	2.25e-2	1.00e0	9.27e2	412	206	206	206	87	31	15.05	17	8.25
143	data/reference/motifs/JASPAR2026_CORE_plants_non-redundant_pfms_meme.txt	MA2045.2	NAC031	TTRCKTGTWNHACAAGTWA	5.31e-2	1.00e0	9.27e2	175	206	206	206	2	57	27.67	42	20.39
144	data/reference/motifs/JASPAR2026_CORE_plants_non-redundant_pfms_meme.txt	MA0969.2	CAMTA2	VCGCGT	2.30e-2	1.00e0	9.27e2	412	206	206	206	11	129	62.62	108	52.43
145	data/reference/motifs/JASPAR2026_CORE_plants_non-redundant_pfms_meme.txt	MA1382.2	FAR1	YCACGCGCY	1.10e-1	1.00e0	9.27e2	83	206	206	206	1	47	22.82	36	17.48
146	data/reference/motifs/JASPAR2026_CORE_plants_non-redundant_pfms_meme.txt	MA2006.2	NAC020	GGTTGCKTGTDNMACAAGTAA	1.08e-1	1.00e0	9.27e2	85	206	206	206	3	5	2.43	1	0.49
147	data/reference/motifs/JASPAR2026_CORE_plants_non-redundant_pfms_meme.txt	MA1408.2	FaEOBII	GTTAGGTA	2.36e-2	1.00e0	9.27e2	412	206	206	206	25	27	13.11	14	6.80
148	data/reference/motifs/JASPAR2026_CORE_plants_non-redundant_pfms_meme.txt	MA1682.2	TCX3	AAATTCAAATWT	2.38e-2	1.00e0	9.27e2	412	206	206	206	18	23	11.17	11	5.34
149	data/reference/motifs/JASPAR2026_CORE_plants_non-redundant_pfms_meme.txt	MA1058.2	SPL4	GTACG	2.40e-2	1.00e0	9.27e2	412	206	206	206	65	146	70.87	126	61.17
150	data/reference/motifs/JASPAR2026_CORE_plants_non-redundant_pfms_meme.txt	MA1179.2	MYB1	ACSGTTA	2.61e-2	1.00e0	9.27e2	386	206	206	206	7	28	13.59	15	7.28
151	data/reference/motifs/JASPAR2026_CORE_plants_non-redundant_pfms_meme.txt	MA1297.2	WRKY26	AAAAGTCAACG	3.05e-2	1.00e0	9.27e2	330	206	206	206	7	5	2.43	0	0.00
152	data/reference/motifs/JASPAR2026_CORE_plants_non-redundant_pfms_meme.txt	MA1021.2	PHYPADRAFT_48267	CACGTGC	2.98e-2	1.00e0	9.27e2	347	206	206	206	3	102	49.51	82	39.81
153	data/reference/motifs/JASPAR2026_CORE_plants_non-redundant_pfms_meme.txt	MA1285.2	TCP9	GTGGGTCCCAC	9.25e-2	1.00e0	9.27e2	113	206	206	206	1	63	30.58	50	24.27
154	data/reference/motifs/JASPAR2026_CORE_plants_non-redundant_pfms_meme.txt	MA1272.3	DOF2.2	AAAAAG	2.55e-2	1.00e0	9.27e2	412	206	206	206	10	51	24.76	34	16.50
155	data/reference/motifs/JASPAR2026_CORE_plants_non-redundant_pfms_meme.txt	MA2347.1	OS04G0486400	TAACC	2.56e-2	1.00e0	9.27e2	412	206	206	206	109	70	33.98	51	24.76
156	data/reference/motifs/JASPAR2026_CORE_plants_non-redundant_pfms_meme.txt	MA1663.3	NAC050	CAAGTAAC	2.57e-2	1.00e0	9.27e2	412	206	206	206	9	183	88.83	168	81.55
157	data/reference/motifs/JASPAR2026_CORE_plants_non-redundant_pfms_meme.txt	MA1321.2	SPL13A	TGTACGGA	3.05e-2	1.00e0	9.27e2	351	206	206	206	9	5	2.43	0	0.00
158	data/reference/motifs/JASPAR2026_CORE_plants_non-redundant_pfms_meme.txt	MA1197.2	CAMTA1	AARCGCGTG	4.93e-2	1.00e0	9.27e2	217	206	206	206	2	54	26.21	39	18.93
159	data/reference/motifs/JASPAR2026_CORE_plants_non-redundant_pfms_meme.txt	MA1039.1	MYB4	GGTWGGTR	2.61e-2	1.00e0	9.27e2	412	206	206	206	23	28	13.59	15	7.28
160	data/reference/motifs/JASPAR2026_CORE_plants_non-redundant_pfms_meme.txt	MA2342.1	URI	CACGTG	2.67e-2	1.00e0	9.27e2	404	206	206	206	10	138	66.99	118	57.28
161	data/reference/motifs/JASPAR2026_CORE_plants_non-redundant_pfms_meme.txt	MA1386.3	HHO3	AAGATTCT	2.68e-2	1.00e0	9.27e2	412	206	206	206	11	72	34.95	53	25.73
162	data/reference/motifs/JASPAR2026_CORE_plants_non-redundant_pfms_meme.txt	MA1275.2	DOF1.6	AWAAAGTR	2.68e-2	1.00e0	9.27e2	412	206	206	206	12	163	79.13	145	70.39
163	data/reference/motifs/JASPAR2026_CORE_plants_non-redundant_pfms_meme.txt	MA1057.2	SPL12	GTACGG	2.69e-2	1.00e0	9.27e2	412	206	206	206	12	177	85.92	161	78.16
164	data/reference/motifs/JASPAR2026_CORE_plants_non-redundant_pfms_meme.txt	MA2759.1	ereb7	GCGGCGGCGGCGG	7.51e-1	1.00e0	9.27e2	8	206	206	206	2	1	0.49	1	0.49
165	data/reference/motifs/JASPAR2026_CORE_plants_non-redundant_pfms_meme.txt	MA1786.2	NAC019	YACGBMA	2.75e-2	1.00e0	9.27e2	412	206	206	206	30	62	30.10	44	21.36
166	data/reference/motifs/JASPAR2026_CORE_plants_non-redundant_pfms_meme.txt	MA1750.1	E2FE	TTTTTGGCGGGAAAA	6.14e-1	1.00e0	9.27e2	12	206	206	206	1	6	2.91	6	2.91
167	data/reference/motifs/JASPAR2026_CORE_plants_non-redundant_pfms_meme.txt	MA1732.1	E2FD	TTTTTGGCGGGAAAA	6.14e-1	1.00e0	9.27e2	12	206	206	206	1	6	2.91	6	2.91
168	data/reference/motifs/JASPAR2026_CORE_plants_non-redundant_pfms_meme.txt	MA2355.1	PK06791.1	GTACGG	2.83e-2	1.00e0	9.27e2	412	206	206	206	21	75	36.41	56	27.18
169	data/reference/motifs/JASPAR2026_CORE_plants_non-redundant_pfms_meme.txt	MA2025.2	MYB93	TACCAAAC	2.88e-2	1.00e0	9.27e2	412	206	206	206	25	14	6.80	5	2.43
170	data/reference/motifs/JASPAR2026_CORE_plants_non-redundant_pfms_meme.txt	MA2430.1	SPL14B	GCGGTASTACCGC	9.59e-2	1.00e0	9.27e2	125	206	206	206	2	41	19.90	30	14.56
171	data/reference/motifs/JASPAR2026_CORE_plants_non-redundant_pfms_meme.txt	MA0977.1	DOF2.5	AWAAAGTG	2.93e-2	1.00e0	9.27e2	412	206	206	206	24	99	48.06	79	38.35
172	data/reference/motifs/JASPAR2026_CORE_plants_non-redundant_pfms_meme.txt	MA2009.2	NAC010	TAACTTGTDNHACAAGTTACC	1.30e-1	1.00e0	9.27e2	88	206	206	206	3	9	4.37	4	1.94
173	data/reference/motifs/JASPAR2026_CORE_plants_non-redundant_pfms_meme.txt	MA2367.1	WIP5	ACCTGGAGAAMAW	3.04e-2	1.00e0	9.27e2	410	206	206	206	9	108	52.43	88	42.72
174	data/reference/motifs/JASPAR2026_CORE_plants_non-redundant_pfms_meme.txt	MA2015.2	NAC002	ACGCAACT	3.05e-2	1.00e0	9.27e2	411	206	206	206	20	5	2.43	0	0.00
175	data/reference/motifs/JASPAR2026_CORE_plants_non-redundant_pfms_meme.txt	MA1825.2	Zm00001d044409	CTTATC	3.05e-2	1.00e0	9.27e2	412	206	206	206	13	185	89.81	171	83.01
176	data/reference/motifs/JASPAR2026_CORE_plants_non-redundant_pfms_meme.txt	MA0958.1	BHLH13	RCACGTGC	3.63e-2	1.00e0	9.27e2	348	206	206	206	7	38	18.45	24	11.65
177	data/reference/motifs/JASPAR2026_CORE_plants_non-redundant_pfms_meme.txt	MA1194.2	AT3G10580	DWDWRGATAAGVWT	3.10e-2	1.00e0	9.27e2	410	206	206	206	13	9	4.37	2	0.97
178	data/reference/motifs/JASPAR2026_CORE_plants_non-redundant_pfms_meme.txt	MA1320.2	SPL15	TGTACGGA	7.93e-2	1.00e0	9.27e2	163	206	206	206	2	28	13.59	18	8.74
179	data/reference/motifs/JASPAR2026_CORE_plants_non-redundant_pfms_meme.txt	MA2645.1	GLYMA-16G042900	GGTTGCKTSTTCHASAAGYWA	1.37e-1	1.00e0	9.27e2	90	206	206	206	2	14	6.80	8	3.88
180	data/reference/motifs/JASPAR2026_CORE_plants_non-redundant_pfms_meme.txt	MA0938.3	NAC058	TTACKTGTDNMACAAGWAA	1.14e-1	1.00e0	9.27e2	116	206	206	206	1	64	31.07	52	25.24
181	data/reference/motifs/JASPAR2026_CORE_plants_non-redundant_pfms_meme.txt	MA2649.1	GLYMA-08G271900	TGCACATG	3.24e-2	1.00e0	9.27e2	412	206	206	206	18	36	17.48	22	10.68
182	data/reference/motifs/JASPAR2026_CORE_plants_non-redundant_pfms_meme.txt	MA1270.2	DOF3.2	TWACTTTTTNNYTTTT	3.24e-2	1.00e0	9.27e2	412	206	206	206	7	184	89.32	170	82.52
183	data/reference/motifs/JASPAR2026_CORE_plants_non-redundant_pfms_meme.txt	MA2035.2	NAC075	GWAGCTTGTNNNACAAGCTW	9.09e-2	1.00e0	9.27e2	148	206	206	206	1	81	39.32	67	32.52
184	data/reference/motifs/JASPAR2026_CORE_plants_non-redundant_pfms_meme.txt	MA1787.2	NAC047	ACACGTMWCT	3.32e-2	1.00e0	9.27e2	407	206	206	206	11	18	8.74	8	3.88
185	data/reference/motifs/JASPAR2026_CORE_plants_non-redundant_pfms_meme.txt	MA2079.1	PK19717.1	GGGSCCCMC	3.54e-2	1.00e0	9.27e2	383	206	206	206	14	15	7.28	6	2.91
186	data/reference/motifs/JASPAR2026_CORE_plants_non-redundant_pfms_meme.txt	MA1666.3	HSFB2B	RGAAGSTTCTA	3.67e-2	1.00e0	9.27e2	370	206	206	206	2	169	82.04	153	74.27
187	data/reference/motifs/JASPAR2026_CORE_plants_non-redundant_pfms_meme.txt	MA2621.1	glk25	TGATTCCA	3.31e-2	1.00e0	9.27e2	412	206	206	206	23	50	24.27	34	16.50
188	data/reference/motifs/JASPAR2026_CORE_plants_non-redundant_pfms_meme.txt	MA1393.3	MYB70	AACCGTT	3.31e-2	1.00e0	9.27e2	412	206	206	206	11	86	41.75	67	32.52
189	data/reference/motifs/JASPAR2026_CORE_plants_non-redundant_pfms_meme.txt	MA2739.1	SlTCP12	GTGGGACCCAC	5.25e-2	1.00e0	9.27e2	262	206	206	206	8	8	3.88	2	0.97
190	data/reference/motifs/JASPAR2026_CORE_plants_non-redundant_pfms_meme.txt	MA1160.2	IDD6	TTTTTGTCGTTTTSTK	4.45e-2	1.00e0	9.27e2	312	206	206	206	5	13	6.31	5	2.43
191	data/reference/motifs/JASPAR2026_CORE_plants_non-redundant_pfms_meme.txt	MA0557.2	FHY3	CACGCGCT	3.80e-2	1.00e0	9.27e2	366	206	206	206	3	113	54.85	94	45.63
192	data/reference/motifs/JASPAR2026_CORE_plants_non-redundant_pfms_meme.txt	MA1792.1	NAC098	CKTGTNNHACACGTHA	7.53e-2	1.00e0	9.27e2	189	206	206	206	2	51	24.76	38	18.45
193	data/reference/motifs/JASPAR2026_CORE_plants_non-redundant_pfms_meme.txt	MA1758.2	HSFA1E	AGAAGCTTCTAGAA	6.97e-2	1.00e0	9.27e2	206	206	206	206	1	111	53.88	95	46.12
194	data/reference/motifs/JASPAR2026_CORE_plants_non-redundant_pfms_meme.txt	MA2422.1	OsbZIP42	TGMCACGTCA	3.56e-2	1.00e0	9.27e2	404	206	206	206	10	12	5.83	4	1.94
195	data/reference/motifs/JASPAR2026_CORE_plants_non-redundant_pfms_meme.txt	MA1385.2	AT2G40260	AAHATTCTYT	3.51e-2	1.00e0	9.27e2	412	206	206	206	10	61	29.61	44	21.36
196	data/reference/motifs/JASPAR2026_CORE_plants_non-redundant_pfms_meme.txt	MA2738.1	Cnr	TCCGTACAAA	3.54e-2	1.00e0	9.27e2	409	206	206	206	8	93	45.15	74	35.92
197	data/reference/motifs/JASPAR2026_CORE_plants_non-redundant_pfms_meme.txt	MA1351.3	GBF3	ACGTGGCA	3.56e-2	1.00e0	9.27e2	412	206	206	206	20	12	5.83	4	1.94
198	data/reference/motifs/JASPAR2026_CORE_plants_non-redundant_pfms_meme.txt	MA2757.1	pbf1	ATAAAGT	3.59e-2	1.00e0	9.27e2	412	206	206	206	37	32	15.53	19	9.22
199	data/reference/motifs/JASPAR2026_CORE_plants_non-redundant_pfms_meme.txt	MA1274.1	DOF3.6	TTTWCTTTTTHHYTTTTTTTT	3.62e-2	1.00e0	9.27e2	412	206	206	206	18	149	72.33	131	63.59
200	data/reference/motifs/JASPAR2026_CORE_plants_non-redundant_pfms_meme.txt	MA2413.1	ZmbZIP96	GASACGTGKCA	5.25e-2	1.00e0	9.27e2	285	206	206	206	7	8	3.88	2	0.97
201	data/reference/motifs/JASPAR2026_CORE_plants_non-redundant_pfms_meme.txt	MA1096.1	ARALYDRAFT_496250	GGGACCAC	1.20e-1	1.00e0	9.27e2	126	206	206	206	1	69	33.50	57	27.67
202	data/reference/motifs/JASPAR2026_CORE_plants_non-redundant_pfms_meme.txt	MA2622.1	hb34	CAATAATTG	3.68e-2	1.00e0	9.27e2	412	206	206	206	24	63	30.58	46	22.33
203	data/reference/motifs/JASPAR2026_CORE_plants_non-redundant_pfms_meme.txt	MA1695.2	ARF36	GGGGGACAHGTC	4.67e-2	1.00e0	9.27e2	328	206	206	206	2	117	56.80	99	48.06
204	data/reference/motifs/JASPAR2026_CORE_plants_non-redundant_pfms_meme.txt	MA0590.1	LFY	YATTRACCGSCGGTYAATR	2.72e-1	1.00e0	9.27e2	49	206	206	206	2	27	13.11	22	10.68
205	data/reference/motifs/JASPAR2026_CORE_plants_non-redundant_pfms_meme.txt	MA0121.2	ARR10	AGATHYK	3.78e-2	1.00e0	9.27e2	412	206	206	206	16	54	26.21	38	18.45
206	data/reference/motifs/JASPAR2026_CORE_plants_non-redundant_pfms_meme.txt	MA2360.1	PK28565.1	TAACBGTC	3.80e-2	1.00e0	9.27e2	412	206	206	206	9	111	53.88	92	44.66
207	data/reference/motifs/JASPAR2026_CORE_plants_non-redundant_pfms_meme.txt	MA1277.2	DOF1.7	AAAAAGTARAA	3.80e-2	1.00e0	9.27e2	412	206	206	206	20	113	54.85	94	45.63
208	data/reference/motifs/JASPAR2026_CORE_plants_non-redundant_pfms_meme.txt	MA1294.2	MYB62	WAGTTAGGY	3.82e-2	1.00e0	9.27e2	411	206	206	206	11	19	9.22	9	4.37
209	data/reference/motifs/JASPAR2026_CORE_plants_non-redundant_pfms_meme.txt	MA1025.2	HBI1	GCACGTG	4.03e-2	1.00e0	9.27e2	390	206	206	206	5	83	40.29	65	31.55
210	data/reference/motifs/JASPAR2026_CORE_plants_non-redundant_pfms_meme.txt	MA2047.2	NAC037	CAAGCAA	3.82e-2	1.00e0	9.27e2	412	206	206	206	9	197	95.63	187	90.78
211	data/reference/motifs/JASPAR2026_CORE_plants_non-redundant_pfms_meme.txt	MA2623.1	hb66	CCAATCA	3.83e-2	1.00e0	9.27e2	412	206	206	206	42	33	16.02	20	9.71
212	data/reference/motifs/JASPAR2026_CORE_plants_non-redundant_pfms_meme.txt	MA2744.1	SlWRKY40	AAAGTCAA	3.85e-2	1.00e0	9.27e2	412	206	206	206	15	65	31.55	48	23.30
213	data/reference/motifs/JASPAR2026_CORE_plants_non-redundant_pfms_meme.txt	MA2449.1	SPL6A	GCGGTAGTACC	5.80e-2	1.00e0	9.27e2	276	206	206	206	1	146	70.87	130	63.11
214	data/reference/motifs/JASPAR2026_CORE_plants_non-redundant_pfms_meme.txt	MA2362.1	TEIL	AGRTWCAT	3.89e-2	1.00e0	9.27e2	412	206	206	206	31	55	26.70	39	18.93
215	data/reference/motifs/JASPAR2026_CORE_plants_non-redundant_pfms_meme.txt	MA2048.2	NAC045	GAAGCAAC	3.92e-2	1.00e0	9.27e2	412	206	206	206	8	190	92.23	178	86.41
216	data/reference/motifs/JASPAR2026_CORE_plants_non-redundant_pfms_meme.txt	MA0946.1	ARR11	AAGATACG	3.97e-2	1.00e0	9.27e2	408	206	206	206	9	47	22.82	32	15.53
217	data/reference/motifs/JASPAR2026_CORE_plants_non-redundant_pfms_meme.txt	MA2375.1	BMY2	SRCACGTGTGR	1.23e-1	1.00e0	9.27e2	132	206	206	206	1	72	34.95	60	29.13
218	data/reference/motifs/JASPAR2026_CORE_plants_non-redundant_pfms_meme.txt	MA2425.1	SPL11A	SCGGTACTACCG	6.71e-2	1.00e0	9.27e2	242	206	206	206	3	38	18.45	26	12.62
219	data/reference/motifs/JASPAR2026_CORE_plants_non-redundant_pfms_meme.txt	MA2063.1	PK07402.1	RCCGMC	4.01e-2	1.00e0	9.27e2	409	206	206	206	16	40	19.42	26	12.62
220	data/reference/motifs/JASPAR2026_CORE_plants_non-redundant_pfms_meme.txt	MA1766.2	MYB17	YYCACCTACCW	4.22e-2	1.00e0	9.27e2	394	206	206	206	3	164	79.61	148	71.84
221	data/reference/motifs/JASPAR2026_CORE_plants_non-redundant_pfms_meme.txt	MA2439.1	SPL2A	GCGGTASTACCGC	2.43e-1	1.00e0	9.27e2	60	206	206	206	1	33	16.02	27	13.11
222	data/reference/motifs/JASPAR2026_CORE_plants_non-redundant_pfms_meme.txt	MA0577.4	SPL3	TGTACGGA	4.45e-2	1.00e0	9.27e2	375	206	206	206	8	13	6.31	5	2.43
223	data/reference/motifs/JASPAR2026_CORE_plants_non-redundant_pfms_meme.txt	MA1178.3	MYB3R1	TAACGGTC	4.08e-2	1.00e0	9.27e2	410	206	206	206	7	84	40.78	66	32.04
224	data/reference/motifs/JASPAR2026_CORE_plants_non-redundant_pfms_meme.txt	MA1169.1	MYB105	WTHDWWACCGTTA	5.32e-2	1.00e0	9.27e2	316	206	206	206	5	14	6.80	6	2.91
225	data/reference/motifs/JASPAR2026_CORE_plants_non-redundant_pfms_meme.txt	MA2354.1	PK06182.1	TACCTACC	4.22e-2	1.00e0	9.27e2	399	206	206	206	2	189	91.75	177	85.92
226	data/reference/motifs/JASPAR2026_CORE_plants_non-redundant_pfms_meme.txt	MA1762.2	MYB10	YCACCWAMCW	4.32e-2	1.00e0	9.27e2	390	206	206	206	8	20	9.71	10	4.85
227	data/reference/motifs/JASPAR2026_CORE_plants_non-redundant_pfms_meme.txt	MA2024.2	MYB63	YCACCTACCAC	4.31e-2	1.00e0	9.27e2	394	206	206	206	8	35	16.99	22	10.68
228	data/reference/motifs/JASPAR2026_CORE_plants_non-redundant_pfms_meme.txt	MA0562.1	PIF5	TCACGTGS	1.03e-1	1.00e0	9.27e2	165	206	206	206	2	27	13.11	18	8.74
229	data/reference/motifs/JASPAR2026_CORE_plants_non-redundant_pfms_meme.txt	MA1834.2	Zm00001d034298	CCACGCG	4.16e-2	1.00e0	9.27e2	410	206	206	206	13	69	33.50	52	25.24
230	data/reference/motifs/JASPAR2026_CORE_plants_non-redundant_pfms_meme.txt	MA1071.2	DOF5.3	AAMG	4.16e-2	1.00e0	9.27e2	412	206	206	206	283	86	41.75	68	33.01
231	data/reference/motifs/JASPAR2026_CORE_plants_non-redundant_pfms_meme.txt	MA2436.1	SPL18A	GCGGTASTACCGCT	2.13e-1	1.00e0	9.27e2	72	206	206	206	2	16	7.77	11	5.34
232	data/reference/motifs/JASPAR2026_CORE_plants_non-redundant_pfms_meme.txt	MA1059.3	SPL5	TGTACGGAH	2.78e-1	1.00e0	9.27e2	53	206	206	206	1	29	14.08	24	11.65
233	data/reference/motifs/JASPAR2026_CORE_plants_non-redundant_pfms_meme.txt	MA2016.2	GRF6	TCTGACA	6.16e-2	1.00e0	9.27e2	282	206	206	206	6	4	1.94	0	0.00
234	data/reference/motifs/JASPAR2026_CORE_plants_non-redundant_pfms_meme.txt	MA1425.2	HYH	TSACGTG	4.81e-2	1.00e0	9.27e2	362	206	206	206	1	187	90.78	175	84.95
235	data/reference/motifs/JASPAR2026_CORE_plants_non-redundant_pfms_meme.txt	MA2076.1	PK18401.1	GCACGTGG	4.45e-2	1.00e0	9.27e2	392	206	206	206	11	13	6.31	5	2.43
236	data/reference/motifs/JASPAR2026_CORE_plants_non-redundant_pfms_meme.txt	MA1344.2	BZIP28	TSACGTGGCA	7.00e-2	1.00e0	9.27e2	253	206	206	206	5	9	4.37	3	1.46
237	data/reference/motifs/JASPAR2026_CORE_plants_non-redundant_pfms_meme.txt	MA0936.1	NAC046	ACACGCMA	4.32e-2	1.00e0	9.27e2	412	206	206	206	24	196	95.15	186	90.29
238	data/reference/motifs/JASPAR2026_CORE_plants_non-redundant_pfms_meme.txt	MA1269.2	DOF4.5	AWAAAGTWRCTTT	4.41e-2	1.00e0	9.27e2	412	206	206	206	10	131	63.59	113	54.85
239	data/reference/motifs/JASPAR2026_CORE_plants_non-redundant_pfms_meme.txt	MA1427.3	NAC028	CAAGTAA	4.44e-2	1.00e0	9.27e2	412	206	206	206	22	94	45.63	76	36.89
240	data/reference/motifs/JASPAR2026_CORE_plants_non-redundant_pfms_meme.txt	MA2612.1	ereb147	ACGCCGAC	4.74e-2	1.00e0	9.27e2	386	206	206	206	8	44	21.36	30	14.56
241	data/reference/motifs/JASPAR2026_CORE_plants_non-redundant_pfms_meme.txt	MA1676.3	NAC062	TAAGTAA	4.45e-2	1.00e0	9.27e2	412	206	206	206	38	13	6.31	5	2.43
242	data/reference/motifs/JASPAR2026_CORE_plants_non-redundant_pfms_meme.txt	MA1032.2	DREB1G	TGCCGACA	1.26e-1	1.00e0	9.27e2	149	206	206	206	3	13	6.31	7	3.40
243	data/reference/motifs/JASPAR2026_CORE_plants_non-redundant_pfms_meme.txt	MA0587.2	TCP16	GTGGACCC	6.16e-2	1.00e0	9.27e2	305	206	206	206	8	4	1.94	0	0.00
244	data/reference/motifs/JASPAR2026_CORE_plants_non-redundant_pfms_meme.txt	MA1260.2	ERF013	TGTCGGTGG	9.94e-2	1.00e0	9.27e2	190	206	206	206	1	102	49.51	88	42.72
245	data/reference/motifs/JASPAR2026_CORE_plants_non-redundant_pfms_meme.txt	MA2655.1	GLYMA-08G218600	AAAAGTCAA	4.67e-2	1.00e0	9.27e2	412	206	206	206	16	52	25.24	37	17.96
246	data/reference/motifs/JASPAR2026_CORE_plants_non-redundant_pfms_meme.txt	MA0989.2	PHYPADRAFT_153324	WAAAG	4.67e-2	1.00e0	9.27e2	412	206	206	206	204	52	25.24	37	17.96
247	data/reference/motifs/JASPAR2026_CORE_plants_non-redundant_pfms_meme.txt	MA2383.1	e_gw1.392.16.1	CTTTW	4.67e-2	1.00e0	9.27e2	412	206	206	206	204	52	25.24	37	17.96
248	data/reference/motifs/JASPAR2026_CORE_plants_non-redundant_pfms_meme.txt	MA1778.2	MYB80	TYYACCTAMYTW	4.69e-2	1.00e0	9.27e2	412	206	206	206	8	110	53.40	92	44.66
249	data/reference/motifs/JASPAR2026_CORE_plants_non-redundant_pfms_meme.txt	MA1054.2	ARALYDRAFT_897773	KGGGACCAC	5.06e-2	1.00e0	9.27e2	383	206	206	206	2	166	80.58	151	73.30
250	data/reference/motifs/JASPAR2026_CORE_plants_non-redundant_pfms_meme.txt	MA0972.1	CCA1	AAATATCT	4.74e-2	1.00e0	9.27e2	411	206	206	206	14	44	21.36	30	14.56
251	data/reference/motifs/JASPAR2026_CORE_plants_non-redundant_pfms_meme.txt	MA1044.2	NAC92	RCAMGCCA	4.73e-2	1.00e0	9.27e2	412	206	206	206	15	159	77.18	143	69.42
252	data/reference/motifs/JASPAR2026_CORE_plants_non-redundant_pfms_meme.txt	MA2435.1	SPL16D	GCGGTASTACCGC	1.40e-1	1.00e0	9.27e2	140	206	206	206	2	37	17.96	28	13.59
253	data/reference/motifs/JASPAR2026_CORE_plants_non-redundant_pfms_meme.txt	MA1007.1	PHYPADRAFT_173530	TGTCGGTG	1.15e-1	1.00e0	9.27e2	171	206	206	206	1	92	44.66	79	38.35
254	data/reference/motifs/JASPAR2026_CORE_plants_non-redundant_pfms_meme.txt	MA1776.3	MYB67	TACCTAACA	4.80e-2	1.00e0	9.27e2	410	206	206	206	11	53	25.73	38	18.45
255	data/reference/motifs/JASPAR2026_CORE_plants_non-redundant_pfms_meme.txt	MA1659.2	ABF4	CCACGTS	4.82e-2	1.00e0	9.27e2	412	206	206	206	14	79	38.35	62	30.10
256	data/reference/motifs/JASPAR2026_CORE_plants_non-redundant_pfms_meme.txt	MA1037.2	MYB24	GTTAGGY	4.82e-2	1.00e0	9.27e2	412	206	206	206	56	64	31.07	48	23.30
257	data/reference/motifs/JASPAR2026_CORE_plants_non-redundant_pfms_meme.txt	MA2740.1	SlTCP15	GTGGGACCCA	5.77e-2	1.00e0	9.27e2	345	206	206	206	8	23	11.17	13	6.31
258	data/reference/motifs/JASPAR2026_CORE_plants_non-redundant_pfms_meme.txt	MA2017.2	JUB1	ACGGCGA	5.35e-2	1.00e0	9.27e2	373	206	206	206	6	70	33.98	54	26.21
259	data/reference/motifs/JASPAR2026_CORE_plants_non-redundant_pfms_meme.txt	MA1674.3	NAC017	CAAGTAA	4.85e-2	1.00e0	9.27e2	412	206	206	206	11	198	96.12	189	91.75
260	data/reference/motifs/JASPAR2026_CORE_plants_non-redundant_pfms_meme.txt	MA1287.2	TCP21	GTGGGMCCCAC	1.00e-1	1.00e0	9.27e2	200	206	206	206	1	107	51.94	93	45.15
261	data/reference/motifs/JASPAR2026_CORE_plants_non-redundant_pfms_meme.txt	MA1190.2	RVE5	AGATATTTT	5.04e-2	1.00e0	9.27e2	398	206	206	206	5	83	40.29	66	32.04
262	data/reference/motifs/JASPAR2026_CORE_plants_non-redundant_pfms_meme.txt	MA1004.2	ERF13	SGCCGCC	6.67e-2	1.00e0	9.27e2	301	206	206	206	7	25	12.14	15	7.28
263	data/reference/motifs/JASPAR2026_CORE_plants_non-redundant_pfms_meme.txt	MA2610.1	ereb97	CGCCGCCGCC	5.00e-1	1.00e0	9.27e2	29	206	206	206	2	3	1.46	2	0.97
264	data/reference/motifs/JASPAR2026_CORE_plants_non-redundant_pfms_meme.txt	MA1832.2	Zm00001d002364	CGCCGCCGCC	5.00e-1	1.00e0	9.27e2	29	206	206	206	2	3	1.46	2	0.97
265	data/reference/motifs/JASPAR2026_CORE_plants_non-redundant_pfms_meme.txt	MA1818.1	Zm00001d052229	CGCCGCCGCC	5.00e-1	1.00e0	9.27e2	29	206	206	206	2	3	1.46	2	0.97
266	data/reference/motifs/JASPAR2026_CORE_plants_non-redundant_pfms_meme.txt	MA1350.1	BZIP42	TGCTGACGTGGC	3.74e-1	1.00e0	9.27e2	43	206	206	206	1	23	11.17	20	9.71
267	data/reference/motifs/JASPAR2026_CORE_plants_non-redundant_pfms_meme.txt	MA1392.3	MYB98	WMCGTTAC	5.18e-2	1.00e0	9.27e2	390	206	206	206	5	68	33.01	52	25.24
268	data/reference/motifs/JASPAR2026_CORE_plants_non-redundant_pfms_meme.txt	MA1266.2	RAP2-11	YCDYCGCCGGC	9.25e-2	1.00e0	9.27e2	219	206	206	206	2	63	30.58	50	24.27
269	data/reference/motifs/JASPAR2026_CORE_plants_non-redundant_pfms_meme.txt	MA1362.2	bHLH77	DWNGBCACGTGM	8.60e-2	1.00e0	9.27e2	238	206	206	206	4	10	4.85	4	1.94
270	data/reference/motifs/JASPAR2026_CORE_plants_non-redundant_pfms_meme.txt	MA2453.1	SPL8B	ATAGTACTC	5.30e-2	1.00e0	9.27e2	389	206	206	206	9	22	10.68	12	5.83
271	data/reference/motifs/JASPAR2026_CORE_plants_non-redundant_pfms_meme.txt	MA1788.1	NAC054	CTTGTNNHACACGYHAYCT	1.92e-1	1.00e0	9.27e2	108	206	206	206	2	21	10.19	15	7.28
272	data/reference/motifs/JASPAR2026_CORE_plants_non-redundant_pfms_meme.txt	MA1163.3	PHL11	AGAATATTCT	5.67e-2	1.00e0	9.27e2	367	206	206	206	2	189	91.75	178	86.41
273	data/reference/motifs/JASPAR2026_CORE_plants_non-redundant_pfms_meme.txt	MA2673.1	GLYMA-15G086400	WTCTAGAAMCTTCTAGAR	1.16e-1	1.00e0	9.27e2	179	206	206	206	1	96	46.60	83	40.29
274	data/reference/motifs/JASPAR2026_CORE_plants_non-redundant_pfms_meme.txt	MA2348.1	IDD6	TTTTTGTCGTTTTSTK	6.76e-2	1.00e0	9.27e2	309	206	206	206	5	12	5.83	5	2.43
275	data/reference/motifs/JASPAR2026_CORE_plants_non-redundant_pfms_meme.txt	MA1289.2	TCP3	GGGACCAC	1.30e-1	1.00e0	9.27e2	163	206	206	206	2	34	16.50	25	12.14
276	data/reference/motifs/JASPAR2026_CORE_plants_non-redundant_pfms_meme.txt	MA2438.1	SPL1D	GCRGTASTACCGCT	1.89e-1	1.00e0	9.27e2	113	206	206	206	1	61	29.61	52	25.24
277	data/reference/motifs/JASPAR2026_CORE_plants_non-redundant_pfms_meme.txt	MA2067.1	PK09702.1	GCACGTGR	2.46e-1	1.00e0	9.27e2	76	206	206	206	2	34	16.50	28	13.59
278	data/reference/motifs/JASPAR2026_CORE_plants_non-redundant_pfms_meme.txt	MA1706.2	AT1G14600	WAYATTCT	5.22e-2	1.00e0	9.27e2	412	206	206	206	60	136	66.02	119	57.77
279	data/reference/motifs/JASPAR2026_CORE_plants_non-redundant_pfms_meme.txt	MA1010.2	PHYPADRAFT_64121	TGTCGGTA	5.25e-2	1.00e0	9.27e2	410	206	206	206	19	8	3.88	2	0.97
280	data/reference/motifs/JASPAR2026_CORE_plants_non-redundant_pfms_meme.txt	MA0965.3	BIM2	CACGTG	5.65e-2	1.00e0	9.27e2	382	206	206	206	6	122	59.22	105	50.97
281	data/reference/motifs/JASPAR2026_CORE_plants_non-redundant_pfms_meme.txt	MA2728.1	SolycHsfC1	RGAAGTTTCTAG	6.17e-2	1.00e0	9.27e2	350	206	206	206	6	15	7.28	7	3.40
282	data/reference/motifs/JASPAR2026_CORE_plants_non-redundant_pfms_meme.txt	MA1667.3	HSFC1	TTCYAGAA	5.25e-2	1.00e0	9.27e2	411	206	206	206	16	8	3.88	2	0.97
283	data/reference/motifs/JASPAR2026_CORE_plants_non-redundant_pfms_meme.txt	MA1333.2	BEH3	YGCACGTGTG	2.12e-1	1.00e0	9.27e2	102	206	206	206	1	55	26.70	47	22.82
284	data/reference/motifs/JASPAR2026_CORE_plants_non-redundant_pfms_meme.txt	MA2402.1	OsERF104	GCCGY	5.25e-2	1.00e0	9.27e2	412	206	206	206	33	8	3.88	2	0.97
285	data/reference/motifs/JASPAR2026_CORE_plants_non-redundant_pfms_meme.txt	MA0939.1	NAC079	ACACGCAA	6.23e-2	1.00e0	9.27e2	348	206	206	206	5	24	11.65	14	6.80
286	data/reference/motifs/JASPAR2026_CORE_plants_non-redundant_pfms_meme.txt	MA1176.2	MYB119	RWCCGTTACA	5.77e-2	1.00e0	9.27e2	376	206	206	206	1	193	93.69	183	88.83
287	data/reference/motifs/JASPAR2026_CORE_plants_non-redundant_pfms_meme.txt	MA1253.2	ERF036	TGTCGGTG	6.17e-2	1.00e0	9.27e2	354	206	206	206	7	15	7.28	7	3.40
288	data/reference/motifs/JASPAR2026_CORE_plants_non-redundant_pfms_meme.txt	MA2083.1	PK21166.1	YACCTACY	5.32e-2	1.00e0	9.27e2	412	206	206	206	24	14	6.80	6	2.91
289	data/reference/motifs/JASPAR2026_CORE_plants_non-redundant_pfms_meme.txt	MA2380.1	DOF4.7	TWACTTTTT	5.34e-2	1.00e0	9.27e2	412	206	206	206	14	133	64.56	116	56.31
290	data/reference/motifs/JASPAR2026_CORE_plants_non-redundant_pfms_meme.txt	MA1055.3	SPL1	TGTACGGA	5.59e-2	1.00e0	9.27e2	398	206	206	206	11	11	5.34	4	1.94
291	data/reference/motifs/JASPAR2026_CORE_plants_non-redundant_pfms_meme.txt	MA1410.2	StBRC1	GGGSCCM	5.58e-2	1.00e0	9.27e2	402	206	206	206	18	49	23.79	35	16.99
292	data/reference/motifs/JASPAR2026_CORE_plants_non-redundant_pfms_meme.txt	MA1741.1	BRN2	CTTGWWHYDYACGYWA	6.83e-2	1.00e0	9.27e2	335	206	206	206	4	47	22.82	34	16.50
293	data/reference/motifs/JASPAR2026_CORE_plants_non-redundant_pfms_meme.txt	MA2498.1	LSH1	AAACAGTG	5.67e-2	1.00e0	9.27e2	412	206	206	206	9	189	91.75	178	86.41
294	data/reference/motifs/JASPAR2026_CORE_plants_non-redundant_pfms_meme.txt	MA1391.3	MYB33	ATAACCGTAW	5.67e-2	1.00e0	9.27e2	412	206	206	206	3	189	91.75	178	86.41
295	data/reference/motifs/JASPAR2026_CORE_plants_non-redundant_pfms_meme.txt	MA1290.1	TCP17	GTGGTCCCCAC	1.18e-1	1.00e0	9.27e2	199	206	206	206	1	106	51.46	93	45.15
296	data/reference/motifs/JASPAR2026_CORE_plants_non-redundant_pfms_meme.txt	MA0974.3	CDF3	AAAAAGTG	5.72e-2	1.00e0	9.27e2	412	206	206	206	15	107	51.94	90	43.69
297	data/reference/motifs/JASPAR2026_CORE_plants_non-redundant_pfms_meme.txt	MA1359.3	BPE	CACGTG	6.98e-2	1.00e0	9.27e2	338	206	206	206	10	16	7.77	8	3.88
298	data/reference/motifs/JASPAR2026_CORE_plants_non-redundant_pfms_meme.txt	MA1024.2	HAT1	YAATCATK	5.77e-2	1.00e0	9.27e2	412	206	206	206	4	193	93.69	183	88.83
299	data/reference/motifs/JASPAR2026_CORE_plants_non-redundant_pfms_meme.txt	MA1677.2	NAC078	CAAGAAA	5.77e-2	1.00e0	9.27e2	412	206	206	206	20	23	11.17	13	6.31
300	data/reference/motifs/JASPAR2026_CORE_plants_non-redundant_pfms_meme.txt	MA0968.3	BZIP68	TGCCACGTSA	9.33e-2	1.00e0	9.27e2	256	206	206	206	1	135	65.53	121	58.74
301	data/reference/motifs/JASPAR2026_CORE_plants_non-redundant_pfms_meme.txt	MA1097.1	ARALYDRAFT_493022	GGSMCCAC	9.09e-2	1.00e0	9.27e2	264	206	206	206	1	139	67.48	125	60.68
302	data/reference/motifs/JASPAR2026_CORE_plants_non-redundant_pfms_meme.txt	MA2711.1	SolycHsfB2b	TTCTAGAA	8.96e-2	1.00e0	9.27e2	268	206	206	206	1	141	68.45	127	61.65
303	data/reference/motifs/JASPAR2026_CORE_plants_non-redundant_pfms_meme.txt	MA2659.1	GLYMA-08G281200	YTTGACTAATTAGGGTTWAKKGDT	4.35e-1	1.00e0	9.27e2	42	206	206	206	1	22	10.68	20	9.71
304	data/reference/motifs/JASPAR2026_CORE_plants_non-redundant_pfms_meme.txt	MA2433.1	SPL15D	GCGGTACTAC	6.70e-2	1.00e0	9.27e2	361	206	206	206	1	186	90.29	175	84.95
305	data/reference/motifs/JASPAR2026_CORE_plants_non-redundant_pfms_meme.txt	MA2103.1	AT4G09450	TTATCY	5.89e-2	1.00e0	9.27e2	412	206	206	206	63	51	24.76	37	17.96
306	data/reference/motifs/JASPAR2026_CORE_plants_non-redundant_pfms_meme.txt	MA1314.2	WRKY14	AAAGTCAACG	7.53e-2	1.00e0	9.27e2	323	206	206	206	1	168	81.55	155	75.24
307	data/reference/motifs/JASPAR2026_CORE_plants_non-redundant_pfms_meme.txt	MA1322.3	SPL9	TCCGTAC	6.09e-2	1.00e0	9.27e2	406	206	206	206	16	6	2.91	1	0.49
308	data/reference/motifs/JASPAR2026_CORE_plants_non-redundant_pfms_meme.txt	MA1358.2	bHLH130	CMACTTGC	7.86e-2	1.00e0	9.27e2	315	206	206	206	5	13	6.31	6	2.91
309	data/reference/motifs/JASPAR2026_CORE_plants_non-redundant_pfms_meme.txt	MA2078.1	PK19363.1	CGCCGCCR	6.76e-2	1.00e0	9.27e2	368	206	206	206	6	71	34.47	56	27.18
310	data/reference/motifs/JASPAR2026_CORE_plants_non-redundant_pfms_meme.txt	MA2669.1	GLYMA-04G231400	CAATAATTGATT	6.16e-2	1.00e0	9.27e2	406	206	206	206	12	4	1.94	0	0.00
311	data/reference/motifs/JASPAR2026_CORE_plants_non-redundant_pfms_meme.txt	MA2653.1	GLYMA-03G042700	GTTTGACTTT	6.09e-2	1.00e0	9.27e2	411	206	206	206	16	6	2.91	1	0.49
312	data/reference/motifs/JASPAR2026_CORE_plants_non-redundant_pfms_meme.txt	MA0554.2	SOC1	TTTCCWTTTTTGG	6.09e-2	1.00e0	9.27e2	411	206	206	206	13	6	2.91	1	0.49
313	data/reference/motifs/JASPAR2026_CORE_plants_non-redundant_pfms_meme.txt	MA2727.1	SolycHsfA7	TTCYAGAA	6.09e-2	1.00e0	9.27e2	412	206	206	206	18	6	2.91	1	0.49
314	data/reference/motifs/JASPAR2026_CORE_plants_non-redundant_pfms_meme.txt	MA1755.2	GATA4	GATC	6.09e-2	1.00e0	9.27e2	412	206	206	206	76	205	99.51	200	97.09
315	data/reference/motifs/JASPAR2026_CORE_plants_non-redundant_pfms_meme.txt	MA2391.1	Lg3	TGACRKC	6.11e-2	1.00e0	9.27e2	412	206	206	206	19	19	9.22	10	4.85
316	data/reference/motifs/JASPAR2026_CORE_plants_non-redundant_pfms_meme.txt	MA1690.2	ARF25	ARMGGGRGACAM	7.19e-2	1.00e0	9.27e2	350	206	206	206	4	49	23.79	36	17.48
317	data/reference/motifs/JASPAR2026_CORE_plants_non-redundant_pfms_meme.txt	MA0970.2	CAMTA3	CCGCGT	6.16e-2	1.00e0	9.27e2	409	206	206	206	23	4	1.94	0	0.00
318	data/reference/motifs/JASPAR2026_CORE_plants_non-redundant_pfms_meme.txt	MA1777.2	MYB74	YYYACCTAMCW	6.45e-2	1.00e0	9.27e2	392	206	206	206	2	174	84.47	161	78.16
319	data/reference/motifs/JASPAR2026_CORE_plants_non-redundant_pfms_meme.txt	MA2359.1	PK23829.1	TTATCCR	6.16e-2	1.00e0	9.27e2	411	206	206	206	12	4	1.94	0	0.00
320	data/reference/motifs/JASPAR2026_CORE_plants_non-redundant_pfms_meme.txt	MA1662.2	AT3G10030	TTAACAGA	6.16e-2	1.00e0	9.27e2	412	206	206	206	20	4	1.94	0	0.00
321	data/reference/motifs/JASPAR2026_CORE_plants_non-redundant_pfms_meme.txt	MA1330.2	ZHD6	AAWHRTAATTAA	6.16e-2	1.00e0	9.27e2	412	206	206	206	3	206	100.00	202	98.06
322	data/reference/motifs/JASPAR2026_CORE_plants_non-redundant_pfms_meme.txt	MA2604.1	dof22	ACTTTTAC	6.17e-2	1.00e0	9.27e2	412	206	206	206	20	199	96.60	191	92.72
323	data/reference/motifs/JASPAR2026_CORE_plants_non-redundant_pfms_meme.txt	MA0982.2	DOF2.4	AAAG	6.17e-2	1.00e0	9.27e2	412	206	206	206	168	199	96.60	191	92.72
324	data/reference/motifs/JASPAR2026_CORE_plants_non-redundant_pfms_meme.txt	MA1066.1	TCP23	GGGCCCAC	7.86e-2	1.00e0	9.27e2	327	206	206	206	7	13	6.31	6	2.91
325	data/reference/motifs/JASPAR2026_CORE_plants_non-redundant_pfms_meme.txt	MA1822.2	Zm00001d018571	GTACGTAC	6.46e-2	1.00e0	9.27e2	401	206	206	206	14	37	17.96	25	12.14
326	data/reference/motifs/JASPAR2026_CORE_plants_non-redundant_pfms_meme.txt	MA0082.2	squamosa	MCAWAWATRGWAA	6.33e-2	1.00e0	9.27e2	412	206	206	206	14	85	41.26	69	33.50
327	data/reference/motifs/JASPAR2026_CORE_plants_non-redundant_pfms_meme.txt	MA2446.1	SPL5A	GCGGTASTACCGC	2.49e-1	1.00e0	9.27e2	91	206	206	206	6	2	0.97	0	0.00
328	data/reference/motifs/JASPAR2026_CORE_plants_non-redundant_pfms_meme.txt	MA2452.1	SPL8A	ATAGTACTC	6.48e-2	1.00e0	9.27e2	404	206	206	206	4	165	80.10	151	73.30
329	data/reference/motifs/JASPAR2026_CORE_plants_non-redundant_pfms_meme.txt	MA2028.2	MYB49	TTACCTAACTW	6.47e-2	1.00e0	9.27e2	407	206	206	206	8	88	42.72	72	34.95
330	data/reference/motifs/JASPAR2026_CORE_plants_non-redundant_pfms_meme.txt	MA1215.2	ATHB-53	CAATAATTG	6.46e-2	1.00e0	9.27e2	409	206	206	206	4	181	87.86	169	82.04
331	data/reference/motifs/JASPAR2026_CORE_plants_non-redundant_pfms_meme.txt	MA1280.2	DOF5.4	AAAAAGK	6.47e-2	1.00e0	9.27e2	412	206	206	206	18	88	42.72	72	34.95
332	data/reference/motifs/JASPAR2026_CORE_plants_non-redundant_pfms_meme.txt	MA1241.2	ERF043	CCACCGACA	2.46e-1	1.00e0	9.27e2	109	206	206	206	2	12	5.83	8	3.88
333	data/reference/motifs/JASPAR2026_CORE_plants_non-redundant_pfms_meme.txt	MA2440.1	SPL2B	GCGGTASTACCGC	2.24e-1	1.00e0	9.27e2	120	206	206	206	1	64	31.07	56	27.18
334	data/reference/motifs/JASPAR2026_CORE_plants_non-redundant_pfms_meme.txt	MA1184.2	RVE1	WAAATATCT	6.69e-2	1.00e0	9.27e2	404	206	206	206	6	94	45.63	78	37.86
335	data/reference/motifs/JASPAR2026_CORE_plants_non-redundant_pfms_meme.txt	MA2642.1	GLYMA-10G230700	AAGATATTTWTW	6.70e-2	1.00e0	9.27e2	404	206	206	206	12	20	9.71	11	5.34
336	data/reference/motifs/JASPAR2026_CORE_plants_non-redundant_pfms_meme.txt	MA2442.1	SPL3B	AGCGGTASTACCGC	3.05e-1	1.00e0	9.27e2	75	206	206	206	1	40	19.42	35	16.99
337	data/reference/motifs/JASPAR2026_CORE_plants_non-redundant_pfms_meme.txt	MA1760.1	HSFA6A	GAAGNTTCTAGAA	3.05e-1	1.00e0	9.27e2	75	206	206	206	1	40	19.42	35	16.99
338	data/reference/motifs/JASPAR2026_CORE_plants_non-redundant_pfms_meme.txt	MA1673.2	LBD18	GCCGGAAA	6.66e-2	1.00e0	9.27e2	410	206	206	206	7	129	62.62	113	54.85
339	data/reference/motifs/JASPAR2026_CORE_plants_non-redundant_pfms_meme.txt	MA1175.2	MYB81	TAACHGWWT	6.64e-2	1.00e0	9.27e2	412	206	206	206	11	173	83.98	160	77.67
340	data/reference/motifs/JASPAR2026_CORE_plants_non-redundant_pfms_meme.txt	MA2351.1	OsEIL3	AGRTACAT	6.66e-2	1.00e0	9.27e2	412	206	206	206	9	93	45.15	77	37.38
341	data/reference/motifs/JASPAR2026_CORE_plants_non-redundant_pfms_meme.txt	MA1795.2	RAP2-4	CRCCGACC	6.71e-2	1.00e0	9.27e2	411	206	206	206	26	38	18.45	26	12.62
342	data/reference/motifs/JASPAR2026_CORE_plants_non-redundant_pfms_meme.txt	MA2344.1	REV	AATMATCATTATTA	6.76e-2	1.00e0	9.27e2	410	206	206	206	3	201	97.57	194	94.17
343	data/reference/motifs/JASPAR2026_CORE_plants_non-redundant_pfms_meme.txt	MA2615.1	ereb109	CGCCGCC	5.00e-1	1.00e0	9.27e2	40	206	206	206	2	4	1.94	3	1.46
344	data/reference/motifs/JASPAR2026_CORE_plants_non-redundant_pfms_meme.txt	MA2019.2	HSFA1B	GAAACTTC	6.76e-2	1.00e0	9.27e2	411	206	206	206	3	201	97.57	194	94.17
345	data/reference/motifs/JASPAR2026_CORE_plants_non-redundant_pfms_meme.txt	MA1356.1	TRP2	AACCCTAAACCCTAAACCCTA	7.54e-1	1.00e0	9.27e2	20	206	206	206	1	9	4.37	11	5.34
346	data/reference/motifs/JASPAR2026_CORE_plants_non-redundant_pfms_meme.txt	MA2429.1	SPL13D	AGCGGTASTACCGCT	7.54e-1	1.00e0	9.27e2	20	206	206	206	1	9	4.37	11	5.34
347	data/reference/motifs/JASPAR2026_CORE_plants_non-redundant_pfms_meme.txt	MA1244.2	ABR1	DTKGCGGCGGMG	1.39e-1	1.00e0	9.27e2	202	206	206	206	1	107	51.94	95	46.12
348	data/reference/motifs/JASPAR2026_CORE_plants_non-redundant_pfms_meme.txt	MA2723.1	Solyc06g060230	ACACGTCTCT	6.91e-2	1.00e0	9.27e2	408	206	206	206	7	103	50.00	87	42.23
349	data/reference/motifs/JASPAR2026_CORE_plants_non-redundant_pfms_meme.txt	MA2043.2	NAC004	CAAGAAA	6.84e-2	1.00e0	9.27e2	412	206	206	206	14	149	72.33	134	65.05
350	data/reference/motifs/JASPAR2026_CORE_plants_non-redundant_pfms_meme.txt	MA1158.2	MGP	AAAACGACAAAAA	9.71e-2	1.00e0	9.27e2	291	206	206	206	1	152	73.79	139	67.48
351	data/reference/motifs/JASPAR2026_CORE_plants_non-redundant_pfms_meme.txt	MA1013.1	GATA10	TAGATCTG	8.60e-2	1.00e0	9.27e2	330	206	206	206	12	10	4.85	4	1.94
352	data/reference/motifs/JASPAR2026_CORE_plants_non-redundant_pfms_meme.txt	MA1288.2	TCP22	GTGGGHCCCAC	1.86e-1	1.00e0	9.27e2	153	206	206	206	5	4	1.94	1	0.49
353	data/reference/motifs/JASPAR2026_CORE_plants_non-redundant_pfms_meme.txt	MA1675.2	NAC029	ACGCAACT	7.00e-2	1.00e0	9.27e2	407	206	206	206	13	9	4.37	3	1.46
354	data/reference/motifs/JASPAR2026_CORE_plants_non-redundant_pfms_meme.txt	MA1056.2	SPL11	CGTACGGA	1.00e-1	1.00e0	9.27e2	285	206	206	206	1	149	72.33	136	66.02
355	data/reference/motifs/JASPAR2026_CORE_plants_non-redundant_pfms_meme.txt	MA1060.2	SPL7	CGTACG	6.98e-2	1.00e0	9.27e2	412	206	206	206	29	16	7.77	8	3.88
356	data/reference/motifs/JASPAR2026_CORE_plants_non-redundant_pfms_meme.txt	MA2725.1	SlWRKY6	AAAGTCAAC	7.00e-2	1.00e0	9.27e2	412	206	206	206	18	9	4.37	3	1.46
357	data/reference/motifs/JASPAR2026_CORE_plants_non-redundant_pfms_meme.txt	MA2627.1	bzip9	CACGTCA	7.00e-2	1.00e0	9.27e2	412	206	206	206	23	9	4.37	3	1.46
358	data/reference/motifs/JASPAR2026_CORE_plants_non-redundant_pfms_meme.txt	MA1345.2	BZIP48	GCCACGTCAGCA	2.76e-1	1.00e0	9.27e2	90	206	206	206	1	48	23.30	42	20.39
359	data/reference/motifs/JASPAR2026_CORE_plants_non-redundant_pfms_meme.txt	MA1828.2	Zm00001d038683	GTGGTCCA	7.28e-2	1.00e0	9.27e2	404	206	206	206	14	21	10.19	12	5.83
360	data/reference/motifs/JASPAR2026_CORE_plants_non-redundant_pfms_meme.txt	MA1794.2	NLP7	TGVCYYTT	7.15e-2	1.00e0	9.27e2	412	206	206	206	13	145	70.39	130	63.11
361	data/reference/motifs/JASPAR2026_CORE_plants_non-redundant_pfms_meme.txt	MA2643.1	SNAC23	YACGGAACT	7.28e-2	1.00e0	9.27e2	408	206	206	206	11	21	10.19	12	5.83
362	data/reference/motifs/JASPAR2026_CORE_plants_non-redundant_pfms_meme.txt	MA2046.2	NAC035	CACGGCA	7.22e-2	1.00e0	9.27e2	412	206	206	206	11	77	37.38	62	30.10
363	data/reference/motifs/JASPAR2026_CORE_plants_non-redundant_pfms_meme.txt	MA2664.1	GLYMA-03G162700	GGYGGYGGCGGCGGMGGCGGYGG	5.00e-1	1.00e0	9.27e2	43	206	206	206	16	3	1.46	2	0.97
364	data/reference/motifs/JASPAR2026_CORE_plants_non-redundant_pfms_meme.txt	MA0580.1	DYT1	MGTGAGWCACGTGA	2.77e-1	1.00e0	9.27e2	92	206	206	206	1	49	23.79	43	20.87
365	data/reference/motifs/JASPAR2026_CORE_plants_non-redundant_pfms_meme.txt	MA1049.2	ERF094	MGCCGCC	1.26e-1	1.00e0	9.27e2	238	206	206	206	4	13	6.31	7	3.40
366	data/reference/motifs/JASPAR2026_CORE_plants_non-redundant_pfms_meme.txt	MA2445.1	SPL4D	GGTACTACCGCT	1.03e-1	1.00e0	9.27e2	291	206	206	206	3	56	27.18	44	21.36
367	data/reference/motifs/JASPAR2026_CORE_plants_non-redundant_pfms_meme.txt	MA0975.1	CRF2	SCGCCGCC	1.39e-1	1.00e0	9.27e2	216	206	206	206	1	114	55.34	102	49.51
368	data/reference/motifs/JASPAR2026_CORE_plants_non-redundant_pfms_meme.txt	MA1268.2	CDF5	TTYACTTTTTYTTTTTTTTTT	7.36e-2	1.00e0	9.27e2	411	206	206	206	6	169	82.04	156	75.73
369	data/reference/motifs/JASPAR2026_CORE_plants_non-redundant_pfms_meme.txt	MA2399.1	LjSGA_053525.1	GGGCCCAC	1.11e-1	1.00e0	9.27e2	277	206	206	206	2	84	40.78	71	34.47
370	data/reference/motifs/JASPAR2026_CORE_plants_non-redundant_pfms_meme.txt	MA2461.1	WOX13	TTGATTGA	7.52e-2	1.00e0	9.27e2	412	206	206	206	23	27	13.11	17	8.25
371	data/reference/motifs/JASPAR2026_CORE_plants_non-redundant_pfms_meme.txt	MA1687.1	ARF14	CGGGGGACAYGTCGGG	3.12e-1	1.00e0	9.27e2	83	206	206	206	1	44	21.36	39	18.93
372	data/reference/motifs/JASPAR2026_CORE_plants_non-redundant_pfms_meme.txt	MA2448.1	SPL5D	AGCGGTASTACCGC	3.92e-1	1.00e0	9.27e2	63	206	206	206	1	33	16.02	30	14.56
373	data/reference/motifs/JASPAR2026_CORE_plants_non-redundant_pfms_meme.txt	MA2042.2	MYB58	CCACCAACC	7.66e-2	1.00e0	9.27e2	412	206	206	206	15	42	20.39	30	14.56
374	data/reference/motifs/JASPAR2026_CORE_plants_non-redundant_pfms_meme.txt	MA2475.1	HOX6	TGATTG	7.72e-2	1.00e0	9.27e2	412	206	206	206	52	85	41.26	70	33.98
375	data/reference/motifs/JASPAR2026_CORE_plants_non-redundant_pfms_meme.txt	MA2428.1	SPL13B	GCGGTASTACCGC	3.94e-1	1.00e0	9.27e2	65	206	206	206	1	34	16.50	31	15.05
376	data/reference/motifs/JASPAR2026_CORE_plants_non-redundant_pfms_meme.txt	MA2616.1	ereb17	CGCCGCCGCCGCCS	2.33e-1	1.00e0	9.27e2	140	206	206	206	1	74	35.92	66	32.04
377	data/reference/motifs/JASPAR2026_CORE_plants_non-redundant_pfms_meme.txt	MA1791.1	NAC087	TTDCTTGTNNNACACGYWA	3.24e-1	1.00e0	9.27e2	101	206	206	206	1	53	25.73	48	23.30
378	data/reference/motifs/JASPAR2026_CORE_plants_non-redundant_pfms_meme.txt	MA0978.1	DREB1E	ATGTCGGC	1.08e-1	1.00e0	9.27e2	304	206	206	206	6	5	2.43	1	0.49
379	data/reference/motifs/JASPAR2026_CORE_plants_non-redundant_pfms_meme.txt	MA2434.1	SPL16A	AGCGGTAGTAC	1.00e-1	1.00e0	9.27e2	330	206	206	206	2	111	53.88	97	47.09
380	data/reference/motifs/JASPAR2026_CORE_plants_non-redundant_pfms_meme.txt	MA1821.2	Zm00001d020595	GGCGGCGGCG	7.51e-1	1.00e0	9.27e2	24	206	206	206	4	1	0.49	1	0.49
381	data/reference/motifs/JASPAR2026_CORE_plants_non-redundant_pfms_meme.txt	MA2646.1	GLYMA-11G083900	GTACGGA	1.01e-1	1.00e0	9.27e2	333	206	206	206	6	11	5.34	5	2.43
382	data/reference/motifs/JASPAR2026_CORE_plants_non-redundant_pfms_meme.txt	MA1401.2	RVE7	AAAATATCT	1.14e-1	1.00e0	9.27e2	296	206	206	206	1	154	74.76	142	68.93
383	data/reference/motifs/JASPAR2026_CORE_plants_non-redundant_pfms_meme.txt	MA1810.2	GLYMA-08G357600	ATGCATGCA	8.25e-2	1.00e0	9.27e2	407	206	206	206	15	36	17.48	25	12.14
384	data/reference/motifs/JASPAR2026_CORE_plants_non-redundant_pfms_meme.txt	MA2657.1	GLYMA-14G028900	AAAAGTCAAA	8.34e-2	1.00e0	9.27e2	409	206	206	206	7	117	56.80	102	49.51
385	data/reference/motifs/JASPAR2026_CORE_plants_non-redundant_pfms_meme.txt	MA1398.3	KUA1	CTTATCCA	8.32e-2	1.00e0	9.27e2	412	206	206	206	20	29	14.08	19	9.22
386	data/reference/motifs/JASPAR2026_CORE_plants_non-redundant_pfms_meme.txt	MA1045.2	NAC043	TWACGTAA	8.32e-2	1.00e0	9.27e2	412	206	206	206	4	187	90.78	177	85.92
387	data/reference/motifs/JASPAR2026_CORE_plants_non-redundant_pfms_meme.txt	MA1804.2	WIN1	CRCCGC	8.25e-2	1.00e0	9.27e2	412	206	206	206	40	36	17.48	25	12.14
388	data/reference/motifs/JASPAR2026_CORE_plants_non-redundant_pfms_meme.txt	MA1232.2	ERF054	GDCGGYGG	1.01e-1	1.00e0	9.27e2	335	206	206	206	4	71	34.47	58	28.16
389	data/reference/motifs/JASPAR2026_CORE_plants_non-redundant_pfms_meme.txt	MA2392.1	GRMZM2G135447	TGACRKS	8.31e-2	1.00e0	9.27e2	412	206	206	206	9	173	83.98	161	78.16
390	data/reference/motifs/JASPAR2026_CORE_plants_non-redundant_pfms_meme.txt	MA2361.1	PRUPE_ppa000682mg	GTACGG	8.31e-2	1.00e0	9.27e2	412	206	206	206	44	102	49.51	87	42.23
391	data/reference/motifs/JASPAR2026_CORE_plants_non-redundant_pfms_meme.txt	MA2088.1	PK24580.1	GCCGGCA	3.12e-1	1.00e0	9.27e2	109	206	206	206	6	3	1.46	1	0.49
392	data/reference/motifs/JASPAR2026_CORE_plants_non-redundant_pfms_meme.txt	MA1811.3	GLYMA-13G317000	GGACACSTGTCA	1.08e-1	1.00e0	9.27e2	329	206	206	206	10	5	2.43	1	0.49
393	data/reference/motifs/JASPAR2026_CORE_plants_non-redundant_pfms_meme.txt	MA2743.1	SlWRKY23	AAAGTCAAM	8.37e-2	1.00e0	9.27e2	411	206	206	206	4	192	93.20	183	88.83
394	data/reference/motifs/JASPAR2026_CORE_plants_non-redundant_pfms_meme.txt	MA2750.1	TraesCS7B02G142200	TGTACGGAC	9.22e-2	1.00e0	9.27e2	376	206	206	206	4	83	40.29	69	33.50
395	data/reference/motifs/JASPAR2026_CORE_plants_non-redundant_pfms_meme.txt	MA2755.1	hsftf24	ACTAGAAGCTTCTGGAA	1.24e-1	1.00e0	9.27e2	278	206	206	206	1	145	70.39	133	64.56
396	data/reference/motifs/JASPAR2026_CORE_plants_non-redundant_pfms_meme.txt	MA1273.2	DOF4.2	AAAAAGGYAAA	8.46e-2	1.00e0	9.27e2	411	206	206	206	7	162	78.64	149	72.33
397	data/reference/motifs/JASPAR2026_CORE_plants_non-redundant_pfms_meme.txt	MA2034.2	NAC057	CAAGTAA	8.38e-2	1.00e0	9.27e2	412	206	206	206	20	111	53.88	96	46.60
398	data/reference/motifs/JASPAR2026_CORE_plants_non-redundant_pfms_meme.txt	MA1809.2	GLYMA-07G038400	CTGACAC	8.60e-2	1.00e0	9.27e2	412	206	206	206	33	10	4.85	4	1.94
399	data/reference/motifs/JASPAR2026_CORE_plants_non-redundant_pfms_meme.txt	MA1019.2	Glyma19g26560.1	GGSCCCAC	8.74e-2	1.00e0	9.27e2	403	206	206	206	1	204	99.03	199	96.60
400	data/reference/motifs/JASPAR2026_CORE_plants_non-redundant_pfms_meme.txt	MA1364.2	BHLH72	GCCACGTGG	1.34e-1	1.00e0	9.27e2	264	206	206	206	3	35	16.99	26	12.62
401	data/reference/motifs/JASPAR2026_CORE_plants_non-redundant_pfms_meme.txt	MA0961.2	bHLH112	CCACTTG	2.49e-1	1.00e0	9.27e2	139	206	206	206	4	2	0.97	0	0.00
402	data/reference/motifs/JASPAR2026_CORE_plants_non-redundant_pfms_meme.txt	MA2390.1	GLYMA19G26560	GGSCCCAC	8.74e-2	1.00e0	9.27e2	403	206	206	206	1	204	99.03	199	96.60
403	data/reference/motifs/JASPAR2026_CORE_plants_non-redundant_pfms_meme.txt	MA2357.1	PK21687.1	WAAACCC	8.49e-2	1.00e0	9.27e2	412	206	206	206	34	73	35.44	59	28.64
404	data/reference/motifs/JASPAR2026_CORE_plants_non-redundant_pfms_meme.txt	MA2350.1	OsFBH1	CCACTTG	2.49e-1	1.00e0	9.27e2	139	206	206	206	4	2	0.97	0	0.00
405	data/reference/motifs/JASPAR2026_CORE_plants_non-redundant_pfms_meme.txt	MA0935.1	NAC025	YACGTAAY	1.03e-1	1.00e0	9.27e2	335	206	206	206	1	173	83.98	162	78.64
406	data/reference/motifs/JASPAR2026_CORE_plants_non-redundant_pfms_meme.txt	MA1808.3	GLYMA-06G314400	GACACGTGGC	1.14e-1	1.00e0	9.27e2	384	206	206	206	12	12	5.83	6	2.91
407	data/reference/motifs/JASPAR2026_CORE_plants_non-redundant_pfms_meme.txt	MA2670.1	GLYMA-15G168800	CAATGATTG	1.61e-1	1.00e0	9.27e2	391	206	206	206	2	181	87.86	173	83.98
408	data/reference/motifs/JASPAR2026_CORE_plants_non-redundant_pfms_meme.txt	MA2668.1	GLYMA-20G155100	RCCGACAT	1.27e-1	1.00e0	9.27e2	365	206	206	206	6	25	12.14	17	8.25
409	data/reference/motifs/JASPAR2026_CORE_plants_non-redundant_pfms_meme.txt	MA2667.1	GLYMA-13G236500	ACGACGGCGGAG	3.03e-1	1.00e0	9.27e2	254	206	206	206	2	76	36.89	70	33.98
410	data/reference/motifs/JASPAR2026_CORE_plants_non-redundant_pfms_meme.txt	MA2666.1	GLYMA-12G117000	GGMGGCGGYGGCGGMGG	5.00e-1	1.00e0	9.27e2	140	206	206	206	7	8	3.88	7	3.40
411	data/reference/motifs/JASPAR2026_CORE_plants_non-redundant_pfms_meme.txt	MA2665.1	GLYMA-11G053600	CACCGACAC	3.70e-1	1.00e0	9.27e2	400	206	206	206	3	152	73.79	148	71.84
412	data/reference/motifs/JASPAR2026_CORE_plants_non-redundant_pfms_meme.txt	MA2663.1	GLYMA-02G261700	TCACCGACATA	3.43e-1	1.00e0	9.27e2	364	206	206	206	10	4	1.94	2	0.97
413	data/reference/motifs/JASPAR2026_CORE_plants_non-redundant_pfms_meme.txt	MA2662.1	GLYMA-13G153200	GCCACGTCA	1.03e-1	1.00e0	9.27e2	405	206	206	206	9	27	13.11	18	8.74
414	data/reference/motifs/JASPAR2026_CORE_plants_non-redundant_pfms_meme.txt	MA2660.1	GLYMA-12G168700	WWWTGTAATTACAWWW	4.29e-1	1.00e0	9.27e2	399	206	206	206	20	18	8.74	16	7.77
415	data/reference/motifs/JASPAR2026_CORE_plants_non-redundant_pfms_meme.txt	MA2658.1	GLYMA-19G094100	ATTGACTTW	9.99e-2	1.00e0	9.27e2	412	206	206	206	12	54	26.21	42	20.39
416	data/reference/motifs/JASPAR2026_CORE_plants_non-redundant_pfms_meme.txt	MA2656.1	GLYMA-14G006800	TGGTCAACCA	5.00e-1	1.00e0	9.27e2	411	206	206	206	3	193	93.69	192	93.20
417	data/reference/motifs/JASPAR2026_CORE_plants_non-redundant_pfms_meme.txt	MA2654.1	GLYMA-05G127600	GGTCAAC	1.88e-1	1.00e0	9.27e2	412	206	206	206	13	111	53.88	101	49.03
418	data/reference/motifs/JASPAR2026_CORE_plants_non-redundant_pfms_meme.txt	MA2652.1	GLYMA-01G053800	AGTTGAC	5.00e-1	1.00e0	9.27e2	412	206	206	206	2	205	99.51	204	99.03
419	data/reference/motifs/JASPAR2026_CORE_plants_non-redundant_pfms_meme.txt	MA2648.1	GLYMA-19G146000	AAGGTACAC	1.09e-1	1.00e0	9.27e2	411	206	206	206	8	81	39.32	68	33.01
420	data/reference/motifs/JASPAR2026_CORE_plants_non-redundant_pfms_meme.txt	MA2647.1	GLYMA-12G226000	AAGTACAA	9.65e-2	1.00e0	9.27e2	412	206	206	206	13	166	80.58	154	74.76
421	data/reference/motifs/JASPAR2026_CORE_plants_non-redundant_pfms_meme.txt	MA2644.1	GLYMA-14G030700	AACGACGGCA	4.59e-1	1.00e0	9.27e2	353	206	206	206	4	71	34.47	69	33.50
422	data/reference/motifs/JASPAR2026_CORE_plants_non-redundant_pfms_meme.txt	MA2641.1	GLYMA-01G038600	CCTTATCCA	2.28e-1	1.00e0	9.27e2	412	206	206	206	14	18	8.74	13	6.31
423	data/reference/motifs/JASPAR2026_CORE_plants_non-redundant_pfms_meme.txt	MA2745.1	SlWRKY81	AAGTCAAC	2.08e-1	1.00e0	9.27e2	412	206	206	206	11	82	39.81	73	35.44
424	data/reference/motifs/JASPAR2026_CORE_plants_non-redundant_pfms_meme.txt	MA2742.1	SlWRKY11	GTTGACTTTT	2.72e-1	1.00e0	9.27e2	319	206	206	206	5	15	7.28	11	5.34
425	data/reference/motifs/JASPAR2026_CORE_plants_non-redundant_pfms_meme.txt	MA2737.1	SlERF36	CMGCCGCCAC	3.12e-1	1.00e0	9.27e2	364	206	206	206	23	3	1.46	1	0.49
426	data/reference/motifs/JASPAR2026_CORE_plants_non-redundant_pfms_meme.txt	MA2735.1	SlbHLH014	GMCACGTGBC	2.49e-1	1.00e0	9.27e2	288	206	206	206	12	2	0.97	0	0.00
427	data/reference/motifs/JASPAR2026_CORE_plants_non-redundant_pfms_meme.txt	MA2734.1	Sl-ERF_F_5	CCGCCGCCGCCRCCRCC	5.00e-1	1.00e0	9.27e2	124	206	206	206	12	3	1.46	2	0.97
428	data/reference/motifs/JASPAR2026_CORE_plants_non-redundant_pfms_meme.txt	MA2733.1	Sl-ERF_F_4	GCMGCMGCCGCCGCCGYCR	5.00e-1	1.00e0	9.27e2	78	206	206	206	11	2	0.97	1	0.49
429	data/reference/motifs/JASPAR2026_CORE_plants_non-redundant_pfms_meme.txt	MA2732.1	Sl-ERF_C_4	YCGCCGCCGCCR	2.75e-1	1.00e0	9.27e2	237	206	206	206	1	122	59.22	115	55.83
430	data/reference/motifs/JASPAR2026_CORE_plants_non-redundant_pfms_meme.txt	MA2731.1	sep3	WTTTCCAAAAAGGGAAAAAAW	3.43e-1	1.00e0	9.27e2	113	206	206	206	3	4	1.94	2	0.97
431	data/reference/motifs/JASPAR2026_CORE_plants_non-redundant_pfms_meme.txt	MA2730.1	Solyc01g079480	YSACGTGKCA	1.08e-1	1.00e0	9.27e2	338	206	206	206	7	5	2.43	1	0.49
432	data/reference/motifs/JASPAR2026_CORE_plants_non-redundant_pfms_meme.txt	MA2729.1	vahox1	AAATAATTG	8.65e-2	1.00e0	9.27e2	411	206	206	206	13	145	70.39	131	63.59
433	data/reference/motifs/JASPAR2026_CORE_plants_non-redundant_pfms_meme.txt	MA2726.1	SlWRKY41	GTTGACTT	3.12e-1	1.00e0	9.27e2	412	206	206	206	2	205	99.51	203	98.54
434	data/reference/motifs/JASPAR2026_CORE_plants_non-redundant_pfms_meme.txt	MA2722.1	Sl-ERF_F_2	CGGCGGCKGCGGCGR	5.00e-1	1.00e0	9.27e2	91	206	206	206	10	2	0.97	1	0.49
435	data/reference/motifs/JASPAR2026_CORE_plants_non-redundant_pfms_meme.txt	MA2721.1	Sl-ERF_C_6	YCGCCGCCGCCRCCRCCGCC	5.00e-1	1.00e0	9.27e2	80	206	206	206	18	3	1.46	2	0.97
436	data/reference/motifs/JASPAR2026_CORE_plants_non-redundant_pfms_meme.txt	MA2718.1	Sl-ERF_A_3	GGYGGCGGCGGCGGCGG	5.00e-1	1.00e0	9.27e2	72	206	206	206	11	2	0.97	1	0.49
437	data/reference/motifs/JASPAR2026_CORE_plants_non-redundant_pfms_meme.txt	MA2716.1	dreb3	CCACCGACCA	3.83e-1	1.00e0	9.27e2	363	206	206	206	3	114	55.34	110	53.40
438	data/reference/motifs/JASPAR2026_CORE_plants_non-redundant_pfms_meme.txt	MA2714.1	APETALA2a	ATTACCTCGTACYA	4.19e-1	1.00e0	9.27e2	151	206	206	206	1	77	37.38	74	35.92
439	data/reference/motifs/JASPAR2026_CORE_plants_non-redundant_pfms_meme.txt	MA2713.1	SlDof14	CTTTTTC	3.45e-1	1.00e0	9.27e2	412	206	206	206	15	36	17.48	32	15.53
440	data/reference/motifs/JASPAR2026_CORE_plants_non-redundant_pfms_meme.txt	MA2712.1	eil1	TCTAGATACATTGAATCT	2.73e-1	1.00e0	9.27e2	165	206	206	206	1	86	41.75	79	38.35
441	data/reference/motifs/JASPAR2026_CORE_plants_non-redundant_pfms_meme.txt	MA2710.1	SolycHsfB1	TTCTAGAA	3.62e-1	1.00e0	9.27e2	366	206	206	206	12	5	2.43	3	1.46
442	data/reference/motifs/JASPAR2026_CORE_plants_non-redundant_pfms_meme.txt	MA2709.1	SolycHsfA2	TTCTAGAAKMTTCTA	1.55e-1	1.00e0	9.27e2	240	206	206	206	2	58	28.16	48	23.30
443	data/reference/motifs/JASPAR2026_CORE_plants_non-redundant_pfms_meme.txt	MA2708.1	SlDof4	AGAAAAAGTAA	1.78e-1	1.00e0	9.27e2	412	206	206	206	16	136	66.02	126	61.17
444	data/reference/motifs/JASPAR2026_CORE_plants_non-redundant_pfms_meme.txt	MA2752.1	TaOBF1b	TGCCACGTCATCATC	5.00e-1	1.00e0	9.27e2	275	206	206	206	14	1	0.49	0	0.00
445	data/reference/motifs/JASPAR2026_CORE_plants_non-redundant_pfms_meme.txt	MA2751.1	TraesCS2B02G304400	CCACTCGACC	4.10e-1	1.00e0	9.27e2	362	206	206	206	8	11	5.34	9	4.37
446	data/reference/motifs/JASPAR2026_CORE_plants_non-redundant_pfms_meme.txt	MA2748.1	TraesCS6B02G321100	CAATTATTG	1.69e-1	1.00e0	9.27e2	410	206	206	206	21	7	3.40	3	1.46
447	data/reference/motifs/JASPAR2026_CORE_plants_non-redundant_pfms_meme.txt	MA2747.1	TraesCS6A02G290800	CAATAATTG	3.05e-1	1.00e0	9.27e2	412	206	206	206	8	171	83.01	166	80.58
448	data/reference/motifs/JASPAR2026_CORE_plants_non-redundant_pfms_meme.txt	MA2746.1	HB-HD-ZIP-2A-2	WTGCAATCATT	1.61e-1	1.00e0	9.27e2	412	206	206	206	4	200	97.09	195	94.66
449	data/reference/motifs/JASPAR2026_CORE_plants_non-redundant_pfms_meme.txt	MA2762.1	myb53	AGTTAGGCAC	1.24e-1	1.00e0	9.27e2	398	206	206	206	11	3	1.46	0	0.00
450	data/reference/motifs/JASPAR2026_CORE_plants_non-redundant_pfms_meme.txt	MA2761.1	myb100	TRCCTAACTT	9.08e-2	1.00e0	9.27e2	411	206	206	206	5	178	86.41	167	81.07
451	data/reference/motifs/JASPAR2026_CORE_plants_non-redundant_pfms_meme.txt	MA2760.1	p2	CACCTAAC	1.34e-1	1.00e0	9.27e2	412	206	206	206	14	87	42.23	75	36.41
452	data/reference/motifs/JASPAR2026_CORE_plants_non-redundant_pfms_meme.txt	MA2758.1	ereb122	CCGACCA	1.10e-1	1.00e0	9.27e2	411	206	206	206	14	47	22.82	36	17.48
453	data/reference/motifs/JASPAR2026_CORE_plants_non-redundant_pfms_meme.txt	MA2756.1	dfo23	TACCTTTTTCT	1.16e-1	1.00e0	9.27e2	412	206	206	206	14	152	73.79	140	67.96
454	data/reference/motifs/JASPAR2026_CORE_plants_non-redundant_pfms_meme.txt	MA2754.1	wrky38	CGTGGACC	2.51e-1	1.00e0	9.27e2	405	206	206	206	21	6	2.91	3	1.46
455	data/reference/motifs/JASPAR2026_CORE_plants_non-redundant_pfms_meme.txt	MA2753.1	cpp8	GAATTTGAAW	2.13e-1	1.00e0	9.27e2	412	206	206	206	30	16	7.77	11	5.34
456	data/reference/motifs/JASPAR2026_CORE_plants_non-redundant_pfms_meme.txt	MA2626.1	bzip40	GTGACGTGGC	1.08e-1	1.00e0	9.27e2	406	206	206	206	1	205	99.51	201	97.57
457	data/reference/motifs/JASPAR2026_CORE_plants_non-redundant_pfms_meme.txt	MA2625.1	mybr17	CATTATC	2.49e-1	1.00e0	9.27e2	412	206	206	206	15	206	100.00	204	99.03
458	data/reference/motifs/JASPAR2026_CORE_plants_non-redundant_pfms_meme.txt	MA2624.1	myb37	TAACCGAA	2.25e-1	1.00e0	9.27e2	412	206	206	206	26	5	2.43	2	0.97
459	data/reference/motifs/JASPAR2026_CORE_plants_non-redundant_pfms_meme.txt	MA2620.1	g2	CCTTATCC	2.49e-1	1.00e0	9.27e2	412	206	206	206	38	2	0.97	0	0.00
460	data/reference/motifs/JASPAR2026_CORE_plants_non-redundant_pfms_meme.txt	MA2619.1	ereb18	CCGCCGCCGCCCGCC	3.62e-1	1.00e0	9.27e2	150	206	206	206	15	5	2.43	3	1.46
461	data/reference/motifs/JASPAR2026_CORE_plants_non-redundant_pfms_meme.txt	MA2618.1	ereb102	CGACGGCGA	1.42e-1	1.00e0	9.27e2	343	206	206	206	5	50	24.27	40	19.42
462	data/reference/motifs/JASPAR2026_CORE_plants_non-redundant_pfms_meme.txt	MA2617.1	ereb54	GCGGCGGCGGC	5.00e-1	1.00e0	9.27e2	117	206	206	206	7	4	1.94	3	1.46
463	data/reference/motifs/JASPAR2026_CORE_plants_non-redundant_pfms_meme.txt	MA2614.1	ereb198	SCGCCGCCGCCR	3.12e-1	1.00e0	9.27e2	142	206	206	206	16	3	1.46	1	0.49
464	data/reference/motifs/JASPAR2026_CORE_plants_non-redundant_pfms_meme.txt	MA2613.1	ereb34	GCCGCCGCCGCCCS	2.51e-1	1.00e0	9.27e2	159	206	206	206	11	6	2.91	3	1.46
465	data/reference/motifs/JASPAR2026_CORE_plants_non-redundant_pfms_meme.txt	MA2611.1	ereb209	GCGCCGC	8.76e-1	1.00e0	9.27e2	20	206	206	206	2	1	0.49	2	0.97
466	data/reference/motifs/JASPAR2026_CORE_plants_non-redundant_pfms_meme.txt	MA2609.1	ereb172	CAGCCGCA	2.92e-1	1.00e0	9.27e2	394	206	206	206	2	177	85.92	172	83.50
467	data/reference/motifs/JASPAR2026_CORE_plants_non-redundant_pfms_meme.txt	MA2608.1	glk53	AAGGAATATTCTTT	1.58e-1	1.00e0	9.27e2	405	206	206	206	3	171	83.01	162	78.64
468	data/reference/motifs/JASPAR2026_CORE_plants_non-redundant_pfms_meme.txt	MA2607.1	tcptf23	GGGACCAC	1.42e-1	1.00e0	9.27e2	401	206	206	206	16	6	2.91	2	0.97
469	data/reference/motifs/JASPAR2026_CORE_plants_non-redundant_pfms_meme.txt	MA2606.1	mybr43	CCTTATCC	2.49e-1	1.00e0	9.27e2	412	206	206	206	30	2	0.97	0	0.00
470	data/reference/motifs/JASPAR2026_CORE_plants_non-redundant_pfms_meme.txt	MA2605.1	mybr26	CCTTATCC	1.24e-1	1.00e0	9.27e2	412	206	206	206	31	3	1.46	0	0.00
471	data/reference/motifs/JASPAR2026_CORE_plants_non-redundant_pfms_meme.txt	MA2473.1	HB88	TTGATTG	9.80e-2	1.00e0	9.27e2	412	206	206	206	39	96	46.60	82	39.81
472	data/reference/motifs/JASPAR2026_CORE_plants_non-redundant_pfms_meme.txt	MA2501.1	G1	TTACTGTA	1.26e-1	1.00e0	9.27e2	412	206	206	206	9	199	96.60	193	93.69
473	data/reference/motifs/JASPAR2026_CORE_plants_non-redundant_pfms_meme.txt	MA1378.2	AIL6	TCCTCGA	2.66e-1	1.00e0	9.27e2	412	206	206	206	12	140	67.96	133	64.56
474	data/reference/motifs/JASPAR2026_CORE_plants_non-redundant_pfms_meme.txt	MA2639.1	FUL::SOC1	TTCCATTTTTGG	1.38e-1	1.00e0	9.27e2	412	206	206	206	15	20	9.71	13	6.31
475	data/reference/motifs/JASPAR2026_CORE_plants_non-redundant_pfms_meme.txt	MA2638.1	FUL::SEP3	TTWCTATTTATAGTAA	3.11e-1	1.00e0	9.27e2	311	206	206	206	2	111	53.88	105	50.97
476	data/reference/motifs/JASPAR2026_CORE_plants_non-redundant_pfms_meme.txt	MA2636.1	FUL::AG	WCTTTCCATTTTTRGAAA	4.23e-1	1.00e0	9.27e2	311	206	206	206	4	15	7.28	13	6.31
477	data/reference/motifs/JASPAR2026_CORE_plants_non-redundant_pfms_meme.txt	MA2635.1	FUL	TTWCCAWAAATAGAAA	2.17e-1	1.00e0	9.27e2	380	206	206	206	6	26	12.62	20	9.71
478	data/reference/motifs/JASPAR2026_CORE_plants_non-redundant_pfms_meme.txt	MA2634.1	EIN3	AGATTCATTGAATCT	1.24e-1	1.00e0	9.27e2	310	206	206	206	10	3	1.46	0	0.00
479	data/reference/motifs/JASPAR2026_CORE_plants_non-redundant_pfms_meme.txt	MA2505.1	bZIP59	TGACAGCTGTCA	5.00e-1	1.00e0	9.27e2	339	206	206	206	7	40	19.42	39	18.93
480	data/reference/motifs/JASPAR2026_CORE_plants_non-redundant_pfms_meme.txt	MA2500.1	LSH3	TTACTGTTCAT	3.59e-1	1.00e0	9.27e2	411	206	206	206	4	191	92.72	188	91.26
481	data/reference/motifs/JASPAR2026_CORE_plants_non-redundant_pfms_meme.txt	MA2499.1	LSH2	TACTGTTCA	2.45e-1	1.00e0	9.27e2	412	206	206	206	12	104	50.49	96	46.60
482	data/reference/motifs/JASPAR2026_CORE_plants_non-redundant_pfms_meme.txt	MA1355.2	TRB2	WARCCCTAAWT	5.40e-1	1.00e0	9.27e2	252	206	206	206	1	126	61.17	126	61.17
483	data/reference/motifs/JASPAR2026_CORE_plants_non-redundant_pfms_meme.txt	MA1353.2	AT1G72740	RWTTAGGGTTT	5.90e-1	1.00e0	9.27e2	327	206	206	206	3	51	24.76	52	25.24
484	data/reference/motifs/JASPAR2026_CORE_plants_non-redundant_pfms_meme.txt	MA2479.1	TCX5	ATTCAAAT	1.24e-1	1.00e0	9.27e2	412	206	206	206	4	206	100.00	203	98.54
485	data/reference/motifs/JASPAR2026_CORE_plants_non-redundant_pfms_meme.txt	MA0586.3	SPL14	TCCGTAC	1.92e-1	1.00e0	9.27e2	208	206	206	206	2	44	21.36	36	17.48
486	data/reference/motifs/JASPAR2026_CORE_plants_non-redundant_pfms_meme.txt	MA1742.2	BIZP18	TGMCAGCTGK	5.00e-1	1.00e0	9.27e2	320	206	206	206	2	97	47.09	96	46.60
487	data/reference/motifs/JASPAR2026_CORE_plants_non-redundant_pfms_meme.txt	MA1672.2	GBF2	SACGTGGCA	1.48e-1	1.00e0	9.27e2	408	206	206	206	12	40	19.42	31	15.05
488	data/reference/motifs/JASPAR2026_CORE_plants_non-redundant_pfms_meme.txt	MA2477.1	NGA4	TTCAGGTR	1.25e-1	1.00e0	9.27e2	412	206	206	206	10	74	35.92	62	30.10
489	data/reference/motifs/JASPAR2026_CORE_plants_non-redundant_pfms_meme.txt	MA2476.1	KNAT7	TGACRKCT	3.03e-1	1.00e0	9.27e2	373	206	206	206	4	75	36.41	69	33.50
490	data/reference/motifs/JASPAR2026_CORE_plants_non-redundant_pfms_meme.txt	MA2474.1	HMGB10	TWATAA	2.97e-1	1.00e0	9.27e2	410	206	206	206	8	175	84.95	170	82.52
491	data/reference/motifs/JASPAR2026_CORE_plants_non-redundant_pfms_meme.txt	MA2459.1	EDF3	RCAACAKA	1.62e-1	1.00e0	9.27e2	382	206	206	206	3	108	52.43	97	47.09
492	data/reference/motifs/JASPAR2026_CORE_plants_non-redundant_pfms_meme.txt	MA1738.1	ATMYB31	YAMCTMCCAACHAMH	1.10e-1	1.00e0	9.27e2	404	206	206	206	14	8	3.88	3	1.46
493	data/reference/motifs/JASPAR2026_CORE_plants_non-redundant_pfms_meme.txt	MA1205.1	AGL6	TTWCCAAAAAWGGAAAAWW	3.04e-1	1.00e0	9.27e2	264	206	206	206	1	135	65.53	129	62.62
494	data/reference/motifs/JASPAR2026_CORE_plants_non-redundant_pfms_meme.txt	MA1204.1	AGL13	TTWCCAAAAAWRGWAAAW	4.22e-1	1.00e0	9.27e2	207	206	206	206	1	105	50.97	102	49.51
495	data/reference/motifs/JASPAR2026_CORE_plants_non-redundant_pfms_meme.txt	MA1203.1	AGL63	TKCCAAAAATGGMAA	3.40e-1	1.00e0	9.27e2	331	206	206	206	4	33	16.02	29	14.08
496	data/reference/motifs/JASPAR2026_CORE_plants_non-redundant_pfms_meme.txt	MA1199.1	AGL16	TTTCCWTTTTDGGWA	3.28e-1	1.00e0	9.27e2	335	206	206	206	5	12	5.83	9	4.37
497	data/reference/motifs/JASPAR2026_CORE_plants_non-redundant_pfms_meme.txt	MA1188.1	At3g11280	AWYCTTATCTTHWY	6.29e-1	1.00e0	9.27e2	412	206	206	206	7	148	71.84	150	72.82
498	data/reference/motifs/JASPAR2026_CORE_plants_non-redundant_pfms_meme.txt	MA1042.1	MYB59	RTTAGGTA	8.74e-2	1.00e0	9.27e2	412	206	206	206	29	7	3.40	2	0.97
499	data/reference/motifs/JASPAR2026_CORE_plants_non-redundant_pfms_meme.txt	MA1040.1	MYB46	GKTAGGTR	9.18e-2	1.00e0	9.27e2	410	206	206	206	4	195	94.66	187	90.78
500	data/reference/motifs/JASPAR2026_CORE_plants_non-redundant_pfms_meme.txt	MA1012.1	AGL27	CTTTCYATTTTKGG	2.45e-1	1.00e0	9.27e2	326	206	206	206	2	101	49.03	93	45.15
501	data/reference/motifs/JASPAR2026_CORE_plants_non-redundant_pfms_meme.txt	MA0578.1	SPL8	WWDWHYGTACHHTWWW	2.49e-1	1.00e0	9.27e2	353	206	206	206	12	2	0.97	0	0.00
502	data/reference/motifs/JASPAR2026_CORE_plants_non-redundant_pfms_meme.txt	MA0574.1	MYB15	CRACGGTAGGTGG	5.00e-1	1.00e0	9.27e2	60	206	206	206	3	1	0.49	0	0.00
503	data/reference/motifs/JASPAR2026_CORE_plants_non-redundant_pfms_meme.txt	MA0559.1	PI	CCAAAARWRGAAAR	1.16e-1	1.00e0	9.27e2	412	206	206	206	9	124	60.19	111	53.88
504	data/reference/motifs/JASPAR2026_CORE_plants_non-redundant_pfms_meme.txt	MA2482.1	PK27693.1	TTATC	1.86e-1	1.00e0	9.27e2	412	206	206	206	62	205	99.51	202	98.06
505	data/reference/motifs/JASPAR2026_CORE_plants_non-redundant_pfms_meme.txt	MA2481.1	PK12011.1	AACGG	1.24e-1	1.00e0	9.27e2	412	206	206	206	57	3	1.46	0	0.00
506	data/reference/motifs/JASPAR2026_CORE_plants_non-redundant_pfms_meme.txt	MA2478.1	PK13314.1	GGGCCCAC	1.89e-1	1.00e0	9.27e2	409	206	206	206	15	43	20.87	35	16.99
507	data/reference/motifs/JASPAR2026_CORE_plants_non-redundant_pfms_meme.txt	MA2040.2	ENAP2	CTCCGGCGA	2.21e-1	1.00e0	9.27e2	259	206	206	206	6	17	8.25	12	5.83
508	data/reference/motifs/JASPAR2026_CORE_plants_non-redundant_pfms_meme.txt	MA2039.2	ASIL2	CTCCGGCGA	2.51e-1	1.00e0	9.27e2	263	206	206	206	5	22	10.68	17	8.25
509	data/reference/motifs/JASPAR2026_CORE_plants_non-redundant_pfms_meme.txt	MA1661.2	GTL1	GGTTAAAA	2.09e-1	1.00e0	9.27e2	412	206	206	206	13	161	78.16	153	74.27
510	data/reference/motifs/JASPAR2026_CORE_plants_non-redundant_pfms_meme.txt	MA1366.2	DF1	RGTAAAAA	1.08e-1	1.00e0	9.27e2	412	206	206	206	7	197	95.63	190	92.23
511	data/reference/motifs/JASPAR2026_CORE_plants_non-redundant_pfms_meme.txt	MA1365.3	AT5G47660	GGTAAAA	1.96e-1	1.00e0	9.27e2	412	206	206	206	17	14	6.80	9	4.37
512	data/reference/motifs/JASPAR2026_CORE_plants_non-redundant_pfms_meme.txt	MA1208.2	GT-2	WTTTTTACCGY	1.30e-1	1.00e0	9.27e2	412	206	206	206	5	202	98.06	197	95.63
513	data/reference/motifs/JASPAR2026_CORE_plants_non-redundant_pfms_meme.txt	MA2032.2	TRB1	AAACCCTAA	2.25e-1	1.00e0	9.27e2	412	206	206	206	2	204	99.03	201	97.57
514	data/reference/motifs/JASPAR2026_CORE_plants_non-redundant_pfms_meme.txt	MA2031.2	AT5G04760	CTTATCY	1.85e-1	1.00e0	9.27e2	412	206	206	206	19	29	14.08	22	10.68
515	data/reference/motifs/JASPAR2026_CORE_plants_non-redundant_pfms_meme.txt	MA1812.2	ASR1	AGGCCCAAT	3.55e-1	1.00e0	9.27e2	339	206	206	206	7	17	8.25	14	6.80
516	data/reference/motifs/JASPAR2026_CORE_plants_non-redundant_pfms_meme.txt	MA1802.2	TRP5	WAAACCY	1.31e-1	1.00e0	9.27e2	412	206	206	206	73	45	21.84	35	16.99
517	data/reference/motifs/JASPAR2026_CORE_plants_non-redundant_pfms_meme.txt	MA1793.2	NID1	TTATCC	1.24e-1	1.00e0	9.27e2	412	206	206	206	42	206	100.00	203	98.54
518	data/reference/motifs/JASPAR2026_CORE_plants_non-redundant_pfms_meme.txt	MA1196.2	AT5G05790	AWYCTTATCYTNWT	5.00e-1	1.00e0	9.27e2	412	206	206	206	6	150	72.82	149	72.33
519	data/reference/motifs/JASPAR2026_CORE_plants_non-redundant_pfms_meme.txt	MA1195.2	AT5G56840	AAYCTTATCCAWWW	1.24e-1	1.00e0	9.27e2	407	206	206	206	12	3	1.46	0	0.00
520	data/reference/motifs/JASPAR2026_CORE_plants_non-redundant_pfms_meme.txt	MA1193.2	AT2G38090	WDWGGATAAGDAT	2.75e-1	1.00e0	9.27e2	407	206	206	206	6	90	43.69	83	40.29
521	data/reference/motifs/JASPAR2026_CORE_plants_non-redundant_pfms_meme.txt	MA1192.2	DIV1	WRGATAAGRTT	2.49e-1	1.00e0	9.27e2	410	206	206	206	14	2	0.97	0	0.00
522	data/reference/motifs/JASPAR2026_CORE_plants_non-redundant_pfms_meme.txt	MA1191.2	RVE7L	AAAATATCT	2.42e-1	1.00e0	9.27e2	382	206	206	206	3	124	60.19	116	56.31
523	data/reference/motifs/JASPAR2026_CORE_plants_non-redundant_pfms_meme.txt	MA1187.2	RVE4	AGATATTTT	1.46e-1	1.00e0	9.27e2	389	206	206	206	5	72	34.95	61	29.61
524	data/reference/motifs/JASPAR2026_CORE_plants_non-redundant_pfms_meme.txt	MA1186.2	YAB4	AWYCTTATCYW	6.88e-1	1.00e0	9.27e2	412	206	206	206	3	204	99.03	204	99.03
525	data/reference/motifs/JASPAR2026_CORE_plants_non-redundant_pfms_meme.txt	MA1185.2	LHY	AGATATTTT	1.22e-1	1.00e0	9.27e2	394	206	206	206	3	147	71.36	135	65.53
526	data/reference/motifs/JASPAR2026_CORE_plants_non-redundant_pfms_meme.txt	MA1183.2	RVE6	AGATATTTT	1.45e-1	1.00e0	9.27e2	396	206	206	206	7	29	14.08	21	10.19
527	data/reference/motifs/JASPAR2026_CORE_plants_non-redundant_pfms_meme.txt	MA1182.2	RVE8	AGATATTTT	1.86e-1	1.00e0	9.27e2	384	206	206	206	3	121	58.74	111	53.88
528	data/reference/motifs/JASPAR2026_CORE_plants_non-redundant_pfms_meme.txt	MA0579.2	CDC5	GCTCAGCGC	7.49e-1	1.00e0	9.27e2	359	206	206	206	9	4	1.94	5	2.43
529	data/reference/motifs/JASPAR2026_CORE_plants_non-redundant_pfms_meme.txt	MA2041.2	MYB13	YCACCAACCA	1.14e-1	1.00e0	9.27e2	410	206	206	206	19	12	5.83	6	2.91
530	data/reference/motifs/JASPAR2026_CORE_plants_non-redundant_pfms_meme.txt	MA2030.2	MYB96	MCCAACTACCA	1.86e-1	1.00e0	9.27e2	407	206	206	206	22	4	1.94	1	0.49
531	data/reference/motifs/JASPAR2026_CORE_plants_non-redundant_pfms_meme.txt	MA2029.2	MYB88	ACGCTCCTC	4.55e-1	1.00e0	9.27e2	304	206	206	206	1	153	74.27	151	73.30
532	data/reference/motifs/JASPAR2026_CORE_plants_non-redundant_pfms_meme.txt	MA2027.2	MYB44	HAACGGTCA	1.43e-1	1.00e0	9.27e2	397	206	206	206	6	69	33.50	58	28.16
533	data/reference/motifs/JASPAR2026_CORE_plants_non-redundant_pfms_meme.txt	MA2026.2	MYB108	TACCTAACTT	1.08e-1	1.00e0	9.27e2	410	206	206	206	12	5	2.43	1	0.49
534	data/reference/motifs/JASPAR2026_CORE_plants_non-redundant_pfms_meme.txt	MA2008.2	MYB99	CACCTAMY	1.78e-1	1.00e0	9.27e2	381	206	206	206	2	161	78.16	152	73.79
535	data/reference/motifs/JASPAR2026_CORE_plants_non-redundant_pfms_meme.txt	MA2007.2	MYB107	CACCAAAC	2.08e-1	1.00e0	9.27e2	412	206	206	206	27	9	4.37	5	2.43
536	data/reference/motifs/JASPAR2026_CORE_plants_non-redundant_pfms_meme.txt	MA1829.2	Zm00001d035604	ACCTAAC	1.46e-1	1.00e0	9.27e2	412	206	206	206	38	10	4.85	5	2.43
537	data/reference/motifs/JASPAR2026_CORE_plants_non-redundant_pfms_meme.txt	MA1781.2	MYB94	CCAACYACYW	3.12e-1	1.00e0	9.27e2	411	206	206	206	17	3	1.46	1	0.49
538	data/reference/motifs/JASPAR2026_CORE_plants_non-redundant_pfms_meme.txt	MA1780.2	MYB92	ACCTAAC	3.38e-1	1.00e0	9.27e2	412	206	206	206	9	72	34.95	67	32.52
539	data/reference/motifs/JASPAR2026_CORE_plants_non-redundant_pfms_meme.txt	MA1779.2	MYB83	CACCAACM	1.24e-1	1.00e0	9.27e2	412	206	206	206	4	206	100.00	203	98.54
540	data/reference/motifs/JASPAR2026_CORE_plants_non-redundant_pfms_meme.txt	MA1774.2	MYB60	YCAACYACYT	1.31e-1	1.00e0	9.27e2	409	206	206	206	11	19	9.22	12	5.83
541	data/reference/motifs/JASPAR2026_CORE_plants_non-redundant_pfms_meme.txt	MA1773.2	MYB51	YYYACCWACYW	2.40e-1	1.00e0	9.27e2	401	206	206	206	9	20	9.71	15	7.28
542	data/reference/motifs/JASPAR2026_CORE_plants_non-redundant_pfms_meme.txt	MA1772.2	MYB43	YTYACCWAMCWT	2.78e-1	1.00e0	9.27e2	359	206	206	206	1	182	88.35	177	85.92
543	data/reference/motifs/JASPAR2026_CORE_plants_non-redundant_pfms_meme.txt	MA1771.2	MYB41	TYACCTAMYT	3.17e-1	1.00e0	9.27e2	409	206	206	206	10	48	23.30	43	20.87
544	data/reference/motifs/JASPAR2026_CORE_plants_non-redundant_pfms_meme.txt	MA1770.2	MYB40	YTYACCWAMY	2.09e-1	1.00e0	9.27e2	403	206	206	206	2	177	85.92	170	82.52
545	data/reference/motifs/JASPAR2026_CORE_plants_non-redundant_pfms_meme.txt	MA1769.2	MYB39	YYCACCTAMYTT	2.24e-1	1.00e0	9.27e2	404	206	206	206	7	42	20.39	35	16.99
546	data/reference/motifs/JASPAR2026_CORE_plants_non-redundant_pfms_meme.txt	MA1768.2	MYB30	CCAACYACCAMC	1.86e-1	1.00e0	9.27e2	412	206	206	206	29	4	1.94	1	0.49
547	data/reference/motifs/JASPAR2026_CORE_plants_non-redundant_pfms_meme.txt	MA1765.2	MYB121	TACCTAACW	1.08e-1	1.00e0	9.27e2	409	206	206	206	12	16	7.77	9	4.37
548	data/reference/motifs/JASPAR2026_CORE_plants_non-redundant_pfms_meme.txt	MA1764.2	MYB116	TGCCTAACTT	2.75e-1	1.00e0	9.27e2	297	206	206	206	2	91	44.17	84	40.78
549	data/reference/motifs/JASPAR2026_CORE_plants_non-redundant_pfms_meme.txt	MA1293.2	MYB57	TACCTAACTT	2.49e-1	1.00e0	9.27e2	192	206	206	206	4	2	0.97	0	0.00
550	data/reference/motifs/JASPAR2026_CORE_plants_non-redundant_pfms_meme.txt	MA1292.2	MYB27	AAAAATTAGGTA	5.00e-1	1.00e0	9.27e2	203	206	206	206	5	1	0.49	0	0.00
551	data/reference/motifs/JASPAR2026_CORE_plants_non-redundant_pfms_meme.txt	MA1180.2	MYB3R4	WWWTRACCGTTR	4.19e-1	1.00e0	9.27e2	257	206	206	206	1	130	63.11	127	61.65
552	data/reference/motifs/JASPAR2026_CORE_plants_non-redundant_pfms_meme.txt	MA1173.2	MYB101	TAACCGAAW	1.85e-1	1.00e0	9.27e2	412	206	206	206	12	192	93.20	186	90.29
553	data/reference/motifs/JASPAR2026_CORE_plants_non-redundant_pfms_meme.txt	MA1172.2	MYB3R5	AAWWDTDACCGTTR	3.24e-1	1.00e0	9.27e2	231	206	206	206	2	53	25.73	48	23.30
554	data/reference/motifs/JASPAR2026_CORE_plants_non-redundant_pfms_meme.txt	MA1171.2	MYB52	ACCGTTA	1.73e-1	1.00e0	9.27e2	276	206	206	206	1	143	69.42	133	64.56
555	data/reference/motifs/JASPAR2026_CORE_plants_non-redundant_pfms_meme.txt	MA1170.2	MYB118	RWCCGTTACRWW	1.42e-1	1.00e0	9.27e2	272	206	206	206	4	6	2.91	2	0.97
556	data/reference/motifs/JASPAR2026_CORE_plants_non-redundant_pfms_meme.txt	MA1038.2	MYB3	GGTAGGTA	1.30e-1	1.00e0	9.27e2	399	206	206	206	5	81	39.32	69	33.50
557	data/reference/motifs/JASPAR2026_CORE_plants_non-redundant_pfms_meme.txt	MA1030.2	P0510F09.23	WRMCCTA	2.29e-1	1.00e0	9.27e2	412	206	206	206	34	44	21.36	37	17.96
558	data/reference/motifs/JASPAR2026_CORE_plants_non-redundant_pfms_meme.txt	MA0576.2	RAX3	GGGGGTAGGTGS	5.00e-1	1.00e0	9.27e2	87	206	206	206	3	4	1.94	3	1.46
559	data/reference/motifs/JASPAR2026_CORE_plants_non-redundant_pfms_meme.txt	MA0575.2	MYB77	GACRGTTAS	2.75e-1	1.00e0	9.27e2	361	206	206	206	1	183	88.83	178	86.41
560	data/reference/motifs/JASPAR2026_CORE_plants_non-redundant_pfms_meme.txt	MA1830.2	Zm00001d015407	AAGGAATATTCTTTTT	1.12e-1	1.00e0	9.27e2	391	206	206	206	6	48	23.30	37	17.96
561	data/reference/motifs/JASPAR2026_CORE_plants_non-redundant_pfms_meme.txt	MA1737.2	AT5G05090	AGATHCG	8.88e-2	1.00e0	9.27e2	412	206	206	206	12	142	68.93	128	62.14
562	data/reference/motifs/JASPAR2026_CORE_plants_non-redundant_pfms_meme.txt	MA1735.2	AT2G38300	AAHATTCYHT	1.43e-1	1.00e0	9.27e2	412	206	206	206	6	177	85.92	168	81.55
563	data/reference/motifs/JASPAR2026_CORE_plants_non-redundant_pfms_meme.txt	MA1390.3	HHO2	AAGATTCC	1.86e-1	1.00e0	9.27e2	412	206	206	206	21	4	1.94	1	0.49
564	data/reference/motifs/JASPAR2026_CORE_plants_non-redundant_pfms_meme.txt	MA1389.2	PHL1	AARGAATATTCB	1.08e-1	1.00e0	9.27e2	333	206	206	206	5	16	7.77	9	4.37
565	data/reference/motifs/JASPAR2026_CORE_plants_non-redundant_pfms_meme.txt	MA1388.2	PHL2	VGAATMT	3.20e-1	1.00e0	9.27e2	412	206	206	206	5	185	89.81	181	87.86
566	data/reference/motifs/JASPAR2026_CORE_plants_non-redundant_pfms_meme.txt	MA1387.2	HRS1	ATCRAAGATTCY	5.00e-1	1.00e0	9.27e2	405	206	206	206	3	163	79.13	162	78.64
567	data/reference/motifs/JASPAR2026_CORE_plants_non-redundant_pfms_meme.txt	MA1383.2	KAN2	AATATTCTTT	1.08e-1	1.00e0	9.27e2	410	206	206	206	16	5	2.43	1	0.49
568	data/reference/motifs/JASPAR2026_CORE_plants_non-redundant_pfms_meme.txt	MA1168.2	MYR2	RGAATMTT	2.49e-1	1.00e0	9.27e2	402	206	206	206	13	2	0.97	0	0.00
569	data/reference/motifs/JASPAR2026_CORE_plants_non-redundant_pfms_meme.txt	MA1167.2	EFM	RGAATATTC	1.76e-1	1.00e0	9.27e2	400	206	206	206	7	27	13.11	20	9.71
570	data/reference/motifs/JASPAR2026_CORE_plants_non-redundant_pfms_meme.txt	MA1166.2	PHL12	AARRGAATATTC	3.76e-1	1.00e0	9.27e2	296	206	206	206	4	24	11.65	21	10.19
571	data/reference/motifs/JASPAR2026_CORE_plants_non-redundant_pfms_meme.txt	MA1165.3	HHO6	AGATTCT	2.45e-1	1.00e0	9.27e2	412	206	206	206	11	108	52.43	100	48.54
572	data/reference/motifs/JASPAR2026_CORE_plants_non-redundant_pfms_meme.txt	MA1164.2	HHO5	RAAGATTC	2.87e-1	1.00e0	9.27e2	405	206	206	206	11	8	3.88	5	2.43
573	data/reference/motifs/JASPAR2026_CORE_plants_non-redundant_pfms_meme.txt	MA1027.2	KAN1	WTATTC	1.01e-1	1.00e0	9.27e2	412	206	206	206	144	11	5.34	5	2.43
574	data/reference/motifs/JASPAR2026_CORE_plants_non-redundant_pfms_meme.txt	MA1409.2	OsRR22	AGATACGST	2.69e-1	1.00e0	9.27e2	408	206	206	206	5	135	65.53	128	62.14
575	data/reference/motifs/JASPAR2026_CORE_plants_non-redundant_pfms_meme.txt	MA0949.2	ARR2	MGWATCTT	1.37e-1	1.00e0	9.27e2	411	206	206	206	12	27	13.11	19	9.22
576	data/reference/motifs/JASPAR2026_CORE_plants_non-redundant_pfms_meme.txt	MA0948.2	ARR18	AGATACG	1.78e-1	1.00e0	9.27e2	412	206	206	206	29	79	38.35	69	33.50
577	data/reference/motifs/JASPAR2026_CORE_plants_non-redundant_pfms_meme.txt	MA2022.2	LOB	CCGCCGCCGCMGC	5.00e-1	1.00e0	9.27e2	167	206	206	206	22	2	0.97	1	0.49
578	data/reference/motifs/JASPAR2026_CORE_plants_non-redundant_pfms_meme.txt	MA2021.2	LBD13	TCCACCGT	1.61e-1	1.00e0	9.27e2	402	206	206	206	7	118	57.28	107	51.94
579	data/reference/motifs/JASPAR2026_CORE_plants_non-redundant_pfms_meme.txt	MA1823.2	Zm00001d027846	AAAGAAAA	1.82e-1	1.00e0	9.27e2	412	206	206	206	50	174	84.47	166	80.58
580	data/reference/motifs/JASPAR2026_CORE_plants_non-redundant_pfms_meme.txt	MA1747.2	DOF4.3	WAAAGWRGCTTTW	3.12e-1	1.00e0	9.27e2	166	206	206	206	4	3	1.46	1	0.49
581	data/reference/motifs/JASPAR2026_CORE_plants_non-redundant_pfms_meme.txt	MA1281.2	DOF5.1	AAAAAGWAAAAARAAAAAR	9.99e-2	1.00e0	9.27e2	412	206	206	206	10	164	79.61	152	73.79
582	data/reference/motifs/JASPAR2026_CORE_plants_non-redundant_pfms_meme.txt	MA1278.2	DOF3.4	TTYTTTTTTWVCTTTTT	1.09e-1	1.00e0	9.27e2	412	206	206	206	19	81	39.32	68	33.01
583	data/reference/motifs/JASPAR2026_CORE_plants_non-redundant_pfms_meme.txt	MA1267.2	DOF5.8	TTTTTHYTTTTTACTTTTT	1.32e-1	1.00e0	9.27e2	412	206	206	206	11	157	76.21	146	70.87
584	data/reference/motifs/JASPAR2026_CORE_plants_non-redundant_pfms_meme.txt	MA0984.2	DOF5.7	AAARR	1.24e-1	1.00e0	9.27e2	412	206	206	206	196	162	78.64	151	73.30
585	data/reference/motifs/JASPAR2026_CORE_plants_non-redundant_pfms_meme.txt	MA1396.2	GATA6	AGATCTAGAT	2.89e-1	1.00e0	9.27e2	302	206	206	206	1	154	74.76	148	71.84
586	data/reference/motifs/JASPAR2026_CORE_plants_non-redundant_pfms_meme.txt	MA1325.2	GATA14	TAGATCTR	3.32e-1	1.00e0	9.27e2	400	206	206	206	8	62	30.10	57	27.67
587	data/reference/motifs/JASPAR2026_CORE_plants_non-redundant_pfms_meme.txt	MA1323.2	GATA19	GATCBGATY	2.49e-1	1.00e0	9.27e2	402	206	206	206	24	2	0.97	0	0.00
588	data/reference/motifs/JASPAR2026_CORE_plants_non-redundant_pfms_meme.txt	MA1018.2	GATA9	AGATCT	1.52e-1	1.00e0	9.27e2	393	206	206	206	3	160	77.67	150	72.82
589	data/reference/motifs/JASPAR2026_CORE_plants_non-redundant_pfms_meme.txt	MA1017.2	GATA8	GATCY	2.72e-1	1.00e0	9.27e2	412	206	206	206	42	202	98.06	199	96.60
590	data/reference/motifs/JASPAR2026_CORE_plants_non-redundant_pfms_meme.txt	MA1016.2	GATA15	GATC	1.30e-1	1.00e0	9.27e2	412	206	206	206	97	181	87.86	172	83.50
591	data/reference/motifs/JASPAR2026_CORE_plants_non-redundant_pfms_meme.txt	MA1814.2	RIN	CTATTTTTGG	1.91e-1	1.00e0	9.27e2	412	206	206	206	15	152	73.79	143	69.42
592	data/reference/motifs/JASPAR2026_CORE_plants_non-redundant_pfms_meme.txt	MA0584.2	SEP1	CCAWAWWTRGWAA	1.42e-1	1.00e0	9.27e2	390	206	206	206	12	6	2.91	2	0.97
593	data/reference/motifs/JASPAR2026_CORE_plants_non-redundant_pfms_meme.txt	MA0558.2	FLC	CCMAAAATRGAAAG	9.94e-2	1.00e0	9.27e2	411	206	206	206	6	102	49.51	88	42.72
594	data/reference/motifs/JASPAR2026_CORE_plants_non-redundant_pfms_meme.txt	MA0556.2	AP3	CCAAAARWRGAAA	1.18e-1	1.00e0	9.27e2	411	206	206	206	8	67	32.52	55	26.70
595	data/reference/motifs/JASPAR2026_CORE_plants_non-redundant_pfms_meme.txt	MA0548.3	AGL15	TTTCCWTTTTDGGWAA	1.46e-1	1.00e0	9.27e2	297	206	206	206	5	10	4.85	5	2.43
596	data/reference/motifs/JASPAR2026_CORE_plants_non-redundant_pfms_meme.txt	MA1329.3	ZHD1	AYTAATTAA	1.55e-1	1.00e0	9.27e2	412	206	206	206	27	58	28.16	48	23.30
597	data/reference/motifs/JASPAR2026_CORE_plants_non-redundant_pfms_meme.txt	MA1213.3	ZHD3	CAATTATTG	1.28e-1	1.00e0	9.27e2	411	206	206	206	8	160	77.67	149	72.33
598	data/reference/motifs/JASPAR2026_CORE_plants_non-redundant_pfms_meme.txt	MA1824.2	Zm00001d005692	CAATAATT	1.24e-1	1.00e0	9.27e2	412	206	206	206	69	3	1.46	0	0.00
599	data/reference/motifs/JASPAR2026_CORE_plants_non-redundant_pfms_meme.txt	MA1757.2	HDG7	DCATTAAWTR	3.38e-1	1.00e0	9.27e2	411	206	206	206	7	140	67.96	135	65.53
600	data/reference/motifs/JASPAR2026_CORE_plants_non-redundant_pfms_meme.txt	MA1406.2	ATHB-4	YAATSATTG	1.31e-1	1.00e0	9.27e2	412	206	206	206	11	171	83.01	161	78.16
601	data/reference/motifs/JASPAR2026_CORE_plants_non-redundant_pfms_meme.txt	MA1375.2	ANL2	GCATTAATTR	3.13e-1	1.00e0	9.27e2	411	206	206	206	14	23	11.17	19	9.22
602	data/reference/motifs/JASPAR2026_CORE_plants_non-redundant_pfms_meme.txt	MA1369.2	HDG1	YAATTAATGM	1.24e-1	1.00e0	9.27e2	409	206	206	206	1	206	100.00	203	98.54
603	data/reference/motifs/JASPAR2026_CORE_plants_non-redundant_pfms_meme.txt	MA1327.3	ATHB-23	TAATTAA	1.62e-1	1.00e0	9.27e2	410	206	206	206	9	115	55.83	104	50.49
604	data/reference/motifs/JASPAR2026_CORE_plants_non-redundant_pfms_meme.txt	MA1214.2	ATHB-40	ACCAATAATTG	9.85e-2	1.00e0	9.27e2	406	206	206	206	11	20	9.71	12	5.83
605	data/reference/motifs/JASPAR2026_CORE_plants_non-redundant_pfms_meme.txt	MA1212.2	ATHB-13	YAATAATT	1.84e-1	1.00e0	9.27e2	412	206	206	206	9	157	76.21	148	71.84
606	data/reference/motifs/JASPAR2026_CORE_plants_non-redundant_pfms_meme.txt	MA1211.2	ATHB-X	YAATYATTD	2.63e-1	1.00e0	9.27e2	412	206	206	206	13	41	19.90	35	16.99
607	data/reference/motifs/JASPAR2026_CORE_plants_non-redundant_pfms_meme.txt	MA1210.3	HAT22	CAATAATTG	2.17e-1	1.00e0	9.27e2	412	206	206	206	10	186	90.29	180	87.38
608	data/reference/motifs/JASPAR2026_CORE_plants_non-redundant_pfms_meme.txt	MA1209.2	ATHB-20	YAATAATT	3.71e-1	1.00e0	9.27e2	398	206	206	206	2	187	90.78	184	89.32
609	data/reference/motifs/JASPAR2026_CORE_plants_non-redundant_pfms_meme.txt	MA1198.2	HAT2	YAATCATT	1.74e-1	1.00e0	9.27e2	411	206	206	206	5	199	96.60	194	94.17
610	data/reference/motifs/JASPAR2026_CORE_plants_non-redundant_pfms_meme.txt	MA1026.3	ATHB-15	AWDRTAATGATKA	6.22e-1	1.00e0	9.27e2	396	206	206	206	2	182	88.35	183	88.83
611	data/reference/motifs/JASPAR2026_CORE_plants_non-redundant_pfms_meme.txt	MA0990.2	HDG11	AWTWAATGC	2.77e-1	1.00e0	9.27e2	412	206	206	206	61	105	50.97	98	47.57
612	data/reference/motifs/JASPAR2026_CORE_plants_non-redundant_pfms_meme.txt	MA0954.3	ATHB-7	TCAATGATTGR	1.26e-1	1.00e0	9.27e2	406	206	206	206	10	13	6.31	7	3.40
613	data/reference/motifs/JASPAR2026_CORE_plants_non-redundant_pfms_meme.txt	MA0953.2	ATHB-6	CAATHAT	1.97e-1	1.00e0	9.27e2	412	206	206	206	94	190	92.23	184	89.32
614	data/reference/motifs/JASPAR2026_CORE_plants_non-redundant_pfms_meme.txt	MA0110.4	ATHB-5	CAATCATT	1.92e-1	1.00e0	9.27e2	412	206	206	206	23	191	92.72	185	89.81
615	data/reference/motifs/JASPAR2026_CORE_plants_non-redundant_pfms_meme.txt	MA0008.4	HAT5	CAATAATTG	2.87e-1	1.00e0	9.27e2	408	206	206	206	16	8	3.88	5	2.43
616	data/reference/motifs/JASPAR2026_CORE_plants_non-redundant_pfms_meme.txt	MA2020.2	HSFB4	GAAGTTTCCR	2.14e-1	1.00e0	9.27e2	393	206	206	206	4	119	57.77	110	53.40
617	data/reference/motifs/JASPAR2026_CORE_plants_non-redundant_pfms_meme.txt	MA1761.2	HSFB3	AAGCTTCTAGAA	3.50e-1	1.00e0	9.27e2	400	206	206	206	8	16	7.77	13	6.31
618	data/reference/motifs/JASPAR2026_CORE_plants_non-redundant_pfms_meme.txt	MA1759.2	HSFA4A	AGAAGCTTCTAGAA	2.35e-1	1.00e0	9.27e2	274	206	206	206	5	11	5.34	7	3.40
619	data/reference/motifs/JASPAR2026_CORE_plants_non-redundant_pfms_meme.txt	MA1665.3	HSFB2A	RGAAGSTTCY	1.14e-1	1.00e0	9.27e2	376	206	206	206	9	12	5.83	6	2.91
620	data/reference/motifs/JASPAR2026_CORE_plants_non-redundant_pfms_meme.txt	MA1805.2	WRKY53	RGTCAAC	3.40e-1	1.00e0	9.27e2	412	206	206	206	10	195	94.66	192	93.20
621	data/reference/motifs/JASPAR2026_CORE_plants_non-redundant_pfms_meme.txt	MA1318.2	WRKY27	CGTTGACTTTT	2.25e-1	1.00e0	9.27e2	272	206	206	206	5	5	2.43	2	0.97
622	data/reference/motifs/JASPAR2026_CORE_plants_non-redundant_pfms_meme.txt	MA1317.2	WRKY50	TTGACTTTT	2.09e-1	1.00e0	9.27e2	391	206	206	206	6	36	17.48	29	14.08
623	data/reference/motifs/JASPAR2026_CORE_plants_non-redundant_pfms_meme.txt	MA1316.2	WRKY71	AAAAGTCAAC	4.25e-1	1.00e0	9.27e2	363	206	206	206	6	16	7.77	14	6.80
624	data/reference/motifs/JASPAR2026_CORE_plants_non-redundant_pfms_meme.txt	MA1315.2	WRKY24	CGTTGACTTTT	3.96e-1	1.00e0	9.27e2	335	206	206	206	4	36	17.48	33	16.02
625	data/reference/motifs/JASPAR2026_CORE_plants_non-redundant_pfms_meme.txt	MA1313.2	WRKY7	CGTTGACTTTT	6.41e-1	1.00e0	9.27e2	230	206	206	206	3	16	7.77	17	8.25
626	data/reference/motifs/JASPAR2026_CORE_plants_non-redundant_pfms_meme.txt	MA1312.2	WRKY47	CGTTGACYW	1.55e-1	1.00e0	9.27e2	384	206	206	206	3	134	65.05	123	59.71
627	data/reference/motifs/JASPAR2026_CORE_plants_non-redundant_pfms_meme.txt	MA1311.3	WRKY28	RGTCAAC	3.12e-1	1.00e0	9.27e2	412	206	206	206	23	3	1.46	1	0.49
628	data/reference/motifs/JASPAR2026_CORE_plants_non-redundant_pfms_meme.txt	MA1310.2	WRKY42	CGTTGACT	5.41e-1	1.00e0	9.27e2	356	206	206	206	3	75	36.41	75	36.41
629	data/reference/motifs/JASPAR2026_CORE_plants_non-redundant_pfms_meme.txt	MA1308.2	WRKY70	CGTTGACTTT	2.12e-1	1.00e0	9.27e2	227	206	206	206	2	55	26.70	47	22.82
630	data/reference/motifs/JASPAR2026_CORE_plants_non-redundant_pfms_meme.txt	MA1307.3	WRKY31	RGTCAACG	5.00e-1	1.00e0	9.27e2	403	206	206	206	7	41	19.90	40	19.42
631	data/reference/motifs/JASPAR2026_CORE_plants_non-redundant_pfms_meme.txt	MA1306.2	WRKY11	CGTTGACTTTT	5.00e-1	1.00e0	9.27e2	333	206	206	206	5	15	7.28	14	6.80
632	data/reference/motifs/JASPAR2026_CORE_plants_non-redundant_pfms_meme.txt	MA1305.2	WRKY55	CGTTGACTT	2.02e-1	1.00e0	9.27e2	349	206	206	206	4	49	23.79	41	19.90
633	data/reference/motifs/JASPAR2026_CORE_plants_non-redundant_pfms_meme.txt	MA1304.2	WRKY59	AAAAGTCAAM	2.35e-1	1.00e0	9.27e2	411	206	206	206	3	166	80.58	159	77.18
634	data/reference/motifs/JASPAR2026_CORE_plants_non-redundant_pfms_meme.txt	MA1303.2	WRKY22	AAAGTCAACK	2.41e-1	1.00e0	9.27e2	317	206	206	206	1	162	78.64	155	75.24
635	data/reference/motifs/JASPAR2026_CORE_plants_non-redundant_pfms_meme.txt	MA1302.2	WRKY65	AAAGTCAACG	2.81e-1	1.00e0	9.27e2	357	206	206	206	1	181	87.86	176	85.44
636	data/reference/motifs/JASPAR2026_CORE_plants_non-redundant_pfms_meme.txt	MA1301.2	WRKY33	AAAGTCAACG	3.12e-1	1.00e0	9.27e2	328	206	206	206	8	3	1.46	1	0.49
637	data/reference/motifs/JASPAR2026_CORE_plants_non-redundant_pfms_meme.txt	MA1300.2	WRKY6	CGTTGACT	2.49e-1	1.00e0	9.27e2	307	206	206	206	8	2	0.97	0	0.00
638	data/reference/motifs/JASPAR2026_CORE_plants_non-redundant_pfms_meme.txt	MA1299.2	WRKY17	AAAGTCAACG	2.49e-1	1.00e0	9.27e2	354	206	206	206	9	2	0.97	0	0.00
639	data/reference/motifs/JASPAR2026_CORE_plants_non-redundant_pfms_meme.txt	MA1298.2	WRKY29	AAAGTCAAC	5.00e-1	1.00e0	9.27e2	396	206	206	206	10	4	1.94	3	1.46
640	data/reference/motifs/JASPAR2026_CORE_plants_non-redundant_pfms_meme.txt	MA1295.2	WRKY20	CGTTGACY	4.56e-1	1.00e0	9.27e2	379	206	206	206	2	152	73.79	150	72.82
641	data/reference/motifs/JASPAR2026_CORE_plants_non-redundant_pfms_meme.txt	MA1094.3	WRKY8	AAAAGTCAACG	3.86e-1	1.00e0	9.27e2	358	206	206	206	7	7	3.40	5	2.43
642	data/reference/motifs/JASPAR2026_CORE_plants_non-redundant_pfms_meme.txt	MA1093.2	WRKY75	RGTCAAC	2.49e-1	1.00e0	9.27e2	360	206	206	206	10	2	0.97	0	0.00
643	data/reference/motifs/JASPAR2026_CORE_plants_non-redundant_pfms_meme.txt	MA1092.2	WRKY63	GGTCAA	1.24e-1	1.00e0	9.27e2	399	206	206	206	13	3	1.46	0	0.00
644	data/reference/motifs/JASPAR2026_CORE_plants_non-redundant_pfms_meme.txt	MA1090.2	WRKY60	GGTCAAC	4.59e-1	1.00e0	9.27e2	407	206	206	206	5	77	37.38	75	36.41
645	data/reference/motifs/JASPAR2026_CORE_plants_non-redundant_pfms_meme.txt	MA1087.3	WRKY45	AAAAGTCAAM	1.46e-1	1.00e0	9.27e2	408	206	206	206	11	15	7.28	9	4.37
646	data/reference/motifs/JASPAR2026_CORE_plants_non-redundant_pfms_meme.txt	MA1086.2	WRKY43	RGTCAA	1.10e-1	1.00e0	9.27e2	412	206	206	206	59	157	76.21	145	70.39
647	data/reference/motifs/JASPAR2026_CORE_plants_non-redundant_pfms_meme.txt	MA1085.3	WRKY40	AGTCAA	2.40e-1	1.00e0	9.27e2	393	206	206	206	7	20	9.71	15	7.28
648	data/reference/motifs/JASPAR2026_CORE_plants_non-redundant_pfms_meme.txt	MA1083.3	WRKY30	ARGTCAACG	5.00e-1	1.00e0	9.27e2	400	206	206	206	14	1	0.49	0	0.00
649	data/reference/motifs/JASPAR2026_CORE_plants_non-redundant_pfms_meme.txt	MA1081.3	WRKY25	RGTCAACG	5.57e-1	1.00e0	9.27e2	407	206	206	206	3	178	86.41	178	86.41
650	data/reference/motifs/JASPAR2026_CORE_plants_non-redundant_pfms_meme.txt	MA1079.3	WRKY21	AAAAGTCAACG	2.49e-1	1.00e0	9.27e2	369	206	206	206	9	2	0.97	0	0.00
651	data/reference/motifs/JASPAR2026_CORE_plants_non-redundant_pfms_meme.txt	MA1078.2	WRKY2	GGTCAAM	1.24e-1	1.00e0	9.27e2	410	206	206	206	17	3	1.46	0	0.00
652	data/reference/motifs/JASPAR2026_CORE_plants_non-redundant_pfms_meme.txt	MA1077.2	WRKY18	RGTCAA	1.69e-1	1.00e0	9.27e2	412	206	206	206	21	7	3.40	3	1.46
653	data/reference/motifs/JASPAR2026_CORE_plants_non-redundant_pfms_meme.txt	MA1076.3	WRKY15	RGTCAACG	2.64e-1	1.00e0	9.27e2	408	206	206	206	3	186	90.29	181	87.86
654	data/reference/motifs/JASPAR2026_CORE_plants_non-redundant_pfms_meme.txt	MA0589.2	WRKY1	TTGACCGAGY	1.24e-1	1.00e0	9.27e2	297	206	206	206	8	3	1.46	0	0.00
655	data/reference/motifs/JASPAR2026_CORE_plants_non-redundant_pfms_meme.txt	MA2053.2	NAC105	CAAGCAACC	1.96e-1	1.00e0	9.27e2	412	206	206	206	4	197	95.63	192	93.20
656	data/reference/motifs/JASPAR2026_CORE_plants_non-redundant_pfms_meme.txt	MA2051.2	NAC68	ACAAGTAW	2.08e-1	1.00e0	9.27e2	412	206	206	206	33	9	4.37	5	2.43
657	data/reference/motifs/JASPAR2026_CORE_plants_non-redundant_pfms_meme.txt	MA2050.2	NAC101	CAAGCAA	2.55e-1	1.00e0	9.27e2	412	206	206	206	13	188	91.26	183	88.83
658	data/reference/motifs/JASPAR2026_CORE_plants_non-redundant_pfms_meme.txt	MA2049.2	NAC053	CAAGAAA	9.73e-2	1.00e0	9.27e2	412	206	206	206	13	94	45.63	80	38.83
659	data/reference/motifs/JASPAR2026_CORE_plants_non-redundant_pfms_meme.txt	MA2037.2	NAC096	CAAGTAA	1.96e-1	1.00e0	9.27e2	412	206	206	206	10	197	95.63	192	93.20
660	data/reference/motifs/JASPAR2026_CORE_plants_non-redundant_pfms_meme.txt	MA2033.2	NAC038	TTDCKTGTDNHACAAGTWA	4.05e-1	1.00e0	9.27e2	115	206	206	206	3	10	4.85	8	3.88
661	data/reference/motifs/JASPAR2026_CORE_plants_non-redundant_pfms_meme.txt	MA2018.2	NAC69	ACAAGGCA	2.55e-1	1.00e0	9.27e2	412	206	206	206	9	152	73.79	145	70.39
662	data/reference/motifs/JASPAR2026_CORE_plants_non-redundant_pfms_meme.txt	MA1678.3	NTL8	GAAGAAAC	1.08e-1	1.00e0	9.27e2	412	206	206	206	7	205	99.51	201	97.57
663	data/reference/motifs/JASPAR2026_CORE_plants_non-redundant_pfms_meme.txt	MA1043.2	NAC083	YACGYAA	2.76e-1	1.00e0	9.27e2	229	206	206	206	1	118	57.28	111	53.88
664	data/reference/motifs/JASPAR2026_CORE_plants_non-redundant_pfms_meme.txt	MA1414.2	E2FA	GCGCCA	1.07e-1	1.00e0	9.27e2	404	206	206	206	4	159	77.18	147	71.36
665	data/reference/motifs/JASPAR2026_CORE_plants_non-redundant_pfms_meme.txt	MA1813.2	EIL4	TWCAATGAA	3.93e-1	1.00e0	9.27e2	411	206	206	206	4	200	97.09	198	96.12
666	data/reference/motifs/JASPAR2026_CORE_plants_non-redundant_pfms_meme.txt	MA1756.2	GRF9	TGTCAGA	1.69e-1	1.00e0	9.27e2	400	206	206	206	10	7	3.40	3	1.46
667	data/reference/motifs/JASPAR2026_CORE_plants_non-redundant_pfms_meme.txt	MA1801.2	TREE1	AGCTD	3.43e-1	1.00e0	9.27e2	412	206	206	206	75	129	62.62	124	60.19
668	data/reference/motifs/JASPAR2026_CORE_plants_non-redundant_pfms_meme.txt	MA1736.2	AT5G04390	TCACT	1.24e-1	1.00e0	9.27e2	412	206	206	206	32	3	1.46	0	0.00
669	data/reference/motifs/JASPAR2026_CORE_plants_non-redundant_pfms_meme.txt	MA1415.2	REF6	RAAACAGAG	3.23e-1	1.00e0	9.27e2	397	206	206	206	7	26	12.62	22	10.68
670	data/reference/motifs/JASPAR2026_CORE_plants_non-redundant_pfms_meme.txt	MA1405.2	SIZF2	ACTGACAGT	1.11e-1	1.00e0	9.27e2	399	206	206	206	8	83	40.29	70	33.98
671	data/reference/motifs/JASPAR2026_CORE_plants_non-redundant_pfms_meme.txt	MA1381.2	AT3G46070	TCACTCT	2.49e-1	1.00e0	9.27e2	412	206	206	206	3	206	100.00	204	99.03
672	data/reference/motifs/JASPAR2026_CORE_plants_non-redundant_pfms_meme.txt	MA1374.2	IDD7	ASAAAACGACAAAA	4.50e-1	1.00e0	9.27e2	289	206	206	206	3	41	19.90	39	18.93
673	data/reference/motifs/JASPAR2026_CORE_plants_non-redundant_pfms_meme.txt	MA1372.2	ZAT10	CACTNHCACT	8.74e-2	1.00e0	9.27e2	412	206	206	206	29	7	3.40	2	0.97
674	data/reference/motifs/JASPAR2026_CORE_plants_non-redundant_pfms_meme.txt	MA1371.2	IDD4	ASAAAAMGACAAAAA	1.24e-1	1.00e0	9.27e2	308	206	206	206	7	3	1.46	0	0.00
675	data/reference/motifs/JASPAR2026_CORE_plants_non-redundant_pfms_meme.txt	MA1370.2	IDD5	TTTTGTCGTTTWST	2.08e-1	1.00e0	9.27e2	313	206	206	206	4	24	11.65	18	8.74
676	data/reference/motifs/JASPAR2026_CORE_plants_non-redundant_pfms_meme.txt	MA1159.2	SGR5	AAAWAAGACAAAA	1.24e-1	1.00e0	9.27e2	409	206	206	206	1	206	100.00	203	98.54
677	data/reference/motifs/JASPAR2026_CORE_plants_non-redundant_pfms_meme.txt	MA1157.2	NUC	TTTTGTCGTTTT	1.24e-1	1.00e0	9.27e2	348	206	206	206	8	3	1.46	0	0.00
678	data/reference/motifs/JASPAR2026_CORE_plants_non-redundant_pfms_meme.txt	MA1156.2	JKD	TTTTGTCKTTTT	1.08e-1	1.00e0	9.27e2	401	206	206	206	10	5	2.43	1	0.49
679	data/reference/motifs/JASPAR2026_CORE_plants_non-redundant_pfms_meme.txt	MA1743.2	BZIP2	TGCTGACGTGGCA	6.88e-1	1.00e0	9.27e2	113	206	206	206	3	2	0.97	2	0.97
680	data/reference/motifs/JASPAR2026_CORE_plants_non-redundant_pfms_meme.txt	MA1341.2	BZIP53	TGCTGACGTGGCA	4.05e-1	1.00e0	9.27e2	97	206	206	206	2	10	4.85	8	3.88
681	data/reference/motifs/JASPAR2026_CORE_plants_non-redundant_pfms_meme.txt	MA1340.2	BZIP3	TGMTGACGTGGCA	2.49e-1	1.00e0	9.27e2	160	206	206	206	4	2	0.97	0	0.00
682	data/reference/motifs/JASPAR2026_CORE_plants_non-redundant_pfms_meme.txt	MA1337.2	BZIP44	WGCTGACGTGGCA	3.56e-1	1.00e0	9.27e2	82	206	206	206	1	43	20.87	39	18.93
683	data/reference/motifs/JASPAR2026_CORE_plants_non-redundant_pfms_meme.txt	MA1334.2	BZIP11	TGCCACGTCAGCA	6.73e-1	1.00e0	9.27e2	107	206	206	206	1	52	25.24	55	26.70
684	data/reference/motifs/JASPAR2026_CORE_plants_non-redundant_pfms_meme.txt	MA1803.2	VIP1	TGMCAGCTGT	6.88e-1	1.00e0	9.27e2	288	206	206	206	7	2	0.97	2	0.97
685	data/reference/motifs/JASPAR2026_CORE_plants_non-redundant_pfms_meme.txt	MA1744.2	BZIP30	GMCAGCTGK	1.97e-1	1.00e0	9.27e2	411	206	206	206	5	190	92.23	184	89.32
686	data/reference/motifs/JASPAR2026_CORE_plants_non-redundant_pfms_meme.txt	MA1343.2	BZIP52	TGMCAGCT	3.00e-1	1.00e0	9.27e2	350	206	206	206	7	9	4.37	6	2.91
687	data/reference/motifs/JASPAR2026_CORE_plants_non-redundant_pfms_meme.txt	MA0551.2	HY5	TGMCACGTGKCA	5.00e-1	1.00e0	9.27e2	125	206	206	206	4	17	8.25	16	7.77
688	data/reference/motifs/JASPAR2026_CORE_plants_non-redundant_pfms_meme.txt	MA1349.2	BZIP16	HSACGTGGCA	8.14e-1	1.00e0	9.27e2	144	206	206	206	4	2	0.97	3	1.46
689	data/reference/motifs/JASPAR2026_CORE_plants_non-redundant_pfms_meme.txt	MA1835.2	TFLG2-Zm00001d042777	GTACGTAC	1.24e-1	1.00e0	9.27e2	391	206	206	206	18	3	1.46	0	0.00
690	data/reference/motifs/JASPAR2026_CORE_plants_non-redundant_pfms_meme.txt	MA1346.2	TGA10	GMTGACGTCA	7.51e-1	1.00e0	9.27e2	256	206	206	206	6	1	0.49	1	0.49
691	data/reference/motifs/JASPAR2026_CORE_plants_non-redundant_pfms_meme.txt	MA1336.2	TGA3	RTGACGTCAKC	8.86e-1	1.00e0	9.27e2	152	206	206	206	3	7	3.40	11	5.34
692	data/reference/motifs/JASPAR2026_CORE_plants_non-redundant_pfms_meme.txt	MA1070.3	TGA7	ATGACGTCAB	4.00e-1	1.00e0	9.27e2	278	206	206	206	6	9	4.37	7	3.40
693	data/reference/motifs/JASPAR2026_CORE_plants_non-redundant_pfms_meme.txt	MA1069.3	TGA6	ATGAYGTCAT	1.42e-1	1.00e0	9.27e2	385	206	206	206	9	6	2.91	2	0.97
694	data/reference/motifs/JASPAR2026_CORE_plants_non-redundant_pfms_meme.txt	MA1068.3	TGA2	ATGACGTCAY	4.21e-1	1.00e0	9.27e2	181	206	206	206	1	92	44.66	89	43.20
695	data/reference/motifs/JASPAR2026_CORE_plants_non-redundant_pfms_meme.txt	MA1047.3	TGA5	ATGACGTCA	1.10e-1	1.00e0	9.27e2	385	206	206	206	12	8	3.88	3	1.46
696	data/reference/motifs/JASPAR2026_CORE_plants_non-redundant_pfms_meme.txt	MA0588.2	TGA1	SVTGACGT	7.60e-1	1.00e0	9.27e2	410	206	206	206	4	157	76.21	162	78.64
697	data/reference/motifs/JASPAR2026_CORE_plants_non-redundant_pfms_meme.txt	MA1745.2	BZIP63	TSACGTGG	1.36e-1	1.00e0	9.27e2	379	206	206	206	2	169	82.04	159	77.18
698	data/reference/motifs/JASPAR2026_CORE_plants_non-redundant_pfms_meme.txt	MA1417.2	O2	TGCCACGTCATC	5.00e-1	1.00e0	9.27e2	228	206	206	206	4	3	1.46	2	0.97
699	data/reference/motifs/JASPAR2026_CORE_plants_non-redundant_pfms_meme.txt	MA1338.3	DPBF3	TGMCACGTGTC	5.00e-1	1.00e0	9.27e2	235	206	206	206	7	2	0.97	1	0.49
700	data/reference/motifs/JASPAR2026_CORE_plants_non-redundant_pfms_meme.txt	MA0931.2	ABI5	GMCACGTG	2.89e-1	1.00e0	9.27e2	302	206	206	206	1	154	74.76	148	71.84
701	data/reference/motifs/JASPAR2026_CORE_plants_non-redundant_pfms_meme.txt	MA0930.3	ABF3	ACGTGTC	1.08e-1	1.00e0	9.27e2	412	206	206	206	29	5	2.43	1	0.49
702	data/reference/motifs/JASPAR2026_CORE_plants_non-redundant_pfms_meme.txt	MA0570.3	ABF1	ACACGTGKCA	2.62e-1	1.00e0	9.27e2	360	206	206	206	2	145	70.39	138	66.99
703	data/reference/motifs/JASPAR2026_CORE_plants_non-redundant_pfms_meme.txt	MA1428.2	TCP8	GGSCCCAC	1.10e-1	1.00e0	9.27e2	412	206	206	206	35	8	3.88	3	1.46
704	data/reference/motifs/JASPAR2026_CORE_plants_non-redundant_pfms_meme.txt	MA1286.2	TCP24	GGGACCAC	1.81e-1	1.00e0	9.27e2	238	206	206	206	3	28	13.59	21	10.19
705	data/reference/motifs/JASPAR2026_CORE_plants_non-redundant_pfms_meme.txt	MA1282.2	TCP13	GTGGGGACCAC	4.17e-1	1.00e0	9.27e2	133	206	206	206	1	68	33.01	65	31.55
706	data/reference/motifs/JASPAR2026_CORE_plants_non-redundant_pfms_meme.txt	MA1064.2	TCP2	TGGKMCCA	3.04e-1	1.00e0	9.27e2	411	206	206	206	16	135	65.53	129	62.62
707	data/reference/motifs/JASPAR2026_CORE_plants_non-redundant_pfms_meme.txt	MA1063.2	TCP19	GGSCCCAC	1.42e-1	1.00e0	9.27e2	409	206	206	206	2	204	99.03	200	97.09
708	data/reference/motifs/JASPAR2026_CORE_plants_non-redundant_pfms_meme.txt	MA1031.2	OJ1581_H09.2	GGGCCC	2.36e-1	1.00e0	9.27e2	398	206	206	206	18	31	15.05	25	12.14
709	data/reference/motifs/JASPAR2026_CORE_plants_non-redundant_pfms_meme.txt	MA1332.2	BEH2	CACACGTGCR	5.00e-1	1.00e0	9.27e2	59	206	206	206	3	1	0.49	0	0.00
710	data/reference/motifs/JASPAR2026_CORE_plants_non-redundant_pfms_meme.txt	MA1331.2	BEH4	YGCACGTGTG	7.51e-1	1.00e0	9.27e2	74	206	206	206	3	1	0.49	1	0.49
711	data/reference/motifs/JASPAR2026_CORE_plants_non-redundant_pfms_meme.txt	MA0550.3	BZR1	CRCACGTGYR	3.71e-1	1.00e0	9.27e2	116	206	206	206	1	60	29.13	56	27.18
712	data/reference/motifs/JASPAR2026_CORE_plants_non-redundant_pfms_meme.txt	MA0549.2	BZR2	RCACGTGKSV	3.11e-1	1.00e0	9.27e2	198	206	206	206	1	102	49.51	96	46.60
713	data/reference/motifs/JASPAR2026_CORE_plants_non-redundant_pfms_meme.txt	MA1816.2	O11	CACGTG	3.09e-1	1.00e0	9.27e2	351	206	206	206	4	122	59.22	116	56.31
714	data/reference/motifs/JASPAR2026_CORE_plants_non-redundant_pfms_meme.txt	MA1740.2	BHLH49	CACGTGC	4.05e-1	1.00e0	9.27e2	89	206	206	206	1	46	22.33	43	20.87
715	data/reference/motifs/JASPAR2026_CORE_plants_non-redundant_pfms_meme.txt	MA1739.2	BHLH122	CMACTTG	3.11e-1	1.00e0	9.27e2	377	206	206	206	7	10	4.85	7	3.40
716	data/reference/motifs/JASPAR2026_CORE_plants_non-redundant_pfms_meme.txt	MA1412.2	TSAR2	GCACGTGC	1.90e-1	1.00e0	9.27e2	253	206	206	206	10	8	3.88	4	1.94
717	data/reference/motifs/JASPAR2026_CORE_plants_non-redundant_pfms_meme.txt	MA1411.2	TSAR1	GCACGTGC	2.25e-1	1.00e0	9.27e2	269	206	206	206	10	5	2.43	2	0.97
718	data/reference/motifs/JASPAR2026_CORE_plants_non-redundant_pfms_meme.txt	MA1357.2	bHLH80	TGCAAGTKG	2.49e-1	1.00e0	9.27e2	203	206	206	206	5	2	0.97	0	0.00
719	data/reference/motifs/JASPAR2026_CORE_plants_non-redundant_pfms_meme.txt	MA1074.2	UNE10	CACGTGM	4.05e-1	1.00e0	9.27e2	89	206	206	206	1	46	22.33	43	20.87
720	data/reference/motifs/JASPAR2026_CORE_plants_non-redundant_pfms_meme.txt	MA0552.2	PIF1	CACGTG	3.69e-1	1.00e0	9.27e2	302	206	206	206	1	153	74.27	149	72.33
721	data/reference/motifs/JASPAR2026_CORE_plants_non-redundant_pfms_meme.txt	MA0582.2	RAV1	GCAACA	9.77e-2	1.00e0	9.27e2	412	206	206	206	10	183	88.83	173	83.98
722	data/reference/motifs/JASPAR2026_CORE_plants_non-redundant_pfms_meme.txt	MA1698.2	ARF7	GCCGACAAG	3.28e-1	1.00e0	9.27e2	391	206	206	206	1	197	95.63	194	94.17
723	data/reference/motifs/JASPAR2026_CORE_plants_non-redundant_pfms_meme.txt	MA1696.2	ARF39	GGGGRACACGT	9.82e-2	1.00e0	9.27e2	398	206	206	206	7	53	25.73	41	19.90
724	data/reference/motifs/JASPAR2026_CORE_plants_non-redundant_pfms_meme.txt	MA1694.2	ARF35	CCCGACAAG	5.00e-1	1.00e0	9.27e2	397	206	206	206	5	98	47.57	97	47.09
725	data/reference/motifs/JASPAR2026_CORE_plants_non-redundant_pfms_meme.txt	MA1693.2	ARF34	CAGACAGC	1.81e-1	1.00e0	9.27e2	410	206	206	206	9	84	40.78	74	35.92
726	data/reference/motifs/JASPAR2026_CORE_plants_non-redundant_pfms_meme.txt	MA1692.2	ARF29	GCCGACAA	5.00e-1	1.00e0	9.27e2	405	206	206	206	1	203	98.54	202	98.06
727	data/reference/motifs/JASPAR2026_CORE_plants_non-redundant_pfms_meme.txt	MA1691.2	ARF27	GCAGACAT	3.73e-1	1.00e0	9.27e2	410	206	206	206	13	62	30.10	58	28.16
728	data/reference/motifs/JASPAR2026_CORE_plants_non-redundant_pfms_meme.txt	MA1689.2	ARF18	CCGACAAA	1.24e-1	1.00e0	9.27e2	412	206	206	206	2	206	100.00	203	98.54
729	data/reference/motifs/JASPAR2026_CORE_plants_non-redundant_pfms_meme.txt	MA1688.2	ARF16	CAAGACAAGA	1.08e-1	1.00e0	9.27e2	412	206	206	206	25	16	7.77	9	4.37
730	data/reference/motifs/JASPAR2026_CORE_plants_non-redundant_pfms_meme.txt	MA1685.2	ARF10	ARNGGGAGACA	1.14e-1	1.00e0	9.27e2	385	206	206	206	5	64	31.07	52	25.24
731	data/reference/motifs/JASPAR2026_CORE_plants_non-redundant_pfms_meme.txt	MA1206.2	ARF2	SMGACA	1.26e-1	1.00e0	9.27e2	412	206	206	206	31	13	6.31	7	3.40
732	data/reference/motifs/JASPAR2026_CORE_plants_non-redundant_pfms_meme.txt	MA0944.2	ARF8	TGTCGG	8.89e-2	1.00e0	9.27e2	412	206	206	206	21	199	96.60	192	93.20
733	data/reference/motifs/JASPAR2026_CORE_plants_non-redundant_pfms_meme.txt	MA0943.2	ARF5	RCCGACA	1.86e-1	1.00e0	9.27e2	407	206	206	206	19	4	1.94	1	0.49
734	data/reference/motifs/JASPAR2026_CORE_plants_non-redundant_pfms_meme.txt	MA0942.2	ARF1	ACCGACA	3.81e-1	1.00e0	9.27e2	388	206	206	206	4	84	40.78	80	38.83
735	data/reference/motifs/JASPAR2026_CORE_plants_non-redundant_pfms_meme.txt	MA0581.2	LEC2	CATGCR	1.01e-1	1.00e0	9.27e2	393	206	206	206	6	43	20.87	32	15.53
736	data/reference/motifs/JASPAR2026_CORE_plants_non-redundant_pfms_meme.txt	MA0565.3	FUS3	ACATGCA	1.26e-1	1.00e0	9.27e2	336	206	206	206	1	173	83.98	163	79.13
737	data/reference/motifs/JASPAR2026_CORE_plants_non-redundant_pfms_meme.txt	MA0564.2	ABI3	GCATGC	1.48e-1	1.00e0	9.27e2	409	206	206	206	20	40	19.42	31	15.05
738	data/reference/motifs/JASPAR2026_CORE_plants_non-redundant_pfms_meme.txt	MA2013.2	ERF115	YCGCCGCCGCM	5.00e-1	1.00e0	9.27e2	193	206	206	206	18	2	0.97	1	0.49
739	data/reference/motifs/JASPAR2026_CORE_plants_non-redundant_pfms_meme.txt	MA2011.2	ERF010	CACCGACA	2.69e-1	1.00e0	9.27e2	382	206	206	206	3	135	65.53	128	62.14
740	data/reference/motifs/JASPAR2026_CORE_plants_non-redundant_pfms_meme.txt	MA1833.2	Zm00001d049364	CCGCCGCCGCC	3.12e-1	1.00e0	9.27e2	228	206	206	206	18	3	1.46	1	0.49
741	data/reference/motifs/JASPAR2026_CORE_plants_non-redundant_pfms_meme.txt	MA1831.2	Zm00001d031796	GACGGCGACG	4.42e-1	1.00e0	9.27e2	325	206	206	206	7	28	13.59	26	12.62
742	data/reference/motifs/JASPAR2026_CORE_plants_non-redundant_pfms_meme.txt	MA1820.2	Zm00001d024324	CGCCGCCGC	3.12e-1	1.00e0	9.27e2	264	206	206	206	18	3	1.46	1	0.49
743	data/reference/motifs/JASPAR2026_CORE_plants_non-redundant_pfms_meme.txt	MA1819.2	Zm00001d005892	CGCCGCCG	1.38e-1	1.00e0	9.27e2	287	206	206	206	2	120	58.25	108	52.43
744	data/reference/motifs/JASPAR2026_CORE_plants_non-redundant_pfms_meme.txt	MA1817.2	Zm00001d020267	CGCCGCCGCC	3.12e-1	1.00e0	9.27e2	244	206	206	206	20	3	1.46	1	0.49
745	data/reference/motifs/JASPAR2026_CORE_plants_non-redundant_pfms_meme.txt	MA1754.2	ERF073	CKCCGCCGCCR	3.12e-1	1.00e0	9.27e2	135	206	206	206	7	3	1.46	1	0.49
746	data/reference/motifs/JASPAR2026_CORE_plants_non-redundant_pfms_meme.txt	MA1753.2	ERF057	CCDCCDCCRCCGCC	4.47e-1	1.00e0	9.27e2	197	206	206	206	3	35	16.99	33	16.02
747	data/reference/motifs/JASPAR2026_CORE_plants_non-redundant_pfms_meme.txt	MA1752.2	ERF025	YGCCGACA	4.60e-1	1.00e0	9.27e2	267	206	206	206	2	82	39.81	80	38.83
748	data/reference/motifs/JASPAR2026_CORE_plants_non-redundant_pfms_meme.txt	MA1748.2	DREB1F	GCCGAC	1.54e-1	1.00e0	9.27e2	396	206	206	206	9	82	39.81	71	34.47
749	data/reference/motifs/JASPAR2026_CORE_plants_non-redundant_pfms_meme.txt	MA1679.2	RAP2-1	CACCGACA	3.43e-1	1.00e0	9.27e2	364	206	206	206	12	4	1.94	2	0.97
750	data/reference/motifs/JASPAR2026_CORE_plants_non-redundant_pfms_meme.txt	MA1671.2	ERF118	CCGCCGCC	3.71e-1	1.00e0	9.27e2	298	206	206	206	1	151	73.30	147	71.36
751	data/reference/motifs/JASPAR2026_CORE_plants_non-redundant_pfms_meme.txt	MA1670.2	DREB1C	GCCGACAT	3.23e-1	1.00e0	9.27e2	384	206	206	206	8	26	12.62	22	10.68
752	data/reference/motifs/JASPAR2026_CORE_plants_non-redundant_pfms_meme.txt	MA1669.2	DREB1B	GCCGACAT	1.82e-1	1.00e0	9.27e2	374	206	206	206	6	40	19.42	32	15.53
753	data/reference/motifs/JASPAR2026_CORE_plants_non-redundant_pfms_meme.txt	MA1424.2	ERF019	CCACCGACA	3.47e-1	1.00e0	9.27e2	199	206	206	206	1	102	49.51	97	47.09
754	data/reference/motifs/JASPAR2026_CORE_plants_non-redundant_pfms_meme.txt	MA1265.3	ERF015	CACCGACA	3.20e-1	1.00e0	9.27e2	355	206	206	206	8	11	5.34	8	3.88
755	data/reference/motifs/JASPAR2026_CORE_plants_non-redundant_pfms_meme.txt	MA1264.2	ERF095	RYGGCGGCGGHGG	4.59e-1	1.00e0	9.27e2	142	206	206	206	1	72	34.95	70	33.98
756	data/reference/motifs/JASPAR2026_CORE_plants_non-redundant_pfms_meme.txt	MA1263.2	ERF055	KGKCGGTGG	2.12e-1	1.00e0	9.27e2	243	206	206	206	1	126	61.17	117	56.80
757	data/reference/motifs/JASPAR2026_CORE_plants_non-redundant_pfms_meme.txt	MA1262.2	ERF2	CCDCCGCCGCCRY	3.12e-1	1.00e0	9.27e2	196	206	206	206	9	3	1.46	1	0.49
758	data/reference/motifs/JASPAR2026_CORE_plants_non-redundant_pfms_meme.txt	MA1261.2	ERF122	TRCGGCKGHG	1.86e-1	1.00e0	9.27e2	371	206	206	206	13	4	1.94	1	0.49
759	data/reference/motifs/JASPAR2026_CORE_plants_non-redundant_pfms_meme.txt	MA1259.2	ERF023	TGTCGGTGR	5.78e-1	1.00e0	9.27e2	187	206	206	206	1	93	45.15	94	45.63
760	data/reference/motifs/JASPAR2026_CORE_plants_non-redundant_pfms_meme.txt	MA1258.2	DREB2A	AWGKCGGTG	2.01e-1	1.00e0	9.27e2	273	206	206	206	2	72	34.95	63	30.58
761	data/reference/motifs/JASPAR2026_CORE_plants_non-redundant_pfms_meme.txt	MA1257.2	ERF9	GGCGGHKRYGGCGGCGGMG	3.12e-1	1.00e0	9.27e2	120	206	206	206	10	3	1.46	1	0.49
762	data/reference/motifs/JASPAR2026_CORE_plants_non-redundant_pfms_meme.txt	MA1256.2	RAP2-12	DRYGGCGGCGG	4.52e-1	1.00e0	9.27e2	174	206	206	206	2	44	21.36	42	20.39
763	data/reference/motifs/JASPAR2026_CORE_plants_non-redundant_pfms_meme.txt	MA1252.2	ERF086	CCKCCGCCGY	3.12e-1	1.00e0	9.27e2	181	206	206	206	7	3	1.46	1	0.49
764	data/reference/motifs/JASPAR2026_CORE_plants_non-redundant_pfms_meme.txt	MA1251.2	RAP2-9	CACCGACAW	6.22e-1	1.00e0	9.27e2	160	206	206	206	2	23	11.17	24	11.65
765	data/reference/motifs/JASPAR2026_CORE_plants_non-redundant_pfms_meme.txt	MA1250.2	DREB2D	CCDCCDCCACCGCC	5.00e-1	1.00e0	9.27e2	242	206	206	206	11	3	1.46	2	0.97
766	data/reference/motifs/JASPAR2026_CORE_plants_non-redundant_pfms_meme.txt	MA1248.2	ERF012	CCACCGMC	2.51e-1	1.00e0	9.27e2	286	206	206	206	9	6	2.91	3	1.46
767	data/reference/motifs/JASPAR2026_CORE_plants_non-redundant_pfms_meme.txt	MA1247.2	ERF087	GRCGGCGGMG	3.12e-1	1.00e0	9.27e2	157	206	206	206	8	3	1.46	1	0.49
768	data/reference/motifs/JASPAR2026_CORE_plants_non-redundant_pfms_meme.txt	MA1246.2	LEP	CKCCGCCGYC	4.06e-1	1.00e0	9.27e2	240	206	206	206	3	47	22.82	44	21.36
769	data/reference/motifs/JASPAR2026_CORE_plants_non-redundant_pfms_meme.txt	MA1245.3	ERF112	CCGCCGCCR	2.45e-1	1.00e0	9.27e2	316	206	206	206	2	112	54.37	104	50.49
770	data/reference/motifs/JASPAR2026_CORE_plants_non-redundant_pfms_meme.txt	MA1243.2	DREB2E	MACCGACWTW	5.40e-1	1.00e0	9.27e2	172	206	206	206	1	86	41.75	86	41.75
771	data/reference/motifs/JASPAR2026_CORE_plants_non-redundant_pfms_meme.txt	MA1240.2	ERF077	CCGCCGCCRY	3.38e-1	1.00e0	9.27e2	242	206	206	206	3	32	15.53	28	13.59
772	data/reference/motifs/JASPAR2026_CORE_plants_non-redundant_pfms_meme.txt	MA1239.2	ERF104	CCDCCDCCGCCGCCRY	3.38e-1	1.00e0	9.27e2	137	206	206	206	1	71	34.47	66	32.04
773	data/reference/motifs/JASPAR2026_CORE_plants_non-redundant_pfms_meme.txt	MA1238.3	ERF038	CACCGACA	3.93e-1	1.00e0	9.27e2	353	206	206	206	9	8	3.88	6	2.91
774	data/reference/motifs/JASPAR2026_CORE_plants_non-redundant_pfms_meme.txt	MA1234.2	ERF017	TGGWCGGTG	1.85e-1	1.00e0	9.27e2	289	206	206	206	3	41	19.90	33	16.02
775	data/reference/motifs/JASPAR2026_CORE_plants_non-redundant_pfms_meme.txt	MA1233.3	ERF021	CGCCGACA	2.56e-1	1.00e0	9.27e2	395	206	206	206	3	151	73.30	144	69.90
776	data/reference/motifs/JASPAR2026_CORE_plants_non-redundant_pfms_meme.txt	MA1231.3	ERF15	MGCCGCCD	1.86e-1	1.00e0	9.27e2	315	206	206	206	9	4	1.94	1	0.49
777	data/reference/motifs/JASPAR2026_CORE_plants_non-redundant_pfms_meme.txt	MA1230.2	ERF037	YCACCGACA	4.20e-1	1.00e0	9.27e2	167	206	206	206	1	85	41.26	82	39.81
778	data/reference/motifs/JASPAR2026_CORE_plants_non-redundant_pfms_meme.txt	MA1229.2	ERF034	TGTCGGTGR	3.84e-1	1.00e0	9.27e2	196	206	206	206	1	100	48.54	96	46.60
779	data/reference/motifs/JASPAR2026_CORE_plants_non-redundant_pfms_meme.txt	MA1228.2	ERF091	RYGGCGGCGGHGG	5.00e-1	1.00e0	9.27e2	119	206	206	206	1	60	29.13	59	28.64
780	data/reference/motifs/JASPAR2026_CORE_plants_non-redundant_pfms_meme.txt	MA1227.3	ERF027	RCCGACA	3.98e-1	1.00e0	9.27e2	400	206	206	206	8	38	18.45	35	16.99
781	data/reference/motifs/JASPAR2026_CORE_plants_non-redundant_pfms_meme.txt	MA1226.2	DREB2G	GGHGGAGGCGGTGG	3.62e-1	1.00e0	9.27e2	248	206	206	206	7	5	2.43	3	1.46
782	data/reference/motifs/JASPAR2026_CORE_plants_non-redundant_pfms_meme.txt	MA1223.2	ERF035	TGTCGGTGG	5.00e-1	1.00e0	9.27e2	95	206	206	206	1	48	23.30	47	22.82
783	data/reference/motifs/JASPAR2026_CORE_plants_non-redundant_pfms_meme.txt	MA1220.2	TINY	YCACCGACA	4.22e-1	1.00e0	9.27e2	209	206	206	206	1	106	51.46	103	50.00
784	data/reference/motifs/JASPAR2026_CORE_plants_non-redundant_pfms_meme.txt	MA1219.3	ERF011	CACCGAC	2.08e-1	1.00e0	9.27e2	383	206	206	206	3	133	64.56	124	60.19
785	data/reference/motifs/JASPAR2026_CORE_plants_non-redundant_pfms_meme.txt	MA1218.2	DREB1D	ATGTCGGY	5.94e-1	1.00e0	9.27e2	197	206	206	206	2	45	21.84	46	22.33
786	data/reference/motifs/JASPAR2026_CORE_plants_non-redundant_pfms_meme.txt	MA1008.2	PHYPADRAFT_182268	GTCGGTG	5.73e-1	1.00e0	9.27e2	114	206	206	206	2	16	7.77	16	7.77
787	data/reference/motifs/JASPAR2026_CORE_plants_non-redundant_pfms_meme.txt	MA1005.3	ERF082	CCGCCGCCR	3.12e-1	1.00e0	9.27e2	307	206	206	206	11	3	1.46	1	0.49
788	data/reference/motifs/JASPAR2026_CORE_plants_non-redundant_pfms_meme.txt	MA1001.4	ERF076	CCGCCGCCRC	3.12e-1	1.00e0	9.27e2	289	206	206	206	13	3	1.46	1	0.49
789	data/reference/motifs/JASPAR2026_CORE_plants_non-redundant_pfms_meme.txt	MA1000.3	ERF105	RYGGCGGCGG	3.43e-1	1.00e0	9.27e2	150	206	206	206	5	4	1.94	2	0.97
790	data/reference/motifs/JASPAR2026_CORE_plants_non-redundant_pfms_meme.txt	MA0998.2	ERF096	GCCGCC	2.26e-1	1.00e0	9.27e2	409	206	206	206	8	170	82.52	163	79.13
791	data/reference/motifs/JASPAR2026_CORE_plants_non-redundant_pfms_meme.txt	MA0997.2	ERF069	GCCG	3.42e-1	1.00e0	9.27e2	412	206	206	206	72	79	38.35	74	35.92
792	data/reference/motifs/JASPAR2026_CORE_plants_non-redundant_pfms_meme.txt	MA0995.3	ERF039	RCCGACA	2.95e-1	1.00e0	9.27e2	404	206	206	206	4	148	71.84	142	68.93
793	data/reference/motifs/JASPAR2026_CORE_plants_non-redundant_pfms_meme.txt	MA0994.3	ERF8	TGRCGGCGGCG	3.44e-1	1.00e0	9.27e2	249	206	206	206	1	127	61.65	122	59.22
794	data/reference/motifs/JASPAR2026_CORE_plants_non-redundant_pfms_meme.txt	MA0993.2	ERF7	GCCG	3.03e-1	1.00e0	9.27e2	412	206	206	206	48	76	36.89	70	33.98
795	data/reference/motifs/JASPAR2026_CORE_plants_non-redundant_pfms_meme.txt	MA0980.3	RAP2-10	RCCGACA	4.34e-1	1.00e0	9.27e2	398	206	206	206	8	21	10.19	19	9.22
796	data/reference/motifs/JASPAR2026_CORE_plants_non-redundant_pfms_meme.txt	MA0976.3	CRF4	CCGCCGCCRC	5.00e-1	1.00e0	9.27e2	276	206	206	206	12	3	1.46	2	0.97
797	data/reference/motifs/JASPAR2026_CORE_plants_non-redundant_pfms_meme.txt	MA0971.2	DREB1A	ATGTCGGY	2.95e-1	1.00e0	9.27e2	378	206	206	206	7	35	16.99	30	14.56
798	data/reference/motifs/JASPAR2026_CORE_plants_non-redundant_pfms_meme.txt	MA1377.2	PLT1	KGCACGVWTHYCGAGR	2.15e-1	1.00e0	9.27e2	195	206	206	206	1	102	49.51	93	45.15
799	data/reference/motifs/JASPAR2026_CORE_plants_non-redundant_pfms_meme.txt	MA1751.2	EIL3	AGRTWCAT	1.90e-1	1.00e0	9.27e2	412	206	206	206	17	8	3.88	4	1.94
800	data/reference/motifs/JASPAR2026_CORE_plants_non-redundant_pfms_meme.txt	MA1376.2	DEAR3	CRCCGMC	1.46e-1	1.00e0	9.27e2	412	206	206	206	11	145	70.39	134	65.05
801	data/reference/motifs/JASPAR2026_CORE_plants_non-redundant_pfms_meme.txt	MA2005.2	NAC016	TVCKTGWBCYNCAMG	2.61e-1	1.00e0	9.27e2	176	206	206	206	2	40	19.42	34	16.50
802	data/reference/motifs/JASPAR2026_CORE_plants_non-redundant_pfms_meme.txt	MA2455.1	SPL9D	AGCGGTASTACCGC	3.43e-1	1.00e0	9.27e2	90	206	206	206	4	4	1.94	2	0.97
803	data/reference/motifs/JASPAR2026_CORE_plants_non-redundant_pfms_meme.txt	MA2451.1	SPL7B	AGCGGTASTACCGCT	7.54e-1	1.00e0	9.27e2	27	206	206	206	2	9	4.37	11	5.34
804	data/reference/motifs/JASPAR2026_CORE_plants_non-redundant_pfms_meme.txt	MA2450.1	SPL7A	GTACTACCGCT	1.98e-1	1.00e0	9.27e2	326	206	206	206	1	167	81.07	159	77.18
805	data/reference/motifs/JASPAR2026_CORE_plants_non-redundant_pfms_meme.txt	MA2444.1	SPL4A	GCGGTASTACCGC	5.00e-1	1.00e0	9.27e2	103	206	206	206	3	8	3.88	7	3.40
806	data/reference/motifs/JASPAR2026_CORE_plants_non-redundant_pfms_meme.txt	MA2443.1	SPL3D	GCGGTASTACCGC	3.38e-1	1.00e0	9.27e2	94	206	206	206	2	32	15.53	28	13.59
807	data/reference/motifs/JASPAR2026_CORE_plants_non-redundant_pfms_meme.txt	MA2441.1	SPL3A	AGCGGTACTACC	1.90e-1	1.00e0	9.27e2	297	206	206	206	1	153	74.27	144	69.90
808	data/reference/motifs/JASPAR2026_CORE_plants_non-redundant_pfms_meme.txt	MA2437.1	SPL19B	GCGGTASTACCGC	7.54e-1	1.00e0	9.27e2	34	206	206	206	2	9	4.37	11	5.34
809	data/reference/motifs/JASPAR2026_CORE_plants_non-redundant_pfms_meme.txt	MA2427.1	SPL12B	AGCGGTASTACCGC	3.56e-1	1.00e0	9.27e2	82	206	206	206	1	43	20.87	39	18.93
810	data/reference/motifs/JASPAR2026_CORE_plants_non-redundant_pfms_meme.txt	MA2426.1	SPL11B	AGCGGTASTACCGCT	7.72e-1	1.00e0	9.27e2	37	206	206	206	2	14	6.80	17	8.25
811	data/reference/motifs/JASPAR2026_CORE_plants_non-redundant_pfms_meme.txt	MA2424.1	OsbZIP77	TGCCACGTCABC	4.40e-1	1.00e0	9.27e2	182	206	206	206	2	26	12.62	24	11.65
812	data/reference/motifs/JASPAR2026_CORE_plants_non-redundant_pfms_meme.txt	MA2423.1	OsbZIP69	GMTGACGTGGCA	5.40e-1	1.00e0	9.27e2	178	206	206	206	1	89	43.20	89	43.20
813	data/reference/motifs/JASPAR2026_CORE_plants_non-redundant_pfms_meme.txt	MA2420.1	SBP6	AAGTACAA	9.29e-2	1.00e0	9.27e2	412	206	206	206	9	168	81.55	156	75.73
814	data/reference/motifs/JASPAR2026_CORE_plants_non-redundant_pfms_meme.txt	MA2419.1	UB3	GAAGTACAAC	2.72e-1	1.00e0	9.27e2	411	206	206	206	4	202	98.06	199	96.60
815	data/reference/motifs/JASPAR2026_CORE_plants_non-redundant_pfms_meme.txt	MA2418.1	IG1	CTGCCGCCA	1.17e-1	1.00e0	9.27e2	371	206	206	206	3	120	58.25	107	51.94
816	data/reference/motifs/JASPAR2026_CORE_plants_non-redundant_pfms_meme.txt	MA2417.1	EREB71	CACCGVCYMC	1.90e-1	1.00e0	9.27e2	305	206	206	206	9	8	3.88	4	1.94
817	data/reference/motifs/JASPAR2026_CORE_plants_non-redundant_pfms_meme.txt	MA2416.1	EREB29	GCCGCCGCCC	1.86e-1	1.00e0	9.27e2	227	206	206	206	13	4	1.94	1	0.49
818	data/reference/motifs/JASPAR2026_CORE_plants_non-redundant_pfms_meme.txt	MA2415.1	EREB138	CMGCCGCCAT	5.00e-1	1.00e0	9.27e2	353	206	206	206	8	11	5.34	10	4.85
819	data/reference/motifs/JASPAR2026_CORE_plants_non-redundant_pfms_meme.txt	MA2414.1	EREB127	TGCCGACA	3.10e-1	1.00e0	9.27e2	334	206	206	206	2	119	57.77	113	54.85
820	data/reference/motifs/JASPAR2026_CORE_plants_non-redundant_pfms_meme.txt	MA2412.1	ZmbZIP72	GATGACATCA	3.12e-1	1.00e0	9.27e2	406	206	206	206	14	3	1.46	1	0.49
821	data/reference/motifs/JASPAR2026_CORE_plants_non-redundant_pfms_meme.txt	MA2411.1	ZmbZIP57	ATGATGTCAT	3.12e-1	1.00e0	9.27e2	409	206	206	206	16	3	1.46	1	0.49
822	data/reference/motifs/JASPAR2026_CORE_plants_non-redundant_pfms_meme.txt	MA2410.1	ZmbZIP54	TGACGTCA	4.50e-1	1.00e0	9.27e2	402	206	206	206	14	40	19.42	38	18.45
823	data/reference/motifs/JASPAR2026_CORE_plants_non-redundant_pfms_meme.txt	MA2409.1	ZmbZIP25	GATGACATCA	2.51e-1	1.00e0	9.27e2	408	206	206	206	14	6	2.91	3	1.46
824	data/reference/motifs/JASPAR2026_CORE_plants_non-redundant_pfms_meme.txt	MA2408.1	BAD1	CCGGGCCCCSVC	2.49e-1	1.00e0	9.27e2	143	206	206	206	15	2	0.97	0	0.00
825	data/reference/motifs/JASPAR2026_CORE_plants_non-redundant_pfms_meme.txt	MA2404.1	OsTRBF3	WRMCCTA	2.19e-1	1.00e0	9.27e2	412	206	206	206	34	40	19.42	33	16.02
826	data/reference/motifs/JASPAR2026_CORE_plants_non-redundant_pfms_meme.txt	MA2401.1	Os05g0437700	MCACGTGK	4.56e-1	1.00e0	9.27e2	248	206	206	206	4	56	27.18	54	26.21
827	data/reference/motifs/JASPAR2026_CORE_plants_non-redundant_pfms_meme.txt	MA2400.1	LjTCP20	GGGACCAY	1.90e-1	1.00e0	9.27e2	298	206	206	206	6	8	3.88	4	1.94
828	data/reference/motifs/JASPAR2026_CORE_plants_non-redundant_pfms_meme.txt	MA2398.1	AS2	CGGCGGMRRHDRCGGCGG	5.00e-1	1.00e0	9.27e2	135	206	206	206	12	2	0.97	1	0.49
829	data/reference/motifs/JASPAR2026_CORE_plants_non-redundant_pfms_meme.txt	MA2396.1	IDD1	TTTTGTCGTTTT	2.35e-1	1.00e0	9.27e2	325	206	206	206	1	166	80.58	159	77.18
830	data/reference/motifs/JASPAR2026_CORE_plants_non-redundant_pfms_meme.txt	MA2395.1	PHYPA_011264	CACCGACM	3.93e-1	1.00e0	9.27e2	265	206	206	206	5	8	3.88	6	2.91
831	data/reference/motifs/JASPAR2026_CORE_plants_non-redundant_pfms_meme.txt	MA2389.1	GBF1	ACGTGKM	1.36e-1	1.00e0	9.27e2	412	206	206	206	27	93	45.15	81	39.32
832	data/reference/motifs/JASPAR2026_CORE_plants_non-redundant_pfms_meme.txt	MA2388.1	GATA1	AGATCTRRWT	1.39e-1	1.00e0	9.27e2	382	206	206	206	4	107	51.94	95	46.12
833	data/reference/motifs/JASPAR2026_CORE_plants_non-redundant_pfms_meme.txt	MA2386.1	estExt_gwp_gw1.C_550163	CACCGAC	5.73e-1	1.00e0	9.27e2	114	206	206	206	2	16	7.77	16	7.77
834	data/reference/motifs/JASPAR2026_CORE_plants_non-redundant_pfms_meme.txt	MA2384.1	estExt_Genewise1.C_2060077	SACGTGK	2.50e-1	1.00e0	9.27e2	331	206	206	206	5	57	27.67	50	24.27
835	data/reference/motifs/JASPAR2026_CORE_plants_non-redundant_pfms_meme.txt	MA2378.1	CRF3	GCCG	1.86e-1	1.00e0	9.27e2	412	206	206	206	16	205	99.51	202	98.06
836	data/reference/motifs/JASPAR2026_CORE_plants_non-redundant_pfms_meme.txt	MA2374.1	AHL13	ATATAATT	1.51e-1	1.00e0	9.27e2	412	206	206	206	75	191	92.72	184	89.32
837	data/reference/motifs/JASPAR2026_CORE_plants_non-redundant_pfms_meme.txt	MA2372.1	AZF1	WCACTVWCW	2.49e-1	1.00e0	9.27e2	412	206	206	206	25	2	0.97	0	0.00
838	data/reference/motifs/JASPAR2026_CORE_plants_non-redundant_pfms_meme.txt	MA2371.1	MYB31	YAMCTMCCAACHAMH	1.10e-1	1.00e0	9.27e2	404	206	206	206	14	8	3.88	3	1.46
839	data/reference/motifs/JASPAR2026_CORE_plants_non-redundant_pfms_meme.txt	MA2370.1	MBD2	AGCTD	3.43e-1	1.00e0	9.27e2	412	206	206	206	75	129	62.62	124	60.19
840	data/reference/motifs/JASPAR2026_CORE_plants_non-redundant_pfms_meme.txt	MA2368.1	WRKY51	RGTCAA	1.12e-1	1.00e0	9.27e2	412	206	206	206	96	29	14.08	20	9.71
841	data/reference/motifs/JASPAR2026_CORE_plants_non-redundant_pfms_meme.txt	MA2365.1	VIT_17s0000g10420	GTTAACYV	1.74e-1	1.00e0	9.27e2	393	206	206	206	1	199	96.60	194	94.17
842	data/reference/motifs/JASPAR2026_CORE_plants_non-redundant_pfms_meme.txt	MA2364.1	VIT_15s0048g01150	GGGCCCAC	1.69e-1	1.00e0	9.27e2	399	206	206	206	16	7	3.40	3	1.46
843	data/reference/motifs/JASPAR2026_CORE_plants_non-redundant_pfms_meme.txt	MA2358.1	PK22320.1	GTACGG	1.04e-1	1.00e0	9.27e2	412	206	206	206	19	35	16.99	25	12.14
844	data/reference/motifs/JASPAR2026_CORE_plants_non-redundant_pfms_meme.txt	MA2353.1	PK02532.1	WAATATCT	1.51e-1	1.00e0	9.27e2	397	206	206	206	7	22	10.68	15	7.28
845	data/reference/motifs/JASPAR2026_CORE_plants_non-redundant_pfms_meme.txt	MA2349.1	OsCCA1	AATATCT	1.12e-1	1.00e0	9.27e2	412	206	206	206	54	86	41.75	73	35.44
846	data/reference/motifs/JASPAR2026_CORE_plants_non-redundant_pfms_meme.txt	MA2106.1	Zm00001d024644	CCTTATCC	1.24e-1	1.00e0	9.27e2	412	206	206	206	31	3	1.46	0	0.00
847	data/reference/motifs/JASPAR2026_CORE_plants_non-redundant_pfms_meme.txt	MA2104.1	IDD11	AAAACGACAAAA	3.12e-1	1.00e0	9.27e2	379	206	206	206	9	3	1.46	1	0.49
848	data/reference/motifs/JASPAR2026_CORE_plants_non-redundant_pfms_meme.txt	MA1800.1	TEM1	GCAACATA	3.33e-1	1.00e0	9.27e2	411	206	206	206	9	30	14.56	26	12.62
849	data/reference/motifs/JASPAR2026_CORE_plants_non-redundant_pfms_meme.txt	MA1797.1	RAV2	GCAACATA	5.00e-1	1.00e0	9.27e2	338	206	206	206	7	3	1.46	2	0.97
850	data/reference/motifs/JASPAR2026_CORE_plants_non-redundant_pfms_meme.txt	MA1790.1	NAC073	CTTSWYBHWCAMGYT	1.46e-1	1.00e0	9.27e2	380	206	206	206	8	15	7.28	9	4.37
851	data/reference/motifs/JASPAR2026_CORE_plants_non-redundant_pfms_meme.txt	MA1746.1	BZIP69	TGMCAGCTGTM	7.45e-1	1.00e0	9.27e2	126	206	206	206	2	19	9.22	22	10.68
852	data/reference/motifs/JASPAR2026_CORE_plants_non-redundant_pfms_meme.txt	MA1686.1	ARF13	ARCGGGGGACAYGT	4.27e-1	1.00e0	9.27e2	131	206	206	206	2	17	8.25	15	7.28
853	data/reference/motifs/JASPAR2026_CORE_plants_non-redundant_pfms_meme.txt	MA2091.1	PK27109.1	GACAGCTG	9.22e-2	1.00e0	9.27e2	391	206	206	206	4	137	66.50	123	59.71
854	data/reference/motifs/JASPAR2026_CORE_plants_non-redundant_pfms_meme.txt	MA2089.1	PK25870.1	RGTCAAM	1.08e-1	1.00e0	9.27e2	412	206	206	206	6	205	99.51	201	97.57
855	data/reference/motifs/JASPAR2026_CORE_plants_non-redundant_pfms_meme.txt	MA2087.1	PK24205.1	CACGTGKC	5.00e-1	1.00e0	9.27e2	210	206	206	206	6	1	0.49	0	0.00
856	data/reference/motifs/JASPAR2026_CORE_plants_non-redundant_pfms_meme.txt	MA2086.1	PK23964.1	KCCACGT	1.30e-1	1.00e0	9.27e2	411	206	206	206	22	81	39.32	69	33.50
857	data/reference/motifs/JASPAR2026_CORE_plants_non-redundant_pfms_meme.txt	MA2084.1	PK23009.1	CTTTW	2.73e-1	1.00e0	9.27e2	412	206	206	206	158	85	41.26	78	37.86
858	data/reference/motifs/JASPAR2026_CORE_plants_non-redundant_pfms_meme.txt	MA2082.1	PK20392.1	AATMAT	2.02e-1	1.00e0	9.27e2	412	206	206	206	86	165	80.10	157	76.21
859	data/reference/motifs/JASPAR2026_CORE_plants_non-redundant_pfms_meme.txt	MA2077.1	PK18474.1	CACGTGC	4.05e-1	1.00e0	9.27e2	89	206	206	206	1	46	22.33	43	20.87
860	data/reference/motifs/JASPAR2026_CORE_plants_non-redundant_pfms_meme.txt	MA2074.1	PK17878.1	CGCCGCCA	1.87e-1	1.00e0	9.27e2	206	206	206	206	2	60	29.13	51	24.76
861	data/reference/motifs/JASPAR2026_CORE_plants_non-redundant_pfms_meme.txt	MA2072.1	PK16335.1	GACAGCTG	3.71e-1	1.00e0	9.27e2	408	206	206	206	3	187	90.78	184	89.32
862	data/reference/motifs/JASPAR2026_CORE_plants_non-redundant_pfms_meme.txt	MA2071.1	PK15505.1	GCACGTGT	4.52e-1	1.00e0	9.27e2	88	206	206	206	2	45	21.84	43	20.87
863	data/reference/motifs/JASPAR2026_CORE_plants_non-redundant_pfms_meme.txt	MA2070.1	PK15337.1	CTTT	1.37e-1	1.00e0	9.27e2	412	206	206	206	336	14	6.80	8	3.88
864	data/reference/motifs/JASPAR2026_CORE_plants_non-redundant_pfms_meme.txt	MA2068.1	PK10344.1	GGGACCAC	4.34e-1	1.00e0	9.27e2	139	206	206	206	2	21	10.19	19	9.22
865	data/reference/motifs/JASPAR2026_CORE_plants_non-redundant_pfms_meme.txt	MA2066.1	PK09021.1	TGACGTCA	7.51e-1	1.00e0	9.27e2	108	206	206	206	3	1	0.49	1	0.49
866	data/reference/motifs/JASPAR2026_CORE_plants_non-redundant_pfms_meme.txt	MA2065.1	PK08602.1	CCACCGCC	6.16e-1	1.00e0	9.27e2	53	206	206	206	1	26	12.62	27	13.11
867	data/reference/motifs/JASPAR2026_CORE_plants_non-redundant_pfms_meme.txt	MA2064.1	PK07858.1	CACGTGC	4.05e-1	1.00e0	9.27e2	89	206	206	206	1	46	22.33	43	20.87
868	data/reference/motifs/JASPAR2026_CORE_plants_non-redundant_pfms_meme.txt	MA2062.1	PK07031.1	CTTT	1.08e-1	1.00e0	9.27e2	412	206	206	206	250	205	99.51	201	97.57
869	data/reference/motifs/JASPAR2026_CORE_plants_non-redundant_pfms_meme.txt	MA2061.1	PK06517.1	CACGTGC	4.05e-1	1.00e0	9.27e2	89	206	206	206	1	46	22.33	43	20.87
870	data/reference/motifs/JASPAR2026_CORE_plants_non-redundant_pfms_meme.txt	MA2060.1	PK05451.1	CCACGTGM	4.52e-1	1.00e0	9.27e2	88	206	206	206	2	45	21.84	43	20.87
871	data/reference/motifs/JASPAR2026_CORE_plants_non-redundant_pfms_meme.txt	MA2059.1	PK05432.1	RGTCAA	2.06e-1	1.00e0	9.27e2	412	206	206	206	38	178	86.41	171	83.01
872	data/reference/motifs/JASPAR2026_CORE_plants_non-redundant_pfms_meme.txt	MA2056.1	PK01144.1	CTTT	2.72e-1	1.00e0	9.27e2	412	206	206	206	304	7	3.40	4	1.94
873	data/reference/motifs/JASPAR2026_CORE_plants_non-redundant_pfms_meme.txt	MA2055.1	PK00315.1	GACAGCTR	1.51e-1	1.00e0	9.27e2	412	206	206	206	15	41	19.90	32	15.53
874	data/reference/motifs/JASPAR2026_CORE_plants_non-redundant_pfms_meme.txt	MA1384.1	PHL7	AAARGAATATTCY	1.94e-1	1.00e0	9.27e2	330	206	206	206	1	169	82.04	161	78.16
875	data/reference/motifs/JASPAR2026_CORE_plants_non-redundant_pfms_meme.txt	MA1380.1	TCX6	WTTTAAATTTTTWAA	5.00e-1	1.00e0	9.27e2	410	206	206	206	16	12	5.83	11	5.34
876	data/reference/motifs/JASPAR2026_CORE_plants_non-redundant_pfms_meme.txt	MA1379.1	SOL1	WTTWAAAATTTAAAW	5.00e-1	1.00e0	9.27e2	406	206	206	206	16	11	5.34	10	4.85
877	data/reference/motifs/JASPAR2026_CORE_plants_non-redundant_pfms_meme.txt	MA1373.1	GAF1	HABWAAACGACAAAA	5.58e-1	1.00e0	9.27e2	317	206	206	206	4	27	13.11	27	13.11
878	data/reference/motifs/JASPAR2026_CORE_plants_non-redundant_pfms_meme.txt	MA1348.1	TGA9	GMTGACGTCAY	7.51e-1	1.00e0	9.27e2	176	206	206	206	4	1	0.49	1	0.49
879	data/reference/motifs/JASPAR2026_CORE_plants_non-redundant_pfms_meme.txt	MA1339.1	BZIP43	GCCACGTCAGCA	5.00e-1	1.00e0	9.27e2	69	206	206	206	1	35	16.99	34	16.50
880	data/reference/motifs/JASPAR2026_CORE_plants_non-redundant_pfms_meme.txt	MA1335.1	TGA4	TGACGTCAKCA	6.95e-1	1.00e0	9.27e2	343	206	206	206	5	18	8.74	20	9.71
881	data/reference/motifs/JASPAR2026_CORE_plants_non-redundant_pfms_meme.txt	MA1324.1	GATA20	ATCSGATC	1.86e-1	1.00e0	9.27e2	358	206	206	206	18	4	1.94	1	0.49
882	data/reference/motifs/JASPAR2026_CORE_plants_non-redundant_pfms_meme.txt	MA1309.1	WRKY3	AAAAGTCAACG	2.25e-1	1.00e0	9.27e2	338	206	206	206	7	5	2.43	2	0.97
883	data/reference/motifs/JASPAR2026_CORE_plants_non-redundant_pfms_meme.txt	MA1242.1	DREB2F	CCDCCACCGCC	4.17e-1	1.00e0	9.27e2	195	206	206	206	4	13	6.31	11	5.34
884	data/reference/motifs/JASPAR2026_CORE_plants_non-redundant_pfms_meme.txt	MA1235.1	AIL7	CGNWTYYCGAG	2.09e-1	1.00e0	9.27e2	405	206	206	206	8	53	25.73	45	21.84
885	data/reference/motifs/JASPAR2026_CORE_plants_non-redundant_pfms_meme.txt	MA1225.1	ERF5	CCDCCGCCGCCGCCR	5.00e-1	1.00e0	9.27e2	160	206	206	206	13	2	0.97	1	0.49
886	data/reference/motifs/JASPAR2026_CORE_plants_non-redundant_pfms_meme.txt	MA1222.1	ERF014	CCDCCDCCACCGMCA	2.60e-1	1.00e0	9.27e2	183	206	206	206	3	24	11.65	19	9.22
887	data/reference/motifs/JASPAR2026_CORE_plants_non-redundant_pfms_meme.txt	MA1221.1	RAP2-6	TKGCGGCGGMGGHGG	5.00e-1	1.00e0	9.27e2	146	206	206	206	11	2	0.97	1	0.49
888	data/reference/motifs/JASPAR2026_CORE_plants_non-redundant_pfms_meme.txt	MA1162.1	TCX2	WTTYAAAATTYAAAW	2.87e-1	1.00e0	9.27e2	405	206	206	206	15	8	3.88	5	2.43
889	data/reference/motifs/JASPAR2026_CORE_plants_non-redundant_pfms_meme.txt	MA1161.1	TSO1	WWTTWAAAATTTAAA	1.61e-1	1.00e0	9.27e2	408	206	206	206	2	200	97.09	195	94.66
890	data/reference/motifs/JASPAR2026_CORE_plants_non-redundant_pfms_meme.txt	MA1098.1	ARALYDRAFT_484486	GGSCCCAC	2.29e-1	1.00e0	9.27e2	282	206	206	206	1	145	70.39	137	66.50
891	data/reference/motifs/JASPAR2026_CORE_plants_non-redundant_pfms_meme.txt	MA1095.1	ARALYDRAFT_495258	GGSCCCAC	2.29e-1	1.00e0	9.27e2	282	206	206	206	1	145	70.39	137	66.50
892	data/reference/motifs/JASPAR2026_CORE_plants_non-redundant_pfms_meme.txt	MA1091.1	WRKY62	TGGTCAAC	5.00e-1	1.00e0	9.27e2	381	206	206	206	1	191	92.72	190	92.23
893	data/reference/motifs/JASPAR2026_CORE_plants_non-redundant_pfms_meme.txt	MA1084.1	WRKY38	CGTTGACC	3.62e-1	1.00e0	9.27e2	412	206	206	206	16	19	9.22	16	7.77
894	data/reference/motifs/JASPAR2026_CORE_plants_non-redundant_pfms_meme.txt	MA1080.1	WRKY23	AGTCAACG	4.34e-1	1.00e0	9.27e2	350	206	206	206	5	21	10.19	19	9.22
895	data/reference/motifs/JASPAR2026_CORE_plants_non-redundant_pfms_meme.txt	MA1075.1	WRKY12	CGTTGACC	5.00e-1	1.00e0	9.27e2	411	206	206	206	17	10	4.85	9	4.37
896	data/reference/motifs/JASPAR2026_CORE_plants_non-redundant_pfms_meme.txt	MA1067.1	TCP5	GGGACCAC	2.04e-1	1.00e0	9.27e2	222	206	206	206	2	50	24.27	42	20.39
897	data/reference/motifs/JASPAR2026_CORE_plants_non-redundant_pfms_meme.txt	MA1053.1	ERF109	GCGCCGCC	1.36e-1	1.00e0	9.27e2	269	206	206	206	2	92	44.66	80	38.83
898	data/reference/motifs/JASPAR2026_CORE_plants_non-redundant_pfms_meme.txt	MA1051.1	RAP2-3	GCGCCGCC	1.86e-1	1.00e0	9.27e2	366	206	206	206	18	4	1.94	1	0.49
899	data/reference/motifs/JASPAR2026_CORE_plants_non-redundant_pfms_meme.txt	MA1050.1	OsI_08196	GGGCCCAC	1.72e-1	1.00e0	9.27e2	355	206	206	206	7	18	8.74	12	5.83
900	data/reference/motifs/JASPAR2026_CORE_plants_non-redundant_pfms_meme.txt	MA1046.1	NTL9	TTAAGTAAT	7.51e-1	1.00e0	9.27e2	349	206	206	206	12	1	0.49	1	0.49
901	data/reference/motifs/JASPAR2026_CORE_plants_non-redundant_pfms_meme.txt	MA1035.1	TCP4	GGGACCAC	2.91e-1	1.00e0	9.27e2	242	206	206	206	2	60	29.13	54	26.21
902	data/reference/motifs/JASPAR2026_CORE_plants_non-redundant_pfms_meme.txt	MA1034.1	Os05g0497200	CGSCGCCR	6.38e-1	1.00e0	9.27e2	114	206	206	206	4	4	1.94	4	1.94
903	data/reference/motifs/JASPAR2026_CORE_plants_non-redundant_pfms_meme.txt	MA1033.1	OJ1058_F05.8	MCACGTGK	4.56e-1	1.00e0	9.27e2	248	206	206	206	4	56	27.18	54	26.21
904	data/reference/motifs/JASPAR2026_CORE_plants_non-redundant_pfms_meme.txt	MA1023.1	PHYPADRAFT_28324	KGTCGGTG	5.00e-1	1.00e0	9.27e2	114	206	206	206	2	14	6.80	13	6.31
905	data/reference/motifs/JASPAR2026_CORE_plants_non-redundant_pfms_meme.txt	MA1020.1	GT-1	GTTAACCA	9.00e-2	1.00e0	9.27e2	409	206	206	206	4	158	76.70	145	70.39
906	data/reference/motifs/JASPAR2026_CORE_plants_non-redundant_pfms_meme.txt	MA1014.1	GATA11	TAGATCTG	3.21e-1	1.00e0	9.27e2	253	206	206	206	3	51	24.76	46	22.33
907	data/reference/motifs/JASPAR2026_CORE_plants_non-redundant_pfms_meme.txt	MA1009.1	ARF3	TGTCGGAA	1.10e-1	1.00e0	9.27e2	400	206	206	206	11	8	3.88	3	1.46
908	data/reference/motifs/JASPAR2026_CORE_plants_non-redundant_pfms_meme.txt	MA0986.1	DREB2C	CACCGACA	5.00e-1	1.00e0	9.27e2	395	206	206	206	16	2	0.97	1	0.49
909	data/reference/motifs/JASPAR2026_CORE_plants_non-redundant_pfms_meme.txt	MA0967.1	BZIP60	TGACGTCA	3.34e-1	1.00e0	9.27e2	411	206	206	206	28	13	6.31	10	4.85
910	data/reference/motifs/JASPAR2026_CORE_plants_non-redundant_pfms_meme.txt	MA0963.1	bHLH78	GCACGTGC	5.40e-1	1.00e0	9.27e2	178	206	206	206	2	89	43.20	89	43.20
911	data/reference/motifs/JASPAR2026_CORE_plants_non-redundant_pfms_meme.txt	MA0960.1	BHLH104	GGCACGTGCC	7.75e-1	1.00e0	9.27e2	69	206	206	206	4	3	1.46	4	1.94
912	data/reference/motifs/JASPAR2026_CORE_plants_non-redundant_pfms_meme.txt	MA0959.1	AIB	GCACGTGC	1.42e-1	1.00e0	9.27e2	282	206	206	206	10	6	2.91	2	0.97
913	data/reference/motifs/JASPAR2026_CORE_plants_non-redundant_pfms_meme.txt	MA0957.1	BHLH3	GCACGTGC	2.76e-1	1.00e0	9.27e2	382	206	206	206	6	120	58.25	113	54.85
914	data/reference/motifs/JASPAR2026_CORE_plants_non-redundant_pfms_meme.txt	MA0952.1	ATHB-51	AATWATTG	2.29e-1	1.00e0	9.27e2	412	206	206	206	19	145	70.39	137	66.50
915	data/reference/motifs/JASPAR2026_CORE_plants_non-redundant_pfms_meme.txt	MA0951.1	ATHB-16	TAATMATT	1.56e-1	1.00e0	9.27e2	412	206	206	206	5	196	95.15	190	92.23
916	data/reference/motifs/JASPAR2026_CORE_plants_non-redundant_pfms_meme.txt	MA0950.1	ATHB-12	AATGATTG	1.90e-1	1.00e0	9.27e2	412	206	206	206	61	8	3.88	4	1.94
917	data/reference/motifs/JASPAR2026_CORE_plants_non-redundant_pfms_meme.txt	MA0947.1	ARR14	AGATWCGS	1.42e-1	1.00e0	9.27e2	391	206	206	206	5	68	33.01	57	27.67
918	data/reference/motifs/JASPAR2026_CORE_plants_non-redundant_pfms_meme.txt	MA0934.1	AHL25	AWTTAAWT	2.64e-1	1.00e0	9.27e2	412	206	206	206	74	186	90.29	181	87.86
919	data/reference/motifs/JASPAR2026_CORE_plants_non-redundant_pfms_meme.txt	MA0933.1	AHL20	AATTAAWT	3.40e-1	1.00e0	9.27e2	412	206	206	206	56	195	94.66	192	93.20
920	data/reference/motifs/JASPAR2026_CORE_plants_non-redundant_pfms_meme.txt	MA0932.1	AHL12	AAWWWWTT	2.11e-1	1.00e0	9.27e2	412	206	206	206	162	160	77.67	152	73.79
921	data/reference/motifs/JASPAR2026_CORE_plants_non-redundant_pfms_meme.txt	MA0567.1	ERF1B	MGCCGCCA	3.12e-1	1.00e0	9.27e2	339	206	206	206	11	3	1.46	1	0.49
922	data/reference/motifs/JASPAR2026_CORE_plants_non-redundant_pfms_meme.txt	MA0129.1	TGA1A	HACGTCA	5.00e-1	1.00e0	9.27e2	412	206	206	206	30	4	1.94	3	1.46
923	data/reference/motifs/JASPAR2026_CORE_plants_non-redundant_pfms_meme.txt	MA0128.1	EmBP-1	ASACGTGG	1.58e-1	1.00e0	9.27e2	382	206	206	206	3	128	62.14	117	56.80
924	data/reference/motifs/JASPAR2026_CORE_plants_non-redundant_pfms_meme.txt	MA0123.1	abi4	CGSYGCCCCC	1.10e-1	1.00e0	9.27e2	353	206	206	206	14	8	3.88	3	1.46
925	data/reference/motifs/JASPAR2026_CORE_plants_non-redundant_pfms_meme.txt	MA0097.1	bZIP911	GRTGACGTGGMC	7.66e-1	1.00e0	9.27e2	33	206	206	206	1	15	7.28	18	8.74
926	data/reference/motifs/JASPAR2026_CORE_plants_non-redundant_pfms_meme.txt	MA0096.1	bZIP910	MTGACGT	4.00e-1	1.00e0	9.27e2	184	206	206	206	3	9	4.37	7	3.40
927	data/reference/motifs/JASPAR2026_CORE_plants_non-redundant_pfms_meme.txt	MA0021.1	Dof3	AAAGYV	9.29e-2	1.00e0	9.27e2	412	206	206	206	15	50	24.27	38	18.45

# AME (Analysis of Motif Enrichment): Version 5.5.9 compiled on May 27 2026 at 12:40:54
# The format of this file is described at https://meme-suite.org/meme/doc/ame-output-format.html.
# ame --verbose 1 --text --control results/evidence/motifs/inputs/backgrounds/2000/replicate_098.fa --method fisher --scoring totalhits --hit-lo-fraction 0.25 --evalue-report-threshold 1000000 --noseq results/evidence/motifs/inputs/frozen_candidates_2000bp.fa data/reference/motifs/JASPAR2026_CORE_plants_non-redundant_pfms_meme.txt
