2	data/reference/motifs/JASPAR2026_CORE_plants_non-redundant_pfms_meme.txt	MA1774.2	MYB60	YCAACYACYT	3.13e-4	1.20e-1	1.11e2	408	206	206	206	11	19	9.22	3	1.46
3	data/reference/motifs/JASPAR2026_CORE_plants_non-redundant_pfms_meme.txt	MA2014.2	BAM8	CACACGTGY	1.16e-3	3.03e-1	2.81e2	311	206	206	206	3	83	40.29	53	25.73
4	data/reference/motifs/JASPAR2026_CORE_plants_non-redundant_pfms_meme.txt	MA2640.1	GLYMA-19G062000	GTAACAGTTAC	1.04e-3	3.34e-1	3.10e2	392	206	206	206	9	35	16.99	14	6.80
5	data/reference/motifs/JASPAR2026_CORE_plants_non-redundant_pfms_meme.txt	MA2029.2	MYB88	ACGCTCCTC	1.73e-3	3.97e-1	3.68e2	293	206	206	206	2	97	47.09	67	32.52
6	data/reference/motifs/JASPAR2026_CORE_plants_non-redundant_pfms_meme.txt	MA1352.1	TRP1	ACCCTAAACCCTAAACCCTAA	2.49e-1	4.37e-1	4.05e2	2	206	206	206	1	2	0.97	0	0.00
7	data/reference/motifs/JASPAR2026_CORE_plants_non-redundant_pfms_meme.txt	MA1061.2	SPT	CCACGTG	1.49e-3	4.57e-1	4.24e2	410	206	206	206	13	80	38.83	51	24.76
8	data/reference/motifs/JASPAR2026_CORE_plants_non-redundant_pfms_meme.txt	MA2387.1	NAC094	YGCCGTRNHNNHCACG	5.57e-3	4.70e-1	4.36e2	114	206	206	206	1	69	33.50	45	21.84
9	data/reference/motifs/JASPAR2026_CORE_plants_non-redundant_pfms_meme.txt	MA2360.1	PK28565.1	TAACBGTC	1.73e-3	5.11e-1	4.73e2	412	206	206	206	13	38	18.45	17	8.25
10	data/reference/motifs/JASPAR2026_CORE_plants_non-redundant_pfms_meme.txt	MA1758.2	HSFA1E	AGAAGCTTCTAGAA	3.81e-3	5.23e-1	4.85e2	194	206	206	206	1	111	53.88	83	40.29
11	data/reference/motifs/JASPAR2026_CORE_plants_non-redundant_pfms_meme.txt	MA2373.1	AZF2	ASTG	2.59e-3	6.56e-1	6.08e2	412	206	206	206	147	201	97.57	187	90.78
12	data/reference/motifs/JASPAR2026_CORE_plants_non-redundant_pfms_meme.txt	MA1174.2	MYB56	ATAACGGWHW	2.63e-3	6.60e-1	6.11e2	410	206	206	206	6	132	64.08	103	50.00
13	data/reference/motifs/JASPAR2026_CORE_plants_non-redundant_pfms_meme.txt	MA1427.3	NAC028	CAAGTAA	3.05e-3	7.16e-1	6.63e2	412	206	206	206	12	199	96.60	184	89.32
14	data/reference/motifs/JASPAR2026_CORE_plants_non-redundant_pfms_meme.txt	MA1065.3	TCP20	GTGGGWCCCAC	6.83e-3	7.48e-1	6.93e2	202	206	206	206	1	114	55.34	88	42.72
15	data/reference/motifs/JASPAR2026_CORE_plants_non-redundant_pfms_meme.txt	MA1173.2	MYB101	TAACCGAAW	3.64e-3	7.77e-1	7.20e2	412	206	206	206	12	192	93.20	174	84.47
16	data/reference/motifs/JASPAR2026_CORE_plants_non-redundant_pfms_meme.txt	MA1175.2	MYB81	TAACHGWWT	3.64e-3	7.77e-1	7.21e2	412	206	206	206	6	206	100.00	198	96.12
17	data/reference/motifs/JASPAR2026_CORE_plants_non-redundant_pfms_meme.txt	MA2105.1	GLYMA-13G317000	ACACGT	3.83e-3	7.78e-1	7.21e2	393	206	206	206	5	112	54.37	84	40.78
18	data/reference/motifs/JASPAR2026_CORE_plants_non-redundant_pfms_meme.txt	MA2760.1	p2	CACCTAAC	3.70e-3	7.82e-1	7.25e2	412	206	206	206	14	87	42.23	60	29.13
19	data/reference/motifs/JASPAR2026_CORE_plants_non-redundant_pfms_meme.txt	MA0121.2	ARR10	AGATHYK	3.99e-3	8.07e-1	7.48e2	412	206	206	206	8	198	96.12	183	88.83
20	data/reference/motifs/JASPAR2026_CORE_plants_non-redundant_pfms_meme.txt	MA1181.2	MYB113	AKTYMGTTAT	4.31e-3	8.30e-1	7.69e2	411	206	206	206	4	201	97.57	188	91.26
21	data/reference/motifs/JASPAR2026_CORE_plants_non-redundant_pfms_meme.txt	MA2622.1	hb34	CAATAATTG	4.79e-3	8.61e-1	7.98e2	412	206	206	206	21	102	49.51	75	36.41
22	data/reference/motifs/JASPAR2026_CORE_plants_non-redundant_pfms_meme.txt	MA1212.2	ATHB-13	YAATAATT	4.81e-3	8.62e-1	7.99e2	412	206	206	206	9	157	76.21	132	64.08
23	data/reference/motifs/JASPAR2026_CORE_plants_non-redundant_pfms_meme.txt	MA1674.3	NAC017	CAAGTAA	4.96e-3	8.70e-1	8.06e2	411	206	206	206	10	202	98.06	190	92.23
24	data/reference/motifs/JASPAR2026_CORE_plants_non-redundant_pfms_meme.txt	MA1767.2	MYB23	CAACWA	5.14e-3	8.80e-1	8.15e2	412	206	206	206	10	120	58.25	93	45.15
25	data/reference/motifs/JASPAR2026_CORE_plants_non-redundant_pfms_meme.txt	MA2483.1	PK20543.1	TTAACC	5.15e-3	8.80e-1	8.16e2	412	206	206	206	73	76	36.89	51	24.76
26	data/reference/motifs/JASPAR2026_CORE_plants_non-redundant_pfms_meme.txt	MA1178.3	MYB3R1	TAACGGTC	5.48e-3	8.91e-1	8.26e2	405	206	206	206	4	168	81.55	145	70.39
27	data/reference/motifs/JASPAR2026_CORE_plants_non-redundant_pfms_meme.txt	MA2351.1	OsEIL3	AGRTACAT	5.56e-3	8.99e-1	8.33e2	412	206	206	206	12	35	16.99	17	8.25
28	data/reference/motifs/JASPAR2026_CORE_plants_non-redundant_pfms_meme.txt	MA2672.1	GLYMA-01G233000	AGAASCTTCT	5.88e-3	9.05e-1	8.39e2	401	206	206	206	2	194	94.17	178	86.41
29	data/reference/motifs/JASPAR2026_CORE_plants_non-redundant_pfms_meme.txt	MA1057.2	SPL12	GTACGG	5.76e-3	9.07e-1	8.41e2	412	206	206	206	7	204	99.03	194	94.17
30	data/reference/motifs/JASPAR2026_CORE_plants_non-redundant_pfms_meme.txt	MA2501.1	G1	TTACTGTA	5.81e-3	9.09e-1	8.42e2	412	206	206	206	14	151	73.30	126	61.17
31	data/reference/motifs/JASPAR2026_CORE_plants_non-redundant_pfms_meme.txt	MA1028.1	KAN4	GAATATTC	6.45e-3	9.23e-1	8.55e2	397	206	206	206	10	73	35.44	49	23.79
32	data/reference/motifs/JASPAR2026_CORE_plants_non-redundant_pfms_meme.txt	MA1184.2	RVE1	WAAATATCT	6.40e-3	9.24e-1	8.57e2	403	206	206	206	5	130	63.11	104	50.49
33	data/reference/motifs/JASPAR2026_CORE_plants_non-redundant_pfms_meme.txt	MA2347.1	OS04G0486400	TAACC	6.40e-3	9.28e-1	8.61e2	412	206	206	206	99	130	63.11	104	50.49
34	data/reference/motifs/JASPAR2026_CORE_plants_non-redundant_pfms_meme.txt	MA2455.1	SPL9D	AGCGGTASTACCGC	3.38e-2	9.36e-1	8.68e2	80	206	206	206	3	7	3.40	1	0.49
35	data/reference/motifs/JASPAR2026_CORE_plants_non-redundant_pfms_meme.txt	MA2651.1	GLYMA-20G154400	GGGCCCCAC	8.80e-3	9.46e-1	8.77e2	332	206	206	206	1	176	85.44	156	75.73
36	data/reference/motifs/JASPAR2026_CORE_plants_non-redundant_pfms_meme.txt	MA1185.2	LHY	AGATATTTT	7.71e-3	9.49e-1	8.80e2	387	206	206	206	2	178	86.41	158	76.70
37	data/reference/motifs/JASPAR2026_CORE_plants_non-redundant_pfms_meme.txt	MA1762.2	MYB10	YCACCWAMCW	7.73e-3	9.52e-1	8.83e2	393	206	206	206	8	20	9.71	7	3.40
38	data/reference/motifs/JASPAR2026_CORE_plants_non-redundant_pfms_meme.txt	MA2052.2	ZAT6	AATGATTG	7.77e-3	9.59e-1	8.89e2	412	206	206	206	20	197	95.63	183	88.83
39	data/reference/motifs/JASPAR2026_CORE_plants_non-redundant_pfms_meme.txt	MA1784.1	NAC011	GTTGCTTSWNHHDCAAGYAAC	6.76e-2	9.63e-1	8.92e2	47	206	206	206	2	12	5.83	5	2.43
40	data/reference/motifs/JASPAR2026_CORE_plants_non-redundant_pfms_meme.txt	MA0965.3	BIM2	CACGTG	8.67e-3	9.64e-1	8.93e2	382	206	206	206	8	84	40.78	60	29.13
41	data/reference/motifs/JASPAR2026_CORE_plants_non-redundant_pfms_meme.txt	MA2362.1	TEIL	AGRTWCAT	8.17e-3	9.66e-1	8.95e2	412	206	206	206	31	55	26.70	34	16.50
42	data/reference/motifs/JASPAR2026_CORE_plants_non-redundant_pfms_meme.txt	MA2759.1	ereb7	GCGGCGGCGGCGG	5.00e-1	9.69e-1	8.98e2	5	206	206	206	2	1	0.49	0	0.00
43	data/reference/motifs/JASPAR2026_CORE_plants_non-redundant_pfms_meme.txt	MA1191.2	RVE7L	AAAATATCT	9.19e-3	9.69e-1	8.99e2	379	206	206	206	4	87	42.23	63	30.58
44	data/reference/motifs/JASPAR2026_CORE_plants_non-redundant_pfms_meme.txt	MA1016.2	GATA15	GATC	8.55e-3	9.71e-1	9.00e2	412	206	206	206	97	181	87.86	162	78.64
45	data/reference/motifs/JASPAR2026_CORE_plants_non-redundant_pfms_meme.txt	MA1766.2	MYB17	YYCACCTACCW	9.22e-3	9.74e-1	9.03e2	395	206	206	206	7	45	21.84	26	12.62
46	data/reference/motifs/JASPAR2026_CORE_plants_non-redundant_pfms_meme.txt	MA1778.2	MYB80	TYYACCTAMYTW	8.88e-3	9.74e-1	9.03e2	412	206	206	206	8	110	53.40	85	41.26
47	data/reference/motifs/JASPAR2026_CORE_plants_non-redundant_pfms_meme.txt	MA2502.1	TMF	CTACAGTA	9.08e-3	9.76e-1	9.05e2	412	206	206	206	6	191	92.72	175	84.95
48	data/reference/motifs/JASPAR2026_CORE_plants_non-redundant_pfms_meme.txt	MA1736.2	AT5G04390	TCACT	9.56e-3	9.81e-1	9.09e2	412	206	206	206	20	66	32.04	44	21.36
49	data/reference/motifs/JASPAR2026_CORE_plants_non-redundant_pfms_meme.txt	MA0962.2	bHLH34	GCACGTG	1.20e-2	9.82e-1	9.11e2	337	206	206	206	3	86	41.75	63	30.58
50	data/reference/motifs/JASPAR2026_CORE_plants_non-redundant_pfms_meme.txt	MA2397.1	ILR3	CACGTG	9.82e-3	9.83e-1	9.11e2	412	206	206	206	36	91	44.17	67	32.52
51	data/reference/motifs/JASPAR2026_CORE_plants_non-redundant_pfms_meme.txt	MA2422.1	OsbZIP42	TGMCACGTCA	1.02e-2	9.83e-1	9.11e2	399	206	206	206	1	204	99.03	195	94.66
52	data/reference/motifs/JASPAR2026_CORE_plants_non-redundant_pfms_meme.txt	MA1781.2	MYB94	CCAACYACYW	1.00e-2	9.83e-1	9.12e2	410	206	206	206	12	9	4.37	1	0.49
53	data/reference/motifs/JASPAR2026_CORE_plants_non-redundant_pfms_meme.txt	MA0034.2	Gam1	YAACCGMC	1.00e-2	9.84e-1	9.12e2	412	206	206	206	30	9	4.37	1	0.49
54	data/reference/motifs/JASPAR2026_CORE_plants_non-redundant_pfms_meme.txt	MA1059.3	SPL5	TGTACGGAH	8.32e-2	9.85e-1	9.13e2	48	206	206	206	1	29	14.08	19	9.22
55	data/reference/motifs/JASPAR2026_CORE_plants_non-redundant_pfms_meme.txt	MA0054.1	myb.Ph3	TAACBGTTW	1.02e-2	9.85e-1	9.13e2	412	206	206	206	19	204	99.03	195	94.66
56	data/reference/motifs/JASPAR2026_CORE_plants_non-redundant_pfms_meme.txt	MA1241.2	ERF043	CCACCGACA	4.22e-2	9.85e-1	9.13e2	100	206	206	206	1	58	28.16	42	20.39
57	data/reference/motifs/JASPAR2026_CORE_plants_non-redundant_pfms_meme.txt	MA1197.2	CAMTA1	AARCGCGTG	2.11e-2	9.86e-1	9.14e2	201	206	206	206	2	54	26.21	36	17.48
58	data/reference/motifs/JASPAR2026_CORE_plants_non-redundant_pfms_meme.txt	MA2356.1	PK20555.1	CTTTW	1.11e-2	9.90e-1	9.17e2	412	206	206	206	185	195	94.66	181	87.86
59	data/reference/motifs/JASPAR2026_CORE_plants_non-redundant_pfms_meme.txt	MA1687.1	ARF14	CGGGGGACAYGTCGGG	4.85e-2	9.90e-1	9.17e2	92	206	206	206	2	17	8.25	8	3.88
60	data/reference/motifs/JASPAR2026_CORE_plants_non-redundant_pfms_meme.txt	MA2344.1	REV	AATMATCATTATTA	1.15e-2	9.91e-1	9.18e2	408	206	206	206	3	201	97.57	190	92.23
61	data/reference/motifs/JASPAR2026_CORE_plants_non-redundant_pfms_meme.txt	MA2655.1	GLYMA-08G218600	AAAAGTCAA	1.14e-2	9.91e-1	9.19e2	412	206	206	206	13	106	51.46	82	39.81
62	data/reference/motifs/JASPAR2026_CORE_plants_non-redundant_pfms_meme.txt	MA1750.1	E2FE	TTTTTGGCGGGAAAA	3.75e-1	9.91e-1	9.19e2	10	206	206	206	1	6	2.91	4	1.94
63	data/reference/motifs/JASPAR2026_CORE_plants_non-redundant_pfms_meme.txt	MA1732.1	E2FD	TTTTTGGCGGGAAAA	3.75e-1	9.91e-1	9.19e2	10	206	206	206	1	6	2.91	4	1.94
64	data/reference/motifs/JASPAR2026_CORE_plants_non-redundant_pfms_meme.txt	MA2355.1	PK06791.1	GTACGG	1.19e-2	9.93e-1	9.20e2	412	206	206	206	25	38	18.45	21	10.19
65	data/reference/motifs/JASPAR2026_CORE_plants_non-redundant_pfms_meme.txt	MA0975.1	CRF2	SCGCCGCC	2.43e-2	9.93e-1	9.21e2	207	206	206	206	1	114	55.34	93	45.15
66	data/reference/motifs/JASPAR2026_CORE_plants_non-redundant_pfms_meme.txt	MA2664.1	GLYMA-03G162700	GGYGGYGGCGGCGGMGGCGGYGG	1.24e-1	9.93e-1	9.21e2	38	206	206	206	16	3	1.46	0	0.00
67	data/reference/motifs/JASPAR2026_CORE_plants_non-redundant_pfms_meme.txt	MA0941.2	ABF2	ACACGTG	1.24e-2	9.94e-1	9.21e2	412	206	206	206	15	88	42.72	65	31.55
68	data/reference/motifs/JASPAR2026_CORE_plants_non-redundant_pfms_meme.txt	MA1394.3	MYB73	AACGGTCA	1.26e-2	9.94e-1	9.22e2	408	206	206	206	9	44	21.36	26	12.62
69	data/reference/motifs/JASPAR2026_CORE_plants_non-redundant_pfms_meme.txt	MA0110.4	ATHB-5	CAATCATT	1.26e-2	9.94e-1	9.22e2	412	206	206	206	30	140	67.96	117	56.80
70	data/reference/motifs/JASPAR2026_CORE_plants_non-redundant_pfms_meme.txt	MA2399.1	LjSGA_053525.1	GGGCCCAC	1.98e-2	9.94e-1	9.22e2	262	206	206	206	2	84	40.78	63	30.58
71	data/reference/motifs/JASPAR2026_CORE_plants_non-redundant_pfms_meme.txt	MA1179.2	MYB1	ACSGTTA	1.33e-2	9.94e-1	9.22e2	389	206	206	206	2	174	84.47	155	75.24
72	data/reference/motifs/JASPAR2026_CORE_plants_non-redundant_pfms_meme.txt	MA1356.1	TRP2	AACCCTAAACCCTAAACCCTA	3.00e-1	9.95e-1	9.23e2	15	206	206	206	1	9	4.37	6	2.91
73	data/reference/motifs/JASPAR2026_CORE_plants_non-redundant_pfms_meme.txt	MA2429.1	SPL13D	AGCGGTASTACCGCT	3.00e-1	9.95e-1	9.23e2	15	206	206	206	1	9	4.37	6	2.91
74	data/reference/motifs/JASPAR2026_CORE_plants_non-redundant_pfms_meme.txt	MA1210.3	HAT22	CAATAATTG	1.31e-2	9.95e-1	9.23e2	412	206	206	206	13	161	78.16	140	67.96
75	data/reference/motifs/JASPAR2026_CORE_plants_non-redundant_pfms_meme.txt	MA1283.2	TCP14	ADAGVDBGTGGGDCCCAC	3.62e-1	9.95e-1	9.23e2	12	206	206	206	2	5	2.43	3	1.46
76	data/reference/motifs/JASPAR2026_CORE_plants_non-redundant_pfms_meme.txt	MA0938.3	NAC058	TTACKTGTDNMACAAGWAA	4.82e-2	9.95e-1	9.23e2	112	206	206	206	1	64	31.07	48	23.30
77	data/reference/motifs/JASPAR2026_CORE_plants_non-redundant_pfms_meme.txt	MA0575.2	MYB77	GACRGTTAS	1.52e-2	9.96e-1	9.23e2	360	206	206	206	3	84	40.78	62	30.10
78	data/reference/motifs/JASPAR2026_CORE_plants_non-redundant_pfms_meme.txt	MA1351.3	GBF3	ACGTGGCA	1.37e-2	9.96e-1	9.24e2	412	206	206	206	19	14	6.80	4	1.94
79	data/reference/motifs/JASPAR2026_CORE_plants_non-redundant_pfms_meme.txt	MA2376.1	CAMTA5	CGYGTNDDAWVCGYGT	1.70e-2	9.97e-1	9.24e2	333	206	206	206	4	65	31.55	45	21.84
80	data/reference/motifs/JASPAR2026_CORE_plants_non-redundant_pfms_meme.txt	MA2439.1	SPL2A	GCGGTASTACCGC	9.77e-2	9.97e-1	9.24e2	56	206	206	206	1	33	16.02	23	11.17
81	data/reference/motifs/JASPAR2026_CORE_plants_non-redundant_pfms_meme.txt	MA0945.2	ARR1	RDATCT	1.40e-2	9.97e-1	9.24e2	412	206	206	206	90	23	11.17	10	4.85
82	data/reference/motifs/JASPAR2026_CORE_plants_non-redundant_pfms_meme.txt	MA1326.2	ZHD5	GTRATTAR	1.42e-2	9.97e-1	9.24e2	412	206	206	206	14	100	48.54	77	37.38
83	data/reference/motifs/JASPAR2026_CORE_plants_non-redundant_pfms_meme.txt	MA2730.1	Solyc01g079480	YSACGTGKCA	1.78e-2	9.97e-1	9.24e2	330	206	206	206	1	174	84.47	156	75.73
84	data/reference/motifs/JASPAR2026_CORE_plants_non-redundant_pfms_meme.txt	MA1401.2	RVE7	AAAATATCT	2.05e-2	9.97e-1	9.24e2	288	206	206	206	1	154	74.76	134	65.05
85	data/reference/motifs/JASPAR2026_CORE_plants_non-redundant_pfms_meme.txt	MA1062.3	TCP15	GTGGGWCCCAC	3.04e-2	9.97e-1	9.25e2	196	206	206	206	1	108	52.43	88	42.72
86	data/reference/motifs/JASPAR2026_CORE_plants_non-redundant_pfms_meme.txt	MA2761.1	myb100	TRCCTAACTT	1.47e-2	9.98e-1	9.25e2	411	206	206	206	9	82	39.81	60	29.13
87	data/reference/motifs/JASPAR2026_CORE_plants_non-redundant_pfms_meme.txt	MA0573.2	ATHB-9	GTAATGATTRCDYBS	1.51e-1	9.98e-1	9.25e2	37	206	206	206	1	22	10.68	15	7.28
88	data/reference/motifs/JASPAR2026_CORE_plants_non-redundant_pfms_meme.txt	MA2427.1	SPL12B	AGCGGTASTACCGC	7.89e-2	9.98e-1	9.25e2	74	206	206	206	1	43	20.87	31	15.05
89	data/reference/motifs/JASPAR2026_CORE_plants_non-redundant_pfms_meme.txt	MA2739.1	SlTCP12	GTGGGACCCAC	2.33e-2	9.98e-1	9.25e2	261	206	206	206	3	66	32.04	47	22.82
90	data/reference/motifs/JASPAR2026_CORE_plants_non-redundant_pfms_meme.txt	MA1304.2	WRKY59	AAAAGTCAAM	1.51e-2	9.98e-1	9.25e2	406	206	206	206	1	206	100.00	200	97.09
91	data/reference/motifs/JASPAR2026_CORE_plants_non-redundant_pfms_meme.txt	MA2461.1	WOX13	TTGATTGA	1.49e-2	9.98e-1	9.25e2	412	206	206	206	25	17	8.25	6	2.91
92	data/reference/motifs/JASPAR2026_CORE_plants_non-redundant_pfms_meme.txt	MA0955.2	POPTR_0002s00440g	GTACGG	1.51e-2	9.98e-1	9.25e2	412	206	206	206	9	206	100.00	200	97.09
93	data/reference/motifs/JASPAR2026_CORE_plants_non-redundant_pfms_meme.txt	MA2006.2	NAC020	GGTTGCKTGTDNMACAAGTAA	7.75e-2	9.98e-1	9.25e2	77	206	206	206	2	17	8.25	9	4.37
94	data/reference/motifs/JASPAR2026_CORE_plants_non-redundant_pfms_meme.txt	MA1320.2	SPL15	TGTACGGA	4.12e-2	9.98e-1	9.25e2	152	206	206	206	1	85	41.26	67	32.52
95	data/reference/motifs/JASPAR2026_CORE_plants_non-redundant_pfms_meme.txt	MA2413.1	ZmbZIP96	GASACGTGKCA	2.27e-2	9.98e-1	9.25e2	278	206	206	206	1	149	72.33	129	62.62
96	data/reference/motifs/JASPAR2026_CORE_plants_non-redundant_pfms_meme.txt	MA1321.2	SPL13A	TGTACGGA	1.79e-2	9.98e-1	9.25e2	353	206	206	206	8	10	4.85	2	0.97
97	data/reference/motifs/JASPAR2026_CORE_plants_non-redundant_pfms_meme.txt	MA2426.1	SPL11B	AGCGGTASTACCGCT	2.13e-1	9.98e-1	9.26e2	27	206	206	206	1	16	7.77	11	5.34
98	data/reference/motifs/JASPAR2026_CORE_plants_non-redundant_pfms_meme.txt	MA1775.2	MYB61	YACCWACC	1.60e-2	9.99e-1	9.26e2	408	206	206	206	7	63	30.58	43	20.87
99	data/reference/motifs/JASPAR2026_CORE_plants_non-redundant_pfms_meme.txt	MA2744.1	SlWRKY40	AAAGTCAA	1.59e-2	9.99e-1	9.26e2	412	206	206	206	11	154	74.76	133	64.56
100	data/reference/motifs/JASPAR2026_CORE_plants_non-redundant_pfms_meme.txt	MA2727.1	SolycHsfA7	TTCYAGAA	1.60e-2	9.99e-1	9.26e2	412	206	206	206	16	12	5.83	3	1.46
101	data/reference/motifs/JASPAR2026_CORE_plants_non-redundant_pfms_meme.txt	MA2442.1	SPL3B	AGCGGTASTACCGC	9.34e-2	9.99e-1	9.26e2	69	206	206	206	1	40	19.42	29	14.08
102	data/reference/motifs/JASPAR2026_CORE_plants_non-redundant_pfms_meme.txt	MA2451.1	SPL7B	AGCGGTASTACCGCT	3.00e-1	9.99e-1	9.26e2	19	206	206	206	2	9	4.37	6	2.91
103	data/reference/motifs/JASPAR2026_CORE_plants_non-redundant_pfms_meme.txt	MA1660.2	NAC013	TTACTTGTTCYMCAAGTAA	5.65e-2	9.99e-1	9.26e2	121	206	206	206	2	41	19.90	28	13.59
104	data/reference/motifs/JASPAR2026_CORE_plants_non-redundant_pfms_meme.txt	MA0557.2	FHY3	CACGCGCT	1.92e-2	9.99e-1	9.26e2	359	206	206	206	3	113	54.85	91	44.17
105	data/reference/motifs/JASPAR2026_CORE_plants_non-redundant_pfms_meme.txt	MA0964.3	BIM1	TCACGTGA	2.29e-2	9.99e-1	9.26e2	309	206	206	206	4	97	47.09	76	36.89
106	data/reference/motifs/JASPAR2026_CORE_plants_non-redundant_pfms_meme.txt	MA2045.2	NAC031	TTRCKTGTWNHACAAGTWA	4.12e-2	9.99e-1	9.26e2	172	206	206	206	2	57	27.67	41	19.90
107	data/reference/motifs/JASPAR2026_CORE_plants_non-redundant_pfms_meme.txt	MA2480.1	GLYMA-04G093300	CTAATC	1.75e-2	9.99e-1	9.26e2	409	206	206	206	4	168	81.55	149	72.33
108	data/reference/motifs/JASPAR2026_CORE_plants_non-redundant_pfms_meme.txt	MA2088.1	PK24580.1	GCCGGCA	6.16e-2	9.99e-1	9.26e2	116	206	206	206	5	4	1.94	0	0.00
109	data/reference/motifs/JASPAR2026_CORE_plants_non-redundant_pfms_meme.txt	MA1403.1	BPC5	AGAGAGAGAGAGAGAGAGAGAGAGAGAGAG	2.64e-1	9.99e-1	9.26e2	24	206	206	206	1	14	6.80	10	4.85
110	data/reference/motifs/JASPAR2026_CORE_plants_non-redundant_pfms_meme.txt	MA2757.1	pbf1	ATAAAGT	1.79e-2	9.99e-1	9.26e2	412	206	206	206	42	10	4.85	2	0.97
111	data/reference/motifs/JASPAR2026_CORE_plants_non-redundant_pfms_meme.txt	MA2474.1	HMGB10	TWATAA	1.86e-2	9.99e-1	9.27e2	409	206	206	206	4	199	96.60	188	91.26
112	data/reference/motifs/JASPAR2026_CORE_plants_non-redundant_pfms_meme.txt	MA1328.1	ZHD9	WTWAWHNVYTAATYA	1.85e-2	1.00e0	9.27e2	412	206	206	206	13	102	49.51	80	38.83
113	data/reference/motifs/JASPAR2026_CORE_plants_non-redundant_pfms_meme.txt	MA2499.1	LSH2	TACTGTTCA	1.87e-2	1.00e0	9.27e2	411	206	206	206	12	104	50.49	82	39.81
114	data/reference/motifs/JASPAR2026_CORE_plants_non-redundant_pfms_meme.txt	MA2436.1	SPL18A	GCGGTASTACCGCT	1.08e-1	1.00e0	9.27e2	68	206	206	206	2	16	7.77	9	4.37
115	data/reference/motifs/JASPAR2026_CORE_plants_non-redundant_pfms_meme.txt	MA1330.2	ZHD6	AAWHRTAATTAA	1.89e-2	1.00e0	9.27e2	412	206	206	206	15	106	51.46	84	40.78
116	data/reference/motifs/JASPAR2026_CORE_plants_non-redundant_pfms_meme.txt	MA2615.1	ereb109	CGCCGCC	1.86e-1	1.00e0	9.27e2	39	206	206	206	2	4	1.94	1	0.49
117	data/reference/motifs/JASPAR2026_CORE_plants_non-redundant_pfms_meme.txt	MA2473.1	HB88	TTGATTG	1.96e-2	1.00e0	9.27e2	412	206	206	206	32	156	75.73	136	66.02
118	data/reference/motifs/JASPAR2026_CORE_plants_non-redundant_pfms_meme.txt	MA2024.2	MYB63	YCACCTACCAC	2.09e-2	1.00e0	9.27e2	389	206	206	206	8	35	16.99	20	9.71
119	data/reference/motifs/JASPAR2026_CORE_plants_non-redundant_pfms_meme.txt	MA0577.4	SPL3	TGTACGGA	2.22e-2	1.00e0	9.27e2	368	206	206	206	8	13	6.31	4	1.94
120	data/reference/motifs/JASPAR2026_CORE_plants_non-redundant_pfms_meme.txt	MA0990.2	HDG11	AWTWAATGC	2.00e-2	1.00e0	9.27e2	412	206	206	206	67	71	34.47	51	24.76
121	data/reference/motifs/JASPAR2026_CORE_plants_non-redundant_pfms_meme.txt	MA1368.3	GT-4	TAACTATGGTTA	2.27e-2	1.00e0	9.27e2	365	206	206	206	3	131	63.59	110	53.40
122	data/reference/motifs/JASPAR2026_CORE_plants_non-redundant_pfms_meme.txt	MA1734.1	AT1G19040	CTTGNDCYBCAAGTWW	6.76e-2	1.00e0	9.27e2	125	206	206	206	3	12	5.83	5	2.43
123	data/reference/motifs/JASPAR2026_CORE_plants_non-redundant_pfms_meme.txt	MA2343.1	MYB3R3	CGCCGTTA	2.06e-2	1.00e0	9.27e2	412	206	206	206	8	140	67.96	119	57.77
124	data/reference/motifs/JASPAR2026_CORE_plants_non-redundant_pfms_meme.txt	MA0936.1	NAC046	ACACGCMA	2.07e-2	1.00e0	9.27e2	412	206	206	206	24	196	95.15	184	89.32
125	data/reference/motifs/JASPAR2026_CORE_plants_non-redundant_pfms_meme.txt	MA1410.2	StBRC1	GGGSCCM	2.13e-2	1.00e0	9.27e2	402	206	206	206	5	176	85.44	159	77.18
126	data/reference/motifs/JASPAR2026_CORE_plants_non-redundant_pfms_meme.txt	MA2610.1	ereb97	CGCCGCCGCC	2.49e-1	1.00e0	9.27e2	30	206	206	206	3	2	0.97	0	0.00
127	data/reference/motifs/JASPAR2026_CORE_plants_non-redundant_pfms_meme.txt	MA1832.2	Zm00001d002364	CGCCGCCGCC	2.49e-1	1.00e0	9.27e2	30	206	206	206	3	2	0.97	0	0.00
128	data/reference/motifs/JASPAR2026_CORE_plants_non-redundant_pfms_meme.txt	MA1818.1	Zm00001d052229	CGCCGCCGCC	2.49e-1	1.00e0	9.27e2	30	206	206	206	3	2	0.97	0	0.00
129	data/reference/motifs/JASPAR2026_CORE_plants_non-redundant_pfms_meme.txt	MA1198.2	HAT2	YAATCATT	2.11e-2	1.00e0	9.27e2	411	206	206	206	6	193	93.69	180	87.38
130	data/reference/motifs/JASPAR2026_CORE_plants_non-redundant_pfms_meme.txt	MA2377.1	cassava45561.m1	GGGSCCCAC	2.25e-2	1.00e0	9.27e2	390	206	206	206	2	189	91.75	175	84.95
131	data/reference/motifs/JASPAR2026_CORE_plants_non-redundant_pfms_meme.txt	MA1089.2	WRKY57	RGTCAA	2.13e-2	1.00e0	9.27e2	412	206	206	206	49	176	85.44	159	77.18
132	data/reference/motifs/JASPAR2026_CORE_plants_non-redundant_pfms_meme.txt	MA2434.1	SPL16A	AGCGGTAGTAC	2.75e-2	1.00e0	9.27e2	323	206	206	206	1	170	82.52	153	74.27
133	data/reference/motifs/JASPAR2026_CORE_plants_non-redundant_pfms_meme.txt	MA1170.2	MYB118	RWCCGTTACRWW	3.41e-2	1.00e0	9.27e2	261	206	206	206	3	22	10.68	11	5.34
134	data/reference/motifs/JASPAR2026_CORE_plants_non-redundant_pfms_meme.txt	MA2623.1	hb66	CCAATCA	2.17e-2	1.00e0	9.27e2	412	206	206	206	40	41	19.90	25	12.14
135	data/reference/motifs/JASPAR2026_CORE_plants_non-redundant_pfms_meme.txt	MA2650.1	GLYMA-05G027400	GTGGGCCCCAC	4.66e-2	1.00e0	9.27e2	194	206	206	206	1	106	51.46	88	42.72
136	data/reference/motifs/JASPAR2026_CORE_plants_non-redundant_pfms_meme.txt	MA1350.1	BZIP42	TGCTGACGTGGC	2.03e-1	1.00e0	9.27e2	40	206	206	206	1	23	11.17	17	8.25
137	data/reference/motifs/JASPAR2026_CORE_plants_non-redundant_pfms_meme.txt	MA0946.1	ARR11	AAGATACG	2.22e-2	1.00e0	9.27e2	411	206	206	206	12	13	6.31	4	1.94
138	data/reference/motifs/JASPAR2026_CORE_plants_non-redundant_pfms_meme.txt	MA1391.3	MYB33	ATAACCGTAW	2.22e-2	1.00e0	9.27e2	412	206	206	206	2	202	98.06	193	93.69
139	data/reference/motifs/JASPAR2026_CORE_plants_non-redundant_pfms_meme.txt	MA1360.3	bHLH74	CACGTG	2.69e-2	1.00e0	9.27e2	342	206	206	206	6	45	21.84	29	14.08
140	data/reference/motifs/JASPAR2026_CORE_plants_non-redundant_pfms_meme.txt	MA1037.2	MYB24	GTTAGGY	2.24e-2	1.00e0	9.27e2	412	206	206	206	70	19	9.22	8	3.88
141	data/reference/motifs/JASPAR2026_CORE_plants_non-redundant_pfms_meme.txt	MA1214.2	ATHB-40	ACCAATAATTG	2.27e-2	1.00e0	9.27e2	406	206	206	206	5	131	63.59	110	53.40
142	data/reference/motifs/JASPAR2026_CORE_plants_non-redundant_pfms_meme.txt	MA2653.1	GLYMA-03G042700	GTTTGACTTT	2.24e-2	1.00e0	9.27e2	412	206	206	206	11	48	23.30	31	15.05
143	data/reference/motifs/JASPAR2026_CORE_plants_non-redundant_pfms_meme.txt	MA2038.2	NAC103	CAAGTTA	2.25e-2	1.00e0	9.27e2	412	206	206	206	21	95	46.12	74	35.92
144	data/reference/motifs/JASPAR2026_CORE_plants_non-redundant_pfms_meme.txt	MA2498.1	LSH1	AAACAGTG	2.25e-2	1.00e0	9.27e2	412	206	206	206	9	189	91.75	175	84.95
145	data/reference/motifs/JASPAR2026_CORE_plants_non-redundant_pfms_meme.txt	MA0950.1	ATHB-12	AATGATTG	2.25e-2	1.00e0	9.27e2	412	206	206	206	34	189	91.75	175	84.95
146	data/reference/motifs/JASPAR2026_CORE_plants_non-redundant_pfms_meme.txt	MA2719.1	lat61	CRCACGTGYG	7.00e-2	1.00e0	9.27e2	133	206	206	206	2	74	35.92	59	28.64
147	data/reference/motifs/JASPAR2026_CORE_plants_non-redundant_pfms_meme.txt	MA2444.1	SPL4A	GCGGTASTACCGC	9.65e-2	1.00e0	9.27e2	92	206	206	206	1	52	25.24	40	19.42
148	data/reference/motifs/JASPAR2026_CORE_plants_non-redundant_pfms_meme.txt	MA0560.2	PIF3	CCACGTG	3.43e-2	1.00e0	9.27e2	273	206	206	206	3	51	24.76	35	16.99
149	data/reference/motifs/JASPAR2026_CORE_plants_non-redundant_pfms_meme.txt	MA2393.1	PHYPA_008731	CACGTGC	3.43e-2	1.00e0	9.27e2	273	206	206	206	3	51	24.76	35	16.99
150	data/reference/motifs/JASPAR2026_CORE_plants_non-redundant_pfms_meme.txt	MA2042.2	MYB58	CCACCAACC	2.30e-2	1.00e0	9.27e2	412	206	206	206	15	42	20.39	26	12.62
151	data/reference/motifs/JASPAR2026_CORE_plants_non-redundant_pfms_meme.txt	MA0566.2	MYC2	AACACGTGA	2.33e-2	1.00e0	9.27e2	408	206	206	206	7	127	61.65	106	51.46
152	data/reference/motifs/JASPAR2026_CORE_plants_non-redundant_pfms_meme.txt	MA2379.1	DOF3.1	CKTT	2.32e-2	1.00e0	9.27e2	412	206	206	206	194	200	97.09	190	92.23
153	data/reference/motifs/JASPAR2026_CORE_plants_non-redundant_pfms_meme.txt	MA1044.2	NAC92	RCAMGCCA	2.33e-2	1.00e0	9.27e2	412	206	206	206	15	159	77.18	140	67.96
154	data/reference/motifs/JASPAR2026_CORE_plants_non-redundant_pfms_meme.txt	MA2661.1	GLYMA-03G081700	CTACGTGGCA	2.45e-2	1.00e0	9.27e2	400	206	206	206	10	32	15.53	18	8.74
155	data/reference/motifs/JASPAR2026_CORE_plants_non-redundant_pfms_meme.txt	MA2349.1	OsCCA1	AATATCT	2.39e-2	1.00e0	9.27e2	412	206	206	206	46	158	76.70	139	67.48
156	data/reference/motifs/JASPAR2026_CORE_plants_non-redundant_pfms_meme.txt	MA1024.2	HAT1	YAATCATK	2.42e-2	1.00e0	9.27e2	411	206	206	206	7	119	57.77	98	47.57
157	data/reference/motifs/JASPAR2026_CORE_plants_non-redundant_pfms_meme.txt	MA0930.3	ABF3	ACGTGTC	2.43e-2	1.00e0	9.27e2	412	206	206	206	11	117	56.80	96	46.60
158	data/reference/motifs/JASPAR2026_CORE_plants_non-redundant_pfms_meme.txt	MA1345.2	BZIP48	GCCACGTCAGCA	1.12e-1	1.00e0	9.27e2	85	206	206	206	1	48	23.30	37	17.96
159	data/reference/motifs/JASPAR2026_CORE_plants_non-redundant_pfms_meme.txt	MA1039.1	MYB4	GGTWGGTR	2.45e-2	1.00e0	9.27e2	412	206	206	206	20	50	24.27	33	16.02
160	data/reference/motifs/JASPAR2026_CORE_plants_non-redundant_pfms_meme.txt	MA1054.2	ARALYDRAFT_897773	KGGGACCAC	2.69e-2	1.00e0	9.27e2	376	206	206	206	1	194	94.17	182	88.35
161	data/reference/motifs/JASPAR2026_CORE_plants_non-redundant_pfms_meme.txt	MA2448.1	SPL5D	AGCGGTASTACCGC	1.61e-1	1.00e0	9.27e2	58	206	206	206	1	33	16.02	25	12.14
162	data/reference/motifs/JASPAR2026_CORE_plants_non-redundant_pfms_meme.txt	MA1169.1	MYB105	WTHDWWACCGTTA	3.24e-2	1.00e0	9.27e2	315	206	206	206	4	36	17.48	22	10.68
163	data/reference/motifs/JASPAR2026_CORE_plants_non-redundant_pfms_meme.txt	MA1032.2	DREB1G	TGCCGACA	7.29e-2	1.00e0	9.27e2	141	206	206	206	1	78	37.86	63	30.58
164	data/reference/motifs/JASPAR2026_CORE_plants_non-redundant_pfms_meme.txt	MA2443.1	SPL3D	GCGGTASTACCGC	1.08e-1	1.00e0	9.27e2	91	206	206	206	4	5	2.43	1	0.49
165	data/reference/motifs/JASPAR2026_CORE_plants_non-redundant_pfms_meme.txt	MA2358.1	PK22320.1	GTACGG	2.52e-2	1.00e0	9.27e2	412	206	206	206	16	59	28.64	41	19.90
166	data/reference/motifs/JASPAR2026_CORE_plants_non-redundant_pfms_meme.txt	MA2648.1	GLYMA-19G146000	AAGGTACAC	2.54e-2	1.00e0	9.27e2	412	206	206	206	6	142	68.93	122	59.22
167	data/reference/motifs/JASPAR2026_CORE_plants_non-redundant_pfms_meme.txt	MA2033.2	NAC038	TTDCKTGTDNHACAAGTWA	1.05e-1	1.00e0	9.27e2	102	206	206	206	1	57	27.67	45	21.84
168	data/reference/motifs/JASPAR2026_CORE_plants_non-redundant_pfms_meme.txt	MA1177.2	MYB65	TAACCGHM	2.61e-2	1.00e0	9.27e2	412	206	206	206	18	28	13.59	15	7.28
169	data/reference/motifs/JASPAR2026_CORE_plants_non-redundant_pfms_meme.txt	MA2421.1	SBP8	ARGTACAA	2.61e-2	1.00e0	9.27e2	412	206	206	206	13	28	13.59	15	7.28
170	data/reference/motifs/JASPAR2026_CORE_plants_non-redundant_pfms_meme.txt	MA0001.3	AGL3	CCAWWWATAG	2.66e-2	1.00e0	9.27e2	412	206	206	206	6	203	98.54	195	94.66
171	data/reference/motifs/JASPAR2026_CORE_plants_non-redundant_pfms_meme.txt	MA1176.2	MYB119	RWCCGTTACA	2.99e-2	1.00e0	9.27e2	374	206	206	206	1	193	93.69	181	87.86
172	data/reference/motifs/JASPAR2026_CORE_plants_non-redundant_pfms_meme.txt	MA2475.1	HOX6	TGATTG	2.73e-2	1.00e0	9.27e2	412	206	206	206	45	152	73.79	133	64.56
173	data/reference/motifs/JASPAR2026_CORE_plants_non-redundant_pfms_meme.txt	MA2027.2	MYB44	HAACGGTCA	2.81e-2	1.00e0	9.27e2	401	206	206	206	7	46	22.33	30	14.56
174	data/reference/motifs/JASPAR2026_CORE_plants_non-redundant_pfms_meme.txt	MA1187.2	RVE4	AGATATTTT	3.01e-2	1.00e0	9.27e2	381	206	206	206	1	196	95.15	185	89.81
175	data/reference/motifs/JASPAR2026_CORE_plants_non-redundant_pfms_meme.txt	MA2388.1	GATA1	AGATCTRRWT	3.03e-2	1.00e0	9.27e2	379	206	206	206	4	107	51.94	87	42.23
176	data/reference/motifs/JASPAR2026_CORE_plants_non-redundant_pfms_meme.txt	MA2616.1	ereb17	CGCCGCCGCCGCCS	8.57e-2	1.00e0	9.27e2	134	206	206	206	1	74	35.92	60	29.13
177	data/reference/motifs/JASPAR2026_CORE_plants_non-redundant_pfms_meme.txt	MA0958.1	BHLH13	RCACGTGC	3.30e-2	1.00e0	9.27e2	350	206	206	206	8	26	12.62	14	6.80
178	data/reference/motifs/JASPAR2026_CORE_plants_non-redundant_pfms_meme.txt	MA2390.1	GLYMA19G26560	GGSCCCAC	2.90e-2	1.00e0	9.27e2	401	206	206	206	4	160	77.67	142	68.93
179	data/reference/motifs/JASPAR2026_CORE_plants_non-redundant_pfms_meme.txt	MA2721.1	Sl-ERF_C_6	YCGCCGCCGCCRCCRCCGCC	1.24e-1	1.00e0	9.27e2	88	206	206	206	18	3	1.46	0	0.00
180	data/reference/motifs/JASPAR2026_CORE_plants_non-redundant_pfms_meme.txt	MA2471.1	SPCH	CACGTG	2.98e-2	1.00e0	9.27e2	396	206	206	206	8	124	60.19	104	50.49
181	data/reference/motifs/JASPAR2026_CORE_plants_non-redundant_pfms_meme.txt	MA2453.1	SPL8B	ATAGTACTC	2.96e-2	1.00e0	9.27e2	399	206	206	206	5	101	49.03	81	39.32
182	data/reference/motifs/JASPAR2026_CORE_plants_non-redundant_pfms_meme.txt	MA1230.2	ERF037	YCACCGACA	7.72e-2	1.00e0	9.27e2	155	206	206	206	1	85	41.26	70	33.98
183	data/reference/motifs/JASPAR2026_CORE_plants_non-redundant_pfms_meme.txt	MA1306.2	WRKY11	CGTTGACTTTT	3.54e-2	1.00e0	9.27e2	341	206	206	206	5	15	7.28	6	2.91
184	data/reference/motifs/JASPAR2026_CORE_plants_non-redundant_pfms_meme.txt	MA1404.1	BPC1	GAGAGAGAGAGAGAGAGAGAGAGA	1.46e-1	1.00e0	9.27e2	77	206	206	206	13	10	4.85	5	2.43
185	data/reference/motifs/JASPAR2026_CORE_plants_non-redundant_pfms_meme.txt	MA2361.1	PRUPE_ppa000682mg	GTACGG	2.98e-2	1.00e0	9.27e2	412	206	206	206	44	102	49.51	82	39.81
186	data/reference/motifs/JASPAR2026_CORE_plants_non-redundant_pfms_meme.txt	MA1807.2	ZHD10	TAATTART	3.05e-2	1.00e0	9.27e2	405	206	206	206	5	158	76.70	140	67.96
187	data/reference/motifs/JASPAR2026_CORE_plants_non-redundant_pfms_meme.txt	MA1010.2	PHYPADRAFT_64121	TGTCGGTA	2.99e-2	1.00e0	9.27e2	412	206	206	206	15	25	12.14	13	6.31
188	data/reference/motifs/JASPAR2026_CORE_plants_non-redundant_pfms_meme.txt	MA2740.1	SlTCP15	GTGGGACCCA	3.59e-2	1.00e0	9.27e2	345	206	206	206	7	32	15.53	19	9.22
189	data/reference/motifs/JASPAR2026_CORE_plants_non-redundant_pfms_meme.txt	MA2418.1	IG1	CTGCCGCCA	3.38e-2	1.00e0	9.27e2	367	206	206	206	5	71	34.47	53	25.73
190	data/reference/motifs/JASPAR2026_CORE_plants_non-redundant_pfms_meme.txt	MA1019.2	Glyma19g26560.1	GGSCCCAC	3.10e-2	1.00e0	9.27e2	401	206	206	206	1	204	99.03	197	95.63
191	data/reference/motifs/JASPAR2026_CORE_plants_non-redundant_pfms_meme.txt	MA2500.1	LSH3	TTACTGTTCAT	3.05e-2	1.00e0	9.27e2	409	206	206	206	11	41	19.90	26	12.62
192	data/reference/motifs/JASPAR2026_CORE_plants_non-redundant_pfms_meme.txt	MA1799.2	SPL10	GTACGR	3.05e-2	1.00e0	9.27e2	411	206	206	206	11	110	53.40	90	43.69
193	data/reference/motifs/JASPAR2026_CORE_plants_non-redundant_pfms_meme.txt	MA1664.3	HSFA6B	TTCTRGAA	3.05e-2	1.00e0	9.27e2	411	206	206	206	22	5	2.43	0	0.00
194	data/reference/motifs/JASPAR2026_CORE_plants_non-redundant_pfms_meme.txt	MA0987.2	PHYPADRAFT_140773	AAAG	3.05e-2	1.00e0	9.27e2	412	206	206	206	179	5	2.43	0	0.00
195	data/reference/motifs/JASPAR2026_CORE_plants_non-redundant_pfms_meme.txt	MA0982.2	DOF2.4	AAAG	3.05e-2	1.00e0	9.27e2	412	206	206	206	152	206	100.00	201	97.57
196	data/reference/motifs/JASPAR2026_CORE_plants_non-redundant_pfms_meme.txt	MA2381.1	e_gw1.170.52.1	CTTT	3.05e-2	1.00e0	9.27e2	412	206	206	206	179	5	2.43	0	0.00
197	data/reference/motifs/JASPAR2026_CORE_plants_non-redundant_pfms_meme.txt	MA2106.1	Zm00001d024644	CCTTATCC	3.05e-2	1.00e0	9.27e2	412	206	206	206	27	5	2.43	0	0.00
198	data/reference/motifs/JASPAR2026_CORE_plants_non-redundant_pfms_meme.txt	MA2085.1	PK23763.1	CTTTW	3.05e-2	1.00e0	9.27e2	412	206	206	206	75	206	100.00	201	97.57
199	data/reference/motifs/JASPAR2026_CORE_plants_non-redundant_pfms_meme.txt	MA2081.1	PK20317.1	CKTTW	3.05e-2	1.00e0	9.27e2	412	206	206	206	89	206	100.00	201	97.57
200	data/reference/motifs/JASPAR2026_CORE_plants_non-redundant_pfms_meme.txt	MA2062.1	PK07031.1	CTTT	3.05e-2	1.00e0	9.27e2	412	206	206	206	247	206	100.00	201	97.57
201	data/reference/motifs/JASPAR2026_CORE_plants_non-redundant_pfms_meme.txt	MA2058.1	PK03929.1	CTTTW	3.05e-2	1.00e0	9.27e2	412	206	206	206	82	206	100.00	201	97.57
202	data/reference/motifs/JASPAR2026_CORE_plants_non-redundant_pfms_meme.txt	MA2417.1	EREB71	CACCGVCYMC	4.20e-2	1.00e0	9.27e2	300	206	206	206	6	16	7.77	7	3.40
203	data/reference/motifs/JASPAR2026_CORE_plants_non-redundant_pfms_meme.txt	MA0952.1	ATHB-51	AATWATTG	3.07e-2	1.00e0	9.27e2	412	206	206	206	19	145	70.39	126	61.17
204	data/reference/motifs/JASPAR2026_CORE_plants_non-redundant_pfms_meme.txt	MA2645.1	GLYMA-16G042900	GGTTGCKTSTTCHASAAGYWA	1.38e-1	1.00e0	9.27e2	86	206	206	206	1	48	23.30	38	18.45
205	data/reference/motifs/JASPAR2026_CORE_plants_non-redundant_pfms_meme.txt	MA1814.2	RIN	CTATTTTTGG	3.10e-2	1.00e0	9.27e2	412	206	206	206	29	9	4.37	2	0.97
206	data/reference/motifs/JASPAR2026_CORE_plants_non-redundant_pfms_meme.txt	MA0585.2	AGL1	TTDCCWWWWWDGGWAA	3.14e-2	1.00e0	9.27e2	408	206	206	206	9	57	27.67	40	19.42
207	data/reference/motifs/JASPAR2026_CORE_plants_non-redundant_pfms_meme.txt	MA2086.1	PK23964.1	KCCACGT	3.11e-2	1.00e0	9.27e2	412	206	206	206	22	81	39.32	62	30.10
208	data/reference/motifs/JASPAR2026_CORE_plants_non-redundant_pfms_meme.txt	MA1364.2	BHLH72	GCCACGTGG	5.04e-2	1.00e0	9.27e2	258	206	206	206	2	83	40.29	66	32.04
209	data/reference/motifs/JASPAR2026_CORE_plants_non-redundant_pfms_meme.txt	MA1239.2	ERF104	CCDCCDCCGCCGCCRY	1.01e-1	1.00e0	9.27e2	129	206	206	206	1	71	34.47	58	28.16
210	data/reference/motifs/JASPAR2026_CORE_plants_non-redundant_pfms_meme.txt	MA1795.2	RAP2-4	CRCCGACC	3.19e-2	1.00e0	9.27e2	411	206	206	206	24	49	23.79	33	16.02
211	data/reference/motifs/JASPAR2026_CORE_plants_non-redundant_pfms_meme.txt	MA2082.1	PK20392.1	AATMAT	3.19e-2	1.00e0	9.27e2	412	206	206	206	84	173	83.98	157	76.21
212	data/reference/motifs/JASPAR2026_CORE_plants_non-redundant_pfms_meme.txt	MA2617.1	ereb54	GCGGCGGCGGC	1.24e-1	1.00e0	9.27e2	99	206	206	206	1	55	26.70	44	21.36
213	data/reference/motifs/JASPAR2026_CORE_plants_non-redundant_pfms_meme.txt	MA1396.2	GATA6	AGATCTAGAT	4.43e-2	1.00e0	9.27e2	297	206	206	206	3	60	29.13	44	21.36
214	data/reference/motifs/JASPAR2026_CORE_plants_non-redundant_pfms_meme.txt	MA1370.2	IDD5	TTTTGTCGTTTWST	4.19e-2	1.00e0	9.27e2	315	206	206	206	4	24	11.65	13	6.31
215	data/reference/motifs/JASPAR2026_CORE_plants_non-redundant_pfms_meme.txt	MA2724.1	SlTCP18	GTGGGVCCCAC	5.18e-2	1.00e0	9.27e2	257	206	206	206	1	137	66.50	120	58.25
216	data/reference/motifs/JASPAR2026_CORE_plants_non-redundant_pfms_meme.txt	MA0969.2	CAMTA2	VCGCGT	3.28e-2	1.00e0	9.27e2	412	206	206	206	10	140	67.96	121	58.74
217	data/reference/motifs/JASPAR2026_CORE_plants_non-redundant_pfms_meme.txt	MA2452.1	SPL8A	ATAGTACTC	3.35e-2	1.00e0	9.27e2	406	206	206	206	7	87	42.23	68	33.01
218	data/reference/motifs/JASPAR2026_CORE_plants_non-redundant_pfms_meme.txt	MA1755.2	GATA4	GATC	3.31e-2	1.00e0	9.27e2	412	206	206	206	98	172	83.50	156	75.73
219	data/reference/motifs/JASPAR2026_CORE_plants_non-redundant_pfms_meme.txt	MA1402.1	BPC6	CTCTCTCTCTCTCTCTCTCTC	1.69e-1	1.00e0	9.27e2	74	206	206	206	12	7	3.40	3	1.46
220	data/reference/motifs/JASPAR2026_CORE_plants_non-redundant_pfms_meme.txt	MA1810.2	GLYMA-08G357600	ATGCATGCA	3.35e-2	1.00e0	9.27e2	409	206	206	206	16	31	15.05	18	8.74
221	data/reference/motifs/JASPAR2026_CORE_plants_non-redundant_pfms_meme.txt	MA1822.2	Zm00001d018571	GTACGTAC	3.44e-2	1.00e0	9.27e2	399	206	206	206	14	37	17.96	23	11.17
222	data/reference/motifs/JASPAR2026_CORE_plants_non-redundant_pfms_meme.txt	MA2643.1	SNAC23	YACGGAACT	3.38e-2	1.00e0	9.27e2	410	206	206	206	14	7	3.40	1	0.49
223	data/reference/motifs/JASPAR2026_CORE_plants_non-redundant_pfms_meme.txt	MA1676.3	NAC062	TAAGTAA	3.42e-2	1.00e0	9.27e2	412	206	206	206	28	89	43.20	70	33.98
224	data/reference/motifs/JASPAR2026_CORE_plants_non-redundant_pfms_meme.txt	MA2364.1	VIT_15s0048g01150	GGGCCCAC	3.61e-2	1.00e0	9.27e2	396	206	206	206	2	191	92.72	179	86.89
225	data/reference/motifs/JASPAR2026_CORE_plants_non-redundant_pfms_meme.txt	MA2431.1	SPL15A	AGCGGTASTACCGC	1.08e-1	1.00e0	9.27e2	134	206	206	206	4	5	2.43	1	0.49
226	data/reference/motifs/JASPAR2026_CORE_plants_non-redundant_pfms_meme.txt	MA0578.1	SPL8	WWDWHYGTACHHTWWW	4.20e-2	1.00e0	9.27e2	344	206	206	206	1	179	86.89	165	80.10
227	data/reference/motifs/JASPAR2026_CORE_plants_non-redundant_pfms_meme.txt	MA1787.2	NAC047	ACACGTMWCT	3.56e-2	1.00e0	9.27e2	406	206	206	206	12	12	5.83	4	1.94
228	data/reference/motifs/JASPAR2026_CORE_plants_non-redundant_pfms_meme.txt	MA2403.1	DVH24_040989	TTAACC	3.51e-2	1.00e0	9.27e2	412	206	206	206	60	133	64.56	114	55.34
229	data/reference/motifs/JASPAR2026_CORE_plants_non-redundant_pfms_meme.txt	MA1339.1	BZIP43	GCCACGTCAGCA	2.06e-1	1.00e0	9.27e2	63	206	206	206	1	35	16.99	28	13.59
230	data/reference/motifs/JASPAR2026_CORE_plants_non-redundant_pfms_meme.txt	MA1296.2	WRKY46	CGTTGACTTT	4.36e-2	1.00e0	9.27e2	336	206	206	206	6	10	4.85	3	1.46
231	data/reference/motifs/JASPAR2026_CORE_plants_non-redundant_pfms_meme.txt	MA2023.2	PHL4	RGAATATTCC	4.92e-2	1.00e0	9.27e2	298	206	206	206	1	157	76.21	141	68.45
232	data/reference/motifs/JASPAR2026_CORE_plants_non-redundant_pfms_meme.txt	MA1663.3	NAC050	CAAGTAAC	3.56e-2	1.00e0	9.27e2	412	206	206	206	6	202	98.06	194	94.17
233	data/reference/motifs/JASPAR2026_CORE_plants_non-redundant_pfms_meme.txt	MA2437.1	SPL19B	GCGGTASTACCGC	4.00e-1	1.00e0	9.27e2	29	206	206	206	2	9	4.37	7	3.40
234	data/reference/motifs/JASPAR2026_CORE_plants_non-redundant_pfms_meme.txt	MA2043.2	NAC004	CAAGAAA	3.62e-2	1.00e0	9.27e2	412	206	206	206	14	149	72.33	131	63.59
235	data/reference/motifs/JASPAR2026_CORE_plants_non-redundant_pfms_meme.txt	MA0053.1	MNB1A	AAAGC	3.62e-2	1.00e0	9.27e2	412	206	206	206	21	149	72.33	131	63.59
236	data/reference/motifs/JASPAR2026_CORE_plants_non-redundant_pfms_meme.txt	MA1285.2	TCP9	GTGGGTCCCAC	1.30e-1	1.00e0	9.27e2	115	206	206	206	2	34	16.50	25	12.14
237	data/reference/motifs/JASPAR2026_CORE_plants_non-redundant_pfms_meme.txt	MA1741.1	BRN2	CTTGWWHYDYACGYWA	4.67e-2	1.00e0	9.27e2	323	206	206	206	1	169	82.04	154	74.76
238	data/reference/motifs/JASPAR2026_CORE_plants_non-redundant_pfms_meme.txt	MA1759.2	HSFA4A	AGAAGCTTCTAGAA	5.59e-2	1.00e0	9.27e2	274	206	206	206	5	11	5.34	4	1.94
239	data/reference/motifs/JASPAR2026_CORE_plants_non-redundant_pfms_meme.txt	MA2372.1	AZF1	WCACTVWCW	3.72e-2	1.00e0	9.27e2	412	206	206	206	14	102	49.51	83	40.29
240	data/reference/motifs/JASPAR2026_CORE_plants_non-redundant_pfms_meme.txt	MA2627.1	bzip9	CACGTCA	3.77e-2	1.00e0	9.27e2	412	206	206	206	8	159	77.18	142	68.93
241	data/reference/motifs/JASPAR2026_CORE_plants_non-redundant_pfms_meme.txt	MA1329.3	ZHD1	AYTAATTAA	3.77e-2	1.00e0	9.27e2	412	206	206	206	21	106	51.46	87	42.23
242	data/reference/motifs/JASPAR2026_CORE_plants_non-redundant_pfms_meme.txt	MA0562.1	PIF5	TCACGTGS	9.53e-2	1.00e0	9.27e2	164	206	206	206	1	89	43.20	75	36.41
243	data/reference/motifs/JASPAR2026_CORE_plants_non-redundant_pfms_meme.txt	MA1788.1	NAC054	CTTGTNNHACACGYHAYCT	1.49e-1	1.00e0	9.27e2	98	206	206	206	1	54	26.21	44	21.36
244	data/reference/motifs/JASPAR2026_CORE_plants_non-redundant_pfms_meme.txt	MA1792.1	NAC098	CKTGTNNHACACGTHA	8.60e-2	1.00e0	9.27e2	184	206	206	206	4	10	4.85	4	1.94
245	data/reference/motifs/JASPAR2026_CORE_plants_non-redundant_pfms_meme.txt	MA1754.2	ERF073	CKCCGCCGCCR	1.24e-1	1.00e0	9.27e2	128	206	206	206	7	3	1.46	0	0.00
246	data/reference/motifs/JASPAR2026_CORE_plants_non-redundant_pfms_meme.txt	MA1223.2	ERF035	TGTCGGTGG	1.67e-1	1.00e0	9.27e2	87	206	206	206	1	48	23.30	39	18.93
247	data/reference/motifs/JASPAR2026_CORE_plants_non-redundant_pfms_meme.txt	MA1291.1	TCP7	GTGGGRCCCAC	1.08e-1	1.00e0	9.27e2	148	206	206	206	4	5	2.43	1	0.49
248	data/reference/motifs/JASPAR2026_CORE_plants_non-redundant_pfms_meme.txt	MA2611.1	ereb209	GCGCCGC	5.00e-1	1.00e0	9.27e2	23	206	206	206	2	1	0.49	0	0.00
249	data/reference/motifs/JASPAR2026_CORE_plants_non-redundant_pfms_meme.txt	MA2078.1	PK19363.1	CGCCGCCR	4.31e-2	1.00e0	9.27e2	372	206	206	206	6	71	34.47	54	26.21
250	data/reference/motifs/JASPAR2026_CORE_plants_non-redundant_pfms_meme.txt	MA2755.1	hsftf24	ACTAGAAGCTTCTGGAA	5.86e-2	1.00e0	9.27e2	274	206	206	206	1	145	70.39	129	62.62
251	data/reference/motifs/JASPAR2026_CORE_plants_non-redundant_pfms_meme.txt	MA1816.2	O11	CACGTG	4.61e-2	1.00e0	9.27e2	349	206	206	206	4	122	59.22	104	50.49
252	data/reference/motifs/JASPAR2026_CORE_plants_non-redundant_pfms_meme.txt	MA0970.2	CAMTA3	CCGCGT	3.99e-2	1.00e0	9.27e2	405	206	206	206	6	142	68.93	124	60.19
253	data/reference/motifs/JASPAR2026_CORE_plants_non-redundant_pfms_meme.txt	MA1284.2	TCP1	GTGGGCCCCAC	1.24e-1	1.00e0	9.27e2	131	206	206	206	3	18	8.74	11	5.34
254	data/reference/motifs/JASPAR2026_CORE_plants_non-redundant_pfms_meme.txt	MA1288.2	TCP22	GTGGGHCCCAC	1.09e-1	1.00e0	9.27e2	149	206	206	206	1	81	39.32	68	33.01
255	data/reference/motifs/JASPAR2026_CORE_plants_non-redundant_pfms_meme.txt	MA2365.1	VIT_17s0000g10420	GTTAACYV	4.20e-2	1.00e0	9.27e2	389	206	206	206	1	199	96.60	190	92.23
256	data/reference/motifs/JASPAR2026_CORE_plants_non-redundant_pfms_meme.txt	MA1290.1	TCP17	GTGGTCCCCAC	8.36e-2	1.00e0	9.27e2	197	206	206	206	1	106	51.46	91	44.17
257	data/reference/motifs/JASPAR2026_CORE_plants_non-redundant_pfms_meme.txt	MA1341.2	BZIP53	TGCTGACGTGGCA	1.69e-1	1.00e0	9.27e2	89	206	206	206	1	49	23.79	40	19.42
258	data/reference/motifs/JASPAR2026_CORE_plants_non-redundant_pfms_meme.txt	MA1021.2	PHYPADRAFT_48267	CACGTGC	4.74e-2	1.00e0	9.27e2	348	206	206	206	5	44	21.36	30	14.56
259	data/reference/motifs/JASPAR2026_CORE_plants_non-redundant_pfms_meme.txt	MA2428.1	SPL13B	GCGGTASTACCGC	2.25e-1	1.00e0	9.27e2	65	206	206	206	3	5	2.43	2	0.97
260	data/reference/motifs/JASPAR2026_CORE_plants_non-redundant_pfms_meme.txt	MA2614.1	ereb198	SCGCCGCCGCCR	1.24e-1	1.00e0	9.27e2	134	206	206	206	16	3	1.46	0	0.00
261	data/reference/motifs/JASPAR2026_CORE_plants_non-redundant_pfms_meme.txt	MA1751.2	EIL3	AGRTWCAT	4.08e-2	1.00e0	9.27e2	412	206	206	206	11	84	40.78	66	32.04
262	data/reference/motifs/JASPAR2026_CORE_plants_non-redundant_pfms_meme.txt	MA1203.1	AGL63	TKCCAAAAATGGMAA	5.38e-2	1.00e0	9.27e2	321	206	206	206	4	33	16.02	21	10.19
263	data/reference/motifs/JASPAR2026_CORE_plants_non-redundant_pfms_meme.txt	MA1821.2	Zm00001d020595	GGCGGCGGCG	5.00e-1	1.00e0	9.27e2	25	206	206	206	4	1	0.49	0	0.00
264	data/reference/motifs/JASPAR2026_CORE_plants_non-redundant_pfms_meme.txt	MA2666.1	GLYMA-12G117000	GGMGGCGGYGGCGGMGG	1.24e-1	1.00e0	9.27e2	140	206	206	206	17	3	1.46	0	0.00
265	data/reference/motifs/JASPAR2026_CORE_plants_non-redundant_pfms_meme.txt	MA1228.2	ERF091	RYGGCGGCGGHGG	1.58e-1	1.00e0	9.27e2	110	206	206	206	1	60	29.13	50	24.27
266	data/reference/motifs/JASPAR2026_CORE_plants_non-redundant_pfms_meme.txt	MA1417.2	O2	TGCCACGTCATC	8.38e-2	1.00e0	9.27e2	209	206	206	206	1	112	54.37	97	47.09
267	data/reference/motifs/JASPAR2026_CORE_plants_non-redundant_pfms_meme.txt	MA1363.1	LRL2	CGTGNKWBGCACGTG	1.26e-1	1.00e0	9.27e2	140	206	206	206	1	76	36.89	64	31.07
268	data/reference/motifs/JASPAR2026_CORE_plants_non-redundant_pfms_meme.txt	MA0576.2	RAX3	GGGGGTAGGTGS	1.86e-1	1.00e0	9.27e2	86	206	206	206	3	4	1.94	1	0.49
269	data/reference/motifs/JASPAR2026_CORE_plants_non-redundant_pfms_meme.txt	MA1282.2	TCP13	GTGGGGACCAC	1.42e-1	1.00e0	9.27e2	125	206	206	206	1	68	33.01	57	27.67
270	data/reference/motifs/JASPAR2026_CORE_plants_non-redundant_pfms_meme.txt	MA0555.2	SVP	WWWCCAAAAAWGGAAA	4.52e-2	1.00e0	9.27e2	395	206	206	206	4	97	47.09	79	38.35
271	data/reference/motifs/JASPAR2026_CORE_plants_non-redundant_pfms_meme.txt	MA2034.2	NAC057	CAAGTAA	4.36e-2	1.00e0	9.27e2	412	206	206	206	11	203	98.54	196	95.15
272	data/reference/motifs/JASPAR2026_CORE_plants_non-redundant_pfms_meme.txt	MA1221.1	RAP2-6	TKGCGGCGGMGGHGG	1.43e-1	1.00e0	9.27e2	127	206	206	206	1	69	33.50	58	28.16
273	data/reference/motifs/JASPAR2026_CORE_plants_non-redundant_pfms_meme.txt	MA1830.2	Zm00001d015407	AAGGAATATTCTTTTT	4.82e-2	1.00e0	9.27e2	380	206	206	206	1	195	94.66	185	89.81
274	data/reference/motifs/JASPAR2026_CORE_plants_non-redundant_pfms_meme.txt	MA2407.1	PK24978.1	CACGTGT	4.45e-2	1.00e0	9.27e2	412	206	206	206	17	201	97.57	193	93.69
275	data/reference/motifs/JASPAR2026_CORE_plants_non-redundant_pfms_meme.txt	MA2718.1	Sl-ERF_A_3	GGYGGCGGCGGCGGCGG	2.49e-1	1.00e0	9.27e2	64	206	206	206	11	2	0.97	0	0.00
276	data/reference/motifs/JASPAR2026_CORE_plants_non-redundant_pfms_meme.txt	MA2020.2	HSFB4	GAAGTTTCCR	4.65e-2	1.00e0	9.27e2	398	206	206	206	4	119	57.77	101	49.03
277	data/reference/motifs/JASPAR2026_CORE_plants_non-redundant_pfms_meme.txt	MA1777.2	MYB74	YYYACCTAMCW	4.73e-2	1.00e0	9.27e2	392	206	206	206	5	63	30.58	47	22.82
278	data/reference/motifs/JASPAR2026_CORE_plants_non-redundant_pfms_meme.txt	MA2080.1	PK20225.1	CACGTG	4.52e-2	1.00e0	9.27e2	412	206	206	206	38	30	14.56	18	8.74
279	data/reference/motifs/JASPAR2026_CORE_plants_non-redundant_pfms_meme.txt	MA2634.1	EIN3	AGATTCATTGAATCT	6.16e-2	1.00e0	9.27e2	303	206	206	206	9	4	1.94	0	0.00
280	data/reference/motifs/JASPAR2026_CORE_plants_non-redundant_pfms_meme.txt	MA1397.2	AT1G74840	WWTGGATAA	4.57e-2	1.00e0	9.27e2	410	206	206	206	11	25	12.14	14	6.80
281	data/reference/motifs/JASPAR2026_CORE_plants_non-redundant_pfms_meme.txt	MA2009.2	NAC010	TAACTTGTDNHACAAGTTACC	1.81e-1	1.00e0	9.27e2	94	206	206	206	2	28	13.59	21	10.19
282	data/reference/motifs/JASPAR2026_CORE_plants_non-redundant_pfms_meme.txt	MA0963.1	bHLH78	GCACGTGC	1.14e-1	1.00e0	9.27e2	165	206	206	206	2	89	43.20	76	36.89
283	data/reference/motifs/JASPAR2026_CORE_plants_non-redundant_pfms_meme.txt	MA2736.1	la3	AACACGTG	4.66e-2	1.00e0	9.27e2	404	206	206	206	6	118	57.28	100	48.54
284	data/reference/motifs/JASPAR2026_CORE_plants_non-redundant_pfms_meme.txt	MA2342.1	URI	CACGTG	4.66e-2	1.00e0	9.27e2	405	206	206	206	12	106	51.46	88	42.72
285	data/reference/motifs/JASPAR2026_CORE_plants_non-redundant_pfms_meme.txt	MA1382.2	FAR1	YCACGCGCY	1.98e-1	1.00e0	9.27e2	86	206	206	206	1	47	22.82	39	18.93
286	data/reference/motifs/JASPAR2026_CORE_plants_non-redundant_pfms_meme.txt	MA2659.1	GLYMA-08G281200	YTTGACTAATTAGGGTTWAKKGDT	3.71e-1	1.00e0	9.27e2	41	206	206	206	1	22	10.68	19	9.22
287	data/reference/motifs/JASPAR2026_CORE_plants_non-redundant_pfms_meme.txt	MA1325.2	GATA14	TAGATCTR	4.82e-2	1.00e0	9.27e2	398	206	206	206	4	144	69.90	127	61.65
288	data/reference/motifs/JASPAR2026_CORE_plants_non-redundant_pfms_meme.txt	MA2382.1	e_gw1.209.40.1	CACGTG	4.69e-2	1.00e0	9.27e2	410	206	206	206	16	110	53.40	92	44.66
289	data/reference/motifs/JASPAR2026_CORE_plants_non-redundant_pfms_meme.txt	MA0992.3	ERF4	CCGCCGYCA	6.81e-2	1.00e0	9.27e2	283	206	206	206	2	98	47.57	82	39.81
290	data/reference/motifs/JASPAR2026_CORE_plants_non-redundant_pfms_meme.txt	MA1416.1	RAMOSA1	GAGAGAGAGAGAGA	1.04e-1	1.00e0	9.27e2	186	206	206	206	2	74	35.92	61	29.61
291	data/reference/motifs/JASPAR2026_CORE_plants_non-redundant_pfms_meme.txt	MA1392.3	MYB98	WMCGTTAC	4.94e-2	1.00e0	9.27e2	393	206	206	206	7	26	12.62	15	7.28
292	data/reference/motifs/JASPAR2026_CORE_plants_non-redundant_pfms_meme.txt	MA2449.1	SPL6A	GCGGTAGTACC	7.08e-2	1.00e0	9.27e2	277	206	206	206	1	146	70.87	131	63.59
293	data/reference/motifs/JASPAR2026_CORE_plants_non-redundant_pfms_meme.txt	MA1381.2	AT3G46070	TCACTCT	4.77e-2	1.00e0	9.27e2	412	206	206	206	9	145	70.39	128	62.14
294	data/reference/motifs/JASPAR2026_CORE_plants_non-redundant_pfms_meme.txt	MA1428.2	TCP8	GGSCCCAC	4.77e-2	1.00e0	9.27e2	412	206	206	206	9	182	88.35	169	82.04
295	data/reference/motifs/JASPAR2026_CORE_plants_non-redundant_pfms_meme.txt	MA2608.1	glk53	AAGGAATATTCTTT	4.94e-2	1.00e0	9.27e2	399	206	206	206	2	191	92.72	180	87.38
296	data/reference/motifs/JASPAR2026_CORE_plants_non-redundant_pfms_meme.txt	MA1222.1	ERF014	CCDCCDCCACCGMCA	1.08e-1	1.00e0	9.27e2	184	206	206	206	6	5	2.43	1	0.49
297	data/reference/motifs/JASPAR2026_CORE_plants_non-redundant_pfms_meme.txt	MA2662.1	GLYMA-13G153200	GCCACGTCA	4.94e-2	1.00e0	9.27e2	401	206	206	206	2	191	92.72	180	87.38
298	data/reference/motifs/JASPAR2026_CORE_plants_non-redundant_pfms_meme.txt	MA0954.3	ATHB-7	TCAATGATTGR	4.93e-2	1.00e0	9.27e2	402	206	206	206	4	142	68.93	125	60.68
299	data/reference/motifs/JASPAR2026_CORE_plants_non-redundant_pfms_meme.txt	MA1659.2	ABF4	CCACGTS	4.82e-2	1.00e0	9.27e2	412	206	206	206	14	79	38.35	62	30.10
300	data/reference/motifs/JASPAR2026_CORE_plants_non-redundant_pfms_meme.txt	MA0937.1	NAC055	ACACGTAA	4.94e-2	1.00e0	9.27e2	411	206	206	206	16	26	12.62	15	7.28
301	data/reference/motifs/JASPAR2026_CORE_plants_non-redundant_pfms_meme.txt	MA1361.2	bHLH18	CRCGTKWWHCACGTG	1.00e-1	1.00e0	9.27e2	204	206	206	206	1	109	52.91	95	46.12
302	data/reference/motifs/JASPAR2026_CORE_plants_non-redundant_pfms_meme.txt	MA1190.2	RVE5	AGATATTTT	5.18e-2	1.00e0	9.27e2	394	206	206	206	3	154	74.76	138	66.99
303	data/reference/motifs/JASPAR2026_CORE_plants_non-redundant_pfms_meme.txt	MA2446.1	SPL5A	GCGGTASTACCGC	1.99e-1	1.00e0	9.27e2	92	206	206	206	2	33	16.02	26	12.62
304	data/reference/motifs/JASPAR2026_CORE_plants_non-redundant_pfms_meme.txt	MA1398.3	KUA1	CTTATCCA	5.00e-2	1.00e0	9.27e2	412	206	206	206	10	181	87.86	168	81.55
305	data/reference/motifs/JASPAR2026_CORE_plants_non-redundant_pfms_meme.txt	MA1266.2	RAP2-11	YCDYCGCCGGC	1.00e-1	1.00e0	9.27e2	208	206	206	206	1	111	53.88	97	47.09
306	data/reference/motifs/JASPAR2026_CORE_plants_non-redundant_pfms_meme.txt	MA1011.2	PHYPADRAFT_72483	CACGTG	5.06e-2	1.00e0	9.27e2	412	206	206	206	50	55	26.70	40	19.42
307	data/reference/motifs/JASPAR2026_CORE_plants_non-redundant_pfms_meme.txt	MA1314.2	WRKY14	AAAGTCAACG	6.16e-2	1.00e0	9.27e2	339	206	206	206	7	4	1.94	0	0.00
308	data/reference/motifs/JASPAR2026_CORE_plants_non-redundant_pfms_meme.txt	MA2438.1	SPL1D	GCRGTASTACCGCT	1.81e-1	1.00e0	9.27e2	116	206	206	206	2	28	13.59	21	10.19
309	data/reference/motifs/JASPAR2026_CORE_plants_non-redundant_pfms_meme.txt	MA0989.2	PHYPADRAFT_153324	WAAAG	5.10e-2	1.00e0	9.27e2	412	206	206	206	197	67	32.52	51	24.76
310	data/reference/motifs/JASPAR2026_CORE_plants_non-redundant_pfms_meme.txt	MA2383.1	e_gw1.392.16.1	CTTTW	5.10e-2	1.00e0	9.27e2	412	206	206	206	197	67	32.52	51	24.76
311	data/reference/motifs/JASPAR2026_CORE_plants_non-redundant_pfms_meme.txt	MA2044.2	NAC007	CAAGCAA	5.10e-2	1.00e0	9.27e2	412	206	206	206	12	186	90.29	174	84.47
312	data/reference/motifs/JASPAR2026_CORE_plants_non-redundant_pfms_meme.txt	MA1348.1	TGA9	GMTGACGTCAY	1.50e-1	1.00e0	9.27e2	143	206	206	206	1	77	37.38	66	32.04
313	data/reference/motifs/JASPAR2026_CORE_plants_non-redundant_pfms_meme.txt	MA2430.1	SPL14B	GCGGTASTACCGC	1.69e-1	1.00e0	9.27e2	128	206	206	206	4	7	3.40	3	1.46
314	data/reference/motifs/JASPAR2026_CORE_plants_non-redundant_pfms_meme.txt	MA1834.2	Zm00001d034298	CCACGCG	5.27e-2	1.00e0	9.27e2	411	206	206	206	13	69	33.50	53	25.73
315	data/reference/motifs/JASPAR2026_CORE_plants_non-redundant_pfms_meme.txt	MA2604.1	dof22	ACTTTTAC	5.25e-2	1.00e0	9.27e2	412	206	206	206	18	204	99.03	198	96.12
316	data/reference/motifs/JASPAR2026_CORE_plants_non-redundant_pfms_meme.txt	MA1268.2	CDF5	TTYACTTTTTYTTTTTTTTTT	5.25e-2	1.00e0	9.27e2	412	206	206	206	3	204	99.03	198	96.12
317	data/reference/motifs/JASPAR2026_CORE_plants_non-redundant_pfms_meme.txt	MA2619.1	ereb18	CCGCCGCCGCCCGCC	1.47e-1	1.00e0	9.27e2	148	206	206	206	2	53	25.73	43	20.87
318	data/reference/motifs/JASPAR2026_CORE_plants_non-redundant_pfms_meme.txt	MA2733.1	Sl-ERF_F_4	GCMGCMGCCGCCGCCGYCR	2.49e-1	1.00e0	9.27e2	76	206	206	206	11	2	0.97	0	0.00
319	data/reference/motifs/JASPAR2026_CORE_plants_non-redundant_pfms_meme.txt	MA2073.1	PK16340.1	CKTT	5.30e-2	1.00e0	9.27e2	412	206	206	206	171	134	65.05	117	56.80
320	data/reference/motifs/JASPAR2026_CORE_plants_non-redundant_pfms_meme.txt	MA1066.1	TCP23	GGGCCCAC	6.85e-2	1.00e0	9.27e2	319	206	206	206	2	122	59.22	106	51.46
321	data/reference/motifs/JASPAR2026_CORE_plants_non-redundant_pfms_meme.txt	MA2048.2	NAC045	GAAGCAAC	5.31e-2	1.00e0	9.27e2	412	206	206	206	8	190	92.23	179	86.89
322	data/reference/motifs/JASPAR2026_CORE_plants_non-redundant_pfms_meme.txt	MA2746.1	HB-HD-ZIP-2A-2	WTGCAATCATT	5.32e-2	1.00e0	9.27e2	412	206	206	206	4	200	97.09	192	93.20
323	data/reference/motifs/JASPAR2026_CORE_plants_non-redundant_pfms_meme.txt	MA2083.1	PK21166.1	YACCTACY	5.32e-2	1.00e0	9.27e2	412	206	206	206	24	14	6.80	6	2.91
324	data/reference/motifs/JASPAR2026_CORE_plants_non-redundant_pfms_meme.txt	MA1256.2	RAP2-12	DRYGGCGGCGG	1.29e-1	1.00e0	9.27e2	171	206	206	206	2	44	21.36	34	16.50
325	data/reference/motifs/JASPAR2026_CORE_plants_non-redundant_pfms_meme.txt	MA1666.3	HSFB2B	RGAAGSTTCTA	5.89e-2	1.00e0	9.27e2	374	206	206	206	2	169	82.04	155	75.24
326	data/reference/motifs/JASPAR2026_CORE_plants_non-redundant_pfms_meme.txt	MA1258.2	DREB2A	AWGKCGGTG	8.40e-2	1.00e0	9.27e2	263	206	206	206	2	72	34.95	58	28.16
327	data/reference/motifs/JASPAR2026_CORE_plants_non-redundant_pfms_meme.txt	MA1829.2	Zm00001d035604	ACCTAAC	5.38e-2	1.00e0	9.27e2	412	206	206	206	29	33	16.02	21	10.19
328	data/reference/motifs/JASPAR2026_CORE_plants_non-redundant_pfms_meme.txt	MA1334.2	BZIP11	TGCCACGTCAGCA	2.07e-1	1.00e0	9.27e2	96	206	206	206	1	52	25.24	44	21.36
329	data/reference/motifs/JASPAR2026_CORE_plants_non-redundant_pfms_meme.txt	MA1036.1	MYB111	GKTAGGTR	5.43e-2	1.00e0	9.27e2	411	206	206	206	8	163	79.13	148	71.84
330	data/reference/motifs/JASPAR2026_CORE_plants_non-redundant_pfms_meme.txt	MA1276.2	DOF3.5	AWAAAGK	5.42e-2	1.00e0	9.27e2	412	206	206	206	14	48	23.30	34	16.50
331	data/reference/motifs/JASPAR2026_CORE_plants_non-redundant_pfms_meme.txt	MA0966.2	BIM3	CACGTG	5.48e-2	1.00e0	9.27e2	412	206	206	206	24	129	62.62	112	54.37
332	data/reference/motifs/JASPAR2026_CORE_plants_non-redundant_pfms_meme.txt	MA1384.1	PHL7	AAARGAATATTCY	6.89e-2	1.00e0	9.27e2	328	206	206	206	2	120	58.25	104	50.49
333	data/reference/motifs/JASPAR2026_CORE_plants_non-redundant_pfms_meme.txt	MA2008.2	MYB99	CACCTAMY	6.06e-2	1.00e0	9.27e2	377	206	206	206	5	43	20.87	30	14.56
334	data/reference/motifs/JASPAR2026_CORE_plants_non-redundant_pfms_meme.txt	MA2440.1	SPL2B	GCGGTASTACCGC	1.85e-1	1.00e0	9.27e2	125	206	206	206	2	29	14.08	22	10.68
335	data/reference/motifs/JASPAR2026_CORE_plants_non-redundant_pfms_meme.txt	MA1017.2	GATA8	GATCY	5.63e-2	1.00e0	9.27e2	412	206	206	206	65	123	59.71	106	51.46
336	data/reference/motifs/JASPAR2026_CORE_plants_non-redundant_pfms_meme.txt	MA1270.2	DOF3.2	TWACTTTTTNNYTTTT	5.66e-2	1.00e0	9.27e2	412	206	206	206	7	184	89.32	172	83.50
337	data/reference/motifs/JASPAR2026_CORE_plants_non-redundant_pfms_meme.txt	MA2055.1	PK00315.1	GACAGCTR	5.66e-2	1.00e0	9.27e2	412	206	206	206	7	161	78.16	146	70.87
338	data/reference/motifs/JASPAR2026_CORE_plants_non-redundant_pfms_meme.txt	MA1159.2	SGR5	AAAWAAGACAAAA	5.70e-2	1.00e0	9.27e2	409	206	206	206	5	105	50.97	88	42.72
339	data/reference/motifs/JASPAR2026_CORE_plants_non-redundant_pfms_meme.txt	MA1393.3	MYB70	AACCGTT	5.69e-2	1.00e0	9.27e2	411	206	206	206	10	104	50.49	87	42.23
340	data/reference/motifs/JASPAR2026_CORE_plants_non-redundant_pfms_meme.txt	MA1058.2	SPL4	GTACG	5.69e-2	1.00e0	9.27e2	412	206	206	206	74	104	50.49	87	42.23
341	data/reference/motifs/JASPAR2026_CORE_plants_non-redundant_pfms_meme.txt	MA1785.2	NAC018	ACACGYAACY	6.09e-2	1.00e0	9.27e2	387	206	206	206	11	6	2.91	1	0.49
342	data/reference/motifs/JASPAR2026_CORE_plants_non-redundant_pfms_meme.txt	MA0951.1	ATHB-16	TAATMATT	5.72e-2	1.00e0	9.27e2	412	206	206	206	11	116	56.31	99	48.06
343	data/reference/motifs/JASPAR2026_CORE_plants_non-redundant_pfms_meme.txt	MA2743.1	SlWRKY23	AAAGTCAAM	5.77e-2	1.00e0	9.27e2	411	206	206	206	12	23	11.17	13	6.31
344	data/reference/motifs/JASPAR2026_CORE_plants_non-redundant_pfms_meme.txt	MA0584.2	SEP1	CCAWAWWTRGWAA	6.09e-2	1.00e0	9.27e2	391	206	206	206	12	6	2.91	1	0.49
345	data/reference/motifs/JASPAR2026_CORE_plants_non-redundant_pfms_meme.txt	MA2406.1	PK03576.1	CACGTGC	2.65e-1	1.00e0	9.27e2	78	206	206	206	1	42	20.39	36	17.48
346	data/reference/motifs/JASPAR2026_CORE_plants_non-redundant_pfms_meme.txt	MA1819.2	Zm00001d005892	CGCCGCCG	8.29e-2	1.00e0	9.27e2	290	206	206	206	2	120	58.25	105	50.97
347	data/reference/motifs/JASPAR2026_CORE_plants_non-redundant_pfms_meme.txt	MA1313.2	WRKY7	CGTTGACTTTT	1.08e-1	1.00e0	9.27e2	224	206	206	206	3	16	7.77	9	4.37
348	data/reference/motifs/JASPAR2026_CORE_plants_non-redundant_pfms_meme.txt	MA0940.1	AP1	MYAAAAAWRGAAA	5.88e-2	1.00e0	9.27e2	412	206	206	206	22	159	77.18	144	69.90
349	data/reference/motifs/JASPAR2026_CORE_plants_non-redundant_pfms_meme.txt	MA0590.1	LFY	YATTRACCGSCGGTYAATR	3.83e-1	1.00e0	9.27e2	51	206	206	206	2	27	13.11	24	11.65
350	data/reference/motifs/JASPAR2026_CORE_plants_non-redundant_pfms_meme.txt	MA2445.1	SPL4D	GGTACTACCGCT	8.27e-2	1.00e0	9.27e2	298	206	206	206	2	100	48.54	85	41.26
351	data/reference/motifs/JASPAR2026_CORE_plants_non-redundant_pfms_meme.txt	MA1053.1	ERF109	GCGCCGCC	9.25e-2	1.00e0	9.27e2	269	206	206	206	3	63	30.58	50	24.27
352	data/reference/motifs/JASPAR2026_CORE_plants_non-redundant_pfms_meme.txt	MA1823.2	Zm00001d027846	AAAGAAAA	6.04e-2	1.00e0	9.27e2	412	206	206	206	51	168	81.55	154	74.76
353	data/reference/motifs/JASPAR2026_CORE_plants_non-redundant_pfms_meme.txt	MA1667.3	HSFC1	TTCYAGAA	6.09e-2	1.00e0	9.27e2	409	206	206	206	17	6	2.91	1	0.49
354	data/reference/motifs/JASPAR2026_CORE_plants_non-redundant_pfms_meme.txt	MA0983.2	DOF5.6	AAMG	6.09e-2	1.00e0	9.27e2	412	206	206	206	51	205	99.51	200	97.09
355	data/reference/motifs/JASPAR2026_CORE_plants_non-redundant_pfms_meme.txt	MA1267.2	DOF5.8	TTTTTHYTTTTTACTTTTT	6.10e-2	1.00e0	9.27e2	412	206	206	206	11	157	76.21	142	68.93
356	data/reference/motifs/JASPAR2026_CORE_plants_non-redundant_pfms_meme.txt	MA1671.2	ERF118	CCGCCGCC	8.29e-2	1.00e0	9.27e2	303	206	206	206	2	101	49.03	86	41.75
357	data/reference/motifs/JASPAR2026_CORE_plants_non-redundant_pfms_meme.txt	MA2656.1	GLYMA-14G006800	TGGTCAACCA	6.16e-2	1.00e0	9.27e2	408	206	206	206	1	206	100.00	202	98.06
358	data/reference/motifs/JASPAR2026_CORE_plants_non-redundant_pfms_meme.txt	MA0564.2	ABI3	GCATGC	6.16e-2	1.00e0	9.27e2	409	206	206	206	36	4	1.94	0	0.00
359	data/reference/motifs/JASPAR2026_CORE_plants_non-redundant_pfms_meme.txt	MA1056.2	SPL11	CGTACGGA	8.74e-2	1.00e0	9.27e2	289	206	206	206	7	7	3.40	2	0.97
360	data/reference/motifs/JASPAR2026_CORE_plants_non-redundant_pfms_meme.txt	MA2738.1	Cnr	TCCGTACAAA	6.16e-2	1.00e0	9.27e2	411	206	206	206	17	4	1.94	0	0.00
361	data/reference/motifs/JASPAR2026_CORE_plants_non-redundant_pfms_meme.txt	MA1768.2	MYB30	CCAACYACCAMC	6.16e-2	1.00e0	9.27e2	411	206	206	206	29	4	1.94	0	0.00
362	data/reference/motifs/JASPAR2026_CORE_plants_non-redundant_pfms_meme.txt	MA2046.2	NAC035	CACGGCA	6.16e-2	1.00e0	9.27e2	411	206	206	206	2	206	100.00	202	98.06
363	data/reference/motifs/JASPAR2026_CORE_plants_non-redundant_pfms_meme.txt	MA1662.2	AT3G10030	TTAACAGA	6.16e-2	1.00e0	9.27e2	412	206	206	206	20	4	1.94	0	0.00
364	data/reference/motifs/JASPAR2026_CORE_plants_non-redundant_pfms_meme.txt	MA1071.2	DOF5.3	AAMG	6.16e-2	1.00e0	9.27e2	412	206	206	206	235	206	100.00	202	98.06
365	data/reference/motifs/JASPAR2026_CORE_plants_non-redundant_pfms_meme.txt	MA1678.3	NTL8	GAAGAAAC	6.16e-2	1.00e0	9.27e2	412	206	206	206	6	206	100.00	202	98.06
366	data/reference/motifs/JASPAR2026_CORE_plants_non-redundant_pfms_meme.txt	MA2070.1	PK15337.1	CTTT	6.16e-2	1.00e0	9.27e2	412	206	206	206	224	206	100.00	202	98.06
367	data/reference/motifs/JASPAR2026_CORE_plants_non-redundant_pfms_meme.txt	MA2613.1	ereb34	GCCGCCGCCGCCCS	1.76e-1	1.00e0	9.27e2	144	206	206	206	1	77	37.38	67	32.52
368	data/reference/motifs/JASPAR2026_CORE_plants_non-redundant_pfms_meme.txt	MA1041.1	MYB55	ACCTACCG	6.20e-2	1.00e0	9.27e2	410	206	206	206	9	36	17.48	24	11.65
369	data/reference/motifs/JASPAR2026_CORE_plants_non-redundant_pfms_meme.txt	MA2079.1	PK19717.1	GGGSCCCMC	6.70e-2	1.00e0	9.27e2	381	206	206	206	1	195	94.66	186	90.29
370	data/reference/motifs/JASPAR2026_CORE_plants_non-redundant_pfms_meme.txt	MA1786.2	NAC019	YACGBMA	6.33e-2	1.00e0	9.27e2	412	206	206	206	27	85	41.26	69	33.50
371	data/reference/motifs/JASPAR2026_CORE_plants_non-redundant_pfms_meme.txt	MA1673.2	LBD18	GCCGGAAA	6.39e-2	1.00e0	9.27e2	408	206	206	206	11	67	32.52	52	25.24
372	data/reference/motifs/JASPAR2026_CORE_plants_non-redundant_pfms_meme.txt	MA1045.2	NAC043	TWACGTAA	6.37e-2	1.00e0	9.27e2	412	206	206	206	4	187	90.78	176	85.44
373	data/reference/motifs/JASPAR2026_CORE_plants_non-redundant_pfms_meme.txt	MA1665.3	HSFB2A	RGAAGSTTCY	7.10e-2	1.00e0	9.27e2	370	206	206	206	1	190	92.23	180	87.38
374	data/reference/motifs/JASPAR2026_CORE_plants_non-redundant_pfms_meme.txt	MA2481.1	PK12011.1	AACGG	6.39e-2	1.00e0	9.27e2	412	206	206	206	25	154	74.76	139	67.48
375	data/reference/motifs/JASPAR2026_CORE_plants_non-redundant_pfms_meme.txt	MA2424.1	OsbZIP77	TGCCACGTCABC	1.58e-1	1.00e0	9.27e2	169	206	206	206	1	90	43.69	79	38.35
376	data/reference/motifs/JASPAR2026_CORE_plants_non-redundant_pfms_meme.txt	MA2408.1	BAD1	CCGGGCCCCSVC	1.90e-1	1.00e0	9.27e2	141	206	206	206	6	8	3.88	4	1.94
377	data/reference/motifs/JASPAR2026_CORE_plants_non-redundant_pfms_meme.txt	MA0586.3	SPL14	TCCGTAC	1.39e-1	1.00e0	9.27e2	194	206	206	206	1	103	50.00	91	44.17
378	data/reference/motifs/JASPAR2026_CORE_plants_non-redundant_pfms_meme.txt	MA1789.1	NAC071	CTTSWHYYTCAMGYA	8.60e-2	1.00e0	9.27e2	314	206	206	206	7	10	4.85	4	1.94
379	data/reference/motifs/JASPAR2026_CORE_plants_non-redundant_pfms_meme.txt	MA1183.2	RVE6	AGATATTTT	6.92e-2	1.00e0	9.27e2	391	206	206	206	3	148	71.84	133	64.56
380	data/reference/motifs/JASPAR2026_CORE_plants_non-redundant_pfms_meme.txt	MA2375.1	BMY2	SRCACGTGTGR	2.01e-1	1.00e0	9.27e2	135	206	206	206	1	72	34.95	63	30.58
381	data/reference/motifs/JASPAR2026_CORE_plants_non-redundant_pfms_meme.txt	MA1740.2	BHLH49	CACGTGC	2.72e-1	1.00e0	9.27e2	86	206	206	206	1	46	22.33	40	19.42
382	data/reference/motifs/JASPAR2026_CORE_plants_non-redundant_pfms_meme.txt	MA1074.2	UNE10	CACGTGM	2.72e-1	1.00e0	9.27e2	86	206	206	206	1	46	22.33	40	19.42
383	data/reference/motifs/JASPAR2026_CORE_plants_non-redundant_pfms_meme.txt	MA2077.1	PK18474.1	CACGTGC	2.72e-1	1.00e0	9.27e2	86	206	206	206	1	46	22.33	40	19.42
384	data/reference/motifs/JASPAR2026_CORE_plants_non-redundant_pfms_meme.txt	MA2064.1	PK07858.1	CACGTGC	2.72e-1	1.00e0	9.27e2	86	206	206	206	1	46	22.33	40	19.42
385	data/reference/motifs/JASPAR2026_CORE_plants_non-redundant_pfms_meme.txt	MA2061.1	PK06517.1	CACGTGC	2.72e-1	1.00e0	9.27e2	86	206	206	206	1	46	22.33	40	19.42
386	data/reference/motifs/JASPAR2026_CORE_plants_non-redundant_pfms_meme.txt	MA0587.2	TCP16	GTGGACCC	9.13e-2	1.00e0	9.27e2	301	206	206	206	1	157	76.21	144	69.90
387	data/reference/motifs/JASPAR2026_CORE_plants_non-redundant_pfms_meme.txt	MA1040.1	MYB46	GKTAGGTR	6.70e-2	1.00e0	9.27e2	411	206	206	206	4	195	94.66	186	90.29
388	data/reference/motifs/JASPAR2026_CORE_plants_non-redundant_pfms_meme.txt	MA2103.1	AT4G09450	TTATCY	6.69e-2	1.00e0	9.27e2	412	206	206	206	57	94	45.63	78	37.86
389	data/reference/motifs/JASPAR2026_CORE_plants_non-redundant_pfms_meme.txt	MA1163.3	PHL11	AGAATATTCT	7.52e-2	1.00e0	9.27e2	369	206	206	206	2	189	91.75	179	86.89
390	data/reference/motifs/JASPAR2026_CORE_plants_non-redundant_pfms_meme.txt	MA0935.1	NAC025	YACGTAAY	8.31e-2	1.00e0	9.27e2	334	206	206	206	1	173	83.98	161	78.16
391	data/reference/motifs/JASPAR2026_CORE_plants_non-redundant_pfms_meme.txt	MA1263.2	ERF055	KGKCGGTGG	1.14e-1	1.00e0	9.27e2	244	206	206	206	2	64	31.07	52	25.24
392	data/reference/motifs/JASPAR2026_CORE_plants_non-redundant_pfms_meme.txt	MA1362.2	bHLH77	DWNGBCACGTGM	1.16e-1	1.00e0	9.27e2	240	206	206	206	2	66	32.04	54	26.21
393	data/reference/motifs/JASPAR2026_CORE_plants_non-redundant_pfms_meme.txt	MA2720.1	nacnor	ACACGTAACT	6.92e-2	1.00e0	9.27e2	406	206	206	206	7	73	35.44	58	28.16
394	data/reference/motifs/JASPAR2026_CORE_plants_non-redundant_pfms_meme.txt	MA2067.1	PK09702.1	GCACGTGR	3.07e-1	1.00e0	9.27e2	77	206	206	206	1	41	19.90	36	17.48
395	data/reference/motifs/JASPAR2026_CORE_plants_non-redundant_pfms_meme.txt	MA1088.2	WRKY48	GTCAA	6.87e-2	1.00e0	9.27e2	412	206	206	206	82	121	58.74	105	50.97
396	data/reference/motifs/JASPAR2026_CORE_plants_non-redundant_pfms_meme.txt	MA0568.2	MYC3	CACGTG	6.97e-2	1.00e0	9.27e2	410	206	206	206	14	111	53.88	95	46.12
397	data/reference/motifs/JASPAR2026_CORE_plants_non-redundant_pfms_meme.txt	MA2041.2	MYB13	YCACCAACCA	6.96e-2	1.00e0	9.27e2	411	206	206	206	13	39	18.93	27	13.11
398	data/reference/motifs/JASPAR2026_CORE_plants_non-redundant_pfms_meme.txt	MA0953.2	ATHB-6	CAATHAT	6.98e-2	1.00e0	9.27e2	412	206	206	206	88	198	96.12	190	92.23
399	data/reference/motifs/JASPAR2026_CORE_plants_non-redundant_pfms_meme.txt	MA2477.1	NGA4	TTCAGGTR	7.00e-2	1.00e0	9.27e2	412	206	206	206	10	74	35.92	59	28.64
400	data/reference/motifs/JASPAR2026_CORE_plants_non-redundant_pfms_meme.txt	MA2713.1	SlDof14	CTTTTTC	7.00e-2	1.00e0	9.27e2	412	206	206	206	20	9	4.37	3	1.46
401	data/reference/motifs/JASPAR2026_CORE_plants_non-redundant_pfms_meme.txt	MA1172.2	MYB3R5	AAWWDTDACCGTTR	1.24e-1	1.00e0	9.27e2	233	206	206	206	6	3	1.46	0	0.00
402	data/reference/motifs/JASPAR2026_CORE_plants_non-redundant_pfms_meme.txt	MA1020.1	GT-1	GTTAACCA	7.20e-2	1.00e0	9.27e2	403	206	206	206	9	40	19.42	28	13.59
403	data/reference/motifs/JASPAR2026_CORE_plants_non-redundant_pfms_meme.txt	MA2472.1	AT3G12910	YGSCGTVRWDDHBACGK	2.76e-1	1.00e0	9.27e2	90	206	206	206	1	48	23.30	42	20.39
404	data/reference/motifs/JASPAR2026_CORE_plants_non-redundant_pfms_meme.txt	MA2460.1	MGH6.1	YGSCGTVRWDDHBACGK	2.76e-1	1.00e0	9.27e2	90	206	206	206	1	48	23.30	42	20.39
405	data/reference/motifs/JASPAR2026_CORE_plants_non-redundant_pfms_meme.txt	MA1049.2	ERF094	MGCCGCC	1.26e-1	1.00e0	9.27e2	233	206	206	206	4	13	6.31	7	3.40
406	data/reference/motifs/JASPAR2026_CORE_plants_non-redundant_pfms_meme.txt	MA2729.1	vahox1	AAATAATTG	7.15e-2	1.00e0	9.27e2	411	206	206	206	13	145	70.39	130	63.11
407	data/reference/motifs/JASPAR2026_CORE_plants_non-redundant_pfms_meme.txt	MA1014.1	GATA11	TAGATCTG	1.23e-1	1.00e0	9.27e2	239	206	206	206	4	32	15.53	23	11.17
408	data/reference/motifs/JASPAR2026_CORE_plants_non-redundant_pfms_meme.txt	MA1025.2	HBI1	GCACGTG	7.61e-2	1.00e0	9.27e2	388	206	206	206	5	83	40.29	68	33.01
409	data/reference/motifs/JASPAR2026_CORE_plants_non-redundant_pfms_meme.txt	MA1277.2	DOF1.7	AAAAAGTARAA	7.19e-2	1.00e0	9.27e2	412	206	206	206	16	170	82.52	157	76.21
410	data/reference/motifs/JASPAR2026_CORE_plants_non-redundant_pfms_meme.txt	MA2345.1	OS02G0104500	GTAAAW	7.19e-2	1.00e0	9.27e2	412	206	206	206	107	49	23.79	36	17.48
411	data/reference/motifs/JASPAR2026_CORE_plants_non-redundant_pfms_meme.txt	MA0569.2	MYC4	CACGTGC	7.87e-2	1.00e0	9.27e2	378	206	206	206	5	88	42.72	73	35.44
412	data/reference/motifs/JASPAR2026_CORE_plants_non-redundant_pfms_meme.txt	MA2354.1	PK06182.1	TACCTACC	7.52e-2	1.00e0	9.27e2	396	206	206	206	2	189	91.75	179	86.89
413	data/reference/motifs/JASPAR2026_CORE_plants_non-redundant_pfms_meme.txt	MA0931.2	ABI5	GMCACGTG	1.00e-1	1.00e0	9.27e2	301	206	206	206	2	109	52.91	95	46.12
414	data/reference/motifs/JASPAR2026_CORE_plants_non-redundant_pfms_meme.txt	MA0948.2	ARR18	AGATACG	7.35e-2	1.00e0	9.27e2	412	206	206	206	20	184	89.32	173	83.98
415	data/reference/motifs/JASPAR2026_CORE_plants_non-redundant_pfms_meme.txt	MA0021.1	Dof3	AAAGYV	7.36e-2	1.00e0	9.27e2	412	206	206	206	15	50	24.27	37	17.96
416	data/reference/motifs/JASPAR2026_CORE_plants_non-redundant_pfms_meme.txt	MA2450.1	SPL7A	GTACTACCGCT	9.47e-2	1.00e0	9.27e2	322	206	206	206	1	167	81.07	155	75.24
417	data/reference/motifs/JASPAR2026_CORE_plants_non-redundant_pfms_meme.txt	MA2725.1	SlWRKY6	AAAGTCAAC	7.43e-2	1.00e0	9.27e2	412	206	206	206	14	41	19.90	29	14.08
418	data/reference/motifs/JASPAR2026_CORE_plants_non-redundant_pfms_meme.txt	MA2035.2	NAC075	GWAGCTTGTNNNACAAGCTW	1.92e-1	1.00e0	9.27e2	160	206	206	206	3	21	10.19	15	7.28
419	data/reference/motifs/JASPAR2026_CORE_plants_non-redundant_pfms_meme.txt	MA1257.2	ERF9	GGCGGHKRYGGCGGCGGMG	2.49e-1	1.00e0	9.27e2	123	206	206	206	17	2	0.97	0	0.00
420	data/reference/motifs/JASPAR2026_CORE_plants_non-redundant_pfms_meme.txt	MA1219.3	ERF011	CACCGAC	8.01e-2	1.00e0	9.27e2	384	206	206	206	6	54	26.21	41	19.90
421	data/reference/motifs/JASPAR2026_CORE_plants_non-redundant_pfms_meme.txt	MA2353.1	PK02532.1	WAATATCT	7.71e-2	1.00e0	9.27e2	399	206	206	206	5	65	31.55	51	24.76
422	data/reference/motifs/JASPAR2026_CORE_plants_non-redundant_pfms_meme.txt	MA2670.1	GLYMA-15G168800	CAATGATTG	7.82e-2	1.00e0	9.27e2	394	206	206	206	4	134	65.05	119	57.77
423	data/reference/motifs/JASPAR2026_CORE_plants_non-redundant_pfms_meme.txt	MA1086.2	WRKY43	RGTCAA	7.49e-2	1.00e0	9.27e2	412	206	206	206	59	157	76.21	143	69.42
424	data/reference/motifs/JASPAR2026_CORE_plants_non-redundant_pfms_meme.txt	MA1046.1	NTL9	TTAAGTAAT	9.15e-2	1.00e0	9.27e2	337	206	206	206	3	82	39.81	68	33.01
425	data/reference/motifs/JASPAR2026_CORE_plants_non-redundant_pfms_meme.txt	MA2396.1	IDD1	TTTTGTCGTTTT	9.65e-2	1.00e0	9.27e2	320	206	206	206	1	166	80.58	154	74.76
426	data/reference/motifs/JASPAR2026_CORE_plants_non-redundant_pfms_meme.txt	MA1098.1	ARALYDRAFT_484486	GGSCCCAC	1.11e-1	1.00e0	9.27e2	280	206	206	206	4	22	10.68	14	6.80
427	data/reference/motifs/JASPAR2026_CORE_plants_non-redundant_pfms_meme.txt	MA1095.1	ARALYDRAFT_495258	GGSCCCAC	1.11e-1	1.00e0	9.27e2	280	206	206	206	4	22	10.68	14	6.80
428	data/reference/motifs/JASPAR2026_CORE_plants_non-redundant_pfms_meme.txt	MA0570.3	ABF1	ACACGTGKCA	8.65e-2	1.00e0	9.27e2	359	206	206	206	2	145	70.39	131	63.59
429	data/reference/motifs/JASPAR2026_CORE_plants_non-redundant_pfms_meme.txt	MA2734.1	Sl-ERF_F_5	CCGCCGCCGCCRCCRCC	2.49e-1	1.00e0	9.27e2	126	206	206	206	19	2	0.97	0	0.00
430	data/reference/motifs/JASPAR2026_CORE_plants_non-redundant_pfms_meme.txt	MA1226.2	DREB2G	GGHGGAGGCGGTGG	1.24e-1	1.00e0	9.27e2	254	206	206	206	11	3	1.46	0	0.00
431	data/reference/motifs/JASPAR2026_CORE_plants_non-redundant_pfms_meme.txt	MA1027.2	KAN1	WTATTC	7.66e-2	1.00e0	9.27e2	412	206	206	206	111	176	85.44	164	79.61
432	data/reference/motifs/JASPAR2026_CORE_plants_non-redundant_pfms_meme.txt	MA1743.2	BZIP2	TGCTGACGTGGCA	2.80e-1	1.00e0	9.27e2	96	206	206	206	1	51	24.76	45	21.84
433	data/reference/motifs/JASPAR2026_CORE_plants_non-redundant_pfms_meme.txt	MA2435.1	SPL16D	GCGGTASTACCGC	2.25e-1	1.00e0	9.27e2	141	206	206	206	4	5	2.43	2	0.97
434	data/reference/motifs/JASPAR2026_CORE_plants_non-redundant_pfms_meme.txt	MA2454.1	SPL8D1	ATAGTACATA	7.72e-2	1.00e0	9.27e2	412	206	206	206	14	136	66.02	121	58.74
435	data/reference/motifs/JASPAR2026_CORE_plants_non-redundant_pfms_meme.txt	MA1677.2	NAC078	CAAGAAA	7.75e-2	1.00e0	9.27e2	412	206	206	206	21	17	8.25	9	4.37
436	data/reference/motifs/JASPAR2026_CORE_plants_non-redundant_pfms_meme.txt	MA2071.1	PK15505.1	GCACGTGT	3.13e-1	1.00e0	9.27e2	85	206	206	206	2	45	21.84	40	19.42
437	data/reference/motifs/JASPAR2026_CORE_plants_non-redundant_pfms_meme.txt	MA2060.1	PK05451.1	CCACGTGM	3.13e-1	1.00e0	9.27e2	85	206	206	206	2	45	21.84	40	19.42
438	data/reference/motifs/JASPAR2026_CORE_plants_non-redundant_pfms_meme.txt	MA1776.3	MYB67	TACCTAACA	7.85e-2	1.00e0	9.27e2	411	206	206	206	11	53	25.73	40	19.42
439	data/reference/motifs/JASPAR2026_CORE_plants_non-redundant_pfms_meme.txt	MA1791.1	NAC087	TTDCTTGTNNNACACGYWA	3.20e-1	1.00e0	9.27e2	101	206	206	206	2	25	12.14	21	10.19
440	data/reference/motifs/JASPAR2026_CORE_plants_non-redundant_pfms_meme.txt	MA2069.1	PK10955.1	CTTTW	7.86e-2	1.00e0	9.27e2	412	206	206	206	33	200	97.09	193	93.69
441	data/reference/motifs/JASPAR2026_CORE_plants_non-redundant_pfms_meme.txt	MA2398.1	AS2	CGGCGGMRRHDRCGGCGG	2.49e-1	1.00e0	9.27e2	130	206	206	206	12	2	0.97	0	0.00
442	data/reference/motifs/JASPAR2026_CORE_plants_non-redundant_pfms_meme.txt	MA2735.1	SlbHLH014	GMCACGTGBC	1.18e-1	1.00e0	9.27e2	277	206	206	206	3	67	32.52	55	26.70
443	data/reference/motifs/JASPAR2026_CORE_plants_non-redundant_pfms_meme.txt	MA1209.2	ATHB-20	YAATAATT	8.22e-2	1.00e0	9.27e2	398	206	206	206	4	150	72.82	136	66.02
444	data/reference/motifs/JASPAR2026_CORE_plants_non-redundant_pfms_meme.txt	MA0571.2	ANT	GCACRRWTCCCVAKGY	4.00e-1	1.00e0	9.27e2	64	206	206	206	2	9	4.37	7	3.40
445	data/reference/motifs/JASPAR2026_CORE_plants_non-redundant_pfms_meme.txt	MA2389.1	GBF1	ACGTGKM	7.96e-2	1.00e0	9.27e2	412	206	206	206	35	35	16.99	24	11.65
446	data/reference/motifs/JASPAR2026_CORE_plants_non-redundant_pfms_meme.txt	MA1287.2	TCP21	GTGGGMCCCAC	1.62e-1	1.00e0	9.27e2	203	206	206	206	1	107	51.94	96	46.60
447	data/reference/motifs/JASPAR2026_CORE_plants_non-redundant_pfms_meme.txt	MA1378.2	AIL6	TCCTCGA	8.04e-2	1.00e0	9.27e2	412	206	206	206	13	129	62.62	114	55.34
448	data/reference/motifs/JASPAR2026_CORE_plants_non-redundant_pfms_meme.txt	MA0988.2	PHYPADRAFT_143875	CACGTG	8.10e-2	1.00e0	9.27e2	409	206	206	206	22	44	21.36	32	15.53
449	data/reference/motifs/JASPAR2026_CORE_plants_non-redundant_pfms_meme.txt	MA2092.1	PK27149.1	TGACGTGK	8.88e-2	1.00e0	9.27e2	373	206	206	206	1	191	92.72	182	88.35
450	data/reference/motifs/JASPAR2026_CORE_plants_non-redundant_pfms_meme.txt	MA1055.3	SPL1	TGTACGGA	8.25e-2	1.00e0	9.27e2	402	206	206	206	5	99	48.06	84	40.78
451	data/reference/motifs/JASPAR2026_CORE_plants_non-redundant_pfms_meme.txt	MA1376.2	DEAR3	CRCCGMC	8.11e-2	1.00e0	9.27e2	412	206	206	206	16	94	45.63	79	38.35
452	data/reference/motifs/JASPAR2026_CORE_plants_non-redundant_pfms_meme.txt	MA1018.2	GATA9	AGATCT	8.52e-2	1.00e0	9.27e2	393	206	206	206	8	46	22.33	34	16.50
453	data/reference/motifs/JASPAR2026_CORE_plants_non-redundant_pfms_meme.txt	MA1281.2	DOF5.1	AAAAAGWAAAAARAAAAAR	8.29e-2	1.00e0	9.27e2	412	206	206	206	14	120	58.25	105	50.97
454	data/reference/motifs/JASPAR2026_CORE_plants_non-redundant_pfms_meme.txt	MA1315.2	WRKY24	CGTTGACTTTT	1.01e-1	1.00e0	9.27e2	336	206	206	206	6	11	5.34	5	2.43
455	data/reference/motifs/JASPAR2026_CORE_plants_non-redundant_pfms_meme.txt	MA1297.2	WRKY26	AAAAGTCAACG	1.01e-1	1.00e0	9.27e2	340	206	206	206	5	11	5.34	5	2.43
456	data/reference/motifs/JASPAR2026_CORE_plants_non-redundant_pfms_meme.txt	MA2036.2	NAC076	CAAGCAA	8.32e-2	1.00e0	9.27e2	412	206	206	206	12	187	90.78	177	85.92
457	data/reference/motifs/JASPAR2026_CORE_plants_non-redundant_pfms_meme.txt	MA1414.2	E2FA	GCGCCA	8.53e-2	1.00e0	9.27e2	401	206	206	206	3	180	87.38	169	82.04
458	data/reference/motifs/JASPAR2026_CORE_plants_non-redundant_pfms_meme.txt	MA1264.2	ERF095	RYGGCGGCGGHGG	2.49e-1	1.00e0	9.27e2	137	206	206	206	12	2	0.97	0	0.00
459	data/reference/motifs/JASPAR2026_CORE_plants_non-redundant_pfms_meme.txt	MA2057.1	PK01630.1	GCACGTG	8.34e-2	1.00e0	9.27e2	411	206	206	206	10	117	56.80	102	49.51
460	data/reference/motifs/JASPAR2026_CORE_plants_non-redundant_pfms_meme.txt	MA1022.2	PHYPADRAFT_38837	AAAG	8.60e-2	1.00e0	9.27e2	412	206	206	206	197	10	4.85	4	1.94
461	data/reference/motifs/JASPAR2026_CORE_plants_non-redundant_pfms_meme.txt	MA0981.2	DOF1.8	AAAG	8.60e-2	1.00e0	9.27e2	412	206	206	206	197	10	4.85	4	1.94
462	data/reference/motifs/JASPAR2026_CORE_plants_non-redundant_pfms_meme.txt	MA1405.2	SIZF2	ACTGACAGT	8.74e-2	1.00e0	9.27e2	398	206	206	206	4	160	77.67	147	71.36
463	data/reference/motifs/JASPAR2026_CORE_plants_non-redundant_pfms_meme.txt	MA1828.2	Zm00001d038683	GTGGTCCA	8.74e-2	1.00e0	9.27e2	403	206	206	206	1	204	99.03	199	96.60
464	data/reference/motifs/JASPAR2026_CORE_plants_non-redundant_pfms_meme.txt	MA1031.2	OJ1581_H09.2	GGGCCC	8.70e-2	1.00e0	9.27e2	396	206	206	206	4	186	90.29	176	85.44
465	data/reference/motifs/JASPAR2026_CORE_plants_non-redundant_pfms_meme.txt	MA1833.2	Zm00001d049364	CCGCCGCCGCC	1.62e-1	1.00e0	9.27e2	215	206	206	206	1	113	54.85	102	49.51
466	data/reference/motifs/JASPAR2026_CORE_plants_non-redundant_pfms_meme.txt	MA1248.2	ERF012	CCACCGMC	1.24e-1	1.00e0	9.27e2	285	206	206	206	10	3	1.46	0	0.00
467	data/reference/motifs/JASPAR2026_CORE_plants_non-redundant_pfms_meme.txt	MA1245.3	ERF112	CCGCCGCCR	1.06e-1	1.00e0	9.27e2	329	206	206	206	3	76	36.89	63	30.58
468	data/reference/motifs/JASPAR2026_CORE_plants_non-redundant_pfms_meme.txt	MA2394.1	PpDof6	CTTT	8.60e-2	1.00e0	9.27e2	412	206	206	206	197	10	4.85	4	1.94
469	data/reference/motifs/JASPAR2026_CORE_plants_non-redundant_pfms_meme.txt	MA2367.1	WIP5	ACCTGGAGAAMAW	8.38e-2	1.00e0	9.27e2	410	206	206	206	9	108	52.43	93	45.15
470	data/reference/motifs/JASPAR2026_CORE_plants_non-redundant_pfms_meme.txt	MA0959.1	AIB	GCACGTGC	1.26e-1	1.00e0	9.27e2	280	206	206	206	6	43	20.87	33	16.02
471	data/reference/motifs/JASPAR2026_CORE_plants_non-redundant_pfms_meme.txt	MA1808.3	GLYMA-06G314400	GACACGTGGC	2.85e-1	1.00e0	9.27e2	382	206	206	206	1	193	93.69	189	91.75
472	data/reference/motifs/JASPAR2026_CORE_plants_non-redundant_pfms_meme.txt	MA1811.3	GLYMA-13G317000	GGACACSTGTCA	6.80e-1	1.00e0	9.27e2	327	206	206	206	5	46	22.33	49	23.79
473	data/reference/motifs/JASPAR2026_CORE_plants_non-redundant_pfms_meme.txt	MA2673.1	GLYMA-15G086400	WTCTAGAAMCTTCTAGAR	2.44e-1	1.00e0	9.27e2	184	206	206	206	1	96	46.60	88	42.72
474	data/reference/motifs/JASPAR2026_CORE_plants_non-redundant_pfms_meme.txt	MA2671.1	GLYMA-19G100900	AGCATGCT	2.73e-1	1.00e0	9.27e2	384	206	206	206	6	127	61.65	120	58.25
475	data/reference/motifs/JASPAR2026_CORE_plants_non-redundant_pfms_meme.txt	MA2669.1	GLYMA-04G231400	CAATAATTGATT	1.10e-1	1.00e0	9.27e2	401	206	206	206	1	203	98.54	198	96.12
476	data/reference/motifs/JASPAR2026_CORE_plants_non-redundant_pfms_meme.txt	MA2668.1	GLYMA-20G155100	RCCGACAT	3.77e-1	1.00e0	9.27e2	360	206	206	206	2	140	67.96	136	66.02
477	data/reference/motifs/JASPAR2026_CORE_plants_non-redundant_pfms_meme.txt	MA2667.1	GLYMA-13G236500	ACGACGGCGGAG	2.72e-1	1.00e0	9.27e2	253	206	206	206	1	130	63.11	123	59.71
478	data/reference/motifs/JASPAR2026_CORE_plants_non-redundant_pfms_meme.txt	MA2665.1	GLYMA-11G053600	CACCGACAC	2.87e-1	1.00e0	9.27e2	399	206	206	206	8	32	15.53	27	13.11
479	data/reference/motifs/JASPAR2026_CORE_plants_non-redundant_pfms_meme.txt	MA2663.1	GLYMA-02G261700	TCACCGACATA	2.72e-1	1.00e0	9.27e2	355	206	206	206	2	130	63.11	123	59.71
480	data/reference/motifs/JASPAR2026_CORE_plants_non-redundant_pfms_meme.txt	MA2660.1	GLYMA-12G168700	WWWTGTAATTACAWWW	5.00e-1	1.00e0	9.27e2	400	206	206	206	10	110	53.40	109	52.91
481	data/reference/motifs/JASPAR2026_CORE_plants_non-redundant_pfms_meme.txt	MA2658.1	GLYMA-19G094100	ATTGACTTW	9.99e-2	1.00e0	9.27e2	412	206	206	206	12	54	26.21	42	20.39
482	data/reference/motifs/JASPAR2026_CORE_plants_non-redundant_pfms_meme.txt	MA2657.1	GLYMA-14G028900	AAAAGTCAAA	1.18e-1	1.00e0	9.27e2	410	206	206	206	7	117	56.80	104	50.49
483	data/reference/motifs/JASPAR2026_CORE_plants_non-redundant_pfms_meme.txt	MA2654.1	GLYMA-05G127600	GGTCAAC	1.24e-1	1.00e0	9.27e2	412	206	206	206	4	206	100.00	203	98.54
484	data/reference/motifs/JASPAR2026_CORE_plants_non-redundant_pfms_meme.txt	MA2652.1	GLYMA-01G053800	AGTTGAC	2.51e-1	1.00e0	9.27e2	412	206	206	206	17	6	2.91	3	1.46
485	data/reference/motifs/JASPAR2026_CORE_plants_non-redundant_pfms_meme.txt	MA2649.1	GLYMA-08G271900	TGCACATG	1.07e-1	1.00e0	9.27e2	412	206	206	206	18	36	17.48	26	12.62
486	data/reference/motifs/JASPAR2026_CORE_plants_non-redundant_pfms_meme.txt	MA2647.1	GLYMA-12G226000	AAGTACAA	4.00e-1	1.00e0	9.27e2	412	206	206	206	25	9	4.37	7	3.40
487	data/reference/motifs/JASPAR2026_CORE_plants_non-redundant_pfms_meme.txt	MA2646.1	GLYMA-11G083900	GTACGGA	3.09e-1	1.00e0	9.27e2	340	206	206	206	2	123	59.71	117	56.80
488	data/reference/motifs/JASPAR2026_CORE_plants_non-redundant_pfms_meme.txt	MA2644.1	GLYMA-14G030700	AACGACGGCA	2.77e-1	1.00e0	9.27e2	345	206	206	206	3	100	48.54	93	45.15
489	data/reference/motifs/JASPAR2026_CORE_plants_non-redundant_pfms_meme.txt	MA2642.1	GLYMA-10G230700	AAGATATTTWTW	2.71e-1	1.00e0	9.27e2	406	206	206	206	5	132	64.08	125	60.68
490	data/reference/motifs/JASPAR2026_CORE_plants_non-redundant_pfms_meme.txt	MA2641.1	GLYMA-01G038600	CCTTATCCA	8.74e-2	1.00e0	9.27e2	412	206	206	206	17	7	3.40	2	0.97
491	data/reference/motifs/JASPAR2026_CORE_plants_non-redundant_pfms_meme.txt	MA2745.1	SlWRKY81	AAGTCAAC	3.81e-1	1.00e0	9.27e2	412	206	206	206	9	129	62.62	125	60.68
492	data/reference/motifs/JASPAR2026_CORE_plants_non-redundant_pfms_meme.txt	MA2742.1	SlWRKY11	GTTGACTTTT	1.46e-1	1.00e0	9.27e2	326	206	206	206	5	15	7.28	9	4.37
493	data/reference/motifs/JASPAR2026_CORE_plants_non-redundant_pfms_meme.txt	MA2741.1	SlWRKY7	AAAAAGTCAACC	1.24e-1	1.00e0	9.27e2	378	206	206	206	10	3	1.46	0	0.00
494	data/reference/motifs/JASPAR2026_CORE_plants_non-redundant_pfms_meme.txt	MA2737.1	SlERF36	CMGCCGCCAC	1.86e-1	1.00e0	9.27e2	363	206	206	206	19	4	1.94	1	0.49
495	data/reference/motifs/JASPAR2026_CORE_plants_non-redundant_pfms_meme.txt	MA2732.1	Sl-ERF_C_4	YCGCCGCCGCCR	2.49e-1	1.00e0	9.27e2	238	206	206	206	22	2	0.97	0	0.00
496	data/reference/motifs/JASPAR2026_CORE_plants_non-redundant_pfms_meme.txt	MA2731.1	sep3	WTTTCCAAAAAGGGAAAAAAW	4.20e-1	1.00e0	9.27e2	113	206	206	206	2	14	6.80	12	5.83
497	data/reference/motifs/JASPAR2026_CORE_plants_non-redundant_pfms_meme.txt	MA2728.1	SolycHsfC1	RGAAGTTTCTAG	2.49e-1	1.00e0	9.27e2	360	206	206	206	4	56	27.18	49	23.79
498	data/reference/motifs/JASPAR2026_CORE_plants_non-redundant_pfms_meme.txt	MA2726.1	SlWRKY41	GTTGACTT	3.86e-1	1.00e0	9.27e2	412	206	206	206	15	7	3.40	5	2.43
499	data/reference/motifs/JASPAR2026_CORE_plants_non-redundant_pfms_meme.txt	MA2723.1	Solyc06g060230	ACACGTCTCT	9.96e-2	1.00e0	9.27e2	411	206	206	206	7	103	50.00	89	43.20
500	data/reference/motifs/JASPAR2026_CORE_plants_non-redundant_pfms_meme.txt	MA2722.1	Sl-ERF_F_2	CGGCGGCKGCGGCGR	5.00e-1	1.00e0	9.27e2	87	206	206	206	10	2	0.97	1	0.49
501	data/reference/motifs/JASPAR2026_CORE_plants_non-redundant_pfms_meme.txt	MA2717.1	eil2	AGATTCR	3.08e-1	1.00e0	9.27e2	412	206	206	206	23	87	42.23	81	39.32
502	data/reference/motifs/JASPAR2026_CORE_plants_non-redundant_pfms_meme.txt	MA2716.1	dreb3	CCACCGACCA	1.37e-1	1.00e0	9.27e2	360	206	206	206	8	14	6.80	8	3.88
503	data/reference/motifs/JASPAR2026_CORE_plants_non-redundant_pfms_meme.txt	MA2715.1	Solyc03g124110	RTCTATGTCGGYWAA	2.87e-1	1.00e0	9.27e2	139	206	206	206	3	8	3.88	5	2.43
504	data/reference/motifs/JASPAR2026_CORE_plants_non-redundant_pfms_meme.txt	MA2714.1	APETALA2a	ATTACCTCGTACYA	2.55e-1	1.00e0	9.27e2	166	206	206	206	2	23	11.17	18	8.74
505	data/reference/motifs/JASPAR2026_CORE_plants_non-redundant_pfms_meme.txt	MA2712.1	eil1	TCTAGATACATTGAATCT	4.60e-1	1.00e0	9.27e2	170	206	206	206	1	86	41.75	84	40.78
506	data/reference/motifs/JASPAR2026_CORE_plants_non-redundant_pfms_meme.txt	MA2711.1	SolycHsfB2b	TTCTAGAA	5.00e-1	1.00e0	9.27e2	281	206	206	206	1	141	68.45	140	67.96
507	data/reference/motifs/JASPAR2026_CORE_plants_non-redundant_pfms_meme.txt	MA2710.1	SolycHsfB1	TTCTAGAA	2.72e-1	1.00e0	9.27e2	368	206	206	206	10	15	7.28	11	5.34
508	data/reference/motifs/JASPAR2026_CORE_plants_non-redundant_pfms_meme.txt	MA2709.1	SolycHsfA2	TTCTAGAAKMTTCTA	7.91e-1	1.00e0	9.27e2	253	206	206	206	1	123	59.71	130	63.11
509	data/reference/motifs/JASPAR2026_CORE_plants_non-redundant_pfms_meme.txt	MA2708.1	SlDof4	AGAAAAAGTAA	1.14e-1	1.00e0	9.27e2	412	206	206	206	9	200	97.09	194	94.17
510	data/reference/motifs/JASPAR2026_CORE_plants_non-redundant_pfms_meme.txt	MA2752.1	TaOBF1b	TGCCACGTCATCATC	3.79e-1	1.00e0	9.27e2	256	206	206	206	2	75	36.41	71	34.47
511	data/reference/motifs/JASPAR2026_CORE_plants_non-redundant_pfms_meme.txt	MA2751.1	TraesCS2B02G304400	CCACTCGACC	1.61e-1	1.00e0	9.27e2	371	206	206	206	8	11	5.34	6	2.91
512	data/reference/motifs/JASPAR2026_CORE_plants_non-redundant_pfms_meme.txt	MA2750.1	TraesCS7B02G142200	TGTACGGAC	1.10e-1	1.00e0	9.27e2	379	206	206	206	2	157	76.21	145	70.39
513	data/reference/motifs/JASPAR2026_CORE_plants_non-redundant_pfms_meme.txt	MA2749.1	TraesCS2D02G576500	GAAGCAAC	1.91e-1	1.00e0	9.27e2	412	206	206	206	7	152	73.79	143	69.42
514	data/reference/motifs/JASPAR2026_CORE_plants_non-redundant_pfms_meme.txt	MA2748.1	TraesCS6B02G321100	CAATTATTG	1.61e-1	1.00e0	9.27e2	410	206	206	206	10	118	57.28	107	51.94
515	data/reference/motifs/JASPAR2026_CORE_plants_non-redundant_pfms_meme.txt	MA2747.1	TraesCS6A02G290800	CAATAATTG	2.29e-1	1.00e0	9.27e2	412	206	206	206	7	183	88.83	177	85.92
516	data/reference/motifs/JASPAR2026_CORE_plants_non-redundant_pfms_meme.txt	MA2762.1	myb53	AGTTAGGCAC	1.92e-1	1.00e0	9.27e2	396	206	206	206	2	182	88.35	175	84.95
517	data/reference/motifs/JASPAR2026_CORE_plants_non-redundant_pfms_meme.txt	MA2758.1	ereb122	CCGACCA	1.10e-1	1.00e0	9.27e2	411	206	206	206	14	47	22.82	36	17.48
518	data/reference/motifs/JASPAR2026_CORE_plants_non-redundant_pfms_meme.txt	MA2756.1	dfo23	TACCTTTTTCT	9.09e-2	1.00e0	9.27e2	412	206	206	206	15	139	67.48	125	60.68
519	data/reference/motifs/JASPAR2026_CORE_plants_non-redundant_pfms_meme.txt	MA2754.1	wrky38	CGTGGACC	3.73e-1	1.00e0	9.27e2	404	206	206	206	10	63	30.58	59	28.64
520	data/reference/motifs/JASPAR2026_CORE_plants_non-redundant_pfms_meme.txt	MA2753.1	cpp8	GAATTTGAAW	2.87e-1	1.00e0	9.27e2	412	206	206	206	34	8	3.88	5	2.43
521	data/reference/motifs/JASPAR2026_CORE_plants_non-redundant_pfms_meme.txt	MA2626.1	bzip40	GTGACGTGGC	1.43e-1	1.00e0	9.27e2	408	206	206	206	3	177	85.92	168	81.55
522	data/reference/motifs/JASPAR2026_CORE_plants_non-redundant_pfms_meme.txt	MA2625.1	mybr17	CATTATC	1.08e-1	1.00e0	9.27e2	412	206	206	206	49	5	2.43	1	0.49
523	data/reference/motifs/JASPAR2026_CORE_plants_non-redundant_pfms_meme.txt	MA2624.1	myb37	TAACCGAA	8.89e-2	1.00e0	9.27e2	412	206	206	206	8	199	96.60	192	93.20
524	data/reference/motifs/JASPAR2026_CORE_plants_non-redundant_pfms_meme.txt	MA2621.1	glk25	TGATTCCA	1.16e-1	1.00e0	9.27e2	412	206	206	206	23	50	24.27	39	18.93
525	data/reference/motifs/JASPAR2026_CORE_plants_non-redundant_pfms_meme.txt	MA2620.1	g2	CCTTATCC	2.49e-1	1.00e0	9.27e2	412	206	206	206	38	2	0.97	0	0.00
526	data/reference/motifs/JASPAR2026_CORE_plants_non-redundant_pfms_meme.txt	MA2618.1	ereb102	CGACGGCGA	4.59e-1	1.00e0	9.27e2	341	206	206	206	2	131	63.59	129	62.62
527	data/reference/motifs/JASPAR2026_CORE_plants_non-redundant_pfms_meme.txt	MA2612.1	ereb147	ACGCCGAC	2.69e-1	1.00e0	9.27e2	379	206	206	206	8	44	21.36	38	18.45
528	data/reference/motifs/JASPAR2026_CORE_plants_non-redundant_pfms_meme.txt	MA2609.1	ereb172	CAGCCGCA	9.98e-2	1.00e0	9.27e2	392	206	206	206	5	115	55.83	101	49.03
529	data/reference/motifs/JASPAR2026_CORE_plants_non-redundant_pfms_meme.txt	MA2607.1	tcptf23	GGGACCAC	9.77e-2	1.00e0	9.27e2	398	206	206	206	10	33	16.02	23	11.17
530	data/reference/motifs/JASPAR2026_CORE_plants_non-redundant_pfms_meme.txt	MA2606.1	mybr43	CCTTATCC	1.86e-1	1.00e0	9.27e2	412	206	206	206	25	4	1.94	1	0.49
531	data/reference/motifs/JASPAR2026_CORE_plants_non-redundant_pfms_meme.txt	MA2605.1	mybr26	CCTTATCC	1.24e-1	1.00e0	9.27e2	412	206	206	206	31	3	1.46	0	0.00
532	data/reference/motifs/JASPAR2026_CORE_plants_non-redundant_pfms_meme.txt	MA2639.1	FUL::SOC1	TTCCATTTTTGG	3.38e-1	1.00e0	9.27e2	412	206	206	206	14	32	15.53	28	13.59
533	data/reference/motifs/JASPAR2026_CORE_plants_non-redundant_pfms_meme.txt	MA2638.1	FUL::SEP3	TTWCTATTTATAGTAA	7.86e-1	1.00e0	9.27e2	319	206	206	206	2	111	53.88	118	57.28
534	data/reference/motifs/JASPAR2026_CORE_plants_non-redundant_pfms_meme.txt	MA2637.1	FUL::AG::SEP3	WTWCCAWAAATAGAAA	3.93e-1	1.00e0	9.27e2	410	206	206	206	13	8	3.88	6	2.91
535	data/reference/motifs/JASPAR2026_CORE_plants_non-redundant_pfms_meme.txt	MA2636.1	FUL::AG	WCTTTCCATTTTTRGAAA	1.89e-1	1.00e0	9.27e2	299	206	206	206	1	154	74.76	145	70.39
536	data/reference/motifs/JASPAR2026_CORE_plants_non-redundant_pfms_meme.txt	MA2635.1	FUL	TTWCCAWAAATAGAAA	6.57e-1	1.00e0	9.27e2	380	206	206	206	9	3	1.46	3	1.46
537	data/reference/motifs/JASPAR2026_CORE_plants_non-redundant_pfms_meme.txt	MA2505.1	bZIP59	TGACAGCTGTCA	3.52e-1	1.00e0	9.27e2	344	206	206	206	7	40	19.42	36	17.48
538	data/reference/motifs/JASPAR2026_CORE_plants_non-redundant_pfms_meme.txt	MA1355.2	TRB2	WARCCCTAAWT	3.20e-1	1.00e0	9.27e2	263	206	206	206	3	25	12.14	21	10.19
539	data/reference/motifs/JASPAR2026_CORE_plants_non-redundant_pfms_meme.txt	MA1353.2	AT1G72740	RWTTAGGGTTT	4.54e-1	1.00e0	9.27e2	316	206	206	206	1	159	77.18	157	76.21
540	data/reference/motifs/JASPAR2026_CORE_plants_non-redundant_pfms_meme.txt	MA1322.3	SPL9	TCCGTAC	1.58e-1	1.00e0	9.27e2	407	206	206	206	6	127	61.65	116	56.31
541	data/reference/motifs/JASPAR2026_CORE_plants_non-redundant_pfms_meme.txt	MA2479.1	TCX5	ATTCAAAT	1.40e-1	1.00e0	9.27e2	411	206	206	206	22	66	32.04	55	26.70
542	data/reference/motifs/JASPAR2026_CORE_plants_non-redundant_pfms_meme.txt	MA1060.2	SPL7	CGTACG	1.19e-1	1.00e0	9.27e2	410	206	206	206	25	31	15.05	22	10.68
543	data/reference/motifs/JASPAR2026_CORE_plants_non-redundant_pfms_meme.txt	MA1742.2	BIZP18	TGMCAGCTGK	4.55e-1	1.00e0	9.27e2	310	206	206	206	1	156	75.73	154	74.76
544	data/reference/motifs/JASPAR2026_CORE_plants_non-redundant_pfms_meme.txt	MA1672.2	GBF2	SACGTGGCA	1.16e-1	1.00e0	9.27e2	410	206	206	206	15	17	8.25	10	4.85
545	data/reference/motifs/JASPAR2026_CORE_plants_non-redundant_pfms_meme.txt	MA2476.1	KNAT7	TGACRKCT	2.77e-1	1.00e0	9.27e2	368	206	206	206	3	115	55.83	108	52.43
546	data/reference/motifs/JASPAR2026_CORE_plants_non-redundant_pfms_meme.txt	MA2459.1	EDF3	RCAACAKA	5.77e-1	1.00e0	9.27e2	384	206	206	206	1	192	93.20	192	93.20
547	data/reference/motifs/JASPAR2026_CORE_plants_non-redundant_pfms_meme.txt	MA1738.1	ATMYB31	YAMCTMCCAACHAMH	1.24e-1	1.00e0	9.27e2	403	206	206	206	17	3	1.46	0	0.00
548	data/reference/motifs/JASPAR2026_CORE_plants_non-redundant_pfms_meme.txt	MA1205.1	AGL6	TTWCCAAAAAWGGAAAAWW	1.47e-1	1.00e0	9.27e2	262	206	206	206	2	73	35.44	62	30.10
549	data/reference/motifs/JASPAR2026_CORE_plants_non-redundant_pfms_meme.txt	MA1204.1	AGL13	TTWCCAAAAAWRGWAAAW	5.00e-1	1.00e0	9.27e2	211	206	206	206	3	10	4.85	9	4.37
550	data/reference/motifs/JASPAR2026_CORE_plants_non-redundant_pfms_meme.txt	MA1199.1	AGL16	TTTCCWTTTTDGGWA	1.33e-1	1.00e0	9.27e2	331	206	206	206	3	61	29.61	50	24.27
551	data/reference/motifs/JASPAR2026_CORE_plants_non-redundant_pfms_meme.txt	MA1188.1	At3g11280	AWYCTTATCTTHWY	3.46e-1	1.00e0	9.27e2	412	206	206	206	15	15	7.28	12	5.83
552	data/reference/motifs/JASPAR2026_CORE_plants_non-redundant_pfms_meme.txt	MA1042.1	MYB59	RTTAGGTA	1.14e-1	1.00e0	9.27e2	412	206	206	206	26	12	5.83	6	2.91
553	data/reference/motifs/JASPAR2026_CORE_plants_non-redundant_pfms_meme.txt	MA1012.1	AGL27	CTTTCYATTTTKGG	1.18e-1	1.00e0	9.27e2	322	206	206	206	2	101	49.03	88	42.72
554	data/reference/motifs/JASPAR2026_CORE_plants_non-redundant_pfms_meme.txt	MA0972.1	CCA1	AAATATCT	2.29e-1	1.00e0	9.27e2	411	206	206	206	14	44	21.36	37	17.96
555	data/reference/motifs/JASPAR2026_CORE_plants_non-redundant_pfms_meme.txt	MA0574.1	MYB15	CRACGGTAGGTGG	5.00e-1	1.00e0	9.27e2	62	206	206	206	3	1	0.49	0	0.00
556	data/reference/motifs/JASPAR2026_CORE_plants_non-redundant_pfms_meme.txt	MA0559.1	PI	CCAAAARWRGAAAR	1.59e-1	1.00e0	9.27e2	411	206	206	206	9	124	60.19	113	54.85
557	data/reference/motifs/JASPAR2026_CORE_plants_non-redundant_pfms_meme.txt	MA2482.1	PK27693.1	TTATC	2.07e-1	1.00e0	9.27e2	412	206	206	206	98	80	38.83	71	34.47
558	data/reference/motifs/JASPAR2026_CORE_plants_non-redundant_pfms_meme.txt	MA2478.1	PK13314.1	GGGCCCAC	1.24e-1	1.00e0	9.27e2	409	206	206	206	5	174	84.47	164	79.61
559	data/reference/motifs/JASPAR2026_CORE_plants_non-redundant_pfms_meme.txt	MA2040.2	ENAP2	CTCCGGCGA	5.00e-1	1.00e0	9.27e2	264	206	206	206	24	1	0.49	0	0.00
560	data/reference/motifs/JASPAR2026_CORE_plants_non-redundant_pfms_meme.txt	MA2039.2	ASIL2	CTCCGGCGA	5.00e-1	1.00e0	9.27e2	276	206	206	206	25	1	0.49	0	0.00
561	data/reference/motifs/JASPAR2026_CORE_plants_non-redundant_pfms_meme.txt	MA1661.2	GTL1	GGTTAAAA	1.26e-1	1.00e0	9.27e2	412	206	206	206	27	13	6.31	7	3.40
562	data/reference/motifs/JASPAR2026_CORE_plants_non-redundant_pfms_meme.txt	MA1366.2	DF1	RGTAAAAA	1.85e-1	1.00e0	9.27e2	412	206	206	206	8	192	93.20	186	90.29
563	data/reference/motifs/JASPAR2026_CORE_plants_non-redundant_pfms_meme.txt	MA1365.3	AT5G47660	GGTAAAA	2.49e-1	1.00e0	9.27e2	412	206	206	206	21	2	0.97	0	0.00
564	data/reference/motifs/JASPAR2026_CORE_plants_non-redundant_pfms_meme.txt	MA1208.2	GT-2	WTTTTTACCGY	1.48e-1	1.00e0	9.27e2	412	206	206	206	13	74	35.92	63	30.58
565	data/reference/motifs/JASPAR2026_CORE_plants_non-redundant_pfms_meme.txt	MA2032.2	TRB1	AAACCCTAA	4.00e-1	1.00e0	9.27e2	411	206	206	206	11	40	19.42	37	17.96
566	data/reference/motifs/JASPAR2026_CORE_plants_non-redundant_pfms_meme.txt	MA2031.2	AT5G04760	CTTATCY	1.12e-1	1.00e0	9.27e2	412	206	206	206	10	169	82.04	158	76.70
567	data/reference/motifs/JASPAR2026_CORE_plants_non-redundant_pfms_meme.txt	MA1825.2	Zm00001d044409	CTTATC	9.25e-2	1.00e0	9.27e2	412	206	206	206	15	156	75.73	143	69.42
568	data/reference/motifs/JASPAR2026_CORE_plants_non-redundant_pfms_meme.txt	MA1812.2	ASR1	AGGCCCAAT	1.72e-1	1.00e0	9.27e2	350	206	206	206	6	26	12.62	19	9.22
569	data/reference/motifs/JASPAR2026_CORE_plants_non-redundant_pfms_meme.txt	MA1802.2	TRP5	WAAACCY	2.49e-1	1.00e0	9.27e2	412	206	206	206	30	206	100.00	204	99.03
570	data/reference/motifs/JASPAR2026_CORE_plants_non-redundant_pfms_meme.txt	MA1793.2	NID1	TTATCC	1.14e-1	1.00e0	9.27e2	412	206	206	206	74	49	23.79	38	18.45
571	data/reference/motifs/JASPAR2026_CORE_plants_non-redundant_pfms_meme.txt	MA1408.2	FaEOBII	GTTAGGTA	1.19e-1	1.00e0	9.27e2	412	206	206	206	22	52	25.24	41	19.90
572	data/reference/motifs/JASPAR2026_CORE_plants_non-redundant_pfms_meme.txt	MA1400.2	AT1G19000	WWWTGGATAAGRW	9.85e-2	1.00e0	9.27e2	391	206	206	206	7	15	7.28	8	3.88
573	data/reference/motifs/JASPAR2026_CORE_plants_non-redundant_pfms_meme.txt	MA1196.2	AT5G05790	AWYCTTATCYTNWT	4.41e-1	1.00e0	9.27e2	412	206	206	206	12	27	13.11	25	12.14
574	data/reference/motifs/JASPAR2026_CORE_plants_non-redundant_pfms_meme.txt	MA1195.2	AT5G56840	AAYCTTATCCAWWW	3.20e-1	1.00e0	9.27e2	408	206	206	206	10	11	5.34	8	3.88
575	data/reference/motifs/JASPAR2026_CORE_plants_non-redundant_pfms_meme.txt	MA1194.2	AT3G10580	DWDWRGATAAGVWT	2.25e-1	1.00e0	9.27e2	411	206	206	206	2	204	99.03	201	97.57
576	data/reference/motifs/JASPAR2026_CORE_plants_non-redundant_pfms_meme.txt	MA1193.2	AT2G38090	WDWGGATAAGDAT	1.24e-1	1.00e0	9.27e2	409	206	206	206	13	3	1.46	0	0.00
577	data/reference/motifs/JASPAR2026_CORE_plants_non-redundant_pfms_meme.txt	MA1192.2	DIV1	WRGATAAGRTT	5.00e-1	1.00e0	9.27e2	409	206	206	206	2	197	95.63	196	95.15
578	data/reference/motifs/JASPAR2026_CORE_plants_non-redundant_pfms_meme.txt	MA1189.2	AT5G61620	WWWTGGATAAGRWW	1.10e-1	1.00e0	9.27e2	410	206	206	206	14	8	3.88	3	1.46
579	data/reference/motifs/JASPAR2026_CORE_plants_non-redundant_pfms_meme.txt	MA1186.2	YAB4	AWYCTTATCYW	3.88e-1	1.00e0	9.27e2	412	206	206	206	6	179	86.89	176	85.44
580	data/reference/motifs/JASPAR2026_CORE_plants_non-redundant_pfms_meme.txt	MA1182.2	RVE8	AGATATTTT	1.92e-1	1.00e0	9.27e2	376	206	206	206	1	191	92.72	185	89.81
581	data/reference/motifs/JASPAR2026_CORE_plants_non-redundant_pfms_meme.txt	MA0579.2	CDC5	GCTCAGCGC	7.60e-1	1.00e0	9.27e2	353	206	206	206	2	123	59.71	129	62.62
582	data/reference/motifs/JASPAR2026_CORE_plants_non-redundant_pfms_meme.txt	MA2030.2	MYB96	MCCAACTACCA	1.24e-1	1.00e0	9.27e2	406	206	206	206	25	3	1.46	0	0.00
583	data/reference/motifs/JASPAR2026_CORE_plants_non-redundant_pfms_meme.txt	MA2028.2	MYB49	TTACCTAACTW	9.49e-2	1.00e0	9.27e2	409	206	206	206	8	88	42.72	74	35.92
584	data/reference/motifs/JASPAR2026_CORE_plants_non-redundant_pfms_meme.txt	MA2026.2	MYB108	TACCTAACTT	2.40e-1	1.00e0	9.27e2	409	206	206	206	3	180	87.38	174	84.47
585	data/reference/motifs/JASPAR2026_CORE_plants_non-redundant_pfms_meme.txt	MA2025.2	MYB93	TACCAAAC	2.28e-1	1.00e0	9.27e2	412	206	206	206	17	68	33.01	60	29.13
586	data/reference/motifs/JASPAR2026_CORE_plants_non-redundant_pfms_meme.txt	MA2007.2	MYB107	CACCAAAC	1.97e-1	1.00e0	9.27e2	412	206	206	206	22	22	10.68	16	7.77
587	data/reference/motifs/JASPAR2026_CORE_plants_non-redundant_pfms_meme.txt	MA1780.2	MYB92	ACCTAAC	2.12e-1	1.00e0	9.27e2	412	206	206	206	8	89	43.20	80	38.83
588	data/reference/motifs/JASPAR2026_CORE_plants_non-redundant_pfms_meme.txt	MA1779.2	MYB83	CACCAACM	1.08e-1	1.00e0	9.27e2	412	206	206	206	33	5	2.43	1	0.49
589	data/reference/motifs/JASPAR2026_CORE_plants_non-redundant_pfms_meme.txt	MA1773.2	MYB51	YYYACCWACYW	2.49e-1	1.00e0	9.27e2	401	206	206	206	14	2	0.97	0	0.00
590	data/reference/motifs/JASPAR2026_CORE_plants_non-redundant_pfms_meme.txt	MA1772.2	MYB43	YTYACCWAMCWT	1.65e-1	1.00e0	9.27e2	369	206	206	206	4	47	22.82	38	18.45
591	data/reference/motifs/JASPAR2026_CORE_plants_non-redundant_pfms_meme.txt	MA1771.2	MYB41	TYACCTAMYT	1.67e-1	1.00e0	9.27e2	409	206	206	206	10	48	23.30	39	18.93
592	data/reference/motifs/JASPAR2026_CORE_plants_non-redundant_pfms_meme.txt	MA1770.2	MYB40	YTYACCWAMY	1.16e-1	1.00e0	9.27e2	400	206	206	206	8	17	8.25	10	4.85
593	data/reference/motifs/JASPAR2026_CORE_plants_non-redundant_pfms_meme.txt	MA1769.2	MYB39	YYCACCTAMYTT	2.07e-1	1.00e0	9.27e2	400	206	206	206	4	134	65.05	125	60.68
594	data/reference/motifs/JASPAR2026_CORE_plants_non-redundant_pfms_meme.txt	MA1765.2	MYB121	TACCTAACW	1.56e-1	1.00e0	9.27e2	409	206	206	206	12	16	7.77	10	4.85
595	data/reference/motifs/JASPAR2026_CORE_plants_non-redundant_pfms_meme.txt	MA1764.2	MYB116	TGCCTAACTT	2.43e-1	1.00e0	9.27e2	300	206	206	206	2	91	44.17	83	40.29
596	data/reference/motifs/JASPAR2026_CORE_plants_non-redundant_pfms_meme.txt	MA1294.2	MYB62	WAGTTAGGY	3.01e-1	1.00e0	9.27e2	411	206	206	206	3	190	92.23	186	90.29
597	data/reference/motifs/JASPAR2026_CORE_plants_non-redundant_pfms_meme.txt	MA1293.2	MYB57	TACCTAACTT	5.00e-1	1.00e0	9.27e2	194	206	206	206	5	1	0.49	0	0.00
598	data/reference/motifs/JASPAR2026_CORE_plants_non-redundant_pfms_meme.txt	MA1292.2	MYB27	AAAAATTAGGTA	1.87e-1	1.00e0	9.27e2	192	206	206	206	1	101	49.03	91	44.17
599	data/reference/motifs/JASPAR2026_CORE_plants_non-redundant_pfms_meme.txt	MA1180.2	MYB3R4	WWWTRACCGTTR	3.43e-1	1.00e0	9.27e2	263	206	206	206	5	4	1.94	2	0.97
600	data/reference/motifs/JASPAR2026_CORE_plants_non-redundant_pfms_meme.txt	MA1171.2	MYB52	ACCGTTA	2.61e-1	1.00e0	9.27e2	288	206	206	206	3	40	19.42	34	16.50
601	data/reference/motifs/JASPAR2026_CORE_plants_non-redundant_pfms_meme.txt	MA1038.2	MYB3	GGTAGGTA	2.07e-1	1.00e0	9.27e2	400	206	206	206	5	81	39.32	72	34.95
602	data/reference/motifs/JASPAR2026_CORE_plants_non-redundant_pfms_meme.txt	MA1030.2	P0510F09.23	WRMCCTA	2.49e-1	1.00e0	9.27e2	412	206	206	206	12	206	100.00	204	99.03
603	data/reference/motifs/JASPAR2026_CORE_plants_non-redundant_pfms_meme.txt	MA1737.2	AT5G05090	AGATHCG	1.19e-1	1.00e0	9.27e2	412	206	206	206	9	184	89.32	175	84.95
604	data/reference/motifs/JASPAR2026_CORE_plants_non-redundant_pfms_meme.txt	MA1735.2	AT2G38300	AAHATTCYHT	1.08e-1	1.00e0	9.27e2	412	206	206	206	3	205	99.51	201	97.57
605	data/reference/motifs/JASPAR2026_CORE_plants_non-redundant_pfms_meme.txt	MA1706.2	AT1G14600	WAYATTCT	2.15e-1	1.00e0	9.27e2	412	206	206	206	65	104	50.49	95	46.12
606	data/reference/motifs/JASPAR2026_CORE_plants_non-redundant_pfms_meme.txt	MA1390.3	HHO2	AAGATTCC	2.49e-1	1.00e0	9.27e2	412	206	206	206	2	206	100.00	204	99.03
607	data/reference/motifs/JASPAR2026_CORE_plants_non-redundant_pfms_meme.txt	MA1389.2	PHL1	AARGAATATTCB	4.48e-1	1.00e0	9.27e2	340	206	206	206	1	171	83.01	169	82.04
608	data/reference/motifs/JASPAR2026_CORE_plants_non-redundant_pfms_meme.txt	MA1388.2	PHL2	VGAATMT	9.85e-2	1.00e0	9.27e2	412	206	206	206	8	122	59.22	108	52.43
609	data/reference/motifs/JASPAR2026_CORE_plants_non-redundant_pfms_meme.txt	MA1387.2	HRS1	ATCRAAGATTCY	5.00e-1	1.00e0	9.27e2	403	206	206	206	10	7	3.40	6	2.91
610	data/reference/motifs/JASPAR2026_CORE_plants_non-redundant_pfms_meme.txt	MA1386.3	HHO3	AAGATTCT	2.49e-1	1.00e0	9.27e2	410	206	206	206	1	206	100.00	204	99.03
611	data/reference/motifs/JASPAR2026_CORE_plants_non-redundant_pfms_meme.txt	MA1385.2	AT2G40260	AAHATTCTYT	1.10e-1	1.00e0	9.27e2	412	206	206	206	3	203	98.54	198	96.12
612	data/reference/motifs/JASPAR2026_CORE_plants_non-redundant_pfms_meme.txt	MA1383.2	KAN2	AATATTCTTT	2.44e-1	1.00e0	9.27e2	410	206	206	206	7	96	46.60	88	42.72
613	data/reference/motifs/JASPAR2026_CORE_plants_non-redundant_pfms_meme.txt	MA1168.2	MYR2	RGAATMTT	1.61e-1	1.00e0	9.27e2	403	206	206	206	3	170	82.52	161	78.16
614	data/reference/motifs/JASPAR2026_CORE_plants_non-redundant_pfms_meme.txt	MA1167.2	EFM	RGAATATTC	1.85e-1	1.00e0	9.27e2	391	206	206	206	1	198	96.12	193	93.69
615	data/reference/motifs/JASPAR2026_CORE_plants_non-redundant_pfms_meme.txt	MA1166.2	PHL12	AARRGAATATTC	1.94e-1	1.00e0	9.27e2	292	206	206	206	3	45	21.84	37	17.96
616	data/reference/motifs/JASPAR2026_CORE_plants_non-redundant_pfms_meme.txt	MA1165.3	HHO6	AGATTCT	2.87e-1	1.00e0	9.27e2	411	206	206	206	4	201	97.57	198	96.12
617	data/reference/motifs/JASPAR2026_CORE_plants_non-redundant_pfms_meme.txt	MA1164.2	HHO5	RAAGATTC	5.00e-1	1.00e0	9.27e2	406	206	206	206	16	1	0.49	0	0.00
618	data/reference/motifs/JASPAR2026_CORE_plants_non-redundant_pfms_meme.txt	MA1409.2	OsRR22	AGATACGST	1.79e-1	1.00e0	9.27e2	409	206	206	206	5	135	65.53	125	60.68
619	data/reference/motifs/JASPAR2026_CORE_plants_non-redundant_pfms_meme.txt	MA0949.2	ARR2	MGWATCTT	1.87e-1	1.00e0	9.27e2	411	206	206	206	11	42	20.39	34	16.50
620	data/reference/motifs/JASPAR2026_CORE_plants_non-redundant_pfms_meme.txt	MA1794.2	NLP7	TGVCYYTT	1.42e-1	1.00e0	9.27e2	412	206	206	206	7	204	99.03	200	97.09
621	data/reference/motifs/JASPAR2026_CORE_plants_non-redundant_pfms_meme.txt	MA2022.2	LOB	CCGCCGCCGCMGC	2.49e-1	1.00e0	9.27e2	155	206	206	206	22	2	0.97	0	0.00
622	data/reference/motifs/JASPAR2026_CORE_plants_non-redundant_pfms_meme.txt	MA2021.2	LBD13	TCCACCGT	1.09e-1	1.00e0	9.27e2	407	206	206	206	5	158	76.70	146	70.87
623	data/reference/motifs/JASPAR2026_CORE_plants_non-redundant_pfms_meme.txt	MA1747.2	DOF4.3	WAAAGWRGCTTTW	2.87e-1	1.00e0	9.27e2	164	206	206	206	3	8	3.88	5	2.43
624	data/reference/motifs/JASPAR2026_CORE_plants_non-redundant_pfms_meme.txt	MA1280.2	DOF5.4	AAAAAGK	1.44e-1	1.00e0	9.27e2	412	206	206	206	11	192	93.20	185	89.81
625	data/reference/motifs/JASPAR2026_CORE_plants_non-redundant_pfms_meme.txt	MA1279.2	DOF1.5	AAADDAAAAAGTRAAA	2.12e-1	1.00e0	9.27e2	412	206	206	206	9	176	85.44	169	82.04
626	data/reference/motifs/JASPAR2026_CORE_plants_non-redundant_pfms_meme.txt	MA1278.2	DOF3.4	TTYTTTTTTWVCTTTTT	1.09e-1	1.00e0	9.27e2	412	206	206	206	19	81	39.32	68	33.01
627	data/reference/motifs/JASPAR2026_CORE_plants_non-redundant_pfms_meme.txt	MA1275.2	DOF1.6	AWAAAGTR	1.87e-1	1.00e0	9.27e2	412	206	206	206	18	60	29.13	51	24.76
628	data/reference/motifs/JASPAR2026_CORE_plants_non-redundant_pfms_meme.txt	MA1273.2	DOF4.2	AAAAAGGYAAA	1.67e-1	1.00e0	9.27e2	412	206	206	206	6	179	86.89	171	83.01
629	data/reference/motifs/JASPAR2026_CORE_plants_non-redundant_pfms_meme.txt	MA1272.3	DOF2.2	AAAAAG	9.97e-2	1.00e0	9.27e2	412	206	206	206	8	104	50.49	90	43.69
630	data/reference/motifs/JASPAR2026_CORE_plants_non-redundant_pfms_meme.txt	MA1269.2	DOF4.5	AWAAAGTWRCTTT	1.58e-1	1.00e0	9.27e2	412	206	206	206	12	89	43.20	78	37.86
631	data/reference/motifs/JASPAR2026_CORE_plants_non-redundant_pfms_meme.txt	MA0984.2	DOF5.7	AAARR	1.16e-1	1.00e0	9.27e2	412	206	206	206	170	196	95.15	189	91.75
632	data/reference/motifs/JASPAR2026_CORE_plants_non-redundant_pfms_meme.txt	MA0974.3	CDF3	AAAAAGTG	1.07e-1	1.00e0	9.27e2	412	206	206	206	11	180	87.38	170	82.52
633	data/reference/motifs/JASPAR2026_CORE_plants_non-redundant_pfms_meme.txt	MA0973.2	CDF2	AAAAAGY	2.93e-1	1.00e0	9.27e2	412	206	206	206	44	150	72.82	144	69.90
634	data/reference/motifs/JASPAR2026_CORE_plants_non-redundant_pfms_meme.txt	MA0020.2	Dof2	AAAGC	1.03e-1	1.00e0	9.27e2	412	206	206	206	32	73	35.44	60	29.13
635	data/reference/motifs/JASPAR2026_CORE_plants_non-redundant_pfms_meme.txt	MA1323.2	GATA19	GATCBGATY	1.24e-1	1.00e0	9.27e2	402	206	206	206	20	3	1.46	0	0.00
636	data/reference/motifs/JASPAR2026_CORE_plants_non-redundant_pfms_meme.txt	MA1015.2	GATA12	AGATCT	8.89e-2	1.00e0	9.27e2	412	206	206	206	132	14	6.80	7	3.40
637	data/reference/motifs/JASPAR2026_CORE_plants_non-redundant_pfms_meme.txt	MA0563.2	SEP3	CYWTTTTTGG	1.30e-1	1.00e0	9.27e2	412	206	206	206	15	137	66.50	125	60.68
638	data/reference/motifs/JASPAR2026_CORE_plants_non-redundant_pfms_meme.txt	MA0558.2	FLC	CCMAAAATRGAAAG	2.45e-1	1.00e0	9.27e2	411	206	206	206	6	102	49.51	94	45.63
639	data/reference/motifs/JASPAR2026_CORE_plants_non-redundant_pfms_meme.txt	MA0556.2	AP3	CCAAAARWRGAAA	1.41e-1	1.00e0	9.27e2	412	206	206	206	8	67	32.52	56	27.18
640	data/reference/motifs/JASPAR2026_CORE_plants_non-redundant_pfms_meme.txt	MA0554.2	SOC1	TTTCCWTTTTTGG	6.41e-1	1.00e0	9.27e2	412	206	206	206	11	16	7.77	17	8.25
641	data/reference/motifs/JASPAR2026_CORE_plants_non-redundant_pfms_meme.txt	MA0548.3	AGL15	TTTCCWTTTTDGGWAA	1.98e-1	1.00e0	9.27e2	300	206	206	206	3	47	22.82	39	18.93
642	data/reference/motifs/JASPAR2026_CORE_plants_non-redundant_pfms_meme.txt	MA0082.2	squamosa	MCAWAWATRGWAA	3.62e-1	1.00e0	9.27e2	412	206	206	206	6	203	98.54	201	97.57
643	data/reference/motifs/JASPAR2026_CORE_plants_non-redundant_pfms_meme.txt	MA0005.3	AG	TTWCCWAAWHDGGHAA	9.85e-2	1.00e0	9.27e2	396	206	206	206	8	26	12.62	17	8.25
644	data/reference/motifs/JASPAR2026_CORE_plants_non-redundant_pfms_meme.txt	MA1213.3	ZHD3	CAATTATTG	1.18e-1	1.00e0	9.27e2	411	206	206	206	12	104	50.49	91	44.17
645	data/reference/motifs/JASPAR2026_CORE_plants_non-redundant_pfms_meme.txt	MA1824.2	Zm00001d005692	CAATAATT	1.56e-1	1.00e0	9.27e2	412	206	206	206	24	190	92.23	183	88.83
646	data/reference/motifs/JASPAR2026_CORE_plants_non-redundant_pfms_meme.txt	MA1757.2	HDG7	DCATTAAWTR	2.60e-1	1.00e0	9.27e2	411	206	206	206	4	187	90.78	182	88.35
647	data/reference/motifs/JASPAR2026_CORE_plants_non-redundant_pfms_meme.txt	MA1406.2	ATHB-4	YAATSATTG	1.64e-1	1.00e0	9.27e2	412	206	206	206	8	195	94.66	189	91.75
648	data/reference/motifs/JASPAR2026_CORE_plants_non-redundant_pfms_meme.txt	MA1375.2	ANL2	GCATTAATTR	2.49e-1	1.00e0	9.27e2	410	206	206	206	1	206	100.00	204	99.03
649	data/reference/motifs/JASPAR2026_CORE_plants_non-redundant_pfms_meme.txt	MA1369.2	HDG1	YAATTAATGM	3.34e-1	1.00e0	9.27e2	412	206	206	206	7	146	70.87	141	68.45
650	data/reference/motifs/JASPAR2026_CORE_plants_non-redundant_pfms_meme.txt	MA1327.3	ATHB-23	TAATTAA	1.18e-1	1.00e0	9.27e2	412	206	206	206	9	115	55.83	102	49.51
651	data/reference/motifs/JASPAR2026_CORE_plants_non-redundant_pfms_meme.txt	MA1215.2	ATHB-53	CAATAATTG	1.62e-1	1.00e0	9.27e2	410	206	206	206	8	115	55.83	104	50.49
652	data/reference/motifs/JASPAR2026_CORE_plants_non-redundant_pfms_meme.txt	MA1211.2	ATHB-X	YAATYATTD	1.17e-1	1.00e0	9.27e2	412	206	206	206	6	166	80.58	155	75.24
653	data/reference/motifs/JASPAR2026_CORE_plants_non-redundant_pfms_meme.txt	MA1026.3	ATHB-15	AWDRTAATGATKA	4.00e-1	1.00e0	9.27e2	393	206	206	206	11	9	4.37	7	3.40
654	data/reference/motifs/JASPAR2026_CORE_plants_non-redundant_pfms_meme.txt	MA0008.4	HAT5	CAATAATTG	1.76e-1	1.00e0	9.27e2	408	206	206	206	4	176	85.44	168	81.55
655	data/reference/motifs/JASPAR2026_CORE_plants_non-redundant_pfms_meme.txt	MA2019.2	HSFA1B	GAAACTTC	2.08e-1	1.00e0	9.27e2	412	206	206	206	3	201	97.57	197	95.63
656	data/reference/motifs/JASPAR2026_CORE_plants_non-redundant_pfms_meme.txt	MA1761.2	HSFB3	AAGCTTCTAGAA	5.73e-1	1.00e0	9.27e2	398	206	206	206	8	16	7.77	16	7.77
657	data/reference/motifs/JASPAR2026_CORE_plants_non-redundant_pfms_meme.txt	MA1805.2	WRKY53	RGTCAAC	1.86e-1	1.00e0	9.27e2	412	206	206	206	29	4	1.94	1	0.49
658	data/reference/motifs/JASPAR2026_CORE_plants_non-redundant_pfms_meme.txt	MA1318.2	WRKY27	CGTTGACTTTT	2.25e-1	1.00e0	9.27e2	277	206	206	206	5	5	2.43	2	0.97
659	data/reference/motifs/JASPAR2026_CORE_plants_non-redundant_pfms_meme.txt	MA1317.2	WRKY50	TTGACTTTT	1.86e-1	1.00e0	9.27e2	388	206	206	206	9	4	1.94	1	0.49
660	data/reference/motifs/JASPAR2026_CORE_plants_non-redundant_pfms_meme.txt	MA1316.2	WRKY71	AAAAGTCAAC	1.24e-1	1.00e0	9.27e2	360	206	206	206	8	3	1.46	0	0.00
661	data/reference/motifs/JASPAR2026_CORE_plants_non-redundant_pfms_meme.txt	MA1312.2	WRKY47	CGTTGACYW	1.24e-1	1.00e0	9.27e2	394	206	206	206	7	18	8.74	11	5.34
662	data/reference/motifs/JASPAR2026_CORE_plants_non-redundant_pfms_meme.txt	MA1311.3	WRKY28	RGTCAAC	1.24e-1	1.00e0	9.27e2	412	206	206	206	23	3	1.46	0	0.00
663	data/reference/motifs/JASPAR2026_CORE_plants_non-redundant_pfms_meme.txt	MA1310.2	WRKY42	CGTTGACT	3.12e-1	1.00e0	9.27e2	355	206	206	206	8	3	1.46	1	0.49
664	data/reference/motifs/JASPAR2026_CORE_plants_non-redundant_pfms_meme.txt	MA1308.2	WRKY70	CGTTGACTTT	4.55e-1	1.00e0	9.27e2	236	206	206	206	2	55	26.70	53	25.73
665	data/reference/motifs/JASPAR2026_CORE_plants_non-redundant_pfms_meme.txt	MA1307.3	WRKY31	RGTCAACG	2.49e-1	1.00e0	9.27e2	401	206	206	206	12	2	0.97	0	0.00
666	data/reference/motifs/JASPAR2026_CORE_plants_non-redundant_pfms_meme.txt	MA1305.2	WRKY55	CGTTGACTT	2.49e-1	1.00e0	9.27e2	352	206	206	206	10	2	0.97	0	0.00
667	data/reference/motifs/JASPAR2026_CORE_plants_non-redundant_pfms_meme.txt	MA1303.2	WRKY22	AAAGTCAACK	1.86e-1	1.00e0	9.27e2	334	206	206	206	7	4	1.94	1	0.49
668	data/reference/motifs/JASPAR2026_CORE_plants_non-redundant_pfms_meme.txt	MA1302.2	WRKY65	AAAGTCAACG	1.86e-1	1.00e0	9.27e2	362	206	206	206	8	4	1.94	1	0.49
669	data/reference/motifs/JASPAR2026_CORE_plants_non-redundant_pfms_meme.txt	MA1301.2	WRKY33	AAAGTCAACG	2.54e-1	1.00e0	9.27e2	334	206	206	206	4	37	17.96	31	15.05
670	data/reference/motifs/JASPAR2026_CORE_plants_non-redundant_pfms_meme.txt	MA1300.2	WRKY6	CGTTGACT	2.25e-1	1.00e0	9.27e2	309	206	206	206	6	5	2.43	2	0.97
671	data/reference/motifs/JASPAR2026_CORE_plants_non-redundant_pfms_meme.txt	MA1299.2	WRKY17	AAAGTCAACG	2.49e-1	1.00e0	9.27e2	364	206	206	206	9	2	0.97	0	0.00
672	data/reference/motifs/JASPAR2026_CORE_plants_non-redundant_pfms_meme.txt	MA1298.2	WRKY29	AAAGTCAAC	3.43e-1	1.00e0	9.27e2	397	206	206	206	10	4	1.94	2	0.97
673	data/reference/motifs/JASPAR2026_CORE_plants_non-redundant_pfms_meme.txt	MA1295.2	WRKY20	CGTTGACY	1.63e-1	1.00e0	9.27e2	382	206	206	206	2	152	73.79	142	68.93
674	data/reference/motifs/JASPAR2026_CORE_plants_non-redundant_pfms_meme.txt	MA1094.3	WRKY8	AAAAGTCAACG	1.08e-1	1.00e0	9.27e2	366	206	206	206	8	5	2.43	1	0.49
675	data/reference/motifs/JASPAR2026_CORE_plants_non-redundant_pfms_meme.txt	MA1093.2	WRKY75	RGTCAAC	2.49e-1	1.00e0	9.27e2	362	206	206	206	10	2	0.97	0	0.00
676	data/reference/motifs/JASPAR2026_CORE_plants_non-redundant_pfms_meme.txt	MA1092.2	WRKY63	GGTCAA	1.42e-1	1.00e0	9.27e2	396	206	206	206	11	6	2.91	2	0.97
677	data/reference/motifs/JASPAR2026_CORE_plants_non-redundant_pfms_meme.txt	MA1090.2	WRKY60	GGTCAAC	1.96e-1	1.00e0	9.27e2	403	206	206	206	7	32	15.53	25	12.14
678	data/reference/motifs/JASPAR2026_CORE_plants_non-redundant_pfms_meme.txt	MA1087.3	WRKY45	AAAAGTCAAM	1.64e-1	1.00e0	9.27e2	409	206	206	206	9	34	16.50	26	12.62
679	data/reference/motifs/JASPAR2026_CORE_plants_non-redundant_pfms_meme.txt	MA1085.3	WRKY40	AGTCAA	2.63e-1	1.00e0	9.27e2	393	206	206	206	2	171	83.01	165	80.10
680	data/reference/motifs/JASPAR2026_CORE_plants_non-redundant_pfms_meme.txt	MA1083.3	WRKY30	ARGTCAACG	4.20e-1	1.00e0	9.27e2	403	206	206	206	4	124	60.19	121	58.74
681	data/reference/motifs/JASPAR2026_CORE_plants_non-redundant_pfms_meme.txt	MA1081.3	WRKY25	RGTCAACG	5.00e-1	1.00e0	9.27e2	405	206	206	206	1	203	98.54	202	98.06
682	data/reference/motifs/JASPAR2026_CORE_plants_non-redundant_pfms_meme.txt	MA1079.3	WRKY21	AAAAGTCAACG	1.24e-1	1.00e0	9.27e2	366	206	206	206	8	3	1.46	0	0.00
683	data/reference/motifs/JASPAR2026_CORE_plants_non-redundant_pfms_meme.txt	MA1078.2	WRKY2	GGTCAAM	5.90e-1	1.00e0	9.27e2	410	206	206	206	3	196	95.15	196	95.15
684	data/reference/motifs/JASPAR2026_CORE_plants_non-redundant_pfms_meme.txt	MA1077.2	WRKY18	RGTCAA	1.24e-1	1.00e0	9.27e2	412	206	206	206	4	206	100.00	203	98.54
685	data/reference/motifs/JASPAR2026_CORE_plants_non-redundant_pfms_meme.txt	MA1076.3	WRKY15	RGTCAACG	2.49e-1	1.00e0	9.27e2	408	206	206	206	15	2	0.97	0	0.00
686	data/reference/motifs/JASPAR2026_CORE_plants_non-redundant_pfms_meme.txt	MA0589.2	WRKY1	TTGACCGAGY	1.24e-1	1.00e0	9.27e2	299	206	206	206	8	3	1.46	0	0.00
687	data/reference/motifs/JASPAR2026_CORE_plants_non-redundant_pfms_meme.txt	MA2053.2	NAC105	CAAGCAACC	2.25e-1	1.00e0	9.27e2	412	206	206	206	3	204	99.03	201	97.57
688	data/reference/motifs/JASPAR2026_CORE_plants_non-redundant_pfms_meme.txt	MA2051.2	NAC68	ACAAGTAW	2.17e-1	1.00e0	9.27e2	412	206	206	206	28	39	18.93	32	15.53
689	data/reference/motifs/JASPAR2026_CORE_plants_non-redundant_pfms_meme.txt	MA2050.2	NAC101	CAAGCAA	2.92e-1	1.00e0	9.27e2	412	206	206	206	26	34	16.50	29	14.08
690	data/reference/motifs/JASPAR2026_CORE_plants_non-redundant_pfms_meme.txt	MA2049.2	NAC053	CAAGAAA	1.13e-1	1.00e0	9.27e2	412	206	206	206	10	155	75.24	143	69.42
691	data/reference/motifs/JASPAR2026_CORE_plants_non-redundant_pfms_meme.txt	MA2047.2	NAC037	CAAGCAA	1.85e-1	1.00e0	9.27e2	412	206	206	206	16	124	60.19	114	55.34
692	data/reference/motifs/JASPAR2026_CORE_plants_non-redundant_pfms_meme.txt	MA2037.2	NAC096	CAAGTAA	1.79e-1	1.00e0	9.27e2	412	206	206	206	19	81	39.32	71	34.47
693	data/reference/motifs/JASPAR2026_CORE_plants_non-redundant_pfms_meme.txt	MA2018.2	NAC69	ACAAGGCA	3.07e-1	1.00e0	9.27e2	412	206	206	206	8	170	82.52	165	80.10
694	data/reference/motifs/JASPAR2026_CORE_plants_non-redundant_pfms_meme.txt	MA2017.2	JUB1	ACGGCGA	1.44e-1	1.00e0	9.27e2	382	206	206	206	6	70	33.98	59	28.64
695	data/reference/motifs/JASPAR2026_CORE_plants_non-redundant_pfms_meme.txt	MA2010.2	SMB	CAAGCAA	9.37e-2	1.00e0	9.27e2	412	206	206	206	13	190	92.23	181	87.86
696	data/reference/motifs/JASPAR2026_CORE_plants_non-redundant_pfms_meme.txt	MA1675.2	NAC029	ACGCAACT	2.26e-1	1.00e0	9.27e2	410	206	206	206	9	43	20.87	36	17.48
697	data/reference/motifs/JASPAR2026_CORE_plants_non-redundant_pfms_meme.txt	MA1043.2	NAC083	YACGYAA	5.00e-1	1.00e0	9.27e2	235	206	206	206	2	45	21.84	44	21.36
698	data/reference/motifs/JASPAR2026_CORE_plants_non-redundant_pfms_meme.txt	MA1813.2	EIL4	TWCAATGAA	5.40e-1	1.00e0	9.27e2	411	206	206	206	10	119	57.77	119	57.77
699	data/reference/motifs/JASPAR2026_CORE_plants_non-redundant_pfms_meme.txt	MA1682.2	TCX3	AAATTCAAATWT	1.69e-1	1.00e0	9.27e2	412	206	206	206	22	7	3.40	3	1.46
700	data/reference/motifs/JASPAR2026_CORE_plants_non-redundant_pfms_meme.txt	MA1809.2	GLYMA-07G038400	CTGACAC	2.69e-1	1.00e0	9.27e2	412	206	206	206	12	168	81.55	162	78.64
701	data/reference/motifs/JASPAR2026_CORE_plants_non-redundant_pfms_meme.txt	MA1756.2	GRF9	TGTCAGA	1.69e-1	1.00e0	9.27e2	399	206	206	206	10	7	3.40	3	1.46
702	data/reference/motifs/JASPAR2026_CORE_plants_non-redundant_pfms_meme.txt	MA2016.2	GRF6	TCTGACA	2.07e-1	1.00e0	9.27e2	270	206	206	206	2	81	39.32	72	34.95
703	data/reference/motifs/JASPAR2026_CORE_plants_non-redundant_pfms_meme.txt	MA1801.2	TREE1	AGCTD	1.87e-1	1.00e0	9.27e2	412	206	206	206	80	103	50.00	93	45.15
704	data/reference/motifs/JASPAR2026_CORE_plants_non-redundant_pfms_meme.txt	MA1415.2	REF6	RAAACAGAG	4.22e-1	1.00e0	9.27e2	395	206	206	206	4	100	48.54	97	47.09
705	data/reference/motifs/JASPAR2026_CORE_plants_non-redundant_pfms_meme.txt	MA1374.2	IDD7	ASAAAACGACAAAA	4.27e-1	1.00e0	9.27e2	294	206	206	206	4	17	8.25	15	7.28
706	data/reference/motifs/JASPAR2026_CORE_plants_non-redundant_pfms_meme.txt	MA1372.2	ZAT10	CACTNHCACT	1.69e-1	1.00e0	9.27e2	412	206	206	206	29	7	3.40	3	1.46
707	data/reference/motifs/JASPAR2026_CORE_plants_non-redundant_pfms_meme.txt	MA1371.2	IDD4	ASAAAAMGACAAAAA	5.00e-1	1.00e0	9.27e2	314	206	206	206	9	2	0.97	1	0.49
708	data/reference/motifs/JASPAR2026_CORE_plants_non-redundant_pfms_meme.txt	MA1160.2	IDD6	TTTTTGTCGTTTTSTK	3.34e-1	1.00e0	9.27e2	312	206	206	206	5	13	6.31	10	4.85
709	data/reference/motifs/JASPAR2026_CORE_plants_non-redundant_pfms_meme.txt	MA1158.2	MGP	AAAACGACAAAAA	3.34e-1	1.00e0	9.27e2	302	206	206	206	4	13	6.31	10	4.85
710	data/reference/motifs/JASPAR2026_CORE_plants_non-redundant_pfms_meme.txt	MA1157.2	NUC	TTTTGTCGTTTT	1.79e-1	1.00e0	9.27e2	342	206	206	206	1	175	84.95	167	81.07
711	data/reference/motifs/JASPAR2026_CORE_plants_non-redundant_pfms_meme.txt	MA1156.2	JKD	TTTTGTCKTTTT	2.04e-1	1.00e0	9.27e2	402	206	206	206	6	50	24.27	42	20.39
712	data/reference/motifs/JASPAR2026_CORE_plants_non-redundant_pfms_meme.txt	MA2015.2	NAC002	ACGCAACT	1.08e-1	1.00e0	9.27e2	412	206	206	206	20	5	2.43	1	0.49
713	data/reference/motifs/JASPAR2026_CORE_plants_non-redundant_pfms_meme.txt	MA1340.2	BZIP3	TGMTGACGTGGCA	3.79e-1	1.00e0	9.27e2	148	206	206	206	1	76	36.89	72	34.95
714	data/reference/motifs/JASPAR2026_CORE_plants_non-redundant_pfms_meme.txt	MA1337.2	BZIP44	WGCTGACGTGGCA	5.00e-1	1.00e0	9.27e2	85	206	206	206	1	43	20.87	42	20.39
715	data/reference/motifs/JASPAR2026_CORE_plants_non-redundant_pfms_meme.txt	MA1803.2	VIP1	TGMCAGCTGT	5.84e-1	1.00e0	9.27e2	283	206	206	206	1	141	68.45	142	68.93
716	data/reference/motifs/JASPAR2026_CORE_plants_non-redundant_pfms_meme.txt	MA1744.2	BZIP30	GMCAGCTGK	1.22e-1	1.00e0	9.27e2	411	206	206	206	5	190	92.23	182	88.35
717	data/reference/motifs/JASPAR2026_CORE_plants_non-redundant_pfms_meme.txt	MA1343.2	BZIP52	TGMCAGCT	3.44e-1	1.00e0	9.27e2	346	206	206	206	1	175	84.95	171	83.01
718	data/reference/motifs/JASPAR2026_CORE_plants_non-redundant_pfms_meme.txt	MA1425.2	HYH	TSACGTG	1.37e-1	1.00e0	9.27e2	366	206	206	206	1	187	90.78	179	86.89
719	data/reference/motifs/JASPAR2026_CORE_plants_non-redundant_pfms_meme.txt	MA0551.2	HY5	TGMCACGTGKCA	3.43e-1	1.00e0	9.27e2	124	206	206	206	6	4	1.94	2	0.97
720	data/reference/motifs/JASPAR2026_CORE_plants_non-redundant_pfms_meme.txt	MA1349.2	BZIP16	HSACGTGGCA	4.16e-1	1.00e0	9.27e2	131	206	206	206	1	67	32.52	64	31.07
721	data/reference/motifs/JASPAR2026_CORE_plants_non-redundant_pfms_meme.txt	MA0968.3	BZIP68	TGCCACGTSA	1.54e-1	1.00e0	9.27e2	259	206	206	206	1	135	65.53	124	60.19
722	data/reference/motifs/JASPAR2026_CORE_plants_non-redundant_pfms_meme.txt	MA1835.2	TFLG2-Zm00001d042777	GTACGTAC	1.10e-1	1.00e0	9.27e2	384	206	206	206	15	8	3.88	3	1.46
723	data/reference/motifs/JASPAR2026_CORE_plants_non-redundant_pfms_meme.txt	MA1346.2	TGA10	GMTGACGTCA	3.82e-1	1.00e0	9.27e2	242	206	206	206	1	123	59.71	119	57.77
724	data/reference/motifs/JASPAR2026_CORE_plants_non-redundant_pfms_meme.txt	MA1336.2	TGA3	RTGACGTCAKC	2.99e-1	1.00e0	9.27e2	132	206	206	206	1	69	33.50	63	30.58
725	data/reference/motifs/JASPAR2026_CORE_plants_non-redundant_pfms_meme.txt	MA1070.3	TGA7	ATGACGTCAB	5.87e-1	1.00e0	9.27e2	270	206	206	206	3	56	27.18	57	27.67
726	data/reference/motifs/JASPAR2026_CORE_plants_non-redundant_pfms_meme.txt	MA1069.3	TGA6	ATGAYGTCAT	3.44e-1	1.00e0	9.27e2	394	206	206	206	3	125	60.68	120	58.25
727	data/reference/motifs/JASPAR2026_CORE_plants_non-redundant_pfms_meme.txt	MA1068.3	TGA2	ATGACGTCAY	5.39e-1	1.00e0	9.27e2	184	206	206	206	1	92	44.66	92	44.66
728	data/reference/motifs/JASPAR2026_CORE_plants_non-redundant_pfms_meme.txt	MA1047.3	TGA5	ATGACGTCA	2.21e-1	1.00e0	9.27e2	388	206	206	206	9	27	13.11	21	10.19
729	data/reference/motifs/JASPAR2026_CORE_plants_non-redundant_pfms_meme.txt	MA0588.2	TGA1	SVTGACGT	3.28e-1	1.00e0	9.27e2	409	206	206	206	3	182	88.35	178	86.41
730	data/reference/motifs/JASPAR2026_CORE_plants_non-redundant_pfms_meme.txt	MA1745.2	BZIP63	TSACGTGG	1.77e-1	1.00e0	9.27e2	388	206	206	206	5	78	37.86	68	33.01
731	data/reference/motifs/JASPAR2026_CORE_plants_non-redundant_pfms_meme.txt	MA1344.2	BZIP28	TSACGTGGCA	3.00e-1	1.00e0	9.27e2	256	206	206	206	2	70	33.98	64	31.07
732	data/reference/motifs/JASPAR2026_CORE_plants_non-redundant_pfms_meme.txt	MA1338.3	DPBF3	TGMCACGTGTC	2.44e-1	1.00e0	9.27e2	224	206	206	206	1	116	56.31	108	52.43
733	data/reference/motifs/JASPAR2026_CORE_plants_non-redundant_pfms_meme.txt	MA1430.2	TB1	GGSCCCCCC	3.62e-1	1.00e0	9.27e2	181	206	206	206	5	5	2.43	3	1.46
734	data/reference/motifs/JASPAR2026_CORE_plants_non-redundant_pfms_meme.txt	MA1289.2	TCP3	GGGACCAC	5.00e-1	1.00e0	9.27e2	170	206	206	206	2	34	16.50	33	16.02
735	data/reference/motifs/JASPAR2026_CORE_plants_non-redundant_pfms_meme.txt	MA1286.2	TCP24	GGGACCAC	2.56e-1	1.00e0	9.27e2	229	206	206	206	2	62	30.10	55	26.70
736	data/reference/motifs/JASPAR2026_CORE_plants_non-redundant_pfms_meme.txt	MA1064.2	TCP2	TGGKMCCA	1.46e-1	1.00e0	9.27e2	409	206	206	206	30	39	18.93	30	14.56
737	data/reference/motifs/JASPAR2026_CORE_plants_non-redundant_pfms_meme.txt	MA1063.2	TCP19	GGSCCCAC	9.37e-2	1.00e0	9.27e2	409	206	206	206	18	25	12.14	16	7.77
738	data/reference/motifs/JASPAR2026_CORE_plants_non-redundant_pfms_meme.txt	MA1333.2	BEH3	YGCACGTGTG	4.55e-1	1.00e0	9.27e2	108	206	206	206	1	55	26.70	53	25.73
739	data/reference/motifs/JASPAR2026_CORE_plants_non-redundant_pfms_meme.txt	MA1332.2	BEH2	CACACGTGCR	6.14e-1	1.00e0	9.27e2	55	206	206	206	1	27	13.11	28	13.59
740	data/reference/motifs/JASPAR2026_CORE_plants_non-redundant_pfms_meme.txt	MA1331.2	BEH4	YGCACGTGTG	6.60e-1	1.00e0	9.27e2	62	206	206	206	1	30	14.56	32	15.53
741	data/reference/motifs/JASPAR2026_CORE_plants_non-redundant_pfms_meme.txt	MA0550.3	BZR1	CRCACGTGYR	4.14e-1	1.00e0	9.27e2	117	206	206	206	1	60	29.13	57	27.67
742	data/reference/motifs/JASPAR2026_CORE_plants_non-redundant_pfms_meme.txt	MA0549.2	BZR2	RCACGTGKSV	3.84e-1	1.00e0	9.27e2	200	206	206	206	1	102	49.51	98	47.57
743	data/reference/motifs/JASPAR2026_CORE_plants_non-redundant_pfms_meme.txt	MA1739.2	BHLH122	CMACTTG	4.33e-1	1.00e0	9.27e2	374	206	206	206	1	188	91.26	186	90.29
744	data/reference/motifs/JASPAR2026_CORE_plants_non-redundant_pfms_meme.txt	MA1412.2	TSAR2	GCACGTGC	1.90e-1	1.00e0	9.27e2	248	206	206	206	10	8	3.88	4	1.94
745	data/reference/motifs/JASPAR2026_CORE_plants_non-redundant_pfms_meme.txt	MA1411.2	TSAR1	GCACGTGC	3.42e-1	1.00e0	9.27e2	257	206	206	206	2	131	63.59	126	61.17
746	data/reference/motifs/JASPAR2026_CORE_plants_non-redundant_pfms_meme.txt	MA1359.3	BPE	CACGTG	1.18e-1	1.00e0	9.27e2	333	206	206	206	4	115	55.83	102	49.51
747	data/reference/motifs/JASPAR2026_CORE_plants_non-redundant_pfms_meme.txt	MA1358.2	bHLH130	CMACTTGC	5.00e-1	1.00e0	9.27e2	319	206	206	206	5	13	6.31	12	5.83
748	data/reference/motifs/JASPAR2026_CORE_plants_non-redundant_pfms_meme.txt	MA1357.2	bHLH80	TGCAAGTKG	7.51e-1	1.00e0	9.27e2	209	206	206	206	6	1	0.49	1	0.49
749	data/reference/motifs/JASPAR2026_CORE_plants_non-redundant_pfms_meme.txt	MA0961.2	bHLH112	CCACTTG	6.88e-1	1.00e0	9.27e2	155	206	206	206	4	2	0.97	2	0.97
750	data/reference/motifs/JASPAR2026_CORE_plants_non-redundant_pfms_meme.txt	MA0956.2	BEE2	CACGTG	9.08e-2	1.00e0	9.27e2	412	206	206	206	50	39	18.93	28	13.59
751	data/reference/motifs/JASPAR2026_CORE_plants_non-redundant_pfms_meme.txt	MA0552.2	PIF1	CACGTG	1.37e-1	1.00e0	9.27e2	295	206	206	206	1	153	74.27	142	68.93
752	data/reference/motifs/JASPAR2026_CORE_plants_non-redundant_pfms_meme.txt	MA0582.2	RAV1	GCAACA	9.77e-2	1.00e0	9.27e2	412	206	206	206	10	183	88.83	173	83.98
753	data/reference/motifs/JASPAR2026_CORE_plants_non-redundant_pfms_meme.txt	MA1698.2	ARF7	GCCGACAAG	2.56e-1	1.00e0	9.27e2	390	206	206	206	1	197	95.63	193	93.69
754	data/reference/motifs/JASPAR2026_CORE_plants_non-redundant_pfms_meme.txt	MA1697.2	ARF4	ACGACAAG	2.00e-1	1.00e0	9.27e2	411	206	206	206	9	144	69.90	135	65.53
755	data/reference/motifs/JASPAR2026_CORE_plants_non-redundant_pfms_meme.txt	MA1696.2	ARF39	GGGGRACACGT	2.83e-1	1.00e0	9.27e2	398	206	206	206	7	53	25.73	47	22.82
756	data/reference/motifs/JASPAR2026_CORE_plants_non-redundant_pfms_meme.txt	MA1695.2	ARF36	GGGGGACAHGTC	2.48e-1	1.00e0	9.27e2	333	206	206	206	4	35	16.99	29	14.08
757	data/reference/motifs/JASPAR2026_CORE_plants_non-redundant_pfms_meme.txt	MA1694.2	ARF35	CCCGACAAG	5.00e-1	1.00e0	9.27e2	399	206	206	206	20	1	0.49	0	0.00
758	data/reference/motifs/JASPAR2026_CORE_plants_non-redundant_pfms_meme.txt	MA1693.2	ARF34	CAGACAGC	1.01e-1	1.00e0	9.27e2	407	206	206	206	5	163	79.13	151	73.30
759	data/reference/motifs/JASPAR2026_CORE_plants_non-redundant_pfms_meme.txt	MA1692.2	ARF29	GCCGACAA	5.00e-1	1.00e0	9.27e2	406	206	206	206	27	1	0.49	0	0.00
760	data/reference/motifs/JASPAR2026_CORE_plants_non-redundant_pfms_meme.txt	MA1691.2	ARF27	GCAGACAT	1.24e-1	1.00e0	9.27e2	411	206	206	206	24	3	1.46	0	0.00
761	data/reference/motifs/JASPAR2026_CORE_plants_non-redundant_pfms_meme.txt	MA1690.2	ARF25	ARMGGGRGACAM	1.40e-1	1.00e0	9.27e2	347	206	206	206	1	178	86.41	169	82.04
762	data/reference/motifs/JASPAR2026_CORE_plants_non-redundant_pfms_meme.txt	MA1689.2	ARF18	CCGACAAA	1.24e-1	1.00e0	9.27e2	412	206	206	206	2	206	100.00	203	98.54
763	data/reference/motifs/JASPAR2026_CORE_plants_non-redundant_pfms_meme.txt	MA1688.2	ARF16	CAAGACAAGA	1.12e-1	1.00e0	9.27e2	412	206	206	206	11	169	82.04	158	76.70
764	data/reference/motifs/JASPAR2026_CORE_plants_non-redundant_pfms_meme.txt	MA1685.2	ARF10	ARNGGGAGACA	1.63e-1	1.00e0	9.27e2	383	206	206	206	5	64	31.07	54	26.21
765	data/reference/motifs/JASPAR2026_CORE_plants_non-redundant_pfms_meme.txt	MA1206.2	ARF2	SMGACA	1.24e-1	1.00e0	9.27e2	412	206	206	206	4	206	100.00	203	98.54
766	data/reference/motifs/JASPAR2026_CORE_plants_non-redundant_pfms_meme.txt	MA0944.2	ARF8	TGTCGG	2.35e-1	1.00e0	9.27e2	412	206	206	206	21	199	96.60	195	94.66
767	data/reference/motifs/JASPAR2026_CORE_plants_non-redundant_pfms_meme.txt	MA0943.2	ARF5	RCCGACA	5.00e-1	1.00e0	9.27e2	407	206	206	206	19	4	1.94	3	1.46
768	data/reference/motifs/JASPAR2026_CORE_plants_non-redundant_pfms_meme.txt	MA0942.2	ARF1	ACCGACA	3.09e-1	1.00e0	9.27e2	379	206	206	206	3	122	59.22	116	56.31
769	data/reference/motifs/JASPAR2026_CORE_plants_non-redundant_pfms_meme.txt	MA0581.2	LEC2	CATGCR	3.01e-1	1.00e0	9.27e2	389	206	206	206	8	20	9.71	16	7.77
770	data/reference/motifs/JASPAR2026_CORE_plants_non-redundant_pfms_meme.txt	MA0565.3	FUS3	ACATGCA	3.96e-1	1.00e0	9.27e2	349	206	206	206	4	36	17.48	33	16.02
771	data/reference/motifs/JASPAR2026_CORE_plants_non-redundant_pfms_meme.txt	MA2013.2	ERF115	YCGCCGCCGCM	2.49e-1	1.00e0	9.27e2	189	206	206	206	18	2	0.97	0	0.00
772	data/reference/motifs/JASPAR2026_CORE_plants_non-redundant_pfms_meme.txt	MA2011.2	ERF010	CACCGACA	1.99e-1	1.00e0	9.27e2	383	206	206	206	7	33	16.02	26	12.62
773	data/reference/motifs/JASPAR2026_CORE_plants_non-redundant_pfms_meme.txt	MA1831.2	Zm00001d031796	GACGGCGACG	3.61e-1	1.00e0	9.27e2	325	206	206	206	5	48	23.30	44	21.36
774	data/reference/motifs/JASPAR2026_CORE_plants_non-redundant_pfms_meme.txt	MA1820.2	Zm00001d024324	CGCCGCCGC	1.85e-1	1.00e0	9.27e2	254	206	206	206	2	93	45.15	83	40.29
775	data/reference/motifs/JASPAR2026_CORE_plants_non-redundant_pfms_meme.txt	MA1817.2	Zm00001d020267	CGCCGCCGCC	2.31e-1	1.00e0	9.27e2	249	206	206	206	4	45	21.84	38	18.45
776	data/reference/motifs/JASPAR2026_CORE_plants_non-redundant_pfms_meme.txt	MA1804.2	WIN1	CRCCGC	1.16e-1	1.00e0	9.27e2	412	206	206	206	48	17	8.25	10	4.85
777	data/reference/motifs/JASPAR2026_CORE_plants_non-redundant_pfms_meme.txt	MA1753.2	ERF057	CCDCCDCCRCCGCC	2.49e-1	1.00e0	9.27e2	199	206	206	206	18	2	0.97	0	0.00
778	data/reference/motifs/JASPAR2026_CORE_plants_non-redundant_pfms_meme.txt	MA1752.2	ERF025	YGCCGACA	3.81e-1	1.00e0	9.27e2	262	206	206	206	2	82	39.81	78	37.86
779	data/reference/motifs/JASPAR2026_CORE_plants_non-redundant_pfms_meme.txt	MA1748.2	DREB1F	GCCGAC	3.43e-1	1.00e0	9.27e2	403	206	206	206	25	4	1.94	2	0.97
780	data/reference/motifs/JASPAR2026_CORE_plants_non-redundant_pfms_meme.txt	MA1679.2	RAP2-1	CACCGACA	1.42e-1	1.00e0	9.27e2	365	206	206	206	11	6	2.91	2	0.97
781	data/reference/motifs/JASPAR2026_CORE_plants_non-redundant_pfms_meme.txt	MA1670.2	DREB1C	GCCGACAT	5.00e-1	1.00e0	9.27e2	390	206	206	206	5	79	38.35	78	37.86
782	data/reference/motifs/JASPAR2026_CORE_plants_non-redundant_pfms_meme.txt	MA1669.2	DREB1B	GCCGACAT	3.29e-1	1.00e0	9.27e2	383	206	206	206	5	59	28.64	54	26.21
783	data/reference/motifs/JASPAR2026_CORE_plants_non-redundant_pfms_meme.txt	MA1424.2	ERF019	CCACCGACA	2.49e-1	1.00e0	9.27e2	200	206	206	206	7	2	0.97	0	0.00
784	data/reference/motifs/JASPAR2026_CORE_plants_non-redundant_pfms_meme.txt	MA1265.3	ERF015	CACCGACA	2.67e-1	1.00e0	9.27e2	362	206	206	206	5	43	20.87	37	17.96
785	data/reference/motifs/JASPAR2026_CORE_plants_non-redundant_pfms_meme.txt	MA1262.2	ERF2	CCDCCGCCGCCRY	2.77e-1	1.00e0	9.27e2	191	206	206	206	1	99	48.06	92	44.66
786	data/reference/motifs/JASPAR2026_CORE_plants_non-redundant_pfms_meme.txt	MA1261.2	ERF122	TRCGGCKGHG	2.49e-1	1.00e0	9.27e2	371	206	206	206	17	2	0.97	0	0.00
787	data/reference/motifs/JASPAR2026_CORE_plants_non-redundant_pfms_meme.txt	MA1260.2	ERF013	TGTCGGTGG	5.00e-1	1.00e0	9.27e2	206	206	206	206	6	3	1.46	2	0.97
788	data/reference/motifs/JASPAR2026_CORE_plants_non-redundant_pfms_meme.txt	MA1259.2	ERF023	TGTCGGTGR	2.13e-1	1.00e0	9.27e2	177	206	206	206	1	93	45.15	84	40.78
789	data/reference/motifs/JASPAR2026_CORE_plants_non-redundant_pfms_meme.txt	MA1253.2	ERF036	TGTCGGTG	4.23e-1	1.00e0	9.27e2	354	206	206	206	7	15	7.28	13	6.31
790	data/reference/motifs/JASPAR2026_CORE_plants_non-redundant_pfms_meme.txt	MA1252.2	ERF086	CCKCCGCCGY	2.74e-1	1.00e0	9.27e2	171	206	206	206	1	89	43.20	82	39.81
791	data/reference/motifs/JASPAR2026_CORE_plants_non-redundant_pfms_meme.txt	MA1251.2	RAP2-9	CACCGACAW	7.28e-1	1.00e0	9.27e2	163	206	206	206	2	23	11.17	26	12.62
792	data/reference/motifs/JASPAR2026_CORE_plants_non-redundant_pfms_meme.txt	MA1250.2	DREB2D	CCDCCDCCACCGCC	2.36e-1	1.00e0	9.27e2	245	206	206	206	3	48	23.30	41	19.90
793	data/reference/motifs/JASPAR2026_CORE_plants_non-redundant_pfms_meme.txt	MA1247.2	ERF087	GRCGGCGGMG	3.12e-1	1.00e0	9.27e2	161	206	206	206	8	3	1.46	1	0.49
794	data/reference/motifs/JASPAR2026_CORE_plants_non-redundant_pfms_meme.txt	MA1246.2	LEP	CKCCGCCGYC	2.49e-1	1.00e0	9.27e2	239	206	206	206	16	2	0.97	0	0.00
795	data/reference/motifs/JASPAR2026_CORE_plants_non-redundant_pfms_meme.txt	MA1244.2	ABR1	DTKGCGGCGGMG	2.15e-1	1.00e0	9.27e2	205	206	206	206	1	107	51.94	98	47.57
796	data/reference/motifs/JASPAR2026_CORE_plants_non-redundant_pfms_meme.txt	MA1243.2	DREB2E	MACCGACWTW	2.49e-1	1.00e0	9.27e2	175	206	206	206	6	2	0.97	0	0.00
797	data/reference/motifs/JASPAR2026_CORE_plants_non-redundant_pfms_meme.txt	MA1240.2	ERF077	CCGCCGCCRY	5.00e-1	1.00e0	9.27e2	250	206	206	206	11	2	0.97	1	0.49
798	data/reference/motifs/JASPAR2026_CORE_plants_non-redundant_pfms_meme.txt	MA1238.3	ERF038	CACCGACA	2.49e-1	1.00e0	9.27e2	360	206	206	206	16	2	0.97	0	0.00
799	data/reference/motifs/JASPAR2026_CORE_plants_non-redundant_pfms_meme.txt	MA1234.2	ERF017	TGGWCGGTG	2.10e-1	1.00e0	9.27e2	288	206	206	206	2	85	41.26	76	36.89
800	data/reference/motifs/JASPAR2026_CORE_plants_non-redundant_pfms_meme.txt	MA1233.3	ERF021	CGCCGACA	3.66e-1	1.00e0	9.27e2	399	206	206	206	7	53	25.73	49	23.79
801	data/reference/motifs/JASPAR2026_CORE_plants_non-redundant_pfms_meme.txt	MA1232.2	ERF054	GDCGGYGG	2.49e-1	1.00e0	9.27e2	346	206	206	206	18	2	0.97	0	0.00
802	data/reference/motifs/JASPAR2026_CORE_plants_non-redundant_pfms_meme.txt	MA1231.3	ERF15	MGCCGCCD	1.87e-1	1.00e0	9.27e2	312	206	206	206	4	42	20.39	34	16.50
803	data/reference/motifs/JASPAR2026_CORE_plants_non-redundant_pfms_meme.txt	MA1229.2	ERF034	TGTCGGTGR	2.49e-1	1.00e0	9.27e2	195	206	206	206	7	2	0.97	0	0.00
804	data/reference/motifs/JASPAR2026_CORE_plants_non-redundant_pfms_meme.txt	MA1227.3	ERF027	RCCGACA	3.82e-1	1.00e0	9.27e2	397	206	206	206	4	122	59.22	118	57.28
805	data/reference/motifs/JASPAR2026_CORE_plants_non-redundant_pfms_meme.txt	MA1220.2	TINY	YCACCGACA	3.11e-1	1.00e0	9.27e2	206	206	206	206	1	106	51.46	100	48.54
806	data/reference/motifs/JASPAR2026_CORE_plants_non-redundant_pfms_meme.txt	MA1218.2	DREB1D	ATGTCGGY	5.47e-1	1.00e0	9.27e2	197	206	206	206	2	45	21.84	45	21.84
807	data/reference/motifs/JASPAR2026_CORE_plants_non-redundant_pfms_meme.txt	MA1008.2	PHYPADRAFT_182268	GTCGGTG	3.50e-1	1.00e0	9.27e2	110	206	206	206	2	16	7.77	13	6.31
808	data/reference/motifs/JASPAR2026_CORE_plants_non-redundant_pfms_meme.txt	MA1005.3	ERF082	CCGCCGCCR	2.49e-1	1.00e0	9.27e2	308	206	206	206	17	2	0.97	0	0.00
809	data/reference/motifs/JASPAR2026_CORE_plants_non-redundant_pfms_meme.txt	MA1004.2	ERF13	SGCCGCC	1.85e-1	1.00e0	9.27e2	307	206	206	206	8	20	9.71	14	6.80
810	data/reference/motifs/JASPAR2026_CORE_plants_non-redundant_pfms_meme.txt	MA1001.4	ERF076	CCGCCGCCRC	2.49e-1	1.00e0	9.27e2	291	206	206	206	23	2	0.97	0	0.00
811	data/reference/motifs/JASPAR2026_CORE_plants_non-redundant_pfms_meme.txt	MA1000.3	ERF105	RYGGCGGCGG	2.49e-1	1.00e0	9.27e2	155	206	206	206	7	2	0.97	0	0.00
812	data/reference/motifs/JASPAR2026_CORE_plants_non-redundant_pfms_meme.txt	MA0998.2	ERF096	GCCGCC	2.71e-1	1.00e0	9.27e2	409	206	206	206	11	132	64.08	125	60.68
813	data/reference/motifs/JASPAR2026_CORE_plants_non-redundant_pfms_meme.txt	MA0997.2	ERF069	GCCG	1.79e-1	1.00e0	9.27e2	412	206	206	206	71	81	39.32	71	34.47
814	data/reference/motifs/JASPAR2026_CORE_plants_non-redundant_pfms_meme.txt	MA0995.3	ERF039	RCCGACA	1.01e-1	1.00e0	9.27e2	401	206	206	206	4	148	71.84	135	65.53
815	data/reference/motifs/JASPAR2026_CORE_plants_non-redundant_pfms_meme.txt	MA0994.3	ERF8	TGRCGGCGGCG	2.49e-1	1.00e0	9.27e2	248	206	206	206	19	2	0.97	0	0.00
816	data/reference/motifs/JASPAR2026_CORE_plants_non-redundant_pfms_meme.txt	MA0993.2	ERF7	GCCG	2.13e-1	1.00e0	9.27e2	412	206	206	206	44	94	45.63	85	41.26
817	data/reference/motifs/JASPAR2026_CORE_plants_non-redundant_pfms_meme.txt	MA0980.3	RAP2-10	RCCGACA	1.26e-1	1.00e0	9.27e2	392	206	206	206	1	199	96.60	193	93.69
818	data/reference/motifs/JASPAR2026_CORE_plants_non-redundant_pfms_meme.txt	MA0976.3	CRF4	CCGCCGCCRC	2.49e-1	1.00e0	9.27e2	275	206	206	206	24	2	0.97	0	0.00
819	data/reference/motifs/JASPAR2026_CORE_plants_non-redundant_pfms_meme.txt	MA0971.2	DREB1A	ATGTCGGY	5.00e-1	1.00e0	9.27e2	373	206	206	206	6	49	23.79	48	23.30
820	data/reference/motifs/JASPAR2026_CORE_plants_non-redundant_pfms_meme.txt	MA1377.2	PLT1	KGCACGVWTHYCGAGR	1.76e-1	1.00e0	9.27e2	207	206	206	206	2	38	18.45	30	14.56
821	data/reference/motifs/JASPAR2026_CORE_plants_non-redundant_pfms_meme.txt	MA2005.2	NAC016	TVCKTGWBCYNCAMG	2.73e-1	1.00e0	9.27e2	165	206	206	206	1	86	41.75	79	38.35
822	data/reference/motifs/JASPAR2026_CORE_plants_non-redundant_pfms_meme.txt	MA2441.1	SPL3A	AGCGGTACTACC	2.33e-1	1.00e0	9.27e2	301	206	206	206	4	30	14.56	24	11.65
823	data/reference/motifs/JASPAR2026_CORE_plants_non-redundant_pfms_meme.txt	MA2433.1	SPL15D	GCGGTACTAC	1.46e-1	1.00e0	9.27e2	370	206	206	206	2	145	70.39	134	65.05
824	data/reference/motifs/JASPAR2026_CORE_plants_non-redundant_pfms_meme.txt	MA2425.1	SPL11A	SCGGTACTACCG	2.00e-1	1.00e0	9.27e2	243	206	206	206	2	71	34.47	62	30.10
825	data/reference/motifs/JASPAR2026_CORE_plants_non-redundant_pfms_meme.txt	MA2423.1	OsbZIP69	GMTGACGTGGCA	2.12e-1	1.00e0	9.27e2	169	206	206	206	1	89	43.20	80	38.83
826	data/reference/motifs/JASPAR2026_CORE_plants_non-redundant_pfms_meme.txt	MA2420.1	SBP6	AAGTACAA	1.76e-1	1.00e0	9.27e2	412	206	206	206	17	27	13.11	20	9.71
827	data/reference/motifs/JASPAR2026_CORE_plants_non-redundant_pfms_meme.txt	MA2419.1	UB3	GAAGTACAAC	3.71e-1	1.00e0	9.27e2	412	206	206	206	6	187	90.78	184	89.32
828	data/reference/motifs/JASPAR2026_CORE_plants_non-redundant_pfms_meme.txt	MA2416.1	EREB29	GCCGCCGCCC	2.49e-1	1.00e0	9.27e2	230	206	206	206	20	2	0.97	0	0.00
829	data/reference/motifs/JASPAR2026_CORE_plants_non-redundant_pfms_meme.txt	MA2415.1	EREB138	CMGCCGCCAT	1.81e-1	1.00e0	9.27e2	344	206	206	206	2	132	64.08	122	59.22
830	data/reference/motifs/JASPAR2026_CORE_plants_non-redundant_pfms_meme.txt	MA2414.1	EREB127	TGCCGACA	5.00e-1	1.00e0	9.27e2	329	206	206	206	1	165	80.10	164	79.61
831	data/reference/motifs/JASPAR2026_CORE_plants_non-redundant_pfms_meme.txt	MA2412.1	ZmbZIP72	GATGACATCA	3.43e-1	1.00e0	9.27e2	407	206	206	206	7	82	39.81	77	37.38
832	data/reference/motifs/JASPAR2026_CORE_plants_non-redundant_pfms_meme.txt	MA2411.1	ZmbZIP57	ATGATGTCAT	2.17e-1	1.00e0	9.27e2	409	206	206	206	10	39	18.93	32	15.53
833	data/reference/motifs/JASPAR2026_CORE_plants_non-redundant_pfms_meme.txt	MA2410.1	ZmbZIP54	TGACGTCA	1.41e-1	1.00e0	9.27e2	402	206	206	206	16	28	13.59	20	9.71
834	data/reference/motifs/JASPAR2026_CORE_plants_non-redundant_pfms_meme.txt	MA2409.1	ZmbZIP25	GATGACATCA	5.00e-1	1.00e0	9.27e2	407	206	206	206	1	204	99.03	203	98.54
835	data/reference/motifs/JASPAR2026_CORE_plants_non-redundant_pfms_meme.txt	MA2405.1	OsMSL08	GTAAAW	1.24e-1	1.00e0	9.27e2	412	206	206	206	79	55	26.70	44	21.36
836	data/reference/motifs/JASPAR2026_CORE_plants_non-redundant_pfms_meme.txt	MA2404.1	OsTRBF3	WRMCCTA	2.49e-1	1.00e0	9.27e2	412	206	206	206	12	206	100.00	204	99.03
837	data/reference/motifs/JASPAR2026_CORE_plants_non-redundant_pfms_meme.txt	MA2402.1	OsERF104	GCCGY	1.90e-1	1.00e0	9.27e2	412	206	206	206	20	62	30.10	53	25.73
838	data/reference/motifs/JASPAR2026_CORE_plants_non-redundant_pfms_meme.txt	MA2401.1	Os05g0437700	MCACGTGK	6.07e-1	1.00e0	9.27e2	253	206	206	206	8	7	3.40	7	3.40
839	data/reference/motifs/JASPAR2026_CORE_plants_non-redundant_pfms_meme.txt	MA2400.1	LjTCP20	GGGACCAY	1.69e-1	1.00e0	9.27e2	284	206	206	206	1	147	71.36	137	66.50
840	data/reference/motifs/JASPAR2026_CORE_plants_non-redundant_pfms_meme.txt	MA2395.1	PHYPA_011264	CACCGACM	5.00e-1	1.00e0	9.27e2	254	206	206	206	6	4	1.94	3	1.46
841	data/reference/motifs/JASPAR2026_CORE_plants_non-redundant_pfms_meme.txt	MA2392.1	GRMZM2G135447	TGACRKS	1.03e-1	1.00e0	9.27e2	412	206	206	206	9	173	83.98	162	78.64
842	data/reference/motifs/JASPAR2026_CORE_plants_non-redundant_pfms_meme.txt	MA2391.1	Lg3	TGACRKC	2.49e-1	1.00e0	9.27e2	412	206	206	206	3	206	100.00	204	99.03
843	data/reference/motifs/JASPAR2026_CORE_plants_non-redundant_pfms_meme.txt	MA2386.1	estExt_gwp_gw1.C_550163	CACCGAC	3.50e-1	1.00e0	9.27e2	110	206	206	206	2	16	7.77	13	6.31
844	data/reference/motifs/JASPAR2026_CORE_plants_non-redundant_pfms_meme.txt	MA2384.1	estExt_Genewise1.C_2060077	SACGTGK	3.11e-1	1.00e0	9.27e2	332	206	206	206	3	107	51.94	101	49.03
845	data/reference/motifs/JASPAR2026_CORE_plants_non-redundant_pfms_meme.txt	MA2380.1	DOF4.7	TWACTTTTT	2.38e-1	1.00e0	9.27e2	412	206	206	206	14	133	64.56	125	60.68
846	data/reference/motifs/JASPAR2026_CORE_plants_non-redundant_pfms_meme.txt	MA2378.1	CRF3	GCCG	1.69e-1	1.00e0	9.27e2	412	206	206	206	32	166	80.58	157	76.21
847	data/reference/motifs/JASPAR2026_CORE_plants_non-redundant_pfms_meme.txt	MA2374.1	AHL13	ATATAATT	2.25e-1	1.00e0	9.27e2	412	206	206	206	41	204	99.03	201	97.57
848	data/reference/motifs/JASPAR2026_CORE_plants_non-redundant_pfms_meme.txt	MA2371.1	MYB31	YAMCTMCCAACHAMH	1.24e-1	1.00e0	9.27e2	403	206	206	206	17	3	1.46	0	0.00
849	data/reference/motifs/JASPAR2026_CORE_plants_non-redundant_pfms_meme.txt	MA2370.1	MBD2	AGCTD	1.87e-1	1.00e0	9.27e2	412	206	206	206	80	103	50.00	93	45.15
850	data/reference/motifs/JASPAR2026_CORE_plants_non-redundant_pfms_meme.txt	MA2368.1	WRKY51	RGTCAA	8.88e-2	1.00e0	9.27e2	412	206	206	206	63	191	92.72	182	88.35
851	data/reference/motifs/JASPAR2026_CORE_plants_non-redundant_pfms_meme.txt	MA2366.1	VOZ2	GCGT	1.69e-1	1.00e0	9.27e2	412	206	206	206	26	203	98.54	199	96.60
852	data/reference/motifs/JASPAR2026_CORE_plants_non-redundant_pfms_meme.txt	MA2359.1	PK23829.1	TTATCCR	2.49e-1	1.00e0	9.27e2	410	206	206	206	1	206	100.00	204	99.03
853	data/reference/motifs/JASPAR2026_CORE_plants_non-redundant_pfms_meme.txt	MA2357.1	PK21687.1	WAAACCC	2.21e-1	1.00e0	9.27e2	412	206	206	206	19	194	94.17	189	91.75
854	data/reference/motifs/JASPAR2026_CORE_plants_non-redundant_pfms_meme.txt	MA2350.1	OsFBH1	CCACTTG	6.88e-1	1.00e0	9.27e2	155	206	206	206	4	2	0.97	2	0.97
855	data/reference/motifs/JASPAR2026_CORE_plants_non-redundant_pfms_meme.txt	MA2348.1	IDD6	TTTTTGTCGTTTTSTK	3.28e-1	1.00e0	9.27e2	307	206	206	206	5	12	5.83	9	4.37
856	data/reference/motifs/JASPAR2026_CORE_plants_non-redundant_pfms_meme.txt	MA2104.1	IDD11	AAAACGACAAAA	2.90e-1	1.00e0	9.27e2	373	206	206	206	5	33	16.02	28	13.59
857	data/reference/motifs/JASPAR2026_CORE_plants_non-redundant_pfms_meme.txt	MA1800.1	TEM1	GCAACATA	3.12e-1	1.00e0	9.27e2	409	206	206	206	13	3	1.46	1	0.49
858	data/reference/motifs/JASPAR2026_CORE_plants_non-redundant_pfms_meme.txt	MA1797.1	RAV2	GCAACATA	3.40e-1	1.00e0	9.27e2	346	206	206	206	4	33	16.02	29	14.08
859	data/reference/motifs/JASPAR2026_CORE_plants_non-redundant_pfms_meme.txt	MA1790.1	NAC073	CTTSWYBHWCAMGYT	3.12e-1	1.00e0	9.27e2	374	206	206	206	11	3	1.46	1	0.49
860	data/reference/motifs/JASPAR2026_CORE_plants_non-redundant_pfms_meme.txt	MA1783.1	NAC005	TWRCTTVTTYHAYAAGTTW	2.79e-1	1.00e0	9.27e2	187	206	206	206	4	16	7.77	12	5.83
861	data/reference/motifs/JASPAR2026_CORE_plants_non-redundant_pfms_meme.txt	MA1760.1	HSFA6A	GAAGNTTCTAGAA	4.00e-1	1.00e0	9.27e2	77	206	206	206	1	40	19.42	37	17.96
862	data/reference/motifs/JASPAR2026_CORE_plants_non-redundant_pfms_meme.txt	MA1749.1	E2FC	AWDWWGGCGCCAAAA	6.72e-1	1.00e0	9.27e2	52	206	206	206	1	25	12.14	27	13.11
863	data/reference/motifs/JASPAR2026_CORE_plants_non-redundant_pfms_meme.txt	MA1746.1	BZIP69	TGMCAGCTGTM	9.39e-1	1.00e0	9.27e2	121	206	206	206	3	2	0.97	5	2.43
864	data/reference/motifs/JASPAR2026_CORE_plants_non-redundant_pfms_meme.txt	MA1686.1	ARF13	ARCGGGGGACAYGT	6.25e-1	1.00e0	9.27e2	139	206	206	206	3	5	2.43	5	2.43
865	data/reference/motifs/JASPAR2026_CORE_plants_non-redundant_pfms_meme.txt	MA2091.1	PK27109.1	GACAGCTG	9.22e-2	1.00e0	9.27e2	390	206	206	206	4	137	66.50	123	59.71
866	data/reference/motifs/JASPAR2026_CORE_plants_non-redundant_pfms_meme.txt	MA2090.1	PK26523.1	ATTCY	1.10e-1	1.00e0	9.27e2	412	206	206	206	57	203	98.54	198	96.12
867	data/reference/motifs/JASPAR2026_CORE_plants_non-redundant_pfms_meme.txt	MA2089.1	PK25870.1	RGTCAAM	1.56e-1	1.00e0	9.27e2	412	206	206	206	18	43	20.87	34	16.50
868	data/reference/motifs/JASPAR2026_CORE_plants_non-redundant_pfms_meme.txt	MA2087.1	PK24205.1	CACGTGKC	5.46e-1	1.00e0	9.27e2	208	206	206	206	2	48	23.30	48	23.30
869	data/reference/motifs/JASPAR2026_CORE_plants_non-redundant_pfms_meme.txt	MA2084.1	PK23009.1	CTTTW	2.17e-1	1.00e0	9.27e2	412	206	206	206	175	39	18.93	32	15.53
870	data/reference/motifs/JASPAR2026_CORE_plants_non-redundant_pfms_meme.txt	MA2076.1	PK18401.1	GCACGTGG	3.20e-1	1.00e0	9.27e2	393	206	206	206	1	198	96.12	195	94.66
871	data/reference/motifs/JASPAR2026_CORE_plants_non-redundant_pfms_meme.txt	MA2075.1	PK18009.1	ACACGTG	9.84e-2	1.00e0	9.27e2	412	206	206	206	9	175	84.95	164	79.61
872	data/reference/motifs/JASPAR2026_CORE_plants_non-redundant_pfms_meme.txt	MA2074.1	PK17878.1	CGCCGCCA	2.91e-1	1.00e0	9.27e2	200	206	206	206	2	60	29.13	54	26.21
873	data/reference/motifs/JASPAR2026_CORE_plants_non-redundant_pfms_meme.txt	MA2072.1	PK16335.1	GACAGCTG	3.10e-1	1.00e0	9.27e2	407	206	206	206	4	168	81.55	163	79.13
874	data/reference/motifs/JASPAR2026_CORE_plants_non-redundant_pfms_meme.txt	MA2068.1	PK10344.1	GGGACCAC	3.68e-1	1.00e0	9.27e2	140	206	206	206	2	21	10.19	18	8.74
875	data/reference/motifs/JASPAR2026_CORE_plants_non-redundant_pfms_meme.txt	MA2066.1	PK09021.1	TGACGTCA	9.38e-1	1.00e0	9.27e2	121	206	206	206	3	1	0.49	3	1.46
876	data/reference/motifs/JASPAR2026_CORE_plants_non-redundant_pfms_meme.txt	MA2065.1	PK08602.1	CCACCGCC	7.19e-1	1.00e0	9.27e2	55	206	206	206	1	26	12.62	29	14.08
877	data/reference/motifs/JASPAR2026_CORE_plants_non-redundant_pfms_meme.txt	MA2063.1	PK07402.1	RCCGMC	1.54e-1	1.00e0	9.27e2	410	206	206	206	14	57	27.67	47	22.82
878	data/reference/motifs/JASPAR2026_CORE_plants_non-redundant_pfms_meme.txt	MA2059.1	PK05432.1	RGTCAA	1.41e-1	1.00e0	9.27e2	412	206	206	206	58	28	13.59	20	9.71
879	data/reference/motifs/JASPAR2026_CORE_plants_non-redundant_pfms_meme.txt	MA2056.1	PK01144.1	CTTT	9.43e-2	1.00e0	9.27e2	412	206	206	206	209	184	89.32	174	84.47
880	data/reference/motifs/JASPAR2026_CORE_plants_non-redundant_pfms_meme.txt	MA1380.1	TCX6	WTTTAAATTTTTWAA	1.69e-1	1.00e0	9.27e2	410	206	206	206	18	7	3.40	3	1.46
881	data/reference/motifs/JASPAR2026_CORE_plants_non-redundant_pfms_meme.txt	MA1379.1	SOL1	WTTWAAAATTTAAAW	2.08e-1	1.00e0	9.27e2	408	206	206	206	17	9	4.37	5	2.43
882	data/reference/motifs/JASPAR2026_CORE_plants_non-redundant_pfms_meme.txt	MA1373.1	GAF1	HABWAAACGACAAAA	2.17e-1	1.00e0	9.27e2	313	206	206	206	3	58	28.16	50	24.27
883	data/reference/motifs/JASPAR2026_CORE_plants_non-redundant_pfms_meme.txt	MA1335.1	TGA4	TGACGTCAKCA	2.69e-1	1.00e0	9.27e2	330	206	206	206	1	168	81.55	162	78.64
884	data/reference/motifs/JASPAR2026_CORE_plants_non-redundant_pfms_meme.txt	MA1324.1	GATA20	ATCSGATC	1.86e-1	1.00e0	9.27e2	346	206	206	206	18	4	1.94	1	0.49
885	data/reference/motifs/JASPAR2026_CORE_plants_non-redundant_pfms_meme.txt	MA1309.1	WRKY3	AAAAGTCAACG	2.35e-1	1.00e0	9.27e2	341	206	206	206	6	11	5.34	7	3.40
886	data/reference/motifs/JASPAR2026_CORE_plants_non-redundant_pfms_meme.txt	MA1274.1	DOF3.6	TTTWCTTTTTHHYTTTTTTTT	1.94e-1	1.00e0	9.27e2	412	206	206	206	14	169	82.04	161	78.16
887	data/reference/motifs/JASPAR2026_CORE_plants_non-redundant_pfms_meme.txt	MA1242.1	DREB2F	CCDCCACCGCC	2.49e-1	1.00e0	9.27e2	208	206	206	206	9	2	0.97	0	0.00
888	data/reference/motifs/JASPAR2026_CORE_plants_non-redundant_pfms_meme.txt	MA1235.1	AIL7	CGNWTYYCGAG	5.89e-1	1.00e0	9.27e2	408	206	206	206	8	53	25.73	54	26.21
889	data/reference/motifs/JASPAR2026_CORE_plants_non-redundant_pfms_meme.txt	MA1225.1	ERF5	CCDCCGCCGCCGCCR	2.49e-1	1.00e0	9.27e2	146	206	206	206	13	2	0.97	0	0.00
890	data/reference/motifs/JASPAR2026_CORE_plants_non-redundant_pfms_meme.txt	MA1162.1	TCX2	WTTYAAAATTYAAAW	5.00e-1	1.00e0	9.27e2	406	206	206	206	26	1	0.49	0	0.00
891	data/reference/motifs/JASPAR2026_CORE_plants_non-redundant_pfms_meme.txt	MA1161.1	TSO1	WWTTWAAAATTTAAA	3.12e-1	1.00e0	9.27e2	408	206	206	206	1	205	99.51	203	98.54
892	data/reference/motifs/JASPAR2026_CORE_plants_non-redundant_pfms_meme.txt	MA1097.1	ARALYDRAFT_493022	GGSMCCAC	2.22e-1	1.00e0	9.27e2	270	206	206	206	3	41	19.90	34	16.50
893	data/reference/motifs/JASPAR2026_CORE_plants_non-redundant_pfms_meme.txt	MA1096.1	ARALYDRAFT_496250	GGGACCAC	5.42e-1	1.00e0	9.27e2	138	206	206	206	1	69	33.50	69	33.50
894	data/reference/motifs/JASPAR2026_CORE_plants_non-redundant_pfms_meme.txt	MA1091.1	WRKY62	TGGTCAAC	1.40e-1	1.00e0	9.27e2	383	206	206	206	4	66	32.04	55	26.70
895	data/reference/motifs/JASPAR2026_CORE_plants_non-redundant_pfms_meme.txt	MA1084.1	WRKY38	CGTTGACC	4.10e-1	1.00e0	9.27e2	412	206	206	206	18	11	5.34	9	4.37
896	data/reference/motifs/JASPAR2026_CORE_plants_non-redundant_pfms_meme.txt	MA1080.1	WRKY23	AGTCAACG	3.43e-1	1.00e0	9.27e2	351	206	206	206	7	4	1.94	2	0.97
897	data/reference/motifs/JASPAR2026_CORE_plants_non-redundant_pfms_meme.txt	MA1075.1	WRKY12	CGTTGACC	5.00e-1	1.00e0	9.27e2	412	206	206	206	6	162	78.64	161	78.16
898	data/reference/motifs/JASPAR2026_CORE_plants_non-redundant_pfms_meme.txt	MA1067.1	TCP5	GGGACCAC	3.63e-1	1.00e0	9.27e2	233	206	206	206	2	50	24.27	46	22.33
899	data/reference/motifs/JASPAR2026_CORE_plants_non-redundant_pfms_meme.txt	MA1051.1	RAP2-3	GCGCCGCC	2.06e-1	1.00e0	9.27e2	356	206	206	206	5	79	38.35	70	33.98
900	data/reference/motifs/JASPAR2026_CORE_plants_non-redundant_pfms_meme.txt	MA1050.1	OsI_08196	GGGCCCAC	1.67e-1	1.00e0	9.27e2	350	206	206	206	1	179	86.89	171	83.01
901	data/reference/motifs/JASPAR2026_CORE_plants_non-redundant_pfms_meme.txt	MA1035.1	TCP4	GGGACCAC	5.40e-1	1.00e0	9.27e2	248	206	206	206	1	124	60.19	124	60.19
902	data/reference/motifs/JASPAR2026_CORE_plants_non-redundant_pfms_meme.txt	MA1034.1	Os05g0497200	CGSCGCCR	5.00e-1	1.00e0	9.27e2	114	206	206	206	6	2	0.97	1	0.49
903	data/reference/motifs/JASPAR2026_CORE_plants_non-redundant_pfms_meme.txt	MA1033.1	OJ1058_F05.8	MCACGTGK	6.07e-1	1.00e0	9.27e2	253	206	206	206	8	7	3.40	7	3.40
904	data/reference/motifs/JASPAR2026_CORE_plants_non-redundant_pfms_meme.txt	MA1023.1	PHYPADRAFT_28324	KGTCGGTG	4.20e-1	1.00e0	9.27e2	110	206	206	206	2	14	6.80	12	5.83
905	data/reference/motifs/JASPAR2026_CORE_plants_non-redundant_pfms_meme.txt	MA1013.1	GATA10	TAGATCTG	1.26e-1	1.00e0	9.27e2	317	206	206	206	10	13	6.31	7	3.40
906	data/reference/motifs/JASPAR2026_CORE_plants_non-redundant_pfms_meme.txt	MA1009.1	ARF3	TGTCGGAA	2.08e-1	1.00e0	9.27e2	398	206	206	206	1	201	97.57	197	95.63
907	data/reference/motifs/JASPAR2026_CORE_plants_non-redundant_pfms_meme.txt	MA1007.1	PHYPADRAFT_173530	TGTCGGTG	2.75e-1	1.00e0	9.27e2	177	206	206	206	1	92	44.66	85	41.26
908	data/reference/motifs/JASPAR2026_CORE_plants_non-redundant_pfms_meme.txt	MA0986.1	DREB2C	CACCGACA	1.96e-1	1.00e0	9.27e2	390	206	206	206	8	32	15.53	25	12.14
909	data/reference/motifs/JASPAR2026_CORE_plants_non-redundant_pfms_meme.txt	MA0978.1	DREB1E	ATGTCGGC	6.57e-1	1.00e0	9.27e2	298	206	206	206	7	3	1.46	3	1.46
910	data/reference/motifs/JASPAR2026_CORE_plants_non-redundant_pfms_meme.txt	MA0977.1	DOF2.5	AWAAAGTG	1.76e-1	1.00e0	9.27e2	412	206	206	206	17	186	90.29	179	86.89
911	data/reference/motifs/JASPAR2026_CORE_plants_non-redundant_pfms_meme.txt	MA0967.1	BZIP60	TGACGTCA	3.46e-1	1.00e0	9.27e2	412	206	206	206	14	119	57.77	114	55.34
912	data/reference/motifs/JASPAR2026_CORE_plants_non-redundant_pfms_meme.txt	MA0960.1	BHLH104	GGCACGTGCC	5.54e-1	1.00e0	9.27e2	64	206	206	206	2	32	15.53	32	15.53
913	data/reference/motifs/JASPAR2026_CORE_plants_non-redundant_pfms_meme.txt	MA0957.1	BHLH3	GCACGTGC	2.43e-1	1.00e0	9.27e2	381	206	206	206	6	120	58.25	112	54.37
914	data/reference/motifs/JASPAR2026_CORE_plants_non-redundant_pfms_meme.txt	MA0947.1	ARR14	AGATWCGS	1.38e-1	1.00e0	9.27e2	392	206	206	206	4	98	47.57	86	41.75
915	data/reference/motifs/JASPAR2026_CORE_plants_non-redundant_pfms_meme.txt	MA0939.1	NAC079	ACACGCAA	1.42e-1	1.00e0	9.27e2	344	206	206	206	7	6	2.91	2	0.97
916	data/reference/motifs/JASPAR2026_CORE_plants_non-redundant_pfms_meme.txt	MA0934.1	AHL25	AWTTAAWT	1.62e-1	1.00e0	9.27e2	412	206	206	206	144	105	50.97	94	45.63
917	data/reference/motifs/JASPAR2026_CORE_plants_non-redundant_pfms_meme.txt	MA0933.1	AHL20	AATTAAWT	1.62e-1	1.00e0	9.27e2	412	206	206	206	127	107	51.94	96	46.60
918	data/reference/motifs/JASPAR2026_CORE_plants_non-redundant_pfms_meme.txt	MA0932.1	AHL12	AAWWWWTT	9.85e-2	1.00e0	9.27e2	412	206	206	206	110	194	94.17	186	90.29
919	data/reference/motifs/JASPAR2026_CORE_plants_non-redundant_pfms_meme.txt	MA0580.1	DYT1	MGTGAGWCACGTGA	4.54e-1	1.00e0	9.27e2	96	206	206	206	1	49	23.79	47	22.82
920	data/reference/motifs/JASPAR2026_CORE_plants_non-redundant_pfms_meme.txt	MA0567.1	ERF1B	MGCCGCCA	1.58e-1	1.00e0	9.27e2	333	206	206	206	1	171	83.01	162	78.64
921	data/reference/motifs/JASPAR2026_CORE_plants_non-redundant_pfms_meme.txt	MA0561.1	PIF4	CACGTGSC	2.28e-1	1.00e0	9.27e2	183	206	206	206	3	18	8.74	13	6.31
922	data/reference/motifs/JASPAR2026_CORE_plants_non-redundant_pfms_meme.txt	MA0129.1	TGA1A	HACGTCA	1.86e-1	1.00e0	9.27e2	412	206	206	206	30	4	1.94	1	0.49
923	data/reference/motifs/JASPAR2026_CORE_plants_non-redundant_pfms_meme.txt	MA0128.1	EmBP-1	ASACGTGG	1.35e-1	1.00e0	9.27e2	377	206	206	206	3	128	62.14	116	56.31
924	data/reference/motifs/JASPAR2026_CORE_plants_non-redundant_pfms_meme.txt	MA0123.1	abi4	CGSYGCCCCC	2.09e-1	1.00e0	9.27e2	347	206	206	206	1	177	85.92	170	82.52
925	data/reference/motifs/JASPAR2026_CORE_plants_non-redundant_pfms_meme.txt	MA0097.1	bZIP911	GRTGACGTGGMC	9.38e-1	1.00e0	9.27e2	38	206	206	206	1	15	7.28	23	11.17
926	data/reference/motifs/JASPAR2026_CORE_plants_non-redundant_pfms_meme.txt	MA0096.1	bZIP910	MTGACGT	5.95e-1	1.00e0	9.27e2	183	206	206	206	3	9	4.37	9	4.37
927	data/reference/motifs/JASPAR2026_CORE_plants_non-redundant_pfms_meme.txt	MA0064.1	PBF	AAAGY	1.03e-1	1.00e0	9.27e2	412	206	206	206	32	73	35.44	60	29.13

# AME (Analysis of Motif Enrichment): Version 5.5.9 compiled on May 27 2026 at 12:40:54
# The format of this file is described at https://meme-suite.org/meme/doc/ame-output-format.html.
# ame --verbose 1 --text --control results/evidence/motifs/inputs/backgrounds/2000/replicate_055.fa --method fisher --scoring totalhits --hit-lo-fraction 0.25 --evalue-report-threshold 1000000 --noseq results/evidence/motifs/inputs/frozen_candidates_2000bp.fa data/reference/motifs/JASPAR2026_CORE_plants_non-redundant_pfms_meme.txt
