2	data/reference/motifs/JASPAR2026_CORE_plants_non-redundant_pfms_meme.txt	MA2498.1	LSH1	AAACAGTG	2.04e-4	8.08e-2	7.49e1	412	206	206	206	9	189	91.75	163	79.13
3	data/reference/motifs/JASPAR2026_CORE_plants_non-redundant_pfms_meme.txt	MA2622.1	hb34	CAATAATTG	2.45e-4	9.58e-2	8.88e1	412	206	206	206	22	93	45.15	58	28.16
4	data/reference/motifs/JASPAR2026_CORE_plants_non-redundant_pfms_meme.txt	MA1059.3	SPL5	TGTACGGAH	6.90e-3	2.52e-1	2.34e2	42	206	206	206	1	29	14.08	13	6.31
5	data/reference/motifs/JASPAR2026_CORE_plants_non-redundant_pfms_meme.txt	MA2454.1	SPL8D1	ATAGTACATA	9.58e-4	3.26e-1	3.02e2	412	206	206	206	14	136	66.02	104	50.49
6	data/reference/motifs/JASPAR2026_CORE_plants_non-redundant_pfms_meme.txt	MA2421.1	SBP8	ARGTACAA	1.49e-3	4.58e-1	4.25e2	412	206	206	206	16	12	5.83	1	0.49
7	data/reference/motifs/JASPAR2026_CORE_plants_non-redundant_pfms_meme.txt	MA2073.1	PK16340.1	CKTT	1.84e-3	5.32e-1	4.93e2	412	206	206	206	187	62	30.10	36	17.48
8	data/reference/motifs/JASPAR2026_CORE_plants_non-redundant_pfms_meme.txt	MA1184.2	RVE1	WAAATATCT	1.98e-3	5.49e-1	5.09e2	402	206	206	206	5	130	63.11	100	48.54
9	data/reference/motifs/JASPAR2026_CORE_plants_non-redundant_pfms_meme.txt	MA0982.2	DOF2.4	AAAG	2.22e-3	6.00e-1	5.56e2	412	206	206	206	214	65	31.55	39	18.93
10	data/reference/motifs/JASPAR2026_CORE_plants_non-redundant_pfms_meme.txt	MA1320.2	SPL15	TGTACGGA	6.58e-3	6.15e-1	5.70e2	145	206	206	206	1	85	41.26	60	29.13
11	data/reference/motifs/JASPAR2026_CORE_plants_non-redundant_pfms_meme.txt	MA2710.1	SolycHsfB1	TTCTAGAA	2.93e-3	6.59e-1	6.11e2	367	206	206	206	8	42	20.39	21	10.19
12	data/reference/motifs/JASPAR2026_CORE_plants_non-redundant_pfms_meme.txt	MA1799.2	SPL10	GTACGR	2.80e-3	6.85e-1	6.35e2	412	206	206	206	11	110	53.40	81	39.32
13	data/reference/motifs/JASPAR2026_CORE_plants_non-redundant_pfms_meme.txt	MA2453.1	SPL8B	ATAGTACTC	3.05e-3	7.03e-1	6.52e2	398	206	206	206	9	22	10.68	7	3.40
14	data/reference/motifs/JASPAR2026_CORE_plants_non-redundant_pfms_meme.txt	MA0994.3	ERF8	TGRCGGCGGCG	6.57e-3	7.76e-1	7.20e2	228	206	206	206	1	127	61.65	101	49.03
15	data/reference/motifs/JASPAR2026_CORE_plants_non-redundant_pfms_meme.txt	MA0110.4	ATHB-5	CAATCATT	3.80e-3	7.91e-1	7.33e2	412	206	206	206	27	169	82.04	145	70.39
16	data/reference/motifs/JASPAR2026_CORE_plants_non-redundant_pfms_meme.txt	MA2500.1	LSH3	TTACTGTTCAT	4.01e-3	8.08e-1	7.49e2	411	206	206	206	10	62	30.10	38	18.45
17	data/reference/motifs/JASPAR2026_CORE_plants_non-redundant_pfms_meme.txt	MA2058.1	PK03929.1	CTTTW	4.92e-3	8.69e-1	8.05e2	412	206	206	206	99	170	82.52	147	71.36
18	data/reference/motifs/JASPAR2026_CORE_plants_non-redundant_pfms_meme.txt	MA2052.2	ZAT6	AATGATTG	5.05e-3	8.75e-1	8.11e2	412	206	206	206	20	197	95.63	182	88.35
19	data/reference/motifs/JASPAR2026_CORE_plants_non-redundant_pfms_meme.txt	MA1363.1	LRL2	CGTGNKWBGCACGTG	1.71e-2	8.93e-1	8.28e2	131	206	206	206	1	76	36.89	55	26.70
20	data/reference/motifs/JASPAR2026_CORE_plants_non-redundant_pfms_meme.txt	MA2422.1	OsbZIP42	TGMCACGTCA	5.76e-3	8.99e-1	8.33e2	398	206	206	206	1	204	99.03	194	94.17
21	data/reference/motifs/JASPAR2026_CORE_plants_non-redundant_pfms_meme.txt	MA1210.3	HAT22	CAATAATTG	5.57e-3	8.99e-1	8.33e2	412	206	206	206	13	161	78.16	137	66.50
22	data/reference/motifs/JASPAR2026_CORE_plants_non-redundant_pfms_meme.txt	MA2081.1	PK20317.1	CKTTW	5.79e-3	9.08e-1	8.42e2	412	206	206	206	119	138	66.99	112	54.37
23	data/reference/motifs/JASPAR2026_CORE_plants_non-redundant_pfms_meme.txt	MA2501.1	G1	TTACTGTA	5.81e-3	9.09e-1	8.42e2	412	206	206	206	14	151	73.30	126	61.17
24	data/reference/motifs/JASPAR2026_CORE_plants_non-redundant_pfms_meme.txt	MA0577.4	SPL3	TGTACGGA	6.75e-3	9.16e-1	8.49e2	366	206	206	206	3	122	59.22	96	46.60
25	data/reference/motifs/JASPAR2026_CORE_plants_non-redundant_pfms_meme.txt	MA2750.1	TraesCS7B02G142200	TGTACGGAC	6.83e-3	9.21e-1	8.54e2	371	206	206	206	3	117	56.80	91	44.17
26	data/reference/motifs/JASPAR2026_CORE_plants_non-redundant_pfms_meme.txt	MA1322.3	SPL9	TCCGTAC	6.57e-3	9.31e-1	8.63e2	408	206	206	206	6	127	61.65	101	49.03
27	data/reference/motifs/JASPAR2026_CORE_plants_non-redundant_pfms_meme.txt	MA2655.1	GLYMA-08G218600	AAAAGTCAA	6.85e-3	9.41e-1	8.72e2	412	206	206	206	16	52	25.24	31	15.05
28	data/reference/motifs/JASPAR2026_CORE_plants_non-redundant_pfms_meme.txt	MA1185.2	LHY	AGATATTTT	7.42e-3	9.46e-1	8.77e2	394	206	206	206	9	7	3.40	0	0.00
29	data/reference/motifs/JASPAR2026_CORE_plants_non-redundant_pfms_meme.txt	MA2356.1	PK20555.1	CTTTW	7.42e-3	9.53e-1	8.83e2	412	206	206	206	175	206	100.00	199	96.60
30	data/reference/motifs/JASPAR2026_CORE_plants_non-redundant_pfms_meme.txt	MA2646.1	GLYMA-11G083900	GTACGGA	9.37e-3	9.55e-1	8.85e2	330	206	206	206	3	75	36.41	52	25.24
31	data/reference/motifs/JASPAR2026_CORE_plants_non-redundant_pfms_meme.txt	MA1403.1	BPC5	AGAGAGAGAGAGAGAGAGAGAGAGAGAGAG	1.37e-1	9.60e-1	8.90e2	22	206	206	206	1	14	6.80	8	3.88
32	data/reference/motifs/JASPAR2026_CORE_plants_non-redundant_pfms_meme.txt	MA1321.2	SPL13A	TGTACGGA	9.52e-3	9.62e-1	8.92e2	344	206	206	206	2	141	68.45	117	56.80
33	data/reference/motifs/JASPAR2026_CORE_plants_non-redundant_pfms_meme.txt	MA0940.1	AP1	MYAAAAAWRGAAA	8.02e-3	9.63e-1	8.93e2	412	206	206	206	22	159	77.18	136	66.02
34	data/reference/motifs/JASPAR2026_CORE_plants_non-redundant_pfms_meme.txt	MA1283.2	TCP14	ADAGVDBGTGGGDCCCAC	2.25e-1	9.63e-1	8.93e2	13	206	206	206	2	5	2.43	2	0.97
35	data/reference/motifs/JASPAR2026_CORE_plants_non-redundant_pfms_meme.txt	MA2387.1	NAC094	YGCCGTRNHNNHCACG	2.73e-2	9.66e-1	8.96e2	124	206	206	206	2	39	18.93	24	11.65
36	data/reference/motifs/JASPAR2026_CORE_plants_non-redundant_pfms_meme.txt	MA1266.2	RAP2-11	YCDYCGCCGGC	1.60e-2	9.68e-1	8.97e2	215	206	206	206	2	63	30.58	43	20.87
37	data/reference/motifs/JASPAR2026_CORE_plants_non-redundant_pfms_meme.txt	MA2499.1	LSH2	TACTGTTCA	8.61e-3	9.71e-1	9.00e2	412	206	206	206	12	104	50.49	79	38.35
38	data/reference/motifs/JASPAR2026_CORE_plants_non-redundant_pfms_meme.txt	MA1191.2	RVE7L	AAAATATCT	9.35e-3	9.72e-1	9.01e2	384	206	206	206	5	51	24.76	31	15.05
39	data/reference/motifs/JASPAR2026_CORE_plants_non-redundant_pfms_meme.txt	MA1775.2	MYB61	YACCWACC	9.31e-3	9.77e-1	9.06e2	405	206	206	206	3	184	89.32	166	80.58
40	data/reference/motifs/JASPAR2026_CORE_plants_non-redundant_pfms_meme.txt	MA1758.2	HSFA1E	AGAAGCTTCTAGAA	1.92e-2	9.78e-1	9.07e2	200	206	206	206	1	111	53.88	89	43.20
41	data/reference/motifs/JASPAR2026_CORE_plants_non-redundant_pfms_meme.txt	MA2105.1	GLYMA-13G317000	ACACGT	9.82e-3	9.79e-1	9.07e2	391	206	206	206	4	139	67.48	115	55.83
42	data/reference/motifs/JASPAR2026_CORE_plants_non-redundant_pfms_meme.txt	MA1055.3	SPL1	TGTACGGA	1.08e-2	9.86e-1	9.14e2	393	206	206	206	5	99	48.06	75	36.41
43	data/reference/motifs/JASPAR2026_CORE_plants_non-redundant_pfms_meme.txt	MA0585.2	AGL1	TTDCCWWWWWDGGWAA	1.09e-2	9.88e-1	9.16e2	404	206	206	206	3	186	90.29	169	82.04
44	data/reference/motifs/JASPAR2026_CORE_plants_non-redundant_pfms_meme.txt	MA1087.3	WRKY45	AAAAGTCAAM	1.11e-2	9.89e-1	9.17e2	410	206	206	206	10	25	12.14	11	5.34
45	data/reference/motifs/JASPAR2026_CORE_plants_non-redundant_pfms_meme.txt	MA0955.2	POPTR_0002s00440g	GTACGG	1.11e-2	9.90e-1	9.17e2	412	206	206	206	22	128	62.14	104	50.49
46	data/reference/motifs/JASPAR2026_CORE_plants_non-redundant_pfms_meme.txt	MA1011.2	PHYPADRAFT_72483	CACGTG	1.12e-2	9.90e-1	9.18e2	412	206	206	206	52	48	23.30	29	14.08
47	data/reference/motifs/JASPAR2026_CORE_plants_non-redundant_pfms_meme.txt	MA2759.1	ereb7	GCGGCGGCGGCGG	6.88e-1	9.91e-1	9.18e2	4	206	206	206	1	2	0.97	2	0.97
48	data/reference/motifs/JASPAR2026_CORE_plants_non-redundant_pfms_meme.txt	MA1352.1	TRP1	ACCCTAAACCCTAAACCCTAA	6.88e-1	9.91e-1	9.18e2	4	206	206	206	1	2	0.97	2	0.97
49	data/reference/motifs/JASPAR2026_CORE_plants_non-redundant_pfms_meme.txt	MA2741.1	SlWRKY7	AAAAAGTCAACC	1.26e-2	9.92e-1	9.19e2	380	206	206	206	5	44	21.36	26	12.62
50	data/reference/motifs/JASPAR2026_CORE_plants_non-redundant_pfms_meme.txt	MA0992.3	ERF4	CCGCCGYCA	1.80e-2	9.93e-1	9.21e2	277	206	206	206	2	98	47.57	76	36.89
51	data/reference/motifs/JASPAR2026_CORE_plants_non-redundant_pfms_meme.txt	MA1760.1	HSFA6A	GAAGNTTCTAGAA	7.20e-2	9.94e-1	9.21e2	68	206	206	206	1	40	19.42	28	13.59
52	data/reference/motifs/JASPAR2026_CORE_plants_non-redundant_pfms_meme.txt	MA0568.2	MYC3	CACGTG	1.27e-2	9.94e-1	9.22e2	409	206	206	206	10	169	82.04	149	72.33
53	data/reference/motifs/JASPAR2026_CORE_plants_non-redundant_pfms_meme.txt	MA1040.1	MYB46	GKTAGGTR	1.37e-2	9.96e-1	9.24e2	408	206	206	206	3	202	98.06	192	93.20
54	data/reference/motifs/JASPAR2026_CORE_plants_non-redundant_pfms_meme.txt	MA2744.1	SlWRKY40	AAAGTCAA	1.41e-2	9.97e-1	9.24e2	412	206	206	206	12	130	63.11	107	51.94
55	data/reference/motifs/JASPAR2026_CORE_plants_non-redundant_pfms_meme.txt	MA1296.2	WRKY46	CGTTGACTTT	1.79e-2	9.97e-1	9.24e2	328	206	206	206	6	10	4.85	2	0.97
56	data/reference/motifs/JASPAR2026_CORE_plants_non-redundant_pfms_meme.txt	MA2645.1	GLYMA-16G042900	GGTTGCKTSTTCHASAAGYWA	7.01e-2	9.98e-1	9.25e2	83	206	206	206	1	48	23.30	35	16.99
57	data/reference/motifs/JASPAR2026_CORE_plants_non-redundant_pfms_meme.txt	MA2604.1	dof22	ACTTTTAC	1.51e-2	9.98e-1	9.25e2	412	206	206	206	15	206	100.00	200	97.09
58	data/reference/motifs/JASPAR2026_CORE_plants_non-redundant_pfms_meme.txt	MA1666.3	HSFB2B	RGAAGSTTCTA	1.68e-2	9.98e-1	9.25e2	374	206	206	206	2	169	82.04	150	72.82
59	data/reference/motifs/JASPAR2026_CORE_plants_non-redundant_pfms_meme.txt	MA1384.1	PHL7	AAARGAATATTCY	1.90e-2	9.98e-1	9.25e2	333	206	206	206	2	120	58.25	98	47.57
60	data/reference/motifs/JASPAR2026_CORE_plants_non-redundant_pfms_meme.txt	MA0020.2	Dof2	AAAGC	1.59e-2	9.99e-1	9.26e2	412	206	206	206	32	73	35.44	52	25.24
61	data/reference/motifs/JASPAR2026_CORE_plants_non-redundant_pfms_meme.txt	MA0064.1	PBF	AAAGY	1.59e-2	9.99e-1	9.26e2	412	206	206	206	32	73	35.44	52	25.24
62	data/reference/motifs/JASPAR2026_CORE_plants_non-redundant_pfms_meme.txt	MA1784.1	NAC011	GTTGCTTSWNHHDCAAGYAAC	1.14e-1	9.99e-1	9.26e2	55	206	206	206	2	12	5.83	6	2.91
63	data/reference/motifs/JASPAR2026_CORE_plants_non-redundant_pfms_meme.txt	MA0984.2	DOF5.7	AAARR	1.64e-2	9.99e-1	9.26e2	412	206	206	206	172	195	94.66	182	88.35
64	data/reference/motifs/JASPAR2026_CORE_plants_non-redundant_pfms_meme.txt	MA2742.1	SlWRKY11	GTTGACTTTT	2.11e-2	9.99e-1	9.26e2	319	206	206	206	4	26	12.62	13	6.31
65	data/reference/motifs/JASPAR2026_CORE_plants_non-redundant_pfms_meme.txt	MA2069.1	PK10955.1	CTTTW	1.65e-2	9.99e-1	9.26e2	412	206	206	206	57	37	17.96	21	10.19
66	data/reference/motifs/JASPAR2026_CORE_plants_non-redundant_pfms_meme.txt	MA1792.1	NAC098	CKTGTNNHACACGTHA	3.61e-2	9.99e-1	9.26e2	189	206	206	206	3	27	13.11	15	7.28
67	data/reference/motifs/JASPAR2026_CORE_plants_non-redundant_pfms_meme.txt	MA1663.3	NAC050	CAAGTAAC	1.69e-2	9.99e-1	9.26e2	412	206	206	206	17	49	23.79	31	15.05
68	data/reference/motifs/JASPAR2026_CORE_plants_non-redundant_pfms_meme.txt	MA0590.1	LFY	YATTRACCGSCGGTYAATR	1.24e-1	9.99e-1	9.26e2	53	206	206	206	4	3	1.46	0	0.00
69	data/reference/motifs/JASPAR2026_CORE_plants_non-redundant_pfms_meme.txt	MA2045.2	NAC031	TTRCKTGTWNHACAAGTWA	4.38e-2	9.99e-1	9.26e2	166	206	206	206	1	92	44.66	74	35.92
70	data/reference/motifs/JASPAR2026_CORE_plants_non-redundant_pfms_meme.txt	MA2091.1	PK27109.1	GACAGCTG	1.86e-2	9.99e-1	9.26e2	394	206	206	206	12	18	8.74	7	3.40
71	data/reference/motifs/JASPAR2026_CORE_plants_non-redundant_pfms_meme.txt	MA0021.1	Dof3	AAAGYV	1.78e-2	9.99e-1	9.26e2	412	206	206	206	15	50	24.27	32	15.53
72	data/reference/motifs/JASPAR2026_CORE_plants_non-redundant_pfms_meme.txt	MA1197.2	CAMTA1	AARCGCGTG	3.78e-2	9.99e-1	9.26e2	194	206	206	206	2	54	26.21	38	18.45
73	data/reference/motifs/JASPAR2026_CORE_plants_non-redundant_pfms_meme.txt	MA1058.2	SPL4	GTACG	1.79e-2	9.99e-1	9.26e2	412	206	206	206	75	97	47.09	75	36.41
74	data/reference/motifs/JASPAR2026_CORE_plants_non-redundant_pfms_meme.txt	MA1065.3	TCP20	GTGGGWCCCAC	3.38e-2	9.99e-1	9.26e2	218	206	206	206	8	7	3.40	1	0.49
75	data/reference/motifs/JASPAR2026_CORE_plants_non-redundant_pfms_meme.txt	MA1177.2	MYB65	TAACCGHM	1.79e-2	9.99e-1	9.26e2	412	206	206	206	22	10	4.85	2	0.97
76	data/reference/motifs/JASPAR2026_CORE_plants_non-redundant_pfms_meme.txt	MA2762.1	myb53	AGTTAGGCAC	1.85e-2	9.99e-1	9.26e2	401	206	206	206	9	8	3.88	1	0.49
77	data/reference/motifs/JASPAR2026_CORE_plants_non-redundant_pfms_meme.txt	MA2736.1	la3	AACACGTG	1.87e-2	9.99e-1	9.26e2	398	206	206	206	2	194	94.17	181	87.86
78	data/reference/motifs/JASPAR2026_CORE_plants_non-redundant_pfms_meme.txt	MA2672.1	GLYMA-01G233000	AGAASCTTCT	1.87e-2	9.99e-1	9.27e2	402	206	206	206	2	194	94.17	181	87.86
79	data/reference/motifs/JASPAR2026_CORE_plants_non-redundant_pfms_meme.txt	MA1228.2	ERF091	RYGGCGGCGGHGG	7.13e-2	9.99e-1	9.27e2	106	206	206	206	1	60	29.13	46	22.33
80	data/reference/motifs/JASPAR2026_CORE_plants_non-redundant_pfms_meme.txt	MA1401.2	RVE7	AAAATATCT	2.62e-2	9.99e-1	9.27e2	289	206	206	206	1	154	74.76	135	65.53
81	data/reference/motifs/JASPAR2026_CORE_plants_non-redundant_pfms_meme.txt	MA1750.1	E2FE	TTTTTGGCGGGAAAA	5.00e-1	1.00e0	9.27e2	11	206	206	206	1	6	2.91	5	2.43
82	data/reference/motifs/JASPAR2026_CORE_plants_non-redundant_pfms_meme.txt	MA1732.1	E2FD	TTTTTGGCGGGAAAA	5.00e-1	1.00e0	9.27e2	11	206	206	206	1	6	2.91	5	2.43
83	data/reference/motifs/JASPAR2026_CORE_plants_non-redundant_pfms_meme.txt	MA2357.1	PK21687.1	WAAACCC	1.85e-2	1.00e0	9.27e2	412	206	206	206	51	8	3.88	1	0.49
84	data/reference/motifs/JASPAR2026_CORE_plants_non-redundant_pfms_meme.txt	MA1394.3	MYB73	AACGGTCA	1.90e-2	1.00e0	9.27e2	409	206	206	206	6	107	51.94	85	41.26
85	data/reference/motifs/JASPAR2026_CORE_plants_non-redundant_pfms_meme.txt	MA1056.2	SPL11	CGTACGGA	2.88e-2	1.00e0	9.27e2	279	206	206	206	1	149	72.33	130	63.11
86	data/reference/motifs/JASPAR2026_CORE_plants_non-redundant_pfms_meme.txt	MA0987.2	PHYPADRAFT_140773	AAAG	1.96e-2	1.00e0	9.27e2	412	206	206	206	155	70	33.98	50	24.27
87	data/reference/motifs/JASPAR2026_CORE_plants_non-redundant_pfms_meme.txt	MA2381.1	e_gw1.170.52.1	CTTT	1.96e-2	1.00e0	9.27e2	412	206	206	206	155	70	33.98	50	24.27
88	data/reference/motifs/JASPAR2026_CORE_plants_non-redundant_pfms_meme.txt	MA1786.2	NAC019	YACGBMA	2.00e-2	1.00e0	9.27e2	412	206	206	206	29	71	34.47	51	24.76
89	data/reference/motifs/JASPAR2026_CORE_plants_non-redundant_pfms_meme.txt	MA1051.1	RAP2-3	GCGCCGCC	2.36e-2	1.00e0	9.27e2	355	206	206	206	5	79	38.35	59	28.64
90	data/reference/motifs/JASPAR2026_CORE_plants_non-redundant_pfms_meme.txt	MA0936.1	NAC046	ACACGCMA	2.09e-2	1.00e0	9.27e2	412	206	206	206	37	139	67.48	118	57.28
91	data/reference/motifs/JASPAR2026_CORE_plants_non-redundant_pfms_meme.txt	MA2667.1	GLYMA-13G236500	ACGACGGCGGAG	3.59e-2	1.00e0	9.27e2	241	206	206	206	1	130	63.11	111	53.88
92	data/reference/motifs/JASPAR2026_CORE_plants_non-redundant_pfms_meme.txt	MA2354.1	PK06182.1	TACCTACC	2.25e-2	1.00e0	9.27e2	392	206	206	206	2	189	91.75	175	84.95
93	data/reference/motifs/JASPAR2026_CORE_plants_non-redundant_pfms_meme.txt	MA0557.2	FHY3	CACGCGCT	2.43e-2	1.00e0	9.27e2	364	206	206	206	3	113	54.85	92	44.66
94	data/reference/motifs/JASPAR2026_CORE_plants_non-redundant_pfms_meme.txt	MA0571.2	ANT	GCACRRWTCCCVAKGY	1.30e-1	1.00e0	9.27e2	64	206	206	206	2	9	4.37	4	1.94
95	data/reference/motifs/JASPAR2026_CORE_plants_non-redundant_pfms_meme.txt	MA2399.1	LjSGA_053525.1	GGGCCCAC	3.31e-2	1.00e0	9.27e2	270	206	206	206	3	50	24.27	34	16.50
96	data/reference/motifs/JASPAR2026_CORE_plants_non-redundant_pfms_meme.txt	MA0586.3	SPL14	TCCGTAC	4.74e-2	1.00e0	9.27e2	189	206	206	206	2	44	21.36	30	14.56
97	data/reference/motifs/JASPAR2026_CORE_plants_non-redundant_pfms_meme.txt	MA2355.1	PK06791.1	GTACGG	2.19e-2	1.00e0	9.27e2	412	206	206	206	21	75	36.41	55	26.70
98	data/reference/motifs/JASPAR2026_CORE_plants_non-redundant_pfms_meme.txt	MA1027.2	KAN1	WTATTC	2.22e-2	1.00e0	9.27e2	412	206	206	206	143	13	6.31	4	1.94
99	data/reference/motifs/JASPAR2026_CORE_plants_non-redundant_pfms_meme.txt	MA1206.2	ARF2	SMGACA	2.22e-2	1.00e0	9.27e2	412	206	206	206	31	13	6.31	4	1.94
100	data/reference/motifs/JASPAR2026_CORE_plants_non-redundant_pfms_meme.txt	MA2452.1	SPL8A	ATAGTACTC	2.30e-2	1.00e0	9.27e2	405	206	206	206	9	42	20.39	26	12.62
101	data/reference/motifs/JASPAR2026_CORE_plants_non-redundant_pfms_meme.txt	MA2359.1	PK23829.1	TTATCCR	2.27e-2	1.00e0	9.27e2	412	206	206	206	4	149	72.33	129	62.62
102	data/reference/motifs/JASPAR2026_CORE_plants_non-redundant_pfms_meme.txt	MA1370.2	IDD5	TTTTGTCGTTTWST	3.05e-2	1.00e0	9.27e2	309	206	206	206	6	5	2.43	0	0.00
103	data/reference/motifs/JASPAR2026_CORE_plants_non-redundant_pfms_meme.txt	MA2070.1	PK15337.1	CTTT	2.29e-2	1.00e0	9.27e2	412	206	206	206	285	97	47.09	76	36.89
104	data/reference/motifs/JASPAR2026_CORE_plants_non-redundant_pfms_meme.txt	MA2651.1	GLYMA-20G154400	GGGCCCCAC	2.81e-2	1.00e0	9.27e2	336	206	206	206	1	176	85.44	160	77.67
105	data/reference/motifs/JASPAR2026_CORE_plants_non-redundant_pfms_meme.txt	MA2382.1	e_gw1.209.40.1	CACGTG	2.36e-2	1.00e0	9.27e2	409	206	206	206	8	192	93.20	179	86.89
106	data/reference/motifs/JASPAR2026_CORE_plants_non-redundant_pfms_meme.txt	MA1823.2	Zm00001d027846	AAAGAAAA	2.34e-2	1.00e0	9.27e2	412	206	206	206	50	174	84.47	157	76.21
107	data/reference/motifs/JASPAR2026_CORE_plants_non-redundant_pfms_meme.txt	MA1044.2	NAC92	RCAMGCCA	2.36e-2	1.00e0	9.27e2	412	206	206	206	16	147	71.36	127	61.65
108	data/reference/motifs/JASPAR2026_CORE_plants_non-redundant_pfms_meme.txt	MA2483.1	PK20543.1	TTAACC	2.37e-2	1.00e0	9.27e2	412	206	206	206	69	103	50.00	82	39.81
109	data/reference/motifs/JASPAR2026_CORE_plants_non-redundant_pfms_meme.txt	MA0556.2	AP3	CCAAAARWRGAAA	2.39e-2	1.00e0	9.27e2	412	206	206	206	8	67	32.52	48	23.30
110	data/reference/motifs/JASPAR2026_CORE_plants_non-redundant_pfms_meme.txt	MA2078.1	PK19363.1	CGCCGCCR	2.62e-2	1.00e0	9.27e2	376	206	206	206	6	71	34.47	52	25.24
111	data/reference/motifs/JASPAR2026_CORE_plants_non-redundant_pfms_meme.txt	MA2360.1	PK28565.1	TAACBGTC	2.43e-2	1.00e0	9.27e2	411	206	206	206	9	111	53.88	90	43.69
112	data/reference/motifs/JASPAR2026_CORE_plants_non-redundant_pfms_meme.txt	MA0973.2	CDF2	AAAAAGY	2.43e-2	1.00e0	9.27e2	412	206	206	206	57	43	20.87	27	13.11
113	data/reference/motifs/JASPAR2026_CORE_plants_non-redundant_pfms_meme.txt	MA1788.1	NAC054	CTTGTNNHACACGYHAYCT	9.99e-2	1.00e0	9.27e2	96	206	206	206	1	54	26.21	42	20.39
114	data/reference/motifs/JASPAR2026_CORE_plants_non-redundant_pfms_meme.txt	MA1766.2	MYB17	YYCACCTACCW	2.60e-2	1.00e0	9.27e2	392	206	206	206	3	164	79.61	146	70.87
115	data/reference/motifs/JASPAR2026_CORE_plants_non-redundant_pfms_meme.txt	MA1402.1	BPC6	CTCTCTCTCTCTCTCTCTCTC	1.24e-1	1.00e0	9.27e2	78	206	206	206	7	18	8.74	11	5.34
116	data/reference/motifs/JASPAR2026_CORE_plants_non-redundant_pfms_meme.txt	MA0549.2	BZR2	RCACGTGKSV	5.66e-2	1.00e0	9.27e2	187	206	206	206	1	102	49.51	85	41.26
117	data/reference/motifs/JASPAR2026_CORE_plants_non-redundant_pfms_meme.txt	MA2669.1	GLYMA-04G231400	CAATAATTGATT	2.66e-2	1.00e0	9.27e2	398	206	206	206	1	203	98.54	195	94.66
118	data/reference/motifs/JASPAR2026_CORE_plants_non-redundant_pfms_meme.txt	MA1239.2	ERF104	CCDCCDCCGCCGCCRY	8.31e-2	1.00e0	9.27e2	128	206	206	206	1	71	34.47	57	27.67
119	data/reference/motifs/JASPAR2026_CORE_plants_non-redundant_pfms_meme.txt	MA2343.1	MYB3R3	CGCCGTTA	2.61e-2	1.00e0	9.27e2	410	206	206	206	8	140	67.96	120	58.25
120	data/reference/motifs/JASPAR2026_CORE_plants_non-redundant_pfms_meme.txt	MA2085.1	PK23763.1	CTTTW	2.60e-2	1.00e0	9.27e2	412	206	206	206	92	164	79.61	146	70.87
121	data/reference/motifs/JASPAR2026_CORE_plants_non-redundant_pfms_meme.txt	MA1287.2	TCP21	GTGGGMCCCAC	5.31e-2	1.00e0	9.27e2	206	206	206	206	3	27	13.11	16	7.77
122	data/reference/motifs/JASPAR2026_CORE_plants_non-redundant_pfms_meme.txt	MA1183.2	RVE6	AGATATTTT	2.93e-2	1.00e0	9.27e2	394	206	206	206	5	77	37.38	58	28.16
123	data/reference/motifs/JASPAR2026_CORE_plants_non-redundant_pfms_meme.txt	MA1198.2	HAT2	YAATCATT	2.82e-2	1.00e0	9.27e2	411	206	206	206	5	199	96.60	189	91.75
124	data/reference/motifs/JASPAR2026_CORE_plants_non-redundant_pfms_meme.txt	MA2034.2	NAC057	CAAGTAA	2.83e-2	1.00e0	9.27e2	412	206	206	206	21	94	45.63	74	35.92
125	data/reference/motifs/JASPAR2026_CORE_plants_non-redundant_pfms_meme.txt	MA2344.1	REV	AATMATCATTATTA	2.88e-2	1.00e0	9.27e2	408	206	206	206	3	201	97.57	192	93.20
126	data/reference/motifs/JASPAR2026_CORE_plants_non-redundant_pfms_meme.txt	MA1268.2	CDF5	TTYACTTTTTYTTTTTTTTTT	2.85e-2	1.00e0	9.27e2	412	206	206	206	6	169	82.04	152	73.79
127	data/reference/motifs/JASPAR2026_CORE_plants_non-redundant_pfms_meme.txt	MA1181.2	MYB113	AKTYMGTTAT	2.88e-2	1.00e0	9.27e2	412	206	206	206	4	201	97.57	192	93.20
128	data/reference/motifs/JASPAR2026_CORE_plants_non-redundant_pfms_meme.txt	MA1263.2	ERF055	KGKCGGTGG	4.82e-2	1.00e0	9.27e2	246	206	206	206	2	64	31.07	48	23.30
129	data/reference/motifs/JASPAR2026_CORE_plants_non-redundant_pfms_meme.txt	MA1071.2	DOF5.3	AAMG	2.88e-2	1.00e0	9.27e2	412	206	206	206	270	149	72.33	130	63.11
130	data/reference/motifs/JASPAR2026_CORE_plants_non-redundant_pfms_meme.txt	MA1350.1	BZIP42	TGCTGACGTGGC	2.55e-1	1.00e0	9.27e2	41	206	206	206	1	23	11.17	18	8.74
131	data/reference/motifs/JASPAR2026_CORE_plants_non-redundant_pfms_meme.txt	MA0975.1	CRF2	SCGCCGCC	5.73e-2	1.00e0	9.27e2	211	206	206	206	1	114	55.34	97	47.09
132	data/reference/motifs/JASPAR2026_CORE_plants_non-redundant_pfms_meme.txt	MA2640.1	GLYMA-19G062000	GTAACAGTTAC	3.05e-2	1.00e0	9.27e2	401	206	206	206	9	35	16.99	21	10.19
133	data/reference/motifs/JASPAR2026_CORE_plants_non-redundant_pfms_meme.txt	MA2659.1	GLYMA-08G281200	YTTGACTAATTAGGGTTWAKKGDT	2.49e-1	1.00e0	9.27e2	43	206	206	206	2	2	0.97	0	0.00
134	data/reference/motifs/JASPAR2026_CORE_plants_non-redundant_pfms_meme.txt	MA1024.2	HAT1	YAATCATK	2.99e-2	1.00e0	9.27e2	412	206	206	206	4	193	93.69	181	87.86
135	data/reference/motifs/JASPAR2026_CORE_plants_non-redundant_pfms_meme.txt	MA1010.2	PHYPADRAFT_64121	TGTCGGTA	2.99e-2	1.00e0	9.27e2	412	206	206	206	15	25	12.14	13	6.31
136	data/reference/motifs/JASPAR2026_CORE_plants_non-redundant_pfms_meme.txt	MA2429.1	SPL13D	AGCGGTASTACCGCT	5.00e-1	1.00e0	9.27e2	18	206	206	206	3	1	0.49	0	0.00
137	data/reference/motifs/JASPAR2026_CORE_plants_non-redundant_pfms_meme.txt	MA2738.1	Cnr	TCCGTACAAA	3.05e-2	1.00e0	9.27e2	411	206	206	206	16	5	2.43	0	0.00
138	data/reference/motifs/JASPAR2026_CORE_plants_non-redundant_pfms_meme.txt	MA1175.2	MYB81	TAACHGWWT	3.05e-2	1.00e0	9.27e2	412	206	206	206	10	185	89.81	171	83.01
139	data/reference/motifs/JASPAR2026_CORE_plants_non-redundant_pfms_meme.txt	MA1807.2	ZHD10	TAATTART	3.10e-2	1.00e0	9.27e2	407	206	206	206	2	204	99.03	197	95.63
140	data/reference/motifs/JASPAR2026_CORE_plants_non-redundant_pfms_meme.txt	MA0054.1	myb.Ph3	TAACBGTTW	3.10e-2	1.00e0	9.27e2	412	206	206	206	19	204	99.03	197	95.63
141	data/reference/motifs/JASPAR2026_CORE_plants_non-redundant_pfms_meme.txt	MA1404.1	BPC1	GAGAGAGAGAGAGAGAGAGAGAGA	1.38e-1	1.00e0	9.27e2	86	206	206	206	8	20	9.71	13	6.31
142	data/reference/motifs/JASPAR2026_CORE_plants_non-redundant_pfms_meme.txt	MA2644.1	GLYMA-14G030700	AACGACGGCA	3.69e-2	1.00e0	9.27e2	348	206	206	206	3	100	48.54	81	39.32
143	data/reference/motifs/JASPAR2026_CORE_plants_non-redundant_pfms_meme.txt	MA1316.2	WRKY71	AAAAGTCAAC	3.55e-2	1.00e0	9.27e2	363	206	206	206	4	52	25.24	36	17.48
144	data/reference/motifs/JASPAR2026_CORE_plants_non-redundant_pfms_meme.txt	MA1427.3	NAC028	CAAGTAA	3.16e-2	1.00e0	9.27e2	412	206	206	206	23	82	39.81	63	30.58
145	data/reference/motifs/JASPAR2026_CORE_plants_non-redundant_pfms_meme.txt	MA1356.1	TRP2	AACCCTAAACCCTAAACCCTA	5.00e-1	1.00e0	9.27e2	19	206	206	206	2	1	0.49	0	0.00
146	data/reference/motifs/JASPAR2026_CORE_plants_non-redundant_pfms_meme.txt	MA1785.2	NAC018	ACACGYAACY	3.44e-2	1.00e0	9.27e2	389	206	206	206	7	37	17.96	23	11.17
147	data/reference/motifs/JASPAR2026_CORE_plants_non-redundant_pfms_meme.txt	MA2027.2	MYB44	HAACGGTCA	3.41e-2	1.00e0	9.27e2	399	206	206	206	9	22	10.68	11	5.34
148	data/reference/motifs/JASPAR2026_CORE_plants_non-redundant_pfms_meme.txt	MA2379.1	DOF3.1	CKTT	3.31e-2	1.00e0	9.27e2	412	206	206	206	250	50	24.27	34	16.50
149	data/reference/motifs/JASPAR2026_CORE_plants_non-redundant_pfms_meme.txt	MA1829.2	Zm00001d035604	ACCTAAC	3.32e-2	1.00e0	9.27e2	412	206	206	206	34	18	8.74	8	3.88
150	data/reference/motifs/JASPAR2026_CORE_plants_non-redundant_pfms_meme.txt	MA2056.1	PK01144.1	CTTT	3.36e-2	1.00e0	9.27e2	412	206	206	206	212	178	86.41	163	79.13
151	data/reference/motifs/JASPAR2026_CORE_plants_non-redundant_pfms_meme.txt	MA2373.1	AZF2	ASTG	3.38e-2	1.00e0	9.27e2	412	206	206	206	137	205	99.51	199	96.60
152	data/reference/motifs/JASPAR2026_CORE_plants_non-redundant_pfms_meme.txt	MA2616.1	ereb17	CGCCGCCGCCGCCS	1.04e-1	1.00e0	9.27e2	135	206	206	206	1	74	35.92	61	29.61
153	data/reference/motifs/JASPAR2026_CORE_plants_non-redundant_pfms_meme.txt	MA1054.2	ARALYDRAFT_897773	KGGGACCAC	3.71e-2	1.00e0	9.27e2	385	206	206	206	4	101	49.03	82	39.81
154	data/reference/motifs/JASPAR2026_CORE_plants_non-redundant_pfms_meme.txt	MA2018.2	NAC69	ACAAGGCA	3.54e-2	1.00e0	9.27e2	412	206	206	206	19	15	7.28	6	2.91
155	data/reference/motifs/JASPAR2026_CORE_plants_non-redundant_pfms_meme.txt	MA2724.1	SlTCP18	GTGGGVCCCAC	5.71e-2	1.00e0	9.27e2	259	206	206	206	2	117	56.80	100	48.54
156	data/reference/motifs/JASPAR2026_CORE_plants_non-redundant_pfms_meme.txt	MA2446.1	SPL5A	GCGGTASTACCGC	1.42e-1	1.00e0	9.27e2	97	206	206	206	4	6	2.91	2	0.97
157	data/reference/motifs/JASPAR2026_CORE_plants_non-redundant_pfms_meme.txt	MA2658.1	GLYMA-19G094100	ATTGACTTW	3.62e-2	1.00e0	9.27e2	412	206	206	206	11	75	36.41	57	27.67
158	data/reference/motifs/JASPAR2026_CORE_plants_non-redundant_pfms_meme.txt	MA2708.1	SlDof4	AGAAAAAGTAA	3.62e-2	1.00e0	9.27e2	412	206	206	206	15	149	72.33	131	63.59
159	data/reference/motifs/JASPAR2026_CORE_plants_non-redundant_pfms_meme.txt	MA1262.2	ERF2	CCDCCGCCGCCRY	8.25e-2	1.00e0	9.27e2	183	206	206	206	1	99	48.06	84	40.78
160	data/reference/motifs/JASPAR2026_CORE_plants_non-redundant_pfms_meme.txt	MA2657.1	GLYMA-14G028900	AAAAGTCAAA	3.68e-2	1.00e0	9.27e2	410	206	206	206	9	63	30.58	46	22.33
161	data/reference/motifs/JASPAR2026_CORE_plants_non-redundant_pfms_meme.txt	MA1279.2	DOF1.5	AAADDAAAAAGTRAAA	3.67e-2	1.00e0	9.27e2	412	206	206	206	9	176	85.44	161	78.16
162	data/reference/motifs/JASPAR2026_CORE_plants_non-redundant_pfms_meme.txt	MA2636.1	FUL::AG	WCTTTCCATTTTTRGAAA	5.18e-2	1.00e0	9.27e2	292	206	206	206	1	154	74.76	138	66.99
163	data/reference/motifs/JASPAR2026_CORE_plants_non-redundant_pfms_meme.txt	MA2403.1	DVH24_040989	TTAACC	3.67e-2	1.00e0	9.27e2	412	206	206	206	64	99	48.06	80	38.83
164	data/reference/motifs/JASPAR2026_CORE_plants_non-redundant_pfms_meme.txt	MA1749.1	E2FC	AWDWWGGCGCCAAAA	2.49e-1	1.00e0	9.27e2	53	206	206	206	2	2	0.97	0	0.00
165	data/reference/motifs/JASPAR2026_CORE_plants_non-redundant_pfms_meme.txt	MA0969.2	CAMTA2	VCGCGT	3.71e-2	1.00e0	9.27e2	412	206	206	206	13	101	49.03	82	39.81
166	data/reference/motifs/JASPAR2026_CORE_plants_non-redundant_pfms_meme.txt	MA2361.1	PRUPE_ppa000682mg	GTACGG	3.72e-2	1.00e0	9.27e2	412	206	206	206	44	102	49.51	83	40.29
167	data/reference/motifs/JASPAR2026_CORE_plants_non-redundant_pfms_meme.txt	MA2743.1	SlWRKY23	AAAGTCAAM	3.80e-2	1.00e0	9.27e2	411	206	206	206	12	23	11.17	12	5.83
168	data/reference/motifs/JASPAR2026_CORE_plants_non-redundant_pfms_meme.txt	MA2615.1	ereb109	CGCCGCC	3.62e-1	1.00e0	9.27e2	35	206	206	206	1	19	9.22	16	7.77
169	data/reference/motifs/JASPAR2026_CORE_plants_non-redundant_pfms_meme.txt	MA2623.1	hb66	CCAATCA	3.83e-2	1.00e0	9.27e2	412	206	206	206	42	33	16.02	20	9.71
170	data/reference/motifs/JASPAR2026_CORE_plants_non-redundant_pfms_meme.txt	MA1794.2	NLP7	TGVCYYTT	3.84e-2	1.00e0	9.27e2	412	206	206	206	13	145	70.39	127	61.65
171	data/reference/motifs/JASPAR2026_CORE_plants_non-redundant_pfms_meme.txt	MA2451.1	SPL7B	AGCGGTASTACCGCT	5.00e-1	1.00e0	9.27e2	23	206	206	206	2	9	4.37	8	3.88
172	data/reference/motifs/JASPAR2026_CORE_plants_non-redundant_pfms_meme.txt	MA1816.2	O11	CACGTG	4.74e-2	1.00e0	9.27e2	338	206	206	206	2	176	85.44	162	78.64
173	data/reference/motifs/JASPAR2026_CORE_plants_non-redundant_pfms_meme.txt	MA2398.1	AS2	CGGCGGMRRHDRCGGCGG	1.37e-1	1.00e0	9.27e2	117	206	206	206	1	64	31.07	53	25.73
174	data/reference/motifs/JASPAR2026_CORE_plants_non-redundant_pfms_meme.txt	MA1734.1	AT1G19040	CTTGNDCYBCAAGTWW	1.37e-1	1.00e0	9.27e2	117	206	206	206	1	64	31.07	53	25.73
175	data/reference/motifs/JASPAR2026_CORE_plants_non-redundant_pfms_meme.txt	MA1368.3	GT-4	TAACTATGGTTA	4.41e-2	1.00e0	9.27e2	365	206	206	206	3	131	63.59	113	54.85
176	data/reference/motifs/JASPAR2026_CORE_plants_non-redundant_pfms_meme.txt	MA1267.2	DOF5.8	TTTTTHYTTTTTACTTTTT	3.93e-2	1.00e0	9.27e2	412	206	206	206	11	157	76.21	140	67.96
177	data/reference/motifs/JASPAR2026_CORE_plants_non-redundant_pfms_meme.txt	MA1213.3	ZHD3	CAATTATTG	3.97e-2	1.00e0	9.27e2	409	206	206	206	7	174	84.47	159	77.18
178	data/reference/motifs/JASPAR2026_CORE_plants_non-redundant_pfms_meme.txt	MA0950.1	ATHB-12	AATGATTG	3.94e-2	1.00e0	9.27e2	412	206	206	206	40	143	69.42	125	60.68
179	data/reference/motifs/JASPAR2026_CORE_plants_non-redundant_pfms_meme.txt	MA1204.1	AGL13	TTWCCAAAAAWRGWAAAW	8.35e-2	1.00e0	9.27e2	195	206	206	206	1	105	50.97	90	43.69
180	data/reference/motifs/JASPAR2026_CORE_plants_non-redundant_pfms_meme.txt	MA2648.1	GLYMA-19G146000	AAGGTACAC	3.99e-2	1.00e0	9.27e2	412	206	206	206	6	142	68.93	124	60.19
181	data/reference/motifs/JASPAR2026_CORE_plants_non-redundant_pfms_meme.txt	MA1211.2	ATHB-X	YAATYATTD	4.01e-2	1.00e0	9.27e2	411	206	206	206	6	166	80.58	150	72.82
182	data/reference/motifs/JASPAR2026_CORE_plants_non-redundant_pfms_meme.txt	MA1318.2	WRKY27	CGTTGACTTTT	6.37e-2	1.00e0	9.27e2	260	206	206	206	3	30	14.56	19	9.22
183	data/reference/motifs/JASPAR2026_CORE_plants_non-redundant_pfms_meme.txt	MA1289.2	TCP3	GGGACCAC	1.10e-1	1.00e0	9.27e2	151	206	206	206	1	82	39.81	69	33.50
184	data/reference/motifs/JASPAR2026_CORE_plants_non-redundant_pfms_meme.txt	MA0983.2	DOF5.6	AAMG	4.07e-2	1.00e0	9.27e2	412	206	206	206	97	34	16.50	21	10.19
185	data/reference/motifs/JASPAR2026_CORE_plants_non-redundant_pfms_meme.txt	MA1706.2	AT1G14600	WAYATTCT	4.11e-2	1.00e0	9.27e2	412	206	206	206	53	173	83.98	158	76.70
186	data/reference/motifs/JASPAR2026_CORE_plants_non-redundant_pfms_meme.txt	MA0989.2	PHYPADRAFT_153324	WAAAG	4.11e-2	1.00e0	9.27e2	412	206	206	206	169	173	83.98	158	76.70
187	data/reference/motifs/JASPAR2026_CORE_plants_non-redundant_pfms_meme.txt	MA2383.1	e_gw1.392.16.1	CTTTW	4.11e-2	1.00e0	9.27e2	412	206	206	206	169	173	83.98	158	76.70
188	data/reference/motifs/JASPAR2026_CORE_plants_non-redundant_pfms_meme.txt	MA2638.1	FUL::SEP3	TTWCTATTTATAGTAA	5.74e-2	1.00e0	9.27e2	300	206	206	206	2	111	53.88	94	45.63
189	data/reference/motifs/JASPAR2026_CORE_plants_non-redundant_pfms_meme.txt	MA2016.2	GRF6	TCTGACA	6.16e-2	1.00e0	9.27e2	281	206	206	206	6	4	1.94	0	0.00
190	data/reference/motifs/JASPAR2026_CORE_plants_non-redundant_pfms_meme.txt	MA1741.1	BRN2	CTTGWWHYDYACGYWA	5.25e-2	1.00e0	9.27e2	331	206	206	206	4	47	22.82	33	16.02
191	data/reference/motifs/JASPAR2026_CORE_plants_non-redundant_pfms_meme.txt	MA2046.2	NAC035	CACGGCA	4.22e-2	1.00e0	9.27e2	412	206	206	206	15	29	14.08	17	8.25
192	data/reference/motifs/JASPAR2026_CORE_plants_non-redundant_pfms_meme.txt	MA2726.1	SlWRKY41	GTTGACTT	4.25e-2	1.00e0	9.27e2	411	206	206	206	11	49	23.79	34	16.50
193	data/reference/motifs/JASPAR2026_CORE_plants_non-redundant_pfms_meme.txt	MA2017.2	JUB1	ACGGCGA	4.56e-2	1.00e0	9.27e2	387	206	206	206	8	43	20.87	29	14.08
194	data/reference/motifs/JASPAR2026_CORE_plants_non-redundant_pfms_meme.txt	MA1743.2	BZIP2	TGCTGACGTGGCA	1.73e-1	1.00e0	9.27e2	93	206	206	206	1	51	24.76	42	20.39
195	data/reference/motifs/JASPAR2026_CORE_plants_non-redundant_pfms_meme.txt	MA0937.1	NAC055	ACACGTAA	4.31e-2	1.00e0	9.27e2	411	206	206	206	15	35	16.99	22	10.68
196	data/reference/motifs/JASPAR2026_CORE_plants_non-redundant_pfms_meme.txt	MA0938.3	NAC058	TTACKTGTDNMACAAGWAA	1.51e-1	1.00e0	9.27e2	118	206	206	206	2	41	19.90	32	15.53
197	data/reference/motifs/JASPAR2026_CORE_plants_non-redundant_pfms_meme.txt	MA1288.2	TCP22	GTGGGHCCCAC	1.10e-1	1.00e0	9.27e2	162	206	206	206	4	8	3.88	3	1.46
198	data/reference/motifs/JASPAR2026_CORE_plants_non-redundant_pfms_meme.txt	MA1822.2	Zm00001d018571	GTACGTAC	4.54e-2	1.00e0	9.27e2	397	206	206	206	3	183	88.83	170	82.52
199	data/reference/motifs/JASPAR2026_CORE_plants_non-redundant_pfms_meme.txt	MA2033.2	NAC038	TTDCKTGTDNHACAAGTWA	1.67e-1	1.00e0	9.27e2	108	206	206	206	2	35	16.99	27	13.11
200	data/reference/motifs/JASPAR2026_CORE_plants_non-redundant_pfms_meme.txt	MA2748.1	TraesCS6B02G321100	CAATTATTG	4.43e-2	1.00e0	9.27e2	409	206	206	206	7	162	78.64	146	70.87
201	data/reference/motifs/JASPAR2026_CORE_plants_non-redundant_pfms_meme.txt	MA2084.1	PK23009.1	CTTTW	4.41e-2	1.00e0	9.27e2	412	206	206	206	156	93	45.15	75	36.41
202	data/reference/motifs/JASPAR2026_CORE_plants_non-redundant_pfms_meme.txt	MA2347.1	OS04G0486400	TAACC	4.44e-2	1.00e0	9.27e2	412	206	206	206	99	130	63.11	112	54.37
203	data/reference/motifs/JASPAR2026_CORE_plants_non-redundant_pfms_meme.txt	MA1022.2	PHYPADRAFT_38837	AAAG	4.45e-2	1.00e0	9.27e2	412	206	206	206	172	73	35.44	56	27.18
204	data/reference/motifs/JASPAR2026_CORE_plants_non-redundant_pfms_meme.txt	MA0981.2	DOF1.8	AAAG	4.45e-2	1.00e0	9.27e2	412	206	206	206	172	73	35.44	56	27.18
205	data/reference/motifs/JASPAR2026_CORE_plants_non-redundant_pfms_meme.txt	MA2394.1	PpDof6	CTTT	4.45e-2	1.00e0	9.27e2	412	206	206	206	172	73	35.44	56	27.18
206	data/reference/motifs/JASPAR2026_CORE_plants_non-redundant_pfms_meme.txt	MA2014.2	BAM8	CACACGTGY	6.22e-2	1.00e0	9.27e2	298	206	206	206	3	83	40.29	67	32.52
207	data/reference/motifs/JASPAR2026_CORE_plants_non-redundant_pfms_meme.txt	MA1064.2	TCP2	TGGKMCCA	4.53e-2	1.00e0	9.27e2	409	206	206	206	28	51	24.76	36	17.48
208	data/reference/motifs/JASPAR2026_CORE_plants_non-redundant_pfms_meme.txt	MA0970.2	CAMTA3	CCGCGT	4.58e-2	1.00e0	9.27e2	408	206	206	206	7	124	60.19	106	51.46
209	data/reference/motifs/JASPAR2026_CORE_plants_non-redundant_pfms_meme.txt	MA2074.1	PK17878.1	CGCCGCCA	8.87e-2	1.00e0	9.27e2	211	206	206	206	2	60	29.13	47	22.82
210	data/reference/motifs/JASPAR2026_CORE_plants_non-redundant_pfms_meme.txt	MA1791.1	NAC087	TTDCTTGTNNNACACGYWA	1.76e-1	1.00e0	9.27e2	97	206	206	206	1	53	25.73	44	21.36
211	data/reference/motifs/JASPAR2026_CORE_plants_non-redundant_pfms_meme.txt	MA2732.1	Sl-ERF_C_4	YCGCCGCCGCCR	8.25e-2	1.00e0	9.27e2	229	206	206	206	1	122	59.22	107	51.94
212	data/reference/motifs/JASPAR2026_CORE_plants_non-redundant_pfms_meme.txt	MA0001.3	AGL3	CCAWWWATAG	4.61e-2	1.00e0	9.27e2	412	206	206	206	13	102	49.51	84	40.78
213	data/reference/motifs/JASPAR2026_CORE_plants_non-redundant_pfms_meme.txt	MA0573.2	ATHB-9	GTAATGATTRCDYBS	3.71e-1	1.00e0	9.27e2	41	206	206	206	1	22	10.68	19	9.22
214	data/reference/motifs/JASPAR2026_CORE_plants_non-redundant_pfms_meme.txt	MA2426.1	SPL11B	AGCGGTASTACCGCT	4.20e-1	1.00e0	9.27e2	35	206	206	206	2	14	6.80	12	5.83
215	data/reference/motifs/JASPAR2026_CORE_plants_non-redundant_pfms_meme.txt	MA1272.3	DOF2.2	AAAAAG	4.64e-2	1.00e0	9.27e2	412	206	206	206	8	104	50.49	86	41.75
216	data/reference/motifs/JASPAR2026_CORE_plants_non-redundant_pfms_meme.txt	MA1285.2	TCP9	GTGGGTCCCAC	1.61e-1	1.00e0	9.27e2	119	206	206	206	3	11	5.34	6	2.91
217	data/reference/motifs/JASPAR2026_CORE_plants_non-redundant_pfms_meme.txt	MA1696.2	ARF39	GGGGRACACGT	4.80e-2	1.00e0	9.27e2	404	206	206	206	7	53	25.73	38	18.45
218	data/reference/motifs/JASPAR2026_CORE_plants_non-redundant_pfms_meme.txt	MA2719.1	lat61	CRCACGTGYG	1.42e-1	1.00e0	9.27e2	137	206	206	206	6	6	2.91	2	0.97
219	data/reference/motifs/JASPAR2026_CORE_plants_non-redundant_pfms_meme.txt	MA1309.1	WRKY3	AAAAGTCAACG	5.71e-2	1.00e0	9.27e2	341	206	206	206	2	117	56.80	100	48.54
220	data/reference/motifs/JASPAR2026_CORE_plants_non-redundant_pfms_meme.txt	MA2634.1	EIN3	AGATTCATTGAATCT	6.16e-2	1.00e0	9.27e2	319	206	206	206	9	4	1.94	0	0.00
221	data/reference/motifs/JASPAR2026_CORE_plants_non-redundant_pfms_meme.txt	MA1039.1	MYB4	GGTWGGTR	4.82e-2	1.00e0	9.27e2	412	206	206	206	24	21	10.19	11	5.34
222	data/reference/motifs/JASPAR2026_CORE_plants_non-redundant_pfms_meme.txt	MA1061.2	SPT	CCACGTG	4.88e-2	1.00e0	9.27e2	409	206	206	206	13	80	38.83	63	30.58
223	data/reference/motifs/JASPAR2026_CORE_plants_non-redundant_pfms_meme.txt	MA1277.2	DOF1.7	AAAAAGTARAA	5.00e-2	1.00e0	9.27e2	412	206	206	206	15	181	87.86	168	81.55
224	data/reference/motifs/JASPAR2026_CORE_plants_non-redundant_pfms_meme.txt	MA1286.2	TCP24	GGGACCAC	9.13e-2	1.00e0	9.27e2	226	206	206	206	2	62	30.10	49	23.79
225	data/reference/motifs/JASPAR2026_CORE_plants_non-redundant_pfms_meme.txt	MA1274.1	DOF3.6	TTTWCTTTTTHHYTTTTTTTT	5.08e-2	1.00e0	9.27e2	412	206	206	206	13	174	84.47	160	77.67
226	data/reference/motifs/JASPAR2026_CORE_plants_non-redundant_pfms_meme.txt	MA1417.2	O2	TGCCACGTCATC	1.00e-1	1.00e0	9.27e2	210	206	206	206	1	112	54.37	98	47.57
227	data/reference/motifs/JASPAR2026_CORE_plants_non-redundant_pfms_meme.txt	MA1416.1	RAMOSA1	GAGAGAGAGAGAGA	1.08e-1	1.00e0	9.27e2	196	206	206	206	18	5	2.43	1	0.49
228	data/reference/motifs/JASPAR2026_CORE_plants_non-redundant_pfms_meme.txt	MA0974.3	CDF3	AAAAAGTG	5.22e-2	1.00e0	9.27e2	412	206	206	206	11	180	87.38	167	81.07
229	data/reference/motifs/JASPAR2026_CORE_plants_non-redundant_pfms_meme.txt	MA2358.1	PK22320.1	GTACGG	5.25e-2	1.00e0	9.27e2	412	206	206	206	17	47	22.82	33	16.02
230	data/reference/motifs/JASPAR2026_CORE_plants_non-redundant_pfms_meme.txt	MA2625.1	mybr17	CATTATC	5.25e-2	1.00e0	9.27e2	412	206	206	206	46	8	3.88	2	0.97
231	data/reference/motifs/JASPAR2026_CORE_plants_non-redundant_pfms_meme.txt	MA2479.1	TCX5	ATTCAAAT	5.25e-2	1.00e0	9.27e2	412	206	206	206	5	204	99.03	198	96.12
232	data/reference/motifs/JASPAR2026_CORE_plants_non-redundant_pfms_meme.txt	MA0563.2	SEP3	CYWTTTTTGG	5.25e-2	1.00e0	9.27e2	412	206	206	206	29	8	3.88	2	0.97
233	data/reference/motifs/JASPAR2026_CORE_plants_non-redundant_pfms_meme.txt	MA1234.2	ERF017	TGGWCGGTG	7.72e-2	1.00e0	9.27e2	285	206	206	206	2	85	41.26	70	33.98
234	data/reference/motifs/JASPAR2026_CORE_plants_non-redundant_pfms_meme.txt	MA2502.1	TMF	CTACAGTA	5.43e-2	1.00e0	9.27e2	411	206	206	206	8	163	79.13	148	71.84
235	data/reference/motifs/JASPAR2026_CORE_plants_non-redundant_pfms_meme.txt	MA2009.2	NAC010	TAACTTGTDNHACAAGTTACC	2.08e-1	1.00e0	9.27e2	96	206	206	206	3	9	4.37	5	2.43
236	data/reference/motifs/JASPAR2026_CORE_plants_non-redundant_pfms_meme.txt	MA2006.2	NAC020	GGTTGCKTGTDNMACAAGTAA	2.49e-1	1.00e0	9.27e2	78	206	206	206	4	2	0.97	0	0.00
237	data/reference/motifs/JASPAR2026_CORE_plants_non-redundant_pfms_meme.txt	MA0964.3	BIM1	TCACGTGA	7.60e-2	1.00e0	9.27e2	298	206	206	206	2	156	75.73	142	68.93
238	data/reference/motifs/JASPAR2026_CORE_plants_non-redundant_pfms_meme.txt	MA2442.1	SPL3B	AGCGGTASTACCGC	2.49e-1	1.00e0	9.27e2	79	206	206	206	4	2	0.97	0	0.00
239	data/reference/motifs/JASPAR2026_CORE_plants_non-redundant_pfms_meme.txt	MA2035.2	NAC075	GWAGCTTGTNNNACAAGCTW	1.44e-1	1.00e0	9.27e2	158	206	206	206	3	21	10.19	14	6.80
240	data/reference/motifs/JASPAR2026_CORE_plants_non-redundant_pfms_meme.txt	MA0990.2	HDG11	AWTWAATGC	5.55e-2	1.00e0	9.27e2	412	206	206	206	51	162	78.64	147	71.36
241	data/reference/motifs/JASPAR2026_CORE_plants_non-redundant_pfms_meme.txt	MA1790.1	NAC073	CTTSWYBHWCAMGYT	6.09e-2	1.00e0	9.27e2	377	206	206	206	10	6	2.91	1	0.49
242	data/reference/motifs/JASPAR2026_CORE_plants_non-redundant_pfms_meme.txt	MA0559.1	PI	CCAAAARWRGAAAR	5.61e-2	1.00e0	9.27e2	412	206	206	206	9	124	60.19	107	51.94
243	data/reference/motifs/JASPAR2026_CORE_plants_non-redundant_pfms_meme.txt	MA1057.2	SPL12	GTACGG	5.66e-2	1.00e0	9.27e2	412	206	206	206	14	161	78.16	146	70.87
244	data/reference/motifs/JASPAR2026_CORE_plants_non-redundant_pfms_meme.txt	MA1330.2	ZHD6	AAWHRTAATTAA	5.66e-2	1.00e0	9.27e2	412	206	206	206	14	121	58.74	104	50.49
245	data/reference/motifs/JASPAR2026_CORE_plants_non-redundant_pfms_meme.txt	MA1241.2	ERF043	CCACCGACA	2.17e-1	1.00e0	9.27e2	108	206	206	206	1	58	28.16	50	24.27
246	data/reference/motifs/JASPAR2026_CORE_plants_non-redundant_pfms_meme.txt	MA1290.1	TCP17	GTGGTCCCCAC	1.18e-1	1.00e0	9.27e2	199	206	206	206	1	106	51.46	93	45.15
247	data/reference/motifs/JASPAR2026_CORE_plants_non-redundant_pfms_meme.txt	MA1405.2	SIZF2	ACTGACAGT	5.89e-2	1.00e0	9.27e2	402	206	206	206	10	51	24.76	37	17.96
248	data/reference/motifs/JASPAR2026_CORE_plants_non-redundant_pfms_meme.txt	MA1677.2	NAC078	CAAGAAA	5.77e-2	1.00e0	9.27e2	412	206	206	206	20	23	11.17	13	6.31
249	data/reference/motifs/JASPAR2026_CORE_plants_non-redundant_pfms_meme.txt	MA0005.3	AG	TTWCCWAAWHDGGHAA	6.16e-2	1.00e0	9.27e2	387	206	206	206	12	4	1.94	0	0.00
250	data/reference/motifs/JASPAR2026_CORE_plants_non-redundant_pfms_meme.txt	MA2729.1	vahox1	AAATAATTG	5.86e-2	1.00e0	9.27e2	410	206	206	206	13	145	70.39	129	62.62
251	data/reference/motifs/JASPAR2026_CORE_plants_non-redundant_pfms_meme.txt	MA2365.1	VIT_17s0000g10420	GTTAACYV	6.17e-2	1.00e0	9.27e2	390	206	206	206	1	199	96.60	191	92.72
252	data/reference/motifs/JASPAR2026_CORE_plants_non-redundant_pfms_meme.txt	MA1764.2	MYB116	TGCCTAACTT	8.00e-2	1.00e0	9.27e2	306	206	206	206	2	91	44.17	76	36.89
253	data/reference/motifs/JASPAR2026_CORE_plants_non-redundant_pfms_meme.txt	MA0965.3	BIM2	CACGTG	6.67e-2	1.00e0	9.27e2	372	206	206	206	2	191	92.72	181	87.86
254	data/reference/motifs/JASPAR2026_CORE_plants_non-redundant_pfms_meme.txt	MA1282.2	TCP13	GTGGGGACCAC	1.97e-1	1.00e0	9.27e2	127	206	206	206	1	68	33.01	59	28.64
255	data/reference/motifs/JASPAR2026_CORE_plants_non-redundant_pfms_meme.txt	MA1041.1	MYB55	ACCTACCG	6.16e-2	1.00e0	9.27e2	408	206	206	206	1	206	100.00	202	98.06
256	data/reference/motifs/JASPAR2026_CORE_plants_non-redundant_pfms_meme.txt	MA1278.2	DOF3.4	TTYTTTTTTWVCTTTTT	6.11e-2	1.00e0	9.27e2	412	206	206	206	19	81	39.32	65	31.55
257	data/reference/motifs/JASPAR2026_CORE_plants_non-redundant_pfms_meme.txt	MA0564.2	ABI3	GCATGC	6.16e-2	1.00e0	9.27e2	410	206	206	206	36	4	1.94	0	0.00
258	data/reference/motifs/JASPAR2026_CORE_plants_non-redundant_pfms_meme.txt	MA2015.2	NAC002	ACGCAACT	6.16e-2	1.00e0	9.27e2	411	206	206	206	2	206	100.00	202	98.06
259	data/reference/motifs/JASPAR2026_CORE_plants_non-redundant_pfms_meme.txt	MA1273.2	DOF4.2	AAAAAGGYAAA	6.16e-2	1.00e0	9.27e2	412	206	206	206	19	4	1.94	0	0.00
260	data/reference/motifs/JASPAR2026_CORE_plants_non-redundant_pfms_meme.txt	MA1381.2	AT3G46070	TCACTCT	6.16e-2	1.00e0	9.27e2	412	206	206	206	28	4	1.94	0	0.00
261	data/reference/motifs/JASPAR2026_CORE_plants_non-redundant_pfms_meme.txt	MA2714.1	APETALA2a	ATTACCTCGTACYA	1.76e-1	1.00e0	9.27e2	144	206	206	206	1	77	37.38	67	32.52
262	data/reference/motifs/JASPAR2026_CORE_plants_non-redundant_pfms_meme.txt	MA0962.2	bHLH34	GCACGTG	7.77e-2	1.00e0	9.27e2	330	206	206	206	3	86	41.75	71	34.47
263	data/reference/motifs/JASPAR2026_CORE_plants_non-redundant_pfms_meme.txt	MA0931.2	ABI5	GMCACGTG	8.38e-2	1.00e0	9.27e2	307	206	206	206	2	109	52.91	94	45.63
264	data/reference/motifs/JASPAR2026_CORE_plants_non-redundant_pfms_meme.txt	MA1762.2	MYB10	YCACCWAMCW	6.70e-2	1.00e0	9.27e2	393	206	206	206	8	20	9.71	11	5.34
265	data/reference/motifs/JASPAR2026_CORE_plants_non-redundant_pfms_meme.txt	MA1169.1	MYB105	WTHDWWACCGTTA	8.25e-2	1.00e0	9.27e2	320	206	206	206	4	36	17.48	25	12.14
266	data/reference/motifs/JASPAR2026_CORE_plants_non-redundant_pfms_meme.txt	MA2670.1	GLYMA-15G168800	CAATGATTG	6.76e-2	1.00e0	9.27e2	394	206	206	206	10	12	5.83	5	2.43
267	data/reference/motifs/JASPAR2026_CORE_plants_non-redundant_pfms_meme.txt	MA2043.2	NAC004	CAAGAAA	6.47e-2	1.00e0	9.27e2	412	206	206	206	15	134	65.05	118	57.28
268	data/reference/motifs/JASPAR2026_CORE_plants_non-redundant_pfms_meme.txt	MA2448.1	SPL5D	AGCGGTASTACCGC	3.43e-1	1.00e0	9.27e2	64	206	206	206	3	4	1.94	2	0.97
269	data/reference/motifs/JASPAR2026_CORE_plants_non-redundant_pfms_meme.txt	MA1835.2	TFLG2-Zm00001d042777	GTACGTAC	7.08e-2	1.00e0	9.27e2	381	206	206	206	4	146	70.87	131	63.59
270	data/reference/motifs/JASPAR2026_CORE_plants_non-redundant_pfms_meme.txt	MA2444.1	SPL4A	GCGGTASTACCGC	2.43e-1	1.00e0	9.27e2	97	206	206	206	1	52	25.24	45	21.84
271	data/reference/motifs/JASPAR2026_CORE_plants_non-redundant_pfms_meme.txt	MA0972.1	CCA1	AAATATCT	6.67e-2	1.00e0	9.27e2	412	206	206	206	16	25	12.14	15	7.28
272	data/reference/motifs/JASPAR2026_CORE_plants_non-redundant_pfms_meme.txt	MA1795.2	RAP2-4	CRCCGACC	6.70e-2	1.00e0	9.27e2	411	206	206	206	27	31	15.05	20	9.71
273	data/reference/motifs/JASPAR2026_CORE_plants_non-redundant_pfms_meme.txt	MA2023.2	PHL4	RGAATATTCC	8.96e-2	1.00e0	9.27e2	310	206	206	206	3	79	38.35	65	31.55
274	data/reference/motifs/JASPAR2026_CORE_plants_non-redundant_pfms_meme.txt	MA1257.2	ERF9	GGCGGHKRYGGCGGCGGMG	2.53e-1	1.00e0	9.27e2	111	206	206	206	1	59	28.64	52	25.24
275	data/reference/motifs/JASPAR2026_CORE_plants_non-redundant_pfms_meme.txt	MA2661.1	GLYMA-03G081700	CTACGTGGCA	7.03e-2	1.00e0	9.27e2	399	206	206	206	10	32	15.53	21	10.19
276	data/reference/motifs/JASPAR2026_CORE_plants_non-redundant_pfms_meme.txt	MA1244.2	ABR1	DTKGCGGCGGMG	1.39e-1	1.00e0	9.27e2	202	206	206	206	1	107	51.94	95	46.12
277	data/reference/motifs/JASPAR2026_CORE_plants_non-redundant_pfms_meme.txt	MA2055.1	PK00315.1	GACAGCTR	6.84e-2	1.00e0	9.27e2	412	206	206	206	12	72	34.95	57	27.67
278	data/reference/motifs/JASPAR2026_CORE_plants_non-redundant_pfms_meme.txt	MA0558.2	FLC	CCMAAAATRGAAAG	6.89e-2	1.00e0	9.27e2	409	206	206	206	6	102	49.51	86	41.75
279	data/reference/motifs/JASPAR2026_CORE_plants_non-redundant_pfms_meme.txt	MA1660.2	NAC013	TTACTTGTTCYMCAAGTAA	2.22e-1	1.00e0	9.27e2	127	206	206	206	2	41	19.90	34	16.50
280	data/reference/motifs/JASPAR2026_CORE_plants_non-redundant_pfms_meme.txt	MA1021.2	PHYPADRAFT_48267	CACGTGC	8.31e-2	1.00e0	9.27e2	341	206	206	206	3	102	49.51	87	42.23
281	data/reference/motifs/JASPAR2026_CORE_plants_non-redundant_pfms_meme.txt	MA1745.2	BZIP63	TSACGTGG	7.36e-2	1.00e0	9.27e2	387	206	206	206	2	169	82.04	156	75.73
282	data/reference/motifs/JASPAR2026_CORE_plants_non-redundant_pfms_meme.txt	MA1364.2	BHLH72	GCCACGTGG	1.11e-1	1.00e0	9.27e2	259	206	206	206	1	136	66.02	123	59.71
283	data/reference/motifs/JASPAR2026_CORE_plants_non-redundant_pfms_meme.txt	MA1805.2	WRKY53	RGTCAAC	6.96e-2	1.00e0	9.27e2	412	206	206	206	12	179	86.89	167	81.07
284	data/reference/motifs/JASPAR2026_CORE_plants_non-redundant_pfms_meme.txt	MA1170.2	MYB118	RWCCGTTACRWW	1.10e-1	1.00e0	9.27e2	261	206	206	206	1	137	66.50	124	60.19
285	data/reference/motifs/JASPAR2026_CORE_plants_non-redundant_pfms_meme.txt	MA1328.1	ZHD9	WTWAWHNVYTAATYA	6.97e-2	1.00e0	9.27e2	412	206	206	206	12	111	53.88	95	46.12
286	data/reference/motifs/JASPAR2026_CORE_plants_non-redundant_pfms_meme.txt	MA0053.1	MNB1A	AAAGC	6.98e-2	1.00e0	9.27e2	412	206	206	206	33	16	7.77	8	3.88
287	data/reference/motifs/JASPAR2026_CORE_plants_non-redundant_pfms_meme.txt	MA2755.1	hsftf24	ACTAGAAGCTTCTGGAA	1.04e-1	1.00e0	9.27e2	277	206	206	206	1	145	70.39	132	64.08
288	data/reference/motifs/JASPAR2026_CORE_plants_non-redundant_pfms_meme.txt	MA2010.2	SMB	CAAGCAA	7.01e-2	1.00e0	9.27e2	412	206	206	206	15	171	83.01	158	76.70
289	data/reference/motifs/JASPAR2026_CORE_plants_non-redundant_pfms_meme.txt	MA2434.1	SPL16A	AGCGGTAGTAC	8.74e-2	1.00e0	9.27e2	332	206	206	206	7	7	3.40	2	0.97
290	data/reference/motifs/JASPAR2026_CORE_plants_non-redundant_pfms_meme.txt	MA2673.1	GLYMA-15G086400	WTCTAGAAMCTTCTAGAR	1.60e-1	1.00e0	9.27e2	181	206	206	206	1	96	46.60	85	41.26
291	data/reference/motifs/JASPAR2026_CORE_plants_non-redundant_pfms_meme.txt	MA2627.1	bzip9	CACGTCA	7.08e-2	1.00e0	9.27e2	412	206	206	206	9	146	70.87	131	63.59
292	data/reference/motifs/JASPAR2026_CORE_plants_non-redundant_pfms_meme.txt	MA1308.2	WRKY70	CGTTGACTTT	1.24e-1	1.00e0	9.27e2	237	206	206	206	2	55	26.70	44	21.36
293	data/reference/motifs/JASPAR2026_CORE_plants_non-redundant_pfms_meme.txt	MA1327.3	ATHB-23	TAATTAA	7.22e-2	1.00e0	9.27e2	409	206	206	206	7	144	69.90	129	62.62
294	data/reference/motifs/JASPAR2026_CORE_plants_non-redundant_pfms_meme.txt	MA0966.2	BIM3	CACGTG	7.19e-2	1.00e0	9.27e2	412	206	206	206	36	49	23.79	36	17.48
295	data/reference/motifs/JASPAR2026_CORE_plants_non-redundant_pfms_meme.txt	MA2437.1	SPL19B	GCGGTASTACCGC	5.95e-1	1.00e0	9.27e2	33	206	206	206	2	9	4.37	9	4.37
296	data/reference/motifs/JASPAR2026_CORE_plants_non-redundant_pfms_meme.txt	MA1284.2	TCP1	GTGGGCCCCAC	2.28e-1	1.00e0	9.27e2	131	206	206	206	3	18	8.74	13	6.31
297	data/reference/motifs/JASPAR2026_CORE_plants_non-redundant_pfms_meme.txt	MA1332.2	BEH2	CACACGTGCR	4.41e-1	1.00e0	9.27e2	52	206	206	206	1	27	13.11	25	12.14
298	data/reference/motifs/JASPAR2026_CORE_plants_non-redundant_pfms_meme.txt	MA2445.1	SPL4D	GGTACTACCGCT	1.03e-1	1.00e0	9.27e2	298	206	206	206	3	56	27.18	44	21.36
299	data/reference/motifs/JASPAR2026_CORE_plants_non-redundant_pfms_meme.txt	MA2431.1	SPL15A	AGCGGTASTACCGC	2.25e-1	1.00e0	9.27e2	137	206	206	206	4	5	2.43	2	0.97
300	data/reference/motifs/JASPAR2026_CORE_plants_non-redundant_pfms_meme.txt	MA1317.2	WRKY50	TTGACTTTT	7.96e-2	1.00e0	9.27e2	388	206	206	206	4	90	43.69	75	36.41
301	data/reference/motifs/JASPAR2026_CORE_plants_non-redundant_pfms_meme.txt	MA2757.1	pbf1	ATAAAGT	7.52e-2	1.00e0	9.27e2	412	206	206	206	38	27	13.11	17	8.25
302	data/reference/motifs/JASPAR2026_CORE_plants_non-redundant_pfms_meme.txt	MA2476.1	KNAT7	TGACRKCT	8.36e-2	1.00e0	9.27e2	371	206	206	206	3	115	55.83	100	48.54
303	data/reference/motifs/JASPAR2026_CORE_plants_non-redundant_pfms_meme.txt	MA1190.2	RVE5	AGATATTTT	7.82e-2	1.00e0	9.27e2	397	206	206	206	3	154	74.76	140	67.96
304	data/reference/motifs/JASPAR2026_CORE_plants_non-redundant_pfms_meme.txt	MA1085.3	WRKY40	AGTCAA	7.96e-2	1.00e0	9.27e2	392	206	206	206	6	35	16.99	24	11.65
305	data/reference/motifs/JASPAR2026_CORE_plants_non-redundant_pfms_meme.txt	MA1291.1	TCP7	GTGGGRCCCAC	2.07e-1	1.00e0	9.27e2	151	206	206	206	1	80	38.83	71	34.47
306	data/reference/motifs/JASPAR2026_CORE_plants_non-redundant_pfms_meme.txt	MA2439.1	SPL2A	GCGGTASTACCGC	3.92e-1	1.00e0	9.27e2	63	206	206	206	1	33	16.02	30	14.56
307	data/reference/motifs/JASPAR2026_CORE_plants_non-redundant_pfms_meme.txt	MA1264.2	ERF095	RYGGCGGCGGHGG	2.32e-1	1.00e0	9.27e2	136	206	206	206	1	72	34.95	64	31.07
308	data/reference/motifs/JASPAR2026_CORE_plants_non-redundant_pfms_meme.txt	MA2433.1	SPL15D	GCGGTACTAC	8.70e-2	1.00e0	9.27e2	362	206	206	206	1	186	90.29	176	85.44
309	data/reference/motifs/JASPAR2026_CORE_plants_non-redundant_pfms_meme.txt	MA1817.2	Zm00001d020267	CGCCGCCGCC	1.34e-1	1.00e0	9.27e2	236	206	206	206	2	88	42.72	76	36.89
310	data/reference/motifs/JASPAR2026_CORE_plants_non-redundant_pfms_meme.txt	MA1037.2	MYB24	GTTAGGY	7.72e-2	1.00e0	9.27e2	412	206	206	206	46	136	66.02	121	58.74
311	data/reference/motifs/JASPAR2026_CORE_plants_non-redundant_pfms_meme.txt	MA2664.1	GLYMA-03G162700	GGYGGYGGCGGCGGMGGCGGYGG	5.00e-1	1.00e0	9.27e2	46	206	206	206	16	3	1.46	2	0.97
312	data/reference/motifs/JASPAR2026_CORE_plants_non-redundant_pfms_meme.txt	MA1161.1	TSO1	WWTTWAAAATTTAAA	7.86e-2	1.00e0	9.27e2	407	206	206	206	2	200	97.09	193	93.69
313	data/reference/motifs/JASPAR2026_CORE_plants_non-redundant_pfms_meme.txt	MA2430.1	SPL14B	GCGGTASTACCGC	2.49e-1	1.00e0	9.27e2	129	206	206	206	7	2	0.97	0	0.00
314	data/reference/motifs/JASPAR2026_CORE_plants_non-redundant_pfms_meme.txt	MA0941.2	ABF2	ACACGTG	7.86e-2	1.00e0	9.27e2	411	206	206	206	24	13	6.31	6	2.91
315	data/reference/motifs/JASPAR2026_CORE_plants_non-redundant_pfms_meme.txt	MA1179.2	MYB1	ACSGTTA	8.31e-2	1.00e0	9.27e2	392	206	206	206	6	45	21.84	33	16.02
316	data/reference/motifs/JASPAR2026_CORE_plants_non-redundant_pfms_meme.txt	MA1158.2	MGP	AAAACGACAAAAA	1.08e-1	1.00e0	9.27e2	303	206	206	206	5	5	2.43	1	0.49
317	data/reference/motifs/JASPAR2026_CORE_plants_non-redundant_pfms_meme.txt	MA2425.1	SPL11A	SCGGTACTACCG	1.36e-1	1.00e0	9.27e2	240	206	206	206	1	126	61.17	114	55.34
318	data/reference/motifs/JASPAR2026_CORE_plants_non-redundant_pfms_meme.txt	MA1187.2	RVE4	AGATATTTT	8.38e-2	1.00e0	9.27e2	393	206	206	206	4	109	52.91	94	45.63
319	data/reference/motifs/JASPAR2026_CORE_plants_non-redundant_pfms_meme.txt	MA2092.1	PK27149.1	TGACGTGK	8.88e-2	1.00e0	9.27e2	373	206	206	206	1	191	92.72	182	88.35
320	data/reference/motifs/JASPAR2026_CORE_plants_non-redundant_pfms_meme.txt	MA2088.1	PK24580.1	GCCGGCA	2.95e-1	1.00e0	9.27e2	112	206	206	206	2	35	16.99	30	14.56
321	data/reference/motifs/JASPAR2026_CORE_plants_non-redundant_pfms_meme.txt	MA2610.1	ereb97	CGCCGCCGCC	6.57e-1	1.00e0	9.27e2	31	206	206	206	2	3	1.46	3	1.46
322	data/reference/motifs/JASPAR2026_CORE_plants_non-redundant_pfms_meme.txt	MA2044.2	NAC007	CAAGCAA	8.10e-2	1.00e0	9.27e2	412	206	206	206	13	174	84.47	162	78.64
323	data/reference/motifs/JASPAR2026_CORE_plants_non-redundant_pfms_meme.txt	MA1832.2	Zm00001d002364	CGCCGCCGCC	6.57e-1	1.00e0	9.27e2	31	206	206	206	2	3	1.46	3	1.46
324	data/reference/motifs/JASPAR2026_CORE_plants_non-redundant_pfms_meme.txt	MA1818.1	Zm00001d052229	CGCCGCCGCC	6.57e-1	1.00e0	9.27e2	31	206	206	206	2	3	1.46	3	1.46
325	data/reference/motifs/JASPAR2026_CORE_plants_non-redundant_pfms_meme.txt	MA2733.1	Sl-ERF_F_4	GCMGCMGCCGCCGCCGYCR	3.95e-1	1.00e0	9.27e2	67	206	206	206	1	35	16.99	32	15.53
326	data/reference/motifs/JASPAR2026_CORE_plants_non-redundant_pfms_meme.txt	MA1819.2	Zm00001d005892	CGCCGCCG	1.17e-1	1.00e0	9.27e2	287	206	206	206	2	120	58.25	107	51.94
327	data/reference/motifs/JASPAR2026_CORE_plants_non-redundant_pfms_meme.txt	MA1339.1	BZIP43	GCCACGTCAGCA	3.95e-1	1.00e0	9.27e2	67	206	206	206	1	35	16.99	32	15.53
328	data/reference/motifs/JASPAR2026_CORE_plants_non-redundant_pfms_meme.txt	MA2647.1	GLYMA-12G226000	AAGTACAA	8.31e-2	1.00e0	9.27e2	412	206	206	206	19	56	27.18	43	20.87
329	data/reference/motifs/JASPAR2026_CORE_plants_non-redundant_pfms_meme.txt	MA1036.1	MYB111	GKTAGGTR	8.31e-2	1.00e0	9.27e2	411	206	206	206	8	163	79.13	150	72.82
330	data/reference/motifs/JASPAR2026_CORE_plants_non-redundant_pfms_meme.txt	MA1382.2	FAR1	YCACGCGCY	3.16e-1	1.00e0	9.27e2	89	206	206	206	1	47	22.82	42	20.39
331	data/reference/motifs/JASPAR2026_CORE_plants_non-redundant_pfms_meme.txt	MA1804.2	WIN1	CRCCGC	8.23e-2	1.00e0	9.27e2	412	206	206	206	27	98	47.57	83	40.29
332	data/reference/motifs/JASPAR2026_CORE_plants_non-redundant_pfms_meme.txt	MA2062.1	PK07031.1	CTTT	8.29e-2	1.00e0	9.27e2	412	206	206	206	295	120	58.25	105	50.97
333	data/reference/motifs/JASPAR2026_CORE_plants_non-redundant_pfms_meme.txt	MA2747.1	TraesCS6A02G290800	CAATAATTG	8.35e-2	1.00e0	9.27e2	412	206	206	206	13	105	50.97	90	43.69
334	data/reference/motifs/JASPAR2026_CORE_plants_non-redundant_pfms_meme.txt	MA2746.1	HB-HD-ZIP-2A-2	WTGCAATCATT	8.60e-2	1.00e0	9.27e2	412	206	206	206	16	10	4.85	4	1.94
335	data/reference/motifs/JASPAR2026_CORE_plants_non-redundant_pfms_meme.txt	MA2608.1	glk53	AAGGAATATTCTTT	8.72e-2	1.00e0	9.27e2	401	206	206	206	3	171	83.01	159	77.18
336	data/reference/motifs/JASPAR2026_CORE_plants_non-redundant_pfms_meme.txt	MA2475.1	HOX6	TGATTG	8.38e-2	1.00e0	9.27e2	412	206	206	206	49	113	54.85	98	47.57
337	data/reference/motifs/JASPAR2026_CORE_plants_non-redundant_pfms_meme.txt	MA1662.2	AT3G10030	TTAACAGA	8.38e-2	1.00e0	9.27e2	412	206	206	206	10	113	54.85	98	47.57
338	data/reference/motifs/JASPAR2026_CORE_plants_non-redundant_pfms_meme.txt	MA1825.2	Zm00001d044409	CTTATC	8.60e-2	1.00e0	9.27e2	412	206	206	206	10	202	98.06	196	95.15
339	data/reference/motifs/JASPAR2026_CORE_plants_non-redundant_pfms_meme.txt	MA0953.2	ATHB-6	CAATHAT	8.37e-2	1.00e0	9.27e2	412	206	206	206	93	192	93.20	183	88.83
340	data/reference/motifs/JASPAR2026_CORE_plants_non-redundant_pfms_meme.txt	MA1089.2	WRKY57	RGTCAA	8.37e-2	1.00e0	9.27e2	412	206	206	206	58	107	51.94	92	44.66
341	data/reference/motifs/JASPAR2026_CORE_plants_non-redundant_pfms_meme.txt	MA2049.2	NAC053	CAAGAAA	8.33e-2	1.00e0	9.27e2	412	206	206	206	12	118	57.28	103	50.00
342	data/reference/motifs/JASPAR2026_CORE_plants_non-redundant_pfms_meme.txt	MA1062.3	TCP15	GTGGGWCCCAC	1.69e-1	1.00e0	9.27e2	207	206	206	206	7	7	3.40	3	1.46
343	data/reference/motifs/JASPAR2026_CORE_plants_non-redundant_pfms_meme.txt	MA0552.2	PIF1	CACGTG	1.18e-1	1.00e0	9.27e2	301	206	206	206	2	100	48.54	87	42.23
344	data/reference/motifs/JASPAR2026_CORE_plants_non-redundant_pfms_meme.txt	MA1833.2	Zm00001d049364	CCGCCGCCGCC	1.62e-1	1.00e0	9.27e2	215	206	206	206	1	113	54.85	102	49.51
345	data/reference/motifs/JASPAR2026_CORE_plants_non-redundant_pfms_meme.txt	MA1751.2	EIL3	AGRTWCAT	8.48e-2	1.00e0	9.27e2	412	206	206	206	5	196	95.15	188	91.26
346	data/reference/motifs/JASPAR2026_CORE_plants_non-redundant_pfms_meme.txt	MA2376.1	CAMTA5	CGYGTNDDAWVCGYGT	1.05e-1	1.00e0	9.27e2	333	206	206	206	1	172	83.50	161	78.16
347	data/reference/motifs/JASPAR2026_CORE_plants_non-redundant_pfms_meme.txt	MA1808.3	GLYMA-06G314400	GACACGTGGC	4.11e-1	1.00e0	9.27e2	384	206	206	206	7	54	26.21	51	24.76
348	data/reference/motifs/JASPAR2026_CORE_plants_non-redundant_pfms_meme.txt	MA1811.3	GLYMA-13G317000	GGACACSTGTCA	3.12e-1	1.00e0	9.27e2	323	206	206	206	11	3	1.46	1	0.49
349	data/reference/motifs/JASPAR2026_CORE_plants_non-redundant_pfms_meme.txt	MA2671.1	GLYMA-19G100900	AGCATGCT	1.95e-1	1.00e0	9.27e2	379	206	206	206	10	66	32.04	57	27.67
350	data/reference/motifs/JASPAR2026_CORE_plants_non-redundant_pfms_meme.txt	MA2668.1	GLYMA-20G155100	RCCGACAT	5.00e-1	1.00e0	9.27e2	365	206	206	206	8	9	4.37	8	3.88
351	data/reference/motifs/JASPAR2026_CORE_plants_non-redundant_pfms_meme.txt	MA2666.1	GLYMA-12G117000	GGMGGCGGYGGCGGMGG	5.55e-1	1.00e0	9.27e2	135	206	206	206	3	30	14.56	30	14.56
352	data/reference/motifs/JASPAR2026_CORE_plants_non-redundant_pfms_meme.txt	MA2665.1	GLYMA-11G053600	CACCGACAC	2.87e-1	1.00e0	9.27e2	398	206	206	206	2	179	86.89	174	84.47
353	data/reference/motifs/JASPAR2026_CORE_plants_non-redundant_pfms_meme.txt	MA2663.1	GLYMA-02G261700	TCACCGACATA	4.43e-1	1.00e0	9.27e2	356	206	206	206	1	179	86.89	177	85.92
354	data/reference/motifs/JASPAR2026_CORE_plants_non-redundant_pfms_meme.txt	MA2662.1	GLYMA-13G153200	GCCACGTCA	3.26e-1	1.00e0	9.27e2	405	206	206	206	9	27	13.11	23	11.17
355	data/reference/motifs/JASPAR2026_CORE_plants_non-redundant_pfms_meme.txt	MA2660.1	GLYMA-12G168700	WWWTGTAATTACAWWW	3.63e-1	1.00e0	9.27e2	396	206	206	206	5	160	77.67	156	75.73
356	data/reference/motifs/JASPAR2026_CORE_plants_non-redundant_pfms_meme.txt	MA2656.1	GLYMA-14G006800	TGGTCAACCA	1.24e-1	1.00e0	9.27e2	411	206	206	206	15	3	1.46	0	0.00
357	data/reference/motifs/JASPAR2026_CORE_plants_non-redundant_pfms_meme.txt	MA2654.1	GLYMA-05G127600	GGTCAAC	3.64e-1	1.00e0	9.27e2	412	206	206	206	10	159	77.18	155	75.24
358	data/reference/motifs/JASPAR2026_CORE_plants_non-redundant_pfms_meme.txt	MA2653.1	GLYMA-03G042700	GTTTGACTTT	1.08e-1	1.00e0	9.27e2	412	206	206	206	17	5	2.43	1	0.49
359	data/reference/motifs/JASPAR2026_CORE_plants_non-redundant_pfms_meme.txt	MA2652.1	GLYMA-01G053800	AGTTGAC	2.09e-1	1.00e0	9.27e2	412	206	206	206	9	84	40.78	75	36.41
360	data/reference/motifs/JASPAR2026_CORE_plants_non-redundant_pfms_meme.txt	MA2650.1	GLYMA-05G027400	GTGGGCCCCAC	1.75e-1	1.00e0	9.27e2	209	206	206	206	2	75	36.41	65	31.55
361	data/reference/motifs/JASPAR2026_CORE_plants_non-redundant_pfms_meme.txt	MA2649.1	GLYMA-08G271900	TGCACATG	2.51e-1	1.00e0	9.27e2	412	206	206	206	3	203	98.54	200	97.09
362	data/reference/motifs/JASPAR2026_CORE_plants_non-redundant_pfms_meme.txt	MA2643.1	SNAC23	YACGGAACT	1.44e-1	1.00e0	9.27e2	408	206	206	206	11	21	10.19	14	6.80
363	data/reference/motifs/JASPAR2026_CORE_plants_non-redundant_pfms_meme.txt	MA2642.1	GLYMA-10G230700	AAGATATTTWTW	1.38e-1	1.00e0	9.27e2	402	206	206	206	12	20	9.71	13	6.31
364	data/reference/motifs/JASPAR2026_CORE_plants_non-redundant_pfms_meme.txt	MA2641.1	GLYMA-01G038600	CCTTATCCA	1.24e-1	1.00e0	9.27e2	411	206	206	206	20	3	1.46	0	0.00
365	data/reference/motifs/JASPAR2026_CORE_plants_non-redundant_pfms_meme.txt	MA2480.1	GLYMA-04G093300	CTAATC	1.44e-1	1.00e0	9.27e2	409	206	206	206	3	192	93.20	185	89.81
366	data/reference/motifs/JASPAR2026_CORE_plants_non-redundant_pfms_meme.txt	MA2745.1	SlWRKY81	AAGTCAAC	1.10e-1	1.00e0	9.27e2	412	206	206	206	11	82	39.81	69	33.50
367	data/reference/motifs/JASPAR2026_CORE_plants_non-redundant_pfms_meme.txt	MA2740.1	SlTCP15	GTGGGACCCA	1.23e-1	1.00e0	9.27e2	352	206	206	206	7	32	15.53	23	11.17
368	data/reference/motifs/JASPAR2026_CORE_plants_non-redundant_pfms_meme.txt	MA2739.1	SlTCP12	GTGGGACCCAC	1.96e-1	1.00e0	9.27e2	260	206	206	206	7	14	6.80	9	4.37
369	data/reference/motifs/JASPAR2026_CORE_plants_non-redundant_pfms_meme.txt	MA2737.1	SlERF36	CMGCCGCCAC	1.27e-1	1.00e0	9.27e2	355	206	206	206	1	182	88.35	173	83.98
370	data/reference/motifs/JASPAR2026_CORE_plants_non-redundant_pfms_meme.txt	MA2735.1	SlbHLH014	GMCACGTGBC	4.16e-1	1.00e0	9.27e2	281	206	206	206	3	67	32.52	64	31.07
371	data/reference/motifs/JASPAR2026_CORE_plants_non-redundant_pfms_meme.txt	MA2734.1	Sl-ERF_F_5	CCGCCGCCGCCRCCRCC	5.50e-1	1.00e0	9.27e2	122	206	206	206	2	40	19.42	40	19.42
372	data/reference/motifs/JASPAR2026_CORE_plants_non-redundant_pfms_meme.txt	MA2731.1	sep3	WTTTCCAAAAAGGGAAAAAAW	4.20e-1	1.00e0	9.27e2	113	206	206	206	2	14	6.80	12	5.83
373	data/reference/motifs/JASPAR2026_CORE_plants_non-redundant_pfms_meme.txt	MA2730.1	Solyc01g079480	YSACGTGKCA	2.99e-1	1.00e0	9.27e2	343	206	206	206	1	174	84.47	169	82.04
374	data/reference/motifs/JASPAR2026_CORE_plants_non-redundant_pfms_meme.txt	MA2728.1	SolycHsfC1	RGAAGTTTCTAG	1.52e-1	1.00e0	9.27e2	364	206	206	206	4	56	27.18	46	22.33
375	data/reference/motifs/JASPAR2026_CORE_plants_non-redundant_pfms_meme.txt	MA2727.1	SolycHsfA7	TTCYAGAA	1.62e-1	1.00e0	9.27e2	412	206	206	206	8	111	53.88	100	48.54
376	data/reference/motifs/JASPAR2026_CORE_plants_non-redundant_pfms_meme.txt	MA2725.1	SlWRKY6	AAAGTCAAC	1.14e-1	1.00e0	9.27e2	412	206	206	206	11	89	43.20	76	36.89
377	data/reference/motifs/JASPAR2026_CORE_plants_non-redundant_pfms_meme.txt	MA2723.1	Solyc06g060230	ACACGTCTCT	2.15e-1	1.00e0	9.27e2	410	206	206	206	7	103	50.00	94	45.63
378	data/reference/motifs/JASPAR2026_CORE_plants_non-redundant_pfms_meme.txt	MA2722.1	Sl-ERF_F_2	CGGCGGCKGCGGCGR	4.02e-1	1.00e0	9.27e2	81	206	206	206	1	42	20.39	39	18.93
379	data/reference/motifs/JASPAR2026_CORE_plants_non-redundant_pfms_meme.txt	MA2721.1	Sl-ERF_C_6	YCGCCGCCGCCRCCRCCGCC	7.57e-1	1.00e0	9.27e2	89	206	206	206	2	28	13.59	32	15.53
380	data/reference/motifs/JASPAR2026_CORE_plants_non-redundant_pfms_meme.txt	MA2720.1	nacnor	ACACGTAACT	1.69e-1	1.00e0	9.27e2	402	206	206	206	1	203	98.54	199	96.60
381	data/reference/motifs/JASPAR2026_CORE_plants_non-redundant_pfms_meme.txt	MA2718.1	Sl-ERF_A_3	GGYGGCGGCGGCGGCGG	8.14e-1	1.00e0	9.27e2	63	206	206	206	11	2	0.97	3	1.46
382	data/reference/motifs/JASPAR2026_CORE_plants_non-redundant_pfms_meme.txt	MA2717.1	eil2	AGATTCR	5.00e-1	1.00e0	9.27e2	412	206	206	206	26	45	21.84	44	21.36
383	data/reference/motifs/JASPAR2026_CORE_plants_non-redundant_pfms_meme.txt	MA2716.1	dreb3	CCACCGACCA	2.89e-1	1.00e0	9.27e2	364	206	206	206	2	154	74.76	148	71.84
384	data/reference/motifs/JASPAR2026_CORE_plants_non-redundant_pfms_meme.txt	MA2715.1	Solyc03g124110	RTCTATGTCGGYWAA	3.93e-1	1.00e0	9.27e2	149	206	206	206	3	8	3.88	6	2.91
385	data/reference/motifs/JASPAR2026_CORE_plants_non-redundant_pfms_meme.txt	MA2713.1	SlDof14	CTTTTTC	1.71e-1	1.00e0	9.27e2	412	206	206	206	15	36	17.48	28	13.59
386	data/reference/motifs/JASPAR2026_CORE_plants_non-redundant_pfms_meme.txt	MA2712.1	eil1	TCTAGATACATTGAATCT	3.34e-1	1.00e0	9.27e2	167	206	206	206	3	13	6.31	10	4.85
387	data/reference/motifs/JASPAR2026_CORE_plants_non-redundant_pfms_meme.txt	MA2711.1	SolycHsfB2b	TTCTAGAA	2.65e-1	1.00e0	9.27e2	275	206	206	206	1	141	68.45	134	65.05
388	data/reference/motifs/JASPAR2026_CORE_plants_non-redundant_pfms_meme.txt	MA2709.1	SolycHsfA2	TTCTAGAAKMTTCTA	2.17e-1	1.00e0	9.27e2	239	206	206	206	2	58	28.16	50	24.27
389	data/reference/motifs/JASPAR2026_CORE_plants_non-redundant_pfms_meme.txt	MA2752.1	TaOBF1b	TGCCACGTCATCATC	1.76e-1	1.00e0	9.27e2	250	206	206	206	3	38	18.45	30	14.56
390	data/reference/motifs/JASPAR2026_CORE_plants_non-redundant_pfms_meme.txt	MA2751.1	TraesCS2B02G304400	CCACTCGACC	2.35e-1	1.00e0	9.27e2	374	206	206	206	8	11	5.34	7	3.40
391	data/reference/motifs/JASPAR2026_CORE_plants_non-redundant_pfms_meme.txt	MA2749.1	TraesCS2D02G576500	GAAGCAAC	1.89e-1	1.00e0	9.27e2	412	206	206	206	11	61	29.61	52	25.24
392	data/reference/motifs/JASPAR2026_CORE_plants_non-redundant_pfms_meme.txt	MA2761.1	myb100	TRCCTAACTT	1.71e-1	1.00e0	9.27e2	411	206	206	206	5	178	86.41	170	82.52
393	data/reference/motifs/JASPAR2026_CORE_plants_non-redundant_pfms_meme.txt	MA2760.1	p2	CACCTAAC	1.24e-1	1.00e0	9.27e2	412	206	206	206	29	3	1.46	0	0.00
394	data/reference/motifs/JASPAR2026_CORE_plants_non-redundant_pfms_meme.txt	MA2758.1	ereb122	CCGACCA	2.01e-1	1.00e0	9.27e2	412	206	206	206	12	73	35.44	64	31.07
395	data/reference/motifs/JASPAR2026_CORE_plants_non-redundant_pfms_meme.txt	MA2756.1	dfo23	TACCTTTTTCT	2.43e-1	1.00e0	9.27e2	412	206	206	206	13	161	78.16	154	74.76
396	data/reference/motifs/JASPAR2026_CORE_plants_non-redundant_pfms_meme.txt	MA2754.1	wrky38	CGTGGACC	1.87e-1	1.00e0	9.27e2	407	206	206	206	7	117	56.80	107	51.94
397	data/reference/motifs/JASPAR2026_CORE_plants_non-redundant_pfms_meme.txt	MA2753.1	cpp8	GAATTTGAAW	3.93e-1	1.00e0	9.27e2	412	206	206	206	34	8	3.88	6	2.91
398	data/reference/motifs/JASPAR2026_CORE_plants_non-redundant_pfms_meme.txt	MA2626.1	bzip40	GTGACGTGGC	1.08e-1	1.00e0	9.27e2	406	206	206	206	1	205	99.51	201	97.57
399	data/reference/motifs/JASPAR2026_CORE_plants_non-redundant_pfms_meme.txt	MA2624.1	myb37	TAACCGAA	1.24e-1	1.00e0	9.27e2	412	206	206	206	13	145	70.39	133	64.56
400	data/reference/motifs/JASPAR2026_CORE_plants_non-redundant_pfms_meme.txt	MA2621.1	glk25	TGATTCCA	1.24e-1	1.00e0	9.27e2	412	206	206	206	7	206	100.00	203	98.54
401	data/reference/motifs/JASPAR2026_CORE_plants_non-redundant_pfms_meme.txt	MA2620.1	g2	CCTTATCC	5.00e-1	1.00e0	9.27e2	412	206	206	206	29	3	1.46	2	0.97
402	data/reference/motifs/JASPAR2026_CORE_plants_non-redundant_pfms_meme.txt	MA2619.1	ereb18	CCGCCGCCGCCCGCC	3.66e-1	1.00e0	9.27e2	156	206	206	206	2	53	25.73	49	23.79
403	data/reference/motifs/JASPAR2026_CORE_plants_non-redundant_pfms_meme.txt	MA2618.1	ereb102	CGACGGCGA	1.34e-1	1.00e0	9.27e2	328	206	206	206	2	131	63.59	119	57.77
404	data/reference/motifs/JASPAR2026_CORE_plants_non-redundant_pfms_meme.txt	MA2617.1	ereb54	GCGGCGGCGGC	6.57e-1	1.00e0	9.27e2	114	206	206	206	10	3	1.46	3	1.46
405	data/reference/motifs/JASPAR2026_CORE_plants_non-redundant_pfms_meme.txt	MA2614.1	ereb198	SCGCCGCCGCCR	3.00e-1	1.00e0	9.27e2	134	206	206	206	1	70	33.98	64	31.07
406	data/reference/motifs/JASPAR2026_CORE_plants_non-redundant_pfms_meme.txt	MA2613.1	ereb34	GCCGCCGCCGCCCS	3.79e-1	1.00e0	9.27e2	150	206	206	206	1	77	37.38	73	35.44
407	data/reference/motifs/JASPAR2026_CORE_plants_non-redundant_pfms_meme.txt	MA2612.1	ereb147	ACGCCGAC	1.51e-1	1.00e0	9.27e2	381	206	206	206	7	55	26.70	45	21.84
408	data/reference/motifs/JASPAR2026_CORE_plants_non-redundant_pfms_meme.txt	MA2611.1	ereb209	GCGCCGC	8.76e-1	1.00e0	9.27e2	20	206	206	206	2	1	0.49	2	0.97
409	data/reference/motifs/JASPAR2026_CORE_plants_non-redundant_pfms_meme.txt	MA2609.1	ereb172	CAGCCGCA	1.62e-1	1.00e0	9.27e2	395	206	206	206	5	115	55.83	104	50.49
410	data/reference/motifs/JASPAR2026_CORE_plants_non-redundant_pfms_meme.txt	MA2607.1	tcptf23	GGGACCAC	3.50e-1	1.00e0	9.27e2	400	206	206	206	13	16	7.77	13	6.31
411	data/reference/motifs/JASPAR2026_CORE_plants_non-redundant_pfms_meme.txt	MA2606.1	mybr43	CCTTATCC	3.12e-1	1.00e0	9.27e2	412	206	206	206	27	3	1.46	1	0.49
412	data/reference/motifs/JASPAR2026_CORE_plants_non-redundant_pfms_meme.txt	MA2605.1	mybr26	CCTTATCC	3.12e-1	1.00e0	9.27e2	412	206	206	206	31	3	1.46	1	0.49
413	data/reference/motifs/JASPAR2026_CORE_plants_non-redundant_pfms_meme.txt	MA2473.1	HB88	TTGATTG	1.08e-1	1.00e0	9.27e2	412	206	206	206	17	205	99.51	201	97.57
414	data/reference/motifs/JASPAR2026_CORE_plants_non-redundant_pfms_meme.txt	MA1378.2	AIL6	TCCTCGA	5.81e-1	1.00e0	9.27e2	412	206	206	206	13	129	62.62	130	63.11
415	data/reference/motifs/JASPAR2026_CORE_plants_non-redundant_pfms_meme.txt	MA0566.2	MYC2	AACACGTGA	2.49e-1	1.00e0	9.27e2	408	206	206	206	23	2	0.97	0	0.00
416	data/reference/motifs/JASPAR2026_CORE_plants_non-redundant_pfms_meme.txt	MA1776.3	MYB67	TACCTAACA	2.83e-1	1.00e0	9.27e2	410	206	206	206	11	53	25.73	47	22.82
417	data/reference/motifs/JASPAR2026_CORE_plants_non-redundant_pfms_meme.txt	MA2639.1	FUL::SOC1	TTCCATTTTTGG	2.10e-1	1.00e0	9.27e2	412	206	206	206	11	85	41.26	76	36.89
418	data/reference/motifs/JASPAR2026_CORE_plants_non-redundant_pfms_meme.txt	MA2637.1	FUL::AG::SEP3	WTWCCAWAAATAGAAA	1.79e-1	1.00e0	9.27e2	408	206	206	206	11	19	9.22	13	6.31
419	data/reference/motifs/JASPAR2026_CORE_plants_non-redundant_pfms_meme.txt	MA2635.1	FUL	TTWCCAWAAATAGAAA	1.60e-1	1.00e0	9.27e2	377	206	206	206	3	121	58.74	110	53.40
420	data/reference/motifs/JASPAR2026_CORE_plants_non-redundant_pfms_meme.txt	MA2505.1	bZIP59	TGACAGCTGTCA	2.29e-1	1.00e0	9.27e2	331	206	206	206	1	169	82.04	162	78.64
421	data/reference/motifs/JASPAR2026_CORE_plants_non-redundant_pfms_meme.txt	MA1355.2	TRB2	WARCCCTAAWT	3.20e-1	1.00e0	9.27e2	249	206	206	206	3	25	12.14	21	10.19
422	data/reference/motifs/JASPAR2026_CORE_plants_non-redundant_pfms_meme.txt	MA1353.2	AT1G72740	RWTTAGGGTTT	5.45e-1	1.00e0	9.27e2	321	206	206	206	3	51	24.76	51	24.76
423	data/reference/motifs/JASPAR2026_CORE_plants_non-redundant_pfms_meme.txt	MA1060.2	SPL7	CGTACG	4.41e-1	1.00e0	9.27e2	412	206	206	206	26	27	13.11	25	12.14
424	data/reference/motifs/JASPAR2026_CORE_plants_non-redundant_pfms_meme.txt	MA1742.2	BIZP18	TGMCAGCTGK	5.00e-1	1.00e0	9.27e2	316	206	206	206	2	97	47.09	96	46.60
425	data/reference/motifs/JASPAR2026_CORE_plants_non-redundant_pfms_meme.txt	MA1672.2	GBF2	SACGTGGCA	6.39e-1	1.00e0	9.27e2	409	206	206	206	5	159	77.18	161	78.16
426	data/reference/motifs/JASPAR2026_CORE_plants_non-redundant_pfms_meme.txt	MA2477.1	NGA4	TTCAGGTR	1.97e-1	1.00e0	9.27e2	412	206	206	206	14	22	10.68	16	7.77
427	data/reference/motifs/JASPAR2026_CORE_plants_non-redundant_pfms_meme.txt	MA2474.1	HMGB10	TWATAA	2.14e-1	1.00e0	9.27e2	410	206	206	206	21	38	18.45	31	15.05
428	data/reference/motifs/JASPAR2026_CORE_plants_non-redundant_pfms_meme.txt	MA2472.1	AT3G12910	YGSCGTVRWDDHBACGK	4.23e-1	1.00e0	9.27e2	97	206	206	206	2	15	7.28	13	6.31
429	data/reference/motifs/JASPAR2026_CORE_plants_non-redundant_pfms_meme.txt	MA2471.1	SPCH	CACGTG	9.77e-2	1.00e0	9.27e2	397	206	206	206	4	183	88.83	173	83.98
430	data/reference/motifs/JASPAR2026_CORE_plants_non-redundant_pfms_meme.txt	MA2461.1	WOX13	TTGATTGA	1.64e-1	1.00e0	9.27e2	412	206	206	206	9	195	94.66	189	91.75
431	data/reference/motifs/JASPAR2026_CORE_plants_non-redundant_pfms_meme.txt	MA2460.1	MGH6.1	YGSCGTVRWDDHBACGK	4.23e-1	1.00e0	9.27e2	97	206	206	206	2	15	7.28	13	6.31
432	data/reference/motifs/JASPAR2026_CORE_plants_non-redundant_pfms_meme.txt	MA2459.1	EDF3	RCAACAKA	5.77e-1	1.00e0	9.27e2	384	206	206	206	1	192	93.20	192	93.20
433	data/reference/motifs/JASPAR2026_CORE_plants_non-redundant_pfms_meme.txt	MA1738.1	ATMYB31	YAMCTMCCAACHAMH	1.30e-1	1.00e0	9.27e2	405	206	206	206	9	34	16.50	25	12.14
434	data/reference/motifs/JASPAR2026_CORE_plants_non-redundant_pfms_meme.txt	MA1205.1	AGL6	TTWCCAAAAAWGGAAAAWW	2.66e-1	1.00e0	9.27e2	265	206	206	206	2	73	35.44	66	32.04
435	data/reference/motifs/JASPAR2026_CORE_plants_non-redundant_pfms_meme.txt	MA1203.1	AGL63	TKCCAAAAATGGMAA	1.51e-1	1.00e0	9.27e2	312	206	206	206	1	161	78.16	151	73.30
436	data/reference/motifs/JASPAR2026_CORE_plants_non-redundant_pfms_meme.txt	MA1199.1	AGL16	TTTCCWTTTTDGGWA	2.92e-1	1.00e0	9.27e2	333	206	206	206	3	61	29.61	55	26.70
437	data/reference/motifs/JASPAR2026_CORE_plants_non-redundant_pfms_meme.txt	MA1188.1	At3g11280	AWYCTTATCTTHWY	5.00e-1	1.00e0	9.27e2	412	206	206	206	2	205	99.51	204	99.03
438	data/reference/motifs/JASPAR2026_CORE_plants_non-redundant_pfms_meme.txt	MA1042.1	MYB59	RTTAGGTA	2.15e-1	1.00e0	9.27e2	412	206	206	206	16	112	54.37	103	50.00
439	data/reference/motifs/JASPAR2026_CORE_plants_non-redundant_pfms_meme.txt	MA1012.1	AGL27	CTTTCYATTTTKGG	3.12e-1	1.00e0	9.27e2	322	206	206	206	6	3	1.46	1	0.49
440	data/reference/motifs/JASPAR2026_CORE_plants_non-redundant_pfms_meme.txt	MA0578.1	SPL8	WWDWHYGTACHHTWWW	1.37e-1	1.00e0	9.27e2	349	206	206	206	1	179	86.89	170	82.52
441	data/reference/motifs/JASPAR2026_CORE_plants_non-redundant_pfms_meme.txt	MA0574.1	MYB15	CRACGGTAGGTGG	5.00e-1	1.00e0	9.27e2	57	206	206	206	1	29	14.08	28	13.59
442	data/reference/motifs/JASPAR2026_CORE_plants_non-redundant_pfms_meme.txt	MA2482.1	PK27693.1	TTATC	6.65e-1	1.00e0	9.27e2	412	206	206	206	87	141	68.45	144	69.90
443	data/reference/motifs/JASPAR2026_CORE_plants_non-redundant_pfms_meme.txt	MA2481.1	PK12011.1	AACGG	9.49e-2	1.00e0	9.27e2	412	206	206	206	25	154	74.76	141	68.45
444	data/reference/motifs/JASPAR2026_CORE_plants_non-redundant_pfms_meme.txt	MA2478.1	PK13314.1	GGGCCCAC	1.58e-1	1.00e0	9.27e2	409	206	206	206	11	90	43.69	79	38.35
445	data/reference/motifs/JASPAR2026_CORE_plants_non-redundant_pfms_meme.txt	MA0988.2	PHYPADRAFT_143875	CACGTG	1.74e-1	1.00e0	9.27e2	408	206	206	206	8	177	85.92	169	82.04
446	data/reference/motifs/JASPAR2026_CORE_plants_non-redundant_pfms_meme.txt	MA2040.2	ENAP2	CTCCGGCGA	2.40e-1	1.00e0	9.27e2	260	206	206	206	4	32	15.53	26	12.62
447	data/reference/motifs/JASPAR2026_CORE_plants_non-redundant_pfms_meme.txt	MA2039.2	ASIL2	CTCCGGCGA	2.14e-1	1.00e0	9.27e2	272	206	206	206	3	56	27.18	48	23.30
448	data/reference/motifs/JASPAR2026_CORE_plants_non-redundant_pfms_meme.txt	MA1661.2	GTL1	GGTTAAAA	3.12e-1	1.00e0	9.27e2	412	206	206	206	6	205	99.51	203	98.54
449	data/reference/motifs/JASPAR2026_CORE_plants_non-redundant_pfms_meme.txt	MA1366.2	DF1	RGTAAAAA	1.85e-1	1.00e0	9.27e2	412	206	206	206	8	192	93.20	186	90.29
450	data/reference/motifs/JASPAR2026_CORE_plants_non-redundant_pfms_meme.txt	MA1365.3	AT5G47660	GGTAAAA	2.46e-1	1.00e0	9.27e2	412	206	206	206	16	21	10.19	16	7.77
451	data/reference/motifs/JASPAR2026_CORE_plants_non-redundant_pfms_meme.txt	MA1208.2	GT-2	WTTTTTACCGY	1.14e-1	1.00e0	9.27e2	412	206	206	206	6	200	97.09	194	94.17
452	data/reference/motifs/JASPAR2026_CORE_plants_non-redundant_pfms_meme.txt	MA2032.2	TRB1	AAACCCTAA	4.34e-1	1.00e0	9.27e2	412	206	206	206	13	21	10.19	19	9.22
453	data/reference/motifs/JASPAR2026_CORE_plants_non-redundant_pfms_meme.txt	MA2031.2	AT5G04760	CTTATCY	3.31e-1	1.00e0	9.27e2	412	206	206	206	19	29	14.08	25	12.14
454	data/reference/motifs/JASPAR2026_CORE_plants_non-redundant_pfms_meme.txt	MA1812.2	ASR1	AGGCCCAAT	1.40e-1	1.00e0	9.27e2	350	206	206	206	5	37	17.96	28	13.59
455	data/reference/motifs/JASPAR2026_CORE_plants_non-redundant_pfms_meme.txt	MA1802.2	TRP5	WAAACCY	1.54e-1	1.00e0	9.27e2	412	206	206	206	70	57	27.67	47	22.82
456	data/reference/motifs/JASPAR2026_CORE_plants_non-redundant_pfms_meme.txt	MA1793.2	NID1	TTATCC	2.91e-1	1.00e0	9.27e2	412	206	206	206	82	18	8.74	14	6.80
457	data/reference/motifs/JASPAR2026_CORE_plants_non-redundant_pfms_meme.txt	MA1408.2	FaEOBII	GTTAGGTA	1.10e-1	1.00e0	9.27e2	412	206	206	206	20	82	39.81	69	33.50
458	data/reference/motifs/JASPAR2026_CORE_plants_non-redundant_pfms_meme.txt	MA1400.2	AT1G19000	WWWTGGATAAGRW	3.23e-1	1.00e0	9.27e2	390	206	206	206	6	26	12.62	22	10.68
459	data/reference/motifs/JASPAR2026_CORE_plants_non-redundant_pfms_meme.txt	MA1398.3	KUA1	CTTATCCA	4.00e-1	1.00e0	9.27e2	412	206	206	206	24	9	4.37	7	3.40
460	data/reference/motifs/JASPAR2026_CORE_plants_non-redundant_pfms_meme.txt	MA1397.2	AT1G74840	WWTGGATAA	1.33e-1	1.00e0	9.27e2	411	206	206	206	5	156	75.73	145	70.39
461	data/reference/motifs/JASPAR2026_CORE_plants_non-redundant_pfms_meme.txt	MA1196.2	AT5G05790	AWYCTTATCYTNWT	4.56e-1	1.00e0	9.27e2	411	206	206	206	6	150	72.82	148	71.84
462	data/reference/motifs/JASPAR2026_CORE_plants_non-redundant_pfms_meme.txt	MA1195.2	AT5G56840	AAYCTTATCCAWWW	2.90e-1	1.00e0	9.27e2	408	206	206	206	3	178	86.41	173	83.98
463	data/reference/motifs/JASPAR2026_CORE_plants_non-redundant_pfms_meme.txt	MA1194.2	AT3G10580	DWDWRGATAAGVWT	4.00e-1	1.00e0	9.27e2	411	206	206	206	13	9	4.37	7	3.40
464	data/reference/motifs/JASPAR2026_CORE_plants_non-redundant_pfms_meme.txt	MA1193.2	AT2G38090	WDWGGATAAGDAT	1.71e-1	1.00e0	9.27e2	410	206	206	206	4	165	80.10	156	75.73
465	data/reference/motifs/JASPAR2026_CORE_plants_non-redundant_pfms_meme.txt	MA1192.2	DIV1	WRGATAAGRTT	3.06e-1	1.00e0	9.27e2	408	206	206	206	6	81	39.32	75	36.41
466	data/reference/motifs/JASPAR2026_CORE_plants_non-redundant_pfms_meme.txt	MA1189.2	AT5G61620	WWWTGGATAAGRWW	1.31e-1	1.00e0	9.27e2	411	206	206	206	3	194	94.17	187	90.78
467	data/reference/motifs/JASPAR2026_CORE_plants_non-redundant_pfms_meme.txt	MA1186.2	YAB4	AWYCTTATCYW	2.25e-1	1.00e0	9.27e2	412	206	206	206	3	204	99.03	201	97.57
468	data/reference/motifs/JASPAR2026_CORE_plants_non-redundant_pfms_meme.txt	MA1182.2	RVE8	AGATATTTT	9.88e-2	1.00e0	9.27e2	381	206	206	206	3	121	58.74	107	51.94
469	data/reference/motifs/JASPAR2026_CORE_plants_non-redundant_pfms_meme.txt	MA0579.2	CDC5	GCTCAGCGC	4.47e-1	1.00e0	9.27e2	346	206	206	206	1	174	84.47	172	83.50
470	data/reference/motifs/JASPAR2026_CORE_plants_non-redundant_pfms_meme.txt	MA2042.2	MYB58	CCACCAACC	1.86e-1	1.00e0	9.27e2	412	206	206	206	30	4	1.94	1	0.49
471	data/reference/motifs/JASPAR2026_CORE_plants_non-redundant_pfms_meme.txt	MA2041.2	MYB13	YCACCAACCA	1.14e-1	1.00e0	9.27e2	410	206	206	206	19	12	5.83	6	2.91
472	data/reference/motifs/JASPAR2026_CORE_plants_non-redundant_pfms_meme.txt	MA2030.2	MYB96	MCCAACTACCA	2.64e-1	1.00e0	9.27e2	408	206	206	206	14	14	6.80	10	4.85
473	data/reference/motifs/JASPAR2026_CORE_plants_non-redundant_pfms_meme.txt	MA2029.2	MYB88	ACGCTCCTC	1.38e-1	1.00e0	9.27e2	301	206	206	206	2	97	47.09	85	41.26
474	data/reference/motifs/JASPAR2026_CORE_plants_non-redundant_pfms_meme.txt	MA2028.2	MYB49	TTACCTAACTW	1.77e-1	1.00e0	9.27e2	408	206	206	206	6	138	66.99	128	62.14
475	data/reference/motifs/JASPAR2026_CORE_plants_non-redundant_pfms_meme.txt	MA2026.2	MYB108	TACCTAACTT	1.67e-1	1.00e0	9.27e2	409	206	206	206	8	35	16.99	27	13.11
476	data/reference/motifs/JASPAR2026_CORE_plants_non-redundant_pfms_meme.txt	MA2025.2	MYB93	TACCAAAC	1.56e-1	1.00e0	9.27e2	412	206	206	206	10	172	83.50	163	79.13
477	data/reference/motifs/JASPAR2026_CORE_plants_non-redundant_pfms_meme.txt	MA2024.2	MYB63	YCACCTACCAC	1.24e-1	1.00e0	9.27e2	393	206	206	206	14	3	1.46	0	0.00
478	data/reference/motifs/JASPAR2026_CORE_plants_non-redundant_pfms_meme.txt	MA2008.2	MYB99	CACCTAMY	5.00e-1	1.00e0	9.27e2	374	206	206	206	12	1	0.49	0	0.00
479	data/reference/motifs/JASPAR2026_CORE_plants_non-redundant_pfms_meme.txt	MA2007.2	MYB107	CACCAAAC	2.69e-1	1.00e0	9.27e2	412	206	206	206	10	168	81.55	162	78.64
480	data/reference/motifs/JASPAR2026_CORE_plants_non-redundant_pfms_meme.txt	MA1781.2	MYB94	CCAACYACYW	8.89e-2	1.00e0	9.27e2	408	206	206	206	2	199	96.60	192	93.20
481	data/reference/motifs/JASPAR2026_CORE_plants_non-redundant_pfms_meme.txt	MA1780.2	MYB92	ACCTAAC	4.42e-1	1.00e0	9.27e2	412	206	206	206	12	28	13.59	26	12.62
482	data/reference/motifs/JASPAR2026_CORE_plants_non-redundant_pfms_meme.txt	MA1779.2	MYB83	CACCAACM	1.92e-1	1.00e0	9.27e2	412	206	206	206	10	182	88.35	175	84.95
483	data/reference/motifs/JASPAR2026_CORE_plants_non-redundant_pfms_meme.txt	MA1778.2	MYB80	TYYACCTAMYTW	2.56e-1	1.00e0	9.27e2	411	206	206	206	15	13	6.31	9	4.37
484	data/reference/motifs/JASPAR2026_CORE_plants_non-redundant_pfms_meme.txt	MA1777.2	MYB74	YYYACCTAMCW	3.45e-1	1.00e0	9.27e2	390	206	206	206	2	174	84.47	170	82.52
485	data/reference/motifs/JASPAR2026_CORE_plants_non-redundant_pfms_meme.txt	MA1774.2	MYB60	YCAACYACYT	5.00e-1	1.00e0	9.27e2	411	206	206	206	18	2	0.97	1	0.49
486	data/reference/motifs/JASPAR2026_CORE_plants_non-redundant_pfms_meme.txt	MA1773.2	MYB51	YYYACCWACYW	7.44e-1	1.00e0	9.27e2	401	206	206	206	2	194	94.17	196	95.15
487	data/reference/motifs/JASPAR2026_CORE_plants_non-redundant_pfms_meme.txt	MA1772.2	MYB43	YTYACCWAMCWT	3.77e-1	1.00e0	9.27e2	366	206	206	206	2	140	67.96	136	66.02
488	data/reference/motifs/JASPAR2026_CORE_plants_non-redundant_pfms_meme.txt	MA1771.2	MYB41	TYACCTAMYT	1.16e-1	1.00e0	9.27e2	408	206	206	206	13	17	8.25	10	4.85
489	data/reference/motifs/JASPAR2026_CORE_plants_non-redundant_pfms_meme.txt	MA1770.2	MYB40	YTYACCWAMY	1.46e-1	1.00e0	9.27e2	397	206	206	206	1	201	97.57	196	95.15
490	data/reference/motifs/JASPAR2026_CORE_plants_non-redundant_pfms_meme.txt	MA1769.2	MYB39	YYCACCTAMYTT	2.37e-1	1.00e0	9.27e2	402	206	206	206	4	134	65.05	126	61.17
491	data/reference/motifs/JASPAR2026_CORE_plants_non-redundant_pfms_meme.txt	MA1768.2	MYB30	CCAACYACCAMC	1.80e-1	1.00e0	9.27e2	410	206	206	206	7	134	65.05	124	60.19
492	data/reference/motifs/JASPAR2026_CORE_plants_non-redundant_pfms_meme.txt	MA1767.2	MYB23	CAACWA	2.12e-1	1.00e0	9.27e2	412	206	206	206	8	159	77.18	151	73.30
493	data/reference/motifs/JASPAR2026_CORE_plants_non-redundant_pfms_meme.txt	MA1765.2	MYB121	TACCTAACW	1.56e-1	1.00e0	9.27e2	408	206	206	206	12	16	7.77	10	4.85
494	data/reference/motifs/JASPAR2026_CORE_plants_non-redundant_pfms_meme.txt	MA1393.3	MYB70	AACCGTT	1.12e-1	1.00e0	9.27e2	412	206	206	206	11	86	41.75	73	35.44
495	data/reference/motifs/JASPAR2026_CORE_plants_non-redundant_pfms_meme.txt	MA1392.3	MYB98	WMCGTTAC	4.40e-1	1.00e0	9.27e2	397	206	206	206	7	26	12.62	24	11.65
496	data/reference/motifs/JASPAR2026_CORE_plants_non-redundant_pfms_meme.txt	MA1391.3	MYB33	ATAACCGTAW	1.27e-1	1.00e0	9.27e2	410	206	206	206	3	189	91.75	181	87.86
497	data/reference/motifs/JASPAR2026_CORE_plants_non-redundant_pfms_meme.txt	MA1294.2	MYB62	WAGTTAGGY	2.96e-1	1.00e0	9.27e2	411	206	206	206	11	19	9.22	15	7.28
498	data/reference/motifs/JASPAR2026_CORE_plants_non-redundant_pfms_meme.txt	MA1293.2	MYB57	TACCTAACTT	2.49e-1	1.00e0	9.27e2	185	206	206	206	4	2	0.97	0	0.00
499	data/reference/motifs/JASPAR2026_CORE_plants_non-redundant_pfms_meme.txt	MA1292.2	MYB27	AAAAATTAGGTA	5.00e-1	1.00e0	9.27e2	201	206	206	206	1	101	49.03	100	48.54
500	data/reference/motifs/JASPAR2026_CORE_plants_non-redundant_pfms_meme.txt	MA1180.2	MYB3R4	WWWTRACCGTTR	4.19e-1	1.00e0	9.27e2	257	206	206	206	1	130	63.11	127	61.65
501	data/reference/motifs/JASPAR2026_CORE_plants_non-redundant_pfms_meme.txt	MA1178.3	MYB3R1	TAACGGTC	9.37e-2	1.00e0	9.27e2	407	206	206	206	3	190	92.23	181	87.86
502	data/reference/motifs/JASPAR2026_CORE_plants_non-redundant_pfms_meme.txt	MA1176.2	MYB119	RWCCGTTACA	2.28e-1	1.00e0	9.27e2	381	206	206	206	1	193	93.69	188	91.26
503	data/reference/motifs/JASPAR2026_CORE_plants_non-redundant_pfms_meme.txt	MA1174.2	MYB56	ATAACGGWHW	9.96e-2	1.00e0	9.27e2	410	206	206	206	7	103	50.00	89	43.20
504	data/reference/motifs/JASPAR2026_CORE_plants_non-redundant_pfms_meme.txt	MA1173.2	MYB101	TAACCGAAW	1.30e-1	1.00e0	9.27e2	412	206	206	206	29	9	4.37	4	1.94
505	data/reference/motifs/JASPAR2026_CORE_plants_non-redundant_pfms_meme.txt	MA1172.2	MYB3R5	AAWWDTDACCGTTR	5.00e-1	1.00e0	9.27e2	238	206	206	206	6	3	1.46	2	0.97
506	data/reference/motifs/JASPAR2026_CORE_plants_non-redundant_pfms_meme.txt	MA1171.2	MYB52	ACCGTTA	2.49e-1	1.00e0	9.27e2	288	206	206	206	9	2	0.97	0	0.00
507	data/reference/motifs/JASPAR2026_CORE_plants_non-redundant_pfms_meme.txt	MA1038.2	MYB3	GGTAGGTA	4.20e-1	1.00e0	9.27e2	400	206	206	206	5	81	39.32	78	37.86
508	data/reference/motifs/JASPAR2026_CORE_plants_non-redundant_pfms_meme.txt	MA1030.2	P0510F09.23	WRMCCTA	8.89e-2	1.00e0	9.27e2	412	206	206	206	17	199	96.60	192	93.20
509	data/reference/motifs/JASPAR2026_CORE_plants_non-redundant_pfms_meme.txt	MA0576.2	RAX3	GGGGGTAGGTGS	5.00e-1	1.00e0	9.27e2	83	206	206	206	3	4	1.94	3	1.46
510	data/reference/motifs/JASPAR2026_CORE_plants_non-redundant_pfms_meme.txt	MA0575.2	MYB77	GACRGTTAS	1.53e-1	1.00e0	9.27e2	358	206	206	206	1	183	88.83	175	84.95
511	data/reference/motifs/JASPAR2026_CORE_plants_non-redundant_pfms_meme.txt	MA0034.2	Gam1	YAACCGMC	1.24e-1	1.00e0	9.27e2	412	206	206	206	34	3	1.46	0	0.00
512	data/reference/motifs/JASPAR2026_CORE_plants_non-redundant_pfms_meme.txt	MA1830.2	Zm00001d015407	AAGGAATATTCTTTTT	2.25e-1	1.00e0	9.27e2	390	206	206	206	11	5	2.43	2	0.97
513	data/reference/motifs/JASPAR2026_CORE_plants_non-redundant_pfms_meme.txt	MA1737.2	AT5G05090	AGATHCG	7.22e-1	1.00e0	9.27e2	412	206	206	206	19	25	12.14	28	13.59
514	data/reference/motifs/JASPAR2026_CORE_plants_non-redundant_pfms_meme.txt	MA1735.2	AT2G38300	AAHATTCYHT	3.12e-1	1.00e0	9.27e2	412	206	206	206	3	205	99.51	203	98.54
515	data/reference/motifs/JASPAR2026_CORE_plants_non-redundant_pfms_meme.txt	MA1390.3	HHO2	AAGATTCC	1.86e-1	1.00e0	9.27e2	412	206	206	206	21	4	1.94	1	0.49
516	data/reference/motifs/JASPAR2026_CORE_plants_non-redundant_pfms_meme.txt	MA1389.2	PHL1	AARGAATATTCB	1.89e-1	1.00e0	9.27e2	334	206	206	206	1	171	83.01	163	79.13
517	data/reference/motifs/JASPAR2026_CORE_plants_non-redundant_pfms_meme.txt	MA1388.2	PHL2	VGAATMT	2.21e-1	1.00e0	9.27e2	411	206	206	206	5	185	89.81	179	86.89
518	data/reference/motifs/JASPAR2026_CORE_plants_non-redundant_pfms_meme.txt	MA1387.2	HRS1	ATCRAAGATTCY	2.56e-1	1.00e0	9.27e2	406	206	206	206	9	13	6.31	9	4.37
519	data/reference/motifs/JASPAR2026_CORE_plants_non-redundant_pfms_meme.txt	MA1386.3	HHO3	AAGATTCT	3.01e-1	1.00e0	9.27e2	412	206	206	206	11	72	34.95	66	32.04
520	data/reference/motifs/JASPAR2026_CORE_plants_non-redundant_pfms_meme.txt	MA1385.2	AT2G40260	AAHATTCTYT	1.69e-1	1.00e0	9.27e2	412	206	206	206	3	203	98.54	199	96.60
521	data/reference/motifs/JASPAR2026_CORE_plants_non-redundant_pfms_meme.txt	MA1383.2	KAN2	AATATTCTTT	1.62e-1	1.00e0	9.27e2	408	206	206	206	3	189	91.75	182	88.35
522	data/reference/motifs/JASPAR2026_CORE_plants_non-redundant_pfms_meme.txt	MA1168.2	MYR2	RGAATMTT	3.99e-1	1.00e0	9.27e2	404	206	206	206	3	170	82.52	167	81.07
523	data/reference/motifs/JASPAR2026_CORE_plants_non-redundant_pfms_meme.txt	MA1167.2	EFM	RGAATATTC	2.46e-1	1.00e0	9.27e2	392	206	206	206	1	198	96.12	194	94.17
524	data/reference/motifs/JASPAR2026_CORE_plants_non-redundant_pfms_meme.txt	MA1166.2	PHL12	AARRGAATATTC	5.00e-1	1.00e0	9.27e2	302	206	206	206	5	8	3.88	7	3.40
525	data/reference/motifs/JASPAR2026_CORE_plants_non-redundant_pfms_meme.txt	MA1165.3	HHO6	AGATTCT	5.00e-1	1.00e0	9.27e2	412	206	206	206	26	1	0.49	0	0.00
526	data/reference/motifs/JASPAR2026_CORE_plants_non-redundant_pfms_meme.txt	MA1164.2	HHO5	RAAGATTC	5.00e-1	1.00e0	9.27e2	405	206	206	206	11	8	3.88	7	3.40
527	data/reference/motifs/JASPAR2026_CORE_plants_non-redundant_pfms_meme.txt	MA1163.3	PHL11	AGAATATTCT	1.03e-1	1.00e0	9.27e2	376	206	206	206	3	146	70.87	133	64.56
528	data/reference/motifs/JASPAR2026_CORE_plants_non-redundant_pfms_meme.txt	MA1409.2	OsRR22	AGATACGST	6.80e-1	1.00e0	9.27e2	408	206	206	206	2	196	95.15	197	95.63
529	data/reference/motifs/JASPAR2026_CORE_plants_non-redundant_pfms_meme.txt	MA0949.2	ARR2	MGWATCTT	5.00e-1	1.00e0	9.27e2	411	206	206	206	18	4	1.94	3	1.46
530	data/reference/motifs/JASPAR2026_CORE_plants_non-redundant_pfms_meme.txt	MA0948.2	ARR18	AGATACG	5.00e-1	1.00e0	9.27e2	412	206	206	206	28	92	44.66	91	44.17
531	data/reference/motifs/JASPAR2026_CORE_plants_non-redundant_pfms_meme.txt	MA0945.2	ARR1	RDATCT	1.67e-1	1.00e0	9.27e2	412	206	206	206	89	25	12.14	18	8.74
532	data/reference/motifs/JASPAR2026_CORE_plants_non-redundant_pfms_meme.txt	MA0121.2	ARR10	AGATHYK	3.78e-1	1.00e0	9.27e2	412	206	206	206	9	184	89.32	181	87.86
533	data/reference/motifs/JASPAR2026_CORE_plants_non-redundant_pfms_meme.txt	MA2022.2	LOB	CCGCCGCCGCMGC	5.00e-1	1.00e0	9.27e2	161	206	206	206	22	2	0.97	1	0.49
534	data/reference/motifs/JASPAR2026_CORE_plants_non-redundant_pfms_meme.txt	MA2021.2	LBD13	TCCACCGT	1.37e-1	1.00e0	9.27e2	405	206	206	206	4	179	86.89	170	82.52
535	data/reference/motifs/JASPAR2026_CORE_plants_non-redundant_pfms_meme.txt	MA1673.2	LBD18	GCCGGAAA	1.80e-1	1.00e0	9.27e2	406	206	206	206	12	55	26.70	46	22.33
536	data/reference/motifs/JASPAR2026_CORE_plants_non-redundant_pfms_meme.txt	MA1747.2	DOF4.3	WAAAGWRGCTTTW	3.93e-1	1.00e0	9.27e2	163	206	206	206	3	8	3.88	6	2.91
537	data/reference/motifs/JASPAR2026_CORE_plants_non-redundant_pfms_meme.txt	MA1281.2	DOF5.1	AAAAAGWAAAAARAAAAAR	2.37e-1	1.00e0	9.27e2	412	206	206	206	18	80	38.83	72	34.95
538	data/reference/motifs/JASPAR2026_CORE_plants_non-redundant_pfms_meme.txt	MA1280.2	DOF5.4	AAAAAGK	2.25e-1	1.00e0	9.27e2	412	206	206	206	29	5	2.43	2	0.97
539	data/reference/motifs/JASPAR2026_CORE_plants_non-redundant_pfms_meme.txt	MA1276.2	DOF3.5	AWAAAGK	9.81e-2	1.00e0	9.27e2	412	206	206	206	9	151	73.30	138	66.99
540	data/reference/motifs/JASPAR2026_CORE_plants_non-redundant_pfms_meme.txt	MA1275.2	DOF1.6	AWAAAGTR	8.72e-2	1.00e0	9.27e2	412	206	206	206	19	47	22.82	35	16.99
541	data/reference/motifs/JASPAR2026_CORE_plants_non-redundant_pfms_meme.txt	MA1270.2	DOF3.2	TWACTTTTTNNYTTTT	8.92e-2	1.00e0	9.27e2	412	206	206	206	14	48	23.30	36	17.48
542	data/reference/motifs/JASPAR2026_CORE_plants_non-redundant_pfms_meme.txt	MA1269.2	DOF4.5	AWAAAGTWRCTTT	2.08e-1	1.00e0	9.27e2	412	206	206	206	5	201	97.57	197	95.63
543	data/reference/motifs/JASPAR2026_CORE_plants_non-redundant_pfms_meme.txt	MA1755.2	GATA4	GATC	2.23e-1	1.00e0	9.27e2	412	206	206	206	84	200	97.09	196	95.15
544	data/reference/motifs/JASPAR2026_CORE_plants_non-redundant_pfms_meme.txt	MA1396.2	GATA6	AGATCTAGAT	5.45e-1	1.00e0	9.27e2	308	206	206	206	1	154	74.76	154	74.76
545	data/reference/motifs/JASPAR2026_CORE_plants_non-redundant_pfms_meme.txt	MA1325.2	GATA14	TAGATCTR	6.08e-1	1.00e0	9.27e2	399	206	206	206	10	31	15.05	32	15.53
546	data/reference/motifs/JASPAR2026_CORE_plants_non-redundant_pfms_meme.txt	MA1323.2	GATA19	GATCBGATY	6.57e-1	1.00e0	9.27e2	405	206	206	206	20	3	1.46	3	1.46
547	data/reference/motifs/JASPAR2026_CORE_plants_non-redundant_pfms_meme.txt	MA1018.2	GATA9	AGATCT	3.15e-1	1.00e0	9.27e2	392	206	206	206	8	46	22.33	41	19.90
548	data/reference/motifs/JASPAR2026_CORE_plants_non-redundant_pfms_meme.txt	MA1017.2	GATA8	GATCY	3.82e-1	1.00e0	9.27e2	412	206	206	206	65	123	59.71	119	57.77
549	data/reference/motifs/JASPAR2026_CORE_plants_non-redundant_pfms_meme.txt	MA1016.2	GATA15	GATC	3.31e-1	1.00e0	9.27e2	412	206	206	206	97	181	87.86	177	85.92
550	data/reference/motifs/JASPAR2026_CORE_plants_non-redundant_pfms_meme.txt	MA1015.2	GATA12	AGATCT	2.64e-1	1.00e0	9.27e2	412	206	206	206	132	14	6.80	10	4.85
551	data/reference/motifs/JASPAR2026_CORE_plants_non-redundant_pfms_meme.txt	MA1814.2	RIN	CTATTTTTGG	1.69e-1	1.00e0	9.27e2	412	206	206	206	9	203	98.54	199	96.60
552	data/reference/motifs/JASPAR2026_CORE_plants_non-redundant_pfms_meme.txt	MA0584.2	SEP1	CCAWAWWTRGWAA	1.42e-1	1.00e0	9.27e2	393	206	206	206	12	6	2.91	2	0.97
553	data/reference/motifs/JASPAR2026_CORE_plants_non-redundant_pfms_meme.txt	MA0555.2	SVP	WWWCCAAAAAWGGAAA	1.24e-1	1.00e0	9.27e2	394	206	206	206	9	3	1.46	0	0.00
554	data/reference/motifs/JASPAR2026_CORE_plants_non-redundant_pfms_meme.txt	MA0554.2	SOC1	TTTCCWTTTTTGG	2.61e-1	1.00e0	9.27e2	411	206	206	206	4	172	83.50	166	80.58
555	data/reference/motifs/JASPAR2026_CORE_plants_non-redundant_pfms_meme.txt	MA0548.3	AGL15	TTTCCWTTTTDGGWAA	2.49e-1	1.00e0	9.27e2	289	206	206	206	6	2	0.97	0	0.00
556	data/reference/motifs/JASPAR2026_CORE_plants_non-redundant_pfms_meme.txt	MA0082.2	squamosa	MCAWAWATRGWAA	2.49e-1	1.00e0	9.27e2	412	206	206	206	24	2	0.97	0	0.00
557	data/reference/motifs/JASPAR2026_CORE_plants_non-redundant_pfms_meme.txt	MA1329.3	ZHD1	AYTAATTAA	1.37e-1	1.00e0	9.27e2	412	206	206	206	8	198	96.12	192	93.20
558	data/reference/motifs/JASPAR2026_CORE_plants_non-redundant_pfms_meme.txt	MA1326.2	ZHD5	GTRATTAR	1.32e-1	1.00e0	9.27e2	412	206	206	206	7	188	91.26	180	87.38
559	data/reference/motifs/JASPAR2026_CORE_plants_non-redundant_pfms_meme.txt	MA1824.2	Zm00001d005692	CAATAATT	9.77e-2	1.00e0	9.27e2	412	206	206	206	26	183	88.83	173	83.98
560	data/reference/motifs/JASPAR2026_CORE_plants_non-redundant_pfms_meme.txt	MA1757.2	HDG7	DCATTAAWTR	1.28e-1	1.00e0	9.27e2	411	206	206	206	7	140	67.96	128	62.14
561	data/reference/motifs/JASPAR2026_CORE_plants_non-redundant_pfms_meme.txt	MA1406.2	ATHB-4	YAATSATTG	1.87e-1	1.00e0	9.27e2	412	206	206	206	16	102	49.51	92	44.66
562	data/reference/motifs/JASPAR2026_CORE_plants_non-redundant_pfms_meme.txt	MA1375.2	ANL2	GCATTAATTR	2.14e-1	1.00e0	9.27e2	410	206	206	206	4	175	84.95	168	81.55
563	data/reference/motifs/JASPAR2026_CORE_plants_non-redundant_pfms_meme.txt	MA1369.2	HDG1	YAATTAATGM	2.25e-1	1.00e0	9.27e2	411	206	206	206	2	204	99.03	201	97.57
564	data/reference/motifs/JASPAR2026_CORE_plants_non-redundant_pfms_meme.txt	MA1215.2	ATHB-53	CAATAATTG	2.81e-1	1.00e0	9.27e2	408	206	206	206	4	181	87.86	176	85.44
565	data/reference/motifs/JASPAR2026_CORE_plants_non-redundant_pfms_meme.txt	MA1214.2	ATHB-40	ACCAATAATTG	9.08e-2	1.00e0	9.27e2	404	206	206	206	3	178	86.41	167	81.07
566	data/reference/motifs/JASPAR2026_CORE_plants_non-redundant_pfms_meme.txt	MA1212.2	ATHB-13	YAATAATT	1.06e-1	1.00e0	9.27e2	412	206	206	206	10	143	69.42	130	63.11
567	data/reference/motifs/JASPAR2026_CORE_plants_non-redundant_pfms_meme.txt	MA1209.2	ATHB-20	YAATAATT	5.40e-1	1.00e0	9.27e2	397	206	206	206	5	127	61.65	127	61.65
568	data/reference/motifs/JASPAR2026_CORE_plants_non-redundant_pfms_meme.txt	MA1026.3	ATHB-15	AWDRTAATGATKA	4.10e-1	1.00e0	9.27e2	390	206	206	206	3	156	75.73	153	74.27
569	data/reference/motifs/JASPAR2026_CORE_plants_non-redundant_pfms_meme.txt	MA0954.3	ATHB-7	TCAATGATTGR	1.42e-1	1.00e0	9.27e2	404	206	206	206	11	6	2.91	2	0.97
570	data/reference/motifs/JASPAR2026_CORE_plants_non-redundant_pfms_meme.txt	MA0008.4	HAT5	CAATAATTG	2.45e-1	1.00e0	9.27e2	406	206	206	206	8	99	48.06	91	44.17
571	data/reference/motifs/JASPAR2026_CORE_plants_non-redundant_pfms_meme.txt	MA2020.2	HSFB4	GAAGTTTCCR	1.67e-1	1.00e0	9.27e2	396	206	206	206	7	35	16.99	27	13.11
572	data/reference/motifs/JASPAR2026_CORE_plants_non-redundant_pfms_meme.txt	MA2019.2	HSFA1B	GAAACTTC	2.49e-1	1.00e0	9.27e2	411	206	206	206	23	2	0.97	0	0.00
573	data/reference/motifs/JASPAR2026_CORE_plants_non-redundant_pfms_meme.txt	MA1761.2	HSFB3	AAGCTTCTAGAA	1.99e-1	1.00e0	9.27e2	394	206	206	206	3	145	70.39	136	66.02
574	data/reference/motifs/JASPAR2026_CORE_plants_non-redundant_pfms_meme.txt	MA1759.2	HSFA4A	AGAAGCTTCTAGAA	2.25e-1	1.00e0	9.27e2	276	206	206	206	6	5	2.43	2	0.97
575	data/reference/motifs/JASPAR2026_CORE_plants_non-redundant_pfms_meme.txt	MA1667.3	HSFC1	TTCYAGAA	1.42e-1	1.00e0	9.27e2	409	206	206	206	17	6	2.91	2	0.97
576	data/reference/motifs/JASPAR2026_CORE_plants_non-redundant_pfms_meme.txt	MA1665.3	HSFB2A	RGAAGSTTCY	1.86e-1	1.00e0	9.27e2	377	206	206	206	11	4	1.94	1	0.49
577	data/reference/motifs/JASPAR2026_CORE_plants_non-redundant_pfms_meme.txt	MA1664.3	HSFA6B	TTCTRGAA	1.39e-1	1.00e0	9.27e2	412	206	206	206	10	113	54.85	101	49.03
578	data/reference/motifs/JASPAR2026_CORE_plants_non-redundant_pfms_meme.txt	MA1315.2	WRKY24	CGTTGACTTTT	1.12e-1	1.00e0	9.27e2	340	206	206	206	3	62	30.10	50	24.27
579	data/reference/motifs/JASPAR2026_CORE_plants_non-redundant_pfms_meme.txt	MA1314.2	WRKY14	AAAGTCAACG	2.49e-1	1.00e0	9.27e2	342	206	206	206	8	2	0.97	0	0.00
580	data/reference/motifs/JASPAR2026_CORE_plants_non-redundant_pfms_meme.txt	MA1313.2	WRKY7	CGTTGACTTTT	1.71e-1	1.00e0	9.27e2	210	206	206	206	2	50	24.27	41	19.90
581	data/reference/motifs/JASPAR2026_CORE_plants_non-redundant_pfms_meme.txt	MA1312.2	WRKY47	CGTTGACYW	2.49e-1	1.00e0	9.27e2	390	206	206	206	11	2	0.97	0	0.00
582	data/reference/motifs/JASPAR2026_CORE_plants_non-redundant_pfms_meme.txt	MA1311.3	WRKY28	RGTCAAC	1.80e-1	1.00e0	9.27e2	412	206	206	206	13	55	26.70	46	22.33
583	data/reference/motifs/JASPAR2026_CORE_plants_non-redundant_pfms_meme.txt	MA1310.2	WRKY42	CGTTGACT	5.00e-1	1.00e0	9.27e2	364	206	206	206	8	3	1.46	2	0.97
584	data/reference/motifs/JASPAR2026_CORE_plants_non-redundant_pfms_meme.txt	MA1307.3	WRKY31	RGTCAACG	2.38e-1	1.00e0	9.27e2	405	206	206	206	3	164	79.61	157	76.21
585	data/reference/motifs/JASPAR2026_CORE_plants_non-redundant_pfms_meme.txt	MA1306.2	WRKY11	CGTTGACTTTT	5.00e-1	1.00e0	9.27e2	336	206	206	206	5	15	7.28	14	6.80
586	data/reference/motifs/JASPAR2026_CORE_plants_non-redundant_pfms_meme.txt	MA1305.2	WRKY55	CGTTGACTT	1.58e-1	1.00e0	9.27e2	357	206	206	206	2	128	62.14	117	56.80
587	data/reference/motifs/JASPAR2026_CORE_plants_non-redundant_pfms_meme.txt	MA1304.2	WRKY59	AAAAGTCAAM	1.24e-1	1.00e0	9.27e2	409	206	206	206	1	206	100.00	203	98.54
588	data/reference/motifs/JASPAR2026_CORE_plants_non-redundant_pfms_meme.txt	MA1303.2	WRKY22	AAAGTCAACK	1.86e-1	1.00e0	9.27e2	332	206	206	206	7	4	1.94	1	0.49
589	data/reference/motifs/JASPAR2026_CORE_plants_non-redundant_pfms_meme.txt	MA1302.2	WRKY65	AAAGTCAACG	4.52e-1	1.00e0	9.27e2	373	206	206	206	4	45	21.84	43	20.87
590	data/reference/motifs/JASPAR2026_CORE_plants_non-redundant_pfms_meme.txt	MA1301.2	WRKY33	AAAGTCAACG	1.18e-1	1.00e0	9.27e2	336	206	206	206	2	111	53.88	98	47.57
591	data/reference/motifs/JASPAR2026_CORE_plants_non-redundant_pfms_meme.txt	MA1300.2	WRKY6	CGTTGACT	1.24e-1	1.00e0	9.27e2	312	206	206	206	7	3	1.46	0	0.00
592	data/reference/motifs/JASPAR2026_CORE_plants_non-redundant_pfms_meme.txt	MA1299.2	WRKY17	AAAGTCAACG	1.85e-1	1.00e0	9.27e2	354	206	206	206	5	20	9.71	14	6.80
593	data/reference/motifs/JASPAR2026_CORE_plants_non-redundant_pfms_meme.txt	MA1298.2	WRKY29	AAAGTCAAC	3.43e-1	1.00e0	9.27e2	396	206	206	206	10	4	1.94	2	0.97
594	data/reference/motifs/JASPAR2026_CORE_plants_non-redundant_pfms_meme.txt	MA1297.2	WRKY26	AAAAGTCAACG	1.88e-1	1.00e0	9.27e2	336	206	206	206	2	109	52.91	99	48.06
595	data/reference/motifs/JASPAR2026_CORE_plants_non-redundant_pfms_meme.txt	MA1295.2	WRKY20	CGTTGACY	5.00e-1	1.00e0	9.27e2	384	206	206	206	5	39	18.93	38	18.45
596	data/reference/motifs/JASPAR2026_CORE_plants_non-redundant_pfms_meme.txt	MA1094.3	WRKY8	AAAAGTCAACG	1.92e-1	1.00e0	9.27e2	367	206	206	206	5	31	15.05	24	11.65
597	data/reference/motifs/JASPAR2026_CORE_plants_non-redundant_pfms_meme.txt	MA1093.2	WRKY75	RGTCAAC	2.49e-1	1.00e0	9.27e2	366	206	206	206	10	2	0.97	0	0.00
598	data/reference/motifs/JASPAR2026_CORE_plants_non-redundant_pfms_meme.txt	MA1092.2	WRKY63	GGTCAA	1.42e-1	1.00e0	9.27e2	400	206	206	206	11	6	2.91	2	0.97
599	data/reference/motifs/JASPAR2026_CORE_plants_non-redundant_pfms_meme.txt	MA1090.2	WRKY60	GGTCAAC	3.12e-1	1.00e0	9.27e2	404	206	206	206	11	3	1.46	1	0.49
600	data/reference/motifs/JASPAR2026_CORE_plants_non-redundant_pfms_meme.txt	MA1088.2	WRKY48	GTCAA	1.62e-1	1.00e0	9.27e2	412	206	206	206	83	115	55.83	104	50.49
601	data/reference/motifs/JASPAR2026_CORE_plants_non-redundant_pfms_meme.txt	MA1086.2	WRKY43	RGTCAA	1.32e-1	1.00e0	9.27e2	412	206	206	206	59	157	76.21	146	70.87
602	data/reference/motifs/JASPAR2026_CORE_plants_non-redundant_pfms_meme.txt	MA1083.3	WRKY30	ARGTCAACG	6.02e-1	1.00e0	9.27e2	403	206	206	206	7	36	17.48	37	17.96
603	data/reference/motifs/JASPAR2026_CORE_plants_non-redundant_pfms_meme.txt	MA1081.3	WRKY25	RGTCAACG	4.44e-1	1.00e0	9.27e2	408	206	206	206	3	178	86.41	176	85.44
604	data/reference/motifs/JASPAR2026_CORE_plants_non-redundant_pfms_meme.txt	MA1079.3	WRKY21	AAAAGTCAACG	1.08e-1	1.00e0	9.27e2	363	206	206	206	7	5	2.43	1	0.49
605	data/reference/motifs/JASPAR2026_CORE_plants_non-redundant_pfms_meme.txt	MA1078.2	WRKY2	GGTCAAM	2.33e-1	1.00e0	9.27e2	410	206	206	206	6	140	67.96	132	64.08
606	data/reference/motifs/JASPAR2026_CORE_plants_non-redundant_pfms_meme.txt	MA1077.2	WRKY18	RGTCAA	3.62e-1	1.00e0	9.27e2	412	206	206	206	7	190	92.23	187	90.78
607	data/reference/motifs/JASPAR2026_CORE_plants_non-redundant_pfms_meme.txt	MA1076.3	WRKY15	RGTCAACG	3.74e-1	1.00e0	9.27e2	408	206	206	206	3	186	90.29	183	88.83
608	data/reference/motifs/JASPAR2026_CORE_plants_non-redundant_pfms_meme.txt	MA0589.2	WRKY1	TTGACCGAGY	1.24e-1	1.00e0	9.27e2	299	206	206	206	8	3	1.46	0	0.00
609	data/reference/motifs/JASPAR2026_CORE_plants_non-redundant_pfms_meme.txt	MA2053.2	NAC105	CAAGCAACC	1.14e-1	1.00e0	9.27e2	412	206	206	206	18	12	5.83	6	2.91
610	data/reference/motifs/JASPAR2026_CORE_plants_non-redundant_pfms_meme.txt	MA2051.2	NAC68	ACAAGTAW	4.17e-1	1.00e0	9.27e2	412	206	206	206	32	13	6.31	11	5.34
611	data/reference/motifs/JASPAR2026_CORE_plants_non-redundant_pfms_meme.txt	MA2050.2	NAC101	CAAGCAA	1.30e-1	1.00e0	9.27e2	412	206	206	206	32	9	4.37	4	1.94
612	data/reference/motifs/JASPAR2026_CORE_plants_non-redundant_pfms_meme.txt	MA2048.2	NAC045	GAAGCAAC	2.46e-1	1.00e0	9.27e2	412	206	206	206	8	190	92.23	185	89.81
613	data/reference/motifs/JASPAR2026_CORE_plants_non-redundant_pfms_meme.txt	MA2047.2	NAC037	CAAGCAA	1.73e-1	1.00e0	9.27e2	412	206	206	206	13	164	79.61	155	75.24
614	data/reference/motifs/JASPAR2026_CORE_plants_non-redundant_pfms_meme.txt	MA2038.2	NAC103	CAAGTTA	2.55e-1	1.00e0	9.27e2	412	206	206	206	27	23	11.17	18	8.74
615	data/reference/motifs/JASPAR2026_CORE_plants_non-redundant_pfms_meme.txt	MA2037.2	NAC096	CAAGTAA	1.89e-1	1.00e0	9.27e2	412	206	206	206	20	61	29.61	52	25.24
616	data/reference/motifs/JASPAR2026_CORE_plants_non-redundant_pfms_meme.txt	MA2036.2	NAC076	CAAGCAA	1.72e-1	1.00e0	9.27e2	412	206	206	206	12	187	90.78	180	87.38
617	data/reference/motifs/JASPAR2026_CORE_plants_non-redundant_pfms_meme.txt	MA1787.2	NAC047	ACACGTMWCT	1.86e-1	1.00e0	9.27e2	405	206	206	206	6	97	47.09	87	42.23
618	data/reference/motifs/JASPAR2026_CORE_plants_non-redundant_pfms_meme.txt	MA1678.3	NTL8	GAAGAAAC	1.88e-1	1.00e0	9.27e2	412	206	206	206	16	109	52.91	99	48.06
619	data/reference/motifs/JASPAR2026_CORE_plants_non-redundant_pfms_meme.txt	MA1676.3	NAC062	TAAGTAA	9.22e-2	1.00e0	9.27e2	412	206	206	206	24	137	66.50	123	59.71
620	data/reference/motifs/JASPAR2026_CORE_plants_non-redundant_pfms_meme.txt	MA1675.2	NAC029	ACGCAACT	1.30e-1	1.00e0	9.27e2	406	206	206	206	2	202	98.06	197	95.63
621	data/reference/motifs/JASPAR2026_CORE_plants_non-redundant_pfms_meme.txt	MA1674.3	NAC017	CAAGTAA	1.83e-1	1.00e0	9.27e2	412	206	206	206	17	128	62.14	118	57.28
622	data/reference/motifs/JASPAR2026_CORE_plants_non-redundant_pfms_meme.txt	MA1045.2	NAC043	TWACGTAA	1.07e-1	1.00e0	9.27e2	412	206	206	206	4	187	90.78	178	86.41
623	data/reference/motifs/JASPAR2026_CORE_plants_non-redundant_pfms_meme.txt	MA1043.2	NAC083	YACGYAA	2.44e-1	1.00e0	9.27e2	228	206	206	206	1	118	57.28	110	53.40
624	data/reference/motifs/JASPAR2026_CORE_plants_non-redundant_pfms_meme.txt	MA1414.2	E2FA	GCGCCA	2.46e-1	1.00e0	9.27e2	405	206	206	206	4	159	77.18	152	73.79
625	data/reference/motifs/JASPAR2026_CORE_plants_non-redundant_pfms_meme.txt	MA1813.2	EIL4	TWCAATGAA	2.77e-1	1.00e0	9.27e2	410	206	206	206	11	100	48.54	93	45.15
626	data/reference/motifs/JASPAR2026_CORE_plants_non-redundant_pfms_meme.txt	MA1682.2	TCX3	AAATTCAAATWT	2.43e-1	1.00e0	9.27e2	411	206	206	206	11	121	58.74	113	54.85
627	data/reference/motifs/JASPAR2026_CORE_plants_non-redundant_pfms_meme.txt	MA1809.2	GLYMA-07G038400	CTGACAC	2.21e-1	1.00e0	9.27e2	412	206	206	206	30	17	8.25	12	5.83
628	data/reference/motifs/JASPAR2026_CORE_plants_non-redundant_pfms_meme.txt	MA1756.2	GRF9	TGTCAGA	5.40e-1	1.00e0	9.27e2	401	206	206	206	4	122	59.22	122	59.22
629	data/reference/motifs/JASPAR2026_CORE_plants_non-redundant_pfms_meme.txt	MA1801.2	TREE1	AGCTD	3.31e-1	1.00e0	9.27e2	412	206	206	206	100	29	14.08	25	12.14
630	data/reference/motifs/JASPAR2026_CORE_plants_non-redundant_pfms_meme.txt	MA1736.2	AT5G04390	TCACT	9.60e-2	1.00e0	9.27e2	412	206	206	206	20	66	32.04	53	25.73
631	data/reference/motifs/JASPAR2026_CORE_plants_non-redundant_pfms_meme.txt	MA1415.2	REF6	RAAACAGAG	1.26e-1	1.00e0	9.27e2	390	206	206	206	8	13	6.31	7	3.40
632	data/reference/motifs/JASPAR2026_CORE_plants_non-redundant_pfms_meme.txt	MA1374.2	IDD7	ASAAAACGACAAAA	1.85e-1	1.00e0	9.27e2	303	206	206	206	3	41	19.90	33	16.02
633	data/reference/motifs/JASPAR2026_CORE_plants_non-redundant_pfms_meme.txt	MA1372.2	ZAT10	CACTNHCACT	2.46e-1	1.00e0	9.27e2	412	206	206	206	27	12	5.83	8	3.88
634	data/reference/motifs/JASPAR2026_CORE_plants_non-redundant_pfms_meme.txt	MA1371.2	IDD4	ASAAAAMGACAAAAA	1.24e-1	1.00e0	9.27e2	322	206	206	206	7	3	1.46	0	0.00
635	data/reference/motifs/JASPAR2026_CORE_plants_non-redundant_pfms_meme.txt	MA1160.2	IDD6	TTTTTGTCGTTTTSTK	5.80e-1	1.00e0	9.27e2	316	206	206	206	5	13	6.31	13	6.31
636	data/reference/motifs/JASPAR2026_CORE_plants_non-redundant_pfms_meme.txt	MA1159.2	SGR5	AAAWAAGACAAAA	1.01e-1	1.00e0	9.27e2	409	206	206	206	7	43	20.87	32	15.53
637	data/reference/motifs/JASPAR2026_CORE_plants_non-redundant_pfms_meme.txt	MA1157.2	NUC	TTTTGTCGTTTT	1.24e-1	1.00e0	9.27e2	346	206	206	206	8	3	1.46	0	0.00
638	data/reference/motifs/JASPAR2026_CORE_plants_non-redundant_pfms_meme.txt	MA1156.2	JKD	TTTTGTCKTTTT	1.08e-1	1.00e0	9.27e2	406	206	206	206	10	5	2.43	1	0.49
639	data/reference/motifs/JASPAR2026_CORE_plants_non-redundant_pfms_meme.txt	MA1345.2	BZIP48	GCCACGTCAGCA	5.92e-1	1.00e0	9.27e2	97	206	206	206	1	48	23.30	49	23.79
640	data/reference/motifs/JASPAR2026_CORE_plants_non-redundant_pfms_meme.txt	MA1341.2	BZIP53	TGCTGACGTGGCA	5.00e-1	1.00e0	9.27e2	97	206	206	206	1	49	23.79	48	23.30
641	data/reference/motifs/JASPAR2026_CORE_plants_non-redundant_pfms_meme.txt	MA1340.2	BZIP3	TGMTGACGTGGCA	5.81e-1	1.00e0	9.27e2	153	206	206	206	1	76	36.89	77	37.38
642	data/reference/motifs/JASPAR2026_CORE_plants_non-redundant_pfms_meme.txt	MA1337.2	BZIP44	WGCTGACGTGGCA	5.00e-1	1.00e0	9.27e2	85	206	206	206	1	43	20.87	42	20.39
643	data/reference/motifs/JASPAR2026_CORE_plants_non-redundant_pfms_meme.txt	MA1334.2	BZIP11	TGCCACGTCAGCA	7.12e-1	1.00e0	9.27e2	108	206	206	206	1	52	25.24	56	27.18
644	data/reference/motifs/JASPAR2026_CORE_plants_non-redundant_pfms_meme.txt	MA1803.2	VIP1	TGMCAGCTGT	1.89e-1	1.00e0	9.27e2	279	206	206	206	3	30	14.56	23	11.17
645	data/reference/motifs/JASPAR2026_CORE_plants_non-redundant_pfms_meme.txt	MA1744.2	BZIP30	GMCAGCTGK	2.15e-1	1.00e0	9.27e2	411	206	206	206	10	105	50.97	96	46.60
646	data/reference/motifs/JASPAR2026_CORE_plants_non-redundant_pfms_meme.txt	MA1343.2	BZIP52	TGMCAGCT	2.13e-1	1.00e0	9.27e2	353	206	206	206	6	16	7.77	11	5.34
647	data/reference/motifs/JASPAR2026_CORE_plants_non-redundant_pfms_meme.txt	MA1425.2	HYH	TSACGTG	1.37e-1	1.00e0	9.27e2	366	206	206	206	1	187	90.78	179	86.89
648	data/reference/motifs/JASPAR2026_CORE_plants_non-redundant_pfms_meme.txt	MA0551.2	HY5	TGMCACGTGKCA	7.49e-1	1.00e0	9.27e2	123	206	206	206	6	4	1.94	5	2.43
649	data/reference/motifs/JASPAR2026_CORE_plants_non-redundant_pfms_meme.txt	MA1351.3	GBF3	ACGTGGCA	8.74e-2	1.00e0	9.27e2	412	206	206	206	7	160	77.67	147	71.36
650	data/reference/motifs/JASPAR2026_CORE_plants_non-redundant_pfms_meme.txt	MA1349.2	BZIP16	HSACGTGGCA	5.00e-1	1.00e0	9.27e2	133	206	206	206	1	67	32.52	66	32.04
651	data/reference/motifs/JASPAR2026_CORE_plants_non-redundant_pfms_meme.txt	MA0968.3	BZIP68	TGCCACGTSA	2.49e-1	1.00e0	9.27e2	264	206	206	206	8	2	0.97	0	0.00
652	data/reference/motifs/JASPAR2026_CORE_plants_non-redundant_pfms_meme.txt	MA1346.2	TGA10	GMTGACGTCA	6.17e-1	1.00e0	9.27e2	255	206	206	206	3	25	12.14	26	12.62
653	data/reference/motifs/JASPAR2026_CORE_plants_non-redundant_pfms_meme.txt	MA1336.2	TGA3	RTGACGTCAKC	5.57e-1	1.00e0	9.27e2	142	206	206	206	2	28	13.59	28	13.59
654	data/reference/motifs/JASPAR2026_CORE_plants_non-redundant_pfms_meme.txt	MA1070.3	TGA7	ATGACGTCAB	8.53e-1	1.00e0	9.27e2	277	206	206	206	1	134	65.05	143	69.42
655	data/reference/motifs/JASPAR2026_CORE_plants_non-redundant_pfms_meme.txt	MA1069.3	TGA6	ATGAYGTCAT	5.00e-1	1.00e0	9.27e2	389	206	206	206	1	195	94.66	194	94.17
656	data/reference/motifs/JASPAR2026_CORE_plants_non-redundant_pfms_meme.txt	MA1068.3	TGA2	ATGACGTCAY	7.85e-1	1.00e0	9.27e2	191	206	206	206	1	92	44.66	99	48.06
657	data/reference/motifs/JASPAR2026_CORE_plants_non-redundant_pfms_meme.txt	MA1047.3	TGA5	ATGACGTCA	5.00e-1	1.00e0	9.27e2	386	206	206	206	4	130	63.11	129	62.62
658	data/reference/motifs/JASPAR2026_CORE_plants_non-redundant_pfms_meme.txt	MA0588.2	TGA1	SVTGACGT	5.00e-1	1.00e0	9.27e2	407	206	206	206	1	204	99.03	203	98.54
659	data/reference/motifs/JASPAR2026_CORE_plants_non-redundant_pfms_meme.txt	MA1344.2	BZIP28	TSACGTGGCA	2.49e-1	1.00e0	9.27e2	257	206	206	206	7	2	0.97	0	0.00
660	data/reference/motifs/JASPAR2026_CORE_plants_non-redundant_pfms_meme.txt	MA1659.2	ABF4	CCACGTS	1.83e-1	1.00e0	9.27e2	412	206	206	206	11	129	62.62	119	57.77
661	data/reference/motifs/JASPAR2026_CORE_plants_non-redundant_pfms_meme.txt	MA1338.3	DPBF3	TGMCACGTGTC	1.87e-1	1.00e0	9.27e2	222	206	206	206	1	116	56.31	106	51.46
662	data/reference/motifs/JASPAR2026_CORE_plants_non-redundant_pfms_meme.txt	MA0930.3	ABF3	ACGTGTC	1.56e-1	1.00e0	9.27e2	412	206	206	206	10	132	64.08	121	58.74
663	data/reference/motifs/JASPAR2026_CORE_plants_non-redundant_pfms_meme.txt	MA0570.3	ABF1	ACACGTGKCA	1.01e-1	1.00e0	9.27e2	354	206	206	206	1	182	88.35	172	83.50
664	data/reference/motifs/JASPAR2026_CORE_plants_non-redundant_pfms_meme.txt	MA1828.2	Zm00001d038683	GTGGTCCA	4.60e-1	1.00e0	9.27e2	407	206	206	206	6	118	57.28	116	56.31
665	data/reference/motifs/JASPAR2026_CORE_plants_non-redundant_pfms_meme.txt	MA1430.2	TB1	GGSCCCCCC	3.82e-1	1.00e0	9.27e2	174	206	206	206	1	89	43.20	85	41.26
666	data/reference/motifs/JASPAR2026_CORE_plants_non-redundant_pfms_meme.txt	MA1428.2	TCP8	GGSCCCAC	2.40e-1	1.00e0	9.27e2	412	206	206	206	29	20	9.71	15	7.28
667	data/reference/motifs/JASPAR2026_CORE_plants_non-redundant_pfms_meme.txt	MA1410.2	StBRC1	GGGSCCM	1.19e-1	1.00e0	9.27e2	406	206	206	206	5	176	85.44	166	80.58
668	data/reference/motifs/JASPAR2026_CORE_plants_non-redundant_pfms_meme.txt	MA1063.2	TCP19	GGSCCCAC	2.91e-1	1.00e0	9.27e2	410	206	206	206	4	192	93.20	188	91.26
669	data/reference/motifs/JASPAR2026_CORE_plants_non-redundant_pfms_meme.txt	MA1031.2	OJ1581_H09.2	GGGCCC	9.82e-2	1.00e0	9.27e2	398	206	206	206	6	165	80.10	153	74.27
670	data/reference/motifs/JASPAR2026_CORE_plants_non-redundant_pfms_meme.txt	MA1019.2	Glyma19g26560.1	GGSCCCAC	2.40e-1	1.00e0	9.27e2	407	206	206	206	14	20	9.71	15	7.28
671	data/reference/motifs/JASPAR2026_CORE_plants_non-redundant_pfms_meme.txt	MA0587.2	TCP16	GTGGACCC	1.57e-1	1.00e0	9.27e2	304	206	206	206	1	157	76.21	147	71.36
672	data/reference/motifs/JASPAR2026_CORE_plants_non-redundant_pfms_meme.txt	MA1333.2	BEH3	YGCACGTGTG	5.00e-1	1.00e0	9.27e2	109	206	206	206	1	55	26.70	54	26.21
673	data/reference/motifs/JASPAR2026_CORE_plants_non-redundant_pfms_meme.txt	MA1331.2	BEH4	YGCACGTGTG	6.60e-1	1.00e0	9.27e2	62	206	206	206	1	30	14.56	32	15.53
674	data/reference/motifs/JASPAR2026_CORE_plants_non-redundant_pfms_meme.txt	MA0550.3	BZR1	CRCACGTGYR	5.00e-1	1.00e0	9.27e2	119	206	206	206	1	60	29.13	59	28.64
675	data/reference/motifs/JASPAR2026_CORE_plants_non-redundant_pfms_meme.txt	MA1834.2	Zm00001d034298	CCACGCG	3.28e-1	1.00e0	9.27e2	410	206	206	206	5	182	88.35	178	86.41
676	data/reference/motifs/JASPAR2026_CORE_plants_non-redundant_pfms_meme.txt	MA1740.2	BHLH49	CACGTGC	4.53e-1	1.00e0	9.27e2	90	206	206	206	1	46	22.33	44	21.36
677	data/reference/motifs/JASPAR2026_CORE_plants_non-redundant_pfms_meme.txt	MA1739.2	BHLH122	CMACTTG	2.08e-1	1.00e0	9.27e2	370	206	206	206	1	188	91.26	182	88.35
678	data/reference/motifs/JASPAR2026_CORE_plants_non-redundant_pfms_meme.txt	MA1412.2	TSAR2	GCACGTGC	2.92e-1	1.00e0	9.27e2	254	206	206	206	6	34	16.50	29	14.08
679	data/reference/motifs/JASPAR2026_CORE_plants_non-redundant_pfms_meme.txt	MA1411.2	TSAR1	GCACGTGC	2.31e-1	1.00e0	9.27e2	262	206	206	206	4	71	34.47	63	30.58
680	data/reference/motifs/JASPAR2026_CORE_plants_non-redundant_pfms_meme.txt	MA1362.2	bHLH77	DWNGBCACGTGM	5.40e-1	1.00e0	9.27e2	248	206	206	206	1	124	60.19	124	60.19
681	data/reference/motifs/JASPAR2026_CORE_plants_non-redundant_pfms_meme.txt	MA1361.2	bHLH18	CRCGTKWWHCACGTG	1.85e-1	1.00e0	9.27e2	217	206	206	206	4	13	6.31	8	3.88
682	data/reference/motifs/JASPAR2026_CORE_plants_non-redundant_pfms_meme.txt	MA1360.3	bHLH74	CACGTG	1.44e-1	1.00e0	9.27e2	338	206	206	206	5	70	33.98	59	28.64
683	data/reference/motifs/JASPAR2026_CORE_plants_non-redundant_pfms_meme.txt	MA1359.3	BPE	CACGTG	4.47e-1	1.00e0	9.27e2	337	206	206	206	8	35	16.99	33	16.02
684	data/reference/motifs/JASPAR2026_CORE_plants_non-redundant_pfms_meme.txt	MA1358.2	bHLH130	CMACTTGC	4.56e-1	1.00e0	9.27e2	324	206	206	206	3	58	28.16	56	27.18
685	data/reference/motifs/JASPAR2026_CORE_plants_non-redundant_pfms_meme.txt	MA1357.2	bHLH80	TGCAAGTKG	2.49e-1	1.00e0	9.27e2	208	206	206	206	5	2	0.97	0	0.00
686	data/reference/motifs/JASPAR2026_CORE_plants_non-redundant_pfms_meme.txt	MA1074.2	UNE10	CACGTGM	4.53e-1	1.00e0	9.27e2	90	206	206	206	1	46	22.33	44	21.36
687	data/reference/motifs/JASPAR2026_CORE_plants_non-redundant_pfms_meme.txt	MA1025.2	HBI1	GCACGTG	1.64e-1	1.00e0	9.27e2	384	206	206	206	1	195	94.66	189	91.75
688	data/reference/motifs/JASPAR2026_CORE_plants_non-redundant_pfms_meme.txt	MA0961.2	bHLH112	CCACTTG	2.49e-1	1.00e0	9.27e2	146	206	206	206	4	2	0.97	0	0.00
689	data/reference/motifs/JASPAR2026_CORE_plants_non-redundant_pfms_meme.txt	MA0956.2	BEE2	CACGTG	1.15e-1	1.00e0	9.27e2	412	206	206	206	44	65	31.55	53	25.73
690	data/reference/motifs/JASPAR2026_CORE_plants_non-redundant_pfms_meme.txt	MA0569.2	MYC4	CACGTGC	1.83e-1	1.00e0	9.27e2	379	206	206	206	5	88	42.72	78	37.86
691	data/reference/motifs/JASPAR2026_CORE_plants_non-redundant_pfms_meme.txt	MA0560.2	PIF3	CCACGTG	3.46e-1	1.00e0	9.27e2	285	206	206	206	2	98	47.57	93	45.15
692	data/reference/motifs/JASPAR2026_CORE_plants_non-redundant_pfms_meme.txt	MA0582.2	RAV1	GCAACA	3.81e-1	1.00e0	9.27e2	412	206	206	206	10	183	88.83	180	87.38
693	data/reference/motifs/JASPAR2026_CORE_plants_non-redundant_pfms_meme.txt	MA1698.2	ARF7	GCCGACAAG	5.40e-1	1.00e0	9.27e2	394	206	206	206	5	91	44.17	91	44.17
694	data/reference/motifs/JASPAR2026_CORE_plants_non-redundant_pfms_meme.txt	MA1697.2	ARF4	ACGACAAG	2.98e-1	1.00e0	9.27e2	411	206	206	206	9	144	69.90	138	66.99
695	data/reference/motifs/JASPAR2026_CORE_plants_non-redundant_pfms_meme.txt	MA1695.2	ARF36	GGGGGACAHGTC	2.14e-1	1.00e0	9.27e2	327	206	206	206	2	117	56.80	108	52.43
696	data/reference/motifs/JASPAR2026_CORE_plants_non-redundant_pfms_meme.txt	MA1694.2	ARF35	CCCGACAAG	5.00e-1	1.00e0	9.27e2	398	206	206	206	20	1	0.49	0	0.00
697	data/reference/motifs/JASPAR2026_CORE_plants_non-redundant_pfms_meme.txt	MA1693.2	ARF34	CAGACAGC	2.09e-1	1.00e0	9.27e2	409	206	206	206	9	84	40.78	75	36.41
698	data/reference/motifs/JASPAR2026_CORE_plants_non-redundant_pfms_meme.txt	MA1692.2	ARF29	GCCGACAA	7.51e-1	1.00e0	9.27e2	408	206	206	206	27	1	0.49	1	0.49
699	data/reference/motifs/JASPAR2026_CORE_plants_non-redundant_pfms_meme.txt	MA1691.2	ARF27	GCAGACAT	1.87e-1	1.00e0	9.27e2	411	206	206	206	10	116	56.31	106	51.46
700	data/reference/motifs/JASPAR2026_CORE_plants_non-redundant_pfms_meme.txt	MA1690.2	ARF25	ARMGGGRGACAM	2.46e-1	1.00e0	9.27e2	350	206	206	206	1	178	86.41	172	83.50
701	data/reference/motifs/JASPAR2026_CORE_plants_non-redundant_pfms_meme.txt	MA1689.2	ARF18	CCGACAAA	2.49e-1	1.00e0	9.27e2	412	206	206	206	20	2	0.97	0	0.00
702	data/reference/motifs/JASPAR2026_CORE_plants_non-redundant_pfms_meme.txt	MA1688.2	ARF16	CAAGACAAGA	3.44e-1	1.00e0	9.27e2	412	206	206	206	14	124	60.19	119	57.77
703	data/reference/motifs/JASPAR2026_CORE_plants_non-redundant_pfms_meme.txt	MA1685.2	ARF10	ARNGGGAGACA	3.09e-1	1.00e0	9.27e2	386	206	206	206	8	22	10.68	18	8.74
704	data/reference/motifs/JASPAR2026_CORE_plants_non-redundant_pfms_meme.txt	MA0944.2	ARF8	TGTCGG	2.35e-1	1.00e0	9.27e2	412	206	206	206	21	199	96.60	195	94.66
705	data/reference/motifs/JASPAR2026_CORE_plants_non-redundant_pfms_meme.txt	MA0943.2	ARF5	RCCGACA	5.00e-1	1.00e0	9.27e2	408	206	206	206	20	3	1.46	2	0.97
706	data/reference/motifs/JASPAR2026_CORE_plants_non-redundant_pfms_meme.txt	MA0942.2	ARF1	ACCGACA	7.15e-1	1.00e0	9.27e2	388	206	206	206	8	14	6.80	16	7.77
707	data/reference/motifs/JASPAR2026_CORE_plants_non-redundant_pfms_meme.txt	MA1810.2	GLYMA-08G357600	ATGCATGCA	8.88e-2	1.00e0	9.27e2	407	206	206	206	3	191	92.72	182	88.35
708	data/reference/motifs/JASPAR2026_CORE_plants_non-redundant_pfms_meme.txt	MA0581.2	LEC2	CATGCR	1.55e-1	1.00e0	9.27e2	384	206	206	206	3	134	65.05	123	59.71
709	data/reference/motifs/JASPAR2026_CORE_plants_non-redundant_pfms_meme.txt	MA0565.3	FUS3	ACATGCA	2.19e-1	1.00e0	9.27e2	339	206	206	206	1	173	83.98	166	80.58
710	data/reference/motifs/JASPAR2026_CORE_plants_non-redundant_pfms_meme.txt	MA2013.2	ERF115	YCGCCGCCGCM	2.44e-1	1.00e0	9.27e2	182	206	206	206	1	95	46.12	87	42.23
711	data/reference/motifs/JASPAR2026_CORE_plants_non-redundant_pfms_meme.txt	MA2011.2	ERF010	CACCGACA	6.00e-1	1.00e0	9.27e2	383	206	206	206	11	8	3.88	8	3.88
712	data/reference/motifs/JASPAR2026_CORE_plants_non-redundant_pfms_meme.txt	MA1831.2	Zm00001d031796	GACGGCGACG	1.40e-1	1.00e0	9.27e2	314	206	206	206	6	37	17.96	28	13.59
713	data/reference/motifs/JASPAR2026_CORE_plants_non-redundant_pfms_meme.txt	MA1821.2	Zm00001d020595	GGCGGCGGCG	8.14e-1	1.00e0	9.27e2	23	206	206	206	2	2	0.97	3	1.46
714	data/reference/motifs/JASPAR2026_CORE_plants_non-redundant_pfms_meme.txt	MA1820.2	Zm00001d024324	CGCCGCCGC	2.13e-1	1.00e0	9.27e2	261	206	206	206	2	93	45.15	84	40.78
715	data/reference/motifs/JASPAR2026_CORE_plants_non-redundant_pfms_meme.txt	MA1754.2	ERF073	CKCCGCCGCCR	5.56e-1	1.00e0	9.27e2	128	206	206	206	2	29	14.08	29	14.08
716	data/reference/motifs/JASPAR2026_CORE_plants_non-redundant_pfms_meme.txt	MA1753.2	ERF057	CCDCCDCCRCCGCC	5.00e-1	1.00e0	9.27e2	203	206	206	206	18	2	0.97	1	0.49
717	data/reference/motifs/JASPAR2026_CORE_plants_non-redundant_pfms_meme.txt	MA1752.2	ERF025	YGCCGACA	2.71e-1	1.00e0	9.27e2	267	206	206	206	2	82	39.81	75	36.41
718	data/reference/motifs/JASPAR2026_CORE_plants_non-redundant_pfms_meme.txt	MA1748.2	DREB1F	GCCGAC	9.15e-2	1.00e0	9.27e2	403	206	206	206	9	82	39.81	68	33.01
719	data/reference/motifs/JASPAR2026_CORE_plants_non-redundant_pfms_meme.txt	MA1679.2	RAP2-1	CACCGACA	5.00e-1	1.00e0	9.27e2	362	206	206	206	11	6	2.91	5	2.43
720	data/reference/motifs/JASPAR2026_CORE_plants_non-redundant_pfms_meme.txt	MA1671.2	ERF118	CCGCCGCC	3.84e-1	1.00e0	9.27e2	304	206	206	206	2	101	49.03	97	47.09
721	data/reference/motifs/JASPAR2026_CORE_plants_non-redundant_pfms_meme.txt	MA1670.2	DREB1C	GCCGACAT	7.51e-1	1.00e0	9.27e2	391	206	206	206	26	1	0.49	1	0.49
722	data/reference/motifs/JASPAR2026_CORE_plants_non-redundant_pfms_meme.txt	MA1669.2	DREB1B	GCCGACAT	6.54e-1	1.00e0	9.27e2	382	206	206	206	9	13	6.31	14	6.80
723	data/reference/motifs/JASPAR2026_CORE_plants_non-redundant_pfms_meme.txt	MA1424.2	ERF019	CCACCGACA	3.11e-1	1.00e0	9.27e2	198	206	206	206	1	102	49.51	96	46.60
724	data/reference/motifs/JASPAR2026_CORE_plants_non-redundant_pfms_meme.txt	MA1265.3	ERF015	CACCGACA	7.19e-1	1.00e0	9.27e2	357	206	206	206	6	26	12.62	29	14.08
725	data/reference/motifs/JASPAR2026_CORE_plants_non-redundant_pfms_meme.txt	MA1261.2	ERF122	TRCGGCKGHG	1.68e-1	1.00e0	9.27e2	367	206	206	206	2	148	71.84	138	66.99
726	data/reference/motifs/JASPAR2026_CORE_plants_non-redundant_pfms_meme.txt	MA1260.2	ERF013	TGTCGGTGG	5.00e-1	1.00e0	9.27e2	205	206	206	206	6	3	1.46	2	0.97
727	data/reference/motifs/JASPAR2026_CORE_plants_non-redundant_pfms_meme.txt	MA1259.2	ERF023	TGTCGGTGR	5.39e-1	1.00e0	9.27e2	186	206	206	206	1	93	45.15	93	45.15
728	data/reference/motifs/JASPAR2026_CORE_plants_non-redundant_pfms_meme.txt	MA1258.2	DREB2A	AWGKCGGTG	4.18e-1	1.00e0	9.27e2	263	206	206	206	2	72	34.95	69	33.50
729	data/reference/motifs/JASPAR2026_CORE_plants_non-redundant_pfms_meme.txt	MA1256.2	RAP2-12	DRYGGCGGCGG	4.04e-1	1.00e0	9.27e2	169	206	206	206	2	44	21.36	41	19.90
730	data/reference/motifs/JASPAR2026_CORE_plants_non-redundant_pfms_meme.txt	MA1253.2	ERF036	TGTCGGTG	7.09e-1	1.00e0	9.27e2	358	206	206	206	7	15	7.28	17	8.25
731	data/reference/motifs/JASPAR2026_CORE_plants_non-redundant_pfms_meme.txt	MA1252.2	ERF086	CCKCCGCCGY	2.12e-1	1.00e0	9.27e2	169	206	206	206	1	89	43.20	80	38.83
732	data/reference/motifs/JASPAR2026_CORE_plants_non-redundant_pfms_meme.txt	MA1251.2	RAP2-9	CACCGACAW	5.80e-1	1.00e0	9.27e2	157	206	206	206	1	78	37.86	79	38.35
733	data/reference/motifs/JASPAR2026_CORE_plants_non-redundant_pfms_meme.txt	MA1250.2	DREB2D	CCDCCDCCACCGCC	4.42e-1	1.00e0	9.27e2	241	206	206	206	4	28	13.59	26	12.62
734	data/reference/motifs/JASPAR2026_CORE_plants_non-redundant_pfms_meme.txt	MA1248.2	ERF012	CCACCGMC	1.24e-1	1.00e0	9.27e2	292	206	206	206	10	3	1.46	0	0.00
735	data/reference/motifs/JASPAR2026_CORE_plants_non-redundant_pfms_meme.txt	MA1247.2	ERF087	GRCGGCGGMG	6.19e-1	1.00e0	9.27e2	158	206	206	206	1	78	37.86	80	38.83
736	data/reference/motifs/JASPAR2026_CORE_plants_non-redundant_pfms_meme.txt	MA1246.2	LEP	CKCCGCCGYC	4.53e-1	1.00e0	9.27e2	230	206	206	206	3	47	22.82	45	21.84
737	data/reference/motifs/JASPAR2026_CORE_plants_non-redundant_pfms_meme.txt	MA1245.3	ERF112	CCGCCGCCR	5.41e-1	1.00e0	9.27e2	322	206	206	206	3	76	36.89	76	36.89
738	data/reference/motifs/JASPAR2026_CORE_plants_non-redundant_pfms_meme.txt	MA1243.2	DREB2E	MACCGACWTW	4.60e-1	1.00e0	9.27e2	170	206	206	206	1	86	41.75	84	40.78
739	data/reference/motifs/JASPAR2026_CORE_plants_non-redundant_pfms_meme.txt	MA1240.2	ERF077	CCGCCGCCRY	5.00e-1	1.00e0	9.27e2	245	206	206	206	1	123	59.71	122	59.22
740	data/reference/motifs/JASPAR2026_CORE_plants_non-redundant_pfms_meme.txt	MA1238.3	ERF038	CACCGACA	5.78e-1	1.00e0	9.27e2	360	206	206	206	3	108	52.43	109	52.91
741	data/reference/motifs/JASPAR2026_CORE_plants_non-redundant_pfms_meme.txt	MA1233.3	ERF021	CGCCGACA	2.83e-1	1.00e0	9.27e2	399	206	206	206	7	53	25.73	47	22.82
742	data/reference/motifs/JASPAR2026_CORE_plants_non-redundant_pfms_meme.txt	MA1232.2	ERF054	GDCGGYGG	2.00e-1	1.00e0	9.27e2	348	206	206	206	4	71	34.47	62	30.10
743	data/reference/motifs/JASPAR2026_CORE_plants_non-redundant_pfms_meme.txt	MA1231.3	ERF15	MGCCGCCD	1.54e-1	1.00e0	9.27e2	308	206	206	206	1	159	77.18	149	72.33
744	data/reference/motifs/JASPAR2026_CORE_plants_non-redundant_pfms_meme.txt	MA1230.2	ERF037	YCACCGACA	4.60e-1	1.00e0	9.27e2	168	206	206	206	1	85	41.26	83	40.29
745	data/reference/motifs/JASPAR2026_CORE_plants_non-redundant_pfms_meme.txt	MA1229.2	ERF034	TGTCGGTGR	4.61e-1	1.00e0	9.27e2	198	206	206	206	1	100	48.54	98	47.57
746	data/reference/motifs/JASPAR2026_CORE_plants_non-redundant_pfms_meme.txt	MA1227.3	ERF027	RCCGACA	7.92e-1	1.00e0	9.27e2	402	206	206	206	13	6	2.91	8	3.88
747	data/reference/motifs/JASPAR2026_CORE_plants_non-redundant_pfms_meme.txt	MA1226.2	DREB2G	GGHGGAGGCGGTGG	2.49e-1	1.00e0	9.27e2	254	206	206	206	14	2	0.97	0	0.00
748	data/reference/motifs/JASPAR2026_CORE_plants_non-redundant_pfms_meme.txt	MA1223.2	ERF035	TGTCGGTGG	5.00e-1	1.00e0	9.27e2	95	206	206	206	1	48	23.30	47	22.82
749	data/reference/motifs/JASPAR2026_CORE_plants_non-redundant_pfms_meme.txt	MA1220.2	TINY	YCACCGACA	4.61e-1	1.00e0	9.27e2	210	206	206	206	1	106	51.46	104	50.49
750	data/reference/motifs/JASPAR2026_CORE_plants_non-redundant_pfms_meme.txt	MA1219.3	ERF011	CACCGAC	1.61e-1	1.00e0	9.27e2	382	206	206	206	12	11	5.34	6	2.91
751	data/reference/motifs/JASPAR2026_CORE_plants_non-redundant_pfms_meme.txt	MA1218.2	DREB1D	ATGTCGGY	5.94e-1	1.00e0	9.27e2	196	206	206	206	2	45	21.84	46	22.33
752	data/reference/motifs/JASPAR2026_CORE_plants_non-redundant_pfms_meme.txt	MA1049.2	ERF094	MGCCGCC	2.46e-1	1.00e0	9.27e2	232	206	206	206	2	54	26.21	47	22.82
753	data/reference/motifs/JASPAR2026_CORE_plants_non-redundant_pfms_meme.txt	MA1032.2	DREB1G	TGCCGACA	3.80e-1	1.00e0	9.27e2	152	206	206	206	1	78	37.86	74	35.92
754	data/reference/motifs/JASPAR2026_CORE_plants_non-redundant_pfms_meme.txt	MA1008.2	PHYPADRAFT_182268	GTCGGTG	5.00e-1	1.00e0	9.27e2	115	206	206	206	2	16	7.77	15	7.28
755	data/reference/motifs/JASPAR2026_CORE_plants_non-redundant_pfms_meme.txt	MA1005.3	ERF082	CCGCCGCCR	6.88e-1	1.00e0	9.27e2	310	206	206	206	17	2	0.97	2	0.97
756	data/reference/motifs/JASPAR2026_CORE_plants_non-redundant_pfms_meme.txt	MA1004.2	ERF13	SGCCGCC	1.61e-1	1.00e0	9.27e2	321	206	206	206	4	62	30.10	52	25.24
757	data/reference/motifs/JASPAR2026_CORE_plants_non-redundant_pfms_meme.txt	MA1001.4	ERF076	CCGCCGCCRC	4.61e-1	1.00e0	9.27e2	289	206	206	206	2	94	45.63	92	44.66
758	data/reference/motifs/JASPAR2026_CORE_plants_non-redundant_pfms_meme.txt	MA1000.3	ERF105	RYGGCGGCGG	5.00e-1	1.00e0	9.27e2	154	206	206	206	13	1	0.49	0	0.00
759	data/reference/motifs/JASPAR2026_CORE_plants_non-redundant_pfms_meme.txt	MA0998.2	ERF096	GCCGCC	1.06e-1	1.00e0	9.27e2	410	206	206	206	18	76	36.89	63	30.58
760	data/reference/motifs/JASPAR2026_CORE_plants_non-redundant_pfms_meme.txt	MA0997.2	ERF069	GCCG	3.42e-1	1.00e0	9.27e2	412	206	206	206	71	81	39.32	76	36.89
761	data/reference/motifs/JASPAR2026_CORE_plants_non-redundant_pfms_meme.txt	MA0995.3	ERF039	RCCGACA	5.00e-1	1.00e0	9.27e2	404	206	206	206	18	4	1.94	3	1.46
762	data/reference/motifs/JASPAR2026_CORE_plants_non-redundant_pfms_meme.txt	MA0993.2	ERF7	GCCG	1.56e-1	1.00e0	9.27e2	412	206	206	206	75	16	7.77	10	4.85
763	data/reference/motifs/JASPAR2026_CORE_plants_non-redundant_pfms_meme.txt	MA0980.3	RAP2-10	RCCGACA	6.89e-1	1.00e0	9.27e2	400	206	206	206	10	8	3.88	9	4.37
764	data/reference/motifs/JASPAR2026_CORE_plants_non-redundant_pfms_meme.txt	MA0976.3	CRF4	CCGCCGCCRC	5.00e-1	1.00e0	9.27e2	277	206	206	206	24	2	0.97	1	0.49
765	data/reference/motifs/JASPAR2026_CORE_plants_non-redundant_pfms_meme.txt	MA0971.2	DREB1A	ATGTCGGY	5.63e-1	1.00e0	9.27e2	378	206	206	206	8	22	10.68	22	10.68
766	data/reference/motifs/JASPAR2026_CORE_plants_non-redundant_pfms_meme.txt	MA1377.2	PLT1	KGCACGVWTHYCGAGR	4.22e-1	1.00e0	9.27e2	201	206	206	206	1	102	49.51	99	48.06
767	data/reference/motifs/JASPAR2026_CORE_plants_non-redundant_pfms_meme.txt	MA1376.2	DEAR3	CRCCGMC	2.33e-1	1.00e0	9.27e2	412	206	206	206	9	167	81.07	160	77.67
768	data/reference/motifs/JASPAR2026_CORE_plants_non-redundant_pfms_meme.txt	MA2005.2	NAC016	TVCKTGWBCYNCAMG	2.40e-1	1.00e0	9.27e2	166	206	206	206	3	20	9.71	15	7.28
769	data/reference/motifs/JASPAR2026_CORE_plants_non-redundant_pfms_meme.txt	MA2455.1	SPL9D	AGCGGTASTACCGC	3.43e-1	1.00e0	9.27e2	93	206	206	206	4	4	1.94	2	0.97
770	data/reference/motifs/JASPAR2026_CORE_plants_non-redundant_pfms_meme.txt	MA2450.1	SPL7A	GTACTACCGCT	2.45e-1	1.00e0	9.27e2	329	206	206	206	2	112	54.37	104	50.49
771	data/reference/motifs/JASPAR2026_CORE_plants_non-redundant_pfms_meme.txt	MA2449.1	SPL6A	GCGGTAGTACC	3.74e-1	1.00e0	9.27e2	288	206	206	206	1	146	70.87	142	68.93
772	data/reference/motifs/JASPAR2026_CORE_plants_non-redundant_pfms_meme.txt	MA2443.1	SPL3D	GCGGTASTACCGC	3.93e-1	1.00e0	9.27e2	98	206	206	206	3	8	3.88	6	2.91
773	data/reference/motifs/JASPAR2026_CORE_plants_non-redundant_pfms_meme.txt	MA2441.1	SPL3A	AGCGGTACTACC	2.13e-1	1.00e0	9.27e2	300	206	206	206	2	93	45.15	84	40.78
774	data/reference/motifs/JASPAR2026_CORE_plants_non-redundant_pfms_meme.txt	MA2440.1	SPL2B	GCGGTASTACCGC	4.15e-1	1.00e0	9.27e2	125	206	206	206	1	64	31.07	61	29.61
775	data/reference/motifs/JASPAR2026_CORE_plants_non-redundant_pfms_meme.txt	MA2438.1	SPL1D	GCRGTASTACCGCT	5.00e-1	1.00e0	9.27e2	123	206	206	206	4	4	1.94	3	1.46
776	data/reference/motifs/JASPAR2026_CORE_plants_non-redundant_pfms_meme.txt	MA2436.1	SPL18A	GCGGTASTACCGCT	5.00e-1	1.00e0	9.27e2	78	206	206	206	2	16	7.77	15	7.28
777	data/reference/motifs/JASPAR2026_CORE_plants_non-redundant_pfms_meme.txt	MA2435.1	SPL16D	GCGGTASTACCGC	3.62e-1	1.00e0	9.27e2	147	206	206	206	4	5	2.43	3	1.46
778	data/reference/motifs/JASPAR2026_CORE_plants_non-redundant_pfms_meme.txt	MA2428.1	SPL13B	GCGGTASTACCGC	5.00e-1	1.00e0	9.27e2	70	206	206	206	5	1	0.49	0	0.00
779	data/reference/motifs/JASPAR2026_CORE_plants_non-redundant_pfms_meme.txt	MA2427.1	SPL12B	AGCGGTASTACCGC	3.75e-1	1.00e0	9.27e2	86	206	206	206	3	6	2.91	4	1.94
780	data/reference/motifs/JASPAR2026_CORE_plants_non-redundant_pfms_meme.txt	MA2424.1	OsbZIP77	TGCCACGTCABC	4.60e-1	1.00e0	9.27e2	178	206	206	206	1	90	43.69	88	42.72
781	data/reference/motifs/JASPAR2026_CORE_plants_non-redundant_pfms_meme.txt	MA2423.1	OsbZIP69	GMTGACGTGGCA	3.45e-1	1.00e0	9.27e2	173	206	206	206	1	89	43.20	84	40.78
782	data/reference/motifs/JASPAR2026_CORE_plants_non-redundant_pfms_meme.txt	MA2420.1	SBP6	AAGTACAA	1.86e-1	1.00e0	9.27e2	412	206	206	206	4	205	99.51	202	98.06
783	data/reference/motifs/JASPAR2026_CORE_plants_non-redundant_pfms_meme.txt	MA2419.1	UB3	GAAGTACAAC	1.07e-1	1.00e0	9.27e2	412	206	206	206	14	36	17.48	26	12.62
784	data/reference/motifs/JASPAR2026_CORE_plants_non-redundant_pfms_meme.txt	MA2418.1	IG1	CTGCCGCCA	2.12e-1	1.00e0	9.27e2	375	206	206	206	7	37	17.96	30	14.56
785	data/reference/motifs/JASPAR2026_CORE_plants_non-redundant_pfms_meme.txt	MA2417.1	EREB71	CACCGVCYMC	1.90e-1	1.00e0	9.27e2	295	206	206	206	9	8	3.88	4	1.94
786	data/reference/motifs/JASPAR2026_CORE_plants_non-redundant_pfms_meme.txt	MA2416.1	EREB29	GCCGCCGCCC	4.17e-1	1.00e0	9.27e2	226	206	206	206	2	68	33.01	65	31.55
787	data/reference/motifs/JASPAR2026_CORE_plants_non-redundant_pfms_meme.txt	MA2415.1	EREB138	CMGCCGCCAT	2.56e-1	1.00e0	9.27e2	342	206	206	206	1	174	84.47	168	81.55
788	data/reference/motifs/JASPAR2026_CORE_plants_non-redundant_pfms_meme.txt	MA2414.1	EREB127	TGCCGACA	5.00e-1	1.00e0	9.27e2	344	206	206	206	6	21	10.19	20	9.71
789	data/reference/motifs/JASPAR2026_CORE_plants_non-redundant_pfms_meme.txt	MA2413.1	ZmbZIP96	GASACGTGKCA	3.12e-1	1.00e0	9.27e2	295	206	206	206	9	3	1.46	1	0.49
790	data/reference/motifs/JASPAR2026_CORE_plants_non-redundant_pfms_meme.txt	MA2412.1	ZmbZIP72	GATGACATCA	6.57e-1	1.00e0	9.27e2	406	206	206	206	1	203	98.54	203	98.54
791	data/reference/motifs/JASPAR2026_CORE_plants_non-redundant_pfms_meme.txt	MA2411.1	ZmbZIP57	ATGATGTCAT	5.82e-1	1.00e0	9.27e2	410	206	206	206	6	135	65.53	136	66.02
792	data/reference/motifs/JASPAR2026_CORE_plants_non-redundant_pfms_meme.txt	MA2410.1	ZmbZIP54	TGACGTCA	1.81e-1	1.00e0	9.27e2	403	206	206	206	16	28	13.59	21	10.19
793	data/reference/motifs/JASPAR2026_CORE_plants_non-redundant_pfms_meme.txt	MA2409.1	ZmbZIP25	GATGACATCA	6.90e-1	1.00e0	9.27e2	410	206	206	206	6	113	54.85	117	56.80
794	data/reference/motifs/JASPAR2026_CORE_plants_non-redundant_pfms_meme.txt	MA2408.1	BAD1	CCGGGCCCCSVC	6.45e-1	1.00e0	9.27e2	151	206	206	206	4	15	7.28	16	7.77
795	data/reference/motifs/JASPAR2026_CORE_plants_non-redundant_pfms_meme.txt	MA2407.1	PK24978.1	CACGTGT	1.42e-1	1.00e0	9.27e2	412	206	206	206	15	204	99.03	200	97.09
796	data/reference/motifs/JASPAR2026_CORE_plants_non-redundant_pfms_meme.txt	MA2406.1	PK03576.1	CACGTGC	5.00e-1	1.00e0	9.27e2	83	206	206	206	2	25	12.14	24	11.65
797	data/reference/motifs/JASPAR2026_CORE_plants_non-redundant_pfms_meme.txt	MA2405.1	OsMSL08	GTAAAW	1.45e-1	1.00e0	9.27e2	412	206	206	206	84	29	14.08	21	10.19
798	data/reference/motifs/JASPAR2026_CORE_plants_non-redundant_pfms_meme.txt	MA2404.1	OsTRBF3	WRMCCTA	1.24e-1	1.00e0	9.27e2	412	206	206	206	46	3	1.46	0	0.00
799	data/reference/motifs/JASPAR2026_CORE_plants_non-redundant_pfms_meme.txt	MA2402.1	OsERF104	GCCGY	1.69e-1	1.00e0	9.27e2	412	206	206	206	19	69	33.50	59	28.64
800	data/reference/motifs/JASPAR2026_CORE_plants_non-redundant_pfms_meme.txt	MA2401.1	Os05g0437700	MCACGTGK	7.91e-1	1.00e0	9.27e2	253	206	206	206	2	123	59.71	130	63.11
801	data/reference/motifs/JASPAR2026_CORE_plants_non-redundant_pfms_meme.txt	MA2400.1	LjTCP20	GGGACCAY	3.88e-1	1.00e0	9.27e2	297	206	206	206	4	30	14.56	27	13.11
802	data/reference/motifs/JASPAR2026_CORE_plants_non-redundant_pfms_meme.txt	MA2397.1	ILR3	CACGTG	9.62e-2	1.00e0	9.27e2	412	206	206	206	36	91	44.17	77	37.38
803	data/reference/motifs/JASPAR2026_CORE_plants_non-redundant_pfms_meme.txt	MA2396.1	IDD1	TTTTGTCGTTTT	1.24e-1	1.00e0	9.27e2	325	206	206	206	6	3	1.46	0	0.00
804	data/reference/motifs/JASPAR2026_CORE_plants_non-redundant_pfms_meme.txt	MA2395.1	PHYPA_011264	CACCGACM	6.00e-1	1.00e0	9.27e2	257	206	206	206	5	8	3.88	8	3.88
805	data/reference/motifs/JASPAR2026_CORE_plants_non-redundant_pfms_meme.txt	MA2393.1	PHYPA_008731	CACGTGC	3.46e-1	1.00e0	9.27e2	285	206	206	206	2	98	47.57	93	45.15
806	data/reference/motifs/JASPAR2026_CORE_plants_non-redundant_pfms_meme.txt	MA2392.1	GRMZM2G135447	TGACRKS	1.54e-1	1.00e0	9.27e2	412	206	206	206	9	173	83.98	164	79.61
807	data/reference/motifs/JASPAR2026_CORE_plants_non-redundant_pfms_meme.txt	MA2391.1	Lg3	TGACRKC	2.33e-1	1.00e0	9.27e2	412	206	206	206	10	141	68.45	133	64.56
808	data/reference/motifs/JASPAR2026_CORE_plants_non-redundant_pfms_meme.txt	MA2390.1	GLYMA19G26560	GGSCCCAC	2.21e-1	1.00e0	9.27e2	407	206	206	206	14	17	8.25	12	5.83
809	data/reference/motifs/JASPAR2026_CORE_plants_non-redundant_pfms_meme.txt	MA2389.1	GBF1	ACGTGKM	2.33e-1	1.00e0	9.27e2	412	206	206	206	17	182	88.35	176	85.44
810	data/reference/motifs/JASPAR2026_CORE_plants_non-redundant_pfms_meme.txt	MA2388.1	GATA1	AGATCTRRWT	5.00e-1	1.00e0	9.27e2	389	206	206	206	17	4	1.94	3	1.46
811	data/reference/motifs/JASPAR2026_CORE_plants_non-redundant_pfms_meme.txt	MA2386.1	estExt_gwp_gw1.C_550163	CACCGAC	5.00e-1	1.00e0	9.27e2	115	206	206	206	2	16	7.77	15	7.28
812	data/reference/motifs/JASPAR2026_CORE_plants_non-redundant_pfms_meme.txt	MA2384.1	estExt_Genewise1.C_2060077	SACGTGK	1.81e-1	1.00e0	9.27e2	334	206	206	206	4	84	40.78	74	35.92
813	data/reference/motifs/JASPAR2026_CORE_plants_non-redundant_pfms_meme.txt	MA2380.1	DOF4.7	TWACTTTTT	2.36e-1	1.00e0	9.27e2	412	206	206	206	17	78	37.86	70	33.98
814	data/reference/motifs/JASPAR2026_CORE_plants_non-redundant_pfms_meme.txt	MA2378.1	CRF3	GCCG	1.50e-1	1.00e0	9.27e2	412	206	206	206	57	77	37.38	66	32.04
815	data/reference/motifs/JASPAR2026_CORE_plants_non-redundant_pfms_meme.txt	MA2377.1	cassava45561.m1	GGGSCCCAC	2.51e-1	1.00e0	9.27e2	401	206	206	206	2	189	91.75	184	89.32
816	data/reference/motifs/JASPAR2026_CORE_plants_non-redundant_pfms_meme.txt	MA2375.1	BMY2	SRCACGTGTGR	5.00e-1	1.00e0	9.27e2	146	206	206	206	6	1	0.49	0	0.00
817	data/reference/motifs/JASPAR2026_CORE_plants_non-redundant_pfms_meme.txt	MA2374.1	AHL13	ATATAATT	1.44e-1	1.00e0	9.27e2	412	206	206	206	74	192	93.20	185	89.81
818	data/reference/motifs/JASPAR2026_CORE_plants_non-redundant_pfms_meme.txt	MA2372.1	AZF1	WCACTVWCW	1.33e-1	1.00e0	9.27e2	412	206	206	206	10	170	82.52	160	77.67
819	data/reference/motifs/JASPAR2026_CORE_plants_non-redundant_pfms_meme.txt	MA2371.1	MYB31	YAMCTMCCAACHAMH	1.30e-1	1.00e0	9.27e2	405	206	206	206	9	34	16.50	25	12.14
820	data/reference/motifs/JASPAR2026_CORE_plants_non-redundant_pfms_meme.txt	MA2370.1	MBD2	AGCTD	3.31e-1	1.00e0	9.27e2	412	206	206	206	100	29	14.08	25	12.14
821	data/reference/motifs/JASPAR2026_CORE_plants_non-redundant_pfms_meme.txt	MA2368.1	WRKY51	RGTCAA	1.80e-1	1.00e0	9.27e2	412	206	206	206	76	134	65.05	124	60.19
822	data/reference/motifs/JASPAR2026_CORE_plants_non-redundant_pfms_meme.txt	MA2367.1	WIP5	ACCTGGAGAAMAW	8.74e-2	1.00e0	9.27e2	409	206	206	206	21	7	3.40	2	0.97
823	data/reference/motifs/JASPAR2026_CORE_plants_non-redundant_pfms_meme.txt	MA2366.1	VOZ2	GCGT	2.20e-1	1.00e0	9.27e2	412	206	206	206	62	61	29.61	53	25.73
824	data/reference/motifs/JASPAR2026_CORE_plants_non-redundant_pfms_meme.txt	MA2364.1	VIT_15s0048g01150	GGGCCCAC	2.46e-1	1.00e0	9.27e2	402	206	206	206	14	12	5.83	8	3.88
825	data/reference/motifs/JASPAR2026_CORE_plants_non-redundant_pfms_meme.txt	MA2362.1	TEIL	AGRTWCAT	3.26e-1	1.00e0	9.27e2	412	206	206	206	31	55	26.70	50	24.27
826	data/reference/motifs/JASPAR2026_CORE_plants_non-redundant_pfms_meme.txt	MA2353.1	PK02532.1	WAATATCT	1.51e-1	1.00e0	9.27e2	399	206	206	206	7	22	10.68	15	7.28
827	data/reference/motifs/JASPAR2026_CORE_plants_non-redundant_pfms_meme.txt	MA2351.1	OsEIL3	AGRTACAT	1.50e-1	1.00e0	9.27e2	412	206	206	206	5	184	89.32	176	85.44
828	data/reference/motifs/JASPAR2026_CORE_plants_non-redundant_pfms_meme.txt	MA2350.1	OsFBH1	CCACTTG	2.49e-1	1.00e0	9.27e2	146	206	206	206	4	2	0.97	0	0.00
829	data/reference/motifs/JASPAR2026_CORE_plants_non-redundant_pfms_meme.txt	MA2349.1	OsCCA1	AATATCT	2.10e-1	1.00e0	9.27e2	412	206	206	206	54	86	41.75	77	37.38
830	data/reference/motifs/JASPAR2026_CORE_plants_non-redundant_pfms_meme.txt	MA2348.1	IDD6	TTTTTGTCGTTTTSTK	3.43e-1	1.00e0	9.27e2	312	206	206	206	6	4	1.94	2	0.97
831	data/reference/motifs/JASPAR2026_CORE_plants_non-redundant_pfms_meme.txt	MA2345.1	OS02G0104500	GTAAAW	1.86e-1	1.00e0	9.27e2	412	206	206	206	127	4	1.94	1	0.49
832	data/reference/motifs/JASPAR2026_CORE_plants_non-redundant_pfms_meme.txt	MA2342.1	URI	CACGTG	1.54e-1	1.00e0	9.27e2	401	206	206	206	8	159	77.18	149	72.33
833	data/reference/motifs/JASPAR2026_CORE_plants_non-redundant_pfms_meme.txt	MA2106.1	Zm00001d024644	CCTTATCC	3.00e-1	1.00e0	9.27e2	412	206	206	206	6	200	97.09	197	95.63
834	data/reference/motifs/JASPAR2026_CORE_plants_non-redundant_pfms_meme.txt	MA2104.1	IDD11	AAAACGACAAAA	1.24e-1	1.00e0	9.27e2	377	206	206	206	9	3	1.46	0	0.00
835	data/reference/motifs/JASPAR2026_CORE_plants_non-redundant_pfms_meme.txt	MA2103.1	AT4G09450	TTATCY	2.06e-1	1.00e0	9.27e2	412	206	206	206	63	51	24.76	43	20.87
836	data/reference/motifs/JASPAR2026_CORE_plants_non-redundant_pfms_meme.txt	MA1800.1	TEM1	GCAACATA	1.71e-1	1.00e0	9.27e2	410	206	206	206	8	50	24.27	41	19.90
837	data/reference/motifs/JASPAR2026_CORE_plants_non-redundant_pfms_meme.txt	MA1797.1	RAV2	GCAACATA	1.99e-1	1.00e0	9.27e2	352	206	206	206	4	33	16.02	26	12.62
838	data/reference/motifs/JASPAR2026_CORE_plants_non-redundant_pfms_meme.txt	MA1789.1	NAC071	CTTSWHYYTCAMGYA	1.39e-1	1.00e0	9.27e2	304	206	206	206	2	109	52.91	97	47.09
839	data/reference/motifs/JASPAR2026_CORE_plants_non-redundant_pfms_meme.txt	MA1783.1	NAC005	TWRCTTVTTYHAYAAGTTW	2.79e-1	1.00e0	9.27e2	172	206	206	206	4	16	7.77	12	5.83
840	data/reference/motifs/JASPAR2026_CORE_plants_non-redundant_pfms_meme.txt	MA1746.1	BZIP69	TGMCAGCTGTM	8.97e-1	1.00e0	9.27e2	118	206	206	206	2	19	9.22	26	12.62
841	data/reference/motifs/JASPAR2026_CORE_plants_non-redundant_pfms_meme.txt	MA1687.1	ARF14	CGGGGGACAYGTCGGG	7.49e-1	1.00e0	9.27e2	93	206	206	206	3	4	1.94	5	2.43
842	data/reference/motifs/JASPAR2026_CORE_plants_non-redundant_pfms_meme.txt	MA1686.1	ARF13	ARCGGGGGACAYGT	5.84e-1	1.00e0	9.27e2	127	206	206	206	1	63	30.58	64	31.07
843	data/reference/motifs/JASPAR2026_CORE_plants_non-redundant_pfms_meme.txt	MA2090.1	PK26523.1	ATTCY	2.08e-1	1.00e0	9.27e2	412	206	206	206	59	201	97.57	197	95.63
844	data/reference/motifs/JASPAR2026_CORE_plants_non-redundant_pfms_meme.txt	MA2089.1	PK25870.1	RGTCAAM	5.00e-1	1.00e0	9.27e2	412	206	206	206	24	4	1.94	3	1.46
845	data/reference/motifs/JASPAR2026_CORE_plants_non-redundant_pfms_meme.txt	MA2087.1	PK24205.1	CACGTGKC	2.77e-1	1.00e0	9.27e2	197	206	206	206	1	102	49.51	95	46.12
846	data/reference/motifs/JASPAR2026_CORE_plants_non-redundant_pfms_meme.txt	MA2086.1	PK23964.1	KCCACGT	3.68e-1	1.00e0	9.27e2	412	206	206	206	11	188	91.26	185	89.81
847	data/reference/motifs/JASPAR2026_CORE_plants_non-redundant_pfms_meme.txt	MA2083.1	PK21166.1	YACCTACY	8.89e-2	1.00e0	9.27e2	412	206	206	206	24	14	6.80	7	3.40
848	data/reference/motifs/JASPAR2026_CORE_plants_non-redundant_pfms_meme.txt	MA2082.1	PK20392.1	AATMAT	1.76e-1	1.00e0	9.27e2	412	206	206	206	82	176	85.44	168	81.55
849	data/reference/motifs/JASPAR2026_CORE_plants_non-redundant_pfms_meme.txt	MA2080.1	PK20225.1	CACGTG	9.11e-2	1.00e0	9.27e2	412	206	206	206	34	49	23.79	37	17.96
850	data/reference/motifs/JASPAR2026_CORE_plants_non-redundant_pfms_meme.txt	MA2079.1	PK19717.1	GGGSCCCMC	1.40e-1	1.00e0	9.27e2	385	206	206	206	7	66	32.04	55	26.70
851	data/reference/motifs/JASPAR2026_CORE_plants_non-redundant_pfms_meme.txt	MA2077.1	PK18474.1	CACGTGC	4.53e-1	1.00e0	9.27e2	90	206	206	206	1	46	22.33	44	21.36
852	data/reference/motifs/JASPAR2026_CORE_plants_non-redundant_pfms_meme.txt	MA2076.1	PK18401.1	GCACGTGG	1.53e-1	1.00e0	9.27e2	392	206	206	206	2	183	88.83	175	84.95
853	data/reference/motifs/JASPAR2026_CORE_plants_non-redundant_pfms_meme.txt	MA2075.1	PK18009.1	ACACGTG	1.75e-1	1.00e0	9.27e2	412	206	206	206	10	163	79.13	154	74.76
854	data/reference/motifs/JASPAR2026_CORE_plants_non-redundant_pfms_meme.txt	MA2072.1	PK16335.1	GACAGCTG	1.08e-1	1.00e0	9.27e2	410	206	206	206	18	5	2.43	1	0.49
855	data/reference/motifs/JASPAR2026_CORE_plants_non-redundant_pfms_meme.txt	MA2071.1	PK15505.1	GCACGTGT	5.00e-1	1.00e0	9.27e2	89	206	206	206	2	45	21.84	44	21.36
856	data/reference/motifs/JASPAR2026_CORE_plants_non-redundant_pfms_meme.txt	MA2068.1	PK10344.1	GGGACCAC	5.65e-1	1.00e0	9.27e2	136	206	206	206	2	21	10.19	21	10.19
857	data/reference/motifs/JASPAR2026_CORE_plants_non-redundant_pfms_meme.txt	MA2067.1	PK09702.1	GCACGTGR	5.49e-1	1.00e0	9.27e2	82	206	206	206	1	41	19.90	41	19.90
858	data/reference/motifs/JASPAR2026_CORE_plants_non-redundant_pfms_meme.txt	MA2066.1	PK09021.1	TGACGTCA	8.68e-1	1.00e0	9.27e2	109	206	206	206	1	50	24.27	59	28.64
859	data/reference/motifs/JASPAR2026_CORE_plants_non-redundant_pfms_meme.txt	MA2065.1	PK08602.1	CCACCGCC	7.64e-1	1.00e0	9.27e2	56	206	206	206	1	26	12.62	30	14.56
860	data/reference/motifs/JASPAR2026_CORE_plants_non-redundant_pfms_meme.txt	MA2064.1	PK07858.1	CACGTGC	4.53e-1	1.00e0	9.27e2	90	206	206	206	1	46	22.33	44	21.36
861	data/reference/motifs/JASPAR2026_CORE_plants_non-redundant_pfms_meme.txt	MA2063.1	PK07402.1	RCCGMC	1.67e-1	1.00e0	9.27e2	409	206	206	206	15	48	23.30	39	18.93
862	data/reference/motifs/JASPAR2026_CORE_plants_non-redundant_pfms_meme.txt	MA2061.1	PK06517.1	CACGTGC	4.53e-1	1.00e0	9.27e2	90	206	206	206	1	46	22.33	44	21.36
863	data/reference/motifs/JASPAR2026_CORE_plants_non-redundant_pfms_meme.txt	MA2060.1	PK05451.1	CCACGTGM	5.00e-1	1.00e0	9.27e2	89	206	206	206	2	45	21.84	44	21.36
864	data/reference/motifs/JASPAR2026_CORE_plants_non-redundant_pfms_meme.txt	MA2059.1	PK05432.1	RGTCAA	1.08e-1	1.00e0	9.27e2	412	206	206	206	29	205	99.51	201	97.57
865	data/reference/motifs/JASPAR2026_CORE_plants_non-redundant_pfms_meme.txt	MA2057.1	PK01630.1	GCACGTG	1.38e-1	1.00e0	9.27e2	411	206	206	206	20	20	9.71	13	6.31
866	data/reference/motifs/JASPAR2026_CORE_plants_non-redundant_pfms_meme.txt	MA1380.1	TCX6	WTTTAAATTTTTWAA	5.00e-1	1.00e0	9.27e2	409	206	206	206	1	205	99.51	204	99.03
867	data/reference/motifs/JASPAR2026_CORE_plants_non-redundant_pfms_meme.txt	MA1379.1	SOL1	WTTWAAAATTTAAAW	4.04e-1	1.00e0	9.27e2	406	206	206	206	4	165	80.10	162	78.64
868	data/reference/motifs/JASPAR2026_CORE_plants_non-redundant_pfms_meme.txt	MA1373.1	GAF1	HABWAAACGACAAAA	5.00e-1	1.00e0	9.27e2	321	206	206	206	3	58	28.16	57	27.67
869	data/reference/motifs/JASPAR2026_CORE_plants_non-redundant_pfms_meme.txt	MA1348.1	TGA9	GMTGACGTCAY	4.19e-1	1.00e0	9.27e2	151	206	206	206	1	77	37.38	74	35.92
870	data/reference/motifs/JASPAR2026_CORE_plants_non-redundant_pfms_meme.txt	MA1335.1	TGA4	TGACGTCAKCA	4.01e-1	1.00e0	9.27e2	333	206	206	206	1	168	81.55	165	80.10
871	data/reference/motifs/JASPAR2026_CORE_plants_non-redundant_pfms_meme.txt	MA1324.1	GATA20	ATCSGATC	5.00e-1	1.00e0	9.27e2	351	206	206	206	1	176	85.44	175	84.95
872	data/reference/motifs/JASPAR2026_CORE_plants_non-redundant_pfms_meme.txt	MA1242.1	DREB2F	CCDCCACCGCC	7.51e-1	1.00e0	9.27e2	208	206	206	206	13	1	0.49	1	0.49
873	data/reference/motifs/JASPAR2026_CORE_plants_non-redundant_pfms_meme.txt	MA1235.1	AIL7	CGNWTYYCGAG	3.76e-1	1.00e0	9.27e2	408	206	206	206	10	24	11.65	21	10.19
874	data/reference/motifs/JASPAR2026_CORE_plants_non-redundant_pfms_meme.txt	MA1225.1	ERF5	CCDCCGCCGCCGCCR	5.41e-1	1.00e0	9.27e2	150	206	206	206	1	75	36.41	75	36.41
875	data/reference/motifs/JASPAR2026_CORE_plants_non-redundant_pfms_meme.txt	MA1222.1	ERF014	CCDCCDCCACCGMCA	3.83e-1	1.00e0	9.27e2	182	206	206	206	1	93	45.15	89	43.20
876	data/reference/motifs/JASPAR2026_CORE_plants_non-redundant_pfms_meme.txt	MA1221.1	RAP2-6	TKGCGGCGGMGGHGG	2.99e-1	1.00e0	9.27e2	132	206	206	206	1	69	33.50	63	30.58
877	data/reference/motifs/JASPAR2026_CORE_plants_non-redundant_pfms_meme.txt	MA1162.1	TCX2	WTTYAAAATTYAAAW	5.00e-1	1.00e0	9.27e2	404	206	206	206	7	90	43.69	89	43.20
878	data/reference/motifs/JASPAR2026_CORE_plants_non-redundant_pfms_meme.txt	MA1098.1	ARALYDRAFT_484486	GGSCCCAC	2.02e-1	1.00e0	9.27e2	282	206	206	206	3	49	23.79	41	19.90
879	data/reference/motifs/JASPAR2026_CORE_plants_non-redundant_pfms_meme.txt	MA1097.1	ARALYDRAFT_493022	GGSMCCAC	2.34e-1	1.00e0	9.27e2	270	206	206	206	1	139	67.48	131	63.59
880	data/reference/motifs/JASPAR2026_CORE_plants_non-redundant_pfms_meme.txt	MA1096.1	ARALYDRAFT_496250	GGGACCAC	2.99e-1	1.00e0	9.27e2	132	206	206	206	1	69	33.50	63	30.58
881	data/reference/motifs/JASPAR2026_CORE_plants_non-redundant_pfms_meme.txt	MA1095.1	ARALYDRAFT_495258	GGSCCCAC	2.02e-1	1.00e0	9.27e2	282	206	206	206	3	49	23.79	41	19.90
882	data/reference/motifs/JASPAR2026_CORE_plants_non-redundant_pfms_meme.txt	MA1091.1	WRKY62	TGGTCAAC	2.85e-1	1.00e0	9.27e2	383	206	206	206	2	157	76.21	151	73.30
883	data/reference/motifs/JASPAR2026_CORE_plants_non-redundant_pfms_meme.txt	MA1084.1	WRKY38	CGTTGACC	3.62e-1	1.00e0	9.27e2	412	206	206	206	7	161	78.16	157	76.21
884	data/reference/motifs/JASPAR2026_CORE_plants_non-redundant_pfms_meme.txt	MA1080.1	WRKY23	AGTCAACG	5.00e-1	1.00e0	9.27e2	357	206	206	206	7	4	1.94	3	1.46
885	data/reference/motifs/JASPAR2026_CORE_plants_non-redundant_pfms_meme.txt	MA1075.1	WRKY12	CGTTGACC	4.06e-1	1.00e0	9.27e2	412	206	206	206	6	162	78.64	159	77.18
886	data/reference/motifs/JASPAR2026_CORE_plants_non-redundant_pfms_meme.txt	MA1067.1	TCP5	GGGACCAC	2.79e-1	1.00e0	9.27e2	229	206	206	206	2	50	24.27	44	21.36
887	data/reference/motifs/JASPAR2026_CORE_plants_non-redundant_pfms_meme.txt	MA1066.1	TCP23	GGGCCCAC	2.09e-1	1.00e0	9.27e2	328	206	206	206	3	83	40.29	74	35.92
888	data/reference/motifs/JASPAR2026_CORE_plants_non-redundant_pfms_meme.txt	MA1053.1	ERF109	GCGCCGCC	1.36e-1	1.00e0	9.27e2	267	206	206	206	2	92	44.66	80	38.83
889	data/reference/motifs/JASPAR2026_CORE_plants_non-redundant_pfms_meme.txt	MA1050.1	OsI_08196	GGGCCCAC	4.42e-1	1.00e0	9.27e2	361	206	206	206	6	28	13.59	26	12.62
890	data/reference/motifs/JASPAR2026_CORE_plants_non-redundant_pfms_meme.txt	MA1046.1	NTL9	TTAAGTAAT	6.95e-1	1.00e0	9.27e2	346	206	206	206	2	127	61.65	131	63.59
891	data/reference/motifs/JASPAR2026_CORE_plants_non-redundant_pfms_meme.txt	MA1035.1	TCP4	GGGACCAC	6.07e-1	1.00e0	9.27e2	254	206	206	206	4	7	3.40	7	3.40
892	data/reference/motifs/JASPAR2026_CORE_plants_non-redundant_pfms_meme.txt	MA1034.1	Os05g0497200	CGSCGCCR	6.74e-1	1.00e0	9.27e2	105	206	206	206	1	51	24.76	54	26.21
893	data/reference/motifs/JASPAR2026_CORE_plants_non-redundant_pfms_meme.txt	MA1033.1	OJ1058_F05.8	MCACGTGK	7.91e-1	1.00e0	9.27e2	253	206	206	206	2	123	59.71	130	63.11
894	data/reference/motifs/JASPAR2026_CORE_plants_non-redundant_pfms_meme.txt	MA1028.1	KAN4	GAATATTC	1.41e-1	1.00e0	9.27e2	401	206	206	206	6	150	72.82	139	67.48
895	data/reference/motifs/JASPAR2026_CORE_plants_non-redundant_pfms_meme.txt	MA1023.1	PHYPADRAFT_28324	KGTCGGTG	6.50e-1	1.00e0	9.27e2	115	206	206	206	2	14	6.80	15	7.28
896	data/reference/motifs/JASPAR2026_CORE_plants_non-redundant_pfms_meme.txt	MA1020.1	GT-1	GTTAACCA	9.34e-2	1.00e0	9.27e2	407	206	206	206	9	40	19.42	29	14.08
897	data/reference/motifs/JASPAR2026_CORE_plants_non-redundant_pfms_meme.txt	MA1014.1	GATA11	TAGATCTG	5.00e-1	1.00e0	9.27e2	255	206	206	206	6	11	5.34	10	4.85
898	data/reference/motifs/JASPAR2026_CORE_plants_non-redundant_pfms_meme.txt	MA1013.1	GATA10	TAGATCTG	3.40e-1	1.00e0	9.27e2	328	206	206	206	7	33	16.02	29	14.08
899	data/reference/motifs/JASPAR2026_CORE_plants_non-redundant_pfms_meme.txt	MA1009.1	ARF3	TGTCGGAA	3.43e-1	1.00e0	9.27e2	401	206	206	206	12	4	1.94	2	0.97
900	data/reference/motifs/JASPAR2026_CORE_plants_non-redundant_pfms_meme.txt	MA1007.1	PHYPADRAFT_173530	TGTCGGTG	3.46e-1	1.00e0	9.27e2	179	206	206	206	1	92	44.66	87	42.23
901	data/reference/motifs/JASPAR2026_CORE_plants_non-redundant_pfms_meme.txt	MA0986.1	DREB2C	CACCGACA	6.38e-1	1.00e0	9.27e2	395	206	206	206	15	4	1.94	4	1.94
902	data/reference/motifs/JASPAR2026_CORE_plants_non-redundant_pfms_meme.txt	MA0978.1	DREB1E	ATGTCGGC	2.49e-1	1.00e0	9.27e2	308	206	206	206	9	2	0.97	0	0.00
903	data/reference/motifs/JASPAR2026_CORE_plants_non-redundant_pfms_meme.txt	MA0977.1	DOF2.5	AWAAAGTG	3.76e-1	1.00e0	9.27e2	412	206	206	206	21	142	68.93	138	66.99
904	data/reference/motifs/JASPAR2026_CORE_plants_non-redundant_pfms_meme.txt	MA0967.1	BZIP60	TGACGTCA	2.91e-1	1.00e0	9.27e2	411	206	206	206	26	18	8.74	14	6.80
905	data/reference/motifs/JASPAR2026_CORE_plants_non-redundant_pfms_meme.txt	MA0963.1	bHLH78	GCACGTGC	3.09e-1	1.00e0	9.27e2	172	206	206	206	2	89	43.20	83	40.29
906	data/reference/motifs/JASPAR2026_CORE_plants_non-redundant_pfms_meme.txt	MA0960.1	BHLH104	GGCACGTGCC	8.79e-1	1.00e0	9.27e2	72	206	206	206	2	32	15.53	40	19.42
907	data/reference/motifs/JASPAR2026_CORE_plants_non-redundant_pfms_meme.txt	MA0959.1	AIB	GCACGTGC	2.70e-1	1.00e0	9.27e2	271	206	206	206	4	79	38.35	72	34.95
908	data/reference/motifs/JASPAR2026_CORE_plants_non-redundant_pfms_meme.txt	MA0958.1	BHLH13	RCACGTGC	1.72e-1	1.00e0	9.27e2	346	206	206	206	8	26	12.62	19	9.22
909	data/reference/motifs/JASPAR2026_CORE_plants_non-redundant_pfms_meme.txt	MA0957.1	BHLH3	GCACGTGC	3.63e-1	1.00e0	9.27e2	376	206	206	206	4	160	77.67	156	75.73
910	data/reference/motifs/JASPAR2026_CORE_plants_non-redundant_pfms_meme.txt	MA0952.1	ATHB-51	AATWATTG	1.48e-1	1.00e0	9.27e2	412	206	206	206	15	175	84.95	166	80.58
911	data/reference/motifs/JASPAR2026_CORE_plants_non-redundant_pfms_meme.txt	MA0951.1	ATHB-16	TAATMATT	3.10e-1	1.00e0	9.27e2	412	206	206	206	11	116	56.31	110	53.40
912	data/reference/motifs/JASPAR2026_CORE_plants_non-redundant_pfms_meme.txt	MA0947.1	ARR14	AGATWCGS	5.00e-1	1.00e0	9.27e2	394	206	206	206	9	9	4.37	8	3.88
913	data/reference/motifs/JASPAR2026_CORE_plants_non-redundant_pfms_meme.txt	MA0946.1	ARR11	AAGATACG	2.81e-1	1.00e0	9.27e2	411	206	206	206	10	30	14.56	25	12.14
914	data/reference/motifs/JASPAR2026_CORE_plants_non-redundant_pfms_meme.txt	MA0939.1	NAC079	ACACGCAA	2.40e-1	1.00e0	9.27e2	349	206	206	206	3	85	41.26	77	37.38
915	data/reference/motifs/JASPAR2026_CORE_plants_non-redundant_pfms_meme.txt	MA0935.1	NAC025	YACGTAAY	2.33e-1	1.00e0	9.27e2	342	206	206	206	3	73	35.44	65	31.55
916	data/reference/motifs/JASPAR2026_CORE_plants_non-redundant_pfms_meme.txt	MA0934.1	AHL25	AWTTAAWT	1.84e-1	1.00e0	9.27e2	412	206	206	206	128	125	60.68	115	55.83
917	data/reference/motifs/JASPAR2026_CORE_plants_non-redundant_pfms_meme.txt	MA0933.1	AHL20	AATTAAWT	1.18e-1	1.00e0	9.27e2	412	206	206	206	119	118	57.28	105	50.97
918	data/reference/motifs/JASPAR2026_CORE_plants_non-redundant_pfms_meme.txt	MA0932.1	AHL12	AAWWWWTT	2.25e-1	1.00e0	9.27e2	412	206	206	206	72	204	99.03	201	97.57
919	data/reference/motifs/JASPAR2026_CORE_plants_non-redundant_pfms_meme.txt	MA0580.1	DYT1	MGTGAGWCACGTGA	7.00e-1	1.00e0	9.27e2	106	206	206	206	2	7	3.40	8	3.88
920	data/reference/motifs/JASPAR2026_CORE_plants_non-redundant_pfms_meme.txt	MA0567.1	ERF1B	MGCCGCCA	1.10e-1	1.00e0	9.27e2	336	206	206	206	3	82	39.81	69	33.50
921	data/reference/motifs/JASPAR2026_CORE_plants_non-redundant_pfms_meme.txt	MA0562.1	PIF5	TCACGTGS	2.49e-1	1.00e0	9.27e2	171	206	206	206	5	2	0.97	0	0.00
922	data/reference/motifs/JASPAR2026_CORE_plants_non-redundant_pfms_meme.txt	MA0561.1	PIF4	CACGTGSC	2.31e-1	1.00e0	9.27e2	189	206	206	206	2	45	21.84	38	18.45
923	data/reference/motifs/JASPAR2026_CORE_plants_non-redundant_pfms_meme.txt	MA0129.1	TGA1A	HACGTCA	3.07e-1	1.00e0	9.27e2	412	206	206	206	12	170	82.52	165	80.10
924	data/reference/motifs/JASPAR2026_CORE_plants_non-redundant_pfms_meme.txt	MA0128.1	EmBP-1	ASACGTGG	2.49e-1	1.00e0	9.27e2	385	206	206	206	10	2	0.97	0	0.00
925	data/reference/motifs/JASPAR2026_CORE_plants_non-redundant_pfms_meme.txt	MA0123.1	abi4	CGSYGCCCCC	5.00e-1	1.00e0	9.27e2	353	206	206	206	14	8	3.88	7	3.40
926	data/reference/motifs/JASPAR2026_CORE_plants_non-redundant_pfms_meme.txt	MA0097.1	bZIP911	GRTGACGTGGMC	8.15e-1	1.00e0	9.27e2	34	206	206	206	1	15	7.28	19	9.22
927	data/reference/motifs/JASPAR2026_CORE_plants_non-redundant_pfms_meme.txt	MA0096.1	bZIP910	MTGACGT	3.00e-1	1.00e0	9.27e2	184	206	206	206	3	9	4.37	6	2.91

# AME (Analysis of Motif Enrichment): Version 5.5.9 compiled on May 27 2026 at 12:40:54
# The format of this file is described at https://meme-suite.org/meme/doc/ame-output-format.html.
# ame --verbose 1 --text --control results/evidence/motifs/inputs/backgrounds/2000/replicate_091.fa --method fisher --scoring totalhits --hit-lo-fraction 0.25 --evalue-report-threshold 1000000 --noseq results/evidence/motifs/inputs/frozen_candidates_2000bp.fa data/reference/motifs/JASPAR2026_CORE_plants_non-redundant_pfms_meme.txt
