rank	motif_DB	motif_ID	motif_alt_ID	consensus	p-value	adj_p-value	E-value	tests	FASTA_max	pos	neg	PWM_min	TP	%TP	FP	%FP
1	data/reference/motifs/JASPAR2026_CORE_plants_non-redundant_pfms_meme.txt	MA1184.2	RVE1	WAAATATCT	8.34e-5	3.34e-2	3.10e1	407	206	206	206	5	130	63.11	91	44.17
2	data/reference/motifs/JASPAR2026_CORE_plants_non-redundant_pfms_meme.txt	MA2622.1	hb34	CAATAATTG	1.06e-4	4.28e-2	3.96e1	412	206	206	206	22	93	45.15	56	27.18
3	data/reference/motifs/JASPAR2026_CORE_plants_non-redundant_pfms_meme.txt	MA2501.1	G1	TTACTGTA	4.07e-4	1.54e-1	1.43e2	412	206	206	206	11	185	89.81	159	77.18
4	data/reference/motifs/JASPAR2026_CORE_plants_non-redundant_pfms_meme.txt	MA2421.1	SBP8	ARGTACAA	4.74e-4	1.77e-1	1.64e2	412	206	206	206	14	24	11.65	6	2.91
5	data/reference/motifs/JASPAR2026_CORE_plants_non-redundant_pfms_meme.txt	MA2502.1	TMF	CTACAGTA	5.25e-4	1.95e-1	1.80e2	412	206	206	206	6	191	92.72	168	81.55
6	data/reference/motifs/JASPAR2026_CORE_plants_non-redundant_pfms_meme.txt	MA1283.2	TCP14	ADAGVDBGTGGGDCCCAC	3.05e-2	3.10e-1	2.88e2	12	206	206	206	2	5	2.43	0	0.00
7	data/reference/motifs/JASPAR2026_CORE_plants_non-redundant_pfms_meme.txt	MA2498.1	LSH1	AAACAGTG	1.15e-3	3.78e-1	3.51e2	412	206	206	206	9	189	91.75	167	81.07
8	data/reference/motifs/JASPAR2026_CORE_plants_non-redundant_pfms_meme.txt	MA2010.2	SMB	CAAGCAA	1.34e-3	4.23e-1	3.92e2	412	206	206	206	14	182	88.35	158	76.70
9	data/reference/motifs/JASPAR2026_CORE_plants_non-redundant_pfms_meme.txt	MA2091.1	PK27109.1	GACAGCTG	1.43e-3	4.28e-1	3.97e2	392	206	206	206	5	106	51.46	75	36.41
10	data/reference/motifs/JASPAR2026_CORE_plants_non-redundant_pfms_meme.txt	MA1058.2	SPL4	GTACG	1.53e-3	4.67e-1	4.33e2	412	206	206	206	71	122	59.22	91	44.17
11	data/reference/motifs/JASPAR2026_CORE_plants_non-redundant_pfms_meme.txt	MA1767.2	MYB23	CAACWA	1.53e-3	4.68e-1	4.34e2	412	206	206	206	10	120	58.25	89	43.20
12	data/reference/motifs/JASPAR2026_CORE_plants_non-redundant_pfms_meme.txt	MA1241.2	ERF043	CCACCGACA	6.71e-3	4.69e-1	4.35e2	94	206	206	206	1	58	28.16	36	17.48
13	data/reference/motifs/JASPAR2026_CORE_plants_non-redundant_pfms_meme.txt	MA2058.1	PK03929.1	CTTTW	1.71e-3	5.05e-1	4.68e2	412	206	206	206	87	202	98.06	188	91.26
14	data/reference/motifs/JASPAR2026_CORE_plants_non-redundant_pfms_meme.txt	MA1191.2	RVE7L	AAAATATCT	1.90e-3	5.20e-1	4.82e2	387	206	206	206	4	87	42.23	58	28.16
15	data/reference/motifs/JASPAR2026_CORE_plants_non-redundant_pfms_meme.txt	MA1287.2	TCP21	GTGGGMCCCAC	4.93e-3	6.34e-1	5.88e2	204	206	206	206	3	27	13.11	11	5.34
16	data/reference/motifs/JASPAR2026_CORE_plants_non-redundant_pfms_meme.txt	MA2044.2	NAC007	CAAGCAA	2.61e-3	6.58e-1	6.10e2	412	206	206	206	12	186	90.29	165	80.10
17	data/reference/motifs/JASPAR2026_CORE_plants_non-redundant_pfms_meme.txt	MA2453.1	SPL8B	ATAGTACTC	3.02e-3	6.99e-1	6.48e2	397	206	206	206	6	80	38.83	53	25.73
18	data/reference/motifs/JASPAR2026_CORE_plants_non-redundant_pfms_meme.txt	MA1760.1	HSFA6A	GAAGNTTCTAGAA	2.04e-2	7.32e-1	6.79e2	64	206	206	206	1	40	19.42	24	11.65
19	data/reference/motifs/JASPAR2026_CORE_plants_non-redundant_pfms_meme.txt	MA2036.2	NAC076	CAAGCAA	3.33e-3	7.46e-1	6.92e2	412	206	206	206	13	176	85.44	153	74.27
20	data/reference/motifs/JASPAR2026_CORE_plants_non-redundant_pfms_meme.txt	MA2452.1	SPL8A	ATAGTACTC	3.42e-3	7.48e-1	6.94e2	403	206	206	206	4	165	80.10	140	67.96
21	data/reference/motifs/JASPAR2026_CORE_plants_non-redundant_pfms_meme.txt	MA2373.1	AZF2	ASTG	3.36e-3	7.50e-1	6.95e2	412	206	206	206	160	187	90.78	167	81.07
22	data/reference/motifs/JASPAR2026_CORE_plants_non-redundant_pfms_meme.txt	MA2023.2	PHL4	RGAATATTCC	5.65e-3	8.18e-1	7.59e2	302	206	206	206	3	79	38.35	54	26.21
23	data/reference/motifs/JASPAR2026_CORE_plants_non-redundant_pfms_meme.txt	MA1044.2	NAC92	RCAMGCCA	4.68e-3	8.54e-1	7.92e2	412	206	206	206	24	65	31.55	41	19.90
24	data/reference/motifs/JASPAR2026_CORE_plants_non-redundant_pfms_meme.txt	MA1040.1	MYB46	GKTAGGTR	4.93e-3	8.67e-1	8.04e2	410	206	206	206	4	195	94.66	179	86.89
25	data/reference/motifs/JASPAR2026_CORE_plants_non-redundant_pfms_meme.txt	MA1027.2	KAN1	WTATTC	4.96e-3	8.70e-1	8.07e2	412	206	206	206	141	16	7.77	4	1.94
26	data/reference/motifs/JASPAR2026_CORE_plants_non-redundant_pfms_meme.txt	MA1384.1	PHL7	AAARGAATATTCY	6.80e-3	8.97e-1	8.32e2	335	206	206	206	2	120	58.25	94	45.63
27	data/reference/motifs/JASPAR2026_CORE_plants_non-redundant_pfms_meme.txt	MA2343.1	MYB3R3	CGCCGTTA	5.60e-3	9.00e-1	8.34e2	411	206	206	206	8	140	67.96	114	55.34
28	data/reference/motifs/JASPAR2026_CORE_plants_non-redundant_pfms_meme.txt	MA2500.1	LSH3	TTACTGTTCAT	5.76e-3	9.06e-1	8.40e2	411	206	206	206	10	62	30.10	39	18.93
29	data/reference/motifs/JASPAR2026_CORE_plants_non-redundant_pfms_meme.txt	MA1174.2	MYB56	ATAACGGWHW	6.01e-3	9.15e-1	8.49e2	411	206	206	206	8	71	34.47	47	22.82
30	data/reference/motifs/JASPAR2026_CORE_plants_non-redundant_pfms_meme.txt	MA1223.2	ERF035	TGTCGGTGG	3.06e-2	9.17e-1	8.50e2	80	206	206	206	1	48	23.30	32	15.53
31	data/reference/motifs/JASPAR2026_CORE_plants_non-redundant_pfms_meme.txt	MA2431.1	SPL15A	AGCGGTASTACCGC	2.05e-2	9.23e-1	8.56e2	125	206	206	206	2	30	14.56	16	7.77
32	data/reference/motifs/JASPAR2026_CORE_plants_non-redundant_pfms_meme.txt	MA1182.2	RVE8	AGATATTTT	6.78e-3	9.27e-1	8.59e2	386	206	206	206	3	121	58.74	95	46.12
33	data/reference/motifs/JASPAR2026_CORE_plants_non-redundant_pfms_meme.txt	MA2499.1	LSH2	TACTGTTCA	6.52e-3	9.32e-1	8.64e2	412	206	206	206	12	104	50.49	78	37.86
34	data/reference/motifs/JASPAR2026_CORE_plants_non-redundant_pfms_meme.txt	MA1799.2	SPL10	GTACGR	6.75e-3	9.38e-1	8.69e2	411	206	206	206	11	110	53.40	84	40.78
35	data/reference/motifs/JASPAR2026_CORE_plants_non-redundant_pfms_meme.txt	MA1032.2	DREB1G	TGCCGACA	2.22e-2	9.56e-1	8.86e2	140	206	206	206	3	13	6.31	4	1.94
36	data/reference/motifs/JASPAR2026_CORE_plants_non-redundant_pfms_meme.txt	MA2359.1	PK23829.1	TTATCCR	8.10e-3	9.64e-1	8.94e2	410	206	206	206	4	149	72.33	125	60.68
37	data/reference/motifs/JASPAR2026_CORE_plants_non-redundant_pfms_meme.txt	MA1181.2	MYB113	AKTYMGTTAT	8.17e-3	9.65e-1	8.95e2	411	206	206	206	11	55	26.70	34	16.50
38	data/reference/motifs/JASPAR2026_CORE_plants_non-redundant_pfms_meme.txt	MA2005.2	NAC016	TVCKTGWBCYNCAMG	1.85e-2	9.66e-1	8.95e2	182	206	206	206	4	8	3.88	1	0.49
39	data/reference/motifs/JASPAR2026_CORE_plants_non-redundant_pfms_meme.txt	MA2440.1	SPL2B	GCGGTASTACCGC	2.85e-2	9.67e-1	8.97e2	120	206	206	206	2	29	14.08	16	7.77
40	data/reference/motifs/JASPAR2026_CORE_plants_non-redundant_pfms_meme.txt	MA2759.1	ereb7	GCGGCGGCGGCGG	5.00e-1	9.69e-1	8.98e2	5	206	206	206	2	1	0.49	0	0.00
41	data/reference/motifs/JASPAR2026_CORE_plants_non-redundant_pfms_meme.txt	MA2616.1	ereb17	CGCCGCCGCCGCCS	2.78e-2	9.72e-1	9.01e2	129	206	206	206	1	74	35.92	55	26.70
42	data/reference/motifs/JASPAR2026_CORE_plants_non-redundant_pfms_meme.txt	MA2445.1	SPL4D	GGTACTACCGCT	1.21e-2	9.74e-1	9.03e2	300	206	206	206	3	56	27.18	36	17.48
43	data/reference/motifs/JASPAR2026_CORE_plants_non-redundant_pfms_meme.txt	MA1758.2	HSFA1E	AGAAGCTTCTAGAA	1.92e-2	9.78e-1	9.07e2	200	206	206	206	1	111	53.88	89	43.20
44	data/reference/motifs/JASPAR2026_CORE_plants_non-redundant_pfms_meme.txt	MA2072.1	PK16335.1	GACAGCTG	9.96e-3	9.83e-1	9.11e2	408	206	206	206	4	168	81.55	147	71.36
45	data/reference/motifs/JASPAR2026_CORE_plants_non-redundant_pfms_meme.txt	MA2355.1	PK06791.1	GTACGG	9.89e-3	9.83e-1	9.11e2	412	206	206	206	11	179	86.89	160	77.67
46	data/reference/motifs/JASPAR2026_CORE_plants_non-redundant_pfms_meme.txt	MA1210.3	HAT22	CAATAATTG	9.91e-3	9.83e-1	9.11e2	412	206	206	206	13	161	78.16	139	67.48
47	data/reference/motifs/JASPAR2026_CORE_plants_non-redundant_pfms_meme.txt	MA2650.1	GLYMA-05G027400	GTGGGCCCCAC	2.19e-2	9.88e-1	9.16e2	201	206	206	206	2	75	36.41	55	26.70
48	data/reference/motifs/JASPAR2026_CORE_plants_non-redundant_pfms_meme.txt	MA0571.2	ANT	GCACRRWTCCCVAKGY	7.00e-2	9.88e-1	9.16e2	61	206	206	206	2	9	4.37	3	1.46
49	data/reference/motifs/JASPAR2026_CORE_plants_non-redundant_pfms_meme.txt	MA2354.1	PK06182.1	TACCTACC	1.14e-2	9.89e-1	9.17e2	393	206	206	206	2	189	91.75	173	83.98
50	data/reference/motifs/JASPAR2026_CORE_plants_non-redundant_pfms_meme.txt	MA2640.1	GLYMA-19G062000	GTAACAGTTAC	1.16e-2	9.90e-1	9.18e2	397	206	206	206	2	192	93.20	177	85.92
51	data/reference/motifs/JASPAR2026_CORE_plants_non-redundant_pfms_meme.txt	MA1388.2	PHL2	VGAATMT	1.15e-2	9.91e-1	9.19e2	411	206	206	206	8	122	59.22	98	47.57
52	data/reference/motifs/JASPAR2026_CORE_plants_non-redundant_pfms_meme.txt	MA1368.3	GT-4	TAACTATGGTTA	1.40e-2	9.94e-1	9.21e2	364	206	206	206	3	131	63.59	108	52.43
53	data/reference/motifs/JASPAR2026_CORE_plants_non-redundant_pfms_meme.txt	MA1239.2	ERF104	CCDCCDCCGCCGCCRY	4.31e-2	9.95e-1	9.23e2	125	206	206	206	1	71	34.47	54	26.21
54	data/reference/motifs/JASPAR2026_CORE_plants_non-redundant_pfms_meme.txt	MA2433.1	SPL15D	GCGGTACTAC	1.52e-2	9.96e-1	9.23e2	356	206	206	206	1	186	90.29	170	82.52
55	data/reference/motifs/JASPAR2026_CORE_plants_non-redundant_pfms_meme.txt	MA2454.1	SPL8D1	ATAGTACATA	1.33e-2	9.96e-1	9.23e2	412	206	206	206	14	136	66.02	113	54.85
56	data/reference/motifs/JASPAR2026_CORE_plants_non-redundant_pfms_meme.txt	MA1321.2	SPL13A	TGTACGGA	1.59e-2	9.96e-1	9.23e2	346	206	206	206	2	141	68.45	119	57.77
57	data/reference/motifs/JASPAR2026_CORE_plants_non-redundant_pfms_meme.txt	MA1056.2	SPL11	CGTACGGA	2.01e-2	9.96e-1	9.24e2	279	206	206	206	3	61	29.61	42	20.39
58	data/reference/motifs/JASPAR2026_CORE_plants_non-redundant_pfms_meme.txt	MA2085.1	PK23763.1	CTTTW	1.37e-2	9.96e-1	9.24e2	412	206	206	206	79	202	98.06	192	93.20
59	data/reference/motifs/JASPAR2026_CORE_plants_non-redundant_pfms_meme.txt	MA2446.1	SPL5A	GCGGTASTACCGC	6.09e-2	9.97e-1	9.24e2	91	206	206	206	4	6	2.91	1	0.49
60	data/reference/motifs/JASPAR2026_CORE_plants_non-redundant_pfms_meme.txt	MA1797.1	RAV2	GCAACATA	1.77e-2	9.97e-1	9.24e2	330	206	206	206	4	33	16.02	18	8.74
61	data/reference/motifs/JASPAR2026_CORE_plants_non-redundant_pfms_meme.txt	MA2048.2	NAC045	GAAGCAAC	1.46e-2	9.98e-1	9.25e2	412	206	206	206	8	190	92.23	175	84.95
62	data/reference/motifs/JASPAR2026_CORE_plants_non-redundant_pfms_meme.txt	MA0053.1	MNB1A	AAAGC	1.49e-2	9.98e-1	9.25e2	412	206	206	206	15	200	97.09	189	91.75
63	data/reference/motifs/JASPAR2026_CORE_plants_non-redundant_pfms_meme.txt	MA2623.1	hb66	CCAATCA	1.50e-2	9.98e-1	9.25e2	412	206	206	206	40	41	19.90	24	11.65
64	data/reference/motifs/JASPAR2026_CORE_plants_non-redundant_pfms_meme.txt	MA2090.1	PK26523.1	ATTCY	1.51e-2	9.98e-1	9.25e2	412	206	206	206	54	206	100.00	200	97.09
65	data/reference/motifs/JASPAR2026_CORE_plants_non-redundant_pfms_meme.txt	MA2434.1	SPL16A	AGCGGTAGTAC	1.92e-2	9.98e-1	9.25e2	325	206	206	206	2	111	53.88	89	43.20
66	data/reference/motifs/JASPAR2026_CORE_plants_non-redundant_pfms_meme.txt	MA2673.1	GLYMA-15G086400	WTCTAGAAMCTTCTAGAR	3.61e-2	9.98e-1	9.25e2	173	206	206	206	1	96	46.60	77	37.38
67	data/reference/motifs/JASPAR2026_CORE_plants_non-redundant_pfms_meme.txt	MA1057.2	SPL12	GTACGG	1.52e-2	9.98e-1	9.25e2	412	206	206	206	12	177	85.92	159	77.18
68	data/reference/motifs/JASPAR2026_CORE_plants_non-redundant_pfms_meme.txt	MA0563.2	SEP3	CYWTTTTTGG	1.60e-2	9.99e-1	9.26e2	412	206	206	206	27	12	5.83	3	1.46
69	data/reference/motifs/JASPAR2026_CORE_plants_non-redundant_pfms_meme.txt	MA0945.2	ARR1	RDATCT	1.61e-2	9.99e-1	9.26e2	412	206	206	206	64	170	82.52	151	73.30
70	data/reference/motifs/JASPAR2026_CORE_plants_non-redundant_pfms_meme.txt	MA0977.1	DOF2.5	AWAAAGTG	1.61e-2	9.99e-1	9.26e2	412	206	206	206	19	170	82.52	151	73.30
71	data/reference/motifs/JASPAR2026_CORE_plants_non-redundant_pfms_meme.txt	MA2361.1	PRUPE_ppa000682mg	GTACGG	1.63e-2	9.99e-1	9.26e2	412	206	206	206	48	74	35.92	53	25.73
72	data/reference/motifs/JASPAR2026_CORE_plants_non-redundant_pfms_meme.txt	MA2428.1	SPL13B	GCGGTASTACCGC	1.08e-1	9.99e-1	9.26e2	60	206	206	206	3	5	2.43	1	0.49
73	data/reference/motifs/JASPAR2026_CORE_plants_non-redundant_pfms_meme.txt	MA1183.2	RVE6	AGATATTTT	1.74e-2	9.99e-1	9.26e2	396	206	206	206	5	77	37.38	56	27.18
74	data/reference/motifs/JASPAR2026_CORE_plants_non-redundant_pfms_meme.txt	MA2043.2	NAC004	CAAGAAA	1.74e-2	9.99e-1	9.26e2	412	206	206	206	15	134	65.05	112	54.37
75	data/reference/motifs/JASPAR2026_CORE_plants_non-redundant_pfms_meme.txt	MA1336.2	TGA3	RTGACGTCAKC	5.67e-2	9.99e-1	9.26e2	127	206	206	206	2	28	13.59	17	8.25
76	data/reference/motifs/JASPAR2026_CORE_plants_non-redundant_pfms_meme.txt	MA2461.1	WOX13	TTGATTGA	1.77e-2	9.99e-1	9.26e2	412	206	206	206	24	21	10.19	9	4.37
77	data/reference/motifs/JASPAR2026_CORE_plants_non-redundant_pfms_meme.txt	MA1008.2	PHYPADRAFT_182268	GTCGGTG	6.98e-2	9.99e-1	9.26e2	105	206	206	206	2	16	7.77	8	3.88
78	data/reference/motifs/JASPAR2026_CORE_plants_non-redundant_pfms_meme.txt	MA2386.1	estExt_gwp_gw1.C_550163	CACCGAC	6.98e-2	9.99e-1	9.26e2	105	206	206	206	2	16	7.77	8	3.88
79	data/reference/motifs/JASPAR2026_CORE_plants_non-redundant_pfms_meme.txt	MA1177.2	MYB65	TAACCGHM	1.79e-2	9.99e-1	9.26e2	412	206	206	206	22	10	4.85	2	0.97
80	data/reference/motifs/JASPAR2026_CORE_plants_non-redundant_pfms_meme.txt	MA2405.1	OsMSL08	GTAAAW	1.86e-2	1.00e0	9.27e2	412	206	206	206	84	29	14.08	15	7.28
81	data/reference/motifs/JASPAR2026_CORE_plants_non-redundant_pfms_meme.txt	MA1176.2	MYB119	RWCCGTTACA	2.11e-2	1.00e0	9.27e2	373	206	206	206	1	193	93.69	180	87.38
82	data/reference/motifs/JASPAR2026_CORE_plants_non-redundant_pfms_meme.txt	MA2757.1	pbf1	ATAAAGT	1.92e-2	1.00e0	9.27e2	412	206	206	206	29	115	55.83	93	45.15
83	data/reference/motifs/JASPAR2026_CORE_plants_non-redundant_pfms_meme.txt	MA2738.1	Cnr	TCCGTACAAA	1.95e-2	1.00e0	9.27e2	408	206	206	206	6	144	69.90	123	59.71
84	data/reference/motifs/JASPAR2026_CORE_plants_non-redundant_pfms_meme.txt	MA1288.2	TCP22	GTGGGHCCCAC	5.25e-2	1.00e0	9.27e2	155	206	206	206	4	8	3.88	2	0.97
85	data/reference/motifs/JASPAR2026_CORE_plants_non-redundant_pfms_meme.txt	MA2442.1	SPL3B	AGCGGTASTACCGC	1.08e-1	1.00e0	9.27e2	74	206	206	206	3	5	2.43	1	0.49
86	data/reference/motifs/JASPAR2026_CORE_plants_non-redundant_pfms_meme.txt	MA1208.2	GT-2	WTTTTTACCGY	2.06e-2	1.00e0	9.27e2	412	206	206	206	10	140	67.96	119	57.77
87	data/reference/motifs/JASPAR2026_CORE_plants_non-redundant_pfms_meme.txt	MA2436.1	SPL18A	GCGGTASTACCGCT	1.08e-1	1.00e0	9.27e2	75	206	206	206	2	16	7.77	9	4.37
88	data/reference/motifs/JASPAR2026_CORE_plants_non-redundant_pfms_meme.txt	MA1691.2	ARF27	GCAGACAT	2.08e-2	1.00e0	9.27e2	411	206	206	206	13	62	30.10	43	20.87
89	data/reference/motifs/JASPAR2026_CORE_plants_non-redundant_pfms_meme.txt	MA2425.1	SPL11A	SCGGTACTACCG	3.67e-2	1.00e0	9.27e2	233	206	206	206	1	126	61.17	107	51.94
90	data/reference/motifs/JASPAR2026_CORE_plants_non-redundant_pfms_meme.txt	MA1736.2	AT5G04390	TCACT	2.11e-2	1.00e0	9.27e2	412	206	206	206	10	193	93.69	180	87.38
91	data/reference/motifs/JASPAR2026_CORE_plants_non-redundant_pfms_meme.txt	MA2377.1	cassava45561.m1	GGGSCCCAC	2.25e-2	1.00e0	9.27e2	391	206	206	206	2	189	91.75	175	84.95
92	data/reference/motifs/JASPAR2026_CORE_plants_non-redundant_pfms_meme.txt	MA2426.1	SPL11B	AGCGGTASTACCGCT	2.64e-1	1.00e0	9.27e2	29	206	206	206	2	14	6.80	10	4.85
93	data/reference/motifs/JASPAR2026_CORE_plants_non-redundant_pfms_meme.txt	MA1791.1	NAC087	TTDCTTGTNNNACACGYWA	8.74e-2	1.00e0	9.27e2	102	206	206	206	3	7	3.40	2	0.97
94	data/reference/motifs/JASPAR2026_CORE_plants_non-redundant_pfms_meme.txt	MA2441.1	SPL3A	AGCGGTACTACC	3.10e-2	1.00e0	9.27e2	288	206	206	206	4	30	14.56	17	8.25
95	data/reference/motifs/JASPAR2026_CORE_plants_non-redundant_pfms_meme.txt	MA2353.1	PK02532.1	WAATATCT	2.27e-2	1.00e0	9.27e2	394	206	206	206	5	65	31.55	46	22.33
96	data/reference/motifs/JASPAR2026_CORE_plants_non-redundant_pfms_meme.txt	MA2608.1	glk53	AAGGAATATTCTTT	2.22e-2	1.00e0	9.27e2	402	206	206	206	10	13	6.31	4	1.94
97	data/reference/motifs/JASPAR2026_CORE_plants_non-redundant_pfms_meme.txt	MA2079.1	PK19717.1	GGGSCCCMC	2.38e-2	1.00e0	9.27e2	378	206	206	206	1	195	94.66	183	88.83
98	data/reference/motifs/JASPAR2026_CORE_plants_non-redundant_pfms_meme.txt	MA0954.3	ATHB-7	TCAATGATTGR	2.22e-2	1.00e0	9.27e2	405	206	206	206	10	13	6.31	4	1.94
99	data/reference/motifs/JASPAR2026_CORE_plants_non-redundant_pfms_meme.txt	MA2670.1	GLYMA-15G168800	CAATGATTG	2.29e-2	1.00e0	9.27e2	397	206	206	206	5	97	47.09	76	36.89
100	data/reference/motifs/JASPAR2026_CORE_plants_non-redundant_pfms_meme.txt	MA1275.2	DOF1.6	AWAAAGTR	2.22e-2	1.00e0	9.27e2	412	206	206	206	8	202	98.06	193	93.69
101	data/reference/motifs/JASPAR2026_CORE_plants_non-redundant_pfms_meme.txt	MA0121.2	ARR10	AGATHYK	2.24e-2	1.00e0	9.27e2	412	206	206	206	8	198	96.12	187	90.78
102	data/reference/motifs/JASPAR2026_CORE_plants_non-redundant_pfms_meme.txt	MA2435.1	SPL16D	GCGGTASTACCGC	6.46e-2	1.00e0	9.27e2	144	206	206	206	2	37	17.96	25	12.14
103	data/reference/motifs/JASPAR2026_CORE_plants_non-redundant_pfms_meme.txt	MA2438.1	SPL1D	GCRGTASTACCGCT	7.93e-2	1.00e0	9.27e2	118	206	206	206	2	28	13.59	18	8.74
104	data/reference/motifs/JASPAR2026_CORE_plants_non-redundant_pfms_meme.txt	MA1370.2	IDD5	TTTTGTCGTTTWST	3.05e-2	1.00e0	9.27e2	311	206	206	206	6	5	2.43	0	0.00
105	data/reference/motifs/JASPAR2026_CORE_plants_non-redundant_pfms_meme.txt	MA2450.1	SPL7A	GTACTACCGCT	3.05e-2	1.00e0	9.27e2	321	206	206	206	2	112	54.37	92	44.66
106	data/reference/motifs/JASPAR2026_CORE_plants_non-redundant_pfms_meme.txt	MA2045.2	NAC031	TTRCKTGTWNHACAAGTWA	5.31e-2	1.00e0	9.27e2	187	206	206	206	2	57	27.67	42	20.39
107	data/reference/motifs/JASPAR2026_CORE_plants_non-redundant_pfms_meme.txt	MA2387.1	NAC094	YGCCGTRNHNNHCACG	8.12e-2	1.00e0	9.27e2	124	206	206	206	1	69	33.50	55	26.70
108	data/reference/motifs/JASPAR2026_CORE_plants_non-redundant_pfms_meme.txt	MA1179.2	MYB1	ACSGTTA	2.61e-2	1.00e0	9.27e2	392	206	206	206	7	28	13.59	15	7.28
109	data/reference/motifs/JASPAR2026_CORE_plants_non-redundant_pfms_meme.txt	MA1766.2	MYB17	YYCACCTACCW	2.60e-2	1.00e0	9.27e2	395	206	206	206	3	164	79.61	146	70.87
110	data/reference/motifs/JASPAR2026_CORE_plants_non-redundant_pfms_meme.txt	MA1285.2	TCP9	GTGGGTCCCAC	9.25e-2	1.00e0	9.27e2	113	206	206	206	1	63	30.58	50	24.27
111	data/reference/motifs/JASPAR2026_CORE_plants_non-redundant_pfms_meme.txt	MA2451.1	SPL7B	AGCGGTASTACCGCT	4.10e-1	1.00e0	9.27e2	20	206	206	206	1	11	5.34	9	4.37
112	data/reference/motifs/JASPAR2026_CORE_plants_non-redundant_pfms_meme.txt	MA2360.1	PK28565.1	TAACBGTC	2.57e-2	1.00e0	9.27e2	412	206	206	206	13	38	18.45	23	11.17
113	data/reference/motifs/JASPAR2026_CORE_plants_non-redundant_pfms_meme.txt	MA1049.2	ERF094	MGCCGCC	4.45e-2	1.00e0	9.27e2	240	206	206	206	4	13	6.31	5	2.43
114	data/reference/motifs/JASPAR2026_CORE_plants_non-redundant_pfms_meme.txt	MA2403.1	DVH24_040989	TTAACC	2.61e-2	1.00e0	9.27e2	412	206	206	206	77	28	13.59	15	7.28
115	data/reference/motifs/JASPAR2026_CORE_plants_non-redundant_pfms_meme.txt	MA2430.1	SPL14B	GCGGTASTACCGC	8.74e-2	1.00e0	9.27e2	123	206	206	206	4	7	3.40	2	0.97
116	data/reference/motifs/JASPAR2026_CORE_plants_non-redundant_pfms_meme.txt	MA2664.1	GLYMA-03G162700	GGYGGYGGCGGCGGMGGCGGYGG	2.23e-1	1.00e0	9.27e2	43	206	206	206	3	10	4.85	6	2.91
117	data/reference/motifs/JASPAR2026_CORE_plants_non-redundant_pfms_meme.txt	MA1322.3	SPL9	TCCGTAC	2.68e-2	1.00e0	9.27e2	407	206	206	206	8	72	34.95	53	25.73
118	data/reference/motifs/JASPAR2026_CORE_plants_non-redundant_pfms_meme.txt	MA0001.3	AGL3	CCAWWWATAG	2.66e-2	1.00e0	9.27e2	412	206	206	206	6	203	98.54	195	94.66
119	data/reference/motifs/JASPAR2026_CORE_plants_non-redundant_pfms_meme.txt	MA2443.1	SPL3D	GCGGTASTACCGC	1.10e-1	1.00e0	9.27e2	95	206	206	206	3	8	3.88	3	1.46
120	data/reference/motifs/JASPAR2026_CORE_plants_non-redundant_pfms_meme.txt	MA2659.1	GLYMA-08G281200	YTTGACTAATTAGGGTTWAKKGDT	2.51e-1	1.00e0	9.27e2	39	206	206	206	1	22	10.68	17	8.25
121	data/reference/motifs/JASPAR2026_CORE_plants_non-redundant_pfms_meme.txt	MA1266.2	RAP2-11	YCDYCGCCGGC	5.38e-2	1.00e0	9.27e2	214	206	206	206	3	33	16.02	21	10.19
122	data/reference/motifs/JASPAR2026_CORE_plants_non-redundant_pfms_meme.txt	MA2604.1	dof22	ACTTTTAC	2.82e-2	1.00e0	9.27e2	412	206	206	206	20	199	96.60	189	91.75
123	data/reference/motifs/JASPAR2026_CORE_plants_non-redundant_pfms_meme.txt	MA1284.2	TCP1	GTGGGCCCCAC	8.60e-2	1.00e0	9.27e2	136	206	206	206	4	10	4.85	4	1.94
124	data/reference/motifs/JASPAR2026_CORE_plants_non-redundant_pfms_meme.txt	MA2615.1	ereb109	CGCCGCC	2.49e-1	1.00e0	9.27e2	41	206	206	206	3	2	0.97	0	0.00
125	data/reference/motifs/JASPAR2026_CORE_plants_non-redundant_pfms_meme.txt	MA2429.1	SPL13D	AGCGGTASTACCGCT	5.00e-1	1.00e0	9.27e2	17	206	206	206	1	9	4.37	8	3.88
126	data/reference/motifs/JASPAR2026_CORE_plants_non-redundant_pfms_meme.txt	MA2483.1	PK20543.1	TTAACC	2.88e-2	1.00e0	9.27e2	412	206	206	206	73	76	36.89	57	27.67
127	data/reference/motifs/JASPAR2026_CORE_plants_non-redundant_pfms_meme.txt	MA2448.1	SPL5D	AGCGGTASTACCGC	1.86e-1	1.00e0	9.27e2	59	206	206	206	3	4	1.94	1	0.49
128	data/reference/motifs/JASPAR2026_CORE_plants_non-redundant_pfms_meme.txt	MA2427.1	SPL12B	AGCGGTASTACCGC	1.42e-1	1.00e0	9.27e2	81	206	206	206	3	6	2.91	2	0.97
129	data/reference/motifs/JASPAR2026_CORE_plants_non-redundant_pfms_meme.txt	MA2708.1	SlDof4	AGAAAAAGTAA	3.05e-2	1.00e0	9.27e2	412	206	206	206	34	5	2.43	0	0.00
130	data/reference/motifs/JASPAR2026_CORE_plants_non-redundant_pfms_meme.txt	MA2356.1	PK20555.1	CTTTW	3.05e-2	1.00e0	9.27e2	412	206	206	206	175	206	100.00	201	97.57
131	data/reference/motifs/JASPAR2026_CORE_plants_non-redundant_pfms_meme.txt	MA2728.1	SolycHsfC1	RGAAGTTTCTAG	3.54e-2	1.00e0	9.27e2	359	206	206	206	6	15	7.28	6	2.91
132	data/reference/motifs/JASPAR2026_CORE_plants_non-redundant_pfms_meme.txt	MA2035.2	NAC075	GWAGCTTGTNNNACAAGCTW	8.60e-2	1.00e0	9.27e2	153	206	206	206	4	10	4.85	4	1.94
133	data/reference/motifs/JASPAR2026_CORE_plants_non-redundant_pfms_meme.txt	MA1170.2	MYB118	RWCCGTTACRWW	5.18e-2	1.00e0	9.27e2	257	206	206	206	1	137	66.50	120	58.25
134	data/reference/motifs/JASPAR2026_CORE_plants_non-redundant_pfms_meme.txt	MA2399.1	LjSGA_053525.1	GGGCCCAC	5.09e-2	1.00e0	9.27e2	262	206	206	206	2	84	40.78	67	32.52
135	data/reference/motifs/JASPAR2026_CORE_plants_non-redundant_pfms_meme.txt	MA1352.1	TRP1	ACCCTAAACCCTAAACCCTAA	8.92e-1	1.00e0	9.27e2	6	206	206	206	1	2	0.97	4	1.94
136	data/reference/motifs/JASPAR2026_CORE_plants_non-redundant_pfms_meme.txt	MA2480.1	GLYMA-04G093300	CTAATC	3.30e-2	1.00e0	9.27e2	407	206	206	206	3	192	93.20	180	87.38
137	data/reference/motifs/JASPAR2026_CORE_plants_non-redundant_pfms_meme.txt	MA0969.2	CAMTA2	VCGCGT	3.30e-2	1.00e0	9.27e2	412	206	206	206	5	192	93.20	180	87.38
138	data/reference/motifs/JASPAR2026_CORE_plants_non-redundant_pfms_meme.txt	MA1214.2	ATHB-40	ACCAATAATTG	3.36e-2	1.00e0	9.27e2	405	206	206	206	3	178	86.41	163	79.13
139	data/reference/motifs/JASPAR2026_CORE_plants_non-redundant_pfms_meme.txt	MA2028.2	MYB49	TTACCTAACTW	3.38e-2	1.00e0	9.27e2	409	206	206	206	8	88	42.72	69	33.50
140	data/reference/motifs/JASPAR2026_CORE_plants_non-redundant_pfms_meme.txt	MA2611.1	ereb209	GCGCCGC	5.00e-1	1.00e0	9.27e2	20	206	206	206	2	1	0.49	0	0.00
141	data/reference/motifs/JASPAR2026_CORE_plants_non-redundant_pfms_meme.txt	MA2074.1	PK17878.1	CGCCGCCA	7.13e-2	1.00e0	9.27e2	197	206	206	206	2	60	29.13	46	22.33
142	data/reference/motifs/JASPAR2026_CORE_plants_non-redundant_pfms_meme.txt	MA1023.1	PHYPADRAFT_28324	KGTCGGTG	1.37e-1	1.00e0	9.27e2	103	206	206	206	2	14	6.80	8	3.88
143	data/reference/motifs/JASPAR2026_CORE_plants_non-redundant_pfms_meme.txt	MA1167.2	EFM	RGAATATTC	3.61e-2	1.00e0	9.27e2	394	206	206	206	7	27	13.11	15	7.28
144	data/reference/motifs/JASPAR2026_CORE_plants_non-redundant_pfms_meme.txt	MA1257.2	ERF9	GGCGGHKRYGGCGGCGGMG	1.24e-1	1.00e0	9.27e2	115	206	206	206	10	3	1.46	0	0.00
145	data/reference/motifs/JASPAR2026_CORE_plants_non-redundant_pfms_meme.txt	MA1801.2	TREE1	AGCTD	3.48e-2	1.00e0	9.27e2	412	206	206	206	74	134	65.05	115	55.83
146	data/reference/motifs/JASPAR2026_CORE_plants_non-redundant_pfms_meme.txt	MA2370.1	MBD2	AGCTD	3.48e-2	1.00e0	9.27e2	412	206	206	206	74	134	65.05	115	55.83
147	data/reference/motifs/JASPAR2026_CORE_plants_non-redundant_pfms_meme.txt	MA1814.2	RIN	CTATTTTTGG	3.55e-2	1.00e0	9.27e2	412	206	206	206	22	52	25.24	36	17.48
148	data/reference/motifs/JASPAR2026_CORE_plants_non-redundant_pfms_meme.txt	MA2734.1	Sl-ERF_F_5	CCGCCGCCGCCRCCRCC	1.24e-1	1.00e0	9.27e2	118	206	206	206	12	3	1.46	0	0.00
149	data/reference/motifs/JASPAR2026_CORE_plants_non-redundant_pfms_meme.txt	MA2041.2	MYB13	YCACCAACCA	3.56e-2	1.00e0	9.27e2	412	206	206	206	19	12	5.83	4	1.94
150	data/reference/motifs/JASPAR2026_CORE_plants_non-redundant_pfms_meme.txt	MA1674.3	NAC017	CAAGTAA	3.56e-2	1.00e0	9.27e2	412	206	206	206	10	202	98.06	194	94.17
151	data/reference/motifs/JASPAR2026_CORE_plants_non-redundant_pfms_meme.txt	MA1792.1	NAC098	CKTGTNNHACACGTHA	7.52e-2	1.00e0	9.27e2	195	206	206	206	3	27	13.11	17	8.25
152	data/reference/motifs/JASPAR2026_CORE_plants_non-redundant_pfms_meme.txt	MA2052.2	ZAT6	AATGATTG	3.59e-2	1.00e0	9.27e2	412	206	206	206	22	187	90.78	174	84.47
153	data/reference/motifs/JASPAR2026_CORE_plants_non-redundant_pfms_meme.txt	MA1775.2	MYB61	YACCWACC	3.74e-2	1.00e0	9.27e2	403	206	206	206	5	122	59.22	103	50.00
154	data/reference/motifs/JASPAR2026_CORE_plants_non-redundant_pfms_meme.txt	MA0110.4	ATHB-5	CAATCATT	3.67e-2	1.00e0	9.27e2	412	206	206	206	27	169	82.04	153	74.27
155	data/reference/motifs/JASPAR2026_CORE_plants_non-redundant_pfms_meme.txt	MA1660.2	NAC013	TTACTTGTTCYMCAAGTAA	1.08e-1	1.00e0	9.27e2	141	206	206	206	3	16	7.77	9	4.37
156	data/reference/motifs/JASPAR2026_CORE_plants_non-redundant_pfms_meme.txt	MA0987.2	PHYPADRAFT_140773	AAAG	3.68e-2	1.00e0	9.27e2	412	206	206	206	154	76	36.89	58	28.16
157	data/reference/motifs/JASPAR2026_CORE_plants_non-redundant_pfms_meme.txt	MA2381.1	e_gw1.170.52.1	CTTT	3.68e-2	1.00e0	9.27e2	412	206	206	206	154	76	36.89	58	28.16
158	data/reference/motifs/JASPAR2026_CORE_plants_non-redundant_pfms_meme.txt	MA2750.1	TraesCS7B02G142200	TGTACGGAC	4.03e-2	1.00e0	9.27e2	379	206	206	206	4	83	40.29	65	31.55
159	data/reference/motifs/JASPAR2026_CORE_plants_non-redundant_pfms_meme.txt	MA2418.1	IG1	CTGCCGCCA	4.31e-2	1.00e0	9.27e2	355	206	206	206	1	184	89.32	171	83.01
160	data/reference/motifs/JASPAR2026_CORE_plants_non-redundant_pfms_meme.txt	MA1313.2	WRKY7	CGTTGACTTTT	6.98e-2	1.00e0	9.27e2	221	206	206	206	3	16	7.77	8	3.88
161	data/reference/motifs/JASPAR2026_CORE_plants_non-redundant_pfms_meme.txt	MA1391.3	MYB33	ATAACCGTAW	3.75e-2	1.00e0	9.27e2	412	206	206	206	6	104	50.49	85	41.26
162	data/reference/motifs/JASPAR2026_CORE_plants_non-redundant_pfms_meme.txt	MA0585.2	AGL1	TTDCCWWWWWDGGWAA	3.83e-2	1.00e0	9.27e2	404	206	206	206	3	186	90.29	173	83.98
163	data/reference/motifs/JASPAR2026_CORE_plants_non-redundant_pfms_meme.txt	MA2049.2	NAC053	CAAGAAA	3.78e-2	1.00e0	9.27e2	412	206	206	206	12	118	57.28	99	48.06
164	data/reference/motifs/JASPAR2026_CORE_plants_non-redundant_pfms_meme.txt	MA1662.2	AT3G10030	TTAACAGA	3.78e-2	1.00e0	9.27e2	412	206	206	206	13	54	26.21	38	18.45
165	data/reference/motifs/JASPAR2026_CORE_plants_non-redundant_pfms_meme.txt	MA2038.2	NAC103	CAAGTTA	3.79e-2	1.00e0	9.27e2	412	206	206	206	20	108	52.43	89	43.20
166	data/reference/motifs/JASPAR2026_CORE_plants_non-redundant_pfms_meme.txt	MA0575.2	MYB77	GACRGTTAS	4.41e-2	1.00e0	9.27e2	356	206	206	206	2	131	63.59	113	54.85
167	data/reference/motifs/JASPAR2026_CORE_plants_non-redundant_pfms_meme.txt	MA1277.2	DOF1.7	AAAAAGTARAA	3.82e-2	1.00e0	9.27e2	412	206	206	206	15	181	87.86	167	81.07
168	data/reference/motifs/JASPAR2026_CORE_plants_non-redundant_pfms_meme.txt	MA2358.1	PK22320.1	GTACGG	3.82e-2	1.00e0	9.27e2	412	206	206	206	5	197	95.63	187	90.78
169	data/reference/motifs/JASPAR2026_CORE_plants_non-redundant_pfms_meme.txt	MA1788.1	NAC054	CTTGTNNHACACGYHAYCT	1.49e-1	1.00e0	9.27e2	98	206	206	206	1	54	26.21	44	21.36
170	data/reference/motifs/JASPAR2026_CORE_plants_non-redundant_pfms_meme.txt	MA2455.1	SPL9D	AGCGGTASTACCGC	1.69e-1	1.00e0	9.27e2	86	206	206	206	3	7	3.40	3	1.46
171	data/reference/motifs/JASPAR2026_CORE_plants_non-redundant_pfms_meme.txt	MA1098.1	ARALYDRAFT_484486	GGSCCCAC	5.58e-2	1.00e0	9.27e2	287	206	206	206	3	49	23.79	35	16.99
172	data/reference/motifs/JASPAR2026_CORE_plants_non-redundant_pfms_meme.txt	MA1095.1	ARALYDRAFT_495258	GGSCCCAC	5.58e-2	1.00e0	9.27e2	287	206	206	206	3	49	23.79	35	16.99
173	data/reference/motifs/JASPAR2026_CORE_plants_non-redundant_pfms_meme.txt	MA1744.2	BZIP30	GMCAGCTGK	3.92e-2	1.00e0	9.27e2	409	206	206	206	5	190	92.23	178	86.41
174	data/reference/motifs/JASPAR2026_CORE_plants_non-redundant_pfms_meme.txt	MA2347.1	OS04G0486400	TAACC	3.89e-2	1.00e0	9.27e2	412	206	206	206	107	80	38.83	62	30.10
175	data/reference/motifs/JASPAR2026_CORE_plants_non-redundant_pfms_meme.txt	MA0586.3	SPL14	TCCGTAC	8.10e-2	1.00e0	9.27e2	199	206	206	206	2	44	21.36	32	15.53
176	data/reference/motifs/JASPAR2026_CORE_plants_non-redundant_pfms_meme.txt	MA2372.1	AZF1	WCACTVWCW	3.93e-2	1.00e0	9.27e2	412	206	206	206	11	157	76.21	140	67.96
177	data/reference/motifs/JASPAR2026_CORE_plants_non-redundant_pfms_meme.txt	MA1750.1	E2FE	TTTTTGGCGGGAAAA	7.13e-1	1.00e0	9.27e2	13	206	206	206	1	6	2.91	7	3.40
178	data/reference/motifs/JASPAR2026_CORE_plants_non-redundant_pfms_meme.txt	MA1732.1	E2FD	TTTTTGGCGGGAAAA	7.13e-1	1.00e0	9.27e2	13	206	206	206	1	6	2.91	7	3.40
179	data/reference/motifs/JASPAR2026_CORE_plants_non-redundant_pfms_meme.txt	MA1348.1	TGA9	GMTGACGTCAY	1.12e-1	1.00e0	9.27e2	146	206	206	206	2	29	14.08	20	9.71
180	data/reference/motifs/JASPAR2026_CORE_plants_non-redundant_pfms_meme.txt	MA1830.2	Zm00001d015407	AAGGAATATTCTTTTT	4.22e-2	1.00e0	9.27e2	386	206	206	206	7	29	14.08	17	8.25
181	data/reference/motifs/JASPAR2026_CORE_plants_non-redundant_pfms_meme.txt	MA1068.3	TGA2	ATGACGTCAY	9.66e-2	1.00e0	9.27e2	170	206	206	206	1	92	44.66	78	37.86
182	data/reference/motifs/JASPAR2026_CORE_plants_non-redundant_pfms_meme.txt	MA1222.1	ERF014	CCDCCDCCACCGMCA	9.70e-2	1.00e0	9.27e2	172	206	206	206	1	93	45.15	79	38.35
183	data/reference/motifs/JASPAR2026_CORE_plants_non-redundant_pfms_meme.txt	MA1185.2	LHY	AGATATTTT	4.32e-2	1.00e0	9.27e2	388	206	206	206	7	20	9.71	10	4.85
184	data/reference/motifs/JASPAR2026_CORE_plants_non-redundant_pfms_meme.txt	MA2021.2	LBD13	TCCACCGT	4.20e-2	1.00e0	9.27e2	404	206	206	206	4	179	86.89	165	80.10
185	data/reference/motifs/JASPAR2026_CORE_plants_non-redundant_pfms_meme.txt	MA0577.4	SPL3	TGTACGGA	4.61e-2	1.00e0	9.27e2	370	206	206	206	3	122	59.22	104	50.49
186	data/reference/motifs/JASPAR2026_CORE_plants_non-redundant_pfms_meme.txt	MA1365.3	AT5G47660	GGTAAAA	4.19e-2	1.00e0	9.27e2	412	206	206	206	6	193	93.69	182	88.35
187	data/reference/motifs/JASPAR2026_CORE_plants_non-redundant_pfms_meme.txt	MA1332.2	BEH2	CACACGTGCR	2.87e-1	1.00e0	9.27e2	51	206	206	206	2	8	3.88	5	2.43
188	data/reference/motifs/JASPAR2026_CORE_plants_non-redundant_pfms_meme.txt	MA0576.2	RAX3	GGGGGTAGGTGS	1.86e-1	1.00e0	9.27e2	84	206	206	206	3	4	1.94	1	0.49
189	data/reference/motifs/JASPAR2026_CORE_plants_non-redundant_pfms_meme.txt	MA1037.2	MYB24	GTTAGGY	4.20e-2	1.00e0	9.27e2	412	206	206	206	73	16	7.77	7	3.40
190	data/reference/motifs/JASPAR2026_CORE_plants_non-redundant_pfms_meme.txt	MA1738.1	ATMYB31	YAMCTMCCAACHAMH	4.36e-2	1.00e0	9.27e2	403	206	206	206	13	10	4.85	3	1.46
191	data/reference/motifs/JASPAR2026_CORE_plants_non-redundant_pfms_meme.txt	MA2371.1	MYB31	YAMCTMCCAACHAMH	4.36e-2	1.00e0	9.27e2	403	206	206	206	13	10	4.85	3	1.46
192	data/reference/motifs/JASPAR2026_CORE_plants_non-redundant_pfms_meme.txt	MA1036.1	MYB111	GKTAGGTR	4.32e-2	1.00e0	9.27e2	411	206	206	206	17	20	9.71	10	4.85
193	data/reference/motifs/JASPAR2026_CORE_plants_non-redundant_pfms_meme.txt	MA2718.1	Sl-ERF_A_3	GGYGGCGGCGGCGGCGG	2.49e-1	1.00e0	9.27e2	62	206	206	206	11	2	0.97	0	0.00
194	data/reference/motifs/JASPAR2026_CORE_plants_non-redundant_pfms_meme.txt	MA2378.1	CRF3	GCCG	4.32e-2	1.00e0	9.27e2	412	206	206	206	89	20	9.71	10	4.85
195	data/reference/motifs/JASPAR2026_CORE_plants_non-redundant_pfms_meme.txt	MA1330.2	ZHD6	AAWHRTAATTAA	4.36e-2	1.00e0	9.27e2	412	206	206	206	27	10	4.85	3	1.46
196	data/reference/motifs/JASPAR2026_CORE_plants_non-redundant_pfms_meme.txt	MA2713.1	SlDof14	CTTTTTC	4.45e-2	1.00e0	9.27e2	412	206	206	206	19	13	6.31	5	2.43
197	data/reference/motifs/JASPAR2026_CORE_plants_non-redundant_pfms_meme.txt	MA1755.2	GATA4	GATC	4.45e-2	1.00e0	9.27e2	412	206	206	206	82	201	97.57	193	93.69
198	data/reference/motifs/JASPAR2026_CORE_plants_non-redundant_pfms_meme.txt	MA1065.3	TCP20	GTGGGWCCCAC	8.60e-2	1.00e0	9.27e2	215	206	206	206	7	10	4.85	4	1.94
199	data/reference/motifs/JASPAR2026_CORE_plants_non-redundant_pfms_meme.txt	MA1366.2	DF1	RGTAAAAA	4.57e-2	1.00e0	9.27e2	412	206	206	206	8	192	93.20	181	87.86
200	data/reference/motifs/JASPAR2026_CORE_plants_non-redundant_pfms_meme.txt	MA0573.2	ATHB-9	GTAATGATTRCDYBS	3.71e-1	1.00e0	9.27e2	41	206	206	206	1	22	10.68	19	9.22
201	data/reference/motifs/JASPAR2026_CORE_plants_non-redundant_pfms_meme.txt	MA2444.1	SPL4A	GCGGTASTACCGC	1.90e-1	1.00e0	9.27e2	100	206	206	206	3	8	3.88	4	1.94
202	data/reference/motifs/JASPAR2026_CORE_plants_non-redundant_pfms_meme.txt	MA1291.1	TCP7	GTGGGRCCCAC	1.26e-1	1.00e0	9.27e2	152	206	206	206	3	13	6.31	7	3.40
203	data/reference/motifs/JASPAR2026_CORE_plants_non-redundant_pfms_meme.txt	MA2716.1	dreb3	CCACCGACCA	5.18e-2	1.00e0	9.27e2	370	206	206	206	2	154	74.76	138	66.99
204	data/reference/motifs/JASPAR2026_CORE_plants_non-redundant_pfms_meme.txt	MA1784.1	NAC011	GTTGCTTSWNHHDCAAGYAAC	2.46e-1	1.00e0	9.27e2	68	206	206	206	2	12	5.83	8	3.88
205	data/reference/motifs/JASPAR2026_CORE_plants_non-redundant_pfms_meme.txt	MA2722.1	Sl-ERF_F_2	CGGCGGCKGCGGCGR	2.24e-1	1.00e0	9.27e2	77	206	206	206	1	42	20.39	35	16.99
206	data/reference/motifs/JASPAR2026_CORE_plants_non-redundant_pfms_meme.txt	MA2667.1	GLYMA-13G236500	ACGACGGCGGAG	8.00e-2	1.00e0	9.27e2	245	206	206	206	1	130	63.11	115	55.83
207	data/reference/motifs/JASPAR2026_CORE_plants_non-redundant_pfms_meme.txt	MA2472.1	AT3G12910	YGSCGTVRWDDHBACGK	2.00e-1	1.00e0	9.27e2	88	206	206	206	1	48	23.30	40	19.42
208	data/reference/motifs/JASPAR2026_CORE_plants_non-redundant_pfms_meme.txt	MA2460.1	MGH6.1	YGSCGTVRWDDHBACGK	2.00e-1	1.00e0	9.27e2	88	206	206	206	1	48	23.30	40	19.42
209	data/reference/motifs/JASPAR2026_CORE_plants_non-redundant_pfms_meme.txt	MA2755.1	hsftf24	ACTAGAAGCTTCTGGAA	7.15e-2	1.00e0	9.27e2	275	206	206	206	1	145	70.39	130	63.11
210	data/reference/motifs/JASPAR2026_CORE_plants_non-redundant_pfms_meme.txt	MA1045.2	NAC043	TWACGTAA	4.81e-2	1.00e0	9.27e2	410	206	206	206	4	187	90.78	175	84.95
211	data/reference/motifs/JASPAR2026_CORE_plants_non-redundant_pfms_meme.txt	MA2733.1	Sl-ERF_F_4	GCMGCMGCCGCCGCCGYCR	2.49e-1	1.00e0	9.27e2	69	206	206	206	11	2	0.97	0	0.00
212	data/reference/motifs/JASPAR2026_CORE_plants_non-redundant_pfms_meme.txt	MA2711.1	SolycHsfB2b	TTCTAGAA	7.43e-2	1.00e0	9.27e2	267	206	206	206	1	141	68.45	126	61.17
213	data/reference/motifs/JASPAR2026_CORE_plants_non-redundant_pfms_meme.txt	MA1305.2	WRKY55	CGTTGACTT	5.67e-2	1.00e0	9.27e2	353	206	206	206	5	28	13.59	17	8.25
214	data/reference/motifs/JASPAR2026_CORE_plants_non-redundant_pfms_meme.txt	MA2709.1	SolycHsfA2	TTCTAGAAKMTTCTA	8.60e-2	1.00e0	9.27e2	233	206	206	206	2	58	28.16	45	21.84
215	data/reference/motifs/JASPAR2026_CORE_plants_non-redundant_pfms_meme.txt	MA0942.2	ARF1	ACCGACA	5.32e-2	1.00e0	9.27e2	377	206	206	206	8	14	6.80	6	2.91
216	data/reference/motifs/JASPAR2026_CORE_plants_non-redundant_pfms_meme.txt	MA2437.1	SPL19B	GCGGTASTACCGC	5.00e-1	1.00e0	9.27e2	29	206	206	206	3	1	0.49	0	0.00
217	data/reference/motifs/JASPAR2026_CORE_plants_non-redundant_pfms_meme.txt	MA1230.2	ERF037	YCACCGACA	1.27e-1	1.00e0	9.27e2	159	206	206	206	2	25	12.14	17	8.25
218	data/reference/motifs/JASPAR2026_CORE_plants_non-redundant_pfms_meme.txt	MA1190.2	RVE5	AGATATTTT	5.04e-2	1.00e0	9.27e2	402	206	206	206	5	83	40.29	66	32.04
219	data/reference/motifs/JASPAR2026_CORE_plants_non-redundant_pfms_meme.txt	MA1163.3	PHL11	AGAATATTCT	5.48e-2	1.00e0	9.27e2	370	206	206	206	5	94	45.63	77	37.38
220	data/reference/motifs/JASPAR2026_CORE_plants_non-redundant_pfms_meme.txt	MA2648.1	GLYMA-19G146000	AAGGTACAC	4.93e-2	1.00e0	9.27e2	412	206	206	206	6	142	68.93	125	60.68
221	data/reference/motifs/JASPAR2026_CORE_plants_non-redundant_pfms_meme.txt	MA2103.1	AT4G09450	TTATCY	5.00e-2	1.00e0	9.27e2	412	206	206	206	65	38	18.45	25	12.14
222	data/reference/motifs/JASPAR2026_CORE_plants_non-redundant_pfms_meme.txt	MA2610.1	ereb97	CGCCGCCGCC	5.00e-1	1.00e0	9.27e2	30	206	206	206	2	3	1.46	2	0.97
223	data/reference/motifs/JASPAR2026_CORE_plants_non-redundant_pfms_meme.txt	MA1832.2	Zm00001d002364	CGCCGCCGCC	5.00e-1	1.00e0	9.27e2	30	206	206	206	2	3	1.46	2	0.97
224	data/reference/motifs/JASPAR2026_CORE_plants_non-redundant_pfms_meme.txt	MA1818.1	Zm00001d052229	CGCCGCCGCC	5.00e-1	1.00e0	9.27e2	30	206	206	206	2	3	1.46	2	0.97
225	data/reference/motifs/JASPAR2026_CORE_plants_non-redundant_pfms_meme.txt	MA0557.2	FHY3	CACGCGCT	5.74e-2	1.00e0	9.27e2	363	206	206	206	3	113	54.85	96	46.60
226	data/reference/motifs/JASPAR2026_CORE_plants_non-redundant_pfms_meme.txt	MA2647.1	GLYMA-12G226000	AAGTACAA	5.06e-2	1.00e0	9.27e2	412	206	206	206	13	166	80.58	151	73.30
227	data/reference/motifs/JASPAR2026_CORE_plants_non-redundant_pfms_meme.txt	MA1828.2	Zm00001d038683	GTGGTCCA	5.25e-2	1.00e0	9.27e2	402	206	206	206	1	204	99.03	198	96.12
228	data/reference/motifs/JASPAR2026_CORE_plants_non-redundant_pfms_meme.txt	MA1247.2	ERF087	GRCGGCGGMG	1.24e-1	1.00e0	9.27e2	171	206	206	206	8	3	1.46	0	0.00
229	data/reference/motifs/JASPAR2026_CORE_plants_non-redundant_pfms_meme.txt	MA2637.1	FUL::AG::SEP3	WTWCCAWAAATAGAAA	5.25e-2	1.00e0	9.27e2	407	206	206	206	13	8	3.88	2	0.97
230	data/reference/motifs/JASPAR2026_CORE_plants_non-redundant_pfms_meme.txt	MA1807.2	ZHD10	TAATTART	5.25e-2	1.00e0	9.27e2	408	206	206	206	2	204	99.03	198	96.12
231	data/reference/motifs/JASPAR2026_CORE_plants_non-redundant_pfms_meme.txt	MA1189.2	AT5G61620	WWWTGGATAAGRWW	5.25e-2	1.00e0	9.27e2	412	206	206	206	14	8	3.88	2	0.97
232	data/reference/motifs/JASPAR2026_CORE_plants_non-redundant_pfms_meme.txt	MA2357.1	PK21687.1	WAAACCC	5.25e-2	1.00e0	9.27e2	412	206	206	206	51	8	3.88	2	0.97
233	data/reference/motifs/JASPAR2026_CORE_plants_non-redundant_pfms_meme.txt	MA1262.2	ERF2	CCDCCGCCGCCRY	1.17e-1	1.00e0	9.27e2	185	206	206	206	1	99	48.06	86	41.75
234	data/reference/motifs/JASPAR2026_CORE_plants_non-redundant_pfms_meme.txt	MA2420.1	SBP6	AAGTACAA	5.31e-2	1.00e0	9.27e2	412	206	206	206	17	27	13.11	16	7.77
235	data/reference/motifs/JASPAR2026_CORE_plants_non-redundant_pfms_meme.txt	MA1010.2	PHYPADRAFT_64121	TGTCGGTA	5.32e-2	1.00e0	9.27e2	412	206	206	206	17	14	6.80	6	2.91
236	data/reference/motifs/JASPAR2026_CORE_plants_non-redundant_pfms_meme.txt	MA1825.2	Zm00001d044409	CTTATC	5.42e-2	1.00e0	9.27e2	412	206	206	206	14	172	83.50	158	76.70
237	data/reference/motifs/JASPAR2026_CORE_plants_non-redundant_pfms_meme.txt	MA1737.2	AT5G05090	AGATHCG	5.42e-2	1.00e0	9.27e2	412	206	206	206	10	172	83.50	158	76.70
238	data/reference/motifs/JASPAR2026_CORE_plants_non-redundant_pfms_meme.txt	MA2351.1	OsEIL3	AGRTACAT	5.44e-2	1.00e0	9.27e2	411	206	206	206	9	93	45.15	76	36.89
239	data/reference/motifs/JASPAR2026_CORE_plants_non-redundant_pfms_meme.txt	MA2669.1	GLYMA-04G231400	CAATAATTGATT	5.55e-2	1.00e0	9.27e2	404	206	206	206	3	162	78.64	147	71.36
240	data/reference/motifs/JASPAR2026_CORE_plants_non-redundant_pfms_meme.txt	MA1187.2	RVE4	AGATATTTT	5.73e-2	1.00e0	9.27e2	392	206	206	206	4	109	52.91	92	44.66
241	data/reference/motifs/JASPAR2026_CORE_plants_non-redundant_pfms_meme.txt	MA0995.3	ERF039	RCCGACA	5.65e-2	1.00e0	9.27e2	401	206	206	206	4	148	71.84	132	64.08
242	data/reference/motifs/JASPAR2026_CORE_plants_non-redundant_pfms_meme.txt	MA0974.3	CDF3	AAAAAGTG	5.55e-2	1.00e0	9.27e2	412	206	206	206	12	162	78.64	147	71.36
243	data/reference/motifs/JASPAR2026_CORE_plants_non-redundant_pfms_meme.txt	MA1252.2	ERF086	CCKCCGCCGY	1.24e-1	1.00e0	9.27e2	186	206	206	206	7	3	1.46	0	0.00
244	data/reference/motifs/JASPAR2026_CORE_plants_non-redundant_pfms_meme.txt	MA1425.2	HYH	TSACGTG	6.37e-2	1.00e0	9.27e2	363	206	206	206	1	187	90.78	176	85.44
245	data/reference/motifs/JASPAR2026_CORE_plants_non-redundant_pfms_meme.txt	MA1263.2	ERF055	KGKCGGTGG	9.73e-2	1.00e0	9.27e2	238	206	206	206	1	126	61.17	112	54.37
246	data/reference/motifs/JASPAR2026_CORE_plants_non-redundant_pfms_meme.txt	MA0992.3	ERF4	CCGCCGYCA	8.23e-2	1.00e0	9.27e2	282	206	206	206	2	98	47.57	83	40.29
247	data/reference/motifs/JASPAR2026_CORE_plants_non-redundant_pfms_meme.txt	MA1328.1	ZHD9	WTWAWHNVYTAATYA	5.66e-2	1.00e0	9.27e2	412	206	206	206	13	102	49.51	85	41.26
248	data/reference/motifs/JASPAR2026_CORE_plants_non-redundant_pfms_meme.txt	MA1800.1	TEM1	GCAACATA	5.69e-2	1.00e0	9.27e2	410	206	206	206	6	104	50.49	87	42.23
249	data/reference/motifs/JASPAR2026_CORE_plants_non-redundant_pfms_meme.txt	MA1039.1	MYB4	GGTWGGTR	5.67e-2	1.00e0	9.27e2	412	206	206	206	23	28	13.59	17	8.25
250	data/reference/motifs/JASPAR2026_CORE_plants_non-redundant_pfms_meme.txt	MA1069.3	TGA6	ATGAYGTCAT	6.09e-2	1.00e0	9.27e2	385	206	206	206	9	6	2.91	1	0.49
251	data/reference/motifs/JASPAR2026_CORE_plants_non-redundant_pfms_meme.txt	MA2475.1	HOX6	TGATTG	5.74e-2	1.00e0	9.27e2	412	206	206	206	49	113	54.85	96	46.60
252	data/reference/motifs/JASPAR2026_CORE_plants_non-redundant_pfms_meme.txt	MA1213.3	ZHD3	CAATTATTG	5.77e-2	1.00e0	9.27e2	411	206	206	206	5	193	93.69	183	88.83
253	data/reference/motifs/JASPAR2026_CORE_plants_non-redundant_pfms_meme.txt	MA1016.2	GATA15	GATC	5.77e-2	1.00e0	9.27e2	412	206	206	206	92	193	93.69	183	88.83
254	data/reference/motifs/JASPAR2026_CORE_plants_non-redundant_pfms_meme.txt	MA1062.3	TCP15	GTGGGWCCCAC	1.18e-1	1.00e0	9.27e2	203	206	206	206	1	108	52.43	95	46.12
255	data/reference/motifs/JASPAR2026_CORE_plants_non-redundant_pfms_meme.txt	MA1168.2	MYR2	RGAATMTT	6.02e-2	1.00e0	9.27e2	403	206	206	206	8	29	14.08	18	8.74
256	data/reference/motifs/JASPAR2026_CORE_plants_non-redundant_pfms_meme.txt	MA1424.2	ERF019	CCACCGACA	1.26e-1	1.00e0	9.27e2	194	206	206	206	3	13	6.31	7	3.40
257	data/reference/motifs/JASPAR2026_CORE_plants_non-redundant_pfms_meme.txt	MA2749.1	TraesCS2D02G576500	GAAGCAAC	6.02e-2	1.00e0	9.27e2	411	206	206	206	5	188	91.26	177	85.92
258	data/reference/motifs/JASPAR2026_CORE_plants_non-redundant_pfms_meme.txt	MA2009.2	NAC010	TAACTTGTDNHACAAGTTACC	2.25e-1	1.00e0	9.27e2	98	206	206	206	4	5	2.43	2	0.97
259	data/reference/motifs/JASPAR2026_CORE_plants_non-redundant_pfms_meme.txt	MA2625.1	mybr17	CATTATC	6.09e-2	1.00e0	9.27e2	412	206	206	206	48	6	2.91	1	0.49
260	data/reference/motifs/JASPAR2026_CORE_plants_non-redundant_pfms_meme.txt	MA0955.2	POPTR_0002s00440g	GTACGG	6.09e-2	1.00e0	9.27e2	412	206	206	206	11	205	99.51	200	97.09
261	data/reference/motifs/JASPAR2026_CORE_plants_non-redundant_pfms_meme.txt	MA1779.2	MYB83	CACCAACM	6.09e-2	1.00e0	9.27e2	412	206	206	206	5	205	99.51	200	97.09
262	data/reference/motifs/JASPAR2026_CORE_plants_non-redundant_pfms_meme.txt	MA1022.2	PHYPADRAFT_38837	AAAG	6.09e-2	1.00e0	9.27e2	412	206	206	206	126	205	99.51	200	97.09
263	data/reference/motifs/JASPAR2026_CORE_plants_non-redundant_pfms_meme.txt	MA0981.2	DOF1.8	AAAG	6.09e-2	1.00e0	9.27e2	412	206	206	206	126	205	99.51	200	97.09
264	data/reference/motifs/JASPAR2026_CORE_plants_non-redundant_pfms_meme.txt	MA2394.1	PpDof6	CTTT	6.09e-2	1.00e0	9.27e2	412	206	206	206	126	205	99.51	200	97.09
265	data/reference/motifs/JASPAR2026_CORE_plants_non-redundant_pfms_meme.txt	MA1175.2	MYB81	TAACHGWWT	6.10e-2	1.00e0	9.27e2	412	206	206	206	17	64	31.07	49	23.79
266	data/reference/motifs/JASPAR2026_CORE_plants_non-redundant_pfms_meme.txt	MA1041.1	MYB55	ACCTACCG	6.16e-2	1.00e0	9.27e2	408	206	206	206	1	206	100.00	202	98.06
267	data/reference/motifs/JASPAR2026_CORE_plants_non-redundant_pfms_meme.txt	MA1159.2	SGR5	AAAWAAGACAAAA	6.16e-2	1.00e0	9.27e2	408	206	206	206	1	206	100.00	202	98.06
268	data/reference/motifs/JASPAR2026_CORE_plants_non-redundant_pfms_meme.txt	MA1007.1	PHYPADRAFT_173530	TGTCGGTG	1.45e-1	1.00e0	9.27e2	173	206	206	206	2	29	14.08	21	10.19
269	data/reference/motifs/JASPAR2026_CORE_plants_non-redundant_pfms_meme.txt	MA1381.2	AT3G46070	TCACTCT	6.16e-2	1.00e0	9.27e2	410	206	206	206	3	206	100.00	202	98.06
270	data/reference/motifs/JASPAR2026_CORE_plants_non-redundant_pfms_meme.txt	MA2015.2	NAC002	ACGCAACT	6.16e-2	1.00e0	9.27e2	410	206	206	206	2	206	100.00	202	98.06
271	data/reference/motifs/JASPAR2026_CORE_plants_non-redundant_pfms_meme.txt	MA2746.1	HB-HD-ZIP-2A-2	WTGCAATCATT	6.16e-2	1.00e0	9.27e2	412	206	206	206	18	4	1.94	0	0.00
272	data/reference/motifs/JASPAR2026_CORE_plants_non-redundant_pfms_meme.txt	MA2482.1	PK27693.1	TTATC	6.16e-2	1.00e0	9.27e2	412	206	206	206	130	4	1.94	0	0.00
273	data/reference/motifs/JASPAR2026_CORE_plants_non-redundant_pfms_meme.txt	MA2062.1	PK07031.1	CTTT	6.16e-2	1.00e0	9.27e2	412	206	206	206	247	206	100.00	202	98.06
274	data/reference/motifs/JASPAR2026_CORE_plants_non-redundant_pfms_meme.txt	MA0129.1	TGA1A	HACGTCA	6.16e-2	1.00e0	9.27e2	412	206	206	206	30	4	1.94	0	0.00
275	data/reference/motifs/JASPAR2026_CORE_plants_non-redundant_pfms_meme.txt	MA1261.2	ERF122	TRCGGCKGHG	6.92e-2	1.00e0	9.27e2	367	206	206	206	2	148	71.84	133	64.56
276	data/reference/motifs/JASPAR2026_CORE_plants_non-redundant_pfms_meme.txt	MA1063.2	TCP19	GGSCCCAC	6.23e-2	1.00e0	9.27e2	408	206	206	206	4	192	93.20	182	88.35
277	data/reference/motifs/JASPAR2026_CORE_plants_non-redundant_pfms_meme.txt	MA2473.1	HB88	TTGATTG	6.20e-2	1.00e0	9.27e2	412	206	206	206	32	156	75.73	141	68.45
278	data/reference/motifs/JASPAR2026_CORE_plants_non-redundant_pfms_meme.txt	MA2721.1	Sl-ERF_C_6	YCGCCGCCGCCRCCRCCGCC	2.49e-1	1.00e0	9.27e2	89	206	206	206	20	2	0.97	0	0.00
279	data/reference/motifs/JASPAR2026_CORE_plants_non-redundant_pfms_meme.txt	MA2439.1	SPL2A	GCGGTASTACCGC	3.40e-1	1.00e0	9.27e2	62	206	206	206	1	33	16.02	29	14.08
280	data/reference/motifs/JASPAR2026_CORE_plants_non-redundant_pfms_meme.txt	MA2715.1	Solyc03g124110	RTCTATGTCGGYWAA	1.90e-1	1.00e0	9.27e2	137	206	206	206	3	8	3.88	4	1.94
281	data/reference/motifs/JASPAR2026_CORE_plants_non-redundant_pfms_meme.txt	MA1043.2	NAC083	YACGYAA	1.18e-1	1.00e0	9.27e2	223	206	206	206	1	118	57.28	105	50.97
282	data/reference/motifs/JASPAR2026_CORE_plants_non-redundant_pfms_meme.txt	MA1166.2	PHL12	AARRGAATATTC	8.88e-2	1.00e0	9.27e2	296	206	206	206	4	24	11.65	15	7.28
283	data/reference/motifs/JASPAR2026_CORE_plants_non-redundant_pfms_meme.txt	MA2365.1	VIT_17s0000g10420	GTTAACYV	6.76e-2	1.00e0	9.27e2	391	206	206	206	9	12	5.83	5	2.43
284	data/reference/motifs/JASPAR2026_CORE_plants_non-redundant_pfms_meme.txt	MA1789.1	NAC071	CTTSWHYYTCAMGYA	8.60e-2	1.00e0	9.27e2	308	206	206	206	7	10	4.85	4	1.94
285	data/reference/motifs/JASPAR2026_CORE_plants_non-redundant_pfms_meme.txt	MA1157.2	NUC	TTTTGTCGTTTT	7.89e-2	1.00e0	9.27e2	338	206	206	206	1	175	84.95	163	79.13
286	data/reference/motifs/JASPAR2026_CORE_plants_non-redundant_pfms_meme.txt	MA1821.2	Zm00001d020595	GGCGGCGGCG	6.88e-1	1.00e0	9.27e2	23	206	206	206	2	2	0.97	2	0.97
287	data/reference/motifs/JASPAR2026_CORE_plants_non-redundant_pfms_meme.txt	MA1264.2	ERF095	RYGGCGGCGGHGG	2.01e-1	1.00e0	9.27e2	135	206	206	206	1	72	34.95	63	30.58
288	data/reference/motifs/JASPAR2026_CORE_plants_non-redundant_pfms_meme.txt	MA2477.1	NGA4	TTCAGGTR	6.63e-2	1.00e0	9.27e2	410	206	206	206	9	92	44.66	76	36.89
289	data/reference/motifs/JASPAR2026_CORE_plants_non-redundant_pfms_meme.txt	MA1358.2	bHLH130	CMACTTGC	8.32e-2	1.00e0	9.27e2	327	206	206	206	4	29	14.08	19	9.22
290	data/reference/motifs/JASPAR2026_CORE_plants_non-redundant_pfms_meme.txt	MA2344.1	REV	AATMATCATTATTA	6.76e-2	1.00e0	9.27e2	408	206	206	206	3	201	97.57	194	94.17
291	data/reference/motifs/JASPAR2026_CORE_plants_non-redundant_pfms_meme.txt	MA0578.1	SPL8	WWDWHYGTACHHTWWW	7.92e-2	1.00e0	9.27e2	350	206	206	206	2	153	74.27	139	67.48
292	data/reference/motifs/JASPAR2026_CORE_plants_non-redundant_pfms_meme.txt	MA1795.2	RAP2-4	CRCCGACC	6.75e-2	1.00e0	9.27e2	411	206	206	206	18	96	46.60	80	38.83
293	data/reference/motifs/JASPAR2026_CORE_plants_non-redundant_pfms_meme.txt	MA1206.2	ARF2	SMGACA	6.76e-2	1.00e0	9.27e2	412	206	206	206	7	201	97.57	194	94.17
294	data/reference/motifs/JASPAR2026_CORE_plants_non-redundant_pfms_meme.txt	MA2636.1	FUL::AG	WCTTTCCATTTTTRGAAA	9.49e-2	1.00e0	9.27e2	295	206	206	206	1	154	74.76	141	68.45
295	data/reference/motifs/JASPAR2026_CORE_plants_non-redundant_pfms_meme.txt	MA0946.1	ARR11	AAGATACG	6.83e-2	1.00e0	9.27e2	410	206	206	206	9	47	22.82	34	16.50
296	data/reference/motifs/JASPAR2026_CORE_plants_non-redundant_pfms_meme.txt	MA1356.1	TRP2	AACCCTAAACCCTAAACCCTA	7.54e-1	1.00e0	9.27e2	20	206	206	206	1	9	4.37	11	5.34
297	data/reference/motifs/JASPAR2026_CORE_plants_non-redundant_pfms_meme.txt	MA1677.2	NAC078	CAAGAAA	6.84e-2	1.00e0	9.27e2	412	206	206	206	16	72	34.95	57	27.67
298	data/reference/motifs/JASPAR2026_CORE_plants_non-redundant_pfms_meme.txt	MA1228.2	ERF091	RYGGCGGCGGHGG	2.49e-1	1.00e0	9.27e2	113	206	206	206	6	2	0.97	0	0.00
299	data/reference/motifs/JASPAR2026_CORE_plants_non-redundant_pfms_meme.txt	MA1675.2	NAC029	ACGCAACT	7.00e-2	1.00e0	9.27e2	406	206	206	206	13	9	4.37	3	1.46
300	data/reference/motifs/JASPAR2026_CORE_plants_non-redundant_pfms_meme.txt	MA1764.2	MYB116	TGCCTAACTT	9.62e-2	1.00e0	9.27e2	296	206	206	206	2	91	44.17	77	37.38
301	data/reference/motifs/JASPAR2026_CORE_plants_non-redundant_pfms_meme.txt	MA1232.2	ERF054	GDCGGYGG	8.31e-2	1.00e0	9.27e2	346	206	206	206	4	71	34.47	57	27.67
302	data/reference/motifs/JASPAR2026_CORE_plants_non-redundant_pfms_meme.txt	MA1173.2	MYB101	TAACCGAAW	7.00e-2	1.00e0	9.27e2	412	206	206	206	29	9	4.37	3	1.46
303	data/reference/motifs/JASPAR2026_CORE_plants_non-redundant_pfms_meme.txt	MA1077.2	WRKY18	RGTCAA	7.00e-2	1.00e0	9.27e2	412	206	206	206	20	9	4.37	3	1.46
304	data/reference/motifs/JASPAR2026_CORE_plants_non-redundant_pfms_meme.txt	MA2672.1	GLYMA-01G233000	AGAASCTTCT	7.28e-2	1.00e0	9.27e2	402	206	206	206	2	194	94.17	185	89.81
305	data/reference/motifs/JASPAR2026_CORE_plants_non-redundant_pfms_meme.txt	MA2624.1	myb37	TAACCGAA	7.13e-2	1.00e0	9.27e2	412	206	206	206	12	160	77.67	146	70.87
306	data/reference/motifs/JASPAR2026_CORE_plants_non-redundant_pfms_meme.txt	MA2345.1	OS02G0104500	GTAAAW	7.19e-2	1.00e0	9.27e2	412	206	206	206	107	49	23.79	36	17.48
307	data/reference/motifs/JASPAR2026_CORE_plants_non-redundant_pfms_meme.txt	MA1055.3	SPL1	TGTACGGA	7.49e-2	1.00e0	9.27e2	399	206	206	206	3	157	76.21	143	69.42
308	data/reference/motifs/JASPAR2026_CORE_plants_non-redundant_pfms_meme.txt	MA0568.2	MYC3	CACGTG	7.36e-2	1.00e0	9.27e2	409	206	206	206	10	169	82.04	156	75.73
309	data/reference/motifs/JASPAR2026_CORE_plants_non-redundant_pfms_meme.txt	MA1014.1	GATA11	TAGATCTG	1.24e-1	1.00e0	9.27e2	246	206	206	206	8	3	1.46	0	0.00
310	data/reference/motifs/JASPAR2026_CORE_plants_non-redundant_pfms_meme.txt	MA2663.1	GLYMA-02G261700	TCACCGACATA	8.81e-2	1.00e0	9.27e2	347	206	206	206	1	179	86.89	168	81.55
311	data/reference/motifs/JASPAR2026_CORE_plants_non-redundant_pfms_meme.txt	MA1389.2	PHL1	AARGAATATTCB	9.13e-2	1.00e0	9.27e2	337	206	206	206	3	62	30.10	49	23.79
312	data/reference/motifs/JASPAR2026_CORE_plants_non-redundant_pfms_meme.txt	MA2756.1	dfo23	TACCTTTTTCT	7.55e-2	1.00e0	9.27e2	412	206	206	206	15	139	67.48	124	60.19
313	data/reference/motifs/JASPAR2026_CORE_plants_non-redundant_pfms_meme.txt	MA1350.1	BZIP42	TGCTGACGTGGC	5.00e-1	1.00e0	9.27e2	45	206	206	206	1	23	11.17	22	10.68
314	data/reference/motifs/JASPAR2026_CORE_plants_non-redundant_pfms_meme.txt	MA0950.1	ATHB-12	AATGATTG	7.60e-2	1.00e0	9.27e2	412	206	206	206	49	64	31.07	50	24.27
315	data/reference/motifs/JASPAR2026_CORE_plants_non-redundant_pfms_meme.txt	MA1794.2	NLP7	TGVCYYTT	7.66e-2	1.00e0	9.27e2	412	206	206	206	10	183	88.83	172	83.50
316	data/reference/motifs/JASPAR2026_CORE_plants_non-redundant_pfms_meme.txt	MA1024.2	HAT1	YAATCATK	7.66e-2	1.00e0	9.27e2	412	206	206	206	5	176	85.44	164	79.61
317	data/reference/motifs/JASPAR2026_CORE_plants_non-redundant_pfms_meme.txt	MA2398.1	AS2	CGGCGGMRRHDRCGGCGG	2.49e-1	1.00e0	9.27e2	127	206	206	206	12	2	0.97	0	0.00
318	data/reference/motifs/JASPAR2026_CORE_plants_non-redundant_pfms_meme.txt	MA1404.1	BPC1	GAGAGAGAGAGAGAGAGAGAGAGA	3.11e-1	1.00e0	9.27e2	85	206	206	206	13	10	4.85	7	3.40
319	data/reference/motifs/JASPAR2026_CORE_plants_non-redundant_pfms_meme.txt	MA2392.1	GRMZM2G135447	TGACRKS	7.69e-2	1.00e0	9.27e2	412	206	206	206	17	52	25.24	39	18.93
320	data/reference/motifs/JASPAR2026_CORE_plants_non-redundant_pfms_meme.txt	MA2419.1	UB3	GAAGTACAAC	7.71e-2	1.00e0	9.27e2	412	206	206	206	8	155	75.24	141	68.45
321	data/reference/motifs/JASPAR2026_CORE_plants_non-redundant_pfms_meme.txt	MA1706.2	AT1G14600	WAYATTCT	7.72e-2	1.00e0	9.27e2	412	206	206	206	60	136	66.02	121	58.74
322	data/reference/motifs/JASPAR2026_CORE_plants_non-redundant_pfms_meme.txt	MA2742.1	SlWRKY11	GTTGACTTTT	9.85e-2	1.00e0	9.27e2	325	206	206	206	5	15	7.28	8	3.88
323	data/reference/motifs/JASPAR2026_CORE_plants_non-redundant_pfms_meme.txt	MA1403.1	BPC5	AGAGAGAGAGAGAGAGAGAGAGAGAGAGAG	6.57e-1	1.00e0	9.27e2	30	206	206	206	7	3	1.46	3	1.46
324	data/reference/motifs/JASPAR2026_CORE_plants_non-redundant_pfms_meme.txt	MA2656.1	GLYMA-14G006800	TGGTCAACCA	7.83e-2	1.00e0	9.27e2	411	206	206	206	3	193	93.69	184	89.32
325	data/reference/motifs/JASPAR2026_CORE_plants_non-redundant_pfms_meme.txt	MA1734.1	AT1G19040	CTTGNDCYBCAAGTWW	2.46e-1	1.00e0	9.27e2	132	206	206	206	3	12	5.83	8	3.88
326	data/reference/motifs/JASPAR2026_CORE_plants_non-redundant_pfms_meme.txt	MA1392.3	MYB98	WMCGTTAC	8.48e-2	1.00e0	9.27e2	384	206	206	206	1	196	95.15	188	91.26
327	data/reference/motifs/JASPAR2026_CORE_plants_non-redundant_pfms_meme.txt	MA1059.3	SPL5	TGTACGGAH	4.43e-1	1.00e0	9.27e2	56	206	206	206	1	29	14.08	27	13.11
328	data/reference/motifs/JASPAR2026_CORE_plants_non-redundant_pfms_meme.txt	MA1231.3	ERF15	MGCCGCCD	1.07e-1	1.00e0	9.27e2	306	206	206	206	1	159	77.18	147	71.36
329	data/reference/motifs/JASPAR2026_CORE_plants_non-redundant_pfms_meme.txt	MA1752.2	ERF025	YGCCGACA	1.31e-1	1.00e0	9.27e2	254	206	206	206	2	82	39.81	70	33.98
330	data/reference/motifs/JASPAR2026_CORE_plants_non-redundant_pfms_meme.txt	MA1320.2	SPL15	TGTACGGA	2.10e-1	1.00e0	9.27e2	161	206	206	206	1	85	41.26	76	36.89
331	data/reference/motifs/JASPAR2026_CORE_plants_non-redundant_pfms_meme.txt	MA1326.2	ZHD5	GTRATTAR	8.16e-2	1.00e0	9.27e2	412	206	206	206	18	55	26.70	42	20.39
332	data/reference/motifs/JASPAR2026_CORE_plants_non-redundant_pfms_meme.txt	MA2666.1	GLYMA-12G117000	GGMGGCGGYGGCGGMGG	2.49e-1	1.00e0	9.27e2	137	206	206	206	26	2	0.97	0	0.00
333	data/reference/motifs/JASPAR2026_CORE_plants_non-redundant_pfms_meme.txt	MA1666.3	HSFB2B	RGAAGSTTCTA	9.11e-2	1.00e0	9.27e2	375	206	206	206	2	169	82.04	157	76.21
334	data/reference/motifs/JASPAR2026_CORE_plants_non-redundant_pfms_meme.txt	MA1749.1	E2FC	AWDWWGGCGCCAAAA	5.00e-1	1.00e0	9.27e2	49	206	206	206	1	25	12.14	24	11.65
335	data/reference/motifs/JASPAR2026_CORE_plants_non-redundant_pfms_meme.txt	MA0934.1	AHL25	AWTTAAWT	8.23e-2	1.00e0	9.27e2	412	206	206	206	150	98	47.57	83	40.29
336	data/reference/motifs/JASPAR2026_CORE_plants_non-redundant_pfms_meme.txt	MA2665.1	GLYMA-11G053600	CACCGACAC	8.81e-2	1.00e0	9.27e2	390	206	206	206	2	179	86.89	168	81.55
337	data/reference/motifs/JASPAR2026_CORE_plants_non-redundant_pfms_meme.txt	MA2613.1	ereb34	GCCGCCGCCGCCCS	2.35e-1	1.00e0	9.27e2	146	206	206	206	1	77	37.38	69	33.50
338	data/reference/motifs/JASPAR2026_CORE_plants_non-redundant_pfms_meme.txt	MA1169.1	MYB105	WTHDWWACCGTTA	1.07e-1	1.00e0	9.27e2	325	206	206	206	4	36	17.48	26	12.62
339	data/reference/motifs/JASPAR2026_CORE_plants_non-redundant_pfms_meme.txt	MA0988.2	PHYPADRAFT_143875	CACGTG	8.60e-2	1.00e0	9.27e2	408	206	206	206	30	10	4.85	4	1.94
340	data/reference/motifs/JASPAR2026_CORE_plants_non-redundant_pfms_meme.txt	MA1299.2	WRKY17	AAAGTCAACG	9.85e-2	1.00e0	9.27e2	357	206	206	206	5	20	9.71	12	5.83
341	data/reference/motifs/JASPAR2026_CORE_plants_non-redundant_pfms_meme.txt	MA1678.3	NTL8	GAAGAAAC	8.53e-2	1.00e0	9.27e2	412	206	206	206	11	180	87.38	169	82.04
342	data/reference/motifs/JASPAR2026_CORE_plants_non-redundant_pfms_meme.txt	MA1803.2	VIP1	TGMCAGCTGT	1.27e-1	1.00e0	9.27e2	270	206	206	206	1	141	68.45	129	62.62
343	data/reference/motifs/JASPAR2026_CORE_plants_non-redundant_pfms_meme.txt	MA2011.2	ERF010	CACCGACA	9.33e-2	1.00e0	9.27e2	379	206	206	206	3	135	65.53	121	58.74
344	data/reference/motifs/JASPAR2026_CORE_plants_non-redundant_pfms_meme.txt	MA1238.3	ERF038	CACCGACA	1.00e-1	1.00e0	9.27e2	354	206	206	206	3	108	52.43	94	45.63
345	data/reference/motifs/JASPAR2026_CORE_plants_non-redundant_pfms_meme.txt	MA2376.1	CAMTA5	CGYGTNDDAWVCGYGT	1.05e-1	1.00e0	9.27e2	333	206	206	206	1	172	83.50	161	78.16
346	data/reference/motifs/JASPAR2026_CORE_plants_non-redundant_pfms_meme.txt	MA2055.1	PK00315.1	GACAGCTR	8.60e-2	1.00e0	9.27e2	411	206	206	206	7	161	78.16	148	71.84
347	data/reference/motifs/JASPAR2026_CORE_plants_non-redundant_pfms_meme.txt	MA1221.1	RAP2-6	TKGCGGCGGMGGHGG	2.49e-1	1.00e0	9.27e2	138	206	206	206	11	2	0.97	0	0.00
348	data/reference/motifs/JASPAR2026_CORE_plants_non-redundant_pfms_meme.txt	MA1096.1	ARALYDRAFT_496250	GGGACCAC	2.63e-1	1.00e0	9.27e2	131	206	206	206	1	69	33.50	62	30.10
349	data/reference/motifs/JASPAR2026_CORE_plants_non-redundant_pfms_meme.txt	MA0959.1	AIB	GCACGTGC	1.26e-1	1.00e0	9.27e2	274	206	206	206	6	43	20.87	33	16.02
350	data/reference/motifs/JASPAR2026_CORE_plants_non-redundant_pfms_meme.txt	MA1808.3	GLYMA-06G314400	GACACGTGGC	1.42e-1	1.00e0	9.27e2	387	206	206	206	14	6	2.91	2	0.97
351	data/reference/motifs/JASPAR2026_CORE_plants_non-redundant_pfms_meme.txt	MA1811.3	GLYMA-13G317000	GGACACSTGTCA	2.25e-1	1.00e0	9.27e2	335	206	206	206	10	5	2.43	2	0.97
352	data/reference/motifs/JASPAR2026_CORE_plants_non-redundant_pfms_meme.txt	MA2671.1	GLYMA-19G100900	AGCATGCT	2.97e-1	1.00e0	9.27e2	384	206	206	206	10	66	32.04	60	29.13
353	data/reference/motifs/JASPAR2026_CORE_plants_non-redundant_pfms_meme.txt	MA2668.1	GLYMA-20G155100	RCCGACAT	2.64e-1	1.00e0	9.27e2	358	206	206	206	6	25	12.14	20	9.71
354	data/reference/motifs/JASPAR2026_CORE_plants_non-redundant_pfms_meme.txt	MA2662.1	GLYMA-13G153200	GCCACGTCA	3.66e-1	1.00e0	9.27e2	405	206	206	206	7	53	25.73	49	23.79
355	data/reference/motifs/JASPAR2026_CORE_plants_non-redundant_pfms_meme.txt	MA2661.1	GLYMA-03G081700	CTACGTGGCA	2.91e-1	1.00e0	9.27e2	405	206	206	206	4	152	73.79	146	70.87
356	data/reference/motifs/JASPAR2026_CORE_plants_non-redundant_pfms_meme.txt	MA2660.1	GLYMA-12G168700	WWWTGTAATTACAWWW	2.23e-1	1.00e0	9.27e2	402	206	206	206	24	10	4.85	6	2.91
357	data/reference/motifs/JASPAR2026_CORE_plants_non-redundant_pfms_meme.txt	MA2658.1	GLYMA-19G094100	ATTGACTTW	4.59e-1	1.00e0	9.27e2	412	206	206	206	11	75	36.41	73	35.44
358	data/reference/motifs/JASPAR2026_CORE_plants_non-redundant_pfms_meme.txt	MA2657.1	GLYMA-14G028900	AAAAGTCAAA	5.00e-1	1.00e0	9.27e2	410	206	206	206	10	36	17.48	35	16.99
359	data/reference/motifs/JASPAR2026_CORE_plants_non-redundant_pfms_meme.txt	MA2655.1	GLYMA-08G218600	AAAAGTCAA	1.19e-1	1.00e0	9.27e2	412	206	206	206	16	52	25.24	41	19.90
360	data/reference/motifs/JASPAR2026_CORE_plants_non-redundant_pfms_meme.txt	MA2654.1	GLYMA-05G127600	GGTCAAC	2.49e-1	1.00e0	9.27e2	412	206	206	206	29	2	0.97	0	0.00
361	data/reference/motifs/JASPAR2026_CORE_plants_non-redundant_pfms_meme.txt	MA2653.1	GLYMA-03G042700	GTTTGACTTT	1.27e-1	1.00e0	9.27e2	412	206	206	206	12	33	16.02	24	11.65
362	data/reference/motifs/JASPAR2026_CORE_plants_non-redundant_pfms_meme.txt	MA2652.1	GLYMA-01G053800	AGTTGAC	5.00e-1	1.00e0	9.27e2	412	206	206	206	2	205	99.51	204	99.03
363	data/reference/motifs/JASPAR2026_CORE_plants_non-redundant_pfms_meme.txt	MA2651.1	GLYMA-20G154400	GGGCCCCAC	2.08e-1	1.00e0	9.27e2	347	206	206	206	7	24	11.65	18	8.74
364	data/reference/motifs/JASPAR2026_CORE_plants_non-redundant_pfms_meme.txt	MA2649.1	GLYMA-08G271900	TGCACATG	3.46e-1	1.00e0	9.27e2	412	206	206	206	12	113	54.85	108	52.43
365	data/reference/motifs/JASPAR2026_CORE_plants_non-redundant_pfms_meme.txt	MA2646.1	GLYMA-11G083900	GTACGGA	1.60e-1	1.00e0	9.27e2	331	206	206	206	2	123	59.71	112	54.37
366	data/reference/motifs/JASPAR2026_CORE_plants_non-redundant_pfms_meme.txt	MA2645.1	GLYMA-16G042900	GGTTGCKTSTTCHASAAGYWA	3.40e-1	1.00e0	9.27e2	96	206	206	206	2	14	6.80	11	5.34
367	data/reference/motifs/JASPAR2026_CORE_plants_non-redundant_pfms_meme.txt	MA2644.1	GLYMA-14G030700	AACGACGGCA	2.15e-1	1.00e0	9.27e2	347	206	206	206	3	100	48.54	91	44.17
368	data/reference/motifs/JASPAR2026_CORE_plants_non-redundant_pfms_meme.txt	MA2643.1	SNAC23	YACGGAACT	2.07e-1	1.00e0	9.27e2	408	206	206	206	5	135	65.53	126	61.17
369	data/reference/motifs/JASPAR2026_CORE_plants_non-redundant_pfms_meme.txt	MA2642.1	GLYMA-10G230700	AAGATATTTWTW	1.76e-1	1.00e0	9.27e2	406	206	206	206	10	38	18.45	30	14.56
370	data/reference/motifs/JASPAR2026_CORE_plants_non-redundant_pfms_meme.txt	MA2641.1	GLYMA-01G038600	CCTTATCCA	1.85e-1	1.00e0	9.27e2	411	206	206	206	4	198	96.12	193	93.69
371	data/reference/motifs/JASPAR2026_CORE_plants_non-redundant_pfms_meme.txt	MA2745.1	SlWRKY81	AAGTCAAC	1.30e-1	1.00e0	9.27e2	412	206	206	206	17	9	4.37	4	1.94
372	data/reference/motifs/JASPAR2026_CORE_plants_non-redundant_pfms_meme.txt	MA2744.1	SlWRKY40	AAAGTCAA	1.01e-1	1.00e0	9.27e2	412	206	206	206	21	11	5.34	5	2.43
373	data/reference/motifs/JASPAR2026_CORE_plants_non-redundant_pfms_meme.txt	MA2743.1	SlWRKY23	AAAGTCAAM	3.62e-1	1.00e0	9.27e2	411	206	206	206	15	5	2.43	3	1.46
374	data/reference/motifs/JASPAR2026_CORE_plants_non-redundant_pfms_meme.txt	MA2741.1	SlWRKY7	AAAAAGTCAACC	1.08e-1	1.00e0	9.27e2	385	206	206	206	9	5	2.43	1	0.49
375	data/reference/motifs/JASPAR2026_CORE_plants_non-redundant_pfms_meme.txt	MA2740.1	SlTCP15	GTGGGACCCA	1.84e-1	1.00e0	9.27e2	347	206	206	206	4	91	44.17	81	39.32
376	data/reference/motifs/JASPAR2026_CORE_plants_non-redundant_pfms_meme.txt	MA2739.1	SlTCP12	GTGGGACCCAC	1.90e-1	1.00e0	9.27e2	256	206	206	206	8	8	3.88	4	1.94
377	data/reference/motifs/JASPAR2026_CORE_plants_non-redundant_pfms_meme.txt	MA2737.1	SlERF36	CMGCCGCCAC	2.33e-1	1.00e0	9.27e2	358	206	206	206	1	182	88.35	176	85.44
378	data/reference/motifs/JASPAR2026_CORE_plants_non-redundant_pfms_meme.txt	MA2736.1	la3	AACACGTG	2.87e-1	1.00e0	9.27e2	399	206	206	206	1	201	97.57	198	96.12
379	data/reference/motifs/JASPAR2026_CORE_plants_non-redundant_pfms_meme.txt	MA2735.1	SlbHLH014	GMCACGTGBC	5.00e-1	1.00e0	9.27e2	289	206	206	206	12	2	0.97	1	0.49
380	data/reference/motifs/JASPAR2026_CORE_plants_non-redundant_pfms_meme.txt	MA2732.1	Sl-ERF_C_4	YCGCCGCCGCCR	2.49e-1	1.00e0	9.27e2	240	206	206	206	22	2	0.97	0	0.00
381	data/reference/motifs/JASPAR2026_CORE_plants_non-redundant_pfms_meme.txt	MA2731.1	sep3	WTTTCCAAAAAGGGAAAAAAW	5.00e-1	1.00e0	9.27e2	111	206	206	206	4	1	0.49	0	0.00
382	data/reference/motifs/JASPAR2026_CORE_plants_non-redundant_pfms_meme.txt	MA2730.1	Solyc01g079480	YSACGTGKCA	6.08e-1	1.00e0	9.27e2	349	206	206	206	1	174	84.47	175	84.95
383	data/reference/motifs/JASPAR2026_CORE_plants_non-redundant_pfms_meme.txt	MA2729.1	vahox1	AAATAATTG	1.99e-1	1.00e0	9.27e2	411	206	206	206	13	145	70.39	136	66.02
384	data/reference/motifs/JASPAR2026_CORE_plants_non-redundant_pfms_meme.txt	MA2727.1	SolycHsfA7	TTCYAGAA	2.49e-1	1.00e0	9.27e2	410	206	206	206	1	206	100.00	204	99.03
385	data/reference/motifs/JASPAR2026_CORE_plants_non-redundant_pfms_meme.txt	MA2726.1	SlWRKY41	GTTGACTT	1.69e-1	1.00e0	9.27e2	412	206	206	206	15	7	3.40	3	1.46
386	data/reference/motifs/JASPAR2026_CORE_plants_non-redundant_pfms_meme.txt	MA2725.1	SlWRKY6	AAAGTCAAC	3.00e-1	1.00e0	9.27e2	412	206	206	206	18	9	4.37	6	2.91
387	data/reference/motifs/JASPAR2026_CORE_plants_non-redundant_pfms_meme.txt	MA2724.1	SlTCP18	GTGGGVCCCAC	1.78e-1	1.00e0	9.27e2	264	206	206	206	1	137	66.50	127	61.65
388	data/reference/motifs/JASPAR2026_CORE_plants_non-redundant_pfms_meme.txt	MA2723.1	Solyc06g060230	ACACGTCTCT	4.61e-1	1.00e0	9.27e2	411	206	206	206	7	103	50.00	101	49.03
389	data/reference/motifs/JASPAR2026_CORE_plants_non-redundant_pfms_meme.txt	MA2720.1	nacnor	ACACGTAACT	5.77e-1	1.00e0	9.27e2	407	206	206	206	12	14	6.80	14	6.80
390	data/reference/motifs/JASPAR2026_CORE_plants_non-redundant_pfms_meme.txt	MA2719.1	lat61	CRCACGTGYG	4.59e-1	1.00e0	9.27e2	146	206	206	206	2	74	35.92	72	34.95
391	data/reference/motifs/JASPAR2026_CORE_plants_non-redundant_pfms_meme.txt	MA2717.1	eil2	AGATTCR	1.34e-1	1.00e0	9.27e2	412	206	206	206	23	87	42.23	75	36.41
392	data/reference/motifs/JASPAR2026_CORE_plants_non-redundant_pfms_meme.txt	MA2714.1	APETALA2a	ATTACCTCGTACYA	5.00e-1	1.00e0	9.27e2	160	206	206	206	4	1	0.49	0	0.00
393	data/reference/motifs/JASPAR2026_CORE_plants_non-redundant_pfms_meme.txt	MA2712.1	eil1	TCTAGATACATTGAATCT	3.82e-1	1.00e0	9.27e2	168	206	206	206	1	86	41.75	82	39.81
394	data/reference/motifs/JASPAR2026_CORE_plants_non-redundant_pfms_meme.txt	MA2710.1	SolycHsfB1	TTCTAGAA	3.08e-1	1.00e0	9.27e2	370	206	206	206	8	42	20.39	37	17.96
395	data/reference/motifs/JASPAR2026_CORE_plants_non-redundant_pfms_meme.txt	MA2752.1	TaOBF1b	TGCCACGTCATCATC	4.59e-1	1.00e0	9.27e2	255	206	206	206	2	75	36.41	73	35.44
396	data/reference/motifs/JASPAR2026_CORE_plants_non-redundant_pfms_meme.txt	MA2751.1	TraesCS2B02G304400	CCACTCGACC	2.35e-1	1.00e0	9.27e2	375	206	206	206	8	11	5.34	7	3.40
397	data/reference/motifs/JASPAR2026_CORE_plants_non-redundant_pfms_meme.txt	MA2748.1	TraesCS6B02G321100	CAATTATTG	1.11e-1	1.00e0	9.27e2	410	206	206	206	9	135	65.53	122	59.22
398	data/reference/motifs/JASPAR2026_CORE_plants_non-redundant_pfms_meme.txt	MA2747.1	TraesCS6A02G290800	CAATAATTG	3.81e-1	1.00e0	9.27e2	412	206	206	206	7	183	88.83	180	87.38
399	data/reference/motifs/JASPAR2026_CORE_plants_non-redundant_pfms_meme.txt	MA2762.1	myb53	AGTTAGGCAC	1.01e-1	1.00e0	9.27e2	399	206	206	206	2	182	88.35	172	83.50
400	data/reference/motifs/JASPAR2026_CORE_plants_non-redundant_pfms_meme.txt	MA2761.1	myb100	TRCCTAACTT	9.08e-2	1.00e0	9.27e2	410	206	206	206	5	178	86.41	167	81.07
401	data/reference/motifs/JASPAR2026_CORE_plants_non-redundant_pfms_meme.txt	MA2760.1	p2	CACCTAAC	3.75e-1	1.00e0	9.27e2	412	206	206	206	26	6	2.91	4	1.94
402	data/reference/motifs/JASPAR2026_CORE_plants_non-redundant_pfms_meme.txt	MA2758.1	ereb122	CCGACCA	1.24e-1	1.00e0	9.27e2	409	206	206	206	1	206	100.00	203	98.54
403	data/reference/motifs/JASPAR2026_CORE_plants_non-redundant_pfms_meme.txt	MA2754.1	wrky38	CGTGGACC	3.73e-1	1.00e0	9.27e2	403	206	206	206	10	63	30.58	59	28.64
404	data/reference/motifs/JASPAR2026_CORE_plants_non-redundant_pfms_meme.txt	MA2753.1	cpp8	GAATTTGAAW	1.53e-1	1.00e0	9.27e2	412	206	206	206	13	183	88.83	175	84.95
405	data/reference/motifs/JASPAR2026_CORE_plants_non-redundant_pfms_meme.txt	MA2627.1	bzip9	CACGTCA	1.83e-1	1.00e0	9.27e2	412	206	206	206	10	129	62.62	119	57.77
406	data/reference/motifs/JASPAR2026_CORE_plants_non-redundant_pfms_meme.txt	MA2626.1	bzip40	GTGACGTGGC	1.86e-1	1.00e0	9.27e2	407	206	206	206	1	205	99.51	202	98.06
407	data/reference/motifs/JASPAR2026_CORE_plants_non-redundant_pfms_meme.txt	MA2621.1	glk25	TGATTCCA	1.37e-1	1.00e0	9.27e2	412	206	206	206	10	198	96.12	192	93.20
408	data/reference/motifs/JASPAR2026_CORE_plants_non-redundant_pfms_meme.txt	MA2620.1	g2	CCTTATCC	2.49e-1	1.00e0	9.27e2	412	206	206	206	38	2	0.97	0	0.00
409	data/reference/motifs/JASPAR2026_CORE_plants_non-redundant_pfms_meme.txt	MA2619.1	ereb18	CCGCCGCCGCCCGCC	3.66e-1	1.00e0	9.27e2	151	206	206	206	2	53	25.73	49	23.79
410	data/reference/motifs/JASPAR2026_CORE_plants_non-redundant_pfms_meme.txt	MA2618.1	ereb102	CGACGGCGA	2.71e-1	1.00e0	9.27e2	329	206	206	206	2	131	63.59	124	60.19
411	data/reference/motifs/JASPAR2026_CORE_plants_non-redundant_pfms_meme.txt	MA2617.1	ereb54	GCGGCGGCGGC	3.55e-1	1.00e0	9.27e2	112	206	206	206	2	17	8.25	14	6.80
412	data/reference/motifs/JASPAR2026_CORE_plants_non-redundant_pfms_meme.txt	MA2614.1	ereb198	SCGCCGCCGCCR	3.43e-1	1.00e0	9.27e2	137	206	206	206	11	4	1.94	2	0.97
413	data/reference/motifs/JASPAR2026_CORE_plants_non-redundant_pfms_meme.txt	MA2612.1	ereb147	ACGCCGAC	3.38e-1	1.00e0	9.27e2	380	206	206	206	6	72	34.95	67	32.52
414	data/reference/motifs/JASPAR2026_CORE_plants_non-redundant_pfms_meme.txt	MA2609.1	ereb172	CAGCCGCA	1.52e-1	1.00e0	9.27e2	397	206	206	206	3	160	77.67	150	72.82
415	data/reference/motifs/JASPAR2026_CORE_plants_non-redundant_pfms_meme.txt	MA2607.1	tcptf23	GGGACCAC	2.08e-1	1.00e0	9.27e2	398	206	206	206	1	201	97.57	197	95.63
416	data/reference/motifs/JASPAR2026_CORE_plants_non-redundant_pfms_meme.txt	MA2606.1	mybr43	CCTTATCC	2.21e-1	1.00e0	9.27e2	412	206	206	206	5	194	94.17	189	91.75
417	data/reference/motifs/JASPAR2026_CORE_plants_non-redundant_pfms_meme.txt	MA2605.1	mybr26	CCTTATCC	1.56e-1	1.00e0	9.27e2	412	206	206	206	6	190	92.23	183	88.83
418	data/reference/motifs/JASPAR2026_CORE_plants_non-redundant_pfms_meme.txt	MA1378.2	AIL6	TCCTCGA	3.43e-1	1.00e0	9.27e2	412	206	206	206	35	4	1.94	2	0.97
419	data/reference/motifs/JASPAR2026_CORE_plants_non-redundant_pfms_meme.txt	MA0566.2	MYC2	AACACGTGA	2.08e-1	1.00e0	9.27e2	406	206	206	206	2	201	97.57	197	95.63
420	data/reference/motifs/JASPAR2026_CORE_plants_non-redundant_pfms_meme.txt	MA1776.3	MYB67	TACCTAACA	1.76e-1	1.00e0	9.27e2	411	206	206	206	11	53	25.73	44	21.36
421	data/reference/motifs/JASPAR2026_CORE_plants_non-redundant_pfms_meme.txt	MA2639.1	FUL::SOC1	TTCCATTTTTGG	1.56e-1	1.00e0	9.27e2	412	206	206	206	11	85	41.26	74	35.92
422	data/reference/motifs/JASPAR2026_CORE_plants_non-redundant_pfms_meme.txt	MA2638.1	FUL::SEP3	TTWCTATTTATAGTAA	1.86e-1	1.00e0	9.27e2	321	206	206	206	7	4	1.94	1	0.49
423	data/reference/motifs/JASPAR2026_CORE_plants_non-redundant_pfms_meme.txt	MA2635.1	FUL	TTWCCAWAAATAGAAA	5.00e-1	1.00e0	9.27e2	384	206	206	206	9	3	1.46	2	0.97
424	data/reference/motifs/JASPAR2026_CORE_plants_non-redundant_pfms_meme.txt	MA2634.1	EIN3	AGATTCATTGAATCT	5.00e-1	1.00e0	9.27e2	308	206	206	206	9	4	1.94	3	1.46
425	data/reference/motifs/JASPAR2026_CORE_plants_non-redundant_pfms_meme.txt	MA2505.1	bZIP59	TGACAGCTGTCA	1.86e-1	1.00e0	9.27e2	333	206	206	206	18	4	1.94	1	0.49
426	data/reference/motifs/JASPAR2026_CORE_plants_non-redundant_pfms_meme.txt	MA1355.2	TRB2	WARCCCTAAWT	8.53e-1	1.00e0	9.27e2	268	206	206	206	2	63	30.58	72	34.95
427	data/reference/motifs/JASPAR2026_CORE_plants_non-redundant_pfms_meme.txt	MA1353.2	AT1G72740	RWTTAGGGTTT	7.54e-1	1.00e0	9.27e2	327	206	206	206	5	9	4.37	11	5.34
428	data/reference/motifs/JASPAR2026_CORE_plants_non-redundant_pfms_meme.txt	MA2479.1	TCX5	ATTCAAAT	1.42e-1	1.00e0	9.27e2	412	206	206	206	5	204	99.03	200	97.09
429	data/reference/motifs/JASPAR2026_CORE_plants_non-redundant_pfms_meme.txt	MA1060.2	SPL7	CGTACG	1.03e-1	1.00e0	9.27e2	412	206	206	206	12	146	70.87	133	64.56
430	data/reference/motifs/JASPAR2026_CORE_plants_non-redundant_pfms_meme.txt	MA1742.2	BIZP18	TGMCAGCTGK	5.83e-1	1.00e0	9.27e2	316	206	206	206	5	12	5.83	12	5.83
431	data/reference/motifs/JASPAR2026_CORE_plants_non-redundant_pfms_meme.txt	MA1672.2	GBF2	SACGTGGCA	5.62e-1	1.00e0	9.27e2	409	206	206	206	14	23	11.17	23	11.17
432	data/reference/motifs/JASPAR2026_CORE_plants_non-redundant_pfms_meme.txt	MA2476.1	KNAT7	TGACRKCT	2.03e-1	1.00e0	9.27e2	371	206	206	206	4	75	36.41	66	32.04
433	data/reference/motifs/JASPAR2026_CORE_plants_non-redundant_pfms_meme.txt	MA2474.1	HMGB10	TWATAA	1.46e-1	1.00e0	9.27e2	410	206	206	206	11	145	70.39	134	65.05
434	data/reference/motifs/JASPAR2026_CORE_plants_non-redundant_pfms_meme.txt	MA2471.1	SPCH	CACGTG	3.93e-1	1.00e0	9.27e2	398	206	206	206	2	200	97.09	198	96.12
435	data/reference/motifs/JASPAR2026_CORE_plants_non-redundant_pfms_meme.txt	MA2459.1	EDF3	RCAACAKA	1.11e-1	1.00e0	9.27e2	376	206	206	206	1	192	93.20	184	89.32
436	data/reference/motifs/JASPAR2026_CORE_plants_non-redundant_pfms_meme.txt	MA1205.1	AGL6	TTWCCAAAAAWGGAAAAWW	2.01e-1	1.00e0	9.27e2	270	206	206	206	2	73	35.44	64	31.07
437	data/reference/motifs/JASPAR2026_CORE_plants_non-redundant_pfms_meme.txt	MA1204.1	AGL13	TTWCCAAAAAWRGWAAAW	2.99e-1	1.00e0	9.27e2	210	206	206	206	2	37	17.96	32	15.53
438	data/reference/motifs/JASPAR2026_CORE_plants_non-redundant_pfms_meme.txt	MA1203.1	AGL63	TKCCAAAAATGGMAA	4.61e-1	1.00e0	9.27e2	331	206	206	206	2	109	52.91	107	51.94
439	data/reference/motifs/JASPAR2026_CORE_plants_non-redundant_pfms_meme.txt	MA1199.1	AGL16	TTTCCWTTTTDGGWA	3.47e-1	1.00e0	9.27e2	329	206	206	206	2	111	53.88	106	51.46
440	data/reference/motifs/JASPAR2026_CORE_plants_non-redundant_pfms_meme.txt	MA1188.1	At3g11280	AWYCTTATCTTHWY	5.00e-1	1.00e0	9.27e2	411	206	206	206	1	206	100.00	205	99.51
441	data/reference/motifs/JASPAR2026_CORE_plants_non-redundant_pfms_meme.txt	MA1042.1	MYB59	RTTAGGTA	2.73e-1	1.00e0	9.27e2	412	206	206	206	15	128	62.14	121	58.74
442	data/reference/motifs/JASPAR2026_CORE_plants_non-redundant_pfms_meme.txt	MA1012.1	AGL27	CTTTCYATTTTKGG	3.63e-1	1.00e0	9.27e2	328	206	206	206	3	50	24.27	46	22.33
443	data/reference/motifs/JASPAR2026_CORE_plants_non-redundant_pfms_meme.txt	MA0972.1	CCA1	AAATATCT	1.08e-1	1.00e0	9.27e2	411	206	206	206	17	16	7.77	9	4.37
444	data/reference/motifs/JASPAR2026_CORE_plants_non-redundant_pfms_meme.txt	MA0940.1	AP1	MYAAAAAWRGAAA	2.29e-1	1.00e0	9.27e2	412	206	206	206	18	183	88.83	177	85.92
445	data/reference/motifs/JASPAR2026_CORE_plants_non-redundant_pfms_meme.txt	MA0574.1	MYB15	CRACGGTAGGTGG	5.00e-1	1.00e0	9.27e2	59	206	206	206	2	2	0.97	1	0.49
446	data/reference/motifs/JASPAR2026_CORE_plants_non-redundant_pfms_meme.txt	MA0559.1	PI	CCAAAARWRGAAAR	3.75e-1	1.00e0	9.27e2	412	206	206	206	12	67	32.52	63	30.58
447	data/reference/motifs/JASPAR2026_CORE_plants_non-redundant_pfms_meme.txt	MA0054.1	myb.Ph3	TAACBGTTW	1.73e-1	1.00e0	9.27e2	412	206	206	206	36	51	24.76	42	20.39
448	data/reference/motifs/JASPAR2026_CORE_plants_non-redundant_pfms_meme.txt	MA2481.1	PK12011.1	AACGG	1.36e-1	1.00e0	9.27e2	412	206	206	206	28	126	61.17	114	55.34
449	data/reference/motifs/JASPAR2026_CORE_plants_non-redundant_pfms_meme.txt	MA2478.1	PK13314.1	GGGCCCAC	3.80e-1	1.00e0	9.27e2	410	206	206	206	8	131	63.59	127	61.65
450	data/reference/motifs/JASPAR2026_CORE_plants_non-redundant_pfms_meme.txt	MA1021.2	PHYPADRAFT_48267	CACGTGC	3.36e-1	1.00e0	9.27e2	353	206	206	206	4	68	33.01	63	30.58
451	data/reference/motifs/JASPAR2026_CORE_plants_non-redundant_pfms_meme.txt	MA1011.2	PHYPADRAFT_72483	CACGTG	3.17e-1	1.00e0	9.27e2	412	206	206	206	52	48	23.30	43	20.87
452	data/reference/motifs/JASPAR2026_CORE_plants_non-redundant_pfms_meme.txt	MA2040.2	ENAP2	CTCCGGCGA	5.00e-1	1.00e0	9.27e2	253	206	206	206	24	1	0.49	0	0.00
453	data/reference/motifs/JASPAR2026_CORE_plants_non-redundant_pfms_meme.txt	MA2039.2	ASIL2	CTCCGGCGA	5.00e-1	1.00e0	9.27e2	261	206	206	206	25	1	0.49	0	0.00
454	data/reference/motifs/JASPAR2026_CORE_plants_non-redundant_pfms_meme.txt	MA1661.2	GTL1	GGTTAAAA	1.85e-1	1.00e0	9.27e2	412	206	206	206	27	13	6.31	8	3.88
455	data/reference/motifs/JASPAR2026_CORE_plants_non-redundant_pfms_meme.txt	MA2032.2	TRB1	AAACCCTAA	5.50e-1	1.00e0	9.27e2	412	206	206	206	5	166	80.58	166	80.58
456	data/reference/motifs/JASPAR2026_CORE_plants_non-redundant_pfms_meme.txt	MA2031.2	AT5G04760	CTTATCY	2.46e-1	1.00e0	9.27e2	412	206	206	206	7	198	96.12	194	94.17
457	data/reference/motifs/JASPAR2026_CORE_plants_non-redundant_pfms_meme.txt	MA1812.2	ASR1	AGGCCCAAT	2.17e-1	1.00e0	9.27e2	346	206	206	206	6	26	12.62	20	9.71
458	data/reference/motifs/JASPAR2026_CORE_plants_non-redundant_pfms_meme.txt	MA1802.2	TRP5	WAAACCY	1.10e-1	1.00e0	9.27e2	412	206	206	206	69	61	29.61	49	23.79
459	data/reference/motifs/JASPAR2026_CORE_plants_non-redundant_pfms_meme.txt	MA1793.2	NID1	TTATCC	3.59e-1	1.00e0	9.27e2	412	206	206	206	82	18	8.74	15	7.28
460	data/reference/motifs/JASPAR2026_CORE_plants_non-redundant_pfms_meme.txt	MA1408.2	FaEOBII	GTTAGGTA	1.10e-1	1.00e0	9.27e2	412	206	206	206	20	82	39.81	69	33.50
461	data/reference/motifs/JASPAR2026_CORE_plants_non-redundant_pfms_meme.txt	MA1401.2	RVE7	AAAATATCT	1.29e-1	1.00e0	9.27e2	300	206	206	206	2	80	38.83	68	33.01
462	data/reference/motifs/JASPAR2026_CORE_plants_non-redundant_pfms_meme.txt	MA1400.2	AT1G19000	WWWTGGATAAGRW	1.36e-1	1.00e0	9.27e2	387	206	206	206	3	125	60.68	113	54.85
463	data/reference/motifs/JASPAR2026_CORE_plants_non-redundant_pfms_meme.txt	MA1398.3	KUA1	CTTATCCA	1.04e-1	1.00e0	9.27e2	412	206	206	206	10	181	87.86	171	83.01
464	data/reference/motifs/JASPAR2026_CORE_plants_non-redundant_pfms_meme.txt	MA1397.2	AT1G74840	WWTGGATAA	9.37e-2	1.00e0	9.27e2	411	206	206	206	11	25	12.14	16	7.77
465	data/reference/motifs/JASPAR2026_CORE_plants_non-redundant_pfms_meme.txt	MA1196.2	AT5G05790	AWYCTTATCYTNWT	5.00e-1	1.00e0	9.27e2	412	206	206	206	14	10	4.85	9	4.37
466	data/reference/motifs/JASPAR2026_CORE_plants_non-redundant_pfms_meme.txt	MA1195.2	AT5G56840	AAYCTTATCCAWWW	2.49e-1	1.00e0	9.27e2	407	206	206	206	13	2	0.97	0	0.00
467	data/reference/motifs/JASPAR2026_CORE_plants_non-redundant_pfms_meme.txt	MA1194.2	AT3G10580	DWDWRGATAAGVWT	1.24e-1	1.00e0	9.27e2	409	206	206	206	1	206	100.00	203	98.54
468	data/reference/motifs/JASPAR2026_CORE_plants_non-redundant_pfms_meme.txt	MA1193.2	AT2G38090	WDWGGATAAGDAT	2.02e-1	1.00e0	9.27e2	408	206	206	206	4	165	80.10	157	76.21
469	data/reference/motifs/JASPAR2026_CORE_plants_non-redundant_pfms_meme.txt	MA1192.2	DIV1	WRGATAAGRTT	2.56e-1	1.00e0	9.27e2	407	206	206	206	2	197	95.63	193	93.69
470	data/reference/motifs/JASPAR2026_CORE_plants_non-redundant_pfms_meme.txt	MA1186.2	YAB4	AWYCTTATCYW	5.00e-1	1.00e0	9.27e2	412	206	206	206	19	3	1.46	2	0.97
471	data/reference/motifs/JASPAR2026_CORE_plants_non-redundant_pfms_meme.txt	MA0579.2	CDC5	GCTCAGCGC	8.01e-1	1.00e0	9.27e2	353	206	206	206	1	174	84.47	179	86.89
472	data/reference/motifs/JASPAR2026_CORE_plants_non-redundant_pfms_meme.txt	MA2042.2	MYB58	CCACCAACC	1.10e-1	1.00e0	9.27e2	412	206	206	206	25	8	3.88	3	1.46
473	data/reference/motifs/JASPAR2026_CORE_plants_non-redundant_pfms_meme.txt	MA2030.2	MYB96	MCCAACTACCA	1.24e-1	1.00e0	9.27e2	404	206	206	206	25	3	1.46	0	0.00
474	data/reference/motifs/JASPAR2026_CORE_plants_non-redundant_pfms_meme.txt	MA2029.2	MYB88	ACGCTCCTC	2.14e-1	1.00e0	9.27e2	304	206	206	206	2	97	47.09	88	42.72
475	data/reference/motifs/JASPAR2026_CORE_plants_non-redundant_pfms_meme.txt	MA2027.2	MYB44	HAACGGTCA	2.23e-1	1.00e0	9.27e2	396	206	206	206	1	200	97.09	196	95.15
476	data/reference/motifs/JASPAR2026_CORE_plants_non-redundant_pfms_meme.txt	MA2026.2	MYB108	TACCTAACTT	1.99e-1	1.00e0	9.27e2	410	206	206	206	3	180	87.38	173	83.98
477	data/reference/motifs/JASPAR2026_CORE_plants_non-redundant_pfms_meme.txt	MA2025.2	MYB93	TACCAAAC	1.37e-1	1.00e0	9.27e2	412	206	206	206	25	14	6.80	8	3.88
478	data/reference/motifs/JASPAR2026_CORE_plants_non-redundant_pfms_meme.txt	MA2024.2	MYB63	YCACCTACCAC	1.24e-1	1.00e0	9.27e2	391	206	206	206	14	3	1.46	0	0.00
479	data/reference/motifs/JASPAR2026_CORE_plants_non-redundant_pfms_meme.txt	MA2008.2	MYB99	CACCTAMY	3.56e-1	1.00e0	9.27e2	371	206	206	206	5	43	20.87	39	18.93
480	data/reference/motifs/JASPAR2026_CORE_plants_non-redundant_pfms_meme.txt	MA2007.2	MYB107	CACCAAAC	1.14e-1	1.00e0	9.27e2	412	206	206	206	10	168	81.55	157	76.21
481	data/reference/motifs/JASPAR2026_CORE_plants_non-redundant_pfms_meme.txt	MA1829.2	Zm00001d035604	ACCTAAC	1.24e-1	1.00e0	9.27e2	412	206	206	206	34	18	8.74	11	5.34
482	data/reference/motifs/JASPAR2026_CORE_plants_non-redundant_pfms_meme.txt	MA1781.2	MYB94	CCAACYACYW	1.79e-1	1.00e0	9.27e2	409	206	206	206	10	19	9.22	13	6.31
483	data/reference/motifs/JASPAR2026_CORE_plants_non-redundant_pfms_meme.txt	MA1780.2	MYB92	ACCTAAC	2.49e-1	1.00e0	9.27e2	410	206	206	206	1	206	100.00	204	99.03
484	data/reference/motifs/JASPAR2026_CORE_plants_non-redundant_pfms_meme.txt	MA1778.2	MYB80	TYYACCTAMYTW	1.51e-1	1.00e0	9.27e2	412	206	206	206	13	22	10.68	15	7.28
485	data/reference/motifs/JASPAR2026_CORE_plants_non-redundant_pfms_meme.txt	MA1777.2	MYB74	YYYACCTAMCW	1.51e-1	1.00e0	9.27e2	391	206	206	206	3	139	67.48	128	62.14
486	data/reference/motifs/JASPAR2026_CORE_plants_non-redundant_pfms_meme.txt	MA1774.2	MYB60	YCAACYACYT	1.24e-1	1.00e0	9.27e2	410	206	206	206	16	3	1.46	0	0.00
487	data/reference/motifs/JASPAR2026_CORE_plants_non-redundant_pfms_meme.txt	MA1773.2	MYB51	YYYACCWACYW	2.79e-1	1.00e0	9.27e2	402	206	206	206	2	194	94.17	190	92.23
488	data/reference/motifs/JASPAR2026_CORE_plants_non-redundant_pfms_meme.txt	MA1772.2	MYB43	YTYACCWAMCWT	2.03e-1	1.00e0	9.27e2	365	206	206	206	2	140	67.96	131	63.59
489	data/reference/motifs/JASPAR2026_CORE_plants_non-redundant_pfms_meme.txt	MA1771.2	MYB41	TYACCTAMYT	2.36e-1	1.00e0	9.27e2	409	206	206	206	10	48	23.30	41	19.90
490	data/reference/motifs/JASPAR2026_CORE_plants_non-redundant_pfms_meme.txt	MA1770.2	MYB40	YTYACCWAMY	1.62e-1	1.00e0	9.27e2	399	206	206	206	7	24	11.65	17	8.25
491	data/reference/motifs/JASPAR2026_CORE_plants_non-redundant_pfms_meme.txt	MA1769.2	MYB39	YYCACCTAMYTT	1.32e-1	1.00e0	9.27e2	403	206	206	206	4	134	65.05	122	59.22
492	data/reference/motifs/JASPAR2026_CORE_plants_non-redundant_pfms_meme.txt	MA1768.2	MYB30	CCAACYACCAMC	1.08e-1	1.00e0	9.27e2	412	206	206	206	3	197	95.63	190	92.23
493	data/reference/motifs/JASPAR2026_CORE_plants_non-redundant_pfms_meme.txt	MA1765.2	MYB121	TACCTAACW	5.00e-1	1.00e0	9.27e2	409	206	206	206	15	4	1.94	3	1.46
494	data/reference/motifs/JASPAR2026_CORE_plants_non-redundant_pfms_meme.txt	MA1762.2	MYB10	YCACCWAMCW	2.13e-1	1.00e0	9.27e2	392	206	206	206	7	25	12.14	19	9.22
495	data/reference/motifs/JASPAR2026_CORE_plants_non-redundant_pfms_meme.txt	MA1394.3	MYB73	AACGGTCA	2.25e-1	1.00e0	9.27e2	405	206	206	206	1	204	99.03	201	97.57
496	data/reference/motifs/JASPAR2026_CORE_plants_non-redundant_pfms_meme.txt	MA1393.3	MYB70	AACCGTT	1.86e-1	1.00e0	9.27e2	411	206	206	206	22	4	1.94	1	0.49
497	data/reference/motifs/JASPAR2026_CORE_plants_non-redundant_pfms_meme.txt	MA1294.2	MYB62	WAGTTAGGY	3.62e-1	1.00e0	9.27e2	410	206	206	206	3	190	92.23	187	90.78
498	data/reference/motifs/JASPAR2026_CORE_plants_non-redundant_pfms_meme.txt	MA1293.2	MYB57	TACCTAACTT	4.42e-1	1.00e0	9.27e2	187	206	206	206	2	28	13.59	26	12.62
499	data/reference/motifs/JASPAR2026_CORE_plants_non-redundant_pfms_meme.txt	MA1292.2	MYB27	AAAAATTAGGTA	1.87e-1	1.00e0	9.27e2	192	206	206	206	1	101	49.03	91	44.17
500	data/reference/motifs/JASPAR2026_CORE_plants_non-redundant_pfms_meme.txt	MA1180.2	MYB3R4	WWWTRACCGTTR	4.59e-1	1.00e0	9.27e2	258	206	206	206	1	130	63.11	128	62.14
501	data/reference/motifs/JASPAR2026_CORE_plants_non-redundant_pfms_meme.txt	MA1178.3	MYB3R1	TAACGGTC	1.38e-1	1.00e0	9.27e2	405	206	206	206	4	168	81.55	158	76.70
502	data/reference/motifs/JASPAR2026_CORE_plants_non-redundant_pfms_meme.txt	MA1172.2	MYB3R5	AAWWDTDACCGTTR	5.00e-1	1.00e0	9.27e2	238	206	206	206	6	3	1.46	2	0.97
503	data/reference/motifs/JASPAR2026_CORE_plants_non-redundant_pfms_meme.txt	MA1171.2	MYB52	ACCGTTA	3.62e-1	1.00e0	9.27e2	286	206	206	206	4	19	9.22	16	7.77
504	data/reference/motifs/JASPAR2026_CORE_plants_non-redundant_pfms_meme.txt	MA1038.2	MYB3	GGTAGGTA	2.71e-1	1.00e0	9.27e2	399	206	206	206	5	81	39.32	74	35.92
505	data/reference/motifs/JASPAR2026_CORE_plants_non-redundant_pfms_meme.txt	MA1030.2	P0510F09.23	WRMCCTA	1.92e-1	1.00e0	9.27e2	412	206	206	206	34	44	21.36	36	17.48
506	data/reference/motifs/JASPAR2026_CORE_plants_non-redundant_pfms_meme.txt	MA0034.2	Gam1	YAACCGMC	1.17e-1	1.00e0	9.27e2	412	206	206	206	16	98	47.57	85	41.26
507	data/reference/motifs/JASPAR2026_CORE_plants_non-redundant_pfms_meme.txt	MA1735.2	AT2G38300	AAHATTCYHT	9.34e-2	1.00e0	9.27e2	412	206	206	206	6	177	85.92	166	80.58
508	data/reference/motifs/JASPAR2026_CORE_plants_non-redundant_pfms_meme.txt	MA1390.3	HHO2	AAGATTCC	5.00e-1	1.00e0	9.27e2	412	206	206	206	11	100	48.54	99	48.06
509	data/reference/motifs/JASPAR2026_CORE_plants_non-redundant_pfms_meme.txt	MA1387.2	HRS1	ATCRAAGATTCY	1.26e-1	1.00e0	9.27e2	401	206	206	206	9	13	6.31	7	3.40
510	data/reference/motifs/JASPAR2026_CORE_plants_non-redundant_pfms_meme.txt	MA1386.3	HHO3	AAGATTCT	2.01e-1	1.00e0	9.27e2	411	206	206	206	11	72	34.95	63	30.58
511	data/reference/motifs/JASPAR2026_CORE_plants_non-redundant_pfms_meme.txt	MA1385.2	AT2G40260	AAHATTCTYT	1.10e-1	1.00e0	9.27e2	411	206	206	206	3	203	98.54	198	96.12
512	data/reference/motifs/JASPAR2026_CORE_plants_non-redundant_pfms_meme.txt	MA1383.2	KAN2	AATATTCTTT	1.64e-1	1.00e0	9.27e2	410	206	206	206	12	17	8.25	11	5.34
513	data/reference/motifs/JASPAR2026_CORE_plants_non-redundant_pfms_meme.txt	MA1165.3	HHO6	AGATTCT	2.35e-1	1.00e0	9.27e2	412	206	206	206	13	76	36.89	68	33.01
514	data/reference/motifs/JASPAR2026_CORE_plants_non-redundant_pfms_meme.txt	MA1164.2	HHO5	RAAGATTC	1.56e-1	1.00e0	9.27e2	405	206	206	206	8	43	20.87	34	16.50
515	data/reference/motifs/JASPAR2026_CORE_plants_non-redundant_pfms_meme.txt	MA1409.2	OsRR22	AGATACGST	4.00e-1	1.00e0	9.27e2	408	206	206	206	12	9	4.37	7	3.40
516	data/reference/motifs/JASPAR2026_CORE_plants_non-redundant_pfms_meme.txt	MA0949.2	ARR2	MGWATCTT	8.74e-2	1.00e0	9.27e2	411	206	206	206	2	204	99.03	199	96.60
517	data/reference/motifs/JASPAR2026_CORE_plants_non-redundant_pfms_meme.txt	MA0948.2	ARR18	AGATACG	2.03e-1	1.00e0	9.27e2	412	206	206	206	35	23	11.17	17	8.25
518	data/reference/motifs/JASPAR2026_CORE_plants_non-redundant_pfms_meme.txt	MA2022.2	LOB	CCGCCGCCGCMGC	2.49e-1	1.00e0	9.27e2	157	206	206	206	22	2	0.97	0	0.00
519	data/reference/motifs/JASPAR2026_CORE_plants_non-redundant_pfms_meme.txt	MA1673.2	LBD18	GCCGGAAA	1.10e-1	1.00e0	9.27e2	410	206	206	206	5	170	82.52	159	77.18
520	data/reference/motifs/JASPAR2026_CORE_plants_non-redundant_pfms_meme.txt	MA1823.2	Zm00001d027846	AAAGAAAA	2.99e-1	1.00e0	9.27e2	412	206	206	206	50	174	84.47	169	82.04
521	data/reference/motifs/JASPAR2026_CORE_plants_non-redundant_pfms_meme.txt	MA1747.2	DOF4.3	WAAAGWRGCTTTW	5.40e-1	1.00e0	9.27e2	164	206	206	206	1	82	39.81	82	39.81
522	data/reference/motifs/JASPAR2026_CORE_plants_non-redundant_pfms_meme.txt	MA1281.2	DOF5.1	AAAAAGWAAAAARAAAAAR	3.62e-1	1.00e0	9.27e2	412	206	206	206	40	5	2.43	3	1.46
523	data/reference/motifs/JASPAR2026_CORE_plants_non-redundant_pfms_meme.txt	MA1280.2	DOF5.4	AAAAAGK	1.44e-1	1.00e0	9.27e2	412	206	206	206	11	192	93.20	185	89.81
524	data/reference/motifs/JASPAR2026_CORE_plants_non-redundant_pfms_meme.txt	MA1279.2	DOF1.5	AAADDAAAAAGTRAAA	1.08e-1	1.00e0	9.27e2	411	206	206	206	4	205	99.51	201	97.57
525	data/reference/motifs/JASPAR2026_CORE_plants_non-redundant_pfms_meme.txt	MA1278.2	DOF3.4	TTYTTTTTTWVCTTTTT	2.49e-1	1.00e0	9.27e2	412	206	206	206	41	2	0.97	0	0.00
526	data/reference/motifs/JASPAR2026_CORE_plants_non-redundant_pfms_meme.txt	MA1276.2	DOF3.5	AWAAAGK	9.81e-2	1.00e0	9.27e2	412	206	206	206	9	151	73.30	138	66.99
527	data/reference/motifs/JASPAR2026_CORE_plants_non-redundant_pfms_meme.txt	MA1273.2	DOF4.2	AAAAAGGYAAA	1.24e-1	1.00e0	9.27e2	411	206	206	206	20	3	1.46	0	0.00
528	data/reference/motifs/JASPAR2026_CORE_plants_non-redundant_pfms_meme.txt	MA1272.3	DOF2.2	AAAAAG	2.51e-1	1.00e0	9.27e2	412	206	206	206	5	176	85.44	170	82.52
529	data/reference/motifs/JASPAR2026_CORE_plants_non-redundant_pfms_meme.txt	MA1270.2	DOF3.2	TWACTTTTTNNYTTTT	1.85e-1	1.00e0	9.27e2	412	206	206	206	7	184	89.32	177	85.92
530	data/reference/motifs/JASPAR2026_CORE_plants_non-redundant_pfms_meme.txt	MA1269.2	DOF4.5	AWAAAGTWRCTTT	1.65e-1	1.00e0	9.27e2	412	206	206	206	9	151	73.30	141	68.45
531	data/reference/motifs/JASPAR2026_CORE_plants_non-redundant_pfms_meme.txt	MA1268.2	CDF5	TTYACTTTTTYTTTTTTTTTT	1.12e-1	1.00e0	9.27e2	411	206	206	206	6	169	82.04	158	76.70
532	data/reference/motifs/JASPAR2026_CORE_plants_non-redundant_pfms_meme.txt	MA1267.2	DOF5.8	TTTTTHYTTTTTACTTTTT	1.30e-1	1.00e0	9.27e2	412	206	206	206	31	9	4.37	4	1.94
533	data/reference/motifs/JASPAR2026_CORE_plants_non-redundant_pfms_meme.txt	MA1071.2	DOF5.3	AAMG	2.49e-1	1.00e0	9.27e2	412	206	206	206	235	206	100.00	204	99.03
534	data/reference/motifs/JASPAR2026_CORE_plants_non-redundant_pfms_meme.txt	MA0989.2	PHYPADRAFT_153324	WAAAG	2.25e-1	1.00e0	9.27e2	412	206	206	206	236	5	2.43	2	0.97
535	data/reference/motifs/JASPAR2026_CORE_plants_non-redundant_pfms_meme.txt	MA0984.2	DOF5.7	AAARR	1.86e-1	1.00e0	9.27e2	412	206	206	206	149	205	99.51	202	98.06
536	data/reference/motifs/JASPAR2026_CORE_plants_non-redundant_pfms_meme.txt	MA0983.2	DOF5.6	AAMG	1.22e-1	1.00e0	9.27e2	412	206	206	206	74	147	71.36	135	65.53
537	data/reference/motifs/JASPAR2026_CORE_plants_non-redundant_pfms_meme.txt	MA0982.2	DOF2.4	AAAG	1.98e-1	1.00e0	9.27e2	412	206	206	206	213	69	33.50	60	29.13
538	data/reference/motifs/JASPAR2026_CORE_plants_non-redundant_pfms_meme.txt	MA0973.2	CDF2	AAAAAGY	2.49e-1	1.00e0	9.27e2	412	206	206	206	70	2	0.97	0	0.00
539	data/reference/motifs/JASPAR2026_CORE_plants_non-redundant_pfms_meme.txt	MA0020.2	Dof2	AAAGC	9.85e-2	1.00e0	9.27e2	412	206	206	206	21	189	91.75	180	87.38
540	data/reference/motifs/JASPAR2026_CORE_plants_non-redundant_pfms_meme.txt	MA1396.2	GATA6	AGATCTAGAT	4.14e-1	1.00e0	9.27e2	307	206	206	206	3	60	29.13	57	27.67
541	data/reference/motifs/JASPAR2026_CORE_plants_non-redundant_pfms_meme.txt	MA1325.2	GATA14	TAGATCTR	3.73e-1	1.00e0	9.27e2	399	206	206	206	8	62	30.10	58	28.16
542	data/reference/motifs/JASPAR2026_CORE_plants_non-redundant_pfms_meme.txt	MA1323.2	GATA19	GATCBGATY	3.12e-1	1.00e0	9.27e2	403	206	206	206	20	3	1.46	1	0.49
543	data/reference/motifs/JASPAR2026_CORE_plants_non-redundant_pfms_meme.txt	MA1018.2	GATA9	AGATCT	1.07e-1	1.00e0	9.27e2	395	206	206	206	8	46	22.33	35	16.99
544	data/reference/motifs/JASPAR2026_CORE_plants_non-redundant_pfms_meme.txt	MA1017.2	GATA8	GATCY	1.38e-1	1.00e0	9.27e2	412	206	206	206	66	119	57.77	107	51.94
545	data/reference/motifs/JASPAR2026_CORE_plants_non-redundant_pfms_meme.txt	MA1015.2	GATA12	AGATCT	3.62e-1	1.00e0	9.27e2	412	206	206	206	144	5	2.43	3	1.46
546	data/reference/motifs/JASPAR2026_CORE_plants_non-redundant_pfms_meme.txt	MA0584.2	SEP1	CCAWAWWTRGWAA	2.51e-1	1.00e0	9.27e2	389	206	206	206	12	6	2.91	3	1.46
547	data/reference/motifs/JASPAR2026_CORE_plants_non-redundant_pfms_meme.txt	MA0558.2	FLC	CCMAAAATRGAAAG	1.39e-1	1.00e0	9.27e2	410	206	206	206	6	102	49.51	90	43.69
548	data/reference/motifs/JASPAR2026_CORE_plants_non-redundant_pfms_meme.txt	MA0556.2	AP3	CCAAAARWRGAAA	1.59e-1	1.00e0	9.27e2	410	206	206	206	6	126	61.17	115	55.83
549	data/reference/motifs/JASPAR2026_CORE_plants_non-redundant_pfms_meme.txt	MA0555.2	SVP	WWWCCAAAAAWGGAAA	1.17e-1	1.00e0	9.27e2	391	206	206	206	4	97	47.09	84	40.78
550	data/reference/motifs/JASPAR2026_CORE_plants_non-redundant_pfms_meme.txt	MA0554.2	SOC1	TTTCCWTTTTTGG	1.51e-1	1.00e0	9.27e2	412	206	206	206	10	22	10.68	15	7.28
551	data/reference/motifs/JASPAR2026_CORE_plants_non-redundant_pfms_meme.txt	MA0548.3	AGL15	TTTCCWTTTTDGGWAA	6.17e-1	1.00e0	9.27e2	297	206	206	206	4	25	12.14	26	12.62
552	data/reference/motifs/JASPAR2026_CORE_plants_non-redundant_pfms_meme.txt	MA0082.2	squamosa	MCAWAWATRGWAA	1.10e-1	1.00e0	9.27e2	412	206	206	206	6	203	98.54	198	96.12
553	data/reference/motifs/JASPAR2026_CORE_plants_non-redundant_pfms_meme.txt	MA0005.3	AG	TTWCCWAAWHDGGHAA	1.86e-1	1.00e0	9.27e2	395	206	206	206	12	4	1.94	1	0.49
554	data/reference/motifs/JASPAR2026_CORE_plants_non-redundant_pfms_meme.txt	MA1329.3	ZHD1	AYTAATTAA	4.13e-1	1.00e0	9.27e2	412	206	206	206	27	58	28.16	55	26.70
555	data/reference/motifs/JASPAR2026_CORE_plants_non-redundant_pfms_meme.txt	MA1824.2	Zm00001d005692	CAATAATT	4.14e-1	1.00e0	9.27e2	412	206	206	206	22	196	95.15	194	94.17
556	data/reference/motifs/JASPAR2026_CORE_plants_non-redundant_pfms_meme.txt	MA1757.2	HDG7	DCATTAAWTR	1.22e-1	1.00e0	9.27e2	409	206	206	206	11	71	34.47	59	28.64
557	data/reference/motifs/JASPAR2026_CORE_plants_non-redundant_pfms_meme.txt	MA1406.2	ATHB-4	YAATSATTG	1.24e-1	1.00e0	9.27e2	412	206	206	206	8	195	94.66	188	91.26
558	data/reference/motifs/JASPAR2026_CORE_plants_non-redundant_pfms_meme.txt	MA1375.2	ANL2	GCATTAATTR	1.24e-1	1.00e0	9.27e2	409	206	206	206	1	206	100.00	203	98.54
559	data/reference/motifs/JASPAR2026_CORE_plants_non-redundant_pfms_meme.txt	MA1369.2	HDG1	YAATTAATGM	2.63e-1	1.00e0	9.27e2	411	206	206	206	14	41	19.90	35	16.99
560	data/reference/motifs/JASPAR2026_CORE_plants_non-redundant_pfms_meme.txt	MA1327.3	ATHB-23	TAATTAA	1.62e-1	1.00e0	9.27e2	412	206	206	206	9	115	55.83	104	50.49
561	data/reference/motifs/JASPAR2026_CORE_plants_non-redundant_pfms_meme.txt	MA1215.2	ATHB-53	CAATAATTG	5.40e-1	1.00e0	9.27e2	410	206	206	206	8	115	55.83	115	55.83
562	data/reference/motifs/JASPAR2026_CORE_plants_non-redundant_pfms_meme.txt	MA1212.2	ATHB-13	YAATAATT	3.75e-1	1.00e0	9.27e2	412	206	206	206	10	143	69.42	139	67.48
563	data/reference/motifs/JASPAR2026_CORE_plants_non-redundant_pfms_meme.txt	MA1211.2	ATHB-X	YAATYATTD	2.28e-1	1.00e0	9.27e2	412	206	206	206	4	193	93.69	188	91.26
564	data/reference/motifs/JASPAR2026_CORE_plants_non-redundant_pfms_meme.txt	MA1209.2	ATHB-20	YAATAATT	2.60e-1	1.00e0	9.27e2	395	206	206	206	2	187	90.78	182	88.35
565	data/reference/motifs/JASPAR2026_CORE_plants_non-redundant_pfms_meme.txt	MA1198.2	HAT2	YAATCATT	2.49e-1	1.00e0	9.27e2	412	206	206	206	29	2	0.97	0	0.00
566	data/reference/motifs/JASPAR2026_CORE_plants_non-redundant_pfms_meme.txt	MA1026.3	ATHB-15	AWDRTAATGATKA	5.00e-1	1.00e0	9.27e2	392	206	206	206	2	182	88.35	181	87.86
567	data/reference/motifs/JASPAR2026_CORE_plants_non-redundant_pfms_meme.txt	MA0990.2	HDG11	AWTWAATGC	8.88e-2	1.00e0	9.27e2	412	206	206	206	55	142	68.93	128	62.14
568	data/reference/motifs/JASPAR2026_CORE_plants_non-redundant_pfms_meme.txt	MA0953.2	ATHB-6	CAATHAT	1.10e-1	1.00e0	9.27e2	412	206	206	206	156	8	3.88	3	1.46
569	data/reference/motifs/JASPAR2026_CORE_plants_non-redundant_pfms_meme.txt	MA0008.4	HAT5	CAATAATTG	2.95e-1	1.00e0	9.27e2	404	206	206	206	4	176	85.44	171	83.01
570	data/reference/motifs/JASPAR2026_CORE_plants_non-redundant_pfms_meme.txt	MA2020.2	HSFB4	GAAGTTTCCR	2.91e-1	1.00e0	9.27e2	392	206	206	206	3	152	73.79	146	70.87
571	data/reference/motifs/JASPAR2026_CORE_plants_non-redundant_pfms_meme.txt	MA2019.2	HSFA1B	GAAACTTC	2.87e-1	1.00e0	9.27e2	411	206	206	206	3	201	97.57	198	96.12
572	data/reference/motifs/JASPAR2026_CORE_plants_non-redundant_pfms_meme.txt	MA1761.2	HSFB3	AAGCTTCTAGAA	4.25e-1	1.00e0	9.27e2	398	206	206	206	8	16	7.77	14	6.80
573	data/reference/motifs/JASPAR2026_CORE_plants_non-redundant_pfms_meme.txt	MA1759.2	HSFA4A	AGAAGCTTCTAGAA	5.86e-1	1.00e0	9.27e2	276	206	206	206	5	11	5.34	11	5.34
574	data/reference/motifs/JASPAR2026_CORE_plants_non-redundant_pfms_meme.txt	MA1667.3	HSFC1	TTCYAGAA	9.85e-2	1.00e0	9.27e2	410	206	206	206	15	15	7.28	8	3.88
575	data/reference/motifs/JASPAR2026_CORE_plants_non-redundant_pfms_meme.txt	MA1665.3	HSFB2A	RGAAGSTTCY	3.86e-1	1.00e0	9.27e2	378	206	206	206	10	7	3.40	5	2.43
576	data/reference/motifs/JASPAR2026_CORE_plants_non-redundant_pfms_meme.txt	MA1664.3	HSFA6B	TTCTRGAA	1.24e-1	1.00e0	9.27e2	412	206	206	206	3	206	100.00	203	98.54
577	data/reference/motifs/JASPAR2026_CORE_plants_non-redundant_pfms_meme.txt	MA1382.2	FAR1	YCACGCGCY	4.53e-1	1.00e0	9.27e2	92	206	206	206	1	47	22.82	45	21.84
578	data/reference/motifs/JASPAR2026_CORE_plants_non-redundant_pfms_meme.txt	MA1805.2	WRKY53	RGTCAAC	3.05e-1	1.00e0	9.27e2	412	206	206	206	11	189	91.75	185	89.81
579	data/reference/motifs/JASPAR2026_CORE_plants_non-redundant_pfms_meme.txt	MA1318.2	WRKY27	CGTTGACTTTT	3.62e-1	1.00e0	9.27e2	272	206	206	206	5	5	2.43	3	1.46
580	data/reference/motifs/JASPAR2026_CORE_plants_non-redundant_pfms_meme.txt	MA1317.2	WRKY50	TTGACTTTT	1.58e-1	1.00e0	9.27e2	389	206	206	206	4	90	43.69	79	38.35
581	data/reference/motifs/JASPAR2026_CORE_plants_non-redundant_pfms_meme.txt	MA1316.2	WRKY71	AAAAGTCAAC	1.89e-1	1.00e0	9.27e2	370	206	206	206	5	30	14.56	23	11.17
582	data/reference/motifs/JASPAR2026_CORE_plants_non-redundant_pfms_meme.txt	MA1315.2	WRKY24	CGTTGACTTTT	1.08e-1	1.00e0	9.27e2	332	206	206	206	7	5	2.43	1	0.49
583	data/reference/motifs/JASPAR2026_CORE_plants_non-redundant_pfms_meme.txt	MA1314.2	WRKY14	AAAGTCAACG	1.86e-1	1.00e0	9.27e2	335	206	206	206	7	4	1.94	1	0.49
584	data/reference/motifs/JASPAR2026_CORE_plants_non-redundant_pfms_meme.txt	MA1312.2	WRKY47	CGTTGACYW	2.49e-1	1.00e0	9.27e2	388	206	206	206	11	2	0.97	0	0.00
585	data/reference/motifs/JASPAR2026_CORE_plants_non-redundant_pfms_meme.txt	MA1311.3	WRKY28	RGTCAAC	1.24e-1	1.00e0	9.27e2	412	206	206	206	23	3	1.46	0	0.00
586	data/reference/motifs/JASPAR2026_CORE_plants_non-redundant_pfms_meme.txt	MA1310.2	WRKY42	CGTTGACT	3.93e-1	1.00e0	9.27e2	364	206	206	206	6	8	3.88	6	2.91
587	data/reference/motifs/JASPAR2026_CORE_plants_non-redundant_pfms_meme.txt	MA1308.2	WRKY70	CGTTGACTTT	6.71e-1	1.00e0	9.27e2	240	206	206	206	2	55	26.70	58	28.16
588	data/reference/motifs/JASPAR2026_CORE_plants_non-redundant_pfms_meme.txt	MA1307.3	WRKY31	RGTCAACG	2.76e-1	1.00e0	9.27e2	404	206	206	206	3	164	79.61	158	76.70
589	data/reference/motifs/JASPAR2026_CORE_plants_non-redundant_pfms_meme.txt	MA1306.2	WRKY11	CGTTGACTTTT	2.05e-1	1.00e0	9.27e2	344	206	206	206	5	15	7.28	10	4.85
590	data/reference/motifs/JASPAR2026_CORE_plants_non-redundant_pfms_meme.txt	MA1304.2	WRKY59	AAAAGTCAAM	2.49e-1	1.00e0	9.27e2	410	206	206	206	1	206	100.00	204	99.03
591	data/reference/motifs/JASPAR2026_CORE_plants_non-redundant_pfms_meme.txt	MA1303.2	WRKY22	AAAGTCAACK	2.49e-1	1.00e0	9.27e2	334	206	206	206	8	2	0.97	0	0.00
592	data/reference/motifs/JASPAR2026_CORE_plants_non-redundant_pfms_meme.txt	MA1302.2	WRKY65	AAAGTCAACG	1.86e-1	1.00e0	9.27e2	369	206	206	206	8	4	1.94	1	0.49
593	data/reference/motifs/JASPAR2026_CORE_plants_non-redundant_pfms_meme.txt	MA1301.2	WRKY33	AAAGTCAACG	1.74e-1	1.00e0	9.27e2	334	206	206	206	4	37	17.96	29	14.08
594	data/reference/motifs/JASPAR2026_CORE_plants_non-redundant_pfms_meme.txt	MA1300.2	WRKY6	CGTTGACT	3.12e-1	1.00e0	9.27e2	309	206	206	206	7	3	1.46	1	0.49
595	data/reference/motifs/JASPAR2026_CORE_plants_non-redundant_pfms_meme.txt	MA1298.2	WRKY29	AAAGTCAAC	3.43e-1	1.00e0	9.27e2	395	206	206	206	10	4	1.94	2	0.97
596	data/reference/motifs/JASPAR2026_CORE_plants_non-redundant_pfms_meme.txt	MA1297.2	WRKY26	AAAAGTCAACG	2.25e-1	1.00e0	9.27e2	328	206	206	206	7	5	2.43	2	0.97
597	data/reference/motifs/JASPAR2026_CORE_plants_non-redundant_pfms_meme.txt	MA1296.2	WRKY46	CGTTGACTTT	4.05e-1	1.00e0	9.27e2	331	206	206	206	6	10	4.85	8	3.88
598	data/reference/motifs/JASPAR2026_CORE_plants_non-redundant_pfms_meme.txt	MA1295.2	WRKY20	CGTTGACY	1.46e-1	1.00e0	9.27e2	380	206	206	206	5	39	18.93	30	14.56
599	data/reference/motifs/JASPAR2026_CORE_plants_non-redundant_pfms_meme.txt	MA1094.3	WRKY8	AAAAGTCAACG	2.25e-1	1.00e0	9.27e2	366	206	206	206	8	5	2.43	2	0.97
600	data/reference/motifs/JASPAR2026_CORE_plants_non-redundant_pfms_meme.txt	MA1093.2	WRKY75	RGTCAAC	2.49e-1	1.00e0	9.27e2	361	206	206	206	10	2	0.97	0	0.00
601	data/reference/motifs/JASPAR2026_CORE_plants_non-redundant_pfms_meme.txt	MA1092.2	WRKY63	GGTCAA	2.43e-1	1.00e0	9.27e2	399	206	206	206	7	33	16.02	27	13.11
602	data/reference/motifs/JASPAR2026_CORE_plants_non-redundant_pfms_meme.txt	MA1090.2	WRKY60	GGTCAAC	4.45e-1	1.00e0	9.27e2	405	206	206	206	7	32	15.53	30	14.56
603	data/reference/motifs/JASPAR2026_CORE_plants_non-redundant_pfms_meme.txt	MA1089.2	WRKY57	RGTCAA	1.61e-1	1.00e0	9.27e2	412	206	206	206	73	11	5.34	6	2.91
604	data/reference/motifs/JASPAR2026_CORE_plants_non-redundant_pfms_meme.txt	MA1088.2	WRKY48	GTCAA	1.86e-1	1.00e0	9.27e2	412	206	206	206	82	121	58.74	111	53.88
605	data/reference/motifs/JASPAR2026_CORE_plants_non-redundant_pfms_meme.txt	MA1087.3	WRKY45	AAAAGTCAAM	3.42e-1	1.00e0	9.27e2	410	206	206	206	9	34	16.50	30	14.56
606	data/reference/motifs/JASPAR2026_CORE_plants_non-redundant_pfms_meme.txt	MA1086.2	WRKY43	RGTCAA	1.94e-1	1.00e0	9.27e2	412	206	206	206	57	169	82.04	161	78.16
607	data/reference/motifs/JASPAR2026_CORE_plants_non-redundant_pfms_meme.txt	MA1085.3	WRKY40	AGTCAA	1.34e-1	1.00e0	9.27e2	393	206	206	206	6	35	16.99	26	12.62
608	data/reference/motifs/JASPAR2026_CORE_plants_non-redundant_pfms_meme.txt	MA1083.3	WRKY30	ARGTCAACG	1.86e-1	1.00e0	9.27e2	403	206	206	206	11	4	1.94	1	0.49
609	data/reference/motifs/JASPAR2026_CORE_plants_non-redundant_pfms_meme.txt	MA1081.3	WRKY25	RGTCAACG	2.49e-1	1.00e0	9.27e2	407	206	206	206	14	2	0.97	0	0.00
610	data/reference/motifs/JASPAR2026_CORE_plants_non-redundant_pfms_meme.txt	MA1079.3	WRKY21	AAAAGTCAACG	1.24e-1	1.00e0	9.27e2	371	206	206	206	8	3	1.46	0	0.00
611	data/reference/motifs/JASPAR2026_CORE_plants_non-redundant_pfms_meme.txt	MA1078.2	WRKY2	GGTCAAM	4.27e-1	1.00e0	9.27e2	408	206	206	206	12	17	8.25	15	7.28
612	data/reference/motifs/JASPAR2026_CORE_plants_non-redundant_pfms_meme.txt	MA1076.3	WRKY15	RGTCAACG	1.24e-1	1.00e0	9.27e2	409	206	206	206	14	3	1.46	0	0.00
613	data/reference/motifs/JASPAR2026_CORE_plants_non-redundant_pfms_meme.txt	MA0589.2	WRKY1	TTGACCGAGY	2.49e-1	1.00e0	9.27e2	293	206	206	206	9	2	0.97	0	0.00
614	data/reference/motifs/JASPAR2026_CORE_plants_non-redundant_pfms_meme.txt	MA2053.2	NAC105	CAAGCAACC	1.24e-1	1.00e0	9.27e2	411	206	206	206	23	3	1.46	0	0.00
615	data/reference/motifs/JASPAR2026_CORE_plants_non-redundant_pfms_meme.txt	MA2051.2	NAC68	ACAAGTAW	9.85e-2	1.00e0	9.27e2	412	206	206	206	14	198	96.12	191	92.72
616	data/reference/motifs/JASPAR2026_CORE_plants_non-redundant_pfms_meme.txt	MA2050.2	NAC101	CAAGCAA	3.16e-1	1.00e0	9.27e2	412	206	206	206	16	164	79.61	159	77.18
617	data/reference/motifs/JASPAR2026_CORE_plants_non-redundant_pfms_meme.txt	MA2047.2	NAC037	CAAGCAA	1.21e-1	1.00e0	9.27e2	412	206	206	206	13	164	79.61	153	74.27
618	data/reference/motifs/JASPAR2026_CORE_plants_non-redundant_pfms_meme.txt	MA2046.2	NAC035	CACGGCA	1.71e-1	1.00e0	9.27e2	412	206	206	206	13	50	24.27	41	19.90
619	data/reference/motifs/JASPAR2026_CORE_plants_non-redundant_pfms_meme.txt	MA2037.2	NAC096	CAAGTAA	5.87e-1	1.00e0	9.27e2	412	206	206	206	15	149	72.33	150	72.82
620	data/reference/motifs/JASPAR2026_CORE_plants_non-redundant_pfms_meme.txt	MA2034.2	NAC057	CAAGTAA	1.66e-1	1.00e0	9.27e2	412	206	206	206	17	150	72.82	140	67.96
621	data/reference/motifs/JASPAR2026_CORE_plants_non-redundant_pfms_meme.txt	MA2033.2	NAC038	TTDCKTGTDNHACAAGTWA	3.95e-1	1.00e0	9.27e2	118	206	206	206	2	35	16.99	32	15.53
622	data/reference/motifs/JASPAR2026_CORE_plants_non-redundant_pfms_meme.txt	MA2018.2	NAC69	ACAAGGCA	1.89e-1	1.00e0	9.27e2	412	206	206	206	14	61	29.61	52	25.24
623	data/reference/motifs/JASPAR2026_CORE_plants_non-redundant_pfms_meme.txt	MA2017.2	JUB1	ACGGCGA	2.85e-1	1.00e0	9.27e2	385	206	206	206	7	55	26.70	49	23.79
624	data/reference/motifs/JASPAR2026_CORE_plants_non-redundant_pfms_meme.txt	MA2006.2	NAC020	GGTTGCKTGTDNMACAAGTAA	5.00e-1	1.00e0	9.27e2	84	206	206	206	3	5	2.43	4	1.94
625	data/reference/motifs/JASPAR2026_CORE_plants_non-redundant_pfms_meme.txt	MA1787.2	NAC047	ACACGTMWCT	2.46e-1	1.00e0	9.27e2	407	206	206	206	12	12	5.83	8	3.88
626	data/reference/motifs/JASPAR2026_CORE_plants_non-redundant_pfms_meme.txt	MA1786.2	NAC019	YACGBMA	1.22e-1	1.00e0	9.27e2	412	206	206	206	29	71	34.47	59	28.64
627	data/reference/motifs/JASPAR2026_CORE_plants_non-redundant_pfms_meme.txt	MA1785.2	NAC018	ACACGYAACY	1.61e-1	1.00e0	9.27e2	391	206	206	206	10	11	5.34	6	2.91
628	data/reference/motifs/JASPAR2026_CORE_plants_non-redundant_pfms_meme.txt	MA1676.3	NAC062	TAAGTAA	1.51e-1	1.00e0	9.27e2	412	206	206	206	36	22	10.68	15	7.28
629	data/reference/motifs/JASPAR2026_CORE_plants_non-redundant_pfms_meme.txt	MA1663.3	NAC050	CAAGTAAC	3.19e-1	1.00e0	9.27e2	412	206	206	206	17	49	23.79	44	21.36
630	data/reference/motifs/JASPAR2026_CORE_plants_non-redundant_pfms_meme.txt	MA1427.3	NAC028	CAAGTAA	3.46e-1	1.00e0	9.27e2	412	206	206	206	22	94	45.63	89	43.20
631	data/reference/motifs/JASPAR2026_CORE_plants_non-redundant_pfms_meme.txt	MA0938.3	NAC058	TTACKTGTDNMACAAGWAA	3.20e-1	1.00e0	9.27e2	124	206	206	206	3	11	5.34	8	3.88
632	data/reference/motifs/JASPAR2026_CORE_plants_non-redundant_pfms_meme.txt	MA1414.2	E2FA	GCGCCA	1.07e-1	1.00e0	9.27e2	400	206	206	206	3	180	87.38	170	82.52
633	data/reference/motifs/JASPAR2026_CORE_plants_non-redundant_pfms_meme.txt	MA1813.2	EIL4	TWCAATGAA	2.03e-1	1.00e0	9.27e2	411	206	206	206	9	140	67.96	131	63.59
634	data/reference/motifs/JASPAR2026_CORE_plants_non-redundant_pfms_meme.txt	MA1682.2	TCX3	AAATTCAAATWT	1.24e-1	1.00e0	9.27e2	412	206	206	206	24	3	1.46	0	0.00
635	data/reference/motifs/JASPAR2026_CORE_plants_non-redundant_pfms_meme.txt	MA1809.2	GLYMA-07G038400	CTGACAC	2.21e-1	1.00e0	9.27e2	412	206	206	206	9	194	94.17	189	91.75
636	data/reference/motifs/JASPAR2026_CORE_plants_non-redundant_pfms_meme.txt	MA1756.2	GRF9	TGTCAGA	1.86e-1	1.00e0	9.27e2	403	206	206	206	11	4	1.94	1	0.49
637	data/reference/motifs/JASPAR2026_CORE_plants_non-redundant_pfms_meme.txt	MA1197.2	CAMTA1	AARCGCGTG	2.84e-1	1.00e0	9.27e2	208	206	206	206	2	54	26.21	48	23.30
638	data/reference/motifs/JASPAR2026_CORE_plants_non-redundant_pfms_meme.txt	MA0970.2	CAMTA3	CCGCGT	3.43e-1	1.00e0	9.27e2	408	206	206	206	23	4	1.94	2	0.97
639	data/reference/motifs/JASPAR2026_CORE_plants_non-redundant_pfms_meme.txt	MA2016.2	GRF6	TCTGACA	1.86e-1	1.00e0	9.27e2	277	206	206	206	6	4	1.94	1	0.49
640	data/reference/motifs/JASPAR2026_CORE_plants_non-redundant_pfms_meme.txt	MA1415.2	REF6	RAAACAGAG	3.11e-1	1.00e0	9.27e2	395	206	206	206	4	100	48.54	94	45.63
641	data/reference/motifs/JASPAR2026_CORE_plants_non-redundant_pfms_meme.txt	MA1405.2	SIZF2	ACTGACAGT	1.24e-1	1.00e0	9.27e2	396	206	206	206	26	3	1.46	0	0.00
642	data/reference/motifs/JASPAR2026_CORE_plants_non-redundant_pfms_meme.txt	MA1374.2	IDD7	ASAAAACGACAAAA	1.86e-1	1.00e0	9.27e2	285	206	206	206	5	4	1.94	1	0.49
643	data/reference/motifs/JASPAR2026_CORE_plants_non-redundant_pfms_meme.txt	MA1372.2	ZAT10	CACTNHCACT	1.24e-1	1.00e0	9.27e2	412	206	206	206	9	195	94.66	188	91.26
644	data/reference/motifs/JASPAR2026_CORE_plants_non-redundant_pfms_meme.txt	MA1371.2	IDD4	ASAAAAMGACAAAAA	1.24e-1	1.00e0	9.27e2	312	206	206	206	7	3	1.46	0	0.00
645	data/reference/motifs/JASPAR2026_CORE_plants_non-redundant_pfms_meme.txt	MA1160.2	IDD6	TTTTTGTCGTTTTSTK	3.34e-1	1.00e0	9.27e2	310	206	206	206	5	13	6.31	10	4.85
646	data/reference/motifs/JASPAR2026_CORE_plants_non-redundant_pfms_meme.txt	MA1158.2	MGP	AAAACGACAAAAA	1.85e-1	1.00e0	9.27e2	300	206	206	206	4	13	6.31	8	3.88
647	data/reference/motifs/JASPAR2026_CORE_plants_non-redundant_pfms_meme.txt	MA1156.2	JKD	TTTTGTCKTTTT	1.61e-1	1.00e0	9.27e2	403	206	206	206	9	11	5.34	6	2.91
648	data/reference/motifs/JASPAR2026_CORE_plants_non-redundant_pfms_meme.txt	MA1743.2	BZIP2	TGCTGACGTGGCA	8.14e-1	1.00e0	9.27e2	109	206	206	206	1	51	24.76	58	28.16
649	data/reference/motifs/JASPAR2026_CORE_plants_non-redundant_pfms_meme.txt	MA1345.2	BZIP48	GCCACGTCAGCA	5.92e-1	1.00e0	9.27e2	97	206	206	206	1	48	23.30	49	23.79
650	data/reference/motifs/JASPAR2026_CORE_plants_non-redundant_pfms_meme.txt	MA1341.2	BZIP53	TGCTGACGTGGCA	6.35e-1	1.00e0	9.27e2	100	206	206	206	1	49	23.79	51	24.76
651	data/reference/motifs/JASPAR2026_CORE_plants_non-redundant_pfms_meme.txt	MA1340.2	BZIP3	TGMTGACGTGGCA	8.14e-1	1.00e0	9.27e2	164	206	206	206	4	2	0.97	3	1.46
652	data/reference/motifs/JASPAR2026_CORE_plants_non-redundant_pfms_meme.txt	MA1337.2	BZIP44	WGCTGACGTGGCA	7.96e-1	1.00e0	9.27e2	92	206	206	206	1	43	20.87	49	23.79
653	data/reference/motifs/JASPAR2026_CORE_plants_non-redundant_pfms_meme.txt	MA1334.2	BZIP11	TGCCACGTCAGCA	6.32e-1	1.00e0	9.27e2	106	206	206	206	1	52	25.24	54	26.21
654	data/reference/motifs/JASPAR2026_CORE_plants_non-redundant_pfms_meme.txt	MA1343.2	BZIP52	TGMCAGCT	2.40e-1	1.00e0	9.27e2	354	206	206	206	2	129	62.62	121	58.74
655	data/reference/motifs/JASPAR2026_CORE_plants_non-redundant_pfms_meme.txt	MA0551.2	HY5	TGMCACGTGKCA	8.44e-1	1.00e0	9.27e2	137	206	206	206	4	17	8.25	22	10.68
656	data/reference/motifs/JASPAR2026_CORE_plants_non-redundant_pfms_meme.txt	MA1351.3	GBF3	ACGTGGCA	1.05e-1	1.00e0	9.27e2	412	206	206	206	17	21	10.19	13	6.31
657	data/reference/motifs/JASPAR2026_CORE_plants_non-redundant_pfms_meme.txt	MA1349.2	BZIP16	HSACGTGGCA	7.77e-1	1.00e0	9.27e2	142	206	206	206	3	7	3.40	9	4.37
658	data/reference/motifs/JASPAR2026_CORE_plants_non-redundant_pfms_meme.txt	MA0968.3	BZIP68	TGCCACGTSA	5.00e-1	1.00e0	9.27e2	276	206	206	206	8	2	0.97	1	0.49
659	data/reference/motifs/JASPAR2026_CORE_plants_non-redundant_pfms_meme.txt	MA1835.2	TFLG2-Zm00001d042777	GTACGTAC	4.08e-1	1.00e0	9.27e2	382	206	206	206	9	50	24.27	47	22.82
660	data/reference/motifs/JASPAR2026_CORE_plants_non-redundant_pfms_meme.txt	MA1346.2	TGA10	GMTGACGTCA	1.61e-1	1.00e0	9.27e2	245	206	206	206	2	62	30.10	52	25.24
661	data/reference/motifs/JASPAR2026_CORE_plants_non-redundant_pfms_meme.txt	MA1070.3	TGA7	ATGACGTCAB	2.15e-1	1.00e0	9.27e2	271	206	206	206	2	100	48.54	91	44.17
662	data/reference/motifs/JASPAR2026_CORE_plants_non-redundant_pfms_meme.txt	MA1047.3	TGA5	ATGACGTCA	1.72e-1	1.00e0	9.27e2	388	206	206	206	10	18	8.74	12	5.83
663	data/reference/motifs/JASPAR2026_CORE_plants_non-redundant_pfms_meme.txt	MA0588.2	TGA1	SVTGACGT	2.22e-1	1.00e0	9.27e2	408	206	206	206	9	41	19.90	34	16.50
664	data/reference/motifs/JASPAR2026_CORE_plants_non-redundant_pfms_meme.txt	MA1745.2	BZIP63	TSACGTGG	2.67e-1	1.00e0	9.27e2	383	206	206	206	2	169	82.04	163	79.13
665	data/reference/motifs/JASPAR2026_CORE_plants_non-redundant_pfms_meme.txt	MA1417.2	O2	TGCCACGTCATC	5.78e-1	1.00e0	9.27e2	225	206	206	206	1	112	54.37	113	54.85
666	data/reference/motifs/JASPAR2026_CORE_plants_non-redundant_pfms_meme.txt	MA1344.2	BZIP28	TSACGTGGCA	5.53e-1	1.00e0	9.27e2	272	206	206	206	3	33	16.02	33	16.02
667	data/reference/motifs/JASPAR2026_CORE_plants_non-redundant_pfms_meme.txt	MA1659.2	ABF4	CCACGTS	1.42e-1	1.00e0	9.27e2	412	206	206	206	4	204	99.03	200	97.09
668	data/reference/motifs/JASPAR2026_CORE_plants_non-redundant_pfms_meme.txt	MA1338.3	DPBF3	TGMCACGTGTC	7.60e-1	1.00e0	9.27e2	246	206	206	206	4	16	7.77	19	9.22
669	data/reference/motifs/JASPAR2026_CORE_plants_non-redundant_pfms_meme.txt	MA0941.2	ABF2	ACACGTG	3.33e-1	1.00e0	9.27e2	412	206	206	206	20	30	14.56	26	12.62
670	data/reference/motifs/JASPAR2026_CORE_plants_non-redundant_pfms_meme.txt	MA0931.2	ABI5	GMCACGTG	3.68e-1	1.00e0	9.27e2	304	206	206	206	1	154	74.76	150	72.82
671	data/reference/motifs/JASPAR2026_CORE_plants_non-redundant_pfms_meme.txt	MA0930.3	ABF3	ACGTGTC	2.87e-1	1.00e0	9.27e2	412	206	206	206	25	8	3.88	5	2.43
672	data/reference/motifs/JASPAR2026_CORE_plants_non-redundant_pfms_meme.txt	MA0570.3	ABF1	ACACGTGKCA	7.36e-1	1.00e0	9.27e2	367	206	206	206	1	182	88.35	185	89.81
673	data/reference/motifs/JASPAR2026_CORE_plants_non-redundant_pfms_meme.txt	MA1822.2	Zm00001d018571	GTACGTAC	1.10e-1	1.00e0	9.27e2	398	206	206	206	14	37	17.96	27	13.11
674	data/reference/motifs/JASPAR2026_CORE_plants_non-redundant_pfms_meme.txt	MA1430.2	TB1	GGSCCCCCC	5.00e-1	1.00e0	9.27e2	188	206	206	206	4	9	4.37	8	3.88
675	data/reference/motifs/JASPAR2026_CORE_plants_non-redundant_pfms_meme.txt	MA1428.2	TCP8	GGSCCCAC	1.27e-1	1.00e0	9.27e2	411	206	206	206	9	182	88.35	173	83.98
676	data/reference/motifs/JASPAR2026_CORE_plants_non-redundant_pfms_meme.txt	MA1410.2	StBRC1	GGGSCCM	1.10e-1	1.00e0	9.27e2	401	206	206	206	1	203	98.54	198	96.12
677	data/reference/motifs/JASPAR2026_CORE_plants_non-redundant_pfms_meme.txt	MA1289.2	TCP3	GGGACCAC	3.81e-1	1.00e0	9.27e2	160	206	206	206	1	82	39.81	78	37.86
678	data/reference/motifs/JASPAR2026_CORE_plants_non-redundant_pfms_meme.txt	MA1286.2	TCP24	GGGACCAC	2.49e-1	1.00e0	9.27e2	235	206	206	206	6	2	0.97	0	0.00
679	data/reference/motifs/JASPAR2026_CORE_plants_non-redundant_pfms_meme.txt	MA1282.2	TCP13	GTGGGGACCAC	2.98e-1	1.00e0	9.27e2	130	206	206	206	1	68	33.01	62	30.10
680	data/reference/motifs/JASPAR2026_CORE_plants_non-redundant_pfms_meme.txt	MA1064.2	TCP2	TGGKMCCA	2.25e-1	1.00e0	9.27e2	410	206	206	206	4	204	99.03	201	97.57
681	data/reference/motifs/JASPAR2026_CORE_plants_non-redundant_pfms_meme.txt	MA1054.2	ARALYDRAFT_897773	KGGGACCAC	1.42e-1	1.00e0	9.27e2	385	206	206	206	2	166	80.58	156	75.73
682	data/reference/motifs/JASPAR2026_CORE_plants_non-redundant_pfms_meme.txt	MA1031.2	OJ1581_H09.2	GGGCCC	2.46e-1	1.00e0	9.27e2	396	206	206	206	24	12	5.83	8	3.88
683	data/reference/motifs/JASPAR2026_CORE_plants_non-redundant_pfms_meme.txt	MA1019.2	Glyma19g26560.1	GGSCCCAC	1.42e-1	1.00e0	9.27e2	404	206	206	206	1	204	99.03	200	97.09
684	data/reference/motifs/JASPAR2026_CORE_plants_non-redundant_pfms_meme.txt	MA0587.2	TCP16	GTGGACCC	1.32e-1	1.00e0	9.27e2	303	206	206	206	1	157	76.21	146	70.87
685	data/reference/motifs/JASPAR2026_CORE_plants_non-redundant_pfms_meme.txt	MA2014.2	BAM8	CACACGTGY	4.55e-1	1.00e0	9.27e2	304	206	206	206	1	153	74.27	151	73.30
686	data/reference/motifs/JASPAR2026_CORE_plants_non-redundant_pfms_meme.txt	MA1333.2	BEH3	YGCACGTGTG	7.09e-1	1.00e0	9.27e2	114	206	206	206	1	55	26.70	59	28.64
687	data/reference/motifs/JASPAR2026_CORE_plants_non-redundant_pfms_meme.txt	MA1331.2	BEH4	YGCACGTGTG	8.84e-1	1.00e0	9.27e2	71	206	206	206	2	11	5.34	16	7.77
688	data/reference/motifs/JASPAR2026_CORE_plants_non-redundant_pfms_meme.txt	MA0550.3	BZR1	CRCACGTGYR	8.56e-1	1.00e0	9.27e2	129	206	206	206	1	60	29.13	69	33.50
689	data/reference/motifs/JASPAR2026_CORE_plants_non-redundant_pfms_meme.txt	MA0549.2	BZR2	RCACGTGKSV	6.53e-1	1.00e0	9.27e2	207	206	206	206	1	102	49.51	105	50.97
690	data/reference/motifs/JASPAR2026_CORE_plants_non-redundant_pfms_meme.txt	MA1834.2	Zm00001d034298	CCACGCG	1.85e-1	1.00e0	9.27e2	410	206	206	206	3	198	96.12	193	93.69
691	data/reference/motifs/JASPAR2026_CORE_plants_non-redundant_pfms_meme.txt	MA1816.2	O11	CACGTG	1.76e-1	1.00e0	9.27e2	344	206	206	206	2	176	85.44	168	81.55
692	data/reference/motifs/JASPAR2026_CORE_plants_non-redundant_pfms_meme.txt	MA1740.2	BHLH49	CACGTGC	6.38e-1	1.00e0	9.27e2	94	206	206	206	1	46	22.33	48	23.30
693	data/reference/motifs/JASPAR2026_CORE_plants_non-redundant_pfms_meme.txt	MA1739.2	BHLH122	CMACTTG	3.11e-1	1.00e0	9.27e2	374	206	206	206	7	10	4.85	7	3.40
694	data/reference/motifs/JASPAR2026_CORE_plants_non-redundant_pfms_meme.txt	MA1412.2	TSAR2	GCACGTGC	1.64e-1	1.00e0	9.27e2	251	206	206	206	6	34	16.50	26	12.62
695	data/reference/motifs/JASPAR2026_CORE_plants_non-redundant_pfms_meme.txt	MA1411.2	TSAR1	GCACGTGC	1.74e-1	1.00e0	9.27e2	257	206	206	206	8	12	5.83	7	3.40
696	data/reference/motifs/JASPAR2026_CORE_plants_non-redundant_pfms_meme.txt	MA1364.2	BHLH72	GCCACGTGG	6.07e-1	1.00e0	9.27e2	276	206	206	206	5	7	3.40	7	3.40
697	data/reference/motifs/JASPAR2026_CORE_plants_non-redundant_pfms_meme.txt	MA1362.2	bHLH77	DWNGBCACGTGM	2.26e-1	1.00e0	9.27e2	253	206	206	206	2	66	32.04	58	28.16
698	data/reference/motifs/JASPAR2026_CORE_plants_non-redundant_pfms_meme.txt	MA1361.2	bHLH18	CRCGTKWWHCACGTG	2.77e-1	1.00e0	9.27e2	211	206	206	206	1	109	52.91	102	49.51
699	data/reference/motifs/JASPAR2026_CORE_plants_non-redundant_pfms_meme.txt	MA1360.3	bHLH74	CACGTG	3.37e-1	1.00e0	9.27e2	348	206	206	206	5	70	33.98	65	31.55
700	data/reference/motifs/JASPAR2026_CORE_plants_non-redundant_pfms_meme.txt	MA1359.3	BPE	CACGTG	7.78e-1	1.00e0	9.27e2	347	206	206	206	8	35	16.99	40	19.42
701	data/reference/motifs/JASPAR2026_CORE_plants_non-redundant_pfms_meme.txt	MA1357.2	bHLH80	TGCAAGTKG	7.49e-1	1.00e0	9.27e2	204	206	206	206	2	31	15.05	35	16.99
702	data/reference/motifs/JASPAR2026_CORE_plants_non-redundant_pfms_meme.txt	MA1074.2	UNE10	CACGTGM	6.38e-1	1.00e0	9.27e2	94	206	206	206	1	46	22.33	48	23.30
703	data/reference/motifs/JASPAR2026_CORE_plants_non-redundant_pfms_meme.txt	MA1061.2	SPT	CCACGTG	4.53e-1	1.00e0	9.27e2	410	206	206	206	16	46	22.33	44	21.36
704	data/reference/motifs/JASPAR2026_CORE_plants_non-redundant_pfms_meme.txt	MA1025.2	HBI1	GCACGTG	4.20e-1	1.00e0	9.27e2	392	206	206	206	5	83	40.29	80	38.83
705	data/reference/motifs/JASPAR2026_CORE_plants_non-redundant_pfms_meme.txt	MA0966.2	BIM3	CACGTG	2.61e-1	1.00e0	9.27e2	412	206	206	206	18	172	83.50	166	80.58
706	data/reference/motifs/JASPAR2026_CORE_plants_non-redundant_pfms_meme.txt	MA0965.3	BIM2	CACGTG	5.00e-1	1.00e0	9.27e2	383	206	206	206	16	10	4.85	9	4.37
707	data/reference/motifs/JASPAR2026_CORE_plants_non-redundant_pfms_meme.txt	MA0964.3	BIM1	TCACGTGA	3.21e-1	1.00e0	9.27e2	319	206	206	206	6	51	24.76	46	22.33
708	data/reference/motifs/JASPAR2026_CORE_plants_non-redundant_pfms_meme.txt	MA0962.2	bHLH34	GCACGTG	3.06e-1	1.00e0	9.27e2	346	206	206	206	2	131	63.59	125	60.68
709	data/reference/motifs/JASPAR2026_CORE_plants_non-redundant_pfms_meme.txt	MA0961.2	bHLH112	CCACTTG	7.13e-1	1.00e0	9.27e2	146	206	206	206	3	6	2.91	7	3.40
710	data/reference/motifs/JASPAR2026_CORE_plants_non-redundant_pfms_meme.txt	MA0956.2	BEE2	CACGTG	3.47e-1	1.00e0	9.27e2	412	206	206	206	38	104	50.49	99	48.06
711	data/reference/motifs/JASPAR2026_CORE_plants_non-redundant_pfms_meme.txt	MA0569.2	MYC4	CACGTGC	2.76e-1	1.00e0	9.27e2	383	206	206	206	4	117	56.80	110	53.40
712	data/reference/motifs/JASPAR2026_CORE_plants_non-redundant_pfms_meme.txt	MA0560.2	PIF3	CCACGTG	1.61e-1	1.00e0	9.27e2	290	206	206	206	2	98	47.57	87	42.23
713	data/reference/motifs/JASPAR2026_CORE_plants_non-redundant_pfms_meme.txt	MA0552.2	PIF1	CACGTG	5.89e-1	1.00e0	9.27e2	307	206	206	206	1	153	74.27	154	74.76
714	data/reference/motifs/JASPAR2026_CORE_plants_non-redundant_pfms_meme.txt	MA0582.2	RAV1	GCAACA	2.29e-1	1.00e0	9.27e2	411	206	206	206	10	183	88.83	177	85.92
715	data/reference/motifs/JASPAR2026_CORE_plants_non-redundant_pfms_meme.txt	MA1698.2	ARF7	GCCGACAAG	2.56e-1	1.00e0	9.27e2	390	206	206	206	1	197	95.63	193	93.69
716	data/reference/motifs/JASPAR2026_CORE_plants_non-redundant_pfms_meme.txt	MA1697.2	ARF4	ACGACAAG	2.45e-1	1.00e0	9.27e2	411	206	206	206	11	105	50.97	97	47.09
717	data/reference/motifs/JASPAR2026_CORE_plants_non-redundant_pfms_meme.txt	MA1696.2	ARF39	GGGGRACACGT	3.32e-1	1.00e0	9.27e2	396	206	206	206	3	149	72.33	144	69.90
718	data/reference/motifs/JASPAR2026_CORE_plants_non-redundant_pfms_meme.txt	MA1695.2	ARF36	GGGGGACAHGTC	3.46e-1	1.00e0	9.27e2	341	206	206	206	2	117	56.80	112	54.37
719	data/reference/motifs/JASPAR2026_CORE_plants_non-redundant_pfms_meme.txt	MA1694.2	ARF35	CCCGACAAG	5.00e-1	1.00e0	9.27e2	396	206	206	206	20	1	0.49	0	0.00
720	data/reference/motifs/JASPAR2026_CORE_plants_non-redundant_pfms_meme.txt	MA1693.2	ARF34	CAGACAGC	1.06e-1	1.00e0	9.27e2	409	206	206	206	6	143	69.42	130	63.11
721	data/reference/motifs/JASPAR2026_CORE_plants_non-redundant_pfms_meme.txt	MA1692.2	ARF29	GCCGACAA	4.61e-1	1.00e0	9.27e2	405	206	206	206	6	108	52.43	106	51.46
722	data/reference/motifs/JASPAR2026_CORE_plants_non-redundant_pfms_meme.txt	MA1690.2	ARF25	ARMGGGRGACAM	1.13e-1	1.00e0	9.27e2	346	206	206	206	1	178	86.41	168	81.55
723	data/reference/motifs/JASPAR2026_CORE_plants_non-redundant_pfms_meme.txt	MA1689.2	ARF18	CCGACAAA	1.24e-1	1.00e0	9.27e2	412	206	206	206	2	206	100.00	203	98.54
724	data/reference/motifs/JASPAR2026_CORE_plants_non-redundant_pfms_meme.txt	MA1688.2	ARF16	CAAGACAAGA	3.72e-1	1.00e0	9.27e2	412	206	206	206	19	61	29.61	57	27.67
725	data/reference/motifs/JASPAR2026_CORE_plants_non-redundant_pfms_meme.txt	MA1685.2	ARF10	ARNGGGAGACA	2.24e-1	1.00e0	9.27e2	385	206	206	206	5	64	31.07	56	27.18
726	data/reference/motifs/JASPAR2026_CORE_plants_non-redundant_pfms_meme.txt	MA0944.2	ARF8	TGTCGG	1.85e-1	1.00e0	9.27e2	412	206	206	206	48	13	6.31	8	3.88
727	data/reference/motifs/JASPAR2026_CORE_plants_non-redundant_pfms_meme.txt	MA0943.2	ARF5	RCCGACA	3.12e-1	1.00e0	9.27e2	402	206	206	206	20	3	1.46	1	0.49
728	data/reference/motifs/JASPAR2026_CORE_plants_non-redundant_pfms_meme.txt	MA1810.2	GLYMA-08G357600	ATGCATGCA	2.40e-1	1.00e0	9.27e2	410	206	206	206	4	180	87.38	174	84.47
729	data/reference/motifs/JASPAR2026_CORE_plants_non-redundant_pfms_meme.txt	MA0581.2	LEC2	CATGCR	1.38e-1	1.00e0	9.27e2	383	206	206	206	8	20	9.71	13	6.31
730	data/reference/motifs/JASPAR2026_CORE_plants_non-redundant_pfms_meme.txt	MA0565.3	FUS3	ACATGCA	3.96e-1	1.00e0	9.27e2	351	206	206	206	4	36	17.48	33	16.02
731	data/reference/motifs/JASPAR2026_CORE_plants_non-redundant_pfms_meme.txt	MA0564.2	ABI3	GCATGC	2.25e-1	1.00e0	9.27e2	409	206	206	206	35	5	2.43	2	0.97
732	data/reference/motifs/JASPAR2026_CORE_plants_non-redundant_pfms_meme.txt	MA2013.2	ERF115	YCGCCGCCGCM	2.49e-1	1.00e0	9.27e2	199	206	206	206	18	2	0.97	0	0.00
733	data/reference/motifs/JASPAR2026_CORE_plants_non-redundant_pfms_meme.txt	MA1833.2	Zm00001d049364	CCGCCGCCGCC	2.32e-1	1.00e0	9.27e2	221	206	206	206	2	72	34.95	64	31.07
734	data/reference/motifs/JASPAR2026_CORE_plants_non-redundant_pfms_meme.txt	MA1831.2	Zm00001d031796	GACGGCGACG	4.08e-1	1.00e0	9.27e2	315	206	206	206	1	159	77.18	156	75.73
735	data/reference/motifs/JASPAR2026_CORE_plants_non-redundant_pfms_meme.txt	MA1820.2	Zm00001d024324	CGCCGCCGC	4.20e-1	1.00e0	9.27e2	255	206	206	206	1	129	62.62	126	61.17
736	data/reference/motifs/JASPAR2026_CORE_plants_non-redundant_pfms_meme.txt	MA1819.2	Zm00001d005892	CGCCGCCG	2.14e-1	1.00e0	9.27e2	298	206	206	206	2	120	58.25	111	53.88
737	data/reference/motifs/JASPAR2026_CORE_plants_non-redundant_pfms_meme.txt	MA1817.2	Zm00001d020267	CGCCGCCGCC	1.61e-1	1.00e0	9.27e2	245	206	206	206	4	45	21.84	36	17.48
738	data/reference/motifs/JASPAR2026_CORE_plants_non-redundant_pfms_meme.txt	MA1804.2	WIN1	CRCCGC	1.11e-1	1.00e0	9.27e2	412	206	206	206	13	192	93.20	184	89.32
739	data/reference/motifs/JASPAR2026_CORE_plants_non-redundant_pfms_meme.txt	MA1754.2	ERF073	CKCCGCCGCCR	5.00e-1	1.00e0	9.27e2	126	206	206	206	7	3	1.46	2	0.97
740	data/reference/motifs/JASPAR2026_CORE_plants_non-redundant_pfms_meme.txt	MA1753.2	ERF057	CCDCCDCCRCCGCC	2.49e-1	1.00e0	9.27e2	192	206	206	206	18	2	0.97	0	0.00
741	data/reference/motifs/JASPAR2026_CORE_plants_non-redundant_pfms_meme.txt	MA1748.2	DREB1F	GCCGAC	1.31e-1	1.00e0	9.27e2	400	206	206	206	9	82	39.81	70	33.98
742	data/reference/motifs/JASPAR2026_CORE_plants_non-redundant_pfms_meme.txt	MA1679.2	RAP2-1	CACCGACA	2.77e-1	1.00e0	9.27e2	363	206	206	206	3	108	52.43	101	49.03
743	data/reference/motifs/JASPAR2026_CORE_plants_non-redundant_pfms_meme.txt	MA1671.2	ERF118	CCGCCGCC	2.49e-1	1.00e0	9.27e2	297	206	206	206	17	2	0.97	0	0.00
744	data/reference/motifs/JASPAR2026_CORE_plants_non-redundant_pfms_meme.txt	MA1670.2	DREB1C	GCCGACAT	3.80e-1	1.00e0	9.27e2	385	206	206	206	5	79	38.35	75	36.41
745	data/reference/motifs/JASPAR2026_CORE_plants_non-redundant_pfms_meme.txt	MA1669.2	DREB1B	GCCGACAT	3.52e-1	1.00e0	9.27e2	377	206	206	206	6	40	19.42	36	17.48
746	data/reference/motifs/JASPAR2026_CORE_plants_non-redundant_pfms_meme.txt	MA1265.3	ERF015	CACCGACA	1.47e-1	1.00e0	9.27e2	360	206	206	206	2	144	69.90	133	64.56
747	data/reference/motifs/JASPAR2026_CORE_plants_non-redundant_pfms_meme.txt	MA1260.2	ERF013	TGTCGGTGG	2.79e-1	1.00e0	9.27e2	198	206	206	206	3	16	7.77	12	5.83
748	data/reference/motifs/JASPAR2026_CORE_plants_non-redundant_pfms_meme.txt	MA1259.2	ERF023	TGTCGGTGR	2.43e-1	1.00e0	9.27e2	178	206	206	206	1	93	45.15	85	41.26
749	data/reference/motifs/JASPAR2026_CORE_plants_non-redundant_pfms_meme.txt	MA1258.2	DREB2A	AWGKCGGTG	2.49e-1	1.00e0	9.27e2	262	206	206	206	9	2	0.97	0	0.00
750	data/reference/motifs/JASPAR2026_CORE_plants_non-redundant_pfms_meme.txt	MA1256.2	RAP2-12	DRYGGCGGCGG	2.49e-1	1.00e0	9.27e2	168	206	206	206	9	2	0.97	0	0.00
751	data/reference/motifs/JASPAR2026_CORE_plants_non-redundant_pfms_meme.txt	MA1253.2	ERF036	TGTCGGTG	3.28e-1	1.00e0	9.27e2	351	206	206	206	5	28	13.59	24	11.65
752	data/reference/motifs/JASPAR2026_CORE_plants_non-redundant_pfms_meme.txt	MA1251.2	RAP2-9	CACCGACAW	3.74e-1	1.00e0	9.27e2	155	206	206	206	2	23	11.17	20	9.71
753	data/reference/motifs/JASPAR2026_CORE_plants_non-redundant_pfms_meme.txt	MA1250.2	DREB2D	CCDCCDCCACCGCC	5.00e-1	1.00e0	9.27e2	240	206	206	206	14	2	0.97	1	0.49
754	data/reference/motifs/JASPAR2026_CORE_plants_non-redundant_pfms_meme.txt	MA1248.2	ERF012	CCACCGMC	1.42e-1	1.00e0	9.27e2	286	206	206	206	9	6	2.91	2	0.97
755	data/reference/motifs/JASPAR2026_CORE_plants_non-redundant_pfms_meme.txt	MA1246.2	LEP	CKCCGCCGYC	2.49e-1	1.00e0	9.27e2	241	206	206	206	16	2	0.97	0	0.00
756	data/reference/motifs/JASPAR2026_CORE_plants_non-redundant_pfms_meme.txt	MA1245.3	ERF112	CCGCCGCCR	2.09e-1	1.00e0	9.27e2	314	206	206	206	1	161	78.16	153	74.27
757	data/reference/motifs/JASPAR2026_CORE_plants_non-redundant_pfms_meme.txt	MA1244.2	ABR1	DTKGCGGCGGMG	2.49e-1	1.00e0	9.27e2	209	206	206	206	16	2	0.97	0	0.00
758	data/reference/motifs/JASPAR2026_CORE_plants_non-redundant_pfms_meme.txt	MA1243.2	DREB2E	MACCGACWTW	2.49e-1	1.00e0	9.27e2	169	206	206	206	6	2	0.97	0	0.00
759	data/reference/motifs/JASPAR2026_CORE_plants_non-redundant_pfms_meme.txt	MA1240.2	ERF077	CCGCCGCCRY	2.75e-1	1.00e0	9.27e2	239	206	206	206	1	123	59.71	116	56.31
760	data/reference/motifs/JASPAR2026_CORE_plants_non-redundant_pfms_meme.txt	MA1234.2	ERF017	TGGWCGGTG	1.68e-1	1.00e0	9.27e2	286	206	206	206	1	148	71.84	138	66.99
761	data/reference/motifs/JASPAR2026_CORE_plants_non-redundant_pfms_meme.txt	MA1233.3	ERF021	CGCCGACA	4.56e-1	1.00e0	9.27e2	397	206	206	206	3	151	73.30	149	72.33
762	data/reference/motifs/JASPAR2026_CORE_plants_non-redundant_pfms_meme.txt	MA1229.2	ERF034	TGTCGGTGR	2.45e-1	1.00e0	9.27e2	192	206	206	206	1	100	48.54	92	44.66
763	data/reference/motifs/JASPAR2026_CORE_plants_non-redundant_pfms_meme.txt	MA1227.3	ERF027	RCCGACA	5.00e-1	1.00e0	9.27e2	397	206	206	206	1	199	96.60	198	96.12
764	data/reference/motifs/JASPAR2026_CORE_plants_non-redundant_pfms_meme.txt	MA1226.2	DREB2G	GGHGGAGGCGGTGG	2.42e-1	1.00e0	9.27e2	240	206	206	206	1	124	60.19	116	56.31
765	data/reference/motifs/JASPAR2026_CORE_plants_non-redundant_pfms_meme.txt	MA1220.2	TINY	YCACCGACA	2.15e-1	1.00e0	9.27e2	203	206	206	206	1	106	51.46	97	47.09
766	data/reference/motifs/JASPAR2026_CORE_plants_non-redundant_pfms_meme.txt	MA1219.3	ERF011	CACCGAC	2.49e-1	1.00e0	9.27e2	386	206	206	206	19	2	0.97	0	0.00
767	data/reference/motifs/JASPAR2026_CORE_plants_non-redundant_pfms_meme.txt	MA1218.2	DREB1D	ATGTCGGY	3.05e-1	1.00e0	9.27e2	191	206	206	206	3	21	10.19	17	8.25
768	data/reference/motifs/JASPAR2026_CORE_plants_non-redundant_pfms_meme.txt	MA1005.3	ERF082	CCGCCGCCR	1.90e-1	1.00e0	9.27e2	297	206	206	206	1	153	74.27	144	69.90
769	data/reference/motifs/JASPAR2026_CORE_plants_non-redundant_pfms_meme.txt	MA1004.2	ERF13	SGCCGCC	2.49e-1	1.00e0	9.27e2	314	206	206	206	26	2	0.97	0	0.00
770	data/reference/motifs/JASPAR2026_CORE_plants_non-redundant_pfms_meme.txt	MA1001.4	ERF076	CCGCCGCCRC	2.49e-1	1.00e0	9.27e2	288	206	206	206	23	2	0.97	0	0.00
771	data/reference/motifs/JASPAR2026_CORE_plants_non-redundant_pfms_meme.txt	MA1000.3	ERF105	RYGGCGGCGG	3.79e-1	1.00e0	9.27e2	150	206	206	206	1	77	37.38	73	35.44
772	data/reference/motifs/JASPAR2026_CORE_plants_non-redundant_pfms_meme.txt	MA0998.2	ERF096	GCCGCC	1.73e-1	1.00e0	9.27e2	409	206	206	206	22	51	24.76	42	20.39
773	data/reference/motifs/JASPAR2026_CORE_plants_non-redundant_pfms_meme.txt	MA0997.2	ERF069	GCCG	1.51e-1	1.00e0	9.27e2	412	206	206	206	43	174	84.47	165	80.10
774	data/reference/motifs/JASPAR2026_CORE_plants_non-redundant_pfms_meme.txt	MA0994.3	ERF8	TGRCGGCGGCG	2.49e-1	1.00e0	9.27e2	254	206	206	206	19	2	0.97	0	0.00
775	data/reference/motifs/JASPAR2026_CORE_plants_non-redundant_pfms_meme.txt	MA0993.2	ERF7	GCCG	2.07e-1	1.00e0	9.27e2	412	206	206	206	29	162	78.64	154	74.76
776	data/reference/motifs/JASPAR2026_CORE_plants_non-redundant_pfms_meme.txt	MA0980.3	RAP2-10	RCCGACA	1.26e-1	1.00e0	9.27e2	392	206	206	206	1	199	96.60	193	93.69
777	data/reference/motifs/JASPAR2026_CORE_plants_non-redundant_pfms_meme.txt	MA0976.3	CRF4	CCGCCGCCRC	2.49e-1	1.00e0	9.27e2	271	206	206	206	24	2	0.97	0	0.00
778	data/reference/motifs/JASPAR2026_CORE_plants_non-redundant_pfms_meme.txt	MA0971.2	DREB1A	ATGTCGGY	3.46e-1	1.00e0	9.27e2	374	206	206	206	4	96	46.60	91	44.17
779	data/reference/motifs/JASPAR2026_CORE_plants_non-redundant_pfms_meme.txt	MA1377.2	PLT1	KGCACGVWTHYCGAGR	4.49e-1	1.00e0	9.27e2	202	206	206	206	2	38	18.45	36	17.48
780	data/reference/motifs/JASPAR2026_CORE_plants_non-redundant_pfms_meme.txt	MA1751.2	EIL3	AGRTWCAT	9.27e-2	1.00e0	9.27e2	412	206	206	206	11	84	40.78	70	33.98
781	data/reference/motifs/JASPAR2026_CORE_plants_non-redundant_pfms_meme.txt	MA1376.2	DEAR3	CRCCGMC	1.04e-1	1.00e0	9.27e2	412	206	206	206	11	145	70.39	132	64.08
782	data/reference/motifs/JASPAR2026_CORE_plants_non-redundant_pfms_meme.txt	MA2449.1	SPL6A	GCGGTAGTACC	1.45e-1	1.00e0	9.27e2	281	206	206	206	1	146	70.87	135	65.53
783	data/reference/motifs/JASPAR2026_CORE_plants_non-redundant_pfms_meme.txt	MA2424.1	OsbZIP77	TGCCACGTCABC	4.40e-1	1.00e0	9.27e2	179	206	206	206	2	26	12.62	24	11.65
784	data/reference/motifs/JASPAR2026_CORE_plants_non-redundant_pfms_meme.txt	MA2423.1	OsbZIP69	GMTGACGTGGCA	3.82e-1	1.00e0	9.27e2	174	206	206	206	1	89	43.20	85	41.26
785	data/reference/motifs/JASPAR2026_CORE_plants_non-redundant_pfms_meme.txt	MA2422.1	OsbZIP42	TGMCACGTCA	1.42e-1	1.00e0	9.27e2	404	206	206	206	1	204	99.03	200	97.09
786	data/reference/motifs/JASPAR2026_CORE_plants_non-redundant_pfms_meme.txt	MA2417.1	EREB71	CACCGVCYMC	2.87e-1	1.00e0	9.27e2	301	206	206	206	9	8	3.88	5	2.43
787	data/reference/motifs/JASPAR2026_CORE_plants_non-redundant_pfms_meme.txt	MA2416.1	EREB29	GCCGCCGCCC	5.00e-1	1.00e0	9.27e2	235	206	206	206	14	3	1.46	2	0.97
788	data/reference/motifs/JASPAR2026_CORE_plants_non-redundant_pfms_meme.txt	MA2415.1	EREB138	CMGCCGCCAT	1.24e-1	1.00e0	9.27e2	338	206	206	206	1	174	84.47	164	79.61
789	data/reference/motifs/JASPAR2026_CORE_plants_non-redundant_pfms_meme.txt	MA2414.1	EREB127	TGCCGACA	1.21e-1	1.00e0	9.27e2	335	206	206	206	4	53	25.73	42	20.39
790	data/reference/motifs/JASPAR2026_CORE_plants_non-redundant_pfms_meme.txt	MA2413.1	ZmbZIP96	GASACGTGKCA	5.44e-1	1.00e0	9.27e2	298	206	206	206	1	149	72.33	149	72.33
791	data/reference/motifs/JASPAR2026_CORE_plants_non-redundant_pfms_meme.txt	MA2412.1	ZmbZIP72	GATGACATCA	1.80e-1	1.00e0	9.27e2	405	206	206	206	7	82	39.81	72	34.95
792	data/reference/motifs/JASPAR2026_CORE_plants_non-redundant_pfms_meme.txt	MA2411.1	ZmbZIP57	ATGATGTCAT	1.54e-1	1.00e0	9.27e2	409	206	206	206	6	135	65.53	124	60.19
793	data/reference/motifs/JASPAR2026_CORE_plants_non-redundant_pfms_meme.txt	MA2410.1	ZmbZIP54	TGACGTCA	1.81e-1	1.00e0	9.27e2	404	206	206	206	16	28	13.59	21	10.19
794	data/reference/motifs/JASPAR2026_CORE_plants_non-redundant_pfms_meme.txt	MA2409.1	ZmbZIP25	GATGACATCA	1.73e-1	1.00e0	9.27e2	406	206	206	206	8	73	35.44	63	30.58
795	data/reference/motifs/JASPAR2026_CORE_plants_non-redundant_pfms_meme.txt	MA2408.1	BAD1	CCGGGCCCCSVC	5.00e-1	1.00e0	9.27e2	156	206	206	206	9	4	1.94	3	1.46
796	data/reference/motifs/JASPAR2026_CORE_plants_non-redundant_pfms_meme.txt	MA2407.1	PK24978.1	CACGTGT	1.10e-1	1.00e0	9.27e2	412	206	206	206	44	37	17.96	27	13.11
797	data/reference/motifs/JASPAR2026_CORE_plants_non-redundant_pfms_meme.txt	MA2406.1	PK03576.1	CACGTGC	5.00e-1	1.00e0	9.27e2	85	206	206	206	2	25	12.14	24	11.65
798	data/reference/motifs/JASPAR2026_CORE_plants_non-redundant_pfms_meme.txt	MA2404.1	OsTRBF3	WRMCCTA	2.19e-1	1.00e0	9.27e2	412	206	206	206	34	40	19.42	33	16.02
799	data/reference/motifs/JASPAR2026_CORE_plants_non-redundant_pfms_meme.txt	MA2402.1	OsERF104	GCCGY	4.11e-1	1.00e0	9.27e2	412	206	206	206	11	154	74.76	151	73.30
800	data/reference/motifs/JASPAR2026_CORE_plants_non-redundant_pfms_meme.txt	MA2401.1	Os05g0437700	MCACGTGK	9.47e-1	1.00e0	9.27e2	272	206	206	206	8	7	3.40	13	6.31
801	data/reference/motifs/JASPAR2026_CORE_plants_non-redundant_pfms_meme.txt	MA2400.1	LjTCP20	GGGACCAY	1.90e-1	1.00e0	9.27e2	291	206	206	206	6	8	3.88	4	1.94
802	data/reference/motifs/JASPAR2026_CORE_plants_non-redundant_pfms_meme.txt	MA2397.1	ILR3	CACGTG	3.16e-1	1.00e0	9.27e2	412	206	206	206	52	24	11.65	20	9.71
803	data/reference/motifs/JASPAR2026_CORE_plants_non-redundant_pfms_meme.txt	MA2396.1	IDD1	TTTTGTCGTTTT	3.13e-1	1.00e0	9.27e2	327	206	206	206	1	166	80.58	161	78.16
804	data/reference/motifs/JASPAR2026_CORE_plants_non-redundant_pfms_meme.txt	MA2395.1	PHYPA_011264	CACCGACM	1.86e-1	1.00e0	9.27e2	251	206	206	206	6	4	1.94	1	0.49
805	data/reference/motifs/JASPAR2026_CORE_plants_non-redundant_pfms_meme.txt	MA2393.1	PHYPA_008731	CACGTGC	1.61e-1	1.00e0	9.27e2	290	206	206	206	2	98	47.57	87	42.23
806	data/reference/motifs/JASPAR2026_CORE_plants_non-redundant_pfms_meme.txt	MA2391.1	Lg3	TGACRKC	1.61e-1	1.00e0	9.27e2	412	206	206	206	20	11	5.34	6	2.91
807	data/reference/motifs/JASPAR2026_CORE_plants_non-redundant_pfms_meme.txt	MA2390.1	GLYMA19G26560	GGSCCCAC	1.42e-1	1.00e0	9.27e2	404	206	206	206	1	204	99.03	200	97.09
808	data/reference/motifs/JASPAR2026_CORE_plants_non-redundant_pfms_meme.txt	MA2389.1	GBF1	ACGTGKM	2.78e-1	1.00e0	9.27e2	412	206	206	206	17	182	88.35	177	85.92
809	data/reference/motifs/JASPAR2026_CORE_plants_non-redundant_pfms_meme.txt	MA2388.1	GATA1	AGATCTRRWT	2.29e-1	1.00e0	9.27e2	383	206	206	206	2	169	82.04	162	78.64
810	data/reference/motifs/JASPAR2026_CORE_plants_non-redundant_pfms_meme.txt	MA2384.1	estExt_Genewise1.C_2060077	SACGTGK	5.00e-1	1.00e0	9.27e2	333	206	206	206	1	167	81.07	166	80.58
811	data/reference/motifs/JASPAR2026_CORE_plants_non-redundant_pfms_meme.txt	MA2383.1	e_gw1.392.16.1	CTTTW	2.25e-1	1.00e0	9.27e2	412	206	206	206	236	5	2.43	2	0.97
812	data/reference/motifs/JASPAR2026_CORE_plants_non-redundant_pfms_meme.txt	MA2382.1	e_gw1.209.40.1	CACGTG	1.14e-1	1.00e0	9.27e2	410	206	206	206	32	12	5.83	6	2.91
813	data/reference/motifs/JASPAR2026_CORE_plants_non-redundant_pfms_meme.txt	MA2380.1	DOF4.7	TWACTTTTT	3.45e-1	1.00e0	9.27e2	412	206	206	206	11	174	84.47	170	82.52
814	data/reference/motifs/JASPAR2026_CORE_plants_non-redundant_pfms_meme.txt	MA2379.1	DOF3.1	CKTT	1.24e-1	1.00e0	9.27e2	412	206	206	206	285	3	1.46	0	0.00
815	data/reference/motifs/JASPAR2026_CORE_plants_non-redundant_pfms_meme.txt	MA2375.1	BMY2	SRCACGTGTGR	6.96e-1	1.00e0	9.27e2	148	206	206	206	1	72	34.95	76	36.89
816	data/reference/motifs/JASPAR2026_CORE_plants_non-redundant_pfms_meme.txt	MA2374.1	AHL13	ATATAATT	2.75e-1	1.00e0	9.27e2	412	206	206	206	164	90	43.69	83	40.29
817	data/reference/motifs/JASPAR2026_CORE_plants_non-redundant_pfms_meme.txt	MA2368.1	WRKY51	RGTCAA	2.43e-1	1.00e0	9.27e2	412	206	206	206	78	122	59.22	114	55.34
818	data/reference/motifs/JASPAR2026_CORE_plants_non-redundant_pfms_meme.txt	MA2367.1	WIP5	ACCTGGAGAAMAW	2.45e-1	1.00e0	9.27e2	411	206	206	206	9	108	52.43	100	48.54
819	data/reference/motifs/JASPAR2026_CORE_plants_non-redundant_pfms_meme.txt	MA2366.1	VOZ2	GCGT	2.55e-1	1.00e0	9.27e2	412	206	206	206	62	61	29.61	54	26.21
820	data/reference/motifs/JASPAR2026_CORE_plants_non-redundant_pfms_meme.txt	MA2364.1	VIT_15s0048g01150	GGGCCCAC	2.00e-1	1.00e0	9.27e2	398	206	206	206	3	166	80.58	158	76.70
821	data/reference/motifs/JASPAR2026_CORE_plants_non-redundant_pfms_meme.txt	MA2362.1	TEIL	AGRTWCAT	1.24e-1	1.00e0	9.27e2	412	206	206	206	31	55	26.70	44	21.36
822	data/reference/motifs/JASPAR2026_CORE_plants_non-redundant_pfms_meme.txt	MA2350.1	OsFBH1	CCACTTG	7.13e-1	1.00e0	9.27e2	146	206	206	206	3	6	2.91	7	3.40
823	data/reference/motifs/JASPAR2026_CORE_plants_non-redundant_pfms_meme.txt	MA2349.1	OsCCA1	AATATCT	9.37e-2	1.00e0	9.27e2	412	206	206	206	62	25	12.14	16	7.77
824	data/reference/motifs/JASPAR2026_CORE_plants_non-redundant_pfms_meme.txt	MA2348.1	IDD6	TTTTTGTCGTTTTSTK	3.28e-1	1.00e0	9.27e2	305	206	206	206	5	12	5.83	9	4.37
825	data/reference/motifs/JASPAR2026_CORE_plants_non-redundant_pfms_meme.txt	MA2342.1	URI	CACGTG	4.58e-1	1.00e0	9.27e2	405	206	206	206	10	138	66.99	136	66.02
826	data/reference/motifs/JASPAR2026_CORE_plants_non-redundant_pfms_meme.txt	MA2106.1	Zm00001d024644	CCTTATCC	5.00e-1	1.00e0	9.27e2	412	206	206	206	31	3	1.46	2	0.97
827	data/reference/motifs/JASPAR2026_CORE_plants_non-redundant_pfms_meme.txt	MA2105.1	GLYMA-13G317000	ACACGT	3.20e-1	1.00e0	9.27e2	394	206	206	206	2	185	89.81	181	87.86
828	data/reference/motifs/JASPAR2026_CORE_plants_non-redundant_pfms_meme.txt	MA2104.1	IDD11	AAAACGACAAAA	2.08e-1	1.00e0	9.27e2	373	206	206	206	7	9	4.37	5	2.43
829	data/reference/motifs/JASPAR2026_CORE_plants_non-redundant_pfms_meme.txt	MA1790.1	NAC073	CTTSWYBHWCAMGYT	3.46e-1	1.00e0	9.27e2	379	206	206	206	8	15	7.28	12	5.83
830	data/reference/motifs/JASPAR2026_CORE_plants_non-redundant_pfms_meme.txt	MA1783.1	NAC005	TWRCTTVTTYHAYAAGTTW	2.79e-1	1.00e0	9.27e2	189	206	206	206	4	16	7.77	12	5.83
831	data/reference/motifs/JASPAR2026_CORE_plants_non-redundant_pfms_meme.txt	MA1746.1	BZIP69	TGMCAGCTGTM	6.32e-1	1.00e0	9.27e2	111	206	206	206	2	19	9.22	20	9.71
832	data/reference/motifs/JASPAR2026_CORE_plants_non-redundant_pfms_meme.txt	MA1741.1	BRN2	CTTGWWHYDYACGYWA	1.65e-1	1.00e0	9.27e2	330	206	206	206	4	47	22.82	38	18.45
833	data/reference/motifs/JASPAR2026_CORE_plants_non-redundant_pfms_meme.txt	MA1687.1	ARF14	CGGGGGACAYGTCGGG	6.83e-1	1.00e0	9.27e2	91	206	206	206	1	44	21.36	47	22.82
834	data/reference/motifs/JASPAR2026_CORE_plants_non-redundant_pfms_meme.txt	MA1686.1	ARF13	ARCGGGGGACAYGT	9.06e-1	1.00e0	9.27e2	142	206	206	206	2	17	8.25	24	11.65
835	data/reference/motifs/JASPAR2026_CORE_plants_non-redundant_pfms_meme.txt	MA2092.1	PK27149.1	TGACGTGK	4.54e-1	1.00e0	9.27e2	381	206	206	206	2	158	76.70	156	75.73
836	data/reference/motifs/JASPAR2026_CORE_plants_non-redundant_pfms_meme.txt	MA2089.1	PK25870.1	RGTCAAM	3.10e-1	1.00e0	9.27e2	412	206	206	206	11	168	81.55	163	79.13
837	data/reference/motifs/JASPAR2026_CORE_plants_non-redundant_pfms_meme.txt	MA2088.1	PK24580.1	GCCGGCA	3.43e-1	1.00e0	9.27e2	115	206	206	206	5	4	1.94	2	0.97
838	data/reference/motifs/JASPAR2026_CORE_plants_non-redundant_pfms_meme.txt	MA2087.1	PK24205.1	CACGTGKC	8.82e-1	1.00e0	9.27e2	215	206	206	206	1	102	49.51	113	54.85
839	data/reference/motifs/JASPAR2026_CORE_plants_non-redundant_pfms_meme.txt	MA2086.1	PK23964.1	KCCACGT	3.12e-1	1.00e0	9.27e2	412	206	206	206	40	3	1.46	1	0.49
840	data/reference/motifs/JASPAR2026_CORE_plants_non-redundant_pfms_meme.txt	MA2084.1	PK23009.1	CTTTW	2.25e-1	1.00e0	9.27e2	412	206	206	206	108	204	99.03	201	97.57
841	data/reference/motifs/JASPAR2026_CORE_plants_non-redundant_pfms_meme.txt	MA2083.1	PK21166.1	YACCTACY	8.89e-2	1.00e0	9.27e2	412	206	206	206	24	14	6.80	7	3.40
842	data/reference/motifs/JASPAR2026_CORE_plants_non-redundant_pfms_meme.txt	MA2082.1	PK20392.1	AATMAT	1.86e-1	1.00e0	9.27e2	412	206	206	206	150	4	1.94	1	0.49
843	data/reference/motifs/JASPAR2026_CORE_plants_non-redundant_pfms_meme.txt	MA2081.1	PK20317.1	CKTTW	2.51e-1	1.00e0	9.27e2	412	206	206	206	116	155	75.24	148	71.84
844	data/reference/motifs/JASPAR2026_CORE_plants_non-redundant_pfms_meme.txt	MA2080.1	PK20225.1	CACGTG	2.29e-1	1.00e0	9.27e2	412	206	206	206	31	69	33.50	61	29.61
845	data/reference/motifs/JASPAR2026_CORE_plants_non-redundant_pfms_meme.txt	MA2078.1	PK19363.1	CGCCGCCR	1.32e-1	1.00e0	9.27e2	374	206	206	206	7	60	29.13	49	23.79
846	data/reference/motifs/JASPAR2026_CORE_plants_non-redundant_pfms_meme.txt	MA2077.1	PK18474.1	CACGTGC	6.38e-1	1.00e0	9.27e2	94	206	206	206	1	46	22.33	48	23.30
847	data/reference/motifs/JASPAR2026_CORE_plants_non-redundant_pfms_meme.txt	MA2076.1	PK18401.1	GCACGTGG	3.20e-1	1.00e0	9.27e2	393	206	206	206	1	198	96.12	195	94.66
848	data/reference/motifs/JASPAR2026_CORE_plants_non-redundant_pfms_meme.txt	MA2075.1	PK18009.1	ACACGTG	2.72e-1	1.00e0	9.27e2	412	206	206	206	5	202	98.06	199	96.60
849	data/reference/motifs/JASPAR2026_CORE_plants_non-redundant_pfms_meme.txt	MA2073.1	PK16340.1	CKTT	1.37e-1	1.00e0	9.27e2	412	206	206	206	151	198	96.12	192	93.20
850	data/reference/motifs/JASPAR2026_CORE_plants_non-redundant_pfms_meme.txt	MA2071.1	PK15505.1	GCACGTGT	6.81e-1	1.00e0	9.27e2	93	206	206	206	2	45	21.84	48	23.30
851	data/reference/motifs/JASPAR2026_CORE_plants_non-redundant_pfms_meme.txt	MA2070.1	PK15337.1	CTTT	2.49e-1	1.00e0	9.27e2	412	206	206	206	224	206	100.00	204	99.03
852	data/reference/motifs/JASPAR2026_CORE_plants_non-redundant_pfms_meme.txt	MA2069.1	PK10955.1	CTTTW	1.24e-1	1.00e0	9.27e2	412	206	206	206	71	3	1.46	0	0.00
853	data/reference/motifs/JASPAR2026_CORE_plants_non-redundant_pfms_meme.txt	MA2068.1	PK10344.1	GGGACCAC	7.36e-1	1.00e0	9.27e2	138	206	206	206	2	21	10.19	24	11.65
854	data/reference/motifs/JASPAR2026_CORE_plants_non-redundant_pfms_meme.txt	MA2067.1	PK09702.1	GCACGTGR	6.43e-1	1.00e0	9.27e2	84	206	206	206	1	41	19.90	43	20.87
855	data/reference/motifs/JASPAR2026_CORE_plants_non-redundant_pfms_meme.txt	MA2066.1	PK09021.1	TGACGTCA	7.51e-1	1.00e0	9.27e2	113	206	206	206	3	1	0.49	1	0.49
856	data/reference/motifs/JASPAR2026_CORE_plants_non-redundant_pfms_meme.txt	MA2065.1	PK08602.1	CCACCGCC	6.69e-1	1.00e0	9.27e2	54	206	206	206	1	26	12.62	28	13.59
857	data/reference/motifs/JASPAR2026_CORE_plants_non-redundant_pfms_meme.txt	MA2064.1	PK07858.1	CACGTGC	6.38e-1	1.00e0	9.27e2	94	206	206	206	1	46	22.33	48	23.30
858	data/reference/motifs/JASPAR2026_CORE_plants_non-redundant_pfms_meme.txt	MA2063.1	PK07402.1	RCCGMC	1.39e-1	1.00e0	9.27e2	408	206	206	206	10	111	53.88	99	48.06
859	data/reference/motifs/JASPAR2026_CORE_plants_non-redundant_pfms_meme.txt	MA2061.1	PK06517.1	CACGTGC	6.38e-1	1.00e0	9.27e2	94	206	206	206	1	46	22.33	48	23.30
860	data/reference/motifs/JASPAR2026_CORE_plants_non-redundant_pfms_meme.txt	MA2060.1	PK05451.1	CCACGTGM	6.81e-1	1.00e0	9.27e2	93	206	206	206	2	45	21.84	48	23.30
861	data/reference/motifs/JASPAR2026_CORE_plants_non-redundant_pfms_meme.txt	MA2059.1	PK05432.1	RGTCAA	2.46e-1	1.00e0	9.27e2	412	206	206	206	38	178	86.41	172	83.50
862	data/reference/motifs/JASPAR2026_CORE_plants_non-redundant_pfms_meme.txt	MA2057.1	PK01630.1	GCACGTG	2.49e-1	1.00e0	9.27e2	411	206	206	206	38	2	0.97	0	0.00
863	data/reference/motifs/JASPAR2026_CORE_plants_non-redundant_pfms_meme.txt	MA2056.1	PK01144.1	CTTT	9.43e-2	1.00e0	9.27e2	412	206	206	206	209	184	89.32	174	84.47
864	data/reference/motifs/JASPAR2026_CORE_plants_non-redundant_pfms_meme.txt	MA1416.1	RAMOSA1	GAGAGAGAGAGAGA	3.86e-1	1.00e0	9.27e2	192	206	206	206	17	7	3.40	5	2.43
865	data/reference/motifs/JASPAR2026_CORE_plants_non-redundant_pfms_meme.txt	MA1402.1	BPC6	CTCTCTCTCTCTCTCTCTCTC	4.35e-1	1.00e0	9.27e2	81	206	206	206	5	22	10.68	20	9.71
866	data/reference/motifs/JASPAR2026_CORE_plants_non-redundant_pfms_meme.txt	MA1380.1	TCX6	WTTTAAATTTTTWAA	5.00e-1	1.00e0	9.27e2	410	206	206	206	19	6	2.91	5	2.43
867	data/reference/motifs/JASPAR2026_CORE_plants_non-redundant_pfms_meme.txt	MA1379.1	SOL1	WTTWAAAATTTAAAW	6.38e-1	1.00e0	9.27e2	408	206	206	206	14	17	8.25	18	8.74
868	data/reference/motifs/JASPAR2026_CORE_plants_non-redundant_pfms_meme.txt	MA1373.1	GAF1	HABWAAACGACAAAA	5.80e-1	1.00e0	9.27e2	313	206	206	206	5	13	6.31	13	6.31
869	data/reference/motifs/JASPAR2026_CORE_plants_non-redundant_pfms_meme.txt	MA1363.1	LRL2	CGTGNKWBGCACGTG	3.83e-1	1.00e0	9.27e2	155	206	206	206	2	27	13.11	24	11.65
870	data/reference/motifs/JASPAR2026_CORE_plants_non-redundant_pfms_meme.txt	MA1339.1	BZIP43	GCCACGTCAGCA	6.03e-1	1.00e0	9.27e2	71	206	206	206	1	35	16.99	36	17.48
871	data/reference/motifs/JASPAR2026_CORE_plants_non-redundant_pfms_meme.txt	MA1335.1	TGA4	TGACGTCAKCA	2.69e-1	1.00e0	9.27e2	330	206	206	206	1	168	81.55	162	78.64
872	data/reference/motifs/JASPAR2026_CORE_plants_non-redundant_pfms_meme.txt	MA1324.1	GATA20	ATCSGATC	2.25e-1	1.00e0	9.27e2	348	206	206	206	9	5	2.43	2	0.97
873	data/reference/motifs/JASPAR2026_CORE_plants_non-redundant_pfms_meme.txt	MA1309.1	WRKY3	AAAAGTCAACG	1.08e-1	1.00e0	9.27e2	340	206	206	206	7	5	2.43	1	0.49
874	data/reference/motifs/JASPAR2026_CORE_plants_non-redundant_pfms_meme.txt	MA1290.1	TCP17	GTGGTCCCCAC	2.49e-1	1.00e0	9.27e2	212	206	206	206	5	2	0.97	0	0.00
875	data/reference/motifs/JASPAR2026_CORE_plants_non-redundant_pfms_meme.txt	MA1274.1	DOF3.6	TTTWCTTTTTHHYTTTTTTTT	2.49e-1	1.00e0	9.27e2	412	206	206	206	97	2	0.97	0	0.00
876	data/reference/motifs/JASPAR2026_CORE_plants_non-redundant_pfms_meme.txt	MA1242.1	DREB2F	CCDCCACCGCC	4.39e-1	1.00e0	9.27e2	194	206	206	206	3	25	12.14	23	11.17
877	data/reference/motifs/JASPAR2026_CORE_plants_non-redundant_pfms_meme.txt	MA1235.1	AIL7	CGNWTYYCGAG	3.12e-1	1.00e0	9.27e2	406	206	206	206	15	3	1.46	1	0.49
878	data/reference/motifs/JASPAR2026_CORE_plants_non-redundant_pfms_meme.txt	MA1225.1	ERF5	CCDCCGCCGCCGCCR	2.49e-1	1.00e0	9.27e2	152	206	206	206	13	2	0.97	0	0.00
879	data/reference/motifs/JASPAR2026_CORE_plants_non-redundant_pfms_meme.txt	MA1162.1	TCX2	WTTYAAAATTYAAAW	5.75e-1	1.00e0	9.27e2	405	206	206	206	13	15	7.28	15	7.28
880	data/reference/motifs/JASPAR2026_CORE_plants_non-redundant_pfms_meme.txt	MA1161.1	TSO1	WWTTWAAAATTTAAA	2.23e-1	1.00e0	9.27e2	409	206	206	206	19	10	4.85	6	2.91
881	data/reference/motifs/JASPAR2026_CORE_plants_non-redundant_pfms_meme.txt	MA1097.1	ARALYDRAFT_493022	GGSMCCAC	3.02e-1	1.00e0	9.27e2	272	206	206	206	1	139	67.48	133	64.56
882	data/reference/motifs/JASPAR2026_CORE_plants_non-redundant_pfms_meme.txt	MA1091.1	WRKY62	TGGTCAAC	5.00e-1	1.00e0	9.27e2	381	206	206	206	1	191	92.72	190	92.23
883	data/reference/motifs/JASPAR2026_CORE_plants_non-redundant_pfms_meme.txt	MA1084.1	WRKY38	CGTTGACC	3.00e-1	1.00e0	9.27e2	412	206	206	206	19	9	4.37	6	2.91
884	data/reference/motifs/JASPAR2026_CORE_plants_non-redundant_pfms_meme.txt	MA1080.1	WRKY23	AGTCAACG	6.11e-1	1.00e0	9.27e2	353	206	206	206	1	176	85.44	177	85.92
885	data/reference/motifs/JASPAR2026_CORE_plants_non-redundant_pfms_meme.txt	MA1075.1	WRKY12	CGTTGACC	4.05e-1	1.00e0	9.27e2	412	206	206	206	17	10	4.85	8	3.88
886	data/reference/motifs/JASPAR2026_CORE_plants_non-redundant_pfms_meme.txt	MA1067.1	TCP5	GGGACCAC	3.75e-1	1.00e0	9.27e2	230	206	206	206	4	6	2.91	4	1.94
887	data/reference/motifs/JASPAR2026_CORE_plants_non-redundant_pfms_meme.txt	MA1066.1	TCP23	GGGCCCAC	3.45e-1	1.00e0	9.27e2	327	206	206	206	2	122	59.22	117	56.80
888	data/reference/motifs/JASPAR2026_CORE_plants_non-redundant_pfms_meme.txt	MA1053.1	ERF109	GCGCCGCC	3.77e-1	1.00e0	9.27e2	274	206	206	206	1	139	67.48	135	65.53
889	data/reference/motifs/JASPAR2026_CORE_plants_non-redundant_pfms_meme.txt	MA1051.1	RAP2-3	GCGCCGCC	2.49e-1	1.00e0	9.27e2	353	206	206	206	33	2	0.97	0	0.00
890	data/reference/motifs/JASPAR2026_CORE_plants_non-redundant_pfms_meme.txt	MA1050.1	OsI_08196	GGGCCCAC	1.10e-1	1.00e0	9.27e2	348	206	206	206	1	179	86.89	169	82.04
891	data/reference/motifs/JASPAR2026_CORE_plants_non-redundant_pfms_meme.txt	MA1046.1	NTL9	TTAAGTAAT	5.00e-1	1.00e0	9.27e2	352	206	206	206	12	1	0.49	0	0.00
892	data/reference/motifs/JASPAR2026_CORE_plants_non-redundant_pfms_meme.txt	MA1035.1	TCP4	GGGACCAC	4.60e-1	1.00e0	9.27e2	246	206	206	206	1	124	60.19	122	59.22
893	data/reference/motifs/JASPAR2026_CORE_plants_non-redundant_pfms_meme.txt	MA1034.1	Os05g0497200	CGSCGCCR	5.00e-1	1.00e0	9.27e2	129	206	206	206	13	1	0.49	0	0.00
894	data/reference/motifs/JASPAR2026_CORE_plants_non-redundant_pfms_meme.txt	MA1033.1	OJ1058_F05.8	MCACGTGK	9.47e-1	1.00e0	9.27e2	272	206	206	206	8	7	3.40	13	6.31
895	data/reference/motifs/JASPAR2026_CORE_plants_non-redundant_pfms_meme.txt	MA1028.1	KAN4	GAATATTC	1.19e-1	1.00e0	9.27e2	394	206	206	206	6	150	72.82	138	66.99
896	data/reference/motifs/JASPAR2026_CORE_plants_non-redundant_pfms_meme.txt	MA1020.1	GT-1	GTTAACCA	3.81e-1	1.00e0	9.27e2	408	206	206	206	3	183	88.83	180	87.38
897	data/reference/motifs/JASPAR2026_CORE_plants_non-redundant_pfms_meme.txt	MA1013.1	GATA10	TAGATCTG	2.72e-1	1.00e0	9.27e2	319	206	206	206	9	15	7.28	11	5.34
898	data/reference/motifs/JASPAR2026_CORE_plants_non-redundant_pfms_meme.txt	MA1009.1	ARF3	TGTCGGAA	4.47e-1	1.00e0	9.27e2	401	206	206	206	7	35	16.99	33	16.02
899	data/reference/motifs/JASPAR2026_CORE_plants_non-redundant_pfms_meme.txt	MA0986.1	DREB2C	CACCGACA	5.00e-1	1.00e0	9.27e2	393	206	206	206	26	1	0.49	0	0.00
900	data/reference/motifs/JASPAR2026_CORE_plants_non-redundant_pfms_meme.txt	MA0978.1	DREB1E	ATGTCGGC	3.12e-1	1.00e0	9.27e2	301	206	206	206	7	3	1.46	1	0.49
901	data/reference/motifs/JASPAR2026_CORE_plants_non-redundant_pfms_meme.txt	MA0975.1	CRF2	SCGCCGCC	3.11e-1	1.00e0	9.27e2	222	206	206	206	1	114	55.34	108	52.43
902	data/reference/motifs/JASPAR2026_CORE_plants_non-redundant_pfms_meme.txt	MA0967.1	BZIP60	TGACGTCA	2.91e-1	1.00e0	9.27e2	412	206	206	206	26	18	8.74	14	6.80
903	data/reference/motifs/JASPAR2026_CORE_plants_non-redundant_pfms_meme.txt	MA0963.1	bHLH78	GCACGTGC	4.21e-1	1.00e0	9.27e2	175	206	206	206	2	89	43.20	86	41.75
904	data/reference/motifs/JASPAR2026_CORE_plants_non-redundant_pfms_meme.txt	MA0960.1	BHLH104	GGCACGTGCC	7.03e-1	1.00e0	9.27e2	67	206	206	206	2	32	15.53	35	16.99
905	data/reference/motifs/JASPAR2026_CORE_plants_non-redundant_pfms_meme.txt	MA0958.1	BHLH13	RCACGTGC	3.68e-1	1.00e0	9.27e2	345	206	206	206	6	56	27.18	52	25.24
906	data/reference/motifs/JASPAR2026_CORE_plants_non-redundant_pfms_meme.txt	MA0957.1	BHLH3	GCACGTGC	5.00e-1	1.00e0	9.27e2	388	206	206	206	28	1	0.49	0	0.00
907	data/reference/motifs/JASPAR2026_CORE_plants_non-redundant_pfms_meme.txt	MA0952.1	ATHB-51	AATWATTG	2.64e-1	1.00e0	9.27e2	412	206	206	206	13	186	90.29	181	87.86
908	data/reference/motifs/JASPAR2026_CORE_plants_non-redundant_pfms_meme.txt	MA0951.1	ATHB-16	TAATMATT	5.00e-1	1.00e0	9.27e2	412	206	206	206	4	201	97.57	200	97.09
909	data/reference/motifs/JASPAR2026_CORE_plants_non-redundant_pfms_meme.txt	MA0947.1	ARR14	AGATWCGS	1.30e-1	1.00e0	9.27e2	394	206	206	206	9	9	4.37	4	1.94
910	data/reference/motifs/JASPAR2026_CORE_plants_non-redundant_pfms_meme.txt	MA0939.1	NAC079	ACACGCAA	2.07e-1	1.00e0	9.27e2	348	206	206	206	2	135	65.53	126	61.17
911	data/reference/motifs/JASPAR2026_CORE_plants_non-redundant_pfms_meme.txt	MA0937.1	NAC055	ACACGTAA	9.85e-2	1.00e0	9.27e2	411	206	206	206	17	20	9.71	12	5.83
912	data/reference/motifs/JASPAR2026_CORE_plants_non-redundant_pfms_meme.txt	MA0936.1	NAC046	ACACGCMA	1.09e-1	1.00e0	9.27e2	412	206	206	206	37	139	67.48	126	61.17
913	data/reference/motifs/JASPAR2026_CORE_plants_non-redundant_pfms_meme.txt	MA0935.1	NAC025	YACGTAAY	4.47e-1	1.00e0	9.27e2	344	206	206	206	1	173	83.98	171	83.01
914	data/reference/motifs/JASPAR2026_CORE_plants_non-redundant_pfms_meme.txt	MA0933.1	AHL20	AATTAAWT	1.88e-1	1.00e0	9.27e2	412	206	206	206	127	107	51.94	97	47.09
915	data/reference/motifs/JASPAR2026_CORE_plants_non-redundant_pfms_meme.txt	MA0932.1	AHL12	AAWWWWTT	1.62e-1	1.00e0	9.27e2	412	206	206	206	208	110	53.40	99	48.06
916	data/reference/motifs/JASPAR2026_CORE_plants_non-redundant_pfms_meme.txt	MA0590.1	LFY	YATTRACCGSCGGTYAATR	7.51e-1	1.00e0	9.27e2	63	206	206	206	6	1	0.49	1	0.49
917	data/reference/motifs/JASPAR2026_CORE_plants_non-redundant_pfms_meme.txt	MA0580.1	DYT1	MGTGAGWCACGTGA	7.86e-1	1.00e0	9.27e2	104	206	206	206	1	49	23.79	55	26.70
918	data/reference/motifs/JASPAR2026_CORE_plants_non-redundant_pfms_meme.txt	MA0567.1	ERF1B	MGCCGCCA	1.89e-1	1.00e0	9.27e2	334	206	206	206	1	171	83.01	163	79.13
919	data/reference/motifs/JASPAR2026_CORE_plants_non-redundant_pfms_meme.txt	MA0562.1	PIF5	TCACGTGS	4.21e-1	1.00e0	9.27e2	175	206	206	206	1	89	43.20	86	41.75
920	data/reference/motifs/JASPAR2026_CORE_plants_non-redundant_pfms_meme.txt	MA0561.1	PIF4	CACGTGSC	2.91e-1	1.00e0	9.27e2	206	206	206	206	3	18	8.74	14	6.80
921	data/reference/motifs/JASPAR2026_CORE_plants_non-redundant_pfms_meme.txt	MA0128.1	EmBP-1	ASACGTGG	5.00e-1	1.00e0	9.27e2	387	206	206	206	6	32	15.53	31	15.05
922	data/reference/motifs/JASPAR2026_CORE_plants_non-redundant_pfms_meme.txt	MA0123.1	abi4	CGSYGCCCCC	3.46e-1	1.00e0	9.27e2	356	206	206	206	10	15	7.28	12	5.83
923	data/reference/motifs/JASPAR2026_CORE_plants_non-redundant_pfms_meme.txt	MA0097.1	bZIP911	GRTGACGTGGMC	9.88e-1	1.00e0	9.27e2	43	206	206	206	1	15	7.28	28	13.59
924	data/reference/motifs/JASPAR2026_CORE_plants_non-redundant_pfms_meme.txt	MA0096.1	bZIP910	MTGACGT	5.95e-1	1.00e0	9.27e2	186	206	206	206	3	9	4.37	9	4.37
925	data/reference/motifs/JASPAR2026_CORE_plants_non-redundant_pfms_meme.txt	MA0064.1	PBF	AAAGY	9.85e-2	1.00e0	9.27e2	412	206	206	206	21	189	91.75	180	87.38
926	data/reference/motifs/JASPAR2026_CORE_plants_non-redundant_pfms_meme.txt	MA0021.1	Dof3	AAAGYV	8.88e-2	1.00e0	9.27e2	412	206	206	206	10	142	68.93	128	62.14
927	data/reference/motifs/JASPAR2026_CORE_plants_non-redundant_pfms_meme.txt	MA1354.1	AT4G12670	CTAAACCCTAAACCCTAAACCCTAAACCC	1.00e0	1.00e0	9.27e2	1	206	206	206	1	0	0.00	1	0.49

# AME (Analysis of Motif Enrichment): Version 5.5.9 compiled on May 27 2026 at 12:40:54
# The format of this file is described at https://meme-suite.org/meme/doc/ame-output-format.html.
# ame --verbose 1 --text --control results/evidence/motifs/inputs/backgrounds/2000/replicate_008.fa --method fisher --scoring totalhits --hit-lo-fraction 0.25 --evalue-report-threshold 1000000 --noseq results/evidence/motifs/inputs/frozen_candidates_2000bp.fa data/reference/motifs/JASPAR2026_CORE_plants_non-redundant_pfms_meme.txt
