2	data/reference/motifs/JASPAR2026_CORE_plants_non-redundant_pfms_meme.txt	MA0959.1	AIB	GCACGTGC	2.04e-4	5.66e-2	5.25e1	285	206	206	206	6	43	20.87	17	8.25
3	data/reference/motifs/JASPAR2026_CORE_plants_non-redundant_pfms_meme.txt	MA2622.1	hb34	CAATAATTG	3.64e-4	1.39e-1	1.29e2	412	206	206	206	22	93	45.15	59	28.64
4	data/reference/motifs/JASPAR2026_CORE_plants_non-redundant_pfms_meme.txt	MA1276.2	DOF3.5	AWAAAGK	1.03e-3	3.46e-1	3.21e2	412	206	206	206	11	107	51.94	75	36.41
5	data/reference/motifs/JASPAR2026_CORE_plants_non-redundant_pfms_meme.txt	MA2757.1	pbf1	ATAAAGT	1.07e-3	3.56e-1	3.30e2	412	206	206	206	37	32	15.53	12	5.83
6	data/reference/motifs/JASPAR2026_CORE_plants_non-redundant_pfms_meme.txt	MA2739.1	SlTCP12	GTGGGACCCAC	1.76e-3	3.64e-1	3.38e2	257	206	206	206	7	14	6.80	2	0.97
7	data/reference/motifs/JASPAR2026_CORE_plants_non-redundant_pfms_meme.txt	MA2406.1	PK03576.1	CACGTGC	6.20e-3	3.65e-1	3.38e2	73	206	206	206	2	25	12.14	10	4.85
8	data/reference/motifs/JASPAR2026_CORE_plants_non-redundant_pfms_meme.txt	MA1284.2	TCP1	GTGGGCCCCAC	4.31e-3	4.36e-1	4.04e2	133	206	206	206	3	18	8.74	5	2.43
9	data/reference/motifs/JASPAR2026_CORE_plants_non-redundant_pfms_meme.txt	MA1352.1	TRP1	ACCCTAAACCCTAAACCCTAA	2.49e-1	4.37e-1	4.05e2	2	206	206	206	1	2	0.97	0	0.00
10	data/reference/motifs/JASPAR2026_CORE_plants_non-redundant_pfms_meme.txt	MA2657.1	GLYMA-14G028900	AAAAGTCAAA	1.53e-3	4.67e-1	4.33e2	410	206	206	206	7	117	56.80	86	41.75
11	data/reference/motifs/JASPAR2026_CORE_plants_non-redundant_pfms_meme.txt	MA2347.1	OS04G0486400	TAACC	1.53e-3	4.68e-1	4.34e2	412	206	206	206	101	116	56.31	85	41.26
12	data/reference/motifs/JASPAR2026_CORE_plants_non-redundant_pfms_meme.txt	MA2023.2	PHL4	RGAATATTCC	2.06e-3	4.70e-1	4.36e2	309	206	206	206	3	79	38.35	51	24.76
13	data/reference/motifs/JASPAR2026_CORE_plants_non-redundant_pfms_meme.txt	MA1794.2	NLP7	TGVCYYTT	1.76e-3	5.16e-1	4.79e2	412	206	206	206	7	204	99.03	192	93.20
14	data/reference/motifs/JASPAR2026_CORE_plants_non-redundant_pfms_meme.txt	MA2058.1	PK03929.1	CTTTW	1.79e-3	5.21e-1	4.83e2	412	206	206	206	82	206	100.00	197	95.63
15	data/reference/motifs/JASPAR2026_CORE_plants_non-redundant_pfms_meme.txt	MA0034.2	Gam1	YAACCGMC	1.79e-3	5.21e-1	4.83e2	412	206	206	206	30	9	4.37	0	0.00
16	data/reference/motifs/JASPAR2026_CORE_plants_non-redundant_pfms_meme.txt	MA1044.2	NAC92	RCAMGCCA	2.23e-3	6.01e-1	5.57e2	412	206	206	206	27	36	17.48	16	7.77
17	data/reference/motifs/JASPAR2026_CORE_plants_non-redundant_pfms_meme.txt	MA2743.1	SlWRKY23	AAAGTCAAM	2.42e-3	6.30e-1	5.84e2	411	206	206	206	4	192	93.20	173	83.98
18	data/reference/motifs/JASPAR2026_CORE_plants_non-redundant_pfms_meme.txt	MA1363.1	LRL2	CGTGNKWBGCACGTG	7.42e-3	6.38e-1	5.91e2	137	206	206	206	3	7	3.40	0	0.00
19	data/reference/motifs/JASPAR2026_CORE_plants_non-redundant_pfms_meme.txt	MA1810.2	GLYMA-08G357600	ATGCATGCA	2.59e-3	6.49e-1	6.02e2	404	206	206	206	18	19	9.22	5	2.43
20	data/reference/motifs/JASPAR2026_CORE_plants_non-redundant_pfms_meme.txt	MA2483.1	PK20543.1	TTAACC	2.80e-3	6.85e-1	6.35e2	412	206	206	206	66	125	60.68	96	46.60
21	data/reference/motifs/JASPAR2026_CORE_plants_non-redundant_pfms_meme.txt	MA2726.1	SlWRKY41	GTTGACTT	2.85e-3	6.90e-1	6.39e2	410	206	206	206	12	34	16.50	15	7.28
22	data/reference/motifs/JASPAR2026_CORE_plants_non-redundant_pfms_meme.txt	MA2477.1	NGA4	TTCAGGTR	2.93e-3	7.00e-1	6.49e2	411	206	206	206	15	17	8.25	4	1.94
23	data/reference/motifs/JASPAR2026_CORE_plants_non-redundant_pfms_meme.txt	MA1786.2	NAC019	YACGBMA	2.93e-3	7.01e-1	6.50e2	412	206	206	206	33	42	20.39	21	10.19
24	data/reference/motifs/JASPAR2026_CORE_plants_non-redundant_pfms_meme.txt	MA2650.1	GLYMA-05G027400	GTGGGCCCCAC	6.27e-3	7.33e-1	6.80e2	211	206	206	206	4	22	10.68	8	3.88
25	data/reference/motifs/JASPAR2026_CORE_plants_non-redundant_pfms_meme.txt	MA0570.3	ABF1	ACACGTGKCA	3.79e-3	7.40e-1	6.86e2	356	206	206	206	2	145	70.39	118	57.28
26	data/reference/motifs/JASPAR2026_CORE_plants_non-redundant_pfms_meme.txt	MA1360.3	bHLH74	CACGTG	4.12e-3	7.51e-1	6.97e2	338	206	206	206	5	70	33.98	45	21.84
27	data/reference/motifs/JASPAR2026_CORE_plants_non-redundant_pfms_meme.txt	MA0977.1	DOF2.5	AWAAAGTG	3.41e-3	7.54e-1	6.99e2	412	206	206	206	24	99	48.06	71	34.47
28	data/reference/motifs/JASPAR2026_CORE_plants_non-redundant_pfms_meme.txt	MA1085.3	WRKY40	AGTCAA	3.66e-3	7.61e-1	7.05e2	391	206	206	206	7	20	9.71	6	2.91
29	data/reference/motifs/JASPAR2026_CORE_plants_non-redundant_pfms_meme.txt	MA2403.1	DVH24_040989	TTAACC	3.50e-3	7.64e-1	7.08e2	412	206	206	206	60	133	64.56	105	50.97
30	data/reference/motifs/JASPAR2026_CORE_plants_non-redundant_pfms_meme.txt	MA1317.2	WRKY50	TTGACTTTT	3.81e-3	7.72e-1	7.16e2	388	206	206	206	6	36	17.48	17	8.25
31	data/reference/motifs/JASPAR2026_CORE_plants_non-redundant_pfms_meme.txt	MA1283.2	TCP14	ADAGVDBGTGGGDCCCAC	1.08e-1	7.73e-1	7.16e2	13	206	206	206	2	5	2.43	1	0.49
32	data/reference/motifs/JASPAR2026_CORE_plants_non-redundant_pfms_meme.txt	MA2085.1	PK23763.1	CTTTW	3.64e-3	7.77e-1	7.21e2	412	206	206	206	75	206	100.00	198	96.12
33	data/reference/motifs/JASPAR2026_CORE_plants_non-redundant_pfms_meme.txt	MA0053.1	MNB1A	AAAGC	4.04e-3	8.11e-1	7.52e2	412	206	206	206	16	196	95.15	180	87.38
34	data/reference/motifs/JASPAR2026_CORE_plants_non-redundant_pfms_meme.txt	MA1356.1	TRP2	AACCCTAAACCCTAAACCCTA	1.30e-1	8.35e-1	7.74e2	13	206	206	206	1	9	4.37	4	1.94
35	data/reference/motifs/JASPAR2026_CORE_plants_non-redundant_pfms_meme.txt	MA1384.1	PHL7	AAARGAATATTCY	5.34e-3	8.37e-1	7.76e2	339	206	206	206	3	68	33.01	44	21.36
36	data/reference/motifs/JASPAR2026_CORE_plants_non-redundant_pfms_meme.txt	MA2740.1	SlTCP15	GTGGGACCCA	5.35e-3	8.46e-1	7.84e2	350	206	206	206	11	10	4.85	1	0.49
37	data/reference/motifs/JASPAR2026_CORE_plants_non-redundant_pfms_meme.txt	MA1427.3	NAC028	CAAGTAA	4.64e-3	8.52e-1	7.90e2	412	206	206	206	25	52	25.24	30	14.56
38	data/reference/motifs/JASPAR2026_CORE_plants_non-redundant_pfms_meme.txt	MA1674.3	NAC017	CAAGTAA	4.68e-3	8.55e-1	7.92e2	412	206	206	206	19	100	48.54	73	35.44
39	data/reference/motifs/JASPAR2026_CORE_plants_non-redundant_pfms_meme.txt	MA1305.2	WRKY55	CGTTGACTT	5.58e-3	8.57e-1	7.94e2	348	206	206	206	4	49	23.79	28	13.59
40	data/reference/motifs/JASPAR2026_CORE_plants_non-redundant_pfms_meme.txt	MA2038.2	NAC103	CAAGTTA	4.87e-3	8.66e-1	8.03e2	412	206	206	206	25	38	18.45	19	9.22
41	data/reference/motifs/JASPAR2026_CORE_plants_non-redundant_pfms_meme.txt	MA1037.2	MYB24	GTTAGGY	4.96e-3	8.70e-1	8.07e2	412	206	206	206	73	16	7.77	4	1.94
42	data/reference/motifs/JASPAR2026_CORE_plants_non-redundant_pfms_meme.txt	MA1287.2	TCP21	GTGGGMCCCAC	1.00e-2	8.86e-1	8.21e2	217	206	206	206	4	9	4.37	1	0.49
43	data/reference/motifs/JASPAR2026_CORE_plants_non-redundant_pfms_meme.txt	MA2720.1	nacnor	ACACGTAACT	6.01e-3	9.12e-1	8.46e2	405	206	206	206	8	56	27.18	34	16.50
44	data/reference/motifs/JASPAR2026_CORE_plants_non-redundant_pfms_meme.txt	MA1028.1	KAN4	GAATATTC	6.45e-3	9.21e-1	8.53e2	393	206	206	206	10	73	35.44	49	23.79
45	data/reference/motifs/JASPAR2026_CORE_plants_non-redundant_pfms_meme.txt	MA2081.1	PK20317.1	CKTTW	6.20e-3	9.22e-1	8.55e2	412	206	206	206	120	133	64.56	107	51.94
46	data/reference/motifs/JASPAR2026_CORE_plants_non-redundant_pfms_meme.txt	MA1061.2	SPT	CCACGTG	6.66e-3	9.35e-1	8.67e2	410	206	206	206	16	46	22.33	26	12.62
47	data/reference/motifs/JASPAR2026_CORE_plants_non-redundant_pfms_meme.txt	MA0964.3	BIM1	TCACGTGA	9.35e-3	9.44e-1	8.75e2	309	206	206	206	6	51	24.76	31	15.05
48	data/reference/motifs/JASPAR2026_CORE_plants_non-redundant_pfms_meme.txt	MA1288.2	TCP22	GTGGGHCCCAC	1.85e-2	9.46e-1	8.77e2	158	206	206	206	4	8	3.88	1	0.49
49	data/reference/motifs/JASPAR2026_CORE_plants_non-redundant_pfms_meme.txt	MA2658.1	GLYMA-19G094100	ATTGACTTW	7.42e-3	9.53e-1	8.83e2	412	206	206	206	17	7	3.40	0	0.00
50	data/reference/motifs/JASPAR2026_CORE_plants_non-redundant_pfms_meme.txt	MA0581.2	LEC2	CATGCR	8.05e-3	9.53e-1	8.84e2	380	206	206	206	3	134	65.05	109	52.91
51	data/reference/motifs/JASPAR2026_CORE_plants_non-redundant_pfms_meme.txt	MA2708.1	SlDof4	AGAAAAAGTAA	8.10e-3	9.64e-1	8.94e2	412	206	206	206	15	149	72.33	125	60.68
52	data/reference/motifs/JASPAR2026_CORE_plants_non-redundant_pfms_meme.txt	MA0936.1	NAC046	ACACGCMA	8.10e-3	9.64e-1	8.94e2	412	206	206	206	35	149	72.33	125	60.68
53	data/reference/motifs/JASPAR2026_CORE_plants_non-redundant_pfms_meme.txt	MA2073.1	PK16340.1	CKTT	8.14e-3	9.65e-1	8.95e2	412	206	206	206	187	62	30.10	40	19.42
54	data/reference/motifs/JASPAR2026_CORE_plants_non-redundant_pfms_meme.txt	MA0966.2	BIM3	CACGTG	8.25e-3	9.67e-1	8.96e2	412	206	206	206	36	49	23.79	29	14.08
55	data/reference/motifs/JASPAR2026_CORE_plants_non-redundant_pfms_meme.txt	MA1785.2	NAC018	ACACGYAACY	8.76e-3	9.67e-1	8.96e2	389	206	206	206	8	27	13.11	12	5.83
56	data/reference/motifs/JASPAR2026_CORE_plants_non-redundant_pfms_meme.txt	MA2604.1	dof22	ACTTTTAC	8.30e-3	9.67e-1	8.97e2	412	206	206	206	19	202	98.06	191	92.72
57	data/reference/motifs/JASPAR2026_CORE_plants_non-redundant_pfms_meme.txt	MA2655.1	GLYMA-08G218600	AAAAGTCAA	8.72e-3	9.72e-1	9.02e2	412	206	206	206	13	106	51.46	81	39.32
58	data/reference/motifs/JASPAR2026_CORE_plants_non-redundant_pfms_meme.txt	MA2744.1	SlWRKY40	AAAGTCAA	8.72e-3	9.72e-1	9.02e2	412	206	206	206	13	106	51.46	81	39.32
59	data/reference/motifs/JASPAR2026_CORE_plants_non-redundant_pfms_meme.txt	MA1291.1	TCP7	GTGGGRCCCAC	2.22e-2	9.73e-1	9.02e2	162	206	206	206	3	13	6.31	4	1.94
60	data/reference/motifs/JASPAR2026_CORE_plants_non-redundant_pfms_meme.txt	MA2379.1	DOF3.1	CKTT	8.97e-3	9.75e-1	9.04e2	412	206	206	206	230	116	56.31	91	44.17
61	data/reference/motifs/JASPAR2026_CORE_plants_non-redundant_pfms_meme.txt	MA2091.1	PK27109.1	GACAGCTG	9.46e-3	9.75e-1	9.04e2	392	206	206	206	12	18	8.74	6	2.91
62	data/reference/motifs/JASPAR2026_CORE_plants_non-redundant_pfms_meme.txt	MA2661.1	GLYMA-03G081700	CTACGTGGCA	9.71e-3	9.80e-1	9.08e2	403	206	206	206	11	21	10.19	8	3.88
63	data/reference/motifs/JASPAR2026_CORE_plants_non-redundant_pfms_meme.txt	MA1011.2	PHYPADRAFT_72483	CACGTG	9.71e-3	9.82e-1	9.10e2	412	206	206	206	58	21	10.19	8	3.88
64	data/reference/motifs/JASPAR2026_CORE_plants_non-redundant_pfms_meme.txt	MA0958.1	BHLH13	RCACGTGC	1.16e-2	9.82e-1	9.11e2	347	206	206	206	5	72	34.95	50	24.27
65	data/reference/motifs/JASPAR2026_CORE_plants_non-redundant_pfms_meme.txt	MA2725.1	SlWRKY6	AAAGTCAAC	1.01e-2	9.85e-1	9.13e2	412	206	206	206	14	41	19.90	23	11.17
66	data/reference/motifs/JASPAR2026_CORE_plants_non-redundant_pfms_meme.txt	MA1208.2	GT-2	WTTTTTACCGY	1.01e-2	9.85e-1	9.13e2	412	206	206	206	16	28	13.59	13	6.31
67	data/reference/motifs/JASPAR2026_CORE_plants_non-redundant_pfms_meme.txt	MA0987.2	PHYPADRAFT_140773	AAAG	1.01e-2	9.85e-1	9.13e2	412	206	206	206	125	193	93.69	178	86.41
68	data/reference/motifs/JASPAR2026_CORE_plants_non-redundant_pfms_meme.txt	MA2381.1	e_gw1.170.52.1	CTTT	1.01e-2	9.85e-1	9.13e2	412	206	206	206	125	193	93.69	178	86.41
69	data/reference/motifs/JASPAR2026_CORE_plants_non-redundant_pfms_meme.txt	MA1181.2	MYB113	AKTYMGTTAT	1.04e-2	9.86e-1	9.14e2	412	206	206	206	10	79	38.35	56	27.18
70	data/reference/motifs/JASPAR2026_CORE_plants_non-redundant_pfms_meme.txt	MA2356.1	PK20555.1	CTTTW	1.04e-2	9.86e-1	9.14e2	412	206	206	206	216	60	29.13	39	18.93
71	data/reference/motifs/JASPAR2026_CORE_plants_non-redundant_pfms_meme.txt	MA0571.2	ANT	GCACRRWTCCCVAKGY	7.00e-2	9.87e-1	9.15e2	60	206	206	206	2	9	4.37	3	1.46
72	data/reference/motifs/JASPAR2026_CORE_plants_non-redundant_pfms_meme.txt	MA1706.2	AT1G14600	WAYATTCT	1.09e-2	9.89e-1	9.16e2	412	206	206	206	55	166	80.58	145	70.39
73	data/reference/motifs/JASPAR2026_CORE_plants_non-redundant_pfms_meme.txt	MA2044.2	NAC007	CAAGCAA	1.09e-2	9.89e-1	9.17e2	412	206	206	206	12	186	90.29	169	82.04
74	data/reference/motifs/JASPAR2026_CORE_plants_non-redundant_pfms_meme.txt	MA1767.2	MYB23	CAACWA	1.16e-2	9.92e-1	9.19e2	412	206	206	206	10	120	58.25	96	46.60
75	data/reference/motifs/JASPAR2026_CORE_plants_non-redundant_pfms_meme.txt	MA1361.2	bHLH18	CRCGTKWWHCACGTG	2.36e-2	9.92e-1	9.20e2	204	206	206	206	2	57	27.67	39	18.93
76	data/reference/motifs/JASPAR2026_CORE_plants_non-redundant_pfms_meme.txt	MA2035.2	NAC075	GWAGCTTGTNNNACAAGCTW	3.01e-2	9.92e-1	9.20e2	161	206	206	206	3	21	10.19	10	4.85
77	data/reference/motifs/JASPAR2026_CORE_plants_non-redundant_pfms_meme.txt	MA2365.1	VIT_17s0000g10420	GTTAACYV	1.29e-2	9.93e-1	9.21e2	389	206	206	206	6	39	18.93	22	10.68
78	data/reference/motifs/JASPAR2026_CORE_plants_non-redundant_pfms_meme.txt	MA1092.2	WRKY63	GGTCAA	1.29e-2	9.94e-1	9.21e2	394	206	206	206	5	76	36.89	54	26.21
79	data/reference/motifs/JASPAR2026_CORE_plants_non-redundant_pfms_meme.txt	MA1394.3	MYB73	AACGGTCA	1.26e-2	9.94e-1	9.21e2	406	206	206	206	9	44	21.36	26	12.62
80	data/reference/motifs/JASPAR2026_CORE_plants_non-redundant_pfms_meme.txt	MA1087.3	WRKY45	AAAAGTCAAM	1.27e-2	9.94e-1	9.22e2	407	206	206	206	9	34	16.50	18	8.74
81	data/reference/motifs/JASPAR2026_CORE_plants_non-redundant_pfms_meme.txt	MA0123.1	abi4	CGSYGCCCCC	1.51e-2	9.95e-1	9.22e2	352	206	206	206	15	6	2.91	0	0.00
82	data/reference/motifs/JASPAR2026_CORE_plants_non-redundant_pfms_meme.txt	MA0562.1	PIF5	TCACGTGS	3.42e-2	9.96e-1	9.23e2	159	206	206	206	1	89	43.20	70	33.98
83	data/reference/motifs/JASPAR2026_CORE_plants_non-redundant_pfms_meme.txt	MA0561.1	PIF4	CACGTGSC	3.05e-2	9.96e-1	9.24e2	183	206	206	206	4	5	2.43	0	0.00
84	data/reference/motifs/JASPAR2026_CORE_plants_non-redundant_pfms_meme.txt	MA1174.2	MYB56	ATAACGGWHW	1.38e-2	9.97e-1	9.24e2	410	206	206	206	6	132	64.08	109	52.91
85	data/reference/motifs/JASPAR2026_CORE_plants_non-redundant_pfms_meme.txt	MA1296.2	WRKY46	CGTTGACTTT	1.79e-2	9.97e-1	9.24e2	318	206	206	206	6	10	4.85	2	0.97
86	data/reference/motifs/JASPAR2026_CORE_plants_non-redundant_pfms_meme.txt	MA2067.1	PK09702.1	GCACGTGR	7.66e-2	9.97e-1	9.24e2	72	206	206	206	2	34	16.50	23	11.17
87	data/reference/motifs/JASPAR2026_CORE_plants_non-redundant_pfms_meme.txt	MA0054.1	myb.Ph3	TAACBGTTW	1.40e-2	9.97e-1	9.24e2	412	206	206	206	31	98	47.57	75	36.41
88	data/reference/motifs/JASPAR2026_CORE_plants_non-redundant_pfms_meme.txt	MA0956.2	BEE2	CACGTG	1.40e-2	9.97e-1	9.24e2	412	206	206	206	54	23	11.17	10	4.85
89	data/reference/motifs/JASPAR2026_CORE_plants_non-redundant_pfms_meme.txt	MA1197.2	CAMTA1	AARCGCGTG	2.85e-2	9.97e-1	9.24e2	207	206	206	206	2	54	26.21	37	17.96
90	data/reference/motifs/JASPAR2026_CORE_plants_non-redundant_pfms_meme.txt	MA1808.3	GLYMA-06G314400	GACACGTGGC	1.60e-2	9.98e-1	9.25e2	387	206	206	206	12	12	5.83	3	1.46
91	data/reference/motifs/JASPAR2026_CORE_plants_non-redundant_pfms_meme.txt	MA2673.1	GLYMA-15G086400	WTCTAGAAMCTTCTAGAR	3.61e-2	9.98e-1	9.25e2	173	206	206	206	1	96	46.60	77	37.38
92	data/reference/motifs/JASPAR2026_CORE_plants_non-redundant_pfms_meme.txt	MA0973.2	CDF2	AAAAAGY	1.57e-2	9.98e-1	9.26e2	412	206	206	206	45	142	68.93	120	58.25
93	data/reference/motifs/JASPAR2026_CORE_plants_non-redundant_pfms_meme.txt	MA2664.1	GLYMA-03G162700	GGYGGYGGCGGCGGMGGCGGYGG	1.24e-1	9.98e-1	9.26e2	49	206	206	206	16	3	1.46	0	0.00
94	data/reference/motifs/JASPAR2026_CORE_plants_non-redundant_pfms_meme.txt	MA2755.1	hsftf24	ACTAGAAGCTTCTGGAA	2.43e-2	9.99e-1	9.26e2	270	206	206	206	1	145	70.39	125	60.68
95	data/reference/motifs/JASPAR2026_CORE_plants_non-redundant_pfms_meme.txt	MA1351.3	GBF3	ACGTGGCA	1.60e-2	9.99e-1	9.26e2	412	206	206	206	20	12	5.83	3	1.46
96	data/reference/motifs/JASPAR2026_CORE_plants_non-redundant_pfms_meme.txt	MA2481.1	PK12011.1	AACGG	1.60e-2	9.99e-1	9.26e2	412	206	206	206	24	163	79.13	143	69.42
97	data/reference/motifs/JASPAR2026_CORE_plants_non-redundant_pfms_meme.txt	MA0564.2	ABI3	GCATGC	1.64e-2	9.99e-1	9.26e2	409	206	206	206	23	24	11.65	11	5.34
98	data/reference/motifs/JASPAR2026_CORE_plants_non-redundant_pfms_meme.txt	MA1285.2	TCP9	GTGGGTCCCAC	5.59e-2	9.99e-1	9.26e2	120	206	206	206	3	11	5.34	4	1.94
99	data/reference/motifs/JASPAR2026_CORE_plants_non-redundant_pfms_meme.txt	MA1175.2	MYB81	TAACHGWWT	1.65e-2	9.99e-1	9.26e2	412	206	206	206	10	185	89.81	169	82.04
100	data/reference/motifs/JASPAR2026_CORE_plants_non-redundant_pfms_meme.txt	MA0551.2	HY5	TGMCACGTGKCA	6.16e-2	9.99e-1	9.26e2	113	206	206	206	6	4	1.94	0	0.00
101	data/reference/motifs/JASPAR2026_CORE_plants_non-redundant_pfms_meme.txt	MA1309.1	WRKY3	AAAAGTCAACG	2.07e-2	9.99e-1	9.26e2	336	206	206	206	5	22	10.68	10	4.85
102	data/reference/motifs/JASPAR2026_CORE_plants_non-redundant_pfms_meme.txt	MA2345.1	OS02G0104500	GTAAAW	1.69e-2	9.99e-1	9.26e2	412	206	206	206	107	49	23.79	31	15.05
103	data/reference/motifs/JASPAR2026_CORE_plants_non-redundant_pfms_meme.txt	MA1241.2	ERF043	CCACCGACA	6.88e-2	9.99e-1	9.26e2	102	206	206	206	1	58	28.16	44	21.36
104	data/reference/motifs/JASPAR2026_CORE_plants_non-redundant_pfms_meme.txt	MA1740.2	BHLH49	CACGTGC	8.52e-2	9.99e-1	9.26e2	80	206	206	206	1	46	22.33	34	16.50
105	data/reference/motifs/JASPAR2026_CORE_plants_non-redundant_pfms_meme.txt	MA1074.2	UNE10	CACGTGM	8.52e-2	9.99e-1	9.26e2	80	206	206	206	1	46	22.33	34	16.50
106	data/reference/motifs/JASPAR2026_CORE_plants_non-redundant_pfms_meme.txt	MA2077.1	PK18474.1	CACGTGC	8.52e-2	9.99e-1	9.26e2	80	206	206	206	1	46	22.33	34	16.50
107	data/reference/motifs/JASPAR2026_CORE_plants_non-redundant_pfms_meme.txt	MA2064.1	PK07858.1	CACGTGC	8.52e-2	9.99e-1	9.26e2	80	206	206	206	1	46	22.33	34	16.50
108	data/reference/motifs/JASPAR2026_CORE_plants_non-redundant_pfms_meme.txt	MA2061.1	PK06517.1	CACGTGC	8.52e-2	9.99e-1	9.26e2	80	206	206	206	1	46	22.33	34	16.50
109	data/reference/motifs/JASPAR2026_CORE_plants_non-redundant_pfms_meme.txt	MA1805.2	WRKY53	RGTCAAC	1.74e-2	9.99e-1	9.26e2	412	206	206	206	17	94	45.63	72	34.95
110	data/reference/motifs/JASPAR2026_CORE_plants_non-redundant_pfms_meme.txt	MA2422.1	OsbZIP42	TGMCACGTCA	1.79e-2	9.99e-1	9.26e2	400	206	206	206	1	204	99.03	196	95.15
111	data/reference/motifs/JASPAR2026_CORE_plants_non-redundant_pfms_meme.txt	MA1741.1	BRN2	CTTGWWHYDYACGYWA	2.13e-2	9.99e-1	9.26e2	336	206	206	206	4	47	22.82	30	14.56
112	data/reference/motifs/JASPAR2026_CORE_plants_non-redundant_pfms_meme.txt	MA2741.1	SlWRKY7	AAAAAGTCAACC	1.92e-2	9.99e-1	9.26e2	376	206	206	206	3	111	53.88	89	43.20
113	data/reference/motifs/JASPAR2026_CORE_plants_non-redundant_pfms_meme.txt	MA1071.2	DOF5.3	AAMG	1.77e-2	9.99e-1	9.26e2	412	206	206	206	281	96	46.60	74	35.92
114	data/reference/motifs/JASPAR2026_CORE_plants_non-redundant_pfms_meme.txt	MA2084.1	PK23009.1	CTTTW	1.78e-2	9.99e-1	9.26e2	412	206	206	206	131	174	84.47	156	75.73
115	data/reference/motifs/JASPAR2026_CORE_plants_non-redundant_pfms_meme.txt	MA0021.1	Dof3	AAAGYV	1.78e-2	9.99e-1	9.26e2	412	206	206	206	15	50	24.27	32	15.53
116	data/reference/motifs/JASPAR2026_CORE_plants_non-redundant_pfms_meme.txt	MA1403.1	BPC5	AGAGAGAGAGAGAGAGAGAGAGAGAGAGAG	2.64e-1	9.99e-1	9.26e2	24	206	206	206	1	14	6.80	10	4.85
117	data/reference/motifs/JASPAR2026_CORE_plants_non-redundant_pfms_meme.txt	MA1027.2	KAN1	WTATTC	1.83e-2	9.99e-1	9.27e2	412	206	206	206	142	15	7.28	5	2.43
118	data/reference/motifs/JASPAR2026_CORE_plants_non-redundant_pfms_meme.txt	MA1401.2	RVE7	AAAATATCT	2.62e-2	9.99e-1	9.27e2	289	206	206	206	1	154	74.76	135	65.53
119	data/reference/motifs/JASPAR2026_CORE_plants_non-redundant_pfms_meme.txt	MA1065.3	TCP20	GTGGGWCCCAC	3.38e-2	1.00e0	9.27e2	225	206	206	206	8	7	3.40	1	0.49
120	data/reference/motifs/JASPAR2026_CORE_plants_non-redundant_pfms_meme.txt	MA1750.1	E2FE	TTTTTGGCGGGAAAA	5.00e-1	1.00e0	9.27e2	11	206	206	206	1	6	2.91	5	2.43
121	data/reference/motifs/JASPAR2026_CORE_plants_non-redundant_pfms_meme.txt	MA1732.1	E2FD	TTTTTGGCGGGAAAA	5.00e-1	1.00e0	9.27e2	11	206	206	206	1	6	2.91	5	2.43
122	data/reference/motifs/JASPAR2026_CORE_plants_non-redundant_pfms_meme.txt	MA0983.2	DOF5.6	AAMG	1.85e-2	1.00e0	9.27e2	412	206	206	206	51	205	99.51	198	96.12
123	data/reference/motifs/JASPAR2026_CORE_plants_non-redundant_pfms_meme.txt	MA0930.3	ABF3	ACGTGTC	1.85e-2	1.00e0	9.27e2	412	206	206	206	25	8	3.88	1	0.49
124	data/reference/motifs/JASPAR2026_CORE_plants_non-redundant_pfms_meme.txt	MA1308.2	WRKY70	CGTTGACTTT	3.32e-2	1.00e0	9.27e2	230	206	206	206	3	18	8.74	8	3.88
125	data/reference/motifs/JASPAR2026_CORE_plants_non-redundant_pfms_meme.txt	MA2360.1	PK28565.1	TAACBGTC	1.92e-2	1.00e0	9.27e2	412	206	206	206	9	111	53.88	89	43.20
126	data/reference/motifs/JASPAR2026_CORE_plants_non-redundant_pfms_meme.txt	MA2052.2	ZAT6	AATGATTG	1.92e-2	1.00e0	9.27e2	412	206	206	206	23	178	86.41	161	78.16
127	data/reference/motifs/JASPAR2026_CORE_plants_non-redundant_pfms_meme.txt	MA0568.2	MYC3	CACGTG	1.98e-2	1.00e0	9.27e2	410	206	206	206	12	143	69.42	122	59.22
128	data/reference/motifs/JASPAR2026_CORE_plants_non-redundant_pfms_meme.txt	MA1734.1	AT1G19040	CTTGNDCYBCAAGTWW	6.76e-2	1.00e0	9.27e2	122	206	206	206	3	12	5.83	5	2.43
129	data/reference/motifs/JASPAR2026_CORE_plants_non-redundant_pfms_meme.txt	MA1020.1	GT-1	GTTAACCA	2.04e-2	1.00e0	9.27e2	405	206	206	206	9	40	19.42	24	11.65
130	data/reference/motifs/JASPAR2026_CORE_plants_non-redundant_pfms_meme.txt	MA2047.2	NAC037	CAAGCAA	2.01e-2	1.00e0	9.27e2	412	206	206	206	13	164	79.61	145	70.39
131	data/reference/motifs/JASPAR2026_CORE_plants_non-redundant_pfms_meme.txt	MA2010.2	SMB	CAAGCAA	2.04e-2	1.00e0	9.27e2	412	206	206	206	14	182	88.35	166	80.58
132	data/reference/motifs/JASPAR2026_CORE_plants_non-redundant_pfms_meme.txt	MA1677.2	NAC078	CAAGAAA	2.05e-2	1.00e0	9.27e2	412	206	206	206	16	72	34.95	52	25.24
133	data/reference/motifs/JASPAR2026_CORE_plants_non-redundant_pfms_meme.txt	MA0982.2	DOF2.4	AAAG	2.08e-2	1.00e0	9.27e2	412	206	206	206	215	62	30.10	43	20.87
134	data/reference/motifs/JASPAR2026_CORE_plants_non-redundant_pfms_meme.txt	MA2071.1	PK15505.1	GCACGTGT	1.05e-1	1.00e0	9.27e2	79	206	206	206	2	45	21.84	34	16.50
135	data/reference/motifs/JASPAR2026_CORE_plants_non-redundant_pfms_meme.txt	MA2060.1	PK05451.1	CCACGTGM	1.05e-1	1.00e0	9.27e2	79	206	206	206	2	45	21.84	34	16.50
136	data/reference/motifs/JASPAR2026_CORE_plants_non-redundant_pfms_meme.txt	MA0020.2	Dof2	AAAGC	2.17e-2	1.00e0	9.27e2	412	206	206	206	22	181	87.86	165	80.10
137	data/reference/motifs/JASPAR2026_CORE_plants_non-redundant_pfms_meme.txt	MA0064.1	PBF	AAAGY	2.17e-2	1.00e0	9.27e2	412	206	206	206	22	181	87.86	165	80.10
138	data/reference/motifs/JASPAR2026_CORE_plants_non-redundant_pfms_meme.txt	MA2354.1	PK06182.1	TACCTACC	2.25e-2	1.00e0	9.27e2	397	206	206	206	2	189	91.75	175	84.95
139	data/reference/motifs/JASPAR2026_CORE_plants_non-redundant_pfms_meme.txt	MA0569.2	MYC4	CACGTGC	2.38e-2	1.00e0	9.27e2	380	206	206	206	9	23	11.17	11	5.34
140	data/reference/motifs/JASPAR2026_CORE_plants_non-redundant_pfms_meme.txt	MA2342.1	URI	CACGTG	2.25e-2	1.00e0	9.27e2	402	206	206	206	22	31	15.05	17	8.25
141	data/reference/motifs/JASPAR2026_CORE_plants_non-redundant_pfms_meme.txt	MA1676.3	NAC062	TAAGTAA	2.22e-2	1.00e0	9.27e2	412	206	206	206	38	13	6.31	4	1.94
142	data/reference/motifs/JASPAR2026_CORE_plants_non-redundant_pfms_meme.txt	MA0941.2	ABF2	ACACGTG	2.22e-2	1.00e0	9.27e2	412	206	206	206	24	13	6.31	4	1.94
143	data/reference/motifs/JASPAR2026_CORE_plants_non-redundant_pfms_meme.txt	MA0974.3	CDF3	AAAAAGTG	2.30e-2	1.00e0	9.27e2	412	206	206	206	11	180	87.38	164	79.61
144	data/reference/motifs/JASPAR2026_CORE_plants_non-redundant_pfms_meme.txt	MA1313.2	WRKY7	CGTTGACTTTT	4.40e-2	1.00e0	9.27e2	216	206	206	206	2	50	24.27	35	16.99
145	data/reference/motifs/JASPAR2026_CORE_plants_non-redundant_pfms_meme.txt	MA1425.2	HYH	TSACGTG	2.65e-2	1.00e0	9.27e2	360	206	206	206	1	187	90.78	173	83.98
146	data/reference/motifs/JASPAR2026_CORE_plants_non-redundant_pfms_meme.txt	MA2014.2	BAM8	CACACGTGY	3.20e-2	1.00e0	9.27e2	299	206	206	206	3	83	40.29	64	31.07
147	data/reference/motifs/JASPAR2026_CORE_plants_non-redundant_pfms_meme.txt	MA2376.1	CAMTA5	CGYGTNDDAWVCGYGT	2.89e-2	1.00e0	9.27e2	334	206	206	206	5	40	19.42	25	12.14
148	data/reference/motifs/JASPAR2026_CORE_plants_non-redundant_pfms_meme.txt	MA2736.1	la3	AACACGTG	2.42e-2	1.00e0	9.27e2	401	206	206	206	6	118	57.28	97	47.09
149	data/reference/motifs/JASPAR2026_CORE_plants_non-redundant_pfms_meme.txt	MA1775.2	MYB61	YACCWACC	2.41e-2	1.00e0	9.27e2	405	206	206	206	3	184	89.32	169	82.04
150	data/reference/motifs/JASPAR2026_CORE_plants_non-redundant_pfms_meme.txt	MA2069.1	PK10955.1	CTTTW	2.41e-2	1.00e0	9.27e2	412	206	206	206	57	37	17.96	22	10.68
151	data/reference/motifs/JASPAR2026_CORE_plants_non-redundant_pfms_meme.txt	MA1408.2	FaEOBII	GTTAGGTA	2.43e-2	1.00e0	9.27e2	412	206	206	206	23	43	20.87	27	13.11
152	data/reference/motifs/JASPAR2026_CORE_plants_non-redundant_pfms_meme.txt	MA0560.2	PIF3	CCACGTG	3.65e-2	1.00e0	9.27e2	278	206	206	206	2	98	47.57	79	38.35
153	data/reference/motifs/JASPAR2026_CORE_plants_non-redundant_pfms_meme.txt	MA2393.1	PHYPA_008731	CACGTGC	3.65e-2	1.00e0	9.27e2	278	206	206	206	2	98	47.57	79	38.35
154	data/reference/motifs/JASPAR2026_CORE_plants_non-redundant_pfms_meme.txt	MA1059.3	SPL5	TGTACGGAH	1.85e-1	1.00e0	9.27e2	51	206	206	206	1	29	14.08	22	10.68
155	data/reference/motifs/JASPAR2026_CORE_plants_non-redundant_pfms_meme.txt	MA1039.1	MYB4	GGTWGGTR	2.61e-2	1.00e0	9.27e2	412	206	206	206	23	28	13.59	15	7.28
156	data/reference/motifs/JASPAR2026_CORE_plants_non-redundant_pfms_meme.txt	MA1178.3	MYB3R1	TAACGGTC	2.65e-2	1.00e0	9.27e2	406	206	206	206	10	33	16.02	19	9.22
157	data/reference/motifs/JASPAR2026_CORE_plants_non-redundant_pfms_meme.txt	MA1364.2	BHLH72	GCCACGTGG	4.24e-2	1.00e0	9.27e2	254	206	206	206	1	136	66.02	118	57.28
158	data/reference/motifs/JASPAR2026_CORE_plants_non-redundant_pfms_meme.txt	MA2672.1	GLYMA-01G233000	AGAASCTTCT	2.69e-2	1.00e0	9.27e2	402	206	206	206	2	194	94.17	182	88.35
159	data/reference/motifs/JASPAR2026_CORE_plants_non-redundant_pfms_meme.txt	MA2742.1	SlWRKY11	GTTGACTTTT	3.54e-2	1.00e0	9.27e2	308	206	206	206	5	15	7.28	6	2.91
160	data/reference/motifs/JASPAR2026_CORE_plants_non-redundant_pfms_meme.txt	MA2034.2	NAC057	CAAGTAA	2.66e-2	1.00e0	9.27e2	412	206	206	206	11	203	98.54	195	94.66
161	data/reference/motifs/JASPAR2026_CORE_plants_non-redundant_pfms_meme.txt	MA1807.2	ZHD10	TAATTART	2.69e-2	1.00e0	9.27e2	409	206	206	206	13	24	11.65	12	5.83
162	data/reference/motifs/JASPAR2026_CORE_plants_non-redundant_pfms_meme.txt	MA1386.3	HHO3	AAGATTCT	2.68e-2	1.00e0	9.27e2	412	206	206	206	11	72	34.95	53	25.73
163	data/reference/motifs/JASPAR2026_CORE_plants_non-redundant_pfms_meme.txt	MA1359.3	BPE	CACGTG	3.38e-2	1.00e0	9.27e2	330	206	206	206	6	71	34.47	53	25.73
164	data/reference/motifs/JASPAR2026_CORE_plants_non-redundant_pfms_meme.txt	MA1811.3	GLYMA-13G317000	GGACACSTGTCA	3.38e-2	1.00e0	9.27e2	331	206	206	206	9	7	3.40	1	0.49
165	data/reference/motifs/JASPAR2026_CORE_plants_non-redundant_pfms_meme.txt	MA2721.1	Sl-ERF_C_6	YCGCCGCCGCCRCCRCCGCC	1.24e-1	1.00e0	9.27e2	85	206	206	206	18	3	1.46	0	0.00
166	data/reference/motifs/JASPAR2026_CORE_plants_non-redundant_pfms_meme.txt	MA1231.3	ERF15	MGCCGCCD	3.77e-2	1.00e0	9.27e2	301	206	206	206	1	159	77.18	142	68.93
167	data/reference/motifs/JASPAR2026_CORE_plants_non-redundant_pfms_meme.txt	MA1760.1	HSFA6A	GAAGNTTCTAGAA	1.48e-1	1.00e0	9.27e2	71	206	206	206	1	40	19.42	31	15.05
168	data/reference/motifs/JASPAR2026_CORE_plants_non-redundant_pfms_meme.txt	MA2735.1	SlbHLH014	GMCACGTGBC	4.01e-2	1.00e0	9.27e2	285	206	206	206	3	67	32.52	50	24.27
169	data/reference/motifs/JASPAR2026_CORE_plants_non-redundant_pfms_meme.txt	MA1338.3	DPBF3	TGMCACGTGTC	5.25e-2	1.00e0	9.27e2	222	206	206	206	5	8	3.88	2	0.97
170	data/reference/motifs/JASPAR2026_CORE_plants_non-redundant_pfms_meme.txt	MA0110.4	ATHB-5	CAATCATT	2.85e-2	1.00e0	9.27e2	412	206	206	206	27	169	82.04	152	73.79
171	data/reference/motifs/JASPAR2026_CORE_plants_non-redundant_pfms_meme.txt	MA1086.2	WRKY43	RGTCAA	2.85e-2	1.00e0	9.27e2	412	206	206	206	57	169	82.04	152	73.79
172	data/reference/motifs/JASPAR2026_CORE_plants_non-redundant_pfms_meme.txt	MA2079.1	PK19717.1	GGGSCCCMC	3.10e-2	1.00e0	9.27e2	382	206	206	206	16	9	4.37	2	0.97
173	data/reference/motifs/JASPAR2026_CORE_plants_non-redundant_pfms_meme.txt	MA1022.2	PHYPADRAFT_38837	AAAG	2.88e-2	1.00e0	9.27e2	412	206	206	206	166	96	46.60	76	36.89
174	data/reference/motifs/JASPAR2026_CORE_plants_non-redundant_pfms_meme.txt	MA0981.2	DOF1.8	AAAG	2.88e-2	1.00e0	9.27e2	412	206	206	206	166	96	46.60	76	36.89
175	data/reference/motifs/JASPAR2026_CORE_plants_non-redundant_pfms_meme.txt	MA2394.1	PpDof6	CTTT	2.88e-2	1.00e0	9.27e2	412	206	206	206	166	96	46.60	76	36.89
176	data/reference/motifs/JASPAR2026_CORE_plants_non-redundant_pfms_meme.txt	MA2387.1	NAC094	YGCCGTRNHNNHCACG	9.08e-2	1.00e0	9.27e2	131	206	206	206	2	39	18.93	28	13.59
177	data/reference/motifs/JASPAR2026_CORE_plants_non-redundant_pfms_meme.txt	MA2471.1	SPCH	CACGTG	3.05e-2	1.00e0	9.27e2	396	206	206	206	26	5	2.43	0	0.00
178	data/reference/motifs/JASPAR2026_CORE_plants_non-redundant_pfms_meme.txt	MA1010.2	PHYPADRAFT_64121	TGTCGGTA	2.99e-2	1.00e0	9.27e2	411	206	206	206	15	25	12.14	13	6.31
179	data/reference/motifs/JASPAR2026_CORE_plants_non-redundant_pfms_meme.txt	MA2724.1	SlTCP18	GTGGGVCCCAC	4.52e-2	1.00e0	9.27e2	273	206	206	206	5	30	14.56	18	8.74
180	data/reference/motifs/JASPAR2026_CORE_plants_non-redundant_pfms_meme.txt	MA1058.2	SPL4	GTACG	3.00e-2	1.00e0	9.27e2	412	206	206	206	71	122	59.22	102	49.51
181	data/reference/motifs/JASPAR2026_CORE_plants_non-redundant_pfms_meme.txt	MA1812.2	ASR1	AGGCCCAAT	3.60e-2	1.00e0	9.27e2	345	206	206	206	4	62	30.10	45	21.84
182	data/reference/motifs/JASPAR2026_CORE_plants_non-redundant_pfms_meme.txt	MA1019.2	Glyma19g26560.1	GGSCCCAC	3.10e-2	1.00e0	9.27e2	401	206	206	206	1	204	99.03	197	95.63
183	data/reference/motifs/JASPAR2026_CORE_plants_non-redundant_pfms_meme.txt	MA2390.1	GLYMA19G26560	GGSCCCAC	3.10e-2	1.00e0	9.27e2	401	206	206	206	1	204	99.03	197	95.63
184	data/reference/motifs/JASPAR2026_CORE_plants_non-redundant_pfms_meme.txt	MA2364.1	VIT_15s0048g01150	GGGCCCAC	3.10e-2	1.00e0	9.27e2	401	206	206	206	15	9	4.37	2	0.97
185	data/reference/motifs/JASPAR2026_CORE_plants_non-redundant_pfms_meme.txt	MA1330.2	ZHD6	AAWHRTAATTAA	3.01e-2	1.00e0	9.27e2	412	206	206	206	14	121	58.74	101	49.03
186	data/reference/motifs/JASPAR2026_CORE_plants_non-redundant_pfms_meme.txt	MA1025.2	HBI1	GCACGTG	3.20e-2	1.00e0	9.27e2	391	206	206	206	5	83	40.29	64	31.07
187	data/reference/motifs/JASPAR2026_CORE_plants_non-redundant_pfms_meme.txt	MA2501.1	G1	TTACTGTA	3.05e-2	1.00e0	9.27e2	412	206	206	206	7	206	100.00	201	97.57
188	data/reference/motifs/JASPAR2026_CORE_plants_non-redundant_pfms_meme.txt	MA1664.3	HSFA6B	TTCTRGAA	3.05e-2	1.00e0	9.27e2	412	206	206	206	3	206	100.00	201	97.57
189	data/reference/motifs/JASPAR2026_CORE_plants_non-redundant_pfms_meme.txt	MA2355.1	PK06791.1	GTACGG	3.05e-2	1.00e0	9.27e2	412	206	206	206	36	5	2.43	0	0.00
190	data/reference/motifs/JASPAR2026_CORE_plants_non-redundant_pfms_meme.txt	MA1391.3	MYB33	ATAACCGTAW	3.10e-2	1.00e0	9.27e2	408	206	206	206	3	189	91.75	176	85.44
191	data/reference/motifs/JASPAR2026_CORE_plants_non-redundant_pfms_meme.txt	MA0582.2	RAV1	GCAACA	3.10e-2	1.00e0	9.27e2	412	206	206	206	9	189	91.75	176	85.44
192	data/reference/motifs/JASPAR2026_CORE_plants_non-redundant_pfms_meme.txt	MA0992.3	ERF4	CCGCCGYCA	4.54e-2	1.00e0	9.27e2	285	206	206	206	2	98	47.57	80	38.83
193	data/reference/motifs/JASPAR2026_CORE_plants_non-redundant_pfms_meme.txt	MA2745.1	SlWRKY81	AAGTCAAC	3.16e-2	1.00e0	9.27e2	412	206	206	206	11	82	39.81	63	30.58
194	data/reference/motifs/JASPAR2026_CORE_plants_non-redundant_pfms_meme.txt	MA0989.2	PHYPADRAFT_153324	WAAAG	3.18e-2	1.00e0	9.27e2	412	206	206	206	173	156	75.73	138	66.99
195	data/reference/motifs/JASPAR2026_CORE_plants_non-redundant_pfms_meme.txt	MA2383.1	e_gw1.392.16.1	CTTTW	3.18e-2	1.00e0	9.27e2	412	206	206	206	173	156	75.73	138	66.99
196	data/reference/motifs/JASPAR2026_CORE_plants_non-redundant_pfms_meme.txt	MA2648.1	GLYMA-19G146000	AAGGTACAC	3.20e-2	1.00e0	9.27e2	411	206	206	206	6	142	68.93	123	59.71
197	data/reference/motifs/JASPAR2026_CORE_plants_non-redundant_pfms_meme.txt	MA1333.2	BEH3	YGCACGTGTG	1.24e-1	1.00e0	9.27e2	106	206	206	206	4	3	1.46	0	0.00
198	data/reference/motifs/JASPAR2026_CORE_plants_non-redundant_pfms_meme.txt	MA2384.1	estExt_Genewise1.C_2060077	SACGTGK	4.01e-2	1.00e0	9.27e2	329	206	206	206	6	40	19.42	26	12.62
199	data/reference/motifs/JASPAR2026_CORE_plants_non-redundant_pfms_meme.txt	MA0938.3	NAC058	TTACKTGTDNMACAAGWAA	1.14e-1	1.00e0	9.27e2	116	206	206	206	1	64	31.07	52	25.24
200	data/reference/motifs/JASPAR2026_CORE_plants_non-redundant_pfms_meme.txt	MA2653.1	GLYMA-03G042700	GTTTGACTTT	3.24e-2	1.00e0	9.27e2	412	206	206	206	7	141	68.45	122	59.22
201	data/reference/motifs/JASPAR2026_CORE_plants_non-redundant_pfms_meme.txt	MA2713.1	SlDof14	CTTTTTC	3.24e-2	1.00e0	9.27e2	412	206	206	206	15	36	17.48	22	10.68
202	data/reference/motifs/JASPAR2026_CORE_plants_non-redundant_pfms_meme.txt	MA2617.1	ereb54	GCGGCGGCGGC	1.24e-1	1.00e0	9.27e2	108	206	206	206	10	3	1.46	0	0.00
203	data/reference/motifs/JASPAR2026_CORE_plants_non-redundant_pfms_meme.txt	MA1068.3	TGA2	ATGACGTCAY	8.04e-2	1.00e0	9.27e2	169	206	206	206	1	92	44.66	77	37.38
204	data/reference/motifs/JASPAR2026_CORE_plants_non-redundant_pfms_meme.txt	MA2626.1	bzip40	GTGACGTGGC	3.38e-2	1.00e0	9.27e2	404	206	206	206	1	205	99.51	199	96.60
205	data/reference/motifs/JASPAR2026_CORE_plants_non-redundant_pfms_meme.txt	MA1168.2	MYR2	RGAATMTT	3.38e-2	1.00e0	9.27e2	404	206	206	206	11	7	3.40	1	0.49
206	data/reference/motifs/JASPAR2026_CORE_plants_non-redundant_pfms_meme.txt	MA2089.1	PK25870.1	RGTCAAM	3.32e-2	1.00e0	9.27e2	412	206	206	206	20	18	8.74	8	3.88
207	data/reference/motifs/JASPAR2026_CORE_plants_non-redundant_pfms_meme.txt	MA1662.2	AT3G10030	TTAACAGA	3.38e-2	1.00e0	9.27e2	412	206	206	206	18	7	3.40	1	0.49
208	data/reference/motifs/JASPAR2026_CORE_plants_non-redundant_pfms_meme.txt	MA1077.2	WRKY18	RGTCAA	3.38e-2	1.00e0	9.27e2	412	206	206	206	5	205	99.51	199	96.60
209	data/reference/motifs/JASPAR2026_CORE_plants_non-redundant_pfms_meme.txt	MA1666.3	HSFB2B	RGAAGSTTCTA	3.67e-2	1.00e0	9.27e2	382	206	206	206	2	169	82.04	153	74.27
210	data/reference/motifs/JASPAR2026_CORE_plants_non-redundant_pfms_meme.txt	MA2048.2	NAC045	GAAGCAAC	3.41e-2	1.00e0	9.27e2	412	206	206	206	7	195	94.66	184	89.32
211	data/reference/motifs/JASPAR2026_CORE_plants_non-redundant_pfms_meme.txt	MA2092.1	PK27149.1	TGACGTGK	3.82e-2	1.00e0	9.27e2	372	206	206	206	6	39	18.93	25	12.14
212	data/reference/motifs/JASPAR2026_CORE_plants_non-redundant_pfms_meme.txt	MA1184.2	RVE1	WAAATATCT	3.59e-2	1.00e0	9.27e2	405	206	206	206	5	130	63.11	111	53.88
213	data/reference/motifs/JASPAR2026_CORE_plants_non-redundant_pfms_meme.txt	MA2662.1	GLYMA-13G153200	GCCACGTCA	3.61e-2	1.00e0	9.27e2	405	206	206	206	9	27	13.11	15	7.28
214	data/reference/motifs/JASPAR2026_CORE_plants_non-redundant_pfms_meme.txt	MA1822.2	Zm00001d018571	GTACGTAC	3.68e-2	1.00e0	9.27e2	399	206	206	206	10	76	36.89	58	28.16
215	data/reference/motifs/JASPAR2026_CORE_plants_non-redundant_pfms_meme.txt	MA1169.1	MYB105	WTHDWWACCGTTA	4.54e-2	1.00e0	9.27e2	327	206	206	206	4	36	17.48	23	11.17
216	data/reference/motifs/JASPAR2026_CORE_plants_non-redundant_pfms_meme.txt	MA1795.2	RAP2-4	CRCCGACC	3.63e-2	1.00e0	9.27e2	411	206	206	206	26	38	18.45	24	11.65
217	data/reference/motifs/JASPAR2026_CORE_plants_non-redundant_pfms_meme.txt	MA1090.2	WRKY60	GGTCAAC	3.79e-2	1.00e0	9.27e2	401	206	206	206	4	116	56.31	97	47.09
218	data/reference/motifs/JASPAR2026_CORE_plants_non-redundant_pfms_meme.txt	MA1784.1	NAC011	GTTGCTTSWNHHDCAAGYAAC	2.46e-1	1.00e0	9.27e2	54	206	206	206	2	12	5.83	8	3.88
219	data/reference/motifs/JASPAR2026_CORE_plants_non-redundant_pfms_meme.txt	MA2413.1	ZmbZIP96	GASACGTGKCA	5.25e-2	1.00e0	9.27e2	292	206	206	206	7	8	3.88	2	0.97
220	data/reference/motifs/JASPAR2026_CORE_plants_non-redundant_pfms_meme.txt	MA1055.3	SPL1	TGTACGGA	3.82e-2	1.00e0	9.27e2	403	206	206	206	9	19	9.22	9	4.37
221	data/reference/motifs/JASPAR2026_CORE_plants_non-redundant_pfms_meme.txt	MA1314.2	WRKY14	AAAGTCAACG	4.80e-2	1.00e0	9.27e2	321	206	206	206	1	168	81.55	153	74.27
222	data/reference/motifs/JASPAR2026_CORE_plants_non-redundant_pfms_meme.txt	MA2499.1	LSH2	TACTGTTCA	3.75e-2	1.00e0	9.27e2	412	206	206	206	12	104	50.49	85	41.26
223	data/reference/motifs/JASPAR2026_CORE_plants_non-redundant_pfms_meme.txt	MA1404.1	BPC1	GAGAGAGAGAGAGAGAGAGAGAGA	1.46e-1	1.00e0	9.27e2	98	206	206	206	13	10	4.85	5	2.43
224	data/reference/motifs/JASPAR2026_CORE_plants_non-redundant_pfms_meme.txt	MA2730.1	Solyc01g079480	YSACGTGKCA	4.61e-2	1.00e0	9.27e2	340	206	206	206	2	122	59.22	104	50.49
225	data/reference/motifs/JASPAR2026_CORE_plants_non-redundant_pfms_meme.txt	MA1301.2	WRKY33	AAAGTCAACG	4.77e-2	1.00e0	9.27e2	329	206	206	206	4	37	17.96	24	11.65
226	data/reference/motifs/JASPAR2026_CORE_plants_non-redundant_pfms_meme.txt	MA1176.2	MYB119	RWCCGTTACA	4.19e-2	1.00e0	9.27e2	375	206	206	206	1	193	93.69	182	88.35
227	data/reference/motifs/JASPAR2026_CORE_plants_non-redundant_pfms_meme.txt	MA1311.3	WRKY28	RGTCAAC	3.89e-2	1.00e0	9.27e2	412	206	206	206	13	55	26.70	39	18.93
228	data/reference/motifs/JASPAR2026_CORE_plants_non-redundant_pfms_meme.txt	MA1021.2	PHYPADRAFT_48267	CACGTGC	4.74e-2	1.00e0	9.27e2	342	206	206	206	5	44	21.36	30	14.56
229	data/reference/motifs/JASPAR2026_CORE_plants_non-redundant_pfms_meme.txt	MA0965.3	BIM2	CACGTG	4.36e-2	1.00e0	9.27e2	380	206	206	206	16	10	4.85	3	1.46
230	data/reference/motifs/JASPAR2026_CORE_plants_non-redundant_pfms_meme.txt	MA1307.3	WRKY31	RGTCAACG	4.20e-2	1.00e0	9.27e2	399	206	206	206	7	41	19.90	27	13.11
231	data/reference/motifs/JASPAR2026_CORE_plants_non-redundant_pfms_meme.txt	MA1280.2	DOF5.4	AAAAAGK	4.08e-2	1.00e0	9.27e2	412	206	206	206	15	140	67.96	122	59.22
232	data/reference/motifs/JASPAR2026_CORE_plants_non-redundant_pfms_meme.txt	MA0984.2	DOF5.7	AAARR	4.12e-2	1.00e0	9.27e2	412	206	206	206	194	165	80.10	149	72.33
233	data/reference/motifs/JASPAR2026_CORE_plants_non-redundant_pfms_meme.txt	MA1053.1	ERF109	GCGCCGCC	6.16e-2	1.00e0	9.27e2	276	206	206	206	13	4	1.94	0	0.00
234	data/reference/motifs/JASPAR2026_CORE_plants_non-redundant_pfms_meme.txt	MA2453.1	SPL8B	ATAGTACTC	4.33e-2	1.00e0	9.27e2	394	206	206	206	3	163	79.13	147	71.36
235	data/reference/motifs/JASPAR2026_CORE_plants_non-redundant_pfms_meme.txt	MA0557.2	FHY3	CACGCGCT	4.77e-2	1.00e0	9.27e2	358	206	206	206	6	37	17.96	24	11.65
236	data/reference/motifs/JASPAR2026_CORE_plants_non-redundant_pfms_meme.txt	MA2016.2	GRF6	TCTGACA	6.16e-2	1.00e0	9.27e2	278	206	206	206	6	4	1.94	0	0.00
237	data/reference/motifs/JASPAR2026_CORE_plants_non-redundant_pfms_meme.txt	MA2500.1	LSH3	TTACTGTTCAT	4.20e-2	1.00e0	9.27e2	410	206	206	206	11	41	19.90	27	13.11
238	data/reference/motifs/JASPAR2026_CORE_plants_non-redundant_pfms_meme.txt	MA2358.1	PK22320.1	GTACGG	4.20e-2	1.00e0	9.27e2	412	206	206	206	22	16	7.77	7	3.40
239	data/reference/motifs/JASPAR2026_CORE_plants_non-redundant_pfms_meme.txt	MA2760.1	p2	CACCTAAC	4.20e-2	1.00e0	9.27e2	412	206	206	206	14	87	42.23	69	33.50
240	data/reference/motifs/JASPAR2026_CORE_plants_non-redundant_pfms_meme.txt	MA2762.1	myb53	AGTTAGGCAC	4.45e-2	1.00e0	9.27e2	391	206	206	206	8	13	6.31	5	2.43
241	data/reference/motifs/JASPAR2026_CORE_plants_non-redundant_pfms_meme.txt	MA2660.1	GLYMA-12G168700	WWWTGTAATTACAWWW	4.36e-2	1.00e0	9.27e2	401	206	206	206	24	10	4.85	3	1.46
242	data/reference/motifs/JASPAR2026_CORE_plants_non-redundant_pfms_meme.txt	MA1825.2	Zm00001d044409	CTTATC	4.25e-2	1.00e0	9.27e2	412	206	206	206	14	172	83.50	157	76.21
243	data/reference/motifs/JASPAR2026_CORE_plants_non-redundant_pfms_meme.txt	MA1663.3	NAC050	CAAGTAAC	4.25e-2	1.00e0	9.27e2	412	206	206	206	17	49	23.79	34	16.50
244	data/reference/motifs/JASPAR2026_CORE_plants_non-redundant_pfms_meme.txt	MA2669.1	GLYMA-04G231400	CAATAATTGATT	4.36e-2	1.00e0	9.27e2	403	206	206	206	11	10	4.85	3	1.46
245	data/reference/motifs/JASPAR2026_CORE_plants_non-redundant_pfms_meme.txt	MA1248.2	ERF012	CCACCGMC	6.09e-2	1.00e0	9.27e2	290	206	206	206	9	6	2.91	1	0.49
246	data/reference/motifs/JASPAR2026_CORE_plants_non-redundant_pfms_meme.txt	MA1791.1	NAC087	TTDCTTGTNNNACACGYWA	1.69e-1	1.00e0	9.27e2	105	206	206	206	3	7	3.40	3	1.46
247	data/reference/motifs/JASPAR2026_CORE_plants_non-redundant_pfms_meme.txt	MA1036.1	MYB111	GKTAGGTR	4.32e-2	1.00e0	9.27e2	411	206	206	206	17	20	9.71	10	4.85
248	data/reference/motifs/JASPAR2026_CORE_plants_non-redundant_pfms_meme.txt	MA2454.1	SPL8D1	ATAGTACATA	4.33e-2	1.00e0	9.27e2	412	206	206	206	12	163	79.13	147	71.36
249	data/reference/motifs/JASPAR2026_CORE_plants_non-redundant_pfms_meme.txt	MA1411.2	TSAR1	GCACGTGC	6.76e-2	1.00e0	9.27e2	264	206	206	206	8	12	5.83	5	2.43
250	data/reference/motifs/JASPAR2026_CORE_plants_non-redundant_pfms_meme.txt	MA2616.1	ereb17	CGCCGCCGCCGCCS	1.24e-1	1.00e0	9.27e2	144	206	206	206	13	3	1.46	0	0.00
251	data/reference/motifs/JASPAR2026_CORE_plants_non-redundant_pfms_meme.txt	MA2505.1	bZIP59	TGACAGCTGTCA	5.25e-2	1.00e0	9.27e2	341	206	206	206	14	8	3.88	2	0.97
252	data/reference/motifs/JASPAR2026_CORE_plants_non-redundant_pfms_meme.txt	MA2018.2	NAC69	ACAAGGCA	4.36e-2	1.00e0	9.27e2	412	206	206	206	20	10	4.85	3	1.46
253	data/reference/motifs/JASPAR2026_CORE_plants_non-redundant_pfms_meme.txt	MA2614.1	ereb198	SCGCCGCCGCCR	1.24e-1	1.00e0	9.27e2	146	206	206	206	16	3	1.46	0	0.00
254	data/reference/motifs/JASPAR2026_CORE_plants_non-redundant_pfms_meme.txt	MA0578.1	SPL8	WWDWHYGTACHHTWWW	5.27e-2	1.00e0	9.27e2	345	206	206	206	2	153	74.27	137	66.50
255	data/reference/motifs/JASPAR2026_CORE_plants_non-redundant_pfms_meme.txt	MA2033.2	NAC038	TTDCKTGTDNHACAAGTWA	1.67e-1	1.00e0	9.27e2	109	206	206	206	2	35	16.99	27	13.11
256	data/reference/motifs/JASPAR2026_CORE_plants_non-redundant_pfms_meme.txt	MA1089.2	WRKY57	RGTCAA	4.44e-2	1.00e0	9.27e2	412	206	206	206	55	130	63.11	112	54.37
257	data/reference/motifs/JASPAR2026_CORE_plants_non-redundant_pfms_meme.txt	MA2070.1	PK15337.1	CTTT	4.44e-2	1.00e0	9.27e2	412	206	206	206	273	130	63.11	112	54.37
258	data/reference/motifs/JASPAR2026_CORE_plants_non-redundant_pfms_meme.txt	MA2344.1	REV	AATMATCATTATTA	4.45e-2	1.00e0	9.27e2	411	206	206	206	3	201	97.57	193	93.69
259	data/reference/motifs/JASPAR2026_CORE_plants_non-redundant_pfms_meme.txt	MA1389.2	PHL1	AARGAATATTCB	5.58e-2	1.00e0	9.27e2	328	206	206	206	1	171	83.01	157	76.21
260	data/reference/motifs/JASPAR2026_CORE_plants_non-redundant_pfms_meme.txt	MA1315.2	WRKY24	CGTTGACTTTT	5.59e-2	1.00e0	9.27e2	328	206	206	206	6	11	5.34	4	1.94
261	data/reference/motifs/JASPAR2026_CORE_plants_non-redundant_pfms_meme.txt	MA2046.2	NAC035	CACGGCA	4.45e-2	1.00e0	9.27e2	412	206	206	206	18	13	6.31	5	2.43
262	data/reference/motifs/JASPAR2026_CORE_plants_non-redundant_pfms_meme.txt	MA1295.2	WRKY20	CGTTGACY	4.82e-2	1.00e0	9.27e2	382	206	206	206	4	64	31.07	48	23.30
263	data/reference/motifs/JASPAR2026_CORE_plants_non-redundant_pfms_meme.txt	MA1185.2	LHY	AGATATTTT	4.64e-2	1.00e0	9.27e2	397	206	206	206	3	147	71.36	130	63.11
264	data/reference/motifs/JASPAR2026_CORE_plants_non-redundant_pfms_meme.txt	MA1783.1	NAC005	TWRCTTVTTYHAYAAGTTW	1.08e-1	1.00e0	9.27e2	173	206	206	206	4	16	7.77	9	4.37
265	data/reference/motifs/JASPAR2026_CORE_plants_non-redundant_pfms_meme.txt	MA1299.2	WRKY17	AAAGTCAACG	5.43e-2	1.00e0	9.27e2	345	206	206	206	1	179	86.89	166	80.58
266	data/reference/motifs/JASPAR2026_CORE_plants_non-redundant_pfms_meme.txt	MA1804.2	WIN1	CRCCGC	4.57e-2	1.00e0	9.27e2	412	206	206	206	13	192	93.20	181	87.86
267	data/reference/motifs/JASPAR2026_CORE_plants_non-redundant_pfms_meme.txt	MA2659.1	GLYMA-08G281200	YTTGACTAATTAGGGTTWAKKGDT	3.71e-1	1.00e0	9.27e2	41	206	206	206	1	22	10.68	19	9.22
268	data/reference/motifs/JASPAR2026_CORE_plants_non-redundant_pfms_meme.txt	MA1829.2	Zm00001d035604	ACCTAAC	4.64e-2	1.00e0	9.27e2	412	206	206	206	21	104	50.49	86	41.75
269	data/reference/motifs/JASPAR2026_CORE_plants_non-redundant_pfms_meme.txt	MA2049.2	NAC053	CAAGAAA	4.66e-2	1.00e0	9.27e2	412	206	206	206	12	118	57.28	100	48.54
270	data/reference/motifs/JASPAR2026_CORE_plants_non-redundant_pfms_meme.txt	MA2075.1	PK18009.1	ACACGTG	4.67e-2	1.00e0	9.27e2	412	206	206	206	17	52	25.24	37	17.96
271	data/reference/motifs/JASPAR2026_CORE_plants_non-redundant_pfms_meme.txt	MA2043.2	NAC004	CAAGAAA	4.73e-2	1.00e0	9.27e2	412	206	206	206	13	159	77.18	143	69.42
272	data/reference/motifs/JASPAR2026_CORE_plants_non-redundant_pfms_meme.txt	MA1746.1	BZIP69	TGMCAGCTGTM	1.79e-1	1.00e0	9.27e2	109	206	206	206	2	19	9.22	13	6.31
273	data/reference/motifs/JASPAR2026_CORE_plants_non-redundant_pfms_meme.txt	MA1412.2	TSAR2	GCACGTGC	7.66e-2	1.00e0	9.27e2	255	206	206	206	6	34	16.50	23	11.17
274	data/reference/motifs/JASPAR2026_CORE_plants_non-redundant_pfms_meme.txt	MA1223.2	ERF035	TGTCGGTGG	2.00e-1	1.00e0	9.27e2	88	206	206	206	1	48	23.30	40	19.42
275	data/reference/motifs/JASPAR2026_CORE_plants_non-redundant_pfms_meme.txt	MA2746.1	HB-HD-ZIP-2A-2	WTGCAATCATT	4.77e-2	1.00e0	9.27e2	412	206	206	206	6	182	88.35	169	82.04
276	data/reference/motifs/JASPAR2026_CORE_plants_non-redundant_pfms_meme.txt	MA2643.1	SNAC23	YACGGAACT	4.82e-2	1.00e0	9.27e2	410	206	206	206	11	21	10.19	11	5.34
277	data/reference/motifs/JASPAR2026_CORE_plants_non-redundant_pfms_meme.txt	MA2719.1	lat61	CRCACGTGYG	1.42e-1	1.00e0	9.27e2	139	206	206	206	6	6	2.91	2	0.97
278	data/reference/motifs/JASPAR2026_CORE_plants_non-redundant_pfms_meme.txt	MA0577.4	SPL3	TGTACGGA	5.30e-2	1.00e0	9.27e2	373	206	206	206	7	22	10.68	12	5.83
279	data/reference/motifs/JASPAR2026_CORE_plants_non-redundant_pfms_meme.txt	MA1062.3	TCP15	GTGGGWCCCAC	9.18e-2	1.00e0	9.27e2	216	206	206	206	5	19	9.22	11	5.34
280	data/reference/motifs/JASPAR2026_CORE_plants_non-redundant_pfms_meme.txt	MA1747.2	DOF4.3	WAAAGWRGCTTTW	1.31e-1	1.00e0	9.27e2	152	206	206	206	1	82	39.81	70	33.98
281	data/reference/motifs/JASPAR2026_CORE_plants_non-redundant_pfms_meme.txt	MA2749.1	TraesCS2D02G576500	GAAGCAAC	4.85e-2	1.00e0	9.27e2	411	206	206	206	4	198	96.12	189	91.75
282	data/reference/motifs/JASPAR2026_CORE_plants_non-redundant_pfms_meme.txt	MA2105.1	GLYMA-13G317000	ACACGT	5.09e-2	1.00e0	9.27e2	394	206	206	206	4	139	67.48	122	59.22
283	data/reference/motifs/JASPAR2026_CORE_plants_non-redundant_pfms_meme.txt	MA1350.1	BZIP42	TGCTGACGTGGC	3.74e-1	1.00e0	9.27e2	43	206	206	206	1	23	11.17	20	9.71
284	data/reference/motifs/JASPAR2026_CORE_plants_non-redundant_pfms_meme.txt	MA1277.2	DOF1.7	AAAAAGTARAA	4.92e-2	1.00e0	9.27e2	412	206	206	206	17	157	76.21	141	68.45
285	data/reference/motifs/JASPAR2026_CORE_plants_non-redundant_pfms_meme.txt	MA1341.2	BZIP53	TGCTGACGTGGCA	2.02e-1	1.00e0	9.27e2	90	206	206	206	1	49	23.79	41	19.90
286	data/reference/motifs/JASPAR2026_CORE_plants_non-redundant_pfms_meme.txt	MA1660.2	NAC013	TTACTTGTTCYMCAAGTAA	1.56e-1	1.00e0	9.27e2	131	206	206	206	3	16	7.77	10	4.85
287	data/reference/motifs/JASPAR2026_CORE_plants_non-redundant_pfms_meme.txt	MA1163.3	PHL11	AGAATATTCT	5.48e-2	1.00e0	9.27e2	375	206	206	206	5	94	45.63	77	37.38
288	data/reference/motifs/JASPAR2026_CORE_plants_non-redundant_pfms_meme.txt	MA1414.2	E2FA	GCGCCA	5.22e-2	1.00e0	9.27e2	400	206	206	206	3	180	87.38	167	81.07
289	data/reference/motifs/JASPAR2026_CORE_plants_non-redundant_pfms_meme.txt	MA0587.2	TCP16	GTGGACCC	6.96e-2	1.00e0	9.27e2	303	206	206	206	4	39	18.93	27	13.11
290	data/reference/motifs/JASPAR2026_CORE_plants_non-redundant_pfms_meme.txt	MA1393.3	MYB70	AACCGTT	5.18e-2	1.00e0	9.27e2	409	206	206	206	11	86	41.75	69	33.50
291	data/reference/motifs/JASPAR2026_CORE_plants_non-redundant_pfms_meme.txt	MA2472.1	AT3G12910	YGSCGTVRWDDHBACGK	2.05e-1	1.00e0	9.27e2	93	206	206	206	2	15	7.28	10	4.85
292	data/reference/motifs/JASPAR2026_CORE_plants_non-redundant_pfms_meme.txt	MA2460.1	MGH6.1	YGSCGTVRWDDHBACGK	2.05e-1	1.00e0	9.27e2	93	206	206	206	2	15	7.28	10	4.85
293	data/reference/motifs/JASPAR2026_CORE_plants_non-redundant_pfms_meme.txt	MA1758.2	HSFA1E	AGAAGCTTCTAGAA	1.01e-1	1.00e0	9.27e2	212	206	206	206	2	43	20.87	32	15.53
294	data/reference/motifs/JASPAR2026_CORE_plants_non-redundant_pfms_meme.txt	MA1304.2	WRKY59	AAAAGTCAAM	5.25e-2	1.00e0	9.27e2	410	206	206	206	10	8	3.88	2	0.97
295	data/reference/motifs/JASPAR2026_CORE_plants_non-redundant_pfms_meme.txt	MA2663.1	GLYMA-02G261700	TCACCGACATA	6.16e-2	1.00e0	9.27e2	351	206	206	206	10	4	1.94	0	0.00
296	data/reference/motifs/JASPAR2026_CORE_plants_non-redundant_pfms_meme.txt	MA1336.2	TGA3	RTGACGTCAKC	1.69e-1	1.00e0	9.27e2	128	206	206	206	1	69	33.50	59	28.64
297	data/reference/motifs/JASPAR2026_CORE_plants_non-redundant_pfms_meme.txt	MA0082.2	squamosa	MCAWAWATRGWAA	5.25e-2	1.00e0	9.27e2	412	206	206	206	9	173	83.98	159	77.18
298	data/reference/motifs/JASPAR2026_CORE_plants_non-redundant_pfms_meme.txt	MA2392.1	GRMZM2G135447	TGACRKS	5.25e-2	1.00e0	9.27e2	412	206	206	206	9	173	83.98	159	77.18
299	data/reference/motifs/JASPAR2026_CORE_plants_non-redundant_pfms_meme.txt	MA1268.2	CDF5	TTYACTTTTTYTTTTTTTTTT	5.25e-2	1.00e0	9.27e2	412	206	206	206	3	204	99.03	198	96.12
300	data/reference/motifs/JASPAR2026_CORE_plants_non-redundant_pfms_meme.txt	MA2037.2	NAC096	CAAGTAA	5.25e-2	1.00e0	9.27e2	412	206	206	206	27	8	3.88	2	0.97
301	data/reference/motifs/JASPAR2026_CORE_plants_non-redundant_pfms_meme.txt	MA2397.1	ILR3	CACGTG	5.25e-2	1.00e0	9.27e2	412	206	206	206	66	8	3.88	2	0.97
302	data/reference/motifs/JASPAR2026_CORE_plants_non-redundant_pfms_meme.txt	MA1292.2	MYB27	AAAAATTAGGTA	1.18e-1	1.00e0	9.27e2	189	206	206	206	1	101	49.03	88	42.72
303	data/reference/motifs/JASPAR2026_CORE_plants_non-redundant_pfms_meme.txt	MA1334.2	BZIP11	TGCCACGTCAGCA	2.07e-1	1.00e0	9.27e2	96	206	206	206	1	52	25.24	44	21.36
304	data/reference/motifs/JASPAR2026_CORE_plants_non-redundant_pfms_meme.txt	MA0554.2	SOC1	TTTCCWTTTTTGG	5.42e-2	1.00e0	9.27e2	412	206	206	206	4	172	83.50	158	76.70
305	data/reference/motifs/JASPAR2026_CORE_plants_non-redundant_pfms_meme.txt	MA2045.2	NAC031	TTRCKTGTWNHACAAGTWA	1.28e-1	1.00e0	9.27e2	175	206	206	206	2	57	27.67	46	22.33
306	data/reference/motifs/JASPAR2026_CORE_plants_non-redundant_pfms_meme.txt	MA1787.2	NAC047	ACACGTMWCT	5.49e-2	1.00e0	9.27e2	407	206	206	206	11	18	8.74	9	4.37
307	data/reference/motifs/JASPAR2026_CORE_plants_non-redundant_pfms_meme.txt	MA0590.1	LFY	YATTRACCGSCGGTYAATR	3.12e-1	1.00e0	9.27e2	60	206	206	206	4	3	1.46	1	0.49
308	data/reference/motifs/JASPAR2026_CORE_plants_non-redundant_pfms_meme.txt	MA1079.3	WRKY21	AAAAGTCAACG	6.46e-2	1.00e0	9.27e2	350	206	206	206	1	181	87.86	169	82.04
309	data/reference/motifs/JASPAR2026_CORE_plants_non-redundant_pfms_meme.txt	MA2087.1	PK24205.1	CACGTGKC	1.12e-1	1.00e0	9.27e2	203	206	206	206	2	48	23.30	37	17.96
310	data/reference/motifs/JASPAR2026_CORE_plants_non-redundant_pfms_meme.txt	MA2424.1	OsbZIP77	TGCCACGTCABC	1.35e-1	1.00e0	9.27e2	168	206	206	206	1	90	43.69	78	37.86
311	data/reference/motifs/JASPAR2026_CORE_plants_non-redundant_pfms_meme.txt	MA1057.2	SPL12	GTACGG	5.59e-2	1.00e0	9.27e2	412	206	206	206	34	11	5.34	4	1.94
312	data/reference/motifs/JASPAR2026_CORE_plants_non-redundant_pfms_meme.txt	MA0567.1	ERF1B	MGCCGCCA	7.01e-2	1.00e0	9.27e2	329	206	206	206	1	171	83.01	158	76.70
313	data/reference/motifs/JASPAR2026_CORE_plants_non-redundant_pfms_meme.txt	MA2375.1	BMY2	SRCACGTGTGR	1.69e-1	1.00e0	9.27e2	137	206	206	206	4	7	3.40	3	1.46
314	data/reference/motifs/JASPAR2026_CORE_plants_non-redundant_pfms_meme.txt	MA1210.3	HAT22	CAATAATTG	5.66e-2	1.00e0	9.27e2	412	206	206	206	13	161	78.16	146	70.87
315	data/reference/motifs/JASPAR2026_CORE_plants_non-redundant_pfms_meme.txt	MA2059.1	PK05432.1	RGTCAA	5.66e-2	1.00e0	9.27e2	412	206	206	206	41	161	78.16	146	70.87
316	data/reference/motifs/JASPAR2026_CORE_plants_non-redundant_pfms_meme.txt	MA1088.2	WRKY48	GTCAA	5.66e-2	1.00e0	9.27e2	412	206	206	206	82	121	58.74	104	50.49
317	data/reference/motifs/JASPAR2026_CORE_plants_non-redundant_pfms_meme.txt	MA2610.1	ereb97	CGCCGCCGCC	5.00e-1	1.00e0	9.27e2	34	206	206	206	5	1	0.49	0	0.00
318	data/reference/motifs/JASPAR2026_CORE_plants_non-redundant_pfms_meme.txt	MA1832.2	Zm00001d002364	CGCCGCCGCC	5.00e-1	1.00e0	9.27e2	34	206	206	206	5	1	0.49	0	0.00
319	data/reference/motifs/JASPAR2026_CORE_plants_non-redundant_pfms_meme.txt	MA1818.1	Zm00001d052229	CGCCGCCGCC	5.00e-1	1.00e0	9.27e2	34	206	206	206	5	1	0.49	0	0.00
320	data/reference/motifs/JASPAR2026_CORE_plants_non-redundant_pfms_meme.txt	MA2750.1	TraesCS7B02G142200	TGTACGGAC	6.22e-2	1.00e0	9.27e2	379	206	206	206	4	83	40.29	67	32.52
321	data/reference/motifs/JASPAR2026_CORE_plants_non-redundant_pfms_meme.txt	MA1382.2	FAR1	YCACGCGCY	2.35e-1	1.00e0	9.27e2	88	206	206	206	2	11	5.34	7	3.40
322	data/reference/motifs/JASPAR2026_CORE_plants_non-redundant_pfms_meme.txt	MA1160.2	IDD6	TTTTTGTCGTTTTSTK	7.86e-2	1.00e0	9.27e2	308	206	206	206	5	13	6.31	6	2.91
323	data/reference/motifs/JASPAR2026_CORE_plants_non-redundant_pfms_meme.txt	MA0005.3	AG	TTWCCWAAWHDGGHAA	6.16e-2	1.00e0	9.27e2	397	206	206	206	12	4	1.94	0	0.00
324	data/reference/motifs/JASPAR2026_CORE_plants_non-redundant_pfms_meme.txt	MA0954.3	ATHB-7	TCAATGATTGR	6.09e-2	1.00e0	9.27e2	404	206	206	206	11	6	2.91	1	0.49
325	data/reference/motifs/JASPAR2026_CORE_plants_non-redundant_pfms_meme.txt	MA2640.1	GLYMA-19G062000	GTAACAGTTAC	6.23e-2	1.00e0	9.27e2	396	206	206	206	2	192	93.20	182	88.35
326	data/reference/motifs/JASPAR2026_CORE_plants_non-redundant_pfms_meme.txt	MA0580.1	DYT1	MGTGAGWCACGTGA	2.38e-1	1.00e0	9.27e2	91	206	206	206	1	49	23.79	42	20.39
327	data/reference/motifs/JASPAR2026_CORE_plants_non-redundant_pfms_meme.txt	MA1230.2	ERF037	YCACCGACA	1.56e-1	1.00e0	9.27e2	159	206	206	206	1	85	41.26	74	35.92
328	data/reference/motifs/JASPAR2026_CORE_plants_non-redundant_pfms_meme.txt	MA1064.2	TCP2	TGGKMCCA	6.09e-2	1.00e0	9.27e2	408	206	206	206	46	6	2.91	1	0.49
329	data/reference/motifs/JASPAR2026_CORE_plants_non-redundant_pfms_meme.txt	MA0931.2	ABI5	GMCACGTG	8.38e-2	1.00e0	9.27e2	297	206	206	206	2	109	52.91	94	45.63
330	data/reference/motifs/JASPAR2026_CORE_plants_non-redundant_pfms_meme.txt	MA1667.3	HSFC1	TTCYAGAA	6.09e-2	1.00e0	9.27e2	410	206	206	206	17	6	2.91	1	0.49
331	data/reference/motifs/JASPAR2026_CORE_plants_non-redundant_pfms_meme.txt	MA1316.2	WRKY71	AAAAGTCAAC	6.98e-2	1.00e0	9.27e2	358	206	206	206	6	16	7.77	8	3.88
332	data/reference/motifs/JASPAR2026_CORE_plants_non-redundant_pfms_meme.txt	MA1339.1	BZIP43	GCCACGTCAGCA	3.12e-1	1.00e0	9.27e2	67	206	206	206	2	3	1.46	1	0.49
333	data/reference/motifs/JASPAR2026_CORE_plants_non-redundant_pfms_meme.txt	MA0955.2	POPTR_0002s00440g	GTACGG	6.09e-2	1.00e0	9.27e2	412	206	206	206	11	205	99.51	200	97.09
334	data/reference/motifs/JASPAR2026_CORE_plants_non-redundant_pfms_meme.txt	MA2042.2	MYB58	CCACCAACC	6.09e-2	1.00e0	9.27e2	412	206	206	206	26	6	2.91	1	0.49
335	data/reference/motifs/JASPAR2026_CORE_plants_non-redundant_pfms_meme.txt	MA0001.3	AGL3	CCAWWWATAG	6.09e-2	1.00e0	9.27e2	412	206	206	206	23	6	2.91	1	0.49
336	data/reference/motifs/JASPAR2026_CORE_plants_non-redundant_pfms_meme.txt	MA2053.2	NAC105	CAAGCAACC	6.09e-2	1.00e0	9.27e2	412	206	206	206	20	6	2.91	1	0.49
337	data/reference/motifs/JASPAR2026_CORE_plants_non-redundant_pfms_meme.txt	MA2373.1	AZF2	ASTG	6.09e-2	1.00e0	9.27e2	412	206	206	206	137	205	99.51	200	97.09
338	data/reference/motifs/JASPAR2026_CORE_plants_non-redundant_pfms_meme.txt	MA2062.1	PK07031.1	CTTT	6.09e-2	1.00e0	9.27e2	412	206	206	206	250	205	99.51	200	97.09
339	data/reference/motifs/JASPAR2026_CORE_plants_non-redundant_pfms_meme.txt	MA2005.2	NAC016	TVCKTGWBCYNCAMG	1.38e-1	1.00e0	9.27e2	182	206	206	206	3	20	9.71	13	6.31
340	data/reference/motifs/JASPAR2026_CORE_plants_non-redundant_pfms_meme.txt	MA1041.1	MYB55	ACCTACCG	6.16e-2	1.00e0	9.27e2	408	206	206	206	1	206	100.00	202	98.06
341	data/reference/motifs/JASPAR2026_CORE_plants_non-redundant_pfms_meme.txt	MA2359.1	PK23829.1	TTATCCR	6.16e-2	1.00e0	9.27e2	408	206	206	206	1	206	100.00	202	98.06
342	data/reference/motifs/JASPAR2026_CORE_plants_non-redundant_pfms_meme.txt	MA2009.2	NAC010	TAACTTGTDNHACAAGTTACC	2.25e-1	1.00e0	9.27e2	99	206	206	206	4	5	2.43	2	0.97
343	data/reference/motifs/JASPAR2026_CORE_plants_non-redundant_pfms_meme.txt	MA0970.2	CAMTA3	CCGCGT	6.16e-2	1.00e0	9.27e2	409	206	206	206	23	4	1.94	0	0.00
344	data/reference/motifs/JASPAR2026_CORE_plants_non-redundant_pfms_meme.txt	MA0128.1	EmBP-1	ASACGTGG	6.69e-2	1.00e0	9.27e2	378	206	206	206	3	128	62.14	112	54.37
345	data/reference/motifs/JASPAR2026_CORE_plants_non-redundant_pfms_meme.txt	MA1799.2	SPL10	GTACGR	6.16e-2	1.00e0	9.27e2	411	206	206	206	25	4	1.94	0	0.00
346	data/reference/motifs/JASPAR2026_CORE_plants_non-redundant_pfms_meme.txt	MA1273.2	DOF4.2	AAAAAGGYAAA	6.16e-2	1.00e0	9.27e2	411	206	206	206	19	4	1.94	0	0.00
347	data/reference/motifs/JASPAR2026_CORE_plants_non-redundant_pfms_meme.txt	MA1159.2	SGR5	AAAWAAGACAAAA	6.17e-2	1.00e0	9.27e2	411	206	206	206	9	15	7.28	7	3.40
348	data/reference/motifs/JASPAR2026_CORE_plants_non-redundant_pfms_meme.txt	MA1042.1	MYB59	RTTAGGTA	6.16e-2	1.00e0	9.27e2	412	206	206	206	31	4	1.94	0	0.00
349	data/reference/motifs/JASPAR2026_CORE_plants_non-redundant_pfms_meme.txt	MA1177.2	MYB65	TAACCGHM	6.16e-2	1.00e0	9.27e2	412	206	206	206	4	206	100.00	202	98.06
350	data/reference/motifs/JASPAR2026_CORE_plants_non-redundant_pfms_meme.txt	MA0563.2	SEP3	CYWTTTTTGG	6.16e-2	1.00e0	9.27e2	412	206	206	206	31	4	1.94	0	0.00
351	data/reference/motifs/JASPAR2026_CORE_plants_non-redundant_pfms_meme.txt	MA0967.1	BZIP60	TGACGTCA	6.17e-2	1.00e0	9.27e2	412	206	206	206	6	199	96.60	191	92.72
352	data/reference/motifs/JASPAR2026_CORE_plants_non-redundant_pfms_meme.txt	MA1776.3	MYB67	TACCTAACA	6.19e-2	1.00e0	9.27e2	411	206	206	206	11	53	25.73	39	18.93
353	data/reference/motifs/JASPAR2026_CORE_plants_non-redundant_pfms_meme.txt	MA1260.2	ERF013	TGTCGGTGG	1.24e-1	1.00e0	9.27e2	206	206	206	206	6	3	1.46	0	0.00
354	data/reference/motifs/JASPAR2026_CORE_plants_non-redundant_pfms_meme.txt	MA2421.1	SBP8	ARGTACAA	6.23e-2	1.00e0	9.27e2	412	206	206	206	14	24	11.65	14	6.80
355	data/reference/motifs/JASPAR2026_CORE_plants_non-redundant_pfms_meme.txt	MA0576.2	RAX3	GGGGGTAGGTGS	2.56e-1	1.00e0	9.27e2	88	206	206	206	2	13	6.31	9	4.37
356	data/reference/motifs/JASPAR2026_CORE_plants_non-redundant_pfms_meme.txt	MA1032.2	DREB1G	TGCCGACA	1.72e-1	1.00e0	9.27e2	152	206	206	206	2	26	12.62	19	9.22
357	data/reference/motifs/JASPAR2026_CORE_plants_non-redundant_pfms_meme.txt	MA2036.2	NAC076	CAAGCAA	6.37e-2	1.00e0	9.27e2	412	206	206	206	12	187	90.78	176	85.44
358	data/reference/motifs/JASPAR2026_CORE_plants_non-redundant_pfms_meme.txt	MA2080.1	PK20225.1	CACGTG	6.37e-2	1.00e0	9.27e2	412	206	206	206	38	30	14.56	19	9.22
359	data/reference/motifs/JASPAR2026_CORE_plants_non-redundant_pfms_meme.txt	MA2423.1	OsbZIP69	GMTGACGTGGCA	1.58e-1	1.00e0	9.27e2	167	206	206	206	1	89	43.20	78	37.86
360	data/reference/motifs/JASPAR2026_CORE_plants_non-redundant_pfms_meme.txt	MA1789.1	NAC071	CTTSWHYYTCAMGYA	8.60e-2	1.00e0	9.27e2	307	206	206	206	7	10	4.85	4	1.94
361	data/reference/motifs/JASPAR2026_CORE_plants_non-redundant_pfms_meme.txt	MA2715.1	Solyc03g124110	RTCTATGTCGGYWAA	1.90e-1	1.00e0	9.27e2	139	206	206	206	3	8	3.88	4	1.94
362	data/reference/motifs/JASPAR2026_CORE_plants_non-redundant_pfms_meme.txt	MA2759.1	ereb7	GCGGCGGCGGCGG	9.66e-1	1.00e0	9.27e2	8	206	206	206	1	2	0.97	6	2.91
363	data/reference/motifs/JASPAR2026_CORE_plants_non-redundant_pfms_meme.txt	MA2654.1	GLYMA-05G127600	GGTCAAC	6.59e-2	1.00e0	9.27e2	412	206	206	206	12	131	63.59	115	55.83
364	data/reference/motifs/JASPAR2026_CORE_plants_non-redundant_pfms_meme.txt	MA2738.1	Cnr	TCCGTACAAA	6.66e-2	1.00e0	9.27e2	409	206	206	206	8	93	45.15	77	37.38
365	data/reference/motifs/JASPAR2026_CORE_plants_non-redundant_pfms_meme.txt	MA1833.2	Zm00001d049364	CCGCCGCCGCC	1.24e-1	1.00e0	9.27e2	223	206	206	206	18	3	1.46	0	0.00
366	data/reference/motifs/JASPAR2026_CORE_plants_non-redundant_pfms_meme.txt	MA1093.2	WRKY75	RGTCAAC	7.77e-2	1.00e0	9.27e2	357	206	206	206	2	135	65.53	120	58.25
367	data/reference/motifs/JASPAR2026_CORE_plants_non-redundant_pfms_meme.txt	MA0968.3	BZIP68	TGCCACGTSA	1.11e-1	1.00e0	9.27e2	257	206	206	206	1	135	65.53	122	59.22
368	data/reference/motifs/JASPAR2026_CORE_plants_non-redundant_pfms_meme.txt	MA1675.2	NAC029	ACGCAACT	7.00e-2	1.00e0	9.27e2	408	206	206	206	13	9	4.37	3	1.46
369	data/reference/motifs/JASPAR2026_CORE_plants_non-redundant_pfms_meme.txt	MA2475.1	HOX6	TGATTG	6.98e-2	1.00e0	9.27e2	412	206	206	206	38	198	96.12	190	92.23
370	data/reference/motifs/JASPAR2026_CORE_plants_non-redundant_pfms_meme.txt	MA2646.1	GLYMA-11G083900	GTACGGA	8.53e-2	1.00e0	9.27e2	338	206	206	206	4	37	17.96	26	12.62
371	data/reference/motifs/JASPAR2026_CORE_plants_non-redundant_pfms_meme.txt	MA1084.1	WRKY38	CGTTGACC	7.00e-2	1.00e0	9.27e2	412	206	206	206	19	9	4.37	3	1.46
372	data/reference/motifs/JASPAR2026_CORE_plants_non-redundant_pfms_meme.txt	MA0990.2	HDG11	AWTWAATGC	7.01e-2	1.00e0	9.27e2	412	206	206	206	69	59	28.64	45	21.84
373	data/reference/motifs/JASPAR2026_CORE_plants_non-redundant_pfms_meme.txt	MA2408.1	BAD1	CCGGGCCCCSVC	1.86e-1	1.00e0	9.27e2	156	206	206	206	9	4	1.94	1	0.49
374	data/reference/motifs/JASPAR2026_CORE_plants_non-redundant_pfms_meme.txt	MA2615.1	ereb109	CGCCGCC	5.00e-1	1.00e0	9.27e2	42	206	206	206	3	2	0.97	1	0.49
375	data/reference/motifs/JASPAR2026_CORE_plants_non-redundant_pfms_meme.txt	MA1817.2	Zm00001d020267	CGCCGCCGCC	1.24e-1	1.00e0	9.27e2	237	206	206	206	20	3	1.46	0	0.00
376	data/reference/motifs/JASPAR2026_CORE_plants_non-redundant_pfms_meme.txt	MA0565.3	FUS3	ACATGCA	8.74e-2	1.00e0	9.27e2	337	206	206	206	6	7	3.40	2	0.97
377	data/reference/motifs/JASPAR2026_CORE_plants_non-redundant_pfms_meme.txt	MA0573.2	ATHB-9	GTAATGATTRCDYBS	5.00e-1	1.00e0	9.27e2	43	206	206	206	1	22	10.68	21	10.19
378	data/reference/motifs/JASPAR2026_CORE_plants_non-redundant_pfms_meme.txt	MA1080.1	WRKY23	AGTCAACG	8.60e-2	1.00e0	9.27e2	347	206	206	206	6	10	4.85	4	1.94
379	data/reference/motifs/JASPAR2026_CORE_plants_non-redundant_pfms_meme.txt	MA1816.2	O11	CACGTG	8.74e-2	1.00e0	9.27e2	342	206	206	206	12	7	3.40	2	0.97
380	data/reference/motifs/JASPAR2026_CORE_plants_non-redundant_pfms_meme.txt	MA1257.2	ERF9	GGCGGHKRYGGCGGCGGMG	2.49e-1	1.00e0	9.27e2	120	206	206	206	17	2	0.97	0	0.00
381	data/reference/motifs/JASPAR2026_CORE_plants_non-redundant_pfms_meme.txt	MA2405.1	OsMSL08	GTAAAW	7.28e-2	1.00e0	9.27e2	412	206	206	206	57	194	94.17	185	89.81
382	data/reference/motifs/JASPAR2026_CORE_plants_non-redundant_pfms_meme.txt	MA2671.1	GLYMA-19G100900	AGCATGCT	7.82e-2	1.00e0	9.27e2	384	206	206	206	10	66	32.04	52	25.24
383	data/reference/motifs/JASPAR2026_CORE_plants_non-redundant_pfms_meme.txt	MA1332.2	BEH2	CACACGTGCR	4.41e-1	1.00e0	9.27e2	52	206	206	206	1	27	13.11	25	12.14
384	data/reference/motifs/JASPAR2026_CORE_plants_non-redundant_pfms_meme.txt	MA1659.2	ABF4	CCACGTS	7.36e-2	1.00e0	9.27e2	412	206	206	206	14	79	38.35	64	31.07
385	data/reference/motifs/JASPAR2026_CORE_plants_non-redundant_pfms_meme.txt	MA1279.2	DOF1.5	AAADDAAAAAGTRAAA	7.43e-2	1.00e0	9.27e2	412	206	206	206	17	41	19.90	29	14.08
386	data/reference/motifs/JASPAR2026_CORE_plants_non-redundant_pfms_meme.txt	MA2476.1	KNAT7	TGACRKCT	8.36e-2	1.00e0	9.27e2	368	206	206	206	3	115	55.83	100	48.54
387	data/reference/motifs/JASPAR2026_CORE_plants_non-redundant_pfms_meme.txt	MA2670.1	GLYMA-15G168800	CAATGATTG	7.82e-2	1.00e0	9.27e2	395	206	206	206	4	134	65.05	119	57.77
388	data/reference/motifs/JASPAR2026_CORE_plants_non-redundant_pfms_meme.txt	MA0950.1	ATHB-12	AATGATTG	7.52e-2	1.00e0	9.27e2	412	206	206	206	34	189	91.75	179	86.89
389	data/reference/motifs/JASPAR2026_CORE_plants_non-redundant_pfms_meme.txt	MA1066.1	TCP23	GGGCCCAC	9.37e-2	1.00e0	9.27e2	331	206	206	206	6	25	12.14	16	7.77
390	data/reference/motifs/JASPAR2026_CORE_plants_non-redundant_pfms_meme.txt	MA2382.1	e_gw1.209.40.1	CACGTG	7.66e-2	1.00e0	9.27e2	411	206	206	206	24	42	20.39	30	14.56
391	data/reference/motifs/JASPAR2026_CORE_plants_non-redundant_pfms_meme.txt	MA0566.2	MYC2	AACACGTGA	7.75e-2	1.00e0	9.27e2	407	206	206	206	15	17	8.25	9	4.37
392	data/reference/motifs/JASPAR2026_CORE_plants_non-redundant_pfms_meme.txt	MA1820.2	Zm00001d024324	CGCCGCCGC	1.24e-1	1.00e0	9.27e2	254	206	206	206	18	3	1.46	0	0.00
393	data/reference/motifs/JASPAR2026_CORE_plants_non-redundant_pfms_meme.txt	MA2056.1	PK01144.1	CTTT	7.66e-2	1.00e0	9.27e2	412	206	206	206	213	176	85.44	164	79.61
394	data/reference/motifs/JASPAR2026_CORE_plants_non-redundant_pfms_meme.txt	MA2399.1	LjSGA_053525.1	GGGCCCAC	1.16e-1	1.00e0	9.27e2	274	206	206	206	3	50	24.27	39	18.93
395	data/reference/motifs/JASPAR2026_CORE_plants_non-redundant_pfms_meme.txt	MA1094.3	WRKY8	AAAAGTCAACG	8.89e-2	1.00e0	9.27e2	358	206	206	206	6	14	6.80	7	3.40
396	data/reference/motifs/JASPAR2026_CORE_plants_non-redundant_pfms_meme.txt	MA2461.1	WOX13	TTGATTGA	7.75e-2	1.00e0	9.27e2	412	206	206	206	25	17	8.25	9	4.37
397	data/reference/motifs/JASPAR2026_CORE_plants_non-redundant_pfms_meme.txt	MA0555.2	SVP	WWWCCAAAAAWGGAAA	8.20e-2	1.00e0	9.27e2	390	206	206	206	4	97	47.09	82	39.81
398	data/reference/motifs/JASPAR2026_CORE_plants_non-redundant_pfms_meme.txt	MA2651.1	GLYMA-20G154400	GGGCCCCAC	9.37e-2	1.00e0	9.27e2	343	206	206	206	4	64	31.07	51	24.76
399	data/reference/motifs/JASPAR2026_CORE_plants_non-redundant_pfms_meme.txt	MA1234.2	ERF017	TGGWCGGTG	1.12e-1	1.00e0	9.27e2	288	206	206	206	2	85	41.26	72	34.95
400	data/reference/motifs/JASPAR2026_CORE_plants_non-redundant_pfms_meme.txt	MA1211.2	ATHB-X	YAATYATTD	7.83e-2	1.00e0	9.27e2	412	206	206	206	4	193	93.69	184	89.32
401	data/reference/motifs/JASPAR2026_CORE_plants_non-redundant_pfms_meme.txt	MA2083.1	PK21166.1	YACCTACY	7.83e-2	1.00e0	9.27e2	412	206	206	206	22	22	10.68	13	6.31
402	data/reference/motifs/JASPAR2026_CORE_plants_non-redundant_pfms_meme.txt	MA2734.1	Sl-ERF_F_5	CCGCCGCCGCCRCCRCC	2.49e-1	1.00e0	9.27e2	130	206	206	206	19	2	0.97	0	0.00
403	data/reference/motifs/JASPAR2026_CORE_plants_non-redundant_pfms_meme.txt	MA2437.1	SPL19B	GCGGTASTACCGC	5.95e-1	1.00e0	9.27e2	36	206	206	206	2	9	4.37	9	4.37
404	data/reference/motifs/JASPAR2026_CORE_plants_non-redundant_pfms_meme.txt	MA1098.1	ARALYDRAFT_484486	GGSCCCAC	1.14e-1	1.00e0	9.27e2	287	206	206	206	3	49	23.79	38	18.45
405	data/reference/motifs/JASPAR2026_CORE_plants_non-redundant_pfms_meme.txt	MA1095.1	ARALYDRAFT_495258	GGSCCCAC	1.14e-1	1.00e0	9.27e2	287	206	206	206	3	49	23.79	38	18.45
406	data/reference/motifs/JASPAR2026_CORE_plants_non-redundant_pfms_meme.txt	MA0988.2	PHYPADRAFT_143875	CACGTG	8.10e-2	1.00e0	9.27e2	410	206	206	206	22	44	21.36	32	15.53
407	data/reference/motifs/JASPAR2026_CORE_plants_non-redundant_pfms_meme.txt	MA0575.2	MYB77	GACRGTTAS	9.27e-2	1.00e0	9.27e2	359	206	206	206	3	84	40.78	70	33.98
408	data/reference/motifs/JASPAR2026_CORE_plants_non-redundant_pfms_meme.txt	MA2417.1	EREB71	CACCGVCYMC	1.10e-1	1.00e0	9.27e2	302	206	206	206	9	8	3.88	3	1.46
409	data/reference/motifs/JASPAR2026_CORE_plants_non-redundant_pfms_meme.txt	MA2398.1	AS2	CGGCGGMRRHDRCGGCGG	2.49e-1	1.00e0	9.27e2	134	206	206	206	12	2	0.97	0	0.00
410	data/reference/motifs/JASPAR2026_CORE_plants_non-redundant_pfms_meme.txt	MA1368.3	GT-4	TAACTATGGTTA	9.13e-2	1.00e0	9.27e2	368	206	206	206	5	62	30.10	49	23.79
411	data/reference/motifs/JASPAR2026_CORE_plants_non-redundant_pfms_meme.txt	MA1270.2	DOF3.2	TWACTTTTTNNYTTTT	8.16e-2	1.00e0	9.27e2	412	206	206	206	8	164	79.61	151	73.30
412	data/reference/motifs/JASPAR2026_CORE_plants_non-redundant_pfms_meme.txt	MA1788.1	NAC054	CTTGTNNHACACGYHAYCT	3.25e-1	1.00e0	9.27e2	103	206	206	206	1	54	26.21	49	23.79
413	data/reference/motifs/JASPAR2026_CORE_plants_non-redundant_pfms_meme.txt	MA1275.2	DOF1.6	AWAAAGTR	8.32e-2	1.00e0	9.27e2	412	206	206	206	21	29	14.08	19	9.22
414	data/reference/motifs/JASPAR2026_CORE_plants_non-redundant_pfms_meme.txt	MA1370.2	IDD5	TTTTGTCGTTTWST	1.08e-1	1.00e0	9.27e2	317	206	206	206	6	5	2.43	1	0.49
415	data/reference/motifs/JASPAR2026_CORE_plants_non-redundant_pfms_meme.txt	MA2348.1	IDD6	TTTTTGTCGTTTTSTK	1.11e-1	1.00e0	9.27e2	305	206	206	206	4	22	10.68	14	6.80
416	data/reference/motifs/JASPAR2026_CORE_plants_non-redundant_pfms_meme.txt	MA2711.1	SolycHsfB2b	TTCTAGAA	1.27e-1	1.00e0	9.27e2	270	206	206	206	1	141	68.45	129	62.62
417	data/reference/motifs/JASPAR2026_CORE_plants_non-redundant_pfms_meme.txt	MA2619.1	ereb18	CCGCCGCCGCCCGCC	2.25e-1	1.00e0	9.27e2	156	206	206	206	15	5	2.43	2	0.97
418	data/reference/motifs/JASPAR2026_CORE_plants_non-redundant_pfms_meme.txt	MA1756.2	GRF9	TGTCAGA	8.60e-2	1.00e0	9.27e2	402	206	206	206	9	10	4.85	4	1.94
419	data/reference/motifs/JASPAR2026_CORE_plants_non-redundant_pfms_meme.txt	MA1821.2	Zm00001d020595	GGCGGCGGCG	7.51e-1	1.00e0	9.27e2	25	206	206	206	4	1	0.49	1	0.49
420	data/reference/motifs/JASPAR2026_CORE_plants_non-redundant_pfms_meme.txt	MA2430.1	SPL14B	GCGGTASTACCGC	2.49e-1	1.00e0	9.27e2	141	206	206	206	7	2	0.97	0	0.00
421	data/reference/motifs/JASPAR2026_CORE_plants_non-redundant_pfms_meme.txt	MA1749.1	E2FC	AWDWWGGCGCCAAAA	5.00e-1	1.00e0	9.27e2	51	206	206	206	2	2	0.97	1	0.49
422	data/reference/motifs/JASPAR2026_CORE_plants_non-redundant_pfms_meme.txt	MA2088.1	PK24580.1	GCCGGCA	3.12e-1	1.00e0	9.27e2	113	206	206	206	6	3	1.46	1	0.49
423	data/reference/motifs/JASPAR2026_CORE_plants_non-redundant_pfms_meme.txt	MA2065.1	PK08602.1	CCACCGCC	5.00e-1	1.00e0	9.27e2	51	206	206	206	2	3	1.46	2	0.97
424	data/reference/motifs/JASPAR2026_CORE_plants_non-redundant_pfms_meme.txt	MA2668.1	GLYMA-20G155100	RCCGACAT	3.46e-1	1.00e0	9.27e2	362	206	206	206	7	15	7.28	12	5.83
425	data/reference/motifs/JASPAR2026_CORE_plants_non-redundant_pfms_meme.txt	MA2667.1	GLYMA-13G236500	ACGACGGCGGAG	5.00e-1	1.00e0	9.27e2	260	206	206	206	17	2	0.97	1	0.49
426	data/reference/motifs/JASPAR2026_CORE_plants_non-redundant_pfms_meme.txt	MA2666.1	GLYMA-12G117000	GGMGGCGGYGGCGGMGG	2.49e-1	1.00e0	9.27e2	144	206	206	206	26	2	0.97	0	0.00
427	data/reference/motifs/JASPAR2026_CORE_plants_non-redundant_pfms_meme.txt	MA2665.1	GLYMA-11G053600	CACCGACAC	2.03e-1	1.00e0	9.27e2	395	206	206	206	2	179	86.89	172	83.50
428	data/reference/motifs/JASPAR2026_CORE_plants_non-redundant_pfms_meme.txt	MA2656.1	GLYMA-14G006800	TGGTCAACCA	2.51e-1	1.00e0	9.27e2	411	206	206	206	14	6	2.91	3	1.46
429	data/reference/motifs/JASPAR2026_CORE_plants_non-redundant_pfms_meme.txt	MA2652.1	GLYMA-01G053800	AGTTGAC	1.05e-1	1.00e0	9.27e2	410	206	206	206	11	45	21.84	34	16.50
430	data/reference/motifs/JASPAR2026_CORE_plants_non-redundant_pfms_meme.txt	MA2649.1	GLYMA-08G271900	TGCACATG	1.37e-1	1.00e0	9.27e2	412	206	206	206	21	14	6.80	8	3.88
431	data/reference/motifs/JASPAR2026_CORE_plants_non-redundant_pfms_meme.txt	MA2647.1	GLYMA-12G226000	AAGTACAA	1.17e-1	1.00e0	9.27e2	412	206	206	206	13	166	80.58	155	75.24
432	data/reference/motifs/JASPAR2026_CORE_plants_non-redundant_pfms_meme.txt	MA2645.1	GLYMA-16G042900	GGTTGCKTSTTCHASAAGYWA	4.20e-1	1.00e0	9.27e2	98	206	206	206	2	14	6.80	12	5.83
433	data/reference/motifs/JASPAR2026_CORE_plants_non-redundant_pfms_meme.txt	MA2644.1	GLYMA-14G030700	AACGACGGCA	3.43e-1	1.00e0	9.27e2	348	206	206	206	14	4	1.94	2	0.97
434	data/reference/motifs/JASPAR2026_CORE_plants_non-redundant_pfms_meme.txt	MA2642.1	GLYMA-10G230700	AAGATATTTWTW	5.00e-1	1.00e0	9.27e2	407	206	206	206	13	14	6.80	13	6.31
435	data/reference/motifs/JASPAR2026_CORE_plants_non-redundant_pfms_meme.txt	MA2641.1	GLYMA-01G038600	CCTTATCCA	3.62e-1	1.00e0	9.27e2	412	206	206	206	3	203	98.54	201	97.57
436	data/reference/motifs/JASPAR2026_CORE_plants_non-redundant_pfms_meme.txt	MA2480.1	GLYMA-04G093300	CTAATC	1.27e-1	1.00e0	9.27e2	408	206	206	206	5	141	68.45	129	62.62
437	data/reference/motifs/JASPAR2026_CORE_plants_non-redundant_pfms_meme.txt	MA2737.1	SlERF36	CMGCCGCCAC	1.24e-1	1.00e0	9.27e2	356	206	206	206	23	3	1.46	0	0.00
438	data/reference/motifs/JASPAR2026_CORE_plants_non-redundant_pfms_meme.txt	MA2733.1	Sl-ERF_F_4	GCMGCMGCCGCCGCCGYCR	5.00e-1	1.00e0	9.27e2	74	206	206	206	11	2	0.97	1	0.49
439	data/reference/motifs/JASPAR2026_CORE_plants_non-redundant_pfms_meme.txt	MA2732.1	Sl-ERF_C_4	YCGCCGCCGCCR	2.49e-1	1.00e0	9.27e2	243	206	206	206	22	2	0.97	0	0.00
440	data/reference/motifs/JASPAR2026_CORE_plants_non-redundant_pfms_meme.txt	MA2731.1	sep3	WTTTCCAAAAAGGGAAAAAAW	3.40e-1	1.00e0	9.27e2	107	206	206	206	2	14	6.80	11	5.34
441	data/reference/motifs/JASPAR2026_CORE_plants_non-redundant_pfms_meme.txt	MA2729.1	vahox1	AAATAATTG	2.29e-1	1.00e0	9.27e2	411	206	206	206	13	145	70.39	137	66.50
442	data/reference/motifs/JASPAR2026_CORE_plants_non-redundant_pfms_meme.txt	MA2728.1	SolycHsfC1	RGAAGTTTCTAG	1.03e-1	1.00e0	9.27e2	360	206	206	206	4	56	27.18	44	21.36
443	data/reference/motifs/JASPAR2026_CORE_plants_non-redundant_pfms_meme.txt	MA2727.1	SolycHsfA7	TTCYAGAA	1.42e-1	1.00e0	9.27e2	412	206	206	206	18	6	2.91	2	0.97
444	data/reference/motifs/JASPAR2026_CORE_plants_non-redundant_pfms_meme.txt	MA2723.1	Solyc06g060230	ACACGTCTCT	1.78e-1	1.00e0	9.27e2	410	206	206	206	8	80	38.83	70	33.98
445	data/reference/motifs/JASPAR2026_CORE_plants_non-redundant_pfms_meme.txt	MA2722.1	Sl-ERF_F_2	CGGCGGCKGCGGCGR	5.00e-1	1.00e0	9.27e2	92	206	206	206	20	1	0.49	0	0.00
446	data/reference/motifs/JASPAR2026_CORE_plants_non-redundant_pfms_meme.txt	MA2718.1	Sl-ERF_A_3	GGYGGCGGCGGCGGCGG	5.00e-1	1.00e0	9.27e2	74	206	206	206	11	2	0.97	1	0.49
447	data/reference/motifs/JASPAR2026_CORE_plants_non-redundant_pfms_meme.txt	MA2717.1	eil2	AGATTCR	1.46e-1	1.00e0	9.27e2	412	206	206	206	24	72	34.95	61	29.61
448	data/reference/motifs/JASPAR2026_CORE_plants_non-redundant_pfms_meme.txt	MA2716.1	dreb3	CCACCGACCA	2.19e-1	1.00e0	9.27e2	364	206	206	206	2	154	74.76	146	70.87
449	data/reference/motifs/JASPAR2026_CORE_plants_non-redundant_pfms_meme.txt	MA2714.1	APETALA2a	ATTACCTCGTACYA	6.57e-1	1.00e0	9.27e2	164	206	206	206	3	3	1.46	3	1.46
450	data/reference/motifs/JASPAR2026_CORE_plants_non-redundant_pfms_meme.txt	MA2712.1	eil1	TCTAGATACATTGAATCT	5.00e-1	1.00e0	9.27e2	176	206	206	206	7	1	0.49	0	0.00
451	data/reference/motifs/JASPAR2026_CORE_plants_non-redundant_pfms_meme.txt	MA2710.1	SolycHsfB1	TTCTAGAA	2.29e-1	1.00e0	9.27e2	360	206	206	206	2	183	88.83	177	85.92
452	data/reference/motifs/JASPAR2026_CORE_plants_non-redundant_pfms_meme.txt	MA2709.1	SolycHsfA2	TTCTAGAAKMTTCTA	1.55e-1	1.00e0	9.27e2	244	206	206	206	2	58	28.16	48	23.30
453	data/reference/motifs/JASPAR2026_CORE_plants_non-redundant_pfms_meme.txt	MA2752.1	TaOBF1b	TGCCACGTCATCATC	5.00e-1	1.00e0	9.27e2	265	206	206	206	14	1	0.49	0	0.00
454	data/reference/motifs/JASPAR2026_CORE_plants_non-redundant_pfms_meme.txt	MA2751.1	TraesCS2B02G304400	CCACTCGACC	7.51e-1	1.00e0	9.27e2	376	206	206	206	14	1	0.49	1	0.49
455	data/reference/motifs/JASPAR2026_CORE_plants_non-redundant_pfms_meme.txt	MA2748.1	TraesCS6B02G321100	CAATTATTG	1.24e-1	1.00e0	9.27e2	410	206	206	206	24	3	1.46	0	0.00
456	data/reference/motifs/JASPAR2026_CORE_plants_non-redundant_pfms_meme.txt	MA2747.1	TraesCS6A02G290800	CAATAATTG	5.39e-1	1.00e0	9.27e2	412	206	206	206	13	105	50.97	105	50.97
457	data/reference/motifs/JASPAR2026_CORE_plants_non-redundant_pfms_meme.txt	MA2761.1	myb100	TRCCTAACTT	1.10e-1	1.00e0	9.27e2	411	206	206	206	9	82	39.81	69	33.50
458	data/reference/motifs/JASPAR2026_CORE_plants_non-redundant_pfms_meme.txt	MA2758.1	ereb122	CCGACCA	1.69e-1	1.00e0	9.27e2	410	206	206	206	2	203	98.54	199	96.60
459	data/reference/motifs/JASPAR2026_CORE_plants_non-redundant_pfms_meme.txt	MA2756.1	dfo23	TACCTTTTTCT	9.37e-2	1.00e0	9.27e2	412	206	206	206	20	64	31.07	51	24.76
460	data/reference/motifs/JASPAR2026_CORE_plants_non-redundant_pfms_meme.txt	MA2754.1	wrky38	CGTGGACC	2.49e-1	1.00e0	9.27e2	406	206	206	206	30	2	0.97	0	0.00
461	data/reference/motifs/JASPAR2026_CORE_plants_non-redundant_pfms_meme.txt	MA2753.1	cpp8	GAATTTGAAW	3.05e-1	1.00e0	9.27e2	412	206	206	206	12	189	91.75	185	89.81
462	data/reference/motifs/JASPAR2026_CORE_plants_non-redundant_pfms_meme.txt	MA2627.1	bzip9	CACGTCA	1.03e-1	1.00e0	9.27e2	412	206	206	206	9	146	70.87	133	64.56
463	data/reference/motifs/JASPAR2026_CORE_plants_non-redundant_pfms_meme.txt	MA2625.1	mybr17	CATTATC	1.10e-1	1.00e0	9.27e2	412	206	206	206	46	8	3.88	3	1.46
464	data/reference/motifs/JASPAR2026_CORE_plants_non-redundant_pfms_meme.txt	MA2624.1	myb37	TAACCGAA	1.24e-1	1.00e0	9.27e2	412	206	206	206	13	145	70.39	133	64.56
465	data/reference/motifs/JASPAR2026_CORE_plants_non-redundant_pfms_meme.txt	MA2623.1	hb66	CCAATCA	2.49e-1	1.00e0	9.27e2	412	206	206	206	13	206	100.00	204	99.03
466	data/reference/motifs/JASPAR2026_CORE_plants_non-redundant_pfms_meme.txt	MA2621.1	glk25	TGATTCCA	2.49e-1	1.00e0	9.27e2	412	206	206	206	7	206	100.00	204	99.03
467	data/reference/motifs/JASPAR2026_CORE_plants_non-redundant_pfms_meme.txt	MA2620.1	g2	CCTTATCC	5.00e-1	1.00e0	9.27e2	412	206	206	206	4	200	97.09	199	96.60
468	data/reference/motifs/JASPAR2026_CORE_plants_non-redundant_pfms_meme.txt	MA2618.1	ereb102	CGACGGCGA	4.19e-1	1.00e0	9.27e2	338	206	206	206	2	131	63.59	128	62.14
469	data/reference/motifs/JASPAR2026_CORE_plants_non-redundant_pfms_meme.txt	MA2613.1	ereb34	GCCGCCGCCGCCCS	2.51e-1	1.00e0	9.27e2	152	206	206	206	11	6	2.91	3	1.46
470	data/reference/motifs/JASPAR2026_CORE_plants_non-redundant_pfms_meme.txt	MA2612.1	ereb147	ACGCCGAC	2.01e-1	1.00e0	9.27e2	381	206	206	206	6	72	34.95	63	30.58
471	data/reference/motifs/JASPAR2026_CORE_plants_non-redundant_pfms_meme.txt	MA2611.1	ereb209	GCGCCGC	9.47e-1	1.00e0	9.27e2	20	206	206	206	1	7	3.40	13	6.31
472	data/reference/motifs/JASPAR2026_CORE_plants_non-redundant_pfms_meme.txt	MA2609.1	ereb172	CAGCCGCA	2.46e-1	1.00e0	9.27e2	392	206	206	206	1	198	96.12	194	94.17
473	data/reference/motifs/JASPAR2026_CORE_plants_non-redundant_pfms_meme.txt	MA2608.1	glk53	AAGGAATATTCTTT	2.35e-1	1.00e0	9.27e2	403	206	206	206	4	138	66.99	130	63.11
474	data/reference/motifs/JASPAR2026_CORE_plants_non-redundant_pfms_meme.txt	MA2607.1	tcptf23	GGGACCAC	3.50e-1	1.00e0	9.27e2	402	206	206	206	13	16	7.77	13	6.31
475	data/reference/motifs/JASPAR2026_CORE_plants_non-redundant_pfms_meme.txt	MA2606.1	mybr43	CCTTATCC	2.51e-1	1.00e0	9.27e2	412	206	206	206	3	203	98.54	200	97.09
476	data/reference/motifs/JASPAR2026_CORE_plants_non-redundant_pfms_meme.txt	MA2605.1	mybr26	CCTTATCC	3.12e-1	1.00e0	9.27e2	412	206	206	206	31	3	1.46	1	0.49
477	data/reference/motifs/JASPAR2026_CORE_plants_non-redundant_pfms_meme.txt	MA2473.1	HB88	TTGATTG	1.58e-1	1.00e0	9.27e2	412	206	206	206	32	156	75.73	146	70.87
478	data/reference/motifs/JASPAR2026_CORE_plants_non-redundant_pfms_meme.txt	MA1378.2	AIL6	TCCTCGA	2.07e-1	1.00e0	9.27e2	412	206	206	206	20	52	25.24	44	21.36
479	data/reference/motifs/JASPAR2026_CORE_plants_non-redundant_pfms_meme.txt	MA2639.1	FUL::SOC1	TTCCATTTTTGG	1.85e-1	1.00e0	9.27e2	412	206	206	206	15	20	9.71	14	6.80
480	data/reference/motifs/JASPAR2026_CORE_plants_non-redundant_pfms_meme.txt	MA2638.1	FUL::SEP3	TTWCTATTTATAGTAA	5.00e-1	1.00e0	9.27e2	317	206	206	206	6	9	4.37	8	3.88
481	data/reference/motifs/JASPAR2026_CORE_plants_non-redundant_pfms_meme.txt	MA2637.1	FUL::AG::SEP3	WTWCCAWAAATAGAAA	2.87e-1	1.00e0	9.27e2	410	206	206	206	13	8	3.88	5	2.43
482	data/reference/motifs/JASPAR2026_CORE_plants_non-redundant_pfms_meme.txt	MA2636.1	FUL::AG	WCTTTCCATTTTTRGAAA	6.76e-1	1.00e0	9.27e2	311	206	206	206	1	154	74.76	157	76.21
483	data/reference/motifs/JASPAR2026_CORE_plants_non-redundant_pfms_meme.txt	MA2635.1	FUL	TTWCCAWAAATAGAAA	5.00e-1	1.00e0	9.27e2	382	206	206	206	7	12	5.83	11	5.34
484	data/reference/motifs/JASPAR2026_CORE_plants_non-redundant_pfms_meme.txt	MA2634.1	EIN3	AGATTCATTGAATCT	1.24e-1	1.00e0	9.27e2	315	206	206	206	10	3	1.46	0	0.00
485	data/reference/motifs/JASPAR2026_CORE_plants_non-redundant_pfms_meme.txt	MA2502.1	TMF	CTACAGTA	8.88e-2	1.00e0	9.27e2	412	206	206	206	6	191	92.72	182	88.35
486	data/reference/motifs/JASPAR2026_CORE_plants_non-redundant_pfms_meme.txt	MA2498.1	LSH1	AAACAGTG	1.27e-1	1.00e0	9.27e2	412	206	206	206	9	189	91.75	181	87.86
487	data/reference/motifs/JASPAR2026_CORE_plants_non-redundant_pfms_meme.txt	MA1355.2	TRB2	WARCCCTAAWT	5.60e-1	1.00e0	9.27e2	264	206	206	206	3	25	12.14	25	12.14
488	data/reference/motifs/JASPAR2026_CORE_plants_non-redundant_pfms_meme.txt	MA1353.2	AT1G72740	RWTTAGGGTTT	4.09e-1	1.00e0	9.27e2	326	206	206	206	3	51	24.76	48	23.30
489	data/reference/motifs/JASPAR2026_CORE_plants_non-redundant_pfms_meme.txt	MA1322.3	SPL9	TCCGTAC	1.64e-1	1.00e0	9.27e2	409	206	206	206	12	17	8.25	11	5.34
490	data/reference/motifs/JASPAR2026_CORE_plants_non-redundant_pfms_meme.txt	MA2479.1	TCX5	ATTCAAAT	3.33e-1	1.00e0	9.27e2	412	206	206	206	10	180	87.38	176	85.44
491	data/reference/motifs/JASPAR2026_CORE_plants_non-redundant_pfms_meme.txt	MA1321.2	SPL13A	TGTACGGA	1.27e-1	1.00e0	9.27e2	351	206	206	206	2	141	68.45	129	62.62
492	data/reference/motifs/JASPAR2026_CORE_plants_non-redundant_pfms_meme.txt	MA1320.2	SPL15	TGTACGGA	3.44e-1	1.00e0	9.27e2	165	206	206	206	1	85	41.26	80	38.83
493	data/reference/motifs/JASPAR2026_CORE_plants_non-redundant_pfms_meme.txt	MA1060.2	SPL7	CGTACG	1.70e-1	1.00e0	9.27e2	412	206	206	206	12	146	70.87	136	66.02
494	data/reference/motifs/JASPAR2026_CORE_plants_non-redundant_pfms_meme.txt	MA1056.2	SPL11	CGTACGGA	1.67e-1	1.00e0	9.27e2	288	206	206	206	1	149	72.33	139	67.48
495	data/reference/motifs/JASPAR2026_CORE_plants_non-redundant_pfms_meme.txt	MA0586.3	SPL14	TCCGTAC	1.92e-1	1.00e0	9.27e2	203	206	206	206	2	44	21.36	36	17.48
496	data/reference/motifs/JASPAR2026_CORE_plants_non-redundant_pfms_meme.txt	MA1742.2	BIZP18	TGMCAGCTGK	3.75e-1	1.00e0	9.27e2	315	206	206	206	6	6	2.91	4	1.94
497	data/reference/motifs/JASPAR2026_CORE_plants_non-redundant_pfms_meme.txt	MA1672.2	GBF2	SACGTGGCA	1.14e-1	1.00e0	9.27e2	410	206	206	206	11	49	23.79	38	18.45
498	data/reference/motifs/JASPAR2026_CORE_plants_non-redundant_pfms_meme.txt	MA2474.1	HMGB10	TWATAA	2.51e-1	1.00e0	9.27e2	410	206	206	206	29	6	2.91	3	1.46
499	data/reference/motifs/JASPAR2026_CORE_plants_non-redundant_pfms_meme.txt	MA2459.1	EDF3	RCAACAKA	5.77e-1	1.00e0	9.27e2	384	206	206	206	1	192	93.20	192	93.20
500	data/reference/motifs/JASPAR2026_CORE_plants_non-redundant_pfms_meme.txt	MA1738.1	ATMYB31	YAMCTMCCAACHAMH	9.09e-2	1.00e0	9.27e2	403	206	206	206	4	139	67.48	125	60.68
501	data/reference/motifs/JASPAR2026_CORE_plants_non-redundant_pfms_meme.txt	MA1205.1	AGL6	TTWCCAAAAAWGGAAAAWW	7.75e-1	1.00e0	9.27e2	277	206	206	206	5	3	1.46	4	1.94
502	data/reference/motifs/JASPAR2026_CORE_plants_non-redundant_pfms_meme.txt	MA1204.1	AGL13	TTWCCAAAAAWRGWAAAW	5.90e-1	1.00e0	9.27e2	223	206	206	206	3	10	4.85	10	4.85
503	data/reference/motifs/JASPAR2026_CORE_plants_non-redundant_pfms_meme.txt	MA1203.1	AGL63	TKCCAAAAATGGMAA	2.92e-1	1.00e0	9.27e2	322	206	206	206	3	61	29.61	55	26.70
504	data/reference/motifs/JASPAR2026_CORE_plants_non-redundant_pfms_meme.txt	MA1199.1	AGL16	TTTCCWTTTTDGGWA	3.31e-1	1.00e0	9.27e2	330	206	206	206	3	61	29.61	56	27.18
505	data/reference/motifs/JASPAR2026_CORE_plants_non-redundant_pfms_meme.txt	MA1188.1	At3g11280	AWYCTTATCTTHWY	6.71e-1	1.00e0	9.27e2	412	206	206	206	7	148	71.84	151	73.30
506	data/reference/motifs/JASPAR2026_CORE_plants_non-redundant_pfms_meme.txt	MA1040.1	MYB46	GKTAGGTR	1.61e-1	1.00e0	9.27e2	411	206	206	206	5	181	87.86	173	83.98
507	data/reference/motifs/JASPAR2026_CORE_plants_non-redundant_pfms_meme.txt	MA1012.1	AGL27	CTTTCYATTTTKGG	3.11e-1	1.00e0	9.27e2	319	206	206	206	2	101	49.03	95	46.12
508	data/reference/motifs/JASPAR2026_CORE_plants_non-redundant_pfms_meme.txt	MA0972.1	CCA1	AAATATCT	4.61e-1	1.00e0	9.27e2	412	206	206	206	10	109	52.91	107	51.94
509	data/reference/motifs/JASPAR2026_CORE_plants_non-redundant_pfms_meme.txt	MA0940.1	AP1	MYAAAAAWRGAAA	1.67e-1	1.00e0	9.27e2	412	206	206	206	21	167	81.07	158	76.70
510	data/reference/motifs/JASPAR2026_CORE_plants_non-redundant_pfms_meme.txt	MA0574.1	MYB15	CRACGGTAGGTGG	5.00e-1	1.00e0	9.27e2	66	206	206	206	3	1	0.49	0	0.00
511	data/reference/motifs/JASPAR2026_CORE_plants_non-redundant_pfms_meme.txt	MA0559.1	PI	CCAAAARWRGAAAR	1.10e-1	1.00e0	9.27e2	411	206	206	206	22	8	3.88	3	1.46
512	data/reference/motifs/JASPAR2026_CORE_plants_non-redundant_pfms_meme.txt	MA2482.1	PK27693.1	TTATC	3.83e-1	1.00e0	9.27e2	412	206	206	206	96	91	44.17	87	42.23
513	data/reference/motifs/JASPAR2026_CORE_plants_non-redundant_pfms_meme.txt	MA2478.1	PK13314.1	GGGCCCAC	1.96e-1	1.00e0	9.27e2	410	206	206	206	21	14	6.80	9	4.37
514	data/reference/motifs/JASPAR2026_CORE_plants_non-redundant_pfms_meme.txt	MA2040.2	ENAP2	CTCCGGCGA	4.60e-1	1.00e0	9.27e2	256	206	206	206	2	86	41.75	84	40.78
515	data/reference/motifs/JASPAR2026_CORE_plants_non-redundant_pfms_meme.txt	MA2039.2	ASIL2	CTCCGGCGA	3.68e-1	1.00e0	9.27e2	263	206	206	206	3	56	27.18	52	25.24
516	data/reference/motifs/JASPAR2026_CORE_plants_non-redundant_pfms_meme.txt	MA1661.2	GTL1	GGTTAAAA	1.85e-1	1.00e0	9.27e2	412	206	206	206	27	13	6.31	8	3.88
517	data/reference/motifs/JASPAR2026_CORE_plants_non-redundant_pfms_meme.txt	MA1366.2	DF1	RGTAAAAA	1.08e-1	1.00e0	9.27e2	412	206	206	206	7	197	95.63	190	92.23
518	data/reference/motifs/JASPAR2026_CORE_plants_non-redundant_pfms_meme.txt	MA1365.3	AT5G47660	GGTAAAA	1.03e-1	1.00e0	9.27e2	412	206	206	206	9	146	70.87	133	64.56
519	data/reference/motifs/JASPAR2026_CORE_plants_non-redundant_pfms_meme.txt	MA2032.2	TRB1	AAACCCTAA	2.29e-1	1.00e0	9.27e2	412	206	206	206	12	29	14.08	23	11.17
520	data/reference/motifs/JASPAR2026_CORE_plants_non-redundant_pfms_meme.txt	MA2031.2	AT5G04760	CTTATCY	2.29e-1	1.00e0	9.27e2	412	206	206	206	19	29	14.08	23	11.17
521	data/reference/motifs/JASPAR2026_CORE_plants_non-redundant_pfms_meme.txt	MA1802.2	TRP5	WAAACCY	1.93e-1	1.00e0	9.27e2	412	206	206	206	68	65	31.55	56	27.18
522	data/reference/motifs/JASPAR2026_CORE_plants_non-redundant_pfms_meme.txt	MA1793.2	NID1	TTATCC	2.49e-1	1.00e0	9.27e2	412	206	206	206	98	2	0.97	0	0.00
523	data/reference/motifs/JASPAR2026_CORE_plants_non-redundant_pfms_meme.txt	MA1400.2	AT1G19000	WWWTGGATAAGRW	2.49e-1	1.00e0	9.27e2	395	206	206	206	11	2	0.97	0	0.00
524	data/reference/motifs/JASPAR2026_CORE_plants_non-redundant_pfms_meme.txt	MA1398.3	KUA1	CTTATCCA	1.56e-1	1.00e0	9.27e2	412	206	206	206	18	43	20.87	34	16.50
525	data/reference/motifs/JASPAR2026_CORE_plants_non-redundant_pfms_meme.txt	MA1397.2	AT1G74840	WWTGGATAA	1.15e-1	1.00e0	9.27e2	411	206	206	206	6	128	62.14	115	55.83
526	data/reference/motifs/JASPAR2026_CORE_plants_non-redundant_pfms_meme.txt	MA1196.2	AT5G05790	AWYCTTATCYTNWT	5.00e-1	1.00e0	9.27e2	411	206	206	206	1	206	100.00	205	99.51
527	data/reference/motifs/JASPAR2026_CORE_plants_non-redundant_pfms_meme.txt	MA1195.2	AT5G56840	AAYCTTATCCAWWW	3.89e-1	1.00e0	9.27e2	408	206	206	206	3	178	86.41	175	84.95
528	data/reference/motifs/JASPAR2026_CORE_plants_non-redundant_pfms_meme.txt	MA1194.2	AT3G10580	DWDWRGATAAGVWT	8.74e-2	1.00e0	9.27e2	411	206	206	206	2	204	99.03	199	96.60
529	data/reference/motifs/JASPAR2026_CORE_plants_non-redundant_pfms_meme.txt	MA1193.2	AT2G38090	WDWGGATAAGDAT	1.71e-1	1.00e0	9.27e2	410	206	206	206	4	165	80.10	156	75.73
530	data/reference/motifs/JASPAR2026_CORE_plants_non-redundant_pfms_meme.txt	MA1192.2	DIV1	WRGATAAGRTT	3.06e-1	1.00e0	9.27e2	408	206	206	206	6	81	39.32	75	36.41
531	data/reference/motifs/JASPAR2026_CORE_plants_non-redundant_pfms_meme.txt	MA1191.2	RVE7L	AAAATATCT	1.24e-1	1.00e0	9.27e2	386	206	206	206	10	3	1.46	0	0.00
532	data/reference/motifs/JASPAR2026_CORE_plants_non-redundant_pfms_meme.txt	MA1190.2	RVE5	AGATATTTT	1.61e-1	1.00e0	9.27e2	398	206	206	206	4	119	57.77	108	52.43
533	data/reference/motifs/JASPAR2026_CORE_plants_non-redundant_pfms_meme.txt	MA1189.2	AT5G61620	WWWTGGATAAGRWW	2.12e-1	1.00e0	9.27e2	412	206	206	206	7	91	44.17	82	39.81
534	data/reference/motifs/JASPAR2026_CORE_plants_non-redundant_pfms_meme.txt	MA1187.2	RVE4	AGATATTTT	2.40e-1	1.00e0	9.27e2	396	206	206	206	8	20	9.71	15	7.28
535	data/reference/motifs/JASPAR2026_CORE_plants_non-redundant_pfms_meme.txt	MA1186.2	YAB4	AWYCTTATCYW	5.00e-1	1.00e0	9.27e2	412	206	206	206	4	201	97.57	200	97.09
536	data/reference/motifs/JASPAR2026_CORE_plants_non-redundant_pfms_meme.txt	MA1183.2	RVE6	AGATATTTT	2.59e-1	1.00e0	9.27e2	394	206	206	206	3	148	71.84	141	68.45
537	data/reference/motifs/JASPAR2026_CORE_plants_non-redundant_pfms_meme.txt	MA1182.2	RVE8	AGATATTTT	3.82e-1	1.00e0	9.27e2	384	206	206	206	3	121	58.74	117	56.80
538	data/reference/motifs/JASPAR2026_CORE_plants_non-redundant_pfms_meme.txt	MA0579.2	CDC5	GCTCAGCGC	1.86e-1	1.00e0	9.27e2	356	206	206	206	9	4	1.94	1	0.49
539	data/reference/motifs/JASPAR2026_CORE_plants_non-redundant_pfms_meme.txt	MA2041.2	MYB13	YCACCAACCA	1.24e-1	1.00e0	9.27e2	411	206	206	206	29	3	1.46	0	0.00
540	data/reference/motifs/JASPAR2026_CORE_plants_non-redundant_pfms_meme.txt	MA2030.2	MYB96	MCCAACTACCA	1.86e-1	1.00e0	9.27e2	407	206	206	206	22	4	1.94	1	0.49
541	data/reference/motifs/JASPAR2026_CORE_plants_non-redundant_pfms_meme.txt	MA2029.2	MYB88	ACGCTCCTC	1.61e-1	1.00e0	9.27e2	297	206	206	206	2	97	47.09	86	41.75
542	data/reference/motifs/JASPAR2026_CORE_plants_non-redundant_pfms_meme.txt	MA2028.2	MYB49	TTACCTAACTW	1.57e-1	1.00e0	9.27e2	409	206	206	206	8	88	42.72	77	37.38
543	data/reference/motifs/JASPAR2026_CORE_plants_non-redundant_pfms_meme.txt	MA2027.2	MYB44	HAACGGTCA	1.74e-1	1.00e0	9.27e2	398	206	206	206	10	12	5.83	7	3.40
544	data/reference/motifs/JASPAR2026_CORE_plants_non-redundant_pfms_meme.txt	MA2026.2	MYB108	TACCTAACTT	1.27e-1	1.00e0	9.27e2	411	206	206	206	9	25	12.14	17	8.25
545	data/reference/motifs/JASPAR2026_CORE_plants_non-redundant_pfms_meme.txt	MA2025.2	MYB93	TACCAAAC	2.07e-1	1.00e0	9.27e2	412	206	206	206	16	80	38.83	71	34.47
546	data/reference/motifs/JASPAR2026_CORE_plants_non-redundant_pfms_meme.txt	MA2024.2	MYB63	YCACCTACCAC	1.04e-1	1.00e0	9.27e2	397	206	206	206	8	35	16.99	25	12.14
547	data/reference/motifs/JASPAR2026_CORE_plants_non-redundant_pfms_meme.txt	MA2008.2	MYB99	CACCTAMY	3.62e-1	1.00e0	9.27e2	378	206	206	206	2	161	78.16	157	76.21
548	data/reference/motifs/JASPAR2026_CORE_plants_non-redundant_pfms_meme.txt	MA2007.2	MYB107	CACCAAAC	1.85e-1	1.00e0	9.27e2	412	206	206	206	21	29	14.08	22	10.68
549	data/reference/motifs/JASPAR2026_CORE_plants_non-redundant_pfms_meme.txt	MA1781.2	MYB94	CCAACYACYW	1.86e-1	1.00e0	9.27e2	407	206	206	206	1	205	99.51	202	98.06
550	data/reference/motifs/JASPAR2026_CORE_plants_non-redundant_pfms_meme.txt	MA1780.2	MYB92	ACCTAAC	1.19e-1	1.00e0	9.27e2	411	206	206	206	11	40	19.42	30	14.56
551	data/reference/motifs/JASPAR2026_CORE_plants_non-redundant_pfms_meme.txt	MA1779.2	MYB83	CACCAACM	1.24e-1	1.00e0	9.27e2	412	206	206	206	4	206	100.00	203	98.54
552	data/reference/motifs/JASPAR2026_CORE_plants_non-redundant_pfms_meme.txt	MA1778.2	MYB80	TYYACCTAMYTW	2.77e-1	1.00e0	9.27e2	412	206	206	206	8	110	53.40	103	50.00
553	data/reference/motifs/JASPAR2026_CORE_plants_non-redundant_pfms_meme.txt	MA1777.2	MYB74	YYYACCTAMCW	1.69e-1	1.00e0	9.27e2	394	206	206	206	9	7	3.40	3	1.46
554	data/reference/motifs/JASPAR2026_CORE_plants_non-redundant_pfms_meme.txt	MA1774.2	MYB60	YCAACYACYT	2.56e-1	1.00e0	9.27e2	408	206	206	206	12	13	6.31	9	4.37
555	data/reference/motifs/JASPAR2026_CORE_plants_non-redundant_pfms_meme.txt	MA1773.2	MYB51	YYYACCWACYW	2.49e-1	1.00e0	9.27e2	404	206	206	206	14	2	0.97	0	0.00
556	data/reference/motifs/JASPAR2026_CORE_plants_non-redundant_pfms_meme.txt	MA1772.2	MYB43	YTYACCWAMCWT	1.14e-1	1.00e0	9.27e2	368	206	206	206	6	12	5.83	6	2.91
557	data/reference/motifs/JASPAR2026_CORE_plants_non-redundant_pfms_meme.txt	MA1771.2	MYB41	TYACCTAMYT	2.43e-1	1.00e0	9.27e2	409	206	206	206	11	33	16.02	27	13.11
558	data/reference/motifs/JASPAR2026_CORE_plants_non-redundant_pfms_meme.txt	MA1770.2	MYB40	YTYACCWAMY	9.08e-2	1.00e0	9.27e2	401	206	206	206	6	39	18.93	28	13.59
559	data/reference/motifs/JASPAR2026_CORE_plants_non-redundant_pfms_meme.txt	MA1769.2	MYB39	YYCACCTAMYTT	3.79e-1	1.00e0	9.27e2	400	206	206	206	4	134	65.05	130	63.11
560	data/reference/motifs/JASPAR2026_CORE_plants_non-redundant_pfms_meme.txt	MA1768.2	MYB30	CCAACYACCAMC	1.23e-1	1.00e0	9.27e2	412	206	206	206	4	183	88.83	174	84.47
561	data/reference/motifs/JASPAR2026_CORE_plants_non-redundant_pfms_meme.txt	MA1766.2	MYB17	YYCACCTACCW	1.05e-1	1.00e0	9.27e2	397	206	206	206	7	45	21.84	34	16.50
562	data/reference/motifs/JASPAR2026_CORE_plants_non-redundant_pfms_meme.txt	MA1765.2	MYB121	TACCTAACW	1.97e-1	1.00e0	9.27e2	409	206	206	206	11	22	10.68	16	7.77
563	data/reference/motifs/JASPAR2026_CORE_plants_non-redundant_pfms_meme.txt	MA1764.2	MYB116	TGCCTAACTT	4.21e-1	1.00e0	9.27e2	303	206	206	206	2	91	44.17	88	42.72
564	data/reference/motifs/JASPAR2026_CORE_plants_non-redundant_pfms_meme.txt	MA1762.2	MYB10	YCACCWAMCW	2.56e-1	1.00e0	9.27e2	388	206	206	206	5	62	30.10	55	26.70
565	data/reference/motifs/JASPAR2026_CORE_plants_non-redundant_pfms_meme.txt	MA1392.3	MYB98	WMCGTTAC	1.29e-1	1.00e0	9.27e2	393	206	206	206	6	44	21.36	34	16.50
566	data/reference/motifs/JASPAR2026_CORE_plants_non-redundant_pfms_meme.txt	MA1294.2	MYB62	WAGTTAGGY	2.96e-1	1.00e0	9.27e2	411	206	206	206	11	19	9.22	15	7.28
567	data/reference/motifs/JASPAR2026_CORE_plants_non-redundant_pfms_meme.txt	MA1293.2	MYB57	TACCTAACTT	5.00e-1	1.00e0	9.27e2	191	206	206	206	4	2	0.97	1	0.49
568	data/reference/motifs/JASPAR2026_CORE_plants_non-redundant_pfms_meme.txt	MA1180.2	MYB3R4	WWWTRACCGTTR	5.00e-1	1.00e0	9.27e2	264	206	206	206	9	1	0.49	0	0.00
569	data/reference/motifs/JASPAR2026_CORE_plants_non-redundant_pfms_meme.txt	MA1179.2	MYB1	ACSGTTA	1.51e-1	1.00e0	9.27e2	392	206	206	206	2	174	84.47	165	80.10
570	data/reference/motifs/JASPAR2026_CORE_plants_non-redundant_pfms_meme.txt	MA1173.2	MYB101	TAACCGAAW	1.09e-1	1.00e0	9.27e2	412	206	206	206	15	158	76.70	146	70.87
571	data/reference/motifs/JASPAR2026_CORE_plants_non-redundant_pfms_meme.txt	MA1172.2	MYB3R5	AAWWDTDACCGTTR	4.60e-1	1.00e0	9.27e2	230	206	206	206	1	116	56.31	114	55.34
572	data/reference/motifs/JASPAR2026_CORE_plants_non-redundant_pfms_meme.txt	MA1171.2	MYB52	ACCGTTA	3.52e-1	1.00e0	9.27e2	285	206	206	206	3	40	19.42	36	17.48
573	data/reference/motifs/JASPAR2026_CORE_plants_non-redundant_pfms_meme.txt	MA1170.2	MYB118	RWCCGTTACRWW	1.53e-1	1.00e0	9.27e2	263	206	206	206	1	137	66.50	126	61.17
574	data/reference/motifs/JASPAR2026_CORE_plants_non-redundant_pfms_meme.txt	MA1038.2	MYB3	GGTAGGTA	4.12e-1	1.00e0	9.27e2	400	206	206	206	3	152	73.79	149	72.33
575	data/reference/motifs/JASPAR2026_CORE_plants_non-redundant_pfms_meme.txt	MA1030.2	P0510F09.23	WRMCCTA	1.24e-1	1.00e0	9.27e2	412	206	206	206	12	206	100.00	203	98.54
576	data/reference/motifs/JASPAR2026_CORE_plants_non-redundant_pfms_meme.txt	MA1830.2	Zm00001d015407	AAGGAATATTCTTTTT	2.30e-1	1.00e0	9.27e2	392	206	206	206	3	144	69.90	136	66.02
577	data/reference/motifs/JASPAR2026_CORE_plants_non-redundant_pfms_meme.txt	MA1737.2	AT5G05090	AGATHCG	5.78e-1	1.00e0	9.27e2	412	206	206	206	14	95	46.12	96	46.60
578	data/reference/motifs/JASPAR2026_CORE_plants_non-redundant_pfms_meme.txt	MA1735.2	AT2G38300	AAHATTCYHT	5.00e-1	1.00e0	9.27e2	412	206	206	206	3	205	99.51	204	99.03
579	data/reference/motifs/JASPAR2026_CORE_plants_non-redundant_pfms_meme.txt	MA1390.3	HHO2	AAGATTCC	1.38e-1	1.00e0	9.27e2	412	206	206	206	11	100	48.54	88	42.72
580	data/reference/motifs/JASPAR2026_CORE_plants_non-redundant_pfms_meme.txt	MA1388.2	PHL2	VGAATMT	9.47e-2	1.00e0	9.27e2	412	206	206	206	11	51	24.76	39	18.93
581	data/reference/motifs/JASPAR2026_CORE_plants_non-redundant_pfms_meme.txt	MA1387.2	HRS1	ATCRAAGATTCY	2.40e-1	1.00e0	9.27e2	404	206	206	206	3	163	79.13	156	75.73
582	data/reference/motifs/JASPAR2026_CORE_plants_non-redundant_pfms_meme.txt	MA1385.2	AT2G40260	AAHATTCTYT	2.39e-1	1.00e0	9.27e2	412	206	206	206	9	82	39.81	74	35.92
583	data/reference/motifs/JASPAR2026_CORE_plants_non-redundant_pfms_meme.txt	MA1383.2	KAN2	AATATTCTTT	1.24e-1	1.00e0	9.27e2	411	206	206	206	17	3	1.46	0	0.00
584	data/reference/motifs/JASPAR2026_CORE_plants_non-redundant_pfms_meme.txt	MA1167.2	EFM	RGAATATTC	1.87e-1	1.00e0	9.27e2	398	206	206	206	6	42	20.39	34	16.50
585	data/reference/motifs/JASPAR2026_CORE_plants_non-redundant_pfms_meme.txt	MA1166.2	PHL12	AARRGAATATTC	2.71e-1	1.00e0	9.27e2	291	206	206	206	3	45	21.84	39	18.93
586	data/reference/motifs/JASPAR2026_CORE_plants_non-redundant_pfms_meme.txt	MA1165.3	HHO6	AGATTCT	2.77e-1	1.00e0	9.27e2	412	206	206	206	11	108	52.43	101	49.03
587	data/reference/motifs/JASPAR2026_CORE_plants_non-redundant_pfms_meme.txt	MA1164.2	HHO5	RAAGATTC	2.67e-1	1.00e0	9.27e2	405	206	206	206	8	43	20.87	37	17.96
588	data/reference/motifs/JASPAR2026_CORE_plants_non-redundant_pfms_meme.txt	MA1409.2	OsRR22	AGATACGST	5.00e-1	1.00e0	9.27e2	408	206	206	206	5	135	65.53	134	65.05
589	data/reference/motifs/JASPAR2026_CORE_plants_non-redundant_pfms_meme.txt	MA0949.2	ARR2	MGWATCTT	5.00e-1	1.00e0	9.27e2	411	206	206	206	18	4	1.94	3	1.46
590	data/reference/motifs/JASPAR2026_CORE_plants_non-redundant_pfms_meme.txt	MA0948.2	ARR18	AGATACG	5.48e-1	1.00e0	9.27e2	412	206	206	206	32	43	20.87	43	20.87
591	data/reference/motifs/JASPAR2026_CORE_plants_non-redundant_pfms_meme.txt	MA0945.2	ARR1	RDATCT	1.24e-1	1.00e0	9.27e2	412	206	206	206	45	206	100.00	203	98.54
592	data/reference/motifs/JASPAR2026_CORE_plants_non-redundant_pfms_meme.txt	MA0121.2	ARR10	AGATHYK	1.61e-1	1.00e0	9.27e2	412	206	206	206	7	200	97.09	195	94.66
593	data/reference/motifs/JASPAR2026_CORE_plants_non-redundant_pfms_meme.txt	MA2022.2	LOB	CCGCCGCCGCMGC	2.49e-1	1.00e0	9.27e2	173	206	206	206	22	2	0.97	0	0.00
594	data/reference/motifs/JASPAR2026_CORE_plants_non-redundant_pfms_meme.txt	MA2021.2	LBD13	TCCACCGT	1.37e-1	1.00e0	9.27e2	402	206	206	206	4	179	86.89	170	82.52
595	data/reference/motifs/JASPAR2026_CORE_plants_non-redundant_pfms_meme.txt	MA1673.2	LBD18	GCCGGAAA	2.31e-1	1.00e0	9.27e2	410	206	206	206	13	45	21.84	38	18.45
596	data/reference/motifs/JASPAR2026_CORE_plants_non-redundant_pfms_meme.txt	MA1823.2	Zm00001d027846	AAAGAAAA	1.24e-1	1.00e0	9.27e2	412	206	206	206	50	174	84.47	164	79.61
597	data/reference/motifs/JASPAR2026_CORE_plants_non-redundant_pfms_meme.txt	MA1281.2	DOF5.1	AAAAAGWAAAAARAAAAAR	1.21e-1	1.00e0	9.27e2	412	206	206	206	9	175	84.95	165	80.10
598	data/reference/motifs/JASPAR2026_CORE_plants_non-redundant_pfms_meme.txt	MA1278.2	DOF3.4	TTYTTTTTTWVCTTTTT	1.08e-1	1.00e0	9.27e2	412	206	206	206	32	5	2.43	1	0.49
599	data/reference/motifs/JASPAR2026_CORE_plants_non-redundant_pfms_meme.txt	MA1272.3	DOF2.2	AAAAAG	1.12e-1	1.00e0	9.27e2	412	206	206	206	6	156	75.73	144	69.90
600	data/reference/motifs/JASPAR2026_CORE_plants_non-redundant_pfms_meme.txt	MA1269.2	DOF4.5	AWAAAGTWRCTTT	1.12e-1	1.00e0	9.27e2	412	206	206	206	8	169	82.04	158	76.70
601	data/reference/motifs/JASPAR2026_CORE_plants_non-redundant_pfms_meme.txt	MA1267.2	DOF5.8	TTTTTHYTTTTTACTTTTT	1.32e-1	1.00e0	9.27e2	412	206	206	206	11	157	76.21	146	70.87
602	data/reference/motifs/JASPAR2026_CORE_plants_non-redundant_pfms_meme.txt	MA1755.2	GATA4	GATC	1.69e-1	1.00e0	9.27e2	412	206	206	206	80	203	98.54	199	96.60
603	data/reference/motifs/JASPAR2026_CORE_plants_non-redundant_pfms_meme.txt	MA1396.2	GATA6	AGATCTAGAT	3.30e-1	1.00e0	9.27e2	308	206	206	206	3	60	29.13	55	26.70
604	data/reference/motifs/JASPAR2026_CORE_plants_non-redundant_pfms_meme.txt	MA1325.2	GATA14	TAGATCTR	3.20e-1	1.00e0	9.27e2	399	206	206	206	2	185	89.81	181	87.86
605	data/reference/motifs/JASPAR2026_CORE_plants_non-redundant_pfms_meme.txt	MA1323.2	GATA19	GATCBGATY	5.00e-1	1.00e0	9.27e2	404	206	206	206	12	7	3.40	6	2.91
606	data/reference/motifs/JASPAR2026_CORE_plants_non-redundant_pfms_meme.txt	MA1018.2	GATA9	AGATCT	2.45e-1	1.00e0	9.27e2	392	206	206	206	3	160	77.67	153	74.27
607	data/reference/motifs/JASPAR2026_CORE_plants_non-redundant_pfms_meme.txt	MA1017.2	GATA8	GATCY	4.22e-1	1.00e0	9.27e2	412	206	206	206	68	105	50.97	102	49.51
608	data/reference/motifs/JASPAR2026_CORE_plants_non-redundant_pfms_meme.txt	MA1016.2	GATA15	GATC	2.77e-1	1.00e0	9.27e2	412	206	206	206	115	109	52.91	102	49.51
609	data/reference/motifs/JASPAR2026_CORE_plants_non-redundant_pfms_meme.txt	MA1015.2	GATA12	AGATCT	3.11e-1	1.00e0	9.27e2	412	206	206	206	136	10	4.85	7	3.40
610	data/reference/motifs/JASPAR2026_CORE_plants_non-redundant_pfms_meme.txt	MA1814.2	RIN	CTATTTTTGG	1.78e-1	1.00e0	9.27e2	412	206	206	206	16	137	66.50	127	61.65
611	data/reference/motifs/JASPAR2026_CORE_plants_non-redundant_pfms_meme.txt	MA0585.2	AGL1	TTDCCWWWWWDGGWAA	2.46e-1	1.00e0	9.27e2	406	206	206	206	14	12	5.83	8	3.88
612	data/reference/motifs/JASPAR2026_CORE_plants_non-redundant_pfms_meme.txt	MA0584.2	SEP1	CCAWAWWTRGWAA	3.43e-1	1.00e0	9.27e2	391	206	206	206	13	4	1.94	2	0.97
613	data/reference/motifs/JASPAR2026_CORE_plants_non-redundant_pfms_meme.txt	MA0558.2	FLC	CCMAAAATRGAAAG	1.24e-1	1.00e0	9.27e2	409	206	206	206	1	206	100.00	203	98.54
614	data/reference/motifs/JASPAR2026_CORE_plants_non-redundant_pfms_meme.txt	MA0556.2	AP3	CCAAAARWRGAAA	1.41e-1	1.00e0	9.27e2	412	206	206	206	8	67	32.52	56	27.18
615	data/reference/motifs/JASPAR2026_CORE_plants_non-redundant_pfms_meme.txt	MA0548.3	AGL15	TTTCCWTTTTDGGWAA	4.39e-1	1.00e0	9.27e2	302	206	206	206	4	25	12.14	23	11.17
616	data/reference/motifs/JASPAR2026_CORE_plants_non-redundant_pfms_meme.txt	MA1329.3	ZHD1	AYTAATTAA	4.17e-1	1.00e0	9.27e2	412	206	206	206	36	13	6.31	11	5.34
617	data/reference/motifs/JASPAR2026_CORE_plants_non-redundant_pfms_meme.txt	MA1326.2	ZHD5	GTRATTAR	9.90e-2	1.00e0	9.27e2	412	206	206	206	14	100	48.54	86	41.75
618	data/reference/motifs/JASPAR2026_CORE_plants_non-redundant_pfms_meme.txt	MA1213.3	ZHD3	CAATTATTG	9.97e-2	1.00e0	9.27e2	411	206	206	206	12	104	50.49	90	43.69
619	data/reference/motifs/JASPAR2026_CORE_plants_non-redundant_pfms_meme.txt	MA1824.2	Zm00001d005692	CAATAATT	1.86e-1	1.00e0	9.27e2	412	206	206	206	67	4	1.94	1	0.49
620	data/reference/motifs/JASPAR2026_CORE_plants_non-redundant_pfms_meme.txt	MA1757.2	HDG7	DCATTAAWTR	2.72e-1	1.00e0	9.27e2	410	206	206	206	3	195	94.66	191	92.72
621	data/reference/motifs/JASPAR2026_CORE_plants_non-redundant_pfms_meme.txt	MA1406.2	ATHB-4	YAATSATTG	2.72e-1	1.00e0	9.27e2	412	206	206	206	8	195	94.66	191	92.72
622	data/reference/motifs/JASPAR2026_CORE_plants_non-redundant_pfms_meme.txt	MA1375.2	ANL2	GCATTAATTR	4.31e-1	1.00e0	9.27e2	411	206	206	206	3	189	91.75	187	90.78
623	data/reference/motifs/JASPAR2026_CORE_plants_non-redundant_pfms_meme.txt	MA1369.2	HDG1	YAATTAATGM	3.46e-1	1.00e0	9.27e2	411	206	206	206	10	94	45.63	89	43.20
624	data/reference/motifs/JASPAR2026_CORE_plants_non-redundant_pfms_meme.txt	MA1327.3	ATHB-23	TAATTAA	1.37e-1	1.00e0	9.27e2	412	206	206	206	10	94	45.63	82	39.81
625	data/reference/motifs/JASPAR2026_CORE_plants_non-redundant_pfms_meme.txt	MA1215.2	ATHB-53	CAATAATTG	2.36e-1	1.00e0	9.27e2	410	206	206	206	4	181	87.86	175	84.95
626	data/reference/motifs/JASPAR2026_CORE_plants_non-redundant_pfms_meme.txt	MA1214.2	ATHB-40	ACCAATAATTG	1.13e-1	1.00e0	9.27e2	404	206	206	206	5	131	63.59	118	57.28
627	data/reference/motifs/JASPAR2026_CORE_plants_non-redundant_pfms_meme.txt	MA1212.2	ATHB-13	YAATAATT	2.15e-1	1.00e0	9.27e2	412	206	206	206	9	157	76.21	149	72.33
628	data/reference/motifs/JASPAR2026_CORE_plants_non-redundant_pfms_meme.txt	MA1209.2	ATHB-20	YAATAATT	6.19e-1	1.00e0	9.27e2	400	206	206	206	7	80	38.83	82	39.81
629	data/reference/motifs/JASPAR2026_CORE_plants_non-redundant_pfms_meme.txt	MA1198.2	HAT2	YAATCATT	2.49e-1	1.00e0	9.27e2	412	206	206	206	29	2	0.97	0	0.00
630	data/reference/motifs/JASPAR2026_CORE_plants_non-redundant_pfms_meme.txt	MA1026.3	ATHB-15	AWDRTAATGATKA	2.08e-1	1.00e0	9.27e2	394	206	206	206	11	9	4.37	5	2.43
631	data/reference/motifs/JASPAR2026_CORE_plants_non-redundant_pfms_meme.txt	MA1024.2	HAT1	YAATCATK	1.14e-1	1.00e0	9.27e2	412	206	206	206	8	90	43.69	77	37.38
632	data/reference/motifs/JASPAR2026_CORE_plants_non-redundant_pfms_meme.txt	MA0953.2	ATHB-6	CAATHAT	2.08e-1	1.00e0	9.27e2	412	206	206	206	155	9	4.37	5	2.43
633	data/reference/motifs/JASPAR2026_CORE_plants_non-redundant_pfms_meme.txt	MA0008.4	HAT5	CAATAATTG	2.84e-1	1.00e0	9.27e2	406	206	206	206	5	158	76.70	152	73.79
634	data/reference/motifs/JASPAR2026_CORE_plants_non-redundant_pfms_meme.txt	MA2020.2	HSFB4	GAAGTTTCCR	2.48e-1	1.00e0	9.27e2	395	206	206	206	7	35	16.99	29	14.08
635	data/reference/motifs/JASPAR2026_CORE_plants_non-redundant_pfms_meme.txt	MA2019.2	HSFA1B	GAAACTTC	1.86e-1	1.00e0	9.27e2	412	206	206	206	2	205	99.51	202	98.06
636	data/reference/motifs/JASPAR2026_CORE_plants_non-redundant_pfms_meme.txt	MA1761.2	HSFB3	AAGCTTCTAGAA	4.57e-1	1.00e0	9.27e2	397	206	206	206	3	145	70.39	143	69.42
637	data/reference/motifs/JASPAR2026_CORE_plants_non-redundant_pfms_meme.txt	MA1759.2	HSFA4A	AGAAGCTTCTAGAA	6.22e-1	1.00e0	9.27e2	272	206	206	206	1	135	65.53	137	66.50
638	data/reference/motifs/JASPAR2026_CORE_plants_non-redundant_pfms_meme.txt	MA1665.3	HSFB2A	RGAAGSTTCY	1.98e-1	1.00e0	9.27e2	375	206	206	206	2	167	81.07	159	77.18
639	data/reference/motifs/JASPAR2026_CORE_plants_non-redundant_pfms_meme.txt	MA1318.2	WRKY27	CGTTGACTTTT	2.33e-1	1.00e0	9.27e2	256	206	206	206	3	30	14.56	24	11.65
640	data/reference/motifs/JASPAR2026_CORE_plants_non-redundant_pfms_meme.txt	MA1312.2	WRKY47	CGTTGACYW	1.23e-1	1.00e0	9.27e2	388	206	206	206	6	32	15.53	23	11.17
641	data/reference/motifs/JASPAR2026_CORE_plants_non-redundant_pfms_meme.txt	MA1310.2	WRKY42	CGTTGACT	2.87e-1	1.00e0	9.27e2	348	206	206	206	6	8	3.88	5	2.43
642	data/reference/motifs/JASPAR2026_CORE_plants_non-redundant_pfms_meme.txt	MA1306.2	WRKY11	CGTTGACTTTT	1.46e-1	1.00e0	9.27e2	323	206	206	206	5	15	7.28	9	4.37
643	data/reference/motifs/JASPAR2026_CORE_plants_non-redundant_pfms_meme.txt	MA1303.2	WRKY22	AAAGTCAACK	1.41e-1	1.00e0	9.27e2	317	206	206	206	4	28	13.59	20	9.71
644	data/reference/motifs/JASPAR2026_CORE_plants_non-redundant_pfms_meme.txt	MA1302.2	WRKY65	AAAGTCAACG	1.86e-1	1.00e0	9.27e2	357	206	206	206	8	4	1.94	1	0.49
645	data/reference/motifs/JASPAR2026_CORE_plants_non-redundant_pfms_meme.txt	MA1300.2	WRKY6	CGTTGACT	1.33e-1	1.00e0	9.27e2	301	206	206	206	1	156	75.73	145	70.39
646	data/reference/motifs/JASPAR2026_CORE_plants_non-redundant_pfms_meme.txt	MA1298.2	WRKY29	AAAGTCAAC	3.43e-1	1.00e0	9.27e2	396	206	206	206	10	4	1.94	2	0.97
647	data/reference/motifs/JASPAR2026_CORE_plants_non-redundant_pfms_meme.txt	MA1297.2	WRKY26	AAAAGTCAACG	2.45e-1	1.00e0	9.27e2	322	206	206	206	2	109	52.91	101	49.03
648	data/reference/motifs/JASPAR2026_CORE_plants_non-redundant_pfms_meme.txt	MA1083.3	WRKY30	ARGTCAACG	1.07e-1	1.00e0	9.27e2	398	206	206	206	7	36	17.48	26	12.62
649	data/reference/motifs/JASPAR2026_CORE_plants_non-redundant_pfms_meme.txt	MA1081.3	WRKY25	RGTCAACG	2.49e-1	1.00e0	9.27e2	408	206	206	206	14	2	0.97	0	0.00
650	data/reference/motifs/JASPAR2026_CORE_plants_non-redundant_pfms_meme.txt	MA1078.2	WRKY2	GGTCAAM	1.10e-1	1.00e0	9.27e2	409	206	206	206	2	203	98.54	198	96.12
651	data/reference/motifs/JASPAR2026_CORE_plants_non-redundant_pfms_meme.txt	MA1076.3	WRKY15	RGTCAACG	2.17e-1	1.00e0	9.27e2	409	206	206	206	3	186	90.29	180	87.38
652	data/reference/motifs/JASPAR2026_CORE_plants_non-redundant_pfms_meme.txt	MA0589.2	WRKY1	TTGACCGAGY	1.24e-1	1.00e0	9.27e2	292	206	206	206	8	3	1.46	0	0.00
653	data/reference/motifs/JASPAR2026_CORE_plants_non-redundant_pfms_meme.txt	MA2051.2	NAC68	ACAAGTAW	1.51e-1	1.00e0	9.27e2	412	206	206	206	19	161	78.16	151	73.30
654	data/reference/motifs/JASPAR2026_CORE_plants_non-redundant_pfms_meme.txt	MA2050.2	NAC101	CAAGCAA	8.88e-2	1.00e0	9.27e2	412	206	206	206	28	24	11.65	15	7.28
655	data/reference/motifs/JASPAR2026_CORE_plants_non-redundant_pfms_meme.txt	MA2017.2	JUB1	ACGGCGA	2.51e-1	1.00e0	9.27e2	386	206	206	206	15	6	2.91	3	1.46
656	data/reference/motifs/JASPAR2026_CORE_plants_non-redundant_pfms_meme.txt	MA2006.2	NAC020	GGTTGCKTGTDNMACAAGTAA	4.02e-1	1.00e0	9.27e2	81	206	206	206	1	42	20.39	39	18.93
657	data/reference/motifs/JASPAR2026_CORE_plants_non-redundant_pfms_meme.txt	MA1678.3	NTL8	GAAGAAAC	1.19e-1	1.00e0	9.27e2	412	206	206	206	22	31	15.05	22	10.68
658	data/reference/motifs/JASPAR2026_CORE_plants_non-redundant_pfms_meme.txt	MA1045.2	NAC043	TWACGTAA	4.07e-1	1.00e0	9.27e2	412	206	206	206	5	161	78.16	158	76.70
659	data/reference/motifs/JASPAR2026_CORE_plants_non-redundant_pfms_meme.txt	MA1043.2	NAC083	YACGYAA	3.10e-1	1.00e0	9.27e2	230	206	206	206	1	118	57.28	112	54.37
660	data/reference/motifs/JASPAR2026_CORE_plants_non-redundant_pfms_meme.txt	MA1813.2	EIL4	TWCAATGAA	4.17e-1	1.00e0	9.27e2	411	206	206	206	9	140	67.96	137	66.50
661	data/reference/motifs/JASPAR2026_CORE_plants_non-redundant_pfms_meme.txt	MA1682.2	TCX3	AAATTCAAATWT	1.38e-1	1.00e0	9.27e2	412	206	206	206	11	121	58.74	109	52.91
662	data/reference/motifs/JASPAR2026_CORE_plants_non-redundant_pfms_meme.txt	MA1809.2	GLYMA-07G038400	CTGACAC	1.31e-1	1.00e0	9.27e2	412	206	206	206	9	194	94.17	187	90.78
663	data/reference/motifs/JASPAR2026_CORE_plants_non-redundant_pfms_meme.txt	MA0969.2	CAMTA2	VCGCGT	1.69e-1	1.00e0	9.27e2	412	206	206	206	32	7	3.40	3	1.46
664	data/reference/motifs/JASPAR2026_CORE_plants_non-redundant_pfms_meme.txt	MA1801.2	TREE1	AGCTD	2.49e-1	1.00e0	9.27e2	412	206	206	206	127	2	0.97	0	0.00
665	data/reference/motifs/JASPAR2026_CORE_plants_non-redundant_pfms_meme.txt	MA1736.2	AT5G04390	TCACT	1.08e-1	1.00e0	9.27e2	412	206	206	206	6	205	99.51	201	97.57
666	data/reference/motifs/JASPAR2026_CORE_plants_non-redundant_pfms_meme.txt	MA1415.2	REF6	RAAACAGAG	3.92e-1	1.00e0	9.27e2	392	206	206	206	2	176	85.44	173	83.98
667	data/reference/motifs/JASPAR2026_CORE_plants_non-redundant_pfms_meme.txt	MA1405.2	SIZF2	ACTGACAGT	2.24e-1	1.00e0	9.27e2	398	206	206	206	9	64	31.07	56	27.18
668	data/reference/motifs/JASPAR2026_CORE_plants_non-redundant_pfms_meme.txt	MA1381.2	AT3G46070	TCACTCT	1.24e-1	1.00e0	9.27e2	412	206	206	206	3	206	100.00	203	98.54
669	data/reference/motifs/JASPAR2026_CORE_plants_non-redundant_pfms_meme.txt	MA1374.2	IDD7	ASAAAACGACAAAA	2.22e-1	1.00e0	9.27e2	297	206	206	206	3	41	19.90	34	16.50
670	data/reference/motifs/JASPAR2026_CORE_plants_non-redundant_pfms_meme.txt	MA1372.2	ZAT10	CACTNHCACT	1.74e-1	1.00e0	9.27e2	412	206	206	206	27	12	5.83	7	3.40
671	data/reference/motifs/JASPAR2026_CORE_plants_non-redundant_pfms_meme.txt	MA1371.2	IDD4	ASAAAAMGACAAAAA	1.24e-1	1.00e0	9.27e2	313	206	206	206	7	3	1.46	0	0.00
672	data/reference/motifs/JASPAR2026_CORE_plants_non-redundant_pfms_meme.txt	MA1158.2	MGP	AAAACGACAAAAA	3.62e-1	1.00e0	9.27e2	307	206	206	206	5	5	2.43	3	1.46
673	data/reference/motifs/JASPAR2026_CORE_plants_non-redundant_pfms_meme.txt	MA1157.2	NUC	TTTTGTCGTTTT	3.31e-1	1.00e0	9.27e2	348	206	206	206	3	61	29.61	56	27.18
674	data/reference/motifs/JASPAR2026_CORE_plants_non-redundant_pfms_meme.txt	MA1156.2	JKD	TTTTGTCKTTTT	1.38e-1	1.00e0	9.27e2	403	206	206	206	8	20	9.71	13	6.31
675	data/reference/motifs/JASPAR2026_CORE_plants_non-redundant_pfms_meme.txt	MA2015.2	NAC002	ACGCAACT	1.24e-1	1.00e0	9.27e2	412	206	206	206	2	206	100.00	203	98.54
676	data/reference/motifs/JASPAR2026_CORE_plants_non-redundant_pfms_meme.txt	MA1743.2	BZIP2	TGCTGACGTGGCA	4.54e-1	1.00e0	9.27e2	100	206	206	206	1	51	24.76	49	23.79
677	data/reference/motifs/JASPAR2026_CORE_plants_non-redundant_pfms_meme.txt	MA1345.2	BZIP48	GCCACGTCAGCA	4.53e-1	1.00e0	9.27e2	94	206	206	206	1	48	23.30	46	22.33
678	data/reference/motifs/JASPAR2026_CORE_plants_non-redundant_pfms_meme.txt	MA1340.2	BZIP3	TGMTGACGTGGCA	3.86e-1	1.00e0	9.27e2	155	206	206	206	3	7	3.40	5	2.43
679	data/reference/motifs/JASPAR2026_CORE_plants_non-redundant_pfms_meme.txt	MA1337.2	BZIP44	WGCTGACGTGGCA	5.95e-1	1.00e0	9.27e2	87	206	206	206	1	43	20.87	44	21.36
680	data/reference/motifs/JASPAR2026_CORE_plants_non-redundant_pfms_meme.txt	MA1803.2	VIP1	TGMCAGCTGT	1.42e-1	1.00e0	9.27e2	273	206	206	206	5	6	2.91	2	0.97
681	data/reference/motifs/JASPAR2026_CORE_plants_non-redundant_pfms_meme.txt	MA1744.2	BZIP30	GMCAGCTGK	1.22e-1	1.00e0	9.27e2	411	206	206	206	5	190	92.23	182	88.35
682	data/reference/motifs/JASPAR2026_CORE_plants_non-redundant_pfms_meme.txt	MA1343.2	BZIP52	TGMCAGCT	5.00e-1	1.00e0	9.27e2	360	206	206	206	7	9	4.37	8	3.88
683	data/reference/motifs/JASPAR2026_CORE_plants_non-redundant_pfms_meme.txt	MA1349.2	BZIP16	HSACGTGGCA	2.97e-1	1.00e0	9.27e2	128	206	206	206	1	67	32.52	61	29.61
684	data/reference/motifs/JASPAR2026_CORE_plants_non-redundant_pfms_meme.txt	MA1835.2	TFLG2-Zm00001d042777	GTACGTAC	2.40e-1	1.00e0	9.27e2	385	206	206	206	9	50	24.27	43	20.87
685	data/reference/motifs/JASPAR2026_CORE_plants_non-redundant_pfms_meme.txt	MA1346.2	TGA10	GMTGACGTCA	1.85e-1	1.00e0	9.27e2	236	206	206	206	1	123	59.71	113	54.85
686	data/reference/motifs/JASPAR2026_CORE_plants_non-redundant_pfms_meme.txt	MA1070.3	TGA7	ATGACGTCAB	3.11e-1	1.00e0	9.27e2	267	206	206	206	2	100	48.54	94	45.63
687	data/reference/motifs/JASPAR2026_CORE_plants_non-redundant_pfms_meme.txt	MA1069.3	TGA6	ATGAYGTCAT	1.64e-1	1.00e0	9.27e2	384	206	206	206	1	195	94.66	189	91.75
688	data/reference/motifs/JASPAR2026_CORE_plants_non-redundant_pfms_meme.txt	MA1047.3	TGA5	ATGACGTCA	1.34e-1	1.00e0	9.27e2	384	206	206	206	4	130	63.11	118	57.28
689	data/reference/motifs/JASPAR2026_CORE_plants_non-redundant_pfms_meme.txt	MA0588.2	TGA1	SVTGACGT	4.50e-1	1.00e0	9.27e2	408	206	206	206	9	41	19.90	39	18.93
690	data/reference/motifs/JASPAR2026_CORE_plants_non-redundant_pfms_meme.txt	MA1745.2	BZIP63	TSACGTGG	1.99e-1	1.00e0	9.27e2	382	206	206	206	7	33	16.02	26	12.62
691	data/reference/motifs/JASPAR2026_CORE_plants_non-redundant_pfms_meme.txt	MA1417.2	O2	TGCCACGTCATC	3.10e-1	1.00e0	9.27e2	218	206	206	206	2	43	20.87	38	18.45
692	data/reference/motifs/JASPAR2026_CORE_plants_non-redundant_pfms_meme.txt	MA1344.2	BZIP28	TSACGTGGCA	1.99e-1	1.00e0	9.27e2	264	206	206	206	2	70	33.98	61	29.61
693	data/reference/motifs/JASPAR2026_CORE_plants_non-redundant_pfms_meme.txt	MA1828.2	Zm00001d038683	GTGGTCCA	4.10e-1	1.00e0	9.27e2	407	206	206	206	17	11	5.34	9	4.37
694	data/reference/motifs/JASPAR2026_CORE_plants_non-redundant_pfms_meme.txt	MA1430.2	TB1	GGSCCCCCC	2.25e-1	1.00e0	9.27e2	175	206	206	206	5	5	2.43	2	0.97
695	data/reference/motifs/JASPAR2026_CORE_plants_non-redundant_pfms_meme.txt	MA1428.2	TCP8	GGSCCCAC	1.27e-1	1.00e0	9.27e2	412	206	206	206	9	182	88.35	173	83.98
696	data/reference/motifs/JASPAR2026_CORE_plants_non-redundant_pfms_meme.txt	MA1410.2	StBRC1	GGGSCCM	1.51e-1	1.00e0	9.27e2	403	206	206	206	3	191	92.72	184	89.32
697	data/reference/motifs/JASPAR2026_CORE_plants_non-redundant_pfms_meme.txt	MA1289.2	TCP3	GGGACCAC	3.06e-1	1.00e0	9.27e2	158	206	206	206	1	82	39.81	76	36.89
698	data/reference/motifs/JASPAR2026_CORE_plants_non-redundant_pfms_meme.txt	MA1286.2	TCP24	GGGACCAC	5.00e-1	1.00e0	9.27e2	229	206	206	206	1	115	55.83	114	55.34
699	data/reference/motifs/JASPAR2026_CORE_plants_non-redundant_pfms_meme.txt	MA1282.2	TCP13	GTGGGGACCAC	5.83e-1	1.00e0	9.27e2	137	206	206	206	1	68	33.01	69	33.50
700	data/reference/motifs/JASPAR2026_CORE_plants_non-redundant_pfms_meme.txt	MA1063.2	TCP19	GGSCCCAC	2.56e-1	1.00e0	9.27e2	410	206	206	206	3	197	95.63	193	93.69
701	data/reference/motifs/JASPAR2026_CORE_plants_non-redundant_pfms_meme.txt	MA1054.2	ARALYDRAFT_897773	KGGGACCAC	1.24e-1	1.00e0	9.27e2	383	206	206	206	14	3	1.46	0	0.00
702	data/reference/motifs/JASPAR2026_CORE_plants_non-redundant_pfms_meme.txt	MA1031.2	OJ1581_H09.2	GGGCCC	1.86e-1	1.00e0	9.27e2	398	206	206	206	30	4	1.94	1	0.49
703	data/reference/motifs/JASPAR2026_CORE_plants_non-redundant_pfms_meme.txt	MA1331.2	BEH4	YGCACGTGTG	7.52e-1	1.00e0	9.27e2	64	206	206	206	1	30	14.56	34	16.50
704	data/reference/motifs/JASPAR2026_CORE_plants_non-redundant_pfms_meme.txt	MA0550.3	BZR1	CRCACGTGYR	3.43e-1	1.00e0	9.27e2	124	206	206	206	4	4	1.94	2	0.97
705	data/reference/motifs/JASPAR2026_CORE_plants_non-redundant_pfms_meme.txt	MA0549.2	BZR2	RCACGTGKSV	3.47e-1	1.00e0	9.27e2	199	206	206	206	1	102	49.51	97	47.09
706	data/reference/motifs/JASPAR2026_CORE_plants_non-redundant_pfms_meme.txt	MA1834.2	Zm00001d034298	CCACGCG	1.42e-1	1.00e0	9.27e2	410	206	206	206	28	6	2.91	2	0.97
707	data/reference/motifs/JASPAR2026_CORE_plants_non-redundant_pfms_meme.txt	MA1739.2	BHLH122	CMACTTG	1.32e-1	1.00e0	9.27e2	368	206	206	206	1	188	91.26	180	87.38
708	data/reference/motifs/JASPAR2026_CORE_plants_non-redundant_pfms_meme.txt	MA1362.2	bHLH77	DWNGBCACGTGM	1.66e-1	1.00e0	9.27e2	249	206	206	206	2	66	32.04	56	27.18
709	data/reference/motifs/JASPAR2026_CORE_plants_non-redundant_pfms_meme.txt	MA1358.2	bHLH130	CMACTTGC	2.51e-1	1.00e0	9.27e2	323	206	206	206	3	58	28.16	51	24.76
710	data/reference/motifs/JASPAR2026_CORE_plants_non-redundant_pfms_meme.txt	MA1357.2	bHLH80	TGCAAGTKG	5.00e-1	1.00e0	9.27e2	217	206	206	206	5	2	0.97	1	0.49
711	data/reference/motifs/JASPAR2026_CORE_plants_non-redundant_pfms_meme.txt	MA0962.2	bHLH34	GCACGTG	1.34e-1	1.00e0	9.27e2	343	206	206	206	2	131	63.59	119	57.77
712	data/reference/motifs/JASPAR2026_CORE_plants_non-redundant_pfms_meme.txt	MA0961.2	bHLH112	CCACTTG	2.51e-1	1.00e0	9.27e2	157	206	206	206	3	6	2.91	3	1.46
713	data/reference/motifs/JASPAR2026_CORE_plants_non-redundant_pfms_meme.txt	MA0552.2	PIF1	CACGTG	1.42e-1	1.00e0	9.27e2	297	206	206	206	6	6	2.91	2	0.97
714	data/reference/motifs/JASPAR2026_CORE_plants_non-redundant_pfms_meme.txt	MA1698.2	ARF7	GCCGACAAG	4.10e-1	1.00e0	9.27e2	392	206	206	206	1	197	95.63	195	94.66
715	data/reference/motifs/JASPAR2026_CORE_plants_non-redundant_pfms_meme.txt	MA1697.2	ARF4	ACGACAAG	4.57e-1	1.00e0	9.27e2	411	206	206	206	9	144	69.90	142	68.93
716	data/reference/motifs/JASPAR2026_CORE_plants_non-redundant_pfms_meme.txt	MA1696.2	ARF39	GGGGRACACGT	3.74e-1	1.00e0	9.27e2	398	206	206	206	9	23	11.17	20	9.71
717	data/reference/motifs/JASPAR2026_CORE_plants_non-redundant_pfms_meme.txt	MA1695.2	ARF36	GGGGGACAHGTC	5.00e-1	1.00e0	9.27e2	340	206	206	206	8	2	0.97	1	0.49
718	data/reference/motifs/JASPAR2026_CORE_plants_non-redundant_pfms_meme.txt	MA1694.2	ARF35	CCCGACAAG	6.89e-1	1.00e0	9.27e2	395	206	206	206	1	197	95.63	198	96.12
719	data/reference/motifs/JASPAR2026_CORE_plants_non-redundant_pfms_meme.txt	MA1693.2	ARF34	CAGACAGC	1.67e-1	1.00e0	9.27e2	409	206	206	206	4	179	86.89	171	83.01
720	data/reference/motifs/JASPAR2026_CORE_plants_non-redundant_pfms_meme.txt	MA1692.2	ARF29	GCCGACAA	5.00e-1	1.00e0	9.27e2	406	206	206	206	27	1	0.49	0	0.00
721	data/reference/motifs/JASPAR2026_CORE_plants_non-redundant_pfms_meme.txt	MA1691.2	ARF27	GCAGACAT	5.00e-1	1.00e0	9.27e2	411	206	206	206	25	1	0.49	0	0.00
722	data/reference/motifs/JASPAR2026_CORE_plants_non-redundant_pfms_meme.txt	MA1690.2	ARF25	ARMGGGRGACAM	6.69e-1	1.00e0	9.27e2	358	206	206	206	1	178	86.41	180	87.38
723	data/reference/motifs/JASPAR2026_CORE_plants_non-redundant_pfms_meme.txt	MA1689.2	ARF18	CCGACAAA	1.24e-1	1.00e0	9.27e2	411	206	206	206	2	206	100.00	203	98.54
724	data/reference/motifs/JASPAR2026_CORE_plants_non-redundant_pfms_meme.txt	MA1688.2	ARF16	CAAGACAAGA	4.00e-1	1.00e0	9.27e2	412	206	206	206	11	169	82.04	166	80.58
725	data/reference/motifs/JASPAR2026_CORE_plants_non-redundant_pfms_meme.txt	MA1685.2	ARF10	ARNGGGAGACA	4.20e-1	1.00e0	9.27e2	382	206	206	206	9	14	6.80	12	5.83
726	data/reference/motifs/JASPAR2026_CORE_plants_non-redundant_pfms_meme.txt	MA1206.2	ARF2	SMGACA	2.49e-1	1.00e0	9.27e2	412	206	206	206	42	2	0.97	0	0.00
727	data/reference/motifs/JASPAR2026_CORE_plants_non-redundant_pfms_meme.txt	MA0944.2	ARF8	TGTCGG	1.26e-1	1.00e0	9.27e2	412	206	206	206	21	199	96.60	193	93.69
728	data/reference/motifs/JASPAR2026_CORE_plants_non-redundant_pfms_meme.txt	MA0943.2	ARF5	RCCGACA	1.90e-1	1.00e0	9.27e2	400	206	206	206	1	202	98.06	198	96.12
729	data/reference/motifs/JASPAR2026_CORE_plants_non-redundant_pfms_meme.txt	MA0942.2	ARF1	ACCGACA	2.64e-1	1.00e0	9.27e2	386	206	206	206	8	14	6.80	10	4.85
730	data/reference/motifs/JASPAR2026_CORE_plants_non-redundant_pfms_meme.txt	MA2013.2	ERF115	YCGCCGCCGCM	2.49e-1	1.00e0	9.27e2	197	206	206	206	18	2	0.97	0	0.00
731	data/reference/motifs/JASPAR2026_CORE_plants_non-redundant_pfms_meme.txt	MA2011.2	ERF010	CACCGACA	1.54e-1	1.00e0	9.27e2	376	206	206	206	3	135	65.53	124	60.19
732	data/reference/motifs/JASPAR2026_CORE_plants_non-redundant_pfms_meme.txt	MA1831.2	Zm00001d031796	GACGGCGACG	4.21e-1	1.00e0	9.27e2	325	206	206	206	2	117	56.80	114	55.34
733	data/reference/motifs/JASPAR2026_CORE_plants_non-redundant_pfms_meme.txt	MA1819.2	Zm00001d005892	CGCCGCCG	1.38e-1	1.00e0	9.27e2	283	206	206	206	2	120	58.25	108	52.43
734	data/reference/motifs/JASPAR2026_CORE_plants_non-redundant_pfms_meme.txt	MA1754.2	ERF073	CKCCGCCGCCR	5.00e-1	1.00e0	9.27e2	141	206	206	206	7	3	1.46	2	0.97
735	data/reference/motifs/JASPAR2026_CORE_plants_non-redundant_pfms_meme.txt	MA1753.2	ERF057	CCDCCDCCRCCGCC	2.49e-1	1.00e0	9.27e2	198	206	206	206	18	2	0.97	0	0.00
736	data/reference/motifs/JASPAR2026_CORE_plants_non-redundant_pfms_meme.txt	MA1752.2	ERF025	YGCCGACA	5.00e-1	1.00e0	9.27e2	258	206	206	206	13	1	0.49	0	0.00
737	data/reference/motifs/JASPAR2026_CORE_plants_non-redundant_pfms_meme.txt	MA1748.2	DREB1F	GCCGAC	2.08e-1	1.00e0	9.27e2	402	206	206	206	9	82	39.81	73	35.44
738	data/reference/motifs/JASPAR2026_CORE_plants_non-redundant_pfms_meme.txt	MA1679.2	RAP2-1	CACCGACA	1.42e-1	1.00e0	9.27e2	355	206	206	206	11	6	2.91	2	0.97
739	data/reference/motifs/JASPAR2026_CORE_plants_non-redundant_pfms_meme.txt	MA1671.2	ERF118	CCGCCGCC	2.49e-1	1.00e0	9.27e2	295	206	206	206	17	2	0.97	0	0.00
740	data/reference/motifs/JASPAR2026_CORE_plants_non-redundant_pfms_meme.txt	MA1670.2	DREB1C	GCCGACAT	4.10e-1	1.00e0	9.27e2	390	206	206	206	10	11	5.34	9	4.37
741	data/reference/motifs/JASPAR2026_CORE_plants_non-redundant_pfms_meme.txt	MA1669.2	DREB1B	GCCGACAT	2.56e-1	1.00e0	9.27e2	377	206	206	206	9	13	6.31	9	4.37
742	data/reference/motifs/JASPAR2026_CORE_plants_non-redundant_pfms_meme.txt	MA1424.2	ERF019	CCACCGACA	3.11e-1	1.00e0	9.27e2	198	206	206	206	1	102	49.51	96	46.60
743	data/reference/motifs/JASPAR2026_CORE_plants_non-redundant_pfms_meme.txt	MA1266.2	RAP2-11	YCDYCGCCGGC	1.91e-1	1.00e0	9.27e2	217	206	206	206	2	63	30.58	54	26.21
744	data/reference/motifs/JASPAR2026_CORE_plants_non-redundant_pfms_meme.txt	MA1265.3	ERF015	CACCGACA	2.49e-1	1.00e0	9.27e2	352	206	206	206	15	2	0.97	0	0.00
745	data/reference/motifs/JASPAR2026_CORE_plants_non-redundant_pfms_meme.txt	MA1264.2	ERF095	RYGGCGGCGGHGG	2.49e-1	1.00e0	9.27e2	151	206	206	206	12	2	0.97	0	0.00
746	data/reference/motifs/JASPAR2026_CORE_plants_non-redundant_pfms_meme.txt	MA1263.2	ERF055	KGKCGGTGG	1.59e-1	1.00e0	9.27e2	241	206	206	206	1	126	61.17	115	55.83
747	data/reference/motifs/JASPAR2026_CORE_plants_non-redundant_pfms_meme.txt	MA1262.2	ERF2	CCDCCGCCGCCRY	4.61e-1	1.00e0	9.27e2	196	206	206	206	1	99	48.06	97	47.09
748	data/reference/motifs/JASPAR2026_CORE_plants_non-redundant_pfms_meme.txt	MA1261.2	ERF122	TRCGGCKGHG	1.76e-1	1.00e0	9.27e2	365	206	206	206	1	186	90.29	179	86.89
749	data/reference/motifs/JASPAR2026_CORE_plants_non-redundant_pfms_meme.txt	MA1259.2	ERF023	TGTCGGTGR	3.10e-1	1.00e0	9.27e2	180	206	206	206	1	93	45.15	87	42.23
750	data/reference/motifs/JASPAR2026_CORE_plants_non-redundant_pfms_meme.txt	MA1258.2	DREB2A	AWGKCGGTG	5.00e-1	1.00e0	9.27e2	263	206	206	206	1	132	64.08	131	63.59
751	data/reference/motifs/JASPAR2026_CORE_plants_non-redundant_pfms_meme.txt	MA1256.2	RAP2-12	DRYGGCGGCGG	2.49e-1	1.00e0	9.27e2	178	206	206	206	9	2	0.97	0	0.00
752	data/reference/motifs/JASPAR2026_CORE_plants_non-redundant_pfms_meme.txt	MA1253.2	ERF036	TGTCGGTG	1.30e-1	1.00e0	9.27e2	352	206	206	206	8	9	4.37	4	1.94
753	data/reference/motifs/JASPAR2026_CORE_plants_non-redundant_pfms_meme.txt	MA1252.2	ERF086	CCKCCGCCGY	5.00e-1	1.00e0	9.27e2	190	206	206	206	7	3	1.46	2	0.97
754	data/reference/motifs/JASPAR2026_CORE_plants_non-redundant_pfms_meme.txt	MA1251.2	RAP2-9	CACCGACAW	7.51e-1	1.00e0	9.27e2	163	206	206	206	5	1	0.49	1	0.49
755	data/reference/motifs/JASPAR2026_CORE_plants_non-redundant_pfms_meme.txt	MA1250.2	DREB2D	CCDCCDCCACCGCC	5.00e-1	1.00e0	9.27e2	248	206	206	206	11	3	1.46	2	0.97
756	data/reference/motifs/JASPAR2026_CORE_plants_non-redundant_pfms_meme.txt	MA1247.2	ERF087	GRCGGCGGMG	5.00e-1	1.00e0	9.27e2	176	206	206	206	8	3	1.46	2	0.97
757	data/reference/motifs/JASPAR2026_CORE_plants_non-redundant_pfms_meme.txt	MA1246.2	LEP	CKCCGCCGYC	2.49e-1	1.00e0	9.27e2	246	206	206	206	16	2	0.97	0	0.00
758	data/reference/motifs/JASPAR2026_CORE_plants_non-redundant_pfms_meme.txt	MA1245.3	ERF112	CCGCCGCCR	2.09e-1	1.00e0	9.27e2	314	206	206	206	1	161	78.16	153	74.27
759	data/reference/motifs/JASPAR2026_CORE_plants_non-redundant_pfms_meme.txt	MA1244.2	ABR1	DTKGCGGCGGMG	2.49e-1	1.00e0	9.27e2	210	206	206	206	16	2	0.97	0	0.00
760	data/reference/motifs/JASPAR2026_CORE_plants_non-redundant_pfms_meme.txt	MA1243.2	DREB2E	MACCGACWTW	5.00e-1	1.00e0	9.27e2	175	206	206	206	6	2	0.97	1	0.49
761	data/reference/motifs/JASPAR2026_CORE_plants_non-redundant_pfms_meme.txt	MA1240.2	ERF077	CCGCCGCCRY	2.49e-1	1.00e0	9.27e2	246	206	206	206	11	2	0.97	0	0.00
762	data/reference/motifs/JASPAR2026_CORE_plants_non-redundant_pfms_meme.txt	MA1239.2	ERF104	CCDCCDCCGCCGCCRY	2.49e-1	1.00e0	9.27e2	143	206	206	206	10	2	0.97	0	0.00
763	data/reference/motifs/JASPAR2026_CORE_plants_non-redundant_pfms_meme.txt	MA1238.3	ERF038	CACCGACA	2.65e-1	1.00e0	9.27e2	348	206	206	206	2	141	68.45	134	65.05
764	data/reference/motifs/JASPAR2026_CORE_plants_non-redundant_pfms_meme.txt	MA1233.3	ERF021	CGCCGACA	1.74e-1	1.00e0	9.27e2	393	206	206	206	1	199	96.60	194	94.17
765	data/reference/motifs/JASPAR2026_CORE_plants_non-redundant_pfms_meme.txt	MA1232.2	ERF054	GDCGGYGG	1.45e-1	1.00e0	9.27e2	343	206	206	206	4	71	34.47	60	29.13
766	data/reference/motifs/JASPAR2026_CORE_plants_non-redundant_pfms_meme.txt	MA1229.2	ERF034	TGTCGGTGR	3.11e-1	1.00e0	9.27e2	194	206	206	206	1	100	48.54	94	45.63
767	data/reference/motifs/JASPAR2026_CORE_plants_non-redundant_pfms_meme.txt	MA1228.2	ERF091	RYGGCGGCGGHGG	5.00e-1	1.00e0	9.27e2	125	206	206	206	11	1	0.49	0	0.00
768	data/reference/motifs/JASPAR2026_CORE_plants_non-redundant_pfms_meme.txt	MA1227.3	ERF027	RCCGACA	3.20e-1	1.00e0	9.27e2	398	206	206	206	12	11	5.34	8	3.88
769	data/reference/motifs/JASPAR2026_CORE_plants_non-redundant_pfms_meme.txt	MA1226.2	DREB2G	GGHGGAGGCGGTGG	2.49e-1	1.00e0	9.27e2	250	206	206	206	14	2	0.97	0	0.00
770	data/reference/motifs/JASPAR2026_CORE_plants_non-redundant_pfms_meme.txt	MA1220.2	TINY	YCACCGACA	2.45e-1	1.00e0	9.27e2	204	206	206	206	1	106	51.46	98	47.57
771	data/reference/motifs/JASPAR2026_CORE_plants_non-redundant_pfms_meme.txt	MA1219.3	ERF011	CACCGAC	2.35e-1	1.00e0	9.27e2	380	206	206	206	12	11	5.34	7	3.40
772	data/reference/motifs/JASPAR2026_CORE_plants_non-redundant_pfms_meme.txt	MA1218.2	DREB1D	ATGTCGGY	6.84e-1	1.00e0	9.27e2	198	206	206	206	3	21	10.19	23	11.17
773	data/reference/motifs/JASPAR2026_CORE_plants_non-redundant_pfms_meme.txt	MA1049.2	ERF094	MGCCGCC	2.56e-1	1.00e0	9.27e2	237	206	206	206	4	13	6.31	9	4.37
774	data/reference/motifs/JASPAR2026_CORE_plants_non-redundant_pfms_meme.txt	MA1008.2	PHYPADRAFT_182268	GTCGGTG	5.00e-1	1.00e0	9.27e2	112	206	206	206	2	16	7.77	15	7.28
775	data/reference/motifs/JASPAR2026_CORE_plants_non-redundant_pfms_meme.txt	MA1005.3	ERF082	CCGCCGCCR	1.90e-1	1.00e0	9.27e2	297	206	206	206	1	153	74.27	144	69.90
776	data/reference/motifs/JASPAR2026_CORE_plants_non-redundant_pfms_meme.txt	MA1004.2	ERF13	SGCCGCC	2.25e-1	1.00e0	9.27e2	306	206	206	206	14	5	2.43	2	0.97
777	data/reference/motifs/JASPAR2026_CORE_plants_non-redundant_pfms_meme.txt	MA1001.4	ERF076	CCGCCGCCRC	2.29e-1	1.00e0	9.27e2	282	206	206	206	1	145	70.39	137	66.50
778	data/reference/motifs/JASPAR2026_CORE_plants_non-redundant_pfms_meme.txt	MA1000.3	ERF105	RYGGCGGCGG	5.00e-1	1.00e0	9.27e2	154	206	206	206	13	1	0.49	0	0.00
779	data/reference/motifs/JASPAR2026_CORE_plants_non-redundant_pfms_meme.txt	MA0998.2	ERF096	GCCGCC	2.65e-1	1.00e0	9.27e2	408	206	206	206	8	170	82.52	164	79.61
780	data/reference/motifs/JASPAR2026_CORE_plants_non-redundant_pfms_meme.txt	MA0997.2	ERF069	GCCG	1.24e-1	1.00e0	9.27e2	412	206	206	206	142	3	1.46	0	0.00
781	data/reference/motifs/JASPAR2026_CORE_plants_non-redundant_pfms_meme.txt	MA0995.3	ERF039	RCCGACA	2.49e-1	1.00e0	9.27e2	398	206	206	206	23	2	0.97	0	0.00
782	data/reference/motifs/JASPAR2026_CORE_plants_non-redundant_pfms_meme.txt	MA0994.3	ERF8	TGRCGGCGGCG	2.49e-1	1.00e0	9.27e2	258	206	206	206	19	2	0.97	0	0.00
783	data/reference/motifs/JASPAR2026_CORE_plants_non-redundant_pfms_meme.txt	MA0993.2	ERF7	GCCG	3.19e-1	1.00e0	9.27e2	412	206	206	206	29	162	78.64	157	76.21
784	data/reference/motifs/JASPAR2026_CORE_plants_non-redundant_pfms_meme.txt	MA0980.3	RAP2-10	RCCGACA	2.46e-1	1.00e0	9.27e2	397	206	206	206	8	21	10.19	16	7.77
785	data/reference/motifs/JASPAR2026_CORE_plants_non-redundant_pfms_meme.txt	MA0976.3	CRF4	CCGCCGCCRC	2.49e-1	1.00e0	9.27e2	271	206	206	206	24	2	0.97	0	0.00
786	data/reference/motifs/JASPAR2026_CORE_plants_non-redundant_pfms_meme.txt	MA0971.2	DREB1A	ATGTCGGY	5.00e-1	1.00e0	9.27e2	375	206	206	206	23	1	0.49	0	0.00
787	data/reference/motifs/JASPAR2026_CORE_plants_non-redundant_pfms_meme.txt	MA1377.2	PLT1	KGCACGVWTHYCGAGR	2.56e-1	1.00e0	9.27e2	202	206	206	206	2	38	18.45	32	15.53
788	data/reference/motifs/JASPAR2026_CORE_plants_non-redundant_pfms_meme.txt	MA1751.2	EIL3	AGRTWCAT	5.00e-1	1.00e0	9.27e2	412	206	206	206	8	153	74.27	152	73.79
789	data/reference/motifs/JASPAR2026_CORE_plants_non-redundant_pfms_meme.txt	MA1376.2	DEAR3	CRCCGMC	1.42e-1	1.00e0	9.27e2	412	206	206	206	3	204	99.03	200	97.09
790	data/reference/motifs/JASPAR2026_CORE_plants_non-redundant_pfms_meme.txt	MA2455.1	SPL9D	AGCGGTASTACCGC	5.00e-1	1.00e0	9.27e2	96	206	206	206	4	4	1.94	3	1.46
791	data/reference/motifs/JASPAR2026_CORE_plants_non-redundant_pfms_meme.txt	MA2452.1	SPL8A	ATAGTACTC	9.85e-2	1.00e0	9.27e2	404	206	206	206	2	194	94.17	186	90.29
792	data/reference/motifs/JASPAR2026_CORE_plants_non-redundant_pfms_meme.txt	MA2451.1	SPL7B	AGCGGTASTACCGCT	7.51e-1	1.00e0	9.27e2	29	206	206	206	4	1	0.49	1	0.49
793	data/reference/motifs/JASPAR2026_CORE_plants_non-redundant_pfms_meme.txt	MA2450.1	SPL7A	GTACTACCGCT	5.00e-1	1.00e0	9.27e2	339	206	206	206	14	1	0.49	0	0.00
794	data/reference/motifs/JASPAR2026_CORE_plants_non-redundant_pfms_meme.txt	MA2449.1	SPL6A	GCGGTAGTACC	5.00e-1	1.00e0	9.27e2	295	206	206	206	5	9	4.37	8	3.88
795	data/reference/motifs/JASPAR2026_CORE_plants_non-redundant_pfms_meme.txt	MA2448.1	SPL5D	AGCGGTASTACCGC	6.88e-1	1.00e0	9.27e2	76	206	206	206	4	2	0.97	2	0.97
796	data/reference/motifs/JASPAR2026_CORE_plants_non-redundant_pfms_meme.txt	MA2446.1	SPL5A	GCGGTASTACCGC	5.00e-1	1.00e0	9.27e2	106	206	206	206	6	2	0.97	1	0.49
797	data/reference/motifs/JASPAR2026_CORE_plants_non-redundant_pfms_meme.txt	MA2445.1	SPL4D	GGTACTACCGCT	4.20e-1	1.00e0	9.27e2	313	206	206	206	5	14	6.80	12	5.83
798	data/reference/motifs/JASPAR2026_CORE_plants_non-redundant_pfms_meme.txt	MA2444.1	SPL4A	GCGGTASTACCGC	8.13e-1	1.00e0	9.27e2	111	206	206	206	1	52	25.24	59	28.64
799	data/reference/motifs/JASPAR2026_CORE_plants_non-redundant_pfms_meme.txt	MA2443.1	SPL3D	GCGGTASTACCGC	5.00e-1	1.00e0	9.27e2	105	206	206	206	6	1	0.49	0	0.00
800	data/reference/motifs/JASPAR2026_CORE_plants_non-redundant_pfms_meme.txt	MA2442.1	SPL3B	AGCGGTASTACCGC	6.88e-1	1.00e0	9.27e2	90	206	206	206	4	2	0.97	2	0.97
801	data/reference/motifs/JASPAR2026_CORE_plants_non-redundant_pfms_meme.txt	MA2441.1	SPL3A	AGCGGTACTACC	2.33e-1	1.00e0	9.27e2	312	206	206	206	4	30	14.56	24	11.65
802	data/reference/motifs/JASPAR2026_CORE_plants_non-redundant_pfms_meme.txt	MA2440.1	SPL2B	GCGGTASTACCGC	7.54e-1	1.00e0	9.27e2	140	206	206	206	3	9	4.37	11	5.34
803	data/reference/motifs/JASPAR2026_CORE_plants_non-redundant_pfms_meme.txt	MA2439.1	SPL2A	GCGGTASTACCGC	7.44e-1	1.00e0	9.27e2	70	206	206	206	1	33	16.02	37	17.96
804	data/reference/motifs/JASPAR2026_CORE_plants_non-redundant_pfms_meme.txt	MA2438.1	SPL1D	GCRGTASTACCGCT	7.49e-1	1.00e0	9.27e2	132	206	206	206	4	4	1.94	5	2.43
805	data/reference/motifs/JASPAR2026_CORE_plants_non-redundant_pfms_meme.txt	MA2436.1	SPL18A	GCGGTASTACCGCT	4.25e-1	1.00e0	9.27e2	84	206	206	206	2	16	7.77	14	6.80
806	data/reference/motifs/JASPAR2026_CORE_plants_non-redundant_pfms_meme.txt	MA2435.1	SPL16D	GCGGTASTACCGC	6.54e-1	1.00e0	9.27e2	166	206	206	206	3	13	6.31	14	6.80
807	data/reference/motifs/JASPAR2026_CORE_plants_non-redundant_pfms_meme.txt	MA2434.1	SPL16A	AGCGGTAGTAC	3.34e-1	1.00e0	9.27e2	346	206	206	206	6	13	6.31	10	4.85
808	data/reference/motifs/JASPAR2026_CORE_plants_non-redundant_pfms_meme.txt	MA2433.1	SPL15D	GCGGTACTAC	5.00e-1	1.00e0	9.27e2	375	206	206	206	11	1	0.49	0	0.00
809	data/reference/motifs/JASPAR2026_CORE_plants_non-redundant_pfms_meme.txt	MA2431.1	SPL15A	AGCGGTASTACCGC	5.00e-1	1.00e0	9.27e2	141	206	206	206	4	5	2.43	4	1.94
810	data/reference/motifs/JASPAR2026_CORE_plants_non-redundant_pfms_meme.txt	MA2429.1	SPL13D	AGCGGTASTACCGCT	8.76e-1	1.00e0	9.27e2	25	206	206	206	3	1	0.49	2	0.97
811	data/reference/motifs/JASPAR2026_CORE_plants_non-redundant_pfms_meme.txt	MA2428.1	SPL13B	GCGGTASTACCGC	7.28e-1	1.00e0	9.27e2	73	206	206	206	3	5	2.43	6	2.91
812	data/reference/motifs/JASPAR2026_CORE_plants_non-redundant_pfms_meme.txt	MA2427.1	SPL12B	AGCGGTASTACCGC	7.92e-1	1.00e0	9.27e2	99	206	206	206	3	6	2.91	8	3.88
813	data/reference/motifs/JASPAR2026_CORE_plants_non-redundant_pfms_meme.txt	MA2426.1	SPL11B	AGCGGTASTACCGCT	8.76e-1	1.00e0	9.27e2	41	206	206	206	4	1	0.49	2	0.97
814	data/reference/motifs/JASPAR2026_CORE_plants_non-redundant_pfms_meme.txt	MA2425.1	SPL11A	SCGGTACTACCG	6.88e-1	1.00e0	9.27e2	261	206	206	206	7	2	0.97	2	0.97
815	data/reference/motifs/JASPAR2026_CORE_plants_non-redundant_pfms_meme.txt	MA2420.1	SBP6	AAGTACAA	1.86e-1	1.00e0	9.27e2	412	206	206	206	21	4	1.94	1	0.49
816	data/reference/motifs/JASPAR2026_CORE_plants_non-redundant_pfms_meme.txt	MA2419.1	UB3	GAAGTACAAC	1.90e-1	1.00e0	9.27e2	412	206	206	206	4	202	98.06	198	96.12
817	data/reference/motifs/JASPAR2026_CORE_plants_non-redundant_pfms_meme.txt	MA2418.1	IG1	CTGCCGCCA	1.17e-1	1.00e0	9.27e2	361	206	206	206	3	120	58.25	107	51.94
818	data/reference/motifs/JASPAR2026_CORE_plants_non-redundant_pfms_meme.txt	MA2416.1	EREB29	GCCGCCGCCC	1.86e-1	1.00e0	9.27e2	227	206	206	206	13	4	1.94	1	0.49
819	data/reference/motifs/JASPAR2026_CORE_plants_non-redundant_pfms_meme.txt	MA2415.1	EREB138	CMGCCGCCAT	2.17e-1	1.00e0	9.27e2	341	206	206	206	1	174	84.47	167	81.07
820	data/reference/motifs/JASPAR2026_CORE_plants_non-redundant_pfms_meme.txt	MA2414.1	EREB127	TGCCGACA	5.00e-1	1.00e0	9.27e2	341	206	206	206	6	21	10.19	20	9.71
821	data/reference/motifs/JASPAR2026_CORE_plants_non-redundant_pfms_meme.txt	MA2412.1	ZmbZIP72	GATGACATCA	2.77e-1	1.00e0	9.27e2	409	206	206	206	6	105	50.97	98	47.57
822	data/reference/motifs/JASPAR2026_CORE_plants_non-redundant_pfms_meme.txt	MA2411.1	ZmbZIP57	ATGATGTCAT	5.00e-1	1.00e0	9.27e2	408	206	206	206	20	1	0.49	0	0.00
823	data/reference/motifs/JASPAR2026_CORE_plants_non-redundant_pfms_meme.txt	MA2410.1	ZmbZIP54	TGACGTCA	1.27e-1	1.00e0	9.27e2	399	206	206	206	4	189	91.75	181	87.86
824	data/reference/motifs/JASPAR2026_CORE_plants_non-redundant_pfms_meme.txt	MA2409.1	ZmbZIP25	GATGACATCA	1.03e-1	1.00e0	9.27e2	410	206	206	206	8	73	35.44	60	29.13
825	data/reference/motifs/JASPAR2026_CORE_plants_non-redundant_pfms_meme.txt	MA2407.1	PK24978.1	CACGTGT	2.25e-1	1.00e0	9.27e2	412	206	206	206	55	5	2.43	2	0.97
826	data/reference/motifs/JASPAR2026_CORE_plants_non-redundant_pfms_meme.txt	MA2404.1	OsTRBF3	WRMCCTA	1.24e-1	1.00e0	9.27e2	412	206	206	206	12	206	100.00	203	98.54
827	data/reference/motifs/JASPAR2026_CORE_plants_non-redundant_pfms_meme.txt	MA2402.1	OsERF104	GCCGY	2.89e-1	1.00e0	9.27e2	412	206	206	206	11	154	74.76	148	71.84
828	data/reference/motifs/JASPAR2026_CORE_plants_non-redundant_pfms_meme.txt	MA2401.1	Os05g0437700	MCACGTGK	4.21e-1	1.00e0	9.27e2	243	206	206	206	2	123	59.71	120	58.25
829	data/reference/motifs/JASPAR2026_CORE_plants_non-redundant_pfms_meme.txt	MA2400.1	LjTCP20	GGGACCAY	4.57e-1	1.00e0	9.27e2	292	206	206	206	1	147	71.36	145	70.39
830	data/reference/motifs/JASPAR2026_CORE_plants_non-redundant_pfms_meme.txt	MA2396.1	IDD1	TTTTGTCGTTTT	2.49e-1	1.00e0	9.27e2	327	206	206	206	7	2	0.97	0	0.00
831	data/reference/motifs/JASPAR2026_CORE_plants_non-redundant_pfms_meme.txt	MA2395.1	PHYPA_011264	CACCGACM	5.00e-1	1.00e0	9.27e2	251	206	206	206	5	8	3.88	7	3.40
832	data/reference/motifs/JASPAR2026_CORE_plants_non-redundant_pfms_meme.txt	MA2391.1	Lg3	TGACRKC	2.34e-1	1.00e0	9.27e2	412	206	206	206	19	19	9.22	14	6.80
833	data/reference/motifs/JASPAR2026_CORE_plants_non-redundant_pfms_meme.txt	MA2389.1	GBF1	ACGTGKM	1.90e-1	1.00e0	9.27e2	412	206	206	206	43	8	3.88	4	1.94
834	data/reference/motifs/JASPAR2026_CORE_plants_non-redundant_pfms_meme.txt	MA2388.1	GATA1	AGATCTRRWT	4.22e-1	1.00e0	9.27e2	387	206	206	206	4	107	51.94	104	50.49
835	data/reference/motifs/JASPAR2026_CORE_plants_non-redundant_pfms_meme.txt	MA2386.1	estExt_gwp_gw1.C_550163	CACCGAC	5.00e-1	1.00e0	9.27e2	112	206	206	206	2	16	7.77	15	7.28
836	data/reference/motifs/JASPAR2026_CORE_plants_non-redundant_pfms_meme.txt	MA2380.1	DOF4.7	TWACTTTTT	1.24e-1	1.00e0	9.27e2	412	206	206	206	28	3	1.46	0	0.00
837	data/reference/motifs/JASPAR2026_CORE_plants_non-redundant_pfms_meme.txt	MA2378.1	CRF3	GCCG	1.08e-1	1.00e0	9.27e2	412	206	206	206	16	205	99.51	201	97.57
838	data/reference/motifs/JASPAR2026_CORE_plants_non-redundant_pfms_meme.txt	MA2377.1	cassava45561.m1	GGGSCCCAC	1.61e-1	1.00e0	9.27e2	395	206	206	206	1	200	97.09	195	94.66
839	data/reference/motifs/JASPAR2026_CORE_plants_non-redundant_pfms_meme.txt	MA2374.1	AHL13	ATATAATT	2.34e-1	1.00e0	9.27e2	412	206	206	206	74	192	93.20	187	90.78
840	data/reference/motifs/JASPAR2026_CORE_plants_non-redundant_pfms_meme.txt	MA2372.1	AZF1	WCACTVWCW	1.78e-1	1.00e0	9.27e2	412	206	206	206	12	137	66.50	127	61.65
841	data/reference/motifs/JASPAR2026_CORE_plants_non-redundant_pfms_meme.txt	MA2371.1	MYB31	YAMCTMCCAACHAMH	9.09e-2	1.00e0	9.27e2	403	206	206	206	4	139	67.48	125	60.68
842	data/reference/motifs/JASPAR2026_CORE_plants_non-redundant_pfms_meme.txt	MA2370.1	MBD2	AGCTD	2.49e-1	1.00e0	9.27e2	412	206	206	206	127	2	0.97	0	0.00
843	data/reference/motifs/JASPAR2026_CORE_plants_non-redundant_pfms_meme.txt	MA2368.1	WRKY51	RGTCAA	1.51e-1	1.00e0	9.27e2	412	206	206	206	75	139	67.48	128	62.14
844	data/reference/motifs/JASPAR2026_CORE_plants_non-redundant_pfms_meme.txt	MA2367.1	WIP5	ACCTGGAGAAMAW	1.69e-1	1.00e0	9.27e2	411	206	206	206	21	7	3.40	3	1.46
845	data/reference/motifs/JASPAR2026_CORE_plants_non-redundant_pfms_meme.txt	MA2366.1	VOZ2	GCGT	1.71e-1	1.00e0	9.27e2	412	206	206	206	65	50	24.27	41	19.90
846	data/reference/motifs/JASPAR2026_CORE_plants_non-redundant_pfms_meme.txt	MA2362.1	TEIL	AGRTWCAT	1.89e-1	1.00e0	9.27e2	412	206	206	206	32	43	20.87	35	16.99
847	data/reference/motifs/JASPAR2026_CORE_plants_non-redundant_pfms_meme.txt	MA2361.1	PRUPE_ppa000682mg	GTACGG	1.62e-1	1.00e0	9.27e2	412	206	206	206	44	102	49.51	91	44.17
848	data/reference/motifs/JASPAR2026_CORE_plants_non-redundant_pfms_meme.txt	MA2357.1	PK21687.1	WAAACCC	9.85e-2	1.00e0	9.27e2	412	206	206	206	45	15	7.28	8	3.88
849	data/reference/motifs/JASPAR2026_CORE_plants_non-redundant_pfms_meme.txt	MA2353.1	PK02532.1	WAATATCT	3.12e-1	1.00e0	9.27e2	403	206	206	206	11	3	1.46	1	0.49
850	data/reference/motifs/JASPAR2026_CORE_plants_non-redundant_pfms_meme.txt	MA2351.1	OsEIL3	AGRTACAT	1.42e-1	1.00e0	9.27e2	411	206	206	206	6	166	80.58	156	75.73
851	data/reference/motifs/JASPAR2026_CORE_plants_non-redundant_pfms_meme.txt	MA2350.1	OsFBH1	CCACTTG	2.51e-1	1.00e0	9.27e2	157	206	206	206	3	6	2.91	3	1.46
852	data/reference/motifs/JASPAR2026_CORE_plants_non-redundant_pfms_meme.txt	MA2349.1	OsCCA1	AATATCT	3.62e-1	1.00e0	9.27e2	412	206	206	206	35	203	98.54	201	97.57
853	data/reference/motifs/JASPAR2026_CORE_plants_non-redundant_pfms_meme.txt	MA2343.1	MYB3R3	CGCCGTTA	1.08e-1	1.00e0	9.27e2	412	206	206	206	8	140	67.96	127	61.65
854	data/reference/motifs/JASPAR2026_CORE_plants_non-redundant_pfms_meme.txt	MA2106.1	Zm00001d024644	CCTTATCC	2.49e-1	1.00e0	9.27e2	412	206	206	206	37	2	0.97	0	0.00
855	data/reference/motifs/JASPAR2026_CORE_plants_non-redundant_pfms_meme.txt	MA2104.1	IDD11	AAAACGACAAAA	1.24e-1	1.00e0	9.27e2	379	206	206	206	9	3	1.46	0	0.00
856	data/reference/motifs/JASPAR2026_CORE_plants_non-redundant_pfms_meme.txt	MA2103.1	AT4G09450	TTATCY	9.81e-2	1.00e0	9.27e2	412	206	206	206	60	68	33.01	55	26.70
857	data/reference/motifs/JASPAR2026_CORE_plants_non-redundant_pfms_meme.txt	MA1800.1	TEM1	GCAACATA	6.57e-1	1.00e0	9.27e2	411	206	206	206	13	3	1.46	3	1.46
858	data/reference/motifs/JASPAR2026_CORE_plants_non-redundant_pfms_meme.txt	MA1797.1	RAV2	GCAACATA	3.12e-1	1.00e0	9.27e2	335	206	206	206	7	3	1.46	1	0.49
859	data/reference/motifs/JASPAR2026_CORE_plants_non-redundant_pfms_meme.txt	MA1792.1	NAC098	CKTGTNNHACACGTHA	3.26e-1	1.00e0	9.27e2	194	206	206	206	3	27	13.11	23	11.17
860	data/reference/motifs/JASPAR2026_CORE_plants_non-redundant_pfms_meme.txt	MA1790.1	NAC073	CTTSWYBHWCAMGYT	1.24e-1	1.00e0	9.27e2	375	206	206	206	11	3	1.46	0	0.00
861	data/reference/motifs/JASPAR2026_CORE_plants_non-redundant_pfms_meme.txt	MA1687.1	ARF14	CGGGGGACAYGTCGGG	3.55e-1	1.00e0	9.27e2	88	206	206	206	2	17	8.25	14	6.80
862	data/reference/motifs/JASPAR2026_CORE_plants_non-redundant_pfms_meme.txt	MA1686.1	ARF13	ARCGGGGGACAYGT	7.54e-1	1.00e0	9.27e2	136	206	206	206	2	17	8.25	20	9.71
863	data/reference/motifs/JASPAR2026_CORE_plants_non-redundant_pfms_meme.txt	MA2090.1	PK26523.1	ATTCY	1.85e-1	1.00e0	9.27e2	412	206	206	206	75	124	60.19	114	55.34
864	data/reference/motifs/JASPAR2026_CORE_plants_non-redundant_pfms_meme.txt	MA2086.1	PK23964.1	KCCACGT	1.42e-1	1.00e0	9.27e2	412	206	206	206	34	6	2.91	2	0.97
865	data/reference/motifs/JASPAR2026_CORE_plants_non-redundant_pfms_meme.txt	MA2082.1	PK20392.1	AATMAT	1.86e-1	1.00e0	9.27e2	412	206	206	206	150	4	1.94	1	0.49
866	data/reference/motifs/JASPAR2026_CORE_plants_non-redundant_pfms_meme.txt	MA2078.1	PK19363.1	CGCCGCCR	1.55e-1	1.00e0	9.27e2	374	206	206	206	5	83	40.29	72	34.95
867	data/reference/motifs/JASPAR2026_CORE_plants_non-redundant_pfms_meme.txt	MA2076.1	PK18401.1	GCACGTGG	1.10e-1	1.00e0	9.27e2	397	206	206	206	6	82	39.81	69	33.50
868	data/reference/motifs/JASPAR2026_CORE_plants_non-redundant_pfms_meme.txt	MA2074.1	PK17878.1	CGCCGCCA	3.71e-1	1.00e0	9.27e2	204	206	206	206	2	60	29.13	56	27.18
869	data/reference/motifs/JASPAR2026_CORE_plants_non-redundant_pfms_meme.txt	MA2072.1	PK16335.1	GACAGCTG	2.25e-1	1.00e0	9.27e2	410	206	206	206	18	5	2.43	2	0.97
870	data/reference/motifs/JASPAR2026_CORE_plants_non-redundant_pfms_meme.txt	MA2068.1	PK10344.1	GGGACCAC	9.62e-1	1.00e0	9.27e2	149	206	206	206	2	21	10.19	32	15.53
871	data/reference/motifs/JASPAR2026_CORE_plants_non-redundant_pfms_meme.txt	MA2066.1	PK09021.1	TGACGTCA	5.91e-1	1.00e0	9.27e2	101	206	206	206	1	50	24.27	51	24.76
872	data/reference/motifs/JASPAR2026_CORE_plants_non-redundant_pfms_meme.txt	MA2063.1	PK07402.1	RCCGMC	1.42e-1	1.00e0	9.27e2	410	206	206	206	13	68	33.01	57	27.67
873	data/reference/motifs/JASPAR2026_CORE_plants_non-redundant_pfms_meme.txt	MA2057.1	PK01630.1	GCACGTG	1.56e-1	1.00e0	9.27e2	411	206	206	206	19	23	11.17	16	7.77
874	data/reference/motifs/JASPAR2026_CORE_plants_non-redundant_pfms_meme.txt	MA2055.1	PK00315.1	GACAGCTR	2.22e-1	1.00e0	9.27e2	412	206	206	206	15	41	19.90	34	16.50
875	data/reference/motifs/JASPAR2026_CORE_plants_non-redundant_pfms_meme.txt	MA1416.1	RAMOSA1	GAGAGAGAGAGAGA	2.25e-1	1.00e0	9.27e2	211	206	206	206	18	5	2.43	2	0.97
876	data/reference/motifs/JASPAR2026_CORE_plants_non-redundant_pfms_meme.txt	MA1402.1	BPC6	CTCTCTCTCTCTCTCTCTCTC	3.28e-1	1.00e0	9.27e2	90	206	206	206	9	12	5.83	9	4.37
877	data/reference/motifs/JASPAR2026_CORE_plants_non-redundant_pfms_meme.txt	MA1380.1	TCX6	WTTTAAATTTTTWAA	3.12e-1	1.00e0	9.27e2	408	206	206	206	1	205	99.51	203	98.54
878	data/reference/motifs/JASPAR2026_CORE_plants_non-redundant_pfms_meme.txt	MA1379.1	SOL1	WTTWAAAATTTAAAW	3.83e-1	1.00e0	9.27e2	408	206	206	206	3	182	88.35	179	86.89
879	data/reference/motifs/JASPAR2026_CORE_plants_non-redundant_pfms_meme.txt	MA1373.1	GAF1	HABWAAACGACAAAA	5.44e-1	1.00e0	9.27e2	323	206	206	206	3	58	28.16	58	28.16
880	data/reference/motifs/JASPAR2026_CORE_plants_non-redundant_pfms_meme.txt	MA1348.1	TGA9	GMTGACGTCAY	2.69e-1	1.00e0	9.27e2	147	206	206	206	1	77	37.38	70	33.98
881	data/reference/motifs/JASPAR2026_CORE_plants_non-redundant_pfms_meme.txt	MA1335.1	TGA4	TGACGTCAKCA	4.50e-1	1.00e0	9.27e2	334	206	206	206	1	168	81.55	166	80.58
882	data/reference/motifs/JASPAR2026_CORE_plants_non-redundant_pfms_meme.txt	MA1328.1	ZHD9	WTWAWHNVYTAATYA	1.07e-1	1.00e0	9.27e2	412	206	206	206	17	46	22.33	35	16.99
883	data/reference/motifs/JASPAR2026_CORE_plants_non-redundant_pfms_meme.txt	MA1324.1	GATA20	ATCSGATC	3.84e-1	1.00e0	9.27e2	352	206	206	206	5	28	13.59	25	12.14
884	data/reference/motifs/JASPAR2026_CORE_plants_non-redundant_pfms_meme.txt	MA1290.1	TCP17	GTGGTCCCCAC	4.22e-1	1.00e0	9.27e2	209	206	206	206	1	106	51.46	103	50.00
885	data/reference/motifs/JASPAR2026_CORE_plants_non-redundant_pfms_meme.txt	MA1274.1	DOF3.6	TTTWCTTTTTHHYTTTTTTTT	1.95e-1	1.00e0	9.27e2	412	206	206	206	18	149	72.33	140	67.96
886	data/reference/motifs/JASPAR2026_CORE_plants_non-redundant_pfms_meme.txt	MA1242.1	DREB2F	CCDCCACCGCC	5.00e-1	1.00e0	9.27e2	199	206	206	206	13	1	0.49	0	0.00
887	data/reference/motifs/JASPAR2026_CORE_plants_non-redundant_pfms_meme.txt	MA1235.1	AIL7	CGNWTYYCGAG	5.00e-1	1.00e0	9.27e2	406	206	206	206	8	53	25.73	52	25.24
888	data/reference/motifs/JASPAR2026_CORE_plants_non-redundant_pfms_meme.txt	MA1225.1	ERF5	CCDCCGCCGCCGCCR	5.00e-1	1.00e0	9.27e2	159	206	206	206	13	2	0.97	1	0.49
889	data/reference/motifs/JASPAR2026_CORE_plants_non-redundant_pfms_meme.txt	MA1222.1	ERF014	CCDCCDCCACCGMCA	5.00e-1	1.00e0	9.27e2	187	206	206	206	6	5	2.43	4	1.94
890	data/reference/motifs/JASPAR2026_CORE_plants_non-redundant_pfms_meme.txt	MA1221.1	RAP2-6	TKGCGGCGGMGGHGG	5.00e-1	1.00e0	9.27e2	149	206	206	206	11	2	0.97	1	0.49
891	data/reference/motifs/JASPAR2026_CORE_plants_non-redundant_pfms_meme.txt	MA1162.1	TCX2	WTTYAAAATTYAAAW	5.00e-1	1.00e0	9.27e2	402	206	206	206	26	1	0.49	0	0.00
892	data/reference/motifs/JASPAR2026_CORE_plants_non-redundant_pfms_meme.txt	MA1161.1	TSO1	WWTTWAAAATTTAAA	3.12e-1	1.00e0	9.27e2	408	206	206	206	1	205	99.51	203	98.54
893	data/reference/motifs/JASPAR2026_CORE_plants_non-redundant_pfms_meme.txt	MA1097.1	ARALYDRAFT_493022	GGSMCCAC	2.63e-1	1.00e0	9.27e2	277	206	206	206	3	41	19.90	35	16.99
894	data/reference/motifs/JASPAR2026_CORE_plants_non-redundant_pfms_meme.txt	MA1096.1	ARALYDRAFT_496250	GGGACCAC	3.76e-1	1.00e0	9.27e2	134	206	206	206	1	69	33.50	65	31.55
895	data/reference/motifs/JASPAR2026_CORE_plants_non-redundant_pfms_meme.txt	MA1091.1	WRKY62	TGGTCAAC	1.16e-1	1.00e0	9.27e2	374	206	206	206	1	191	92.72	183	88.83
896	data/reference/motifs/JASPAR2026_CORE_plants_non-redundant_pfms_meme.txt	MA1075.1	WRKY12	CGTTGACC	1.24e-1	1.00e0	9.27e2	412	206	206	206	21	3	1.46	0	0.00
897	data/reference/motifs/JASPAR2026_CORE_plants_non-redundant_pfms_meme.txt	MA1067.1	TCP5	GGGACCAC	4.61e-1	1.00e0	9.27e2	228	206	206	206	1	115	55.83	113	54.85
898	data/reference/motifs/JASPAR2026_CORE_plants_non-redundant_pfms_meme.txt	MA1051.1	RAP2-3	GCGCCGCC	1.08e-1	1.00e0	9.27e2	355	206	206	206	5	79	38.35	66	32.04
899	data/reference/motifs/JASPAR2026_CORE_plants_non-redundant_pfms_meme.txt	MA1050.1	OsI_08196	GGGCCCAC	3.59e-1	1.00e0	9.27e2	355	206	206	206	7	18	8.74	15	7.28
900	data/reference/motifs/JASPAR2026_CORE_plants_non-redundant_pfms_meme.txt	MA1046.1	NTL9	TTAAGTAAT	5.00e-1	1.00e0	9.27e2	352	206	206	206	7	9	4.37	8	3.88
901	data/reference/motifs/JASPAR2026_CORE_plants_non-redundant_pfms_meme.txt	MA1035.1	TCP4	GGGACCAC	7.04e-1	1.00e0	9.27e2	256	206	206	206	2	60	29.13	64	31.07
902	data/reference/motifs/JASPAR2026_CORE_plants_non-redundant_pfms_meme.txt	MA1034.1	Os05g0497200	CGSCGCCR	5.00e-1	1.00e0	9.27e2	109	206	206	206	13	1	0.49	0	0.00
903	data/reference/motifs/JASPAR2026_CORE_plants_non-redundant_pfms_meme.txt	MA1033.1	OJ1058_F05.8	MCACGTGK	4.21e-1	1.00e0	9.27e2	243	206	206	206	2	123	59.71	120	58.25
904	data/reference/motifs/JASPAR2026_CORE_plants_non-redundant_pfms_meme.txt	MA1023.1	PHYPADRAFT_28324	KGTCGGTG	5.00e-1	1.00e0	9.27e2	111	206	206	206	1	56	27.18	55	26.70
905	data/reference/motifs/JASPAR2026_CORE_plants_non-redundant_pfms_meme.txt	MA1014.1	GATA11	TAGATCTG	2.49e-1	1.00e0	9.27e2	253	206	206	206	11	2	0.97	0	0.00
906	data/reference/motifs/JASPAR2026_CORE_plants_non-redundant_pfms_meme.txt	MA1013.1	GATA10	TAGATCTG	3.11e-1	1.00e0	9.27e2	323	206	206	206	12	10	4.85	7	3.40
907	data/reference/motifs/JASPAR2026_CORE_plants_non-redundant_pfms_meme.txt	MA1009.1	ARF3	TGTCGGAA	2.08e-1	1.00e0	9.27e2	398	206	206	206	1	201	97.57	197	95.63
908	data/reference/motifs/JASPAR2026_CORE_plants_non-redundant_pfms_meme.txt	MA1007.1	PHYPADRAFT_173530	TGTCGGTG	2.75e-1	1.00e0	9.27e2	177	206	206	206	1	92	44.66	85	41.26
909	data/reference/motifs/JASPAR2026_CORE_plants_non-redundant_pfms_meme.txt	MA0986.1	DREB2C	CACCGACA	2.28e-1	1.00e0	9.27e2	388	206	206	206	3	146	70.87	138	66.99
910	data/reference/motifs/JASPAR2026_CORE_plants_non-redundant_pfms_meme.txt	MA0978.1	DREB1E	ATGTCGGC	2.49e-1	1.00e0	9.27e2	301	206	206	206	9	2	0.97	0	0.00
911	data/reference/motifs/JASPAR2026_CORE_plants_non-redundant_pfms_meme.txt	MA0975.1	CRF2	SCGCCGCC	3.83e-1	1.00e0	9.27e2	224	206	206	206	1	114	55.34	110	53.40
912	data/reference/motifs/JASPAR2026_CORE_plants_non-redundant_pfms_meme.txt	MA0963.1	bHLH78	GCACGTGC	3.93e-1	1.00e0	9.27e2	185	206	206	206	6	8	3.88	6	2.91
913	data/reference/motifs/JASPAR2026_CORE_plants_non-redundant_pfms_meme.txt	MA0960.1	BHLH104	GGCACGTGCC	4.45e-1	1.00e0	9.27e2	62	206	206	206	2	32	15.53	30	14.56
914	data/reference/motifs/JASPAR2026_CORE_plants_non-redundant_pfms_meme.txt	MA0957.1	BHLH3	GCACGTGC	1.75e-1	1.00e0	9.27e2	377	206	206	206	10	52	25.24	43	20.87
915	data/reference/motifs/JASPAR2026_CORE_plants_non-redundant_pfms_meme.txt	MA0952.1	ATHB-51	AATWATTG	1.24e-1	1.00e0	9.27e2	412	206	206	206	45	3	1.46	0	0.00
916	data/reference/motifs/JASPAR2026_CORE_plants_non-redundant_pfms_meme.txt	MA0951.1	ATHB-16	TAATMATT	5.00e-1	1.00e0	9.27e2	412	206	206	206	4	201	97.57	200	97.09
917	data/reference/motifs/JASPAR2026_CORE_plants_non-redundant_pfms_meme.txt	MA0947.1	ARR14	AGATWCGS	1.19e-1	1.00e0	9.27e2	394	206	206	206	5	68	33.01	56	27.18
918	data/reference/motifs/JASPAR2026_CORE_plants_non-redundant_pfms_meme.txt	MA0946.1	ARR11	AAGATACG	1.92e-1	1.00e0	9.27e2	410	206	206	206	11	21	10.19	15	7.28
919	data/reference/motifs/JASPAR2026_CORE_plants_non-redundant_pfms_meme.txt	MA0939.1	NAC079	ACACGCAA	1.22e-1	1.00e0	9.27e2	347	206	206	206	5	24	11.65	16	7.77
920	data/reference/motifs/JASPAR2026_CORE_plants_non-redundant_pfms_meme.txt	MA0937.1	NAC055	ACACGTAA	9.85e-2	1.00e0	9.27e2	411	206	206	206	16	26	12.62	17	8.25
921	data/reference/motifs/JASPAR2026_CORE_plants_non-redundant_pfms_meme.txt	MA0935.1	NAC025	YACGTAAY	2.46e-1	1.00e0	9.27e2	343	206	206	206	6	12	5.83	8	3.88
922	data/reference/motifs/JASPAR2026_CORE_plants_non-redundant_pfms_meme.txt	MA0934.1	AHL25	AWTTAAWT	8.89e-2	1.00e0	9.27e2	412	206	206	206	236	14	6.80	7	3.40
923	data/reference/motifs/JASPAR2026_CORE_plants_non-redundant_pfms_meme.txt	MA0933.1	AHL20	AATTAAWT	1.87e-1	1.00e0	9.27e2	412	206	206	206	130	100	48.54	90	43.69
924	data/reference/motifs/JASPAR2026_CORE_plants_non-redundant_pfms_meme.txt	MA0932.1	AHL12	AAWWWWTT	1.83e-1	1.00e0	9.27e2	412	206	206	206	164	158	76.70	149	72.33
925	data/reference/motifs/JASPAR2026_CORE_plants_non-redundant_pfms_meme.txt	MA0129.1	TGA1A	HACGTCA	1.86e-1	1.00e0	9.27e2	412	206	206	206	30	4	1.94	1	0.49
926	data/reference/motifs/JASPAR2026_CORE_plants_non-redundant_pfms_meme.txt	MA0097.1	bZIP911	GRTGACGTGGMC	8.89e-1	1.00e0	9.27e2	36	206	206	206	1	15	7.28	21	10.19
927	data/reference/motifs/JASPAR2026_CORE_plants_non-redundant_pfms_meme.txt	MA0096.1	bZIP910	MTGACGT	3.09e-1	1.00e0	9.27e2	174	206	206	206	1	90	43.69	84	40.78

# AME (Analysis of Motif Enrichment): Version 5.5.9 compiled on May 27 2026 at 12:40:54
# The format of this file is described at https://meme-suite.org/meme/doc/ame-output-format.html.
# ame --verbose 1 --text --control results/evidence/motifs/inputs/backgrounds/2000/replicate_050.fa --method fisher --scoring totalhits --hit-lo-fraction 0.25 --evalue-report-threshold 1000000 --noseq results/evidence/motifs/inputs/frozen_candidates_2000bp.fa data/reference/motifs/JASPAR2026_CORE_plants_non-redundant_pfms_meme.txt
