2	data/reference/motifs/JASPAR2026_CORE_plants_non-redundant_pfms_meme.txt	MA0950.1	ATHB-12	AATGATTG	3.18e-4	1.23e-1	1.14e2	412	206	206	206	14	202	98.06	185	89.81
3	data/reference/motifs/JASPAR2026_CORE_plants_non-redundant_pfms_meme.txt	MA0110.4	ATHB-5	CAATCATT	8.77e-4	3.03e-1	2.81e2	412	206	206	206	13	175	84.95	148	71.84
4	data/reference/motifs/JASPAR2026_CORE_plants_non-redundant_pfms_meme.txt	MA1016.2	GATA15	GATC	1.05e-3	3.52e-1	3.26e2	412	206	206	206	69	46	22.33	22	10.68
5	data/reference/motifs/JASPAR2026_CORE_plants_non-redundant_pfms_meme.txt	MA2434.1	SPL16A	AGCGGTAGTAC	2.72e-3	4.63e-1	4.29e2	229	206	206	206	1	129	62.62	100	48.54
6	data/reference/motifs/JASPAR2026_CORE_plants_non-redundant_pfms_meme.txt	MA1241.2	ERF043	CCACCGACA	1.39e-2	5.31e-1	4.92e2	54	206	206	206	1	35	16.99	19	9.22
7	data/reference/motifs/JASPAR2026_CORE_plants_non-redundant_pfms_meme.txt	MA0574.1	MYB15	CRACGGTAGGTGG	2.62e-2	5.37e-1	4.98e2	29	206	206	206	1	20	9.71	9	4.37
8	data/reference/motifs/JASPAR2026_CORE_plants_non-redundant_pfms_meme.txt	MA2034.2	NAC057	CAAGTAA	1.88e-3	5.40e-1	5.00e2	412	206	206	206	5	199	96.60	183	88.83
9	data/reference/motifs/JASPAR2026_CORE_plants_non-redundant_pfms_meme.txt	MA1021.2	PHYPADRAFT_48267	CACGTGC	3.64e-3	5.80e-1	5.38e2	238	206	206	206	6	8	3.88	0	0.00
10	data/reference/motifs/JASPAR2026_CORE_plants_non-redundant_pfms_meme.txt	MA1336.2	TGA3	RTGACGTCAKC	1.61e-2	6.62e-1	6.14e2	67	206	206	206	1	42	20.39	25	12.14
11	data/reference/motifs/JASPAR2026_CORE_plants_non-redundant_pfms_meme.txt	MA1044.2	NAC92	RCAMGCCA	2.71e-3	6.73e-1	6.24e2	412	206	206	206	12	77	37.38	50	24.27
12	data/reference/motifs/JASPAR2026_CORE_plants_non-redundant_pfms_meme.txt	MA2450.1	SPL7A	GTACTACCGCT	4.96e-3	6.76e-1	6.27e2	227	206	206	206	1	127	61.65	100	48.54
13	data/reference/motifs/JASPAR2026_CORE_plants_non-redundant_pfms_meme.txt	MA1674.3	NAC017	CAAGTAA	3.20e-3	7.33e-1	6.79e2	412	206	206	206	4	204	99.03	193	93.69
14	data/reference/motifs/JASPAR2026_CORE_plants_non-redundant_pfms_meme.txt	MA1024.2	HAT1	YAATCATK	3.36e-3	7.37e-1	6.83e2	397	206	206	206	2	187	90.78	167	81.07
15	data/reference/motifs/JASPAR2026_CORE_plants_non-redundant_pfms_meme.txt	MA2744.1	SlWRKY40	AAAGTCAA	3.58e-3	7.71e-1	7.14e2	411	206	206	206	9	54	26.21	31	15.05
16	data/reference/motifs/JASPAR2026_CORE_plants_non-redundant_pfms_meme.txt	MA2348.1	IDD6	TTTTTGTCGTTTTSTK	7.42e-3	7.83e-1	7.26e2	206	206	206	206	4	7	3.40	0	0.00
17	data/reference/motifs/JASPAR2026_CORE_plants_non-redundant_pfms_meme.txt	MA1160.2	IDD6	TTTTTGTCGTTTTSTK	7.42e-3	7.91e-1	7.33e2	211	206	206	206	4	7	3.40	0	0.00
18	data/reference/motifs/JASPAR2026_CORE_plants_non-redundant_pfms_meme.txt	MA2498.1	LSH1	AAACAGTG	3.96e-3	8.02e-1	7.44e2	409	206	206	206	6	143	69.42	116	56.31
19	data/reference/motifs/JASPAR2026_CORE_plants_non-redundant_pfms_meme.txt	MA1283.2	TCP14	ADAGVDBGTGGGDCCCAC	1.69e-1	8.43e-1	7.81e2	10	206	206	206	1	7	3.40	3	1.46
20	data/reference/motifs/JASPAR2026_CORE_plants_non-redundant_pfms_meme.txt	MA1374.2	IDD7	ASAAAACGACAAAA	9.22e-3	8.56e-1	7.93e2	210	206	206	206	2	45	21.84	26	12.62
21	data/reference/motifs/JASPAR2026_CORE_plants_non-redundant_pfms_meme.txt	MA2659.1	GLYMA-08G281200	YTTGACTAATTAGGGTTWAKKGDT	1.14e-1	8.86e-1	8.21e2	18	206	206	206	1	12	5.83	6	2.91
22	data/reference/motifs/JASPAR2026_CORE_plants_non-redundant_pfms_meme.txt	MA2052.2	ZAT6	AATGATTG	5.48e-3	8.96e-1	8.30e2	412	206	206	206	12	168	81.55	145	70.39
23	data/reference/motifs/JASPAR2026_CORE_plants_non-redundant_pfms_meme.txt	MA1774.2	MYB60	YCAACYACYT	6.64e-3	9.10e-1	8.44e2	363	206	206	206	5	41	19.90	22	10.68
24	data/reference/motifs/JASPAR2026_CORE_plants_non-redundant_pfms_meme.txt	MA0959.1	AIB	GCACGTGC	1.51e-2	9.19e-1	8.52e2	167	206	206	206	8	6	2.91	0	0.00
25	data/reference/motifs/JASPAR2026_CORE_plants_non-redundant_pfms_meme.txt	MA2406.1	PK03576.1	CACGTGC	6.17e-2	9.35e-1	8.67e2	43	206	206	206	2	15	7.28	7	3.40
26	data/reference/motifs/JASPAR2026_CORE_plants_non-redundant_pfms_meme.txt	MA2669.1	GLYMA-04G231400	CAATAATTGATT	7.74e-3	9.36e-1	8.67e2	354	206	206	206	1	186	90.29	168	81.55
27	data/reference/motifs/JASPAR2026_CORE_plants_non-redundant_pfms_meme.txt	MA2018.2	NAC69	ACAAGGCA	6.85e-3	9.39e-1	8.70e2	407	206	206	206	8	52	25.24	31	15.05
28	data/reference/motifs/JASPAR2026_CORE_plants_non-redundant_pfms_meme.txt	MA1357.2	bHLH80	TGCAAGTKG	2.88e-2	9.44e-1	8.75e2	100	206	206	206	2	14	6.80	5	2.43
29	data/reference/motifs/JASPAR2026_CORE_plants_non-redundant_pfms_meme.txt	MA1061.2	SPT	CCACGTG	7.44e-3	9.47e-1	8.78e2	396	206	206	206	11	26	12.62	11	5.34
30	data/reference/motifs/JASPAR2026_CORE_plants_non-redundant_pfms_meme.txt	MA2746.1	HB-HD-ZIP-2A-2	WTGCAATCATT	7.29e-3	9.48e-1	8.79e2	406	206	206	206	3	174	84.47	153	74.27
31	data/reference/motifs/JASPAR2026_CORE_plants_non-redundant_pfms_meme.txt	MA2672.1	GLYMA-01G233000	AGAASCTTCT	9.71e-3	9.60e-1	8.90e2	331	206	206	206	6	21	10.19	8	3.88
32	data/reference/motifs/JASPAR2026_CORE_plants_non-redundant_pfms_meme.txt	MA1204.1	AGL13	TTWCCAAAAAWRGWAAAW	2.68e-2	9.65e-1	8.94e2	125	206	206	206	1	72	34.95	53	25.73
33	data/reference/motifs/JASPAR2026_CORE_plants_non-redundant_pfms_meme.txt	MA0975.1	CRF2	SCGCCGCC	3.33e-2	9.65e-1	8.95e2	101	206	206	206	1	59	28.64	42	20.39
34	data/reference/motifs/JASPAR2026_CORE_plants_non-redundant_pfms_meme.txt	MA1356.1	TRP2	AACCCTAAACCCTAAACCCTA	5.00e-1	9.69e-1	8.98e2	5	206	206	206	1	3	1.46	2	0.97
35	data/reference/motifs/JASPAR2026_CORE_plants_non-redundant_pfms_meme.txt	MA2743.1	SlWRKY23	AAAGTCAAM	9.31e-3	9.75e-1	9.04e2	396	206	206	206	2	184	89.32	166	80.58
36	data/reference/motifs/JASPAR2026_CORE_plants_non-redundant_pfms_meme.txt	MA1205.1	AGL6	TTWCCAAAAAWGGAAAAWW	2.27e-2	9.79e-1	9.08e2	171	206	206	206	1	96	46.60	75	36.41
37	data/reference/motifs/JASPAR2026_CORE_plants_non-redundant_pfms_meme.txt	MA2723.1	Solyc06g060230	ACACGTCTCT	1.00e-2	9.79e-1	9.08e2	388	206	206	206	9	9	4.37	1	0.49
38	data/reference/motifs/JASPAR2026_CORE_plants_non-redundant_pfms_meme.txt	MA2417.1	EREB71	CACCGVCYMC	1.85e-2	9.83e-1	9.11e2	220	206	206	206	6	8	3.88	1	0.49
39	data/reference/motifs/JASPAR2026_CORE_plants_non-redundant_pfms_meme.txt	MA1784.1	NAC011	GTTGCTTSWNHHDCAAGYAAC	1.42e-1	9.84e-1	9.12e2	27	206	206	206	2	6	2.91	2	0.97
40	data/reference/motifs/JASPAR2026_CORE_plants_non-redundant_pfms_meme.txt	MA1412.2	TSAR2	GCACGTGC	3.05e-2	9.87e-1	9.15e2	142	206	206	206	8	5	2.43	0	0.00
41	data/reference/motifs/JASPAR2026_CORE_plants_non-redundant_pfms_meme.txt	MA1156.2	JKD	TTTTGTCKTTTT	1.29e-2	9.88e-1	9.16e2	345	206	206	206	4	39	18.93	22	10.68
42	data/reference/motifs/JASPAR2026_CORE_plants_non-redundant_pfms_meme.txt	MA1161.1	TSO1	WWTTWAAAATTTAAA	1.21e-2	9.91e-1	9.18e2	386	206	206	206	1	199	96.60	187	90.78
43	data/reference/motifs/JASPAR2026_CORE_plants_non-redundant_pfms_meme.txt	MA2615.1	ereb109	CGCCGCC	3.75e-1	9.91e-1	9.19e2	10	206	206	206	1	6	2.91	4	1.94
44	data/reference/motifs/JASPAR2026_CORE_plants_non-redundant_pfms_meme.txt	MA1688.2	ARF16	CAAGACAAGA	1.20e-2	9.92e-1	9.20e2	408	206	206	206	9	86	41.75	63	30.58
45	data/reference/motifs/JASPAR2026_CORE_plants_non-redundant_pfms_meme.txt	MA2622.1	hb34	CAATAATTG	1.19e-2	9.93e-1	9.20e2	412	206	206	206	14	49	23.79	30	14.56
46	data/reference/motifs/JASPAR2026_CORE_plants_non-redundant_pfms_meme.txt	MA2664.1	GLYMA-03G162700	GGYGGYGGCGGCGGMGGCGGYGG	2.08e-1	9.94e-1	9.22e2	22	206	206	206	3	9	4.37	5	2.43
47	data/reference/motifs/JASPAR2026_CORE_plants_non-redundant_pfms_meme.txt	MA2088.1	PK24580.1	GCCGGCA	1.08e-1	9.95e-1	9.22e2	46	206	206	206	3	5	2.43	1	0.49
48	data/reference/motifs/JASPAR2026_CORE_plants_non-redundant_pfms_meme.txt	MA2067.1	PK09702.1	GCACGTGR	1.24e-1	9.97e-1	9.24e2	43	206	206	206	4	3	1.46	0	0.00
49	data/reference/motifs/JASPAR2026_CORE_plants_non-redundant_pfms_meme.txt	MA1682.2	TCX3	AAATTCAAATWT	1.50e-2	9.98e-1	9.25e2	406	206	206	206	6	111	53.88	88	42.72
50	data/reference/motifs/JASPAR2026_CORE_plants_non-redundant_pfms_meme.txt	MA2729.1	vahox1	AAATAATTG	1.50e-2	9.98e-1	9.25e2	406	206	206	206	13	41	19.90	24	11.65
51	data/reference/motifs/JASPAR2026_CORE_plants_non-redundant_pfms_meme.txt	MA2621.1	glk25	TGATTCCA	1.50e-2	9.98e-1	9.25e2	411	206	206	206	9	118	57.28	95	46.12
52	data/reference/motifs/JASPAR2026_CORE_plants_non-redundant_pfms_meme.txt	MA1039.1	MYB4	GGTWGGTR	1.51e-2	9.98e-1	9.25e2	412	206	206	206	17	6	2.91	0	0.00
53	data/reference/motifs/JASPAR2026_CORE_plants_non-redundant_pfms_meme.txt	MA2610.1	ereb97	CGCCGCCGCC	5.00e-1	9.98e-1	9.25e2	9	206	206	206	1	5	2.43	4	1.94
54	data/reference/motifs/JASPAR2026_CORE_plants_non-redundant_pfms_meme.txt	MA1832.2	Zm00001d002364	CGCCGCCGCC	5.00e-1	9.98e-1	9.25e2	9	206	206	206	1	5	2.43	4	1.94
55	data/reference/motifs/JASPAR2026_CORE_plants_non-redundant_pfms_meme.txt	MA1818.1	Zm00001d052229	CGCCGCCGCC	5.00e-1	9.98e-1	9.25e2	9	206	206	206	1	5	2.43	4	1.94
56	data/reference/motifs/JASPAR2026_CORE_plants_non-redundant_pfms_meme.txt	MA1767.2	MYB23	CAACWA	1.54e-2	9.98e-1	9.25e2	407	206	206	206	6	85	41.26	63	30.58
57	data/reference/motifs/JASPAR2026_CORE_plants_non-redundant_pfms_meme.txt	MA2376.1	CAMTA5	CGYGTNDDAWVCGYGT	2.94e-2	9.99e-1	9.26e2	222	206	206	206	3	47	22.82	31	15.05
58	data/reference/motifs/JASPAR2026_CORE_plants_non-redundant_pfms_meme.txt	MA0560.2	PIF3	CCACGTG	3.78e-2	9.99e-1	9.26e2	173	206	206	206	2	54	26.21	38	18.45
59	data/reference/motifs/JASPAR2026_CORE_plants_non-redundant_pfms_meme.txt	MA2393.1	PHYPA_008731	CACGTGC	3.78e-2	9.99e-1	9.26e2	173	206	206	206	2	54	26.21	38	18.45
60	data/reference/motifs/JASPAR2026_CORE_plants_non-redundant_pfms_meme.txt	MA1210.3	HAT22	CAATAATTG	1.66e-2	9.99e-1	9.26e2	412	206	206	206	7	138	66.99	116	56.31
61	data/reference/motifs/JASPAR2026_CORE_plants_non-redundant_pfms_meme.txt	MA2671.1	GLYMA-19G100900	AGCATGCT	2.32e-2	9.99e-1	9.26e2	301	206	206	206	4	99	48.06	78	37.86
62	data/reference/motifs/JASPAR2026_CORE_plants_non-redundant_pfms_meme.txt	MA2755.1	hsftf24	ACTAGAAGCTTCTGGAA	4.31e-2	9.99e-1	9.26e2	162	206	206	206	1	90	43.69	72	34.95
63	data/reference/motifs/JASPAR2026_CORE_plants_non-redundant_pfms_meme.txt	MA0958.1	BHLH13	RCACGTGC	3.05e-2	9.99e-1	9.26e2	233	206	206	206	9	5	2.43	0	0.00
64	data/reference/motifs/JASPAR2026_CORE_plants_non-redundant_pfms_meme.txt	MA2085.1	PK23763.1	CTTTW	1.77e-2	9.99e-1	9.26e2	412	206	206	206	37	197	95.63	185	89.81
65	data/reference/motifs/JASPAR2026_CORE_plants_non-redundant_pfms_meme.txt	MA2758.1	ereb122	CCGACCA	1.85e-2	9.99e-1	9.26e2	401	206	206	206	5	102	49.51	80	38.83
66	data/reference/motifs/JASPAR2026_CORE_plants_non-redundant_pfms_meme.txt	MA0552.2	PIF1	CACGTG	3.80e-2	1.00e0	9.27e2	201	206	206	206	1	110	53.40	91	44.17
67	data/reference/motifs/JASPAR2026_CORE_plants_non-redundant_pfms_meme.txt	MA1027.2	KAN1	WTATTC	2.01e-2	1.00e0	9.27e2	412	206	206	206	67	61	29.61	42	20.39
68	data/reference/motifs/JASPAR2026_CORE_plants_non-redundant_pfms_meme.txt	MA1677.2	NAC078	CAAGAAA	2.04e-2	1.00e0	9.27e2	410	206	206	206	10	40	19.42	24	11.65
69	data/reference/motifs/JASPAR2026_CORE_plants_non-redundant_pfms_meme.txt	MA2611.1	ereb209	GCGCCGC	8.14e-1	1.00e0	9.27e2	5	206	206	206	1	2	0.97	3	1.46
70	data/reference/motifs/JASPAR2026_CORE_plants_non-redundant_pfms_meme.txt	MA1698.2	ARF7	GCCGACAAG	2.65e-2	1.00e0	9.27e2	326	206	206	206	5	33	16.02	19	9.22
71	data/reference/motifs/JASPAR2026_CORE_plants_non-redundant_pfms_meme.txt	MA1697.2	ARF4	ACGACAAG	2.14e-2	1.00e0	9.27e2	404	206	206	206	6	90	43.69	69	33.50
72	data/reference/motifs/JASPAR2026_CORE_plants_non-redundant_pfms_meme.txt	MA2654.1	GLYMA-05G127600	GGTCAAC	2.13e-2	1.00e0	9.27e2	406	206	206	206	4	176	85.44	159	77.18
73	data/reference/motifs/JASPAR2026_CORE_plants_non-redundant_pfms_meme.txt	MA0576.2	RAX3	GGGGGTAGGTGS	1.69e-1	1.00e0	9.27e2	47	206	206	206	2	7	3.40	3	1.46
74	data/reference/motifs/JASPAR2026_CORE_plants_non-redundant_pfms_meme.txt	MA1065.3	TCP20	GTGGGWCCCAC	6.09e-2	1.00e0	9.27e2	143	206	206	206	5	6	2.91	1	0.49
75	data/reference/motifs/JASPAR2026_CORE_plants_non-redundant_pfms_meme.txt	MA1810.2	GLYMA-08G357600	ATGCATGCA	2.36e-2	1.00e0	9.27e2	370	206	206	206	10	27	13.11	14	6.80
76	data/reference/motifs/JASPAR2026_CORE_plants_non-redundant_pfms_meme.txt	MA2736.1	la3	AACACGTG	2.57e-2	1.00e0	9.27e2	342	206	206	206	6	38	18.45	23	11.17
77	data/reference/motifs/JASPAR2026_CORE_plants_non-redundant_pfms_meme.txt	MA0954.3	ATHB-7	TCAATGATTGR	2.45e-2	1.00e0	9.27e2	362	206	206	206	1	188	91.26	174	84.47
78	data/reference/motifs/JASPAR2026_CORE_plants_non-redundant_pfms_meme.txt	MA0548.3	AGL15	TTTCCWTTTTDGGWAA	4.67e-2	1.00e0	9.27e2	196	206	206	206	1	107	51.94	89	43.20
79	data/reference/motifs/JASPAR2026_CORE_plants_non-redundant_pfms_meme.txt	MA2038.2	NAC103	CAAGTTA	2.25e-2	1.00e0	9.27e2	412	206	206	206	14	31	15.05	17	8.25
80	data/reference/motifs/JASPAR2026_CORE_plants_non-redundant_pfms_meme.txt	MA1403.1	BPC5	AGAGAGAGAGAGAGAGAGAGAGAGAGAGAG	4.05e-1	1.00e0	9.27e2	18	206	206	206	1	10	4.85	8	3.88
81	data/reference/motifs/JASPAR2026_CORE_plants_non-redundant_pfms_meme.txt	MA0589.2	WRKY1	TTGACCGAGY	4.68e-2	1.00e0	9.27e2	200	206	206	206	1	109	52.91	91	44.17
82	data/reference/motifs/JASPAR2026_CORE_plants_non-redundant_pfms_meme.txt	MA2735.1	SlbHLH014	GMCACGTGBC	5.25e-2	1.00e0	9.27e2	179	206	206	206	5	8	3.88	2	0.97
83	data/reference/motifs/JASPAR2026_CORE_plants_non-redundant_pfms_meme.txt	MA1749.1	E2FC	AWDWWGGCGCCAAAA	2.49e-1	1.00e0	9.27e2	33	206	206	206	2	2	0.97	0	0.00
84	data/reference/motifs/JASPAR2026_CORE_plants_non-redundant_pfms_meme.txt	MA0581.2	LEC2	CATGCR	3.05e-2	1.00e0	9.27e2	315	206	206	206	3	56	27.18	39	18.93
85	data/reference/motifs/JASPAR2026_CORE_plants_non-redundant_pfms_meme.txt	MA2422.1	OsbZIP42	TGMCACGTCA	2.88e-2	1.00e0	9.27e2	337	206	206	206	6	14	6.80	5	2.43
86	data/reference/motifs/JASPAR2026_CORE_plants_non-redundant_pfms_meme.txt	MA0566.2	MYC2	AACACGTGA	2.65e-2	1.00e0	9.27e2	372	206	206	206	8	33	16.02	19	9.22
87	data/reference/motifs/JASPAR2026_CORE_plants_non-redundant_pfms_meme.txt	MA1267.2	DOF5.8	TTTTTHYTTTTTACTTTTT	2.45e-2	1.00e0	9.27e2	411	206	206	206	4	173	83.98	156	75.73
88	data/reference/motifs/JASPAR2026_CORE_plants_non-redundant_pfms_meme.txt	MA2673.1	GLYMA-15G086400	WTCTAGAAMCTTCTAGAR	9.85e-2	1.00e0	9.27e2	98	206	206	206	2	20	9.71	12	5.83
89	data/reference/motifs/JASPAR2026_CORE_plants_non-redundant_pfms_meme.txt	MA2043.2	NAC004	CAAGAAA	2.51e-2	1.00e0	9.27e2	410	206	206	206	9	83	40.29	63	30.58
90	data/reference/motifs/JASPAR2026_CORE_plants_non-redundant_pfms_meme.txt	MA2658.1	GLYMA-19G094100	ATTGACTTW	2.56e-2	1.00e0	9.27e2	403	206	206	206	3	178	86.41	162	78.64
91	data/reference/motifs/JASPAR2026_CORE_plants_non-redundant_pfms_meme.txt	MA1291.1	TCP7	GTGGGRCCCAC	9.85e-2	1.00e0	9.27e2	105	206	206	206	2	20	9.71	12	5.83
92	data/reference/motifs/JASPAR2026_CORE_plants_non-redundant_pfms_meme.txt	MA1059.3	SPL5	TGTACGGAH	3.40e-1	1.00e0	9.27e2	25	206	206	206	1	14	6.80	11	5.34
93	data/reference/motifs/JASPAR2026_CORE_plants_non-redundant_pfms_meme.txt	MA1686.1	ARF13	ARCGGGGGACAYGT	1.24e-1	1.00e0	9.27e2	79	206	206	206	3	3	1.46	0	0.00
94	data/reference/motifs/JASPAR2026_CORE_plants_non-redundant_pfms_meme.txt	MA0562.1	PIF5	TCACGTGS	1.14e-1	1.00e0	9.27e2	87	206	206	206	1	49	23.79	38	18.45
95	data/reference/motifs/JASPAR2026_CORE_plants_non-redundant_pfms_meme.txt	MA2476.1	KNAT7	TGACRKCT	3.82e-2	1.00e0	9.27e2	277	206	206	206	4	19	9.22	9	4.37
96	data/reference/motifs/JASPAR2026_CORE_plants_non-redundant_pfms_meme.txt	MA0962.2	bHLH34	GCACGTG	3.99e-2	1.00e0	9.27e2	266	206	206	206	2	82	39.81	64	31.07
97	data/reference/motifs/JASPAR2026_CORE_plants_non-redundant_pfms_meme.txt	MA1208.2	GT-2	WTTTTTACCGY	2.66e-2	1.00e0	9.27e2	410	206	206	206	11	11	5.34	3	1.46
98	data/reference/motifs/JASPAR2026_CORE_plants_non-redundant_pfms_meme.txt	MA1086.2	WRKY43	RGTCAA	2.66e-2	1.00e0	9.27e2	412	206	206	206	21	203	98.54	195	94.66
99	data/reference/motifs/JASPAR2026_CORE_plants_non-redundant_pfms_meme.txt	MA1358.2	bHLH130	CMACTTGC	5.30e-2	1.00e0	9.27e2	212	206	206	206	3	22	10.68	12	5.83
100	data/reference/motifs/JASPAR2026_CORE_plants_non-redundant_pfms_meme.txt	MA2748.1	TraesCS6B02G321100	CAATTATTG	2.88e-2	1.00e0	9.27e2	393	206	206	206	1	201	97.57	192	93.20
101	data/reference/motifs/JASPAR2026_CORE_plants_non-redundant_pfms_meme.txt	MA1032.2	DREB1G	TGCCGACA	1.17e-1	1.00e0	9.27e2	91	206	206	206	1	51	24.76	40	19.42
102	data/reference/motifs/JASPAR2026_CORE_plants_non-redundant_pfms_meme.txt	MA1738.1	ATMYB31	YAMCTMCCAACHAMH	3.36e-2	1.00e0	9.27e2	341	206	206	206	1	178	86.41	163	79.13
103	data/reference/motifs/JASPAR2026_CORE_plants_non-redundant_pfms_meme.txt	MA2371.1	MYB31	YAMCTMCCAACHAMH	3.36e-2	1.00e0	9.27e2	341	206	206	206	1	178	86.41	163	79.13
104	data/reference/motifs/JASPAR2026_CORE_plants_non-redundant_pfms_meme.txt	MA1415.2	REF6	RAAACAGAG	3.55e-2	1.00e0	9.27e2	324	206	206	206	1	170	82.52	154	74.76
105	data/reference/motifs/JASPAR2026_CORE_plants_non-redundant_pfms_meme.txt	MA1257.2	ERF9	GGCGGHKRYGGCGGCGGMG	1.92e-1	1.00e0	9.27e2	55	206	206	206	1	31	15.05	24	11.65
106	data/reference/motifs/JASPAR2026_CORE_plants_non-redundant_pfms_meme.txt	MA2655.1	GLYMA-08G218600	AAAAGTCAA	2.88e-2	1.00e0	9.27e2	410	206	206	206	3	201	97.57	192	93.20
107	data/reference/motifs/JASPAR2026_CORE_plants_non-redundant_pfms_meme.txt	MA1809.2	GLYMA-07G038400	CTGACAC	2.88e-2	1.00e0	9.27e2	410	206	206	206	3	201	97.57	192	93.20
108	data/reference/motifs/JASPAR2026_CORE_plants_non-redundant_pfms_meme.txt	MA0945.2	ARR1	RDATCT	2.88e-2	1.00e0	9.27e2	412	206	206	206	51	14	6.80	5	2.43
109	data/reference/motifs/JASPAR2026_CORE_plants_non-redundant_pfms_meme.txt	MA1223.2	ERF035	TGTCGGTGG	2.21e-1	1.00e0	9.27e2	48	206	206	206	1	27	13.11	21	10.19
110	data/reference/motifs/JASPAR2026_CORE_plants_non-redundant_pfms_meme.txt	MA2728.1	SolycHsfC1	RGAAGTTTCTAG	4.52e-2	1.00e0	9.27e2	268	206	206	206	3	30	14.56	18	8.74
111	data/reference/motifs/JASPAR2026_CORE_plants_non-redundant_pfms_meme.txt	MA2650.1	GLYMA-05G027400	GTGGGCCCCAC	8.74e-2	1.00e0	9.27e2	140	206	206	206	4	7	3.40	2	0.97
112	data/reference/motifs/JASPAR2026_CORE_plants_non-redundant_pfms_meme.txt	MA1388.2	PHL2	VGAATMT	3.05e-2	1.00e0	9.27e2	403	206	206	206	10	5	2.43	0	0.00
113	data/reference/motifs/JASPAR2026_CORE_plants_non-redundant_pfms_meme.txt	MA2741.1	SlWRKY7	AAAAAGTCAACC	4.20e-2	1.00e0	9.27e2	294	206	206	206	4	16	7.77	7	3.40
114	data/reference/motifs/JASPAR2026_CORE_plants_non-redundant_pfms_meme.txt	MA2500.1	LSH3	TTACTGTTCAT	3.10e-2	1.00e0	9.27e2	400	206	206	206	2	189	91.75	176	85.44
115	data/reference/motifs/JASPAR2026_CORE_plants_non-redundant_pfms_meme.txt	MA2023.2	PHL4	RGAATATTCC	6.17e-2	1.00e0	9.27e2	203	206	206	206	4	15	7.28	7	3.40
116	data/reference/motifs/JASPAR2026_CORE_plants_non-redundant_pfms_meme.txt	MA0563.2	SEP3	CYWTTTTTGG	3.05e-2	1.00e0	9.27e2	412	206	206	206	21	5	2.43	0	0.00
117	data/reference/motifs/JASPAR2026_CORE_plants_non-redundant_pfms_meme.txt	MA0953.2	ATHB-6	CAATHAT	3.05e-2	1.00e0	9.27e2	412	206	206	206	86	5	2.43	0	0.00
118	data/reference/motifs/JASPAR2026_CORE_plants_non-redundant_pfms_meme.txt	MA2387.1	NAC094	YGCCGTRNHNNHCACG	1.51e-1	1.00e0	9.27e2	77	206	206	206	2	22	10.68	15	7.28
119	data/reference/motifs/JASPAR2026_CORE_plants_non-redundant_pfms_meme.txt	MA0951.1	ATHB-16	TAATMATT	3.10e-2	1.00e0	9.27e2	406	206	206	206	14	9	4.37	2	0.97
120	data/reference/motifs/JASPAR2026_CORE_plants_non-redundant_pfms_meme.txt	MA1281.2	DOF5.1	AAAAAGWAAAAARAAAAAR	3.12e-2	1.00e0	9.27e2	408	206	206	206	5	157	76.21	139	67.48
121	data/reference/motifs/JASPAR2026_CORE_plants_non-redundant_pfms_meme.txt	MA1363.1	LRL2	CGTGNKWBGCACGTG	1.38e-1	1.00e0	9.27e2	86	206	206	206	1	48	23.30	38	18.45
122	data/reference/motifs/JASPAR2026_CORE_plants_non-redundant_pfms_meme.txt	MA1017.2	GATA8	GATCY	3.10e-2	1.00e0	9.27e2	412	206	206	206	45	30	14.56	17	8.25
123	data/reference/motifs/JASPAR2026_CORE_plants_non-redundant_pfms_meme.txt	MA1214.2	ATHB-40	ACCAATAATTG	3.59e-2	1.00e0	9.27e2	361	206	206	206	1	187	90.78	174	84.47
124	data/reference/motifs/JASPAR2026_CORE_plants_non-redundant_pfms_meme.txt	MA1739.2	BHLH122	CMACTTG	4.82e-2	1.00e0	9.27e2	270	206	206	206	2	79	38.35	62	30.10
125	data/reference/motifs/JASPAR2026_CORE_plants_non-redundant_pfms_meme.txt	MA1199.1	AGL16	TTTCCWTTTTDGGWA	5.56e-2	1.00e0	9.27e2	235	206	206	206	1	126	61.17	109	52.91
126	data/reference/motifs/JASPAR2026_CORE_plants_non-redundant_pfms_meme.txt	MA1173.2	MYB101	TAACCGAAW	3.19e-2	1.00e0	9.27e2	412	206	206	206	12	49	23.79	33	16.02
127	data/reference/motifs/JASPAR2026_CORE_plants_non-redundant_pfms_meme.txt	MA0992.3	ERF4	CCGCCGYCA	7.36e-2	1.00e0	9.27e2	180	206	206	206	2	50	24.27	37	17.96
128	data/reference/motifs/JASPAR2026_CORE_plants_non-redundant_pfms_meme.txt	MA1166.2	PHL12	AARRGAATATTC	6.83e-2	1.00e0	9.27e2	195	206	206	206	2	47	22.82	34	16.50
129	data/reference/motifs/JASPAR2026_CORE_plants_non-redundant_pfms_meme.txt	MA1803.2	VIP1	TGMCAGCTGT	8.00e-2	1.00e0	9.27e2	167	206	206	206	1	91	44.17	76	36.89
130	data/reference/motifs/JASPAR2026_CORE_plants_non-redundant_pfms_meme.txt	MA1089.2	WRKY57	RGTCAA	3.25e-2	1.00e0	9.27e2	412	206	206	206	26	155	75.24	137	66.50
131	data/reference/motifs/JASPAR2026_CORE_plants_non-redundant_pfms_meme.txt	MA1218.2	DREB1D	ATGTCGGY	1.29e-1	1.00e0	9.27e2	105	206	206	206	1	58	28.16	47	22.82
132	data/reference/motifs/JASPAR2026_CORE_plants_non-redundant_pfms_meme.txt	MA1057.2	SPL12	GTACGG	3.32e-2	1.00e0	9.27e2	410	206	206	206	3	198	96.12	188	91.26
133	data/reference/motifs/JASPAR2026_CORE_plants_non-redundant_pfms_meme.txt	MA2649.1	GLYMA-08G271900	TGCACATG	3.38e-2	1.00e0	9.27e2	404	206	206	206	14	7	3.40	1	0.49
134	data/reference/motifs/JASPAR2026_CORE_plants_non-redundant_pfms_meme.txt	MA0936.1	NAC046	ACACGCMA	3.32e-2	1.00e0	9.27e2	412	206	206	206	34	18	8.74	8	3.88
135	data/reference/motifs/JASPAR2026_CORE_plants_non-redundant_pfms_meme.txt	MA1411.2	TSAR1	GCACGTGC	8.60e-2	1.00e0	9.27e2	160	206	206	206	6	10	4.85	4	1.94
136	data/reference/motifs/JASPAR2026_CORE_plants_non-redundant_pfms_meme.txt	MA0034.2	Gam1	YAACCGMC	3.38e-2	1.00e0	9.27e2	410	206	206	206	18	7	3.40	1	0.49
137	data/reference/motifs/JASPAR2026_CORE_plants_non-redundant_pfms_meme.txt	MA1165.3	HHO6	AGATTCT	3.38e-2	1.00e0	9.27e2	410	206	206	206	12	7	3.40	1	0.49
138	data/reference/motifs/JASPAR2026_CORE_plants_non-redundant_pfms_meme.txt	MA2392.1	GRMZM2G135447	TGACRKS	3.42e-2	1.00e0	9.27e2	406	206	206	206	7	89	43.20	70	33.98
139	data/reference/motifs/JASPAR2026_CORE_plants_non-redundant_pfms_meme.txt	MA2396.1	IDD1	TTTTGTCGTTTT	5.74e-2	1.00e0	9.27e2	242	206	206	206	2	50	24.27	36	17.48
140	data/reference/motifs/JASPAR2026_CORE_plants_non-redundant_pfms_meme.txt	MA2090.1	PK26523.1	ATTCY	3.38e-2	1.00e0	9.27e2	412	206	206	206	53	7	3.40	1	0.49
141	data/reference/motifs/JASPAR2026_CORE_plants_non-redundant_pfms_meme.txt	MA1290.1	TCP17	GTGGTCCCCAC	1.10e-1	1.00e0	9.27e2	129	206	206	206	3	8	3.88	3	1.46
142	data/reference/motifs/JASPAR2026_CORE_plants_non-redundant_pfms_meme.txt	MA0565.3	FUS3	ACATGCA	6.33e-2	1.00e0	9.27e2	226	206	206	206	2	54	26.21	40	19.42
143	data/reference/motifs/JASPAR2026_CORE_plants_non-redundant_pfms_meme.txt	MA1007.1	PHYPADRAFT_173530	TGTCGGTG	1.37e-1	1.00e0	9.27e2	106	206	206	206	2	14	6.80	8	3.88
144	data/reference/motifs/JASPAR2026_CORE_plants_non-redundant_pfms_meme.txt	MA1330.2	ZHD6	AAWHRTAATTAA	3.54e-2	1.00e0	9.27e2	409	206	206	206	15	15	7.28	6	2.91
145	data/reference/motifs/JASPAR2026_CORE_plants_non-redundant_pfms_meme.txt	MA2461.1	WOX13	TTGATTGA	3.54e-2	1.00e0	9.27e2	411	206	206	206	15	15	7.28	6	2.91
146	data/reference/motifs/JASPAR2026_CORE_plants_non-redundant_pfms_meme.txt	MA2349.1	OsCCA1	AATATCT	3.54e-2	1.00e0	9.27e2	412	206	206	206	36	15	7.28	6	2.91
147	data/reference/motifs/JASPAR2026_CORE_plants_non-redundant_pfms_meme.txt	MA2082.1	PK20392.1	AATMAT	3.54e-2	1.00e0	9.27e2	412	206	206	206	74	15	7.28	6	2.91
148	data/reference/motifs/JASPAR2026_CORE_plants_non-redundant_pfms_meme.txt	MA1004.2	ERF13	SGCCGCC	6.96e-2	1.00e0	9.27e2	210	206	206	206	3	39	18.93	27	13.11
149	data/reference/motifs/JASPAR2026_CORE_plants_non-redundant_pfms_meme.txt	MA2009.2	NAC010	TAACTTGTDNHACAAGTTACC	2.49e-1	1.00e0	9.27e2	51	206	206	206	3	2	0.97	0	0.00
150	data/reference/motifs/JASPAR2026_CORE_plants_non-redundant_pfms_meme.txt	MA0564.2	ABI3	GCATGC	3.80e-2	1.00e0	9.27e2	388	206	206	206	13	23	11.17	12	5.83
151	data/reference/motifs/JASPAR2026_CORE_plants_non-redundant_pfms_meme.txt	MA1266.2	RAP2-11	YCDYCGCCGGC	1.19e-1	1.00e0	9.27e2	124	206	206	206	2	31	15.05	22	10.68
152	data/reference/motifs/JASPAR2026_CORE_plants_non-redundant_pfms_meme.txt	MA0948.2	ARR18	AGATACG	3.61e-2	1.00e0	9.27e2	412	206	206	206	19	27	13.11	15	7.28
153	data/reference/motifs/JASPAR2026_CORE_plants_non-redundant_pfms_meme.txt	MA2724.1	SlTCP18	GTGGGVCCCAC	8.96e-2	1.00e0	9.27e2	171	206	206	206	2	79	38.35	65	31.55
154	data/reference/motifs/JASPAR2026_CORE_plants_non-redundant_pfms_meme.txt	MA0129.1	TGA1A	HACGTCA	3.74e-2	1.00e0	9.27e2	412	206	206	206	8	103	50.00	84	40.78
155	data/reference/motifs/JASPAR2026_CORE_plants_non-redundant_pfms_meme.txt	MA1750.1	E2FE	TTTTTGGCGGGAAAA	8.58e-1	1.00e0	9.27e2	8	206	206	206	1	3	1.46	5	2.43
156	data/reference/motifs/JASPAR2026_CORE_plants_non-redundant_pfms_meme.txt	MA1732.1	E2FD	TTTTTGGCGGGAAAA	8.58e-1	1.00e0	9.27e2	8	206	206	206	1	3	1.46	5	2.43
157	data/reference/motifs/JASPAR2026_CORE_plants_non-redundant_pfms_meme.txt	MA1234.2	ERF017	TGGWCGGTG	8.31e-2	1.00e0	9.27e2	189	206	206	206	1	102	49.51	87	42.23
158	data/reference/motifs/JASPAR2026_CORE_plants_non-redundant_pfms_meme.txt	MA1416.1	RAMOSA1	GAGAGAGAGAGAGA	1.34e-1	1.00e0	9.27e2	118	206	206	206	3	35	16.99	26	12.62
159	data/reference/motifs/JASPAR2026_CORE_plants_non-redundant_pfms_meme.txt	MA1427.3	NAC028	CAAGTAA	3.82e-2	1.00e0	9.27e2	412	206	206	206	5	197	95.63	187	90.78
160	data/reference/motifs/JASPAR2026_CORE_plants_non-redundant_pfms_meme.txt	MA0952.1	ATHB-51	AATWATTG	3.83e-2	1.00e0	9.27e2	412	206	206	206	18	33	16.02	20	9.71
161	data/reference/motifs/JASPAR2026_CORE_plants_non-redundant_pfms_meme.txt	MA2413.1	ZmbZIP96	GASACGTGKCA	8.33e-2	1.00e0	9.27e2	191	206	206	206	1	103	50.00	88	42.72
162	data/reference/motifs/JASPAR2026_CORE_plants_non-redundant_pfms_meme.txt	MA2505.1	bZIP59	TGACAGCTGTCA	6.73e-2	1.00e0	9.27e2	238	206	206	206	2	127	61.65	111	53.88
163	data/reference/motifs/JASPAR2026_CORE_plants_non-redundant_pfms_meme.txt	MA2030.2	MYB96	MCCAACTACCA	4.45e-2	1.00e0	9.27e2	362	206	206	206	8	13	6.31	5	2.43
164	data/reference/motifs/JASPAR2026_CORE_plants_non-redundant_pfms_meme.txt	MA2617.1	ereb54	GCGGCGGCGGC	2.49e-1	1.00e0	9.27e2	57	206	206	206	12	2	0.97	0	0.00
165	data/reference/motifs/JASPAR2026_CORE_plants_non-redundant_pfms_meme.txt	MA1775.2	MYB61	YACCWACC	4.43e-2	1.00e0	9.27e2	369	206	206	206	4	60	29.13	44	21.36
166	data/reference/motifs/JASPAR2026_CORE_plants_non-redundant_pfms_meme.txt	MA1213.3	ZHD3	CAATTATTG	4.12e-2	1.00e0	9.27e2	397	206	206	206	7	85	41.26	67	32.52
167	data/reference/motifs/JASPAR2026_CORE_plants_non-redundant_pfms_meme.txt	MA2742.1	SlWRKY11	GTTGACTTTT	7.75e-2	1.00e0	9.27e2	212	206	206	206	3	17	8.25	9	4.37
168	data/reference/motifs/JASPAR2026_CORE_plants_non-redundant_pfms_meme.txt	MA0957.1	BHLH3	GCACGTGC	5.59e-2	1.00e0	9.27e2	298	206	206	206	10	11	5.34	4	1.94
169	data/reference/motifs/JASPAR2026_CORE_plants_non-redundant_pfms_meme.txt	MA2459.1	EDF3	RCAACAKA	5.93e-2	1.00e0	9.27e2	283	206	206	206	3	35	16.99	23	11.17
170	data/reference/motifs/JASPAR2026_CORE_plants_non-redundant_pfms_meme.txt	MA0020.2	Dof2	AAAGC	4.09e-2	1.00e0	9.27e2	412	206	206	206	17	68	33.01	51	24.76
171	data/reference/motifs/JASPAR2026_CORE_plants_non-redundant_pfms_meme.txt	MA0064.1	PBF	AAAGY	4.09e-2	1.00e0	9.27e2	412	206	206	206	17	68	33.01	51	24.76
172	data/reference/motifs/JASPAR2026_CORE_plants_non-redundant_pfms_meme.txt	MA0961.2	bHLH112	CCACTTG	2.08e-1	1.00e0	9.27e2	73	206	206	206	2	9	4.37	5	2.43
173	data/reference/motifs/JASPAR2026_CORE_plants_non-redundant_pfms_meme.txt	MA2350.1	OsFBH1	CCACTTG	2.08e-1	1.00e0	9.27e2	73	206	206	206	2	9	4.37	5	2.43
174	data/reference/motifs/JASPAR2026_CORE_plants_non-redundant_pfms_meme.txt	MA1206.2	ARF2	SMGACA	4.20e-2	1.00e0	9.27e2	410	206	206	206	17	16	7.77	7	3.40
175	data/reference/motifs/JASPAR2026_CORE_plants_non-redundant_pfms_meme.txt	MA1075.1	WRKY12	CGTTGACC	4.36e-2	1.00e0	9.27e2	399	206	206	206	1	203	98.54	196	95.15
176	data/reference/motifs/JASPAR2026_CORE_plants_non-redundant_pfms_meme.txt	MA1008.2	PHYPADRAFT_182268	GTCGGTG	2.46e-1	1.00e0	9.27e2	62	206	206	206	1	34	16.50	28	13.59
177	data/reference/motifs/JASPAR2026_CORE_plants_non-redundant_pfms_meme.txt	MA2386.1	estExt_gwp_gw1.C_550163	CACCGAC	2.46e-1	1.00e0	9.27e2	62	206	206	206	1	34	16.50	28	13.59
178	data/reference/motifs/JASPAR2026_CORE_plants_non-redundant_pfms_meme.txt	MA1023.1	PHYPADRAFT_28324	KGTCGGTG	2.46e-1	1.00e0	9.27e2	62	206	206	206	1	34	16.50	28	13.59
179	data/reference/motifs/JASPAR2026_CORE_plants_non-redundant_pfms_meme.txt	MA2739.1	SlTCP12	GTGGGACCCAC	1.01e-1	1.00e0	9.27e2	174	206	206	206	5	11	5.34	5	2.43
180	data/reference/motifs/JASPAR2026_CORE_plants_non-redundant_pfms_meme.txt	MA1299.2	WRKY17	AAAGTCAACG	7.10e-2	1.00e0	9.27e2	247	206	206	206	3	26	12.62	16	7.77
181	data/reference/motifs/JASPAR2026_CORE_plants_non-redundant_pfms_meme.txt	MA1384.1	PHL7	AAARGAATATTCY	7.38e-2	1.00e0	9.27e2	238	206	206	206	2	62	30.10	48	23.30
182	data/reference/motifs/JASPAR2026_CORE_plants_non-redundant_pfms_meme.txt	MA1197.2	CAMTA1	AARCGCGTG	1.42e-1	1.00e0	9.27e2	125	206	206	206	1	68	33.01	57	27.67
183	data/reference/motifs/JASPAR2026_CORE_plants_non-redundant_pfms_meme.txt	MA1362.2	bHLH77	DWNGBCACGTGM	1.27e-1	1.00e0	9.27e2	143	206	206	206	2	25	12.14	17	8.25
184	data/reference/motifs/JASPAR2026_CORE_plants_non-redundant_pfms_meme.txt	MA2449.1	SPL6A	GCGGTAGTACC	9.88e-2	1.00e0	9.27e2	184	206	206	206	1	99	48.06	85	41.26
185	data/reference/motifs/JASPAR2026_CORE_plants_non-redundant_pfms_meme.txt	MA1833.2	Zm00001d049364	CCGCCGCCGCC	1.24e-1	1.00e0	9.27e2	147	206	206	206	2	42	20.39	32	15.53
186	data/reference/motifs/JASPAR2026_CORE_plants_non-redundant_pfms_meme.txt	MA1740.2	BHLH49	CACGTGC	3.12e-1	1.00e0	9.27e2	49	206	206	206	4	3	1.46	1	0.49
187	data/reference/motifs/JASPAR2026_CORE_plants_non-redundant_pfms_meme.txt	MA1074.2	UNE10	CACGTGM	3.12e-1	1.00e0	9.27e2	49	206	206	206	4	3	1.46	1	0.49
188	data/reference/motifs/JASPAR2026_CORE_plants_non-redundant_pfms_meme.txt	MA2077.1	PK18474.1	CACGTGC	3.12e-1	1.00e0	9.27e2	49	206	206	206	4	3	1.46	1	0.49
189	data/reference/motifs/JASPAR2026_CORE_plants_non-redundant_pfms_meme.txt	MA2071.1	PK15505.1	GCACGTGT	3.12e-1	1.00e0	9.27e2	49	206	206	206	4	3	1.46	1	0.49
190	data/reference/motifs/JASPAR2026_CORE_plants_non-redundant_pfms_meme.txt	MA2064.1	PK07858.1	CACGTGC	3.12e-1	1.00e0	9.27e2	49	206	206	206	4	3	1.46	1	0.49
191	data/reference/motifs/JASPAR2026_CORE_plants_non-redundant_pfms_meme.txt	MA2061.1	PK06517.1	CACGTGC	3.12e-1	1.00e0	9.27e2	49	206	206	206	4	3	1.46	1	0.49
192	data/reference/motifs/JASPAR2026_CORE_plants_non-redundant_pfms_meme.txt	MA2060.1	PK05451.1	CCACGTGM	3.12e-1	1.00e0	9.27e2	49	206	206	206	4	3	1.46	1	0.49
193	data/reference/motifs/JASPAR2026_CORE_plants_non-redundant_pfms_meme.txt	MA1195.2	AT5G56840	AAYCTTATCCAWWW	4.94e-2	1.00e0	9.27e2	371	206	206	206	1	191	92.72	180	87.38
194	data/reference/motifs/JASPAR2026_CORE_plants_non-redundant_pfms_meme.txt	MA2408.1	BAD1	CCGGGCCCCSVC	1.86e-1	1.00e0	9.27e2	90	206	206	206	7	4	1.94	1	0.49
195	data/reference/motifs/JASPAR2026_CORE_plants_non-redundant_pfms_meme.txt	MA0580.1	DYT1	MGTGAGWCACGTGA	3.23e-1	1.00e0	9.27e2	48	206	206	206	1	26	12.62	22	10.68
196	data/reference/motifs/JASPAR2026_CORE_plants_non-redundant_pfms_meme.txt	MA2616.1	ereb17	CGCCGCCGCCGCCS	2.22e-1	1.00e0	9.27e2	75	206	206	206	1	41	19.90	34	16.50
197	data/reference/motifs/JASPAR2026_CORE_plants_non-redundant_pfms_meme.txt	MA1284.2	TCP1	GTGGGCCCCAC	1.86e-1	1.00e0	9.27e2	92	206	206	206	4	4	1.94	1	0.49
198	data/reference/motifs/JASPAR2026_CORE_plants_non-redundant_pfms_meme.txt	MA1760.1	HSFA6A	GAAGNTTCTAGAA	3.71e-1	1.00e0	9.27e2	41	206	206	206	1	22	10.68	19	9.22
199	data/reference/motifs/JASPAR2026_CORE_plants_non-redundant_pfms_meme.txt	MA1053.1	ERF109	GCGCCGCC	1.05e-1	1.00e0	9.27e2	183	206	206	206	2	57	27.67	45	21.84
200	data/reference/motifs/JASPAR2026_CORE_plants_non-redundant_pfms_meme.txt	MA1400.2	AT1G19000	WWWTGGATAAGRW	6.16e-2	1.00e0	9.27e2	311	206	206	206	6	4	1.94	0	0.00
201	data/reference/motifs/JASPAR2026_CORE_plants_non-redundant_pfms_meme.txt	MA2475.1	HOX6	TGATTG	4.66e-2	1.00e0	9.27e2	412	206	206	206	24	118	57.28	100	48.54
202	data/reference/motifs/JASPAR2026_CORE_plants_non-redundant_pfms_meme.txt	MA2721.1	Sl-ERF_C_6	YCGCCGCCGCCRCCRCCGCC	3.43e-1	1.00e0	9.27e2	46	206	206	206	7	4	1.94	2	0.97
203	data/reference/motifs/JASPAR2026_CORE_plants_non-redundant_pfms_meme.txt	MA2078.1	PK19363.1	CGCCGCCR	6.76e-2	1.00e0	9.27e2	286	206	206	206	3	71	34.47	56	27.18
204	data/reference/motifs/JASPAR2026_CORE_plants_non-redundant_pfms_meme.txt	MA2410.1	ZmbZIP54	TGACGTCA	5.44e-2	1.00e0	9.27e2	356	206	206	206	4	130	63.11	113	54.85
205	data/reference/motifs/JASPAR2026_CORE_plants_non-redundant_pfms_meme.txt	MA1734.1	AT1G19040	CTTGNDCYBCAAGTWW	2.49e-1	1.00e0	9.27e2	68	206	206	206	3	2	0.97	0	0.00
206	data/reference/motifs/JASPAR2026_CORE_plants_non-redundant_pfms_meme.txt	MA1051.1	RAP2-3	GCGCCGCC	7.19e-2	1.00e0	9.27e2	272	206	206	206	4	49	23.79	36	17.48
207	data/reference/motifs/JASPAR2026_CORE_plants_non-redundant_pfms_meme.txt	MA1088.2	WRKY48	GTCAA	4.82e-2	1.00e0	9.27e2	412	206	206	206	37	158	76.70	142	68.93
208	data/reference/motifs/JASPAR2026_CORE_plants_non-redundant_pfms_meme.txt	MA2666.1	GLYMA-12G117000	GGMGGCGGYGGCGGMGG	2.28e-1	1.00e0	9.27e2	77	206	206	206	3	18	8.74	13	6.31
209	data/reference/motifs/JASPAR2026_CORE_plants_non-redundant_pfms_meme.txt	MA0983.2	DOF5.6	AAMG	4.85e-2	1.00e0	9.27e2	412	206	206	206	26	198	96.12	189	91.75
210	data/reference/motifs/JASPAR2026_CORE_plants_non-redundant_pfms_meme.txt	MA1041.1	MYB55	ACCTACCG	5.59e-2	1.00e0	9.27e2	365	206	206	206	7	11	5.34	4	1.94
211	data/reference/motifs/JASPAR2026_CORE_plants_non-redundant_pfms_meme.txt	MA2074.1	PK17878.1	CGCCGCCA	1.81e-1	1.00e0	9.27e2	115	206	206	206	2	28	13.59	21	10.19
212	data/reference/motifs/JASPAR2026_CORE_plants_non-redundant_pfms_meme.txt	MA0008.4	HAT5	CAATAATTG	5.66e-2	1.00e0	9.27e2	370	206	206	206	6	60	29.13	45	21.84
213	data/reference/motifs/JASPAR2026_CORE_plants_non-redundant_pfms_meme.txt	MA1819.2	Zm00001d005892	CGCCGCCG	1.03e-1	1.00e0	9.27e2	204	206	206	206	2	73	35.44	60	29.13
214	data/reference/motifs/JASPAR2026_CORE_plants_non-redundant_pfms_meme.txt	MA1226.2	DREB2G	GGHGGAGGCGGTGG	1.50e-1	1.00e0	9.27e2	141	206	206	206	1	76	36.89	65	31.55
215	data/reference/motifs/JASPAR2026_CORE_plants_non-redundant_pfms_meme.txt	MA1777.2	MYB74	YYYACCTAMCW	6.70e-2	1.00e0	9.27e2	316	206	206	206	4	31	15.05	20	9.71
216	data/reference/motifs/JASPAR2026_CORE_plants_non-redundant_pfms_meme.txt	MA2452.1	SPL8A	ATAGTACTC	5.74e-2	1.00e0	9.27e2	370	206	206	206	3	112	54.37	95	46.12
217	data/reference/motifs/JASPAR2026_CORE_plants_non-redundant_pfms_meme.txt	MA2608.1	glk53	AAGGAATATTCTTT	6.17e-2	1.00e0	9.27e2	345	206	206	206	2	140	67.96	124	60.19
218	data/reference/motifs/JASPAR2026_CORE_plants_non-redundant_pfms_meme.txt	MA1289.2	TCP3	GGGACCAC	1.89e-1	1.00e0	9.27e2	113	206	206	206	1	61	29.61	52	25.24
219	data/reference/motifs/JASPAR2026_CORE_plants_non-redundant_pfms_meme.txt	MA2429.1	SPL13D	AGCGGTASTACCGCT	8.58e-1	1.00e0	9.27e2	11	206	206	206	2	3	1.46	5	2.43
220	data/reference/motifs/JASPAR2026_CORE_plants_non-redundant_pfms_meme.txt	MA1663.3	NAC050	CAAGTAAC	5.25e-2	1.00e0	9.27e2	409	206	206	206	13	8	3.88	2	0.97
221	data/reference/motifs/JASPAR2026_CORE_plants_non-redundant_pfms_meme.txt	MA1285.2	TCP9	GTGGGTCCCAC	2.49e-1	1.00e0	9.27e2	75	206	206	206	3	2	0.97	0	0.00
222	data/reference/motifs/JASPAR2026_CORE_plants_non-redundant_pfms_meme.txt	MA2662.1	GLYMA-13G153200	GCCACGTCA	6.16e-2	1.00e0	9.27e2	351	206	206	206	8	4	1.94	0	0.00
223	data/reference/motifs/JASPAR2026_CORE_plants_non-redundant_pfms_meme.txt	MA1168.2	MYR2	RGAATMTT	6.16e-2	1.00e0	9.27e2	352	206	206	206	9	4	1.94	0	0.00
224	data/reference/motifs/JASPAR2026_CORE_plants_non-redundant_pfms_meme.txt	MA1766.2	MYB17	YYCACCTACCW	6.45e-2	1.00e0	9.27e2	340	206	206	206	4	45	21.84	32	15.53
225	data/reference/motifs/JASPAR2026_CORE_plants_non-redundant_pfms_meme.txt	MA1794.2	NLP7	TGVCYYTT	5.34e-2	1.00e0	9.27e2	411	206	206	206	8	90	43.69	73	35.44
226	data/reference/motifs/JASPAR2026_CORE_plants_non-redundant_pfms_meme.txt	MA2667.1	GLYMA-13G236500	ACGACGGCGGAG	1.34e-1	1.00e0	9.27e2	164	206	206	206	1	88	42.72	76	36.89
227	data/reference/motifs/JASPAR2026_CORE_plants_non-redundant_pfms_meme.txt	MA0551.2	HY5	TGMCACGTGKCA	2.49e-1	1.00e0	9.27e2	78	206	206	206	6	2	0.97	0	0.00
228	data/reference/motifs/JASPAR2026_CORE_plants_non-redundant_pfms_meme.txt	MA1761.2	HSFB3	AAGCTTCTAGAA	6.96e-2	1.00e0	9.27e2	324	206	206	206	2	110	53.40	94	45.63
229	data/reference/motifs/JASPAR2026_CORE_plants_non-redundant_pfms_meme.txt	MA2414.1	EREB127	TGCCGACA	9.18e-2	1.00e0	9.27e2	246	206	206	206	4	19	9.22	11	5.34
230	data/reference/motifs/JASPAR2026_CORE_plants_non-redundant_pfms_meme.txt	MA2623.1	hb66	CCAATCA	5.49e-2	1.00e0	9.27e2	412	206	206	206	25	18	8.74	9	4.37
231	data/reference/motifs/JASPAR2026_CORE_plants_non-redundant_pfms_meme.txt	MA0982.2	DOF2.4	AAAG	5.49e-2	1.00e0	9.27e2	412	206	206	206	81	197	95.63	188	91.26
232	data/reference/motifs/JASPAR2026_CORE_plants_non-redundant_pfms_meme.txt	MA1158.2	MGP	AAAACGACAAAAA	1.13e-1	1.00e0	9.27e2	201	206	206	206	2	38	18.45	28	13.59
233	data/reference/motifs/JASPAR2026_CORE_plants_non-redundant_pfms_meme.txt	MA1430.2	TB1	GGSCCCCCC	2.15e-1	1.00e0	9.27e2	106	206	206	206	1	57	27.67	49	23.79
234	data/reference/motifs/JASPAR2026_CORE_plants_non-redundant_pfms_meme.txt	MA2048.2	NAC045	GAAGCAAC	5.59e-2	1.00e0	9.27e2	409	206	206	206	2	202	98.06	195	94.66
235	data/reference/motifs/JASPAR2026_CORE_plants_non-redundant_pfms_meme.txt	MA0021.1	Dof3	AAAGYV	5.59e-2	1.00e0	9.27e2	410	206	206	206	2	202	98.06	195	94.66
236	data/reference/motifs/JASPAR2026_CORE_plants_non-redundant_pfms_meme.txt	MA1768.2	MYB30	CCAACYACCAMC	5.86e-2	1.00e0	9.27e2	391	206	206	206	5	77	37.38	61	29.61
237	data/reference/motifs/JASPAR2026_CORE_plants_non-redundant_pfms_meme.txt	MA1821.2	Zm00001d020595	GGCGGCGGCG	8.76e-1	1.00e0	9.27e2	11	206	206	206	2	1	0.49	2	0.97
238	data/reference/motifs/JASPAR2026_CORE_plants_non-redundant_pfms_meme.txt	MA2446.1	SPL5A	GCGGTASTACCGC	3.59e-1	1.00e0	9.27e2	52	206	206	206	2	18	8.74	15	7.28
239	data/reference/motifs/JASPAR2026_CORE_plants_non-redundant_pfms_meme.txt	MA1304.2	WRKY59	AAAAGTCAAM	6.37e-2	1.00e0	9.27e2	363	206	206	206	1	187	90.78	176	85.44
240	data/reference/motifs/JASPAR2026_CORE_plants_non-redundant_pfms_meme.txt	MA2412.1	ZmbZIP72	GATGACATCA	6.37e-2	1.00e0	9.27e2	363	206	206	206	1	187	90.78	176	85.44
241	data/reference/motifs/JASPAR2026_CORE_plants_non-redundant_pfms_meme.txt	MA0970.2	CAMTA3	CCGCGT	6.09e-2	1.00e0	9.27e2	380	206	206	206	13	6	2.91	1	0.49
242	data/reference/motifs/JASPAR2026_CORE_plants_non-redundant_pfms_meme.txt	MA0582.2	RAV1	GCAACA	5.69e-2	1.00e0	9.27e2	407	206	206	206	7	119	57.77	102	49.51
243	data/reference/motifs/JASPAR2026_CORE_plants_non-redundant_pfms_meme.txt	MA0567.1	ERF1B	MGCCGCCA	9.73e-2	1.00e0	9.27e2	238	206	206	206	1	126	61.17	112	54.37
244	data/reference/motifs/JASPAR2026_CORE_plants_non-redundant_pfms_meme.txt	MA1157.2	NUC	TTTTGTCGTTTT	8.74e-2	1.00e0	9.27e2	265	206	206	206	4	7	3.40	2	0.97
245	data/reference/motifs/JASPAR2026_CORE_plants_non-redundant_pfms_meme.txt	MA0974.3	CDF3	AAAAAGTG	5.65e-2	1.00e0	9.27e2	411	206	206	206	9	74	35.92	58	28.16
246	data/reference/motifs/JASPAR2026_CORE_plants_non-redundant_pfms_meme.txt	MA2647.1	GLYMA-12G226000	AAGTACAA	5.68e-2	1.00e0	9.27e2	411	206	206	206	8	120	58.25	103	50.00
247	data/reference/motifs/JASPAR2026_CORE_plants_non-redundant_pfms_meme.txt	MA1402.1	BPC6	CTCTCTCTCTCTCTCTCTCTC	3.81e-1	1.00e0	9.27e2	49	206	206	206	1	26	12.62	23	11.17
248	data/reference/motifs/JASPAR2026_CORE_plants_non-redundant_pfms_meme.txt	MA1276.2	DOF3.5	AWAAAGK	5.77e-2	1.00e0	9.27e2	407	206	206	206	9	23	11.17	13	6.31
249	data/reference/motifs/JASPAR2026_CORE_plants_non-redundant_pfms_meme.txt	MA1364.2	BHLH72	GCCACGTGG	1.54e-1	1.00e0	9.27e2	153	206	206	206	1	82	39.81	71	34.47
250	data/reference/motifs/JASPAR2026_CORE_plants_non-redundant_pfms_meme.txt	MA1239.2	ERF104	CCDCCDCCGCCGCCRY	2.97e-1	1.00e0	9.27e2	67	206	206	206	1	36	17.48	31	15.05
251	data/reference/motifs/JASPAR2026_CORE_plants_non-redundant_pfms_meme.txt	MA1215.2	ATHB-53	CAATAATTG	6.20e-2	1.00e0	9.27e2	383	206	206	206	8	36	17.48	24	11.65
252	data/reference/motifs/JASPAR2026_CORE_plants_non-redundant_pfms_meme.txt	MA1288.2	TCP22	GTGGGHCCCAC	2.03e-1	1.00e0	9.27e2	117	206	206	206	2	23	11.17	17	8.25
253	data/reference/motifs/JASPAR2026_CORE_plants_non-redundant_pfms_meme.txt	MA2418.1	IG1	CTGCCGCCA	8.49e-2	1.00e0	9.27e2	280	206	206	206	1	147	71.36	133	64.56
254	data/reference/motifs/JASPAR2026_CORE_plants_non-redundant_pfms_meme.txt	MA2433.1	SPL15D	GCGGTACTAC	9.38e-2	1.00e0	9.27e2	254	206	206	206	1	134	65.05	120	58.25
255	data/reference/motifs/JASPAR2026_CORE_plants_non-redundant_pfms_meme.txt	MA2645.1	GLYMA-16G042900	GGTTGCKTSTTCHASAAGYWA	4.35e-1	1.00e0	9.27e2	42	206	206	206	1	22	10.68	20	9.71
256	data/reference/motifs/JASPAR2026_CORE_plants_non-redundant_pfms_meme.txt	MA2042.2	MYB58	CCACCAACC	6.16e-2	1.00e0	9.27e2	392	206	206	206	15	4	1.94	0	0.00
257	data/reference/motifs/JASPAR2026_CORE_plants_non-redundant_pfms_meme.txt	MA2445.1	SPL4D	GGTACTACCGCT	1.19e-1	1.00e0	9.27e2	207	206	206	206	1	110	53.40	97	47.09
258	data/reference/motifs/JASPAR2026_CORE_plants_non-redundant_pfms_meme.txt	MA2055.1	PK00315.1	GACAGCTR	6.09e-2	1.00e0	9.27e2	405	206	206	206	1	205	99.51	200	97.09
259	data/reference/motifs/JASPAR2026_CORE_plants_non-redundant_pfms_meme.txt	MA0966.2	BIM3	CACGTG	6.09e-2	1.00e0	9.27e2	409	206	206	206	28	6	2.91	1	0.49
260	data/reference/motifs/JASPAR2026_CORE_plants_non-redundant_pfms_meme.txt	MA1404.1	BPC1	GAGAGAGAGAGAGAGAGAGAGAGA	3.75e-1	1.00e0	9.27e2	53	206	206	206	14	6	2.91	4	1.94
261	data/reference/motifs/JASPAR2026_CORE_plants_non-redundant_pfms_meme.txt	MA1381.2	AT3G46070	TCACTCT	6.16e-2	1.00e0	9.27e2	406	206	206	206	24	4	1.94	0	0.00
262	data/reference/motifs/JASPAR2026_CORE_plants_non-redundant_pfms_meme.txt	MA1779.2	MYB83	CACCAACM	6.09e-2	1.00e0	9.27e2	411	206	206	206	17	6	2.91	1	0.49
263	data/reference/motifs/JASPAR2026_CORE_plants_non-redundant_pfms_meme.txt	MA1696.2	ARF39	GGGGRACACGT	7.29e-2	1.00e0	9.27e2	345	206	206	206	3	78	37.86	63	30.58
264	data/reference/motifs/JASPAR2026_CORE_plants_non-redundant_pfms_meme.txt	MA2051.2	NAC68	ACAAGTAW	6.16e-2	1.00e0	9.27e2	412	206	206	206	3	206	100.00	202	98.06
265	data/reference/motifs/JASPAR2026_CORE_plants_non-redundant_pfms_meme.txt	MA1676.3	NAC062	TAAGTAA	6.16e-2	1.00e0	9.27e2	412	206	206	206	24	4	1.94	0	0.00
266	data/reference/motifs/JASPAR2026_CORE_plants_non-redundant_pfms_meme.txt	MA2037.2	NAC096	CAAGTAA	6.17e-2	1.00e0	9.27e2	412	206	206	206	4	199	96.60	191	92.72
267	data/reference/motifs/JASPAR2026_CORE_plants_non-redundant_pfms_meme.txt	MA2501.1	G1	TTACTGTA	6.26e-2	1.00e0	9.27e2	408	206	206	206	5	175	84.95	162	78.64
268	data/reference/motifs/JASPAR2026_CORE_plants_non-redundant_pfms_meme.txt	MA1062.3	TCP15	GTGGGWCCCAC	1.85e-1	1.00e0	9.27e2	138	206	206	206	3	20	9.71	14	6.80
269	data/reference/motifs/JASPAR2026_CORE_plants_non-redundant_pfms_meme.txt	MA0549.2	BZR2	RCACGTGKSV	2.49e-1	1.00e0	9.27e2	103	206	206	206	5	2	0.97	0	0.00
270	data/reference/motifs/JASPAR2026_CORE_plants_non-redundant_pfms_meme.txt	MA1755.2	GATA4	GATC	6.26e-2	1.00e0	9.27e2	412	206	206	206	70	44	21.36	31	15.05
271	data/reference/motifs/JASPAR2026_CORE_plants_non-redundant_pfms_meme.txt	MA2014.2	BAM8	CACACGTGY	1.24e-1	1.00e0	9.27e2	209	206	206	206	8	3	1.46	0	0.00
272	data/reference/motifs/JASPAR2026_CORE_plants_non-redundant_pfms_meme.txt	MA0097.1	bZIP911	GRTGACGTGGMC	7.65e-1	1.00e0	9.27e2	18	206	206	206	1	8	3.88	10	4.85
273	data/reference/motifs/JASPAR2026_CORE_plants_non-redundant_pfms_meme.txt	MA1286.2	TCP24	GGGACCAC	1.67e-1	1.00e0	9.27e2	156	206	206	206	2	35	16.99	27	13.11
274	data/reference/motifs/JASPAR2026_CORE_plants_non-redundant_pfms_meme.txt	MA1424.2	ERF019	CCACCGACA	2.23e-1	1.00e0	9.27e2	118	206	206	206	1	63	30.58	55	26.70
275	data/reference/motifs/JASPAR2026_CORE_plants_non-redundant_pfms_meme.txt	MA1746.1	BZIP69	TGMCAGCTGTM	4.38e-1	1.00e0	9.27e2	46	206	206	206	1	24	11.65	22	10.68
276	data/reference/motifs/JASPAR2026_CORE_plants_non-redundant_pfms_meme.txt	MA1087.3	WRKY45	AAAAGTCAAM	7.01e-2	1.00e0	9.27e2	380	206	206	206	2	161	78.16	147	71.36
277	data/reference/motifs/JASPAR2026_CORE_plants_non-redundant_pfms_meme.txt	MA1263.2	ERF055	KGKCGGTGG	1.78e-1	1.00e0	9.27e2	150	206	206	206	1	80	38.83	70	33.98
278	data/reference/motifs/JASPAR2026_CORE_plants_non-redundant_pfms_meme.txt	MA1795.2	RAP2-4	CRCCGACC	6.59e-2	1.00e0	9.27e2	408	206	206	206	9	91	44.17	75	36.41
279	data/reference/motifs/JASPAR2026_CORE_plants_non-redundant_pfms_meme.txt	MA0590.1	LFY	YATTRACCGSCGGTYAATR	6.60e-1	1.00e0	9.27e2	25	206	206	206	2	12	5.83	13	6.31
280	data/reference/motifs/JASPAR2026_CORE_plants_non-redundant_pfms_meme.txt	MA2005.2	NAC016	TVCKTGWBCYNCAMG	2.49e-1	1.00e0	9.27e2	94	206	206	206	4	2	0.97	0	0.00
281	data/reference/motifs/JASPAR2026_CORE_plants_non-redundant_pfms_meme.txt	MA0960.1	BHLH104	GGCACGTGCC	5.00e-1	1.00e0	9.27e2	39	206	206	206	4	3	1.46	2	0.97
282	data/reference/motifs/JASPAR2026_CORE_plants_non-redundant_pfms_meme.txt	MA1830.2	Zm00001d015407	AAGGAATATTCTTTTT	8.74e-2	1.00e0	9.27e2	311	206	206	206	7	7	3.40	2	0.97
283	data/reference/motifs/JASPAR2026_CORE_plants_non-redundant_pfms_meme.txt	MA1660.2	NAC013	TTACTTGTTCYMCAAGTAA	3.43e-1	1.00e0	9.27e2	65	206	206	206	3	4	1.94	2	0.97
284	data/reference/motifs/JASPAR2026_CORE_plants_non-redundant_pfms_meme.txt	MA2709.1	SolycHsfA2	TTCTAGAAKMTTCTA	2.01e-1	1.00e0	9.27e2	137	206	206	206	1	73	35.44	64	31.07
285	data/reference/motifs/JASPAR2026_CORE_plants_non-redundant_pfms_meme.txt	MA2625.1	mybr17	CATTATC	6.70e-2	1.00e0	9.27e2	412	206	206	206	22	20	9.71	11	5.34
286	data/reference/motifs/JASPAR2026_CORE_plants_non-redundant_pfms_meme.txt	MA2345.1	OS02G0104500	GTAAAW	6.76e-2	1.00e0	9.27e2	412	206	206	206	36	201	97.57	194	94.17
287	data/reference/motifs/JASPAR2026_CORE_plants_non-redundant_pfms_meme.txt	MA1792.1	NAC098	CKTGTNNHACACGTHA	2.49e-1	1.00e0	9.27e2	112	206	206	206	4	2	0.97	0	0.00
288	data/reference/motifs/JASPAR2026_CORE_plants_non-redundant_pfms_meme.txt	MA1196.2	AT5G05790	AWYCTTATCYTNWT	7.03e-2	1.00e0	9.27e2	398	206	206	206	2	185	89.81	174	84.47
289	data/reference/motifs/JASPAR2026_CORE_plants_non-redundant_pfms_meme.txt	MA2747.1	TraesCS6A02G290800	CAATAATTG	7.00e-2	1.00e0	9.27e2	400	206	206	206	1	203	98.54	197	95.63
290	data/reference/motifs/JASPAR2026_CORE_plants_non-redundant_pfms_meme.txt	MA1314.2	WRKY14	AAAGTCAACG	1.24e-1	1.00e0	9.27e2	227	206	206	206	3	18	8.74	11	5.34
291	data/reference/motifs/JASPAR2026_CORE_plants_non-redundant_pfms_meme.txt	MA2046.2	NAC035	CACGGCA	7.00e-2	1.00e0	9.27e2	403	206	206	206	12	9	4.37	3	1.46
292	data/reference/motifs/JASPAR2026_CORE_plants_non-redundant_pfms_meme.txt	MA2343.1	MYB3R3	CGCCGTTA	7.22e-2	1.00e0	9.27e2	398	206	206	206	6	77	37.38	62	30.10
293	data/reference/motifs/JASPAR2026_CORE_plants_non-redundant_pfms_meme.txt	MA2431.1	SPL15A	AGCGGTASTACCGC	3.45e-1	1.00e0	9.27e2	68	206	206	206	1	36	17.48	32	15.53
294	data/reference/motifs/JASPAR2026_CORE_plants_non-redundant_pfms_meme.txt	MA1282.2	TCP13	GTGGGGACCAC	3.08e-1	1.00e0	9.27e2	79	206	206	206	1	42	20.39	37	17.96
295	data/reference/motifs/JASPAR2026_CORE_plants_non-redundant_pfms_meme.txt	MA1360.3	bHLH74	CACGTG	1.16e-1	1.00e0	9.27e2	251	206	206	206	4	39	18.93	29	14.08
296	data/reference/motifs/JASPAR2026_CORE_plants_non-redundant_pfms_meme.txt	MA2435.1	SPL16D	GCGGTASTACCGC	3.08e-1	1.00e0	9.27e2	79	206	206	206	1	42	20.39	37	17.96
297	data/reference/motifs/JASPAR2026_CORE_plants_non-redundant_pfms_meme.txt	MA1198.2	HAT2	YAATCATT	7.20e-2	1.00e0	9.27e2	407	206	206	206	3	178	86.41	166	80.58
298	data/reference/motifs/JASPAR2026_CORE_plants_non-redundant_pfms_meme.txt	MA1417.2	O2	TGCCACGTCATC	2.29e-1	1.00e0	9.27e2	130	206	206	206	1	69	33.50	61	29.61
299	data/reference/motifs/JASPAR2026_CORE_plants_non-redundant_pfms_meme.txt	MA1177.2	MYB65	TAACCGHM	7.26e-2	1.00e0	9.27e2	411	206	206	206	8	61	29.61	47	22.82
300	data/reference/motifs/JASPAR2026_CORE_plants_non-redundant_pfms_meme.txt	MA1308.2	WRKY70	CGTTGACTTT	2.25e-1	1.00e0	9.27e2	133	206	206	206	3	5	2.43	2	0.97
301	data/reference/motifs/JASPAR2026_CORE_plants_non-redundant_pfms_meme.txt	MA1265.3	ERF015	CACCGACA	1.08e-1	1.00e0	9.27e2	278	206	206	206	7	5	2.43	1	0.49
302	data/reference/motifs/JASPAR2026_CORE_plants_non-redundant_pfms_meme.txt	MA1371.2	IDD4	ASAAAAMGACAAAAA	1.39e-1	1.00e0	9.27e2	218	206	206	206	1	115	55.83	103	50.00
303	data/reference/motifs/JASPAR2026_CORE_plants_non-redundant_pfms_meme.txt	MA1222.1	ERF014	CCDCCDCCACCGMCA	2.87e-1	1.00e0	9.27e2	106	206	206	206	1	56	27.18	50	24.27
304	data/reference/motifs/JASPAR2026_CORE_plants_non-redundant_pfms_meme.txt	MA0569.2	MYC4	CACGTGC	1.08e-1	1.00e0	9.27e2	284	206	206	206	8	5	2.43	1	0.49
305	data/reference/motifs/JASPAR2026_CORE_plants_non-redundant_pfms_meme.txt	MA1230.2	ERF037	YCACCGACA	2.79e-1	1.00e0	9.27e2	94	206	206	206	1	50	24.27	44	21.36
306	data/reference/motifs/JASPAR2026_CORE_plants_non-redundant_pfms_meme.txt	MA1834.2	Zm00001d034298	CCACGCG	7.83e-2	1.00e0	9.27e2	394	206	206	206	11	22	10.68	13	6.31
307	data/reference/motifs/JASPAR2026_CORE_plants_non-redundant_pfms_meme.txt	MA2377.1	cassava45561.m1	GGGSCCCAC	9.09e-2	1.00e0	9.27e2	340	206	206	206	2	139	67.48	125	60.68
308	data/reference/motifs/JASPAR2026_CORE_plants_non-redundant_pfms_meme.txt	MA2437.1	SPL19B	GCGGTASTACCGC	8.39e-1	1.00e0	9.27e2	17	206	206	206	1	7	3.40	10	4.85
309	data/reference/motifs/JASPAR2026_CORE_plants_non-redundant_pfms_meme.txt	MA2380.1	DOF4.7	TWACTTTTT	7.55e-2	1.00e0	9.27e2	411	206	206	206	9	82	39.81	67	32.52
310	data/reference/motifs/JASPAR2026_CORE_plants_non-redundant_pfms_meme.txt	MA1260.2	ERF013	TGTCGGTGG	2.58e-1	1.00e0	9.27e2	121	206	206	206	1	64	31.07	57	27.67
311	data/reference/motifs/JASPAR2026_CORE_plants_non-redundant_pfms_meme.txt	MA1332.2	BEH2	CACACGTGCR	6.25e-1	1.00e0	9.27e2	32	206	206	206	2	5	2.43	5	2.43
312	data/reference/motifs/JASPAR2026_CORE_plants_non-redundant_pfms_meme.txt	MA2419.1	UB3	GAAGTACAAC	7.83e-2	1.00e0	9.27e2	403	206	206	206	2	193	93.69	184	89.32
313	data/reference/motifs/JASPAR2026_CORE_plants_non-redundant_pfms_meme.txt	MA2006.2	NAC020	GGTTGCKTGTDNMACAAGTAA	5.00e-1	1.00e0	9.27e2	46	206	206	206	4	1	0.49	0	0.00
314	data/reference/motifs/JASPAR2026_CORE_plants_non-redundant_pfms_meme.txt	MA1800.1	TEM1	GCAACATA	8.31e-2	1.00e0	9.27e2	386	206	206	206	4	71	34.47	57	27.67
315	data/reference/motifs/JASPAR2026_CORE_plants_non-redundant_pfms_meme.txt	MA1797.1	RAV2	GCAACATA	1.37e-1	1.00e0	9.27e2	237	206	206	206	3	14	6.80	8	3.88
316	data/reference/motifs/JASPAR2026_CORE_plants_non-redundant_pfms_meme.txt	MA2648.1	GLYMA-19G146000	AAGGTACAC	8.48e-2	1.00e0	9.27e2	384	206	206	206	1	196	95.15	188	91.26
317	data/reference/motifs/JASPAR2026_CORE_plants_non-redundant_pfms_meme.txt	MA1391.3	MYB33	ATAACCGTAW	8.48e-2	1.00e0	9.27e2	384	206	206	206	1	196	95.15	188	91.26
318	data/reference/motifs/JASPAR2026_CORE_plants_non-redundant_pfms_meme.txt	MA1063.2	TCP19	GGSCCCAC	8.48e-2	1.00e0	9.27e2	384	206	206	206	1	196	95.15	188	91.26
319	data/reference/motifs/JASPAR2026_CORE_plants_non-redundant_pfms_meme.txt	MA2411.1	ZmbZIP57	ATGATGTCAT	8.48e-2	1.00e0	9.27e2	384	206	206	206	1	196	95.15	188	91.26
320	data/reference/motifs/JASPAR2026_CORE_plants_non-redundant_pfms_meme.txt	MA0963.1	bHLH78	GCACGTGC	1.90e-1	1.00e0	9.27e2	171	206	206	206	6	8	3.88	4	1.94
321	data/reference/motifs/JASPAR2026_CORE_plants_non-redundant_pfms_meme.txt	MA1068.3	TGA2	ATGACGTCAY	3.24e-1	1.00e0	9.27e2	101	206	206	206	1	53	25.73	48	23.30
322	data/reference/motifs/JASPAR2026_CORE_plants_non-redundant_pfms_meme.txt	MA2732.1	Sl-ERF_C_4	YCGCCGCCGCCR	2.24e-1	1.00e0	9.27e2	147	206	206	206	2	42	20.39	35	16.99
323	data/reference/motifs/JASPAR2026_CORE_plants_non-redundant_pfms_meme.txt	MA1398.3	KUA1	CTTATCCA	8.00e-2	1.00e0	9.27e2	412	206	206	206	8	91	44.17	76	36.89
324	data/reference/motifs/JASPAR2026_CORE_plants_non-redundant_pfms_meme.txt	MA0942.2	ARF1	ACCGACA	1.08e-1	1.00e0	9.27e2	307	206	206	206	5	16	7.77	9	4.37
325	data/reference/motifs/JASPAR2026_CORE_plants_non-redundant_pfms_meme.txt	MA1373.1	GAF1	HABWAAACGACAAAA	1.42e-1	1.00e0	9.27e2	233	206	206	206	4	6	2.91	2	0.97
326	data/reference/motifs/JASPAR2026_CORE_plants_non-redundant_pfms_meme.txt	MA2619.1	ereb18	CCGCCGCCGCCCGCC	3.31e-1	1.00e0	9.27e2	101	206	206	206	2	29	14.08	25	12.14
327	data/reference/motifs/JASPAR2026_CORE_plants_non-redundant_pfms_meme.txt	MA1747.2	DOF4.3	WAAAGWRGCTTTW	3.12e-1	1.00e0	9.27e2	89	206	206	206	3	3	1.46	1	0.49
328	data/reference/motifs/JASPAR2026_CORE_plants_non-redundant_pfms_meme.txt	MA0971.2	DREB1A	ATGTCGGY	1.05e-1	1.00e0	9.27e2	317	206	206	206	5	21	10.19	13	6.31
329	data/reference/motifs/JASPAR2026_CORE_plants_non-redundant_pfms_meme.txt	MA2440.1	SPL2B	GCGGTASTACCGC	3.95e-1	1.00e0	9.27e2	67	206	206	206	1	35	16.99	32	15.53
330	data/reference/motifs/JASPAR2026_CORE_plants_non-redundant_pfms_meme.txt	MA2375.1	BMY2	SRCACGTGTGR	3.43e-1	1.00e0	9.27e2	80	206	206	206	3	4	1.94	2	0.97
331	data/reference/motifs/JASPAR2026_CORE_plants_non-redundant_pfms_meme.txt	MA2373.1	AZF2	ASTG	8.12e-2	1.00e0	9.27e2	412	206	206	206	87	151	73.30	137	66.50
332	data/reference/motifs/JASPAR2026_CORE_plants_non-redundant_pfms_meme.txt	MA2653.1	GLYMA-03G042700	GTTTGACTTT	8.60e-2	1.00e0	9.27e2	398	206	206	206	9	10	4.85	4	1.94
333	data/reference/motifs/JASPAR2026_CORE_plants_non-redundant_pfms_meme.txt	MA2613.1	ereb34	GCCGCCGCCGCCCS	3.16e-1	1.00e0	9.27e2	89	206	206	206	1	47	22.82	42	20.39
334	data/reference/motifs/JASPAR2026_CORE_plants_non-redundant_pfms_meme.txt	MA2017.2	JUB1	ACGGCGA	1.12e-1	1.00e0	9.27e2	305	206	206	206	4	48	23.30	37	17.96
335	data/reference/motifs/JASPAR2026_CORE_plants_non-redundant_pfms_meme.txt	MA1025.2	HBI1	GCACGTG	1.08e-1	1.00e0	9.27e2	318	206	206	206	8	5	2.43	1	0.49
336	data/reference/motifs/JASPAR2026_CORE_plants_non-redundant_pfms_meme.txt	MA1084.1	WRKY38	CGTTGACC	8.60e-2	1.00e0	9.27e2	398	206	206	206	1	202	98.06	196	95.15
337	data/reference/motifs/JASPAR2026_CORE_plants_non-redundant_pfms_meme.txt	MA2757.1	pbf1	ATAAAGT	8.37e-2	1.00e0	9.27e2	412	206	206	206	22	23	11.17	14	6.80
338	data/reference/motifs/JASPAR2026_CORE_plants_non-redundant_pfms_meme.txt	MA1190.2	RVE5	AGATATTTT	9.84e-2	1.00e0	9.27e2	358	206	206	206	4	42	20.39	31	15.05
339	data/reference/motifs/JASPAR2026_CORE_plants_non-redundant_pfms_meme.txt	MA1829.2	Zm00001d035604	ACCTAAC	8.60e-2	1.00e0	9.27e2	412	206	206	206	21	10	4.85	4	1.94
340	data/reference/motifs/JASPAR2026_CORE_plants_non-redundant_pfms_meme.txt	MA0573.2	ATHB-9	GTAATGATTRCDYBS	8.15e-1	1.00e0	9.27e2	21	206	206	206	1	9	4.37	12	5.83
341	data/reference/motifs/JASPAR2026_CORE_plants_non-redundant_pfms_meme.txt	MA1000.3	ERF105	RYGGCGGCGG	3.12e-1	1.00e0	9.27e2	94	206	206	206	4	3	1.46	1	0.49
342	data/reference/motifs/JASPAR2026_CORE_plants_non-redundant_pfms_meme.txt	MA2372.1	AZF1	WCACTVWCW	8.48e-2	1.00e0	9.27e2	411	206	206	206	3	196	95.15	188	91.26
343	data/reference/motifs/JASPAR2026_CORE_plants_non-redundant_pfms_meme.txt	MA0967.1	BZIP60	TGACGTCA	8.73e-2	1.00e0	9.27e2	395	206	206	206	6	144	69.90	130	63.11
344	data/reference/motifs/JASPAR2026_CORE_plants_non-redundant_pfms_meme.txt	MA1808.3	GLYMA-06G314400	GACACGTGGC	2.49e-1	1.00e0	9.27e2	303	206	206	206	12	2	0.97	0	0.00
345	data/reference/motifs/JASPAR2026_CORE_plants_non-redundant_pfms_meme.txt	MA1811.3	GLYMA-13G317000	GGACACSTGTCA	1.97e-1	1.00e0	9.27e2	236	206	206	206	4	22	10.68	16	7.77
346	data/reference/motifs/JASPAR2026_CORE_plants_non-redundant_pfms_meme.txt	MA2670.1	GLYMA-15G168800	CAATGATTG	2.05e-1	1.00e0	9.27e2	333	206	206	206	6	15	7.28	10	4.85
347	data/reference/motifs/JASPAR2026_CORE_plants_non-redundant_pfms_meme.txt	MA2668.1	GLYMA-20G155100	RCCGACAT	5.00e-1	1.00e0	9.27e2	278	206	206	206	3	37	17.96	36	17.48
348	data/reference/motifs/JASPAR2026_CORE_plants_non-redundant_pfms_meme.txt	MA2665.1	GLYMA-11G053600	CACCGACAC	3.79e-1	1.00e0	9.27e2	338	206	206	206	3	75	36.41	71	34.47
349	data/reference/motifs/JASPAR2026_CORE_plants_non-redundant_pfms_meme.txt	MA2663.1	GLYMA-02G261700	TCACCGACATA	2.87e-1	1.00e0	9.27e2	275	206	206	206	5	8	3.88	5	2.43
350	data/reference/motifs/JASPAR2026_CORE_plants_non-redundant_pfms_meme.txt	MA2661.1	GLYMA-03G081700	CTACGTGGCA	2.34e-1	1.00e0	9.27e2	369	206	206	206	4	75	36.41	67	32.52
351	data/reference/motifs/JASPAR2026_CORE_plants_non-redundant_pfms_meme.txt	MA2660.1	GLYMA-12G168700	WWWTGTAATTACAWWW	5.00e-1	1.00e0	9.27e2	365	206	206	206	9	31	15.05	30	14.56
352	data/reference/motifs/JASPAR2026_CORE_plants_non-redundant_pfms_meme.txt	MA2657.1	GLYMA-14G028900	AAAAGTCAAA	9.59e-2	1.00e0	9.27e2	398	206	206	206	2	176	85.44	165	80.10
353	data/reference/motifs/JASPAR2026_CORE_plants_non-redundant_pfms_meme.txt	MA2656.1	GLYMA-14G006800	TGGTCAACCA	3.40e-1	1.00e0	9.27e2	387	206	206	206	1	195	94.66	192	93.20
354	data/reference/motifs/JASPAR2026_CORE_plants_non-redundant_pfms_meme.txt	MA2652.1	GLYMA-01G053800	AGTTGAC	2.67e-1	1.00e0	9.27e2	399	206	206	206	5	74	35.92	67	32.52
355	data/reference/motifs/JASPAR2026_CORE_plants_non-redundant_pfms_meme.txt	MA2651.1	GLYMA-20G154400	GGGCCCCAC	2.12e-1	1.00e0	9.27e2	243	206	206	206	1	126	61.17	117	56.80
356	data/reference/motifs/JASPAR2026_CORE_plants_non-redundant_pfms_meme.txt	MA2646.1	GLYMA-11G083900	GTACGGA	5.00e-1	1.00e0	9.27e2	267	206	206	206	5	4	1.94	3	1.46
357	data/reference/motifs/JASPAR2026_CORE_plants_non-redundant_pfms_meme.txt	MA2644.1	GLYMA-14G030700	AACGACGGCA	3.79e-1	1.00e0	9.27e2	250	206	206	206	2	76	36.89	72	34.95
358	data/reference/motifs/JASPAR2026_CORE_plants_non-redundant_pfms_meme.txt	MA2643.1	SNAC23	YACGGAACT	2.49e-1	1.00e0	9.27e2	382	206	206	206	11	2	0.97	0	0.00
359	data/reference/motifs/JASPAR2026_CORE_plants_non-redundant_pfms_meme.txt	MA2642.1	GLYMA-10G230700	AAGATATTTWTW	3.00e-1	1.00e0	9.27e2	366	206	206	206	8	9	4.37	6	2.91
360	data/reference/motifs/JASPAR2026_CORE_plants_non-redundant_pfms_meme.txt	MA2641.1	GLYMA-01G038600	CCTTATCCA	2.49e-1	1.00e0	9.27e2	402	206	206	206	12	2	0.97	0	0.00
361	data/reference/motifs/JASPAR2026_CORE_plants_non-redundant_pfms_meme.txt	MA2640.1	GLYMA-19G062000	GTAACAGTTAC	2.24e-1	1.00e0	9.27e2	335	206	206	206	1	171	83.01	164	79.61
362	data/reference/motifs/JASPAR2026_CORE_plants_non-redundant_pfms_meme.txt	MA2480.1	GLYMA-04G093300	CTAATC	1.13e-1	1.00e0	9.27e2	369	206	206	206	5	38	18.45	28	13.59
363	data/reference/motifs/JASPAR2026_CORE_plants_non-redundant_pfms_meme.txt	MA2745.1	SlWRKY81	AAGTCAAC	2.15e-1	1.00e0	9.27e2	399	206	206	206	5	111	53.88	102	49.51
364	data/reference/motifs/JASPAR2026_CORE_plants_non-redundant_pfms_meme.txt	MA2740.1	SlTCP15	GTGGGACCCA	1.69e-1	1.00e0	9.27e2	265	206	206	206	8	7	3.40	3	1.46
365	data/reference/motifs/JASPAR2026_CORE_plants_non-redundant_pfms_meme.txt	MA2738.1	Cnr	TCCGTACAAA	1.13e-1	1.00e0	9.27e2	394	206	206	206	2	178	86.41	168	81.55
366	data/reference/motifs/JASPAR2026_CORE_plants_non-redundant_pfms_meme.txt	MA2737.1	SlERF36	CMGCCGCCAC	3.86e-1	1.00e0	9.27e2	284	206	206	206	10	7	3.40	5	2.43
367	data/reference/motifs/JASPAR2026_CORE_plants_non-redundant_pfms_meme.txt	MA2734.1	Sl-ERF_F_5	CCGCCGCCGCCRCCRCC	4.48e-1	1.00e0	9.27e2	72	206	206	206	1	37	17.96	35	16.99
368	data/reference/motifs/JASPAR2026_CORE_plants_non-redundant_pfms_meme.txt	MA2733.1	Sl-ERF_F_4	GCMGCMGCCGCCGCCGYCR	6.26e-1	1.00e0	9.27e2	43	206	206	206	1	21	10.19	22	10.68
369	data/reference/motifs/JASPAR2026_CORE_plants_non-redundant_pfms_meme.txt	MA2731.1	sep3	WTTTCCAAAAAGGGAAAAAAW	5.00e-1	1.00e0	9.27e2	56	206	206	206	2	3	1.46	2	0.97
370	data/reference/motifs/JASPAR2026_CORE_plants_non-redundant_pfms_meme.txt	MA2730.1	Solyc01g079480	YSACGTGKCA	2.08e-1	1.00e0	9.27e2	257	206	206	206	1	133	64.56	124	60.19
371	data/reference/motifs/JASPAR2026_CORE_plants_non-redundant_pfms_meme.txt	MA2727.1	SolycHsfA7	TTCYAGAA	3.12e-1	1.00e0	9.27e2	387	206	206	206	12	3	1.46	1	0.49
372	data/reference/motifs/JASPAR2026_CORE_plants_non-redundant_pfms_meme.txt	MA2726.1	SlWRKY41	GTTGACTT	4.04e-1	1.00e0	9.27e2	392	206	206	206	6	44	21.36	41	19.90
373	data/reference/motifs/JASPAR2026_CORE_plants_non-redundant_pfms_meme.txt	MA2725.1	SlWRKY6	AAAGTCAAC	1.79e-1	1.00e0	9.27e2	407	206	206	206	8	39	18.93	31	15.05
374	data/reference/motifs/JASPAR2026_CORE_plants_non-redundant_pfms_meme.txt	MA2722.1	Sl-ERF_F_2	CGGCGGCKGCGGCGR	6.74e-1	1.00e0	9.27e2	50	206	206	206	1	24	11.65	26	12.62
375	data/reference/motifs/JASPAR2026_CORE_plants_non-redundant_pfms_meme.txt	MA2720.1	nacnor	ACACGTAACT	5.00e-1	1.00e0	9.27e2	373	206	206	206	1	187	90.78	186	90.29
376	data/reference/motifs/JASPAR2026_CORE_plants_non-redundant_pfms_meme.txt	MA2719.1	lat61	CRCACGTGYG	5.00e-1	1.00e0	9.27e2	72	206	206	206	6	3	1.46	2	0.97
377	data/reference/motifs/JASPAR2026_CORE_plants_non-redundant_pfms_meme.txt	MA2718.1	Sl-ERF_A_3	GGYGGCGGCGGCGGCGG	7.28e-1	1.00e0	9.27e2	34	206	206	206	3	5	2.43	6	2.91
378	data/reference/motifs/JASPAR2026_CORE_plants_non-redundant_pfms_meme.txt	MA2717.1	eil2	AGATTCR	2.40e-1	1.00e0	9.27e2	412	206	206	206	6	191	92.72	186	90.29
379	data/reference/motifs/JASPAR2026_CORE_plants_non-redundant_pfms_meme.txt	MA2716.1	dreb3	CCACCGACCA	2.78e-1	1.00e0	9.27e2	292	206	206	206	4	29	14.08	24	11.65
380	data/reference/motifs/JASPAR2026_CORE_plants_non-redundant_pfms_meme.txt	MA2715.1	Solyc03g124110	RTCTATGTCGGYWAA	5.00e-1	1.00e0	9.27e2	85	206	206	206	3	1	0.49	0	0.00
381	data/reference/motifs/JASPAR2026_CORE_plants_non-redundant_pfms_meme.txt	MA2714.1	APETALA2a	ATTACCTCGTACYA	7.51e-1	1.00e0	9.27e2	107	206	206	206	3	1	0.49	1	0.49
382	data/reference/motifs/JASPAR2026_CORE_plants_non-redundant_pfms_meme.txt	MA2713.1	SlDof14	CTTTTTC	2.87e-1	1.00e0	9.27e2	409	206	206	206	11	8	3.88	5	2.43
383	data/reference/motifs/JASPAR2026_CORE_plants_non-redundant_pfms_meme.txt	MA2712.1	eil1	TCTAGATACATTGAATCT	3.64e-1	1.00e0	9.27e2	98	206	206	206	1	51	24.76	47	22.82
384	data/reference/motifs/JASPAR2026_CORE_plants_non-redundant_pfms_meme.txt	MA2711.1	SolycHsfB2b	TTCTAGAA	2.43e-1	1.00e0	9.27e2	178	206	206	206	1	93	45.15	85	41.26
385	data/reference/motifs/JASPAR2026_CORE_plants_non-redundant_pfms_meme.txt	MA2710.1	SolycHsfB1	TTCTAGAA	6.88e-1	1.00e0	9.27e2	267	206	206	206	10	2	0.97	2	0.97
386	data/reference/motifs/JASPAR2026_CORE_plants_non-redundant_pfms_meme.txt	MA2708.1	SlDof4	AGAAAAAGTAA	3.00e-1	1.00e0	9.27e2	411	206	206	206	4	200	97.09	197	95.63
387	data/reference/motifs/JASPAR2026_CORE_plants_non-redundant_pfms_meme.txt	MA2752.1	TaOBF1b	TGCCACGTCATCATC	7.51e-1	1.00e0	9.27e2	170	206	206	206	7	1	0.49	1	0.49
388	data/reference/motifs/JASPAR2026_CORE_plants_non-redundant_pfms_meme.txt	MA2751.1	TraesCS2B02G304400	CCACTCGACC	3.07e-1	1.00e0	9.27e2	285	206	206	206	3	41	19.90	36	17.48
389	data/reference/motifs/JASPAR2026_CORE_plants_non-redundant_pfms_meme.txt	MA2750.1	TraesCS7B02G142200	TGTACGGAC	2.49e-1	1.00e0	9.27e2	300	206	206	206	9	2	0.97	0	0.00
390	data/reference/motifs/JASPAR2026_CORE_plants_non-redundant_pfms_meme.txt	MA2749.1	TraesCS2D02G576500	GAAGCAAC	4.05e-1	1.00e0	9.27e2	402	206	206	206	9	10	4.85	8	3.88
391	data/reference/motifs/JASPAR2026_CORE_plants_non-redundant_pfms_meme.txt	MA2762.1	myb53	AGTTAGGCAC	2.49e-1	1.00e0	9.27e2	325	206	206	206	8	2	0.97	0	0.00
392	data/reference/motifs/JASPAR2026_CORE_plants_non-redundant_pfms_meme.txt	MA2761.1	myb100	TRCCTAACTT	5.00e-1	1.00e0	9.27e2	399	206	206	206	9	8	3.88	7	3.40
393	data/reference/motifs/JASPAR2026_CORE_plants_non-redundant_pfms_meme.txt	MA2760.1	p2	CACCTAAC	2.05e-1	1.00e0	9.27e2	407	206	206	206	12	15	7.28	10	4.85
394	data/reference/motifs/JASPAR2026_CORE_plants_non-redundant_pfms_meme.txt	MA2759.1	ereb7	GCGGCGGCGGCGG	1.00e0	1.00e0	9.27e2	3	206	206	206	1	0	0.00	2	0.97
395	data/reference/motifs/JASPAR2026_CORE_plants_non-redundant_pfms_meme.txt	MA2756.1	dfo23	TACCTTTTTCT	1.71e-1	1.00e0	9.27e2	412	206	206	206	5	178	86.41	170	82.52
396	data/reference/motifs/JASPAR2026_CORE_plants_non-redundant_pfms_meme.txt	MA2754.1	wrky38	CGTGGACC	4.41e-1	1.00e0	9.27e2	377	206	206	206	8	27	13.11	25	12.14
397	data/reference/motifs/JASPAR2026_CORE_plants_non-redundant_pfms_meme.txt	MA2753.1	cpp8	GAATTTGAAW	1.86e-1	1.00e0	9.27e2	412	206	206	206	3	205	99.51	202	98.06
398	data/reference/motifs/JASPAR2026_CORE_plants_non-redundant_pfms_meme.txt	MA2627.1	bzip9	CACGTCA	3.64e-1	1.00e0	9.27e2	403	206	206	206	8	51	24.76	47	22.82
399	data/reference/motifs/JASPAR2026_CORE_plants_non-redundant_pfms_meme.txt	MA2626.1	bzip40	GTGACGTGGC	2.23e-1	1.00e0	9.27e2	371	206	206	206	11	10	4.85	6	2.91
400	data/reference/motifs/JASPAR2026_CORE_plants_non-redundant_pfms_meme.txt	MA2624.1	myb37	TAACCGAA	1.62e-1	1.00e0	9.27e2	411	206	206	206	4	189	91.75	182	88.35
401	data/reference/motifs/JASPAR2026_CORE_plants_non-redundant_pfms_meme.txt	MA2620.1	g2	CCTTATCC	2.76e-1	1.00e0	9.27e2	404	206	206	206	5	116	56.31	109	52.91
402	data/reference/motifs/JASPAR2026_CORE_plants_non-redundant_pfms_meme.txt	MA2618.1	ereb102	CGACGGCGA	3.01e-1	1.00e0	9.27e2	244	206	206	206	2	72	34.95	66	32.04
403	data/reference/motifs/JASPAR2026_CORE_plants_non-redundant_pfms_meme.txt	MA2614.1	ereb198	SCGCCGCCGCCR	5.00e-1	1.00e0	9.27e2	73	206	206	206	16	1	0.49	0	0.00
404	data/reference/motifs/JASPAR2026_CORE_plants_non-redundant_pfms_meme.txt	MA2612.1	ereb147	ACGCCGAC	1.71e-1	1.00e0	9.27e2	301	206	206	206	4	50	24.27	41	19.90
405	data/reference/motifs/JASPAR2026_CORE_plants_non-redundant_pfms_meme.txt	MA2609.1	ereb172	CAGCCGCA	3.12e-1	1.00e0	9.27e2	353	206	206	206	16	3	1.46	1	0.49
406	data/reference/motifs/JASPAR2026_CORE_plants_non-redundant_pfms_meme.txt	MA2607.1	tcptf23	GGGACCAC	3.77e-1	1.00e0	9.27e2	345	206	206	206	2	140	67.96	136	66.02
407	data/reference/motifs/JASPAR2026_CORE_plants_non-redundant_pfms_meme.txt	MA2606.1	mybr43	CCTTATCC	1.66e-1	1.00e0	9.27e2	407	206	206	206	7	66	32.04	56	27.18
408	data/reference/motifs/JASPAR2026_CORE_plants_non-redundant_pfms_meme.txt	MA2605.1	mybr26	CCTTATCC	5.00e-1	1.00e0	9.27e2	408	206	206	206	13	6	2.91	5	2.43
409	data/reference/motifs/JASPAR2026_CORE_plants_non-redundant_pfms_meme.txt	MA2604.1	dof22	ACTTTTAC	3.86e-1	1.00e0	9.27e2	412	206	206	206	8	201	97.57	199	96.60
410	data/reference/motifs/JASPAR2026_CORE_plants_non-redundant_pfms_meme.txt	MA2473.1	HB88	TTGATTG	1.23e-1	1.00e0	9.27e2	412	206	206	206	26	32	15.53	23	11.17
411	data/reference/motifs/JASPAR2026_CORE_plants_non-redundant_pfms_meme.txt	MA1378.2	AIL6	TCCTCGA	8.73e-2	1.00e0	9.27e2	407	206	206	206	9	76	36.89	62	30.10
412	data/reference/motifs/JASPAR2026_CORE_plants_non-redundant_pfms_meme.txt	MA1776.3	MYB67	TACCTAACA	1.42e-1	1.00e0	9.27e2	399	206	206	206	11	6	2.91	2	0.97
413	data/reference/motifs/JASPAR2026_CORE_plants_non-redundant_pfms_meme.txt	MA2639.1	FUL::SOC1	TTCCATTTTTGG	5.39e-1	1.00e0	9.27e2	408	206	206	206	5	110	53.40	110	53.40
414	data/reference/motifs/JASPAR2026_CORE_plants_non-redundant_pfms_meme.txt	MA2638.1	FUL::SEP3	TTWCTATTTATAGTAA	3.11e-1	1.00e0	9.27e2	222	206	206	206	1	114	55.34	108	52.43
415	data/reference/motifs/JASPAR2026_CORE_plants_non-redundant_pfms_meme.txt	MA2637.1	FUL::AG::SEP3	WTWCCAWAAATAGAAA	5.00e-1	1.00e0	9.27e2	392	206	206	206	12	1	0.49	0	0.00
416	data/reference/motifs/JASPAR2026_CORE_plants_non-redundant_pfms_meme.txt	MA2636.1	FUL::AG	WCTTTCCATTTTTRGAAA	3.11e-1	1.00e0	9.27e2	206	206	206	206	1	106	51.46	100	48.54
417	data/reference/motifs/JASPAR2026_CORE_plants_non-redundant_pfms_meme.txt	MA2635.1	FUL	TTWCCAWAAATAGAAA	5.39e-1	1.00e0	9.27e2	307	206	206	206	2	96	46.60	96	46.60
418	data/reference/motifs/JASPAR2026_CORE_plants_non-redundant_pfms_meme.txt	MA2634.1	EIN3	AGATTCATTGAATCT	2.34e-1	1.00e0	9.27e2	200	206	206	206	4	19	9.22	14	6.80
419	data/reference/motifs/JASPAR2026_CORE_plants_non-redundant_pfms_meme.txt	MA2502.1	TMF	CTACAGTA	9.83e-2	1.00e0	9.27e2	403	206	206	206	5	123	59.71	109	52.91
420	data/reference/motifs/JASPAR2026_CORE_plants_non-redundant_pfms_meme.txt	MA2499.1	LSH2	TACTGTTCA	1.07e-1	1.00e0	9.27e2	403	206	206	206	7	78	37.86	65	31.55
421	data/reference/motifs/JASPAR2026_CORE_plants_non-redundant_pfms_meme.txt	MA1355.2	TRB2	WARCCCTAAWT	9.38e-1	1.00e0	9.27e2	167	206	206	206	4	1	0.49	3	1.46
422	data/reference/motifs/JASPAR2026_CORE_plants_non-redundant_pfms_meme.txt	MA1353.2	AT1G72740	RWTTAGGGTTT	8.21e-1	1.00e0	9.27e2	216	206	206	206	3	14	6.80	18	8.74
423	data/reference/motifs/JASPAR2026_CORE_plants_non-redundant_pfms_meme.txt	MA1322.3	SPL9	TCCGTAC	1.08e-1	1.00e0	9.27e2	382	206	206	206	10	5	2.43	1	0.49
424	data/reference/motifs/JASPAR2026_CORE_plants_non-redundant_pfms_meme.txt	MA1055.3	SPL1	TGTACGGA	2.49e-1	1.00e0	9.27e2	346	206	206	206	11	2	0.97	0	0.00
425	data/reference/motifs/JASPAR2026_CORE_plants_non-redundant_pfms_meme.txt	MA0577.4	SPL3	TGTACGGA	1.42e-1	1.00e0	9.27e2	301	206	206	206	6	6	2.91	2	0.97
426	data/reference/motifs/JASPAR2026_CORE_plants_non-redundant_pfms_meme.txt	MA2479.1	TCX5	ATTCAAAT	1.37e-1	1.00e0	9.27e2	410	206	206	206	3	198	96.12	192	93.20
427	data/reference/motifs/JASPAR2026_CORE_plants_non-redundant_pfms_meme.txt	MA1799.2	SPL10	GTACGR	1.37e-1	1.00e0	9.27e2	400	206	206	206	5	123	59.71	111	53.88
428	data/reference/motifs/JASPAR2026_CORE_plants_non-redundant_pfms_meme.txt	MA1321.2	SPL13A	TGTACGGA	1.75e-1	1.00e0	9.27e2	272	206	206	206	1	141	68.45	131	63.59
429	data/reference/motifs/JASPAR2026_CORE_plants_non-redundant_pfms_meme.txt	MA1320.2	SPL15	TGTACGGA	4.09e-1	1.00e0	9.27e2	99	206	206	206	1	51	24.76	48	23.30
430	data/reference/motifs/JASPAR2026_CORE_plants_non-redundant_pfms_meme.txt	MA1060.2	SPL7	CGTACG	3.08e-1	1.00e0	9.27e2	399	206	206	206	7	125	60.68	119	57.77
431	data/reference/motifs/JASPAR2026_CORE_plants_non-redundant_pfms_meme.txt	MA1058.2	SPL4	GTACG	1.15e-1	1.00e0	9.27e2	412	206	206	206	35	126	61.17	113	54.85
432	data/reference/motifs/JASPAR2026_CORE_plants_non-redundant_pfms_meme.txt	MA1056.2	SPL11	CGTACGGA	5.66e-1	1.00e0	9.27e2	199	206	206	206	3	20	9.71	20	9.71
433	data/reference/motifs/JASPAR2026_CORE_plants_non-redundant_pfms_meme.txt	MA0586.3	SPL14	TCCGTAC	5.00e-1	1.00e0	9.27e2	130	206	206	206	3	4	1.94	3	1.46
434	data/reference/motifs/JASPAR2026_CORE_plants_non-redundant_pfms_meme.txt	MA1742.2	BIZP18	TGMCAGCTGK	6.90e-1	1.00e0	9.27e2	212	206	206	206	2	39	18.93	42	20.39
435	data/reference/motifs/JASPAR2026_CORE_plants_non-redundant_pfms_meme.txt	MA1672.2	GBF2	SACGTGGCA	5.00e-1	1.00e0	9.27e2	388	206	206	206	7	38	18.45	37	17.96
436	data/reference/motifs/JASPAR2026_CORE_plants_non-redundant_pfms_meme.txt	MA2477.1	NGA4	TTCAGGTR	1.08e-1	1.00e0	9.27e2	402	206	206	206	11	5	2.43	1	0.49
437	data/reference/motifs/JASPAR2026_CORE_plants_non-redundant_pfms_meme.txt	MA2474.1	HMGB10	TWATAA	5.00e-1	1.00e0	9.27e2	397	206	206	206	19	5	2.43	4	1.94
438	data/reference/motifs/JASPAR2026_CORE_plants_non-redundant_pfms_meme.txt	MA2472.1	AT3G12910	YGSCGTVRWDDHBACGK	6.22e-1	1.00e0	9.27e2	47	206	206	206	1	23	11.17	24	11.65
439	data/reference/motifs/JASPAR2026_CORE_plants_non-redundant_pfms_meme.txt	MA2471.1	SPCH	CACGTG	1.27e-1	1.00e0	9.27e2	345	206	206	206	10	25	12.14	17	8.25
440	data/reference/motifs/JASPAR2026_CORE_plants_non-redundant_pfms_meme.txt	MA2344.1	REV	AATMATCATTATTA	1.96e-1	1.00e0	9.27e2	389	206	206	206	1	197	95.63	192	93.20
441	data/reference/motifs/JASPAR2026_CORE_plants_non-redundant_pfms_meme.txt	MA2460.1	MGH6.1	YGSCGTVRWDDHBACGK	6.22e-1	1.00e0	9.27e2	47	206	206	206	1	23	11.17	24	11.65
442	data/reference/motifs/JASPAR2026_CORE_plants_non-redundant_pfms_meme.txt	MA1203.1	AGL63	TKCCAAAAATGGMAA	3.12e-1	1.00e0	9.27e2	236	206	206	206	5	3	1.46	1	0.49
443	data/reference/motifs/JASPAR2026_CORE_plants_non-redundant_pfms_meme.txt	MA1188.1	At3g11280	AWYCTTATCTTHWY	2.64e-1	1.00e0	9.27e2	401	206	206	206	2	186	90.29	181	87.86
444	data/reference/motifs/JASPAR2026_CORE_plants_non-redundant_pfms_meme.txt	MA1169.1	MYB105	WTHDWWACCGTTA	7.51e-1	1.00e0	9.27e2	224	206	206	206	5	1	0.49	1	0.49
445	data/reference/motifs/JASPAR2026_CORE_plants_non-redundant_pfms_meme.txt	MA1042.1	MYB59	RTTAGGTA	1.90e-1	1.00e0	9.27e2	411	206	206	206	16	8	3.88	4	1.94
446	data/reference/motifs/JASPAR2026_CORE_plants_non-redundant_pfms_meme.txt	MA1040.1	MYB46	GKTAGGTR	2.51e-1	1.00e0	9.27e2	394	206	206	206	10	6	2.91	3	1.46
447	data/reference/motifs/JASPAR2026_CORE_plants_non-redundant_pfms_meme.txt	MA1036.1	MYB111	GKTAGGTR	1.81e-1	1.00e0	9.27e2	404	206	206	206	9	28	13.59	21	10.19
448	data/reference/motifs/JASPAR2026_CORE_plants_non-redundant_pfms_meme.txt	MA1012.1	AGL27	CTTTCYATTTTKGG	3.43e-1	1.00e0	9.27e2	238	206	206	206	4	4	1.94	2	0.97
449	data/reference/motifs/JASPAR2026_CORE_plants_non-redundant_pfms_meme.txt	MA0972.1	CCA1	AAATATCT	5.39e-1	1.00e0	9.27e2	401	206	206	206	5	106	51.46	106	51.46
450	data/reference/motifs/JASPAR2026_CORE_plants_non-redundant_pfms_meme.txt	MA0940.1	AP1	MYAAAAAWRGAAA	1.61e-1	1.00e0	9.27e2	412	206	206	206	6	200	97.09	195	94.66
451	data/reference/motifs/JASPAR2026_CORE_plants_non-redundant_pfms_meme.txt	MA0578.1	SPL8	WWDWHYGTACHHTWWW	3.07e-1	1.00e0	9.27e2	248	206	206	206	1	127	61.65	121	58.74
452	data/reference/motifs/JASPAR2026_CORE_plants_non-redundant_pfms_meme.txt	MA0559.1	PI	CCAAAARWRGAAAR	3.11e-1	1.00e0	9.27e2	402	206	206	206	5	106	51.46	100	48.54
453	data/reference/motifs/JASPAR2026_CORE_plants_non-redundant_pfms_meme.txt	MA0955.2	POPTR_0002s00440g	GTACGG	2.28e-1	1.00e0	9.27e2	412	206	206	206	6	193	93.69	188	91.26
454	data/reference/motifs/JASPAR2026_CORE_plants_non-redundant_pfms_meme.txt	MA0054.1	myb.Ph3	TAACBGTTW	4.51e-1	1.00e0	9.27e2	412	206	206	206	19	42	20.39	40	19.42
455	data/reference/motifs/JASPAR2026_CORE_plants_non-redundant_pfms_meme.txt	MA2483.1	PK20543.1	TTAACC	3.21e-1	1.00e0	9.27e2	412	206	206	206	29	160	77.67	155	75.24
456	data/reference/motifs/JASPAR2026_CORE_plants_non-redundant_pfms_meme.txt	MA2482.1	PK27693.1	TTATC	1.11e-1	1.00e0	9.27e2	412	206	206	206	58	22	10.68	14	6.80
457	data/reference/motifs/JASPAR2026_CORE_plants_non-redundant_pfms_meme.txt	MA2481.1	PK12011.1	AACGG	5.00e-1	1.00e0	9.27e2	412	206	206	206	19	48	23.30	47	22.82
458	data/reference/motifs/JASPAR2026_CORE_plants_non-redundant_pfms_meme.txt	MA2478.1	PK13314.1	GGGCCCAC	1.58e-1	1.00e0	9.27e2	375	206	206	206	4	128	62.14	117	56.80
459	data/reference/motifs/JASPAR2026_CORE_plants_non-redundant_pfms_meme.txt	MA1011.2	PHYPADRAFT_72483	CACGTG	1.00e-1	1.00e0	9.27e2	411	206	206	206	24	70	33.98	57	27.67
460	data/reference/motifs/JASPAR2026_CORE_plants_non-redundant_pfms_meme.txt	MA0988.2	PHYPADRAFT_143875	CACGTG	1.24e-1	1.00e0	9.27e2	391	206	206	206	22	3	1.46	0	0.00
461	data/reference/motifs/JASPAR2026_CORE_plants_non-redundant_pfms_meme.txt	MA2040.2	ENAP2	CTCCGGCGA	5.47e-1	1.00e0	9.27e2	171	206	206	206	2	46	22.33	46	22.33
462	data/reference/motifs/JASPAR2026_CORE_plants_non-redundant_pfms_meme.txt	MA2039.2	ASIL2	CTCCGGCGA	6.83e-1	1.00e0	9.27e2	183	206	206	206	2	44	21.36	47	22.82
463	data/reference/motifs/JASPAR2026_CORE_plants_non-redundant_pfms_meme.txt	MA1662.2	AT3G10030	TTAACAGA	1.42e-1	1.00e0	9.27e2	406	206	206	206	11	6	2.91	2	0.97
464	data/reference/motifs/JASPAR2026_CORE_plants_non-redundant_pfms_meme.txt	MA1661.2	GTL1	GGTTAAAA	1.90e-1	1.00e0	9.27e2	411	206	206	206	3	202	98.06	198	96.12
465	data/reference/motifs/JASPAR2026_CORE_plants_non-redundant_pfms_meme.txt	MA1368.3	GT-4	TAACTATGGTTA	2.88e-1	1.00e0	9.27e2	294	206	206	206	3	57	27.67	51	24.76
466	data/reference/motifs/JASPAR2026_CORE_plants_non-redundant_pfms_meme.txt	MA1366.2	DF1	RGTAAAAA	5.00e-1	1.00e0	9.27e2	411	206	206	206	1	206	100.00	205	99.51
467	data/reference/motifs/JASPAR2026_CORE_plants_non-redundant_pfms_meme.txt	MA1365.3	AT5G47660	GGTAAAA	2.25e-1	1.00e0	9.27e2	410	206	206	206	12	5	2.43	2	0.97
468	data/reference/motifs/JASPAR2026_CORE_plants_non-redundant_pfms_meme.txt	MA2032.2	TRB1	AAACCCTAA	3.11e-1	1.00e0	9.27e2	398	206	206	206	9	10	4.85	7	3.40
469	data/reference/motifs/JASPAR2026_CORE_plants_non-redundant_pfms_meme.txt	MA2031.2	AT5G04760	CTTATCY	3.12e-1	1.00e0	9.27e2	412	206	206	206	16	3	1.46	1	0.49
470	data/reference/motifs/JASPAR2026_CORE_plants_non-redundant_pfms_meme.txt	MA1825.2	Zm00001d044409	CTTATC	1.90e-1	1.00e0	9.27e2	412	206	206	206	15	8	3.88	4	1.94
471	data/reference/motifs/JASPAR2026_CORE_plants_non-redundant_pfms_meme.txt	MA1812.2	ASR1	AGGCCCAAT	6.80e-1	1.00e0	9.27e2	268	206	206	206	4	22	10.68	24	11.65
472	data/reference/motifs/JASPAR2026_CORE_plants_non-redundant_pfms_meme.txt	MA1802.2	TRP5	WAAACCY	2.94e-1	1.00e0	9.27e2	412	206	206	206	35	63	30.58	57	27.67
473	data/reference/motifs/JASPAR2026_CORE_plants_non-redundant_pfms_meme.txt	MA1793.2	NID1	TTATCC	1.03e-1	1.00e0	9.27e2	412	206	206	206	39	44	21.36	33	16.02
474	data/reference/motifs/JASPAR2026_CORE_plants_non-redundant_pfms_meme.txt	MA1408.2	FaEOBII	GTTAGGTA	1.07e-1	1.00e0	9.27e2	411	206	206	206	14	28	13.59	19	9.22
475	data/reference/motifs/JASPAR2026_CORE_plants_non-redundant_pfms_meme.txt	MA1401.2	RVE7	AAAATATCT	2.12e-1	1.00e0	9.27e2	202	206	206	206	2	37	17.96	30	14.56
476	data/reference/motifs/JASPAR2026_CORE_plants_non-redundant_pfms_meme.txt	MA1397.2	AT1G74840	WWTGGATAA	4.17e-1	1.00e0	9.27e2	388	206	206	206	1	195	94.66	193	93.69
477	data/reference/motifs/JASPAR2026_CORE_plants_non-redundant_pfms_meme.txt	MA1194.2	AT3G10580	DWDWRGATAAGVWT	1.31e-1	1.00e0	9.27e2	390	206	206	206	4	83	40.29	71	34.47
478	data/reference/motifs/JASPAR2026_CORE_plants_non-redundant_pfms_meme.txt	MA1193.2	AT2G38090	WDWGGATAAGDAT	5.45e-1	1.00e0	9.27e2	378	206	206	206	2	152	73.79	152	73.79
479	data/reference/motifs/JASPAR2026_CORE_plants_non-redundant_pfms_meme.txt	MA1192.2	DIV1	WRGATAAGRTT	2.49e-1	1.00e0	9.27e2	376	206	206	206	9	2	0.97	0	0.00
480	data/reference/motifs/JASPAR2026_CORE_plants_non-redundant_pfms_meme.txt	MA1191.2	RVE7L	AAAATATCT	2.31e-1	1.00e0	9.27e2	319	206	206	206	3	45	21.84	38	18.45
481	data/reference/motifs/JASPAR2026_CORE_plants_non-redundant_pfms_meme.txt	MA1189.2	AT5G61620	WWWTGGATAAGRWW	2.87e-1	1.00e0	9.27e2	391	206	206	206	8	8	3.88	5	2.43
482	data/reference/motifs/JASPAR2026_CORE_plants_non-redundant_pfms_meme.txt	MA1187.2	RVE4	AGATATTTT	2.06e-1	1.00e0	9.27e2	327	206	206	206	4	35	16.99	28	13.59
483	data/reference/motifs/JASPAR2026_CORE_plants_non-redundant_pfms_meme.txt	MA1186.2	YAB4	AWYCTTATCYW	4.58e-1	1.00e0	9.27e2	404	206	206	206	6	67	32.52	65	31.55
484	data/reference/motifs/JASPAR2026_CORE_plants_non-redundant_pfms_meme.txt	MA1185.2	LHY	AGATATTTT	1.29e-1	1.00e0	9.27e2	339	206	206	206	3	58	28.16	47	22.82
485	data/reference/motifs/JASPAR2026_CORE_plants_non-redundant_pfms_meme.txt	MA1184.2	RVE1	WAAATATCT	1.87e-1	1.00e0	9.27e2	375	206	206	206	3	103	50.00	93	45.15
486	data/reference/motifs/JASPAR2026_CORE_plants_non-redundant_pfms_meme.txt	MA1183.2	RVE6	AGATATTTT	1.43e-1	1.00e0	9.27e2	346	206	206	206	4	38	18.45	29	14.08
487	data/reference/motifs/JASPAR2026_CORE_plants_non-redundant_pfms_meme.txt	MA1182.2	RVE8	AGATATTTT	1.24e-1	1.00e0	9.27e2	324	206	206	206	6	3	1.46	0	0.00
488	data/reference/motifs/JASPAR2026_CORE_plants_non-redundant_pfms_meme.txt	MA0579.2	CDC5	GCTCAGCGC	5.00e-1	1.00e0	9.27e2	260	206	206	206	9	1	0.49	0	0.00
489	data/reference/motifs/JASPAR2026_CORE_plants_non-redundant_pfms_meme.txt	MA2041.2	MYB13	YCACCAACCA	1.69e-1	1.00e0	9.27e2	378	206	206	206	12	7	3.40	3	1.46
490	data/reference/motifs/JASPAR2026_CORE_plants_non-redundant_pfms_meme.txt	MA2029.2	MYB88	ACGCTCCTC	1.88e-1	1.00e0	9.27e2	200	206	206	206	1	105	50.97	95	46.12
491	data/reference/motifs/JASPAR2026_CORE_plants_non-redundant_pfms_meme.txt	MA2028.2	MYB49	TTACCTAACTW	7.51e-1	1.00e0	9.27e2	390	206	206	206	12	1	0.49	1	0.49
492	data/reference/motifs/JASPAR2026_CORE_plants_non-redundant_pfms_meme.txt	MA2027.2	MYB44	HAACGGTCA	6.89e-1	1.00e0	9.27e2	333	206	206	206	6	8	3.88	9	4.37
493	data/reference/motifs/JASPAR2026_CORE_plants_non-redundant_pfms_meme.txt	MA2026.2	MYB108	TACCTAACTT	2.49e-1	1.00e0	9.27e2	374	206	206	206	9	2	0.97	0	0.00
494	data/reference/motifs/JASPAR2026_CORE_plants_non-redundant_pfms_meme.txt	MA2025.2	MYB93	TACCAAAC	1.86e-1	1.00e0	9.27e2	411	206	206	206	20	4	1.94	1	0.49
495	data/reference/motifs/JASPAR2026_CORE_plants_non-redundant_pfms_meme.txt	MA2024.2	MYB63	YCACCTACCAC	5.00e-1	1.00e0	9.27e2	330	206	206	206	6	12	5.83	11	5.34
496	data/reference/motifs/JASPAR2026_CORE_plants_non-redundant_pfms_meme.txt	MA2008.2	MYB99	CACCTAMY	3.67e-1	1.00e0	9.27e2	308	206	206	206	1	156	75.73	152	73.79
497	data/reference/motifs/JASPAR2026_CORE_plants_non-redundant_pfms_meme.txt	MA2007.2	MYB107	CACCAAAC	1.85e-1	1.00e0	9.27e2	411	206	206	206	13	20	9.71	14	6.80
498	data/reference/motifs/JASPAR2026_CORE_plants_non-redundant_pfms_meme.txt	MA1781.2	MYB94	CCAACYACYW	1.22e-1	1.00e0	9.27e2	366	206	206	206	2	147	71.36	135	65.53
499	data/reference/motifs/JASPAR2026_CORE_plants_non-redundant_pfms_meme.txt	MA1780.2	MYB92	ACCTAAC	2.85e-1	1.00e0	9.27e2	382	206	206	206	1	193	93.69	189	91.75
500	data/reference/motifs/JASPAR2026_CORE_plants_non-redundant_pfms_meme.txt	MA1778.2	MYB80	TYYACCTAMYTW	1.73e-1	1.00e0	9.27e2	401	206	206	206	6	51	24.76	42	20.39
501	data/reference/motifs/JASPAR2026_CORE_plants_non-redundant_pfms_meme.txt	MA1773.2	MYB51	YYYACCWACYW	7.13e-1	1.00e0	9.27e2	355	206	206	206	7	6	2.91	7	3.40
502	data/reference/motifs/JASPAR2026_CORE_plants_non-redundant_pfms_meme.txt	MA1772.2	MYB43	YTYACCWAMCWT	1.86e-1	1.00e0	9.27e2	280	206	206	206	5	4	1.94	1	0.49
503	data/reference/motifs/JASPAR2026_CORE_plants_non-redundant_pfms_meme.txt	MA1771.2	MYB41	TYACCTAMYT	6.05e-1	1.00e0	9.27e2	386	206	206	206	6	33	16.02	34	16.50
504	data/reference/motifs/JASPAR2026_CORE_plants_non-redundant_pfms_meme.txt	MA1770.2	MYB40	YTYACCWAMY	1.69e-1	1.00e0	9.27e2	325	206	206	206	6	7	3.40	3	1.46
505	data/reference/motifs/JASPAR2026_CORE_plants_non-redundant_pfms_meme.txt	MA1769.2	MYB39	YYCACCTAMYTT	1.24e-1	1.00e0	9.27e2	355	206	206	206	7	3	1.46	0	0.00
506	data/reference/motifs/JASPAR2026_CORE_plants_non-redundant_pfms_meme.txt	MA1765.2	MYB121	TACCTAACW	1.46e-1	1.00e0	9.27e2	384	206	206	206	8	10	4.85	5	2.43
507	data/reference/motifs/JASPAR2026_CORE_plants_non-redundant_pfms_meme.txt	MA1764.2	MYB116	TGCCTAACTT	7.51e-1	1.00e0	9.27e2	205	206	206	206	5	1	0.49	1	0.49
508	data/reference/motifs/JASPAR2026_CORE_plants_non-redundant_pfms_meme.txt	MA1762.2	MYB10	YCACCWAMCW	3.11e-1	1.00e0	9.27e2	324	206	206	206	5	10	4.85	7	3.40
509	data/reference/motifs/JASPAR2026_CORE_plants_non-redundant_pfms_meme.txt	MA1394.3	MYB73	AACGGTCA	8.35e-1	1.00e0	9.27e2	371	206	206	206	2	142	68.93	150	72.82
510	data/reference/motifs/JASPAR2026_CORE_plants_non-redundant_pfms_meme.txt	MA1393.3	MYB70	AACCGTT	5.00e-1	1.00e0	9.27e2	393	206	206	206	1	197	95.63	196	95.15
511	data/reference/motifs/JASPAR2026_CORE_plants_non-redundant_pfms_meme.txt	MA1392.3	MYB98	WMCGTTAC	2.21e-1	1.00e0	9.27e2	340	206	206	206	4	27	13.11	21	10.19
512	data/reference/motifs/JASPAR2026_CORE_plants_non-redundant_pfms_meme.txt	MA1294.2	MYB62	WAGTTAGGY	7.51e-1	1.00e0	9.27e2	382	206	206	206	11	1	0.49	1	0.49
513	data/reference/motifs/JASPAR2026_CORE_plants_non-redundant_pfms_meme.txt	MA1293.2	MYB57	TACCTAACTT	8.14e-1	1.00e0	9.27e2	113	206	206	206	3	2	0.97	3	1.46
514	data/reference/motifs/JASPAR2026_CORE_plants_non-redundant_pfms_meme.txt	MA1292.2	MYB27	AAAAATTAGGTA	5.00e-1	1.00e0	9.27e2	128	206	206	206	4	1	0.49	0	0.00
515	data/reference/motifs/JASPAR2026_CORE_plants_non-redundant_pfms_meme.txt	MA1181.2	MYB113	AKTYMGTTAT	9.07e-2	1.00e0	9.27e2	404	206	206	206	7	31	15.05	21	10.19
516	data/reference/motifs/JASPAR2026_CORE_plants_non-redundant_pfms_meme.txt	MA1180.2	MYB3R4	WWWTRACCGTTR	5.00e-1	1.00e0	9.27e2	170	206	206	206	8	1	0.49	0	0.00
517	data/reference/motifs/JASPAR2026_CORE_plants_non-redundant_pfms_meme.txt	MA1179.2	MYB1	ACSGTTA	5.00e-1	1.00e0	9.27e2	333	206	206	206	9	1	0.49	0	0.00
518	data/reference/motifs/JASPAR2026_CORE_plants_non-redundant_pfms_meme.txt	MA1178.3	MYB3R1	TAACGGTC	6.95e-1	1.00e0	9.27e2	374	206	206	206	1	186	90.29	188	91.26
519	data/reference/motifs/JASPAR2026_CORE_plants_non-redundant_pfms_meme.txt	MA1176.2	MYB119	RWCCGTTACA	7.19e-1	1.00e0	9.27e2	291	206	206	206	3	26	12.62	29	14.08
520	data/reference/motifs/JASPAR2026_CORE_plants_non-redundant_pfms_meme.txt	MA1175.2	MYB81	TAACHGWWT	8.89e-2	1.00e0	9.27e2	412	206	206	206	3	199	96.60	192	93.20
521	data/reference/motifs/JASPAR2026_CORE_plants_non-redundant_pfms_meme.txt	MA1174.2	MYB56	ATAACGGWHW	1.84e-1	1.00e0	9.27e2	388	206	206	206	3	126	61.17	116	56.31
522	data/reference/motifs/JASPAR2026_CORE_plants_non-redundant_pfms_meme.txt	MA1172.2	MYB3R5	AAWWDTDACCGTTR	5.00e-1	1.00e0	9.27e2	151	206	206	206	7	1	0.49	0	0.00
523	data/reference/motifs/JASPAR2026_CORE_plants_non-redundant_pfms_meme.txt	MA1171.2	MYB52	ACCGTTA	5.00e-1	1.00e0	9.27e2	193	206	206	206	7	1	0.49	0	0.00
524	data/reference/motifs/JASPAR2026_CORE_plants_non-redundant_pfms_meme.txt	MA1170.2	MYB118	RWCCGTTACRWW	2.49e-1	1.00e0	9.27e2	176	206	206	206	4	2	0.97	0	0.00
525	data/reference/motifs/JASPAR2026_CORE_plants_non-redundant_pfms_meme.txt	MA1038.2	MYB3	GGTAGGTA	6.88e-1	1.00e0	9.27e2	332	206	206	206	7	2	0.97	2	0.97
526	data/reference/motifs/JASPAR2026_CORE_plants_non-redundant_pfms_meme.txt	MA1037.2	MYB24	GTTAGGY	1.62e-1	1.00e0	9.27e2	412	206	206	206	23	114	55.34	103	50.00
527	data/reference/motifs/JASPAR2026_CORE_plants_non-redundant_pfms_meme.txt	MA1030.2	P0510F09.23	WRMCCTA	3.93e-1	1.00e0	9.27e2	412	206	206	206	23	8	3.88	6	2.91
528	data/reference/motifs/JASPAR2026_CORE_plants_non-redundant_pfms_meme.txt	MA0575.2	MYB77	GACRGTTAS	3.20e-1	1.00e0	9.27e2	267	206	206	206	4	11	5.34	8	3.88
529	data/reference/motifs/JASPAR2026_CORE_plants_non-redundant_pfms_meme.txt	MA1737.2	AT5G05090	AGATHCG	1.42e-1	1.00e0	9.27e2	409	206	206	206	15	6	2.91	2	0.97
530	data/reference/motifs/JASPAR2026_CORE_plants_non-redundant_pfms_meme.txt	MA1735.2	AT2G38300	AAHATTCYHT	1.30e-1	1.00e0	9.27e2	399	206	206	206	1	202	98.06	197	95.63
531	data/reference/motifs/JASPAR2026_CORE_plants_non-redundant_pfms_meme.txt	MA1706.2	AT1G14600	WAYATTCT	1.56e-1	1.00e0	9.27e2	412	206	206	206	21	190	92.23	183	88.83
532	data/reference/motifs/JASPAR2026_CORE_plants_non-redundant_pfms_meme.txt	MA1390.3	HHO2	AAGATTCC	3.33e-1	1.00e0	9.27e2	409	206	206	206	7	63	30.58	58	28.16
533	data/reference/motifs/JASPAR2026_CORE_plants_non-redundant_pfms_meme.txt	MA1389.2	PHL1	AARGAATATTCB	2.55e-1	1.00e0	9.27e2	246	206	206	206	3	23	11.17	18	8.74
534	data/reference/motifs/JASPAR2026_CORE_plants_non-redundant_pfms_meme.txt	MA1387.2	HRS1	ATCRAAGATTCY	3.00e-1	1.00e0	9.27e2	361	206	206	206	6	9	4.37	6	2.91
535	data/reference/motifs/JASPAR2026_CORE_plants_non-redundant_pfms_meme.txt	MA1386.3	HHO3	AAGATTCT	2.21e-1	1.00e0	9.27e2	397	206	206	206	8	27	13.11	21	10.19
536	data/reference/motifs/JASPAR2026_CORE_plants_non-redundant_pfms_meme.txt	MA1385.2	AT2G40260	AAHATTCTYT	2.13e-1	1.00e0	9.27e2	397	206	206	206	4	122	59.22	113	54.85
537	data/reference/motifs/JASPAR2026_CORE_plants_non-redundant_pfms_meme.txt	MA1383.2	KAN2	AATATTCTTT	2.10e-1	1.00e0	9.27e2	379	206	206	206	3	130	63.11	121	58.74
538	data/reference/motifs/JASPAR2026_CORE_plants_non-redundant_pfms_meme.txt	MA1167.2	EFM	RGAATATTC	2.15e-1	1.00e0	9.27e2	328	206	206	206	2	113	54.85	104	50.49
539	data/reference/motifs/JASPAR2026_CORE_plants_non-redundant_pfms_meme.txt	MA1164.2	HHO5	RAAGATTC	3.99e-1	1.00e0	9.27e2	370	206	206	206	5	39	18.93	36	17.48
540	data/reference/motifs/JASPAR2026_CORE_plants_non-redundant_pfms_meme.txt	MA1163.3	PHL11	AGAATATTCT	2.05e-1	1.00e0	9.27e2	285	206	206	206	3	77	37.38	68	33.01
541	data/reference/motifs/JASPAR2026_CORE_plants_non-redundant_pfms_meme.txt	MA1409.2	OsRR22	AGATACGST	2.13e-1	1.00e0	9.27e2	385	206	206	206	1	195	94.66	190	92.23
542	data/reference/motifs/JASPAR2026_CORE_plants_non-redundant_pfms_meme.txt	MA0949.2	ARR2	MGWATCTT	2.40e-1	1.00e0	9.27e2	399	206	206	206	7	32	15.53	26	12.62
543	data/reference/motifs/JASPAR2026_CORE_plants_non-redundant_pfms_meme.txt	MA0121.2	ARR10	AGATHYK	2.96e-1	1.00e0	9.27e2	412	206	206	206	11	19	9.22	15	7.28
544	data/reference/motifs/JASPAR2026_CORE_plants_non-redundant_pfms_meme.txt	MA2022.2	LOB	CCGCCGCCGCMGC	7.87e-1	1.00e0	9.27e2	95	206	206	206	3	12	5.83	15	7.28
545	data/reference/motifs/JASPAR2026_CORE_plants_non-redundant_pfms_meme.txt	MA2021.2	LBD13	TCCACCGT	1.05e-1	1.00e0	9.27e2	378	206	206	206	1	193	93.69	185	89.81
546	data/reference/motifs/JASPAR2026_CORE_plants_non-redundant_pfms_meme.txt	MA1673.2	LBD18	GCCGGAAA	3.61e-1	1.00e0	9.27e2	384	206	206	206	7	48	23.30	44	21.36
547	data/reference/motifs/JASPAR2026_CORE_plants_non-redundant_pfms_meme.txt	MA1823.2	Zm00001d027846	AAAGAAAA	9.29e-2	1.00e0	9.27e2	412	206	206	206	24	168	81.55	156	75.73
548	data/reference/motifs/JASPAR2026_CORE_plants_non-redundant_pfms_meme.txt	MA1280.2	DOF5.4	AAAAAGK	8.87e-2	1.00e0	9.27e2	412	206	206	206	11	60	29.13	47	22.82
549	data/reference/motifs/JASPAR2026_CORE_plants_non-redundant_pfms_meme.txt	MA1279.2	DOF1.5	AAADDAAAAAGTRAAA	1.72e-1	1.00e0	9.27e2	410	206	206	206	11	26	12.62	19	9.22
550	data/reference/motifs/JASPAR2026_CORE_plants_non-redundant_pfms_meme.txt	MA1278.2	DOF3.4	TTYTTTTTTWVCTTTTT	3.43e-1	1.00e0	9.27e2	410	206	206	206	2	204	99.03	202	98.06
551	data/reference/motifs/JASPAR2026_CORE_plants_non-redundant_pfms_meme.txt	MA1277.2	DOF1.7	AAAAAGTARAA	3.20e-1	1.00e0	9.27e2	410	206	206	206	5	198	96.12	195	94.66
552	data/reference/motifs/JASPAR2026_CORE_plants_non-redundant_pfms_meme.txt	MA1275.2	DOF1.6	AWAAAGTR	2.40e-1	1.00e0	9.27e2	410	206	206	206	12	20	9.71	15	7.28
553	data/reference/motifs/JASPAR2026_CORE_plants_non-redundant_pfms_meme.txt	MA1273.2	DOF4.2	AAAAAGGYAAA	1.74e-1	1.00e0	9.27e2	406	206	206	206	10	12	5.83	7	3.40
554	data/reference/motifs/JASPAR2026_CORE_plants_non-redundant_pfms_meme.txt	MA1272.3	DOF2.2	AAAAAG	1.18e-1	1.00e0	9.27e2	401	206	206	206	4	114	55.34	101	49.03
555	data/reference/motifs/JASPAR2026_CORE_plants_non-redundant_pfms_meme.txt	MA1270.2	DOF3.2	TWACTTTTTNNYTTTT	4.50e-1	1.00e0	9.27e2	409	206	206	206	8	41	19.90	39	18.93
556	data/reference/motifs/JASPAR2026_CORE_plants_non-redundant_pfms_meme.txt	MA1269.2	DOF4.5	AWAAAGTWRCTTT	3.53e-1	1.00e0	9.27e2	409	206	206	206	8	41	19.90	37	17.96
557	data/reference/motifs/JASPAR2026_CORE_plants_non-redundant_pfms_meme.txt	MA1268.2	CDF5	TTYACTTTTTYTTTTTTTTTT	3.33e-1	1.00e0	9.27e2	393	206	206	206	2	180	87.38	176	85.44
558	data/reference/motifs/JASPAR2026_CORE_plants_non-redundant_pfms_meme.txt	MA1071.2	DOF5.3	AAMG	2.72e-1	1.00e0	9.27e2	412	206	206	206	170	7	3.40	4	1.94
559	data/reference/motifs/JASPAR2026_CORE_plants_non-redundant_pfms_meme.txt	MA1022.2	PHYPADRAFT_38837	AAAG	1.45e-1	1.00e0	9.27e2	412	206	206	206	67	185	89.81	177	85.92
560	data/reference/motifs/JASPAR2026_CORE_plants_non-redundant_pfms_meme.txt	MA0989.2	PHYPADRAFT_153324	WAAAG	2.72e-1	1.00e0	9.27e2	412	206	206	206	127	7	3.40	4	1.94
561	data/reference/motifs/JASPAR2026_CORE_plants_non-redundant_pfms_meme.txt	MA0987.2	PHYPADRAFT_140773	AAAG	1.14e-1	1.00e0	9.27e2	412	206	206	206	56	200	97.09	194	94.17
562	data/reference/motifs/JASPAR2026_CORE_plants_non-redundant_pfms_meme.txt	MA0984.2	DOF5.7	AAARR	2.17e-1	1.00e0	9.27e2	412	206	206	206	129	58	28.16	50	24.27
563	data/reference/motifs/JASPAR2026_CORE_plants_non-redundant_pfms_meme.txt	MA0981.2	DOF1.8	AAAG	1.45e-1	1.00e0	9.27e2	412	206	206	206	67	185	89.81	177	85.92
564	data/reference/motifs/JASPAR2026_CORE_plants_non-redundant_pfms_meme.txt	MA0973.2	CDF2	AAAAAGY	2.43e-1	1.00e0	9.27e2	412	206	206	206	25	93	45.15	85	41.26
565	data/reference/motifs/JASPAR2026_CORE_plants_non-redundant_pfms_meme.txt	MA1396.2	GATA6	AGATCTAGAT	6.88e-1	1.00e0	9.27e2	204	206	206	206	5	2	0.97	2	0.97
566	data/reference/motifs/JASPAR2026_CORE_plants_non-redundant_pfms_meme.txt	MA1325.2	GATA14	TAGATCTR	2.49e-1	1.00e0	9.27e2	341	206	206	206	15	2	0.97	0	0.00
567	data/reference/motifs/JASPAR2026_CORE_plants_non-redundant_pfms_meme.txt	MA1323.2	GATA19	GATCBGATY	1.30e-1	1.00e0	9.27e2	353	206	206	206	1	181	87.86	172	83.50
568	data/reference/motifs/JASPAR2026_CORE_plants_non-redundant_pfms_meme.txt	MA1018.2	GATA9	AGATCT	1.73e-1	1.00e0	9.27e2	334	206	206	206	4	51	24.76	42	20.39
569	data/reference/motifs/JASPAR2026_CORE_plants_non-redundant_pfms_meme.txt	MA1015.2	GATA12	AGATCT	3.11e-1	1.00e0	9.27e2	412	206	206	206	72	10	4.85	7	3.40
570	data/reference/motifs/JASPAR2026_CORE_plants_non-redundant_pfms_meme.txt	MA1814.2	RIN	CTATTTTTGG	1.64e-1	1.00e0	9.27e2	411	206	206	206	13	34	16.50	26	12.62
571	data/reference/motifs/JASPAR2026_CORE_plants_non-redundant_pfms_meme.txt	MA0585.2	AGL1	TTDCCWWWWWDGGWAA	2.56e-1	1.00e0	9.27e2	355	206	206	206	2	151	73.30	144	69.90
572	data/reference/motifs/JASPAR2026_CORE_plants_non-redundant_pfms_meme.txt	MA0584.2	SEP1	CCAWAWWTRGWAA	8.51e-1	1.00e0	9.27e2	320	206	206	206	4	45	21.84	53	25.73
573	data/reference/motifs/JASPAR2026_CORE_plants_non-redundant_pfms_meme.txt	MA0558.2	FLC	CCMAAAATRGAAAG	3.43e-1	1.00e0	9.27e2	386	206	206	206	8	4	1.94	2	0.97
574	data/reference/motifs/JASPAR2026_CORE_plants_non-redundant_pfms_meme.txt	MA0556.2	AP3	CCAAAARWRGAAA	2.33e-1	1.00e0	9.27e2	392	206	206	206	6	30	14.56	24	11.65
575	data/reference/motifs/JASPAR2026_CORE_plants_non-redundant_pfms_meme.txt	MA0555.2	SVP	WWWCCAAAAAWGGAAA	2.77e-1	1.00e0	9.27e2	326	206	206	206	2	106	51.46	99	48.06
576	data/reference/motifs/JASPAR2026_CORE_plants_non-redundant_pfms_meme.txt	MA0554.2	SOC1	TTTCCWTTTTTGG	4.00e-1	1.00e0	9.27e2	392	206	206	206	8	9	4.37	7	3.40
577	data/reference/motifs/JASPAR2026_CORE_plants_non-redundant_pfms_meme.txt	MA0082.2	squamosa	MCAWAWATRGWAA	5.00e-1	1.00e0	9.27e2	411	206	206	206	18	1	0.49	0	0.00
578	data/reference/motifs/JASPAR2026_CORE_plants_non-redundant_pfms_meme.txt	MA0005.3	AG	TTWCCWAAWHDGGHAA	5.00e-1	1.00e0	9.27e2	332	206	206	206	8	2	0.97	1	0.49
579	data/reference/motifs/JASPAR2026_CORE_plants_non-redundant_pfms_meme.txt	MA0001.3	AGL3	CCAWWWATAG	3.76e-1	1.00e0	9.27e2	409	206	206	206	5	141	68.45	137	66.50
580	data/reference/motifs/JASPAR2026_CORE_plants_non-redundant_pfms_meme.txt	MA1807.2	ZHD10	TAATTART	2.35e-1	1.00e0	9.27e2	383	206	206	206	9	11	5.34	7	3.40
581	data/reference/motifs/JASPAR2026_CORE_plants_non-redundant_pfms_meme.txt	MA1329.3	ZHD1	AYTAATTAA	2.51e-1	1.00e0	9.27e2	408	206	206	206	21	6	2.91	3	1.46
582	data/reference/motifs/JASPAR2026_CORE_plants_non-redundant_pfms_meme.txt	MA1326.2	ZHD5	GTRATTAR	3.40e-1	1.00e0	9.27e2	406	206	206	206	13	14	6.80	11	5.34
583	data/reference/motifs/JASPAR2026_CORE_plants_non-redundant_pfms_meme.txt	MA1824.2	Zm00001d005692	CAATAATT	1.10e-1	1.00e0	9.27e2	412	206	206	206	34	8	3.88	3	1.46
584	data/reference/motifs/JASPAR2026_CORE_plants_non-redundant_pfms_meme.txt	MA1757.2	HDG7	DCATTAAWTR	8.62e-1	1.00e0	9.27e2	401	206	206	206	5	90	43.69	100	48.54
585	data/reference/motifs/JASPAR2026_CORE_plants_non-redundant_pfms_meme.txt	MA1406.2	ATHB-4	YAATSATTG	1.24e-1	1.00e0	9.27e2	411	206	206	206	19	3	1.46	0	0.00
586	data/reference/motifs/JASPAR2026_CORE_plants_non-redundant_pfms_meme.txt	MA1375.2	ANL2	GCATTAATTR	7.10e-1	1.00e0	9.27e2	388	206	206	206	7	29	14.08	32	15.53
587	data/reference/motifs/JASPAR2026_CORE_plants_non-redundant_pfms_meme.txt	MA1369.2	HDG1	YAATTAATGM	5.81e-1	1.00e0	9.27e2	398	206	206	206	6	77	37.38	78	37.86
588	data/reference/motifs/JASPAR2026_CORE_plants_non-redundant_pfms_meme.txt	MA1327.3	ATHB-23	TAATTAA	2.08e-1	1.00e0	9.27e2	394	206	206	206	11	9	4.37	5	2.43
589	data/reference/motifs/JASPAR2026_CORE_plants_non-redundant_pfms_meme.txt	MA1212.2	ATHB-13	YAATAATT	1.06e-1	1.00e0	9.27e2	405	206	206	206	5	143	69.42	130	63.11
590	data/reference/motifs/JASPAR2026_CORE_plants_non-redundant_pfms_meme.txt	MA1211.2	ATHB-X	YAATYATTD	2.17e-1	1.00e0	9.27e2	399	206	206	206	2	186	90.29	180	87.38
591	data/reference/motifs/JASPAR2026_CORE_plants_non-redundant_pfms_meme.txt	MA1209.2	ATHB-20	YAATAATT	1.29e-1	1.00e0	9.27e2	355	206	206	206	5	58	28.16	47	22.82
592	data/reference/motifs/JASPAR2026_CORE_plants_non-redundant_pfms_meme.txt	MA1026.3	ATHB-15	AWDRTAATGATKA	2.36e-1	1.00e0	9.27e2	342	206	206	206	4	48	23.30	41	19.90
593	data/reference/motifs/JASPAR2026_CORE_plants_non-redundant_pfms_meme.txt	MA0990.2	HDG11	AWTWAATGC	1.60e-1	1.00e0	9.27e2	412	206	206	206	29	122	59.22	111	53.88
594	data/reference/motifs/JASPAR2026_CORE_plants_non-redundant_pfms_meme.txt	MA2020.2	HSFB4	GAAGTTTCCR	1.98e-1	1.00e0	9.27e2	328	206	206	206	3	69	33.50	60	29.13
595	data/reference/motifs/JASPAR2026_CORE_plants_non-redundant_pfms_meme.txt	MA2019.2	HSFA1B	GAAACTTC	2.46e-1	1.00e0	9.27e2	392	206	206	206	1	198	96.12	194	94.17
596	data/reference/motifs/JASPAR2026_CORE_plants_non-redundant_pfms_meme.txt	MA1759.2	HSFA4A	AGAAGCTTCTAGAA	3.82e-1	1.00e0	9.27e2	166	206	206	206	1	85	41.26	81	39.32
597	data/reference/motifs/JASPAR2026_CORE_plants_non-redundant_pfms_meme.txt	MA1758.2	HSFA1E	AGAAGCTTCTAGAA	3.33e-1	1.00e0	9.27e2	123	206	206	206	1	64	31.07	59	28.64
598	data/reference/motifs/JASPAR2026_CORE_plants_non-redundant_pfms_meme.txt	MA1667.3	HSFC1	TTCYAGAA	2.33e-1	1.00e0	9.27e2	374	206	206	206	2	167	81.07	160	77.67
599	data/reference/motifs/JASPAR2026_CORE_plants_non-redundant_pfms_meme.txt	MA1666.3	HSFB2B	RGAAGSTTCTA	2.49e-1	1.00e0	9.27e2	291	206	206	206	7	2	0.97	0	0.00
600	data/reference/motifs/JASPAR2026_CORE_plants_non-redundant_pfms_meme.txt	MA1665.3	HSFB2A	RGAAGSTTCY	1.26e-1	1.00e0	9.27e2	289	206	206	206	5	13	6.31	7	3.40
601	data/reference/motifs/JASPAR2026_CORE_plants_non-redundant_pfms_meme.txt	MA1664.3	HSFA6B	TTCTRGAA	1.51e-1	1.00e0	9.27e2	402	206	206	206	2	191	92.72	184	89.32
602	data/reference/motifs/JASPAR2026_CORE_plants_non-redundant_pfms_meme.txt	MA1382.2	FAR1	YCACGCGCY	5.00e-1	1.00e0	9.27e2	57	206	206	206	1	29	14.08	28	13.59
603	data/reference/motifs/JASPAR2026_CORE_plants_non-redundant_pfms_meme.txt	MA0557.2	FHY3	CACGCGCT	1.86e-1	1.00e0	9.27e2	269	206	206	206	8	4	1.94	1	0.49
604	data/reference/motifs/JASPAR2026_CORE_plants_non-redundant_pfms_meme.txt	MA1805.2	WRKY53	RGTCAAC	1.64e-1	1.00e0	9.27e2	412	206	206	206	4	195	94.66	189	91.75
605	data/reference/motifs/JASPAR2026_CORE_plants_non-redundant_pfms_meme.txt	MA1318.2	WRKY27	CGTTGACTTTT	3.45e-1	1.00e0	9.27e2	173	206	206	206	1	89	43.20	84	40.78
606	data/reference/motifs/JASPAR2026_CORE_plants_non-redundant_pfms_meme.txt	MA1317.2	WRKY50	TTGACTTTT	1.27e-1	1.00e0	9.27e2	318	206	206	206	4	25	12.14	17	8.25
607	data/reference/motifs/JASPAR2026_CORE_plants_non-redundant_pfms_meme.txt	MA1316.2	WRKY71	AAAAGTCAAC	1.74e-1	1.00e0	9.27e2	274	206	206	206	4	12	5.83	7	3.40
608	data/reference/motifs/JASPAR2026_CORE_plants_non-redundant_pfms_meme.txt	MA1315.2	WRKY24	CGTTGACTTTT	3.86e-1	1.00e0	9.27e2	241	206	206	206	4	7	3.40	5	2.43
609	data/reference/motifs/JASPAR2026_CORE_plants_non-redundant_pfms_meme.txt	MA1313.2	WRKY7	CGTTGACTTTT	2.96e-1	1.00e0	9.27e2	134	206	206	206	2	19	9.22	15	7.28
610	data/reference/motifs/JASPAR2026_CORE_plants_non-redundant_pfms_meme.txt	MA1312.2	WRKY47	CGTTGACYW	5.00e-1	1.00e0	9.27e2	327	206	206	206	1	164	79.61	163	79.13
611	data/reference/motifs/JASPAR2026_CORE_plants_non-redundant_pfms_meme.txt	MA1311.3	WRKY28	RGTCAAC	1.89e-1	1.00e0	9.27e2	403	206	206	206	8	43	20.87	35	16.99
612	data/reference/motifs/JASPAR2026_CORE_plants_non-redundant_pfms_meme.txt	MA1310.2	WRKY42	CGTTGACT	4.00e-1	1.00e0	9.27e2	265	206	206	206	4	9	4.37	7	3.40
613	data/reference/motifs/JASPAR2026_CORE_plants_non-redundant_pfms_meme.txt	MA1307.3	WRKY31	RGTCAACG	3.12e-1	1.00e0	9.27e2	362	206	206	206	7	3	1.46	1	0.49
614	data/reference/motifs/JASPAR2026_CORE_plants_non-redundant_pfms_meme.txt	MA1306.2	WRKY11	CGTTGACTTTT	5.77e-1	1.00e0	9.27e2	238	206	206	206	3	14	6.80	14	6.80
615	data/reference/motifs/JASPAR2026_CORE_plants_non-redundant_pfms_meme.txt	MA1305.2	WRKY55	CGTTGACTT	2.35e-1	1.00e0	9.27e2	266	206	206	206	4	11	5.34	7	3.40
616	data/reference/motifs/JASPAR2026_CORE_plants_non-redundant_pfms_meme.txt	MA1303.2	WRKY22	AAAGTCAACK	2.49e-1	1.00e0	9.27e2	226	206	206	206	5	2	0.97	0	0.00
617	data/reference/motifs/JASPAR2026_CORE_plants_non-redundant_pfms_meme.txt	MA1302.2	WRKY65	AAAGTCAACG	3.00e-1	1.00e0	9.27e2	276	206	206	206	4	9	4.37	6	2.91
618	data/reference/motifs/JASPAR2026_CORE_plants_non-redundant_pfms_meme.txt	MA1301.2	WRKY33	AAAGTCAACG	3.59e-1	1.00e0	9.27e2	244	206	206	206	3	18	8.74	15	7.28
619	data/reference/motifs/JASPAR2026_CORE_plants_non-redundant_pfms_meme.txt	MA1300.2	WRKY6	CGTTGACT	5.00e-1	1.00e0	9.27e2	214	206	206	206	4	4	1.94	3	1.46
620	data/reference/motifs/JASPAR2026_CORE_plants_non-redundant_pfms_meme.txt	MA1298.2	WRKY29	AAAGTCAAC	1.10e-1	1.00e0	9.27e2	329	206	206	206	5	8	3.88	3	1.46
621	data/reference/motifs/JASPAR2026_CORE_plants_non-redundant_pfms_meme.txt	MA1297.2	WRKY26	AAAAGTCAACG	6.25e-1	1.00e0	9.27e2	241	206	206	206	4	5	2.43	5	2.43
622	data/reference/motifs/JASPAR2026_CORE_plants_non-redundant_pfms_meme.txt	MA1296.2	WRKY46	CGTTGACTTT	5.00e-1	1.00e0	9.27e2	241	206	206	206	3	14	6.80	13	6.31
623	data/reference/motifs/JASPAR2026_CORE_plants_non-redundant_pfms_meme.txt	MA1295.2	WRKY20	CGTTGACY	2.64e-1	1.00e0	9.27e2	310	206	206	206	4	14	6.80	10	4.85
624	data/reference/motifs/JASPAR2026_CORE_plants_non-redundant_pfms_meme.txt	MA1094.3	WRKY8	AAAAGTCAACG	2.49e-1	1.00e0	9.27e2	266	206	206	206	6	2	0.97	0	0.00
625	data/reference/motifs/JASPAR2026_CORE_plants_non-redundant_pfms_meme.txt	MA1093.2	WRKY75	RGTCAAC	2.72e-1	1.00e0	9.27e2	269	206	206	206	5	7	3.40	4	1.94
626	data/reference/motifs/JASPAR2026_CORE_plants_non-redundant_pfms_meme.txt	MA1092.2	WRKY63	GGTCAA	1.24e-1	1.00e0	9.27e2	346	206	206	206	8	3	1.46	0	0.00
627	data/reference/motifs/JASPAR2026_CORE_plants_non-redundant_pfms_meme.txt	MA1090.2	WRKY60	GGTCAAC	1.79e-1	1.00e0	9.27e2	342	206	206	206	1	175	84.95	167	81.07
628	data/reference/motifs/JASPAR2026_CORE_plants_non-redundant_pfms_meme.txt	MA1085.3	WRKY40	AGTCAA	1.24e-1	1.00e0	9.27e2	324	206	206	206	7	3	1.46	0	0.00
629	data/reference/motifs/JASPAR2026_CORE_plants_non-redundant_pfms_meme.txt	MA1083.3	WRKY30	ARGTCAACG	1.79e-1	1.00e0	9.27e2	354	206	206	206	5	19	9.22	13	6.31
630	data/reference/motifs/JASPAR2026_CORE_plants_non-redundant_pfms_meme.txt	MA1081.3	WRKY25	RGTCAACG	5.00e-1	1.00e0	9.27e2	377	206	206	206	3	100	48.54	99	48.06
631	data/reference/motifs/JASPAR2026_CORE_plants_non-redundant_pfms_meme.txt	MA1079.3	WRKY21	AAAAGTCAACG	3.11e-1	1.00e0	9.27e2	267	206	206	206	4	10	4.85	7	3.40
632	data/reference/motifs/JASPAR2026_CORE_plants_non-redundant_pfms_meme.txt	MA1078.2	WRKY2	GGTCAAM	3.28e-1	1.00e0	9.27e2	392	206	206	206	8	12	5.83	9	4.37
633	data/reference/motifs/JASPAR2026_CORE_plants_non-redundant_pfms_meme.txt	MA1077.2	WRKY18	RGTCAA	1.51e-1	1.00e0	9.27e2	406	206	206	206	10	22	10.68	15	7.28
634	data/reference/motifs/JASPAR2026_CORE_plants_non-redundant_pfms_meme.txt	MA1076.3	WRKY15	RGTCAACG	4.05e-1	1.00e0	9.27e2	387	206	206	206	7	10	4.85	8	3.88
635	data/reference/motifs/JASPAR2026_CORE_plants_non-redundant_pfms_meme.txt	MA2053.2	NAC105	CAAGCAACC	3.02e-1	1.00e0	9.27e2	406	206	206	206	6	73	35.44	67	32.52
636	data/reference/motifs/JASPAR2026_CORE_plants_non-redundant_pfms_meme.txt	MA2050.2	NAC101	CAAGCAA	3.62e-1	1.00e0	9.27e2	412	206	206	206	19	5	2.43	3	1.46
637	data/reference/motifs/JASPAR2026_CORE_plants_non-redundant_pfms_meme.txt	MA2049.2	NAC053	CAAGAAA	9.37e-2	1.00e0	9.27e2	409	206	206	206	10	25	12.14	16	7.77
638	data/reference/motifs/JASPAR2026_CORE_plants_non-redundant_pfms_meme.txt	MA2047.2	NAC037	CAAGCAA	2.83e-1	1.00e0	9.27e2	411	206	206	206	11	53	25.73	47	22.82
639	data/reference/motifs/JASPAR2026_CORE_plants_non-redundant_pfms_meme.txt	MA2045.2	NAC031	TTRCKTGTWNHACAAGTWA	3.75e-1	1.00e0	9.27e2	112	206	206	206	3	6	2.91	4	1.94
640	data/reference/motifs/JASPAR2026_CORE_plants_non-redundant_pfms_meme.txt	MA2044.2	NAC007	CAAGCAA	2.87e-1	1.00e0	9.27e2	412	206	206	206	3	201	97.57	198	96.12
641	data/reference/motifs/JASPAR2026_CORE_plants_non-redundant_pfms_meme.txt	MA2036.2	NAC076	CAAGCAA	2.72e-1	1.00e0	9.27e2	412	206	206	206	4	195	94.66	191	92.72
642	data/reference/motifs/JASPAR2026_CORE_plants_non-redundant_pfms_meme.txt	MA2035.2	NAC075	GWAGCTTGTNNNACAAGCTW	3.62e-1	1.00e0	9.27e2	83	206	206	206	3	5	2.43	3	1.46
643	data/reference/motifs/JASPAR2026_CORE_plants_non-redundant_pfms_meme.txt	MA2033.2	NAC038	TTDCKTGTDNHACAAGTWA	5.00e-1	1.00e0	9.27e2	66	206	206	206	4	2	0.97	1	0.49
644	data/reference/motifs/JASPAR2026_CORE_plants_non-redundant_pfms_meme.txt	MA2010.2	SMB	CAAGCAA	2.51e-1	1.00e0	9.27e2	412	206	206	206	3	203	98.54	200	97.09
645	data/reference/motifs/JASPAR2026_CORE_plants_non-redundant_pfms_meme.txt	MA1787.2	NAC047	ACACGTMWCT	2.25e-1	1.00e0	9.27e2	369	206	206	206	2	149	72.33	141	68.45
646	data/reference/motifs/JASPAR2026_CORE_plants_non-redundant_pfms_meme.txt	MA1786.2	NAC019	YACGBMA	2.35e-1	1.00e0	9.27e2	412	206	206	206	23	11	5.34	7	3.40
647	data/reference/motifs/JASPAR2026_CORE_plants_non-redundant_pfms_meme.txt	MA1785.2	NAC018	ACACGYAACY	6.38e-1	1.00e0	9.27e2	336	206	206	206	7	4	1.94	4	1.94
648	data/reference/motifs/JASPAR2026_CORE_plants_non-redundant_pfms_meme.txt	MA1678.3	NTL8	GAAGAAAC	2.06e-1	1.00e0	9.27e2	412	206	206	206	5	178	86.41	171	83.01
649	data/reference/motifs/JASPAR2026_CORE_plants_non-redundant_pfms_meme.txt	MA1675.2	NAC029	ACGCAACT	5.00e-1	1.00e0	9.27e2	383	206	206	206	5	48	23.30	47	22.82
650	data/reference/motifs/JASPAR2026_CORE_plants_non-redundant_pfms_meme.txt	MA1045.2	NAC043	TWACGTAA	3.01e-1	1.00e0	9.27e2	396	206	206	206	2	173	83.98	168	81.55
651	data/reference/motifs/JASPAR2026_CORE_plants_non-redundant_pfms_meme.txt	MA1043.2	NAC083	YACGYAA	6.88e-1	1.00e0	9.27e2	159	206	206	206	3	2	0.97	2	0.97
652	data/reference/motifs/JASPAR2026_CORE_plants_non-redundant_pfms_meme.txt	MA0938.3	NAC058	TTACKTGTDNMACAAGWAA	5.00e-1	1.00e0	9.27e2	67	206	206	206	1	34	16.50	33	16.02
653	data/reference/motifs/JASPAR2026_CORE_plants_non-redundant_pfms_meme.txt	MA1414.2	E2FA	GCGCCA	1.67e-1	1.00e0	9.27e2	361	206	206	206	5	48	23.30	39	18.93
654	data/reference/motifs/JASPAR2026_CORE_plants_non-redundant_pfms_meme.txt	MA1813.2	EIL4	TWCAATGAA	2.62e-1	1.00e0	9.27e2	398	206	206	206	7	68	33.01	61	29.61
655	data/reference/motifs/JASPAR2026_CORE_plants_non-redundant_pfms_meme.txt	MA1756.2	GRF9	TGTCAGA	3.45e-1	1.00e0	9.27e2	344	206	206	206	1	174	84.47	170	82.52
656	data/reference/motifs/JASPAR2026_CORE_plants_non-redundant_pfms_meme.txt	MA0969.2	CAMTA2	VCGCGT	1.42e-1	1.00e0	9.27e2	399	206	206	206	23	6	2.91	2	0.97
657	data/reference/motifs/JASPAR2026_CORE_plants_non-redundant_pfms_meme.txt	MA2016.2	GRF6	TCTGACA	5.00e-1	1.00e0	9.27e2	187	206	206	206	5	2	0.97	1	0.49
658	data/reference/motifs/JASPAR2026_CORE_plants_non-redundant_pfms_meme.txt	MA1801.2	TREE1	AGCTD	2.97e-1	1.00e0	9.27e2	412	206	206	206	33	145	70.39	139	67.48
659	data/reference/motifs/JASPAR2026_CORE_plants_non-redundant_pfms_meme.txt	MA1736.2	AT5G04390	TCACT	1.56e-1	1.00e0	9.27e2	412	206	206	206	14	23	11.17	16	7.77
660	data/reference/motifs/JASPAR2026_CORE_plants_non-redundant_pfms_meme.txt	MA1405.2	SIZF2	ACTGACAGT	1.24e-1	1.00e0	9.27e2	342	206	206	206	15	3	1.46	0	0.00
661	data/reference/motifs/JASPAR2026_CORE_plants_non-redundant_pfms_meme.txt	MA1372.2	ZAT10	CACTNHCACT	1.92e-1	1.00e0	9.27e2	411	206	206	206	14	21	10.19	15	7.28
662	data/reference/motifs/JASPAR2026_CORE_plants_non-redundant_pfms_meme.txt	MA1370.2	IDD5	TTTTGTCGTTTWST	2.05e-1	1.00e0	9.27e2	221	206	206	206	3	15	7.28	10	4.85
663	data/reference/motifs/JASPAR2026_CORE_plants_non-redundant_pfms_meme.txt	MA1159.2	SGR5	AAAWAAGACAAAA	1.05e-1	1.00e0	9.27e2	364	206	206	206	5	21	10.19	13	6.31
664	data/reference/motifs/JASPAR2026_CORE_plants_non-redundant_pfms_meme.txt	MA2015.2	NAC002	ACGCAACT	6.66e-1	1.00e0	9.27e2	399	206	206	206	9	11	5.34	12	5.83
665	data/reference/motifs/JASPAR2026_CORE_plants_non-redundant_pfms_meme.txt	MA1743.2	BZIP2	TGCTGACGTGGCA	8.90e-1	1.00e0	9.27e2	64	206	206	206	1	28	13.59	36	17.48
666	data/reference/motifs/JASPAR2026_CORE_plants_non-redundant_pfms_meme.txt	MA1345.2	BZIP48	GCCACGTCAGCA	9.62e-1	1.00e0	9.27e2	64	206	206	206	1	26	12.62	38	18.45
667	data/reference/motifs/JASPAR2026_CORE_plants_non-redundant_pfms_meme.txt	MA1341.2	BZIP53	TGCTGACGTGGCA	8.96e-1	1.00e0	9.27e2	60	206	206	206	1	26	12.62	34	16.50
668	data/reference/motifs/JASPAR2026_CORE_plants_non-redundant_pfms_meme.txt	MA1340.2	BZIP3	TGMTGACGTGGCA	8.99e-1	1.00e0	9.27e2	98	206	206	206	1	44	21.36	54	26.21
669	data/reference/motifs/JASPAR2026_CORE_plants_non-redundant_pfms_meme.txt	MA1337.2	BZIP44	WGCTGACGTGGCA	8.01e-1	1.00e0	9.27e2	59	206	206	206	1	27	13.11	32	15.53
670	data/reference/motifs/JASPAR2026_CORE_plants_non-redundant_pfms_meme.txt	MA1334.2	BZIP11	TGCCACGTCAGCA	9.33e-1	1.00e0	9.27e2	64	206	206	206	1	27	13.11	37	17.96
671	data/reference/motifs/JASPAR2026_CORE_plants_non-redundant_pfms_meme.txt	MA1744.2	BZIP30	GMCAGCTGK	1.24e-1	1.00e0	9.27e2	395	206	206	206	3	162	78.64	151	73.30
672	data/reference/motifs/JASPAR2026_CORE_plants_non-redundant_pfms_meme.txt	MA1343.2	BZIP52	TGMCAGCT	6.57e-1	1.00e0	9.27e2	259	206	206	206	6	3	1.46	3	1.46
673	data/reference/motifs/JASPAR2026_CORE_plants_non-redundant_pfms_meme.txt	MA1425.2	HYH	TSACGTG	5.00e-1	1.00e0	9.27e2	295	206	206	206	7	12	5.83	11	5.34
674	data/reference/motifs/JASPAR2026_CORE_plants_non-redundant_pfms_meme.txt	MA1351.3	GBF3	ACGTGGCA	2.96e-1	1.00e0	9.27e2	397	206	206	206	10	19	9.22	15	7.28
675	data/reference/motifs/JASPAR2026_CORE_plants_non-redundant_pfms_meme.txt	MA1349.2	BZIP16	HSACGTGGCA	7.28e-1	1.00e0	9.27e2	86	206	206	206	1	41	19.90	45	21.84
676	data/reference/motifs/JASPAR2026_CORE_plants_non-redundant_pfms_meme.txt	MA0968.3	BZIP68	TGCCACGTSA	7.24e-1	1.00e0	9.27e2	183	206	206	206	1	89	43.20	94	45.63
677	data/reference/motifs/JASPAR2026_CORE_plants_non-redundant_pfms_meme.txt	MA1835.2	TFLG2-Zm00001d042777	GTACGTAC	6.07e-1	1.00e0	9.27e2	311	206	206	206	10	7	3.40	7	3.40
678	data/reference/motifs/JASPAR2026_CORE_plants_non-redundant_pfms_meme.txt	MA1346.2	TGA10	GMTGACGTCA	2.43e-1	1.00e0	9.27e2	156	206	206	206	2	33	16.02	27	13.11
679	data/reference/motifs/JASPAR2026_CORE_plants_non-redundant_pfms_meme.txt	MA1070.3	TGA7	ATGACGTCAB	2.42e-1	1.00e0	9.27e2	170	206	206	206	1	89	43.20	81	39.32
680	data/reference/motifs/JASPAR2026_CORE_plants_non-redundant_pfms_meme.txt	MA1069.3	TGA6	ATGAYGTCAT	1.86e-1	1.00e0	9.27e2	297	206	206	206	3	59	28.64	50	24.27
681	data/reference/motifs/JASPAR2026_CORE_plants_non-redundant_pfms_meme.txt	MA1047.3	TGA5	ATGACGTCA	1.14e-1	1.00e0	9.27e2	315	206	206	206	4	64	31.07	52	25.24
682	data/reference/motifs/JASPAR2026_CORE_plants_non-redundant_pfms_meme.txt	MA0588.2	TGA1	SVTGACGT	2.89e-1	1.00e0	9.27e2	374	206	206	206	2	154	74.76	148	71.84
683	data/reference/motifs/JASPAR2026_CORE_plants_non-redundant_pfms_meme.txt	MA1745.2	BZIP63	TSACGTGG	3.52e-1	1.00e0	9.27e2	310	206	206	206	4	40	19.42	36	17.48
684	data/reference/motifs/JASPAR2026_CORE_plants_non-redundant_pfms_meme.txt	MA1344.2	BZIP28	TSACGTGGCA	6.56e-1	1.00e0	9.27e2	169	206	206	206	1	83	40.29	86	41.75
685	data/reference/motifs/JASPAR2026_CORE_plants_non-redundant_pfms_meme.txt	MA1659.2	ABF4	CCACGTS	2.76e-1	1.00e0	9.27e2	406	206	206	206	4	164	79.61	158	76.70
686	data/reference/motifs/JASPAR2026_CORE_plants_non-redundant_pfms_meme.txt	MA1338.3	DPBF3	TGMCACGTGTC	3.41e-1	1.00e0	9.27e2	151	206	206	206	1	78	37.86	73	35.44
687	data/reference/motifs/JASPAR2026_CORE_plants_non-redundant_pfms_meme.txt	MA0941.2	ABF2	ACACGTG	2.05e-1	1.00e0	9.27e2	400	206	206	206	13	15	7.28	10	4.85
688	data/reference/motifs/JASPAR2026_CORE_plants_non-redundant_pfms_meme.txt	MA0931.2	ABI5	GMCACGTG	7.32e-1	1.00e0	9.27e2	215	206	206	206	3	22	10.68	25	12.14
689	data/reference/motifs/JASPAR2026_CORE_plants_non-redundant_pfms_meme.txt	MA0930.3	ABF3	ACGTGTC	1.08e-1	1.00e0	9.27e2	406	206	206	206	13	16	7.77	9	4.37
690	data/reference/motifs/JASPAR2026_CORE_plants_non-redundant_pfms_meme.txt	MA0570.3	ABF1	ACACGTGKCA	2.01e-1	1.00e0	9.27e2	277	206	206	206	1	143	69.42	134	65.05
691	data/reference/motifs/JASPAR2026_CORE_plants_non-redundant_pfms_meme.txt	MA1822.2	Zm00001d018571	GTACGTAC	5.00e-1	1.00e0	9.27e2	340	206	206	206	13	4	1.94	3	1.46
692	data/reference/motifs/JASPAR2026_CORE_plants_non-redundant_pfms_meme.txt	MA1828.2	Zm00001d038683	GTGGTCCA	2.72e-1	1.00e0	9.27e2	362	206	206	206	12	7	3.40	4	1.94
693	data/reference/motifs/JASPAR2026_CORE_plants_non-redundant_pfms_meme.txt	MA1428.2	TCP8	GGSCCCAC	2.43e-1	1.00e0	9.27e2	405	206	206	206	7	122	59.22	114	55.34
694	data/reference/motifs/JASPAR2026_CORE_plants_non-redundant_pfms_meme.txt	MA1410.2	StBRC1	GGGSCCM	1.73e-1	1.00e0	9.27e2	348	206	206	206	2	164	79.61	155	75.24
695	data/reference/motifs/JASPAR2026_CORE_plants_non-redundant_pfms_meme.txt	MA1287.2	TCP21	GTGGGMCCCAC	3.36e-1	1.00e0	9.27e2	145	206	206	206	2	31	15.05	27	13.11
696	data/reference/motifs/JASPAR2026_CORE_plants_non-redundant_pfms_meme.txt	MA1064.2	TCP2	TGGKMCCA	2.08e-1	1.00e0	9.27e2	391	206	206	206	8	133	64.56	124	60.19
697	data/reference/motifs/JASPAR2026_CORE_plants_non-redundant_pfms_meme.txt	MA1054.2	ARALYDRAFT_897773	KGGGACCAC	2.15e-1	1.00e0	9.27e2	302	206	206	206	2	109	52.91	100	48.54
698	data/reference/motifs/JASPAR2026_CORE_plants_non-redundant_pfms_meme.txt	MA1031.2	OJ1581_H09.2	GGGCCC	3.40e-1	1.00e0	9.27e2	350	206	206	206	2	177	85.92	173	83.98
699	data/reference/motifs/JASPAR2026_CORE_plants_non-redundant_pfms_meme.txt	MA1019.2	Glyma19g26560.1	GGSCCCAC	1.12e-1	1.00e0	9.27e2	363	206	206	206	1	186	90.29	177	85.92
700	data/reference/motifs/JASPAR2026_CORE_plants_non-redundant_pfms_meme.txt	MA0587.2	TCP16	GTGGACCC	2.45e-1	1.00e0	9.27e2	218	206	206	206	1	113	54.85	105	50.97
701	data/reference/motifs/JASPAR2026_CORE_plants_non-redundant_pfms_meme.txt	MA1333.2	BEH3	YGCACGTGTG	7.51e-1	1.00e0	9.27e2	56	206	206	206	4	1	0.49	1	0.49
702	data/reference/motifs/JASPAR2026_CORE_plants_non-redundant_pfms_meme.txt	MA1331.2	BEH4	YGCACGTGTG	8.89e-1	1.00e0	9.27e2	36	206	206	206	1	15	7.28	21	10.19
703	data/reference/motifs/JASPAR2026_CORE_plants_non-redundant_pfms_meme.txt	MA0550.3	BZR1	CRCACGTGYR	7.49e-1	1.00e0	9.27e2	66	206	206	206	1	31	15.05	35	16.99
704	data/reference/motifs/JASPAR2026_CORE_plants_non-redundant_pfms_meme.txt	MA1816.2	O11	CACGTG	1.90e-1	1.00e0	9.27e2	253	206	206	206	8	8	3.88	4	1.94
705	data/reference/motifs/JASPAR2026_CORE_plants_non-redundant_pfms_meme.txt	MA1361.2	bHLH18	CRCGTKWWHCACGTG	3.78e-1	1.00e0	9.27e2	117	206	206	206	2	25	12.14	22	10.68
706	data/reference/motifs/JASPAR2026_CORE_plants_non-redundant_pfms_meme.txt	MA1359.3	BPE	CACGTG	3.09e-1	1.00e0	9.27e2	238	206	206	206	2	122	59.22	116	56.31
707	data/reference/motifs/JASPAR2026_CORE_plants_non-redundant_pfms_meme.txt	MA0965.3	BIM2	CACGTG	1.24e-1	1.00e0	9.27e2	305	206	206	206	16	3	1.46	0	0.00
708	data/reference/motifs/JASPAR2026_CORE_plants_non-redundant_pfms_meme.txt	MA0964.3	BIM1	TCACGTGA	2.15e-1	1.00e0	9.27e2	201	206	206	206	2	105	50.97	96	46.60
709	data/reference/motifs/JASPAR2026_CORE_plants_non-redundant_pfms_meme.txt	MA0956.2	BEE2	CACGTG	1.86e-1	1.00e0	9.27e2	411	206	206	206	40	4	1.94	1	0.49
710	data/reference/motifs/JASPAR2026_CORE_plants_non-redundant_pfms_meme.txt	MA0568.2	MYC3	CACGTG	2.19e-1	1.00e0	9.27e2	387	206	206	206	10	60	29.13	52	25.24
711	data/reference/motifs/JASPAR2026_CORE_plants_non-redundant_pfms_meme.txt	MA1695.2	ARF36	GGGGGACAHGTC	1.61e-1	1.00e0	9.27e2	225	206	206	206	1	118	57.28	107	51.94
712	data/reference/motifs/JASPAR2026_CORE_plants_non-redundant_pfms_meme.txt	MA1694.2	ARF35	CCCGACAAG	1.79e-1	1.00e0	9.27e2	342	206	206	206	1	175	84.95	167	81.07
713	data/reference/motifs/JASPAR2026_CORE_plants_non-redundant_pfms_meme.txt	MA1693.2	ARF34	CAGACAGC	9.37e-2	1.00e0	9.27e2	389	206	206	206	8	25	12.14	16	7.77
714	data/reference/motifs/JASPAR2026_CORE_plants_non-redundant_pfms_meme.txt	MA1692.2	ARF29	GCCGACAA	1.46e-1	1.00e0	9.27e2	380	206	206	206	9	10	4.85	5	2.43
715	data/reference/motifs/JASPAR2026_CORE_plants_non-redundant_pfms_meme.txt	MA1691.2	ARF27	GCAGACAT	2.87e-1	1.00e0	9.27e2	402	206	206	206	12	8	3.88	5	2.43
716	data/reference/motifs/JASPAR2026_CORE_plants_non-redundant_pfms_meme.txt	MA1690.2	ARF25	ARMGGGRGACAM	2.25e-1	1.00e0	9.27e2	247	206	206	206	5	5	2.43	2	0.97
717	data/reference/motifs/JASPAR2026_CORE_plants_non-redundant_pfms_meme.txt	MA1689.2	ARF18	CCGACAAA	1.42e-1	1.00e0	9.27e2	404	206	206	206	1	204	99.03	200	97.09
718	data/reference/motifs/JASPAR2026_CORE_plants_non-redundant_pfms_meme.txt	MA1685.2	ARF10	ARNGGGAGACA	2.49e-1	1.00e0	9.27e2	303	206	206	206	14	2	0.97	0	0.00
719	data/reference/motifs/JASPAR2026_CORE_plants_non-redundant_pfms_meme.txt	MA0944.2	ARF8	TGTCGG	1.63e-1	1.00e0	9.27e2	412	206	206	206	12	169	82.04	160	77.67
720	data/reference/motifs/JASPAR2026_CORE_plants_non-redundant_pfms_meme.txt	MA0943.2	ARF5	RCCGACA	4.27e-1	1.00e0	9.27e2	369	206	206	206	7	17	8.25	15	7.28
721	data/reference/motifs/JASPAR2026_CORE_plants_non-redundant_pfms_meme.txt	MA2013.2	ERF115	YCGCCGCCGCM	7.75e-1	1.00e0	9.27e2	114	206	206	206	6	3	1.46	4	1.94
722	data/reference/motifs/JASPAR2026_CORE_plants_non-redundant_pfms_meme.txt	MA2011.2	ERF010	CACCGACA	3.27e-1	1.00e0	9.27e2	313	206	206	206	3	56	27.18	51	24.76
723	data/reference/motifs/JASPAR2026_CORE_plants_non-redundant_pfms_meme.txt	MA1831.2	Zm00001d031796	GACGGCGACG	2.34e-1	1.00e0	9.27e2	226	206	206	206	5	19	9.22	14	6.80
724	data/reference/motifs/JASPAR2026_CORE_plants_non-redundant_pfms_meme.txt	MA1820.2	Zm00001d024324	CGCCGCCGC	2.77e-1	1.00e0	9.27e2	179	206	206	206	2	49	23.79	43	20.87
725	data/reference/motifs/JASPAR2026_CORE_plants_non-redundant_pfms_meme.txt	MA1817.2	Zm00001d020267	CGCCGCCGCC	2.43e-1	1.00e0	9.27e2	170	206	206	206	3	33	16.02	27	13.11
726	data/reference/motifs/JASPAR2026_CORE_plants_non-redundant_pfms_meme.txt	MA1804.2	WIN1	CRCCGC	1.74e-1	1.00e0	9.27e2	411	206	206	206	29	12	5.83	7	3.40
727	data/reference/motifs/JASPAR2026_CORE_plants_non-redundant_pfms_meme.txt	MA1754.2	ERF073	CKCCGCCGCCR	5.00e-1	1.00e0	9.27e2	77	206	206	206	3	6	2.91	5	2.43
728	data/reference/motifs/JASPAR2026_CORE_plants_non-redundant_pfms_meme.txt	MA1753.2	ERF057	CCDCCDCCRCCGCC	6.25e-1	1.00e0	9.27e2	116	206	206	206	5	5	2.43	5	2.43
729	data/reference/motifs/JASPAR2026_CORE_plants_non-redundant_pfms_meme.txt	MA1752.2	ERF025	YGCCGACA	2.48e-1	1.00e0	9.27e2	176	206	206	206	2	35	16.99	29	14.08
730	data/reference/motifs/JASPAR2026_CORE_plants_non-redundant_pfms_meme.txt	MA1748.2	DREB1F	GCCGAC	3.86e-1	1.00e0	9.27e2	367	206	206	206	12	7	3.40	5	2.43
731	data/reference/motifs/JASPAR2026_CORE_plants_non-redundant_pfms_meme.txt	MA1679.2	RAP2-1	CACCGACA	1.69e-1	1.00e0	9.27e2	284	206	206	206	7	7	3.40	3	1.46
732	data/reference/motifs/JASPAR2026_CORE_plants_non-redundant_pfms_meme.txt	MA1671.2	ERF118	CCGCCGCC	2.49e-1	1.00e0	9.27e2	193	206	206	206	11	2	0.97	0	0.00
733	data/reference/motifs/JASPAR2026_CORE_plants_non-redundant_pfms_meme.txt	MA1670.2	DREB1C	GCCGACAT	5.00e-1	1.00e0	9.27e2	333	206	206	206	10	2	0.97	1	0.49
734	data/reference/motifs/JASPAR2026_CORE_plants_non-redundant_pfms_meme.txt	MA1669.2	DREB1B	GCCGACAT	5.00e-1	1.00e0	9.27e2	306	206	206	206	5	14	6.80	13	6.31
735	data/reference/motifs/JASPAR2026_CORE_plants_non-redundant_pfms_meme.txt	MA1264.2	ERF095	RYGGCGGCGGHGG	4.49e-1	1.00e0	9.27e2	76	206	206	206	1	39	18.93	37	17.96
736	data/reference/motifs/JASPAR2026_CORE_plants_non-redundant_pfms_meme.txt	MA1262.2	ERF2	CCDCCGCCGCCRY	5.00e-1	1.00e0	9.27e2	117	206	206	206	3	10	4.85	9	4.37
737	data/reference/motifs/JASPAR2026_CORE_plants_non-redundant_pfms_meme.txt	MA1261.2	ERF122	TRCGGCKGHG	7.49e-1	1.00e0	9.27e2	270	206	206	206	7	4	1.94	5	2.43
738	data/reference/motifs/JASPAR2026_CORE_plants_non-redundant_pfms_meme.txt	MA1259.2	ERF023	TGTCGGTGR	4.25e-1	1.00e0	9.27e2	112	206	206	206	2	16	7.77	14	6.80
739	data/reference/motifs/JASPAR2026_CORE_plants_non-redundant_pfms_meme.txt	MA1258.2	DREB2A	AWGKCGGTG	3.62e-1	1.00e0	9.27e2	158	206	206	206	4	5	2.43	3	1.46
740	data/reference/motifs/JASPAR2026_CORE_plants_non-redundant_pfms_meme.txt	MA1256.2	RAP2-12	DRYGGCGGCGG	4.12e-1	1.00e0	9.27e2	109	206	206	206	1	56	27.18	53	25.73
741	data/reference/motifs/JASPAR2026_CORE_plants_non-redundant_pfms_meme.txt	MA1253.2	ERF036	TGTCGGTG	5.82e-1	1.00e0	9.27e2	267	206	206	206	1	133	64.56	134	65.05
742	data/reference/motifs/JASPAR2026_CORE_plants_non-redundant_pfms_meme.txt	MA1252.2	ERF086	CCKCCGCCGY	8.76e-1	1.00e0	9.27e2	110	206	206	206	8	1	0.49	2	0.97
743	data/reference/motifs/JASPAR2026_CORE_plants_non-redundant_pfms_meme.txt	MA1251.2	RAP2-9	CACCGACAW	5.00e-1	1.00e0	9.27e2	95	206	206	206	1	48	23.30	47	22.82
744	data/reference/motifs/JASPAR2026_CORE_plants_non-redundant_pfms_meme.txt	MA1250.2	DREB2D	CCDCCDCCACCGCC	4.33e-1	1.00e0	9.27e2	154	206	206	206	3	20	9.71	18	8.74
745	data/reference/motifs/JASPAR2026_CORE_plants_non-redundant_pfms_meme.txt	MA1248.2	ERF012	CCACCGMC	3.84e-1	1.00e0	9.27e2	192	206	206	206	1	98	47.57	94	45.63
746	data/reference/motifs/JASPAR2026_CORE_plants_non-redundant_pfms_meme.txt	MA1247.2	ERF087	GRCGGCGGMG	7.51e-1	1.00e0	9.27e2	92	206	206	206	9	1	0.49	1	0.49
747	data/reference/motifs/JASPAR2026_CORE_plants_non-redundant_pfms_meme.txt	MA1246.2	LEP	CKCCGCCGYC	3.68e-1	1.00e0	9.27e2	149	206	206	206	3	21	10.19	18	8.74
748	data/reference/motifs/JASPAR2026_CORE_plants_non-redundant_pfms_meme.txt	MA1245.3	ERF112	CCGCCGCCR	3.86e-1	1.00e0	9.27e2	217	206	206	206	6	7	3.40	5	2.43
749	data/reference/motifs/JASPAR2026_CORE_plants_non-redundant_pfms_meme.txt	MA1244.2	ABR1	DTKGCGGCGGMG	5.00e-1	1.00e0	9.27e2	131	206	206	206	5	4	1.94	3	1.46
750	data/reference/motifs/JASPAR2026_CORE_plants_non-redundant_pfms_meme.txt	MA1243.2	DREB2E	MACCGACWTW	3.62e-1	1.00e0	9.27e2	96	206	206	206	3	5	2.43	3	1.46
751	data/reference/motifs/JASPAR2026_CORE_plants_non-redundant_pfms_meme.txt	MA1240.2	ERF077	CCGCCGCCRY	5.00e-1	1.00e0	9.27e2	141	206	206	206	3	14	6.80	13	6.31
752	data/reference/motifs/JASPAR2026_CORE_plants_non-redundant_pfms_meme.txt	MA1238.3	ERF038	CACCGACA	1.94e-1	1.00e0	9.27e2	279	206	206	206	3	45	21.84	37	17.96
753	data/reference/motifs/JASPAR2026_CORE_plants_non-redundant_pfms_meme.txt	MA1233.3	ERF021	CGCCGACA	3.11e-1	1.00e0	9.27e2	327	206	206	206	8	10	4.85	7	3.40
754	data/reference/motifs/JASPAR2026_CORE_plants_non-redundant_pfms_meme.txt	MA1232.2	ERF054	GDCGGYGG	3.34e-1	1.00e0	9.27e2	256	206	206	206	5	13	6.31	10	4.85
755	data/reference/motifs/JASPAR2026_CORE_plants_non-redundant_pfms_meme.txt	MA1231.3	ERF15	MGCCGCCD	5.00e-1	1.00e0	9.27e2	210	206	206	206	9	2	0.97	1	0.49
756	data/reference/motifs/JASPAR2026_CORE_plants_non-redundant_pfms_meme.txt	MA1229.2	ERF034	TGTCGGTGR	4.25e-1	1.00e0	9.27e2	116	206	206	206	2	16	7.77	14	6.80
757	data/reference/motifs/JASPAR2026_CORE_plants_non-redundant_pfms_meme.txt	MA1228.2	ERF091	RYGGCGGCGGHGG	5.00e-1	1.00e0	9.27e2	67	206	206	206	3	5	2.43	4	1.94
758	data/reference/motifs/JASPAR2026_CORE_plants_non-redundant_pfms_meme.txt	MA1227.3	ERF027	RCCGACA	1.26e-1	1.00e0	9.27e2	337	206	206	206	7	13	6.31	7	3.40
759	data/reference/motifs/JASPAR2026_CORE_plants_non-redundant_pfms_meme.txt	MA1220.2	TINY	YCACCGACA	4.31e-1	1.00e0	9.27e2	127	206	206	206	2	19	9.22	17	8.25
760	data/reference/motifs/JASPAR2026_CORE_plants_non-redundant_pfms_meme.txt	MA1219.3	ERF011	CACCGAC	5.00e-1	1.00e0	9.27e2	322	206	206	206	8	4	1.94	3	1.46
761	data/reference/motifs/JASPAR2026_CORE_plants_non-redundant_pfms_meme.txt	MA1049.2	ERF094	MGCCGCC	5.00e-1	1.00e0	9.27e2	149	206	206	206	4	3	1.46	2	0.97
762	data/reference/motifs/JASPAR2026_CORE_plants_non-redundant_pfms_meme.txt	MA1010.2	PHYPADRAFT_64121	TGTCGGTA	3.20e-1	1.00e0	9.27e2	399	206	206	206	10	11	5.34	8	3.88
763	data/reference/motifs/JASPAR2026_CORE_plants_non-redundant_pfms_meme.txt	MA1005.3	ERF082	CCGCCGCCR	5.00e-1	1.00e0	9.27e2	202	206	206	206	6	5	2.43	4	1.94
764	data/reference/motifs/JASPAR2026_CORE_plants_non-redundant_pfms_meme.txt	MA1001.4	ERF076	CCGCCGCCRC	5.39e-1	1.00e0	9.27e2	198	206	206	206	1	99	48.06	99	48.06
765	data/reference/motifs/JASPAR2026_CORE_plants_non-redundant_pfms_meme.txt	MA0998.2	ERF096	GCCGCC	1.75e-1	1.00e0	9.27e2	396	206	206	206	5	140	67.96	130	63.11
766	data/reference/motifs/JASPAR2026_CORE_plants_non-redundant_pfms_meme.txt	MA0997.2	ERF069	GCCG	2.64e-1	1.00e0	9.27e2	412	206	206	206	56	14	6.80	10	4.85
767	data/reference/motifs/JASPAR2026_CORE_plants_non-redundant_pfms_meme.txt	MA0995.3	ERF039	RCCGACA	1.89e-1	1.00e0	9.27e2	360	206	206	206	6	30	14.56	23	11.17
768	data/reference/motifs/JASPAR2026_CORE_plants_non-redundant_pfms_meme.txt	MA0994.3	ERF8	TGRCGGCGGCG	5.81e-1	1.00e0	9.27e2	151	206	206	206	1	75	36.41	76	36.89
769	data/reference/motifs/JASPAR2026_CORE_plants_non-redundant_pfms_meme.txt	MA0993.2	ERF7	GCCG	2.02e-1	1.00e0	9.27e2	411	206	206	206	13	165	80.10	157	76.21
770	data/reference/motifs/JASPAR2026_CORE_plants_non-redundant_pfms_meme.txt	MA0980.3	RAP2-10	RCCGACA	2.34e-1	1.00e0	9.27e2	322	206	206	206	5	19	9.22	14	6.80
771	data/reference/motifs/JASPAR2026_CORE_plants_non-redundant_pfms_meme.txt	MA0976.3	CRF4	CCGCCGCCRC	6.14e-1	1.00e0	9.27e2	180	206	206	206	6	6	2.91	6	2.91
772	data/reference/motifs/JASPAR2026_CORE_plants_non-redundant_pfms_meme.txt	MA1377.2	PLT1	KGCACGVWTHYCGAGR	5.00e-1	1.00e0	9.27e2	119	206	206	206	1	60	29.13	59	28.64
773	data/reference/motifs/JASPAR2026_CORE_plants_non-redundant_pfms_meme.txt	MA0571.2	ANT	GCACRRWTCCCVAKGY	7.04e-1	1.00e0	9.27e2	34	206	206	206	1	16	7.77	18	8.74
774	data/reference/motifs/JASPAR2026_CORE_plants_non-redundant_pfms_meme.txt	MA1751.2	EIL3	AGRTWCAT	1.08e-1	1.00e0	9.27e2	406	206	206	206	1	205	99.51	201	97.57
775	data/reference/motifs/JASPAR2026_CORE_plants_non-redundant_pfms_meme.txt	MA1376.2	DEAR3	CRCCGMC	1.16e-1	1.00e0	9.27e2	404	206	206	206	6	125	60.68	112	54.37
776	data/reference/motifs/JASPAR2026_CORE_plants_non-redundant_pfms_meme.txt	MA2455.1	SPL9D	AGCGGTASTACCGC	7.71e-1	1.00e0	9.27e2	52	206	206	206	1	24	11.65	28	13.59
777	data/reference/motifs/JASPAR2026_CORE_plants_non-redundant_pfms_meme.txt	MA2454.1	SPL8D1	ATAGTACATA	2.72e-1	1.00e0	9.27e2	411	206	206	206	7	129	62.62	122	59.22
778	data/reference/motifs/JASPAR2026_CORE_plants_non-redundant_pfms_meme.txt	MA2453.1	SPL8B	ATAGTACTC	1.13e-1	1.00e0	9.27e2	343	206	206	206	3	87	42.23	74	35.92
779	data/reference/motifs/JASPAR2026_CORE_plants_non-redundant_pfms_meme.txt	MA2451.1	SPL7B	AGCGGTASTACCGCT	9.55e-1	1.00e0	9.27e2	18	206	206	206	1	6	2.91	12	5.83
780	data/reference/motifs/JASPAR2026_CORE_plants_non-redundant_pfms_meme.txt	MA2448.1	SPL5D	AGCGGTASTACCGC	7.45e-1	1.00e0	9.27e2	41	206	206	206	1	19	9.22	22	10.68
781	data/reference/motifs/JASPAR2026_CORE_plants_non-redundant_pfms_meme.txt	MA2444.1	SPL4A	GCGGTASTACCGC	6.67e-1	1.00e0	9.27e2	56	206	206	206	1	27	13.11	29	14.08
782	data/reference/motifs/JASPAR2026_CORE_plants_non-redundant_pfms_meme.txt	MA2443.1	SPL3D	GCGGTASTACCGC	6.99e-1	1.00e0	9.27e2	54	206	206	206	2	17	8.25	19	9.22
783	data/reference/motifs/JASPAR2026_CORE_plants_non-redundant_pfms_meme.txt	MA2442.1	SPL3B	AGCGGTASTACCGC	7.79e-1	1.00e0	9.27e2	48	206	206	206	1	22	10.68	26	12.62
784	data/reference/motifs/JASPAR2026_CORE_plants_non-redundant_pfms_meme.txt	MA2441.1	SPL3A	AGCGGTACTACC	1.88e-1	1.00e0	9.27e2	200	206	206	206	1	105	50.97	95	46.12
785	data/reference/motifs/JASPAR2026_CORE_plants_non-redundant_pfms_meme.txt	MA2439.1	SPL2A	GCGGTASTACCGC	7.66e-1	1.00e0	9.27e2	33	206	206	206	1	15	7.28	18	8.74
786	data/reference/motifs/JASPAR2026_CORE_plants_non-redundant_pfms_meme.txt	MA2438.1	SPL1D	GCRGTASTACCGCT	6.09e-1	1.00e0	9.27e2	61	206	206	206	1	30	14.56	31	15.05
787	data/reference/motifs/JASPAR2026_CORE_plants_non-redundant_pfms_meme.txt	MA2436.1	SPL18A	GCGGTASTACCGCT	7.92e-1	1.00e0	9.27e2	42	206	206	206	1	19	9.22	23	11.17
788	data/reference/motifs/JASPAR2026_CORE_plants_non-redundant_pfms_meme.txt	MA2430.1	SPL14B	GCGGTASTACCGC	6.46e-1	1.00e0	9.27e2	80	206	206	206	1	39	18.93	41	19.90
789	data/reference/motifs/JASPAR2026_CORE_plants_non-redundant_pfms_meme.txt	MA2428.1	SPL13B	GCGGTASTACCGC	9.11e-1	1.00e0	9.27e2	39	206	206	206	1	16	7.77	23	11.17
790	data/reference/motifs/JASPAR2026_CORE_plants_non-redundant_pfms_meme.txt	MA2427.1	SPL12B	AGCGGTASTACCGC	7.21e-1	1.00e0	9.27e2	51	206	206	206	2	13	6.31	15	7.28
791	data/reference/motifs/JASPAR2026_CORE_plants_non-redundant_pfms_meme.txt	MA2426.1	SPL11B	AGCGGTASTACCGCT	9.55e-1	1.00e0	9.27e2	23	206	206	206	2	6	2.91	12	5.83
792	data/reference/motifs/JASPAR2026_CORE_plants_non-redundant_pfms_meme.txt	MA2425.1	SPL11A	SCGGTACTACCG	3.05e-1	1.00e0	9.27e2	152	206	206	206	1	79	38.35	73	35.44
793	data/reference/motifs/JASPAR2026_CORE_plants_non-redundant_pfms_meme.txt	MA2424.1	OsbZIP77	TGCCACGTCABC	5.00e-1	1.00e0	9.27e2	109	206	206	206	5	1	0.49	0	0.00
794	data/reference/motifs/JASPAR2026_CORE_plants_non-redundant_pfms_meme.txt	MA2423.1	OsbZIP69	GMTGACGTGGCA	5.86e-1	1.00e0	9.27e2	106	206	206	206	2	11	5.34	11	5.34
795	data/reference/motifs/JASPAR2026_CORE_plants_non-redundant_pfms_meme.txt	MA2421.1	SBP8	ARGTACAA	1.26e-1	1.00e0	9.27e2	392	206	206	206	1	199	96.60	193	93.69
796	data/reference/motifs/JASPAR2026_CORE_plants_non-redundant_pfms_meme.txt	MA2420.1	SBP6	AAGTACAA	1.61e-1	1.00e0	9.27e2	409	206	206	206	4	170	82.52	161	78.16
797	data/reference/motifs/JASPAR2026_CORE_plants_non-redundant_pfms_meme.txt	MA2416.1	EREB29	GCCGCCGCCC	2.49e-1	1.00e0	9.27e2	154	206	206	206	13	2	0.97	0	0.00
798	data/reference/motifs/JASPAR2026_CORE_plants_non-redundant_pfms_meme.txt	MA2415.1	EREB138	CMGCCGCCAT	2.02e-1	1.00e0	9.27e2	247	206	206	206	2	74	35.92	65	31.55
799	data/reference/motifs/JASPAR2026_CORE_plants_non-redundant_pfms_meme.txt	MA2409.1	ZmbZIP25	GATGACATCA	1.76e-1	1.00e0	9.27e2	374	206	206	206	4	77	37.38	67	32.52
800	data/reference/motifs/JASPAR2026_CORE_plants_non-redundant_pfms_meme.txt	MA2407.1	PK24978.1	CACGTGT	3.64e-1	1.00e0	9.27e2	412	206	206	206	12	159	77.18	155	75.24
801	data/reference/motifs/JASPAR2026_CORE_plants_non-redundant_pfms_meme.txt	MA2405.1	OsMSL08	GTAAAW	2.25e-1	1.00e0	9.27e2	412	206	206	206	20	204	99.03	201	97.57
802	data/reference/motifs/JASPAR2026_CORE_plants_non-redundant_pfms_meme.txt	MA2404.1	OsTRBF3	WRMCCTA	5.00e-1	1.00e0	9.27e2	412	206	206	206	5	205	99.51	204	99.03
803	data/reference/motifs/JASPAR2026_CORE_plants_non-redundant_pfms_meme.txt	MA2403.1	DVH24_040989	TTAACC	1.42e-1	1.00e0	9.27e2	412	206	206	206	28	149	72.33	138	66.99
804	data/reference/motifs/JASPAR2026_CORE_plants_non-redundant_pfms_meme.txt	MA2402.1	OsERF104	GCCGY	1.73e-1	1.00e0	9.27e2	408	206	206	206	11	51	24.76	42	20.39
805	data/reference/motifs/JASPAR2026_CORE_plants_non-redundant_pfms_meme.txt	MA2401.1	Os05g0437700	MCACGTGK	2.51e-1	1.00e0	9.27e2	177	206	206	206	4	22	10.68	17	8.25
806	data/reference/motifs/JASPAR2026_CORE_plants_non-redundant_pfms_meme.txt	MA2400.1	LjTCP20	GGGACCAY	2.77e-1	1.00e0	9.27e2	201	206	206	206	1	104	50.49	97	47.09
807	data/reference/motifs/JASPAR2026_CORE_plants_non-redundant_pfms_meme.txt	MA2399.1	LjSGA_053525.1	GGGCCCAC	4.05e-1	1.00e0	9.27e2	194	206	206	206	2	45	21.84	42	20.39
808	data/reference/motifs/JASPAR2026_CORE_plants_non-redundant_pfms_meme.txt	MA2398.1	AS2	CGGCGGMRRHDRCGGCGG	6.08e-1	1.00e0	9.27e2	63	206	206	206	1	31	15.05	32	15.53
809	data/reference/motifs/JASPAR2026_CORE_plants_non-redundant_pfms_meme.txt	MA2397.1	ILR3	CACGTG	1.42e-1	1.00e0	9.27e2	411	206	206	206	44	6	2.91	2	0.97
810	data/reference/motifs/JASPAR2026_CORE_plants_non-redundant_pfms_meme.txt	MA2395.1	PHYPA_011264	CACCGACM	6.74e-1	1.00e0	9.27e2	158	206	206	206	2	24	11.65	26	12.62
811	data/reference/motifs/JASPAR2026_CORE_plants_non-redundant_pfms_meme.txt	MA2394.1	PpDof6	CTTT	1.45e-1	1.00e0	9.27e2	412	206	206	206	67	185	89.81	177	85.92
812	data/reference/motifs/JASPAR2026_CORE_plants_non-redundant_pfms_meme.txt	MA2391.1	Lg3	TGACRKC	9.07e-2	1.00e0	9.27e2	409	206	206	206	3	185	89.81	175	84.95
813	data/reference/motifs/JASPAR2026_CORE_plants_non-redundant_pfms_meme.txt	MA2390.1	GLYMA19G26560	GGSCCCAC	1.85e-1	1.00e0	9.27e2	361	206	206	206	1	184	89.32	177	85.92
814	data/reference/motifs/JASPAR2026_CORE_plants_non-redundant_pfms_meme.txt	MA2389.1	GBF1	ACGTGKM	1.79e-1	1.00e0	9.27e2	412	206	206	206	18	39	18.93	31	15.05
815	data/reference/motifs/JASPAR2026_CORE_plants_non-redundant_pfms_meme.txt	MA2388.1	GATA1	AGATCTRRWT	3.12e-1	1.00e0	9.27e2	316	206	206	206	10	3	1.46	1	0.49
816	data/reference/motifs/JASPAR2026_CORE_plants_non-redundant_pfms_meme.txt	MA2384.1	estExt_Genewise1.C_2060077	SACGTGK	2.72e-1	1.00e0	9.27e2	244	206	206	206	7	7	3.40	4	1.94
817	data/reference/motifs/JASPAR2026_CORE_plants_non-redundant_pfms_meme.txt	MA2383.1	e_gw1.392.16.1	CTTTW	2.72e-1	1.00e0	9.27e2	412	206	206	206	127	7	3.40	4	1.94
818	data/reference/motifs/JASPAR2026_CORE_plants_non-redundant_pfms_meme.txt	MA2382.1	e_gw1.209.40.1	CACGTG	2.49e-1	1.00e0	9.27e2	396	206	206	206	30	2	0.97	0	0.00
819	data/reference/motifs/JASPAR2026_CORE_plants_non-redundant_pfms_meme.txt	MA2381.1	e_gw1.170.52.1	CTTT	1.14e-1	1.00e0	9.27e2	412	206	206	206	56	200	97.09	194	94.17
820	data/reference/motifs/JASPAR2026_CORE_plants_non-redundant_pfms_meme.txt	MA2379.1	DOF3.1	CKTT	1.07e-1	1.00e0	9.27e2	412	206	206	206	96	187	90.78	178	86.41
821	data/reference/motifs/JASPAR2026_CORE_plants_non-redundant_pfms_meme.txt	MA2378.1	CRF3	GCCG	8.89e-2	1.00e0	9.27e2	412	206	206	206	10	199	96.60	192	93.20
822	data/reference/motifs/JASPAR2026_CORE_plants_non-redundant_pfms_meme.txt	MA2374.1	AHL13	ATATAATT	1.46e-1	1.00e0	9.27e2	412	206	206	206	135	15	7.28	9	4.37
823	data/reference/motifs/JASPAR2026_CORE_plants_non-redundant_pfms_meme.txt	MA2370.1	MBD2	AGCTD	2.97e-1	1.00e0	9.27e2	412	206	206	206	33	145	70.39	139	67.48
824	data/reference/motifs/JASPAR2026_CORE_plants_non-redundant_pfms_meme.txt	MA2368.1	WRKY51	RGTCAA	1.73e-1	1.00e0	9.27e2	412	206	206	206	36	143	69.42	133	64.56
825	data/reference/motifs/JASPAR2026_CORE_plants_non-redundant_pfms_meme.txt	MA2367.1	WIP5	ACCTGGAGAAMAW	1.63e-1	1.00e0	9.27e2	399	206	206	206	7	46	22.33	37	17.96
826	data/reference/motifs/JASPAR2026_CORE_plants_non-redundant_pfms_meme.txt	MA2366.1	VOZ2	GCGT	5.00e-1	1.00e0	9.27e2	412	206	206	206	10	204	99.03	203	98.54
827	data/reference/motifs/JASPAR2026_CORE_plants_non-redundant_pfms_meme.txt	MA2365.1	VIT_17s0000g10420	GTTAACYV	6.68e-1	1.00e0	9.27e2	311	206	206	206	3	58	28.16	61	29.61
828	data/reference/motifs/JASPAR2026_CORE_plants_non-redundant_pfms_meme.txt	MA2364.1	VIT_15s0048g01150	GGGCCCAC	1.71e-1	1.00e0	9.27e2	342	206	206	206	2	145	70.39	135	65.53
829	data/reference/motifs/JASPAR2026_CORE_plants_non-redundant_pfms_meme.txt	MA2362.1	TEIL	AGRTWCAT	2.49e-1	1.00e0	9.27e2	412	206	206	206	27	2	0.97	0	0.00
830	data/reference/motifs/JASPAR2026_CORE_plants_non-redundant_pfms_meme.txt	MA2361.1	PRUPE_ppa000682mg	GTACGG	3.88e-1	1.00e0	9.27e2	412	206	206	206	12	179	86.89	176	85.44
831	data/reference/motifs/JASPAR2026_CORE_plants_non-redundant_pfms_meme.txt	MA2360.1	PK28565.1	TAACBGTC	1.24e-1	1.00e0	9.27e2	406	206	206	206	3	162	78.64	151	73.30
832	data/reference/motifs/JASPAR2026_CORE_plants_non-redundant_pfms_meme.txt	MA2359.1	PK23829.1	TTATCCR	2.64e-1	1.00e0	9.27e2	362	206	206	206	5	25	12.14	20	9.71
833	data/reference/motifs/JASPAR2026_CORE_plants_non-redundant_pfms_meme.txt	MA2358.1	PK22320.1	GTACGG	1.28e-1	1.00e0	9.27e2	405	206	206	206	5	140	67.96	128	62.14
834	data/reference/motifs/JASPAR2026_CORE_plants_non-redundant_pfms_meme.txt	MA2357.1	PK21687.1	WAAACCC	1.42e-1	1.00e0	9.27e2	412	206	206	206	31	6	2.91	2	0.97
835	data/reference/motifs/JASPAR2026_CORE_plants_non-redundant_pfms_meme.txt	MA2356.1	PK20555.1	CTTTW	3.00e-1	1.00e0	9.27e2	412	206	206	206	112	71	34.47	65	31.55
836	data/reference/motifs/JASPAR2026_CORE_plants_non-redundant_pfms_meme.txt	MA2355.1	PK06791.1	GTACGG	1.42e-1	1.00e0	9.27e2	410	206	206	206	6	166	80.58	156	75.73
837	data/reference/motifs/JASPAR2026_CORE_plants_non-redundant_pfms_meme.txt	MA2354.1	PK06182.1	TACCTACC	2.49e-1	1.00e0	9.27e2	347	206	206	206	8	2	0.97	0	0.00
838	data/reference/motifs/JASPAR2026_CORE_plants_non-redundant_pfms_meme.txt	MA2353.1	PK02532.1	WAATATCT	1.87e-1	1.00e0	9.27e2	336	206	206	206	1	172	83.50	164	79.61
839	data/reference/motifs/JASPAR2026_CORE_plants_non-redundant_pfms_meme.txt	MA2351.1	OsEIL3	AGRTACAT	1.10e-1	1.00e0	9.27e2	401	206	206	206	1	203	98.54	198	96.12
840	data/reference/motifs/JASPAR2026_CORE_plants_non-redundant_pfms_meme.txt	MA2347.1	OS04G0486400	TAACC	1.38e-1	1.00e0	9.27e2	412	206	206	206	46	152	73.79	141	68.45
841	data/reference/motifs/JASPAR2026_CORE_plants_non-redundant_pfms_meme.txt	MA2342.1	URI	CACGTG	1.62e-1	1.00e0	9.27e2	366	206	206	206	14	24	11.65	17	8.25
842	data/reference/motifs/JASPAR2026_CORE_plants_non-redundant_pfms_meme.txt	MA2106.1	Zm00001d024644	CCTTATCC	1.86e-1	1.00e0	9.27e2	411	206	206	206	15	4	1.94	1	0.49
843	data/reference/motifs/JASPAR2026_CORE_plants_non-redundant_pfms_meme.txt	MA2105.1	GLYMA-13G317000	ACACGT	1.24e-1	1.00e0	9.27e2	346	206	206	206	13	3	1.46	0	0.00
844	data/reference/motifs/JASPAR2026_CORE_plants_non-redundant_pfms_meme.txt	MA2104.1	IDD11	AAAACGACAAAA	2.13e-1	1.00e0	9.27e2	302	206	206	206	4	16	7.77	11	5.34
845	data/reference/motifs/JASPAR2026_CORE_plants_non-redundant_pfms_meme.txt	MA2103.1	AT4G09450	TTATCY	1.42e-1	1.00e0	9.27e2	412	206	206	206	40	6	2.91	2	0.97
846	data/reference/motifs/JASPAR2026_CORE_plants_non-redundant_pfms_meme.txt	MA1791.1	NAC087	TTDCTTGTNNNACACGYWA	5.00e-1	1.00e0	9.27e2	56	206	206	206	3	2	0.97	1	0.49
847	data/reference/motifs/JASPAR2026_CORE_plants_non-redundant_pfms_meme.txt	MA1790.1	NAC073	CTTSWYBHWCAMGYT	1.89e-1	1.00e0	9.27e2	292	206	206	206	4	30	14.56	23	11.17
848	data/reference/motifs/JASPAR2026_CORE_plants_non-redundant_pfms_meme.txt	MA1789.1	NAC071	CTTSWHYYTCAMGYA	4.55e-1	1.00e0	9.27e2	198	206	206	206	2	53	25.73	51	24.76
849	data/reference/motifs/JASPAR2026_CORE_plants_non-redundant_pfms_meme.txt	MA1788.1	NAC054	CTTGTNNHACACGYHAYCT	5.00e-1	1.00e0	9.27e2	59	206	206	206	3	1	0.49	0	0.00
850	data/reference/motifs/JASPAR2026_CORE_plants_non-redundant_pfms_meme.txt	MA1783.1	NAC005	TWRCTTVTTYHAYAAGTTW	3.62e-1	1.00e0	9.27e2	89	206	206	206	3	5	2.43	3	1.46
851	data/reference/motifs/JASPAR2026_CORE_plants_non-redundant_pfms_meme.txt	MA1741.1	BRN2	CTTGWWHYDYACGYWA	2.72e-1	1.00e0	9.27e2	236	206	206	206	3	27	13.11	22	10.68
852	data/reference/motifs/JASPAR2026_CORE_plants_non-redundant_pfms_meme.txt	MA1687.1	ARF14	CGGGGGACAYGTCGGG	6.22e-1	1.00e0	9.27e2	47	206	206	206	1	23	11.17	24	11.65
853	data/reference/motifs/JASPAR2026_CORE_plants_non-redundant_pfms_meme.txt	MA2092.1	PK27149.1	TGACGTGK	2.51e-1	1.00e0	9.27e2	288	206	206	206	6	6	2.91	3	1.46
854	data/reference/motifs/JASPAR2026_CORE_plants_non-redundant_pfms_meme.txt	MA2091.1	PK27109.1	GACAGCTG	3.75e-1	1.00e0	9.27e2	331	206	206	206	8	6	2.91	4	1.94
855	data/reference/motifs/JASPAR2026_CORE_plants_non-redundant_pfms_meme.txt	MA2089.1	PK25870.1	RGTCAAM	1.24e-1	1.00e0	9.27e2	412	206	206	206	2	206	100.00	203	98.54
856	data/reference/motifs/JASPAR2026_CORE_plants_non-redundant_pfms_meme.txt	MA2087.1	PK24205.1	CACGTGKC	5.00e-1	1.00e0	9.27e2	140	206	206	206	4	3	1.46	2	0.97
857	data/reference/motifs/JASPAR2026_CORE_plants_non-redundant_pfms_meme.txt	MA2086.1	PK23964.1	KCCACGT	2.28e-1	1.00e0	9.27e2	411	206	206	206	4	193	93.69	188	91.26
858	data/reference/motifs/JASPAR2026_CORE_plants_non-redundant_pfms_meme.txt	MA2084.1	PK23009.1	CTTTW	1.66e-1	1.00e0	9.27e2	412	206	206	206	86	66	32.04	56	27.18
859	data/reference/motifs/JASPAR2026_CORE_plants_non-redundant_pfms_meme.txt	MA2083.1	PK21166.1	YACCTACY	1.01e-1	1.00e0	9.27e2	410	206	206	206	13	11	5.34	5	2.43
860	data/reference/motifs/JASPAR2026_CORE_plants_non-redundant_pfms_meme.txt	MA2081.1	PK20317.1	CKTTW	8.74e-2	1.00e0	9.27e2	412	206	206	206	43	204	99.03	199	96.60
861	data/reference/motifs/JASPAR2026_CORE_plants_non-redundant_pfms_meme.txt	MA2080.1	PK20225.1	CACGTG	2.15e-1	1.00e0	9.27e2	412	206	206	206	17	57	27.67	49	23.79
862	data/reference/motifs/JASPAR2026_CORE_plants_non-redundant_pfms_meme.txt	MA2079.1	PK19717.1	GGGSCCCMC	1.61e-1	1.00e0	9.27e2	296	206	206	206	2	120	58.25	109	52.91
863	data/reference/motifs/JASPAR2026_CORE_plants_non-redundant_pfms_meme.txt	MA2076.1	PK18401.1	GCACGTGG	2.49e-1	1.00e0	9.27e2	335	206	206	206	12	2	0.97	0	0.00
864	data/reference/motifs/JASPAR2026_CORE_plants_non-redundant_pfms_meme.txt	MA2075.1	PK18009.1	ACACGTG	3.82e-1	1.00e0	9.27e2	409	206	206	206	6	121	58.74	117	56.80
865	data/reference/motifs/JASPAR2026_CORE_plants_non-redundant_pfms_meme.txt	MA2073.1	PK16340.1	CKTT	1.10e-1	1.00e0	9.27e2	412	206	206	206	67	203	98.54	198	96.12
866	data/reference/motifs/JASPAR2026_CORE_plants_non-redundant_pfms_meme.txt	MA2072.1	PK16335.1	GACAGCTG	2.49e-1	1.00e0	9.27e2	374	206	206	206	13	2	0.97	0	0.00
867	data/reference/motifs/JASPAR2026_CORE_plants_non-redundant_pfms_meme.txt	MA2070.1	PK15337.1	CTTT	1.31e-1	1.00e0	9.27e2	412	206	206	206	149	83	40.29	71	34.47
868	data/reference/motifs/JASPAR2026_CORE_plants_non-redundant_pfms_meme.txt	MA2069.1	PK10955.1	CTTTW	2.40e-1	1.00e0	9.27e2	412	206	206	206	25	85	41.26	77	37.38
869	data/reference/motifs/JASPAR2026_CORE_plants_non-redundant_pfms_meme.txt	MA2068.1	PK10344.1	GGGACCAC	4.52e-1	1.00e0	9.27e2	88	206	206	206	1	45	21.84	43	20.87
870	data/reference/motifs/JASPAR2026_CORE_plants_non-redundant_pfms_meme.txt	MA2066.1	PK09021.1	TGACGTCA	5.00e-1	1.00e0	9.27e2	71	206	206	206	3	1	0.49	0	0.00
871	data/reference/motifs/JASPAR2026_CORE_plants_non-redundant_pfms_meme.txt	MA2065.1	PK08602.1	CCACCGCC	9.93e-1	1.00e0	9.27e2	37	206	206	206	1	12	5.83	25	12.14
872	data/reference/motifs/JASPAR2026_CORE_plants_non-redundant_pfms_meme.txt	MA2063.1	PK07402.1	RCCGMC	2.07e-1	1.00e0	9.27e2	400	206	206	206	3	162	78.64	154	74.76
873	data/reference/motifs/JASPAR2026_CORE_plants_non-redundant_pfms_meme.txt	MA2062.1	PK07031.1	CTTT	1.42e-1	1.00e0	9.27e2	412	206	206	206	196	6	2.91	2	0.97
874	data/reference/motifs/JASPAR2026_CORE_plants_non-redundant_pfms_meme.txt	MA2059.1	PK05432.1	RGTCAA	1.87e-1	1.00e0	9.27e2	412	206	206	206	29	42	20.39	34	16.50
875	data/reference/motifs/JASPAR2026_CORE_plants_non-redundant_pfms_meme.txt	MA2058.1	PK03929.1	CTTTW	1.08e-1	1.00e0	9.27e2	412	206	206	206	36	205	99.51	201	97.57
876	data/reference/motifs/JASPAR2026_CORE_plants_non-redundant_pfms_meme.txt	MA2057.1	PK01630.1	GCACGTG	1.24e-1	1.00e0	9.27e2	380	206	206	206	23	3	1.46	0	0.00
877	data/reference/motifs/JASPAR2026_CORE_plants_non-redundant_pfms_meme.txt	MA2056.1	PK01144.1	CTTT	1.42e-1	1.00e0	9.27e2	412	206	206	206	166	6	2.91	2	0.97
878	data/reference/motifs/JASPAR2026_CORE_plants_non-redundant_pfms_meme.txt	MA1380.1	TCX6	WTTTAAATTTTTWAA	1.08e-1	1.00e0	9.27e2	387	206	206	206	1	197	95.63	190	92.23
879	data/reference/motifs/JASPAR2026_CORE_plants_non-redundant_pfms_meme.txt	MA1379.1	SOL1	WTTWAAAATTTAAAW	4.34e-1	1.00e0	9.27e2	372	206	206	206	1	187	90.78	185	89.81
880	data/reference/motifs/JASPAR2026_CORE_plants_non-redundant_pfms_meme.txt	MA1350.1	BZIP42	TGCTGACGTGGC	9.15e-1	1.00e0	9.27e2	28	206	206	206	1	11	5.34	17	8.25
881	data/reference/motifs/JASPAR2026_CORE_plants_non-redundant_pfms_meme.txt	MA1348.1	TGA9	GMTGACGTCAY	5.49e-1	1.00e0	9.27e2	82	206	206	206	1	41	19.90	41	19.90
882	data/reference/motifs/JASPAR2026_CORE_plants_non-redundant_pfms_meme.txt	MA1339.1	BZIP43	GCCACGTCAGCA	9.16e-1	1.00e0	9.27e2	37	206	206	206	1	15	7.28	22	10.68
883	data/reference/motifs/JASPAR2026_CORE_plants_non-redundant_pfms_meme.txt	MA1335.1	TGA4	TGACGTCAKCA	1.87e-1	1.00e0	9.27e2	230	206	206	206	2	60	29.13	51	24.76
884	data/reference/motifs/JASPAR2026_CORE_plants_non-redundant_pfms_meme.txt	MA1328.1	ZHD9	WTWAWHNVYTAATYA	3.46e-1	1.00e0	9.27e2	409	206	206	206	12	15	7.28	12	5.83
885	data/reference/motifs/JASPAR2026_CORE_plants_non-redundant_pfms_meme.txt	MA1324.1	GATA20	ATCSGATC	3.12e-1	1.00e0	9.27e2	265	206	206	206	14	3	1.46	1	0.49
886	data/reference/motifs/JASPAR2026_CORE_plants_non-redundant_pfms_meme.txt	MA1309.1	WRKY3	AAAAGTCAACG	2.08e-1	1.00e0	9.27e2	248	206	206	206	4	9	4.37	5	2.43
887	data/reference/motifs/JASPAR2026_CORE_plants_non-redundant_pfms_meme.txt	MA1274.1	DOF3.6	TTTWCTTTTTHHYTTTTTTTT	8.81e-2	1.00e0	9.27e2	410	206	206	206	5	179	86.89	168	81.55
888	data/reference/motifs/JASPAR2026_CORE_plants_non-redundant_pfms_meme.txt	MA1242.1	DREB2F	CCDCCACCGCC	5.00e-1	1.00e0	9.27e2	122	206	206	206	8	1	0.49	0	0.00
889	data/reference/motifs/JASPAR2026_CORE_plants_non-redundant_pfms_meme.txt	MA1235.1	AIL7	CGNWTYYCGAG	3.81e-1	1.00e0	9.27e2	363	206	206	206	1	183	88.83	180	87.38
890	data/reference/motifs/JASPAR2026_CORE_plants_non-redundant_pfms_meme.txt	MA1225.1	ERF5	CCDCCGCCGCCGCCR	3.86e-1	1.00e0	9.27e2	84	206	206	206	4	7	3.40	5	2.43
891	data/reference/motifs/JASPAR2026_CORE_plants_non-redundant_pfms_meme.txt	MA1221.1	RAP2-6	TKGCGGCGGMGGHGG	7.04e-1	1.00e0	9.27e2	77	206	206	206	2	16	7.77	18	8.74
892	data/reference/motifs/JASPAR2026_CORE_plants_non-redundant_pfms_meme.txt	MA1162.1	TCX2	WTTYAAAATTYAAAW	2.49e-1	1.00e0	9.27e2	365	206	206	206	15	2	0.97	0	0.00
893	data/reference/motifs/JASPAR2026_CORE_plants_non-redundant_pfms_meme.txt	MA1098.1	ARALYDRAFT_484486	GGSCCCAC	2.76e-1	1.00e0	9.27e2	185	206	206	206	1	96	46.60	89	43.20
894	data/reference/motifs/JASPAR2026_CORE_plants_non-redundant_pfms_meme.txt	MA1097.1	ARALYDRAFT_493022	GGSMCCAC	4.61e-1	1.00e0	9.27e2	184	206	206	206	1	93	45.15	91	44.17
895	data/reference/motifs/JASPAR2026_CORE_plants_non-redundant_pfms_meme.txt	MA1096.1	ARALYDRAFT_496250	GGGACCAC	5.49e-1	1.00e0	9.27e2	82	206	206	206	1	41	19.90	41	19.90
896	data/reference/motifs/JASPAR2026_CORE_plants_non-redundant_pfms_meme.txt	MA1095.1	ARALYDRAFT_495258	GGSCCCAC	2.76e-1	1.00e0	9.27e2	185	206	206	206	1	96	46.60	89	43.20
897	data/reference/motifs/JASPAR2026_CORE_plants_non-redundant_pfms_meme.txt	MA1091.1	WRKY62	TGGTCAAC	2.19e-1	1.00e0	9.27e2	300	206	206	206	1	154	74.76	146	70.87
898	data/reference/motifs/JASPAR2026_CORE_plants_non-redundant_pfms_meme.txt	MA1080.1	WRKY23	AGTCAACG	7.79e-1	1.00e0	9.27e2	263	206	206	206	3	22	10.68	26	12.62
899	data/reference/motifs/JASPAR2026_CORE_plants_non-redundant_pfms_meme.txt	MA1067.1	TCP5	GGGACCAC	4.19e-1	1.00e0	9.27e2	155	206	206	206	1	79	38.35	76	36.89
900	data/reference/motifs/JASPAR2026_CORE_plants_non-redundant_pfms_meme.txt	MA1066.1	TCP23	GGGCCCAC	3.06e-1	1.00e0	9.27e2	248	206	206	206	2	81	39.32	75	36.41
901	data/reference/motifs/JASPAR2026_CORE_plants_non-redundant_pfms_meme.txt	MA1050.1	OsI_08196	GGGCCCAC	2.77e-1	1.00e0	9.27e2	261	206	206	206	3	49	23.79	43	20.87
902	data/reference/motifs/JASPAR2026_CORE_plants_non-redundant_pfms_meme.txt	MA1046.1	NTL9	TTAAGTAAT	6.25e-1	1.00e0	9.27e2	275	206	206	206	5	5	2.43	5	2.43
903	data/reference/motifs/JASPAR2026_CORE_plants_non-redundant_pfms_meme.txt	MA1035.1	TCP4	GGGACCAC	4.20e-1	1.00e0	9.27e2	159	206	206	206	1	81	39.32	78	37.86
904	data/reference/motifs/JASPAR2026_CORE_plants_non-redundant_pfms_meme.txt	MA1034.1	Os05g0497200	CGSCGCCR	5.00e-1	1.00e0	9.27e2	61	206	206	206	4	2	0.97	1	0.49
905	data/reference/motifs/JASPAR2026_CORE_plants_non-redundant_pfms_meme.txt	MA1033.1	OJ1058_F05.8	MCACGTGK	2.51e-1	1.00e0	9.27e2	177	206	206	206	4	22	10.68	17	8.25
906	data/reference/motifs/JASPAR2026_CORE_plants_non-redundant_pfms_meme.txt	MA1028.1	KAN4	GAATATTC	2.25e-1	1.00e0	9.27e2	336	206	206	206	8	28	13.59	22	10.68
907	data/reference/motifs/JASPAR2026_CORE_plants_non-redundant_pfms_meme.txt	MA1020.1	GT-1	GTTAACCA	5.62e-1	1.00e0	9.27e2	367	206	206	206	6	23	11.17	23	11.17
908	data/reference/motifs/JASPAR2026_CORE_plants_non-redundant_pfms_meme.txt	MA1014.1	GATA11	TAGATCTG	2.40e-1	1.00e0	9.27e2	150	206	206	206	3	20	9.71	15	7.28
909	data/reference/motifs/JASPAR2026_CORE_plants_non-redundant_pfms_meme.txt	MA1013.1	GATA10	TAGATCTG	2.49e-1	1.00e0	9.27e2	221	206	206	206	13	2	0.97	0	0.00
910	data/reference/motifs/JASPAR2026_CORE_plants_non-redundant_pfms_meme.txt	MA1009.1	ARF3	TGTCGGAA	2.56e-1	1.00e0	9.27e2	342	206	206	206	1	174	84.47	168	81.55
911	data/reference/motifs/JASPAR2026_CORE_plants_non-redundant_pfms_meme.txt	MA0986.1	DREB2C	CACCGACA	3.12e-1	1.00e0	9.27e2	328	206	206	206	10	3	1.46	1	0.49
912	data/reference/motifs/JASPAR2026_CORE_plants_non-redundant_pfms_meme.txt	MA0978.1	DREB1E	ATGTCGGC	5.83e-1	1.00e0	9.27e2	198	206	206	206	3	12	5.83	12	5.83
913	data/reference/motifs/JASPAR2026_CORE_plants_non-redundant_pfms_meme.txt	MA0977.1	DOF2.5	AWAAAGTG	9.11e-2	1.00e0	9.27e2	412	206	206	206	15	49	23.79	37	17.96
914	data/reference/motifs/JASPAR2026_CORE_plants_non-redundant_pfms_meme.txt	MA0947.1	ARR14	AGATWCGS	5.00e-1	1.00e0	9.27e2	330	206	206	206	2	107	51.94	106	51.46
915	data/reference/motifs/JASPAR2026_CORE_plants_non-redundant_pfms_meme.txt	MA0946.1	ARR11	AAGATACG	4.20e-1	1.00e0	9.27e2	387	206	206	206	4	83	40.29	80	38.83
916	data/reference/motifs/JASPAR2026_CORE_plants_non-redundant_pfms_meme.txt	MA0939.1	NAC079	ACACGCAA	2.25e-1	1.00e0	9.27e2	275	206	206	206	5	5	2.43	2	0.97
917	data/reference/motifs/JASPAR2026_CORE_plants_non-redundant_pfms_meme.txt	MA0937.1	NAC055	ACACGTAA	3.62e-1	1.00e0	9.27e2	405	206	206	206	12	5	2.43	3	1.46
918	data/reference/motifs/JASPAR2026_CORE_plants_non-redundant_pfms_meme.txt	MA0935.1	NAC025	YACGTAAY	3.62e-1	1.00e0	9.27e2	263	206	206	206	5	5	2.43	3	1.46
919	data/reference/motifs/JASPAR2026_CORE_plants_non-redundant_pfms_meme.txt	MA0934.1	AHL25	AWTTAAWT	1.85e-1	1.00e0	9.27e2	412	206	206	206	38	184	89.32	177	85.92
920	data/reference/motifs/JASPAR2026_CORE_plants_non-redundant_pfms_meme.txt	MA0933.1	AHL20	AATTAAWT	2.39e-1	1.00e0	9.27e2	412	206	206	206	72	83	40.29	75	36.41
921	data/reference/motifs/JASPAR2026_CORE_plants_non-redundant_pfms_meme.txt	MA0932.1	AHL12	AAWWWWTT	1.38e-1	1.00e0	9.27e2	412	206	206	206	54	193	93.69	186	90.29
922	data/reference/motifs/JASPAR2026_CORE_plants_non-redundant_pfms_meme.txt	MA0561.1	PIF4	CACGTGSC	5.00e-1	1.00e0	9.27e2	106	206	206	206	5	1	0.49	0	0.00
923	data/reference/motifs/JASPAR2026_CORE_plants_non-redundant_pfms_meme.txt	MA0128.1	EmBP-1	ASACGTGG	6.17e-1	1.00e0	9.27e2	329	206	206	206	2	91	44.17	93	45.15
924	data/reference/motifs/JASPAR2026_CORE_plants_non-redundant_pfms_meme.txt	MA0123.1	abi4	CGSYGCCCCC	3.74e-1	1.00e0	9.27e2	266	206	206	206	5	23	11.17	20	9.71
925	data/reference/motifs/JASPAR2026_CORE_plants_non-redundant_pfms_meme.txt	MA0096.1	bZIP910	MTGACGT	7.47e-1	1.00e0	9.27e2	111	206	206	206	1	53	25.73	58	28.16
926	data/reference/motifs/JASPAR2026_CORE_plants_non-redundant_pfms_meme.txt	MA0053.1	MNB1A	AAAGC	8.72e-2	1.00e0	9.27e2	412	206	206	206	16	47	22.82	35	16.99
927	data/reference/motifs/JASPAR2026_CORE_plants_non-redundant_pfms_meme.txt	MA1352.1	TRP1	ACCCTAAACCCTAAACCCTAA	1.00e0	1.00e0	9.27e2	1	206	206	206	1	0	0.00	1	0.49

# AME (Analysis of Motif Enrichment): Version 5.5.9 compiled on May 27 2026 at 12:40:54
# The format of this file is described at https://meme-suite.org/meme/doc/ame-output-format.html.
# ame --verbose 1 --text --control results/evidence/motifs/inputs/backgrounds/1000/replicate_041.fa --method fisher --scoring totalhits --hit-lo-fraction 0.25 --evalue-report-threshold 1000000 --noseq results/evidence/motifs/inputs/frozen_candidates_1000bp.fa data/reference/motifs/JASPAR2026_CORE_plants_non-redundant_pfms_meme.txt
