2	data/reference/motifs/JASPAR2026_CORE_plants_non-redundant_pfms_meme.txt	MA2387.1	NAC094	YGCCGTRNHNNHCACG	1.35e-3	8.63e-2	8.00e1	67	206	206	206	2	22	10.68	6	2.91
3	data/reference/motifs/JASPAR2026_CORE_plants_non-redundant_pfms_meme.txt	MA0942.2	ARF1	ACCGACA	5.19e-4	1.45e-1	1.34e2	301	206	206	206	5	16	7.77	2	0.97
4	data/reference/motifs/JASPAR2026_CORE_plants_non-redundant_pfms_meme.txt	MA0950.1	ATHB-12	AATGATTG	4.26e-4	1.61e-1	1.49e2	412	206	206	206	12	206	100.00	195	94.66
5	data/reference/motifs/JASPAR2026_CORE_plants_non-redundant_pfms_meme.txt	MA1403.1	BPC5	AGAGAGAGAGAGAGAGAGAGAGAGAGAGAG	1.79e-2	1.95e-1	1.81e2	12	206	206	206	1	10	4.85	2	0.97
6	data/reference/motifs/JASPAR2026_CORE_plants_non-redundant_pfms_meme.txt	MA1370.2	IDD5	TTTTGTCGTTTWST	1.34e-3	2.43e-1	2.25e2	208	206	206	206	2	48	23.30	24	11.65
7	data/reference/motifs/JASPAR2026_CORE_plants_non-redundant_pfms_meme.txt	MA1286.2	TCP24	GGGACCAC	1.79e-3	2.46e-1	2.28e2	158	206	206	206	3	9	4.37	0	0.00
8	data/reference/motifs/JASPAR2026_CORE_plants_non-redundant_pfms_meme.txt	MA1289.2	TCP3	GGGACCAC	2.59e-3	2.46e-1	2.28e2	109	206	206	206	2	19	9.22	5	2.43
9	data/reference/motifs/JASPAR2026_CORE_plants_non-redundant_pfms_meme.txt	MA1175.2	MYB81	TAACHGWWT	8.47e-4	2.93e-1	2.71e2	409	206	206	206	4	193	93.69	172	83.50
10	data/reference/motifs/JASPAR2026_CORE_plants_non-redundant_pfms_meme.txt	MA1280.2	DOF5.4	AAAAAGK	9.23e-4	3.16e-1	2.93e2	412	206	206	206	12	45	21.84	21	10.19
11	data/reference/motifs/JASPAR2026_CORE_plants_non-redundant_pfms_meme.txt	MA0110.4	ATHB-5	CAATCATT	1.01e-3	3.42e-1	3.17e2	412	206	206	206	14	163	79.13	134	65.05
12	data/reference/motifs/JASPAR2026_CORE_plants_non-redundant_pfms_meme.txt	MA2376.1	CAMTA5	CGYGTNDDAWVCGYGT	1.94e-3	3.74e-1	3.47e2	241	206	206	206	3	47	22.82	24	11.65
13	data/reference/motifs/JASPAR2026_CORE_plants_non-redundant_pfms_meme.txt	MA2669.1	GLYMA-04G231400	CAATAATTGATT	1.78e-3	4.63e-1	4.29e2	350	206	206	206	1	186	90.29	164	79.61
14	data/reference/motifs/JASPAR2026_CORE_plants_non-redundant_pfms_meme.txt	MA1241.2	ERF043	CCACCGACA	1.39e-2	5.31e-1	4.92e2	54	206	206	206	1	35	16.99	19	9.22
15	data/reference/motifs/JASPAR2026_CORE_plants_non-redundant_pfms_meme.txt	MA1288.2	TCP22	GTGGGHCCCAC	7.77e-3	5.35e-1	4.96e2	98	206	206	206	2	23	11.17	9	4.37
16	data/reference/motifs/JASPAR2026_CORE_plants_non-redundant_pfms_meme.txt	MA0053.1	MNB1A	AAAGC	2.22e-3	5.99e-1	5.55e2	412	206	206	206	13	93	45.15	64	31.07
17	data/reference/motifs/JASPAR2026_CORE_plants_non-redundant_pfms_meme.txt	MA2454.1	SPL8D1	ATAGTACATA	2.44e-3	6.34e-1	5.88e2	411	206	206	206	8	98	47.57	69	33.50
18	data/reference/motifs/JASPAR2026_CORE_plants_non-redundant_pfms_meme.txt	MA1404.1	BPC1	GAGAGAGAGAGAGAGAGAGAGAGA	1.85e-2	6.35e-1	5.89e2	54	206	206	206	13	8	3.88	1	0.49
19	data/reference/motifs/JASPAR2026_CORE_plants_non-redundant_pfms_meme.txt	MA2655.1	GLYMA-08G218600	AAAAGTCAA	2.59e-3	6.56e-1	6.08e2	412	206	206	206	3	201	97.57	187	90.78
20	data/reference/motifs/JASPAR2026_CORE_plants_non-redundant_pfms_meme.txt	MA2052.2	ZAT6	AATGATTG	2.61e-3	6.58e-1	6.10e2	412	206	206	206	10	186	90.29	165	80.10
21	data/reference/motifs/JASPAR2026_CORE_plants_non-redundant_pfms_meme.txt	MA2708.1	SlDof4	AGAAAAAGTAA	2.83e-3	6.88e-1	6.38e2	411	206	206	206	3	205	99.51	195	94.66
22	data/reference/motifs/JASPAR2026_CORE_plants_non-redundant_pfms_meme.txt	MA1689.2	ARF18	CCGACAAA	3.20e-3	7.20e-1	6.67e2	397	206	206	206	1	204	99.03	193	93.69
23	data/reference/motifs/JASPAR2026_CORE_plants_non-redundant_pfms_meme.txt	MA1170.2	MYB118	RWCCGTTACRWW	8.85e-3	7.25e-1	6.72e2	146	206	206	206	1	85	41.26	61	29.61
24	data/reference/motifs/JASPAR2026_CORE_plants_non-redundant_pfms_meme.txt	MA0082.2	squamosa	MCAWAWATRGWAA	3.66e-3	7.77e-1	7.20e2	410	206	206	206	6	129	62.62	101	49.03
25	data/reference/motifs/JASPAR2026_CORE_plants_non-redundant_pfms_meme.txt	MA1027.2	KAN1	WTATTC	4.63e-3	8.52e-1	7.90e2	412	206	206	206	71	30	14.56	13	6.31
26	data/reference/motifs/JASPAR2026_CORE_plants_non-redundant_pfms_meme.txt	MA0563.2	SEP3	CYWTTTTTGG	4.87e-3	8.66e-1	8.03e2	412	206	206	206	12	38	18.45	19	9.22
27	data/reference/motifs/JASPAR2026_CORE_plants_non-redundant_pfms_meme.txt	MA1279.2	DOF1.5	AAADDAAAAAGTRAAA	4.98e-3	8.69e-1	8.06e2	409	206	206	206	9	53	25.73	31	15.05
28	data/reference/motifs/JASPAR2026_CORE_plants_non-redundant_pfms_meme.txt	MA1803.2	VIP1	TGMCAGCTGT	1.29e-2	8.72e-1	8.08e2	159	206	206	206	1	91	44.17	68	33.01
29	data/reference/motifs/JASPAR2026_CORE_plants_non-redundant_pfms_meme.txt	MA2085.1	PK23763.1	CTTTW	5.05e-3	8.75e-1	8.11e2	412	206	206	206	37	197	95.63	182	88.35
30	data/reference/motifs/JASPAR2026_CORE_plants_non-redundant_pfms_meme.txt	MA1024.2	HAT1	YAATCATK	5.51e-3	8.88e-1	8.24e2	398	206	206	206	8	14	6.80	3	1.46
31	data/reference/motifs/JASPAR2026_CORE_plants_non-redundant_pfms_meme.txt	MA2499.1	LSH2	TACTGTTCA	5.49e-3	8.90e-1	8.25e2	403	206	206	206	7	78	37.86	53	25.73
32	data/reference/motifs/JASPAR2026_CORE_plants_non-redundant_pfms_meme.txt	MA1283.2	TCP14	ADAGVDBGTGGGDCCCAC	1.86e-1	9.15e-1	8.49e2	12	206	206	206	2	4	1.94	1	0.49
33	data/reference/motifs/JASPAR2026_CORE_plants_non-redundant_pfms_meme.txt	MA1013.1	GATA10	TAGATCTG	1.15e-2	9.22e-1	8.55e2	223	206	206	206	6	16	7.77	5	2.43
34	data/reference/motifs/JASPAR2026_CORE_plants_non-redundant_pfms_meme.txt	MA0575.2	MYB77	GACRGTTAS	1.02e-2	9.29e-1	8.61e2	258	206	206	206	4	11	5.34	2	0.97
35	data/reference/motifs/JASPAR2026_CORE_plants_non-redundant_pfms_meme.txt	MA1376.2	DEAR3	CRCCGMC	7.08e-3	9.43e-1	8.74e2	404	206	206	206	18	17	8.25	5	2.43
36	data/reference/motifs/JASPAR2026_CORE_plants_non-redundant_pfms_meme.txt	MA1410.2	StBRC1	GGGSCCM	8.85e-3	9.51e-1	8.82e2	341	206	206	206	2	164	79.61	142	68.93
37	data/reference/motifs/JASPAR2026_CORE_plants_non-redundant_pfms_meme.txt	MA1365.3	AT5G47660	GGTAAAA	7.42e-3	9.52e-1	8.82e2	408	206	206	206	11	7	3.40	0	0.00
38	data/reference/motifs/JASPAR2026_CORE_plants_non-redundant_pfms_meme.txt	MA2028.2	MYB49	TTACCTAACTW	7.78e-3	9.52e-1	8.82e2	389	206	206	206	5	61	29.61	39	18.93
39	data/reference/motifs/JASPAR2026_CORE_plants_non-redundant_pfms_meme.txt	MA1159.2	SGR5	AAAWAAGACAAAA	8.67e-3	9.55e-1	8.85e2	357	206	206	206	2	146	70.87	122	59.22
40	data/reference/motifs/JASPAR2026_CORE_plants_non-redundant_pfms_meme.txt	MA2500.1	LSH3	TTACTGTTCAT	8.02e-3	9.58e-1	8.88e2	396	206	206	206	2	189	91.75	172	83.50
41	data/reference/motifs/JASPAR2026_CORE_plants_non-redundant_pfms_meme.txt	MA0955.2	POPTR_0002s00440g	GTACGG	7.90e-3	9.61e-1	8.91e2	412	206	206	206	7	182	88.35	163	79.13
42	data/reference/motifs/JASPAR2026_CORE_plants_non-redundant_pfms_meme.txt	MA0562.1	PIF5	TCACGTGS	3.56e-2	9.63e-1	8.93e2	91	206	206	206	2	12	5.83	4	1.94
43	data/reference/motifs/JASPAR2026_CORE_plants_non-redundant_pfms_meme.txt	MA2658.1	GLYMA-19G094100	ATTGACTTW	8.29e-3	9.65e-1	8.95e2	405	206	206	206	4	148	71.84	124	60.19
44	data/reference/motifs/JASPAR2026_CORE_plants_non-redundant_pfms_meme.txt	MA2622.1	hb34	CAATAATTG	8.25e-3	9.67e-1	8.96e2	412	206	206	206	14	49	23.79	29	14.08
45	data/reference/motifs/JASPAR2026_CORE_plants_non-redundant_pfms_meme.txt	MA2342.1	URI	CACGTG	9.39e-3	9.67e-1	8.96e2	363	206	206	206	14	24	11.65	10	4.85
46	data/reference/motifs/JASPAR2026_CORE_plants_non-redundant_pfms_meme.txt	MA2445.1	SPL4D	GGTACTACCGCT	1.79e-2	9.71e-1	9.00e2	198	206	206	206	4	10	4.85	2	0.97
47	data/reference/motifs/JASPAR2026_CORE_plants_non-redundant_pfms_meme.txt	MA1062.3	TCP15	GTGGGWCCCAC	2.62e-2	9.72e-1	9.01e2	136	206	206	206	3	20	9.71	9	4.37
48	data/reference/motifs/JASPAR2026_CORE_plants_non-redundant_pfms_meme.txt	MA1368.3	GT-4	TAACTATGGTTA	1.27e-2	9.73e-1	9.02e2	286	206	206	206	3	57	27.67	37	17.96
49	data/reference/motifs/JASPAR2026_CORE_plants_non-redundant_pfms_meme.txt	MA1057.2	SPL12	GTACGG	9.19e-3	9.77e-1	9.06e2	411	206	206	206	8	143	69.42	119	57.77
50	data/reference/motifs/JASPAR2026_CORE_plants_non-redundant_pfms_meme.txt	MA0970.2	CAMTA3	CCGCGT	1.00e-2	9.78e-1	9.07e2	382	206	206	206	12	9	4.37	1	0.49
51	data/reference/motifs/JASPAR2026_CORE_plants_non-redundant_pfms_meme.txt	MA0958.1	BHLH13	RCACGTGC	1.64e-2	9.79e-1	9.07e2	235	206	206	206	5	24	11.65	11	5.34
52	data/reference/motifs/JASPAR2026_CORE_plants_non-redundant_pfms_meme.txt	MA1819.2	Zm00001d005892	CGCCGCCG	1.79e-2	9.80e-1	9.08e2	218	206	206	206	7	10	4.85	2	0.97
53	data/reference/motifs/JASPAR2026_CORE_plants_non-redundant_pfms_meme.txt	MA2616.1	ereb17	CGCCGCCGCCGCCS	5.65e-2	9.82e-1	9.10e2	69	206	206	206	1	41	19.90	28	13.59
54	data/reference/motifs/JASPAR2026_CORE_plants_non-redundant_pfms_meme.txt	MA1682.2	TCX3	AAATTCAAATWT	9.89e-3	9.82e-1	9.10e2	406	206	206	206	9	46	22.33	27	13.11
55	data/reference/motifs/JASPAR2026_CORE_plants_non-redundant_pfms_meme.txt	MA1042.1	MYB59	RTTAGGTA	1.01e-2	9.84e-1	9.13e2	410	206	206	206	13	28	13.59	13	6.31
56	data/reference/motifs/JASPAR2026_CORE_plants_non-redundant_pfms_meme.txt	MA1382.2	FAR1	YCACGCGCY	8.32e-2	9.85e-1	9.13e2	48	206	206	206	1	29	14.08	19	9.22
57	data/reference/motifs/JASPAR2026_CORE_plants_non-redundant_pfms_meme.txt	MA2396.1	IDD1	TTTTGTCGTTTT	1.89e-2	9.85e-1	9.13e2	222	206	206	206	1	122	59.22	100	48.54
58	data/reference/motifs/JASPAR2026_CORE_plants_non-redundant_pfms_meme.txt	MA2090.1	PK26523.1	ATTCY	1.02e-2	9.85e-1	9.13e2	412	206	206	206	26	204	99.03	195	94.66
59	data/reference/motifs/JASPAR2026_CORE_plants_non-redundant_pfms_meme.txt	MA1291.1	TCP7	GTGGGRCCCAC	4.32e-2	9.86e-1	9.14e2	96	206	206	206	2	20	9.71	10	4.85
60	data/reference/motifs/JASPAR2026_CORE_plants_non-redundant_pfms_meme.txt	MA1412.2	TSAR2	GCACGTGC	3.05e-2	9.88e-1	9.16e2	144	206	206	206	8	5	2.43	0	0.00
61	data/reference/motifs/JASPAR2026_CORE_plants_non-redundant_pfms_meme.txt	MA2355.1	PK06791.1	GTACGG	1.08e-2	9.88e-1	9.16e2	409	206	206	206	8	131	63.59	107	51.94
62	data/reference/motifs/JASPAR2026_CORE_plants_non-redundant_pfms_meme.txt	MA1274.1	DOF3.6	TTTWCTTTTTHHYTTTTTTTT	1.09e-2	9.88e-1	9.16e2	405	206	206	206	7	158	76.70	136	66.02
63	data/reference/motifs/JASPAR2026_CORE_plants_non-redundant_pfms_meme.txt	MA2373.1	AZF2	ASTG	1.09e-2	9.89e-1	9.17e2	412	206	206	206	76	186	90.29	169	82.04
64	data/reference/motifs/JASPAR2026_CORE_plants_non-redundant_pfms_meme.txt	MA1385.2	AT2G40260	AAHATTCTYT	1.15e-2	9.90e-1	9.18e2	404	206	206	206	4	122	59.22	98	47.57
65	data/reference/motifs/JASPAR2026_CORE_plants_non-redundant_pfms_meme.txt	MA1270.2	DOF3.2	TWACTTTTTNNYTTTT	1.15e-2	9.90e-1	9.18e2	406	206	206	206	10	16	7.77	5	2.43
66	data/reference/motifs/JASPAR2026_CORE_plants_non-redundant_pfms_meme.txt	MA1698.2	ARF7	GCCGACAAG	1.49e-2	9.91e-1	9.18e2	314	206	206	206	2	120	58.25	97	47.09
67	data/reference/motifs/JASPAR2026_CORE_plants_non-redundant_pfms_meme.txt	MA0959.1	AIB	GCACGTGC	2.82e-2	9.91e-1	9.19e2	168	206	206	206	6	17	8.25	7	3.40
68	data/reference/motifs/JASPAR2026_CORE_plants_non-redundant_pfms_meme.txt	MA2647.1	GLYMA-12G226000	AAGTACAA	1.16e-2	9.91e-1	9.19e2	411	206	206	206	8	120	58.25	96	46.60
69	data/reference/motifs/JASPAR2026_CORE_plants_non-redundant_pfms_meme.txt	MA1267.2	DOF5.8	TTTTTHYTTTTTACTTTTT	1.17e-2	9.92e-1	9.19e2	410	206	206	206	10	63	30.58	42	20.39
70	data/reference/motifs/JASPAR2026_CORE_plants_non-redundant_pfms_meme.txt	MA2664.1	GLYMA-03G162700	GGYGGYGGCGGCGGMGGCGGYGG	2.08e-1	9.93e-1	9.20e2	21	206	206	206	3	9	4.37	5	2.43
71	data/reference/motifs/JASPAR2026_CORE_plants_non-redundant_pfms_meme.txt	MA1687.1	ARF14	CGGGGGACAYGTCGGG	1.08e-1	9.93e-1	9.20e2	43	206	206	206	2	5	2.43	1	0.49
72	data/reference/motifs/JASPAR2026_CORE_plants_non-redundant_pfms_meme.txt	MA1810.2	GLYMA-08G357600	ATGCATGCA	1.37e-2	9.93e-1	9.20e2	362	206	206	206	12	14	6.80	4	1.94
73	data/reference/motifs/JASPAR2026_CORE_plants_non-redundant_pfms_meme.txt	MA1061.2	SPT	CCACGTG	1.27e-2	9.93e-1	9.21e2	394	206	206	206	10	34	16.50	18	8.74
74	data/reference/motifs/JASPAR2026_CORE_plants_non-redundant_pfms_meme.txt	MA1230.2	ERF037	YCACCGACA	5.74e-2	9.94e-1	9.21e2	86	206	206	206	1	50	24.27	36	17.48
75	data/reference/motifs/JASPAR2026_CORE_plants_non-redundant_pfms_meme.txt	MA1012.1	AGL27	CTTTCYATTTTKGG	2.30e-2	9.94e-1	9.21e2	223	206	206	206	2	42	20.39	26	12.62
76	data/reference/motifs/JASPAR2026_CORE_plants_non-redundant_pfms_meme.txt	MA1273.2	DOF4.2	AAAAAGGYAAA	1.27e-2	9.94e-1	9.22e2	405	206	206	206	8	34	16.50	18	8.74
77	data/reference/motifs/JASPAR2026_CORE_plants_non-redundant_pfms_meme.txt	MA2724.1	SlTCP18	GTGGGVCCCAC	3.03e-2	9.95e-1	9.22e2	172	206	206	206	2	79	38.35	60	29.13
78	data/reference/motifs/JASPAR2026_CORE_plants_non-redundant_pfms_meme.txt	MA1778.2	MYB80	TYYACCTAMYTW	1.31e-2	9.95e-1	9.22e2	403	206	206	206	7	30	14.56	15	7.28
79	data/reference/motifs/JASPAR2026_CORE_plants_non-redundant_pfms_meme.txt	MA1044.2	NAC92	RCAMGCCA	1.29e-2	9.95e-1	9.22e2	410	206	206	206	15	39	18.93	22	10.68
80	data/reference/motifs/JASPAR2026_CORE_plants_non-redundant_pfms_meme.txt	MA2416.1	EREB29	GCCGCCGCCC	3.38e-2	9.95e-1	9.22e2	157	206	206	206	6	7	3.40	1	0.49
81	data/reference/motifs/JASPAR2026_CORE_plants_non-redundant_pfms_meme.txt	MA0020.2	Dof2	AAAGC	1.29e-2	9.95e-1	9.22e2	412	206	206	206	19	39	18.93	22	10.68
82	data/reference/motifs/JASPAR2026_CORE_plants_non-redundant_pfms_meme.txt	MA0064.1	PBF	AAAGY	1.29e-2	9.95e-1	9.22e2	412	206	206	206	19	39	18.93	22	10.68
83	data/reference/motifs/JASPAR2026_CORE_plants_non-redundant_pfms_meme.txt	MA1032.2	DREB1G	TGCCGACA	5.89e-2	9.95e-1	9.23e2	88	206	206	206	1	51	24.76	37	17.96
84	data/reference/motifs/JASPAR2026_CORE_plants_non-redundant_pfms_meme.txt	MA2619.1	ereb18	CCGCCGCCGCCCGCC	6.16e-2	9.95e-1	9.23e2	85	206	206	206	13	4	1.94	0	0.00
85	data/reference/motifs/JASPAR2026_CORE_plants_non-redundant_pfms_meme.txt	MA2434.1	SPL16A	AGCGGTAGTAC	2.30e-2	9.96e-1	9.23e2	237	206	206	206	1	129	62.62	108	52.43
86	data/reference/motifs/JASPAR2026_CORE_plants_non-redundant_pfms_meme.txt	MA2427.1	SPL12B	AGCGGTASTACCGC	1.26e-1	9.96e-1	9.24e2	42	206	206	206	2	13	6.31	7	3.40
87	data/reference/motifs/JASPAR2026_CORE_plants_non-redundant_pfms_meme.txt	MA1824.2	Zm00001d005692	CAATAATT	1.37e-2	9.96e-1	9.24e2	412	206	206	206	8	202	98.06	192	93.20
88	data/reference/motifs/JASPAR2026_CORE_plants_non-redundant_pfms_meme.txt	MA2659.1	GLYMA-08G281200	YTTGACTAATTAGGGTTWAKKGDT	2.46e-1	9.97e-1	9.24e2	20	206	206	206	1	12	5.83	8	3.88
89	data/reference/motifs/JASPAR2026_CORE_plants_non-redundant_pfms_meme.txt	MA1066.1	TCP23	GGGCCCAC	2.43e-2	9.97e-1	9.24e2	236	206	206	206	2	81	39.32	61	29.61
90	data/reference/motifs/JASPAR2026_CORE_plants_non-redundant_pfms_meme.txt	MA1688.2	ARF16	CAAGACAAGA	1.44e-2	9.97e-1	9.25e2	411	206	206	206	7	127	61.65	104	50.49
91	data/reference/motifs/JASPAR2026_CORE_plants_non-redundant_pfms_meme.txt	MA1776.3	MYB67	TACCTAACA	1.51e-2	9.97e-1	9.25e2	396	206	206	206	11	6	2.91	0	0.00
92	data/reference/motifs/JASPAR2026_CORE_plants_non-redundant_pfms_meme.txt	MA1760.1	HSFA6A	GAAGNTTCTAGAA	1.51e-1	9.98e-1	9.25e2	37	206	206	206	1	22	10.68	15	7.28
93	data/reference/motifs/JASPAR2026_CORE_plants_non-redundant_pfms_meme.txt	MA1007.1	PHYPADRAFT_173530	TGTCGGTG	6.16e-2	9.98e-1	9.25e2	95	206	206	206	3	4	1.94	0	0.00
94	data/reference/motifs/JASPAR2026_CORE_plants_non-redundant_pfms_meme.txt	MA2408.1	BAD1	CCGGGCCCCSVC	7.89e-2	9.98e-1	9.25e2	74	206	206	206	1	43	20.87	31	15.05
95	data/reference/motifs/JASPAR2026_CORE_plants_non-redundant_pfms_meme.txt	MA0945.2	ARR1	RDATCT	1.48e-2	9.98e-1	9.25e2	412	206	206	206	48	20	9.71	8	3.88
96	data/reference/motifs/JASPAR2026_CORE_plants_non-redundant_pfms_meme.txt	MA1086.2	WRKY43	RGTCAA	1.49e-2	9.98e-1	9.25e2	412	206	206	206	22	200	97.09	189	91.75
97	data/reference/motifs/JASPAR2026_CORE_plants_non-redundant_pfms_meme.txt	MA2397.1	ILR3	CACGTG	1.51e-2	9.98e-1	9.25e2	409	206	206	206	44	6	2.91	0	0.00
98	data/reference/motifs/JASPAR2026_CORE_plants_non-redundant_pfms_meme.txt	MA1098.1	ARALYDRAFT_484486	GGSCCCAC	3.32e-2	9.98e-1	9.25e2	190	206	206	206	3	18	8.74	8	3.88
99	data/reference/motifs/JASPAR2026_CORE_plants_non-redundant_pfms_meme.txt	MA1095.1	ARALYDRAFT_495258	GGSCCCAC	3.32e-2	9.98e-1	9.25e2	190	206	206	206	3	18	8.74	8	3.88
100	data/reference/motifs/JASPAR2026_CORE_plants_non-redundant_pfms_meme.txt	MA2736.1	la3	AACACGTG	1.87e-2	9.98e-1	9.25e2	342	206	206	206	7	25	12.14	12	5.83
101	data/reference/motifs/JASPAR2026_CORE_plants_non-redundant_pfms_meme.txt	MA1750.1	E2FE	TTTTTGGCGGGAAAA	6.57e-1	9.98e-1	9.26e2	6	206	206	206	1	3	1.46	3	1.46
102	data/reference/motifs/JASPAR2026_CORE_plants_non-redundant_pfms_meme.txt	MA1732.1	E2FD	TTTTTGGCGGGAAAA	6.57e-1	9.98e-1	9.26e2	6	206	206	206	1	3	1.46	3	1.46
103	data/reference/motifs/JASPAR2026_CORE_plants_non-redundant_pfms_meme.txt	MA0566.2	MYC2	AACACGTGA	1.77e-2	9.99e-1	9.26e2	369	206	206	206	8	33	16.02	18	8.74
104	data/reference/motifs/JASPAR2026_CORE_plants_non-redundant_pfms_meme.txt	MA2399.1	LjSGA_053525.1	GGGCCCAC	3.67e-2	9.99e-1	9.26e2	179	206	206	206	2	45	21.84	30	14.56
105	data/reference/motifs/JASPAR2026_CORE_plants_non-redundant_pfms_meme.txt	MA2449.1	SPL6A	GCGGTAGTACC	3.67e-2	9.99e-1	9.26e2	179	206	206	206	1	99	48.06	80	38.83
106	data/reference/motifs/JASPAR2026_CORE_plants_non-redundant_pfms_meme.txt	MA1223.2	ERF035	TGTCGGTGG	1.37e-1	9.99e-1	9.26e2	46	206	206	206	1	27	13.11	19	9.22
107	data/reference/motifs/JASPAR2026_CORE_plants_non-redundant_pfms_meme.txt	MA2380.1	DOF4.7	TWACTTTTT	1.68e-2	9.99e-1	9.26e2	411	206	206	206	10	56	27.18	37	17.96
108	data/reference/motifs/JASPAR2026_CORE_plants_non-redundant_pfms_meme.txt	MA2610.1	ereb97	CGCCGCCGCC	5.00e-1	9.99e-1	9.26e2	10	206	206	206	3	1	0.49	0	0.00
109	data/reference/motifs/JASPAR2026_CORE_plants_non-redundant_pfms_meme.txt	MA1832.2	Zm00001d002364	CGCCGCCGCC	5.00e-1	9.99e-1	9.26e2	10	206	206	206	3	1	0.49	0	0.00
110	data/reference/motifs/JASPAR2026_CORE_plants_non-redundant_pfms_meme.txt	MA1818.1	Zm00001d052229	CGCCGCCGCC	5.00e-1	9.99e-1	9.26e2	10	206	206	206	3	1	0.49	0	0.00
111	data/reference/motifs/JASPAR2026_CORE_plants_non-redundant_pfms_meme.txt	MA1284.2	TCP1	GTGGGCCCCAC	7.83e-2	9.99e-1	9.26e2	85	206	206	206	2	22	10.68	13	6.31
112	data/reference/motifs/JASPAR2026_CORE_plants_non-redundant_pfms_meme.txt	MA2413.1	ZmbZIP96	GASACGTGKCA	3.74e-2	9.99e-1	9.26e2	187	206	206	206	1	103	50.00	84	40.78
113	data/reference/motifs/JASPAR2026_CORE_plants_non-redundant_pfms_meme.txt	MA1374.2	IDD7	ASAAAACGACAAAA	3.56e-2	9.99e-1	9.26e2	198	206	206	206	3	12	5.83	4	1.94
114	data/reference/motifs/JASPAR2026_CORE_plants_non-redundant_pfms_meme.txt	MA1174.2	MYB56	ATAACGGWHW	1.85e-2	9.99e-1	9.26e2	380	206	206	206	3	126	61.17	104	50.49
115	data/reference/motifs/JASPAR2026_CORE_plants_non-redundant_pfms_meme.txt	MA1749.1	E2FC	AWDWWGGCGCCAAAA	2.49e-1	9.99e-1	9.26e2	25	206	206	206	2	2	0.97	0	0.00
116	data/reference/motifs/JASPAR2026_CORE_plants_non-redundant_pfms_meme.txt	MA2746.1	HB-HD-ZIP-2A-2	WTGCAATCATT	1.78e-2	9.99e-1	9.26e2	407	206	206	206	3	174	84.47	156	75.73
117	data/reference/motifs/JASPAR2026_CORE_plants_non-redundant_pfms_meme.txt	MA2084.1	PK23009.1	CTTTW	1.76e-2	9.99e-1	9.26e2	412	206	206	206	86	66	32.04	46	22.33
118	data/reference/motifs/JASPAR2026_CORE_plants_non-redundant_pfms_meme.txt	MA2421.1	SBP8	ARGTACAA	1.83e-2	9.99e-1	9.26e2	397	206	206	206	9	15	7.28	5	2.43
119	data/reference/motifs/JASPAR2026_CORE_plants_non-redundant_pfms_meme.txt	MA1158.2	MGP	AAAACGACAAAAA	3.77e-2	9.99e-1	9.26e2	193	206	206	206	1	106	51.46	87	42.23
120	data/reference/motifs/JASPAR2026_CORE_plants_non-redundant_pfms_meme.txt	MA1817.2	Zm00001d020267	CGCCGCCGCC	4.36e-2	9.99e-1	9.26e2	169	206	206	206	7	10	4.85	3	1.46
121	data/reference/motifs/JASPAR2026_CORE_plants_non-redundant_pfms_meme.txt	MA0952.1	ATHB-51	AATWATTG	1.85e-2	1.00e0	9.27e2	411	206	206	206	3	205	99.51	198	96.12
122	data/reference/motifs/JASPAR2026_CORE_plants_non-redundant_pfms_meme.txt	MA2354.1	PK06182.1	TACCTACC	2.22e-2	1.00e0	9.27e2	344	206	206	206	6	13	6.31	4	1.94
123	data/reference/motifs/JASPAR2026_CORE_plants_non-redundant_pfms_meme.txt	MA2650.1	GLYMA-05G027400	GTGGGCCCCAC	5.73e-2	1.00e0	9.27e2	134	206	206	206	1	75	36.41	59	28.64
124	data/reference/motifs/JASPAR2026_CORE_plants_non-redundant_pfms_meme.txt	MA2104.1	IDD11	AAAACGACAAAA	2.61e-2	1.00e0	9.27e2	296	206	206	206	2	86	41.75	66	32.04
125	data/reference/motifs/JASPAR2026_CORE_plants_non-redundant_pfms_meme.txt	MA1408.2	FaEOBII	GTTAGGTA	1.91e-2	1.00e0	9.27e2	411	206	206	206	13	39	18.93	23	11.17
126	data/reference/motifs/JASPAR2026_CORE_plants_non-redundant_pfms_meme.txt	MA1363.1	LRL2	CGTGNKWBGCACGTG	8.92e-2	1.00e0	9.27e2	84	206	206	206	1	48	23.30	36	17.48
127	data/reference/motifs/JASPAR2026_CORE_plants_non-redundant_pfms_meme.txt	MA0587.2	TCP16	GTGGACCC	3.80e-2	1.00e0	9.27e2	207	206	206	206	1	113	54.85	94	45.63
128	data/reference/motifs/JASPAR2026_CORE_plants_non-redundant_pfms_meme.txt	MA2661.1	GLYMA-03G081700	CTACGTGGCA	2.19e-2	1.00e0	9.27e2	366	206	206	206	4	75	36.41	55	26.70
129	data/reference/motifs/JASPAR2026_CORE_plants_non-redundant_pfms_meme.txt	MA1277.2	DOF1.7	AAAAAGTARAA	2.03e-2	1.00e0	9.27e2	410	206	206	206	14	46	22.33	29	14.08
130	data/reference/motifs/JASPAR2026_CORE_plants_non-redundant_pfms_meme.txt	MA2058.1	PK03929.1	CTTTW	2.05e-2	1.00e0	9.27e2	412	206	206	206	41	190	92.23	176	85.44
131	data/reference/motifs/JASPAR2026_CORE_plants_non-redundant_pfms_meme.txt	MA2415.1	EREB138	CMGCCGCCAT	3.38e-2	1.00e0	9.27e2	254	206	206	206	7	7	3.40	1	0.49
132	data/reference/motifs/JASPAR2026_CORE_plants_non-redundant_pfms_meme.txt	MA1183.2	RVE6	AGATATTTT	2.57e-2	1.00e0	9.27e2	335	206	206	206	4	38	18.45	23	11.17
133	data/reference/motifs/JASPAR2026_CORE_plants_non-redundant_pfms_meme.txt	MA2744.1	SlWRKY40	AAAGTCAA	2.11e-2	1.00e0	9.27e2	411	206	206	206	9	54	26.21	36	17.48
134	data/reference/motifs/JASPAR2026_CORE_plants_non-redundant_pfms_meme.txt	MA2721.1	Sl-ERF_C_6	YCGCCGCCGCCRCCRCCGCC	1.69e-1	1.00e0	9.27e2	47	206	206	206	5	7	3.40	3	1.46
135	data/reference/motifs/JASPAR2026_CORE_plants_non-redundant_pfms_meme.txt	MA1064.2	TCP2	TGGKMCCA	2.23e-2	1.00e0	9.27e2	392	206	206	206	8	133	64.56	112	54.37
136	data/reference/motifs/JASPAR2026_CORE_plants_non-redundant_pfms_meme.txt	MA0569.2	MYC4	CACGTGC	3.10e-2	1.00e0	9.27e2	285	206	206	206	5	30	14.56	17	8.25
137	data/reference/motifs/JASPAR2026_CORE_plants_non-redundant_pfms_meme.txt	MA2754.1	wrky38	CGTGGACC	2.36e-2	1.00e0	9.27e2	375	206	206	206	8	27	13.11	14	6.80
138	data/reference/motifs/JASPAR2026_CORE_plants_non-redundant_pfms_meme.txt	MA2653.1	GLYMA-03G042700	GTTTGACTTT	2.24e-2	1.00e0	9.27e2	396	206	206	206	8	19	9.22	8	3.88
139	data/reference/motifs/JASPAR2026_CORE_plants_non-redundant_pfms_meme.txt	MA1004.2	ERF13	SGCCGCC	4.36e-2	1.00e0	9.27e2	204	206	206	206	7	10	4.85	3	1.46
140	data/reference/motifs/JASPAR2026_CORE_plants_non-redundant_pfms_meme.txt	MA1157.2	NUC	TTTTGTCGTTTT	3.60e-2	1.00e0	9.27e2	250	206	206	206	2	62	30.10	45	21.84
141	data/reference/motifs/JASPAR2026_CORE_plants_non-redundant_pfms_meme.txt	MA0576.2	RAX3	GGGGGTAGGTGS	1.69e-1	1.00e0	9.27e2	49	206	206	206	2	7	3.40	3	1.46
142	data/reference/motifs/JASPAR2026_CORE_plants_non-redundant_pfms_meme.txt	MA2472.1	AT3G12910	YGSCGTVRWDDHBACGK	2.03e-1	1.00e0	9.27e2	40	206	206	206	1	23	11.17	17	8.25
143	data/reference/motifs/JASPAR2026_CORE_plants_non-redundant_pfms_meme.txt	MA2460.1	MGH6.1	YGSCGTVRWDDHBACGK	2.03e-1	1.00e0	9.27e2	40	206	206	206	1	23	11.17	17	8.25
144	data/reference/motifs/JASPAR2026_CORE_plants_non-redundant_pfms_meme.txt	MA1058.2	SPL4	GTACG	2.21e-2	1.00e0	9.27e2	412	206	206	206	38	93	45.15	72	34.95
145	data/reference/motifs/JASPAR2026_CORE_plants_non-redundant_pfms_meme.txt	MA1364.2	BHLH72	GCCACGTGG	6.17e-2	1.00e0	9.27e2	148	206	206	206	1	82	39.81	66	32.04
146	data/reference/motifs/JASPAR2026_CORE_plants_non-redundant_pfms_meme.txt	MA1799.2	SPL10	GTACGR	2.32e-2	1.00e0	9.27e2	398	206	206	206	7	78	37.86	58	28.16
147	data/reference/motifs/JASPAR2026_CORE_plants_non-redundant_pfms_meme.txt	MA0001.3	AGL3	CCAWWWATAG	2.32e-2	1.00e0	9.27e2	406	206	206	206	2	200	97.09	190	92.23
148	data/reference/motifs/JASPAR2026_CORE_plants_non-redundant_pfms_meme.txt	MA2461.1	WOX13	TTGATTGA	2.30e-2	1.00e0	9.27e2	410	206	206	206	12	42	20.39	26	12.62
149	data/reference/motifs/JASPAR2026_CORE_plants_non-redundant_pfms_meme.txt	MA1214.2	ATHB-40	ACCAATAATTG	2.65e-2	1.00e0	9.27e2	360	206	206	206	1	187	90.78	173	83.98
150	data/reference/motifs/JASPAR2026_CORE_plants_non-redundant_pfms_meme.txt	MA1402.1	BPC6	CTCTCTCTCTCTCTCTCTCTC	1.74e-1	1.00e0	9.27e2	50	206	206	206	7	12	5.83	7	3.40
151	data/reference/motifs/JASPAR2026_CORE_plants_non-redundant_pfms_meme.txt	MA2418.1	IG1	CTGCCGCCA	3.38e-2	1.00e0	9.27e2	289	206	206	206	11	7	3.40	1	0.49
152	data/reference/motifs/JASPAR2026_CORE_plants_non-redundant_pfms_meme.txt	MA1021.2	PHYPADRAFT_48267	CACGTGC	4.22e-2	1.00e0	9.27e2	238	206	206	206	4	29	14.08	17	8.25
153	data/reference/motifs/JASPAR2026_CORE_plants_non-redundant_pfms_meme.txt	MA1087.3	WRKY45	AAAAGTCAAM	2.73e-2	1.00e0	9.27e2	378	206	206	206	4	73	35.44	54	26.21
154	data/reference/motifs/JASPAR2026_CORE_plants_non-redundant_pfms_meme.txt	MA1767.2	MYB23	CAACWA	2.58e-2	1.00e0	9.27e2	406	206	206	206	6	85	41.26	65	31.55
155	data/reference/motifs/JASPAR2026_CORE_plants_non-redundant_pfms_meme.txt	MA0560.2	PIF3	CCACGTG	6.33e-2	1.00e0	9.27e2	166	206	206	206	2	54	26.21	40	19.42
156	data/reference/motifs/JASPAR2026_CORE_plants_non-redundant_pfms_meme.txt	MA2393.1	PHYPA_008731	CACGTGC	6.33e-2	1.00e0	9.27e2	166	206	206	206	2	54	26.21	40	19.42
157	data/reference/motifs/JASPAR2026_CORE_plants_non-redundant_pfms_meme.txt	MA1777.2	MYB74	YYYACCTAMCW	3.35e-2	1.00e0	9.27e2	318	206	206	206	4	31	15.05	18	8.74
158	data/reference/motifs/JASPAR2026_CORE_plants_non-redundant_pfms_meme.txt	MA1045.2	NAC043	TWACGTAA	2.73e-2	1.00e0	9.27e2	390	206	206	206	3	136	66.02	116	56.31
159	data/reference/motifs/JASPAR2026_CORE_plants_non-redundant_pfms_meme.txt	MA2666.1	GLYMA-12G117000	GGMGGCGGYGGCGGMGG	1.24e-1	1.00e0	9.27e2	81	206	206	206	3	18	8.74	11	5.34
160	data/reference/motifs/JASPAR2026_CORE_plants_non-redundant_pfms_meme.txt	MA2646.1	GLYMA-11G083900	GTACGGA	4.47e-2	1.00e0	9.27e2	240	206	206	206	1	129	62.62	111	53.88
161	data/reference/motifs/JASPAR2026_CORE_plants_non-redundant_pfms_meme.txt	MA1204.1	AGL13	TTWCCAAAAAWRGWAAAW	8.40e-2	1.00e0	9.27e2	130	206	206	206	1	72	34.95	58	28.16
162	data/reference/motifs/JASPAR2026_CORE_plants_non-redundant_pfms_meme.txt	MA1820.2	Zm00001d024324	CGCCGCCGC	6.09e-2	1.00e0	9.27e2	183	206	206	206	8	6	2.91	1	0.49
163	data/reference/motifs/JASPAR2026_CORE_plants_non-redundant_pfms_meme.txt	MA2640.1	GLYMA-19G062000	GTAACAGTTAC	3.43e-2	1.00e0	9.27e2	326	206	206	206	1	171	83.01	155	75.24
164	data/reference/motifs/JASPAR2026_CORE_plants_non-redundant_pfms_meme.txt	MA1272.3	DOF2.2	AAAAAG	2.88e-2	1.00e0	9.27e2	390	206	206	206	8	14	6.80	5	2.43
165	data/reference/motifs/JASPAR2026_CORE_plants_non-redundant_pfms_meme.txt	MA1830.2	Zm00001d015407	AAGGAATATTCTTTTT	3.56e-2	1.00e0	9.27e2	316	206	206	206	6	12	5.83	4	1.94
166	data/reference/motifs/JASPAR2026_CORE_plants_non-redundant_pfms_meme.txt	MA2442.1	SPL3B	AGCGGTASTACCGC	2.51e-1	1.00e0	9.27e2	39	206	206	206	1	22	10.68	17	8.25
167	data/reference/motifs/JASPAR2026_CORE_plants_non-redundant_pfms_meme.txt	MA0021.1	Dof3	AAAGYV	2.75e-2	1.00e0	9.27e2	410	206	206	206	8	53	25.73	36	17.48
168	data/reference/motifs/JASPAR2026_CORE_plants_non-redundant_pfms_meme.txt	MA2417.1	EREB71	CACCGVCYMC	5.25e-2	1.00e0	9.27e2	215	206	206	206	6	8	3.88	2	0.97
169	data/reference/motifs/JASPAR2026_CORE_plants_non-redundant_pfms_meme.txt	MA1835.2	TFLG2-Zm00001d042777	GTACGTAC	3.82e-2	1.00e0	9.27e2	296	206	206	206	6	39	18.93	25	12.14
170	data/reference/motifs/JASPAR2026_CORE_plants_non-redundant_pfms_meme.txt	MA2623.1	hb66	CCAATCA	2.75e-2	1.00e0	9.27e2	412	206	206	206	20	53	25.73	36	17.48
171	data/reference/motifs/JASPAR2026_CORE_plants_non-redundant_pfms_meme.txt	MA1285.2	TCP9	GTGGGTCCCAC	1.48e-1	1.00e0	9.27e2	71	206	206	206	1	40	19.42	31	15.05
172	data/reference/motifs/JASPAR2026_CORE_plants_non-redundant_pfms_meme.txt	MA0975.1	CRF2	SCGCCGCC	1.03e-1	1.00e0	9.27e2	111	206	206	206	2	27	13.11	18	8.74
173	data/reference/motifs/JASPAR2026_CORE_plants_non-redundant_pfms_meme.txt	MA2451.1	SPL7B	AGCGGTASTACCGCT	6.14e-1	1.00e0	9.27e2	12	206	206	206	1	6	2.91	6	2.91
174	data/reference/motifs/JASPAR2026_CORE_plants_non-redundant_pfms_meme.txt	MA1181.2	MYB113	AKTYMGTTAT	2.85e-2	1.00e0	9.27e2	402	206	206	206	2	190	92.23	177	85.92
175	data/reference/motifs/JASPAR2026_CORE_plants_non-redundant_pfms_meme.txt	MA1294.2	MYB62	WAGTTAGGY	3.05e-2	1.00e0	9.27e2	377	206	206	206	5	41	19.90	26	12.62
176	data/reference/motifs/JASPAR2026_CORE_plants_non-redundant_pfms_meme.txt	MA1371.2	IDD4	ASAAAAMGACAAAAA	5.32e-2	1.00e0	9.27e2	219	206	206	206	3	14	6.80	6	2.91
177	data/reference/motifs/JASPAR2026_CORE_plants_non-redundant_pfms_meme.txt	MA1675.2	NAC029	ACGCAACT	3.06e-2	1.00e0	9.27e2	382	206	206	206	5	48	23.30	32	15.53
178	data/reference/motifs/JASPAR2026_CORE_plants_non-redundant_pfms_meme.txt	MA2643.1	SNAC23	YACGGAACT	3.05e-2	1.00e0	9.27e2	385	206	206	206	9	5	2.43	0	0.00
179	data/reference/motifs/JASPAR2026_CORE_plants_non-redundant_pfms_meme.txt	MA0590.1	LFY	YATTRACCGSCGGTYAATR	4.14e-1	1.00e0	9.27e2	22	206	206	206	2	12	5.83	10	4.85
180	data/reference/motifs/JASPAR2026_CORE_plants_non-redundant_pfms_meme.txt	MA2068.1	PK10344.1	GGGACCAC	1.30e-1	1.00e0	9.27e2	85	206	206	206	2	9	4.37	4	1.94
181	data/reference/motifs/JASPAR2026_CORE_plants_non-redundant_pfms_meme.txt	MA2448.1	SPL5D	AGCGGTASTACCGC	2.96e-1	1.00e0	9.27e2	34	206	206	206	1	19	9.22	15	7.28
182	data/reference/motifs/JASPAR2026_CORE_plants_non-redundant_pfms_meme.txt	MA1337.2	BZIP44	WGCTGACGTGGCA	2.21e-1	1.00e0	9.27e2	48	206	206	206	1	27	13.11	21	10.19
183	data/reference/motifs/JASPAR2026_CORE_plants_non-redundant_pfms_meme.txt	MA2444.1	SPL4A	GCGGTASTACCGC	2.21e-1	1.00e0	9.27e2	48	206	206	206	1	27	13.11	21	10.19
184	data/reference/motifs/JASPAR2026_CORE_plants_non-redundant_pfms_meme.txt	MA0967.1	BZIP60	TGACGTCA	3.05e-2	1.00e0	9.27e2	397	206	206	206	20	5	2.43	0	0.00
185	data/reference/motifs/JASPAR2026_CORE_plants_non-redundant_pfms_meme.txt	MA2365.1	VIT_17s0000g10420	GTTAACYV	4.16e-2	1.00e0	9.27e2	291	206	206	206	1	154	74.76	137	66.50
186	data/reference/motifs/JASPAR2026_CORE_plants_non-redundant_pfms_meme.txt	MA1218.2	DREB1D	ATGTCGGY	1.11e-1	1.00e0	9.27e2	110	206	206	206	2	22	10.68	14	6.80
187	data/reference/motifs/JASPAR2026_CORE_plants_non-redundant_pfms_meme.txt	MA1691.2	ARF27	GCAGACAT	3.05e-2	1.00e0	9.27e2	403	206	206	206	13	5	2.43	0	0.00
188	data/reference/motifs/JASPAR2026_CORE_plants_non-redundant_pfms_meme.txt	MA2748.1	TraesCS6B02G321100	CAATTATTG	3.12e-2	1.00e0	9.27e2	397	206	206	206	7	67	32.52	49	23.79
189	data/reference/motifs/JASPAR2026_CORE_plants_non-redundant_pfms_meme.txt	MA0969.2	CAMTA2	VCGCGT	3.10e-2	1.00e0	9.27e2	400	206	206	206	20	9	4.37	2	0.97
190	data/reference/motifs/JASPAR2026_CORE_plants_non-redundant_pfms_meme.txt	MA1406.2	ATHB-4	YAATSATTG	3.05e-2	1.00e0	9.27e2	407	206	206	206	1	206	100.00	201	97.57
191	data/reference/motifs/JASPAR2026_CORE_plants_non-redundant_pfms_meme.txt	MA2429.1	SPL13D	AGCGGTASTACCGCT	7.49e-1	1.00e0	9.27e2	9	206	206	206	1	4	1.94	5	2.43
192	data/reference/motifs/JASPAR2026_CORE_plants_non-redundant_pfms_meme.txt	MA2725.1	SlWRKY6	AAAGTCAAC	3.05e-2	1.00e0	9.27e2	408	206	206	206	12	5	2.43	0	0.00
193	data/reference/motifs/JASPAR2026_CORE_plants_non-redundant_pfms_meme.txt	MA2750.1	TraesCS7B02G142200	TGTACGGAC	4.38e-2	1.00e0	9.27e2	285	206	206	206	1	151	73.30	134	65.05
194	data/reference/motifs/JASPAR2026_CORE_plants_non-redundant_pfms_meme.txt	MA1814.2	RIN	CTATTTTTGG	3.05e-2	1.00e0	9.27e2	411	206	206	206	9	110	53.40	90	43.69
195	data/reference/motifs/JASPAR2026_CORE_plants_non-redundant_pfms_meme.txt	MA1014.1	GATA11	TAGATCTG	8.89e-2	1.00e0	9.27e2	141	206	206	206	4	14	6.80	7	3.40
196	data/reference/motifs/JASPAR2026_CORE_plants_non-redundant_pfms_meme.txt	MA2475.1	HOX6	TGATTG	3.05e-2	1.00e0	9.27e2	412	206	206	206	19	185	89.81	171	83.01
197	data/reference/motifs/JASPAR2026_CORE_plants_non-redundant_pfms_meme.txt	MA1088.2	WRKY48	GTCAA	3.05e-2	1.00e0	9.27e2	412	206	206	206	37	158	76.70	140	67.96
198	data/reference/motifs/JASPAR2026_CORE_plants_non-redundant_pfms_meme.txt	MA1089.2	WRKY57	RGTCAA	3.05e-2	1.00e0	9.27e2	412	206	206	206	17	206	100.00	201	97.57
199	data/reference/motifs/JASPAR2026_CORE_plants_non-redundant_pfms_meme.txt	MA2103.1	AT4G09450	TTATCY	3.05e-2	1.00e0	9.27e2	412	206	206	206	41	5	2.43	0	0.00
200	data/reference/motifs/JASPAR2026_CORE_plants_non-redundant_pfms_meme.txt	MA1338.3	DPBF3	TGMCACGTGTC	8.88e-2	1.00e0	9.27e2	142	206	206	206	1	78	37.86	64	31.07
201	data/reference/motifs/JASPAR2026_CORE_plants_non-redundant_pfms_meme.txt	MA0960.1	BHLH104	GGCACGTGCC	3.12e-1	1.00e0	9.27e2	34	206	206	206	4	3	1.46	1	0.49
202	data/reference/motifs/JASPAR2026_CORE_plants_non-redundant_pfms_meme.txt	MA2406.1	PK03576.1	CACGTGC	2.72e-1	1.00e0	9.27e2	40	206	206	206	2	15	7.28	11	5.34
203	data/reference/motifs/JASPAR2026_CORE_plants_non-redundant_pfms_meme.txt	MA2483.1	PK20543.1	TTAACC	3.10e-2	1.00e0	9.27e2	412	206	206	206	49	9	4.37	2	0.97
204	data/reference/motifs/JASPAR2026_CORE_plants_non-redundant_pfms_meme.txt	MA0557.2	FHY3	CACGCGCT	4.85e-2	1.00e0	9.27e2	270	206	206	206	5	17	8.25	8	3.88
205	data/reference/motifs/JASPAR2026_CORE_plants_non-redundant_pfms_meme.txt	MA2450.1	SPL7A	GTACTACCGCT	5.53e-2	1.00e0	9.27e2	237	206	206	206	1	127	61.65	110	53.40
206	data/reference/motifs/JASPAR2026_CORE_plants_non-redundant_pfms_meme.txt	MA1025.2	HBI1	GCACGTG	4.19e-2	1.00e0	9.27e2	314	206	206	206	5	24	11.65	13	6.31
207	data/reference/motifs/JASPAR2026_CORE_plants_non-redundant_pfms_meme.txt	MA2712.1	eil1	TCTAGATACATTGAATCT	1.24e-1	1.00e0	9.27e2	106	206	206	206	3	3	1.46	0	0.00
208	data/reference/motifs/JASPAR2026_CORE_plants_non-redundant_pfms_meme.txt	MA1416.1	RAMOSA1	GAGAGAGAGAGAGA	1.08e-1	1.00e0	9.27e2	123	206	206	206	7	16	7.77	9	4.37
209	data/reference/motifs/JASPAR2026_CORE_plants_non-redundant_pfms_meme.txt	MA2722.1	Sl-ERF_F_2	CGGCGGCKGCGGCGR	2.56e-1	1.00e0	9.27e2	45	206	206	206	2	13	6.31	9	4.37
210	data/reference/motifs/JASPAR2026_CORE_plants_non-redundant_pfms_meme.txt	MA2617.1	ereb54	GCGGCGGCGGC	2.23e-1	1.00e0	9.27e2	53	206	206	206	2	10	4.85	6	2.91
211	data/reference/motifs/JASPAR2026_CORE_plants_non-redundant_pfms_meme.txt	MA2738.1	Cnr	TCCGTACAAA	3.36e-2	1.00e0	9.27e2	397	206	206	206	2	178	86.41	163	79.13
212	data/reference/motifs/JASPAR2026_CORE_plants_non-redundant_pfms_meme.txt	MA1833.2	Zm00001d049364	CCGCCGCCGCC	8.74e-2	1.00e0	9.27e2	157	206	206	206	7	7	3.40	2	0.97
213	data/reference/motifs/JASPAR2026_CORE_plants_non-redundant_pfms_meme.txt	MA2607.1	tcptf23	GGGACCAC	4.08e-2	1.00e0	9.27e2	338	206	206	206	2	140	67.96	122	59.22
214	data/reference/motifs/JASPAR2026_CORE_plants_non-redundant_pfms_meme.txt	MA2443.1	SPL3D	GCGGTASTACCGC	2.64e-1	1.00e0	9.27e2	45	206	206	206	1	25	12.14	20	9.71
215	data/reference/motifs/JASPAR2026_CORE_plants_non-redundant_pfms_meme.txt	MA2711.1	SolycHsfB2b	TTCTAGAA	8.07e-2	1.00e0	9.27e2	171	206	206	206	1	93	45.15	78	37.86
216	data/reference/motifs/JASPAR2026_CORE_plants_non-redundant_pfms_meme.txt	MA1008.2	PHYPADRAFT_182268	GTCGGTG	2.03e-1	1.00e0	9.27e2	61	206	206	206	1	34	16.50	27	13.11
217	data/reference/motifs/JASPAR2026_CORE_plants_non-redundant_pfms_meme.txt	MA2386.1	estExt_gwp_gw1.C_550163	CACCGAC	2.03e-1	1.00e0	9.27e2	61	206	206	206	1	34	16.50	27	13.11
218	data/reference/motifs/JASPAR2026_CORE_plants_non-redundant_pfms_meme.txt	MA1023.1	PHYPADRAFT_28324	KGTCGGTG	2.03e-1	1.00e0	9.27e2	61	206	206	206	1	34	16.50	27	13.11
219	data/reference/motifs/JASPAR2026_CORE_plants_non-redundant_pfms_meme.txt	MA0565.3	FUS3	ACATGCA	6.23e-2	1.00e0	9.27e2	222	206	206	206	3	24	11.65	14	6.80
220	data/reference/motifs/JASPAR2026_CORE_plants_non-redundant_pfms_meme.txt	MA1210.3	HAT22	CAATAATTG	3.38e-2	1.00e0	9.27e2	409	206	206	206	2	205	99.51	199	96.60
221	data/reference/motifs/JASPAR2026_CORE_plants_non-redundant_pfms_meme.txt	MA2614.1	ereb198	SCGCCGCCGCCR	1.69e-1	1.00e0	9.27e2	75	206	206	206	4	7	3.40	3	1.46
222	data/reference/motifs/JASPAR2026_CORE_plants_non-redundant_pfms_meme.txt	MA2414.1	EREB127	TGCCGACA	6.09e-2	1.00e0	9.27e2	228	206	206	206	6	6	2.91	1	0.49
223	data/reference/motifs/JASPAR2026_CORE_plants_non-redundant_pfms_meme.txt	MA2756.1	dfo23	TACCTTTTTCT	3.38e-2	1.00e0	9.27e2	412	206	206	206	2	205	99.51	199	96.60
224	data/reference/motifs/JASPAR2026_CORE_plants_non-redundant_pfms_meme.txt	MA1411.2	TSAR1	GCACGTGC	8.60e-2	1.00e0	9.27e2	162	206	206	206	6	10	4.85	4	1.94
225	data/reference/motifs/JASPAR2026_CORE_plants_non-redundant_pfms_meme.txt	MA1290.1	TCP17	GTGGTCCCCAC	1.10e-1	1.00e0	9.27e2	127	206	206	206	3	8	3.88	3	1.46
226	data/reference/motifs/JASPAR2026_CORE_plants_non-redundant_pfms_meme.txt	MA2361.1	PRUPE_ppa000682mg	GTACGG	3.41e-2	1.00e0	9.27e2	412	206	206	206	35	22	10.68	11	5.34
227	data/reference/motifs/JASPAR2026_CORE_plants_non-redundant_pfms_meme.txt	MA1050.1	OsI_08196	GGGCCCAC	5.58e-2	1.00e0	9.27e2	254	206	206	206	3	49	23.79	35	16.99
228	data/reference/motifs/JASPAR2026_CORE_plants_non-redundant_pfms_meme.txt	MA2453.1	SPL8B	ATAGTACTC	4.20e-2	1.00e0	9.27e2	340	206	206	206	3	87	42.23	69	33.50
229	data/reference/motifs/JASPAR2026_CORE_plants_non-redundant_pfms_meme.txt	MA1164.2	HHO5	RAAGATTC	3.82e-2	1.00e0	9.27e2	374	206	206	206	5	39	18.93	25	12.14
230	data/reference/motifs/JASPAR2026_CORE_plants_non-redundant_pfms_meme.txt	MA2638.1	FUL::SEP3	TTWCTATTTATAGTAA	6.67e-2	1.00e0	9.27e2	216	206	206	206	3	25	12.14	15	7.28
231	data/reference/motifs/JASPAR2026_CORE_plants_non-redundant_pfms_meme.txt	MA1067.1	TCP5	GGGACCAC	9.85e-2	1.00e0	9.27e2	148	206	206	206	2	20	9.71	12	5.83
232	data/reference/motifs/JASPAR2026_CORE_plants_non-redundant_pfms_meme.txt	MA2048.2	NAC045	GAAGCAAC	3.56e-2	1.00e0	9.27e2	410	206	206	206	2	202	98.06	194	94.17
233	data/reference/motifs/JASPAR2026_CORE_plants_non-redundant_pfms_meme.txt	MA0564.2	ABI3	GCATGC	3.83e-2	1.00e0	9.27e2	381	206	206	206	12	33	16.02	20	9.71
234	data/reference/motifs/JASPAR2026_CORE_plants_non-redundant_pfms_meme.txt	MA0097.1	bZIP911	GRTGACGTGGMC	6.00e-1	1.00e0	9.27e2	16	206	206	206	1	8	3.88	8	3.88
235	data/reference/motifs/JASPAR2026_CORE_plants_non-redundant_pfms_meme.txt	MA2645.1	GLYMA-16G042900	GGTTGCKTSTTCHASAAGYWA	3.09e-1	1.00e0	9.27e2	40	206	206	206	1	22	10.68	18	8.74
236	data/reference/motifs/JASPAR2026_CORE_plants_non-redundant_pfms_meme.txt	MA2067.1	PK09702.1	GCACGTGR	3.09e-1	1.00e0	9.27e2	40	206	206	206	1	22	10.68	18	8.74
237	data/reference/motifs/JASPAR2026_CORE_plants_non-redundant_pfms_meme.txt	MA1065.3	TCP20	GTGGGWCCCAC	1.05e-1	1.00e0	9.27e2	142	206	206	206	3	21	10.19	13	6.31
238	data/reference/motifs/JASPAR2026_CORE_plants_non-redundant_pfms_meme.txt	MA1266.2	RAP2-11	YCDYCGCCGGC	1.19e-1	1.00e0	9.27e2	125	206	206	206	2	31	15.05	22	10.68
239	data/reference/motifs/JASPAR2026_CORE_plants_non-redundant_pfms_meme.txt	MA1220.2	TINY	YCACCGACA	1.24e-1	1.00e0	9.27e2	121	206	206	206	4	3	1.46	0	0.00
240	data/reference/motifs/JASPAR2026_CORE_plants_non-redundant_pfms_meme.txt	MA1417.2	O2	TGCCACGTCATC	1.20e-1	1.00e0	9.27e2	126	206	206	206	1	69	33.50	57	27.67
241	data/reference/motifs/JASPAR2026_CORE_plants_non-redundant_pfms_meme.txt	MA2613.1	ereb34	GCCGCCGCCGCCCS	1.56e-1	1.00e0	9.27e2	89	206	206	206	2	23	11.17	16	7.77
242	data/reference/motifs/JASPAR2026_CORE_plants_non-redundant_pfms_meme.txt	MA1351.3	GBF3	ACGTGGCA	3.82e-2	1.00e0	9.27e2	396	206	206	206	10	19	9.22	9	4.37
243	data/reference/motifs/JASPAR2026_CORE_plants_non-redundant_pfms_meme.txt	MA0561.1	PIF4	CACGTGSC	1.51e-1	1.00e0	9.27e2	101	206	206	206	2	22	10.68	15	7.28
244	data/reference/motifs/JASPAR2026_CORE_plants_non-redundant_pfms_meme.txt	MA1326.2	ZHD5	GTRATTAR	3.78e-2	1.00e0	9.27e2	404	206	206	206	4	168	81.55	152	73.79
245	data/reference/motifs/JASPAR2026_CORE_plants_non-redundant_pfms_meme.txt	MA0930.3	ABF3	ACGTGTC	3.82e-2	1.00e0	9.27e2	401	206	206	206	12	19	9.22	9	4.37
246	data/reference/motifs/JASPAR2026_CORE_plants_non-redundant_pfms_meme.txt	MA1736.2	AT5G04390	TCACT	3.80e-2	1.00e0	9.27e2	412	206	206	206	14	23	11.17	12	5.83
247	data/reference/motifs/JASPAR2026_CORE_plants_non-redundant_pfms_meme.txt	MA2758.1	ereb122	CCGACCA	4.01e-2	1.00e0	9.27e2	394	206	206	206	8	40	19.42	26	12.62
248	data/reference/motifs/JASPAR2026_CORE_plants_non-redundant_pfms_meme.txt	MA2471.1	SPCH	CACGTG	4.60e-2	1.00e0	9.27e2	344	206	206	206	4	123	59.71	105	50.97
249	data/reference/motifs/JASPAR2026_CORE_plants_non-redundant_pfms_meme.txt	MA1281.2	DOF5.1	AAAAAGWAAAAARAAAAAR	3.93e-2	1.00e0	9.27e2	403	206	206	206	5	157	76.21	140	67.96
250	data/reference/motifs/JASPAR2026_CORE_plants_non-redundant_pfms_meme.txt	MA2651.1	GLYMA-20G154400	GGGCCCCAC	6.75e-2	1.00e0	9.27e2	236	206	206	206	1	126	61.17	110	53.40
251	data/reference/motifs/JASPAR2026_CORE_plants_non-redundant_pfms_meme.txt	MA1822.2	Zm00001d018571	GTACGTAC	4.92e-2	1.00e0	9.27e2	326	206	206	206	6	65	31.55	49	23.79
252	data/reference/motifs/JASPAR2026_CORE_plants_non-redundant_pfms_meme.txt	MA1823.2	Zm00001d027846	AAAGAAAA	3.92e-2	1.00e0	9.27e2	412	206	206	206	48	28	13.59	16	7.77
253	data/reference/motifs/JASPAR2026_CORE_plants_non-redundant_pfms_meme.txt	MA1360.3	bHLH74	CACGTG	6.67e-2	1.00e0	9.27e2	242	206	206	206	5	25	12.14	15	7.28
254	data/reference/motifs/JASPAR2026_CORE_plants_non-redundant_pfms_meme.txt	MA1276.2	DOF3.5	AWAAAGK	4.01e-2	1.00e0	9.27e2	408	206	206	206	8	40	19.42	26	12.62
255	data/reference/motifs/JASPAR2026_CORE_plants_non-redundant_pfms_meme.txt	MA2731.1	sep3	WTTTCCAAAAAGGGAAAAAAW	2.75e-1	1.00e0	9.27e2	51	206	206	206	1	28	13.59	23	11.17
256	data/reference/motifs/JASPAR2026_CORE_plants_non-redundant_pfms_meme.txt	MA0962.2	bHLH34	GCACGTG	6.17e-2	1.00e0	9.27e2	267	206	206	206	2	82	39.81	66	32.04
257	data/reference/motifs/JASPAR2026_CORE_plants_non-redundant_pfms_meme.txt	MA1752.2	ERF025	YGCCGACA	1.04e-1	1.00e0	9.27e2	159	206	206	206	2	35	16.99	25	12.14
258	data/reference/motifs/JASPAR2026_CORE_plants_non-redundant_pfms_meme.txt	MA2428.1	SPL13B	GCGGTASTACCGC	4.25e-1	1.00e0	9.27e2	30	206	206	206	1	16	7.77	14	6.80
259	data/reference/motifs/JASPAR2026_CORE_plants_non-redundant_pfms_meme.txt	MA1264.2	ERF095	RYGGCGGCGGHGG	1.90e-1	1.00e0	9.27e2	79	206	206	206	3	8	3.88	4	1.94
260	data/reference/motifs/JASPAR2026_CORE_plants_non-redundant_pfms_meme.txt	MA2016.2	GRF6	TCTGACA	9.70e-2	1.00e0	9.27e2	172	206	206	206	1	93	45.15	79	38.35
261	data/reference/motifs/JASPAR2026_CORE_plants_non-redundant_pfms_meme.txt	MA1054.2	ARALYDRAFT_897773	KGGGACCAC	5.65e-2	1.00e0	9.27e2	296	206	206	206	3	74	35.92	58	28.16
262	data/reference/motifs/JASPAR2026_CORE_plants_non-redundant_pfms_meme.txt	MA1321.2	SPL13A	TGTACGGA	6.16e-2	1.00e0	9.27e2	272	206	206	206	6	4	1.94	0	0.00
263	data/reference/motifs/JASPAR2026_CORE_plants_non-redundant_pfms_meme.txt	MA1362.2	bHLH77	DWNGBCACGTGM	1.25e-1	1.00e0	9.27e2	136	206	206	206	1	74	35.92	62	30.10
264	data/reference/motifs/JASPAR2026_CORE_plants_non-redundant_pfms_meme.txt	MA2743.1	SlWRKY23	AAAGTCAAM	4.31e-2	1.00e0	9.27e2	394	206	206	206	2	184	89.32	171	83.01
265	data/reference/motifs/JASPAR2026_CORE_plants_non-redundant_pfms_meme.txt	MA1009.1	ARF3	TGTCGGAA	5.08e-2	1.00e0	9.27e2	334	206	206	206	1	174	84.47	160	77.67
266	data/reference/motifs/JASPAR2026_CORE_plants_non-redundant_pfms_meme.txt	MA1424.2	ERF019	CCACCGACA	1.42e-1	1.00e0	9.27e2	121	206	206	206	3	6	2.91	2	0.97
267	data/reference/motifs/JASPAR2026_CORE_plants_non-redundant_pfms_meme.txt	MA1275.2	DOF1.6	AWAAAGTR	4.20e-2	1.00e0	9.27e2	411	206	206	206	5	179	86.89	165	80.10
268	data/reference/motifs/JASPAR2026_CORE_plants_non-redundant_pfms_meme.txt	MA1011.2	PHYPADRAFT_72483	CACGTG	4.24e-2	1.00e0	9.27e2	411	206	206	206	24	70	33.98	53	25.73
269	data/reference/motifs/JASPAR2026_CORE_plants_non-redundant_pfms_meme.txt	MA1160.2	IDD6	TTTTTGTCGTTTTSTK	8.48e-2	1.00e0	9.27e2	206	206	206	206	3	18	8.74	10	4.85
270	data/reference/motifs/JASPAR2026_CORE_plants_non-redundant_pfms_meme.txt	MA1205.1	AGL6	TTWCCAAAAAWGGAAAAWW	9.77e-2	1.00e0	9.27e2	179	206	206	206	2	33	16.02	23	11.17
271	data/reference/motifs/JASPAR2026_CORE_plants_non-redundant_pfms_meme.txt	MA1834.2	Zm00001d034298	CCACGCG	4.45e-2	1.00e0	9.27e2	394	206	206	206	13	13	6.31	5	2.43
272	data/reference/motifs/JASPAR2026_CORE_plants_non-redundant_pfms_meme.txt	MA2438.1	SPL1D	GCRGTASTACCGCT	2.49e-1	1.00e0	9.27e2	62	206	206	206	4	2	0.97	0	0.00
273	data/reference/motifs/JASPAR2026_CORE_plants_non-redundant_pfms_meme.txt	MA1821.2	Zm00001d020595	GGCGGCGGCG	8.31e-1	1.00e0	9.27e2	10	206	206	206	1	4	1.94	6	2.91
274	data/reference/motifs/JASPAR2026_CORE_plants_non-redundant_pfms_meme.txt	MA2079.1	PK19717.1	GGGSCCCMC	5.93e-2	1.00e0	9.27e2	301	206	206	206	6	35	16.99	23	11.17
275	data/reference/motifs/JASPAR2026_CORE_plants_non-redundant_pfms_meme.txt	MA1829.2	Zm00001d035604	ACCTAAC	4.36e-2	1.00e0	9.27e2	411	206	206	206	21	10	4.85	3	1.46
276	data/reference/motifs/JASPAR2026_CORE_plants_non-redundant_pfms_meme.txt	MA2657.1	GLYMA-14G028900	AAAAGTCAAA	4.63e-2	1.00e0	9.27e2	395	206	206	206	4	103	50.00	85	41.26
277	data/reference/motifs/JASPAR2026_CORE_plants_non-redundant_pfms_meme.txt	MA1001.4	ERF076	CCGCCGCCRC	8.89e-2	1.00e0	9.27e2	207	206	206	206	4	14	6.80	7	3.40
278	data/reference/motifs/JASPAR2026_CORE_plants_non-redundant_pfms_meme.txt	MA2069.1	PK10955.1	CTTTW	4.52e-2	1.00e0	9.27e2	412	206	206	206	16	188	91.26	176	85.44
279	data/reference/motifs/JASPAR2026_CORE_plants_non-redundant_pfms_meme.txt	MA2105.1	GLYMA-13G317000	ACACGT	5.32e-2	1.00e0	9.27e2	350	206	206	206	7	14	6.80	6	2.91
280	data/reference/motifs/JASPAR2026_CORE_plants_non-redundant_pfms_meme.txt	MA1311.3	WRKY28	RGTCAAC	4.57e-2	1.00e0	9.27e2	408	206	206	206	9	25	12.14	14	6.80
281	data/reference/motifs/JASPAR2026_CORE_plants_non-redundant_pfms_meme.txt	MA2477.1	NGA4	TTCAGGTR	4.64e-2	1.00e0	9.27e2	402	206	206	206	5	76	36.89	59	28.64
282	data/reference/motifs/JASPAR2026_CORE_plants_non-redundant_pfms_meme.txt	MA1203.1	AGL63	TKCCAAAAATGGMAA	8.74e-2	1.00e0	9.27e2	214	206	206	206	2	59	28.64	46	22.33
283	data/reference/motifs/JASPAR2026_CORE_plants_non-redundant_pfms_meme.txt	MA2718.1	Sl-ERF_A_3	GGYGGCGGCGGCGGCGG	5.00e-1	1.00e0	9.27e2	27	206	206	206	1	14	6.80	13	6.31
284	data/reference/motifs/JASPAR2026_CORE_plants_non-redundant_pfms_meme.txt	MA1706.2	AT1G14600	WAYATTCT	4.57e-2	1.00e0	9.27e2	412	206	206	206	43	25	12.14	14	6.80
285	data/reference/motifs/JASPAR2026_CORE_plants_non-redundant_pfms_meme.txt	MA1096.1	ARALYDRAFT_496250	GGGACCAC	2.22e-1	1.00e0	9.27e2	75	206	206	206	1	41	19.90	34	16.50
286	data/reference/motifs/JASPAR2026_CORE_plants_non-redundant_pfms_meme.txt	MA0939.1	NAC079	ACACGCAA	7.08e-2	1.00e0	9.27e2	266	206	206	206	2	75	36.41	60	29.13
287	data/reference/motifs/JASPAR2026_CORE_plants_non-redundant_pfms_meme.txt	MA2735.1	SlbHLH014	GMCACGTGBC	1.10e-1	1.00e0	9.27e2	175	206	206	206	5	8	3.88	3	1.46
288	data/reference/motifs/JASPAR2026_CORE_plants_non-redundant_pfms_meme.txt	MA2634.1	EIN3	AGATTCATTGAATCT	9.18e-2	1.00e0	9.27e2	210	206	206	206	4	19	9.22	11	5.34
289	data/reference/motifs/JASPAR2026_CORE_plants_non-redundant_pfms_meme.txt	MA1328.1	ZHD9	WTWAWHNVYTAATYA	4.82e-2	1.00e0	9.27e2	402	206	206	206	2	195	94.66	185	89.81
290	data/reference/motifs/JASPAR2026_CORE_plants_non-redundant_pfms_meme.txt	MA1428.2	TCP8	GGSCCCAC	4.81e-2	1.00e0	9.27e2	403	206	206	206	14	31	15.05	19	9.22
291	data/reference/motifs/JASPAR2026_CORE_plants_non-redundant_pfms_meme.txt	MA1373.1	GAF1	HABWAAACGACAAAA	8.48e-2	1.00e0	9.27e2	229	206	206	206	3	18	8.74	10	4.85
292	data/reference/motifs/JASPAR2026_CORE_plants_non-redundant_pfms_meme.txt	MA1816.2	O11	CACGTG	8.04e-2	1.00e0	9.27e2	243	206	206	206	2	129	62.62	114	55.34
293	data/reference/motifs/JASPAR2026_CORE_plants_non-redundant_pfms_meme.txt	MA2023.2	PHL4	RGAATATTCC	9.07e-2	1.00e0	9.27e2	216	206	206	206	3	31	15.05	21	10.19
294	data/reference/motifs/JASPAR2026_CORE_plants_non-redundant_pfms_meme.txt	MA2080.1	PK20225.1	CACGTG	4.81e-2	1.00e0	9.27e2	411	206	206	206	20	31	15.05	19	9.22
295	data/reference/motifs/JASPAR2026_CORE_plants_non-redundant_pfms_meme.txt	MA2755.1	hsftf24	ACTAGAAGCTTCTGGAA	1.14e-1	1.00e0	9.27e2	174	206	206	206	3	12	5.83	6	2.91
296	data/reference/motifs/JASPAR2026_CORE_plants_non-redundant_pfms_meme.txt	MA2734.1	Sl-ERF_F_5	CCGCCGCCGCCRCCRCC	2.54e-1	1.00e0	9.27e2	68	206	206	206	1	37	17.96	31	15.05
297	data/reference/motifs/JASPAR2026_CORE_plants_non-redundant_pfms_meme.txt	MA2348.1	IDD6	TTTTTGTCGTTTTSTK	9.84e-2	1.00e0	9.27e2	203	206	206	206	2	42	20.39	31	15.05
298	data/reference/motifs/JASPAR2026_CORE_plants_non-redundant_pfms_meme.txt	MA1059.3	SPL5	TGTACGGAH	5.00e-1	1.00e0	9.27e2	29	206	206	206	2	1	0.49	0	0.00
299	data/reference/motifs/JASPAR2026_CORE_plants_non-redundant_pfms_meme.txt	MA1282.2	TCP13	GTGGGGACCAC	2.23e-1	1.00e0	9.27e2	80	206	206	206	2	10	4.85	6	2.91
300	data/reference/motifs/JASPAR2026_CORE_plants_non-redundant_pfms_meme.txt	MA1053.1	ERF109	GCGCCGCC	1.08e-1	1.00e0	9.27e2	188	206	206	206	6	5	2.43	1	0.49
301	data/reference/motifs/JASPAR2026_CORE_plants_non-redundant_pfms_meme.txt	MA1184.2	RVE1	WAAATATCT	5.49e-2	1.00e0	9.27e2	369	206	206	206	6	18	8.74	9	4.37
302	data/reference/motifs/JASPAR2026_CORE_plants_non-redundant_pfms_meme.txt	MA1256.2	RAP2-12	DRYGGCGGCGG	1.69e-1	1.00e0	9.27e2	120	206	206	206	3	7	3.40	3	1.46
303	data/reference/motifs/JASPAR2026_CORE_plants_non-redundant_pfms_meme.txt	MA1173.2	MYB101	TAACCGAAW	4.94e-2	1.00e0	9.27e2	412	206	206	206	5	191	92.72	180	87.38
304	data/reference/motifs/JASPAR2026_CORE_plants_non-redundant_pfms_meme.txt	MA2733.1	Sl-ERF_F_4	GCMGCMGCCGCCGCCGYCR	4.00e-1	1.00e0	9.27e2	40	206	206	206	2	9	4.37	7	3.40
305	data/reference/motifs/JASPAR2026_CORE_plants_non-redundant_pfms_meme.txt	MA1189.2	AT5G61620	WWWTGGATAAGRWW	5.25e-2	1.00e0	9.27e2	390	206	206	206	8	8	3.88	2	0.97
306	data/reference/motifs/JASPAR2026_CORE_plants_non-redundant_pfms_meme.txt	MA1227.3	ERF027	RCCGACA	6.16e-2	1.00e0	9.27e2	334	206	206	206	9	4	1.94	0	0.00
307	data/reference/motifs/JASPAR2026_CORE_plants_non-redundant_pfms_meme.txt	MA1182.2	RVE8	AGATATTTT	6.64e-2	1.00e0	9.27e2	311	206	206	206	3	46	22.33	33	16.02
308	data/reference/motifs/JASPAR2026_CORE_plants_non-redundant_pfms_meme.txt	MA0551.2	HY5	TGMCACGTGKCA	2.49e-1	1.00e0	9.27e2	74	206	206	206	6	2	0.97	0	0.00
309	data/reference/motifs/JASPAR2026_CORE_plants_non-redundant_pfms_meme.txt	MA2648.1	GLYMA-19G146000	AAGGTACAC	5.44e-2	1.00e0	9.27e2	390	206	206	206	4	93	45.15	76	36.89
310	data/reference/motifs/JASPAR2026_CORE_plants_non-redundant_pfms_meme.txt	MA2455.1	SPL9D	AGCGGTASTACCGC	3.76e-1	1.00e0	9.27e2	45	206	206	206	1	24	11.65	21	10.19
311	data/reference/motifs/JASPAR2026_CORE_plants_non-redundant_pfms_meme.txt	MA1287.2	TCP21	GTGGGMCCCAC	1.53e-1	1.00e0	9.27e2	140	206	206	206	2	31	15.05	23	11.17
312	data/reference/motifs/JASPAR2026_CORE_plants_non-redundant_pfms_meme.txt	MA1430.2	TB1	GGSCCCCCC	1.97e-1	1.00e0	9.27e2	109	206	206	206	2	22	10.68	16	7.77
313	data/reference/motifs/JASPAR2026_CORE_plants_non-redundant_pfms_meme.txt	MA2014.2	BAM8	CACACGTGY	1.12e-1	1.00e0	9.27e2	193	206	206	206	3	29	14.08	20	9.71
314	data/reference/motifs/JASPAR2026_CORE_plants_non-redundant_pfms_meme.txt	MA2403.1	DVH24_040989	TTAACC	5.25e-2	1.00e0	9.27e2	412	206	206	206	47	8	3.88	2	0.97
315	data/reference/motifs/JASPAR2026_CORE_plants_non-redundant_pfms_meme.txt	MA2446.1	SPL5A	GCGGTASTACCGC	3.59e-1	1.00e0	9.27e2	49	206	206	206	2	18	8.74	15	7.28
316	data/reference/motifs/JASPAR2026_CORE_plants_non-redundant_pfms_meme.txt	MA0973.2	CDF2	AAAAAGY	5.31e-2	1.00e0	9.27e2	412	206	206	206	16	190	92.23	179	86.89
317	data/reference/motifs/JASPAR2026_CORE_plants_non-redundant_pfms_meme.txt	MA1755.2	GATA4	GATC	5.31e-2	1.00e0	9.27e2	412	206	206	206	42	190	92.23	179	86.89
318	data/reference/motifs/JASPAR2026_CORE_plants_non-redundant_pfms_meme.txt	MA1323.2	GATA19	GATCBGATY	6.16e-2	1.00e0	9.27e2	356	206	206	206	10	4	1.94	0	0.00
319	data/reference/motifs/JASPAR2026_CORE_plants_non-redundant_pfms_meme.txt	MA1356.1	TRP2	AACCCTAAACCCTAAACCCTA	9.13e-1	1.00e0	9.27e2	9	206	206	206	1	3	1.46	6	2.91
320	data/reference/motifs/JASPAR2026_CORE_plants_non-redundant_pfms_meme.txt	MA1259.2	ERF023	TGTCGGTGR	2.13e-1	1.00e0	9.27e2	103	206	206	206	2	16	7.77	11	5.34
321	data/reference/motifs/JASPAR2026_CORE_plants_non-redundant_pfms_meme.txt	MA2719.1	lat61	CRCACGTGYG	2.72e-1	1.00e0	9.27e2	70	206	206	206	4	7	3.40	4	1.94
322	data/reference/motifs/JASPAR2026_CORE_plants_non-redundant_pfms_meme.txt	MA0987.2	PHYPADRAFT_140773	AAAG	5.43e-2	1.00e0	9.27e2	412	206	206	206	63	179	86.89	166	80.58
323	data/reference/motifs/JASPAR2026_CORE_plants_non-redundant_pfms_meme.txt	MA2381.1	e_gw1.170.52.1	CTTT	5.43e-2	1.00e0	9.27e2	412	206	206	206	63	179	86.89	166	80.58
324	data/reference/motifs/JASPAR2026_CORE_plants_non-redundant_pfms_meme.txt	MA1185.2	LHY	AGATATTTT	6.76e-2	1.00e0	9.27e2	333	206	206	206	5	12	5.83	5	2.43
325	data/reference/motifs/JASPAR2026_CORE_plants_non-redundant_pfms_meme.txt	MA2081.1	PK20317.1	CKTTW	5.49e-2	1.00e0	9.27e2	412	206	206	206	75	18	8.74	9	4.37
326	data/reference/motifs/JASPAR2026_CORE_plants_non-redundant_pfms_meme.txt	MA2478.1	PK13314.1	GGGCCCAC	5.99e-2	1.00e0	9.27e2	380	206	206	206	7	63	30.58	48	23.30
327	data/reference/motifs/JASPAR2026_CORE_plants_non-redundant_pfms_meme.txt	MA1339.1	BZIP43	GCCACGTCAGCA	5.00e-1	1.00e0	9.27e2	33	206	206	206	2	1	0.49	0	0.00
328	data/reference/motifs/JASPAR2026_CORE_plants_non-redundant_pfms_meme.txt	MA1036.1	MYB111	GKTAGGTR	5.67e-2	1.00e0	9.27e2	405	206	206	206	9	28	13.59	17	8.25
329	data/reference/motifs/JASPAR2026_CORE_plants_non-redundant_pfms_meme.txt	MA2036.2	NAC076	CAAGCAA	5.58e-2	1.00e0	9.27e2	412	206	206	206	6	171	83.01	157	76.21
330	data/reference/motifs/JASPAR2026_CORE_plants_non-redundant_pfms_meme.txt	MA1017.2	GATA8	GATCY	5.59e-2	1.00e0	9.27e2	412	206	206	206	53	11	5.34	4	1.94
331	data/reference/motifs/JASPAR2026_CORE_plants_non-redundant_pfms_meme.txt	MA1766.2	MYB17	YYCACCTACCW	6.83e-2	1.00e0	9.27e2	341	206	206	206	2	123	59.71	107	51.94
332	data/reference/motifs/JASPAR2026_CORE_plants_non-redundant_pfms_meme.txt	MA2757.1	pbf1	ATAAAGT	5.65e-2	1.00e0	9.27e2	412	206	206	206	13	148	71.84	132	64.08
333	data/reference/motifs/JASPAR2026_CORE_plants_non-redundant_pfms_meme.txt	MA0944.2	ARF8	TGTCGG	5.66e-2	1.00e0	9.27e2	412	206	206	206	11	184	89.32	172	83.50
334	data/reference/motifs/JASPAR2026_CORE_plants_non-redundant_pfms_meme.txt	MA1229.2	ERF034	TGTCGGTGR	2.17e-1	1.00e0	9.27e2	108	206	206	206	1	58	28.16	50	24.27
335	data/reference/motifs/JASPAR2026_CORE_plants_non-redundant_pfms_meme.txt	MA0586.3	SPL14	TCCGTAC	1.86e-1	1.00e0	9.27e2	126	206	206	206	3	4	1.94	1	0.49
336	data/reference/motifs/JASPAR2026_CORE_plants_non-redundant_pfms_meme.txt	MA1345.2	BZIP48	GCCACGTCAGCA	3.81e-1	1.00e0	9.27e2	49	206	206	206	1	26	12.62	23	11.17
337	data/reference/motifs/JASPAR2026_CORE_plants_non-redundant_pfms_meme.txt	MA1093.2	WRKY75	RGTCAAC	8.74e-2	1.00e0	9.27e2	269	206	206	206	5	7	3.40	2	0.97
338	data/reference/motifs/JASPAR2026_CORE_plants_non-redundant_pfms_meme.txt	MA1076.3	WRKY15	RGTCAACG	6.16e-2	1.00e0	9.27e2	382	206	206	206	8	4	1.94	0	0.00
339	data/reference/motifs/JASPAR2026_CORE_plants_non-redundant_pfms_meme.txt	MA0984.2	DOF5.7	AAARR	5.77e-2	1.00e0	9.27e2	412	206	206	206	128	61	29.61	46	22.33
340	data/reference/motifs/JASPAR2026_CORE_plants_non-redundant_pfms_meme.txt	MA2656.1	GLYMA-14G006800	TGGTCAACCA	6.16e-2	1.00e0	9.27e2	387	206	206	206	9	4	1.94	0	0.00
341	data/reference/motifs/JASPAR2026_CORE_plants_non-redundant_pfms_meme.txt	MA2741.1	SlWRKY7	AAAAAGTCAACC	7.89e-2	1.00e0	9.27e2	303	206	206	206	3	43	20.87	31	15.05
342	data/reference/motifs/JASPAR2026_CORE_plants_non-redundant_pfms_meme.txt	MA2437.1	SPL19B	GCGGTASTACCGC	7.77e-1	1.00e0	9.27e2	16	206	206	206	1	7	3.40	9	4.37
343	data/reference/motifs/JASPAR2026_CORE_plants_non-redundant_pfms_meme.txt	MA2426.1	SPL11B	AGCGGTASTACCGCT	7.77e-1	1.00e0	9.27e2	16	206	206	206	1	7	3.40	9	4.37
344	data/reference/motifs/JASPAR2026_CORE_plants_non-redundant_pfms_meme.txt	MA1686.1	ARF13	ARCGGGGGACAYGT	3.12e-1	1.00e0	9.27e2	65	206	206	206	3	3	1.46	1	0.49
345	data/reference/motifs/JASPAR2026_CORE_plants_non-redundant_pfms_meme.txt	MA2435.1	SPL16D	GCGGTASTACCGC	2.49e-1	1.00e0	9.27e2	85	206	206	206	4	2	0.97	0	0.00
346	data/reference/motifs/JASPAR2026_CORE_plants_non-redundant_pfms_meme.txt	MA1243.2	DREB2E	MACCGACWTW	2.25e-1	1.00e0	9.27e2	96	206	206	206	3	5	2.43	2	0.97
347	data/reference/motifs/JASPAR2026_CORE_plants_non-redundant_pfms_meme.txt	MA2737.1	SlERF36	CMGCCGCCAC	8.74e-2	1.00e0	9.27e2	283	206	206	206	10	7	3.40	2	0.97
348	data/reference/motifs/JASPAR2026_CORE_plants_non-redundant_pfms_meme.txt	MA2358.1	PK22320.1	GTACGG	6.17e-2	1.00e0	9.27e2	403	206	206	206	5	140	67.96	124	60.19
349	data/reference/motifs/JASPAR2026_CORE_plants_non-redundant_pfms_meme.txt	MA2364.1	VIT_15s0048g01150	GGGCCCAC	7.15e-2	1.00e0	9.27e2	348	206	206	206	2	145	70.39	130	63.11
350	data/reference/motifs/JASPAR2026_CORE_plants_non-redundant_pfms_meme.txt	MA2433.1	SPL15D	GCGGTACTAC	9.15e-2	1.00e0	9.27e2	272	206	206	206	2	82	39.81	68	33.01
351	data/reference/motifs/JASPAR2026_CORE_plants_non-redundant_pfms_meme.txt	MA2389.1	GBF1	ACGTGKM	6.09e-2	1.00e0	9.27e2	411	206	206	206	26	6	2.91	1	0.49
352	data/reference/motifs/JASPAR2026_CORE_plants_non-redundant_pfms_meme.txt	MA2051.2	NAC68	ACAAGTAW	6.09e-2	1.00e0	9.27e2	412	206	206	206	4	205	99.51	200	97.09
353	data/reference/motifs/JASPAR2026_CORE_plants_non-redundant_pfms_meme.txt	MA2034.2	NAC057	CAAGTAA	6.09e-2	1.00e0	9.27e2	412	206	206	206	4	205	99.51	200	97.09
354	data/reference/motifs/JASPAR2026_CORE_plants_non-redundant_pfms_meme.txt	MA2378.1	CRF3	GCCG	6.09e-2	1.00e0	9.27e2	412	206	206	206	76	6	2.91	1	0.49
355	data/reference/motifs/JASPAR2026_CORE_plants_non-redundant_pfms_meme.txt	MA1381.2	AT3G46070	TCACTCT	6.16e-2	1.00e0	9.27e2	408	206	206	206	24	4	1.94	0	0.00
356	data/reference/motifs/JASPAR2026_CORE_plants_non-redundant_pfms_meme.txt	MA2088.1	PK24580.1	GCCGGCA	3.62e-1	1.00e0	9.27e2	56	206	206	206	3	5	2.43	3	1.46
357	data/reference/motifs/JASPAR2026_CORE_plants_non-redundant_pfms_meme.txt	MA1350.1	BZIP42	TGCTGACGTGGC	6.66e-1	1.00e0	9.27e2	23	206	206	206	1	11	5.34	12	5.83
358	data/reference/motifs/JASPAR2026_CORE_plants_non-redundant_pfms_meme.txt	MA2739.1	SlTCP12	GTGGGACCCAC	1.44e-1	1.00e0	9.27e2	175	206	206	206	2	70	33.98	59	28.64
359	data/reference/motifs/JASPAR2026_CORE_plants_non-redundant_pfms_meme.txt	MA1769.2	MYB39	YYCACCTAMYTT	7.20e-2	1.00e0	9.27e2	352	206	206	206	4	40	19.42	28	13.59
360	data/reference/motifs/JASPAR2026_CORE_plants_non-redundant_pfms_meme.txt	MA0966.2	BIM3	CACGTG	6.23e-2	1.00e0	9.27e2	407	206	206	206	22	24	11.65	14	6.80
361	data/reference/motifs/JASPAR2026_CORE_plants_non-redundant_pfms_meme.txt	MA1794.2	NLP7	TGVCYYTT	6.16e-2	1.00e0	9.27e2	412	206	206	206	16	4	1.94	0	0.00
362	data/reference/motifs/JASPAR2026_CORE_plants_non-redundant_pfms_meme.txt	MA1809.2	GLYMA-07G038400	CTGACAC	6.16e-2	1.00e0	9.27e2	412	206	206	206	24	4	1.94	0	0.00
363	data/reference/motifs/JASPAR2026_CORE_plants_non-redundant_pfms_meme.txt	MA1262.2	ERF2	CCDCCGCCGCCRY	2.23e-1	1.00e0	9.27e2	114	206	206	206	3	10	4.85	6	2.91
364	data/reference/motifs/JASPAR2026_CORE_plants_non-redundant_pfms_meme.txt	MA1322.3	SPL9	TCCGTAC	6.85e-2	1.00e0	9.27e2	373	206	206	206	3	122	59.22	106	51.46
365	data/reference/motifs/JASPAR2026_CORE_plants_non-redundant_pfms_meme.txt	MA2057.1	PK01630.1	GCACGTG	6.70e-2	1.00e0	9.27e2	382	206	206	206	11	20	9.71	11	5.34
366	data/reference/motifs/JASPAR2026_CORE_plants_non-redundant_pfms_meme.txt	MA2762.1	myb53	AGTTAGGCAC	7.86e-2	1.00e0	9.27e2	326	206	206	206	5	13	6.31	6	2.91
367	data/reference/motifs/JASPAR2026_CORE_plants_non-redundant_pfms_meme.txt	MA1673.2	LBD18	GCCGGAAA	6.76e-2	1.00e0	9.27e2	382	206	206	206	11	12	5.83	5	2.43
368	data/reference/motifs/JASPAR2026_CORE_plants_non-redundant_pfms_meme.txt	MA2430.1	SPL14B	GCGGTASTACCGC	3.03e-1	1.00e0	9.27e2	73	206	206	206	1	39	18.93	34	16.50
369	data/reference/motifs/JASPAR2026_CORE_plants_non-redundant_pfms_meme.txt	MA0559.1	PI	CCAAAARWRGAAAR	6.61e-2	1.00e0	9.27e2	400	206	206	206	7	56	27.18	42	20.39
370	data/reference/motifs/JASPAR2026_CORE_plants_non-redundant_pfms_meme.txt	MA0941.2	ABF2	ACACGTG	6.61e-2	1.00e0	9.27e2	400	206	206	206	9	56	27.18	42	20.39
371	data/reference/motifs/JASPAR2026_CORE_plants_non-redundant_pfms_meme.txt	MA1268.2	CDF5	TTYACTTTTTYTTTTTTTTTT	6.81e-2	1.00e0	9.27e2	389	206	206	206	4	124	60.19	108	52.43
372	data/reference/motifs/JASPAR2026_CORE_plants_non-redundant_pfms_meme.txt	MA1043.2	NAC083	YACGYAA	2.00e-1	1.00e0	9.27e2	133	206	206	206	1	71	34.47	62	30.10
373	data/reference/motifs/JASPAR2026_CORE_plants_non-redundant_pfms_meme.txt	MA1078.2	WRKY2	GGTCAAM	6.76e-2	1.00e0	9.27e2	393	206	206	206	8	12	5.83	5	2.43
374	data/reference/motifs/JASPAR2026_CORE_plants_non-redundant_pfms_meme.txt	MA1187.2	RVE4	AGATATTTT	7.96e-2	1.00e0	9.27e2	334	206	206	206	4	35	16.99	24	11.65
375	data/reference/motifs/JASPAR2026_CORE_plants_non-redundant_pfms_meme.txt	MA1213.3	ZHD3	CAATTATTG	6.76e-2	1.00e0	9.27e2	395	206	206	206	1	201	97.57	194	94.17
376	data/reference/motifs/JASPAR2026_CORE_plants_non-redundant_pfms_meme.txt	MA1176.2	MYB119	RWCCGTTACA	9.71e-2	1.00e0	9.27e2	276	206	206	206	2	67	32.52	54	26.21
377	data/reference/motifs/JASPAR2026_CORE_plants_non-redundant_pfms_meme.txt	MA1771.2	MYB41	TYACCTAMYT	7.00e-2	1.00e0	9.27e2	383	206	206	206	8	9	4.37	3	1.46
378	data/reference/motifs/JASPAR2026_CORE_plants_non-redundant_pfms_meme.txt	MA2673.1	GLYMA-15G086400	WTCTAGAAMCTTCTAGAR	2.40e-1	1.00e0	9.27e2	98	206	206	206	2	20	9.71	15	7.28
379	data/reference/motifs/JASPAR2026_CORE_plants_non-redundant_pfms_meme.txt	MA0554.2	SOC1	TTTCCWTTTTTGG	7.00e-2	1.00e0	9.27e2	386	206	206	206	8	9	4.37	3	1.46
380	data/reference/motifs/JASPAR2026_CORE_plants_non-redundant_pfms_meme.txt	MA0943.2	ARF5	RCCGACA	7.66e-2	1.00e0	9.27e2	355	206	206	206	1	183	88.83	172	83.50
381	data/reference/motifs/JASPAR2026_CORE_plants_non-redundant_pfms_meme.txt	MA1060.2	SPL7	CGTACG	6.78e-2	1.00e0	9.27e2	402	206	206	206	7	125	60.68	109	52.91
382	data/reference/motifs/JASPAR2026_CORE_plants_non-redundant_pfms_meme.txt	MA1383.2	KAN2	AATATTCTTT	7.10e-2	1.00e0	9.27e2	384	206	206	206	7	26	12.62	16	7.77
383	data/reference/motifs/JASPAR2026_CORE_plants_non-redundant_pfms_meme.txt	MA1332.2	BEH2	CACACGTGCR	6.25e-1	1.00e0	9.27e2	28	206	206	206	2	5	2.43	5	2.43
384	data/reference/motifs/JASPAR2026_CORE_plants_non-redundant_pfms_meme.txt	MA2349.1	OsCCA1	AATATCT	6.70e-2	1.00e0	9.27e2	412	206	206	206	35	20	9.71	11	5.34
385	data/reference/motifs/JASPAR2026_CORE_plants_non-redundant_pfms_meme.txt	MA1257.2	ERF9	GGCGGHKRYGGCGGCGGMG	3.43e-1	1.00e0	9.27e2	66	206	206	206	5	4	1.94	2	0.97
386	data/reference/motifs/JASPAR2026_CORE_plants_non-redundant_pfms_meme.txt	MA0574.1	MYB15	CRACGGTAGGTGG	5.00e-1	1.00e0	9.27e2	40	206	206	206	3	1	0.49	0	0.00
387	data/reference/motifs/JASPAR2026_CORE_plants_non-redundant_pfms_meme.txt	MA0965.3	BIM2	CACGTG	9.37e-2	1.00e0	9.27e2	297	206	206	206	2	155	75.24	142	68.93
388	data/reference/motifs/JASPAR2026_CORE_plants_non-redundant_pfms_meme.txt	MA2345.1	OS02G0104500	GTAAAW	6.76e-2	1.00e0	9.27e2	412	206	206	206	36	201	97.57	194	94.17
389	data/reference/motifs/JASPAR2026_CORE_plants_non-redundant_pfms_meme.txt	MA1228.2	ERF091	RYGGCGGCGGHGG	3.62e-1	1.00e0	9.27e2	62	206	206	206	3	5	2.43	3	1.46
390	data/reference/motifs/JASPAR2026_CORE_plants_non-redundant_pfms_meme.txt	MA2441.1	SPL3A	AGCGGTACTACC	1.40e-1	1.00e0	9.27e2	200	206	206	206	2	49	23.79	39	18.93
391	data/reference/motifs/JASPAR2026_CORE_plants_non-redundant_pfms_meme.txt	MA1196.2	AT5G05790	AWYCTTATCYTNWT	7.03e-2	1.00e0	9.27e2	398	206	206	206	2	185	89.81	174	84.47
392	data/reference/motifs/JASPAR2026_CORE_plants_non-redundant_pfms_meme.txt	MA0577.4	SPL3	TGTACGGA	9.49e-2	1.00e0	9.27e2	295	206	206	206	1	154	74.76	141	68.45
393	data/reference/motifs/JASPAR2026_CORE_plants_non-redundant_pfms_meme.txt	MA1812.2	ASR1	AGGCCCAAT	1.11e-1	1.00e0	9.27e2	253	206	206	206	4	22	10.68	14	6.80
394	data/reference/motifs/JASPAR2026_CORE_plants_non-redundant_pfms_meme.txt	MA1828.2	Zm00001d038683	GTGGTCCA	7.96e-2	1.00e0	9.27e2	355	206	206	206	4	90	43.69	75	36.41
395	data/reference/motifs/JASPAR2026_CORE_plants_non-redundant_pfms_meme.txt	MA1779.2	MYB83	CACCAACM	6.92e-2	1.00e0	9.27e2	410	206	206	206	8	104	50.49	88	42.72
396	data/reference/motifs/JASPAR2026_CORE_plants_non-redundant_pfms_meme.txt	MA1055.3	SPL1	TGTACGGA	8.32e-2	1.00e0	9.27e2	341	206	206	206	5	29	14.08	19	9.22
397	data/reference/motifs/JASPAR2026_CORE_plants_non-redundant_pfms_meme.txt	MA1831.2	Zm00001d031796	GACGGCGACG	1.24e-1	1.00e0	9.27e2	229	206	206	206	11	3	1.46	0	0.00
398	data/reference/motifs/JASPAR2026_CORE_plants_non-redundant_pfms_meme.txt	MA2479.1	TCX5	ATTCAAAT	6.98e-2	1.00e0	9.27e2	410	206	206	206	3	198	96.12	190	92.23
399	data/reference/motifs/JASPAR2026_CORE_plants_non-redundant_pfms_meme.txt	MA2043.2	NAC004	CAAGAAA	6.97e-2	1.00e0	9.27e2	411	206	206	206	8	111	53.88	95	46.12
400	data/reference/motifs/JASPAR2026_CORE_plants_non-redundant_pfms_meme.txt	MA2391.1	Lg3	TGACRKC	7.00e-2	1.00e0	9.27e2	409	206	206	206	2	203	98.54	197	95.63
401	data/reference/motifs/JASPAR2026_CORE_plants_non-redundant_pfms_meme.txt	MA1206.2	ARF2	SMGACA	6.98e-2	1.00e0	9.27e2	411	206	206	206	17	16	7.77	8	3.88
402	data/reference/motifs/JASPAR2026_CORE_plants_non-redundant_pfms_meme.txt	MA2362.1	TEIL	AGRTWCAT	6.98e-2	1.00e0	9.27e2	412	206	206	206	20	16	7.77	8	3.88
403	data/reference/motifs/JASPAR2026_CORE_plants_non-redundant_pfms_meme.txt	MA0980.3	RAP2-10	RCCGACA	9.18e-2	1.00e0	9.27e2	313	206	206	206	5	19	9.22	11	5.34
404	data/reference/motifs/JASPAR2026_CORE_plants_non-redundant_pfms_meme.txt	MA1156.2	JKD	TTTTGTCKTTTT	8.48e-2	1.00e0	9.27e2	342	206	206	206	5	18	8.74	10	4.85
405	data/reference/motifs/JASPAR2026_CORE_plants_non-redundant_pfms_meme.txt	MA2668.1	GLYMA-20G155100	RCCGACAT	1.10e-1	1.00e0	9.27e2	263	206	206	206	3	37	17.96	27	13.11
406	data/reference/motifs/JASPAR2026_CORE_plants_non-redundant_pfms_meme.txt	MA2436.1	SPL18A	GCGGTASTACCGCT	5.00e-1	1.00e0	9.27e2	42	206	206	206	2	6	2.91	5	2.43
407	data/reference/motifs/JASPAR2026_CORE_plants_non-redundant_pfms_meme.txt	MA2083.1	PK21166.1	YACCTACY	7.15e-2	1.00e0	9.27e2	410	206	206	206	8	76	36.89	61	29.61
408	data/reference/motifs/JASPAR2026_CORE_plants_non-redundant_pfms_meme.txt	MA1269.2	DOF4.5	AWAAAGTWRCTTT	7.28e-2	1.00e0	9.27e2	407	206	206	206	9	21	10.19	12	5.83
409	data/reference/motifs/JASPAR2026_CORE_plants_non-redundant_pfms_meme.txt	MA1190.2	RVE5	AGATATTTT	8.53e-2	1.00e0	9.27e2	349	206	206	206	1	180	87.38	169	82.04
410	data/reference/motifs/JASPAR2026_CORE_plants_non-redundant_pfms_meme.txt	MA1747.2	DOF4.3	WAAAGWRGCTTTW	3.12e-1	1.00e0	9.27e2	80	206	206	206	3	3	1.46	1	0.49
411	data/reference/motifs/JASPAR2026_CORE_plants_non-redundant_pfms_meme.txt	MA2059.1	PK05432.1	RGTCAA	7.28e-2	1.00e0	9.27e2	412	206	206	206	15	194	94.17	185	89.81
412	data/reference/motifs/JASPAR2026_CORE_plants_non-redundant_pfms_meme.txt	MA0556.2	AP3	CCAAAARWRGAAA	7.85e-2	1.00e0	9.27e2	384	206	206	206	2	166	80.58	153	74.27
413	data/reference/motifs/JASPAR2026_CORE_plants_non-redundant_pfms_meme.txt	MA0989.2	PHYPADRAFT_153324	WAAAG	7.35e-2	1.00e0	9.27e2	412	206	206	206	109	33	16.02	22	10.68
414	data/reference/motifs/JASPAR2026_CORE_plants_non-redundant_pfms_meme.txt	MA2383.1	e_gw1.392.16.1	CTTTW	7.35e-2	1.00e0	9.27e2	412	206	206	206	109	33	16.02	22	10.68
415	data/reference/motifs/JASPAR2026_CORE_plants_non-redundant_pfms_meme.txt	MA2452.1	SPL8A	ATAGTACTC	8.32e-2	1.00e0	9.27e2	364	206	206	206	1	187	90.78	177	85.92
416	data/reference/motifs/JASPAR2026_CORE_plants_non-redundant_pfms_meme.txt	MA0978.1	DREB1E	ATGTCGGC	1.71e-1	1.00e0	9.27e2	179	206	206	206	2	36	17.48	28	13.59
417	data/reference/motifs/JASPAR2026_CORE_plants_non-redundant_pfms_meme.txt	MA1772.2	MYB43	YTYACCWAMCWT	1.10e-1	1.00e0	9.27e2	279	206	206	206	4	8	3.88	3	1.46
418	data/reference/motifs/JASPAR2026_CORE_plants_non-redundant_pfms_meme.txt	MA0995.3	ERF039	RCCGACA	8.60e-2	1.00e0	9.27e2	359	206	206	206	8	10	4.85	4	1.94
419	data/reference/motifs/JASPAR2026_CORE_plants_non-redundant_pfms_meme.txt	MA2063.1	PK07402.1	RCCGMC	7.86e-2	1.00e0	9.27e2	396	206	206	206	12	13	6.31	6	2.91
420	data/reference/motifs/JASPAR2026_CORE_plants_non-redundant_pfms_meme.txt	MA0123.1	abi4	CGSYGCCCCC	1.16e-1	1.00e0	9.27e2	267	206	206	206	5	23	11.17	15	7.28
421	data/reference/motifs/JASPAR2026_CORE_plants_non-redundant_pfms_meme.txt	MA1335.1	TGA4	TGACGTCAKCA	1.24e-1	1.00e0	9.27e2	251	206	206	206	5	3	1.46	0	0.00
422	data/reference/motifs/JASPAR2026_CORE_plants_non-redundant_pfms_meme.txt	MA1234.2	ERF017	TGGWCGGTG	1.62e-1	1.00e0	9.27e2	193	206	206	206	1	102	49.51	91	44.17
423	data/reference/motifs/JASPAR2026_CORE_plants_non-redundant_pfms_meme.txt	MA1758.2	HSFA1E	AGAAGCTTCTAGAA	2.58e-1	1.00e0	9.27e2	121	206	206	206	1	64	31.07	57	27.67
424	data/reference/motifs/JASPAR2026_CORE_plants_non-redundant_pfms_meme.txt	MA1738.1	ATMYB31	YAMCTMCCAACHAMH	9.08e-2	1.00e0	9.27e2	345	206	206	206	1	178	86.41	167	81.07
425	data/reference/motifs/JASPAR2026_CORE_plants_non-redundant_pfms_meme.txt	MA2371.1	MYB31	YAMCTMCCAACHAMH	9.08e-2	1.00e0	9.27e2	345	206	206	206	1	178	86.41	167	81.07
426	data/reference/motifs/JASPAR2026_CORE_plants_non-redundant_pfms_meme.txt	MA1035.1	TCP4	GGGACCAC	2.07e-1	1.00e0	9.27e2	153	206	206	206	1	81	39.32	72	34.95
427	data/reference/motifs/JASPAR2026_CORE_plants_non-redundant_pfms_meme.txt	MA1359.3	BPE	CACGTG	1.37e-1	1.00e0	9.27e2	232	206	206	206	2	122	59.22	110	53.40
428	data/reference/motifs/JASPAR2026_CORE_plants_non-redundant_pfms_meme.txt	MA1324.1	GATA20	ATCSGATC	1.24e-1	1.00e0	9.27e2	257	206	206	206	14	3	1.46	0	0.00
429	data/reference/motifs/JASPAR2026_CORE_plants_non-redundant_pfms_meme.txt	MA0567.1	ERF1B	MGCCGCCA	1.30e-1	1.00e0	9.27e2	246	206	206	206	5	9	4.37	4	1.94
430	data/reference/motifs/JASPAR2026_CORE_plants_non-redundant_pfms_meme.txt	MA1330.2	ZHD6	AAWHRTAATTAA	7.86e-2	1.00e0	9.27e2	408	206	206	206	2	200	97.09	193	93.69
431	data/reference/motifs/JASPAR2026_CORE_plants_non-redundant_pfms_meme.txt	MA2624.1	myb37	TAACCGAA	7.82e-2	1.00e0	9.27e2	410	206	206	206	9	66	32.04	52	25.24
432	data/reference/motifs/JASPAR2026_CORE_plants_non-redundant_pfms_meme.txt	MA1331.2	BEH4	YGCACGTGTG	6.45e-1	1.00e0	9.27e2	31	206	206	206	1	15	7.28	16	7.77
433	data/reference/motifs/JASPAR2026_CORE_plants_non-redundant_pfms_meme.txt	MA2091.1	PK27109.1	GACAGCTG	9.90e-2	1.00e0	9.27e2	324	206	206	206	2	120	58.25	106	51.46
434	data/reference/motifs/JASPAR2026_CORE_plants_non-redundant_pfms_meme.txt	MA1401.2	RVE7	AAAATATCT	1.61e-1	1.00e0	9.27e2	200	206	206	206	3	11	5.34	6	2.91
435	data/reference/motifs/JASPAR2026_CORE_plants_non-redundant_pfms_meme.txt	MA0971.2	DREB1A	ATGTCGGY	1.05e-1	1.00e0	9.27e2	307	206	206	206	5	21	10.19	13	6.31
436	data/reference/motifs/JASPAR2026_CORE_plants_non-redundant_pfms_meme.txt	MA2089.1	PK25870.1	RGTCAAM	7.86e-2	1.00e0	9.27e2	411	206	206	206	12	13	6.31	6	2.91
437	data/reference/motifs/JASPAR2026_CORE_plants_non-redundant_pfms_meme.txt	MA1041.1	MYB55	ACCTACCG	8.74e-2	1.00e0	9.27e2	370	206	206	206	8	7	3.40	2	0.97
438	data/reference/motifs/JASPAR2026_CORE_plants_non-redundant_pfms_meme.txt	MA1765.2	MYB121	TACCTAACW	8.60e-2	1.00e0	9.27e2	378	206	206	206	8	10	4.85	4	1.94
439	data/reference/motifs/JASPAR2026_CORE_plants_non-redundant_pfms_meme.txt	MA2742.1	SlWRKY11	GTTGACTTTT	1.42e-1	1.00e0	9.27e2	229	206	206	206	4	6	2.91	2	0.97
440	data/reference/motifs/JASPAR2026_CORE_plants_non-redundant_pfms_meme.txt	MA1391.3	MYB33	ATAACCGTAW	8.48e-2	1.00e0	9.27e2	384	206	206	206	1	196	95.15	188	91.26
441	data/reference/motifs/JASPAR2026_CORE_plants_non-redundant_pfms_meme.txt	MA2082.1	PK20392.1	AATMAT	7.93e-2	1.00e0	9.27e2	412	206	206	206	36	188	91.26	178	86.41
442	data/reference/motifs/JASPAR2026_CORE_plants_non-redundant_pfms_meme.txt	MA2505.1	bZIP59	TGACAGCTGTCA	1.35e-1	1.00e0	9.27e2	243	206	206	206	2	127	61.65	115	55.83
443	data/reference/motifs/JASPAR2026_CORE_plants_non-redundant_pfms_meme.txt	MA2615.1	ereb109	CGCCGCC	8.76e-1	1.00e0	9.27e2	16	206	206	206	2	1	0.49	2	0.97
444	data/reference/motifs/JASPAR2026_CORE_plants_non-redundant_pfms_meme.txt	MA1172.2	MYB3R5	AAWWDTDACCGTTR	2.49e-1	1.00e0	9.27e2	133	206	206	206	4	2	0.97	0	0.00
445	data/reference/motifs/JASPAR2026_CORE_plants_non-redundant_pfms_meme.txt	MA2015.2	NAC002	ACGCAACT	8.31e-2	1.00e0	9.27e2	400	206	206	206	6	56	27.18	43	20.87
446	data/reference/motifs/JASPAR2026_CORE_plants_non-redundant_pfms_meme.txt	MA1740.2	BHLH49	CACGTGC	5.00e-1	1.00e0	9.27e2	48	206	206	206	4	3	1.46	2	0.97
447	data/reference/motifs/JASPAR2026_CORE_plants_non-redundant_pfms_meme.txt	MA1074.2	UNE10	CACGTGM	5.00e-1	1.00e0	9.27e2	48	206	206	206	4	3	1.46	2	0.97
448	data/reference/motifs/JASPAR2026_CORE_plants_non-redundant_pfms_meme.txt	MA2077.1	PK18474.1	CACGTGC	5.00e-1	1.00e0	9.27e2	48	206	206	206	4	3	1.46	2	0.97
449	data/reference/motifs/JASPAR2026_CORE_plants_non-redundant_pfms_meme.txt	MA2071.1	PK15505.1	GCACGTGT	5.00e-1	1.00e0	9.27e2	48	206	206	206	4	3	1.46	2	0.97
450	data/reference/motifs/JASPAR2026_CORE_plants_non-redundant_pfms_meme.txt	MA2064.1	PK07858.1	CACGTGC	5.00e-1	1.00e0	9.27e2	48	206	206	206	4	3	1.46	2	0.97
451	data/reference/motifs/JASPAR2026_CORE_plants_non-redundant_pfms_meme.txt	MA2061.1	PK06517.1	CACGTGC	5.00e-1	1.00e0	9.27e2	48	206	206	206	4	3	1.46	2	0.97
452	data/reference/motifs/JASPAR2026_CORE_plants_non-redundant_pfms_meme.txt	MA2060.1	PK05451.1	CCACGTGM	5.00e-1	1.00e0	9.27e2	48	206	206	206	4	3	1.46	2	0.97
453	data/reference/motifs/JASPAR2026_CORE_plants_non-redundant_pfms_meme.txt	MA1802.2	TRP5	WAAACCY	8.32e-2	1.00e0	9.27e2	412	206	206	206	40	29	14.08	19	9.22
454	data/reference/motifs/JASPAR2026_CORE_plants_non-redundant_pfms_meme.txt	MA1358.2	bHLH130	CMACTTGC	1.62e-1	1.00e0	9.27e2	211	206	206	206	1	111	53.88	100	48.54
455	data/reference/motifs/JASPAR2026_CORE_plants_non-redundant_pfms_meme.txt	MA0571.2	ANT	GCACRRWTCCCVAKGY	6.41e-1	1.00e0	9.27e2	33	206	206	206	1	16	7.77	17	8.25
456	data/reference/motifs/JASPAR2026_CORE_plants_non-redundant_pfms_meme.txt	MA2671.1	GLYMA-19G100900	AGCATGCT	1.17e-1	1.00e0	9.27e2	296	206	206	206	4	99	48.06	86	41.75
457	data/reference/motifs/JASPAR2026_CORE_plants_non-redundant_pfms_meme.txt	MA2667.1	GLYMA-13G236500	ACGACGGCGGAG	2.11e-1	1.00e0	9.27e2	167	206	206	206	1	88	42.72	79	38.35
458	data/reference/motifs/JASPAR2026_CORE_plants_non-redundant_pfms_meme.txt	MA2637.1	FUL::AG::SEP3	WTWCCAWAAATAGAAA	9.09e-2	1.00e0	9.27e2	387	206	206	206	4	81	39.32	67	32.52
459	data/reference/motifs/JASPAR2026_CORE_plants_non-redundant_pfms_meme.txt	MA1320.2	SPL15	TGTACGGA	3.00e-1	1.00e0	9.27e2	99	206	206	206	2	9	4.37	6	2.91
460	data/reference/motifs/JASPAR2026_CORE_plants_non-redundant_pfms_meme.txt	MA1166.2	PHL12	AARRGAATATTC	1.86e-1	1.00e0	9.27e2	190	206	206	206	5	4	1.94	1	0.49
461	data/reference/motifs/JASPAR2026_CORE_plants_non-redundant_pfms_meme.txt	MA1296.2	WRKY46	CGTTGACTTT	1.62e-1	1.00e0	9.27e2	219	206	206	206	1	115	55.83	104	50.49
462	data/reference/motifs/JASPAR2026_CORE_plants_non-redundant_pfms_meme.txt	MA2046.2	NAC035	CACGGCA	8.73e-2	1.00e0	9.27e2	401	206	206	206	6	76	36.89	62	30.10
463	data/reference/motifs/JASPAR2026_CORE_plants_non-redundant_pfms_meme.txt	MA1677.2	NAC078	CAAGAAA	8.48e-2	1.00e0	9.27e2	410	206	206	206	12	18	8.74	10	4.85
464	data/reference/motifs/JASPAR2026_CORE_plants_non-redundant_pfms_meme.txt	MA1695.2	ARF36	GGGGGACAHGTC	1.46e-1	1.00e0	9.27e2	240	206	206	206	4	10	4.85	5	2.43
465	data/reference/motifs/JASPAR2026_CORE_plants_non-redundant_pfms_meme.txt	MA2388.1	GATA1	AGATCTRRWT	1.10e-1	1.00e0	9.27e2	317	206	206	206	7	8	3.88	3	1.46
466	data/reference/motifs/JASPAR2026_CORE_plants_non-redundant_pfms_meme.txt	MA1028.1	KAN4	GAATATTC	1.01e-1	1.00e0	9.27e2	345	206	206	206	10	11	5.34	5	2.43
467	data/reference/motifs/JASPAR2026_CORE_plants_non-redundant_pfms_meme.txt	MA1808.3	GLYMA-06G314400	GACACGTGGC	2.09e-1	1.00e0	9.27e2	306	206	206	206	5	36	17.48	29	14.08
468	data/reference/motifs/JASPAR2026_CORE_plants_non-redundant_pfms_meme.txt	MA1811.3	GLYMA-13G317000	GGACACSTGTCA	4.18e-1	1.00e0	9.27e2	240	206	206	206	2	74	35.92	71	34.47
469	data/reference/motifs/JASPAR2026_CORE_plants_non-redundant_pfms_meme.txt	MA2672.1	GLYMA-01G233000	AGAASCTTCT	4.13e-1	1.00e0	9.27e2	331	206	206	206	4	59	28.64	56	27.18
470	data/reference/motifs/JASPAR2026_CORE_plants_non-redundant_pfms_meme.txt	MA2670.1	GLYMA-15G168800	CAATGATTG	2.49e-1	1.00e0	9.27e2	342	206	206	206	10	2	0.97	0	0.00
471	data/reference/motifs/JASPAR2026_CORE_plants_non-redundant_pfms_meme.txt	MA2665.1	GLYMA-11G053600	CACCGACAC	3.83e-1	1.00e0	9.27e2	346	206	206	206	5	27	13.11	24	11.65
472	data/reference/motifs/JASPAR2026_CORE_plants_non-redundant_pfms_meme.txt	MA2663.1	GLYMA-02G261700	TCACCGACATA	2.64e-1	1.00e0	9.27e2	261	206	206	206	2	70	33.98	63	30.58
473	data/reference/motifs/JASPAR2026_CORE_plants_non-redundant_pfms_meme.txt	MA2662.1	GLYMA-13G153200	GCCACGTCA	5.00e-1	1.00e0	9.27e2	354	206	206	206	5	27	13.11	26	12.62
474	data/reference/motifs/JASPAR2026_CORE_plants_non-redundant_pfms_meme.txt	MA2660.1	GLYMA-12G168700	WWWTGTAATTACAWWW	3.43e-1	1.00e0	9.27e2	354	206	206	206	16	4	1.94	2	0.97
475	data/reference/motifs/JASPAR2026_CORE_plants_non-redundant_pfms_meme.txt	MA2654.1	GLYMA-05G127600	GGTCAAC	9.59e-2	1.00e0	9.27e2	408	206	206	206	4	176	85.44	165	80.10
476	data/reference/motifs/JASPAR2026_CORE_plants_non-redundant_pfms_meme.txt	MA2652.1	GLYMA-01G053800	AGTTGAC	1.16e-1	1.00e0	9.27e2	397	206	206	206	8	17	8.25	10	4.85
477	data/reference/motifs/JASPAR2026_CORE_plants_non-redundant_pfms_meme.txt	MA2649.1	GLYMA-08G271900	TGCACATG	1.34e-1	1.00e0	9.27e2	401	206	206	206	10	35	16.99	26	12.62
478	data/reference/motifs/JASPAR2026_CORE_plants_non-redundant_pfms_meme.txt	MA2644.1	GLYMA-14G030700	AACGACGGCA	1.85e-1	1.00e0	9.27e2	263	206	206	206	6	13	6.31	8	3.88
479	data/reference/motifs/JASPAR2026_CORE_plants_non-redundant_pfms_meme.txt	MA2642.1	GLYMA-10G230700	AAGATATTTWTW	1.57e-1	1.00e0	9.27e2	371	206	206	206	6	32	15.53	24	11.65
480	data/reference/motifs/JASPAR2026_CORE_plants_non-redundant_pfms_meme.txt	MA2641.1	GLYMA-01G038600	CCTTATCCA	6.56e-1	1.00e0	9.27e2	405	206	206	206	5	82	39.81	85	41.26
481	data/reference/motifs/JASPAR2026_CORE_plants_non-redundant_pfms_meme.txt	MA2480.1	GLYMA-04G093300	CTAATC	1.00e-1	1.00e0	9.27e2	377	206	206	206	3	112	54.37	98	47.57
482	data/reference/motifs/JASPAR2026_CORE_plants_non-redundant_pfms_meme.txt	MA2745.1	SlWRKY81	AAGTCAAC	1.28e-1	1.00e0	9.27e2	405	206	206	206	6	78	37.86	66	32.04
483	data/reference/motifs/JASPAR2026_CORE_plants_non-redundant_pfms_meme.txt	MA2740.1	SlTCP15	GTGGGACCCA	1.37e-1	1.00e0	9.27e2	261	206	206	206	2	94	45.63	82	39.81
484	data/reference/motifs/JASPAR2026_CORE_plants_non-redundant_pfms_meme.txt	MA2732.1	Sl-ERF_C_4	YCGCCGCCGCCR	2.40e-1	1.00e0	9.27e2	158	206	206	206	3	20	9.71	15	7.28
485	data/reference/motifs/JASPAR2026_CORE_plants_non-redundant_pfms_meme.txt	MA2730.1	Solyc01g079480	YSACGTGKCA	1.65e-1	1.00e0	9.27e2	258	206	206	206	2	65	31.55	55	26.70
486	data/reference/motifs/JASPAR2026_CORE_plants_non-redundant_pfms_meme.txt	MA2729.1	vahox1	AAATAATTG	2.23e-1	1.00e0	9.27e2	403	206	206	206	2	200	97.09	196	95.15
487	data/reference/motifs/JASPAR2026_CORE_plants_non-redundant_pfms_meme.txt	MA2728.1	SolycHsfC1	RGAAGTTTCTAG	2.33e-1	1.00e0	9.27e2	274	206	206	206	3	30	14.56	24	11.65
488	data/reference/motifs/JASPAR2026_CORE_plants_non-redundant_pfms_meme.txt	MA2727.1	SolycHsfA7	TTCYAGAA	1.99e-1	1.00e0	9.27e2	394	206	206	206	3	145	70.39	136	66.02
489	data/reference/motifs/JASPAR2026_CORE_plants_non-redundant_pfms_meme.txt	MA2726.1	SlWRKY41	GTTGACTT	5.00e-1	1.00e0	9.27e2	396	206	206	206	10	2	0.97	1	0.49
490	data/reference/motifs/JASPAR2026_CORE_plants_non-redundant_pfms_meme.txt	MA2723.1	Solyc06g060230	ACACGTCTCT	1.30e-1	1.00e0	9.27e2	392	206	206	206	9	9	4.37	4	1.94
491	data/reference/motifs/JASPAR2026_CORE_plants_non-redundant_pfms_meme.txt	MA2720.1	nacnor	ACACGTAACT	1.33e-1	1.00e0	9.27e2	378	206	206	206	5	46	22.33	36	17.48
492	data/reference/motifs/JASPAR2026_CORE_plants_non-redundant_pfms_meme.txt	MA2717.1	eil2	AGATTCR	2.06e-1	1.00e0	9.27e2	412	206	206	206	7	178	86.41	171	83.01
493	data/reference/motifs/JASPAR2026_CORE_plants_non-redundant_pfms_meme.txt	MA2716.1	dreb3	CCACCGACCA	1.97e-1	1.00e0	9.27e2	285	206	206	206	1	147	71.36	138	66.99
494	data/reference/motifs/JASPAR2026_CORE_plants_non-redundant_pfms_meme.txt	MA2715.1	Solyc03g124110	RTCTATGTCGGYWAA	5.00e-1	1.00e0	9.27e2	68	206	206	206	2	6	2.91	5	2.43
495	data/reference/motifs/JASPAR2026_CORE_plants_non-redundant_pfms_meme.txt	MA2714.1	APETALA2a	ATTACCTCGTACYA	5.47e-1	1.00e0	9.27e2	94	206	206	206	1	47	22.82	47	22.82
496	data/reference/motifs/JASPAR2026_CORE_plants_non-redundant_pfms_meme.txt	MA2713.1	SlDof14	CTTTTTC	3.75e-1	1.00e0	9.27e2	410	206	206	206	4	143	69.42	139	67.48
497	data/reference/motifs/JASPAR2026_CORE_plants_non-redundant_pfms_meme.txt	MA2710.1	SolycHsfB1	TTCTAGAA	2.49e-1	1.00e0	9.27e2	262	206	206	206	10	2	0.97	0	0.00
498	data/reference/motifs/JASPAR2026_CORE_plants_non-redundant_pfms_meme.txt	MA2709.1	SolycHsfA2	TTCTAGAAKMTTCTA	4.59e-1	1.00e0	9.27e2	144	206	206	206	1	73	35.44	71	34.47
499	data/reference/motifs/JASPAR2026_CORE_plants_non-redundant_pfms_meme.txt	MA2752.1	TaOBF1b	TGCCACGTCATCATC	5.00e-1	1.00e0	9.27e2	177	206	206	206	5	2	0.97	1	0.49
500	data/reference/motifs/JASPAR2026_CORE_plants_non-redundant_pfms_meme.txt	MA2751.1	TraesCS2B02G304400	CCACTCGACC	7.51e-1	1.00e0	9.27e2	285	206	206	206	9	1	0.49	1	0.49
501	data/reference/motifs/JASPAR2026_CORE_plants_non-redundant_pfms_meme.txt	MA2749.1	TraesCS2D02G576500	GAAGCAAC	1.53e-1	1.00e0	9.27e2	397	206	206	206	2	183	88.83	175	84.95
502	data/reference/motifs/JASPAR2026_CORE_plants_non-redundant_pfms_meme.txt	MA2747.1	TraesCS6A02G290800	CAATAATTG	1.10e-1	1.00e0	9.27e2	401	206	206	206	1	203	98.54	198	96.12
503	data/reference/motifs/JASPAR2026_CORE_plants_non-redundant_pfms_meme.txt	MA2761.1	myb100	TRCCTAACTT	1.90e-1	1.00e0	9.27e2	396	206	206	206	9	8	3.88	4	1.94
504	data/reference/motifs/JASPAR2026_CORE_plants_non-redundant_pfms_meme.txt	MA2760.1	p2	CACCTAAC	1.90e-1	1.00e0	9.27e2	407	206	206	206	8	62	30.10	53	25.73
505	data/reference/motifs/JASPAR2026_CORE_plants_non-redundant_pfms_meme.txt	MA2759.1	ereb7	GCGGCGGCGGCGG	1.00e0	1.00e0	9.27e2	2	206	206	206	1	0	0.00	2	0.97
506	data/reference/motifs/JASPAR2026_CORE_plants_non-redundant_pfms_meme.txt	MA2753.1	cpp8	GAATTTGAAW	2.13e-1	1.00e0	9.27e2	412	206	206	206	17	16	7.77	11	5.34
507	data/reference/motifs/JASPAR2026_CORE_plants_non-redundant_pfms_meme.txt	MA2627.1	bzip9	CACGTCA	6.03e-1	1.00e0	9.27e2	402	206	206	206	3	170	82.52	171	83.01
508	data/reference/motifs/JASPAR2026_CORE_plants_non-redundant_pfms_meme.txt	MA2626.1	bzip40	GTGACGTGGC	1.19e-1	1.00e0	9.27e2	359	206	206	206	1	184	89.32	175	84.95
509	data/reference/motifs/JASPAR2026_CORE_plants_non-redundant_pfms_meme.txt	MA2625.1	mybr17	CATTATC	2.51e-1	1.00e0	9.27e2	412	206	206	206	26	6	2.91	3	1.46
510	data/reference/motifs/JASPAR2026_CORE_plants_non-redundant_pfms_meme.txt	MA2621.1	glk25	TGATTCCA	2.76e-1	1.00e0	9.27e2	411	206	206	206	10	93	45.15	86	41.75
511	data/reference/motifs/JASPAR2026_CORE_plants_non-redundant_pfms_meme.txt	MA2620.1	g2	CCTTATCC	5.00e-1	1.00e0	9.27e2	406	206	206	206	12	12	5.83	11	5.34
512	data/reference/motifs/JASPAR2026_CORE_plants_non-redundant_pfms_meme.txt	MA2618.1	ereb102	CGACGGCGA	2.12e-1	1.00e0	9.27e2	241	206	206	206	1	125	60.68	116	56.31
513	data/reference/motifs/JASPAR2026_CORE_plants_non-redundant_pfms_meme.txt	MA2612.1	ereb147	ACGCCGAC	1.42e-1	1.00e0	9.27e2	303	206	206	206	4	50	24.27	40	19.42
514	data/reference/motifs/JASPAR2026_CORE_plants_non-redundant_pfms_meme.txt	MA2611.1	ereb209	GCGCCGC	9.97e-1	1.00e0	9.27e2	12	206	206	206	1	2	0.97	10	4.85
515	data/reference/motifs/JASPAR2026_CORE_plants_non-redundant_pfms_meme.txt	MA2609.1	ereb172	CAGCCGCA	1.24e-1	1.00e0	9.27e2	347	206	206	206	16	3	1.46	0	0.00
516	data/reference/motifs/JASPAR2026_CORE_plants_non-redundant_pfms_meme.txt	MA2608.1	glk53	AAGGAATATTCTTT	2.25e-1	1.00e0	9.27e2	348	206	206	206	9	5	2.43	2	0.97
517	data/reference/motifs/JASPAR2026_CORE_plants_non-redundant_pfms_meme.txt	MA2606.1	mybr43	CCTTATCC	2.25e-1	1.00e0	9.27e2	405	206	206	206	1	204	99.03	201	97.57
518	data/reference/motifs/JASPAR2026_CORE_plants_non-redundant_pfms_meme.txt	MA2605.1	mybr26	CCTTATCC	5.00e-1	1.00e0	9.27e2	407	206	206	206	2	197	95.63	196	95.15
519	data/reference/motifs/JASPAR2026_CORE_plants_non-redundant_pfms_meme.txt	MA2604.1	dof22	ACTTTTAC	2.88e-1	1.00e0	9.27e2	412	206	206	206	12	155	75.24	149	72.33
520	data/reference/motifs/JASPAR2026_CORE_plants_non-redundant_pfms_meme.txt	MA2473.1	HB88	TTGATTG	1.03e-1	1.00e0	9.27e2	412	206	206	206	14	173	83.98	162	78.64
521	data/reference/motifs/JASPAR2026_CORE_plants_non-redundant_pfms_meme.txt	MA2501.1	G1	TTACTGTA	1.42e-1	1.00e0	9.27e2	411	206	206	206	16	6	2.91	2	0.97
522	data/reference/motifs/JASPAR2026_CORE_plants_non-redundant_pfms_meme.txt	MA1378.2	AIL6	TCCTCGA	5.00e-1	1.00e0	9.27e2	409	206	206	206	22	2	0.97	1	0.49
523	data/reference/motifs/JASPAR2026_CORE_plants_non-redundant_pfms_meme.txt	MA2639.1	FUL::SOC1	TTCCATTTTTGG	2.40e-1	1.00e0	9.27e2	408	206	206	206	7	50	24.27	43	20.87
524	data/reference/motifs/JASPAR2026_CORE_plants_non-redundant_pfms_meme.txt	MA2636.1	FUL::AG	WCTTTCCATTTTTRGAAA	2.15e-1	1.00e0	9.27e2	203	206	206	206	1	106	51.46	97	47.09
525	data/reference/motifs/JASPAR2026_CORE_plants_non-redundant_pfms_meme.txt	MA2635.1	FUL	TTWCCAWAAATAGAAA	1.86e-1	1.00e0	9.27e2	308	206	206	206	2	96	46.60	86	41.75
526	data/reference/motifs/JASPAR2026_CORE_plants_non-redundant_pfms_meme.txt	MA2502.1	TMF	CTACAGTA	1.10e-1	1.00e0	9.27e2	401	206	206	206	1	203	98.54	198	96.12
527	data/reference/motifs/JASPAR2026_CORE_plants_non-redundant_pfms_meme.txt	MA2498.1	LSH1	AAACAGTG	1.57e-1	1.00e0	9.27e2	411	206	206	206	4	182	88.35	174	84.47
528	data/reference/motifs/JASPAR2026_CORE_plants_non-redundant_pfms_meme.txt	MA1355.2	TRB2	WARCCCTAAWT	5.65e-1	1.00e0	9.27e2	151	206	206	206	2	21	10.19	21	10.19
529	data/reference/motifs/JASPAR2026_CORE_plants_non-redundant_pfms_meme.txt	MA1353.2	AT1G72740	RWTTAGGGTTT	6.50e-1	1.00e0	9.27e2	209	206	206	206	3	14	6.80	15	7.28
530	data/reference/motifs/JASPAR2026_CORE_plants_non-redundant_pfms_meme.txt	MA1056.2	SPL11	CGTACGGA	3.26e-1	1.00e0	9.27e2	197	206	206	206	2	55	26.70	50	24.27
531	data/reference/motifs/JASPAR2026_CORE_plants_non-redundant_pfms_meme.txt	MA1742.2	BIZP18	TGMCAGCTGK	4.22e-1	1.00e0	9.27e2	201	206	206	206	1	102	49.51	99	48.06
532	data/reference/motifs/JASPAR2026_CORE_plants_non-redundant_pfms_meme.txt	MA1672.2	GBF2	SACGTGGCA	3.98e-1	1.00e0	9.27e2	386	206	206	206	7	38	18.45	35	16.99
533	data/reference/motifs/JASPAR2026_CORE_plants_non-redundant_pfms_meme.txt	MA2476.1	KNAT7	TGACRKCT	2.25e-1	1.00e0	9.27e2	301	206	206	206	6	5	2.43	2	0.97
534	data/reference/motifs/JASPAR2026_CORE_plants_non-redundant_pfms_meme.txt	MA2474.1	HMGB10	TWATAA	5.49e-1	1.00e0	9.27e2	401	206	206	206	4	165	80.10	165	80.10
535	data/reference/motifs/JASPAR2026_CORE_plants_non-redundant_pfms_meme.txt	MA2344.1	REV	AATMATCATTATTA	4.10e-1	1.00e0	9.27e2	392	206	206	206	1	197	95.63	195	94.66
536	data/reference/motifs/JASPAR2026_CORE_plants_non-redundant_pfms_meme.txt	MA2459.1	EDF3	RCAACAKA	3.33e-1	1.00e0	9.27e2	291	206	206	206	1	148	71.84	143	69.42
537	data/reference/motifs/JASPAR2026_CORE_plants_non-redundant_pfms_meme.txt	MA1199.1	AGL16	TTTCCWTTTTDGGWA	2.46e-1	1.00e0	9.27e2	245	206	206	206	2	54	26.21	47	22.82
538	data/reference/motifs/JASPAR2026_CORE_plants_non-redundant_pfms_meme.txt	MA1188.1	At3g11280	AWYCTTATCTTHWY	5.00e-1	1.00e0	9.27e2	401	206	206	206	10	10	4.85	9	4.37
539	data/reference/motifs/JASPAR2026_CORE_plants_non-redundant_pfms_meme.txt	MA1169.1	MYB105	WTHDWWACCGTTA	2.02e-1	1.00e0	9.27e2	213	206	206	206	2	49	23.79	41	19.90
540	data/reference/motifs/JASPAR2026_CORE_plants_non-redundant_pfms_meme.txt	MA1040.1	MYB46	GKTAGGTR	2.33e-1	1.00e0	9.27e2	394	206	206	206	6	46	22.33	39	18.93
541	data/reference/motifs/JASPAR2026_CORE_plants_non-redundant_pfms_meme.txt	MA1039.1	MYB4	GGTWGGTR	1.42e-1	1.00e0	9.27e2	412	206	206	206	17	6	2.91	2	0.97
542	data/reference/motifs/JASPAR2026_CORE_plants_non-redundant_pfms_meme.txt	MA0972.1	CCA1	AAATATCT	1.62e-1	1.00e0	9.27e2	404	206	206	206	5	106	51.46	95	46.12
543	data/reference/motifs/JASPAR2026_CORE_plants_non-redundant_pfms_meme.txt	MA0940.1	AP1	MYAAAAAWRGAAA	9.66e-2	1.00e0	9.27e2	412	206	206	206	15	92	44.66	78	37.86
544	data/reference/motifs/JASPAR2026_CORE_plants_non-redundant_pfms_meme.txt	MA0578.1	SPL8	WWDWHYGTACHHTWWW	1.63e-1	1.00e0	9.27e2	263	206	206	206	3	46	22.33	37	17.96
545	data/reference/motifs/JASPAR2026_CORE_plants_non-redundant_pfms_meme.txt	MA0054.1	myb.Ph3	TAACBGTTW	8.28e-1	1.00e0	9.27e2	412	206	206	206	10	181	87.86	186	90.29
546	data/reference/motifs/JASPAR2026_CORE_plants_non-redundant_pfms_meme.txt	MA2482.1	PK27693.1	TTATC	3.30e-1	1.00e0	9.27e2	412	206	206	206	51	60	29.13	55	26.70
547	data/reference/motifs/JASPAR2026_CORE_plants_non-redundant_pfms_meme.txt	MA2481.1	PK12011.1	AACGG	3.86e-1	1.00e0	9.27e2	412	206	206	206	6	201	97.57	199	96.60
548	data/reference/motifs/JASPAR2026_CORE_plants_non-redundant_pfms_meme.txt	MA0988.2	PHYPADRAFT_143875	CACGTG	1.72e-1	1.00e0	9.27e2	392	206	206	206	14	26	12.62	19	9.22
549	data/reference/motifs/JASPAR2026_CORE_plants_non-redundant_pfms_meme.txt	MA2040.2	ENAP2	CTCCGGCGA	4.33e-1	1.00e0	9.27e2	174	206	206	206	3	20	9.71	18	8.74
550	data/reference/motifs/JASPAR2026_CORE_plants_non-redundant_pfms_meme.txt	MA2039.2	ASIL2	CTCCGGCGA	5.00e-1	1.00e0	9.27e2	181	206	206	206	4	11	5.34	10	4.85
551	data/reference/motifs/JASPAR2026_CORE_plants_non-redundant_pfms_meme.txt	MA1662.2	AT3G10030	TTAACAGA	9.49e-2	1.00e0	9.27e2	405	206	206	206	4	154	74.76	141	68.45
552	data/reference/motifs/JASPAR2026_CORE_plants_non-redundant_pfms_meme.txt	MA1661.2	GTL1	GGTTAAAA	1.30e-1	1.00e0	9.27e2	412	206	206	206	3	202	98.06	197	95.63
553	data/reference/motifs/JASPAR2026_CORE_plants_non-redundant_pfms_meme.txt	MA1366.2	DF1	RGTAAAAA	1.08e-1	1.00e0	9.27e2	412	206	206	206	13	5	2.43	1	0.49
554	data/reference/motifs/JASPAR2026_CORE_plants_non-redundant_pfms_meme.txt	MA1208.2	GT-2	WTTTTTACCGY	1.07e-1	1.00e0	9.27e2	411	206	206	206	9	36	17.48	26	12.62
555	data/reference/motifs/JASPAR2026_CORE_plants_non-redundant_pfms_meme.txt	MA2032.2	TRB1	AAACCCTAA	5.83e-1	1.00e0	9.27e2	402	206	206	206	3	138	66.99	139	67.48
556	data/reference/motifs/JASPAR2026_CORE_plants_non-redundant_pfms_meme.txt	MA2031.2	AT5G04760	CTTATCY	1.24e-1	1.00e0	9.27e2	412	206	206	206	16	3	1.46	0	0.00
557	data/reference/motifs/JASPAR2026_CORE_plants_non-redundant_pfms_meme.txt	MA1825.2	Zm00001d044409	CTTATC	1.38e-1	1.00e0	9.27e2	412	206	206	206	8	118	57.28	106	51.46
558	data/reference/motifs/JASPAR2026_CORE_plants_non-redundant_pfms_meme.txt	MA1793.2	NID1	TTATCC	1.46e-1	1.00e0	9.27e2	412	206	206	206	45	10	4.85	5	2.43
559	data/reference/motifs/JASPAR2026_CORE_plants_non-redundant_pfms_meme.txt	MA1400.2	AT1G19000	WWWTGGATAAGRW	3.43e-1	1.00e0	9.27e2	310	206	206	206	6	4	1.94	2	0.97
560	data/reference/motifs/JASPAR2026_CORE_plants_non-redundant_pfms_meme.txt	MA1398.3	KUA1	CTTATCCA	2.12e-1	1.00e0	9.27e2	411	206	206	206	8	91	44.17	82	39.81
561	data/reference/motifs/JASPAR2026_CORE_plants_non-redundant_pfms_meme.txt	MA1397.2	AT1G74840	WWTGGATAA	1.78e-1	1.00e0	9.27e2	394	206	206	206	4	80	38.83	70	33.98
562	data/reference/motifs/JASPAR2026_CORE_plants_non-redundant_pfms_meme.txt	MA1195.2	AT5G56840	AAYCTTATCCAWWW	1.51e-1	1.00e0	9.27e2	375	206	206	206	1	191	92.72	184	89.32
563	data/reference/motifs/JASPAR2026_CORE_plants_non-redundant_pfms_meme.txt	MA1194.2	AT3G10580	DWDWRGATAAGVWT	3.43e-1	1.00e0	9.27e2	395	206	206	206	4	83	40.29	78	37.86
564	data/reference/motifs/JASPAR2026_CORE_plants_non-redundant_pfms_meme.txt	MA1193.2	AT2G38090	WDWGGATAAGDAT	5.44e-1	1.00e0	9.27e2	377	206	206	206	4	57	27.67	57	27.67
565	data/reference/motifs/JASPAR2026_CORE_plants_non-redundant_pfms_meme.txt	MA1192.2	DIV1	WRGATAAGRTT	2.49e-1	1.00e0	9.27e2	369	206	206	206	9	2	0.97	0	0.00
566	data/reference/motifs/JASPAR2026_CORE_plants_non-redundant_pfms_meme.txt	MA1191.2	RVE7L	AAAATATCT	1.16e-1	1.00e0	9.27e2	311	206	206	206	4	17	8.25	10	4.85
567	data/reference/motifs/JASPAR2026_CORE_plants_non-redundant_pfms_meme.txt	MA1186.2	YAB4	AWYCTTATCYW	3.75e-1	1.00e0	9.27e2	404	206	206	206	11	6	2.91	4	1.94
568	data/reference/motifs/JASPAR2026_CORE_plants_non-redundant_pfms_meme.txt	MA0579.2	CDC5	GCTCAGCGC	4.20e-1	1.00e0	9.27e2	249	206	206	206	1	126	61.17	123	59.71
569	data/reference/motifs/JASPAR2026_CORE_plants_non-redundant_pfms_meme.txt	MA2042.2	MYB58	CCACCAACC	1.85e-1	1.00e0	9.27e2	398	206	206	206	9	29	14.08	22	10.68
570	data/reference/motifs/JASPAR2026_CORE_plants_non-redundant_pfms_meme.txt	MA2041.2	MYB13	YCACCAACCA	3.47e-1	1.00e0	9.27e2	387	206	206	206	7	37	17.96	33	16.02
571	data/reference/motifs/JASPAR2026_CORE_plants_non-redundant_pfms_meme.txt	MA2030.2	MYB96	MCCAACTACCA	1.92e-1	1.00e0	9.27e2	367	206	206	206	7	21	10.19	15	7.28
572	data/reference/motifs/JASPAR2026_CORE_plants_non-redundant_pfms_meme.txt	MA2029.2	MYB88	ACGCTCCTC	4.52e-1	1.00e0	9.27e2	215	206	206	206	2	44	21.36	42	20.39
573	data/reference/motifs/JASPAR2026_CORE_plants_non-redundant_pfms_meme.txt	MA2027.2	MYB44	HAACGGTCA	5.00e-1	1.00e0	9.27e2	339	206	206	206	6	8	3.88	7	3.40
574	data/reference/motifs/JASPAR2026_CORE_plants_non-redundant_pfms_meme.txt	MA2026.2	MYB108	TACCTAACTT	2.49e-1	1.00e0	9.27e2	370	206	206	206	9	2	0.97	0	0.00
575	data/reference/motifs/JASPAR2026_CORE_plants_non-redundant_pfms_meme.txt	MA2025.2	MYB93	TACCAAAC	1.08e-1	1.00e0	9.27e2	411	206	206	206	19	5	2.43	1	0.49
576	data/reference/motifs/JASPAR2026_CORE_plants_non-redundant_pfms_meme.txt	MA2024.2	MYB63	YCACCTACCAC	4.38e-1	1.00e0	9.27e2	338	206	206	206	5	24	11.65	22	10.68
577	data/reference/motifs/JASPAR2026_CORE_plants_non-redundant_pfms_meme.txt	MA2008.2	MYB99	CACCTAMY	3.28e-1	1.00e0	9.27e2	315	206	206	206	4	12	5.83	9	4.37
578	data/reference/motifs/JASPAR2026_CORE_plants_non-redundant_pfms_meme.txt	MA2007.2	MYB107	CACCAAAC	3.01e-1	1.00e0	9.27e2	411	206	206	206	13	20	9.71	16	7.77
579	data/reference/motifs/JASPAR2026_CORE_plants_non-redundant_pfms_meme.txt	MA1781.2	MYB94	CCAACYACYW	3.46e-1	1.00e0	9.27e2	373	206	206	206	3	98	47.57	93	45.15
580	data/reference/motifs/JASPAR2026_CORE_plants_non-redundant_pfms_meme.txt	MA1780.2	MYB92	ACCTAAC	3.44e-1	1.00e0	9.27e2	391	206	206	206	6	35	16.99	31	15.05
581	data/reference/motifs/JASPAR2026_CORE_plants_non-redundant_pfms_meme.txt	MA1775.2	MYB61	YACCWACC	1.30e-1	1.00e0	9.27e2	373	206	206	206	5	34	16.50	25	12.14
582	data/reference/motifs/JASPAR2026_CORE_plants_non-redundant_pfms_meme.txt	MA1774.2	MYB60	YCAACYACYT	3.00e-1	1.00e0	9.27e2	370	206	206	206	4	70	33.98	64	31.07
583	data/reference/motifs/JASPAR2026_CORE_plants_non-redundant_pfms_meme.txt	MA1773.2	MYB51	YYYACCWACYW	2.40e-1	1.00e0	9.27e2	361	206	206	206	5	20	9.71	15	7.28
584	data/reference/motifs/JASPAR2026_CORE_plants_non-redundant_pfms_meme.txt	MA1770.2	MYB40	YTYACCWAMY	1.69e-1	1.00e0	9.27e2	317	206	206	206	6	7	3.40	3	1.46
585	data/reference/motifs/JASPAR2026_CORE_plants_non-redundant_pfms_meme.txt	MA1768.2	MYB30	CCAACYACCAMC	2.15e-1	1.00e0	9.27e2	394	206	206	206	4	110	53.40	101	49.03
586	data/reference/motifs/JASPAR2026_CORE_plants_non-redundant_pfms_meme.txt	MA1764.2	MYB116	TGCCTAACTT	4.05e-1	1.00e0	9.27e2	194	206	206	206	3	10	4.85	8	3.88
587	data/reference/motifs/JASPAR2026_CORE_plants_non-redundant_pfms_meme.txt	MA1762.2	MYB10	YCACCWAMCW	1.86e-1	1.00e0	9.27e2	320	206	206	206	6	4	1.94	1	0.49
588	data/reference/motifs/JASPAR2026_CORE_plants_non-redundant_pfms_meme.txt	MA1394.3	MYB73	AACGGTCA	2.98e-1	1.00e0	9.27e2	375	206	206	206	4	68	33.01	62	30.10
589	data/reference/motifs/JASPAR2026_CORE_plants_non-redundant_pfms_meme.txt	MA1393.3	MYB70	AACCGTT	4.54e-1	1.00e0	9.27e2	395	206	206	206	7	49	23.79	47	22.82
590	data/reference/motifs/JASPAR2026_CORE_plants_non-redundant_pfms_meme.txt	MA1392.3	MYB98	WMCGTTAC	2.56e-1	1.00e0	9.27e2	347	206	206	206	5	13	6.31	9	4.37
591	data/reference/motifs/JASPAR2026_CORE_plants_non-redundant_pfms_meme.txt	MA1293.2	MYB57	TACCTAACTT	7.92e-1	1.00e0	9.27e2	101	206	206	206	2	6	2.91	8	3.88
592	data/reference/motifs/JASPAR2026_CORE_plants_non-redundant_pfms_meme.txt	MA1292.2	MYB27	AAAAATTAGGTA	5.00e-1	1.00e0	9.27e2	107	206	206	206	4	1	0.49	0	0.00
593	data/reference/motifs/JASPAR2026_CORE_plants_non-redundant_pfms_meme.txt	MA1180.2	MYB3R4	WWWTRACCGTTR	2.49e-1	1.00e0	9.27e2	153	206	206	206	4	2	0.97	0	0.00
594	data/reference/motifs/JASPAR2026_CORE_plants_non-redundant_pfms_meme.txt	MA1179.2	MYB1	ACSGTTA	1.37e-1	1.00e0	9.27e2	332	206	206	206	4	27	13.11	19	9.22
595	data/reference/motifs/JASPAR2026_CORE_plants_non-redundant_pfms_meme.txt	MA1178.3	MYB3R1	TAACGGTC	7.54e-1	1.00e0	9.27e2	375	206	206	206	1	186	90.29	189	91.75
596	data/reference/motifs/JASPAR2026_CORE_plants_non-redundant_pfms_meme.txt	MA1177.2	MYB65	TAACCGHM	1.46e-1	1.00e0	9.27e2	410	206	206	206	2	201	97.57	196	95.15
597	data/reference/motifs/JASPAR2026_CORE_plants_non-redundant_pfms_meme.txt	MA1171.2	MYB52	ACCGTTA	5.00e-1	1.00e0	9.27e2	184	206	206	206	3	7	3.40	6	2.91
598	data/reference/motifs/JASPAR2026_CORE_plants_non-redundant_pfms_meme.txt	MA1038.2	MYB3	GGTAGGTA	2.56e-1	1.00e0	9.27e2	336	206	206	206	5	13	6.31	9	4.37
599	data/reference/motifs/JASPAR2026_CORE_plants_non-redundant_pfms_meme.txt	MA1037.2	MYB24	GTTAGGY	1.24e-1	1.00e0	9.27e2	412	206	206	206	50	3	1.46	0	0.00
600	data/reference/motifs/JASPAR2026_CORE_plants_non-redundant_pfms_meme.txt	MA1030.2	P0510F09.23	WRMCCTA	3.75e-1	1.00e0	9.27e2	412	206	206	206	24	6	2.91	4	1.94
601	data/reference/motifs/JASPAR2026_CORE_plants_non-redundant_pfms_meme.txt	MA0034.2	Gam1	YAACCGMC	2.85e-1	1.00e0	9.27e2	411	206	206	206	3	193	93.69	189	91.75
602	data/reference/motifs/JASPAR2026_CORE_plants_non-redundant_pfms_meme.txt	MA1737.2	AT5G05090	AGATHCG	2.51e-1	1.00e0	9.27e2	409	206	206	206	15	6	2.91	3	1.46
603	data/reference/motifs/JASPAR2026_CORE_plants_non-redundant_pfms_meme.txt	MA1735.2	AT2G38300	AAHATTCYHT	1.55e-1	1.00e0	9.27e2	406	206	206	206	4	134	65.05	123	59.71
604	data/reference/motifs/JASPAR2026_CORE_plants_non-redundant_pfms_meme.txt	MA1390.3	HHO2	AAGATTCC	1.85e-1	1.00e0	9.27e2	410	206	206	206	5	124	60.19	114	55.34
605	data/reference/motifs/JASPAR2026_CORE_plants_non-redundant_pfms_meme.txt	MA1389.2	PHL1	AARGAATATTCB	2.49e-1	1.00e0	9.27e2	250	206	206	206	6	2	0.97	0	0.00
606	data/reference/motifs/JASPAR2026_CORE_plants_non-redundant_pfms_meme.txt	MA1388.2	PHL2	VGAATMT	1.59e-1	1.00e0	9.27e2	403	206	206	206	4	126	61.17	115	55.83
607	data/reference/motifs/JASPAR2026_CORE_plants_non-redundant_pfms_meme.txt	MA1387.2	HRS1	ATCRAAGATTCY	3.53e-1	1.00e0	9.27e2	358	206	206	206	4	41	19.90	37	17.96
608	data/reference/motifs/JASPAR2026_CORE_plants_non-redundant_pfms_meme.txt	MA1386.3	HHO3	AAGATTCT	3.08e-1	1.00e0	9.27e2	399	206	206	206	4	126	61.17	120	58.25
609	data/reference/motifs/JASPAR2026_CORE_plants_non-redundant_pfms_meme.txt	MA1168.2	MYR2	RGAATMTT	1.69e-1	1.00e0	9.27e2	369	206	206	206	7	7	3.40	3	1.46
610	data/reference/motifs/JASPAR2026_CORE_plants_non-redundant_pfms_meme.txt	MA1167.2	EFM	RGAATATTC	4.17e-1	1.00e0	9.27e2	327	206	206	206	5	13	6.31	11	5.34
611	data/reference/motifs/JASPAR2026_CORE_plants_non-redundant_pfms_meme.txt	MA1165.3	HHO6	AGATTCT	5.00e-1	1.00e0	9.27e2	409	206	206	206	10	20	9.71	19	9.22
612	data/reference/motifs/JASPAR2026_CORE_plants_non-redundant_pfms_meme.txt	MA1163.3	PHL11	AGAATATTCT	1.90e-1	1.00e0	9.27e2	298	206	206	206	8	8	3.88	4	1.94
613	data/reference/motifs/JASPAR2026_CORE_plants_non-redundant_pfms_meme.txt	MA1409.2	OsRR22	AGATACGST	2.72e-1	1.00e0	9.27e2	386	206	206	206	1	195	94.66	191	92.72
614	data/reference/motifs/JASPAR2026_CORE_plants_non-redundant_pfms_meme.txt	MA0949.2	ARR2	MGWATCTT	1.51e-1	1.00e0	9.27e2	398	206	206	206	8	22	10.68	15	7.28
615	data/reference/motifs/JASPAR2026_CORE_plants_non-redundant_pfms_meme.txt	MA0948.2	ARR18	AGATACG	8.89e-2	1.00e0	9.27e2	412	206	206	206	21	14	6.80	7	3.40
616	data/reference/motifs/JASPAR2026_CORE_plants_non-redundant_pfms_meme.txt	MA0121.2	ARR10	AGATHYK	6.73e-1	1.00e0	9.27e2	412	206	206	206	5	151	73.30	154	74.76
617	data/reference/motifs/JASPAR2026_CORE_plants_non-redundant_pfms_meme.txt	MA2022.2	LOB	CCGCCGCCGCMGC	5.00e-1	1.00e0	9.27e2	101	206	206	206	4	7	3.40	6	2.91
618	data/reference/motifs/JASPAR2026_CORE_plants_non-redundant_pfms_meme.txt	MA2021.2	LBD13	TCCACCGT	3.15e-1	1.00e0	9.27e2	384	206	206	206	2	165	80.10	160	77.67
619	data/reference/motifs/JASPAR2026_CORE_plants_non-redundant_pfms_meme.txt	MA1278.2	DOF3.4	TTYTTTTTTWVCTTTTT	1.40e-1	1.00e0	9.27e2	410	206	206	206	12	49	23.79	39	18.93
620	data/reference/motifs/JASPAR2026_CORE_plants_non-redundant_pfms_meme.txt	MA1071.2	DOF5.3	AAMG	8.74e-2	1.00e0	9.27e2	412	206	206	206	170	7	3.40	2	0.97
621	data/reference/motifs/JASPAR2026_CORE_plants_non-redundant_pfms_meme.txt	MA1022.2	PHYPADRAFT_38837	AAAG	8.74e-2	1.00e0	9.27e2	412	206	206	206	59	204	99.03	199	96.60
622	data/reference/motifs/JASPAR2026_CORE_plants_non-redundant_pfms_meme.txt	MA0983.2	DOF5.6	AAMG	1.08e-1	1.00e0	9.27e2	412	206	206	206	20	205	99.51	201	97.57
623	data/reference/motifs/JASPAR2026_CORE_plants_non-redundant_pfms_meme.txt	MA0982.2	DOF2.4	AAAG	1.96e-1	1.00e0	9.27e2	412	206	206	206	81	197	95.63	192	93.20
624	data/reference/motifs/JASPAR2026_CORE_plants_non-redundant_pfms_meme.txt	MA0981.2	DOF1.8	AAAG	8.74e-2	1.00e0	9.27e2	412	206	206	206	59	204	99.03	199	96.60
625	data/reference/motifs/JASPAR2026_CORE_plants_non-redundant_pfms_meme.txt	MA0974.3	CDF3	AAAAAGTG	9.97e-2	1.00e0	9.27e2	410	206	206	206	8	104	50.49	90	43.69
626	data/reference/motifs/JASPAR2026_CORE_plants_non-redundant_pfms_meme.txt	MA1396.2	GATA6	AGATCTAGAT	2.79e-1	1.00e0	9.27e2	204	206	206	206	3	16	7.77	12	5.83
627	data/reference/motifs/JASPAR2026_CORE_plants_non-redundant_pfms_meme.txt	MA1325.2	GATA14	TAGATCTR	1.42e-1	1.00e0	9.27e2	338	206	206	206	9	6	2.91	2	0.97
628	data/reference/motifs/JASPAR2026_CORE_plants_non-redundant_pfms_meme.txt	MA1018.2	GATA9	AGATCT	2.79e-1	1.00e0	9.27e2	337	206	206	206	6	16	7.77	12	5.83
629	data/reference/motifs/JASPAR2026_CORE_plants_non-redundant_pfms_meme.txt	MA1016.2	GATA15	GATC	9.81e-2	1.00e0	9.27e2	412	206	206	206	51	151	73.30	138	66.99
630	data/reference/motifs/JASPAR2026_CORE_plants_non-redundant_pfms_meme.txt	MA1015.2	GATA12	AGATCT	1.46e-1	1.00e0	9.27e2	412	206	206	206	72	10	4.85	5	2.43
631	data/reference/motifs/JASPAR2026_CORE_plants_non-redundant_pfms_meme.txt	MA0585.2	AGL1	TTDCCWWWWWDGGWAA	9.94e-2	1.00e0	9.27e2	357	206	206	206	3	118	57.28	104	50.49
632	data/reference/motifs/JASPAR2026_CORE_plants_non-redundant_pfms_meme.txt	MA0584.2	SEP1	CCAWAWWTRGWAA	2.18e-1	1.00e0	9.27e2	302	206	206	206	1	155	75.24	147	71.36
633	data/reference/motifs/JASPAR2026_CORE_plants_non-redundant_pfms_meme.txt	MA0558.2	FLC	CCMAAAATRGAAAG	1.59e-1	1.00e0	9.27e2	387	206	206	206	4	61	29.61	51	24.76
634	data/reference/motifs/JASPAR2026_CORE_plants_non-redundant_pfms_meme.txt	MA0555.2	SVP	WWWCCAAAAAWGGAAA	1.27e-1	1.00e0	9.27e2	323	206	206	206	4	25	12.14	17	8.25
635	data/reference/motifs/JASPAR2026_CORE_plants_non-redundant_pfms_meme.txt	MA0548.3	AGL15	TTTCCWTTTTDGGWAA	2.26e-1	1.00e0	9.27e2	207	206	206	206	2	43	20.87	36	17.48
636	data/reference/motifs/JASPAR2026_CORE_plants_non-redundant_pfms_meme.txt	MA0005.3	AG	TTWCCWAAWHDGGHAA	1.07e-1	1.00e0	9.27e2	337	206	206	206	4	36	17.48	26	12.62
637	data/reference/motifs/JASPAR2026_CORE_plants_non-redundant_pfms_meme.txt	MA1807.2	ZHD10	TAATTART	1.87e-1	1.00e0	9.27e2	379	206	206	206	4	102	49.51	92	44.66
638	data/reference/motifs/JASPAR2026_CORE_plants_non-redundant_pfms_meme.txt	MA1329.3	ZHD1	AYTAATTAA	1.26e-1	1.00e0	9.27e2	408	206	206	206	3	199	96.60	193	93.69
639	data/reference/motifs/JASPAR2026_CORE_plants_non-redundant_pfms_meme.txt	MA1757.2	HDG7	DCATTAAWTR	2.35e-1	1.00e0	9.27e2	394	206	206	206	1	199	96.60	195	94.66
640	data/reference/motifs/JASPAR2026_CORE_plants_non-redundant_pfms_meme.txt	MA1375.2	ANL2	GCATTAATTR	5.80e-1	1.00e0	9.27e2	386	206	206	206	1	193	93.69	193	93.69
641	data/reference/motifs/JASPAR2026_CORE_plants_non-redundant_pfms_meme.txt	MA1369.2	HDG1	YAATTAATGM	2.17e-1	1.00e0	9.27e2	397	206	206	206	2	186	90.29	180	87.38
642	data/reference/motifs/JASPAR2026_CORE_plants_non-redundant_pfms_meme.txt	MA1327.3	ATHB-23	TAATTAA	4.61e-1	1.00e0	9.27e2	391	206	206	206	5	101	49.03	99	48.06
643	data/reference/motifs/JASPAR2026_CORE_plants_non-redundant_pfms_meme.txt	MA1215.2	ATHB-53	CAATAATTG	5.00e-1	1.00e0	9.27e2	383	206	206	206	1	192	93.20	191	92.72
644	data/reference/motifs/JASPAR2026_CORE_plants_non-redundant_pfms_meme.txt	MA1212.2	ATHB-13	YAATAATT	1.72e-1	1.00e0	9.27e2	401	206	206	206	2	194	94.17	188	91.26
645	data/reference/motifs/JASPAR2026_CORE_plants_non-redundant_pfms_meme.txt	MA1211.2	ATHB-X	YAATYATTD	1.76e-1	1.00e0	9.27e2	395	206	206	206	2	186	90.29	179	86.89
646	data/reference/motifs/JASPAR2026_CORE_plants_non-redundant_pfms_meme.txt	MA1209.2	ATHB-20	YAATAATT	3.36e-1	1.00e0	9.27e2	354	206	206	206	1	179	86.89	175	84.95
647	data/reference/motifs/JASPAR2026_CORE_plants_non-redundant_pfms_meme.txt	MA1198.2	HAT2	YAATCATT	2.20e-1	1.00e0	9.27e2	406	206	206	206	4	153	74.27	145	70.39
648	data/reference/motifs/JASPAR2026_CORE_plants_non-redundant_pfms_meme.txt	MA1026.3	ATHB-15	AWDRTAATGATKA	5.51e-1	1.00e0	9.27e2	338	206	206	206	1	169	82.04	169	82.04
649	data/reference/motifs/JASPAR2026_CORE_plants_non-redundant_pfms_meme.txt	MA0990.2	HDG11	AWTWAATGC	2.89e-1	1.00e0	9.27e2	412	206	206	206	26	154	74.76	148	71.84
650	data/reference/motifs/JASPAR2026_CORE_plants_non-redundant_pfms_meme.txt	MA0954.3	ATHB-7	TCAATGATTGR	1.01e-1	1.00e0	9.27e2	371	206	206	206	4	55	26.70	43	20.87
651	data/reference/motifs/JASPAR2026_CORE_plants_non-redundant_pfms_meme.txt	MA0953.2	ATHB-6	CAATHAT	1.01e-1	1.00e0	9.27e2	412	206	206	206	36	201	97.57	195	94.66
652	data/reference/motifs/JASPAR2026_CORE_plants_non-redundant_pfms_meme.txt	MA0573.2	ATHB-9	GTAATGATTRCDYBS	9.01e-1	1.00e0	9.27e2	23	206	206	206	1	9	4.37	14	6.80
653	data/reference/motifs/JASPAR2026_CORE_plants_non-redundant_pfms_meme.txt	MA0008.4	HAT5	CAATAATTG	1.87e-1	1.00e0	9.27e2	376	206	206	206	6	60	29.13	51	24.76
654	data/reference/motifs/JASPAR2026_CORE_plants_non-redundant_pfms_meme.txt	MA2020.2	HSFB4	GAAGTTTCCR	4.22e-1	1.00e0	9.27e2	341	206	206	206	2	115	55.83	112	54.37
655	data/reference/motifs/JASPAR2026_CORE_plants_non-redundant_pfms_meme.txt	MA2019.2	HSFA1B	GAAACTTC	1.85e-1	1.00e0	9.27e2	391	206	206	206	1	198	96.12	193	93.69
656	data/reference/motifs/JASPAR2026_CORE_plants_non-redundant_pfms_meme.txt	MA1761.2	HSFB3	AAGCTTCTAGAA	4.50e-1	1.00e0	9.27e2	332	206	206	206	1	167	81.07	165	80.10
657	data/reference/motifs/JASPAR2026_CORE_plants_non-redundant_pfms_meme.txt	MA1759.2	HSFA4A	AGAAGCTTCTAGAA	3.12e-1	1.00e0	9.27e2	181	206	206	206	4	3	1.46	1	0.49
658	data/reference/motifs/JASPAR2026_CORE_plants_non-redundant_pfms_meme.txt	MA1667.3	HSFC1	TTCYAGAA	3.12e-1	1.00e0	9.27e2	374	206	206	206	2	167	81.07	162	78.64
659	data/reference/motifs/JASPAR2026_CORE_plants_non-redundant_pfms_meme.txt	MA1666.3	HSFB2B	RGAAGSTTCTA	4.17e-1	1.00e0	9.27e2	292	206	206	206	5	13	6.31	11	5.34
660	data/reference/motifs/JASPAR2026_CORE_plants_non-redundant_pfms_meme.txt	MA1665.3	HSFB2A	RGAAGSTTCY	4.17e-1	1.00e0	9.27e2	279	206	206	206	1	141	68.45	138	66.99
661	data/reference/motifs/JASPAR2026_CORE_plants_non-redundant_pfms_meme.txt	MA1664.3	HSFA6B	TTCTRGAA	1.92e-1	1.00e0	9.27e2	404	206	206	206	2	191	92.72	185	89.81
662	data/reference/motifs/JASPAR2026_CORE_plants_non-redundant_pfms_meme.txt	MA1805.2	WRKY53	RGTCAAC	1.64e-1	1.00e0	9.27e2	412	206	206	206	4	195	94.66	189	91.75
663	data/reference/motifs/JASPAR2026_CORE_plants_non-redundant_pfms_meme.txt	MA1318.2	WRKY27	CGTTGACTTTT	2.42e-1	1.00e0	9.27e2	170	206	206	206	1	89	43.20	81	39.32
664	data/reference/motifs/JASPAR2026_CORE_plants_non-redundant_pfms_meme.txt	MA1317.2	WRKY50	TTGACTTTT	5.90e-1	1.00e0	9.27e2	320	206	206	206	5	10	4.85	10	4.85
665	data/reference/motifs/JASPAR2026_CORE_plants_non-redundant_pfms_meme.txt	MA1316.2	WRKY71	AAAAGTCAAC	5.00e-1	1.00e0	9.27e2	275	206	206	206	4	12	5.83	11	5.34
666	data/reference/motifs/JASPAR2026_CORE_plants_non-redundant_pfms_meme.txt	MA1315.2	WRKY24	CGTTGACTTTT	5.40e-1	1.00e0	9.27e2	242	206	206	206	1	121	58.74	121	58.74
667	data/reference/motifs/JASPAR2026_CORE_plants_non-redundant_pfms_meme.txt	MA1314.2	WRKY14	AAAGTCAACG	3.75e-1	1.00e0	9.27e2	230	206	206	206	4	6	2.91	4	1.94
668	data/reference/motifs/JASPAR2026_CORE_plants_non-redundant_pfms_meme.txt	MA1313.2	WRKY7	CGTTGACTTTT	4.31e-1	1.00e0	9.27e2	131	206	206	206	2	19	9.22	17	8.25
669	data/reference/motifs/JASPAR2026_CORE_plants_non-redundant_pfms_meme.txt	MA1312.2	WRKY47	CGTTGACYW	3.43e-1	1.00e0	9.27e2	324	206	206	206	6	4	1.94	2	0.97
670	data/reference/motifs/JASPAR2026_CORE_plants_non-redundant_pfms_meme.txt	MA1310.2	WRKY42	CGTTGACT	4.00e-1	1.00e0	9.27e2	259	206	206	206	4	9	4.37	7	3.40
671	data/reference/motifs/JASPAR2026_CORE_plants_non-redundant_pfms_meme.txt	MA1308.2	WRKY70	CGTTGACTTT	5.00e-1	1.00e0	9.27e2	133	206	206	206	3	5	2.43	4	1.94
672	data/reference/motifs/JASPAR2026_CORE_plants_non-redundant_pfms_meme.txt	MA1307.3	WRKY31	RGTCAACG	4.42e-1	1.00e0	9.27e2	358	206	206	206	1	180	87.38	178	86.41
673	data/reference/motifs/JASPAR2026_CORE_plants_non-redundant_pfms_meme.txt	MA1306.2	WRKY11	CGTTGACTTTT	8.41e-1	1.00e0	9.27e2	241	206	206	206	1	116	56.31	125	60.68
674	data/reference/motifs/JASPAR2026_CORE_plants_non-redundant_pfms_meme.txt	MA1305.2	WRKY55	CGTTGACTT	3.12e-1	1.00e0	9.27e2	265	206	206	206	5	3	1.46	1	0.49
675	data/reference/motifs/JASPAR2026_CORE_plants_non-redundant_pfms_meme.txt	MA1304.2	WRKY59	AAAAGTCAAM	4.34e-1	1.00e0	9.27e2	372	206	206	206	1	187	90.78	185	89.81
676	data/reference/motifs/JASPAR2026_CORE_plants_non-redundant_pfms_meme.txt	MA1303.2	WRKY22	AAAGTCAACK	6.88e-1	1.00e0	9.27e2	235	206	206	206	5	2	0.97	2	0.97
677	data/reference/motifs/JASPAR2026_CORE_plants_non-redundant_pfms_meme.txt	MA1302.2	WRKY65	AAAGTCAACG	6.63e-1	1.00e0	9.27e2	279	206	206	206	1	138	66.99	141	68.45
678	data/reference/motifs/JASPAR2026_CORE_plants_non-redundant_pfms_meme.txt	MA1301.2	WRKY33	AAAGTCAACG	3.12e-1	1.00e0	9.27e2	241	206	206	206	5	3	1.46	1	0.49
679	data/reference/motifs/JASPAR2026_CORE_plants_non-redundant_pfms_meme.txt	MA1300.2	WRKY6	CGTTGACT	2.49e-1	1.00e0	9.27e2	205	206	206	206	5	2	0.97	0	0.00
680	data/reference/motifs/JASPAR2026_CORE_plants_non-redundant_pfms_meme.txt	MA1299.2	WRKY17	AAAGTCAACG	3.12e-1	1.00e0	9.27e2	254	206	206	206	5	3	1.46	1	0.49
681	data/reference/motifs/JASPAR2026_CORE_plants_non-redundant_pfms_meme.txt	MA1298.2	WRKY29	AAAGTCAAC	5.00e-1	1.00e0	9.27e2	336	206	206	206	6	2	0.97	1	0.49
682	data/reference/motifs/JASPAR2026_CORE_plants_non-redundant_pfms_meme.txt	MA1297.2	WRKY26	AAAAGTCAACG	3.83e-1	1.00e0	9.27e2	230	206	206	206	1	117	56.80	113	54.85
683	data/reference/motifs/JASPAR2026_CORE_plants_non-redundant_pfms_meme.txt	MA1295.2	WRKY20	CGTTGACY	2.49e-1	1.00e0	9.27e2	306	206	206	206	6	2	0.97	0	0.00
684	data/reference/motifs/JASPAR2026_CORE_plants_non-redundant_pfms_meme.txt	MA1094.3	WRKY8	AAAAGTCAACG	4.41e-1	1.00e0	9.27e2	276	206	206	206	3	27	13.11	25	12.14
685	data/reference/motifs/JASPAR2026_CORE_plants_non-redundant_pfms_meme.txt	MA1092.2	WRKY63	GGTCAA	1.24e-1	1.00e0	9.27e2	354	206	206	206	8	3	1.46	0	0.00
686	data/reference/motifs/JASPAR2026_CORE_plants_non-redundant_pfms_meme.txt	MA1090.2	WRKY60	GGTCAAC	7.00e-1	1.00e0	9.27e2	358	206	206	206	6	7	3.40	8	3.88
687	data/reference/motifs/JASPAR2026_CORE_plants_non-redundant_pfms_meme.txt	MA1085.3	WRKY40	AGTCAA	3.11e-1	1.00e0	9.27e2	331	206	206	206	2	106	51.46	100	48.54
688	data/reference/motifs/JASPAR2026_CORE_plants_non-redundant_pfms_meme.txt	MA1083.3	WRKY30	ARGTCAACG	3.08e-1	1.00e0	9.27e2	349	206	206	206	4	42	20.39	37	17.96
689	data/reference/motifs/JASPAR2026_CORE_plants_non-redundant_pfms_meme.txt	MA1081.3	WRKY25	RGTCAACG	3.13e-1	1.00e0	9.27e2	370	206	206	206	1	187	90.78	183	88.83
690	data/reference/motifs/JASPAR2026_CORE_plants_non-redundant_pfms_meme.txt	MA1079.3	WRKY21	AAAAGTCAACG	4.05e-1	1.00e0	9.27e2	268	206	206	206	4	10	4.85	8	3.88
691	data/reference/motifs/JASPAR2026_CORE_plants_non-redundant_pfms_meme.txt	MA1077.2	WRKY18	RGTCAA	3.03e-1	1.00e0	9.27e2	408	206	206	206	5	136	66.02	130	63.11
692	data/reference/motifs/JASPAR2026_CORE_plants_non-redundant_pfms_meme.txt	MA0589.2	WRKY1	TTGACCGAGY	1.86e-1	1.00e0	9.27e2	210	206	206	206	4	4	1.94	1	0.49
693	data/reference/motifs/JASPAR2026_CORE_plants_non-redundant_pfms_meme.txt	MA2053.2	NAC105	CAAGCAACC	1.45e-1	1.00e0	9.27e2	403	206	206	206	3	164	79.61	154	74.76
694	data/reference/motifs/JASPAR2026_CORE_plants_non-redundant_pfms_meme.txt	MA2050.2	NAC101	CAAGCAA	3.71e-1	1.00e0	9.27e2	412	206	206	206	8	150	72.82	146	70.87
695	data/reference/motifs/JASPAR2026_CORE_plants_non-redundant_pfms_meme.txt	MA2049.2	NAC053	CAAGAAA	1.08e-1	1.00e0	9.27e2	410	206	206	206	11	16	7.77	9	4.37
696	data/reference/motifs/JASPAR2026_CORE_plants_non-redundant_pfms_meme.txt	MA2047.2	NAC037	CAAGCAA	1.24e-1	1.00e0	9.27e2	411	206	206	206	19	3	1.46	0	0.00
697	data/reference/motifs/JASPAR2026_CORE_plants_non-redundant_pfms_meme.txt	MA2045.2	NAC031	TTRCKTGTWNHACAAGTWA	5.88e-1	1.00e0	9.27e2	109	206	206	206	1	54	26.21	55	26.70
698	data/reference/motifs/JASPAR2026_CORE_plants_non-redundant_pfms_meme.txt	MA2044.2	NAC007	CAAGCAA	1.64e-1	1.00e0	9.27e2	412	206	206	206	5	180	87.38	172	83.50
699	data/reference/motifs/JASPAR2026_CORE_plants_non-redundant_pfms_meme.txt	MA2038.2	NAC103	CAAGTTA	1.33e-1	1.00e0	9.27e2	412	206	206	206	13	46	22.33	36	17.48
700	data/reference/motifs/JASPAR2026_CORE_plants_non-redundant_pfms_meme.txt	MA2037.2	NAC096	CAAGTAA	1.24e-1	1.00e0	9.27e2	412	206	206	206	16	3	1.46	0	0.00
701	data/reference/motifs/JASPAR2026_CORE_plants_non-redundant_pfms_meme.txt	MA2035.2	NAC075	GWAGCTTGTNNNACAAGCTW	6.29e-1	1.00e0	9.27e2	84	206	206	206	2	20	9.71	21	10.19
702	data/reference/motifs/JASPAR2026_CORE_plants_non-redundant_pfms_meme.txt	MA2033.2	NAC038	TTDCKTGTDNHACAAGTWA	8.14e-1	1.00e0	9.27e2	68	206	206	206	4	2	0.97	3	1.46
703	data/reference/motifs/JASPAR2026_CORE_plants_non-redundant_pfms_meme.txt	MA2018.2	NAC69	ACAAGGCA	1.40e-1	1.00e0	9.27e2	407	206	206	206	9	37	17.96	28	13.59
704	data/reference/motifs/JASPAR2026_CORE_plants_non-redundant_pfms_meme.txt	MA2017.2	JUB1	ACGGCGA	1.46e-1	1.00e0	9.27e2	311	206	206	206	8	10	4.85	5	2.43
705	data/reference/motifs/JASPAR2026_CORE_plants_non-redundant_pfms_meme.txt	MA2010.2	SMB	CAAGCAA	1.62e-1	1.00e0	9.27e2	412	206	206	206	9	112	54.37	101	49.03
706	data/reference/motifs/JASPAR2026_CORE_plants_non-redundant_pfms_meme.txt	MA2009.2	NAC010	TAACTTGTDNHACAAGTTACC	9.39e-1	1.00e0	9.27e2	52	206	206	206	3	2	0.97	5	2.43
707	data/reference/motifs/JASPAR2026_CORE_plants_non-redundant_pfms_meme.txt	MA2006.2	NAC020	GGTTGCKTGTDNMACAAGTAA	6.24e-1	1.00e0	9.27e2	45	206	206	206	1	22	10.68	23	11.17
708	data/reference/motifs/JASPAR2026_CORE_plants_non-redundant_pfms_meme.txt	MA1787.2	NAC047	ACACGTMWCT	1.87e-1	1.00e0	9.27e2	376	206	206	206	5	42	20.39	34	16.50
709	data/reference/motifs/JASPAR2026_CORE_plants_non-redundant_pfms_meme.txt	MA1786.2	NAC019	YACGBMA	1.01e-1	1.00e0	9.27e2	412	206	206	206	23	11	5.34	5	2.43
710	data/reference/motifs/JASPAR2026_CORE_plants_non-redundant_pfms_meme.txt	MA1785.2	NAC018	ACACGYAACY	2.31e-1	1.00e0	9.27e2	331	206	206	206	3	71	34.47	63	30.58
711	data/reference/motifs/JASPAR2026_CORE_plants_non-redundant_pfms_meme.txt	MA1678.3	NTL8	GAAGAAAC	1.29e-1	1.00e0	9.27e2	412	206	206	206	7	139	67.48	127	61.65
712	data/reference/motifs/JASPAR2026_CORE_plants_non-redundant_pfms_meme.txt	MA1676.3	NAC062	TAAGTAA	1.11e-1	1.00e0	9.27e2	412	206	206	206	20	22	10.68	14	6.80
713	data/reference/motifs/JASPAR2026_CORE_plants_non-redundant_pfms_meme.txt	MA1674.3	NAC017	CAAGTAA	8.74e-2	1.00e0	9.27e2	412	206	206	206	4	204	99.03	199	96.60
714	data/reference/motifs/JASPAR2026_CORE_plants_non-redundant_pfms_meme.txt	MA1663.3	NAC050	CAAGTAAC	1.43e-1	1.00e0	9.27e2	408	206	206	206	9	51	24.76	41	19.90
715	data/reference/motifs/JASPAR2026_CORE_plants_non-redundant_pfms_meme.txt	MA1660.2	NAC013	TTACTTGTTCYMCAAGTAA	7.88e-1	1.00e0	9.27e2	67	206	206	206	1	31	15.05	36	17.48
716	data/reference/motifs/JASPAR2026_CORE_plants_non-redundant_pfms_meme.txt	MA1427.3	NAC028	CAAGTAA	1.61e-1	1.00e0	9.27e2	412	206	206	206	11	97	47.09	86	41.75
717	data/reference/motifs/JASPAR2026_CORE_plants_non-redundant_pfms_meme.txt	MA0938.3	NAC058	TTACKTGTDNMACAAGWAA	5.53e-1	1.00e0	9.27e2	68	206	206	206	1	34	16.50	34	16.50
718	data/reference/motifs/JASPAR2026_CORE_plants_non-redundant_pfms_meme.txt	MA1414.2	E2FA	GCGCCA	1.19e-1	1.00e0	9.27e2	359	206	206	206	3	110	53.40	97	47.09
719	data/reference/motifs/JASPAR2026_CORE_plants_non-redundant_pfms_meme.txt	MA1813.2	EIL4	TWCAATGAA	1.42e-1	1.00e0	9.27e2	400	206	206	206	7	68	33.01	57	27.67
720	data/reference/motifs/JASPAR2026_CORE_plants_non-redundant_pfms_meme.txt	MA1756.2	GRF9	TGTCAGA	1.46e-1	1.00e0	9.27e2	344	206	206	206	3	72	34.95	61	29.61
721	data/reference/motifs/JASPAR2026_CORE_plants_non-redundant_pfms_meme.txt	MA1197.2	CAMTA1	AARCGCGTG	3.93e-1	1.00e0	9.27e2	135	206	206	206	3	8	3.88	6	2.91
722	data/reference/motifs/JASPAR2026_CORE_plants_non-redundant_pfms_meme.txt	MA1801.2	TREE1	AGCTD	4.55e-1	1.00e0	9.27e2	412	206	206	206	32	153	74.27	151	73.30
723	data/reference/motifs/JASPAR2026_CORE_plants_non-redundant_pfms_meme.txt	MA1415.2	REF6	RAAACAGAG	3.43e-1	1.00e0	9.27e2	339	206	206	206	7	4	1.94	2	0.97
724	data/reference/motifs/JASPAR2026_CORE_plants_non-redundant_pfms_meme.txt	MA1405.2	SIZF2	ACTGACAGT	1.76e-1	1.00e0	9.27e2	341	206	206	206	7	27	13.11	20	9.71
725	data/reference/motifs/JASPAR2026_CORE_plants_non-redundant_pfms_meme.txt	MA1372.2	ZAT10	CACTNHCACT	3.05e-1	1.00e0	9.27e2	412	206	206	206	14	21	10.19	17	8.25
726	data/reference/motifs/JASPAR2026_CORE_plants_non-redundant_pfms_meme.txt	MA1743.2	BZIP2	TGCTGACGTGGCA	6.64e-1	1.00e0	9.27e2	58	206	206	206	1	28	13.59	30	14.56
727	data/reference/motifs/JASPAR2026_CORE_plants_non-redundant_pfms_meme.txt	MA1341.2	BZIP53	TGCTGACGTGGCA	6.38e-1	1.00e0	9.27e2	59	206	206	206	2	4	1.94	4	1.94
728	data/reference/motifs/JASPAR2026_CORE_plants_non-redundant_pfms_meme.txt	MA1340.2	BZIP3	TGMTGACGTGGCA	6.00e-1	1.00e0	9.27e2	95	206	206	206	2	8	3.88	8	3.88
729	data/reference/motifs/JASPAR2026_CORE_plants_non-redundant_pfms_meme.txt	MA1334.2	BZIP11	TGCCACGTCAGCA	8.66e-1	1.00e0	9.27e2	61	206	206	206	1	27	13.11	34	16.50
730	data/reference/motifs/JASPAR2026_CORE_plants_non-redundant_pfms_meme.txt	MA1744.2	BZIP30	GMCAGCTGK	9.00e-2	1.00e0	9.27e2	395	206	206	206	7	61	29.61	48	23.30
731	data/reference/motifs/JASPAR2026_CORE_plants_non-redundant_pfms_meme.txt	MA1343.2	BZIP52	TGMCAGCT	3.12e-1	1.00e0	9.27e2	245	206	206	206	6	3	1.46	1	0.49
732	data/reference/motifs/JASPAR2026_CORE_plants_non-redundant_pfms_meme.txt	MA1425.2	HYH	TSACGTG	2.32e-1	1.00e0	9.27e2	281	206	206	206	3	72	34.95	64	31.07
733	data/reference/motifs/JASPAR2026_CORE_plants_non-redundant_pfms_meme.txt	MA1349.2	BZIP16	HSACGTGGCA	7.28e-1	1.00e0	9.27e2	86	206	206	206	1	41	19.90	45	21.84
734	data/reference/motifs/JASPAR2026_CORE_plants_non-redundant_pfms_meme.txt	MA0968.3	BZIP68	TGCCACGTSA	2.48e-1	1.00e0	9.27e2	172	206	206	206	2	35	16.99	29	14.08
735	data/reference/motifs/JASPAR2026_CORE_plants_non-redundant_pfms_meme.txt	MA1346.2	TGA10	GMTGACGTCA	4.46e-1	1.00e0	9.27e2	170	206	206	206	2	33	16.02	31	15.05
736	data/reference/motifs/JASPAR2026_CORE_plants_non-redundant_pfms_meme.txt	MA1336.2	TGA3	RTGACGTCAKC	4.51e-1	1.00e0	9.27e2	82	206	206	206	1	42	20.39	40	19.42
737	data/reference/motifs/JASPAR2026_CORE_plants_non-redundant_pfms_meme.txt	MA1070.3	TGA7	ATGACGTCAB	7.22e-1	1.00e0	9.27e2	190	206	206	206	3	25	12.14	28	13.59
738	data/reference/motifs/JASPAR2026_CORE_plants_non-redundant_pfms_meme.txt	MA1069.3	TGA6	ATGAYGTCAT	2.77e-1	1.00e0	9.27e2	303	206	206	206	2	103	50.00	96	46.60
739	data/reference/motifs/JASPAR2026_CORE_plants_non-redundant_pfms_meme.txt	MA1068.3	TGA2	ATGACGTCAY	5.00e-1	1.00e0	9.27e2	109	206	206	206	6	1	0.49	0	0.00
740	data/reference/motifs/JASPAR2026_CORE_plants_non-redundant_pfms_meme.txt	MA1047.3	TGA5	ATGACGTCA	3.33e-1	1.00e0	9.27e2	321	206	206	206	4	64	31.07	59	28.64
741	data/reference/motifs/JASPAR2026_CORE_plants_non-redundant_pfms_meme.txt	MA0588.2	TGA1	SVTGACGT	7.28e-1	1.00e0	9.27e2	380	206	206	206	4	78	37.86	83	40.29
742	data/reference/motifs/JASPAR2026_CORE_plants_non-redundant_pfms_meme.txt	MA1745.2	BZIP63	TSACGTGG	2.21e-1	1.00e0	9.27e2	307	206	206	206	6	17	8.25	12	5.83
743	data/reference/motifs/JASPAR2026_CORE_plants_non-redundant_pfms_meme.txt	MA1344.2	BZIP28	TSACGTGGCA	6.04e-1	1.00e0	9.27e2	175	206	206	206	2	34	16.50	35	16.99
744	data/reference/motifs/JASPAR2026_CORE_plants_non-redundant_pfms_meme.txt	MA1659.2	ABF4	CCACGTS	3.16e-1	1.00e0	9.27e2	408	206	206	206	4	164	79.61	159	77.18
745	data/reference/motifs/JASPAR2026_CORE_plants_non-redundant_pfms_meme.txt	MA0931.2	ABI5	GMCACGTG	5.86e-1	1.00e0	9.27e2	203	206	206	206	4	11	5.34	11	5.34
746	data/reference/motifs/JASPAR2026_CORE_plants_non-redundant_pfms_meme.txt	MA0570.3	ABF1	ACACGTGKCA	1.33e-1	1.00e0	9.27e2	278	206	206	206	2	86	41.75	74	35.92
747	data/reference/motifs/JASPAR2026_CORE_plants_non-redundant_pfms_meme.txt	MA1063.2	TCP19	GGSCCCAC	1.19e-1	1.00e0	9.27e2	393	206	206	206	9	31	15.05	22	10.68
748	data/reference/motifs/JASPAR2026_CORE_plants_non-redundant_pfms_meme.txt	MA1031.2	OJ1581_H09.2	GGGCCC	1.36e-1	1.00e0	9.27e2	345	206	206	206	6	93	45.15	81	39.32
749	data/reference/motifs/JASPAR2026_CORE_plants_non-redundant_pfms_meme.txt	MA1019.2	Glyma19g26560.1	GGSCCCAC	9.85e-2	1.00e0	9.27e2	365	206	206	206	8	20	9.71	12	5.83
750	data/reference/motifs/JASPAR2026_CORE_plants_non-redundant_pfms_meme.txt	MA1333.2	BEH3	YGCACGTGTG	5.00e-1	1.00e0	9.27e2	53	206	206	206	3	3	1.46	2	0.97
751	data/reference/motifs/JASPAR2026_CORE_plants_non-redundant_pfms_meme.txt	MA0550.3	BZR1	CRCACGTGYR	6.38e-1	1.00e0	9.27e2	64	206	206	206	3	4	1.94	4	1.94
752	data/reference/motifs/JASPAR2026_CORE_plants_non-redundant_pfms_meme.txt	MA0549.2	BZR2	RCACGTGKSV	5.00e-1	1.00e0	9.27e2	124	206	206	206	5	2	0.97	1	0.49
753	data/reference/motifs/JASPAR2026_CORE_plants_non-redundant_pfms_meme.txt	MA1739.2	BHLH122	CMACTTG	5.00e-1	1.00e0	9.27e2	282	206	206	206	6	4	1.94	3	1.46
754	data/reference/motifs/JASPAR2026_CORE_plants_non-redundant_pfms_meme.txt	MA1361.2	bHLH18	CRCGTKWWHCACGTG	3.20e-1	1.00e0	9.27e2	117	206	206	206	2	25	12.14	21	10.19
755	data/reference/motifs/JASPAR2026_CORE_plants_non-redundant_pfms_meme.txt	MA1357.2	bHLH80	TGCAAGTKG	3.40e-1	1.00e0	9.27e2	121	206	206	206	2	14	6.80	11	5.34
756	data/reference/motifs/JASPAR2026_CORE_plants_non-redundant_pfms_meme.txt	MA0964.3	BIM1	TCACGTGA	2.26e-1	1.00e0	9.27e2	208	206	206	206	4	43	20.87	36	17.48
757	data/reference/motifs/JASPAR2026_CORE_plants_non-redundant_pfms_meme.txt	MA0961.2	bHLH112	CCACTTG	5.00e-1	1.00e0	9.27e2	84	206	206	206	2	9	4.37	8	3.88
758	data/reference/motifs/JASPAR2026_CORE_plants_non-redundant_pfms_meme.txt	MA0956.2	BEE2	CACGTG	1.30e-1	1.00e0	9.27e2	410	206	206	206	34	9	4.37	4	1.94
759	data/reference/motifs/JASPAR2026_CORE_plants_non-redundant_pfms_meme.txt	MA0568.2	MYC3	CACGTG	2.36e-1	1.00e0	9.27e2	387	206	206	206	6	136	66.02	128	62.14
760	data/reference/motifs/JASPAR2026_CORE_plants_non-redundant_pfms_meme.txt	MA0552.2	PIF1	CACGTG	2.77e-1	1.00e0	9.27e2	213	206	206	206	1	110	53.40	103	50.00
761	data/reference/motifs/JASPAR2026_CORE_plants_non-redundant_pfms_meme.txt	MA0582.2	RAV1	GCAACA	4.21e-1	1.00e0	9.27e2	407	206	206	206	7	119	57.77	116	56.31
762	data/reference/motifs/JASPAR2026_CORE_plants_non-redundant_pfms_meme.txt	MA1697.2	ARF4	ACGACAAG	1.38e-1	1.00e0	9.27e2	400	206	206	206	5	121	58.74	109	52.91
763	data/reference/motifs/JASPAR2026_CORE_plants_non-redundant_pfms_meme.txt	MA1696.2	ARF39	GGGGRACACGT	1.24e-1	1.00e0	9.27e2	349	206	206	206	11	3	1.46	0	0.00
764	data/reference/motifs/JASPAR2026_CORE_plants_non-redundant_pfms_meme.txt	MA1694.2	ARF35	CCCGACAAG	1.48e-1	1.00e0	9.27e2	341	206	206	206	1	175	84.95	166	80.58
765	data/reference/motifs/JASPAR2026_CORE_plants_non-redundant_pfms_meme.txt	MA1693.2	ARF34	CAGACAGC	1.08e-1	1.00e0	9.27e2	387	206	206	206	1	197	95.63	190	92.23
766	data/reference/motifs/JASPAR2026_CORE_plants_non-redundant_pfms_meme.txt	MA1692.2	ARF29	GCCGACAA	1.26e-1	1.00e0	9.27e2	369	206	206	206	8	13	6.31	7	3.40
767	data/reference/motifs/JASPAR2026_CORE_plants_non-redundant_pfms_meme.txt	MA1690.2	ARF25	ARMGGGRGACAM	5.53e-1	1.00e0	9.27e2	254	206	206	206	3	34	16.50	34	16.50
768	data/reference/motifs/JASPAR2026_CORE_plants_non-redundant_pfms_meme.txt	MA1685.2	ARF10	ARNGGGAGACA	1.24e-1	1.00e0	9.27e2	303	206	206	206	10	3	1.46	0	0.00
769	data/reference/motifs/JASPAR2026_CORE_plants_non-redundant_pfms_meme.txt	MA0581.2	LEC2	CATGCR	1.83e-1	1.00e0	9.27e2	307	206	206	206	1	158	76.70	149	72.33
770	data/reference/motifs/JASPAR2026_CORE_plants_non-redundant_pfms_meme.txt	MA2013.2	ERF115	YCGCCGCCGCM	5.00e-1	1.00e0	9.27e2	127	206	206	206	7	2	0.97	1	0.49
771	data/reference/motifs/JASPAR2026_CORE_plants_non-redundant_pfms_meme.txt	MA2011.2	ERF010	CACCGACA	2.77e-1	1.00e0	9.27e2	317	206	206	206	2	106	51.46	99	48.06
772	data/reference/motifs/JASPAR2026_CORE_plants_non-redundant_pfms_meme.txt	MA1804.2	WIN1	CRCCGC	8.74e-2	1.00e0	9.27e2	411	206	206	206	33	7	3.40	2	0.97
773	data/reference/motifs/JASPAR2026_CORE_plants_non-redundant_pfms_meme.txt	MA1795.2	RAP2-4	CRCCGACC	1.37e-1	1.00e0	9.27e2	407	206	206	206	18	14	6.80	8	3.88
774	data/reference/motifs/JASPAR2026_CORE_plants_non-redundant_pfms_meme.txt	MA1754.2	ERF073	CKCCGCCGCCR	3.75e-1	1.00e0	9.27e2	83	206	206	206	3	6	2.91	4	1.94
775	data/reference/motifs/JASPAR2026_CORE_plants_non-redundant_pfms_meme.txt	MA1753.2	ERF057	CCDCCDCCRCCGCC	5.00e-1	1.00e0	9.27e2	118	206	206	206	6	4	1.94	3	1.46
776	data/reference/motifs/JASPAR2026_CORE_plants_non-redundant_pfms_meme.txt	MA1748.2	DREB1F	GCCGAC	1.13e-1	1.00e0	9.27e2	358	206	206	206	2	155	75.24	143	69.42
777	data/reference/motifs/JASPAR2026_CORE_plants_non-redundant_pfms_meme.txt	MA1679.2	RAP2-1	CACCGACA	3.86e-1	1.00e0	9.27e2	293	206	206	206	7	7	3.40	5	2.43
778	data/reference/motifs/JASPAR2026_CORE_plants_non-redundant_pfms_meme.txt	MA1671.2	ERF118	CCGCCGCC	5.00e-1	1.00e0	9.27e2	203	206	206	206	11	2	0.97	1	0.49
779	data/reference/motifs/JASPAR2026_CORE_plants_non-redundant_pfms_meme.txt	MA1670.2	DREB1C	GCCGACAT	1.42e-1	1.00e0	9.27e2	314	206	206	206	3	68	33.01	57	27.67
780	data/reference/motifs/JASPAR2026_CORE_plants_non-redundant_pfms_meme.txt	MA1669.2	DREB1B	GCCGACAT	2.41e-1	1.00e0	9.27e2	286	206	206	206	3	51	24.76	44	21.36
781	data/reference/motifs/JASPAR2026_CORE_plants_non-redundant_pfms_meme.txt	MA1265.3	ERF015	CACCGACA	1.46e-1	1.00e0	9.27e2	281	206	206	206	6	10	4.85	5	2.43
782	data/reference/motifs/JASPAR2026_CORE_plants_non-redundant_pfms_meme.txt	MA1263.2	ERF055	KGKCGGTGG	3.05e-1	1.00e0	9.27e2	154	206	206	206	1	80	38.83	74	35.92
783	data/reference/motifs/JASPAR2026_CORE_plants_non-redundant_pfms_meme.txt	MA1261.2	ERF122	TRCGGCKGHG	2.64e-1	1.00e0	9.27e2	260	206	206	206	5	14	6.80	10	4.85
784	data/reference/motifs/JASPAR2026_CORE_plants_non-redundant_pfms_meme.txt	MA1260.2	ERF013	TGTCGGTGG	5.00e-1	1.00e0	9.27e2	127	206	206	206	1	64	31.07	63	30.58
785	data/reference/motifs/JASPAR2026_CORE_plants_non-redundant_pfms_meme.txt	MA1258.2	DREB2A	AWGKCGGTG	3.62e-1	1.00e0	9.27e2	164	206	206	206	4	5	2.43	3	1.46
786	data/reference/motifs/JASPAR2026_CORE_plants_non-redundant_pfms_meme.txt	MA1253.2	ERF036	TGTCGGTG	2.25e-1	1.00e0	9.27e2	267	206	206	206	6	5	2.43	2	0.97
787	data/reference/motifs/JASPAR2026_CORE_plants_non-redundant_pfms_meme.txt	MA1252.2	ERF086	CCKCCGCCGY	7.49e-1	1.00e0	9.27e2	110	206	206	206	4	4	1.94	5	2.43
788	data/reference/motifs/JASPAR2026_CORE_plants_non-redundant_pfms_meme.txt	MA1251.2	RAP2-9	CACCGACAW	3.34e-1	1.00e0	9.27e2	95	206	206	206	2	13	6.31	10	4.85
789	data/reference/motifs/JASPAR2026_CORE_plants_non-redundant_pfms_meme.txt	MA1250.2	DREB2D	CCDCCDCCACCGCC	2.40e-1	1.00e0	9.27e2	156	206	206	206	3	20	9.71	15	7.28
790	data/reference/motifs/JASPAR2026_CORE_plants_non-redundant_pfms_meme.txt	MA1248.2	ERF012	CCACCGMC	6.89e-1	1.00e0	9.27e2	200	206	206	206	1	98	47.57	102	49.51
791	data/reference/motifs/JASPAR2026_CORE_plants_non-redundant_pfms_meme.txt	MA1247.2	ERF087	GRCGGCGGMG	6.88e-1	1.00e0	9.27e2	101	206	206	206	5	2	0.97	2	0.97
792	data/reference/motifs/JASPAR2026_CORE_plants_non-redundant_pfms_meme.txt	MA1246.2	LEP	CKCCGCCGYC	3.68e-1	1.00e0	9.27e2	165	206	206	206	3	21	10.19	18	8.74
793	data/reference/motifs/JASPAR2026_CORE_plants_non-redundant_pfms_meme.txt	MA1245.3	ERF112	CCGCCGCCR	3.20e-1	1.00e0	9.27e2	226	206	206	206	5	11	5.34	8	3.88
794	data/reference/motifs/JASPAR2026_CORE_plants_non-redundant_pfms_meme.txt	MA1244.2	ABR1	DTKGCGGCGGMG	5.00e-1	1.00e0	9.27e2	135	206	206	206	5	4	1.94	3	1.46
795	data/reference/motifs/JASPAR2026_CORE_plants_non-redundant_pfms_meme.txt	MA1240.2	ERF077	CCGCCGCCRY	3.40e-1	1.00e0	9.27e2	147	206	206	206	3	14	6.80	11	5.34
796	data/reference/motifs/JASPAR2026_CORE_plants_non-redundant_pfms_meme.txt	MA1239.2	ERF104	CCDCCDCCGCCGCCRY	5.00e-1	1.00e0	9.27e2	71	206	206	206	1	36	17.48	35	16.99
797	data/reference/motifs/JASPAR2026_CORE_plants_non-redundant_pfms_meme.txt	MA1238.3	ERF038	CACCGACA	2.23e-1	1.00e0	9.27e2	279	206	206	206	6	10	4.85	6	2.91
798	data/reference/motifs/JASPAR2026_CORE_plants_non-redundant_pfms_meme.txt	MA1233.3	ERF021	CGCCGACA	2.03e-1	1.00e0	9.27e2	321	206	206	206	5	34	16.50	27	13.11
799	data/reference/motifs/JASPAR2026_CORE_plants_non-redundant_pfms_meme.txt	MA1232.2	ERF054	GDCGGYGG	2.03e-1	1.00e0	9.27e2	259	206	206	206	4	23	11.17	17	8.25
800	data/reference/motifs/JASPAR2026_CORE_plants_non-redundant_pfms_meme.txt	MA1231.3	ERF15	MGCCGCCD	3.12e-1	1.00e0	9.27e2	215	206	206	206	6	3	1.46	1	0.49
801	data/reference/motifs/JASPAR2026_CORE_plants_non-redundant_pfms_meme.txt	MA1226.2	DREB2G	GGHGGAGGCGGTGG	5.41e-1	1.00e0	9.27e2	152	206	206	206	1	76	36.89	76	36.89
802	data/reference/motifs/JASPAR2026_CORE_plants_non-redundant_pfms_meme.txt	MA1219.3	ERF011	CACCGAC	3.84e-1	1.00e0	9.27e2	321	206	206	206	2	109	52.91	105	50.97
803	data/reference/motifs/JASPAR2026_CORE_plants_non-redundant_pfms_meme.txt	MA1049.2	ERF094	MGCCGCC	2.72e-1	1.00e0	9.27e2	146	206	206	206	2	27	13.11	22	10.68
804	data/reference/motifs/JASPAR2026_CORE_plants_non-redundant_pfms_meme.txt	MA1010.2	PHYPADRAFT_64121	TGTCGGTA	1.01e-1	1.00e0	9.27e2	400	206	206	206	10	11	5.34	5	2.43
805	data/reference/motifs/JASPAR2026_CORE_plants_non-redundant_pfms_meme.txt	MA1005.3	ERF082	CCGCCGCCR	3.62e-1	1.00e0	9.27e2	213	206	206	206	6	5	2.43	3	1.46
806	data/reference/motifs/JASPAR2026_CORE_plants_non-redundant_pfms_meme.txt	MA1000.3	ERF105	RYGGCGGCGG	4.20e-1	1.00e0	9.27e2	82	206	206	206	2	14	6.80	12	5.83
807	data/reference/motifs/JASPAR2026_CORE_plants_non-redundant_pfms_meme.txt	MA0998.2	ERF096	GCCGCC	1.28e-1	1.00e0	9.27e2	398	206	206	206	5	140	67.96	128	62.14
808	data/reference/motifs/JASPAR2026_CORE_plants_non-redundant_pfms_meme.txt	MA0997.2	ERF069	GCCG	2.72e-1	1.00e0	9.27e2	412	206	206	206	64	7	3.40	4	1.94
809	data/reference/motifs/JASPAR2026_CORE_plants_non-redundant_pfms_meme.txt	MA0994.3	ERF8	TGRCGGCGGCG	5.00e-1	1.00e0	9.27e2	165	206	206	206	6	4	1.94	3	1.46
810	data/reference/motifs/JASPAR2026_CORE_plants_non-redundant_pfms_meme.txt	MA0993.2	ERF7	GCCG	1.85e-1	1.00e0	9.27e2	411	206	206	206	42	13	6.31	8	3.88
811	data/reference/motifs/JASPAR2026_CORE_plants_non-redundant_pfms_meme.txt	MA0992.3	ERF4	CCGCCGYCA	1.86e-1	1.00e0	9.27e2	192	206	206	206	6	4	1.94	1	0.49
812	data/reference/motifs/JASPAR2026_CORE_plants_non-redundant_pfms_meme.txt	MA0976.3	CRF4	CCGCCGCCRC	2.03e-1	1.00e0	9.27e2	196	206	206	206	3	23	11.17	17	8.25
813	data/reference/motifs/JASPAR2026_CORE_plants_non-redundant_pfms_meme.txt	MA1377.2	PLT1	KGCACGVWTHYCGAGR	8.56e-1	1.00e0	9.27e2	129	206	206	206	1	60	29.13	69	33.50
814	data/reference/motifs/JASPAR2026_CORE_plants_non-redundant_pfms_meme.txt	MA1751.2	EIL3	AGRTWCAT	1.07e-1	1.00e0	9.27e2	410	206	206	206	6	78	37.86	65	31.55
815	data/reference/motifs/JASPAR2026_CORE_plants_non-redundant_pfms_meme.txt	MA2005.2	NAC016	TVCKTGWBCYNCAMG	6.87e-1	1.00e0	9.27e2	85	206	206	206	1	41	19.90	44	21.36
816	data/reference/motifs/JASPAR2026_CORE_plants_non-redundant_pfms_meme.txt	MA2440.1	SPL2B	GCGGTASTACCGC	5.00e-1	1.00e0	9.27e2	71	206	206	206	3	3	1.46	2	0.97
817	data/reference/motifs/JASPAR2026_CORE_plants_non-redundant_pfms_meme.txt	MA2439.1	SPL2A	GCGGTASTACCGC	7.09e-1	1.00e0	9.27e2	32	206	206	206	1	15	7.28	17	8.25
818	data/reference/motifs/JASPAR2026_CORE_plants_non-redundant_pfms_meme.txt	MA2431.1	SPL15A	AGCGGTASTACCGC	5.00e-1	1.00e0	9.27e2	74	206	206	206	2	13	6.31	12	5.83
819	data/reference/motifs/JASPAR2026_CORE_plants_non-redundant_pfms_meme.txt	MA2425.1	SPL11A	SCGGTACTACCG	2.49e-1	1.00e0	9.27e2	152	206	206	206	5	2	0.97	0	0.00
820	data/reference/motifs/JASPAR2026_CORE_plants_non-redundant_pfms_meme.txt	MA2424.1	OsbZIP77	TGCCACGTCABC	5.00e-1	1.00e0	9.27e2	108	206	206	206	5	1	0.49	0	0.00
821	data/reference/motifs/JASPAR2026_CORE_plants_non-redundant_pfms_meme.txt	MA2423.1	OsbZIP69	GMTGACGTGGCA	5.00e-1	1.00e0	9.27e2	106	206	206	206	2	11	5.34	10	4.85
822	data/reference/motifs/JASPAR2026_CORE_plants_non-redundant_pfms_meme.txt	MA2422.1	OsbZIP42	TGMCACGTCA	3.62e-1	1.00e0	9.27e2	344	206	206	206	8	5	2.43	3	1.46
823	data/reference/motifs/JASPAR2026_CORE_plants_non-redundant_pfms_meme.txt	MA2420.1	SBP6	AAGTACAA	1.04e-1	1.00e0	9.27e2	407	206	206	206	9	35	16.99	25	12.14
824	data/reference/motifs/JASPAR2026_CORE_plants_non-redundant_pfms_meme.txt	MA2419.1	UB3	GAAGTACAAC	1.62e-1	1.00e0	9.27e2	400	206	206	206	5	103	50.00	92	44.66
825	data/reference/motifs/JASPAR2026_CORE_plants_non-redundant_pfms_meme.txt	MA2412.1	ZmbZIP72	GATGACATCA	4.00e-1	1.00e0	9.27e2	381	206	206	206	8	9	4.37	7	3.40
826	data/reference/motifs/JASPAR2026_CORE_plants_non-redundant_pfms_meme.txt	MA2411.1	ZmbZIP57	ATGATGTCAT	2.05e-1	1.00e0	9.27e2	387	206	206	206	1	196	95.15	191	92.72
827	data/reference/motifs/JASPAR2026_CORE_plants_non-redundant_pfms_meme.txt	MA2410.1	ZmbZIP54	TGACGTCA	2.36e-1	1.00e0	9.27e2	365	206	206	206	8	48	23.30	41	19.90
828	data/reference/motifs/JASPAR2026_CORE_plants_non-redundant_pfms_meme.txt	MA2409.1	ZmbZIP25	GATGACATCA	5.00e-1	1.00e0	9.27e2	384	206	206	206	8	10	4.85	9	4.37
829	data/reference/motifs/JASPAR2026_CORE_plants_non-redundant_pfms_meme.txt	MA2407.1	PK24978.1	CACGTGT	1.88e-1	1.00e0	9.27e2	412	206	206	206	16	110	53.40	100	48.54
830	data/reference/motifs/JASPAR2026_CORE_plants_non-redundant_pfms_meme.txt	MA2405.1	OsMSL08	GTAAAW	1.37e-1	1.00e0	9.27e2	412	206	206	206	33	95	46.12	83	40.29
831	data/reference/motifs/JASPAR2026_CORE_plants_non-redundant_pfms_meme.txt	MA2404.1	OsTRBF3	WRMCCTA	3.43e-1	1.00e0	9.27e2	412	206	206	206	25	4	1.94	2	0.97
832	data/reference/motifs/JASPAR2026_CORE_plants_non-redundant_pfms_meme.txt	MA2402.1	OsERF104	GCCGY	9.37e-2	1.00e0	9.27e2	408	206	206	206	15	25	12.14	16	7.77
833	data/reference/motifs/JASPAR2026_CORE_plants_non-redundant_pfms_meme.txt	MA2401.1	Os05g0437700	MCACGTGK	3.82e-1	1.00e0	9.27e2	166	206	206	206	2	85	41.26	81	39.32
834	data/reference/motifs/JASPAR2026_CORE_plants_non-redundant_pfms_meme.txt	MA2400.1	LjTCP20	GGGACCAY	2.45e-1	1.00e0	9.27e2	200	206	206	206	1	104	50.49	96	46.60
835	data/reference/motifs/JASPAR2026_CORE_plants_non-redundant_pfms_meme.txt	MA2398.1	AS2	CGGCGGMRRHDRCGGCGG	6.58e-1	1.00e0	9.27e2	64	206	206	206	1	31	15.05	33	16.02
836	data/reference/motifs/JASPAR2026_CORE_plants_non-redundant_pfms_meme.txt	MA2395.1	PHYPA_011264	CACCGACM	7.25e-1	1.00e0	9.27e2	159	206	206	206	2	24	11.65	27	13.11
837	data/reference/motifs/JASPAR2026_CORE_plants_non-redundant_pfms_meme.txt	MA2394.1	PpDof6	CTTT	8.74e-2	1.00e0	9.27e2	412	206	206	206	59	204	99.03	199	96.60
838	data/reference/motifs/JASPAR2026_CORE_plants_non-redundant_pfms_meme.txt	MA2392.1	GRMZM2G135447	TGACRKS	2.74e-1	1.00e0	9.27e2	407	206	206	206	7	89	43.20	82	39.81
839	data/reference/motifs/JASPAR2026_CORE_plants_non-redundant_pfms_meme.txt	MA2390.1	GLYMA19G26560	GGSCCCAC	1.72e-1	1.00e0	9.27e2	361	206	206	206	8	18	8.74	12	5.83
840	data/reference/motifs/JASPAR2026_CORE_plants_non-redundant_pfms_meme.txt	MA2384.1	estExt_Genewise1.C_2060077	SACGTGK	2.46e-1	1.00e0	9.27e2	240	206	206	206	6	12	5.83	8	3.88
841	data/reference/motifs/JASPAR2026_CORE_plants_non-redundant_pfms_meme.txt	MA2382.1	e_gw1.209.40.1	CACGTG	1.92e-1	1.00e0	9.27e2	397	206	206	206	16	21	10.19	15	7.28
842	data/reference/motifs/JASPAR2026_CORE_plants_non-redundant_pfms_meme.txt	MA2379.1	DOF3.1	CKTT	2.11e-1	1.00e0	9.27e2	412	206	206	206	105	160	77.67	152	73.79
843	data/reference/motifs/JASPAR2026_CORE_plants_non-redundant_pfms_meme.txt	MA2377.1	cassava45561.m1	GGGSCCCAC	2.04e-1	1.00e0	9.27e2	341	206	206	206	2	139	67.48	130	63.11
844	data/reference/motifs/JASPAR2026_CORE_plants_non-redundant_pfms_meme.txt	MA2375.1	BMY2	SRCACGTGTGR	5.00e-1	1.00e0	9.27e2	79	206	206	206	4	3	1.46	2	0.97
845	data/reference/motifs/JASPAR2026_CORE_plants_non-redundant_pfms_meme.txt	MA2374.1	AHL13	ATATAATT	2.79e-1	1.00e0	9.27e2	412	206	206	206	26	194	94.17	190	92.23
846	data/reference/motifs/JASPAR2026_CORE_plants_non-redundant_pfms_meme.txt	MA2372.1	AZF1	WCACTVWCW	3.13e-1	1.00e0	9.27e2	411	206	206	206	10	45	21.84	40	19.42
847	data/reference/motifs/JASPAR2026_CORE_plants_non-redundant_pfms_meme.txt	MA2370.1	MBD2	AGCTD	4.55e-1	1.00e0	9.27e2	412	206	206	206	32	153	74.27	151	73.30
848	data/reference/motifs/JASPAR2026_CORE_plants_non-redundant_pfms_meme.txt	MA2368.1	WRKY51	RGTCAA	9.43e-2	1.00e0	9.27e2	412	206	206	206	50	32	15.53	22	10.68
849	data/reference/motifs/JASPAR2026_CORE_plants_non-redundant_pfms_meme.txt	MA2367.1	WIP5	ACCTGGAGAAMAW	3.69e-1	1.00e0	9.27e2	400	206	206	206	3	153	74.27	149	72.33
850	data/reference/motifs/JASPAR2026_CORE_plants_non-redundant_pfms_meme.txt	MA2366.1	VOZ2	GCGT	9.18e-2	1.00e0	9.27e2	412	206	206	206	40	19	9.22	11	5.34
851	data/reference/motifs/JASPAR2026_CORE_plants_non-redundant_pfms_meme.txt	MA2360.1	PK28565.1	TAACBGTC	1.86e-1	1.00e0	9.27e2	406	206	206	206	5	95	46.12	85	41.26
852	data/reference/motifs/JASPAR2026_CORE_plants_non-redundant_pfms_meme.txt	MA2359.1	PK23829.1	TTATCCR	1.08e-1	1.00e0	9.27e2	365	206	206	206	7	5	2.43	1	0.49
853	data/reference/motifs/JASPAR2026_CORE_plants_non-redundant_pfms_meme.txt	MA2357.1	PK21687.1	WAAACCC	1.72e-1	1.00e0	9.27e2	412	206	206	206	24	18	8.74	12	5.83
854	data/reference/motifs/JASPAR2026_CORE_plants_non-redundant_pfms_meme.txt	MA2356.1	PK20555.1	CTTTW	1.42e-1	1.00e0	9.27e2	412	206	206	206	88	204	99.03	200	97.09
855	data/reference/motifs/JASPAR2026_CORE_plants_non-redundant_pfms_meme.txt	MA2353.1	PK02532.1	WAATATCT	1.81e-1	1.00e0	9.27e2	341	206	206	206	4	28	13.59	21	10.19
856	data/reference/motifs/JASPAR2026_CORE_plants_non-redundant_pfms_meme.txt	MA2351.1	OsEIL3	AGRTACAT	1.24e-1	1.00e0	9.27e2	404	206	206	206	11	3	1.46	0	0.00
857	data/reference/motifs/JASPAR2026_CORE_plants_non-redundant_pfms_meme.txt	MA2350.1	OsFBH1	CCACTTG	5.00e-1	1.00e0	9.27e2	84	206	206	206	2	9	4.37	8	3.88
858	data/reference/motifs/JASPAR2026_CORE_plants_non-redundant_pfms_meme.txt	MA2347.1	OS04G0486400	TAACC	1.16e-1	1.00e0	9.27e2	412	206	206	206	46	152	73.79	140	67.96
859	data/reference/motifs/JASPAR2026_CORE_plants_non-redundant_pfms_meme.txt	MA2343.1	MYB3R3	CGCCGTTA	9.33e-2	1.00e0	9.27e2	393	206	206	206	4	135	65.53	121	58.74
860	data/reference/motifs/JASPAR2026_CORE_plants_non-redundant_pfms_meme.txt	MA2106.1	Zm00001d024644	CCTTATCC	5.00e-1	1.00e0	9.27e2	411	206	206	206	12	13	6.31	12	5.83
861	data/reference/motifs/JASPAR2026_CORE_plants_non-redundant_pfms_meme.txt	MA1800.1	TEM1	GCAACATA	3.38e-1	1.00e0	9.27e2	380	206	206	206	4	71	34.47	66	32.04
862	data/reference/motifs/JASPAR2026_CORE_plants_non-redundant_pfms_meme.txt	MA1797.1	RAV2	GCAACATA	2.51e-1	1.00e0	9.27e2	237	206	206	206	4	6	2.91	3	1.46
863	data/reference/motifs/JASPAR2026_CORE_plants_non-redundant_pfms_meme.txt	MA1792.1	NAC098	CKTGTNNHACACGTHA	7.45e-1	1.00e0	9.27e2	103	206	206	206	2	19	9.22	22	10.68
864	data/reference/motifs/JASPAR2026_CORE_plants_non-redundant_pfms_meme.txt	MA1791.1	NAC087	TTDCTTGTNNNACACGYWA	7.44e-1	1.00e0	9.27e2	56	206	206	206	2	10	4.85	12	5.83
865	data/reference/motifs/JASPAR2026_CORE_plants_non-redundant_pfms_meme.txt	MA1790.1	NAC073	CTTSWYBHWCAMGYT	3.33e-1	1.00e0	9.27e2	301	206	206	206	4	30	14.56	26	12.62
866	data/reference/motifs/JASPAR2026_CORE_plants_non-redundant_pfms_meme.txt	MA1789.1	NAC071	CTTSWHYYTCAMGYA	7.81e-1	1.00e0	9.27e2	200	206	206	206	2	53	25.73	59	28.64
867	data/reference/motifs/JASPAR2026_CORE_plants_non-redundant_pfms_meme.txt	MA1788.1	NAC054	CTTGTNNHACACGYHAYCT	6.77e-1	1.00e0	9.27e2	48	206	206	206	1	23	11.17	25	12.14
868	data/reference/motifs/JASPAR2026_CORE_plants_non-redundant_pfms_meme.txt	MA1784.1	NAC011	GTTGCTTSWNHHDCAAGYAAC	7.92e-1	1.00e0	9.27e2	30	206	206	206	2	6	2.91	8	3.88
869	data/reference/motifs/JASPAR2026_CORE_plants_non-redundant_pfms_meme.txt	MA1783.1	NAC005	TWRCTTVTTYHAYAAGTTW	7.67e-1	1.00e0	9.27e2	85	206	206	206	1	40	19.42	45	21.84
870	data/reference/motifs/JASPAR2026_CORE_plants_non-redundant_pfms_meme.txt	MA1746.1	BZIP69	TGMCAGCTGTM	8.54e-1	1.00e0	9.27e2	55	206	206	206	2	6	2.91	9	4.37
871	data/reference/motifs/JASPAR2026_CORE_plants_non-redundant_pfms_meme.txt	MA1741.1	BRN2	CTTGWWHYDYACGYWA	3.26e-1	1.00e0	9.27e2	238	206	206	206	3	27	13.11	23	11.17
872	data/reference/motifs/JASPAR2026_CORE_plants_non-redundant_pfms_meme.txt	MA1734.1	AT1G19040	CTTGNDCYBCAAGTWW	7.13e-1	1.00e0	9.27e2	59	206	206	206	1	28	13.59	31	15.05
873	data/reference/motifs/JASPAR2026_CORE_plants_non-redundant_pfms_meme.txt	MA2092.1	PK27149.1	TGACGTGK	7.03e-1	1.00e0	9.27e2	286	206	206	206	1	141	68.45	145	70.39
874	data/reference/motifs/JASPAR2026_CORE_plants_non-redundant_pfms_meme.txt	MA2087.1	PK24205.1	CACGTGKC	5.00e-1	1.00e0	9.27e2	136	206	206	206	4	3	1.46	2	0.97
875	data/reference/motifs/JASPAR2026_CORE_plants_non-redundant_pfms_meme.txt	MA2086.1	PK23964.1	KCCACGT	1.24e-1	1.00e0	9.27e2	410	206	206	206	22	3	1.46	0	0.00
876	data/reference/motifs/JASPAR2026_CORE_plants_non-redundant_pfms_meme.txt	MA2078.1	PK19363.1	CGCCGCCR	1.67e-1	1.00e0	9.27e2	295	206	206	206	5	35	16.99	27	13.11
877	data/reference/motifs/JASPAR2026_CORE_plants_non-redundant_pfms_meme.txt	MA2076.1	PK18401.1	GCACGTGG	1.86e-1	1.00e0	9.27e2	327	206	206	206	9	4	1.94	1	0.49
878	data/reference/motifs/JASPAR2026_CORE_plants_non-redundant_pfms_meme.txt	MA2075.1	PK18009.1	ACACGTG	2.64e-1	1.00e0	9.27e2	408	206	206	206	8	70	33.98	63	30.58
879	data/reference/motifs/JASPAR2026_CORE_plants_non-redundant_pfms_meme.txt	MA2074.1	PK17878.1	CGCCGCCA	4.14e-1	1.00e0	9.27e2	119	206	206	206	1	61	29.61	58	28.16
880	data/reference/motifs/JASPAR2026_CORE_plants_non-redundant_pfms_meme.txt	MA2073.1	PK16340.1	CKTT	1.86e-1	1.00e0	9.27e2	412	206	206	206	64	205	99.51	202	98.06
881	data/reference/motifs/JASPAR2026_CORE_plants_non-redundant_pfms_meme.txt	MA2072.1	PK16335.1	GACAGCTG	4.22e-1	1.00e0	9.27e2	373	206	206	206	3	111	53.88	108	52.43
882	data/reference/motifs/JASPAR2026_CORE_plants_non-redundant_pfms_meme.txt	MA2070.1	PK15337.1	CTTT	1.46e-1	1.00e0	9.27e2	412	206	206	206	160	39	18.93	30	14.56
883	data/reference/motifs/JASPAR2026_CORE_plants_non-redundant_pfms_meme.txt	MA2066.1	PK09021.1	TGACGTCA	7.51e-1	1.00e0	9.27e2	71	206	206	206	3	1	0.49	1	0.49
884	data/reference/motifs/JASPAR2026_CORE_plants_non-redundant_pfms_meme.txt	MA2065.1	PK08602.1	CCACCGCC	9.89e-1	1.00e0	9.27e2	36	206	206	206	1	12	5.83	24	11.65
885	data/reference/motifs/JASPAR2026_CORE_plants_non-redundant_pfms_meme.txt	MA2062.1	PK07031.1	CTTT	2.49e-1	1.00e0	9.27e2	412	206	206	206	116	206	100.00	204	99.03
886	data/reference/motifs/JASPAR2026_CORE_plants_non-redundant_pfms_meme.txt	MA2056.1	PK01144.1	CTTT	1.74e-1	1.00e0	9.27e2	412	206	206	206	139	37	17.96	29	14.08
887	data/reference/motifs/JASPAR2026_CORE_plants_non-redundant_pfms_meme.txt	MA2055.1	PK00315.1	GACAGCTR	1.38e-1	1.00e0	9.27e2	407	206	206	206	5	98	47.57	86	41.75
888	data/reference/motifs/JASPAR2026_CORE_plants_non-redundant_pfms_meme.txt	MA1384.1	PHL7	AAARGAATATTCY	5.00e-1	1.00e0	9.27e2	255	206	206	206	4	7	3.40	6	2.91
889	data/reference/motifs/JASPAR2026_CORE_plants_non-redundant_pfms_meme.txt	MA1380.1	TCX6	WTTTAAATTTTTWAA	1.08e-1	1.00e0	9.27e2	387	206	206	206	1	197	95.63	190	92.23
890	data/reference/motifs/JASPAR2026_CORE_plants_non-redundant_pfms_meme.txt	MA1379.1	SOL1	WTTWAAAATTTAAAW	2.08e-1	1.00e0	9.27e2	382	206	206	206	10	9	4.37	5	2.43
891	data/reference/motifs/JASPAR2026_CORE_plants_non-redundant_pfms_meme.txt	MA1348.1	TGA9	GMTGACGTCAY	7.95e-1	1.00e0	9.27e2	92	206	206	206	2	11	5.34	14	6.80
892	data/reference/motifs/JASPAR2026_CORE_plants_non-redundant_pfms_meme.txt	MA1309.1	WRKY3	AAAAGTCAACG	2.08e-1	1.00e0	9.27e2	250	206	206	206	4	9	4.37	5	2.43
893	data/reference/motifs/JASPAR2026_CORE_plants_non-redundant_pfms_meme.txt	MA1242.1	DREB2F	CCDCCACCGCC	6.88e-1	1.00e0	9.27e2	129	206	206	206	6	2	0.97	2	0.97
894	data/reference/motifs/JASPAR2026_CORE_plants_non-redundant_pfms_meme.txt	MA1235.1	AIL7	CGNWTYYCGAG	3.81e-1	1.00e0	9.27e2	363	206	206	206	1	183	88.83	180	87.38
895	data/reference/motifs/JASPAR2026_CORE_plants_non-redundant_pfms_meme.txt	MA1225.1	ERF5	CCDCCGCCGCCGCCR	5.00e-1	1.00e0	9.27e2	81	206	206	206	1	41	19.90	40	19.42
896	data/reference/motifs/JASPAR2026_CORE_plants_non-redundant_pfms_meme.txt	MA1222.1	ERF014	CCDCCDCCACCGMCA	4.12e-1	1.00e0	9.27e2	109	206	206	206	1	56	27.18	53	25.73
897	data/reference/motifs/JASPAR2026_CORE_plants_non-redundant_pfms_meme.txt	MA1221.1	RAP2-6	TKGCGGCGGMGGHGG	4.25e-1	1.00e0	9.27e2	76	206	206	206	2	16	7.77	14	6.80
898	data/reference/motifs/JASPAR2026_CORE_plants_non-redundant_pfms_meme.txt	MA1162.1	TCX2	WTTYAAAATTYAAAW	2.49e-1	1.00e0	9.27e2	373	206	206	206	15	2	0.97	0	0.00
899	data/reference/motifs/JASPAR2026_CORE_plants_non-redundant_pfms_meme.txt	MA1161.1	TSO1	WWTTWAAAATTTAAA	1.74e-1	1.00e0	9.27e2	393	206	206	206	1	199	96.60	194	94.17
900	data/reference/motifs/JASPAR2026_CORE_plants_non-redundant_pfms_meme.txt	MA1097.1	ARALYDRAFT_493022	GGSMCCAC	2.13e-1	1.00e0	9.27e2	177	206	206	206	1	93	45.15	84	40.78
901	data/reference/motifs/JASPAR2026_CORE_plants_non-redundant_pfms_meme.txt	MA1091.1	WRKY62	TGGTCAAC	1.27e-1	1.00e0	9.27e2	304	206	206	206	3	33	16.02	24	11.65
902	data/reference/motifs/JASPAR2026_CORE_plants_non-redundant_pfms_meme.txt	MA1084.1	WRKY38	CGTTGACC	1.51e-1	1.00e0	9.27e2	402	206	206	206	2	191	92.72	184	89.32
903	data/reference/motifs/JASPAR2026_CORE_plants_non-redundant_pfms_meme.txt	MA1080.1	WRKY23	AGTCAACG	2.49e-1	1.00e0	9.27e2	255	206	206	206	5	2	0.97	0	0.00
904	data/reference/motifs/JASPAR2026_CORE_plants_non-redundant_pfms_meme.txt	MA1075.1	WRKY12	CGTTGACC	1.69e-1	1.00e0	9.27e2	402	206	206	206	1	203	98.54	199	96.60
905	data/reference/motifs/JASPAR2026_CORE_plants_non-redundant_pfms_meme.txt	MA1051.1	RAP2-3	GCGCCGCC	1.86e-1	1.00e0	9.27e2	277	206	206	206	12	4	1.94	1	0.49
906	data/reference/motifs/JASPAR2026_CORE_plants_non-redundant_pfms_meme.txt	MA1046.1	NTL9	TTAAGTAAT	3.04e-1	1.00e0	9.27e2	270	206	206	206	2	77	37.38	71	34.47
907	data/reference/motifs/JASPAR2026_CORE_plants_non-redundant_pfms_meme.txt	MA1034.1	Os05g0497200	CGSCGCCR	8.14e-1	1.00e0	9.27e2	66	206	206	206	4	2	0.97	3	1.46
908	data/reference/motifs/JASPAR2026_CORE_plants_non-redundant_pfms_meme.txt	MA1033.1	OJ1058_F05.8	MCACGTGK	3.82e-1	1.00e0	9.27e2	166	206	206	206	2	85	41.26	81	39.32
909	data/reference/motifs/JASPAR2026_CORE_plants_non-redundant_pfms_meme.txt	MA1020.1	GT-1	GTTAACCA	1.86e-1	1.00e0	9.27e2	362	206	206	206	9	4	1.94	1	0.49
910	data/reference/motifs/JASPAR2026_CORE_plants_non-redundant_pfms_meme.txt	MA0986.1	DREB2C	CACCGACA	2.21e-1	1.00e0	9.27e2	321	206	206	206	6	17	8.25	12	5.83
911	data/reference/motifs/JASPAR2026_CORE_plants_non-redundant_pfms_meme.txt	MA0977.1	DOF2.5	AWAAAGTG	9.85e-2	1.00e0	9.27e2	412	206	206	206	18	20	9.71	12	5.83
912	data/reference/motifs/JASPAR2026_CORE_plants_non-redundant_pfms_meme.txt	MA0963.1	bHLH78	GCACGTGC	3.12e-1	1.00e0	9.27e2	164	206	206	206	8	3	1.46	1	0.49
913	data/reference/motifs/JASPAR2026_CORE_plants_non-redundant_pfms_meme.txt	MA0957.1	BHLH3	GCACGTGC	1.24e-1	1.00e0	9.27e2	291	206	206	206	16	3	1.46	0	0.00
914	data/reference/motifs/JASPAR2026_CORE_plants_non-redundant_pfms_meme.txt	MA0951.1	ATHB-16	TAATMATT	2.36e-1	1.00e0	9.27e2	402	206	206	206	4	165	80.10	158	76.70
915	data/reference/motifs/JASPAR2026_CORE_plants_non-redundant_pfms_meme.txt	MA0947.1	ARR14	AGATWCGS	2.25e-1	1.00e0	9.27e2	335	206	206	206	6	5	2.43	2	0.97
916	data/reference/motifs/JASPAR2026_CORE_plants_non-redundant_pfms_meme.txt	MA0946.1	ARR11	AAGATACG	5.80e-1	1.00e0	9.27e2	382	206	206	206	4	83	40.29	84	40.78
917	data/reference/motifs/JASPAR2026_CORE_plants_non-redundant_pfms_meme.txt	MA0937.1	NAC055	ACACGTAA	4.22e-1	1.00e0	9.27e2	405	206	206	206	5	113	54.85	110	53.40
918	data/reference/motifs/JASPAR2026_CORE_plants_non-redundant_pfms_meme.txt	MA0936.1	NAC046	ACACGCMA	1.24e-1	1.00e0	9.27e2	412	206	206	206	44	3	1.46	0	0.00
919	data/reference/motifs/JASPAR2026_CORE_plants_non-redundant_pfms_meme.txt	MA0935.1	NAC025	YACGTAAY	2.91e-1	1.00e0	9.27e2	251	206	206	206	2	60	29.13	54	26.21
920	data/reference/motifs/JASPAR2026_CORE_plants_non-redundant_pfms_meme.txt	MA0934.1	AHL25	AWTTAAWT	1.74e-1	1.00e0	9.27e2	412	206	206	206	24	199	96.60	194	94.17
921	data/reference/motifs/JASPAR2026_CORE_plants_non-redundant_pfms_meme.txt	MA0933.1	AHL20	AATTAAWT	1.44e-1	1.00e0	9.27e2	412	206	206	206	26	192	93.20	185	89.81
922	data/reference/motifs/JASPAR2026_CORE_plants_non-redundant_pfms_meme.txt	MA0932.1	AHL12	AAWWWWTT	2.37e-1	1.00e0	9.27e2	412	206	206	206	122	79	38.35	71	34.47
923	data/reference/motifs/JASPAR2026_CORE_plants_non-redundant_pfms_meme.txt	MA0580.1	DYT1	MGTGAGWCACGTGA	6.69e-1	1.00e0	9.27e2	54	206	206	206	1	26	12.62	28	13.59
924	data/reference/motifs/JASPAR2026_CORE_plants_non-redundant_pfms_meme.txt	MA0129.1	TGA1A	HACGTCA	5.00e-1	1.00e0	9.27e2	412	206	206	206	5	171	83.01	170	82.52
925	data/reference/motifs/JASPAR2026_CORE_plants_non-redundant_pfms_meme.txt	MA0128.1	EmBP-1	ASACGTGG	3.20e-1	1.00e0	9.27e2	317	206	206	206	5	11	5.34	8	3.88
926	data/reference/motifs/JASPAR2026_CORE_plants_non-redundant_pfms_meme.txt	MA0096.1	bZIP910	MTGACGT	7.47e-1	1.00e0	9.27e2	111	206	206	206	1	53	25.73	58	28.16
927	data/reference/motifs/JASPAR2026_CORE_plants_non-redundant_pfms_meme.txt	MA1352.1	TRP1	ACCCTAAACCCTAAACCCTAA	1.00e0	1.00e0	9.27e2	1	206	206	206	1	0	0.00	1	0.49

# AME (Analysis of Motif Enrichment): Version 5.5.9 compiled on May 27 2026 at 12:40:54
# The format of this file is described at https://meme-suite.org/meme/doc/ame-output-format.html.
# ame --verbose 1 --text --control results/evidence/motifs/inputs/backgrounds/1000/replicate_073.fa --method fisher --scoring totalhits --hit-lo-fraction 0.25 --evalue-report-threshold 1000000 --noseq results/evidence/motifs/inputs/frozen_candidates_1000bp.fa data/reference/motifs/JASPAR2026_CORE_plants_non-redundant_pfms_meme.txt
