3	data/reference/motifs/JASPAR2026_CORE_plants_non-redundant_pfms_meme.txt	MA2342.1	URI	CACGTG	1.73e-4	6.22e-2	5.77e1	371	206	206	206	14	24	11.65	5	2.43
4	data/reference/motifs/JASPAR2026_CORE_plants_non-redundant_pfms_meme.txt	MA0552.2	PIF1	CACGTG	7.55e-4	1.32e-1	1.22e2	187	206	206	206	1	110	53.40	77	37.38
5	data/reference/motifs/JASPAR2026_CORE_plants_non-redundant_pfms_meme.txt	MA2373.1	AZF2	ASTG	5.13e-4	1.90e-1	1.77e2	412	206	206	206	86	156	75.73	124	60.19
6	data/reference/motifs/JASPAR2026_CORE_plants_non-redundant_pfms_meme.txt	MA1403.1	BPC5	AGAGAGAGAGAGAGAGAGAGAGAGAGAGAG	1.79e-2	1.95e-1	1.81e2	12	206	206	206	1	10	4.85	2	0.97
7	data/reference/motifs/JASPAR2026_CORE_plants_non-redundant_pfms_meme.txt	MA0970.2	CAMTA3	CCGCGT	7.99e-4	2.61e-1	2.42e2	378	206	206	206	8	28	13.59	9	4.37
8	data/reference/motifs/JASPAR2026_CORE_plants_non-redundant_pfms_meme.txt	MA1066.1	TCP23	GGGCCCAC	1.55e-3	2.95e-1	2.74e2	226	206	206	206	2	81	39.32	52	25.24
9	data/reference/motifs/JASPAR2026_CORE_plants_non-redundant_pfms_meme.txt	MA1288.2	TCP22	GTGGGHCCCAC	3.99e-3	3.16e-1	2.93e2	95	206	206	206	2	23	11.17	8	3.88
10	data/reference/motifs/JASPAR2026_CORE_plants_non-redundant_pfms_meme.txt	MA1061.2	SPT	CCACGTG	9.65e-4	3.17e-1	2.94e2	396	206	206	206	11	26	12.62	8	3.88
11	data/reference/motifs/JASPAR2026_CORE_plants_non-redundant_pfms_meme.txt	MA0950.1	ATHB-12	AATGATTG	9.85e-4	3.34e-1	3.09e2	412	206	206	206	14	202	98.06	187	90.78
12	data/reference/motifs/JASPAR2026_CORE_plants_non-redundant_pfms_meme.txt	MA0959.1	AIB	GCACGTGC	2.93e-3	4.13e-1	3.83e2	182	206	206	206	6	17	8.25	4	1.94
13	data/reference/motifs/JASPAR2026_CORE_plants_non-redundant_pfms_meme.txt	MA2475.1	HOX6	TGATTG	1.49e-3	4.58e-1	4.25e2	412	206	206	206	14	205	99.51	194	94.17
14	data/reference/motifs/JASPAR2026_CORE_plants_non-redundant_pfms_meme.txt	MA1283.2	TCP14	ADAGVDBGTGGGDCCCAC	8.74e-2	5.61e-1	5.20e2	9	206	206	206	1	7	3.40	2	0.97
15	data/reference/motifs/JASPAR2026_CORE_plants_non-redundant_pfms_meme.txt	MA2450.1	SPL7A	GTACTACCGCT	3.72e-3	5.69e-1	5.27e2	226	206	206	206	1	127	61.65	99	48.06
16	data/reference/motifs/JASPAR2026_CORE_plants_non-redundant_pfms_meme.txt	MA1412.2	TSAR2	GCACGTGC	5.76e-3	5.83e-1	5.41e2	152	206	206	206	6	12	5.83	2	0.97
17	data/reference/motifs/JASPAR2026_CORE_plants_non-redundant_pfms_meme.txt	MA2661.1	GLYMA-03G081700	CTACGTGGCA	2.51e-3	5.97e-1	5.53e2	362	206	206	206	4	75	36.41	48	23.30
18	data/reference/motifs/JASPAR2026_CORE_plants_non-redundant_pfms_meme.txt	MA1834.2	Zm00001d034298	CCACGCG	2.60e-3	6.36e-1	5.89e2	389	206	206	206	4	133	64.56	104	50.49
19	data/reference/motifs/JASPAR2026_CORE_plants_non-redundant_pfms_meme.txt	MA1787.2	NAC047	ACACGTMWCT	2.89e-3	6.47e-1	6.00e2	361	206	206	206	4	70	33.98	44	21.36
20	data/reference/motifs/JASPAR2026_CORE_plants_non-redundant_pfms_meme.txt	MA2413.1	ZmbZIP96	GASACGTGKCA	5.66e-3	6.57e-1	6.09e2	189	206	206	206	2	55	26.70	33	16.02
21	data/reference/motifs/JASPAR2026_CORE_plants_non-redundant_pfms_meme.txt	MA2626.1	bzip40	GTGACGTGGC	3.42e-3	7.00e-1	6.49e2	352	206	206	206	2	149	72.33	122	59.22
22	data/reference/motifs/JASPAR2026_CORE_plants_non-redundant_pfms_meme.txt	MA1197.2	CAMTA1	AARCGCGTG	1.01e-2	7.16e-1	6.63e2	124	206	206	206	2	28	13.59	13	6.31
23	data/reference/motifs/JASPAR2026_CORE_plants_non-redundant_pfms_meme.txt	MA1693.2	ARF34	CAGACAGC	3.24e-3	7.18e-1	6.66e2	391	206	206	206	8	25	12.14	9	4.37
24	data/reference/motifs/JASPAR2026_CORE_plants_non-redundant_pfms_meme.txt	MA2377.1	cassava45561.m1	GGGSCCCAC	4.28e-3	7.49e-1	6.94e2	323	206	206	206	2	139	67.48	112	54.37
25	data/reference/motifs/JASPAR2026_CORE_plants_non-redundant_pfms_meme.txt	MA1402.1	BPC6	CTCTCTCTCTCTCTCTCTCTC	3.56e-2	8.04e-1	7.45e2	45	206	206	206	7	12	5.83	4	1.94
26	data/reference/motifs/JASPAR2026_CORE_plants_non-redundant_pfms_meme.txt	MA1241.2	ERF043	CCACCGACA	3.05e-2	8.23e-1	7.63e2	56	206	206	206	1	35	16.99	21	10.19
27	data/reference/motifs/JASPAR2026_CORE_plants_non-redundant_pfms_meme.txt	MA2387.1	NAC094	YGCCGTRNHNNHCACG	2.73e-2	8.26e-1	7.65e2	63	206	206	206	1	39	18.93	24	11.65
28	data/reference/motifs/JASPAR2026_CORE_plants_non-redundant_pfms_meme.txt	MA1059.3	SPL5	TGTACGGAH	8.89e-2	8.58e-1	7.96e2	21	206	206	206	1	14	6.80	7	3.40
29	data/reference/motifs/JASPAR2026_CORE_plants_non-redundant_pfms_meme.txt	MA1287.2	TCP21	GTGGGMCCCAC	1.46e-2	8.60e-1	7.98e2	135	206	206	206	2	31	15.05	16	7.77
30	data/reference/motifs/JASPAR2026_CORE_plants_non-redundant_pfms_meme.txt	MA2611.1	ereb209	GCGCCGC	5.00e-1	8.75e-1	8.11e2	3	206	206	206	1	2	0.97	1	0.49
31	data/reference/motifs/JASPAR2026_CORE_plants_non-redundant_pfms_meme.txt	MA2619.1	ereb18	CCGCCGCCGCCCGCC	2.81e-2	8.86e-1	8.21e2	76	206	206	206	1	46	22.33	30	14.56
32	data/reference/motifs/JASPAR2026_CORE_plants_non-redundant_pfms_meme.txt	MA2659.1	GLYMA-08G281200	YTTGACTAATTAGGGTTWAKKGDT	1.14e-1	8.86e-1	8.21e2	18	206	206	206	1	12	5.83	6	2.91
33	data/reference/motifs/JASPAR2026_CORE_plants_non-redundant_pfms_meme.txt	MA1795.2	RAP2-4	CRCCGACC	5.50e-3	8.93e-1	8.28e2	407	206	206	206	9	91	44.17	65	31.55
34	data/reference/motifs/JASPAR2026_CORE_plants_non-redundant_pfms_meme.txt	MA0965.3	BIM2	CACGTG	7.42e-3	8.97e-1	8.32e2	307	206	206	206	10	7	3.40	0	0.00
35	data/reference/motifs/JASPAR2026_CORE_plants_non-redundant_pfms_meme.txt	MA2399.1	LjSGA_053525.1	GGGCCCAC	1.35e-2	9.03e-1	8.37e2	173	206	206	206	2	45	21.84	27	13.11
36	data/reference/motifs/JASPAR2026_CORE_plants_non-redundant_pfms_meme.txt	MA1290.1	TCP17	GTGGTCCCCAC	1.85e-2	9.08e-1	8.42e2	129	206	206	206	3	8	3.88	1	0.49
37	data/reference/motifs/JASPAR2026_CORE_plants_non-redundant_pfms_meme.txt	MA1289.2	TCP3	GGGACCAC	2.24e-2	9.09e-1	8.42e2	107	206	206	206	2	19	9.22	8	3.88
38	data/reference/motifs/JASPAR2026_CORE_plants_non-redundant_pfms_meme.txt	MA1414.2	E2FA	GCGCCA	6.75e-3	9.10e-1	8.43e2	356	206	206	206	3	110	53.40	84	40.78
39	data/reference/motifs/JASPAR2026_CORE_plants_non-redundant_pfms_meme.txt	MA2418.1	IG1	CTGCCGCCA	8.76e-3	9.11e-1	8.44e2	276	206	206	206	5	27	13.11	12	5.83
40	data/reference/motifs/JASPAR2026_CORE_plants_non-redundant_pfms_meme.txt	MA1363.1	LRL2	CGTGNKWBGCACGTG	3.06e-2	9.17e-1	8.50e2	80	206	206	206	1	48	23.30	32	15.53
41	data/reference/motifs/JASPAR2026_CORE_plants_non-redundant_pfms_meme.txt	MA1404.1	BPC1	GAGAGAGAGAGAGAGAGAGAGAGA	5.59e-2	9.25e-1	8.57e2	45	206	206	206	8	11	5.34	4	1.94
42	data/reference/motifs/JASPAR2026_CORE_plants_non-redundant_pfms_meme.txt	MA1804.2	WIN1	CRCCGC	6.61e-3	9.34e-1	8.66e2	411	206	206	206	11	126	61.17	100	48.54
43	data/reference/motifs/JASPAR2026_CORE_plants_non-redundant_pfms_meme.txt	MA1243.2	DREB2E	MACCGACWTW	3.05e-2	9.36e-1	8.68e2	89	206	206	206	3	5	2.43	0	0.00
44	data/reference/motifs/JASPAR2026_CORE_plants_non-redundant_pfms_meme.txt	MA0576.2	RAX3	GGGGGTAGGTGS	6.67e-2	9.37e-1	8.68e2	40	206	206	206	1	25	12.14	15	7.28
45	data/reference/motifs/JASPAR2026_CORE_plants_non-redundant_pfms_meme.txt	MA0939.1	NAC079	ACACGCAA	1.02e-2	9.37e-1	8.68e2	270	206	206	206	4	11	5.34	2	0.97
46	data/reference/motifs/JASPAR2026_CORE_plants_non-redundant_pfms_meme.txt	MA1024.2	HAT1	YAATCATK	6.99e-3	9.39e-1	8.70e2	400	206	206	206	2	187	90.78	169	82.04
47	data/reference/motifs/JASPAR2026_CORE_plants_non-redundant_pfms_meme.txt	MA0963.1	bHLH78	GCACGTGC	1.77e-2	9.44e-1	8.75e2	163	206	206	206	4	33	16.02	18	8.74
48	data/reference/motifs/JASPAR2026_CORE_plants_non-redundant_pfms_meme.txt	MA1809.2	GLYMA-07G038400	CTGACAC	7.08e-3	9.45e-1	8.76e2	411	206	206	206	3	201	97.57	189	91.75
49	data/reference/motifs/JASPAR2026_CORE_plants_non-redundant_pfms_meme.txt	MA1025.2	HBI1	GCACGTG	9.39e-3	9.52e-1	8.83e2	324	206	206	206	5	24	11.65	10	4.85
50	data/reference/motifs/JASPAR2026_CORE_plants_non-redundant_pfms_meme.txt	MA2613.1	ereb34	GCCGCCGCCGCCCS	3.80e-2	9.53e-1	8.83e2	79	206	206	206	2	23	11.17	12	5.83
51	data/reference/motifs/JASPAR2026_CORE_plants_non-redundant_pfms_meme.txt	MA1430.2	TB1	GGSCCCCCC	3.14e-2	9.55e-1	8.85e2	97	206	206	206	1	57	27.67	40	19.42
52	data/reference/motifs/JASPAR2026_CORE_plants_non-redundant_pfms_meme.txt	MA2735.1	SlbHLH014	GMCACGTGBC	1.85e-2	9.62e-1	8.92e2	177	206	206	206	5	8	3.88	1	0.49
53	data/reference/motifs/JASPAR2026_CORE_plants_non-redundant_pfms_meme.txt	MA1098.1	ARALYDRAFT_484486	GGSCCCAC	1.85e-2	9.62e-1	8.92e2	177	206	206	206	4	8	3.88	1	0.49
54	data/reference/motifs/JASPAR2026_CORE_plants_non-redundant_pfms_meme.txt	MA1095.1	ARALYDRAFT_495258	GGSCCCAC	1.85e-2	9.62e-1	8.92e2	177	206	206	206	4	8	3.88	1	0.49
55	data/reference/motifs/JASPAR2026_CORE_plants_non-redundant_pfms_meme.txt	MA1370.2	IDD5	TTTTGTCGTTTWST	1.51e-2	9.64e-1	8.94e2	221	206	206	206	4	6	2.91	0	0.00
56	data/reference/motifs/JASPAR2026_CORE_plants_non-redundant_pfms_meme.txt	MA2434.1	SPL16A	AGCGGTAGTAC	1.42e-2	9.65e-1	8.94e2	235	206	206	206	1	129	62.62	106	51.46
57	data/reference/motifs/JASPAR2026_CORE_plants_non-redundant_pfms_meme.txt	MA2376.1	CAMTA5	CGYGTNDDAWVCGYGT	1.52e-2	9.65e-1	8.94e2	220	206	206	206	3	47	22.82	29	14.08
58	data/reference/motifs/JASPAR2026_CORE_plants_non-redundant_pfms_meme.txt	MA1696.2	ARF39	GGGGRACACGT	1.01e-2	9.66e-1	8.96e2	335	206	206	206	3	78	37.86	55	26.70
59	data/reference/motifs/JASPAR2026_CORE_plants_non-redundant_pfms_meme.txt	MA0586.3	SPL14	TCCGTAC	2.82e-2	9.67e-1	8.96e2	121	206	206	206	2	17	8.25	7	3.40
60	data/reference/motifs/JASPAR2026_CORE_plants_non-redundant_pfms_meme.txt	MA1337.2	BZIP44	WGCTGACGTGGCA	7.52e-2	9.68e-1	8.97e2	44	206	206	206	1	27	13.11	17	8.25
61	data/reference/motifs/JASPAR2026_CORE_plants_non-redundant_pfms_meme.txt	MA1695.2	ARF36	GGGGGACAHGTC	1.54e-2	9.68e-1	8.98e2	224	206	206	206	2	54	26.21	35	16.99
62	data/reference/motifs/JASPAR2026_CORE_plants_non-redundant_pfms_meme.txt	MA1416.1	RAMOSA1	GAGAGAGAGAGAGA	3.10e-2	9.69e-1	8.98e2	112	206	206	206	13	9	4.37	2	0.97
63	data/reference/motifs/JASPAR2026_CORE_plants_non-redundant_pfms_meme.txt	MA2725.1	SlWRKY6	AAAGTCAAC	8.52e-3	9.69e-1	8.99e2	409	206	206	206	8	39	18.93	21	10.19
64	data/reference/motifs/JASPAR2026_CORE_plants_non-redundant_pfms_meme.txt	MA1054.2	ARALYDRAFT_897773	KGGGACCAC	1.23e-2	9.70e-1	9.00e2	287	206	206	206	3	74	35.92	52	25.24
65	data/reference/motifs/JASPAR2026_CORE_plants_non-redundant_pfms_meme.txt	MA2029.2	MYB88	ACGCTCCTC	1.88e-2	9.71e-1	9.00e2	188	206	206	206	1	105	50.97	83	40.29
66	data/reference/motifs/JASPAR2026_CORE_plants_non-redundant_pfms_meme.txt	MA1232.2	ERF054	GDCGGYGG	1.40e-2	9.74e-1	9.03e2	259	206	206	206	4	23	11.17	10	4.85
67	data/reference/motifs/JASPAR2026_CORE_plants_non-redundant_pfms_meme.txt	MA0578.1	SPL8	WWDWHYGTACHHTWWW	1.51e-2	9.75e-1	9.03e2	244	206	206	206	6	6	2.91	0	0.00
68	data/reference/motifs/JASPAR2026_CORE_plants_non-redundant_pfms_meme.txt	MA0936.1	NAC046	ACACGCMA	8.95e-3	9.75e-1	9.04e2	412	206	206	206	19	113	54.85	88	42.72
69	data/reference/motifs/JASPAR2026_CORE_plants_non-redundant_pfms_meme.txt	MA1264.2	ERF095	RYGGCGGCGGHGG	5.25e-2	9.76e-1	9.05e2	69	206	206	206	3	8	3.88	2	0.97
70	data/reference/motifs/JASPAR2026_CORE_plants_non-redundant_pfms_meme.txt	MA2080.1	PK20225.1	CACGTG	9.07e-3	9.76e-1	9.05e2	412	206	206	206	17	57	27.67	36	17.48
71	data/reference/motifs/JASPAR2026_CORE_plants_non-redundant_pfms_meme.txt	MA2391.1	Lg3	TGACRKC	9.45e-3	9.79e-1	9.07e2	407	206	206	206	2	203	98.54	193	93.69
72	data/reference/motifs/JASPAR2026_CORE_plants_non-redundant_pfms_meme.txt	MA2471.1	SPCH	CACGTG	1.12e-2	9.79e-1	9.07e2	342	206	206	206	8	48	23.30	29	14.08
73	data/reference/motifs/JASPAR2026_CORE_plants_non-redundant_pfms_meme.txt	MA2087.1	PK24205.1	CACGTGKC	3.32e-2	9.79e-1	9.07e2	116	206	206	206	2	18	8.74	8	3.88
74	data/reference/motifs/JASPAR2026_CORE_plants_non-redundant_pfms_meme.txt	MA1376.2	DEAR3	CRCCGMC	9.52e-3	9.79e-1	9.07e2	405	206	206	206	5	141	68.45	117	56.80
75	data/reference/motifs/JASPAR2026_CORE_plants_non-redundant_pfms_meme.txt	MA1228.2	ERF091	RYGGCGGCGGHGG	7.03e-2	9.79e-1	9.08e2	53	206	206	206	1	32	15.53	21	10.19
76	data/reference/motifs/JASPAR2026_CORE_plants_non-redundant_pfms_meme.txt	MA2723.1	Solyc06g060230	ACACGTCTCT	1.00e-2	9.79e-1	9.08e2	387	206	206	206	9	9	4.37	1	0.49
77	data/reference/motifs/JASPAR2026_CORE_plants_non-redundant_pfms_meme.txt	MA2666.1	GLYMA-12G117000	GGMGGCGGYGGCGGMGG	5.49e-2	9.81e-1	9.09e2	70	206	206	206	3	18	8.74	9	4.37
78	data/reference/motifs/JASPAR2026_CORE_plants_non-redundant_pfms_meme.txt	MA2046.2	NAC035	CACGGCA	1.00e-2	9.81e-1	9.10e2	397	206	206	206	12	9	4.37	1	0.49
79	data/reference/motifs/JASPAR2026_CORE_plants_non-redundant_pfms_meme.txt	MA2746.1	HB-HD-ZIP-2A-2	WTGCAATCATT	9.90e-3	9.82e-1	9.10e2	405	206	206	206	3	174	84.47	154	74.76
80	data/reference/motifs/JASPAR2026_CORE_plants_non-redundant_pfms_meme.txt	MA2443.1	SPL3D	GCGGTASTACCGC	9.37e-2	9.82e-1	9.11e2	41	206	206	206	1	25	12.14	16	7.77
81	data/reference/motifs/JASPAR2026_CORE_plants_non-redundant_pfms_meme.txt	MA1032.2	DREB1G	TGCCGACA	4.53e-2	9.82e-1	9.11e2	87	206	206	206	1	51	24.76	36	17.48
82	data/reference/motifs/JASPAR2026_CORE_plants_non-redundant_pfms_meme.txt	MA0975.1	CRF2	SCGCCGCC	3.61e-2	9.83e-1	9.11e2	113	206	206	206	2	27	13.11	15	7.28
83	data/reference/motifs/JASPAR2026_CORE_plants_non-redundant_pfms_meme.txt	MA2734.1	Sl-ERF_F_5	CCGCCGCCGCCRCCRCC	6.46e-2	9.84e-1	9.12e2	62	206	206	206	1	37	17.96	25	12.14
84	data/reference/motifs/JASPAR2026_CORE_plants_non-redundant_pfms_meme.txt	MA2343.1	MYB3R3	CGCCGTTA	1.04e-2	9.84e-1	9.12e2	399	206	206	206	4	135	65.53	111	53.88
85	data/reference/motifs/JASPAR2026_CORE_plants_non-redundant_pfms_meme.txt	MA2449.1	SPL6A	GCGGTAGTACC	2.32e-2	9.85e-1	9.13e2	180	206	206	206	3	16	7.77	6	2.91
86	data/reference/motifs/JASPAR2026_CORE_plants_non-redundant_pfms_meme.txt	MA1055.3	SPL1	TGTACGGA	1.18e-2	9.85e-1	9.13e2	355	206	206	206	3	85	41.26	62	30.10
87	data/reference/motifs/JASPAR2026_CORE_plants_non-redundant_pfms_meme.txt	MA1284.2	TCP1	GTGGGCCCCAC	5.30e-2	9.88e-1	9.16e2	82	206	206	206	2	22	10.68	12	5.83
88	data/reference/motifs/JASPAR2026_CORE_plants_non-redundant_pfms_meme.txt	MA2739.1	SlTCP12	GTGGGACCCAC	2.56e-2	9.89e-1	9.17e2	175	206	206	206	2	70	33.98	51	24.76
89	data/reference/motifs/JASPAR2026_CORE_plants_non-redundant_pfms_meme.txt	MA1776.3	MYB67	TACCTAACA	1.14e-2	9.89e-1	9.17e2	393	206	206	206	7	33	16.02	17	8.25
90	data/reference/motifs/JASPAR2026_CORE_plants_non-redundant_pfms_meme.txt	MA0969.2	CAMTA2	VCGCGT	1.13e-2	9.89e-1	9.17e2	397	206	206	206	5	125	60.68	101	49.03
91	data/reference/motifs/JASPAR2026_CORE_plants_non-redundant_pfms_meme.txt	MA0958.1	BHLH13	RCACGTGC	1.86e-2	9.90e-1	9.18e2	247	206	206	206	6	18	8.74	7	3.40
92	data/reference/motifs/JASPAR2026_CORE_plants_non-redundant_pfms_meme.txt	MA2502.1	TMF	CTACAGTA	1.15e-2	9.91e-1	9.18e2	407	206	206	206	5	123	59.71	99	48.06
93	data/reference/motifs/JASPAR2026_CORE_plants_non-redundant_pfms_meme.txt	MA2079.1	PK19717.1	GGGSCCCMC	1.59e-2	9.91e-1	9.18e2	293	206	206	206	3	87	42.23	65	31.55
94	data/reference/motifs/JASPAR2026_CORE_plants_non-redundant_pfms_meme.txt	MA2422.1	OsbZIP42	TGMCACGTCA	1.40e-2	9.91e-1	9.19e2	336	206	206	206	4	40	19.42	23	11.17
95	data/reference/motifs/JASPAR2026_CORE_plants_non-redundant_pfms_meme.txt	MA1206.2	ARF2	SMGACA	1.15e-2	9.91e-1	9.19e2	411	206	206	206	17	16	7.77	5	2.43
96	data/reference/motifs/JASPAR2026_CORE_plants_non-redundant_pfms_meme.txt	MA2085.1	PK23763.1	CTTTW	1.18e-2	9.92e-1	9.20e2	412	206	206	206	37	197	95.63	184	89.32
97	data/reference/motifs/JASPAR2026_CORE_plants_non-redundant_pfms_meme.txt	MA1223.2	ERF035	TGTCGGTGG	1.03e-1	9.92e-1	9.20e2	45	206	206	206	1	27	13.11	18	8.74
98	data/reference/motifs/JASPAR2026_CORE_plants_non-redundant_pfms_meme.txt	MA0960.1	BHLH104	GGCACGTGCC	1.24e-1	9.93e-1	9.21e2	38	206	206	206	4	3	1.46	0	0.00
99	data/reference/motifs/JASPAR2026_CORE_plants_non-redundant_pfms_meme.txt	MA1230.2	ERF037	YCACCGACA	5.74e-2	9.94e-1	9.21e2	86	206	206	206	1	50	24.27	36	17.48
100	data/reference/motifs/JASPAR2026_CORE_plants_non-redundant_pfms_meme.txt	MA2364.1	VIT_15s0048g01150	GGGCCCAC	1.49e-2	9.94e-1	9.21e2	341	206	206	206	2	145	70.39	123	59.71
101	data/reference/motifs/JASPAR2026_CORE_plants_non-redundant_pfms_meme.txt	MA1049.2	ERF094	MGCCGCC	3.61e-2	9.94e-1	9.22e2	144	206	206	206	2	27	13.11	15	7.28
102	data/reference/motifs/JASPAR2026_CORE_plants_non-redundant_pfms_meme.txt	MA2724.1	SlTCP18	GTGGGVCCCAC	3.03e-2	9.95e-1	9.22e2	174	206	206	206	2	79	38.35	60	29.13
103	data/reference/motifs/JASPAR2026_CORE_plants_non-redundant_pfms_meme.txt	MA2644.1	GLYMA-14G030700	AACGACGGCA	2.13e-2	9.95e-1	9.22e2	247	206	206	206	3	47	22.82	30	14.56
104	data/reference/motifs/JASPAR2026_CORE_plants_non-redundant_pfms_meme.txt	MA2718.1	Sl-ERF_A_3	GGYGGCGGCGGCGGCGG	1.90e-1	9.95e-1	9.22e2	25	206	206	206	2	8	3.88	4	1.94
105	data/reference/motifs/JASPAR2026_CORE_plants_non-redundant_pfms_meme.txt	MA1044.2	NAC92	RCAMGCCA	1.29e-2	9.95e-1	9.22e2	411	206	206	206	15	39	18.93	22	10.68
106	data/reference/motifs/JASPAR2026_CORE_plants_non-redundant_pfms_meme.txt	MA2664.1	GLYMA-03G162700	GGYGGYGGCGGCGGMGGCGGYGG	2.25e-1	9.95e-1	9.23e2	21	206	206	206	5	5	2.43	2	0.97
107	data/reference/motifs/JASPAR2026_CORE_plants_non-redundant_pfms_meme.txt	MA1385.2	AT2G40260	AAHATTCTYT	1.33e-2	9.95e-1	9.23e2	402	206	206	206	6	51	24.76	32	15.53
108	data/reference/motifs/JASPAR2026_CORE_plants_non-redundant_pfms_meme.txt	MA1096.1	ARALYDRAFT_496250	GGGACCAC	7.43e-2	9.96e-1	9.23e2	70	206	206	206	1	41	19.90	29	14.08
109	data/reference/motifs/JASPAR2026_CORE_plants_non-redundant_pfms_meme.txt	MA0968.3	BZIP68	TGCCACGTSA	3.42e-2	9.96e-1	9.23e2	159	206	206	206	1	89	43.20	70	33.98
110	data/reference/motifs/JASPAR2026_CORE_plants_non-redundant_pfms_meme.txt	MA1282.2	TCP13	GTGGGGACCAC	7.66e-2	9.97e-1	9.24e2	72	206	206	206	1	42	20.39	30	14.56
111	data/reference/motifs/JASPAR2026_CORE_plants_non-redundant_pfms_meme.txt	MA2052.2	ZAT6	AATGATTG	1.43e-2	9.97e-1	9.24e2	412	206	206	206	16	101	49.03	78	37.86
112	data/reference/motifs/JASPAR2026_CORE_plants_non-redundant_pfms_meme.txt	MA1027.2	KAN1	WTATTC	1.49e-2	9.98e-1	9.25e2	412	206	206	206	67	61	29.61	41	19.90
113	data/reference/motifs/JASPAR2026_CORE_plants_non-redundant_pfms_meme.txt	MA0992.3	ERF4	CCGCCGYCA	3.31e-2	9.98e-1	9.25e2	186	206	206	206	2	50	24.27	34	16.50
114	data/reference/motifs/JASPAR2026_CORE_plants_non-redundant_pfms_meme.txt	MA1019.2	Glyma19g26560.1	GGSCCCAC	1.70e-2	9.98e-1	9.25e2	363	206	206	206	4	92	44.66	70	33.98
115	data/reference/motifs/JASPAR2026_CORE_plants_non-redundant_pfms_meme.txt	MA1008.2	PHYPADRAFT_182268	GTCGGTG	1.01e-1	9.98e-1	9.25e2	58	206	206	206	1	34	16.50	24	11.65
116	data/reference/motifs/JASPAR2026_CORE_plants_non-redundant_pfms_meme.txt	MA2386.1	estExt_gwp_gw1.C_550163	CACCGAC	1.01e-1	9.98e-1	9.25e2	58	206	206	206	1	34	16.50	24	11.65
117	data/reference/motifs/JASPAR2026_CORE_plants_non-redundant_pfms_meme.txt	MA1023.1	PHYPADRAFT_28324	KGTCGGTG	1.01e-1	9.98e-1	9.25e2	58	206	206	206	1	34	16.50	24	11.65
118	data/reference/motifs/JASPAR2026_CORE_plants_non-redundant_pfms_meme.txt	MA2397.1	ILR3	CACGTG	1.51e-2	9.98e-1	9.25e2	412	206	206	206	44	6	2.91	0	0.00
119	data/reference/motifs/JASPAR2026_CORE_plants_non-redundant_pfms_meme.txt	MA2378.1	CRF3	GCCG	1.51e-2	9.98e-1	9.25e2	412	206	206	206	76	6	2.91	0	0.00
120	data/reference/motifs/JASPAR2026_CORE_plants_non-redundant_pfms_meme.txt	MA1821.2	Zm00001d020595	GGCGGCGGCG	5.00e-1	9.98e-1	9.25e2	9	206	206	206	2	1	0.49	0	0.00
121	data/reference/motifs/JASPAR2026_CORE_plants_non-redundant_pfms_meme.txt	MA0587.2	TCP16	GTGGACCC	3.05e-2	9.98e-1	9.25e2	206	206	206	206	1	113	54.85	93	45.15
122	data/reference/motifs/JASPAR2026_CORE_plants_non-redundant_pfms_meme.txt	MA0562.1	PIF5	TCACGTGS	6.76e-2	9.98e-1	9.25e2	91	206	206	206	2	12	5.83	5	2.43
123	data/reference/motifs/JASPAR2026_CORE_plants_non-redundant_pfms_meme.txt	MA2430.1	SPL14B	GCGGTASTACCGC	9.08e-2	9.98e-1	9.25e2	67	206	206	206	1	39	18.93	28	13.59
124	data/reference/motifs/JASPAR2026_CORE_plants_non-redundant_pfms_meme.txt	MA1340.2	BZIP3	TGMTGACGTGGCA	8.10e-2	9.98e-1	9.25e2	76	206	206	206	1	44	21.36	32	15.53
125	data/reference/motifs/JASPAR2026_CORE_plants_non-redundant_pfms_meme.txt	MA1257.2	ERF9	GGCGGHKRYGGCGGCGGMG	1.08e-1	9.98e-1	9.26e2	57	206	206	206	4	5	2.43	1	0.49
126	data/reference/motifs/JASPAR2026_CORE_plants_non-redundant_pfms_meme.txt	MA1000.3	ERF105	RYGGCGGCGG	8.89e-2	9.99e-1	9.26e2	70	206	206	206	2	14	6.80	7	3.40
127	data/reference/motifs/JASPAR2026_CORE_plants_non-redundant_pfms_meme.txt	MA1246.2	LEP	CKCCGCCGYC	4.82e-2	9.99e-1	9.26e2	136	206	206	206	3	21	10.19	11	5.34
128	data/reference/motifs/JASPAR2026_CORE_plants_non-redundant_pfms_meme.txt	MA1788.1	NAC054	CTTGTNNHACACGYHAYCT	1.56e-1	9.99e-1	9.26e2	39	206	206	206	1	23	11.17	16	7.77
129	data/reference/motifs/JASPAR2026_CORE_plants_non-redundant_pfms_meme.txt	MA1687.1	ARF14	CGGGGGACAYGTCGGG	1.56e-1	9.99e-1	9.26e2	39	206	206	206	1	23	11.17	16	7.77
130	data/reference/motifs/JASPAR2026_CORE_plants_non-redundant_pfms_meme.txt	MA2444.1	SPL4A	GCGGTASTACCGC	1.37e-1	9.99e-1	9.26e2	46	206	206	206	1	27	13.11	19	9.22
131	data/reference/motifs/JASPAR2026_CORE_plants_non-redundant_pfms_meme.txt	MA1690.2	ARF25	ARMGGGRGACAM	2.85e-2	9.99e-1	9.26e2	238	206	206	206	3	34	16.50	20	9.71
132	data/reference/motifs/JASPAR2026_CORE_plants_non-redundant_pfms_meme.txt	MA1291.1	TCP7	GTGGGRCCCAC	6.70e-2	9.99e-1	9.26e2	99	206	206	206	2	20	9.71	11	5.34
133	data/reference/motifs/JASPAR2026_CORE_plants_non-redundant_pfms_meme.txt	MA2650.1	GLYMA-05G027400	GTGGGCCCCAC	5.08e-2	9.99e-1	9.26e2	136	206	206	206	2	46	22.33	32	15.53
134	data/reference/motifs/JASPAR2026_CORE_plants_non-redundant_pfms_meme.txt	MA2610.1	ereb97	CGCCGCCGCC	5.00e-1	9.99e-1	9.26e2	10	206	206	206	3	1	0.49	0	0.00
135	data/reference/motifs/JASPAR2026_CORE_plants_non-redundant_pfms_meme.txt	MA1832.2	Zm00001d002364	CGCCGCCGCC	5.00e-1	9.99e-1	9.26e2	10	206	206	206	3	1	0.49	0	0.00
136	data/reference/motifs/JASPAR2026_CORE_plants_non-redundant_pfms_meme.txt	MA1818.1	Zm00001d052229	CGCCGCCGCC	5.00e-1	9.99e-1	9.26e2	10	206	206	206	3	1	0.49	0	0.00
137	data/reference/motifs/JASPAR2026_CORE_plants_non-redundant_pfms_meme.txt	MA2712.1	eil1	TCTAGATACATTGAATCT	7.53e-2	9.99e-1	9.26e2	89	206	206	206	1	51	24.76	38	18.45
138	data/reference/motifs/JASPAR2026_CORE_plants_non-redundant_pfms_meme.txt	MA2721.1	Sl-ERF_C_6	YCGCCGCCGCCRCCRCCGCC	1.69e-1	9.99e-1	9.26e2	38	206	206	206	5	7	3.40	3	1.46
139	data/reference/motifs/JASPAR2026_CORE_plants_non-redundant_pfms_meme.txt	MA2616.1	ereb17	CGCCGCCGCCGCCS	9.59e-2	9.99e-1	9.26e2	71	206	206	206	1	41	19.90	30	14.56
140	data/reference/motifs/JASPAR2026_CORE_plants_non-redundant_pfms_meme.txt	MA1689.2	ARF18	CCGACAAA	1.79e-2	9.99e-1	9.26e2	400	206	206	206	1	204	99.03	196	95.15
141	data/reference/motifs/JASPAR2026_CORE_plants_non-redundant_pfms_meme.txt	MA2441.1	SPL3A	AGCGGTACTACC	3.76e-2	9.99e-1	9.26e2	191	206	206	206	1	105	50.97	86	41.75
142	data/reference/motifs/JASPAR2026_CORE_plants_non-redundant_pfms_meme.txt	MA2455.1	SPL9D	AGCGGTASTACCGC	1.62e-1	9.99e-1	9.26e2	41	206	206	206	1	24	11.65	17	8.25
143	data/reference/motifs/JASPAR2026_CORE_plants_non-redundant_pfms_meme.txt	MA1833.2	Zm00001d049364	CCGCCGCCGCC	5.58e-2	9.99e-1	9.26e2	130	206	206	206	1	73	35.44	57	27.67
144	data/reference/motifs/JASPAR2026_CORE_plants_non-redundant_pfms_meme.txt	MA2743.1	SlWRKY23	AAAGTCAAM	1.83e-2	9.99e-1	9.26e2	399	206	206	206	8	15	7.28	5	2.43
145	data/reference/motifs/JASPAR2026_CORE_plants_non-redundant_pfms_meme.txt	MA0577.4	SPL3	TGTACGGA	2.38e-2	9.99e-1	9.26e2	308	206	206	206	4	23	11.17	11	5.34
146	data/reference/motifs/JASPAR2026_CORE_plants_non-redundant_pfms_meme.txt	MA1360.3	bHLH74	CACGTG	2.99e-2	9.99e-1	9.26e2	246	206	206	206	5	25	12.14	13	6.31
147	data/reference/motifs/JASPAR2026_CORE_plants_non-redundant_pfms_meme.txt	MA2744.1	SlWRKY40	AAAGTCAA	1.79e-2	9.99e-1	9.26e2	411	206	206	206	12	10	4.85	2	0.97
148	data/reference/motifs/JASPAR2026_CORE_plants_non-redundant_pfms_meme.txt	MA2730.1	Solyc01g079480	YSACGTGKCA	2.98e-2	9.99e-1	9.26e2	251	206	206	206	2	65	31.55	47	22.82
149	data/reference/motifs/JASPAR2026_CORE_plants_non-redundant_pfms_meme.txt	MA0931.2	ABI5	GMCACGTG	3.89e-2	9.99e-1	9.26e2	192	206	206	206	2	55	26.70	39	18.93
150	data/reference/motifs/JASPAR2026_CORE_plants_non-redundant_pfms_meme.txt	MA1005.3	ERF082	CCGCCGCCR	3.80e-2	9.99e-1	9.26e2	197	206	206	206	3	23	11.17	12	5.83
151	data/reference/motifs/JASPAR2026_CORE_plants_non-redundant_pfms_meme.txt	MA2733.1	Sl-ERF_F_4	GCMGCMGCCGCCGCCGYCR	1.92e-1	1.00e0	9.27e2	36	206	206	206	1	21	10.19	15	7.28
152	data/reference/motifs/JASPAR2026_CORE_plants_non-redundant_pfms_meme.txt	MA0566.2	MYC2	AACACGTGA	2.07e-2	1.00e0	9.27e2	371	206	206	206	9	22	10.68	10	4.85
153	data/reference/motifs/JASPAR2026_CORE_plants_non-redundant_pfms_meme.txt	MA2355.1	PK06791.1	GTACGG	1.88e-2	1.00e0	9.27e2	410	206	206	206	6	166	80.58	147	71.36
154	data/reference/motifs/JASPAR2026_CORE_plants_non-redundant_pfms_meme.txt	MA0974.3	CDF3	AAAAAGTG	1.87e-2	1.00e0	9.27e2	412	206	206	206	8	104	50.49	82	39.81
155	data/reference/motifs/JASPAR2026_CORE_plants_non-redundant_pfms_meme.txt	MA1410.2	StBRC1	GGGSCCM	2.23e-2	1.00e0	9.27e2	347	206	206	206	3	150	72.82	130	63.11
156	data/reference/motifs/JASPAR2026_CORE_plants_non-redundant_pfms_meme.txt	MA0557.2	FHY3	CACGCGCT	2.82e-2	1.00e0	9.27e2	279	206	206	206	5	17	8.25	7	3.40
157	data/reference/motifs/JASPAR2026_CORE_plants_non-redundant_pfms_meme.txt	MA1382.2	FAR1	YCACGCGCY	1.45e-1	1.00e0	9.27e2	50	206	206	206	1	29	14.08	21	10.19
158	data/reference/motifs/JASPAR2026_CORE_plants_non-redundant_pfms_meme.txt	MA0110.4	ATHB-5	CAATCATT	1.92e-2	1.00e0	9.27e2	412	206	206	206	17	115	55.83	93	45.15
159	data/reference/motifs/JASPAR2026_CORE_plants_non-redundant_pfms_meme.txt	MA2498.1	LSH1	AAACAGTG	1.98e-2	1.00e0	9.27e2	410	206	206	206	6	143	69.42	122	59.22
160	data/reference/motifs/JASPAR2026_CORE_plants_non-redundant_pfms_meme.txt	MA1428.2	TCP8	GGSCCCAC	2.03e-2	1.00e0	9.27e2	405	206	206	206	6	141	68.45	120	58.25
161	data/reference/motifs/JASPAR2026_CORE_plants_non-redundant_pfms_meme.txt	MA0993.2	ERF7	GCCG	2.03e-2	1.00e0	9.27e2	411	206	206	206	12	171	83.01	153	74.27
162	data/reference/motifs/JASPAR2026_CORE_plants_non-redundant_pfms_meme.txt	MA2472.1	AT3G12910	YGSCGTVRWDDHBACGK	1.86e-1	1.00e0	9.27e2	41	206	206	206	2	4	1.94	1	0.49
163	data/reference/motifs/JASPAR2026_CORE_plants_non-redundant_pfms_meme.txt	MA2460.1	MGH6.1	YGSCGTVRWDDHBACGK	1.86e-1	1.00e0	9.27e2	41	206	206	206	2	4	1.94	1	0.49
164	data/reference/motifs/JASPAR2026_CORE_plants_non-redundant_pfms_meme.txt	MA1321.2	SPL13A	TGTACGGA	3.24e-2	1.00e0	9.27e2	263	206	206	206	1	141	68.45	122	59.22
165	data/reference/motifs/JASPAR2026_CORE_plants_non-redundant_pfms_meme.txt	MA1065.3	TCP20	GTGGGWCCCAC	6.09e-2	1.00e0	9.27e2	140	206	206	206	5	6	2.91	1	0.49
166	data/reference/motifs/JASPAR2026_CORE_plants_non-redundant_pfms_meme.txt	MA2021.2	LBD13	TCCACCGT	2.27e-2	1.00e0	9.27e2	379	206	206	206	3	131	63.59	110	53.40
167	data/reference/motifs/JASPAR2026_CORE_plants_non-redundant_pfms_meme.txt	MA1685.2	ARF10	ARNGGGAGACA	2.85e-2	1.00e0	9.27e2	302	206	206	206	4	34	16.50	20	9.71
168	data/reference/motifs/JASPAR2026_CORE_plants_non-redundant_pfms_meme.txt	MA2740.1	SlTCP15	GTGGGACCCA	3.38e-2	1.00e0	9.27e2	256	206	206	206	8	7	3.40	1	0.49
169	data/reference/motifs/JASPAR2026_CORE_plants_non-redundant_pfms_meme.txt	MA2433.1	SPL15D	GCGGTACTAC	3.41e-2	1.00e0	9.27e2	255	206	206	206	4	22	10.68	11	5.34
170	data/reference/motifs/JASPAR2026_CORE_plants_non-redundant_pfms_meme.txt	MA1262.2	ERF2	CCDCCGCCGCCRY	8.60e-2	1.00e0	9.27e2	101	206	206	206	3	10	4.85	4	1.94
171	data/reference/motifs/JASPAR2026_CORE_plants_non-redundant_pfms_meme.txt	MA1738.1	ATMYB31	YAMCTMCCAACHAMH	2.56e-2	1.00e0	9.27e2	340	206	206	206	1	178	86.41	162	78.64
172	data/reference/motifs/JASPAR2026_CORE_plants_non-redundant_pfms_meme.txt	MA2371.1	MYB31	YAMCTMCCAACHAMH	2.56e-2	1.00e0	9.27e2	340	206	206	206	1	178	86.41	162	78.64
173	data/reference/motifs/JASPAR2026_CORE_plants_non-redundant_pfms_meme.txt	MA0954.3	ATHB-7	TCAATGATTGR	2.45e-2	1.00e0	9.27e2	362	206	206	206	1	188	91.26	174	84.47
174	data/reference/motifs/JASPAR2026_CORE_plants_non-redundant_pfms_meme.txt	MA1286.2	TCP24	GGGACCAC	5.93e-2	1.00e0	9.27e2	152	206	206	206	2	35	16.99	23	11.17
175	data/reference/motifs/JASPAR2026_CORE_plants_non-redundant_pfms_meme.txt	MA1835.2	TFLG2-Zm00001d042777	GTACGTAC	3.10e-2	1.00e0	9.27e2	295	206	206	206	9	9	4.37	2	0.97
176	data/reference/motifs/JASPAR2026_CORE_plants_non-redundant_pfms_meme.txt	MA0021.1	Dof3	AAAGYV	2.22e-2	1.00e0	9.27e2	411	206	206	206	2	202	98.06	193	93.69
177	data/reference/motifs/JASPAR2026_CORE_plants_non-redundant_pfms_meme.txt	MA0571.2	ANT	GCACRRWTCCCVAKGY	2.79e-1	1.00e0	9.27e2	28	206	206	206	1	16	7.77	12	5.83
178	data/reference/motifs/JASPAR2026_CORE_plants_non-redundant_pfms_meme.txt	MA1011.2	PHYPADRAFT_72483	CACGTG	2.25e-2	1.00e0	9.27e2	411	206	206	206	28	36	17.48	21	10.19
179	data/reference/motifs/JASPAR2026_CORE_plants_non-redundant_pfms_meme.txt	MA1239.2	ERF104	CCDCCDCCGCCGCCRY	1.37e-1	1.00e0	9.27e2	63	206	206	206	1	36	17.48	27	13.11
180	data/reference/motifs/JASPAR2026_CORE_plants_non-redundant_pfms_meme.txt	MA0964.3	BIM1	TCACGTGA	4.56e-2	1.00e0	9.27e2	204	206	206	206	4	43	20.87	29	14.08
181	data/reference/motifs/JASPAR2026_CORE_plants_non-redundant_pfms_meme.txt	MA1250.2	DREB2D	CCDCCDCCACCGCC	6.70e-2	1.00e0	9.27e2	140	206	206	206	3	20	9.71	11	5.34
182	data/reference/motifs/JASPAR2026_CORE_plants_non-redundant_pfms_meme.txt	MA1016.2	GATA15	GATC	2.36e-2	1.00e0	9.27e2	412	206	206	206	52	147	71.36	127	61.65
183	data/reference/motifs/JASPAR2026_CORE_plants_non-redundant_pfms_meme.txt	MA1007.1	PHYPADRAFT_173530	TGTCGGTG	9.82e-2	1.00e0	9.27e2	94	206	206	206	1	53	25.73	41	19.90
184	data/reference/motifs/JASPAR2026_CORE_plants_non-redundant_pfms_meme.txt	MA2609.1	ereb172	CAGCCGCA	2.78e-2	1.00e0	9.27e2	349	206	206	206	2	134	65.05	114	55.34
185	data/reference/motifs/JASPAR2026_CORE_plants_non-redundant_pfms_meme.txt	MA1056.2	SPL11	CGTACGGA	5.25e-2	1.00e0	9.27e2	186	206	206	206	4	8	3.88	2	0.97
186	data/reference/motifs/JASPAR2026_CORE_plants_non-redundant_pfms_meme.txt	MA2446.1	SPL5A	GCGGTASTACCGC	2.08e-1	1.00e0	9.27e2	42	206	206	206	1	24	11.65	18	8.74
187	data/reference/motifs/JASPAR2026_CORE_plants_non-redundant_pfms_meme.txt	MA1672.2	GBF2	SACGTGGCA	2.57e-2	1.00e0	9.27e2	384	206	206	206	7	38	18.45	23	11.17
188	data/reference/motifs/JASPAR2026_CORE_plants_non-redundant_pfms_meme.txt	MA2057.1	PK01630.1	GCACGTG	2.62e-2	1.00e0	9.27e2	387	206	206	206	11	20	9.71	9	4.37
189	data/reference/motifs/JASPAR2026_CORE_plants_non-redundant_pfms_meme.txt	MA1062.3	TCP15	GTGGGWCCCAC	7.71e-2	1.00e0	9.27e2	133	206	206	206	2	65	31.55	51	24.76
190	data/reference/motifs/JASPAR2026_CORE_plants_non-redundant_pfms_meme.txt	MA0930.3	ABF3	ACGTGTC	2.58e-2	1.00e0	9.27e2	403	206	206	206	7	85	41.26	65	31.55
191	data/reference/motifs/JASPAR2026_CORE_plants_non-redundant_pfms_meme.txt	MA1356.1	TRP2	AACCCTAAACCCTAAACCCTA	7.75e-1	1.00e0	9.27e2	7	206	206	206	1	3	1.46	4	1.94
192	data/reference/motifs/JASPAR2026_CORE_plants_non-redundant_pfms_meme.txt	MA0570.3	ABF1	ACACGTGKCA	3.80e-2	1.00e0	9.27e2	276	206	206	206	4	23	11.17	12	5.83
193	data/reference/motifs/JASPAR2026_CORE_plants_non-redundant_pfms_meme.txt	MA1035.1	TCP4	GGGACCAC	7.10e-2	1.00e0	9.27e2	148	206	206	206	2	26	12.62	16	7.77
194	data/reference/motifs/JASPAR2026_CORE_plants_non-redundant_pfms_meme.txt	MA1392.3	MYB98	WMCGTTAC	3.19e-2	1.00e0	9.27e2	330	206	206	206	1	173	83.98	157	76.21
195	data/reference/motifs/JASPAR2026_CORE_plants_non-redundant_pfms_meme.txt	MA2651.1	GLYMA-20G154400	GGGCCCCAC	4.45e-2	1.00e0	9.27e2	239	206	206	206	5	13	6.31	5	2.43
196	data/reference/motifs/JASPAR2026_CORE_plants_non-redundant_pfms_meme.txt	MA1260.2	ERF013	TGTCGGTGG	8.74e-2	1.00e0	9.27e2	123	206	206	206	3	7	3.40	2	0.97
197	data/reference/motifs/JASPAR2026_CORE_plants_non-redundant_pfms_meme.txt	MA2372.1	AZF1	WCACTVWCW	2.64e-2	1.00e0	9.27e2	410	206	206	206	8	87	42.23	67	32.52
198	data/reference/motifs/JASPAR2026_CORE_plants_non-redundant_pfms_meme.txt	MA2648.1	GLYMA-19G146000	AAGGTACAC	2.81e-2	1.00e0	9.27e2	389	206	206	206	4	93	45.15	73	35.44
199	data/reference/motifs/JASPAR2026_CORE_plants_non-redundant_pfms_meme.txt	MA2392.1	GRMZM2G135447	TGACRKS	2.73e-2	1.00e0	9.27e2	406	206	206	206	10	39	18.93	24	11.65
200	data/reference/motifs/JASPAR2026_CORE_plants_non-redundant_pfms_meme.txt	MA2416.1	EREB29	GCCGCCGCCC	7.96e-2	1.00e0	9.27e2	140	206	206	206	2	35	16.99	24	11.65
201	data/reference/motifs/JASPAR2026_CORE_plants_non-redundant_pfms_meme.txt	MA1817.2	Zm00001d020267	CGCCGCCGCC	7.35e-2	1.00e0	9.27e2	152	206	206	206	3	33	16.02	22	10.68
202	data/reference/motifs/JASPAR2026_CORE_plants_non-redundant_pfms_meme.txt	MA1063.2	TCP19	GGSCCCAC	2.88e-2	1.00e0	9.27e2	390	206	206	206	4	130	63.11	110	53.40
203	data/reference/motifs/JASPAR2026_CORE_plants_non-redundant_pfms_meme.txt	MA2347.1	OS04G0486400	TAACC	2.76e-2	1.00e0	9.27e2	412	206	206	206	48	135	65.53	115	55.83
204	data/reference/motifs/JASPAR2026_CORE_plants_non-redundant_pfms_meme.txt	MA2410.1	ZmbZIP54	TGACGTCA	3.28e-2	1.00e0	9.27e2	349	206	206	206	6	85	41.26	66	32.04
205	data/reference/motifs/JASPAR2026_CORE_plants_non-redundant_pfms_meme.txt	MA2614.1	ereb198	SCGCCGCCGCCR	1.64e-1	1.00e0	9.27e2	64	206	206	206	2	17	8.25	11	5.34
206	data/reference/motifs/JASPAR2026_CORE_plants_non-redundant_pfms_meme.txt	MA1754.2	ERF073	CKCCGCCGCCR	1.85e-1	1.00e0	9.27e2	56	206	206	206	2	13	6.31	8	3.88
207	data/reference/motifs/JASPAR2026_CORE_plants_non-redundant_pfms_meme.txt	MA2105.1	GLYMA-13G317000	ACACGT	3.42e-2	1.00e0	9.27e2	336	206	206	206	3	89	43.20	70	33.98
208	data/reference/motifs/JASPAR2026_CORE_plants_non-redundant_pfms_meme.txt	MA1051.1	RAP2-3	GCGCCGCC	4.49e-2	1.00e0	9.27e2	257	206	206	206	2	96	46.60	78	37.86
209	data/reference/motifs/JASPAR2026_CORE_plants_non-redundant_pfms_meme.txt	MA1068.3	TGA2	ATGACGTCAY	1.08e-1	1.00e0	9.27e2	108	206	206	206	4	5	2.43	1	0.49
210	data/reference/motifs/JASPAR2026_CORE_plants_non-redundant_pfms_meme.txt	MA2445.1	SPL4D	GGTACTACCGCT	5.74e-2	1.00e0	9.27e2	203	206	206	206	1	110	53.40	93	45.15
211	data/reference/motifs/JASPAR2026_CORE_plants_non-redundant_pfms_meme.txt	MA1378.2	AIL6	TCCTCGA	2.88e-2	1.00e0	9.27e2	408	206	206	206	9	76	36.89	57	27.67
212	data/reference/motifs/JASPAR2026_CORE_plants_non-redundant_pfms_meme.txt	MA2615.1	ereb109	CGCCGCC	5.00e-1	1.00e0	9.27e2	17	206	206	206	2	1	0.49	0	0.00
213	data/reference/motifs/JASPAR2026_CORE_plants_non-redundant_pfms_meme.txt	MA1736.2	AT5G04390	TCACT	2.88e-2	1.00e0	9.27e2	412	206	206	206	9	96	46.60	76	36.89
214	data/reference/motifs/JASPAR2026_CORE_plants_non-redundant_pfms_meme.txt	MA2448.1	SPL5D	AGCGGTASTACCGC	2.96e-1	1.00e0	9.27e2	34	206	206	206	1	19	9.22	15	7.28
215	data/reference/motifs/JASPAR2026_CORE_plants_non-redundant_pfms_meme.txt	MA1160.2	IDD6	TTTTTGTCGTTTTSTK	5.49e-2	1.00e0	9.27e2	219	206	206	206	3	18	8.74	9	4.37
216	data/reference/motifs/JASPAR2026_CORE_plants_non-redundant_pfms_meme.txt	MA2716.1	dreb3	CCACCGACCA	4.22e-2	1.00e0	9.27e2	285	206	206	206	4	29	14.08	17	8.25
217	data/reference/motifs/JASPAR2026_CORE_plants_non-redundant_pfms_meme.txt	MA1330.2	ZHD6	AAWHRTAATTAA	2.98e-2	1.00e0	9.27e2	408	206	206	206	9	78	37.86	59	28.64
218	data/reference/motifs/JASPAR2026_CORE_plants_non-redundant_pfms_meme.txt	MA1691.2	ARF27	GCAGACAT	3.05e-2	1.00e0	9.27e2	400	206	206	206	13	5	2.43	0	0.00
219	data/reference/motifs/JASPAR2026_CORE_plants_non-redundant_pfms_meme.txt	MA1175.2	MYB81	TAACHGWWT	2.99e-2	1.00e0	9.27e2	411	206	206	206	4	193	93.69	181	87.86
220	data/reference/motifs/JASPAR2026_CORE_plants_non-redundant_pfms_meme.txt	MA1231.3	ERF15	MGCCGCCD	6.09e-2	1.00e0	9.27e2	203	206	206	206	5	6	2.91	1	0.49
221	data/reference/motifs/JASPAR2026_CORE_plants_non-redundant_pfms_meme.txt	MA2658.1	GLYMA-19G094100	ATTGACTTW	3.05e-2	1.00e0	9.27e2	406	206	206	206	11	5	2.43	0	0.00
222	data/reference/motifs/JASPAR2026_CORE_plants_non-redundant_pfms_meme.txt	MA2428.1	SPL13B	GCGGTASTACCGC	3.50e-1	1.00e0	9.27e2	29	206	206	206	1	16	7.77	13	6.31
223	data/reference/motifs/JASPAR2026_CORE_plants_non-redundant_pfms_meme.txt	MA1810.2	GLYMA-08G357600	ATGCATGCA	3.44e-2	1.00e0	9.27e2	364	206	206	206	9	37	17.96	23	11.17
224	data/reference/motifs/JASPAR2026_CORE_plants_non-redundant_pfms_meme.txt	MA0563.2	SEP3	CYWTTTTTGG	3.05e-2	1.00e0	9.27e2	412	206	206	206	21	5	2.43	0	0.00
225	data/reference/motifs/JASPAR2026_CORE_plants_non-redundant_pfms_meme.txt	MA0997.2	ERF069	GCCG	3.05e-2	1.00e0	9.27e2	412	206	206	206	69	5	2.43	0	0.00
226	data/reference/motifs/JASPAR2026_CORE_plants_non-redundant_pfms_meme.txt	MA2617.1	ereb54	GCGGCGGCGGC	2.23e-1	1.00e0	9.27e2	50	206	206	206	2	10	4.85	6	2.91
227	data/reference/motifs/JASPAR2026_CORE_plants_non-redundant_pfms_meme.txt	MA2092.1	PK27149.1	TGACGTGK	4.52e-2	1.00e0	9.27e2	280	206	206	206	4	30	14.56	18	8.74
228	data/reference/motifs/JASPAR2026_CORE_plants_non-redundant_pfms_meme.txt	MA2667.1	GLYMA-13G236500	ACGACGGCGGAG	7.87e-2	1.00e0	9.27e2	161	206	206	206	1	88	42.72	73	35.44
229	data/reference/motifs/JASPAR2026_CORE_plants_non-redundant_pfms_meme.txt	MA1816.2	O11	CACGTG	5.25e-2	1.00e0	9.27e2	242	206	206	206	8	8	3.88	2	0.97
230	data/reference/motifs/JASPAR2026_CORE_plants_non-redundant_pfms_meme.txt	MA1251.2	RAP2-9	CACCGACAW	1.38e-1	1.00e0	9.27e2	86	206	206	206	1	48	23.30	38	18.45
231	data/reference/motifs/JASPAR2026_CORE_plants_non-redundant_pfms_meme.txt	MA0551.2	HY5	TGMCACGTGKCA	1.69e-1	1.00e0	9.27e2	71	206	206	206	4	7	3.40	3	1.46
232	data/reference/motifs/JASPAR2026_CORE_plants_non-redundant_pfms_meme.txt	MA1259.2	ERF023	TGTCGGTGR	1.24e-1	1.00e0	9.27e2	99	206	206	206	1	55	26.70	44	21.36
233	data/reference/motifs/JASPAR2026_CORE_plants_non-redundant_pfms_meme.txt	MA1320.2	SPL15	TGTACGGA	1.30e-1	1.00e0	9.27e2	95	206	206	206	2	9	4.37	4	1.94
234	data/reference/motifs/JASPAR2026_CORE_plants_non-redundant_pfms_meme.txt	MA1089.2	WRKY57	RGTCAA	3.21e-2	1.00e0	9.27e2	412	206	206	206	35	42	20.39	27	13.11
235	data/reference/motifs/JASPAR2026_CORE_plants_non-redundant_pfms_meme.txt	MA2400.1	LjTCP20	GGGACCAY	6.92e-2	1.00e0	9.27e2	192	206	206	206	1	104	50.49	88	42.72
236	data/reference/motifs/JASPAR2026_CORE_plants_non-redundant_pfms_meme.txt	MA2435.1	SPL16D	GCGGTASTACCGC	1.56e-1	1.00e0	9.27e2	79	206	206	206	2	16	7.77	10	4.85
237	data/reference/motifs/JASPAR2026_CORE_plants_non-redundant_pfms_meme.txt	MA1053.1	ERF109	GCGCCGCC	7.35e-2	1.00e0	9.27e2	182	206	206	206	3	33	16.02	22	10.68
238	data/reference/motifs/JASPAR2026_CORE_plants_non-redundant_pfms_meme.txt	MA1218.2	DREB1D	ATGTCGGY	1.29e-1	1.00e0	9.27e2	105	206	206	206	1	58	28.16	47	22.82
239	data/reference/motifs/JASPAR2026_CORE_plants_non-redundant_pfms_meme.txt	MA2478.1	PK13314.1	GGGCCCAC	3.63e-2	1.00e0	9.27e2	375	206	206	206	4	128	62.14	109	52.91
240	data/reference/motifs/JASPAR2026_CORE_plants_non-redundant_pfms_meme.txt	MA2406.1	PK03576.1	CACGTGC	2.72e-1	1.00e0	9.27e2	43	206	206	206	2	15	7.28	11	5.34
241	data/reference/motifs/JASPAR2026_CORE_plants_non-redundant_pfms_meme.txt	MA2425.1	SPL11A	SCGGTACTACCG	9.43e-2	1.00e0	9.27e2	145	206	206	206	2	32	15.53	22	10.68
242	data/reference/motifs/JASPAR2026_CORE_plants_non-redundant_pfms_meme.txt	MA1225.1	ERF5	CCDCCGCCGCCGCCR	1.69e-1	1.00e0	9.27e2	74	206	206	206	4	7	3.40	3	1.46
243	data/reference/motifs/JASPAR2026_CORE_plants_non-redundant_pfms_meme.txt	MA2649.1	GLYMA-08G271900	TGCACATG	3.38e-2	1.00e0	9.27e2	405	206	206	206	14	7	3.40	1	0.49
244	data/reference/motifs/JASPAR2026_CORE_plants_non-redundant_pfms_meme.txt	MA2607.1	tcptf23	GGGACCAC	4.08e-2	1.00e0	9.27e2	337	206	206	206	2	140	67.96	122	59.22
245	data/reference/motifs/JASPAR2026_CORE_plants_non-redundant_pfms_meme.txt	MA1058.2	SPL4	GTACG	3.38e-2	1.00e0	9.27e2	412	206	206	206	56	7	3.40	1	0.49
246	data/reference/motifs/JASPAR2026_CORE_plants_non-redundant_pfms_meme.txt	MA2090.1	PK26523.1	ATTCY	3.38e-2	1.00e0	9.27e2	412	206	206	206	25	205	99.51	199	96.60
247	data/reference/motifs/JASPAR2026_CORE_plants_non-redundant_pfms_meme.txt	MA0588.2	TGA1	SVTGACGT	3.79e-2	1.00e0	9.27e2	369	206	206	206	4	78	37.86	60	29.13
248	data/reference/motifs/JASPAR2026_CORE_plants_non-redundant_pfms_meme.txt	MA1411.2	TSAR1	GCACGTGC	8.60e-2	1.00e0	9.27e2	163	206	206	206	6	10	4.85	4	1.94
249	data/reference/motifs/JASPAR2026_CORE_plants_non-redundant_pfms_meme.txt	MA2421.1	SBP8	ARGTACAA	3.54e-2	1.00e0	9.27e2	396	206	206	206	9	15	7.28	6	2.91
250	data/reference/motifs/JASPAR2026_CORE_plants_non-redundant_pfms_meme.txt	MA1745.2	BZIP63	TSACGTGG	4.69e-2	1.00e0	9.27e2	300	206	206	206	2	110	53.40	92	44.66
251	data/reference/motifs/JASPAR2026_CORE_plants_non-redundant_pfms_meme.txt	MA0589.2	WRKY1	TTGACCGAGY	6.96e-2	1.00e0	9.27e2	202	206	206	206	1	109	52.91	93	45.15
252	data/reference/motifs/JASPAR2026_CORE_plants_non-redundant_pfms_meme.txt	MA2384.1	estExt_Genewise1.C_2060077	SACGTGK	6.16e-2	1.00e0	9.27e2	230	206	206	206	8	4	1.94	0	0.00
253	data/reference/motifs/JASPAR2026_CORE_plants_non-redundant_pfms_meme.txt	MA2068.1	PK10344.1	GGGACCAC	1.61e-1	1.00e0	9.27e2	81	206	206	206	1	45	21.84	36	17.48
254	data/reference/motifs/JASPAR2026_CORE_plants_non-redundant_pfms_meme.txt	MA0941.2	ABF2	ACACGTG	3.56e-2	1.00e0	9.27e2	402	206	206	206	14	12	5.83	4	1.94
255	data/reference/motifs/JASPAR2026_CORE_plants_non-redundant_pfms_meme.txt	MA2361.1	PRUPE_ppa000682mg	GTACGG	3.48e-2	1.00e0	9.27e2	412	206	206	206	18	134	65.05	115	55.83
256	data/reference/motifs/JASPAR2026_CORE_plants_non-redundant_pfms_meme.txt	MA2440.1	SPL2B	GCGGTASTACCGC	2.06e-1	1.00e0	9.27e2	63	206	206	206	1	35	16.99	28	13.59
257	data/reference/motifs/JASPAR2026_CORE_plants_non-redundant_pfms_meme.txt	MA0123.1	abi4	CGSYGCCCCC	5.77e-2	1.00e0	9.27e2	252	206	206	206	5	23	11.17	13	6.31
258	data/reference/motifs/JASPAR2026_CORE_plants_non-redundant_pfms_meme.txt	MA0565.3	FUS3	ACATGCA	6.23e-2	1.00e0	9.27e2	234	206	206	206	3	24	11.65	14	6.80
259	data/reference/motifs/JASPAR2026_CORE_plants_non-redundant_pfms_meme.txt	MA0955.2	POPTR_0002s00440g	GTACGG	3.54e-2	1.00e0	9.27e2	412	206	206	206	13	93	45.15	74	35.92
260	data/reference/motifs/JASPAR2026_CORE_plants_non-redundant_pfms_meme.txt	MA1345.2	BZIP48	GCCACGTCAGCA	2.68e-1	1.00e0	9.27e2	47	206	206	206	1	26	12.62	21	10.19
261	data/reference/motifs/JASPAR2026_CORE_plants_non-redundant_pfms_meme.txt	MA0564.2	ABI3	GCATGC	3.83e-2	1.00e0	9.27e2	383	206	206	206	12	33	16.02	20	9.71
262	data/reference/motifs/JASPAR2026_CORE_plants_non-redundant_pfms_meme.txt	MA2442.1	SPL3B	AGCGGTASTACCGC	3.09e-1	1.00e0	9.27e2	40	206	206	206	1	22	10.68	18	8.74
263	data/reference/motifs/JASPAR2026_CORE_plants_non-redundant_pfms_meme.txt	MA1760.1	HSFA6A	GAAGNTTCTAGAA	3.09e-1	1.00e0	9.27e2	40	206	206	206	1	22	10.68	18	8.74
264	data/reference/motifs/JASPAR2026_CORE_plants_non-redundant_pfms_meme.txt	MA1820.2	Zm00001d024324	CGCCGCCGC	9.38e-2	1.00e0	9.27e2	158	206	206	206	1	86	41.75	72	34.95
265	data/reference/motifs/JASPAR2026_CORE_plants_non-redundant_pfms_meme.txt	MA1021.2	PHYPADRAFT_48267	CACGTGC	6.04e-2	1.00e0	9.27e2	246	206	206	206	3	52	25.24	38	18.45
266	data/reference/motifs/JASPAR2026_CORE_plants_non-redundant_pfms_meme.txt	MA1018.2	GATA9	AGATCT	4.67e-2	1.00e0	9.27e2	323	206	206	206	1	169	82.04	154	74.76
267	data/reference/motifs/JASPAR2026_CORE_plants_non-redundant_pfms_meme.txt	MA2067.1	PK09702.1	GCACGTGR	2.96e-1	1.00e0	9.27e2	43	206	206	206	2	19	9.22	15	7.28
268	data/reference/motifs/JASPAR2026_CORE_plants_non-redundant_pfms_meme.txt	MA1746.1	BZIP69	TGMCAGCTGTM	2.51e-1	1.00e0	9.27e2	53	206	206	206	2	6	2.91	3	1.46
269	data/reference/motifs/JASPAR2026_CORE_plants_non-redundant_pfms_meme.txt	MA2358.1	PK22320.1	GTACGG	3.80e-2	1.00e0	9.27e2	406	206	206	206	12	23	11.17	12	5.83
270	data/reference/motifs/JASPAR2026_CORE_plants_non-redundant_pfms_meme.txt	MA1344.2	BZIP28	TSACGTGGCA	1.01e-1	1.00e0	9.27e2	153	206	206	206	2	34	16.50	24	11.65
271	data/reference/motifs/JASPAR2026_CORE_plants_non-redundant_pfms_meme.txt	MA1034.1	Os05g0497200	CGSCGCCR	2.49e-1	1.00e0	9.27e2	54	206	206	206	4	2	0.97	0	0.00
272	data/reference/motifs/JASPAR2026_CORE_plants_non-redundant_pfms_meme.txt	MA1256.2	RAP2-12	DRYGGCGGCGG	1.52e-1	1.00e0	9.27e2	102	206	206	206	1	56	27.18	46	22.33
273	data/reference/motifs/JASPAR2026_CORE_plants_non-redundant_pfms_meme.txt	MA1750.1	E2FE	TTTTTGGCGGGAAAA	8.58e-1	1.00e0	9.27e2	8	206	206	206	1	3	1.46	5	2.43
274	data/reference/motifs/JASPAR2026_CORE_plants_non-redundant_pfms_meme.txt	MA1732.1	E2FD	TTTTTGGCGGGAAAA	8.58e-1	1.00e0	9.27e2	8	206	206	206	1	3	1.46	5	2.43
275	data/reference/motifs/JASPAR2026_CORE_plants_non-redundant_pfms_meme.txt	MA2473.1	HB88	TTGATTG	3.80e-2	1.00e0	9.27e2	412	206	206	206	19	111	53.88	92	44.66
276	data/reference/motifs/JASPAR2026_CORE_plants_non-redundant_pfms_meme.txt	MA2736.1	la3	AACACGTG	4.57e-2	1.00e0	9.27e2	347	206	206	206	7	25	12.14	14	6.80
277	data/reference/motifs/JASPAR2026_CORE_plants_non-redundant_pfms_meme.txt	MA1688.2	ARF16	CAAGACAAGA	3.92e-2	1.00e0	9.27e2	411	206	206	206	13	28	13.59	16	7.77
278	data/reference/motifs/JASPAR2026_CORE_plants_non-redundant_pfms_meme.txt	MA2737.1	SlERF36	CMGCCGCCAC	5.99e-2	1.00e0	9.27e2	270	206	206	206	1	143	69.42	127	61.65
279	data/reference/motifs/JASPAR2026_CORE_plants_non-redundant_pfms_meme.txt	MA0573.2	ATHB-9	GTAATGATTRCDYBS	5.95e-1	1.00e0	9.27e2	18	206	206	206	1	9	4.37	9	4.37
280	data/reference/motifs/JASPAR2026_CORE_plants_non-redundant_pfms_meme.txt	MA2088.1	PK24580.1	GCCGGCA	2.49e-1	1.00e0	9.27e2	57	206	206	206	5	2	0.97	0	0.00
281	data/reference/motifs/JASPAR2026_CORE_plants_non-redundant_pfms_meme.txt	MA1744.2	BZIP30	GMCAGCTGK	4.12e-2	1.00e0	9.27e2	398	206	206	206	6	85	41.26	67	32.52
282	data/reference/motifs/JASPAR2026_CORE_plants_non-redundant_pfms_meme.txt	MA1258.2	DREB2A	AWGKCGGTG	1.08e-1	1.00e0	9.27e2	153	206	206	206	4	5	2.43	1	0.49
283	data/reference/motifs/JASPAR2026_CORE_plants_non-redundant_pfms_meme.txt	MA1226.2	DREB2G	GGHGGAGGCGGTGG	1.14e-1	1.00e0	9.27e2	145	206	206	206	3	12	5.83	6	2.91
284	data/reference/motifs/JASPAR2026_CORE_plants_non-redundant_pfms_meme.txt	MA2424.1	OsbZIP77	TGCCACGTCABC	1.69e-1	1.00e0	9.27e2	89	206	206	206	1	49	23.79	40	19.42
285	data/reference/motifs/JASPAR2026_CORE_plants_non-redundant_pfms_meme.txt	MA0957.1	BHLH3	GCACGTGC	5.59e-2	1.00e0	9.27e2	300	206	206	206	10	11	5.34	4	1.94
286	data/reference/motifs/JASPAR2026_CORE_plants_non-redundant_pfms_meme.txt	MA0574.1	MYB15	CRACGGTAGGTGG	3.65e-1	1.00e0	9.27e2	37	206	206	206	1	20	9.71	17	8.25
287	data/reference/motifs/JASPAR2026_CORE_plants_non-redundant_pfms_meme.txt	MA2390.1	GLYMA19G26560	GGSCCCAC	4.67e-2	1.00e0	9.27e2	361	206	206	206	3	117	56.80	99	48.06
288	data/reference/motifs/JASPAR2026_CORE_plants_non-redundant_pfms_meme.txt	MA0568.2	MYC3	CACGTG	4.36e-2	1.00e0	9.27e2	387	206	206	206	16	10	4.85	3	1.46
289	data/reference/motifs/JASPAR2026_CORE_plants_non-redundant_pfms_meme.txt	MA1405.2	SIZF2	ACTGACAGT	5.09e-2	1.00e0	9.27e2	332	206	206	206	4	84	40.78	67	32.52
290	data/reference/motifs/JASPAR2026_CORE_plants_non-redundant_pfms_meme.txt	MA2367.1	WIP5	ACCTGGAGAAMAW	4.24e-2	1.00e0	9.27e2	399	206	206	206	3	153	74.27	136	66.02
291	data/reference/motifs/JASPAR2026_CORE_plants_non-redundant_pfms_meme.txt	MA1252.2	ERF086	CCKCCGCCGY	1.71e-1	1.00e0	9.27e2	91	206	206	206	1	50	24.27	41	19.90
292	data/reference/motifs/JASPAR2026_CORE_plants_non-redundant_pfms_meme.txt	MA2408.1	BAD1	CCGGGCCCCSVC	1.86e-1	1.00e0	9.27e2	84	206	206	206	7	4	1.94	1	0.49
293	data/reference/motifs/JASPAR2026_CORE_plants_non-redundant_pfms_meme.txt	MA2351.1	OsEIL3	AGRTACAT	4.36e-2	1.00e0	9.27e2	399	206	206	206	1	203	98.54	196	95.15
294	data/reference/motifs/JASPAR2026_CORE_plants_non-redundant_pfms_meme.txt	MA1752.2	ERF025	YGCCGACA	1.12e-1	1.00e0	9.27e2	157	206	206	206	1	85	41.26	72	34.95
295	data/reference/motifs/JASPAR2026_CORE_plants_non-redundant_pfms_meme.txt	MA1240.2	ERF077	CCGCCGCCRY	1.37e-1	1.00e0	9.27e2	129	206	206	206	3	14	6.80	8	3.88
296	data/reference/motifs/JASPAR2026_CORE_plants_non-redundant_pfms_meme.txt	MA2429.1	SPL13D	AGCGGTASTACCGCT	8.31e-1	1.00e0	9.27e2	10	206	206	206	1	4	1.94	6	2.91
297	data/reference/motifs/JASPAR2026_CORE_plants_non-redundant_pfms_meme.txt	MA1819.2	Zm00001d005892	CGCCGCCG	9.07e-2	1.00e0	9.27e2	198	206	206	206	4	31	15.05	21	10.19
298	data/reference/motifs/JASPAR2026_CORE_plants_non-redundant_pfms_meme.txt	MA0560.2	PIF3	CCACGTG	9.99e-2	1.00e0	9.27e2	180	206	206	206	2	54	26.21	42	20.39
299	data/reference/motifs/JASPAR2026_CORE_plants_non-redundant_pfms_meme.txt	MA2393.1	PHYPA_008731	CACGTGC	9.99e-2	1.00e0	9.27e2	180	206	206	206	2	54	26.21	42	20.39
300	data/reference/motifs/JASPAR2026_CORE_plants_non-redundant_pfms_meme.txt	MA2476.1	KNAT7	TGACRKCT	6.11e-2	1.00e0	9.27e2	295	206	206	206	4	19	9.22	10	4.85
301	data/reference/motifs/JASPAR2026_CORE_plants_non-redundant_pfms_meme.txt	MA2662.1	GLYMA-13G153200	GCCACGTCA	5.31e-2	1.00e0	9.27e2	340	206	206	206	5	27	13.11	16	7.77
302	data/reference/motifs/JASPAR2026_CORE_plants_non-redundant_pfms_meme.txt	MA1285.2	TCP9	GTGGGTCCCAC	2.19e-1	1.00e0	9.27e2	73	206	206	206	1	40	19.42	33	16.02
303	data/reference/motifs/JASPAR2026_CORE_plants_non-redundant_pfms_meme.txt	MA2438.1	SPL1D	GCRGTASTACCGCT	2.81e-1	1.00e0	9.27e2	55	206	206	206	1	30	14.56	25	12.14
304	data/reference/motifs/JASPAR2026_CORE_plants_non-redundant_pfms_meme.txt	MA1794.2	NLP7	TGVCYYTT	4.45e-2	1.00e0	9.27e2	411	206	206	206	3	201	97.57	193	93.69
305	data/reference/motifs/JASPAR2026_CORE_plants_non-redundant_pfms_meme.txt	MA2669.1	GLYMA-04G231400	CAATAATTGATT	5.10e-2	1.00e0	9.27e2	360	206	206	206	1	186	90.29	174	84.47
306	data/reference/motifs/JASPAR2026_CORE_plants_non-redundant_pfms_meme.txt	MA1338.3	DPBF3	TGMCACGTGTC	1.28e-1	1.00e0	9.27e2	144	206	206	206	1	78	37.86	66	32.04
307	data/reference/motifs/JASPAR2026_CORE_plants_non-redundant_pfms_meme.txt	MA1031.2	OJ1581_H09.2	GGGCCC	5.38e-2	1.00e0	9.27e2	343	206	206	206	4	132	64.08	115	55.83
308	data/reference/motifs/JASPAR2026_CORE_plants_non-redundant_pfms_meme.txt	MA2403.1	DVH24_040989	TTAACC	4.52e-2	1.00e0	9.27e2	412	206	206	206	28	149	72.33	132	64.08
309	data/reference/motifs/JASPAR2026_CORE_plants_non-redundant_pfms_meme.txt	MA2382.1	e_gw1.209.40.1	CACGTG	4.71e-2	1.00e0	9.27e2	397	206	206	206	6	146	70.87	129	62.62
310	data/reference/motifs/JASPAR2026_CORE_plants_non-redundant_pfms_meme.txt	MA1222.1	ERF014	CCDCCDCCACCGMCA	1.81e-1	1.00e0	9.27e2	103	206	206	206	1	56	27.18	47	22.82
311	data/reference/motifs/JASPAR2026_CORE_plants_non-redundant_pfms_meme.txt	MA1415.2	REF6	RAAACAGAG	5.74e-2	1.00e0	9.27e2	326	206	206	206	1	170	82.52	156	75.73
312	data/reference/motifs/JASPAR2026_CORE_plants_non-redundant_pfms_meme.txt	MA1341.2	BZIP53	TGCTGACGTGGCA	3.23e-1	1.00e0	9.27e2	48	206	206	206	1	26	12.62	22	10.68
313	data/reference/motifs/JASPAR2026_CORE_plants_non-redundant_pfms_meme.txt	MA1755.2	GATA4	GATC	4.54e-2	1.00e0	9.27e2	412	206	206	206	44	183	88.83	170	82.52
314	data/reference/motifs/JASPAR2026_CORE_plants_non-redundant_pfms_meme.txt	MA1017.2	GATA8	GATCY	4.54e-2	1.00e0	9.27e2	412	206	206	206	25	183	88.83	170	82.52
315	data/reference/motifs/JASPAR2026_CORE_plants_non-redundant_pfms_meme.txt	MA0569.2	MYC4	CACGTGC	6.37e-2	1.00e0	9.27e2	294	206	206	206	5	30	14.56	19	9.22
316	data/reference/motifs/JASPAR2026_CORE_plants_non-redundant_pfms_meme.txt	MA2034.2	NAC057	CAAGTAA	4.57e-2	1.00e0	9.27e2	412	206	206	206	15	25	12.14	14	6.80
317	data/reference/motifs/JASPAR2026_CORE_plants_non-redundant_pfms_meme.txt	MA2427.1	SPL12B	AGCGGTASTACCGC	3.71e-1	1.00e0	9.27e2	41	206	206	206	1	22	10.68	19	9.22
318	data/reference/motifs/JASPAR2026_CORE_plants_non-redundant_pfms_meme.txt	MA0988.2	PHYPADRAFT_143875	CACGTG	4.94e-2	1.00e0	9.27e2	390	206	206	206	14	26	12.62	15	7.28
319	data/reference/motifs/JASPAR2026_CORE_plants_non-redundant_pfms_meme.txt	MA0935.1	NAC025	YACGTAAY	8.11e-2	1.00e0	9.27e2	239	206	206	206	1	127	61.65	112	54.37
320	data/reference/motifs/JASPAR2026_CORE_plants_non-redundant_pfms_meme.txt	MA1332.2	BEH2	CACACGTGCR	5.00e-1	1.00e0	9.27e2	28	206	206	206	2	5	2.43	4	1.94
321	data/reference/motifs/JASPAR2026_CORE_plants_non-redundant_pfms_meme.txt	MA0582.2	RAV1	GCAACA	4.82e-2	1.00e0	9.27e2	408	206	206	206	9	79	38.35	62	30.10
322	data/reference/motifs/JASPAR2026_CORE_plants_non-redundant_pfms_meme.txt	MA2749.1	TraesCS2D02G576500	GAAGCAAC	5.01e-2	1.00e0	9.27e2	399	206	206	206	3	156	75.73	140	67.96
323	data/reference/motifs/JASPAR2026_CORE_plants_non-redundant_pfms_meme.txt	MA0976.3	CRF4	CCGCCGCCRC	1.16e-1	1.00e0	9.27e2	172	206	206	206	3	23	11.17	15	7.28
324	data/reference/motifs/JASPAR2026_CORE_plants_non-redundant_pfms_meme.txt	MA2439.1	SPL2A	GCGGTASTACCGC	5.00e-1	1.00e0	9.27e2	29	206	206	206	1	15	7.28	14	6.80
325	data/reference/motifs/JASPAR2026_CORE_plants_non-redundant_pfms_meme.txt	MA1808.3	GLYMA-06G314400	GACACGTGGC	6.61e-2	1.00e0	9.27e2	305	206	206	206	4	56	27.18	42	20.39
326	data/reference/motifs/JASPAR2026_CORE_plants_non-redundant_pfms_meme.txt	MA2415.1	EREB138	CMGCCGCCAT	8.57e-2	1.00e0	9.27e2	240	206	206	206	2	74	35.92	60	29.13
327	data/reference/motifs/JASPAR2026_CORE_plants_non-redundant_pfms_meme.txt	MA0942.2	ARF1	ACCGACA	6.98e-2	1.00e0	9.27e2	297	206	206	206	5	16	7.77	8	3.88
328	data/reference/motifs/JASPAR2026_CORE_plants_non-redundant_pfms_meme.txt	MA1389.2	PHL1	AARGAATATTCB	8.37e-2	1.00e0	9.27e2	248	206	206	206	3	23	11.17	14	6.80
329	data/reference/motifs/JASPAR2026_CORE_plants_non-redundant_pfms_meme.txt	MA1242.1	DREB2F	CCDCCACCGCC	1.87e-1	1.00e0	9.27e2	111	206	206	206	1	60	29.13	51	24.76
330	data/reference/motifs/JASPAR2026_CORE_plants_non-redundant_pfms_meme.txt	MA0567.1	ERF1B	MGCCGCCA	8.74e-2	1.00e0	9.27e2	238	206	206	206	6	7	3.40	2	0.97
331	data/reference/motifs/JASPAR2026_CORE_plants_non-redundant_pfms_meme.txt	MA2722.1	Sl-ERF_F_2	CGGCGGCKGCGGCGR	3.75e-1	1.00e0	9.27e2	45	206	206	206	3	6	2.91	4	1.94
332	data/reference/motifs/JASPAR2026_CORE_plants_non-redundant_pfms_meme.txt	MA2426.1	SPL11B	AGCGGTASTACCGCT	7.13e-1	1.00e0	9.27e2	17	206	206	206	2	6	2.91	7	3.40
333	data/reference/motifs/JASPAR2026_CORE_plants_non-redundant_pfms_meme.txt	MA1057.2	SPL12	GTACGG	5.19e-2	1.00e0	9.27e2	410	206	206	206	13	56	27.18	41	19.90
334	data/reference/motifs/JASPAR2026_CORE_plants_non-redundant_pfms_meme.txt	MA2417.1	EREB71	CACCGVCYMC	1.08e-1	1.00e0	9.27e2	198	206	206	206	7	5	2.43	1	0.49
335	data/reference/motifs/JASPAR2026_CORE_plants_non-redundant_pfms_meme.txt	MA0561.1	PIF4	CACGTGSC	1.97e-1	1.00e0	9.27e2	109	206	206	206	2	22	10.68	16	7.77
336	data/reference/motifs/JASPAR2026_CORE_plants_non-redundant_pfms_meme.txt	MA1361.2	bHLH18	CRCGTKWWHCACGTG	1.86e-1	1.00e0	9.27e2	116	206	206	206	4	4	1.94	1	0.49
337	data/reference/motifs/JASPAR2026_CORE_plants_non-redundant_pfms_meme.txt	MA1417.2	O2	TGCCACGTCATC	1.69e-1	1.00e0	9.27e2	128	206	206	206	1	69	33.50	59	28.64
338	data/reference/motifs/JASPAR2026_CORE_plants_non-redundant_pfms_meme.txt	MA2673.1	GLYMA-15G086400	WTCTAGAAMCTTCTAGAR	2.06e-1	1.00e0	9.27e2	94	206	206	206	1	51	24.76	43	20.87
339	data/reference/motifs/JASPAR2026_CORE_plants_non-redundant_pfms_meme.txt	MA1365.3	AT5G47660	GGTAAAA	5.32e-2	1.00e0	9.27e2	407	206	206	206	10	14	6.80	6	2.91
340	data/reference/motifs/JASPAR2026_CORE_plants_non-redundant_pfms_meme.txt	MA1830.2	Zm00001d015407	AAGGAATATTCTTTTT	6.76e-2	1.00e0	9.27e2	321	206	206	206	6	12	5.83	5	2.43
341	data/reference/motifs/JASPAR2026_CORE_plants_non-redundant_pfms_meme.txt	MA2017.2	JUB1	ACGGCGA	7.01e-2	1.00e0	9.27e2	310	206	206	206	4	48	23.30	35	16.99
342	data/reference/motifs/JASPAR2026_CORE_plants_non-redundant_pfms_meme.txt	MA1381.2	AT3G46070	TCACTCT	5.38e-2	1.00e0	9.27e2	405	206	206	206	3	185	89.81	173	83.98
343	data/reference/motifs/JASPAR2026_CORE_plants_non-redundant_pfms_meme.txt	MA0128.1	EmBP-1	ASACGTGG	7.13e-2	1.00e0	9.27e2	306	206	206	206	1	160	77.67	146	70.87
344	data/reference/motifs/JASPAR2026_CORE_plants_non-redundant_pfms_meme.txt	MA2431.1	SPL15A	AGCGGTASTACCGC	2.56e-1	1.00e0	9.27e2	74	206	206	206	2	13	6.31	9	4.37
345	data/reference/motifs/JASPAR2026_CORE_plants_non-redundant_pfms_meme.txt	MA2014.2	BAM8	CACACGTGY	1.08e-1	1.00e0	9.27e2	204	206	206	206	4	16	7.77	9	4.37
346	data/reference/motifs/JASPAR2026_CORE_plants_non-redundant_pfms_meme.txt	MA0982.2	DOF2.4	AAAG	5.32e-2	1.00e0	9.27e2	412	206	206	206	79	200	97.09	192	93.20
347	data/reference/motifs/JASPAR2026_CORE_plants_non-redundant_pfms_meme.txt	MA2451.1	SPL7B	AGCGGTASTACCGCT	7.92e-1	1.00e0	9.27e2	14	206	206	206	1	6	2.91	8	3.88
348	data/reference/motifs/JASPAR2026_CORE_plants_non-redundant_pfms_meme.txt	MA1409.2	OsRR22	AGATACGST	5.73e-2	1.00e0	9.27e2	386	206	206	206	3	115	55.83	98	47.57
349	data/reference/motifs/JASPAR2026_CORE_plants_non-redundant_pfms_meme.txt	MA1748.2	DREB1F	GCCGAC	6.16e-2	1.00e0	9.27e2	360	206	206	206	15	4	1.94	0	0.00
350	data/reference/motifs/JASPAR2026_CORE_plants_non-redundant_pfms_meme.txt	MA2477.1	NGA4	TTCAGGTR	5.59e-2	1.00e0	9.27e2	397	206	206	206	1	202	98.06	195	94.66
351	data/reference/motifs/JASPAR2026_CORE_plants_non-redundant_pfms_meme.txt	MA1768.2	MYB30	CCAACYACCAMC	5.74e-2	1.00e0	9.27e2	388	206	206	206	4	110	53.40	93	45.15
352	data/reference/motifs/JASPAR2026_CORE_plants_non-redundant_pfms_meme.txt	MA1070.3	TGA7	ATGACGTCAB	1.27e-1	1.00e0	9.27e2	176	206	206	206	3	25	12.14	17	8.25
353	data/reference/motifs/JASPAR2026_CORE_plants_non-redundant_pfms_meme.txt	MA1799.2	SPL10	GTACGR	5.63e-2	1.00e0	9.27e2	398	206	206	206	5	123	59.71	106	51.46
354	data/reference/motifs/JASPAR2026_CORE_plants_non-redundant_pfms_meme.txt	MA1245.3	ERF112	CCGCCGCCR	1.07e-1	1.00e0	9.27e2	210	206	206	206	3	28	13.59	19	9.22
355	data/reference/motifs/JASPAR2026_CORE_plants_non-redundant_pfms_meme.txt	MA2081.1	PK20317.1	CKTTW	5.49e-2	1.00e0	9.27e2	412	206	206	206	75	18	8.74	9	4.37
356	data/reference/motifs/JASPAR2026_CORE_plants_non-redundant_pfms_meme.txt	MA1831.2	Zm00001d031796	GACGGCGACG	9.85e-2	1.00e0	9.27e2	230	206	206	206	6	15	7.28	8	3.88
357	data/reference/motifs/JASPAR2026_CORE_plants_non-redundant_pfms_meme.txt	MA1786.2	NAC019	YACGBMA	5.59e-2	1.00e0	9.27e2	412	206	206	206	23	11	5.34	4	1.94
358	data/reference/motifs/JASPAR2026_CORE_plants_non-redundant_pfms_meme.txt	MA2070.1	PK15337.1	CTTT	5.59e-2	1.00e0	9.27e2	412	206	206	206	180	11	5.34	4	1.94
359	data/reference/motifs/JASPAR2026_CORE_plants_non-redundant_pfms_meme.txt	MA1028.1	KAN4	GAATATTC	6.92e-2	1.00e0	9.27e2	333	206	206	206	4	118	57.28	102	49.51
360	data/reference/motifs/JASPAR2026_CORE_plants_non-redundant_pfms_meme.txt	MA2618.1	ereb102	CGACGGCGA	9.77e-2	1.00e0	9.27e2	236	206	206	206	1	125	60.68	111	53.88
361	data/reference/motifs/JASPAR2026_CORE_plants_non-redundant_pfms_meme.txt	MA2407.1	PK24978.1	CACGTGT	5.61e-2	1.00e0	9.27e2	412	206	206	206	17	99	48.06	82	39.81
362	data/reference/motifs/JASPAR2026_CORE_plants_non-redundant_pfms_meme.txt	MA1328.1	ZHD9	WTWAWHNVYTAATYA	5.74e-2	1.00e0	9.27e2	403	206	206	206	6	112	54.37	95	46.12
363	data/reference/motifs/JASPAR2026_CORE_plants_non-redundant_pfms_meme.txt	MA1333.2	BEH3	YGCACGTGTG	3.34e-1	1.00e0	9.27e2	57	206	206	206	2	13	6.31	10	4.85
364	data/reference/motifs/JASPAR2026_CORE_plants_non-redundant_pfms_meme.txt	MA2348.1	IDD6	TTTTTGTCGTTTTSTK	1.08e-1	1.00e0	9.27e2	216	206	206	206	3	16	7.77	9	4.37
365	data/reference/motifs/JASPAR2026_CORE_plants_non-redundant_pfms_meme.txt	MA2738.1	Cnr	TCCGTACAAA	5.88e-2	1.00e0	9.27e2	397	206	206	206	5	62	30.10	47	22.82
366	data/reference/motifs/JASPAR2026_CORE_plants_non-redundant_pfms_meme.txt	MA2499.1	LSH2	TACTGTTCA	5.77e-2	1.00e0	9.27e2	405	206	206	206	10	23	11.17	13	6.31
367	data/reference/motifs/JASPAR2026_CORE_plants_non-redundant_pfms_meme.txt	MA2078.1	PK19363.1	CGCCGCCR	8.38e-2	1.00e0	9.27e2	279	206	206	206	2	108	52.43	93	45.15
368	data/reference/motifs/JASPAR2026_CORE_plants_non-redundant_pfms_meme.txt	MA1659.2	ABF4	CCACGTS	5.74e-2	1.00e0	9.27e2	408	206	206	206	6	111	53.88	94	45.63
369	data/reference/motifs/JASPAR2026_CORE_plants_non-redundant_pfms_meme.txt	MA0580.1	DYT1	MGTGAGWCACGTGA	3.81e-1	1.00e0	9.27e2	49	206	206	206	1	26	12.62	23	11.17
370	data/reference/motifs/JASPAR2026_CORE_plants_non-redundant_pfms_meme.txt	MA2732.1	Sl-ERF_C_4	YCGCCGCCGCCR	1.73e-1	1.00e0	9.27e2	136	206	206	206	1	73	35.44	63	30.58
371	data/reference/motifs/JASPAR2026_CORE_plants_non-redundant_pfms_meme.txt	MA1673.2	LBD18	GCCGGAAA	6.20e-2	1.00e0	9.27e2	382	206	206	206	6	65	31.55	50	24.27
372	data/reference/motifs/JASPAR2026_CORE_plants_non-redundant_pfms_meme.txt	MA2741.1	SlWRKY7	AAAAAGTCAACC	7.89e-2	1.00e0	9.27e2	306	206	206	206	3	43	20.87	31	15.05
373	data/reference/motifs/JASPAR2026_CORE_plants_non-redundant_pfms_meme.txt	MA0998.2	ERF096	GCCGCC	6.17e-2	1.00e0	9.27e2	395	206	206	206	5	140	67.96	124	60.19
374	data/reference/motifs/JASPAR2026_CORE_plants_non-redundant_pfms_meme.txt	MA2423.1	OsbZIP69	GMTGACGTGGCA	2.35e-1	1.00e0	9.27e2	91	206	206	206	2	11	5.34	7	3.40
375	data/reference/motifs/JASPAR2026_CORE_plants_non-redundant_pfms_meme.txt	MA2375.1	BMY2	SRCACGTGTGR	2.99e-1	1.00e0	9.27e2	69	206	206	206	1	37	17.96	32	15.53
376	data/reference/motifs/JASPAR2026_CORE_plants_non-redundant_pfms_meme.txt	MA1751.2	EIL3	AGRTWCAT	6.09e-2	1.00e0	9.27e2	405	206	206	206	1	205	99.51	200	97.09
377	data/reference/motifs/JASPAR2026_CORE_plants_non-redundant_pfms_meme.txt	MA2055.1	PK00315.1	GACAGCTR	6.09e-2	1.00e0	9.27e2	405	206	206	206	1	205	99.51	200	97.09
378	data/reference/motifs/JASPAR2026_CORE_plants_non-redundant_pfms_meme.txt	MA1388.2	PHL2	VGAATMT	6.16e-2	1.00e0	9.27e2	401	206	206	206	12	4	1.94	0	0.00
379	data/reference/motifs/JASPAR2026_CORE_plants_non-redundant_pfms_meme.txt	MA0986.1	DREB2C	CACCGACA	7.75e-2	1.00e0	9.27e2	320	206	206	206	6	17	8.25	9	4.37
380	data/reference/motifs/JASPAR2026_CORE_plants_non-redundant_pfms_meme.txt	MA2461.1	WOX13	TTGATTGA	6.04e-2	1.00e0	9.27e2	411	206	206	206	6	168	81.55	154	74.76
381	data/reference/motifs/JASPAR2026_CORE_plants_non-redundant_pfms_meme.txt	MA1097.1	ARALYDRAFT_493022	GGSMCCAC	1.43e-1	1.00e0	9.27e2	175	206	206	206	2	38	18.45	29	14.08
382	data/reference/motifs/JASPAR2026_CORE_plants_non-redundant_pfms_meme.txt	MA1774.2	MYB60	YCAACYACYT	6.67e-2	1.00e0	9.27e2	376	206	206	206	4	70	33.98	55	26.70
383	data/reference/motifs/JASPAR2026_CORE_plants_non-redundant_pfms_meme.txt	MA1071.2	DOF5.3	AAMG	6.09e-2	1.00e0	9.27e2	412	206	206	206	171	6	2.91	1	0.49
384	data/reference/motifs/JASPAR2026_CORE_plants_non-redundant_pfms_meme.txt	MA2018.2	NAC69	ACAAGGCA	6.17e-2	1.00e0	9.27e2	408	206	206	206	11	15	7.28	7	3.40
385	data/reference/motifs/JASPAR2026_CORE_plants_non-redundant_pfms_meme.txt	MA0129.1	TGA1A	HACGTCA	6.16e-2	1.00e0	9.27e2	411	206	206	206	2	206	100.00	202	98.06
386	data/reference/motifs/JASPAR2026_CORE_plants_non-redundant_pfms_meme.txt	MA2368.1	WRKY51	RGTCAA	6.16e-2	1.00e0	9.27e2	412	206	206	206	62	4	1.94	0	0.00
387	data/reference/motifs/JASPAR2026_CORE_plants_non-redundant_pfms_meme.txt	MA1671.2	ERF118	CCGCCGCC	1.38e-1	1.00e0	9.27e2	184	206	206	206	3	20	9.71	13	6.31
388	data/reference/motifs/JASPAR2026_CORE_plants_non-redundant_pfms_meme.txt	MA1088.2	WRKY48	GTCAA	6.17e-2	1.00e0	9.27e2	412	206	206	206	53	15	7.28	7	3.40
389	data/reference/motifs/JASPAR2026_CORE_plants_non-redundant_pfms_meme.txt	MA2412.1	ZmbZIP72	GATGACATCA	7.00e-2	1.00e0	9.27e2	366	206	206	206	8	9	4.37	3	1.46
390	data/reference/motifs/JASPAR2026_CORE_plants_non-redundant_pfms_meme.txt	MA2436.1	SPL18A	GCGGTASTACCGCT	5.00e-1	1.00e0	9.27e2	37	206	206	206	1	19	9.22	18	8.74
391	data/reference/motifs/JASPAR2026_CORE_plants_non-redundant_pfms_meme.txt	MA1743.2	BZIP2	TGCTGACGTGGCA	3.84e-1	1.00e0	9.27e2	53	206	206	206	1	28	13.59	25	12.14
392	data/reference/motifs/JASPAR2026_CORE_plants_non-redundant_pfms_meme.txt	MA0097.1	bZIP911	GRTGACGTGGMC	7.65e-1	1.00e0	9.27e2	18	206	206	206	1	8	3.88	10	4.85
393	data/reference/motifs/JASPAR2026_CORE_plants_non-redundant_pfms_meme.txt	MA0053.1	MNB1A	AAAGC	6.37e-2	1.00e0	9.27e2	412	206	206	206	17	30	14.56	19	9.22
394	data/reference/motifs/JASPAR2026_CORE_plants_non-redundant_pfms_meme.txt	MA0989.2	PHYPADRAFT_153324	WAAAG	6.45e-2	1.00e0	9.27e2	412	206	206	206	82	174	84.47	161	78.16
395	data/reference/motifs/JASPAR2026_CORE_plants_non-redundant_pfms_meme.txt	MA2383.1	e_gw1.392.16.1	CTTTW	6.45e-2	1.00e0	9.27e2	412	206	206	206	82	174	84.47	161	78.16
396	data/reference/motifs/JASPAR2026_CORE_plants_non-redundant_pfms_meme.txt	MA1784.1	NAC011	GTTGCTTSWNHHDCAAGYAAC	6.14e-1	1.00e0	9.27e2	28	206	206	206	2	6	2.91	6	2.91
397	data/reference/motifs/JASPAR2026_CORE_plants_non-redundant_pfms_meme.txt	MA1087.3	WRKY45	AAAAGTCAAM	6.92e-2	1.00e0	9.27e2	387	206	206	206	4	73	35.44	58	28.16
398	data/reference/motifs/JASPAR2026_CORE_plants_non-redundant_pfms_meme.txt	MA2074.1	PK17878.1	CGCCGCCA	2.25e-1	1.00e0	9.27e2	119	206	206	206	2	28	13.59	22	10.68
399	data/reference/motifs/JASPAR2026_CORE_plants_non-redundant_pfms_meme.txt	MA1244.2	ABR1	DTKGCGGCGGMG	2.24e-1	1.00e0	9.27e2	120	206	206	206	1	64	31.07	56	27.18
400	data/reference/motifs/JASPAR2026_CORE_plants_non-redundant_pfms_meme.txt	MA0590.1	LFY	YATTRACCGSCGGTYAATR	6.60e-1	1.00e0	9.27e2	25	206	206	206	2	12	5.83	13	6.31
401	data/reference/motifs/JASPAR2026_CORE_plants_non-redundant_pfms_meme.txt	MA1791.1	NAC087	TTDCTTGTNNNACACGYWA	4.05e-1	1.00e0	9.27e2	52	206	206	206	2	10	4.85	8	3.88
402	data/reference/motifs/JASPAR2026_CORE_plants_non-redundant_pfms_meme.txt	MA0943.2	ARF5	RCCGACA	7.66e-2	1.00e0	9.27e2	355	206	206	206	1	183	88.83	172	83.50
403	data/reference/motifs/JASPAR2026_CORE_plants_non-redundant_pfms_meme.txt	MA1014.1	GATA11	TAGATCTG	1.96e-1	1.00e0	9.27e2	139	206	206	206	4	14	6.80	9	4.37
404	data/reference/motifs/JASPAR2026_CORE_plants_non-redundant_pfms_meme.txt	MA1384.1	PHL7	AAARGAATATTCY	1.12e-1	1.00e0	9.27e2	244	206	206	206	2	62	30.10	50	24.27
405	data/reference/motifs/JASPAR2026_CORE_plants_non-redundant_pfms_meme.txt	MA2454.1	SPL8D1	ATAGTACATA	6.66e-2	1.00e0	9.27e2	410	206	206	206	7	129	62.62	113	54.85
406	data/reference/motifs/JASPAR2026_CORE_plants_non-redundant_pfms_meme.txt	MA1177.2	MYB65	TAACCGHM	6.67e-2	1.00e0	9.27e2	412	206	206	206	3	191	92.72	181	87.86
407	data/reference/motifs/JASPAR2026_CORE_plants_non-redundant_pfms_meme.txt	MA1173.2	MYB101	TAACCGAAW	6.67e-2	1.00e0	9.27e2	412	206	206	206	5	191	92.72	181	87.86
408	data/reference/motifs/JASPAR2026_CORE_plants_non-redundant_pfms_meme.txt	MA0550.3	BZR1	CRCACGTGYR	3.43e-1	1.00e0	9.27e2	66	206	206	206	3	4	1.94	2	0.97
409	data/reference/motifs/JASPAR2026_CORE_plants_non-redundant_pfms_meme.txt	MA1158.2	MGP	AAAACGACAAAAA	1.39e-1	1.00e0	9.27e2	200	206	206	206	1	106	51.46	94	45.63
410	data/reference/motifs/JASPAR2026_CORE_plants_non-redundant_pfms_meme.txt	MA1196.2	AT5G05790	AWYCTTATCYTNWT	7.03e-2	1.00e0	9.27e2	396	206	206	206	2	185	89.81	174	84.47
411	data/reference/motifs/JASPAR2026_CORE_plants_non-redundant_pfms_meme.txt	MA1067.1	TCP5	GGGACCAC	1.85e-1	1.00e0	9.27e2	151	206	206	206	2	20	9.71	14	6.80
412	data/reference/motifs/JASPAR2026_CORE_plants_non-redundant_pfms_meme.txt	MA1349.2	BZIP16	HSACGTGGCA	3.07e-1	1.00e0	9.27e2	77	206	206	206	1	41	19.90	36	17.48
413	data/reference/motifs/JASPAR2026_CORE_plants_non-redundant_pfms_meme.txt	MA1274.1	DOF3.6	TTTWCTTTTTHHYTTTTTTTT	6.97e-2	1.00e0	9.27e2	405	206	206	206	11	111	53.88	95	46.12
414	data/reference/motifs/JASPAR2026_CORE_plants_non-redundant_pfms_meme.txt	MA2647.1	GLYMA-12G226000	AAGTACAA	6.89e-2	1.00e0	9.27e2	411	206	206	206	8	120	58.25	104	50.49
415	data/reference/motifs/JASPAR2026_CORE_plants_non-redundant_pfms_meme.txt	MA1364.2	BHLH72	GCCACGTGG	1.79e-1	1.00e0	9.27e2	158	206	206	206	2	39	18.93	31	15.05
416	data/reference/motifs/JASPAR2026_CORE_plants_non-redundant_pfms_meme.txt	MA2719.1	lat61	CRCACGTGYG	3.12e-1	1.00e0	9.27e2	76	206	206	206	6	3	1.46	1	0.49
417	data/reference/motifs/JASPAR2026_CORE_plants_non-redundant_pfms_meme.txt	MA0549.2	BZR2	RCACGTGKSV	2.49e-1	1.00e0	9.27e2	114	206	206	206	5	2	0.97	0	0.00
418	data/reference/motifs/JASPAR2026_CORE_plants_non-redundant_pfms_meme.txt	MA2016.2	GRF6	TCTGACA	1.61e-1	1.00e0	9.27e2	177	206	206	206	3	11	5.34	6	2.91
419	data/reference/motifs/JASPAR2026_CORE_plants_non-redundant_pfms_meme.txt	MA1368.3	GT-4	TAACTATGGTTA	1.01e-1	1.00e0	9.27e2	283	206	206	206	1	148	71.84	135	65.53
420	data/reference/motifs/JASPAR2026_CORE_plants_non-redundant_pfms_meme.txt	MA1737.2	AT5G05090	AGATHCG	7.00e-2	1.00e0	9.27e2	409	206	206	206	14	9	4.37	3	1.46
421	data/reference/motifs/JASPAR2026_CORE_plants_non-redundant_pfms_meme.txt	MA2646.1	GLYMA-11G083900	GTACGGA	1.12e-1	1.00e0	9.27e2	258	206	206	206	2	62	30.10	50	24.27
422	data/reference/motifs/JASPAR2026_CORE_plants_non-redundant_pfms_meme.txt	MA0987.2	PHYPADRAFT_140773	AAAG	7.00e-2	1.00e0	9.27e2	412	206	206	206	54	203	98.54	197	95.63
423	data/reference/motifs/JASPAR2026_CORE_plants_non-redundant_pfms_meme.txt	MA0944.2	ARF8	TGTCGG	7.00e-2	1.00e0	9.27e2	412	206	206	206	8	203	98.54	197	95.63
424	data/reference/motifs/JASPAR2026_CORE_plants_non-redundant_pfms_meme.txt	MA2381.1	e_gw1.170.52.1	CTTT	7.00e-2	1.00e0	9.27e2	412	206	206	206	54	203	98.54	197	95.63
425	data/reference/motifs/JASPAR2026_CORE_plants_non-redundant_pfms_meme.txt	MA2082.1	PK20392.1	AATMAT	7.01e-2	1.00e0	9.27e2	412	206	206	206	43	161	78.16	147	71.36
426	data/reference/motifs/JASPAR2026_CORE_plants_non-redundant_pfms_meme.txt	MA1359.3	BPE	CACGTG	1.24e-1	1.00e0	9.27e2	235	206	206	206	10	3	1.46	0	0.00
427	data/reference/motifs/JASPAR2026_CORE_plants_non-redundant_pfms_meme.txt	MA1427.3	NAC028	CAAGTAA	7.10e-2	1.00e0	9.27e2	412	206	206	206	15	26	12.62	16	7.77
428	data/reference/motifs/JASPAR2026_CORE_plants_non-redundant_pfms_meme.txt	MA2483.1	PK20543.1	TTAACC	7.20e-2	1.00e0	9.27e2	412	206	206	206	27	178	86.41	166	80.58
429	data/reference/motifs/JASPAR2026_CORE_plants_non-redundant_pfms_meme.txt	MA1050.1	OsI_08196	GGGCCCAC	1.14e-1	1.00e0	9.27e2	261	206	206	206	3	49	23.79	38	18.45
430	data/reference/motifs/JASPAR2026_CORE_plants_non-redundant_pfms_meme.txt	MA1698.2	ARF7	GCCGACAAG	9.27e-2	1.00e0	9.27e2	320	206	206	206	3	84	40.78	70	33.98
431	data/reference/motifs/JASPAR2026_CORE_plants_non-redundant_pfms_meme.txt	MA1828.2	Zm00001d038683	GTGGTCCA	8.20e-2	1.00e0	9.27e2	363	206	206	206	3	124	60.19	109	52.91
432	data/reference/motifs/JASPAR2026_CORE_plants_non-redundant_pfms_meme.txt	MA1692.2	ARF29	GCCGACAA	8.22e-2	1.00e0	9.27e2	365	206	206	206	2	150	72.82	136	66.02
433	data/reference/motifs/JASPAR2026_CORE_plants_non-redundant_pfms_meme.txt	MA2500.1	LSH3	TTACTGTTCAT	7.52e-2	1.00e0	9.27e2	399	206	206	206	2	189	91.75	179	86.89
434	data/reference/motifs/JASPAR2026_CORE_plants_non-redundant_pfms_meme.txt	MA1822.2	Zm00001d018571	GTACGTAC	9.07e-2	1.00e0	9.27e2	333	206	206	206	8	31	15.05	21	10.19
435	data/reference/motifs/JASPAR2026_CORE_plants_non-redundant_pfms_meme.txt	MA1334.2	BZIP11	TGCCACGTCAGCA	4.41e-1	1.00e0	9.27e2	52	206	206	206	1	27	13.11	25	12.14
436	data/reference/motifs/JASPAR2026_CORE_plants_non-redundant_pfms_meme.txt	MA2006.2	NAC020	GGTTGCKTGTDNMACAAGTAA	5.00e-1	1.00e0	9.27e2	44	206	206	206	4	1	0.49	0	0.00
437	data/reference/motifs/JASPAR2026_CORE_plants_non-redundant_pfms_meme.txt	MA2023.2	PHL4	RGAATATTCC	1.46e-1	1.00e0	9.27e2	209	206	206	206	4	15	7.28	9	4.37
438	data/reference/motifs/JASPAR2026_CORE_plants_non-redundant_pfms_meme.txt	MA1343.2	BZIP52	TGMCAGCT	1.24e-1	1.00e0	9.27e2	247	206	206	206	6	3	1.46	0	0.00
439	data/reference/motifs/JASPAR2026_CORE_plants_non-redundant_pfms_meme.txt	MA2612.1	ereb147	ACGCCGAC	1.05e-1	1.00e0	9.27e2	293	206	206	206	3	75	36.41	62	30.10
440	data/reference/motifs/JASPAR2026_CORE_plants_non-redundant_pfms_meme.txt	MA1069.3	TGA6	ATGAYGTCAT	1.03e-1	1.00e0	9.27e2	298	206	206	206	4	27	13.11	18	8.74
441	data/reference/motifs/JASPAR2026_CORE_plants_non-redundant_pfms_meme.txt	MA1326.2	ZHD5	GTRATTAR	7.53e-2	1.00e0	9.27e2	408	206	206	206	4	168	81.55	155	75.24
442	data/reference/motifs/JASPAR2026_CORE_plants_non-redundant_pfms_meme.txt	MA2437.1	SPL19B	GCGGTASTACCGC	8.39e-1	1.00e0	9.27e2	17	206	206	206	1	7	3.40	10	4.85
443	data/reference/motifs/JASPAR2026_CORE_plants_non-redundant_pfms_meme.txt	MA2076.1	PK18401.1	GCACGTGG	9.82e-2	1.00e0	9.27e2	318	206	206	206	1	165	80.10	153	74.27
444	data/reference/motifs/JASPAR2026_CORE_plants_non-redundant_pfms_meme.txt	MA1204.1	AGL13	TTWCCAAAAAWRGWAAAW	2.32e-1	1.00e0	9.27e2	136	206	206	206	1	72	34.95	64	31.07
445	data/reference/motifs/JASPAR2026_CORE_plants_non-redundant_pfms_meme.txt	MA2622.1	hb34	CAATAATTG	7.67e-2	1.00e0	9.27e2	412	206	206	206	9	137	66.50	122	59.22
446	data/reference/motifs/JASPAR2026_CORE_plants_non-redundant_pfms_meme.txt	MA0966.2	BIM3	CACGTG	7.75e-2	1.00e0	9.27e2	408	206	206	206	24	17	8.25	9	4.37
447	data/reference/motifs/JASPAR2026_CORE_plants_non-redundant_pfms_meme.txt	MA1662.2	AT3G10030	TTAACAGA	7.82e-2	1.00e0	9.27e2	406	206	206	206	4	154	74.76	140	67.96
448	data/reference/motifs/JASPAR2026_CORE_plants_non-redundant_pfms_meme.txt	MA2414.1	EREB127	TGCCGACA	1.42e-1	1.00e0	9.27e2	224	206	206	206	6	6	2.91	2	0.97
449	data/reference/motifs/JASPAR2026_CORE_plants_non-redundant_pfms_meme.txt	MA2396.1	IDD1	TTTTGTCGTTTT	1.37e-1	1.00e0	9.27e2	232	206	206	206	1	122	59.22	110	53.40
450	data/reference/motifs/JASPAR2026_CORE_plants_non-redundant_pfms_meme.txt	MA1350.1	BZIP42	TGCTGACGTGGC	7.36e-1	1.00e0	9.27e2	24	206	206	206	1	11	5.34	13	6.31
451	data/reference/motifs/JASPAR2026_CORE_plants_non-redundant_pfms_meme.txt	MA0956.2	BEE2	CACGTG	7.86e-2	1.00e0	9.27e2	411	206	206	206	32	13	6.31	6	2.91
452	data/reference/motifs/JASPAR2026_CORE_plants_non-redundant_pfms_meme.txt	MA1221.1	RAP2-6	TKGCGGCGGMGGHGG	3.75e-1	1.00e0	9.27e2	69	206	206	206	3	6	2.91	4	1.94
453	data/reference/motifs/JASPAR2026_CORE_plants_non-redundant_pfms_meme.txt	MA2645.1	GLYMA-16G042900	GGTTGCKTSTTCHASAAGYWA	5.00e-1	1.00e0	9.27e2	47	206	206	206	2	3	1.46	2	0.97
454	data/reference/motifs/JASPAR2026_CORE_plants_non-redundant_pfms_meme.txt	MA1740.2	BHLH49	CACGTGC	5.00e-1	1.00e0	9.27e2	47	206	206	206	2	24	11.65	23	11.17
455	data/reference/motifs/JASPAR2026_CORE_plants_non-redundant_pfms_meme.txt	MA1074.2	UNE10	CACGTGM	5.00e-1	1.00e0	9.27e2	47	206	206	206	2	24	11.65	23	11.17
456	data/reference/motifs/JASPAR2026_CORE_plants_non-redundant_pfms_meme.txt	MA2077.1	PK18474.1	CACGTGC	5.00e-1	1.00e0	9.27e2	47	206	206	206	2	24	11.65	23	11.17
457	data/reference/motifs/JASPAR2026_CORE_plants_non-redundant_pfms_meme.txt	MA2071.1	PK15505.1	GCACGTGT	5.00e-1	1.00e0	9.27e2	47	206	206	206	2	24	11.65	23	11.17
458	data/reference/motifs/JASPAR2026_CORE_plants_non-redundant_pfms_meme.txt	MA2064.1	PK07858.1	CACGTGC	5.00e-1	1.00e0	9.27e2	47	206	206	206	2	24	11.65	23	11.17
459	data/reference/motifs/JASPAR2026_CORE_plants_non-redundant_pfms_meme.txt	MA2061.1	PK06517.1	CACGTGC	5.00e-1	1.00e0	9.27e2	47	206	206	206	2	24	11.65	23	11.17
460	data/reference/motifs/JASPAR2026_CORE_plants_non-redundant_pfms_meme.txt	MA2060.1	PK05451.1	CCACGTGM	5.00e-1	1.00e0	9.27e2	47	206	206	206	2	24	11.65	23	11.17
461	data/reference/motifs/JASPAR2026_CORE_plants_non-redundant_pfms_meme.txt	MA1706.2	AT1G14600	WAYATTCT	7.96e-2	1.00e0	9.27e2	412	206	206	206	41	35	16.99	24	11.65
462	data/reference/motifs/JASPAR2026_CORE_plants_non-redundant_pfms_meme.txt	MA2033.2	NAC038	TTDCKTGTDNHACAAGTWA	4.43e-1	1.00e0	9.27e2	56	206	206	206	1	29	14.08	27	13.11
463	data/reference/motifs/JASPAR2026_CORE_plants_non-redundant_pfms_meme.txt	MA0096.1	bZIP910	MTGACGT	3.24e-1	1.00e0	9.27e2	101	206	206	206	1	53	25.73	48	23.30
464	data/reference/motifs/JASPAR2026_CORE_plants_non-redundant_pfms_meme.txt	MA2505.1	bZIP59	TGACAGCTGTCA	1.35e-1	1.00e0	9.27e2	244	206	206	206	2	127	61.65	115	55.83
465	data/reference/motifs/JASPAR2026_CORE_plants_non-redundant_pfms_meme.txt	MA2627.1	bzip9	CACGTCA	8.31e-2	1.00e0	9.27e2	401	206	206	206	5	119	57.77	104	50.49
466	data/reference/motifs/JASPAR2026_CORE_plants_non-redundant_pfms_meme.txt	MA1351.3	GBF3	ACGTGGCA	8.31e-2	1.00e0	9.27e2	401	206	206	206	5	102	49.51	87	42.23
467	data/reference/motifs/JASPAR2026_CORE_plants_non-redundant_pfms_meme.txt	MA0994.3	ERF8	TGRCGGCGGCG	2.34e-1	1.00e0	9.27e2	142	206	206	206	1	75	36.41	67	32.52
468	data/reference/motifs/JASPAR2026_CORE_plants_non-redundant_pfms_meme.txt	MA2022.2	LOB	CCGCCGCCGCMGC	3.28e-1	1.00e0	9.27e2	85	206	206	206	3	12	5.83	9	4.37
469	data/reference/motifs/JASPAR2026_CORE_plants_non-redundant_pfms_meme.txt	MA0008.4	HAT5	CAATAATTG	8.87e-2	1.00e0	9.27e2	379	206	206	206	6	60	29.13	47	22.82
470	data/reference/motifs/JASPAR2026_CORE_plants_non-redundant_pfms_meme.txt	MA1305.2	WRKY55	CGTTGACTT	1.27e-1	1.00e0	9.27e2	264	206	206	206	3	25	12.14	17	8.25
471	data/reference/motifs/JASPAR2026_CORE_plants_non-redundant_pfms_meme.txt	MA2045.2	NAC031	TTRCKTGTWNHACAAGTWA	3.25e-1	1.00e0	9.27e2	103	206	206	206	1	54	26.21	49	23.79
472	data/reference/motifs/JASPAR2026_CORE_plants_non-redundant_pfms_meme.txt	MA1374.2	IDD7	ASAAAACGACAAAA	1.61e-1	1.00e0	9.27e2	210	206	206	206	2	45	21.84	36	17.48
473	data/reference/motifs/JASPAR2026_CORE_plants_non-redundant_pfms_meme.txt	MA2401.1	Os05g0437700	MCACGTGK	2.10e-1	1.00e0	9.27e2	161	206	206	206	2	85	41.26	76	36.89
474	data/reference/motifs/JASPAR2026_CORE_plants_non-redundant_pfms_meme.txt	MA2063.1	PK07402.1	RCCGMC	8.46e-2	1.00e0	9.27e2	397	206	206	206	3	162	78.64	149	72.33
475	data/reference/motifs/JASPAR2026_CORE_plants_non-redundant_pfms_meme.txt	MA1033.1	OJ1058_F05.8	MCACGTGK	2.10e-1	1.00e0	9.27e2	161	206	206	206	2	85	41.26	76	36.89
476	data/reference/motifs/JASPAR2026_CORE_plants_non-redundant_pfms_meme.txt	MA2742.1	SlWRKY11	GTTGACTTTT	1.42e-1	1.00e0	9.27e2	241	206	206	206	4	6	2.91	2	0.97
477	data/reference/motifs/JASPAR2026_CORE_plants_non-redundant_pfms_meme.txt	MA2065.1	PK08602.1	CCACCGCC	7.28e-1	1.00e0	9.27e2	26	206	206	206	1	12	5.83	14	6.80
478	data/reference/motifs/JASPAR2026_CORE_plants_non-redundant_pfms_meme.txt	MA2653.1	GLYMA-03G042700	GTTTGACTTT	8.60e-2	1.00e0	9.27e2	402	206	206	206	9	10	4.85	4	1.94
479	data/reference/motifs/JASPAR2026_CORE_plants_non-redundant_pfms_meme.txt	MA1211.2	ATHB-X	YAATYATTD	8.70e-2	1.00e0	9.27e2	399	206	206	206	2	186	90.29	176	85.44
480	data/reference/motifs/JASPAR2026_CORE_plants_non-redundant_pfms_meme.txt	MA1739.2	BHLH122	CMACTTG	1.30e-1	1.00e0	9.27e2	269	206	206	206	5	9	4.37	4	1.94
481	data/reference/motifs/JASPAR2026_CORE_plants_non-redundant_pfms_meme.txt	MA1424.2	ERF019	CCACCGACA	2.94e-1	1.00e0	9.27e2	120	206	206	206	1	63	30.58	57	27.67
482	data/reference/motifs/JASPAR2026_CORE_plants_non-redundant_pfms_meme.txt	MA1001.4	ERF076	CCGCCGCCRC	1.85e-1	1.00e0	9.27e2	189	206	206	206	2	41	19.90	33	16.02
483	data/reference/motifs/JASPAR2026_CORE_plants_non-redundant_pfms_meme.txt	MA2103.1	AT4G09450	TTATCY	8.37e-2	1.00e0	9.27e2	412	206	206	206	19	192	93.20	183	88.83
484	data/reference/motifs/JASPAR2026_CORE_plants_non-redundant_pfms_meme.txt	MA1009.1	ARF3	TGTCGGAA	1.05e-1	1.00e0	9.27e2	338	206	206	206	5	21	10.19	13	6.31
485	data/reference/motifs/JASPAR2026_CORE_plants_non-redundant_pfms_meme.txt	MA1811.3	GLYMA-13G317000	GGACACSTGTCA	2.33e-1	1.00e0	9.27e2	235	206	206	206	2	74	35.92	66	32.04
486	data/reference/motifs/JASPAR2026_CORE_plants_non-redundant_pfms_meme.txt	MA2672.1	GLYMA-01G233000	AGAASCTTCT	2.18e-1	1.00e0	9.27e2	330	206	206	206	4	59	28.64	51	24.76
487	data/reference/motifs/JASPAR2026_CORE_plants_non-redundant_pfms_meme.txt	MA2671.1	GLYMA-19G100900	AGCATGCT	1.86e-1	1.00e0	9.27e2	297	206	206	206	12	4	1.94	1	0.49
488	data/reference/motifs/JASPAR2026_CORE_plants_non-redundant_pfms_meme.txt	MA2670.1	GLYMA-15G168800	CAATGATTG	2.49e-1	1.00e0	9.27e2	341	206	206	206	10	2	0.97	0	0.00
489	data/reference/motifs/JASPAR2026_CORE_plants_non-redundant_pfms_meme.txt	MA2668.1	GLYMA-20G155100	RCCGACAT	5.00e-1	1.00e0	9.27e2	261	206	206	206	1	131	63.59	130	63.11
490	data/reference/motifs/JASPAR2026_CORE_plants_non-redundant_pfms_meme.txt	MA2665.1	GLYMA-11G053600	CACCGACAC	2.14e-1	1.00e0	9.27e2	330	206	206	206	2	118	57.28	109	52.91
491	data/reference/motifs/JASPAR2026_CORE_plants_non-redundant_pfms_meme.txt	MA2663.1	GLYMA-02G261700	TCACCGACATA	2.87e-1	1.00e0	9.27e2	265	206	206	206	5	8	3.88	5	2.43
492	data/reference/motifs/JASPAR2026_CORE_plants_non-redundant_pfms_meme.txt	MA2660.1	GLYMA-12G168700	WWWTGTAATTACAWWW	3.38e-1	1.00e0	9.27e2	362	206	206	206	3	139	67.48	134	65.05
493	data/reference/motifs/JASPAR2026_CORE_plants_non-redundant_pfms_meme.txt	MA2657.1	GLYMA-14G028900	AAAAGTCAAA	3.46e-1	1.00e0	9.27e2	403	206	206	206	7	15	7.28	12	5.83
494	data/reference/motifs/JASPAR2026_CORE_plants_non-redundant_pfms_meme.txt	MA2656.1	GLYMA-14G006800	TGGTCAACCA	6.38e-1	1.00e0	9.27e2	394	206	206	206	9	4	1.94	4	1.94
495	data/reference/motifs/JASPAR2026_CORE_plants_non-redundant_pfms_meme.txt	MA2655.1	GLYMA-08G218600	AAAAGTCAA	1.01e-1	1.00e0	9.27e2	412	206	206	206	12	11	5.34	5	2.43
496	data/reference/motifs/JASPAR2026_CORE_plants_non-redundant_pfms_meme.txt	MA2654.1	GLYMA-05G127600	GGTCAAC	1.90e-1	1.00e0	9.27e2	409	206	206	206	2	202	98.06	198	96.12
497	data/reference/motifs/JASPAR2026_CORE_plants_non-redundant_pfms_meme.txt	MA2652.1	GLYMA-01G053800	AGTTGAC	1.86e-1	1.00e0	9.27e2	399	206	206	206	11	4	1.94	1	0.49
498	data/reference/motifs/JASPAR2026_CORE_plants_non-redundant_pfms_meme.txt	MA2643.1	SNAC23	YACGGAACT	1.69e-1	1.00e0	9.27e2	377	206	206	206	8	7	3.40	3	1.46
499	data/reference/motifs/JASPAR2026_CORE_plants_non-redundant_pfms_meme.txt	MA2642.1	GLYMA-10G230700	AAGATATTTWTW	5.00e-1	1.00e0	9.27e2	365	206	206	206	7	15	7.28	14	6.80
500	data/reference/motifs/JASPAR2026_CORE_plants_non-redundant_pfms_meme.txt	MA2641.1	GLYMA-01G038600	CCTTATCCA	5.00e-1	1.00e0	9.27e2	400	206	206	206	3	158	76.70	157	76.21
501	data/reference/motifs/JASPAR2026_CORE_plants_non-redundant_pfms_meme.txt	MA2640.1	GLYMA-19G062000	GTAACAGTTAC	5.00e-1	1.00e0	9.27e2	341	206	206	206	1	171	83.01	170	82.52
502	data/reference/motifs/JASPAR2026_CORE_plants_non-redundant_pfms_meme.txt	MA2480.1	GLYMA-04G093300	CTAATC	1.87e-1	1.00e0	9.27e2	372	206	206	206	3	112	54.37	102	49.51
503	data/reference/motifs/JASPAR2026_CORE_plants_non-redundant_pfms_meme.txt	MA2745.1	SlWRKY81	AAGTCAAC	2.69e-1	1.00e0	9.27e2	402	206	206	206	6	78	37.86	71	34.47
504	data/reference/motifs/JASPAR2026_CORE_plants_non-redundant_pfms_meme.txt	MA2731.1	sep3	WTTTCCAAAAAGGGAAAAAAW	6.57e-1	1.00e0	9.27e2	60	206	206	206	2	3	1.46	3	1.46
505	data/reference/motifs/JASPAR2026_CORE_plants_non-redundant_pfms_meme.txt	MA2729.1	vahox1	AAATAATTG	2.22e-1	1.00e0	9.27e2	405	206	206	206	13	41	19.90	34	16.50
506	data/reference/motifs/JASPAR2026_CORE_plants_non-redundant_pfms_meme.txt	MA2728.1	SolycHsfC1	RGAAGTTTCTAG	4.44e-1	1.00e0	9.27e2	266	206	206	206	3	30	14.56	28	13.59
507	data/reference/motifs/JASPAR2026_CORE_plants_non-redundant_pfms_meme.txt	MA2727.1	SolycHsfA7	TTCYAGAA	2.49e-1	1.00e0	9.27e2	392	206	206	206	13	2	0.97	0	0.00
508	data/reference/motifs/JASPAR2026_CORE_plants_non-redundant_pfms_meme.txt	MA2726.1	SlWRKY41	GTTGACTT	2.29e-1	1.00e0	9.27e2	393	206	206	206	6	44	21.36	37	17.96
509	data/reference/motifs/JASPAR2026_CORE_plants_non-redundant_pfms_meme.txt	MA2720.1	nacnor	ACACGTAACT	2.33e-1	1.00e0	9.27e2	370	206	206	206	5	46	22.33	39	18.93
510	data/reference/motifs/JASPAR2026_CORE_plants_non-redundant_pfms_meme.txt	MA2717.1	eil2	AGATTCR	2.26e-1	1.00e0	9.27e2	412	206	206	206	14	43	20.87	36	17.48
511	data/reference/motifs/JASPAR2026_CORE_plants_non-redundant_pfms_meme.txt	MA2715.1	Solyc03g124110	RTCTATGTCGGYWAA	5.00e-1	1.00e0	9.27e2	72	206	206	206	3	1	0.49	0	0.00
512	data/reference/motifs/JASPAR2026_CORE_plants_non-redundant_pfms_meme.txt	MA2714.1	APETALA2a	ATTACCTCGTACYA	4.53e-1	1.00e0	9.27e2	92	206	206	206	1	47	22.82	45	21.84
513	data/reference/motifs/JASPAR2026_CORE_plants_non-redundant_pfms_meme.txt	MA2713.1	SlDof14	CTTTTTC	6.66e-1	1.00e0	9.27e2	410	206	206	206	2	194	94.17	195	94.66
514	data/reference/motifs/JASPAR2026_CORE_plants_non-redundant_pfms_meme.txt	MA2711.1	SolycHsfB2b	TTCTAGAA	2.51e-1	1.00e0	9.27e2	186	206	206	206	4	6	2.91	3	1.46
515	data/reference/motifs/JASPAR2026_CORE_plants_non-redundant_pfms_meme.txt	MA2710.1	SolycHsfB1	TTCTAGAA	5.00e-1	1.00e0	9.27e2	267	206	206	206	10	2	0.97	1	0.49
516	data/reference/motifs/JASPAR2026_CORE_plants_non-redundant_pfms_meme.txt	MA2709.1	SolycHsfA2	TTCTAGAAKMTTCTA	5.81e-1	1.00e0	9.27e2	147	206	206	206	1	73	35.44	74	35.92
517	data/reference/motifs/JASPAR2026_CORE_plants_non-redundant_pfms_meme.txt	MA2708.1	SlDof4	AGAAAAAGTAA	1.61e-1	1.00e0	9.27e2	412	206	206	206	4	200	97.09	195	94.66
518	data/reference/motifs/JASPAR2026_CORE_plants_non-redundant_pfms_meme.txt	MA2752.1	TaOBF1b	TGCCACGTCATCATC	2.49e-1	1.00e0	9.27e2	171	206	206	206	5	2	0.97	0	0.00
519	data/reference/motifs/JASPAR2026_CORE_plants_non-redundant_pfms_meme.txt	MA2751.1	TraesCS2B02G304400	CCACTCGACC	5.00e-1	1.00e0	9.27e2	280	206	206	206	9	1	0.49	0	0.00
520	data/reference/motifs/JASPAR2026_CORE_plants_non-redundant_pfms_meme.txt	MA2750.1	TraesCS7B02G142200	TGTACGGAC	2.49e-1	1.00e0	9.27e2	309	206	206	206	9	2	0.97	0	0.00
521	data/reference/motifs/JASPAR2026_CORE_plants_non-redundant_pfms_meme.txt	MA2748.1	TraesCS6B02G321100	CAATTATTG	2.41e-1	1.00e0	9.27e2	399	206	206	206	6	87	42.23	79	38.35
522	data/reference/motifs/JASPAR2026_CORE_plants_non-redundant_pfms_meme.txt	MA2747.1	TraesCS6A02G290800	CAATAATTG	2.88e-1	1.00e0	9.27e2	406	206	206	206	9	57	27.67	51	24.76
523	data/reference/motifs/JASPAR2026_CORE_plants_non-redundant_pfms_meme.txt	MA2762.1	myb53	AGTTAGGCAC	2.49e-1	1.00e0	9.27e2	329	206	206	206	8	2	0.97	0	0.00
524	data/reference/motifs/JASPAR2026_CORE_plants_non-redundant_pfms_meme.txt	MA2761.1	myb100	TRCCTAACTT	5.00e-1	1.00e0	9.27e2	397	206	206	206	19	1	0.49	0	0.00
525	data/reference/motifs/JASPAR2026_CORE_plants_non-redundant_pfms_meme.txt	MA2760.1	p2	CACCTAAC	2.72e-1	1.00e0	9.27e2	404	206	206	206	12	15	7.28	11	5.34
526	data/reference/motifs/JASPAR2026_CORE_plants_non-redundant_pfms_meme.txt	MA2758.1	ereb122	CCGACCA	1.29e-1	1.00e0	9.27e2	394	206	206	206	6	80	38.83	68	33.01
527	data/reference/motifs/JASPAR2026_CORE_plants_non-redundant_pfms_meme.txt	MA2757.1	pbf1	ATAAAGT	2.49e-1	1.00e0	9.27e2	412	206	206	206	28	2	0.97	0	0.00
528	data/reference/motifs/JASPAR2026_CORE_plants_non-redundant_pfms_meme.txt	MA2756.1	dfo23	TACCTTTTTCT	3.75e-1	1.00e0	9.27e2	412	206	206	206	3	202	98.06	200	97.09
529	data/reference/motifs/JASPAR2026_CORE_plants_non-redundant_pfms_meme.txt	MA2755.1	hsftf24	ACTAGAAGCTTCTGGAA	3.28e-1	1.00e0	9.27e2	177	206	206	206	3	12	5.83	9	4.37
530	data/reference/motifs/JASPAR2026_CORE_plants_non-redundant_pfms_meme.txt	MA2754.1	wrky38	CGTGGACC	1.64e-1	1.00e0	9.27e2	384	206	206	206	9	17	8.25	11	5.34
531	data/reference/motifs/JASPAR2026_CORE_plants_non-redundant_pfms_meme.txt	MA2753.1	cpp8	GAATTTGAAW	2.09e-1	1.00e0	9.27e2	412	206	206	206	9	132	64.08	123	59.71
532	data/reference/motifs/JASPAR2026_CORE_plants_non-redundant_pfms_meme.txt	MA2625.1	mybr17	CATTATC	9.85e-2	1.00e0	9.27e2	412	206	206	206	22	20	9.71	12	5.83
533	data/reference/motifs/JASPAR2026_CORE_plants_non-redundant_pfms_meme.txt	MA2624.1	myb37	TAACCGAA	3.43e-1	1.00e0	9.27e2	410	206	206	206	2	204	99.03	202	98.06
534	data/reference/motifs/JASPAR2026_CORE_plants_non-redundant_pfms_meme.txt	MA2623.1	hb66	CCAATCA	8.89e-2	1.00e0	9.27e2	412	206	206	206	27	14	6.80	7	3.40
535	data/reference/motifs/JASPAR2026_CORE_plants_non-redundant_pfms_meme.txt	MA2621.1	glk25	TGATTCCA	1.08e-1	1.00e0	9.27e2	411	206	206	206	3	205	99.51	201	97.57
536	data/reference/motifs/JASPAR2026_CORE_plants_non-redundant_pfms_meme.txt	MA2620.1	g2	CCTTATCC	3.55e-1	1.00e0	9.27e2	406	206	206	206	2	192	93.20	189	91.75
537	data/reference/motifs/JASPAR2026_CORE_plants_non-redundant_pfms_meme.txt	MA2608.1	glk53	AAGGAATATTCTTT	1.69e-1	1.00e0	9.27e2	344	206	206	206	8	7	3.40	3	1.46
538	data/reference/motifs/JASPAR2026_CORE_plants_non-redundant_pfms_meme.txt	MA2606.1	mybr43	CCTTATCC	2.25e-1	1.00e0	9.27e2	405	206	206	206	1	204	99.03	201	97.57
539	data/reference/motifs/JASPAR2026_CORE_plants_non-redundant_pfms_meme.txt	MA2605.1	mybr26	CCTTATCC	3.28e-1	1.00e0	9.27e2	408	206	206	206	2	197	95.63	194	94.17
540	data/reference/motifs/JASPAR2026_CORE_plants_non-redundant_pfms_meme.txt	MA2604.1	dof22	ACTTTTAC	1.60e-1	1.00e0	9.27e2	412	206	206	206	14	121	58.74	110	53.40
541	data/reference/motifs/JASPAR2026_CORE_plants_non-redundant_pfms_meme.txt	MA2501.1	G1	TTACTGTA	1.07e-1	1.00e0	9.27e2	411	206	206	206	6	159	77.18	147	71.36
542	data/reference/motifs/JASPAR2026_CORE_plants_non-redundant_pfms_meme.txt	MA2639.1	FUL::SOC1	TTCCATTTTTGG	3.20e-1	1.00e0	9.27e2	407	206	206	206	10	11	5.34	8	3.88
543	data/reference/motifs/JASPAR2026_CORE_plants_non-redundant_pfms_meme.txt	MA2638.1	FUL::SEP3	TTWCTATTTATAGTAA	3.11e-1	1.00e0	9.27e2	233	206	206	206	4	10	4.85	7	3.40
544	data/reference/motifs/JASPAR2026_CORE_plants_non-redundant_pfms_meme.txt	MA2637.1	FUL::AG::SEP3	WTWCCAWAAATAGAAA	3.82e-1	1.00e0	9.27e2	396	206	206	206	3	124	60.19	120	58.25
545	data/reference/motifs/JASPAR2026_CORE_plants_non-redundant_pfms_meme.txt	MA2636.1	FUL::AG	WCTTTCCATTTTTRGAAA	4.61e-1	1.00e0	9.27e2	210	206	206	206	1	106	51.46	104	50.49
546	data/reference/motifs/JASPAR2026_CORE_plants_non-redundant_pfms_meme.txt	MA2635.1	FUL	TTWCCAWAAATAGAAA	3.83e-1	1.00e0	9.27e2	317	206	206	206	2	96	46.60	92	44.66
547	data/reference/motifs/JASPAR2026_CORE_plants_non-redundant_pfms_meme.txt	MA2634.1	EIN3	AGATTCATTGAATCT	5.00e-1	1.00e0	9.27e2	206	206	206	206	3	28	13.59	27	13.11
548	data/reference/motifs/JASPAR2026_CORE_plants_non-redundant_pfms_meme.txt	MA1355.2	TRB2	WARCCCTAAWT	8.59e-1	1.00e0	9.27e2	170	206	206	206	2	21	10.19	27	13.11
549	data/reference/motifs/JASPAR2026_CORE_plants_non-redundant_pfms_meme.txt	MA1353.2	AT1G72740	RWTTAGGGTTT	8.95e-1	1.00e0	9.27e2	220	206	206	206	3	14	6.80	20	9.71
550	data/reference/motifs/JASPAR2026_CORE_plants_non-redundant_pfms_meme.txt	MA1322.3	SPL9	TCCGTAC	3.63e-1	1.00e0	9.27e2	385	206	206	206	5	50	24.27	46	22.33
551	data/reference/motifs/JASPAR2026_CORE_plants_non-redundant_pfms_meme.txt	MA2479.1	TCX5	ATTCAAAT	2.46e-1	1.00e0	9.27e2	408	206	206	206	3	198	96.12	194	94.17
552	data/reference/motifs/JASPAR2026_CORE_plants_non-redundant_pfms_meme.txt	MA1060.2	SPL7	CGTACG	1.75e-1	1.00e0	9.27e2	400	206	206	206	10	76	36.89	66	32.04
553	data/reference/motifs/JASPAR2026_CORE_plants_non-redundant_pfms_meme.txt	MA1742.2	BIZP18	TGMCAGCTGK	5.00e-1	1.00e0	9.27e2	213	206	206	206	2	39	18.93	38	18.45
554	data/reference/motifs/JASPAR2026_CORE_plants_non-redundant_pfms_meme.txt	MA2474.1	HMGB10	TWATAA	2.36e-1	1.00e0	9.27e2	397	206	206	206	4	165	80.10	158	76.70
555	data/reference/motifs/JASPAR2026_CORE_plants_non-redundant_pfms_meme.txt	MA2344.1	REV	AATMATCATTATTA	2.55e-1	1.00e0	9.27e2	390	206	206	206	6	61	29.61	54	26.21
556	data/reference/motifs/JASPAR2026_CORE_plants_non-redundant_pfms_meme.txt	MA2459.1	EDF3	RCAACAKA	5.00e-1	1.00e0	9.27e2	296	206	206	206	5	5	2.43	4	1.94
557	data/reference/motifs/JASPAR2026_CORE_plants_non-redundant_pfms_meme.txt	MA1352.1	TRP1	ACCCTAAACCCTAAACCCTAA	1.00e0	1.00e0	9.27e2	2	206	206	206	1	0	0.00	2	0.97
558	data/reference/motifs/JASPAR2026_CORE_plants_non-redundant_pfms_meme.txt	MA1205.1	AGL6	TTWCCAAAAAWGGAAAAWW	2.43e-1	1.00e0	9.27e2	195	206	206	206	2	33	16.02	27	13.11
559	data/reference/motifs/JASPAR2026_CORE_plants_non-redundant_pfms_meme.txt	MA1203.1	AGL63	TKCCAAAAATGGMAA	3.71e-1	1.00e0	9.27e2	232	206	206	206	2	59	28.64	55	26.70
560	data/reference/motifs/JASPAR2026_CORE_plants_non-redundant_pfms_meme.txt	MA1199.1	AGL16	TTTCCWTTTTDGGWA	2.74e-1	1.00e0	9.27e2	245	206	206	206	1	126	61.17	119	57.77
561	data/reference/motifs/JASPAR2026_CORE_plants_non-redundant_pfms_meme.txt	MA1188.1	At3g11280	AWYCTTATCTTHWY	2.10e-1	1.00e0	9.27e2	401	206	206	206	5	86	41.75	77	37.38
562	data/reference/motifs/JASPAR2026_CORE_plants_non-redundant_pfms_meme.txt	MA1169.1	MYB105	WTHDWWACCGTTA	6.25e-1	1.00e0	9.27e2	222	206	206	206	4	5	2.43	5	2.43
563	data/reference/motifs/JASPAR2026_CORE_plants_non-redundant_pfms_meme.txt	MA1042.1	MYB59	RTTAGGTA	3.00e-1	1.00e0	9.27e2	411	206	206	206	3	200	97.09	197	95.63
564	data/reference/motifs/JASPAR2026_CORE_plants_non-redundant_pfms_meme.txt	MA1041.1	MYB55	ACCTACCG	5.00e-1	1.00e0	9.27e2	366	206	206	206	9	4	1.94	3	1.46
565	data/reference/motifs/JASPAR2026_CORE_plants_non-redundant_pfms_meme.txt	MA1040.1	MYB46	GKTAGGTR	3.83e-1	1.00e0	9.27e2	393	206	206	206	7	27	13.11	24	11.65
566	data/reference/motifs/JASPAR2026_CORE_plants_non-redundant_pfms_meme.txt	MA1039.1	MYB4	GGTWGGTR	1.17e-1	1.00e0	9.27e2	412	206	206	206	8	99	48.06	86	41.75
567	data/reference/motifs/JASPAR2026_CORE_plants_non-redundant_pfms_meme.txt	MA1036.1	MYB111	GKTAGGTR	1.81e-1	1.00e0	9.27e2	404	206	206	206	9	28	13.59	21	10.19
568	data/reference/motifs/JASPAR2026_CORE_plants_non-redundant_pfms_meme.txt	MA1012.1	AGL27	CTTTCYATTTTKGG	5.00e-1	1.00e0	9.27e2	244	206	206	206	4	4	1.94	3	1.46
569	data/reference/motifs/JASPAR2026_CORE_plants_non-redundant_pfms_meme.txt	MA0972.1	CCA1	AAATATCT	5.00e-1	1.00e0	9.27e2	399	206	206	206	1	200	97.09	199	96.60
570	data/reference/motifs/JASPAR2026_CORE_plants_non-redundant_pfms_meme.txt	MA0940.1	AP1	MYAAAAAWRGAAA	1.23e-1	1.00e0	9.27e2	412	206	206	206	11	146	70.87	134	65.05
571	data/reference/motifs/JASPAR2026_CORE_plants_non-redundant_pfms_meme.txt	MA0559.1	PI	CCAAAARWRGAAAR	1.29e-1	1.00e0	9.27e2	402	206	206	206	6	79	38.35	67	32.52
572	data/reference/motifs/JASPAR2026_CORE_plants_non-redundant_pfms_meme.txt	MA0054.1	myb.Ph3	TAACBGTTW	3.62e-1	1.00e0	9.27e2	412	206	206	206	6	203	98.54	201	97.57
573	data/reference/motifs/JASPAR2026_CORE_plants_non-redundant_pfms_meme.txt	MA2482.1	PK27693.1	TTATC	2.14e-1	1.00e0	9.27e2	412	206	206	206	45	118	57.28	109	52.91
574	data/reference/motifs/JASPAR2026_CORE_plants_non-redundant_pfms_meme.txt	MA2481.1	PK12011.1	AACGG	3.84e-1	1.00e0	9.27e2	412	206	206	206	14	108	52.43	104	50.49
575	data/reference/motifs/JASPAR2026_CORE_plants_non-redundant_pfms_meme.txt	MA2040.2	ENAP2	CTCCGGCGA	5.47e-1	1.00e0	9.27e2	169	206	206	206	2	46	22.33	46	22.33
576	data/reference/motifs/JASPAR2026_CORE_plants_non-redundant_pfms_meme.txt	MA2039.2	ASIL2	CTCCGGCGA	5.00e-1	1.00e0	9.27e2	179	206	206	206	2	44	21.36	43	20.87
577	data/reference/motifs/JASPAR2026_CORE_plants_non-redundant_pfms_meme.txt	MA1661.2	GTL1	GGTTAAAA	1.30e-1	1.00e0	9.27e2	412	206	206	206	3	202	98.06	197	95.63
578	data/reference/motifs/JASPAR2026_CORE_plants_non-redundant_pfms_meme.txt	MA1366.2	DF1	RGTAAAAA	3.91e-1	1.00e0	9.27e2	411	206	206	206	4	177	85.92	174	84.47
579	data/reference/motifs/JASPAR2026_CORE_plants_non-redundant_pfms_meme.txt	MA1208.2	GT-2	WTTTTTACCGY	1.71e-1	1.00e0	9.27e2	411	206	206	206	9	36	17.48	28	13.59
580	data/reference/motifs/JASPAR2026_CORE_plants_non-redundant_pfms_meme.txt	MA2032.2	TRB1	AAACCCTAA	5.00e-1	1.00e0	9.27e2	395	206	206	206	1	198	96.12	197	95.63
581	data/reference/motifs/JASPAR2026_CORE_plants_non-redundant_pfms_meme.txt	MA2031.2	AT5G04760	CTTATCY	1.24e-1	1.00e0	9.27e2	412	206	206	206	16	3	1.46	0	0.00
582	data/reference/motifs/JASPAR2026_CORE_plants_non-redundant_pfms_meme.txt	MA1825.2	Zm00001d044409	CTTATC	3.20e-1	1.00e0	9.27e2	412	206	206	206	14	11	5.34	8	3.88
583	data/reference/motifs/JASPAR2026_CORE_plants_non-redundant_pfms_meme.txt	MA1812.2	ASR1	AGGCCCAAT	3.12e-1	1.00e0	9.27e2	269	206	206	206	7	3	1.46	1	0.49
584	data/reference/motifs/JASPAR2026_CORE_plants_non-redundant_pfms_meme.txt	MA1802.2	TRP5	WAAACCY	1.91e-1	1.00e0	9.27e2	412	206	206	206	35	63	30.58	54	26.21
585	data/reference/motifs/JASPAR2026_CORE_plants_non-redundant_pfms_meme.txt	MA1793.2	NID1	TTATCC	3.76e-1	1.00e0	9.27e2	412	206	206	206	24	185	89.81	182	88.35
586	data/reference/motifs/JASPAR2026_CORE_plants_non-redundant_pfms_meme.txt	MA1408.2	FaEOBII	GTTAGGTA	3.28e-1	1.00e0	9.27e2	410	206	206	206	14	28	13.59	24	11.65
587	data/reference/motifs/JASPAR2026_CORE_plants_non-redundant_pfms_meme.txt	MA1401.2	RVE7	AAAATATCT	2.54e-1	1.00e0	9.27e2	207	206	206	206	2	37	17.96	31	15.05
588	data/reference/motifs/JASPAR2026_CORE_plants_non-redundant_pfms_meme.txt	MA1400.2	AT1G19000	WWWTGGATAAGRW	3.43e-1	1.00e0	9.27e2	317	206	206	206	6	4	1.94	2	0.97
589	data/reference/motifs/JASPAR2026_CORE_plants_non-redundant_pfms_meme.txt	MA1398.3	KUA1	CTTATCCA	1.37e-1	1.00e0	9.27e2	410	206	206	206	3	198	96.12	192	93.20
590	data/reference/motifs/JASPAR2026_CORE_plants_non-redundant_pfms_meme.txt	MA1397.2	AT1G74840	WWTGGATAA	6.56e-1	1.00e0	9.27e2	392	206	206	206	3	120	58.25	123	59.71
591	data/reference/motifs/JASPAR2026_CORE_plants_non-redundant_pfms_meme.txt	MA1195.2	AT5G56840	AAYCTTATCCAWWW	2.96e-1	1.00e0	9.27e2	378	206	206	206	1	191	92.72	187	90.78
592	data/reference/motifs/JASPAR2026_CORE_plants_non-redundant_pfms_meme.txt	MA1194.2	AT3G10580	DWDWRGATAAGVWT	1.85e-1	1.00e0	9.27e2	391	206	206	206	1	198	96.12	193	93.69
593	data/reference/motifs/JASPAR2026_CORE_plants_non-redundant_pfms_meme.txt	MA1193.2	AT2G38090	WDWGGATAAGDAT	1.38e-1	1.00e0	9.27e2	371	206	206	206	2	152	73.79	141	68.45
594	data/reference/motifs/JASPAR2026_CORE_plants_non-redundant_pfms_meme.txt	MA1192.2	DIV1	WRGATAAGRTT	2.43e-1	1.00e0	9.27e2	372	206	206	206	3	93	45.15	85	41.26
595	data/reference/motifs/JASPAR2026_CORE_plants_non-redundant_pfms_meme.txt	MA1191.2	RVE7L	AAAATATCT	1.64e-1	1.00e0	9.27e2	318	206	206	206	4	17	8.25	11	5.34
596	data/reference/motifs/JASPAR2026_CORE_plants_non-redundant_pfms_meme.txt	MA1190.2	RVE5	AGATATTTT	1.24e-1	1.00e0	9.27e2	357	206	206	206	8	3	1.46	0	0.00
597	data/reference/motifs/JASPAR2026_CORE_plants_non-redundant_pfms_meme.txt	MA1189.2	AT5G61620	WWWTGGATAAGRWW	3.93e-1	1.00e0	9.27e2	393	206	206	206	8	8	3.88	6	2.91
598	data/reference/motifs/JASPAR2026_CORE_plants_non-redundant_pfms_meme.txt	MA1187.2	RVE4	AGATATTTT	2.48e-1	1.00e0	9.27e2	334	206	206	206	4	35	16.99	29	14.08
599	data/reference/motifs/JASPAR2026_CORE_plants_non-redundant_pfms_meme.txt	MA1186.2	YAB4	AWYCTTATCYW	3.75e-1	1.00e0	9.27e2	402	206	206	206	11	6	2.91	4	1.94
600	data/reference/motifs/JASPAR2026_CORE_plants_non-redundant_pfms_meme.txt	MA1185.2	LHY	AGATATTTT	2.46e-1	1.00e0	9.27e2	340	206	206	206	5	12	5.83	8	3.88
601	data/reference/motifs/JASPAR2026_CORE_plants_non-redundant_pfms_meme.txt	MA1184.2	RVE1	WAAATATCT	1.24e-1	1.00e0	9.27e2	374	206	206	206	6	18	8.74	11	5.34
602	data/reference/motifs/JASPAR2026_CORE_plants_non-redundant_pfms_meme.txt	MA1183.2	RVE6	AGATATTTT	2.08e-1	1.00e0	9.27e2	337	206	206	206	6	9	4.37	5	2.43
603	data/reference/motifs/JASPAR2026_CORE_plants_non-redundant_pfms_meme.txt	MA1182.2	RVE8	AGATATTTT	3.12e-1	1.00e0	9.27e2	327	206	206	206	6	3	1.46	1	0.49
604	data/reference/motifs/JASPAR2026_CORE_plants_non-redundant_pfms_meme.txt	MA0579.2	CDC5	GCTCAGCGC	5.00e-1	1.00e0	9.27e2	252	206	206	206	6	2	0.97	1	0.49
605	data/reference/motifs/JASPAR2026_CORE_plants_non-redundant_pfms_meme.txt	MA2042.2	MYB58	CCACCAACC	1.85e-1	1.00e0	9.27e2	397	206	206	206	9	29	14.08	22	10.68
606	data/reference/motifs/JASPAR2026_CORE_plants_non-redundant_pfms_meme.txt	MA2041.2	MYB13	YCACCAACCA	2.04e-1	1.00e0	9.27e2	380	206	206	206	2	164	79.61	156	75.73
607	data/reference/motifs/JASPAR2026_CORE_plants_non-redundant_pfms_meme.txt	MA2030.2	MYB96	MCCAACTACCA	1.08e-1	1.00e0	9.27e2	362	206	206	206	12	5	2.43	1	0.49
608	data/reference/motifs/JASPAR2026_CORE_plants_non-redundant_pfms_meme.txt	MA2028.2	MYB49	TTACCTAACTW	3.31e-1	1.00e0	9.27e2	389	206	206	206	5	61	29.61	56	27.18
609	data/reference/motifs/JASPAR2026_CORE_plants_non-redundant_pfms_meme.txt	MA2027.2	MYB44	HAACGGTCA	5.79e-1	1.00e0	9.27e2	333	206	206	206	2	119	57.77	120	58.25
610	data/reference/motifs/JASPAR2026_CORE_plants_non-redundant_pfms_meme.txt	MA2026.2	MYB108	TACCTAACTT	5.00e-1	1.00e0	9.27e2	373	206	206	206	8	4	1.94	3	1.46
611	data/reference/motifs/JASPAR2026_CORE_plants_non-redundant_pfms_meme.txt	MA2025.2	MYB93	TACCAAAC	2.51e-1	1.00e0	9.27e2	409	206	206	206	17	6	2.91	3	1.46
612	data/reference/motifs/JASPAR2026_CORE_plants_non-redundant_pfms_meme.txt	MA2024.2	MYB63	YCACCTACCAC	1.45e-1	1.00e0	9.27e2	319	206	206	206	3	71	34.47	60	29.13
613	data/reference/motifs/JASPAR2026_CORE_plants_non-redundant_pfms_meme.txt	MA2008.2	MYB99	CACCTAMY	5.46e-1	1.00e0	9.27e2	312	206	206	206	1	156	75.73	156	75.73
614	data/reference/motifs/JASPAR2026_CORE_plants_non-redundant_pfms_meme.txt	MA2007.2	MYB107	CACCAAAC	2.60e-1	1.00e0	9.27e2	410	206	206	206	12	24	11.65	19	9.22
615	data/reference/motifs/JASPAR2026_CORE_plants_non-redundant_pfms_meme.txt	MA1829.2	Zm00001d035604	ACCTAAC	1.69e-1	1.00e0	9.27e2	412	206	206	206	23	7	3.40	3	1.46
616	data/reference/motifs/JASPAR2026_CORE_plants_non-redundant_pfms_meme.txt	MA1781.2	MYB94	CCAACYACYW	3.32e-1	1.00e0	9.27e2	379	206	206	206	4	62	30.10	57	27.67
617	data/reference/motifs/JASPAR2026_CORE_plants_non-redundant_pfms_meme.txt	MA1780.2	MYB92	ACCTAAC	6.88e-1	1.00e0	9.27e2	392	206	206	206	12	2	0.97	2	0.97
618	data/reference/motifs/JASPAR2026_CORE_plants_non-redundant_pfms_meme.txt	MA1779.2	MYB83	CACCAACM	1.86e-1	1.00e0	9.27e2	410	206	206	206	10	59	28.64	50	24.27
619	data/reference/motifs/JASPAR2026_CORE_plants_non-redundant_pfms_meme.txt	MA1778.2	MYB80	TYYACCTAMYTW	2.33e-1	1.00e0	9.27e2	398	206	206	206	5	74	35.92	66	32.04
620	data/reference/motifs/JASPAR2026_CORE_plants_non-redundant_pfms_meme.txt	MA1777.2	MYB74	YYYACCTAMCW	2.46e-1	1.00e0	9.27e2	317	206	206	206	5	12	5.83	8	3.88
621	data/reference/motifs/JASPAR2026_CORE_plants_non-redundant_pfms_meme.txt	MA1775.2	MYB61	YACCWACC	1.64e-1	1.00e0	9.27e2	372	206	206	206	5	34	16.50	26	12.62
622	data/reference/motifs/JASPAR2026_CORE_plants_non-redundant_pfms_meme.txt	MA1773.2	MYB51	YYYACCWACYW	5.00e-1	1.00e0	9.27e2	356	206	206	206	4	46	22.33	45	21.84
623	data/reference/motifs/JASPAR2026_CORE_plants_non-redundant_pfms_meme.txt	MA1772.2	MYB43	YTYACCWAMCWT	5.00e-1	1.00e0	9.27e2	279	206	206	206	5	4	1.94	3	1.46
624	data/reference/motifs/JASPAR2026_CORE_plants_non-redundant_pfms_meme.txt	MA1771.2	MYB41	TYACCTAMYT	5.53e-1	1.00e0	9.27e2	380	206	206	206	6	33	16.02	33	16.02
625	data/reference/motifs/JASPAR2026_CORE_plants_non-redundant_pfms_meme.txt	MA1770.2	MYB40	YTYACCWAMY	1.69e-1	1.00e0	9.27e2	322	206	206	206	6	7	3.40	3	1.46
626	data/reference/motifs/JASPAR2026_CORE_plants_non-redundant_pfms_meme.txt	MA1769.2	MYB39	YYCACCTAMYTT	3.12e-1	1.00e0	9.27e2	355	206	206	206	7	3	1.46	1	0.49
627	data/reference/motifs/JASPAR2026_CORE_plants_non-redundant_pfms_meme.txt	MA1767.2	MYB23	CAACWA	1.81e-1	1.00e0	9.27e2	410	206	206	206	6	85	41.26	75	36.41
628	data/reference/motifs/JASPAR2026_CORE_plants_non-redundant_pfms_meme.txt	MA1766.2	MYB17	YYCACCTACCW	1.37e-1	1.00e0	9.27e2	336	206	206	206	2	123	59.71	111	53.88
629	data/reference/motifs/JASPAR2026_CORE_plants_non-redundant_pfms_meme.txt	MA1765.2	MYB121	TACCTAACW	6.67e-1	1.00e0	9.27e2	385	206	206	206	6	27	13.11	29	14.08
630	data/reference/motifs/JASPAR2026_CORE_plants_non-redundant_pfms_meme.txt	MA1764.2	MYB116	TGCCTAACTT	6.57e-1	1.00e0	9.27e2	186	206	206	206	4	3	1.46	3	1.46
631	data/reference/motifs/JASPAR2026_CORE_plants_non-redundant_pfms_meme.txt	MA1762.2	MYB10	YCACCWAMCW	3.11e-1	1.00e0	9.27e2	312	206	206	206	5	10	4.85	7	3.40
632	data/reference/motifs/JASPAR2026_CORE_plants_non-redundant_pfms_meme.txt	MA1394.3	MYB73	AACGGTCA	4.17e-1	1.00e0	9.27e2	371	206	206	206	4	68	33.01	65	31.55
633	data/reference/motifs/JASPAR2026_CORE_plants_non-redundant_pfms_meme.txt	MA1393.3	MYB70	AACCGTT	2.11e-1	1.00e0	9.27e2	393	206	206	206	4	128	62.14	119	57.77
634	data/reference/motifs/JASPAR2026_CORE_plants_non-redundant_pfms_meme.txt	MA1391.3	MYB33	ATAACCGTAW	1.56e-1	1.00e0	9.27e2	386	206	206	206	1	196	95.15	190	92.23
635	data/reference/motifs/JASPAR2026_CORE_plants_non-redundant_pfms_meme.txt	MA1294.2	MYB62	WAGTTAGGY	5.00e-1	1.00e0	9.27e2	386	206	206	206	11	1	0.49	0	0.00
636	data/reference/motifs/JASPAR2026_CORE_plants_non-redundant_pfms_meme.txt	MA1293.2	MYB57	TACCTAACTT	5.00e-1	1.00e0	9.27e2	98	206	206	206	2	6	2.91	5	2.43
637	data/reference/motifs/JASPAR2026_CORE_plants_non-redundant_pfms_meme.txt	MA1292.2	MYB27	AAAAATTAGGTA	3.93e-1	1.00e0	9.27e2	105	206	206	206	2	8	3.88	6	2.91
638	data/reference/motifs/JASPAR2026_CORE_plants_non-redundant_pfms_meme.txt	MA1181.2	MYB113	AKTYMGTTAT	2.13e-1	1.00e0	9.27e2	404	206	206	206	8	16	7.77	11	5.34
639	data/reference/motifs/JASPAR2026_CORE_plants_non-redundant_pfms_meme.txt	MA1180.2	MYB3R4	WWWTRACCGTTR	7.51e-1	1.00e0	9.27e2	167	206	206	206	8	1	0.49	1	0.49
640	data/reference/motifs/JASPAR2026_CORE_plants_non-redundant_pfms_meme.txt	MA1179.2	MYB1	ACSGTTA	6.53e-1	1.00e0	9.27e2	336	206	206	206	2	102	49.51	105	50.97
641	data/reference/motifs/JASPAR2026_CORE_plants_non-redundant_pfms_meme.txt	MA1178.3	MYB3R1	TAACGGTC	8.41e-1	1.00e0	9.27e2	379	206	206	206	2	146	70.87	154	74.76
642	data/reference/motifs/JASPAR2026_CORE_plants_non-redundant_pfms_meme.txt	MA1176.2	MYB119	RWCCGTTACA	6.62e-1	1.00e0	9.27e2	280	206	206	206	2	67	32.52	70	33.98
643	data/reference/motifs/JASPAR2026_CORE_plants_non-redundant_pfms_meme.txt	MA1174.2	MYB56	ATAACGGWHW	4.49e-1	1.00e0	9.27e2	385	206	206	206	2	169	82.04	167	81.07
644	data/reference/motifs/JASPAR2026_CORE_plants_non-redundant_pfms_meme.txt	MA1172.2	MYB3R5	AAWWDTDACCGTTR	7.51e-1	1.00e0	9.27e2	156	206	206	206	7	1	0.49	1	0.49
645	data/reference/motifs/JASPAR2026_CORE_plants_non-redundant_pfms_meme.txt	MA1171.2	MYB52	ACCGTTA	7.51e-1	1.00e0	9.27e2	201	206	206	206	7	1	0.49	1	0.49
646	data/reference/motifs/JASPAR2026_CORE_plants_non-redundant_pfms_meme.txt	MA1170.2	MYB118	RWCCGTTACRWW	2.49e-1	1.00e0	9.27e2	174	206	206	206	4	2	0.97	0	0.00
647	data/reference/motifs/JASPAR2026_CORE_plants_non-redundant_pfms_meme.txt	MA1038.2	MYB3	GGTAGGTA	5.00e-1	1.00e0	9.27e2	339	206	206	206	7	2	0.97	1	0.49
648	data/reference/motifs/JASPAR2026_CORE_plants_non-redundant_pfms_meme.txt	MA1037.2	MYB24	GTTAGGY	5.00e-1	1.00e0	9.27e2	412	206	206	206	13	196	95.15	195	94.66
649	data/reference/motifs/JASPAR2026_CORE_plants_non-redundant_pfms_meme.txt	MA1030.2	P0510F09.23	WRMCCTA	4.34e-1	1.00e0	9.27e2	412	206	206	206	8	187	90.78	185	89.81
650	data/reference/motifs/JASPAR2026_CORE_plants_non-redundant_pfms_meme.txt	MA0575.2	MYB77	GACRGTTAS	2.26e-1	1.00e0	9.27e2	268	206	206	206	2	66	32.04	58	28.16
651	data/reference/motifs/JASPAR2026_CORE_plants_non-redundant_pfms_meme.txt	MA0034.2	Gam1	YAACCGMC	4.25e-1	1.00e0	9.27e2	411	206	206	206	14	16	7.77	14	6.80
652	data/reference/motifs/JASPAR2026_CORE_plants_non-redundant_pfms_meme.txt	MA1735.2	AT2G38300	AAHATTCYHT	2.44e-1	1.00e0	9.27e2	404	206	206	206	5	96	46.60	88	42.72
653	data/reference/motifs/JASPAR2026_CORE_plants_non-redundant_pfms_meme.txt	MA1390.3	HHO2	AAGATTCC	1.85e-1	1.00e0	9.27e2	409	206	206	206	5	124	60.19	114	55.34
654	data/reference/motifs/JASPAR2026_CORE_plants_non-redundant_pfms_meme.txt	MA1387.2	HRS1	ATCRAAGATTCY	1.85e-1	1.00e0	9.27e2	360	206	206	206	5	20	9.71	14	6.80
655	data/reference/motifs/JASPAR2026_CORE_plants_non-redundant_pfms_meme.txt	MA1386.3	HHO3	AAGATTCT	2.41e-1	1.00e0	9.27e2	403	206	206	206	4	126	61.17	118	57.28
656	data/reference/motifs/JASPAR2026_CORE_plants_non-redundant_pfms_meme.txt	MA1383.2	KAN2	AATATTCTTT	2.68e-1	1.00e0	9.27e2	385	206	206	206	7	26	12.62	21	10.19
657	data/reference/motifs/JASPAR2026_CORE_plants_non-redundant_pfms_meme.txt	MA1168.2	MYR2	RGAATMTT	3.43e-1	1.00e0	9.27e2	366	206	206	206	9	4	1.94	2	0.97
658	data/reference/motifs/JASPAR2026_CORE_plants_non-redundant_pfms_meme.txt	MA1167.2	EFM	RGAATATTC	2.92e-1	1.00e0	9.27e2	331	206	206	206	4	34	16.50	29	14.08
659	data/reference/motifs/JASPAR2026_CORE_plants_non-redundant_pfms_meme.txt	MA1166.2	PHL12	AARRGAATATTC	3.43e-1	1.00e0	9.27e2	201	206	206	206	5	4	1.94	2	0.97
660	data/reference/motifs/JASPAR2026_CORE_plants_non-redundant_pfms_meme.txt	MA1165.3	HHO6	AGATTCT	1.24e-1	1.00e0	9.27e2	410	206	206	206	14	3	1.46	0	0.00
661	data/reference/motifs/JASPAR2026_CORE_plants_non-redundant_pfms_meme.txt	MA1164.2	HHO5	RAAGATTC	2.87e-1	1.00e0	9.27e2	367	206	206	206	7	8	3.88	5	2.43
662	data/reference/motifs/JASPAR2026_CORE_plants_non-redundant_pfms_meme.txt	MA1163.3	PHL11	AGAATATTCT	2.05e-1	1.00e0	9.27e2	292	206	206	206	3	77	37.38	68	33.01
663	data/reference/motifs/JASPAR2026_CORE_plants_non-redundant_pfms_meme.txt	MA0949.2	ARR2	MGWATCTT	1.26e-1	1.00e0	9.27e2	393	206	206	206	9	13	6.31	7	3.40
664	data/reference/motifs/JASPAR2026_CORE_plants_non-redundant_pfms_meme.txt	MA0948.2	ARR18	AGATACG	2.72e-1	1.00e0	9.27e2	412	206	206	206	19	27	13.11	22	10.68
665	data/reference/motifs/JASPAR2026_CORE_plants_non-redundant_pfms_meme.txt	MA0945.2	ARR1	RDATCT	2.72e-1	1.00e0	9.27e2	412	206	206	206	57	7	3.40	4	1.94
666	data/reference/motifs/JASPAR2026_CORE_plants_non-redundant_pfms_meme.txt	MA0121.2	ARR10	AGATHYK	2.56e-1	1.00e0	9.27e2	411	206	206	206	5	151	73.30	144	69.90
667	data/reference/motifs/JASPAR2026_CORE_plants_non-redundant_pfms_meme.txt	MA1823.2	Zm00001d027846	AAAGAAAA	1.53e-1	1.00e0	9.27e2	412	206	206	206	46	31	15.05	23	11.17
668	data/reference/motifs/JASPAR2026_CORE_plants_non-redundant_pfms_meme.txt	MA1747.2	DOF4.3	WAAAGWRGCTTTW	3.93e-1	1.00e0	9.27e2	83	206	206	206	2	8	3.88	6	2.91
669	data/reference/motifs/JASPAR2026_CORE_plants_non-redundant_pfms_meme.txt	MA1281.2	DOF5.1	AAAAAGWAAAAARAAAAAR	1.60e-1	1.00e0	9.27e2	409	206	206	206	8	96	46.60	85	41.26
670	data/reference/motifs/JASPAR2026_CORE_plants_non-redundant_pfms_meme.txt	MA1280.2	DOF5.4	AAAAAGK	1.46e-1	1.00e0	9.27e2	411	206	206	206	16	10	4.85	5	2.43
671	data/reference/motifs/JASPAR2026_CORE_plants_non-redundant_pfms_meme.txt	MA1279.2	DOF1.5	AAADDAAAAAGTRAAA	2.46e-1	1.00e0	9.27e2	410	206	206	206	13	12	5.83	8	3.88
672	data/reference/motifs/JASPAR2026_CORE_plants_non-redundant_pfms_meme.txt	MA1278.2	DOF3.4	TTYTTTTTTWVCTTTTT	2.08e-1	1.00e0	9.27e2	411	206	206	206	19	9	4.37	5	2.43
673	data/reference/motifs/JASPAR2026_CORE_plants_non-redundant_pfms_meme.txt	MA1277.2	DOF1.7	AAAAAGTARAA	1.85e-1	1.00e0	9.27e2	409	206	206	206	5	198	96.12	193	93.69
674	data/reference/motifs/JASPAR2026_CORE_plants_non-redundant_pfms_meme.txt	MA1276.2	DOF3.5	AWAAAGK	2.77e-1	1.00e0	9.27e2	407	206	206	206	6	101	49.03	94	45.63
675	data/reference/motifs/JASPAR2026_CORE_plants_non-redundant_pfms_meme.txt	MA1275.2	DOF1.6	AWAAAGTR	1.38e-1	1.00e0	9.27e2	411	206	206	206	4	193	93.69	186	90.29
676	data/reference/motifs/JASPAR2026_CORE_plants_non-redundant_pfms_meme.txt	MA1273.2	DOF4.2	AAAAAGGYAAA	1.01e-1	1.00e0	9.27e2	400	206	206	206	8	34	16.50	24	11.65
677	data/reference/motifs/JASPAR2026_CORE_plants_non-redundant_pfms_meme.txt	MA1272.3	DOF2.2	AAAAAG	2.55e-1	1.00e0	9.27e2	401	206	206	206	3	152	73.79	145	70.39
678	data/reference/motifs/JASPAR2026_CORE_plants_non-redundant_pfms_meme.txt	MA1270.2	DOF3.2	TWACTTTTTNNYTTTT	2.25e-1	1.00e0	9.27e2	407	206	206	206	13	5	2.43	2	0.97
679	data/reference/motifs/JASPAR2026_CORE_plants_non-redundant_pfms_meme.txt	MA1269.2	DOF4.5	AWAAAGTWRCTTT	3.43e-1	1.00e0	9.27e2	406	206	206	206	1	204	99.03	202	98.06
680	data/reference/motifs/JASPAR2026_CORE_plants_non-redundant_pfms_meme.txt	MA1268.2	CDF5	TTYACTTTTTYTTTTTTTTTT	3.23e-1	1.00e0	9.27e2	394	206	206	206	9	26	12.62	22	10.68
681	data/reference/motifs/JASPAR2026_CORE_plants_non-redundant_pfms_meme.txt	MA1267.2	DOF5.8	TTTTTHYTTTTTACTTTTT	3.01e-1	1.00e0	9.27e2	412	206	206	206	4	173	83.98	168	81.55
682	data/reference/motifs/JASPAR2026_CORE_plants_non-redundant_pfms_meme.txt	MA1022.2	PHYPADRAFT_38837	AAAG	1.10e-1	1.00e0	9.27e2	412	206	206	206	60	203	98.54	198	96.12
683	data/reference/motifs/JASPAR2026_CORE_plants_non-redundant_pfms_meme.txt	MA0984.2	DOF5.7	AAARR	3.04e-1	1.00e0	9.27e2	412	206	206	206	122	78	37.86	72	34.95
684	data/reference/motifs/JASPAR2026_CORE_plants_non-redundant_pfms_meme.txt	MA0983.2	DOF5.6	AAMG	2.45e-1	1.00e0	9.27e2	412	206	206	206	41	99	48.06	91	44.17
685	data/reference/motifs/JASPAR2026_CORE_plants_non-redundant_pfms_meme.txt	MA0981.2	DOF1.8	AAAG	1.10e-1	1.00e0	9.27e2	412	206	206	206	60	203	98.54	198	96.12
686	data/reference/motifs/JASPAR2026_CORE_plants_non-redundant_pfms_meme.txt	MA0973.2	CDF2	AAAAAGY	3.35e-1	1.00e0	9.27e2	412	206	206	206	27	66	32.04	61	29.61
687	data/reference/motifs/JASPAR2026_CORE_plants_non-redundant_pfms_meme.txt	MA0020.2	Dof2	AAAGC	1.16e-1	1.00e0	9.27e2	412	206	206	206	20	30	14.56	21	10.19
688	data/reference/motifs/JASPAR2026_CORE_plants_non-redundant_pfms_meme.txt	MA1396.2	GATA6	AGATCTAGAT	7.55e-1	1.00e0	9.27e2	204	206	206	206	1	99	48.06	105	50.97
689	data/reference/motifs/JASPAR2026_CORE_plants_non-redundant_pfms_meme.txt	MA1325.2	GATA14	TAGATCTR	5.84e-1	1.00e0	9.27e2	332	206	206	206	4	63	30.58	64	31.07
690	data/reference/motifs/JASPAR2026_CORE_plants_non-redundant_pfms_meme.txt	MA1323.2	GATA19	GATCBGATY	4.41e-1	1.00e0	9.27e2	360	206	206	206	1	181	87.86	179	86.89
691	data/reference/motifs/JASPAR2026_CORE_plants_non-redundant_pfms_meme.txt	MA1015.2	GATA12	AGATCT	1.90e-1	1.00e0	9.27e2	412	206	206	206	76	8	3.88	4	1.94
692	data/reference/motifs/JASPAR2026_CORE_plants_non-redundant_pfms_meme.txt	MA1814.2	RIN	CTATTTTTGG	1.24e-1	1.00e0	9.27e2	411	206	206	206	20	3	1.46	0	0.00
693	data/reference/motifs/JASPAR2026_CORE_plants_non-redundant_pfms_meme.txt	MA0585.2	AGL1	TTDCCWWWWWDGGWAA	1.38e-1	1.00e0	9.27e2	361	206	206	206	3	118	57.28	106	51.46
694	data/reference/motifs/JASPAR2026_CORE_plants_non-redundant_pfms_meme.txt	MA0584.2	SEP1	CCAWAWWTRGWAA	3.46e-1	1.00e0	9.27e2	314	206	206	206	2	116	56.31	111	53.88
695	data/reference/motifs/JASPAR2026_CORE_plants_non-redundant_pfms_meme.txt	MA0558.2	FLC	CCMAAAATRGAAAG	2.28e-1	1.00e0	9.27e2	381	206	206	206	1	193	93.69	188	91.26
696	data/reference/motifs/JASPAR2026_CORE_plants_non-redundant_pfms_meme.txt	MA0556.2	AP3	CCAAAARWRGAAA	2.05e-1	1.00e0	9.27e2	387	206	206	206	1	196	95.15	191	92.72
697	data/reference/motifs/JASPAR2026_CORE_plants_non-redundant_pfms_meme.txt	MA0555.2	SVP	WWWCCAAAAAWGGAAA	1.88e-1	1.00e0	9.27e2	327	206	206	206	2	106	51.46	96	46.60
698	data/reference/motifs/JASPAR2026_CORE_plants_non-redundant_pfms_meme.txt	MA0554.2	SOC1	TTTCCWTTTTTGG	2.05e-1	1.00e0	9.27e2	389	206	206	206	7	15	7.28	10	4.85
699	data/reference/motifs/JASPAR2026_CORE_plants_non-redundant_pfms_meme.txt	MA0548.3	AGL15	TTTCCWTTTTDGGWAA	2.51e-1	1.00e0	9.27e2	210	206	206	206	4	6	2.91	3	1.46
700	data/reference/motifs/JASPAR2026_CORE_plants_non-redundant_pfms_meme.txt	MA0082.2	squamosa	MCAWAWATRGWAA	3.07e-1	1.00e0	9.27e2	411	206	206	206	6	129	62.62	123	59.71
701	data/reference/motifs/JASPAR2026_CORE_plants_non-redundant_pfms_meme.txt	MA0005.3	AG	TTWCCWAAWHDGGHAA	4.35e-1	1.00e0	9.27e2	336	206	206	206	5	22	10.68	20	9.71
702	data/reference/motifs/JASPAR2026_CORE_plants_non-redundant_pfms_meme.txt	MA0001.3	AGL3	CCAWWWATAG	3.74e-1	1.00e0	9.27e2	409	206	206	206	3	186	90.29	183	88.83
703	data/reference/motifs/JASPAR2026_CORE_plants_non-redundant_pfms_meme.txt	MA1807.2	ZHD10	TAATTART	9.94e-2	1.00e0	9.27e2	376	206	206	206	4	102	49.51	88	42.72
704	data/reference/motifs/JASPAR2026_CORE_plants_non-redundant_pfms_meme.txt	MA1329.3	ZHD1	AYTAATTAA	1.52e-1	1.00e0	9.27e2	408	206	206	206	7	160	77.67	150	72.82
705	data/reference/motifs/JASPAR2026_CORE_plants_non-redundant_pfms_meme.txt	MA1213.3	ZHD3	CAATTATTG	1.46e-1	1.00e0	9.27e2	397	206	206	206	1	201	97.57	196	95.15
706	data/reference/motifs/JASPAR2026_CORE_plants_non-redundant_pfms_meme.txt	MA1824.2	Zm00001d005692	CAATAATT	1.90e-1	1.00e0	9.27e2	412	206	206	206	34	8	3.88	4	1.94
707	data/reference/motifs/JASPAR2026_CORE_plants_non-redundant_pfms_meme.txt	MA1757.2	HDG7	DCATTAAWTR	2.32e-1	1.00e0	9.27e2	397	206	206	206	6	72	34.95	64	31.07
708	data/reference/motifs/JASPAR2026_CORE_plants_non-redundant_pfms_meme.txt	MA1406.2	ATHB-4	YAATSATTG	1.11e-1	1.00e0	9.27e2	412	206	206	206	7	135	65.53	122	59.22
709	data/reference/motifs/JASPAR2026_CORE_plants_non-redundant_pfms_meme.txt	MA1375.2	ANL2	GCATTAATTR	5.00e-1	1.00e0	9.27e2	387	206	206	206	6	49	23.79	48	23.30
710	data/reference/motifs/JASPAR2026_CORE_plants_non-redundant_pfms_meme.txt	MA1369.2	HDG1	YAATTAATGM	1.76e-1	1.00e0	9.27e2	394	206	206	206	2	186	90.29	179	86.89
711	data/reference/motifs/JASPAR2026_CORE_plants_non-redundant_pfms_meme.txt	MA1327.3	ATHB-23	TAATTAA	1.62e-1	1.00e0	9.27e2	393	206	206	206	3	153	74.27	143	69.42
712	data/reference/motifs/JASPAR2026_CORE_plants_non-redundant_pfms_meme.txt	MA1215.2	ATHB-53	CAATAATTG	3.61e-1	1.00e0	9.27e2	382	206	206	206	7	48	23.30	44	21.36
713	data/reference/motifs/JASPAR2026_CORE_plants_non-redundant_pfms_meme.txt	MA1214.2	ATHB-40	ACCAATAATTG	1.78e-1	1.00e0	9.27e2	371	206	206	206	4	79	38.35	69	33.50
714	data/reference/motifs/JASPAR2026_CORE_plants_non-redundant_pfms_meme.txt	MA1212.2	ATHB-13	YAATAATT	3.46e-1	1.00e0	9.27e2	405	206	206	206	2	194	94.17	191	92.72
715	data/reference/motifs/JASPAR2026_CORE_plants_non-redundant_pfms_meme.txt	MA1210.3	HAT22	CAATAATTG	3.10e-1	1.00e0	9.27e2	412	206	206	206	8	115	55.83	109	52.91
716	data/reference/motifs/JASPAR2026_CORE_plants_non-redundant_pfms_meme.txt	MA1209.2	ATHB-20	YAATAATT	3.42e-1	1.00e0	9.27e2	356	206	206	206	6	34	16.50	30	14.56
717	data/reference/motifs/JASPAR2026_CORE_plants_non-redundant_pfms_meme.txt	MA1198.2	HAT2	YAATCATT	1.16e-1	1.00e0	9.27e2	406	206	206	206	2	196	95.15	189	91.75
718	data/reference/motifs/JASPAR2026_CORE_plants_non-redundant_pfms_meme.txt	MA1026.3	ATHB-15	AWDRTAATGATKA	1.59e-1	1.00e0	9.27e2	334	206	206	206	2	125	60.68	114	55.34
719	data/reference/motifs/JASPAR2026_CORE_plants_non-redundant_pfms_meme.txt	MA0990.2	HDG11	AWTWAATGC	2.67e-1	1.00e0	9.27e2	412	206	206	206	38	43	20.87	37	17.96
720	data/reference/motifs/JASPAR2026_CORE_plants_non-redundant_pfms_meme.txt	MA0953.2	ATHB-6	CAATHAT	1.16e-1	1.00e0	9.27e2	412	206	206	206	78	17	8.25	10	4.85
721	data/reference/motifs/JASPAR2026_CORE_plants_non-redundant_pfms_meme.txt	MA2020.2	HSFB4	GAAGTTTCCR	2.63e-1	1.00e0	9.27e2	339	206	206	206	3	69	33.50	62	30.10
722	data/reference/motifs/JASPAR2026_CORE_plants_non-redundant_pfms_meme.txt	MA2019.2	HSFA1B	GAAACTTC	2.46e-1	1.00e0	9.27e2	392	206	206	206	1	198	96.12	194	94.17
723	data/reference/motifs/JASPAR2026_CORE_plants_non-redundant_pfms_meme.txt	MA1761.2	HSFB3	AAGCTTCTAGAA	6.90e-1	1.00e0	9.27e2	339	206	206	206	2	110	53.40	114	55.34
724	data/reference/motifs/JASPAR2026_CORE_plants_non-redundant_pfms_meme.txt	MA1759.2	HSFA4A	AGAAGCTTCTAGAA	5.00e-1	1.00e0	9.27e2	173	206	206	206	4	3	1.46	2	0.97
725	data/reference/motifs/JASPAR2026_CORE_plants_non-redundant_pfms_meme.txt	MA1758.2	HSFA1E	AGAAGCTTCTAGAA	4.15e-1	1.00e0	9.27e2	125	206	206	206	1	64	31.07	61	29.61
726	data/reference/motifs/JASPAR2026_CORE_plants_non-redundant_pfms_meme.txt	MA1667.3	HSFC1	TTCYAGAA	3.11e-1	1.00e0	9.27e2	379	206	206	206	9	10	4.85	7	3.40
727	data/reference/motifs/JASPAR2026_CORE_plants_non-redundant_pfms_meme.txt	MA1666.3	HSFB2B	RGAAGSTTCTA	7.55e-1	1.00e0	9.27e2	294	206	206	206	2	97	47.09	103	50.00
728	data/reference/motifs/JASPAR2026_CORE_plants_non-redundant_pfms_meme.txt	MA1665.3	HSFB2A	RGAAGSTTCY	6.88e-1	1.00e0	9.27e2	289	206	206	206	8	2	0.97	2	0.97
729	data/reference/motifs/JASPAR2026_CORE_plants_non-redundant_pfms_meme.txt	MA1664.3	HSFA6B	TTCTRGAA	5.00e-1	1.00e0	9.27e2	403	206	206	206	9	25	12.14	24	11.65
730	data/reference/motifs/JASPAR2026_CORE_plants_non-redundant_pfms_meme.txt	MA1805.2	WRKY53	RGTCAAC	2.13e-1	1.00e0	9.27e2	412	206	206	206	8	121	58.74	112	54.37
731	data/reference/motifs/JASPAR2026_CORE_plants_non-redundant_pfms_meme.txt	MA1318.2	WRKY27	CGTTGACTTTT	6.80e-1	1.00e0	9.27e2	183	206	206	206	2	22	10.68	24	11.65
732	data/reference/motifs/JASPAR2026_CORE_plants_non-redundant_pfms_meme.txt	MA1317.2	WRKY50	TTGACTTTT	3.78e-1	1.00e0	9.27e2	320	206	206	206	4	25	12.14	22	10.68
733	data/reference/motifs/JASPAR2026_CORE_plants_non-redundant_pfms_meme.txt	MA1316.2	WRKY71	AAAAGTCAAC	4.14e-1	1.00e0	9.27e2	276	206	206	206	4	12	5.83	10	4.85
734	data/reference/motifs/JASPAR2026_CORE_plants_non-redundant_pfms_meme.txt	MA1315.2	WRKY24	CGTTGACTTTT	3.55e-1	1.00e0	9.27e2	247	206	206	206	3	17	8.25	14	6.80
735	data/reference/motifs/JASPAR2026_CORE_plants_non-redundant_pfms_meme.txt	MA1314.2	WRKY14	AAAGTCAACG	2.49e-1	1.00e0	9.27e2	231	206	206	206	5	2	0.97	0	0.00
736	data/reference/motifs/JASPAR2026_CORE_plants_non-redundant_pfms_meme.txt	MA1313.2	WRKY7	CGTTGACTTTT	3.62e-1	1.00e0	9.27e2	141	206	206	206	2	19	9.22	16	7.77
737	data/reference/motifs/JASPAR2026_CORE_plants_non-redundant_pfms_meme.txt	MA1312.2	WRKY47	CGTTGACYW	1.86e-1	1.00e0	9.27e2	328	206	206	206	6	4	1.94	1	0.49
738	data/reference/motifs/JASPAR2026_CORE_plants_non-redundant_pfms_meme.txt	MA1311.3	WRKY28	RGTCAAC	2.49e-1	1.00e0	9.27e2	406	206	206	206	14	2	0.97	0	0.00
739	data/reference/motifs/JASPAR2026_CORE_plants_non-redundant_pfms_meme.txt	MA1310.2	WRKY42	CGTTGACT	3.12e-1	1.00e0	9.27e2	262	206	206	206	5	3	1.46	1	0.49
740	data/reference/motifs/JASPAR2026_CORE_plants_non-redundant_pfms_meme.txt	MA1308.2	WRKY70	CGTTGACTTT	3.62e-1	1.00e0	9.27e2	136	206	206	206	3	5	2.43	3	1.46
741	data/reference/motifs/JASPAR2026_CORE_plants_non-redundant_pfms_meme.txt	MA1307.3	WRKY31	RGTCAACG	2.40e-1	1.00e0	9.27e2	354	206	206	206	1	180	87.38	174	84.47
742	data/reference/motifs/JASPAR2026_CORE_plants_non-redundant_pfms_meme.txt	MA1306.2	WRKY11	CGTTGACTTTT	8.21e-1	1.00e0	9.27e2	244	206	206	206	3	14	6.80	18	8.74
743	data/reference/motifs/JASPAR2026_CORE_plants_non-redundant_pfms_meme.txt	MA1304.2	WRKY59	AAAAGTCAAM	1.24e-1	1.00e0	9.27e2	367	206	206	206	8	3	1.46	0	0.00
744	data/reference/motifs/JASPAR2026_CORE_plants_non-redundant_pfms_meme.txt	MA1303.2	WRKY22	AAAGTCAACK	2.49e-1	1.00e0	9.27e2	231	206	206	206	5	2	0.97	0	0.00
745	data/reference/motifs/JASPAR2026_CORE_plants_non-redundant_pfms_meme.txt	MA1302.2	WRKY65	AAAGTCAACG	5.00e-1	1.00e0	9.27e2	282	206	206	206	5	2	0.97	1	0.49
746	data/reference/motifs/JASPAR2026_CORE_plants_non-redundant_pfms_meme.txt	MA1301.2	WRKY33	AAAGTCAACG	3.12e-1	1.00e0	9.27e2	240	206	206	206	5	3	1.46	1	0.49
747	data/reference/motifs/JASPAR2026_CORE_plants_non-redundant_pfms_meme.txt	MA1300.2	WRKY6	CGTTGACT	2.35e-1	1.00e0	9.27e2	211	206	206	206	3	11	5.34	7	3.40
748	data/reference/motifs/JASPAR2026_CORE_plants_non-redundant_pfms_meme.txt	MA1299.2	WRKY17	AAAGTCAACG	3.00e-1	1.00e0	9.27e2	261	206	206	206	4	9	4.37	6	2.91
749	data/reference/motifs/JASPAR2026_CORE_plants_non-redundant_pfms_meme.txt	MA1298.2	WRKY29	AAAGTCAAC	5.00e-1	1.00e0	9.27e2	332	206	206	206	6	2	0.97	1	0.49
750	data/reference/motifs/JASPAR2026_CORE_plants_non-redundant_pfms_meme.txt	MA1297.2	WRKY26	AAAAGTCAACG	5.00e-1	1.00e0	9.27e2	252	206	206	206	4	5	2.43	4	1.94
751	data/reference/motifs/JASPAR2026_CORE_plants_non-redundant_pfms_meme.txt	MA1296.2	WRKY46	CGTTGACTTT	5.00e-1	1.00e0	9.27e2	234	206	206	206	5	2	0.97	1	0.49
752	data/reference/motifs/JASPAR2026_CORE_plants_non-redundant_pfms_meme.txt	MA1295.2	WRKY20	CGTTGACY	2.17e-1	1.00e0	9.27e2	304	206	206	206	1	156	75.73	148	71.84
753	data/reference/motifs/JASPAR2026_CORE_plants_non-redundant_pfms_meme.txt	MA1094.3	WRKY8	AAAAGTCAACG	2.49e-1	1.00e0	9.27e2	289	206	206	206	6	2	0.97	0	0.00
754	data/reference/motifs/JASPAR2026_CORE_plants_non-redundant_pfms_meme.txt	MA1093.2	WRKY75	RGTCAAC	4.41e-1	1.00e0	9.27e2	267	206	206	206	3	27	13.11	25	12.14
755	data/reference/motifs/JASPAR2026_CORE_plants_non-redundant_pfms_meme.txt	MA1092.2	WRKY63	GGTCAA	1.24e-1	1.00e0	9.27e2	352	206	206	206	8	3	1.46	0	0.00
756	data/reference/motifs/JASPAR2026_CORE_plants_non-redundant_pfms_meme.txt	MA1090.2	WRKY60	GGTCAAC	5.00e-1	1.00e0	9.27e2	352	206	206	206	3	68	33.01	67	32.52
757	data/reference/motifs/JASPAR2026_CORE_plants_non-redundant_pfms_meme.txt	MA1086.2	WRKY43	RGTCAA	1.24e-1	1.00e0	9.27e2	412	206	206	206	53	3	1.46	0	0.00
758	data/reference/motifs/JASPAR2026_CORE_plants_non-redundant_pfms_meme.txt	MA1085.3	WRKY40	AGTCAA	2.77e-1	1.00e0	9.27e2	324	206	206	206	2	106	51.46	99	48.06
759	data/reference/motifs/JASPAR2026_CORE_plants_non-redundant_pfms_meme.txt	MA1083.3	WRKY30	ARGTCAACG	3.45e-1	1.00e0	9.27e2	344	206	206	206	1	174	84.47	170	82.52
760	data/reference/motifs/JASPAR2026_CORE_plants_non-redundant_pfms_meme.txt	MA1081.3	WRKY25	RGTCAACG	2.60e-1	1.00e0	9.27e2	369	206	206	206	1	187	90.78	182	88.35
761	data/reference/motifs/JASPAR2026_CORE_plants_non-redundant_pfms_meme.txt	MA1079.3	WRKY21	AAAAGTCAACG	3.12e-1	1.00e0	9.27e2	269	206	206	206	5	3	1.46	1	0.49
762	data/reference/motifs/JASPAR2026_CORE_plants_non-redundant_pfms_meme.txt	MA1078.2	WRKY2	GGTCAAM	2.67e-1	1.00e0	9.27e2	395	206	206	206	3	138	66.99	131	63.59
763	data/reference/motifs/JASPAR2026_CORE_plants_non-redundant_pfms_meme.txt	MA1077.2	WRKY18	RGTCAA	3.12e-1	1.00e0	9.27e2	410	206	206	206	14	3	1.46	1	0.49
764	data/reference/motifs/JASPAR2026_CORE_plants_non-redundant_pfms_meme.txt	MA1076.3	WRKY15	RGTCAACG	5.00e-1	1.00e0	9.27e2	381	206	206	206	1	191	92.72	190	92.23
765	data/reference/motifs/JASPAR2026_CORE_plants_non-redundant_pfms_meme.txt	MA2053.2	NAC105	CAAGCAACC	1.86e-1	1.00e0	9.27e2	406	206	206	206	13	4	1.94	1	0.49
766	data/reference/motifs/JASPAR2026_CORE_plants_non-redundant_pfms_meme.txt	MA2051.2	NAC68	ACAAGTAW	4.45e-1	1.00e0	9.27e2	412	206	206	206	8	177	85.92	175	84.95
767	data/reference/motifs/JASPAR2026_CORE_plants_non-redundant_pfms_meme.txt	MA2050.2	NAC101	CAAGCAA	5.00e-1	1.00e0	9.27e2	412	206	206	206	22	2	0.97	1	0.49
768	data/reference/motifs/JASPAR2026_CORE_plants_non-redundant_pfms_meme.txt	MA2049.2	NAC053	CAAGAAA	1.08e-1	1.00e0	9.27e2	411	206	206	206	11	16	7.77	9	4.37
769	data/reference/motifs/JASPAR2026_CORE_plants_non-redundant_pfms_meme.txt	MA2048.2	NAC045	GAAGCAAC	2.56e-1	1.00e0	9.27e2	409	206	206	206	4	174	84.47	168	81.55
770	data/reference/motifs/JASPAR2026_CORE_plants_non-redundant_pfms_meme.txt	MA2047.2	NAC037	CAAGCAA	3.66e-1	1.00e0	9.27e2	411	206	206	206	11	53	25.73	49	23.79
771	data/reference/motifs/JASPAR2026_CORE_plants_non-redundant_pfms_meme.txt	MA2044.2	NAC007	CAAGCAA	3.55e-1	1.00e0	9.27e2	411	206	206	206	4	192	93.20	189	91.75
772	data/reference/motifs/JASPAR2026_CORE_plants_non-redundant_pfms_meme.txt	MA2043.2	NAC004	CAAGAAA	1.01e-1	1.00e0	9.27e2	411	206	206	206	14	11	5.34	5	2.43
773	data/reference/motifs/JASPAR2026_CORE_plants_non-redundant_pfms_meme.txt	MA2038.2	NAC103	CAAGTTA	1.96e-1	1.00e0	9.27e2	412	206	206	206	13	46	22.33	38	18.45
774	data/reference/motifs/JASPAR2026_CORE_plants_non-redundant_pfms_meme.txt	MA2037.2	NAC096	CAAGTAA	2.49e-1	1.00e0	9.27e2	412	206	206	206	18	2	0.97	0	0.00
775	data/reference/motifs/JASPAR2026_CORE_plants_non-redundant_pfms_meme.txt	MA2036.2	NAC076	CAAGCAA	1.89e-1	1.00e0	9.27e2	411	206	206	206	6	171	83.01	163	79.13
776	data/reference/motifs/JASPAR2026_CORE_plants_non-redundant_pfms_meme.txt	MA2035.2	NAC075	GWAGCTTGTNNNACAAGCTW	5.00e-1	1.00e0	9.27e2	79	206	206	206	2	20	9.71	19	9.22
777	data/reference/motifs/JASPAR2026_CORE_plants_non-redundant_pfms_meme.txt	MA2010.2	SMB	CAAGCAA	3.62e-1	1.00e0	9.27e2	411	206	206	206	3	203	98.54	201	97.57
778	data/reference/motifs/JASPAR2026_CORE_plants_non-redundant_pfms_meme.txt	MA2009.2	NAC010	TAACTTGTDNHACAAGTTACC	8.14e-1	1.00e0	9.27e2	45	206	206	206	3	2	0.97	3	1.46
779	data/reference/motifs/JASPAR2026_CORE_plants_non-redundant_pfms_meme.txt	MA1785.2	NAC018	ACACGYAACY	1.71e-1	1.00e0	9.27e2	324	206	206	206	3	71	34.47	61	29.61
780	data/reference/motifs/JASPAR2026_CORE_plants_non-redundant_pfms_meme.txt	MA1678.3	NTL8	GAAGAAAC	1.40e-1	1.00e0	9.27e2	412	206	206	206	5	178	86.41	169	82.04
781	data/reference/motifs/JASPAR2026_CORE_plants_non-redundant_pfms_meme.txt	MA1677.2	NAC078	CAAGAAA	1.24e-1	1.00e0	9.27e2	411	206	206	206	12	18	8.74	11	5.34
782	data/reference/motifs/JASPAR2026_CORE_plants_non-redundant_pfms_meme.txt	MA1676.3	NAC062	TAAGTAA	3.71e-1	1.00e0	9.27e2	412	206	206	206	20	22	10.68	19	9.22
783	data/reference/motifs/JASPAR2026_CORE_plants_non-redundant_pfms_meme.txt	MA1675.2	NAC029	ACGCAACT	2.96e-1	1.00e0	9.27e2	378	206	206	206	1	191	92.72	187	90.78
784	data/reference/motifs/JASPAR2026_CORE_plants_non-redundant_pfms_meme.txt	MA1674.3	NAC017	CAAGTAA	1.42e-1	1.00e0	9.27e2	412	206	206	206	4	204	99.03	200	97.09
785	data/reference/motifs/JASPAR2026_CORE_plants_non-redundant_pfms_meme.txt	MA1663.3	NAC050	CAAGTAAC	1.10e-1	1.00e0	9.27e2	410	206	206	206	13	8	3.88	3	1.46
786	data/reference/motifs/JASPAR2026_CORE_plants_non-redundant_pfms_meme.txt	MA1660.2	NAC013	TTACTTGTTCYMCAAGTAA	6.35e-1	1.00e0	9.27e2	70	206	206	206	2	18	8.74	19	9.22
787	data/reference/motifs/JASPAR2026_CORE_plants_non-redundant_pfms_meme.txt	MA1045.2	NAC043	TWACGTAA	1.26e-1	1.00e0	9.27e2	392	206	206	206	1	199	96.60	193	93.69
788	data/reference/motifs/JASPAR2026_CORE_plants_non-redundant_pfms_meme.txt	MA1043.2	NAC083	YACGYAA	3.77e-1	1.00e0	9.27e2	138	206	206	206	1	71	34.47	67	32.52
789	data/reference/motifs/JASPAR2026_CORE_plants_non-redundant_pfms_meme.txt	MA0938.3	NAC058	TTACKTGTDNMACAAGWAA	7.42e-1	1.00e0	9.27e2	72	206	206	206	1	34	16.50	38	18.45
790	data/reference/motifs/JASPAR2026_CORE_plants_non-redundant_pfms_meme.txt	MA1813.2	EIL4	TWCAATGAA	1.42e-1	1.00e0	9.27e2	400	206	206	206	7	68	33.01	57	27.67
791	data/reference/motifs/JASPAR2026_CORE_plants_non-redundant_pfms_meme.txt	MA1682.2	TCX3	AAATTCAAATWT	1.10e-1	1.00e0	9.27e2	407	206	206	206	13	8	3.88	3	1.46
792	data/reference/motifs/JASPAR2026_CORE_plants_non-redundant_pfms_meme.txt	MA1756.2	GRF9	TGTCAGA	2.01e-1	1.00e0	9.27e2	347	206	206	206	3	72	34.95	63	30.58
793	data/reference/motifs/JASPAR2026_CORE_plants_non-redundant_pfms_meme.txt	MA1801.2	TREE1	AGCTD	2.54e-1	1.00e0	9.27e2	412	206	206	206	32	153	74.27	146	70.87
794	data/reference/motifs/JASPAR2026_CORE_plants_non-redundant_pfms_meme.txt	MA1372.2	ZAT10	CACTNHCACT	1.44e-1	1.00e0	9.27e2	411	206	206	206	14	21	10.19	14	6.80
795	data/reference/motifs/JASPAR2026_CORE_plants_non-redundant_pfms_meme.txt	MA1371.2	IDD4	ASAAAAMGACAAAAA	1.63e-1	1.00e0	9.27e2	223	206	206	206	2	46	22.33	37	17.96
796	data/reference/motifs/JASPAR2026_CORE_plants_non-redundant_pfms_meme.txt	MA1159.2	SGR5	AAAWAAGACAAAA	1.70e-1	1.00e0	9.27e2	361	206	206	206	2	146	70.87	136	66.02
797	data/reference/motifs/JASPAR2026_CORE_plants_non-redundant_pfms_meme.txt	MA1157.2	NUC	TTTTGTCGTTTT	2.37e-1	1.00e0	9.27e2	260	206	206	206	1	134	65.05	126	61.17
798	data/reference/motifs/JASPAR2026_CORE_plants_non-redundant_pfms_meme.txt	MA1156.2	JKD	TTTTGTCKTTTT	1.51e-1	1.00e0	9.27e2	339	206	206	206	1	174	84.47	165	80.10
799	data/reference/motifs/JASPAR2026_CORE_plants_non-redundant_pfms_meme.txt	MA2015.2	NAC002	ACGCAACT	2.35e-1	1.00e0	9.27e2	394	206	206	206	9	11	5.34	7	3.40
800	data/reference/motifs/JASPAR2026_CORE_plants_non-redundant_pfms_meme.txt	MA1803.2	VIP1	TGMCAGCTGT	2.43e-1	1.00e0	9.27e2	174	206	206	206	1	91	44.17	83	40.29
801	data/reference/motifs/JASPAR2026_CORE_plants_non-redundant_pfms_meme.txt	MA1425.2	HYH	TSACGTG	2.32e-1	1.00e0	9.27e2	275	206	206	206	3	72	34.95	64	31.07
802	data/reference/motifs/JASPAR2026_CORE_plants_non-redundant_pfms_meme.txt	MA1346.2	TGA10	GMTGACGTCA	3.86e-1	1.00e0	9.27e2	163	206	206	206	3	7	3.40	5	2.43
803	data/reference/motifs/JASPAR2026_CORE_plants_non-redundant_pfms_meme.txt	MA1336.2	TGA3	RTGACGTCAKC	5.00e-1	1.00e0	9.27e2	85	206	206	206	3	2	0.97	1	0.49
804	data/reference/motifs/JASPAR2026_CORE_plants_non-redundant_pfms_meme.txt	MA1047.3	TGA5	ATGACGTCA	1.92e-1	1.00e0	9.27e2	314	206	206	206	4	64	31.07	55	26.70
805	data/reference/motifs/JASPAR2026_CORE_plants_non-redundant_pfms_meme.txt	MA1064.2	TCP2	TGGKMCCA	1.55e-1	1.00e0	9.27e2	386	206	206	206	8	133	64.56	122	59.22
806	data/reference/motifs/JASPAR2026_CORE_plants_non-redundant_pfms_meme.txt	MA1331.2	BEH4	YGCACGTGTG	7.92e-1	1.00e0	9.27e2	35	206	206	206	2	6	2.91	8	3.88
807	data/reference/motifs/JASPAR2026_CORE_plants_non-redundant_pfms_meme.txt	MA1362.2	bHLH77	DWNGBCACGTGM	6.17e-1	1.00e0	9.27e2	155	206	206	206	2	25	12.14	26	12.62
808	data/reference/motifs/JASPAR2026_CORE_plants_non-redundant_pfms_meme.txt	MA1358.2	bHLH130	CMACTTGC	5.63e-1	1.00e0	9.27e2	227	206	206	206	3	22	10.68	22	10.68
809	data/reference/motifs/JASPAR2026_CORE_plants_non-redundant_pfms_meme.txt	MA1357.2	bHLH80	TGCAAGTKG	5.00e-1	1.00e0	9.27e2	115	206	206	206	5	1	0.49	0	0.00
810	data/reference/motifs/JASPAR2026_CORE_plants_non-redundant_pfms_meme.txt	MA0962.2	bHLH34	GCACGTG	2.97e-1	1.00e0	9.27e2	285	206	206	206	3	36	17.48	31	15.05
811	data/reference/motifs/JASPAR2026_CORE_plants_non-redundant_pfms_meme.txt	MA0961.2	bHLH112	CCACTTG	6.80e-1	1.00e0	9.27e2	88	206	206	206	2	9	4.37	10	4.85
812	data/reference/motifs/JASPAR2026_CORE_plants_non-redundant_pfms_meme.txt	MA1697.2	ARF4	ACGACAAG	1.21e-1	1.00e0	9.27e2	406	206	206	206	4	148	71.84	136	66.02
813	data/reference/motifs/JASPAR2026_CORE_plants_non-redundant_pfms_meme.txt	MA1694.2	ARF35	CCCGACAAG	1.79e-1	1.00e0	9.27e2	342	206	206	206	1	175	84.95	167	81.07
814	data/reference/motifs/JASPAR2026_CORE_plants_non-redundant_pfms_meme.txt	MA0581.2	LEC2	CATGCR	1.83e-1	1.00e0	9.27e2	307	206	206	206	1	158	76.70	149	72.33
815	data/reference/motifs/JASPAR2026_CORE_plants_non-redundant_pfms_meme.txt	MA2013.2	ERF115	YCGCCGCCGCM	5.00e-1	1.00e0	9.27e2	103	206	206	206	6	3	1.46	2	0.97
816	data/reference/motifs/JASPAR2026_CORE_plants_non-redundant_pfms_meme.txt	MA2011.2	ERF010	CACCGACA	1.18e-1	1.00e0	9.27e2	316	206	206	206	2	106	51.46	93	45.15
817	data/reference/motifs/JASPAR2026_CORE_plants_non-redundant_pfms_meme.txt	MA1753.2	ERF057	CCDCCDCCRCCGCC	3.46e-1	1.00e0	9.27e2	109	206	206	206	3	15	7.28	12	5.83
818	data/reference/motifs/JASPAR2026_CORE_plants_non-redundant_pfms_meme.txt	MA1679.2	RAP2-1	CACCGACA	1.37e-1	1.00e0	9.27e2	284	206	206	206	5	14	6.80	8	3.88
819	data/reference/motifs/JASPAR2026_CORE_plants_non-redundant_pfms_meme.txt	MA1670.2	DREB1C	GCCGACAT	2.49e-1	1.00e0	9.27e2	322	206	206	206	10	2	0.97	0	0.00
820	data/reference/motifs/JASPAR2026_CORE_plants_non-redundant_pfms_meme.txt	MA1669.2	DREB1B	GCCGACAT	4.20e-1	1.00e0	9.27e2	296	206	206	206	5	14	6.80	12	5.83
821	data/reference/motifs/JASPAR2026_CORE_plants_non-redundant_pfms_meme.txt	MA1266.2	RAP2-11	YCDYCGCCGGC	3.36e-1	1.00e0	9.27e2	125	206	206	206	2	31	15.05	27	13.11
822	data/reference/motifs/JASPAR2026_CORE_plants_non-redundant_pfms_meme.txt	MA1265.3	ERF015	CACCGACA	1.46e-1	1.00e0	9.27e2	278	206	206	206	6	10	4.85	5	2.43
823	data/reference/motifs/JASPAR2026_CORE_plants_non-redundant_pfms_meme.txt	MA1263.2	ERF055	KGKCGGTGG	2.35e-1	1.00e0	9.27e2	154	206	206	206	3	11	5.34	7	3.40
824	data/reference/motifs/JASPAR2026_CORE_plants_non-redundant_pfms_meme.txt	MA1261.2	ERF122	TRCGGCKGHG	2.64e-1	1.00e0	9.27e2	264	206	206	206	5	14	6.80	10	4.85
825	data/reference/motifs/JASPAR2026_CORE_plants_non-redundant_pfms_meme.txt	MA1253.2	ERF036	TGTCGGTG	3.62e-1	1.00e0	9.27e2	276	206	206	206	6	5	2.43	3	1.46
826	data/reference/motifs/JASPAR2026_CORE_plants_non-redundant_pfms_meme.txt	MA1248.2	ERF012	CCACCGMC	5.00e-1	1.00e0	9.27e2	195	206	206	206	1	98	47.57	97	47.09
827	data/reference/motifs/JASPAR2026_CORE_plants_non-redundant_pfms_meme.txt	MA1247.2	ERF087	GRCGGCGGMG	3.86e-1	1.00e0	9.27e2	85	206	206	206	3	7	3.40	5	2.43
828	data/reference/motifs/JASPAR2026_CORE_plants_non-redundant_pfms_meme.txt	MA1238.3	ERF038	CACCGACA	1.46e-1	1.00e0	9.27e2	280	206	206	206	6	10	4.85	5	2.43
829	data/reference/motifs/JASPAR2026_CORE_plants_non-redundant_pfms_meme.txt	MA1234.2	ERF017	TGGWCGGTG	2.12e-1	1.00e0	9.27e2	196	206	206	206	2	37	17.96	30	14.56
830	data/reference/motifs/JASPAR2026_CORE_plants_non-redundant_pfms_meme.txt	MA1233.3	ERF021	CGCCGACA	1.16e-1	1.00e0	9.27e2	322	206	206	206	4	50	24.27	39	18.93
831	data/reference/motifs/JASPAR2026_CORE_plants_non-redundant_pfms_meme.txt	MA1229.2	ERF034	TGTCGGTGR	3.70e-1	1.00e0	9.27e2	112	206	206	206	1	58	28.16	54	26.21
832	data/reference/motifs/JASPAR2026_CORE_plants_non-redundant_pfms_meme.txt	MA1227.3	ERF027	RCCGACA	2.49e-1	1.00e0	9.27e2	337	206	206	206	11	2	0.97	0	0.00
833	data/reference/motifs/JASPAR2026_CORE_plants_non-redundant_pfms_meme.txt	MA1220.2	TINY	YCACCGACA	4.15e-1	1.00e0	9.27e2	125	206	206	206	1	64	31.07	61	29.61
834	data/reference/motifs/JASPAR2026_CORE_plants_non-redundant_pfms_meme.txt	MA1219.3	ERF011	CACCGAC	1.46e-1	1.00e0	9.27e2	317	206	206	206	6	15	7.28	9	4.37
835	data/reference/motifs/JASPAR2026_CORE_plants_non-redundant_pfms_meme.txt	MA1010.2	PHYPADRAFT_64121	TGTCGGTA	9.85e-2	1.00e0	9.27e2	399	206	206	206	9	15	7.28	8	3.88
836	data/reference/motifs/JASPAR2026_CORE_plants_non-redundant_pfms_meme.txt	MA1004.2	ERF13	SGCCGCC	1.86e-1	1.00e0	9.27e2	209	206	206	206	10	4	1.94	1	0.49
837	data/reference/motifs/JASPAR2026_CORE_plants_non-redundant_pfms_meme.txt	MA0995.3	ERF039	RCCGACA	1.16e-1	1.00e0	9.27e2	359	206	206	206	6	30	14.56	21	10.19
838	data/reference/motifs/JASPAR2026_CORE_plants_non-redundant_pfms_meme.txt	MA0980.3	RAP2-10	RCCGACA	2.49e-1	1.00e0	9.27e2	312	206	206	206	9	2	0.97	0	0.00
839	data/reference/motifs/JASPAR2026_CORE_plants_non-redundant_pfms_meme.txt	MA0971.2	DREB1A	ATGTCGGY	5.00e-1	1.00e0	9.27e2	312	206	206	206	5	21	10.19	20	9.71
840	data/reference/motifs/JASPAR2026_CORE_plants_non-redundant_pfms_meme.txt	MA1377.2	PLT1	KGCACGVWTHYCGAGR	5.00e-1	1.00e0	9.27e2	119	206	206	206	1	60	29.13	59	28.64
841	data/reference/motifs/JASPAR2026_CORE_plants_non-redundant_pfms_meme.txt	MA2005.2	NAC016	TVCKTGWBCYNCAMG	6.88e-1	1.00e0	9.27e2	88	206	206	206	4	2	0.97	2	0.97
842	data/reference/motifs/JASPAR2026_CORE_plants_non-redundant_pfms_meme.txt	MA2453.1	SPL8B	ATAGTACTC	2.21e-1	1.00e0	9.27e2	347	206	206	206	5	27	13.11	21	10.19
843	data/reference/motifs/JASPAR2026_CORE_plants_non-redundant_pfms_meme.txt	MA2452.1	SPL8A	ATAGTACTC	1.40e-1	1.00e0	9.27e2	367	206	206	206	2	151	73.30	140	67.96
844	data/reference/motifs/JASPAR2026_CORE_plants_non-redundant_pfms_meme.txt	MA2420.1	SBP6	AAGTACAA	1.92e-1	1.00e0	9.27e2	408	206	206	206	4	170	82.52	162	78.64
845	data/reference/motifs/JASPAR2026_CORE_plants_non-redundant_pfms_meme.txt	MA2419.1	UB3	GAAGTACAAC	3.02e-1	1.00e0	9.27e2	402	206	206	206	4	139	67.48	133	64.56
846	data/reference/motifs/JASPAR2026_CORE_plants_non-redundant_pfms_meme.txt	MA2411.1	ZmbZIP57	ATGATGTCAT	4.27e-1	1.00e0	9.27e2	393	206	206	206	7	17	8.25	15	7.28
847	data/reference/motifs/JASPAR2026_CORE_plants_non-redundant_pfms_meme.txt	MA2409.1	ZmbZIP25	GATGACATCA	1.46e-1	1.00e0	9.27e2	377	206	206	206	8	10	4.85	5	2.43
848	data/reference/motifs/JASPAR2026_CORE_plants_non-redundant_pfms_meme.txt	MA2405.1	OsMSL08	GTAAAW	2.08e-1	1.00e0	9.27e2	412	206	206	206	30	133	64.56	124	60.19
849	data/reference/motifs/JASPAR2026_CORE_plants_non-redundant_pfms_meme.txt	MA2404.1	OsTRBF3	WRMCCTA	5.00e-1	1.00e0	9.27e2	412	206	206	206	12	130	63.11	129	62.62
850	data/reference/motifs/JASPAR2026_CORE_plants_non-redundant_pfms_meme.txt	MA2402.1	OsERF104	GCCGY	1.06e-1	1.00e0	9.27e2	410	206	206	206	9	76	36.89	63	30.58
851	data/reference/motifs/JASPAR2026_CORE_plants_non-redundant_pfms_meme.txt	MA2398.1	AS2	CGGCGGMRRHDRCGGCGG	5.00e-1	1.00e0	9.27e2	69	206	206	206	3	3	1.46	2	0.97
852	data/reference/motifs/JASPAR2026_CORE_plants_non-redundant_pfms_meme.txt	MA2395.1	PHYPA_011264	CACCGACM	5.00e-1	1.00e0	9.27e2	162	206	206	206	5	1	0.49	0	0.00
853	data/reference/motifs/JASPAR2026_CORE_plants_non-redundant_pfms_meme.txt	MA2394.1	PpDof6	CTTT	1.10e-1	1.00e0	9.27e2	412	206	206	206	60	203	98.54	198	96.12
854	data/reference/motifs/JASPAR2026_CORE_plants_non-redundant_pfms_meme.txt	MA2389.1	GBF1	ACGTGKM	1.06e-1	1.00e0	9.27e2	412	206	206	206	16	58	28.16	46	22.33
855	data/reference/motifs/JASPAR2026_CORE_plants_non-redundant_pfms_meme.txt	MA2388.1	GATA1	AGATCTRRWT	2.89e-1	1.00e0	9.27e2	302	206	206	206	1	154	74.76	148	71.84
856	data/reference/motifs/JASPAR2026_CORE_plants_non-redundant_pfms_meme.txt	MA2380.1	DOF4.7	TWACTTTTT	2.25e-1	1.00e0	9.27e2	410	206	206	206	17	5	2.43	2	0.97
857	data/reference/motifs/JASPAR2026_CORE_plants_non-redundant_pfms_meme.txt	MA2379.1	DOF3.1	CKTT	1.10e-1	1.00e0	9.27e2	412	206	206	206	88	203	98.54	198	96.12
858	data/reference/motifs/JASPAR2026_CORE_plants_non-redundant_pfms_meme.txt	MA2374.1	AHL13	ATATAATT	4.42e-1	1.00e0	9.27e2	412	206	206	206	119	28	13.59	26	12.62
859	data/reference/motifs/JASPAR2026_CORE_plants_non-redundant_pfms_meme.txt	MA2370.1	MBD2	AGCTD	2.54e-1	1.00e0	9.27e2	412	206	206	206	32	153	74.27	146	70.87
860	data/reference/motifs/JASPAR2026_CORE_plants_non-redundant_pfms_meme.txt	MA2366.1	VOZ2	GCGT	1.42e-1	1.00e0	9.27e2	412	206	206	206	10	204	99.03	200	97.09
861	data/reference/motifs/JASPAR2026_CORE_plants_non-redundant_pfms_meme.txt	MA2365.1	VIT_17s0000g10420	GTTAACYV	5.00e-1	1.00e0	9.27e2	312	206	206	206	3	58	28.16	57	27.67
862	data/reference/motifs/JASPAR2026_CORE_plants_non-redundant_pfms_meme.txt	MA2362.1	TEIL	AGRTWCAT	1.41e-1	1.00e0	9.27e2	412	206	206	206	18	28	13.59	20	9.71
863	data/reference/motifs/JASPAR2026_CORE_plants_non-redundant_pfms_meme.txt	MA2360.1	PK28565.1	TAACBGTC	5.00e-1	1.00e0	9.27e2	407	206	206	206	2	189	91.75	188	91.26
864	data/reference/motifs/JASPAR2026_CORE_plants_non-redundant_pfms_meme.txt	MA2359.1	PK23829.1	TTATCCR	3.62e-1	1.00e0	9.27e2	364	206	206	206	4	49	23.79	45	21.84
865	data/reference/motifs/JASPAR2026_CORE_plants_non-redundant_pfms_meme.txt	MA2357.1	PK21687.1	WAAACCC	1.14e-1	1.00e0	9.27e2	412	206	206	206	28	12	5.83	6	2.91
866	data/reference/motifs/JASPAR2026_CORE_plants_non-redundant_pfms_meme.txt	MA2356.1	PK20555.1	CTTTW	1.42e-1	1.00e0	9.27e2	412	206	206	206	100	166	80.58	156	75.73
867	data/reference/motifs/JASPAR2026_CORE_plants_non-redundant_pfms_meme.txt	MA2354.1	PK06182.1	TACCTACC	2.49e-1	1.00e0	9.27e2	346	206	206	206	8	2	0.97	0	0.00
868	data/reference/motifs/JASPAR2026_CORE_plants_non-redundant_pfms_meme.txt	MA2353.1	PK02532.1	WAATATCT	1.07e-1	1.00e0	9.27e2	341	206	206	206	4	28	13.59	19	9.22
869	data/reference/motifs/JASPAR2026_CORE_plants_non-redundant_pfms_meme.txt	MA2350.1	OsFBH1	CCACTTG	6.80e-1	1.00e0	9.27e2	88	206	206	206	2	9	4.37	10	4.85
870	data/reference/motifs/JASPAR2026_CORE_plants_non-redundant_pfms_meme.txt	MA2349.1	OsCCA1	AATATCT	2.51e-1	1.00e0	9.27e2	412	206	206	206	42	6	2.91	3	1.46
871	data/reference/motifs/JASPAR2026_CORE_plants_non-redundant_pfms_meme.txt	MA2345.1	OS02G0104500	GTAAAW	8.70e-2	1.00e0	9.27e2	412	206	206	206	40	186	90.29	176	85.44
872	data/reference/motifs/JASPAR2026_CORE_plants_non-redundant_pfms_meme.txt	MA2106.1	Zm00001d024644	CCTTATCC	5.00e-1	1.00e0	9.27e2	410	206	206	206	15	4	1.94	3	1.46
873	data/reference/motifs/JASPAR2026_CORE_plants_non-redundant_pfms_meme.txt	MA2104.1	IDD11	AAAACGACAAAA	1.42e-1	1.00e0	9.27e2	294	206	206	206	5	6	2.91	2	0.97
874	data/reference/motifs/JASPAR2026_CORE_plants_non-redundant_pfms_meme.txt	MA1800.1	TEM1	GCAACATA	2.31e-1	1.00e0	9.27e2	380	206	206	206	4	71	34.47	63	30.58
875	data/reference/motifs/JASPAR2026_CORE_plants_non-redundant_pfms_meme.txt	MA1797.1	RAV2	GCAACATA	3.75e-1	1.00e0	9.27e2	238	206	206	206	4	6	2.91	4	1.94
876	data/reference/motifs/JASPAR2026_CORE_plants_non-redundant_pfms_meme.txt	MA1792.1	NAC098	CKTGTNNHACACGTHA	5.00e-1	1.00e0	9.27e2	103	206	206	206	5	1	0.49	0	0.00
877	data/reference/motifs/JASPAR2026_CORE_plants_non-redundant_pfms_meme.txt	MA1790.1	NAC073	CTTSWYBHWCAMGYT	3.33e-1	1.00e0	9.27e2	298	206	206	206	4	30	14.56	26	12.62
878	data/reference/motifs/JASPAR2026_CORE_plants_non-redundant_pfms_meme.txt	MA1789.1	NAC071	CTTSWHYYTCAMGYA	3.66e-1	1.00e0	9.27e2	193	206	206	206	2	53	25.73	49	23.79
879	data/reference/motifs/JASPAR2026_CORE_plants_non-redundant_pfms_meme.txt	MA1783.1	NAC005	TWRCTTVTTYHAYAAGTTW	7.16e-1	1.00e0	9.27e2	90	206	206	206	2	27	13.11	30	14.56
880	data/reference/motifs/JASPAR2026_CORE_plants_non-redundant_pfms_meme.txt	MA1749.1	E2FC	AWDWWGGCGCCAAAA	8.21e-1	1.00e0	9.27e2	32	206	206	206	1	14	6.80	18	8.74
881	data/reference/motifs/JASPAR2026_CORE_plants_non-redundant_pfms_meme.txt	MA1741.1	BRN2	CTTGWWHYDYACGYWA	3.26e-1	1.00e0	9.27e2	226	206	206	206	3	27	13.11	23	11.17
882	data/reference/motifs/JASPAR2026_CORE_plants_non-redundant_pfms_meme.txt	MA1734.1	AT1G19040	CTTGNDCYBCAAGTWW	5.90e-1	1.00e0	9.27e2	63	206	206	206	2	10	4.85	10	4.85
883	data/reference/motifs/JASPAR2026_CORE_plants_non-redundant_pfms_meme.txt	MA1686.1	ARF13	ARCGGGGGACAYGT	5.00e-1	1.00e0	9.27e2	69	206	206	206	3	3	1.46	2	0.97
884	data/reference/motifs/JASPAR2026_CORE_plants_non-redundant_pfms_meme.txt	MA2091.1	PK27109.1	GACAGCTG	2.96e-1	1.00e0	9.27e2	328	206	206	206	6	19	9.22	15	7.28
885	data/reference/motifs/JASPAR2026_CORE_plants_non-redundant_pfms_meme.txt	MA2089.1	PK25870.1	RGTCAAM	2.49e-1	1.00e0	9.27e2	411	206	206	206	15	2	0.97	0	0.00
886	data/reference/motifs/JASPAR2026_CORE_plants_non-redundant_pfms_meme.txt	MA2086.1	PK23964.1	KCCACGT	1.16e-1	1.00e0	9.27e2	411	206	206	206	14	39	18.93	29	14.08
887	data/reference/motifs/JASPAR2026_CORE_plants_non-redundant_pfms_meme.txt	MA2084.1	PK23009.1	CTTTW	9.60e-2	1.00e0	9.27e2	412	206	206	206	86	66	32.04	53	25.73
888	data/reference/motifs/JASPAR2026_CORE_plants_non-redundant_pfms_meme.txt	MA2083.1	PK21166.1	YACCTACY	3.68e-1	1.00e0	9.27e2	410	206	206	206	9	56	27.18	52	25.24
889	data/reference/motifs/JASPAR2026_CORE_plants_non-redundant_pfms_meme.txt	MA2075.1	PK18009.1	ACACGTG	1.00e-1	1.00e0	9.27e2	409	206	206	206	8	70	33.98	57	27.67
890	data/reference/motifs/JASPAR2026_CORE_plants_non-redundant_pfms_meme.txt	MA2073.1	PK16340.1	CKTT	1.01e-1	1.00e0	9.27e2	412	206	206	206	69	201	97.57	195	94.66
891	data/reference/motifs/JASPAR2026_CORE_plants_non-redundant_pfms_meme.txt	MA2072.1	PK16335.1	GACAGCTG	2.49e-1	1.00e0	9.27e2	374	206	206	206	13	2	0.97	0	0.00
892	data/reference/motifs/JASPAR2026_CORE_plants_non-redundant_pfms_meme.txt	MA2069.1	PK10955.1	CTTTW	3.09e-1	1.00e0	9.27e2	412	206	206	206	16	188	91.26	184	89.32
893	data/reference/motifs/JASPAR2026_CORE_plants_non-redundant_pfms_meme.txt	MA2066.1	PK09021.1	TGACGTCA	5.57e-1	1.00e0	9.27e2	56	206	206	206	1	28	13.59	28	13.59
894	data/reference/motifs/JASPAR2026_CORE_plants_non-redundant_pfms_meme.txt	MA2062.1	PK07031.1	CTTT	2.08e-1	1.00e0	9.27e2	412	206	206	206	188	9	4.37	5	2.43
895	data/reference/motifs/JASPAR2026_CORE_plants_non-redundant_pfms_meme.txt	MA2059.1	PK05432.1	RGTCAA	9.84e-2	1.00e0	9.27e2	412	206	206	206	29	42	20.39	31	15.05
896	data/reference/motifs/JASPAR2026_CORE_plants_non-redundant_pfms_meme.txt	MA2058.1	PK03929.1	CTTTW	1.08e-1	1.00e0	9.27e2	412	206	206	206	36	205	99.51	201	97.57
897	data/reference/motifs/JASPAR2026_CORE_plants_non-redundant_pfms_meme.txt	MA2056.1	PK01144.1	CTTT	3.02e-1	1.00e0	9.27e2	412	206	206	206	128	74	35.92	68	33.01
898	data/reference/motifs/JASPAR2026_CORE_plants_non-redundant_pfms_meme.txt	MA1380.1	TCX6	WTTTAAATTTTTWAA	5.00e-1	1.00e0	9.27e2	393	206	206	206	1	197	95.63	196	95.15
899	data/reference/motifs/JASPAR2026_CORE_plants_non-redundant_pfms_meme.txt	MA1379.1	SOL1	WTTWAAAATTTAAAW	4.07e-1	1.00e0	9.27e2	380	206	206	206	2	161	78.16	158	76.70
900	data/reference/motifs/JASPAR2026_CORE_plants_non-redundant_pfms_meme.txt	MA1373.1	GAF1	HABWAAACGACAAAA	2.49e-1	1.00e0	9.27e2	230	206	206	206	6	2	0.97	0	0.00
901	data/reference/motifs/JASPAR2026_CORE_plants_non-redundant_pfms_meme.txt	MA1348.1	TGA9	GMTGACGTCAY	6.66e-1	1.00e0	9.27e2	86	206	206	206	2	11	5.34	12	5.83
902	data/reference/motifs/JASPAR2026_CORE_plants_non-redundant_pfms_meme.txt	MA1339.1	BZIP43	GCCACGTCAGCA	7.09e-1	1.00e0	9.27e2	32	206	206	206	1	15	7.28	17	8.25
903	data/reference/motifs/JASPAR2026_CORE_plants_non-redundant_pfms_meme.txt	MA1335.1	TGA4	TGACGTCAKCA	3.75e-1	1.00e0	9.27e2	235	206	206	206	4	6	2.91	4	1.94
904	data/reference/motifs/JASPAR2026_CORE_plants_non-redundant_pfms_meme.txt	MA1324.1	GATA20	ATCSGATC	2.97e-1	1.00e0	9.27e2	261	206	206	206	2	66	32.04	60	29.13
905	data/reference/motifs/JASPAR2026_CORE_plants_non-redundant_pfms_meme.txt	MA1309.1	WRKY3	AAAAGTCAACG	2.08e-1	1.00e0	9.27e2	250	206	206	206	4	9	4.37	5	2.43
906	data/reference/motifs/JASPAR2026_CORE_plants_non-redundant_pfms_meme.txt	MA1235.1	AIL7	CGNWTYYCGAG	3.76e-1	1.00e0	9.27e2	369	206	206	206	4	68	33.01	64	31.07
907	data/reference/motifs/JASPAR2026_CORE_plants_non-redundant_pfms_meme.txt	MA1162.1	TCX2	WTTYAAAATTYAAAW	5.00e-1	1.00e0	9.27e2	370	206	206	206	15	2	0.97	1	0.49
908	data/reference/motifs/JASPAR2026_CORE_plants_non-redundant_pfms_meme.txt	MA1161.1	TSO1	WWTTWAAAATTTAAA	1.30e-1	1.00e0	9.27e2	395	206	206	206	12	9	4.37	4	1.94
909	data/reference/motifs/JASPAR2026_CORE_plants_non-redundant_pfms_meme.txt	MA1091.1	WRKY62	TGGTCAAC	5.00e-1	1.00e0	9.27e2	311	206	206	206	6	1	0.49	0	0.00
910	data/reference/motifs/JASPAR2026_CORE_plants_non-redundant_pfms_meme.txt	MA1084.1	WRKY38	CGTTGACC	2.76e-1	1.00e0	9.27e2	404	206	206	206	3	164	79.61	158	76.70
911	data/reference/motifs/JASPAR2026_CORE_plants_non-redundant_pfms_meme.txt	MA1080.1	WRKY23	AGTCAACG	6.14e-1	1.00e0	9.27e2	259	206	206	206	4	6	2.91	6	2.91
912	data/reference/motifs/JASPAR2026_CORE_plants_non-redundant_pfms_meme.txt	MA1075.1	WRKY12	CGTTGACC	1.10e-1	1.00e0	9.27e2	401	206	206	206	1	203	98.54	198	96.12
913	data/reference/motifs/JASPAR2026_CORE_plants_non-redundant_pfms_meme.txt	MA1046.1	NTL9	TTAAGTAAT	5.00e-1	1.00e0	9.27e2	266	206	206	206	2	77	37.38	76	36.89
914	data/reference/motifs/JASPAR2026_CORE_plants_non-redundant_pfms_meme.txt	MA1020.1	GT-1	GTTAACCA	3.74e-1	1.00e0	9.27e2	368	206	206	206	6	23	11.17	20	9.71
915	data/reference/motifs/JASPAR2026_CORE_plants_non-redundant_pfms_meme.txt	MA1013.1	GATA10	TAGATCTG	5.99e-1	1.00e0	9.27e2	214	206	206	206	4	39	18.93	40	19.42
916	data/reference/motifs/JASPAR2026_CORE_plants_non-redundant_pfms_meme.txt	MA0978.1	DREB1E	ATGTCGGC	7.76e-1	1.00e0	9.27e2	192	206	206	206	2	36	17.48	41	19.90
917	data/reference/motifs/JASPAR2026_CORE_plants_non-redundant_pfms_meme.txt	MA0977.1	DOF2.5	AWAAAGTG	2.51e-1	1.00e0	9.27e2	412	206	206	206	7	189	91.75	184	89.32
918	data/reference/motifs/JASPAR2026_CORE_plants_non-redundant_pfms_meme.txt	MA0967.1	BZIP60	TGACGTCA	1.64e-1	1.00e0	9.27e2	395	206	206	206	4	180	87.38	172	83.50
919	data/reference/motifs/JASPAR2026_CORE_plants_non-redundant_pfms_meme.txt	MA0952.1	ATHB-51	AATWATTG	1.08e-1	1.00e0	9.27e2	412	206	206	206	3	205	99.51	201	97.57
920	data/reference/motifs/JASPAR2026_CORE_plants_non-redundant_pfms_meme.txt	MA0951.1	ATHB-16	TAATMATT	1.07e-1	1.00e0	9.27e2	404	206	206	206	5	141	68.45	128	62.14
921	data/reference/motifs/JASPAR2026_CORE_plants_non-redundant_pfms_meme.txt	MA0947.1	ARR14	AGATWCGS	3.17e-1	1.00e0	9.27e2	321	206	206	206	1	163	79.13	158	76.70
922	data/reference/motifs/JASPAR2026_CORE_plants_non-redundant_pfms_meme.txt	MA0946.1	ARR11	AAGATACG	3.13e-1	1.00e0	9.27e2	384	206	206	206	5	45	21.84	40	19.42
923	data/reference/motifs/JASPAR2026_CORE_plants_non-redundant_pfms_meme.txt	MA0937.1	NAC055	ACACGTAA	9.99e-2	1.00e0	9.27e2	405	206	206	206	7	54	26.21	42	20.39
924	data/reference/motifs/JASPAR2026_CORE_plants_non-redundant_pfms_meme.txt	MA0934.1	AHL25	AWTTAAWT	2.60e-1	1.00e0	9.27e2	412	206	206	206	34	187	90.78	182	88.35
925	data/reference/motifs/JASPAR2026_CORE_plants_non-redundant_pfms_meme.txt	MA0933.1	AHL20	AATTAAWT	2.03e-1	1.00e0	9.27e2	412	206	206	206	29	189	91.75	183	88.83
926	data/reference/motifs/JASPAR2026_CORE_plants_non-redundant_pfms_meme.txt	MA0932.1	AHL12	AAWWWWTT	1.64e-1	1.00e0	9.27e2	412	206	206	206	52	195	94.66	189	91.75
927	data/reference/motifs/JASPAR2026_CORE_plants_non-redundant_pfms_meme.txt	MA0064.1	PBF	AAAGY	1.16e-1	1.00e0	9.27e2	412	206	206	206	20	30	14.56	21	10.19

# AME (Analysis of Motif Enrichment): Version 5.5.9 compiled on May 27 2026 at 12:40:54
# The format of this file is described at https://meme-suite.org/meme/doc/ame-output-format.html.
# ame --verbose 1 --text --control results/evidence/motifs/inputs/backgrounds/1000/replicate_072.fa --method fisher --scoring totalhits --hit-lo-fraction 0.25 --evalue-report-threshold 1000000 --noseq results/evidence/motifs/inputs/frozen_candidates_1000bp.fa data/reference/motifs/JASPAR2026_CORE_plants_non-redundant_pfms_meme.txt
