2	data/reference/motifs/JASPAR2026_CORE_plants_non-redundant_pfms_meme.txt	MA2052.2	ZAT6	AATGATTG	4.12e-4	1.56e-1	1.45e2	412	206	206	206	13	153	74.27	120	58.25
3	data/reference/motifs/JASPAR2026_CORE_plants_non-redundant_pfms_meme.txt	MA1163.3	PHL11	AGAATATTCT	8.46e-4	2.09e-1	1.94e2	277	206	206	206	6	31	15.05	11	5.34
4	data/reference/motifs/JASPAR2026_CORE_plants_non-redundant_pfms_meme.txt	MA2500.1	LSH3	TTACTGTTCAT	7.59e-4	2.61e-1	2.42e2	399	206	206	206	2	189	91.75	166	80.58
5	data/reference/motifs/JASPAR2026_CORE_plants_non-redundant_pfms_meme.txt	MA1280.2	DOF5.4	AAAAAGK	8.73e-4	3.02e-1	2.80e2	412	206	206	206	16	10	4.85	0	0.00
6	data/reference/motifs/JASPAR2026_CORE_plants_non-redundant_pfms_meme.txt	MA2085.1	PK23763.1	CTTTW	9.85e-4	3.34e-1	3.09e2	412	206	206	206	34	202	98.06	187	90.78
7	data/reference/motifs/JASPAR2026_CORE_plants_non-redundant_pfms_meme.txt	MA0110.4	ATHB-5	CAATCATT	1.43e-3	4.45e-1	4.12e2	412	206	206	206	14	163	79.13	135	65.53
8	data/reference/motifs/JASPAR2026_CORE_plants_non-redundant_pfms_meme.txt	MA1404.1	BPC1	GAGAGAGAGAGAGAGAGAGAGAGA	1.51e-2	4.95e-1	4.59e2	45	206	206	206	14	6	2.91	0	0.00
9	data/reference/motifs/JASPAR2026_CORE_plants_non-redundant_pfms_meme.txt	MA1321.2	SPL13A	TGTACGGA	3.07e-3	5.42e-1	5.02e2	254	206	206	206	1	141	68.45	113	54.85
10	data/reference/motifs/JASPAR2026_CORE_plants_non-redundant_pfms_meme.txt	MA2429.1	SPL13D	AGCGGTASTACCGCT	1.86e-1	6.43e-1	5.96e2	5	206	206	206	1	4	1.94	1	0.49
11	data/reference/motifs/JASPAR2026_CORE_plants_non-redundant_pfms_meme.txt	MA2746.1	HB-HD-ZIP-2A-2	WTGCAATCATT	2.75e-3	6.70e-1	6.21e2	403	206	206	206	3	174	84.47	150	72.82
12	data/reference/motifs/JASPAR2026_CORE_plants_non-redundant_pfms_meme.txt	MA0554.2	SOC1	TTTCCWTTTTTGG	3.17e-3	7.04e-1	6.53e2	384	206	206	206	7	15	7.28	3	1.46
13	data/reference/motifs/JASPAR2026_CORE_plants_non-redundant_pfms_meme.txt	MA2045.2	NAC031	TTRCKTGTWNHACAAGTWA	1.54e-2	7.49e-1	6.94e2	89	206	206	206	1	54	26.21	35	16.99
14	data/reference/motifs/JASPAR2026_CORE_plants_non-redundant_pfms_meme.txt	MA0950.1	ATHB-12	AATGATTG	3.64e-3	7.77e-1	7.21e2	412	206	206	206	12	206	100.00	198	96.12
15	data/reference/motifs/JASPAR2026_CORE_plants_non-redundant_pfms_meme.txt	MA2373.1	AZF2	ASTG	3.69e-3	7.82e-1	7.25e2	412	206	206	206	86	156	75.73	130	63.11
16	data/reference/motifs/JASPAR2026_CORE_plants_non-redundant_pfms_meme.txt	MA2498.1	LSH1	AAACAGTG	3.96e-3	8.02e-1	7.44e2	409	206	206	206	6	143	69.42	116	56.31
17	data/reference/motifs/JASPAR2026_CORE_plants_non-redundant_pfms_meme.txt	MA1385.2	AT2G40260	AAHATTCTYT	4.32e-3	8.22e-1	7.62e2	400	206	206	206	6	51	24.76	29	14.08
18	data/reference/motifs/JASPAR2026_CORE_plants_non-redundant_pfms_meme.txt	MA1045.2	NAC043	TWACGTAA	4.49e-3	8.27e-1	7.66e2	390	206	206	206	3	136	66.02	109	52.91
19	data/reference/motifs/JASPAR2026_CORE_plants_non-redundant_pfms_meme.txt	MA1389.2	PHL1	AARGAATATTCB	7.77e-3	8.37e-1	7.75e2	233	206	206	206	3	23	11.17	9	4.37
20	data/reference/motifs/JASPAR2026_CORE_plants_non-redundant_pfms_meme.txt	MA2739.1	SlTCP12	GTGGGACCCAC	1.09e-2	8.41e-1	7.80e2	168	206	206	206	2	70	33.98	48	23.30
21	data/reference/motifs/JASPAR2026_CORE_plants_non-redundant_pfms_meme.txt	MA1283.2	TCP14	ADAGVDBGTGGGDCCCAC	1.69e-1	8.43e-1	7.81e2	10	206	206	206	1	7	3.40	3	1.46
22	data/reference/motifs/JASPAR2026_CORE_plants_non-redundant_pfms_meme.txt	MA1168.2	MYR2	RGAATMTT	5.76e-3	8.70e-1	8.06e2	354	206	206	206	6	12	5.83	2	0.97
23	data/reference/motifs/JASPAR2026_CORE_plants_non-redundant_pfms_meme.txt	MA2055.1	PK00315.1	GACAGCTR	5.35e-3	8.83e-1	8.18e2	401	206	206	206	1	205	99.51	196	95.15
24	data/reference/motifs/JASPAR2026_CORE_plants_non-redundant_pfms_meme.txt	MA1057.2	SPL12	GTACGG	5.29e-3	8.86e-1	8.22e2	411	206	206	206	8	143	69.42	117	56.80
25	data/reference/motifs/JASPAR2026_CORE_plants_non-redundant_pfms_meme.txt	MA0020.2	Dof2	AAAGC	5.34e-3	8.89e-1	8.24e2	412	206	206	206	17	68	33.01	44	21.36
26	data/reference/motifs/JASPAR2026_CORE_plants_non-redundant_pfms_meme.txt	MA0064.1	PBF	AAAGY	5.34e-3	8.89e-1	8.24e2	412	206	206	206	17	68	33.01	44	21.36
27	data/reference/motifs/JASPAR2026_CORE_plants_non-redundant_pfms_meme.txt	MA2035.2	NAC075	GWAGCTTGTNNNACAAGCTW	3.05e-2	8.92e-1	8.27e2	72	206	206	206	3	5	2.43	0	0.00
28	data/reference/motifs/JASPAR2026_CORE_plants_non-redundant_pfms_meme.txt	MA0552.2	PIF1	CACGTG	1.16e-2	8.97e-1	8.31e2	196	206	206	206	1	110	53.40	86	41.75
29	data/reference/motifs/JASPAR2026_CORE_plants_non-redundant_pfms_meme.txt	MA2387.1	NAC094	YGCCGTRNHNNHCACG	3.41e-2	9.02e-1	8.36e2	67	206	206	206	2	22	10.68	11	5.34
30	data/reference/motifs/JASPAR2026_CORE_plants_non-redundant_pfms_meme.txt	MA1279.2	DOF1.5	AAADDAAAAAGTRAAA	5.76e-3	9.05e-1	8.39e2	409	206	206	206	13	12	5.83	2	0.97
31	data/reference/motifs/JASPAR2026_CORE_plants_non-redundant_pfms_meme.txt	MA1403.1	BPC5	AGAGAGAGAGAGAGAGAGAGAGAGAGAGAG	1.46e-1	9.07e-1	8.41e2	15	206	206	206	1	10	4.85	5	2.43
32	data/reference/motifs/JASPAR2026_CORE_plants_non-redundant_pfms_meme.txt	MA2708.1	SlDof4	AGAAAAAGTAA	6.03e-3	9.17e-1	8.50e2	412	206	206	206	13	40	19.42	21	10.19
33	data/reference/motifs/JASPAR2026_CORE_plants_non-redundant_pfms_meme.txt	MA1058.2	SPL4	GTACG	6.61e-3	9.34e-1	8.66e2	412	206	206	206	35	126	61.17	100	48.54
34	data/reference/motifs/JASPAR2026_CORE_plants_non-redundant_pfms_meme.txt	MA1019.2	Glyma19g26560.1	GGSCCCAC	7.74e-3	9.36e-1	8.67e2	354	206	206	206	1	186	90.29	168	81.55
35	data/reference/motifs/JASPAR2026_CORE_plants_non-redundant_pfms_meme.txt	MA1410.2	StBRC1	GGGSCCM	7.91e-3	9.36e-1	8.67e2	347	206	206	206	3	150	72.82	126	61.17
36	data/reference/motifs/JASPAR2026_CORE_plants_non-redundant_pfms_meme.txt	MA1024.2	HAT1	YAATCATK	6.99e-3	9.36e-1	8.68e2	394	206	206	206	2	187	90.78	169	82.04
37	data/reference/motifs/JASPAR2026_CORE_plants_non-redundant_pfms_meme.txt	MA2640.1	GLYMA-19G062000	GTAACAGTTAC	8.62e-3	9.37e-1	8.69e2	321	206	206	206	1	171	83.01	150	72.82
38	data/reference/motifs/JASPAR2026_CORE_plants_non-redundant_pfms_meme.txt	MA2650.1	GLYMA-05G027400	GTGGGCCCCAC	2.19e-2	9.42e-1	8.73e2	130	206	206	206	1	75	36.41	55	26.70
39	data/reference/motifs/JASPAR2026_CORE_plants_non-redundant_pfms_meme.txt	MA1760.1	HSFA6A	GAAGNTTCTAGAA	7.83e-2	9.42e-1	8.74e2	35	206	206	206	1	22	10.68	13	6.31
40	data/reference/motifs/JASPAR2026_CORE_plants_non-redundant_pfms_meme.txt	MA1402.1	BPC6	CTCTCTCTCTCTCTCTCTCTC	6.76e-2	9.47e-1	8.78e2	42	206	206	206	7	12	5.83	5	2.43
41	data/reference/motifs/JASPAR2026_CORE_plants_non-redundant_pfms_meme.txt	MA1065.3	TCP20	GTGGGWCCCAC	2.23e-2	9.47e-1	8.78e2	132	206	206	206	1	76	36.89	56	27.18
42	data/reference/motifs/JASPAR2026_CORE_plants_non-redundant_pfms_meme.txt	MA1741.1	BRN2	CTTGWWHYDYACGYWA	1.47e-2	9.55e-1	8.86e2	211	206	206	206	3	27	13.11	13	6.31
43	data/reference/motifs/JASPAR2026_CORE_plants_non-redundant_pfms_meme.txt	MA1287.2	TCP21	GTGGGMCCCAC	2.25e-2	9.62e-1	8.92e2	145	206	206	206	2	31	15.05	17	8.25
44	data/reference/motifs/JASPAR2026_CORE_plants_non-redundant_pfms_meme.txt	MA2728.1	SolycHsfC1	RGAAGTTTCTAG	1.31e-2	9.64e-1	8.93e2	254	206	206	206	3	30	14.56	15	7.28
45	data/reference/motifs/JASPAR2026_CORE_plants_non-redundant_pfms_meme.txt	MA2355.1	PK06791.1	GTACGG	8.14e-3	9.64e-1	8.94e2	410	206	206	206	6	166	80.58	144	69.90
46	data/reference/motifs/JASPAR2026_CORE_plants_non-redundant_pfms_meme.txt	MA1213.3	ZHD3	CAATTATTG	8.61e-3	9.66e-1	8.95e2	392	206	206	206	5	127	61.65	102	49.51
47	data/reference/motifs/JASPAR2026_CORE_plants_non-redundant_pfms_meme.txt	MA2622.1	hb34	CAATAATTG	8.25e-3	9.66e-1	8.96e2	411	206	206	206	14	49	23.79	29	14.08
48	data/reference/motifs/JASPAR2026_CORE_plants_non-redundant_pfms_meme.txt	MA2454.1	SPL8D1	ATAGTACATA	8.47e-3	9.70e-1	8.99e2	412	206	206	206	7	129	62.62	104	50.49
49	data/reference/motifs/JASPAR2026_CORE_plants_non-redundant_pfms_meme.txt	MA2451.1	SPL7B	AGCGGTASTACCGCT	3.12e-1	9.76e-1	9.05e2	10	206	206	206	2	3	1.46	1	0.49
50	data/reference/motifs/JASPAR2026_CORE_plants_non-redundant_pfms_meme.txt	MA2724.1	SlTCP18	GTGGGVCCCAC	2.36e-2	9.82e-1	9.11e2	171	206	206	206	2	79	38.35	59	28.64
51	data/reference/motifs/JASPAR2026_CORE_plants_non-redundant_pfms_meme.txt	MA1799.2	SPL10	GTACGR	1.01e-2	9.82e-1	9.11e2	398	206	206	206	7	78	37.86	55	26.70
52	data/reference/motifs/JASPAR2026_CORE_plants_non-redundant_pfms_meme.txt	MA1678.3	NTL8	GAAGAAAC	9.82e-3	9.83e-1	9.11e2	412	206	206	206	7	139	67.48	115	55.83
53	data/reference/motifs/JASPAR2026_CORE_plants_non-redundant_pfms_meme.txt	MA2058.1	PK03929.1	CTTTW	1.00e-2	9.84e-1	9.12e2	412	206	206	206	36	205	99.51	197	95.63
54	data/reference/motifs/JASPAR2026_CORE_plants_non-redundant_pfms_meme.txt	MA0053.1	MNB1A	AAAGC	1.01e-2	9.84e-1	9.13e2	412	206	206	206	13	93	45.15	69	33.50
55	data/reference/motifs/JASPAR2026_CORE_plants_non-redundant_pfms_meme.txt	MA0955.2	POPTR_0002s00440g	GTACGG	1.01e-2	9.85e-1	9.13e2	412	206	206	206	9	151	73.30	128	62.14
56	data/reference/motifs/JASPAR2026_CORE_plants_non-redundant_pfms_meme.txt	MA2501.1	G1	TTACTGTA	1.06e-2	9.87e-1	9.15e2	411	206	206	206	6	159	77.18	137	66.50
57	data/reference/motifs/JASPAR2026_CORE_plants_non-redundant_pfms_meme.txt	MA2390.1	GLYMA19G26560	GGSCCCAC	1.29e-2	9.89e-1	9.17e2	351	206	206	206	1	184	89.32	167	81.07
58	data/reference/motifs/JASPAR2026_CORE_plants_non-redundant_pfms_meme.txt	MA1363.1	LRL2	CGTGNKWBGCACGTG	5.42e-2	9.90e-1	9.17e2	82	206	206	206	1	48	23.30	34	16.50
59	data/reference/motifs/JASPAR2026_CORE_plants_non-redundant_pfms_meme.txt	MA0562.1	PIF5	TCACGTGS	5.58e-2	9.92e-1	9.20e2	84	206	206	206	1	49	23.79	35	16.99
60	data/reference/motifs/JASPAR2026_CORE_plants_non-redundant_pfms_meme.txt	MA2723.1	Solyc06g060230	ACACGTCTCT	1.27e-2	9.92e-1	9.20e2	382	206	206	206	2	169	82.04	149	72.33
61	data/reference/motifs/JASPAR2026_CORE_plants_non-redundant_pfms_meme.txt	MA1384.1	PHL7	AAARGAATATTCY	2.08e-2	9.93e-1	9.20e2	236	206	206	206	2	62	30.10	43	20.87
62	data/reference/motifs/JASPAR2026_CORE_plants_non-redundant_pfms_meme.txt	MA1278.2	DOF3.4	TTYTTTTTTWVCTTTTT	1.19e-2	9.93e-1	9.20e2	411	206	206	206	12	49	23.79	30	14.56
63	data/reference/motifs/JASPAR2026_CORE_plants_non-redundant_pfms_meme.txt	MA1214.2	ATHB-40	ACCAATAATTG	1.38e-2	9.93e-1	9.21e2	361	206	206	206	4	79	38.35	57	27.67
64	data/reference/motifs/JASPAR2026_CORE_plants_non-redundant_pfms_meme.txt	MA1810.2	GLYMA-08G357600	ATGCATGCA	1.37e-2	9.94e-1	9.21e2	369	206	206	206	12	14	6.80	4	1.94
65	data/reference/motifs/JASPAR2026_CORE_plants_non-redundant_pfms_meme.txt	MA1390.3	HHO2	AAGATTCC	1.26e-2	9.94e-1	9.22e2	407	206	206	206	3	180	87.38	162	78.64
66	data/reference/motifs/JASPAR2026_CORE_plants_non-redundant_pfms_meme.txt	MA0954.3	ATHB-7	TCAATGATTGR	1.44e-2	9.94e-1	9.22e2	361	206	206	206	2	147	71.36	125	60.68
67	data/reference/motifs/JASPAR2026_CORE_plants_non-redundant_pfms_meme.txt	MA0573.2	ATHB-9	GTAATGATTRCDYBS	3.00e-1	9.95e-1	9.23e2	15	206	206	206	1	9	4.37	6	2.91
68	data/reference/motifs/JASPAR2026_CORE_plants_non-redundant_pfms_meme.txt	MA2669.1	GLYMA-04G231400	CAATAATTGATT	1.52e-2	9.96e-1	9.23e2	356	206	206	206	1	186	90.29	170	82.52
69	data/reference/motifs/JASPAR2026_CORE_plants_non-redundant_pfms_meme.txt	MA2661.1	GLYMA-03G081700	CTACGTGGCA	1.52e-2	9.96e-1	9.23e2	356	206	206	206	1	186	90.29	170	82.52
70	data/reference/motifs/JASPAR2026_CORE_plants_non-redundant_pfms_meme.txt	MA0576.2	RAX3	GGGGGTAGGTGS	1.27e-1	9.97e-1	9.24e2	42	206	206	206	1	25	12.14	17	8.25
71	data/reference/motifs/JASPAR2026_CORE_plants_non-redundant_pfms_meme.txt	MA1357.2	bHLH80	TGCAAGTKG	5.32e-2	9.97e-1	9.24e2	108	206	206	206	2	14	6.80	6	2.91
72	data/reference/motifs/JASPAR2026_CORE_plants_non-redundant_pfms_meme.txt	MA2437.1	SPL19B	GCGGTASTACCGC	3.86e-1	9.97e-1	9.24e2	12	206	206	206	1	7	3.40	5	2.43
73	data/reference/motifs/JASPAR2026_CORE_plants_non-redundant_pfms_meme.txt	MA1277.2	DOF1.7	AAAAAGTARAA	1.43e-2	9.97e-1	9.24e2	409	206	206	206	14	46	22.33	28	13.59
74	data/reference/motifs/JASPAR2026_CORE_plants_non-redundant_pfms_meme.txt	MA0961.2	bHLH112	CCACTTG	7.00e-2	9.97e-1	9.24e2	81	206	206	206	2	9	4.37	3	1.46
75	data/reference/motifs/JASPAR2026_CORE_plants_non-redundant_pfms_meme.txt	MA2350.1	OsFBH1	CCACTTG	7.00e-2	9.97e-1	9.24e2	81	206	206	206	2	9	4.37	3	1.46
76	data/reference/motifs/JASPAR2026_CORE_plants_non-redundant_pfms_meme.txt	MA2380.1	DOF4.7	TWACTTTTT	1.51e-2	9.98e-1	9.25e2	411	206	206	206	16	6	2.91	0	0.00
77	data/reference/motifs/JASPAR2026_CORE_plants_non-redundant_pfms_meme.txt	MA2475.1	HOX6	TGATTG	1.51e-2	9.98e-1	9.25e2	412	206	206	206	13	206	100.00	200	97.09
78	data/reference/motifs/JASPAR2026_CORE_plants_non-redundant_pfms_meme.txt	MA2062.1	PK07031.1	CTTT	1.51e-2	9.98e-1	9.25e2	412	206	206	206	116	206	100.00	200	97.09
79	data/reference/motifs/JASPAR2026_CORE_plants_non-redundant_pfms_meme.txt	MA1666.3	HSFB2B	RGAAGSTTCTA	2.29e-2	9.98e-1	9.25e2	274	206	206	206	2	97	47.09	76	36.89
80	data/reference/motifs/JASPAR2026_CORE_plants_non-redundant_pfms_meme.txt	MA2406.1	PK03576.1	CACGTGC	1.46e-1	9.98e-1	9.25e2	40	206	206	206	2	15	7.28	9	4.37
81	data/reference/motifs/JASPAR2026_CORE_plants_non-redundant_pfms_meme.txt	MA1744.2	BZIP30	GMCAGCTGK	1.65e-2	9.98e-1	9.26e2	393	206	206	206	3	162	78.64	142	68.93
82	data/reference/motifs/JASPAR2026_CORE_plants_non-redundant_pfms_meme.txt	MA1288.2	TCP22	GTGGGHCCCAC	5.77e-2	9.99e-1	9.26e2	113	206	206	206	2	23	11.17	13	6.31
83	data/reference/motifs/JASPAR2026_CORE_plants_non-redundant_pfms_meme.txt	MA0560.2	PIF3	CCACGTG	3.78e-2	9.99e-1	9.26e2	173	206	206	206	2	54	26.21	38	18.45
84	data/reference/motifs/JASPAR2026_CORE_plants_non-redundant_pfms_meme.txt	MA2393.1	PHYPA_008731	CACGTGC	3.78e-2	9.99e-1	9.26e2	173	206	206	206	2	54	26.21	38	18.45
85	data/reference/motifs/JASPAR2026_CORE_plants_non-redundant_pfms_meme.txt	MA1056.2	SPL11	CGTACGGA	3.67e-2	9.99e-1	9.26e2	179	206	206	206	1	99	48.06	80	38.83
86	data/reference/motifs/JASPAR2026_CORE_plants_non-redundant_pfms_meme.txt	MA1809.2	GLYMA-07G038400	CTGACAC	1.61e-2	9.99e-1	9.26e2	411	206	206	206	4	189	91.75	174	84.47
87	data/reference/motifs/JASPAR2026_CORE_plants_non-redundant_pfms_meme.txt	MA1736.2	AT5G04390	TCACT	1.65e-2	9.99e-1	9.26e2	412	206	206	206	13	37	17.96	21	10.19
88	data/reference/motifs/JASPAR2026_CORE_plants_non-redundant_pfms_meme.txt	MA1064.2	TCP2	TGGKMCCA	1.76e-2	9.99e-1	9.26e2	389	206	206	206	8	133	64.56	111	53.88
89	data/reference/motifs/JASPAR2026_CORE_plants_non-redundant_pfms_meme.txt	MA2450.1	SPL7A	GTACTACCGCT	2.93e-2	9.99e-1	9.26e2	234	206	206	206	1	127	61.65	107	51.94
90	data/reference/motifs/JASPAR2026_CORE_plants_non-redundant_pfms_meme.txt	MA1758.2	HSFA1E	AGAAGCTTCTAGAA	6.10e-2	9.99e-1	9.26e2	113	206	206	206	1	64	31.07	49	23.79
91	data/reference/motifs/JASPAR2026_CORE_plants_non-redundant_pfms_meme.txt	MA1303.2	WRKY22	AAAGTCAACK	3.05e-2	9.99e-1	9.26e2	230	206	206	206	4	5	2.43	0	0.00
92	data/reference/motifs/JASPAR2026_CORE_plants_non-redundant_pfms_meme.txt	MA1282.2	TCP13	GTGGGGACCAC	8.60e-2	9.99e-1	9.26e2	79	206	206	206	2	10	4.85	4	1.94
93	data/reference/motifs/JASPAR2026_CORE_plants_non-redundant_pfms_meme.txt	MA1416.1	RAMOSA1	GAGAGAGAGAGAGA	7.00e-2	9.99e-1	9.26e2	105	206	206	206	13	9	4.37	3	1.46
94	data/reference/motifs/JASPAR2026_CORE_plants_non-redundant_pfms_meme.txt	MA0939.1	NAC079	ACACGCAA	2.83e-2	1.00e0	9.27e2	272	206	206	206	2	75	36.41	56	27.18
95	data/reference/motifs/JASPAR2026_CORE_plants_non-redundant_pfms_meme.txt	MA1784.1	NAC011	GTTGCTTSWNHHDCAAGYAAC	2.51e-1	1.00e0	9.27e2	27	206	206	206	2	6	2.91	3	1.46
96	data/reference/motifs/JASPAR2026_CORE_plants_non-redundant_pfms_meme.txt	MA2354.1	PK06182.1	TACCTACC	2.22e-2	1.00e0	9.27e2	352	206	206	206	6	13	6.31	4	1.94
97	data/reference/motifs/JASPAR2026_CORE_plants_non-redundant_pfms_meme.txt	MA2714.1	APETALA2a	ATTACCTCGTACYA	8.74e-2	1.00e0	9.27e2	88	206	206	206	2	7	3.40	2	0.97
98	data/reference/motifs/JASPAR2026_CORE_plants_non-redundant_pfms_meme.txt	MA1290.1	TCP17	GTGGTCCCCAC	6.58e-2	1.00e0	9.27e2	123	206	206	206	1	69	33.50	54	26.21
99	data/reference/motifs/JASPAR2026_CORE_plants_non-redundant_pfms_meme.txt	MA1659.2	ABF4	CCACGTS	2.01e-2	1.00e0	9.27e2	407	206	206	206	4	164	79.61	145	70.39
100	data/reference/motifs/JASPAR2026_CORE_plants_non-redundant_pfms_meme.txt	MA1338.3	DPBF3	TGMCACGTGTC	5.93e-2	1.00e0	9.27e2	140	206	206	206	1	78	37.86	62	30.10
101	data/reference/motifs/JASPAR2026_CORE_plants_non-redundant_pfms_meme.txt	MA2645.1	GLYMA-16G042900	GGTTGCKTSTTCHASAAGYWA	1.97e-1	1.00e0	9.27e2	38	206	206	206	1	22	10.68	16	7.77
102	data/reference/motifs/JASPAR2026_CORE_plants_non-redundant_pfms_meme.txt	MA2626.1	bzip40	GTGACGTGGC	2.41e-2	1.00e0	9.27e2	353	206	206	206	1	184	89.32	169	82.04
103	data/reference/motifs/JASPAR2026_CORE_plants_non-redundant_pfms_meme.txt	MA0989.2	PHYPADRAFT_153324	WAAAG	2.07e-2	1.00e0	9.27e2	412	206	206	206	74	196	95.15	184	89.32
104	data/reference/motifs/JASPAR2026_CORE_plants_non-redundant_pfms_meme.txt	MA2383.1	e_gw1.392.16.1	CTTTW	2.07e-2	1.00e0	9.27e2	412	206	206	206	74	196	95.15	184	89.32
105	data/reference/motifs/JASPAR2026_CORE_plants_non-redundant_pfms_meme.txt	MA0977.1	DOF2.5	AWAAAGTG	2.11e-2	1.00e0	9.27e2	412	206	206	206	17	26	12.62	13	6.31
106	data/reference/motifs/JASPAR2026_CORE_plants_non-redundant_pfms_meme.txt	MA2400.1	LjTCP20	GGGACCAY	4.64e-2	1.00e0	9.27e2	190	206	206	206	1	104	50.49	86	41.75
107	data/reference/motifs/JASPAR2026_CORE_plants_non-redundant_pfms_meme.txt	MA1285.2	TCP9	GTGGGTCCCAC	1.19e-1	1.00e0	9.27e2	70	206	206	206	1	40	19.42	30	14.56
108	data/reference/motifs/JASPAR2026_CORE_plants_non-redundant_pfms_meme.txt	MA1093.2	WRKY75	RGTCAAC	3.38e-2	1.00e0	9.27e2	262	206	206	206	5	7	3.40	1	0.49
109	data/reference/motifs/JASPAR2026_CORE_plants_non-redundant_pfms_meme.txt	MA1738.1	ATMYB31	YAMCTMCCAACHAMH	2.60e-2	1.00e0	9.27e2	348	206	206	206	4	60	29.13	42	20.39
110	data/reference/motifs/JASPAR2026_CORE_plants_non-redundant_pfms_meme.txt	MA2371.1	MYB31	YAMCTMCCAACHAMH	2.60e-2	1.00e0	9.27e2	348	206	206	206	4	60	29.13	42	20.39
111	data/reference/motifs/JASPAR2026_CORE_plants_non-redundant_pfms_meme.txt	MA1062.3	TCP15	GTGGGWCCCAC	6.92e-2	1.00e0	9.27e2	131	206	206	206	1	73	35.44	58	28.16
112	data/reference/motifs/JASPAR2026_CORE_plants_non-redundant_pfms_meme.txt	MA1031.2	OJ1581_H09.2	GGGCCC	2.69e-2	1.00e0	9.27e2	338	206	206	206	2	177	85.92	161	78.16
113	data/reference/motifs/JASPAR2026_CORE_plants_non-redundant_pfms_meme.txt	MA2083.1	PK21166.1	YACCTACY	2.23e-2	1.00e0	9.27e2	409	206	206	206	8	76	36.89	56	27.18
114	data/reference/motifs/JASPAR2026_CORE_plants_non-redundant_pfms_meme.txt	MA2756.1	dfo23	TACCTTTTTCT	2.24e-2	1.00e0	9.27e2	410	206	206	206	15	19	9.22	8	3.88
115	data/reference/motifs/JASPAR2026_CORE_plants_non-redundant_pfms_meme.txt	MA1676.3	NAC062	TAAGTAA	2.23e-2	1.00e0	9.27e2	412	206	206	206	11	150	72.82	130	63.11
116	data/reference/motifs/JASPAR2026_CORE_plants_non-redundant_pfms_meme.txt	MA0982.2	DOF2.4	AAAG	2.24e-2	1.00e0	9.27e2	412	206	206	206	80	198	96.12	187	90.78
117	data/reference/motifs/JASPAR2026_CORE_plants_non-redundant_pfms_meme.txt	MA1066.1	TCP23	GGGCCCAC	3.94e-2	1.00e0	9.27e2	239	206	206	206	2	81	39.32	63	30.58
118	data/reference/motifs/JASPAR2026_CORE_plants_non-redundant_pfms_meme.txt	MA1749.1	E2FC	AWDWWGGCGCCAAAA	2.49e-1	1.00e0	9.27e2	33	206	206	206	2	2	0.97	0	0.00
119	data/reference/motifs/JASPAR2026_CORE_plants_non-redundant_pfms_meme.txt	MA2757.1	pbf1	ATAAAGT	2.32e-2	1.00e0	9.27e2	412	206	206	206	23	16	7.77	6	2.91
120	data/reference/motifs/JASPAR2026_CORE_plants_non-redundant_pfms_meme.txt	MA2435.1	SPL16D	GCGGTASTACCGC	1.08e-1	1.00e0	9.27e2	84	206	206	206	3	5	2.43	1	0.49
121	data/reference/motifs/JASPAR2026_CORE_plants_non-redundant_pfms_meme.txt	MA2426.1	SPL11B	AGCGGTASTACCGCT	5.00e-1	1.00e0	9.27e2	14	206	206	206	2	6	2.91	5	2.43
122	data/reference/motifs/JASPAR2026_CORE_plants_non-redundant_pfms_meme.txt	MA1028.1	KAN4	GAATATTC	2.90e-2	1.00e0	9.27e2	336	206	206	206	6	64	31.07	46	22.33
123	data/reference/motifs/JASPAR2026_CORE_plants_non-redundant_pfms_meme.txt	MA0960.1	BHLH104	GGCACGTGCC	2.85e-1	1.00e0	9.27e2	30	206	206	206	2	17	8.25	13	6.31
124	data/reference/motifs/JASPAR2026_CORE_plants_non-redundant_pfms_meme.txt	MA2342.1	URI	CACGTG	2.75e-2	1.00e0	9.27e2	367	206	206	206	10	53	25.73	36	17.48
125	data/reference/motifs/JASPAR2026_CORE_plants_non-redundant_pfms_meme.txt	MA1382.2	FAR1	YCACGCGCY	1.85e-1	1.00e0	9.27e2	51	206	206	206	1	29	14.08	22	10.68
126	data/reference/motifs/JASPAR2026_CORE_plants_non-redundant_pfms_meme.txt	MA1750.1	E2FE	TTTTTGGCGGGAAAA	7.75e-1	1.00e0	9.27e2	7	206	206	206	1	3	1.46	4	1.94
127	data/reference/motifs/JASPAR2026_CORE_plants_non-redundant_pfms_meme.txt	MA1732.1	E2FD	TTTTTGGCGGGAAAA	7.75e-1	1.00e0	9.27e2	7	206	206	206	1	3	1.46	4	1.94
128	data/reference/motifs/JASPAR2026_CORE_plants_non-redundant_pfms_meme.txt	MA1823.2	Zm00001d027846	AAAGAAAA	2.55e-2	1.00e0	9.27e2	412	206	206	206	23	172	83.50	155	75.24
129	data/reference/motifs/JASPAR2026_CORE_plants_non-redundant_pfms_meme.txt	MA1350.1	BZIP42	TGCTGACGTGGC	4.10e-1	1.00e0	9.27e2	20	206	206	206	1	11	5.34	9	4.37
130	data/reference/motifs/JASPAR2026_CORE_plants_non-redundant_pfms_meme.txt	MA1430.2	TB1	GGSCCCCCC	1.05e-1	1.00e0	9.27e2	102	206	206	206	1	57	27.67	45	21.84
131	data/reference/motifs/JASPAR2026_CORE_plants_non-redundant_pfms_meme.txt	MA2413.1	ZmbZIP96	GASACGTGKCA	5.68e-2	1.00e0	9.27e2	189	206	206	206	1	103	50.00	86	41.75
132	data/reference/motifs/JASPAR2026_CORE_plants_non-redundant_pfms_meme.txt	MA2664.1	GLYMA-03G162700	GGYGGYGGCGGCGGMGGCGGYGG	3.75e-1	1.00e0	9.27e2	23	206	206	206	4	6	2.91	4	1.94
133	data/reference/motifs/JASPAR2026_CORE_plants_non-redundant_pfms_meme.txt	MA0949.2	ARR2	MGWATCTT	2.82e-2	1.00e0	9.27e2	388	206	206	206	1	199	96.60	189	91.75
134	data/reference/motifs/JASPAR2026_CORE_plants_non-redundant_pfms_meme.txt	MA2711.1	SolycHsfB2b	TTCTAGAA	6.09e-2	1.00e0	9.27e2	180	206	206	206	4	6	2.91	1	0.49
135	data/reference/motifs/JASPAR2026_CORE_plants_non-redundant_pfms_meme.txt	MA2436.1	SPL18A	GCGGTASTACCGCT	2.51e-1	1.00e0	9.27e2	38	206	206	206	2	6	2.91	3	1.46
136	data/reference/motifs/JASPAR2026_CORE_plants_non-redundant_pfms_meme.txt	MA1063.2	TCP19	GGSCCCAC	2.88e-2	1.00e0	9.27e2	387	206	206	206	4	130	63.11	110	53.40
137	data/reference/motifs/JASPAR2026_CORE_plants_non-redundant_pfms_meme.txt	MA1272.3	DOF2.2	AAAAAG	2.88e-2	1.00e0	9.27e2	400	206	206	206	8	14	6.80	5	2.43
138	data/reference/motifs/JASPAR2026_CORE_plants_non-redundant_pfms_meme.txt	MA2672.1	GLYMA-01G233000	AGAASCTTCT	3.59e-2	1.00e0	9.27e2	321	206	206	206	2	130	63.11	111	53.88
139	data/reference/motifs/JASPAR2026_CORE_plants_non-redundant_pfms_meme.txt	MA1085.3	WRKY40	AGTCAA	3.56e-2	1.00e0	9.27e2	326	206	206	206	5	12	5.83	4	1.94
140	data/reference/motifs/JASPAR2026_CORE_plants_non-redundant_pfms_meme.txt	MA1673.2	LBD18	GCCGGAAA	3.06e-2	1.00e0	9.27e2	381	206	206	206	7	48	23.30	32	15.53
141	data/reference/motifs/JASPAR2026_CORE_plants_non-redundant_pfms_meme.txt	MA2610.1	ereb97	CGCCGCCGCC	5.00e-1	1.00e0	9.27e2	17	206	206	206	3	1	0.49	0	0.00
142	data/reference/motifs/JASPAR2026_CORE_plants_non-redundant_pfms_meme.txt	MA1832.2	Zm00001d002364	CGCCGCCGCC	5.00e-1	1.00e0	9.27e2	17	206	206	206	3	1	0.49	0	0.00
143	data/reference/motifs/JASPAR2026_CORE_plants_non-redundant_pfms_meme.txt	MA1818.1	Zm00001d052229	CGCCGCCGCC	5.00e-1	1.00e0	9.27e2	17	206	206	206	3	1	0.49	0	0.00
144	data/reference/motifs/JASPAR2026_CORE_plants_non-redundant_pfms_meme.txt	MA1018.2	GATA9	AGATCT	3.67e-2	1.00e0	9.27e2	322	206	206	206	1	169	82.04	153	74.27
145	data/reference/motifs/JASPAR2026_CORE_plants_non-redundant_pfms_meme.txt	MA2345.1	OS02G0104500	GTAAAW	2.88e-2	1.00e0	9.27e2	412	206	206	206	36	201	97.57	192	93.20
146	data/reference/motifs/JASPAR2026_CORE_plants_non-redundant_pfms_meme.txt	MA2351.1	OsEIL3	AGRTACAT	2.96e-2	1.00e0	9.27e2	402	206	206	206	4	125	60.68	105	50.97
147	data/reference/motifs/JASPAR2026_CORE_plants_non-redundant_pfms_meme.txt	MA2009.2	NAC010	TAACTTGTDNHACAAGTTACC	2.49e-1	1.00e0	9.27e2	42	206	206	206	3	2	0.97	0	0.00
148	data/reference/motifs/JASPAR2026_CORE_plants_non-redundant_pfms_meme.txt	MA2023.2	PHL4	RGAATATTCC	6.17e-2	1.00e0	9.27e2	196	206	206	206	4	15	7.28	7	3.40
149	data/reference/motifs/JASPAR2026_CORE_plants_non-redundant_pfms_meme.txt	MA1238.3	ERF038	CACCGACA	4.36e-2	1.00e0	9.27e2	280	206	206	206	6	10	4.85	3	1.46
150	data/reference/motifs/JASPAR2026_CORE_plants_non-redundant_pfms_meme.txt	MA2378.1	CRF3	GCCG	2.99e-2	1.00e0	9.27e2	412	206	206	206	12	193	93.69	181	87.86
151	data/reference/motifs/JASPAR2026_CORE_plants_non-redundant_pfms_meme.txt	MA2609.1	ereb172	CAGCCGCA	3.67e-2	1.00e0	9.27e2	337	206	206	206	1	176	85.44	161	78.16
152	data/reference/motifs/JASPAR2026_CORE_plants_non-redundant_pfms_meme.txt	MA1173.2	MYB101	TAACCGAAW	3.05e-2	1.00e0	9.27e2	411	206	206	206	3	206	100.00	201	97.57
153	data/reference/motifs/JASPAR2026_CORE_plants_non-redundant_pfms_meme.txt	MA0563.2	SEP3	CYWTTTTTGG	3.05e-2	1.00e0	9.27e2	411	206	206	206	21	5	2.43	0	0.00
154	data/reference/motifs/JASPAR2026_CORE_plants_non-redundant_pfms_meme.txt	MA2081.1	PK20317.1	CKTTW	3.05e-2	1.00e0	9.27e2	412	206	206	206	41	206	100.00	201	97.57
155	data/reference/motifs/JASPAR2026_CORE_plants_non-redundant_pfms_meme.txt	MA1281.2	DOF5.1	AAAAAGWAAAAARAAAAAR	3.12e-2	1.00e0	9.27e2	408	206	206	206	5	157	76.21	139	67.48
156	data/reference/motifs/JASPAR2026_CORE_plants_non-redundant_pfms_meme.txt	MA1674.3	NAC017	CAAGTAA	3.10e-2	1.00e0	9.27e2	412	206	206	206	4	204	99.03	197	95.63
157	data/reference/motifs/JASPAR2026_CORE_plants_non-redundant_pfms_meme.txt	MA2379.1	DOF3.1	CKTT	3.10e-2	1.00e0	9.27e2	412	206	206	206	86	204	99.03	197	95.63
158	data/reference/motifs/JASPAR2026_CORE_plants_non-redundant_pfms_meme.txt	MA0574.1	MYB15	CRACGGTAGGTGG	3.01e-1	1.00e0	9.27e2	36	206	206	206	1	20	9.71	16	7.77
159	data/reference/motifs/JASPAR2026_CORE_plants_non-redundant_pfms_meme.txt	MA2735.1	SlbHLH014	GMCACGTGBC	7.96e-2	1.00e0	9.27e2	165	206	206	206	1	90	43.69	75	36.41
160	data/reference/motifs/JASPAR2026_CORE_plants_non-redundant_pfms_meme.txt	MA1790.1	NAC073	CTTSWYBHWCAMGYT	4.52e-2	1.00e0	9.27e2	291	206	206	206	4	30	14.56	18	8.74
161	data/reference/motifs/JASPAR2026_CORE_plants_non-redundant_pfms_meme.txt	MA2446.1	SPL5A	GCGGTASTACCGC	2.49e-1	1.00e0	9.27e2	46	206	206	206	4	2	0.97	0	0.00
162	data/reference/motifs/JASPAR2026_CORE_plants_non-redundant_pfms_meme.txt	MA0987.2	PHYPADRAFT_140773	AAAG	3.21e-2	1.00e0	9.27e2	412	206	206	206	63	179	86.89	164	79.61
163	data/reference/motifs/JASPAR2026_CORE_plants_non-redundant_pfms_meme.txt	MA2381.1	e_gw1.170.52.1	CTTT	3.21e-2	1.00e0	9.27e2	412	206	206	206	63	179	86.89	164	79.61
164	data/reference/motifs/JASPAR2026_CORE_plants_non-redundant_pfms_meme.txt	MA0568.2	MYC3	CACGTG	3.42e-2	1.00e0	9.27e2	388	206	206	206	6	136	66.02	117	56.80
165	data/reference/motifs/JASPAR2026_CORE_plants_non-redundant_pfms_meme.txt	MA1767.2	MYB23	CAACWA	3.28e-2	1.00e0	9.27e2	405	206	206	206	6	85	41.26	66	32.04
166	data/reference/motifs/JASPAR2026_CORE_plants_non-redundant_pfms_meme.txt	MA1268.2	CDF5	TTYACTTTTTYTTTTTTTTTT	3.38e-2	1.00e0	9.27e2	396	206	206	206	15	7	3.40	1	0.49
167	data/reference/motifs/JASPAR2026_CORE_plants_non-redundant_pfms_meme.txt	MA1084.1	WRKY38	CGTTGACC	3.38e-2	1.00e0	9.27e2	401	206	206	206	11	7	3.40	1	0.49
168	data/reference/motifs/JASPAR2026_CORE_plants_non-redundant_pfms_meme.txt	MA1819.2	Zm00001d005892	CGCCGCCG	6.94e-2	1.00e0	9.27e2	196	206	206	206	1	106	51.46	90	43.69
169	data/reference/motifs/JASPAR2026_CORE_plants_non-redundant_pfms_meme.txt	MA1311.3	WRKY28	RGTCAAC	3.36e-2	1.00e0	9.27e2	405	206	206	206	8	43	20.87	28	13.59
170	data/reference/motifs/JASPAR2026_CORE_plants_non-redundant_pfms_meme.txt	MA2647.1	GLYMA-12G226000	AAGTACAA	3.32e-2	1.00e0	9.27e2	411	206	206	206	13	18	8.74	8	3.88
171	data/reference/motifs/JASPAR2026_CORE_plants_non-redundant_pfms_meme.txt	MA2673.1	GLYMA-15G086400	WTCTAGAAMCTTCTAGAR	1.38e-1	1.00e0	9.27e2	92	206	206	206	2	20	9.71	13	6.31
172	data/reference/motifs/JASPAR2026_CORE_plants_non-redundant_pfms_meme.txt	MA2639.1	FUL::SOC1	TTCCATTTTTGG	3.38e-2	1.00e0	9.27e2	406	206	206	206	11	7	3.40	1	0.49
173	data/reference/motifs/JASPAR2026_CORE_plants_non-redundant_pfms_meme.txt	MA2430.1	SPL14B	GCGGTASTACCGC	1.79e-1	1.00e0	9.27e2	70	206	206	206	1	39	18.93	31	15.05
174	data/reference/motifs/JASPAR2026_CORE_plants_non-redundant_pfms_meme.txt	MA1386.3	HHO3	AAGATTCT	3.54e-2	1.00e0	9.27e2	391	206	206	206	1	200	97.09	191	92.72
175	data/reference/motifs/JASPAR2026_CORE_plants_non-redundant_pfms_meme.txt	MA1755.2	GATA4	GATC	3.38e-2	1.00e0	9.27e2	412	206	206	206	32	205	99.51	199	96.60
176	data/reference/motifs/JASPAR2026_CORE_plants_non-redundant_pfms_meme.txt	MA2356.1	PK20555.1	CTTTW	3.38e-2	1.00e0	9.27e2	412	206	206	206	87	205	99.51	199	96.60
177	data/reference/motifs/JASPAR2026_CORE_plants_non-redundant_pfms_meme.txt	MA0952.1	ATHB-51	AATWATTG	3.38e-2	1.00e0	9.27e2	412	206	206	206	3	205	99.51	199	96.60
178	data/reference/motifs/JASPAR2026_CORE_plants_non-redundant_pfms_meme.txt	MA1049.2	ERF094	MGCCGCC	1.03e-1	1.00e0	9.27e2	136	206	206	206	2	27	13.11	18	8.74
179	data/reference/motifs/JASPAR2026_CORE_plants_non-redundant_pfms_meme.txt	MA2051.2	NAC68	ACAAGTAW	3.41e-2	1.00e0	9.27e2	412	206	206	206	6	195	94.66	184	89.32
180	data/reference/motifs/JASPAR2026_CORE_plants_non-redundant_pfms_meme.txt	MA2453.1	SPL8B	ATAGTACTC	4.20e-2	1.00e0	9.27e2	335	206	206	206	3	87	42.23	69	33.50
181	data/reference/motifs/JASPAR2026_CORE_plants_non-redundant_pfms_meme.txt	MA1663.3	NAC050	CAAGTAAC	3.48e-2	1.00e0	9.27e2	409	206	206	206	7	91	44.17	72	34.95
182	data/reference/motifs/JASPAR2026_CORE_plants_non-redundant_pfms_meme.txt	MA1021.2	PHYPADRAFT_48267	CACGTGC	6.04e-2	1.00e0	9.27e2	240	206	206	206	3	52	25.24	38	18.45
183	data/reference/motifs/JASPAR2026_CORE_plants_non-redundant_pfms_meme.txt	MA0973.2	CDF2	AAAAAGY	3.54e-2	1.00e0	9.27e2	412	206	206	206	25	93	45.15	74	35.92
184	data/reference/motifs/JASPAR2026_CORE_plants_non-redundant_pfms_meme.txt	MA0097.1	bZIP911	GRTGACGTGGMC	6.00e-1	1.00e0	9.27e2	16	206	206	206	1	8	3.88	8	3.88
185	data/reference/motifs/JASPAR2026_CORE_plants_non-redundant_pfms_meme.txt	MA1305.2	WRKY55	CGTTGACTT	5.59e-2	1.00e0	9.27e2	264	206	206	206	4	11	5.34	4	1.94
186	data/reference/motifs/JASPAR2026_CORE_plants_non-redundant_pfms_meme.txt	MA2067.1	PK09702.1	GCACGTGR	3.09e-1	1.00e0	9.27e2	40	206	206	206	1	22	10.68	18	8.74
187	data/reference/motifs/JASPAR2026_CORE_plants_non-redundant_pfms_meme.txt	MA1308.2	WRKY70	CGTTGACTTT	1.08e-1	1.00e0	9.27e2	140	206	206	206	3	5	2.43	1	0.49
188	data/reference/motifs/JASPAR2026_CORE_plants_non-redundant_pfms_meme.txt	MA0578.1	SPL8	WWDWHYGTACHHTWWW	6.16e-2	1.00e0	9.27e2	247	206	206	206	7	4	1.94	0	0.00
189	data/reference/motifs/JASPAR2026_CORE_plants_non-redundant_pfms_meme.txt	MA1012.1	AGL27	CTTTCYATTTTKGG	6.89e-2	1.00e0	9.27e2	224	206	206	206	1	120	58.25	104	50.49
190	data/reference/motifs/JASPAR2026_CORE_plants_non-redundant_pfms_meme.txt	MA1356.1	TRP2	AACCCTAAACCCTAAACCCTA	8.58e-1	1.00e0	9.27e2	8	206	206	206	1	3	1.46	5	2.43
191	data/reference/motifs/JASPAR2026_CORE_plants_non-redundant_pfms_meme.txt	MA0983.2	DOF5.6	AAMG	3.79e-2	1.00e0	9.27e2	412	206	206	206	40	109	52.91	90	43.69
192	data/reference/motifs/JASPAR2026_CORE_plants_non-redundant_pfms_meme.txt	MA1788.1	NAC054	CTTGTNNHACACGYHAYCT	3.13e-1	1.00e0	9.27e2	42	206	206	206	1	23	11.17	19	9.22
193	data/reference/motifs/JASPAR2026_CORE_plants_non-redundant_pfms_meme.txt	MA0967.1	BZIP60	TGACGTCA	4.01e-2	1.00e0	9.27e2	393	206	206	206	4	180	87.38	166	80.58
194	data/reference/motifs/JASPAR2026_CORE_plants_non-redundant_pfms_meme.txt	MA2033.2	NAC038	TTDCKTGTDNHACAAGTWA	2.49e-1	1.00e0	9.27e2	55	206	206	206	4	2	0.97	0	0.00
195	data/reference/motifs/JASPAR2026_CORE_plants_non-redundant_pfms_meme.txt	MA0590.1	LFY	YATTRACCGSCGGTYAATR	5.00e-1	1.00e0	9.27e2	23	206	206	206	2	12	5.83	11	5.34
196	data/reference/motifs/JASPAR2026_CORE_plants_non-redundant_pfms_meme.txt	MA1204.1	AGL13	TTWCCAAAAAWRGWAAAW	1.23e-1	1.00e0	9.27e2	132	206	206	206	1	72	34.95	60	29.13
197	data/reference/motifs/JASPAR2026_CORE_plants_non-redundant_pfms_meme.txt	MA2358.1	PK22320.1	GTACGG	4.08e-2	1.00e0	9.27e2	405	206	206	206	5	140	67.96	122	59.22
198	data/reference/motifs/JASPAR2026_CORE_plants_non-redundant_pfms_meme.txt	MA0008.4	HAT5	CAATAATTG	4.43e-2	1.00e0	9.27e2	375	206	206	206	6	60	29.13	44	21.36
199	data/reference/motifs/JASPAR2026_CORE_plants_non-redundant_pfms_meme.txt	MA1791.1	NAC087	TTDCTTGTNNNACACGYWA	3.16e-1	1.00e0	9.27e2	44	206	206	206	1	24	11.65	20	9.71
200	data/reference/motifs/JASPAR2026_CORE_plants_non-redundant_pfms_meme.txt	MA2377.1	cassava45561.m1	GGGSCCCAC	5.09e-2	1.00e0	9.27e2	330	206	206	206	2	139	67.48	122	59.22
201	data/reference/motifs/JASPAR2026_CORE_plants_non-redundant_pfms_meme.txt	MA1241.2	ERF043	CCACCGACA	2.25e-1	1.00e0	9.27e2	67	206	206	206	2	5	2.43	2	0.97
202	data/reference/motifs/JASPAR2026_CORE_plants_non-redundant_pfms_meme.txt	MA1270.2	DOF3.2	TWACTTTTTNNYTTTT	4.20e-2	1.00e0	9.27e2	407	206	206	206	10	16	7.77	7	3.40
203	data/reference/motifs/JASPAR2026_CORE_plants_non-redundant_pfms_meme.txt	MA2438.1	SPL1D	GCRGTASTACCGCT	2.35e-1	1.00e0	9.27e2	64	206	206	206	2	11	5.34	7	3.40
204	data/reference/motifs/JASPAR2026_CORE_plants_non-redundant_pfms_meme.txt	MA0557.2	FHY3	CACGCGCT	6.33e-2	1.00e0	9.27e2	273	206	206	206	2	85	41.26	69	33.50
205	data/reference/motifs/JASPAR2026_CORE_plants_non-redundant_pfms_meme.txt	MA0938.3	NAC058	TTACKTGTDNMACAAGWAA	2.46e-1	1.00e0	9.27e2	62	206	206	206	1	34	16.50	28	13.59
206	data/reference/motifs/JASPAR2026_CORE_plants_non-redundant_pfms_meme.txt	MA2401.1	Os05g0437700	MCACGTGK	1.12e-1	1.00e0	9.27e2	157	206	206	206	2	85	41.26	72	34.95
207	data/reference/motifs/JASPAR2026_CORE_plants_non-redundant_pfms_meme.txt	MA1033.1	OJ1058_F05.8	MCACGTGK	1.12e-1	1.00e0	9.27e2	157	206	206	206	2	85	41.26	72	34.95
208	data/reference/motifs/JASPAR2026_CORE_plants_non-redundant_pfms_meme.txt	MA1039.1	MYB4	GGTWGGTR	4.33e-2	1.00e0	9.27e2	412	206	206	206	10	59	28.64	43	20.87
209	data/reference/motifs/JASPAR2026_CORE_plants_non-redundant_pfms_meme.txt	MA1284.2	TCP1	GTGGGCCCCAC	1.86e-1	1.00e0	9.27e2	87	206	206	206	4	4	1.94	1	0.49
210	data/reference/motifs/JASPAR2026_CORE_plants_non-redundant_pfms_meme.txt	MA1829.2	Zm00001d035604	ACCTAAC	4.36e-2	1.00e0	9.27e2	412	206	206	206	21	10	4.85	3	1.46
211	data/reference/motifs/JASPAR2026_CORE_plants_non-redundant_pfms_meme.txt	MA1022.2	PHYPADRAFT_38837	AAAG	4.36e-2	1.00e0	9.27e2	412	206	206	206	60	203	98.54	196	95.15
212	data/reference/motifs/JASPAR2026_CORE_plants_non-redundant_pfms_meme.txt	MA0981.2	DOF1.8	AAAG	4.36e-2	1.00e0	9.27e2	412	206	206	206	60	203	98.54	196	95.15
213	data/reference/motifs/JASPAR2026_CORE_plants_non-redundant_pfms_meme.txt	MA2394.1	PpDof6	CTTT	4.36e-2	1.00e0	9.27e2	412	206	206	206	60	203	98.54	196	95.15
214	data/reference/motifs/JASPAR2026_CORE_plants_non-redundant_pfms_meme.txt	MA2738.1	Cnr	TCCGTACAAA	4.60e-2	1.00e0	9.27e2	392	206	206	206	4	101	49.03	83	40.29
215	data/reference/motifs/JASPAR2026_CORE_plants_non-redundant_pfms_meme.txt	MA1425.2	HYH	TSACGTG	6.84e-2	1.00e0	9.27e2	267	206	206	206	3	72	34.95	57	27.67
216	data/reference/motifs/JASPAR2026_CORE_plants_non-redundant_pfms_meme.txt	MA2073.1	PK16340.1	CKTT	4.45e-2	1.00e0	9.27e2	412	206	206	206	69	201	97.57	193	93.69
217	data/reference/motifs/JASPAR2026_CORE_plants_non-redundant_pfms_meme.txt	MA2405.1	OsMSL08	GTAAAW	4.47e-2	1.00e0	9.27e2	412	206	206	206	33	95	46.12	77	37.38
218	data/reference/motifs/JASPAR2026_CORE_plants_non-redundant_pfms_meme.txt	MA2709.1	SolycHsfA2	TTCTAGAAKMTTCTA	1.38e-1	1.00e0	9.27e2	137	206	206	206	2	20	9.71	13	6.31
219	data/reference/motifs/JASPAR2026_CORE_plants_non-redundant_pfms_meme.txt	MA2006.2	NAC020	GGTTGCKTGTDNMACAAGTAA	3.71e-1	1.00e0	9.27e2	41	206	206	206	1	22	10.68	19	9.22
220	data/reference/motifs/JASPAR2026_CORE_plants_non-redundant_pfms_meme.txt	MA2755.1	hsftf24	ACTAGAAGCTTCTGGAA	1.14e-1	1.00e0	9.27e2	167	206	206	206	1	90	43.69	77	37.38
221	data/reference/motifs/JASPAR2026_CORE_plants_non-redundant_pfms_meme.txt	MA1164.2	HHO5	RAAGATTC	5.25e-2	1.00e0	9.27e2	364	206	206	206	7	8	3.88	2	0.97
222	data/reference/motifs/JASPAR2026_CORE_plants_non-redundant_pfms_meme.txt	MA2069.1	PK10955.1	CTTTW	4.67e-2	1.00e0	9.27e2	412	206	206	206	28	52	25.24	37	17.96
223	data/reference/motifs/JASPAR2026_CORE_plants_non-redundant_pfms_meme.txt	MA2043.2	NAC004	CAAGAAA	4.69e-2	1.00e0	9.27e2	411	206	206	206	8	111	53.88	93	45.15
224	data/reference/motifs/JASPAR2026_CORE_plants_non-redundant_pfms_meme.txt	MA1273.2	DOF4.2	AAAAAGGYAAA	4.82e-2	1.00e0	9.27e2	404	206	206	206	9	21	10.19	11	5.34
225	data/reference/motifs/JASPAR2026_CORE_plants_non-redundant_pfms_meme.txt	MA2434.1	SPL16A	AGCGGTAGTAC	8.04e-2	1.00e0	9.27e2	243	206	206	206	1	129	62.62	114	55.34
226	data/reference/motifs/JASPAR2026_CORE_plants_non-redundant_pfms_meme.txt	MA1834.2	Zm00001d034298	CCACGCG	5.01e-2	1.00e0	9.27e2	391	206	206	206	3	156	75.73	140	67.96
227	data/reference/motifs/JASPAR2026_CORE_plants_non-redundant_pfms_meme.txt	MA2611.1	ereb209	GCGCCGC	9.39e-1	1.00e0	9.27e2	7	206	206	206	1	2	0.97	5	2.43
228	data/reference/motifs/JASPAR2026_CORE_plants_non-redundant_pfms_meme.txt	MA2725.1	SlWRKY6	AAAGTCAAC	4.85e-2	1.00e0	9.27e2	407	206	206	206	10	17	8.25	8	3.88
229	data/reference/motifs/JASPAR2026_CORE_plants_non-redundant_pfms_meme.txt	MA2478.1	PK13314.1	GGGCCCAC	5.27e-2	1.00e0	9.27e2	376	206	206	206	3	153	74.27	137	66.50
230	data/reference/motifs/JASPAR2026_CORE_plants_non-redundant_pfms_meme.txt	MA1286.2	TCP24	GGGACCAC	1.31e-1	1.00e0	9.27e2	152	206	206	206	1	82	39.81	70	33.98
231	data/reference/motifs/JASPAR2026_CORE_plants_non-redundant_pfms_meme.txt	MA1369.2	HDG1	YAATTAATGM	5.10e-2	1.00e0	9.27e2	391	206	206	206	2	186	90.29	174	84.47
232	data/reference/motifs/JASPAR2026_CORE_plants_non-redundant_pfms_meme.txt	MA1339.1	BZIP43	GCCACGTCAGCA	5.00e-1	1.00e0	9.27e2	29	206	206	206	1	15	7.28	14	6.80
233	data/reference/motifs/JASPAR2026_CORE_plants_non-redundant_pfms_meme.txt	MA2090.1	PK26523.1	ATTCY	4.88e-2	1.00e0	9.27e2	412	206	206	206	42	80	38.83	63	30.58
234	data/reference/motifs/JASPAR2026_CORE_plants_non-redundant_pfms_meme.txt	MA1274.1	DOF3.6	TTTWCTTTTTHHYTTTTTTTT	4.93e-2	1.00e0	9.27e2	408	206	206	206	6	167	81.07	152	73.79
235	data/reference/motifs/JASPAR2026_CORE_plants_non-redundant_pfms_meme.txt	MA2449.1	SPL6A	GCGGTAGTACC	1.08e-1	1.00e0	9.27e2	190	206	206	206	3	16	7.77	9	4.37
236	data/reference/motifs/JASPAR2026_CORE_plants_non-redundant_pfms_meme.txt	MA0564.2	ABI3	GCATGC	5.25e-2	1.00e0	9.27e2	390	206	206	206	18	8	3.88	2	0.97
237	data/reference/motifs/JASPAR2026_CORE_plants_non-redundant_pfms_meme.txt	MA2079.1	PK19717.1	GGGSCCCMC	6.89e-2	1.00e0	9.27e2	300	206	206	206	2	120	58.25	104	50.49
238	data/reference/motifs/JASPAR2026_CORE_plants_non-redundant_pfms_meme.txt	MA1210.3	HAT22	CAATAATTG	5.13e-2	1.00e0	9.27e2	412	206	206	206	7	138	66.99	121	58.74
239	data/reference/motifs/JASPAR2026_CORE_plants_non-redundant_pfms_meme.txt	MA1734.1	AT1G19040	CTTGNDCYBCAAGTWW	3.11e-1	1.00e0	9.27e2	57	206	206	206	2	10	4.85	7	3.40
240	data/reference/motifs/JASPAR2026_CORE_plants_non-redundant_pfms_meme.txt	MA1820.2	Zm00001d024324	CGCCGCCGC	1.33e-1	1.00e0	9.27e2	160	206	206	206	1	86	41.75	74	35.92
241	data/reference/motifs/JASPAR2026_CORE_plants_non-redundant_pfms_meme.txt	MA1016.2	GATA15	GATC	5.19e-2	1.00e0	9.27e2	412	206	206	206	67	56	27.18	41	19.90
242	data/reference/motifs/JASPAR2026_CORE_plants_non-redundant_pfms_meme.txt	MA1196.2	AT5G05790	AWYCTTATCYTNWT	5.38e-2	1.00e0	9.27e2	398	206	206	206	2	185	89.81	173	83.98
243	data/reference/motifs/JASPAR2026_CORE_plants_non-redundant_pfms_meme.txt	MA1406.2	ATHB-4	YAATSATTG	5.26e-2	1.00e0	9.27e2	409	206	206	206	7	135	65.53	118	57.28
244	data/reference/motifs/JASPAR2026_CORE_plants_non-redundant_pfms_meme.txt	MA1174.2	MYB56	ATAACGGWHW	5.59e-2	1.00e0	9.27e2	387	206	206	206	7	11	5.34	4	1.94
245	data/reference/motifs/JASPAR2026_CORE_plants_non-redundant_pfms_meme.txt	MA1320.2	SPL15	TGTACGGA	2.06e-1	1.00e0	9.27e2	94	206	206	206	1	51	24.76	43	20.87
246	data/reference/motifs/JASPAR2026_CORE_plants_non-redundant_pfms_meme.txt	MA1015.2	GATA12	AGATCT	5.25e-2	1.00e0	9.27e2	412	206	206	206	30	204	99.03	198	96.12
247	data/reference/motifs/JASPAR2026_CORE_plants_non-redundant_pfms_meme.txt	MA1071.2	DOF5.3	AAMG	5.30e-2	1.00e0	9.27e2	412	206	206	206	161	22	10.68	12	5.83
248	data/reference/motifs/JASPAR2026_CORE_plants_non-redundant_pfms_meme.txt	MA2361.1	PRUPE_ppa000682mg	GTACGG	5.30e-2	1.00e0	9.27e2	412	206	206	206	18	134	65.05	117	56.80
249	data/reference/motifs/JASPAR2026_CORE_plants_non-redundant_pfms_meme.txt	MA1055.3	SPL1	TGTACGGA	6.33e-2	1.00e0	9.27e2	346	206	206	206	3	85	41.26	69	33.50
250	data/reference/motifs/JASPAR2026_CORE_plants_non-redundant_pfms_meme.txt	MA1043.2	NAC083	YACGYAA	1.64e-1	1.00e0	9.27e2	134	206	206	206	2	17	8.25	11	5.34
251	data/reference/motifs/JASPAR2026_CORE_plants_non-redundant_pfms_meme.txt	MA2667.1	GLYMA-13G236500	ACGACGGCGGAG	1.34e-1	1.00e0	9.27e2	164	206	206	206	1	88	42.72	76	36.89
252	data/reference/motifs/JASPAR2026_CORE_plants_non-redundant_pfms_meme.txt	MA2422.1	OsbZIP42	TGMCACGTCA	6.64e-2	1.00e0	9.27e2	333	206	206	206	1	173	83.98	160	77.67
253	data/reference/motifs/JASPAR2026_CORE_plants_non-redundant_pfms_meme.txt	MA1388.2	PHL2	VGAATMT	5.56e-2	1.00e0	9.27e2	398	206	206	206	4	126	61.17	109	52.91
254	data/reference/motifs/JASPAR2026_CORE_plants_non-redundant_pfms_meme.txt	MA2431.1	SPL15A	AGCGGTASTACCGC	2.56e-1	1.00e0	9.27e2	75	206	206	206	2	13	6.31	9	4.37
255	data/reference/motifs/JASPAR2026_CORE_plants_non-redundant_pfms_meme.txt	MA0941.2	ABF2	ACACGTG	5.51e-2	1.00e0	9.27e2	403	206	206	206	7	95	46.12	78	37.86
256	data/reference/motifs/JASPAR2026_CORE_plants_non-redundant_pfms_meme.txt	MA0082.2	squamosa	MCAWAWATRGWAA	5.48e-2	1.00e0	9.27e2	410	206	206	206	6	129	62.62	112	54.37
257	data/reference/motifs/JASPAR2026_CORE_plants_non-redundant_pfms_meme.txt	MA1007.1	PHYPADRAFT_173530	TGTCGGTG	1.86e-1	1.00e0	9.27e2	121	206	206	206	3	4	1.94	1	0.49
258	data/reference/motifs/JASPAR2026_CORE_plants_non-redundant_pfms_meme.txt	MA2343.1	MYB3R3	CGCCGTTA	5.70e-2	1.00e0	9.27e2	397	206	206	206	5	105	50.97	88	42.72
259	data/reference/motifs/JASPAR2026_CORE_plants_non-redundant_pfms_meme.txt	MA1089.2	WRKY57	RGTCAA	5.51e-2	1.00e0	9.27e2	412	206	206	206	28	128	62.14	111	53.88
260	data/reference/motifs/JASPAR2026_CORE_plants_non-redundant_pfms_meme.txt	MA2740.1	SlTCP15	GTGGGACCCA	8.74e-2	1.00e0	9.27e2	260	206	206	206	8	7	3.40	2	0.97
261	data/reference/motifs/JASPAR2026_CORE_plants_non-redundant_pfms_meme.txt	MA1260.2	ERF013	TGTCGGTGG	1.92e-1	1.00e0	9.27e2	119	206	206	206	1	64	31.07	55	26.70
262	data/reference/motifs/JASPAR2026_CORE_plants_non-redundant_pfms_meme.txt	MA1244.2	ABR1	DTKGCGGCGGMG	1.92e-1	1.00e0	9.27e2	119	206	206	206	1	64	31.07	55	26.70
263	data/reference/motifs/JASPAR2026_CORE_plants_non-redundant_pfms_meme.txt	MA2048.2	NAC045	GAAGCAAC	5.59e-2	1.00e0	9.27e2	411	206	206	206	2	202	98.06	195	94.66
264	data/reference/motifs/JASPAR2026_CORE_plants_non-redundant_pfms_meme.txt	MA2452.1	SPL8A	ATAGTACTC	6.37e-2	1.00e0	9.27e2	363	206	206	206	1	187	90.78	176	85.44
265	data/reference/motifs/JASPAR2026_CORE_plants_non-redundant_pfms_meme.txt	MA2499.1	LSH2	TACTGTTCA	5.72e-2	1.00e0	9.27e2	406	206	206	206	6	107	51.94	90	43.69
266	data/reference/motifs/JASPAR2026_CORE_plants_non-redundant_pfms_meme.txt	MA1808.3	GLYMA-06G314400	GACACGTGGC	8.12e-2	1.00e0	9.27e2	288	206	206	206	1	151	73.30	137	66.50
267	data/reference/motifs/JASPAR2026_CORE_plants_non-redundant_pfms_meme.txt	MA2732.1	Sl-ERF_C_4	YCGCCGCCGCCR	1.73e-1	1.00e0	9.27e2	136	206	206	206	1	73	35.44	63	30.58
268	data/reference/motifs/JASPAR2026_CORE_plants_non-redundant_pfms_meme.txt	MA1032.2	DREB1G	TGCCGACA	2.35e-1	1.00e0	9.27e2	100	206	206	206	2	11	5.34	7	3.40
269	data/reference/motifs/JASPAR2026_CORE_plants_non-redundant_pfms_meme.txt	MA1746.1	BZIP69	TGMCAGCTGTM	3.75e-1	1.00e0	9.27e2	50	206	206	206	2	6	2.91	4	1.94
270	data/reference/motifs/JASPAR2026_CORE_plants_non-redundant_pfms_meme.txt	MA1364.2	BHLH72	GCCACGTGG	1.54e-1	1.00e0	9.27e2	153	206	206	206	1	82	39.81	71	34.47
271	data/reference/motifs/JASPAR2026_CORE_plants_non-redundant_pfms_meme.txt	MA1076.3	WRKY15	RGTCAACG	6.16e-2	1.00e0	9.27e2	383	206	206	206	8	4	1.94	0	0.00
272	data/reference/motifs/JASPAR2026_CORE_plants_non-redundant_pfms_meme.txt	MA2362.1	TEIL	AGRTWCAT	5.74e-2	1.00e0	9.27e2	412	206	206	206	16	50	24.27	36	17.48
273	data/reference/motifs/JASPAR2026_CORE_plants_non-redundant_pfms_meme.txt	MA1175.2	MYB81	TAACHGWWT	5.77e-2	1.00e0	9.27e2	411	206	206	206	4	193	93.69	183	88.83
274	data/reference/motifs/JASPAR2026_CORE_plants_non-redundant_pfms_meme.txt	MA1745.2	BZIP63	TSACGTGG	7.75e-2	1.00e0	9.27e2	308	206	206	206	6	17	8.25	9	4.37
275	data/reference/motifs/JASPAR2026_CORE_plants_non-redundant_pfms_meme.txt	MA2737.1	SlERF36	CMGCCGCCAC	8.81e-2	1.00e0	9.27e2	272	206	206	206	1	143	69.42	129	62.62
276	data/reference/motifs/JASPAR2026_CORE_plants_non-redundant_pfms_meme.txt	MA0570.3	ABF1	ACACGTGKCA	8.81e-2	1.00e0	9.27e2	272	206	206	206	1	143	69.42	129	62.62
277	data/reference/motifs/JASPAR2026_CORE_plants_non-redundant_pfms_meme.txt	MA1044.2	NAC92	RCAMGCCA	5.86e-2	1.00e0	9.27e2	411	206	206	206	12	77	37.38	61	29.61
278	data/reference/motifs/JASPAR2026_CORE_plants_non-redundant_pfms_meme.txt	MA2078.1	PK19363.1	CGCCGCCR	8.38e-2	1.00e0	9.27e2	288	206	206	206	2	108	52.43	93	45.15
279	data/reference/motifs/JASPAR2026_CORE_plants_non-redundant_pfms_meme.txt	MA2421.1	SBP8	ARGTACAA	6.17e-2	1.00e0	9.27e2	394	206	206	206	9	15	7.28	7	3.40
280	data/reference/motifs/JASPAR2026_CORE_plants_non-redundant_pfms_meme.txt	MA2005.2	NAC016	TVCKTGWBCYNCAMG	2.49e-1	1.00e0	9.27e2	85	206	206	206	4	2	0.97	0	0.00
281	data/reference/motifs/JASPAR2026_CORE_plants_non-redundant_pfms_meme.txt	MA1069.3	TGA6	ATGAYGTCAT	8.33e-2	1.00e0	9.27e2	295	206	206	206	2	103	50.00	88	42.72
282	data/reference/motifs/JASPAR2026_CORE_plants_non-redundant_pfms_meme.txt	MA1337.2	BZIP44	WGCTGACGTGGCA	3.83e-1	1.00e0	9.27e2	51	206	206	206	1	27	13.11	24	11.65
283	data/reference/motifs/JASPAR2026_CORE_plants_non-redundant_pfms_meme.txt	MA0577.4	SPL3	TGTACGGA	8.23e-2	1.00e0	9.27e2	299	206	206	206	2	98	47.57	83	40.29
284	data/reference/motifs/JASPAR2026_CORE_plants_non-redundant_pfms_meme.txt	MA1313.2	WRKY7	CGTTGACTTTT	1.79e-1	1.00e0	9.27e2	138	206	206	206	2	19	9.22	13	6.31
285	data/reference/motifs/JASPAR2026_CORE_plants_non-redundant_pfms_meme.txt	MA1186.2	YAB4	AWYCTTATCYW	6.16e-2	1.00e0	9.27e2	401	206	206	206	12	4	1.94	0	0.00
286	data/reference/motifs/JASPAR2026_CORE_plants_non-redundant_pfms_meme.txt	MA2427.1	SPL12B	AGCGGTASTACCGC	4.17e-1	1.00e0	9.27e2	46	206	206	206	2	13	6.31	11	5.34
287	data/reference/motifs/JASPAR2026_CORE_plants_non-redundant_pfms_meme.txt	MA2718.1	Sl-ERF_A_3	GGYGGCGGCGGCGGCGG	5.00e-1	1.00e0	9.27e2	36	206	206	206	2	8	3.88	7	3.40
288	data/reference/motifs/JASPAR2026_CORE_plants_non-redundant_pfms_meme.txt	MA2397.1	ILR3	CACGTG	6.09e-2	1.00e0	9.27e2	412	206	206	206	44	6	2.91	1	0.49
289	data/reference/motifs/JASPAR2026_CORE_plants_non-redundant_pfms_meme.txt	MA2357.1	PK21687.1	WAAACCC	6.09e-2	1.00e0	9.27e2	412	206	206	206	5	205	99.51	200	97.09
290	data/reference/motifs/JASPAR2026_CORE_plants_non-redundant_pfms_meme.txt	MA2084.1	PK23009.1	CTTTW	6.09e-2	1.00e0	9.27e2	412	206	206	206	117	6	2.91	1	0.49
291	data/reference/motifs/JASPAR2026_CORE_plants_non-redundant_pfms_meme.txt	MA1289.2	TCP3	GGGACCAC	2.20e-1	1.00e0	9.27e2	114	206	206	206	1	61	29.61	53	25.73
292	data/reference/motifs/JASPAR2026_CORE_plants_non-redundant_pfms_meme.txt	MA0569.2	MYC4	CACGTGC	8.70e-2	1.00e0	9.27e2	289	206	206	206	5	30	14.56	20	9.71
293	data/reference/motifs/JASPAR2026_CORE_plants_non-redundant_pfms_meme.txt	MA0129.1	TGA1A	HACGTCA	6.16e-2	1.00e0	9.27e2	411	206	206	206	2	206	100.00	202	98.06
294	data/reference/motifs/JASPAR2026_CORE_plants_non-redundant_pfms_meme.txt	MA0945.2	ARR1	RDATCT	6.16e-2	1.00e0	9.27e2	412	206	206	206	59	4	1.94	0	0.00
295	data/reference/motifs/JASPAR2026_CORE_plants_non-redundant_pfms_meme.txt	MA2368.1	WRKY51	RGTCAA	6.16e-2	1.00e0	9.27e2	412	206	206	206	62	4	1.94	0	0.00
296	data/reference/motifs/JASPAR2026_CORE_plants_non-redundant_pfms_meme.txt	MA2103.1	AT4G09450	TTATCY	6.16e-2	1.00e0	9.27e2	412	206	206	206	15	206	100.00	202	98.06
297	data/reference/motifs/JASPAR2026_CORE_plants_non-redundant_pfms_meme.txt	MA2089.1	PK25870.1	RGTCAAM	6.16e-2	1.00e0	9.27e2	412	206	206	206	2	206	100.00	202	98.06
298	data/reference/motifs/JASPAR2026_CORE_plants_non-redundant_pfms_meme.txt	MA2059.1	PK05432.1	RGTCAA	6.16e-2	1.00e0	9.27e2	412	206	206	206	10	206	100.00	202	98.06
299	data/reference/motifs/JASPAR2026_CORE_plants_non-redundant_pfms_meme.txt	MA1387.2	HRS1	ATCRAAGATTCY	7.43e-2	1.00e0	9.27e2	342	206	206	206	1	177	85.92	165	80.10
300	data/reference/motifs/JASPAR2026_CORE_plants_non-redundant_pfms_meme.txt	MA1293.2	MYB57	TACCTAACTT	2.49e-1	1.00e0	9.27e2	102	206	206	206	3	2	0.97	0	0.00
301	data/reference/motifs/JASPAR2026_CORE_plants_non-redundant_pfms_meme.txt	MA1417.2	O2	TGCCACGTCATC	1.98e-1	1.00e0	9.27e2	129	206	206	206	1	69	33.50	60	29.13
302	data/reference/motifs/JASPAR2026_CORE_plants_non-redundant_pfms_meme.txt	MA2439.1	SPL2A	GCGGTASTACCGC	5.75e-1	1.00e0	9.27e2	30	206	206	206	1	15	7.28	15	7.28
303	data/reference/motifs/JASPAR2026_CORE_plants_non-redundant_pfms_meme.txt	MA1743.2	BZIP2	TGCTGACGTGGCA	3.84e-1	1.00e0	9.27e2	53	206	206	206	1	28	13.59	25	12.14
304	data/reference/motifs/JASPAR2026_CORE_plants_non-redundant_pfms_meme.txt	MA2476.1	KNAT7	TGACRKCT	9.08e-2	1.00e0	9.27e2	286	206	206	206	3	39	18.93	28	13.59
305	data/reference/motifs/JASPAR2026_CORE_plants_non-redundant_pfms_meme.txt	MA1686.1	ARF13	ARCGGGGGACAYGT	3.12e-1	1.00e0	9.27e2	70	206	206	206	3	3	1.46	1	0.49
306	data/reference/motifs/JASPAR2026_CORE_plants_non-redundant_pfms_meme.txt	MA2621.1	glk25	TGATTCCA	6.37e-2	1.00e0	9.27e2	411	206	206	206	8	136	66.02	120	58.25
307	data/reference/motifs/JASPAR2026_CORE_plants_non-redundant_pfms_meme.txt	MA2712.1	eil1	TCTAGATACATTGAATCT	2.41e-1	1.00e0	9.27e2	95	206	206	206	1	51	24.76	44	21.36
308	data/reference/motifs/JASPAR2026_CORE_plants_non-redundant_pfms_meme.txt	MA2425.1	SPL11A	SCGGTACTACCG	1.78e-1	1.00e0	9.27e2	148	206	206	206	1	79	38.35	69	33.50
309	data/reference/motifs/JASPAR2026_CORE_plants_non-redundant_pfms_meme.txt	MA2372.1	AZF1	WCACTVWCW	6.42e-2	1.00e0	9.27e2	410	206	206	206	8	87	42.23	71	34.47
310	data/reference/motifs/JASPAR2026_CORE_plants_non-redundant_pfms_meme.txt	MA2448.1	SPL5D	AGCGGTASTACCGC	5.00e-1	1.00e0	9.27e2	38	206	206	206	2	7	3.40	6	2.91
311	data/reference/motifs/JASPAR2026_CORE_plants_non-redundant_pfms_meme.txt	MA0551.2	HY5	TGMCACGTGKCA	3.03e-1	1.00e0	9.27e2	73	206	206	206	2	39	18.93	34	16.50
312	data/reference/motifs/JASPAR2026_CORE_plants_non-redundant_pfms_meme.txt	MA1740.2	BHLH49	CACGTGC	4.38e-1	1.00e0	9.27e2	46	206	206	206	2	24	11.65	22	10.68
313	data/reference/motifs/JASPAR2026_CORE_plants_non-redundant_pfms_meme.txt	MA1074.2	UNE10	CACGTGM	4.38e-1	1.00e0	9.27e2	46	206	206	206	2	24	11.65	22	10.68
314	data/reference/motifs/JASPAR2026_CORE_plants_non-redundant_pfms_meme.txt	MA2455.1	SPL9D	AGCGGTASTACCGC	4.38e-1	1.00e0	9.27e2	46	206	206	206	1	24	11.65	22	10.68
315	data/reference/motifs/JASPAR2026_CORE_plants_non-redundant_pfms_meme.txt	MA2077.1	PK18474.1	CACGTGC	4.38e-1	1.00e0	9.27e2	46	206	206	206	2	24	11.65	22	10.68
316	data/reference/motifs/JASPAR2026_CORE_plants_non-redundant_pfms_meme.txt	MA2071.1	PK15505.1	GCACGTGT	4.38e-1	1.00e0	9.27e2	46	206	206	206	2	24	11.65	22	10.68
317	data/reference/motifs/JASPAR2026_CORE_plants_non-redundant_pfms_meme.txt	MA2064.1	PK07858.1	CACGTGC	4.38e-1	1.00e0	9.27e2	46	206	206	206	2	24	11.65	22	10.68
318	data/reference/motifs/JASPAR2026_CORE_plants_non-redundant_pfms_meme.txt	MA2061.1	PK06517.1	CACGTGC	4.38e-1	1.00e0	9.27e2	46	206	206	206	2	24	11.65	22	10.68
319	data/reference/motifs/JASPAR2026_CORE_plants_non-redundant_pfms_meme.txt	MA2060.1	PK05451.1	CCACGTGM	4.38e-1	1.00e0	9.27e2	46	206	206	206	2	24	11.65	22	10.68
320	data/reference/motifs/JASPAR2026_CORE_plants_non-redundant_pfms_meme.txt	MA1167.2	EFM	RGAATATTC	8.38e-2	1.00e0	9.27e2	317	206	206	206	2	113	54.85	98	47.57
321	data/reference/motifs/JASPAR2026_CORE_plants_non-redundant_pfms_meme.txt	MA2364.1	VIT_15s0048g01150	GGGCCCAC	7.89e-2	1.00e0	9.27e2	338	206	206	206	1	175	84.95	163	79.13
322	data/reference/motifs/JASPAR2026_CORE_plants_non-redundant_pfms_meme.txt	MA2748.1	TraesCS6B02G321100	CAATTATTG	6.76e-2	1.00e0	9.27e2	395	206	206	206	1	201	97.57	194	94.17
323	data/reference/motifs/JASPAR2026_CORE_plants_non-redundant_pfms_meme.txt	MA2440.1	SPL2B	GCGGTASTACCGC	3.12e-1	1.00e0	9.27e2	72	206	206	206	3	3	1.46	1	0.49
324	data/reference/motifs/JASPAR2026_CORE_plants_non-redundant_pfms_meme.txt	MA0571.2	ANT	GCACRRWTCCCVAKGY	5.73e-1	1.00e0	9.27e2	32	206	206	206	1	16	7.77	16	7.77
325	data/reference/motifs/JASPAR2026_CORE_plants_non-redundant_pfms_meme.txt	MA1688.2	ARF16	CAAGACAAGA	6.67e-2	1.00e0	9.27e2	410	206	206	206	10	70	33.98	55	26.70
326	data/reference/motifs/JASPAR2026_CORE_plants_non-redundant_pfms_meme.txt	MA2038.2	NAC103	CAAGTTA	6.64e-2	1.00e0	9.27e2	412	206	206	206	13	46	22.33	33	16.02
327	data/reference/motifs/JASPAR2026_CORE_plants_non-redundant_pfms_meme.txt	MA2651.1	GLYMA-20G154400	GGGCCCCAC	1.15e-1	1.00e0	9.27e2	239	206	206	206	1	126	61.17	113	54.85
328	data/reference/motifs/JASPAR2026_CORE_plants_non-redundant_pfms_meme.txt	MA0936.1	NAC046	ACACGCMA	6.70e-2	1.00e0	9.27e2	412	206	206	206	10	195	94.66	186	90.29
329	data/reference/motifs/JASPAR2026_CORE_plants_non-redundant_pfms_meme.txt	MA1257.2	ERF9	GGCGGHKRYGGCGGCGGMG	3.43e-1	1.00e0	9.27e2	66	206	206	206	5	4	1.94	2	0.97
330	data/reference/motifs/JASPAR2026_CORE_plants_non-redundant_pfms_meme.txt	MA2747.1	TraesCS6A02G290800	CAATAATTG	7.00e-2	1.00e0	9.27e2	400	206	206	206	1	203	98.54	197	95.63
331	data/reference/motifs/JASPAR2026_CORE_plants_non-redundant_pfms_meme.txt	MA2502.1	TMF	CTACAGTA	7.00e-2	1.00e0	9.27e2	400	206	206	206	1	203	98.54	197	95.63
332	data/reference/motifs/JASPAR2026_CORE_plants_non-redundant_pfms_meme.txt	MA1691.2	ARF27	GCAGACAT	6.98e-2	1.00e0	9.27e2	404	206	206	206	10	16	7.77	8	3.88
333	data/reference/motifs/JASPAR2026_CORE_plants_non-redundant_pfms_meme.txt	MA2473.1	HB88	TTGATTG	6.85e-2	1.00e0	9.27e2	412	206	206	206	20	100	48.54	84	40.78
334	data/reference/motifs/JASPAR2026_CORE_plants_non-redundant_pfms_meme.txt	MA2443.1	SPL3D	GCGGTASTACCGC	4.27e-1	1.00e0	9.27e2	51	206	206	206	2	17	8.25	15	7.28
335	data/reference/motifs/JASPAR2026_CORE_plants_non-redundant_pfms_meme.txt	MA2391.1	Lg3	TGACRKC	7.00e-2	1.00e0	9.27e2	406	206	206	206	2	203	98.54	197	95.63
336	data/reference/motifs/JASPAR2026_CORE_plants_non-redundant_pfms_meme.txt	MA2049.2	NAC053	CAAGAAA	6.98e-2	1.00e0	9.27e2	408	206	206	206	11	16	7.77	8	3.88
337	data/reference/motifs/JASPAR2026_CORE_plants_non-redundant_pfms_meme.txt	MA1275.2	DOF1.6	AWAAAGTR	6.96e-2	1.00e0	9.27e2	411	206	206	206	5	179	86.89	167	81.07
338	data/reference/motifs/JASPAR2026_CORE_plants_non-redundant_pfms_meme.txt	MA0994.3	ERF8	TGRCGGCGGCG	2.03e-1	1.00e0	9.27e2	141	206	206	206	1	75	36.41	66	32.04
339	data/reference/motifs/JASPAR2026_CORE_plants_non-redundant_pfms_meme.txt	MA2418.1	IG1	CTGCCGCCA	1.02e-1	1.00e0	9.27e2	281	206	206	206	1	147	71.36	134	65.05
340	data/reference/motifs/JASPAR2026_CORE_plants_non-redundant_pfms_meme.txt	MA1811.3	GLYMA-13G317000	GGACACSTGTCA	1.25e-1	1.00e0	9.27e2	231	206	206	206	2	74	35.92	62	30.10
341	data/reference/motifs/JASPAR2026_CORE_plants_non-redundant_pfms_meme.txt	MA0958.1	BHLH13	RCACGTGC	1.24e-1	1.00e0	9.27e2	233	206	206	206	6	18	8.74	11	5.34
342	data/reference/motifs/JASPAR2026_CORE_plants_non-redundant_pfms_meme.txt	MA1197.2	CAMTA1	AARCGCGTG	2.25e-1	1.00e0	9.27e2	128	206	206	206	2	28	13.59	22	10.68
343	data/reference/motifs/JASPAR2026_CORE_plants_non-redundant_pfms_meme.txt	MA2070.1	PK15337.1	CTTT	7.00e-2	1.00e0	9.27e2	412	206	206	206	107	203	98.54	197	95.63
344	data/reference/motifs/JASPAR2026_CORE_plants_non-redundant_pfms_meme.txt	MA1050.1	OsI_08196	GGGCCCAC	1.14e-1	1.00e0	9.27e2	254	206	206	206	3	49	23.79	38	18.45
345	data/reference/motifs/JASPAR2026_CORE_plants_non-redundant_pfms_meme.txt	MA2461.1	WOX13	TTGATTGA	7.03e-2	1.00e0	9.27e2	411	206	206	206	13	32	15.53	21	10.19
346	data/reference/motifs/JASPAR2026_CORE_plants_non-redundant_pfms_meme.txt	MA2433.1	SPL15D	GCGGTACTAC	1.10e-1	1.00e0	9.27e2	263	206	206	206	2	82	39.81	69	33.50
347	data/reference/motifs/JASPAR2026_CORE_plants_non-redundant_pfms_meme.txt	MA1025.2	HBI1	GCACGTG	9.13e-2	1.00e0	9.27e2	317	206	206	206	3	62	30.10	49	23.79
348	data/reference/motifs/JASPAR2026_CORE_plants_non-redundant_pfms_meme.txt	MA1198.2	HAT2	YAATCATT	7.20e-2	1.00e0	9.27e2	406	206	206	206	3	178	86.41	166	80.58
349	data/reference/motifs/JASPAR2026_CORE_plants_non-redundant_pfms_meme.txt	MA0997.2	ERF069	GCCG	7.10e-2	1.00e0	9.27e2	412	206	206	206	16	190	92.23	180	87.38
350	data/reference/motifs/JASPAR2026_CORE_plants_non-redundant_pfms_meme.txt	MA1677.2	NAC078	CAAGAAA	7.20e-2	1.00e0	9.27e2	409	206	206	206	10	40	19.42	28	13.59
351	data/reference/motifs/JASPAR2026_CORE_plants_non-redundant_pfms_meme.txt	MA1301.2	WRKY33	AAAGTCAACG	1.24e-1	1.00e0	9.27e2	238	206	206	206	5	3	1.46	0	0.00
352	data/reference/motifs/JASPAR2026_CORE_plants_non-redundant_pfms_meme.txt	MA2717.1	eil2	AGATTCR	7.20e-2	1.00e0	9.27e2	412	206	206	206	7	178	86.41	166	80.58
353	data/reference/motifs/JASPAR2026_CORE_plants_non-redundant_pfms_meme.txt	MA1777.2	MYB74	YYYACCTAMCW	9.07e-2	1.00e0	9.27e2	327	206	206	206	4	31	15.05	21	10.19
354	data/reference/motifs/JASPAR2026_CORE_plants_non-redundant_pfms_meme.txt	MA2442.1	SPL3B	AGCGGTASTACCGC	5.00e-1	1.00e0	9.27e2	43	206	206	206	1	22	10.68	21	10.19
355	data/reference/motifs/JASPAR2026_CORE_plants_non-redundant_pfms_meme.txt	MA1027.2	KAN1	WTATTC	7.26e-2	1.00e0	9.27e2	412	206	206	206	67	61	29.61	47	22.82
356	data/reference/motifs/JASPAR2026_CORE_plants_non-redundant_pfms_meme.txt	MA2729.1	vahox1	AAATAATTG	7.43e-2	1.00e0	9.27e2	405	206	206	206	13	41	19.90	29	14.08
357	data/reference/motifs/JASPAR2026_CORE_plants_non-redundant_pfms_meme.txt	MA2670.1	GLYMA-15G168800	CAATGATTG	9.29e-2	1.00e0	9.27e2	324	206	206	206	1	168	81.55	156	75.73
358	data/reference/motifs/JASPAR2026_CORE_plants_non-redundant_pfms_meme.txt	MA1159.2	SGR5	AAAWAAGACAAAA	8.57e-2	1.00e0	9.27e2	355	206	206	206	2	146	70.87	132	64.08
359	data/reference/motifs/JASPAR2026_CORE_plants_non-redundant_pfms_meme.txt	MA1405.2	SIZF2	ACTGACAGT	9.18e-2	1.00e0	9.27e2	332	206	206	206	8	19	9.22	11	5.34
360	data/reference/motifs/JASPAR2026_CORE_plants_non-redundant_pfms_meme.txt	MA1209.2	ATHB-20	YAATAATT	8.81e-2	1.00e0	9.27e2	347	206	206	206	1	179	86.89	168	81.55
361	data/reference/motifs/JASPAR2026_CORE_plants_non-redundant_pfms_meme.txt	MA0587.2	TCP16	GTGGACCC	1.42e-1	1.00e0	9.27e2	215	206	206	206	5	6	2.91	2	0.97
362	data/reference/motifs/JASPAR2026_CORE_plants_non-redundant_pfms_meme.txt	MA0984.2	DOF5.7	AAARR	7.43e-2	1.00e0	9.27e2	412	206	206	206	135	41	19.90	29	14.08
363	data/reference/motifs/JASPAR2026_CORE_plants_non-redundant_pfms_meme.txt	MA1291.1	TCP7	GTGGGRCCCAC	3.01e-1	1.00e0	9.27e2	103	206	206	206	2	20	9.71	16	7.77
364	data/reference/motifs/JASPAR2026_CORE_plants_non-redundant_pfms_meme.txt	MA0548.3	AGL15	TTTCCWTTTTDGGWAA	1.42e-1	1.00e0	9.27e2	219	206	206	206	4	6	2.91	2	0.97
365	data/reference/motifs/JASPAR2026_CORE_plants_non-redundant_pfms_meme.txt	MA2057.1	PK01630.1	GCACGTG	8.00e-2	1.00e0	9.27e2	390	206	206	206	4	130	63.11	115	55.83
366	data/reference/motifs/JASPAR2026_CORE_plants_non-redundant_pfms_meme.txt	MA2016.2	GRF6	TCTGACA	1.61e-1	1.00e0	9.27e2	194	206	206	206	3	11	5.34	6	2.91
367	data/reference/motifs/JASPAR2026_CORE_plants_non-redundant_pfms_meme.txt	MA1307.3	WRKY31	RGTCAACG	8.74e-2	1.00e0	9.27e2	358	206	206	206	6	7	3.40	2	0.97
368	data/reference/motifs/JASPAR2026_CORE_plants_non-redundant_pfms_meme.txt	MA1814.2	RIN	CTATTTTTGG	7.71e-2	1.00e0	9.27e2	411	206	206	206	11	65	31.55	51	24.76
369	data/reference/motifs/JASPAR2026_CORE_plants_non-redundant_pfms_meme.txt	MA1267.2	DOF5.8	TTTTTHYTTTTTACTTTTT	7.71e-2	1.00e0	9.27e2	412	206	206	206	5	155	75.24	141	68.45
370	data/reference/motifs/JASPAR2026_CORE_plants_non-redundant_pfms_meme.txt	MA1821.2	Zm00001d020595	GGCGGCGGCG	9.30e-1	1.00e0	9.27e2	12	206	206	206	1	4	1.94	8	3.88
371	data/reference/motifs/JASPAR2026_CORE_plants_non-redundant_pfms_meme.txt	MA2105.1	GLYMA-13G317000	ACACGT	9.49e-2	1.00e0	9.27e2	337	206	206	206	4	65	31.55	52	25.24
372	data/reference/motifs/JASPAR2026_CORE_plants_non-redundant_pfms_meme.txt	MA1051.1	RAP2-3	GCGCCGCC	1.20e-1	1.00e0	9.27e2	267	206	206	206	3	69	33.50	57	27.67
373	data/reference/motifs/JASPAR2026_CORE_plants_non-redundant_pfms_meme.txt	MA1206.2	ARF2	SMGACA	7.83e-2	1.00e0	9.27e2	409	206	206	206	4	193	93.69	184	89.32
374	data/reference/motifs/JASPAR2026_CORE_plants_non-redundant_pfms_meme.txt	MA1036.1	MYB111	GKTAGGTR	7.93e-2	1.00e0	9.27e2	406	206	206	206	9	28	13.59	18	8.74
375	data/reference/motifs/JASPAR2026_CORE_plants_non-redundant_pfms_meme.txt	MA1299.2	WRKY17	AAAGTCAACG	1.24e-1	1.00e0	9.27e2	260	206	206	206	5	3	1.46	0	0.00
376	data/reference/motifs/JASPAR2026_CORE_plants_non-redundant_pfms_meme.txt	MA1086.2	WRKY43	RGTCAA	7.82e-2	1.00e0	9.27e2	412	206	206	206	37	66	32.04	52	25.24
377	data/reference/motifs/JASPAR2026_CORE_plants_non-redundant_pfms_meme.txt	MA0561.1	PIF4	CACGTGSC	2.82e-1	1.00e0	9.27e2	98	206	206	206	1	52	25.24	46	22.33
378	data/reference/motifs/JASPAR2026_CORE_plants_non-redundant_pfms_meme.txt	MA1735.2	AT2G38300	AAHATTCYHT	8.03e-2	1.00e0	9.27e2	404	206	206	206	6	68	33.01	54	26.21
379	data/reference/motifs/JASPAR2026_CORE_plants_non-redundant_pfms_meme.txt	MA1324.1	GATA20	ATCSGATC	1.24e-1	1.00e0	9.27e2	262	206	206	206	14	3	1.46	0	0.00
380	data/reference/motifs/JASPAR2026_CORE_plants_non-redundant_pfms_meme.txt	MA1042.1	MYB59	RTTAGGTA	7.93e-2	1.00e0	9.27e2	411	206	206	206	13	28	13.59	18	8.74
381	data/reference/motifs/JASPAR2026_CORE_plants_non-redundant_pfms_meme.txt	MA1751.2	EIL3	AGRTWCAT	8.01e-2	1.00e0	9.27e2	407	206	206	206	7	54	26.21	41	19.90
382	data/reference/motifs/JASPAR2026_CORE_plants_non-redundant_pfms_meme.txt	MA1768.2	MYB30	CCAACYACCAMC	8.38e-2	1.00e0	9.27e2	390	206	206	206	4	110	53.40	95	46.12
383	data/reference/motifs/JASPAR2026_CORE_plants_non-redundant_pfms_meme.txt	MA0935.1	NAC025	YACGTAAY	1.35e-1	1.00e0	9.27e2	242	206	206	206	1	127	61.65	115	55.83
384	data/reference/motifs/JASPAR2026_CORE_plants_non-redundant_pfms_meme.txt	MA1322.3	SPL9	TCCGTAC	8.81e-2	1.00e0	9.27e2	373	206	206	206	4	77	37.38	63	30.58
385	data/reference/motifs/JASPAR2026_CORE_plants_non-redundant_pfms_meme.txt	MA1314.2	WRKY14	AAAGTCAACG	1.42e-1	1.00e0	9.27e2	231	206	206	206	4	6	2.91	2	0.97
386	data/reference/motifs/JASPAR2026_CORE_plants_non-redundant_pfms_meme.txt	MA1816.2	O11	CACGTG	1.35e-1	1.00e0	9.27e2	246	206	206	206	2	129	62.62	117	56.80
387	data/reference/motifs/JASPAR2026_CORE_plants_non-redundant_pfms_meme.txt	MA1212.2	ATHB-13	YAATAATT	8.33e-2	1.00e0	9.27e2	399	206	206	206	6	118	57.28	103	50.00
388	data/reference/motifs/JASPAR2026_CORE_plants_non-redundant_pfms_meme.txt	MA1381.2	AT3G46070	TCACTCT	8.23e-2	1.00e0	9.27e2	408	206	206	206	5	123	59.71	108	52.43
389	data/reference/motifs/JASPAR2026_CORE_plants_non-redundant_pfms_meme.txt	MA1695.2	ARF36	GGGGGACAHGTC	1.46e-1	1.00e0	9.27e2	229	206	206	206	4	10	4.85	5	2.43
390	data/reference/motifs/JASPAR2026_CORE_plants_non-redundant_pfms_meme.txt	MA1690.2	ARF25	ARMGGGRGACAM	1.36e-1	1.00e0	9.27e2	247	206	206	206	2	63	30.58	52	25.24
391	data/reference/motifs/JASPAR2026_CORE_plants_non-redundant_pfms_meme.txt	MA1190.2	RVE5	AGATATTTT	9.70e-2	1.00e0	9.27e2	352	206	206	206	2	127	61.65	113	54.85
392	data/reference/motifs/JASPAR2026_CORE_plants_non-redundant_pfms_meme.txt	MA1276.2	DOF3.5	AWAAAGK	8.37e-2	1.00e0	9.27e2	405	206	206	206	9	23	11.17	14	6.80
393	data/reference/motifs/JASPAR2026_CORE_plants_non-redundant_pfms_meme.txt	MA1786.2	NAC019	YACGBMA	8.25e-2	1.00e0	9.27e2	412	206	206	206	11	122	59.22	107	51.94
394	data/reference/motifs/JASPAR2026_CORE_plants_non-redundant_pfms_meme.txt	MA0930.3	ABF3	ACGTGTC	8.52e-2	1.00e0	9.27e2	402	206	206	206	3	172	83.50	160	77.67
395	data/reference/motifs/JASPAR2026_CORE_plants_non-redundant_pfms_meme.txt	MA1096.1	ARALYDRAFT_496250	GGGACCAC	3.53e-1	1.00e0	9.27e2	78	206	206	206	1	41	19.90	37	17.96
396	data/reference/motifs/JASPAR2026_CORE_plants_non-redundant_pfms_meme.txt	MA0975.1	CRF2	SCGCCGCC	2.72e-1	1.00e0	9.27e2	125	206	206	206	2	27	13.11	22	10.68
397	data/reference/motifs/JASPAR2026_CORE_plants_non-redundant_pfms_meme.txt	MA2655.1	GLYMA-08G218600	AAAAGTCAA	8.52e-2	1.00e0	9.27e2	412	206	206	206	9	46	22.33	34	16.50
398	data/reference/motifs/JASPAR2026_CORE_plants_non-redundant_pfms_meme.txt	MA2733.1	Sl-ERF_F_4	GCMGCMGCCGCCGCCGYCR	5.65e-1	1.00e0	9.27e2	42	206	206	206	1	21	10.19	21	10.19
399	data/reference/motifs/JASPAR2026_CORE_plants_non-redundant_pfms_meme.txt	MA2477.1	NGA4	TTCAGGTR	8.73e-2	1.00e0	9.27e2	405	206	206	206	5	76	36.89	62	30.10
400	data/reference/motifs/JASPAR2026_CORE_plants_non-redundant_pfms_meme.txt	MA1682.2	TCX3	AAATTCAAATWT	8.72e-2	1.00e0	9.27e2	406	206	206	206	4	171	83.01	159	77.18
401	data/reference/motifs/JASPAR2026_CORE_plants_non-redundant_pfms_meme.txt	MA1336.2	TGA3	RTGACGTCAKC	3.54e-1	1.00e0	9.27e2	80	206	206	206	1	42	20.39	38	18.45
402	data/reference/motifs/JASPAR2026_CORE_plants_non-redundant_pfms_meme.txt	MA2399.1	LjSGA_053525.1	GGGCCCAC	1.85e-1	1.00e0	9.27e2	186	206	206	206	3	20	9.71	14	6.80
403	data/reference/motifs/JASPAR2026_CORE_plants_non-redundant_pfms_meme.txt	MA1792.1	NAC098	CKTGTNNHACACGTHA	3.17e-1	1.00e0	9.27e2	91	206	206	206	1	48	23.30	43	20.87
404	data/reference/motifs/JASPAR2026_CORE_plants_non-redundant_pfms_meme.txt	MA0947.1	ARR14	AGATWCGS	1.08e-1	1.00e0	9.27e2	329	206	206	206	6	5	2.43	1	0.49
405	data/reference/motifs/JASPAR2026_CORE_plants_non-redundant_pfms_meme.txt	MA2671.1	GLYMA-19G100900	AGCATGCT	1.87e-1	1.00e0	9.27e2	310	206	206	206	4	99	48.06	89	43.20
406	data/reference/motifs/JASPAR2026_CORE_plants_non-redundant_pfms_meme.txt	MA2668.1	GLYMA-20G155100	RCCGACAT	6.48e-1	1.00e0	9.27e2	273	206	206	206	3	37	17.96	39	18.93
407	data/reference/motifs/JASPAR2026_CORE_plants_non-redundant_pfms_meme.txt	MA2666.1	GLYMA-12G117000	GGMGGCGGYGGCGGMGG	5.00e-1	1.00e0	9.27e2	79	206	206	206	3	18	8.74	17	8.25
408	data/reference/motifs/JASPAR2026_CORE_plants_non-redundant_pfms_meme.txt	MA2665.1	GLYMA-11G053600	CACCGACAC	3.20e-1	1.00e0	9.27e2	336	206	206	206	7	11	5.34	8	3.88
409	data/reference/motifs/JASPAR2026_CORE_plants_non-redundant_pfms_meme.txt	MA2663.1	GLYMA-02G261700	TCACCGACATA	2.81e-1	1.00e0	9.27e2	277	206	206	206	3	30	14.56	25	12.14
410	data/reference/motifs/JASPAR2026_CORE_plants_non-redundant_pfms_meme.txt	MA2662.1	GLYMA-13G153200	GCCACGTCA	4.20e-1	1.00e0	9.27e2	354	206	206	206	3	82	39.81	79	38.35
411	data/reference/motifs/JASPAR2026_CORE_plants_non-redundant_pfms_meme.txt	MA2660.1	GLYMA-12G168700	WWWTGTAATTACAWWW	6.64e-1	1.00e0	9.27e2	363	206	206	206	3	139	67.48	142	68.93
412	data/reference/motifs/JASPAR2026_CORE_plants_non-redundant_pfms_meme.txt	MA2659.1	GLYMA-08G281200	YTTGACTAATTAGGGTTWAKKGDT	8.36e-1	1.00e0	9.27e2	28	206	206	206	1	12	5.83	16	7.77
413	data/reference/motifs/JASPAR2026_CORE_plants_non-redundant_pfms_meme.txt	MA2658.1	GLYMA-19G094100	ATTGACTTW	1.94e-1	1.00e0	9.27e2	406	206	206	206	7	45	21.84	37	17.96
414	data/reference/motifs/JASPAR2026_CORE_plants_non-redundant_pfms_meme.txt	MA2657.1	GLYMA-14G028900	AAAAGTCAAA	5.00e-1	1.00e0	9.27e2	401	206	206	206	1	201	97.57	200	97.09
415	data/reference/motifs/JASPAR2026_CORE_plants_non-redundant_pfms_meme.txt	MA2656.1	GLYMA-14G006800	TGGTCAACCA	1.22e-1	1.00e0	9.27e2	394	206	206	206	6	24	11.65	16	7.77
416	data/reference/motifs/JASPAR2026_CORE_plants_non-redundant_pfms_meme.txt	MA2654.1	GLYMA-05G127600	GGTCAAC	1.30e-1	1.00e0	9.27e2	406	206	206	206	2	202	98.06	197	95.63
417	data/reference/motifs/JASPAR2026_CORE_plants_non-redundant_pfms_meme.txt	MA2653.1	GLYMA-03G042700	GTTTGACTTT	3.11e-1	1.00e0	9.27e2	401	206	206	206	9	10	4.85	7	3.40
418	data/reference/motifs/JASPAR2026_CORE_plants_non-redundant_pfms_meme.txt	MA2652.1	GLYMA-01G053800	AGTTGAC	3.55e-1	1.00e0	9.27e2	400	206	206	206	8	17	8.25	14	6.80
419	data/reference/motifs/JASPAR2026_CORE_plants_non-redundant_pfms_meme.txt	MA2649.1	GLYMA-08G271900	TGCACATG	2.38e-1	1.00e0	9.27e2	405	206	206	206	5	133	64.56	125	60.68
420	data/reference/motifs/JASPAR2026_CORE_plants_non-redundant_pfms_meme.txt	MA2648.1	GLYMA-19G146000	AAGGTACAC	1.90e-1	1.00e0	9.27e2	394	206	206	206	8	8	3.88	4	1.94
421	data/reference/motifs/JASPAR2026_CORE_plants_non-redundant_pfms_meme.txt	MA2646.1	GLYMA-11G083900	GTACGGA	3.43e-1	1.00e0	9.27e2	257	206	206	206	5	4	1.94	2	0.97
422	data/reference/motifs/JASPAR2026_CORE_plants_non-redundant_pfms_meme.txt	MA2644.1	GLYMA-14G030700	AACGACGGCA	2.56e-1	1.00e0	9.27e2	253	206	206	206	6	13	6.31	9	4.37
423	data/reference/motifs/JASPAR2026_CORE_plants_non-redundant_pfms_meme.txt	MA2643.1	SNAC23	YACGGAACT	1.24e-1	1.00e0	9.27e2	383	206	206	206	10	3	1.46	0	0.00
424	data/reference/motifs/JASPAR2026_CORE_plants_non-redundant_pfms_meme.txt	MA2642.1	GLYMA-10G230700	AAGATATTTWTW	3.91e-1	1.00e0	9.27e2	365	206	206	206	6	32	15.53	29	14.08
425	data/reference/motifs/JASPAR2026_CORE_plants_non-redundant_pfms_meme.txt	MA2641.1	GLYMA-01G038600	CCTTATCCA	5.00e-1	1.00e0	9.27e2	403	206	206	206	3	158	76.70	157	76.21
426	data/reference/motifs/JASPAR2026_CORE_plants_non-redundant_pfms_meme.txt	MA2480.1	GLYMA-04G093300	CTAATC	5.00e-1	1.00e0	9.27e2	380	206	206	206	12	1	0.49	0	0.00
427	data/reference/motifs/JASPAR2026_CORE_plants_non-redundant_pfms_meme.txt	MA2745.1	SlWRKY81	AAGTCAAC	2.15e-1	1.00e0	9.27e2	402	206	206	206	5	111	53.88	102	49.51
428	data/reference/motifs/JASPAR2026_CORE_plants_non-redundant_pfms_meme.txt	MA2744.1	SlWRKY40	AAAGTCAA	1.78e-1	1.00e0	9.27e2	410	206	206	206	9	54	26.21	45	21.84
429	data/reference/motifs/JASPAR2026_CORE_plants_non-redundant_pfms_meme.txt	MA2743.1	SlWRKY23	AAAGTCAAM	1.46e-1	1.00e0	9.27e2	399	206	206	206	8	15	7.28	9	4.37
430	data/reference/motifs/JASPAR2026_CORE_plants_non-redundant_pfms_meme.txt	MA2742.1	SlWRKY11	GTTGACTTTT	2.51e-1	1.00e0	9.27e2	232	206	206	206	4	6	2.91	3	1.46
431	data/reference/motifs/JASPAR2026_CORE_plants_non-redundant_pfms_meme.txt	MA2741.1	SlWRKY7	AAAAAGTCAACC	2.12e-1	1.00e0	9.27e2	308	206	206	206	2	91	44.17	82	39.81
432	data/reference/motifs/JASPAR2026_CORE_plants_non-redundant_pfms_meme.txt	MA2736.1	la3	AACACGTG	1.27e-1	1.00e0	9.27e2	343	206	206	206	7	25	12.14	17	8.25
433	data/reference/motifs/JASPAR2026_CORE_plants_non-redundant_pfms_meme.txt	MA2734.1	Sl-ERF_F_5	CCGCCGCCGCCRCCRCC	3.97e-1	1.00e0	9.27e2	71	206	206	206	1	37	17.96	34	16.50
434	data/reference/motifs/JASPAR2026_CORE_plants_non-redundant_pfms_meme.txt	MA2731.1	sep3	WTTTCCAAAAAGGGAAAAAAW	7.57e-1	1.00e0	9.27e2	60	206	206	206	1	28	13.59	32	15.53
435	data/reference/motifs/JASPAR2026_CORE_plants_non-redundant_pfms_meme.txt	MA2730.1	Solyc01g079480	YSACGTGKCA	2.38e-1	1.00e0	9.27e2	258	206	206	206	1	133	64.56	125	60.68
436	data/reference/motifs/JASPAR2026_CORE_plants_non-redundant_pfms_meme.txt	MA2727.1	SolycHsfA7	TTCYAGAA	1.39e-1	1.00e0	9.27e2	394	206	206	206	4	111	53.88	99	48.06
437	data/reference/motifs/JASPAR2026_CORE_plants_non-redundant_pfms_meme.txt	MA2726.1	SlWRKY41	GTTGACTT	2.49e-1	1.00e0	9.27e2	395	206	206	206	10	2	0.97	0	0.00
438	data/reference/motifs/JASPAR2026_CORE_plants_non-redundant_pfms_meme.txt	MA2722.1	Sl-ERF_F_2	CGGCGGCKGCGGCGR	7.79e-1	1.00e0	9.27e2	53	206	206	206	2	13	6.31	16	7.77
439	data/reference/motifs/JASPAR2026_CORE_plants_non-redundant_pfms_meme.txt	MA2721.1	Sl-ERF_C_6	YCGCCGCCGCCRCCRCCGCC	6.00e-1	1.00e0	9.27e2	49	206	206	206	4	8	3.88	8	3.88
440	data/reference/motifs/JASPAR2026_CORE_plants_non-redundant_pfms_meme.txt	MA2720.1	nacnor	ACACGTAACT	2.13e-1	1.00e0	9.27e2	368	206	206	206	1	187	90.78	181	87.86
441	data/reference/motifs/JASPAR2026_CORE_plants_non-redundant_pfms_meme.txt	MA2719.1	lat61	CRCACGTGYG	4.48e-1	1.00e0	9.27e2	70	206	206	206	2	36	17.48	34	16.50
442	data/reference/motifs/JASPAR2026_CORE_plants_non-redundant_pfms_meme.txt	MA2716.1	dreb3	CCACCGACCA	5.80e-1	1.00e0	9.27e2	296	206	206	206	5	13	6.31	13	6.31
443	data/reference/motifs/JASPAR2026_CORE_plants_non-redundant_pfms_meme.txt	MA2715.1	Solyc03g124110	RTCTATGTCGGYWAA	5.00e-1	1.00e0	9.27e2	80	206	206	206	3	1	0.49	0	0.00
444	data/reference/motifs/JASPAR2026_CORE_plants_non-redundant_pfms_meme.txt	MA2713.1	SlDof14	CTTTTTC	2.09e-1	1.00e0	9.27e2	408	206	206	206	7	53	25.73	45	21.84
445	data/reference/motifs/JASPAR2026_CORE_plants_non-redundant_pfms_meme.txt	MA2710.1	SolycHsfB1	TTCTAGAA	2.49e-1	1.00e0	9.27e2	264	206	206	206	10	2	0.97	0	0.00
446	data/reference/motifs/JASPAR2026_CORE_plants_non-redundant_pfms_meme.txt	MA2752.1	TaOBF1b	TGCCACGTCATCATC	5.00e-1	1.00e0	9.27e2	163	206	206	206	2	30	14.56	29	14.08
447	data/reference/motifs/JASPAR2026_CORE_plants_non-redundant_pfms_meme.txt	MA2751.1	TraesCS2B02G304400	CCACTCGACC	6.96e-1	1.00e0	9.27e2	274	206	206	206	2	73	35.44	77	37.38
448	data/reference/motifs/JASPAR2026_CORE_plants_non-redundant_pfms_meme.txt	MA2750.1	TraesCS7B02G142200	TGTACGGAC	2.49e-1	1.00e0	9.27e2	296	206	206	206	9	2	0.97	0	0.00
449	data/reference/motifs/JASPAR2026_CORE_plants_non-redundant_pfms_meme.txt	MA2749.1	TraesCS2D02G576500	GAAGCAAC	1.89e-1	1.00e0	9.27e2	396	206	206	206	2	183	88.83	176	85.44
450	data/reference/motifs/JASPAR2026_CORE_plants_non-redundant_pfms_meme.txt	MA2762.1	myb53	AGTTAGGCAC	2.72e-1	1.00e0	9.27e2	328	206	206	206	6	7	3.40	4	1.94
451	data/reference/motifs/JASPAR2026_CORE_plants_non-redundant_pfms_meme.txt	MA2761.1	myb100	TRCCTAACTT	1.90e-1	1.00e0	9.27e2	399	206	206	206	9	8	3.88	4	1.94
452	data/reference/motifs/JASPAR2026_CORE_plants_non-redundant_pfms_meme.txt	MA2760.1	p2	CACCTAAC	1.61e-1	1.00e0	9.27e2	408	206	206	206	8	62	30.10	52	25.24
453	data/reference/motifs/JASPAR2026_CORE_plants_non-redundant_pfms_meme.txt	MA2759.1	ereb7	GCGGCGGCGGCGG	1.00e0	1.00e0	9.27e2	2	206	206	206	1	0	0.00	2	0.97
454	data/reference/motifs/JASPAR2026_CORE_plants_non-redundant_pfms_meme.txt	MA2758.1	ereb122	CCGACCA	1.03e-1	1.00e0	9.27e2	397	206	206	206	2	188	91.26	179	86.89
455	data/reference/motifs/JASPAR2026_CORE_plants_non-redundant_pfms_meme.txt	MA2754.1	wrky38	CGTGGACC	1.37e-1	1.00e0	9.27e2	380	206	206	206	8	27	13.11	19	9.22
456	data/reference/motifs/JASPAR2026_CORE_plants_non-redundant_pfms_meme.txt	MA2753.1	cpp8	GAATTTGAAW	3.12e-1	1.00e0	9.27e2	412	206	206	206	3	205	99.51	203	98.54
457	data/reference/motifs/JASPAR2026_CORE_plants_non-redundant_pfms_meme.txt	MA2627.1	bzip9	CACGTCA	2.08e-1	1.00e0	9.27e2	399	206	206	206	2	188	91.26	182	88.35
458	data/reference/motifs/JASPAR2026_CORE_plants_non-redundant_pfms_meme.txt	MA2625.1	mybr17	CATTATC	2.40e-1	1.00e0	9.27e2	412	206	206	206	22	20	9.71	15	7.28
459	data/reference/motifs/JASPAR2026_CORE_plants_non-redundant_pfms_meme.txt	MA2624.1	myb37	TAACCGAA	9.84e-2	1.00e0	9.27e2	411	206	206	206	10	42	20.39	31	15.05
460	data/reference/motifs/JASPAR2026_CORE_plants_non-redundant_pfms_meme.txt	MA2623.1	hb66	CCAATCA	1.96e-1	1.00e0	9.27e2	412	206	206	206	27	14	6.80	9	4.37
461	data/reference/motifs/JASPAR2026_CORE_plants_non-redundant_pfms_meme.txt	MA2620.1	g2	CCTTATCC	3.28e-1	1.00e0	9.27e2	407	206	206	206	12	12	5.83	9	4.37
462	data/reference/motifs/JASPAR2026_CORE_plants_non-redundant_pfms_meme.txt	MA2619.1	ereb18	CCGCCGCCGCCCGCC	3.31e-1	1.00e0	9.27e2	93	206	206	206	2	29	14.08	25	12.14
463	data/reference/motifs/JASPAR2026_CORE_plants_non-redundant_pfms_meme.txt	MA2618.1	ereb102	CGACGGCGA	5.97e-1	1.00e0	9.27e2	255	206	206	206	3	41	19.90	42	20.39
464	data/reference/motifs/JASPAR2026_CORE_plants_non-redundant_pfms_meme.txt	MA2617.1	ereb54	GCGGCGGCGGC	6.72e-1	1.00e0	9.27e2	66	206	206	206	2	10	4.85	11	5.34
465	data/reference/motifs/JASPAR2026_CORE_plants_non-redundant_pfms_meme.txt	MA2616.1	ereb17	CGCCGCCGCCGCCS	5.00e-1	1.00e0	9.27e2	81	206	206	206	3	11	5.34	10	4.85
466	data/reference/motifs/JASPAR2026_CORE_plants_non-redundant_pfms_meme.txt	MA2615.1	ereb109	CGCCGCC	8.76e-1	1.00e0	9.27e2	22	206	206	206	2	1	0.49	2	0.97
467	data/reference/motifs/JASPAR2026_CORE_plants_non-redundant_pfms_meme.txt	MA2614.1	ereb198	SCGCCGCCGCCR	3.86e-1	1.00e0	9.27e2	78	206	206	206	4	7	3.40	5	2.43
468	data/reference/motifs/JASPAR2026_CORE_plants_non-redundant_pfms_meme.txt	MA2613.1	ereb34	GCCGCCGCCGCCCS	4.05e-1	1.00e0	9.27e2	93	206	206	206	4	10	4.85	8	3.88
469	data/reference/motifs/JASPAR2026_CORE_plants_non-redundant_pfms_meme.txt	MA2612.1	ereb147	ACGCCGAC	3.11e-1	1.00e0	9.27e2	296	206	206	206	2	105	50.97	99	48.06
470	data/reference/motifs/JASPAR2026_CORE_plants_non-redundant_pfms_meme.txt	MA2608.1	glk53	AAGGAATATTCTTT	1.08e-1	1.00e0	9.27e2	337	206	206	206	9	5	2.43	1	0.49
471	data/reference/motifs/JASPAR2026_CORE_plants_non-redundant_pfms_meme.txt	MA2607.1	tcptf23	GGGACCAC	2.45e-1	1.00e0	9.27e2	341	206	206	206	5	53	25.73	46	22.33
472	data/reference/motifs/JASPAR2026_CORE_plants_non-redundant_pfms_meme.txt	MA2606.1	mybr43	CCTTATCC	5.71e-1	1.00e0	9.27e2	408	206	206	206	10	17	8.25	17	8.25
473	data/reference/motifs/JASPAR2026_CORE_plants_non-redundant_pfms_meme.txt	MA2605.1	mybr26	CCTTATCC	3.28e-1	1.00e0	9.27e2	408	206	206	206	2	197	95.63	194	94.17
474	data/reference/motifs/JASPAR2026_CORE_plants_non-redundant_pfms_meme.txt	MA2604.1	dof22	ACTTTTAC	1.76e-1	1.00e0	9.27e2	412	206	206	206	13	139	67.48	129	62.62
475	data/reference/motifs/JASPAR2026_CORE_plants_non-redundant_pfms_meme.txt	MA1378.2	AIL6	TCCTCGA	1.55e-1	1.00e0	9.27e2	406	206	206	206	6	134	65.05	123	59.71
476	data/reference/motifs/JASPAR2026_CORE_plants_non-redundant_pfms_meme.txt	MA0566.2	MYC2	AACACGTGA	1.99e-1	1.00e0	9.27e2	367	206	206	206	8	33	16.02	26	12.62
477	data/reference/motifs/JASPAR2026_CORE_plants_non-redundant_pfms_meme.txt	MA1776.3	MYB67	TACCTAACA	9.47e-2	1.00e0	9.27e2	394	206	206	206	6	51	24.76	39	18.93
478	data/reference/motifs/JASPAR2026_CORE_plants_non-redundant_pfms_meme.txt	MA2638.1	FUL::SEP3	TTWCTATTTATAGTAA	1.92e-1	1.00e0	9.27e2	228	206	206	206	2	64	31.07	55	26.70
479	data/reference/motifs/JASPAR2026_CORE_plants_non-redundant_pfms_meme.txt	MA2637.1	FUL::AG::SEP3	WTWCCAWAAATAGAAA	3.20e-1	1.00e0	9.27e2	390	206	206	206	7	11	5.34	8	3.88
480	data/reference/motifs/JASPAR2026_CORE_plants_non-redundant_pfms_meme.txt	MA2636.1	FUL::AG	WCTTTCCATTTTTRGAAA	7.23e-1	1.00e0	9.27e2	217	206	206	206	1	106	51.46	111	53.88
481	data/reference/motifs/JASPAR2026_CORE_plants_non-redundant_pfms_meme.txt	MA2635.1	FUL	TTWCCAWAAATAGAAA	3.75e-1	1.00e0	9.27e2	322	206	206	206	5	6	2.91	4	1.94
482	data/reference/motifs/JASPAR2026_CORE_plants_non-redundant_pfms_meme.txt	MA2634.1	EIN3	AGATTCATTGAATCT	3.84e-1	1.00e0	9.27e2	203	206	206	206	3	28	13.59	25	12.14
483	data/reference/motifs/JASPAR2026_CORE_plants_non-redundant_pfms_meme.txt	MA2505.1	bZIP59	TGACAGCTGTCA	2.11e-1	1.00e0	9.27e2	245	206	206	206	2	127	61.65	118	57.28
484	data/reference/motifs/JASPAR2026_CORE_plants_non-redundant_pfms_meme.txt	MA1355.2	TRB2	WARCCCTAAWT	6.26e-1	1.00e0	9.27e2	164	206	206	206	2	21	10.19	22	10.68
485	data/reference/motifs/JASPAR2026_CORE_plants_non-redundant_pfms_meme.txt	MA1353.2	AT1G72740	RWTTAGGGTTT	5.77e-1	1.00e0	9.27e2	214	206	206	206	3	14	6.80	14	6.80
486	data/reference/motifs/JASPAR2026_CORE_plants_non-redundant_pfms_meme.txt	MA2479.1	TCX5	ATTCAAAT	1.86e-1	1.00e0	9.27e2	407	206	206	206	1	205	99.51	202	98.06
487	data/reference/motifs/JASPAR2026_CORE_plants_non-redundant_pfms_meme.txt	MA1060.2	SPL7	CGTACG	1.24e-1	1.00e0	9.27e2	400	206	206	206	25	3	1.46	0	0.00
488	data/reference/motifs/JASPAR2026_CORE_plants_non-redundant_pfms_meme.txt	MA1059.3	SPL5	TGTACGGAH	8.21e-1	1.00e0	9.27e2	32	206	206	206	1	14	6.80	18	8.74
489	data/reference/motifs/JASPAR2026_CORE_plants_non-redundant_pfms_meme.txt	MA0586.3	SPL14	TCCGTAC	5.71e-1	1.00e0	9.27e2	121	206	206	206	2	17	8.25	17	8.25
490	data/reference/motifs/JASPAR2026_CORE_plants_non-redundant_pfms_meme.txt	MA1742.2	BIZP18	TGMCAGCTGK	5.00e-1	1.00e0	9.27e2	204	206	206	206	5	1	0.49	0	0.00
491	data/reference/motifs/JASPAR2026_CORE_plants_non-redundant_pfms_meme.txt	MA1672.2	GBF2	SACGTGGCA	1.44e-1	1.00e0	9.27e2	377	206	206	206	1	192	93.20	185	89.81
492	data/reference/motifs/JASPAR2026_CORE_plants_non-redundant_pfms_meme.txt	MA2474.1	HMGB10	TWATAA	5.00e-1	1.00e0	9.27e2	397	206	206	206	18	7	3.40	6	2.91
493	data/reference/motifs/JASPAR2026_CORE_plants_non-redundant_pfms_meme.txt	MA2472.1	AT3G12910	YGSCGTVRWDDHBACGK	6.38e-1	1.00e0	9.27e2	48	206	206	206	2	4	1.94	4	1.94
494	data/reference/motifs/JASPAR2026_CORE_plants_non-redundant_pfms_meme.txt	MA2471.1	SPCH	CACGTG	3.17e-1	1.00e0	9.27e2	358	206	206	206	8	48	23.30	43	20.87
495	data/reference/motifs/JASPAR2026_CORE_plants_non-redundant_pfms_meme.txt	MA2344.1	REV	AATMATCATTATTA	2.56e-1	1.00e0	9.27e2	390	206	206	206	1	197	95.63	193	93.69
496	data/reference/motifs/JASPAR2026_CORE_plants_non-redundant_pfms_meme.txt	MA2460.1	MGH6.1	YGSCGTVRWDDHBACGK	6.38e-1	1.00e0	9.27e2	48	206	206	206	2	4	1.94	4	1.94
497	data/reference/motifs/JASPAR2026_CORE_plants_non-redundant_pfms_meme.txt	MA2459.1	EDF3	RCAACAKA	2.36e-1	1.00e0	9.27e2	294	206	206	206	2	78	37.86	70	33.98
498	data/reference/motifs/JASPAR2026_CORE_plants_non-redundant_pfms_meme.txt	MA1205.1	AGL6	TTWCCAAAAAWGGAAAAWW	3.46e-1	1.00e0	9.27e2	187	206	206	206	1	96	46.60	91	44.17
499	data/reference/motifs/JASPAR2026_CORE_plants_non-redundant_pfms_meme.txt	MA1203.1	AGL63	TKCCAAAAATGGMAA	5.00e-1	1.00e0	9.27e2	230	206	206	206	6	1	0.49	0	0.00
500	data/reference/motifs/JASPAR2026_CORE_plants_non-redundant_pfms_meme.txt	MA1199.1	AGL16	TTTCCWTTTTDGGWA	3.44e-1	1.00e0	9.27e2	247	206	206	206	1	126	61.17	121	58.74
501	data/reference/motifs/JASPAR2026_CORE_plants_non-redundant_pfms_meme.txt	MA1188.1	At3g11280	AWYCTTATCTTHWY	2.64e-1	1.00e0	9.27e2	402	206	206	206	2	186	90.29	181	87.86
502	data/reference/motifs/JASPAR2026_CORE_plants_non-redundant_pfms_meme.txt	MA1169.1	MYB105	WTHDWWACCGTTA	6.35e-1	1.00e0	9.27e2	227	206	206	206	2	49	23.79	51	24.76
503	data/reference/motifs/JASPAR2026_CORE_plants_non-redundant_pfms_meme.txt	MA1041.1	MYB55	ACCTACCG	1.85e-1	1.00e0	9.27e2	375	206	206	206	6	20	9.71	14	6.80
504	data/reference/motifs/JASPAR2026_CORE_plants_non-redundant_pfms_meme.txt	MA1040.1	MYB46	GKTAGGTR	1.42e-1	1.00e0	9.27e2	393	206	206	206	10	6	2.91	2	0.97
505	data/reference/motifs/JASPAR2026_CORE_plants_non-redundant_pfms_meme.txt	MA0972.1	CCA1	AAATATCT	3.00e-1	1.00e0	9.27e2	397	206	206	206	1	200	97.09	197	95.63
506	data/reference/motifs/JASPAR2026_CORE_plants_non-redundant_pfms_meme.txt	MA0940.1	AP1	MYAAAAAWRGAAA	1.86e-1	1.00e0	9.27e2	412	206	206	206	10	156	75.73	147	71.36
507	data/reference/motifs/JASPAR2026_CORE_plants_non-redundant_pfms_meme.txt	MA0559.1	PI	CCAAAARWRGAAAR	1.37e-1	1.00e0	9.27e2	401	206	206	206	9	27	13.11	19	9.22
508	data/reference/motifs/JASPAR2026_CORE_plants_non-redundant_pfms_meme.txt	MA0054.1	myb.Ph3	TAACBGTTW	5.90e-1	1.00e0	9.27e2	412	206	206	206	23	10	4.85	10	4.85
509	data/reference/motifs/JASPAR2026_CORE_plants_non-redundant_pfms_meme.txt	MA2483.1	PK20543.1	TTAACC	1.10e-1	1.00e0	9.27e2	412	206	206	206	50	8	3.88	3	1.46
510	data/reference/motifs/JASPAR2026_CORE_plants_non-redundant_pfms_meme.txt	MA2482.1	PK27693.1	TTATC	4.22e-1	1.00e0	9.27e2	412	206	206	206	46	106	51.46	103	50.00
511	data/reference/motifs/JASPAR2026_CORE_plants_non-redundant_pfms_meme.txt	MA2481.1	PK12011.1	AACGG	5.85e-1	1.00e0	9.27e2	412	206	206	206	18	62	30.10	63	30.58
512	data/reference/motifs/JASPAR2026_CORE_plants_non-redundant_pfms_meme.txt	MA1011.2	PHYPADRAFT_72483	CACGTG	2.17e-1	1.00e0	9.27e2	411	206	206	206	12	174	84.47	167	81.07
513	data/reference/motifs/JASPAR2026_CORE_plants_non-redundant_pfms_meme.txt	MA0988.2	PHYPADRAFT_143875	CACGTG	2.49e-1	1.00e0	9.27e2	389	206	206	206	26	2	0.97	0	0.00
514	data/reference/motifs/JASPAR2026_CORE_plants_non-redundant_pfms_meme.txt	MA2040.2	ENAP2	CTCCGGCGA	5.47e-1	1.00e0	9.27e2	176	206	206	206	2	46	22.33	46	22.33
515	data/reference/motifs/JASPAR2026_CORE_plants_non-redundant_pfms_meme.txt	MA2039.2	ASIL2	CTCCGGCGA	6.40e-1	1.00e0	9.27e2	182	206	206	206	2	44	21.36	46	22.33
516	data/reference/motifs/JASPAR2026_CORE_plants_non-redundant_pfms_meme.txt	MA1662.2	AT3G10030	TTAACAGA	2.53e-1	1.00e0	9.27e2	406	206	206	206	4	154	74.76	147	71.36
517	data/reference/motifs/JASPAR2026_CORE_plants_non-redundant_pfms_meme.txt	MA1661.2	GTL1	GGTTAAAA	5.00e-1	1.00e0	9.27e2	412	206	206	206	19	2	0.97	1	0.49
518	data/reference/motifs/JASPAR2026_CORE_plants_non-redundant_pfms_meme.txt	MA1368.3	GT-4	TAACTATGGTTA	2.75e-1	1.00e0	9.27e2	290	206	206	206	4	28	13.59	23	11.17
519	data/reference/motifs/JASPAR2026_CORE_plants_non-redundant_pfms_meme.txt	MA1366.2	DF1	RGTAAAAA	3.12e-1	1.00e0	9.27e2	411	206	206	206	14	3	1.46	1	0.49
520	data/reference/motifs/JASPAR2026_CORE_plants_non-redundant_pfms_meme.txt	MA1365.3	AT5G47660	GGTAAAA	1.24e-1	1.00e0	9.27e2	410	206	206	206	13	3	1.46	0	0.00
521	data/reference/motifs/JASPAR2026_CORE_plants_non-redundant_pfms_meme.txt	MA1208.2	GT-2	WTTTTTACCGY	1.61e-1	1.00e0	9.27e2	410	206	206	206	11	11	5.34	6	2.91
522	data/reference/motifs/JASPAR2026_CORE_plants_non-redundant_pfms_meme.txt	MA2032.2	TRB1	AAACCCTAA	2.97e-1	1.00e0	9.27e2	393	206	206	206	2	175	84.95	170	82.52
523	data/reference/motifs/JASPAR2026_CORE_plants_non-redundant_pfms_meme.txt	MA2031.2	AT5G04760	CTTATCY	1.24e-1	1.00e0	9.27e2	412	206	206	206	16	3	1.46	0	0.00
524	data/reference/motifs/JASPAR2026_CORE_plants_non-redundant_pfms_meme.txt	MA1825.2	Zm00001d044409	CTTATC	2.93e-1	1.00e0	9.27e2	412	206	206	206	7	150	72.82	144	69.90
525	data/reference/motifs/JASPAR2026_CORE_plants_non-redundant_pfms_meme.txt	MA1812.2	ASR1	AGGCCCAAT	2.51e-1	1.00e0	9.27e2	265	206	206	206	4	22	10.68	17	8.25
526	data/reference/motifs/JASPAR2026_CORE_plants_non-redundant_pfms_meme.txt	MA1802.2	TRP5	WAAACCY	2.56e-1	1.00e0	9.27e2	412	206	206	206	18	197	95.63	193	93.69
527	data/reference/motifs/JASPAR2026_CORE_plants_non-redundant_pfms_meme.txt	MA1793.2	NID1	TTATCC	2.09e-1	1.00e0	9.27e2	412	206	206	206	40	36	17.48	29	14.08
528	data/reference/motifs/JASPAR2026_CORE_plants_non-redundant_pfms_meme.txt	MA1408.2	FaEOBII	GTTAGGTA	3.50e-1	1.00e0	9.27e2	411	206	206	206	13	39	18.93	35	16.99
529	data/reference/motifs/JASPAR2026_CORE_plants_non-redundant_pfms_meme.txt	MA1401.2	RVE7	AAAATATCT	5.00e-1	1.00e0	9.27e2	197	206	206	206	4	3	1.46	2	0.97
530	data/reference/motifs/JASPAR2026_CORE_plants_non-redundant_pfms_meme.txt	MA1400.2	AT1G19000	WWWTGGATAAGRW	5.00e-1	1.00e0	9.27e2	312	206	206	206	8	1	0.49	0	0.00
531	data/reference/motifs/JASPAR2026_CORE_plants_non-redundant_pfms_meme.txt	MA1398.3	KUA1	CTTATCCA	2.49e-1	1.00e0	9.27e2	412	206	206	206	17	2	0.97	0	0.00
532	data/reference/motifs/JASPAR2026_CORE_plants_non-redundant_pfms_meme.txt	MA1397.2	AT1G74840	WWTGGATAA	3.12e-1	1.00e0	9.27e2	392	206	206	206	9	3	1.46	1	0.49
533	data/reference/motifs/JASPAR2026_CORE_plants_non-redundant_pfms_meme.txt	MA1195.2	AT5G56840	AAYCTTATCCAWWW	3.59e-1	1.00e0	9.27e2	379	206	206	206	1	191	92.72	188	91.26
534	data/reference/motifs/JASPAR2026_CORE_plants_non-redundant_pfms_meme.txt	MA1194.2	AT3G10580	DWDWRGATAAGVWT	1.85e-1	1.00e0	9.27e2	391	206	206	206	1	198	96.12	193	93.69
535	data/reference/motifs/JASPAR2026_CORE_plants_non-redundant_pfms_meme.txt	MA1193.2	AT2G38090	WDWGGATAAGDAT	3.29e-1	1.00e0	9.27e2	375	206	206	206	2	152	73.79	147	71.36
536	data/reference/motifs/JASPAR2026_CORE_plants_non-redundant_pfms_meme.txt	MA1192.2	DIV1	WRGATAAGRTT	5.00e-1	1.00e0	9.27e2	371	206	206	206	9	2	0.97	1	0.49
537	data/reference/motifs/JASPAR2026_CORE_plants_non-redundant_pfms_meme.txt	MA1191.2	RVE7L	AAAATATCT	1.83e-1	1.00e0	9.27e2	306	206	206	206	2	88	42.72	78	37.86
538	data/reference/motifs/JASPAR2026_CORE_plants_non-redundant_pfms_meme.txt	MA1189.2	AT5G61620	WWWTGGATAAGRWW	3.12e-1	1.00e0	9.27e2	391	206	206	206	9	3	1.46	1	0.49
539	data/reference/motifs/JASPAR2026_CORE_plants_non-redundant_pfms_meme.txt	MA1187.2	RVE4	AGATATTTT	2.49e-1	1.00e0	9.27e2	327	206	206	206	7	2	0.97	0	0.00
540	data/reference/motifs/JASPAR2026_CORE_plants_non-redundant_pfms_meme.txt	MA1185.2	LHY	AGATATTTT	1.65e-1	1.00e0	9.27e2	327	206	206	206	1	168	81.55	159	77.18
541	data/reference/motifs/JASPAR2026_CORE_plants_non-redundant_pfms_meme.txt	MA1184.2	RVE1	WAAATATCT	9.96e-2	1.00e0	9.27e2	368	206	206	206	3	103	50.00	89	43.20
542	data/reference/motifs/JASPAR2026_CORE_plants_non-redundant_pfms_meme.txt	MA1183.2	RVE6	AGATATTTT	1.39e-1	1.00e0	9.27e2	334	206	206	206	2	112	54.37	100	48.54
543	data/reference/motifs/JASPAR2026_CORE_plants_non-redundant_pfms_meme.txt	MA1182.2	RVE8	AGATATTTT	1.26e-1	1.00e0	9.27e2	311	206	206	206	1	161	78.16	150	72.82
544	data/reference/motifs/JASPAR2026_CORE_plants_non-redundant_pfms_meme.txt	MA0579.2	CDC5	GCTCAGCGC	5.00e-1	1.00e0	9.27e2	265	206	206	206	9	1	0.49	0	0.00
545	data/reference/motifs/JASPAR2026_CORE_plants_non-redundant_pfms_meme.txt	MA2042.2	MYB58	CCACCAACC	2.61e-1	1.00e0	9.27e2	397	206	206	206	6	67	32.52	60	29.13
546	data/reference/motifs/JASPAR2026_CORE_plants_non-redundant_pfms_meme.txt	MA2041.2	MYB13	YCACCAACCA	2.99e-1	1.00e0	9.27e2	389	206	206	206	7	37	17.96	32	15.53
547	data/reference/motifs/JASPAR2026_CORE_plants_non-redundant_pfms_meme.txt	MA2030.2	MYB96	MCCAACTACCA	3.62e-1	1.00e0	9.27e2	362	206	206	206	12	5	2.43	3	1.46
548	data/reference/motifs/JASPAR2026_CORE_plants_non-redundant_pfms_meme.txt	MA2029.2	MYB88	ACGCTCCTC	3.11e-1	1.00e0	9.27e2	204	206	206	206	1	105	50.97	99	48.06
549	data/reference/motifs/JASPAR2026_CORE_plants_non-redundant_pfms_meme.txt	MA2028.2	MYB49	TTACCTAACTW	1.59e-1	1.00e0	9.27e2	396	206	206	206	5	61	29.61	51	24.76
550	data/reference/motifs/JASPAR2026_CORE_plants_non-redundant_pfms_meme.txt	MA2027.2	MYB44	HAACGGTCA	7.65e-1	1.00e0	9.27e2	338	206	206	206	6	8	3.88	10	4.85
551	data/reference/motifs/JASPAR2026_CORE_plants_non-redundant_pfms_meme.txt	MA2026.2	MYB108	TACCTAACTT	1.86e-1	1.00e0	9.27e2	366	206	206	206	8	4	1.94	1	0.49
552	data/reference/motifs/JASPAR2026_CORE_plants_non-redundant_pfms_meme.txt	MA2025.2	MYB93	TACCAAAC	1.42e-1	1.00e0	9.27e2	411	206	206	206	17	6	2.91	2	0.97
553	data/reference/motifs/JASPAR2026_CORE_plants_non-redundant_pfms_meme.txt	MA2024.2	MYB63	YCACCTACCAC	2.60e-1	1.00e0	9.27e2	329	206	206	206	5	24	11.65	19	9.22
554	data/reference/motifs/JASPAR2026_CORE_plants_non-redundant_pfms_meme.txt	MA2008.2	MYB99	CACCTAMY	2.17e-1	1.00e0	9.27e2	304	206	206	206	1	156	75.73	148	71.84
555	data/reference/motifs/JASPAR2026_CORE_plants_non-redundant_pfms_meme.txt	MA2007.2	MYB107	CACCAAAC	1.90e-1	1.00e0	9.27e2	411	206	206	206	16	8	3.88	4	1.94
556	data/reference/motifs/JASPAR2026_CORE_plants_non-redundant_pfms_meme.txt	MA1781.2	MYB94	CCAACYACYW	2.96e-1	1.00e0	9.27e2	369	206	206	206	2	147	71.36	141	68.45
557	data/reference/motifs/JASPAR2026_CORE_plants_non-redundant_pfms_meme.txt	MA1780.2	MYB92	ACCTAAC	5.52e-1	1.00e0	9.27e2	395	206	206	206	6	35	16.99	35	16.99
558	data/reference/motifs/JASPAR2026_CORE_plants_non-redundant_pfms_meme.txt	MA1779.2	MYB83	CACCAACM	2.35e-1	1.00e0	9.27e2	410	206	206	206	15	11	5.34	7	3.40
559	data/reference/motifs/JASPAR2026_CORE_plants_non-redundant_pfms_meme.txt	MA1778.2	MYB80	TYYACCTAMYTW	1.17e-1	1.00e0	9.27e2	404	206	206	206	6	51	24.76	40	19.42
560	data/reference/motifs/JASPAR2026_CORE_plants_non-redundant_pfms_meme.txt	MA1775.2	MYB61	YACCWACC	1.01e-1	1.00e0	9.27e2	377	206	206	206	5	34	16.50	24	11.65
561	data/reference/motifs/JASPAR2026_CORE_plants_non-redundant_pfms_meme.txt	MA1774.2	MYB60	YCAACYACYT	3.77e-1	1.00e0	9.27e2	371	206	206	206	4	70	33.98	66	32.04
562	data/reference/motifs/JASPAR2026_CORE_plants_non-redundant_pfms_meme.txt	MA1773.2	MYB51	YYYACCWACYW	1.42e-1	1.00e0	9.27e2	371	206	206	206	7	6	2.91	2	0.97
563	data/reference/motifs/JASPAR2026_CORE_plants_non-redundant_pfms_meme.txt	MA1772.2	MYB43	YTYACCWAMCWT	3.43e-1	1.00e0	9.27e2	290	206	206	206	5	4	1.94	2	0.97
564	data/reference/motifs/JASPAR2026_CORE_plants_non-redundant_pfms_meme.txt	MA1771.2	MYB41	TYACCTAMYT	3.40e-1	1.00e0	9.27e2	388	206	206	206	6	33	16.02	29	14.08
565	data/reference/motifs/JASPAR2026_CORE_plants_non-redundant_pfms_meme.txt	MA1770.2	MYB40	YTYACCWAMY	2.72e-1	1.00e0	9.27e2	336	206	206	206	6	7	3.40	4	1.94
566	data/reference/motifs/JASPAR2026_CORE_plants_non-redundant_pfms_meme.txt	MA1769.2	MYB39	YYCACCTAMYTT	5.65e-1	1.00e0	9.27e2	358	206	206	206	5	21	10.19	21	10.19
567	data/reference/motifs/JASPAR2026_CORE_plants_non-redundant_pfms_meme.txt	MA1766.2	MYB17	YYCACCTACCW	1.05e-1	1.00e0	9.27e2	341	206	206	206	4	45	21.84	34	16.50
568	data/reference/motifs/JASPAR2026_CORE_plants_non-redundant_pfms_meme.txt	MA1765.2	MYB121	TACCTAACW	3.11e-1	1.00e0	9.27e2	388	206	206	206	8	10	4.85	7	3.40
569	data/reference/motifs/JASPAR2026_CORE_plants_non-redundant_pfms_meme.txt	MA1764.2	MYB116	TGCCTAACTT	6.57e-1	1.00e0	9.27e2	186	206	206	206	4	3	1.46	3	1.46
570	data/reference/motifs/JASPAR2026_CORE_plants_non-redundant_pfms_meme.txt	MA1762.2	MYB10	YCACCWAMCW	4.56e-1	1.00e0	9.27e2	321	206	206	206	3	56	27.18	54	26.21
571	data/reference/motifs/JASPAR2026_CORE_plants_non-redundant_pfms_meme.txt	MA1394.3	MYB73	AACGGTCA	5.42e-1	1.00e0	9.27e2	376	206	206	206	4	68	33.01	68	33.01
572	data/reference/motifs/JASPAR2026_CORE_plants_non-redundant_pfms_meme.txt	MA1393.3	MYB70	AACCGTT	3.43e-1	1.00e0	9.27e2	397	206	206	206	4	128	62.14	123	59.71
573	data/reference/motifs/JASPAR2026_CORE_plants_non-redundant_pfms_meme.txt	MA1392.3	MYB98	WMCGTTAC	2.45e-1	1.00e0	9.27e2	341	206	206	206	2	107	51.94	99	48.06
574	data/reference/motifs/JASPAR2026_CORE_plants_non-redundant_pfms_meme.txt	MA1391.3	MYB33	ATAACCGTAW	2.64e-1	1.00e0	9.27e2	388	206	206	206	1	196	95.15	192	93.20
575	data/reference/motifs/JASPAR2026_CORE_plants_non-redundant_pfms_meme.txt	MA1294.2	MYB62	WAGTTAGGY	5.00e-1	1.00e0	9.27e2	389	206	206	206	11	1	0.49	0	0.00
576	data/reference/motifs/JASPAR2026_CORE_plants_non-redundant_pfms_meme.txt	MA1292.2	MYB27	AAAAATTAGGTA	5.00e-1	1.00e0	9.27e2	122	206	206	206	4	1	0.49	0	0.00
577	data/reference/motifs/JASPAR2026_CORE_plants_non-redundant_pfms_meme.txt	MA1181.2	MYB113	AKTYMGTTAT	1.53e-1	1.00e0	9.27e2	402	206	206	206	7	31	15.05	23	11.17
578	data/reference/motifs/JASPAR2026_CORE_plants_non-redundant_pfms_meme.txt	MA1180.2	MYB3R4	WWWTRACCGTTR	5.00e-1	1.00e0	9.27e2	155	206	206	206	8	1	0.49	0	0.00
579	data/reference/motifs/JASPAR2026_CORE_plants_non-redundant_pfms_meme.txt	MA1179.2	MYB1	ACSGTTA	4.51e-1	1.00e0	9.27e2	330	206	206	206	1	166	80.58	164	79.61
580	data/reference/motifs/JASPAR2026_CORE_plants_non-redundant_pfms_meme.txt	MA1178.3	MYB3R1	TAACGGTC	7.23e-1	1.00e0	9.27e2	377	206	206	206	3	108	52.43	113	54.85
581	data/reference/motifs/JASPAR2026_CORE_plants_non-redundant_pfms_meme.txt	MA1177.2	MYB65	TAACCGHM	2.49e-1	1.00e0	9.27e2	410	206	206	206	1	206	100.00	204	99.03
582	data/reference/motifs/JASPAR2026_CORE_plants_non-redundant_pfms_meme.txt	MA1176.2	MYB119	RWCCGTTACA	3.23e-1	1.00e0	9.27e2	272	206	206	206	3	26	12.62	22	10.68
583	data/reference/motifs/JASPAR2026_CORE_plants_non-redundant_pfms_meme.txt	MA1172.2	MYB3R5	AAWWDTDACCGTTR	5.00e-1	1.00e0	9.27e2	145	206	206	206	7	1	0.49	0	0.00
584	data/reference/motifs/JASPAR2026_CORE_plants_non-redundant_pfms_meme.txt	MA1171.2	MYB52	ACCGTTA	5.00e-1	1.00e0	9.27e2	188	206	206	206	7	1	0.49	0	0.00
585	data/reference/motifs/JASPAR2026_CORE_plants_non-redundant_pfms_meme.txt	MA1170.2	MYB118	RWCCGTTACRWW	2.49e-1	1.00e0	9.27e2	171	206	206	206	4	2	0.97	0	0.00
586	data/reference/motifs/JASPAR2026_CORE_plants_non-redundant_pfms_meme.txt	MA1038.2	MYB3	GGTAGGTA	2.49e-1	1.00e0	9.27e2	338	206	206	206	7	2	0.97	0	0.00
587	data/reference/motifs/JASPAR2026_CORE_plants_non-redundant_pfms_meme.txt	MA1037.2	MYB24	GTTAGGY	5.00e-1	1.00e0	9.27e2	412	206	206	206	50	3	1.46	2	0.97
588	data/reference/motifs/JASPAR2026_CORE_plants_non-redundant_pfms_meme.txt	MA1030.2	P0510F09.23	WRMCCTA	2.49e-1	1.00e0	9.27e2	412	206	206	206	29	2	0.97	0	0.00
589	data/reference/motifs/JASPAR2026_CORE_plants_non-redundant_pfms_meme.txt	MA0575.2	MYB77	GACRGTTAS	5.00e-1	1.00e0	9.27e2	271	206	206	206	4	11	5.34	10	4.85
590	data/reference/motifs/JASPAR2026_CORE_plants_non-redundant_pfms_meme.txt	MA0034.2	Gam1	YAACCGMC	2.14e-1	1.00e0	9.27e2	411	206	206	206	8	97	47.09	88	42.72
591	data/reference/motifs/JASPAR2026_CORE_plants_non-redundant_pfms_meme.txt	MA1830.2	Zm00001d015407	AAGGAATATTCTTTTT	1.69e-1	1.00e0	9.27e2	311	206	206	206	7	7	3.40	3	1.46
592	data/reference/motifs/JASPAR2026_CORE_plants_non-redundant_pfms_meme.txt	MA1737.2	AT5G05090	AGATHCG	1.61e-1	1.00e0	9.27e2	405	206	206	206	13	11	5.34	6	2.91
593	data/reference/motifs/JASPAR2026_CORE_plants_non-redundant_pfms_meme.txt	MA1706.2	AT1G14600	WAYATTCT	8.70e-2	1.00e0	9.27e2	412	206	206	206	22	186	90.29	176	85.44
594	data/reference/motifs/JASPAR2026_CORE_plants_non-redundant_pfms_meme.txt	MA1383.2	KAN2	AATATTCTTT	1.32e-1	1.00e0	9.27e2	379	206	206	206	7	26	12.62	18	8.74
595	data/reference/motifs/JASPAR2026_CORE_plants_non-redundant_pfms_meme.txt	MA1166.2	PHL12	AARRGAATATTC	2.49e-1	1.00e0	9.27e2	197	206	206	206	6	2	0.97	0	0.00
596	data/reference/motifs/JASPAR2026_CORE_plants_non-redundant_pfms_meme.txt	MA1165.3	HHO6	AGATTCT	1.42e-1	1.00e0	9.27e2	407	206	206	206	13	6	2.91	2	0.97
597	data/reference/motifs/JASPAR2026_CORE_plants_non-redundant_pfms_meme.txt	MA1409.2	OsRR22	AGATACGST	1.86e-1	1.00e0	9.27e2	390	206	206	206	2	156	75.73	147	71.36
598	data/reference/motifs/JASPAR2026_CORE_plants_non-redundant_pfms_meme.txt	MA0948.2	ARR18	AGATACG	1.96e-1	1.00e0	9.27e2	412	206	206	206	21	14	6.80	9	4.37
599	data/reference/motifs/JASPAR2026_CORE_plants_non-redundant_pfms_meme.txt	MA0121.2	ARR10	AGATHYK	1.24e-1	1.00e0	9.27e2	409	206	206	206	1	206	100.00	203	98.54
600	data/reference/motifs/JASPAR2026_CORE_plants_non-redundant_pfms_meme.txt	MA1794.2	NLP7	TGVCYYTT	1.46e-1	1.00e0	9.27e2	412	206	206	206	3	201	97.57	196	95.15
601	data/reference/motifs/JASPAR2026_CORE_plants_non-redundant_pfms_meme.txt	MA2022.2	LOB	CCGCCGCCGCMGC	6.88e-1	1.00e0	9.27e2	92	206	206	206	9	2	0.97	2	0.97
602	data/reference/motifs/JASPAR2026_CORE_plants_non-redundant_pfms_meme.txt	MA2021.2	LBD13	TCCACCGT	1.05e-1	1.00e0	9.27e2	378	206	206	206	1	193	93.69	185	89.81
603	data/reference/motifs/JASPAR2026_CORE_plants_non-redundant_pfms_meme.txt	MA1747.2	DOF4.3	WAAAGWRGCTTTW	5.00e-1	1.00e0	9.27e2	82	206	206	206	4	1	0.49	0	0.00
604	data/reference/motifs/JASPAR2026_CORE_plants_non-redundant_pfms_meme.txt	MA1269.2	DOF4.5	AWAAAGTWRCTTT	1.33e-1	1.00e0	9.27e2	405	206	206	206	4	156	75.73	145	70.39
605	data/reference/motifs/JASPAR2026_CORE_plants_non-redundant_pfms_meme.txt	MA0974.3	CDF3	AAAAAGTG	2.43e-1	1.00e0	9.27e2	412	206	206	206	11	33	16.02	27	13.11
606	data/reference/motifs/JASPAR2026_CORE_plants_non-redundant_pfms_meme.txt	MA1396.2	GATA6	AGATCTAGAT	3.11e-1	1.00e0	9.27e2	192	206	206	206	1	99	48.06	93	45.15
607	data/reference/motifs/JASPAR2026_CORE_plants_non-redundant_pfms_meme.txt	MA1325.2	GATA14	TAGATCTR	5.00e-1	1.00e0	9.27e2	336	206	206	206	20	1	0.49	0	0.00
608	data/reference/motifs/JASPAR2026_CORE_plants_non-redundant_pfms_meme.txt	MA1323.2	GATA19	GATCBGATY	1.86e-1	1.00e0	9.27e2	363	206	206	206	10	4	1.94	1	0.49
609	data/reference/motifs/JASPAR2026_CORE_plants_non-redundant_pfms_meme.txt	MA1017.2	GATA8	GATCY	1.07e-1	1.00e0	9.27e2	412	206	206	206	24	187	90.78	178	86.41
610	data/reference/motifs/JASPAR2026_CORE_plants_non-redundant_pfms_meme.txt	MA0585.2	AGL1	TTDCCWWWWWDGGWAA	4.21e-1	1.00e0	9.27e2	358	206	206	206	3	118	57.28	115	55.83
611	data/reference/motifs/JASPAR2026_CORE_plants_non-redundant_pfms_meme.txt	MA0584.2	SEP1	CCAWAWWTRGWAA	6.66e-1	1.00e0	9.27e2	319	206	206	206	6	11	5.34	12	5.83
612	data/reference/motifs/JASPAR2026_CORE_plants_non-redundant_pfms_meme.txt	MA0558.2	FLC	CCMAAAATRGAAAG	4.33e-1	1.00e0	9.27e2	388	206	206	206	6	20	9.71	18	8.74
613	data/reference/motifs/JASPAR2026_CORE_plants_non-redundant_pfms_meme.txt	MA0556.2	AP3	CCAAAARWRGAAA	1.69e-1	1.00e0	9.27e2	387	206	206	206	2	166	80.58	157	76.21
614	data/reference/motifs/JASPAR2026_CORE_plants_non-redundant_pfms_meme.txt	MA0555.2	SVP	WWWCCAAAAAWGGAAA	2.13e-1	1.00e0	9.27e2	332	206	206	206	4	25	12.14	19	9.22
615	data/reference/motifs/JASPAR2026_CORE_plants_non-redundant_pfms_meme.txt	MA0005.3	AG	TTWCCWAAWHDGGHAA	5.63e-1	1.00e0	9.27e2	331	206	206	206	5	22	10.68	22	10.68
616	data/reference/motifs/JASPAR2026_CORE_plants_non-redundant_pfms_meme.txt	MA0001.3	AGL3	CCAWWWATAG	2.23e-1	1.00e0	9.27e2	409	206	206	206	2	200	97.09	196	95.15
617	data/reference/motifs/JASPAR2026_CORE_plants_non-redundant_pfms_meme.txt	MA1807.2	ZHD10	TAATTART	4.08e-1	1.00e0	9.27e2	381	206	206	206	2	160	77.67	157	76.21
618	data/reference/motifs/JASPAR2026_CORE_plants_non-redundant_pfms_meme.txt	MA1330.2	ZHD6	AAWHRTAATTAA	1.46e-1	1.00e0	9.27e2	408	206	206	206	15	15	7.28	9	4.37
619	data/reference/motifs/JASPAR2026_CORE_plants_non-redundant_pfms_meme.txt	MA1329.3	ZHD1	AYTAATTAA	2.35e-1	1.00e0	9.27e2	408	206	206	206	3	199	96.60	195	94.66
620	data/reference/motifs/JASPAR2026_CORE_plants_non-redundant_pfms_meme.txt	MA1326.2	ZHD5	GTRATTAR	2.69e-1	1.00e0	9.27e2	407	206	206	206	4	168	81.55	162	78.64
621	data/reference/motifs/JASPAR2026_CORE_plants_non-redundant_pfms_meme.txt	MA1824.2	Zm00001d005692	CAATAATT	1.90e-1	1.00e0	9.27e2	412	206	206	206	8	202	98.06	198	96.12
622	data/reference/motifs/JASPAR2026_CORE_plants_non-redundant_pfms_meme.txt	MA1757.2	HDG7	DCATTAAWTR	1.26e-1	1.00e0	9.27e2	392	206	206	206	1	199	96.60	193	93.69
623	data/reference/motifs/JASPAR2026_CORE_plants_non-redundant_pfms_meme.txt	MA1375.2	ANL2	GCATTAATTR	5.00e-1	1.00e0	9.27e2	385	206	206	206	1	193	93.69	192	93.20
624	data/reference/motifs/JASPAR2026_CORE_plants_non-redundant_pfms_meme.txt	MA1327.3	ATHB-23	TAATTAA	3.40e-1	1.00e0	9.27e2	387	206	206	206	1	195	94.66	192	93.20
625	data/reference/motifs/JASPAR2026_CORE_plants_non-redundant_pfms_meme.txt	MA1215.2	ATHB-53	CAATAATTG	1.07e-1	1.00e0	9.27e2	383	206	206	206	8	36	17.48	26	12.62
626	data/reference/motifs/JASPAR2026_CORE_plants_non-redundant_pfms_meme.txt	MA1211.2	ATHB-X	YAATYATTD	1.41e-1	1.00e0	9.27e2	396	206	206	206	2	186	90.29	178	86.41
627	data/reference/motifs/JASPAR2026_CORE_plants_non-redundant_pfms_meme.txt	MA1026.3	ATHB-15	AWDRTAATGATKA	2.29e-1	1.00e0	9.27e2	331	206	206	206	1	169	82.04	162	78.64
628	data/reference/motifs/JASPAR2026_CORE_plants_non-redundant_pfms_meme.txt	MA0990.2	HDG11	AWTWAATGC	1.16e-1	1.00e0	9.27e2	412	206	206	206	41	23	11.17	15	7.28
629	data/reference/motifs/JASPAR2026_CORE_plants_non-redundant_pfms_meme.txt	MA0953.2	ATHB-6	CAATHAT	2.49e-1	1.00e0	9.27e2	412	206	206	206	96	2	0.97	0	0.00
630	data/reference/motifs/JASPAR2026_CORE_plants_non-redundant_pfms_meme.txt	MA2020.2	HSFB4	GAAGTTTCCR	1.56e-1	1.00e0	9.27e2	326	206	206	206	5	16	7.77	10	4.85
631	data/reference/motifs/JASPAR2026_CORE_plants_non-redundant_pfms_meme.txt	MA2019.2	HSFA1B	GAAACTTC	1.62e-1	1.00e0	9.27e2	394	206	206	206	4	110	53.40	99	48.06
632	data/reference/motifs/JASPAR2026_CORE_plants_non-redundant_pfms_meme.txt	MA1761.2	HSFB3	AAGCTTCTAGAA	2.33e-1	1.00e0	9.27e2	327	206	206	206	1	167	81.07	160	77.67
633	data/reference/motifs/JASPAR2026_CORE_plants_non-redundant_pfms_meme.txt	MA1759.2	HSFA4A	AGAAGCTTCTAGAA	4.20e-1	1.00e0	9.27e2	167	206	206	206	1	85	41.26	82	39.81
634	data/reference/motifs/JASPAR2026_CORE_plants_non-redundant_pfms_meme.txt	MA1667.3	HSFC1	TTCYAGAA	2.72e-1	1.00e0	9.27e2	371	206	206	206	8	15	7.28	11	5.34
635	data/reference/motifs/JASPAR2026_CORE_plants_non-redundant_pfms_meme.txt	MA1665.3	HSFB2A	RGAAGSTTCY	1.47e-1	1.00e0	9.27e2	276	206	206	206	3	53	25.73	43	20.87
636	data/reference/motifs/JASPAR2026_CORE_plants_non-redundant_pfms_meme.txt	MA1664.3	HSFA6B	TTCTRGAA	1.10e-1	1.00e0	9.27e2	401	206	206	206	4	137	66.50	124	60.19
637	data/reference/motifs/JASPAR2026_CORE_plants_non-redundant_pfms_meme.txt	MA1805.2	WRKY53	RGTCAAC	1.24e-1	1.00e0	9.27e2	409	206	206	206	1	206	100.00	203	98.54
638	data/reference/motifs/JASPAR2026_CORE_plants_non-redundant_pfms_meme.txt	MA1318.2	WRKY27	CGTTGACTTTT	6.57e-1	1.00e0	9.27e2	188	206	206	206	3	3	1.46	3	1.46
639	data/reference/motifs/JASPAR2026_CORE_plants_non-redundant_pfms_meme.txt	MA1317.2	WRKY50	TTGACTTTT	2.23e-1	1.00e0	9.27e2	327	206	206	206	5	10	4.85	6	2.91
640	data/reference/motifs/JASPAR2026_CORE_plants_non-redundant_pfms_meme.txt	MA1316.2	WRKY71	AAAAGTCAAC	4.14e-1	1.00e0	9.27e2	281	206	206	206	4	12	5.83	10	4.85
641	data/reference/motifs/JASPAR2026_CORE_plants_non-redundant_pfms_meme.txt	MA1315.2	WRKY24	CGTTGACTTTT	3.82e-1	1.00e0	9.27e2	238	206	206	206	1	121	58.74	117	56.80
642	data/reference/motifs/JASPAR2026_CORE_plants_non-redundant_pfms_meme.txt	MA1312.2	WRKY47	CGTTGACYW	2.03e-1	1.00e0	9.27e2	329	206	206	206	4	23	11.17	17	8.25
643	data/reference/motifs/JASPAR2026_CORE_plants_non-redundant_pfms_meme.txt	MA1310.2	WRKY42	CGTTGACT	3.12e-1	1.00e0	9.27e2	256	206	206	206	5	3	1.46	1	0.49
644	data/reference/motifs/JASPAR2026_CORE_plants_non-redundant_pfms_meme.txt	MA1306.2	WRKY11	CGTTGACTTTT	7.75e-1	1.00e0	9.27e2	241	206	206	206	4	3	1.46	4	1.94
645	data/reference/motifs/JASPAR2026_CORE_plants_non-redundant_pfms_meme.txt	MA1304.2	WRKY59	AAAAGTCAAM	3.12e-1	1.00e0	9.27e2	376	206	206	206	8	3	1.46	1	0.49
646	data/reference/motifs/JASPAR2026_CORE_plants_non-redundant_pfms_meme.txt	MA1302.2	WRKY65	AAAGTCAACG	3.00e-1	1.00e0	9.27e2	281	206	206	206	4	9	4.37	6	2.91
647	data/reference/motifs/JASPAR2026_CORE_plants_non-redundant_pfms_meme.txt	MA1300.2	WRKY6	CGTTGACT	2.49e-1	1.00e0	9.27e2	205	206	206	206	5	2	0.97	0	0.00
648	data/reference/motifs/JASPAR2026_CORE_plants_non-redundant_pfms_meme.txt	MA1298.2	WRKY29	AAAGTCAAC	4.53e-1	1.00e0	9.27e2	335	206	206	206	3	48	23.30	46	22.33
649	data/reference/motifs/JASPAR2026_CORE_plants_non-redundant_pfms_meme.txt	MA1297.2	WRKY26	AAAAGTCAACG	2.25e-1	1.00e0	9.27e2	247	206	206	206	4	5	2.43	2	0.97
650	data/reference/motifs/JASPAR2026_CORE_plants_non-redundant_pfms_meme.txt	MA1296.2	WRKY46	CGTTGACTTT	1.86e-1	1.00e0	9.27e2	238	206	206	206	4	4	1.94	1	0.49
651	data/reference/motifs/JASPAR2026_CORE_plants_non-redundant_pfms_meme.txt	MA1295.2	WRKY20	CGTTGACY	2.49e-1	1.00e0	9.27e2	310	206	206	206	6	2	0.97	0	0.00
652	data/reference/motifs/JASPAR2026_CORE_plants_non-redundant_pfms_meme.txt	MA1094.3	WRKY8	AAAAGTCAACG	5.00e-1	1.00e0	9.27e2	286	206	206	206	6	2	0.97	1	0.49
653	data/reference/motifs/JASPAR2026_CORE_plants_non-redundant_pfms_meme.txt	MA1092.2	WRKY63	GGTCAA	1.69e-1	1.00e0	9.27e2	347	206	206	206	6	7	3.40	3	1.46
654	data/reference/motifs/JASPAR2026_CORE_plants_non-redundant_pfms_meme.txt	MA1090.2	WRKY60	GGTCAAC	2.72e-1	1.00e0	9.27e2	350	206	206	206	6	7	3.40	4	1.94
655	data/reference/motifs/JASPAR2026_CORE_plants_non-redundant_pfms_meme.txt	MA1088.2	WRKY48	GTCAA	1.24e-1	1.00e0	9.27e2	412	206	206	206	24	206	100.00	203	98.54
656	data/reference/motifs/JASPAR2026_CORE_plants_non-redundant_pfms_meme.txt	MA1087.3	WRKY45	AAAAGTCAAM	5.00e-1	1.00e0	9.27e2	387	206	206	206	10	1	0.49	0	0.00
657	data/reference/motifs/JASPAR2026_CORE_plants_non-redundant_pfms_meme.txt	MA1083.3	WRKY30	ARGTCAACG	2.34e-1	1.00e0	9.27e2	349	206	206	206	5	19	9.22	14	6.80
658	data/reference/motifs/JASPAR2026_CORE_plants_non-redundant_pfms_meme.txt	MA1081.3	WRKY25	RGTCAACG	3.28e-1	1.00e0	9.27e2	378	206	206	206	6	12	5.83	9	4.37
659	data/reference/motifs/JASPAR2026_CORE_plants_non-redundant_pfms_meme.txt	MA1079.3	WRKY21	AAAAGTCAACG	1.46e-1	1.00e0	9.27e2	277	206	206	206	4	10	4.85	5	2.43
660	data/reference/motifs/JASPAR2026_CORE_plants_non-redundant_pfms_meme.txt	MA1078.2	WRKY2	GGTCAAM	3.02e-1	1.00e0	9.27e2	392	206	206	206	3	138	66.99	132	64.08
661	data/reference/motifs/JASPAR2026_CORE_plants_non-redundant_pfms_meme.txt	MA1077.2	WRKY18	RGTCAA	1.24e-1	1.00e0	9.27e2	408	206	206	206	14	3	1.46	0	0.00
662	data/reference/motifs/JASPAR2026_CORE_plants_non-redundant_pfms_meme.txt	MA0589.2	WRKY1	TTGACCGAGY	3.43e-1	1.00e0	9.27e2	215	206	206	206	4	4	1.94	2	0.97
663	data/reference/motifs/JASPAR2026_CORE_plants_non-redundant_pfms_meme.txt	MA2053.2	NAC105	CAAGCAACC	2.38e-1	1.00e0	9.27e2	406	206	206	206	3	164	79.61	157	76.21
664	data/reference/motifs/JASPAR2026_CORE_plants_non-redundant_pfms_meme.txt	MA2050.2	NAC101	CAAGCAA	1.18e-1	1.00e0	9.27e2	412	206	206	206	10	107	51.94	94	45.63
665	data/reference/motifs/JASPAR2026_CORE_plants_non-redundant_pfms_meme.txt	MA2047.2	NAC037	CAAGCAA	3.33e-1	1.00e0	9.27e2	411	206	206	206	13	30	14.56	26	12.62
666	data/reference/motifs/JASPAR2026_CORE_plants_non-redundant_pfms_meme.txt	MA2046.2	NAC035	CACGGCA	2.60e-1	1.00e0	9.27e2	402	206	206	206	2	187	90.78	182	88.35
667	data/reference/motifs/JASPAR2026_CORE_plants_non-redundant_pfms_meme.txt	MA2044.2	NAC007	CAAGCAA	6.54e-1	1.00e0	9.27e2	412	206	206	206	4	192	93.20	193	93.69
668	data/reference/motifs/JASPAR2026_CORE_plants_non-redundant_pfms_meme.txt	MA2037.2	NAC096	CAAGTAA	1.85e-1	1.00e0	9.27e2	412	206	206	206	14	13	6.31	8	3.88
669	data/reference/motifs/JASPAR2026_CORE_plants_non-redundant_pfms_meme.txt	MA2036.2	NAC076	CAAGCAA	2.12e-1	1.00e0	9.27e2	412	206	206	206	8	126	61.17	117	56.80
670	data/reference/motifs/JASPAR2026_CORE_plants_non-redundant_pfms_meme.txt	MA2034.2	NAC057	CAAGTAA	1.86e-1	1.00e0	9.27e2	412	206	206	206	4	205	99.51	202	98.06
671	data/reference/motifs/JASPAR2026_CORE_plants_non-redundant_pfms_meme.txt	MA2018.2	NAC69	ACAAGGCA	2.00e-1	1.00e0	9.27e2	408	206	206	206	7	71	34.47	62	30.10
672	data/reference/motifs/JASPAR2026_CORE_plants_non-redundant_pfms_meme.txt	MA2017.2	JUB1	ACGGCGA	3.11e-1	1.00e0	9.27e2	316	206	206	206	8	10	4.85	7	3.40
673	data/reference/motifs/JASPAR2026_CORE_plants_non-redundant_pfms_meme.txt	MA2010.2	SMB	CAAGCAA	4.33e-1	1.00e0	9.27e2	412	206	206	206	5	188	91.26	186	90.29
674	data/reference/motifs/JASPAR2026_CORE_plants_non-redundant_pfms_meme.txt	MA1787.2	NAC047	ACACGTMWCT	1.20e-1	1.00e0	9.27e2	360	206	206	206	2	149	72.33	137	66.50
675	data/reference/motifs/JASPAR2026_CORE_plants_non-redundant_pfms_meme.txt	MA1785.2	NAC018	ACACGYAACY	1.39e-1	1.00e0	9.27e2	316	206	206	206	2	110	53.40	98	47.57
676	data/reference/motifs/JASPAR2026_CORE_plants_non-redundant_pfms_meme.txt	MA1675.2	NAC029	ACGCAACT	2.40e-1	1.00e0	9.27e2	377	206	206	206	1	191	92.72	186	90.29
677	data/reference/motifs/JASPAR2026_CORE_plants_non-redundant_pfms_meme.txt	MA1660.2	NAC013	TTACTTGTTCYMCAAGTAA	4.29e-1	1.00e0	9.27e2	65	206	206	206	2	18	8.74	16	7.77
678	data/reference/motifs/JASPAR2026_CORE_plants_non-redundant_pfms_meme.txt	MA1427.3	NAC028	CAAGTAA	1.38e-1	1.00e0	9.27e2	412	206	206	206	11	97	47.09	85	41.26
679	data/reference/motifs/JASPAR2026_CORE_plants_non-redundant_pfms_meme.txt	MA1414.2	E2FA	GCGCCA	1.88e-1	1.00e0	9.27e2	363	206	206	206	3	110	53.40	100	48.54
680	data/reference/motifs/JASPAR2026_CORE_plants_non-redundant_pfms_meme.txt	MA1813.2	EIL4	TWCAATGAA	1.24e-1	1.00e0	9.27e2	400	206	206	206	14	3	1.46	0	0.00
681	data/reference/motifs/JASPAR2026_CORE_plants_non-redundant_pfms_meme.txt	MA1756.2	GRF9	TGTCAGA	3.59e-1	1.00e0	9.27e2	347	206	206	206	5	18	8.74	15	7.28
682	data/reference/motifs/JASPAR2026_CORE_plants_non-redundant_pfms_meme.txt	MA0970.2	CAMTA3	CCGCGT	1.05e-1	1.00e0	9.27e2	377	206	206	206	9	21	10.19	13	6.31
683	data/reference/motifs/JASPAR2026_CORE_plants_non-redundant_pfms_meme.txt	MA0969.2	CAMTA2	VCGCGT	2.51e-1	1.00e0	9.27e2	394	206	206	206	23	6	2.91	3	1.46
684	data/reference/motifs/JASPAR2026_CORE_plants_non-redundant_pfms_meme.txt	MA1801.2	TREE1	AGCTD	1.14e-1	1.00e0	9.27e2	412	206	206	206	20	200	97.09	194	94.17
685	data/reference/motifs/JASPAR2026_CORE_plants_non-redundant_pfms_meme.txt	MA1415.2	REF6	RAAACAGAG	1.33e-1	1.00e0	9.27e2	330	206	206	206	1	170	82.52	160	77.67
686	data/reference/motifs/JASPAR2026_CORE_plants_non-redundant_pfms_meme.txt	MA1374.2	IDD7	ASAAAACGACAAAA	4.61e-1	1.00e0	9.27e2	208	206	206	206	1	105	50.97	103	50.00
687	data/reference/motifs/JASPAR2026_CORE_plants_non-redundant_pfms_meme.txt	MA1372.2	ZAT10	CACTNHCACT	1.98e-1	1.00e0	9.27e2	410	206	206	206	10	69	33.50	60	29.13
688	data/reference/motifs/JASPAR2026_CORE_plants_non-redundant_pfms_meme.txt	MA1371.2	IDD4	ASAAAAMGACAAAAA	1.87e-1	1.00e0	9.27e2	220	206	206	206	1	115	55.83	105	50.97
689	data/reference/motifs/JASPAR2026_CORE_plants_non-redundant_pfms_meme.txt	MA1370.2	IDD5	TTTTGTCGTTTWST	4.07e-1	1.00e0	9.27e2	208	206	206	206	2	48	23.30	45	21.84
690	data/reference/motifs/JASPAR2026_CORE_plants_non-redundant_pfms_meme.txt	MA1160.2	IDD6	TTTTTGTCGTTTTSTK	3.59e-1	1.00e0	9.27e2	214	206	206	206	3	18	8.74	15	7.28
691	data/reference/motifs/JASPAR2026_CORE_plants_non-redundant_pfms_meme.txt	MA1158.2	MGP	AAAACGACAAAAA	3.84e-1	1.00e0	9.27e2	208	206	206	206	1	106	51.46	102	49.51
692	data/reference/motifs/JASPAR2026_CORE_plants_non-redundant_pfms_meme.txt	MA1157.2	NUC	TTTTGTCGTTTT	2.70e-1	1.00e0	9.27e2	261	206	206	206	1	134	65.05	127	61.65
693	data/reference/motifs/JASPAR2026_CORE_plants_non-redundant_pfms_meme.txt	MA1156.2	JKD	TTTTGTCKTTTT	5.00e-1	1.00e0	9.27e2	349	206	206	206	4	39	18.93	38	18.45
694	data/reference/motifs/JASPAR2026_CORE_plants_non-redundant_pfms_meme.txt	MA2015.2	NAC002	ACGCAACT	5.44e-1	1.00e0	9.27e2	397	206	206	206	6	56	27.18	56	27.18
695	data/reference/motifs/JASPAR2026_CORE_plants_non-redundant_pfms_meme.txt	MA1345.2	BZIP48	GCCACGTCAGCA	5.59e-1	1.00e0	9.27e2	52	206	206	206	1	26	12.62	26	12.62
696	data/reference/motifs/JASPAR2026_CORE_plants_non-redundant_pfms_meme.txt	MA1341.2	BZIP53	TGCTGACGTGGCA	8.31e-1	1.00e0	9.27e2	58	206	206	206	2	4	1.94	6	2.91
697	data/reference/motifs/JASPAR2026_CORE_plants_non-redundant_pfms_meme.txt	MA1340.2	BZIP3	TGMTGACGTGGCA	5.48e-1	1.00e0	9.27e2	88	206	206	206	1	44	21.36	44	21.36
698	data/reference/motifs/JASPAR2026_CORE_plants_non-redundant_pfms_meme.txt	MA1334.2	BZIP11	TGCCACGTCAGCA	8.31e-1	1.00e0	9.27e2	60	206	206	206	2	4	1.94	6	2.91
699	data/reference/motifs/JASPAR2026_CORE_plants_non-redundant_pfms_meme.txt	MA1803.2	VIP1	TGMCAGCTGT	2.43e-1	1.00e0	9.27e2	174	206	206	206	1	91	44.17	83	40.29
700	data/reference/motifs/JASPAR2026_CORE_plants_non-redundant_pfms_meme.txt	MA1343.2	BZIP52	TGMCAGCT	3.12e-1	1.00e0	9.27e2	244	206	206	206	6	3	1.46	1	0.49
701	data/reference/motifs/JASPAR2026_CORE_plants_non-redundant_pfms_meme.txt	MA1351.3	GBF3	ACGTGGCA	1.74e-1	1.00e0	9.27e2	393	206	206	206	1	199	96.60	194	94.17
702	data/reference/motifs/JASPAR2026_CORE_plants_non-redundant_pfms_meme.txt	MA1349.2	BZIP16	HSACGTGGCA	6.00e-1	1.00e0	9.27e2	85	206	206	206	2	8	3.88	8	3.88
703	data/reference/motifs/JASPAR2026_CORE_plants_non-redundant_pfms_meme.txt	MA0968.3	BZIP68	TGCCACGTSA	2.12e-1	1.00e0	9.27e2	169	206	206	206	1	89	43.20	80	38.83
704	data/reference/motifs/JASPAR2026_CORE_plants_non-redundant_pfms_meme.txt	MA1835.2	TFLG2-Zm00001d042777	GTACGTAC	1.24e-1	1.00e0	9.27e2	307	206	206	206	12	3	1.46	0	0.00
705	data/reference/motifs/JASPAR2026_CORE_plants_non-redundant_pfms_meme.txt	MA1346.2	TGA10	GMTGACGTCA	2.43e-1	1.00e0	9.27e2	149	206	206	206	2	33	16.02	27	13.11
706	data/reference/motifs/JASPAR2026_CORE_plants_non-redundant_pfms_meme.txt	MA1070.3	TGA7	ATGACGTCAB	5.00e-1	1.00e0	9.27e2	177	206	206	206	1	89	43.20	88	42.72
707	data/reference/motifs/JASPAR2026_CORE_plants_non-redundant_pfms_meme.txt	MA1068.3	TGA2	ATGACGTCAY	5.00e-1	1.00e0	9.27e2	106	206	206	206	6	1	0.49	0	0.00
708	data/reference/motifs/JASPAR2026_CORE_plants_non-redundant_pfms_meme.txt	MA1047.3	TGA5	ATGACGTCA	2.09e-1	1.00e0	9.27e2	314	206	206	206	1	161	78.16	153	74.27
709	data/reference/motifs/JASPAR2026_CORE_plants_non-redundant_pfms_meme.txt	MA0588.2	TGA1	SVTGACGT	1.28e-1	1.00e0	9.27e2	371	206	206	206	4	78	37.86	66	32.04
710	data/reference/motifs/JASPAR2026_CORE_plants_non-redundant_pfms_meme.txt	MA1344.2	BZIP28	TSACGTGGCA	4.20e-1	1.00e0	9.27e2	163	206	206	206	1	83	40.29	80	38.83
711	data/reference/motifs/JASPAR2026_CORE_plants_non-redundant_pfms_meme.txt	MA0931.2	ABI5	GMCACGTG	5.00e-1	1.00e0	9.27e2	202	206	206	206	2	55	26.70	54	26.21
712	data/reference/motifs/JASPAR2026_CORE_plants_non-redundant_pfms_meme.txt	MA1822.2	Zm00001d018571	GTACGTAC	5.00e-1	1.00e0	9.27e2	344	206	206	206	7	41	19.90	40	19.42
713	data/reference/motifs/JASPAR2026_CORE_plants_non-redundant_pfms_meme.txt	MA1828.2	Zm00001d038683	GTGGTCCA	2.12e-1	1.00e0	9.27e2	363	206	206	206	3	124	60.19	115	55.83
714	data/reference/motifs/JASPAR2026_CORE_plants_non-redundant_pfms_meme.txt	MA1428.2	TCP8	GGSCCCAC	1.24e-1	1.00e0	9.27e2	405	206	206	206	4	174	84.47	164	79.61
715	data/reference/motifs/JASPAR2026_CORE_plants_non-redundant_pfms_meme.txt	MA1054.2	ARALYDRAFT_897773	KGGGACCAC	2.15e-1	1.00e0	9.27e2	298	206	206	206	2	109	52.91	100	48.54
716	data/reference/motifs/JASPAR2026_CORE_plants_non-redundant_pfms_meme.txt	MA2014.2	BAM8	CACACGTGY	3.31e-1	1.00e0	9.27e2	204	206	206	206	3	29	14.08	25	12.14
717	data/reference/motifs/JASPAR2026_CORE_plants_non-redundant_pfms_meme.txt	MA1333.2	BEH3	YGCACGTGTG	5.59e-1	1.00e0	9.27e2	52	206	206	206	1	26	12.62	26	12.62
718	data/reference/motifs/JASPAR2026_CORE_plants_non-redundant_pfms_meme.txt	MA1332.2	BEH2	CACACGTGCR	8.70e-1	1.00e0	9.27e2	33	206	206	206	2	5	2.43	8	3.88
719	data/reference/motifs/JASPAR2026_CORE_plants_non-redundant_pfms_meme.txt	MA1331.2	BEH4	YGCACGTGTG	9.38e-1	1.00e0	9.27e2	38	206	206	206	1	15	7.28	23	11.17
720	data/reference/motifs/JASPAR2026_CORE_plants_non-redundant_pfms_meme.txt	MA0550.3	BZR1	CRCACGTGYR	6.88e-1	1.00e0	9.27e2	70	206	206	206	4	2	0.97	2	0.97
721	data/reference/motifs/JASPAR2026_CORE_plants_non-redundant_pfms_meme.txt	MA0549.2	BZR2	RCACGTGKSV	6.88e-1	1.00e0	9.27e2	117	206	206	206	5	2	0.97	2	0.97
722	data/reference/motifs/JASPAR2026_CORE_plants_non-redundant_pfms_meme.txt	MA1739.2	BHLH122	CMACTTG	1.86e-1	1.00e0	9.27e2	272	206	206	206	6	4	1.94	1	0.49
723	data/reference/motifs/JASPAR2026_CORE_plants_non-redundant_pfms_meme.txt	MA1412.2	TSAR2	GCACGTGC	2.49e-1	1.00e0	9.27e2	144	206	206	206	12	2	0.97	0	0.00
724	data/reference/motifs/JASPAR2026_CORE_plants_non-redundant_pfms_meme.txt	MA1411.2	TSAR1	GCACGTGC	2.49e-1	1.00e0	9.27e2	156	206	206	206	12	2	0.97	0	0.00
725	data/reference/motifs/JASPAR2026_CORE_plants_non-redundant_pfms_meme.txt	MA1362.2	bHLH77	DWNGBCACGTGM	3.02e-1	1.00e0	9.27e2	142	206	206	206	1	74	35.92	68	33.01
726	data/reference/motifs/JASPAR2026_CORE_plants_non-redundant_pfms_meme.txt	MA1361.2	bHLH18	CRCGTKWWHCACGTG	4.39e-1	1.00e0	9.27e2	123	206	206	206	2	25	12.14	23	11.17
727	data/reference/motifs/JASPAR2026_CORE_plants_non-redundant_pfms_meme.txt	MA1360.3	bHLH74	CACGTG	1.75e-1	1.00e0	9.27e2	250	206	206	206	3	52	25.24	43	20.87
728	data/reference/motifs/JASPAR2026_CORE_plants_non-redundant_pfms_meme.txt	MA1359.3	BPE	CACGTG	1.85e-1	1.00e0	9.27e2	234	206	206	206	2	122	59.22	112	54.37
729	data/reference/motifs/JASPAR2026_CORE_plants_non-redundant_pfms_meme.txt	MA1358.2	bHLH130	CMACTTGC	2.51e-1	1.00e0	9.27e2	223	206	206	206	3	22	10.68	17	8.25
730	data/reference/motifs/JASPAR2026_CORE_plants_non-redundant_pfms_meme.txt	MA1061.2	SPT	CCACGTG	9.85e-2	1.00e0	9.27e2	398	206	206	206	11	26	12.62	17	8.25
731	data/reference/motifs/JASPAR2026_CORE_plants_non-redundant_pfms_meme.txt	MA0966.2	BIM3	CACGTG	3.46e-1	1.00e0	9.27e2	408	206	206	206	12	117	56.80	112	54.37
732	data/reference/motifs/JASPAR2026_CORE_plants_non-redundant_pfms_meme.txt	MA0965.3	BIM2	CACGTG	2.13e-1	1.00e0	9.27e2	303	206	206	206	8	25	12.14	19	9.22
733	data/reference/motifs/JASPAR2026_CORE_plants_non-redundant_pfms_meme.txt	MA0964.3	BIM1	TCACGTGA	4.51e-1	1.00e0	9.27e2	209	206	206	206	4	43	20.87	41	19.90
734	data/reference/motifs/JASPAR2026_CORE_plants_non-redundant_pfms_meme.txt	MA0962.2	bHLH34	GCACGTG	1.54e-1	1.00e0	9.27e2	274	206	206	206	2	82	39.81	71	34.47
735	data/reference/motifs/JASPAR2026_CORE_plants_non-redundant_pfms_meme.txt	MA0956.2	BEE2	CACGTG	2.28e-1	1.00e0	9.27e2	411	206	206	206	22	68	33.01	60	29.13
736	data/reference/motifs/JASPAR2026_CORE_plants_non-redundant_pfms_meme.txt	MA0582.2	RAV1	GCAACA	1.38e-1	1.00e0	9.27e2	407	206	206	206	7	119	57.77	107	51.94
737	data/reference/motifs/JASPAR2026_CORE_plants_non-redundant_pfms_meme.txt	MA1698.2	ARF7	GCCGACAAG	3.44e-1	1.00e0	9.27e2	328	206	206	206	3	84	40.78	79	38.35
738	data/reference/motifs/JASPAR2026_CORE_plants_non-redundant_pfms_meme.txt	MA1697.2	ARF4	ACGACAAG	2.12e-1	1.00e0	9.27e2	404	206	206	206	6	90	43.69	81	39.32
739	data/reference/motifs/JASPAR2026_CORE_plants_non-redundant_pfms_meme.txt	MA1696.2	ARF39	GGGGRACACGT	1.43e-1	1.00e0	9.27e2	339	206	206	206	4	51	24.76	41	19.90
740	data/reference/motifs/JASPAR2026_CORE_plants_non-redundant_pfms_meme.txt	MA1694.2	ARF35	CCCGACAAG	5.57e-1	1.00e0	9.27e2	352	206	206	206	5	28	13.59	28	13.59
741	data/reference/motifs/JASPAR2026_CORE_plants_non-redundant_pfms_meme.txt	MA1693.2	ARF34	CAGACAGC	2.36e-1	1.00e0	9.27e2	390	206	206	206	2	165	80.10	158	76.70
742	data/reference/motifs/JASPAR2026_CORE_plants_non-redundant_pfms_meme.txt	MA1692.2	ARF29	GCCGACAA	4.13e-1	1.00e0	9.27e2	371	206	206	206	2	150	72.82	147	71.36
743	data/reference/motifs/JASPAR2026_CORE_plants_non-redundant_pfms_meme.txt	MA1689.2	ARF18	CCGACAAA	1.84e-1	1.00e0	9.27e2	406	206	206	206	3	157	76.21	148	71.84
744	data/reference/motifs/JASPAR2026_CORE_plants_non-redundant_pfms_meme.txt	MA1685.2	ARF10	ARNGGGAGACA	1.74e-1	1.00e0	9.27e2	298	206	206	206	6	12	5.83	7	3.40
745	data/reference/motifs/JASPAR2026_CORE_plants_non-redundant_pfms_meme.txt	MA0944.2	ARF8	TGTCGG	9.85e-2	1.00e0	9.27e2	412	206	206	206	25	20	9.71	12	5.83
746	data/reference/motifs/JASPAR2026_CORE_plants_non-redundant_pfms_meme.txt	MA0943.2	ARF5	RCCGACA	7.40e-1	1.00e0	9.27e2	369	206	206	206	1	183	88.83	186	90.29
747	data/reference/motifs/JASPAR2026_CORE_plants_non-redundant_pfms_meme.txt	MA0942.2	ARF1	ACCGACA	2.79e-1	1.00e0	9.27e2	310	206	206	206	5	16	7.77	12	5.83
748	data/reference/motifs/JASPAR2026_CORE_plants_non-redundant_pfms_meme.txt	MA0581.2	LEC2	CATGCR	2.64e-1	1.00e0	9.27e2	324	206	206	206	5	14	6.80	10	4.85
749	data/reference/motifs/JASPAR2026_CORE_plants_non-redundant_pfms_meme.txt	MA0565.3	FUS3	ACATGCA	5.00e-1	1.00e0	9.27e2	231	206	206	206	1	116	56.31	115	55.83
750	data/reference/motifs/JASPAR2026_CORE_plants_non-redundant_pfms_meme.txt	MA2013.2	ERF115	YCGCCGCCGCM	7.75e-1	1.00e0	9.27e2	110	206	206	206	6	3	1.46	4	1.94
751	data/reference/motifs/JASPAR2026_CORE_plants_non-redundant_pfms_meme.txt	MA2011.2	ERF010	CACCGACA	1.88e-1	1.00e0	9.27e2	322	206	206	206	2	106	51.46	96	46.60
752	data/reference/motifs/JASPAR2026_CORE_plants_non-redundant_pfms_meme.txt	MA1833.2	Zm00001d049364	CCGCCGCCGCC	2.66e-1	1.00e0	9.27e2	139	206	206	206	1	73	35.44	66	32.04
753	data/reference/motifs/JASPAR2026_CORE_plants_non-redundant_pfms_meme.txt	MA1831.2	Zm00001d031796	GACGGCGACG	3.46e-1	1.00e0	9.27e2	227	206	206	206	6	15	7.28	12	5.83
754	data/reference/motifs/JASPAR2026_CORE_plants_non-redundant_pfms_meme.txt	MA1817.2	Zm00001d020267	CGCCGCCGCC	2.23e-1	1.00e0	9.27e2	164	206	206	206	7	10	4.85	6	2.91
755	data/reference/motifs/JASPAR2026_CORE_plants_non-redundant_pfms_meme.txt	MA1804.2	WIN1	CRCCGC	1.42e-1	1.00e0	9.27e2	411	206	206	206	3	204	99.03	200	97.09
756	data/reference/motifs/JASPAR2026_CORE_plants_non-redundant_pfms_meme.txt	MA1795.2	RAP2-4	CRCCGACC	2.51e-1	1.00e0	9.27e2	407	206	206	206	23	6	2.91	3	1.46
757	data/reference/motifs/JASPAR2026_CORE_plants_non-redundant_pfms_meme.txt	MA1754.2	ERF073	CKCCGCCGCCR	5.00e-1	1.00e0	9.27e2	68	206	206	206	3	6	2.91	5	2.43
758	data/reference/motifs/JASPAR2026_CORE_plants_non-redundant_pfms_meme.txt	MA1753.2	ERF057	CCDCCDCCRCCGCC	6.25e-1	1.00e0	9.27e2	115	206	206	206	5	5	2.43	5	2.43
759	data/reference/motifs/JASPAR2026_CORE_plants_non-redundant_pfms_meme.txt	MA1752.2	ERF025	YGCCGACA	6.54e-1	1.00e0	9.27e2	182	206	206	206	3	13	6.31	14	6.80
760	data/reference/motifs/JASPAR2026_CORE_plants_non-redundant_pfms_meme.txt	MA1748.2	DREB1F	GCCGAC	2.51e-1	1.00e0	9.27e2	362	206	206	206	2	155	75.24	148	71.84
761	data/reference/motifs/JASPAR2026_CORE_plants_non-redundant_pfms_meme.txt	MA1679.2	RAP2-1	CACCGACA	2.72e-1	1.00e0	9.27e2	284	206	206	206	7	7	3.40	4	1.94
762	data/reference/motifs/JASPAR2026_CORE_plants_non-redundant_pfms_meme.txt	MA1671.2	ERF118	CCGCCGCC	5.00e-1	1.00e0	9.27e2	194	206	206	206	2	45	21.84	44	21.36
763	data/reference/motifs/JASPAR2026_CORE_plants_non-redundant_pfms_meme.txt	MA1670.2	DREB1C	GCCGACAT	6.48e-1	1.00e0	9.27e2	329	206	206	206	4	37	17.96	39	18.93
764	data/reference/motifs/JASPAR2026_CORE_plants_non-redundant_pfms_meme.txt	MA1669.2	DREB1B	GCCGACAT	5.00e-1	1.00e0	9.27e2	306	206	206	206	4	29	14.08	28	13.59
765	data/reference/motifs/JASPAR2026_CORE_plants_non-redundant_pfms_meme.txt	MA1424.2	ERF019	CCACCGACA	3.75e-1	1.00e0	9.27e2	132	206	206	206	3	6	2.91	4	1.94
766	data/reference/motifs/JASPAR2026_CORE_plants_non-redundant_pfms_meme.txt	MA1266.2	RAP2-11	YCDYCGCCGGC	3.36e-1	1.00e0	9.27e2	136	206	206	206	2	31	15.05	27	13.11
767	data/reference/motifs/JASPAR2026_CORE_plants_non-redundant_pfms_meme.txt	MA1265.3	ERF015	CACCGACA	2.23e-1	1.00e0	9.27e2	275	206	206	206	6	10	4.85	6	2.91
768	data/reference/motifs/JASPAR2026_CORE_plants_non-redundant_pfms_meme.txt	MA1264.2	ERF095	RYGGCGGCGGHGG	3.93e-1	1.00e0	9.27e2	83	206	206	206	3	8	3.88	6	2.91
769	data/reference/motifs/JASPAR2026_CORE_plants_non-redundant_pfms_meme.txt	MA1263.2	ERF055	KGKCGGTGG	5.00e-1	1.00e0	9.27e2	166	206	206	206	3	11	5.34	10	4.85
770	data/reference/motifs/JASPAR2026_CORE_plants_non-redundant_pfms_meme.txt	MA1262.2	ERF2	CCDCCGCCGCCRY	4.56e-1	1.00e0	9.27e2	110	206	206	206	1	56	27.18	54	26.21
771	data/reference/motifs/JASPAR2026_CORE_plants_non-redundant_pfms_meme.txt	MA1261.2	ERF122	TRCGGCKGHG	5.50e-1	1.00e0	9.27e2	275	206	206	206	3	40	19.42	40	19.42
772	data/reference/motifs/JASPAR2026_CORE_plants_non-redundant_pfms_meme.txt	MA1259.2	ERF023	TGTCGGTGR	5.73e-1	1.00e0	9.27e2	112	206	206	206	2	16	7.77	16	7.77
773	data/reference/motifs/JASPAR2026_CORE_plants_non-redundant_pfms_meme.txt	MA1258.2	DREB2A	AWGKCGGTG	5.00e-1	1.00e0	9.27e2	175	206	206	206	4	5	2.43	4	1.94
774	data/reference/motifs/JASPAR2026_CORE_plants_non-redundant_pfms_meme.txt	MA1256.2	RAP2-12	DRYGGCGGCGG	5.00e-1	1.00e0	9.27e2	111	206	206	206	1	56	27.18	55	26.70
775	data/reference/motifs/JASPAR2026_CORE_plants_non-redundant_pfms_meme.txt	MA1253.2	ERF036	TGTCGGTG	3.62e-1	1.00e0	9.27e2	274	206	206	206	6	5	2.43	3	1.46
776	data/reference/motifs/JASPAR2026_CORE_plants_non-redundant_pfms_meme.txt	MA1252.2	ERF086	CCKCCGCCGY	6.38e-1	1.00e0	9.27e2	107	206	206	206	4	4	1.94	4	1.94
777	data/reference/motifs/JASPAR2026_CORE_plants_non-redundant_pfms_meme.txt	MA1251.2	RAP2-9	CACCGACAW	8.28e-1	1.00e0	9.27e2	112	206	206	206	2	13	6.31	17	8.25
778	data/reference/motifs/JASPAR2026_CORE_plants_non-redundant_pfms_meme.txt	MA1250.2	DREB2D	CCDCCDCCACCGCC	3.65e-1	1.00e0	9.27e2	153	206	206	206	3	20	9.71	17	8.25
779	data/reference/motifs/JASPAR2026_CORE_plants_non-redundant_pfms_meme.txt	MA1248.2	ERF012	CCACCGMC	3.49e-1	1.00e0	9.27e2	197	206	206	206	2	38	18.45	34	16.50
780	data/reference/motifs/JASPAR2026_CORE_plants_non-redundant_pfms_meme.txt	MA1247.2	ERF087	GRCGGCGGMG	5.00e-1	1.00e0	9.27e2	87	206	206	206	9	1	0.49	0	0.00
781	data/reference/motifs/JASPAR2026_CORE_plants_non-redundant_pfms_meme.txt	MA1246.2	LEP	CKCCGCCGYC	3.62e-1	1.00e0	9.27e2	143	206	206	206	5	5	2.43	3	1.46
782	data/reference/motifs/JASPAR2026_CORE_plants_non-redundant_pfms_meme.txt	MA1245.3	ERF112	CCGCCGCCR	1.88e-1	1.00e0	9.27e2	210	206	206	206	1	110	53.40	100	48.54
783	data/reference/motifs/JASPAR2026_CORE_plants_non-redundant_pfms_meme.txt	MA1243.2	DREB2E	MACCGACWTW	5.00e-1	1.00e0	9.27e2	115	206	206	206	3	5	2.43	4	1.94
784	data/reference/motifs/JASPAR2026_CORE_plants_non-redundant_pfms_meme.txt	MA1240.2	ERF077	CCGCCGCCRY	5.55e-1	1.00e0	9.27e2	145	206	206	206	2	30	14.56	30	14.56
785	data/reference/motifs/JASPAR2026_CORE_plants_non-redundant_pfms_meme.txt	MA1239.2	ERF104	CCDCCDCCGCCGCCRY	6.25e-1	1.00e0	9.27e2	75	206	206	206	3	5	2.43	5	2.43
786	data/reference/motifs/JASPAR2026_CORE_plants_non-redundant_pfms_meme.txt	MA1234.2	ERF017	TGGWCGGTG	3.46e-1	1.00e0	9.27e2	208	206	206	206	3	15	7.28	12	5.83
787	data/reference/motifs/JASPAR2026_CORE_plants_non-redundant_pfms_meme.txt	MA1233.3	ERF021	CGCCGACA	1.97e-1	1.00e0	9.27e2	322	206	206	206	6	22	10.68	16	7.77
788	data/reference/motifs/JASPAR2026_CORE_plants_non-redundant_pfms_meme.txt	MA1232.2	ERF054	GDCGGYGG	3.07e-1	1.00e0	9.27e2	266	206	206	206	3	41	19.90	36	17.48
789	data/reference/motifs/JASPAR2026_CORE_plants_non-redundant_pfms_meme.txt	MA1231.3	ERF15	MGCCGCCD	5.39e-1	1.00e0	9.27e2	210	206	206	206	1	105	50.97	105	50.97
790	data/reference/motifs/JASPAR2026_CORE_plants_non-redundant_pfms_meme.txt	MA1230.2	ERF037	YCACCGACA	6.75e-1	1.00e0	9.27e2	103	206	206	206	1	50	24.27	53	25.73
791	data/reference/motifs/JASPAR2026_CORE_plants_non-redundant_pfms_meme.txt	MA1229.2	ERF034	TGTCGGTGR	6.88e-1	1.00e0	9.27e2	126	206	206	206	4	2	0.97	2	0.97
792	data/reference/motifs/JASPAR2026_CORE_plants_non-redundant_pfms_meme.txt	MA1228.2	ERF091	RYGGCGGCGGHGG	5.00e-1	1.00e0	9.27e2	67	206	206	206	3	5	2.43	4	1.94
793	data/reference/motifs/JASPAR2026_CORE_plants_non-redundant_pfms_meme.txt	MA1227.3	ERF027	RCCGACA	5.00e-1	1.00e0	9.27e2	344	206	206	206	11	2	0.97	1	0.49
794	data/reference/motifs/JASPAR2026_CORE_plants_non-redundant_pfms_meme.txt	MA1226.2	DREB2G	GGHGGAGGCGGTGG	3.03e-1	1.00e0	9.27e2	146	206	206	206	1	76	36.89	70	33.98
795	data/reference/motifs/JASPAR2026_CORE_plants_non-redundant_pfms_meme.txt	MA1223.2	ERF035	TGTCGGTGG	6.57e-1	1.00e0	9.27e2	58	206	206	206	2	3	1.46	3	1.46
796	data/reference/motifs/JASPAR2026_CORE_plants_non-redundant_pfms_meme.txt	MA1220.2	TINY	YCACCGACA	5.00e-1	1.00e0	9.27e2	138	206	206	206	4	3	1.46	2	0.97
797	data/reference/motifs/JASPAR2026_CORE_plants_non-redundant_pfms_meme.txt	MA1219.3	ERF011	CACCGAC	3.37e-1	1.00e0	9.27e2	323	206	206	206	3	69	33.50	64	31.07
798	data/reference/motifs/JASPAR2026_CORE_plants_non-redundant_pfms_meme.txt	MA1218.2	DREB1D	ATGTCGGY	6.24e-1	1.00e0	9.27e2	123	206	206	206	2	22	10.68	23	11.17
799	data/reference/motifs/JASPAR2026_CORE_plants_non-redundant_pfms_meme.txt	MA1010.2	PHYPADRAFT_64121	TGTCGGTA	1.01e-1	1.00e0	9.27e2	401	206	206	206	10	11	5.34	5	2.43
800	data/reference/motifs/JASPAR2026_CORE_plants_non-redundant_pfms_meme.txt	MA1008.2	PHYPADRAFT_182268	GTCGGTG	5.00e-1	1.00e0	9.27e2	74	206	206	206	3	1	0.49	0	0.00
801	data/reference/motifs/JASPAR2026_CORE_plants_non-redundant_pfms_meme.txt	MA1005.3	ERF082	CCGCCGCCR	3.11e-1	1.00e0	9.27e2	196	206	206	206	1	101	49.03	95	46.12
802	data/reference/motifs/JASPAR2026_CORE_plants_non-redundant_pfms_meme.txt	MA1004.2	ERF13	SGCCGCC	3.50e-1	1.00e0	9.27e2	209	206	206	206	5	16	7.77	13	6.31
803	data/reference/motifs/JASPAR2026_CORE_plants_non-redundant_pfms_meme.txt	MA1001.4	ERF076	CCGCCGCCRC	3.46e-1	1.00e0	9.27e2	193	206	206	206	1	99	48.06	94	45.63
804	data/reference/motifs/JASPAR2026_CORE_plants_non-redundant_pfms_meme.txt	MA1000.3	ERF105	RYGGCGGCGG	3.40e-1	1.00e0	9.27e2	89	206	206	206	2	14	6.80	11	5.34
805	data/reference/motifs/JASPAR2026_CORE_plants_non-redundant_pfms_meme.txt	MA0998.2	ERF096	GCCGCC	2.11e-1	1.00e0	9.27e2	393	206	206	206	8	87	42.23	78	37.86
806	data/reference/motifs/JASPAR2026_CORE_plants_non-redundant_pfms_meme.txt	MA0995.3	ERF039	RCCGACA	5.00e-1	1.00e0	9.27e2	368	206	206	206	10	4	1.94	3	1.46
807	data/reference/motifs/JASPAR2026_CORE_plants_non-redundant_pfms_meme.txt	MA0993.2	ERF7	GCCG	1.06e-1	1.00e0	9.27e2	411	206	206	206	16	142	68.93	129	62.62
808	data/reference/motifs/JASPAR2026_CORE_plants_non-redundant_pfms_meme.txt	MA0992.3	ERF4	CCGCCGYCA	2.04e-1	1.00e0	9.27e2	185	206	206	206	2	50	24.27	42	20.39
809	data/reference/motifs/JASPAR2026_CORE_plants_non-redundant_pfms_meme.txt	MA0980.3	RAP2-10	RCCGACA	2.49e-1	1.00e0	9.27e2	324	206	206	206	9	2	0.97	0	0.00
810	data/reference/motifs/JASPAR2026_CORE_plants_non-redundant_pfms_meme.txt	MA0976.3	CRF4	CCGCCGCCRC	3.62e-1	1.00e0	9.27e2	177	206	206	206	7	5	2.43	3	1.46
811	data/reference/motifs/JASPAR2026_CORE_plants_non-redundant_pfms_meme.txt	MA0971.2	DREB1A	ATGTCGGY	5.00e-1	1.00e0	9.27e2	318	206	206	206	4	36	17.48	35	16.99
812	data/reference/motifs/JASPAR2026_CORE_plants_non-redundant_pfms_meme.txt	MA1377.2	PLT1	KGCACGVWTHYCGAGR	5.00e-1	1.00e0	9.27e2	121	206	206	206	2	9	4.37	8	3.88
813	data/reference/motifs/JASPAR2026_CORE_plants_non-redundant_pfms_meme.txt	MA1376.2	DEAR3	CRCCGMC	1.50e-1	1.00e0	9.27e2	404	206	206	206	5	141	68.45	130	63.11
814	data/reference/motifs/JASPAR2026_CORE_plants_non-redundant_pfms_meme.txt	MA2445.1	SPL4D	GGTACTACCGCT	1.92e-1	1.00e0	9.27e2	213	206	206	206	3	21	10.19	15	7.28
815	data/reference/motifs/JASPAR2026_CORE_plants_non-redundant_pfms_meme.txt	MA2444.1	SPL4A	GCGGTASTACCGC	5.00e-1	1.00e0	9.27e2	53	206	206	206	1	27	13.11	26	12.62
816	data/reference/motifs/JASPAR2026_CORE_plants_non-redundant_pfms_meme.txt	MA2441.1	SPL3A	AGCGGTACTACC	2.77e-1	1.00e0	9.27e2	203	206	206	206	1	105	50.97	98	47.57
817	data/reference/motifs/JASPAR2026_CORE_plants_non-redundant_pfms_meme.txt	MA2428.1	SPL13B	GCGGTASTACCGC	7.04e-1	1.00e0	9.27e2	34	206	206	206	1	16	7.77	18	8.74
818	data/reference/motifs/JASPAR2026_CORE_plants_non-redundant_pfms_meme.txt	MA2424.1	OsbZIP77	TGCCACGTCABC	5.00e-1	1.00e0	9.27e2	103	206	206	206	5	1	0.49	0	0.00
819	data/reference/motifs/JASPAR2026_CORE_plants_non-redundant_pfms_meme.txt	MA2423.1	OsbZIP69	GMTGACGTGGCA	6.35e-1	1.00e0	9.27e2	100	206	206	206	1	49	23.79	51	24.76
820	data/reference/motifs/JASPAR2026_CORE_plants_non-redundant_pfms_meme.txt	MA2420.1	SBP6	AAGTACAA	1.67e-1	1.00e0	9.27e2	409	206	206	206	9	35	16.99	27	13.11
821	data/reference/motifs/JASPAR2026_CORE_plants_non-redundant_pfms_meme.txt	MA2419.1	UB3	GAAGTACAAC	2.85e-1	1.00e0	9.27e2	403	206	206	206	2	193	93.69	189	91.75
822	data/reference/motifs/JASPAR2026_CORE_plants_non-redundant_pfms_meme.txt	MA2417.1	EREB71	CACCGVCYMC	2.25e-1	1.00e0	9.27e2	215	206	206	206	7	5	2.43	2	0.97
823	data/reference/motifs/JASPAR2026_CORE_plants_non-redundant_pfms_meme.txt	MA2416.1	EREB29	GCCGCCGCCC	5.00e-1	1.00e0	9.27e2	152	206	206	206	4	10	4.85	9	4.37
824	data/reference/motifs/JASPAR2026_CORE_plants_non-redundant_pfms_meme.txt	MA2415.1	EREB138	CMGCCGCCAT	3.20e-1	1.00e0	9.27e2	254	206	206	206	6	11	5.34	8	3.88
825	data/reference/motifs/JASPAR2026_CORE_plants_non-redundant_pfms_meme.txt	MA2414.1	EREB127	TGCCGACA	2.51e-1	1.00e0	9.27e2	247	206	206	206	6	6	2.91	3	1.46
826	data/reference/motifs/JASPAR2026_CORE_plants_non-redundant_pfms_meme.txt	MA2412.1	ZmbZIP72	GATGACATCA	2.45e-1	1.00e0	9.27e2	373	206	206	206	3	105	50.97	97	47.09
827	data/reference/motifs/JASPAR2026_CORE_plants_non-redundant_pfms_meme.txt	MA2411.1	ZmbZIP57	ATGATGTCAT	5.00e-1	1.00e0	9.27e2	395	206	206	206	12	1	0.49	0	0.00
828	data/reference/motifs/JASPAR2026_CORE_plants_non-redundant_pfms_meme.txt	MA2410.1	ZmbZIP54	TGACGTCA	1.69e-1	1.00e0	9.27e2	359	206	206	206	12	7	3.40	3	1.46
829	data/reference/motifs/JASPAR2026_CORE_plants_non-redundant_pfms_meme.txt	MA2409.1	ZmbZIP25	GATGACATCA	3.04e-1	1.00e0	9.27e2	380	206	206	206	4	77	37.38	71	34.47
830	data/reference/motifs/JASPAR2026_CORE_plants_non-redundant_pfms_meme.txt	MA2408.1	BAD1	CCGGGCCCCSVC	5.00e-1	1.00e0	9.27e2	86	206	206	206	7	4	1.94	3	1.46
831	data/reference/motifs/JASPAR2026_CORE_plants_non-redundant_pfms_meme.txt	MA2407.1	PK24978.1	CACGTGT	2.49e-1	1.00e0	9.27e2	412	206	206	206	4	206	100.00	204	99.03
832	data/reference/motifs/JASPAR2026_CORE_plants_non-redundant_pfms_meme.txt	MA2404.1	OsTRBF3	WRMCCTA	2.49e-1	1.00e0	9.27e2	412	206	206	206	29	2	0.97	0	0.00
833	data/reference/motifs/JASPAR2026_CORE_plants_non-redundant_pfms_meme.txt	MA2403.1	DVH24_040989	TTAACC	1.42e-1	1.00e0	9.27e2	412	206	206	206	28	149	72.33	138	66.99
834	data/reference/motifs/JASPAR2026_CORE_plants_non-redundant_pfms_meme.txt	MA2402.1	OsERF104	GCCGY	3.74e-1	1.00e0	9.27e2	408	206	206	206	5	145	70.39	141	68.45
835	data/reference/motifs/JASPAR2026_CORE_plants_non-redundant_pfms_meme.txt	MA2398.1	AS2	CGGCGGMRRHDRCGGCGG	7.51e-1	1.00e0	9.27e2	69	206	206	206	9	1	0.49	1	0.49
836	data/reference/motifs/JASPAR2026_CORE_plants_non-redundant_pfms_meme.txt	MA2396.1	IDD1	TTTTGTCGTTTT	3.82e-1	1.00e0	9.27e2	240	206	206	206	1	122	59.22	118	57.28
837	data/reference/motifs/JASPAR2026_CORE_plants_non-redundant_pfms_meme.txt	MA2395.1	PHYPA_011264	CACCGACM	6.88e-1	1.00e0	9.27e2	169	206	206	206	4	2	0.97	2	0.97
838	data/reference/motifs/JASPAR2026_CORE_plants_non-redundant_pfms_meme.txt	MA2392.1	GRMZM2G135447	TGACRKS	8.74e-2	1.00e0	9.27e2	407	206	206	206	15	7	3.40	2	0.97
839	data/reference/motifs/JASPAR2026_CORE_plants_non-redundant_pfms_meme.txt	MA2389.1	GBF1	ACGTGKM	1.83e-1	1.00e0	9.27e2	412	206	206	206	9	158	76.70	149	72.33
840	data/reference/motifs/JASPAR2026_CORE_plants_non-redundant_pfms_meme.txt	MA2388.1	GATA1	AGATCTRRWT	2.89e-1	1.00e0	9.27e2	302	206	206	206	1	154	74.76	148	71.84
841	data/reference/motifs/JASPAR2026_CORE_plants_non-redundant_pfms_meme.txt	MA2386.1	estExt_gwp_gw1.C_550163	CACCGAC	5.00e-1	1.00e0	9.27e2	74	206	206	206	3	1	0.49	0	0.00
842	data/reference/motifs/JASPAR2026_CORE_plants_non-redundant_pfms_meme.txt	MA2384.1	estExt_Genewise1.C_2060077	SACGTGK	3.28e-1	1.00e0	9.27e2	232	206	206	206	6	12	5.83	9	4.37
843	data/reference/motifs/JASPAR2026_CORE_plants_non-redundant_pfms_meme.txt	MA2382.1	e_gw1.209.40.1	CACGTG	1.24e-1	1.00e0	9.27e2	395	206	206	206	26	3	1.46	0	0.00
844	data/reference/motifs/JASPAR2026_CORE_plants_non-redundant_pfms_meme.txt	MA2376.1	CAMTA5	CGYGTNDDAWVCGYGT	1.98e-1	1.00e0	9.27e2	236	206	206	206	3	47	22.82	39	18.93
845	data/reference/motifs/JASPAR2026_CORE_plants_non-redundant_pfms_meme.txt	MA2375.1	BMY2	SRCACGTGTGR	7.51e-1	1.00e0	9.27e2	79	206	206	206	6	1	0.49	1	0.49
846	data/reference/motifs/JASPAR2026_CORE_plants_non-redundant_pfms_meme.txt	MA2374.1	AHL13	ATATAATT	3.05e-1	1.00e0	9.27e2	412	206	206	206	33	189	91.75	185	89.81
847	data/reference/motifs/JASPAR2026_CORE_plants_non-redundant_pfms_meme.txt	MA2370.1	MBD2	AGCTD	1.14e-1	1.00e0	9.27e2	412	206	206	206	20	200	97.09	194	94.17
848	data/reference/motifs/JASPAR2026_CORE_plants_non-redundant_pfms_meme.txt	MA2367.1	WIP5	ACCTGGAGAAMAW	4.05e-1	1.00e0	9.27e2	400	206	206	206	7	46	22.33	43	20.87
849	data/reference/motifs/JASPAR2026_CORE_plants_non-redundant_pfms_meme.txt	MA2366.1	VOZ2	GCGT	3.20e-1	1.00e0	9.27e2	412	206	206	206	12	198	96.12	195	94.66
850	data/reference/motifs/JASPAR2026_CORE_plants_non-redundant_pfms_meme.txt	MA2365.1	VIT_17s0000g10420	GTTAACYV	7.06e-1	1.00e0	9.27e2	313	206	206	206	3	58	28.16	62	30.10
851	data/reference/motifs/JASPAR2026_CORE_plants_non-redundant_pfms_meme.txt	MA2360.1	PK28565.1	TAACBGTC	2.76e-1	1.00e0	9.27e2	407	206	206	206	5	95	46.12	88	42.72
852	data/reference/motifs/JASPAR2026_CORE_plants_non-redundant_pfms_meme.txt	MA2359.1	PK23829.1	TTATCCR	5.00e-1	1.00e0	9.27e2	368	206	206	206	5	25	12.14	24	11.65
853	data/reference/motifs/JASPAR2026_CORE_plants_non-redundant_pfms_meme.txt	MA2353.1	PK02532.1	WAATATCT	3.03e-1	1.00e0	9.27e2	339	206	206	206	1	172	83.50	167	81.07
854	data/reference/motifs/JASPAR2026_CORE_plants_non-redundant_pfms_meme.txt	MA2349.1	OsCCA1	AATATCT	1.43e-1	1.00e0	9.27e2	412	206	206	206	32	38	18.45	29	14.08
855	data/reference/motifs/JASPAR2026_CORE_plants_non-redundant_pfms_meme.txt	MA2348.1	IDD6	TTTTTGTCGTTTTSTK	5.00e-1	1.00e0	9.27e2	211	206	206	206	3	16	7.77	15	7.28
856	data/reference/motifs/JASPAR2026_CORE_plants_non-redundant_pfms_meme.txt	MA2347.1	OS04G0486400	TAACC	1.38e-1	1.00e0	9.27e2	412	206	206	206	46	152	73.79	141	68.45
857	data/reference/motifs/JASPAR2026_CORE_plants_non-redundant_pfms_meme.txt	MA2106.1	Zm00001d024644	CCTTATCC	3.55e-1	1.00e0	9.27e2	411	206	206	206	3	192	93.20	189	91.75
858	data/reference/motifs/JASPAR2026_CORE_plants_non-redundant_pfms_meme.txt	MA2104.1	IDD11	AAAACGACAAAA	5.00e-1	1.00e0	9.27e2	308	206	206	206	6	2	0.97	1	0.49
859	data/reference/motifs/JASPAR2026_CORE_plants_non-redundant_pfms_meme.txt	MA1800.1	TEM1	GCAACATA	5.41e-1	1.00e0	9.27e2	379	206	206	206	4	71	34.47	71	34.47
860	data/reference/motifs/JASPAR2026_CORE_plants_non-redundant_pfms_meme.txt	MA1797.1	RAV2	GCAACATA	2.49e-1	1.00e0	9.27e2	240	206	206	206	5	2	0.97	0	0.00
861	data/reference/motifs/JASPAR2026_CORE_plants_non-redundant_pfms_meme.txt	MA1789.1	NAC071	CTTSWHYYTCAMGYA	2.96e-1	1.00e0	9.27e2	206	206	206	206	3	19	9.22	15	7.28
862	data/reference/motifs/JASPAR2026_CORE_plants_non-redundant_pfms_meme.txt	MA1783.1	NAC005	TWRCTTVTTYHAYAAGTTW	6.25e-1	1.00e0	9.27e2	92	206	206	206	3	5	2.43	5	2.43
863	data/reference/motifs/JASPAR2026_CORE_plants_non-redundant_pfms_meme.txt	MA1687.1	ARF14	CGGGGGACAYGTCGGG	8.15e-1	1.00e0	9.27e2	51	206	206	206	1	23	11.17	28	13.59
864	data/reference/motifs/JASPAR2026_CORE_plants_non-redundant_pfms_meme.txt	MA2092.1	PK27149.1	TGACGTGK	3.76e-1	1.00e0	9.27e2	278	206	206	206	1	141	68.45	137	66.50
865	data/reference/motifs/JASPAR2026_CORE_plants_non-redundant_pfms_meme.txt	MA2091.1	PK27109.1	GACAGCTG	2.43e-1	1.00e0	9.27e2	327	206	206	206	4	52	25.24	45	21.84
866	data/reference/motifs/JASPAR2026_CORE_plants_non-redundant_pfms_meme.txt	MA2088.1	PK24580.1	GCCGGCA	5.00e-1	1.00e0	9.27e2	53	206	206	206	5	2	0.97	1	0.49
867	data/reference/motifs/JASPAR2026_CORE_plants_non-redundant_pfms_meme.txt	MA2087.1	PK24205.1	CACGTGKC	5.00e-1	1.00e0	9.27e2	137	206	206	206	4	3	1.46	2	0.97
868	data/reference/motifs/JASPAR2026_CORE_plants_non-redundant_pfms_meme.txt	MA2086.1	PK23964.1	KCCACGT	2.85e-1	1.00e0	9.27e2	411	206	206	206	4	193	93.69	189	91.75
869	data/reference/motifs/JASPAR2026_CORE_plants_non-redundant_pfms_meme.txt	MA2082.1	PK20392.1	AATMAT	3.46e-1	1.00e0	9.27e2	412	206	206	206	74	15	7.28	12	5.83
870	data/reference/motifs/JASPAR2026_CORE_plants_non-redundant_pfms_meme.txt	MA2080.1	PK20225.1	CACGTG	1.30e-1	1.00e0	9.27e2	412	206	206	206	4	202	98.06	197	95.63
871	data/reference/motifs/JASPAR2026_CORE_plants_non-redundant_pfms_meme.txt	MA2076.1	PK18401.1	GCACGTGG	3.45e-1	1.00e0	9.27e2	326	206	206	206	2	123	59.71	118	57.28
872	data/reference/motifs/JASPAR2026_CORE_plants_non-redundant_pfms_meme.txt	MA2075.1	PK18009.1	ACACGTG	1.17e-1	1.00e0	9.27e2	409	206	206	206	6	121	58.74	108	52.43
873	data/reference/motifs/JASPAR2026_CORE_plants_non-redundant_pfms_meme.txt	MA2074.1	PK17878.1	CGCCGCCA	4.57e-1	1.00e0	9.27e2	120	206	206	206	1	61	29.61	59	28.64
874	data/reference/motifs/JASPAR2026_CORE_plants_non-redundant_pfms_meme.txt	MA2072.1	PK16335.1	GACAGCTG	3.84e-1	1.00e0	9.27e2	375	206	206	206	3	111	53.88	107	51.94
875	data/reference/motifs/JASPAR2026_CORE_plants_non-redundant_pfms_meme.txt	MA2068.1	PK10344.1	GGGACCAC	5.00e-1	1.00e0	9.27e2	89	206	206	206	1	45	21.84	44	21.36
876	data/reference/motifs/JASPAR2026_CORE_plants_non-redundant_pfms_meme.txt	MA2066.1	PK09021.1	TGACGTCA	7.13e-1	1.00e0	9.27e2	59	206	206	206	1	28	13.59	31	15.05
877	data/reference/motifs/JASPAR2026_CORE_plants_non-redundant_pfms_meme.txt	MA2065.1	PK08602.1	CCACCGCC	8.36e-1	1.00e0	9.27e2	28	206	206	206	1	12	5.83	16	7.77
878	data/reference/motifs/JASPAR2026_CORE_plants_non-redundant_pfms_meme.txt	MA2063.1	PK07402.1	RCCGMC	5.00e-1	1.00e0	9.27e2	398	206	206	206	2	186	90.29	185	89.81
879	data/reference/motifs/JASPAR2026_CORE_plants_non-redundant_pfms_meme.txt	MA2056.1	PK01144.1	CTTT	1.49e-1	1.00e0	9.27e2	412	206	206	206	113	142	68.93	131	63.59
880	data/reference/motifs/JASPAR2026_CORE_plants_non-redundant_pfms_meme.txt	MA1380.1	TCX6	WTTTAAATTTTTWAA	1.46e-1	1.00e0	9.27e2	388	206	206	206	1	197	95.63	191	92.72
881	data/reference/motifs/JASPAR2026_CORE_plants_non-redundant_pfms_meme.txt	MA1379.1	SOL1	WTTWAAAATTTAAAW	5.00e-1	1.00e0	9.27e2	373	206	206	206	1	187	90.78	186	90.29
882	data/reference/motifs/JASPAR2026_CORE_plants_non-redundant_pfms_meme.txt	MA1373.1	GAF1	HABWAAACGACAAAA	5.00e-1	1.00e0	9.27e2	234	206	206	206	9	1	0.49	0	0.00
883	data/reference/motifs/JASPAR2026_CORE_plants_non-redundant_pfms_meme.txt	MA1348.1	TGA9	GMTGACGTCAY	7.65e-1	1.00e0	9.27e2	87	206	206	206	1	41	19.90	46	22.33
884	data/reference/motifs/JASPAR2026_CORE_plants_non-redundant_pfms_meme.txt	MA1335.1	TGA4	TGACGTCAKCA	3.10e-1	1.00e0	9.27e2	228	206	206	206	1	117	56.80	111	53.88
885	data/reference/motifs/JASPAR2026_CORE_plants_non-redundant_pfms_meme.txt	MA1328.1	ZHD9	WTWAWHNVYTAATYA	2.37e-1	1.00e0	9.27e2	408	206	206	206	5	135	65.53	127	61.65
886	data/reference/motifs/JASPAR2026_CORE_plants_non-redundant_pfms_meme.txt	MA1309.1	WRKY3	AAAAGTCAACG	2.08e-1	1.00e0	9.27e2	250	206	206	206	4	9	4.37	5	2.43
887	data/reference/motifs/JASPAR2026_CORE_plants_non-redundant_pfms_meme.txt	MA1242.1	DREB2F	CCDCCACCGCC	6.27e-1	1.00e0	9.27e2	122	206	206	206	1	60	29.13	62	30.10
888	data/reference/motifs/JASPAR2026_CORE_plants_non-redundant_pfms_meme.txt	MA1235.1	AIL7	CGNWTYYCGAG	1.97e-1	1.00e0	9.27e2	370	206	206	206	4	68	33.01	59	28.64
889	data/reference/motifs/JASPAR2026_CORE_plants_non-redundant_pfms_meme.txt	MA1225.1	ERF5	CCDCCGCCGCCGCCR	5.49e-1	1.00e0	9.27e2	82	206	206	206	1	41	19.90	41	19.90
890	data/reference/motifs/JASPAR2026_CORE_plants_non-redundant_pfms_meme.txt	MA1222.1	ERF014	CCDCCDCCACCGMCA	4.12e-1	1.00e0	9.27e2	109	206	206	206	1	56	27.18	53	25.73
891	data/reference/motifs/JASPAR2026_CORE_plants_non-redundant_pfms_meme.txt	MA1221.1	RAP2-6	TKGCGGCGGMGGHGG	7.04e-1	1.00e0	9.27e2	76	206	206	206	2	16	7.77	18	8.74
892	data/reference/motifs/JASPAR2026_CORE_plants_non-redundant_pfms_meme.txt	MA1162.1	TCX2	WTTYAAAATTYAAAW	2.49e-1	1.00e0	9.27e2	374	206	206	206	15	2	0.97	0	0.00
893	data/reference/motifs/JASPAR2026_CORE_plants_non-redundant_pfms_meme.txt	MA1161.1	TSO1	WWTTWAAAATTTAAA	2.35e-1	1.00e0	9.27e2	394	206	206	206	1	199	96.60	195	94.66
894	data/reference/motifs/JASPAR2026_CORE_plants_non-redundant_pfms_meme.txt	MA1098.1	ARALYDRAFT_484486	GGSCCCAC	2.87e-1	1.00e0	9.27e2	190	206	206	206	4	8	3.88	5	2.43
895	data/reference/motifs/JASPAR2026_CORE_plants_non-redundant_pfms_meme.txt	MA1097.1	ARALYDRAFT_493022	GGSMCCAC	2.13e-1	1.00e0	9.27e2	177	206	206	206	1	93	45.15	84	40.78
896	data/reference/motifs/JASPAR2026_CORE_plants_non-redundant_pfms_meme.txt	MA1095.1	ARALYDRAFT_495258	GGSCCCAC	2.87e-1	1.00e0	9.27e2	190	206	206	206	4	8	3.88	5	2.43
897	data/reference/motifs/JASPAR2026_CORE_plants_non-redundant_pfms_meme.txt	MA1091.1	WRKY62	TGGTCAAC	5.00e-1	1.00e0	9.27e2	308	206	206	206	6	1	0.49	0	0.00
898	data/reference/motifs/JASPAR2026_CORE_plants_non-redundant_pfms_meme.txt	MA1080.1	WRKY23	AGTCAACG	3.75e-1	1.00e0	9.27e2	265	206	206	206	4	6	2.91	4	1.94
899	data/reference/motifs/JASPAR2026_CORE_plants_non-redundant_pfms_meme.txt	MA1075.1	WRKY12	CGTTGACC	3.62e-1	1.00e0	9.27e2	404	206	206	206	10	5	2.43	3	1.46
900	data/reference/motifs/JASPAR2026_CORE_plants_non-redundant_pfms_meme.txt	MA1067.1	TCP5	GGGACCAC	3.80e-1	1.00e0	9.27e2	154	206	206	206	1	79	38.35	75	36.41
901	data/reference/motifs/JASPAR2026_CORE_plants_non-redundant_pfms_meme.txt	MA1053.1	ERF109	GCGCCGCC	1.99e-1	1.00e0	9.27e2	187	206	206	206	3	33	16.02	26	12.62
902	data/reference/motifs/JASPAR2026_CORE_plants_non-redundant_pfms_meme.txt	MA1046.1	NTL9	TTAAGTAAT	6.50e-1	1.00e0	9.27e2	264	206	206	206	4	14	6.80	15	7.28
903	data/reference/motifs/JASPAR2026_CORE_plants_non-redundant_pfms_meme.txt	MA1035.1	TCP4	GGGACCAC	6.92e-1	1.00e0	9.27e2	166	206	206	206	1	81	39.32	85	41.26
904	data/reference/motifs/JASPAR2026_CORE_plants_non-redundant_pfms_meme.txt	MA1034.1	Os05g0497200	CGSCGCCR	6.89e-1	1.00e0	9.27e2	59	206	206	206	2	8	3.88	9	4.37
905	data/reference/motifs/JASPAR2026_CORE_plants_non-redundant_pfms_meme.txt	MA1023.1	PHYPADRAFT_28324	KGTCGGTG	5.00e-1	1.00e0	9.27e2	73	206	206	206	3	1	0.49	0	0.00
906	data/reference/motifs/JASPAR2026_CORE_plants_non-redundant_pfms_meme.txt	MA1020.1	GT-1	GTTAACCA	1.86e-1	1.00e0	9.27e2	369	206	206	206	9	4	1.94	1	0.49
907	data/reference/motifs/JASPAR2026_CORE_plants_non-redundant_pfms_meme.txt	MA1014.1	GATA11	TAGATCTG	4.20e-1	1.00e0	9.27e2	141	206	206	206	4	14	6.80	12	5.83
908	data/reference/motifs/JASPAR2026_CORE_plants_non-redundant_pfms_meme.txt	MA1013.1	GATA10	TAGATCTG	4.31e-1	1.00e0	9.27e2	207	206	206	206	5	19	9.22	17	8.25
909	data/reference/motifs/JASPAR2026_CORE_plants_non-redundant_pfms_meme.txt	MA1009.1	ARF3	TGTCGGAA	2.17e-1	1.00e0	9.27e2	341	206	206	206	1	174	84.47	167	81.07
910	data/reference/motifs/JASPAR2026_CORE_plants_non-redundant_pfms_meme.txt	MA0986.1	DREB2C	CACCGACA	2.49e-1	1.00e0	9.27e2	331	206	206	206	11	2	0.97	0	0.00
911	data/reference/motifs/JASPAR2026_CORE_plants_non-redundant_pfms_meme.txt	MA0978.1	DREB1E	ATGTCGGC	6.95e-1	1.00e0	9.27e2	190	206	206	206	2	36	17.48	39	18.93
912	data/reference/motifs/JASPAR2026_CORE_plants_non-redundant_pfms_meme.txt	MA0963.1	bHLH78	GCACGTGC	5.00e-1	1.00e0	9.27e2	172	206	206	206	4	33	16.02	32	15.53
913	data/reference/motifs/JASPAR2026_CORE_plants_non-redundant_pfms_meme.txt	MA0959.1	AIB	GCACGTGC	2.85e-1	1.00e0	9.27e2	166	206	206	206	6	17	8.25	13	6.31
914	data/reference/motifs/JASPAR2026_CORE_plants_non-redundant_pfms_meme.txt	MA0957.1	BHLH3	GCACGTGC	1.92e-1	1.00e0	9.27e2	293	206	206	206	2	151	73.30	142	68.93
915	data/reference/motifs/JASPAR2026_CORE_plants_non-redundant_pfms_meme.txt	MA0951.1	ATHB-16	TAATMATT	1.43e-1	1.00e0	9.27e2	401	206	206	206	4	165	80.10	155	75.24
916	data/reference/motifs/JASPAR2026_CORE_plants_non-redundant_pfms_meme.txt	MA0946.1	ARR11	AAGATACG	1.42e-1	1.00e0	9.27e2	386	206	206	206	8	6	2.91	2	0.97
917	data/reference/motifs/JASPAR2026_CORE_plants_non-redundant_pfms_meme.txt	MA0937.1	NAC055	ACACGTAA	3.75e-1	1.00e0	9.27e2	404	206	206	206	11	6	2.91	4	1.94
918	data/reference/motifs/JASPAR2026_CORE_plants_non-redundant_pfms_meme.txt	MA0934.1	AHL25	AWTTAAWT	1.74e-1	1.00e0	9.27e2	412	206	206	206	24	199	96.60	194	94.17
919	data/reference/motifs/JASPAR2026_CORE_plants_non-redundant_pfms_meme.txt	MA0933.1	AHL20	AATTAAWT	2.25e-1	1.00e0	9.27e2	412	206	206	206	10	204	99.03	201	97.57
920	data/reference/motifs/JASPAR2026_CORE_plants_non-redundant_pfms_meme.txt	MA0932.1	AHL12	AAWWWWTT	2.06e-1	1.00e0	9.27e2	412	206	206	206	122	79	38.35	70	33.98
921	data/reference/motifs/JASPAR2026_CORE_plants_non-redundant_pfms_meme.txt	MA0580.1	DYT1	MGTGAGWCACGTGA	8.04e-1	1.00e0	9.27e2	57	206	206	206	1	26	12.62	31	15.05
922	data/reference/motifs/JASPAR2026_CORE_plants_non-redundant_pfms_meme.txt	MA0567.1	ERF1B	MGCCGCCA	3.08e-1	1.00e0	9.27e2	246	206	206	206	1	126	61.17	120	58.25
923	data/reference/motifs/JASPAR2026_CORE_plants_non-redundant_pfms_meme.txt	MA0128.1	EmBP-1	ASACGTGG	1.28e-1	1.00e0	9.27e2	309	206	206	206	1	160	77.67	149	72.33
924	data/reference/motifs/JASPAR2026_CORE_plants_non-redundant_pfms_meme.txt	MA0123.1	abi4	CGSYGCCCCC	6.22e-1	1.00e0	9.27e2	262	206	206	206	5	23	11.17	24	11.65
925	data/reference/motifs/JASPAR2026_CORE_plants_non-redundant_pfms_meme.txt	MA0096.1	bZIP910	MTGACGT	3.66e-1	1.00e0	9.27e2	102	206	206	206	1	53	25.73	49	23.79
926	data/reference/motifs/JASPAR2026_CORE_plants_non-redundant_pfms_meme.txt	MA0021.1	Dof3	AAAGYV	2.09e-1	1.00e0	9.27e2	410	206	206	206	8	53	25.73	45	21.84
927	data/reference/motifs/JASPAR2026_CORE_plants_non-redundant_pfms_meme.txt	MA1352.1	TRP1	ACCCTAAACCCTAAACCCTAA	1.00e0	1.00e0	9.27e2	1	206	206	206	1	0	0.00	1	0.49

# AME (Analysis of Motif Enrichment): Version 5.5.9 compiled on May 27 2026 at 12:40:54
# The format of this file is described at https://meme-suite.org/meme/doc/ame-output-format.html.
# ame --verbose 1 --text --control results/evidence/motifs/inputs/backgrounds/1000/replicate_091.fa --method fisher --scoring totalhits --hit-lo-fraction 0.25 --evalue-report-threshold 1000000 --noseq results/evidence/motifs/inputs/frozen_candidates_1000bp.fa data/reference/motifs/JASPAR2026_CORE_plants_non-redundant_pfms_meme.txt
