2	data/reference/motifs/JASPAR2026_CORE_plants_non-redundant_pfms_meme.txt	MA2500.1	LSH3	TTACTGTTCAT	5.08e-5	1.96e-2	1.82e1	390	206	206	206	2	189	91.75	160	77.67
3	data/reference/motifs/JASPAR2026_CORE_plants_non-redundant_pfms_meme.txt	MA2453.1	SPL8B	ATAGTACTC	1.89e-4	6.17e-2	5.72e1	337	206	206	206	3	87	42.23	52	25.24
4	data/reference/motifs/JASPAR2026_CORE_plants_non-redundant_pfms_meme.txt	MA1182.2	RVE8	AGATATTTT	2.71e-4	7.54e-2	6.99e1	289	206	206	206	1	161	78.16	128	62.14
5	data/reference/motifs/JASPAR2026_CORE_plants_non-redundant_pfms_meme.txt	MA1288.2	TCP22	GTGGGHCCCAC	8.03e-4	8.01e-2	7.43e1	104	206	206	206	2	23	11.17	6	2.91
6	data/reference/motifs/JASPAR2026_CORE_plants_non-redundant_pfms_meme.txt	MA1403.1	BPC5	AGAGAGAGAGAGAGAGAGAGAGAGAGAGAG	1.79e-2	1.95e-1	1.81e2	12	206	206	206	1	10	4.85	2	0.97
7	data/reference/motifs/JASPAR2026_CORE_plants_non-redundant_pfms_meme.txt	MA1191.2	RVE7L	AAAATATCT	1.02e-3	2.51e-1	2.33e2	282	206	206	206	1	156	75.73	126	61.17
8	data/reference/motifs/JASPAR2026_CORE_plants_non-redundant_pfms_meme.txt	MA1065.3	TCP20	GTGGGWCCCAC	2.61e-3	2.78e-1	2.58e2	125	206	206	206	1	76	36.89	49	23.79
9	data/reference/motifs/JASPAR2026_CORE_plants_non-redundant_pfms_meme.txt	MA1062.3	TCP15	GTGGGWCCCAC	4.68e-3	4.37e-1	4.05e2	123	206	206	206	2	65	31.55	41	19.90
10	data/reference/motifs/JASPAR2026_CORE_plants_non-redundant_pfms_meme.txt	MA1058.2	SPL4	GTACG	1.50e-3	4.60e-1	4.26e2	412	206	206	206	35	126	61.17	95	46.12
11	data/reference/motifs/JASPAR2026_CORE_plants_non-redundant_pfms_meme.txt	MA2437.1	SPL19B	GCGGTASTACCGC	6.16e-2	4.70e-1	4.36e2	10	206	206	206	2	4	1.94	0	0.00
12	data/reference/motifs/JASPAR2026_CORE_plants_non-redundant_pfms_meme.txt	MA1404.1	BPC1	GAGAGAGAGAGAGAGAGAGAGAGA	1.51e-2	4.95e-1	4.59e2	45	206	206	206	14	6	2.91	0	0.00
13	data/reference/motifs/JASPAR2026_CORE_plants_non-redundant_pfms_meme.txt	MA1184.2	RVE1	WAAATATCT	1.91e-3	4.95e-1	4.59e2	358	206	206	206	3	103	50.00	73	35.44
14	data/reference/motifs/JASPAR2026_CORE_plants_non-redundant_pfms_meme.txt	MA1291.1	TCP7	GTGGGRCCCAC	7.73e-3	5.22e-1	4.83e2	95	206	206	206	2	20	9.71	7	3.40
15	data/reference/motifs/JASPAR2026_CORE_plants_non-redundant_pfms_meme.txt	MA2427.1	SPL12B	AGCGGTASTACCGC	2.22e-2	5.75e-1	5.33e2	38	206	206	206	2	13	6.31	4	1.94
16	data/reference/motifs/JASPAR2026_CORE_plants_non-redundant_pfms_meme.txt	MA2650.1	GLYMA-05G027400	GTGGGCCCCAC	6.88e-3	5.80e-1	5.37e2	126	206	206	206	1	75	36.41	51	24.76
17	data/reference/motifs/JASPAR2026_CORE_plants_non-redundant_pfms_meme.txt	MA1402.1	BPC6	CTCTCTCTCTCTCTCTCTCTC	1.85e-2	5.92e-1	5.49e2	48	206	206	206	10	8	3.88	1	0.49
18	data/reference/motifs/JASPAR2026_CORE_plants_non-redundant_pfms_meme.txt	MA2724.1	SlTCP18	GTGGGVCCCAC	5.65e-3	6.02e-1	5.58e2	163	206	206	206	2	79	38.35	54	26.21
19	data/reference/motifs/JASPAR2026_CORE_plants_non-redundant_pfms_meme.txt	MA0568.2	MYC3	CACGTG	2.48e-3	6.13e-1	5.68e2	382	206	206	206	6	136	66.02	107	51.94
20	data/reference/motifs/JASPAR2026_CORE_plants_non-redundant_pfms_meme.txt	MA2429.1	SPL13D	AGCGGTASTACCGCT	1.86e-1	6.43e-1	5.96e2	5	206	206	206	1	4	1.94	1	0.49
21	data/reference/motifs/JASPAR2026_CORE_plants_non-redundant_pfms_meme.txt	MA2448.1	SPL5D	AGCGGTASTACCGC	3.38e-2	6.68e-1	6.19e2	32	206	206	206	2	7	3.40	1	0.49
22	data/reference/motifs/JASPAR2026_CORE_plants_non-redundant_pfms_meme.txt	MA0965.3	BIM2	CACGTG	3.68e-3	6.69e-1	6.20e2	300	206	206	206	6	49	23.79	27	13.11
23	data/reference/motifs/JASPAR2026_CORE_plants_non-redundant_pfms_meme.txt	MA1799.2	SPL10	GTACGR	2.83e-3	6.70e-1	6.21e2	391	206	206	206	5	123	59.71	94	45.63
24	data/reference/motifs/JASPAR2026_CORE_plants_non-redundant_pfms_meme.txt	MA2659.1	GLYMA-08G281200	YTTGACTAATTAGGGTTWAKKGDT	6.76e-2	6.96e-1	6.45e2	17	206	206	206	1	12	5.83	5	2.43
25	data/reference/motifs/JASPAR2026_CORE_plants_non-redundant_pfms_meme.txt	MA1285.2	TCP9	GTGGGTCCCAC	2.04e-2	7.32e-1	6.79e2	64	206	206	206	1	40	19.42	24	11.65
26	data/reference/motifs/JASPAR2026_CORE_plants_non-redundant_pfms_meme.txt	MA2355.1	PK06791.1	GTACGG	3.25e-3	7.35e-1	6.82e2	409	206	206	206	6	166	80.58	141	68.45
27	data/reference/motifs/JASPAR2026_CORE_plants_non-redundant_pfms_meme.txt	MA1286.2	TCP24	GGGACCAC	8.95e-3	7.48e-1	6.93e2	154	206	206	206	2	35	16.99	18	8.74
28	data/reference/motifs/JASPAR2026_CORE_plants_non-redundant_pfms_meme.txt	MA1044.2	NAC92	RCAMGCCA	3.36e-3	7.49e-1	6.94e2	411	206	206	206	15	39	18.93	19	9.22
29	data/reference/motifs/JASPAR2026_CORE_plants_non-redundant_pfms_meme.txt	MA1750.1	E2FE	TTTTTGGCGGGAAAA	3.12e-1	7.75e-1	7.19e2	4	206	206	206	1	3	1.46	1	0.49
30	data/reference/motifs/JASPAR2026_CORE_plants_non-redundant_pfms_meme.txt	MA1732.1	E2FD	TTTTTGGCGGGAAAA	3.12e-1	7.75e-1	7.19e2	4	206	206	206	1	3	1.46	1	0.49
31	data/reference/motifs/JASPAR2026_CORE_plants_non-redundant_pfms_meme.txt	MA2651.1	GLYMA-20G154400	GGGCCCCAC	6.61e-3	7.76e-1	7.19e2	226	206	206	206	1	126	61.17	100	48.54
32	data/reference/motifs/JASPAR2026_CORE_plants_non-redundant_pfms_meme.txt	MA1282.2	TCP13	GTGGGGACCAC	2.30e-2	7.94e-1	7.36e2	68	206	206	206	1	42	20.39	26	12.62
33	data/reference/motifs/JASPAR2026_CORE_plants_non-redundant_pfms_meme.txt	MA1025.2	HBI1	GCACGTG	5.05e-3	7.95e-1	7.37e2	314	206	206	206	5	24	11.65	9	4.37
34	data/reference/motifs/JASPAR2026_CORE_plants_non-redundant_pfms_meme.txt	MA2498.1	LSH1	AAACAGTG	3.96e-3	8.04e-1	7.45e2	411	206	206	206	6	143	69.42	116	56.31
35	data/reference/motifs/JASPAR2026_CORE_plants_non-redundant_pfms_meme.txt	MA1057.2	SPL12	GTACGG	3.96e-3	8.04e-1	7.45e2	411	206	206	206	8	143	69.42	116	56.31
36	data/reference/motifs/JASPAR2026_CORE_plants_non-redundant_pfms_meme.txt	MA0939.1	NAC079	ACACGCAA	6.88e-3	8.20e-1	7.60e2	249	206	206	206	2	75	36.41	51	24.76
37	data/reference/motifs/JASPAR2026_CORE_plants_non-redundant_pfms_meme.txt	MA1185.2	LHY	AGATATTTT	5.48e-3	8.20e-1	7.60e2	313	206	206	206	1	168	81.55	145	70.39
38	data/reference/motifs/JASPAR2026_CORE_plants_non-redundant_pfms_meme.txt	MA2739.1	SlTCP12	GTGGGACCCAC	1.09e-2	8.37e-1	7.76e2	166	206	206	206	2	70	33.98	48	23.30
39	data/reference/motifs/JASPAR2026_CORE_plants_non-redundant_pfms_meme.txt	MA2426.1	SPL11B	AGCGGTASTACCGCT	1.42e-1	8.41e-1	7.80e2	12	206	206	206	2	6	2.91	2	0.97
40	data/reference/motifs/JASPAR2026_CORE_plants_non-redundant_pfms_meme.txt	MA1283.2	TCP14	ADAGVDBGTGGGDCCCAC	1.69e-1	8.43e-1	7.81e2	10	206	206	206	1	7	3.40	3	1.46
41	data/reference/motifs/JASPAR2026_CORE_plants_non-redundant_pfms_meme.txt	MA2413.1	ZmbZIP96	GASACGTGKCA	1.12e-2	8.70e-1	8.06e2	182	206	206	206	1	103	50.00	79	38.35
42	data/reference/motifs/JASPAR2026_CORE_plants_non-redundant_pfms_meme.txt	MA0950.1	ATHB-12	AATGATTG	4.96e-3	8.70e-1	8.07e2	412	206	206	206	14	202	98.06	190	92.23
43	data/reference/motifs/JASPAR2026_CORE_plants_non-redundant_pfms_meme.txt	MA2442.1	SPL3B	AGCGGTASTACCGC	5.25e-2	8.78e-1	8.14e2	39	206	206	206	2	8	3.88	2	0.97
44	data/reference/motifs/JASPAR2026_CORE_plants_non-redundant_pfms_meme.txt	MA2372.1	AZF1	WCACTVWCW	5.51e-3	8.95e-1	8.30e2	410	206	206	206	13	14	6.80	3	1.46
45	data/reference/motifs/JASPAR2026_CORE_plants_non-redundant_pfms_meme.txt	MA1190.2	RVE5	AGATATTTT	6.57e-3	8.96e-1	8.31e2	345	206	206	206	2	127	61.65	101	49.03
46	data/reference/motifs/JASPAR2026_CORE_plants_non-redundant_pfms_meme.txt	MA2436.1	SPL18A	GCGGTASTACCGCT	6.09e-2	9.02e-1	8.36e2	37	206	206	206	2	6	2.91	1	0.49
47	data/reference/motifs/JASPAR2026_CORE_plants_non-redundant_pfms_meme.txt	MA2090.1	PK26523.1	ATTCY	5.76e-3	9.07e-1	8.41e2	412	206	206	206	26	204	99.03	194	94.17
48	data/reference/motifs/JASPAR2026_CORE_plants_non-redundant_pfms_meme.txt	MA1243.2	DREB2E	MACCGACWTW	2.22e-2	9.10e-1	8.43e2	108	206	206	206	2	13	6.31	4	1.94
49	data/reference/motifs/JASPAR2026_CORE_plants_non-redundant_pfms_meme.txt	MA2452.1	SPL8A	ATAGTACTC	6.80e-3	9.18e-1	8.51e2	368	206	206	206	3	112	54.37	86	41.75
50	data/reference/motifs/JASPAR2026_CORE_plants_non-redundant_pfms_meme.txt	MA1204.1	AGL13	TTWCCAAAAAWRGWAAAW	2.05e-2	9.22e-1	8.54e2	124	206	206	206	1	72	34.95	52	25.24
51	data/reference/motifs/JASPAR2026_CORE_plants_non-redundant_pfms_meme.txt	MA2730.1	Solyc01g079480	YSACGTGKCA	1.06e-2	9.23e-1	8.56e2	242	206	206	206	1	133	64.56	109	52.91
52	data/reference/motifs/JASPAR2026_CORE_plants_non-redundant_pfms_meme.txt	MA2622.1	hb34	CAATAATTG	6.26e-3	9.24e-1	8.57e2	412	206	206	206	15	36	17.48	18	8.74
53	data/reference/motifs/JASPAR2026_CORE_plants_non-redundant_pfms_meme.txt	MA0989.2	PHYPADRAFT_153324	WAAAG	6.27e-3	9.24e-1	8.57e2	412	206	206	206	73	198	96.12	184	89.32
54	data/reference/motifs/JASPAR2026_CORE_plants_non-redundant_pfms_meme.txt	MA2383.1	e_gw1.392.16.1	CTTTW	6.27e-3	9.24e-1	8.57e2	412	206	206	206	73	198	96.12	184	89.32
55	data/reference/motifs/JASPAR2026_CORE_plants_non-redundant_pfms_meme.txt	MA1808.3	GLYMA-06G314400	GACACGTGGC	8.62e-3	9.26e-1	8.58e2	302	206	206	206	4	56	27.18	35	16.99
56	data/reference/motifs/JASPAR2026_CORE_plants_non-redundant_pfms_meme.txt	MA2451.1	SPL7B	AGCGGTASTACCGCT	2.51e-1	9.26e-1	8.59e2	9	206	206	206	1	6	2.91	3	1.46
57	data/reference/motifs/JASPAR2026_CORE_plants_non-redundant_pfms_meme.txt	MA2661.1	GLYMA-03G081700	CTACGTGGCA	7.74e-3	9.36e-1	8.67e2	354	206	206	206	1	186	90.29	168	81.55
58	data/reference/motifs/JASPAR2026_CORE_plants_non-redundant_pfms_meme.txt	MA2057.1	PK01630.1	GCACGTG	7.30e-3	9.38e-1	8.70e2	381	206	206	206	3	153	74.27	129	62.62
59	data/reference/motifs/JASPAR2026_CORE_plants_non-redundant_pfms_meme.txt	MA1290.1	TCP17	GTGGTCCCCAC	2.51e-2	9.49e-1	8.80e2	119	206	206	206	1	69	33.50	50	24.27
60	data/reference/motifs/JASPAR2026_CORE_plants_non-redundant_pfms_meme.txt	MA2639.1	FUL::SOC1	TTCCATTTTTGG	7.42e-3	9.52e-1	8.82e2	408	206	206	206	11	7	3.40	0	0.00
61	data/reference/motifs/JASPAR2026_CORE_plants_non-redundant_pfms_meme.txt	MA2105.1	GLYMA-13G317000	ACACGT	9.21e-3	9.53e-1	8.83e2	332	206	206	206	4	65	31.55	43	20.87
62	data/reference/motifs/JASPAR2026_CORE_plants_non-redundant_pfms_meme.txt	MA2085.1	PK23763.1	CTTTW	7.77e-3	9.59e-1	8.89e2	412	206	206	206	37	197	95.63	183	88.83
63	data/reference/motifs/JASPAR2026_CORE_plants_non-redundant_pfms_meme.txt	MA1416.1	RAMOSA1	GAGAGAGAGAGAGA	3.05e-2	9.62e-1	8.92e2	107	206	206	206	17	5	2.43	0	0.00
64	data/reference/motifs/JASPAR2026_CORE_plants_non-redundant_pfms_meme.txt	MA1196.2	AT5G05790	AWYCTTATCYTNWT	8.52e-3	9.66e-1	8.96e2	398	206	206	206	2	185	89.81	167	81.07
65	data/reference/motifs/JASPAR2026_CORE_plants_non-redundant_pfms_meme.txt	MA2387.1	NAC094	YGCCGTRNHNNHCACG	5.22e-2	9.69e-1	8.99e2	65	206	206	206	1	39	18.93	26	12.62
66	data/reference/motifs/JASPAR2026_CORE_plants_non-redundant_pfms_meme.txt	MA0560.2	PIF3	CCACGTG	2.11e-2	9.71e-1	9.00e2	167	206	206	206	2	54	26.21	36	17.48
67	data/reference/motifs/JASPAR2026_CORE_plants_non-redundant_pfms_meme.txt	MA2393.1	PHYPA_008731	CACGTGC	2.11e-2	9.71e-1	9.00e2	167	206	206	206	2	54	26.21	36	17.48
68	data/reference/motifs/JASPAR2026_CORE_plants_non-redundant_pfms_meme.txt	MA1381.2	AT3G46070	TCACTCT	9.39e-3	9.78e-1	9.07e2	407	206	206	206	10	24	11.65	10	4.85
69	data/reference/motifs/JASPAR2026_CORE_plants_non-redundant_pfms_meme.txt	MA1736.2	AT5G04390	TCACT	9.45e-3	9.79e-1	9.08e2	411	206	206	206	15	13	6.31	3	1.46
70	data/reference/motifs/JASPAR2026_CORE_plants_non-redundant_pfms_meme.txt	MA2475.1	HOX6	TGATTG	9.45e-3	9.80e-1	9.08e2	412	206	206	206	15	203	98.54	193	93.69
71	data/reference/motifs/JASPAR2026_CORE_plants_non-redundant_pfms_meme.txt	MA1308.2	WRKY70	CGTTGACTTT	3.05e-2	9.82e-1	9.10e2	132	206	206	206	3	5	2.43	0	0.00
72	data/reference/motifs/JASPAR2026_CORE_plants_non-redundant_pfms_meme.txt	MA1018.2	GATA9	AGATCT	1.27e-2	9.82e-1	9.11e2	318	206	206	206	1	169	82.04	149	72.33
73	data/reference/motifs/JASPAR2026_CORE_plants_non-redundant_pfms_meme.txt	MA0566.2	MYC2	AACACGTGA	1.14e-2	9.84e-1	9.12e2	362	206	206	206	8	33	16.02	17	8.25
74	data/reference/motifs/JASPAR2026_CORE_plants_non-redundant_pfms_meme.txt	MA2645.1	GLYMA-16G042900	GGTTGCKTSTTCHASAAGYWA	1.11e-1	9.85e-1	9.13e2	36	206	206	206	1	22	10.68	14	6.80
75	data/reference/motifs/JASPAR2026_CORE_plants_non-redundant_pfms_meme.txt	MA1021.2	PHYPADRAFT_48267	CACGTGC	1.86e-2	9.88e-1	9.16e2	238	206	206	206	4	29	14.08	15	7.28
76	data/reference/motifs/JASPAR2026_CORE_plants_non-redundant_pfms_meme.txt	MA1287.2	TCP21	GTGGGMCCCAC	3.35e-2	9.89e-1	9.17e2	134	206	206	206	2	31	15.05	18	8.74
77	data/reference/motifs/JASPAR2026_CORE_plants_non-redundant_pfms_meme.txt	MA1011.2	PHYPADRAFT_72483	CACGTG	1.09e-2	9.89e-1	9.17e2	411	206	206	206	24	70	33.98	48	23.30
78	data/reference/motifs/JASPAR2026_CORE_plants_non-redundant_pfms_meme.txt	MA2358.1	PK22320.1	GTACGG	1.17e-2	9.91e-1	9.19e2	403	206	206	206	6	116	56.31	92	44.66
79	data/reference/motifs/JASPAR2026_CORE_plants_non-redundant_pfms_meme.txt	MA2353.1	PK02532.1	WAATATCT	1.47e-2	9.92e-1	9.19e2	325	206	206	206	1	172	83.50	153	74.27
80	data/reference/motifs/JASPAR2026_CORE_plants_non-redundant_pfms_meme.txt	MA1321.2	SPL13A	TGTACGGA	1.88e-2	9.93e-1	9.20e2	263	206	206	206	2	81	39.32	60	29.13
81	data/reference/motifs/JASPAR2026_CORE_plants_non-redundant_pfms_meme.txt	MA1359.3	BPE	CACGTG	2.39e-2	9.95e-1	9.23e2	223	206	206	206	2	122	59.22	101	49.03
82	data/reference/motifs/JASPAR2026_CORE_plants_non-redundant_pfms_meme.txt	MA1183.2	RVE6	AGATATTTT	1.68e-2	9.95e-1	9.23e2	319	206	206	206	1	169	82.04	150	72.82
83	data/reference/motifs/JASPAR2026_CORE_plants_non-redundant_pfms_meme.txt	MA2471.1	SPCH	CACGTG	1.60e-2	9.95e-1	9.23e2	334	206	206	206	2	176	85.44	158	76.70
84	data/reference/motifs/JASPAR2026_CORE_plants_non-redundant_pfms_meme.txt	MA1043.2	NAC083	YACGYAA	4.31e-2	9.95e-1	9.23e2	125	206	206	206	1	71	34.47	54	26.21
85	data/reference/motifs/JASPAR2026_CORE_plants_non-redundant_pfms_meme.txt	MA2501.1	G1	TTACTGTA	1.39e-2	9.97e-1	9.24e2	411	206	206	206	6	159	77.18	138	66.99
86	data/reference/motifs/JASPAR2026_CORE_plants_non-redundant_pfms_meme.txt	MA1696.2	ARF39	GGGGRACACGT	1.78e-2	9.97e-1	9.24e2	330	206	206	206	1	174	84.47	156	75.73
87	data/reference/motifs/JASPAR2026_CORE_plants_non-redundant_pfms_meme.txt	MA2351.1	OsEIL3	AGRTACAT	1.46e-2	9.97e-1	9.24e2	405	206	206	206	4	125	60.68	102	49.51
88	data/reference/motifs/JASPAR2026_CORE_plants_non-redundant_pfms_meme.txt	MA1688.2	ARF16	CAAGACAAGA	1.49e-2	9.98e-1	9.25e2	410	206	206	206	8	108	52.43	85	41.26
89	data/reference/motifs/JASPAR2026_CORE_plants_non-redundant_pfms_meme.txt	MA0982.2	DOF2.4	AAAG	1.48e-2	9.98e-1	9.25e2	412	206	206	206	80	198	96.12	186	90.29
90	data/reference/motifs/JASPAR2026_CORE_plants_non-redundant_pfms_meme.txt	MA0569.2	MYC4	CACGTGC	2.24e-2	9.98e-1	9.25e2	276	206	206	206	4	48	23.30	31	15.05
91	data/reference/motifs/JASPAR2026_CORE_plants_non-redundant_pfms_meme.txt	MA0562.1	PIF5	TCACGTGS	7.19e-2	9.98e-1	9.25e2	85	206	206	206	1	49	23.79	36	17.48
92	data/reference/motifs/JASPAR2026_CORE_plants_non-redundant_pfms_meme.txt	MA1360.3	bHLH74	CACGTG	2.73e-2	9.99e-1	9.26e2	238	206	206	206	4	39	18.93	24	11.65
93	data/reference/motifs/JASPAR2026_CORE_plants_non-redundant_pfms_meme.txt	MA2391.1	Lg3	TGACRKC	1.60e-2	9.99e-1	9.26e2	408	206	206	206	2	203	98.54	194	94.17
94	data/reference/motifs/JASPAR2026_CORE_plants_non-redundant_pfms_meme.txt	MA0962.2	bHLH34	GCACGTG	2.47e-2	9.99e-1	9.26e2	268	206	206	206	2	82	39.81	62	30.10
95	data/reference/motifs/JASPAR2026_CORE_plants_non-redundant_pfms_meme.txt	MA1807.2	ZHD10	TAATTART	1.79e-2	9.99e-1	9.26e2	375	206	206	206	3	131	63.59	109	52.91
96	data/reference/motifs/JASPAR2026_CORE_plants_non-redundant_pfms_meme.txt	MA1678.3	NTL8	GAAGAAAC	1.64e-2	9.99e-1	9.26e2	411	206	206	206	7	139	67.48	117	56.80
97	data/reference/motifs/JASPAR2026_CORE_plants_non-redundant_pfms_meme.txt	MA1284.2	TCP1	GTGGGCCCCAC	8.52e-2	9.99e-1	9.26e2	80	206	206	206	1	46	22.33	34	16.50
98	data/reference/motifs/JASPAR2026_CORE_plants_non-redundant_pfms_meme.txt	MA0958.1	BHLH13	RCACGTGC	3.10e-2	9.99e-1	9.26e2	232	206	206	206	7	9	4.37	2	0.97
99	data/reference/motifs/JASPAR2026_CORE_plants_non-redundant_pfms_meme.txt	MA1241.2	ERF043	CCACCGACA	1.08e-1	9.99e-1	9.26e2	64	206	206	206	2	5	2.43	1	0.49
100	data/reference/motifs/JASPAR2026_CORE_plants_non-redundant_pfms_meme.txt	MA2382.1	e_gw1.209.40.1	CACGTG	1.88e-2	9.99e-1	9.26e2	389	206	206	206	6	146	70.87	125	60.68
101	data/reference/motifs/JASPAR2026_CORE_plants_non-redundant_pfms_meme.txt	MA0987.2	PHYPADRAFT_140773	AAAG	1.79e-2	9.99e-1	9.26e2	412	206	206	206	53	204	99.03	196	95.15
102	data/reference/motifs/JASPAR2026_CORE_plants_non-redundant_pfms_meme.txt	MA2381.1	e_gw1.170.52.1	CTTT	1.79e-2	9.99e-1	9.26e2	412	206	206	206	53	204	99.03	196	95.15
103	data/reference/motifs/JASPAR2026_CORE_plants_non-redundant_pfms_meme.txt	MA2664.1	GLYMA-03G162700	GGYGGYGGCGGCGGMGGCGGYGG	3.00e-1	9.99e-1	9.26e2	21	206	206	206	3	9	4.37	6	2.91
104	data/reference/motifs/JASPAR2026_CORE_plants_non-redundant_pfms_meme.txt	MA1682.2	TCX3	AAATTCAAATWT	1.85e-2	9.99e-1	9.26e2	406	206	206	206	13	8	3.88	1	0.49
105	data/reference/motifs/JASPAR2026_CORE_plants_non-redundant_pfms_meme.txt	MA1398.3	KUA1	CTTATCCA	1.92e-2	1.00e0	9.27e2	412	206	206	206	7	117	56.80	95	46.12
106	data/reference/motifs/JASPAR2026_CORE_plants_non-redundant_pfms_meme.txt	MA0949.2	ARR2	MGWATCTT	2.07e-2	1.00e0	9.27e2	394	206	206	206	8	22	10.68	10	4.85
107	data/reference/motifs/JASPAR2026_CORE_plants_non-redundant_pfms_meme.txt	MA1338.3	DPBF3	TGMCACGTGTC	5.93e-2	1.00e0	9.27e2	140	206	206	206	1	78	37.86	62	30.10
108	data/reference/motifs/JASPAR2026_CORE_plants_non-redundant_pfms_meme.txt	MA2006.2	NAC020	GGTTGCKTGTDNMACAAGTAA	1.97e-1	1.00e0	9.27e2	38	206	206	206	1	22	10.68	16	7.77
109	data/reference/motifs/JASPAR2026_CORE_plants_non-redundant_pfms_meme.txt	MA2364.1	VIT_15s0048g01150	GGGCCCAC	2.43e-2	1.00e0	9.27e2	350	206	206	206	2	145	70.39	125	60.68
110	data/reference/motifs/JASPAR2026_CORE_plants_non-redundant_pfms_meme.txt	MA1384.1	PHL7	AAARGAATATTCY	3.60e-2	1.00e0	9.27e2	241	206	206	206	2	62	30.10	45	21.84
111	data/reference/motifs/JASPAR2026_CORE_plants_non-redundant_pfms_meme.txt	MA1667.3	HSFC1	TTCYAGAA	2.33e-2	1.00e0	9.27e2	375	206	206	206	5	66	32.04	47	22.82
112	data/reference/motifs/JASPAR2026_CORE_plants_non-redundant_pfms_meme.txt	MA2736.1	la3	AACACGTG	2.57e-2	1.00e0	9.27e2	342	206	206	206	6	38	18.45	23	11.17
113	data/reference/motifs/JASPAR2026_CORE_plants_non-redundant_pfms_meme.txt	MA2435.1	SPL16D	GCGGTASTACCGC	1.08e-1	1.00e0	9.27e2	78	206	206	206	3	5	2.43	1	0.49
114	data/reference/motifs/JASPAR2026_CORE_plants_non-redundant_pfms_meme.txt	MA1093.2	WRKY75	RGTCAAC	3.38e-2	1.00e0	9.27e2	265	206	206	206	5	7	3.40	1	0.49
115	data/reference/motifs/JASPAR2026_CORE_plants_non-redundant_pfms_meme.txt	MA0565.3	FUS3	ACATGCA	4.19e-2	1.00e0	9.27e2	215	206	206	206	3	24	11.65	13	6.31
116	data/reference/motifs/JASPAR2026_CORE_plants_non-redundant_pfms_meme.txt	MA2610.1	ereb97	CGCCGCCGCC	5.00e-1	1.00e0	9.27e2	13	206	206	206	3	1	0.49	0	0.00
117	data/reference/motifs/JASPAR2026_CORE_plants_non-redundant_pfms_meme.txt	MA1832.2	Zm00001d002364	CGCCGCCGCC	5.00e-1	1.00e0	9.27e2	13	206	206	206	3	1	0.49	0	0.00
118	data/reference/motifs/JASPAR2026_CORE_plants_non-redundant_pfms_meme.txt	MA1818.1	Zm00001d052229	CGCCGCCGCC	5.00e-1	1.00e0	9.27e2	13	206	206	206	3	1	0.49	0	0.00
119	data/reference/motifs/JASPAR2026_CORE_plants_non-redundant_pfms_meme.txt	MA2472.1	AT3G12910	YGSCGTVRWDDHBACGK	2.03e-1	1.00e0	9.27e2	40	206	206	206	1	23	11.17	17	8.25
120	data/reference/motifs/JASPAR2026_CORE_plants_non-redundant_pfms_meme.txt	MA2460.1	MGH6.1	YGSCGTVRWDDHBACGK	2.03e-1	1.00e0	9.27e2	40	206	206	206	1	23	11.17	17	8.25
121	data/reference/motifs/JASPAR2026_CORE_plants_non-redundant_pfms_meme.txt	MA0955.2	POPTR_0002s00440g	GTACGG	2.21e-2	1.00e0	9.27e2	412	206	206	206	13	93	45.15	72	34.95
122	data/reference/motifs/JASPAR2026_CORE_plants_non-redundant_pfms_meme.txt	MA2444.1	SPL4A	GCGGTASTACCGC	1.76e-1	1.00e0	9.27e2	47	206	206	206	1	27	13.11	20	9.71
123	data/reference/motifs/JASPAR2026_CORE_plants_non-redundant_pfms_meme.txt	MA0941.2	ABF2	ACACGTG	2.28e-2	1.00e0	9.27e2	402	206	206	206	9	56	27.18	38	18.45
124	data/reference/motifs/JASPAR2026_CORE_plants_non-redundant_pfms_meme.txt	MA0110.4	ATHB-5	CAATCATT	2.24e-2	1.00e0	9.27e2	412	206	206	206	13	175	84.95	158	76.70
125	data/reference/motifs/JASPAR2026_CORE_plants_non-redundant_pfms_meme.txt	MA1738.1	ATMYB31	YAMCTMCCAACHAMH	2.60e-2	1.00e0	9.27e2	355	206	206	206	4	60	29.13	42	20.39
126	data/reference/motifs/JASPAR2026_CORE_plants_non-redundant_pfms_meme.txt	MA2371.1	MYB31	YAMCTMCCAACHAMH	2.60e-2	1.00e0	9.27e2	355	206	206	206	4	60	29.13	42	20.39
127	data/reference/motifs/JASPAR2026_CORE_plants_non-redundant_pfms_meme.txt	MA1792.1	NAC098	CKTGTNNHACACGTHA	9.18e-2	1.00e0	9.27e2	97	206	206	206	2	19	9.22	11	5.34
128	data/reference/motifs/JASPAR2026_CORE_plants_non-redundant_pfms_meme.txt	MA2461.1	WOX13	TTGATTGA	2.28e-2	1.00e0	9.27e2	412	206	206	206	6	168	81.55	150	72.82
129	data/reference/motifs/JASPAR2026_CORE_plants_non-redundant_pfms_meme.txt	MA1330.2	ZHD6	AAWHRTAATTAA	2.32e-2	1.00e0	9.27e2	406	206	206	206	9	78	37.86	58	28.16
130	data/reference/motifs/JASPAR2026_CORE_plants_non-redundant_pfms_meme.txt	MA2734.1	Sl-ERF_F_5	CCGCCGCCGCCRCCRCC	1.40e-1	1.00e0	9.27e2	65	206	206	206	1	37	17.96	28	13.59
131	data/reference/motifs/JASPAR2026_CORE_plants_non-redundant_pfms_meme.txt	MA0968.3	BZIP68	TGCCACGTSA	5.93e-2	1.00e0	9.27e2	165	206	206	206	2	35	16.99	23	11.17
132	data/reference/motifs/JASPAR2026_CORE_plants_non-redundant_pfms_meme.txt	MA2455.1	SPL9D	AGCGGTASTACCGC	2.08e-1	1.00e0	9.27e2	42	206	206	206	1	24	11.65	18	8.74
133	data/reference/motifs/JASPAR2026_CORE_plants_non-redundant_pfms_meme.txt	MA2035.2	NAC075	GWAGCTTGTNNNACAAGCTW	1.38e-1	1.00e0	9.27e2	68	206	206	206	2	20	9.71	13	6.31
134	data/reference/motifs/JASPAR2026_CORE_plants_non-redundant_pfms_meme.txt	MA0993.2	ERF7	GCCG	2.51e-2	1.00e0	9.27e2	410	206	206	206	14	156	75.73	137	66.50
135	data/reference/motifs/JASPAR2026_CORE_plants_non-redundant_pfms_meme.txt	MA1019.2	Glyma19g26560.1	GGSCCCAC	2.78e-2	1.00e0	9.27e2	373	206	206	206	4	92	44.66	72	34.95
136	data/reference/motifs/JASPAR2026_CORE_plants_non-redundant_pfms_meme.txt	MA2720.1	nacnor	ACACGTAACT	2.81e-2	1.00e0	9.27e2	370	206	206	206	5	46	22.33	30	14.56
137	data/reference/motifs/JASPAR2026_CORE_plants_non-redundant_pfms_meme.txt	MA2733.1	Sl-ERF_F_4	GCMGCMGCCGCCGCCGYCR	2.46e-1	1.00e0	9.27e2	37	206	206	206	1	21	10.19	16	7.77
138	data/reference/motifs/JASPAR2026_CORE_plants_non-redundant_pfms_meme.txt	MA2443.1	SPL3D	GCGGTASTACCGC	2.13e-1	1.00e0	9.27e2	44	206	206	206	1	25	12.14	19	9.22
139	data/reference/motifs/JASPAR2026_CORE_plants_non-redundant_pfms_meme.txt	MA0959.1	AIB	GCACGTGC	6.09e-2	1.00e0	9.27e2	173	206	206	206	8	6	2.91	1	0.49
140	data/reference/motifs/JASPAR2026_CORE_plants_non-redundant_pfms_meme.txt	MA2450.1	SPL7A	GTACTACCGCT	4.52e-2	1.00e0	9.27e2	236	206	206	206	1	127	61.65	109	52.91
141	data/reference/motifs/JASPAR2026_CORE_plants_non-redundant_pfms_meme.txt	MA1430.2	TB1	GGSCCCCCC	1.05e-1	1.00e0	9.27e2	102	206	206	206	1	57	27.67	45	21.84
142	data/reference/motifs/JASPAR2026_CORE_plants_non-redundant_pfms_meme.txt	MA0938.3	NAC058	TTACKTGTDNMACAAGWAA	1.64e-1	1.00e0	9.27e2	60	206	206	206	1	34	16.50	26	12.62
143	data/reference/motifs/JASPAR2026_CORE_plants_non-redundant_pfms_meme.txt	MA2343.1	MYB3R3	CGCCGTTA	2.76e-2	1.00e0	9.27e2	396	206	206	206	4	135	65.53	115	55.83
144	data/reference/motifs/JASPAR2026_CORE_plants_non-redundant_pfms_meme.txt	MA1757.2	HDG7	DCATTAAWTR	2.82e-2	1.00e0	9.27e2	388	206	206	206	1	199	96.60	189	91.75
145	data/reference/motifs/JASPAR2026_CORE_plants_non-redundant_pfms_meme.txt	MA2079.1	PK19717.1	GGGSCCCMC	3.76e-2	1.00e0	9.27e2	297	206	206	206	2	120	58.25	101	49.03
146	data/reference/motifs/JASPAR2026_CORE_plants_non-redundant_pfms_meme.txt	MA1320.2	SPL15	TGTACGGA	1.17e-1	1.00e0	9.27e2	91	206	206	206	1	51	24.76	40	19.42
147	data/reference/motifs/JASPAR2026_CORE_plants_non-redundant_pfms_meme.txt	MA1066.1	TCP23	GGGCCCAC	4.93e-2	1.00e0	9.27e2	235	206	206	206	2	81	39.32	64	31.07
148	data/reference/motifs/JASPAR2026_CORE_plants_non-redundant_pfms_meme.txt	MA2399.1	LjSGA_053525.1	GGGCCCAC	6.45e-2	1.00e0	9.27e2	180	206	206	206	2	45	21.84	32	15.53
149	data/reference/motifs/JASPAR2026_CORE_plants_non-redundant_pfms_meme.txt	MA1784.1	NAC011	GTTGCTTSWNHHDCAAGYAAC	3.75e-1	1.00e0	9.27e2	25	206	206	206	2	6	2.91	4	1.94
150	data/reference/motifs/JASPAR2026_CORE_plants_non-redundant_pfms_meme.txt	MA2727.1	SolycHsfA7	TTCYAGAA	3.05e-2	1.00e0	9.27e2	386	206	206	206	4	111	53.88	91	44.17
151	data/reference/motifs/JASPAR2026_CORE_plants_non-redundant_pfms_meme.txt	MA2655.1	GLYMA-08G218600	AAAAGTCAA	2.88e-2	1.00e0	9.27e2	411	206	206	206	3	201	97.57	192	93.20
152	data/reference/motifs/JASPAR2026_CORE_plants_non-redundant_pfms_meme.txt	MA1823.2	Zm00001d027846	AAAGAAAA	2.88e-2	1.00e0	9.27e2	412	206	206	206	16	201	97.57	192	93.20
153	data/reference/motifs/JASPAR2026_CORE_plants_non-redundant_pfms_meme.txt	MA1349.2	BZIP16	HSACGTGGCA	1.51e-1	1.00e0	9.27e2	73	206	206	206	1	41	19.90	32	15.53
154	data/reference/motifs/JASPAR2026_CORE_plants_non-redundant_pfms_meme.txt	MA1409.2	OsRR22	AGATACGST	3.18e-2	1.00e0	9.27e2	383	206	206	206	2	156	75.73	138	66.99
155	data/reference/motifs/JASPAR2026_CORE_plants_non-redundant_pfms_meme.txt	MA1767.2	MYB23	CAACWA	3.01e-2	1.00e0	9.27e2	407	206	206	206	9	21	10.19	10	4.85
156	data/reference/motifs/JASPAR2026_CORE_plants_non-redundant_pfms_meme.txt	MA2666.1	GLYMA-12G117000	GGMGGCGGYGGCGGMGG	1.67e-1	1.00e0	9.27e2	68	206	206	206	2	25	12.14	18	8.74
157	data/reference/motifs/JASPAR2026_CORE_plants_non-redundant_pfms_meme.txt	MA2046.2	NAC035	CACGGCA	3.10e-2	1.00e0	9.27e2	401	206	206	206	12	9	4.37	2	0.97
158	data/reference/motifs/JASPAR2026_CORE_plants_non-redundant_pfms_meme.txt	MA2449.1	SPL6A	GCGGTAGTACC	6.83e-2	1.00e0	9.27e2	182	206	206	206	1	99	48.06	83	40.29
159	data/reference/motifs/JASPAR2026_CORE_plants_non-redundant_pfms_meme.txt	MA2750.1	TraesCS7B02G142200	TGTACGGAC	4.38e-2	1.00e0	9.27e2	285	206	206	206	1	151	73.30	134	65.05
160	data/reference/motifs/JASPAR2026_CORE_plants_non-redundant_pfms_meme.txt	MA2621.1	glk25	TGATTCCA	3.04e-2	1.00e0	9.27e2	411	206	206	206	9	118	57.28	98	47.57
161	data/reference/motifs/JASPAR2026_CORE_plants_non-redundant_pfms_meme.txt	MA2428.1	SPL13B	GCGGTASTACCGC	3.50e-1	1.00e0	9.27e2	29	206	206	206	1	16	7.77	13	6.31
162	data/reference/motifs/JASPAR2026_CORE_plants_non-redundant_pfms_meme.txt	MA0563.2	SEP3	CYWTTTTTGG	3.05e-2	1.00e0	9.27e2	412	206	206	206	21	5	2.43	0	0.00
163	data/reference/motifs/JASPAR2026_CORE_plants_non-redundant_pfms_meme.txt	MA2062.1	PK07031.1	CTTT	3.05e-2	1.00e0	9.27e2	412	206	206	206	116	206	100.00	201	97.57
164	data/reference/motifs/JASPAR2026_CORE_plants_non-redundant_pfms_meme.txt	MA1674.3	NAC017	CAAGTAA	3.10e-2	1.00e0	9.27e2	410	206	206	206	4	204	99.03	197	95.63
165	data/reference/motifs/JASPAR2026_CORE_plants_non-redundant_pfms_meme.txt	MA2045.2	NAC031	TTRCKTGTWNHACAAGTWA	1.23e-1	1.00e0	9.27e2	97	206	206	206	1	54	26.21	43	20.87
166	data/reference/motifs/JASPAR2026_CORE_plants_non-redundant_pfms_meme.txt	MA1022.2	PHYPADRAFT_38837	AAAG	3.10e-2	1.00e0	9.27e2	412	206	206	206	59	204	99.03	197	95.63
167	data/reference/motifs/JASPAR2026_CORE_plants_non-redundant_pfms_meme.txt	MA0981.2	DOF1.8	AAAG	3.10e-2	1.00e0	9.27e2	412	206	206	206	59	204	99.03	197	95.63
168	data/reference/motifs/JASPAR2026_CORE_plants_non-redundant_pfms_meme.txt	MA1824.2	Zm00001d005692	CAATAATT	3.10e-2	1.00e0	9.27e2	412	206	206	206	7	204	99.03	197	95.63
169	data/reference/motifs/JASPAR2026_CORE_plants_non-redundant_pfms_meme.txt	MA2394.1	PpDof6	CTTT	3.10e-2	1.00e0	9.27e2	412	206	206	206	59	204	99.03	197	95.63
170	data/reference/motifs/JASPAR2026_CORE_plants_non-redundant_pfms_meme.txt	MA2349.1	OsCCA1	AATATCT	3.10e-2	1.00e0	9.27e2	412	206	206	206	40	9	4.37	2	0.97
171	data/reference/motifs/JASPAR2026_CORE_plants_non-redundant_pfms_meme.txt	MA1791.1	NAC087	TTDCTTGTNNNACACGYWA	2.60e-1	1.00e0	9.27e2	43	206	206	206	1	24	11.65	19	9.22
172	data/reference/motifs/JASPAR2026_CORE_plants_non-redundant_pfms_meme.txt	MA2356.1	PK20555.1	CTTTW	3.14e-2	1.00e0	9.27e2	412	206	206	206	100	166	80.58	149	72.33
173	data/reference/motifs/JASPAR2026_CORE_plants_non-redundant_pfms_meme.txt	MA1060.2	SPL7	CGTACG	3.25e-2	1.00e0	9.27e2	401	206	206	206	5	155	75.24	137	66.50
174	data/reference/motifs/JASPAR2026_CORE_plants_non-redundant_pfms_meme.txt	MA0570.3	ABF1	ACACGTGKCA	4.88e-2	1.00e0	9.27e2	269	206	206	206	1	143	69.42	126	61.17
175	data/reference/motifs/JASPAR2026_CORE_plants_non-redundant_pfms_meme.txt	MA2434.1	SPL16A	AGCGGTAGTAC	5.48e-2	1.00e0	9.27e2	241	206	206	206	1	129	62.62	112	54.37
176	data/reference/motifs/JASPAR2026_CORE_plants_non-redundant_pfms_meme.txt	MA2721.1	Sl-ERF_C_6	YCGCCGCCGCCRCCRCCGCC	2.64e-1	1.00e0	9.27e2	43	206	206	206	2	14	6.80	10	4.85
177	data/reference/motifs/JASPAR2026_CORE_plants_non-redundant_pfms_meme.txt	MA2479.1	TCX5	ATTCAAAT	3.32e-2	1.00e0	9.27e2	406	206	206	206	3	198	96.12	188	91.26
178	data/reference/motifs/JASPAR2026_CORE_plants_non-redundant_pfms_meme.txt	MA1393.3	MYB70	AACCGTT	3.38e-2	1.00e0	9.27e2	399	206	206	206	11	7	3.40	1	0.49
179	data/reference/motifs/JASPAR2026_CORE_plants_non-redundant_pfms_meme.txt	MA1411.2	TSAR1	GCACGTGC	8.60e-2	1.00e0	9.27e2	157	206	206	206	6	10	4.85	4	1.94
180	data/reference/motifs/JASPAR2026_CORE_plants_non-redundant_pfms_meme.txt	MA0586.3	SPL14	TCCGTAC	1.16e-1	1.00e0	9.27e2	117	206	206	206	2	17	8.25	10	4.85
181	data/reference/motifs/JASPAR2026_CORE_plants_non-redundant_pfms_meme.txt	MA0969.2	CAMTA2	VCGCGT	3.43e-2	1.00e0	9.27e2	396	206	206	206	3	171	83.01	155	75.24
182	data/reference/motifs/JASPAR2026_CORE_plants_non-redundant_pfms_meme.txt	MA1364.2	BHLH72	GCCACGTGG	9.15e-2	1.00e0	9.27e2	150	206	206	206	1	82	39.81	68	33.01
183	data/reference/motifs/JASPAR2026_CORE_plants_non-redundant_pfms_meme.txt	MA2373.1	AZF2	ASTG	3.35e-2	1.00e0	9.27e2	412	206	206	206	75	188	91.26	175	84.95
184	data/reference/motifs/JASPAR2026_CORE_plants_non-redundant_pfms_meme.txt	MA0966.2	BIM3	CACGTG	3.43e-2	1.00e0	9.27e2	406	206	206	206	18	51	24.76	35	16.99
185	data/reference/motifs/JASPAR2026_CORE_plants_non-redundant_pfms_meme.txt	MA2648.1	GLYMA-19G146000	AAGGTACAC	3.56e-2	1.00e0	9.27e2	391	206	206	206	3	131	63.59	112	54.37
186	data/reference/motifs/JASPAR2026_CORE_plants_non-redundant_pfms_meme.txt	MA0956.2	BEE2	CACGTG	3.43e-2	1.00e0	9.27e2	410	206	206	206	24	51	24.76	35	16.99
187	data/reference/motifs/JASPAR2026_CORE_plants_non-redundant_pfms_meme.txt	MA2740.1	SlTCP15	GTGGGACCCA	5.48e-2	1.00e0	9.27e2	257	206	206	206	2	94	45.63	77	37.38
188	data/reference/motifs/JASPAR2026_CORE_plants_non-redundant_pfms_meme.txt	MA1016.2	GATA15	GATC	3.44e-2	1.00e0	9.27e2	412	206	206	206	64	72	34.95	54	26.21
189	data/reference/motifs/JASPAR2026_CORE_plants_non-redundant_pfms_meme.txt	MA2712.1	eil1	TCTAGATACATTGAATCT	1.43e-1	1.00e0	9.27e2	92	206	206	206	1	51	24.76	41	19.90
190	data/reference/motifs/JASPAR2026_CORE_plants_non-redundant_pfms_meme.txt	MA1786.2	NAC019	YACGBMA	3.54e-2	1.00e0	9.27e2	412	206	206	206	13	93	45.15	74	35.92
191	data/reference/motifs/JASPAR2026_CORE_plants_non-redundant_pfms_meme.txt	MA0580.1	DYT1	MGTGAGWCACGTGA	2.68e-1	1.00e0	9.27e2	47	206	206	206	1	26	12.62	21	10.19
192	data/reference/motifs/JASPAR2026_CORE_plants_non-redundant_pfms_meme.txt	MA1693.2	ARF34	CAGACAGC	3.82e-2	1.00e0	9.27e2	384	206	206	206	1	197	95.63	187	90.78
193	data/reference/motifs/JASPAR2026_CORE_plants_non-redundant_pfms_meme.txt	MA1007.1	PHYPADRAFT_173530	TGTCGGTG	1.37e-1	1.00e0	9.27e2	108	206	206	206	2	14	6.80	8	3.88
194	data/reference/motifs/JASPAR2026_CORE_plants_non-redundant_pfms_meme.txt	MA0021.1	Dof3	AAAGYV	3.61e-2	1.00e0	9.27e2	411	206	206	206	3	191	92.72	179	86.89
195	data/reference/motifs/JASPAR2026_CORE_plants_non-redundant_pfms_meme.txt	MA2505.1	bZIP59	TGACAGCTGTCA	6.16e-2	1.00e0	9.27e2	243	206	206	206	9	4	1.94	0	0.00
196	data/reference/motifs/JASPAR2026_CORE_plants_non-redundant_pfms_meme.txt	MA1055.3	SPL1	TGTACGGA	4.44e-2	1.00e0	9.27e2	339	206	206	206	2	130	63.11	112	54.37
197	data/reference/motifs/JASPAR2026_CORE_plants_non-redundant_pfms_meme.txt	MA1401.2	RVE7	AAAATATCT	8.25e-2	1.00e0	9.27e2	183	206	206	206	1	99	48.06	84	40.78
198	data/reference/motifs/JASPAR2026_CORE_plants_non-redundant_pfms_meme.txt	MA0558.2	FLC	CCMAAAATRGAAAG	3.93e-2	1.00e0	9.27e2	385	206	206	206	2	157	76.21	140	67.96
199	data/reference/motifs/JASPAR2026_CORE_plants_non-redundant_pfms_meme.txt	MA1428.2	TCP8	GGSCCCAC	3.74e-2	1.00e0	9.27e2	406	206	206	206	7	122	59.22	103	50.00
200	data/reference/motifs/JASPAR2026_CORE_plants_non-redundant_pfms_meme.txt	MA1821.2	Zm00001d020595	GGCGGCGGCG	7.51e-1	1.00e0	9.27e2	11	206	206	206	2	1	0.49	1	0.49
201	data/reference/motifs/JASPAR2026_CORE_plants_non-redundant_pfms_meme.txt	MA2052.2	ZAT6	AATGATTG	3.71e-2	1.00e0	9.27e2	412	206	206	206	16	101	49.03	82	39.81
202	data/reference/motifs/JASPAR2026_CORE_plants_non-redundant_pfms_meme.txt	MA2075.1	PK18009.1	ACACGTG	3.75e-2	1.00e0	9.27e2	408	206	206	206	6	121	58.74	102	49.51
203	data/reference/motifs/JASPAR2026_CORE_plants_non-redundant_pfms_meme.txt	MA2499.1	LSH2	TACTGTTCA	3.78e-2	1.00e0	9.27e2	407	206	206	206	6	107	51.94	88	42.72
204	data/reference/motifs/JASPAR2026_CORE_plants_non-redundant_pfms_meme.txt	MA2445.1	SPL4D	GGTACTACCGCT	7.28e-2	1.00e0	9.27e2	212	206	206	206	3	21	10.19	12	5.83
205	data/reference/motifs/JASPAR2026_CORE_plants_non-redundant_pfms_meme.txt	MA1410.2	StBRC1	GGGSCCM	4.45e-2	1.00e0	9.27e2	347	206	206	206	3	150	72.82	133	64.56
206	data/reference/motifs/JASPAR2026_CORE_plants_non-redundant_pfms_meme.txt	MA2414.1	EREB127	TGCCGACA	6.11e-2	1.00e0	9.27e2	254	206	206	206	4	19	9.22	10	4.85
207	data/reference/motifs/JASPAR2026_CORE_plants_non-redundant_pfms_meme.txt	MA1098.1	ARALYDRAFT_484486	GGSCCCAC	8.48e-2	1.00e0	9.27e2	185	206	206	206	3	18	8.74	10	4.85
208	data/reference/motifs/JASPAR2026_CORE_plants_non-redundant_pfms_meme.txt	MA1095.1	ARALYDRAFT_495258	GGSCCCAC	8.48e-2	1.00e0	9.27e2	185	206	206	206	3	18	8.74	10	4.85
209	data/reference/motifs/JASPAR2026_CORE_plants_non-redundant_pfms_meme.txt	MA1788.1	NAC054	CTTGTNNHACACGYHAYCT	3.13e-1	1.00e0	9.27e2	42	206	206	206	1	23	11.17	19	9.22
210	data/reference/motifs/JASPAR2026_CORE_plants_non-redundant_pfms_meme.txt	MA1368.3	GT-4	TAACTATGGTTA	5.65e-2	1.00e0	9.27e2	280	206	206	206	1	148	71.84	132	64.08
211	data/reference/motifs/JASPAR2026_CORE_plants_non-redundant_pfms_meme.txt	MA1389.2	PHL1	AARGAATATTCB	6.75e-2	1.00e0	9.27e2	236	206	206	206	1	126	61.17	110	53.40
212	data/reference/motifs/JASPAR2026_CORE_plants_non-redundant_pfms_meme.txt	MA2065.1	PK08602.1	CCACCGCC	5.00e-1	1.00e0	9.27e2	23	206	206	206	1	12	5.83	11	5.34
213	data/reference/motifs/JASPAR2026_CORE_plants_non-redundant_pfms_meme.txt	MA1751.2	EIL3	AGRTWCAT	3.89e-2	1.00e0	9.27e2	411	206	206	206	4	144	69.90	126	61.17
214	data/reference/motifs/JASPAR2026_CORE_plants_non-redundant_pfms_meme.txt	MA1660.2	NAC013	TTACTTGTTCYMCAAGTAA	2.28e-1	1.00e0	9.27e2	63	206	206	206	2	18	8.74	13	6.31
215	data/reference/motifs/JASPAR2026_CORE_plants_non-redundant_pfms_meme.txt	MA2423.1	OsbZIP69	GMTGACGTGGCA	1.61e-1	1.00e0	9.27e2	93	206	206	206	2	11	5.34	6	2.91
216	data/reference/motifs/JASPAR2026_CORE_plants_non-redundant_pfms_meme.txt	MA1161.1	TSO1	WWTTWAAAATTTAAA	4.20e-2	1.00e0	9.27e2	389	206	206	206	1	199	96.60	190	92.23
217	data/reference/motifs/JASPAR2026_CORE_plants_non-redundant_pfms_meme.txt	MA0954.3	ATHB-7	TCAATGATTGR	4.52e-2	1.00e0	9.27e2	364	206	206	206	1	188	91.26	176	85.44
218	data/reference/motifs/JASPAR2026_CORE_plants_non-redundant_pfms_meme.txt	MA0577.4	SPL3	TGTACGGA	5.58e-2	1.00e0	9.27e2	295	206	206	206	2	98	47.57	81	39.32
219	data/reference/motifs/JASPAR2026_CORE_plants_non-redundant_pfms_meme.txt	MA0571.2	ANT	GCACRRWTCCCVAKGY	4.25e-1	1.00e0	9.27e2	30	206	206	206	1	16	7.77	14	6.80
220	data/reference/motifs/JASPAR2026_CORE_plants_non-redundant_pfms_meme.txt	MA1263.2	ERF055	KGKCGGTGG	1.01e-1	1.00e0	9.27e2	167	206	206	206	3	11	5.34	5	2.43
221	data/reference/motifs/JASPAR2026_CORE_plants_non-redundant_pfms_meme.txt	MA2406.1	PK03576.1	CACGTGC	3.12e-1	1.00e0	9.27e2	45	206	206	206	3	3	1.46	1	0.49
222	data/reference/motifs/JASPAR2026_CORE_plants_non-redundant_pfms_meme.txt	MA2067.1	PK09702.1	GCACGTGR	3.12e-1	1.00e0	9.27e2	45	206	206	206	4	3	1.46	1	0.49
223	data/reference/motifs/JASPAR2026_CORE_plants_non-redundant_pfms_meme.txt	MA2354.1	PK06182.1	TACCTACC	4.99e-2	1.00e0	9.27e2	341	206	206	206	3	82	39.81	65	31.55
224	data/reference/motifs/JASPAR2026_CORE_plants_non-redundant_pfms_meme.txt	MA1322.3	SPL9	TCCGTAC	4.53e-2	1.00e0	9.27e2	377	206	206	206	2	161	78.16	145	70.39
225	data/reference/motifs/JASPAR2026_CORE_plants_non-redundant_pfms_meme.txt	MA2430.1	SPL14B	GCGGTASTACCGC	2.17e-1	1.00e0	9.27e2	71	206	206	206	1	39	18.93	32	15.53
226	data/reference/motifs/JASPAR2026_CORE_plants_non-redundant_pfms_meme.txt	MA2422.1	OsbZIP42	TGMCACGTCA	5.25e-2	1.00e0	9.27e2	332	206	206	206	1	173	83.98	159	77.18
227	data/reference/motifs/JASPAR2026_CORE_plants_non-redundant_pfms_meme.txt	MA1741.1	BRN2	CTTGWWHYDYACGYWA	8.38e-2	1.00e0	9.27e2	209	206	206	206	1	112	54.37	97	47.09
228	data/reference/motifs/JASPAR2026_CORE_plants_non-redundant_pfms_meme.txt	MA1170.2	MYB118	RWCCGTTACRWW	1.12e-1	1.00e0	9.27e2	157	206	206	206	1	85	41.26	72	34.95
229	data/reference/motifs/JASPAR2026_CORE_plants_non-redundant_pfms_meme.txt	MA1061.2	SPT	CCACGTG	4.41e-2	1.00e0	9.27e2	398	206	206	206	6	93	45.15	75	36.41
230	data/reference/motifs/JASPAR2026_CORE_plants_non-redundant_pfms_meme.txt	MA1289.2	TCP3	GGGACCAC	1.59e-1	1.00e0	9.27e2	112	206	206	206	1	61	29.61	51	24.76
231	data/reference/motifs/JASPAR2026_CORE_plants_non-redundant_pfms_meme.txt	MA2073.1	PK16340.1	CKTT	4.36e-2	1.00e0	9.27e2	412	206	206	206	67	203	98.54	196	95.15
232	data/reference/motifs/JASPAR2026_CORE_plants_non-redundant_pfms_meme.txt	MA1424.2	ERF019	CCACCGACA	1.42e-1	1.00e0	9.27e2	127	206	206	206	3	6	2.91	2	0.97
233	data/reference/motifs/JASPAR2026_CORE_plants_non-redundant_pfms_meme.txt	MA1417.2	O2	TGCCACGTCATC	1.43e-1	1.00e0	9.27e2	127	206	206	206	1	69	33.50	58	28.16
234	data/reference/motifs/JASPAR2026_CORE_plants_non-redundant_pfms_meme.txt	MA1755.2	GATA4	GATC	4.45e-2	1.00e0	9.27e2	412	206	206	206	36	201	97.57	193	93.69
235	data/reference/motifs/JASPAR2026_CORE_plants_non-redundant_pfms_meme.txt	MA1195.2	AT5G56840	AAYCTTATCCAWWW	4.94e-2	1.00e0	9.27e2	371	206	206	206	1	191	92.72	180	87.38
236	data/reference/motifs/JASPAR2026_CORE_plants_non-redundant_pfms_meme.txt	MA1256.2	RAP2-12	DRYGGCGGCGG	1.64e-1	1.00e0	9.27e2	112	206	206	206	2	17	8.25	11	5.34
237	data/reference/motifs/JASPAR2026_CORE_plants_non-redundant_pfms_meme.txt	MA2669.1	GLYMA-04G231400	CAATAATTGATT	5.10e-2	1.00e0	9.27e2	360	206	206	206	1	186	90.29	174	84.47
238	data/reference/motifs/JASPAR2026_CORE_plants_non-redundant_pfms_meme.txt	MA0945.2	ARR1	RDATCT	4.52e-2	1.00e0	9.27e2	412	206	206	206	40	74	35.92	57	27.67
239	data/reference/motifs/JASPAR2026_CORE_plants_non-redundant_pfms_meme.txt	MA1059.3	SPL5	TGTACGGAH	5.00e-1	1.00e0	9.27e2	27	206	206	206	1	14	6.80	13	6.31
240	data/reference/motifs/JASPAR2026_CORE_plants_non-redundant_pfms_meme.txt	MA1024.2	HAT1	YAATCATK	4.71e-2	1.00e0	9.27e2	399	206	206	206	5	77	37.38	60	29.13
241	data/reference/motifs/JASPAR2026_CORE_plants_non-redundant_pfms_meme.txt	MA2649.1	GLYMA-08G271900	TGCACATG	4.69e-2	1.00e0	9.27e2	401	206	206	206	6	110	53.40	92	44.66
242	data/reference/motifs/JASPAR2026_CORE_plants_non-redundant_pfms_meme.txt	MA2616.1	ereb17	CGCCGCCGCCGCCS	2.22e-1	1.00e0	9.27e2	75	206	206	206	1	41	19.90	34	16.50
243	data/reference/motifs/JASPAR2026_CORE_plants_non-redundant_pfms_meme.txt	MA2014.2	BAM8	CACACGTGY	9.94e-2	1.00e0	9.27e2	190	206	206	206	1	102	49.51	88	42.72
244	data/reference/motifs/JASPAR2026_CORE_plants_non-redundant_pfms_meme.txt	MA1760.1	HSFA6A	GAAGNTTCTAGAA	3.71e-1	1.00e0	9.27e2	41	206	206	206	1	22	10.68	19	9.22
245	data/reference/motifs/JASPAR2026_CORE_plants_non-redundant_pfms_meme.txt	MA1014.1	GATA11	TAGATCTG	1.37e-1	1.00e0	9.27e2	140	206	206	206	4	14	6.80	8	3.88
246	data/reference/motifs/JASPAR2026_CORE_plants_non-redundant_pfms_meme.txt	MA1326.2	ZHD5	GTRATTAR	4.80e-2	1.00e0	9.27e2	403	206	206	206	4	168	81.55	153	74.27
247	data/reference/motifs/JASPAR2026_CORE_plants_non-redundant_pfms_meme.txt	MA1350.1	BZIP42	TGCTGACGTGGC	5.86e-1	1.00e0	9.27e2	22	206	206	206	1	11	5.34	11	5.34
248	data/reference/motifs/JASPAR2026_CORE_plants_non-redundant_pfms_meme.txt	MA2103.1	AT4G09450	TTATCY	4.74e-2	1.00e0	9.27e2	412	206	206	206	33	44	21.36	30	14.56
249	data/reference/motifs/JASPAR2026_CORE_plants_non-redundant_pfms_meme.txt	MA2611.1	ereb209	GCGCCGC	9.39e-1	1.00e0	9.27e2	7	206	206	206	1	2	0.97	5	2.43
250	data/reference/motifs/JASPAR2026_CORE_plants_non-redundant_pfms_meme.txt	MA1363.1	LRL2	CGTGNKWBGCACGTG	2.00e-1	1.00e0	9.27e2	88	206	206	206	1	48	23.30	40	19.42
251	data/reference/motifs/JASPAR2026_CORE_plants_non-redundant_pfms_meme.txt	MA2671.1	GLYMA-19G100900	AGCATGCT	6.83e-2	1.00e0	9.27e2	288	206	206	206	4	99	48.06	83	40.29
252	data/reference/motifs/JASPAR2026_CORE_plants_non-redundant_pfms_meme.txt	MA1223.2	ERF035	TGTCGGTGG	3.12e-1	1.00e0	9.27e2	53	206	206	206	2	3	1.46	1	0.49
253	data/reference/motifs/JASPAR2026_CORE_plants_non-redundant_pfms_meme.txt	MA2031.2	AT5G04760	CTTATCY	4.82e-2	1.00e0	9.27e2	411	206	206	206	5	158	76.70	142	68.93
254	data/reference/motifs/JASPAR2026_CORE_plants_non-redundant_pfms_meme.txt	MA1664.3	HSFA6B	TTCTRGAA	4.94e-2	1.00e0	9.27e2	402	206	206	206	2	191	92.72	180	87.38
255	data/reference/motifs/JASPAR2026_CORE_plants_non-redundant_pfms_meme.txt	MA1228.2	ERF091	RYGGCGGCGGHGG	2.87e-1	1.00e0	9.27e2	59	206	206	206	1	32	15.53	27	13.11
256	data/reference/motifs/JASPAR2026_CORE_plants_non-redundant_pfms_meme.txt	MA1008.2	PHYPADRAFT_182268	GTCGGTG	2.51e-1	1.00e0	9.27e2	69	206	206	206	2	6	2.91	3	1.46
257	data/reference/motifs/JASPAR2026_CORE_plants_non-redundant_pfms_meme.txt	MA2386.1	estExt_gwp_gw1.C_550163	CACCGAC	2.51e-1	1.00e0	9.27e2	69	206	206	206	2	6	2.91	3	1.46
258	data/reference/motifs/JASPAR2026_CORE_plants_non-redundant_pfms_meme.txt	MA1023.1	PHYPADRAFT_28324	KGTCGGTG	2.51e-1	1.00e0	9.27e2	69	206	206	206	2	6	2.91	3	1.46
259	data/reference/motifs/JASPAR2026_CORE_plants_non-redundant_pfms_meme.txt	MA1281.2	DOF5.1	AAAAAGWAAAAARAAAAAR	4.92e-2	1.00e0	9.27e2	407	206	206	206	5	157	76.21	141	68.45
260	data/reference/motifs/JASPAR2026_CORE_plants_non-redundant_pfms_meme.txt	MA2019.2	HSFA1B	GAAACTTC	5.10e-2	1.00e0	9.27e2	393	206	206	206	7	32	15.53	20	9.71
261	data/reference/motifs/JASPAR2026_CORE_plants_non-redundant_pfms_meme.txt	MA2738.1	Cnr	TCCGTACAAA	5.13e-2	1.00e0	9.27e2	391	206	206	206	3	138	66.99	121	58.74
262	data/reference/motifs/JASPAR2026_CORE_plants_non-redundant_pfms_meme.txt	MA1339.1	BZIP43	GCCACGTCAGCA	5.00e-1	1.00e0	9.27e2	29	206	206	206	1	15	7.28	14	6.80
263	data/reference/motifs/JASPAR2026_CORE_plants_non-redundant_pfms_meme.txt	MA2431.1	SPL15A	AGCGGTASTACCGC	2.56e-1	1.00e0	9.27e2	68	206	206	206	2	13	6.31	9	4.37
264	data/reference/motifs/JASPAR2026_CORE_plants_non-redundant_pfms_meme.txt	MA2362.1	TEIL	AGRTWCAT	4.92e-2	1.00e0	9.27e2	412	206	206	206	15	65	31.55	49	23.79
265	data/reference/motifs/JASPAR2026_CORE_plants_non-redundant_pfms_meme.txt	MA1210.3	HAT22	CAATAATTG	4.94e-2	1.00e0	9.27e2	412	206	206	206	4	191	92.72	180	87.38
266	data/reference/motifs/JASPAR2026_CORE_plants_non-redundant_pfms_meme.txt	MA2746.1	HB-HD-ZIP-2A-2	WTGCAATCATT	5.08e-2	1.00e0	9.27e2	405	206	206	206	3	174	84.47	160	77.67
267	data/reference/motifs/JASPAR2026_CORE_plants_non-redundant_pfms_meme.txt	MA1064.2	TCP2	TGGKMCCA	5.34e-2	1.00e0	9.27e2	392	206	206	206	8	133	64.56	116	56.31
268	data/reference/motifs/JASPAR2026_CORE_plants_non-redundant_pfms_meme.txt	MA1834.2	Zm00001d034298	CCACGCG	5.49e-2	1.00e0	9.27e2	385	206	206	206	1	197	95.63	188	91.26
269	data/reference/motifs/JASPAR2026_CORE_plants_non-redundant_pfms_meme.txt	MA1787.2	NAC047	ACACGTMWCT	5.85e-2	1.00e0	9.27e2	362	206	206	206	5	42	20.39	29	14.08
270	data/reference/motifs/JASPAR2026_CORE_plants_non-redundant_pfms_meme.txt	MA2390.1	GLYMA19G26560	GGSCCCAC	5.71e-2	1.00e0	9.27e2	371	206	206	206	3	117	56.80	100	48.54
271	data/reference/motifs/JASPAR2026_CORE_plants_non-redundant_pfms_meme.txt	MA2446.1	SPL5A	GCGGTASTACCGC	3.76e-1	1.00e0	9.27e2	45	206	206	206	1	24	11.65	21	10.19
272	data/reference/motifs/JASPAR2026_CORE_plants_non-redundant_pfms_meme.txt	MA0561.1	PIF4	CACGTGSC	1.97e-1	1.00e0	9.27e2	97	206	206	206	2	22	10.68	16	7.77
273	data/reference/motifs/JASPAR2026_CORE_plants_non-redundant_pfms_meme.txt	MA2638.1	FUL::SEP3	TTWCTATTTATAGTAA	9.99e-2	1.00e0	9.27e2	214	206	206	206	1	114	55.34	100	48.54
274	data/reference/motifs/JASPAR2026_CORE_plants_non-redundant_pfms_meme.txt	MA1206.2	ARF2	SMGACA	5.25e-2	1.00e0	9.27e2	408	206	206	206	2	204	99.03	198	96.12
275	data/reference/motifs/JASPAR2026_CORE_plants_non-redundant_pfms_meme.txt	MA2082.1	PK20392.1	AATMAT	5.22e-2	1.00e0	9.27e2	412	206	206	206	39	180	87.38	167	81.07
276	data/reference/motifs/JASPAR2026_CORE_plants_non-redundant_pfms_meme.txt	MA0587.2	TCP16	GTGGACCC	1.01e-1	1.00e0	9.27e2	215	206	206	206	4	11	5.34	5	2.43
277	data/reference/motifs/JASPAR2026_CORE_plants_non-redundant_pfms_meme.txt	MA0573.2	ATHB-9	GTAATGATTRCDYBS	6.80e-1	1.00e0	9.27e2	19	206	206	206	1	9	4.37	10	4.85
278	data/reference/motifs/JASPAR2026_CORE_plants_non-redundant_pfms_meme.txt	MA1168.2	MYR2	RGAATMTT	6.16e-2	1.00e0	9.27e2	358	206	206	206	9	4	1.94	0	0.00
279	data/reference/motifs/JASPAR2026_CORE_plants_non-redundant_pfms_meme.txt	MA2439.1	SPL2A	GCGGTASTACCGC	5.00e-1	1.00e0	9.27e2	32	206	206	206	2	8	3.88	7	3.40
280	data/reference/motifs/JASPAR2026_CORE_plants_non-redundant_pfms_meme.txt	MA1749.1	E2FC	AWDWWGGCGCCAAAA	5.00e-1	1.00e0	9.27e2	32	206	206	206	2	2	0.97	1	0.49
281	data/reference/motifs/JASPAR2026_CORE_plants_non-redundant_pfms_meme.txt	MA1222.1	ERF014	CCDCCDCCACCGMCA	2.14e-1	1.00e0	9.27e2	104	206	206	206	1	56	27.18	48	23.30
282	data/reference/motifs/JASPAR2026_CORE_plants_non-redundant_pfms_meme.txt	MA1067.1	TCP5	GGGACCAC	1.52e-1	1.00e0	9.27e2	147	206	206	206	1	79	38.35	68	33.01
283	data/reference/motifs/JASPAR2026_CORE_plants_non-redundant_pfms_meme.txt	MA0576.2	RAX3	GGGGGTAGGTGS	3.78e-1	1.00e0	9.27e2	47	206	206	206	1	25	12.14	22	10.68
284	data/reference/motifs/JASPAR2026_CORE_plants_non-redundant_pfms_meme.txt	MA1017.2	GATA8	GATCY	5.43e-2	1.00e0	9.27e2	412	206	206	206	38	71	34.47	55	26.70
285	data/reference/motifs/JASPAR2026_CORE_plants_non-redundant_pfms_meme.txt	MA1768.2	MYB30	CCAACYACCAMC	5.74e-2	1.00e0	9.27e2	390	206	206	206	4	110	53.40	93	45.15
286	data/reference/motifs/JASPAR2026_CORE_plants_non-redundant_pfms_meme.txt	MA2646.1	GLYMA-11G083900	GTACGGA	9.13e-2	1.00e0	9.27e2	246	206	206	206	2	62	30.10	49	23.79
287	data/reference/motifs/JASPAR2026_CORE_plants_non-redundant_pfms_meme.txt	MA0555.2	SVP	WWWCCAAAAAWGGAAA	6.75e-2	1.00e0	9.27e2	334	206	206	206	3	57	27.67	43	20.87
288	data/reference/motifs/JASPAR2026_CORE_plants_non-redundant_pfms_meme.txt	MA1157.2	NUC	TTTTGTCGTTTT	8.74e-2	1.00e0	9.27e2	259	206	206	206	4	7	3.40	2	0.97
289	data/reference/motifs/JASPAR2026_CORE_plants_non-redundant_pfms_meme.txt	MA2672.1	GLYMA-01G233000	AGAASCTTCT	7.01e-2	1.00e0	9.27e2	327	206	206	206	4	59	28.64	45	21.84
290	data/reference/motifs/JASPAR2026_CORE_plants_non-redundant_pfms_meme.txt	MA2407.1	PK24978.1	CACGTGT	5.61e-2	1.00e0	9.27e2	412	206	206	206	17	99	48.06	82	39.81
291	data/reference/motifs/JASPAR2026_CORE_plants_non-redundant_pfms_meme.txt	MA1214.2	ATHB-40	ACCAATAATTG	6.37e-2	1.00e0	9.27e2	363	206	206	206	1	187	90.78	176	85.44
292	data/reference/motifs/JASPAR2026_CORE_plants_non-redundant_pfms_meme.txt	MA2033.2	NAC038	TTDCKTGTDNHACAAGTWA	3.34e-1	1.00e0	9.27e2	57	206	206	206	2	13	6.31	10	4.85
293	data/reference/motifs/JASPAR2026_CORE_plants_non-redundant_pfms_meme.txt	MA1706.2	AT1G14600	WAYATTCT	5.65e-2	1.00e0	9.27e2	412	206	206	206	40	41	19.90	28	13.59
294	data/reference/motifs/JASPAR2026_CORE_plants_non-redundant_pfms_meme.txt	MA2397.1	ILR3	CACGTG	5.66e-2	1.00e0	9.27e2	411	206	206	206	8	184	89.32	172	83.50
295	data/reference/motifs/JASPAR2026_CORE_plants_non-redundant_pfms_meme.txt	MA1080.1	WRKY23	AGTCAACG	9.66e-2	1.00e0	9.27e2	242	206	206	206	1	128	62.14	114	55.34
296	data/reference/motifs/JASPAR2026_CORE_plants_non-redundant_pfms_meme.txt	MA1341.2	BZIP53	TGCTGACGTGGCA	3.81e-1	1.00e0	9.27e2	49	206	206	206	1	26	12.62	23	11.17
297	data/reference/motifs/JASPAR2026_CORE_plants_non-redundant_pfms_meme.txt	MA1027.2	KAN1	WTATTC	5.77e-2	1.00e0	9.27e2	412	206	206	206	67	61	29.61	46	22.33
298	data/reference/motifs/JASPAR2026_CORE_plants_non-redundant_pfms_meme.txt	MA1053.1	ERF109	GCGCCGCC	1.27e-1	1.00e0	9.27e2	189	206	206	206	3	33	16.02	24	11.65
299	data/reference/motifs/JASPAR2026_CORE_plants_non-redundant_pfms_meme.txt	MA0946.1	ARR11	AAGATACG	6.22e-2	1.00e0	9.27e2	386	206	206	206	4	83	40.29	67	32.52
300	data/reference/motifs/JASPAR2026_CORE_plants_non-redundant_pfms_meme.txt	MA2005.2	NAC016	TVCKTGWBCYNCAMG	2.49e-1	1.00e0	9.27e2	84	206	206	206	4	2	0.97	0	0.00
301	data/reference/motifs/JASPAR2026_CORE_plants_non-redundant_pfms_meme.txt	MA1334.2	BZIP11	TGCCACGTCAGCA	3.83e-1	1.00e0	9.27e2	51	206	206	206	1	27	13.11	24	11.65
302	data/reference/motifs/JASPAR2026_CORE_plants_non-redundant_pfms_meme.txt	MA2440.1	SPL2B	GCGGTASTACCGC	3.12e-1	1.00e0	9.27e2	66	206	206	206	3	3	1.46	1	0.49
303	data/reference/motifs/JASPAR2026_CORE_plants_non-redundant_pfms_meme.txt	MA1165.3	HHO6	AGATTCT	6.09e-2	1.00e0	9.27e2	405	206	206	206	13	6	2.91	1	0.49
304	data/reference/motifs/JASPAR2026_CORE_plants_non-redundant_pfms_meme.txt	MA1226.2	DREB2G	GGHGGAGGCGGTGG	1.75e-1	1.00e0	9.27e2	142	206	206	206	1	76	36.89	66	32.04
305	data/reference/motifs/JASPAR2026_CORE_plants_non-redundant_pfms_meme.txt	MA1259.2	ERF023	TGTCGGTGR	2.13e-1	1.00e0	9.27e2	117	206	206	206	2	16	7.77	11	5.34
306	data/reference/motifs/JASPAR2026_CORE_plants_non-redundant_pfms_meme.txt	MA0960.1	BHLH104	GGCACGTGCC	5.00e-1	1.00e0	9.27e2	36	206	206	206	4	3	1.46	2	0.97
307	data/reference/motifs/JASPAR2026_CORE_plants_non-redundant_pfms_meme.txt	MA2717.1	eil2	AGATTCR	6.06e-2	1.00e0	9.27e2	412	206	206	206	14	43	20.87	30	14.56
308	data/reference/motifs/JASPAR2026_CORE_plants_non-redundant_pfms_meme.txt	MA1158.2	MGP	AAAACGACAAAAA	1.24e-1	1.00e0	9.27e2	202	206	206	206	4	3	1.46	0	0.00
309	data/reference/motifs/JASPAR2026_CORE_plants_non-redundant_pfms_meme.txt	MA1177.2	MYB65	TAACCGHM	6.09e-2	1.00e0	9.27e2	412	206	206	206	13	6	2.91	1	0.49
310	data/reference/motifs/JASPAR2026_CORE_plants_non-redundant_pfms_meme.txt	MA2357.1	PK21687.1	WAAACCC	6.09e-2	1.00e0	9.27e2	412	206	206	206	5	205	99.51	200	97.09
311	data/reference/motifs/JASPAR2026_CORE_plants_non-redundant_pfms_meme.txt	MA2058.1	PK03929.1	CTTTW	6.09e-2	1.00e0	9.27e2	412	206	206	206	36	205	99.51	200	97.09
312	data/reference/motifs/JASPAR2026_CORE_plants_non-redundant_pfms_meme.txt	MA0952.1	ATHB-51	AATWATTG	6.09e-2	1.00e0	9.27e2	412	206	206	206	3	205	99.51	200	97.09
313	data/reference/motifs/JASPAR2026_CORE_plants_non-redundant_pfms_meme.txt	MA1687.1	ARF14	CGGGGGACAYGTCGGG	4.37e-1	1.00e0	9.27e2	44	206	206	206	1	23	11.17	21	10.19
314	data/reference/motifs/JASPAR2026_CORE_plants_non-redundant_pfms_meme.txt	MA0964.3	BIM1	TCACGTGA	1.26e-1	1.00e0	9.27e2	200	206	206	206	4	43	20.87	33	16.02
315	data/reference/motifs/JASPAR2026_CORE_plants_non-redundant_pfms_meme.txt	MA1045.2	NAC043	TWACGTAA	6.37e-2	1.00e0	9.27e2	397	206	206	206	3	136	66.02	120	58.25
316	data/reference/motifs/JASPAR2026_CORE_plants_non-redundant_pfms_meme.txt	MA1794.2	NLP7	TGVCYYTT	6.16e-2	1.00e0	9.27e2	411	206	206	206	16	4	1.94	0	0.00
317	data/reference/motifs/JASPAR2026_CORE_plants_non-redundant_pfms_meme.txt	MA0082.2	squamosa	MCAWAWATRGWAA	6.20e-2	1.00e0	9.27e2	410	206	206	206	5	156	75.73	141	68.45
318	data/reference/motifs/JASPAR2026_CORE_plants_non-redundant_pfms_meme.txt	MA0575.2	MYB77	GACRGTTAS	1.01e-1	1.00e0	9.27e2	253	206	206	206	4	11	5.34	5	2.43
319	data/reference/motifs/JASPAR2026_CORE_plants_non-redundant_pfms_meme.txt	MA2081.1	PK20317.1	CKTTW	6.22e-2	1.00e0	9.27e2	412	206	206	206	65	83	40.29	67	32.52
320	data/reference/motifs/JASPAR2026_CORE_plants_non-redundant_pfms_meme.txt	MA2762.1	myb53	AGTTAGGCAC	7.86e-2	1.00e0	9.27e2	327	206	206	206	5	13	6.31	6	2.91
321	data/reference/motifs/JASPAR2026_CORE_plants_non-redundant_pfms_meme.txt	MA1412.2	TSAR2	GCACGTGC	1.74e-1	1.00e0	9.27e2	149	206	206	206	6	12	5.83	7	3.40
322	data/reference/motifs/JASPAR2026_CORE_plants_non-redundant_pfms_meme.txt	MA1032.2	DREB1G	TGCCGACA	2.35e-1	1.00e0	9.27e2	97	206	206	206	2	11	5.34	7	3.40
323	data/reference/motifs/JASPAR2026_CORE_plants_non-redundant_pfms_meme.txt	MA1425.2	HYH	TSACGTG	1.02e-1	1.00e0	9.27e2	259	206	206	206	3	72	34.95	59	28.64
324	data/reference/motifs/JASPAR2026_CORE_plants_non-redundant_pfms_meme.txt	MA1369.2	HDG1	YAATTAATGM	6.70e-2	1.00e0	9.27e2	395	206	206	206	2	186	90.29	175	84.95
325	data/reference/motifs/JASPAR2026_CORE_plants_non-redundant_pfms_meme.txt	MA0935.1	NAC025	YACGTAAY	1.09e-1	1.00e0	9.27e2	244	206	206	206	2	60	29.13	48	23.30
326	data/reference/motifs/JASPAR2026_CORE_plants_non-redundant_pfms_meme.txt	MA2361.1	PRUPE_ppa000682mg	GTACGG	6.47e-2	1.00e0	9.27e2	412	206	206	206	18	134	65.05	118	57.28
327	data/reference/motifs/JASPAR2026_CORE_plants_non-redundant_pfms_meme.txt	MA1251.2	RAP2-9	CACCGACAW	2.56e-1	1.00e0	9.27e2	105	206	206	206	2	13	6.31	9	4.37
328	data/reference/motifs/JASPAR2026_CORE_plants_non-redundant_pfms_meme.txt	MA0590.1	LFY	YATTRACCGSCGGTYAATR	6.60e-1	1.00e0	9.27e2	25	206	206	206	2	12	5.83	13	6.31
329	data/reference/motifs/JASPAR2026_CORE_plants_non-redundant_pfms_meme.txt	MA0574.1	MYB15	CRACGGTAGGTGG	5.00e-1	1.00e0	9.27e2	39	206	206	206	1	20	9.71	19	9.22
330	data/reference/motifs/JASPAR2026_CORE_plants_non-redundant_pfms_meme.txt	MA1031.2	OJ1581_H09.2	GGGCCC	7.91e-2	1.00e0	9.27e2	343	206	206	206	4	132	64.08	117	56.80
331	data/reference/motifs/JASPAR2026_CORE_plants_non-redundant_pfms_meme.txt	MA1744.2	BZIP30	GMCAGCTGK	6.88e-2	1.00e0	9.27e2	395	206	206	206	3	162	78.64	148	71.84
332	data/reference/motifs/JASPAR2026_CORE_plants_non-redundant_pfms_meme.txt	MA0988.2	PHYPADRAFT_143875	CACGTG	7.10e-2	1.00e0	9.27e2	383	206	206	206	14	26	12.62	16	7.77
333	data/reference/motifs/JASPAR2026_CORE_plants_non-redundant_pfms_meme.txt	MA1374.2	IDD7	ASAAAACGACAAAA	1.31e-1	1.00e0	9.27e2	208	206	206	206	2	45	21.84	35	16.99
334	data/reference/motifs/JASPAR2026_CORE_plants_non-redundant_pfms_meme.txt	MA2038.2	NAC103	CAAGTTA	6.64e-2	1.00e0	9.27e2	412	206	206	206	13	46	22.33	33	16.02
335	data/reference/motifs/JASPAR2026_CORE_plants_non-redundant_pfms_meme.txt	MA2454.1	SPL8D1	ATAGTACATA	6.66e-2	1.00e0	9.27e2	411	206	206	206	7	129	62.62	113	54.85
336	data/reference/motifs/JASPAR2026_CORE_plants_non-redundant_pfms_meme.txt	MA2425.1	SPL11A	SCGGTACTACCG	1.86e-1	1.00e0	9.27e2	149	206	206	206	4	4	1.94	1	0.49
337	data/reference/motifs/JASPAR2026_CORE_plants_non-redundant_pfms_meme.txt	MA1068.3	TGA2	ATGACGTCAY	2.45e-1	1.00e0	9.27e2	99	206	206	206	1	53	25.73	46	22.33
338	data/reference/motifs/JASPAR2026_CORE_plants_non-redundant_pfms_meme.txt	MA1390.3	HHO2	AAGATTCC	6.81e-2	1.00e0	9.27e2	408	206	206	206	5	124	60.19	108	52.43
339	data/reference/motifs/JASPAR2026_CORE_plants_non-redundant_pfms_meme.txt	MA1745.2	BZIP63	TSACGTGG	9.37e-2	1.00e0	9.27e2	297	206	206	206	1	155	75.24	142	68.93
340	data/reference/motifs/JASPAR2026_CORE_plants_non-redundant_pfms_meme.txt	MA2711.1	SolycHsfB2b	TTCTAGAA	1.59e-1	1.00e0	9.27e2	175	206	206	206	1	93	45.15	82	39.81
341	data/reference/motifs/JASPAR2026_CORE_plants_non-redundant_pfms_meme.txt	MA0548.3	AGL15	TTTCCWTTTTDGGWAA	1.39e-1	1.00e0	9.27e2	202	206	206	206	1	107	51.94	95	46.12
342	data/reference/motifs/JASPAR2026_CORE_plants_non-redundant_pfms_meme.txt	MA1264.2	ERF095	RYGGCGGCGGHGG	2.87e-1	1.00e0	9.27e2	83	206	206	206	3	8	3.88	5	2.43
343	data/reference/motifs/JASPAR2026_CORE_plants_non-redundant_pfms_meme.txt	MA2714.1	APETALA2a	ATTACCTCGTACYA	2.74e-1	1.00e0	9.27e2	88	206	206	206	1	47	22.82	41	19.90
344	data/reference/motifs/JASPAR2026_CORE_plants_non-redundant_pfms_meme.txt	MA2718.1	Sl-ERF_A_3	GGYGGCGGCGGCGGCGG	6.25e-1	1.00e0	9.27e2	29	206	206	206	3	5	2.43	5	2.43
345	data/reference/motifs/JASPAR2026_CORE_plants_non-redundant_pfms_meme.txt	MA2009.2	NAC010	TAACTTGTDNHACAAGTTACC	5.00e-1	1.00e0	9.27e2	41	206	206	206	2	10	4.85	9	4.37
346	data/reference/motifs/JASPAR2026_CORE_plants_non-redundant_pfms_meme.txt	MA2342.1	URI	CACGTG	7.85e-2	1.00e0	9.27e2	365	206	206	206	10	53	25.73	40	19.42
347	data/reference/motifs/JASPAR2026_CORE_plants_non-redundant_pfms_meme.txt	MA2719.1	lat61	CRCACGTGYG	3.45e-1	1.00e0	9.27e2	68	206	206	206	2	36	17.48	32	15.53
348	data/reference/motifs/JASPAR2026_CORE_plants_non-redundant_pfms_meme.txt	MA2615.1	ereb109	CGCCGCC	8.54e-1	1.00e0	9.27e2	15	206	206	206	1	6	2.91	9	4.37
349	data/reference/motifs/JASPAR2026_CORE_plants_non-redundant_pfms_meme.txt	MA2379.1	DOF3.1	CKTT	7.00e-2	1.00e0	9.27e2	412	206	206	206	88	203	98.54	197	95.63
350	data/reference/motifs/JASPAR2026_CORE_plants_non-redundant_pfms_meme.txt	MA0552.2	PIF1	CACGTG	1.39e-1	1.00e0	9.27e2	208	206	206	206	1	110	53.40	98	47.57
351	data/reference/motifs/JASPAR2026_CORE_plants_non-redundant_pfms_meme.txt	MA1756.2	GRF9	TGTCAGA	8.48e-2	1.00e0	9.27e2	347	206	206	206	5	18	8.74	10	4.85
352	data/reference/motifs/JASPAR2026_CORE_plants_non-redundant_pfms_meme.txt	MA1356.1	TRP2	AACCCTAAACCCTAAACCCTA	9.47e-1	1.00e0	9.27e2	10	206	206	206	1	3	1.46	7	3.40
353	data/reference/motifs/JASPAR2026_CORE_plants_non-redundant_pfms_meme.txt	MA1234.2	ERF017	TGGWCGGTG	1.46e-1	1.00e0	9.27e2	207	206	206	206	3	15	7.28	9	4.37
354	data/reference/motifs/JASPAR2026_CORE_plants_non-redundant_pfms_meme.txt	MA1324.1	GATA20	ATCSGATC	1.24e-1	1.00e0	9.27e2	245	206	206	206	14	3	1.46	0	0.00
355	data/reference/motifs/JASPAR2026_CORE_plants_non-redundant_pfms_meme.txt	MA0980.3	RAP2-10	RCCGACA	9.18e-2	1.00e0	9.27e2	332	206	206	206	5	19	9.22	11	5.34
356	data/reference/motifs/JASPAR2026_CORE_plants_non-redundant_pfms_meme.txt	MA1164.2	HHO5	RAAGATTC	8.40e-2	1.00e0	9.27e2	363	206	206	206	2	148	71.84	134	65.05
357	data/reference/motifs/JASPAR2026_CORE_plants_non-redundant_pfms_meme.txt	MA1810.2	GLYMA-08G357600	ATGCATGCA	8.53e-2	1.00e0	9.27e2	362	206	206	206	9	37	17.96	26	12.62
358	data/reference/motifs/JASPAR2026_CORE_plants_non-redundant_pfms_meme.txt	MA1309.1	WRKY3	AAAAGTCAACG	1.30e-1	1.00e0	9.27e2	241	206	206	206	4	9	4.37	4	1.94
359	data/reference/motifs/JASPAR2026_CORE_plants_non-redundant_pfms_meme.txt	MA1299.2	WRKY17	AAAGTCAACG	1.24e-1	1.00e0	9.27e2	252	206	206	206	5	3	1.46	0	0.00
360	data/reference/motifs/JASPAR2026_CORE_plants_non-redundant_pfms_meme.txt	MA1215.2	ATHB-53	CAATAATTG	8.25e-2	1.00e0	9.27e2	380	206	206	206	8	36	17.48	25	12.14
361	data/reference/motifs/JASPAR2026_CORE_plants_non-redundant_pfms_meme.txt	MA1266.2	RAP2-11	YCDYCGCCGGC	2.36e-1	1.00e0	9.27e2	134	206	206	206	2	31	15.05	25	12.14
362	data/reference/motifs/JASPAR2026_CORE_plants_non-redundant_pfms_meme.txt	MA1310.2	WRKY42	CGTTGACT	1.24e-1	1.00e0	9.27e2	257	206	206	206	5	3	1.46	0	0.00
363	data/reference/motifs/JASPAR2026_CORE_plants_non-redundant_pfms_meme.txt	MA1213.3	ZHD3	CAATTATTG	8.03e-2	1.00e0	9.27e2	398	206	206	206	8	68	33.01	54	26.21
364	data/reference/motifs/JASPAR2026_CORE_plants_non-redundant_pfms_meme.txt	MA2709.1	SolycHsfA2	TTCTAGAAKMTTCTA	2.33e-1	1.00e0	9.27e2	138	206	206	206	1	73	35.44	65	31.55
365	data/reference/motifs/JASPAR2026_CORE_plants_non-redundant_pfms_meme.txt	MA1049.2	ERF094	MGCCGCC	2.21e-1	1.00e0	9.27e2	145	206	206	206	2	27	13.11	21	10.19
366	data/reference/motifs/JASPAR2026_CORE_plants_non-redundant_pfms_meme.txt	MA1802.2	TRP5	WAAACCY	7.86e-2	1.00e0	9.27e2	412	206	206	206	17	200	97.09	193	93.69
367	data/reference/motifs/JASPAR2026_CORE_plants_non-redundant_pfms_meme.txt	MA1388.2	PHL2	VGAATMT	8.14e-2	1.00e0	9.27e2	397	206	206	206	4	126	61.17	111	53.88
368	data/reference/motifs/JASPAR2026_CORE_plants_non-redundant_pfms_meme.txt	MA2376.1	CAMTA5	CGYGTNDDAWVCGYGT	1.36e-1	1.00e0	9.27e2	239	206	206	206	3	47	22.82	37	17.96
369	data/reference/motifs/JASPAR2026_CORE_plants_non-redundant_pfms_meme.txt	MA1344.2	BZIP28	TSACGTGGCA	2.03e-1	1.00e0	9.27e2	160	206	206	206	2	34	16.50	27	13.11
370	data/reference/motifs/JASPAR2026_CORE_plants_non-redundant_pfms_meme.txt	MA2420.1	SBP6	AAGTACAA	7.96e-2	1.00e0	9.27e2	408	206	206	206	9	35	16.99	24	11.65
371	data/reference/motifs/JASPAR2026_CORE_plants_non-redundant_pfms_meme.txt	MA2670.1	GLYMA-15G168800	CAATGATTG	9.85e-2	1.00e0	9.27e2	332	206	206	206	6	15	7.28	8	3.88
372	data/reference/motifs/JASPAR2026_CORE_plants_non-redundant_pfms_meme.txt	MA0578.1	SPL8	WWDWHYGTACHHTWWW	1.35e-1	1.00e0	9.27e2	242	206	206	206	1	127	61.65	115	55.83
373	data/reference/motifs/JASPAR2026_CORE_plants_non-redundant_pfms_meme.txt	MA2619.1	ereb18	CCGCCGCCGCCCGCC	3.15e-1	1.00e0	9.27e2	87	206	206	206	1	46	22.33	41	19.90
374	data/reference/motifs/JASPAR2026_CORE_plants_non-redundant_pfms_meme.txt	MA1076.3	WRKY15	RGTCAACG	8.88e-2	1.00e0	9.27e2	373	206	206	206	1	191	92.72	182	88.35
375	data/reference/motifs/JASPAR2026_CORE_plants_non-redundant_pfms_meme.txt	MA2643.1	SNAC23	YACGGAACT	8.74e-2	1.00e0	9.27e2	381	206	206	206	8	7	3.40	2	0.97
376	data/reference/motifs/JASPAR2026_CORE_plants_non-redundant_pfms_meme.txt	MA2011.2	ERF010	CACCGACA	1.10e-1	1.00e0	9.27e2	302	206	206	206	1	157	76.21	145	70.39
377	data/reference/motifs/JASPAR2026_CORE_plants_non-redundant_pfms_meme.txt	MA0992.3	ERF4	CCGCCGYCA	1.71e-1	1.00e0	9.27e2	195	206	206	206	2	50	24.27	41	19.90
378	data/reference/motifs/JASPAR2026_CORE_plants_non-redundant_pfms_meme.txt	MA2400.1	LjTCP20	GGGACCAY	1.67e-1	1.00e0	9.27e2	199	206	206	206	2	48	23.30	39	18.93
379	data/reference/motifs/JASPAR2026_CORE_plants_non-redundant_pfms_meme.txt	MA0559.1	PI	CCAAAARWRGAAAR	8.36e-2	1.00e0	9.27e2	403	206	206	206	5	106	51.46	91	44.17
380	data/reference/motifs/JASPAR2026_CORE_plants_non-redundant_pfms_meme.txt	MA0589.2	WRKY1	TTGACCGAGY	1.62e-1	1.00e0	9.27e2	207	206	206	206	1	109	52.91	98	47.57
381	data/reference/motifs/JASPAR2026_CORE_plants_non-redundant_pfms_meme.txt	MA1753.2	ERF057	CCDCCDCCRCCGCC	2.72e-1	1.00e0	9.27e2	123	206	206	206	3	15	7.28	11	5.34
382	data/reference/motifs/JASPAR2026_CORE_plants_non-redundant_pfms_meme.txt	MA2673.1	GLYMA-15G086400	WTCTAGAAMCTTCTAGAR	3.12e-1	1.00e0	9.27e2	110	206	206	206	4	3	1.46	1	0.49
383	data/reference/motifs/JASPAR2026_CORE_plants_non-redundant_pfms_meme.txt	MA2653.1	GLYMA-03G042700	GTTTGACTTT	8.60e-2	1.00e0	9.27e2	398	206	206	206	9	10	4.85	4	1.94
384	data/reference/motifs/JASPAR2026_CORE_plants_non-redundant_pfms_meme.txt	MA2647.1	GLYMA-12G226000	AAGTACAA	8.29e-2	1.00e0	9.27e2	411	206	206	206	8	120	58.25	105	50.97
385	data/reference/motifs/JASPAR2026_CORE_plants_non-redundant_pfms_meme.txt	MA1205.1	AGL6	TTWCCAAAAAWGGAAAAWW	1.86e-1	1.00e0	9.27e2	182	206	206	206	1	96	46.60	86	41.75
386	data/reference/motifs/JASPAR2026_CORE_plants_non-redundant_pfms_meme.txt	MA1156.2	JKD	TTTTGTCKTTTT	9.92e-2	1.00e0	9.27e2	345	206	206	206	2	119	57.77	105	50.97
387	data/reference/motifs/JASPAR2026_CORE_plants_non-redundant_pfms_meme.txt	MA2438.1	SPL1D	GCRGTASTACCGCT	4.44e-1	1.00e0	9.27e2	58	206	206	206	1	30	14.56	28	13.59
388	data/reference/motifs/JASPAR2026_CORE_plants_non-redundant_pfms_meme.txt	MA2084.1	PK23009.1	CTTTW	8.32e-2	1.00e0	9.27e2	412	206	206	206	59	187	90.78	177	85.92
389	data/reference/motifs/JASPAR2026_CORE_plants_non-redundant_pfms_meme.txt	MA1097.1	ARALYDRAFT_493022	GGSMCCAC	1.86e-1	1.00e0	9.27e2	182	206	206	206	4	4	1.94	1	0.49
390	data/reference/motifs/JASPAR2026_CORE_plants_non-redundant_pfms_meme.txt	MA0937.1	NAC055	ACACGTAA	8.38e-2	1.00e0	9.27e2	404	206	206	206	5	113	54.85	98	47.57
391	data/reference/motifs/JASPAR2026_CORE_plants_non-redundant_pfms_meme.txt	MA2667.1	GLYMA-13G236500	ACGACGGCGGAG	2.11e-1	1.00e0	9.27e2	167	206	206	206	1	88	42.72	79	38.35
392	data/reference/motifs/JASPAR2026_CORE_plants_non-redundant_pfms_meme.txt	MA2634.1	EIN3	AGATTCATTGAATCT	1.79e-1	1.00e0	9.27e2	197	206	206	206	4	19	9.22	13	6.31
393	data/reference/motifs/JASPAR2026_CORE_plants_non-redundant_pfms_meme.txt	MA1188.1	At3g11280	AWYCTTATCTTHWY	8.70e-2	1.00e0	9.27e2	401	206	206	206	2	186	90.29	176	85.44
394	data/reference/motifs/JASPAR2026_CORE_plants_non-redundant_pfms_meme.txt	MA1392.3	MYB98	WMCGTTAC	1.03e-1	1.00e0	9.27e2	335	206	206	206	1	173	83.98	162	78.64
395	data/reference/motifs/JASPAR2026_CORE_plants_non-redundant_pfms_meme.txt	MA1094.3	WRKY8	AAAAGTCAACG	1.24e-1	1.00e0	9.27e2	280	206	206	206	5	3	1.46	0	0.00
396	data/reference/motifs/JASPAR2026_CORE_plants_non-redundant_pfms_meme.txt	MA1785.2	NAC018	ACACGYAACY	1.07e-1	1.00e0	9.27e2	325	206	206	206	4	36	17.48	26	12.62
397	data/reference/motifs/JASPAR2026_CORE_plants_non-redundant_pfms_meme.txt	MA1336.2	TGA3	RTGACGTCAKC	3.54e-1	1.00e0	9.27e2	80	206	206	206	1	42	20.39	38	18.45
398	data/reference/motifs/JASPAR2026_CORE_plants_non-redundant_pfms_meme.txt	MA1257.2	ERF9	GGCGGHKRYGGCGGCGGMG	4.45e-1	1.00e0	9.27e2	60	206	206	206	1	31	15.05	29	14.08
399	data/reference/motifs/JASPAR2026_CORE_plants_non-redundant_pfms_meme.txt	MA1229.2	ERF034	TGTCGGTGR	2.79e-1	1.00e0	9.27e2	123	206	206	206	2	16	7.77	12	5.83
400	data/reference/motifs/JASPAR2026_CORE_plants_non-redundant_pfms_meme.txt	MA2398.1	AS2	CGGCGGMRRHDRCGGCGG	4.45e-1	1.00e0	9.27e2	60	206	206	206	1	31	15.05	29	14.08
401	data/reference/motifs/JASPAR2026_CORE_plants_non-redundant_pfms_meme.txt	MA2348.1	IDD6	TTTTTGTCGTTTTSTK	1.69e-1	1.00e0	9.27e2	210	206	206	206	4	7	3.40	3	1.46
402	data/reference/motifs/JASPAR2026_CORE_plants_non-redundant_pfms_meme.txt	MA1811.3	GLYMA-13G317000	GGACACSTGTCA	5.00e-1	1.00e0	9.27e2	239	206	206	206	1	120	58.25	119	57.77
403	data/reference/motifs/JASPAR2026_CORE_plants_non-redundant_pfms_meme.txt	MA2668.1	GLYMA-20G155100	RCCGACAT	2.12e-1	1.00e0	9.27e2	280	206	206	206	3	37	17.96	30	14.56
404	data/reference/motifs/JASPAR2026_CORE_plants_non-redundant_pfms_meme.txt	MA2665.1	GLYMA-11G053600	CACCGACAC	3.54e-1	1.00e0	9.27e2	332	206	206	206	1	168	81.55	164	79.61
405	data/reference/motifs/JASPAR2026_CORE_plants_non-redundant_pfms_meme.txt	MA2663.1	GLYMA-02G261700	TCACCGACATA	3.77e-1	1.00e0	9.27e2	262	206	206	206	2	70	33.98	66	32.04
406	data/reference/motifs/JASPAR2026_CORE_plants_non-redundant_pfms_meme.txt	MA2662.1	GLYMA-13G153200	GCCACGTCA	2.79e-1	1.00e0	9.27e2	350	206	206	206	6	16	7.77	12	5.83
407	data/reference/motifs/JASPAR2026_CORE_plants_non-redundant_pfms_meme.txt	MA2660.1	GLYMA-12G168700	WWWTGTAATTACAWWW	3.43e-1	1.00e0	9.27e2	352	206	206	206	16	4	1.94	2	0.97
408	data/reference/motifs/JASPAR2026_CORE_plants_non-redundant_pfms_meme.txt	MA2658.1	GLYMA-19G094100	ATTGACTTW	1.01e-1	1.00e0	9.27e2	405	206	206	206	4	148	71.84	135	65.53
409	data/reference/motifs/JASPAR2026_CORE_plants_non-redundant_pfms_meme.txt	MA2657.1	GLYMA-14G028900	AAAAGTCAAA	1.46e-1	1.00e0	9.27e2	397	206	206	206	1	201	97.57	196	95.15
410	data/reference/motifs/JASPAR2026_CORE_plants_non-redundant_pfms_meme.txt	MA2656.1	GLYMA-14G006800	TGGTCAACCA	2.43e-1	1.00e0	9.27e2	387	206	206	206	2	161	78.16	154	74.76
411	data/reference/motifs/JASPAR2026_CORE_plants_non-redundant_pfms_meme.txt	MA2654.1	GLYMA-05G127600	GGTCAAC	2.72e-1	1.00e0	9.27e2	407	206	206	206	13	7	3.40	4	1.94
412	data/reference/motifs/JASPAR2026_CORE_plants_non-redundant_pfms_meme.txt	MA2652.1	GLYMA-01G053800	AGTTGAC	5.00e-1	1.00e0	9.27e2	399	206	206	206	21	1	0.49	0	0.00
413	data/reference/motifs/JASPAR2026_CORE_plants_non-redundant_pfms_meme.txt	MA2644.1	GLYMA-14G030700	AACGACGGCA	2.74e-1	1.00e0	9.27e2	262	206	206	206	3	47	22.82	41	19.90
414	data/reference/motifs/JASPAR2026_CORE_plants_non-redundant_pfms_meme.txt	MA2642.1	GLYMA-10G230700	AAGATATTTWTW	1.96e-1	1.00e0	9.27e2	364	206	206	206	6	32	15.53	25	12.14
415	data/reference/motifs/JASPAR2026_CORE_plants_non-redundant_pfms_meme.txt	MA2641.1	GLYMA-01G038600	CCTTATCCA	5.00e-1	1.00e0	9.27e2	400	206	206	206	3	158	76.70	157	76.21
416	data/reference/motifs/JASPAR2026_CORE_plants_non-redundant_pfms_meme.txt	MA2640.1	GLYMA-19G062000	GTAACAGTTAC	1.89e-1	1.00e0	9.27e2	334	206	206	206	1	171	83.01	163	79.13
417	data/reference/motifs/JASPAR2026_CORE_plants_non-redundant_pfms_meme.txt	MA2480.1	GLYMA-04G093300	CTAATC	1.39e-1	1.00e0	9.27e2	375	206	206	206	3	112	54.37	100	48.54
418	data/reference/motifs/JASPAR2026_CORE_plants_non-redundant_pfms_meme.txt	MA2745.1	SlWRKY81	AAGTCAAC	2.69e-1	1.00e0	9.27e2	404	206	206	206	6	78	37.86	71	34.47
419	data/reference/motifs/JASPAR2026_CORE_plants_non-redundant_pfms_meme.txt	MA2744.1	SlWRKY40	AAAGTCAA	1.78e-1	1.00e0	9.27e2	411	206	206	206	9	54	26.21	45	21.84
420	data/reference/motifs/JASPAR2026_CORE_plants_non-redundant_pfms_meme.txt	MA2743.1	SlWRKY23	AAAGTCAAM	1.46e-1	1.00e0	9.27e2	400	206	206	206	8	15	7.28	9	4.37
421	data/reference/motifs/JASPAR2026_CORE_plants_non-redundant_pfms_meme.txt	MA2742.1	SlWRKY11	GTTGACTTTT	2.51e-1	1.00e0	9.27e2	235	206	206	206	4	6	2.91	3	1.46
422	data/reference/motifs/JASPAR2026_CORE_plants_non-redundant_pfms_meme.txt	MA2741.1	SlWRKY7	AAAAAGTCAACC	2.49e-1	1.00e0	9.27e2	307	206	206	206	6	2	0.97	0	0.00
423	data/reference/motifs/JASPAR2026_CORE_plants_non-redundant_pfms_meme.txt	MA2737.1	SlERF36	CMGCCGCCAC	3.71e-1	1.00e0	9.27e2	282	206	206	206	5	22	10.68	19	9.22
424	data/reference/motifs/JASPAR2026_CORE_plants_non-redundant_pfms_meme.txt	MA2735.1	SlbHLH014	GMCACGTGBC	2.49e-1	1.00e0	9.27e2	173	206	206	206	10	2	0.97	0	0.00
425	data/reference/motifs/JASPAR2026_CORE_plants_non-redundant_pfms_meme.txt	MA2732.1	Sl-ERF_C_4	YCGCCGCCGCCR	5.49e-1	1.00e0	9.27e2	153	206	206	206	2	42	20.39	42	20.39
426	data/reference/motifs/JASPAR2026_CORE_plants_non-redundant_pfms_meme.txt	MA2731.1	sep3	WTTTCCAAAAAGGGAAAAAAW	7.97e-1	1.00e0	9.27e2	61	206	206	206	1	28	13.59	33	16.02
427	data/reference/motifs/JASPAR2026_CORE_plants_non-redundant_pfms_meme.txt	MA2729.1	vahox1	AAATAATTG	9.59e-2	1.00e0	9.27e2	403	206	206	206	13	41	19.90	30	14.56
428	data/reference/motifs/JASPAR2026_CORE_plants_non-redundant_pfms_meme.txt	MA2728.1	SolycHsfC1	RGAAGTTTCTAG	1.89e-1	1.00e0	9.27e2	271	206	206	206	3	30	14.56	23	11.17
429	data/reference/motifs/JASPAR2026_CORE_plants_non-redundant_pfms_meme.txt	MA2726.1	SlWRKY41	GTTGACTT	5.78e-1	1.00e0	9.27e2	393	206	206	206	4	111	53.88	112	54.37
430	data/reference/motifs/JASPAR2026_CORE_plants_non-redundant_pfms_meme.txt	MA2725.1	SlWRKY6	AAAGTCAAC	1.46e-1	1.00e0	9.27e2	405	206	206	206	2	201	97.57	196	95.15
431	data/reference/motifs/JASPAR2026_CORE_plants_non-redundant_pfms_meme.txt	MA2723.1	Solyc06g060230	ACACGTCTCT	1.31e-1	1.00e0	9.27e2	388	206	206	206	4	83	40.29	71	34.47
432	data/reference/motifs/JASPAR2026_CORE_plants_non-redundant_pfms_meme.txt	MA2722.1	Sl-ERF_F_2	CGGCGGCKGCGGCGR	5.80e-1	1.00e0	9.27e2	52	206	206	206	2	13	6.31	13	6.31
433	data/reference/motifs/JASPAR2026_CORE_plants_non-redundant_pfms_meme.txt	MA2716.1	dreb3	CCACCGACCA	3.73e-1	1.00e0	9.27e2	290	206	206	206	1	147	71.36	143	69.42
434	data/reference/motifs/JASPAR2026_CORE_plants_non-redundant_pfms_meme.txt	MA2715.1	Solyc03g124110	RTCTATGTCGGYWAA	5.00e-1	1.00e0	9.27e2	86	206	206	206	2	6	2.91	5	2.43
435	data/reference/motifs/JASPAR2026_CORE_plants_non-redundant_pfms_meme.txt	MA2713.1	SlDof14	CTTTTTC	3.84e-1	1.00e0	9.27e2	409	206	206	206	5	110	53.40	106	51.46
436	data/reference/motifs/JASPAR2026_CORE_plants_non-redundant_pfms_meme.txt	MA2710.1	SolycHsfB1	TTCTAGAA	1.51e-1	1.00e0	9.27e2	261	206	206	206	4	55	26.70	45	21.84
437	data/reference/motifs/JASPAR2026_CORE_plants_non-redundant_pfms_meme.txt	MA2708.1	SlDof4	AGAAAAAGTAA	3.00e-1	1.00e0	9.27e2	412	206	206	206	4	200	97.09	197	95.63
438	data/reference/motifs/JASPAR2026_CORE_plants_non-redundant_pfms_meme.txt	MA2752.1	TaOBF1b	TGCCACGTCATCATC	5.00e-1	1.00e0	9.27e2	165	206	206	206	2	30	14.56	29	14.08
439	data/reference/motifs/JASPAR2026_CORE_plants_non-redundant_pfms_meme.txt	MA2751.1	TraesCS2B02G304400	CCACTCGACC	6.43e-1	1.00e0	9.27e2	281	206	206	206	3	41	19.90	43	20.87
440	data/reference/motifs/JASPAR2026_CORE_plants_non-redundant_pfms_meme.txt	MA2749.1	TraesCS2D02G576500	GAAGCAAC	2.50e-1	1.00e0	9.27e2	402	206	206	206	3	156	75.73	149	72.33
441	data/reference/motifs/JASPAR2026_CORE_plants_non-redundant_pfms_meme.txt	MA2748.1	TraesCS6B02G321100	CAATTATTG	1.47e-1	1.00e0	9.27e2	398	206	206	206	3	163	79.13	153	74.27
442	data/reference/motifs/JASPAR2026_CORE_plants_non-redundant_pfms_meme.txt	MA2747.1	TraesCS6A02G290800	CAATAATTG	1.44e-1	1.00e0	9.27e2	402	206	206	206	2	192	93.20	185	89.81
443	data/reference/motifs/JASPAR2026_CORE_plants_non-redundant_pfms_meme.txt	MA2761.1	myb100	TRCCTAACTT	2.46e-1	1.00e0	9.27e2	392	206	206	206	1	198	96.12	194	94.17
444	data/reference/motifs/JASPAR2026_CORE_plants_non-redundant_pfms_meme.txt	MA2760.1	p2	CACCTAAC	5.00e-1	1.00e0	9.27e2	407	206	206	206	12	15	7.28	14	6.80
445	data/reference/motifs/JASPAR2026_CORE_plants_non-redundant_pfms_meme.txt	MA2759.1	ereb7	GCGGCGGCGGCGG	1.00e0	1.00e0	9.27e2	2	206	206	206	1	0	0.00	2	0.97
446	data/reference/motifs/JASPAR2026_CORE_plants_non-redundant_pfms_meme.txt	MA2758.1	ereb122	CCGACCA	1.39e-1	1.00e0	9.27e2	396	206	206	206	5	102	49.51	90	43.69
447	data/reference/motifs/JASPAR2026_CORE_plants_non-redundant_pfms_meme.txt	MA2757.1	pbf1	ATAAAGT	3.74e-1	1.00e0	9.27e2	412	206	206	206	22	23	11.17	20	9.71
448	data/reference/motifs/JASPAR2026_CORE_plants_non-redundant_pfms_meme.txt	MA2756.1	dfo23	TACCTTTTTCT	3.12e-1	1.00e0	9.27e2	411	206	206	206	2	205	99.51	203	98.54
449	data/reference/motifs/JASPAR2026_CORE_plants_non-redundant_pfms_meme.txt	MA2755.1	hsftf24	ACTAGAAGCTTCTGGAA	3.09e-1	1.00e0	9.27e2	174	206	206	206	1	90	43.69	84	40.78
450	data/reference/motifs/JASPAR2026_CORE_plants_non-redundant_pfms_meme.txt	MA2754.1	wrky38	CGTGGACC	3.22e-1	1.00e0	9.27e2	376	206	206	206	2	159	77.18	154	74.76
451	data/reference/motifs/JASPAR2026_CORE_plants_non-redundant_pfms_meme.txt	MA2753.1	cpp8	GAATTTGAAW	1.86e-1	1.00e0	9.27e2	411	206	206	206	3	205	99.51	202	98.06
452	data/reference/motifs/JASPAR2026_CORE_plants_non-redundant_pfms_meme.txt	MA2627.1	bzip9	CACGTCA	2.76e-1	1.00e0	9.27e2	404	206	206	206	6	93	45.15	86	41.75
453	data/reference/motifs/JASPAR2026_CORE_plants_non-redundant_pfms_meme.txt	MA2626.1	bzip40	GTGACGTGGC	2.10e-1	1.00e0	9.27e2	364	206	206	206	4	85	41.26	76	36.89
454	data/reference/motifs/JASPAR2026_CORE_plants_non-redundant_pfms_meme.txt	MA2625.1	mybr17	CATTATC	1.67e-1	1.00e0	9.27e2	412	206	206	206	20	35	16.99	27	13.11
455	data/reference/motifs/JASPAR2026_CORE_plants_non-redundant_pfms_meme.txt	MA2624.1	myb37	TAACCGAA	2.51e-1	1.00e0	9.27e2	411	206	206	206	15	6	2.91	3	1.46
456	data/reference/motifs/JASPAR2026_CORE_plants_non-redundant_pfms_meme.txt	MA2623.1	hb66	CCAATCA	1.30e-1	1.00e0	9.27e2	412	206	206	206	7	202	98.06	197	95.63
457	data/reference/motifs/JASPAR2026_CORE_plants_non-redundant_pfms_meme.txt	MA2620.1	g2	CCTTATCC	2.91e-1	1.00e0	9.27e2	406	206	206	206	2	192	93.20	188	91.26
458	data/reference/motifs/JASPAR2026_CORE_plants_non-redundant_pfms_meme.txt	MA2618.1	ereb102	CGACGGCGA	5.97e-1	1.00e0	9.27e2	252	206	206	206	3	41	19.90	42	20.39
459	data/reference/motifs/JASPAR2026_CORE_plants_non-redundant_pfms_meme.txt	MA2617.1	ereb54	GCGGCGGCGGC	5.00e-1	1.00e0	9.27e2	56	206	206	206	17	1	0.49	0	0.00
460	data/reference/motifs/JASPAR2026_CORE_plants_non-redundant_pfms_meme.txt	MA2614.1	ereb198	SCGCCGCCGCCR	6.50e-1	1.00e0	9.27e2	74	206	206	206	1	36	17.48	38	18.45
461	data/reference/motifs/JASPAR2026_CORE_plants_non-redundant_pfms_meme.txt	MA2613.1	ereb34	GCCGCCGCCGCCCS	4.06e-1	1.00e0	9.27e2	91	206	206	206	1	47	22.82	44	21.36
462	data/reference/motifs/JASPAR2026_CORE_plants_non-redundant_pfms_meme.txt	MA2612.1	ereb147	ACGCCGAC	5.00e-1	1.00e0	9.27e2	309	206	206	206	5	32	15.53	31	15.05
463	data/reference/motifs/JASPAR2026_CORE_plants_non-redundant_pfms_meme.txt	MA2609.1	ereb172	CAGCCGCA	1.12e-1	1.00e0	9.27e2	343	206	206	206	2	134	65.05	121	58.74
464	data/reference/motifs/JASPAR2026_CORE_plants_non-redundant_pfms_meme.txt	MA2608.1	glk53	AAGGAATATTCTTT	3.38e-1	1.00e0	9.27e2	345	206	206	206	2	140	67.96	135	65.53
465	data/reference/motifs/JASPAR2026_CORE_plants_non-redundant_pfms_meme.txt	MA2607.1	tcptf23	GGGACCAC	2.45e-1	1.00e0	9.27e2	351	206	206	206	5	53	25.73	46	22.33
466	data/reference/motifs/JASPAR2026_CORE_plants_non-redundant_pfms_meme.txt	MA2606.1	mybr43	CCTTATCC	1.13e-1	1.00e0	9.27e2	408	206	206	206	6	87	42.23	74	35.92
467	data/reference/motifs/JASPAR2026_CORE_plants_non-redundant_pfms_meme.txt	MA2605.1	mybr26	CCTTATCC	2.20e-1	1.00e0	9.27e2	407	206	206	206	7	61	29.61	53	25.73
468	data/reference/motifs/JASPAR2026_CORE_plants_non-redundant_pfms_meme.txt	MA2604.1	dof22	ACTTTTAC	1.24e-1	1.00e0	9.27e2	412	206	206	206	9	195	94.66	188	91.26
469	data/reference/motifs/JASPAR2026_CORE_plants_non-redundant_pfms_meme.txt	MA2473.1	HB88	TTGATTG	8.81e-2	1.00e0	9.27e2	412	206	206	206	25	38	18.45	27	13.11
470	data/reference/motifs/JASPAR2026_CORE_plants_non-redundant_pfms_meme.txt	MA1378.2	AIL6	TCCTCGA	1.26e-1	1.00e0	9.27e2	408	206	206	206	9	76	36.89	64	31.07
471	data/reference/motifs/JASPAR2026_CORE_plants_non-redundant_pfms_meme.txt	MA1776.3	MYB67	TACCTAACA	1.24e-1	1.00e0	9.27e2	394	206	206	206	13	3	1.46	0	0.00
472	data/reference/motifs/JASPAR2026_CORE_plants_non-redundant_pfms_meme.txt	MA2637.1	FUL::AG::SEP3	WTWCCAWAAATAGAAA	2.42e-1	1.00e0	9.27e2	395	206	206	206	3	124	60.19	116	56.31
473	data/reference/motifs/JASPAR2026_CORE_plants_non-redundant_pfms_meme.txt	MA2636.1	FUL::AG	WCTTTCCATTTTTRGAAA	6.80e-1	1.00e0	9.27e2	217	206	206	206	3	9	4.37	10	4.85
474	data/reference/motifs/JASPAR2026_CORE_plants_non-redundant_pfms_meme.txt	MA2635.1	FUL	TTWCCAWAAATAGAAA	4.22e-1	1.00e0	9.27e2	304	206	206	206	2	96	46.60	93	45.15
475	data/reference/motifs/JASPAR2026_CORE_plants_non-redundant_pfms_meme.txt	MA2502.1	TMF	CTACAGTA	2.13e-1	1.00e0	9.27e2	406	206	206	206	5	123	59.71	114	55.34
476	data/reference/motifs/JASPAR2026_CORE_plants_non-redundant_pfms_meme.txt	MA1355.2	TRB2	WARCCCTAAWT	9.13e-1	1.00e0	9.27e2	163	206	206	206	2	21	10.19	29	14.08
477	data/reference/motifs/JASPAR2026_CORE_plants_non-redundant_pfms_meme.txt	MA1353.2	AT1G72740	RWTTAGGGTTT	9.22e-1	1.00e0	9.27e2	224	206	206	206	3	14	6.80	21	10.19
478	data/reference/motifs/JASPAR2026_CORE_plants_non-redundant_pfms_meme.txt	MA1056.2	SPL11	CGTACGGA	2.15e-1	1.00e0	9.27e2	189	206	206	206	1	99	48.06	90	43.69
479	data/reference/motifs/JASPAR2026_CORE_plants_non-redundant_pfms_meme.txt	MA1742.2	BIZP18	TGMCAGCTGK	5.83e-1	1.00e0	9.27e2	212	206	206	206	3	12	5.83	12	5.83
480	data/reference/motifs/JASPAR2026_CORE_plants_non-redundant_pfms_meme.txt	MA1672.2	GBF2	SACGTGGCA	1.43e-1	1.00e0	9.27e2	385	206	206	206	7	38	18.45	29	14.08
481	data/reference/motifs/JASPAR2026_CORE_plants_non-redundant_pfms_meme.txt	MA2477.1	NGA4	TTCAGGTR	1.30e-1	1.00e0	9.27e2	399	206	206	206	1	202	98.06	197	95.63
482	data/reference/motifs/JASPAR2026_CORE_plants_non-redundant_pfms_meme.txt	MA2476.1	KNAT7	TGACRKCT	2.25e-1	1.00e0	9.27e2	297	206	206	206	6	5	2.43	2	0.97
483	data/reference/motifs/JASPAR2026_CORE_plants_non-redundant_pfms_meme.txt	MA2474.1	HMGB10	TWATAA	2.46e-1	1.00e0	9.27e2	395	206	206	206	2	190	92.23	185	89.81
484	data/reference/motifs/JASPAR2026_CORE_plants_non-redundant_pfms_meme.txt	MA2344.1	REV	AATMATCATTATTA	2.56e-1	1.00e0	9.27e2	390	206	206	206	1	197	95.63	193	93.69
485	data/reference/motifs/JASPAR2026_CORE_plants_non-redundant_pfms_meme.txt	MA2459.1	EDF3	RCAACAKA	2.26e-1	1.00e0	9.27e2	288	206	206	206	1	148	71.84	140	67.96
486	data/reference/motifs/JASPAR2026_CORE_plants_non-redundant_pfms_meme.txt	MA1352.1	TRP1	ACCCTAAACCCTAAACCCTAA	1.00e0	1.00e0	9.27e2	2	206	206	206	1	0	0.00	2	0.97
487	data/reference/motifs/JASPAR2026_CORE_plants_non-redundant_pfms_meme.txt	MA1203.1	AGL63	TKCCAAAAATGGMAA	1.86e-1	1.00e0	9.27e2	231	206	206	206	2	59	28.64	50	24.27
488	data/reference/motifs/JASPAR2026_CORE_plants_non-redundant_pfms_meme.txt	MA1199.1	AGL16	TTTCCWTTTTDGGWA	1.84e-1	1.00e0	9.27e2	242	206	206	206	1	126	61.17	116	56.31
489	data/reference/motifs/JASPAR2026_CORE_plants_non-redundant_pfms_meme.txt	MA1169.1	MYB105	WTHDWWACCGTTA	3.62e-1	1.00e0	9.27e2	217	206	206	206	2	49	23.79	45	21.84
490	data/reference/motifs/JASPAR2026_CORE_plants_non-redundant_pfms_meme.txt	MA1042.1	MYB59	RTTAGGTA	1.41e-1	1.00e0	9.27e2	411	206	206	206	13	28	13.59	20	9.71
491	data/reference/motifs/JASPAR2026_CORE_plants_non-redundant_pfms_meme.txt	MA1041.1	MYB55	ACCTACCG	1.61e-1	1.00e0	9.27e2	358	206	206	206	4	62	30.10	52	25.24
492	data/reference/motifs/JASPAR2026_CORE_plants_non-redundant_pfms_meme.txt	MA1040.1	MYB46	GKTAGGTR	7.55e-1	1.00e0	9.27e2	390	206	206	206	4	105	50.97	111	53.88
493	data/reference/motifs/JASPAR2026_CORE_plants_non-redundant_pfms_meme.txt	MA1039.1	MYB4	GGTWGGTR	3.71e-1	1.00e0	9.27e2	412	206	206	206	10	59	28.64	55	26.70
494	data/reference/motifs/JASPAR2026_CORE_plants_non-redundant_pfms_meme.txt	MA1036.1	MYB111	GKTAGGTR	2.24e-1	1.00e0	9.27e2	405	206	206	206	3	171	83.01	164	79.61
495	data/reference/motifs/JASPAR2026_CORE_plants_non-redundant_pfms_meme.txt	MA1012.1	AGL27	CTTTCYATTTTKGG	4.21e-1	1.00e0	9.27e2	237	206	206	206	1	120	58.25	117	56.80
496	data/reference/motifs/JASPAR2026_CORE_plants_non-redundant_pfms_meme.txt	MA0972.1	CCA1	AAATATCT	2.00e-1	1.00e0	9.27e2	398	206	206	206	3	166	80.58	158	76.70
497	data/reference/motifs/JASPAR2026_CORE_plants_non-redundant_pfms_meme.txt	MA0940.1	AP1	MYAAAAAWRGAAA	2.45e-1	1.00e0	9.27e2	412	206	206	206	13	114	55.34	106	51.46
498	data/reference/motifs/JASPAR2026_CORE_plants_non-redundant_pfms_meme.txt	MA0054.1	myb.Ph3	TAACBGTTW	3.84e-1	1.00e0	9.27e2	412	206	206	206	10	181	87.86	178	86.41
499	data/reference/motifs/JASPAR2026_CORE_plants_non-redundant_pfms_meme.txt	MA2483.1	PK20543.1	TTAACC	1.71e-1	1.00e0	9.27e2	412	206	206	206	27	178	86.41	170	82.52
500	data/reference/motifs/JASPAR2026_CORE_plants_non-redundant_pfms_meme.txt	MA2482.1	PK27693.1	TTATC	1.29e-1	1.00e0	9.27e2	412	206	206	206	53	44	21.36	34	16.50
501	data/reference/motifs/JASPAR2026_CORE_plants_non-redundant_pfms_meme.txt	MA2481.1	PK12011.1	AACGG	4.34e-1	1.00e0	9.27e2	412	206	206	206	8	187	90.78	185	89.81
502	data/reference/motifs/JASPAR2026_CORE_plants_non-redundant_pfms_meme.txt	MA2478.1	PK13314.1	GGGCCCAC	1.15e-1	1.00e0	9.27e2	381	206	206	206	3	153	74.27	141	68.45
503	data/reference/motifs/JASPAR2026_CORE_plants_non-redundant_pfms_meme.txt	MA2040.2	ENAP2	CTCCGGCGA	6.92e-1	1.00e0	9.27e2	170	206	206	206	1	83	40.29	87	42.23
504	data/reference/motifs/JASPAR2026_CORE_plants_non-redundant_pfms_meme.txt	MA2039.2	ASIL2	CTCCGGCGA	7.94e-1	1.00e0	9.27e2	184	206	206	206	2	44	21.36	50	24.27
505	data/reference/motifs/JASPAR2026_CORE_plants_non-redundant_pfms_meme.txt	MA1662.2	AT3G10030	TTAACAGA	1.61e-1	1.00e0	9.27e2	408	206	206	206	3	181	87.86	173	83.98
506	data/reference/motifs/JASPAR2026_CORE_plants_non-redundant_pfms_meme.txt	MA1661.2	GTL1	GGTTAAAA	5.00e-1	1.00e0	9.27e2	412	206	206	206	3	202	98.06	201	97.57
507	data/reference/motifs/JASPAR2026_CORE_plants_non-redundant_pfms_meme.txt	MA1366.2	DF1	RGTAAAAA	5.00e-1	1.00e0	9.27e2	412	206	206	206	17	1	0.49	0	0.00
508	data/reference/motifs/JASPAR2026_CORE_plants_non-redundant_pfms_meme.txt	MA1365.3	AT5G47660	GGTAAAA	5.00e-1	1.00e0	9.27e2	408	206	206	206	3	181	87.86	180	87.38
509	data/reference/motifs/JASPAR2026_CORE_plants_non-redundant_pfms_meme.txt	MA1208.2	GT-2	WTTTTTACCGY	2.51e-1	1.00e0	9.27e2	409	206	206	206	3	189	91.75	184	89.32
510	data/reference/motifs/JASPAR2026_CORE_plants_non-redundant_pfms_meme.txt	MA2032.2	TRB1	AAACCCTAA	2.14e-1	1.00e0	9.27e2	399	206	206	206	2	175	84.95	168	81.55
511	data/reference/motifs/JASPAR2026_CORE_plants_non-redundant_pfms_meme.txt	MA1825.2	Zm00001d044409	CTTATC	3.43e-1	1.00e0	9.27e2	412	206	206	206	3	204	99.03	202	98.06
512	data/reference/motifs/JASPAR2026_CORE_plants_non-redundant_pfms_meme.txt	MA1812.2	ASR1	AGGCCCAAT	4.35e-1	1.00e0	9.27e2	261	206	206	206	4	22	10.68	20	9.71
513	data/reference/motifs/JASPAR2026_CORE_plants_non-redundant_pfms_meme.txt	MA1793.2	NID1	TTATCC	1.71e-1	1.00e0	9.27e2	412	206	206	206	40	36	17.48	28	13.59
514	data/reference/motifs/JASPAR2026_CORE_plants_non-redundant_pfms_meme.txt	MA1408.2	FaEOBII	GTTAGGTA	3.26e-1	1.00e0	9.27e2	411	206	206	206	5	183	88.83	179	86.89
515	data/reference/motifs/JASPAR2026_CORE_plants_non-redundant_pfms_meme.txt	MA1400.2	AT1G19000	WWWTGGATAAGRW	2.28e-1	1.00e0	9.27e2	298	206	206	206	4	18	8.74	13	6.31
516	data/reference/motifs/JASPAR2026_CORE_plants_non-redundant_pfms_meme.txt	MA1397.2	AT1G74840	WWTGGATAA	3.40e-1	1.00e0	9.27e2	387	206	206	206	1	195	94.66	192	93.20
517	data/reference/motifs/JASPAR2026_CORE_plants_non-redundant_pfms_meme.txt	MA1194.2	AT3G10580	DWDWRGATAAGVWT	1.37e-1	1.00e0	9.27e2	390	206	206	206	1	198	96.12	192	93.20
518	data/reference/motifs/JASPAR2026_CORE_plants_non-redundant_pfms_meme.txt	MA1193.2	AT2G38090	WDWGGATAAGDAT	2.91e-1	1.00e0	9.27e2	375	206	206	206	2	152	73.79	146	70.87
519	data/reference/motifs/JASPAR2026_CORE_plants_non-redundant_pfms_meme.txt	MA1192.2	DIV1	WRGATAAGRTT	2.49e-1	1.00e0	9.27e2	367	206	206	206	9	2	0.97	0	0.00
520	data/reference/motifs/JASPAR2026_CORE_plants_non-redundant_pfms_meme.txt	MA1189.2	AT5G61620	WWWTGGATAAGRWW	3.93e-1	1.00e0	9.27e2	391	206	206	206	8	8	3.88	6	2.91
521	data/reference/motifs/JASPAR2026_CORE_plants_non-redundant_pfms_meme.txt	MA1187.2	RVE4	AGATATTTT	2.95e-1	1.00e0	9.27e2	320	206	206	206	4	35	16.99	30	14.56
522	data/reference/motifs/JASPAR2026_CORE_plants_non-redundant_pfms_meme.txt	MA1186.2	YAB4	AWYCTTATCYW	3.43e-1	1.00e0	9.27e2	402	206	206	206	12	4	1.94	2	0.97
523	data/reference/motifs/JASPAR2026_CORE_plants_non-redundant_pfms_meme.txt	MA0579.2	CDC5	GCTCAGCGC	7.51e-1	1.00e0	9.27e2	261	206	206	206	9	1	0.49	1	0.49
524	data/reference/motifs/JASPAR2026_CORE_plants_non-redundant_pfms_meme.txt	MA2042.2	MYB58	CCACCAACC	4.60e-1	1.00e0	9.27e2	395	206	206	206	4	120	58.25	118	57.28
525	data/reference/motifs/JASPAR2026_CORE_plants_non-redundant_pfms_meme.txt	MA2041.2	MYB13	YCACCAACCA	2.37e-1	1.00e0	9.27e2	379	206	206	206	3	135	65.53	127	61.65
526	data/reference/motifs/JASPAR2026_CORE_plants_non-redundant_pfms_meme.txt	MA2030.2	MYB96	MCCAACTACCA	3.84e-1	1.00e0	9.27e2	365	206	206	206	3	102	49.51	98	47.57
527	data/reference/motifs/JASPAR2026_CORE_plants_non-redundant_pfms_meme.txt	MA2029.2	MYB88	ACGCTCCTC	2.29e-1	1.00e0	9.27e2	202	206	206	206	2	44	21.36	37	17.96
528	data/reference/motifs/JASPAR2026_CORE_plants_non-redundant_pfms_meme.txt	MA2028.2	MYB49	TTACCTAACTW	3.72e-1	1.00e0	9.27e2	382	206	206	206	5	61	29.61	57	27.67
529	data/reference/motifs/JASPAR2026_CORE_plants_non-redundant_pfms_meme.txt	MA2027.2	MYB44	HAACGGTCA	3.40e-1	1.00e0	9.27e2	320	206	206	206	5	14	6.80	11	5.34
530	data/reference/motifs/JASPAR2026_CORE_plants_non-redundant_pfms_meme.txt	MA2026.2	MYB108	TACCTAACTT	1.26e-1	1.00e0	9.27e2	364	206	206	206	6	13	6.31	7	3.40
531	data/reference/motifs/JASPAR2026_CORE_plants_non-redundant_pfms_meme.txt	MA2025.2	MYB93	TACCAAAC	5.00e-1	1.00e0	9.27e2	411	206	206	206	2	200	97.09	199	96.60
532	data/reference/motifs/JASPAR2026_CORE_plants_non-redundant_pfms_meme.txt	MA2024.2	MYB63	YCACCTACCAC	3.21e-1	1.00e0	9.27e2	315	206	206	206	1	160	77.67	155	75.24
533	data/reference/motifs/JASPAR2026_CORE_plants_non-redundant_pfms_meme.txt	MA2008.2	MYB99	CACCTAMY	6.60e-1	1.00e0	9.27e2	318	206	206	206	4	12	5.83	13	6.31
534	data/reference/motifs/JASPAR2026_CORE_plants_non-redundant_pfms_meme.txt	MA2007.2	MYB107	CACCAAAC	2.48e-1	1.00e0	9.27e2	410	206	206	206	4	177	85.92	171	83.01
535	data/reference/motifs/JASPAR2026_CORE_plants_non-redundant_pfms_meme.txt	MA1829.2	Zm00001d035604	ACCTAAC	3.86e-1	1.00e0	9.27e2	412	206	206	206	23	7	3.40	5	2.43
536	data/reference/motifs/JASPAR2026_CORE_plants_non-redundant_pfms_meme.txt	MA1781.2	MYB94	CCAACYACYW	2.06e-1	1.00e0	9.27e2	370	206	206	206	5	35	16.99	28	13.59
537	data/reference/motifs/JASPAR2026_CORE_plants_non-redundant_pfms_meme.txt	MA1780.2	MYB92	ACCTAAC	8.18e-1	1.00e0	9.27e2	393	206	206	206	2	167	81.07	173	83.98
538	data/reference/motifs/JASPAR2026_CORE_plants_non-redundant_pfms_meme.txt	MA1779.2	MYB83	CACCAACM	1.25e-1	1.00e0	9.27e2	409	206	206	206	6	144	69.90	132	64.08
539	data/reference/motifs/JASPAR2026_CORE_plants_non-redundant_pfms_meme.txt	MA1778.2	MYB80	TYYACCTAMYTW	1.73e-1	1.00e0	9.27e2	399	206	206	206	6	51	24.76	42	20.39
540	data/reference/motifs/JASPAR2026_CORE_plants_non-redundant_pfms_meme.txt	MA1777.2	MYB74	YYYACCTAMCW	1.92e-1	1.00e0	9.27e2	311	206	206	206	4	31	15.05	24	11.65
541	data/reference/motifs/JASPAR2026_CORE_plants_non-redundant_pfms_meme.txt	MA1775.2	MYB61	YACCWACC	1.09e-1	1.00e0	9.27e2	374	206	206	206	4	60	29.13	48	23.30
542	data/reference/motifs/JASPAR2026_CORE_plants_non-redundant_pfms_meme.txt	MA1774.2	MYB60	YCAACYACYT	4.17e-1	1.00e0	9.27e2	368	206	206	206	4	70	33.98	67	32.52
543	data/reference/motifs/JASPAR2026_CORE_plants_non-redundant_pfms_meme.txt	MA1773.2	MYB51	YYYACCWACYW	6.14e-1	1.00e0	9.27e2	354	206	206	206	7	6	2.91	6	2.91
544	data/reference/motifs/JASPAR2026_CORE_plants_non-redundant_pfms_meme.txt	MA1772.2	MYB43	YTYACCWAMCWT	4.59e-1	1.00e0	9.27e2	270	206	206	206	1	136	66.02	134	65.05
545	data/reference/motifs/JASPAR2026_CORE_plants_non-redundant_pfms_meme.txt	MA1771.2	MYB41	TYACCTAMYT	5.69e-1	1.00e0	9.27e2	377	206	206	206	7	18	8.74	18	8.74
546	data/reference/motifs/JASPAR2026_CORE_plants_non-redundant_pfms_meme.txt	MA1770.2	MYB40	YTYACCWAMY	1.69e-1	1.00e0	9.27e2	318	206	206	206	6	7	3.40	3	1.46
547	data/reference/motifs/JASPAR2026_CORE_plants_non-redundant_pfms_meme.txt	MA1769.2	MYB39	YYCACCTAMYTT	5.00e-1	1.00e0	9.27e2	353	206	206	206	7	3	1.46	2	0.97
548	data/reference/motifs/JASPAR2026_CORE_plants_non-redundant_pfms_meme.txt	MA1766.2	MYB17	YYCACCTACCW	1.67e-1	1.00e0	9.27e2	325	206	206	206	1	167	81.07	158	76.70
549	data/reference/motifs/JASPAR2026_CORE_plants_non-redundant_pfms_meme.txt	MA1765.2	MYB121	TACCTAACW	2.72e-1	1.00e0	9.27e2	380	206	206	206	7	15	7.28	11	5.34
550	data/reference/motifs/JASPAR2026_CORE_plants_non-redundant_pfms_meme.txt	MA1764.2	MYB116	TGCCTAACTT	5.00e-1	1.00e0	9.27e2	198	206	206	206	4	3	1.46	2	0.97
551	data/reference/motifs/JASPAR2026_CORE_plants_non-redundant_pfms_meme.txt	MA1762.2	MYB10	YCACCWAMCW	2.14e-1	1.00e0	9.27e2	310	206	206	206	3	56	27.18	48	23.30
552	data/reference/motifs/JASPAR2026_CORE_plants_non-redundant_pfms_meme.txt	MA1394.3	MYB73	AACGGTCA	4.40e-1	1.00e0	9.27e2	362	206	206	206	1	182	88.35	180	87.38
553	data/reference/motifs/JASPAR2026_CORE_plants_non-redundant_pfms_meme.txt	MA1391.3	MYB33	ATAACCGTAW	5.00e-1	1.00e0	9.27e2	391	206	206	206	1	196	95.15	195	94.66
554	data/reference/motifs/JASPAR2026_CORE_plants_non-redundant_pfms_meme.txt	MA1294.2	MYB62	WAGTTAGGY	7.36e-1	1.00e0	9.27e2	388	206	206	206	7	11	5.34	13	6.31
555	data/reference/motifs/JASPAR2026_CORE_plants_non-redundant_pfms_meme.txt	MA1293.2	MYB57	TACCTAACTT	5.00e-1	1.00e0	9.27e2	84	206	206	206	3	2	0.97	1	0.49
556	data/reference/motifs/JASPAR2026_CORE_plants_non-redundant_pfms_meme.txt	MA1292.2	MYB27	AAAAATTAGGTA	5.00e-1	1.00e0	9.27e2	112	206	206	206	4	1	0.49	0	0.00
557	data/reference/motifs/JASPAR2026_CORE_plants_non-redundant_pfms_meme.txt	MA1181.2	MYB113	AKTYMGTTAT	9.37e-2	1.00e0	9.27e2	403	206	206	206	2	190	92.23	181	87.86
558	data/reference/motifs/JASPAR2026_CORE_plants_non-redundant_pfms_meme.txt	MA1180.2	MYB3R4	WWWTRACCGTTR	5.00e-1	1.00e0	9.27e2	157	206	206	206	8	1	0.49	0	0.00
559	data/reference/motifs/JASPAR2026_CORE_plants_non-redundant_pfms_meme.txt	MA1179.2	MYB1	ACSGTTA	2.35e-1	1.00e0	9.27e2	325	206	206	206	1	166	80.58	159	77.18
560	data/reference/motifs/JASPAR2026_CORE_plants_non-redundant_pfms_meme.txt	MA1178.3	MYB3R1	TAACGGTC	5.00e-1	1.00e0	9.27e2	375	206	206	206	7	7	3.40	6	2.91
561	data/reference/motifs/JASPAR2026_CORE_plants_non-redundant_pfms_meme.txt	MA1176.2	MYB119	RWCCGTTACA	1.53e-1	1.00e0	9.27e2	263	206	206	206	1	137	66.50	126	61.17
562	data/reference/motifs/JASPAR2026_CORE_plants_non-redundant_pfms_meme.txt	MA1175.2	MYB81	TAACHGWWT	2.06e-1	1.00e0	9.27e2	412	206	206	206	9	51	24.76	43	20.87
563	data/reference/motifs/JASPAR2026_CORE_plants_non-redundant_pfms_meme.txt	MA1174.2	MYB56	ATAACGGWHW	1.63e-1	1.00e0	9.27e2	386	206	206	206	2	169	82.04	160	77.67
564	data/reference/motifs/JASPAR2026_CORE_plants_non-redundant_pfms_meme.txt	MA1173.2	MYB101	TAACCGAAW	1.24e-1	1.00e0	9.27e2	412	206	206	206	23	3	1.46	0	0.00
565	data/reference/motifs/JASPAR2026_CORE_plants_non-redundant_pfms_meme.txt	MA1172.2	MYB3R5	AAWWDTDACCGTTR	5.00e-1	1.00e0	9.27e2	141	206	206	206	4	2	0.97	1	0.49
566	data/reference/motifs/JASPAR2026_CORE_plants_non-redundant_pfms_meme.txt	MA1171.2	MYB52	ACCGTTA	5.00e-1	1.00e0	9.27e2	180	206	206	206	7	1	0.49	0	0.00
567	data/reference/motifs/JASPAR2026_CORE_plants_non-redundant_pfms_meme.txt	MA1038.2	MYB3	GGTAGGTA	3.28e-1	1.00e0	9.27e2	332	206	206	206	4	28	13.59	24	11.65
568	data/reference/motifs/JASPAR2026_CORE_plants_non-redundant_pfms_meme.txt	MA1037.2	MYB24	GTTAGGY	3.10e-1	1.00e0	9.27e2	412	206	206	206	18	168	81.55	163	79.13
569	data/reference/motifs/JASPAR2026_CORE_plants_non-redundant_pfms_meme.txt	MA1030.2	P0510F09.23	WRMCCTA	5.00e-1	1.00e0	9.27e2	412	206	206	206	24	6	2.91	5	2.43
570	data/reference/motifs/JASPAR2026_CORE_plants_non-redundant_pfms_meme.txt	MA0034.2	Gam1	YAACCGMC	2.72e-1	1.00e0	9.27e2	410	206	206	206	18	7	3.40	4	1.94
571	data/reference/motifs/JASPAR2026_CORE_plants_non-redundant_pfms_meme.txt	MA2023.2	PHL4	RGAATATTCC	2.60e-1	1.00e0	9.27e2	210	206	206	206	2	66	32.04	59	28.64
572	data/reference/motifs/JASPAR2026_CORE_plants_non-redundant_pfms_meme.txt	MA1830.2	Zm00001d015407	AAGGAATATTCTTTTT	1.69e-1	1.00e0	9.27e2	319	206	206	206	7	7	3.40	3	1.46
573	data/reference/motifs/JASPAR2026_CORE_plants_non-redundant_pfms_meme.txt	MA1737.2	AT5G05090	AGATHCG	1.52e-1	1.00e0	9.27e2	408	206	206	206	8	79	38.35	68	33.01
574	data/reference/motifs/JASPAR2026_CORE_plants_non-redundant_pfms_meme.txt	MA1735.2	AT2G38300	AAHATTCYHT	9.29e-2	1.00e0	9.27e2	402	206	206	206	3	168	81.55	156	75.73
575	data/reference/motifs/JASPAR2026_CORE_plants_non-redundant_pfms_meme.txt	MA1387.2	HRS1	ATCRAAGATTCY	2.49e-1	1.00e0	9.27e2	352	206	206	206	8	2	0.97	0	0.00
576	data/reference/motifs/JASPAR2026_CORE_plants_non-redundant_pfms_meme.txt	MA1386.3	HHO3	AAGATTCT	1.61e-1	1.00e0	9.27e2	395	206	206	206	1	200	97.09	195	94.66
577	data/reference/motifs/JASPAR2026_CORE_plants_non-redundant_pfms_meme.txt	MA1385.2	AT2G40260	AAHATTCTYT	9.85e-2	1.00e0	9.27e2	399	206	206	206	4	122	59.22	108	52.43
578	data/reference/motifs/JASPAR2026_CORE_plants_non-redundant_pfms_meme.txt	MA1383.2	KAN2	AATATTCTTT	2.68e-1	1.00e0	9.27e2	381	206	206	206	7	26	12.62	21	10.19
579	data/reference/motifs/JASPAR2026_CORE_plants_non-redundant_pfms_meme.txt	MA1167.2	EFM	RGAATATTC	1.26e-1	1.00e0	9.27e2	323	206	206	206	5	13	6.31	7	3.40
580	data/reference/motifs/JASPAR2026_CORE_plants_non-redundant_pfms_meme.txt	MA1166.2	PHL12	AARRGAATATTC	2.49e-1	1.00e0	9.27e2	203	206	206	206	6	2	0.97	0	0.00
581	data/reference/motifs/JASPAR2026_CORE_plants_non-redundant_pfms_meme.txt	MA1163.3	PHL11	AGAATATTCT	1.92e-1	1.00e0	9.27e2	289	206	206	206	6	31	15.05	24	11.65
582	data/reference/motifs/JASPAR2026_CORE_plants_non-redundant_pfms_meme.txt	MA0948.2	ARR18	AGATACG	1.76e-1	1.00e0	9.27e2	412	206	206	206	19	27	13.11	20	9.71
583	data/reference/motifs/JASPAR2026_CORE_plants_non-redundant_pfms_meme.txt	MA0121.2	ARR10	AGATHYK	1.24e-1	1.00e0	9.27e2	409	206	206	206	1	206	100.00	203	98.54
584	data/reference/motifs/JASPAR2026_CORE_plants_non-redundant_pfms_meme.txt	MA2022.2	LOB	CCGCCGCCGCMGC	5.00e-1	1.00e0	9.27e2	87	206	206	206	1	44	21.36	43	20.87
585	data/reference/motifs/JASPAR2026_CORE_plants_non-redundant_pfms_meme.txt	MA2021.2	LBD13	TCCACCGT	1.05e-1	1.00e0	9.27e2	378	206	206	206	1	193	93.69	185	89.81
586	data/reference/motifs/JASPAR2026_CORE_plants_non-redundant_pfms_meme.txt	MA1673.2	LBD18	GCCGGAAA	2.15e-1	1.00e0	9.27e2	382	206	206	206	4	112	54.37	103	50.00
587	data/reference/motifs/JASPAR2026_CORE_plants_non-redundant_pfms_meme.txt	MA1747.2	DOF4.3	WAAAGWRGCTTTW	5.00e-1	1.00e0	9.27e2	83	206	206	206	4	1	0.49	0	0.00
588	data/reference/motifs/JASPAR2026_CORE_plants_non-redundant_pfms_meme.txt	MA1280.2	DOF5.4	AAAAAGK	2.23e-1	1.00e0	9.27e2	412	206	206	206	16	10	4.85	6	2.91
589	data/reference/motifs/JASPAR2026_CORE_plants_non-redundant_pfms_meme.txt	MA1279.2	DOF1.5	AAADDAAAAAGTRAAA	2.61e-1	1.00e0	9.27e2	411	206	206	206	5	146	70.87	139	67.48
590	data/reference/motifs/JASPAR2026_CORE_plants_non-redundant_pfms_meme.txt	MA1278.2	DOF3.4	TTYTTTTTTWVCTTTTT	8.87e-2	1.00e0	9.27e2	410	206	206	206	11	60	29.13	47	22.82
591	data/reference/motifs/JASPAR2026_CORE_plants_non-redundant_pfms_meme.txt	MA1277.2	DOF1.7	AAAAAGTARAA	1.96e-1	1.00e0	9.27e2	410	206	206	206	14	46	22.33	38	18.45
592	data/reference/motifs/JASPAR2026_CORE_plants_non-redundant_pfms_meme.txt	MA1276.2	DOF3.5	AWAAAGK	9.92e-2	1.00e0	9.27e2	407	206	206	206	6	101	49.03	87	42.23
593	data/reference/motifs/JASPAR2026_CORE_plants_non-redundant_pfms_meme.txt	MA1275.2	DOF1.6	AWAAAGTR	1.10e-1	1.00e0	9.27e2	411	206	206	206	5	179	86.89	169	82.04
594	data/reference/motifs/JASPAR2026_CORE_plants_non-redundant_pfms_meme.txt	MA1273.2	DOF4.2	AAAAAGGYAAA	1.92e-1	1.00e0	9.27e2	406	206	206	206	9	21	10.19	15	7.28
595	data/reference/motifs/JASPAR2026_CORE_plants_non-redundant_pfms_meme.txt	MA1272.3	DOF2.2	AAAAAG	3.29e-1	1.00e0	9.27e2	399	206	206	206	3	152	73.79	147	71.36
596	data/reference/motifs/JASPAR2026_CORE_plants_non-redundant_pfms_meme.txt	MA1270.2	DOF3.2	TWACTTTTTNNYTTTT	3.30e-1	1.00e0	9.27e2	409	206	206	206	4	151	73.30	146	70.87
597	data/reference/motifs/JASPAR2026_CORE_plants_non-redundant_pfms_meme.txt	MA1269.2	DOF4.5	AWAAAGTWRCTTT	2.17e-1	1.00e0	9.27e2	409	206	206	206	4	156	75.73	148	71.84
598	data/reference/motifs/JASPAR2026_CORE_plants_non-redundant_pfms_meme.txt	MA1268.2	CDF5	TTYACTTTTTYTTTTTTTTTT	1.24e-1	1.00e0	9.27e2	400	206	206	206	18	3	1.46	0	0.00
599	data/reference/motifs/JASPAR2026_CORE_plants_non-redundant_pfms_meme.txt	MA1267.2	DOF5.8	TTTTTHYTTTTTACTTTTT	1.62e-1	1.00e0	9.27e2	411	206	206	206	10	63	30.58	53	25.73
600	data/reference/motifs/JASPAR2026_CORE_plants_non-redundant_pfms_meme.txt	MA1071.2	DOF5.3	AAMG	8.88e-2	1.00e0	9.27e2	412	206	206	206	160	24	11.65	15	7.28
601	data/reference/motifs/JASPAR2026_CORE_plants_non-redundant_pfms_meme.txt	MA0984.2	DOF5.7	AAARR	2.08e-1	1.00e0	9.27e2	412	206	206	206	73	201	97.57	197	95.63
602	data/reference/motifs/JASPAR2026_CORE_plants_non-redundant_pfms_meme.txt	MA0983.2	DOF5.6	AAMG	9.85e-2	1.00e0	9.27e2	412	206	206	206	26	198	96.12	191	92.72
603	data/reference/motifs/JASPAR2026_CORE_plants_non-redundant_pfms_meme.txt	MA0974.3	CDF3	AAAAAGTG	9.77e-2	1.00e0	9.27e2	412	206	206	206	11	33	16.02	23	11.17
604	data/reference/motifs/JASPAR2026_CORE_plants_non-redundant_pfms_meme.txt	MA0973.2	CDF2	AAAAAGY	1.09e-1	1.00e0	9.27e2	412	206	206	206	26	81	39.32	68	33.01
605	data/reference/motifs/JASPAR2026_CORE_plants_non-redundant_pfms_meme.txt	MA0020.2	Dof2	AAAGC	1.42e-1	1.00e0	9.27e2	412	206	206	206	17	68	33.01	57	27.67
606	data/reference/motifs/JASPAR2026_CORE_plants_non-redundant_pfms_meme.txt	MA1396.2	GATA6	AGATCTAGAT	3.46e-1	1.00e0	9.27e2	193	206	206	206	1	99	48.06	94	45.63
607	data/reference/motifs/JASPAR2026_CORE_plants_non-redundant_pfms_meme.txt	MA1325.2	GATA14	TAGATCTR	1.71e-1	1.00e0	9.27e2	321	206	206	206	1	165	80.10	156	75.73
608	data/reference/motifs/JASPAR2026_CORE_plants_non-redundant_pfms_meme.txt	MA1323.2	GATA19	GATCBGATY	1.04e-1	1.00e0	9.27e2	352	206	206	206	1	181	87.86	171	83.01
609	data/reference/motifs/JASPAR2026_CORE_plants_non-redundant_pfms_meme.txt	MA1015.2	GATA12	AGATCT	1.86e-1	1.00e0	9.27e2	412	206	206	206	28	205	99.51	202	98.06
610	data/reference/motifs/JASPAR2026_CORE_plants_non-redundant_pfms_meme.txt	MA1814.2	RIN	CTATTTTTGG	1.24e-1	1.00e0	9.27e2	411	206	206	206	20	3	1.46	0	0.00
611	data/reference/motifs/JASPAR2026_CORE_plants_non-redundant_pfms_meme.txt	MA0585.2	AGL1	TTDCCWWWWWDGGWAA	1.61e-1	1.00e0	9.27e2	367	206	206	206	3	118	57.28	107	51.94
612	data/reference/motifs/JASPAR2026_CORE_plants_non-redundant_pfms_meme.txt	MA0584.2	SEP1	CCAWAWWTRGWAA	3.23e-1	1.00e0	9.27e2	309	206	206	206	5	26	12.62	22	10.68
613	data/reference/motifs/JASPAR2026_CORE_plants_non-redundant_pfms_meme.txt	MA0556.2	AP3	CCAAAARWRGAAA	1.16e-1	1.00e0	9.27e2	388	206	206	206	6	30	14.56	21	10.19
614	data/reference/motifs/JASPAR2026_CORE_plants_non-redundant_pfms_meme.txt	MA0554.2	SOC1	TTTCCWTTTTTGG	1.30e-1	1.00e0	9.27e2	392	206	206	206	8	9	4.37	4	1.94
615	data/reference/motifs/JASPAR2026_CORE_plants_non-redundant_pfms_meme.txt	MA0005.3	AG	TTWCCWAAWHDGGHAA	3.09e-1	1.00e0	9.27e2	330	206	206	206	5	22	10.68	18	8.74
616	data/reference/motifs/JASPAR2026_CORE_plants_non-redundant_pfms_meme.txt	MA0001.3	AGL3	CCAWWWATAG	3.00e-1	1.00e0	9.27e2	409	206	206	206	2	200	97.09	197	95.63
617	data/reference/motifs/JASPAR2026_CORE_plants_non-redundant_pfms_meme.txt	MA1329.3	ZHD1	AYTAATTAA	1.52e-1	1.00e0	9.27e2	406	206	206	206	7	160	77.67	150	72.82
618	data/reference/motifs/JASPAR2026_CORE_plants_non-redundant_pfms_meme.txt	MA1406.2	ATHB-4	YAATSATTG	2.72e-1	1.00e0	9.27e2	411	206	206	206	5	166	80.58	160	77.67
619	data/reference/motifs/JASPAR2026_CORE_plants_non-redundant_pfms_meme.txt	MA1375.2	ANL2	GCATTAATTR	1.79e-1	1.00e0	9.27e2	380	206	206	206	1	193	93.69	187	90.78
620	data/reference/motifs/JASPAR2026_CORE_plants_non-redundant_pfms_meme.txt	MA1327.3	ATHB-23	TAATTAA	2.45e-1	1.00e0	9.27e2	388	206	206	206	5	101	49.03	93	45.15
621	data/reference/motifs/JASPAR2026_CORE_plants_non-redundant_pfms_meme.txt	MA1212.2	ATHB-13	YAATAATT	3.03e-1	1.00e0	9.27e2	403	206	206	206	8	76	36.89	70	33.98
622	data/reference/motifs/JASPAR2026_CORE_plants_non-redundant_pfms_meme.txt	MA1211.2	ATHB-X	YAATYATTD	1.86e-1	1.00e0	9.27e2	401	206	206	206	3	156	75.73	147	71.36
623	data/reference/motifs/JASPAR2026_CORE_plants_non-redundant_pfms_meme.txt	MA1209.2	ATHB-20	YAATAATT	2.49e-1	1.00e0	9.27e2	361	206	206	206	12	2	0.97	0	0.00
624	data/reference/motifs/JASPAR2026_CORE_plants_non-redundant_pfms_meme.txt	MA1198.2	HAT2	YAATCATT	9.60e-2	1.00e0	9.27e2	407	206	206	206	4	153	74.27	140	67.96
625	data/reference/motifs/JASPAR2026_CORE_plants_non-redundant_pfms_meme.txt	MA1026.3	ATHB-15	AWDRTAATGATKA	3.08e-1	1.00e0	9.27e2	340	206	206	206	2	125	60.68	119	57.77
626	data/reference/motifs/JASPAR2026_CORE_plants_non-redundant_pfms_meme.txt	MA0990.2	HDG11	AWTWAATGC	8.74e-2	1.00e0	9.27e2	412	206	206	206	47	7	3.40	2	0.97
627	data/reference/motifs/JASPAR2026_CORE_plants_non-redundant_pfms_meme.txt	MA0953.2	ATHB-6	CAATHAT	2.25e-1	1.00e0	9.27e2	412	206	206	206	86	5	2.43	2	0.97
628	data/reference/motifs/JASPAR2026_CORE_plants_non-redundant_pfms_meme.txt	MA0008.4	HAT5	CAATAATTG	3.05e-1	1.00e0	9.27e2	374	206	206	206	1	189	91.75	185	89.81
629	data/reference/motifs/JASPAR2026_CORE_plants_non-redundant_pfms_meme.txt	MA2020.2	HSFB4	GAAGTTTCCR	2.79e-1	1.00e0	9.27e2	337	206	206	206	5	16	7.77	12	5.83
630	data/reference/motifs/JASPAR2026_CORE_plants_non-redundant_pfms_meme.txt	MA1761.2	HSFB3	AAGCTTCTAGAA	1.67e-1	1.00e0	9.27e2	325	206	206	206	1	167	81.07	158	76.70
631	data/reference/motifs/JASPAR2026_CORE_plants_non-redundant_pfms_meme.txt	MA1759.2	HSFA4A	AGAAGCTTCTAGAA	3.07e-1	1.00e0	9.27e2	164	206	206	206	1	85	41.26	79	38.35
632	data/reference/motifs/JASPAR2026_CORE_plants_non-redundant_pfms_meme.txt	MA1758.2	HSFA1E	AGAAGCTTCTAGAA	2.95e-1	1.00e0	9.27e2	122	206	206	206	1	64	31.07	58	28.16
633	data/reference/motifs/JASPAR2026_CORE_plants_non-redundant_pfms_meme.txt	MA1666.3	HSFB2B	RGAAGSTTCTA	2.64e-1	1.00e0	9.27e2	291	206	206	206	4	25	12.14	20	9.71
634	data/reference/motifs/JASPAR2026_CORE_plants_non-redundant_pfms_meme.txt	MA1665.3	HSFB2A	RGAAGSTTCY	2.81e-1	1.00e0	9.27e2	287	206	206	206	4	30	14.56	25	12.14
635	data/reference/motifs/JASPAR2026_CORE_plants_non-redundant_pfms_meme.txt	MA1382.2	FAR1	YCACGCGCY	5.00e-1	1.00e0	9.27e2	57	206	206	206	1	29	14.08	28	13.59
636	data/reference/motifs/JASPAR2026_CORE_plants_non-redundant_pfms_meme.txt	MA0557.2	FHY3	CACGCGCT	2.35e-1	1.00e0	9.27e2	273	206	206	206	6	11	5.34	7	3.40
637	data/reference/motifs/JASPAR2026_CORE_plants_non-redundant_pfms_meme.txt	MA1805.2	WRKY53	RGTCAAC	5.40e-1	1.00e0	9.27e2	412	206	206	206	8	121	58.74	121	58.74
638	data/reference/motifs/JASPAR2026_CORE_plants_non-redundant_pfms_meme.txt	MA1318.2	WRKY27	CGTTGACTTTT	7.32e-1	1.00e0	9.27e2	190	206	206	206	2	22	10.68	25	12.14
639	data/reference/motifs/JASPAR2026_CORE_plants_non-redundant_pfms_meme.txt	MA1317.2	WRKY50	TTGACTTTT	1.27e-1	1.00e0	9.27e2	321	206	206	206	4	25	12.14	17	8.25
640	data/reference/motifs/JASPAR2026_CORE_plants_non-redundant_pfms_meme.txt	MA1316.2	WRKY71	AAAAGTCAAC	4.14e-1	1.00e0	9.27e2	273	206	206	206	4	12	5.83	10	4.85
641	data/reference/motifs/JASPAR2026_CORE_plants_non-redundant_pfms_meme.txt	MA1315.2	WRKY24	CGTTGACTTTT	1.69e-1	1.00e0	9.27e2	242	206	206	206	4	7	3.40	3	1.46
642	data/reference/motifs/JASPAR2026_CORE_plants_non-redundant_pfms_meme.txt	MA1314.2	WRKY14	AAAGTCAACG	3.59e-1	1.00e0	9.27e2	237	206	206	206	3	18	8.74	15	7.28
643	data/reference/motifs/JASPAR2026_CORE_plants_non-redundant_pfms_meme.txt	MA1313.2	WRKY7	CGTTGACTTTT	3.12e-1	1.00e0	9.27e2	139	206	206	206	3	3	1.46	1	0.49
644	data/reference/motifs/JASPAR2026_CORE_plants_non-redundant_pfms_meme.txt	MA1312.2	WRKY47	CGTTGACYW	2.08e-1	1.00e0	9.27e2	336	206	206	206	5	9	4.37	5	2.43
645	data/reference/motifs/JASPAR2026_CORE_plants_non-redundant_pfms_meme.txt	MA1311.3	WRKY28	RGTCAAC	1.26e-1	1.00e0	9.27e2	406	206	206	206	8	43	20.87	33	16.02
646	data/reference/motifs/JASPAR2026_CORE_plants_non-redundant_pfms_meme.txt	MA1307.3	WRKY31	RGTCAACG	4.42e-1	1.00e0	9.27e2	358	206	206	206	1	180	87.38	178	86.41
647	data/reference/motifs/JASPAR2026_CORE_plants_non-redundant_pfms_meme.txt	MA1306.2	WRKY11	CGTTGACTTTT	8.58e-1	1.00e0	9.27e2	249	206	206	206	4	3	1.46	5	2.43
648	data/reference/motifs/JASPAR2026_CORE_plants_non-redundant_pfms_meme.txt	MA1305.2	WRKY55	CGTTGACTT	3.12e-1	1.00e0	9.27e2	263	206	206	206	5	3	1.46	1	0.49
649	data/reference/motifs/JASPAR2026_CORE_plants_non-redundant_pfms_meme.txt	MA1304.2	WRKY59	AAAAGTCAAM	1.24e-1	1.00e0	9.27e2	372	206	206	206	8	3	1.46	0	0.00
650	data/reference/motifs/JASPAR2026_CORE_plants_non-redundant_pfms_meme.txt	MA1303.2	WRKY22	AAAGTCAACK	2.25e-1	1.00e0	9.27e2	236	206	206	206	4	5	2.43	2	0.97
651	data/reference/motifs/JASPAR2026_CORE_plants_non-redundant_pfms_meme.txt	MA1302.2	WRKY65	AAAGTCAACG	5.00e-1	1.00e0	9.27e2	277	206	206	206	5	2	0.97	1	0.49
652	data/reference/motifs/JASPAR2026_CORE_plants_non-redundant_pfms_meme.txt	MA1301.2	WRKY33	AAAGTCAACG	2.91e-1	1.00e0	9.27e2	235	206	206	206	3	18	8.74	14	6.80
653	data/reference/motifs/JASPAR2026_CORE_plants_non-redundant_pfms_meme.txt	MA1300.2	WRKY6	CGTTGACT	2.49e-1	1.00e0	9.27e2	205	206	206	206	5	2	0.97	0	0.00
654	data/reference/motifs/JASPAR2026_CORE_plants_non-redundant_pfms_meme.txt	MA1298.2	WRKY29	AAAGTCAAC	5.00e-1	1.00e0	9.27e2	337	206	206	206	2	102	49.51	101	49.03
655	data/reference/motifs/JASPAR2026_CORE_plants_non-redundant_pfms_meme.txt	MA1297.2	WRKY26	AAAAGTCAACG	2.49e-1	1.00e0	9.27e2	248	206	206	206	5	2	0.97	0	0.00
656	data/reference/motifs/JASPAR2026_CORE_plants_non-redundant_pfms_meme.txt	MA1296.2	WRKY46	CGTTGACTTT	2.49e-1	1.00e0	9.27e2	237	206	206	206	5	2	0.97	0	0.00
657	data/reference/motifs/JASPAR2026_CORE_plants_non-redundant_pfms_meme.txt	MA1295.2	WRKY20	CGTTGACY	1.58e-1	1.00e0	9.27e2	302	206	206	206	1	156	75.73	146	70.87
658	data/reference/motifs/JASPAR2026_CORE_plants_non-redundant_pfms_meme.txt	MA1092.2	WRKY63	GGTCAA	1.24e-1	1.00e0	9.27e2	346	206	206	206	8	3	1.46	0	0.00
659	data/reference/motifs/JASPAR2026_CORE_plants_non-redundant_pfms_meme.txt	MA1090.2	WRKY60	GGTCAAC	3.86e-1	1.00e0	9.27e2	354	206	206	206	6	7	3.40	5	2.43
660	data/reference/motifs/JASPAR2026_CORE_plants_non-redundant_pfms_meme.txt	MA1089.2	WRKY57	RGTCAA	8.70e-2	1.00e0	9.27e2	412	206	206	206	37	30	14.56	20	9.71
661	data/reference/motifs/JASPAR2026_CORE_plants_non-redundant_pfms_meme.txt	MA1088.2	WRKY48	GTCAA	1.16e-1	1.00e0	9.27e2	412	206	206	206	49	39	18.93	29	14.08
662	data/reference/motifs/JASPAR2026_CORE_plants_non-redundant_pfms_meme.txt	MA1087.3	WRKY45	AAAAGTCAAM	2.72e-1	1.00e0	9.27e2	383	206	206	206	7	7	3.40	4	1.94
663	data/reference/motifs/JASPAR2026_CORE_plants_non-redundant_pfms_meme.txt	MA1086.2	WRKY43	RGTCAA	1.10e-1	1.00e0	9.27e2	412	206	206	206	21	203	98.54	198	96.12
664	data/reference/motifs/JASPAR2026_CORE_plants_non-redundant_pfms_meme.txt	MA1085.3	WRKY40	AGTCAA	3.12e-1	1.00e0	9.27e2	335	206	206	206	7	3	1.46	1	0.49
665	data/reference/motifs/JASPAR2026_CORE_plants_non-redundant_pfms_meme.txt	MA1083.3	WRKY30	ARGTCAACG	6.59e-1	1.00e0	9.27e2	354	206	206	206	3	73	35.44	76	36.89
666	data/reference/motifs/JASPAR2026_CORE_plants_non-redundant_pfms_meme.txt	MA1081.3	WRKY25	RGTCAACG	3.13e-1	1.00e0	9.27e2	370	206	206	206	1	187	90.78	183	88.83
667	data/reference/motifs/JASPAR2026_CORE_plants_non-redundant_pfms_meme.txt	MA1079.3	WRKY21	AAAAGTCAACG	3.12e-1	1.00e0	9.27e2	276	206	206	206	5	3	1.46	1	0.49
668	data/reference/motifs/JASPAR2026_CORE_plants_non-redundant_pfms_meme.txt	MA1078.2	WRKY2	GGTCAAM	1.29e-1	1.00e0	9.27e2	389	206	206	206	2	172	83.50	162	78.64
669	data/reference/motifs/JASPAR2026_CORE_plants_non-redundant_pfms_meme.txt	MA1077.2	WRKY18	RGTCAA	2.64e-1	1.00e0	9.27e2	409	206	206	206	3	186	90.29	181	87.86
670	data/reference/motifs/JASPAR2026_CORE_plants_non-redundant_pfms_meme.txt	MA2053.2	NAC105	CAAGCAACC	2.51e-1	1.00e0	9.27e2	403	206	206	206	1	203	98.54	200	97.09
671	data/reference/motifs/JASPAR2026_CORE_plants_non-redundant_pfms_meme.txt	MA2051.2	NAC68	ACAAGTAW	1.44e-1	1.00e0	9.27e2	412	206	206	206	17	21	10.19	14	6.80
672	data/reference/motifs/JASPAR2026_CORE_plants_non-redundant_pfms_meme.txt	MA2050.2	NAC101	CAAGCAA	5.00e-1	1.00e0	9.27e2	411	206	206	206	2	205	99.51	204	99.03
673	data/reference/motifs/JASPAR2026_CORE_plants_non-redundant_pfms_meme.txt	MA2049.2	NAC053	CAAGAAA	1.69e-1	1.00e0	9.27e2	408	206	206	206	12	7	3.40	3	1.46
674	data/reference/motifs/JASPAR2026_CORE_plants_non-redundant_pfms_meme.txt	MA2048.2	NAC045	GAAGCAAC	1.01e-1	1.00e0	9.27e2	410	206	206	206	4	174	84.47	163	79.13
675	data/reference/motifs/JASPAR2026_CORE_plants_non-redundant_pfms_meme.txt	MA2047.2	NAC037	CAAGCAA	5.00e-1	1.00e0	9.27e2	410	206	206	206	2	202	98.06	201	97.57
676	data/reference/motifs/JASPAR2026_CORE_plants_non-redundant_pfms_meme.txt	MA2044.2	NAC007	CAAGCAA	4.22e-1	1.00e0	9.27e2	412	206	206	206	8	111	53.88	108	52.43
677	data/reference/motifs/JASPAR2026_CORE_plants_non-redundant_pfms_meme.txt	MA2043.2	NAC004	CAAGAAA	1.08e-1	1.00e0	9.27e2	411	206	206	206	2	205	99.51	201	97.57
678	data/reference/motifs/JASPAR2026_CORE_plants_non-redundant_pfms_meme.txt	MA2037.2	NAC096	CAAGTAA	8.89e-2	1.00e0	9.27e2	412	206	206	206	4	199	96.60	192	93.20
679	data/reference/motifs/JASPAR2026_CORE_plants_non-redundant_pfms_meme.txt	MA2036.2	NAC076	CAAGCAA	3.05e-1	1.00e0	9.27e2	412	206	206	206	6	171	83.01	166	80.58
680	data/reference/motifs/JASPAR2026_CORE_plants_non-redundant_pfms_meme.txt	MA2034.2	NAC057	CAAGTAA	1.33e-1	1.00e0	9.27e2	412	206	206	206	12	61	29.61	50	24.27
681	data/reference/motifs/JASPAR2026_CORE_plants_non-redundant_pfms_meme.txt	MA2018.2	NAC69	ACAAGGCA	1.45e-1	1.00e0	9.27e2	409	206	206	206	7	71	34.47	60	29.13
682	data/reference/motifs/JASPAR2026_CORE_plants_non-redundant_pfms_meme.txt	MA2017.2	JUB1	ACGGCGA	2.36e-1	1.00e0	9.27e2	309	206	206	206	4	48	23.30	41	19.90
683	data/reference/motifs/JASPAR2026_CORE_plants_non-redundant_pfms_meme.txt	MA2010.2	SMB	CAAGCAA	3.39e-1	1.00e0	9.27e2	412	206	206	206	8	137	66.50	132	64.08
684	data/reference/motifs/JASPAR2026_CORE_plants_non-redundant_pfms_meme.txt	MA1677.2	NAC078	CAAGAAA	1.24e-1	1.00e0	9.27e2	411	206	206	206	12	18	8.74	11	5.34
685	data/reference/motifs/JASPAR2026_CORE_plants_non-redundant_pfms_meme.txt	MA1676.3	NAC062	TAAGTAA	3.16e-1	1.00e0	9.27e2	412	206	206	206	10	164	79.61	159	77.18
686	data/reference/motifs/JASPAR2026_CORE_plants_non-redundant_pfms_meme.txt	MA1675.2	NAC029	ACGCAACT	2.00e-1	1.00e0	9.27e2	382	206	206	206	5	48	23.30	40	19.42
687	data/reference/motifs/JASPAR2026_CORE_plants_non-redundant_pfms_meme.txt	MA1663.3	NAC050	CAAGTAAC	1.17e-1	1.00e0	9.27e2	408	206	206	206	9	51	24.76	40	19.42
688	data/reference/motifs/JASPAR2026_CORE_plants_non-redundant_pfms_meme.txt	MA1427.3	NAC028	CAAGTAA	9.96e-2	1.00e0	9.27e2	412	206	206	206	10	117	56.80	103	50.00
689	data/reference/motifs/JASPAR2026_CORE_plants_non-redundant_pfms_meme.txt	MA1414.2	E2FA	GCGCCA	3.17e-1	1.00e0	9.27e2	361	206	206	206	5	48	23.30	43	20.87
690	data/reference/motifs/JASPAR2026_CORE_plants_non-redundant_pfms_meme.txt	MA1813.2	EIL4	TWCAATGAA	3.03e-1	1.00e0	9.27e2	398	206	206	206	3	172	83.50	167	81.07
691	data/reference/motifs/JASPAR2026_CORE_plants_non-redundant_pfms_meme.txt	MA1809.2	GLYMA-07G038400	CTGACAC	1.01e-1	1.00e0	9.27e2	410	206	206	206	3	201	97.57	195	94.66
692	data/reference/motifs/JASPAR2026_CORE_plants_non-redundant_pfms_meme.txt	MA1197.2	CAMTA1	AARCGCGTG	3.28e-1	1.00e0	9.27e2	133	206	206	206	2	28	13.59	24	11.65
693	data/reference/motifs/JASPAR2026_CORE_plants_non-redundant_pfms_meme.txt	MA0970.2	CAMTA3	CCGCGT	1.46e-1	1.00e0	9.27e2	375	206	206	206	10	15	7.28	9	4.37
694	data/reference/motifs/JASPAR2026_CORE_plants_non-redundant_pfms_meme.txt	MA2016.2	GRF6	TCTGACA	3.20e-1	1.00e0	9.27e2	188	206	206	206	3	11	5.34	8	3.88
695	data/reference/motifs/JASPAR2026_CORE_plants_non-redundant_pfms_meme.txt	MA1801.2	TREE1	AGCTD	2.97e-1	1.00e0	9.27e2	412	206	206	206	33	145	70.39	139	67.48
696	data/reference/motifs/JASPAR2026_CORE_plants_non-redundant_pfms_meme.txt	MA1415.2	REF6	RAAACAGAG	1.88e-1	1.00e0	9.27e2	338	206	206	206	2	109	52.91	99	48.06
697	data/reference/motifs/JASPAR2026_CORE_plants_non-redundant_pfms_meme.txt	MA1405.2	SIZF2	ACTGACAGT	1.24e-1	1.00e0	9.27e2	344	206	206	206	15	3	1.46	0	0.00
698	data/reference/motifs/JASPAR2026_CORE_plants_non-redundant_pfms_meme.txt	MA1372.2	ZAT10	CACTNHCACT	1.08e-1	1.00e0	9.27e2	412	206	206	206	18	5	2.43	1	0.49
699	data/reference/motifs/JASPAR2026_CORE_plants_non-redundant_pfms_meme.txt	MA1371.2	IDD4	ASAAAAMGACAAAAA	3.59e-1	1.00e0	9.27e2	226	206	206	206	2	46	22.33	42	20.39
700	data/reference/motifs/JASPAR2026_CORE_plants_non-redundant_pfms_meme.txt	MA1370.2	IDD5	TTTTGTCGTTTWST	2.49e-1	1.00e0	9.27e2	216	206	206	206	5	2	0.97	0	0.00
701	data/reference/motifs/JASPAR2026_CORE_plants_non-redundant_pfms_meme.txt	MA1160.2	IDD6	TTTTTGTCGTTTTSTK	1.69e-1	1.00e0	9.27e2	212	206	206	206	4	7	3.40	3	1.46
702	data/reference/motifs/JASPAR2026_CORE_plants_non-redundant_pfms_meme.txt	MA1159.2	SGR5	AAAWAAGACAAAA	3.34e-1	1.00e0	9.27e2	363	206	206	206	2	146	70.87	141	68.45
703	data/reference/motifs/JASPAR2026_CORE_plants_non-redundant_pfms_meme.txt	MA2015.2	NAC002	ACGCAACT	3.68e-1	1.00e0	9.27e2	395	206	206	206	6	56	27.18	52	25.24
704	data/reference/motifs/JASPAR2026_CORE_plants_non-redundant_pfms_meme.txt	MA1743.2	BZIP2	TGCTGACGTGGCA	6.25e-1	1.00e0	9.27e2	59	206	206	206	2	5	2.43	5	2.43
705	data/reference/motifs/JASPAR2026_CORE_plants_non-redundant_pfms_meme.txt	MA1345.2	BZIP48	GCCACGTCAGCA	5.59e-1	1.00e0	9.27e2	52	206	206	206	1	26	12.62	26	12.62
706	data/reference/motifs/JASPAR2026_CORE_plants_non-redundant_pfms_meme.txt	MA1340.2	BZIP3	TGMTGACGTGGCA	5.00e-1	1.00e0	9.27e2	96	206	206	206	3	2	0.97	1	0.49
707	data/reference/motifs/JASPAR2026_CORE_plants_non-redundant_pfms_meme.txt	MA1337.2	BZIP44	WGCTGACGTGGCA	5.00e-1	1.00e0	9.27e2	54	206	206	206	2	3	1.46	2	0.97
708	data/reference/motifs/JASPAR2026_CORE_plants_non-redundant_pfms_meme.txt	MA1803.2	VIP1	TGMCAGCTGT	3.12e-1	1.00e0	9.27e2	179	206	206	206	4	3	1.46	1	0.49
709	data/reference/motifs/JASPAR2026_CORE_plants_non-redundant_pfms_meme.txt	MA1343.2	BZIP52	TGMCAGCT	5.00e-1	1.00e0	9.27e2	253	206	206	206	6	3	1.46	2	0.97
710	data/reference/motifs/JASPAR2026_CORE_plants_non-redundant_pfms_meme.txt	MA0551.2	HY5	TGMCACGTGKCA	5.00e-1	1.00e0	9.27e2	77	206	206	206	2	39	18.93	38	18.45
711	data/reference/motifs/JASPAR2026_CORE_plants_non-redundant_pfms_meme.txt	MA1351.3	GBF3	ACGTGGCA	1.71e-1	1.00e0	9.27e2	402	206	206	206	7	50	24.27	41	19.90
712	data/reference/motifs/JASPAR2026_CORE_plants_non-redundant_pfms_meme.txt	MA1835.2	TFLG2-Zm00001d042777	GTACGTAC	3.39e-1	1.00e0	9.27e2	295	206	206	206	4	74	35.92	69	33.50
713	data/reference/motifs/JASPAR2026_CORE_plants_non-redundant_pfms_meme.txt	MA1346.2	TGA10	GMTGACGTCA	3.92e-1	1.00e0	9.27e2	159	206	206	206	2	33	16.02	30	14.56
714	data/reference/motifs/JASPAR2026_CORE_plants_non-redundant_pfms_meme.txt	MA1070.3	TGA7	ATGACGTCAB	3.78e-1	1.00e0	9.27e2	178	206	206	206	3	25	12.14	22	10.68
715	data/reference/motifs/JASPAR2026_CORE_plants_non-redundant_pfms_meme.txt	MA1069.3	TGA6	ATGAYGTCAT	1.39e-1	1.00e0	9.27e2	295	206	206	206	2	103	50.00	91	44.17
716	data/reference/motifs/JASPAR2026_CORE_plants_non-redundant_pfms_meme.txt	MA1047.3	TGA5	ATGACGTCA	1.92e-1	1.00e0	9.27e2	317	206	206	206	4	64	31.07	55	26.70
717	data/reference/motifs/JASPAR2026_CORE_plants_non-redundant_pfms_meme.txt	MA0588.2	TGA1	SVTGACGT	4.11e-1	1.00e0	9.27e2	377	206	206	206	2	154	74.76	151	73.30
718	data/reference/motifs/JASPAR2026_CORE_plants_non-redundant_pfms_meme.txt	MA1659.2	ABF4	CCACGTS	1.64e-1	1.00e0	9.27e2	406	206	206	206	2	195	94.66	189	91.75
719	data/reference/motifs/JASPAR2026_CORE_plants_non-redundant_pfms_meme.txt	MA0931.2	ABI5	GMCACGTG	3.26e-1	1.00e0	9.27e2	195	206	206	206	2	55	26.70	50	24.27
720	data/reference/motifs/JASPAR2026_CORE_plants_non-redundant_pfms_meme.txt	MA0930.3	ABF3	ACGTGTC	2.15e-1	1.00e0	9.27e2	404	206	206	206	6	108	52.43	99	48.06
721	data/reference/motifs/JASPAR2026_CORE_plants_non-redundant_pfms_meme.txt	MA1822.2	Zm00001d018571	GTACGTAC	1.12e-1	1.00e0	9.27e2	327	206	206	206	1	169	82.04	158	76.70
722	data/reference/motifs/JASPAR2026_CORE_plants_non-redundant_pfms_meme.txt	MA1828.2	Zm00001d038683	GTGGTCCA	2.72e-1	1.00e0	9.27e2	370	206	206	206	12	7	3.40	4	1.94
723	data/reference/motifs/JASPAR2026_CORE_plants_non-redundant_pfms_meme.txt	MA1063.2	TCP19	GGSCCCAC	9.58e-2	1.00e0	9.27e2	393	206	206	206	4	130	63.11	116	56.31
724	data/reference/motifs/JASPAR2026_CORE_plants_non-redundant_pfms_meme.txt	MA1054.2	ARALYDRAFT_897773	KGGGACCAC	1.46e-1	1.00e0	9.27e2	304	206	206	206	6	10	4.85	5	2.43
725	data/reference/motifs/JASPAR2026_CORE_plants_non-redundant_pfms_meme.txt	MA1333.2	BEH3	YGCACGTGTG	7.21e-1	1.00e0	9.27e2	57	206	206	206	2	13	6.31	15	7.28
726	data/reference/motifs/JASPAR2026_CORE_plants_non-redundant_pfms_meme.txt	MA1332.2	BEH2	CACACGTGCR	8.69e-1	1.00e0	9.27e2	31	206	206	206	1	13	6.31	18	8.74
727	data/reference/motifs/JASPAR2026_CORE_plants_non-redundant_pfms_meme.txt	MA1331.2	BEH4	YGCACGTGTG	8.99e-1	1.00e0	9.27e2	37	206	206	206	2	6	2.91	10	4.85
728	data/reference/motifs/JASPAR2026_CORE_plants_non-redundant_pfms_meme.txt	MA0550.3	BZR1	CRCACGTGYR	6.58e-1	1.00e0	9.27e2	64	206	206	206	1	31	15.05	33	16.02
729	data/reference/motifs/JASPAR2026_CORE_plants_non-redundant_pfms_meme.txt	MA0549.2	BZR2	RCACGTGKSV	5.00e-1	1.00e0	9.27e2	111	206	206	206	5	2	0.97	1	0.49
730	data/reference/motifs/JASPAR2026_CORE_plants_non-redundant_pfms_meme.txt	MA1816.2	O11	CACGTG	1.57e-1	1.00e0	9.27e2	247	206	206	206	2	129	62.62	118	57.28
731	data/reference/motifs/JASPAR2026_CORE_plants_non-redundant_pfms_meme.txt	MA1740.2	BHLH49	CACGTGC	6.57e-1	1.00e0	9.27e2	50	206	206	206	4	3	1.46	3	1.46
732	data/reference/motifs/JASPAR2026_CORE_plants_non-redundant_pfms_meme.txt	MA1739.2	BHLH122	CMACTTG	2.08e-1	1.00e0	9.27e2	277	206	206	206	5	9	4.37	5	2.43
733	data/reference/motifs/JASPAR2026_CORE_plants_non-redundant_pfms_meme.txt	MA1362.2	bHLH77	DWNGBCACGTGM	4.59e-1	1.00e0	9.27e2	146	206	206	206	1	74	35.92	72	34.95
734	data/reference/motifs/JASPAR2026_CORE_plants_non-redundant_pfms_meme.txt	MA1361.2	bHLH18	CRCGTKWWHCACGTG	3.43e-1	1.00e0	9.27e2	119	206	206	206	4	4	1.94	2	0.97
735	data/reference/motifs/JASPAR2026_CORE_plants_non-redundant_pfms_meme.txt	MA1358.2	bHLH130	CMACTTGC	1.97e-1	1.00e0	9.27e2	227	206	206	206	3	22	10.68	16	7.77
736	data/reference/motifs/JASPAR2026_CORE_plants_non-redundant_pfms_meme.txt	MA1357.2	bHLH80	TGCAAGTKG	5.00e-1	1.00e0	9.27e2	119	206	206	206	3	3	1.46	2	0.97
737	data/reference/motifs/JASPAR2026_CORE_plants_non-redundant_pfms_meme.txt	MA1074.2	UNE10	CACGTGM	6.57e-1	1.00e0	9.27e2	50	206	206	206	4	3	1.46	3	1.46
738	data/reference/motifs/JASPAR2026_CORE_plants_non-redundant_pfms_meme.txt	MA0961.2	bHLH112	CCACTTG	5.00e-1	1.00e0	9.27e2	89	206	206	206	4	1	0.49	0	0.00
739	data/reference/motifs/JASPAR2026_CORE_plants_non-redundant_pfms_meme.txt	MA0582.2	RAV1	GCAACA	2.05e-1	1.00e0	9.27e2	408	206	206	206	6	138	66.99	129	62.62
740	data/reference/motifs/JASPAR2026_CORE_plants_non-redundant_pfms_meme.txt	MA1698.2	ARF7	GCCGACAAG	2.76e-1	1.00e0	9.27e2	320	206	206	206	2	120	58.25	113	54.85
741	data/reference/motifs/JASPAR2026_CORE_plants_non-redundant_pfms_meme.txt	MA1697.2	ARF4	ACGACAAG	2.95e-1	1.00e0	9.27e2	403	206	206	206	4	148	71.84	142	68.93
742	data/reference/motifs/JASPAR2026_CORE_plants_non-redundant_pfms_meme.txt	MA1695.2	ARF36	GGGGGACAHGTC	3.09e-1	1.00e0	9.27e2	233	206	206	206	3	22	10.68	18	8.74
743	data/reference/motifs/JASPAR2026_CORE_plants_non-redundant_pfms_meme.txt	MA1694.2	ARF35	CCCGACAAG	5.55e-1	1.00e0	9.27e2	350	206	206	206	1	175	84.95	175	84.95
744	data/reference/motifs/JASPAR2026_CORE_plants_non-redundant_pfms_meme.txt	MA1692.2	ARF29	GCCGACAA	4.46e-1	1.00e0	9.27e2	375	206	206	206	6	33	16.02	31	15.05
745	data/reference/motifs/JASPAR2026_CORE_plants_non-redundant_pfms_meme.txt	MA1691.2	ARF27	GCAGACAT	3.16e-1	1.00e0	9.27e2	398	206	206	206	3	164	79.61	159	77.18
746	data/reference/motifs/JASPAR2026_CORE_plants_non-redundant_pfms_meme.txt	MA1690.2	ARF25	ARMGGGRGACAM	2.42e-1	1.00e0	9.27e2	242	206	206	206	1	125	60.68	117	56.80
747	data/reference/motifs/JASPAR2026_CORE_plants_non-redundant_pfms_meme.txt	MA1689.2	ARF18	CCGACAAA	1.42e-1	1.00e0	9.27e2	404	206	206	206	1	204	99.03	200	97.09
748	data/reference/motifs/JASPAR2026_CORE_plants_non-redundant_pfms_meme.txt	MA1685.2	ARF10	ARNGGGAGACA	3.24e-1	1.00e0	9.27e2	302	206	206	206	3	53	25.73	48	23.30
749	data/reference/motifs/JASPAR2026_CORE_plants_non-redundant_pfms_meme.txt	MA0944.2	ARF8	TGTCGG	2.43e-1	1.00e0	9.27e2	412	206	206	206	23	33	16.02	27	13.11
750	data/reference/motifs/JASPAR2026_CORE_plants_non-redundant_pfms_meme.txt	MA0943.2	ARF5	RCCGACA	7.67e-1	1.00e0	9.27e2	373	206	206	206	5	40	19.42	45	21.84
751	data/reference/motifs/JASPAR2026_CORE_plants_non-redundant_pfms_meme.txt	MA0942.2	ARF1	ACCGACA	1.56e-1	1.00e0	9.27e2	310	206	206	206	5	16	7.77	10	4.85
752	data/reference/motifs/JASPAR2026_CORE_plants_non-redundant_pfms_meme.txt	MA0581.2	LEC2	CATGCR	1.37e-1	1.00e0	9.27e2	310	206	206	206	5	14	6.80	8	3.88
753	data/reference/motifs/JASPAR2026_CORE_plants_non-redundant_pfms_meme.txt	MA0564.2	ABI3	GCATGC	1.16e-1	1.00e0	9.27e2	381	206	206	206	13	23	11.17	15	7.28
754	data/reference/motifs/JASPAR2026_CORE_plants_non-redundant_pfms_meme.txt	MA2013.2	ERF115	YCGCCGCCGCM	5.00e-1	1.00e0	9.27e2	111	206	206	206	6	3	1.46	2	0.97
755	data/reference/motifs/JASPAR2026_CORE_plants_non-redundant_pfms_meme.txt	MA1833.2	Zm00001d049364	CCGCCGCCGCC	2.65e-1	1.00e0	9.27e2	152	206	206	206	2	42	20.39	36	17.48
756	data/reference/motifs/JASPAR2026_CORE_plants_non-redundant_pfms_meme.txt	MA1831.2	Zm00001d031796	GACGGCGACG	6.32e-1	1.00e0	9.27e2	236	206	206	206	5	19	9.22	20	9.71
757	data/reference/motifs/JASPAR2026_CORE_plants_non-redundant_pfms_meme.txt	MA1820.2	Zm00001d024324	CGCCGCCGC	3.19e-1	1.00e0	9.27e2	171	206	206	206	2	49	23.79	44	21.36
758	data/reference/motifs/JASPAR2026_CORE_plants_non-redundant_pfms_meme.txt	MA1819.2	Zm00001d005892	CGCCGCCG	3.43e-1	1.00e0	9.27e2	211	206	206	206	13	4	1.94	2	0.97
759	data/reference/motifs/JASPAR2026_CORE_plants_non-redundant_pfms_meme.txt	MA1817.2	Zm00001d020267	CGCCGCCGCC	2.90e-1	1.00e0	9.27e2	165	206	206	206	3	33	16.02	28	13.59
760	data/reference/motifs/JASPAR2026_CORE_plants_non-redundant_pfms_meme.txt	MA1804.2	WIN1	CRCCGC	1.65e-1	1.00e0	9.27e2	410	206	206	206	9	151	73.30	141	68.45
761	data/reference/motifs/JASPAR2026_CORE_plants_non-redundant_pfms_meme.txt	MA1795.2	RAP2-4	CRCCGACC	1.61e-1	1.00e0	9.27e2	406	206	206	206	19	11	5.34	6	2.91
762	data/reference/motifs/JASPAR2026_CORE_plants_non-redundant_pfms_meme.txt	MA1754.2	ERF073	CKCCGCCGCCR	5.00e-1	1.00e0	9.27e2	83	206	206	206	8	1	0.49	0	0.00
763	data/reference/motifs/JASPAR2026_CORE_plants_non-redundant_pfms_meme.txt	MA1752.2	ERF025	YGCCGACA	5.00e-1	1.00e0	9.27e2	179	206	206	206	2	35	16.99	34	16.50
764	data/reference/motifs/JASPAR2026_CORE_plants_non-redundant_pfms_meme.txt	MA1748.2	DREB1F	GCCGAC	4.16e-1	1.00e0	9.27e2	367	206	206	206	5	65	31.55	62	30.10
765	data/reference/motifs/JASPAR2026_CORE_plants_non-redundant_pfms_meme.txt	MA1679.2	RAP2-1	CACCGACA	2.72e-1	1.00e0	9.27e2	281	206	206	206	7	7	3.40	4	1.94
766	data/reference/motifs/JASPAR2026_CORE_plants_non-redundant_pfms_meme.txt	MA1671.2	ERF118	CCGCCGCC	5.00e-1	1.00e0	9.27e2	198	206	206	206	11	2	0.97	1	0.49
767	data/reference/motifs/JASPAR2026_CORE_plants_non-redundant_pfms_meme.txt	MA1670.2	DREB1C	GCCGACAT	5.00e-1	1.00e0	9.27e2	332	206	206	206	5	21	10.19	20	9.71
768	data/reference/motifs/JASPAR2026_CORE_plants_non-redundant_pfms_meme.txt	MA1669.2	DREB1B	GCCGACAT	4.20e-1	1.00e0	9.27e2	310	206	206	206	5	14	6.80	12	5.83
769	data/reference/motifs/JASPAR2026_CORE_plants_non-redundant_pfms_meme.txt	MA1265.3	ERF015	CACCGACA	4.05e-1	1.00e0	9.27e2	265	206	206	206	6	10	4.85	8	3.88
770	data/reference/motifs/JASPAR2026_CORE_plants_non-redundant_pfms_meme.txt	MA1262.2	ERF2	CCDCCGCCGCCRY	3.71e-1	1.00e0	9.27e2	120	206	206	206	2	22	10.68	19	9.22
771	data/reference/motifs/JASPAR2026_CORE_plants_non-redundant_pfms_meme.txt	MA1261.2	ERF122	TRCGGCKGHG	3.40e-1	1.00e0	9.27e2	269	206	206	206	5	14	6.80	11	5.34
772	data/reference/motifs/JASPAR2026_CORE_plants_non-redundant_pfms_meme.txt	MA1260.2	ERF013	TGTCGGTGG	3.74e-1	1.00e0	9.27e2	124	206	206	206	1	64	31.07	60	29.13
773	data/reference/motifs/JASPAR2026_CORE_plants_non-redundant_pfms_meme.txt	MA1258.2	DREB2A	AWGKCGGTG	3.62e-1	1.00e0	9.27e2	175	206	206	206	4	5	2.43	3	1.46
774	data/reference/motifs/JASPAR2026_CORE_plants_non-redundant_pfms_meme.txt	MA1253.2	ERF036	TGTCGGTG	2.25e-1	1.00e0	9.27e2	272	206	206	206	6	5	2.43	2	0.97
775	data/reference/motifs/JASPAR2026_CORE_plants_non-redundant_pfms_meme.txt	MA1252.2	ERF086	CCKCCGCCGY	5.00e-1	1.00e0	9.27e2	99	206	206	206	1	50	24.27	49	23.79
776	data/reference/motifs/JASPAR2026_CORE_plants_non-redundant_pfms_meme.txt	MA1250.2	DREB2D	CCDCCDCCACCGCC	3.65e-1	1.00e0	9.27e2	160	206	206	206	3	20	9.71	17	8.25
777	data/reference/motifs/JASPAR2026_CORE_plants_non-redundant_pfms_meme.txt	MA1248.2	ERF012	CCACCGMC	2.14e-1	1.00e0	9.27e2	187	206	206	206	1	98	47.57	89	43.20
778	data/reference/motifs/JASPAR2026_CORE_plants_non-redundant_pfms_meme.txt	MA1247.2	ERF087	GRCGGCGGMG	5.00e-1	1.00e0	9.27e2	91	206	206	206	9	1	0.49	0	0.00
779	data/reference/motifs/JASPAR2026_CORE_plants_non-redundant_pfms_meme.txt	MA1246.2	LEP	CKCCGCCGYC	4.34e-1	1.00e0	9.27e2	145	206	206	206	3	21	10.19	19	9.22
780	data/reference/motifs/JASPAR2026_CORE_plants_non-redundant_pfms_meme.txt	MA1245.3	ERF112	CCGCCGCCR	3.86e-1	1.00e0	9.27e2	221	206	206	206	6	7	3.40	5	2.43
781	data/reference/motifs/JASPAR2026_CORE_plants_non-redundant_pfms_meme.txt	MA1244.2	ABR1	DTKGCGGCGGMG	5.42e-1	1.00e0	9.27e2	128	206	206	206	1	64	31.07	64	31.07
782	data/reference/motifs/JASPAR2026_CORE_plants_non-redundant_pfms_meme.txt	MA1240.2	ERF077	CCGCCGCCRY	3.40e-1	1.00e0	9.27e2	145	206	206	206	3	14	6.80	11	5.34
783	data/reference/motifs/JASPAR2026_CORE_plants_non-redundant_pfms_meme.txt	MA1239.2	ERF104	CCDCCDCCGCCGCCRY	4.48e-1	1.00e0	9.27e2	70	206	206	206	1	36	17.48	34	16.50
784	data/reference/motifs/JASPAR2026_CORE_plants_non-redundant_pfms_meme.txt	MA1238.3	ERF038	CACCGACA	2.23e-1	1.00e0	9.27e2	266	206	206	206	6	10	4.85	6	2.91
785	data/reference/motifs/JASPAR2026_CORE_plants_non-redundant_pfms_meme.txt	MA1233.3	ERF021	CGCCGACA	2.92e-1	1.00e0	9.27e2	329	206	206	206	5	34	16.50	29	14.08
786	data/reference/motifs/JASPAR2026_CORE_plants_non-redundant_pfms_meme.txt	MA1232.2	ERF054	GDCGGYGG	1.56e-1	1.00e0	9.27e2	255	206	206	206	4	23	11.17	16	7.77
787	data/reference/motifs/JASPAR2026_CORE_plants_non-redundant_pfms_meme.txt	MA1231.3	ERF15	MGCCGCCD	2.49e-1	1.00e0	9.27e2	213	206	206	206	9	2	0.97	0	0.00
788	data/reference/motifs/JASPAR2026_CORE_plants_non-redundant_pfms_meme.txt	MA1230.2	ERF037	YCACCGACA	5.00e-1	1.00e0	9.27e2	100	206	206	206	2	9	4.37	8	3.88
789	data/reference/motifs/JASPAR2026_CORE_plants_non-redundant_pfms_meme.txt	MA1227.3	ERF027	RCCGACA	2.46e-1	1.00e0	9.27e2	350	206	206	206	6	21	10.19	16	7.77
790	data/reference/motifs/JASPAR2026_CORE_plants_non-redundant_pfms_meme.txt	MA1220.2	TINY	YCACCGACA	2.96e-1	1.00e0	9.27e2	136	206	206	206	2	19	9.22	15	7.28
791	data/reference/motifs/JASPAR2026_CORE_plants_non-redundant_pfms_meme.txt	MA1219.3	ERF011	CACCGAC	3.22e-1	1.00e0	9.27e2	313	206	206	206	1	159	77.18	154	74.76
792	data/reference/motifs/JASPAR2026_CORE_plants_non-redundant_pfms_meme.txt	MA1218.2	DREB1D	ATGTCGGY	3.71e-1	1.00e0	9.27e2	125	206	206	206	2	22	10.68	19	9.22
793	data/reference/motifs/JASPAR2026_CORE_plants_non-redundant_pfms_meme.txt	MA1010.2	PHYPADRAFT_64121	TGTCGGTA	2.35e-1	1.00e0	9.27e2	398	206	206	206	10	11	5.34	7	3.40
794	data/reference/motifs/JASPAR2026_CORE_plants_non-redundant_pfms_meme.txt	MA1005.3	ERF082	CCGCCGCCR	5.00e-1	1.00e0	9.27e2	206	206	206	206	5	6	2.91	5	2.43
795	data/reference/motifs/JASPAR2026_CORE_plants_non-redundant_pfms_meme.txt	MA1004.2	ERF13	SGCCGCC	5.00e-1	1.00e0	9.27e2	224	206	206	206	27	1	0.49	0	0.00
796	data/reference/motifs/JASPAR2026_CORE_plants_non-redundant_pfms_meme.txt	MA1001.4	ERF076	CCGCCGCCRC	3.12e-1	1.00e0	9.27e2	195	206	206	206	9	3	1.46	1	0.49
797	data/reference/motifs/JASPAR2026_CORE_plants_non-redundant_pfms_meme.txt	MA1000.3	ERF105	RYGGCGGCGG	5.00e-1	1.00e0	9.27e2	92	206	206	206	3	6	2.91	5	2.43
798	data/reference/motifs/JASPAR2026_CORE_plants_non-redundant_pfms_meme.txt	MA0998.2	ERF096	GCCGCC	2.49e-1	1.00e0	9.27e2	396	206	206	206	35	2	0.97	0	0.00
799	data/reference/motifs/JASPAR2026_CORE_plants_non-redundant_pfms_meme.txt	MA0997.2	ERF069	GCCG	2.46e-1	1.00e0	9.27e2	411	206	206	206	39	54	26.21	47	22.82
800	data/reference/motifs/JASPAR2026_CORE_plants_non-redundant_pfms_meme.txt	MA0995.3	ERF039	RCCGACA	3.59e-1	1.00e0	9.27e2	367	206	206	206	7	18	8.74	15	7.28
801	data/reference/motifs/JASPAR2026_CORE_plants_non-redundant_pfms_meme.txt	MA0994.3	ERF8	TGRCGGCGGCG	6.88e-1	1.00e0	9.27e2	154	206	206	206	8	2	0.97	2	0.97
802	data/reference/motifs/JASPAR2026_CORE_plants_non-redundant_pfms_meme.txt	MA0976.3	CRF4	CCGCCGCCRC	2.25e-1	1.00e0	9.27e2	180	206	206	206	7	5	2.43	2	0.97
803	data/reference/motifs/JASPAR2026_CORE_plants_non-redundant_pfms_meme.txt	MA0971.2	DREB1A	ATGTCGGY	3.96e-1	1.00e0	9.27e2	315	206	206	206	4	36	17.48	33	16.02
804	data/reference/motifs/JASPAR2026_CORE_plants_non-redundant_pfms_meme.txt	MA1377.2	PLT1	KGCACGVWTHYCGAGR	7.73e-1	1.00e0	9.27e2	126	206	206	206	1	60	29.13	66	32.04
805	data/reference/motifs/JASPAR2026_CORE_plants_non-redundant_pfms_meme.txt	MA1376.2	DEAR3	CRCCGMC	2.02e-1	1.00e0	9.27e2	401	206	206	206	12	49	23.79	41	19.90
806	data/reference/motifs/JASPAR2026_CORE_plants_non-redundant_pfms_meme.txt	MA2441.1	SPL3A	AGCGGTACTACC	3.47e-1	1.00e0	9.27e2	205	206	206	206	1	105	50.97	100	48.54
807	data/reference/motifs/JASPAR2026_CORE_plants_non-redundant_pfms_meme.txt	MA2433.1	SPL15D	GCGGTACTAC	2.07e-1	1.00e0	9.27e2	259	206	206	206	1	134	65.05	125	60.68
808	data/reference/motifs/JASPAR2026_CORE_plants_non-redundant_pfms_meme.txt	MA2424.1	OsbZIP77	TGCCACGTCABC	4.00e-1	1.00e0	9.27e2	95	206	206	206	2	9	4.37	7	3.40
809	data/reference/motifs/JASPAR2026_CORE_plants_non-redundant_pfms_meme.txt	MA2421.1	SBP8	ARGTACAA	1.39e-1	1.00e0	9.27e2	394	206	206	206	4	112	54.37	100	48.54
810	data/reference/motifs/JASPAR2026_CORE_plants_non-redundant_pfms_meme.txt	MA2419.1	UB3	GAAGTACAAC	4.17e-1	1.00e0	9.27e2	405	206	206	206	4	139	67.48	136	66.02
811	data/reference/motifs/JASPAR2026_CORE_plants_non-redundant_pfms_meme.txt	MA2418.1	IG1	CTGCCGCCA	2.27e-1	1.00e0	9.27e2	286	206	206	206	1	147	71.36	139	67.48
812	data/reference/motifs/JASPAR2026_CORE_plants_non-redundant_pfms_meme.txt	MA2417.1	EREB71	CACCGVCYMC	1.90e-1	1.00e0	9.27e2	206	206	206	206	6	8	3.88	4	1.94
813	data/reference/motifs/JASPAR2026_CORE_plants_non-redundant_pfms_meme.txt	MA2416.1	EREB29	GCCGCCGCCC	4.47e-1	1.00e0	9.27e2	147	206	206	206	2	35	16.99	33	16.02
814	data/reference/motifs/JASPAR2026_CORE_plants_non-redundant_pfms_meme.txt	MA2415.1	EREB138	CMGCCGCCAT	2.35e-1	1.00e0	9.27e2	254	206	206	206	6	11	5.34	7	3.40
815	data/reference/motifs/JASPAR2026_CORE_plants_non-redundant_pfms_meme.txt	MA2412.1	ZmbZIP72	GATGACATCA	2.25e-1	1.00e0	9.27e2	376	206	206	206	9	5	2.43	2	0.97
816	data/reference/motifs/JASPAR2026_CORE_plants_non-redundant_pfms_meme.txt	MA2411.1	ZmbZIP57	ATGATGTCAT	4.14e-1	1.00e0	9.27e2	390	206	206	206	1	196	95.15	194	94.17
817	data/reference/motifs/JASPAR2026_CORE_plants_non-redundant_pfms_meme.txt	MA2410.1	ZmbZIP54	TGACGTCA	3.61e-1	1.00e0	9.27e2	359	206	206	206	8	48	23.30	44	21.36
818	data/reference/motifs/JASPAR2026_CORE_plants_non-redundant_pfms_meme.txt	MA2409.1	ZmbZIP25	GATGACATCA	5.00e-1	1.00e0	9.27e2	384	206	206	206	10	3	1.46	2	0.97
819	data/reference/motifs/JASPAR2026_CORE_plants_non-redundant_pfms_meme.txt	MA2408.1	BAD1	CCGGGCCCCSVC	3.56e-1	1.00e0	9.27e2	82	206	206	206	1	43	20.87	39	18.93
820	data/reference/motifs/JASPAR2026_CORE_plants_non-redundant_pfms_meme.txt	MA2405.1	OsMSL08	GTAAAW	1.57e-1	1.00e0	9.27e2	412	206	206	206	28	157	76.21	147	71.36
821	data/reference/motifs/JASPAR2026_CORE_plants_non-redundant_pfms_meme.txt	MA2404.1	OsTRBF3	WRMCCTA	5.00e-1	1.00e0	9.27e2	412	206	206	206	26	3	1.46	2	0.97
822	data/reference/motifs/JASPAR2026_CORE_plants_non-redundant_pfms_meme.txt	MA2403.1	DVH24_040989	TTAACC	1.86e-1	1.00e0	9.27e2	412	206	206	206	51	4	1.94	1	0.49
823	data/reference/motifs/JASPAR2026_CORE_plants_non-redundant_pfms_meme.txt	MA2402.1	OsERF104	GCCGY	1.85e-1	1.00e0	9.27e2	408	206	206	206	8	92	44.66	82	39.81
824	data/reference/motifs/JASPAR2026_CORE_plants_non-redundant_pfms_meme.txt	MA2401.1	Os05g0437700	MCACGTGK	2.40e-1	1.00e0	9.27e2	162	206	206	206	2	85	41.26	77	37.38
825	data/reference/motifs/JASPAR2026_CORE_plants_non-redundant_pfms_meme.txt	MA2396.1	IDD1	TTTTGTCGTTTT	2.25e-1	1.00e0	9.27e2	237	206	206	206	4	5	2.43	2	0.97
826	data/reference/motifs/JASPAR2026_CORE_plants_non-redundant_pfms_meme.txt	MA2395.1	PHYPA_011264	CACCGACM	7.51e-1	1.00e0	9.27e2	168	206	206	206	5	1	0.49	1	0.49
827	data/reference/motifs/JASPAR2026_CORE_plants_non-redundant_pfms_meme.txt	MA2392.1	GRMZM2G135447	TGACRKS	2.30e-1	1.00e0	9.27e2	406	206	206	206	8	70	33.98	62	30.10
828	data/reference/motifs/JASPAR2026_CORE_plants_non-redundant_pfms_meme.txt	MA2389.1	GBF1	ACGTGKM	1.31e-1	1.00e0	9.27e2	412	206	206	206	8	171	83.01	161	78.16
829	data/reference/motifs/JASPAR2026_CORE_plants_non-redundant_pfms_meme.txt	MA2388.1	GATA1	AGATCTRRWT	3.49e-1	1.00e0	9.27e2	305	206	206	206	4	38	18.45	34	16.50
830	data/reference/motifs/JASPAR2026_CORE_plants_non-redundant_pfms_meme.txt	MA2384.1	estExt_Genewise1.C_2060077	SACGTGK	2.72e-1	1.00e0	9.27e2	227	206	206	206	7	7	3.40	4	1.94
831	data/reference/motifs/JASPAR2026_CORE_plants_non-redundant_pfms_meme.txt	MA2380.1	DOF4.7	TWACTTTTT	2.74e-1	1.00e0	9.27e2	411	206	206	206	7	125	60.68	118	57.28
832	data/reference/motifs/JASPAR2026_CORE_plants_non-redundant_pfms_meme.txt	MA2378.1	CRF3	GCCG	1.76e-1	1.00e0	9.27e2	412	206	206	206	48	27	13.11	20	9.71
833	data/reference/motifs/JASPAR2026_CORE_plants_non-redundant_pfms_meme.txt	MA2377.1	cassava45561.m1	GGGSCCCAC	1.76e-1	1.00e0	9.27e2	345	206	206	206	2	139	67.48	129	62.62
834	data/reference/motifs/JASPAR2026_CORE_plants_non-redundant_pfms_meme.txt	MA2375.1	BMY2	SRCACGTGTGR	3.97e-1	1.00e0	9.27e2	71	206	206	206	1	37	17.96	34	16.50
835	data/reference/motifs/JASPAR2026_CORE_plants_non-redundant_pfms_meme.txt	MA2374.1	AHL13	ATATAATT	2.33e-1	1.00e0	9.27e2	412	206	206	206	91	73	35.44	65	31.55
836	data/reference/motifs/JASPAR2026_CORE_plants_non-redundant_pfms_meme.txt	MA2370.1	MBD2	AGCTD	2.97e-1	1.00e0	9.27e2	412	206	206	206	33	145	70.39	139	67.48
837	data/reference/motifs/JASPAR2026_CORE_plants_non-redundant_pfms_meme.txt	MA2368.1	WRKY51	RGTCAA	2.61e-1	1.00e0	9.27e2	412	206	206	206	48	40	19.42	34	16.50
838	data/reference/motifs/JASPAR2026_CORE_plants_non-redundant_pfms_meme.txt	MA2367.1	WIP5	ACCTGGAGAAMAW	1.90e-1	1.00e0	9.27e2	401	206	206	206	3	153	74.27	144	69.90
839	data/reference/motifs/JASPAR2026_CORE_plants_non-redundant_pfms_meme.txt	MA2366.1	VOZ2	GCGT	3.46e-1	1.00e0	9.27e2	412	206	206	206	25	93	45.15	88	42.72
840	data/reference/motifs/JASPAR2026_CORE_plants_non-redundant_pfms_meme.txt	MA2365.1	VIT_17s0000g10420	GTTAACYV	3.29e-1	1.00e0	9.27e2	309	206	206	206	3	58	28.16	53	25.73
841	data/reference/motifs/JASPAR2026_CORE_plants_non-redundant_pfms_meme.txt	MA2360.1	PK28565.1	TAACBGTC	1.60e-1	1.00e0	9.27e2	406	206	206	206	5	95	46.12	84	40.78
842	data/reference/motifs/JASPAR2026_CORE_plants_non-redundant_pfms_meme.txt	MA2359.1	PK23829.1	TTATCCR	3.88e-1	1.00e0	9.27e2	355	206	206	206	1	179	86.89	176	85.44
843	data/reference/motifs/JASPAR2026_CORE_plants_non-redundant_pfms_meme.txt	MA2350.1	OsFBH1	CCACTTG	5.00e-1	1.00e0	9.27e2	89	206	206	206	4	1	0.49	0	0.00
844	data/reference/motifs/JASPAR2026_CORE_plants_non-redundant_pfms_meme.txt	MA2347.1	OS04G0486400	TAACC	2.25e-1	1.00e0	9.27e2	412	206	206	206	33	204	99.03	201	97.57
845	data/reference/motifs/JASPAR2026_CORE_plants_non-redundant_pfms_meme.txt	MA2345.1	OS02G0104500	GTAAAW	1.64e-1	1.00e0	9.27e2	412	206	206	206	38	195	94.66	189	91.75
846	data/reference/motifs/JASPAR2026_CORE_plants_non-redundant_pfms_meme.txt	MA2106.1	Zm00001d024644	CCTTATCC	1.46e-1	1.00e0	9.27e2	409	206	206	206	2	201	97.57	196	95.15
847	data/reference/motifs/JASPAR2026_CORE_plants_non-redundant_pfms_meme.txt	MA2104.1	IDD11	AAAACGACAAAA	1.42e-1	1.00e0	9.27e2	307	206	206	206	5	6	2.91	2	0.97
848	data/reference/motifs/JASPAR2026_CORE_plants_non-redundant_pfms_meme.txt	MA1800.1	TEM1	GCAACATA	1.22e-1	1.00e0	9.27e2	377	206	206	206	4	71	34.47	59	28.64
849	data/reference/motifs/JASPAR2026_CORE_plants_non-redundant_pfms_meme.txt	MA1797.1	RAV2	GCAACATA	3.75e-1	1.00e0	9.27e2	239	206	206	206	4	6	2.91	4	1.94
850	data/reference/motifs/JASPAR2026_CORE_plants_non-redundant_pfms_meme.txt	MA1790.1	NAC073	CTTSWYBHWCAMGYT	2.81e-1	1.00e0	9.27e2	295	206	206	206	4	30	14.56	25	12.14
851	data/reference/motifs/JASPAR2026_CORE_plants_non-redundant_pfms_meme.txt	MA1789.1	NAC071	CTTSWHYYTCAMGYA	3.43e-1	1.00e0	9.27e2	194	206	206	206	5	4	1.94	2	0.97
852	data/reference/motifs/JASPAR2026_CORE_plants_non-redundant_pfms_meme.txt	MA1783.1	NAC005	TWRCTTVTTYHAYAAGTTW	6.14e-1	1.00e0	9.27e2	87	206	206	206	2	27	13.11	28	13.59
853	data/reference/motifs/JASPAR2026_CORE_plants_non-redundant_pfms_meme.txt	MA1746.1	BZIP69	TGMCAGCTGTM	7.92e-1	1.00e0	9.27e2	54	206	206	206	2	6	2.91	8	3.88
854	data/reference/motifs/JASPAR2026_CORE_plants_non-redundant_pfms_meme.txt	MA1734.1	AT1G19040	CTTGNDCYBCAAGTWW	5.00e-1	1.00e0	9.27e2	60	206	206	206	2	10	4.85	9	4.37
855	data/reference/motifs/JASPAR2026_CORE_plants_non-redundant_pfms_meme.txt	MA1686.1	ARF13	ARCGGGGGACAYGT	5.00e-1	1.00e0	9.27e2	75	206	206	206	4	1	0.49	0	0.00
856	data/reference/motifs/JASPAR2026_CORE_plants_non-redundant_pfms_meme.txt	MA2092.1	PK27149.1	TGACGTGK	1.75e-1	1.00e0	9.27e2	272	206	206	206	1	141	68.45	131	63.59
857	data/reference/motifs/JASPAR2026_CORE_plants_non-redundant_pfms_meme.txt	MA2091.1	PK27109.1	GACAGCTG	1.19e-1	1.00e0	9.27e2	326	206	206	206	4	52	25.24	41	19.90
858	data/reference/motifs/JASPAR2026_CORE_plants_non-redundant_pfms_meme.txt	MA2089.1	PK25870.1	RGTCAAM	1.76e-1	1.00e0	9.27e2	412	206	206	206	11	27	13.11	20	9.71
859	data/reference/motifs/JASPAR2026_CORE_plants_non-redundant_pfms_meme.txt	MA2088.1	PK24580.1	GCCGGCA	5.00e-1	1.00e0	9.27e2	59	206	206	206	5	2	0.97	1	0.49
860	data/reference/motifs/JASPAR2026_CORE_plants_non-redundant_pfms_meme.txt	MA2087.1	PK24205.1	CACGTGKC	2.97e-1	1.00e0	9.27e2	126	206	206	206	1	66	32.04	60	29.13
861	data/reference/motifs/JASPAR2026_CORE_plants_non-redundant_pfms_meme.txt	MA2086.1	PK23964.1	KCCACGT	1.92e-1	1.00e0	9.27e2	410	206	206	206	6	170	82.52	162	78.64
862	data/reference/motifs/JASPAR2026_CORE_plants_non-redundant_pfms_meme.txt	MA2083.1	PK21166.1	YACCTACY	4.56e-1	1.00e0	9.27e2	408	206	206	206	9	56	27.18	54	26.21
863	data/reference/motifs/JASPAR2026_CORE_plants_non-redundant_pfms_meme.txt	MA2080.1	PK20225.1	CACGTG	1.30e-1	1.00e0	9.27e2	412	206	206	206	4	202	98.06	197	95.63
864	data/reference/motifs/JASPAR2026_CORE_plants_non-redundant_pfms_meme.txt	MA2078.1	PK19363.1	CGCCGCCR	3.11e-1	1.00e0	9.27e2	297	206	206	206	2	108	52.43	102	49.51
865	data/reference/motifs/JASPAR2026_CORE_plants_non-redundant_pfms_meme.txt	MA2077.1	PK18474.1	CACGTGC	6.57e-1	1.00e0	9.27e2	50	206	206	206	4	3	1.46	3	1.46
866	data/reference/motifs/JASPAR2026_CORE_plants_non-redundant_pfms_meme.txt	MA2076.1	PK18401.1	GCACGTGG	2.11e-1	1.00e0	9.27e2	327	206	206	206	3	88	42.72	79	38.35
867	data/reference/motifs/JASPAR2026_CORE_plants_non-redundant_pfms_meme.txt	MA2074.1	PK17878.1	CGCCGCCA	4.42e-1	1.00e0	9.27e2	128	206	206	206	2	28	13.59	26	12.62
868	data/reference/motifs/JASPAR2026_CORE_plants_non-redundant_pfms_meme.txt	MA2072.1	PK16335.1	GACAGCTG	1.88e-1	1.00e0	9.27e2	366	206	206	206	3	111	53.88	101	49.03
869	data/reference/motifs/JASPAR2026_CORE_plants_non-redundant_pfms_meme.txt	MA2071.1	PK15505.1	GCACGTGT	6.57e-1	1.00e0	9.27e2	50	206	206	206	4	3	1.46	3	1.46
870	data/reference/motifs/JASPAR2026_CORE_plants_non-redundant_pfms_meme.txt	MA2070.1	PK15337.1	CTTT	1.31e-1	1.00e0	9.27e2	412	206	206	206	149	83	40.29	71	34.47
871	data/reference/motifs/JASPAR2026_CORE_plants_non-redundant_pfms_meme.txt	MA2069.1	PK10955.1	CTTTW	1.90e-1	1.00e0	9.27e2	412	206	206	206	27	62	30.10	53	25.73
872	data/reference/motifs/JASPAR2026_CORE_plants_non-redundant_pfms_meme.txt	MA2068.1	PK10344.1	GGGACCAC	4.00e-1	1.00e0	9.27e2	89	206	206	206	2	9	4.37	7	3.40
873	data/reference/motifs/JASPAR2026_CORE_plants_non-redundant_pfms_meme.txt	MA2066.1	PK09021.1	TGACGTCA	5.00e-1	1.00e0	9.27e2	61	206	206	206	3	1	0.49	0	0.00
874	data/reference/motifs/JASPAR2026_CORE_plants_non-redundant_pfms_meme.txt	MA2064.1	PK07858.1	CACGTGC	6.57e-1	1.00e0	9.27e2	50	206	206	206	4	3	1.46	3	1.46
875	data/reference/motifs/JASPAR2026_CORE_plants_non-redundant_pfms_meme.txt	MA2063.1	PK07402.1	RCCGMC	2.07e-1	1.00e0	9.27e2	397	206	206	206	3	162	78.64	154	74.76
876	data/reference/motifs/JASPAR2026_CORE_plants_non-redundant_pfms_meme.txt	MA2061.1	PK06517.1	CACGTGC	6.57e-1	1.00e0	9.27e2	50	206	206	206	4	3	1.46	3	1.46
877	data/reference/motifs/JASPAR2026_CORE_plants_non-redundant_pfms_meme.txt	MA2060.1	PK05451.1	CCACGTGM	6.57e-1	1.00e0	9.27e2	50	206	206	206	4	3	1.46	3	1.46
878	data/reference/motifs/JASPAR2026_CORE_plants_non-redundant_pfms_meme.txt	MA2059.1	PK05432.1	RGTCAA	2.18e-1	1.00e0	9.27e2	412	206	206	206	27	59	28.64	51	24.76
879	data/reference/motifs/JASPAR2026_CORE_plants_non-redundant_pfms_meme.txt	MA2056.1	PK01144.1	CTTT	1.41e-1	1.00e0	9.27e2	412	206	206	206	100	186	90.29	178	86.41
880	data/reference/motifs/JASPAR2026_CORE_plants_non-redundant_pfms_meme.txt	MA2055.1	PK00315.1	GACAGCTR	1.08e-1	1.00e0	9.27e2	406	206	206	206	1	205	99.51	201	97.57
881	data/reference/motifs/JASPAR2026_CORE_plants_non-redundant_pfms_meme.txt	MA1380.1	TCX6	WTTTAAATTTTTWAA	2.56e-1	1.00e0	9.27e2	390	206	206	206	1	197	95.63	193	93.69
882	data/reference/motifs/JASPAR2026_CORE_plants_non-redundant_pfms_meme.txt	MA1379.1	SOL1	WTTWAAAATTTAAAW	2.51e-1	1.00e0	9.27e2	374	206	206	206	11	6	2.91	3	1.46
883	data/reference/motifs/JASPAR2026_CORE_plants_non-redundant_pfms_meme.txt	MA1373.1	GAF1	HABWAAACGACAAAA	2.49e-1	1.00e0	9.27e2	225	206	206	206	6	2	0.97	0	0.00
884	data/reference/motifs/JASPAR2026_CORE_plants_non-redundant_pfms_meme.txt	MA1348.1	TGA9	GMTGACGTCAY	8.44e-1	1.00e0	9.27e2	90	206	206	206	2	11	5.34	15	7.28
885	data/reference/motifs/JASPAR2026_CORE_plants_non-redundant_pfms_meme.txt	MA1335.1	TGA4	TGACGTCAKCA	2.54e-1	1.00e0	9.27e2	238	206	206	206	2	60	29.13	53	25.73
886	data/reference/motifs/JASPAR2026_CORE_plants_non-redundant_pfms_meme.txt	MA1328.1	ZHD9	WTWAWHNVYTAATYA	1.11e-1	1.00e0	9.27e2	402	206	206	206	5	135	65.53	122	59.22
887	data/reference/motifs/JASPAR2026_CORE_plants_non-redundant_pfms_meme.txt	MA1274.1	DOF3.6	TTTWCTTTTTHHYTTTTTTTT	1.16e-1	1.00e0	9.27e2	410	206	206	206	6	167	81.07	156	75.73
888	data/reference/motifs/JASPAR2026_CORE_plants_non-redundant_pfms_meme.txt	MA1242.1	DREB2F	CCDCCACCGCC	5.65e-1	1.00e0	9.27e2	122	206	206	206	2	21	10.19	21	10.19
889	data/reference/motifs/JASPAR2026_CORE_plants_non-redundant_pfms_meme.txt	MA1235.1	AIL7	CGNWTYYCGAG	4.17e-1	1.00e0	9.27e2	371	206	206	206	4	68	33.01	65	31.55
890	data/reference/motifs/JASPAR2026_CORE_plants_non-redundant_pfms_meme.txt	MA1225.1	ERF5	CCDCCGCCGCCGCCR	3.86e-1	1.00e0	9.27e2	91	206	206	206	4	7	3.40	5	2.43
891	data/reference/motifs/JASPAR2026_CORE_plants_non-redundant_pfms_meme.txt	MA1221.1	RAP2-6	TKGCGGCGGMGGHGG	6.41e-1	1.00e0	9.27e2	79	206	206	206	2	16	7.77	17	8.25
892	data/reference/motifs/JASPAR2026_CORE_plants_non-redundant_pfms_meme.txt	MA1162.1	TCX2	WTTYAAAATTYAAAW	2.49e-1	1.00e0	9.27e2	371	206	206	206	15	2	0.97	0	0.00
893	data/reference/motifs/JASPAR2026_CORE_plants_non-redundant_pfms_meme.txt	MA1096.1	ARALYDRAFT_496250	GGGACCAC	5.00e-1	1.00e0	9.27e2	81	206	206	206	1	41	19.90	40	19.42
894	data/reference/motifs/JASPAR2026_CORE_plants_non-redundant_pfms_meme.txt	MA1091.1	WRKY62	TGGTCAAC	2.89e-1	1.00e0	9.27e2	302	206	206	206	1	154	74.76	148	71.84
895	data/reference/motifs/JASPAR2026_CORE_plants_non-redundant_pfms_meme.txt	MA1084.1	WRKY38	CGTTGACC	1.16e-1	1.00e0	9.27e2	401	206	206	206	2	191	92.72	183	88.83
896	data/reference/motifs/JASPAR2026_CORE_plants_non-redundant_pfms_meme.txt	MA1075.1	WRKY12	CGTTGACC	1.69e-1	1.00e0	9.27e2	402	206	206	206	1	203	98.54	199	96.60
897	data/reference/motifs/JASPAR2026_CORE_plants_non-redundant_pfms_meme.txt	MA1051.1	RAP2-3	GCGCCGCC	4.08e-1	1.00e0	9.27e2	277	206	206	206	4	49	23.79	46	22.33
898	data/reference/motifs/JASPAR2026_CORE_plants_non-redundant_pfms_meme.txt	MA1050.1	OsI_08196	GGGCCCAC	2.02e-1	1.00e0	9.27e2	256	206	206	206	2	74	35.92	65	31.55
899	data/reference/motifs/JASPAR2026_CORE_plants_non-redundant_pfms_meme.txt	MA1046.1	NTL9	TTAAGTAAT	6.50e-1	1.00e0	9.27e2	273	206	206	206	4	14	6.80	15	7.28
900	data/reference/motifs/JASPAR2026_CORE_plants_non-redundant_pfms_meme.txt	MA1035.1	TCP4	GGGACCAC	3.81e-1	1.00e0	9.27e2	158	206	206	206	1	81	39.32	77	37.38
901	data/reference/motifs/JASPAR2026_CORE_plants_non-redundant_pfms_meme.txt	MA1034.1	Os05g0497200	CGSCGCCR	8.92e-1	1.00e0	9.27e2	62	206	206	206	4	2	0.97	4	1.94
902	data/reference/motifs/JASPAR2026_CORE_plants_non-redundant_pfms_meme.txt	MA1033.1	OJ1058_F05.8	MCACGTGK	2.40e-1	1.00e0	9.27e2	162	206	206	206	2	85	41.26	77	37.38
903	data/reference/motifs/JASPAR2026_CORE_plants_non-redundant_pfms_meme.txt	MA1028.1	KAN4	GAATATTC	1.63e-1	1.00e0	9.27e2	344	206	206	206	6	64	31.07	54	26.21
904	data/reference/motifs/JASPAR2026_CORE_plants_non-redundant_pfms_meme.txt	MA1020.1	GT-1	GTTAACCA	3.05e-1	1.00e0	9.27e2	371	206	206	206	5	40	19.42	35	16.99
905	data/reference/motifs/JASPAR2026_CORE_plants_non-redundant_pfms_meme.txt	MA1013.1	GATA10	TAGATCTG	3.50e-1	1.00e0	9.27e2	209	206	206	206	4	39	18.93	35	16.99
906	data/reference/motifs/JASPAR2026_CORE_plants_non-redundant_pfms_meme.txt	MA1009.1	ARF3	TGTCGGAA	1.51e-1	1.00e0	9.27e2	347	206	206	206	4	41	19.90	32	15.53
907	data/reference/motifs/JASPAR2026_CORE_plants_non-redundant_pfms_meme.txt	MA0986.1	DREB2C	CACCGACA	5.49e-1	1.00e0	9.27e2	324	206	206	206	4	42	20.39	42	20.39
908	data/reference/motifs/JASPAR2026_CORE_plants_non-redundant_pfms_meme.txt	MA0978.1	DREB1E	ATGTCGGC	5.52e-1	1.00e0	9.27e2	190	206	206	206	2	36	17.48	36	17.48
909	data/reference/motifs/JASPAR2026_CORE_plants_non-redundant_pfms_meme.txt	MA0977.1	DOF2.5	AWAAAGTG	1.32e-1	1.00e0	9.27e2	412	206	206	206	17	26	12.62	18	8.74
910	data/reference/motifs/JASPAR2026_CORE_plants_non-redundant_pfms_meme.txt	MA0975.1	CRF2	SCGCCGCC	3.26e-1	1.00e0	9.27e2	119	206	206	206	2	27	13.11	23	11.17
911	data/reference/motifs/JASPAR2026_CORE_plants_non-redundant_pfms_meme.txt	MA0967.1	BZIP60	TGACGTCA	2.25e-1	1.00e0	9.27e2	396	206	206	206	20	5	2.43	2	0.97
912	data/reference/motifs/JASPAR2026_CORE_plants_non-redundant_pfms_meme.txt	MA0963.1	bHLH78	GCACGTGC	2.49e-1	1.00e0	9.27e2	172	206	206	206	10	2	0.97	0	0.00
913	data/reference/motifs/JASPAR2026_CORE_plants_non-redundant_pfms_meme.txt	MA0957.1	BHLH3	GCACGTGC	1.61e-1	1.00e0	9.27e2	298	206	206	206	6	45	21.84	36	17.48
914	data/reference/motifs/JASPAR2026_CORE_plants_non-redundant_pfms_meme.txt	MA0951.1	ATHB-16	TAATMATT	2.85e-1	1.00e0	9.27e2	405	206	206	206	12	17	8.25	13	6.31
915	data/reference/motifs/JASPAR2026_CORE_plants_non-redundant_pfms_meme.txt	MA0947.1	ARR14	AGATWCGS	1.18e-1	1.00e0	9.27e2	331	206	206	206	2	107	51.94	94	45.63
916	data/reference/motifs/JASPAR2026_CORE_plants_non-redundant_pfms_meme.txt	MA0936.1	NAC046	ACACGCMA	1.24e-1	1.00e0	9.27e2	412	206	206	206	10	195	94.66	188	91.26
917	data/reference/motifs/JASPAR2026_CORE_plants_non-redundant_pfms_meme.txt	MA0934.1	AHL25	AWTTAAWT	2.28e-1	1.00e0	9.27e2	411	206	206	206	92	68	33.01	60	29.13
918	data/reference/motifs/JASPAR2026_CORE_plants_non-redundant_pfms_meme.txt	MA0933.1	AHL20	AATTAAWT	2.60e-1	1.00e0	9.27e2	411	206	206	206	31	187	90.78	182	88.35
919	data/reference/motifs/JASPAR2026_CORE_plants_non-redundant_pfms_meme.txt	MA0932.1	AHL12	AAWWWWTT	1.38e-1	1.00e0	9.27e2	412	206	206	206	54	193	93.69	186	90.29
920	data/reference/motifs/JASPAR2026_CORE_plants_non-redundant_pfms_meme.txt	MA0567.1	ERF1B	MGCCGCCA	3.08e-1	1.00e0	9.27e2	246	206	206	206	1	126	61.17	120	58.25
921	data/reference/motifs/JASPAR2026_CORE_plants_non-redundant_pfms_meme.txt	MA0129.1	TGA1A	HACGTCA	2.49e-1	1.00e0	9.27e2	411	206	206	206	2	206	100.00	204	99.03
922	data/reference/motifs/JASPAR2026_CORE_plants_non-redundant_pfms_meme.txt	MA0128.1	EmBP-1	ASACGTGG	3.20e-1	1.00e0	9.27e2	315	206	206	206	3	50	24.27	45	21.84
923	data/reference/motifs/JASPAR2026_CORE_plants_non-redundant_pfms_meme.txt	MA0123.1	abi4	CGSYGCCCCC	4.37e-1	1.00e0	9.27e2	255	206	206	206	5	23	11.17	21	10.19
924	data/reference/motifs/JASPAR2026_CORE_plants_non-redundant_pfms_meme.txt	MA0097.1	bZIP911	GRTGACGTGGMC	9.58e-1	1.00e0	9.27e2	23	206	206	206	1	8	3.88	15	7.28
925	data/reference/motifs/JASPAR2026_CORE_plants_non-redundant_pfms_meme.txt	MA0096.1	bZIP910	MTGACGT	3.66e-1	1.00e0	9.27e2	102	206	206	206	1	53	25.73	49	23.79
926	data/reference/motifs/JASPAR2026_CORE_plants_non-redundant_pfms_meme.txt	MA0064.1	PBF	AAAGY	1.42e-1	1.00e0	9.27e2	412	206	206	206	17	68	33.01	57	27.67
927	data/reference/motifs/JASPAR2026_CORE_plants_non-redundant_pfms_meme.txt	MA0053.1	MNB1A	AAAGC	1.25e-1	1.00e0	9.27e2	412	206	206	206	14	74	35.92	62	30.10

# AME (Analysis of Motif Enrichment): Version 5.5.9 compiled on May 27 2026 at 12:40:54
# The format of this file is described at https://meme-suite.org/meme/doc/ame-output-format.html.
# ame --verbose 1 --text --control results/evidence/motifs/inputs/backgrounds/1000/replicate_058.fa --method fisher --scoring totalhits --hit-lo-fraction 0.25 --evalue-report-threshold 1000000 --noseq results/evidence/motifs/inputs/frozen_candidates_1000bp.fa data/reference/motifs/JASPAR2026_CORE_plants_non-redundant_pfms_meme.txt
