3	data/reference/motifs/JASPAR2026_CORE_plants_non-redundant_pfms_meme.txt	MA1374.2	IDD7	ASAAAACGACAAAA	2.95e-4	5.49e-2	5.09e1	191	206	206	206	2	45	21.84	19	9.22
4	data/reference/motifs/JASPAR2026_CORE_plants_non-redundant_pfms_meme.txt	MA1158.2	MGP	AAAACGACAAAAA	1.43e-3	2.28e-1	2.11e2	181	206	206	206	1	106	51.46	75	36.41
5	data/reference/motifs/JASPAR2026_CORE_plants_non-redundant_pfms_meme.txt	MA2373.1	AZF2	ASTG	7.28e-4	2.59e-1	2.40e2	412	206	206	206	86	156	75.73	125	60.68
6	data/reference/motifs/JASPAR2026_CORE_plants_non-redundant_pfms_meme.txt	MA2673.1	GLYMA-15G086400	WTCTAGAAMCTTCTAGAR	3.66e-3	2.73e-1	2.53e2	87	206	206	206	2	20	9.71	6	2.91
7	data/reference/motifs/JASPAR2026_CORE_plants_non-redundant_pfms_meme.txt	MA1371.2	IDD4	ASAAAAMGACAAAAA	1.74e-3	3.05e-1	2.83e2	209	206	206	206	2	46	22.33	23	11.17
8	data/reference/motifs/JASPAR2026_CORE_plants_non-redundant_pfms_meme.txt	MA1403.1	BPC5	AGAGAGAGAGAGAGAGAGAGAGAGAGAGAG	4.36e-2	4.40e-1	4.08e2	13	206	206	206	1	10	4.85	3	1.46
9	data/reference/motifs/JASPAR2026_CORE_plants_non-redundant_pfms_meme.txt	MA2055.1	PK00315.1	GACAGCTR	1.49e-3	4.47e-1	4.15e2	399	206	206	206	1	205	99.51	194	94.17
10	data/reference/motifs/JASPAR2026_CORE_plants_non-redundant_pfms_meme.txt	MA1402.1	BPC6	CTCTCTCTCTCTCTCTCTCTC	1.60e-2	5.53e-1	5.13e2	50	206	206	206	7	12	5.83	3	1.46
11	data/reference/motifs/JASPAR2026_CORE_plants_non-redundant_pfms_meme.txt	MA1183.2	RVE6	AGATATTTT	2.59e-3	5.79e-1	5.37e2	334	206	206	206	5	19	9.22	5	2.43
12	data/reference/motifs/JASPAR2026_CORE_plants_non-redundant_pfms_meme.txt	MA1404.1	BPC1	GAGAGAGAGAGAGAGAGAGAGAGA	1.85e-2	5.92e-1	5.49e2	48	206	206	206	13	8	3.88	1	0.49
13	data/reference/motifs/JASPAR2026_CORE_plants_non-redundant_pfms_meme.txt	MA1416.1	RAMOSA1	GAGAGAGAGAGAGA	1.00e-2	6.74e-1	6.25e2	112	206	206	206	13	9	4.37	1	0.49
14	data/reference/motifs/JASPAR2026_CORE_plants_non-redundant_pfms_meme.txt	MA1184.2	RVE1	WAAATATCT	3.16e-3	6.84e-1	6.34e2	365	206	206	206	4	58	28.16	34	16.50
15	data/reference/motifs/JASPAR2026_CORE_plants_non-redundant_pfms_meme.txt	MA1689.2	ARF18	CCGACAAA	3.20e-3	7.20e-1	6.67e2	397	206	206	206	1	204	99.03	193	93.69
16	data/reference/motifs/JASPAR2026_CORE_plants_non-redundant_pfms_meme.txt	MA2348.1	IDD6	TTTTTGTCGTTTTSTK	7.42e-3	7.68e-1	7.12e2	197	206	206	206	4	7	3.40	0	0.00
17	data/reference/motifs/JASPAR2026_CORE_plants_non-redundant_pfms_meme.txt	MA1157.2	NUC	TTTTGTCGTTTT	6.13e-3	7.73e-1	7.16e2	242	206	206	206	1	134	65.05	108	52.43
18	data/reference/motifs/JASPAR2026_CORE_plants_non-redundant_pfms_meme.txt	MA1265.3	ERF015	CACCGACA	5.35e-3	7.74e-1	7.17e2	278	206	206	206	6	10	4.85	1	0.49
19	data/reference/motifs/JASPAR2026_CORE_plants_non-redundant_pfms_meme.txt	MA1160.2	IDD6	TTTTTGTCGTTTTSTK	7.42e-3	7.75e-1	7.18e2	201	206	206	206	4	7	3.40	0	0.00
20	data/reference/motifs/JASPAR2026_CORE_plants_non-redundant_pfms_meme.txt	MA1156.2	JKD	TTTTGTCKTTTT	4.64e-3	7.97e-1	7.39e2	344	206	206	206	3	73	35.44	48	23.30
21	data/reference/motifs/JASPAR2026_CORE_plants_non-redundant_pfms_meme.txt	MA1777.2	MYB74	YYYACCTAMCW	5.42e-3	8.19e-1	7.60e2	316	206	206	206	4	31	15.05	14	6.80
22	data/reference/motifs/JASPAR2026_CORE_plants_non-redundant_pfms_meme.txt	MA2342.1	URI	CACGTG	5.05e-3	8.46e-1	7.85e2	371	206	206	206	14	24	11.65	9	4.37
23	data/reference/motifs/JASPAR2026_CORE_plants_non-redundant_pfms_meme.txt	MA1161.1	TSO1	WWTTWAAAATTTAAA	4.89e-3	8.47e-1	7.85e2	384	206	206	206	1	199	96.60	185	89.81
24	data/reference/motifs/JASPAR2026_CORE_plants_non-redundant_pfms_meme.txt	MA1206.2	ARF2	SMGACA	4.63e-3	8.51e-1	7.89e2	411	206	206	206	4	193	93.69	176	85.44
25	data/reference/motifs/JASPAR2026_CORE_plants_non-redundant_pfms_meme.txt	MA1370.2	IDD5	TTTTGTCGTTTWST	1.12e-2	8.78e-1	8.14e2	187	206	206	206	2	48	23.30	29	14.08
26	data/reference/motifs/JASPAR2026_CORE_plants_non-redundant_pfms_meme.txt	MA0969.2	CAMTA2	VCGCGT	5.35e-3	8.80e-1	8.16e2	397	206	206	206	18	10	4.85	1	0.49
27	data/reference/motifs/JASPAR2026_CORE_plants_non-redundant_pfms_meme.txt	MA0565.3	FUS3	ACATGCA	9.39e-3	8.88e-1	8.23e2	233	206	206	206	3	24	11.65	10	4.85
28	data/reference/motifs/JASPAR2026_CORE_plants_non-redundant_pfms_meme.txt	MA1799.2	SPL10	GTACGR	5.49e-3	8.89e-1	8.24e2	401	206	206	206	7	78	37.86	53	25.73
29	data/reference/motifs/JASPAR2026_CORE_plants_non-redundant_pfms_meme.txt	MA2500.1	LSH3	TTACTGTTCAT	5.56e-3	8.91e-1	8.26e2	399	206	206	206	2	189	91.75	171	83.01
30	data/reference/motifs/JASPAR2026_CORE_plants_non-redundant_pfms_meme.txt	MA2387.1	NAC094	YGCCGTRNHNNHCACG	3.41e-2	9.12e-1	8.45e2	70	206	206	206	2	22	10.68	11	5.34
31	data/reference/motifs/JASPAR2026_CORE_plants_non-redundant_pfms_meme.txt	MA1054.2	ARALYDRAFT_897773	KGGGACCAC	9.10e-3	9.37e-1	8.69e2	304	206	206	206	3	74	35.92	51	24.76
32	data/reference/motifs/JASPAR2026_CORE_plants_non-redundant_pfms_meme.txt	MA1032.2	DREB1G	TGCCGACA	3.43e-2	9.50e-1	8.81e2	86	206	206	206	1	51	24.76	35	16.99
33	data/reference/motifs/JASPAR2026_CORE_plants_non-redundant_pfms_meme.txt	MA1410.2	StBRC1	GGGSCCM	8.85e-3	9.52e-1	8.82e2	343	206	206	206	2	164	79.61	142	68.93
34	data/reference/motifs/JASPAR2026_CORE_plants_non-redundant_pfms_meme.txt	MA2758.1	ereb122	CCGACCA	7.91e-3	9.57e-1	8.87e2	397	206	206	206	6	80	38.83	56	27.18
35	data/reference/motifs/JASPAR2026_CORE_plants_non-redundant_pfms_meme.txt	MA2396.1	IDD1	TTTTGTCGTTTT	1.48e-2	9.62e-1	8.92e2	221	206	206	206	1	122	59.22	99	48.06
36	data/reference/motifs/JASPAR2026_CORE_plants_non-redundant_pfms_meme.txt	MA1784.1	NAC011	GTTGCTTSWNHHDCAAGYAAC	1.42e-1	9.66e-1	8.95e2	22	206	206	206	2	6	2.91	2	0.97
37	data/reference/motifs/JASPAR2026_CORE_plants_non-redundant_pfms_meme.txt	MA2756.1	dfo23	TACCTTTTTCT	8.30e-3	9.67e-1	8.96e2	411	206	206	206	3	202	98.06	191	92.72
38	data/reference/motifs/JASPAR2026_CORE_plants_non-redundant_pfms_meme.txt	MA1356.1	TRP2	AACCCTAAACCCTAAACCCTA	5.00e-1	9.69e-1	8.98e2	5	206	206	206	1	3	1.46	2	0.97
39	data/reference/motifs/JASPAR2026_CORE_plants_non-redundant_pfms_meme.txt	MA2610.1	ereb97	CGCCGCCGCC	3.62e-1	9.73e-1	9.02e2	8	206	206	206	1	5	2.43	3	1.46
40	data/reference/motifs/JASPAR2026_CORE_plants_non-redundant_pfms_meme.txt	MA1832.2	Zm00001d002364	CGCCGCCGCC	3.62e-1	9.73e-1	9.02e2	8	206	206	206	1	5	2.43	3	1.46
41	data/reference/motifs/JASPAR2026_CORE_plants_non-redundant_pfms_meme.txt	MA1818.1	Zm00001d052229	CGCCGCCGCC	3.62e-1	9.73e-1	9.02e2	8	206	206	206	1	5	2.43	3	1.46
42	data/reference/motifs/JASPAR2026_CORE_plants_non-redundant_pfms_meme.txt	MA1010.2	PHYPADRAFT_64121	TGTCGGTA	1.02e-2	9.82e-1	9.11e2	394	206	206	206	10	11	5.34	2	0.97
43	data/reference/motifs/JASPAR2026_CORE_plants_non-redundant_pfms_meme.txt	MA0576.2	RAX3	GGGGGTAGGTGS	9.37e-2	9.82e-1	9.11e2	41	206	206	206	1	25	12.14	16	7.77
44	data/reference/motifs/JASPAR2026_CORE_plants_non-redundant_pfms_meme.txt	MA1175.2	MYB81	TAACHGWWT	1.01e-2	9.85e-1	9.13e2	412	206	206	206	4	193	93.69	178	86.41
45	data/reference/motifs/JASPAR2026_CORE_plants_non-redundant_pfms_meme.txt	MA1758.2	HSFA1E	AGAAGCTTCTAGAA	3.77e-2	9.85e-1	9.13e2	111	206	206	206	1	64	31.07	47	22.82
46	data/reference/motifs/JASPAR2026_CORE_plants_non-redundant_pfms_meme.txt	MA1190.2	RVE5	AGATATTTT	1.26e-2	9.87e-1	9.15e2	342	206	206	206	1	180	87.38	162	78.64
47	data/reference/motifs/JASPAR2026_CORE_plants_non-redundant_pfms_meme.txt	MA1016.2	GATA15	GATC	1.09e-2	9.89e-1	9.17e2	412	206	206	206	71	37	17.96	20	9.71
48	data/reference/motifs/JASPAR2026_CORE_plants_non-redundant_pfms_meme.txt	MA2611.1	ereb209	GCGCCGC	6.88e-1	9.91e-1	9.18e2	4	206	206	206	1	2	0.97	2	0.97
49	data/reference/motifs/JASPAR2026_CORE_plants_non-redundant_pfms_meme.txt	MA1744.2	BZIP30	GMCAGCTGK	1.18e-2	9.91e-1	9.18e2	397	206	206	206	6	85	41.26	62	30.10
50	data/reference/motifs/JASPAR2026_CORE_plants_non-redundant_pfms_meme.txt	MA1196.2	AT5G05790	AWYCTTATCYTNWT	1.19e-2	9.91e-1	9.18e2	394	206	206	206	2	185	89.81	168	81.55
51	data/reference/motifs/JASPAR2026_CORE_plants_non-redundant_pfms_meme.txt	MA1821.2	Zm00001d020595	GGCGGCGGCG	5.00e-1	9.92e-1	9.20e2	7	206	206	206	1	4	1.94	3	1.46
52	data/reference/motifs/JASPAR2026_CORE_plants_non-redundant_pfms_meme.txt	MA2429.1	SPL13D	AGCGGTASTACCGCT	5.00e-1	9.92e-1	9.20e2	7	206	206	206	1	4	1.94	3	1.46
53	data/reference/motifs/JASPAR2026_CORE_plants_non-redundant_pfms_meme.txt	MA1241.2	ERF043	CCACCGACA	7.96e-2	9.92e-1	9.20e2	59	206	206	206	1	35	16.99	24	11.65
54	data/reference/motifs/JASPAR2026_CORE_plants_non-redundant_pfms_meme.txt	MA0574.1	MYB15	CRACGGTAGGTGG	1.38e-1	9.93e-1	9.20e2	33	206	206	206	1	20	9.71	13	6.31
55	data/reference/motifs/JASPAR2026_CORE_plants_non-redundant_pfms_meme.txt	MA1766.2	MYB17	YYCACCTACCW	1.48e-2	9.93e-1	9.21e2	336	206	206	206	5	20	9.71	8	3.88
56	data/reference/motifs/JASPAR2026_CORE_plants_non-redundant_pfms_meme.txt	MA0110.4	ATHB-5	CAATCATT	1.22e-2	9.93e-1	9.21e2	412	206	206	206	14	163	79.13	142	68.93
57	data/reference/motifs/JASPAR2026_CORE_plants_non-redundant_pfms_meme.txt	MA1283.2	TCP14	ADAGVDBGTGGGDCCCAC	3.43e-1	9.93e-1	9.21e2	12	206	206	206	2	4	1.94	2	0.97
58	data/reference/motifs/JASPAR2026_CORE_plants_non-redundant_pfms_meme.txt	MA2362.1	TEIL	AGRTWCAT	1.26e-2	9.94e-1	9.22e2	412	206	206	206	15	65	31.55	44	21.36
59	data/reference/motifs/JASPAR2026_CORE_plants_non-redundant_pfms_meme.txt	MA2377.1	cassava45561.m1	GGGSCCCAC	1.64e-2	9.95e-1	9.23e2	327	206	206	206	2	139	67.48	117	56.80
60	data/reference/motifs/JASPAR2026_CORE_plants_non-redundant_pfms_meme.txt	MA1810.2	GLYMA-08G357600	ATGCATGCA	1.47e-2	9.95e-1	9.23e2	365	206	206	206	10	27	13.11	13	6.31
61	data/reference/motifs/JASPAR2026_CORE_plants_non-redundant_pfms_meme.txt	MA2052.2	ZAT6	AATGATTG	1.34e-2	9.96e-1	9.23e2	412	206	206	206	14	135	65.53	112	54.37
62	data/reference/motifs/JASPAR2026_CORE_plants_non-redundant_pfms_meme.txt	MA0586.3	SPL14	TCCGTAC	4.85e-2	9.96e-1	9.23e2	114	206	206	206	2	17	8.25	8	3.88
63	data/reference/motifs/JASPAR2026_CORE_plants_non-redundant_pfms_meme.txt	MA0590.1	LFY	YATTRACCGSCGGTYAATR	2.46e-1	9.97e-1	9.24e2	20	206	206	206	2	12	5.83	8	3.88
64	data/reference/motifs/JASPAR2026_CORE_plants_non-redundant_pfms_meme.txt	MA2711.1	SolycHsfB2b	TTCTAGAA	3.54e-2	9.97e-1	9.24e2	167	206	206	206	1	93	45.15	74	35.92
65	data/reference/motifs/JASPAR2026_CORE_plants_non-redundant_pfms_meme.txt	MA0950.1	ATHB-12	AATGATTG	1.44e-2	9.97e-1	9.24e2	412	206	206	206	26	60	29.13	40	19.42
66	data/reference/motifs/JASPAR2026_CORE_plants_non-redundant_pfms_meme.txt	MA2645.1	GLYMA-16G042900	GGTTGCKTSTTCHASAAGYWA	1.51e-1	9.98e-1	9.25e2	37	206	206	206	1	22	10.68	15	7.28
67	data/reference/motifs/JASPAR2026_CORE_plants_non-redundant_pfms_meme.txt	MA2650.1	GLYMA-05G027400	GTGGGCCCCAC	4.58e-2	9.98e-1	9.25e2	133	206	206	206	1	75	36.41	58	28.16
68	data/reference/motifs/JASPAR2026_CORE_plants_non-redundant_pfms_meme.txt	MA2397.1	ILR3	CACGTG	1.51e-2	9.98e-1	9.25e2	412	206	206	206	44	6	2.91	0	0.00
69	data/reference/motifs/JASPAR2026_CORE_plants_non-redundant_pfms_meme.txt	MA0949.2	ARR2	MGWATCTT	1.61e-2	9.98e-1	9.25e2	392	206	206	206	7	32	15.53	17	8.25
70	data/reference/motifs/JASPAR2026_CORE_plants_non-redundant_pfms_meme.txt	MA2498.1	LSH1	AAACAGTG	1.54e-2	9.98e-1	9.25e2	410	206	206	206	6	143	69.42	121	58.74
71	data/reference/motifs/JASPAR2026_CORE_plants_non-redundant_pfms_meme.txt	MA1055.3	SPL1	TGTACGGA	1.86e-2	9.98e-1	9.26e2	349	206	206	206	5	29	14.08	15	7.28
72	data/reference/motifs/JASPAR2026_CORE_plants_non-redundant_pfms_meme.txt	MA1056.2	SPL11	CGTACGGA	3.67e-2	9.99e-1	9.26e2	179	206	206	206	1	99	48.06	80	38.83
73	data/reference/motifs/JASPAR2026_CORE_plants_non-redundant_pfms_meme.txt	MA2357.1	PK21687.1	WAAACCC	1.60e-2	9.99e-1	9.26e2	412	206	206	206	28	12	5.83	3	1.46
74	data/reference/motifs/JASPAR2026_CORE_plants_non-redundant_pfms_meme.txt	MA0964.3	BIM1	TCACGTGA	3.05e-2	9.99e-1	9.26e2	216	206	206	206	8	5	2.43	0	0.00
75	data/reference/motifs/JASPAR2026_CORE_plants_non-redundant_pfms_meme.txt	MA1229.2	ERF034	TGTCGGTGR	6.16e-2	9.99e-1	9.26e2	108	206	206	206	3	4	1.94	0	0.00
76	data/reference/motifs/JASPAR2026_CORE_plants_non-redundant_pfms_meme.txt	MA1021.2	PHYPADRAFT_48267	CACGTGC	2.65e-2	9.99e-1	9.26e2	251	206	206	206	3	52	25.24	35	16.99
77	data/reference/motifs/JASPAR2026_CORE_plants_non-redundant_pfms_meme.txt	MA2437.1	SPL19B	GCGGTASTACCGC	3.43e-1	9.99e-1	9.26e2	16	206	206	206	2	4	1.94	2	0.97
78	data/reference/motifs/JASPAR2026_CORE_plants_non-redundant_pfms_meme.txt	MA1321.2	SPL13A	TGTACGGA	2.57e-2	9.99e-1	9.26e2	265	206	206	206	3	38	18.45	23	11.17
79	data/reference/motifs/JASPAR2026_CORE_plants_non-redundant_pfms_meme.txt	MA1738.1	ATMYB31	YAMCTMCCAACHAMH	1.95e-2	9.99e-1	9.26e2	351	206	206	206	4	60	29.13	41	19.90
80	data/reference/motifs/JASPAR2026_CORE_plants_non-redundant_pfms_meme.txt	MA2371.1	MYB31	YAMCTMCCAACHAMH	1.95e-2	9.99e-1	9.26e2	351	206	206	206	4	60	29.13	41	19.90
81	data/reference/motifs/JASPAR2026_CORE_plants_non-redundant_pfms_meme.txt	MA1424.2	ERF019	CCACCGACA	6.09e-2	9.99e-1	9.26e2	115	206	206	206	3	6	2.91	1	0.49
82	data/reference/motifs/JASPAR2026_CORE_plants_non-redundant_pfms_meme.txt	MA2035.2	NAC075	GWAGCTTGTNNNACAAGCTW	9.85e-2	9.99e-1	9.26e2	71	206	206	206	2	20	9.71	12	5.83
83	data/reference/motifs/JASPAR2026_CORE_plants_non-redundant_pfms_meme.txt	MA1749.1	E2FC	AWDWWGGCGCCAAAA	2.64e-1	9.99e-1	9.26e2	24	206	206	206	1	14	6.80	10	4.85
84	data/reference/motifs/JASPAR2026_CORE_plants_non-redundant_pfms_meme.txt	MA0554.2	SOC1	TTTCCWTTTTTGG	1.90e-2	9.99e-1	9.26e2	388	206	206	206	3	120	58.25	98	47.57
85	data/reference/motifs/JASPAR2026_CORE_plants_non-redundant_pfms_meme.txt	MA1737.2	AT5G05090	AGATHCG	1.81e-2	9.99e-1	9.26e2	409	206	206	206	8	79	38.35	58	28.16
86	data/reference/motifs/JASPAR2026_CORE_plants_non-redundant_pfms_meme.txt	MA2085.1	PK23763.1	CTTTW	1.83e-2	9.99e-1	9.27e2	412	206	206	206	35	201	97.57	191	92.72
87	data/reference/motifs/JASPAR2026_CORE_plants_non-redundant_pfms_meme.txt	MA2615.1	ereb109	CGCCGCC	5.00e-1	1.00e0	9.27e2	11	206	206	206	1	6	2.91	5	2.43
88	data/reference/motifs/JASPAR2026_CORE_plants_non-redundant_pfms_meme.txt	MA2475.1	HOX6	TGATTG	1.86e-2	1.00e0	9.27e2	412	206	206	206	18	191	92.72	177	85.92
89	data/reference/motifs/JASPAR2026_CORE_plants_non-redundant_pfms_meme.txt	MA2733.1	Sl-ERF_F_4	GCMGCMGCCGCCGCCGYCR	1.92e-1	1.00e0	9.27e2	36	206	206	206	1	21	10.19	15	7.28
90	data/reference/motifs/JASPAR2026_CORE_plants_non-redundant_pfms_meme.txt	MA1382.2	FAR1	YCACGCGCY	1.45e-1	1.00e0	9.27e2	50	206	206	206	1	29	14.08	21	10.19
91	data/reference/motifs/JASPAR2026_CORE_plants_non-redundant_pfms_meme.txt	MA2622.1	hb34	CAATAATTG	1.92e-2	1.00e0	9.27e2	412	206	206	206	10	116	56.31	94	45.63
92	data/reference/motifs/JASPAR2026_CORE_plants_non-redundant_pfms_meme.txt	MA2724.1	SlTCP18	GTGGGVCCCAC	4.82e-2	1.00e0	9.27e2	167	206	206	206	2	79	38.35	62	30.10
93	data/reference/motifs/JASPAR2026_CORE_plants_non-redundant_pfms_meme.txt	MA2617.1	ereb54	GCGGCGGCGGC	1.46e-1	1.00e0	9.27e2	51	206	206	206	2	10	4.85	5	2.43
94	data/reference/motifs/JASPAR2026_CORE_plants_non-redundant_pfms_meme.txt	MA1197.2	CAMTA1	AARCGCGTG	6.16e-2	1.00e0	9.27e2	132	206	206	206	4	4	1.94	0	0.00
95	data/reference/motifs/JASPAR2026_CORE_plants_non-redundant_pfms_meme.txt	MA1008.2	PHYPADRAFT_182268	GTCGGTG	1.30e-1	1.00e0	9.27e2	59	206	206	206	1	34	16.50	25	12.14
96	data/reference/motifs/JASPAR2026_CORE_plants_non-redundant_pfms_meme.txt	MA2386.1	estExt_gwp_gw1.C_550163	CACCGAC	1.30e-1	1.00e0	9.27e2	59	206	206	206	1	34	16.50	25	12.14
97	data/reference/motifs/JASPAR2026_CORE_plants_non-redundant_pfms_meme.txt	MA1023.1	PHYPADRAFT_28324	KGTCGGTG	1.30e-1	1.00e0	9.27e2	59	206	206	206	1	34	16.50	25	12.14
98	data/reference/motifs/JASPAR2026_CORE_plants_non-redundant_pfms_meme.txt	MA1817.2	Zm00001d020267	CGCCGCCGCC	5.38e-2	1.00e0	9.27e2	153	206	206	206	3	33	16.02	21	10.19
99	data/reference/motifs/JASPAR2026_CORE_plants_non-redundant_pfms_meme.txt	MA1244.2	ABR1	DTKGCGGCGGMG	6.16e-2	1.00e0	9.27e2	135	206	206	206	5	4	1.94	0	0.00
100	data/reference/motifs/JASPAR2026_CORE_plants_non-redundant_pfms_meme.txt	MA1760.1	HSFA6A	GAAGNTTCTAGAA	1.97e-1	1.00e0	9.27e2	38	206	206	206	1	22	10.68	16	7.77
101	data/reference/motifs/JASPAR2026_CORE_plants_non-redundant_pfms_meme.txt	MA2755.1	hsftf24	ACTAGAAGCTTCTGGAA	5.10e-2	1.00e0	9.27e2	166	206	206	206	2	32	15.53	20	9.71
102	data/reference/motifs/JASPAR2026_CORE_plants_non-redundant_pfms_meme.txt	MA1159.2	SGR5	AAAWAAGACAAAA	2.40e-2	1.00e0	9.27e2	358	206	206	206	2	146	70.87	126	61.17
103	data/reference/motifs/JASPAR2026_CORE_plants_non-redundant_pfms_meme.txt	MA2343.1	MYB3R3	CGCCGTTA	2.19e-2	1.00e0	9.27e2	398	206	206	206	4	135	65.53	114	55.34
104	data/reference/motifs/JASPAR2026_CORE_plants_non-redundant_pfms_meme.txt	MA0972.1	CCA1	AAATATCT	2.22e-2	1.00e0	9.27e2	401	206	206	206	10	13	6.31	4	1.94
105	data/reference/motifs/JASPAR2026_CORE_plants_non-redundant_pfms_meme.txt	MA1223.2	ERF035	TGTCGGTGG	1.76e-1	1.00e0	9.27e2	47	206	206	206	1	27	13.11	20	9.71
106	data/reference/motifs/JASPAR2026_CORE_plants_non-redundant_pfms_meme.txt	MA1266.2	RAP2-11	YCDYCGCCGGC	6.70e-2	1.00e0	9.27e2	136	206	206	206	2	31	15.05	20	9.71
107	data/reference/motifs/JASPAR2026_CORE_plants_non-redundant_pfms_meme.txt	MA2625.1	mybr17	CATTATC	2.22e-2	1.00e0	9.27e2	412	206	206	206	24	13	6.31	4	1.94
108	data/reference/motifs/JASPAR2026_CORE_plants_non-redundant_pfms_meme.txt	MA1795.2	RAP2-4	CRCCGACC	2.32e-2	1.00e0	9.27e2	407	206	206	206	17	16	7.77	6	2.91
109	data/reference/motifs/JASPAR2026_CORE_plants_non-redundant_pfms_meme.txt	MA1679.2	RAP2-1	CACCGACA	3.38e-2	1.00e0	9.27e2	279	206	206	206	7	7	3.40	1	0.49
110	data/reference/motifs/JASPAR2026_CORE_plants_non-redundant_pfms_meme.txt	MA2609.1	ereb172	CAGCCGCA	2.81e-2	1.00e0	9.27e2	336	206	206	206	1	176	85.44	160	77.67
111	data/reference/motifs/JASPAR2026_CORE_plants_non-redundant_pfms_meme.txt	MA0945.2	ARR1	RDATCT	2.32e-2	1.00e0	9.27e2	412	206	206	206	50	16	7.77	6	2.91
112	data/reference/motifs/JASPAR2026_CORE_plants_non-redundant_pfms_meme.txt	MA1688.2	ARF16	CAAGACAAGA	2.36e-2	1.00e0	9.27e2	408	206	206	206	5	167	81.07	149	72.33
113	data/reference/motifs/JASPAR2026_CORE_plants_non-redundant_pfms_meme.txt	MA2734.1	Sl-ERF_F_5	CCGCCGCCGCCRCCRCC	1.40e-1	1.00e0	9.27e2	65	206	206	206	1	37	17.96	28	13.59
114	data/reference/motifs/JASPAR2026_CORE_plants_non-redundant_pfms_meme.txt	MA2642.1	GLYMA-10G230700	AAGATATTTWTW	2.65e-2	1.00e0	9.27e2	369	206	206	206	5	52	25.24	35	16.99
115	data/reference/motifs/JASPAR2026_CORE_plants_non-redundant_pfms_meme.txt	MA1289.2	TCP3	GGGACCAC	9.00e-2	1.00e0	9.27e2	109	206	206	206	1	61	29.61	48	23.30
116	data/reference/motifs/JASPAR2026_CORE_plants_non-redundant_pfms_meme.txt	MA1053.1	ERF109	GCGCCGCC	5.38e-2	1.00e0	9.27e2	183	206	206	206	3	33	16.02	21	10.19
117	data/reference/motifs/JASPAR2026_CORE_plants_non-redundant_pfms_meme.txt	MA2084.1	PK23009.1	CTTTW	2.40e-2	1.00e0	9.27e2	412	206	206	206	83	80	38.83	60	29.13
118	data/reference/motifs/JASPAR2026_CORE_plants_non-redundant_pfms_meme.txt	MA1187.2	RVE4	AGATATTTT	3.05e-2	1.00e0	9.27e2	326	206	206	206	4	35	16.99	21	10.19
119	data/reference/motifs/JASPAR2026_CORE_plants_non-redundant_pfms_meme.txt	MA0566.2	MYC2	AACACGTGA	2.65e-2	1.00e0	9.27e2	376	206	206	206	8	33	16.02	19	9.22
120	data/reference/motifs/JASPAR2026_CORE_plants_non-redundant_pfms_meme.txt	MA1284.2	TCP1	GTGGGCCCCAC	1.11e-1	1.00e0	9.27e2	87	206	206	206	2	22	10.68	14	6.80
121	data/reference/motifs/JASPAR2026_CORE_plants_non-redundant_pfms_meme.txt	MA1243.2	DREB2E	MACCGACWTW	1.08e-1	1.00e0	9.27e2	90	206	206	206	3	5	2.43	1	0.49
122	data/reference/motifs/JASPAR2026_CORE_plants_non-redundant_pfms_meme.txt	MA2739.1	SlTCP12	GTGGGACCCAC	6.09e-2	1.00e0	9.27e2	173	206	206	206	7	6	2.91	1	0.49
123	data/reference/motifs/JASPAR2026_CORE_plants_non-redundant_pfms_meme.txt	MA1678.3	NTL8	GAAGAAAC	2.64e-2	1.00e0	9.27e2	412	206	206	206	7	139	67.48	119	57.77
124	data/reference/motifs/JASPAR2026_CORE_plants_non-redundant_pfms_meme.txt	MA1747.2	DOF4.3	WAAAGWRGCTTTW	1.24e-1	1.00e0	9.27e2	83	206	206	206	3	3	1.46	0	0.00
125	data/reference/motifs/JASPAR2026_CORE_plants_non-redundant_pfms_meme.txt	MA0577.4	SPL3	TGTACGGA	3.65e-2	1.00e0	9.27e2	301	206	206	206	2	98	47.57	79	38.35
126	data/reference/motifs/JASPAR2026_CORE_plants_non-redundant_pfms_meme.txt	MA2436.1	SPL18A	GCGGTASTACCGCT	2.51e-1	1.00e0	9.27e2	38	206	206	206	2	6	2.91	3	1.46
127	data/reference/motifs/JASPAR2026_CORE_plants_non-redundant_pfms_meme.txt	MA1050.1	OsI_08196	GGGCCCAC	4.25e-2	1.00e0	9.27e2	259	206	206	206	3	49	23.79	34	16.50
128	data/reference/motifs/JASPAR2026_CORE_plants_non-redundant_pfms_meme.txt	MA2040.2	ENAP2	CTCCGGCGA	6.64e-2	1.00e0	9.27e2	166	206	206	206	2	46	22.33	33	16.02
129	data/reference/motifs/JASPAR2026_CORE_plants_non-redundant_pfms_meme.txt	MA1833.2	Zm00001d049364	CCGCCGCCGCC	7.66e-2	1.00e0	9.27e2	147	206	206	206	2	42	20.39	30	14.56
130	data/reference/motifs/JASPAR2026_CORE_plants_non-redundant_pfms_meme.txt	MA2712.1	eil1	TCTAGATACATTGAATCT	1.17e-1	1.00e0	9.27e2	91	206	206	206	1	51	24.76	40	19.42
131	data/reference/motifs/JASPAR2026_CORE_plants_non-redundant_pfms_meme.txt	MA0560.2	PIF3	CCACGTG	6.33e-2	1.00e0	9.27e2	180	206	206	206	2	54	26.21	40	19.42
132	data/reference/motifs/JASPAR2026_CORE_plants_non-redundant_pfms_meme.txt	MA2393.1	PHYPA_008731	CACGTGC	6.33e-2	1.00e0	9.27e2	180	206	206	206	2	54	26.21	40	19.42
133	data/reference/motifs/JASPAR2026_CORE_plants_non-redundant_pfms_meme.txt	MA2451.1	SPL7B	AGCGGTASTACCGCT	6.14e-1	1.00e0	9.27e2	12	206	206	206	1	6	2.91	6	2.91
134	data/reference/motifs/JASPAR2026_CORE_plants_non-redundant_pfms_meme.txt	MA0970.2	CAMTA3	CCGCGT	3.01e-2	1.00e0	9.27e2	380	206	206	206	9	21	10.19	10	4.85
135	data/reference/motifs/JASPAR2026_CORE_plants_non-redundant_pfms_meme.txt	MA0984.2	DOF5.7	AAARR	2.78e-2	1.00e0	9.27e2	412	206	206	206	123	74	35.92	55	26.70
136	data/reference/motifs/JASPAR2026_CORE_plants_non-redundant_pfms_meme.txt	MA1378.2	AIL6	TCCTCGA	2.82e-2	1.00e0	9.27e2	408	206	206	206	14	17	8.25	7	3.40
137	data/reference/motifs/JASPAR2026_CORE_plants_non-redundant_pfms_meme.txt	MA1287.2	TCP21	GTGGGMCCCAC	8.57e-2	1.00e0	9.27e2	134	206	206	206	1	74	35.92	60	29.13
138	data/reference/motifs/JASPAR2026_CORE_plants_non-redundant_pfms_meme.txt	MA1741.1	BRN2	CTTGWWHYDYACGYWA	5.31e-2	1.00e0	9.27e2	218	206	206	206	3	27	13.11	16	7.77
139	data/reference/motifs/JASPAR2026_CORE_plants_non-redundant_pfms_meme.txt	MA1281.2	DOF5.1	AAAAAGWAAAAARAAAAAR	2.88e-2	1.00e0	9.27e2	404	206	206	206	6	130	63.11	110	53.40
140	data/reference/motifs/JASPAR2026_CORE_plants_non-redundant_pfms_meme.txt	MA1014.1	GATA11	TAGATCTG	8.89e-2	1.00e0	9.27e2	133	206	206	206	4	14	6.80	7	3.40
141	data/reference/motifs/JASPAR2026_CORE_plants_non-redundant_pfms_meme.txt	MA2718.1	Sl-ERF_A_3	GGYGGCGGCGGCGGCGG	3.12e-1	1.00e0	9.27e2	32	206	206	206	4	3	1.46	1	0.49
142	data/reference/motifs/JASPAR2026_CORE_plants_non-redundant_pfms_meme.txt	MA1065.3	TCP20	GTGGGWCCCAC	8.73e-2	1.00e0	9.27e2	138	206	206	206	1	76	36.89	62	30.10
143	data/reference/motifs/JASPAR2026_CORE_plants_non-redundant_pfms_meme.txt	MA1182.2	RVE8	AGATATTTT	3.82e-2	1.00e0	9.27e2	316	206	206	206	3	46	22.33	31	15.05
144	data/reference/motifs/JASPAR2026_CORE_plants_non-redundant_pfms_meme.txt	MA1166.2	PHL12	AARRGAATATTC	6.16e-2	1.00e0	9.27e2	199	206	206	206	5	4	1.94	0	0.00
145	data/reference/motifs/JASPAR2026_CORE_plants_non-redundant_pfms_meme.txt	MA1060.2	SPL7	CGTACG	3.05e-2	1.00e0	9.27e2	402	206	206	206	22	5	2.43	0	0.00
146	data/reference/motifs/JASPAR2026_CORE_plants_non-redundant_pfms_meme.txt	MA0582.2	RAV1	GCAACA	3.03e-2	1.00e0	9.27e2	408	206	206	206	9	79	38.35	60	29.13
147	data/reference/motifs/JASPAR2026_CORE_plants_non-redundant_pfms_meme.txt	MA1251.2	RAP2-9	CACCGACAW	1.26e-1	1.00e0	9.27e2	93	206	206	206	2	13	6.31	7	3.40
148	data/reference/motifs/JASPAR2026_CORE_plants_non-redundant_pfms_meme.txt	MA0563.2	SEP3	CYWTTTTTGG	3.05e-2	1.00e0	9.27e2	412	206	206	206	21	5	2.43	0	0.00
149	data/reference/motifs/JASPAR2026_CORE_plants_non-redundant_pfms_meme.txt	MA1089.2	WRKY57	RGTCAA	3.05e-2	1.00e0	9.27e2	412	206	206	206	17	206	100.00	201	97.57
150	data/reference/motifs/JASPAR2026_CORE_plants_non-redundant_pfms_meme.txt	MA2081.1	PK20317.1	CKTTW	3.05e-2	1.00e0	9.27e2	412	206	206	206	41	206	100.00	201	97.57
151	data/reference/motifs/JASPAR2026_CORE_plants_non-redundant_pfms_meme.txt	MA2062.1	PK07031.1	CTTT	3.05e-2	1.00e0	9.27e2	412	206	206	206	116	206	100.00	201	97.57
152	data/reference/motifs/JASPAR2026_CORE_plants_non-redundant_pfms_meme.txt	MA2667.1	GLYMA-13G236500	ACGACGGCGGAG	7.87e-2	1.00e0	9.27e2	161	206	206	206	1	88	42.72	73	35.44
153	data/reference/motifs/JASPAR2026_CORE_plants_non-redundant_pfms_meme.txt	MA1291.1	TCP7	GTGGGRCCCAC	1.23e-1	1.00e0	9.27e2	97	206	206	206	1	54	26.21	43	20.87
154	data/reference/motifs/JASPAR2026_CORE_plants_non-redundant_pfms_meme.txt	MA1011.2	PHYPADRAFT_72483	CACGTG	3.10e-2	1.00e0	9.27e2	411	206	206	206	38	9	4.37	2	0.97
155	data/reference/motifs/JASPAR2026_CORE_plants_non-redundant_pfms_meme.txt	MA1674.3	NAC017	CAAGTAA	3.10e-2	1.00e0	9.27e2	411	206	206	206	4	204	99.03	197	95.63
156	data/reference/motifs/JASPAR2026_CORE_plants_non-redundant_pfms_meme.txt	MA1222.1	ERF014	CCDCCDCCACCGMCA	1.26e-1	1.00e0	9.27e2	101	206	206	206	1	56	27.18	45	21.84
157	data/reference/motifs/JASPAR2026_CORE_plants_non-redundant_pfms_meme.txt	MA1231.3	ERF15	MGCCGCCD	6.09e-2	1.00e0	9.27e2	209	206	206	206	5	6	2.91	1	0.49
158	data/reference/motifs/JASPAR2026_CORE_plants_non-redundant_pfms_meme.txt	MA1220.2	TINY	YCACCGACA	1.08e-1	1.00e0	9.27e2	120	206	206	206	3	5	2.43	1	0.49
159	data/reference/motifs/JASPAR2026_CORE_plants_non-redundant_pfms_meme.txt	MA2661.1	GLYMA-03G081700	CTACGTGGCA	3.62e-2	1.00e0	9.27e2	360	206	206	206	4	75	36.41	57	27.67
160	data/reference/motifs/JASPAR2026_CORE_plants_non-redundant_pfms_meme.txt	MA1274.1	DOF3.6	TTTWCTTTTTHHYTTTTTTTT	3.21e-2	1.00e0	9.27e2	408	206	206	206	5	179	86.89	164	79.61
161	data/reference/motifs/JASPAR2026_CORE_plants_non-redundant_pfms_meme.txt	MA1790.1	NAC073	CTTSWYBHWCAMGYT	4.52e-2	1.00e0	9.27e2	295	206	206	206	4	30	14.56	18	8.74
162	data/reference/motifs/JASPAR2026_CORE_plants_non-redundant_pfms_meme.txt	MA2666.1	GLYMA-12G117000	GGMGGCGGYGGCGGMGG	1.72e-1	1.00e0	9.27e2	71	206	206	206	3	18	8.74	12	5.83
163	data/reference/motifs/JASPAR2026_CORE_plants_non-redundant_pfms_meme.txt	MA0959.1	AIB	GCACGTGC	7.75e-2	1.00e0	9.27e2	173	206	206	206	6	17	8.25	9	4.37
164	data/reference/motifs/JASPAR2026_CORE_plants_non-redundant_pfms_meme.txt	MA2743.1	SlWRKY23	AAAGTCAAM	3.38e-2	1.00e0	9.27e2	399	206	206	206	9	7	3.40	1	0.49
165	data/reference/motifs/JASPAR2026_CORE_plants_non-redundant_pfms_meme.txt	MA1816.2	O11	CACGTG	5.25e-2	1.00e0	9.27e2	258	206	206	206	8	8	3.88	2	0.97
166	data/reference/motifs/JASPAR2026_CORE_plants_non-redundant_pfms_meme.txt	MA2417.1	EREB71	CACCGVCYMC	6.67e-2	1.00e0	9.27e2	205	206	206	206	3	25	12.14	15	7.28
167	data/reference/motifs/JASPAR2026_CORE_plants_non-redundant_pfms_meme.txt	MA1230.2	ERF037	YCACCGACA	1.42e-1	1.00e0	9.27e2	90	206	206	206	1	50	24.27	40	19.42
168	data/reference/motifs/JASPAR2026_CORE_plants_non-redundant_pfms_meme.txt	MA0998.2	ERF096	GCCGCC	3.54e-2	1.00e0	9.27e2	390	206	206	206	18	15	7.28	6	2.91
169	data/reference/motifs/JASPAR2026_CORE_plants_non-redundant_pfms_meme.txt	MA2663.1	GLYMA-02G261700	TCACCGACATA	5.25e-2	1.00e0	9.27e2	263	206	206	206	5	8	3.88	2	0.97
170	data/reference/motifs/JASPAR2026_CORE_plants_non-redundant_pfms_meme.txt	MA1804.2	WIN1	CRCCGC	3.38e-2	1.00e0	9.27e2	411	206	206	206	33	7	3.40	1	0.49
171	data/reference/motifs/JASPAR2026_CORE_plants_non-redundant_pfms_meme.txt	MA2034.2	NAC057	CAAGTAA	3.38e-2	1.00e0	9.27e2	412	206	206	206	4	205	99.51	199	96.60
172	data/reference/motifs/JASPAR2026_CORE_plants_non-redundant_pfms_meme.txt	MA2356.1	PK20555.1	CTTTW	3.38e-2	1.00e0	9.27e2	412	206	206	206	87	205	99.51	199	96.60
173	data/reference/motifs/JASPAR2026_CORE_plants_non-redundant_pfms_meme.txt	MA2499.1	LSH2	TACTGTTCA	3.48e-2	1.00e0	9.27e2	404	206	206	206	5	134	65.05	115	55.83
174	data/reference/motifs/JASPAR2026_CORE_plants_non-redundant_pfms_meme.txt	MA1754.2	ERF073	CKCCGCCGCCR	1.85e-1	1.00e0	9.27e2	69	206	206	206	2	13	6.31	8	3.88
175	data/reference/motifs/JASPAR2026_CORE_plants_non-redundant_pfms_meme.txt	MA1063.2	TCP19	GGSCCCAC	3.59e-2	1.00e0	9.27e2	399	206	206	206	4	130	63.11	111	53.88
176	data/reference/motifs/JASPAR2026_CORE_plants_non-redundant_pfms_meme.txt	MA2478.1	PK13314.1	GGGCCCAC	3.75e-2	1.00e0	9.27e2	382	206	206	206	5	104	50.49	85	41.26
177	data/reference/motifs/JASPAR2026_CORE_plants_non-redundant_pfms_meme.txt	MA1409.2	OsRR22	AGATACGST	3.80e-2	1.00e0	9.27e2	380	206	206	206	3	115	55.83	96	46.60
178	data/reference/motifs/JASPAR2026_CORE_plants_non-redundant_pfms_meme.txt	MA1373.1	GAF1	HABWAAACGACAAAA	6.96e-2	1.00e0	9.27e2	208	206	206	206	1	112	54.37	96	46.60
179	data/reference/motifs/JASPAR2026_CORE_plants_non-redundant_pfms_meme.txt	MA1755.2	GATA4	GATC	3.52e-2	1.00e0	9.27e2	412	206	206	206	70	44	21.36	29	14.08
180	data/reference/motifs/JASPAR2026_CORE_plants_non-redundant_pfms_meme.txt	MA2431.1	SPL15A	AGCGGTASTACCGC	1.85e-1	1.00e0	9.27e2	71	206	206	206	2	13	6.31	8	3.88
181	data/reference/motifs/JASPAR2026_CORE_plants_non-redundant_pfms_meme.txt	MA0952.1	ATHB-51	AATWATTG	3.56e-2	1.00e0	9.27e2	412	206	206	206	4	202	98.06	194	94.17
182	data/reference/motifs/JASPAR2026_CORE_plants_non-redundant_pfms_meme.txt	MA0053.1	MNB1A	AAAGC	3.57e-2	1.00e0	9.27e2	412	206	206	206	14	74	35.92	56	27.18
183	data/reference/motifs/JASPAR2026_CORE_plants_non-redundant_pfms_meme.txt	MA1736.2	AT5G04390	TCACT	3.61e-2	1.00e0	9.27e2	412	206	206	206	9	96	46.60	77	37.38
184	data/reference/motifs/JASPAR2026_CORE_plants_non-redundant_pfms_meme.txt	MA1020.1	GT-1	GTTAACCA	4.09e-2	1.00e0	9.27e2	366	206	206	206	4	68	33.01	51	24.76
185	data/reference/motifs/JASPAR2026_CORE_plants_non-redundant_pfms_meme.txt	MA1290.1	TCP17	GTGGTCCCCAC	1.20e-1	1.00e0	9.27e2	126	206	206	206	1	69	33.50	57	27.67
186	data/reference/motifs/JASPAR2026_CORE_plants_non-redundant_pfms_meme.txt	MA1745.2	BZIP63	TSACGTGG	4.85e-2	1.00e0	9.27e2	311	206	206	206	6	17	8.25	8	3.88
187	data/reference/motifs/JASPAR2026_CORE_plants_non-redundant_pfms_meme.txt	MA2664.1	GLYMA-03G162700	GGYGGYGGCGGCGGMGGCGGYGG	5.00e-1	1.00e0	9.27e2	22	206	206	206	3	9	4.37	8	3.88
188	data/reference/motifs/JASPAR2026_CORE_plants_non-redundant_pfms_meme.txt	MA1257.2	ERF9	GGCGGHKRYGGCGGCGGMG	2.25e-1	1.00e0	9.27e2	60	206	206	206	4	5	2.43	2	0.97
189	data/reference/motifs/JASPAR2026_CORE_plants_non-redundant_pfms_meme.txt	MA1292.2	MYB27	AAAAATTAGGTA	1.47e-1	1.00e0	9.27e2	96	206	206	206	1	53	25.73	43	20.87
190	data/reference/motifs/JASPAR2026_CORE_plants_non-redundant_pfms_meme.txt	MA2613.1	ereb34	GCCGCCGCCGCCCS	1.65e-1	1.00e0	9.27e2	85	206	206	206	1	47	22.82	38	18.45
191	data/reference/motifs/JASPAR2026_CORE_plants_non-redundant_pfms_meme.txt	MA1031.2	OJ1581_H09.2	GGGCCC	4.56e-2	1.00e0	9.27e2	340	206	206	206	2	177	85.92	163	79.13
192	data/reference/motifs/JASPAR2026_CORE_plants_non-redundant_pfms_meme.txt	MA1246.2	LEP	CKCCGCCGYC	1.05e-1	1.00e0	9.27e2	148	206	206	206	3	21	10.19	13	6.31
193	data/reference/motifs/JASPAR2026_CORE_plants_non-redundant_pfms_meme.txt	MA1750.1	E2FE	TTTTTGGCGGGAAAA	8.58e-1	1.00e0	9.27e2	8	206	206	206	1	3	1.46	5	2.43
194	data/reference/motifs/JASPAR2026_CORE_plants_non-redundant_pfms_meme.txt	MA1732.1	E2FD	TTTTTGGCGGGAAAA	8.58e-1	1.00e0	9.27e2	8	206	206	206	1	3	1.46	5	2.43
195	data/reference/motifs/JASPAR2026_CORE_plants_non-redundant_pfms_meme.txt	MA2452.1	SPL8A	ATAGTACTC	4.32e-2	1.00e0	9.27e2	364	206	206	206	7	20	9.71	10	4.85
196	data/reference/motifs/JASPAR2026_CORE_plants_non-redundant_pfms_meme.txt	MA2746.1	HB-HD-ZIP-2A-2	WTGCAATCATT	3.97e-2	1.00e0	9.27e2	405	206	206	206	3	174	84.47	159	77.18
197	data/reference/motifs/JASPAR2026_CORE_plants_non-redundant_pfms_meme.txt	MA1066.1	TCP23	GGGCCCAC	6.83e-2	1.00e0	9.27e2	237	206	206	206	3	47	22.82	34	16.50
198	data/reference/motifs/JASPAR2026_CORE_plants_non-redundant_pfms_meme.txt	MA0573.2	ATHB-9	GTAATGATTRCDYBS	5.95e-1	1.00e0	9.27e2	18	206	206	206	1	9	4.37	9	4.37
199	data/reference/motifs/JASPAR2026_CORE_plants_non-redundant_pfms_meme.txt	MA2728.1	SolycHsfC1	RGAAGTTTCTAG	6.51e-2	1.00e0	9.27e2	250	206	206	206	1	133	64.56	117	56.80
200	data/reference/motifs/JASPAR2026_CORE_plants_non-redundant_pfms_meme.txt	MA2088.1	PK24580.1	GCCGGCA	2.25e-1	1.00e0	9.27e2	64	206	206	206	3	5	2.43	2	0.97
201	data/reference/motifs/JASPAR2026_CORE_plants_non-redundant_pfms_meme.txt	MA1062.3	TCP15	GTGGGWCCCAC	1.24e-1	1.00e0	9.27e2	134	206	206	206	1	73	35.44	61	29.61
202	data/reference/motifs/JASPAR2026_CORE_plants_non-redundant_pfms_meme.txt	MA1765.2	MYB121	TACCTAACW	4.36e-2	1.00e0	9.27e2	381	206	206	206	8	10	4.85	3	1.46
203	data/reference/motifs/JASPAR2026_CORE_plants_non-redundant_pfms_meme.txt	MA0557.2	FHY3	CACGCGCT	6.16e-2	1.00e0	9.27e2	271	206	206	206	8	4	1.94	0	0.00
204	data/reference/motifs/JASPAR2026_CORE_plants_non-redundant_pfms_meme.txt	MA0992.3	ERF4	CCGCCGYCA	8.60e-2	1.00e0	9.27e2	194	206	206	206	4	10	4.85	4	1.94
205	data/reference/motifs/JASPAR2026_CORE_plants_non-redundant_pfms_meme.txt	MA1335.1	TGA4	TGACGTCAKCA	7.28e-2	1.00e0	9.27e2	231	206	206	206	3	21	10.19	12	5.83
206	data/reference/motifs/JASPAR2026_CORE_plants_non-redundant_pfms_meme.txt	MA1358.2	bHLH130	CMACTTGC	7.83e-2	1.00e0	9.27e2	215	206	206	206	3	22	10.68	13	6.31
207	data/reference/motifs/JASPAR2026_CORE_plants_non-redundant_pfms_meme.txt	MA2347.1	OS04G0486400	TAACC	4.09e-2	1.00e0	9.27e2	412	206	206	206	55	68	33.01	51	24.76
208	data/reference/motifs/JASPAR2026_CORE_plants_non-redundant_pfms_meme.txt	MA1051.1	RAP2-3	GCGCCGCC	6.16e-2	1.00e0	9.27e2	274	206	206	206	12	4	1.94	0	0.00
209	data/reference/motifs/JASPAR2026_CORE_plants_non-redundant_pfms_meme.txt	MA1322.3	SPL9	TCCGTAC	4.53e-2	1.00e0	9.27e2	376	206	206	206	2	161	78.16	145	70.39
210	data/reference/motifs/JASPAR2026_CORE_plants_non-redundant_pfms_meme.txt	MA1258.2	DREB2A	AWGKCGGTG	1.08e-1	1.00e0	9.27e2	159	206	206	206	4	5	2.43	1	0.49
211	data/reference/motifs/JASPAR2026_CORE_plants_non-redundant_pfms_meme.txt	MA2066.1	PK09021.1	TGACGTCA	2.49e-1	1.00e0	9.27e2	60	206	206	206	2	2	0.97	0	0.00
212	data/reference/motifs/JASPAR2026_CORE_plants_non-redundant_pfms_meme.txt	MA2372.1	AZF1	WCACTVWCW	4.20e-2	1.00e0	9.27e2	410	206	206	206	8	87	42.23	69	33.50
213	data/reference/motifs/JASPAR2026_CORE_plants_non-redundant_pfms_meme.txt	MA0936.1	NAC046	ACACGCMA	4.20e-2	1.00e0	9.27e2	412	206	206	206	35	16	7.77	7	3.40
214	data/reference/motifs/JASPAR2026_CORE_plants_non-redundant_pfms_meme.txt	MA1288.2	TCP22	GTGGGHCCCAC	1.56e-1	1.00e0	9.27e2	111	206	206	206	2	23	11.17	16	7.77
215	data/reference/motifs/JASPAR2026_CORE_plants_non-redundant_pfms_meme.txt	MA0587.2	TCP16	GTGGACCC	8.38e-2	1.00e0	9.27e2	211	206	206	206	1	113	54.85	98	47.57
216	data/reference/motifs/JASPAR2026_CORE_plants_non-redundant_pfms_meme.txt	MA2030.2	MYB96	MCCAACTACCA	4.82e-2	1.00e0	9.27e2	371	206	206	206	7	21	10.19	11	5.34
217	data/reference/motifs/JASPAR2026_CORE_plants_non-redundant_pfms_meme.txt	MA2714.1	APETALA2a	ATTACCTCGTACYA	1.69e-1	1.00e0	9.27e2	97	206	206	206	2	7	3.40	3	1.46
218	data/reference/motifs/JASPAR2026_CORE_plants_non-redundant_pfms_meme.txt	MA0940.1	AP1	MYAAAAAWRGAAA	4.38e-2	1.00e0	9.27e2	411	206	206	206	15	92	44.66	74	35.92
219	data/reference/motifs/JASPAR2026_CORE_plants_non-redundant_pfms_meme.txt	MA2438.1	SPL1D	GCRGTASTACCGCT	2.49e-1	1.00e0	9.27e2	63	206	206	206	4	2	0.97	0	0.00
220	data/reference/motifs/JASPAR2026_CORE_plants_non-redundant_pfms_meme.txt	MA1809.2	GLYMA-07G038400	CTGACAC	4.45e-2	1.00e0	9.27e2	410	206	206	206	3	201	97.57	193	93.69
221	data/reference/motifs/JASPAR2026_CORE_plants_non-redundant_pfms_meme.txt	MA2374.1	AHL13	ATATAATT	4.45e-2	1.00e0	9.27e2	412	206	206	206	137	13	6.31	5	2.43
222	data/reference/motifs/JASPAR2026_CORE_plants_non-redundant_pfms_meme.txt	MA0963.1	bHLH78	GCACGTGC	1.10e-1	1.00e0	9.27e2	167	206	206	206	6	8	3.88	3	1.46
223	data/reference/motifs/JASPAR2026_CORE_plants_non-redundant_pfms_meme.txt	MA0580.1	DYT1	MGTGAGWCACGTGA	3.23e-1	1.00e0	9.27e2	48	206	206	206	1	26	12.62	22	10.68
224	data/reference/motifs/JASPAR2026_CORE_plants_non-redundant_pfms_meme.txt	MA2722.1	Sl-ERF_F_2	CGGCGGCKGCGGCGR	3.34e-1	1.00e0	9.27e2	46	206	206	206	2	13	6.31	10	4.85
225	data/reference/motifs/JASPAR2026_CORE_plants_non-redundant_pfms_meme.txt	MA2019.2	HSFA1B	GAAACTTC	4.85e-2	1.00e0	9.27e2	387	206	206	206	1	198	96.12	189	91.75
226	data/reference/motifs/JASPAR2026_CORE_plants_non-redundant_pfms_meme.txt	MA2091.1	PK27109.1	GACAGCTG	5.68e-2	1.00e0	9.27e2	331	206	206	206	2	120	58.25	103	50.00
227	data/reference/motifs/JASPAR2026_CORE_plants_non-redundant_pfms_meme.txt	MA2616.1	ereb17	CGCCGCCGCCGCCS	2.22e-1	1.00e0	9.27e2	75	206	206	206	1	41	19.90	34	16.50
228	data/reference/motifs/JASPAR2026_CORE_plants_non-redundant_pfms_meme.txt	MA2104.1	IDD11	AAAACGACAAAA	6.37e-2	1.00e0	9.27e2	296	206	206	206	2	86	41.75	70	33.98
229	data/reference/motifs/JASPAR2026_CORE_plants_non-redundant_pfms_meme.txt	MA2651.1	GLYMA-20G154400	GGGCCCCAC	8.14e-2	1.00e0	9.27e2	237	206	206	206	1	126	61.17	111	53.88
230	data/reference/motifs/JASPAR2026_CORE_plants_non-redundant_pfms_meme.txt	MA1282.2	TCP13	GTGGGGACCAC	2.24e-1	1.00e0	9.27e2	77	206	206	206	1	42	20.39	35	16.99
231	data/reference/motifs/JASPAR2026_CORE_plants_non-redundant_pfms_meme.txt	MA1061.2	SPT	CCACGTG	4.94e-2	1.00e0	9.27e2	396	206	206	206	11	26	12.62	15	7.28
232	data/reference/motifs/JASPAR2026_CORE_plants_non-redundant_pfms_meme.txt	MA1801.2	TREE1	AGCTD	4.77e-2	1.00e0	9.27e2	412	206	206	206	33	145	70.39	128	62.14
233	data/reference/motifs/JASPAR2026_CORE_plants_non-redundant_pfms_meme.txt	MA2370.1	MBD2	AGCTD	4.77e-2	1.00e0	9.27e2	412	206	206	206	33	145	70.39	128	62.14
234	data/reference/motifs/JASPAR2026_CORE_plants_non-redundant_pfms_meme.txt	MA1278.2	DOF3.4	TTYTTTTTTWVCTTTTT	4.82e-2	1.00e0	9.27e2	409	206	206	206	15	21	10.19	11	5.34
235	data/reference/motifs/JASPAR2026_CORE_plants_non-redundant_pfms_meme.txt	MA1285.2	TCP9	GTGGGTCCCAC	2.34e-1	1.00e0	9.27e2	74	206	206	206	2	19	9.22	14	6.80
236	data/reference/motifs/JASPAR2026_CORE_plants_non-redundant_pfms_meme.txt	MA0958.1	BHLH13	RCACGTGC	8.48e-2	1.00e0	9.27e2	238	206	206	206	6	18	8.74	10	4.85
237	data/reference/motifs/JASPAR2026_CORE_plants_non-redundant_pfms_meme.txt	MA1210.3	HAT22	CAATAATTG	4.94e-2	1.00e0	9.27e2	412	206	206	206	4	191	92.72	180	87.38
238	data/reference/motifs/JASPAR2026_CORE_plants_non-redundant_pfms_meme.txt	MA2376.1	CAMTA5	CGYGTNDDAWVCGYGT	8.72e-2	1.00e0	9.27e2	234	206	206	206	3	47	22.82	35	16.99
239	data/reference/motifs/JASPAR2026_CORE_plants_non-redundant_pfms_meme.txt	MA1256.2	RAP2-12	DRYGGCGGCGG	1.86e-1	1.00e0	9.27e2	111	206	206	206	4	4	1.94	1	0.49
240	data/reference/motifs/JASPAR2026_CORE_plants_non-redundant_pfms_meme.txt	MA1819.2	Zm00001d005892	CGCCGCCG	1.03e-1	1.00e0	9.27e2	201	206	206	206	2	73	35.44	60	29.13
241	data/reference/motifs/JASPAR2026_CORE_plants_non-redundant_pfms_meme.txt	MA1762.2	MYB10	YCACCWAMCW	6.61e-2	1.00e0	9.27e2	314	206	206	206	3	56	27.18	42	20.39
242	data/reference/motifs/JASPAR2026_CORE_plants_non-redundant_pfms_meme.txt	MA1691.2	ARF27	GCAGACAT	5.25e-2	1.00e0	9.27e2	397	206	206	206	12	8	3.88	2	0.97
243	data/reference/motifs/JASPAR2026_CORE_plants_non-redundant_pfms_meme.txt	MA1768.2	MYB30	CCAACYACCAMC	5.25e-2	1.00e0	9.27e2	398	206	206	206	11	8	3.88	2	0.97
244	data/reference/motifs/JASPAR2026_CORE_plants_non-redundant_pfms_meme.txt	MA1262.2	ERF2	CCDCCGCCGCCRY	1.97e-1	1.00e0	9.27e2	107	206	206	206	2	22	10.68	16	7.77
245	data/reference/motifs/JASPAR2026_CORE_plants_non-redundant_pfms_meme.txt	MA2418.1	IG1	CTGCCGCCA	7.52e-2	1.00e0	9.27e2	283	206	206	206	5	27	13.11	17	8.25
246	data/reference/motifs/JASPAR2026_CORE_plants_non-redundant_pfms_meme.txt	MA2721.1	Sl-ERF_C_6	YCGCCGCCGCCRCCRCCGCC	4.05e-1	1.00e0	9.27e2	41	206	206	206	3	10	4.85	8	3.88
247	data/reference/motifs/JASPAR2026_CORE_plants_non-redundant_pfms_meme.txt	MA1430.2	TB1	GGSCCCCCC	1.97e-1	1.00e0	9.27e2	108	206	206	206	2	22	10.68	16	7.77
248	data/reference/motifs/JASPAR2026_CORE_plants_non-redundant_pfms_meme.txt	MA1218.2	DREB1D	ATGTCGGY	1.97e-1	1.00e0	9.27e2	108	206	206	206	2	22	10.68	16	7.77
249	data/reference/motifs/JASPAR2026_CORE_plants_non-redundant_pfms_meme.txt	MA1830.2	Zm00001d015407	AAGGAATATTCTTTTT	6.76e-2	1.00e0	9.27e2	316	206	206	206	6	12	5.83	5	2.43
250	data/reference/motifs/JASPAR2026_CORE_plants_non-redundant_pfms_meme.txt	MA2471.1	SPCH	CACGTG	6.16e-2	1.00e0	9.27e2	347	206	206	206	16	4	1.94	0	0.00
251	data/reference/motifs/JASPAR2026_CORE_plants_non-redundant_pfms_meme.txt	MA2105.1	GLYMA-13G317000	ACACGT	6.16e-2	1.00e0	9.27e2	347	206	206	206	12	4	1.94	0	0.00
252	data/reference/motifs/JASPAR2026_CORE_plants_non-redundant_pfms_meme.txt	MA2433.1	SPL15D	GCGGTACTAC	7.83e-2	1.00e0	9.27e2	273	206	206	206	4	22	10.68	13	6.31
253	data/reference/motifs/JASPAR2026_CORE_plants_non-redundant_pfms_meme.txt	MA1088.2	WRKY48	GTCAA	5.22e-2	1.00e0	9.27e2	412	206	206	206	49	39	18.93	26	12.62
254	data/reference/motifs/JASPAR2026_CORE_plants_non-redundant_pfms_meme.txt	MA2453.1	SPL8B	ATAGTACTC	6.42e-2	1.00e0	9.27e2	336	206	206	206	3	87	42.23	71	34.47
255	data/reference/motifs/JASPAR2026_CORE_plants_non-redundant_pfms_meme.txt	MA2007.2	MYB107	CACCAAAC	5.25e-2	1.00e0	9.27e2	411	206	206	206	16	8	3.88	2	0.97
256	data/reference/motifs/JASPAR2026_CORE_plants_non-redundant_pfms_meme.txt	MA2672.1	GLYMA-01G233000	AGAASCTTCT	6.63e-2	1.00e0	9.27e2	326	206	206	206	2	130	63.11	114	55.34
257	data/reference/motifs/JASPAR2026_CORE_plants_non-redundant_pfms_meme.txt	MA1044.2	NAC92	RCAMGCCA	5.26e-2	1.00e0	9.27e2	411	206	206	206	11	88	42.72	71	34.47
258	data/reference/motifs/JASPAR2026_CORE_plants_non-redundant_pfms_meme.txt	MA1086.2	WRKY43	RGTCAA	5.25e-2	1.00e0	9.27e2	412	206	206	206	20	204	99.03	198	96.12
259	data/reference/motifs/JASPAR2026_CORE_plants_non-redundant_pfms_meme.txt	MA2502.1	TMF	CTACAGTA	5.42e-2	1.00e0	9.27e2	401	206	206	206	3	172	83.50	158	76.70
260	data/reference/motifs/JASPAR2026_CORE_plants_non-redundant_pfms_meme.txt	MA1673.2	LBD18	GCCGGAAA	5.74e-2	1.00e0	9.27e2	380	206	206	206	4	112	54.37	95	46.12
261	data/reference/motifs/JASPAR2026_CORE_plants_non-redundant_pfms_meme.txt	MA1783.1	NAC005	TWRCTTVTTYHAYAAGTTW	2.25e-1	1.00e0	9.27e2	86	206	206	206	3	5	2.43	2	0.97
262	data/reference/motifs/JASPAR2026_CORE_plants_non-redundant_pfms_meme.txt	MA2738.1	Cnr	TCCGTACAAA	5.65e-2	1.00e0	9.27e2	392	206	206	206	2	178	86.41	165	80.10
263	data/reference/motifs/JASPAR2026_CORE_plants_non-redundant_pfms_meme.txt	MA1259.2	ERF023	TGTCGGTGR	2.13e-1	1.00e0	9.27e2	104	206	206	206	2	16	7.77	11	5.34
264	data/reference/motifs/JASPAR2026_CORE_plants_non-redundant_pfms_meme.txt	MA2056.1	PK01144.1	CTTT	5.41e-2	1.00e0	9.27e2	412	206	206	206	124	92	44.66	75	36.41
265	data/reference/motifs/JASPAR2026_CORE_plants_non-redundant_pfms_meme.txt	MA1264.2	ERF095	RYGGCGGCGGHGG	2.49e-1	1.00e0	9.27e2	78	206	206	206	5	2	0.97	0	0.00
266	data/reference/motifs/JASPAR2026_CORE_plants_non-redundant_pfms_meme.txt	MA1168.2	MYR2	RGAATMTT	6.16e-2	1.00e0	9.27e2	364	206	206	206	9	4	1.94	0	0.00
267	data/reference/motifs/JASPAR2026_CORE_plants_non-redundant_pfms_meme.txt	MA2426.1	SPL11B	AGCGGTASTACCGCT	7.13e-1	1.00e0	9.27e2	18	206	206	206	2	6	2.91	7	3.40
268	data/reference/motifs/JASPAR2026_CORE_plants_non-redundant_pfms_meme.txt	MA1748.2	DREB1F	GCCGAC	6.16e-2	1.00e0	9.27e2	367	206	206	206	15	4	1.94	0	0.00
269	data/reference/motifs/JASPAR2026_CORE_plants_non-redundant_pfms_meme.txt	MA0954.3	ATHB-7	TCAATGATTGR	6.09e-2	1.00e0	9.27e2	372	206	206	206	7	6	2.91	1	0.49
270	data/reference/motifs/JASPAR2026_CORE_plants_non-redundant_pfms_meme.txt	MA1376.2	DEAR3	CRCCGMC	5.65e-2	1.00e0	9.27e2	405	206	206	206	13	41	19.90	28	13.59
271	data/reference/motifs/JASPAR2026_CORE_plants_non-redundant_pfms_meme.txt	MA1828.2	Zm00001d038683	GTGGTCCA	6.16e-2	1.00e0	9.27e2	373	206	206	206	13	4	1.94	0	0.00
272	data/reference/motifs/JASPAR2026_CORE_plants_non-redundant_pfms_meme.txt	MA1824.2	Zm00001d005692	CAATAATT	5.59e-2	1.00e0	9.27e2	412	206	206	206	8	202	98.06	195	94.66
273	data/reference/motifs/JASPAR2026_CORE_plants_non-redundant_pfms_meme.txt	MA2477.1	NGA4	TTCAGGTR	5.80e-2	1.00e0	9.27e2	398	206	206	206	5	76	36.89	60	29.13
274	data/reference/motifs/JASPAR2026_CORE_plants_non-redundant_pfms_meme.txt	MA1389.2	PHL1	AARGAATATTCB	9.73e-2	1.00e0	9.27e2	238	206	206	206	1	126	61.17	112	54.37
275	data/reference/motifs/JASPAR2026_CORE_plants_non-redundant_pfms_meme.txt	MA1685.2	ARF10	ARNGGGAGACA	8.14e-2	1.00e0	9.27e2	286	206	206	206	2	95	46.12	80	38.83
276	data/reference/motifs/JASPAR2026_CORE_plants_non-redundant_pfms_meme.txt	MA0556.2	AP3	CCAAAARWRGAAA	6.11e-2	1.00e0	9.27e2	383	206	206	206	1	196	95.15	187	90.78
277	data/reference/motifs/JASPAR2026_CORE_plants_non-redundant_pfms_meme.txt	MA0946.1	ARR11	AAGATACG	6.09e-2	1.00e0	9.27e2	384	206	206	206	8	6	2.91	1	0.49
278	data/reference/motifs/JASPAR2026_CORE_plants_non-redundant_pfms_meme.txt	MA2619.1	ereb18	CCGCCGCCGCCCGCC	2.29e-1	1.00e0	9.27e2	90	206	206	206	2	29	14.08	23	11.17
279	data/reference/motifs/JASPAR2026_CORE_plants_non-redundant_pfms_meme.txt	MA2446.1	SPL5A	GCGGTASTACCGC	3.59e-1	1.00e0	9.27e2	53	206	206	206	2	18	8.74	15	7.28
280	data/reference/motifs/JASPAR2026_CORE_plants_non-redundant_pfms_meme.txt	MA2406.1	PK03576.1	CACGTGC	4.23e-1	1.00e0	9.27e2	43	206	206	206	2	15	7.28	13	6.31
281	data/reference/motifs/JASPAR2026_CORE_plants_non-redundant_pfms_meme.txt	MA2023.2	PHL4	RGAATATTCC	1.16e-1	1.00e0	9.27e2	204	206	206	206	2	66	32.04	54	26.21
282	data/reference/motifs/JASPAR2026_CORE_plants_non-redundant_pfms_meme.txt	MA2656.1	GLYMA-14G006800	TGGTCAACCA	6.16e-2	1.00e0	9.27e2	386	206	206	206	9	4	1.94	0	0.00
283	data/reference/motifs/JASPAR2026_CORE_plants_non-redundant_pfms_meme.txt	MA1238.3	ERF038	CACCGACA	8.60e-2	1.00e0	9.27e2	277	206	206	206	6	10	4.85	4	1.94
284	data/reference/motifs/JASPAR2026_CORE_plants_non-redundant_pfms_meme.txt	MA2006.2	NAC020	GGTTGCKTGTDNMACAAGTAA	4.35e-1	1.00e0	9.27e2	42	206	206	206	1	22	10.68	20	9.71
285	data/reference/motifs/JASPAR2026_CORE_plants_non-redundant_pfms_meme.txt	MA0988.2	PHYPADRAFT_143875	CACGTG	6.16e-2	1.00e0	9.27e2	391	206	206	206	20	4	1.94	0	0.00
286	data/reference/motifs/JASPAR2026_CORE_plants_non-redundant_pfms_meme.txt	MA2421.1	SBP8	ARGTACAA	6.17e-2	1.00e0	9.27e2	392	206	206	206	9	15	7.28	7	3.40
287	data/reference/motifs/JASPAR2026_CORE_plants_non-redundant_pfms_meme.txt	MA2669.1	GLYMA-04G231400	CAATAATTGATT	6.70e-2	1.00e0	9.27e2	361	206	206	206	1	186	90.29	175	84.95
288	data/reference/motifs/JASPAR2026_CORE_plants_non-redundant_pfms_meme.txt	MA1368.3	GT-4	TAACTATGGTTA	8.46e-2	1.00e0	9.27e2	287	206	206	206	3	57	27.67	44	21.36
289	data/reference/motifs/JASPAR2026_CORE_plants_non-redundant_pfms_meme.txt	MA1041.1	MYB55	ACCTACCG	6.70e-2	1.00e0	9.27e2	364	206	206	206	6	20	9.71	11	5.34
290	data/reference/motifs/JASPAR2026_CORE_plants_non-redundant_pfms_meme.txt	MA1263.2	ERF055	KGKCGGTGG	1.61e-1	1.00e0	9.27e2	154	206	206	206	3	11	5.34	6	2.91
291	data/reference/motifs/JASPAR2026_CORE_plants_non-redundant_pfms_meme.txt	MA1388.2	PHL2	VGAATMT	6.16e-2	1.00e0	9.27e2	403	206	206	206	12	4	1.94	0	0.00
292	data/reference/motifs/JASPAR2026_CORE_plants_non-redundant_pfms_meme.txt	MA2614.1	ereb198	SCGCCGCCGCCR	2.85e-1	1.00e0	9.27e2	74	206	206	206	2	17	8.25	13	6.31
293	data/reference/motifs/JASPAR2026_CORE_plants_non-redundant_pfms_meme.txt	MA1280.2	DOF5.4	AAAAAGK	6.05e-2	1.00e0	9.27e2	411	206	206	206	10	80	38.83	64	31.07
294	data/reference/motifs/JASPAR2026_CORE_plants_non-redundant_pfms_meme.txt	MA1823.2	Zm00001d027846	AAAGAAAA	6.04e-2	1.00e0	9.27e2	412	206	206	206	24	168	81.55	154	74.76
295	data/reference/motifs/JASPAR2026_CORE_plants_non-redundant_pfms_meme.txt	MA0096.1	bZIP910	MTGACGT	2.49e-1	1.00e0	9.27e2	100	206	206	206	3	2	0.97	0	0.00
296	data/reference/motifs/JASPAR2026_CORE_plants_non-redundant_pfms_meme.txt	MA1381.2	AT3G46070	TCACTCT	6.16e-2	1.00e0	9.27e2	407	206	206	206	24	4	1.94	0	0.00
297	data/reference/motifs/JASPAR2026_CORE_plants_non-redundant_pfms_meme.txt	MA2639.1	FUL::SOC1	TTCCATTTTTGG	6.23e-2	1.00e0	9.27e2	403	206	206	206	2	192	93.20	182	88.35
298	data/reference/motifs/JASPAR2026_CORE_plants_non-redundant_pfms_meme.txt	MA2349.1	OsCCA1	AATATCT	6.09e-2	1.00e0	9.27e2	412	206	206	206	42	6	2.91	1	0.49
299	data/reference/motifs/JASPAR2026_CORE_plants_non-redundant_pfms_meme.txt	MA1267.2	DOF5.8	TTTTTHYTTTTTACTTTTT	6.16e-2	1.00e0	9.27e2	408	206	206	206	1	206	100.00	202	98.06
300	data/reference/motifs/JASPAR2026_CORE_plants_non-redundant_pfms_meme.txt	MA2415.1	EREB138	CMGCCGCCAT	9.85e-2	1.00e0	9.27e2	256	206	206	206	5	15	7.28	8	3.88
301	data/reference/motifs/JASPAR2026_CORE_plants_non-redundant_pfms_meme.txt	MA2005.2	NAC016	TVCKTGWBCYNCAMG	2.49e-1	1.00e0	9.27e2	88	206	206	206	4	2	0.97	0	0.00
302	data/reference/motifs/JASPAR2026_CORE_plants_non-redundant_pfms_meme.txt	MA0034.2	Gam1	YAACCGMC	6.16e-2	1.00e0	9.27e2	410	206	206	206	19	4	1.94	0	0.00
303	data/reference/motifs/JASPAR2026_CORE_plants_non-redundant_pfms_meme.txt	MA1173.2	MYB101	TAACCGAAW	6.16e-2	1.00e0	9.27e2	411	206	206	206	3	206	100.00	202	98.06
304	data/reference/motifs/JASPAR2026_CORE_plants_non-redundant_pfms_meme.txt	MA2046.2	NAC035	CACGGCA	6.37e-2	1.00e0	9.27e2	398	206	206	206	2	187	90.78	176	85.44
305	data/reference/motifs/JASPAR2026_CORE_plants_non-redundant_pfms_meme.txt	MA2480.1	GLYMA-04G093300	CTAATC	6.71e-2	1.00e0	9.27e2	378	206	206	206	5	38	18.45	26	12.62
306	data/reference/motifs/JASPAR2026_CORE_plants_non-redundant_pfms_meme.txt	MA2070.1	PK15337.1	CTTT	6.16e-2	1.00e0	9.27e2	412	206	206	206	99	206	100.00	202	98.06
307	data/reference/motifs/JASPAR2026_CORE_plants_non-redundant_pfms_meme.txt	MA2378.1	CRF3	GCCG	6.17e-2	1.00e0	9.27e2	412	206	206	206	10	199	96.60	191	92.72
308	data/reference/motifs/JASPAR2026_CORE_plants_non-redundant_pfms_meme.txt	MA1017.2	GATA8	GATCY	6.20e-2	1.00e0	9.27e2	412	206	206	206	43	36	17.48	24	11.65
309	data/reference/motifs/JASPAR2026_CORE_plants_non-redundant_pfms_meme.txt	MA0569.2	MYC4	CACGTGC	8.70e-2	1.00e0	9.27e2	294	206	206	206	5	30	14.56	20	9.71
310	data/reference/motifs/JASPAR2026_CORE_plants_non-redundant_pfms_meme.txt	MA2449.1	SPL6A	GCGGTAGTACC	1.38e-1	1.00e0	9.27e2	186	206	206	206	1	99	48.06	87	42.23
311	data/reference/motifs/JASPAR2026_CORE_plants_non-redundant_pfms_meme.txt	MA0121.2	ARR10	AGATHYK	6.33e-2	1.00e0	9.27e2	410	206	206	206	7	85	41.26	69	33.50
312	data/reference/motifs/JASPAR2026_CORE_plants_non-redundant_pfms_meme.txt	MA0564.2	ABI3	GCATGC	6.70e-2	1.00e0	9.27e2	387	206	206	206	14	20	9.71	11	5.34
313	data/reference/motifs/JASPAR2026_CORE_plants_non-redundant_pfms_meme.txt	MA1346.2	TGA10	GMTGACGTCA	1.61e-1	1.00e0	9.27e2	162	206	206	206	2	33	16.02	25	12.14
314	data/reference/motifs/JASPAR2026_CORE_plants_non-redundant_pfms_meme.txt	MA1384.1	PHL7	AAARGAATATTCY	1.12e-1	1.00e0	9.27e2	237	206	206	206	2	62	30.10	50	24.27
315	data/reference/motifs/JASPAR2026_CORE_plants_non-redundant_pfms_meme.txt	MA1682.2	TCX3	AAATTCAAATWT	6.47e-2	1.00e0	9.27e2	409	206	206	206	7	88	42.72	72	34.95
316	data/reference/motifs/JASPAR2026_CORE_plants_non-redundant_pfms_meme.txt	MA0562.1	PIF5	TCACGTGS	2.46e-1	1.00e0	9.27e2	94	206	206	206	2	12	5.83	8	3.88
317	data/reference/motifs/JASPAR2026_CORE_plants_non-redundant_pfms_meme.txt	MA1234.2	ERF017	TGGWCGGTG	1.39e-1	1.00e0	9.27e2	192	206	206	206	1	102	49.51	90	43.69
318	data/reference/motifs/JASPAR2026_CORE_plants_non-redundant_pfms_meme.txt	MA1752.2	ERF025	YGCCGACA	1.67e-1	1.00e0	9.27e2	160	206	206	206	2	35	16.99	27	13.11
319	data/reference/motifs/JASPAR2026_CORE_plants_non-redundant_pfms_meme.txt	MA2434.1	SPL16A	AGCGGTAGTAC	1.08e-1	1.00e0	9.27e2	251	206	206	206	5	5	2.43	1	0.49
320	data/reference/motifs/JASPAR2026_CORE_plants_non-redundant_pfms_meme.txt	MA0941.2	ABF2	ACACGTG	6.76e-2	1.00e0	9.27e2	402	206	206	206	14	12	5.83	5	2.43
321	data/reference/motifs/JASPAR2026_CORE_plants_non-redundant_pfms_meme.txt	MA1228.2	ERF091	RYGGCGGCGGHGG	3.62e-1	1.00e0	9.27e2	61	206	206	206	3	5	2.43	3	1.46
322	data/reference/motifs/JASPAR2026_CORE_plants_non-redundant_pfms_meme.txt	MA1057.2	SPL12	GTACGG	6.70e-2	1.00e0	9.27e2	410	206	206	206	17	20	9.71	11	5.34
323	data/reference/motifs/JASPAR2026_CORE_plants_non-redundant_pfms_meme.txt	MA2709.1	SolycHsfA2	TTCTAGAAKMTTCTA	2.01e-1	1.00e0	9.27e2	137	206	206	206	1	73	35.44	64	31.07
324	data/reference/motifs/JASPAR2026_CORE_plants_non-redundant_pfms_meme.txt	MA2103.1	AT4G09450	TTATCY	6.70e-2	1.00e0	9.27e2	412	206	206	206	35	31	15.05	20	9.71
325	data/reference/motifs/JASPAR2026_CORE_plants_non-redundant_pfms_meme.txt	MA1286.2	TCP24	GGGACCAC	1.80e-1	1.00e0	9.27e2	154	206	206	206	1	82	39.81	72	34.95
326	data/reference/motifs/JASPAR2026_CORE_plants_non-redundant_pfms_meme.txt	MA1835.2	TFLG2-Zm00001d042777	GTACGTAC	9.08e-2	1.00e0	9.27e2	305	206	206	206	6	39	18.93	28	13.59
327	data/reference/motifs/JASPAR2026_CORE_plants_non-redundant_pfms_meme.txt	MA1007.1	PHYPADRAFT_173530	TGTCGGTG	2.45e-1	1.00e0	9.27e2	99	206	206	206	1	53	25.73	46	22.33
328	data/reference/motifs/JASPAR2026_CORE_plants_non-redundant_pfms_meme.txt	MA1058.2	SPL4	GTACG	6.75e-2	1.00e0	9.27e2	412	206	206	206	35	126	61.17	110	53.40
329	data/reference/motifs/JASPAR2026_CORE_plants_non-redundant_pfms_meme.txt	MA0559.1	PI	CCAAAARWRGAAAR	6.94e-2	1.00e0	9.27e2	401	206	206	206	5	106	51.46	90	43.69
330	data/reference/motifs/JASPAR2026_CORE_plants_non-redundant_pfms_meme.txt	MA0934.1	AHL25	AWTTAAWT	6.76e-2	1.00e0	9.27e2	412	206	206	206	134	12	5.83	5	2.43
331	data/reference/motifs/JASPAR2026_CORE_plants_non-redundant_pfms_meme.txt	MA1075.1	WRKY12	CGTTGACC	7.00e-2	1.00e0	9.27e2	400	206	206	206	1	203	98.54	197	95.63
332	data/reference/motifs/JASPAR2026_CORE_plants_non-redundant_pfms_meme.txt	MA1046.1	NTL9	TTAAGTAAT	1.06e-1	1.00e0	9.27e2	264	206	206	206	2	77	37.38	64	31.07
333	data/reference/motifs/JASPAR2026_CORE_plants_non-redundant_pfms_meme.txt	MA2658.1	GLYMA-19G094100	ATTGACTTW	6.92e-2	1.00e0	9.27e2	406	206	206	206	4	148	71.84	133	64.56
334	data/reference/motifs/JASPAR2026_CORE_plants_non-redundant_pfms_meme.txt	MA1049.2	ERF094	MGCCGCC	2.02e-1	1.00e0	9.27e2	139	206	206	206	1	74	35.92	65	31.55
335	data/reference/motifs/JASPAR2026_CORE_plants_non-redundant_pfms_meme.txt	MA1225.1	ERF5	CCDCCGCCGCCGCCR	3.07e-1	1.00e0	9.27e2	77	206	206	206	1	41	19.90	36	17.48
336	data/reference/motifs/JASPAR2026_CORE_plants_non-redundant_pfms_meme.txt	MA1253.2	ERF036	TGTCGGTG	1.08e-1	1.00e0	9.27e2	263	206	206	206	6	5	2.43	1	0.49
337	data/reference/motifs/JASPAR2026_CORE_plants_non-redundant_pfms_meme.txt	MA2730.1	Solyc01g079480	YSACGTGKCA	1.12e-1	1.00e0	9.27e2	253	206	206	206	1	133	64.56	120	58.25
338	data/reference/motifs/JASPAR2026_CORE_plants_non-redundant_pfms_meme.txt	MA1332.2	BEH2	CACACGTGCR	6.25e-1	1.00e0	9.27e2	29	206	206	206	2	5	2.43	5	2.43
339	data/reference/motifs/JASPAR2026_CORE_plants_non-redundant_pfms_meme.txt	MA2479.1	TCX5	ATTCAAAT	6.98e-2	1.00e0	9.27e2	409	206	206	206	3	198	96.12	190	92.23
340	data/reference/motifs/JASPAR2026_CORE_plants_non-redundant_pfms_meme.txt	MA2725.1	SlWRKY6	AAAGTCAAC	7.00e-2	1.00e0	9.27e2	408	206	206	206	11	9	4.37	3	1.46
341	data/reference/motifs/JASPAR2026_CORE_plants_non-redundant_pfms_meme.txt	MA1377.2	PLT1	KGCACGVWTHYCGAGR	2.54e-1	1.00e0	9.27e2	113	206	206	206	1	60	29.13	53	25.73
342	data/reference/motifs/JASPAR2026_CORE_plants_non-redundant_pfms_meme.txt	MA1665.3	HSFB2A	RGAAGSTTCY	1.07e-1	1.00e0	9.27e2	269	206	206	206	1	141	68.45	128	62.14
343	data/reference/motifs/JASPAR2026_CORE_plants_non-redundant_pfms_meme.txt	MA1239.2	ERF104	CCDCCDCCGCCGCCRY	3.45e-1	1.00e0	9.27e2	68	206	206	206	1	36	17.48	32	15.53
344	data/reference/motifs/JASPAR2026_CORE_plants_non-redundant_pfms_meme.txt	MA1242.1	DREB2F	CCDCCACCGCC	2.49e-1	1.00e0	9.27e2	116	206	206	206	6	2	0.97	0	0.00
345	data/reference/motifs/JASPAR2026_CORE_plants_non-redundant_pfms_meme.txt	MA1363.1	LRL2	CGTGNKWBGCACGTG	2.76e-1	1.00e0	9.27e2	90	206	206	206	1	48	23.30	42	20.39
346	data/reference/motifs/JASPAR2026_CORE_plants_non-redundant_pfms_meme.txt	MA1279.2	DOF1.5	AAADDAAAAAGTRAAA	7.10e-2	1.00e0	9.27e2	410	206	206	206	11	26	12.62	16	7.77
347	data/reference/motifs/JASPAR2026_CORE_plants_non-redundant_pfms_meme.txt	MA1336.2	TGA3	RTGACGTCAKC	3.08e-1	1.00e0	9.27e2	79	206	206	206	1	42	20.39	37	17.96
348	data/reference/motifs/JASPAR2026_CORE_plants_non-redundant_pfms_meme.txt	MA1047.3	TGA5	ATGACGTCA	9.37e-2	1.00e0	9.27e2	311	206	206	206	4	64	31.07	51	24.76
349	data/reference/motifs/JASPAR2026_CORE_plants_non-redundant_pfms_meme.txt	MA2079.1	PK19717.1	GGGSCCCMC	9.90e-2	1.00e0	9.27e2	295	206	206	206	2	120	58.25	106	51.46
350	data/reference/motifs/JASPAR2026_CORE_plants_non-redundant_pfms_meme.txt	MA1025.2	HBI1	GCACGTG	8.88e-2	1.00e0	9.27e2	329	206	206	206	5	24	11.65	15	7.28
351	data/reference/motifs/JASPAR2026_CORE_plants_non-redundant_pfms_meme.txt	MA1415.2	REF6	RAAACAGAG	8.92e-2	1.00e0	9.27e2	328	206	206	206	1	170	82.52	158	76.70
352	data/reference/motifs/JASPAR2026_CORE_plants_non-redundant_pfms_meme.txt	MA1273.2	DOF4.2	AAAAAGGYAAA	7.28e-2	1.00e0	9.27e2	403	206	206	206	9	21	10.19	12	5.83
353	data/reference/motifs/JASPAR2026_CORE_plants_non-redundant_pfms_meme.txt	MA2657.1	GLYMA-14G028900	AAAAGTCAAA	7.36e-2	1.00e0	9.27e2	401	206	206	206	3	142	68.93	127	61.65
354	data/reference/motifs/JASPAR2026_CORE_plants_non-redundant_pfms_meme.txt	MA2649.1	GLYMA-08G271900	TGCACATG	7.28e-2	1.00e0	9.27e2	407	206	206	206	11	21	10.19	12	5.83
355	data/reference/motifs/JASPAR2026_CORE_plants_non-redundant_pfms_meme.txt	MA2608.1	glk53	AAGGAATATTCTTT	8.60e-2	1.00e0	9.27e2	346	206	206	206	7	10	4.85	4	1.94
356	data/reference/motifs/JASPAR2026_CORE_plants_non-redundant_pfms_meme.txt	MA2009.2	NAC010	TAACTTGTDNHACAAGTTACC	5.00e-1	1.00e0	9.27e2	43	206	206	206	2	10	4.85	9	4.37
357	data/reference/motifs/JASPAR2026_CORE_plants_non-redundant_pfms_meme.txt	MA2067.1	PK09702.1	GCACGTGR	5.00e-1	1.00e0	9.27e2	43	206	206	206	2	19	9.22	18	8.74
358	data/reference/motifs/JASPAR2026_CORE_plants_non-redundant_pfms_meme.txt	MA1428.2	TCP8	GGSCCCAC	7.43e-2	1.00e0	9.27e2	406	206	206	206	6	141	68.45	126	61.17
359	data/reference/motifs/JASPAR2026_CORE_plants_non-redundant_pfms_meme.txt	MA0993.2	ERF7	GCCG	7.36e-2	1.00e0	9.27e2	411	206	206	206	16	142	68.93	127	61.65
360	data/reference/motifs/JASPAR2026_CORE_plants_non-redundant_pfms_meme.txt	MA0961.2	bHLH112	CCACTTG	3.00e-1	1.00e0	9.27e2	85	206	206	206	2	9	4.37	6	2.91
361	data/reference/motifs/JASPAR2026_CORE_plants_non-redundant_pfms_meme.txt	MA2350.1	OsFBH1	CCACTTG	3.00e-1	1.00e0	9.27e2	85	206	206	206	2	9	4.37	6	2.91
362	data/reference/motifs/JASPAR2026_CORE_plants_non-redundant_pfms_meme.txt	MA1059.3	SPL5	TGTACGGAH	6.50e-1	1.00e0	9.27e2	29	206	206	206	1	14	6.80	15	7.28
363	data/reference/motifs/JASPAR2026_CORE_plants_non-redundant_pfms_meme.txt	MA1357.2	bHLH80	TGCAAGTKG	2.64e-1	1.00e0	9.27e2	115	206	206	206	2	14	6.80	10	4.85
364	data/reference/motifs/JASPAR2026_CORE_plants_non-redundant_pfms_meme.txt	MA1179.2	MYB1	ACSGTTA	9.65e-2	1.00e0	9.27e2	320	206	206	206	1	166	80.58	154	74.76
365	data/reference/motifs/JASPAR2026_CORE_plants_non-redundant_pfms_meme.txt	MA2367.1	WIP5	ACCTGGAGAAMAW	7.86e-2	1.00e0	9.27e2	393	206	206	206	1	200	97.09	193	93.69
366	data/reference/motifs/JASPAR2026_CORE_plants_non-redundant_pfms_meme.txt	MA2074.1	PK17878.1	CGCCGCCA	2.49e-1	1.00e0	9.27e2	125	206	206	206	7	2	0.97	0	0.00
367	data/reference/motifs/JASPAR2026_CORE_plants_non-redundant_pfms_meme.txt	MA2063.1	PK07402.1	RCCGMC	7.86e-2	1.00e0	9.27e2	399	206	206	206	12	13	6.31	6	2.91
368	data/reference/motifs/JASPAR2026_CORE_plants_non-redundant_pfms_meme.txt	MA1163.3	PHL11	AGAATATTCT	1.10e-1	1.00e0	9.27e2	286	206	206	206	8	8	3.88	3	1.46
369	data/reference/motifs/JASPAR2026_CORE_plants_non-redundant_pfms_meme.txt	MA1380.1	TCX6	WTTTAAATTTTTWAA	8.25e-2	1.00e0	9.27e2	387	206	206	206	7	36	17.48	25	12.14
370	data/reference/motifs/JASPAR2026_CORE_plants_non-redundant_pfms_meme.txt	MA1350.1	BZIP42	TGCTGACGTGGC	7.36e-1	1.00e0	9.27e2	24	206	206	206	1	11	5.34	13	6.31
371	data/reference/motifs/JASPAR2026_CORE_plants_non-redundant_pfms_meme.txt	MA2014.2	BAM8	CACACGTGY	1.56e-1	1.00e0	9.27e2	206	206	206	206	4	16	7.77	10	4.85
372	data/reference/motifs/JASPAR2026_CORE_plants_non-redundant_pfms_meme.txt	MA1696.2	ARF39	GGGGRACACGT	9.47e-2	1.00e0	9.27e2	341	206	206	206	4	51	24.76	39	18.93
373	data/reference/motifs/JASPAR2026_CORE_plants_non-redundant_pfms_meme.txt	MA1690.2	ARF25	ARMGGGRGACAM	1.36e-1	1.00e0	9.27e2	238	206	206	206	1	125	60.68	113	54.85
374	data/reference/motifs/JASPAR2026_CORE_plants_non-redundant_pfms_meme.txt	MA1199.1	AGL16	TTTCCWTTTTDGGWA	1.36e-1	1.00e0	9.27e2	240	206	206	206	1	126	61.17	114	55.34
375	data/reference/motifs/JASPAR2026_CORE_plants_non-redundant_pfms_meme.txt	MA1791.1	NAC087	TTDCTTGTNNNACACGYWA	5.00e-1	1.00e0	9.27e2	47	206	206	206	1	24	11.65	23	11.17
376	data/reference/motifs/JASPAR2026_CORE_plants_non-redundant_pfms_meme.txt	MA2623.1	hb66	CCAATCA	7.93e-2	1.00e0	9.27e2	412	206	206	206	23	28	13.59	18	8.74
377	data/reference/motifs/JASPAR2026_CORE_plants_non-redundant_pfms_meme.txt	MA1692.2	ARF29	GCCGACAA	9.07e-2	1.00e0	9.27e2	360	206	206	206	1	185	89.81	175	84.95
378	data/reference/motifs/JASPAR2026_CORE_plants_non-redundant_pfms_meme.txt	MA0082.2	squamosa	MCAWAWATRGWAA	8.04e-2	1.00e0	9.27e2	409	206	206	206	6	129	62.62	114	55.34
379	data/reference/motifs/JASPAR2026_CORE_plants_non-redundant_pfms_meme.txt	MA1385.2	AT2G40260	AAHATTCTYT	8.25e-2	1.00e0	9.27e2	401	206	206	206	4	122	59.22	107	51.94
380	data/reference/motifs/JASPAR2026_CORE_plants_non-redundant_pfms_meme.txt	MA0020.2	Dof2	AAAGC	8.03e-2	1.00e0	9.27e2	412	206	206	206	17	68	33.01	54	26.21
381	data/reference/motifs/JASPAR2026_CORE_plants_non-redundant_pfms_meme.txt	MA0588.2	TGA1	SVTGACGT	8.88e-2	1.00e0	9.27e2	373	206	206	206	4	78	37.86	64	31.07
382	data/reference/motifs/JASPAR2026_CORE_plants_non-redundant_pfms_meme.txt	MA0975.1	CRF2	SCGCCGCC	2.72e-1	1.00e0	9.27e2	122	206	206	206	2	27	13.11	22	10.68
383	data/reference/motifs/JASPAR2026_CORE_plants_non-redundant_pfms_meme.txt	MA0064.1	PBF	AAAGY	8.03e-2	1.00e0	9.27e2	412	206	206	206	17	68	33.01	54	26.21
384	data/reference/motifs/JASPAR2026_CORE_plants_non-redundant_pfms_meme.txt	MA1793.2	NID1	TTATCC	8.10e-2	1.00e0	9.27e2	412	206	206	206	39	44	21.36	32	15.53
385	data/reference/motifs/JASPAR2026_CORE_plants_non-redundant_pfms_meme.txt	MA0097.1	bZIP911	GRTGACGTGGMC	8.26e-1	1.00e0	9.27e2	19	206	206	206	1	8	3.88	11	5.34
386	data/reference/motifs/JASPAR2026_CORE_plants_non-redundant_pfms_meme.txt	MA1024.2	HAT1	YAATCATK	8.32e-2	1.00e0	9.27e2	403	206	206	206	2	187	90.78	177	85.92
387	data/reference/motifs/JASPAR2026_CORE_plants_non-redundant_pfms_meme.txt	MA2473.1	HB88	TTGATTG	8.27e-2	1.00e0	9.27e2	412	206	206	206	20	100	48.54	85	41.26
388	data/reference/motifs/JASPAR2026_CORE_plants_non-redundant_pfms_meme.txt	MA2483.1	PK20543.1	TTAACC	8.25e-2	1.00e0	9.27e2	412	206	206	206	41	36	17.48	25	12.14
389	data/reference/motifs/JASPAR2026_CORE_plants_non-redundant_pfms_meme.txt	MA1761.2	HSFB3	AAGCTTCTAGAA	1.01e-1	1.00e0	9.27e2	338	206	206	206	5	11	5.34	5	2.43
390	data/reference/motifs/JASPAR2026_CORE_plants_non-redundant_pfms_meme.txt	MA2355.1	PK06791.1	GTACGG	8.31e-2	1.00e0	9.27e2	410	206	206	206	13	45	21.84	33	16.02
391	data/reference/motifs/JASPAR2026_CORE_plants_non-redundant_pfms_meme.txt	MA1098.1	ARALYDRAFT_484486	GGSCCCAC	1.86e-1	1.00e0	9.27e2	182	206	206	206	1	96	46.60	86	41.75
392	data/reference/motifs/JASPAR2026_CORE_plants_non-redundant_pfms_meme.txt	MA1095.1	ARALYDRAFT_495258	GGSCCCAC	1.86e-1	1.00e0	9.27e2	182	206	206	206	1	96	46.60	86	41.75
393	data/reference/motifs/JASPAR2026_CORE_plants_non-redundant_pfms_meme.txt	MA2654.1	GLYMA-05G127600	GGTCAAC	8.60e-2	1.00e0	9.27e2	407	206	206	206	2	202	98.06	196	95.15
394	data/reference/motifs/JASPAR2026_CORE_plants_non-redundant_pfms_meme.txt	MA1320.2	SPL15	TGTACGGA	3.00e-1	1.00e0	9.27e2	97	206	206	206	2	9	4.37	6	2.91
395	data/reference/motifs/JASPAR2026_CORE_plants_non-redundant_pfms_meme.txt	MA1185.2	LHY	AGATATTTT	1.06e-1	1.00e0	9.27e2	332	206	206	206	3	58	28.16	46	22.33
396	data/reference/motifs/JASPAR2026_CORE_plants_non-redundant_pfms_meme.txt	MA2024.2	MYB63	YCACCTACCAC	1.08e-1	1.00e0	9.27e2	323	206	206	206	8	5	2.43	1	0.49
397	data/reference/motifs/JASPAR2026_CORE_plants_non-redundant_pfms_meme.txt	MA0974.3	CDF3	AAAAAGTG	8.57e-2	1.00e0	9.27e2	411	206	206	206	9	74	35.92	60	29.13
398	data/reference/motifs/JASPAR2026_CORE_plants_non-redundant_pfms_meme.txt	MA1369.2	HDG1	YAATTAATGM	8.70e-2	1.00e0	9.27e2	399	206	206	206	2	186	90.29	176	85.44
399	data/reference/motifs/JASPAR2026_CORE_plants_non-redundant_pfms_meme.txt	MA1019.2	Glyma19g26560.1	GGSCCCAC	9.66e-2	1.00e0	9.27e2	365	206	206	206	4	92	44.66	78	37.86
400	data/reference/motifs/JASPAR2026_CORE_plants_non-redundant_pfms_meme.txt	MA1412.2	TSAR2	GCACGTGC	2.46e-1	1.00e0	9.27e2	144	206	206	206	6	12	5.83	8	3.88
401	data/reference/motifs/JASPAR2026_CORE_plants_non-redundant_pfms_meme.txt	MA1000.3	ERF105	RYGGCGGCGG	3.40e-1	1.00e0	9.27e2	83	206	206	206	2	14	6.80	11	5.34
402	data/reference/motifs/JASPAR2026_CORE_plants_non-redundant_pfms_meme.txt	MA2360.1	PK28565.1	TAACBGTC	8.74e-2	1.00e0	9.27e2	403	206	206	206	1	204	99.03	199	96.60
403	data/reference/motifs/JASPAR2026_CORE_plants_non-redundant_pfms_meme.txt	MA2354.1	PK06182.1	TACCTACC	1.05e-1	1.00e0	9.27e2	337	206	206	206	5	21	10.19	13	6.31
404	data/reference/motifs/JASPAR2026_CORE_plants_non-redundant_pfms_meme.txt	MA1808.3	GLYMA-06G314400	GACACGTGGC	1.81e-1	1.00e0	9.27e2	307	206	206	206	4	56	27.18	47	22.82
405	data/reference/motifs/JASPAR2026_CORE_plants_non-redundant_pfms_meme.txt	MA1811.3	GLYMA-13G317000	GGACACSTGTCA	4.21e-1	1.00e0	9.27e2	237	206	206	206	1	120	58.25	117	56.80
406	data/reference/motifs/JASPAR2026_CORE_plants_non-redundant_pfms_meme.txt	MA2671.1	GLYMA-19G100900	AGCATGCT	1.87e-1	1.00e0	9.27e2	294	206	206	206	4	99	48.06	89	43.20
407	data/reference/motifs/JASPAR2026_CORE_plants_non-redundant_pfms_meme.txt	MA2670.1	GLYMA-15G168800	CAATGATTG	2.49e-1	1.00e0	9.27e2	340	206	206	206	10	2	0.97	0	0.00
408	data/reference/motifs/JASPAR2026_CORE_plants_non-redundant_pfms_meme.txt	MA2668.1	GLYMA-20G155100	RCCGACAT	5.00e-1	1.00e0	9.27e2	272	206	206	206	3	37	17.96	36	17.48
409	data/reference/motifs/JASPAR2026_CORE_plants_non-redundant_pfms_meme.txt	MA2665.1	GLYMA-11G053600	CACCGACAC	1.61e-1	1.00e0	9.27e2	335	206	206	206	7	11	5.34	6	2.91
410	data/reference/motifs/JASPAR2026_CORE_plants_non-redundant_pfms_meme.txt	MA2662.1	GLYMA-13G153200	GCCACGTCA	5.95e-1	1.00e0	9.27e2	349	206	206	206	7	9	4.37	9	4.37
411	data/reference/motifs/JASPAR2026_CORE_plants_non-redundant_pfms_meme.txt	MA2660.1	GLYMA-12G168700	WWWTGTAATTACAWWW	5.00e-1	1.00e0	9.27e2	362	206	206	206	3	139	67.48	138	66.99
412	data/reference/motifs/JASPAR2026_CORE_plants_non-redundant_pfms_meme.txt	MA2659.1	GLYMA-08G281200	YTTGACTAATTAGGGTTWAKKGDT	9.08e-1	1.00e0	9.27e2	30	206	206	206	1	12	5.83	18	8.74
413	data/reference/motifs/JASPAR2026_CORE_plants_non-redundant_pfms_meme.txt	MA2655.1	GLYMA-08G218600	AAAAGTCAA	1.46e-1	1.00e0	9.27e2	411	206	206	206	3	201	97.57	196	95.15
414	data/reference/motifs/JASPAR2026_CORE_plants_non-redundant_pfms_meme.txt	MA2653.1	GLYMA-03G042700	GTTTGACTTT	2.82e-1	1.00e0	9.27e2	397	206	206	206	3	160	77.67	154	74.76
415	data/reference/motifs/JASPAR2026_CORE_plants_non-redundant_pfms_meme.txt	MA2652.1	GLYMA-01G053800	AGTTGAC	1.26e-1	1.00e0	9.27e2	392	206	206	206	1	199	96.60	193	93.69
416	data/reference/motifs/JASPAR2026_CORE_plants_non-redundant_pfms_meme.txt	MA2648.1	GLYMA-19G146000	AAGGTACAC	1.13e-1	1.00e0	9.27e2	391	206	206	206	3	131	63.59	118	57.28
417	data/reference/motifs/JASPAR2026_CORE_plants_non-redundant_pfms_meme.txt	MA2647.1	GLYMA-12G226000	AAGTACAA	3.54e-1	1.00e0	9.27e2	410	206	206	206	11	42	20.39	38	18.45
418	data/reference/motifs/JASPAR2026_CORE_plants_non-redundant_pfms_meme.txt	MA2646.1	GLYMA-11G083900	GTACGGA	2.93e-1	1.00e0	9.27e2	256	206	206	206	2	62	30.10	56	27.18
419	data/reference/motifs/JASPAR2026_CORE_plants_non-redundant_pfms_meme.txt	MA2644.1	GLYMA-14G030700	AACGACGGCA	2.56e-1	1.00e0	9.27e2	258	206	206	206	6	13	6.31	9	4.37
420	data/reference/motifs/JASPAR2026_CORE_plants_non-redundant_pfms_meme.txt	MA2643.1	SNAC23	YACGGAACT	2.49e-1	1.00e0	9.27e2	380	206	206	206	11	2	0.97	0	0.00
421	data/reference/motifs/JASPAR2026_CORE_plants_non-redundant_pfms_meme.txt	MA2641.1	GLYMA-01G038600	CCTTATCCA	2.49e-1	1.00e0	9.27e2	402	206	206	206	12	2	0.97	0	0.00
422	data/reference/motifs/JASPAR2026_CORE_plants_non-redundant_pfms_meme.txt	MA2640.1	GLYMA-19G062000	GTAACAGTTAC	1.58e-1	1.00e0	9.27e2	333	206	206	206	1	171	83.01	162	78.64
423	data/reference/motifs/JASPAR2026_CORE_plants_non-redundant_pfms_meme.txt	MA2745.1	SlWRKY81	AAGTCAAC	2.25e-1	1.00e0	9.27e2	403	206	206	206	11	5	2.43	2	0.97
424	data/reference/motifs/JASPAR2026_CORE_plants_non-redundant_pfms_meme.txt	MA2744.1	SlWRKY40	AAAGTCAA	2.84e-1	1.00e0	9.27e2	411	206	206	206	9	54	26.21	48	23.30
425	data/reference/motifs/JASPAR2026_CORE_plants_non-redundant_pfms_meme.txt	MA2742.1	SlWRKY11	GTTGACTTTT	3.75e-1	1.00e0	9.27e2	236	206	206	206	4	6	2.91	4	1.94
426	data/reference/motifs/JASPAR2026_CORE_plants_non-redundant_pfms_meme.txt	MA2741.1	SlWRKY7	AAAAAGTCAACC	1.42e-1	1.00e0	9.27e2	302	206	206	206	5	6	2.91	2	0.97
427	data/reference/motifs/JASPAR2026_CORE_plants_non-redundant_pfms_meme.txt	MA2740.1	SlTCP15	GTGGGACCCA	2.25e-1	1.00e0	9.27e2	270	206	206	206	9	5	2.43	2	0.97
428	data/reference/motifs/JASPAR2026_CORE_plants_non-redundant_pfms_meme.txt	MA2737.1	SlERF36	CMGCCGCCAC	2.72e-1	1.00e0	9.27e2	284	206	206	206	10	7	3.40	4	1.94
429	data/reference/motifs/JASPAR2026_CORE_plants_non-redundant_pfms_meme.txt	MA2736.1	la3	AACACGTG	1.08e-1	1.00e0	9.27e2	351	206	206	206	12	5	2.43	1	0.49
430	data/reference/motifs/JASPAR2026_CORE_plants_non-redundant_pfms_meme.txt	MA2735.1	SlbHLH014	GMCACGTGBC	2.49e-1	1.00e0	9.27e2	178	206	206	206	10	2	0.97	0	0.00
431	data/reference/motifs/JASPAR2026_CORE_plants_non-redundant_pfms_meme.txt	MA2732.1	Sl-ERF_C_4	YCGCCGCCGCCR	3.65e-1	1.00e0	9.27e2	143	206	206	206	3	20	9.71	17	8.25
432	data/reference/motifs/JASPAR2026_CORE_plants_non-redundant_pfms_meme.txt	MA2731.1	sep3	WTTTCCAAAAAGGGAAAAAAW	7.57e-1	1.00e0	9.27e2	60	206	206	206	1	28	13.59	32	15.53
433	data/reference/motifs/JASPAR2026_CORE_plants_non-redundant_pfms_meme.txt	MA2729.1	vahox1	AAATAATTG	5.00e-1	1.00e0	9.27e2	407	206	206	206	9	88	42.72	87	42.23
434	data/reference/motifs/JASPAR2026_CORE_plants_non-redundant_pfms_meme.txt	MA2727.1	SolycHsfA7	TTCYAGAA	1.24e-1	1.00e0	9.27e2	389	206	206	206	12	3	1.46	0	0.00
435	data/reference/motifs/JASPAR2026_CORE_plants_non-redundant_pfms_meme.txt	MA2726.1	SlWRKY41	GTTGACTT	6.88e-1	1.00e0	9.27e2	395	206	206	206	10	2	0.97	2	0.97
436	data/reference/motifs/JASPAR2026_CORE_plants_non-redundant_pfms_meme.txt	MA2723.1	Solyc06g060230	ACACGTCTCT	1.36e-1	1.00e0	9.27e2	384	206	206	206	2	169	82.04	159	77.18
437	data/reference/motifs/JASPAR2026_CORE_plants_non-redundant_pfms_meme.txt	MA2720.1	nacnor	ACACGTAACT	1.33e-1	1.00e0	9.27e2	374	206	206	206	5	46	22.33	36	17.48
438	data/reference/motifs/JASPAR2026_CORE_plants_non-redundant_pfms_meme.txt	MA2719.1	lat61	CRCACGTGYG	3.86e-1	1.00e0	9.27e2	74	206	206	206	4	7	3.40	5	2.43
439	data/reference/motifs/JASPAR2026_CORE_plants_non-redundant_pfms_meme.txt	MA2717.1	eil2	AGATTCR	1.86e-1	1.00e0	9.27e2	412	206	206	206	20	4	1.94	1	0.49
440	data/reference/motifs/JASPAR2026_CORE_plants_non-redundant_pfms_meme.txt	MA2716.1	dreb3	CCACCGACCA	1.26e-1	1.00e0	9.27e2	288	206	206	206	5	13	6.31	7	3.40
441	data/reference/motifs/JASPAR2026_CORE_plants_non-redundant_pfms_meme.txt	MA2715.1	Solyc03g124110	RTCTATGTCGGYWAA	5.00e-1	1.00e0	9.27e2	70	206	206	206	3	1	0.49	0	0.00
442	data/reference/motifs/JASPAR2026_CORE_plants_non-redundant_pfms_meme.txt	MA2713.1	SlDof14	CTTTTTC	1.76e-1	1.00e0	9.27e2	408	206	206	206	7	53	25.73	44	21.36
443	data/reference/motifs/JASPAR2026_CORE_plants_non-redundant_pfms_meme.txt	MA2710.1	SolycHsfB1	TTCTAGAA	4.59e-1	1.00e0	9.27e2	260	206	206	206	2	131	63.59	129	62.62
444	data/reference/motifs/JASPAR2026_CORE_plants_non-redundant_pfms_meme.txt	MA2708.1	SlDof4	AGAAAAAGTAA	1.19e-1	1.00e0	9.27e2	412	206	206	206	14	31	15.05	22	10.68
445	data/reference/motifs/JASPAR2026_CORE_plants_non-redundant_pfms_meme.txt	MA2752.1	TaOBF1b	TGCCACGTCATCATC	5.00e-1	1.00e0	9.27e2	181	206	206	206	7	1	0.49	0	0.00
446	data/reference/motifs/JASPAR2026_CORE_plants_non-redundant_pfms_meme.txt	MA2751.1	TraesCS2B02G304400	CCACTCGACC	7.51e-1	1.00e0	9.27e2	277	206	206	206	9	1	0.49	1	0.49
447	data/reference/motifs/JASPAR2026_CORE_plants_non-redundant_pfms_meme.txt	MA2750.1	TraesCS7B02G142200	TGTACGGAC	2.49e-1	1.00e0	9.27e2	296	206	206	206	9	2	0.97	0	0.00
448	data/reference/motifs/JASPAR2026_CORE_plants_non-redundant_pfms_meme.txt	MA2749.1	TraesCS2D02G576500	GAAGCAAC	1.33e-1	1.00e0	9.27e2	399	206	206	206	3	156	75.73	145	70.39
449	data/reference/motifs/JASPAR2026_CORE_plants_non-redundant_pfms_meme.txt	MA2748.1	TraesCS6B02G321100	CAATTATTG	1.42e-1	1.00e0	9.27e2	397	206	206	206	12	6	2.91	2	0.97
450	data/reference/motifs/JASPAR2026_CORE_plants_non-redundant_pfms_meme.txt	MA2747.1	TraesCS6A02G290800	CAATAATTG	1.10e-1	1.00e0	9.27e2	401	206	206	206	1	203	98.54	198	96.12
451	data/reference/motifs/JASPAR2026_CORE_plants_non-redundant_pfms_meme.txt	MA2762.1	myb53	AGTTAGGCAC	1.24e-1	1.00e0	9.27e2	324	206	206	206	3	55	26.70	44	21.36
452	data/reference/motifs/JASPAR2026_CORE_plants_non-redundant_pfms_meme.txt	MA2761.1	myb100	TRCCTAACTT	3.47e-1	1.00e0	9.27e2	401	206	206	206	6	37	17.96	33	16.02
453	data/reference/motifs/JASPAR2026_CORE_plants_non-redundant_pfms_meme.txt	MA2760.1	p2	CACCTAAC	1.90e-1	1.00e0	9.27e2	406	206	206	206	8	62	30.10	53	25.73
454	data/reference/motifs/JASPAR2026_CORE_plants_non-redundant_pfms_meme.txt	MA2757.1	pbf1	ATAAAGT	2.03e-1	1.00e0	9.27e2	412	206	206	206	22	23	11.17	17	8.25
455	data/reference/motifs/JASPAR2026_CORE_plants_non-redundant_pfms_meme.txt	MA2754.1	wrky38	CGTGGACC	4.27e-1	1.00e0	9.27e2	377	206	206	206	9	17	8.25	15	7.28
456	data/reference/motifs/JASPAR2026_CORE_plants_non-redundant_pfms_meme.txt	MA2753.1	cpp8	GAATTTGAAW	2.31e-1	1.00e0	9.27e2	411	206	206	206	7	168	81.55	161	78.16
457	data/reference/motifs/JASPAR2026_CORE_plants_non-redundant_pfms_meme.txt	MA2627.1	bzip9	CACGTCA	2.06e-1	1.00e0	9.27e2	403	206	206	206	8	51	24.76	43	20.87
458	data/reference/motifs/JASPAR2026_CORE_plants_non-redundant_pfms_meme.txt	MA2626.1	bzip40	GTGACGTGGC	1.19e-1	1.00e0	9.27e2	359	206	206	206	1	184	89.32	175	84.95
459	data/reference/motifs/JASPAR2026_CORE_plants_non-redundant_pfms_meme.txt	MA2624.1	myb37	TAACCGAA	1.17e-1	1.00e0	9.27e2	410	206	206	206	7	120	58.25	107	51.94
460	data/reference/motifs/JASPAR2026_CORE_plants_non-redundant_pfms_meme.txt	MA2621.1	glk25	TGATTCCA	1.08e-1	1.00e0	9.27e2	411	206	206	206	3	205	99.51	201	97.57
461	data/reference/motifs/JASPAR2026_CORE_plants_non-redundant_pfms_meme.txt	MA2620.1	g2	CCTTATCC	4.14e-1	1.00e0	9.27e2	408	206	206	206	12	12	5.83	10	4.85
462	data/reference/motifs/JASPAR2026_CORE_plants_non-redundant_pfms_meme.txt	MA2618.1	ereb102	CGACGGCGA	4.50e-1	1.00e0	9.27e2	253	206	206	206	3	41	19.90	39	18.93
463	data/reference/motifs/JASPAR2026_CORE_plants_non-redundant_pfms_meme.txt	MA2612.1	ereb147	ACGCCGAC	1.96e-1	1.00e0	9.27e2	300	206	206	206	5	32	15.53	25	12.14
464	data/reference/motifs/JASPAR2026_CORE_plants_non-redundant_pfms_meme.txt	MA2607.1	tcptf23	GGGACCAC	1.75e-1	1.00e0	9.27e2	337	206	206	206	2	140	67.96	130	63.11
465	data/reference/motifs/JASPAR2026_CORE_plants_non-redundant_pfms_meme.txt	MA2606.1	mybr43	CCTTATCC	4.16e-1	1.00e0	9.27e2	408	206	206	206	7	66	32.04	63	30.58
466	data/reference/motifs/JASPAR2026_CORE_plants_non-redundant_pfms_meme.txt	MA2605.1	mybr26	CCTTATCC	3.75e-1	1.00e0	9.27e2	408	206	206	206	13	6	2.91	4	1.94
467	data/reference/motifs/JASPAR2026_CORE_plants_non-redundant_pfms_meme.txt	MA2604.1	dof22	ACTTTTAC	4.60e-1	1.00e0	9.27e2	412	206	206	206	14	121	58.74	119	57.77
468	data/reference/motifs/JASPAR2026_CORE_plants_non-redundant_pfms_meme.txt	MA2501.1	G1	TTACTGTA	8.87e-2	1.00e0	9.27e2	411	206	206	206	6	159	77.18	146	70.87
469	data/reference/motifs/JASPAR2026_CORE_plants_non-redundant_pfms_meme.txt	MA1776.3	MYB67	TACCTAACA	1.42e-1	1.00e0	9.27e2	397	206	206	206	11	6	2.91	2	0.97
470	data/reference/motifs/JASPAR2026_CORE_plants_non-redundant_pfms_meme.txt	MA2638.1	FUL::SEP3	TTWCTATTTATAGTAA	3.83e-1	1.00e0	9.27e2	224	206	206	206	1	114	55.34	110	53.40
471	data/reference/motifs/JASPAR2026_CORE_plants_non-redundant_pfms_meme.txt	MA2637.1	FUL::AG::SEP3	WTWCCAWAAATAGAAA	2.07e-1	1.00e0	9.27e2	392	206	206	206	4	81	39.32	72	34.95
472	data/reference/motifs/JASPAR2026_CORE_plants_non-redundant_pfms_meme.txt	MA2636.1	FUL::AG	WCTTTCCATTTTTRGAAA	6.16e-1	1.00e0	9.27e2	214	206	206	206	1	106	51.46	108	52.43
473	data/reference/motifs/JASPAR2026_CORE_plants_non-redundant_pfms_meme.txt	MA2635.1	FUL	TTWCCAWAAATAGAAA	6.89e-1	1.00e0	9.27e2	307	206	206	206	2	96	46.60	100	48.54
474	data/reference/motifs/JASPAR2026_CORE_plants_non-redundant_pfms_meme.txt	MA2634.1	EIN3	AGATTCATTGAATCT	2.34e-1	1.00e0	9.27e2	200	206	206	206	4	19	9.22	14	6.80
475	data/reference/motifs/JASPAR2026_CORE_plants_non-redundant_pfms_meme.txt	MA2505.1	bZIP59	TGACAGCTGTCA	1.58e-1	1.00e0	9.27e2	243	206	206	206	2	127	61.65	116	56.31
476	data/reference/motifs/JASPAR2026_CORE_plants_non-redundant_pfms_meme.txt	MA1355.2	TRB2	WARCCCTAAWT	5.65e-1	1.00e0	9.27e2	158	206	206	206	2	21	10.19	21	10.19
477	data/reference/motifs/JASPAR2026_CORE_plants_non-redundant_pfms_meme.txt	MA1353.2	AT1G72740	RWTTAGGGTTT	1.96e-1	1.00e0	9.27e2	208	206	206	206	3	14	6.80	9	4.37
478	data/reference/motifs/JASPAR2026_CORE_plants_non-redundant_pfms_meme.txt	MA1742.2	BIZP18	TGMCAGCTGK	3.03e-1	1.00e0	9.27e2	216	206	206	206	2	39	18.93	34	16.50
479	data/reference/motifs/JASPAR2026_CORE_plants_non-redundant_pfms_meme.txt	MA1672.2	GBF2	SACGTGGCA	2.34e-1	1.00e0	9.27e2	379	206	206	206	1	192	93.20	187	90.78
480	data/reference/motifs/JASPAR2026_CORE_plants_non-redundant_pfms_meme.txt	MA2476.1	KNAT7	TGACRKCT	1.79e-1	1.00e0	9.27e2	286	206	206	206	4	19	9.22	13	6.31
481	data/reference/motifs/JASPAR2026_CORE_plants_non-redundant_pfms_meme.txt	MA2474.1	HMGB10	TWATAA	4.14e-1	1.00e0	9.27e2	399	206	206	206	5	148	71.84	145	70.39
482	data/reference/motifs/JASPAR2026_CORE_plants_non-redundant_pfms_meme.txt	MA2472.1	AT3G12910	YGSCGTVRWDDHBACGK	7.49e-1	1.00e0	9.27e2	50	206	206	206	2	4	1.94	5	2.43
483	data/reference/motifs/JASPAR2026_CORE_plants_non-redundant_pfms_meme.txt	MA2344.1	REV	AATMATCATTATTA	1.08e-1	1.00e0	9.27e2	387	206	206	206	1	197	95.63	190	92.23
484	data/reference/motifs/JASPAR2026_CORE_plants_non-redundant_pfms_meme.txt	MA2461.1	WOX13	TTGATTGA	9.43e-2	1.00e0	9.27e2	411	206	206	206	13	32	15.53	22	10.68
485	data/reference/motifs/JASPAR2026_CORE_plants_non-redundant_pfms_meme.txt	MA2460.1	MGH6.1	YGSCGTVRWDDHBACGK	7.49e-1	1.00e0	9.27e2	50	206	206	206	2	4	1.94	5	2.43
486	data/reference/motifs/JASPAR2026_CORE_plants_non-redundant_pfms_meme.txt	MA2459.1	EDF3	RCAACAKA	3.34e-1	1.00e0	9.27e2	297	206	206	206	4	13	6.31	10	4.85
487	data/reference/motifs/JASPAR2026_CORE_plants_non-redundant_pfms_meme.txt	MA1205.1	AGL6	TTWCCAAAAAWGGAAAAWW	5.00e-1	1.00e0	9.27e2	191	206	206	206	1	96	46.60	95	46.12
488	data/reference/motifs/JASPAR2026_CORE_plants_non-redundant_pfms_meme.txt	MA1204.1	AGL13	TTWCCAAAAAWRGWAAAW	4.18e-1	1.00e0	9.27e2	141	206	206	206	1	72	34.95	69	33.50
489	data/reference/motifs/JASPAR2026_CORE_plants_non-redundant_pfms_meme.txt	MA1203.1	AGL63	TKCCAAAAATGGMAA	2.40e-1	1.00e0	9.27e2	229	206	206	206	3	20	9.71	15	7.28
490	data/reference/motifs/JASPAR2026_CORE_plants_non-redundant_pfms_meme.txt	MA1188.1	At3g11280	AWYCTTATCTTHWY	1.56e-1	1.00e0	9.27e2	400	206	206	206	5	86	41.75	75	36.41
491	data/reference/motifs/JASPAR2026_CORE_plants_non-redundant_pfms_meme.txt	MA1169.1	MYB105	WTHDWWACCGTTA	6.45e-1	1.00e0	9.27e2	225	206	206	206	3	15	7.28	16	7.77
492	data/reference/motifs/JASPAR2026_CORE_plants_non-redundant_pfms_meme.txt	MA1042.1	MYB59	RTTAGGTA	3.84e-1	1.00e0	9.27e2	411	206	206	206	13	28	13.59	25	12.14
493	data/reference/motifs/JASPAR2026_CORE_plants_non-redundant_pfms_meme.txt	MA1040.1	MYB46	GKTAGGTR	1.33e-1	1.00e0	9.27e2	385	206	206	206	6	46	22.33	36	17.48
494	data/reference/motifs/JASPAR2026_CORE_plants_non-redundant_pfms_meme.txt	MA1039.1	MYB4	GGTWGGTR	1.86e-1	1.00e0	9.27e2	412	206	206	206	10	59	28.64	50	24.27
495	data/reference/motifs/JASPAR2026_CORE_plants_non-redundant_pfms_meme.txt	MA1036.1	MYB111	GKTAGGTR	2.11e-1	1.00e0	9.27e2	403	206	206	206	6	88	42.72	79	38.35
496	data/reference/motifs/JASPAR2026_CORE_plants_non-redundant_pfms_meme.txt	MA1012.1	AGL27	CTTTCYATTTTKGG	5.00e-1	1.00e0	9.27e2	244	206	206	206	5	1	0.49	0	0.00
497	data/reference/motifs/JASPAR2026_CORE_plants_non-redundant_pfms_meme.txt	MA0578.1	SPL8	WWDWHYGTACHHTWWW	1.85e-1	1.00e0	9.27e2	248	206	206	206	2	93	45.15	83	40.29
498	data/reference/motifs/JASPAR2026_CORE_plants_non-redundant_pfms_meme.txt	MA0955.2	POPTR_0002s00440g	GTACGG	1.01e-1	1.00e0	9.27e2	412	206	206	206	21	11	5.34	5	2.43
499	data/reference/motifs/JASPAR2026_CORE_plants_non-redundant_pfms_meme.txt	MA0054.1	myb.Ph3	TAACBGTTW	5.75e-1	1.00e0	9.27e2	412	206	206	206	9	191	92.72	191	92.72
500	data/reference/motifs/JASPAR2026_CORE_plants_non-redundant_pfms_meme.txt	MA2482.1	PK27693.1	TTATC	1.32e-1	1.00e0	9.27e2	412	206	206	206	57	26	12.62	18	8.74
501	data/reference/motifs/JASPAR2026_CORE_plants_non-redundant_pfms_meme.txt	MA2481.1	PK12011.1	AACGG	2.49e-1	1.00e0	9.27e2	412	206	206	206	3	206	100.00	204	99.03
502	data/reference/motifs/JASPAR2026_CORE_plants_non-redundant_pfms_meme.txt	MA2039.2	ASIL2	CTCCGGCGA	2.29e-1	1.00e0	9.27e2	179	206	206	206	2	44	21.36	37	17.96
503	data/reference/motifs/JASPAR2026_CORE_plants_non-redundant_pfms_meme.txt	MA1662.2	AT3G10030	TTAACAGA	1.61e-1	1.00e0	9.27e2	408	206	206	206	4	154	74.76	144	69.90
504	data/reference/motifs/JASPAR2026_CORE_plants_non-redundant_pfms_meme.txt	MA1661.2	GTL1	GGTTAAAA	4.25e-1	1.00e0	9.27e2	412	206	206	206	4	192	93.20	190	92.23
505	data/reference/motifs/JASPAR2026_CORE_plants_non-redundant_pfms_meme.txt	MA1366.2	DF1	RGTAAAAA	6.12e-1	1.00e0	9.27e2	412	206	206	206	4	177	85.92	178	86.41
506	data/reference/motifs/JASPAR2026_CORE_plants_non-redundant_pfms_meme.txt	MA1365.3	AT5G47660	GGTAAAA	1.37e-1	1.00e0	9.27e2	409	206	206	206	10	14	6.80	8	3.88
507	data/reference/motifs/JASPAR2026_CORE_plants_non-redundant_pfms_meme.txt	MA1208.2	GT-2	WTTTTTACCGY	1.71e-1	1.00e0	9.27e2	410	206	206	206	9	36	17.48	28	13.59
508	data/reference/motifs/JASPAR2026_CORE_plants_non-redundant_pfms_meme.txt	MA2032.2	TRB1	AAACCCTAA	5.00e-1	1.00e0	9.27e2	398	206	206	206	9	10	4.85	9	4.37
509	data/reference/motifs/JASPAR2026_CORE_plants_non-redundant_pfms_meme.txt	MA2031.2	AT5G04760	CTTATCY	2.49e-1	1.00e0	9.27e2	412	206	206	206	17	2	0.97	0	0.00
510	data/reference/motifs/JASPAR2026_CORE_plants_non-redundant_pfms_meme.txt	MA1825.2	Zm00001d044409	CTTATC	8.26e-1	1.00e0	9.27e2	412	206	206	206	15	8	3.88	11	5.34
511	data/reference/motifs/JASPAR2026_CORE_plants_non-redundant_pfms_meme.txt	MA1812.2	ASR1	AGGCCCAAT	1.97e-1	1.00e0	9.27e2	252	206	206	206	4	22	10.68	16	7.77
512	data/reference/motifs/JASPAR2026_CORE_plants_non-redundant_pfms_meme.txt	MA1802.2	TRP5	WAAACCY	1.54e-1	1.00e0	9.27e2	412	206	206	206	38	42	20.39	33	16.02
513	data/reference/motifs/JASPAR2026_CORE_plants_non-redundant_pfms_meme.txt	MA1408.2	FaEOBII	GTTAGGTA	1.46e-1	1.00e0	9.27e2	411	206	206	206	13	39	18.93	30	14.56
514	data/reference/motifs/JASPAR2026_CORE_plants_non-redundant_pfms_meme.txt	MA1401.2	RVE7	AAAATATCT	2.54e-1	1.00e0	9.27e2	198	206	206	206	2	37	17.96	31	15.05
515	data/reference/motifs/JASPAR2026_CORE_plants_non-redundant_pfms_meme.txt	MA1400.2	AT1G19000	WWWTGGATAAGRW	7.49e-1	1.00e0	9.27e2	317	206	206	206	6	4	1.94	5	2.43
516	data/reference/motifs/JASPAR2026_CORE_plants_non-redundant_pfms_meme.txt	MA1398.3	KUA1	CTTATCCA	1.59e-1	1.00e0	9.27e2	411	206	206	206	8	91	44.17	80	38.83
517	data/reference/motifs/JASPAR2026_CORE_plants_non-redundant_pfms_meme.txt	MA1397.2	AT1G74840	WWTGGATAA	5.00e-1	1.00e0	9.27e2	397	206	206	206	9	3	1.46	2	0.97
518	data/reference/motifs/JASPAR2026_CORE_plants_non-redundant_pfms_meme.txt	MA1195.2	AT5G56840	AAYCTTATCCAWWW	1.92e-1	1.00e0	9.27e2	376	206	206	206	1	191	92.72	185	89.81
519	data/reference/motifs/JASPAR2026_CORE_plants_non-redundant_pfms_meme.txt	MA1194.2	AT3G10580	DWDWRGATAAGVWT	4.05e-1	1.00e0	9.27e2	394	206	206	206	1	198	96.12	196	95.15
520	data/reference/motifs/JASPAR2026_CORE_plants_non-redundant_pfms_meme.txt	MA1193.2	AT2G38090	WDWGGATAAGDAT	1.63e-1	1.00e0	9.27e2	381	206	206	206	2	152	73.79	142	68.93
521	data/reference/motifs/JASPAR2026_CORE_plants_non-redundant_pfms_meme.txt	MA1192.2	DIV1	WRGATAAGRTT	5.00e-1	1.00e0	9.27e2	373	206	206	206	9	2	0.97	1	0.49
522	data/reference/motifs/JASPAR2026_CORE_plants_non-redundant_pfms_meme.txt	MA1191.2	RVE7L	AAAATATCT	3.58e-1	1.00e0	9.27e2	313	206	206	206	3	45	21.84	41	19.90
523	data/reference/motifs/JASPAR2026_CORE_plants_non-redundant_pfms_meme.txt	MA1189.2	AT5G61620	WWWTGGATAAGRWW	3.93e-1	1.00e0	9.27e2	397	206	206	206	8	8	3.88	6	2.91
524	data/reference/motifs/JASPAR2026_CORE_plants_non-redundant_pfms_meme.txt	MA1186.2	YAB4	AWYCTTATCYW	2.51e-1	1.00e0	9.27e2	403	206	206	206	11	6	2.91	3	1.46
525	data/reference/motifs/JASPAR2026_CORE_plants_non-redundant_pfms_meme.txt	MA0579.2	CDC5	GCTCAGCGC	6.88e-1	1.00e0	9.27e2	256	206	206	206	6	2	0.97	2	0.97
526	data/reference/motifs/JASPAR2026_CORE_plants_non-redundant_pfms_meme.txt	MA2042.2	MYB58	CCACCAACC	1.37e-1	1.00e0	9.27e2	395	206	206	206	11	14	6.80	8	3.88
527	data/reference/motifs/JASPAR2026_CORE_plants_non-redundant_pfms_meme.txt	MA2041.2	MYB13	YCACCAACCA	1.26e-1	1.00e0	9.27e2	381	206	206	206	10	13	6.31	7	3.40
528	data/reference/motifs/JASPAR2026_CORE_plants_non-redundant_pfms_meme.txt	MA2029.2	MYB88	ACGCTCCTC	2.29e-1	1.00e0	9.27e2	204	206	206	206	2	44	21.36	37	17.96
529	data/reference/motifs/JASPAR2026_CORE_plants_non-redundant_pfms_meme.txt	MA2028.2	MYB49	TTACCTAACTW	3.31e-1	1.00e0	9.27e2	387	206	206	206	5	61	29.61	56	27.18
530	data/reference/motifs/JASPAR2026_CORE_plants_non-redundant_pfms_meme.txt	MA2027.2	MYB44	HAACGGTCA	8.35e-1	1.00e0	9.27e2	327	206	206	206	1	160	77.67	167	81.07
531	data/reference/motifs/JASPAR2026_CORE_plants_non-redundant_pfms_meme.txt	MA2026.2	MYB108	TACCTAACTT	3.43e-1	1.00e0	9.27e2	372	206	206	206	8	4	1.94	2	0.97
532	data/reference/motifs/JASPAR2026_CORE_plants_non-redundant_pfms_meme.txt	MA2025.2	MYB93	TACCAAAC	1.42e-1	1.00e0	9.27e2	411	206	206	206	17	6	2.91	2	0.97
533	data/reference/motifs/JASPAR2026_CORE_plants_non-redundant_pfms_meme.txt	MA2008.2	MYB99	CACCTAMY	2.87e-1	1.00e0	9.27e2	306	206	206	206	1	156	75.73	150	72.82
534	data/reference/motifs/JASPAR2026_CORE_plants_non-redundant_pfms_meme.txt	MA1829.2	Zm00001d035604	ACCTAAC	1.41e-1	1.00e0	9.27e2	411	206	206	206	16	28	13.59	20	9.71
535	data/reference/motifs/JASPAR2026_CORE_plants_non-redundant_pfms_meme.txt	MA1781.2	MYB94	CCAACYACYW	3.33e-1	1.00e0	9.27e2	373	206	206	206	2	147	71.36	142	68.93
536	data/reference/motifs/JASPAR2026_CORE_plants_non-redundant_pfms_meme.txt	MA1780.2	MYB92	ACCTAAC	4.50e-1	1.00e0	9.27e2	389	206	206	206	2	167	81.07	165	80.10
537	data/reference/motifs/JASPAR2026_CORE_plants_non-redundant_pfms_meme.txt	MA1779.2	MYB83	CACCAACM	1.18e-1	1.00e0	9.27e2	410	206	206	206	8	104	50.49	91	44.17
538	data/reference/motifs/JASPAR2026_CORE_plants_non-redundant_pfms_meme.txt	MA1778.2	MYB80	TYYACCTAMYTW	1.16e-1	1.00e0	9.27e2	397	206	206	206	7	30	14.56	21	10.19
539	data/reference/motifs/JASPAR2026_CORE_plants_non-redundant_pfms_meme.txt	MA1775.2	MYB61	YACCWACC	2.03e-1	1.00e0	9.27e2	378	206	206	206	5	34	16.50	27	13.11
540	data/reference/motifs/JASPAR2026_CORE_plants_non-redundant_pfms_meme.txt	MA1774.2	MYB60	YCAACYACYT	1.21e-1	1.00e0	9.27e2	363	206	206	206	4	70	33.98	58	28.16
541	data/reference/motifs/JASPAR2026_CORE_plants_non-redundant_pfms_meme.txt	MA1773.2	MYB51	YYYACCWACYW	3.75e-1	1.00e0	9.27e2	350	206	206	206	7	6	2.91	4	1.94
542	data/reference/motifs/JASPAR2026_CORE_plants_non-redundant_pfms_meme.txt	MA1772.2	MYB43	YTYACCWAMCWT	1.86e-1	1.00e0	9.27e2	274	206	206	206	5	4	1.94	1	0.49
543	data/reference/motifs/JASPAR2026_CORE_plants_non-redundant_pfms_meme.txt	MA1771.2	MYB41	TYACCTAMYT	6.05e-1	1.00e0	9.27e2	381	206	206	206	6	33	16.02	34	16.50
544	data/reference/motifs/JASPAR2026_CORE_plants_non-redundant_pfms_meme.txt	MA1770.2	MYB40	YTYACCWAMY	1.69e-1	1.00e0	9.27e2	323	206	206	206	6	7	3.40	3	1.46
545	data/reference/motifs/JASPAR2026_CORE_plants_non-redundant_pfms_meme.txt	MA1769.2	MYB39	YYCACCTAMYTT	3.05e-1	1.00e0	9.27e2	354	206	206	206	4	40	19.42	35	16.99
546	data/reference/motifs/JASPAR2026_CORE_plants_non-redundant_pfms_meme.txt	MA1767.2	MYB23	CAACWA	1.44e-1	1.00e0	9.27e2	406	206	206	206	9	21	10.19	14	6.80
547	data/reference/motifs/JASPAR2026_CORE_plants_non-redundant_pfms_meme.txt	MA1764.2	MYB116	TGCCTAACTT	2.23e-1	1.00e0	9.27e2	188	206	206	206	3	10	4.85	6	2.91
548	data/reference/motifs/JASPAR2026_CORE_plants_non-redundant_pfms_meme.txt	MA1394.3	MYB73	AACGGTCA	7.41e-1	1.00e0	9.27e2	371	206	206	206	2	142	68.93	147	71.36
549	data/reference/motifs/JASPAR2026_CORE_plants_non-redundant_pfms_meme.txt	MA1393.3	MYB70	AACCGTT	5.00e-1	1.00e0	9.27e2	393	206	206	206	1	197	95.63	196	95.15
550	data/reference/motifs/JASPAR2026_CORE_plants_non-redundant_pfms_meme.txt	MA1392.3	MYB98	WMCGTTAC	2.56e-1	1.00e0	9.27e2	342	206	206	206	5	13	6.31	9	4.37
551	data/reference/motifs/JASPAR2026_CORE_plants_non-redundant_pfms_meme.txt	MA1391.3	MYB33	ATAACCGTAW	1.56e-1	1.00e0	9.27e2	386	206	206	206	1	196	95.15	190	92.23
552	data/reference/motifs/JASPAR2026_CORE_plants_non-redundant_pfms_meme.txt	MA1294.2	MYB62	WAGTTAGGY	6.41e-1	1.00e0	9.27e2	379	206	206	206	1	189	91.75	190	92.23
553	data/reference/motifs/JASPAR2026_CORE_plants_non-redundant_pfms_meme.txt	MA1293.2	MYB57	TACCTAACTT	5.00e-1	1.00e0	9.27e2	95	206	206	206	3	2	0.97	1	0.49
554	data/reference/motifs/JASPAR2026_CORE_plants_non-redundant_pfms_meme.txt	MA1181.2	MYB113	AKTYMGTTAT	1.56e-1	1.00e0	9.27e2	404	206	206	206	2	190	92.23	183	88.83
555	data/reference/motifs/JASPAR2026_CORE_plants_non-redundant_pfms_meme.txt	MA1180.2	MYB3R4	WWWTRACCGTTR	5.00e-1	1.00e0	9.27e2	168	206	206	206	8	1	0.49	0	0.00
556	data/reference/motifs/JASPAR2026_CORE_plants_non-redundant_pfms_meme.txt	MA1178.3	MYB3R1	TAACGGTC	5.66e-1	1.00e0	9.27e2	372	206	206	206	1	186	90.29	186	90.29
557	data/reference/motifs/JASPAR2026_CORE_plants_non-redundant_pfms_meme.txt	MA1177.2	MYB65	TAACCGHM	1.24e-1	1.00e0	9.27e2	409	206	206	206	1	206	100.00	203	98.54
558	data/reference/motifs/JASPAR2026_CORE_plants_non-redundant_pfms_meme.txt	MA1176.2	MYB119	RWCCGTTACA	7.51e-1	1.00e0	9.27e2	285	206	206	206	6	1	0.49	1	0.49
559	data/reference/motifs/JASPAR2026_CORE_plants_non-redundant_pfms_meme.txt	MA1174.2	MYB56	ATAACGGWHW	1.24e-1	1.00e0	9.27e2	385	206	206	206	10	3	1.46	0	0.00
560	data/reference/motifs/JASPAR2026_CORE_plants_non-redundant_pfms_meme.txt	MA1172.2	MYB3R5	AAWWDTDACCGTTR	5.00e-1	1.00e0	9.27e2	153	206	206	206	7	1	0.49	0	0.00
561	data/reference/motifs/JASPAR2026_CORE_plants_non-redundant_pfms_meme.txt	MA1171.2	MYB52	ACCGTTA	6.90e-1	1.00e0	9.27e2	182	206	206	206	1	89	43.20	93	45.15
562	data/reference/motifs/JASPAR2026_CORE_plants_non-redundant_pfms_meme.txt	MA1170.2	MYB118	RWCCGTTACRWW	6.18e-1	1.00e0	9.27e2	172	206	206	206	1	85	41.26	87	42.23
563	data/reference/motifs/JASPAR2026_CORE_plants_non-redundant_pfms_meme.txt	MA1038.2	MYB3	GGTAGGTA	2.25e-1	1.00e0	9.27e2	324	206	206	206	4	28	13.59	22	10.68
564	data/reference/motifs/JASPAR2026_CORE_plants_non-redundant_pfms_meme.txt	MA1037.2	MYB24	GTTAGGY	2.85e-1	1.00e0	9.27e2	412	206	206	206	14	193	93.69	189	91.75
565	data/reference/motifs/JASPAR2026_CORE_plants_non-redundant_pfms_meme.txt	MA1030.2	P0510F09.23	WRMCCTA	1.42e-1	1.00e0	9.27e2	412	206	206	206	24	6	2.91	2	0.97
566	data/reference/motifs/JASPAR2026_CORE_plants_non-redundant_pfms_meme.txt	MA0575.2	MYB77	GACRGTTAS	2.26e-1	1.00e0	9.27e2	258	206	206	206	2	66	32.04	58	28.16
567	data/reference/motifs/JASPAR2026_CORE_plants_non-redundant_pfms_meme.txt	MA1735.2	AT2G38300	AAHATTCYHT	2.70e-1	1.00e0	9.27e2	407	206	206	206	4	134	65.05	127	61.65
568	data/reference/motifs/JASPAR2026_CORE_plants_non-redundant_pfms_meme.txt	MA1706.2	AT1G14600	WAYATTCT	1.14e-1	1.00e0	9.27e2	412	206	206	206	47	12	5.83	6	2.91
569	data/reference/motifs/JASPAR2026_CORE_plants_non-redundant_pfms_meme.txt	MA1390.3	HHO2	AAGATTCC	1.13e-1	1.00e0	9.27e2	407	206	206	206	4	155	75.24	143	69.42
570	data/reference/motifs/JASPAR2026_CORE_plants_non-redundant_pfms_meme.txt	MA1387.2	HRS1	ATCRAAGATTCY	2.92e-1	1.00e0	9.27e2	349	206	206	206	1	177	85.92	172	83.50
571	data/reference/motifs/JASPAR2026_CORE_plants_non-redundant_pfms_meme.txt	MA1386.3	HHO3	AAGATTCT	1.84e-1	1.00e0	9.27e2	397	206	206	206	5	91	44.17	81	39.32
572	data/reference/motifs/JASPAR2026_CORE_plants_non-redundant_pfms_meme.txt	MA1383.2	KAN2	AATATTCTTT	1.60e-1	1.00e0	9.27e2	383	206	206	206	4	94	45.63	83	40.29
573	data/reference/motifs/JASPAR2026_CORE_plants_non-redundant_pfms_meme.txt	MA1167.2	EFM	RGAATATTC	2.45e-1	1.00e0	9.27e2	334	206	206	206	2	113	54.85	105	50.97
574	data/reference/motifs/JASPAR2026_CORE_plants_non-redundant_pfms_meme.txt	MA1165.3	HHO6	AGATTCT	9.73e-2	1.00e0	9.27e2	409	206	206	206	5	126	61.17	112	54.37
575	data/reference/motifs/JASPAR2026_CORE_plants_non-redundant_pfms_meme.txt	MA1164.2	HHO5	RAAGATTC	1.46e-1	1.00e0	9.27e2	369	206	206	206	5	39	18.93	30	14.56
576	data/reference/motifs/JASPAR2026_CORE_plants_non-redundant_pfms_meme.txt	MA1027.2	KAN1	WTATTC	1.08e-1	1.00e0	9.27e2	412	206	206	206	78	5	2.43	1	0.49
577	data/reference/motifs/JASPAR2026_CORE_plants_non-redundant_pfms_meme.txt	MA0948.2	ARR18	AGATACG	2.21e-1	1.00e0	9.27e2	411	206	206	206	19	27	13.11	21	10.19
578	data/reference/motifs/JASPAR2026_CORE_plants_non-redundant_pfms_meme.txt	MA1794.2	NLP7	TGVCYYTT	1.01e-1	1.00e0	9.27e2	412	206	206	206	3	201	97.57	195	94.66
579	data/reference/motifs/JASPAR2026_CORE_plants_non-redundant_pfms_meme.txt	MA2022.2	LOB	CCGCCGCCGCMGC	5.00e-1	1.00e0	9.27e2	91	206	206	206	9	2	0.97	1	0.49
580	data/reference/motifs/JASPAR2026_CORE_plants_non-redundant_pfms_meme.txt	MA2021.2	LBD13	TCCACCGT	2.84e-1	1.00e0	9.27e2	382	206	206	206	7	31	15.05	26	12.62
581	data/reference/motifs/JASPAR2026_CORE_plants_non-redundant_pfms_meme.txt	MA1277.2	DOF1.7	AAAAAGTARAA	1.07e-1	1.00e0	9.27e2	410	206	206	206	14	46	22.33	35	16.99
582	data/reference/motifs/JASPAR2026_CORE_plants_non-redundant_pfms_meme.txt	MA1276.2	DOF3.5	AWAAAGK	9.34e-2	1.00e0	9.27e2	406	206	206	206	8	40	19.42	29	14.08
583	data/reference/motifs/JASPAR2026_CORE_plants_non-redundant_pfms_meme.txt	MA1275.2	DOF1.6	AWAAAGTR	1.33e-1	1.00e0	9.27e2	411	206	206	206	7	133	64.56	121	58.74
584	data/reference/motifs/JASPAR2026_CORE_plants_non-redundant_pfms_meme.txt	MA1272.3	DOF2.2	AAAAAG	1.38e-1	1.00e0	9.27e2	399	206	206	206	3	152	73.79	141	68.45
585	data/reference/motifs/JASPAR2026_CORE_plants_non-redundant_pfms_meme.txt	MA1270.2	DOF3.2	TWACTTTTTNNYTTTT	1.74e-1	1.00e0	9.27e2	405	206	206	206	11	12	5.83	7	3.40
586	data/reference/motifs/JASPAR2026_CORE_plants_non-redundant_pfms_meme.txt	MA1269.2	DOF4.5	AWAAAGTWRCTTT	1.85e-1	1.00e0	9.27e2	410	206	206	206	6	93	45.15	83	40.29
587	data/reference/motifs/JASPAR2026_CORE_plants_non-redundant_pfms_meme.txt	MA1268.2	CDF5	TTYACTTTTTYTTTTTTTTTT	1.69e-1	1.00e0	9.27e2	396	206	206	206	15	7	3.40	3	1.46
588	data/reference/motifs/JASPAR2026_CORE_plants_non-redundant_pfms_meme.txt	MA1071.2	DOF5.3	AAMG	1.86e-1	1.00e0	9.27e2	412	206	206	206	173	4	1.94	1	0.49
589	data/reference/motifs/JASPAR2026_CORE_plants_non-redundant_pfms_meme.txt	MA1022.2	PHYPADRAFT_38837	AAAG	3.00e-1	1.00e0	9.27e2	412	206	206	206	61	200	97.09	197	95.63
590	data/reference/motifs/JASPAR2026_CORE_plants_non-redundant_pfms_meme.txt	MA0989.2	PHYPADRAFT_153324	WAAAG	1.08e-1	1.00e0	9.27e2	412	206	206	206	135	5	2.43	1	0.49
591	data/reference/motifs/JASPAR2026_CORE_plants_non-redundant_pfms_meme.txt	MA0987.2	PHYPADRAFT_140773	AAAG	2.25e-1	1.00e0	9.27e2	412	206	206	206	53	204	99.03	201	97.57
592	data/reference/motifs/JASPAR2026_CORE_plants_non-redundant_pfms_meme.txt	MA0983.2	DOF5.6	AAMG	1.73e-1	1.00e0	9.27e2	412	206	206	206	44	73	35.44	63	30.58
593	data/reference/motifs/JASPAR2026_CORE_plants_non-redundant_pfms_meme.txt	MA0982.2	DOF2.4	AAAG	1.46e-1	1.00e0	9.27e2	412	206	206	206	81	197	95.63	191	92.72
594	data/reference/motifs/JASPAR2026_CORE_plants_non-redundant_pfms_meme.txt	MA0981.2	DOF1.8	AAAG	3.00e-1	1.00e0	9.27e2	412	206	206	206	61	200	97.09	197	95.63
595	data/reference/motifs/JASPAR2026_CORE_plants_non-redundant_pfms_meme.txt	MA0973.2	CDF2	AAAAAGY	2.49e-1	1.00e0	9.27e2	412	206	206	206	9	206	100.00	204	99.03
596	data/reference/motifs/JASPAR2026_CORE_plants_non-redundant_pfms_meme.txt	MA1396.2	GATA6	AGATCTAGAT	3.84e-1	1.00e0	9.27e2	194	206	206	206	1	99	48.06	95	46.12
597	data/reference/motifs/JASPAR2026_CORE_plants_non-redundant_pfms_meme.txt	MA1325.2	GATA14	TAGATCTR	2.74e-1	1.00e0	9.27e2	324	206	206	206	1	165	80.10	159	77.18
598	data/reference/motifs/JASPAR2026_CORE_plants_non-redundant_pfms_meme.txt	MA1323.2	GATA19	GATCBGATY	1.05e-1	1.00e0	9.27e2	355	206	206	206	4	45	21.84	34	16.50
599	data/reference/motifs/JASPAR2026_CORE_plants_non-redundant_pfms_meme.txt	MA1018.2	GATA9	AGATCT	1.38e-1	1.00e0	9.27e2	339	206	206	206	2	121	58.74	109	52.91
600	data/reference/motifs/JASPAR2026_CORE_plants_non-redundant_pfms_meme.txt	MA1015.2	GATA12	AGATCT	1.08e-1	1.00e0	9.27e2	412	206	206	206	82	5	2.43	1	0.49
601	data/reference/motifs/JASPAR2026_CORE_plants_non-redundant_pfms_meme.txt	MA1814.2	RIN	CTATTTTTGG	1.24e-1	1.00e0	9.27e2	411	206	206	206	20	3	1.46	0	0.00
602	data/reference/motifs/JASPAR2026_CORE_plants_non-redundant_pfms_meme.txt	MA0585.2	AGL1	TTDCCWWWWWDGGWAA	1.61e-1	1.00e0	9.27e2	363	206	206	206	3	118	57.28	107	51.94
603	data/reference/motifs/JASPAR2026_CORE_plants_non-redundant_pfms_meme.txt	MA0584.2	SEP1	CCAWAWWTRGWAA	3.27e-1	1.00e0	9.27e2	305	206	206	206	1	155	75.24	150	72.82
604	data/reference/motifs/JASPAR2026_CORE_plants_non-redundant_pfms_meme.txt	MA0558.2	FLC	CCMAAAATRGAAAG	1.88e-1	1.00e0	9.27e2	382	206	206	206	3	108	52.43	98	47.57
605	data/reference/motifs/JASPAR2026_CORE_plants_non-redundant_pfms_meme.txt	MA0555.2	SVP	WWWCCAAAAAWGGAAA	2.15e-1	1.00e0	9.27e2	330	206	206	206	2	106	51.46	97	47.09
606	data/reference/motifs/JASPAR2026_CORE_plants_non-redundant_pfms_meme.txt	MA0548.3	AGL15	TTTCCWTTTTDGGWAA	2.15e-1	1.00e0	9.27e2	205	206	206	206	1	107	51.94	98	47.57
607	data/reference/motifs/JASPAR2026_CORE_plants_non-redundant_pfms_meme.txt	MA0005.3	AG	TTWCCWAAWHDGGHAA	3.59e-1	1.00e0	9.27e2	324	206	206	206	1	164	79.61	160	77.67
608	data/reference/motifs/JASPAR2026_CORE_plants_non-redundant_pfms_meme.txt	MA0001.3	AGL3	CCAWWWATAG	4.14e-1	1.00e0	9.27e2	409	206	206	206	8	60	29.13	57	27.67
609	data/reference/motifs/JASPAR2026_CORE_plants_non-redundant_pfms_meme.txt	MA1807.2	ZHD10	TAATTART	4.29e-1	1.00e0	9.27e2	378	206	206	206	1	190	92.23	188	91.26
610	data/reference/motifs/JASPAR2026_CORE_plants_non-redundant_pfms_meme.txt	MA1330.2	ZHD6	AAWHRTAATTAA	2.92e-1	1.00e0	9.27e2	408	206	206	206	12	34	16.50	29	14.08
611	data/reference/motifs/JASPAR2026_CORE_plants_non-redundant_pfms_meme.txt	MA1329.3	ZHD1	AYTAATTAA	2.35e-1	1.00e0	9.27e2	409	206	206	206	3	199	96.60	195	94.66
612	data/reference/motifs/JASPAR2026_CORE_plants_non-redundant_pfms_meme.txt	MA1326.2	ZHD5	GTRATTAR	2.04e-1	1.00e0	9.27e2	405	206	206	206	8	76	36.89	67	32.52
613	data/reference/motifs/JASPAR2026_CORE_plants_non-redundant_pfms_meme.txt	MA1213.3	ZHD3	CAATTATTG	2.40e-1	1.00e0	9.27e2	399	206	206	206	7	85	41.26	77	37.38
614	data/reference/motifs/JASPAR2026_CORE_plants_non-redundant_pfms_meme.txt	MA1757.2	HDG7	DCATTAAWTR	5.00e-1	1.00e0	9.27e2	397	206	206	206	1	199	96.60	198	96.12
615	data/reference/motifs/JASPAR2026_CORE_plants_non-redundant_pfms_meme.txt	MA1406.2	ATHB-4	YAATSATTG	1.24e-1	1.00e0	9.27e2	409	206	206	206	1	206	100.00	203	98.54
616	data/reference/motifs/JASPAR2026_CORE_plants_non-redundant_pfms_meme.txt	MA1375.2	ANL2	GCATTAATTR	5.95e-1	1.00e0	9.27e2	390	206	206	206	2	162	78.64	163	79.13
617	data/reference/motifs/JASPAR2026_CORE_plants_non-redundant_pfms_meme.txt	MA1327.3	ATHB-23	TAATTAA	3.40e-1	1.00e0	9.27e2	387	206	206	206	1	195	94.66	192	93.20
618	data/reference/motifs/JASPAR2026_CORE_plants_non-redundant_pfms_meme.txt	MA1215.2	ATHB-53	CAATAATTG	3.55e-1	1.00e0	9.27e2	381	206	206	206	1	192	93.20	189	91.75
619	data/reference/motifs/JASPAR2026_CORE_plants_non-redundant_pfms_meme.txt	MA1214.2	ATHB-40	ACCAATAATTG	3.71e-1	1.00e0	9.27e2	371	206	206	206	1	187	90.78	184	89.32
620	data/reference/motifs/JASPAR2026_CORE_plants_non-redundant_pfms_meme.txt	MA1212.2	ATHB-13	YAATAATT	2.41e-1	1.00e0	9.27e2	404	206	206	206	4	162	78.64	155	75.24
621	data/reference/motifs/JASPAR2026_CORE_plants_non-redundant_pfms_meme.txt	MA1211.2	ATHB-X	YAATYATTD	2.35e-1	1.00e0	9.27e2	394	206	206	206	1	199	96.60	195	94.66
622	data/reference/motifs/JASPAR2026_CORE_plants_non-redundant_pfms_meme.txt	MA1209.2	ATHB-20	YAATAATT	5.00e-1	1.00e0	9.27e2	359	206	206	206	5	58	28.16	57	27.67
623	data/reference/motifs/JASPAR2026_CORE_plants_non-redundant_pfms_meme.txt	MA1198.2	HAT2	YAATCATT	3.38e-1	1.00e0	9.27e2	409	206	206	206	7	71	34.47	66	32.04
624	data/reference/motifs/JASPAR2026_CORE_plants_non-redundant_pfms_meme.txt	MA1026.3	ATHB-15	AWDRTAATGATKA	3.44e-1	1.00e0	9.27e2	338	206	206	206	2	125	60.68	120	58.25
625	data/reference/motifs/JASPAR2026_CORE_plants_non-redundant_pfms_meme.txt	MA0990.2	HDG11	AWTWAATGC	1.90e-1	1.00e0	9.27e2	412	206	206	206	16	202	98.06	198	96.12
626	data/reference/motifs/JASPAR2026_CORE_plants_non-redundant_pfms_meme.txt	MA0953.2	ATHB-6	CAATHAT	3.12e-1	1.00e0	9.27e2	412	206	206	206	32	205	99.51	203	98.54
627	data/reference/motifs/JASPAR2026_CORE_plants_non-redundant_pfms_meme.txt	MA0008.4	HAT5	CAATAATTG	5.00e-1	1.00e0	9.27e2	377	206	206	206	1	189	91.75	188	91.26
628	data/reference/motifs/JASPAR2026_CORE_plants_non-redundant_pfms_meme.txt	MA2020.2	HSFB4	GAAGTTTCCR	1.18e-1	1.00e0	9.27e2	333	206	206	206	2	115	55.83	102	49.51
629	data/reference/motifs/JASPAR2026_CORE_plants_non-redundant_pfms_meme.txt	MA1759.2	HSFA4A	AGAAGCTTCTAGAA	3.26e-1	1.00e0	9.27e2	170	206	206	206	2	27	13.11	23	11.17
630	data/reference/motifs/JASPAR2026_CORE_plants_non-redundant_pfms_meme.txt	MA1667.3	HSFC1	TTCYAGAA	2.23e-1	1.00e0	9.27e2	376	206	206	206	9	10	4.85	6	2.91
631	data/reference/motifs/JASPAR2026_CORE_plants_non-redundant_pfms_meme.txt	MA1666.3	HSFB2B	RGAAGSTTCTA	1.72e-1	1.00e0	9.27e2	278	206	206	206	1	144	69.90	134	65.05
632	data/reference/motifs/JASPAR2026_CORE_plants_non-redundant_pfms_meme.txt	MA1664.3	HSFA6B	TTCTRGAA	1.56e-1	1.00e0	9.27e2	404	206	206	206	10	16	7.77	10	4.85
633	data/reference/motifs/JASPAR2026_CORE_plants_non-redundant_pfms_meme.txt	MA1805.2	WRKY53	RGTCAAC	3.00e-1	1.00e0	9.27e2	412	206	206	206	3	200	97.09	197	95.63
634	data/reference/motifs/JASPAR2026_CORE_plants_non-redundant_pfms_meme.txt	MA1318.2	WRKY27	CGTTGACTTTT	8.55e-1	1.00e0	9.27e2	191	206	206	206	2	22	10.68	28	13.59
635	data/reference/motifs/JASPAR2026_CORE_plants_non-redundant_pfms_meme.txt	MA1317.2	WRKY50	TTGACTTTT	5.00e-1	1.00e0	9.27e2	324	206	206	206	4	25	12.14	24	11.65
636	data/reference/motifs/JASPAR2026_CORE_plants_non-redundant_pfms_meme.txt	MA1316.2	WRKY71	AAAAGTCAAC	5.83e-1	1.00e0	9.27e2	281	206	206	206	4	12	5.83	12	5.83
637	data/reference/motifs/JASPAR2026_CORE_plants_non-redundant_pfms_meme.txt	MA1315.2	WRKY24	CGTTGACTTTT	6.07e-1	1.00e0	9.27e2	253	206	206	206	4	7	3.40	7	3.40
638	data/reference/motifs/JASPAR2026_CORE_plants_non-redundant_pfms_meme.txt	MA1314.2	WRKY14	AAAGTCAACG	2.91e-1	1.00e0	9.27e2	237	206	206	206	3	18	8.74	14	6.80
639	data/reference/motifs/JASPAR2026_CORE_plants_non-redundant_pfms_meme.txt	MA1313.2	WRKY7	CGTTGACTTTT	7.92e-1	1.00e0	9.27e2	140	206	206	206	2	19	9.22	23	11.17
640	data/reference/motifs/JASPAR2026_CORE_plants_non-redundant_pfms_meme.txt	MA1312.2	WRKY47	CGTTGACYW	3.74e-1	1.00e0	9.27e2	332	206	206	206	4	23	11.17	20	9.71
641	data/reference/motifs/JASPAR2026_CORE_plants_non-redundant_pfms_meme.txt	MA1311.3	WRKY28	RGTCAAC	2.08e-1	1.00e0	9.27e2	407	206	206	206	11	9	4.37	5	2.43
642	data/reference/motifs/JASPAR2026_CORE_plants_non-redundant_pfms_meme.txt	MA1310.2	WRKY42	CGTTGACT	3.00e-1	1.00e0	9.27e2	259	206	206	206	4	9	4.37	6	2.91
643	data/reference/motifs/JASPAR2026_CORE_plants_non-redundant_pfms_meme.txt	MA1308.2	WRKY70	CGTTGACTTT	3.59e-1	1.00e0	9.27e2	147	206	206	206	2	18	8.74	15	7.28
644	data/reference/motifs/JASPAR2026_CORE_plants_non-redundant_pfms_meme.txt	MA1307.3	WRKY31	RGTCAACG	4.20e-1	1.00e0	9.27e2	359	206	206	206	2	126	61.17	123	59.71
645	data/reference/motifs/JASPAR2026_CORE_plants_non-redundant_pfms_meme.txt	MA1306.2	WRKY11	CGTTGACTTTT	6.50e-1	1.00e0	9.27e2	244	206	206	206	3	14	6.80	15	7.28
646	data/reference/motifs/JASPAR2026_CORE_plants_non-redundant_pfms_meme.txt	MA1305.2	WRKY55	CGTTGACTT	4.39e-1	1.00e0	9.27e2	274	206	206	206	3	25	12.14	23	11.17
647	data/reference/motifs/JASPAR2026_CORE_plants_non-redundant_pfms_meme.txt	MA1304.2	WRKY59	AAAAGTCAAM	5.00e-1	1.00e0	9.27e2	373	206	206	206	1	187	90.78	186	90.29
648	data/reference/motifs/JASPAR2026_CORE_plants_non-redundant_pfms_meme.txt	MA1303.2	WRKY22	AAAGTCAACK	3.62e-1	1.00e0	9.27e2	235	206	206	206	4	5	2.43	3	1.46
649	data/reference/motifs/JASPAR2026_CORE_plants_non-redundant_pfms_meme.txt	MA1302.2	WRKY65	AAAGTCAACG	6.19e-1	1.00e0	9.27e2	284	206	206	206	3	24	11.65	25	12.14
650	data/reference/motifs/JASPAR2026_CORE_plants_non-redundant_pfms_meme.txt	MA1301.2	WRKY33	AAAGTCAACG	5.69e-1	1.00e0	9.27e2	247	206	206	206	3	18	8.74	18	8.74
651	data/reference/motifs/JASPAR2026_CORE_plants_non-redundant_pfms_meme.txt	MA1300.2	WRKY6	CGTTGACT	5.00e-1	1.00e0	9.27e2	208	206	206	206	4	4	1.94	3	1.46
652	data/reference/motifs/JASPAR2026_CORE_plants_non-redundant_pfms_meme.txt	MA1299.2	WRKY17	AAAGTCAACG	5.59e-1	1.00e0	9.27e2	259	206	206	206	3	26	12.62	26	12.62
653	data/reference/motifs/JASPAR2026_CORE_plants_non-redundant_pfms_meme.txt	MA1298.2	WRKY29	AAAGTCAAC	5.46e-1	1.00e0	9.27e2	335	206	206	206	3	48	23.30	48	23.30
654	data/reference/motifs/JASPAR2026_CORE_plants_non-redundant_pfms_meme.txt	MA1297.2	WRKY26	AAAAGTCAACG	5.00e-1	1.00e0	9.27e2	236	206	206	206	3	15	7.28	14	6.80
655	data/reference/motifs/JASPAR2026_CORE_plants_non-redundant_pfms_meme.txt	MA1296.2	WRKY46	CGTTGACTTT	5.96e-1	1.00e0	9.27e2	236	206	206	206	2	42	20.39	43	20.87
656	data/reference/motifs/JASPAR2026_CORE_plants_non-redundant_pfms_meme.txt	MA1295.2	WRKY20	CGTTGACY	5.00e-1	1.00e0	9.27e2	317	206	206	206	7	1	0.49	0	0.00
657	data/reference/motifs/JASPAR2026_CORE_plants_non-redundant_pfms_meme.txt	MA1094.3	WRKY8	AAAAGTCAACG	5.00e-1	1.00e0	9.27e2	279	206	206	206	7	1	0.49	0	0.00
658	data/reference/motifs/JASPAR2026_CORE_plants_non-redundant_pfms_meme.txt	MA1093.2	WRKY75	RGTCAAC	2.72e-1	1.00e0	9.27e2	278	206	206	206	3	27	13.11	22	10.68
659	data/reference/motifs/JASPAR2026_CORE_plants_non-redundant_pfms_meme.txt	MA1092.2	WRKY63	GGTCAA	3.12e-1	1.00e0	9.27e2	350	206	206	206	8	3	1.46	1	0.49
660	data/reference/motifs/JASPAR2026_CORE_plants_non-redundant_pfms_meme.txt	MA1090.2	WRKY60	GGTCAAC	5.42e-1	1.00e0	9.27e2	353	206	206	206	3	68	33.01	68	33.01
661	data/reference/motifs/JASPAR2026_CORE_plants_non-redundant_pfms_meme.txt	MA1087.3	WRKY45	AAAAGTCAAM	9.85e-2	1.00e0	9.27e2	385	206	206	206	3	122	59.22	108	52.43
662	data/reference/motifs/JASPAR2026_CORE_plants_non-redundant_pfms_meme.txt	MA1085.3	WRKY40	AGTCAA	3.28e-1	1.00e0	9.27e2	328	206	206	206	5	12	5.83	9	4.37
663	data/reference/motifs/JASPAR2026_CORE_plants_non-redundant_pfms_meme.txt	MA1083.3	WRKY30	ARGTCAACG	1.87e-1	1.00e0	9.27e2	352	206	206	206	4	42	20.39	34	16.50
664	data/reference/motifs/JASPAR2026_CORE_plants_non-redundant_pfms_meme.txt	MA1081.3	WRKY25	RGTCAACG	4.61e-1	1.00e0	9.27e2	378	206	206	206	3	100	48.54	98	47.57
665	data/reference/motifs/JASPAR2026_CORE_plants_non-redundant_pfms_meme.txt	MA1079.3	WRKY21	AAAAGTCAACG	4.05e-1	1.00e0	9.27e2	275	206	206	206	4	10	4.85	8	3.88
666	data/reference/motifs/JASPAR2026_CORE_plants_non-redundant_pfms_meme.txt	MA1078.2	WRKY2	GGTCAAM	5.00e-1	1.00e0	9.27e2	391	206	206	206	1	196	95.15	195	94.66
667	data/reference/motifs/JASPAR2026_CORE_plants_non-redundant_pfms_meme.txt	MA1077.2	WRKY18	RGTCAA	2.25e-1	1.00e0	9.27e2	405	206	206	206	1	204	99.03	201	97.57
668	data/reference/motifs/JASPAR2026_CORE_plants_non-redundant_pfms_meme.txt	MA1076.3	WRKY15	RGTCAACG	3.11e-1	1.00e0	9.27e2	383	206	206	206	7	10	4.85	7	3.40
669	data/reference/motifs/JASPAR2026_CORE_plants_non-redundant_pfms_meme.txt	MA0589.2	WRKY1	TTGACCGAGY	1.86e-1	1.00e0	9.27e2	212	206	206	206	4	4	1.94	1	0.49
670	data/reference/motifs/JASPAR2026_CORE_plants_non-redundant_pfms_meme.txt	MA2053.2	NAC105	CAAGCAACC	1.69e-1	1.00e0	9.27e2	402	206	206	206	1	203	98.54	199	96.60
671	data/reference/motifs/JASPAR2026_CORE_plants_non-redundant_pfms_meme.txt	MA2051.2	NAC68	ACAAGTAW	3.12e-1	1.00e0	9.27e2	412	206	206	206	21	3	1.46	1	0.49
672	data/reference/motifs/JASPAR2026_CORE_plants_non-redundant_pfms_meme.txt	MA2050.2	NAC101	CAAGCAA	5.39e-1	1.00e0	9.27e2	412	206	206	206	10	107	51.94	107	51.94
673	data/reference/motifs/JASPAR2026_CORE_plants_non-redundant_pfms_meme.txt	MA2049.2	NAC053	CAAGAAA	5.00e-1	1.00e0	9.27e2	410	206	206	206	11	16	7.77	15	7.28
674	data/reference/motifs/JASPAR2026_CORE_plants_non-redundant_pfms_meme.txt	MA2048.2	NAC045	GAAGCAAC	2.72e-1	1.00e0	9.27e2	411	206	206	206	2	202	98.06	199	96.60
675	data/reference/motifs/JASPAR2026_CORE_plants_non-redundant_pfms_meme.txt	MA2047.2	NAC037	CAAGCAA	3.12e-1	1.00e0	9.27e2	411	206	206	206	19	3	1.46	1	0.49
676	data/reference/motifs/JASPAR2026_CORE_plants_non-redundant_pfms_meme.txt	MA2045.2	NAC031	TTRCKTGTWNHACAAGTWA	4.11e-1	1.00e0	9.27e2	105	206	206	206	1	54	26.21	51	24.76
677	data/reference/motifs/JASPAR2026_CORE_plants_non-redundant_pfms_meme.txt	MA2044.2	NAC007	CAAGCAA	5.00e-1	1.00e0	9.27e2	412	206	206	206	2	204	99.03	203	98.54
678	data/reference/motifs/JASPAR2026_CORE_plants_non-redundant_pfms_meme.txt	MA2043.2	NAC004	CAAGAAA	1.76e-1	1.00e0	9.27e2	411	206	206	206	5	176	85.44	168	81.55
679	data/reference/motifs/JASPAR2026_CORE_plants_non-redundant_pfms_meme.txt	MA2038.2	NAC103	CAAGTTA	2.46e-1	1.00e0	9.27e2	412	206	206	206	15	21	10.19	16	7.77
680	data/reference/motifs/JASPAR2026_CORE_plants_non-redundant_pfms_meme.txt	MA2037.2	NAC096	CAAGTAA	4.60e-1	1.00e0	9.27e2	412	206	206	206	8	126	61.17	124	60.19
681	data/reference/motifs/JASPAR2026_CORE_plants_non-redundant_pfms_meme.txt	MA2036.2	NAC076	CAAGCAA	5.00e-1	1.00e0	9.27e2	412	206	206	206	21	1	0.49	0	0.00
682	data/reference/motifs/JASPAR2026_CORE_plants_non-redundant_pfms_meme.txt	MA2033.2	NAC038	TTDCKTGTDNHACAAGTWA	6.62e-1	1.00e0	9.27e2	60	206	206	206	1	29	14.08	31	15.05
683	data/reference/motifs/JASPAR2026_CORE_plants_non-redundant_pfms_meme.txt	MA2018.2	NAC69	ACAAGGCA	1.75e-1	1.00e0	9.27e2	410	206	206	206	8	52	25.24	43	20.87
684	data/reference/motifs/JASPAR2026_CORE_plants_non-redundant_pfms_meme.txt	MA2017.2	JUB1	ACGGCGA	2.23e-1	1.00e0	9.27e2	306	206	206	206	8	10	4.85	6	2.91
685	data/reference/motifs/JASPAR2026_CORE_plants_non-redundant_pfms_meme.txt	MA2010.2	SMB	CAAGCAA	6.57e-1	1.00e0	9.27e2	412	206	206	206	3	203	98.54	203	98.54
686	data/reference/motifs/JASPAR2026_CORE_plants_non-redundant_pfms_meme.txt	MA1787.2	NAC047	ACACGTMWCT	2.24e-1	1.00e0	9.27e2	366	206	206	206	5	42	20.39	35	16.99
687	data/reference/motifs/JASPAR2026_CORE_plants_non-redundant_pfms_meme.txt	MA1786.2	NAC019	YACGBMA	2.96e-1	1.00e0	9.27e2	412	206	206	206	20	19	9.22	15	7.28
688	data/reference/motifs/JASPAR2026_CORE_plants_non-redundant_pfms_meme.txt	MA1785.2	NAC018	ACACGYAACY	4.48e-1	1.00e0	9.27e2	333	206	206	206	4	36	17.48	34	16.50
689	data/reference/motifs/JASPAR2026_CORE_plants_non-redundant_pfms_meme.txt	MA1677.2	NAC078	CAAGAAA	4.29e-1	1.00e0	9.27e2	411	206	206	206	12	18	8.74	16	7.77
690	data/reference/motifs/JASPAR2026_CORE_plants_non-redundant_pfms_meme.txt	MA1676.3	NAC062	TAAGTAA	3.71e-1	1.00e0	9.27e2	412	206	206	206	20	22	10.68	19	9.22
691	data/reference/motifs/JASPAR2026_CORE_plants_non-redundant_pfms_meme.txt	MA1675.2	NAC029	ACGCAACT	4.27e-1	1.00e0	9.27e2	380	206	206	206	1	191	92.72	189	91.75
692	data/reference/motifs/JASPAR2026_CORE_plants_non-redundant_pfms_meme.txt	MA1663.3	NAC050	CAAGTAAC	2.24e-1	1.00e0	9.27e2	409	206	206	206	4	171	83.01	164	79.61
693	data/reference/motifs/JASPAR2026_CORE_plants_non-redundant_pfms_meme.txt	MA1660.2	NAC013	TTACTTGTTCYMCAAGTAA	5.00e-1	1.00e0	9.27e2	69	206	206	206	3	4	1.94	3	1.46
694	data/reference/motifs/JASPAR2026_CORE_plants_non-redundant_pfms_meme.txt	MA1427.3	NAC028	CAAGTAA	3.46e-1	1.00e0	9.27e2	412	206	206	206	11	97	47.09	92	44.66
695	data/reference/motifs/JASPAR2026_CORE_plants_non-redundant_pfms_meme.txt	MA1045.2	NAC043	TWACGTAA	2.36e-1	1.00e0	9.27e2	396	206	206	206	3	136	66.02	128	62.14
696	data/reference/motifs/JASPAR2026_CORE_plants_non-redundant_pfms_meme.txt	MA1043.2	NAC083	YACGYAA	2.64e-1	1.00e0	9.27e2	135	206	206	206	1	71	34.47	64	31.07
697	data/reference/motifs/JASPAR2026_CORE_plants_non-redundant_pfms_meme.txt	MA0938.3	NAC058	TTACKTGTDNMACAAGWAA	7.42e-1	1.00e0	9.27e2	72	206	206	206	1	34	16.50	38	18.45
698	data/reference/motifs/JASPAR2026_CORE_plants_non-redundant_pfms_meme.txt	MA1414.2	E2FA	GCGCCA	1.24e-1	1.00e0	9.27e2	364	206	206	206	12	3	1.46	0	0.00
699	data/reference/motifs/JASPAR2026_CORE_plants_non-redundant_pfms_meme.txt	MA1813.2	EIL4	TWCAATGAA	3.97e-1	1.00e0	9.27e2	403	206	206	206	3	172	83.50	169	82.04
700	data/reference/motifs/JASPAR2026_CORE_plants_non-redundant_pfms_meme.txt	MA1756.2	GRF9	TGTCAGA	5.00e-1	1.00e0	9.27e2	358	206	206	206	3	72	34.95	71	34.47
701	data/reference/motifs/JASPAR2026_CORE_plants_non-redundant_pfms_meme.txt	MA2016.2	GRF6	TCTGACA	5.00e-1	1.00e0	9.27e2	189	206	206	206	3	11	5.34	10	4.85
702	data/reference/motifs/JASPAR2026_CORE_plants_non-redundant_pfms_meme.txt	MA1405.2	SIZF2	ACTGACAGT	1.46e-1	1.00e0	9.27e2	326	206	206	206	2	145	70.39	134	65.05
703	data/reference/motifs/JASPAR2026_CORE_plants_non-redundant_pfms_meme.txt	MA1372.2	ZAT10	CACTNHCACT	1.43e-1	1.00e0	9.27e2	412	206	206	206	10	69	33.50	58	28.16
704	data/reference/motifs/JASPAR2026_CORE_plants_non-redundant_pfms_meme.txt	MA2015.2	NAC002	ACGCAACT	2.49e-1	1.00e0	9.27e2	400	206	206	206	6	56	27.18	49	23.79
705	data/reference/motifs/JASPAR2026_CORE_plants_non-redundant_pfms_meme.txt	MA1743.2	BZIP2	TGCTGACGTGGCA	9.58e-1	1.00e0	9.27e2	68	206	206	206	1	28	13.59	40	19.42
706	data/reference/motifs/JASPAR2026_CORE_plants_non-redundant_pfms_meme.txt	MA1345.2	BZIP48	GCCACGTCAGCA	9.17e-1	1.00e0	9.27e2	61	206	206	206	1	26	12.62	35	16.99
707	data/reference/motifs/JASPAR2026_CORE_plants_non-redundant_pfms_meme.txt	MA1341.2	BZIP53	TGCTGACGTGGCA	8.90e-1	1.00e0	9.27e2	65	206	206	206	2	4	1.94	7	3.40
708	data/reference/motifs/JASPAR2026_CORE_plants_non-redundant_pfms_meme.txt	MA1340.2	BZIP3	TGMTGACGTGGCA	9.81e-1	1.00e0	9.27e2	111	206	206	206	3	2	0.97	7	3.40
709	data/reference/motifs/JASPAR2026_CORE_plants_non-redundant_pfms_meme.txt	MA1337.2	BZIP44	WGCTGACGTGGCA	7.75e-1	1.00e0	9.27e2	59	206	206	206	2	3	1.46	4	1.94
710	data/reference/motifs/JASPAR2026_CORE_plants_non-redundant_pfms_meme.txt	MA1334.2	BZIP11	TGCCACGTCAGCA	8.31e-1	1.00e0	9.27e2	72	206	206	206	2	4	1.94	6	2.91
711	data/reference/motifs/JASPAR2026_CORE_plants_non-redundant_pfms_meme.txt	MA1803.2	VIP1	TGMCAGCTGT	3.12e-1	1.00e0	9.27e2	185	206	206	206	4	3	1.46	1	0.49
712	data/reference/motifs/JASPAR2026_CORE_plants_non-redundant_pfms_meme.txt	MA1343.2	BZIP52	TGMCAGCT	2.35e-1	1.00e0	9.27e2	255	206	206	206	4	11	5.34	7	3.40
713	data/reference/motifs/JASPAR2026_CORE_plants_non-redundant_pfms_meme.txt	MA1425.2	HYH	TSACGTG	2.08e-1	1.00e0	9.27e2	285	206	206	206	8	9	4.37	5	2.43
714	data/reference/motifs/JASPAR2026_CORE_plants_non-redundant_pfms_meme.txt	MA0551.2	HY5	TGMCACGTGKCA	6.88e-1	1.00e0	9.27e2	87	206	206	206	6	2	0.97	2	0.97
715	data/reference/motifs/JASPAR2026_CORE_plants_non-redundant_pfms_meme.txt	MA1351.3	GBF3	ACGTGGCA	1.24e-1	1.00e0	9.27e2	394	206	206	206	15	3	1.46	0	0.00
716	data/reference/motifs/JASPAR2026_CORE_plants_non-redundant_pfms_meme.txt	MA1349.2	BZIP16	HSACGTGGCA	5.97e-1	1.00e0	9.27e2	83	206	206	206	1	41	19.90	42	20.39
717	data/reference/motifs/JASPAR2026_CORE_plants_non-redundant_pfms_meme.txt	MA0968.3	BZIP68	TGCCACGTSA	2.95e-1	1.00e0	9.27e2	175	206	206	206	2	35	16.99	30	14.56
718	data/reference/motifs/JASPAR2026_CORE_plants_non-redundant_pfms_meme.txt	MA1070.3	TGA7	ATGACGTCAB	3.09e-1	1.00e0	9.27e2	172	206	206	206	1	89	43.20	83	40.29
719	data/reference/motifs/JASPAR2026_CORE_plants_non-redundant_pfms_meme.txt	MA1069.3	TGA6	ATGAYGTCAT	1.87e-1	1.00e0	9.27e2	295	206	206	206	2	103	50.00	93	45.15
720	data/reference/motifs/JASPAR2026_CORE_plants_non-redundant_pfms_meme.txt	MA1068.3	TGA2	ATGACGTCAY	3.66e-1	1.00e0	9.27e2	102	206	206	206	1	53	25.73	49	23.79
721	data/reference/motifs/JASPAR2026_CORE_plants_non-redundant_pfms_meme.txt	MA1417.2	O2	TGCCACGTCATC	6.61e-1	1.00e0	9.27e2	141	206	206	206	1	69	33.50	72	34.95
722	data/reference/motifs/JASPAR2026_CORE_plants_non-redundant_pfms_meme.txt	MA1344.2	BZIP28	TSACGTGGCA	5.95e-1	1.00e0	9.27e2	177	206	206	206	3	9	4.37	9	4.37
723	data/reference/motifs/JASPAR2026_CORE_plants_non-redundant_pfms_meme.txt	MA1659.2	ABF4	CCACGTS	2.38e-1	1.00e0	9.27e2	407	206	206	206	4	164	79.61	157	76.21
724	data/reference/motifs/JASPAR2026_CORE_plants_non-redundant_pfms_meme.txt	MA1338.3	DPBF3	TGMCACGTGTC	2.69e-1	1.00e0	9.27e2	149	206	206	206	1	78	37.86	71	34.47
725	data/reference/motifs/JASPAR2026_CORE_plants_non-redundant_pfms_meme.txt	MA0931.2	ABI5	GMCACGTG	4.10e-1	1.00e0	9.27e2	213	206	206	206	4	11	5.34	9	4.37
726	data/reference/motifs/JASPAR2026_CORE_plants_non-redundant_pfms_meme.txt	MA0930.3	ABF3	ACGTGTC	1.01e-1	1.00e0	9.27e2	403	206	206	206	14	11	5.34	5	2.43
727	data/reference/motifs/JASPAR2026_CORE_plants_non-redundant_pfms_meme.txt	MA0570.3	ABF1	ACACGTGKCA	5.00e-1	1.00e0	9.27e2	286	206	206	206	2	86	41.75	85	41.26
728	data/reference/motifs/JASPAR2026_CORE_plants_non-redundant_pfms_meme.txt	MA1822.2	Zm00001d018571	GTACGTAC	2.22e-1	1.00e0	9.27e2	346	206	206	206	7	41	19.90	34	16.50
729	data/reference/motifs/JASPAR2026_CORE_plants_non-redundant_pfms_meme.txt	MA1064.2	TCP2	TGGKMCCA	9.49e-2	1.00e0	9.27e2	387	206	206	206	14	65	31.55	52	25.24
730	data/reference/motifs/JASPAR2026_CORE_plants_non-redundant_pfms_meme.txt	MA1333.2	BEH3	YGCACGTGTG	6.57e-1	1.00e0	9.27e2	63	206	206	206	3	3	1.46	3	1.46
731	data/reference/motifs/JASPAR2026_CORE_plants_non-redundant_pfms_meme.txt	MA1331.2	BEH4	YGCACGTGTG	7.92e-1	1.00e0	9.27e2	36	206	206	206	2	6	2.91	8	3.88
732	data/reference/motifs/JASPAR2026_CORE_plants_non-redundant_pfms_meme.txt	MA0550.3	BZR1	CRCACGTGYR	5.00e-1	1.00e0	9.27e2	73	206	206	206	3	4	1.94	3	1.46
733	data/reference/motifs/JASPAR2026_CORE_plants_non-redundant_pfms_meme.txt	MA0549.2	BZR2	RCACGTGKSV	6.57e-1	1.00e0	9.27e2	123	206	206	206	4	3	1.46	3	1.46
734	data/reference/motifs/JASPAR2026_CORE_plants_non-redundant_pfms_meme.txt	MA1834.2	Zm00001d034298	CCACGCG	1.83e-1	1.00e0	9.27e2	391	206	206	206	6	87	42.23	77	37.38
735	data/reference/motifs/JASPAR2026_CORE_plants_non-redundant_pfms_meme.txt	MA1740.2	BHLH49	CACGTGC	7.25e-1	1.00e0	9.27e2	51	206	206	206	2	24	11.65	27	13.11
736	data/reference/motifs/JASPAR2026_CORE_plants_non-redundant_pfms_meme.txt	MA1739.2	BHLH122	CMACTTG	1.30e-1	1.00e0	9.27e2	274	206	206	206	5	9	4.37	4	1.94
737	data/reference/motifs/JASPAR2026_CORE_plants_non-redundant_pfms_meme.txt	MA1411.2	TSAR1	GCACGTGC	2.49e-1	1.00e0	9.27e2	158	206	206	206	12	2	0.97	0	0.00
738	data/reference/motifs/JASPAR2026_CORE_plants_non-redundant_pfms_meme.txt	MA1364.2	BHLH72	GCCACGTGG	2.39e-1	1.00e0	9.27e2	156	206	206	206	1	82	39.81	74	35.92
739	data/reference/motifs/JASPAR2026_CORE_plants_non-redundant_pfms_meme.txt	MA1362.2	bHLH77	DWNGBCACGTGM	3.20e-1	1.00e0	9.27e2	146	206	206	206	2	25	12.14	21	10.19
740	data/reference/motifs/JASPAR2026_CORE_plants_non-redundant_pfms_meme.txt	MA1361.2	bHLH18	CRCGTKWWHCACGTG	3.43e-1	1.00e0	9.27e2	122	206	206	206	4	4	1.94	2	0.97
741	data/reference/motifs/JASPAR2026_CORE_plants_non-redundant_pfms_meme.txt	MA1360.3	bHLH74	CACGTG	2.05e-1	1.00e0	9.27e2	252	206	206	206	6	15	7.28	10	4.85
742	data/reference/motifs/JASPAR2026_CORE_plants_non-redundant_pfms_meme.txt	MA1359.3	BPE	CACGTG	1.69e-1	1.00e0	9.27e2	238	206	206	206	8	7	3.40	3	1.46
743	data/reference/motifs/JASPAR2026_CORE_plants_non-redundant_pfms_meme.txt	MA1074.2	UNE10	CACGTGM	7.25e-1	1.00e0	9.27e2	51	206	206	206	2	24	11.65	27	13.11
744	data/reference/motifs/JASPAR2026_CORE_plants_non-redundant_pfms_meme.txt	MA0966.2	BIM3	CACGTG	3.43e-1	1.00e0	9.27e2	408	206	206	206	32	4	1.94	2	0.97
745	data/reference/motifs/JASPAR2026_CORE_plants_non-redundant_pfms_meme.txt	MA0965.3	BIM2	CACGTG	1.24e-1	1.00e0	9.27e2	313	206	206	206	16	3	1.46	0	0.00
746	data/reference/motifs/JASPAR2026_CORE_plants_non-redundant_pfms_meme.txt	MA0962.2	bHLH34	GCACGTG	2.09e-1	1.00e0	9.27e2	281	206	206	206	3	36	17.48	29	14.08
747	data/reference/motifs/JASPAR2026_CORE_plants_non-redundant_pfms_meme.txt	MA0956.2	BEE2	CACGTG	1.08e-1	1.00e0	9.27e2	411	206	206	206	38	5	2.43	1	0.49
748	data/reference/motifs/JASPAR2026_CORE_plants_non-redundant_pfms_meme.txt	MA0568.2	MYC3	CACGTG	1.11e-1	1.00e0	9.27e2	389	206	206	206	6	136	66.02	123	59.71
749	data/reference/motifs/JASPAR2026_CORE_plants_non-redundant_pfms_meme.txt	MA0552.2	PIF1	CACGTG	2.91e-1	1.00e0	9.27e2	223	206	206	206	3	18	8.74	14	6.80
750	data/reference/motifs/JASPAR2026_CORE_plants_non-redundant_pfms_meme.txt	MA1698.2	ARF7	GCCGACAAG	1.32e-1	1.00e0	9.27e2	321	206	206	206	3	84	40.78	72	34.95
751	data/reference/motifs/JASPAR2026_CORE_plants_non-redundant_pfms_meme.txt	MA1697.2	ARF4	ACGACAAG	1.38e-1	1.00e0	9.27e2	403	206	206	206	5	121	58.74	109	52.91
752	data/reference/motifs/JASPAR2026_CORE_plants_non-redundant_pfms_meme.txt	MA1695.2	ARF36	GGGGGACAHGTC	2.84e-1	1.00e0	9.27e2	231	206	206	206	2	54	26.21	48	23.30
753	data/reference/motifs/JASPAR2026_CORE_plants_non-redundant_pfms_meme.txt	MA1694.2	ARF35	CCCGACAAG	1.79e-1	1.00e0	9.27e2	342	206	206	206	1	175	84.95	167	81.07
754	data/reference/motifs/JASPAR2026_CORE_plants_non-redundant_pfms_meme.txt	MA1693.2	ARF34	CAGACAGC	1.08e-1	1.00e0	9.27e2	387	206	206	206	1	197	95.63	190	92.23
755	data/reference/motifs/JASPAR2026_CORE_plants_non-redundant_pfms_meme.txt	MA0944.2	ARF8	TGTCGG	1.50e-1	1.00e0	9.27e2	412	206	206	206	11	184	89.32	176	85.44
756	data/reference/motifs/JASPAR2026_CORE_plants_non-redundant_pfms_meme.txt	MA0943.2	ARF5	RCCGACA	1.23e-1	1.00e0	9.27e2	357	206	206	206	1	183	88.83	174	84.47
757	data/reference/motifs/JASPAR2026_CORE_plants_non-redundant_pfms_meme.txt	MA0942.2	ARF1	ACCGACA	2.49e-1	1.00e0	9.27e2	300	206	206	206	8	2	0.97	0	0.00
758	data/reference/motifs/JASPAR2026_CORE_plants_non-redundant_pfms_meme.txt	MA0581.2	LEC2	CATGCR	6.12e-1	1.00e0	9.27e2	318	206	206	206	4	28	13.59	29	14.08
759	data/reference/motifs/JASPAR2026_CORE_plants_non-redundant_pfms_meme.txt	MA2013.2	ERF115	YCGCCGCCGCM	6.87e-1	1.00e0	9.27e2	106	206	206	206	2	20	9.71	22	10.68
760	data/reference/motifs/JASPAR2026_CORE_plants_non-redundant_pfms_meme.txt	MA2011.2	ERF010	CACCGACA	2.15e-1	1.00e0	9.27e2	314	206	206	206	2	106	51.46	97	47.09
761	data/reference/motifs/JASPAR2026_CORE_plants_non-redundant_pfms_meme.txt	MA1831.2	Zm00001d031796	GACGGCGACG	1.92e-1	1.00e0	9.27e2	226	206	206	206	4	31	15.05	24	11.65
762	data/reference/motifs/JASPAR2026_CORE_plants_non-redundant_pfms_meme.txt	MA1820.2	Zm00001d024324	CGCCGCCGC	2.64e-1	1.00e0	9.27e2	173	206	206	206	3	25	12.14	20	9.71
763	data/reference/motifs/JASPAR2026_CORE_plants_non-redundant_pfms_meme.txt	MA1753.2	ERF057	CCDCCDCCRCCGCC	3.43e-1	1.00e0	9.27e2	109	206	206	206	6	4	1.94	2	0.97
764	data/reference/motifs/JASPAR2026_CORE_plants_non-redundant_pfms_meme.txt	MA1671.2	ERF118	CCGCCGCC	2.49e-1	1.00e0	9.27e2	203	206	206	206	11	2	0.97	0	0.00
765	data/reference/motifs/JASPAR2026_CORE_plants_non-redundant_pfms_meme.txt	MA1670.2	DREB1C	GCCGACAT	2.49e-1	1.00e0	9.27e2	319	206	206	206	10	2	0.97	0	0.00
766	data/reference/motifs/JASPAR2026_CORE_plants_non-redundant_pfms_meme.txt	MA1669.2	DREB1B	GCCGACAT	3.86e-1	1.00e0	9.27e2	300	206	206	206	4	29	14.08	26	12.62
767	data/reference/motifs/JASPAR2026_CORE_plants_non-redundant_pfms_meme.txt	MA1261.2	ERF122	TRCGGCKGHG	2.87e-1	1.00e0	9.27e2	271	206	206	206	6	8	3.88	5	2.43
768	data/reference/motifs/JASPAR2026_CORE_plants_non-redundant_pfms_meme.txt	MA1260.2	ERF013	TGTCGGTGG	3.74e-1	1.00e0	9.27e2	124	206	206	206	1	64	31.07	60	29.13
769	data/reference/motifs/JASPAR2026_CORE_plants_non-redundant_pfms_meme.txt	MA1252.2	ERF086	CCKCCGCCGY	3.20e-1	1.00e0	9.27e2	95	206	206	206	1	50	24.27	45	21.84
770	data/reference/motifs/JASPAR2026_CORE_plants_non-redundant_pfms_meme.txt	MA1250.2	DREB2D	CCDCCDCCACCGCC	3.79e-1	1.00e0	9.27e2	148	206	206	206	1	76	36.89	72	34.95
771	data/reference/motifs/JASPAR2026_CORE_plants_non-redundant_pfms_meme.txt	MA1248.2	ERF012	CCACCGMC	2.49e-1	1.00e0	9.27e2	190	206	206	206	6	2	0.97	0	0.00
772	data/reference/motifs/JASPAR2026_CORE_plants_non-redundant_pfms_meme.txt	MA1247.2	ERF087	GRCGGCGGMG	5.00e-1	1.00e0	9.27e2	86	206	206	206	3	7	3.40	6	2.91
773	data/reference/motifs/JASPAR2026_CORE_plants_non-redundant_pfms_meme.txt	MA1245.3	ERF112	CCGCCGCCR	2.35e-1	1.00e0	9.27e2	221	206	206	206	5	11	5.34	7	3.40
774	data/reference/motifs/JASPAR2026_CORE_plants_non-redundant_pfms_meme.txt	MA1240.2	ERF077	CCGCCGCCRY	3.40e-1	1.00e0	9.27e2	150	206	206	206	3	14	6.80	11	5.34
775	data/reference/motifs/JASPAR2026_CORE_plants_non-redundant_pfms_meme.txt	MA1233.3	ERF021	CGCCGACA	1.46e-1	1.00e0	9.27e2	327	206	206	206	8	10	4.85	5	2.43
776	data/reference/motifs/JASPAR2026_CORE_plants_non-redundant_pfms_meme.txt	MA1232.2	ERF054	GDCGGYGG	2.56e-1	1.00e0	9.27e2	258	206	206	206	5	13	6.31	9	4.37
777	data/reference/motifs/JASPAR2026_CORE_plants_non-redundant_pfms_meme.txt	MA1227.3	ERF027	RCCGACA	2.49e-1	1.00e0	9.27e2	338	206	206	206	11	2	0.97	0	0.00
778	data/reference/motifs/JASPAR2026_CORE_plants_non-redundant_pfms_meme.txt	MA1226.2	DREB2G	GGHGGAGGCGGTGG	3.12e-1	1.00e0	9.27e2	147	206	206	206	6	3	1.46	1	0.49
779	data/reference/motifs/JASPAR2026_CORE_plants_non-redundant_pfms_meme.txt	MA1219.3	ERF011	CACCGAC	2.63e-1	1.00e0	9.27e2	319	206	206	206	3	69	33.50	62	30.10
780	data/reference/motifs/JASPAR2026_CORE_plants_non-redundant_pfms_meme.txt	MA1005.3	ERF082	CCGCCGCCR	3.62e-1	1.00e0	9.27e2	204	206	206	206	6	5	2.43	3	1.46
781	data/reference/motifs/JASPAR2026_CORE_plants_non-redundant_pfms_meme.txt	MA1004.2	ERF13	SGCCGCC	2.60e-1	1.00e0	9.27e2	203	206	206	206	4	24	11.65	19	9.22
782	data/reference/motifs/JASPAR2026_CORE_plants_non-redundant_pfms_meme.txt	MA1001.4	ERF076	CCGCCGCCRC	2.49e-1	1.00e0	9.27e2	201	206	206	206	11	2	0.97	0	0.00
783	data/reference/motifs/JASPAR2026_CORE_plants_non-redundant_pfms_meme.txt	MA0997.2	ERF069	GCCG	1.14e-1	1.00e0	9.27e2	412	206	206	206	59	12	5.83	6	2.91
784	data/reference/motifs/JASPAR2026_CORE_plants_non-redundant_pfms_meme.txt	MA0995.3	ERF039	RCCGACA	2.23e-1	1.00e0	9.27e2	360	206	206	206	8	10	4.85	6	2.91
785	data/reference/motifs/JASPAR2026_CORE_plants_non-redundant_pfms_meme.txt	MA0994.3	ERF8	TGRCGGCGGCG	4.19e-1	1.00e0	9.27e2	147	206	206	206	1	75	36.41	72	34.95
786	data/reference/motifs/JASPAR2026_CORE_plants_non-redundant_pfms_meme.txt	MA0980.3	RAP2-10	RCCGACA	2.49e-1	1.00e0	9.27e2	313	206	206	206	9	2	0.97	0	0.00
787	data/reference/motifs/JASPAR2026_CORE_plants_non-redundant_pfms_meme.txt	MA0976.3	CRF4	CCGCCGCCRC	2.49e-1	1.00e0	9.27e2	190	206	206	206	10	2	0.97	0	0.00
788	data/reference/motifs/JASPAR2026_CORE_plants_non-redundant_pfms_meme.txt	MA0971.2	DREB1A	ATGTCGGY	3.45e-1	1.00e0	9.27e2	306	206	206	206	4	36	17.48	32	15.53
789	data/reference/motifs/JASPAR2026_CORE_plants_non-redundant_pfms_meme.txt	MA0571.2	ANT	GCACRRWTCCCVAKGY	7.04e-1	1.00e0	9.27e2	34	206	206	206	1	16	7.77	18	8.74
790	data/reference/motifs/JASPAR2026_CORE_plants_non-redundant_pfms_meme.txt	MA1751.2	EIL3	AGRTWCAT	2.00e-1	1.00e0	9.27e2	410	206	206	206	4	144	69.90	135	65.53
791	data/reference/motifs/JASPAR2026_CORE_plants_non-redundant_pfms_meme.txt	MA2455.1	SPL9D	AGCGGTASTACCGC	6.19e-1	1.00e0	9.27e2	49	206	206	206	1	24	11.65	25	12.14
792	data/reference/motifs/JASPAR2026_CORE_plants_non-redundant_pfms_meme.txt	MA2454.1	SPL8D1	ATAGTACATA	1.61e-1	1.00e0	9.27e2	412	206	206	206	14	11	5.34	6	2.91
793	data/reference/motifs/JASPAR2026_CORE_plants_non-redundant_pfms_meme.txt	MA2450.1	SPL7A	GTACTACCGCT	1.83e-1	1.00e0	9.27e2	244	206	206	206	1	127	61.65	117	56.80
794	data/reference/motifs/JASPAR2026_CORE_plants_non-redundant_pfms_meme.txt	MA2448.1	SPL5D	AGCGGTASTACCGC	6.07e-1	1.00e0	9.27e2	43	206	206	206	2	7	3.40	7	3.40
795	data/reference/motifs/JASPAR2026_CORE_plants_non-redundant_pfms_meme.txt	MA2445.1	SPL4D	GGTACTACCGCT	1.88e-1	1.00e0	9.27e2	210	206	206	206	1	110	53.40	100	48.54
796	data/reference/motifs/JASPAR2026_CORE_plants_non-redundant_pfms_meme.txt	MA2444.1	SPL4A	GCGGTASTACCGC	5.00e-1	1.00e0	9.27e2	53	206	206	206	1	27	13.11	26	12.62
797	data/reference/motifs/JASPAR2026_CORE_plants_non-redundant_pfms_meme.txt	MA2443.1	SPL3D	GCGGTASTACCGC	6.38e-1	1.00e0	9.27e2	53	206	206	206	2	17	8.25	18	8.74
798	data/reference/motifs/JASPAR2026_CORE_plants_non-redundant_pfms_meme.txt	MA2442.1	SPL3B	AGCGGTASTACCGC	6.80e-1	1.00e0	9.27e2	46	206	206	206	1	22	10.68	24	11.65
799	data/reference/motifs/JASPAR2026_CORE_plants_non-redundant_pfms_meme.txt	MA2441.1	SPL3A	AGCGGTACTACC	2.02e-1	1.00e0	9.27e2	207	206	206	206	2	49	23.79	41	19.90
800	data/reference/motifs/JASPAR2026_CORE_plants_non-redundant_pfms_meme.txt	MA2440.1	SPL2B	GCGGTASTACCGC	4.14e-1	1.00e0	9.27e2	68	206	206	206	2	12	5.83	10	4.85
801	data/reference/motifs/JASPAR2026_CORE_plants_non-redundant_pfms_meme.txt	MA2439.1	SPL2A	GCGGTASTACCGC	8.15e-1	1.00e0	9.27e2	34	206	206	206	1	15	7.28	19	9.22
802	data/reference/motifs/JASPAR2026_CORE_plants_non-redundant_pfms_meme.txt	MA2435.1	SPL16D	GCGGTASTACCGC	3.50e-1	1.00e0	9.27e2	84	206	206	206	2	16	7.77	13	6.31
803	data/reference/motifs/JASPAR2026_CORE_plants_non-redundant_pfms_meme.txt	MA2430.1	SPL14B	GCGGTASTACCGC	5.00e-1	1.00e0	9.27e2	79	206	206	206	4	2	0.97	1	0.49
804	data/reference/motifs/JASPAR2026_CORE_plants_non-redundant_pfms_meme.txt	MA2428.1	SPL13B	GCGGTASTACCGC	7.13e-1	1.00e0	9.27e2	35	206	206	206	2	6	2.91	7	3.40
805	data/reference/motifs/JASPAR2026_CORE_plants_non-redundant_pfms_meme.txt	MA2427.1	SPL12B	AGCGGTASTACCGC	5.80e-1	1.00e0	9.27e2	48	206	206	206	2	13	6.31	13	6.31
806	data/reference/motifs/JASPAR2026_CORE_plants_non-redundant_pfms_meme.txt	MA2425.1	SPL11A	SCGGTACTACCG	2.40e-1	1.00e0	9.27e2	153	206	206	206	2	32	15.53	26	12.62
807	data/reference/motifs/JASPAR2026_CORE_plants_non-redundant_pfms_meme.txt	MA2424.1	OsbZIP77	TGCCACGTCABC	5.00e-1	1.00e0	9.27e2	108	206	206	206	5	1	0.49	0	0.00
808	data/reference/motifs/JASPAR2026_CORE_plants_non-redundant_pfms_meme.txt	MA2423.1	OsbZIP69	GMTGACGTGGCA	9.57e-1	1.00e0	9.27e2	113	206	206	206	2	11	5.34	19	9.22
809	data/reference/motifs/JASPAR2026_CORE_plants_non-redundant_pfms_meme.txt	MA2422.1	OsbZIP42	TGMCACGTCA	1.10e-1	1.00e0	9.27e2	336	206	206	206	7	8	3.88	3	1.46
810	data/reference/motifs/JASPAR2026_CORE_plants_non-redundant_pfms_meme.txt	MA2420.1	SBP6	AAGTACAA	2.45e-1	1.00e0	9.27e2	409	206	206	206	6	109	52.91	101	49.03
811	data/reference/motifs/JASPAR2026_CORE_plants_non-redundant_pfms_meme.txt	MA2419.1	UB3	GAAGTACAAC	4.23e-1	1.00e0	9.27e2	404	206	206	206	2	193	93.69	191	92.72
812	data/reference/motifs/JASPAR2026_CORE_plants_non-redundant_pfms_meme.txt	MA2416.1	EREB29	GCCGCCGCCC	2.48e-1	1.00e0	9.27e2	146	206	206	206	2	35	16.99	29	14.08
813	data/reference/motifs/JASPAR2026_CORE_plants_non-redundant_pfms_meme.txt	MA2414.1	EREB127	TGCCGACA	1.63e-1	1.00e0	9.27e2	228	206	206	206	2	64	31.07	54	26.21
814	data/reference/motifs/JASPAR2026_CORE_plants_non-redundant_pfms_meme.txt	MA2413.1	ZmbZIP96	GASACGTGKCA	1.80e-1	1.00e0	9.27e2	200	206	206	206	2	55	26.70	46	22.33
815	data/reference/motifs/JASPAR2026_CORE_plants_non-redundant_pfms_meme.txt	MA2412.1	ZmbZIP72	GATGACATCA	1.24e-1	1.00e0	9.27e2	368	206	206	206	10	3	1.46	0	0.00
816	data/reference/motifs/JASPAR2026_CORE_plants_non-redundant_pfms_meme.txt	MA2411.1	ZmbZIP57	ATGATGTCAT	1.33e-1	1.00e0	9.27e2	387	206	206	206	2	170	82.52	160	77.67
817	data/reference/motifs/JASPAR2026_CORE_plants_non-redundant_pfms_meme.txt	MA2410.1	ZmbZIP54	TGACGTCA	3.38e-1	1.00e0	9.27e2	352	206	206	206	2	178	86.41	174	84.47
818	data/reference/motifs/JASPAR2026_CORE_plants_non-redundant_pfms_meme.txt	MA2409.1	ZmbZIP25	GATGACATCA	2.46e-1	1.00e0	9.27e2	375	206	206	206	1	190	92.23	185	89.81
819	data/reference/motifs/JASPAR2026_CORE_plants_non-redundant_pfms_meme.txt	MA2408.1	BAD1	CCGGGCCCCSVC	3.43e-1	1.00e0	9.27e2	85	206	206	206	7	4	1.94	2	0.97
820	data/reference/motifs/JASPAR2026_CORE_plants_non-redundant_pfms_meme.txt	MA2407.1	PK24978.1	CACGTGT	1.41e-1	1.00e0	9.27e2	412	206	206	206	24	28	13.59	20	9.71
821	data/reference/motifs/JASPAR2026_CORE_plants_non-redundant_pfms_meme.txt	MA2405.1	OsMSL08	GTAAAW	2.51e-1	1.00e0	9.27e2	412	206	206	206	40	22	10.68	17	8.25
822	data/reference/motifs/JASPAR2026_CORE_plants_non-redundant_pfms_meme.txt	MA2404.1	OsTRBF3	WRMCCTA	2.25e-1	1.00e0	9.27e2	412	206	206	206	24	5	2.43	2	0.97
823	data/reference/motifs/JASPAR2026_CORE_plants_non-redundant_pfms_meme.txt	MA2403.1	DVH24_040989	TTAACC	1.11e-1	1.00e0	9.27e2	412	206	206	206	40	22	10.68	14	6.80
824	data/reference/motifs/JASPAR2026_CORE_plants_non-redundant_pfms_meme.txt	MA2402.1	OsERF104	GCCGY	1.75e-1	1.00e0	9.27e2	406	206	206	206	9	76	36.89	66	32.04
825	data/reference/motifs/JASPAR2026_CORE_plants_non-redundant_pfms_meme.txt	MA2401.1	Os05g0437700	MCACGTGK	3.07e-1	1.00e0	9.27e2	164	206	206	206	2	85	41.26	79	38.35
826	data/reference/motifs/JASPAR2026_CORE_plants_non-redundant_pfms_meme.txt	MA2400.1	LjTCP20	GGGACCAY	2.76e-1	1.00e0	9.27e2	207	206	206	206	2	48	23.30	42	20.39
827	data/reference/motifs/JASPAR2026_CORE_plants_non-redundant_pfms_meme.txt	MA2399.1	LjSGA_053525.1	GGGCCCAC	3.01e-1	1.00e0	9.27e2	190	206	206	206	3	20	9.71	16	7.77
828	data/reference/motifs/JASPAR2026_CORE_plants_non-redundant_pfms_meme.txt	MA2398.1	AS2	CGGCGGMRRHDRCGGCGG	5.00e-1	1.00e0	9.27e2	63	206	206	206	9	1	0.49	0	0.00
829	data/reference/motifs/JASPAR2026_CORE_plants_non-redundant_pfms_meme.txt	MA2395.1	PHYPA_011264	CACCGACM	4.38e-1	1.00e0	9.27e2	155	206	206	206	2	24	11.65	22	10.68
830	data/reference/motifs/JASPAR2026_CORE_plants_non-redundant_pfms_meme.txt	MA2394.1	PpDof6	CTTT	3.00e-1	1.00e0	9.27e2	412	206	206	206	61	200	97.09	197	95.63
831	data/reference/motifs/JASPAR2026_CORE_plants_non-redundant_pfms_meme.txt	MA2392.1	GRMZM2G135447	TGACRKS	2.17e-1	1.00e0	9.27e2	406	206	206	206	10	39	18.93	32	15.53
832	data/reference/motifs/JASPAR2026_CORE_plants_non-redundant_pfms_meme.txt	MA2391.1	Lg3	TGACRKC	1.10e-1	1.00e0	9.27e2	410	206	206	206	2	203	98.54	198	96.12
833	data/reference/motifs/JASPAR2026_CORE_plants_non-redundant_pfms_meme.txt	MA2390.1	GLYMA19G26560	GGSCCCAC	9.96e-2	1.00e0	9.27e2	363	206	206	206	3	117	56.80	103	50.00
834	data/reference/motifs/JASPAR2026_CORE_plants_non-redundant_pfms_meme.txt	MA2389.1	GBF1	ACGTGKM	1.08e-1	1.00e0	9.27e2	412	206	206	206	27	5	2.43	1	0.49
835	data/reference/motifs/JASPAR2026_CORE_plants_non-redundant_pfms_meme.txt	MA2388.1	GATA1	AGATCTRRWT	1.61e-1	1.00e0	9.27e2	316	206	206	206	2	100	48.54	89	43.20
836	data/reference/motifs/JASPAR2026_CORE_plants_non-redundant_pfms_meme.txt	MA2384.1	estExt_Genewise1.C_2060077	SACGTGK	1.69e-1	1.00e0	9.27e2	249	206	206	206	7	7	3.40	3	1.46
837	data/reference/motifs/JASPAR2026_CORE_plants_non-redundant_pfms_meme.txt	MA2383.1	e_gw1.392.16.1	CTTTW	1.08e-1	1.00e0	9.27e2	412	206	206	206	135	5	2.43	1	0.49
838	data/reference/motifs/JASPAR2026_CORE_plants_non-redundant_pfms_meme.txt	MA2382.1	e_gw1.209.40.1	CACGTG	1.24e-1	1.00e0	9.27e2	398	206	206	206	26	3	1.46	0	0.00
839	data/reference/motifs/JASPAR2026_CORE_plants_non-redundant_pfms_meme.txt	MA2381.1	e_gw1.170.52.1	CTTT	2.25e-1	1.00e0	9.27e2	412	206	206	206	53	204	99.03	201	97.57
840	data/reference/motifs/JASPAR2026_CORE_plants_non-redundant_pfms_meme.txt	MA2380.1	DOF4.7	TWACTTTTT	1.80e-1	1.00e0	9.27e2	409	206	206	206	9	82	39.81	72	34.95
841	data/reference/motifs/JASPAR2026_CORE_plants_non-redundant_pfms_meme.txt	MA2379.1	DOF3.1	CKTT	1.28e-1	1.00e0	9.27e2	412	206	206	206	105	160	77.67	149	72.33
842	data/reference/motifs/JASPAR2026_CORE_plants_non-redundant_pfms_meme.txt	MA2375.1	BMY2	SRCACGTGTGR	5.00e-1	1.00e0	9.27e2	79	206	206	206	2	21	10.19	20	9.71
843	data/reference/motifs/JASPAR2026_CORE_plants_non-redundant_pfms_meme.txt	MA2368.1	WRKY51	RGTCAA	1.91e-1	1.00e0	9.27e2	412	206	206	206	35	152	73.79	143	69.42
844	data/reference/motifs/JASPAR2026_CORE_plants_non-redundant_pfms_meme.txt	MA2366.1	VOZ2	GCGT	2.51e-1	1.00e0	9.27e2	412	206	206	206	49	6	2.91	3	1.46
845	data/reference/motifs/JASPAR2026_CORE_plants_non-redundant_pfms_meme.txt	MA2365.1	VIT_17s0000g10420	GTTAACYV	1.84e-1	1.00e0	9.27e2	303	206	206	206	3	58	28.16	49	23.79
846	data/reference/motifs/JASPAR2026_CORE_plants_non-redundant_pfms_meme.txt	MA2364.1	VIT_15s0048g01150	GGGCCCAC	1.04e-1	1.00e0	9.27e2	350	206	206	206	2	145	70.39	132	64.08
847	data/reference/motifs/JASPAR2026_CORE_plants_non-redundant_pfms_meme.txt	MA2361.1	PRUPE_ppa000682mg	GTACGG	1.46e-1	1.00e0	9.27e2	412	206	206	206	38	15	7.28	9	4.37
848	data/reference/motifs/JASPAR2026_CORE_plants_non-redundant_pfms_meme.txt	MA2359.1	PK23829.1	TTATCCR	2.13e-1	1.00e0	9.27e2	369	206	206	206	5	25	12.14	19	9.22
849	data/reference/motifs/JASPAR2026_CORE_plants_non-redundant_pfms_meme.txt	MA2358.1	PK22320.1	GTACGG	1.92e-1	1.00e0	9.27e2	405	206	206	206	11	31	15.05	24	11.65
850	data/reference/motifs/JASPAR2026_CORE_plants_non-redundant_pfms_meme.txt	MA2353.1	PK02532.1	WAATATCT	2.75e-1	1.00e0	9.27e2	342	206	206	206	4	28	13.59	23	11.17
851	data/reference/motifs/JASPAR2026_CORE_plants_non-redundant_pfms_meme.txt	MA2351.1	OsEIL3	AGRTACAT	9.77e-2	1.00e0	9.27e2	401	206	206	206	4	125	60.68	111	53.88
852	data/reference/motifs/JASPAR2026_CORE_plants_non-redundant_pfms_meme.txt	MA2345.1	OS02G0104500	GTAAAW	3.12e-1	1.00e0	9.27e2	412	206	206	206	69	3	1.46	1	0.49
853	data/reference/motifs/JASPAR2026_CORE_plants_non-redundant_pfms_meme.txt	MA2106.1	Zm00001d024644	CCTTATCC	2.25e-1	1.00e0	9.27e2	409	206	206	206	14	5	2.43	2	0.97
854	data/reference/motifs/JASPAR2026_CORE_plants_non-redundant_pfms_meme.txt	MA1800.1	TEM1	GCAACATA	5.00e-1	1.00e0	9.27e2	388	206	206	206	4	71	34.47	70	33.98
855	data/reference/motifs/JASPAR2026_CORE_plants_non-redundant_pfms_meme.txt	MA1797.1	RAV2	GCAACATA	2.49e-1	1.00e0	9.27e2	248	206	206	206	5	2	0.97	0	0.00
856	data/reference/motifs/JASPAR2026_CORE_plants_non-redundant_pfms_meme.txt	MA1792.1	NAC098	CKTGTNNHACACGTHA	4.31e-1	1.00e0	9.27e2	94	206	206	206	2	19	9.22	17	8.25
857	data/reference/motifs/JASPAR2026_CORE_plants_non-redundant_pfms_meme.txt	MA1789.1	NAC071	CTTSWHYYTCAMGYA	4.55e-1	1.00e0	9.27e2	199	206	206	206	2	53	25.73	51	24.76
858	data/reference/motifs/JASPAR2026_CORE_plants_non-redundant_pfms_meme.txt	MA1788.1	NAC054	CTTGTNNHACACGYHAYCT	6.77e-1	1.00e0	9.27e2	48	206	206	206	1	23	11.17	25	12.14
859	data/reference/motifs/JASPAR2026_CORE_plants_non-redundant_pfms_meme.txt	MA1746.1	BZIP69	TGMCAGCTGTM	5.00e-1	1.00e0	9.27e2	54	206	206	206	2	6	2.91	5	2.43
860	data/reference/motifs/JASPAR2026_CORE_plants_non-redundant_pfms_meme.txt	MA1734.1	AT1G19040	CTTGNDCYBCAAGTWW	5.90e-1	1.00e0	9.27e2	59	206	206	206	2	10	4.85	10	4.85
861	data/reference/motifs/JASPAR2026_CORE_plants_non-redundant_pfms_meme.txt	MA1687.1	ARF14	CGGGGGACAYGTCGGG	6.22e-1	1.00e0	9.27e2	47	206	206	206	1	23	11.17	24	11.65
862	data/reference/motifs/JASPAR2026_CORE_plants_non-redundant_pfms_meme.txt	MA1686.1	ARF13	ARCGGGGGACAYGT	7.75e-1	1.00e0	9.27e2	80	206	206	206	3	3	1.46	4	1.94
863	data/reference/motifs/JASPAR2026_CORE_plants_non-redundant_pfms_meme.txt	MA2092.1	PK27149.1	TGACGTGK	3.24e-1	1.00e0	9.27e2	294	206	206	206	3	53	25.73	48	23.30
864	data/reference/motifs/JASPAR2026_CORE_plants_non-redundant_pfms_meme.txt	MA2090.1	PK26523.1	ATTCY	2.25e-1	1.00e0	9.27e2	412	206	206	206	26	204	99.03	201	97.57
865	data/reference/motifs/JASPAR2026_CORE_plants_non-redundant_pfms_meme.txt	MA2089.1	PK25870.1	RGTCAAM	1.24e-1	1.00e0	9.27e2	412	206	206	206	2	206	100.00	203	98.54
866	data/reference/motifs/JASPAR2026_CORE_plants_non-redundant_pfms_meme.txt	MA2087.1	PK24205.1	CACGTGKC	3.12e-1	1.00e0	9.27e2	144	206	206	206	4	3	1.46	1	0.49
867	data/reference/motifs/JASPAR2026_CORE_plants_non-redundant_pfms_meme.txt	MA2086.1	PK23964.1	KCCACGT	1.86e-1	1.00e0	9.27e2	411	206	206	206	21	4	1.94	1	0.49
868	data/reference/motifs/JASPAR2026_CORE_plants_non-redundant_pfms_meme.txt	MA2083.1	PK21166.1	YACCTACY	2.08e-1	1.00e0	9.27e2	409	206	206	206	14	9	4.37	5	2.43
869	data/reference/motifs/JASPAR2026_CORE_plants_non-redundant_pfms_meme.txt	MA2082.1	PK20392.1	AATMAT	3.46e-1	1.00e0	9.27e2	412	206	206	206	74	15	7.28	12	5.83
870	data/reference/motifs/JASPAR2026_CORE_plants_non-redundant_pfms_meme.txt	MA2080.1	PK20225.1	CACGTG	1.24e-1	1.00e0	9.27e2	412	206	206	206	32	3	1.46	0	0.00
871	data/reference/motifs/JASPAR2026_CORE_plants_non-redundant_pfms_meme.txt	MA2078.1	PK19363.1	CGCCGCCR	1.24e-1	1.00e0	9.27e2	298	206	206	206	16	3	1.46	0	0.00
872	data/reference/motifs/JASPAR2026_CORE_plants_non-redundant_pfms_meme.txt	MA2077.1	PK18474.1	CACGTGC	7.25e-1	1.00e0	9.27e2	51	206	206	206	2	24	11.65	27	13.11
873	data/reference/motifs/JASPAR2026_CORE_plants_non-redundant_pfms_meme.txt	MA2076.1	PK18401.1	GCACGTGG	2.49e-1	1.00e0	9.27e2	324	206	206	206	12	2	0.97	0	0.00
874	data/reference/motifs/JASPAR2026_CORE_plants_non-redundant_pfms_meme.txt	MA2075.1	PK18009.1	ACACGTG	5.00e-1	1.00e0	9.27e2	409	206	206	206	15	3	1.46	2	0.97
875	data/reference/motifs/JASPAR2026_CORE_plants_non-redundant_pfms_meme.txt	MA2073.1	PK16340.1	CKTT	1.85e-1	1.00e0	9.27e2	412	206	206	206	71	198	96.12	193	93.69
876	data/reference/motifs/JASPAR2026_CORE_plants_non-redundant_pfms_meme.txt	MA2072.1	PK16335.1	GACAGCTG	2.49e-1	1.00e0	9.27e2	367	206	206	206	13	2	0.97	0	0.00
877	data/reference/motifs/JASPAR2026_CORE_plants_non-redundant_pfms_meme.txt	MA2071.1	PK15505.1	GCACGTGT	7.25e-1	1.00e0	9.27e2	51	206	206	206	2	24	11.65	27	13.11
878	data/reference/motifs/JASPAR2026_CORE_plants_non-redundant_pfms_meme.txt	MA2069.1	PK10955.1	CTTTW	2.21e-1	1.00e0	9.27e2	412	206	206	206	31	27	13.11	21	10.19
879	data/reference/motifs/JASPAR2026_CORE_plants_non-redundant_pfms_meme.txt	MA2068.1	PK10344.1	GGGACCAC	6.81e-1	1.00e0	9.27e2	93	206	206	206	1	45	21.84	48	23.30
880	data/reference/motifs/JASPAR2026_CORE_plants_non-redundant_pfms_meme.txt	MA2065.1	PK08602.1	CCACCGCC	9.66e-1	1.00e0	9.27e2	33	206	206	206	1	12	5.83	21	10.19
881	data/reference/motifs/JASPAR2026_CORE_plants_non-redundant_pfms_meme.txt	MA2064.1	PK07858.1	CACGTGC	7.25e-1	1.00e0	9.27e2	51	206	206	206	2	24	11.65	27	13.11
882	data/reference/motifs/JASPAR2026_CORE_plants_non-redundant_pfms_meme.txt	MA2061.1	PK06517.1	CACGTGC	7.25e-1	1.00e0	9.27e2	51	206	206	206	2	24	11.65	27	13.11
883	data/reference/motifs/JASPAR2026_CORE_plants_non-redundant_pfms_meme.txt	MA2060.1	PK05451.1	CCACGTGM	7.25e-1	1.00e0	9.27e2	51	206	206	206	2	24	11.65	27	13.11
884	data/reference/motifs/JASPAR2026_CORE_plants_non-redundant_pfms_meme.txt	MA2059.1	PK05432.1	RGTCAA	1.31e-1	1.00e0	9.27e2	412	206	206	206	15	194	94.17	187	90.78
885	data/reference/motifs/JASPAR2026_CORE_plants_non-redundant_pfms_meme.txt	MA2058.1	PK03929.1	CTTTW	1.46e-1	1.00e0	9.27e2	412	206	206	206	38	201	97.57	196	95.15
886	data/reference/motifs/JASPAR2026_CORE_plants_non-redundant_pfms_meme.txt	MA2057.1	PK01630.1	GCACGTG	1.08e-1	1.00e0	9.27e2	387	206	206	206	17	5	2.43	1	0.49
887	data/reference/motifs/JASPAR2026_CORE_plants_non-redundant_pfms_meme.txt	MA1379.1	SOL1	WTTWAAAATTTAAAW	1.40e-1	1.00e0	9.27e2	375	206	206	206	7	37	17.96	28	13.59
888	data/reference/motifs/JASPAR2026_CORE_plants_non-redundant_pfms_meme.txt	MA1348.1	TGA9	GMTGACGTCAY	5.86e-1	1.00e0	9.27e2	87	206	206	206	2	11	5.34	11	5.34
889	data/reference/motifs/JASPAR2026_CORE_plants_non-redundant_pfms_meme.txt	MA1339.1	BZIP43	GCCACGTCAGCA	9.38e-1	1.00e0	9.27e2	40	206	206	206	2	1	0.49	3	1.46
890	data/reference/motifs/JASPAR2026_CORE_plants_non-redundant_pfms_meme.txt	MA1328.1	ZHD9	WTWAWHNVYTAATYA	2.51e-1	1.00e0	9.27e2	403	206	206	206	1	203	98.54	200	97.09
891	data/reference/motifs/JASPAR2026_CORE_plants_non-redundant_pfms_meme.txt	MA1324.1	GATA20	ATCSGATC	2.11e-1	1.00e0	9.27e2	247	206	206	206	1	128	62.14	119	57.77
892	data/reference/motifs/JASPAR2026_CORE_plants_non-redundant_pfms_meme.txt	MA1309.1	WRKY3	AAAAGTCAACG	3.00e-1	1.00e0	9.27e2	258	206	206	206	4	9	4.37	6	2.91
893	data/reference/motifs/JASPAR2026_CORE_plants_non-redundant_pfms_meme.txt	MA1235.1	AIL7	CGNWTYYCGAG	1.42e-1	1.00e0	9.27e2	369	206	206	206	4	68	33.01	57	27.67
894	data/reference/motifs/JASPAR2026_CORE_plants_non-redundant_pfms_meme.txt	MA1221.1	RAP2-6	TKGCGGCGGMGGHGG	5.52e-1	1.00e0	9.27e2	72	206	206	206	1	36	17.48	36	17.48
895	data/reference/motifs/JASPAR2026_CORE_plants_non-redundant_pfms_meme.txt	MA1162.1	TCX2	WTTYAAAATTYAAAW	2.49e-1	1.00e0	9.27e2	374	206	206	206	15	2	0.97	0	0.00
896	data/reference/motifs/JASPAR2026_CORE_plants_non-redundant_pfms_meme.txt	MA1097.1	ARALYDRAFT_493022	GGSMCCAC	3.98e-1	1.00e0	9.27e2	185	206	206	206	2	38	18.45	35	16.99
897	data/reference/motifs/JASPAR2026_CORE_plants_non-redundant_pfms_meme.txt	MA1096.1	ARALYDRAFT_496250	GGGACCAC	5.00e-1	1.00e0	9.27e2	84	206	206	206	2	4	1.94	3	1.46
898	data/reference/motifs/JASPAR2026_CORE_plants_non-redundant_pfms_meme.txt	MA1091.1	WRKY62	TGGTCAAC	2.53e-1	1.00e0	9.27e2	301	206	206	206	1	154	74.76	147	71.36
899	data/reference/motifs/JASPAR2026_CORE_plants_non-redundant_pfms_meme.txt	MA1084.1	WRKY38	CGTTGACC	1.16e-1	1.00e0	9.27e2	402	206	206	206	2	191	92.72	183	88.83
900	data/reference/motifs/JASPAR2026_CORE_plants_non-redundant_pfms_meme.txt	MA1080.1	WRKY23	AGTCAACG	5.00e-1	1.00e0	9.27e2	255	206	206	206	1	128	62.14	127	61.65
901	data/reference/motifs/JASPAR2026_CORE_plants_non-redundant_pfms_meme.txt	MA1067.1	TCP5	GGGACCAC	2.37e-1	1.00e0	9.27e2	150	206	206	206	1	79	38.35	71	34.47
902	data/reference/motifs/JASPAR2026_CORE_plants_non-redundant_pfms_meme.txt	MA1035.1	TCP4	GGGACCAC	3.81e-1	1.00e0	9.27e2	158	206	206	206	1	81	39.32	77	37.38
903	data/reference/motifs/JASPAR2026_CORE_plants_non-redundant_pfms_meme.txt	MA1034.1	Os05g0497200	CGSCGCCR	5.00e-1	1.00e0	9.27e2	63	206	206	206	4	2	0.97	1	0.49
904	data/reference/motifs/JASPAR2026_CORE_plants_non-redundant_pfms_meme.txt	MA1033.1	OJ1058_F05.8	MCACGTGK	3.07e-1	1.00e0	9.27e2	164	206	206	206	2	85	41.26	79	38.35
905	data/reference/motifs/JASPAR2026_CORE_plants_non-redundant_pfms_meme.txt	MA1028.1	KAN4	GAATATTC	4.60e-1	1.00e0	9.27e2	343	206	206	206	4	118	57.28	116	56.31
906	data/reference/motifs/JASPAR2026_CORE_plants_non-redundant_pfms_meme.txt	MA1013.1	GATA10	TAGATCTG	2.34e-1	1.00e0	9.27e2	209	206	206	206	5	19	9.22	14	6.80
907	data/reference/motifs/JASPAR2026_CORE_plants_non-redundant_pfms_meme.txt	MA1009.1	ARF3	TGTCGGAA	1.42e-1	1.00e0	9.27e2	347	206	206	206	7	6	2.91	2	0.97
908	data/reference/motifs/JASPAR2026_CORE_plants_non-redundant_pfms_meme.txt	MA0986.1	DREB2C	CACCGACA	3.12e-1	1.00e0	9.27e2	329	206	206	206	10	3	1.46	1	0.49
909	data/reference/motifs/JASPAR2026_CORE_plants_non-redundant_pfms_meme.txt	MA0978.1	DREB1E	ATGTCGGC	7.87e-1	1.00e0	9.27e2	195	206	206	206	3	12	5.83	15	7.28
910	data/reference/motifs/JASPAR2026_CORE_plants_non-redundant_pfms_meme.txt	MA0977.1	DOF2.5	AWAAAGTG	2.17e-1	1.00e0	9.27e2	412	206	206	206	17	26	12.62	20	9.71
911	data/reference/motifs/JASPAR2026_CORE_plants_non-redundant_pfms_meme.txt	MA0967.1	BZIP60	TGACGTCA	1.99e-1	1.00e0	9.27e2	395	206	206	206	4	180	87.38	173	83.98
912	data/reference/motifs/JASPAR2026_CORE_plants_non-redundant_pfms_meme.txt	MA0960.1	BHLH104	GGCACGTGCC	7.75e-1	1.00e0	9.27e2	41	206	206	206	4	3	1.46	4	1.94
913	data/reference/motifs/JASPAR2026_CORE_plants_non-redundant_pfms_meme.txt	MA0957.1	BHLH3	GCACGTGC	1.24e-1	1.00e0	9.27e2	305	206	206	206	16	3	1.46	0	0.00
914	data/reference/motifs/JASPAR2026_CORE_plants_non-redundant_pfms_meme.txt	MA0951.1	ATHB-16	TAATMATT	2.36e-1	1.00e0	9.27e2	403	206	206	206	4	165	80.10	158	76.70
915	data/reference/motifs/JASPAR2026_CORE_plants_non-redundant_pfms_meme.txt	MA0947.1	ARR14	AGATWCGS	2.47e-1	1.00e0	9.27e2	323	206	206	206	3	55	26.70	48	23.30
916	data/reference/motifs/JASPAR2026_CORE_plants_non-redundant_pfms_meme.txt	MA0939.1	NAC079	ACACGCAA	2.34e-1	1.00e0	9.27e2	271	206	206	206	2	75	36.41	67	32.52
917	data/reference/motifs/JASPAR2026_CORE_plants_non-redundant_pfms_meme.txt	MA0937.1	NAC055	ACACGTAA	5.00e-1	1.00e0	9.27e2	401	206	206	206	12	5	2.43	4	1.94
918	data/reference/motifs/JASPAR2026_CORE_plants_non-redundant_pfms_meme.txt	MA0935.1	NAC025	YACGTAAY	4.60e-1	1.00e0	9.27e2	252	206	206	206	1	127	61.65	125	60.68
919	data/reference/motifs/JASPAR2026_CORE_plants_non-redundant_pfms_meme.txt	MA0933.1	AHL20	AATTAAWT	2.08e-1	1.00e0	9.27e2	412	206	206	206	115	9	4.37	5	2.43
920	data/reference/motifs/JASPAR2026_CORE_plants_non-redundant_pfms_meme.txt	MA0932.1	AHL12	AAWWWWTT	1.64e-1	1.00e0	9.27e2	412	206	206	206	52	195	94.66	189	91.75
921	data/reference/motifs/JASPAR2026_CORE_plants_non-redundant_pfms_meme.txt	MA0567.1	ERF1B	MGCCGCCA	1.69e-1	1.00e0	9.27e2	244	206	206	206	6	7	3.40	3	1.46
922	data/reference/motifs/JASPAR2026_CORE_plants_non-redundant_pfms_meme.txt	MA0561.1	PIF4	CACGTGSC	3.71e-1	1.00e0	9.27e2	107	206	206	206	2	22	10.68	19	9.22
923	data/reference/motifs/JASPAR2026_CORE_plants_non-redundant_pfms_meme.txt	MA0129.1	TGA1A	HACGTCA	2.10e-1	1.00e0	9.27e2	412	206	206	206	7	129	62.62	120	58.25
924	data/reference/motifs/JASPAR2026_CORE_plants_non-redundant_pfms_meme.txt	MA0128.1	EmBP-1	ASACGTGG	5.00e-1	1.00e0	9.27e2	320	206	206	206	3	50	24.27	49	23.79
925	data/reference/motifs/JASPAR2026_CORE_plants_non-redundant_pfms_meme.txt	MA0123.1	abi4	CGSYGCCCCC	3.12e-1	1.00e0	9.27e2	269	206	206	206	12	3	1.46	1	0.49
926	data/reference/motifs/JASPAR2026_CORE_plants_non-redundant_pfms_meme.txt	MA0021.1	Dof3	AAAGYV	3.59e-1	1.00e0	9.27e2	412	206	206	206	3	191	92.72	188	91.26
927	data/reference/motifs/JASPAR2026_CORE_plants_non-redundant_pfms_meme.txt	MA1352.1	TRP1	ACCCTAAACCCTAAACCCTAA	1.00e0	1.00e0	9.27e2	1	206	206	206	1	0	0.00	1	0.49

# AME (Analysis of Motif Enrichment): Version 5.5.9 compiled on May 27 2026 at 12:40:54
# The format of this file is described at https://meme-suite.org/meme/doc/ame-output-format.html.
# ame --verbose 1 --text --control results/evidence/motifs/inputs/backgrounds/1000/replicate_066.fa --method fisher --scoring totalhits --hit-lo-fraction 0.25 --evalue-report-threshold 1000000 --noseq results/evidence/motifs/inputs/frozen_candidates_1000bp.fa data/reference/motifs/JASPAR2026_CORE_plants_non-redundant_pfms_meme.txt
