2	data/reference/motifs/JASPAR2026_CORE_plants_non-redundant_pfms_meme.txt	MA2058.1	PK03929.1	CTTTW	7.74e-4	2.73e-1	2.53e2	412	206	206	206	36	205	99.51	193	93.69
3	data/reference/motifs/JASPAR2026_CORE_plants_non-redundant_pfms_meme.txt	MA2023.2	PHL4	RGAATATTCC	3.08e-3	4.55e-1	4.22e2	197	206	206	206	3	31	15.05	13	6.31
4	data/reference/motifs/JASPAR2026_CORE_plants_non-redundant_pfms_meme.txt	MA2724.1	SlTCP18	GTGGGVCCCAC	4.09e-3	4.93e-1	4.57e2	166	206	206	206	2	79	38.35	53	25.73
5	data/reference/motifs/JASPAR2026_CORE_plants_non-redundant_pfms_meme.txt	MA0950.1	ATHB-12	AATGATTG	1.71e-3	5.05e-1	4.68e2	412	206	206	206	14	202	98.06	188	91.26
6	data/reference/motifs/JASPAR2026_CORE_plants_non-redundant_pfms_meme.txt	MA2739.1	SlTCP12	GTGGGACCCAC	5.79e-3	6.17e-1	5.72e2	166	206	206	206	2	70	33.98	46	22.33
7	data/reference/motifs/JASPAR2026_CORE_plants_non-redundant_pfms_meme.txt	MA2498.1	LSH1	AAACAGTG	2.94e-3	7.01e-1	6.50e2	410	206	206	206	6	143	69.42	115	55.83
8	data/reference/motifs/JASPAR2026_CORE_plants_non-redundant_pfms_meme.txt	MA2387.1	NAC094	YGCCGTRNHNNHCACG	2.07e-2	7.54e-1	6.99e2	67	206	206	206	2	22	10.68	10	4.85
9	data/reference/motifs/JASPAR2026_CORE_plants_non-redundant_pfms_meme.txt	MA1321.2	SPL13A	TGTACGGA	5.50e-3	7.55e-1	7.00e2	256	206	206	206	1	141	68.45	115	55.83
10	data/reference/motifs/JASPAR2026_CORE_plants_non-redundant_pfms_meme.txt	MA2343.1	MYB3R3	CGCCGTTA	3.66e-3	7.66e-1	7.10e2	397	206	206	206	5	105	50.97	77	37.38
11	data/reference/motifs/JASPAR2026_CORE_plants_non-redundant_pfms_meme.txt	MA1389.2	PHL1	AARGAATATTCB	6.61e-3	7.76e-1	7.19e2	226	206	206	206	1	126	61.17	100	48.54
12	data/reference/motifs/JASPAR2026_CORE_plants_non-redundant_pfms_meme.txt	MA2345.1	OS02G0104500	GTAAAW	3.79e-3	7.90e-1	7.32e2	412	206	206	206	40	186	90.29	166	80.58
13	data/reference/motifs/JASPAR2026_CORE_plants_non-redundant_pfms_meme.txt	MA1282.2	TCP13	GTGGGGACCAC	2.30e-2	7.94e-1	7.36e2	68	206	206	206	1	42	20.39	26	12.62
14	data/reference/motifs/JASPAR2026_CORE_plants_non-redundant_pfms_meme.txt	MA1287.2	TCP21	GTGGGMCCCAC	1.46e-2	8.50e-1	7.88e2	130	206	206	206	2	31	15.05	16	7.77
15	data/reference/motifs/JASPAR2026_CORE_plants_non-redundant_pfms_meme.txt	MA1059.3	SPL5	TGTACGGAH	8.89e-2	8.58e-1	7.96e2	21	206	206	206	1	14	6.80	7	3.40
16	data/reference/motifs/JASPAR2026_CORE_plants_non-redundant_pfms_meme.txt	MA1086.2	WRKY43	RGTCAA	5.76e-3	9.07e-1	8.41e2	412	206	206	206	20	204	99.03	194	94.17
17	data/reference/motifs/JASPAR2026_CORE_plants_non-redundant_pfms_meme.txt	MA1403.1	BPC5	AGAGAGAGAGAGAGAGAGAGAGAGAGAGAG	1.46e-1	9.07e-1	8.41e2	15	206	206	206	1	10	4.85	5	2.43
18	data/reference/motifs/JASPAR2026_CORE_plants_non-redundant_pfms_meme.txt	MA1417.2	O2	TGCCACGTCATC	1.86e-2	9.07e-1	8.41e2	128	206	206	206	2	18	8.74	7	3.40
19	data/reference/motifs/JASPAR2026_CORE_plants_non-redundant_pfms_meme.txt	MA1404.1	BPC1	GAGAGAGAGAGAGAGAGAGAGAGA	5.25e-2	9.17e-1	8.50e2	46	206	206	206	13	8	3.88	2	0.97
20	data/reference/motifs/JASPAR2026_CORE_plants_non-redundant_pfms_meme.txt	MA2373.1	AZF2	ASTG	6.26e-3	9.24e-1	8.57e2	412	206	206	206	75	188	91.26	170	82.52
21	data/reference/motifs/JASPAR2026_CORE_plants_non-redundant_pfms_meme.txt	MA2664.1	GLYMA-03G162700	GGYGGYGGCGGCGGMGGCGGYGG	1.42e-1	9.37e-1	8.68e2	18	206	206	206	4	6	2.91	2	0.97
22	data/reference/motifs/JASPAR2026_CORE_plants_non-redundant_pfms_meme.txt	MA1158.2	MGP	AAAACGACAAAAA	1.47e-2	9.38e-1	8.70e2	189	206	206	206	1	106	51.46	83	40.29
23	data/reference/motifs/JASPAR2026_CORE_plants_non-redundant_pfms_meme.txt	MA1363.1	LRL2	CGTGNKWBGCACGTG	3.05e-2	9.40e-1	8.72e2	91	206	206	206	3	5	2.43	0	0.00
24	data/reference/motifs/JASPAR2026_CORE_plants_non-redundant_pfms_meme.txt	MA2650.1	GLYMA-05G027400	GTGGGCCCCAC	2.19e-2	9.42e-1	8.73e2	130	206	206	206	1	75	36.41	55	26.70
25	data/reference/motifs/JASPAR2026_CORE_plants_non-redundant_pfms_meme.txt	MA2085.1	PK23763.1	CTTTW	7.08e-3	9.46e-1	8.77e2	412	206	206	206	35	201	97.57	189	91.75
26	data/reference/motifs/JASPAR2026_CORE_plants_non-redundant_pfms_meme.txt	MA1402.1	BPC6	CTCTCTCTCTCTCTCTCTCTC	6.76e-2	9.54e-1	8.84e2	44	206	206	206	7	12	5.83	5	2.43
27	data/reference/motifs/JASPAR2026_CORE_plants_non-redundant_pfms_meme.txt	MA2358.1	PK22320.1	GTACGG	7.77e-3	9.57e-1	8.88e2	406	206	206	206	12	23	11.17	9	4.37
28	data/reference/motifs/JASPAR2026_CORE_plants_non-redundant_pfms_meme.txt	MA2744.1	SlWRKY40	AAAGTCAA	7.73e-3	9.58e-1	8.88e2	411	206	206	206	9	54	26.21	33	16.02
29	data/reference/motifs/JASPAR2026_CORE_plants_non-redundant_pfms_meme.txt	MA1288.2	TCP22	GTGGGHCCCAC	3.24e-2	9.61e-1	8.91e2	99	206	206	206	1	58	28.16	41	19.90
30	data/reference/motifs/JASPAR2026_CORE_plants_non-redundant_pfms_meme.txt	MA1089.2	WRKY57	RGTCAA	7.97e-3	9.62e-1	8.92e2	412	206	206	206	37	30	14.56	14	6.80
31	data/reference/motifs/JASPAR2026_CORE_plants_non-redundant_pfms_meme.txt	MA1810.2	GLYMA-08G357600	ATGCATGCA	8.76e-3	9.64e-1	8.93e2	378	206	206	206	10	27	13.11	12	5.83
32	data/reference/motifs/JASPAR2026_CORE_plants_non-redundant_pfms_meme.txt	MA2655.1	GLYMA-08G218600	AAAAGTCAA	8.29e-3	9.67e-1	8.97e2	412	206	206	206	8	71	34.47	48	23.30
33	data/reference/motifs/JASPAR2026_CORE_plants_non-redundant_pfms_meme.txt	MA2473.1	HB88	TTGATTG	8.32e-3	9.68e-1	8.97e2	412	206	206	206	20	100	48.54	75	36.41
34	data/reference/motifs/JASPAR2026_CORE_plants_non-redundant_pfms_meme.txt	MA1416.1	RAMOSA1	GAGAGAGAGAGAGA	3.10e-2	9.69e-1	8.98e2	112	206	206	206	13	9	4.37	2	0.97
35	data/reference/motifs/JASPAR2026_CORE_plants_non-redundant_pfms_meme.txt	MA2721.1	Sl-ERF_C_6	YCGCCGCCGCCRCCRCCGCC	8.74e-2	9.69e-1	8.98e2	38	206	206	206	5	7	3.40	2	0.97
36	data/reference/motifs/JASPAR2026_CORE_plants_non-redundant_pfms_meme.txt	MA1696.2	ARF39	GGGGRACACGT	1.02e-2	9.69e-1	8.98e2	340	206	206	206	7	11	5.34	2	0.97
37	data/reference/motifs/JASPAR2026_CORE_plants_non-redundant_pfms_meme.txt	MA1662.2	AT3G10030	TTAACAGA	8.55e-3	9.69e-1	8.98e2	407	206	206	206	3	181	87.86	162	78.64
38	data/reference/motifs/JASPAR2026_CORE_plants_non-redundant_pfms_meme.txt	MA1283.2	TCP14	ADAGVDBGTGGGDCCCAC	2.72e-1	9.69e-1	8.99e2	11	206	206	206	1	7	3.40	4	1.94
39	data/reference/motifs/JASPAR2026_CORE_plants_non-redundant_pfms_meme.txt	MA1044.2	NAC92	RCAMGCCA	8.52e-3	9.70e-1	8.99e2	410	206	206	206	15	39	18.93	21	10.19
40	data/reference/motifs/JASPAR2026_CORE_plants_non-redundant_pfms_meme.txt	MA2623.1	hb66	CCAATCA	8.55e-3	9.71e-1	9.00e2	412	206	206	206	21	44	21.36	25	12.14
41	data/reference/motifs/JASPAR2026_CORE_plants_non-redundant_pfms_meme.txt	MA2718.1	Sl-ERF_A_3	GGYGGCGGCGGCGGCGG	1.08e-1	9.71e-1	9.00e2	31	206	206	206	3	5	2.43	1	0.49
42	data/reference/motifs/JASPAR2026_CORE_plants_non-redundant_pfms_meme.txt	MA2734.1	Sl-ERF_F_5	CCGCCGCCGCCRCCRCC	5.30e-2	9.71e-1	9.00e2	65	206	206	206	2	22	10.68	12	5.83
43	data/reference/motifs/JASPAR2026_CORE_plants_non-redundant_pfms_meme.txt	MA2452.1	SPL8A	ATAGTACTC	9.91e-3	9.71e-1	9.00e2	357	206	206	206	1	187	90.78	170	82.52
44	data/reference/motifs/JASPAR2026_CORE_plants_non-redundant_pfms_meme.txt	MA0974.3	CDF3	AAAAAGTG	8.61e-3	9.71e-1	9.00e2	412	206	206	206	8	104	50.49	79	38.35
45	data/reference/motifs/JASPAR2026_CORE_plants_non-redundant_pfms_meme.txt	MA2475.1	HOX6	TGATTG	9.22e-3	9.78e-1	9.06e2	412	206	206	206	30	45	21.84	26	12.62
46	data/reference/motifs/JASPAR2026_CORE_plants_non-redundant_pfms_meme.txt	MA0987.2	PHYPADRAFT_140773	AAAG	1.02e-2	9.85e-1	9.13e2	412	206	206	206	53	204	99.03	195	94.66
47	data/reference/motifs/JASPAR2026_CORE_plants_non-redundant_pfms_meme.txt	MA2381.1	e_gw1.170.52.1	CTTT	1.02e-2	9.85e-1	9.13e2	412	206	206	206	53	204	99.03	195	94.66
48	data/reference/motifs/JASPAR2026_CORE_plants_non-redundant_pfms_meme.txt	MA0939.1	NAC079	ACACGCAA	1.67e-2	9.86e-1	9.14e2	257	206	206	206	2	75	36.41	54	26.21
49	data/reference/motifs/JASPAR2026_CORE_plants_non-redundant_pfms_meme.txt	MA1819.2	Zm00001d005892	CGCCGCCG	2.40e-2	9.90e-1	9.18e2	191	206	206	206	1	106	51.46	85	41.26
50	data/reference/motifs/JASPAR2026_CORE_plants_non-redundant_pfms_meme.txt	MA2360.1	PK28565.1	TAACBGTC	1.14e-2	9.90e-1	9.18e2	402	206	206	206	2	189	91.75	173	83.98
51	data/reference/motifs/JASPAR2026_CORE_plants_non-redundant_pfms_meme.txt	MA2609.1	ereb172	CAGCCGCA	1.36e-2	9.90e-1	9.18e2	340	206	206	206	2	134	65.05	111	53.88
52	data/reference/motifs/JASPAR2026_CORE_plants_non-redundant_pfms_meme.txt	MA2611.1	ereb209	GCGCCGC	6.88e-1	9.91e-1	9.18e2	4	206	206	206	1	2	0.97	2	0.97
53	data/reference/motifs/JASPAR2026_CORE_plants_non-redundant_pfms_meme.txt	MA2049.2	NAC053	CAAGAAA	1.15e-2	9.91e-1	9.18e2	408	206	206	206	11	16	7.77	5	2.43
54	data/reference/motifs/JASPAR2026_CORE_plants_non-redundant_pfms_meme.txt	MA1355.2	TRB2	WARCCCTAAWT	3.01e-2	9.91e-1	9.19e2	158	206	206	206	2	21	10.19	10	4.85
55	data/reference/motifs/JASPAR2026_CORE_plants_non-redundant_pfms_meme.txt	MA1197.2	CAMTA1	AARCGCGTG	3.92e-2	9.93e-1	9.21e2	127	206	206	206	2	28	13.59	16	7.77
56	data/reference/motifs/JASPAR2026_CORE_plants_non-redundant_pfms_meme.txt	MA1776.3	MYB67	TACCTAACA	1.33e-2	9.95e-1	9.22e2	393	206	206	206	6	51	24.76	32	15.53
57	data/reference/motifs/JASPAR2026_CORE_plants_non-redundant_pfms_meme.txt	MA1673.2	LBD18	GCCGGAAA	1.39e-2	9.95e-1	9.23e2	387	206	206	206	8	35	16.99	19	9.22
58	data/reference/motifs/JASPAR2026_CORE_plants_non-redundant_pfms_meme.txt	MA2423.1	OsbZIP69	GMTGACGTGGCA	5.59e-2	9.96e-1	9.23e2	94	206	206	206	2	11	5.34	4	1.94
59	data/reference/motifs/JASPAR2026_CORE_plants_non-redundant_pfms_meme.txt	MA2708.1	SlDof4	AGAAAAAGTAA	1.32e-2	9.96e-1	9.23e2	412	206	206	206	6	168	81.55	148	71.84
60	data/reference/motifs/JASPAR2026_CORE_plants_non-redundant_pfms_meme.txt	MA1820.2	Zm00001d024324	CGCCGCCGC	3.19e-2	9.96e-1	9.23e2	172	206	206	206	2	49	23.79	33	16.02
61	data/reference/motifs/JASPAR2026_CORE_plants_non-redundant_pfms_meme.txt	MA2756.1	dfo23	TACCTTTTTCT	1.37e-2	9.96e-1	9.24e2	412	206	206	206	3	202	98.06	192	93.20
62	data/reference/motifs/JASPAR2026_CORE_plants_non-redundant_pfms_meme.txt	MA1682.2	TCX3	AAATTCAAATWT	1.43e-2	9.97e-1	9.24e2	406	206	206	206	9	46	22.33	28	13.59
63	data/reference/motifs/JASPAR2026_CORE_plants_non-redundant_pfms_meme.txt	MA2666.1	GLYMA-12G117000	GGMGGCGGYGGCGGMGG	8.48e-2	9.98e-1	9.25e2	68	206	206	206	3	18	8.74	10	4.85
64	data/reference/motifs/JASPAR2026_CORE_plants_non-redundant_pfms_meme.txt	MA2661.1	GLYMA-03G081700	CTACGTGGCA	1.67e-2	9.98e-1	9.25e2	364	206	206	206	4	75	36.41	54	26.21
65	data/reference/motifs/JASPAR2026_CORE_plants_non-redundant_pfms_meme.txt	MA1688.2	ARF16	CAAGACAAGA	1.49e-2	9.98e-1	9.25e2	411	206	206	206	8	108	52.43	85	41.26
66	data/reference/motifs/JASPAR2026_CORE_plants_non-redundant_pfms_meme.txt	MA2380.1	DOF4.7	TWACTTTTT	1.49e-2	9.98e-1	9.25e2	411	206	206	206	13	17	8.25	6	2.91
67	data/reference/motifs/JASPAR2026_CORE_plants_non-redundant_pfms_meme.txt	MA2418.1	IG1	CTGCCGCCA	2.25e-2	9.98e-1	9.25e2	275	206	206	206	2	95	46.12	74	35.92
68	data/reference/motifs/JASPAR2026_CORE_plants_non-redundant_pfms_meme.txt	MA2079.1	PK19717.1	GGGSCCCMC	2.09e-2	9.98e-1	9.25e2	296	206	206	206	6	35	16.99	20	9.71
69	data/reference/motifs/JASPAR2026_CORE_plants_non-redundant_pfms_meme.txt	MA1208.2	GT-2	WTTTTTACCGY	1.52e-2	9.98e-1	9.25e2	410	206	206	206	9	36	17.48	20	9.71
70	data/reference/motifs/JASPAR2026_CORE_plants_non-redundant_pfms_meme.txt	MA2722.1	Sl-ERF_F_2	CGGCGGCKGCGGCGR	1.26e-1	9.98e-1	9.25e2	47	206	206	206	2	13	6.31	7	3.40
71	data/reference/motifs/JASPAR2026_CORE_plants_non-redundant_pfms_meme.txt	MA1057.2	SPL12	GTACGG	1.54e-2	9.98e-1	9.25e2	410	206	206	206	8	143	69.42	121	58.74
72	data/reference/motifs/JASPAR2026_CORE_plants_non-redundant_pfms_meme.txt	MA1062.3	TCP15	GTGGGWCCCAC	4.92e-2	9.98e-1	9.25e2	130	206	206	206	2	65	31.55	49	23.79
73	data/reference/motifs/JASPAR2026_CORE_plants_non-redundant_pfms_meme.txt	MA0998.2	ERF096	GCCGCC	1.62e-2	9.98e-1	9.25e2	396	206	206	206	5	140	67.96	118	57.28
74	data/reference/motifs/JASPAR2026_CORE_plants_non-redundant_pfms_meme.txt	MA1750.1	E2FE	TTTTTGGCGGGAAAA	6.57e-1	9.98e-1	9.26e2	6	206	206	206	1	3	1.46	3	1.46
75	data/reference/motifs/JASPAR2026_CORE_plants_non-redundant_pfms_meme.txt	MA1732.1	E2FD	TTTTTGGCGGGAAAA	6.57e-1	9.98e-1	9.26e2	6	206	206	206	1	3	1.46	3	1.46
76	data/reference/motifs/JASPAR2026_CORE_plants_non-redundant_pfms_meme.txt	MA2391.1	Lg3	TGACRKC	1.60e-2	9.99e-1	9.26e2	409	206	206	206	2	203	98.54	194	94.17
77	data/reference/motifs/JASPAR2026_CORE_plants_non-redundant_pfms_meme.txt	MA1228.2	ERF091	RYGGCGGCGGHGG	1.08e-1	9.99e-1	9.26e2	58	206	206	206	3	5	2.43	1	0.49
78	data/reference/motifs/JASPAR2026_CORE_plants_non-redundant_pfms_meme.txt	MA1166.2	PHL12	AARRGAATATTC	3.32e-2	9.99e-1	9.26e2	201	206	206	206	3	18	8.74	8	3.88
79	data/reference/motifs/JASPAR2026_CORE_plants_non-redundant_pfms_meme.txt	MA1430.2	TB1	GGSCCCCCC	6.75e-2	9.99e-1	9.26e2	100	206	206	206	1	57	27.67	43	20.87
80	data/reference/motifs/JASPAR2026_CORE_plants_non-redundant_pfms_meme.txt	MA1291.1	TCP7	GTGGGRCCCAC	6.70e-2	9.99e-1	9.26e2	98	206	206	206	2	20	9.71	11	5.34
81	data/reference/motifs/JASPAR2026_CORE_plants_non-redundant_pfms_meme.txt	MA1066.1	TCP23	GGGCCCAC	2.94e-2	9.99e-1	9.26e2	234	206	206	206	3	47	22.82	31	15.05
82	data/reference/motifs/JASPAR2026_CORE_plants_non-redundant_pfms_meme.txt	MA2610.1	ereb97	CGCCGCCGCC	5.00e-1	9.99e-1	9.26e2	10	206	206	206	3	1	0.49	0	0.00
83	data/reference/motifs/JASPAR2026_CORE_plants_non-redundant_pfms_meme.txt	MA1832.2	Zm00001d002364	CGCCGCCGCC	5.00e-1	9.99e-1	9.26e2	10	206	206	206	3	1	0.49	0	0.00
84	data/reference/motifs/JASPAR2026_CORE_plants_non-redundant_pfms_meme.txt	MA1818.1	Zm00001d052229	CGCCGCCGCC	5.00e-1	9.99e-1	9.26e2	10	206	206	206	3	1	0.49	0	0.00
85	data/reference/motifs/JASPAR2026_CORE_plants_non-redundant_pfms_meme.txt	MA2752.1	TaOBF1b	TGCCACGTCATCATC	4.52e-2	9.99e-1	9.26e2	157	206	206	206	2	30	14.56	18	8.74
86	data/reference/motifs/JASPAR2026_CORE_plants_non-redundant_pfms_meme.txt	MA2619.1	ereb18	CCGCCGCCGCCCGCC	8.52e-2	9.99e-1	9.26e2	80	206	206	206	1	46	22.33	34	16.50
87	data/reference/motifs/JASPAR2026_CORE_plants_non-redundant_pfms_meme.txt	MA1284.2	TCP1	GTGGGCCCCAC	8.52e-2	9.99e-1	9.26e2	80	206	206	206	1	46	22.33	34	16.50
88	data/reference/motifs/JASPAR2026_CORE_plants_non-redundant_pfms_meme.txt	MA1799.2	SPL10	GTACGR	1.81e-2	9.99e-1	9.26e2	401	206	206	206	4	148	71.84	127	61.65
89	data/reference/motifs/JASPAR2026_CORE_plants_non-redundant_pfms_meme.txt	MA2743.1	SlWRKY23	AAAGTCAAM	1.83e-2	9.99e-1	9.26e2	399	206	206	206	8	15	7.28	5	2.43
90	data/reference/motifs/JASPAR2026_CORE_plants_non-redundant_pfms_meme.txt	MA2434.1	SPL16A	AGCGGTAGTAC	3.05e-2	9.99e-1	9.26e2	241	206	206	206	5	5	2.43	0	0.00
91	data/reference/motifs/JASPAR2026_CORE_plants_non-redundant_pfms_meme.txt	MA2356.1	PK20555.1	CTTTW	1.79e-2	9.99e-1	9.26e2	412	206	206	206	88	204	99.03	196	95.15
92	data/reference/motifs/JASPAR2026_CORE_plants_non-redundant_pfms_meme.txt	MA1280.2	DOF5.4	AAAAAGK	1.79e-2	9.99e-1	9.26e2	412	206	206	206	16	10	4.85	2	0.97
93	data/reference/motifs/JASPAR2026_CORE_plants_non-redundant_pfms_meme.txt	MA1822.2	Zm00001d018571	GTACGTAC	2.17e-2	9.99e-1	9.26e2	341	206	206	206	7	41	19.90	25	12.14
94	data/reference/motifs/JASPAR2026_CORE_plants_non-redundant_pfms_meme.txt	MA2399.1	LjSGA_053525.1	GGGCCCAC	4.47e-2	1.00e0	9.27e2	172	206	206	206	1	95	46.12	77	37.38
95	data/reference/motifs/JASPAR2026_CORE_plants_non-redundant_pfms_meme.txt	MA1408.2	FaEOBII	GTTAGGTA	1.91e-2	1.00e0	9.27e2	411	206	206	206	13	39	18.93	23	11.17
96	data/reference/motifs/JASPAR2026_CORE_plants_non-redundant_pfms_meme.txt	MA1289.2	TCP3	GGGACCAC	7.26e-2	1.00e0	9.27e2	108	206	206	206	1	61	29.61	47	22.82
97	data/reference/motifs/JASPAR2026_CORE_plants_non-redundant_pfms_meme.txt	MA2052.2	ZAT6	AATGATTG	1.91e-2	1.00e0	9.27e2	412	206	206	206	15	119	57.77	97	47.09
98	data/reference/motifs/JASPAR2026_CORE_plants_non-redundant_pfms_meme.txt	MA1065.3	TCP20	GTGGGWCCCAC	5.80e-2	1.00e0	9.27e2	136	206	206	206	1	76	36.89	60	29.13
99	data/reference/motifs/JASPAR2026_CORE_plants_non-redundant_pfms_meme.txt	MA1384.1	PHL7	AAARGAATATTCY	3.38e-2	1.00e0	9.27e2	238	206	206	206	4	7	3.40	1	0.49
100	data/reference/motifs/JASPAR2026_CORE_plants_non-redundant_pfms_meme.txt	MA2006.2	NAC020	GGTTGCKTGTDNMACAAGTAA	1.97e-1	1.00e0	9.27e2	38	206	206	206	1	22	10.68	16	7.77
101	data/reference/motifs/JASPAR2026_CORE_plants_non-redundant_pfms_meme.txt	MA2737.1	SlERF36	CMGCCGCCAC	3.16e-2	1.00e0	9.27e2	267	206	206	206	1	143	69.42	124	60.19
102	data/reference/motifs/JASPAR2026_CORE_plants_non-redundant_pfms_meme.txt	MA0973.2	CDF2	AAAAAGY	2.05e-2	1.00e0	9.27e2	412	206	206	206	16	190	92.23	176	85.44
103	data/reference/motifs/JASPAR2026_CORE_plants_non-redundant_pfms_meme.txt	MA0110.4	ATHB-5	CAATCATT	2.08e-2	1.00e0	9.27e2	412	206	206	206	14	163	79.13	144	69.90
104	data/reference/motifs/JASPAR2026_CORE_plants_non-redundant_pfms_meme.txt	MA0935.1	NAC025	YACGTAAY	3.65e-2	1.00e0	9.27e2	235	206	206	206	1	127	61.65	108	52.43
105	data/reference/motifs/JASPAR2026_CORE_plants_non-redundant_pfms_meme.txt	MA1758.2	HSFA1E	AGAAGCTTCTAGAA	7.60e-2	1.00e0	9.27e2	114	206	206	206	1	64	31.07	50	24.27
106	data/reference/motifs/JASPAR2026_CORE_plants_non-redundant_pfms_meme.txt	MA2480.1	GLYMA-04G093300	CTAATC	2.33e-2	1.00e0	9.27e2	373	206	206	206	4	66	32.04	47	22.82
107	data/reference/motifs/JASPAR2026_CORE_plants_non-redundant_pfms_meme.txt	MA1381.2	AT3G46070	TCACTCT	2.14e-2	1.00e0	9.27e2	406	206	206	206	6	90	43.69	69	33.50
108	data/reference/motifs/JASPAR2026_CORE_plants_non-redundant_pfms_meme.txt	MA2476.1	KNAT7	TGACRKCT	3.05e-2	1.00e0	9.27e2	285	206	206	206	6	5	2.43	0	0.00
109	data/reference/motifs/JASPAR2026_CORE_plants_non-redundant_pfms_meme.txt	MA1266.2	RAP2-11	YCDYCGCCGGC	6.70e-2	1.00e0	9.27e2	130	206	206	206	2	31	15.05	20	9.71
110	data/reference/motifs/JASPAR2026_CORE_plants_non-redundant_pfms_meme.txt	MA1285.2	TCP9	GTGGGTCCCAC	1.19e-1	1.00e0	9.27e2	70	206	206	206	1	40	19.42	30	14.56
111	data/reference/motifs/JASPAR2026_CORE_plants_non-redundant_pfms_meme.txt	MA1320.2	SPL15	TGTACGGA	9.47e-2	1.00e0	9.27e2	90	206	206	206	1	51	24.76	39	18.93
112	data/reference/motifs/JASPAR2026_CORE_plants_non-redundant_pfms_meme.txt	MA2500.1	LSH3	TTACTGTTCAT	2.25e-2	1.00e0	9.27e2	403	206	206	206	2	189	91.75	175	84.95
113	data/reference/motifs/JASPAR2026_CORE_plants_non-redundant_pfms_meme.txt	MA0571.2	ANT	GCACRRWTCCCVAKGY	2.79e-1	1.00e0	9.27e2	28	206	206	206	1	16	7.77	12	5.83
114	data/reference/motifs/JASPAR2026_CORE_plants_non-redundant_pfms_meme.txt	MA0983.2	DOF5.6	AAMG	2.22e-2	1.00e0	9.27e2	412	206	206	206	23	202	98.06	193	93.69
115	data/reference/motifs/JASPAR2026_CORE_plants_non-redundant_pfms_meme.txt	MA1835.2	TFLG2-Zm00001d042777	GTACGTAC	3.10e-2	1.00e0	9.27e2	299	206	206	206	9	9	4.37	2	0.97
116	data/reference/motifs/JASPAR2026_CORE_plants_non-redundant_pfms_meme.txt	MA2348.1	IDD6	TTTTTGTCGTTTTSTK	4.38e-2	1.00e0	9.27e2	212	206	206	206	2	42	20.39	28	13.59
117	data/reference/motifs/JASPAR2026_CORE_plants_non-redundant_pfms_meme.txt	MA2355.1	PK06791.1	GTACGG	2.27e-2	1.00e0	9.27e2	411	206	206	206	8	131	63.59	110	53.40
118	data/reference/motifs/JASPAR2026_CORE_plants_non-redundant_pfms_meme.txt	MA1055.3	SPL1	TGTACGGA	2.65e-2	1.00e0	9.27e2	352	206	206	206	4	52	25.24	35	16.99
119	data/reference/motifs/JASPAR2026_CORE_plants_non-redundant_pfms_meme.txt	MA2738.1	Cnr	TCCGTACAAA	2.38e-2	1.00e0	9.27e2	395	206	206	206	7	23	11.17	11	5.34
120	data/reference/motifs/JASPAR2026_CORE_plants_non-redundant_pfms_meme.txt	MA0565.3	FUS3	ACATGCA	4.19e-2	1.00e0	9.27e2	225	206	206	206	3	24	11.65	13	6.31
121	data/reference/motifs/JASPAR2026_CORE_plants_non-redundant_pfms_meme.txt	MA2342.1	URI	CACGTG	2.69e-2	1.00e0	9.27e2	360	206	206	206	14	24	11.65	12	5.83
122	data/reference/motifs/JASPAR2026_CORE_plants_non-redundant_pfms_meme.txt	MA1736.2	AT5G04390	TCACT	2.41e-2	1.00e0	9.27e2	412	206	206	206	13	37	17.96	22	10.68
123	data/reference/motifs/JASPAR2026_CORE_plants_non-redundant_pfms_meme.txt	MA1690.2	ARF25	ARMGGGRGACAM	4.07e-2	1.00e0	9.27e2	245	206	206	206	3	34	16.50	21	10.19
124	data/reference/motifs/JASPAR2026_CORE_plants_non-redundant_pfms_meme.txt	MA1248.2	ERF012	CCACCGMC	5.58e-2	1.00e0	9.27e2	179	206	206	206	1	98	47.57	81	39.32
125	data/reference/motifs/JASPAR2026_CORE_plants_non-redundant_pfms_meme.txt	MA1250.2	DREB2D	CCDCCDCCACCGCC	6.70e-2	1.00e0	9.27e2	151	206	206	206	3	20	9.71	11	5.34
126	data/reference/motifs/JASPAR2026_CORE_plants_non-redundant_pfms_meme.txt	MA1001.4	ERF076	CCGCCGCCRC	5.61e-2	1.00e0	9.27e2	181	206	206	206	1	99	48.06	82	39.81
127	data/reference/motifs/JASPAR2026_CORE_plants_non-redundant_pfms_meme.txt	MA2669.1	GLYMA-04G231400	CAATAATTGATT	2.85e-2	1.00e0	9.27e2	358	206	206	206	1	186	90.29	172	83.50
128	data/reference/motifs/JASPAR2026_CORE_plants_non-redundant_pfms_meme.txt	MA1795.2	RAP2-4	CRCCGACC	2.52e-2	1.00e0	9.27e2	407	206	206	206	11	59	28.64	41	19.90
129	data/reference/motifs/JASPAR2026_CORE_plants_non-redundant_pfms_meme.txt	MA2405.1	OsMSL08	GTAAAW	2.52e-2	1.00e0	9.27e2	412	206	206	206	36	59	28.64	41	19.90
130	data/reference/motifs/JASPAR2026_CORE_plants_non-redundant_pfms_meme.txt	MA1341.2	BZIP53	TGCTGACGTGGCA	1.86e-1	1.00e0	9.27e2	51	206	206	206	2	4	1.94	1	0.49
131	data/reference/motifs/JASPAR2026_CORE_plants_non-redundant_pfms_meme.txt	MA1392.3	MYB98	WMCGTTAC	3.19e-2	1.00e0	9.27e2	330	206	206	206	1	173	83.98	157	76.21
132	data/reference/motifs/JASPAR2026_CORE_plants_non-redundant_pfms_meme.txt	MA0578.1	SPL8	WWDWHYGTACHHTWWW	4.36e-2	1.00e0	9.27e2	244	206	206	206	5	10	4.85	3	1.46
133	data/reference/motifs/JASPAR2026_CORE_plants_non-redundant_pfms_meme.txt	MA2364.1	VIT_15s0048g01150	GGGCCCAC	3.07e-2	1.00e0	9.27e2	348	206	206	206	2	145	70.39	126	61.17
134	data/reference/motifs/JASPAR2026_CORE_plants_non-redundant_pfms_meme.txt	MA1016.2	GATA15	GATC	2.60e-2	1.00e0	9.27e2	412	206	206	206	66	60	29.13	42	20.39
135	data/reference/motifs/JASPAR2026_CORE_plants_non-redundant_pfms_meme.txt	MA1022.2	PHYPADRAFT_38837	AAAG	2.66e-2	1.00e0	9.27e2	412	206	206	206	60	203	98.54	195	94.66
136	data/reference/motifs/JASPAR2026_CORE_plants_non-redundant_pfms_meme.txt	MA0981.2	DOF1.8	AAAG	2.66e-2	1.00e0	9.27e2	412	206	206	206	60	203	98.54	195	94.66
137	data/reference/motifs/JASPAR2026_CORE_plants_non-redundant_pfms_meme.txt	MA2394.1	PpDof6	CTTT	2.66e-2	1.00e0	9.27e2	412	206	206	206	60	203	98.54	195	94.66
138	data/reference/motifs/JASPAR2026_CORE_plants_non-redundant_pfms_meme.txt	MA1346.2	TGA10	GMTGACGTCA	7.35e-2	1.00e0	9.27e2	152	206	206	206	2	33	16.02	22	10.68
139	data/reference/motifs/JASPAR2026_CORE_plants_non-redundant_pfms_meme.txt	MA0562.1	PIF5	TCACGTGS	1.14e-1	1.00e0	9.27e2	102	206	206	206	2	12	5.83	6	2.91
140	data/reference/motifs/JASPAR2026_CORE_plants_non-redundant_pfms_meme.txt	MA1809.2	GLYMA-07G038400	CTGACAC	2.88e-2	1.00e0	9.27e2	407	206	206	206	3	201	97.57	192	93.20
141	data/reference/motifs/JASPAR2026_CORE_plants_non-redundant_pfms_meme.txt	MA2081.1	PK20317.1	CKTTW	2.88e-2	1.00e0	9.27e2	412	206	206	206	46	201	97.57	192	93.20
142	data/reference/motifs/JASPAR2026_CORE_plants_non-redundant_pfms_meme.txt	MA2453.1	SPL8B	ATAGTACTC	3.55e-2	1.00e0	9.27e2	335	206	206	206	4	52	25.24	36	17.48
143	data/reference/motifs/JASPAR2026_CORE_plants_non-redundant_pfms_meme.txt	MA0975.1	CRF2	SCGCCGCC	1.03e-1	1.00e0	9.27e2	116	206	206	206	2	27	13.11	18	8.74
144	data/reference/motifs/JASPAR2026_CORE_plants_non-redundant_pfms_meme.txt	MA0554.2	SOC1	TTTCCWTTTTTGG	3.10e-2	1.00e0	9.27e2	389	206	206	206	8	9	4.37	2	0.97
145	data/reference/motifs/JASPAR2026_CORE_plants_non-redundant_pfms_meme.txt	MA2472.1	AT3G12910	YGSCGTVRWDDHBACGK	2.55e-1	1.00e0	9.27e2	41	206	206	206	1	23	11.17	18	8.74
146	data/reference/motifs/JASPAR2026_CORE_plants_non-redundant_pfms_meme.txt	MA2460.1	MGH6.1	YGSCGTVRWDDHBACGK	2.55e-1	1.00e0	9.27e2	41	206	206	206	1	23	11.17	18	8.74
147	data/reference/motifs/JASPAR2026_CORE_plants_non-redundant_pfms_meme.txt	MA1313.2	WRKY7	CGTTGACTTTT	9.18e-2	1.00e0	9.27e2	132	206	206	206	2	19	9.22	11	5.34
148	data/reference/motifs/JASPAR2026_CORE_plants_non-redundant_pfms_meme.txt	MA1376.2	DEAR3	CRCCGMC	3.05e-2	1.00e0	9.27e2	398	206	206	206	11	56	27.18	39	18.93
149	data/reference/motifs/JASPAR2026_CORE_plants_non-redundant_pfms_meme.txt	MA1358.2	bHLH130	CMACTTGC	5.30e-2	1.00e0	9.27e2	229	206	206	206	3	22	10.68	12	5.83
150	data/reference/motifs/JASPAR2026_CORE_plants_non-redundant_pfms_meme.txt	MA2712.1	eil1	TCTAGATACATTGAATCT	1.24e-1	1.00e0	9.27e2	92	206	206	206	3	3	1.46	0	0.00
151	data/reference/motifs/JASPAR2026_CORE_plants_non-redundant_pfms_meme.txt	MA1286.2	TCP24	GGGACCAC	7.96e-2	1.00e0	9.27e2	155	206	206	206	2	35	16.99	24	11.65
152	data/reference/motifs/JASPAR2026_CORE_plants_non-redundant_pfms_meme.txt	MA1175.2	MYB81	TAACHGWWT	2.99e-2	1.00e0	9.27e2	412	206	206	206	4	193	93.69	181	87.86
153	data/reference/motifs/JASPAR2026_CORE_plants_non-redundant_pfms_meme.txt	MA1257.2	ERF9	GGCGGHKRYGGCGGCGGMG	1.86e-1	1.00e0	9.27e2	60	206	206	206	5	4	1.94	1	0.49
154	data/reference/motifs/JASPAR2026_CORE_plants_non-redundant_pfms_meme.txt	MA2376.1	CAMTA5	CGYGTNDDAWVCGYGT	5.25e-2	1.00e0	9.27e2	236	206	206	206	3	47	22.82	33	16.02
155	data/reference/motifs/JASPAR2026_CORE_plants_non-redundant_pfms_meme.txt	MA1689.2	ARF18	CCGACAAA	3.10e-2	1.00e0	9.27e2	401	206	206	206	1	204	99.03	197	95.63
156	data/reference/motifs/JASPAR2026_CORE_plants_non-redundant_pfms_meme.txt	MA1821.2	Zm00001d020595	GGCGGCGGCG	7.49e-1	1.00e0	9.27e2	9	206	206	206	1	4	1.94	5	2.43
157	data/reference/motifs/JASPAR2026_CORE_plants_non-redundant_pfms_meme.txt	MA1290.1	TCP17	GTGGTCCCCAC	9.85e-2	1.00e0	9.27e2	127	206	206	206	2	20	9.71	12	5.83
158	data/reference/motifs/JASPAR2026_CORE_plants_non-redundant_pfms_meme.txt	MA0563.2	SEP3	CYWTTTTTGG	3.05e-2	1.00e0	9.27e2	412	206	206	206	21	5	2.43	0	0.00
159	data/reference/motifs/JASPAR2026_CORE_plants_non-redundant_pfms_meme.txt	MA1372.2	ZAT10	CACTNHCACT	3.05e-2	1.00e0	9.27e2	412	206	206	206	18	5	2.43	0	0.00
160	data/reference/motifs/JASPAR2026_CORE_plants_non-redundant_pfms_meme.txt	MA2461.1	WOX13	TTGATTGA	3.07e-2	1.00e0	9.27e2	411	206	206	206	7	145	70.39	126	61.17
161	data/reference/motifs/JASPAR2026_CORE_plants_non-redundant_pfms_meme.txt	MA1279.2	DOF1.5	AAADDAAAAAGTRAAA	3.10e-2	1.00e0	9.27e2	410	206	206	206	2	204	99.03	197	95.63
162	data/reference/motifs/JASPAR2026_CORE_plants_non-redundant_pfms_meme.txt	MA2449.1	SPL6A	GCGGTAGTACC	6.98e-2	1.00e0	9.27e2	184	206	206	206	3	16	7.77	8	3.88
163	data/reference/motifs/JASPAR2026_CORE_plants_non-redundant_pfms_meme.txt	MA1335.1	TGA4	TGACGTCAKCA	5.66e-2	1.00e0	9.27e2	227	206	206	206	2	60	29.13	45	21.84
164	data/reference/motifs/JASPAR2026_CORE_plants_non-redundant_pfms_meme.txt	MA1214.2	ATHB-40	ACCAATAATTG	3.59e-2	1.00e0	9.27e2	361	206	206	206	1	187	90.78	174	84.47
165	data/reference/motifs/JASPAR2026_CORE_plants_non-redundant_pfms_meme.txt	MA1348.1	TGA9	GMTGACGTCAY	1.61e-1	1.00e0	9.27e2	74	206	206	206	2	11	5.34	6	2.91
166	data/reference/motifs/JASPAR2026_CORE_plants_non-redundant_pfms_meme.txt	MA0930.3	ABF3	ACGTGTC	3.24e-2	1.00e0	9.27e2	402	206	206	206	10	36	17.48	22	10.68
167	data/reference/motifs/JASPAR2026_CORE_plants_non-redundant_pfms_meme.txt	MA1308.2	WRKY70	CGTTGACTTT	1.08e-1	1.00e0	9.27e2	122	206	206	206	3	5	2.43	1	0.49
168	data/reference/motifs/JASPAR2026_CORE_plants_non-redundant_pfms_meme.txt	MA0960.1	BHLH104	GGCACGTGCC	3.12e-1	1.00e0	9.27e2	36	206	206	206	4	3	1.46	1	0.49
169	data/reference/motifs/JASPAR2026_CORE_plants_non-redundant_pfms_meme.txt	MA1833.2	Zm00001d049364	CCGCCGCCGCC	9.84e-2	1.00e0	9.27e2	137	206	206	206	2	42	20.39	31	15.05
170	data/reference/motifs/JASPAR2026_CORE_plants_non-redundant_pfms_meme.txt	MA1332.2	BEH2	CACACGTGCR	3.62e-1	1.00e0	9.27e2	30	206	206	206	2	5	2.43	3	1.46
171	data/reference/motifs/JASPAR2026_CORE_plants_non-redundant_pfms_meme.txt	MA1011.2	PHYPADRAFT_72483	CACGTG	3.32e-2	1.00e0	9.27e2	411	206	206	206	24	70	33.98	52	25.24
172	data/reference/motifs/JASPAR2026_CORE_plants_non-redundant_pfms_meme.txt	MA2021.2	LBD13	TCCACCGT	3.56e-2	1.00e0	9.27e2	383	206	206	206	3	131	63.59	112	54.37
173	data/reference/motifs/JASPAR2026_CORE_plants_non-redundant_pfms_meme.txt	MA2658.1	GLYMA-19G094100	ATTGACTTW	3.36e-2	1.00e0	9.27e2	406	206	206	206	3	178	86.41	163	79.13
174	data/reference/motifs/JASPAR2026_CORE_plants_non-redundant_pfms_meme.txt	MA1097.1	ARALYDRAFT_493022	GGSMCCAC	8.07e-2	1.00e0	9.27e2	171	206	206	206	1	93	45.15	78	37.86
175	data/reference/motifs/JASPAR2026_CORE_plants_non-redundant_pfms_meme.txt	MA2673.1	GLYMA-15G086400	WTCTAGAAMCTTCTAGAR	1.38e-1	1.00e0	9.27e2	93	206	206	206	2	20	9.71	13	6.31
176	data/reference/motifs/JASPAR2026_CORE_plants_non-redundant_pfms_meme.txt	MA1160.2	IDD6	TTTTTGTCGTTTTSTK	6.45e-2	1.00e0	9.27e2	215	206	206	206	2	45	21.84	32	15.53
177	data/reference/motifs/JASPAR2026_CORE_plants_non-redundant_pfms_meme.txt	MA2421.1	SBP8	ARGTACAA	3.54e-2	1.00e0	9.27e2	393	206	206	206	9	15	7.28	6	2.91
178	data/reference/motifs/JASPAR2026_CORE_plants_non-redundant_pfms_meme.txt	MA1051.1	RAP2-3	GCGCCGCC	5.27e-2	1.00e0	9.27e2	267	206	206	206	3	69	33.50	53	25.73
179	data/reference/motifs/JASPAR2026_CORE_plants_non-redundant_pfms_meme.txt	MA1343.2	BZIP52	TGMCAGCT	5.59e-2	1.00e0	9.27e2	252	206	206	206	4	11	5.34	4	1.94
180	data/reference/motifs/JASPAR2026_CORE_plants_non-redundant_pfms_meme.txt	MA2477.1	NGA4	TTCAGGTR	3.56e-2	1.00e0	9.27e2	396	206	206	206	1	202	98.06	194	94.17
181	data/reference/motifs/JASPAR2026_CORE_plants_non-redundant_pfms_meme.txt	MA1749.1	E2FC	AWDWWGGCGCCAAAA	4.20e-1	1.00e0	9.27e2	26	206	206	206	1	14	6.80	12	5.83
182	data/reference/motifs/JASPAR2026_CORE_plants_non-redundant_pfms_meme.txt	MA1330.2	ZHD6	AAWHRTAATTAA	3.54e-2	1.00e0	9.27e2	403	206	206	206	15	15	7.28	6	2.91
183	data/reference/motifs/JASPAR2026_CORE_plants_non-redundant_pfms_meme.txt	MA1024.2	HAT1	YAATCATK	3.59e-2	1.00e0	9.27e2	398	206	206	206	2	187	90.78	174	84.47
184	data/reference/motifs/JASPAR2026_CORE_plants_non-redundant_pfms_meme.txt	MA1350.1	BZIP42	TGCTGACGTGGC	5.00e-1	1.00e0	9.27e2	21	206	206	206	1	11	5.34	10	4.85
185	data/reference/motifs/JASPAR2026_CORE_plants_non-redundant_pfms_meme.txt	MA1050.1	OsI_08196	GGGCCCAC	5.58e-2	1.00e0	9.27e2	265	206	206	206	3	49	23.79	35	16.99
186	data/reference/motifs/JASPAR2026_CORE_plants_non-redundant_pfms_meme.txt	MA0576.2	RAX3	GGGGGTAGGTGS	2.72e-1	1.00e0	9.27e2	47	206	206	206	2	7	3.40	4	1.94
187	data/reference/motifs/JASPAR2026_CORE_plants_non-redundant_pfms_meme.txt	MA1085.3	WRKY40	AGTCAA	4.66e-2	1.00e0	9.27e2	320	206	206	206	2	106	51.46	88	42.72
188	data/reference/motifs/JASPAR2026_CORE_plants_non-redundant_pfms_meme.txt	MA0575.2	MYB77	GACRGTTAS	5.59e-2	1.00e0	9.27e2	267	206	206	206	4	11	5.34	4	1.94
189	data/reference/motifs/JASPAR2026_CORE_plants_non-redundant_pfms_meme.txt	MA2410.1	ZmbZIP54	TGACGTCA	4.12e-2	1.00e0	9.27e2	362	206	206	206	6	85	41.26	67	32.52
190	data/reference/motifs/JASPAR2026_CORE_plants_non-redundant_pfms_meme.txt	MA1414.2	E2FA	GCGCCA	4.24e-2	1.00e0	9.27e2	355	206	206	206	4	70	33.98	53	25.73
191	data/reference/motifs/JASPAR2026_CORE_plants_non-redundant_pfms_meme.txt	MA0587.2	TCP16	GTGGACCC	7.10e-2	1.00e0	9.27e2	212	206	206	206	3	26	12.62	16	7.77
192	data/reference/motifs/JASPAR2026_CORE_plants_non-redundant_pfms_meme.txt	MA2616.1	ereb17	CGCCGCCGCCGCCS	1.85e-1	1.00e0	9.27e2	74	206	206	206	1	41	19.90	33	16.02
193	data/reference/motifs/JASPAR2026_CORE_plants_non-redundant_pfms_meme.txt	MA1425.2	HYH	TSACGTG	5.51e-2	1.00e0	9.27e2	276	206	206	206	3	72	34.95	56	27.18
194	data/reference/motifs/JASPAR2026_CORE_plants_non-redundant_pfms_meme.txt	MA1222.1	ERF014	CCDCCDCCACCGMCA	1.52e-1	1.00e0	9.27e2	102	206	206	206	1	56	27.18	46	22.33
195	data/reference/motifs/JASPAR2026_CORE_plants_non-redundant_pfms_meme.txt	MA0956.2	BEE2	CACGTG	3.79e-2	1.00e0	9.27e2	411	206	206	206	18	109	52.91	90	43.69
196	data/reference/motifs/JASPAR2026_CORE_plants_non-redundant_pfms_meme.txt	MA1359.3	BPE	CACGTG	6.85e-2	1.00e0	9.27e2	228	206	206	206	2	122	59.22	106	51.46
197	data/reference/motifs/JASPAR2026_CORE_plants_non-redundant_pfms_meme.txt	MA1274.1	DOF3.6	TTTWCTTTTTHHYTTTTTTTT	3.85e-2	1.00e0	9.27e2	406	206	206	206	7	158	76.70	141	68.45
198	data/reference/motifs/JASPAR2026_CORE_plants_non-redundant_pfms_meme.txt	MA1424.2	ERF019	CCACCGACA	1.36e-1	1.00e0	9.27e2	115	206	206	206	1	63	30.58	52	25.24
199	data/reference/motifs/JASPAR2026_CORE_plants_non-redundant_pfms_meme.txt	MA1028.1	KAN4	GAATATTC	4.66e-2	1.00e0	9.27e2	336	206	206	206	4	118	57.28	100	48.54
200	data/reference/motifs/JASPAR2026_CORE_plants_non-redundant_pfms_meme.txt	MA2501.1	G1	TTACTGTA	3.82e-2	1.00e0	9.27e2	411	206	206	206	5	175	84.95	160	77.67
201	data/reference/motifs/JASPAR2026_CORE_plants_non-redundant_pfms_meme.txt	MA1336.2	TGA3	RTGACGTCAKC	1.87e-1	1.00e0	9.27e2	76	206	206	206	1	42	20.39	34	16.50
202	data/reference/motifs/JASPAR2026_CORE_plants_non-redundant_pfms_meme.txt	MA0020.2	Dof2	AAAGC	3.82e-2	1.00e0	9.27e2	412	206	206	206	10	181	87.86	167	81.07
203	data/reference/motifs/JASPAR2026_CORE_plants_non-redundant_pfms_meme.txt	MA0064.1	PBF	AAAGY	3.82e-2	1.00e0	9.27e2	412	206	206	206	10	181	87.86	167	81.07
204	data/reference/motifs/JASPAR2026_CORE_plants_non-redundant_pfms_meme.txt	MA0982.2	DOF2.4	AAAG	3.82e-2	1.00e0	9.27e2	412	206	206	206	81	197	95.63	187	90.78
205	data/reference/motifs/JASPAR2026_CORE_plants_non-redundant_pfms_meme.txt	MA1047.3	TGA5	ATGACGTCA	4.82e-2	1.00e0	9.27e2	328	206	206	206	4	64	31.07	48	23.30
206	data/reference/motifs/JASPAR2026_CORE_plants_non-redundant_pfms_meme.txt	MA1092.2	WRKY63	GGTCAA	4.58e-2	1.00e0	9.27e2	346	206	206	206	2	124	60.19	106	51.46
207	data/reference/motifs/JASPAR2026_CORE_plants_non-redundant_pfms_meme.txt	MA0567.1	ERF1B	MGCCGCCA	6.75e-2	1.00e0	9.27e2	236	206	206	206	1	126	61.17	110	53.40
208	data/reference/motifs/JASPAR2026_CORE_plants_non-redundant_pfms_meme.txt	MA2078.1	PK19363.1	CGCCGCCR	5.67e-2	1.00e0	9.27e2	285	206	206	206	6	28	13.59	17	8.25
209	data/reference/motifs/JASPAR2026_CORE_plants_non-redundant_pfms_meme.txt	MA1157.2	NUC	TTTTGTCGTTTT	6.47e-2	1.00e0	9.27e2	252	206	206	206	1	134	65.05	118	57.28
210	data/reference/motifs/JASPAR2026_CORE_plants_non-redundant_pfms_meme.txt	MA1834.2	Zm00001d034298	CCACGCG	4.20e-2	1.00e0	9.27e2	389	206	206	206	6	87	42.23	69	33.50
211	data/reference/motifs/JASPAR2026_CORE_plants_non-redundant_pfms_meme.txt	MA1784.1	NAC011	GTTGCTTSWNHHDCAAGYAAC	5.00e-1	1.00e0	9.27e2	24	206	206	206	2	6	2.91	5	2.43
212	data/reference/motifs/JASPAR2026_CORE_plants_non-redundant_pfms_meme.txt	MA1382.2	FAR1	YCACGCGCY	2.49e-1	1.00e0	9.27e2	58	206	206	206	3	2	0.97	0	0.00
213	data/reference/motifs/JASPAR2026_CORE_plants_non-redundant_pfms_meme.txt	MA1772.2	MYB43	YTYACCWAMCWT	6.16e-2	1.00e0	9.27e2	273	206	206	206	5	4	1.94	0	0.00
214	data/reference/motifs/JASPAR2026_CORE_plants_non-redundant_pfms_meme.txt	MA2723.1	Solyc06g060230	ACACGTCTCT	4.47e-2	1.00e0	9.27e2	379	206	206	206	3	129	62.62	111	53.88
215	data/reference/motifs/JASPAR2026_CORE_plants_non-redundant_pfms_meme.txt	MA1678.3	NTL8	GAAGAAAC	4.12e-2	1.00e0	9.27e2	411	206	206	206	7	139	67.48	121	58.74
216	data/reference/motifs/JASPAR2026_CORE_plants_non-redundant_pfms_meme.txt	MA2445.1	SPL4D	GGTACTACCGCT	8.38e-2	1.00e0	9.27e2	205	206	206	206	1	110	53.40	95	46.12
217	data/reference/motifs/JASPAR2026_CORE_plants_non-redundant_pfms_meme.txt	MA1206.2	ARF2	SMGACA	4.20e-2	1.00e0	9.27e2	410	206	206	206	17	16	7.77	7	3.40
218	data/reference/motifs/JASPAR2026_CORE_plants_non-redundant_pfms_meme.txt	MA2762.1	myb53	AGTTAGGCAC	5.31e-2	1.00e0	9.27e2	325	206	206	206	4	27	13.11	16	7.77
219	data/reference/motifs/JASPAR2026_CORE_plants_non-redundant_pfms_meme.txt	MA1374.2	IDD7	ASAAAACGACAAAA	8.31e-2	1.00e0	9.27e2	208	206	206	206	2	45	21.84	33	16.02
220	data/reference/motifs/JASPAR2026_CORE_plants_non-redundant_pfms_meme.txt	MA2406.1	PK03576.1	CACGTGC	3.12e-1	1.00e0	9.27e2	47	206	206	206	3	3	1.46	1	0.49
221	data/reference/motifs/JASPAR2026_CORE_plants_non-redundant_pfms_meme.txt	MA2067.1	PK09702.1	GCACGTGR	3.12e-1	1.00e0	9.27e2	47	206	206	206	4	3	1.46	1	0.49
222	data/reference/motifs/JASPAR2026_CORE_plants_non-redundant_pfms_meme.txt	MA1256.2	RAP2-12	DRYGGCGGCGG	1.69e-1	1.00e0	9.27e2	104	206	206	206	3	7	3.40	3	1.46
223	data/reference/motifs/JASPAR2026_CORE_plants_non-redundant_pfms_meme.txt	MA1174.2	MYB56	ATAACGGWHW	4.67e-2	1.00e0	9.27e2	380	206	206	206	2	169	82.04	154	74.76
224	data/reference/motifs/JASPAR2026_CORE_plants_non-redundant_pfms_meme.txt	MA1241.2	ERF043	CCACCGACA	2.48e-1	1.00e0	9.27e2	64	206	206	206	1	35	16.99	29	14.08
225	data/reference/motifs/JASPAR2026_CORE_plants_non-redundant_pfms_meme.txt	MA2622.1	hb34	CAATAATTG	4.45e-2	1.00e0	9.27e2	412	206	206	206	4	201	97.57	193	93.69
226	data/reference/motifs/JASPAR2026_CORE_plants_non-redundant_pfms_meme.txt	MA2408.1	BAD1	CCGGGCCCCSVC	1.86e-1	1.00e0	9.27e2	90	206	206	206	7	4	1.94	1	0.49
227	data/reference/motifs/JASPAR2026_CORE_plants_non-redundant_pfms_meme.txt	MA2069.1	PK10955.1	CTTTW	4.52e-2	1.00e0	9.27e2	412	206	206	206	16	188	91.26	176	85.44
228	data/reference/motifs/JASPAR2026_CORE_plants_non-redundant_pfms_meme.txt	MA2720.1	nacnor	ACACGTAACT	5.08e-2	1.00e0	9.27e2	371	206	206	206	5	46	22.33	32	15.53
229	data/reference/motifs/JASPAR2026_CORE_plants_non-redundant_pfms_meme.txt	MA2613.1	ereb34	GCCGCCGCCGCCCS	1.98e-1	1.00e0	9.27e2	86	206	206	206	1	47	22.82	39	18.93
230	data/reference/motifs/JASPAR2026_CORE_plants_non-redundant_pfms_meme.txt	MA1337.2	BZIP44	WGCTGACGTGGCA	3.12e-1	1.00e0	9.27e2	51	206	206	206	2	3	1.46	1	0.49
231	data/reference/motifs/JASPAR2026_CORE_plants_non-redundant_pfms_meme.txt	MA1410.2	StBRC1	GGGSCCM	5.43e-2	1.00e0	9.27e2	352	206	206	206	11	40	19.42	27	13.11
232	data/reference/motifs/JASPAR2026_CORE_plants_non-redundant_pfms_meme.txt	MA1260.2	ERF013	TGTCGGTGG	1.63e-1	1.00e0	9.27e2	118	206	206	206	1	64	31.07	54	26.21
233	data/reference/motifs/JASPAR2026_CORE_plants_non-redundant_pfms_meme.txt	MA2397.1	ILR3	CACGTG	4.74e-2	1.00e0	9.27e2	412	206	206	206	24	44	21.36	30	14.56
234	data/reference/motifs/JASPAR2026_CORE_plants_non-redundant_pfms_meme.txt	MA1061.2	SPT	CCACGTG	4.94e-2	1.00e0	9.27e2	396	206	206	206	11	26	12.62	15	7.28
235	data/reference/motifs/JASPAR2026_CORE_plants_non-redundant_pfms_meme.txt	MA1823.2	Zm00001d027846	AAAGAAAA	4.80e-2	1.00e0	9.27e2	412	206	206	206	24	168	81.55	153	74.27
236	data/reference/motifs/JASPAR2026_CORE_plants_non-redundant_pfms_meme.txt	MA2038.2	NAC103	CAAGTTA	4.82e-2	1.00e0	9.27e2	412	206	206	206	15	21	10.19	11	5.34
237	data/reference/motifs/JASPAR2026_CORE_plants_non-redundant_pfms_meme.txt	MA0097.1	bZIP911	GRTGACGTGGMC	6.89e-1	1.00e0	9.27e2	17	206	206	206	1	8	3.88	9	4.37
238	data/reference/motifs/JASPAR2026_CORE_plants_non-redundant_pfms_meme.txt	MA1405.2	SIZF2	ACTGACAGT	6.28e-2	1.00e0	9.27e2	317	206	206	206	4	84	40.78	68	33.01
239	data/reference/motifs/JASPAR2026_CORE_plants_non-redundant_pfms_meme.txt	MA2730.1	Solyc01g079480	YSACGTGKCA	7.86e-2	1.00e0	9.27e2	255	206	206	206	4	13	6.31	6	2.91
240	data/reference/motifs/JASPAR2026_CORE_plants_non-redundant_pfms_meme.txt	MA2654.1	GLYMA-05G127600	GGTCAAC	4.92e-2	1.00e0	9.27e2	409	206	206	206	8	65	31.55	49	23.79
241	data/reference/motifs/JASPAR2026_CORE_plants_non-redundant_pfms_meme.txt	MA1163.3	PHL11	AGAATATTCT	7.22e-2	1.00e0	9.27e2	279	206	206	206	3	77	37.38	62	30.10
242	data/reference/motifs/JASPAR2026_CORE_plants_non-redundant_pfms_meme.txt	MA1764.2	MYB116	TGCCTAACTT	1.16e-1	1.00e0	9.27e2	175	206	206	206	2	30	14.56	21	10.19
243	data/reference/motifs/JASPAR2026_CORE_plants_non-redundant_pfms_meme.txt	MA1830.2	Zm00001d015407	AAGGAATATTCTTTTT	6.76e-2	1.00e0	9.27e2	302	206	206	206	6	12	5.83	5	2.43
244	data/reference/motifs/JASPAR2026_CORE_plants_non-redundant_pfms_meme.txt	MA2612.1	ereb147	ACGCCGAC	6.93e-2	1.00e0	9.27e2	296	206	206	206	2	105	50.97	89	43.20
245	data/reference/motifs/JASPAR2026_CORE_plants_non-redundant_pfms_meme.txt	MA1185.2	LHY	AGATATTTT	6.16e-2	1.00e0	9.27e2	337	206	206	206	6	4	1.94	0	0.00
246	data/reference/motifs/JASPAR2026_CORE_plants_non-redundant_pfms_meme.txt	MA1312.2	WRKY47	CGTTGACYW	6.61e-2	1.00e0	9.27e2	314	206	206	206	1	164	79.61	150	72.82
247	data/reference/motifs/JASPAR2026_CORE_plants_non-redundant_pfms_meme.txt	MA1813.2	EIL4	TWCAATGAA	5.18e-2	1.00e0	9.27e2	402	206	206	206	7	68	33.01	52	25.24
248	data/reference/motifs/JASPAR2026_CORE_plants_non-redundant_pfms_meme.txt	MA0564.2	ABI3	GCATGC	5.38e-2	1.00e0	9.27e2	387	206	206	206	12	33	16.02	21	10.19
249	data/reference/motifs/JASPAR2026_CORE_plants_non-redundant_pfms_meme.txt	MA1183.2	RVE6	AGATATTTT	6.11e-2	1.00e0	9.27e2	342	206	206	206	5	19	9.22	10	4.85
250	data/reference/motifs/JASPAR2026_CORE_plants_non-redundant_pfms_meme.txt	MA2608.1	glk53	AAGGAATATTCTTT	6.17e-2	1.00e0	9.27e2	340	206	206	206	2	140	67.96	124	60.19
251	data/reference/motifs/JASPAR2026_CORE_plants_non-redundant_pfms_meme.txt	MA1777.2	MYB74	YYYACCTAMCW	6.70e-2	1.00e0	9.27e2	313	206	206	206	4	31	15.05	20	9.71
252	data/reference/motifs/JASPAR2026_CORE_plants_non-redundant_pfms_meme.txt	MA2659.1	GLYMA-08G281200	YTTGACTAATTAGGGTTWAKKGDT	5.83e-1	1.00e0	9.27e2	24	206	206	206	1	12	5.83	12	5.83
253	data/reference/motifs/JASPAR2026_CORE_plants_non-redundant_pfms_meme.txt	MA1007.1	PHYPADRAFT_173530	TGTCGGTG	1.96e-1	1.00e0	9.27e2	108	206	206	206	2	14	6.80	9	4.37
254	data/reference/motifs/JASPAR2026_CORE_plants_non-redundant_pfms_meme.txt	MA2011.2	ERF010	CACCGACA	6.94e-2	1.00e0	9.27e2	305	206	206	206	2	106	51.46	90	43.69
255	data/reference/motifs/JASPAR2026_CORE_plants_non-redundant_pfms_meme.txt	MA2105.1	GLYMA-13G317000	ACACGT	6.46e-2	1.00e0	9.27e2	330	206	206	206	5	37	17.96	25	12.14
256	data/reference/motifs/JASPAR2026_CORE_plants_non-redundant_pfms_meme.txt	MA1829.2	Zm00001d035604	ACCTAAC	5.19e-2	1.00e0	9.27e2	412	206	206	206	13	56	27.18	41	19.90
257	data/reference/motifs/JASPAR2026_CORE_plants_non-redundant_pfms_meme.txt	MA1088.2	WRKY48	GTCAA	5.19e-2	1.00e0	9.27e2	412	206	206	206	36	165	80.10	150	72.82
258	data/reference/motifs/JASPAR2026_CORE_plants_non-redundant_pfms_meme.txt	MA0053.1	MNB1A	AAAGC	5.25e-2	1.00e0	9.27e2	412	206	206	206	16	47	22.82	33	16.02
259	data/reference/motifs/JASPAR2026_CORE_plants_non-redundant_pfms_meme.txt	MA1674.3	NAC017	CAAGTAA	5.25e-2	1.00e0	9.27e2	412	206	206	206	4	204	99.03	198	96.12
260	data/reference/motifs/JASPAR2026_CORE_plants_non-redundant_pfms_meme.txt	MA0573.2	ATHB-9	GTAATGATTRCDYBS	6.80e-1	1.00e0	9.27e2	19	206	206	206	1	9	4.37	10	4.85
261	data/reference/motifs/JASPAR2026_CORE_plants_non-redundant_pfms_meme.txt	MA2392.1	GRMZM2G135447	TGACRKS	5.35e-2	1.00e0	9.27e2	407	206	206	206	8	70	33.98	54	26.21
262	data/reference/motifs/JASPAR2026_CORE_plants_non-redundant_pfms_meme.txt	MA2731.1	sep3	WTTTCCAAAAAGGGAAAAAAW	3.12e-1	1.00e0	9.27e2	59	206	206	206	2	3	1.46	1	0.49
263	data/reference/motifs/JASPAR2026_CORE_plants_non-redundant_pfms_meme.txt	MA0963.1	bHLH78	GCACGTGC	1.24e-1	1.00e0	9.27e2	179	206	206	206	8	3	1.46	0	0.00
264	data/reference/motifs/JASPAR2026_CORE_plants_non-redundant_pfms_meme.txt	MA1275.2	DOF1.6	AWAAAGTR	5.43e-2	1.00e0	9.27e2	410	206	206	206	5	179	86.89	166	80.58
265	data/reference/motifs/JASPAR2026_CORE_plants_non-redundant_pfms_meme.txt	MA1067.1	TCP5	GGGACCAC	1.52e-1	1.00e0	9.27e2	147	206	206	206	1	79	38.35	68	33.01
266	data/reference/motifs/JASPAR2026_CORE_plants_non-redundant_pfms_meme.txt	MA2382.1	e_gw1.209.40.1	CACGTG	5.80e-2	1.00e0	9.27e2	388	206	206	206	6	146	70.87	130	63.11
267	data/reference/motifs/JASPAR2026_CORE_plants_non-redundant_pfms_meme.txt	MA1334.2	BZIP11	TGCCACGTCAGCA	3.43e-1	1.00e0	9.27e2	54	206	206	206	2	4	1.94	2	0.97
268	data/reference/motifs/JASPAR2026_CORE_plants_non-redundant_pfms_meme.txt	MA1273.2	DOF4.2	AAAAAGGYAAA	5.66e-2	1.00e0	9.27e2	402	206	206	206	8	34	16.50	22	10.68
269	data/reference/motifs/JASPAR2026_CORE_plants_non-redundant_pfms_meme.txt	MA2733.1	Sl-ERF_F_4	GCMGCMGCCGCCGCCGYCR	4.34e-1	1.00e0	9.27e2	40	206	206	206	1	21	10.19	19	9.22
270	data/reference/motifs/JASPAR2026_CORE_plants_non-redundant_pfms_meme.txt	MA1685.2	ARF10	ARNGGGAGACA	7.66e-2	1.00e0	9.27e2	298	206	206	206	4	34	16.50	23	11.17
271	data/reference/motifs/JASPAR2026_CORE_plants_non-redundant_pfms_meme.txt	MA0970.2	CAMTA3	CCGCGT	6.09e-2	1.00e0	9.27e2	375	206	206	206	13	6	2.91	1	0.49
272	data/reference/motifs/JASPAR2026_CORE_plants_non-redundant_pfms_meme.txt	MA1267.2	DOF5.8	TTTTTHYTTTTTACTTTTT	5.59e-2	1.00e0	9.27e2	410	206	206	206	2	202	98.06	195	94.66
273	data/reference/motifs/JASPAR2026_CORE_plants_non-redundant_pfms_meme.txt	MA1091.1	WRKY62	TGGTCAAC	7.82e-2	1.00e0	9.27e2	294	206	206	206	1	154	74.76	140	67.96
274	data/reference/motifs/JASPAR2026_CORE_plants_non-redundant_pfms_meme.txt	MA0129.1	TGA1A	HACGTCA	5.59e-2	1.00e0	9.27e2	412	206	206	206	3	202	98.06	195	94.66
275	data/reference/motifs/JASPAR2026_CORE_plants_non-redundant_pfms_meme.txt	MA1056.2	SPL11	CGTACGGA	1.24e-1	1.00e0	9.27e2	186	206	206	206	2	55	26.70	44	21.36
276	data/reference/motifs/JASPAR2026_CORE_plants_non-redundant_pfms_meme.txt	MA1035.1	TCP4	GGGACCAC	1.53e-1	1.00e0	9.27e2	151	206	206	206	1	81	39.32	70	33.98
277	data/reference/motifs/JASPAR2026_CORE_plants_non-redundant_pfms_meme.txt	MA1096.1	ARALYDRAFT_496250	GGGACCAC	2.63e-1	1.00e0	9.27e2	76	206	206	206	1	41	19.90	35	16.99
278	data/reference/motifs/JASPAR2026_CORE_plants_non-redundant_pfms_meme.txt	MA2029.2	MYB88	ACGCTCCTC	1.18e-1	1.00e0	9.27e2	197	206	206	206	1	105	50.97	92	44.66
279	data/reference/motifs/JASPAR2026_CORE_plants_non-redundant_pfms_meme.txt	MA1231.3	ERF15	MGCCGCCD	1.18e-1	1.00e0	9.27e2	197	206	206	206	1	105	50.97	92	44.66
280	data/reference/motifs/JASPAR2026_CORE_plants_non-redundant_pfms_meme.txt	MA1345.2	BZIP48	GCCACGTCAGCA	3.81e-1	1.00e0	9.27e2	49	206	206	206	1	26	12.62	23	11.17
281	data/reference/motifs/JASPAR2026_CORE_plants_non-redundant_pfms_meme.txt	MA0580.1	DYT1	MGTGAGWCACGTGA	3.81e-1	1.00e0	9.27e2	49	206	206	206	1	26	12.62	23	11.17
282	data/reference/motifs/JASPAR2026_CORE_plants_non-redundant_pfms_meme.txt	MA1816.2	O11	CACGTG	9.62e-2	1.00e0	9.27e2	244	206	206	206	2	129	62.62	115	55.83
283	data/reference/motifs/JASPAR2026_CORE_plants_non-redundant_pfms_meme.txt	MA1339.1	BZIP43	GCCACGTCAGCA	5.00e-1	1.00e0	9.27e2	34	206	206	206	2	1	0.49	0	0.00
284	data/reference/motifs/JASPAR2026_CORE_plants_non-redundant_pfms_meme.txt	MA1239.2	ERF104	CCDCCDCCGCCGCCRY	2.97e-1	1.00e0	9.27e2	67	206	206	206	1	36	17.48	31	15.05
285	data/reference/motifs/JASPAR2026_CORE_plants_non-redundant_pfms_meme.txt	MA1371.2	IDD4	ASAAAAMGACAAAAA	1.07e-1	1.00e0	9.27e2	220	206	206	206	2	46	22.33	35	16.99
286	data/reference/motifs/JASPAR2026_CORE_plants_non-redundant_pfms_meme.txt	MA2016.2	GRF6	TCTGACA	1.36e-1	1.00e0	9.27e2	174	206	206	206	1	93	45.15	81	39.32
287	data/reference/motifs/JASPAR2026_CORE_plants_non-redundant_pfms_meme.txt	MA1305.2	WRKY55	CGTTGACTT	9.37e-2	1.00e0	9.27e2	254	206	206	206	3	25	12.14	16	7.77
288	data/reference/motifs/JASPAR2026_CORE_plants_non-redundant_pfms_meme.txt	MA1268.2	CDF5	TTYACTTTTTYTTTTTTTTTT	6.09e-2	1.00e0	9.27e2	398	206	206	206	16	6	2.91	1	0.49
289	data/reference/motifs/JASPAR2026_CORE_plants_non-redundant_pfms_meme.txt	MA1262.2	ERF2	CCDCCGCCGCCRY	2.23e-1	1.00e0	9.27e2	109	206	206	206	3	10	4.85	6	2.91
290	data/reference/motifs/JASPAR2026_CORE_plants_non-redundant_pfms_meme.txt	MA2046.2	NAC035	CACGGCA	6.16e-2	1.00e0	9.27e2	395	206	206	206	14	4	1.94	0	0.00
291	data/reference/motifs/JASPAR2026_CORE_plants_non-redundant_pfms_meme.txt	MA1768.2	MYB30	CCAACYACCAMC	6.22e-2	1.00e0	9.27e2	395	206	206	206	3	139	67.48	123	59.71
292	data/reference/motifs/JASPAR2026_CORE_plants_non-redundant_pfms_meme.txt	MA1751.2	EIL3	AGRTWCAT	6.09e-2	1.00e0	9.27e2	405	206	206	206	1	205	99.51	200	97.09
293	data/reference/motifs/JASPAR2026_CORE_plants_non-redundant_pfms_meme.txt	MA2055.1	PK00315.1	GACAGCTR	6.09e-2	1.00e0	9.27e2	405	206	206	206	1	205	99.51	200	97.09
294	data/reference/motifs/JASPAR2026_CORE_plants_non-redundant_pfms_meme.txt	MA2351.1	OsEIL3	AGRTACAT	6.20e-2	1.00e0	9.27e2	402	206	206	206	7	36	17.48	24	11.65
295	data/reference/motifs/JASPAR2026_CORE_plants_non-redundant_pfms_meme.txt	MA0586.3	SPL14	TCCGTAC	2.21e-1	1.00e0	9.27e2	113	206	206	206	2	17	8.25	12	5.83
296	data/reference/motifs/JASPAR2026_CORE_plants_non-redundant_pfms_meme.txt	MA2435.1	SPL16D	GCGGTASTACCGC	2.49e-1	1.00e0	9.27e2	87	206	206	206	4	2	0.97	0	0.00
297	data/reference/motifs/JASPAR2026_CORE_plants_non-redundant_pfms_meme.txt	MA2624.1	myb37	TAACCGAA	6.09e-2	1.00e0	9.27e2	411	206	206	206	15	6	2.91	1	0.49
298	data/reference/motifs/JASPAR2026_CORE_plants_non-redundant_pfms_meme.txt	MA2441.1	SPL3A	AGCGGTACTACC	1.24e-1	1.00e0	9.27e2	202	206	206	206	5	3	1.46	0	0.00
299	data/reference/motifs/JASPAR2026_CORE_plants_non-redundant_pfms_meme.txt	MA1264.2	ERF095	RYGGCGGCGGHGG	2.87e-1	1.00e0	9.27e2	74	206	206	206	3	8	3.88	5	2.43
300	data/reference/motifs/JASPAR2026_CORE_plants_non-redundant_pfms_meme.txt	MA2634.1	EIN3	AGATTCATTGAATCT	1.31e-1	1.00e0	9.27e2	192	206	206	206	4	19	9.22	12	5.83
301	data/reference/motifs/JASPAR2026_CORE_plants_non-redundant_pfms_meme.txt	MA1009.1	ARF3	TGTCGGAA	7.43e-2	1.00e0	9.27e2	339	206	206	206	4	41	19.90	29	14.08
302	data/reference/motifs/JASPAR2026_CORE_plants_non-redundant_pfms_meme.txt	MA1687.1	ARF14	CGGGGGACAYGTCGGG	4.37e-1	1.00e0	9.27e2	44	206	206	206	1	23	11.17	21	10.19
303	data/reference/motifs/JASPAR2026_CORE_plants_non-redundant_pfms_meme.txt	MA1814.2	RIN	CTATTTTTGG	6.16e-2	1.00e0	9.27e2	411	206	206	206	19	4	1.94	0	0.00
304	data/reference/motifs/JASPAR2026_CORE_plants_non-redundant_pfms_meme.txt	MA2379.1	DOF3.1	CKTT	6.16e-2	1.00e0	9.27e2	412	206	206	206	82	206	100.00	202	98.06
305	data/reference/motifs/JASPAR2026_CORE_plants_non-redundant_pfms_meme.txt	MA1243.2	DREB2E	MACCGACWTW	2.49e-1	1.00e0	9.27e2	102	206	206	206	4	2	0.97	0	0.00
306	data/reference/motifs/JASPAR2026_CORE_plants_non-redundant_pfms_meme.txt	MA1164.2	HHO5	RAAGATTC	6.96e-2	1.00e0	9.27e2	366	206	206	206	5	39	18.93	27	13.11
307	data/reference/motifs/JASPAR2026_CORE_plants_non-redundant_pfms_meme.txt	MA2746.1	HB-HD-ZIP-2A-2	WTGCAATCATT	6.45e-2	1.00e0	9.27e2	405	206	206	206	3	174	84.47	161	78.16
308	data/reference/motifs/JASPAR2026_CORE_plants_non-redundant_pfms_meme.txt	MA2030.2	MYB96	MCCAACTACCA	7.28e-2	1.00e0	9.27e2	359	206	206	206	7	21	10.19	12	5.83
309	data/reference/motifs/JASPAR2026_CORE_plants_non-redundant_pfms_meme.txt	MA2740.1	SlTCP15	GTGGGACCCA	9.73e-2	1.00e0	9.27e2	269	206	206	206	2	94	45.63	80	38.83
310	data/reference/motifs/JASPAR2026_CORE_plants_non-redundant_pfms_meme.txt	MA1369.2	HDG1	YAATTAATGM	6.70e-2	1.00e0	9.27e2	393	206	206	206	2	186	90.29	175	84.95
311	data/reference/motifs/JASPAR2026_CORE_plants_non-redundant_pfms_meme.txt	MA0969.2	CAMTA2	VCGCGT	6.67e-2	1.00e0	9.27e2	398	206	206	206	8	70	33.98	55	26.70
312	data/reference/motifs/JASPAR2026_CORE_plants_non-redundant_pfms_meme.txt	MA0551.2	HY5	TGMCACGTGKCA	2.49e-1	1.00e0	9.27e2	93	206	206	206	6	2	0.97	0	0.00
313	data/reference/motifs/JASPAR2026_CORE_plants_non-redundant_pfms_meme.txt	MA2396.1	IDD1	TTTTGTCGTTTT	1.16e-1	1.00e0	9.27e2	231	206	206	206	2	50	24.27	39	18.93
314	data/reference/motifs/JASPAR2026_CORE_plants_non-redundant_pfms_meme.txt	MA2400.1	LjTCP20	GGGACCAY	1.39e-1	1.00e0	9.27e2	196	206	206	206	1	104	50.49	92	44.66
315	data/reference/motifs/JASPAR2026_CORE_plants_non-redundant_pfms_meme.txt	MA2018.2	NAC69	ACAAGGCA	6.67e-2	1.00e0	9.27e2	409	206	206	206	10	25	12.14	15	7.28
316	data/reference/motifs/JASPAR2026_CORE_plants_non-redundant_pfms_meme.txt	MA1161.1	TSO1	WWTTWAAAATTTAAA	7.00e-2	1.00e0	9.27e2	392	206	206	206	12	9	4.37	3	1.46
317	data/reference/motifs/JASPAR2026_CORE_plants_non-redundant_pfms_meme.txt	MA2479.1	TCX5	ATTCAAAT	6.70e-2	1.00e0	9.27e2	410	206	206	206	18	20	9.71	11	5.34
318	data/reference/motifs/JASPAR2026_CORE_plants_non-redundant_pfms_meme.txt	MA1270.2	DOF3.2	TWACTTTTTNNYTTTT	6.76e-2	1.00e0	9.27e2	407	206	206	206	11	12	5.83	5	2.43
319	data/reference/motifs/JASPAR2026_CORE_plants_non-redundant_pfms_meme.txt	MA2725.1	SlWRKY6	AAAGTCAAC	6.76e-2	1.00e0	9.27e2	409	206	206	206	2	201	97.57	194	94.17
320	data/reference/motifs/JASPAR2026_CORE_plants_non-redundant_pfms_meme.txt	MA2008.2	MYB99	CACCTAMY	9.25e-2	1.00e0	9.27e2	299	206	206	206	1	156	75.73	143	69.42
321	data/reference/motifs/JASPAR2026_CORE_plants_non-redundant_pfms_meme.txt	MA1427.3	NAC028	CAAGTAA	6.78e-2	1.00e0	9.27e2	412	206	206	206	11	97	47.09	81	39.32
322	data/reference/motifs/JASPAR2026_CORE_plants_non-redundant_pfms_meme.txt	MA2646.1	GLYMA-11G083900	GTACGGA	1.14e-1	1.00e0	9.27e2	245	206	206	206	1	129	62.62	116	56.31
323	data/reference/motifs/JASPAR2026_CORE_plants_non-redundant_pfms_meme.txt	MA1053.1	ERF109	GCGCCGCC	1.54e-1	1.00e0	9.27e2	183	206	206	206	2	57	27.67	47	22.82
324	data/reference/motifs/JASPAR2026_CORE_plants_non-redundant_pfms_meme.txt	MA1370.2	IDD5	TTTTGTCGTTTWST	1.38e-1	1.00e0	9.27e2	207	206	206	206	2	48	23.30	38	18.45
325	data/reference/motifs/JASPAR2026_CORE_plants_non-redundant_pfms_meme.txt	MA0959.1	AIB	GCACGTGC	1.64e-1	1.00e0	9.27e2	175	206	206	206	6	17	8.25	11	5.34
326	data/reference/motifs/JASPAR2026_CORE_plants_non-redundant_pfms_meme.txt	MA1756.2	GRF9	TGTCAGA	8.40e-2	1.00e0	9.27e2	343	206	206	206	3	72	34.95	58	28.16
327	data/reference/motifs/JASPAR2026_CORE_plants_non-redundant_pfms_meme.txt	MA1098.1	ARALYDRAFT_484486	GGSCCCAC	1.60e-1	1.00e0	9.27e2	181	206	206	206	1	96	46.60	85	41.26
328	data/reference/motifs/JASPAR2026_CORE_plants_non-redundant_pfms_meme.txt	MA1095.1	ARALYDRAFT_495258	GGSCCCAC	1.60e-1	1.00e0	9.27e2	181	206	206	206	1	96	46.60	85	41.26
329	data/reference/motifs/JASPAR2026_CORE_plants_non-redundant_pfms_meme.txt	MA0561.1	PIF4	CACGTGSC	2.72e-1	1.00e0	9.27e2	107	206	206	206	3	7	3.40	4	1.94
330	data/reference/motifs/JASPAR2026_CORE_plants_non-redundant_pfms_meme.txt	MA0997.2	ERF069	GCCG	7.10e-2	1.00e0	9.27e2	412	206	206	206	16	190	92.23	180	87.38
331	data/reference/motifs/JASPAR2026_CORE_plants_non-redundant_pfms_meme.txt	MA1064.2	TCP2	TGGKMCCA	7.55e-2	1.00e0	9.27e2	389	206	206	206	12	82	39.81	67	32.52
332	data/reference/motifs/JASPAR2026_CORE_plants_non-redundant_pfms_meme.txt	MA1356.1	TRP2	AACCCTAAACCCTAAACCCTA	9.47e-1	1.00e0	9.27e2	10	206	206	206	1	3	1.46	7	3.40
333	data/reference/motifs/JASPAR2026_CORE_plants_non-redundant_pfms_meme.txt	MA1686.1	ARF13	ARCGGGGGACAYGT	3.12e-1	1.00e0	9.27e2	79	206	206	206	3	3	1.46	1	0.49
334	data/reference/motifs/JASPAR2026_CORE_plants_non-redundant_pfms_meme.txt	MA0955.2	POPTR_0002s00440g	GTACGG	7.20e-2	1.00e0	9.27e2	411	206	206	206	17	40	19.42	28	13.59
335	data/reference/motifs/JASPAR2026_CORE_plants_non-redundant_pfms_meme.txt	MA1767.2	MYB23	CAACWA	7.28e-2	1.00e0	9.27e2	410	206	206	206	9	21	10.19	12	5.83
336	data/reference/motifs/JASPAR2026_CORE_plants_non-redundant_pfms_meme.txt	MA2415.1	EREB138	CMGCCGCCAT	1.25e-1	1.00e0	9.27e2	240	206	206	206	2	74	35.92	62	30.10
337	data/reference/motifs/JASPAR2026_CORE_plants_non-redundant_pfms_meme.txt	MA0941.2	ABF2	ACACGTG	7.43e-2	1.00e0	9.27e2	403	206	206	206	5	141	68.45	126	61.17
338	data/reference/motifs/JASPAR2026_CORE_plants_non-redundant_pfms_meme.txt	MA2626.1	bzip40	GTGACGTGGC	8.31e-2	1.00e0	9.27e2	361	206	206	206	2	149	72.33	135	65.53
339	data/reference/motifs/JASPAR2026_CORE_plants_non-redundant_pfms_meme.txt	MA2617.1	ereb54	GCGGCGGCGGC	4.05e-1	1.00e0	9.27e2	58	206	206	206	2	10	4.85	8	3.88
340	data/reference/motifs/JASPAR2026_CORE_plants_non-redundant_pfms_meme.txt	MA1004.2	ERF13	SGCCGCC	1.46e-1	1.00e0	9.27e2	206	206	206	206	7	10	4.85	5	2.43
341	data/reference/motifs/JASPAR2026_CORE_plants_non-redundant_pfms_meme.txt	MA2454.1	SPL8D1	ATAGTACATA	7.36e-2	1.00e0	9.27e2	410	206	206	206	10	50	24.27	37	17.96
342	data/reference/motifs/JASPAR2026_CORE_plants_non-redundant_pfms_meme.txt	MA0993.2	ERF7	GCCG	7.36e-2	1.00e0	9.27e2	411	206	206	206	16	142	68.93	127	61.65
343	data/reference/motifs/JASPAR2026_CORE_plants_non-redundant_pfms_meme.txt	MA1021.2	PHYPADRAFT_48267	CACGTGC	1.24e-1	1.00e0	9.27e2	245	206	206	206	10	3	1.46	0	0.00
344	data/reference/motifs/JASPAR2026_CORE_plants_non-redundant_pfms_meme.txt	MA1045.2	NAC043	TWACGTAA	7.72e-2	1.00e0	9.27e2	395	206	206	206	3	136	66.02	121	58.74
345	data/reference/motifs/JASPAR2026_CORE_plants_non-redundant_pfms_meme.txt	MA0966.2	BIM3	CACGTG	7.53e-2	1.00e0	9.27e2	408	206	206	206	18	51	24.76	38	18.45
346	data/reference/motifs/JASPAR2026_CORE_plants_non-redundant_pfms_meme.txt	MA1738.1	ATMYB31	YAMCTMCCAACHAMH	8.87e-2	1.00e0	9.27e2	348	206	206	206	4	60	29.13	47	22.82
347	data/reference/motifs/JASPAR2026_CORE_plants_non-redundant_pfms_meme.txt	MA2371.1	MYB31	YAMCTMCCAACHAMH	8.87e-2	1.00e0	9.27e2	348	206	206	206	4	60	29.13	47	22.82
348	data/reference/motifs/JASPAR2026_CORE_plants_non-redundant_pfms_meme.txt	MA1043.2	NAC083	YACGYAA	2.31e-1	1.00e0	9.27e2	134	206	206	206	1	71	34.47	63	30.58
349	data/reference/motifs/JASPAR2026_CORE_plants_non-redundant_pfms_meme.txt	MA1049.2	ERF094	MGCCGCC	2.21e-1	1.00e0	9.27e2	140	206	206	206	2	27	13.11	21	10.19
350	data/reference/motifs/JASPAR2026_CORE_plants_non-redundant_pfms_meme.txt	MA1219.3	ERF011	CACCGAC	1.00e-1	1.00e0	9.27e2	311	206	206	206	2	109	52.91	95	46.12
351	data/reference/motifs/JASPAR2026_CORE_plants_non-redundant_pfms_meme.txt	MA1817.2	Zm00001d020267	CGCCGCCGCC	2.04e-1	1.00e0	9.27e2	153	206	206	206	2	50	24.27	42	20.39
352	data/reference/motifs/JASPAR2026_CORE_plants_non-redundant_pfms_meme.txt	MA1244.2	ABR1	DTKGCGGCGGMG	2.58e-1	1.00e0	9.27e2	121	206	206	206	1	64	31.07	57	27.67
353	data/reference/motifs/JASPAR2026_CORE_plants_non-redundant_pfms_meme.txt	MA0549.2	BZR2	RCACGTGKSV	2.49e-1	1.00e0	9.27e2	126	206	206	206	5	2	0.97	0	0.00
354	data/reference/motifs/JASPAR2026_CORE_plants_non-redundant_pfms_meme.txt	MA1412.2	TSAR2	GCACGTGC	2.25e-1	1.00e0	9.27e2	140	206	206	206	8	5	2.43	2	0.97
355	data/reference/motifs/JASPAR2026_CORE_plants_non-redundant_pfms_meme.txt	MA1184.2	RVE1	WAAATATCT	8.48e-2	1.00e0	9.27e2	371	206	206	206	6	18	8.74	10	4.85
356	data/reference/motifs/JASPAR2026_CORE_plants_non-redundant_pfms_meme.txt	MA1032.2	DREB1G	TGCCGACA	2.80e-1	1.00e0	9.27e2	96	206	206	206	1	51	24.76	45	21.84
357	data/reference/motifs/JASPAR2026_CORE_plants_non-redundant_pfms_meme.txt	MA2413.1	ZmbZIP96	GASACGTGKCA	1.62e-1	1.00e0	9.27e2	195	206	206	206	1	103	50.00	92	44.66
358	data/reference/motifs/JASPAR2026_CORE_plants_non-redundant_pfms_meme.txt	MA2742.1	SlWRKY11	GTTGACTTTT	1.42e-1	1.00e0	9.27e2	224	206	206	206	4	6	2.91	2	0.97
359	data/reference/motifs/JASPAR2026_CORE_plants_non-redundant_pfms_meme.txt	MA2499.1	LSH2	TACTGTTCA	7.82e-2	1.00e0	9.27e2	407	206	206	206	5	134	65.05	119	57.77
360	data/reference/motifs/JASPAR2026_CORE_plants_non-redundant_pfms_meme.txt	MA0577.4	SPL3	TGTACGGA	1.05e-1	1.00e0	9.27e2	303	206	206	206	3	45	21.84	34	16.50
361	data/reference/motifs/JASPAR2026_CORE_plants_non-redundant_pfms_meme.txt	MA2651.1	GLYMA-20G154400	GGGCCCCAC	1.32e-1	1.00e0	9.27e2	242	206	206	206	4	26	12.62	18	8.74
362	data/reference/motifs/JASPAR2026_CORE_plants_non-redundant_pfms_meme.txt	MA2614.1	ereb198	SCGCCGCCGCCR	3.55e-1	1.00e0	9.27e2	73	206	206	206	2	17	8.25	14	6.80
363	data/reference/motifs/JASPAR2026_CORE_plants_non-redundant_pfms_meme.txt	MA0984.2	DOF5.7	AAARR	7.75e-2	1.00e0	9.27e2	412	206	206	206	78	197	95.63	189	91.75
364	data/reference/motifs/JASPAR2026_CORE_plants_non-redundant_pfms_meme.txt	MA1296.2	WRKY46	CGTTGACTTT	1.37e-1	1.00e0	9.27e2	234	206	206	206	3	14	6.80	8	3.88
365	data/reference/motifs/JASPAR2026_CORE_plants_non-redundant_pfms_meme.txt	MA1698.2	ARF7	GCCGACAAG	9.77e-2	1.00e0	9.27e2	327	206	206	206	5	33	16.02	23	11.17
366	data/reference/motifs/JASPAR2026_CORE_plants_non-redundant_pfms_meme.txt	MA2732.1	Sl-ERF_C_4	YCGCCGCCGCCR	2.33e-1	1.00e0	9.27e2	138	206	206	206	1	73	35.44	65	31.55
367	data/reference/motifs/JASPAR2026_CORE_plants_non-redundant_pfms_meme.txt	MA1213.3	ZHD3	CAATTATTG	8.03e-2	1.00e0	9.27e2	401	206	206	206	8	68	33.01	54	26.21
368	data/reference/motifs/JASPAR2026_CORE_plants_non-redundant_pfms_meme.txt	MA1785.2	NAC018	ACACGYAACY	1.01e-1	1.00e0	9.27e2	321	206	206	206	3	71	34.47	58	28.16
369	data/reference/motifs/JASPAR2026_CORE_plants_non-redundant_pfms_meme.txt	MA0938.3	NAC058	TTACKTGTDNMACAAGWAA	3.94e-1	1.00e0	9.27e2	65	206	206	206	1	34	16.50	31	15.05
370	data/reference/motifs/JASPAR2026_CORE_plants_non-redundant_pfms_meme.txt	MA1167.2	EFM	RGAATATTC	1.01e-1	1.00e0	9.27e2	323	206	206	206	4	34	16.50	24	11.65
371	data/reference/motifs/JASPAR2026_CORE_plants_non-redundant_pfms_meme.txt	MA1373.1	GAF1	HABWAAACGACAAAA	1.42e-1	1.00e0	9.27e2	229	206	206	206	4	6	2.91	2	0.97
372	data/reference/motifs/JASPAR2026_CORE_plants_non-redundant_pfms_meme.txt	MA2033.2	NAC038	TTDCKTGTDNHACAAGTWA	4.43e-1	1.00e0	9.27e2	56	206	206	206	1	29	14.08	27	13.11
373	data/reference/motifs/JASPAR2026_CORE_plants_non-redundant_pfms_meme.txt	MA2450.1	SPL7A	GTACTACCGCT	1.35e-1	1.00e0	9.27e2	242	206	206	206	1	127	61.65	115	55.83
374	data/reference/motifs/JASPAR2026_CORE_plants_non-redundant_pfms_meme.txt	MA2607.1	tcptf23	GGGACCAC	9.82e-2	1.00e0	9.27e2	336	206	206	206	5	53	25.73	41	19.90
375	data/reference/motifs/JASPAR2026_CORE_plants_non-redundant_pfms_meme.txt	MA1659.2	ABF4	CCACGTS	8.16e-2	1.00e0	9.27e2	409	206	206	206	4	164	79.61	151	73.30
376	data/reference/motifs/JASPAR2026_CORE_plants_non-redundant_pfms_meme.txt	MA1331.2	BEH4	YGCACGTGTG	6.14e-1	1.00e0	9.27e2	35	206	206	206	2	6	2.91	6	2.91
377	data/reference/motifs/JASPAR2026_CORE_plants_non-redundant_pfms_meme.txt	MA2745.1	SlWRKY81	AAGTCAAC	8.38e-2	1.00e0	9.27e2	402	206	206	206	5	111	53.88	96	46.60
378	data/reference/motifs/JASPAR2026_CORE_plants_non-redundant_pfms_meme.txt	MA1179.2	MYB1	ACSGTTA	1.03e-1	1.00e0	9.27e2	326	206	206	206	4	27	13.11	18	8.74
379	data/reference/motifs/JASPAR2026_CORE_plants_non-redundant_pfms_meme.txt	MA1295.2	WRKY20	CGTTGACY	1.12e-1	1.00e0	9.27e2	300	206	206	206	1	156	75.73	144	69.90
380	data/reference/motifs/JASPAR2026_CORE_plants_non-redundant_pfms_meme.txt	MA1804.2	WIN1	CRCCGC	8.14e-2	1.00e0	9.27e2	411	206	206	206	11	126	61.17	111	53.88
381	data/reference/motifs/JASPAR2026_CORE_plants_non-redundant_pfms_meme.txt	MA2736.1	la3	AACACGTG	1.01e-1	1.00e0	9.27e2	337	206	206	206	1	174	84.47	163	79.13
382	data/reference/motifs/JASPAR2026_CORE_plants_non-redundant_pfms_meme.txt	MA1695.2	ARF36	GGGGGACAHGTC	1.49e-1	1.00e0	9.27e2	230	206	206	206	2	54	26.21	44	21.36
383	data/reference/motifs/JASPAR2026_CORE_plants_non-redundant_pfms_meme.txt	MA2378.1	CRF3	GCCG	8.32e-2	1.00e0	9.27e2	412	206	206	206	47	29	14.08	19	9.22
384	data/reference/motifs/JASPAR2026_CORE_plants_non-redundant_pfms_meme.txt	MA1791.1	NAC087	TTDCTTGTNNNACACGYWA	5.00e-1	1.00e0	9.27e2	49	206	206	206	2	10	4.85	9	4.37
385	data/reference/motifs/JASPAR2026_CORE_plants_non-redundant_pfms_meme.txt	MA2074.1	PK17878.1	CGCCGCCA	2.92e-1	1.00e0	9.27e2	116	206	206	206	1	61	29.61	55	26.70
386	data/reference/motifs/JASPAR2026_CORE_plants_non-redundant_pfms_meme.txt	MA2667.1	GLYMA-13G236500	ACGACGGCGGAG	2.11e-1	1.00e0	9.27e2	167	206	206	206	1	88	42.72	79	38.35
387	data/reference/motifs/JASPAR2026_CORE_plants_non-redundant_pfms_meme.txt	MA2719.1	lat61	CRCACGTGYG	3.86e-1	1.00e0	9.27e2	71	206	206	206	4	7	3.40	5	2.43
388	data/reference/motifs/JASPAR2026_CORE_plants_non-redundant_pfms_meme.txt	MA1060.2	SPL7	CGTACG	8.73e-2	1.00e0	9.27e2	397	206	206	206	10	76	36.89	62	30.10
389	data/reference/motifs/JASPAR2026_CORE_plants_non-redundant_pfms_meme.txt	MA2478.1	PK13314.1	GGGCCCAC	9.25e-2	1.00e0	9.27e2	383	206	206	206	7	63	30.58	50	24.27
390	data/reference/motifs/JASPAR2026_CORE_plants_non-redundant_pfms_meme.txt	MA1093.2	WRKY75	RGTCAAC	1.37e-1	1.00e0	9.27e2	258	206	206	206	3	27	13.11	19	9.22
391	data/reference/motifs/JASPAR2026_CORE_plants_non-redundant_pfms_meme.txt	MA2048.2	NAC045	GAAGCAAC	8.60e-2	1.00e0	9.27e2	409	206	206	206	2	202	98.06	196	95.15
392	data/reference/motifs/JASPAR2026_CORE_plants_non-redundant_pfms_meme.txt	MA1677.2	NAC078	CAAGAAA	8.48e-2	1.00e0	9.27e2	408	206	206	206	12	18	8.74	10	4.85
393	data/reference/motifs/JASPAR2026_CORE_plants_non-redundant_pfms_meme.txt	MA1324.1	GATA20	ATCSGATC	1.40e-1	1.00e0	9.27e2	248	206	206	206	2	66	32.04	55	26.70
394	data/reference/motifs/JASPAR2026_CORE_plants_non-redundant_pfms_meme.txt	MA0021.1	Dof3	AAAGYV	8.60e-2	1.00e0	9.27e2	410	206	206	206	2	202	98.06	196	95.15
395	data/reference/motifs/JASPAR2026_CORE_plants_non-redundant_pfms_meme.txt	MA1808.3	GLYMA-06G314400	GACACGTGGC	2.49e-1	1.00e0	9.27e2	301	206	206	206	12	2	0.97	0	0.00
396	data/reference/motifs/JASPAR2026_CORE_plants_non-redundant_pfms_meme.txt	MA1811.3	GLYMA-13G317000	GGACACSTGTCA	5.00e-1	1.00e0	9.27e2	247	206	206	206	10	1	0.49	0	0.00
397	data/reference/motifs/JASPAR2026_CORE_plants_non-redundant_pfms_meme.txt	MA2672.1	GLYMA-01G233000	AGAASCTTCT	1.31e-1	1.00e0	9.27e2	329	206	206	206	4	59	28.64	48	23.30
398	data/reference/motifs/JASPAR2026_CORE_plants_non-redundant_pfms_meme.txt	MA2671.1	GLYMA-19G100900	AGCATGCT	2.77e-1	1.00e0	9.27e2	302	206	206	206	4	99	48.06	92	44.66
399	data/reference/motifs/JASPAR2026_CORE_plants_non-redundant_pfms_meme.txt	MA2670.1	GLYMA-15G168800	CAATGATTG	2.49e-1	1.00e0	9.27e2	340	206	206	206	10	2	0.97	0	0.00
400	data/reference/motifs/JASPAR2026_CORE_plants_non-redundant_pfms_meme.txt	MA2668.1	GLYMA-20G155100	RCCGACAT	6.97e-1	1.00e0	9.27e2	266	206	206	206	1	131	63.59	135	65.53
401	data/reference/motifs/JASPAR2026_CORE_plants_non-redundant_pfms_meme.txt	MA2665.1	GLYMA-11G053600	CACCGACAC	1.38e-1	1.00e0	9.27e2	326	206	206	206	1	168	81.55	158	76.70
402	data/reference/motifs/JASPAR2026_CORE_plants_non-redundant_pfms_meme.txt	MA2663.1	GLYMA-02G261700	TCACCGACATA	3.42e-1	1.00e0	9.27e2	257	206	206	206	1	131	63.59	126	61.17
403	data/reference/motifs/JASPAR2026_CORE_plants_non-redundant_pfms_meme.txt	MA2662.1	GLYMA-13G153200	GCCACGTCA	1.54e-1	1.00e0	9.27e2	352	206	206	206	3	82	39.81	71	34.47
404	data/reference/motifs/JASPAR2026_CORE_plants_non-redundant_pfms_meme.txt	MA2660.1	GLYMA-12G168700	WWWTGTAATTACAWWW	7.05e-1	1.00e0	9.27e2	363	206	206	206	9	31	15.05	34	16.50
405	data/reference/motifs/JASPAR2026_CORE_plants_non-redundant_pfms_meme.txt	MA2657.1	GLYMA-14G028900	AAAAGTCAAA	9.85e-2	1.00e0	9.27e2	404	206	206	206	7	15	7.28	8	3.88
406	data/reference/motifs/JASPAR2026_CORE_plants_non-redundant_pfms_meme.txt	MA2656.1	GLYMA-14G006800	TGGTCAACCA	3.20e-1	1.00e0	9.27e2	387	206	206	206	2	161	78.16	156	75.73
407	data/reference/motifs/JASPAR2026_CORE_plants_non-redundant_pfms_meme.txt	MA2653.1	GLYMA-03G042700	GTTTGACTTT	9.65e-2	1.00e0	9.27e2	401	206	206	206	6	52	25.24	40	19.42
408	data/reference/motifs/JASPAR2026_CORE_plants_non-redundant_pfms_meme.txt	MA2652.1	GLYMA-01G053800	AGTTGAC	1.74e-1	1.00e0	9.27e2	396	206	206	206	5	74	35.92	64	31.07
409	data/reference/motifs/JASPAR2026_CORE_plants_non-redundant_pfms_meme.txt	MA2649.1	GLYMA-08G271900	TGCACATG	8.74e-2	1.00e0	9.27e2	406	206	206	206	14	7	3.40	2	0.97
410	data/reference/motifs/JASPAR2026_CORE_plants_non-redundant_pfms_meme.txt	MA2648.1	GLYMA-19G146000	AAGGTACAC	1.10e-1	1.00e0	9.27e2	390	206	206	206	8	8	3.88	3	1.46
411	data/reference/motifs/JASPAR2026_CORE_plants_non-redundant_pfms_meme.txt	MA2647.1	GLYMA-12G226000	AAGTACAA	1.25e-1	1.00e0	9.27e2	411	206	206	206	7	143	69.42	131	63.59
412	data/reference/motifs/JASPAR2026_CORE_plants_non-redundant_pfms_meme.txt	MA2645.1	GLYMA-16G042900	GGTTGCKTSTTCHASAAGYWA	6.80e-1	1.00e0	9.27e2	46	206	206	206	1	22	10.68	24	11.65
413	data/reference/motifs/JASPAR2026_CORE_plants_non-redundant_pfms_meme.txt	MA2644.1	GLYMA-14G030700	AACGACGGCA	2.56e-1	1.00e0	9.27e2	254	206	206	206	6	13	6.31	9	4.37
414	data/reference/motifs/JASPAR2026_CORE_plants_non-redundant_pfms_meme.txt	MA2643.1	SNAC23	YACGGAACT	9.85e-2	1.00e0	9.27e2	374	206	206	206	6	26	12.62	17	8.25
415	data/reference/motifs/JASPAR2026_CORE_plants_non-redundant_pfms_meme.txt	MA2642.1	GLYMA-10G230700	AAGATATTTWTW	3.00e-1	1.00e0	9.27e2	364	206	206	206	8	9	4.37	6	2.91
416	data/reference/motifs/JASPAR2026_CORE_plants_non-redundant_pfms_meme.txt	MA2641.1	GLYMA-01G038600	CCTTATCCA	2.49e-1	1.00e0	9.27e2	402	206	206	206	12	2	0.97	0	0.00
417	data/reference/motifs/JASPAR2026_CORE_plants_non-redundant_pfms_meme.txt	MA2640.1	GLYMA-19G062000	GTAACAGTTAC	1.89e-1	1.00e0	9.27e2	343	206	206	206	5	30	14.56	23	11.17
418	data/reference/motifs/JASPAR2026_CORE_plants_non-redundant_pfms_meme.txt	MA2741.1	SlWRKY7	AAAAAGTCAACC	1.89e-1	1.00e0	9.27e2	296	206	206	206	3	43	20.87	35	16.99
419	data/reference/motifs/JASPAR2026_CORE_plants_non-redundant_pfms_meme.txt	MA2735.1	SlbHLH014	GMCACGTGBC	4.21e-1	1.00e0	9.27e2	177	206	206	206	1	90	43.69	87	42.23
420	data/reference/motifs/JASPAR2026_CORE_plants_non-redundant_pfms_meme.txt	MA2729.1	vahox1	AAATAATTG	2.63e-1	1.00e0	9.27e2	408	206	206	206	13	41	19.90	35	16.99
421	data/reference/motifs/JASPAR2026_CORE_plants_non-redundant_pfms_meme.txt	MA2728.1	SolycHsfC1	RGAAGTTTCTAG	2.38e-1	1.00e0	9.27e2	258	206	206	206	1	133	64.56	125	60.68
422	data/reference/motifs/JASPAR2026_CORE_plants_non-redundant_pfms_meme.txt	MA2727.1	SolycHsfA7	TTCYAGAA	3.46e-1	1.00e0	9.27e2	385	206	206	206	1	194	94.17	191	92.72
423	data/reference/motifs/JASPAR2026_CORE_plants_non-redundant_pfms_meme.txt	MA2726.1	SlWRKY41	GTTGACTT	5.00e-1	1.00e0	9.27e2	391	206	206	206	6	44	21.36	43	20.87
424	data/reference/motifs/JASPAR2026_CORE_plants_non-redundant_pfms_meme.txt	MA2717.1	eil2	AGATTCR	9.22e-2	1.00e0	9.27e2	412	206	206	206	9	137	66.50	123	59.71
425	data/reference/motifs/JASPAR2026_CORE_plants_non-redundant_pfms_meme.txt	MA2716.1	dreb3	CCACCGACCA	1.69e-1	1.00e0	9.27e2	284	206	206	206	1	147	71.36	137	66.50
426	data/reference/motifs/JASPAR2026_CORE_plants_non-redundant_pfms_meme.txt	MA2715.1	Solyc03g124110	RTCTATGTCGGYWAA	8.76e-1	1.00e0	9.27e2	84	206	206	206	3	1	0.49	2	0.97
427	data/reference/motifs/JASPAR2026_CORE_plants_non-redundant_pfms_meme.txt	MA2714.1	APETALA2a	ATTACCTCGTACYA	5.00e-1	1.00e0	9.27e2	94	206	206	206	2	7	3.40	6	2.91
428	data/reference/motifs/JASPAR2026_CORE_plants_non-redundant_pfms_meme.txt	MA2713.1	SlDof14	CTTTTTC	1.08e-1	1.00e0	9.27e2	406	206	206	206	1	205	99.51	201	97.57
429	data/reference/motifs/JASPAR2026_CORE_plants_non-redundant_pfms_meme.txt	MA2711.1	SolycHsfB2b	TTCTAGAA	3.10e-1	1.00e0	9.27e2	180	206	206	206	1	93	45.15	87	42.23
430	data/reference/motifs/JASPAR2026_CORE_plants_non-redundant_pfms_meme.txt	MA2710.1	SolycHsfB1	TTCTAGAA	5.00e-1	1.00e0	9.27e2	273	206	206	206	8	5	2.43	4	1.94
431	data/reference/motifs/JASPAR2026_CORE_plants_non-redundant_pfms_meme.txt	MA2709.1	SolycHsfA2	TTCTAGAAKMTTCTA	4.59e-1	1.00e0	9.27e2	144	206	206	206	1	73	35.44	71	34.47
432	data/reference/motifs/JASPAR2026_CORE_plants_non-redundant_pfms_meme.txt	MA2751.1	TraesCS2B02G304400	CCACTCGACC	5.97e-1	1.00e0	9.27e2	292	206	206	206	3	41	19.90	42	20.39
433	data/reference/motifs/JASPAR2026_CORE_plants_non-redundant_pfms_meme.txt	MA2750.1	TraesCS7B02G142200	TGTACGGAC	1.40e-1	1.00e0	9.27e2	291	206	206	206	1	151	73.30	140	67.96
434	data/reference/motifs/JASPAR2026_CORE_plants_non-redundant_pfms_meme.txt	MA2749.1	TraesCS2D02G576500	GAAGCAAC	1.86e-1	1.00e0	9.27e2	398	206	206	206	3	156	75.73	147	71.36
435	data/reference/motifs/JASPAR2026_CORE_plants_non-redundant_pfms_meme.txt	MA2748.1	TraesCS6B02G321100	CAATTATTG	2.87e-1	1.00e0	9.27e2	399	206	206	206	1	201	97.57	198	96.12
436	data/reference/motifs/JASPAR2026_CORE_plants_non-redundant_pfms_meme.txt	MA2747.1	TraesCS6A02G290800	CAATAATTG	2.15e-1	1.00e0	9.27e2	404	206	206	206	9	57	27.67	49	23.79
437	data/reference/motifs/JASPAR2026_CORE_plants_non-redundant_pfms_meme.txt	MA2761.1	myb100	TRCCTAACTT	2.56e-1	1.00e0	9.27e2	394	206	206	206	8	13	6.31	9	4.37
438	data/reference/motifs/JASPAR2026_CORE_plants_non-redundant_pfms_meme.txt	MA2760.1	p2	CACCTAAC	1.46e-1	1.00e0	9.27e2	407	206	206	206	12	15	7.28	9	4.37
439	data/reference/motifs/JASPAR2026_CORE_plants_non-redundant_pfms_meme.txt	MA2759.1	ereb7	GCGGCGGCGGCGG	1.00e0	1.00e0	9.27e2	2	206	206	206	1	0	0.00	2	0.97
440	data/reference/motifs/JASPAR2026_CORE_plants_non-redundant_pfms_meme.txt	MA2758.1	ereb122	CCGACCA	2.08e-1	1.00e0	9.27e2	394	206	206	206	2	188	91.26	182	88.35
441	data/reference/motifs/JASPAR2026_CORE_plants_non-redundant_pfms_meme.txt	MA2757.1	pbf1	ATAAAGT	1.56e-1	1.00e0	9.27e2	412	206	206	206	23	16	7.77	10	4.85
442	data/reference/motifs/JASPAR2026_CORE_plants_non-redundant_pfms_meme.txt	MA2755.1	hsftf24	ACTAGAAGCTTCTGGAA	2.25e-1	1.00e0	9.27e2	175	206	206	206	4	5	2.43	2	0.97
443	data/reference/motifs/JASPAR2026_CORE_plants_non-redundant_pfms_meme.txt	MA2754.1	wrky38	CGTGGACC	4.20e-1	1.00e0	9.27e2	375	206	206	206	3	126	61.17	123	59.71
444	data/reference/motifs/JASPAR2026_CORE_plants_non-redundant_pfms_meme.txt	MA2753.1	cpp8	GAATTTGAAW	1.24e-1	1.00e0	9.27e2	411	206	206	206	2	206	100.00	203	98.54
445	data/reference/motifs/JASPAR2026_CORE_plants_non-redundant_pfms_meme.txt	MA2627.1	bzip9	CACGTCA	2.44e-1	1.00e0	9.27e2	404	206	206	206	5	119	57.77	111	53.88
446	data/reference/motifs/JASPAR2026_CORE_plants_non-redundant_pfms_meme.txt	MA2625.1	mybr17	CATTATC	1.34e-1	1.00e0	9.27e2	412	206	206	206	20	35	16.99	26	12.62
447	data/reference/motifs/JASPAR2026_CORE_plants_non-redundant_pfms_meme.txt	MA2621.1	glk25	TGATTCCA	2.76e-1	1.00e0	9.27e2	411	206	206	206	9	118	57.28	111	53.88
448	data/reference/motifs/JASPAR2026_CORE_plants_non-redundant_pfms_meme.txt	MA2620.1	g2	CCTTATCC	1.14e-1	1.00e0	9.27e2	405	206	206	206	12	12	5.83	6	2.91
449	data/reference/motifs/JASPAR2026_CORE_plants_non-redundant_pfms_meme.txt	MA2618.1	ereb102	CGACGGCGA	3.82e-1	1.00e0	9.27e2	246	206	206	206	1	125	60.68	121	58.74
450	data/reference/motifs/JASPAR2026_CORE_plants_non-redundant_pfms_meme.txt	MA2615.1	ereb109	CGCCGCC	8.76e-1	1.00e0	9.27e2	19	206	206	206	2	1	0.49	2	0.97
451	data/reference/motifs/JASPAR2026_CORE_plants_non-redundant_pfms_meme.txt	MA2606.1	mybr43	CCTTATCC	1.87e-1	1.00e0	9.27e2	405	206	206	206	3	172	83.50	164	79.61
452	data/reference/motifs/JASPAR2026_CORE_plants_non-redundant_pfms_meme.txt	MA2605.1	mybr26	CCTTATCC	1.76e-1	1.00e0	9.27e2	405	206	206	206	3	176	85.44	168	81.55
453	data/reference/motifs/JASPAR2026_CORE_plants_non-redundant_pfms_meme.txt	MA2604.1	dof22	ACTTTTAC	5.00e-1	1.00e0	9.27e2	412	206	206	206	6	205	99.51	204	99.03
454	data/reference/motifs/JASPAR2026_CORE_plants_non-redundant_pfms_meme.txt	MA1378.2	AIL6	TCCTCGA	1.64e-1	1.00e0	9.27e2	408	206	206	206	14	17	8.25	11	5.34
455	data/reference/motifs/JASPAR2026_CORE_plants_non-redundant_pfms_meme.txt	MA0566.2	MYC2	AACACGTGA	1.19e-1	1.00e0	9.27e2	359	206	206	206	1	184	89.32	175	84.95
456	data/reference/motifs/JASPAR2026_CORE_plants_non-redundant_pfms_meme.txt	MA2639.1	FUL::SOC1	TTCCATTTTTGG	4.27e-1	1.00e0	9.27e2	409	206	206	206	9	17	8.25	15	7.28
457	data/reference/motifs/JASPAR2026_CORE_plants_non-redundant_pfms_meme.txt	MA2638.1	FUL::SEP3	TTWCTATTTATAGTAA	5.42e-1	1.00e0	9.27e2	230	206	206	206	2	64	31.07	64	31.07
458	data/reference/motifs/JASPAR2026_CORE_plants_non-redundant_pfms_meme.txt	MA2637.1	FUL::AG::SEP3	WTWCCAWAAATAGAAA	5.00e-1	1.00e0	9.27e2	395	206	206	206	12	1	0.49	0	0.00
459	data/reference/motifs/JASPAR2026_CORE_plants_non-redundant_pfms_meme.txt	MA2636.1	FUL::AG	WCTTTCCATTTTTRGAAA	6.89e-1	1.00e0	9.27e2	216	206	206	206	1	106	51.46	110	53.40
460	data/reference/motifs/JASPAR2026_CORE_plants_non-redundant_pfms_meme.txt	MA2635.1	FUL	TTWCCAWAAATAGAAA	2.51e-1	1.00e0	9.27e2	310	206	206	206	5	6	2.91	3	1.46
461	data/reference/motifs/JASPAR2026_CORE_plants_non-redundant_pfms_meme.txt	MA2505.1	bZIP59	TGACAGCTGTCA	3.43e-1	1.00e0	9.27e2	251	206	206	206	9	4	1.94	2	0.97
462	data/reference/motifs/JASPAR2026_CORE_plants_non-redundant_pfms_meme.txt	MA2502.1	TMF	CTACAGTA	2.09e-1	1.00e0	9.27e2	408	206	206	206	9	36	17.48	29	14.08
463	data/reference/motifs/JASPAR2026_CORE_plants_non-redundant_pfms_meme.txt	MA1353.2	AT1G72740	RWTTAGGGTTT	7.55e-1	1.00e0	9.27e2	212	206	206	206	1	103	50.00	109	52.91
464	data/reference/motifs/JASPAR2026_CORE_plants_non-redundant_pfms_meme.txt	MA1322.3	SPL9	TCCGTAC	1.85e-1	1.00e0	9.27e2	380	206	206	206	3	122	59.22	112	54.37
465	data/reference/motifs/JASPAR2026_CORE_plants_non-redundant_pfms_meme.txt	MA1058.2	SPL4	GTACG	1.37e-1	1.00e0	9.27e2	412	206	206	206	51	14	6.80	8	3.88
466	data/reference/motifs/JASPAR2026_CORE_plants_non-redundant_pfms_meme.txt	MA1742.2	BIZP18	TGMCAGCTGK	1.79e-1	1.00e0	9.27e2	201	206	206	206	2	39	18.93	31	15.05
467	data/reference/motifs/JASPAR2026_CORE_plants_non-redundant_pfms_meme.txt	MA1672.2	GBF2	SACGTGGCA	2.14e-1	1.00e0	9.27e2	383	206	206	206	7	38	18.45	31	15.05
468	data/reference/motifs/JASPAR2026_CORE_plants_non-redundant_pfms_meme.txt	MA2474.1	HMGB10	TWATAA	3.92e-1	1.00e0	9.27e2	398	206	206	206	3	176	85.44	173	83.98
469	data/reference/motifs/JASPAR2026_CORE_plants_non-redundant_pfms_meme.txt	MA2471.1	SPCH	CACGTG	1.46e-1	1.00e0	9.27e2	343	206	206	206	2	176	85.44	167	81.07
470	data/reference/motifs/JASPAR2026_CORE_plants_non-redundant_pfms_meme.txt	MA2344.1	REV	AATMATCATTATTA	1.08e-1	1.00e0	9.27e2	387	206	206	206	1	197	95.63	190	92.23
471	data/reference/motifs/JASPAR2026_CORE_plants_non-redundant_pfms_meme.txt	MA2459.1	EDF3	RCAACAKA	3.80e-1	1.00e0	9.27e2	306	206	206	206	2	78	37.86	74	35.92
472	data/reference/motifs/JASPAR2026_CORE_plants_non-redundant_pfms_meme.txt	MA1352.1	TRP1	ACCCTAAACCCTAAACCCTAA	1.00e0	1.00e0	9.27e2	2	206	206	206	1	0	0.00	2	0.97
473	data/reference/motifs/JASPAR2026_CORE_plants_non-redundant_pfms_meme.txt	MA1205.1	AGL6	TTWCCAAAAAWGGAAAAWW	6.05e-1	1.00e0	9.27e2	196	206	206	206	2	33	16.02	34	16.50
474	data/reference/motifs/JASPAR2026_CORE_plants_non-redundant_pfms_meme.txt	MA1204.1	AGL13	TTWCCAAAAAWRGWAAAW	3.40e-1	1.00e0	9.27e2	146	206	206	206	2	14	6.80	11	5.34
475	data/reference/motifs/JASPAR2026_CORE_plants_non-redundant_pfms_meme.txt	MA1203.1	AGL63	TKCCAAAAATGGMAA	2.90e-1	1.00e0	9.27e2	231	206	206	206	2	59	28.64	53	25.73
476	data/reference/motifs/JASPAR2026_CORE_plants_non-redundant_pfms_meme.txt	MA1199.1	AGL16	TTTCCWTTTTDGGWA	2.49e-1	1.00e0	9.27e2	254	206	206	206	5	2	0.97	0	0.00
477	data/reference/motifs/JASPAR2026_CORE_plants_non-redundant_pfms_meme.txt	MA1188.1	At3g11280	AWYCTTATCTTHWY	3.44e-1	1.00e0	9.27e2	401	206	206	206	5	86	41.75	81	39.32
478	data/reference/motifs/JASPAR2026_CORE_plants_non-redundant_pfms_meme.txt	MA1169.1	MYB105	WTHDWWACCGTTA	1.69e-1	1.00e0	9.27e2	213	206	206	206	2	49	23.79	40	19.42
479	data/reference/motifs/JASPAR2026_CORE_plants_non-redundant_pfms_meme.txt	MA1042.1	MYB59	RTTAGGTA	1.07e-1	1.00e0	9.27e2	410	206	206	206	13	28	13.59	19	9.22
480	data/reference/motifs/JASPAR2026_CORE_plants_non-redundant_pfms_meme.txt	MA1041.1	MYB55	ACCTACCG	1.86e-1	1.00e0	9.27e2	367	206	206	206	3	96	46.60	86	41.75
481	data/reference/motifs/JASPAR2026_CORE_plants_non-redundant_pfms_meme.txt	MA1040.1	MYB46	GKTAGGTR	3.00e-1	1.00e0	9.27e2	387	206	206	206	9	9	4.37	6	2.91
482	data/reference/motifs/JASPAR2026_CORE_plants_non-redundant_pfms_meme.txt	MA1039.1	MYB4	GGTWGGTR	5.00e-1	1.00e0	9.27e2	411	206	206	206	12	30	14.56	29	14.08
483	data/reference/motifs/JASPAR2026_CORE_plants_non-redundant_pfms_meme.txt	MA1036.1	MYB111	GKTAGGTR	1.41e-1	1.00e0	9.27e2	404	206	206	206	9	28	13.59	20	9.71
484	data/reference/motifs/JASPAR2026_CORE_plants_non-redundant_pfms_meme.txt	MA1012.1	AGL27	CTTTCYATTTTKGG	3.28e-1	1.00e0	9.27e2	249	206	206	206	3	12	5.83	9	4.37
485	data/reference/motifs/JASPAR2026_CORE_plants_non-redundant_pfms_meme.txt	MA0972.1	CCA1	AAATATCT	3.45e-1	1.00e0	9.27e2	400	206	206	206	8	36	17.48	32	15.53
486	data/reference/motifs/JASPAR2026_CORE_plants_non-redundant_pfms_meme.txt	MA0940.1	AP1	MYAAAAAWRGAAA	3.93e-1	1.00e0	9.27e2	412	206	206	206	6	200	97.09	198	96.12
487	data/reference/motifs/JASPAR2026_CORE_plants_non-redundant_pfms_meme.txt	MA0574.1	MYB15	CRACGGTAGGTGG	6.29e-1	1.00e0	9.27e2	41	206	206	206	1	20	9.71	21	10.19
488	data/reference/motifs/JASPAR2026_CORE_plants_non-redundant_pfms_meme.txt	MA0559.1	PI	CCAAAARWRGAAAR	1.08e-1	1.00e0	9.27e2	402	206	206	206	11	16	7.77	9	4.37
489	data/reference/motifs/JASPAR2026_CORE_plants_non-redundant_pfms_meme.txt	MA0054.1	myb.Ph3	TAACBGTTW	5.00e-1	1.00e0	9.27e2	412	206	206	206	11	166	80.58	165	80.10
490	data/reference/motifs/JASPAR2026_CORE_plants_non-redundant_pfms_meme.txt	MA2483.1	PK20543.1	TTAACC	1.24e-1	1.00e0	9.27e2	412	206	206	206	19	206	100.00	203	98.54
491	data/reference/motifs/JASPAR2026_CORE_plants_non-redundant_pfms_meme.txt	MA2482.1	PK27693.1	TTATC	1.54e-1	1.00e0	9.27e2	412	206	206	206	38	173	83.98	164	79.61
492	data/reference/motifs/JASPAR2026_CORE_plants_non-redundant_pfms_meme.txt	MA2481.1	PK12011.1	AACGG	3.86e-1	1.00e0	9.27e2	412	206	206	206	6	201	97.57	199	96.60
493	data/reference/motifs/JASPAR2026_CORE_plants_non-redundant_pfms_meme.txt	MA0988.2	PHYPADRAFT_143875	CACGTG	1.57e-1	1.00e0	9.27e2	384	206	206	206	6	130	63.11	119	57.77
494	data/reference/motifs/JASPAR2026_CORE_plants_non-redundant_pfms_meme.txt	MA2040.2	ENAP2	CTCCGGCGA	3.59e-1	1.00e0	9.27e2	175	206	206	206	2	46	22.33	42	20.39
495	data/reference/motifs/JASPAR2026_CORE_plants_non-redundant_pfms_meme.txt	MA2039.2	ASIL2	CTCCGGCGA	4.04e-1	1.00e0	9.27e2	178	206	206	206	2	44	21.36	41	19.90
496	data/reference/motifs/JASPAR2026_CORE_plants_non-redundant_pfms_meme.txt	MA1661.2	GTL1	GGTTAAAA	3.81e-1	1.00e0	9.27e2	412	206	206	206	9	81	39.32	77	37.38
497	data/reference/motifs/JASPAR2026_CORE_plants_non-redundant_pfms_meme.txt	MA1368.3	GT-4	TAACTATGGTTA	1.37e-1	1.00e0	9.27e2	287	206	206	206	5	14	6.80	8	3.88
498	data/reference/motifs/JASPAR2026_CORE_plants_non-redundant_pfms_meme.txt	MA1366.2	DF1	RGTAAAAA	1.22e-1	1.00e0	9.27e2	411	206	206	206	10	24	11.65	16	7.77
499	data/reference/motifs/JASPAR2026_CORE_plants_non-redundant_pfms_meme.txt	MA1365.3	AT5G47660	GGTAAAA	1.96e-1	1.00e0	9.27e2	410	206	206	206	10	14	6.80	9	4.37
500	data/reference/motifs/JASPAR2026_CORE_plants_non-redundant_pfms_meme.txt	MA2032.2	TRB1	AAACCCTAA	3.20e-1	1.00e0	9.27e2	393	206	206	206	1	198	96.12	195	94.66
501	data/reference/motifs/JASPAR2026_CORE_plants_non-redundant_pfms_meme.txt	MA2031.2	AT5G04760	CTTATCY	1.09e-1	1.00e0	9.27e2	412	206	206	206	5	158	76.70	146	70.87
502	data/reference/motifs/JASPAR2026_CORE_plants_non-redundant_pfms_meme.txt	MA1825.2	Zm00001d044409	CTTATC	2.65e-1	1.00e0	9.27e2	412	206	206	206	6	170	82.52	164	79.61
503	data/reference/motifs/JASPAR2026_CORE_plants_non-redundant_pfms_meme.txt	MA1812.2	ASR1	AGGCCCAAT	5.00e-1	1.00e0	9.27e2	264	206	206	206	4	22	10.68	21	10.19
504	data/reference/motifs/JASPAR2026_CORE_plants_non-redundant_pfms_meme.txt	MA1802.2	TRP5	WAAACCY	5.00e-1	1.00e0	9.27e2	412	206	206	206	39	34	16.50	33	16.02
505	data/reference/motifs/JASPAR2026_CORE_plants_non-redundant_pfms_meme.txt	MA1793.2	NID1	TTATCC	1.69e-1	1.00e0	9.27e2	412	206	206	206	20	203	98.54	199	96.60
506	data/reference/motifs/JASPAR2026_CORE_plants_non-redundant_pfms_meme.txt	MA1401.2	RVE7	AAAATATCT	3.12e-1	1.00e0	9.27e2	201	206	206	206	4	3	1.46	1	0.49
507	data/reference/motifs/JASPAR2026_CORE_plants_non-redundant_pfms_meme.txt	MA1400.2	AT1G19000	WWWTGGATAAGRW	3.43e-1	1.00e0	9.27e2	297	206	206	206	6	4	1.94	2	0.97
508	data/reference/motifs/JASPAR2026_CORE_plants_non-redundant_pfms_meme.txt	MA1398.3	KUA1	CTTATCCA	1.35e-1	1.00e0	9.27e2	411	206	206	206	8	91	44.17	79	38.35
509	data/reference/motifs/JASPAR2026_CORE_plants_non-redundant_pfms_meme.txt	MA1397.2	AT1G74840	WWTGGATAA	4.21e-1	1.00e0	9.27e2	390	206	206	206	3	120	58.25	117	56.80
510	data/reference/motifs/JASPAR2026_CORE_plants_non-redundant_pfms_meme.txt	MA1196.2	AT5G05790	AWYCTTATCYTNWT	1.81e-1	1.00e0	9.27e2	397	206	206	206	2	185	89.81	178	86.41
511	data/reference/motifs/JASPAR2026_CORE_plants_non-redundant_pfms_meme.txt	MA1195.2	AT5G56840	AAYCTTATCCAWWW	1.76e-1	1.00e0	9.27e2	377	206	206	206	5	27	13.11	20	9.71
512	data/reference/motifs/JASPAR2026_CORE_plants_non-redundant_pfms_meme.txt	MA1194.2	AT3G10580	DWDWRGATAAGVWT	3.81e-1	1.00e0	9.27e2	396	206	206	206	4	83	40.29	79	38.35
513	data/reference/motifs/JASPAR2026_CORE_plants_non-redundant_pfms_meme.txt	MA1193.2	AT2G38090	WDWGGATAAGDAT	2.44e-1	1.00e0	9.27e2	375	206	206	206	3	97	47.09	89	43.20
514	data/reference/motifs/JASPAR2026_CORE_plants_non-redundant_pfms_meme.txt	MA1192.2	DIV1	WRGATAAGRTT	5.00e-1	1.00e0	9.27e2	373	206	206	206	9	2	0.97	1	0.49
515	data/reference/motifs/JASPAR2026_CORE_plants_non-redundant_pfms_meme.txt	MA1191.2	RVE7L	AAAATATCT	2.49e-1	1.00e0	9.27e2	311	206	206	206	6	2	0.97	0	0.00
516	data/reference/motifs/JASPAR2026_CORE_plants_non-redundant_pfms_meme.txt	MA1190.2	RVE5	AGATATTTT	1.24e-1	1.00e0	9.27e2	356	206	206	206	8	3	1.46	0	0.00
517	data/reference/motifs/JASPAR2026_CORE_plants_non-redundant_pfms_meme.txt	MA1189.2	AT5G61620	WWWTGGATAAGRWW	2.87e-1	1.00e0	9.27e2	390	206	206	206	8	8	3.88	5	2.43
518	data/reference/motifs/JASPAR2026_CORE_plants_non-redundant_pfms_meme.txt	MA1187.2	RVE4	AGATATTTT	1.67e-1	1.00e0	9.27e2	335	206	206	206	4	35	16.99	27	13.11
519	data/reference/motifs/JASPAR2026_CORE_plants_non-redundant_pfms_meme.txt	MA1186.2	YAB4	AWYCTTATCYW	4.16e-1	1.00e0	9.27e2	404	206	206	206	6	67	32.52	64	31.07
520	data/reference/motifs/JASPAR2026_CORE_plants_non-redundant_pfms_meme.txt	MA1182.2	RVE8	AGATATTTT	2.72e-1	1.00e0	9.27e2	317	206	206	206	3	46	22.33	40	19.42
521	data/reference/motifs/JASPAR2026_CORE_plants_non-redundant_pfms_meme.txt	MA0579.2	CDC5	GCTCAGCGC	6.17e-1	1.00e0	9.27e2	257	206	206	206	3	25	12.14	26	12.62
522	data/reference/motifs/JASPAR2026_CORE_plants_non-redundant_pfms_meme.txt	MA2042.2	MYB58	CCACCAACC	1.85e-1	1.00e0	9.27e2	396	206	206	206	9	29	14.08	22	10.68
523	data/reference/motifs/JASPAR2026_CORE_plants_non-redundant_pfms_meme.txt	MA2041.2	MYB13	YCACCAACCA	2.34e-1	1.00e0	9.27e2	384	206	206	206	9	19	9.22	14	6.80
524	data/reference/motifs/JASPAR2026_CORE_plants_non-redundant_pfms_meme.txt	MA2028.2	MYB49	TTACCTAACTW	1.33e-1	1.00e0	9.27e2	388	206	206	206	5	61	29.61	50	24.27
525	data/reference/motifs/JASPAR2026_CORE_plants_non-redundant_pfms_meme.txt	MA2027.2	MYB44	HAACGGTCA	2.14e-1	1.00e0	9.27e2	327	206	206	206	2	119	57.77	110	53.40
526	data/reference/motifs/JASPAR2026_CORE_plants_non-redundant_pfms_meme.txt	MA2026.2	MYB108	TACCTAACTT	1.86e-1	1.00e0	9.27e2	367	206	206	206	8	4	1.94	1	0.49
527	data/reference/motifs/JASPAR2026_CORE_plants_non-redundant_pfms_meme.txt	MA2025.2	MYB93	TACCAAAC	1.24e-1	1.00e0	9.27e2	410	206	206	206	21	3	1.46	0	0.00
528	data/reference/motifs/JASPAR2026_CORE_plants_non-redundant_pfms_meme.txt	MA2024.2	MYB63	YCACCTACCAC	1.89e-1	1.00e0	9.27e2	333	206	206	206	4	43	20.87	35	16.99
529	data/reference/motifs/JASPAR2026_CORE_plants_non-redundant_pfms_meme.txt	MA2007.2	MYB107	CACCAAAC	1.85e-1	1.00e0	9.27e2	409	206	206	206	14	13	6.31	8	3.88
530	data/reference/motifs/JASPAR2026_CORE_plants_non-redundant_pfms_meme.txt	MA1781.2	MYB94	CCAACYACYW	3.11e-1	1.00e0	9.27e2	368	206	206	206	3	98	47.57	92	44.66
531	data/reference/motifs/JASPAR2026_CORE_plants_non-redundant_pfms_meme.txt	MA1780.2	MYB92	ACCTAAC	5.00e-1	1.00e0	9.27e2	392	206	206	206	5	63	30.58	62	30.10
532	data/reference/motifs/JASPAR2026_CORE_plants_non-redundant_pfms_meme.txt	MA1779.2	MYB83	CACCAACM	2.77e-1	1.00e0	9.27e2	410	206	206	206	5	163	79.13	157	76.21
533	data/reference/motifs/JASPAR2026_CORE_plants_non-redundant_pfms_meme.txt	MA1778.2	MYB80	TYYACCTAMYTW	2.80e-1	1.00e0	9.27e2	397	206	206	206	6	51	24.76	45	21.84
534	data/reference/motifs/JASPAR2026_CORE_plants_non-redundant_pfms_meme.txt	MA1775.2	MYB61	YACCWACC	2.92e-1	1.00e0	9.27e2	372	206	206	206	5	34	16.50	29	14.08
535	data/reference/motifs/JASPAR2026_CORE_plants_non-redundant_pfms_meme.txt	MA1774.2	MYB60	YCAACYACYT	3.12e-1	1.00e0	9.27e2	366	206	206	206	9	3	1.46	1	0.49
536	data/reference/motifs/JASPAR2026_CORE_plants_non-redundant_pfms_meme.txt	MA1773.2	MYB51	YYYACCWACYW	4.60e-1	1.00e0	9.27e2	355	206	206	206	3	83	40.29	81	39.32
537	data/reference/motifs/JASPAR2026_CORE_plants_non-redundant_pfms_meme.txt	MA1771.2	MYB41	TYACCTAMYT	4.46e-1	1.00e0	9.27e2	382	206	206	206	6	33	16.02	31	15.05
538	data/reference/motifs/JASPAR2026_CORE_plants_non-redundant_pfms_meme.txt	MA1770.2	MYB40	YTYACCWAMY	1.69e-1	1.00e0	9.27e2	312	206	206	206	6	7	3.40	3	1.46
539	data/reference/motifs/JASPAR2026_CORE_plants_non-redundant_pfms_meme.txt	MA1769.2	MYB39	YYCACCTAMYTT	3.12e-1	1.00e0	9.27e2	352	206	206	206	7	3	1.46	1	0.49
540	data/reference/motifs/JASPAR2026_CORE_plants_non-redundant_pfms_meme.txt	MA1766.2	MYB17	YYCACCTACCW	1.31e-1	1.00e0	9.27e2	334	206	206	206	4	45	21.84	35	16.99
541	data/reference/motifs/JASPAR2026_CORE_plants_non-redundant_pfms_meme.txt	MA1765.2	MYB121	TACCTAACW	2.23e-1	1.00e0	9.27e2	386	206	206	206	8	10	4.85	6	2.91
542	data/reference/motifs/JASPAR2026_CORE_plants_non-redundant_pfms_meme.txt	MA1762.2	MYB10	YCACCWAMCW	2.23e-1	1.00e0	9.27e2	311	206	206	206	5	10	4.85	6	2.91
543	data/reference/motifs/JASPAR2026_CORE_plants_non-redundant_pfms_meme.txt	MA1394.3	MYB73	AACGGTCA	3.47e-1	1.00e0	9.27e2	362	206	206	206	3	100	48.54	95	46.12
544	data/reference/motifs/JASPAR2026_CORE_plants_non-redundant_pfms_meme.txt	MA1393.3	MYB70	AACCGTT	3.28e-1	1.00e0	9.27e2	391	206	206	206	1	197	95.63	194	94.17
545	data/reference/motifs/JASPAR2026_CORE_plants_non-redundant_pfms_meme.txt	MA1391.3	MYB33	ATAACCGTAW	1.56e-1	1.00e0	9.27e2	386	206	206	206	1	196	95.15	190	92.23
546	data/reference/motifs/JASPAR2026_CORE_plants_non-redundant_pfms_meme.txt	MA1294.2	MYB62	WAGTTAGGY	1.72e-1	1.00e0	9.27e2	383	206	206	206	6	18	8.74	12	5.83
547	data/reference/motifs/JASPAR2026_CORE_plants_non-redundant_pfms_meme.txt	MA1293.2	MYB57	TACCTAACTT	5.00e-1	1.00e0	9.27e2	87	206	206	206	3	2	0.97	1	0.49
548	data/reference/motifs/JASPAR2026_CORE_plants_non-redundant_pfms_meme.txt	MA1292.2	MYB27	AAAAATTAGGTA	5.00e-1	1.00e0	9.27e2	111	206	206	206	4	1	0.49	0	0.00
549	data/reference/motifs/JASPAR2026_CORE_plants_non-redundant_pfms_meme.txt	MA1181.2	MYB113	AKTYMGTTAT	1.90e-1	1.00e0	9.27e2	400	206	206	206	1	202	98.06	198	96.12
550	data/reference/motifs/JASPAR2026_CORE_plants_non-redundant_pfms_meme.txt	MA1180.2	MYB3R4	WWWTRACCGTTR	5.00e-1	1.00e0	9.27e2	166	206	206	206	8	1	0.49	0	0.00
551	data/reference/motifs/JASPAR2026_CORE_plants_non-redundant_pfms_meme.txt	MA1178.3	MYB3R1	TAACGGTC	2.61e-1	1.00e0	9.27e2	373	206	206	206	2	146	70.87	139	67.48
552	data/reference/motifs/JASPAR2026_CORE_plants_non-redundant_pfms_meme.txt	MA1177.2	MYB65	TAACCGHM	1.24e-1	1.00e0	9.27e2	409	206	206	206	1	206	100.00	203	98.54
553	data/reference/motifs/JASPAR2026_CORE_plants_non-redundant_pfms_meme.txt	MA1176.2	MYB119	RWCCGTTACA	3.03e-1	1.00e0	9.27e2	268	206	206	206	1	137	66.50	131	63.59
554	data/reference/motifs/JASPAR2026_CORE_plants_non-redundant_pfms_meme.txt	MA1173.2	MYB101	TAACCGAAW	1.24e-1	1.00e0	9.27e2	411	206	206	206	3	206	100.00	203	98.54
555	data/reference/motifs/JASPAR2026_CORE_plants_non-redundant_pfms_meme.txt	MA1172.2	MYB3R5	AAWWDTDACCGTTR	5.00e-1	1.00e0	9.27e2	142	206	206	206	7	1	0.49	0	0.00
556	data/reference/motifs/JASPAR2026_CORE_plants_non-redundant_pfms_meme.txt	MA1171.2	MYB52	ACCGTTA	5.00e-1	1.00e0	9.27e2	189	206	206	206	7	1	0.49	0	0.00
557	data/reference/motifs/JASPAR2026_CORE_plants_non-redundant_pfms_meme.txt	MA1170.2	MYB118	RWCCGTTACRWW	2.49e-1	1.00e0	9.27e2	163	206	206	206	4	2	0.97	0	0.00
558	data/reference/motifs/JASPAR2026_CORE_plants_non-redundant_pfms_meme.txt	MA1038.2	MYB3	GGTAGGTA	6.88e-1	1.00e0	9.27e2	336	206	206	206	7	2	0.97	2	0.97
559	data/reference/motifs/JASPAR2026_CORE_plants_non-redundant_pfms_meme.txt	MA1037.2	MYB24	GTTAGGY	3.34e-1	1.00e0	9.27e2	412	206	206	206	38	13	6.31	10	4.85
560	data/reference/motifs/JASPAR2026_CORE_plants_non-redundant_pfms_meme.txt	MA1030.2	P0510F09.23	WRMCCTA	2.49e-1	1.00e0	9.27e2	412	206	206	206	29	2	0.97	0	0.00
561	data/reference/motifs/JASPAR2026_CORE_plants_non-redundant_pfms_meme.txt	MA0034.2	Gam1	YAACCGMC	2.87e-1	1.00e0	9.27e2	409	206	206	206	17	8	3.88	5	2.43
562	data/reference/motifs/JASPAR2026_CORE_plants_non-redundant_pfms_meme.txt	MA1737.2	AT5G05090	AGATHCG	2.06e-1	1.00e0	9.27e2	409	206	206	206	8	79	38.35	70	33.98
563	data/reference/motifs/JASPAR2026_CORE_plants_non-redundant_pfms_meme.txt	MA1735.2	AT2G38300	AAHATTCYHT	1.14e-1	1.00e0	9.27e2	404	206	206	206	3	168	81.55	157	76.21
564	data/reference/motifs/JASPAR2026_CORE_plants_non-redundant_pfms_meme.txt	MA1706.2	AT1G14600	WAYATTCT	1.10e-1	1.00e0	9.27e2	412	206	206	206	48	8	3.88	3	1.46
565	data/reference/motifs/JASPAR2026_CORE_plants_non-redundant_pfms_meme.txt	MA1390.3	HHO2	AAGATTCC	2.40e-1	1.00e0	9.27e2	408	206	206	206	3	180	87.38	174	84.47
566	data/reference/motifs/JASPAR2026_CORE_plants_non-redundant_pfms_meme.txt	MA1388.2	PHL2	VGAATMT	2.11e-1	1.00e0	9.27e2	403	206	206	206	6	54	26.21	46	22.33
567	data/reference/motifs/JASPAR2026_CORE_plants_non-redundant_pfms_meme.txt	MA1387.2	HRS1	ATCRAAGATTCY	3.07e-1	1.00e0	9.27e2	351	206	206	206	4	41	19.90	36	17.48
568	data/reference/motifs/JASPAR2026_CORE_plants_non-redundant_pfms_meme.txt	MA1386.3	HHO3	AAGATTCT	1.14e-1	1.00e0	9.27e2	394	206	206	206	1	200	97.09	194	94.17
569	data/reference/motifs/JASPAR2026_CORE_plants_non-redundant_pfms_meme.txt	MA1385.2	AT2G40260	AAHATTCTYT	1.17e-1	1.00e0	9.27e2	400	206	206	206	4	122	59.22	109	52.91
570	data/reference/motifs/JASPAR2026_CORE_plants_non-redundant_pfms_meme.txt	MA1383.2	KAN2	AATATTCTTT	9.85e-2	1.00e0	9.27e2	381	206	206	206	7	26	12.62	17	8.25
571	data/reference/motifs/JASPAR2026_CORE_plants_non-redundant_pfms_meme.txt	MA1168.2	MYR2	RGAATMTT	1.86e-1	1.00e0	9.27e2	363	206	206	206	9	4	1.94	1	0.49
572	data/reference/motifs/JASPAR2026_CORE_plants_non-redundant_pfms_meme.txt	MA1165.3	HHO6	AGATTCT	1.31e-1	1.00e0	9.27e2	408	206	206	206	2	194	94.17	187	90.78
573	data/reference/motifs/JASPAR2026_CORE_plants_non-redundant_pfms_meme.txt	MA1027.2	KAN1	WTATTC	1.10e-1	1.00e0	9.27e2	412	206	206	206	67	61	29.61	49	23.79
574	data/reference/motifs/JASPAR2026_CORE_plants_non-redundant_pfms_meme.txt	MA1409.2	OsRR22	AGATACGST	1.39e-1	1.00e0	9.27e2	387	206	206	206	3	115	55.83	103	50.00
575	data/reference/motifs/JASPAR2026_CORE_plants_non-redundant_pfms_meme.txt	MA0949.2	ARR2	MGWATCTT	2.51e-1	1.00e0	9.27e2	396	206	206	206	8	22	10.68	17	8.25
576	data/reference/motifs/JASPAR2026_CORE_plants_non-redundant_pfms_meme.txt	MA0948.2	ARR18	AGATACG	1.30e-1	1.00e0	9.27e2	412	206	206	206	22	9	4.37	4	1.94
577	data/reference/motifs/JASPAR2026_CORE_plants_non-redundant_pfms_meme.txt	MA0945.2	ARR1	RDATCT	1.16e-1	1.00e0	9.27e2	412	206	206	206	47	23	11.17	15	7.28
578	data/reference/motifs/JASPAR2026_CORE_plants_non-redundant_pfms_meme.txt	MA0121.2	ARR10	AGATHYK	6.62e-1	1.00e0	9.27e2	412	206	206	206	8	67	32.52	70	33.98
579	data/reference/motifs/JASPAR2026_CORE_plants_non-redundant_pfms_meme.txt	MA1794.2	NLP7	TGVCYYTT	9.60e-2	1.00e0	9.27e2	412	206	206	206	9	66	32.04	53	25.73
580	data/reference/motifs/JASPAR2026_CORE_plants_non-redundant_pfms_meme.txt	MA2022.2	LOB	CCGCCGCCGCMGC	5.00e-1	1.00e0	9.27e2	88	206	206	206	4	7	3.40	6	2.91
581	data/reference/motifs/JASPAR2026_CORE_plants_non-redundant_pfms_meme.txt	MA1747.2	DOF4.3	WAAAGWRGCTTTW	5.00e-1	1.00e0	9.27e2	73	206	206	206	1	37	17.96	36	17.48
582	data/reference/motifs/JASPAR2026_CORE_plants_non-redundant_pfms_meme.txt	MA1281.2	DOF5.1	AAAAAGWAAAAARAAAAAR	9.13e-2	1.00e0	9.27e2	408	206	206	206	5	157	76.21	144	69.90
583	data/reference/motifs/JASPAR2026_CORE_plants_non-redundant_pfms_meme.txt	MA1278.2	DOF3.4	TTYTTTTTTWVCTTTTT	1.42e-1	1.00e0	9.27e2	411	206	206	206	21	6	2.91	2	0.97
584	data/reference/motifs/JASPAR2026_CORE_plants_non-redundant_pfms_meme.txt	MA1277.2	DOF1.7	AAAAAGTARAA	1.90e-1	1.00e0	9.27e2	410	206	206	206	4	202	98.06	198	96.12
585	data/reference/motifs/JASPAR2026_CORE_plants_non-redundant_pfms_meme.txt	MA1276.2	DOF3.5	AWAAAGK	1.85e-1	1.00e0	9.27e2	405	206	206	206	2	198	96.12	193	93.69
586	data/reference/motifs/JASPAR2026_CORE_plants_non-redundant_pfms_meme.txt	MA1272.3	DOF2.2	AAAAAG	1.86e-1	1.00e0	9.27e2	400	206	206	206	10	4	1.94	1	0.49
587	data/reference/motifs/JASPAR2026_CORE_plants_non-redundant_pfms_meme.txt	MA1269.2	DOF4.5	AWAAAGTWRCTTT	5.00e-1	1.00e0	9.27e2	408	206	206	206	4	156	75.73	155	75.24
588	data/reference/motifs/JASPAR2026_CORE_plants_non-redundant_pfms_meme.txt	MA1071.2	DOF5.3	AAMG	1.24e-1	1.00e0	9.27e2	412	206	206	206	117	206	100.00	203	98.54
589	data/reference/motifs/JASPAR2026_CORE_plants_non-redundant_pfms_meme.txt	MA0989.2	PHYPADRAFT_153324	WAAAG	1.82e-1	1.00e0	9.27e2	412	206	206	206	82	174	84.47	166	80.58
590	data/reference/motifs/JASPAR2026_CORE_plants_non-redundant_pfms_meme.txt	MA1755.2	GATA4	GATC	1.08e-1	1.00e0	9.27e2	412	206	206	206	32	205	99.51	201	97.57
591	data/reference/motifs/JASPAR2026_CORE_plants_non-redundant_pfms_meme.txt	MA1396.2	GATA6	AGATCTAGAT	2.77e-1	1.00e0	9.27e2	191	206	206	206	1	99	48.06	92	44.66
592	data/reference/motifs/JASPAR2026_CORE_plants_non-redundant_pfms_meme.txt	MA1325.2	GATA14	TAGATCTR	4.51e-1	1.00e0	9.27e2	328	206	206	206	1	165	80.10	163	79.13
593	data/reference/motifs/JASPAR2026_CORE_plants_non-redundant_pfms_meme.txt	MA1323.2	GATA19	GATCBGATY	1.96e-1	1.00e0	9.27e2	355	206	206	206	1	181	87.86	174	84.47
594	data/reference/motifs/JASPAR2026_CORE_plants_non-redundant_pfms_meme.txt	MA1018.2	GATA9	AGATCT	2.43e-1	1.00e0	9.27e2	332	206	206	206	2	121	58.74	113	54.85
595	data/reference/motifs/JASPAR2026_CORE_plants_non-redundant_pfms_meme.txt	MA1017.2	GATA8	GATCY	1.26e-1	1.00e0	9.27e2	412	206	206	206	30	142	68.93	130	63.11
596	data/reference/motifs/JASPAR2026_CORE_plants_non-redundant_pfms_meme.txt	MA1015.2	GATA12	AGATCT	1.24e-1	1.00e0	9.27e2	412	206	206	206	84	3	1.46	0	0.00
597	data/reference/motifs/JASPAR2026_CORE_plants_non-redundant_pfms_meme.txt	MA0585.2	AGL1	TTDCCWWWWWDGGWAA	2.23e-1	1.00e0	9.27e2	357	206	206	206	2	151	73.30	143	69.42
598	data/reference/motifs/JASPAR2026_CORE_plants_non-redundant_pfms_meme.txt	MA0584.2	SEP1	CCAWAWWTRGWAA	4.40e-1	1.00e0	9.27e2	314	206	206	206	5	26	12.62	24	11.65
599	data/reference/motifs/JASPAR2026_CORE_plants_non-redundant_pfms_meme.txt	MA0558.2	FLC	CCMAAAATRGAAAG	3.43e-1	1.00e0	9.27e2	385	206	206	206	8	4	1.94	2	0.97
600	data/reference/motifs/JASPAR2026_CORE_plants_non-redundant_pfms_meme.txt	MA0556.2	AP3	CCAAAARWRGAAA	1.56e-1	1.00e0	9.27e2	386	206	206	206	1	196	95.15	190	92.23
601	data/reference/motifs/JASPAR2026_CORE_plants_non-redundant_pfms_meme.txt	MA0555.2	SVP	WWWCCAAAAAWGGAAA	3.47e-1	1.00e0	9.27e2	334	206	206	206	2	106	51.46	101	49.03
602	data/reference/motifs/JASPAR2026_CORE_plants_non-redundant_pfms_meme.txt	MA0548.3	AGL15	TTTCCWTTTTDGGWAA	2.51e-1	1.00e0	9.27e2	214	206	206	206	4	6	2.91	3	1.46
603	data/reference/motifs/JASPAR2026_CORE_plants_non-redundant_pfms_meme.txt	MA0082.2	squamosa	MCAWAWATRGWAA	3.11e-1	1.00e0	9.27e2	411	206	206	206	12	10	4.85	7	3.40
604	data/reference/motifs/JASPAR2026_CORE_plants_non-redundant_pfms_meme.txt	MA0005.3	AG	TTWCCWAAWHDGGHAA	3.62e-1	1.00e0	9.27e2	333	206	206	206	7	5	2.43	3	1.46
605	data/reference/motifs/JASPAR2026_CORE_plants_non-redundant_pfms_meme.txt	MA0001.3	AGL3	CCAWWWATAG	5.00e-1	1.00e0	9.27e2	409	206	206	206	6	113	54.85	112	54.37
606	data/reference/motifs/JASPAR2026_CORE_plants_non-redundant_pfms_meme.txt	MA1807.2	ZHD10	TAATTART	9.94e-2	1.00e0	9.27e2	378	206	206	206	4	102	49.51	88	42.72
607	data/reference/motifs/JASPAR2026_CORE_plants_non-redundant_pfms_meme.txt	MA1329.3	ZHD1	AYTAATTAA	1.80e-1	1.00e0	9.27e2	406	206	206	206	7	160	77.67	151	73.30
608	data/reference/motifs/JASPAR2026_CORE_plants_non-redundant_pfms_meme.txt	MA1326.2	ZHD5	GTRATTAR	1.38e-1	1.00e0	9.27e2	404	206	206	206	4	168	81.55	158	76.70
609	data/reference/motifs/JASPAR2026_CORE_plants_non-redundant_pfms_meme.txt	MA1824.2	Zm00001d005692	CAATAATT	1.42e-1	1.00e0	9.27e2	412	206	206	206	7	204	99.03	200	97.09
610	data/reference/motifs/JASPAR2026_CORE_plants_non-redundant_pfms_meme.txt	MA1757.2	HDG7	DCATTAAWTR	2.35e-1	1.00e0	9.27e2	394	206	206	206	1	199	96.60	195	94.66
611	data/reference/motifs/JASPAR2026_CORE_plants_non-redundant_pfms_meme.txt	MA1406.2	ATHB-4	YAATSATTG	2.49e-1	1.00e0	9.27e2	410	206	206	206	1	206	100.00	204	99.03
612	data/reference/motifs/JASPAR2026_CORE_plants_non-redundant_pfms_meme.txt	MA1375.2	ANL2	GCATTAATTR	3.50e-1	1.00e0	9.27e2	383	206	206	206	1	193	93.69	190	92.23
613	data/reference/motifs/JASPAR2026_CORE_plants_non-redundant_pfms_meme.txt	MA1327.3	ATHB-23	TAATTAA	2.80e-1	1.00e0	9.27e2	388	206	206	206	7	51	24.76	45	21.84
614	data/reference/motifs/JASPAR2026_CORE_plants_non-redundant_pfms_meme.txt	MA1215.2	ATHB-53	CAATAATTG	5.00e-1	1.00e0	9.27e2	384	206	206	206	2	171	83.01	170	82.52
615	data/reference/motifs/JASPAR2026_CORE_plants_non-redundant_pfms_meme.txt	MA1212.2	ATHB-13	YAATAATT	2.92e-1	1.00e0	9.27e2	404	206	206	206	3	177	85.92	172	83.50
616	data/reference/motifs/JASPAR2026_CORE_plants_non-redundant_pfms_meme.txt	MA1211.2	ATHB-X	YAATYATTD	1.12e-1	1.00e0	9.27e2	399	206	206	206	2	186	90.29	177	85.92
617	data/reference/motifs/JASPAR2026_CORE_plants_non-redundant_pfms_meme.txt	MA1210.3	HAT22	CAATAATTG	1.86e-1	1.00e0	9.27e2	412	206	206	206	2	205	99.51	202	98.06
618	data/reference/motifs/JASPAR2026_CORE_plants_non-redundant_pfms_meme.txt	MA1209.2	ATHB-20	YAATAATT	2.49e-1	1.00e0	9.27e2	359	206	206	206	12	2	0.97	0	0.00
619	data/reference/motifs/JASPAR2026_CORE_plants_non-redundant_pfms_meme.txt	MA1198.2	HAT2	YAATCATT	1.01e-1	1.00e0	9.27e2	409	206	206	206	7	71	34.47	58	28.16
620	data/reference/motifs/JASPAR2026_CORE_plants_non-redundant_pfms_meme.txt	MA1026.3	ATHB-15	AWDRTAATGATKA	2.67e-1	1.00e0	9.27e2	332	206	206	206	1	169	82.04	163	79.13
621	data/reference/motifs/JASPAR2026_CORE_plants_non-redundant_pfms_meme.txt	MA0990.2	HDG11	AWTWAATGC	1.19e-1	1.00e0	9.27e2	412	206	206	206	37	52	25.24	41	19.90
622	data/reference/motifs/JASPAR2026_CORE_plants_non-redundant_pfms_meme.txt	MA0954.3	ATHB-7	TCAATGATTGR	1.03e-1	1.00e0	9.27e2	367	206	206	206	1	188	91.26	179	86.89
623	data/reference/motifs/JASPAR2026_CORE_plants_non-redundant_pfms_meme.txt	MA0953.2	ATHB-6	CAATHAT	1.08e-1	1.00e0	9.27e2	412	206	206	206	32	205	99.51	201	97.57
624	data/reference/motifs/JASPAR2026_CORE_plants_non-redundant_pfms_meme.txt	MA0008.4	HAT5	CAATAATTG	5.00e-1	1.00e0	9.27e2	384	206	206	206	3	137	66.50	136	66.02
625	data/reference/motifs/JASPAR2026_CORE_plants_non-redundant_pfms_meme.txt	MA2020.2	HSFB4	GAAGTTTCCR	3.50e-1	1.00e0	9.27e2	344	206	206	206	5	16	7.77	13	6.31
626	data/reference/motifs/JASPAR2026_CORE_plants_non-redundant_pfms_meme.txt	MA2019.2	HSFA1B	GAAACTTC	2.46e-1	1.00e0	9.27e2	392	206	206	206	1	198	96.12	194	94.17
627	data/reference/motifs/JASPAR2026_CORE_plants_non-redundant_pfms_meme.txt	MA1761.2	HSFB3	AAGCTTCTAGAA	4.22e-1	1.00e0	9.27e2	336	206	206	206	2	110	53.40	107	51.94
628	data/reference/motifs/JASPAR2026_CORE_plants_non-redundant_pfms_meme.txt	MA1759.2	HSFA4A	AGAAGCTTCTAGAA	6.55e-1	1.00e0	9.27e2	173	206	206	206	1	85	41.26	88	42.72
629	data/reference/motifs/JASPAR2026_CORE_plants_non-redundant_pfms_meme.txt	MA1667.3	HSFC1	TTCYAGAA	3.12e-1	1.00e0	9.27e2	376	206	206	206	12	3	1.46	1	0.49
630	data/reference/motifs/JASPAR2026_CORE_plants_non-redundant_pfms_meme.txt	MA1666.3	HSFB2B	RGAAGSTTCTA	2.76e-1	1.00e0	9.27e2	289	206	206	206	2	97	47.09	90	43.69
631	data/reference/motifs/JASPAR2026_CORE_plants_non-redundant_pfms_meme.txt	MA1665.3	HSFB2A	RGAAGSTTCY	2.83e-1	1.00e0	9.27e2	289	206	206	206	3	53	25.73	47	22.82
632	data/reference/motifs/JASPAR2026_CORE_plants_non-redundant_pfms_meme.txt	MA1664.3	HSFA6B	TTCTRGAA	3.75e-1	1.00e0	9.27e2	402	206	206	206	1	202	98.06	200	97.09
633	data/reference/motifs/JASPAR2026_CORE_plants_non-redundant_pfms_meme.txt	MA0557.2	FHY3	CACGCGCT	1.81e-1	1.00e0	9.27e2	268	206	206	206	2	85	41.26	75	36.41
634	data/reference/motifs/JASPAR2026_CORE_plants_non-redundant_pfms_meme.txt	MA1805.2	WRKY53	RGTCAAC	1.17e-1	1.00e0	9.27e2	412	206	206	206	8	121	58.74	108	52.43
635	data/reference/motifs/JASPAR2026_CORE_plants_non-redundant_pfms_meme.txt	MA1318.2	WRKY27	CGTTGACTTTT	2.12e-1	1.00e0	9.27e2	169	206	206	206	1	89	43.20	80	38.83
636	data/reference/motifs/JASPAR2026_CORE_plants_non-redundant_pfms_meme.txt	MA1317.2	WRKY50	TTGACTTTT	3.20e-1	1.00e0	9.27e2	316	206	206	206	4	25	12.14	21	10.19
637	data/reference/motifs/JASPAR2026_CORE_plants_non-redundant_pfms_meme.txt	MA1316.2	WRKY71	AAAAGTCAAC	3.28e-1	1.00e0	9.27e2	271	206	206	206	4	12	5.83	9	4.37
638	data/reference/motifs/JASPAR2026_CORE_plants_non-redundant_pfms_meme.txt	MA1315.2	WRKY24	CGTTGACTTTT	1.86e-1	1.00e0	9.27e2	232	206	206	206	1	121	58.74	111	53.88
639	data/reference/motifs/JASPAR2026_CORE_plants_non-redundant_pfms_meme.txt	MA1314.2	WRKY14	AAAGTCAACG	1.87e-1	1.00e0	9.27e2	218	206	206	206	1	114	55.34	104	50.49
640	data/reference/motifs/JASPAR2026_CORE_plants_non-redundant_pfms_meme.txt	MA1311.3	WRKY28	RGTCAAC	1.59e-1	1.00e0	9.27e2	406	206	206	206	6	93	45.15	82	39.81
641	data/reference/motifs/JASPAR2026_CORE_plants_non-redundant_pfms_meme.txt	MA1310.2	WRKY42	CGTTGACT	3.62e-1	1.00e0	9.27e2	249	206	206	206	3	19	9.22	16	7.77
642	data/reference/motifs/JASPAR2026_CORE_plants_non-redundant_pfms_meme.txt	MA1307.3	WRKY31	RGTCAACG	2.69e-1	1.00e0	9.27e2	359	206	206	206	3	78	37.86	71	34.47
643	data/reference/motifs/JASPAR2026_CORE_plants_non-redundant_pfms_meme.txt	MA1306.2	WRKY11	CGTTGACTTTT	5.79e-1	1.00e0	9.27e2	233	206	206	206	1	116	56.31	117	56.80
644	data/reference/motifs/JASPAR2026_CORE_plants_non-redundant_pfms_meme.txt	MA1304.2	WRKY59	AAAAGTCAAM	3.81e-1	1.00e0	9.27e2	372	206	206	206	2	129	62.62	125	60.68
645	data/reference/motifs/JASPAR2026_CORE_plants_non-redundant_pfms_meme.txt	MA1303.2	WRKY22	AAAGTCAACK	4.61e-1	1.00e0	9.27e2	220	206	206	206	1	111	53.88	109	52.91
646	data/reference/motifs/JASPAR2026_CORE_plants_non-redundant_pfms_meme.txt	MA1302.2	WRKY65	AAAGTCAACG	3.76e-1	1.00e0	9.27e2	274	206	206	206	3	24	11.65	21	10.19
647	data/reference/motifs/JASPAR2026_CORE_plants_non-redundant_pfms_meme.txt	MA1301.2	WRKY33	AAAGTCAACG	2.91e-1	1.00e0	9.27e2	232	206	206	206	3	18	8.74	14	6.80
648	data/reference/motifs/JASPAR2026_CORE_plants_non-redundant_pfms_meme.txt	MA1300.2	WRKY6	CGTTGACT	2.77e-1	1.00e0	9.27e2	199	206	206	206	1	103	50.00	96	46.60
649	data/reference/motifs/JASPAR2026_CORE_plants_non-redundant_pfms_meme.txt	MA1299.2	WRKY17	AAAGTCAACG	1.72e-1	1.00e0	9.27e2	246	206	206	206	3	26	12.62	19	9.22
650	data/reference/motifs/JASPAR2026_CORE_plants_non-redundant_pfms_meme.txt	MA1298.2	WRKY29	AAAGTCAAC	4.22e-1	1.00e0	9.27e2	335	206	206	206	2	102	49.51	99	48.06
651	data/reference/motifs/JASPAR2026_CORE_plants_non-redundant_pfms_meme.txt	MA1297.2	WRKY26	AAAAGTCAACG	3.46e-1	1.00e0	9.27e2	238	206	206	206	3	15	7.28	12	5.83
652	data/reference/motifs/JASPAR2026_CORE_plants_non-redundant_pfms_meme.txt	MA1094.3	WRKY8	AAAAGTCAACG	2.49e-1	1.00e0	9.27e2	269	206	206	206	6	2	0.97	0	0.00
653	data/reference/motifs/JASPAR2026_CORE_plants_non-redundant_pfms_meme.txt	MA1090.2	WRKY60	GGTCAAC	1.85e-1	1.00e0	9.27e2	350	206	206	206	2	123	59.71	113	54.85
654	data/reference/motifs/JASPAR2026_CORE_plants_non-redundant_pfms_meme.txt	MA1087.3	WRKY45	AAAAGTCAAM	1.47e-1	1.00e0	9.27e2	391	206	206	206	4	73	35.44	62	30.10
655	data/reference/motifs/JASPAR2026_CORE_plants_non-redundant_pfms_meme.txt	MA1083.3	WRKY30	ARGTCAACG	1.79e-1	1.00e0	9.27e2	348	206	206	206	5	19	9.22	13	6.31
656	data/reference/motifs/JASPAR2026_CORE_plants_non-redundant_pfms_meme.txt	MA1081.3	WRKY25	RGTCAACG	4.61e-1	1.00e0	9.27e2	377	206	206	206	3	100	48.54	98	47.57
657	data/reference/motifs/JASPAR2026_CORE_plants_non-redundant_pfms_meme.txt	MA1079.3	WRKY21	AAAAGTCAACG	1.46e-1	1.00e0	9.27e2	268	206	206	206	4	10	4.85	5	2.43
658	data/reference/motifs/JASPAR2026_CORE_plants_non-redundant_pfms_meme.txt	MA1078.2	WRKY2	GGTCAAM	2.05e-1	1.00e0	9.27e2	387	206	206	206	1	196	95.15	191	92.72
659	data/reference/motifs/JASPAR2026_CORE_plants_non-redundant_pfms_meme.txt	MA1077.2	WRKY18	RGTCAA	2.51e-1	1.00e0	9.27e2	410	206	206	206	10	22	10.68	17	8.25
660	data/reference/motifs/JASPAR2026_CORE_plants_non-redundant_pfms_meme.txt	MA1076.3	WRKY15	RGTCAACG	4.14e-1	1.00e0	9.27e2	381	206	206	206	2	149	72.33	146	70.87
661	data/reference/motifs/JASPAR2026_CORE_plants_non-redundant_pfms_meme.txt	MA0589.2	WRKY1	TTGACCGAGY	1.86e-1	1.00e0	9.27e2	208	206	206	206	4	4	1.94	1	0.49
662	data/reference/motifs/JASPAR2026_CORE_plants_non-redundant_pfms_meme.txt	MA2053.2	NAC105	CAAGCAACC	2.51e-1	1.00e0	9.27e2	403	206	206	206	1	203	98.54	200	97.09
663	data/reference/motifs/JASPAR2026_CORE_plants_non-redundant_pfms_meme.txt	MA2051.2	NAC68	ACAAGTAW	2.46e-1	1.00e0	9.27e2	412	206	206	206	17	21	10.19	16	7.77
664	data/reference/motifs/JASPAR2026_CORE_plants_non-redundant_pfms_meme.txt	MA2050.2	NAC101	CAAGCAA	5.00e-1	1.00e0	9.27e2	412	206	206	206	18	6	2.91	5	2.43
665	data/reference/motifs/JASPAR2026_CORE_plants_non-redundant_pfms_meme.txt	MA2047.2	NAC037	CAAGCAA	2.35e-1	1.00e0	9.27e2	410	206	206	206	3	199	96.60	195	94.66
666	data/reference/motifs/JASPAR2026_CORE_plants_non-redundant_pfms_meme.txt	MA2045.2	NAC031	TTRCKTGTWNHACAAGTWA	3.67e-1	1.00e0	9.27e2	104	206	206	206	1	54	26.21	50	24.27
667	data/reference/motifs/JASPAR2026_CORE_plants_non-redundant_pfms_meme.txt	MA2044.2	NAC007	CAAGCAA	1.46e-1	1.00e0	9.27e2	411	206	206	206	3	201	97.57	196	95.15
668	data/reference/motifs/JASPAR2026_CORE_plants_non-redundant_pfms_meme.txt	MA2043.2	NAC004	CAAGAAA	3.12e-1	1.00e0	9.27e2	411	206	206	206	2	205	99.51	203	98.54
669	data/reference/motifs/JASPAR2026_CORE_plants_non-redundant_pfms_meme.txt	MA2037.2	NAC096	CAAGTAA	1.08e-1	1.00e0	9.27e2	412	206	206	206	3	205	99.51	201	97.57
670	data/reference/motifs/JASPAR2026_CORE_plants_non-redundant_pfms_meme.txt	MA2036.2	NAC076	CAAGCAA	1.24e-1	1.00e0	9.27e2	411	206	206	206	4	195	94.66	188	91.26
671	data/reference/motifs/JASPAR2026_CORE_plants_non-redundant_pfms_meme.txt	MA2035.2	NAC075	GWAGCTTGTNNNACAAGCTW	5.00e-1	1.00e0	9.27e2	83	206	206	206	3	5	2.43	4	1.94
672	data/reference/motifs/JASPAR2026_CORE_plants_non-redundant_pfms_meme.txt	MA2034.2	NAC057	CAAGTAA	1.27e-1	1.00e0	9.27e2	412	206	206	206	15	25	12.14	17	8.25
673	data/reference/motifs/JASPAR2026_CORE_plants_non-redundant_pfms_meme.txt	MA2017.2	JUB1	ACGGCGA	1.92e-1	1.00e0	9.27e2	312	206	206	206	5	31	15.05	24	11.65
674	data/reference/motifs/JASPAR2026_CORE_plants_non-redundant_pfms_meme.txt	MA2010.2	SMB	CAAGCAA	2.51e-1	1.00e0	9.27e2	411	206	206	206	3	203	98.54	200	97.09
675	data/reference/motifs/JASPAR2026_CORE_plants_non-redundant_pfms_meme.txt	MA2009.2	NAC010	TAACTTGTDNHACAAGTTACC	6.88e-1	1.00e0	9.27e2	44	206	206	206	3	2	0.97	2	0.97
676	data/reference/motifs/JASPAR2026_CORE_plants_non-redundant_pfms_meme.txt	MA1787.2	NAC047	ACACGTMWCT	1.42e-1	1.00e0	9.27e2	360	206	206	206	2	149	72.33	138	66.99
677	data/reference/motifs/JASPAR2026_CORE_plants_non-redundant_pfms_meme.txt	MA1786.2	NAC019	YACGBMA	1.01e-1	1.00e0	9.27e2	412	206	206	206	23	11	5.34	5	2.43
678	data/reference/motifs/JASPAR2026_CORE_plants_non-redundant_pfms_meme.txt	MA1676.3	NAC062	TAAGTAA	2.84e-1	1.00e0	9.27e2	412	206	206	206	19	31	15.05	26	12.62
679	data/reference/motifs/JASPAR2026_CORE_plants_non-redundant_pfms_meme.txt	MA1675.2	NAC029	ACGCAACT	2.76e-1	1.00e0	9.27e2	381	206	206	206	5	48	23.30	42	20.39
680	data/reference/motifs/JASPAR2026_CORE_plants_non-redundant_pfms_meme.txt	MA1663.3	NAC050	CAAGTAAC	2.41e-1	1.00e0	9.27e2	406	206	206	206	9	51	24.76	44	21.36
681	data/reference/motifs/JASPAR2026_CORE_plants_non-redundant_pfms_meme.txt	MA1660.2	NAC013	TTACTTGTTCYMCAAGTAA	6.35e-1	1.00e0	9.27e2	73	206	206	206	2	18	8.74	19	9.22
682	data/reference/motifs/JASPAR2026_CORE_plants_non-redundant_pfms_meme.txt	MA1801.2	TREE1	AGCTD	5.00e-1	1.00e0	9.27e2	412	206	206	206	23	194	94.17	193	93.69
683	data/reference/motifs/JASPAR2026_CORE_plants_non-redundant_pfms_meme.txt	MA1415.2	REF6	RAAACAGAG	1.19e-1	1.00e0	9.27e2	335	206	206	206	4	31	15.05	22	10.68
684	data/reference/motifs/JASPAR2026_CORE_plants_non-redundant_pfms_meme.txt	MA1159.2	SGR5	AAAWAAGACAAAA	3.68e-1	1.00e0	9.27e2	363	206	206	206	5	21	10.19	18	8.74
685	data/reference/motifs/JASPAR2026_CORE_plants_non-redundant_pfms_meme.txt	MA1156.2	JKD	TTTTGTCKTTTT	2.91e-1	1.00e0	9.27e2	356	206	206	206	5	18	8.74	14	6.80
686	data/reference/motifs/JASPAR2026_CORE_plants_non-redundant_pfms_meme.txt	MA2015.2	NAC002	ACGCAACT	2.49e-1	1.00e0	9.27e2	397	206	206	206	13	2	0.97	0	0.00
687	data/reference/motifs/JASPAR2026_CORE_plants_non-redundant_pfms_meme.txt	MA1743.2	BZIP2	TGCTGACGTGGCA	5.00e-1	1.00e0	9.27e2	58	206	206	206	2	5	2.43	4	1.94
688	data/reference/motifs/JASPAR2026_CORE_plants_non-redundant_pfms_meme.txt	MA1340.2	BZIP3	TGMTGACGTGGCA	5.00e-1	1.00e0	9.27e2	88	206	206	206	3	2	0.97	1	0.49
689	data/reference/motifs/JASPAR2026_CORE_plants_non-redundant_pfms_meme.txt	MA1803.2	VIP1	TGMCAGCTGT	2.43e-1	1.00e0	9.27e2	174	206	206	206	1	91	44.17	83	40.29
690	data/reference/motifs/JASPAR2026_CORE_plants_non-redundant_pfms_meme.txt	MA1744.2	BZIP30	GMCAGCTGK	2.73e-1	1.00e0	9.27e2	395	206	206	206	6	85	41.26	78	37.86
691	data/reference/motifs/JASPAR2026_CORE_plants_non-redundant_pfms_meme.txt	MA1351.3	GBF3	ACGTGGCA	8.89e-2	1.00e0	9.27e2	400	206	206	206	11	14	6.80	7	3.40
692	data/reference/motifs/JASPAR2026_CORE_plants_non-redundant_pfms_meme.txt	MA1349.2	BZIP16	HSACGTGGCA	6.00e-1	1.00e0	9.27e2	88	206	206	206	2	8	3.88	8	3.88
693	data/reference/motifs/JASPAR2026_CORE_plants_non-redundant_pfms_meme.txt	MA0968.3	BZIP68	TGCCACGTSA	2.06e-1	1.00e0	9.27e2	174	206	206	206	2	35	16.99	28	13.59
694	data/reference/motifs/JASPAR2026_CORE_plants_non-redundant_pfms_meme.txt	MA1070.3	TGA7	ATGACGTCAB	3.78e-1	1.00e0	9.27e2	175	206	206	206	3	25	12.14	22	10.68
695	data/reference/motifs/JASPAR2026_CORE_plants_non-redundant_pfms_meme.txt	MA1069.3	TGA6	ATGAYGTCAT	1.31e-1	1.00e0	9.27e2	298	206	206	206	3	59	28.64	48	23.30
696	data/reference/motifs/JASPAR2026_CORE_plants_non-redundant_pfms_meme.txt	MA1068.3	TGA2	ATGACGTCAY	5.00e-1	1.00e0	9.27e2	112	206	206	206	4	5	2.43	4	1.94
697	data/reference/motifs/JASPAR2026_CORE_plants_non-redundant_pfms_meme.txt	MA0588.2	TGA1	SVTGACGT	1.28e-1	1.00e0	9.27e2	382	206	206	206	4	78	37.86	66	32.04
698	data/reference/motifs/JASPAR2026_CORE_plants_non-redundant_pfms_meme.txt	MA1745.2	BZIP63	TSACGTGG	1.88e-1	1.00e0	9.27e2	304	206	206	206	2	110	53.40	100	48.54
699	data/reference/motifs/JASPAR2026_CORE_plants_non-redundant_pfms_meme.txt	MA1344.2	BZIP28	TSACGTGGCA	5.00e-1	1.00e0	9.27e2	166	206	206	206	3	9	4.37	8	3.88
700	data/reference/motifs/JASPAR2026_CORE_plants_non-redundant_pfms_meme.txt	MA1338.3	DPBF3	TGMCACGTGTC	5.80e-1	1.00e0	9.27e2	157	206	206	206	1	78	37.86	79	38.35
701	data/reference/motifs/JASPAR2026_CORE_plants_non-redundant_pfms_meme.txt	MA0931.2	ABI5	GMCACGTG	3.26e-1	1.00e0	9.27e2	198	206	206	206	2	55	26.70	50	24.27
702	data/reference/motifs/JASPAR2026_CORE_plants_non-redundant_pfms_meme.txt	MA0570.3	ABF1	ACACGTGKCA	2.99e-1	1.00e0	9.27e2	280	206	206	206	1	143	69.42	137	66.50
703	data/reference/motifs/JASPAR2026_CORE_plants_non-redundant_pfms_meme.txt	MA1828.2	Zm00001d038683	GTGGTCCA	9.80e-2	1.00e0	9.27e2	366	206	206	206	3	124	60.19	110	53.40
704	data/reference/motifs/JASPAR2026_CORE_plants_non-redundant_pfms_meme.txt	MA1428.2	TCP8	GGSCCCAC	2.45e-1	1.00e0	9.27e2	407	206	206	206	8	106	51.46	98	47.57
705	data/reference/motifs/JASPAR2026_CORE_plants_non-redundant_pfms_meme.txt	MA1063.2	TCP19	GGSCCCAC	1.05e-1	1.00e0	9.27e2	398	206	206	206	7	57	27.67	45	21.84
706	data/reference/motifs/JASPAR2026_CORE_plants_non-redundant_pfms_meme.txt	MA1054.2	ARALYDRAFT_897773	KGGGACCAC	2.33e-1	1.00e0	9.27e2	304	206	206	206	3	74	35.92	66	32.04
707	data/reference/motifs/JASPAR2026_CORE_plants_non-redundant_pfms_meme.txt	MA1031.2	OJ1581_H09.2	GGGCCC	1.67e-1	1.00e0	9.27e2	347	206	206	206	12	25	12.14	18	8.74
708	data/reference/motifs/JASPAR2026_CORE_plants_non-redundant_pfms_meme.txt	MA1019.2	Glyma19g26560.1	GGSCCCAC	1.15e-1	1.00e0	9.27e2	372	206	206	206	4	92	44.66	79	38.35
709	data/reference/motifs/JASPAR2026_CORE_plants_non-redundant_pfms_meme.txt	MA2014.2	BAM8	CACACGTGY	2.49e-1	1.00e0	9.27e2	204	206	206	206	10	2	0.97	0	0.00
710	data/reference/motifs/JASPAR2026_CORE_plants_non-redundant_pfms_meme.txt	MA1333.2	BEH3	YGCACGTGTG	6.57e-1	1.00e0	9.27e2	60	206	206	206	3	3	1.46	3	1.46
711	data/reference/motifs/JASPAR2026_CORE_plants_non-redundant_pfms_meme.txt	MA0550.3	BZR1	CRCACGTGYR	5.00e-1	1.00e0	9.27e2	70	206	206	206	3	4	1.94	3	1.46
712	data/reference/motifs/JASPAR2026_CORE_plants_non-redundant_pfms_meme.txt	MA1740.2	BHLH49	CACGTGC	6.57e-1	1.00e0	9.27e2	53	206	206	206	4	3	1.46	3	1.46
713	data/reference/motifs/JASPAR2026_CORE_plants_non-redundant_pfms_meme.txt	MA1739.2	BHLH122	CMACTTG	5.00e-1	1.00e0	9.27e2	270	206	206	206	11	1	0.49	0	0.00
714	data/reference/motifs/JASPAR2026_CORE_plants_non-redundant_pfms_meme.txt	MA1411.2	TSAR1	GCACGTGC	5.00e-1	1.00e0	9.27e2	165	206	206	206	6	10	4.85	9	4.37
715	data/reference/motifs/JASPAR2026_CORE_plants_non-redundant_pfms_meme.txt	MA1364.2	BHLH72	GCCACGTGG	4.60e-1	1.00e0	9.27e2	162	206	206	206	1	82	39.81	80	38.83
716	data/reference/motifs/JASPAR2026_CORE_plants_non-redundant_pfms_meme.txt	MA1362.2	bHLH77	DWNGBCACGTGM	5.00e-1	1.00e0	9.27e2	151	206	206	206	4	2	0.97	1	0.49
717	data/reference/motifs/JASPAR2026_CORE_plants_non-redundant_pfms_meme.txt	MA1361.2	bHLH18	CRCGTKWWHCACGTG	3.43e-1	1.00e0	9.27e2	127	206	206	206	4	4	1.94	2	0.97
718	data/reference/motifs/JASPAR2026_CORE_plants_non-redundant_pfms_meme.txt	MA1360.3	bHLH74	CACGTG	2.43e-1	1.00e0	9.27e2	246	206	206	206	3	52	25.24	45	21.84
719	data/reference/motifs/JASPAR2026_CORE_plants_non-redundant_pfms_meme.txt	MA1357.2	bHLH80	TGCAAGTKG	5.00e-1	1.00e0	9.27e2	122	206	206	206	2	14	6.80	13	6.31
720	data/reference/motifs/JASPAR2026_CORE_plants_non-redundant_pfms_meme.txt	MA1074.2	UNE10	CACGTGM	6.57e-1	1.00e0	9.27e2	53	206	206	206	4	3	1.46	3	1.46
721	data/reference/motifs/JASPAR2026_CORE_plants_non-redundant_pfms_meme.txt	MA1025.2	HBI1	GCACGTG	2.25e-1	1.00e0	9.27e2	316	206	206	206	8	5	2.43	2	0.97
722	data/reference/motifs/JASPAR2026_CORE_plants_non-redundant_pfms_meme.txt	MA0965.3	BIM2	CACGTG	1.59e-1	1.00e0	9.27e2	300	206	206	206	2	155	75.24	145	70.39
723	data/reference/motifs/JASPAR2026_CORE_plants_non-redundant_pfms_meme.txt	MA0964.3	BIM1	TCACGTGA	2.25e-1	1.00e0	9.27e2	211	206	206	206	8	5	2.43	2	0.97
724	data/reference/motifs/JASPAR2026_CORE_plants_non-redundant_pfms_meme.txt	MA0962.2	bHLH34	GCACGTG	2.66e-1	1.00e0	9.27e2	273	206	206	206	1	140	67.96	133	64.56
725	data/reference/motifs/JASPAR2026_CORE_plants_non-redundant_pfms_meme.txt	MA0961.2	bHLH112	CCACTTG	5.00e-1	1.00e0	9.27e2	95	206	206	206	4	1	0.49	0	0.00
726	data/reference/motifs/JASPAR2026_CORE_plants_non-redundant_pfms_meme.txt	MA0569.2	MYC4	CACGTGC	2.49e-1	1.00e0	9.27e2	293	206	206	206	14	2	0.97	0	0.00
727	data/reference/motifs/JASPAR2026_CORE_plants_non-redundant_pfms_meme.txt	MA0568.2	MYC3	CACGTG	1.78e-1	1.00e0	9.27e2	386	206	206	206	6	136	66.02	126	61.17
728	data/reference/motifs/JASPAR2026_CORE_plants_non-redundant_pfms_meme.txt	MA0560.2	PIF3	CCACGTG	2.11e-1	1.00e0	9.27e2	181	206	206	206	2	54	26.21	46	22.33
729	data/reference/motifs/JASPAR2026_CORE_plants_non-redundant_pfms_meme.txt	MA0552.2	PIF1	CACGTG	3.47e-1	1.00e0	9.27e2	215	206	206	206	1	110	53.40	105	50.97
730	data/reference/motifs/JASPAR2026_CORE_plants_non-redundant_pfms_meme.txt	MA0582.2	RAV1	GCAACA	1.54e-1	1.00e0	9.27e2	408	206	206	206	10	57	27.67	47	22.82
731	data/reference/motifs/JASPAR2026_CORE_plants_non-redundant_pfms_meme.txt	MA1697.2	ARF4	ACGACAAG	2.21e-1	1.00e0	9.27e2	405	206	206	206	9	27	13.11	21	10.19
732	data/reference/motifs/JASPAR2026_CORE_plants_non-redundant_pfms_meme.txt	MA1694.2	ARF35	CCCGACAAG	1.21e-1	1.00e0	9.27e2	340	206	206	206	1	175	84.95	165	80.10
733	data/reference/motifs/JASPAR2026_CORE_plants_non-redundant_pfms_meme.txt	MA1693.2	ARF34	CAGACAGC	1.08e-1	1.00e0	9.27e2	387	206	206	206	1	197	95.63	190	92.23
734	data/reference/motifs/JASPAR2026_CORE_plants_non-redundant_pfms_meme.txt	MA1692.2	ARF29	GCCGACAA	2.43e-1	1.00e0	9.27e2	372	206	206	206	6	33	16.02	27	13.11
735	data/reference/motifs/JASPAR2026_CORE_plants_non-redundant_pfms_meme.txt	MA1691.2	ARF27	GCAGACAT	1.39e-1	1.00e0	9.27e2	400	206	206	206	5	105	50.97	93	45.15
736	data/reference/motifs/JASPAR2026_CORE_plants_non-redundant_pfms_meme.txt	MA0944.2	ARF8	TGTCGG	1.71e-1	1.00e0	9.27e2	412	206	206	206	21	50	24.27	41	19.90
737	data/reference/motifs/JASPAR2026_CORE_plants_non-redundant_pfms_meme.txt	MA0943.2	ARF5	RCCGACA	3.73e-1	1.00e0	9.27e2	365	206	206	206	4	62	30.10	58	28.16
738	data/reference/motifs/JASPAR2026_CORE_plants_non-redundant_pfms_meme.txt	MA0942.2	ARF1	ACCGACA	3.50e-1	1.00e0	9.27e2	306	206	206	206	5	16	7.77	13	6.31
739	data/reference/motifs/JASPAR2026_CORE_plants_non-redundant_pfms_meme.txt	MA0581.2	LEC2	CATGCR	2.51e-1	1.00e0	9.27e2	327	206	206	206	6	6	2.91	3	1.46
740	data/reference/motifs/JASPAR2026_CORE_plants_non-redundant_pfms_meme.txt	MA2013.2	ERF115	YCGCCGCCGCM	6.57e-1	1.00e0	9.27e2	105	206	206	206	6	3	1.46	3	1.46
741	data/reference/motifs/JASPAR2026_CORE_plants_non-redundant_pfms_meme.txt	MA1831.2	Zm00001d031796	GACGGCGACG	1.87e-1	1.00e0	9.27e2	220	206	206	206	1	115	55.83	105	50.97
742	data/reference/motifs/JASPAR2026_CORE_plants_non-redundant_pfms_meme.txt	MA1754.2	ERF073	CKCCGCCGCCR	5.00e-1	1.00e0	9.27e2	72	206	206	206	2	13	6.31	12	5.83
743	data/reference/motifs/JASPAR2026_CORE_plants_non-redundant_pfms_meme.txt	MA1753.2	ERF057	CCDCCDCCRCCGCC	3.12e-1	1.00e0	9.27e2	116	206	206	206	7	3	1.46	1	0.49
744	data/reference/motifs/JASPAR2026_CORE_plants_non-redundant_pfms_meme.txt	MA1752.2	ERF025	YGCCGACA	6.55e-1	1.00e0	9.27e2	173	206	206	206	1	85	41.26	88	42.72
745	data/reference/motifs/JASPAR2026_CORE_plants_non-redundant_pfms_meme.txt	MA1748.2	DREB1F	GCCGAC	4.05e-1	1.00e0	9.27e2	364	206	206	206	6	46	22.33	43	20.87
746	data/reference/motifs/JASPAR2026_CORE_plants_non-redundant_pfms_meme.txt	MA1679.2	RAP2-1	CACCGACA	2.35e-1	1.00e0	9.27e2	266	206	206	206	1	137	66.50	129	62.62
747	data/reference/motifs/JASPAR2026_CORE_plants_non-redundant_pfms_meme.txt	MA1671.2	ERF118	CCGCCGCC	5.00e-1	1.00e0	9.27e2	196	206	206	206	11	2	0.97	1	0.49
748	data/reference/motifs/JASPAR2026_CORE_plants_non-redundant_pfms_meme.txt	MA1670.2	DREB1C	GCCGACAT	2.62e-1	1.00e0	9.27e2	318	206	206	206	3	68	33.01	61	29.61
749	data/reference/motifs/JASPAR2026_CORE_plants_non-redundant_pfms_meme.txt	MA1669.2	DREB1B	GCCGACAT	2.78e-1	1.00e0	9.27e2	291	206	206	206	4	29	14.08	24	11.65
750	data/reference/motifs/JASPAR2026_CORE_plants_non-redundant_pfms_meme.txt	MA1265.3	ERF015	CACCGACA	3.05e-1	1.00e0	9.27e2	263	206	206	206	2	80	38.83	74	35.92
751	data/reference/motifs/JASPAR2026_CORE_plants_non-redundant_pfms_meme.txt	MA1263.2	ERF055	KGKCGGTGG	3.05e-1	1.00e0	9.27e2	154	206	206	206	1	80	38.83	74	35.92
752	data/reference/motifs/JASPAR2026_CORE_plants_non-redundant_pfms_meme.txt	MA1261.2	ERF122	TRCGGCKGHG	2.64e-1	1.00e0	9.27e2	262	206	206	206	5	14	6.80	10	4.85
753	data/reference/motifs/JASPAR2026_CORE_plants_non-redundant_pfms_meme.txt	MA1259.2	ERF023	TGTCGGTGR	4.55e-1	1.00e0	9.27e2	108	206	206	206	1	55	26.70	53	25.73
754	data/reference/motifs/JASPAR2026_CORE_plants_non-redundant_pfms_meme.txt	MA1258.2	DREB2A	AWGKCGGTG	4.00e-1	1.00e0	9.27e2	157	206	206	206	3	9	4.37	7	3.40
755	data/reference/motifs/JASPAR2026_CORE_plants_non-redundant_pfms_meme.txt	MA1253.2	ERF036	TGTCGGTG	5.82e-1	1.00e0	9.27e2	267	206	206	206	1	133	64.56	134	65.05
756	data/reference/motifs/JASPAR2026_CORE_plants_non-redundant_pfms_meme.txt	MA1252.2	ERF086	CCKCCGCCGY	5.00e-1	1.00e0	9.27e2	99	206	206	206	1	50	24.27	49	23.79
757	data/reference/motifs/JASPAR2026_CORE_plants_non-redundant_pfms_meme.txt	MA1251.2	RAP2-9	CACCGACAW	5.00e-1	1.00e0	9.27e2	95	206	206	206	2	13	6.31	12	5.83
758	data/reference/motifs/JASPAR2026_CORE_plants_non-redundant_pfms_meme.txt	MA1247.2	ERF087	GRCGGCGGMG	5.00e-1	1.00e0	9.27e2	96	206	206	206	3	7	3.40	6	2.91
759	data/reference/motifs/JASPAR2026_CORE_plants_non-redundant_pfms_meme.txt	MA1246.2	LEP	CKCCGCCGYC	2.46e-1	1.00e0	9.27e2	148	206	206	206	3	21	10.19	16	7.77
760	data/reference/motifs/JASPAR2026_CORE_plants_non-redundant_pfms_meme.txt	MA1245.3	ERF112	CCGCCGCCR	2.72e-1	1.00e0	9.27e2	214	206	206	206	6	7	3.40	4	1.94
761	data/reference/motifs/JASPAR2026_CORE_plants_non-redundant_pfms_meme.txt	MA1240.2	ERF077	CCGCCGCCRY	3.12e-1	1.00e0	9.27e2	139	206	206	206	5	3	1.46	1	0.49
762	data/reference/motifs/JASPAR2026_CORE_plants_non-redundant_pfms_meme.txt	MA1238.3	ERF038	CACCGACA	4.05e-1	1.00e0	9.27e2	268	206	206	206	3	45	21.84	42	20.39
763	data/reference/motifs/JASPAR2026_CORE_plants_non-redundant_pfms_meme.txt	MA1234.2	ERF017	TGGWCGGTG	2.45e-1	1.00e0	9.27e2	196	206	206	206	1	102	49.51	94	45.63
764	data/reference/motifs/JASPAR2026_CORE_plants_non-redundant_pfms_meme.txt	MA1233.3	ERF021	CGCCGACA	1.16e-1	1.00e0	9.27e2	322	206	206	206	4	50	24.27	39	18.93
765	data/reference/motifs/JASPAR2026_CORE_plants_non-redundant_pfms_meme.txt	MA1232.2	ERF054	GDCGGYGG	3.53e-1	1.00e0	9.27e2	255	206	206	206	3	41	19.90	37	17.96
766	data/reference/motifs/JASPAR2026_CORE_plants_non-redundant_pfms_meme.txt	MA1230.2	ERF037	YCACCGACA	3.20e-1	1.00e0	9.27e2	95	206	206	206	1	50	24.27	45	21.84
767	data/reference/motifs/JASPAR2026_CORE_plants_non-redundant_pfms_meme.txt	MA1229.2	ERF034	TGTCGGTGR	4.56e-1	1.00e0	9.27e2	114	206	206	206	1	58	28.16	56	27.18
768	data/reference/motifs/JASPAR2026_CORE_plants_non-redundant_pfms_meme.txt	MA1227.3	ERF027	RCCGACA	3.65e-1	1.00e0	9.27e2	343	206	206	206	4	52	25.24	48	23.30
769	data/reference/motifs/JASPAR2026_CORE_plants_non-redundant_pfms_meme.txt	MA1226.2	DREB2G	GGHGGAGGCGGTGG	3.03e-1	1.00e0	9.27e2	146	206	206	206	1	76	36.89	70	33.98
770	data/reference/motifs/JASPAR2026_CORE_plants_non-redundant_pfms_meme.txt	MA1223.2	ERF035	TGTCGGTGG	6.57e-1	1.00e0	9.27e2	56	206	206	206	2	3	1.46	3	1.46
771	data/reference/motifs/JASPAR2026_CORE_plants_non-redundant_pfms_meme.txt	MA1220.2	TINY	YCACCGACA	4.15e-1	1.00e0	9.27e2	125	206	206	206	1	64	31.07	61	29.61
772	data/reference/motifs/JASPAR2026_CORE_plants_non-redundant_pfms_meme.txt	MA1218.2	DREB1D	ATGTCGGY	5.00e-1	1.00e0	9.27e2	115	206	206	206	1	58	28.16	57	27.67
773	data/reference/motifs/JASPAR2026_CORE_plants_non-redundant_pfms_meme.txt	MA1010.2	PHYPADRAFT_64121	TGTCGGTA	2.77e-1	1.00e0	9.27e2	396	206	206	206	6	49	23.79	43	20.87
774	data/reference/motifs/JASPAR2026_CORE_plants_non-redundant_pfms_meme.txt	MA1008.2	PHYPADRAFT_182268	GTCGGTG	6.04e-1	1.00e0	9.27e2	69	206	206	206	1	34	16.50	35	16.99
775	data/reference/motifs/JASPAR2026_CORE_plants_non-redundant_pfms_meme.txt	MA1005.3	ERF082	CCGCCGCCR	5.00e-1	1.00e0	9.27e2	201	206	206	206	1	101	49.03	100	48.54
776	data/reference/motifs/JASPAR2026_CORE_plants_non-redundant_pfms_meme.txt	MA1000.3	ERF105	RYGGCGGCGG	3.75e-1	1.00e0	9.27e2	79	206	206	206	3	6	2.91	4	1.94
777	data/reference/motifs/JASPAR2026_CORE_plants_non-redundant_pfms_meme.txt	MA0995.3	ERF039	RCCGACA	2.91e-1	1.00e0	9.27e2	366	206	206	206	7	18	8.74	14	6.80
778	data/reference/motifs/JASPAR2026_CORE_plants_non-redundant_pfms_meme.txt	MA0994.3	ERF8	TGRCGGCGGCG	4.05e-1	1.00e0	9.27e2	150	206	206	206	4	10	4.85	8	3.88
779	data/reference/motifs/JASPAR2026_CORE_plants_non-redundant_pfms_meme.txt	MA0992.3	ERF4	CCGCCGYCA	2.40e-1	1.00e0	9.27e2	189	206	206	206	2	50	24.27	43	20.87
780	data/reference/motifs/JASPAR2026_CORE_plants_non-redundant_pfms_meme.txt	MA0980.3	RAP2-10	RCCGACA	5.53e-1	1.00e0	9.27e2	320	206	206	206	4	34	16.50	34	16.50
781	data/reference/motifs/JASPAR2026_CORE_plants_non-redundant_pfms_meme.txt	MA0976.3	CRF4	CCGCCGCCRC	3.09e-1	1.00e0	9.27e2	172	206	206	206	1	89	43.20	83	40.29
782	data/reference/motifs/JASPAR2026_CORE_plants_non-redundant_pfms_meme.txt	MA0971.2	DREB1A	ATGTCGGY	3.96e-1	1.00e0	9.27e2	306	206	206	206	4	36	17.48	33	16.02
783	data/reference/motifs/JASPAR2026_CORE_plants_non-redundant_pfms_meme.txt	MA1377.2	PLT1	KGCACGVWTHYCGAGR	7.40e-1	1.00e0	9.27e2	125	206	206	206	1	60	29.13	65	31.55
784	data/reference/motifs/JASPAR2026_CORE_plants_non-redundant_pfms_meme.txt	MA2005.2	NAC016	TVCKTGWBCYNCAMG	5.00e-1	1.00e0	9.27e2	94	206	206	206	4	2	0.97	1	0.49
785	data/reference/motifs/JASPAR2026_CORE_plants_non-redundant_pfms_meme.txt	MA2455.1	SPL9D	AGCGGTASTACCGC	7.71e-1	1.00e0	9.27e2	52	206	206	206	1	24	11.65	28	13.59
786	data/reference/motifs/JASPAR2026_CORE_plants_non-redundant_pfms_meme.txt	MA2451.1	SPL7B	AGCGGTASTACCGCT	9.32e-1	1.00e0	9.27e2	17	206	206	206	1	6	2.91	11	5.34
787	data/reference/motifs/JASPAR2026_CORE_plants_non-redundant_pfms_meme.txt	MA2448.1	SPL5D	AGCGGTASTACCGC	7.92e-1	1.00e0	9.27e2	42	206	206	206	1	19	9.22	23	11.17
788	data/reference/motifs/JASPAR2026_CORE_plants_non-redundant_pfms_meme.txt	MA2446.1	SPL5A	GCGGTASTACCGC	5.00e-1	1.00e0	9.27e2	57	206	206	206	4	2	0.97	1	0.49
789	data/reference/motifs/JASPAR2026_CORE_plants_non-redundant_pfms_meme.txt	MA2444.1	SPL4A	GCGGTASTACCGC	8.01e-1	1.00e0	9.27e2	59	206	206	206	1	27	13.11	32	15.53
790	data/reference/motifs/JASPAR2026_CORE_plants_non-redundant_pfms_meme.txt	MA2443.1	SPL3D	GCGGTASTACCGC	6.88e-1	1.00e0	9.27e2	58	206	206	206	3	2	0.97	2	0.97
791	data/reference/motifs/JASPAR2026_CORE_plants_non-redundant_pfms_meme.txt	MA2442.1	SPL3B	AGCGGTASTACCGC	9.30e-1	1.00e0	9.27e2	53	206	206	206	1	22	10.68	31	15.05
792	data/reference/motifs/JASPAR2026_CORE_plants_non-redundant_pfms_meme.txt	MA2440.1	SPL2B	GCGGTASTACCGC	5.00e-1	1.00e0	9.27e2	75	206	206	206	3	3	1.46	2	0.97
793	data/reference/motifs/JASPAR2026_CORE_plants_non-redundant_pfms_meme.txt	MA2439.1	SPL2A	GCGGTASTACCGC	9.16e-1	1.00e0	9.27e2	37	206	206	206	1	15	7.28	22	10.68
794	data/reference/motifs/JASPAR2026_CORE_plants_non-redundant_pfms_meme.txt	MA2438.1	SPL1D	GCRGTASTACCGCT	5.00e-1	1.00e0	9.27e2	68	206	206	206	4	2	0.97	1	0.49
795	data/reference/motifs/JASPAR2026_CORE_plants_non-redundant_pfms_meme.txt	MA2437.1	SPL19B	GCGGTASTACCGC	8.31e-1	1.00e0	9.27e2	21	206	206	206	2	4	1.94	6	2.91
796	data/reference/motifs/JASPAR2026_CORE_plants_non-redundant_pfms_meme.txt	MA2436.1	SPL18A	GCGGTASTACCGCT	7.92e-1	1.00e0	9.27e2	43	206	206	206	2	6	2.91	8	3.88
797	data/reference/motifs/JASPAR2026_CORE_plants_non-redundant_pfms_meme.txt	MA2433.1	SPL15D	GCGGTACTAC	2.67e-1	1.00e0	9.27e2	274	206	206	206	3	43	20.87	37	17.96
798	data/reference/motifs/JASPAR2026_CORE_plants_non-redundant_pfms_meme.txt	MA2431.1	SPL15A	AGCGGTASTACCGC	5.00e-1	1.00e0	9.27e2	81	206	206	206	3	3	1.46	2	0.97
799	data/reference/motifs/JASPAR2026_CORE_plants_non-redundant_pfms_meme.txt	MA2430.1	SPL14B	GCGGTASTACCGC	5.00e-1	1.00e0	9.27e2	77	206	206	206	1	39	18.93	38	18.45
800	data/reference/motifs/JASPAR2026_CORE_plants_non-redundant_pfms_meme.txt	MA2429.1	SPL13D	AGCGGTASTACCGCT	9.47e-1	1.00e0	9.27e2	15	206	206	206	2	3	1.46	7	3.40
801	data/reference/motifs/JASPAR2026_CORE_plants_non-redundant_pfms_meme.txt	MA2428.1	SPL13B	GCGGTASTACCGC	9.64e-1	1.00e0	9.27e2	42	206	206	206	1	16	7.77	26	12.62
802	data/reference/motifs/JASPAR2026_CORE_plants_non-redundant_pfms_meme.txt	MA2427.1	SPL12B	AGCGGTASTACCGC	8.69e-1	1.00e0	9.27e2	52	206	206	206	2	13	6.31	18	8.74
803	data/reference/motifs/JASPAR2026_CORE_plants_non-redundant_pfms_meme.txt	MA2426.1	SPL11B	AGCGGTASTACCGCT	9.47e-1	1.00e0	9.27e2	20	206	206	206	1	7	3.40	13	6.31
804	data/reference/motifs/JASPAR2026_CORE_plants_non-redundant_pfms_meme.txt	MA2425.1	SPL11A	SCGGTACTACCG	2.49e-1	1.00e0	9.27e2	162	206	206	206	5	2	0.97	0	0.00
805	data/reference/motifs/JASPAR2026_CORE_plants_non-redundant_pfms_meme.txt	MA2424.1	OsbZIP77	TGCCACGTCABC	3.19e-1	1.00e0	9.27e2	93	206	206	206	1	49	23.79	44	21.36
806	data/reference/motifs/JASPAR2026_CORE_plants_non-redundant_pfms_meme.txt	MA2422.1	OsbZIP42	TGMCACGTCA	1.08e-1	1.00e0	9.27e2	336	206	206	206	8	5	2.43	1	0.49
807	data/reference/motifs/JASPAR2026_CORE_plants_non-redundant_pfms_meme.txt	MA2420.1	SBP6	AAGTACAA	1.62e-1	1.00e0	9.27e2	408	206	206	206	6	109	52.91	98	47.57
808	data/reference/motifs/JASPAR2026_CORE_plants_non-redundant_pfms_meme.txt	MA2419.1	UB3	GAAGTACAAC	2.72e-1	1.00e0	9.27e2	404	206	206	206	10	7	3.40	4	1.94
809	data/reference/motifs/JASPAR2026_CORE_plants_non-redundant_pfms_meme.txt	MA2417.1	EREB71	CACCGVCYMC	1.90e-1	1.00e0	9.27e2	199	206	206	206	6	8	3.88	4	1.94
810	data/reference/motifs/JASPAR2026_CORE_plants_non-redundant_pfms_meme.txt	MA2416.1	EREB29	GCCGCCGCCC	2.72e-1	1.00e0	9.27e2	143	206	206	206	6	7	3.40	4	1.94
811	data/reference/motifs/JASPAR2026_CORE_plants_non-redundant_pfms_meme.txt	MA2414.1	EREB127	TGCCGACA	2.34e-1	1.00e0	9.27e2	233	206	206	206	4	19	9.22	14	6.80
812	data/reference/motifs/JASPAR2026_CORE_plants_non-redundant_pfms_meme.txt	MA2412.1	ZmbZIP72	GATGACATCA	2.08e-1	1.00e0	9.27e2	372	206	206	206	8	9	4.37	5	2.43
813	data/reference/motifs/JASPAR2026_CORE_plants_non-redundant_pfms_meme.txt	MA2411.1	ZmbZIP57	ATGATGTCAT	1.80e-1	1.00e0	9.27e2	389	206	206	206	3	133	64.56	123	59.71
814	data/reference/motifs/JASPAR2026_CORE_plants_non-redundant_pfms_meme.txt	MA2409.1	ZmbZIP25	GATGACATCA	4.05e-1	1.00e0	9.27e2	378	206	206	206	8	10	4.85	8	3.88
815	data/reference/motifs/JASPAR2026_CORE_plants_non-redundant_pfms_meme.txt	MA2407.1	PK24978.1	CACGTGT	2.49e-1	1.00e0	9.27e2	412	206	206	206	4	206	100.00	204	99.03
816	data/reference/motifs/JASPAR2026_CORE_plants_non-redundant_pfms_meme.txt	MA2404.1	OsTRBF3	WRMCCTA	2.49e-1	1.00e0	9.27e2	412	206	206	206	29	2	0.97	0	0.00
817	data/reference/motifs/JASPAR2026_CORE_plants_non-redundant_pfms_meme.txt	MA2403.1	DVH24_040989	TTAACC	1.43e-1	1.00e0	9.27e2	412	206	206	206	26	165	80.10	155	75.24
818	data/reference/motifs/JASPAR2026_CORE_plants_non-redundant_pfms_meme.txt	MA2402.1	OsERF104	GCCGY	3.20e-1	1.00e0	9.27e2	406	206	206	206	15	25	12.14	21	10.19
819	data/reference/motifs/JASPAR2026_CORE_plants_non-redundant_pfms_meme.txt	MA2401.1	Os05g0437700	MCACGTGK	7.25e-1	1.00e0	9.27e2	175	206	206	206	2	85	41.26	90	43.69
820	data/reference/motifs/JASPAR2026_CORE_plants_non-redundant_pfms_meme.txt	MA2398.1	AS2	CGGCGGMRRHDRCGGCGG	5.00e-1	1.00e0	9.27e2	61	206	206	206	1	31	15.05	30	14.56
821	data/reference/motifs/JASPAR2026_CORE_plants_non-redundant_pfms_meme.txt	MA2395.1	PHYPA_011264	CACCGACM	8.87e-1	1.00e0	9.27e2	163	206	206	206	1	76	36.89	87	42.23
822	data/reference/motifs/JASPAR2026_CORE_plants_non-redundant_pfms_meme.txt	MA2393.1	PHYPA_008731	CACGTGC	2.11e-1	1.00e0	9.27e2	181	206	206	206	2	54	26.21	46	22.33
823	data/reference/motifs/JASPAR2026_CORE_plants_non-redundant_pfms_meme.txt	MA2390.1	GLYMA19G26560	GGSCCCAC	1.10e-1	1.00e0	9.27e2	370	206	206	206	5	61	29.61	49	23.79
824	data/reference/motifs/JASPAR2026_CORE_plants_non-redundant_pfms_meme.txt	MA2389.1	GBF1	ACGTGKM	2.49e-1	1.00e0	9.27e2	412	206	206	206	40	2	0.97	0	0.00
825	data/reference/motifs/JASPAR2026_CORE_plants_non-redundant_pfms_meme.txt	MA2388.1	GATA1	AGATCTRRWT	3.01e-1	1.00e0	9.27e2	308	206	206	206	4	38	18.45	33	16.02
826	data/reference/motifs/JASPAR2026_CORE_plants_non-redundant_pfms_meme.txt	MA2386.1	estExt_gwp_gw1.C_550163	CACCGAC	6.04e-1	1.00e0	9.27e2	69	206	206	206	1	34	16.50	35	16.99
827	data/reference/motifs/JASPAR2026_CORE_plants_non-redundant_pfms_meme.txt	MA2384.1	estExt_Genewise1.C_2060077	SACGTGK	4.21e-1	1.00e0	9.27e2	232	206	206	206	2	92	44.66	89	43.20
828	data/reference/motifs/JASPAR2026_CORE_plants_non-redundant_pfms_meme.txt	MA2383.1	e_gw1.392.16.1	CTTTW	1.82e-1	1.00e0	9.27e2	412	206	206	206	82	174	84.47	166	80.58
829	data/reference/motifs/JASPAR2026_CORE_plants_non-redundant_pfms_meme.txt	MA2377.1	cassava45561.m1	GGGSCCCAC	2.04e-1	1.00e0	9.27e2	342	206	206	206	2	139	67.48	130	63.11
830	data/reference/motifs/JASPAR2026_CORE_plants_non-redundant_pfms_meme.txt	MA2375.1	BMY2	SRCACGTGTGR	5.00e-1	1.00e0	9.27e2	75	206	206	206	4	3	1.46	2	0.97
831	data/reference/motifs/JASPAR2026_CORE_plants_non-redundant_pfms_meme.txt	MA2374.1	AHL13	ATATAATT	2.23e-1	1.00e0	9.27e2	412	206	206	206	21	200	97.09	196	95.15
832	data/reference/motifs/JASPAR2026_CORE_plants_non-redundant_pfms_meme.txt	MA2372.1	AZF1	WCACTVWCW	1.18e-1	1.00e0	9.27e2	410	206	206	206	7	111	53.88	98	47.57
833	data/reference/motifs/JASPAR2026_CORE_plants_non-redundant_pfms_meme.txt	MA2370.1	MBD2	AGCTD	5.00e-1	1.00e0	9.27e2	412	206	206	206	23	194	94.17	193	93.69
834	data/reference/motifs/JASPAR2026_CORE_plants_non-redundant_pfms_meme.txt	MA2368.1	WRKY51	RGTCAA	1.14e-1	1.00e0	9.27e2	412	206	206	206	26	200	97.09	194	94.17
835	data/reference/motifs/JASPAR2026_CORE_plants_non-redundant_pfms_meme.txt	MA2367.1	WIP5	ACCTGGAGAAMAW	1.18e-1	1.00e0	9.27e2	401	206	206	206	4	118	57.28	105	50.97
836	data/reference/motifs/JASPAR2026_CORE_plants_non-redundant_pfms_meme.txt	MA2366.1	VOZ2	GCGT	8.74e-2	1.00e0	9.27e2	412	206	206	206	10	204	99.03	199	96.60
837	data/reference/motifs/JASPAR2026_CORE_plants_non-redundant_pfms_meme.txt	MA2365.1	VIT_17s0000g10420	GTTAACYV	1.84e-1	1.00e0	9.27e2	307	206	206	206	3	58	28.16	49	23.79
838	data/reference/motifs/JASPAR2026_CORE_plants_non-redundant_pfms_meme.txt	MA2362.1	TEIL	AGRTWCAT	3.62e-1	1.00e0	9.27e2	412	206	206	206	23	5	2.43	3	1.46
839	data/reference/motifs/JASPAR2026_CORE_plants_non-redundant_pfms_meme.txt	MA2361.1	PRUPE_ppa000682mg	GTACGG	1.86e-1	1.00e0	9.27e2	412	206	206	206	53	4	1.94	1	0.49
840	data/reference/motifs/JASPAR2026_CORE_plants_non-redundant_pfms_meme.txt	MA2359.1	PK23829.1	TTATCCR	2.38e-1	1.00e0	9.27e2	356	206	206	206	4	49	23.79	42	20.39
841	data/reference/motifs/JASPAR2026_CORE_plants_non-redundant_pfms_meme.txt	MA2357.1	PK21687.1	WAAACCC	2.49e-1	1.00e0	9.27e2	412	206	206	206	3	206	100.00	204	99.03
842	data/reference/motifs/JASPAR2026_CORE_plants_non-redundant_pfms_meme.txt	MA2354.1	PK06182.1	TACCTACC	2.08e-1	1.00e0	9.27e2	347	206	206	206	3	82	39.81	73	35.44
843	data/reference/motifs/JASPAR2026_CORE_plants_non-redundant_pfms_meme.txt	MA2353.1	PK02532.1	WAATATCT	1.81e-1	1.00e0	9.27e2	338	206	206	206	4	28	13.59	21	10.19
844	data/reference/motifs/JASPAR2026_CORE_plants_non-redundant_pfms_meme.txt	MA2350.1	OsFBH1	CCACTTG	5.00e-1	1.00e0	9.27e2	95	206	206	206	4	1	0.49	0	0.00
845	data/reference/motifs/JASPAR2026_CORE_plants_non-redundant_pfms_meme.txt	MA2349.1	OsCCA1	AATATCT	1.30e-1	1.00e0	9.27e2	412	206	206	206	40	9	4.37	4	1.94
846	data/reference/motifs/JASPAR2026_CORE_plants_non-redundant_pfms_meme.txt	MA2347.1	OS04G0486400	TAACC	8.74e-2	1.00e0	9.27e2	412	206	206	206	33	204	99.03	199	96.60
847	data/reference/motifs/JASPAR2026_CORE_plants_non-redundant_pfms_meme.txt	MA2106.1	Zm00001d024644	CCTTATCC	4.25e-1	1.00e0	9.27e2	410	206	206	206	3	192	93.20	190	92.23
848	data/reference/motifs/JASPAR2026_CORE_plants_non-redundant_pfms_meme.txt	MA2104.1	IDD11	AAAACGACAAAA	1.42e-1	1.00e0	9.27e2	304	206	206	206	5	6	2.91	2	0.97
849	data/reference/motifs/JASPAR2026_CORE_plants_non-redundant_pfms_meme.txt	MA2103.1	AT4G09450	TTATCY	1.92e-1	1.00e0	9.27e2	412	206	206	206	35	31	15.05	24	11.65
850	data/reference/motifs/JASPAR2026_CORE_plants_non-redundant_pfms_meme.txt	MA1800.1	TEM1	GCAACATA	2.64e-1	1.00e0	9.27e2	384	206	206	206	4	71	34.47	64	31.07
851	data/reference/motifs/JASPAR2026_CORE_plants_non-redundant_pfms_meme.txt	MA1797.1	RAV2	GCAACATA	6.14e-1	1.00e0	9.27e2	244	206	206	206	4	6	2.91	6	2.91
852	data/reference/motifs/JASPAR2026_CORE_plants_non-redundant_pfms_meme.txt	MA1792.1	NAC098	CKTGTNNHACACGTHA	5.00e-1	1.00e0	9.27e2	103	206	206	206	2	19	9.22	18	8.74
853	data/reference/motifs/JASPAR2026_CORE_plants_non-redundant_pfms_meme.txt	MA1790.1	NAC073	CTTSWYBHWCAMGYT	1.50e-1	1.00e0	9.27e2	296	206	206	206	4	30	14.56	22	10.68
854	data/reference/motifs/JASPAR2026_CORE_plants_non-redundant_pfms_meme.txt	MA1789.1	NAC071	CTTSWHYYTCAMGYA	5.00e-1	1.00e0	9.27e2	205	206	206	206	5	4	1.94	3	1.46
855	data/reference/motifs/JASPAR2026_CORE_plants_non-redundant_pfms_meme.txt	MA1788.1	NAC054	CTTGTNNHACACGYHAYCT	5.62e-1	1.00e0	9.27e2	46	206	206	206	1	23	11.17	23	11.17
856	data/reference/motifs/JASPAR2026_CORE_plants_non-redundant_pfms_meme.txt	MA1783.1	NAC005	TWRCTTVTTYHAYAAGTTW	7.16e-1	1.00e0	9.27e2	90	206	206	206	2	27	13.11	30	14.56
857	data/reference/motifs/JASPAR2026_CORE_plants_non-redundant_pfms_meme.txt	MA1760.1	HSFA6A	GAAGNTTCTAGAA	7.51e-1	1.00e0	9.27e2	49	206	206	206	2	1	0.49	1	0.49
858	data/reference/motifs/JASPAR2026_CORE_plants_non-redundant_pfms_meme.txt	MA1746.1	BZIP69	TGMCAGCTGTM	7.25e-1	1.00e0	9.27e2	51	206	206	206	1	24	11.65	27	13.11
859	data/reference/motifs/JASPAR2026_CORE_plants_non-redundant_pfms_meme.txt	MA1741.1	BRN2	CTTGWWHYDYACGYWA	3.83e-1	1.00e0	9.27e2	228	206	206	206	3	27	13.11	24	11.65
860	data/reference/motifs/JASPAR2026_CORE_plants_non-redundant_pfms_meme.txt	MA1734.1	AT1G19040	CTTGNDCYBCAAGTWW	6.72e-1	1.00e0	9.27e2	66	206	206	206	2	10	4.85	11	5.34
861	data/reference/motifs/JASPAR2026_CORE_plants_non-redundant_pfms_meme.txt	MA2092.1	PK27149.1	TGACGTGK	6.14e-1	1.00e0	9.27e2	286	206	206	206	6	6	2.91	6	2.91
862	data/reference/motifs/JASPAR2026_CORE_plants_non-redundant_pfms_meme.txt	MA2091.1	PK27109.1	GACAGCTG	5.00e-1	1.00e0	9.27e2	334	206	206	206	4	52	25.24	51	24.76
863	data/reference/motifs/JASPAR2026_CORE_plants_non-redundant_pfms_meme.txt	MA2090.1	PK26523.1	ATTCY	1.42e-1	1.00e0	9.27e2	412	206	206	206	26	204	99.03	200	97.09
864	data/reference/motifs/JASPAR2026_CORE_plants_non-redundant_pfms_meme.txt	MA2089.1	PK25870.1	RGTCAAM	1.03e-1	1.00e0	9.27e2	412	206	206	206	11	27	13.11	18	8.74
865	data/reference/motifs/JASPAR2026_CORE_plants_non-redundant_pfms_meme.txt	MA2088.1	PK24580.1	GCCGGCA	6.25e-1	1.00e0	9.27e2	54	206	206	206	3	5	2.43	5	2.43
866	data/reference/motifs/JASPAR2026_CORE_plants_non-redundant_pfms_meme.txt	MA2087.1	PK24205.1	CACGTGKC	5.00e-1	1.00e0	9.27e2	133	206	206	206	4	3	1.46	2	0.97
867	data/reference/motifs/JASPAR2026_CORE_plants_non-redundant_pfms_meme.txt	MA2086.1	PK23964.1	KCCACGT	3.03e-1	1.00e0	9.27e2	410	206	206	206	14	39	18.93	34	16.50
868	data/reference/motifs/JASPAR2026_CORE_plants_non-redundant_pfms_meme.txt	MA2084.1	PK23009.1	CTTTW	1.81e-1	1.00e0	9.27e2	412	206	206	206	82	84	40.78	74	35.92
869	data/reference/motifs/JASPAR2026_CORE_plants_non-redundant_pfms_meme.txt	MA2083.1	PK21166.1	YACCTACY	1.85e-1	1.00e0	9.27e2	410	206	206	206	12	20	9.71	14	6.80
870	data/reference/motifs/JASPAR2026_CORE_plants_non-redundant_pfms_meme.txt	MA2082.1	PK20392.1	AATMAT	1.24e-1	1.00e0	9.27e2	412	206	206	206	18	206	100.00	203	98.54
871	data/reference/motifs/JASPAR2026_CORE_plants_non-redundant_pfms_meme.txt	MA2080.1	PK20225.1	CACGTG	1.08e-1	1.00e0	9.27e2	412	206	206	206	28	5	2.43	1	0.49
872	data/reference/motifs/JASPAR2026_CORE_plants_non-redundant_pfms_meme.txt	MA2077.1	PK18474.1	CACGTGC	6.57e-1	1.00e0	9.27e2	53	206	206	206	4	3	1.46	3	1.46
873	data/reference/motifs/JASPAR2026_CORE_plants_non-redundant_pfms_meme.txt	MA2076.1	PK18401.1	GCACGTGG	2.49e-1	1.00e0	9.27e2	326	206	206	206	12	2	0.97	0	0.00
874	data/reference/motifs/JASPAR2026_CORE_plants_non-redundant_pfms_meme.txt	MA2075.1	PK18009.1	ACACGTG	2.43e-1	1.00e0	9.27e2	409	206	206	206	6	121	58.74	113	54.85
875	data/reference/motifs/JASPAR2026_CORE_plants_non-redundant_pfms_meme.txt	MA2073.1	PK16340.1	CKTT	1.08e-1	1.00e0	9.27e2	412	206	206	206	64	205	99.51	201	97.57
876	data/reference/motifs/JASPAR2026_CORE_plants_non-redundant_pfms_meme.txt	MA2072.1	PK16335.1	GACAGCTG	5.00e-1	1.00e0	9.27e2	372	206	206	206	4	72	34.95	71	34.47
877	data/reference/motifs/JASPAR2026_CORE_plants_non-redundant_pfms_meme.txt	MA2071.1	PK15505.1	GCACGTGT	6.57e-1	1.00e0	9.27e2	53	206	206	206	4	3	1.46	3	1.46
878	data/reference/motifs/JASPAR2026_CORE_plants_non-redundant_pfms_meme.txt	MA2070.1	PK15337.1	CTTT	1.08e-1	1.00e0	9.27e2	412	206	206	206	150	79	38.35	66	32.04
879	data/reference/motifs/JASPAR2026_CORE_plants_non-redundant_pfms_meme.txt	MA2068.1	PK10344.1	GGGACCAC	4.52e-1	1.00e0	9.27e2	88	206	206	206	1	45	21.84	43	20.87
880	data/reference/motifs/JASPAR2026_CORE_plants_non-redundant_pfms_meme.txt	MA2066.1	PK09021.1	TGACGTCA	5.00e-1	1.00e0	9.27e2	62	206	206	206	3	1	0.49	0	0.00
881	data/reference/motifs/JASPAR2026_CORE_plants_non-redundant_pfms_meme.txt	MA2065.1	PK08602.1	CCACCGCC	9.33e-1	1.00e0	9.27e2	31	206	206	206	1	12	5.83	19	9.22
882	data/reference/motifs/JASPAR2026_CORE_plants_non-redundant_pfms_meme.txt	MA2064.1	PK07858.1	CACGTGC	6.57e-1	1.00e0	9.27e2	53	206	206	206	4	3	1.46	3	1.46
883	data/reference/motifs/JASPAR2026_CORE_plants_non-redundant_pfms_meme.txt	MA2063.1	PK07402.1	RCCGMC	1.18e-1	1.00e0	9.27e2	396	206	206	206	5	108	52.43	95	46.12
884	data/reference/motifs/JASPAR2026_CORE_plants_non-redundant_pfms_meme.txt	MA2062.1	PK07031.1	CTTT	1.24e-1	1.00e0	9.27e2	412	206	206	206	116	206	100.00	203	98.54
885	data/reference/motifs/JASPAR2026_CORE_plants_non-redundant_pfms_meme.txt	MA2061.1	PK06517.1	CACGTGC	6.57e-1	1.00e0	9.27e2	53	206	206	206	4	3	1.46	3	1.46
886	data/reference/motifs/JASPAR2026_CORE_plants_non-redundant_pfms_meme.txt	MA2060.1	PK05451.1	CCACGTGM	6.57e-1	1.00e0	9.27e2	53	206	206	206	4	3	1.46	3	1.46
887	data/reference/motifs/JASPAR2026_CORE_plants_non-redundant_pfms_meme.txt	MA2059.1	PK05432.1	RGTCAA	1.14e-1	1.00e0	9.27e2	412	206	206	206	14	200	97.09	194	94.17
888	data/reference/motifs/JASPAR2026_CORE_plants_non-redundant_pfms_meme.txt	MA2057.1	PK01630.1	GCACGTG	1.24e-1	1.00e0	9.27e2	388	206	206	206	23	3	1.46	0	0.00
889	data/reference/motifs/JASPAR2026_CORE_plants_non-redundant_pfms_meme.txt	MA2056.1	PK01144.1	CTTT	1.71e-1	1.00e0	9.27e2	412	206	206	206	112	145	70.39	135	65.53
890	data/reference/motifs/JASPAR2026_CORE_plants_non-redundant_pfms_meme.txt	MA1380.1	TCX6	WTTTAAATTTTTWAA	1.46e-1	1.00e0	9.27e2	388	206	206	206	1	197	95.63	191	92.72
891	data/reference/motifs/JASPAR2026_CORE_plants_non-redundant_pfms_meme.txt	MA1379.1	SOL1	WTTWAAAATTTAAAW	1.86e-1	1.00e0	9.27e2	377	206	206	206	12	4	1.94	1	0.49
892	data/reference/motifs/JASPAR2026_CORE_plants_non-redundant_pfms_meme.txt	MA1328.1	ZHD9	WTWAWHNVYTAATYA	1.69e-1	1.00e0	9.27e2	402	206	206	206	1	203	98.54	199	96.60
893	data/reference/motifs/JASPAR2026_CORE_plants_non-redundant_pfms_meme.txt	MA1309.1	WRKY3	AAAAGTCAACG	2.08e-1	1.00e0	9.27e2	241	206	206	206	4	9	4.37	5	2.43
894	data/reference/motifs/JASPAR2026_CORE_plants_non-redundant_pfms_meme.txt	MA1242.1	DREB2F	CCDCCACCGCC	3.68e-1	1.00e0	9.27e2	117	206	206	206	2	21	10.19	18	8.74
895	data/reference/motifs/JASPAR2026_CORE_plants_non-redundant_pfms_meme.txt	MA1235.1	AIL7	CGNWTYYCGAG	7.33e-1	1.00e0	9.27e2	373	206	206	206	4	68	33.01	73	35.44
896	data/reference/motifs/JASPAR2026_CORE_plants_non-redundant_pfms_meme.txt	MA1225.1	ERF5	CCDCCGCCGCCGCCR	3.86e-1	1.00e0	9.27e2	82	206	206	206	4	7	3.40	5	2.43
897	data/reference/motifs/JASPAR2026_CORE_plants_non-redundant_pfms_meme.txt	MA1221.1	RAP2-6	TKGCGGCGGMGGHGG	4.25e-1	1.00e0	9.27e2	74	206	206	206	2	16	7.77	14	6.80
898	data/reference/motifs/JASPAR2026_CORE_plants_non-redundant_pfms_meme.txt	MA1162.1	TCX2	WTTYAAAATTYAAAW	2.21e-1	1.00e0	9.27e2	370	206	206	206	7	27	13.11	21	10.19
899	data/reference/motifs/JASPAR2026_CORE_plants_non-redundant_pfms_meme.txt	MA1084.1	WRKY38	CGTTGACC	1.92e-1	1.00e0	9.27e2	402	206	206	206	2	191	92.72	185	89.81
900	data/reference/motifs/JASPAR2026_CORE_plants_non-redundant_pfms_meme.txt	MA1080.1	WRKY23	AGTCAACG	1.58e-1	1.00e0	9.27e2	245	206	206	206	1	128	62.14	117	56.80
901	data/reference/motifs/JASPAR2026_CORE_plants_non-redundant_pfms_meme.txt	MA1075.1	WRKY12	CGTTGACC	2.51e-1	1.00e0	9.27e2	403	206	206	206	1	203	98.54	200	97.09
902	data/reference/motifs/JASPAR2026_CORE_plants_non-redundant_pfms_meme.txt	MA1046.1	NTL9	TTAAGTAAT	4.19e-1	1.00e0	9.27e2	255	206	206	206	2	77	37.38	74	35.92
903	data/reference/motifs/JASPAR2026_CORE_plants_non-redundant_pfms_meme.txt	MA1034.1	Os05g0497200	CGSCGCCR	7.22e-1	1.00e0	9.27e2	53	206	206	206	1	25	12.14	28	13.59
904	data/reference/motifs/JASPAR2026_CORE_plants_non-redundant_pfms_meme.txt	MA1033.1	OJ1058_F05.8	MCACGTGK	7.25e-1	1.00e0	9.27e2	175	206	206	206	2	85	41.26	90	43.69
905	data/reference/motifs/JASPAR2026_CORE_plants_non-redundant_pfms_meme.txt	MA1023.1	PHYPADRAFT_28324	KGTCGGTG	6.04e-1	1.00e0	9.27e2	69	206	206	206	1	34	16.50	35	16.99
906	data/reference/motifs/JASPAR2026_CORE_plants_non-redundant_pfms_meme.txt	MA1020.1	GT-1	GTTAACCA	2.19e-1	1.00e0	9.27e2	369	206	206	206	5	40	19.42	33	16.02
907	data/reference/motifs/JASPAR2026_CORE_plants_non-redundant_pfms_meme.txt	MA1014.1	GATA11	TAGATCTG	3.40e-1	1.00e0	9.27e2	140	206	206	206	4	14	6.80	11	5.34
908	data/reference/motifs/JASPAR2026_CORE_plants_non-redundant_pfms_meme.txt	MA1013.1	GATA10	TAGATCTG	5.00e-1	1.00e0	9.27e2	211	206	206	206	7	6	2.91	5	2.43
909	data/reference/motifs/JASPAR2026_CORE_plants_non-redundant_pfms_meme.txt	MA0986.1	DREB2C	CACCGACA	2.85e-1	1.00e0	9.27e2	321	206	206	206	6	17	8.25	13	6.31
910	data/reference/motifs/JASPAR2026_CORE_plants_non-redundant_pfms_meme.txt	MA0978.1	DREB1E	ATGTCGGC	5.00e-1	1.00e0	9.27e2	195	206	206	206	2	36	17.48	35	16.99
911	data/reference/motifs/JASPAR2026_CORE_plants_non-redundant_pfms_meme.txt	MA0977.1	DOF2.5	AWAAAGTG	9.08e-2	1.00e0	9.27e2	412	206	206	206	8	178	86.41	167	81.07
912	data/reference/motifs/JASPAR2026_CORE_plants_non-redundant_pfms_meme.txt	MA0967.1	BZIP60	TGACGTCA	1.93e-1	1.00e0	9.27e2	396	206	206	206	10	65	31.55	56	27.18
913	data/reference/motifs/JASPAR2026_CORE_plants_non-redundant_pfms_meme.txt	MA0958.1	BHLH13	RCACGTGC	2.25e-1	1.00e0	9.27e2	239	206	206	206	9	5	2.43	2	0.97
914	data/reference/motifs/JASPAR2026_CORE_plants_non-redundant_pfms_meme.txt	MA0957.1	BHLH3	GCACGTGC	5.00e-1	1.00e0	9.27e2	309	206	206	206	16	3	1.46	2	0.97
915	data/reference/motifs/JASPAR2026_CORE_plants_non-redundant_pfms_meme.txt	MA0952.1	ATHB-51	AATWATTG	1.30e-1	1.00e0	9.27e2	412	206	206	206	4	202	98.06	197	95.63
916	data/reference/motifs/JASPAR2026_CORE_plants_non-redundant_pfms_meme.txt	MA0951.1	ATHB-16	TAATMATT	1.71e-1	1.00e0	9.27e2	404	206	206	206	4	165	80.10	156	75.73
917	data/reference/motifs/JASPAR2026_CORE_plants_non-redundant_pfms_meme.txt	MA0947.1	ARR14	AGATWCGS	1.18e-1	1.00e0	9.27e2	324	206	206	206	2	107	51.94	94	45.63
918	data/reference/motifs/JASPAR2026_CORE_plants_non-redundant_pfms_meme.txt	MA0946.1	ARR11	AAGATACG	2.13e-1	1.00e0	9.27e2	383	206	206	206	3	121	58.74	112	54.37
919	data/reference/motifs/JASPAR2026_CORE_plants_non-redundant_pfms_meme.txt	MA0937.1	NAC055	ACACGTAA	2.25e-1	1.00e0	9.27e2	405	206	206	206	12	5	2.43	2	0.97
920	data/reference/motifs/JASPAR2026_CORE_plants_non-redundant_pfms_meme.txt	MA0936.1	NAC046	ACACGCMA	1.03e-1	1.00e0	9.27e2	412	206	206	206	31	27	13.11	18	8.74
921	data/reference/motifs/JASPAR2026_CORE_plants_non-redundant_pfms_meme.txt	MA0934.1	AHL25	AWTTAAWT	2.62e-1	1.00e0	9.27e2	412	206	206	206	92	68	33.01	61	29.61
922	data/reference/motifs/JASPAR2026_CORE_plants_non-redundant_pfms_meme.txt	MA0933.1	AHL20	AATTAAWT	2.34e-1	1.00e0	9.27e2	412	206	206	206	26	192	93.20	187	90.78
923	data/reference/motifs/JASPAR2026_CORE_plants_non-redundant_pfms_meme.txt	MA0932.1	AHL12	AAWWWWTT	1.08e-1	1.00e0	9.27e2	412	206	206	206	22	205	99.51	201	97.57
924	data/reference/motifs/JASPAR2026_CORE_plants_non-redundant_pfms_meme.txt	MA0590.1	LFY	YATTRACCGSCGGTYAATR	8.36e-1	1.00e0	9.27e2	28	206	206	206	2	12	5.83	16	7.77
925	data/reference/motifs/JASPAR2026_CORE_plants_non-redundant_pfms_meme.txt	MA0128.1	EmBP-1	ASACGTGG	1.80e-1	1.00e0	9.27e2	311	206	206	206	1	160	77.67	151	73.30
926	data/reference/motifs/JASPAR2026_CORE_plants_non-redundant_pfms_meme.txt	MA0123.1	abi4	CGSYGCCCCC	3.74e-1	1.00e0	9.27e2	264	206	206	206	5	23	11.17	20	9.71
927	data/reference/motifs/JASPAR2026_CORE_plants_non-redundant_pfms_meme.txt	MA0096.1	bZIP910	MTGACGT	6.72e-1	1.00e0	9.27e2	109	206	206	206	1	53	25.73	56	27.18

# AME (Analysis of Motif Enrichment): Version 5.5.9 compiled on May 27 2026 at 12:40:54
# The format of this file is described at https://meme-suite.org/meme/doc/ame-output-format.html.
# ame --verbose 1 --text --control results/evidence/motifs/inputs/backgrounds/1000/replicate_038.fa --method fisher --scoring totalhits --hit-lo-fraction 0.25 --evalue-report-threshold 1000000 --noseq results/evidence/motifs/inputs/frozen_candidates_1000bp.fa data/reference/motifs/JASPAR2026_CORE_plants_non-redundant_pfms_meme.txt
