3	data/reference/motifs/JASPAR2026_CORE_plants_non-redundant_pfms_meme.txt	MA1363.1	LRL2	CGTGNKWBGCACGTG	8.05e-4	5.56e-2	5.15e1	71	206	206	206	1	48	23.30	23	11.17
4	data/reference/motifs/JASPAR2026_CORE_plants_non-redundant_pfms_meme.txt	MA2342.1	URI	CACGTG	1.73e-4	6.06e-2	5.62e1	361	206	206	206	14	24	11.65	5	2.43
5	data/reference/motifs/JASPAR2026_CORE_plants_non-redundant_pfms_meme.txt	MA2387.1	NAC094	YGCCGTRNHNNHCACG	1.35e-3	8.63e-2	8.00e1	67	206	206	206	2	22	10.68	6	2.91
6	data/reference/motifs/JASPAR2026_CORE_plants_non-redundant_pfms_meme.txt	MA2479.1	TCX5	ATTCAAAT	3.54e-4	1.34e-1	1.24e2	406	206	206	206	3	198	96.12	178	86.41
7	data/reference/motifs/JASPAR2026_CORE_plants_non-redundant_pfms_meme.txt	MA0560.2	PIF3	CCACGTG	9.59e-4	1.48e-1	1.37e2	167	206	206	206	2	54	26.21	28	13.59
8	data/reference/motifs/JASPAR2026_CORE_plants_non-redundant_pfms_meme.txt	MA2393.1	PHYPA_008731	CACGTGC	9.59e-4	1.48e-1	1.37e2	167	206	206	206	2	54	26.21	28	13.59
9	data/reference/motifs/JASPAR2026_CORE_plants_non-redundant_pfms_meme.txt	MA2711.1	SolycHsfB2b	TTCTAGAA	1.58e-3	2.19e-1	2.03e2	156	206	206	206	1	93	45.15	63	30.58
10	data/reference/motifs/JASPAR2026_CORE_plants_non-redundant_pfms_meme.txt	MA1061.2	SPT	CCACGTG	9.85e-4	3.23e-1	2.99e2	396	206	206	206	12	19	9.22	4	1.94
11	data/reference/motifs/JASPAR2026_CORE_plants_non-redundant_pfms_meme.txt	MA1784.1	NAC011	GTTGCTTSWNHHDCAAGYAAC	1.51e-2	3.26e-1	3.02e2	26	206	206	206	2	6	2.91	0	0.00
12	data/reference/motifs/JASPAR2026_CORE_plants_non-redundant_pfms_meme.txt	MA1021.2	PHYPADRAFT_48267	CACGTGC	2.09e-3	3.84e-1	3.56e2	232	206	206	206	4	29	14.08	11	5.34
13	data/reference/motifs/JASPAR2026_CORE_plants_non-redundant_pfms_meme.txt	MA1338.3	DPBF3	TGMCACGTGTC	3.96e-3	4.02e-1	3.73e2	130	206	206	206	1	78	37.86	52	25.24
14	data/reference/motifs/JASPAR2026_CORE_plants_non-redundant_pfms_meme.txt	MA2085.1	PK23763.1	CTTTW	1.29e-3	4.12e-1	3.82e2	412	206	206	206	37	197	95.63	179	86.89
15	data/reference/motifs/JASPAR2026_CORE_plants_non-redundant_pfms_meme.txt	MA2376.1	CAMTA5	CGYGTNDDAWVCGYGT	2.86e-3	4.53e-1	4.20e2	211	206	206	206	1	120	58.25	91	44.17
16	data/reference/motifs/JASPAR2026_CORE_plants_non-redundant_pfms_meme.txt	MA2058.1	PK03929.1	CTTTW	1.49e-3	4.58e-1	4.25e2	412	206	206	206	36	205	99.51	194	94.17
17	data/reference/motifs/JASPAR2026_CORE_plants_non-redundant_pfms_meme.txt	MA0053.1	MNB1A	AAAGC	1.49e-3	4.58e-1	4.25e2	412	206	206	206	20	12	5.83	1	0.49
18	data/reference/motifs/JASPAR2026_CORE_plants_non-redundant_pfms_meme.txt	MA1283.2	TCP14	ADAGVDBGTGGGDCCCAC	6.16e-2	4.70e-1	4.36e2	10	206	206	206	2	4	1.94	0	0.00
19	data/reference/motifs/JASPAR2026_CORE_plants_non-redundant_pfms_meme.txt	MA1059.3	SPL5	TGTACGGAH	5.32e-2	6.65e-1	6.17e2	20	206	206	206	1	14	6.80	6	2.91
20	data/reference/motifs/JASPAR2026_CORE_plants_non-redundant_pfms_meme.txt	MA0958.1	BHLH13	RCACGTGC	5.05e-3	6.92e-1	6.41e2	233	206	206	206	5	24	11.65	9	4.37
21	data/reference/motifs/JASPAR2026_CORE_plants_non-redundant_pfms_meme.txt	MA2406.1	PK03576.1	CACGTGC	3.54e-2	7.27e-1	6.74e2	36	206	206	206	2	15	7.28	6	2.91
22	data/reference/motifs/JASPAR2026_CORE_plants_non-redundant_pfms_meme.txt	MA0552.2	PIF1	CACGTG	6.75e-3	7.30e-1	6.77e2	194	206	206	206	1	110	53.40	84	40.78
23	data/reference/motifs/JASPAR2026_CORE_plants_non-redundant_pfms_meme.txt	MA2725.1	SlWRKY6	AAAGTCAAC	3.24e-3	7.34e-1	6.80e2	409	206	206	206	9	25	12.14	9	4.37
24	data/reference/motifs/JASPAR2026_CORE_plants_non-redundant_pfms_meme.txt	MA1321.2	SPL13A	TGTACGGA	5.50e-3	7.55e-1	7.00e2	256	206	206	206	1	141	68.45	115	55.83
25	data/reference/motifs/JASPAR2026_CORE_plants_non-redundant_pfms_meme.txt	MA1291.1	TCP7	GTGGGRCCCAC	1.48e-2	7.69e-1	7.13e2	98	206	206	206	2	20	9.71	8	3.88
26	data/reference/motifs/JASPAR2026_CORE_plants_non-redundant_pfms_meme.txt	MA2092.1	PK27149.1	TGACGTGK	7.27e-3	8.45e-1	7.84e2	257	206	206	206	1	141	68.45	116	56.31
27	data/reference/motifs/JASPAR2026_CORE_plants_non-redundant_pfms_meme.txt	MA2355.1	PK06791.1	GTACGG	4.79e-3	8.60e-1	7.97e2	411	206	206	206	8	131	63.59	104	50.49
28	data/reference/motifs/JASPAR2026_CORE_plants_non-redundant_pfms_meme.txt	MA2621.1	glk25	TGATTCCA	5.16e-3	8.80e-1	8.16e2	411	206	206	206	9	118	57.28	91	44.17
29	data/reference/motifs/JASPAR2026_CORE_plants_non-redundant_pfms_meme.txt	MA1799.2	SPL10	GTACGR	5.49e-3	8.88e-1	8.23e2	399	206	206	206	7	78	37.86	53	25.73
30	data/reference/motifs/JASPAR2026_CORE_plants_non-redundant_pfms_meme.txt	MA0989.2	PHYPADRAFT_153324	WAAAG	5.32e-3	8.88e-1	8.23e2	412	206	206	206	82	174	84.47	152	73.79
31	data/reference/motifs/JASPAR2026_CORE_plants_non-redundant_pfms_meme.txt	MA2383.1	e_gw1.392.16.1	CTTTW	5.32e-3	8.88e-1	8.23e2	412	206	206	206	82	174	84.47	152	73.79
32	data/reference/motifs/JASPAR2026_CORE_plants_non-redundant_pfms_meme.txt	MA2052.2	ZAT6	AATGATTG	5.49e-3	8.96e-1	8.30e2	412	206	206	206	13	153	74.27	128	62.14
33	data/reference/motifs/JASPAR2026_CORE_plants_non-redundant_pfms_meme.txt	MA0568.2	MYC3	CACGTG	5.96e-3	8.98e-1	8.33e2	383	206	206	206	6	136	66.02	110	53.40
34	data/reference/motifs/JASPAR2026_CORE_plants_non-redundant_pfms_meme.txt	MA1403.1	BPC5	AGAGAGAGAGAGAGAGAGAGAGAGAGAGAG	1.46e-1	9.07e-1	8.41e2	15	206	206	206	1	10	4.85	5	2.43
35	data/reference/motifs/JASPAR2026_CORE_plants_non-redundant_pfms_meme.txt	MA2475.1	HOX6	TGATTG	5.88e-3	9.11e-1	8.45e2	412	206	206	206	23	137	66.50	111	53.88
36	data/reference/motifs/JASPAR2026_CORE_plants_non-redundant_pfms_meme.txt	MA2658.1	GLYMA-19G094100	ATTGACTTW	6.15e-3	9.18e-1	8.51e2	407	206	206	206	7	45	21.84	25	12.14
37	data/reference/motifs/JASPAR2026_CORE_plants_non-redundant_pfms_meme.txt	MA1816.2	O11	CACGTG	1.10e-2	9.24e-1	8.57e2	234	206	206	206	2	129	62.62	105	50.97
38	data/reference/motifs/JASPAR2026_CORE_plants_non-redundant_pfms_meme.txt	MA2736.1	la3	AACACGTG	7.74e-3	9.27e-1	8.59e2	338	206	206	206	6	38	18.45	20	9.71
39	data/reference/motifs/JASPAR2026_CORE_plants_non-redundant_pfms_meme.txt	MA2471.1	SPCH	CACGTG	7.71e-3	9.31e-1	8.63e2	347	206	206	206	8	48	23.30	28	13.59
40	data/reference/motifs/JASPAR2026_CORE_plants_non-redundant_pfms_meme.txt	MA2719.1	lat61	CRCACGTGYG	4.54e-2	9.36e-1	8.67e2	59	206	206	206	2	36	17.48	23	11.17
41	data/reference/motifs/JASPAR2026_CORE_plants_non-redundant_pfms_meme.txt	MA0963.1	bHLH78	GCACGTGC	1.77e-2	9.38e-1	8.70e2	157	206	206	206	4	33	16.02	18	8.74
42	data/reference/motifs/JASPAR2026_CORE_plants_non-redundant_pfms_meme.txt	MA0950.1	ATHB-12	AATGATTG	6.83e-3	9.40e-1	8.71e2	412	206	206	206	22	117	56.80	91	44.17
43	data/reference/motifs/JASPAR2026_CORE_plants_non-redundant_pfms_meme.txt	MA1175.2	MYB81	TAACHGWWT	6.90e-3	9.42e-1	8.73e2	412	206	206	206	4	193	93.69	177	85.92
44	data/reference/motifs/JASPAR2026_CORE_plants_non-redundant_pfms_meme.txt	MA0932.1	AHL12	AAWWWWTT	6.90e-3	9.42e-1	8.73e2	412	206	206	206	54	193	93.69	177	85.92
45	data/reference/motifs/JASPAR2026_CORE_plants_non-redundant_pfms_meme.txt	MA1760.1	HSFA6A	GAAGNTTCTAGAA	7.83e-2	9.42e-1	8.74e2	35	206	206	206	1	22	10.68	13	6.31
46	data/reference/motifs/JASPAR2026_CORE_plants_non-redundant_pfms_meme.txt	MA0993.2	ERF7	GCCG	7.14e-3	9.47e-1	8.78e2	411	206	206	206	16	142	68.93	117	56.80
47	data/reference/motifs/JASPAR2026_CORE_plants_non-redundant_pfms_meme.txt	MA1404.1	BPC1	GAGAGAGAGAGAGAGAGAGAGAGA	6.16e-2	9.53e-1	8.83e2	48	206	206	206	16	4	1.94	0	0.00
48	data/reference/motifs/JASPAR2026_CORE_plants_non-redundant_pfms_meme.txt	MA2081.1	PK20317.1	CKTTW	7.42e-3	9.53e-1	8.83e2	412	206	206	206	41	206	100.00	199	96.60
49	data/reference/motifs/JASPAR2026_CORE_plants_non-redundant_pfms_meme.txt	MA0580.1	DYT1	MGTGAGWCACGTGA	7.10e-2	9.55e-1	8.85e2	42	206	206	206	1	26	12.62	16	7.77
50	data/reference/motifs/JASPAR2026_CORE_plants_non-redundant_pfms_meme.txt	MA0562.1	PIF5	TCACGTGS	3.56e-2	9.56e-1	8.86e2	86	206	206	206	2	12	5.83	4	1.94
51	data/reference/motifs/JASPAR2026_CORE_plants_non-redundant_pfms_meme.txt	MA2477.1	NGA4	TTCAGGTR	8.30e-3	9.62e-1	8.91e2	393	206	206	206	1	202	98.06	191	92.72
52	data/reference/motifs/JASPAR2026_CORE_plants_non-redundant_pfms_meme.txt	MA0561.1	PIF4	CACGTGSC	3.41e-2	9.67e-1	8.96e2	100	206	206	206	2	22	10.68	11	5.34
53	data/reference/motifs/JASPAR2026_CORE_plants_non-redundant_pfms_meme.txt	MA1750.1	E2FE	TTTTTGGCGGGAAAA	5.00e-1	9.69e-1	8.98e2	5	206	206	206	1	3	1.46	2	0.97
54	data/reference/motifs/JASPAR2026_CORE_plants_non-redundant_pfms_meme.txt	MA1732.1	E2FD	TTTTTGGCGGGAAAA	5.00e-1	9.69e-1	8.98e2	5	206	206	206	1	3	1.46	2	0.97
55	data/reference/motifs/JASPAR2026_CORE_plants_non-redundant_pfms_meme.txt	MA1740.2	BHLH49	CACGTGC	8.88e-2	9.73e-1	9.02e2	39	206	206	206	2	24	11.65	15	7.28
56	data/reference/motifs/JASPAR2026_CORE_plants_non-redundant_pfms_meme.txt	MA1074.2	UNE10	CACGTGM	8.88e-2	9.73e-1	9.02e2	39	206	206	206	2	24	11.65	15	7.28
57	data/reference/motifs/JASPAR2026_CORE_plants_non-redundant_pfms_meme.txt	MA2077.1	PK18474.1	CACGTGC	8.88e-2	9.73e-1	9.02e2	39	206	206	206	2	24	11.65	15	7.28
58	data/reference/motifs/JASPAR2026_CORE_plants_non-redundant_pfms_meme.txt	MA2071.1	PK15505.1	GCACGTGT	8.88e-2	9.73e-1	9.02e2	39	206	206	206	2	24	11.65	15	7.28
59	data/reference/motifs/JASPAR2026_CORE_plants_non-redundant_pfms_meme.txt	MA2064.1	PK07858.1	CACGTGC	8.88e-2	9.73e-1	9.02e2	39	206	206	206	2	24	11.65	15	7.28
60	data/reference/motifs/JASPAR2026_CORE_plants_non-redundant_pfms_meme.txt	MA2061.1	PK06517.1	CACGTGC	8.88e-2	9.73e-1	9.02e2	39	206	206	206	2	24	11.65	15	7.28
61	data/reference/motifs/JASPAR2026_CORE_plants_non-redundant_pfms_meme.txt	MA2060.1	PK05451.1	CCACGTGM	8.88e-2	9.73e-1	9.02e2	39	206	206	206	2	24	11.65	15	7.28
62	data/reference/motifs/JASPAR2026_CORE_plants_non-redundant_pfms_meme.txt	MA2080.1	PK20225.1	CACGTG	9.07e-3	9.76e-1	9.05e2	412	206	206	206	17	57	27.67	36	17.48
63	data/reference/motifs/JASPAR2026_CORE_plants_non-redundant_pfms_meme.txt	MA0557.2	FHY3	CACGCGCT	1.49e-2	9.78e-1	9.06e2	255	206	206	206	5	17	8.25	6	2.91
64	data/reference/motifs/JASPAR2026_CORE_plants_non-redundant_pfms_meme.txt	MA0554.2	SOC1	TTTCCWTTTTTGG	1.00e-2	9.78e-1	9.07e2	383	206	206	206	8	9	4.37	1	0.49
65	data/reference/motifs/JASPAR2026_CORE_plants_non-redundant_pfms_meme.txt	MA0987.2	PHYPADRAFT_140773	AAAG	9.45e-3	9.80e-1	9.08e2	412	206	206	206	54	203	98.54	193	93.69
66	data/reference/motifs/JASPAR2026_CORE_plants_non-redundant_pfms_meme.txt	MA2381.1	e_gw1.170.52.1	CTTT	9.45e-3	9.80e-1	9.08e2	412	206	206	206	54	203	98.54	193	93.69
67	data/reference/motifs/JASPAR2026_CORE_plants_non-redundant_pfms_meme.txt	MA1203.1	AGL63	TKCCAAAAATGGMAA	1.79e-2	9.81e-1	9.09e2	221	206	206	206	4	10	4.85	2	0.97
68	data/reference/motifs/JASPAR2026_CORE_plants_non-redundant_pfms_meme.txt	MA1014.1	GATA11	TAGATCTG	2.88e-2	9.82e-1	9.10e2	139	206	206	206	4	14	6.80	5	2.43
69	data/reference/motifs/JASPAR2026_CORE_plants_non-redundant_pfms_meme.txt	MA1678.3	NTL8	GAAGAAAC	9.82e-3	9.83e-1	9.11e2	412	206	206	206	7	139	67.48	115	55.83
70	data/reference/motifs/JASPAR2026_CORE_plants_non-redundant_pfms_meme.txt	MA2356.1	PK20555.1	CTTTW	1.00e-2	9.84e-1	9.12e2	412	206	206	206	87	205	99.51	197	95.63
71	data/reference/motifs/JASPAR2026_CORE_plants_non-redundant_pfms_meme.txt	MA2413.1	ZmbZIP96	GASACGTGKCA	2.20e-2	9.85e-1	9.13e2	190	206	206	206	2	55	26.70	37	17.96
72	data/reference/motifs/JASPAR2026_CORE_plants_non-redundant_pfms_meme.txt	MA1288.2	TCP22	GTGGGHCCCAC	3.80e-2	9.85e-1	9.13e2	111	206	206	206	2	23	11.17	12	5.83
73	data/reference/motifs/JASPAR2026_CORE_plants_non-redundant_pfms_meme.txt	MA2067.1	PK09702.1	GCACGTGR	1.11e-1	9.85e-1	9.13e2	36	206	206	206	1	22	10.68	14	6.80
74	data/reference/motifs/JASPAR2026_CORE_plants_non-redundant_pfms_meme.txt	MA2672.1	GLYMA-01G233000	AGAASCTTCT	1.38e-2	9.88e-1	9.16e2	323	206	206	206	4	59	28.64	39	18.93
75	data/reference/motifs/JASPAR2026_CORE_plants_non-redundant_pfms_meme.txt	MA0964.3	BIM1	TCACGTGA	2.39e-2	9.89e-1	9.17e2	189	206	206	206	2	105	50.97	84	40.78
76	data/reference/motifs/JASPAR2026_CORE_plants_non-redundant_pfms_meme.txt	MA0577.4	SPL3	TGTACGGA	1.59e-2	9.90e-1	9.17e2	287	206	206	206	1	154	74.76	133	64.56
77	data/reference/motifs/JASPAR2026_CORE_plants_non-redundant_pfms_meme.txt	MA1777.2	MYB74	YYYACCTAMCW	1.46e-2	9.90e-1	9.17e2	314	206	206	206	4	31	15.05	16	7.77
78	data/reference/motifs/JASPAR2026_CORE_plants_non-redundant_pfms_meme.txt	MA2500.1	LSH3	TTACTGTTCAT	1.14e-2	9.90e-1	9.18e2	401	206	206	206	2	189	91.75	173	83.98
79	data/reference/motifs/JASPAR2026_CORE_plants_non-redundant_pfms_meme.txt	MA2655.1	GLYMA-08G218600	AAAAGTCAA	1.13e-2	9.90e-1	9.18e2	412	206	206	206	8	71	34.47	49	23.79
80	data/reference/motifs/JASPAR2026_CORE_plants_non-redundant_pfms_meme.txt	MA1197.2	CAMTA1	AARCGCGTG	3.92e-2	9.91e-1	9.19e2	121	206	206	206	2	28	13.59	16	7.77
81	data/reference/motifs/JASPAR2026_CORE_plants_non-redundant_pfms_meme.txt	MA1058.2	SPL4	GTACG	1.18e-2	9.92e-1	9.20e2	412	206	206	206	39	85	41.26	62	30.10
82	data/reference/motifs/JASPAR2026_CORE_plants_non-redundant_pfms_meme.txt	MA1167.2	EFM	RGAATATTC	1.51e-2	9.93e-1	9.20e2	329	206	206	206	6	6	2.91	0	0.00
83	data/reference/motifs/JASPAR2026_CORE_plants_non-redundant_pfms_meme.txt	MA0962.2	bHLH34	GCACGTG	1.91e-2	9.93e-1	9.21e2	260	206	206	206	2	82	39.81	61	29.61
84	data/reference/motifs/JASPAR2026_CORE_plants_non-redundant_pfms_meme.txt	MA1304.2	WRKY59	AAAAGTCAAM	1.39e-2	9.93e-1	9.21e2	358	206	206	206	1	187	90.78	171	83.01
85	data/reference/motifs/JASPAR2026_CORE_plants_non-redundant_pfms_meme.txt	MA1682.2	TCX3	AAATTCAAATWT	1.24e-2	9.93e-1	9.21e2	407	206	206	206	7	88	42.72	65	31.55
86	data/reference/motifs/JASPAR2026_CORE_plants_non-redundant_pfms_meme.txt	MA0588.2	TGA1	SVTGACGT	1.35e-2	9.94e-1	9.21e2	379	206	206	206	4	78	37.86	56	27.18
87	data/reference/motifs/JASPAR2026_CORE_plants_non-redundant_pfms_meme.txt	MA1055.3	SPL1	TGTACGGA	1.54e-2	9.95e-1	9.22e2	341	206	206	206	3	85	41.26	63	30.58
88	data/reference/motifs/JASPAR2026_CORE_plants_non-redundant_pfms_meme.txt	MA1299.2	WRKY17	AAAGTCAACG	2.11e-2	9.95e-1	9.22e2	250	206	206	206	3	26	12.62	13	6.31
89	data/reference/motifs/JASPAR2026_CORE_plants_non-redundant_pfms_meme.txt	MA1320.2	SPL15	TGTACGGA	5.89e-2	9.95e-1	9.23e2	88	206	206	206	1	51	24.76	37	17.96
90	data/reference/motifs/JASPAR2026_CORE_plants_non-redundant_pfms_meme.txt	MA0955.2	POPTR_0002s00440g	GTACGG	1.33e-2	9.96e-1	9.23e2	412	206	206	206	13	93	45.15	70	33.98
91	data/reference/motifs/JASPAR2026_CORE_plants_non-redundant_pfms_meme.txt	MA1317.2	WRKY50	TTGACTTTT	1.79e-2	9.96e-1	9.23e2	311	206	206	206	5	10	4.85	2	0.97
92	data/reference/motifs/JASPAR2026_CORE_plants_non-redundant_pfms_meme.txt	MA1364.2	BHLH72	GCCACGTGG	3.82e-2	9.96e-1	9.24e2	146	206	206	206	2	39	18.93	25	12.14
93	data/reference/motifs/JASPAR2026_CORE_plants_non-redundant_pfms_meme.txt	MA0982.2	DOF2.4	AAAG	1.37e-2	9.96e-1	9.24e2	412	206	206	206	76	202	98.06	192	93.20
94	data/reference/motifs/JASPAR2026_CORE_plants_non-redundant_pfms_meme.txt	MA2659.1	GLYMA-08G281200	YTTGACTAATTAGGGTTWAKKGDT	2.46e-1	9.97e-1	9.24e2	20	206	206	206	1	12	5.83	8	3.88
95	data/reference/motifs/JASPAR2026_CORE_plants_non-redundant_pfms_meme.txt	MA1382.2	FAR1	YCACGCGCY	1.12e-1	9.97e-1	9.24e2	49	206	206	206	1	29	14.08	20	9.71
96	data/reference/motifs/JASPAR2026_CORE_plants_non-redundant_pfms_meme.txt	MA1057.2	SPL12	GTACGG	1.42e-2	9.97e-1	9.24e2	410	206	206	206	10	100	48.54	77	37.38
97	data/reference/motifs/JASPAR2026_CORE_plants_non-redundant_pfms_meme.txt	MA1745.2	BZIP63	TSACGTGG	1.91e-2	9.97e-1	9.24e2	305	206	206	206	2	110	53.40	88	42.72
98	data/reference/motifs/JASPAR2026_CORE_plants_non-redundant_pfms_meme.txt	MA0110.4	ATHB-5	CAATCATT	1.49e-2	9.98e-1	9.25e2	412	206	206	206	15	145	70.39	123	59.71
99	data/reference/motifs/JASPAR2026_CORE_plants_non-redundant_pfms_meme.txt	MA1362.2	bHLH77	DWNGBCACGTGM	4.57e-2	9.98e-1	9.25e2	135	206	206	206	2	25	12.14	14	6.80
100	data/reference/motifs/JASPAR2026_CORE_plants_non-redundant_pfms_meme.txt	MA0938.3	NAC058	TTACKTGTDNMACAAGWAA	1.01e-1	9.98e-1	9.25e2	58	206	206	206	1	34	16.50	24	11.65
101	data/reference/motifs/JASPAR2026_CORE_plants_non-redundant_pfms_meme.txt	MA1089.2	WRKY57	RGTCAA	1.51e-2	9.98e-1	9.25e2	412	206	206	206	17	206	100.00	200	97.09
102	data/reference/motifs/JASPAR2026_CORE_plants_non-redundant_pfms_meme.txt	MA2742.1	SlWRKY11	GTTGACTTTT	2.82e-2	9.98e-1	9.25e2	223	206	206	206	3	17	8.25	7	3.40
103	data/reference/motifs/JASPAR2026_CORE_plants_non-redundant_pfms_meme.txt	MA2744.1	SlWRKY40	AAAGTCAA	1.54e-2	9.98e-1	9.25e2	411	206	206	206	9	54	26.21	35	16.99
104	data/reference/motifs/JASPAR2026_CORE_plants_non-redundant_pfms_meme.txt	MA0551.2	HY5	TGMCACGTGKCA	9.08e-2	9.98e-1	9.25e2	67	206	206	206	2	39	18.93	28	13.59
105	data/reference/motifs/JASPAR2026_CORE_plants_non-redundant_pfms_meme.txt	MA1356.1	TRP2	AACCCTAAACCCTAAACCCTA	6.57e-1	9.98e-1	9.26e2	6	206	206	206	1	3	1.46	3	1.46
106	data/reference/motifs/JASPAR2026_CORE_plants_non-redundant_pfms_meme.txt	MA0566.2	MYC2	AACACGTGA	1.77e-2	9.98e-1	9.26e2	363	206	206	206	8	33	16.02	18	8.74
107	data/reference/motifs/JASPAR2026_CORE_plants_non-redundant_pfms_meme.txt	MA1273.2	DOF4.2	AAAAAGGYAAA	1.60e-2	9.98e-1	9.26e2	405	206	206	206	10	12	5.83	3	1.46
108	data/reference/motifs/JASPAR2026_CORE_plants_non-redundant_pfms_meme.txt	MA1332.2	BEH2	CACACGTGCR	2.56e-1	9.99e-1	9.26e2	22	206	206	206	1	13	6.31	9	4.37
109	data/reference/motifs/JASPAR2026_CORE_plants_non-redundant_pfms_meme.txt	MA2654.1	GLYMA-05G127600	GGTCAAC	1.60e-2	9.99e-1	9.26e2	406	206	206	206	4	176	85.44	158	76.70
110	data/reference/motifs/JASPAR2026_CORE_plants_non-redundant_pfms_meme.txt	MA1286.2	TCP24	GGGACCAC	4.31e-2	9.99e-1	9.26e2	155	206	206	206	2	35	16.99	22	10.68
111	data/reference/motifs/JASPAR2026_CORE_plants_non-redundant_pfms_meme.txt	MA1285.2	TCP9	GTGGGTCCCAC	9.34e-2	9.99e-1	9.26e2	69	206	206	206	1	40	19.42	29	14.08
112	data/reference/motifs/JASPAR2026_CORE_plants_non-redundant_pfms_meme.txt	MA1184.2	RVE1	WAAATATCT	1.86e-2	9.99e-1	9.26e2	368	206	206	206	6	18	8.74	7	3.40
113	data/reference/motifs/JASPAR2026_CORE_plants_non-redundant_pfms_meme.txt	MA2730.1	Solyc01g079480	YSACGTGKCA	2.81e-2	9.99e-1	9.26e2	246	206	206	206	1	133	64.56	113	54.85
114	data/reference/motifs/JASPAR2026_CORE_plants_non-redundant_pfms_meme.txt	MA1077.2	WRKY18	RGTCAA	1.70e-2	9.99e-1	9.26e2	408	206	206	206	5	136	66.02	114	55.34
115	data/reference/motifs/JASPAR2026_CORE_plants_non-redundant_pfms_meme.txt	MA2373.1	AZF2	ASTG	1.71e-2	9.99e-1	9.26e2	412	206	206	206	87	151	73.30	130	63.11
116	data/reference/motifs/JASPAR2026_CORE_plants_non-redundant_pfms_meme.txt	MA1282.2	TCP13	GTGGGGACCAC	8.60e-2	9.99e-1	9.26e2	79	206	206	206	2	10	4.85	4	1.94
117	data/reference/motifs/JASPAR2026_CORE_plants_non-redundant_pfms_meme.txt	MA1161.1	TSO1	WWTTWAAAATTTAAA	1.86e-2	9.99e-1	9.26e2	387	206	206	206	1	199	96.60	188	91.26
118	data/reference/motifs/JASPAR2026_CORE_plants_non-redundant_pfms_meme.txt	MA2087.1	PK24205.1	CACGTGKC	6.30e-2	9.99e-1	9.26e2	117	206	206	206	1	66	32.04	51	24.76
119	data/reference/motifs/JASPAR2026_CORE_plants_non-redundant_pfms_meme.txt	MA2743.1	SlWRKY23	AAAGTCAAM	1.83e-2	9.99e-1	9.26e2	403	206	206	206	8	15	7.28	5	2.43
120	data/reference/motifs/JASPAR2026_CORE_plants_non-redundant_pfms_meme.txt	MA1022.2	PHYPADRAFT_38837	AAAG	1.79e-2	9.99e-1	9.26e2	412	206	206	206	59	204	99.03	196	95.15
121	data/reference/motifs/JASPAR2026_CORE_plants_non-redundant_pfms_meme.txt	MA0981.2	DOF1.8	AAAG	1.79e-2	9.99e-1	9.26e2	412	206	206	206	59	204	99.03	196	95.15
122	data/reference/motifs/JASPAR2026_CORE_plants_non-redundant_pfms_meme.txt	MA2394.1	PpDof6	CTTT	1.79e-2	9.99e-1	9.26e2	412	206	206	206	59	204	99.03	196	95.15
123	data/reference/motifs/JASPAR2026_CORE_plants_non-redundant_pfms_meme.txt	MA2055.1	PK00315.1	GACAGCTR	1.85e-2	9.99e-1	9.26e2	403	206	206	206	1	205	99.51	198	96.12
124	data/reference/motifs/JASPAR2026_CORE_plants_non-redundant_pfms_meme.txt	MA1688.2	ARF16	CAAGACAAGA	1.84e-2	9.99e-1	9.27e2	410	206	206	206	7	127	61.65	105	50.97
125	data/reference/motifs/JASPAR2026_CORE_plants_non-redundant_pfms_meme.txt	MA0021.1	Dof3	AAAGYV	1.86e-2	9.99e-1	9.27e2	409	206	206	206	3	191	92.72	177	85.92
126	data/reference/motifs/JASPAR2026_CORE_plants_non-redundant_pfms_meme.txt	MA0931.2	ABI5	GMCACGTG	3.89e-2	9.99e-1	9.27e2	195	206	206	206	2	55	26.70	39	18.93
127	data/reference/motifs/JASPAR2026_CORE_plants_non-redundant_pfms_meme.txt	MA2084.1	PK23009.1	CTTTW	1.85e-2	1.00e0	9.27e2	412	206	206	206	83	80	38.83	59	28.64
128	data/reference/motifs/JASPAR2026_CORE_plants_non-redundant_pfms_meme.txt	MA2610.1	ereb97	CGCCGCCGCC	5.00e-1	1.00e0	9.27e2	11	206	206	206	3	1	0.49	0	0.00
129	data/reference/motifs/JASPAR2026_CORE_plants_non-redundant_pfms_meme.txt	MA1832.2	Zm00001d002364	CGCCGCCGCC	5.00e-1	1.00e0	9.27e2	11	206	206	206	3	1	0.49	0	0.00
130	data/reference/motifs/JASPAR2026_CORE_plants_non-redundant_pfms_meme.txt	MA1818.1	Zm00001d052229	CGCCGCCGCC	5.00e-1	1.00e0	9.27e2	11	206	206	206	3	1	0.49	0	0.00
131	data/reference/motifs/JASPAR2026_CORE_plants_non-redundant_pfms_meme.txt	MA2073.1	PK16340.1	CKTT	1.85e-2	1.00e0	9.27e2	412	206	206	206	64	205	99.51	198	96.12
132	data/reference/motifs/JASPAR2026_CORE_plants_non-redundant_pfms_meme.txt	MA1677.2	NAC078	CAAGAAA	1.86e-2	1.00e0	9.27e2	411	206	206	206	12	18	8.74	7	3.40
133	data/reference/motifs/JASPAR2026_CORE_plants_non-redundant_pfms_meme.txt	MA1024.2	HAT1	YAATCATK	1.93e-2	1.00e0	9.27e2	401	206	206	206	2	187	90.78	172	83.50
134	data/reference/motifs/JASPAR2026_CORE_plants_non-redundant_pfms_meme.txt	MA2724.1	SlTCP18	GTGGGVCCCAC	4.31e-2	1.00e0	9.27e2	181	206	206	206	3	35	16.99	22	10.68
135	data/reference/motifs/JASPAR2026_CORE_plants_non-redundant_pfms_meme.txt	MA2014.2	BAM8	CACACGTGY	4.22e-2	1.00e0	9.27e2	187	206	206	206	3	29	14.08	17	8.25
136	data/reference/motifs/JASPAR2026_CORE_plants_non-redundant_pfms_meme.txt	MA2661.1	GLYMA-03G081700	CTACGTGGCA	2.19e-2	1.00e0	9.27e2	362	206	206	206	4	75	36.41	55	26.70
137	data/reference/motifs/JASPAR2026_CORE_plants_non-redundant_pfms_meme.txt	MA2498.1	LSH1	AAACAGTG	1.98e-2	1.00e0	9.27e2	411	206	206	206	6	143	69.42	122	59.22
138	data/reference/motifs/JASPAR2026_CORE_plants_non-redundant_pfms_meme.txt	MA1821.2	Zm00001d020595	GGCGGCGGCG	6.38e-1	1.00e0	9.27e2	8	206	206	206	1	4	1.94	4	1.94
139	data/reference/motifs/JASPAR2026_CORE_plants_non-redundant_pfms_meme.txt	MA2728.1	SolycHsfC1	RGAAGTTTCTAG	3.10e-2	1.00e0	9.27e2	263	206	206	206	3	30	14.56	17	8.25
140	data/reference/motifs/JASPAR2026_CORE_plants_non-redundant_pfms_meme.txt	MA1181.2	MYB113	AKTYMGTTAT	2.05e-2	1.00e0	9.27e2	399	206	206	206	2	190	92.23	176	85.44
141	data/reference/motifs/JASPAR2026_CORE_plants_non-redundant_pfms_meme.txt	MA2006.2	NAC020	GGTTGCKTGTDNMACAAGTAA	1.97e-1	1.00e0	9.27e2	38	206	206	206	1	22	10.68	16	7.77
142	data/reference/motifs/JASPAR2026_CORE_plants_non-redundant_pfms_meme.txt	MA1025.2	HBI1	GCACGTG	2.69e-2	1.00e0	9.27e2	313	206	206	206	5	24	11.65	12	5.83
143	data/reference/motifs/JASPAR2026_CORE_plants_non-redundant_pfms_meme.txt	MA2611.1	ereb209	GCGCCGC	8.14e-1	1.00e0	9.27e2	5	206	206	206	1	2	0.97	3	1.46
144	data/reference/motifs/JASPAR2026_CORE_plants_non-redundant_pfms_meme.txt	MA0020.2	Dof2	AAAGC	2.05e-2	1.00e0	9.27e2	412	206	206	206	20	30	14.56	16	7.77
145	data/reference/motifs/JASPAR2026_CORE_plants_non-redundant_pfms_meme.txt	MA0064.1	PBF	AAAGY	2.05e-2	1.00e0	9.27e2	412	206	206	206	20	30	14.56	16	7.77
146	data/reference/motifs/JASPAR2026_CORE_plants_non-redundant_pfms_meme.txt	MA0569.2	MYC4	CACGTGC	3.06e-2	1.00e0	9.27e2	277	206	206	206	4	48	23.30	32	15.53
147	data/reference/motifs/JASPAR2026_CORE_plants_non-redundant_pfms_meme.txt	MA2473.1	HB88	TTGATTG	2.14e-2	1.00e0	9.27e2	412	206	206	206	17	137	66.50	116	56.31
148	data/reference/motifs/JASPAR2026_CORE_plants_non-redundant_pfms_meme.txt	MA1064.2	TCP2	TGGKMCCA	2.27e-2	1.00e0	9.27e2	389	206	206	206	14	65	31.55	46	22.33
149	data/reference/motifs/JASPAR2026_CORE_plants_non-redundant_pfms_meme.txt	MA2740.1	SlTCP15	GTGGGACCCA	3.38e-2	1.00e0	9.27e2	261	206	206	206	8	7	3.40	1	0.49
150	data/reference/motifs/JASPAR2026_CORE_plants_non-redundant_pfms_meme.txt	MA2472.1	AT3G12910	YGSCGTVRWDDHBACGK	2.03e-1	1.00e0	9.27e2	40	206	206	206	1	23	11.17	17	8.25
151	data/reference/motifs/JASPAR2026_CORE_plants_non-redundant_pfms_meme.txt	MA2460.1	MGH6.1	YGSCGTVRWDDHBACGK	2.03e-1	1.00e0	9.27e2	40	206	206	206	1	23	11.17	17	8.25
152	data/reference/motifs/JASPAR2026_CORE_plants_non-redundant_pfms_meme.txt	MA2358.1	PK22320.1	GTACGG	2.25e-2	1.00e0	9.27e2	404	206	206	206	11	31	15.05	17	8.25
153	data/reference/motifs/JASPAR2026_CORE_plants_non-redundant_pfms_meme.txt	MA0571.2	ANT	GCACRRWTCCCVAKGY	2.79e-1	1.00e0	9.27e2	28	206	206	206	1	16	7.77	12	5.83
154	data/reference/motifs/JASPAR2026_CORE_plants_non-redundant_pfms_meme.txt	MA1047.3	TGA5	ATGACGTCA	2.90e-2	1.00e0	9.27e2	317	206	206	206	4	64	31.07	46	22.33
155	data/reference/motifs/JASPAR2026_CORE_plants_non-redundant_pfms_meme.txt	MA2023.2	PHL4	RGAATATTCC	4.81e-2	1.00e0	9.27e2	192	206	206	206	3	31	15.05	19	9.22
156	data/reference/motifs/JASPAR2026_CORE_plants_non-redundant_pfms_meme.txt	MA2372.1	AZF1	WCACTVWCW	2.25e-2	1.00e0	9.27e2	411	206	206	206	11	31	15.05	17	8.25
157	data/reference/motifs/JASPAR2026_CORE_plants_non-redundant_pfms_meme.txt	MA1044.2	NAC92	RCAMGCCA	2.27e-2	1.00e0	9.27e2	411	206	206	206	12	77	37.38	57	27.67
158	data/reference/motifs/JASPAR2026_CORE_plants_non-redundant_pfms_meme.txt	MA1361.2	bHLH18	CRCGTKWWHCACGTG	8.87e-2	1.00e0	9.27e2	107	206	206	206	1	60	29.13	47	22.82
159	data/reference/motifs/JASPAR2026_CORE_plants_non-redundant_pfms_meme.txt	MA2657.1	GLYMA-14G028900	AAAAGTCAAA	2.37e-2	1.00e0	9.27e2	400	206	206	206	4	103	50.00	82	39.81
160	data/reference/motifs/JASPAR2026_CORE_plants_non-redundant_pfms_meme.txt	MA2049.2	NAC053	CAAGAAA	2.32e-2	1.00e0	9.27e2	410	206	206	206	11	16	7.77	6	2.91
161	data/reference/motifs/JASPAR2026_CORE_plants_non-redundant_pfms_meme.txt	MA1214.2	ATHB-40	ACCAATAATTG	2.65e-2	1.00e0	9.27e2	360	206	206	206	1	187	90.78	173	83.98
162	data/reference/motifs/JASPAR2026_CORE_plants_non-redundant_pfms_meme.txt	MA1402.1	BPC6	CTCTCTCTCTCTCTCTCTCTC	1.86e-1	1.00e0	9.27e2	47	206	206	206	14	4	1.94	1	0.49
163	data/reference/motifs/JASPAR2026_CORE_plants_non-redundant_pfms_meme.txt	MA1287.2	TCP21	GTGGGMCCCAC	6.70e-2	1.00e0	9.27e2	147	206	206	206	2	31	15.05	20	9.71
164	data/reference/motifs/JASPAR2026_CORE_plants_non-redundant_pfms_meme.txt	MA1071.2	DOF5.3	AAMG	2.42e-2	1.00e0	9.27e2	412	206	206	206	144	118	57.28	97	47.09
165	data/reference/motifs/JASPAR2026_CORE_plants_non-redundant_pfms_meme.txt	MA0965.3	BIM2	CACGTG	3.45e-2	1.00e0	9.27e2	294	206	206	206	4	90	43.69	71	34.47
166	data/reference/motifs/JASPAR2026_CORE_plants_non-redundant_pfms_meme.txt	MA2380.1	DOF4.7	TWACTTTTT	2.47e-2	1.00e0	9.27e2	411	206	206	206	9	82	39.81	62	30.10
167	data/reference/motifs/JASPAR2026_CORE_plants_non-redundant_pfms_meme.txt	MA1158.2	MGP	AAAACGACAAAAA	5.00e-2	1.00e0	9.27e2	209	206	206	206	2	38	18.45	25	12.14
168	data/reference/motifs/JASPAR2026_CORE_plants_non-redundant_pfms_meme.txt	MA2608.1	glk53	AAGGAATATTCTTT	3.05e-2	1.00e0	9.27e2	345	206	206	206	9	5	2.43	0	0.00
169	data/reference/motifs/JASPAR2026_CORE_plants_non-redundant_pfms_meme.txt	MA2421.1	SBP8	ARGTACAA	2.65e-2	1.00e0	9.27e2	398	206	206	206	7	33	16.02	19	9.22
170	data/reference/motifs/JASPAR2026_CORE_plants_non-redundant_pfms_meme.txt	MA2375.1	BMY2	SRCACGTGTGR	1.44e-1	1.00e0	9.27e2	68	206	206	206	2	21	10.19	14	6.80
171	data/reference/motifs/JASPAR2026_CORE_plants_non-redundant_pfms_meme.txt	MA1284.2	TCP1	GTGGGCCCCAC	1.11e-1	1.00e0	9.27e2	91	206	206	206	2	22	10.68	14	6.80
172	data/reference/motifs/JASPAR2026_CORE_plants_non-redundant_pfms_meme.txt	MA2739.1	SlTCP12	GTGGGACCCAC	6.09e-2	1.00e0	9.27e2	178	206	206	206	7	6	2.91	1	0.49
173	data/reference/motifs/JASPAR2026_CORE_plants_non-redundant_pfms_meme.txt	MA2391.1	Lg3	TGACRKC	2.66e-2	1.00e0	9.27e2	408	206	206	206	2	203	98.54	195	94.66
174	data/reference/motifs/JASPAR2026_CORE_plants_non-redundant_pfms_meme.txt	MA2347.1	OS04G0486400	TAACC	2.66e-2	1.00e0	9.27e2	412	206	206	206	34	203	98.54	195	94.66
175	data/reference/motifs/JASPAR2026_CORE_plants_non-redundant_pfms_meme.txt	MA2441.1	SPL3A	AGCGGTACTACC	5.70e-2	1.00e0	9.27e2	193	206	206	206	1	105	50.97	88	42.72
176	data/reference/motifs/JASPAR2026_CORE_plants_non-redundant_pfms_meme.txt	MA1065.3	TCP20	GTGGGWCCCAC	7.75e-2	1.00e0	9.27e2	143	206	206	206	4	17	8.25	9	4.37
177	data/reference/motifs/JASPAR2026_CORE_plants_non-redundant_pfms_meme.txt	MA0128.1	EmBP-1	ASACGTGG	3.68e-2	1.00e0	9.27e2	303	206	206	206	1	160	77.67	143	69.42
178	data/reference/motifs/JASPAR2026_CORE_plants_non-redundant_pfms_meme.txt	MA2645.1	GLYMA-16G042900	GGTTGCKTSTTCHASAAGYWA	2.51e-1	1.00e0	9.27e2	39	206	206	206	1	22	10.68	17	8.25
179	data/reference/motifs/JASPAR2026_CORE_plants_non-redundant_pfms_meme.txt	MA1333.2	BEH3	YGCACGTGTG	2.17e-1	1.00e0	9.27e2	46	206	206	206	1	26	12.62	20	9.71
180	data/reference/motifs/JASPAR2026_CORE_plants_non-redundant_pfms_meme.txt	MA1360.3	bHLH74	CACGTG	4.67e-2	1.00e0	9.27e2	242	206	206	206	3	52	25.24	37	17.96
181	data/reference/motifs/JASPAR2026_CORE_plants_non-redundant_pfms_meme.txt	MA1322.3	SPL9	TCCGTAC	3.00e-2	1.00e0	9.27e2	378	206	206	206	3	122	59.22	102	49.51
182	data/reference/motifs/JASPAR2026_CORE_plants_non-redundant_pfms_meme.txt	MA1788.1	NAC054	CTTGTNNHACACGYHAYCT	2.25e-1	1.00e0	9.27e2	45	206	206	206	2	5	2.43	2	0.97
183	data/reference/motifs/JASPAR2026_CORE_plants_non-redundant_pfms_meme.txt	MA0970.2	CAMTA3	CCGCGT	3.01e-2	1.00e0	9.27e2	382	206	206	206	9	21	10.19	10	4.85
184	data/reference/motifs/JASPAR2026_CORE_plants_non-redundant_pfms_meme.txt	MA1166.2	PHL12	AARRGAATATTC	6.09e-2	1.00e0	9.27e2	192	206	206	206	4	6	2.91	1	0.49
185	data/reference/motifs/JASPAR2026_CORE_plants_non-redundant_pfms_meme.txt	MA1079.3	WRKY21	AAAAGTCAACG	4.36e-2	1.00e0	9.27e2	269	206	206	206	4	10	4.85	3	1.46
186	data/reference/motifs/JASPAR2026_CORE_plants_non-redundant_pfms_meme.txt	MA0550.3	BZR1	CRCACGTGYR	1.92e-1	1.00e0	9.27e2	55	206	206	206	1	31	15.05	24	11.65
187	data/reference/motifs/JASPAR2026_CORE_plants_non-redundant_pfms_meme.txt	MA2382.1	e_gw1.209.40.1	CACGTG	3.03e-2	1.00e0	9.27e2	390	206	206	206	6	146	70.87	127	61.65
188	data/reference/motifs/JASPAR2026_CORE_plants_non-redundant_pfms_meme.txt	MA2405.1	OsMSL08	GTAAAW	2.88e-2	1.00e0	9.27e2	412	206	206	206	21	201	97.57	192	93.20
189	data/reference/motifs/JASPAR2026_CORE_plants_non-redundant_pfms_meme.txt	MA2345.1	OS02G0104500	GTAAAW	2.88e-2	1.00e0	9.27e2	412	206	206	206	36	201	97.57	192	93.20
190	data/reference/motifs/JASPAR2026_CORE_plants_non-redundant_pfms_meme.txt	MA1427.3	NAC028	CAAGTAA	2.90e-2	1.00e0	9.27e2	412	206	206	206	11	97	47.09	77	37.38
191	data/reference/motifs/JASPAR2026_CORE_plants_non-redundant_pfms_meme.txt	MA0960.1	BHLH104	GGCACGTGCC	3.12e-1	1.00e0	9.27e2	32	206	206	206	4	3	1.46	1	0.49
192	data/reference/motifs/JASPAR2026_CORE_plants_non-redundant_pfms_meme.txt	MA1276.2	DOF3.5	AWAAAGK	2.96e-2	1.00e0	9.27e2	409	206	206	206	6	101	49.03	81	39.32
193	data/reference/motifs/JASPAR2026_CORE_plants_non-redundant_pfms_meme.txt	MA1385.2	AT2G40260	AAHATTCTYT	3.07e-2	1.00e0	9.27e2	400	206	206	206	5	80	38.83	61	29.61
194	data/reference/motifs/JASPAR2026_CORE_plants_non-redundant_pfms_meme.txt	MA1791.1	NAC087	TTDCTTGTNNNACACGYWA	2.23e-1	1.00e0	9.27e2	49	206	206	206	2	10	4.85	6	2.91
195	data/reference/motifs/JASPAR2026_CORE_plants_non-redundant_pfms_meme.txt	MA2046.2	NAC035	CACGGCA	3.10e-2	1.00e0	9.27e2	400	206	206	206	12	9	4.37	2	0.97
196	data/reference/motifs/JASPAR2026_CORE_plants_non-redundant_pfms_meme.txt	MA1157.2	NUC	TTTTGTCGTTTT	4.63e-2	1.00e0	9.27e2	269	206	206	206	2	62	30.10	46	22.33
197	data/reference/motifs/JASPAR2026_CORE_plants_non-redundant_pfms_meme.txt	MA2018.2	NAC69	ACAAGGCA	3.05e-2	1.00e0	9.27e2	409	206	206	206	13	5	2.43	0	0.00
198	data/reference/motifs/JASPAR2026_CORE_plants_non-redundant_pfms_meme.txt	MA0959.1	AIB	GCACGTGC	7.75e-2	1.00e0	9.27e2	161	206	206	206	6	17	8.25	9	4.37
199	data/reference/motifs/JASPAR2026_CORE_plants_non-redundant_pfms_meme.txt	MA1336.2	TGA3	RTGACGTCAKC	1.54e-1	1.00e0	9.27e2	75	206	206	206	1	42	20.39	33	16.02
200	data/reference/motifs/JASPAR2026_CORE_plants_non-redundant_pfms_meme.txt	MA0983.2	DOF5.6	AAMG	3.05e-2	1.00e0	9.27e2	412	206	206	206	29	185	89.81	171	83.01
201	data/reference/motifs/JASPAR2026_CORE_plants_non-redundant_pfms_meme.txt	MA0988.2	PHYPADRAFT_143875	CACGTG	3.30e-2	1.00e0	9.27e2	380	206	206	206	14	26	12.62	14	6.80
202	data/reference/motifs/JASPAR2026_CORE_plants_non-redundant_pfms_meme.txt	MA1280.2	DOF5.4	AAAAAGK	3.05e-2	1.00e0	9.27e2	412	206	206	206	18	5	2.43	0	0.00
203	data/reference/motifs/JASPAR2026_CORE_plants_non-redundant_pfms_meme.txt	MA0563.2	SEP3	CYWTTTTTGG	3.05e-2	1.00e0	9.27e2	412	206	206	206	21	5	2.43	0	0.00
204	data/reference/motifs/JASPAR2026_CORE_plants_non-redundant_pfms_meme.txt	MA2379.1	DOF3.1	CKTT	3.05e-2	1.00e0	9.27e2	412	206	206	206	82	206	100.00	201	97.57
205	data/reference/motifs/JASPAR2026_CORE_plants_non-redundant_pfms_meme.txt	MA2090.1	PK26523.1	ATTCY	3.07e-2	1.00e0	9.27e2	412	206	206	206	42	80	38.83	61	29.61
206	data/reference/motifs/JASPAR2026_CORE_plants_non-redundant_pfms_meme.txt	MA2650.1	GLYMA-05G027400	GTGGGCCCCAC	8.74e-2	1.00e0	9.27e2	145	206	206	206	4	7	3.40	2	0.97
207	data/reference/motifs/JASPAR2026_CORE_plants_non-redundant_pfms_meme.txt	MA2045.2	NAC031	TTRCKTGTWNHACAAGTWA	1.23e-1	1.00e0	9.27e2	97	206	206	206	1	54	26.21	43	20.87
208	data/reference/motifs/JASPAR2026_CORE_plants_non-redundant_pfms_meme.txt	MA1086.2	WRKY43	RGTCAA	3.10e-2	1.00e0	9.27e2	412	206	206	206	20	204	99.03	197	95.63
209	data/reference/motifs/JASPAR2026_CORE_plants_non-redundant_pfms_meme.txt	MA2105.1	GLYMA-13G317000	ACACGT	3.85e-2	1.00e0	9.27e2	332	206	206	206	4	65	31.55	48	23.30
210	data/reference/motifs/JASPAR2026_CORE_plants_non-redundant_pfms_meme.txt	MA1331.2	BEH4	YGCACGTGTG	3.75e-1	1.00e0	9.27e2	28	206	206	206	2	6	2.91	4	1.94
211	data/reference/motifs/JASPAR2026_CORE_plants_non-redundant_pfms_meme.txt	MA2434.1	SPL16A	AGCGGTAGTAC	5.48e-2	1.00e0	9.27e2	241	206	206	206	1	129	62.62	112	54.37
212	data/reference/motifs/JASPAR2026_CORE_plants_non-redundant_pfms_meme.txt	MA1088.2	WRKY48	GTCAA	3.21e-2	1.00e0	9.27e2	412	206	206	206	34	179	86.89	164	79.61
213	data/reference/motifs/JASPAR2026_CORE_plants_non-redundant_pfms_meme.txt	MA0949.2	ARR2	MGWATCTT	3.41e-2	1.00e0	9.27e2	394	206	206	206	8	22	10.68	11	5.34
214	data/reference/motifs/JASPAR2026_CORE_plants_non-redundant_pfms_meme.txt	MA0586.3	SPL14	TCCGTAC	1.16e-1	1.00e0	9.27e2	116	206	206	206	2	17	8.25	10	4.85
215	data/reference/motifs/JASPAR2026_CORE_plants_non-redundant_pfms_meme.txt	MA2076.1	PK18401.1	GCACGTGG	4.24e-2	1.00e0	9.27e2	318	206	206	206	3	88	42.72	70	33.98
216	data/reference/motifs/JASPAR2026_CORE_plants_non-redundant_pfms_meme.txt	MA2392.1	GRMZM2G135447	TGACRKS	3.38e-2	1.00e0	9.27e2	403	206	206	206	15	7	3.40	1	0.49
217	data/reference/motifs/JASPAR2026_CORE_plants_non-redundant_pfms_meme.txt	MA1290.1	TCP17	GTGGTCCCCAC	9.85e-2	1.00e0	9.27e2	139	206	206	206	2	20	9.71	12	5.83
218	data/reference/motifs/JASPAR2026_CORE_plants_non-redundant_pfms_meme.txt	MA1755.2	GATA4	GATC	3.38e-2	1.00e0	9.27e2	412	206	206	206	32	205	99.51	199	96.60
219	data/reference/motifs/JASPAR2026_CORE_plants_non-redundant_pfms_meme.txt	MA0565.3	FUS3	ACATGCA	6.23e-2	1.00e0	9.27e2	224	206	206	206	3	24	11.65	14	6.80
220	data/reference/motifs/JASPAR2026_CORE_plants_non-redundant_pfms_meme.txt	MA1348.1	TGA9	GMTGACGTCAY	1.61e-1	1.00e0	9.27e2	80	206	206	206	2	11	5.34	6	2.91
221	data/reference/motifs/JASPAR2026_CORE_plants_non-redundant_pfms_meme.txt	MA0589.2	WRKY1	TTGACCGAGY	6.96e-2	1.00e0	9.27e2	202	206	206	206	1	109	52.91	93	45.15
222	data/reference/motifs/JASPAR2026_CORE_plants_non-redundant_pfms_meme.txt	MA2649.1	GLYMA-08G271900	TGCACATG	3.51e-2	1.00e0	9.27e2	402	206	206	206	5	133	64.56	114	55.34
223	data/reference/motifs/JASPAR2026_CORE_plants_non-redundant_pfms_meme.txt	MA1416.1	RAMOSA1	GAGAGAGAGAGAGA	1.24e-1	1.00e0	9.27e2	115	206	206	206	20	3	1.46	0	0.00
224	data/reference/motifs/JASPAR2026_CORE_plants_non-redundant_pfms_meme.txt	MA1241.2	ERF043	CCACCGACA	2.06e-1	1.00e0	9.27e2	63	206	206	206	1	35	16.99	28	13.59
225	data/reference/motifs/JASPAR2026_CORE_plants_non-redundant_pfms_meme.txt	MA1350.1	BZIP42	TGCTGACGTGGC	5.00e-1	1.00e0	9.27e2	21	206	206	206	1	11	5.34	10	4.85
226	data/reference/motifs/JASPAR2026_CORE_plants_non-redundant_pfms_meme.txt	MA1673.2	LBD18	GCCGGAAA	3.85e-2	1.00e0	9.27e2	381	206	206	206	6	65	31.55	48	23.30
227	data/reference/motifs/JASPAR2026_CORE_plants_non-redundant_pfms_meme.txt	MA2410.1	ZmbZIP54	TGACGTCA	4.11e-2	1.00e0	9.27e2	357	206	206	206	8	48	23.30	33	16.02
228	data/reference/motifs/JASPAR2026_CORE_plants_non-redundant_pfms_meme.txt	MA2344.1	REV	AATMATCATTATTA	3.82e-2	1.00e0	9.27e2	384	206	206	206	1	197	95.63	187	90.78
229	data/reference/motifs/JASPAR2026_CORE_plants_non-redundant_pfms_meme.txt	MA1248.2	ERF012	CCACCGMC	8.23e-2	1.00e0	9.27e2	181	206	206	206	1	98	47.57	83	40.29
230	data/reference/motifs/JASPAR2026_CORE_plants_non-redundant_pfms_meme.txt	MA1026.3	ATHB-15	AWDRTAATGATKA	4.67e-2	1.00e0	9.27e2	323	206	206	206	1	169	82.04	154	74.76
231	data/reference/motifs/JASPAR2026_CORE_plants_non-redundant_pfms_meme.txt	MA1802.2	TRP5	WAAACCY	3.68e-2	1.00e0	9.27e2	412	206	206	206	35	63	30.58	46	22.33
232	data/reference/motifs/JASPAR2026_CORE_plants_non-redundant_pfms_meme.txt	MA2354.1	PK06182.1	TACCTACC	4.45e-2	1.00e0	9.27e2	343	206	206	206	6	13	6.31	5	2.43
233	data/reference/motifs/JASPAR2026_CORE_plants_non-redundant_pfms_meme.txt	MA0974.3	CDF3	AAAAAGTG	3.75e-2	1.00e0	9.27e2	412	206	206	206	8	104	50.49	85	41.26
234	data/reference/motifs/JASPAR2026_CORE_plants_non-redundant_pfms_meme.txt	MA2461.1	WOX13	TTGATTGA	3.78e-2	1.00e0	9.27e2	412	206	206	206	6	168	81.55	152	73.79
235	data/reference/motifs/JASPAR2026_CORE_plants_non-redundant_pfms_meme.txt	MA1067.1	TCP5	GGGACCAC	1.08e-1	1.00e0	9.27e2	145	206	206	206	1	79	38.35	66	32.04
236	data/reference/motifs/JASPAR2026_CORE_plants_non-redundant_pfms_meme.txt	MA1412.2	TSAR2	GCACGTGC	1.14e-1	1.00e0	9.27e2	138	206	206	206	6	12	5.83	6	2.91
237	data/reference/motifs/JASPAR2026_CORE_plants_non-redundant_pfms_meme.txt	MA0567.1	ERF1B	MGCCGCCA	6.75e-2	1.00e0	9.27e2	236	206	206	206	1	126	61.17	110	53.40
238	data/reference/motifs/JASPAR2026_CORE_plants_non-redundant_pfms_meme.txt	MA0590.1	LFY	YATTRACCGSCGGTYAATR	5.00e-1	1.00e0	9.27e2	23	206	206	206	2	12	5.83	11	5.34
239	data/reference/motifs/JASPAR2026_CORE_plants_non-redundant_pfms_meme.txt	MA1764.2	MYB116	TGCCTAACTT	8.60e-2	1.00e0	9.27e2	186	206	206	206	3	10	4.85	4	1.94
240	data/reference/motifs/JASPAR2026_CORE_plants_non-redundant_pfms_meme.txt	MA1313.2	WRKY7	CGTTGACTTTT	1.24e-1	1.00e0	9.27e2	129	206	206	206	3	3	1.46	0	0.00
241	data/reference/motifs/JASPAR2026_CORE_plants_non-redundant_pfms_meme.txt	MA1758.2	HSFA1E	AGAAGCTTCTAGAA	1.37e-1	1.00e0	9.27e2	117	206	206	206	1	64	31.07	53	25.73
242	data/reference/motifs/JASPAR2026_CORE_plants_non-redundant_pfms_meme.txt	MA0573.2	ATHB-9	GTAATGATTRCDYBS	5.95e-1	1.00e0	9.27e2	18	206	206	206	1	9	4.37	9	4.37
243	data/reference/motifs/JASPAR2026_CORE_plants_non-redundant_pfms_meme.txt	MA2731.1	sep3	WTTTCCAAAAAGGGAAAAAAW	2.75e-1	1.00e0	9.27e2	51	206	206	206	1	28	13.59	23	11.17
244	data/reference/motifs/JASPAR2026_CORE_plants_non-redundant_pfms_meme.txt	MA1834.2	Zm00001d034298	CCACGCG	4.20e-2	1.00e0	9.27e2	391	206	206	206	6	87	42.23	69	33.50
245	data/reference/motifs/JASPAR2026_CORE_plants_non-redundant_pfms_meme.txt	MA1098.1	ARALYDRAFT_484486	GGSCCCAC	8.48e-2	1.00e0	9.27e2	195	206	206	206	3	18	8.74	10	4.85
246	data/reference/motifs/JASPAR2026_CORE_plants_non-redundant_pfms_meme.txt	MA1095.1	ARALYDRAFT_495258	GGSCCCAC	8.48e-2	1.00e0	9.27e2	195	206	206	206	3	18	8.74	10	4.85
247	data/reference/motifs/JASPAR2026_CORE_plants_non-redundant_pfms_meme.txt	MA1220.2	TINY	YCACCGACA	1.24e-1	1.00e0	9.27e2	134	206	206	206	4	3	1.46	0	0.00
248	data/reference/motifs/JASPAR2026_CORE_plants_non-redundant_pfms_meme.txt	MA2664.1	GLYMA-03G162700	GGYGGYGGCGGCGGMGGCGGYGG	5.00e-1	1.00e0	9.27e2	24	206	206	206	3	9	4.37	8	3.88
249	data/reference/motifs/JASPAR2026_CORE_plants_non-redundant_pfms_meme.txt	MA2009.2	NAC010	TAACTTGTDNHACAAGTTACC	3.65e-1	1.00e0	9.27e2	37	206	206	206	1	20	9.71	17	8.25
250	data/reference/motifs/JASPAR2026_CORE_plants_non-redundant_pfms_meme.txt	MA1665.3	HSFB2A	RGAAGSTTCY	6.16e-2	1.00e0	9.27e2	274	206	206	206	7	4	1.94	0	0.00
251	data/reference/motifs/JASPAR2026_CORE_plants_non-redundant_pfms_meme.txt	MA2343.1	MYB3R3	CGCCGTTA	4.28e-2	1.00e0	9.27e2	396	206	206	206	4	135	65.53	117	56.80
252	data/reference/motifs/JASPAR2026_CORE_plants_non-redundant_pfms_meme.txt	MA2033.2	NAC038	TTDCKTGTDNHACAAGTWA	2.78e-1	1.00e0	9.27e2	53	206	206	206	1	29	14.08	24	11.65
253	data/reference/motifs/JASPAR2026_CORE_plants_non-redundant_pfms_meme.txt	MA2396.1	IDD1	TTTTGTCGTTTT	7.36e-2	1.00e0	9.27e2	238	206	206	206	2	50	24.27	37	17.96
254	data/reference/motifs/JASPAR2026_CORE_plants_non-redundant_pfms_meme.txt	MA1198.2	HAT2	YAATCATT	4.32e-2	1.00e0	9.27e2	407	206	206	206	2	196	95.15	186	90.29
255	data/reference/motifs/JASPAR2026_CORE_plants_non-redundant_pfms_meme.txt	MA2651.1	GLYMA-20G154400	GGGCCCCAC	7.10e-2	1.00e0	9.27e2	248	206	206	206	4	26	12.62	16	7.77
256	data/reference/motifs/JASPAR2026_CORE_plants_non-redundant_pfms_meme.txt	MA1039.1	MYB4	GGTWGGTR	4.33e-2	1.00e0	9.27e2	411	206	206	206	10	59	28.64	43	20.87
257	data/reference/motifs/JASPAR2026_CORE_plants_non-redundant_pfms_meme.txt	MA0570.3	ABF1	ACACGTGKCA	6.64e-2	1.00e0	9.27e2	271	206	206	206	3	46	22.33	33	16.02
258	data/reference/motifs/JASPAR2026_CORE_plants_non-redundant_pfms_meme.txt	MA2604.1	dof22	ACTTTTAC	4.45e-2	1.00e0	9.27e2	412	206	206	206	8	201	97.57	193	93.69
259	data/reference/motifs/JASPAR2026_CORE_plants_non-redundant_pfms_meme.txt	MA2667.1	GLYMA-13G236500	ACGACGGCGGAG	1.13e-1	1.00e0	9.27e2	163	206	206	206	1	88	42.72	75	36.41
260	data/reference/motifs/JASPAR2026_CORE_plants_non-redundant_pfms_meme.txt	MA1316.2	WRKY71	AAAAGTCAAC	6.76e-2	1.00e0	9.27e2	274	206	206	206	4	12	5.83	5	2.43
261	data/reference/motifs/JASPAR2026_CORE_plants_non-redundant_pfms_meme.txt	MA2622.1	hb34	CAATAATTG	4.53e-2	1.00e0	9.27e2	412	206	206	206	13	61	29.61	45	21.84
262	data/reference/motifs/JASPAR2026_CORE_plants_non-redundant_pfms_meme.txt	MA2051.2	NAC68	ACAAGTAW	4.56e-2	1.00e0	9.27e2	412	206	206	206	8	177	85.92	163	79.13
263	data/reference/motifs/JASPAR2026_CORE_plants_non-redundant_pfms_meme.txt	MA1349.2	BZIP16	HSACGTGGCA	2.22e-1	1.00e0	9.27e2	75	206	206	206	1	41	19.90	34	16.50
264	data/reference/motifs/JASPAR2026_CORE_plants_non-redundant_pfms_meme.txt	MA1096.1	ARALYDRAFT_496250	GGGACCAC	2.22e-1	1.00e0	9.27e2	75	206	206	206	1	41	19.90	34	16.50
265	data/reference/motifs/JASPAR2026_CORE_plants_non-redundant_pfms_meme.txt	MA1346.2	TGA10	GMTGACGTCA	1.27e-1	1.00e0	9.27e2	149	206	206	206	2	33	16.02	24	11.65
266	data/reference/motifs/JASPAR2026_CORE_plants_non-redundant_pfms_meme.txt	MA1810.2	GLYMA-08G357600	ATGCATGCA	5.31e-2	1.00e0	9.27e2	358	206	206	206	10	27	13.11	16	7.77
267	data/reference/motifs/JASPAR2026_CORE_plants_non-redundant_pfms_meme.txt	MA2647.1	GLYMA-12G226000	AAGTACAA	4.64e-2	1.00e0	9.27e2	411	206	206	206	8	120	58.25	102	49.51
268	data/reference/motifs/JASPAR2026_CORE_plants_non-redundant_pfms_meme.txt	MA1013.1	GATA10	TAGATCTG	9.08e-2	1.00e0	9.27e2	212	206	206	206	4	39	18.93	28	13.59
269	data/reference/motifs/JASPAR2026_CORE_plants_non-redundant_pfms_meme.txt	MA1260.2	ERF013	TGTCGGTGG	1.63e-1	1.00e0	9.27e2	118	206	206	206	1	64	31.07	54	26.21
270	data/reference/motifs/JASPAR2026_CORE_plants_non-redundant_pfms_meme.txt	MA0549.2	BZR2	RCACGTGKSV	1.78e-1	1.00e0	9.27e2	99	206	206	206	1	54	26.21	45	21.84
271	data/reference/motifs/JASPAR2026_CORE_plants_non-redundant_pfms_meme.txt	MA1819.2	Zm00001d005892	CGCCGCCG	9.99e-2	1.00e0	9.27e2	198	206	206	206	1	106	51.46	92	44.66
272	data/reference/motifs/JASPAR2026_CORE_plants_non-redundant_pfms_meme.txt	MA1011.2	PHYPADRAFT_72483	CACGTG	4.82e-2	1.00e0	9.27e2	411	206	206	206	14	158	76.70	142	68.93
273	data/reference/motifs/JASPAR2026_CORE_plants_non-redundant_pfms_meme.txt	MA2070.1	PK15337.1	CTTT	4.82e-2	1.00e0	9.27e2	412	206	206	206	150	79	38.35	62	30.10
274	data/reference/motifs/JASPAR2026_CORE_plants_non-redundant_pfms_meme.txt	MA2723.1	Solyc06g060230	ACACGTCTCT	5.19e-2	1.00e0	9.27e2	385	206	206	206	5	56	27.18	41	19.90
275	data/reference/motifs/JASPAR2026_CORE_plants_non-redundant_pfms_meme.txt	MA2068.1	PK10344.1	GGGACCAC	2.08e-1	1.00e0	9.27e2	86	206	206	206	2	9	4.37	5	2.43
276	data/reference/motifs/JASPAR2026_CORE_plants_non-redundant_pfms_meme.txt	MA2738.1	Cnr	TCCGTACAAA	5.13e-2	1.00e0	9.27e2	392	206	206	206	3	138	66.99	121	58.74
277	data/reference/motifs/JASPAR2026_CORE_plants_non-redundant_pfms_meme.txt	MA1210.3	HAT22	CAATAATTG	4.94e-2	1.00e0	9.27e2	412	206	206	206	4	191	92.72	180	87.38
278	data/reference/motifs/JASPAR2026_CORE_plants_non-redundant_pfms_meme.txt	MA2445.1	SPL4D	GGTACTACCGCT	1.00e-1	1.00e0	9.27e2	206	206	206	206	1	110	53.40	96	46.60
279	data/reference/motifs/JASPAR2026_CORE_plants_non-redundant_pfms_meme.txt	MA1062.3	TCP15	GTGGGWCCCAC	1.46e-1	1.00e0	9.27e2	141	206	206	206	4	15	7.28	9	4.37
280	data/reference/motifs/JASPAR2026_CORE_plants_non-redundant_pfms_meme.txt	MA1380.1	TCX6	WTTTAAATTTTTWAA	5.49e-2	1.00e0	9.27e2	385	206	206	206	1	197	95.63	188	91.26
281	data/reference/motifs/JASPAR2026_CORE_plants_non-redundant_pfms_meme.txt	MA2670.1	GLYMA-15G168800	CAATGATTG	6.17e-2	1.00e0	9.27e2	343	206	206	206	6	15	7.28	7	3.40
282	data/reference/motifs/JASPAR2026_CORE_plants_non-redundant_pfms_meme.txt	MA1081.3	WRKY25	RGTCAACG	5.63e-2	1.00e0	9.27e2	379	206	206	206	3	100	48.54	83	40.29
283	data/reference/motifs/JASPAR2026_CORE_plants_non-redundant_pfms_meme.txt	MA2449.1	SPL6A	GCGGTAGTACC	1.17e-1	1.00e0	9.27e2	185	206	206	206	1	99	48.06	86	41.75
284	data/reference/motifs/JASPAR2026_CORE_plants_non-redundant_pfms_meme.txt	MA0992.3	ERF4	CCGCCGYCA	1.16e-1	1.00e0	9.27e2	187	206	206	206	3	23	11.17	15	7.28
285	data/reference/motifs/JASPAR2026_CORE_plants_non-redundant_pfms_meme.txt	MA1016.2	GATA15	GATC	5.30e-2	1.00e0	9.27e2	412	206	206	206	61	89	43.20	72	34.95
286	data/reference/motifs/JASPAR2026_CORE_plants_non-redundant_pfms_meme.txt	MA2368.1	WRKY51	RGTCAA	5.32e-2	1.00e0	9.27e2	412	206	206	206	26	200	97.09	192	93.20
287	data/reference/motifs/JASPAR2026_CORE_plants_non-redundant_pfms_meme.txt	MA2059.1	PK05432.1	RGTCAA	5.32e-2	1.00e0	9.27e2	412	206	206	206	14	200	97.09	192	93.20
288	data/reference/motifs/JASPAR2026_CORE_plants_non-redundant_pfms_meme.txt	MA1222.1	ERF014	CCDCCDCCACCGMCA	2.14e-1	1.00e0	9.27e2	104	206	206	206	1	56	27.18	48	23.30
289	data/reference/motifs/JASPAR2026_CORE_plants_non-redundant_pfms_meme.txt	MA1012.1	AGL27	CTTTCYATTTTKGG	9.84e-2	1.00e0	9.27e2	228	206	206	206	2	42	20.39	31	15.05
290	data/reference/motifs/JASPAR2026_CORE_plants_non-redundant_pfms_meme.txt	MA2454.1	SPL8D1	ATAGTACATA	5.48e-2	1.00e0	9.27e2	411	206	206	206	7	129	62.62	112	54.37
291	data/reference/motifs/JASPAR2026_CORE_plants_non-redundant_pfms_meme.txt	MA1351.3	GBF3	ACGTGGCA	5.65e-2	1.00e0	9.27e2	400	206	206	206	6	74	35.92	58	28.16
292	data/reference/motifs/JASPAR2026_CORE_plants_non-redundant_pfms_meme.txt	MA1054.2	ARALYDRAFT_897773	KGGGACCAC	7.43e-2	1.00e0	9.27e2	305	206	206	206	4	41	19.90	29	14.08
293	data/reference/motifs/JASPAR2026_CORE_plants_non-redundant_pfms_meme.txt	MA1749.1	E2FC	AWDWWGGCGCCAAAA	5.00e-1	1.00e0	9.27e2	33	206	206	206	2	2	0.97	1	0.49
294	data/reference/motifs/JASPAR2026_CORE_plants_non-redundant_pfms_meme.txt	MA2005.2	NAC016	TVCKTGWBCYNCAMG	2.49e-1	1.00e0	9.27e2	80	206	206	206	4	2	0.97	0	0.00
295	data/reference/motifs/JASPAR2026_CORE_plants_non-redundant_pfms_meme.txt	MA0957.1	BHLH3	GCACGTGC	7.83e-2	1.00e0	9.27e2	293	206	206	206	8	22	10.68	13	6.31
296	data/reference/motifs/JASPAR2026_CORE_plants_non-redundant_pfms_meme.txt	MA1660.2	NAC013	TTACTTGTTCYMCAAGTAA	2.91e-1	1.00e0	9.27e2	67	206	206	206	2	18	8.74	14	6.80
297	data/reference/motifs/JASPAR2026_CORE_plants_non-redundant_pfms_meme.txt	MA0939.1	NAC079	ACACGCAA	8.65e-2	1.00e0	9.27e2	266	206	206	206	2	75	36.41	61	29.61
298	data/reference/motifs/JASPAR2026_CORE_plants_non-redundant_pfms_meme.txt	MA1056.2	SPL11	CGTACGGA	1.24e-1	1.00e0	9.27e2	186	206	206	206	6	3	1.46	0	0.00
299	data/reference/motifs/JASPAR2026_CORE_plants_non-redundant_pfms_meme.txt	MA1410.2	StBRC1	GGGSCCM	6.76e-2	1.00e0	9.27e2	342	206	206	206	3	150	72.82	135	65.53
300	data/reference/motifs/JASPAR2026_CORE_plants_non-redundant_pfms_meme.txt	MA1199.1	AGL16	TTTCCWTTTTDGGWA	9.73e-2	1.00e0	9.27e2	238	206	206	206	1	126	61.17	112	54.37
301	data/reference/motifs/JASPAR2026_CORE_plants_non-redundant_pfms_meme.txt	MA2613.1	ereb34	GCCGCCGCCGCCCS	2.35e-1	1.00e0	9.27e2	87	206	206	206	1	47	22.82	40	19.42
302	data/reference/motifs/JASPAR2026_CORE_plants_non-redundant_pfms_meme.txt	MA1792.1	NAC098	CKTGTNNHACACGTHA	2.34e-1	1.00e0	9.27e2	100	206	206	206	2	19	9.22	14	6.80
303	data/reference/motifs/JASPAR2026_CORE_plants_non-redundant_pfms_meme.txt	MA1415.2	REF6	RAAACAGAG	7.19e-2	1.00e0	9.27e2	327	206	206	206	1	170	82.52	157	76.21
304	data/reference/motifs/JASPAR2026_CORE_plants_non-redundant_pfms_meme.txt	MA0564.2	ABI3	GCATGC	6.16e-2	1.00e0	9.27e2	382	206	206	206	20	4	1.94	0	0.00
305	data/reference/motifs/JASPAR2026_CORE_plants_non-redundant_pfms_meme.txt	MA2758.1	ereb122	CCGACCA	6.02e-2	1.00e0	9.27e2	397	206	206	206	2	188	91.26	177	85.92
306	data/reference/motifs/JASPAR2026_CORE_plants_non-redundant_pfms_meme.txt	MA1820.2	Zm00001d024324	CGCCGCCGC	1.40e-1	1.00e0	9.27e2	173	206	206	206	2	49	23.79	39	18.93
307	data/reference/motifs/JASPAR2026_CORE_plants_non-redundant_pfms_meme.txt	MA1303.2	WRKY22	AAAGTCAACK	1.08e-1	1.00e0	9.27e2	227	206	206	206	4	5	2.43	1	0.49
308	data/reference/motifs/JASPAR2026_CORE_plants_non-redundant_pfms_meme.txt	MA1790.1	NAC073	CTTSWYBHWCAMGYT	8.70e-2	1.00e0	9.27e2	281	206	206	206	4	30	14.56	20	9.71
309	data/reference/motifs/JASPAR2026_CORE_plants_non-redundant_pfms_meme.txt	MA2653.1	GLYMA-03G042700	GTTTGACTTT	6.11e-2	1.00e0	9.27e2	401	206	206	206	8	19	9.22	10	4.85
310	data/reference/motifs/JASPAR2026_CORE_plants_non-redundant_pfms_meme.txt	MA1242.1	DREB2F	CCDCCACCGCC	2.19e-1	1.00e0	9.27e2	112	206	206	206	1	60	29.13	52	25.24
311	data/reference/motifs/JASPAR2026_CORE_plants_non-redundant_pfms_meme.txt	MA1358.2	bHLH130	CMACTTGC	1.11e-1	1.00e0	9.27e2	222	206	206	206	3	22	10.68	14	6.80
312	data/reference/motifs/JASPAR2026_CORE_plants_non-redundant_pfms_meme.txt	MA1691.2	ARF27	GCAGACAT	6.20e-2	1.00e0	9.27e2	400	206	206	206	8	36	17.48	24	11.65
313	data/reference/motifs/JASPAR2026_CORE_plants_non-redundant_pfms_meme.txt	MA0576.2	RAX3	GGGGGTAGGTGS	3.86e-1	1.00e0	9.27e2	51	206	206	206	2	7	3.40	5	2.43
314	data/reference/motifs/JASPAR2026_CORE_plants_non-redundant_pfms_meme.txt	MA1381.2	AT3G46070	TCACTCT	6.16e-2	1.00e0	9.27e2	405	206	206	206	24	4	1.94	0	0.00
315	data/reference/motifs/JASPAR2026_CORE_plants_non-redundant_pfms_meme.txt	MA2452.1	SPL8A	ATAGTACTC	6.70e-2	1.00e0	9.27e2	373	206	206	206	7	20	9.71	11	5.34
316	data/reference/motifs/JASPAR2026_CORE_plants_non-redundant_pfms_meme.txt	MA2720.1	nacnor	ACACGTAACT	6.64e-2	1.00e0	9.27e2	377	206	206	206	5	46	22.33	33	16.02
317	data/reference/motifs/JASPAR2026_CORE_plants_non-redundant_pfms_meme.txt	MA1298.2	WRKY29	AAAGTCAAC	7.85e-2	1.00e0	9.27e2	319	206	206	206	1	166	80.58	153	74.27
318	data/reference/motifs/JASPAR2026_CORE_plants_non-redundant_pfms_meme.txt	MA2397.1	ILR3	CACGTG	6.09e-2	1.00e0	9.27e2	412	206	206	206	44	6	2.91	1	0.49
319	data/reference/motifs/JASPAR2026_CORE_plants_non-redundant_pfms_meme.txt	MA1406.2	ATHB-4	YAATSATTG	6.16e-2	1.00e0	9.27e2	408	206	206	206	1	206	100.00	202	98.06
320	data/reference/motifs/JASPAR2026_CORE_plants_non-redundant_pfms_meme.txt	MA1279.2	DOF1.5	AAADDAAAAAGTRAAA	6.16e-2	1.00e0	9.27e2	411	206	206	206	15	4	1.94	0	0.00
321	data/reference/motifs/JASPAR2026_CORE_plants_non-redundant_pfms_meme.txt	MA0548.3	AGL15	TTTCCWTTTTDGGWAA	1.24e-1	1.00e0	9.27e2	204	206	206	206	5	3	1.46	0	0.00
322	data/reference/motifs/JASPAR2026_CORE_plants_non-redundant_pfms_meme.txt	MA1794.2	NLP7	TGVCYYTT	6.16e-2	1.00e0	9.27e2	412	206	206	206	16	4	1.94	0	0.00
323	data/reference/motifs/JASPAR2026_CORE_plants_non-redundant_pfms_meme.txt	MA0984.2	DOF5.7	AAARR	6.16e-2	1.00e0	9.27e2	412	206	206	206	185	4	1.94	0	0.00
324	data/reference/motifs/JASPAR2026_CORE_plants_non-redundant_pfms_meme.txt	MA2062.1	PK07031.1	CTTT	6.16e-2	1.00e0	9.27e2	412	206	206	206	116	206	100.00	202	98.06
325	data/reference/motifs/JASPAR2026_CORE_plants_non-redundant_pfms_meme.txt	MA1835.2	TFLG2-Zm00001d042777	GTACGTAC	8.89e-2	1.00e0	9.27e2	287	206	206	206	8	14	6.80	7	3.40
326	data/reference/motifs/JASPAR2026_CORE_plants_non-redundant_pfms_meme.txt	MA2057.1	PK01630.1	GCACGTG	6.70e-2	1.00e0	9.27e2	382	206	206	206	11	20	9.71	11	5.34
327	data/reference/motifs/JASPAR2026_CORE_plants_non-redundant_pfms_meme.txt	MA0954.3	ATHB-7	TCAATGATTGR	7.00e-2	1.00e0	9.27e2	371	206	206	206	2	147	71.36	132	64.08
328	data/reference/motifs/JASPAR2026_CORE_plants_non-redundant_pfms_meme.txt	MA2673.1	GLYMA-15G086400	WTCTAGAAMCTTCTAGAR	2.40e-1	1.00e0	9.27e2	95	206	206	206	2	20	9.71	15	7.28
329	data/reference/motifs/JASPAR2026_CORE_plants_non-redundant_pfms_meme.txt	MA2476.1	KNAT7	TGACRKCT	9.18e-2	1.00e0	9.27e2	285	206	206	206	4	19	9.22	11	5.34
330	data/reference/motifs/JASPAR2026_CORE_plants_non-redundant_pfms_meme.txt	MA0945.2	ARR1	RDATCT	6.37e-2	1.00e0	9.27e2	412	206	206	206	28	187	90.78	176	85.44
331	data/reference/motifs/JASPAR2026_CORE_plants_non-redundant_pfms_meme.txt	MA2425.1	SPL11A	SCGGTACTACCG	1.78e-1	1.00e0	9.27e2	148	206	206	206	1	79	38.35	69	33.50
332	data/reference/motifs/JASPAR2026_CORE_plants_non-redundant_pfms_meme.txt	MA2430.1	SPL14B	GCGGTASTACCGC	3.03e-1	1.00e0	9.27e2	73	206	206	206	1	39	18.93	34	16.50
333	data/reference/motifs/JASPAR2026_CORE_plants_non-redundant_pfms_meme.txt	MA2035.2	NAC075	GWAGCTTGTNNNACAAGCTW	3.01e-1	1.00e0	9.27e2	74	206	206	206	2	20	9.71	16	7.77
334	data/reference/motifs/JASPAR2026_CORE_plants_non-redundant_pfms_meme.txt	MA1305.2	WRKY55	CGTTGACTT	1.01e-1	1.00e0	9.27e2	264	206	206	206	4	11	5.34	5	2.43
335	data/reference/motifs/JASPAR2026_CORE_plants_non-redundant_pfms_meme.txt	MA2399.1	LjSGA_053525.1	GGGCCCAC	1.38e-1	1.00e0	9.27e2	194	206	206	206	3	20	9.71	13	6.31
336	data/reference/motifs/JASPAR2026_CORE_plants_non-redundant_pfms_meme.txt	MA2644.1	GLYMA-14G030700	AACGACGGCA	1.10e-1	1.00e0	9.27e2	245	206	206	206	3	47	22.82	36	17.48
337	data/reference/motifs/JASPAR2026_CORE_plants_non-redundant_pfms_meme.txt	MA1289.2	TCP3	GGGACCAC	2.34e-1	1.00e0	9.27e2	115	206	206	206	2	19	9.22	14	6.80
338	data/reference/motifs/JASPAR2026_CORE_plants_non-redundant_pfms_meme.txt	MA1359.3	BPE	CACGTG	1.17e-1	1.00e0	9.27e2	231	206	206	206	2	122	59.22	109	52.91
339	data/reference/motifs/JASPAR2026_CORE_plants_non-redundant_pfms_meme.txt	MA1085.3	WRKY40	AGTCAA	8.36e-2	1.00e0	9.27e2	323	206	206	206	2	106	51.46	91	44.17
340	data/reference/motifs/JASPAR2026_CORE_plants_non-redundant_pfms_meme.txt	MA0574.1	MYB15	CRACGGTAGGTGG	5.00e-1	1.00e0	9.27e2	39	206	206	206	1	20	9.71	19	9.22
341	data/reference/motifs/JASPAR2026_CORE_plants_non-redundant_pfms_meme.txt	MA1326.2	ZHD5	GTRATTAR	6.70e-2	1.00e0	9.27e2	406	206	206	206	2	195	94.66	186	90.29
342	data/reference/motifs/JASPAR2026_CORE_plants_non-redundant_pfms_meme.txt	MA2026.2	MYB108	TACCTAACTT	7.52e-2	1.00e0	9.27e2	362	206	206	206	5	27	13.11	17	8.25
343	data/reference/motifs/JASPAR2026_CORE_plants_non-redundant_pfms_meme.txt	MA2056.1	PK01144.1	CTTT	6.63e-2	1.00e0	9.27e2	412	206	206	206	116	130	63.11	114	55.34
344	data/reference/motifs/JASPAR2026_CORE_plants_non-redundant_pfms_meme.txt	MA2037.2	NAC096	CAAGTAA	6.64e-2	1.00e0	9.27e2	412	206	206	206	6	173	83.98	160	77.67
345	data/reference/motifs/JASPAR2026_CORE_plants_non-redundant_pfms_meme.txt	MA2017.2	JUB1	ACGGCGA	8.92e-2	1.00e0	9.27e2	307	206	206	206	4	48	23.30	36	17.48
346	data/reference/motifs/JASPAR2026_CORE_plants_non-redundant_pfms_meme.txt	MA1425.2	HYH	TSACGTG	1.02e-1	1.00e0	9.27e2	269	206	206	206	3	72	34.95	59	28.64
347	data/reference/motifs/JASPAR2026_CORE_plants_non-redundant_pfms_meme.txt	MA1428.2	TCP8	GGSCCCAC	6.85e-2	1.00e0	9.27e2	403	206	206	206	7	122	59.22	106	51.46
348	data/reference/motifs/JASPAR2026_CORE_plants_non-redundant_pfms_meme.txt	MA2646.1	GLYMA-11G083900	GTACGGA	1.12e-1	1.00e0	9.27e2	248	206	206	206	2	62	30.10	50	24.27
349	data/reference/motifs/JASPAR2026_CORE_plants_non-redundant_pfms_meme.txt	MA1830.2	Zm00001d015407	AAGGAATATTCTTTTT	8.74e-2	1.00e0	9.27e2	317	206	206	206	7	7	3.40	2	0.97
350	data/reference/motifs/JASPAR2026_CORE_plants_non-redundant_pfms_meme.txt	MA0578.1	SPL8	WWDWHYGTACHHTWWW	1.15e-1	1.00e0	9.27e2	241	206	206	206	1	127	61.65	114	55.34
351	data/reference/motifs/JASPAR2026_CORE_plants_non-redundant_pfms_meme.txt	MA2450.1	SPL7A	GTACTACCGCT	1.15e-1	1.00e0	9.27e2	241	206	206	206	1	127	61.65	114	55.34
352	data/reference/motifs/JASPAR2026_CORE_plants_non-redundant_pfms_meme.txt	MA1697.2	ARF4	ACGACAAG	6.92e-2	1.00e0	9.27e2	401	206	206	206	4	148	71.84	133	64.56
353	data/reference/motifs/JASPAR2026_CORE_plants_non-redundant_pfms_meme.txt	MA2735.1	SlbHLH014	GMCACGTGBC	1.65e-1	1.00e0	9.27e2	171	206	206	206	2	65	31.55	55	26.70
354	data/reference/motifs/JASPAR2026_CORE_plants_non-redundant_pfms_meme.txt	MA2028.2	MYB49	TTACCTAACTW	7.26e-2	1.00e0	9.27e2	389	206	206	206	5	61	29.61	47	22.82
355	data/reference/motifs/JASPAR2026_CORE_plants_non-redundant_pfms_meme.txt	MA0966.2	BIM3	CACGTG	6.98e-2	1.00e0	9.27e2	405	206	206	206	4	198	96.12	190	92.23
356	data/reference/motifs/JASPAR2026_CORE_plants_non-redundant_pfms_meme.txt	MA2353.1	PK02532.1	WAATATCT	8.52e-2	1.00e0	9.27e2	332	206	206	206	1	172	83.50	160	77.67
357	data/reference/motifs/JASPAR2026_CORE_plants_non-redundant_pfms_meme.txt	MA1789.1	NAC071	CTTSWHYYTCAMGYA	1.47e-1	1.00e0	9.27e2	194	206	206	206	2	53	25.73	43	20.87
358	data/reference/motifs/JASPAR2026_CORE_plants_non-redundant_pfms_meme.txt	MA1734.1	AT1G19040	CTTGNDCYBCAAGTWW	4.05e-1	1.00e0	9.27e2	55	206	206	206	2	10	4.85	8	3.88
359	data/reference/motifs/JASPAR2026_CORE_plants_non-redundant_pfms_meme.txt	MA2741.1	SlWRKY7	AAAAAGTCAACC	9.62e-2	1.00e0	9.27e2	298	206	206	206	2	91	44.17	77	37.38
360	data/reference/motifs/JASPAR2026_CORE_plants_non-redundant_pfms_meme.txt	MA1017.2	GATA8	GATCY	6.97e-2	1.00e0	9.27e2	412	206	206	206	33	111	53.88	95	46.12
361	data/reference/motifs/JASPAR2026_CORE_plants_non-redundant_pfms_meme.txt	MA1814.2	RIN	CTATTTTTGG	7.00e-2	1.00e0	9.27e2	411	206	206	206	17	9	4.37	3	1.46
362	data/reference/motifs/JASPAR2026_CORE_plants_non-redundant_pfms_meme.txt	MA2403.1	DVH24_040989	TTAACC	7.03e-2	1.00e0	9.27e2	412	206	206	206	23	185	89.81	174	84.47
363	data/reference/motifs/JASPAR2026_CORE_plants_non-redundant_pfms_meme.txt	MA1257.2	ERF9	GGCGGHKRYGGCGGCGGMG	3.89e-1	1.00e0	9.27e2	59	206	206	206	1	31	15.05	28	13.59
364	data/reference/motifs/JASPAR2026_CORE_plants_non-redundant_pfms_meme.txt	MA2615.1	ereb109	CGCCGCC	7.51e-1	1.00e0	9.27e2	21	206	206	206	2	1	0.49	1	0.49
365	data/reference/motifs/JASPAR2026_CORE_plants_non-redundant_pfms_meme.txt	MA1693.2	ARF34	CAGACAGC	7.75e-2	1.00e0	9.27e2	386	206	206	206	1	197	95.63	189	91.75
366	data/reference/motifs/JASPAR2026_CORE_plants_non-redundant_pfms_meme.txt	MA2422.1	OsbZIP42	TGMCACGTCA	8.89e-2	1.00e0	9.27e2	340	206	206	206	6	14	6.80	7	3.40
367	data/reference/motifs/JASPAR2026_CORE_plants_non-redundant_pfms_meme.txt	MA2638.1	FUL::SEP3	TTWCTATTTATAGTAA	1.37e-1	1.00e0	9.27e2	221	206	206	206	2	64	31.07	53	25.73
368	data/reference/motifs/JASPAR2026_CORE_plants_non-redundant_pfms_meme.txt	MA1206.2	ARF2	SMGACA	7.43e-2	1.00e0	9.27e2	410	206	206	206	5	177	85.92	165	80.10
369	data/reference/motifs/JASPAR2026_CORE_plants_non-redundant_pfms_meme.txt	MA1808.3	GLYMA-06G314400	GACACGTGGC	1.03e-1	1.00e0	9.27e2	297	206	206	206	4	56	27.18	44	21.36
370	data/reference/motifs/JASPAR2026_CORE_plants_non-redundant_pfms_meme.txt	MA2384.1	estExt_Genewise1.C_2060077	SACGTGK	1.37e-1	1.00e0	9.27e2	225	206	206	206	5	14	6.80	8	3.88
371	data/reference/motifs/JASPAR2026_CORE_plants_non-redundant_pfms_meme.txt	MA1343.2	BZIP52	TGMCAGCT	1.24e-1	1.00e0	9.27e2	248	206	206	206	6	3	1.46	0	0.00
372	data/reference/motifs/JASPAR2026_CORE_plants_non-redundant_pfms_meme.txt	MA2726.1	SlWRKY41	GTTGACTT	7.83e-2	1.00e0	9.27e2	393	206	206	206	7	22	10.68	13	6.31
373	data/reference/motifs/JASPAR2026_CORE_plants_non-redundant_pfms_meme.txt	MA1229.2	ERF034	TGTCGGTGR	2.49e-1	1.00e0	9.27e2	124	206	206	206	4	2	0.97	0	0.00
374	data/reference/motifs/JASPAR2026_CORE_plants_non-redundant_pfms_meme.txt	MA1308.2	WRKY70	CGTTGACTTT	2.25e-1	1.00e0	9.27e2	138	206	206	206	3	5	2.43	2	0.97
375	data/reference/motifs/JASPAR2026_CORE_plants_non-redundant_pfms_meme.txt	MA2669.1	GLYMA-04G231400	CAATAATTGATT	8.70e-2	1.00e0	9.27e2	362	206	206	206	1	186	90.29	176	85.44
376	data/reference/motifs/JASPAR2026_CORE_plants_non-redundant_pfms_meme.txt	MA1204.1	AGL13	TTWCCAAAAAWRGWAAAW	2.32e-1	1.00e0	9.27e2	136	206	206	206	1	72	34.95	64	31.07
377	data/reference/motifs/JASPAR2026_CORE_plants_non-redundant_pfms_meme.txt	MA1041.1	MYB55	ACCTACCG	8.74e-2	1.00e0	9.27e2	361	206	206	206	8	7	3.40	2	0.97
378	data/reference/motifs/JASPAR2026_CORE_plants_non-redundant_pfms_meme.txt	MA1032.2	DREB1G	TGCCGACA	2.80e-1	1.00e0	9.27e2	96	206	206	206	1	51	24.76	45	21.84
379	data/reference/motifs/JASPAR2026_CORE_plants_non-redundant_pfms_meme.txt	MA2727.1	SolycHsfA7	TTCYAGAA	8.31e-2	1.00e0	9.27e2	381	206	206	206	2	173	83.98	161	78.16
380	data/reference/motifs/JASPAR2026_CORE_plants_non-redundant_pfms_meme.txt	MA1035.1	TCP4	GGGACCAC	2.07e-1	1.00e0	9.27e2	153	206	206	206	1	81	39.32	72	34.95
381	data/reference/motifs/JASPAR2026_CORE_plants_non-redundant_pfms_meme.txt	MA1031.2	OJ1581_H09.2	GGGCCC	9.34e-2	1.00e0	9.27e2	343	206	206	206	2	177	85.92	166	80.58
382	data/reference/motifs/JASPAR2026_CORE_plants_non-redundant_pfms_meme.txt	MA1775.2	MYB61	YACCWACC	8.87e-2	1.00e0	9.27e2	363	206	206	206	4	60	29.13	47	22.82
383	data/reference/motifs/JASPAR2026_CORE_plants_non-redundant_pfms_meme.txt	MA0940.1	AP1	MYAAAAAWRGAAA	7.86e-2	1.00e0	9.27e2	412	206	206	206	6	200	97.09	193	93.69
384	data/reference/motifs/JASPAR2026_CORE_plants_non-redundant_pfms_meme.txt	MA1182.2	RVE8	AGATATTTT	1.05e-1	1.00e0	9.27e2	310	206	206	206	1	161	78.16	149	72.33
385	data/reference/motifs/JASPAR2026_CORE_plants_non-redundant_pfms_meme.txt	MA0969.2	CAMTA2	VCGCGT	8.22e-2	1.00e0	9.27e2	397	206	206	206	8	70	33.98	56	27.18
386	data/reference/motifs/JASPAR2026_CORE_plants_non-redundant_pfms_meme.txt	MA1309.1	WRKY3	AAAAGTCAACG	1.30e-1	1.00e0	9.27e2	252	206	206	206	4	9	4.37	4	1.94
387	data/reference/motifs/JASPAR2026_CORE_plants_non-redundant_pfms_meme.txt	MA1344.2	BZIP28	TSACGTGGCA	2.09e-1	1.00e0	9.27e2	157	206	206	206	1	83	40.29	74	35.92
388	data/reference/motifs/JASPAR2026_CORE_plants_non-redundant_pfms_meme.txt	MA2074.1	PK17878.1	CGCCGCCA	2.49e-1	1.00e0	9.27e2	131	206	206	206	7	2	0.97	0	0.00
389	data/reference/motifs/JASPAR2026_CORE_plants_non-redundant_pfms_meme.txt	MA2069.1	PK10955.1	CTTTW	7.93e-2	1.00e0	9.27e2	412	206	206	206	16	188	91.26	178	86.41
390	data/reference/motifs/JASPAR2026_CORE_plants_non-redundant_pfms_meme.txt	MA1162.1	TCX2	WTTYAAAATTYAAAW	9.07e-2	1.00e0	9.27e2	360	206	206	206	1	185	89.81	175	84.95
391	data/reference/motifs/JASPAR2026_CORE_plants_non-redundant_pfms_meme.txt	MA1163.3	PHL11	AGAATATTCT	1.19e-1	1.00e0	9.27e2	276	206	206	206	6	31	15.05	22	10.68
392	data/reference/motifs/JASPAR2026_CORE_plants_non-redundant_pfms_meme.txt	MA1659.2	ABF4	CCACGTS	8.16e-2	1.00e0	9.27e2	404	206	206	206	4	164	79.61	151	73.30
393	data/reference/motifs/JASPAR2026_CORE_plants_non-redundant_pfms_meme.txt	MA2623.1	hb66	CCAATCA	8.10e-2	1.00e0	9.27e2	412	206	206	206	21	44	21.36	32	15.53
394	data/reference/motifs/JASPAR2026_CORE_plants_non-redundant_pfms_meme.txt	MA1761.2	HSFB3	AAGCTTCTAGAA	1.01e-1	1.00e0	9.27e2	331	206	206	206	5	11	5.34	5	2.43
395	data/reference/motifs/JASPAR2026_CORE_plants_non-redundant_pfms_meme.txt	MA1000.3	ERF105	RYGGCGGCGG	3.40e-1	1.00e0	9.27e2	80	206	206	206	2	14	6.80	11	5.34
396	data/reference/motifs/JASPAR2026_CORE_plants_non-redundant_pfms_meme.txt	MA0097.1	bZIP911	GRTGACGTGGMC	8.26e-1	1.00e0	9.27e2	19	206	206	206	1	8	3.88	11	5.34
397	data/reference/motifs/JASPAR2026_CORE_plants_non-redundant_pfms_meme.txt	MA1066.1	TCP23	GGGCCCAC	1.36e-1	1.00e0	9.27e2	247	206	206	206	3	47	22.82	37	17.96
398	data/reference/motifs/JASPAR2026_CORE_plants_non-redundant_pfms_meme.txt	MA0975.1	CRF2	SCGCCGCC	2.72e-1	1.00e0	9.27e2	124	206	206	206	2	27	13.11	22	10.68
399	data/reference/motifs/JASPAR2026_CORE_plants_non-redundant_pfms_meme.txt	MA2616.1	ereb17	CGCCGCCGCCGCCS	3.53e-1	1.00e0	9.27e2	78	206	206	206	1	41	19.90	37	17.96
400	data/reference/motifs/JASPAR2026_CORE_plants_non-redundant_pfms_meme.txt	MA1205.1	AGL6	TTWCCAAAAAWGGAAAAWW	1.86e-1	1.00e0	9.27e2	182	206	206	206	1	96	46.60	86	41.75
401	data/reference/motifs/JASPAR2026_CORE_plants_non-redundant_pfms_meme.txt	MA1015.2	GATA12	AGATCT	8.32e-2	1.00e0	9.27e2	412	206	206	206	38	187	90.78	177	85.92
402	data/reference/motifs/JASPAR2026_CORE_plants_non-redundant_pfms_meme.txt	MA1411.2	TSAR1	GCACGTGC	2.23e-1	1.00e0	9.27e2	152	206	206	206	6	10	4.85	6	2.91
403	data/reference/motifs/JASPAR2026_CORE_plants_non-redundant_pfms_meme.txt	MA2065.1	PK08602.1	CCACCGCC	7.28e-1	1.00e0	9.27e2	26	206	206	206	1	12	5.83	14	6.80
404	data/reference/motifs/JASPAR2026_CORE_plants_non-redundant_pfms_meme.txt	MA2737.1	SlERF36	CMGCCGCCAC	1.25e-1	1.00e0	9.27e2	274	206	206	206	1	143	69.42	131	63.59
405	data/reference/motifs/JASPAR2026_CORE_plants_non-redundant_pfms_meme.txt	MA2708.1	SlDof4	AGAAAAAGTAA	8.48e-2	1.00e0	9.27e2	412	206	206	206	15	18	8.74	10	4.85
406	data/reference/motifs/JASPAR2026_CORE_plants_non-redundant_pfms_meme.txt	MA2459.1	EDF3	RCAACAKA	1.21e-1	1.00e0	9.27e2	284	206	206	206	1	148	71.84	136	66.02
407	data/reference/motifs/JASPAR2026_CORE_plants_non-redundant_pfms_meme.txt	MA1767.2	MYB23	CAACWA	8.74e-2	1.00e0	9.27e2	403	206	206	206	1	204	99.03	199	96.60
408	data/reference/motifs/JASPAR2026_CORE_plants_non-redundant_pfms_meme.txt	MA1374.2	IDD7	ASAAAACGACAAAA	1.61e-1	1.00e0	9.27e2	215	206	206	206	2	45	21.84	36	17.48
409	data/reference/motifs/JASPAR2026_CORE_plants_non-redundant_pfms_meme.txt	MA1430.2	TB1	GGSCCCCCC	3.09e-1	1.00e0	9.27e2	112	206	206	206	2	22	10.68	18	8.74
410	data/reference/motifs/JASPAR2026_CORE_plants_non-redundant_pfms_meme.txt	MA1689.2	ARF18	CCGACAAA	8.74e-2	1.00e0	9.27e2	403	206	206	206	1	204	99.03	199	96.60
411	data/reference/motifs/JASPAR2026_CORE_plants_non-redundant_pfms_meme.txt	MA1262.2	ERF2	CCDCCGCCGCCRY	3.09e-1	1.00e0	9.27e2	111	206	206	206	2	22	10.68	18	8.74
412	data/reference/motifs/JASPAR2026_CORE_plants_non-redundant_pfms_meme.txt	MA1243.2	DREB2E	MACCGACWTW	3.34e-1	1.00e0	9.27e2	103	206	206	206	2	13	6.31	10	4.85
413	data/reference/motifs/JASPAR2026_CORE_plants_non-redundant_pfms_meme.txt	MA1001.4	ERF076	CCGCCGCCRC	1.87e-1	1.00e0	9.27e2	188	206	206	206	1	99	48.06	89	43.20
414	data/reference/motifs/JASPAR2026_CORE_plants_non-redundant_pfms_meme.txt	MA2348.1	IDD6	TTTTTGTCGTTTTSTK	1.69e-1	1.00e0	9.27e2	210	206	206	206	4	7	3.40	3	1.46
415	data/reference/motifs/JASPAR2026_CORE_plants_non-redundant_pfms_meme.txt	MA1328.1	ZHD9	WTWAWHNVYTAATYA	8.53e-2	1.00e0	9.27e2	406	206	206	206	3	180	87.38	169	82.04
416	data/reference/motifs/JASPAR2026_CORE_plants_non-redundant_pfms_meme.txt	MA0952.1	ATHB-51	AATWATTG	8.60e-2	1.00e0	9.27e2	412	206	206	206	4	202	98.06	196	95.15
417	data/reference/motifs/JASPAR2026_CORE_plants_non-redundant_pfms_meme.txt	MA1811.3	GLYMA-13G317000	GGACACSTGTCA	2.22e-1	1.00e0	9.27e2	232	206	206	206	3	41	19.90	34	16.50
418	data/reference/motifs/JASPAR2026_CORE_plants_non-redundant_pfms_meme.txt	MA2671.1	GLYMA-19G100900	AGCATGCT	3.11e-1	1.00e0	9.27e2	308	206	206	206	4	99	48.06	93	45.15
419	data/reference/motifs/JASPAR2026_CORE_plants_non-redundant_pfms_meme.txt	MA2668.1	GLYMA-20G155100	RCCGACAT	6.48e-1	1.00e0	9.27e2	280	206	206	206	3	37	17.96	39	18.93
420	data/reference/motifs/JASPAR2026_CORE_plants_non-redundant_pfms_meme.txt	MA2666.1	GLYMA-12G117000	GGMGGCGGYGGCGGMGG	6.35e-1	1.00e0	9.27e2	81	206	206	206	3	18	8.74	19	9.22
421	data/reference/motifs/JASPAR2026_CORE_plants_non-redundant_pfms_meme.txt	MA2665.1	GLYMA-11G053600	CACCGACAC	5.41e-1	1.00e0	9.27e2	351	206	206	206	3	75	36.41	75	36.41
422	data/reference/motifs/JASPAR2026_CORE_plants_non-redundant_pfms_meme.txt	MA2663.1	GLYMA-02G261700	TCACCGACATA	3.77e-1	1.00e0	9.27e2	268	206	206	206	2	70	33.98	66	32.04
423	data/reference/motifs/JASPAR2026_CORE_plants_non-redundant_pfms_meme.txt	MA2662.1	GLYMA-13G153200	GCCACGTCA	1.56e-1	1.00e0	9.27e2	348	206	206	206	6	16	7.77	10	4.85
424	data/reference/motifs/JASPAR2026_CORE_plants_non-redundant_pfms_meme.txt	MA2660.1	GLYMA-12G168700	WWWTGTAATTACAWWW	5.42e-1	1.00e0	9.27e2	357	206	206	206	3	139	67.48	139	67.48
425	data/reference/motifs/JASPAR2026_CORE_plants_non-redundant_pfms_meme.txt	MA2656.1	GLYMA-14G006800	TGGTCAACCA	1.24e-1	1.00e0	9.27e2	383	206	206	206	1	195	94.66	188	91.26
426	data/reference/motifs/JASPAR2026_CORE_plants_non-redundant_pfms_meme.txt	MA2652.1	GLYMA-01G053800	AGTTGAC	3.71e-1	1.00e0	9.27e2	398	206	206	206	3	150	72.82	146	70.87
427	data/reference/motifs/JASPAR2026_CORE_plants_non-redundant_pfms_meme.txt	MA2648.1	GLYMA-19G146000	AAGGTACAC	1.85e-1	1.00e0	9.27e2	388	206	206	206	4	93	45.15	83	40.29
428	data/reference/motifs/JASPAR2026_CORE_plants_non-redundant_pfms_meme.txt	MA2643.1	SNAC23	YACGGAACT	2.40e-1	1.00e0	9.27e2	377	206	206	206	1	191	92.72	186	90.29
429	data/reference/motifs/JASPAR2026_CORE_plants_non-redundant_pfms_meme.txt	MA2642.1	GLYMA-10G230700	AAGATATTTWTW	7.54e-1	1.00e0	9.27e2	367	206	206	206	8	9	4.37	11	5.34
430	data/reference/motifs/JASPAR2026_CORE_plants_non-redundant_pfms_meme.txt	MA2641.1	GLYMA-01G038600	CCTTATCCA	5.00e-1	1.00e0	9.27e2	404	206	206	206	12	2	0.97	1	0.49
431	data/reference/motifs/JASPAR2026_CORE_plants_non-redundant_pfms_meme.txt	MA2640.1	GLYMA-19G062000	GTAACAGTTAC	2.63e-1	1.00e0	9.27e2	336	206	206	206	1	171	83.01	165	80.10
432	data/reference/motifs/JASPAR2026_CORE_plants_non-redundant_pfms_meme.txt	MA2480.1	GLYMA-04G093300	CTAATC	3.46e-1	1.00e0	9.27e2	378	206	206	206	3	112	54.37	107	51.94
433	data/reference/motifs/JASPAR2026_CORE_plants_non-redundant_pfms_meme.txt	MA2745.1	SlWRKY81	AAGTCAAC	1.25e-1	1.00e0	9.27e2	403	206	206	206	4	144	69.90	132	64.08
434	data/reference/motifs/JASPAR2026_CORE_plants_non-redundant_pfms_meme.txt	MA2734.1	Sl-ERF_F_5	CCGCCGCCGCCRCCRCC	6.24e-1	1.00e0	9.27e2	78	206	206	206	2	22	10.68	23	11.17
435	data/reference/motifs/JASPAR2026_CORE_plants_non-redundant_pfms_meme.txt	MA2733.1	Sl-ERF_F_4	GCMGCMGCCGCCGCCGYCR	6.26e-1	1.00e0	9.27e2	43	206	206	206	1	21	10.19	22	10.68
436	data/reference/motifs/JASPAR2026_CORE_plants_non-redundant_pfms_meme.txt	MA2732.1	Sl-ERF_C_4	YCGCCGCCGCCR	3.39e-1	1.00e0	9.27e2	141	206	206	206	1	73	35.44	68	33.01
437	data/reference/motifs/JASPAR2026_CORE_plants_non-redundant_pfms_meme.txt	MA2729.1	vahox1	AAATAATTG	1.85e-1	1.00e0	9.27e2	407	206	206	206	13	41	19.90	33	16.02
438	data/reference/motifs/JASPAR2026_CORE_plants_non-redundant_pfms_meme.txt	MA2722.1	Sl-ERF_F_2	CGGCGGCKGCGGCGR	7.79e-1	1.00e0	9.27e2	56	206	206	206	2	13	6.31	16	7.77
439	data/reference/motifs/JASPAR2026_CORE_plants_non-redundant_pfms_meme.txt	MA2721.1	Sl-ERF_C_6	YCGCCGCCGCCRCCRCCGCC	6.72e-1	1.00e0	9.27e2	49	206	206	206	3	10	4.85	11	5.34
440	data/reference/motifs/JASPAR2026_CORE_plants_non-redundant_pfms_meme.txt	MA2718.1	Sl-ERF_A_3	GGYGGCGGCGGCGGCGG	7.15e-1	1.00e0	9.27e2	30	206	206	206	1	14	6.80	16	7.77
441	data/reference/motifs/JASPAR2026_CORE_plants_non-redundant_pfms_meme.txt	MA2717.1	eil2	AGATTCR	1.04e-1	1.00e0	9.27e2	412	206	206	206	12	74	35.92	61	29.61
442	data/reference/motifs/JASPAR2026_CORE_plants_non-redundant_pfms_meme.txt	MA2716.1	dreb3	CCACCGACCA	2.38e-1	1.00e0	9.27e2	293	206	206	206	3	49	23.79	42	20.39
443	data/reference/motifs/JASPAR2026_CORE_plants_non-redundant_pfms_meme.txt	MA2715.1	Solyc03g124110	RTCTATGTCGGYWAA	7.51e-1	1.00e0	9.27e2	77	206	206	206	3	1	0.49	1	0.49
444	data/reference/motifs/JASPAR2026_CORE_plants_non-redundant_pfms_meme.txt	MA2714.1	APETALA2a	ATTACCTCGTACYA	7.00e-1	1.00e0	9.27e2	98	206	206	206	2	7	3.40	8	3.88
445	data/reference/motifs/JASPAR2026_CORE_plants_non-redundant_pfms_meme.txt	MA2713.1	SlDof14	CTTTTTC	1.08e-1	1.00e0	9.27e2	406	206	206	206	1	205	99.51	201	97.57
446	data/reference/motifs/JASPAR2026_CORE_plants_non-redundant_pfms_meme.txt	MA2712.1	eil1	TCTAGATACATTGAATCT	3.64e-1	1.00e0	9.27e2	98	206	206	206	1	51	24.76	47	22.82
447	data/reference/motifs/JASPAR2026_CORE_plants_non-redundant_pfms_meme.txt	MA2710.1	SolycHsfB1	TTCTAGAA	2.71e-1	1.00e0	9.27e2	255	206	206	206	2	131	63.59	124	60.19
448	data/reference/motifs/JASPAR2026_CORE_plants_non-redundant_pfms_meme.txt	MA2709.1	SolycHsfA2	TTCTAGAAKMTTCTA	2.66e-1	1.00e0	9.27e2	139	206	206	206	1	73	35.44	66	32.04
449	data/reference/motifs/JASPAR2026_CORE_plants_non-redundant_pfms_meme.txt	MA2752.1	TaOBF1b	TGCCACGTCATCATC	5.55e-1	1.00e0	9.27e2	179	206	206	206	2	30	14.56	30	14.56
450	data/reference/motifs/JASPAR2026_CORE_plants_non-redundant_pfms_meme.txt	MA2751.1	TraesCS2B02G304400	CCACTCGACC	7.51e-1	1.00e0	9.27e2	288	206	206	206	9	1	0.49	1	0.49
451	data/reference/motifs/JASPAR2026_CORE_plants_non-redundant_pfms_meme.txt	MA2750.1	TraesCS7B02G142200	TGTACGGAC	2.10e-1	1.00e0	9.27e2	295	206	206	206	2	85	41.26	76	36.89
452	data/reference/motifs/JASPAR2026_CORE_plants_non-redundant_pfms_meme.txt	MA2749.1	TraesCS2D02G576500	GAAGCAAC	1.58e-1	1.00e0	9.27e2	398	206	206	206	3	156	75.73	146	70.87
453	data/reference/motifs/JASPAR2026_CORE_plants_non-redundant_pfms_meme.txt	MA2748.1	TraesCS6B02G321100	CAATTATTG	1.41e-1	1.00e0	9.27e2	400	206	206	206	7	67	32.52	56	27.18
454	data/reference/motifs/JASPAR2026_CORE_plants_non-redundant_pfms_meme.txt	MA2747.1	TraesCS6A02G290800	CAATAATTG	2.37e-1	1.00e0	9.27e2	406	206	206	206	5	134	65.05	126	61.17
455	data/reference/motifs/JASPAR2026_CORE_plants_non-redundant_pfms_meme.txt	MA2746.1	HB-HD-ZIP-2A-2	WTGCAATCATT	1.31e-1	1.00e0	9.27e2	406	206	206	206	2	194	94.17	187	90.78
456	data/reference/motifs/JASPAR2026_CORE_plants_non-redundant_pfms_meme.txt	MA2762.1	myb53	AGTTAGGCAC	2.72e-1	1.00e0	9.27e2	325	206	206	206	6	7	3.40	4	1.94
457	data/reference/motifs/JASPAR2026_CORE_plants_non-redundant_pfms_meme.txt	MA2761.1	myb100	TRCCTAACTT	3.47e-1	1.00e0	9.27e2	394	206	206	206	6	37	17.96	33	16.02
458	data/reference/motifs/JASPAR2026_CORE_plants_non-redundant_pfms_meme.txt	MA2760.1	p2	CACCTAAC	2.56e-1	1.00e0	9.27e2	406	206	206	206	8	62	30.10	55	26.70
459	data/reference/motifs/JASPAR2026_CORE_plants_non-redundant_pfms_meme.txt	MA2757.1	pbf1	ATAAAGT	1.46e-1	1.00e0	9.27e2	412	206	206	206	11	176	85.44	167	81.07
460	data/reference/motifs/JASPAR2026_CORE_plants_non-redundant_pfms_meme.txt	MA2756.1	dfo23	TACCTTTTTCT	3.12e-1	1.00e0	9.27e2	412	206	206	206	2	205	99.51	203	98.54
461	data/reference/motifs/JASPAR2026_CORE_plants_non-redundant_pfms_meme.txt	MA2755.1	hsftf24	ACTAGAAGCTTCTGGAA	2.42e-1	1.00e0	9.27e2	172	206	206	206	1	90	43.69	82	39.81
462	data/reference/motifs/JASPAR2026_CORE_plants_non-redundant_pfms_meme.txt	MA2754.1	wrky38	CGTGGACC	2.72e-1	1.00e0	9.27e2	377	206	206	206	8	27	13.11	22	10.68
463	data/reference/motifs/JASPAR2026_CORE_plants_non-redundant_pfms_meme.txt	MA2753.1	cpp8	GAATTTGAAW	1.96e-1	1.00e0	9.27e2	412	206	206	206	7	168	81.55	160	77.67
464	data/reference/motifs/JASPAR2026_CORE_plants_non-redundant_pfms_meme.txt	MA2627.1	bzip9	CACGTCA	1.30e-1	1.00e0	9.27e2	403	206	206	206	9	34	16.50	25	12.14
465	data/reference/motifs/JASPAR2026_CORE_plants_non-redundant_pfms_meme.txt	MA2626.1	bzip40	GTGACGTGGC	1.67e-1	1.00e0	9.27e2	371	206	206	206	2	149	72.33	139	67.48
466	data/reference/motifs/JASPAR2026_CORE_plants_non-redundant_pfms_meme.txt	MA2625.1	mybr17	CATTATC	4.17e-1	1.00e0	9.27e2	412	206	206	206	24	13	6.31	11	5.34
467	data/reference/motifs/JASPAR2026_CORE_plants_non-redundant_pfms_meme.txt	MA2624.1	myb37	TAACCGAA	2.76e-1	1.00e0	9.27e2	411	206	206	206	7	120	58.25	113	54.85
468	data/reference/motifs/JASPAR2026_CORE_plants_non-redundant_pfms_meme.txt	MA2620.1	g2	CCTTATCC	1.85e-1	1.00e0	9.27e2	406	206	206	206	3	173	83.98	165	80.10
469	data/reference/motifs/JASPAR2026_CORE_plants_non-redundant_pfms_meme.txt	MA2619.1	ereb18	CCGCCGCCGCCCGCC	5.00e-1	1.00e0	9.27e2	95	206	206	206	2	29	14.08	28	13.59
470	data/reference/motifs/JASPAR2026_CORE_plants_non-redundant_pfms_meme.txt	MA2618.1	ereb102	CGACGGCGA	1.59e-1	1.00e0	9.27e2	239	206	206	206	1	125	60.68	114	55.34
471	data/reference/motifs/JASPAR2026_CORE_plants_non-redundant_pfms_meme.txt	MA2617.1	ereb54	GCGGCGGCGGC	6.88e-1	1.00e0	9.27e2	62	206	206	206	12	2	0.97	2	0.97
472	data/reference/motifs/JASPAR2026_CORE_plants_non-redundant_pfms_meme.txt	MA2614.1	ereb198	SCGCCGCCGCCR	6.88e-1	1.00e0	9.27e2	81	206	206	206	11	2	0.97	2	0.97
473	data/reference/motifs/JASPAR2026_CORE_plants_non-redundant_pfms_meme.txt	MA2612.1	ereb147	ACGCCGAC	3.20e-1	1.00e0	9.27e2	305	206	206	206	8	11	5.34	8	3.88
474	data/reference/motifs/JASPAR2026_CORE_plants_non-redundant_pfms_meme.txt	MA2609.1	ereb172	CAGCCGCA	2.51e-1	1.00e0	9.27e2	346	206	206	206	1	176	85.44	170	82.52
475	data/reference/motifs/JASPAR2026_CORE_plants_non-redundant_pfms_meme.txt	MA2607.1	tcptf23	GGGACCAC	3.12e-1	1.00e0	9.27e2	340	206	206	206	12	3	1.46	1	0.49
476	data/reference/motifs/JASPAR2026_CORE_plants_non-redundant_pfms_meme.txt	MA2606.1	mybr43	CCTTATCC	5.39e-1	1.00e0	9.27e2	408	206	206	206	5	114	55.34	114	55.34
477	data/reference/motifs/JASPAR2026_CORE_plants_non-redundant_pfms_meme.txt	MA2605.1	mybr26	CCTTATCC	5.00e-1	1.00e0	9.27e2	407	206	206	206	1	204	99.03	203	98.54
478	data/reference/motifs/JASPAR2026_CORE_plants_non-redundant_pfms_meme.txt	MA2501.1	G1	TTACTGTA	2.83e-1	1.00e0	9.27e2	410	206	206	206	6	159	77.18	153	74.27
479	data/reference/motifs/JASPAR2026_CORE_plants_non-redundant_pfms_meme.txt	MA1378.2	AIL6	TCCTCGA	1.03e-1	1.00e0	9.27e2	408	206	206	206	10	56	27.18	44	21.36
480	data/reference/motifs/JASPAR2026_CORE_plants_non-redundant_pfms_meme.txt	MA1776.3	MYB67	TACCTAACA	1.27e-1	1.00e0	9.27e2	396	206	206	206	7	33	16.02	24	11.65
481	data/reference/motifs/JASPAR2026_CORE_plants_non-redundant_pfms_meme.txt	MA2639.1	FUL::SOC1	TTCCATTTTTGG	5.00e-1	1.00e0	9.27e2	408	206	206	206	3	166	80.58	165	80.10
482	data/reference/motifs/JASPAR2026_CORE_plants_non-redundant_pfms_meme.txt	MA2637.1	FUL::AG::SEP3	WTWCCAWAAATAGAAA	1.59e-1	1.00e0	9.27e2	391	206	206	206	3	124	60.19	113	54.85
483	data/reference/motifs/JASPAR2026_CORE_plants_non-redundant_pfms_meme.txt	MA2636.1	FUL::AG	WCTTTCCATTTTTRGAAA	2.08e-1	1.00e0	9.27e2	207	206	206	206	3	9	4.37	5	2.43
484	data/reference/motifs/JASPAR2026_CORE_plants_non-redundant_pfms_meme.txt	MA2635.1	FUL	TTWCCAWAAATAGAAA	5.00e-1	1.00e0	9.27e2	305	206	206	206	2	96	46.60	95	46.12
485	data/reference/motifs/JASPAR2026_CORE_plants_non-redundant_pfms_meme.txt	MA2634.1	EIN3	AGATTCATTGAATCT	3.62e-1	1.00e0	9.27e2	201	206	206	206	4	19	9.22	16	7.77
486	data/reference/motifs/JASPAR2026_CORE_plants_non-redundant_pfms_meme.txt	MA2505.1	bZIP59	TGACAGCTGTCA	2.41e-1	1.00e0	9.27e2	247	206	206	206	2	127	61.65	119	57.77
487	data/reference/motifs/JASPAR2026_CORE_plants_non-redundant_pfms_meme.txt	MA2502.1	TMF	CTACAGTA	2.22e-1	1.00e0	9.27e2	405	206	206	206	3	172	83.50	165	80.10
488	data/reference/motifs/JASPAR2026_CORE_plants_non-redundant_pfms_meme.txt	MA2499.1	LSH2	TACTGTTCA	4.19e-1	1.00e0	9.27e2	406	206	206	206	7	78	37.86	75	36.41
489	data/reference/motifs/JASPAR2026_CORE_plants_non-redundant_pfms_meme.txt	MA1355.2	TRB2	WARCCCTAAWT	4.34e-1	1.00e0	9.27e2	162	206	206	206	2	21	10.19	19	9.22
490	data/reference/motifs/JASPAR2026_CORE_plants_non-redundant_pfms_meme.txt	MA1353.2	AT1G72740	RWTTAGGGTTT	4.48e-1	1.00e0	9.27e2	213	206	206	206	2	36	17.48	34	16.50
491	data/reference/motifs/JASPAR2026_CORE_plants_non-redundant_pfms_meme.txt	MA1060.2	SPL7	CGTACG	1.14e-1	1.00e0	9.27e2	401	206	206	206	9	89	43.20	76	36.89
492	data/reference/motifs/JASPAR2026_CORE_plants_non-redundant_pfms_meme.txt	MA1742.2	BIZP18	TGMCAGCTGK	6.53e-1	1.00e0	9.27e2	207	206	206	206	1	102	49.51	105	50.97
493	data/reference/motifs/JASPAR2026_CORE_plants_non-redundant_pfms_meme.txt	MA1672.2	GBF2	SACGTGGCA	1.43e-1	1.00e0	9.27e2	382	206	206	206	7	38	18.45	29	14.08
494	data/reference/motifs/JASPAR2026_CORE_plants_non-redundant_pfms_meme.txt	MA2474.1	HMGB10	TWATAA	3.73e-1	1.00e0	9.27e2	394	206	206	206	5	148	71.84	144	69.90
495	data/reference/motifs/JASPAR2026_CORE_plants_non-redundant_pfms_meme.txt	MA1738.1	ATMYB31	YAMCTMCCAACHAMH	1.35e-1	1.00e0	9.27e2	352	206	206	206	3	89	43.20	77	37.38
496	data/reference/motifs/JASPAR2026_CORE_plants_non-redundant_pfms_meme.txt	MA1188.1	At3g11280	AWYCTTATCTTHWY	5.40e-1	1.00e0	9.27e2	403	206	206	206	5	86	41.75	86	41.75
497	data/reference/motifs/JASPAR2026_CORE_plants_non-redundant_pfms_meme.txt	MA1169.1	MYB105	WTHDWWACCGTTA	4.08e-1	1.00e0	9.27e2	211	206	206	206	2	49	23.79	46	22.33
498	data/reference/motifs/JASPAR2026_CORE_plants_non-redundant_pfms_meme.txt	MA1042.1	MYB59	RTTAGGTA	1.07e-1	1.00e0	9.27e2	411	206	206	206	13	28	13.59	19	9.22
499	data/reference/motifs/JASPAR2026_CORE_plants_non-redundant_pfms_meme.txt	MA1040.1	MYB46	GKTAGGTR	4.53e-1	1.00e0	9.27e2	391	206	206	206	6	46	22.33	44	21.36
500	data/reference/motifs/JASPAR2026_CORE_plants_non-redundant_pfms_meme.txt	MA1036.1	MYB111	GKTAGGTR	1.57e-1	1.00e0	9.27e2	404	206	206	206	6	88	42.72	77	37.38
501	data/reference/motifs/JASPAR2026_CORE_plants_non-redundant_pfms_meme.txt	MA0972.1	CCA1	AAATATCT	4.35e-1	1.00e0	9.27e2	400	206	206	206	2	186	90.29	184	89.32
502	data/reference/motifs/JASPAR2026_CORE_plants_non-redundant_pfms_meme.txt	MA0559.1	PI	CCAAAARWRGAAAR	1.18e-1	1.00e0	9.27e2	402	206	206	206	5	106	51.46	93	45.15
503	data/reference/motifs/JASPAR2026_CORE_plants_non-redundant_pfms_meme.txt	MA0054.1	myb.Ph3	TAACBGTTW	3.82e-1	1.00e0	9.27e2	412	206	206	206	16	88	42.72	84	40.78
504	data/reference/motifs/JASPAR2026_CORE_plants_non-redundant_pfms_meme.txt	MA2483.1	PK20543.1	TTAACC	1.13e-1	1.00e0	9.27e2	412	206	206	206	27	178	86.41	168	81.55
505	data/reference/motifs/JASPAR2026_CORE_plants_non-redundant_pfms_meme.txt	MA2482.1	PK27693.1	TTATC	1.61e-1	1.00e0	9.27e2	412	206	206	206	45	118	57.28	107	51.94
506	data/reference/motifs/JASPAR2026_CORE_plants_non-redundant_pfms_meme.txt	MA2481.1	PK12011.1	AACGG	3.16e-1	1.00e0	9.27e2	412	206	206	206	10	164	79.61	159	77.18
507	data/reference/motifs/JASPAR2026_CORE_plants_non-redundant_pfms_meme.txt	MA2478.1	PK13314.1	GGGCCCAC	1.15e-1	1.00e0	9.27e2	372	206	206	206	4	128	62.14	115	55.83
508	data/reference/motifs/JASPAR2026_CORE_plants_non-redundant_pfms_meme.txt	MA2040.2	ENAP2	CTCCGGCGA	2.33e-1	1.00e0	9.27e2	168	206	206	206	2	46	22.33	39	18.93
509	data/reference/motifs/JASPAR2026_CORE_plants_non-redundant_pfms_meme.txt	MA2039.2	ASIL2	CTCCGGCGA	3.20e-1	1.00e0	9.27e2	177	206	206	206	4	11	5.34	8	3.88
510	data/reference/motifs/JASPAR2026_CORE_plants_non-redundant_pfms_meme.txt	MA1662.2	AT3G10030	TTAACAGA	1.36e-1	1.00e0	9.27e2	406	206	206	206	4	154	74.76	143	69.42
511	data/reference/motifs/JASPAR2026_CORE_plants_non-redundant_pfms_meme.txt	MA1661.2	GTL1	GGTTAAAA	5.00e-1	1.00e0	9.27e2	412	206	206	206	19	2	0.97	1	0.49
512	data/reference/motifs/JASPAR2026_CORE_plants_non-redundant_pfms_meme.txt	MA1368.3	GT-4	TAACTATGGTTA	3.28e-1	1.00e0	9.27e2	292	206	206	206	3	57	27.67	52	25.24
513	data/reference/motifs/JASPAR2026_CORE_plants_non-redundant_pfms_meme.txt	MA1366.2	DF1	RGTAAAAA	3.12e-1	1.00e0	9.27e2	411	206	206	206	14	3	1.46	1	0.49
514	data/reference/motifs/JASPAR2026_CORE_plants_non-redundant_pfms_meme.txt	MA1365.3	AT5G47660	GGTAAAA	2.49e-1	1.00e0	9.27e2	407	206	206	206	14	2	0.97	0	0.00
515	data/reference/motifs/JASPAR2026_CORE_plants_non-redundant_pfms_meme.txt	MA1208.2	GT-2	WTTTTTACCGY	3.05e-1	1.00e0	9.27e2	409	206	206	206	3	189	91.75	185	89.81
516	data/reference/motifs/JASPAR2026_CORE_plants_non-redundant_pfms_meme.txt	MA2032.2	TRB1	AAACCCTAA	6.62e-1	1.00e0	9.27e2	401	206	206	206	2	175	84.95	177	85.92
517	data/reference/motifs/JASPAR2026_CORE_plants_non-redundant_pfms_meme.txt	MA2031.2	AT5G04760	CTTATCY	3.24e-1	1.00e0	9.27e2	411	206	206	206	5	158	76.70	153	74.27
518	data/reference/motifs/JASPAR2026_CORE_plants_non-redundant_pfms_meme.txt	MA1825.2	Zm00001d044409	CTTATC	1.93e-1	1.00e0	9.27e2	412	206	206	206	7	150	72.82	141	68.45
519	data/reference/motifs/JASPAR2026_CORE_plants_non-redundant_pfms_meme.txt	MA1812.2	ASR1	AGGCCCAAT	2.08e-1	1.00e0	9.27e2	262	206	206	206	5	9	4.37	5	2.43
520	data/reference/motifs/JASPAR2026_CORE_plants_non-redundant_pfms_meme.txt	MA1793.2	NID1	TTATCC	3.43e-1	1.00e0	9.27e2	412	206	206	206	18	204	99.03	202	98.06
521	data/reference/motifs/JASPAR2026_CORE_plants_non-redundant_pfms_meme.txt	MA1408.2	FaEOBII	GTTAGGTA	2.58e-1	1.00e0	9.27e2	411	206	206	206	13	39	18.93	33	16.02
522	data/reference/motifs/JASPAR2026_CORE_plants_non-redundant_pfms_meme.txt	MA1401.2	RVE7	AAAATATCT	3.97e-1	1.00e0	9.27e2	201	206	206	206	2	37	17.96	34	16.50
523	data/reference/motifs/JASPAR2026_CORE_plants_non-redundant_pfms_meme.txt	MA1400.2	AT1G19000	WWWTGGATAAGRW	5.00e-1	1.00e0	9.27e2	317	206	206	206	6	4	1.94	3	1.46
524	data/reference/motifs/JASPAR2026_CORE_plants_non-redundant_pfms_meme.txt	MA1398.3	KUA1	CTTATCCA	9.59e-2	1.00e0	9.27e2	412	206	206	206	10	41	19.90	30	14.56
525	data/reference/motifs/JASPAR2026_CORE_plants_non-redundant_pfms_meme.txt	MA1397.2	AT1G74840	WWTGGATAA	2.35e-1	1.00e0	9.27e2	393	206	206	206	7	11	5.34	7	3.40
526	data/reference/motifs/JASPAR2026_CORE_plants_non-redundant_pfms_meme.txt	MA1196.2	AT5G05790	AWYCTTATCYTNWT	2.21e-1	1.00e0	9.27e2	401	206	206	206	2	185	89.81	179	86.89
527	data/reference/motifs/JASPAR2026_CORE_plants_non-redundant_pfms_meme.txt	MA1195.2	AT5G56840	AAYCTTATCCAWWW	5.00e-1	1.00e0	9.27e2	385	206	206	206	8	2	0.97	1	0.49
528	data/reference/motifs/JASPAR2026_CORE_plants_non-redundant_pfms_meme.txt	MA1194.2	AT3G10580	DWDWRGATAAGVWT	1.85e-1	1.00e0	9.27e2	391	206	206	206	1	198	96.12	193	93.69
529	data/reference/motifs/JASPAR2026_CORE_plants_non-redundant_pfms_meme.txt	MA1193.2	AT2G38090	WDWGGATAAGDAT	6.38e-1	1.00e0	9.27e2	377	206	206	206	1	188	91.26	189	91.75
530	data/reference/motifs/JASPAR2026_CORE_plants_non-redundant_pfms_meme.txt	MA1192.2	DIV1	WRGATAAGRTT	4.61e-1	1.00e0	9.27e2	375	206	206	206	3	93	45.15	91	44.17
531	data/reference/motifs/JASPAR2026_CORE_plants_non-redundant_pfms_meme.txt	MA1191.2	RVE7L	AAAATATCT	5.00e-1	1.00e0	9.27e2	312	206	206	206	8	1	0.49	0	0.00
532	data/reference/motifs/JASPAR2026_CORE_plants_non-redundant_pfms_meme.txt	MA1190.2	RVE5	AGATATTTT	1.58e-1	1.00e0	9.27e2	352	206	206	206	2	127	61.65	116	56.31
533	data/reference/motifs/JASPAR2026_CORE_plants_non-redundant_pfms_meme.txt	MA1189.2	AT5G61620	WWWTGGATAAGRWW	1.10e-1	1.00e0	9.27e2	396	206	206	206	8	8	3.88	3	1.46
534	data/reference/motifs/JASPAR2026_CORE_plants_non-redundant_pfms_meme.txt	MA1187.2	RVE4	AGATATTTT	3.95e-1	1.00e0	9.27e2	321	206	206	206	4	35	16.99	32	15.53
535	data/reference/motifs/JASPAR2026_CORE_plants_non-redundant_pfms_meme.txt	MA1186.2	YAB4	AWYCTTATCYW	6.16e-1	1.00e0	9.27e2	405	206	206	206	5	96	46.60	98	47.57
536	data/reference/motifs/JASPAR2026_CORE_plants_non-redundant_pfms_meme.txt	MA1185.2	LHY	AGATATTTT	1.74e-1	1.00e0	9.27e2	336	206	206	206	5	12	5.83	7	3.40
537	data/reference/motifs/JASPAR2026_CORE_plants_non-redundant_pfms_meme.txt	MA1183.2	RVE6	AGATATTTT	1.43e-1	1.00e0	9.27e2	333	206	206	206	4	38	18.45	29	14.08
538	data/reference/motifs/JASPAR2026_CORE_plants_non-redundant_pfms_meme.txt	MA0579.2	CDC5	GCTCAGCGC	7.51e-1	1.00e0	9.27e2	265	206	206	206	9	1	0.49	1	0.49
539	data/reference/motifs/JASPAR2026_CORE_plants_non-redundant_pfms_meme.txt	MA2042.2	MYB58	CCACCAACC	4.20e-1	1.00e0	9.27e2	395	206	206	206	11	14	6.80	12	5.83
540	data/reference/motifs/JASPAR2026_CORE_plants_non-redundant_pfms_meme.txt	MA2041.2	MYB13	YCACCAACCA	4.00e-1	1.00e0	9.27e2	385	206	206	206	11	9	4.37	7	3.40
541	data/reference/motifs/JASPAR2026_CORE_plants_non-redundant_pfms_meme.txt	MA2030.2	MYB96	MCCAACTACCA	2.69e-1	1.00e0	9.27e2	361	206	206	206	5	44	21.36	38	18.45
542	data/reference/motifs/JASPAR2026_CORE_plants_non-redundant_pfms_meme.txt	MA2029.2	MYB88	ACGCTCCTC	3.57e-1	1.00e0	9.27e2	208	206	206	206	2	44	21.36	40	19.42
543	data/reference/motifs/JASPAR2026_CORE_plants_non-redundant_pfms_meme.txt	MA2027.2	MYB44	HAACGGTCA	6.55e-1	1.00e0	9.27e2	330	206	206	206	2	119	57.77	122	59.22
544	data/reference/motifs/JASPAR2026_CORE_plants_non-redundant_pfms_meme.txt	MA2025.2	MYB93	TACCAAAC	1.42e-1	1.00e0	9.27e2	411	206	206	206	17	6	2.91	2	0.97
545	data/reference/motifs/JASPAR2026_CORE_plants_non-redundant_pfms_meme.txt	MA2024.2	MYB63	YCACCTACCAC	2.08e-1	1.00e0	9.27e2	327	206	206	206	5	24	11.65	18	8.74
546	data/reference/motifs/JASPAR2026_CORE_plants_non-redundant_pfms_meme.txt	MA2008.2	MYB99	CACCTAMY	1.86e-1	1.00e0	9.27e2	303	206	206	206	1	156	75.73	147	71.36
547	data/reference/motifs/JASPAR2026_CORE_plants_non-redundant_pfms_meme.txt	MA2007.2	MYB107	CACCAAAC	1.42e-1	1.00e0	9.27e2	410	206	206	206	17	6	2.91	2	0.97
548	data/reference/motifs/JASPAR2026_CORE_plants_non-redundant_pfms_meme.txt	MA1829.2	Zm00001d035604	ACCTAAC	1.21e-1	1.00e0	9.27e2	412	206	206	206	12	70	33.98	58	28.16
549	data/reference/motifs/JASPAR2026_CORE_plants_non-redundant_pfms_meme.txt	MA1781.2	MYB94	CCAACYACYW	1.44e-1	1.00e0	9.27e2	373	206	206	206	2	147	71.36	136	66.02
550	data/reference/motifs/JASPAR2026_CORE_plants_non-redundant_pfms_meme.txt	MA1780.2	MYB92	ACCTAAC	2.57e-1	1.00e0	9.27e2	388	206	206	206	5	63	30.58	56	27.18
551	data/reference/motifs/JASPAR2026_CORE_plants_non-redundant_pfms_meme.txt	MA1779.2	MYB83	CACCAACM	9.97e-2	1.00e0	9.27e2	410	206	206	206	8	104	50.49	90	43.69
552	data/reference/motifs/JASPAR2026_CORE_plants_non-redundant_pfms_meme.txt	MA1778.2	MYB80	TYYACCTAMYTW	1.17e-1	1.00e0	9.27e2	399	206	206	206	6	51	24.76	40	19.42
553	data/reference/motifs/JASPAR2026_CORE_plants_non-redundant_pfms_meme.txt	MA1774.2	MYB60	YCAACYACYT	2.64e-1	1.00e0	9.27e2	365	206	206	206	4	70	33.98	63	30.58
554	data/reference/motifs/JASPAR2026_CORE_plants_non-redundant_pfms_meme.txt	MA1773.2	MYB51	YYYACCWACYW	1.96e-1	1.00e0	9.27e2	351	206	206	206	4	46	22.33	38	18.45
555	data/reference/motifs/JASPAR2026_CORE_plants_non-redundant_pfms_meme.txt	MA1772.2	MYB43	YTYACCWAMCWT	7.00e-1	1.00e0	9.27e2	276	206	206	206	1	136	66.02	140	67.96
556	data/reference/motifs/JASPAR2026_CORE_plants_non-redundant_pfms_meme.txt	MA1771.2	MYB41	TYACCTAMYT	2.43e-1	1.00e0	9.27e2	380	206	206	206	6	33	16.02	27	13.11
557	data/reference/motifs/JASPAR2026_CORE_plants_non-redundant_pfms_meme.txt	MA1770.2	MYB40	YTYACCWAMY	3.74e-1	1.00e0	9.27e2	320	206	206	206	4	23	11.17	20	9.71
558	data/reference/motifs/JASPAR2026_CORE_plants_non-redundant_pfms_meme.txt	MA1769.2	MYB39	YYCACCTAMYTT	3.68e-1	1.00e0	9.27e2	346	206	206	206	5	21	10.19	18	8.74
559	data/reference/motifs/JASPAR2026_CORE_plants_non-redundant_pfms_meme.txt	MA1768.2	MYB30	CCAACYACCAMC	1.00e-1	1.00e0	9.27e2	390	206	206	206	4	110	53.40	96	46.60
560	data/reference/motifs/JASPAR2026_CORE_plants_non-redundant_pfms_meme.txt	MA1766.2	MYB17	YYCACCTACCW	1.31e-1	1.00e0	9.27e2	335	206	206	206	4	45	21.84	35	16.99
561	data/reference/motifs/JASPAR2026_CORE_plants_non-redundant_pfms_meme.txt	MA1765.2	MYB121	TACCTAACW	1.46e-1	1.00e0	9.27e2	383	206	206	206	8	10	4.85	5	2.43
562	data/reference/motifs/JASPAR2026_CORE_plants_non-redundant_pfms_meme.txt	MA1762.2	MYB10	YCACCWAMCW	1.46e-1	1.00e0	9.27e2	312	206	206	206	5	10	4.85	5	2.43
563	data/reference/motifs/JASPAR2026_CORE_plants_non-redundant_pfms_meme.txt	MA1394.3	MYB73	AACGGTCA	2.62e-1	1.00e0	9.27e2	370	206	206	206	4	68	33.01	61	29.61
564	data/reference/motifs/JASPAR2026_CORE_plants_non-redundant_pfms_meme.txt	MA1393.3	MYB70	AACCGTT	6.20e-1	1.00e0	9.27e2	397	206	206	206	4	128	62.14	130	63.11
565	data/reference/motifs/JASPAR2026_CORE_plants_non-redundant_pfms_meme.txt	MA1392.3	MYB98	WMCGTTAC	1.54e-1	1.00e0	9.27e2	337	206	206	206	1	173	83.98	164	79.61
566	data/reference/motifs/JASPAR2026_CORE_plants_non-redundant_pfms_meme.txt	MA1391.3	MYB33	ATAACCGTAW	2.64e-1	1.00e0	9.27e2	388	206	206	206	1	196	95.15	192	93.20
567	data/reference/motifs/JASPAR2026_CORE_plants_non-redundant_pfms_meme.txt	MA1294.2	MYB62	WAGTTAGGY	6.87e-1	1.00e0	9.27e2	382	206	206	206	5	41	19.90	44	21.36
568	data/reference/motifs/JASPAR2026_CORE_plants_non-redundant_pfms_meme.txt	MA1293.2	MYB57	TACCTAACTT	5.00e-1	1.00e0	9.27e2	105	206	206	206	3	2	0.97	1	0.49
569	data/reference/motifs/JASPAR2026_CORE_plants_non-redundant_pfms_meme.txt	MA1292.2	MYB27	AAAAATTAGGTA	5.00e-1	1.00e0	9.27e2	108	206	206	206	4	1	0.49	0	0.00
570	data/reference/motifs/JASPAR2026_CORE_plants_non-redundant_pfms_meme.txt	MA1180.2	MYB3R4	WWWTRACCGTTR	5.00e-1	1.00e0	9.27e2	157	206	206	206	8	1	0.49	0	0.00
571	data/reference/motifs/JASPAR2026_CORE_plants_non-redundant_pfms_meme.txt	MA1179.2	MYB1	ACSGTTA	1.42e-1	1.00e0	9.27e2	322	206	206	206	1	166	80.58	156	75.73
572	data/reference/motifs/JASPAR2026_CORE_plants_non-redundant_pfms_meme.txt	MA1178.3	MYB3R1	TAACGGTC	8.08e-1	1.00e0	9.27e2	376	206	206	206	1	186	90.29	190	92.23
573	data/reference/motifs/JASPAR2026_CORE_plants_non-redundant_pfms_meme.txt	MA1177.2	MYB65	TAACCGHM	5.00e-1	1.00e0	9.27e2	411	206	206	206	4	170	82.52	169	82.04
574	data/reference/motifs/JASPAR2026_CORE_plants_non-redundant_pfms_meme.txt	MA1176.2	MYB119	RWCCGTTACA	7.34e-1	1.00e0	9.27e2	285	206	206	206	2	67	32.52	72	34.95
575	data/reference/motifs/JASPAR2026_CORE_plants_non-redundant_pfms_meme.txt	MA1174.2	MYB56	ATAACGGWHW	3.55e-1	1.00e0	9.27e2	381	206	206	206	1	192	93.20	189	91.75
576	data/reference/motifs/JASPAR2026_CORE_plants_non-redundant_pfms_meme.txt	MA1173.2	MYB101	TAACCGAAW	1.24e-1	1.00e0	9.27e2	412	206	206	206	3	206	100.00	203	98.54
577	data/reference/motifs/JASPAR2026_CORE_plants_non-redundant_pfms_meme.txt	MA1172.2	MYB3R5	AAWWDTDACCGTTR	5.00e-1	1.00e0	9.27e2	145	206	206	206	7	1	0.49	0	0.00
578	data/reference/motifs/JASPAR2026_CORE_plants_non-redundant_pfms_meme.txt	MA1171.2	MYB52	ACCGTTA	5.79e-1	1.00e0	9.27e2	179	206	206	206	1	89	43.20	90	43.69
579	data/reference/motifs/JASPAR2026_CORE_plants_non-redundant_pfms_meme.txt	MA1170.2	MYB118	RWCCGTTACRWW	5.40e-1	1.00e0	9.27e2	170	206	206	206	1	85	41.26	85	41.26
580	data/reference/motifs/JASPAR2026_CORE_plants_non-redundant_pfms_meme.txt	MA1038.2	MYB3	GGTAGGTA	1.87e-1	1.00e0	9.27e2	324	206	206	206	2	114	55.34	104	50.49
581	data/reference/motifs/JASPAR2026_CORE_plants_non-redundant_pfms_meme.txt	MA1037.2	MYB24	GTTAGGY	2.85e-1	1.00e0	9.27e2	412	206	206	206	14	193	93.69	189	91.75
582	data/reference/motifs/JASPAR2026_CORE_plants_non-redundant_pfms_meme.txt	MA1030.2	P0510F09.23	WRMCCTA	2.49e-1	1.00e0	9.27e2	412	206	206	206	29	2	0.97	0	0.00
583	data/reference/motifs/JASPAR2026_CORE_plants_non-redundant_pfms_meme.txt	MA0575.2	MYB77	GACRGTTAS	2.71e-1	1.00e0	9.27e2	257	206	206	206	1	132	64.08	125	60.68
584	data/reference/motifs/JASPAR2026_CORE_plants_non-redundant_pfms_meme.txt	MA0034.2	Gam1	YAACCGMC	2.29e-1	1.00e0	9.27e2	410	206	206	206	4	183	88.83	177	85.92
585	data/reference/motifs/JASPAR2026_CORE_plants_non-redundant_pfms_meme.txt	MA1737.2	AT5G05090	AGATHCG	1.30e-1	1.00e0	9.27e2	410	206	206	206	14	9	4.37	4	1.94
586	data/reference/motifs/JASPAR2026_CORE_plants_non-redundant_pfms_meme.txt	MA1735.2	AT2G38300	AAHATTCYHT	2.14e-1	1.00e0	9.27e2	403	206	206	206	5	96	46.60	87	42.23
587	data/reference/motifs/JASPAR2026_CORE_plants_non-redundant_pfms_meme.txt	MA1706.2	AT1G14600	WAYATTCT	1.79e-1	1.00e0	9.27e2	412	206	206	206	20	193	93.69	187	90.78
588	data/reference/motifs/JASPAR2026_CORE_plants_non-redundant_pfms_meme.txt	MA1390.3	HHO2	AAGATTCC	1.13e-1	1.00e0	9.27e2	405	206	206	206	4	155	75.24	143	69.42
589	data/reference/motifs/JASPAR2026_CORE_plants_non-redundant_pfms_meme.txt	MA1389.2	PHL1	AARGAATATTCB	2.49e-1	1.00e0	9.27e2	246	206	206	206	6	2	0.97	0	0.00
590	data/reference/motifs/JASPAR2026_CORE_plants_non-redundant_pfms_meme.txt	MA1388.2	PHL2	VGAATMT	1.86e-1	1.00e0	9.27e2	403	206	206	206	12	4	1.94	1	0.49
591	data/reference/motifs/JASPAR2026_CORE_plants_non-redundant_pfms_meme.txt	MA1387.2	HRS1	ATCRAAGATTCY	3.80e-1	1.00e0	9.27e2	359	206	206	206	3	80	38.83	76	36.89
592	data/reference/motifs/JASPAR2026_CORE_plants_non-redundant_pfms_meme.txt	MA1386.3	HHO3	AAGATTCT	1.76e-1	1.00e0	9.27e2	397	206	206	206	8	27	13.11	20	9.71
593	data/reference/motifs/JASPAR2026_CORE_plants_non-redundant_pfms_meme.txt	MA1383.2	KAN2	AATATTCTTT	3.23e-1	1.00e0	9.27e2	389	206	206	206	7	26	12.62	22	10.68
594	data/reference/motifs/JASPAR2026_CORE_plants_non-redundant_pfms_meme.txt	MA1168.2	MYR2	RGAATMTT	1.74e-1	1.00e0	9.27e2	357	206	206	206	6	12	5.83	7	3.40
595	data/reference/motifs/JASPAR2026_CORE_plants_non-redundant_pfms_meme.txt	MA1165.3	HHO6	AGATTCT	3.00e-1	1.00e0	9.27e2	409	206	206	206	7	70	33.98	64	31.07
596	data/reference/motifs/JASPAR2026_CORE_plants_non-redundant_pfms_meme.txt	MA1164.2	HHO5	RAAGATTC	1.10e-1	1.00e0	9.27e2	365	206	206	206	7	8	3.88	3	1.46
597	data/reference/motifs/JASPAR2026_CORE_plants_non-redundant_pfms_meme.txt	MA1027.2	KAN1	WTATTC	9.00e-2	1.00e0	9.27e2	412	206	206	206	67	61	29.61	48	23.30
598	data/reference/motifs/JASPAR2026_CORE_plants_non-redundant_pfms_meme.txt	MA1409.2	OsRR22	AGATACGST	9.98e-2	1.00e0	9.27e2	388	206	206	206	3	115	55.83	101	49.03
599	data/reference/motifs/JASPAR2026_CORE_plants_non-redundant_pfms_meme.txt	MA0948.2	ARR18	AGATACG	1.30e-1	1.00e0	9.27e2	412	206	206	206	22	9	4.37	4	1.94
600	data/reference/motifs/JASPAR2026_CORE_plants_non-redundant_pfms_meme.txt	MA0121.2	ARR10	AGATHYK	1.41e-1	1.00e0	9.27e2	412	206	206	206	8	67	32.52	56	27.18
601	data/reference/motifs/JASPAR2026_CORE_plants_non-redundant_pfms_meme.txt	MA2022.2	LOB	CCGCCGCCGCMGC	7.28e-1	1.00e0	9.27e2	97	206	206	206	2	23	11.17	26	12.62
602	data/reference/motifs/JASPAR2026_CORE_plants_non-redundant_pfms_meme.txt	MA2021.2	LBD13	TCCACCGT	1.05e-1	1.00e0	9.27e2	378	206	206	206	1	193	93.69	185	89.81
603	data/reference/motifs/JASPAR2026_CORE_plants_non-redundant_pfms_meme.txt	MA1823.2	Zm00001d027846	AAAGAAAA	9.29e-2	1.00e0	9.27e2	412	206	206	206	24	168	81.55	156	75.73
604	data/reference/motifs/JASPAR2026_CORE_plants_non-redundant_pfms_meme.txt	MA1747.2	DOF4.3	WAAAGWRGCTTTW	5.00e-1	1.00e0	9.27e2	77	206	206	206	3	3	1.46	2	0.97
605	data/reference/motifs/JASPAR2026_CORE_plants_non-redundant_pfms_meme.txt	MA1281.2	DOF5.1	AAAAAGWAAAAARAAAAAR	1.53e-1	1.00e0	9.27e2	407	206	206	206	9	81	39.32	70	33.98
606	data/reference/motifs/JASPAR2026_CORE_plants_non-redundant_pfms_meme.txt	MA1278.2	DOF3.4	TTYTTTTTTWVCTTTTT	2.77e-1	1.00e0	9.27e2	411	206	206	206	12	49	23.79	43	20.87
607	data/reference/motifs/JASPAR2026_CORE_plants_non-redundant_pfms_meme.txt	MA1277.2	DOF1.7	AAAAAGTARAA	9.85e-2	1.00e0	9.27e2	410	206	206	206	5	198	96.12	191	92.72
608	data/reference/motifs/JASPAR2026_CORE_plants_non-redundant_pfms_meme.txt	MA1275.2	DOF1.6	AWAAAGTR	8.81e-2	1.00e0	9.27e2	410	206	206	206	5	179	86.89	168	81.55
609	data/reference/motifs/JASPAR2026_CORE_plants_non-redundant_pfms_meme.txt	MA1272.3	DOF2.2	AAAAAG	8.89e-2	1.00e0	9.27e2	402	206	206	206	8	14	6.80	7	3.40
610	data/reference/motifs/JASPAR2026_CORE_plants_non-redundant_pfms_meme.txt	MA1270.2	DOF3.2	TWACTTTTTNNYTTTT	1.08e-1	1.00e0	9.27e2	410	206	206	206	13	5	2.43	1	0.49
611	data/reference/motifs/JASPAR2026_CORE_plants_non-redundant_pfms_meme.txt	MA1269.2	DOF4.5	AWAAAGTWRCTTT	3.07e-1	1.00e0	9.27e2	409	206	206	206	8	41	19.90	36	17.48
612	data/reference/motifs/JASPAR2026_CORE_plants_non-redundant_pfms_meme.txt	MA1268.2	CDF5	TTYACTTTTTYTTTTTTTTTT	1.10e-1	1.00e0	9.27e2	394	206	206	206	14	8	3.88	3	1.46
613	data/reference/motifs/JASPAR2026_CORE_plants_non-redundant_pfms_meme.txt	MA1267.2	DOF5.8	TTTTTHYTTTTTACTTTTT	2.23e-1	1.00e0	9.27e2	412	206	206	206	10	63	30.58	55	26.70
614	data/reference/motifs/JASPAR2026_CORE_plants_non-redundant_pfms_meme.txt	MA0973.2	CDF2	AAAAAGY	1.87e-1	1.00e0	9.27e2	412	206	206	206	23	113	54.85	103	50.00
615	data/reference/motifs/JASPAR2026_CORE_plants_non-redundant_pfms_meme.txt	MA1396.2	GATA6	AGATCTAGAT	5.00e-1	1.00e0	9.27e2	202	206	206	206	4	8	3.88	7	3.40
616	data/reference/motifs/JASPAR2026_CORE_plants_non-redundant_pfms_meme.txt	MA1325.2	GATA14	TAGATCTR	2.64e-1	1.00e0	9.27e2	332	206	206	206	6	25	12.14	20	9.71
617	data/reference/motifs/JASPAR2026_CORE_plants_non-redundant_pfms_meme.txt	MA1323.2	GATA19	GATCBGATY	1.04e-1	1.00e0	9.27e2	352	206	206	206	1	181	87.86	171	83.01
618	data/reference/motifs/JASPAR2026_CORE_plants_non-redundant_pfms_meme.txt	MA1018.2	GATA9	AGATCT	2.29e-1	1.00e0	9.27e2	331	206	206	206	1	169	82.04	162	78.64
619	data/reference/motifs/JASPAR2026_CORE_plants_non-redundant_pfms_meme.txt	MA0585.2	AGL1	TTDCCWWWWWDGGWAA	1.69e-1	1.00e0	9.27e2	364	206	206	206	9	7	3.40	3	1.46
620	data/reference/motifs/JASPAR2026_CORE_plants_non-redundant_pfms_meme.txt	MA0584.2	SEP1	CCAWAWWTRGWAA	4.05e-1	1.00e0	9.27e2	311	206	206	206	4	45	21.84	42	20.39
621	data/reference/motifs/JASPAR2026_CORE_plants_non-redundant_pfms_meme.txt	MA0558.2	FLC	CCMAAAATRGAAAG	1.05e-1	1.00e0	9.27e2	378	206	206	206	1	193	93.69	185	89.81
622	data/reference/motifs/JASPAR2026_CORE_plants_non-redundant_pfms_meme.txt	MA0556.2	AP3	CCAAAARWRGAAA	3.66e-1	1.00e0	9.27e2	392	206	206	206	5	53	25.73	49	23.79
623	data/reference/motifs/JASPAR2026_CORE_plants_non-redundant_pfms_meme.txt	MA0555.2	SVP	WWWCCAAAAAWGGAAA	1.67e-1	1.00e0	9.27e2	327	206	206	206	4	25	12.14	18	8.74
624	data/reference/motifs/JASPAR2026_CORE_plants_non-redundant_pfms_meme.txt	MA0082.2	squamosa	MCAWAWATRGWAA	1.14e-1	1.00e0	9.27e2	410	206	206	206	6	129	62.62	116	56.31
625	data/reference/motifs/JASPAR2026_CORE_plants_non-redundant_pfms_meme.txt	MA0005.3	AG	TTWCCWAAWHDGGHAA	1.51e-1	1.00e0	9.27e2	343	206	206	206	5	22	10.68	15	7.28
626	data/reference/motifs/JASPAR2026_CORE_plants_non-redundant_pfms_meme.txt	MA0001.3	AGL3	CCAWWWATAG	1.61e-1	1.00e0	9.27e2	409	206	206	206	2	200	97.09	195	94.66
627	data/reference/motifs/JASPAR2026_CORE_plants_non-redundant_pfms_meme.txt	MA1807.2	ZHD10	TAATTART	2.45e-1	1.00e0	9.27e2	375	206	206	206	4	102	49.51	94	45.63
628	data/reference/motifs/JASPAR2026_CORE_plants_non-redundant_pfms_meme.txt	MA1330.2	ZHD6	AAWHRTAATTAA	9.85e-2	1.00e0	9.27e2	406	206	206	206	15	15	7.28	8	3.88
629	data/reference/motifs/JASPAR2026_CORE_plants_non-redundant_pfms_meme.txt	MA1329.3	ZHD1	AYTAATTAA	1.80e-1	1.00e0	9.27e2	407	206	206	206	7	160	77.67	151	73.30
630	data/reference/motifs/JASPAR2026_CORE_plants_non-redundant_pfms_meme.txt	MA1213.3	ZHD3	CAATTATTG	1.01e-1	1.00e0	9.27e2	396	206	206	206	1	201	97.57	195	94.66
631	data/reference/motifs/JASPAR2026_CORE_plants_non-redundant_pfms_meme.txt	MA1824.2	Zm00001d005692	CAATAATT	1.07e-1	1.00e0	9.27e2	412	206	206	206	11	187	90.78	178	86.41
632	data/reference/motifs/JASPAR2026_CORE_plants_non-redundant_pfms_meme.txt	MA1757.2	HDG7	DCATTAAWTR	1.46e-1	1.00e0	9.27e2	398	206	206	206	6	72	34.95	61	29.61
633	data/reference/motifs/JASPAR2026_CORE_plants_non-redundant_pfms_meme.txt	MA1375.2	ANL2	GCATTAATTR	5.80e-1	1.00e0	9.27e2	386	206	206	206	1	193	93.69	193	93.69
634	data/reference/motifs/JASPAR2026_CORE_plants_non-redundant_pfms_meme.txt	MA1369.2	HDG1	YAATTAATGM	3.74e-1	1.00e0	9.27e2	399	206	206	206	2	186	90.29	183	88.83
635	data/reference/motifs/JASPAR2026_CORE_plants_non-redundant_pfms_meme.txt	MA1327.3	ATHB-23	TAATTAA	3.64e-1	1.00e0	9.27e2	394	206	206	206	7	51	24.76	47	22.82
636	data/reference/motifs/JASPAR2026_CORE_plants_non-redundant_pfms_meme.txt	MA1215.2	ATHB-53	CAATAATTG	1.06e-1	1.00e0	9.27e2	384	206	206	206	3	142	68.93	129	62.62
637	data/reference/motifs/JASPAR2026_CORE_plants_non-redundant_pfms_meme.txt	MA1212.2	ATHB-13	YAATAATT	1.73e-1	1.00e0	9.27e2	405	206	206	206	5	143	69.42	133	64.56
638	data/reference/motifs/JASPAR2026_CORE_plants_non-redundant_pfms_meme.txt	MA1211.2	ATHB-X	YAATYATTD	2.87e-1	1.00e0	9.27e2	395	206	206	206	8	32	15.53	27	13.11
639	data/reference/motifs/JASPAR2026_CORE_plants_non-redundant_pfms_meme.txt	MA1209.2	ATHB-20	YAATAATT	3.70e-1	1.00e0	9.27e2	363	206	206	206	5	58	28.16	54	26.21
640	data/reference/motifs/JASPAR2026_CORE_plants_non-redundant_pfms_meme.txt	MA0990.2	HDG11	AWTWAATGC	1.69e-1	1.00e0	9.27e2	412	206	206	206	47	7	3.40	3	1.46
641	data/reference/motifs/JASPAR2026_CORE_plants_non-redundant_pfms_meme.txt	MA0953.2	ATHB-6	CAATHAT	2.49e-1	1.00e0	9.27e2	412	206	206	206	96	2	0.97	0	0.00
642	data/reference/motifs/JASPAR2026_CORE_plants_non-redundant_pfms_meme.txt	MA0008.4	HAT5	CAATAATTG	2.91e-1	1.00e0	9.27e2	378	206	206	206	6	60	29.13	54	26.21
643	data/reference/motifs/JASPAR2026_CORE_plants_non-redundant_pfms_meme.txt	MA2020.2	HSFB4	GAAGTTTCCR	2.13e-1	1.00e0	9.27e2	338	206	206	206	5	16	7.77	11	5.34
644	data/reference/motifs/JASPAR2026_CORE_plants_non-redundant_pfms_meme.txt	MA2019.2	HSFA1B	GAAACTTC	1.86e-1	1.00e0	9.27e2	396	206	206	206	11	4	1.94	1	0.49
645	data/reference/motifs/JASPAR2026_CORE_plants_non-redundant_pfms_meme.txt	MA1759.2	HSFA4A	AGAAGCTTCTAGAA	2.40e-1	1.00e0	9.27e2	162	206	206	206	1	85	41.26	77	37.38
646	data/reference/motifs/JASPAR2026_CORE_plants_non-redundant_pfms_meme.txt	MA1667.3	HSFC1	TTCYAGAA	1.98e-1	1.00e0	9.27e2	370	206	206	206	2	167	81.07	159	77.18
647	data/reference/motifs/JASPAR2026_CORE_plants_non-redundant_pfms_meme.txt	MA1666.3	HSFB2B	RGAAGSTTCTA	1.26e-1	1.00e0	9.27e2	284	206	206	206	5	13	6.31	7	3.40
648	data/reference/motifs/JASPAR2026_CORE_plants_non-redundant_pfms_meme.txt	MA1664.3	HSFA6B	TTCTRGAA	1.30e-1	1.00e0	9.27e2	399	206	206	206	1	202	98.06	197	95.63
649	data/reference/motifs/JASPAR2026_CORE_plants_non-redundant_pfms_meme.txt	MA1805.2	WRKY53	RGTCAAC	3.28e-1	1.00e0	9.27e2	412	206	206	206	5	182	88.35	178	86.41
650	data/reference/motifs/JASPAR2026_CORE_plants_non-redundant_pfms_meme.txt	MA1318.2	WRKY27	CGTTGACTTTT	2.42e-1	1.00e0	9.27e2	170	206	206	206	1	89	43.20	81	39.32
651	data/reference/motifs/JASPAR2026_CORE_plants_non-redundant_pfms_meme.txt	MA1315.2	WRKY24	CGTTGACTTTT	1.69e-1	1.00e0	9.27e2	243	206	206	206	4	7	3.40	3	1.46
652	data/reference/motifs/JASPAR2026_CORE_plants_non-redundant_pfms_meme.txt	MA1314.2	WRKY14	AAAGTCAACG	1.72e-1	1.00e0	9.27e2	233	206	206	206	3	18	8.74	12	5.83
653	data/reference/motifs/JASPAR2026_CORE_plants_non-redundant_pfms_meme.txt	MA1312.2	WRKY47	CGTTGACYW	4.37e-1	1.00e0	9.27e2	327	206	206	206	4	23	11.17	21	10.19
654	data/reference/motifs/JASPAR2026_CORE_plants_non-redundant_pfms_meme.txt	MA1311.3	WRKY28	RGTCAAC	2.76e-1	1.00e0	9.27e2	407	206	206	206	6	93	45.15	86	41.75
655	data/reference/motifs/JASPAR2026_CORE_plants_non-redundant_pfms_meme.txt	MA1310.2	WRKY42	CGTTGACT	3.12e-1	1.00e0	9.27e2	255	206	206	206	5	3	1.46	1	0.49
656	data/reference/motifs/JASPAR2026_CORE_plants_non-redundant_pfms_meme.txt	MA1307.3	WRKY31	RGTCAACG	3.04e-1	1.00e0	9.27e2	358	206	206	206	3	78	37.86	72	34.95
657	data/reference/motifs/JASPAR2026_CORE_plants_non-redundant_pfms_meme.txt	MA1306.2	WRKY11	CGTTGACTTTT	5.00e-1	1.00e0	9.27e2	232	206	206	206	4	3	1.46	2	0.97
658	data/reference/motifs/JASPAR2026_CORE_plants_non-redundant_pfms_meme.txt	MA1302.2	WRKY65	AAAGTCAACG	4.00e-1	1.00e0	9.27e2	275	206	206	206	4	9	4.37	7	3.40
659	data/reference/motifs/JASPAR2026_CORE_plants_non-redundant_pfms_meme.txt	MA1301.2	WRKY33	AAAGTCAACG	2.51e-1	1.00e0	9.27e2	242	206	206	206	4	6	2.91	3	1.46
660	data/reference/motifs/JASPAR2026_CORE_plants_non-redundant_pfms_meme.txt	MA1300.2	WRKY6	CGTTGACT	5.00e-1	1.00e0	9.27e2	209	206	206	206	4	4	1.94	3	1.46
661	data/reference/motifs/JASPAR2026_CORE_plants_non-redundant_pfms_meme.txt	MA1297.2	WRKY26	AAAAGTCAACG	2.49e-1	1.00e0	9.27e2	238	206	206	206	5	2	0.97	0	0.00
662	data/reference/motifs/JASPAR2026_CORE_plants_non-redundant_pfms_meme.txt	MA1296.2	WRKY46	CGTTGACTTT	2.15e-1	1.00e0	9.27e2	221	206	206	206	1	115	55.83	106	51.46
663	data/reference/motifs/JASPAR2026_CORE_plants_non-redundant_pfms_meme.txt	MA1295.2	WRKY20	CGTTGACY	1.58e-1	1.00e0	9.27e2	302	206	206	206	1	156	75.73	146	70.87
664	data/reference/motifs/JASPAR2026_CORE_plants_non-redundant_pfms_meme.txt	MA1094.3	WRKY8	AAAAGTCAACG	2.08e-1	1.00e0	9.27e2	270	206	206	206	4	9	4.37	5	2.43
665	data/reference/motifs/JASPAR2026_CORE_plants_non-redundant_pfms_meme.txt	MA1093.2	WRKY75	RGTCAAC	3.86e-1	1.00e0	9.27e2	271	206	206	206	5	7	3.40	5	2.43
666	data/reference/motifs/JASPAR2026_CORE_plants_non-redundant_pfms_meme.txt	MA1092.2	WRKY63	GGTCAA	1.46e-1	1.00e0	9.27e2	349	206	206	206	5	15	7.28	9	4.37
667	data/reference/motifs/JASPAR2026_CORE_plants_non-redundant_pfms_meme.txt	MA1090.2	WRKY60	GGTCAAC	4.58e-1	1.00e0	9.27e2	350	206	206	206	3	68	33.01	66	32.04
668	data/reference/motifs/JASPAR2026_CORE_plants_non-redundant_pfms_meme.txt	MA1087.3	WRKY45	AAAAGTCAAM	1.24e-1	1.00e0	9.27e2	387	206	206	206	4	73	35.44	61	29.61
669	data/reference/motifs/JASPAR2026_CORE_plants_non-redundant_pfms_meme.txt	MA1083.3	WRKY30	ARGTCAACG	1.54e-1	1.00e0	9.27e2	347	206	206	206	4	42	20.39	33	16.02
670	data/reference/motifs/JASPAR2026_CORE_plants_non-redundant_pfms_meme.txt	MA1078.2	WRKY2	GGTCAAM	3.02e-1	1.00e0	9.27e2	392	206	206	206	3	138	66.99	132	64.08
671	data/reference/motifs/JASPAR2026_CORE_plants_non-redundant_pfms_meme.txt	MA1076.3	WRKY15	RGTCAACG	1.92e-1	1.00e0	9.27e2	376	206	206	206	1	191	92.72	185	89.81
672	data/reference/motifs/JASPAR2026_CORE_plants_non-redundant_pfms_meme.txt	MA2053.2	NAC105	CAAGCAACC	3.12e-1	1.00e0	9.27e2	405	206	206	206	14	3	1.46	1	0.49
673	data/reference/motifs/JASPAR2026_CORE_plants_non-redundant_pfms_meme.txt	MA2050.2	NAC101	CAAGCAA	2.49e-1	1.00e0	9.27e2	412	206	206	206	22	2	0.97	0	0.00
674	data/reference/motifs/JASPAR2026_CORE_plants_non-redundant_pfms_meme.txt	MA2048.2	NAC045	GAAGCAAC	2.25e-1	1.00e0	9.27e2	408	206	206	206	5	149	72.33	141	68.45
675	data/reference/motifs/JASPAR2026_CORE_plants_non-redundant_pfms_meme.txt	MA2047.2	NAC037	CAAGCAA	2.45e-1	1.00e0	9.27e2	411	206	206	206	11	53	25.73	46	22.33
676	data/reference/motifs/JASPAR2026_CORE_plants_non-redundant_pfms_meme.txt	MA2044.2	NAC007	CAAGCAA	3.45e-1	1.00e0	9.27e2	412	206	206	206	9	91	44.17	86	41.75
677	data/reference/motifs/JASPAR2026_CORE_plants_non-redundant_pfms_meme.txt	MA2043.2	NAC004	CAAGAAA	1.89e-1	1.00e0	9.27e2	410	206	206	206	10	61	29.61	52	25.24
678	data/reference/motifs/JASPAR2026_CORE_plants_non-redundant_pfms_meme.txt	MA2038.2	NAC103	CAAGTTA	1.53e-1	1.00e0	9.27e2	412	206	206	206	14	31	15.05	23	11.17
679	data/reference/motifs/JASPAR2026_CORE_plants_non-redundant_pfms_meme.txt	MA2036.2	NAC076	CAAGCAA	3.46e-1	1.00e0	9.27e2	412	206	206	206	9	98	47.57	93	45.15
680	data/reference/motifs/JASPAR2026_CORE_plants_non-redundant_pfms_meme.txt	MA2034.2	NAC057	CAAGTAA	8.89e-2	1.00e0	9.27e2	412	206	206	206	5	199	96.60	192	93.20
681	data/reference/motifs/JASPAR2026_CORE_plants_non-redundant_pfms_meme.txt	MA2010.2	SMB	CAAGCAA	4.41e-1	1.00e0	9.27e2	412	206	206	206	14	27	13.11	25	12.14
682	data/reference/motifs/JASPAR2026_CORE_plants_non-redundant_pfms_meme.txt	MA1787.2	NAC047	ACACGTMWCT	1.44e-1	1.00e0	9.27e2	366	206	206	206	4	70	33.98	59	28.64
683	data/reference/motifs/JASPAR2026_CORE_plants_non-redundant_pfms_meme.txt	MA1786.2	NAC019	YACGBMA	1.86e-1	1.00e0	9.27e2	412	206	206	206	26	4	1.94	1	0.49
684	data/reference/motifs/JASPAR2026_CORE_plants_non-redundant_pfms_meme.txt	MA1785.2	NAC018	ACACGYAACY	3.43e-1	1.00e0	9.27e2	325	206	206	206	7	4	1.94	2	0.97
685	data/reference/motifs/JASPAR2026_CORE_plants_non-redundant_pfms_meme.txt	MA1676.3	NAC062	TAAGTAA	1.11e-1	1.00e0	9.27e2	412	206	206	206	20	22	10.68	14	6.80
686	data/reference/motifs/JASPAR2026_CORE_plants_non-redundant_pfms_meme.txt	MA1675.2	NAC029	ACGCAACT	2.76e-1	1.00e0	9.27e2	387	206	206	206	5	48	23.30	42	20.39
687	data/reference/motifs/JASPAR2026_CORE_plants_non-redundant_pfms_meme.txt	MA1674.3	NAC017	CAAGTAA	1.03e-1	1.00e0	9.27e2	412	206	206	206	12	44	21.36	33	16.02
688	data/reference/motifs/JASPAR2026_CORE_plants_non-redundant_pfms_meme.txt	MA1663.3	NAC050	CAAGTAAC	9.47e-2	1.00e0	9.27e2	410	206	206	206	9	51	24.76	39	18.93
689	data/reference/motifs/JASPAR2026_CORE_plants_non-redundant_pfms_meme.txt	MA1045.2	NAC043	TWACGTAA	2.35e-1	1.00e0	9.27e2	394	206	206	206	1	199	96.60	195	94.66
690	data/reference/motifs/JASPAR2026_CORE_plants_non-redundant_pfms_meme.txt	MA1043.2	NAC083	YACGYAA	2.85e-1	1.00e0	9.27e2	137	206	206	206	2	17	8.25	13	6.31
691	data/reference/motifs/JASPAR2026_CORE_plants_non-redundant_pfms_meme.txt	MA1414.2	E2FA	GCGCCA	1.19e-1	1.00e0	9.27e2	366	206	206	206	3	110	53.40	97	47.09
692	data/reference/motifs/JASPAR2026_CORE_plants_non-redundant_pfms_meme.txt	MA1813.2	EIL4	TWCAATGAA	1.97e-1	1.00e0	9.27e2	403	206	206	206	7	68	33.01	59	28.64
693	data/reference/motifs/JASPAR2026_CORE_plants_non-redundant_pfms_meme.txt	MA1809.2	GLYMA-07G038400	CTGACAC	1.46e-1	1.00e0	9.27e2	411	206	206	206	3	201	97.57	196	95.15
694	data/reference/motifs/JASPAR2026_CORE_plants_non-redundant_pfms_meme.txt	MA1756.2	GRF9	TGTCAGA	4.29e-1	1.00e0	9.27e2	349	206	206	206	5	18	8.74	16	7.77
695	data/reference/motifs/JASPAR2026_CORE_plants_non-redundant_pfms_meme.txt	MA2016.2	GRF6	TCTGACA	3.20e-1	1.00e0	9.27e2	182	206	206	206	3	11	5.34	8	3.88
696	data/reference/motifs/JASPAR2026_CORE_plants_non-redundant_pfms_meme.txt	MA1801.2	TREE1	AGCTD	2.90e-1	1.00e0	9.27e2	412	206	206	206	32	153	74.27	147	71.36
697	data/reference/motifs/JASPAR2026_CORE_plants_non-redundant_pfms_meme.txt	MA1736.2	AT5G04390	TCACT	1.10e-1	1.00e0	9.27e2	412	206	206	206	13	37	17.96	27	13.11
698	data/reference/motifs/JASPAR2026_CORE_plants_non-redundant_pfms_meme.txt	MA1405.2	SIZF2	ACTGACAGT	3.26e-1	1.00e0	9.27e2	335	206	206	206	7	27	13.11	23	11.17
699	data/reference/motifs/JASPAR2026_CORE_plants_non-redundant_pfms_meme.txt	MA1372.2	ZAT10	CACTNHCACT	2.46e-1	1.00e0	9.27e2	412	206	206	206	15	12	5.83	8	3.88
700	data/reference/motifs/JASPAR2026_CORE_plants_non-redundant_pfms_meme.txt	MA1371.2	IDD4	ASAAAAMGACAAAAA	1.87e-1	1.00e0	9.27e2	220	206	206	206	1	115	55.83	105	50.97
701	data/reference/motifs/JASPAR2026_CORE_plants_non-redundant_pfms_meme.txt	MA1370.2	IDD5	TTTTGTCGTTTWST	2.36e-1	1.00e0	9.27e2	213	206	206	206	2	48	23.30	41	19.90
702	data/reference/motifs/JASPAR2026_CORE_plants_non-redundant_pfms_meme.txt	MA1160.2	IDD6	TTTTTGTCGTTTTSTK	1.69e-1	1.00e0	9.27e2	212	206	206	206	4	7	3.40	3	1.46
703	data/reference/motifs/JASPAR2026_CORE_plants_non-redundant_pfms_meme.txt	MA1159.2	SGR5	AAAWAAGACAAAA	4.14e-1	1.00e0	9.27e2	366	206	206	206	6	12	5.83	10	4.85
704	data/reference/motifs/JASPAR2026_CORE_plants_non-redundant_pfms_meme.txt	MA1156.2	JKD	TTTTGTCKTTTT	1.79e-1	1.00e0	9.27e2	344	206	206	206	4	39	18.93	31	15.05
705	data/reference/motifs/JASPAR2026_CORE_plants_non-redundant_pfms_meme.txt	MA2015.2	NAC002	ACGCAACT	2.49e-1	1.00e0	9.27e2	399	206	206	206	13	2	0.97	0	0.00
706	data/reference/motifs/JASPAR2026_CORE_plants_non-redundant_pfms_meme.txt	MA1743.2	BZIP2	TGCTGACGTGGCA	7.13e-1	1.00e0	9.27e2	59	206	206	206	1	28	13.59	31	15.05
707	data/reference/motifs/JASPAR2026_CORE_plants_non-redundant_pfms_meme.txt	MA1345.2	BZIP48	GCCACGTCAGCA	7.19e-1	1.00e0	9.27e2	55	206	206	206	1	26	12.62	29	14.08
708	data/reference/motifs/JASPAR2026_CORE_plants_non-redundant_pfms_meme.txt	MA1341.2	BZIP53	TGCTGACGTGGCA	6.16e-1	1.00e0	9.27e2	53	206	206	206	1	26	12.62	27	13.11
709	data/reference/motifs/JASPAR2026_CORE_plants_non-redundant_pfms_meme.txt	MA1340.2	BZIP3	TGMTGACGTGGCA	6.88e-1	1.00e0	9.27e2	96	206	206	206	3	2	0.97	2	0.97
710	data/reference/motifs/JASPAR2026_CORE_plants_non-redundant_pfms_meme.txt	MA1337.2	BZIP44	WGCTGACGTGGCA	6.57e-1	1.00e0	9.27e2	56	206	206	206	2	3	1.46	3	1.46
711	data/reference/motifs/JASPAR2026_CORE_plants_non-redundant_pfms_meme.txt	MA1334.2	BZIP11	TGCCACGTCAGCA	5.00e-1	1.00e0	9.27e2	53	206	206	206	1	27	13.11	26	12.62
712	data/reference/motifs/JASPAR2026_CORE_plants_non-redundant_pfms_meme.txt	MA1803.2	VIP1	TGMCAGCTGT	3.12e-1	1.00e0	9.27e2	179	206	206	206	4	3	1.46	1	0.49
713	data/reference/motifs/JASPAR2026_CORE_plants_non-redundant_pfms_meme.txt	MA1744.2	BZIP30	GMCAGCTGK	2.20e-1	1.00e0	9.27e2	399	206	206	206	7	61	29.61	53	25.73
714	data/reference/motifs/JASPAR2026_CORE_plants_non-redundant_pfms_meme.txt	MA0968.3	BZIP68	TGCCACGTSA	2.42e-1	1.00e0	9.27e2	170	206	206	206	1	89	43.20	81	39.32
715	data/reference/motifs/JASPAR2026_CORE_plants_non-redundant_pfms_meme.txt	MA1070.3	TGA7	ATGACGTCAB	3.78e-1	1.00e0	9.27e2	174	206	206	206	3	25	12.14	22	10.68
716	data/reference/motifs/JASPAR2026_CORE_plants_non-redundant_pfms_meme.txt	MA1069.3	TGA6	ATGAYGTCAT	1.39e-1	1.00e0	9.27e2	301	206	206	206	2	103	50.00	91	44.17
717	data/reference/motifs/JASPAR2026_CORE_plants_non-redundant_pfms_meme.txt	MA1068.3	TGA2	ATGACGTCAY	5.89e-1	1.00e0	9.27e2	107	206	206	206	1	53	25.73	54	26.21
718	data/reference/motifs/JASPAR2026_CORE_plants_non-redundant_pfms_meme.txt	MA1417.2	O2	TGCCACGTCATC	4.29e-1	1.00e0	9.27e2	138	206	206	206	2	18	8.74	16	7.77
719	data/reference/motifs/JASPAR2026_CORE_plants_non-redundant_pfms_meme.txt	MA0941.2	ABF2	ACACGTG	1.48e-1	1.00e0	9.27e2	400	206	206	206	8	74	35.92	63	30.58
720	data/reference/motifs/JASPAR2026_CORE_plants_non-redundant_pfms_meme.txt	MA0930.3	ABF3	ACGTGTC	1.12e-1	1.00e0	9.27e2	401	206	206	206	7	85	41.26	72	34.95
721	data/reference/motifs/JASPAR2026_CORE_plants_non-redundant_pfms_meme.txt	MA1822.2	Zm00001d018571	GTACGTAC	1.15e-1	1.00e0	9.27e2	338	206	206	206	6	65	31.55	53	25.73
722	data/reference/motifs/JASPAR2026_CORE_plants_non-redundant_pfms_meme.txt	MA1828.2	Zm00001d038683	GTGGTCCA	1.69e-1	1.00e0	9.27e2	360	206	206	206	12	7	3.40	3	1.46
723	data/reference/motifs/JASPAR2026_CORE_plants_non-redundant_pfms_meme.txt	MA1063.2	TCP19	GGSCCCAC	1.53e-1	1.00e0	9.27e2	393	206	206	206	9	31	15.05	23	11.17
724	data/reference/motifs/JASPAR2026_CORE_plants_non-redundant_pfms_meme.txt	MA1019.2	Glyma19g26560.1	GGSCCCAC	1.85e-1	1.00e0	9.27e2	368	206	206	206	4	92	44.66	82	39.81
725	data/reference/motifs/JASPAR2026_CORE_plants_non-redundant_pfms_meme.txt	MA0587.2	TCP16	GTGGACCC	2.51e-1	1.00e0	9.27e2	221	206	206	206	5	6	2.91	3	1.46
726	data/reference/motifs/JASPAR2026_CORE_plants_non-redundant_pfms_meme.txt	MA1739.2	BHLH122	CMACTTG	1.54e-1	1.00e0	9.27e2	259	206	206	206	1	135	65.53	124	60.19
727	data/reference/motifs/JASPAR2026_CORE_plants_non-redundant_pfms_meme.txt	MA1357.2	bHLH80	TGCAAGTKG	5.00e-1	1.00e0	9.27e2	122	206	206	206	5	1	0.49	0	0.00
728	data/reference/motifs/JASPAR2026_CORE_plants_non-redundant_pfms_meme.txt	MA0961.2	bHLH112	CCACTTG	7.51e-1	1.00e0	9.27e2	86	206	206	206	4	1	0.49	1	0.49
729	data/reference/motifs/JASPAR2026_CORE_plants_non-redundant_pfms_meme.txt	MA0956.2	BEE2	CACGTG	1.16e-1	1.00e0	9.27e2	411	206	206	206	16	125	60.68	112	54.37
730	data/reference/motifs/JASPAR2026_CORE_plants_non-redundant_pfms_meme.txt	MA0582.2	RAV1	GCAACA	1.18e-1	1.00e0	9.27e2	408	206	206	206	7	119	57.77	106	51.46
731	data/reference/motifs/JASPAR2026_CORE_plants_non-redundant_pfms_meme.txt	MA1698.2	ARF7	GCCGACAAG	3.07e-1	1.00e0	9.27e2	318	206	206	206	3	84	40.78	78	37.86
732	data/reference/motifs/JASPAR2026_CORE_plants_non-redundant_pfms_meme.txt	MA1696.2	ARF39	GGGGRACACGT	2.99e-1	1.00e0	9.27e2	343	206	206	206	1	174	84.47	169	82.04
733	data/reference/motifs/JASPAR2026_CORE_plants_non-redundant_pfms_meme.txt	MA1695.2	ARF36	GGGGGACAHGTC	2.76e-1	1.00e0	9.27e2	229	206	206	206	1	118	57.28	111	53.88
734	data/reference/motifs/JASPAR2026_CORE_plants_non-redundant_pfms_meme.txt	MA1694.2	ARF35	CCCGACAAG	3.94e-1	1.00e0	9.27e2	347	206	206	206	1	175	84.95	172	83.50
735	data/reference/motifs/JASPAR2026_CORE_plants_non-redundant_pfms_meme.txt	MA1692.2	ARF29	GCCGACAA	3.11e-1	1.00e0	9.27e2	379	206	206	206	9	10	4.85	7	3.40
736	data/reference/motifs/JASPAR2026_CORE_plants_non-redundant_pfms_meme.txt	MA1690.2	ARF25	ARMGGGRGACAM	3.42e-1	1.00e0	9.27e2	261	206	206	206	3	34	16.50	30	14.56
737	data/reference/motifs/JASPAR2026_CORE_plants_non-redundant_pfms_meme.txt	MA1685.2	ARF10	ARNGGGAGACA	5.83e-1	1.00e0	9.27e2	300	206	206	206	6	12	5.83	12	5.83
738	data/reference/motifs/JASPAR2026_CORE_plants_non-redundant_pfms_meme.txt	MA0944.2	ARF8	TGTCGG	1.10e-1	1.00e0	9.27e2	412	206	206	206	8	203	98.54	198	96.12
739	data/reference/motifs/JASPAR2026_CORE_plants_non-redundant_pfms_meme.txt	MA0943.2	ARF5	RCCGACA	5.00e-1	1.00e0	9.27e2	367	206	206	206	11	3	1.46	2	0.97
740	data/reference/motifs/JASPAR2026_CORE_plants_non-redundant_pfms_meme.txt	MA0942.2	ARF1	ACCGACA	5.00e-1	1.00e0	9.27e2	307	206	206	206	8	2	0.97	1	0.49
741	data/reference/motifs/JASPAR2026_CORE_plants_non-redundant_pfms_meme.txt	MA0581.2	LEC2	CATGCR	1.55e-1	1.00e0	9.27e2	306	206	206	206	1	158	76.70	148	71.84
742	data/reference/motifs/JASPAR2026_CORE_plants_non-redundant_pfms_meme.txt	MA2013.2	ERF115	YCGCCGCCGCM	7.83e-1	1.00e0	9.27e2	108	206	206	206	1	51	24.76	57	27.67
743	data/reference/motifs/JASPAR2026_CORE_plants_non-redundant_pfms_meme.txt	MA2011.2	ERF010	CACCGACA	3.11e-1	1.00e0	9.27e2	321	206	206	206	2	106	51.46	100	48.54
744	data/reference/motifs/JASPAR2026_CORE_plants_non-redundant_pfms_meme.txt	MA1833.2	Zm00001d049364	CCGCCGCCGCC	3.78e-1	1.00e0	9.27e2	142	206	206	206	1	73	35.44	69	33.50
745	data/reference/motifs/JASPAR2026_CORE_plants_non-redundant_pfms_meme.txt	MA1831.2	Zm00001d031796	GACGGCGACG	5.00e-1	1.00e0	9.27e2	232	206	206	206	4	31	15.05	30	14.56
746	data/reference/motifs/JASPAR2026_CORE_plants_non-redundant_pfms_meme.txt	MA1817.2	Zm00001d020267	CGCCGCCGCC	3.80e-1	1.00e0	9.27e2	156	206	206	206	1	80	38.83	76	36.89
747	data/reference/motifs/JASPAR2026_CORE_plants_non-redundant_pfms_meme.txt	MA1804.2	WIN1	CRCCGC	2.12e-1	1.00e0	9.27e2	411	206	206	206	11	126	61.17	117	56.80
748	data/reference/motifs/JASPAR2026_CORE_plants_non-redundant_pfms_meme.txt	MA1795.2	RAP2-4	CRCCGACC	1.35e-1	1.00e0	9.27e2	408	206	206	206	9	91	44.17	79	38.35
749	data/reference/motifs/JASPAR2026_CORE_plants_non-redundant_pfms_meme.txt	MA1754.2	ERF073	CKCCGCCGCCR	5.00e-1	1.00e0	9.27e2	72	206	206	206	2	13	6.31	12	5.83
750	data/reference/motifs/JASPAR2026_CORE_plants_non-redundant_pfms_meme.txt	MA1753.2	ERF057	CCDCCDCCRCCGCC	5.75e-1	1.00e0	9.27e2	122	206	206	206	3	15	7.28	15	7.28
751	data/reference/motifs/JASPAR2026_CORE_plants_non-redundant_pfms_meme.txt	MA1752.2	ERF025	YGCCGACA	5.00e-1	1.00e0	9.27e2	186	206	206	206	8	1	0.49	0	0.00
752	data/reference/motifs/JASPAR2026_CORE_plants_non-redundant_pfms_meme.txt	MA1748.2	DREB1F	GCCGAC	3.43e-1	1.00e0	9.27e2	370	206	206	206	15	4	1.94	2	0.97
753	data/reference/motifs/JASPAR2026_CORE_plants_non-redundant_pfms_meme.txt	MA1679.2	RAP2-1	CACCGACA	2.64e-1	1.00e0	9.27e2	288	206	206	206	5	14	6.80	10	4.85
754	data/reference/motifs/JASPAR2026_CORE_plants_non-redundant_pfms_meme.txt	MA1671.2	ERF118	CCGCCGCC	5.00e-1	1.00e0	9.27e2	189	206	206	206	1	95	46.12	94	45.63
755	data/reference/motifs/JASPAR2026_CORE_plants_non-redundant_pfms_meme.txt	MA1670.2	DREB1C	GCCGACAT	2.49e-1	1.00e0	9.27e2	335	206	206	206	10	2	0.97	0	0.00
756	data/reference/motifs/JASPAR2026_CORE_plants_non-redundant_pfms_meme.txt	MA1669.2	DREB1B	GCCGACAT	5.00e-1	1.00e0	9.27e2	315	206	206	206	9	1	0.49	0	0.00
757	data/reference/motifs/JASPAR2026_CORE_plants_non-redundant_pfms_meme.txt	MA1424.2	ERF019	CCACCGACA	3.75e-1	1.00e0	9.27e2	129	206	206	206	3	6	2.91	4	1.94
758	data/reference/motifs/JASPAR2026_CORE_plants_non-redundant_pfms_meme.txt	MA1266.2	RAP2-11	YCDYCGCCGGC	2.84e-1	1.00e0	9.27e2	138	206	206	206	2	31	15.05	26	12.62
759	data/reference/motifs/JASPAR2026_CORE_plants_non-redundant_pfms_meme.txt	MA1265.3	ERF015	CACCGACA	1.46e-1	1.00e0	9.27e2	284	206	206	206	6	10	4.85	5	2.43
760	data/reference/motifs/JASPAR2026_CORE_plants_non-redundant_pfms_meme.txt	MA1264.2	ERF095	RYGGCGGCGGHGG	5.99e-1	1.00e0	9.27e2	79	206	206	206	1	39	18.93	40	19.42
761	data/reference/motifs/JASPAR2026_CORE_plants_non-redundant_pfms_meme.txt	MA1263.2	ERF055	KGKCGGTGG	3.28e-1	1.00e0	9.27e2	165	206	206	206	2	28	13.59	24	11.65
762	data/reference/motifs/JASPAR2026_CORE_plants_non-redundant_pfms_meme.txt	MA1261.2	ERF122	TRCGGCKGHG	2.87e-1	1.00e0	9.27e2	270	206	206	206	6	8	3.88	5	2.43
763	data/reference/motifs/JASPAR2026_CORE_plants_non-redundant_pfms_meme.txt	MA1259.2	ERF023	TGTCGGTGR	5.73e-1	1.00e0	9.27e2	120	206	206	206	2	16	7.77	16	7.77
764	data/reference/motifs/JASPAR2026_CORE_plants_non-redundant_pfms_meme.txt	MA1258.2	DREB2A	AWGKCGGTG	3.62e-1	1.00e0	9.27e2	174	206	206	206	4	5	2.43	3	1.46
765	data/reference/motifs/JASPAR2026_CORE_plants_non-redundant_pfms_meme.txt	MA1256.2	RAP2-12	DRYGGCGGCGG	6.07e-1	1.00e0	9.27e2	114	206	206	206	3	7	3.40	7	3.40
766	data/reference/motifs/JASPAR2026_CORE_plants_non-redundant_pfms_meme.txt	MA1253.2	ERF036	TGTCGGTG	7.28e-1	1.00e0	9.27e2	271	206	206	206	6	5	2.43	6	2.91
767	data/reference/motifs/JASPAR2026_CORE_plants_non-redundant_pfms_meme.txt	MA1252.2	ERF086	CCKCCGCCGY	5.00e-1	1.00e0	9.27e2	99	206	206	206	1	50	24.27	49	23.79
768	data/reference/motifs/JASPAR2026_CORE_plants_non-redundant_pfms_meme.txt	MA1251.2	RAP2-9	CACCGACAW	4.17e-1	1.00e0	9.27e2	98	206	206	206	2	13	6.31	11	5.34
769	data/reference/motifs/JASPAR2026_CORE_plants_non-redundant_pfms_meme.txt	MA1250.2	DREB2D	CCDCCDCCACCGCC	3.40e-1	1.00e0	9.27e2	147	206	206	206	1	76	36.89	71	34.47
770	data/reference/motifs/JASPAR2026_CORE_plants_non-redundant_pfms_meme.txt	MA1247.2	ERF087	GRCGGCGGMG	7.51e-1	1.00e0	9.27e2	86	206	206	206	9	1	0.49	1	0.49
771	data/reference/motifs/JASPAR2026_CORE_plants_non-redundant_pfms_meme.txt	MA1246.2	LEP	CKCCGCCGYC	4.34e-1	1.00e0	9.27e2	145	206	206	206	3	21	10.19	19	9.22
772	data/reference/motifs/JASPAR2026_CORE_plants_non-redundant_pfms_meme.txt	MA1245.3	ERF112	CCGCCGCCR	1.88e-1	1.00e0	9.27e2	210	206	206	206	1	110	53.40	100	48.54
773	data/reference/motifs/JASPAR2026_CORE_plants_non-redundant_pfms_meme.txt	MA1244.2	ABR1	DTKGCGGCGGMG	5.84e-1	1.00e0	9.27e2	129	206	206	206	1	64	31.07	65	31.55
774	data/reference/motifs/JASPAR2026_CORE_plants_non-redundant_pfms_meme.txt	MA1240.2	ERF077	CCGCCGCCRY	3.33e-1	1.00e0	9.27e2	138	206	206	206	2	30	14.56	26	12.62
775	data/reference/motifs/JASPAR2026_CORE_plants_non-redundant_pfms_meme.txt	MA1239.2	ERF104	CCDCCDCCGCCGCCRY	7.28e-1	1.00e0	9.27e2	76	206	206	206	3	5	2.43	6	2.91
776	data/reference/motifs/JASPAR2026_CORE_plants_non-redundant_pfms_meme.txt	MA1238.3	ERF038	CACCGACA	3.11e-1	1.00e0	9.27e2	282	206	206	206	6	10	4.85	7	3.40
777	data/reference/motifs/JASPAR2026_CORE_plants_non-redundant_pfms_meme.txt	MA1234.2	ERF017	TGGWCGGTG	3.46e-1	1.00e0	9.27e2	200	206	206	206	3	15	7.28	12	5.83
778	data/reference/motifs/JASPAR2026_CORE_plants_non-redundant_pfms_meme.txt	MA1233.3	ERF021	CGCCGACA	3.42e-1	1.00e0	9.27e2	329	206	206	206	5	34	16.50	30	14.56
779	data/reference/motifs/JASPAR2026_CORE_plants_non-redundant_pfms_meme.txt	MA1232.2	ERF054	GDCGGYGG	2.22e-1	1.00e0	9.27e2	263	206	206	206	3	41	19.90	34	16.50
780	data/reference/motifs/JASPAR2026_CORE_plants_non-redundant_pfms_meme.txt	MA1231.3	ERF15	MGCCGCCD	2.77e-1	1.00e0	9.27e2	203	206	206	206	1	105	50.97	98	47.57
781	data/reference/motifs/JASPAR2026_CORE_plants_non-redundant_pfms_meme.txt	MA1230.2	ERF037	YCACCGACA	6.75e-1	1.00e0	9.27e2	103	206	206	206	1	50	24.27	53	25.73
782	data/reference/motifs/JASPAR2026_CORE_plants_non-redundant_pfms_meme.txt	MA1228.2	ERF091	RYGGCGGCGGHGG	5.54e-1	1.00e0	9.27e2	64	206	206	206	1	32	15.53	32	15.53
783	data/reference/motifs/JASPAR2026_CORE_plants_non-redundant_pfms_meme.txt	MA1227.3	ERF027	RCCGACA	5.00e-1	1.00e0	9.27e2	351	206	206	206	13	1	0.49	0	0.00
784	data/reference/motifs/JASPAR2026_CORE_plants_non-redundant_pfms_meme.txt	MA1226.2	DREB2G	GGHGGAGGCGGTGG	5.41e-1	1.00e0	9.27e2	152	206	206	206	1	76	36.89	76	36.89
785	data/reference/motifs/JASPAR2026_CORE_plants_non-redundant_pfms_meme.txt	MA1223.2	ERF035	TGTCGGTGG	7.16e-1	1.00e0	9.27e2	57	206	206	206	1	27	13.11	30	14.56
786	data/reference/motifs/JASPAR2026_CORE_plants_non-redundant_pfms_meme.txt	MA1219.3	ERF011	CACCGAC	5.00e-1	1.00e0	9.27e2	320	206	206	206	3	69	33.50	68	33.01
787	data/reference/motifs/JASPAR2026_CORE_plants_non-redundant_pfms_meme.txt	MA1218.2	DREB1D	ATGTCGGY	8.31e-1	1.00e0	9.27e2	126	206	206	206	3	4	1.94	6	2.91
788	data/reference/motifs/JASPAR2026_CORE_plants_non-redundant_pfms_meme.txt	MA1049.2	ERF094	MGCCGCC	3.12e-1	1.00e0	9.27e2	150	206	206	206	4	3	1.46	1	0.49
789	data/reference/motifs/JASPAR2026_CORE_plants_non-redundant_pfms_meme.txt	MA1010.2	PHYPADRAFT_64121	TGTCGGTA	2.35e-1	1.00e0	9.27e2	398	206	206	206	10	11	5.34	7	3.40
790	data/reference/motifs/JASPAR2026_CORE_plants_non-redundant_pfms_meme.txt	MA1008.2	PHYPADRAFT_182268	GTCGGTG	5.00e-1	1.00e0	9.27e2	67	206	206	206	1	34	16.50	33	16.02
791	data/reference/motifs/JASPAR2026_CORE_plants_non-redundant_pfms_meme.txt	MA1005.3	ERF082	CCGCCGCCR	1.87e-1	1.00e0	9.27e2	192	206	206	206	1	101	49.03	91	44.17
792	data/reference/motifs/JASPAR2026_CORE_plants_non-redundant_pfms_meme.txt	MA1004.2	ERF13	SGCCGCC	5.90e-1	1.00e0	9.27e2	223	206	206	206	7	10	4.85	10	4.85
793	data/reference/motifs/JASPAR2026_CORE_plants_non-redundant_pfms_meme.txt	MA0998.2	ERF096	GCCGCC	1.67e-1	1.00e0	9.27e2	400	206	206	206	2	188	91.26	181	87.86
794	data/reference/motifs/JASPAR2026_CORE_plants_non-redundant_pfms_meme.txt	MA0997.2	ERF069	GCCG	2.31e-1	1.00e0	9.27e2	412	206	206	206	20	168	81.55	161	78.16
795	data/reference/motifs/JASPAR2026_CORE_plants_non-redundant_pfms_meme.txt	MA0995.3	ERF039	RCCGACA	3.33e-1	1.00e0	9.27e2	362	206	206	206	6	30	14.56	26	12.62
796	data/reference/motifs/JASPAR2026_CORE_plants_non-redundant_pfms_meme.txt	MA0994.3	ERF8	TGRCGGCGGCG	3.40e-1	1.00e0	9.27e2	148	206	206	206	2	33	16.02	29	14.08
797	data/reference/motifs/JASPAR2026_CORE_plants_non-redundant_pfms_meme.txt	MA0980.3	RAP2-10	RCCGACA	6.25e-1	1.00e0	9.27e2	330	206	206	206	7	5	2.43	5	2.43
798	data/reference/motifs/JASPAR2026_CORE_plants_non-redundant_pfms_meme.txt	MA0976.3	CRF4	CCGCCGCCRC	2.12e-1	1.00e0	9.27e2	169	206	206	206	1	89	43.20	80	38.83
799	data/reference/motifs/JASPAR2026_CORE_plants_non-redundant_pfms_meme.txt	MA0971.2	DREB1A	ATGTCGGY	6.84e-1	1.00e0	9.27e2	319	206	206	206	5	21	10.19	23	11.17
800	data/reference/motifs/JASPAR2026_CORE_plants_non-redundant_pfms_meme.txt	MA1377.2	PLT1	KGCACGVWTHYCGAGR	5.00e-1	1.00e0	9.27e2	119	206	206	206	1	60	29.13	59	28.64
801	data/reference/motifs/JASPAR2026_CORE_plants_non-redundant_pfms_meme.txt	MA1751.2	EIL3	AGRTWCAT	3.12e-1	1.00e0	9.27e2	408	206	206	206	1	205	99.51	203	98.54
802	data/reference/motifs/JASPAR2026_CORE_plants_non-redundant_pfms_meme.txt	MA1376.2	DEAR3	CRCCGMC	1.90e-1	1.00e0	9.27e2	400	206	206	206	1	202	98.06	198	96.12
803	data/reference/motifs/JASPAR2026_CORE_plants_non-redundant_pfms_meme.txt	MA2455.1	SPL9D	AGCGGTASTACCGC	6.74e-1	1.00e0	9.27e2	50	206	206	206	1	24	11.65	26	12.62
804	data/reference/motifs/JASPAR2026_CORE_plants_non-redundant_pfms_meme.txt	MA2453.1	SPL8B	ATAGTACTC	1.19e-1	1.00e0	9.27e2	347	206	206	206	4	52	25.24	41	19.90
805	data/reference/motifs/JASPAR2026_CORE_plants_non-redundant_pfms_meme.txt	MA2451.1	SPL7B	AGCGGTASTACCGCT	9.32e-1	1.00e0	9.27e2	17	206	206	206	1	6	2.91	11	5.34
806	data/reference/motifs/JASPAR2026_CORE_plants_non-redundant_pfms_meme.txt	MA2448.1	SPL5D	AGCGGTASTACCGC	6.91e-1	1.00e0	9.27e2	40	206	206	206	1	19	9.22	21	10.19
807	data/reference/motifs/JASPAR2026_CORE_plants_non-redundant_pfms_meme.txt	MA2446.1	SPL5A	GCGGTASTACCGC	6.19e-1	1.00e0	9.27e2	49	206	206	206	1	24	11.65	25	12.14
808	data/reference/motifs/JASPAR2026_CORE_plants_non-redundant_pfms_meme.txt	MA2444.1	SPL4A	GCGGTASTACCGC	6.67e-1	1.00e0	9.27e2	56	206	206	206	1	27	13.11	29	14.08
809	data/reference/motifs/JASPAR2026_CORE_plants_non-redundant_pfms_meme.txt	MA2443.1	SPL3D	GCGGTASTACCGC	7.22e-1	1.00e0	9.27e2	53	206	206	206	1	25	12.14	28	13.59
810	data/reference/motifs/JASPAR2026_CORE_plants_non-redundant_pfms_meme.txt	MA2442.1	SPL3B	AGCGGTASTACCGC	7.32e-1	1.00e0	9.27e2	47	206	206	206	1	22	10.68	25	12.14
811	data/reference/motifs/JASPAR2026_CORE_plants_non-redundant_pfms_meme.txt	MA2440.1	SPL2B	GCGGTASTACCGC	5.00e-1	1.00e0	9.27e2	69	206	206	206	1	35	16.99	34	16.50
812	data/reference/motifs/JASPAR2026_CORE_plants_non-redundant_pfms_meme.txt	MA2439.1	SPL2A	GCGGTASTACCGC	7.09e-1	1.00e0	9.27e2	32	206	206	206	1	15	7.28	17	8.25
813	data/reference/motifs/JASPAR2026_CORE_plants_non-redundant_pfms_meme.txt	MA2438.1	SPL1D	GCRGTASTACCGCT	6.88e-1	1.00e0	9.27e2	66	206	206	206	4	2	0.97	2	0.97
814	data/reference/motifs/JASPAR2026_CORE_plants_non-redundant_pfms_meme.txt	MA2437.1	SPL19B	GCGGTASTACCGC	8.86e-1	1.00e0	9.27e2	18	206	206	206	1	7	3.40	11	5.34
815	data/reference/motifs/JASPAR2026_CORE_plants_non-redundant_pfms_meme.txt	MA2436.1	SPL18A	GCGGTASTACCGCT	8.33e-1	1.00e0	9.27e2	43	206	206	206	1	19	9.22	24	11.65
816	data/reference/motifs/JASPAR2026_CORE_plants_non-redundant_pfms_meme.txt	MA2435.1	SPL16D	GCGGTASTACCGC	4.51e-1	1.00e0	9.27e2	82	206	206	206	1	42	20.39	40	19.42
817	data/reference/motifs/JASPAR2026_CORE_plants_non-redundant_pfms_meme.txt	MA2433.1	SPL15D	GCGGTACTAC	1.80e-1	1.00e0	9.27e2	259	206	206	206	2	82	39.81	72	34.95
818	data/reference/motifs/JASPAR2026_CORE_plants_non-redundant_pfms_meme.txt	MA2431.1	SPL15A	AGCGGTASTACCGC	4.48e-1	1.00e0	9.27e2	70	206	206	206	1	36	17.48	34	16.50
819	data/reference/motifs/JASPAR2026_CORE_plants_non-redundant_pfms_meme.txt	MA2429.1	SPL13D	AGCGGTASTACCGCT	9.69e-1	1.00e0	9.27e2	14	206	206	206	2	3	1.46	8	3.88
820	data/reference/motifs/JASPAR2026_CORE_plants_non-redundant_pfms_meme.txt	MA2428.1	SPL13B	GCGGTASTACCGC	8.84e-1	1.00e0	9.27e2	38	206	206	206	1	16	7.77	22	10.68
821	data/reference/motifs/JASPAR2026_CORE_plants_non-redundant_pfms_meme.txt	MA2427.1	SPL12B	AGCGGTASTACCGC	5.80e-1	1.00e0	9.27e2	48	206	206	206	2	13	6.31	13	6.31
822	data/reference/motifs/JASPAR2026_CORE_plants_non-redundant_pfms_meme.txt	MA2426.1	SPL11B	AGCGGTASTACCGCT	8.86e-1	1.00e0	9.27e2	18	206	206	206	1	7	3.40	11	5.34
823	data/reference/motifs/JASPAR2026_CORE_plants_non-redundant_pfms_meme.txt	MA2424.1	OsbZIP77	TGCCACGTCABC	7.51e-1	1.00e0	9.27e2	103	206	206	206	5	1	0.49	1	0.49
824	data/reference/motifs/JASPAR2026_CORE_plants_non-redundant_pfms_meme.txt	MA2423.1	OsbZIP69	GMTGACGTGGCA	7.95e-1	1.00e0	9.27e2	106	206	206	206	2	11	5.34	14	6.80
825	data/reference/motifs/JASPAR2026_CORE_plants_non-redundant_pfms_meme.txt	MA2420.1	SBP6	AAGTACAA	1.04e-1	1.00e0	9.27e2	409	206	206	206	9	35	16.99	25	12.14
826	data/reference/motifs/JASPAR2026_CORE_plants_non-redundant_pfms_meme.txt	MA2419.1	UB3	GAAGTACAAC	1.38e-1	1.00e0	9.27e2	399	206	206	206	2	193	93.69	186	90.29
827	data/reference/motifs/JASPAR2026_CORE_plants_non-redundant_pfms_meme.txt	MA2418.1	IG1	CTGCCGCCA	1.69e-1	1.00e0	9.27e2	284	206	206	206	1	147	71.36	137	66.50
828	data/reference/motifs/JASPAR2026_CORE_plants_non-redundant_pfms_meme.txt	MA2417.1	EREB71	CACCGVCYMC	2.64e-1	1.00e0	9.27e2	223	206	206	206	3	25	12.14	20	9.71
829	data/reference/motifs/JASPAR2026_CORE_plants_non-redundant_pfms_meme.txt	MA2416.1	EREB29	GCCGCCGCCC	4.59e-1	1.00e0	9.27e2	144	206	206	206	1	73	35.44	71	34.47
830	data/reference/motifs/JASPAR2026_CORE_plants_non-redundant_pfms_meme.txt	MA2415.1	EREB138	CMGCCGCCAT	6.88e-1	1.00e0	9.27e2	258	206	206	206	13	2	0.97	2	0.97
831	data/reference/motifs/JASPAR2026_CORE_plants_non-redundant_pfms_meme.txt	MA2414.1	EREB127	TGCCGACA	3.75e-1	1.00e0	9.27e2	246	206	206	206	6	6	2.91	4	1.94
832	data/reference/motifs/JASPAR2026_CORE_plants_non-redundant_pfms_meme.txt	MA2412.1	ZmbZIP72	GATGACATCA	3.76e-1	1.00e0	9.27e2	373	206	206	206	4	68	33.01	64	31.07
833	data/reference/motifs/JASPAR2026_CORE_plants_non-redundant_pfms_meme.txt	MA2411.1	ZmbZIP57	ATGATGTCAT	5.41e-1	1.00e0	9.27e2	394	206	206	206	3	133	64.56	133	64.56
834	data/reference/motifs/JASPAR2026_CORE_plants_non-redundant_pfms_meme.txt	MA2409.1	ZmbZIP25	GATGACATCA	3.62e-1	1.00e0	9.27e2	377	206	206	206	1	190	92.23	187	90.78
835	data/reference/motifs/JASPAR2026_CORE_plants_non-redundant_pfms_meme.txt	MA2408.1	BAD1	CCGGGCCCCSVC	5.95e-1	1.00e0	9.27e2	87	206	206	206	1	43	20.87	44	21.36
836	data/reference/motifs/JASPAR2026_CORE_plants_non-redundant_pfms_meme.txt	MA2407.1	PK24978.1	CACGTGT	1.61e-1	1.00e0	9.27e2	412	206	206	206	17	99	48.06	88	42.72
837	data/reference/motifs/JASPAR2026_CORE_plants_non-redundant_pfms_meme.txt	MA2404.1	OsTRBF3	WRMCCTA	2.49e-1	1.00e0	9.27e2	412	206	206	206	29	2	0.97	0	0.00
838	data/reference/motifs/JASPAR2026_CORE_plants_non-redundant_pfms_meme.txt	MA2402.1	OsERF104	GCCGY	1.86e-1	1.00e0	9.27e2	407	206	206	206	25	4	1.94	1	0.49
839	data/reference/motifs/JASPAR2026_CORE_plants_non-redundant_pfms_meme.txt	MA2401.1	Os05g0437700	MCACGTGK	2.51e-1	1.00e0	9.27e2	165	206	206	206	4	22	10.68	17	8.25
840	data/reference/motifs/JASPAR2026_CORE_plants_non-redundant_pfms_meme.txt	MA2400.1	LjTCP20	GGGACCAY	2.45e-1	1.00e0	9.27e2	200	206	206	206	1	104	50.49	96	46.60
841	data/reference/motifs/JASPAR2026_CORE_plants_non-redundant_pfms_meme.txt	MA2398.1	AS2	CGGCGGMRRHDRCGGCGG	5.00e-1	1.00e0	9.27e2	65	206	206	206	9	1	0.49	0	0.00
842	data/reference/motifs/JASPAR2026_CORE_plants_non-redundant_pfms_meme.txt	MA2395.1	PHYPA_011264	CACCGACM	5.00e-1	1.00e0	9.27e2	175	206	206	206	4	2	0.97	1	0.49
843	data/reference/motifs/JASPAR2026_CORE_plants_non-redundant_pfms_meme.txt	MA2390.1	GLYMA19G26560	GGSCCCAC	2.20e-1	1.00e0	9.27e2	366	206	206	206	5	61	29.61	53	25.73
844	data/reference/motifs/JASPAR2026_CORE_plants_non-redundant_pfms_meme.txt	MA2389.1	GBF1	ACGTGKM	1.81e-1	1.00e0	9.27e2	411	206	206	206	11	131	63.59	121	58.74
845	data/reference/motifs/JASPAR2026_CORE_plants_non-redundant_pfms_meme.txt	MA2388.1	GATA1	AGATCTRRWT	2.56e-1	1.00e0	9.27e2	305	206	206	206	4	38	18.45	32	15.53
846	data/reference/motifs/JASPAR2026_CORE_plants_non-redundant_pfms_meme.txt	MA2386.1	estExt_gwp_gw1.C_550163	CACCGAC	5.00e-1	1.00e0	9.27e2	67	206	206	206	1	34	16.50	33	16.02
847	data/reference/motifs/JASPAR2026_CORE_plants_non-redundant_pfms_meme.txt	MA2378.1	CRF3	GCCG	8.89e-2	1.00e0	9.27e2	411	206	206	206	10	199	96.60	192	93.20
848	data/reference/motifs/JASPAR2026_CORE_plants_non-redundant_pfms_meme.txt	MA2377.1	cassava45561.m1	GGGSCCCAC	1.24e-1	1.00e0	9.27e2	340	206	206	206	13	3	1.46	0	0.00
849	data/reference/motifs/JASPAR2026_CORE_plants_non-redundant_pfms_meme.txt	MA2374.1	AHL13	ATATAATT	1.85e-1	1.00e0	9.27e2	412	206	206	206	23	198	96.12	193	93.69
850	data/reference/motifs/JASPAR2026_CORE_plants_non-redundant_pfms_meme.txt	MA2371.1	MYB31	YAMCTMCCAACHAMH	1.35e-1	1.00e0	9.27e2	352	206	206	206	3	89	43.20	77	37.38
851	data/reference/motifs/JASPAR2026_CORE_plants_non-redundant_pfms_meme.txt	MA2370.1	MBD2	AGCTD	2.90e-1	1.00e0	9.27e2	412	206	206	206	32	153	74.27	147	71.36
852	data/reference/motifs/JASPAR2026_CORE_plants_non-redundant_pfms_meme.txt	MA2367.1	WIP5	ACCTGGAGAAMAW	1.14e-1	1.00e0	9.27e2	394	206	206	206	1	200	97.09	194	94.17
853	data/reference/motifs/JASPAR2026_CORE_plants_non-redundant_pfms_meme.txt	MA2366.1	VOZ2	GCGT	8.74e-2	1.00e0	9.27e2	412	206	206	206	10	204	99.03	199	96.60
854	data/reference/motifs/JASPAR2026_CORE_plants_non-redundant_pfms_meme.txt	MA2365.1	VIT_17s0000g10420	GTTAACYV	6.53e-1	1.00e0	9.27e2	311	206	206	206	2	99	48.06	102	49.51
855	data/reference/motifs/JASPAR2026_CORE_plants_non-redundant_pfms_meme.txt	MA2364.1	VIT_15s0048g01150	GGGCCCAC	1.24e-1	1.00e0	9.27e2	346	206	206	206	2	145	70.39	133	64.56
856	data/reference/motifs/JASPAR2026_CORE_plants_non-redundant_pfms_meme.txt	MA2362.1	TEIL	AGRTWCAT	1.56e-1	1.00e0	9.27e2	412	206	206	206	20	16	7.77	10	4.85
857	data/reference/motifs/JASPAR2026_CORE_plants_non-redundant_pfms_meme.txt	MA2361.1	PRUPE_ppa000682mg	GTACGG	1.08e-1	1.00e0	9.27e2	412	206	206	206	5	205	99.51	201	97.57
858	data/reference/motifs/JASPAR2026_CORE_plants_non-redundant_pfms_meme.txt	MA2360.1	PK28565.1	TAACBGTC	1.27e-1	1.00e0	9.27e2	405	206	206	206	2	189	91.75	181	87.86
859	data/reference/motifs/JASPAR2026_CORE_plants_non-redundant_pfms_meme.txt	MA2359.1	PK23829.1	TTATCCR	5.60e-1	1.00e0	9.27e2	364	206	206	206	5	25	12.14	25	12.14
860	data/reference/motifs/JASPAR2026_CORE_plants_non-redundant_pfms_meme.txt	MA2357.1	PK21687.1	WAAACCC	1.74e-1	1.00e0	9.27e2	412	206	206	206	28	12	5.83	7	3.40
861	data/reference/motifs/JASPAR2026_CORE_plants_non-redundant_pfms_meme.txt	MA2351.1	OsEIL3	AGRTACAT	1.84e-1	1.00e0	9.27e2	404	206	206	206	4	125	60.68	115	55.83
862	data/reference/motifs/JASPAR2026_CORE_plants_non-redundant_pfms_meme.txt	MA2350.1	OsFBH1	CCACTTG	7.51e-1	1.00e0	9.27e2	86	206	206	206	4	1	0.49	1	0.49
863	data/reference/motifs/JASPAR2026_CORE_plants_non-redundant_pfms_meme.txt	MA2349.1	OsCCA1	AATATCT	1.42e-1	1.00e0	9.27e2	412	206	206	206	42	6	2.91	2	0.97
864	data/reference/motifs/JASPAR2026_CORE_plants_non-redundant_pfms_meme.txt	MA2106.1	Zm00001d024644	CCTTATCC	2.34e-1	1.00e0	9.27e2	411	206	206	206	3	192	93.20	187	90.78
865	data/reference/motifs/JASPAR2026_CORE_plants_non-redundant_pfms_meme.txt	MA2104.1	IDD11	AAAACGACAAAA	5.00e-1	1.00e0	9.27e2	314	206	206	206	3	39	18.93	38	18.45
866	data/reference/motifs/JASPAR2026_CORE_plants_non-redundant_pfms_meme.txt	MA2103.1	AT4G09450	TTATCY	2.70e-1	1.00e0	9.27e2	412	206	206	206	25	133	64.56	126	61.17
867	data/reference/motifs/JASPAR2026_CORE_plants_non-redundant_pfms_meme.txt	MA1800.1	TEM1	GCAACATA	3.00e-1	1.00e0	9.27e2	377	206	206	206	4	71	34.47	65	31.55
868	data/reference/motifs/JASPAR2026_CORE_plants_non-redundant_pfms_meme.txt	MA1797.1	RAV2	GCAACATA	5.48e-1	1.00e0	9.27e2	235	206	206	206	2	43	20.87	43	20.87
869	data/reference/motifs/JASPAR2026_CORE_plants_non-redundant_pfms_meme.txt	MA1783.1	NAC005	TWRCTTVTTYHAYAAGTTW	4.41e-1	1.00e0	9.27e2	85	206	206	206	2	27	13.11	25	12.14
870	data/reference/motifs/JASPAR2026_CORE_plants_non-redundant_pfms_meme.txt	MA1746.1	BZIP69	TGMCAGCTGTM	5.00e-1	1.00e0	9.27e2	54	206	206	206	2	6	2.91	5	2.43
871	data/reference/motifs/JASPAR2026_CORE_plants_non-redundant_pfms_meme.txt	MA1741.1	BRN2	CTTGWWHYDYACGYWA	1.76e-1	1.00e0	9.27e2	216	206	206	206	3	27	13.11	20	9.71
872	data/reference/motifs/JASPAR2026_CORE_plants_non-redundant_pfms_meme.txt	MA1687.1	ARF14	CGGGGGACAYGTCGGG	7.28e-1	1.00e0	9.27e2	49	206	206	206	1	23	11.17	26	12.62
873	data/reference/motifs/JASPAR2026_CORE_plants_non-redundant_pfms_meme.txt	MA1686.1	ARF13	ARCGGGGGACAYGT	5.00e-1	1.00e0	9.27e2	74	206	206	206	3	3	1.46	2	0.97
874	data/reference/motifs/JASPAR2026_CORE_plants_non-redundant_pfms_meme.txt	MA2091.1	PK27109.1	GACAGCTG	3.12e-1	1.00e0	9.27e2	326	206	206	206	9	3	1.46	1	0.49
875	data/reference/motifs/JASPAR2026_CORE_plants_non-redundant_pfms_meme.txt	MA2089.1	PK25870.1	RGTCAAM	2.49e-1	1.00e0	9.27e2	411	206	206	206	2	206	100.00	204	99.03
876	data/reference/motifs/JASPAR2026_CORE_plants_non-redundant_pfms_meme.txt	MA2088.1	PK24580.1	GCCGGCA	5.00e-1	1.00e0	9.27e2	67	206	206	206	5	2	0.97	1	0.49
877	data/reference/motifs/JASPAR2026_CORE_plants_non-redundant_pfms_meme.txt	MA2086.1	PK23964.1	KCCACGT	2.17e-1	1.00e0	9.27e2	410	206	206	206	14	39	18.93	32	15.53
878	data/reference/motifs/JASPAR2026_CORE_plants_non-redundant_pfms_meme.txt	MA2083.1	PK21166.1	YACCTACY	2.14e-1	1.00e0	9.27e2	409	206	206	206	10	38	18.45	31	15.05
879	data/reference/motifs/JASPAR2026_CORE_plants_non-redundant_pfms_meme.txt	MA2082.1	PK20392.1	AATMAT	1.46e-1	1.00e0	9.27e2	412	206	206	206	40	176	85.44	167	81.07
880	data/reference/motifs/JASPAR2026_CORE_plants_non-redundant_pfms_meme.txt	MA2079.1	PK19717.1	GGGSCCCMC	2.95e-1	1.00e0	9.27e2	303	206	206	206	6	35	16.99	30	14.56
881	data/reference/motifs/JASPAR2026_CORE_plants_non-redundant_pfms_meme.txt	MA2078.1	PK19363.1	CGCCGCCR	3.12e-1	1.00e0	9.27e2	295	206	206	206	16	3	1.46	1	0.49
882	data/reference/motifs/JASPAR2026_CORE_plants_non-redundant_pfms_meme.txt	MA2075.1	PK18009.1	ACACGTG	9.88e-2	1.00e0	9.27e2	409	206	206	206	6	121	58.74	107	51.94
883	data/reference/motifs/JASPAR2026_CORE_plants_non-redundant_pfms_meme.txt	MA2072.1	PK16335.1	GACAGCTG	1.88e-1	1.00e0	9.27e2	368	206	206	206	3	111	53.88	101	49.03
884	data/reference/motifs/JASPAR2026_CORE_plants_non-redundant_pfms_meme.txt	MA2066.1	PK09021.1	TGACGTCA	7.13e-1	1.00e0	9.27e2	59	206	206	206	1	28	13.59	31	15.05
885	data/reference/motifs/JASPAR2026_CORE_plants_non-redundant_pfms_meme.txt	MA2063.1	PK07402.1	RCCGMC	1.18e-1	1.00e0	9.27e2	397	206	206	206	5	108	52.43	95	46.12
886	data/reference/motifs/JASPAR2026_CORE_plants_non-redundant_pfms_meme.txt	MA1384.1	PHL7	AAARGAATATTCY	1.51e-1	1.00e0	9.27e2	240	206	206	206	3	22	10.68	15	7.28
887	data/reference/motifs/JASPAR2026_CORE_plants_non-redundant_pfms_meme.txt	MA1379.1	SOL1	WTTWAAAATTTAAAW	2.43e-1	1.00e0	9.27e2	372	206	206	206	2	161	78.16	154	74.76
888	data/reference/motifs/JASPAR2026_CORE_plants_non-redundant_pfms_meme.txt	MA1373.1	GAF1	HABWAAACGACAAAA	2.45e-1	1.00e0	9.27e2	216	206	206	206	1	112	54.37	104	50.49
889	data/reference/motifs/JASPAR2026_CORE_plants_non-redundant_pfms_meme.txt	MA1339.1	BZIP43	GCCACGTCAGCA	7.66e-1	1.00e0	9.27e2	33	206	206	206	1	15	7.28	18	8.74
890	data/reference/motifs/JASPAR2026_CORE_plants_non-redundant_pfms_meme.txt	MA1335.1	TGA4	TGACGTCAKCA	1.92e-1	1.00e0	9.27e2	235	206	206	206	3	21	10.19	15	7.28
891	data/reference/motifs/JASPAR2026_CORE_plants_non-redundant_pfms_meme.txt	MA1324.1	GATA20	ATCSGATC	3.12e-1	1.00e0	9.27e2	256	206	206	206	14	3	1.46	1	0.49
892	data/reference/motifs/JASPAR2026_CORE_plants_non-redundant_pfms_meme.txt	MA1274.1	DOF3.6	TTTWCTTTTTHHYTTTTTTTT	1.00e-1	1.00e0	9.27e2	405	206	206	206	11	111	53.88	97	47.09
893	data/reference/motifs/JASPAR2026_CORE_plants_non-redundant_pfms_meme.txt	MA1235.1	AIL7	CGNWTYYCGAG	1.42e-1	1.00e0	9.27e2	370	206	206	206	4	68	33.01	57	27.67
894	data/reference/motifs/JASPAR2026_CORE_plants_non-redundant_pfms_meme.txt	MA1225.1	ERF5	CCDCCGCCGCCGCCR	6.80e-1	1.00e0	9.27e2	91	206	206	206	3	9	4.37	10	4.85
895	data/reference/motifs/JASPAR2026_CORE_plants_non-redundant_pfms_meme.txt	MA1221.1	RAP2-6	TKGCGGCGGMGGHGG	7.92e-1	1.00e0	9.27e2	79	206	206	206	3	6	2.91	8	3.88
896	data/reference/motifs/JASPAR2026_CORE_plants_non-redundant_pfms_meme.txt	MA1097.1	ARALYDRAFT_493022	GGSMCCAC	2.56e-1	1.00e0	9.27e2	180	206	206	206	2	38	18.45	32	15.53
897	data/reference/motifs/JASPAR2026_CORE_plants_non-redundant_pfms_meme.txt	MA1091.1	WRKY62	TGGTCAAC	3.40e-1	1.00e0	9.27e2	307	206	206	206	3	33	16.02	29	14.08
898	data/reference/motifs/JASPAR2026_CORE_plants_non-redundant_pfms_meme.txt	MA1084.1	WRKY38	CGTTGACC	8.88e-2	1.00e0	9.27e2	405	206	206	206	2	191	92.72	182	88.35
899	data/reference/motifs/JASPAR2026_CORE_plants_non-redundant_pfms_meme.txt	MA1080.1	WRKY23	AGTCAACG	5.00e-1	1.00e0	9.27e2	261	206	206	206	3	22	10.68	21	10.19
900	data/reference/motifs/JASPAR2026_CORE_plants_non-redundant_pfms_meme.txt	MA1075.1	WRKY12	CGTTGACC	1.89e-1	1.00e0	9.27e2	403	206	206	206	2	183	88.83	176	85.44
901	data/reference/motifs/JASPAR2026_CORE_plants_non-redundant_pfms_meme.txt	MA1053.1	ERF109	GCGCCGCC	2.88e-1	1.00e0	9.27e2	193	206	206	206	2	57	27.67	51	24.76
902	data/reference/motifs/JASPAR2026_CORE_plants_non-redundant_pfms_meme.txt	MA1051.1	RAP2-3	GCGCCGCC	1.69e-1	1.00e0	9.27e2	278	206	206	206	4	49	23.79	40	19.42
903	data/reference/motifs/JASPAR2026_CORE_plants_non-redundant_pfms_meme.txt	MA1050.1	OsI_08196	GGGCCCAC	3.19e-1	1.00e0	9.27e2	272	206	206	206	3	49	23.79	44	21.36
904	data/reference/motifs/JASPAR2026_CORE_plants_non-redundant_pfms_meme.txt	MA1046.1	NTL9	TTAAGTAAT	7.28e-1	1.00e0	9.27e2	267	206	206	206	5	5	2.43	6	2.91
905	data/reference/motifs/JASPAR2026_CORE_plants_non-redundant_pfms_meme.txt	MA1034.1	Os05g0497200	CGSCGCCR	6.88e-1	1.00e0	9.27e2	53	206	206	206	4	2	0.97	2	0.97
906	data/reference/motifs/JASPAR2026_CORE_plants_non-redundant_pfms_meme.txt	MA1033.1	OJ1058_F05.8	MCACGTGK	2.51e-1	1.00e0	9.27e2	165	206	206	206	4	22	10.68	17	8.25
907	data/reference/motifs/JASPAR2026_CORE_plants_non-redundant_pfms_meme.txt	MA1028.1	KAN4	GAATATTC	1.18e-1	1.00e0	9.27e2	338	206	206	206	4	118	57.28	105	50.97
908	data/reference/motifs/JASPAR2026_CORE_plants_non-redundant_pfms_meme.txt	MA1023.1	PHYPADRAFT_28324	KGTCGGTG	5.00e-1	1.00e0	9.27e2	67	206	206	206	1	34	16.50	33	16.02
909	data/reference/motifs/JASPAR2026_CORE_plants_non-redundant_pfms_meme.txt	MA1020.1	GT-1	GTTAACCA	1.56e-1	1.00e0	9.27e2	373	206	206	206	6	23	11.17	16	7.77
910	data/reference/motifs/JASPAR2026_CORE_plants_non-redundant_pfms_meme.txt	MA1009.1	ARF3	TGTCGGAA	4.01e-1	1.00e0	9.27e2	351	206	206	206	4	41	19.90	38	18.45
911	data/reference/motifs/JASPAR2026_CORE_plants_non-redundant_pfms_meme.txt	MA1007.1	PHYPADRAFT_173530	TGTCGGTG	5.00e-1	1.00e0	9.27e2	109	206	206	206	2	14	6.80	13	6.31
912	data/reference/motifs/JASPAR2026_CORE_plants_non-redundant_pfms_meme.txt	MA0986.1	DREB2C	CACCGACA	5.00e-1	1.00e0	9.27e2	325	206	206	206	6	17	8.25	16	7.77
913	data/reference/motifs/JASPAR2026_CORE_plants_non-redundant_pfms_meme.txt	MA0978.1	DREB1E	ATGTCGGC	8.36e-1	1.00e0	9.27e2	196	206	206	206	3	12	5.83	16	7.77
914	data/reference/motifs/JASPAR2026_CORE_plants_non-redundant_pfms_meme.txt	MA0977.1	DOF2.5	AWAAAGTG	2.04e-1	1.00e0	9.27e2	412	206	206	206	9	164	79.61	156	75.73
915	data/reference/motifs/JASPAR2026_CORE_plants_non-redundant_pfms_meme.txt	MA0967.1	BZIP60	TGACGTCA	1.07e-1	1.00e0	9.27e2	392	206	206	206	4	180	87.38	170	82.52
916	data/reference/motifs/JASPAR2026_CORE_plants_non-redundant_pfms_meme.txt	MA0951.1	ATHB-16	TAATMATT	1.19e-1	1.00e0	9.27e2	407	206	206	206	4	165	80.10	154	74.76
917	data/reference/motifs/JASPAR2026_CORE_plants_non-redundant_pfms_meme.txt	MA0947.1	ARR14	AGATWCGS	2.15e-1	1.00e0	9.27e2	333	206	206	206	2	107	51.94	98	47.57
918	data/reference/motifs/JASPAR2026_CORE_plants_non-redundant_pfms_meme.txt	MA0946.1	ARR11	AAGATACG	9.88e-2	1.00e0	9.27e2	390	206	206	206	3	121	58.74	107	51.94
919	data/reference/motifs/JASPAR2026_CORE_plants_non-redundant_pfms_meme.txt	MA0937.1	NAC055	ACACGTAA	3.43e-1	1.00e0	9.27e2	404	206	206	206	6	82	39.81	77	37.38
920	data/reference/motifs/JASPAR2026_CORE_plants_non-redundant_pfms_meme.txt	MA0936.1	NAC046	ACACGCMA	2.21e-1	1.00e0	9.27e2	412	206	206	206	31	27	13.11	21	10.19
921	data/reference/motifs/JASPAR2026_CORE_plants_non-redundant_pfms_meme.txt	MA0935.1	NAC025	YACGTAAY	1.58e-1	1.00e0	9.27e2	243	206	206	206	1	127	61.65	116	56.31
922	data/reference/motifs/JASPAR2026_CORE_plants_non-redundant_pfms_meme.txt	MA0934.1	AHL25	AWTTAAWT	8.89e-2	1.00e0	9.27e2	412	206	206	206	24	199	96.60	192	93.20
923	data/reference/motifs/JASPAR2026_CORE_plants_non-redundant_pfms_meme.txt	MA0933.1	AHL20	AATTAAWT	1.07e-1	1.00e0	9.27e2	412	206	206	206	31	187	90.78	178	86.41
924	data/reference/motifs/JASPAR2026_CORE_plants_non-redundant_pfms_meme.txt	MA0129.1	TGA1A	HACGTCA	2.49e-1	1.00e0	9.27e2	411	206	206	206	2	206	100.00	204	99.03
925	data/reference/motifs/JASPAR2026_CORE_plants_non-redundant_pfms_meme.txt	MA0123.1	abi4	CGSYGCCCCC	6.20e-1	1.00e0	9.27e2	266	206	206	206	2	77	37.38	79	38.35
926	data/reference/motifs/JASPAR2026_CORE_plants_non-redundant_pfms_meme.txt	MA0096.1	bZIP910	MTGACGT	6.72e-1	1.00e0	9.27e2	109	206	206	206	1	53	25.73	56	27.18
927	data/reference/motifs/JASPAR2026_CORE_plants_non-redundant_pfms_meme.txt	MA1352.1	TRP1	ACCCTAAACCCTAAACCCTAA	1.00e0	1.00e0	9.27e2	1	206	206	206	1	0	0.00	1	0.49

# AME (Analysis of Motif Enrichment): Version 5.5.9 compiled on May 27 2026 at 12:40:54
# The format of this file is described at https://meme-suite.org/meme/doc/ame-output-format.html.
# ame --verbose 1 --text --control results/evidence/motifs/inputs/backgrounds/1000/replicate_030.fa --method fisher --scoring totalhits --hit-lo-fraction 0.25 --evalue-report-threshold 1000000 --noseq results/evidence/motifs/inputs/frozen_candidates_1000bp.fa data/reference/motifs/JASPAR2026_CORE_plants_non-redundant_pfms_meme.txt
