2	data/reference/motifs/JASPAR2026_CORE_plants_non-redundant_pfms_meme.txt	MA0110.4	ATHB-5	CAATCATT	3.46e-5	1.41e-2	1.31e1	412	206	206	206	13	175	84.95	140	67.96
3	data/reference/motifs/JASPAR2026_CORE_plants_non-redundant_pfms_meme.txt	MA2622.1	hb34	CAATAATTG	4.85e-5	1.98e-2	1.84e1	412	206	206	206	14	49	23.79	19	9.22
4	data/reference/motifs/JASPAR2026_CORE_plants_non-redundant_pfms_meme.txt	MA2052.2	ZAT6	AATGATTG	1.42e-4	5.67e-2	5.26e1	412	206	206	206	16	101	49.03	64	31.07
5	data/reference/motifs/JASPAR2026_CORE_plants_non-redundant_pfms_meme.txt	MA2648.1	GLYMA-19G146000	AAGGTACAC	3.69e-4	1.32e-1	1.23e2	385	206	206	206	3	131	63.59	96	46.60
6	data/reference/motifs/JASPAR2026_CORE_plants_non-redundant_pfms_meme.txt	MA2387.1	NAC094	YGCCGTRNHNNHCACG	3.05e-3	1.70e-1	1.58e2	61	206	206	206	2	22	10.68	7	3.40
7	data/reference/motifs/JASPAR2026_CORE_plants_non-redundant_pfms_meme.txt	MA1403.1	BPC5	AGAGAGAGAGAGAGAGAGAGAGAGAGAGAG	1.79e-2	1.95e-1	1.81e2	12	206	206	206	1	10	4.85	2	0.97
8	data/reference/motifs/JASPAR2026_CORE_plants_non-redundant_pfms_meme.txt	MA0950.1	ATHB-12	AATGATTG	5.52e-4	2.03e-1	1.89e2	412	206	206	206	25	69	33.50	39	18.93
9	data/reference/motifs/JASPAR2026_CORE_plants_non-redundant_pfms_meme.txt	MA1289.2	TCP3	GGGACCAC	3.80e-3	3.11e-1	2.88e2	98	206	206	206	1	61	29.61	37	17.96
10	data/reference/motifs/JASPAR2026_CORE_plants_non-redundant_pfms_meme.txt	MA1288.2	TCP22	GTGGGHCCCAC	3.99e-3	3.22e-1	2.98e2	97	206	206	206	2	23	11.17	8	3.88
11	data/reference/motifs/JASPAR2026_CORE_plants_non-redundant_pfms_meme.txt	MA1071.2	DOF5.3	AAMG	1.02e-3	3.44e-1	3.19e2	412	206	206	206	139	156	75.73	126	61.17
12	data/reference/motifs/JASPAR2026_CORE_plants_non-redundant_pfms_meme.txt	MA1286.2	TCP24	GGGACCAC	3.32e-3	3.73e-1	3.46e2	141	206	206	206	2	35	16.99	16	7.77
13	data/reference/motifs/JASPAR2026_CORE_plants_non-redundant_pfms_meme.txt	MA2399.1	LjSGA_053525.1	GGGCCCAC	3.66e-3	4.95e-1	4.59e2	187	206	206	206	3	20	9.71	6	2.91
14	data/reference/motifs/JASPAR2026_CORE_plants_non-redundant_pfms_meme.txt	MA1213.3	ZHD3	CAATTATTG	1.79e-3	5.03e-1	4.66e2	391	206	206	206	8	68	33.01	41	19.90
15	data/reference/motifs/JASPAR2026_CORE_plants_non-redundant_pfms_meme.txt	MA2062.1	PK07031.1	CTTT	1.76e-3	5.16e-1	4.79e2	412	206	206	206	118	204	99.03	192	93.20
16	data/reference/motifs/JASPAR2026_CORE_plants_non-redundant_pfms_meme.txt	MA1291.1	TCP7	GTGGGRCCCAC	7.73e-3	5.22e-1	4.83e2	95	206	206	206	2	20	9.71	7	3.40
17	data/reference/motifs/JASPAR2026_CORE_plants_non-redundant_pfms_meme.txt	MA1274.1	DOF3.6	TTTWCTTTTTHHYTTTTTTTT	1.82e-3	5.25e-1	4.87e2	409	206	206	206	7	158	76.70	130	63.11
18	data/reference/motifs/JASPAR2026_CORE_plants_non-redundant_pfms_meme.txt	MA1283.2	TCP14	ADAGVDBGTGGGDCCCAC	8.74e-2	5.61e-1	5.20e2	9	206	206	206	1	7	3.40	2	0.97
19	data/reference/motifs/JASPAR2026_CORE_plants_non-redundant_pfms_meme.txt	MA1405.2	SIZF2	ACTGACAGT	2.59e-3	5.82e-1	5.40e2	337	206	206	206	8	19	9.22	5	2.43
20	data/reference/motifs/JASPAR2026_CORE_plants_non-redundant_pfms_meme.txt	MA1368.3	GT-4	TAACTATGGTTA	3.51e-3	6.11e-1	5.67e2	269	206	206	206	1	148	71.84	121	58.74
21	data/reference/motifs/JASPAR2026_CORE_plants_non-redundant_pfms_meme.txt	MA1170.2	MYB118	RWCCGTTACRWW	6.58e-3	6.15e-1	5.70e2	145	206	206	206	1	85	41.26	60	29.13
22	data/reference/motifs/JASPAR2026_CORE_plants_non-redundant_pfms_meme.txt	MA1156.2	JKD	TTTTGTCKTTTT	4.31e-3	7.74e-1	7.17e2	345	206	206	206	5	18	8.74	5	2.43
23	data/reference/motifs/JASPAR2026_CORE_plants_non-redundant_pfms_meme.txt	MA1285.2	TCP9	GTGGGTCCCAC	2.24e-2	7.75e-1	7.19e2	66	206	206	206	2	19	9.22	8	3.88
24	data/reference/motifs/JASPAR2026_CORE_plants_non-redundant_pfms_meme.txt	MA1816.2	O11	CACGTG	6.46e-3	7.77e-1	7.20e2	232	206	206	206	2	129	62.62	103	50.00
25	data/reference/motifs/JASPAR2026_CORE_plants_non-redundant_pfms_meme.txt	MA1282.2	TCP13	GTGGGGACCAC	2.30e-2	7.94e-1	7.36e2	68	206	206	206	1	42	20.39	26	12.62
26	data/reference/motifs/JASPAR2026_CORE_plants_non-redundant_pfms_meme.txt	MA2499.1	LSH2	TACTGTTCA	3.96e-3	8.00e-1	7.41e2	406	206	206	206	7	78	37.86	52	25.24
27	data/reference/motifs/JASPAR2026_CORE_plants_non-redundant_pfms_meme.txt	MA1402.1	BPC6	CTCTCTCTCTCTCTCTCTCTC	3.56e-2	8.11e-1	7.52e2	46	206	206	206	7	12	5.83	4	1.94
28	data/reference/motifs/JASPAR2026_CORE_plants_non-redundant_pfms_meme.txt	MA1085.3	WRKY40	AGTCAA	5.05e-3	8.12e-1	7.53e2	331	206	206	206	4	24	11.65	9	4.37
29	data/reference/motifs/JASPAR2026_CORE_plants_non-redundant_pfms_meme.txt	MA1214.2	ATHB-40	ACCAATAATTG	4.87e-3	8.23e-1	7.63e2	355	206	206	206	1	187	90.78	168	81.55
30	data/reference/motifs/JASPAR2026_CORE_plants_non-redundant_pfms_meme.txt	MA1284.2	TCP1	GTGGGCCCCAC	2.07e-2	8.38e-1	7.77e2	87	206	206	206	2	22	10.68	10	4.85
31	data/reference/motifs/JASPAR2026_CORE_plants_non-redundant_pfms_meme.txt	MA2355.1	PK06791.1	GTACGG	4.45e-3	8.39e-1	7.78e2	410	206	206	206	6	166	80.58	142	68.93
32	data/reference/motifs/JASPAR2026_CORE_plants_non-redundant_pfms_meme.txt	MA1088.2	WRKY48	GTCAA	4.64e-3	8.52e-1	7.90e2	412	206	206	206	37	158	76.70	133	64.56
33	data/reference/motifs/JASPAR2026_CORE_plants_non-redundant_pfms_meme.txt	MA2730.1	Solyc01g079480	YSACGTGKCA	8.15e-3	8.60e-1	7.97e2	241	206	206	206	1	133	64.56	108	52.43
34	data/reference/motifs/JASPAR2026_CORE_plants_non-redundant_pfms_meme.txt	MA1054.2	ARALYDRAFT_897773	KGGGACCAC	6.72e-3	8.62e-1	8.00e2	295	206	206	206	2	109	52.91	83	40.29
35	data/reference/motifs/JASPAR2026_CORE_plants_non-redundant_pfms_meme.txt	MA1062.3	TCP15	GTGGGWCCCAC	1.48e-2	8.63e-1	8.00e2	134	206	206	206	3	20	9.71	8	3.88
36	data/reference/motifs/JASPAR2026_CORE_plants_non-redundant_pfms_meme.txt	MA1024.2	HAT1	YAATCATK	5.05e-3	8.70e-1	8.06e2	404	206	206	206	7	24	11.65	9	4.37
37	data/reference/motifs/JASPAR2026_CORE_plants_non-redundant_pfms_meme.txt	MA1058.2	SPL4	GTACG	5.00e-3	8.73e-1	8.09e2	412	206	206	206	35	126	61.17	99	48.06
38	data/reference/motifs/JASPAR2026_CORE_plants_non-redundant_pfms_meme.txt	MA2421.1	SBP8	ARGTACAA	5.32e-3	8.78e-1	8.14e2	396	206	206	206	5	77	37.38	52	25.24
39	data/reference/motifs/JASPAR2026_CORE_plants_non-redundant_pfms_meme.txt	MA2429.1	SPL13D	AGCGGTASTACCGCT	3.12e-1	8.94e-1	8.28e2	6	206	206	206	2	3	1.46	1	0.49
40	data/reference/motifs/JASPAR2026_CORE_plants_non-redundant_pfms_meme.txt	MA2471.1	SPCH	CACGTG	6.72e-3	8.97e-1	8.32e2	338	206	206	206	4	123	59.71	97	47.09
41	data/reference/motifs/JASPAR2026_CORE_plants_non-redundant_pfms_meme.txt	MA1678.3	NTL8	GAAGAAAC	5.70e-3	9.04e-1	8.38e2	412	206	206	206	7	139	67.48	113	54.85
42	data/reference/motifs/JASPAR2026_CORE_plants_non-redundant_pfms_meme.txt	MA1674.3	NAC017	CAAGTAA	5.76e-3	9.07e-1	8.41e2	412	206	206	206	4	204	99.03	194	94.17
43	data/reference/motifs/JASPAR2026_CORE_plants_non-redundant_pfms_meme.txt	MA2762.1	myb53	AGTTAGGCAC	7.42e-3	9.09e-1	8.43e2	323	206	206	206	6	7	3.40	0	0.00
44	data/reference/motifs/JASPAR2026_CORE_plants_non-redundant_pfms_meme.txt	MA2669.1	GLYMA-04G231400	CAATAATTGATT	6.72e-3	9.11e-1	8.44e2	359	206	206	206	3	86	41.75	61	29.61
45	data/reference/motifs/JASPAR2026_CORE_plants_non-redundant_pfms_meme.txt	MA2708.1	SlDof4	AGAAAAAGTAA	5.92e-3	9.12e-1	8.46e2	411	206	206	206	4	200	97.09	187	90.78
46	data/reference/motifs/JASPAR2026_CORE_plants_non-redundant_pfms_meme.txt	MA0955.2	POPTR_0002s00440g	GTACGG	6.03e-3	9.17e-1	8.50e2	412	206	206	206	17	40	19.42	21	10.19
47	data/reference/motifs/JASPAR2026_CORE_plants_non-redundant_pfms_meme.txt	MA1241.2	ERF043	CCACCGACA	4.31e-2	9.19e-1	8.52e2	57	206	206	206	1	35	16.99	22	10.68
48	data/reference/motifs/JASPAR2026_CORE_plants_non-redundant_pfms_meme.txt	MA2673.1	GLYMA-15G086400	WTCTAGAAMCTTCTAGAR	2.62e-2	9.20e-1	8.53e2	95	206	206	206	2	20	9.71	9	4.37
49	data/reference/motifs/JASPAR2026_CORE_plants_non-redundant_pfms_meme.txt	MA1416.1	RAMOSA1	GAGAGAGAGAGAGA	2.24e-2	9.27e-1	8.59e2	117	206	206	206	6	19	9.22	8	3.88
50	data/reference/motifs/JASPAR2026_CORE_plants_non-redundant_pfms_meme.txt	MA1775.2	MYB61	YACCWACC	7.08e-3	9.28e-1	8.60e2	371	206	206	206	6	17	8.25	5	2.43
51	data/reference/motifs/JASPAR2026_CORE_plants_non-redundant_pfms_meme.txt	MA2739.1	SlTCP12	GTGGGACCCAC	1.51e-2	9.32e-1	8.64e2	179	206	206	206	7	6	2.91	0	0.00
52	data/reference/motifs/JASPAR2026_CORE_plants_non-redundant_pfms_meme.txt	MA1287.2	TCP21	GTGGGMCCCAC	2.14e-2	9.36e-1	8.67e2	128	206	206	206	1	74	35.92	54	26.21
53	data/reference/motifs/JASPAR2026_CORE_plants_non-redundant_pfms_meme.txt	MA2406.1	PK03576.1	CACGTGC	6.17e-2	9.39e-1	8.71e2	44	206	206	206	2	15	7.28	7	3.40
54	data/reference/motifs/JASPAR2026_CORE_plants_non-redundant_pfms_meme.txt	MA2725.1	SlWRKY6	AAAGTCAAC	7.08e-3	9.45e-1	8.76e2	409	206	206	206	10	17	8.25	5	2.43
55	data/reference/motifs/JASPAR2026_CORE_plants_non-redundant_pfms_meme.txt	MA2720.1	nacnor	ACACGTAACT	8.15e-3	9.48e-1	8.79e2	364	206	206	206	3	98	47.57	73	35.44
56	data/reference/motifs/JASPAR2026_CORE_plants_non-redundant_pfms_meme.txt	MA1404.1	BPC1	GAGAGAGAGAGAGAGAGAGAGAGA	5.25e-2	9.49e-1	8.79e2	55	206	206	206	13	8	3.88	2	0.97
57	data/reference/motifs/JASPAR2026_CORE_plants_non-redundant_pfms_meme.txt	MA2712.1	eil1	TCTAGATACATTGAATCT	3.43e-2	9.50e-1	8.81e2	86	206	206	206	1	51	24.76	35	16.99
58	data/reference/motifs/JASPAR2026_CORE_plants_non-redundant_pfms_meme.txt	MA0587.2	TCP16	GTGGACCC	1.50e-2	9.53e-1	8.83e2	203	206	206	206	1	113	54.85	90	43.69
59	data/reference/motifs/JASPAR2026_CORE_plants_non-redundant_pfms_meme.txt	MA2081.1	PK20317.1	CKTTW	7.42e-3	9.53e-1	8.83e2	412	206	206	206	41	206	100.00	199	96.60
60	data/reference/motifs/JASPAR2026_CORE_plants_non-redundant_pfms_meme.txt	MA0931.2	ABI5	GMCACGTG	1.83e-2	9.62e-1	8.91e2	178	206	206	206	1	100	48.54	78	37.86
61	data/reference/motifs/JASPAR2026_CORE_plants_non-redundant_pfms_meme.txt	MA2723.1	Solyc06g060230	ACACGTCTCT	8.76e-3	9.62e-1	8.92e2	373	206	206	206	1	194	94.17	179	86.89
62	data/reference/motifs/JASPAR2026_CORE_plants_non-redundant_pfms_meme.txt	MA2377.1	cassava45561.m1	GGGSCCCAC	9.82e-3	9.62e-1	8.92e2	334	206	206	206	2	139	67.48	115	55.83
63	data/reference/motifs/JASPAR2026_CORE_plants_non-redundant_pfms_meme.txt	MA2373.1	AZF2	ASTG	8.05e-3	9.64e-1	8.93e2	412	206	206	206	97	97	47.09	72	34.95
64	data/reference/motifs/JASPAR2026_CORE_plants_non-redundant_pfms_meme.txt	MA2376.1	CAMTA5	CGYGTNDDAWVCGYGT	1.52e-2	9.70e-1	9.00e2	232	206	206	206	3	47	22.82	29	14.08
65	data/reference/motifs/JASPAR2026_CORE_plants_non-redundant_pfms_meme.txt	MA1098.1	ARALYDRAFT_484486	GGSCCCAC	1.86e-2	9.73e-1	9.02e2	194	206	206	206	3	18	8.74	7	3.40
66	data/reference/motifs/JASPAR2026_CORE_plants_non-redundant_pfms_meme.txt	MA1095.1	ARALYDRAFT_495258	GGSCCCAC	1.86e-2	9.73e-1	9.02e2	194	206	206	206	3	18	8.74	7	3.40
67	data/reference/motifs/JASPAR2026_CORE_plants_non-redundant_pfms_meme.txt	MA2748.1	TraesCS6B02G321100	CAATTATTG	9.19e-3	9.73e-1	9.02e2	393	206	206	206	6	87	42.23	63	30.58
68	data/reference/motifs/JASPAR2026_CORE_plants_non-redundant_pfms_meme.txt	MA2659.1	GLYMA-08G281200	YTTGACTAATTAGGGTTWAKKGDT	1.74e-1	9.73e-1	9.02e2	19	206	206	206	1	12	5.83	7	3.40
69	data/reference/motifs/JASPAR2026_CORE_plants_non-redundant_pfms_meme.txt	MA1787.2	NAC047	ACACGTMWCT	1.06e-2	9.77e-1	9.06e2	356	206	206	206	2	149	72.33	126	61.17
70	data/reference/motifs/JASPAR2026_CORE_plants_non-redundant_pfms_meme.txt	MA0954.3	ATHB-7	TCAATGATTGR	1.04e-2	9.78e-1	9.07e2	368	206	206	206	3	95	46.12	71	34.47
71	data/reference/motifs/JASPAR2026_CORE_plants_non-redundant_pfms_meme.txt	MA1790.1	NAC073	CTTSWYBHWCAMGYT	1.31e-2	9.79e-1	9.08e2	296	206	206	206	4	30	14.56	15	7.28
72	data/reference/motifs/JASPAR2026_CORE_plants_non-redundant_pfms_meme.txt	MA0940.1	AP1	MYAAAAAWRGAAA	9.46e-3	9.80e-1	9.08e2	411	206	206	206	6	200	97.09	188	91.26
73	data/reference/motifs/JASPAR2026_CORE_plants_non-redundant_pfms_meme.txt	MA1065.3	TCP20	GTGGGWCCCAC	2.82e-2	9.81e-1	9.09e2	140	206	206	206	4	17	8.25	7	3.40
74	data/reference/motifs/JASPAR2026_CORE_plants_non-redundant_pfms_meme.txt	MA2356.1	PK20555.1	CTTTW	1.00e-2	9.84e-1	9.12e2	412	206	206	206	87	205	99.51	197	95.63
75	data/reference/motifs/JASPAR2026_CORE_plants_non-redundant_pfms_meme.txt	MA2379.1	DOF3.1	CKTT	1.03e-2	9.85e-1	9.13e2	412	206	206	206	105	160	77.67	138	66.99
76	data/reference/motifs/JASPAR2026_CORE_plants_non-redundant_pfms_meme.txt	MA1369.2	HDG1	YAATTAATGM	1.09e-2	9.87e-1	9.14e2	395	206	206	206	2	186	90.29	169	82.04
77	data/reference/motifs/JASPAR2026_CORE_plants_non-redundant_pfms_meme.txt	MA2655.1	GLYMA-08G218600	AAAAGTCAA	1.07e-2	9.88e-1	9.16e2	412	206	206	206	6	132	64.08	108	52.43
78	data/reference/motifs/JASPAR2026_CORE_plants_non-redundant_pfms_meme.txt	MA2473.1	HB88	TTGATTG	1.09e-2	9.89e-1	9.17e2	412	206	206	206	20	100	48.54	76	36.89
79	data/reference/motifs/JASPAR2026_CORE_plants_non-redundant_pfms_meme.txt	MA2049.2	NAC053	CAAGAAA	1.11e-2	9.89e-1	9.17e2	409	206	206	206	10	25	12.14	11	5.34
80	data/reference/motifs/JASPAR2026_CORE_plants_non-redundant_pfms_meme.txt	MA2451.1	SPL7B	AGCGGTASTACCGCT	3.75e-1	9.91e-1	9.19e2	10	206	206	206	1	6	2.91	4	1.94
81	data/reference/motifs/JASPAR2026_CORE_plants_non-redundant_pfms_meme.txt	MA1823.2	Zm00001d027846	AAAGAAAA	1.15e-2	9.91e-1	9.19e2	412	206	206	206	16	201	97.57	190	92.23
82	data/reference/motifs/JASPAR2026_CORE_plants_non-redundant_pfms_meme.txt	MA1057.2	SPL12	GTACGG	1.20e-2	9.93e-1	9.20e2	409	206	206	206	8	143	69.42	120	58.25
83	data/reference/motifs/JASPAR2026_CORE_plants_non-redundant_pfms_meme.txt	MA0959.1	AIB	GCACGTGC	2.82e-2	9.93e-1	9.21e2	178	206	206	206	6	17	8.25	7	3.40
84	data/reference/motifs/JASPAR2026_CORE_plants_non-redundant_pfms_meme.txt	MA1044.2	NAC92	RCAMGCCA	1.32e-2	9.96e-1	9.23e2	410	206	206	206	12	77	37.38	55	26.70
85	data/reference/motifs/JASPAR2026_CORE_plants_non-redundant_pfms_meme.txt	MA1401.2	RVE7	AAAATATCT	2.66e-2	9.96e-1	9.23e2	204	206	206	206	3	11	5.34	3	1.46
86	data/reference/motifs/JASPAR2026_CORE_plants_non-redundant_pfms_meme.txt	MA1041.1	MYB55	ACCTACCG	1.54e-2	9.96e-1	9.23e2	359	206	206	206	4	62	30.10	42	20.39
87	data/reference/motifs/JASPAR2026_CORE_plants_non-redundant_pfms_meme.txt	MA2475.1	HOX6	TGATTG	1.37e-2	9.96e-1	9.24e2	412	206	206	206	36	14	6.80	4	1.94
88	data/reference/motifs/JASPAR2026_CORE_plants_non-redundant_pfms_meme.txt	MA1190.2	RVE5	AGATATTTT	1.61e-2	9.97e-1	9.24e2	355	206	206	206	4	42	20.39	25	12.14
89	data/reference/motifs/JASPAR2026_CORE_plants_non-redundant_pfms_meme.txt	MA2087.1	PK24205.1	CACGTGKC	5.01e-2	9.97e-1	9.24e2	116	206	206	206	1	66	32.04	50	24.27
90	data/reference/motifs/JASPAR2026_CORE_plants_non-redundant_pfms_meme.txt	MA1745.2	BZIP63	TSACGTGG	2.00e-2	9.97e-1	9.24e2	290	206	206	206	1	155	75.24	135	65.53
91	data/reference/motifs/JASPAR2026_CORE_plants_non-redundant_pfms_meme.txt	MA2067.1	PK09702.1	GCACGTGR	1.24e-1	9.97e-1	9.24e2	44	206	206	206	4	3	1.46	0	0.00
92	data/reference/motifs/JASPAR2026_CORE_plants_non-redundant_pfms_meme.txt	MA0577.4	SPL3	TGTACGGA	2.05e-2	9.97e-1	9.24e2	288	206	206	206	1	154	74.76	134	65.05
93	data/reference/motifs/JASPAR2026_CORE_plants_non-redundant_pfms_meme.txt	MA1676.3	NAC062	TAAGTAA	1.46e-2	9.98e-1	9.25e2	412	206	206	206	19	31	15.05	16	7.77
94	data/reference/motifs/JASPAR2026_CORE_plants_non-redundant_pfms_meme.txt	MA1760.1	HSFA6A	GAAGNTTCTAGAA	1.51e-1	9.98e-1	9.25e2	37	206	206	206	1	22	10.68	15	7.28
95	data/reference/motifs/JASPAR2026_CORE_plants_non-redundant_pfms_meme.txt	MA0951.1	ATHB-16	TAATMATT	1.49e-2	9.98e-1	9.25e2	406	206	206	206	4	165	80.10	145	70.39
96	data/reference/motifs/JASPAR2026_CORE_plants_non-redundant_pfms_meme.txt	MA1270.2	DOF3.2	TWACTTTTTNNYTTTT	1.50e-2	9.98e-1	9.25e2	406	206	206	206	8	41	19.90	24	11.65
97	data/reference/motifs/JASPAR2026_CORE_plants_non-redundant_pfms_meme.txt	MA0982.2	DOF2.4	AAAG	1.49e-2	9.98e-1	9.25e2	412	206	206	206	79	200	97.09	189	91.75
98	data/reference/motifs/JASPAR2026_CORE_plants_non-redundant_pfms_meme.txt	MA2092.1	PK27149.1	TGACGTGK	2.23e-2	9.98e-1	9.25e2	277	206	206	206	2	94	45.63	73	35.44
99	data/reference/motifs/JASPAR2026_CORE_plants_non-redundant_pfms_meme.txt	MA2056.1	PK01144.1	CTTT	1.52e-2	9.98e-1	9.25e2	412	206	206	206	100	186	90.29	170	82.52
100	data/reference/motifs/JASPAR2026_CORE_plants_non-redundant_pfms_meme.txt	MA1663.3	NAC050	CAAGTAAC	1.54e-2	9.98e-1	9.25e2	409	206	206	206	4	171	83.01	152	73.79
101	data/reference/motifs/JASPAR2026_CORE_plants_non-redundant_pfms_meme.txt	MA1740.2	BHLH49	CACGTGC	1.24e-1	9.98e-1	9.25e2	48	206	206	206	4	3	1.46	0	0.00
102	data/reference/motifs/JASPAR2026_CORE_plants_non-redundant_pfms_meme.txt	MA1074.2	UNE10	CACGTGM	1.24e-1	9.98e-1	9.25e2	48	206	206	206	4	3	1.46	0	0.00
103	data/reference/motifs/JASPAR2026_CORE_plants_non-redundant_pfms_meme.txt	MA2077.1	PK18474.1	CACGTGC	1.24e-1	9.98e-1	9.25e2	48	206	206	206	4	3	1.46	0	0.00
104	data/reference/motifs/JASPAR2026_CORE_plants_non-redundant_pfms_meme.txt	MA2071.1	PK15505.1	GCACGTGT	1.24e-1	9.98e-1	9.25e2	48	206	206	206	4	3	1.46	0	0.00
105	data/reference/motifs/JASPAR2026_CORE_plants_non-redundant_pfms_meme.txt	MA2064.1	PK07858.1	CACGTGC	1.24e-1	9.98e-1	9.25e2	48	206	206	206	4	3	1.46	0	0.00
106	data/reference/motifs/JASPAR2026_CORE_plants_non-redundant_pfms_meme.txt	MA2061.1	PK06517.1	CACGTGC	1.24e-1	9.98e-1	9.25e2	48	206	206	206	4	3	1.46	0	0.00
107	data/reference/motifs/JASPAR2026_CORE_plants_non-redundant_pfms_meme.txt	MA2060.1	PK05451.1	CCACGTGM	1.24e-1	9.98e-1	9.25e2	48	206	206	206	4	3	1.46	0	0.00
108	data/reference/motifs/JASPAR2026_CORE_plants_non-redundant_pfms_meme.txt	MA1067.1	TCP5	GGGACCAC	4.32e-2	9.98e-1	9.25e2	148	206	206	206	2	20	9.71	10	4.85
109	data/reference/motifs/JASPAR2026_CORE_plants_non-redundant_pfms_meme.txt	MA1290.1	TCP17	GTGGTCCCCAC	5.27e-2	9.98e-1	9.25e2	122	206	206	206	1	69	33.50	53	25.73
110	data/reference/motifs/JASPAR2026_CORE_plants_non-redundant_pfms_meme.txt	MA2500.1	LSH3	TTACTGTTCAT	1.61e-2	9.98e-1	9.26e2	401	206	206	206	2	189	91.75	174	84.47
111	data/reference/motifs/JASPAR2026_CORE_plants_non-redundant_pfms_meme.txt	MA1385.2	AT2G40260	AAHATTCTYT	1.61e-2	9.98e-1	9.26e2	401	206	206	206	7	32	15.53	17	8.25
112	data/reference/motifs/JASPAR2026_CORE_plants_non-redundant_pfms_meme.txt	MA0571.2	ANT	GCACRRWTCCCVAKGY	2.13e-1	9.98e-1	9.26e2	27	206	206	206	1	16	7.77	11	5.34
113	data/reference/motifs/JASPAR2026_CORE_plants_non-redundant_pfms_meme.txt	MA1092.2	WRKY63	GGTCAA	1.83e-2	9.98e-1	9.26e2	355	206	206	206	5	15	7.28	5	2.43
114	data/reference/motifs/JASPAR2026_CORE_plants_non-redundant_pfms_meme.txt	MA1741.1	BRN2	CTTGWWHYDYACGYWA	3.14e-2	9.99e-1	9.26e2	207	206	206	206	2	57	27.67	40	19.42
115	data/reference/motifs/JASPAR2026_CORE_plants_non-redundant_pfms_meme.txt	MA1086.2	WRKY43	RGTCAA	1.60e-2	9.99e-1	9.26e2	412	206	206	206	21	203	98.54	194	94.17
116	data/reference/motifs/JASPAR2026_CORE_plants_non-redundant_pfms_meme.txt	MA2480.1	GLYMA-04G093300	CTAATC	1.78e-2	9.99e-1	9.26e2	371	206	206	206	5	38	18.45	22	10.68
117	data/reference/motifs/JASPAR2026_CORE_plants_non-redundant_pfms_meme.txt	MA2354.1	PK06182.1	TACCTACC	1.91e-2	9.99e-1	9.26e2	346	206	206	206	3	82	39.81	61	29.61
118	data/reference/motifs/JASPAR2026_CORE_plants_non-redundant_pfms_meme.txt	MA1687.1	ARF14	CGGGGGACAYGTCGGG	1.56e-1	9.99e-1	9.26e2	39	206	206	206	1	23	11.17	16	7.77
119	data/reference/motifs/JASPAR2026_CORE_plants_non-redundant_pfms_meme.txt	MA0974.3	CDF3	AAAAAGTG	1.63e-2	9.99e-1	9.26e2	412	206	206	206	9	74	35.92	53	25.73
120	data/reference/motifs/JASPAR2026_CORE_plants_non-redundant_pfms_meme.txt	MA1064.2	TCP2	TGGKMCCA	1.70e-2	9.99e-1	9.26e2	395	206	206	206	14	65	31.55	45	21.84
121	data/reference/motifs/JASPAR2026_CORE_plants_non-redundant_pfms_meme.txt	MA1828.2	Zm00001d038683	GTGGTCCA	1.85e-2	9.99e-1	9.26e2	365	206	206	206	11	8	3.88	1	0.49
122	data/reference/motifs/JASPAR2026_CORE_plants_non-redundant_pfms_meme.txt	MA2666.1	GLYMA-12G117000	GGMGGCGGYGGCGGMGG	9.37e-2	9.99e-1	9.26e2	69	206	206	206	2	25	12.14	16	7.77
123	data/reference/motifs/JASPAR2026_CORE_plants_non-redundant_pfms_meme.txt	MA2348.1	IDD6	TTTTTGTCGTTTTSTK	3.38e-2	9.99e-1	9.26e2	206	206	206	206	4	7	3.40	1	0.49
124	data/reference/motifs/JASPAR2026_CORE_plants_non-redundant_pfms_meme.txt	MA2347.1	OS04G0486400	TAACC	1.72e-2	9.99e-1	9.26e2	412	206	206	206	48	135	65.53	113	54.85
125	data/reference/motifs/JASPAR2026_CORE_plants_non-redundant_pfms_meme.txt	MA1160.2	IDD6	TTTTTGTCGTTTTSTK	3.38e-2	9.99e-1	9.26e2	211	206	206	206	4	7	3.40	1	0.49
126	data/reference/motifs/JASPAR2026_CORE_plants_non-redundant_pfms_meme.txt	MA0939.1	NAC079	ACACGCAA	2.83e-2	9.99e-1	9.26e2	257	206	206	206	2	75	36.41	56	27.18
127	data/reference/motifs/JASPAR2026_CORE_plants_non-redundant_pfms_meme.txt	MA2085.1	PK23763.1	CTTTW	1.77e-2	9.99e-1	9.26e2	412	206	206	206	55	33	16.02	18	8.74
128	data/reference/motifs/JASPAR2026_CORE_plants_non-redundant_pfms_meme.txt	MA0082.2	squamosa	MCAWAWATRGWAA	1.79e-2	9.99e-1	9.26e2	410	206	206	206	12	10	4.85	2	0.97
129	data/reference/motifs/JASPAR2026_CORE_plants_non-redundant_pfms_meme.txt	MA0020.2	Dof2	AAAGC	1.79e-2	9.99e-1	9.26e2	412	206	206	206	23	10	4.85	2	0.97
130	data/reference/motifs/JASPAR2026_CORE_plants_non-redundant_pfms_meme.txt	MA0064.1	PBF	AAAGY	1.79e-2	9.99e-1	9.26e2	412	206	206	206	23	10	4.85	2	0.97
131	data/reference/motifs/JASPAR2026_CORE_plants_non-redundant_pfms_meme.txt	MA0566.2	MYC2	AACACGTGA	2.07e-2	9.99e-1	9.27e2	365	206	206	206	9	22	10.68	10	4.85
132	data/reference/motifs/JASPAR2026_CORE_plants_non-redundant_pfms_meme.txt	MA2034.2	NAC057	CAAGTAA	1.85e-2	1.00e0	9.27e2	412	206	206	206	4	205	99.51	198	96.12
133	data/reference/motifs/JASPAR2026_CORE_plants_non-redundant_pfms_meme.txt	MA2345.1	OS02G0104500	GTAAAW	1.86e-2	1.00e0	9.27e2	412	206	206	206	59	18	8.74	7	3.40
134	data/reference/motifs/JASPAR2026_CORE_plants_non-redundant_pfms_meme.txt	MA2650.1	GLYMA-05G027400	GTGGGCCCCAC	5.73e-2	1.00e0	9.27e2	134	206	206	206	1	75	36.41	59	28.64
135	data/reference/motifs/JASPAR2026_CORE_plants_non-redundant_pfms_meme.txt	MA1046.1	NTL9	TTAAGTAAT	2.93e-2	1.00e0	9.27e2	264	206	206	206	2	77	37.38	58	28.16
136	data/reference/motifs/JASPAR2026_CORE_plants_non-redundant_pfms_meme.txt	MA1779.2	MYB83	CACCAACM	1.95e-2	1.00e0	9.27e2	407	206	206	206	6	144	69.90	123	59.71
137	data/reference/motifs/JASPAR2026_CORE_plants_non-redundant_pfms_meme.txt	MA2408.1	BAD1	CCGGGCCCCSVC	1.01e-1	1.00e0	9.27e2	75	206	206	206	1	43	20.87	32	15.53
138	data/reference/motifs/JASPAR2026_CORE_plants_non-redundant_pfms_meme.txt	MA1309.1	WRKY3	AAAAGTCAACG	3.10e-2	1.00e0	9.27e2	259	206	206	206	4	9	4.37	2	0.97
139	data/reference/motifs/JASPAR2026_CORE_plants_non-redundant_pfms_meme.txt	MA1430.2	TB1	GGSCCCCCC	7.83e-2	1.00e0	9.27e2	104	206	206	206	2	22	10.68	13	6.31
140	data/reference/motifs/JASPAR2026_CORE_plants_non-redundant_pfms_meme.txt	MA1061.2	SPT	CCACGTG	2.11e-2	1.00e0	9.27e2	396	206	206	206	11	26	12.62	13	6.31
141	data/reference/motifs/JASPAR2026_CORE_plants_non-redundant_pfms_meme.txt	MA2396.1	IDD1	TTTTGTCGTTTT	3.74e-2	1.00e0	9.27e2	225	206	206	206	1	122	59.22	103	50.00
142	data/reference/motifs/JASPAR2026_CORE_plants_non-redundant_pfms_meme.txt	MA2434.1	SPL16A	AGCGGTAGTAC	3.61e-2	1.00e0	9.27e2	239	206	206	206	1	129	62.62	110	53.40
143	data/reference/motifs/JASPAR2026_CORE_plants_non-redundant_pfms_meme.txt	MA1069.3	TGA6	ATGAYGTCAT	2.99e-2	1.00e0	9.27e2	290	206	206	206	2	103	50.00	83	40.29
144	data/reference/motifs/JASPAR2026_CORE_plants_non-redundant_pfms_meme.txt	MA0560.2	PIF3	CCACGTG	4.93e-2	1.00e0	9.27e2	177	206	206	206	2	54	26.21	39	18.93
145	data/reference/motifs/JASPAR2026_CORE_plants_non-redundant_pfms_meme.txt	MA2393.1	PHYPA_008731	CACGTGC	4.93e-2	1.00e0	9.27e2	177	206	206	206	2	54	26.21	39	18.93
146	data/reference/motifs/JASPAR2026_CORE_plants_non-redundant_pfms_meme.txt	MA2068.1	PK10344.1	GGGACCAC	1.05e-1	1.00e0	9.27e2	79	206	206	206	1	45	21.84	34	16.50
147	data/reference/motifs/JASPAR2026_CORE_plants_non-redundant_pfms_meme.txt	MA2740.1	SlTCP15	GTGGGACCCA	3.38e-2	1.00e0	9.27e2	261	206	206	206	8	7	3.40	1	0.49
148	data/reference/motifs/JASPAR2026_CORE_plants_non-redundant_pfms_meme.txt	MA1157.2	NUC	TTTTGTCGTTTT	3.38e-2	1.00e0	9.27e2	262	206	206	206	4	7	3.40	1	0.49
149	data/reference/motifs/JASPAR2026_CORE_plants_non-redundant_pfms_meme.txt	MA0576.2	RAX3	GGGGGTAGGTGS	1.69e-1	1.00e0	9.27e2	48	206	206	206	2	7	3.40	3	1.46
150	data/reference/motifs/JASPAR2026_CORE_plants_non-redundant_pfms_meme.txt	MA2426.1	SPL11B	AGCGGTASTACCGCT	5.00e-1	1.00e0	9.27e2	13	206	206	206	1	7	3.40	6	2.91
151	data/reference/motifs/JASPAR2026_CORE_plants_non-redundant_pfms_meme.txt	MA1087.3	WRKY45	AAAAGTCAAM	2.39e-2	1.00e0	9.27e2	377	206	206	206	3	122	59.22	101	49.03
152	data/reference/motifs/JASPAR2026_CORE_plants_non-redundant_pfms_meme.txt	MA1158.2	MGP	AAAACGACAAAAA	4.66e-2	1.00e0	9.27e2	194	206	206	206	1	106	51.46	88	42.72
153	data/reference/motifs/JASPAR2026_CORE_plants_non-redundant_pfms_meme.txt	MA0586.3	SPL14	TCCGTAC	7.75e-2	1.00e0	9.27e2	117	206	206	206	2	17	8.25	9	4.37
154	data/reference/motifs/JASPAR2026_CORE_plants_non-redundant_pfms_meme.txt	MA1330.2	ZHD6	AAWHRTAATTAA	2.24e-2	1.00e0	9.27e2	408	206	206	206	14	19	9.22	8	3.88
155	data/reference/motifs/JASPAR2026_CORE_plants_non-redundant_pfms_meme.txt	MA1208.2	GT-2	WTTTTTACCGY	2.25e-2	1.00e0	9.27e2	410	206	206	206	9	36	17.48	21	10.19
156	data/reference/motifs/JASPAR2026_CORE_plants_non-redundant_pfms_meme.txt	MA2079.1	PK19717.1	GGGSCCCMC	3.05e-2	1.00e0	9.27e2	304	206	206	206	6	35	16.99	21	10.19
157	data/reference/motifs/JASPAR2026_CORE_plants_non-redundant_pfms_meme.txt	MA1093.2	WRKY75	RGTCAAC	3.38e-2	1.00e0	9.27e2	276	206	206	206	5	7	3.40	1	0.49
158	data/reference/motifs/JASPAR2026_CORE_plants_non-redundant_pfms_meme.txt	MA2048.2	NAC045	GAAGCAAC	2.27e-2	1.00e0	9.27e2	411	206	206	206	5	149	72.33	129	62.62
159	data/reference/motifs/JASPAR2026_CORE_plants_non-redundant_pfms_meme.txt	MA2403.1	DVH24_040989	TTAACC	2.27e-2	1.00e0	9.27e2	412	206	206	206	28	149	72.33	129	62.62
160	data/reference/motifs/JASPAR2026_CORE_plants_non-redundant_pfms_meme.txt	MA1425.2	HYH	TSACGTG	3.71e-2	1.00e0	9.27e2	254	206	206	206	2	124	60.19	105	50.97
161	data/reference/motifs/JASPAR2026_CORE_plants_non-redundant_pfms_meme.txt	MA0965.3	BIM2	CACGTG	3.19e-2	1.00e0	9.27e2	298	206	206	206	6	49	23.79	33	16.02
162	data/reference/motifs/JASPAR2026_CORE_plants_non-redundant_pfms_meme.txt	MA2076.1	PK18401.1	GCACGTGG	2.99e-2	1.00e0	9.27e2	318	206	206	206	2	123	59.71	103	50.00
163	data/reference/motifs/JASPAR2026_CORE_plants_non-redundant_pfms_meme.txt	MA0936.1	NAC046	ACACGCMA	2.32e-2	1.00e0	9.27e2	412	206	206	206	35	16	7.77	6	2.91
164	data/reference/motifs/JASPAR2026_CORE_plants_non-redundant_pfms_meme.txt	MA2358.1	PK22320.1	GTACGG	2.38e-2	1.00e0	9.27e2	403	206	206	206	12	23	11.17	11	5.34
165	data/reference/motifs/JASPAR2026_CORE_plants_non-redundant_pfms_meme.txt	MA2610.1	ereb97	CGCCGCCGCC	5.00e-1	1.00e0	9.27e2	14	206	206	206	3	1	0.49	0	0.00
166	data/reference/motifs/JASPAR2026_CORE_plants_non-redundant_pfms_meme.txt	MA1832.2	Zm00001d002364	CGCCGCCGCC	5.00e-1	1.00e0	9.27e2	14	206	206	206	3	1	0.49	0	0.00
167	data/reference/motifs/JASPAR2026_CORE_plants_non-redundant_pfms_meme.txt	MA1818.1	Zm00001d052229	CGCCGCCGCC	5.00e-1	1.00e0	9.27e2	14	206	206	206	3	1	0.49	0	0.00
168	data/reference/motifs/JASPAR2026_CORE_plants_non-redundant_pfms_meme.txt	MA2401.1	Os05g0437700	MCACGTGK	6.33e-2	1.00e0	9.27e2	154	206	206	206	2	85	41.26	69	33.50
169	data/reference/motifs/JASPAR2026_CORE_plants_non-redundant_pfms_meme.txt	MA1033.1	OJ1058_F05.8	MCACGTGK	6.33e-2	1.00e0	9.27e2	154	206	206	206	2	85	41.26	69	33.50
170	data/reference/motifs/JASPAR2026_CORE_plants_non-redundant_pfms_meme.txt	MA1089.2	WRKY57	RGTCAA	2.38e-2	1.00e0	9.27e2	412	206	206	206	38	23	11.17	11	5.34
171	data/reference/motifs/JASPAR2026_CORE_plants_non-redundant_pfms_meme.txt	MA1363.1	LRL2	CGTGNKWBGCACGTG	1.08e-1	1.00e0	9.27e2	86	206	206	206	3	5	2.43	1	0.49
172	data/reference/motifs/JASPAR2026_CORE_plants_non-redundant_pfms_meme.txt	MA1785.2	NAC018	ACACGYAACY	3.05e-2	1.00e0	9.27e2	323	206	206	206	2	110	53.40	90	43.69
173	data/reference/motifs/JASPAR2026_CORE_plants_non-redundant_pfms_meme.txt	MA1374.2	IDD7	ASAAAACGACAAAA	4.91e-2	1.00e0	9.27e2	201	206	206	206	2	45	21.84	31	15.05
174	data/reference/motifs/JASPAR2026_CORE_plants_non-redundant_pfms_meme.txt	MA1210.3	HAT22	CAATAATTG	2.43e-2	1.00e0	9.27e2	412	206	206	206	8	115	55.83	94	45.63
175	data/reference/motifs/JASPAR2026_CORE_plants_non-redundant_pfms_meme.txt	MA2724.1	SlTCP18	GTGGGVCCCAC	5.99e-2	1.00e0	9.27e2	168	206	206	206	2	79	38.35	63	30.58
176	data/reference/motifs/JASPAR2026_CORE_plants_non-redundant_pfms_meme.txt	MA1696.2	ARF39	GGGGRACACGT	3.06e-2	1.00e0	9.27e2	332	206	206	206	1	174	84.47	158	76.70
177	data/reference/motifs/JASPAR2026_CORE_plants_non-redundant_pfms_meme.txt	MA2661.1	GLYMA-03G081700	CTACGTGGCA	2.85e-2	1.00e0	9.27e2	358	206	206	206	1	186	90.29	172	83.50
178	data/reference/motifs/JASPAR2026_CORE_plants_non-redundant_pfms_meme.txt	MA2498.1	LSH1	AAACAGTG	2.51e-2	1.00e0	9.27e2	408	206	206	206	6	143	69.42	123	59.71
179	data/reference/motifs/JASPAR2026_CORE_plants_non-redundant_pfms_meme.txt	MA2667.1	GLYMA-13G236500	ACGACGGCGGAG	6.47e-2	1.00e0	9.27e2	160	206	206	206	1	88	42.72	72	34.95
180	data/reference/motifs/JASPAR2026_CORE_plants_non-redundant_pfms_meme.txt	MA1059.3	SPL5	TGTACGGAH	3.40e-1	1.00e0	9.27e2	25	206	206	206	1	14	6.80	11	5.34
181	data/reference/motifs/JASPAR2026_CORE_plants_non-redundant_pfms_meme.txt	MA1382.2	FAR1	YCACGCGCY	1.85e-1	1.00e0	9.27e2	51	206	206	206	1	29	14.08	22	10.68
182	data/reference/motifs/JASPAR2026_CORE_plants_non-redundant_pfms_meme.txt	MA1356.1	TRP2	AACCCTAAACCCTAAACCCTA	7.75e-1	1.00e0	9.27e2	7	206	206	206	1	3	1.46	4	1.94
183	data/reference/motifs/JASPAR2026_CORE_plants_non-redundant_pfms_meme.txt	MA1750.1	E2FE	TTTTTGGCGGGAAAA	7.75e-1	1.00e0	9.27e2	7	206	206	206	1	3	1.46	4	1.94
184	data/reference/motifs/JASPAR2026_CORE_plants_non-redundant_pfms_meme.txt	MA1732.1	E2FD	TTTTTGGCGGGAAAA	7.75e-1	1.00e0	9.27e2	7	206	206	206	1	3	1.46	4	1.94
185	data/reference/motifs/JASPAR2026_CORE_plants_non-redundant_pfms_meme.txt	MA0570.3	ABF1	ACACGTGKCA	3.94e-2	1.00e0	9.27e2	268	206	206	206	1	143	69.42	125	60.68
186	data/reference/motifs/JASPAR2026_CORE_plants_non-redundant_pfms_meme.txt	MA0935.1	NAC025	YACGTAAY	4.52e-2	1.00e0	9.27e2	236	206	206	206	1	127	61.65	109	52.91
187	data/reference/motifs/JASPAR2026_CORE_plants_non-redundant_pfms_meme.txt	MA1183.2	RVE6	AGATATTTT	3.10e-2	1.00e0	9.27e2	345	206	206	206	6	9	4.37	2	0.97
188	data/reference/motifs/JASPAR2026_CORE_plants_non-redundant_pfms_meme.txt	MA2639.1	FUL::SOC1	TTCCATTTTTGG	2.66e-2	1.00e0	9.27e2	409	206	206	206	10	11	5.34	3	1.46
189	data/reference/motifs/JASPAR2026_CORE_plants_non-redundant_pfms_meme.txt	MA0987.2	PHYPADRAFT_140773	AAAG	2.66e-2	1.00e0	9.27e2	412	206	206	206	54	203	98.54	195	94.66
190	data/reference/motifs/JASPAR2026_CORE_plants_non-redundant_pfms_meme.txt	MA2381.1	e_gw1.170.52.1	CTTT	2.66e-2	1.00e0	9.27e2	412	206	206	206	54	203	98.54	195	94.66
191	data/reference/motifs/JASPAR2026_CORE_plants_non-redundant_pfms_meme.txt	MA1280.2	DOF5.4	AAAAAGK	2.69e-2	1.00e0	9.27e2	412	206	206	206	12	45	21.84	29	14.08
192	data/reference/motifs/JASPAR2026_CORE_plants_non-redundant_pfms_meme.txt	MA2084.1	PK23009.1	CTTTW	2.69e-2	1.00e0	9.27e2	412	206	206	206	62	177	85.92	161	78.16
193	data/reference/motifs/JASPAR2026_CORE_plants_non-redundant_pfms_meme.txt	MA2448.1	SPL5D	AGCGGTASTACCGC	2.72e-1	1.00e0	9.27e2	35	206	206	206	2	7	3.40	4	1.94
194	data/reference/motifs/JASPAR2026_CORE_plants_non-redundant_pfms_meme.txt	MA2651.1	GLYMA-20G154400	GGGCCCCAC	4.74e-2	1.00e0	9.27e2	237	206	206	206	3	44	21.36	30	14.56
195	data/reference/motifs/JASPAR2026_CORE_plants_non-redundant_pfms_meme.txt	MA2664.1	GLYMA-03G162700	GGYGGYGGCGGCGGMGGCGGYGG	4.00e-1	1.00e0	9.27e2	22	206	206	206	3	9	4.37	7	3.40
196	data/reference/motifs/JASPAR2026_CORE_plants_non-redundant_pfms_meme.txt	MA1032.2	DREB1G	TGCCGACA	1.17e-1	1.00e0	9.27e2	91	206	206	206	1	51	24.76	40	19.42
197	data/reference/motifs/JASPAR2026_CORE_plants_non-redundant_pfms_meme.txt	MA1351.3	GBF3	ACGTGGCA	2.89e-2	1.00e0	9.27e2	396	206	206	206	2	181	87.86	166	80.58
198	data/reference/motifs/JASPAR2026_CORE_plants_non-redundant_pfms_meme.txt	MA0053.1	MNB1A	AAAGC	2.78e-2	1.00e0	9.27e2	412	206	206	206	14	74	35.92	55	26.70
199	data/reference/motifs/JASPAR2026_CORE_plants_non-redundant_pfms_meme.txt	MA2711.1	SolycHsfB2b	TTCTAGAA	6.76e-2	1.00e0	9.27e2	171	206	206	206	3	12	5.83	5	2.43
200	data/reference/motifs/JASPAR2026_CORE_plants_non-redundant_pfms_meme.txt	MA1783.1	NAC005	TWRCTTVTTYHAYAAGTTW	1.37e-1	1.00e0	9.27e2	79	206	206	206	2	27	13.11	19	9.22
201	data/reference/motifs/JASPAR2026_CORE_plants_non-redundant_pfms_meme.txt	MA1660.2	NAC013	TTACTTGTTCYMCAAGTAA	1.72e-1	1.00e0	9.27e2	62	206	206	206	2	18	8.74	12	5.83
202	data/reference/motifs/JASPAR2026_CORE_plants_non-redundant_pfms_meme.txt	MA1675.2	NAC029	ACGCAACT	3.06e-2	1.00e0	9.27e2	382	206	206	206	5	48	23.30	32	15.53
203	data/reference/motifs/JASPAR2026_CORE_plants_non-redundant_pfms_meme.txt	MA1747.2	DOF4.3	WAAAGWRGCTTTW	1.24e-1	1.00e0	9.27e2	89	206	206	206	3	3	1.46	0	0.00
204	data/reference/motifs/JASPAR2026_CORE_plants_non-redundant_pfms_meme.txt	MA2616.1	ereb17	CGCCGCCGCCGCCS	1.51e-1	1.00e0	9.27e2	73	206	206	206	1	41	19.90	32	15.53
205	data/reference/motifs/JASPAR2026_CORE_plants_non-redundant_pfms_meme.txt	MA0554.2	SOC1	TTTCCWTTTTTGG	3.10e-2	1.00e0	9.27e2	391	206	206	206	8	9	4.37	2	0.97
206	data/reference/motifs/JASPAR2026_CORE_plants_non-redundant_pfms_meme.txt	MA2436.1	SPL18A	GCGGTASTACCGCT	2.51e-1	1.00e0	9.27e2	42	206	206	206	2	6	2.91	3	1.46
207	data/reference/motifs/JASPAR2026_CORE_plants_non-redundant_pfms_meme.txt	MA1168.2	MYR2	RGAATMTT	3.38e-2	1.00e0	9.27e2	360	206	206	206	7	7	3.40	1	0.49
208	data/reference/motifs/JASPAR2026_CORE_plants_non-redundant_pfms_meme.txt	MA0559.1	PI	CCAAAARWRGAAAR	3.02e-2	1.00e0	9.27e2	403	206	206	206	5	106	51.46	86	41.75
209	data/reference/motifs/JASPAR2026_CORE_plants_non-redundant_pfms_meme.txt	MA1789.1	NAC071	CTTSWHYYTCAMGYA	6.16e-2	1.00e0	9.27e2	198	206	206	206	5	4	1.94	0	0.00
210	data/reference/motifs/JASPAR2026_CORE_plants_non-redundant_pfms_meme.txt	MA1691.2	ARF27	GCAGACAT	3.05e-2	1.00e0	9.27e2	400	206	206	206	13	5	2.43	0	0.00
211	data/reference/motifs/JASPAR2026_CORE_plants_non-redundant_pfms_meme.txt	MA1784.1	NAC011	GTTGCTTSWNHHDCAAGYAAC	3.75e-1	1.00e0	9.27e2	26	206	206	206	2	6	2.91	4	1.94
212	data/reference/motifs/JASPAR2026_CORE_plants_non-redundant_pfms_meme.txt	MA2658.1	GLYMA-19G094100	ATTGACTTW	3.05e-2	1.00e0	9.27e2	404	206	206	206	11	5	2.43	0	0.00
213	data/reference/motifs/JASPAR2026_CORE_plants_non-redundant_pfms_meme.txt	MA2070.1	PK15337.1	CTTT	3.01e-2	1.00e0	9.27e2	412	206	206	206	114	196	95.15	185	89.81
214	data/reference/motifs/JASPAR2026_CORE_plants_non-redundant_pfms_meme.txt	MA2607.1	tcptf23	GGGACCAC	3.67e-2	1.00e0	9.27e2	341	206	206	206	5	53	25.73	37	17.96
215	data/reference/motifs/JASPAR2026_CORE_plants_non-redundant_pfms_meme.txt	MA1173.2	MYB101	TAACCGAAW	3.05e-2	1.00e0	9.27e2	411	206	206	206	3	206	100.00	201	97.57
216	data/reference/motifs/JASPAR2026_CORE_plants_non-redundant_pfms_meme.txt	MA2380.1	DOF4.7	TWACTTTTT	3.05e-2	1.00e0	9.27e2	411	206	206	206	17	5	2.43	0	0.00
217	data/reference/motifs/JASPAR2026_CORE_plants_non-redundant_pfms_meme.txt	MA0989.2	PHYPADRAFT_153324	WAAAG	3.05e-2	1.00e0	9.27e2	412	206	206	206	83	167	81.07	150	72.82
218	data/reference/motifs/JASPAR2026_CORE_plants_non-redundant_pfms_meme.txt	MA2383.1	e_gw1.392.16.1	CTTTW	3.05e-2	1.00e0	9.27e2	412	206	206	206	83	167	81.07	150	72.82
219	data/reference/motifs/JASPAR2026_CORE_plants_non-redundant_pfms_meme.txt	MA0563.2	SEP3	CYWTTTTTGG	3.05e-2	1.00e0	9.27e2	412	206	206	206	21	5	2.43	0	0.00
220	data/reference/motifs/JASPAR2026_CORE_plants_non-redundant_pfms_meme.txt	MA2734.1	Sl-ERF_F_5	CCGCCGCCGCCRCCRCC	1.74e-1	1.00e0	9.27e2	66	206	206	206	1	37	17.96	29	14.08
221	data/reference/motifs/JASPAR2026_CORE_plants_non-redundant_pfms_meme.txt	MA1279.2	DOF1.5	AAADDAAAAAGTRAAA	3.10e-2	1.00e0	9.27e2	410	206	206	206	2	204	99.03	197	95.63
222	data/reference/motifs/JASPAR2026_CORE_plants_non-redundant_pfms_meme.txt	MA0960.1	BHLH104	GGCACGTGCC	3.12e-1	1.00e0	9.27e2	34	206	206	206	4	3	1.46	1	0.49
223	data/reference/motifs/JASPAR2026_CORE_plants_non-redundant_pfms_meme.txt	MA1021.2	PHYPADRAFT_48267	CACGTGC	5.25e-2	1.00e0	9.27e2	242	206	206	206	6	8	3.88	2	0.97
224	data/reference/motifs/JASPAR2026_CORE_plants_non-redundant_pfms_meme.txt	MA1814.2	RIN	CTATTTTTGG	3.10e-2	1.00e0	9.27e2	411	206	206	206	17	9	4.37	2	0.97
225	data/reference/motifs/JASPAR2026_CORE_plants_non-redundant_pfms_meme.txt	MA1370.2	IDD5	TTTTGTCGTTTWST	6.09e-2	1.00e0	9.27e2	210	206	206	206	4	6	2.91	1	0.49
226	data/reference/motifs/JASPAR2026_CORE_plants_non-redundant_pfms_meme.txt	MA1066.1	TCP23	GGGCCCAC	5.25e-2	1.00e0	9.27e2	244	206	206	206	3	47	22.82	33	16.02
227	data/reference/motifs/JASPAR2026_CORE_plants_non-redundant_pfms_meme.txt	MA2029.2	MYB88	ACGCTCCTC	6.26e-2	1.00e0	9.27e2	205	206	206	206	2	44	21.36	31	15.05
228	data/reference/motifs/JASPAR2026_CORE_plants_non-redundant_pfms_meme.txt	MA0574.1	MYB15	CRACGGTAGGTGG	3.01e-1	1.00e0	9.27e2	36	206	206	206	1	20	9.71	16	7.77
229	data/reference/motifs/JASPAR2026_CORE_plants_non-redundant_pfms_meme.txt	MA2455.1	SPL9D	AGCGGTASTACCGC	2.60e-1	1.00e0	9.27e2	43	206	206	206	1	24	11.65	19	9.22
230	data/reference/motifs/JASPAR2026_CORE_plants_non-redundant_pfms_meme.txt	MA2104.1	IDD11	AAAACGACAAAA	4.20e-2	1.00e0	9.27e2	308	206	206	206	4	16	7.77	7	3.40
231	data/reference/motifs/JASPAR2026_CORE_plants_non-redundant_pfms_meme.txt	MA2437.1	SPL19B	GCGGTASTACCGC	6.07e-1	1.00e0	9.27e2	14	206	206	206	1	7	3.40	7	3.40
232	data/reference/motifs/JASPAR2026_CORE_plants_non-redundant_pfms_meme.txt	MA2755.1	hsftf24	ACTAGAAGCTTCTGGAA	7.96e-2	1.00e0	9.27e2	165	206	206	206	1	90	43.69	75	36.41
233	data/reference/motifs/JASPAR2026_CORE_plants_non-redundant_pfms_meme.txt	MA0578.1	SPL8	WWDWHYGTACHHTWWW	5.44e-2	1.00e0	9.27e2	243	206	206	206	2	93	45.15	76	36.89
234	data/reference/motifs/JASPAR2026_CORE_plants_non-redundant_pfms_meme.txt	MA1384.1	PHL7	AAARGAATATTCY	5.30e-2	1.00e0	9.27e2	250	206	206	206	3	22	10.68	12	5.83
235	data/reference/motifs/JASPAR2026_CORE_plants_non-redundant_pfms_meme.txt	MA1371.2	IDD4	ASAAAAMGACAAAAA	6.09e-2	1.00e0	9.27e2	219	206	206	206	4	6	2.91	1	0.49
236	data/reference/motifs/JASPAR2026_CORE_plants_non-redundant_pfms_meme.txt	MA2483.1	PK20543.1	TTAACC	3.24e-2	1.00e0	9.27e2	412	206	206	206	41	36	17.48	22	10.68
237	data/reference/motifs/JASPAR2026_CORE_plants_non-redundant_pfms_meme.txt	MA2611.1	ereb209	GCGCCGC	8.92e-1	1.00e0	9.27e2	6	206	206	206	1	2	0.97	4	1.94
238	data/reference/motifs/JASPAR2026_CORE_plants_non-redundant_pfms_meme.txt	MA2479.1	TCX5	ATTCAAAT	3.32e-2	1.00e0	9.27e2	408	206	206	206	3	198	96.12	188	91.26
239	data/reference/motifs/JASPAR2026_CORE_plants_non-redundant_pfms_meme.txt	MA1677.2	NAC078	CAAGAAA	3.32e-2	1.00e0	9.27e2	410	206	206	206	12	18	8.74	8	3.88
240	data/reference/motifs/JASPAR2026_CORE_plants_non-redundant_pfms_meme.txt	MA2619.1	ereb18	CCGCCGCCGCCCGCC	1.45e-1	1.00e0	9.27e2	87	206	206	206	2	29	14.08	21	10.19
241	data/reference/motifs/JASPAR2026_CORE_plants_non-redundant_pfms_meme.txt	MA1022.2	PHYPADRAFT_38837	AAAG	3.32e-2	1.00e0	9.27e2	412	206	206	206	62	198	96.12	188	91.26
242	data/reference/motifs/JASPAR2026_CORE_plants_non-redundant_pfms_meme.txt	MA0981.2	DOF1.8	AAAG	3.32e-2	1.00e0	9.27e2	412	206	206	206	62	198	96.12	188	91.26
243	data/reference/motifs/JASPAR2026_CORE_plants_non-redundant_pfms_meme.txt	MA2394.1	PpDof6	CTTT	3.32e-2	1.00e0	9.27e2	412	206	206	206	62	198	96.12	188	91.26
244	data/reference/motifs/JASPAR2026_CORE_plants_non-redundant_pfms_meme.txt	MA1311.3	WRKY28	RGTCAAC	3.36e-2	1.00e0	9.27e2	407	206	206	206	8	43	20.87	28	13.59
245	data/reference/motifs/JASPAR2026_CORE_plants_non-redundant_pfms_meme.txt	MA2742.1	SlWRKY11	GTTGACTTTT	6.09e-2	1.00e0	9.27e2	225	206	206	206	4	6	2.91	1	0.49
246	data/reference/motifs/JASPAR2026_CORE_plants_non-redundant_pfms_meme.txt	MA1373.1	GAF1	HABWAAACGACAAAA	6.09e-2	1.00e0	9.27e2	226	206	206	206	4	6	2.91	1	0.49
247	data/reference/motifs/JASPAR2026_CORE_plants_non-redundant_pfms_meme.txt	MA0938.3	NAC058	TTACKTGTDNMACAAGWAA	2.03e-1	1.00e0	9.27e2	61	206	206	206	1	34	16.50	27	13.11
248	data/reference/motifs/JASPAR2026_CORE_plants_non-redundant_pfms_meme.txt	MA0945.2	ARR1	RDATCT	3.38e-2	1.00e0	9.27e2	412	206	206	206	57	7	3.40	1	0.49
249	data/reference/motifs/JASPAR2026_CORE_plants_non-redundant_pfms_meme.txt	MA0990.2	HDG11	AWTWAATGC	3.38e-2	1.00e0	9.27e2	412	206	206	206	47	7	3.40	1	0.49
250	data/reference/motifs/JASPAR2026_CORE_plants_non-redundant_pfms_meme.txt	MA1805.2	WRKY53	RGTCAAC	3.41e-2	1.00e0	9.27e2	412	206	206	206	4	195	94.66	184	89.32
251	data/reference/motifs/JASPAR2026_CORE_plants_non-redundant_pfms_meme.txt	MA2069.1	PK10955.1	CTTTW	3.41e-2	1.00e0	9.27e2	412	206	206	206	32	22	10.68	11	5.34
252	data/reference/motifs/JASPAR2026_CORE_plants_non-redundant_pfms_meme.txt	MA0932.1	AHL12	AAWWWWTT	3.41e-2	1.00e0	9.27e2	412	206	206	206	52	195	94.66	184	89.32
253	data/reference/motifs/JASPAR2026_CORE_plants_non-redundant_pfms_meme.txt	MA0552.2	PIF1	CACGTG	6.96e-2	1.00e0	9.27e2	204	206	206	206	1	110	53.40	94	45.63
254	data/reference/motifs/JASPAR2026_CORE_plants_non-redundant_pfms_meme.txt	MA1055.3	SPL1	TGTACGGA	4.22e-2	1.00e0	9.27e2	339	206	206	206	5	29	14.08	17	8.25
255	data/reference/motifs/JASPAR2026_CORE_plants_non-redundant_pfms_meme.txt	MA2640.1	GLYMA-19G062000	GTAACAGTTAC	4.40e-2	1.00e0	9.27e2	327	206	206	206	1	171	83.01	156	75.73
256	data/reference/motifs/JASPAR2026_CORE_plants_non-redundant_pfms_meme.txt	MA1768.2	MYB30	CCAACYACCAMC	3.80e-2	1.00e0	9.27e2	384	206	206	206	4	110	53.40	91	44.17
257	data/reference/motifs/JASPAR2026_CORE_plants_non-redundant_pfms_meme.txt	MA0580.1	DYT1	MGTGAGWCACGTGA	2.68e-1	1.00e0	9.27e2	47	206	206	206	1	26	12.62	21	10.19
258	data/reference/motifs/JASPAR2026_CORE_plants_non-redundant_pfms_meme.txt	MA1053.1	ERF109	GCGCCGCC	8.20e-2	1.00e0	9.27e2	179	206	206	206	1	97	47.09	82	39.81
259	data/reference/motifs/JASPAR2026_CORE_plants_non-redundant_pfms_meme.txt	MA1693.2	ARF34	CAGACAGC	3.82e-2	1.00e0	9.27e2	384	206	206	206	1	197	95.63	187	90.78
260	data/reference/motifs/JASPAR2026_CORE_plants_non-redundant_pfms_meme.txt	MA1197.2	CAMTA1	AARCGCGTG	1.19e-1	1.00e0	9.27e2	124	206	206	206	1	68	33.01	56	27.18
261	data/reference/motifs/JASPAR2026_CORE_plants_non-redundant_pfms_meme.txt	MA0958.1	BHLH13	RCACGTGC	6.23e-2	1.00e0	9.27e2	243	206	206	206	5	24	11.65	14	6.80
262	data/reference/motifs/JASPAR2026_CORE_plants_non-redundant_pfms_meme.txt	MA2342.1	URI	CACGTG	4.19e-2	1.00e0	9.27e2	363	206	206	206	14	24	11.65	13	6.31
263	data/reference/motifs/JASPAR2026_CORE_plants_non-redundant_pfms_meme.txt	MA2744.1	SlWRKY40	AAAGTCAA	3.72e-2	1.00e0	9.27e2	411	206	206	206	7	102	49.51	83	40.29
264	data/reference/motifs/JASPAR2026_CORE_plants_non-redundant_pfms_meme.txt	MA1338.3	DPBF3	TGMCACGTGTC	1.07e-1	1.00e0	9.27e2	143	206	206	206	1	78	37.86	65	31.55
265	data/reference/motifs/JASPAR2026_CORE_plants_non-redundant_pfms_meme.txt	MA1036.1	MYB111	GKTAGGTR	3.80e-2	1.00e0	9.27e2	404	206	206	206	5	111	53.88	92	44.66
266	data/reference/motifs/JASPAR2026_CORE_plants_non-redundant_pfms_meme.txt	MA2439.1	SPL2A	GCGGTASTACCGC	4.23e-1	1.00e0	9.27e2	28	206	206	206	1	15	7.28	13	6.31
267	data/reference/motifs/JASPAR2026_CORE_plants_non-redundant_pfms_meme.txt	MA0008.4	HAT5	CAATAATTG	4.22e-2	1.00e0	9.27e2	366	206	206	206	1	189	91.75	177	85.92
268	data/reference/motifs/JASPAR2026_CORE_plants_non-redundant_pfms_meme.txt	MA2758.1	ereb122	CCGACCA	3.89e-2	1.00e0	9.27e2	397	206	206	206	6	80	38.83	62	30.10
269	data/reference/motifs/JASPAR2026_CORE_plants_non-redundant_pfms_meme.txt	MA2501.1	G1	TTACTGTA	3.77e-2	1.00e0	9.27e2	411	206	206	206	6	159	77.18	142	68.93
270	data/reference/motifs/JASPAR2026_CORE_plants_non-redundant_pfms_meme.txt	MA1260.2	ERF013	TGTCGGTGG	1.31e-1	1.00e0	9.27e2	120	206	206	206	2	19	9.22	12	5.83
271	data/reference/motifs/JASPAR2026_CORE_plants_non-redundant_pfms_meme.txt	MA2472.1	AT3G12910	YGSCGTVRWDDHBACGK	3.13e-1	1.00e0	9.27e2	42	206	206	206	1	23	11.17	19	9.22
272	data/reference/motifs/JASPAR2026_CORE_plants_non-redundant_pfms_meme.txt	MA2460.1	MGH6.1	YGSCGTVRWDDHBACGK	3.13e-1	1.00e0	9.27e2	42	206	206	206	1	23	11.17	19	9.22
273	data/reference/motifs/JASPAR2026_CORE_plants_non-redundant_pfms_meme.txt	MA1266.2	RAP2-11	YCDYCGCCGGC	1.19e-1	1.00e0	9.27e2	132	206	206	206	2	31	15.05	22	10.68
274	data/reference/motifs/JASPAR2026_CORE_plants_non-redundant_pfms_meme.txt	MA2033.2	NAC038	TTDCKTGTDNHACAAGTWA	2.49e-1	1.00e0	9.27e2	55	206	206	206	4	2	0.97	0	0.00
275	data/reference/motifs/JASPAR2026_CORE_plants_non-redundant_pfms_meme.txt	MA0590.1	LFY	YATTRACCGSCGGTYAATR	5.00e-1	1.00e0	9.27e2	23	206	206	206	2	12	5.83	11	5.34
276	data/reference/motifs/JASPAR2026_CORE_plants_non-redundant_pfms_meme.txt	MA2452.1	SPL8A	ATAGTACTC	4.32e-2	1.00e0	9.27e2	370	206	206	206	7	20	9.71	10	4.85
277	data/reference/motifs/JASPAR2026_CORE_plants_non-redundant_pfms_meme.txt	MA2741.1	SlWRKY7	AAAAAGTCAACC	5.38e-2	1.00e0	9.27e2	298	206	206	206	2	91	44.17	74	35.92
278	data/reference/motifs/JASPAR2026_CORE_plants_non-redundant_pfms_meme.txt	MA1244.2	ABR1	DTKGCGGCGGMG	1.37e-1	1.00e0	9.27e2	117	206	206	206	1	64	31.07	53	25.73
279	data/reference/motifs/JASPAR2026_CORE_plants_non-redundant_pfms_meme.txt	MA1766.2	MYB17	YYCACCTACCW	4.91e-2	1.00e0	9.27e2	332	206	206	206	4	45	21.84	31	15.05
280	data/reference/motifs/JASPAR2026_CORE_plants_non-redundant_pfms_meme.txt	MA1159.2	SGR5	AAAWAAGACAAAA	4.71e-2	1.00e0	9.27e2	356	206	206	206	2	146	70.87	129	62.62
281	data/reference/motifs/JASPAR2026_CORE_plants_non-redundant_pfms_meme.txt	MA1259.2	ERF023	TGTCGGTGR	1.56e-1	1.00e0	9.27e2	109	206	206	206	2	16	7.77	10	4.85
282	data/reference/motifs/JASPAR2026_CORE_plants_non-redundant_pfms_meme.txt	MA2443.1	SPL3D	GCGGTASTACCGC	2.85e-1	1.00e0	9.27e2	51	206	206	206	2	17	8.25	13	6.31
283	data/reference/motifs/JASPAR2026_CORE_plants_non-redundant_pfms_meme.txt	MA1269.2	DOF4.5	AWAAAGTWRCTTT	4.20e-2	1.00e0	9.27e2	409	206	206	206	8	41	19.90	27	13.11
284	data/reference/motifs/JASPAR2026_CORE_plants_non-redundant_pfms_meme.txt	MA1050.1	OsI_08196	GGGCCCAC	6.67e-2	1.00e0	9.27e2	259	206	206	206	4	25	12.14	15	7.28
285	data/reference/motifs/JASPAR2026_CORE_plants_non-redundant_pfms_meme.txt	MA1833.2	Zm00001d049364	CCGCCGCCGCC	1.24e-1	1.00e0	9.27e2	141	206	206	206	2	42	20.39	32	15.53
286	data/reference/motifs/JASPAR2026_CORE_plants_non-redundant_pfms_meme.txt	MA2420.1	SBP6	AAGTACAA	4.31e-2	1.00e0	9.27e2	408	206	206	206	9	35	16.99	22	10.68
287	data/reference/motifs/JASPAR2026_CORE_plants_non-redundant_pfms_meme.txt	MA1299.2	WRKY17	AAAGTCAACG	7.00e-2	1.00e0	9.27e2	253	206	206	206	4	9	4.37	3	1.46
288	data/reference/motifs/JASPAR2026_CORE_plants_non-redundant_pfms_meme.txt	MA0128.1	EmBP-1	ASACGTGG	5.74e-2	1.00e0	9.27e2	311	206	206	206	3	50	24.27	36	17.48
289	data/reference/motifs/JASPAR2026_CORE_plants_non-redundant_pfms_meme.txt	MA1778.2	MYB80	TYYACCTAMYTW	4.52e-2	1.00e0	9.27e2	397	206	206	206	7	30	14.56	18	8.74
290	data/reference/motifs/JASPAR2026_CORE_plants_non-redundant_pfms_meme.txt	MA2073.1	PK16340.1	CKTT	4.36e-2	1.00e0	9.27e2	412	206	206	206	67	203	98.54	196	95.15
291	data/reference/motifs/JASPAR2026_CORE_plants_non-redundant_pfms_meme.txt	MA2384.1	estExt_Genewise1.C_2060077	SACGTGK	8.36e-2	1.00e0	9.27e2	215	206	206	206	1	115	55.83	100	48.54
292	data/reference/motifs/JASPAR2026_CORE_plants_non-redundant_pfms_meme.txt	MA0984.2	DOF5.7	AAARR	4.40e-2	1.00e0	9.27e2	412	206	206	206	92	171	83.01	156	75.73
293	data/reference/motifs/JASPAR2026_CORE_plants_non-redundant_pfms_meme.txt	MA1809.2	GLYMA-07G038400	CTGACAC	4.45e-2	1.00e0	9.27e2	411	206	206	206	3	201	97.57	193	93.69
294	data/reference/motifs/JASPAR2026_CORE_plants_non-redundant_pfms_meme.txt	MA2722.1	Sl-ERF_F_2	CGGCGGCKGCGGCGR	3.34e-1	1.00e0	9.27e2	45	206	206	206	2	13	6.31	10	4.85
295	data/reference/motifs/JASPAR2026_CORE_plants_non-redundant_pfms_meme.txt	MA2427.1	SPL12B	AGCGGTASTACCGC	3.34e-1	1.00e0	9.27e2	45	206	206	206	2	13	6.31	10	4.85
296	data/reference/motifs/JASPAR2026_CORE_plants_non-redundant_pfms_meme.txt	MA2343.1	MYB3R3	CGCCGTTA	4.65e-2	1.00e0	9.27e2	401	206	206	206	5	105	50.97	87	42.23
297	data/reference/motifs/JASPAR2026_CORE_plants_non-redundant_pfms_meme.txt	MA1749.1	E2FC	AWDWWGGCGCCAAAA	5.00e-1	1.00e0	9.27e2	27	206	206	206	1	14	6.80	13	6.31
298	data/reference/motifs/JASPAR2026_CORE_plants_non-redundant_pfms_meme.txt	MA1169.1	MYB105	WTHDWWACCGTTA	9.11e-2	1.00e0	9.27e2	206	206	206	206	2	49	23.79	37	17.96
299	data/reference/motifs/JASPAR2026_CORE_plants_non-redundant_pfms_meme.txt	MA1194.2	AT3G10580	DWDWRGATAAGVWT	4.85e-2	1.00e0	9.27e2	387	206	206	206	1	198	96.12	189	91.75
300	data/reference/motifs/JASPAR2026_CORE_plants_non-redundant_pfms_meme.txt	MA1349.2	BZIP16	HSACGTGGCA	2.22e-1	1.00e0	9.27e2	75	206	206	206	1	41	19.90	34	16.50
301	data/reference/motifs/JASPAR2026_CORE_plants_non-redundant_pfms_meme.txt	MA1068.3	TGA2	ATGACGTCAY	1.76e-1	1.00e0	9.27e2	97	206	206	206	1	53	25.73	44	21.36
302	data/reference/motifs/JASPAR2026_CORE_plants_non-redundant_pfms_meme.txt	MA1028.1	KAN4	GAATATTC	5.59e-2	1.00e0	9.27e2	340	206	206	206	10	11	5.34	4	1.94
303	data/reference/motifs/JASPAR2026_CORE_plants_non-redundant_pfms_meme.txt	MA1209.2	ATHB-20	YAATAATT	5.43e-2	1.00e0	9.27e2	350	206	206	206	5	58	28.16	43	20.87
304	data/reference/motifs/JASPAR2026_CORE_plants_non-redundant_pfms_meme.txt	MA1257.2	ERF9	GGCGGHKRYGGCGGCGGMG	2.84e-1	1.00e0	9.27e2	57	206	206	206	1	31	15.05	26	12.62
305	data/reference/motifs/JASPAR2026_CORE_plants_non-redundant_pfms_meme.txt	MA1777.2	MYB74	YYYACCTAMCW	6.09e-2	1.00e0	9.27e2	315	206	206	206	6	6	2.91	1	0.49
306	data/reference/motifs/JASPAR2026_CORE_plants_non-redundant_pfms_meme.txt	MA2400.1	LjTCP20	GGGACCAY	9.97e-2	1.00e0	9.27e2	194	206	206	206	1	104	50.49	90	43.69
307	data/reference/motifs/JASPAR2026_CORE_plants_non-redundant_pfms_meme.txt	MA1738.1	ATMYB31	YAMCTMCCAACHAMH	5.65e-2	1.00e0	9.27e2	343	206	206	206	1	178	86.41	165	80.10
308	data/reference/motifs/JASPAR2026_CORE_plants_non-redundant_pfms_meme.txt	MA2371.1	MYB31	YAMCTMCCAACHAMH	5.65e-2	1.00e0	9.27e2	343	206	206	206	1	178	86.41	165	80.10
309	data/reference/motifs/JASPAR2026_CORE_plants_non-redundant_pfms_meme.txt	MA2450.1	SPL7A	GTACTACCGCT	8.11e-2	1.00e0	9.27e2	239	206	206	206	1	127	61.65	112	54.37
310	data/reference/motifs/JASPAR2026_CORE_plants_non-redundant_pfms_meme.txt	MA2715.1	Solyc03g124110	RTCTATGTCGGYWAA	2.51e-1	1.00e0	9.27e2	67	206	206	206	2	6	2.91	3	1.46
311	data/reference/motifs/JASPAR2026_CORE_plants_non-redundant_pfms_meme.txt	MA1332.2	BEH2	CACACGTGCR	5.00e-1	1.00e0	9.27e2	28	206	206	206	2	5	2.43	4	1.94
312	data/reference/motifs/JASPAR2026_CORE_plants_non-redundant_pfms_meme.txt	MA1350.1	BZIP42	TGCTGACGTGGC	5.86e-1	1.00e0	9.27e2	22	206	206	206	1	11	5.34	11	5.34
313	data/reference/motifs/JASPAR2026_CORE_plants_non-redundant_pfms_meme.txt	MA1181.2	MYB113	AKTYMGTTAT	4.81e-2	1.00e0	9.27e2	406	206	206	206	7	31	15.05	19	9.22
314	data/reference/motifs/JASPAR2026_CORE_plants_non-redundant_pfms_meme.txt	MA0565.3	FUS3	ACATGCA	8.01e-2	1.00e0	9.27e2	244	206	206	206	2	54	26.21	41	19.90
315	data/reference/motifs/JASPAR2026_CORE_plants_non-redundant_pfms_meme.txt	MA1007.1	PHYPADRAFT_173530	TGTCGGTG	1.96e-1	1.00e0	9.27e2	100	206	206	206	2	14	6.80	9	4.37
316	data/reference/motifs/JASPAR2026_CORE_plants_non-redundant_pfms_meme.txt	MA1695.2	ARF36	GGGGGACAHGTC	8.60e-2	1.00e0	9.27e2	228	206	206	206	4	10	4.85	4	1.94
317	data/reference/motifs/JASPAR2026_CORE_plants_non-redundant_pfms_meme.txt	MA1223.2	ERF035	TGTCGGTGG	3.26e-1	1.00e0	9.27e2	50	206	206	206	1	27	13.11	23	11.17
318	data/reference/motifs/JASPAR2026_CORE_plants_non-redundant_pfms_meme.txt	MA2617.1	ereb54	GCGGCGGCGGC	3.11e-1	1.00e0	9.27e2	53	206	206	206	2	10	4.85	7	3.40
319	data/reference/motifs/JASPAR2026_CORE_plants_non-redundant_pfms_meme.txt	MA0097.1	bZIP911	GRTGACGTGGMC	6.89e-1	1.00e0	9.27e2	17	206	206	206	1	8	3.88	9	4.37
320	data/reference/motifs/JASPAR2026_CORE_plants_non-redundant_pfms_meme.txt	MA1281.2	DOF5.1	AAAAAGWAAAAARAAAAAR	4.92e-2	1.00e0	9.27e2	409	206	206	206	5	157	76.21	141	68.45
321	data/reference/motifs/JASPAR2026_CORE_plants_non-redundant_pfms_meme.txt	MA1788.1	NAC054	CTTGTNNHACACGYHAYCT	3.74e-1	1.00e0	9.27e2	43	206	206	206	1	23	11.17	20	9.71
322	data/reference/motifs/JASPAR2026_CORE_plants_non-redundant_pfms_meme.txt	MA1834.2	Zm00001d034298	CCACGCG	5.22e-2	1.00e0	9.27e2	390	206	206	206	6	87	42.23	70	33.98
323	data/reference/motifs/JASPAR2026_CORE_plants_non-redundant_pfms_meme.txt	MA1184.2	RVE1	WAAATATCT	5.49e-2	1.00e0	9.27e2	373	206	206	206	6	18	8.74	9	4.37
324	data/reference/motifs/JASPAR2026_CORE_plants_non-redundant_pfms_meme.txt	MA2105.1	GLYMA-13G317000	ACACGT	6.20e-2	1.00e0	9.27e2	332	206	206	206	4	65	31.55	50	24.27
325	data/reference/motifs/JASPAR2026_CORE_plants_non-redundant_pfms_meme.txt	MA1673.2	LBD18	GCCGGAAA	5.42e-2	1.00e0	9.27e2	380	206	206	206	7	48	23.30	34	16.50
326	data/reference/motifs/JASPAR2026_CORE_plants_non-redundant_pfms_meme.txt	MA2045.2	NAC031	TTRCKTGTWNHACAAGTWA	2.03e-1	1.00e0	9.27e2	102	206	206	206	2	23	11.17	17	8.25
327	data/reference/motifs/JASPAR2026_CORE_plants_non-redundant_pfms_meme.txt	MA1361.2	bHLH18	CRCGTKWWHCACGTG	1.67e-1	1.00e0	9.27e2	125	206	206	206	2	25	12.14	18	8.74
328	data/reference/motifs/JASPAR2026_CORE_plants_non-redundant_pfms_meme.txt	MA1031.2	OJ1581_H09.2	GGGCCC	5.99e-2	1.00e0	9.27e2	349	206	206	206	8	63	30.58	48	23.30
329	data/reference/motifs/JASPAR2026_CORE_plants_non-redundant_pfms_meme.txt	MA2446.1	SPL5A	GCGGTASTACCGC	3.59e-1	1.00e0	9.27e2	48	206	206	206	2	18	8.74	15	7.28
330	data/reference/motifs/JASPAR2026_CORE_plants_non-redundant_pfms_meme.txt	MA2007.2	MYB107	CACCAAAC	5.25e-2	1.00e0	9.27e2	408	206	206	206	16	8	3.88	2	0.97
331	data/reference/motifs/JASPAR2026_CORE_plants_non-redundant_pfms_meme.txt	MA1317.2	WRKY50	TTGACTTTT	6.67e-2	1.00e0	9.27e2	322	206	206	206	4	25	12.14	15	7.28
332	data/reference/motifs/JASPAR2026_CORE_plants_non-redundant_pfms_meme.txt	MA1804.2	WIN1	CRCCGC	5.25e-2	1.00e0	9.27e2	410	206	206	206	3	204	99.03	198	96.12
333	data/reference/motifs/JASPAR2026_CORE_plants_non-redundant_pfms_meme.txt	MA1320.2	SPL15	TGTACGGA	2.06e-1	1.00e0	9.27e2	94	206	206	206	1	51	24.76	43	20.87
334	data/reference/motifs/JASPAR2026_CORE_plants_non-redundant_pfms_meme.txt	MA1077.2	WRKY18	RGTCAA	5.30e-2	1.00e0	9.27e2	409	206	206	206	10	22	10.68	12	5.83
335	data/reference/motifs/JASPAR2026_CORE_plants_non-redundant_pfms_meme.txt	MA1381.2	AT3G46070	TCACTCT	5.32e-2	1.00e0	9.27e2	408	206	206	206	12	14	6.80	6	2.91
336	data/reference/motifs/JASPAR2026_CORE_plants_non-redundant_pfms_meme.txt	MA1023.1	PHYPADRAFT_28324	KGTCGGTG	2.92e-1	1.00e0	9.27e2	63	206	206	206	1	34	16.50	29	14.08
337	data/reference/motifs/JASPAR2026_CORE_plants_non-redundant_pfms_meme.txt	MA2368.1	WRKY51	RGTCAA	5.32e-2	1.00e0	9.27e2	412	206	206	206	26	200	97.09	192	93.20
338	data/reference/motifs/JASPAR2026_CORE_plants_non-redundant_pfms_meme.txt	MA1360.3	bHLH74	CACGTG	9.37e-2	1.00e0	9.27e2	236	206	206	206	5	25	12.14	16	7.77
339	data/reference/motifs/JASPAR2026_CORE_plants_non-redundant_pfms_meme.txt	MA1364.2	BHLH72	GCCACGTGG	1.42e-1	1.00e0	9.27e2	156	206	206	206	4	6	2.91	2	0.97
340	data/reference/motifs/JASPAR2026_CORE_plants_non-redundant_pfms_meme.txt	MA2718.1	Sl-ERF_A_3	GGYGGCGGCGGCGGCGG	5.00e-1	1.00e0	9.27e2	32	206	206	206	2	8	3.88	7	3.40
341	data/reference/motifs/JASPAR2026_CORE_plants_non-redundant_pfms_meme.txt	MA2719.1	lat61	CRCACGTGYG	2.72e-1	1.00e0	9.27e2	70	206	206	206	4	7	3.40	4	1.94
342	data/reference/motifs/JASPAR2026_CORE_plants_non-redundant_pfms_meme.txt	MA1799.2	SPL10	GTACGR	5.65e-2	1.00e0	9.27e2	395	206	206	206	4	148	71.84	132	64.08
343	data/reference/motifs/JASPAR2026_CORE_plants_non-redundant_pfms_meme.txt	MA1212.2	ATHB-13	YAATAATT	5.55e-2	1.00e0	9.27e2	404	206	206	206	4	162	78.64	147	71.36
344	data/reference/motifs/JASPAR2026_CORE_plants_non-redundant_pfms_meme.txt	MA2431.1	SPL15A	AGCGGTASTACCGC	2.56e-1	1.00e0	9.27e2	77	206	206	206	2	13	6.31	9	4.37
345	data/reference/motifs/JASPAR2026_CORE_plants_non-redundant_pfms_meme.txt	MA2733.1	Sl-ERF_F_4	GCMGCMGCCGCCGCCGYCR	4.34e-1	1.00e0	9.27e2	40	206	206	206	1	21	10.19	19	9.22
346	data/reference/motifs/JASPAR2026_CORE_plants_non-redundant_pfms_meme.txt	MA1267.2	DOF5.8	TTTTTHYTTTTTACTTTTT	5.59e-2	1.00e0	9.27e2	409	206	206	206	2	202	98.06	195	94.66
347	data/reference/motifs/JASPAR2026_CORE_plants_non-redundant_pfms_meme.txt	MA1273.2	DOF4.2	AAAAAGGYAAA	5.66e-2	1.00e0	9.27e2	404	206	206	206	8	34	16.50	22	10.68
348	data/reference/motifs/JASPAR2026_CORE_plants_non-redundant_pfms_meme.txt	MA1821.2	Zm00001d020595	GGCGGCGGCG	8.76e-1	1.00e0	9.27e2	11	206	206	206	2	1	0.49	2	0.97
349	data/reference/motifs/JASPAR2026_CORE_plants_non-redundant_pfms_meme.txt	MA1204.1	AGL13	TTWCCAAAAAWRGWAAAW	1.72e-1	1.00e0	9.27e2	134	206	206	206	1	72	34.95	62	30.10
350	data/reference/motifs/JASPAR2026_CORE_plants_non-redundant_pfms_meme.txt	MA2613.1	ereb34	GCCGCCGCCGCCCS	2.35e-1	1.00e0	9.27e2	87	206	206	206	1	47	22.82	40	19.42
351	data/reference/motifs/JASPAR2026_CORE_plants_non-redundant_pfms_meme.txt	MA1345.2	BZIP48	GCCACGTCAGCA	3.81e-1	1.00e0	9.27e2	49	206	206	206	1	26	12.62	23	11.17
352	data/reference/motifs/JASPAR2026_CORE_plants_non-redundant_pfms_meme.txt	MA1326.2	ZHD5	GTRATTAR	5.80e-2	1.00e0	9.27e2	409	206	206	206	8	76	36.89	60	29.13
353	data/reference/motifs/JASPAR2026_CORE_plants_non-redundant_pfms_meme.txt	MA0556.2	AP3	CCAAAARWRGAAA	6.19e-2	1.00e0	9.27e2	386	206	206	206	5	53	25.73	39	18.93
354	data/reference/motifs/JASPAR2026_CORE_plants_non-redundant_pfms_meme.txt	MA2743.1	SlWRKY23	AAAGTCAAM	5.99e-2	1.00e0	9.27e2	399	206	206	206	3	143	69.42	127	61.65
355	data/reference/motifs/JASPAR2026_CORE_plants_non-redundant_pfms_meme.txt	MA1336.2	TGA3	RTGACGTCAKC	2.65e-1	1.00e0	9.27e2	78	206	206	206	1	42	20.39	36	17.48
356	data/reference/motifs/JASPAR2026_CORE_plants_non-redundant_pfms_meme.txt	MA1251.2	RAP2-9	CACCGACAW	2.36e-1	1.00e0	9.27e2	89	206	206	206	1	48	23.30	41	19.90
357	data/reference/motifs/JASPAR2026_CORE_plants_non-redundant_pfms_meme.txt	MA1321.2	SPL13A	TGTACGGA	8.96e-2	1.00e0	9.27e2	268	206	206	206	1	141	68.45	127	61.65
358	data/reference/motifs/JASPAR2026_CORE_plants_non-redundant_pfms_meme.txt	MA2645.1	GLYMA-16G042900	GGTTGCKTSTTCHASAAGYWA	4.35e-1	1.00e0	9.27e2	42	206	206	206	1	22	10.68	20	9.71
359	data/reference/motifs/JASPAR2026_CORE_plants_non-redundant_pfms_meme.txt	MA2006.2	NAC020	GGTTGCKTGTDNMACAAGTAA	4.35e-1	1.00e0	9.27e2	42	206	206	206	1	22	10.68	20	9.71
360	data/reference/motifs/JASPAR2026_CORE_plants_non-redundant_pfms_meme.txt	MA2745.1	SlWRKY81	AAGTCAAC	5.93e-2	1.00e0	9.27e2	406	206	206	206	6	78	37.86	62	30.10
361	data/reference/motifs/JASPAR2026_CORE_plants_non-redundant_pfms_meme.txt	MA1019.2	Glyma19g26560.1	GGSCCCAC	6.63e-2	1.00e0	9.27e2	366	206	206	206	4	92	44.66	76	36.89
362	data/reference/motifs/JASPAR2026_CORE_plants_non-redundant_pfms_meme.txt	MA2005.2	NAC016	TVCKTGWBCYNCAMG	2.49e-1	1.00e0	9.27e2	86	206	206	206	4	2	0.97	0	0.00
363	data/reference/motifs/JASPAR2026_CORE_plants_non-redundant_pfms_meme.txt	MA1264.2	ERF095	RYGGCGGCGGHGG	2.87e-1	1.00e0	9.27e2	73	206	206	206	3	8	3.88	5	2.43
364	data/reference/motifs/JASPAR2026_CORE_plants_non-redundant_pfms_meme.txt	MA2726.1	SlWRKY41	GTTGACTT	6.26e-2	1.00e0	9.27e2	399	206	206	206	6	44	21.36	31	15.05
365	data/reference/motifs/JASPAR2026_CORE_plants_non-redundant_pfms_meme.txt	MA2021.2	LBD13	TCCACCGT	6.59e-2	1.00e0	9.27e2	379	206	206	206	3	131	63.59	115	55.83
366	data/reference/motifs/JASPAR2026_CORE_plants_non-redundant_pfms_meme.txt	MA2372.1	AZF1	WCACTVWCW	6.10e-2	1.00e0	9.27e2	410	206	206	206	9	64	31.07	49	23.79
367	data/reference/motifs/JASPAR2026_CORE_plants_non-redundant_pfms_meme.txt	MA1278.2	DOF3.4	TTYTTTTTTWVCTTTTT	6.09e-2	1.00e0	9.27e2	411	206	206	206	21	6	2.91	1	0.49
368	data/reference/motifs/JASPAR2026_CORE_plants_non-redundant_pfms_meme.txt	MA2043.2	NAC004	CAAGAAA	6.09e-2	1.00e0	9.27e2	411	206	206	206	15	6	2.91	1	0.49
369	data/reference/motifs/JASPAR2026_CORE_plants_non-redundant_pfms_meme.txt	MA2058.1	PK03929.1	CTTTW	6.09e-2	1.00e0	9.27e2	412	206	206	206	36	205	99.51	200	97.09
370	data/reference/motifs/JASPAR2026_CORE_plants_non-redundant_pfms_meme.txt	MA1097.1	ARALYDRAFT_493022	GGSMCCAC	1.43e-1	1.00e0	9.27e2	176	206	206	206	2	38	18.45	29	14.08
371	data/reference/motifs/JASPAR2026_CORE_plants_non-redundant_pfms_meme.txt	MA1222.1	ERF014	CCDCCDCCACCGMCA	2.40e-1	1.00e0	9.27e2	105	206	206	206	2	20	9.71	15	7.28
372	data/reference/motifs/JASPAR2026_CORE_plants_non-redundant_pfms_meme.txt	MA1685.2	ARF10	ARNGGGAGACA	8.48e-2	1.00e0	9.27e2	298	206	206	206	5	18	8.74	10	4.85
373	data/reference/motifs/JASPAR2026_CORE_plants_non-redundant_pfms_meme.txt	MA1293.2	MYB57	TACCTAACTT	2.49e-1	1.00e0	9.27e2	103	206	206	206	3	2	0.97	0	0.00
374	data/reference/motifs/JASPAR2026_CORE_plants_non-redundant_pfms_meme.txt	MA1767.2	MYB23	CAACWA	6.33e-2	1.00e0	9.27e2	407	206	206	206	6	85	41.26	69	33.50
375	data/reference/motifs/JASPAR2026_CORE_plants_non-redundant_pfms_meme.txt	MA2047.2	NAC037	CAAGCAA	6.37e-2	1.00e0	9.27e2	409	206	206	206	13	30	14.56	19	9.22
376	data/reference/motifs/JASPAR2026_CORE_plants_non-redundant_pfms_meme.txt	MA1412.2	TSAR2	GCACGTGC	1.74e-1	1.00e0	9.27e2	150	206	206	206	6	12	5.83	7	3.40
377	data/reference/motifs/JASPAR2026_CORE_plants_non-redundant_pfms_meme.txt	MA1256.2	RAP2-12	DRYGGCGGCGG	2.49e-1	1.00e0	9.27e2	105	206	206	206	1	56	27.18	49	23.79
378	data/reference/motifs/JASPAR2026_CORE_plants_non-redundant_pfms_meme.txt	MA0970.2	CAMTA3	CCGCGT	7.00e-2	1.00e0	9.27e2	375	206	206	206	12	9	4.37	3	1.46
379	data/reference/motifs/JASPAR2026_CORE_plants_non-redundant_pfms_meme.txt	MA1331.2	BEH4	YGCACGTGTG	5.00e-1	1.00e0	9.27e2	38	206	206	206	2	6	2.91	5	2.43
380	data/reference/motifs/JASPAR2026_CORE_plants_non-redundant_pfms_meme.txt	MA1791.1	NAC087	TTDCTTGTNNNACACGYWA	4.38e-1	1.00e0	9.27e2	46	206	206	206	1	24	11.65	22	10.68
381	data/reference/motifs/JASPAR2026_CORE_plants_non-redundant_pfms_meme.txt	MA2038.2	NAC103	CAAGTTA	6.46e-2	1.00e0	9.27e2	412	206	206	206	6	181	87.86	169	82.04
382	data/reference/motifs/JASPAR2026_CORE_plants_non-redundant_pfms_meme.txt	MA0569.2	MYC4	CACGTGC	9.18e-2	1.00e0	9.27e2	291	206	206	206	6	19	9.22	11	5.34
383	data/reference/motifs/JASPAR2026_CORE_plants_non-redundant_pfms_meme.txt	MA1008.2	PHYPADRAFT_182268	GTCGGTG	3.42e-1	1.00e0	9.27e2	64	206	206	206	1	34	16.50	30	14.56
384	data/reference/motifs/JASPAR2026_CORE_plants_non-redundant_pfms_meme.txt	MA2386.1	estExt_gwp_gw1.C_550163	CACCGAC	3.42e-1	1.00e0	9.27e2	64	206	206	206	1	34	16.50	30	14.56
385	data/reference/motifs/JASPAR2026_CORE_plants_non-redundant_pfms_meme.txt	MA2046.2	NAC035	CACGGCA	6.76e-2	1.00e0	9.27e2	398	206	206	206	11	12	5.83	5	2.43
386	data/reference/motifs/JASPAR2026_CORE_plants_non-redundant_pfms_meme.txt	MA2353.1	PK02532.1	WAATATCT	7.93e-2	1.00e0	9.27e2	342	206	206	206	4	28	13.59	18	8.74
387	data/reference/motifs/JASPAR2026_CORE_plants_non-redundant_pfms_meme.txt	MA0562.1	PIF5	TCACGTGS	2.46e-1	1.00e0	9.27e2	96	206	206	206	2	12	5.83	8	3.88
388	data/reference/motifs/JASPAR2026_CORE_plants_non-redundant_pfms_meme.txt	MA1305.2	WRKY55	CGTTGACTT	1.01e-1	1.00e0	9.27e2	270	206	206	206	4	11	5.34	5	2.43
389	data/reference/motifs/JASPAR2026_CORE_plants_non-redundant_pfms_meme.txt	MA2453.1	SPL8B	ATAGTACTC	7.82e-2	1.00e0	9.27e2	348	206	206	206	3	87	42.23	72	34.95
390	data/reference/motifs/JASPAR2026_CORE_plants_non-redundant_pfms_meme.txt	MA2428.1	SPL13B	GCGGTASTACCGC	5.73e-1	1.00e0	9.27e2	32	206	206	206	1	16	7.77	16	7.77
391	data/reference/motifs/JASPAR2026_CORE_plants_non-redundant_pfms_meme.txt	MA1792.1	NAC098	CKTGTNNHACACGTHA	2.49e-1	1.00e0	9.27e2	95	206	206	206	4	2	0.97	0	0.00
392	data/reference/motifs/JASPAR2026_CORE_plants_non-redundant_pfms_meme.txt	MA2405.1	OsMSL08	GTAAAW	6.64e-2	1.00e0	9.27e2	412	206	206	206	37	46	22.33	33	16.02
393	data/reference/motifs/JASPAR2026_CORE_plants_non-redundant_pfms_meme.txt	MA1228.2	ERF091	RYGGCGGCGGHGG	3.62e-1	1.00e0	9.27e2	61	206	206	206	3	5	2.43	3	1.46
394	data/reference/motifs/JASPAR2026_CORE_plants_non-redundant_pfms_meme.txt	MA2657.1	GLYMA-14G028900	AAAAGTCAAA	6.91e-2	1.00e0	9.27e2	397	206	206	206	4	103	50.00	87	42.23
395	data/reference/motifs/JASPAR2026_CORE_plants_non-redundant_pfms_meme.txt	MA1810.2	GLYMA-08G357600	ATGCATGCA	7.52e-2	1.00e0	9.27e2	365	206	206	206	10	27	13.11	17	8.25
396	data/reference/motifs/JASPAR2026_CORE_plants_non-redundant_pfms_meme.txt	MA1211.2	ATHB-X	YAATYATTD	7.03e-2	1.00e0	9.27e2	393	206	206	206	8	32	15.53	21	10.19
397	data/reference/motifs/JASPAR2026_CORE_plants_non-redundant_pfms_meme.txt	MA1830.2	Zm00001d015407	AAGGAATATTCTTTTT	8.74e-2	1.00e0	9.27e2	316	206	206	206	7	7	3.40	2	0.97
398	data/reference/motifs/JASPAR2026_CORE_plants_non-redundant_pfms_meme.txt	MA1794.2	NLP7	TGVCYYTT	6.76e-2	1.00e0	9.27e2	411	206	206	206	3	201	97.57	194	94.17
399	data/reference/motifs/JASPAR2026_CORE_plants_non-redundant_pfms_meme.txt	MA2367.1	WIP5	ACCTGGAGAAMAW	7.03e-2	1.00e0	9.27e2	397	206	206	206	8	32	15.53	21	10.19
400	data/reference/motifs/JASPAR2026_CORE_plants_non-redundant_pfms_meme.txt	MA2035.2	NAC075	GWAGCTTGTNNNACAAGCTW	3.01e-1	1.00e0	9.27e2	79	206	206	206	2	20	9.71	16	7.77
401	data/reference/motifs/JASPAR2026_CORE_plants_non-redundant_pfms_meme.txt	MA2392.1	GRMZM2G135447	TGACRKS	6.96e-2	1.00e0	9.27e2	408	206	206	206	10	39	18.93	27	13.11
402	data/reference/motifs/JASPAR2026_CORE_plants_non-redundant_pfms_meme.txt	MA1736.2	AT5G04390	TCACT	6.89e-2	1.00e0	9.27e2	412	206	206	206	8	120	58.25	104	50.49
403	data/reference/motifs/JASPAR2026_CORE_plants_non-redundant_pfms_meme.txt	MA2721.1	Sl-ERF_C_6	YCGCCGCCGCCRCCRCCGCC	5.00e-1	1.00e0	9.27e2	41	206	206	206	1	21	10.19	20	9.71
404	data/reference/motifs/JASPAR2026_CORE_plants_non-redundant_pfms_meme.txt	MA2642.1	GLYMA-10G230700	AAGATATTTWTW	7.69e-2	1.00e0	9.27e2	370	206	206	206	5	52	25.24	39	18.93
405	data/reference/motifs/JASPAR2026_CORE_plants_non-redundant_pfms_meme.txt	MA1410.2	StBRC1	GGGSCCM	8.16e-2	1.00e0	9.27e2	350	206	206	206	2	164	79.61	151	73.30
406	data/reference/motifs/JASPAR2026_CORE_plants_non-redundant_pfms_meme.txt	MA2361.1	PRUPE_ppa000682mg	GTACGG	6.96e-2	1.00e0	9.27e2	412	206	206	206	20	114	55.34	98	47.57
407	data/reference/motifs/JASPAR2026_CORE_plants_non-redundant_pfms_meme.txt	MA1377.2	PLT1	KGCACGVWTHYCGAGR	2.54e-1	1.00e0	9.27e2	113	206	206	206	1	60	29.13	53	25.73
408	data/reference/motifs/JASPAR2026_CORE_plants_non-redundant_pfms_meme.txt	MA1428.2	TCP8	GGSCCCAC	7.20e-2	1.00e0	9.27e2	403	206	206	206	13	40	19.42	28	13.59
409	data/reference/motifs/JASPAR2026_CORE_plants_non-redundant_pfms_meme.txt	MA0561.1	PIF4	CACGTGSC	2.51e-1	1.00e0	9.27e2	116	206	206	206	2	22	10.68	17	8.25
410	data/reference/motifs/JASPAR2026_CORE_plants_non-redundant_pfms_meme.txt	MA2444.1	SPL4A	GCGGTASTACCGC	4.23e-1	1.00e0	9.27e2	53	206	206	206	2	15	7.28	13	6.31
411	data/reference/motifs/JASPAR2026_CORE_plants_non-redundant_pfms_meme.txt	MA1226.2	DREB2G	GGHGGAGGCGGTGG	2.04e-1	1.00e0	9.27e2	143	206	206	206	1	76	36.89	67	32.52
412	data/reference/motifs/JASPAR2026_CORE_plants_non-redundant_pfms_meme.txt	MA1756.2	GRF9	TGTCAGA	8.40e-2	1.00e0	9.27e2	349	206	206	206	3	72	34.95	58	28.16
413	data/reference/motifs/JASPAR2026_CORE_plants_non-redundant_pfms_meme.txt	MA1774.2	MYB60	YCAACYACYT	8.22e-2	1.00e0	9.27e2	359	206	206	206	4	70	33.98	56	27.18
414	data/reference/motifs/JASPAR2026_CORE_plants_non-redundant_pfms_meme.txt	MA2445.1	SPL4D	GGTACTACCGCT	1.40e-1	1.00e0	9.27e2	214	206	206	206	2	49	23.79	39	18.93
415	data/reference/motifs/JASPAR2026_CORE_plants_non-redundant_pfms_meme.txt	MA1808.3	GLYMA-06G314400	GACACGTGGC	1.03e-1	1.00e0	9.27e2	292	206	206	206	4	56	27.18	44	21.36
416	data/reference/motifs/JASPAR2026_CORE_plants_non-redundant_pfms_meme.txt	MA1337.2	BZIP44	WGCTGACGTGGCA	4.41e-1	1.00e0	9.27e2	52	206	206	206	1	27	13.11	25	12.14
417	data/reference/motifs/JASPAR2026_CORE_plants_non-redundant_pfms_meme.txt	MA2476.1	KNAT7	TGACRKCT	1.08e-1	1.00e0	9.27e2	282	206	206	206	6	5	2.43	1	0.49
418	data/reference/motifs/JASPAR2026_CORE_plants_non-redundant_pfms_meme.txt	MA1346.2	TGA10	GMTGACGTCA	1.99e-1	1.00e0	9.27e2	154	206	206	206	2	33	16.02	26	12.62
419	data/reference/motifs/JASPAR2026_CORE_plants_non-redundant_pfms_meme.txt	MA1075.1	WRKY12	CGTTGACC	7.66e-2	1.00e0	9.27e2	401	206	206	206	2	183	88.83	172	83.50
420	data/reference/motifs/JASPAR2026_CORE_plants_non-redundant_pfms_meme.txt	MA2624.1	myb37	TAACCGAA	7.52e-2	1.00e0	9.27e2	411	206	206	206	4	189	91.75	179	86.89
421	data/reference/motifs/JASPAR2026_CORE_plants_non-redundant_pfms_meme.txt	MA2089.1	PK25870.1	RGTCAAM	7.52e-2	1.00e0	9.27e2	411	206	206	206	11	27	13.11	17	8.25
422	data/reference/motifs/JASPAR2026_CORE_plants_non-redundant_pfms_meme.txt	MA1301.2	WRKY33	AAAGTCAACG	1.24e-1	1.00e0	9.27e2	250	206	206	206	5	3	1.46	0	0.00
423	data/reference/motifs/JASPAR2026_CORE_plants_non-redundant_pfms_meme.txt	MA2412.1	ZmbZIP72	GATGACATCA	8.35e-2	1.00e0	9.27e2	372	206	206	206	3	105	50.97	90	43.69
424	data/reference/motifs/JASPAR2026_CORE_plants_non-redundant_pfms_meme.txt	MA2442.1	SPL3B	AGCGGTASTACCGC	5.00e-1	1.00e0	9.27e2	45	206	206	206	2	8	3.88	7	3.40
425	data/reference/motifs/JASPAR2026_CORE_plants_non-redundant_pfms_meme.txt	MA2014.2	BAM8	CACACGTGY	1.62e-1	1.00e0	9.27e2	193	206	206	206	1	102	49.51	91	44.17
426	data/reference/motifs/JASPAR2026_CORE_plants_non-redundant_pfms_meme.txt	MA1758.2	HSFA1E	AGAAGCTTCTAGAA	2.58e-1	1.00e0	9.27e2	121	206	206	206	1	64	31.07	57	27.67
427	data/reference/motifs/JASPAR2026_CORE_plants_non-redundant_pfms_meme.txt	MA2023.2	PHL4	RGAATATTCC	1.53e-1	1.00e0	9.27e2	205	206	206	206	3	31	15.05	23	11.17
428	data/reference/motifs/JASPAR2026_CORE_plants_non-redundant_pfms_meme.txt	MA1735.2	AT2G38300	AAHATTCYHT	7.82e-2	1.00e0	9.27e2	403	206	206	206	4	134	65.05	119	57.77
429	data/reference/motifs/JASPAR2026_CORE_plants_non-redundant_pfms_meme.txt	MA2059.1	PK05432.1	RGTCAA	7.66e-2	1.00e0	9.27e2	412	206	206	206	29	42	20.39	30	14.56
430	data/reference/motifs/JASPAR2026_CORE_plants_non-redundant_pfms_meme.txt	MA1049.2	ERF094	MGCCGCC	2.21e-1	1.00e0	9.27e2	144	206	206	206	2	27	13.11	21	10.19
431	data/reference/motifs/JASPAR2026_CORE_plants_non-redundant_pfms_meme.txt	MA2413.1	ZmbZIP96	GASACGTGKCA	1.62e-1	1.00e0	9.27e2	197	206	206	206	3	24	11.65	17	8.25
432	data/reference/motifs/JASPAR2026_CORE_plants_non-redundant_pfms_meme.txt	MA1690.2	ARF25	ARMGGGRGACAM	1.30e-1	1.00e0	9.27e2	246	206	206	206	3	34	16.50	25	12.14
433	data/reference/motifs/JASPAR2026_CORE_plants_non-redundant_pfms_meme.txt	MA2732.1	Sl-ERF_C_4	YCGCCGCCGCCR	2.33e-1	1.00e0	9.27e2	138	206	206	206	1	73	35.44	65	31.55
434	data/reference/motifs/JASPAR2026_CORE_plants_non-redundant_pfms_meme.txt	MA2670.1	GLYMA-15G168800	CAATGATTG	9.85e-2	1.00e0	9.27e2	327	206	206	206	6	15	7.28	8	3.88
435	data/reference/motifs/JASPAR2026_CORE_plants_non-redundant_pfms_meme.txt	MA1292.2	MYB27	AAAAATTAGGTA	2.87e-1	1.00e0	9.27e2	112	206	206	206	2	8	3.88	5	2.43
436	data/reference/motifs/JASPAR2026_CORE_plants_non-redundant_pfms_meme.txt	MA1174.2	MYB56	ATAACGGWHW	8.37e-2	1.00e0	9.27e2	386	206	206	206	6	23	11.17	14	6.80
437	data/reference/motifs/JASPAR2026_CORE_plants_non-redundant_pfms_meme.txt	MA1427.3	NAC028	CAAGTAA	7.82e-2	1.00e0	9.27e2	412	206	206	206	9	134	65.05	119	57.77
438	data/reference/motifs/JASPAR2026_CORE_plants_non-redundant_pfms_meme.txt	MA1343.2	BZIP52	TGMCAGCT	1.24e-1	1.00e0	9.27e2	262	206	206	206	6	3	1.46	0	0.00
439	data/reference/motifs/JASPAR2026_CORE_plants_non-redundant_pfms_meme.txt	MA0964.3	BIM1	TCACGTGA	1.56e-1	1.00e0	9.27e2	208	206	206	206	4	43	20.87	34	16.50
440	data/reference/motifs/JASPAR2026_CORE_plants_non-redundant_pfms_meme.txt	MA2410.1	ZmbZIP54	TGACGTCA	9.33e-2	1.00e0	9.27e2	348	206	206	206	6	85	41.26	71	34.47
441	data/reference/motifs/JASPAR2026_CORE_plants_non-redundant_pfms_meme.txt	MA0567.1	ERF1B	MGCCGCCA	1.36e-1	1.00e0	9.27e2	240	206	206	206	1	126	61.17	114	55.34
442	data/reference/motifs/JASPAR2026_CORE_plants_non-redundant_pfms_meme.txt	MA1357.2	bHLH80	TGCAAGTKG	3.12e-1	1.00e0	9.27e2	105	206	206	206	3	3	1.46	1	0.49
443	data/reference/motifs/JASPAR2026_CORE_plants_non-redundant_pfms_meme.txt	MA1406.2	ATHB-4	YAATSATTG	8.03e-2	1.00e0	9.27e2	412	206	206	206	6	152	73.79	138	66.99
444	data/reference/motifs/JASPAR2026_CORE_plants_non-redundant_pfms_meme.txt	MA1313.2	WRKY7	CGTTGACTTTT	2.34e-1	1.00e0	9.27e2	141	206	206	206	2	19	9.22	14	6.80
445	data/reference/motifs/JASPAR2026_CORE_plants_non-redundant_pfms_meme.txt	MA2015.2	NAC002	ACGCAACT	8.31e-2	1.00e0	9.27e2	398	206	206	206	6	56	27.18	43	20.87
446	data/reference/motifs/JASPAR2026_CORE_plants_non-redundant_pfms_meme.txt	MA1659.2	ABF4	CCACGTS	8.16e-2	1.00e0	9.27e2	406	206	206	206	4	164	79.61	151	73.30
447	data/reference/motifs/JASPAR2026_CORE_plants_non-redundant_pfms_meme.txt	MA1164.2	HHO5	RAAGATTC	9.18e-2	1.00e0	9.27e2	362	206	206	206	6	19	9.22	11	5.34
448	data/reference/motifs/JASPAR2026_CORE_plants_non-redundant_pfms_meme.txt	MA1079.3	WRKY21	AAAAGTCAACG	1.24e-1	1.00e0	9.27e2	268	206	206	206	5	3	1.46	0	0.00
449	data/reference/motifs/JASPAR2026_CORE_plants_non-redundant_pfms_meme.txt	MA1242.1	DREB2F	CCDCCACCGCC	2.91e-1	1.00e0	9.27e2	114	206	206	206	1	60	29.13	54	26.21
450	data/reference/motifs/JASPAR2026_CORE_plants_non-redundant_pfms_meme.txt	MA0967.1	BZIP60	TGACGTCA	8.53e-2	1.00e0	9.27e2	390	206	206	206	4	180	87.38	169	82.04
451	data/reference/motifs/JASPAR2026_CORE_plants_non-redundant_pfms_meme.txt	MA2041.2	MYB13	YCACCAACCA	8.74e-2	1.00e0	9.27e2	383	206	206	206	12	7	3.40	2	0.97
452	data/reference/motifs/JASPAR2026_CORE_plants_non-redundant_pfms_meme.txt	MA1272.3	DOF2.2	AAAAAG	8.37e-2	1.00e0	9.27e2	401	206	206	206	4	114	55.34	99	48.06
453	data/reference/motifs/JASPAR2026_CORE_plants_non-redundant_pfms_meme.txt	MA1310.2	WRKY42	CGTTGACT	1.30e-1	1.00e0	9.27e2	259	206	206	206	4	9	4.37	4	1.94
454	data/reference/motifs/JASPAR2026_CORE_plants_non-redundant_pfms_meme.txt	MA2646.1	GLYMA-11G083900	GTACGGA	1.35e-1	1.00e0	9.27e2	251	206	206	206	2	62	30.10	51	24.76
455	data/reference/motifs/JASPAR2026_CORE_plants_non-redundant_pfms_meme.txt	MA1205.1	AGL6	TTWCCAAAAAWGGAAAAWW	1.86e-1	1.00e0	9.27e2	182	206	206	206	1	96	46.60	86	41.75
456	data/reference/motifs/JASPAR2026_CORE_plants_non-redundant_pfms_meme.txt	MA1664.3	HSFA6B	TTCTRGAA	8.60e-2	1.00e0	9.27e2	398	206	206	206	1	202	98.06	196	95.15
457	data/reference/motifs/JASPAR2026_CORE_plants_non-redundant_pfms_meme.txt	MA2037.2	NAC096	CAAGTAA	8.31e-2	1.00e0	9.27e2	412	206	206	206	6	173	83.98	161	78.16
458	data/reference/motifs/JASPAR2026_CORE_plants_non-redundant_pfms_meme.txt	MA0930.3	ABF3	ACGTGTC	8.52e-2	1.00e0	9.27e2	402	206	206	206	3	172	83.50	160	77.67
459	data/reference/motifs/JASPAR2026_CORE_plants_non-redundant_pfms_meme.txt	MA1091.1	WRKY62	TGGTCAAC	1.14e-1	1.00e0	9.27e2	301	206	206	206	4	12	5.83	6	2.91
460	data/reference/motifs/JASPAR2026_CORE_plants_non-redundant_pfms_meme.txt	MA2746.1	HB-HD-ZIP-2A-2	WTGCAATCATT	8.49e-2	1.00e0	9.27e2	405	206	206	206	6	73	35.44	59	28.64
461	data/reference/motifs/JASPAR2026_CORE_plants_non-redundant_pfms_meme.txt	MA0575.2	MYB77	GACRGTTAS	1.40e-1	1.00e0	9.27e2	254	206	206	206	2	66	32.04	55	26.70
462	data/reference/motifs/JASPAR2026_CORE_plants_non-redundant_pfms_meme.txt	MA1316.2	WRKY71	AAAAGTCAAC	1.24e-1	1.00e0	9.27e2	282	206	206	206	5	3	1.46	0	0.00
463	data/reference/motifs/JASPAR2026_CORE_plants_non-redundant_pfms_meme.txt	MA1300.2	WRKY6	CGTTGACT	1.61e-1	1.00e0	9.27e2	216	206	206	206	3	11	5.34	6	2.91
464	data/reference/motifs/JASPAR2026_CORE_plants_non-redundant_pfms_meme.txt	MA1341.2	BZIP53	TGCTGACGTGGCA	5.00e-1	1.00e0	9.27e2	51	206	206	206	1	26	12.62	25	12.14
465	data/reference/motifs/JASPAR2026_CORE_plants_non-redundant_pfms_meme.txt	MA1689.2	ARF18	CCGACAAA	8.74e-2	1.00e0	9.27e2	403	206	206	206	1	204	99.03	199	96.60
466	data/reference/motifs/JASPAR2026_CORE_plants_non-redundant_pfms_meme.txt	MA1754.2	ERF073	CKCCGCCGCCR	3.75e-1	1.00e0	9.27e2	74	206	206	206	3	6	2.91	4	1.94
467	data/reference/motifs/JASPAR2026_CORE_plants_non-redundant_pfms_meme.txt	MA2430.1	SPL14B	GCGGTASTACCGC	3.65e-1	1.00e0	9.27e2	77	206	206	206	2	20	9.71	17	8.25
468	data/reference/motifs/JASPAR2026_CORE_plants_non-redundant_pfms_meme.txt	MA2360.1	PK28565.1	TAACBGTC	8.74e-2	1.00e0	9.27e2	403	206	206	206	1	204	99.03	199	96.60
469	data/reference/motifs/JASPAR2026_CORE_plants_non-redundant_pfms_meme.txt	MA1161.1	TSO1	WWTTWAAAATTTAAA	8.89e-2	1.00e0	9.27e2	391	206	206	206	1	199	96.60	192	93.20
470	data/reference/motifs/JASPAR2026_CORE_plants_non-redundant_pfms_meme.txt	MA1811.3	GLYMA-13G317000	GGACACSTGTCA	1.86e-1	1.00e0	9.27e2	230	206	206	206	1	120	58.25	110	53.40
471	data/reference/motifs/JASPAR2026_CORE_plants_non-redundant_pfms_meme.txt	MA2672.1	GLYMA-01G233000	AGAASCTTCT	3.29e-1	1.00e0	9.27e2	330	206	206	206	4	59	28.64	54	26.21
472	data/reference/motifs/JASPAR2026_CORE_plants_non-redundant_pfms_meme.txt	MA2671.1	GLYMA-19G100900	AGCATGCT	5.00e-1	1.00e0	9.27e2	306	206	206	206	4	99	48.06	98	47.57
473	data/reference/motifs/JASPAR2026_CORE_plants_non-redundant_pfms_meme.txt	MA2668.1	GLYMA-20G155100	RCCGACAT	6.21e-1	1.00e0	9.27e2	276	206	206	206	2	73	35.44	75	36.41
474	data/reference/motifs/JASPAR2026_CORE_plants_non-redundant_pfms_meme.txt	MA2665.1	GLYMA-11G053600	CACCGACAC	3.26e-1	1.00e0	9.27e2	338	206	206	206	5	27	13.11	23	11.17
475	data/reference/motifs/JASPAR2026_CORE_plants_non-redundant_pfms_meme.txt	MA2663.1	GLYMA-02G261700	TCACCGACATA	1.44e-1	1.00e0	9.27e2	270	206	206	206	2	70	33.98	59	28.64
476	data/reference/motifs/JASPAR2026_CORE_plants_non-redundant_pfms_meme.txt	MA2662.1	GLYMA-13G153200	GCCACGTCA	1.30e-1	1.00e0	9.27e2	354	206	206	206	7	9	4.37	4	1.94
477	data/reference/motifs/JASPAR2026_CORE_plants_non-redundant_pfms_meme.txt	MA2660.1	GLYMA-12G168700	WWWTGTAATTACAWWW	4.22e-1	1.00e0	9.27e2	359	206	206	206	6	94	45.63	91	44.17
478	data/reference/motifs/JASPAR2026_CORE_plants_non-redundant_pfms_meme.txt	MA2656.1	GLYMA-14G006800	TGGTCAACCA	1.86e-1	1.00e0	9.27e2	390	206	206	206	9	4	1.94	1	0.49
479	data/reference/motifs/JASPAR2026_CORE_plants_non-redundant_pfms_meme.txt	MA2654.1	GLYMA-05G127600	GGTCAAC	9.59e-2	1.00e0	9.27e2	409	206	206	206	4	176	85.44	165	80.10
480	data/reference/motifs/JASPAR2026_CORE_plants_non-redundant_pfms_meme.txt	MA2653.1	GLYMA-03G042700	GTTTGACTTT	9.18e-2	1.00e0	9.27e2	396	206	206	206	8	19	9.22	11	5.34
481	data/reference/motifs/JASPAR2026_CORE_plants_non-redundant_pfms_meme.txt	MA2652.1	GLYMA-01G053800	AGTTGAC	1.99e-1	1.00e0	9.27e2	398	206	206	206	2	180	87.38	173	83.98
482	data/reference/motifs/JASPAR2026_CORE_plants_non-redundant_pfms_meme.txt	MA2649.1	GLYMA-08G271900	TGCACATG	2.95e-1	1.00e0	9.27e2	405	206	206	206	10	35	16.99	30	14.56
483	data/reference/motifs/JASPAR2026_CORE_plants_non-redundant_pfms_meme.txt	MA2647.1	GLYMA-12G226000	AAGTACAA	9.90e-2	1.00e0	9.27e2	411	206	206	206	8	120	58.25	106	51.46
484	data/reference/motifs/JASPAR2026_CORE_plants_non-redundant_pfms_meme.txt	MA2644.1	GLYMA-14G030700	AACGACGGCA	2.81e-1	1.00e0	9.27e2	258	206	206	206	4	30	14.56	25	12.14
485	data/reference/motifs/JASPAR2026_CORE_plants_non-redundant_pfms_meme.txt	MA2643.1	SNAC23	YACGGAACT	1.08e-1	1.00e0	9.27e2	375	206	206	206	9	5	2.43	1	0.49
486	data/reference/motifs/JASPAR2026_CORE_plants_non-redundant_pfms_meme.txt	MA2641.1	GLYMA-01G038600	CCTTATCCA	6.88e-1	1.00e0	9.27e2	402	206	206	206	12	2	0.97	2	0.97
487	data/reference/motifs/JASPAR2026_CORE_plants_non-redundant_pfms_meme.txt	MA2738.1	Cnr	TCCGTACAAA	9.15e-2	1.00e0	9.27e2	393	206	206	206	3	138	66.99	124	60.19
488	data/reference/motifs/JASPAR2026_CORE_plants_non-redundant_pfms_meme.txt	MA2737.1	SlERF36	CMGCCGCCAC	1.48e-1	1.00e0	9.27e2	275	206	206	206	1	143	69.42	132	64.08
489	data/reference/motifs/JASPAR2026_CORE_plants_non-redundant_pfms_meme.txt	MA2736.1	la3	AACACGTG	1.10e-1	1.00e0	9.27e2	345	206	206	206	9	8	3.88	3	1.46
490	data/reference/motifs/JASPAR2026_CORE_plants_non-redundant_pfms_meme.txt	MA2735.1	SlbHLH014	GMCACGTGBC	2.42e-1	1.00e0	9.27e2	172	206	206	206	1	90	43.69	82	39.81
491	data/reference/motifs/JASPAR2026_CORE_plants_non-redundant_pfms_meme.txt	MA2731.1	sep3	WTTTCCAAAAAGGGAAAAAAW	6.12e-1	1.00e0	9.27e2	57	206	206	206	1	28	13.59	29	14.08
492	data/reference/motifs/JASPAR2026_CORE_plants_non-redundant_pfms_meme.txt	MA2729.1	vahox1	AAATAATTG	1.78e-1	1.00e0	9.27e2	406	206	206	206	6	137	66.50	127	61.65
493	data/reference/motifs/JASPAR2026_CORE_plants_non-redundant_pfms_meme.txt	MA2728.1	SolycHsfC1	RGAAGTTTCTAG	5.00e-1	1.00e0	9.27e2	269	206	206	206	3	30	14.56	29	14.08
494	data/reference/motifs/JASPAR2026_CORE_plants_non-redundant_pfms_meme.txt	MA2727.1	SolycHsfA7	TTCYAGAA	2.62e-1	1.00e0	9.27e2	388	206	206	206	3	145	70.39	138	66.99
495	data/reference/motifs/JASPAR2026_CORE_plants_non-redundant_pfms_meme.txt	MA2717.1	eil2	AGATTCR	1.26e-1	1.00e0	9.27e2	412	206	206	206	14	43	20.87	33	16.02
496	data/reference/motifs/JASPAR2026_CORE_plants_non-redundant_pfms_meme.txt	MA2716.1	dreb3	CCACCGACCA	1.44e-1	1.00e0	9.27e2	283	206	206	206	1	147	71.36	136	66.02
497	data/reference/motifs/JASPAR2026_CORE_plants_non-redundant_pfms_meme.txt	MA2714.1	APETALA2a	ATTACCTCGTACYA	5.00e-1	1.00e0	9.27e2	93	206	206	206	1	47	22.82	46	22.33
498	data/reference/motifs/JASPAR2026_CORE_plants_non-redundant_pfms_meme.txt	MA2713.1	SlDof14	CTTTTTC	3.12e-1	1.00e0	9.27e2	408	206	206	206	1	205	99.51	203	98.54
499	data/reference/motifs/JASPAR2026_CORE_plants_non-redundant_pfms_meme.txt	MA2710.1	SolycHsfB1	TTCTAGAA	2.49e-1	1.00e0	9.27e2	257	206	206	206	10	2	0.97	0	0.00
500	data/reference/motifs/JASPAR2026_CORE_plants_non-redundant_pfms_meme.txt	MA2709.1	SolycHsfA2	TTCTAGAAKMTTCTA	6.57e-1	1.00e0	9.27e2	149	206	206	206	3	3	1.46	3	1.46
501	data/reference/motifs/JASPAR2026_CORE_plants_non-redundant_pfms_meme.txt	MA2752.1	TaOBF1b	TGCCACGTCATCATC	7.51e-1	1.00e0	9.27e2	180	206	206	206	7	1	0.49	1	0.49
502	data/reference/motifs/JASPAR2026_CORE_plants_non-redundant_pfms_meme.txt	MA2751.1	TraesCS2B02G304400	CCACTCGACC	5.00e-1	1.00e0	9.27e2	284	206	206	206	9	1	0.49	0	0.00
503	data/reference/motifs/JASPAR2026_CORE_plants_non-redundant_pfms_meme.txt	MA2750.1	TraesCS7B02G142200	TGTACGGAC	2.49e-1	1.00e0	9.27e2	295	206	206	206	9	2	0.97	0	0.00
504	data/reference/motifs/JASPAR2026_CORE_plants_non-redundant_pfms_meme.txt	MA2749.1	TraesCS2D02G576500	GAAGCAAC	2.17e-1	1.00e0	9.27e2	399	206	206	206	3	156	75.73	148	71.84
505	data/reference/motifs/JASPAR2026_CORE_plants_non-redundant_pfms_meme.txt	MA2747.1	TraesCS6A02G290800	CAATAATTG	1.05e-1	1.00e0	9.27e2	403	206	206	206	9	57	27.67	45	21.84
506	data/reference/motifs/JASPAR2026_CORE_plants_non-redundant_pfms_meme.txt	MA2761.1	myb100	TRCCTAACTT	2.08e-1	1.00e0	9.27e2	397	206	206	206	7	24	11.65	18	8.74
507	data/reference/motifs/JASPAR2026_CORE_plants_non-redundant_pfms_meme.txt	MA2760.1	p2	CACCTAAC	9.27e-2	1.00e0	9.27e2	406	206	206	206	7	84	40.78	70	33.98
508	data/reference/motifs/JASPAR2026_CORE_plants_non-redundant_pfms_meme.txt	MA2759.1	ereb7	GCGGCGGCGGCGG	1.00e0	1.00e0	9.27e2	2	206	206	206	1	0	0.00	2	0.97
509	data/reference/motifs/JASPAR2026_CORE_plants_non-redundant_pfms_meme.txt	MA2757.1	pbf1	ATAAAGT	2.26e-1	1.00e0	9.27e2	412	206	206	206	19	43	20.87	36	17.48
510	data/reference/motifs/JASPAR2026_CORE_plants_non-redundant_pfms_meme.txt	MA2756.1	dfo23	TACCTTTTTCT	1.90e-1	1.00e0	9.27e2	411	206	206	206	3	202	98.06	198	96.12
511	data/reference/motifs/JASPAR2026_CORE_plants_non-redundant_pfms_meme.txt	MA2754.1	wrky38	CGTGGACC	1.37e-1	1.00e0	9.27e2	376	206	206	206	8	27	13.11	19	9.22
512	data/reference/motifs/JASPAR2026_CORE_plants_non-redundant_pfms_meme.txt	MA2753.1	cpp8	GAATTTGAAW	2.49e-1	1.00e0	9.27e2	412	206	206	206	23	2	0.97	0	0.00
513	data/reference/motifs/JASPAR2026_CORE_plants_non-redundant_pfms_meme.txt	MA2627.1	bzip9	CACGTCA	1.86e-1	1.00e0	9.27e2	405	206	206	206	15	4	1.94	1	0.49
514	data/reference/motifs/JASPAR2026_CORE_plants_non-redundant_pfms_meme.txt	MA2626.1	bzip40	GTGACGTGGC	2.08e-1	1.00e0	9.27e2	362	206	206	206	12	9	4.37	5	2.43
515	data/reference/motifs/JASPAR2026_CORE_plants_non-redundant_pfms_meme.txt	MA2625.1	mybr17	CATTATC	2.08e-1	1.00e0	9.27e2	412	206	206	206	25	9	4.37	5	2.43
516	data/reference/motifs/JASPAR2026_CORE_plants_non-redundant_pfms_meme.txt	MA2623.1	hb66	CCAATCA	1.90e-1	1.00e0	9.27e2	412	206	206	206	7	202	98.06	198	96.12
517	data/reference/motifs/JASPAR2026_CORE_plants_non-redundant_pfms_meme.txt	MA2621.1	glk25	TGATTCCA	1.86e-1	1.00e0	9.27e2	411	206	206	206	9	118	57.28	108	52.43
518	data/reference/motifs/JASPAR2026_CORE_plants_non-redundant_pfms_meme.txt	MA2620.1	g2	CCTTATCC	3.47e-1	1.00e0	9.27e2	404	206	206	206	3	173	83.98	169	82.04
519	data/reference/motifs/JASPAR2026_CORE_plants_non-redundant_pfms_meme.txt	MA2618.1	ereb102	CGACGGCGA	2.42e-1	1.00e0	9.27e2	242	206	206	206	1	125	60.68	117	56.80
520	data/reference/motifs/JASPAR2026_CORE_plants_non-redundant_pfms_meme.txt	MA2615.1	ereb109	CGCCGCC	8.76e-1	1.00e0	9.27e2	22	206	206	206	2	1	0.49	2	0.97
521	data/reference/motifs/JASPAR2026_CORE_plants_non-redundant_pfms_meme.txt	MA2614.1	ereb198	SCGCCGCCGCCR	5.00e-1	1.00e0	9.27e2	71	206	206	206	1	36	17.48	35	16.99
522	data/reference/motifs/JASPAR2026_CORE_plants_non-redundant_pfms_meme.txt	MA2612.1	ereb147	ACGCCGAC	4.19e-1	1.00e0	9.27e2	309	206	206	206	3	75	36.41	72	34.95
523	data/reference/motifs/JASPAR2026_CORE_plants_non-redundant_pfms_meme.txt	MA2609.1	ereb172	CAGCCGCA	1.80e-1	1.00e0	9.27e2	346	206	206	206	2	134	65.05	124	60.19
524	data/reference/motifs/JASPAR2026_CORE_plants_non-redundant_pfms_meme.txt	MA2608.1	glk53	AAGGAATATTCTTT	3.62e-1	1.00e0	9.27e2	344	206	206	206	9	5	2.43	3	1.46
525	data/reference/motifs/JASPAR2026_CORE_plants_non-redundant_pfms_meme.txt	MA2606.1	mybr43	CCTTATCC	5.53e-1	1.00e0	9.27e2	408	206	206	206	3	172	83.50	172	83.50
526	data/reference/motifs/JASPAR2026_CORE_plants_non-redundant_pfms_meme.txt	MA2605.1	mybr26	CCTTATCC	5.00e-1	1.00e0	9.27e2	409	206	206	206	2	197	95.63	196	95.15
527	data/reference/motifs/JASPAR2026_CORE_plants_non-redundant_pfms_meme.txt	MA2604.1	dof22	ACTTTTAC	1.61e-1	1.00e0	9.27e2	412	206	206	206	15	100	48.54	89	43.20
528	data/reference/motifs/JASPAR2026_CORE_plants_non-redundant_pfms_meme.txt	MA1378.2	AIL6	TCCTCGA	2.43e-1	1.00e0	9.27e2	407	206	206	206	8	94	45.63	86	41.75
529	data/reference/motifs/JASPAR2026_CORE_plants_non-redundant_pfms_meme.txt	MA1776.3	MYB67	TACCTAACA	9.47e-2	1.00e0	9.27e2	390	206	206	206	6	51	24.76	39	18.93
530	data/reference/motifs/JASPAR2026_CORE_plants_non-redundant_pfms_meme.txt	MA2638.1	FUL::SEP3	TTWCTATTTATAGTAA	7.44e-1	1.00e0	9.27e2	238	206	206	206	4	10	4.85	12	5.83
531	data/reference/motifs/JASPAR2026_CORE_plants_non-redundant_pfms_meme.txt	MA2637.1	FUL::AG::SEP3	WTWCCAWAAATAGAAA	1.27e-1	1.00e0	9.27e2	392	206	206	206	6	25	12.14	17	8.25
532	data/reference/motifs/JASPAR2026_CORE_plants_non-redundant_pfms_meme.txt	MA2636.1	FUL::AG	WCTTTCCATTTTTRGAAA	3.00e-1	1.00e0	9.27e2	216	206	206	206	3	9	4.37	6	2.91
533	data/reference/motifs/JASPAR2026_CORE_plants_non-redundant_pfms_meme.txt	MA2635.1	FUL	TTWCCAWAAATAGAAA	3.75e-1	1.00e0	9.27e2	317	206	206	206	5	6	2.91	4	1.94
534	data/reference/motifs/JASPAR2026_CORE_plants_non-redundant_pfms_meme.txt	MA2634.1	EIN3	AGATTCATTGAATCT	3.62e-1	1.00e0	9.27e2	213	206	206	206	4	19	9.22	16	7.77
535	data/reference/motifs/JASPAR2026_CORE_plants_non-redundant_pfms_meme.txt	MA2505.1	bZIP59	TGACAGCTGTCA	3.12e-1	1.00e0	9.27e2	254	206	206	206	10	3	1.46	1	0.49
536	data/reference/motifs/JASPAR2026_CORE_plants_non-redundant_pfms_meme.txt	MA2502.1	TMF	CTACAGTA	2.13e-1	1.00e0	9.27e2	406	206	206	206	5	123	59.71	114	55.34
537	data/reference/motifs/JASPAR2026_CORE_plants_non-redundant_pfms_meme.txt	MA1355.2	TRB2	WARCCCTAAWT	5.00e-1	1.00e0	9.27e2	158	206	206	206	3	4	1.94	3	1.46
538	data/reference/motifs/JASPAR2026_CORE_plants_non-redundant_pfms_meme.txt	MA1353.2	AT1G72740	RWTTAGGGTTT	3.40e-1	1.00e0	9.27e2	215	206	206	206	3	14	6.80	11	5.34
539	data/reference/motifs/JASPAR2026_CORE_plants_non-redundant_pfms_meme.txt	MA1322.3	SPL9	TCCGTAC	1.08e-1	1.00e0	9.27e2	376	206	206	206	10	5	2.43	1	0.49
540	data/reference/motifs/JASPAR2026_CORE_plants_non-redundant_pfms_meme.txt	MA1060.2	SPL7	CGTACG	1.36e-1	1.00e0	9.27e2	403	206	206	206	7	125	60.68	113	54.85
541	data/reference/motifs/JASPAR2026_CORE_plants_non-redundant_pfms_meme.txt	MA1056.2	SPL11	CGTACGGA	2.85e-1	1.00e0	9.27e2	194	206	206	206	2	55	26.70	49	23.79
542	data/reference/motifs/JASPAR2026_CORE_plants_non-redundant_pfms_meme.txt	MA1742.2	BIZP18	TGMCAGCTGK	5.00e-1	1.00e0	9.27e2	219	206	206	206	5	1	0.49	0	0.00
543	data/reference/motifs/JASPAR2026_CORE_plants_non-redundant_pfms_meme.txt	MA1672.2	GBF2	SACGTGGCA	2.64e-1	1.00e0	9.27e2	380	206	206	206	5	71	34.47	64	31.07
544	data/reference/motifs/JASPAR2026_CORE_plants_non-redundant_pfms_meme.txt	MA2477.1	NGA4	TTCAGGTR	1.90e-1	1.00e0	9.27e2	400	206	206	206	1	202	98.06	198	96.12
545	data/reference/motifs/JASPAR2026_CORE_plants_non-redundant_pfms_meme.txt	MA2474.1	HMGB10	TWATAA	3.58e-1	1.00e0	9.27e2	397	206	206	206	4	165	80.10	161	78.16
546	data/reference/motifs/JASPAR2026_CORE_plants_non-redundant_pfms_meme.txt	MA2344.1	REV	AATMATCATTATTA	3.28e-1	1.00e0	9.27e2	391	206	206	206	1	197	95.63	194	94.17
547	data/reference/motifs/JASPAR2026_CORE_plants_non-redundant_pfms_meme.txt	MA2461.1	WOX13	TTGATTGA	9.29e-2	1.00e0	9.27e2	412	206	206	206	6	168	81.55	156	75.73
548	data/reference/motifs/JASPAR2026_CORE_plants_non-redundant_pfms_meme.txt	MA2459.1	EDF3	RCAACAKA	5.00e-1	1.00e0	9.27e2	303	206	206	206	4	13	6.31	12	5.83
549	data/reference/motifs/JASPAR2026_CORE_plants_non-redundant_pfms_meme.txt	MA1203.1	AGL63	TKCCAAAAATGGMAA	3.11e-1	1.00e0	9.27e2	222	206	206	206	4	10	4.85	7	3.40
550	data/reference/motifs/JASPAR2026_CORE_plants_non-redundant_pfms_meme.txt	MA1199.1	AGL16	TTTCCWTTTTDGGWA	2.49e-1	1.00e0	9.27e2	247	206	206	206	5	2	0.97	0	0.00
551	data/reference/motifs/JASPAR2026_CORE_plants_non-redundant_pfms_meme.txt	MA1188.1	At3g11280	AWYCTTATCTTHWY	3.11e-1	1.00e0	9.27e2	402	206	206	206	10	10	4.85	7	3.40
552	data/reference/motifs/JASPAR2026_CORE_plants_non-redundant_pfms_meme.txt	MA1042.1	MYB59	RTTAGGTA	2.75e-1	1.00e0	9.27e2	410	206	206	206	13	28	13.59	23	11.17
553	data/reference/motifs/JASPAR2026_CORE_plants_non-redundant_pfms_meme.txt	MA1040.1	MYB46	GKTAGGTR	2.33e-1	1.00e0	9.27e2	390	206	206	206	6	46	22.33	39	18.93
554	data/reference/motifs/JASPAR2026_CORE_plants_non-redundant_pfms_meme.txt	MA1039.1	MYB4	GGTWGGTR	9.59e-2	1.00e0	9.27e2	412	206	206	206	11	41	19.90	30	14.56
555	data/reference/motifs/JASPAR2026_CORE_plants_non-redundant_pfms_meme.txt	MA1012.1	AGL27	CTTTCYATTTTKGG	6.42e-1	1.00e0	9.27e2	244	206	206	206	2	42	20.39	44	21.36
556	data/reference/motifs/JASPAR2026_CORE_plants_non-redundant_pfms_meme.txt	MA0972.1	CCA1	AAATATCT	3.96e-1	1.00e0	9.27e2	404	206	206	206	8	36	17.48	33	16.02
557	data/reference/motifs/JASPAR2026_CORE_plants_non-redundant_pfms_meme.txt	MA0054.1	myb.Ph3	TAACBGTTW	5.00e-1	1.00e0	9.27e2	412	206	206	206	15	106	51.46	105	50.97
558	data/reference/motifs/JASPAR2026_CORE_plants_non-redundant_pfms_meme.txt	MA2482.1	PK27693.1	TTATC	5.00e-1	1.00e0	9.27e2	412	206	206	206	28	204	99.03	203	98.54
559	data/reference/motifs/JASPAR2026_CORE_plants_non-redundant_pfms_meme.txt	MA2481.1	PK12011.1	AACGG	2.87e-1	1.00e0	9.27e2	412	206	206	206	6	201	97.57	198	96.12
560	data/reference/motifs/JASPAR2026_CORE_plants_non-redundant_pfms_meme.txt	MA2478.1	PK13314.1	GGGCCCAC	1.24e-1	1.00e0	9.27e2	375	206	206	206	20	3	1.46	0	0.00
561	data/reference/motifs/JASPAR2026_CORE_plants_non-redundant_pfms_meme.txt	MA1011.2	PHYPADRAFT_72483	CACGTG	1.00e-1	1.00e0	9.27e2	411	206	206	206	24	70	33.98	57	27.67
562	data/reference/motifs/JASPAR2026_CORE_plants_non-redundant_pfms_meme.txt	MA0988.2	PHYPADRAFT_143875	CACGTG	1.32e-1	1.00e0	9.27e2	393	206	206	206	14	26	12.62	18	8.74
563	data/reference/motifs/JASPAR2026_CORE_plants_non-redundant_pfms_meme.txt	MA2040.2	ENAP2	CTCCGGCGA	3.59e-1	1.00e0	9.27e2	165	206	206	206	2	46	22.33	42	20.39
564	data/reference/motifs/JASPAR2026_CORE_plants_non-redundant_pfms_meme.txt	MA2039.2	ASIL2	CTCCGGCGA	4.04e-1	1.00e0	9.27e2	173	206	206	206	2	44	21.36	41	19.90
565	data/reference/motifs/JASPAR2026_CORE_plants_non-redundant_pfms_meme.txt	MA1662.2	AT3G10030	TTAACAGA	3.28e-1	1.00e0	9.27e2	407	206	206	206	4	154	74.76	149	72.33
566	data/reference/motifs/JASPAR2026_CORE_plants_non-redundant_pfms_meme.txt	MA1661.2	GTL1	GGTTAAAA	2.49e-1	1.00e0	9.27e2	410	206	206	206	1	206	100.00	204	99.03
567	data/reference/motifs/JASPAR2026_CORE_plants_non-redundant_pfms_meme.txt	MA1366.2	DF1	RGTAAAAA	1.08e-1	1.00e0	9.27e2	412	206	206	206	13	5	2.43	1	0.49
568	data/reference/motifs/JASPAR2026_CORE_plants_non-redundant_pfms_meme.txt	MA1365.3	AT5G47660	GGTAAAA	3.12e-1	1.00e0	9.27e2	406	206	206	206	13	3	1.46	1	0.49
569	data/reference/motifs/JASPAR2026_CORE_plants_non-redundant_pfms_meme.txt	MA2032.2	TRB1	AAACCCTAA	2.23e-1	1.00e0	9.27e2	398	206	206	206	9	10	4.85	6	2.91
570	data/reference/motifs/JASPAR2026_CORE_plants_non-redundant_pfms_meme.txt	MA2031.2	AT5G04760	CTTATCY	2.49e-1	1.00e0	9.27e2	410	206	206	206	1	206	100.00	204	99.03
571	data/reference/motifs/JASPAR2026_CORE_plants_non-redundant_pfms_meme.txt	MA1825.2	Zm00001d044409	CTTATC	2.49e-1	1.00e0	9.27e2	412	206	206	206	2	206	100.00	204	99.03
572	data/reference/motifs/JASPAR2026_CORE_plants_non-redundant_pfms_meme.txt	MA1812.2	ASR1	AGGCCCAAT	3.71e-1	1.00e0	9.27e2	266	206	206	206	4	22	10.68	19	9.22
573	data/reference/motifs/JASPAR2026_CORE_plants_non-redundant_pfms_meme.txt	MA1802.2	TRP5	WAAACCY	3.12e-1	1.00e0	9.27e2	412	206	206	206	57	3	1.46	1	0.49
574	data/reference/motifs/JASPAR2026_CORE_plants_non-redundant_pfms_meme.txt	MA1793.2	NID1	TTATCC	4.14e-1	1.00e0	9.27e2	412	206	206	206	22	196	95.15	194	94.17
575	data/reference/motifs/JASPAR2026_CORE_plants_non-redundant_pfms_meme.txt	MA1408.2	FaEOBII	GTTAGGTA	1.41e-1	1.00e0	9.27e2	411	206	206	206	14	28	13.59	20	9.71
576	data/reference/motifs/JASPAR2026_CORE_plants_non-redundant_pfms_meme.txt	MA1400.2	AT1G19000	WWWTGGATAAGRW	8.14e-1	1.00e0	9.27e2	311	206	206	206	7	2	0.97	3	1.46
577	data/reference/motifs/JASPAR2026_CORE_plants_non-redundant_pfms_meme.txt	MA1398.3	KUA1	CTTATCCA	5.00e-1	1.00e0	9.27e2	412	206	206	206	8	91	44.17	90	43.69
578	data/reference/motifs/JASPAR2026_CORE_plants_non-redundant_pfms_meme.txt	MA1397.2	AT1G74840	WWTGGATAA	8.26e-1	1.00e0	9.27e2	393	206	206	206	1	195	94.66	198	96.12
579	data/reference/motifs/JASPAR2026_CORE_plants_non-redundant_pfms_meme.txt	MA1196.2	AT5G05790	AWYCTTATCYTNWT	3.55e-1	1.00e0	9.27e2	399	206	206	206	8	17	8.25	14	6.80
580	data/reference/motifs/JASPAR2026_CORE_plants_non-redundant_pfms_meme.txt	MA1195.2	AT5G56840	AAYCTTATCCAWWW	6.50e-1	1.00e0	9.27e2	383	206	206	206	1	191	92.72	192	93.20
581	data/reference/motifs/JASPAR2026_CORE_plants_non-redundant_pfms_meme.txt	MA1193.2	AT2G38090	WDWGGATAAGDAT	6.29e-1	1.00e0	9.27e2	386	206	206	206	4	57	27.67	59	28.64
582	data/reference/motifs/JASPAR2026_CORE_plants_non-redundant_pfms_meme.txt	MA1192.2	DIV1	WRGATAAGRTT	5.00e-1	1.00e0	9.27e2	371	206	206	206	9	2	0.97	1	0.49
583	data/reference/motifs/JASPAR2026_CORE_plants_non-redundant_pfms_meme.txt	MA1191.2	RVE7L	AAAATATCT	2.49e-1	1.00e0	9.27e2	313	206	206	206	6	2	0.97	0	0.00
584	data/reference/motifs/JASPAR2026_CORE_plants_non-redundant_pfms_meme.txt	MA1189.2	AT5G61620	WWWTGGATAAGRWW	6.89e-1	1.00e0	9.27e2	394	206	206	206	8	8	3.88	9	4.37
585	data/reference/motifs/JASPAR2026_CORE_plants_non-redundant_pfms_meme.txt	MA1187.2	RVE4	AGATATTTT	2.06e-1	1.00e0	9.27e2	328	206	206	206	4	35	16.99	28	13.59
586	data/reference/motifs/JASPAR2026_CORE_plants_non-redundant_pfms_meme.txt	MA1186.2	YAB4	AWYCTTATCYW	7.92e-1	1.00e0	9.27e2	405	206	206	206	11	6	2.91	8	3.88
587	data/reference/motifs/JASPAR2026_CORE_plants_non-redundant_pfms_meme.txt	MA1185.2	LHY	AGATATTTT	1.84e-1	1.00e0	9.27e2	341	206	206	206	3	58	28.16	49	23.79
588	data/reference/motifs/JASPAR2026_CORE_plants_non-redundant_pfms_meme.txt	MA1182.2	RVE8	AGATATTTT	1.24e-1	1.00e0	9.27e2	319	206	206	206	6	3	1.46	0	0.00
589	data/reference/motifs/JASPAR2026_CORE_plants_non-redundant_pfms_meme.txt	MA0579.2	CDC5	GCTCAGCGC	5.00e-1	1.00e0	9.27e2	266	206	206	206	9	1	0.49	0	0.00
590	data/reference/motifs/JASPAR2026_CORE_plants_non-redundant_pfms_meme.txt	MA2042.2	MYB58	CCACCAACC	1.96e-1	1.00e0	9.27e2	394	206	206	206	11	14	6.80	9	4.37
591	data/reference/motifs/JASPAR2026_CORE_plants_non-redundant_pfms_meme.txt	MA2030.2	MYB96	MCCAACTACCA	2.77e-1	1.00e0	9.27e2	368	206	206	206	3	102	49.51	95	46.12
592	data/reference/motifs/JASPAR2026_CORE_plants_non-redundant_pfms_meme.txt	MA2028.2	MYB49	TTACCTAACTW	2.55e-1	1.00e0	9.27e2	387	206	206	206	5	61	29.61	54	26.21
593	data/reference/motifs/JASPAR2026_CORE_plants_non-redundant_pfms_meme.txt	MA2027.2	MYB44	HAACGGTCA	2.76e-1	1.00e0	9.27e2	334	206	206	206	2	119	57.77	112	54.37
594	data/reference/motifs/JASPAR2026_CORE_plants_non-redundant_pfms_meme.txt	MA2026.2	MYB108	TACCTAACTT	2.49e-1	1.00e0	9.27e2	366	206	206	206	9	2	0.97	0	0.00
595	data/reference/motifs/JASPAR2026_CORE_plants_non-redundant_pfms_meme.txt	MA2025.2	MYB93	TACCAAAC	1.08e-1	1.00e0	9.27e2	410	206	206	206	19	5	2.43	1	0.49
596	data/reference/motifs/JASPAR2026_CORE_plants_non-redundant_pfms_meme.txt	MA2024.2	MYB63	YCACCTACCAC	1.45e-1	1.00e0	9.27e2	328	206	206	206	3	71	34.47	60	29.13
597	data/reference/motifs/JASPAR2026_CORE_plants_non-redundant_pfms_meme.txt	MA2008.2	MYB99	CACCTAMY	3.28e-1	1.00e0	9.27e2	317	206	206	206	4	12	5.83	9	4.37
598	data/reference/motifs/JASPAR2026_CORE_plants_non-redundant_pfms_meme.txt	MA1829.2	Zm00001d035604	ACCTAAC	1.31e-1	1.00e0	9.27e2	412	206	206	206	18	19	9.22	12	5.83
599	data/reference/motifs/JASPAR2026_CORE_plants_non-redundant_pfms_meme.txt	MA1781.2	MYB94	CCAACYACYW	1.67e-1	1.00e0	9.27e2	369	206	206	206	5	35	16.99	27	13.11
600	data/reference/motifs/JASPAR2026_CORE_plants_non-redundant_pfms_meme.txt	MA1780.2	MYB92	ACCTAAC	2.49e-1	1.00e0	9.27e2	392	206	206	206	12	2	0.97	0	0.00
601	data/reference/motifs/JASPAR2026_CORE_plants_non-redundant_pfms_meme.txt	MA1773.2	MYB51	YYYACCWACYW	1.96e-1	1.00e0	9.27e2	354	206	206	206	4	46	22.33	38	18.45
602	data/reference/motifs/JASPAR2026_CORE_plants_non-redundant_pfms_meme.txt	MA1772.2	MYB43	YTYACCWAMCWT	1.86e-1	1.00e0	9.27e2	271	206	206	206	5	4	1.94	1	0.49
603	data/reference/motifs/JASPAR2026_CORE_plants_non-redundant_pfms_meme.txt	MA1771.2	MYB41	TYACCTAMYT	1.27e-1	1.00e0	9.27e2	380	206	206	206	6	33	16.02	24	11.65
604	data/reference/motifs/JASPAR2026_CORE_plants_non-redundant_pfms_meme.txt	MA1770.2	MYB40	YTYACCWAMY	2.72e-1	1.00e0	9.27e2	330	206	206	206	6	7	3.40	4	1.94
605	data/reference/motifs/JASPAR2026_CORE_plants_non-redundant_pfms_meme.txt	MA1769.2	MYB39	YYCACCTAMYTT	1.24e-1	1.00e0	9.27e2	355	206	206	206	7	3	1.46	0	0.00
606	data/reference/motifs/JASPAR2026_CORE_plants_non-redundant_pfms_meme.txt	MA1765.2	MYB121	TACCTAACW	1.46e-1	1.00e0	9.27e2	381	206	206	206	8	10	4.85	5	2.43
607	data/reference/motifs/JASPAR2026_CORE_plants_non-redundant_pfms_meme.txt	MA1764.2	MYB116	TGCCTAACTT	5.00e-1	1.00e0	9.27e2	204	206	206	206	4	3	1.46	2	0.97
608	data/reference/motifs/JASPAR2026_CORE_plants_non-redundant_pfms_meme.txt	MA1762.2	MYB10	YCACCWAMCW	2.49e-1	1.00e0	9.27e2	315	206	206	206	3	56	27.18	49	23.79
609	data/reference/motifs/JASPAR2026_CORE_plants_non-redundant_pfms_meme.txt	MA1394.3	MYB73	AACGGTCA	2.28e-1	1.00e0	9.27e2	371	206	206	206	4	68	33.01	60	29.13
610	data/reference/motifs/JASPAR2026_CORE_plants_non-redundant_pfms_meme.txt	MA1393.3	MYB70	AACCGTT	6.35e-1	1.00e0	9.27e2	395	206	206	206	7	49	23.79	51	24.76
611	data/reference/motifs/JASPAR2026_CORE_plants_non-redundant_pfms_meme.txt	MA1392.3	MYB98	WMCGTTAC	3.01e-1	1.00e0	9.27e2	341	206	206	206	1	173	83.98	168	81.55
612	data/reference/motifs/JASPAR2026_CORE_plants_non-redundant_pfms_meme.txt	MA1391.3	MYB33	ATAACCGTAW	1.16e-1	1.00e0	9.27e2	385	206	206	206	1	196	95.15	189	91.75
613	data/reference/motifs/JASPAR2026_CORE_plants_non-redundant_pfms_meme.txt	MA1294.2	MYB62	WAGTTAGGY	5.00e-1	1.00e0	9.27e2	386	206	206	206	7	11	5.34	10	4.85
614	data/reference/motifs/JASPAR2026_CORE_plants_non-redundant_pfms_meme.txt	MA1180.2	MYB3R4	WWWTRACCGTTR	5.00e-1	1.00e0	9.27e2	152	206	206	206	4	2	0.97	1	0.49
615	data/reference/motifs/JASPAR2026_CORE_plants_non-redundant_pfms_meme.txt	MA1179.2	MYB1	ACSGTTA	2.35e-1	1.00e0	9.27e2	325	206	206	206	1	166	80.58	159	77.18
616	data/reference/motifs/JASPAR2026_CORE_plants_non-redundant_pfms_meme.txt	MA1178.3	MYB3R1	TAACGGTC	1.18e-1	1.00e0	9.27e2	369	206	206	206	3	108	52.43	95	46.12
617	data/reference/motifs/JASPAR2026_CORE_plants_non-redundant_pfms_meme.txt	MA1177.2	MYB65	TAACCGHM	1.11e-1	1.00e0	9.27e2	410	206	206	206	7	84	40.78	71	34.47
618	data/reference/motifs/JASPAR2026_CORE_plants_non-redundant_pfms_meme.txt	MA1176.2	MYB119	RWCCGTTACA	2.35e-1	1.00e0	9.27e2	266	206	206	206	1	137	66.50	129	62.62
619	data/reference/motifs/JASPAR2026_CORE_plants_non-redundant_pfms_meme.txt	MA1175.2	MYB81	TAACHGWWT	2.28e-1	1.00e0	9.27e2	412	206	206	206	4	193	93.69	188	91.26
620	data/reference/motifs/JASPAR2026_CORE_plants_non-redundant_pfms_meme.txt	MA1172.2	MYB3R5	AAWWDTDACCGTTR	5.00e-1	1.00e0	9.27e2	140	206	206	206	4	2	0.97	1	0.49
621	data/reference/motifs/JASPAR2026_CORE_plants_non-redundant_pfms_meme.txt	MA1171.2	MYB52	ACCGTTA	4.21e-1	1.00e0	9.27e2	175	206	206	206	1	89	43.20	86	41.75
622	data/reference/motifs/JASPAR2026_CORE_plants_non-redundant_pfms_meme.txt	MA1038.2	MYB3	GGTAGGTA	3.34e-1	1.00e0	9.27e2	324	206	206	206	5	13	6.31	10	4.85
623	data/reference/motifs/JASPAR2026_CORE_plants_non-redundant_pfms_meme.txt	MA1037.2	MYB24	GTTAGGY	1.24e-1	1.00e0	9.27e2	412	206	206	206	50	3	1.46	0	0.00
624	data/reference/motifs/JASPAR2026_CORE_plants_non-redundant_pfms_meme.txt	MA1030.2	P0510F09.23	WRMCCTA	3.93e-1	1.00e0	9.27e2	412	206	206	206	23	8	3.88	6	2.91
625	data/reference/motifs/JASPAR2026_CORE_plants_non-redundant_pfms_meme.txt	MA0034.2	Gam1	YAACCGMC	8.74e-2	1.00e0	9.27e2	411	206	206	206	18	7	3.40	2	0.97
626	data/reference/motifs/JASPAR2026_CORE_plants_non-redundant_pfms_meme.txt	MA1737.2	AT5G05090	AGATHCG	2.51e-1	1.00e0	9.27e2	410	206	206	206	15	6	2.91	3	1.46
627	data/reference/motifs/JASPAR2026_CORE_plants_non-redundant_pfms_meme.txt	MA1706.2	AT1G14600	WAYATTCT	2.49e-1	1.00e0	9.27e2	412	206	206	206	26	157	76.21	150	72.82
628	data/reference/motifs/JASPAR2026_CORE_plants_non-redundant_pfms_meme.txt	MA1390.3	HHO2	AAGATTCC	1.64e-1	1.00e0	9.27e2	408	206	206	206	3	180	87.38	172	83.50
629	data/reference/motifs/JASPAR2026_CORE_plants_non-redundant_pfms_meme.txt	MA1389.2	PHL1	AARGAATATTCB	1.84e-1	1.00e0	9.27e2	242	206	206	206	1	126	61.17	116	56.31
630	data/reference/motifs/JASPAR2026_CORE_plants_non-redundant_pfms_meme.txt	MA1388.2	PHL2	VGAATMT	1.52e-1	1.00e0	9.27e2	401	206	206	206	3	160	77.67	150	72.82
631	data/reference/motifs/JASPAR2026_CORE_plants_non-redundant_pfms_meme.txt	MA1387.2	HRS1	ATCRAAGATTCY	5.40e-1	1.00e0	9.27e2	355	206	206	206	2	126	61.17	126	61.17
632	data/reference/motifs/JASPAR2026_CORE_plants_non-redundant_pfms_meme.txt	MA1386.3	HHO3	AAGATTCT	2.12e-1	1.00e0	9.27e2	397	206	206	206	4	126	61.17	117	56.80
633	data/reference/motifs/JASPAR2026_CORE_plants_non-redundant_pfms_meme.txt	MA1383.2	KAN2	AATATTCTTT	1.24e-1	1.00e0	9.27e2	387	206	206	206	10	3	1.46	0	0.00
634	data/reference/motifs/JASPAR2026_CORE_plants_non-redundant_pfms_meme.txt	MA1167.2	EFM	RGAATATTC	2.51e-1	1.00e0	9.27e2	325	206	206	206	6	6	2.91	3	1.46
635	data/reference/motifs/JASPAR2026_CORE_plants_non-redundant_pfms_meme.txt	MA1166.2	PHL12	AARRGAATATTC	1.86e-1	1.00e0	9.27e2	193	206	206	206	5	4	1.94	1	0.49
636	data/reference/motifs/JASPAR2026_CORE_plants_non-redundant_pfms_meme.txt	MA1165.3	HHO6	AGATTCT	3.08e-1	1.00e0	9.27e2	408	206	206	206	5	126	61.17	120	58.25
637	data/reference/motifs/JASPAR2026_CORE_plants_non-redundant_pfms_meme.txt	MA1163.3	PHL11	AGAATATTCT	1.92e-1	1.00e0	9.27e2	288	206	206	206	6	31	15.05	24	11.65
638	data/reference/motifs/JASPAR2026_CORE_plants_non-redundant_pfms_meme.txt	MA1027.2	KAN1	WTATTC	1.89e-1	1.00e0	9.27e2	412	206	206	206	67	61	29.61	52	25.24
639	data/reference/motifs/JASPAR2026_CORE_plants_non-redundant_pfms_meme.txt	MA1409.2	OsRR22	AGATACGST	2.45e-1	1.00e0	9.27e2	387	206	206	206	3	115	55.83	107	51.94
640	data/reference/motifs/JASPAR2026_CORE_plants_non-redundant_pfms_meme.txt	MA0949.2	ARR2	MGWATCTT	3.34e-1	1.00e0	9.27e2	399	206	206	206	9	13	6.31	10	4.85
641	data/reference/motifs/JASPAR2026_CORE_plants_non-redundant_pfms_meme.txt	MA0948.2	ARR18	AGATACG	5.00e-1	1.00e0	9.27e2	412	206	206	206	28	2	0.97	1	0.49
642	data/reference/motifs/JASPAR2026_CORE_plants_non-redundant_pfms_meme.txt	MA0121.2	ARR10	AGATHYK	8.31e-1	1.00e0	9.27e2	412	206	206	206	13	4	1.94	6	2.91
643	data/reference/motifs/JASPAR2026_CORE_plants_non-redundant_pfms_meme.txt	MA2022.2	LOB	CCGCCGCCGCMGC	5.00e-1	1.00e0	9.27e2	88	206	206	206	9	2	0.97	1	0.49
644	data/reference/motifs/JASPAR2026_CORE_plants_non-redundant_pfms_meme.txt	MA1277.2	DOF1.7	AAAAAGTARAA	1.33e-1	1.00e0	9.27e2	410	206	206	206	14	46	22.33	36	17.48
645	data/reference/motifs/JASPAR2026_CORE_plants_non-redundant_pfms_meme.txt	MA1276.2	DOF3.5	AWAAAGK	9.85e-2	1.00e0	9.27e2	406	206	206	206	2	198	96.12	191	92.72
646	data/reference/motifs/JASPAR2026_CORE_plants_non-redundant_pfms_meme.txt	MA1275.2	DOF1.6	AWAAAGTR	1.55e-1	1.00e0	9.27e2	411	206	206	206	7	133	64.56	122	59.22
647	data/reference/motifs/JASPAR2026_CORE_plants_non-redundant_pfms_meme.txt	MA1268.2	CDF5	TTYACTTTTTYTTTTTTTTTT	2.44e-1	1.00e0	9.27e2	395	206	206	206	5	97	47.09	89	43.20
648	data/reference/motifs/JASPAR2026_CORE_plants_non-redundant_pfms_meme.txt	MA0983.2	DOF5.6	AAMG	9.85e-2	1.00e0	9.27e2	412	206	206	206	26	198	96.12	191	92.72
649	data/reference/motifs/JASPAR2026_CORE_plants_non-redundant_pfms_meme.txt	MA0973.2	CDF2	AAAAAGY	1.90e-1	1.00e0	9.27e2	412	206	206	206	36	8	3.88	4	1.94
650	data/reference/motifs/JASPAR2026_CORE_plants_non-redundant_pfms_meme.txt	MA1755.2	GATA4	GATC	3.01e-1	1.00e0	9.27e2	412	206	206	206	42	190	92.23	186	90.29
651	data/reference/motifs/JASPAR2026_CORE_plants_non-redundant_pfms_meme.txt	MA1396.2	GATA6	AGATCTAGAT	6.00e-1	1.00e0	9.27e2	214	206	206	206	4	8	3.88	8	3.88
652	data/reference/motifs/JASPAR2026_CORE_plants_non-redundant_pfms_meme.txt	MA1325.2	GATA14	TAGATCTR	6.88e-1	1.00e0	9.27e2	343	206	206	206	15	2	0.97	2	0.97
653	data/reference/motifs/JASPAR2026_CORE_plants_non-redundant_pfms_meme.txt	MA1323.2	GATA19	GATCBGATY	3.31e-1	1.00e0	9.27e2	358	206	206	206	1	181	87.86	177	85.92
654	data/reference/motifs/JASPAR2026_CORE_plants_non-redundant_pfms_meme.txt	MA1018.2	GATA9	AGATCT	4.49e-1	1.00e0	9.27e2	336	206	206	206	1	169	82.04	167	81.07
655	data/reference/motifs/JASPAR2026_CORE_plants_non-redundant_pfms_meme.txt	MA1017.2	GATA8	GATCY	2.13e-1	1.00e0	9.27e2	412	206	206	206	24	187	90.78	181	87.86
656	data/reference/motifs/JASPAR2026_CORE_plants_non-redundant_pfms_meme.txt	MA1016.2	GATA15	GATC	4.05e-1	1.00e0	9.27e2	412	206	206	206	69	46	22.33	43	20.87
657	data/reference/motifs/JASPAR2026_CORE_plants_non-redundant_pfms_meme.txt	MA1015.2	GATA12	AGATCT	1.90e-1	1.00e0	9.27e2	412	206	206	206	76	8	3.88	4	1.94
658	data/reference/motifs/JASPAR2026_CORE_plants_non-redundant_pfms_meme.txt	MA0585.2	AGL1	TTDCCWWWWWDGGWAA	2.05e-1	1.00e0	9.27e2	360	206	206	206	4	77	37.38	68	33.01
659	data/reference/motifs/JASPAR2026_CORE_plants_non-redundant_pfms_meme.txt	MA0584.2	SEP1	CCAWAWWTRGWAA	2.68e-1	1.00e0	9.27e2	320	206	206	206	5	26	12.62	21	10.19
660	data/reference/motifs/JASPAR2026_CORE_plants_non-redundant_pfms_meme.txt	MA0558.2	FLC	CCMAAAATRGAAAG	3.25e-1	1.00e0	9.27e2	386	206	206	206	2	157	76.21	152	73.79
661	data/reference/motifs/JASPAR2026_CORE_plants_non-redundant_pfms_meme.txt	MA0555.2	SVP	WWWCCAAAAAWGGAAA	2.50e-1	1.00e0	9.27e2	332	206	206	206	3	57	27.67	50	24.27
662	data/reference/motifs/JASPAR2026_CORE_plants_non-redundant_pfms_meme.txt	MA0548.3	AGL15	TTTCCWTTTTDGGWAA	3.12e-1	1.00e0	9.27e2	215	206	206	206	5	3	1.46	1	0.49
663	data/reference/motifs/JASPAR2026_CORE_plants_non-redundant_pfms_meme.txt	MA0005.3	AG	TTWCCWAAWHDGGHAA	3.09e-1	1.00e0	9.27e2	329	206	206	206	5	22	10.68	18	8.74
664	data/reference/motifs/JASPAR2026_CORE_plants_non-redundant_pfms_meme.txt	MA0001.3	AGL3	CCAWWWATAG	3.00e-1	1.00e0	9.27e2	408	206	206	206	2	200	97.09	197	95.63
665	data/reference/motifs/JASPAR2026_CORE_plants_non-redundant_pfms_meme.txt	MA1807.2	ZHD10	TAATTART	2.33e-1	1.00e0	9.27e2	385	206	206	206	5	74	35.92	66	32.04
666	data/reference/motifs/JASPAR2026_CORE_plants_non-redundant_pfms_meme.txt	MA1329.3	ZHD1	AYTAATTAA	1.17e-1	1.00e0	9.27e2	407	206	206	206	11	97	47.09	84	40.78
667	data/reference/motifs/JASPAR2026_CORE_plants_non-redundant_pfms_meme.txt	MA1824.2	Zm00001d005692	CAATAATT	1.87e-1	1.00e0	9.27e2	412	206	206	206	13	172	83.50	164	79.61
668	data/reference/motifs/JASPAR2026_CORE_plants_non-redundant_pfms_meme.txt	MA1757.2	HDG7	DCATTAAWTR	2.13e-1	1.00e0	9.27e2	397	206	206	206	4	121	58.74	112	54.37
669	data/reference/motifs/JASPAR2026_CORE_plants_non-redundant_pfms_meme.txt	MA1375.2	ANL2	GCATTAATTR	3.84e-1	1.00e0	9.27e2	385	206	206	206	4	99	48.06	95	46.12
670	data/reference/motifs/JASPAR2026_CORE_plants_non-redundant_pfms_meme.txt	MA1327.3	ATHB-23	TAATTAA	2.45e-1	1.00e0	9.27e2	393	206	206	206	5	101	49.03	93	45.15
671	data/reference/motifs/JASPAR2026_CORE_plants_non-redundant_pfms_meme.txt	MA1215.2	ATHB-53	CAATAATTG	2.77e-1	1.00e0	9.27e2	380	206	206	206	4	111	53.88	104	50.49
672	data/reference/motifs/JASPAR2026_CORE_plants_non-redundant_pfms_meme.txt	MA1198.2	HAT2	YAATCATT	1.11e-1	1.00e0	9.27e2	406	206	206	206	10	22	10.68	14	6.80
673	data/reference/motifs/JASPAR2026_CORE_plants_non-redundant_pfms_meme.txt	MA1026.3	ATHB-15	AWDRTAATGATKA	5.40e-1	1.00e0	9.27e2	338	206	206	206	2	125	60.68	125	60.68
674	data/reference/motifs/JASPAR2026_CORE_plants_non-redundant_pfms_meme.txt	MA0953.2	ATHB-6	CAATHAT	2.40e-1	1.00e0	9.27e2	412	206	206	206	61	85	41.26	77	37.38
675	data/reference/motifs/JASPAR2026_CORE_plants_non-redundant_pfms_meme.txt	MA0573.2	ATHB-9	GTAATGATTRCDYBS	9.01e-1	1.00e0	9.27e2	23	206	206	206	1	9	4.37	14	6.80
676	data/reference/motifs/JASPAR2026_CORE_plants_non-redundant_pfms_meme.txt	MA2020.2	HSFB4	GAAGTTTCCR	3.46e-1	1.00e0	9.27e2	341	206	206	206	2	115	55.83	110	53.40
677	data/reference/motifs/JASPAR2026_CORE_plants_non-redundant_pfms_meme.txt	MA2019.2	HSFA1B	GAAACTTC	5.73e-1	1.00e0	9.27e2	398	206	206	206	9	16	7.77	16	7.77
678	data/reference/motifs/JASPAR2026_CORE_plants_non-redundant_pfms_meme.txt	MA1761.2	HSFB3	AAGCTTCTAGAA	5.00e-1	1.00e0	9.27e2	333	206	206	206	1	167	81.07	166	80.58
679	data/reference/motifs/JASPAR2026_CORE_plants_non-redundant_pfms_meme.txt	MA1759.2	HSFA4A	AGAAGCTTCTAGAA	5.00e-1	1.00e0	9.27e2	176	206	206	206	4	3	1.46	2	0.97
680	data/reference/motifs/JASPAR2026_CORE_plants_non-redundant_pfms_meme.txt	MA1667.3	HSFC1	TTCYAGAA	2.60e-1	1.00e0	9.27e2	371	206	206	206	7	24	11.65	19	9.22
681	data/reference/motifs/JASPAR2026_CORE_plants_non-redundant_pfms_meme.txt	MA1666.3	HSFB2B	RGAAGSTTCTA	1.47e-1	1.00e0	9.27e2	277	206	206	206	1	144	69.90	133	64.56
682	data/reference/motifs/JASPAR2026_CORE_plants_non-redundant_pfms_meme.txt	MA1665.3	HSFB2A	RGAAGSTTCY	3.75e-1	1.00e0	9.27e2	284	206	206	206	6	6	2.91	4	1.94
683	data/reference/motifs/JASPAR2026_CORE_plants_non-redundant_pfms_meme.txt	MA0557.2	FHY3	CACGCGCT	1.78e-1	1.00e0	9.27e2	264	206	206	206	1	137	66.50	127	61.65
684	data/reference/motifs/JASPAR2026_CORE_plants_non-redundant_pfms_meme.txt	MA1318.2	WRKY27	CGTTGACTTTT	2.51e-1	1.00e0	9.27e2	182	206	206	206	2	22	10.68	17	8.25
685	data/reference/motifs/JASPAR2026_CORE_plants_non-redundant_pfms_meme.txt	MA1315.2	WRKY24	CGTTGACTTTT	2.72e-1	1.00e0	9.27e2	245	206	206	206	4	7	3.40	4	1.94
686	data/reference/motifs/JASPAR2026_CORE_plants_non-redundant_pfms_meme.txt	MA1314.2	WRKY14	AAAGTCAACG	2.49e-1	1.00e0	9.27e2	231	206	206	206	5	2	0.97	0	0.00
687	data/reference/motifs/JASPAR2026_CORE_plants_non-redundant_pfms_meme.txt	MA1312.2	WRKY47	CGTTGACYW	1.56e-1	1.00e0	9.27e2	323	206	206	206	4	23	11.17	16	7.77
688	data/reference/motifs/JASPAR2026_CORE_plants_non-redundant_pfms_meme.txt	MA1308.2	WRKY70	CGTTGACTTT	4.29e-1	1.00e0	9.27e2	136	206	206	206	2	18	8.74	16	7.77
689	data/reference/motifs/JASPAR2026_CORE_plants_non-redundant_pfms_meme.txt	MA1307.3	WRKY31	RGTCAACG	2.69e-1	1.00e0	9.27e2	358	206	206	206	3	78	37.86	71	34.47
690	data/reference/motifs/JASPAR2026_CORE_plants_non-redundant_pfms_meme.txt	MA1306.2	WRKY11	CGTTGACTTTT	7.57e-1	1.00e0	9.27e2	238	206	206	206	1	116	56.31	122	59.22
691	data/reference/motifs/JASPAR2026_CORE_plants_non-redundant_pfms_meme.txt	MA1304.2	WRKY59	AAAAGTCAAM	1.24e-1	1.00e0	9.27e2	366	206	206	206	8	3	1.46	0	0.00
692	data/reference/motifs/JASPAR2026_CORE_plants_non-redundant_pfms_meme.txt	MA1303.2	WRKY22	AAAGTCAACK	2.49e-1	1.00e0	9.27e2	229	206	206	206	5	2	0.97	0	0.00
693	data/reference/motifs/JASPAR2026_CORE_plants_non-redundant_pfms_meme.txt	MA1302.2	WRKY65	AAAGTCAACG	5.00e-1	1.00e0	9.27e2	281	206	206	206	4	9	4.37	8	3.88
694	data/reference/motifs/JASPAR2026_CORE_plants_non-redundant_pfms_meme.txt	MA1298.2	WRKY29	AAAGTCAAC	4.51e-1	1.00e0	9.27e2	330	206	206	206	1	166	80.58	164	79.61
695	data/reference/motifs/JASPAR2026_CORE_plants_non-redundant_pfms_meme.txt	MA1297.2	WRKY26	AAAAGTCAACG	5.00e-1	1.00e0	9.27e2	243	206	206	206	4	5	2.43	4	1.94
696	data/reference/motifs/JASPAR2026_CORE_plants_non-redundant_pfms_meme.txt	MA1296.2	WRKY46	CGTTGACTTT	1.86e-1	1.00e0	9.27e2	232	206	206	206	4	4	1.94	1	0.49
697	data/reference/motifs/JASPAR2026_CORE_plants_non-redundant_pfms_meme.txt	MA1295.2	WRKY20	CGTTGACY	2.49e-1	1.00e0	9.27e2	307	206	206	206	6	2	0.97	0	0.00
698	data/reference/motifs/JASPAR2026_CORE_plants_non-redundant_pfms_meme.txt	MA1094.3	WRKY8	AAAAGTCAACG	3.12e-1	1.00e0	9.27e2	274	206	206	206	5	3	1.46	1	0.49
699	data/reference/motifs/JASPAR2026_CORE_plants_non-redundant_pfms_meme.txt	MA1090.2	WRKY60	GGTCAAC	2.49e-1	1.00e0	9.27e2	349	206	206	206	7	2	0.97	0	0.00
700	data/reference/motifs/JASPAR2026_CORE_plants_non-redundant_pfms_meme.txt	MA1083.3	WRKY30	ARGTCAACG	1.31e-1	1.00e0	9.27e2	354	206	206	206	5	19	9.22	12	5.83
701	data/reference/motifs/JASPAR2026_CORE_plants_non-redundant_pfms_meme.txt	MA1081.3	WRKY25	RGTCAACG	3.11e-1	1.00e0	9.27e2	371	206	206	206	3	100	48.54	94	45.63
702	data/reference/motifs/JASPAR2026_CORE_plants_non-redundant_pfms_meme.txt	MA1078.2	WRKY2	GGTCAAM	1.74e-1	1.00e0	9.27e2	395	206	206	206	8	12	5.83	7	3.40
703	data/reference/motifs/JASPAR2026_CORE_plants_non-redundant_pfms_meme.txt	MA1076.3	WRKY15	RGTCAACG	3.11e-1	1.00e0	9.27e2	383	206	206	206	3	104	50.49	98	47.57
704	data/reference/motifs/JASPAR2026_CORE_plants_non-redundant_pfms_meme.txt	MA0589.2	WRKY1	TTGACCGAGY	4.22e-1	1.00e0	9.27e2	215	206	206	206	1	109	52.91	106	51.46
705	data/reference/motifs/JASPAR2026_CORE_plants_non-redundant_pfms_meme.txt	MA2053.2	NAC105	CAAGCAACC	2.33e-1	1.00e0	9.27e2	404	206	206	206	6	73	35.44	65	31.55
706	data/reference/motifs/JASPAR2026_CORE_plants_non-redundant_pfms_meme.txt	MA2051.2	NAC68	ACAAGTAW	1.44e-1	1.00e0	9.27e2	412	206	206	206	17	21	10.19	14	6.80
707	data/reference/motifs/JASPAR2026_CORE_plants_non-redundant_pfms_meme.txt	MA2050.2	NAC101	CAAGCAA	1.83e-1	1.00e0	9.27e2	412	206	206	206	9	127	61.65	117	56.80
708	data/reference/motifs/JASPAR2026_CORE_plants_non-redundant_pfms_meme.txt	MA2044.2	NAC007	CAAGCAA	1.46e-1	1.00e0	9.27e2	412	206	206	206	3	201	97.57	196	95.15
709	data/reference/motifs/JASPAR2026_CORE_plants_non-redundant_pfms_meme.txt	MA2036.2	NAC076	CAAGCAA	3.05e-1	1.00e0	9.27e2	412	206	206	206	6	171	83.01	166	80.58
710	data/reference/motifs/JASPAR2026_CORE_plants_non-redundant_pfms_meme.txt	MA2018.2	NAC69	ACAAGGCA	2.14e-1	1.00e0	9.27e2	407	206	206	206	6	96	46.60	87	42.23
711	data/reference/motifs/JASPAR2026_CORE_plants_non-redundant_pfms_meme.txt	MA2017.2	JUB1	ACGGCGA	1.67e-1	1.00e0	9.27e2	303	206	206	206	4	48	23.30	39	18.93
712	data/reference/motifs/JASPAR2026_CORE_plants_non-redundant_pfms_meme.txt	MA2010.2	SMB	CAAGCAA	3.62e-1	1.00e0	9.27e2	412	206	206	206	3	203	98.54	201	97.57
713	data/reference/motifs/JASPAR2026_CORE_plants_non-redundant_pfms_meme.txt	MA2009.2	NAC010	TAACTTGTDNHACAAGTTACC	6.88e-1	1.00e0	9.27e2	44	206	206	206	3	2	0.97	2	0.97
714	data/reference/motifs/JASPAR2026_CORE_plants_non-redundant_pfms_meme.txt	MA1786.2	NAC019	YACGBMA	1.36e-1	1.00e0	9.27e2	412	206	206	206	13	93	45.15	81	39.32
715	data/reference/motifs/JASPAR2026_CORE_plants_non-redundant_pfms_meme.txt	MA1045.2	NAC043	TWACGTAA	1.31e-1	1.00e0	9.27e2	396	206	206	206	3	136	66.02	124	60.19
716	data/reference/motifs/JASPAR2026_CORE_plants_non-redundant_pfms_meme.txt	MA1043.2	NAC083	YACGYAA	5.82e-1	1.00e0	9.27e2	143	206	206	206	1	71	34.47	72	34.95
717	data/reference/motifs/JASPAR2026_CORE_plants_non-redundant_pfms_meme.txt	MA1414.2	E2FA	GCGCCA	1.39e-1	1.00e0	9.27e2	368	206	206	206	3	110	53.40	98	47.57
718	data/reference/motifs/JASPAR2026_CORE_plants_non-redundant_pfms_meme.txt	MA1813.2	EIL4	TWCAATGAA	4.50e-1	1.00e0	9.27e2	402	206	206	206	8	41	19.90	39	18.93
719	data/reference/motifs/JASPAR2026_CORE_plants_non-redundant_pfms_meme.txt	MA1682.2	TCX3	AAATTCAAATWT	1.90e-1	1.00e0	9.27e2	406	206	206	206	13	8	3.88	4	1.94
720	data/reference/motifs/JASPAR2026_CORE_plants_non-redundant_pfms_meme.txt	MA0969.2	CAMTA2	VCGCGT	1.89e-1	1.00e0	9.27e2	396	206	206	206	3	171	83.01	163	79.13
721	data/reference/motifs/JASPAR2026_CORE_plants_non-redundant_pfms_meme.txt	MA2016.2	GRF6	TCTGACA	2.49e-1	1.00e0	9.27e2	187	206	206	206	5	2	0.97	0	0.00
722	data/reference/motifs/JASPAR2026_CORE_plants_non-redundant_pfms_meme.txt	MA1801.2	TREE1	AGCTD	2.14e-1	1.00e0	9.27e2	412	206	206	206	31	158	76.70	150	72.82
723	data/reference/motifs/JASPAR2026_CORE_plants_non-redundant_pfms_meme.txt	MA1415.2	REF6	RAAACAGAG	1.86e-1	1.00e0	9.27e2	332	206	206	206	7	4	1.94	1	0.49
724	data/reference/motifs/JASPAR2026_CORE_plants_non-redundant_pfms_meme.txt	MA1372.2	ZAT10	CACTNHCACT	5.00e-1	1.00e0	9.27e2	412	206	206	206	18	5	2.43	4	1.94
725	data/reference/motifs/JASPAR2026_CORE_plants_non-redundant_pfms_meme.txt	MA1743.2	BZIP2	TGCTGACGTGGCA	6.12e-1	1.00e0	9.27e2	57	206	206	206	1	28	13.59	29	14.08
726	data/reference/motifs/JASPAR2026_CORE_plants_non-redundant_pfms_meme.txt	MA1340.2	BZIP3	TGMTGACGTGGCA	6.40e-1	1.00e0	9.27e2	90	206	206	206	1	44	21.36	46	22.33
727	data/reference/motifs/JASPAR2026_CORE_plants_non-redundant_pfms_meme.txt	MA1334.2	BZIP11	TGCCACGTCAGCA	5.58e-1	1.00e0	9.27e2	54	206	206	206	1	27	13.11	27	13.11
728	data/reference/motifs/JASPAR2026_CORE_plants_non-redundant_pfms_meme.txt	MA1803.2	VIP1	TGMCAGCTGT	4.60e-1	1.00e0	9.27e2	180	206	206	206	1	91	44.17	89	43.20
729	data/reference/motifs/JASPAR2026_CORE_plants_non-redundant_pfms_meme.txt	MA1744.2	BZIP30	GMCAGCTGK	1.81e-1	1.00e0	9.27e2	396	206	206	206	6	85	41.26	75	36.41
730	data/reference/motifs/JASPAR2026_CORE_plants_non-redundant_pfms_meme.txt	MA0551.2	HY5	TGMCACGTGKCA	5.00e-1	1.00e0	9.27e2	78	206	206	206	6	2	0.97	1	0.49
731	data/reference/motifs/JASPAR2026_CORE_plants_non-redundant_pfms_meme.txt	MA0968.3	BZIP68	TGCCACGTSA	3.45e-1	1.00e0	9.27e2	173	206	206	206	1	89	43.20	84	40.78
732	data/reference/motifs/JASPAR2026_CORE_plants_non-redundant_pfms_meme.txt	MA1835.2	TFLG2-Zm00001d042777	GTACGTAC	1.24e-1	1.00e0	9.27e2	312	206	206	206	12	3	1.46	0	0.00
733	data/reference/motifs/JASPAR2026_CORE_plants_non-redundant_pfms_meme.txt	MA1070.3	TGA7	ATGACGTCAB	2.18e-1	1.00e0	9.27e2	173	206	206	206	2	59	28.64	51	24.76
734	data/reference/motifs/JASPAR2026_CORE_plants_non-redundant_pfms_meme.txt	MA1047.3	TGA5	ATGACGTCA	1.57e-1	1.00e0	9.27e2	315	206	206	206	3	88	42.72	77	37.38
735	data/reference/motifs/JASPAR2026_CORE_plants_non-redundant_pfms_meme.txt	MA0588.2	TGA1	SVTGACGT	1.96e-1	1.00e0	9.27e2	378	206	206	206	7	14	6.80	9	4.37
736	data/reference/motifs/JASPAR2026_CORE_plants_non-redundant_pfms_meme.txt	MA1417.2	O2	TGCCACGTCATC	4.17e-1	1.00e0	9.27e2	135	206	206	206	1	69	33.50	66	32.04
737	data/reference/motifs/JASPAR2026_CORE_plants_non-redundant_pfms_meme.txt	MA1344.2	BZIP28	TSACGTGGCA	3.42e-1	1.00e0	9.27e2	168	206	206	206	2	34	16.50	30	14.56
738	data/reference/motifs/JASPAR2026_CORE_plants_non-redundant_pfms_meme.txt	MA0941.2	ABF2	ACACGTG	2.33e-1	1.00e0	9.27e2	400	206	206	206	8	74	35.92	66	32.04
739	data/reference/motifs/JASPAR2026_CORE_plants_non-redundant_pfms_meme.txt	MA1822.2	Zm00001d018571	GTACGTAC	4.00e-1	1.00e0	9.27e2	343	206	206	206	11	9	4.37	7	3.40
740	data/reference/motifs/JASPAR2026_CORE_plants_non-redundant_pfms_meme.txt	MA1063.2	TCP19	GGSCCCAC	1.14e-1	1.00e0	9.27e2	392	206	206	206	4	130	63.11	117	56.80
741	data/reference/motifs/JASPAR2026_CORE_plants_non-redundant_pfms_meme.txt	MA1333.2	BEH3	YGCACGTGTG	5.80e-1	1.00e0	9.27e2	60	206	206	206	2	13	6.31	13	6.31
742	data/reference/motifs/JASPAR2026_CORE_plants_non-redundant_pfms_meme.txt	MA0550.3	BZR1	CRCACGTGYR	6.38e-1	1.00e0	9.27e2	68	206	206	206	3	4	1.94	4	1.94
743	data/reference/motifs/JASPAR2026_CORE_plants_non-redundant_pfms_meme.txt	MA0549.2	BZR2	RCACGTGKSV	5.88e-1	1.00e0	9.27e2	109	206	206	206	1	54	26.21	55	26.70
744	data/reference/motifs/JASPAR2026_CORE_plants_non-redundant_pfms_meme.txt	MA1739.2	BHLH122	CMACTTG	2.08e-1	1.00e0	9.27e2	276	206	206	206	5	9	4.37	5	2.43
745	data/reference/motifs/JASPAR2026_CORE_plants_non-redundant_pfms_meme.txt	MA1411.2	TSAR1	GCACGTGC	2.49e-1	1.00e0	9.27e2	165	206	206	206	12	2	0.97	0	0.00
746	data/reference/motifs/JASPAR2026_CORE_plants_non-redundant_pfms_meme.txt	MA1362.2	bHLH77	DWNGBCACGTGM	3.78e-1	1.00e0	9.27e2	144	206	206	206	1	74	35.92	70	33.98
747	data/reference/motifs/JASPAR2026_CORE_plants_non-redundant_pfms_meme.txt	MA1359.3	BPE	CACGTG	1.85e-1	1.00e0	9.27e2	234	206	206	206	2	122	59.22	112	54.37
748	data/reference/motifs/JASPAR2026_CORE_plants_non-redundant_pfms_meme.txt	MA1358.2	bHLH130	CMACTTGC	1.97e-1	1.00e0	9.27e2	227	206	206	206	3	22	10.68	16	7.77
749	data/reference/motifs/JASPAR2026_CORE_plants_non-redundant_pfms_meme.txt	MA1025.2	HBI1	GCACGTG	1.74e-1	1.00e0	9.27e2	324	206	206	206	6	12	5.83	7	3.40
750	data/reference/motifs/JASPAR2026_CORE_plants_non-redundant_pfms_meme.txt	MA0966.2	BIM3	CACGTG	3.43e-1	1.00e0	9.27e2	407	206	206	206	32	4	1.94	2	0.97
751	data/reference/motifs/JASPAR2026_CORE_plants_non-redundant_pfms_meme.txt	MA0962.2	bHLH34	GCACGTG	1.31e-1	1.00e0	9.27e2	273	206	206	206	2	82	39.81	70	33.98
752	data/reference/motifs/JASPAR2026_CORE_plants_non-redundant_pfms_meme.txt	MA0961.2	bHLH112	CCACTTG	5.00e-1	1.00e0	9.27e2	81	206	206	206	2	9	4.37	8	3.88
753	data/reference/motifs/JASPAR2026_CORE_plants_non-redundant_pfms_meme.txt	MA0956.2	BEE2	CACGTG	1.24e-1	1.00e0	9.27e2	411	206	206	206	42	3	1.46	0	0.00
754	data/reference/motifs/JASPAR2026_CORE_plants_non-redundant_pfms_meme.txt	MA0568.2	MYC3	CACGTG	2.49e-1	1.00e0	9.27e2	389	206	206	206	24	2	0.97	0	0.00
755	data/reference/motifs/JASPAR2026_CORE_plants_non-redundant_pfms_meme.txt	MA0582.2	RAV1	GCAACA	3.43e-1	1.00e0	9.27e2	406	206	206	206	18	4	1.94	2	0.97
756	data/reference/motifs/JASPAR2026_CORE_plants_non-redundant_pfms_meme.txt	MA1698.2	ARF7	GCCGACAAG	5.00e-1	1.00e0	9.27e2	326	206	206	206	11	3	1.46	2	0.97
757	data/reference/motifs/JASPAR2026_CORE_plants_non-redundant_pfms_meme.txt	MA1697.2	ARF4	ACGACAAG	1.69e-1	1.00e0	9.27e2	401	206	206	206	12	7	3.40	3	1.46
758	data/reference/motifs/JASPAR2026_CORE_plants_non-redundant_pfms_meme.txt	MA1694.2	ARF35	CCCGACAAG	2.97e-1	1.00e0	9.27e2	345	206	206	206	1	175	84.95	170	82.52
759	data/reference/motifs/JASPAR2026_CORE_plants_non-redundant_pfms_meme.txt	MA1692.2	ARF29	GCCGACAA	2.23e-1	1.00e0	9.27e2	371	206	206	206	9	10	4.85	6	2.91
760	data/reference/motifs/JASPAR2026_CORE_plants_non-redundant_pfms_meme.txt	MA1688.2	ARF16	CAAGACAAGA	1.00e-1	1.00e0	9.27e2	410	206	206	206	10	70	33.98	57	27.67
761	data/reference/motifs/JASPAR2026_CORE_plants_non-redundant_pfms_meme.txt	MA1206.2	ARF2	SMGACA	1.08e-1	1.00e0	9.27e2	409	206	206	206	17	16	7.77	9	4.37
762	data/reference/motifs/JASPAR2026_CORE_plants_non-redundant_pfms_meme.txt	MA0944.2	ARF8	TGTCGG	1.24e-1	1.00e0	9.27e2	412	206	206	206	31	3	1.46	0	0.00
763	data/reference/motifs/JASPAR2026_CORE_plants_non-redundant_pfms_meme.txt	MA0943.2	ARF5	RCCGACA	2.85e-1	1.00e0	9.27e2	370	206	206	206	7	17	8.25	13	6.31
764	data/reference/motifs/JASPAR2026_CORE_plants_non-redundant_pfms_meme.txt	MA0942.2	ARF1	ACCGACA	3.50e-1	1.00e0	9.27e2	307	206	206	206	5	16	7.77	13	6.31
765	data/reference/motifs/JASPAR2026_CORE_plants_non-redundant_pfms_meme.txt	MA0581.2	LEC2	CATGCR	5.00e-1	1.00e0	9.27e2	323	206	206	206	8	1	0.49	0	0.00
766	data/reference/motifs/JASPAR2026_CORE_plants_non-redundant_pfms_meme.txt	MA0564.2	ABI3	GCATGC	1.10e-1	1.00e0	9.27e2	389	206	206	206	18	8	3.88	3	1.46
767	data/reference/motifs/JASPAR2026_CORE_plants_non-redundant_pfms_meme.txt	MA2013.2	ERF115	YCGCCGCCGCM	6.57e-1	1.00e0	9.27e2	107	206	206	206	6	3	1.46	3	1.46
768	data/reference/motifs/JASPAR2026_CORE_plants_non-redundant_pfms_meme.txt	MA2011.2	ERF010	CACCGACA	3.84e-1	1.00e0	9.27e2	317	206	206	206	2	106	51.46	102	49.51
769	data/reference/motifs/JASPAR2026_CORE_plants_non-redundant_pfms_meme.txt	MA1831.2	Zm00001d031796	GACGGCGACG	4.05e-1	1.00e0	9.27e2	232	206	206	206	7	10	4.85	8	3.88
770	data/reference/motifs/JASPAR2026_CORE_plants_non-redundant_pfms_meme.txt	MA1820.2	Zm00001d024324	CGCCGCCGC	2.41e-1	1.00e0	9.27e2	164	206	206	206	1	86	41.75	78	37.86
771	data/reference/motifs/JASPAR2026_CORE_plants_non-redundant_pfms_meme.txt	MA1819.2	Zm00001d005892	CGCCGCCG	3.39e-1	1.00e0	9.27e2	207	206	206	206	2	73	35.44	68	33.01
772	data/reference/motifs/JASPAR2026_CORE_plants_non-redundant_pfms_meme.txt	MA1817.2	Zm00001d020267	CGCCGCCGCC	3.05e-1	1.00e0	9.27e2	154	206	206	206	1	80	38.83	74	35.92
773	data/reference/motifs/JASPAR2026_CORE_plants_non-redundant_pfms_meme.txt	MA1795.2	RAP2-4	CRCCGACC	1.81e-1	1.00e0	9.27e2	407	206	206	206	5	159	77.18	150	72.82
774	data/reference/motifs/JASPAR2026_CORE_plants_non-redundant_pfms_meme.txt	MA1753.2	ERF057	CCDCCDCCRCCGCC	4.23e-1	1.00e0	9.27e2	120	206	206	206	3	15	7.28	13	6.31
775	data/reference/motifs/JASPAR2026_CORE_plants_non-redundant_pfms_meme.txt	MA1752.2	ERF025	YGCCGACA	7.51e-1	1.00e0	9.27e2	178	206	206	206	8	1	0.49	1	0.49
776	data/reference/motifs/JASPAR2026_CORE_plants_non-redundant_pfms_meme.txt	MA1748.2	DREB1F	GCCGAC	1.87e-1	1.00e0	9.27e2	359	206	206	206	2	155	75.24	146	70.87
777	data/reference/motifs/JASPAR2026_CORE_plants_non-redundant_pfms_meme.txt	MA1679.2	RAP2-1	CACCGACA	3.40e-1	1.00e0	9.27e2	285	206	206	206	5	14	6.80	11	5.34
778	data/reference/motifs/JASPAR2026_CORE_plants_non-redundant_pfms_meme.txt	MA1671.2	ERF118	CCGCCGCC	4.22e-1	1.00e0	9.27e2	187	206	206	206	1	95	46.12	92	44.66
779	data/reference/motifs/JASPAR2026_CORE_plants_non-redundant_pfms_meme.txt	MA1670.2	DREB1C	GCCGACAT	5.00e-1	1.00e0	9.27e2	325	206	206	206	10	2	0.97	1	0.49
780	data/reference/motifs/JASPAR2026_CORE_plants_non-redundant_pfms_meme.txt	MA1669.2	DREB1B	GCCGACAT	8.39e-1	1.00e0	9.27e2	304	206	206	206	6	7	3.40	10	4.85
781	data/reference/motifs/JASPAR2026_CORE_plants_non-redundant_pfms_meme.txt	MA1424.2	ERF019	CCACCGACA	3.73e-1	1.00e0	9.27e2	122	206	206	206	1	63	30.58	59	28.64
782	data/reference/motifs/JASPAR2026_CORE_plants_non-redundant_pfms_meme.txt	MA1265.3	ERF015	CACCGACA	2.23e-1	1.00e0	9.27e2	276	206	206	206	6	10	4.85	6	2.91
783	data/reference/motifs/JASPAR2026_CORE_plants_non-redundant_pfms_meme.txt	MA1263.2	ERF055	KGKCGGTGG	3.84e-1	1.00e0	9.27e2	161	206	206	206	2	28	13.59	25	12.14
784	data/reference/motifs/JASPAR2026_CORE_plants_non-redundant_pfms_meme.txt	MA1262.2	ERF2	CCDCCGCCGCCRY	3.68e-1	1.00e0	9.27e2	108	206	206	206	1	56	27.18	52	25.24
785	data/reference/motifs/JASPAR2026_CORE_plants_non-redundant_pfms_meme.txt	MA1261.2	ERF122	TRCGGCKGHG	3.40e-1	1.00e0	9.27e2	266	206	206	206	5	14	6.80	11	5.34
786	data/reference/motifs/JASPAR2026_CORE_plants_non-redundant_pfms_meme.txt	MA1258.2	DREB2A	AWGKCGGTG	4.00e-1	1.00e0	9.27e2	163	206	206	206	3	9	4.37	7	3.40
787	data/reference/motifs/JASPAR2026_CORE_plants_non-redundant_pfms_meme.txt	MA1253.2	ERF036	TGTCGGTG	3.79e-1	1.00e0	9.27e2	262	206	206	206	1	133	64.56	129	62.62
788	data/reference/motifs/JASPAR2026_CORE_plants_non-redundant_pfms_meme.txt	MA1252.2	ERF086	CCKCCGCCGY	5.00e-1	1.00e0	9.27e2	99	206	206	206	1	50	24.27	49	23.79
789	data/reference/motifs/JASPAR2026_CORE_plants_non-redundant_pfms_meme.txt	MA1250.2	DREB2D	CCDCCDCCACCGCC	4.33e-1	1.00e0	9.27e2	153	206	206	206	3	20	9.71	18	8.74
790	data/reference/motifs/JASPAR2026_CORE_plants_non-redundant_pfms_meme.txt	MA1248.2	ERF012	CCACCGMC	4.49e-1	1.00e0	9.27e2	196	206	206	206	2	38	18.45	36	17.48
791	data/reference/motifs/JASPAR2026_CORE_plants_non-redundant_pfms_meme.txt	MA1247.2	ERF087	GRCGGCGGMG	6.07e-1	1.00e0	9.27e2	92	206	206	206	3	7	3.40	7	3.40
792	data/reference/motifs/JASPAR2026_CORE_plants_non-redundant_pfms_meme.txt	MA1246.2	LEP	CKCCGCCGYC	3.68e-1	1.00e0	9.27e2	142	206	206	206	3	21	10.19	18	8.74
793	data/reference/motifs/JASPAR2026_CORE_plants_non-redundant_pfms_meme.txt	MA1245.3	ERF112	CCGCCGCCR	3.20e-1	1.00e0	9.27e2	217	206	206	206	5	11	5.34	8	3.88
794	data/reference/motifs/JASPAR2026_CORE_plants_non-redundant_pfms_meme.txt	MA1243.2	DREB2E	MACCGACWTW	6.54e-1	1.00e0	9.27e2	100	206	206	206	2	13	6.31	14	6.80
795	data/reference/motifs/JASPAR2026_CORE_plants_non-redundant_pfms_meme.txt	MA1240.2	ERF077	CCGCCGCCRY	5.00e-1	1.00e0	9.27e2	139	206	206	206	1	70	33.98	69	33.50
796	data/reference/motifs/JASPAR2026_CORE_plants_non-redundant_pfms_meme.txt	MA1239.2	ERF104	CCDCCDCCGCCGCCRY	6.57e-1	1.00e0	9.27e2	75	206	206	206	4	3	1.46	3	1.46
797	data/reference/motifs/JASPAR2026_CORE_plants_non-redundant_pfms_meme.txt	MA1238.3	ERF038	CACCGACA	1.37e-1	1.00e0	9.27e2	279	206	206	206	5	14	6.80	8	3.88
798	data/reference/motifs/JASPAR2026_CORE_plants_non-redundant_pfms_meme.txt	MA1234.2	ERF017	TGGWCGGTG	3.84e-1	1.00e0	9.27e2	200	206	206	206	1	102	49.51	98	47.57
799	data/reference/motifs/JASPAR2026_CORE_plants_non-redundant_pfms_meme.txt	MA1233.3	ERF021	CGCCGACA	2.05e-1	1.00e0	9.27e2	324	206	206	206	7	15	7.28	10	4.85
800	data/reference/motifs/JASPAR2026_CORE_plants_non-redundant_pfms_meme.txt	MA1232.2	ERF054	GDCGGYGG	3.07e-1	1.00e0	9.27e2	252	206	206	206	1	129	62.62	123	59.71
801	data/reference/motifs/JASPAR2026_CORE_plants_non-redundant_pfms_meme.txt	MA1231.3	ERF15	MGCCGCCD	5.00e-1	1.00e0	9.27e2	213	206	206	206	5	6	2.91	5	2.43
802	data/reference/motifs/JASPAR2026_CORE_plants_non-redundant_pfms_meme.txt	MA1230.2	ERF037	YCACCGACA	5.46e-1	1.00e0	9.27e2	100	206	206	206	1	50	24.27	50	24.27
803	data/reference/motifs/JASPAR2026_CORE_plants_non-redundant_pfms_meme.txt	MA1229.2	ERF034	TGTCGGTGR	6.68e-1	1.00e0	9.27e2	119	206	206	206	1	58	28.16	61	29.61
804	data/reference/motifs/JASPAR2026_CORE_plants_non-redundant_pfms_meme.txt	MA1227.3	ERF027	RCCGACA	3.68e-1	1.00e0	9.27e2	341	206	206	206	6	21	10.19	18	8.74
805	data/reference/motifs/JASPAR2026_CORE_plants_non-redundant_pfms_meme.txt	MA1220.2	TINY	YCACCGACA	5.00e-1	1.00e0	9.27e2	130	206	206	206	2	19	9.22	18	8.74
806	data/reference/motifs/JASPAR2026_CORE_plants_non-redundant_pfms_meme.txt	MA1219.3	ERF011	CACCGAC	4.17e-1	1.00e0	9.27e2	323	206	206	206	3	69	33.50	66	32.04
807	data/reference/motifs/JASPAR2026_CORE_plants_non-redundant_pfms_meme.txt	MA1218.2	DREB1D	ATGTCGGY	6.24e-1	1.00e0	9.27e2	119	206	206	206	2	22	10.68	23	11.17
808	data/reference/motifs/JASPAR2026_CORE_plants_non-redundant_pfms_meme.txt	MA1010.2	PHYPADRAFT_64121	TGTCGGTA	1.61e-1	1.00e0	9.27e2	397	206	206	206	10	11	5.34	6	2.91
809	data/reference/motifs/JASPAR2026_CORE_plants_non-redundant_pfms_meme.txt	MA1005.3	ERF082	CCGCCGCCR	3.74e-1	1.00e0	9.27e2	202	206	206	206	3	23	11.17	20	9.71
810	data/reference/motifs/JASPAR2026_CORE_plants_non-redundant_pfms_meme.txt	MA1004.2	ERF13	SGCCGCC	4.05e-1	1.00e0	9.27e2	219	206	206	206	7	10	4.85	8	3.88
811	data/reference/motifs/JASPAR2026_CORE_plants_non-redundant_pfms_meme.txt	MA1001.4	ERF076	CCGCCGCCRC	2.77e-1	1.00e0	9.27e2	191	206	206	206	1	99	48.06	92	44.66
812	data/reference/motifs/JASPAR2026_CORE_plants_non-redundant_pfms_meme.txt	MA1000.3	ERF105	RYGGCGGCGG	4.00e-1	1.00e0	9.27e2	77	206	206	206	1	40	19.42	37	17.96
813	data/reference/motifs/JASPAR2026_CORE_plants_non-redundant_pfms_meme.txt	MA0998.2	ERF096	GCCGCC	1.37e-1	1.00e0	9.27e2	390	206	206	206	1	198	96.12	192	93.20
814	data/reference/motifs/JASPAR2026_CORE_plants_non-redundant_pfms_meme.txt	MA0997.2	ERF069	GCCG	1.86e-1	1.00e0	9.27e2	412	206	206	206	75	4	1.94	1	0.49
815	data/reference/motifs/JASPAR2026_CORE_plants_non-redundant_pfms_meme.txt	MA0995.3	ERF039	RCCGACA	2.33e-1	1.00e0	9.27e2	359	206	206	206	6	30	14.56	24	11.65
816	data/reference/motifs/JASPAR2026_CORE_plants_non-redundant_pfms_meme.txt	MA0994.3	ERF8	TGRCGGCGGCG	4.19e-1	1.00e0	9.27e2	147	206	206	206	1	75	36.41	72	34.95
817	data/reference/motifs/JASPAR2026_CORE_plants_non-redundant_pfms_meme.txt	MA0993.2	ERF7	GCCG	2.36e-1	1.00e0	9.27e2	411	206	206	206	13	165	80.10	158	76.70
818	data/reference/motifs/JASPAR2026_CORE_plants_non-redundant_pfms_meme.txt	MA0992.3	ERF4	CCGCCGYCA	2.04e-1	1.00e0	9.27e2	190	206	206	206	2	50	24.27	42	20.39
819	data/reference/motifs/JASPAR2026_CORE_plants_non-redundant_pfms_meme.txt	MA0980.3	RAP2-10	RCCGACA	6.25e-1	1.00e0	9.27e2	319	206	206	206	7	5	2.43	5	2.43
820	data/reference/motifs/JASPAR2026_CORE_plants_non-redundant_pfms_meme.txt	MA0976.3	CRF4	CCGCCGCCRC	3.12e-1	1.00e0	9.27e2	177	206	206	206	9	3	1.46	1	0.49
821	data/reference/motifs/JASPAR2026_CORE_plants_non-redundant_pfms_meme.txt	MA0971.2	DREB1A	ATGTCGGY	6.95e-1	1.00e0	9.27e2	312	206	206	206	4	36	17.48	39	18.93
822	data/reference/motifs/JASPAR2026_CORE_plants_non-redundant_pfms_meme.txt	MA1751.2	EIL3	AGRTWCAT	1.86e-1	1.00e0	9.27e2	407	206	206	206	1	205	99.51	202	98.06
823	data/reference/motifs/JASPAR2026_CORE_plants_non-redundant_pfms_meme.txt	MA1376.2	DEAR3	CRCCGMC	1.69e-1	1.00e0	9.27e2	403	206	206	206	12	49	23.79	40	19.42
824	data/reference/motifs/JASPAR2026_CORE_plants_non-redundant_pfms_meme.txt	MA2454.1	SPL8D1	ATAGTACATA	1.17e-1	1.00e0	9.27e2	411	206	206	206	8	98	47.57	85	41.26
825	data/reference/motifs/JASPAR2026_CORE_plants_non-redundant_pfms_meme.txt	MA2449.1	SPL6A	GCGGTAGTACC	2.79e-1	1.00e0	9.27e2	197	206	206	206	3	16	7.77	12	5.83
826	data/reference/motifs/JASPAR2026_CORE_plants_non-redundant_pfms_meme.txt	MA2441.1	SPL3A	AGCGGTACTACC	3.62e-1	1.00e0	9.27e2	209	206	206	206	2	49	23.79	45	21.84
827	data/reference/motifs/JASPAR2026_CORE_plants_non-redundant_pfms_meme.txt	MA2440.1	SPL2B	GCGGTASTACCGC	5.00e-1	1.00e0	9.27e2	71	206	206	206	3	3	1.46	2	0.97
828	data/reference/motifs/JASPAR2026_CORE_plants_non-redundant_pfms_meme.txt	MA2438.1	SPL1D	GCRGTASTACCGCT	5.86e-1	1.00e0	9.27e2	65	206	206	206	2	11	5.34	11	5.34
829	data/reference/motifs/JASPAR2026_CORE_plants_non-redundant_pfms_meme.txt	MA2435.1	SPL16D	GCGGTASTACCGC	3.62e-1	1.00e0	9.27e2	89	206	206	206	3	5	2.43	3	1.46
830	data/reference/motifs/JASPAR2026_CORE_plants_non-redundant_pfms_meme.txt	MA2433.1	SPL15D	GCGGTACTAC	1.54e-1	1.00e0	9.27e2	261	206	206	206	2	82	39.81	71	34.47
831	data/reference/motifs/JASPAR2026_CORE_plants_non-redundant_pfms_meme.txt	MA2425.1	SPL11A	SCGGTACTACCG	2.40e-1	1.00e0	9.27e2	165	206	206	206	2	32	15.53	26	12.62
832	data/reference/motifs/JASPAR2026_CORE_plants_non-redundant_pfms_meme.txt	MA2424.1	OsbZIP77	TGCCACGTCABC	4.54e-1	1.00e0	9.27e2	96	206	206	206	1	49	23.79	47	22.82
833	data/reference/motifs/JASPAR2026_CORE_plants_non-redundant_pfms_meme.txt	MA2423.1	OsbZIP69	GMTGACGTGGCA	6.66e-1	1.00e0	9.27e2	105	206	206	206	2	11	5.34	12	5.83
834	data/reference/motifs/JASPAR2026_CORE_plants_non-redundant_pfms_meme.txt	MA2422.1	OsbZIP42	TGMCACGTCA	1.96e-1	1.00e0	9.27e2	340	206	206	206	6	14	6.80	9	4.37
835	data/reference/motifs/JASPAR2026_CORE_plants_non-redundant_pfms_meme.txt	MA2419.1	UB3	GAAGTACAAC	1.29e-1	1.00e0	9.27e2	404	206	206	206	4	139	67.48	127	61.65
836	data/reference/motifs/JASPAR2026_CORE_plants_non-redundant_pfms_meme.txt	MA2418.1	IG1	CTGCCGCCA	1.97e-1	1.00e0	9.27e2	285	206	206	206	1	147	71.36	138	66.99
837	data/reference/motifs/JASPAR2026_CORE_plants_non-redundant_pfms_meme.txt	MA2417.1	EREB71	CACCGVCYMC	1.90e-1	1.00e0	9.27e2	200	206	206	206	6	8	3.88	4	1.94
838	data/reference/motifs/JASPAR2026_CORE_plants_non-redundant_pfms_meme.txt	MA2416.1	EREB29	GCCGCCGCCC	5.00e-1	1.00e0	9.27e2	150	206	206	206	6	7	3.40	6	2.91
839	data/reference/motifs/JASPAR2026_CORE_plants_non-redundant_pfms_meme.txt	MA2415.1	EREB138	CMGCCGCCAT	2.17e-1	1.00e0	9.27e2	250	206	206	206	3	39	18.93	32	15.53
840	data/reference/motifs/JASPAR2026_CORE_plants_non-redundant_pfms_meme.txt	MA2414.1	EREB127	TGCCGACA	2.34e-1	1.00e0	9.27e2	229	206	206	206	4	19	9.22	14	6.80
841	data/reference/motifs/JASPAR2026_CORE_plants_non-redundant_pfms_meme.txt	MA2411.1	ZmbZIP57	ATGATGTCAT	2.38e-1	1.00e0	9.27e2	392	206	206	206	3	133	64.56	125	60.68
842	data/reference/motifs/JASPAR2026_CORE_plants_non-redundant_pfms_meme.txt	MA2409.1	ZmbZIP25	GATGACATCA	2.35e-1	1.00e0	9.27e2	379	206	206	206	4	77	37.38	69	33.50
843	data/reference/motifs/JASPAR2026_CORE_plants_non-redundant_pfms_meme.txt	MA2407.1	PK24978.1	CACGTGT	1.71e-1	1.00e0	9.27e2	412	206	206	206	10	178	86.41	170	82.52
844	data/reference/motifs/JASPAR2026_CORE_plants_non-redundant_pfms_meme.txt	MA2404.1	OsTRBF3	WRMCCTA	5.00e-1	1.00e0	9.27e2	412	206	206	206	26	3	1.46	2	0.97
845	data/reference/motifs/JASPAR2026_CORE_plants_non-redundant_pfms_meme.txt	MA2402.1	OsERF104	GCCGY	2.35e-1	1.00e0	9.27e2	407	206	206	206	9	76	36.89	68	33.01
846	data/reference/motifs/JASPAR2026_CORE_plants_non-redundant_pfms_meme.txt	MA2398.1	AS2	CGGCGGMRRHDRCGGCGG	6.58e-1	1.00e0	9.27e2	64	206	206	206	1	31	15.05	33	16.02
847	data/reference/motifs/JASPAR2026_CORE_plants_non-redundant_pfms_meme.txt	MA2397.1	ILR3	CACGTG	1.86e-1	1.00e0	9.27e2	412	206	206	206	46	4	1.94	1	0.49
848	data/reference/motifs/JASPAR2026_CORE_plants_non-redundant_pfms_meme.txt	MA2395.1	PHYPA_011264	CACCGACM	6.74e-1	1.00e0	9.27e2	164	206	206	206	2	24	11.65	26	12.62
849	data/reference/motifs/JASPAR2026_CORE_plants_non-redundant_pfms_meme.txt	MA2391.1	Lg3	TGACRKC	1.45e-1	1.00e0	9.27e2	410	206	206	206	3	185	89.81	177	85.92
850	data/reference/motifs/JASPAR2026_CORE_plants_non-redundant_pfms_meme.txt	MA2390.1	GLYMA19G26560	GGSCCCAC	1.12e-1	1.00e0	9.27e2	363	206	206	206	4	86	41.75	73	35.44
851	data/reference/motifs/JASPAR2026_CORE_plants_non-redundant_pfms_meme.txt	MA2389.1	GBF1	ACGTGKM	9.37e-2	1.00e0	9.27e2	412	206	206	206	6	190	92.23	181	87.86
852	data/reference/motifs/JASPAR2026_CORE_plants_non-redundant_pfms_meme.txt	MA2388.1	GATA1	AGATCTRRWT	6.88e-1	1.00e0	9.27e2	318	206	206	206	12	2	0.97	2	0.97
853	data/reference/motifs/JASPAR2026_CORE_plants_non-redundant_pfms_meme.txt	MA2382.1	e_gw1.209.40.1	CACGTG	1.24e-1	1.00e0	9.27e2	398	206	206	206	26	3	1.46	0	0.00
854	data/reference/motifs/JASPAR2026_CORE_plants_non-redundant_pfms_meme.txt	MA2378.1	CRF3	GCCG	2.35e-1	1.00e0	9.27e2	412	206	206	206	10	199	96.60	195	94.66
855	data/reference/motifs/JASPAR2026_CORE_plants_non-redundant_pfms_meme.txt	MA2375.1	BMY2	SRCACGTGTGR	4.48e-1	1.00e0	9.27e2	72	206	206	206	1	37	17.96	35	16.99
856	data/reference/motifs/JASPAR2026_CORE_plants_non-redundant_pfms_meme.txt	MA2374.1	AHL13	ATATAATT	1.37e-1	1.00e0	9.27e2	412	206	206	206	136	14	6.80	8	3.88
857	data/reference/motifs/JASPAR2026_CORE_plants_non-redundant_pfms_meme.txt	MA2370.1	MBD2	AGCTD	2.14e-1	1.00e0	9.27e2	412	206	206	206	31	158	76.70	150	72.82
858	data/reference/motifs/JASPAR2026_CORE_plants_non-redundant_pfms_meme.txt	MA2366.1	VOZ2	GCGT	1.42e-1	1.00e0	9.27e2	412	206	206	206	10	204	99.03	200	97.09
859	data/reference/motifs/JASPAR2026_CORE_plants_non-redundant_pfms_meme.txt	MA2365.1	VIT_17s0000g10420	GTTAACYV	1.87e-1	1.00e0	9.27e2	309	206	206	206	2	99	48.06	89	43.20
860	data/reference/motifs/JASPAR2026_CORE_plants_non-redundant_pfms_meme.txt	MA2364.1	VIT_15s0048g01150	GGGCCCAC	1.24e-1	1.00e0	9.27e2	345	206	206	206	2	145	70.39	133	64.56
861	data/reference/motifs/JASPAR2026_CORE_plants_non-redundant_pfms_meme.txt	MA2362.1	TEIL	AGRTWCAT	3.12e-1	1.00e0	9.27e2	412	206	206	206	26	3	1.46	1	0.49
862	data/reference/motifs/JASPAR2026_CORE_plants_non-redundant_pfms_meme.txt	MA2359.1	PK23829.1	TTATCCR	6.25e-1	1.00e0	9.27e2	367	206	206	206	7	5	2.43	5	2.43
863	data/reference/motifs/JASPAR2026_CORE_plants_non-redundant_pfms_meme.txt	MA2357.1	PK21687.1	WAAACCC	1.42e-1	1.00e0	9.27e2	412	206	206	206	31	6	2.91	2	0.97
864	data/reference/motifs/JASPAR2026_CORE_plants_non-redundant_pfms_meme.txt	MA2351.1	OsEIL3	AGRTACAT	2.29e-1	1.00e0	9.27e2	403	206	206	206	2	183	88.83	177	85.92
865	data/reference/motifs/JASPAR2026_CORE_plants_non-redundant_pfms_meme.txt	MA2350.1	OsFBH1	CCACTTG	5.00e-1	1.00e0	9.27e2	81	206	206	206	2	9	4.37	8	3.88
866	data/reference/motifs/JASPAR2026_CORE_plants_non-redundant_pfms_meme.txt	MA2349.1	OsCCA1	AATATCT	1.42e-1	1.00e0	9.27e2	412	206	206	206	42	6	2.91	2	0.97
867	data/reference/motifs/JASPAR2026_CORE_plants_non-redundant_pfms_meme.txt	MA2106.1	Zm00001d024644	CCTTATCC	5.00e-1	1.00e0	9.27e2	411	206	206	206	15	4	1.94	3	1.46
868	data/reference/motifs/JASPAR2026_CORE_plants_non-redundant_pfms_meme.txt	MA2103.1	AT4G09450	TTATCY	5.00e-1	1.00e0	9.27e2	412	206	206	206	35	31	15.05	30	14.56
869	data/reference/motifs/JASPAR2026_CORE_plants_non-redundant_pfms_meme.txt	MA1800.1	TEM1	GCAACATA	2.49e-1	1.00e0	9.27e2	383	206	206	206	9	2	0.97	0	0.00
870	data/reference/motifs/JASPAR2026_CORE_plants_non-redundant_pfms_meme.txt	MA1797.1	RAV2	GCAACATA	2.49e-1	1.00e0	9.27e2	248	206	206	206	5	2	0.97	0	0.00
871	data/reference/motifs/JASPAR2026_CORE_plants_non-redundant_pfms_meme.txt	MA1746.1	BZIP69	TGMCAGCTGTM	5.61e-1	1.00e0	9.27e2	48	206	206	206	1	24	11.65	24	11.65
872	data/reference/motifs/JASPAR2026_CORE_plants_non-redundant_pfms_meme.txt	MA1734.1	AT1G19040	CTTGNDCYBCAAGTWW	5.00e-1	1.00e0	9.27e2	56	206	206	206	2	10	4.85	9	4.37
873	data/reference/motifs/JASPAR2026_CORE_plants_non-redundant_pfms_meme.txt	MA1686.1	ARF13	ARCGGGGGACAYGT	6.57e-1	1.00e0	9.27e2	72	206	206	206	3	3	1.46	3	1.46
874	data/reference/motifs/JASPAR2026_CORE_plants_non-redundant_pfms_meme.txt	MA2091.1	PK27109.1	GACAGCTG	4.10e-1	1.00e0	9.27e2	326	206	206	206	7	11	5.34	9	4.37
875	data/reference/motifs/JASPAR2026_CORE_plants_non-redundant_pfms_meme.txt	MA2090.1	PK26523.1	ATTCY	8.74e-2	1.00e0	9.27e2	412	206	206	206	26	204	99.03	199	96.60
876	data/reference/motifs/JASPAR2026_CORE_plants_non-redundant_pfms_meme.txt	MA2088.1	PK24580.1	GCCGGCA	6.88e-1	1.00e0	9.27e2	59	206	206	206	5	2	0.97	2	0.97
877	data/reference/motifs/JASPAR2026_CORE_plants_non-redundant_pfms_meme.txt	MA2086.1	PK23964.1	KCCACGT	1.61e-1	1.00e0	9.27e2	411	206	206	206	6	170	82.52	161	78.16
878	data/reference/motifs/JASPAR2026_CORE_plants_non-redundant_pfms_meme.txt	MA2083.1	PK21166.1	YACCTACY	1.75e-1	1.00e0	9.27e2	409	206	206	206	8	76	36.89	66	32.04
879	data/reference/motifs/JASPAR2026_CORE_plants_non-redundant_pfms_meme.txt	MA2082.1	PK20392.1	AATMAT	1.34e-1	1.00e0	9.27e2	412	206	206	206	39	180	87.38	171	83.01
880	data/reference/motifs/JASPAR2026_CORE_plants_non-redundant_pfms_meme.txt	MA2080.1	PK20225.1	CACGTG	1.86e-1	1.00e0	9.27e2	412	206	206	206	30	4	1.94	1	0.49
881	data/reference/motifs/JASPAR2026_CORE_plants_non-redundant_pfms_meme.txt	MA2078.1	PK19363.1	CGCCGCCR	1.24e-1	1.00e0	9.27e2	293	206	206	206	16	3	1.46	0	0.00
882	data/reference/motifs/JASPAR2026_CORE_plants_non-redundant_pfms_meme.txt	MA2075.1	PK18009.1	ACACGTG	2.13e-1	1.00e0	9.27e2	407	206	206	206	6	121	58.74	112	54.37
883	data/reference/motifs/JASPAR2026_CORE_plants_non-redundant_pfms_meme.txt	MA2074.1	PK17878.1	CGCCGCCA	4.10e-1	1.00e0	9.27e2	128	206	206	206	3	11	5.34	9	4.37
884	data/reference/motifs/JASPAR2026_CORE_plants_non-redundant_pfms_meme.txt	MA2072.1	PK16335.1	GACAGCTG	4.00e-1	1.00e0	9.27e2	376	206	206	206	8	9	4.37	7	3.40
885	data/reference/motifs/JASPAR2026_CORE_plants_non-redundant_pfms_meme.txt	MA2066.1	PK09021.1	TGACGTCA	7.13e-1	1.00e0	9.27e2	59	206	206	206	1	28	13.59	31	15.05
886	data/reference/motifs/JASPAR2026_CORE_plants_non-redundant_pfms_meme.txt	MA2065.1	PK08602.1	CCACCGCC	9.08e-1	1.00e0	9.27e2	30	206	206	206	1	12	5.83	18	8.74
887	data/reference/motifs/JASPAR2026_CORE_plants_non-redundant_pfms_meme.txt	MA2063.1	PK07402.1	RCCGMC	1.92e-1	1.00e0	9.27e2	392	206	206	206	8	44	21.36	36	17.48
888	data/reference/motifs/JASPAR2026_CORE_plants_non-redundant_pfms_meme.txt	MA2057.1	PK01630.1	GCACGTG	1.24e-1	1.00e0	9.27e2	387	206	206	206	23	3	1.46	0	0.00
889	data/reference/motifs/JASPAR2026_CORE_plants_non-redundant_pfms_meme.txt	MA2055.1	PK00315.1	GACAGCTR	1.08e-1	1.00e0	9.27e2	406	206	206	206	1	205	99.51	201	97.57
890	data/reference/motifs/JASPAR2026_CORE_plants_non-redundant_pfms_meme.txt	MA1380.1	TCX6	WTTTAAATTTTTWAA	1.64e-1	1.00e0	9.27e2	391	206	206	206	9	17	8.25	11	5.34
891	data/reference/motifs/JASPAR2026_CORE_plants_non-redundant_pfms_meme.txt	MA1379.1	SOL1	WTTWAAAATTTAAAW	2.54e-1	1.00e0	9.27e2	377	206	206	206	7	37	17.96	31	15.05
892	data/reference/motifs/JASPAR2026_CORE_plants_non-redundant_pfms_meme.txt	MA1348.1	TGA9	GMTGACGTCAY	7.36e-1	1.00e0	9.27e2	88	206	206	206	2	11	5.34	13	6.31
893	data/reference/motifs/JASPAR2026_CORE_plants_non-redundant_pfms_meme.txt	MA1339.1	BZIP43	GCCACGTCAGCA	8.76e-1	1.00e0	9.27e2	38	206	206	206	2	1	0.49	2	0.97
894	data/reference/motifs/JASPAR2026_CORE_plants_non-redundant_pfms_meme.txt	MA1335.1	TGA4	TGACGTCAKCA	5.00e-1	1.00e0	9.27e2	233	206	206	206	1	117	56.80	116	56.31
895	data/reference/motifs/JASPAR2026_CORE_plants_non-redundant_pfms_meme.txt	MA1328.1	ZHD9	WTWAWHNVYTAATYA	9.18e-2	1.00e0	9.27e2	408	206	206	206	2	195	94.66	187	90.78
896	data/reference/motifs/JASPAR2026_CORE_plants_non-redundant_pfms_meme.txt	MA1324.1	GATA20	ATCSGATC	5.00e-1	1.00e0	9.27e2	274	206	206	206	14	3	1.46	2	0.97
897	data/reference/motifs/JASPAR2026_CORE_plants_non-redundant_pfms_meme.txt	MA1235.1	AIL7	CGNWTYYCGAG	3.36e-1	1.00e0	9.27e2	368	206	206	206	4	68	33.01	63	30.58
898	data/reference/motifs/JASPAR2026_CORE_plants_non-redundant_pfms_meme.txt	MA1225.1	ERF5	CCDCCGCCGCCGCCR	5.00e-1	1.00e0	9.27e2	83	206	206	206	4	7	3.40	6	2.91
899	data/reference/motifs/JASPAR2026_CORE_plants_non-redundant_pfms_meme.txt	MA1221.1	RAP2-6	TKGCGGCGGMGGHGG	5.73e-1	1.00e0	9.27e2	73	206	206	206	2	16	7.77	16	7.77
900	data/reference/motifs/JASPAR2026_CORE_plants_non-redundant_pfms_meme.txt	MA1162.1	TCX2	WTTYAAAATTYAAAW	2.21e-1	1.00e0	9.27e2	369	206	206	206	7	27	13.11	21	10.19
901	data/reference/motifs/JASPAR2026_CORE_plants_non-redundant_pfms_meme.txt	MA1096.1	ARALYDRAFT_496250	GGGACCAC	4.01e-1	1.00e0	9.27e2	79	206	206	206	1	41	19.90	38	18.45
902	data/reference/motifs/JASPAR2026_CORE_plants_non-redundant_pfms_meme.txt	MA1084.1	WRKY38	CGTTGACC	1.30e-1	1.00e0	9.27e2	399	206	206	206	1	202	98.06	197	95.63
903	data/reference/motifs/JASPAR2026_CORE_plants_non-redundant_pfms_meme.txt	MA1080.1	WRKY23	AGTCAACG	4.20e-1	1.00e0	9.27e2	253	206	206	206	1	128	62.14	125	60.68
904	data/reference/motifs/JASPAR2026_CORE_plants_non-redundant_pfms_meme.txt	MA1051.1	RAP2-3	GCGCCGCC	3.12e-1	1.00e0	9.27e2	273	206	206	206	14	3	1.46	1	0.49
905	data/reference/motifs/JASPAR2026_CORE_plants_non-redundant_pfms_meme.txt	MA1035.1	TCP4	GGGACCAC	3.06e-1	1.00e0	9.27e2	156	206	206	206	1	81	39.32	75	36.41
906	data/reference/motifs/JASPAR2026_CORE_plants_non-redundant_pfms_meme.txt	MA1034.1	Os05g0497200	CGSCGCCR	6.88e-1	1.00e0	9.27e2	62	206	206	206	4	2	0.97	2	0.97
907	data/reference/motifs/JASPAR2026_CORE_plants_non-redundant_pfms_meme.txt	MA1020.1	GT-1	GTTAACCA	1.16e-1	1.00e0	9.27e2	364	206	206	206	6	23	11.17	15	7.28
908	data/reference/motifs/JASPAR2026_CORE_plants_non-redundant_pfms_meme.txt	MA1014.1	GATA11	TAGATCTG	7.72e-1	1.00e0	9.27e2	162	206	206	206	4	14	6.80	17	8.25
909	data/reference/motifs/JASPAR2026_CORE_plants_non-redundant_pfms_meme.txt	MA1013.1	GATA10	TAGATCTG	6.88e-1	1.00e0	9.27e2	228	206	206	206	13	2	0.97	2	0.97
910	data/reference/motifs/JASPAR2026_CORE_plants_non-redundant_pfms_meme.txt	MA1009.1	ARF3	TGTCGGAA	5.54e-1	1.00e0	9.27e2	348	206	206	206	1	174	84.47	174	84.47
911	data/reference/motifs/JASPAR2026_CORE_plants_non-redundant_pfms_meme.txt	MA0986.1	DREB2C	CACCGACA	3.54e-1	1.00e0	9.27e2	330	206	206	206	4	42	20.39	38	18.45
912	data/reference/motifs/JASPAR2026_CORE_plants_non-redundant_pfms_meme.txt	MA0978.1	DREB1E	ATGTCGGC	6.60e-1	1.00e0	9.27e2	200	206	206	206	3	12	5.83	13	6.31
913	data/reference/motifs/JASPAR2026_CORE_plants_non-redundant_pfms_meme.txt	MA0977.1	DOF2.5	AWAAAGTG	2.02e-1	1.00e0	9.27e2	412	206	206	206	10	141	68.45	132	64.08
914	data/reference/motifs/JASPAR2026_CORE_plants_non-redundant_pfms_meme.txt	MA0975.1	CRF2	SCGCCGCC	5.00e-1	1.00e0	9.27e2	125	206	206	206	4	4	1.94	3	1.46
915	data/reference/motifs/JASPAR2026_CORE_plants_non-redundant_pfms_meme.txt	MA0963.1	bHLH78	GCACGTGC	2.49e-1	1.00e0	9.27e2	166	206	206	206	10	2	0.97	0	0.00
916	data/reference/motifs/JASPAR2026_CORE_plants_non-redundant_pfms_meme.txt	MA0957.1	BHLH3	GCACGTGC	1.24e-1	1.00e0	9.27e2	300	206	206	206	16	3	1.46	0	0.00
917	data/reference/motifs/JASPAR2026_CORE_plants_non-redundant_pfms_meme.txt	MA0952.1	ATHB-51	AATWATTG	1.86e-1	1.00e0	9.27e2	412	206	206	206	3	205	99.51	202	98.06
918	data/reference/motifs/JASPAR2026_CORE_plants_non-redundant_pfms_meme.txt	MA0947.1	ARR14	AGATWCGS	8.70e-1	1.00e0	9.27e2	335	206	206	206	6	5	2.43	8	3.88
919	data/reference/motifs/JASPAR2026_CORE_plants_non-redundant_pfms_meme.txt	MA0946.1	ARR11	AAGATACG	3.57e-1	1.00e0	9.27e2	383	206	206	206	2	166	80.58	162	78.64
920	data/reference/motifs/JASPAR2026_CORE_plants_non-redundant_pfms_meme.txt	MA0937.1	NAC055	ACACGTAA	4.61e-1	1.00e0	9.27e2	401	206	206	206	5	113	54.85	111	53.88
921	data/reference/motifs/JASPAR2026_CORE_plants_non-redundant_pfms_meme.txt	MA0934.1	AHL25	AWTTAAWT	2.35e-1	1.00e0	9.27e2	412	206	206	206	24	199	96.60	195	94.66
922	data/reference/motifs/JASPAR2026_CORE_plants_non-redundant_pfms_meme.txt	MA0933.1	AHL20	AATTAAWT	2.13e-1	1.00e0	9.27e2	412	206	206	206	31	187	90.78	181	87.86
923	data/reference/motifs/JASPAR2026_CORE_plants_non-redundant_pfms_meme.txt	MA0129.1	TGA1A	HACGTCA	1.30e-1	1.00e0	9.27e2	412	206	206	206	3	202	98.06	197	95.63
924	data/reference/motifs/JASPAR2026_CORE_plants_non-redundant_pfms_meme.txt	MA0123.1	abi4	CGSYGCCCCC	4.19e-1	1.00e0	9.27e2	252	206	206	206	2	77	37.38	74	35.92
925	data/reference/motifs/JASPAR2026_CORE_plants_non-redundant_pfms_meme.txt	MA0096.1	bZIP910	MTGACGT	5.45e-1	1.00e0	9.27e2	106	206	206	206	1	53	25.73	53	25.73
926	data/reference/motifs/JASPAR2026_CORE_plants_non-redundant_pfms_meme.txt	MA0021.1	Dof3	AAAGYV	1.47e-1	1.00e0	9.27e2	410	206	206	206	8	53	25.73	43	20.87
927	data/reference/motifs/JASPAR2026_CORE_plants_non-redundant_pfms_meme.txt	MA1352.1	TRP1	ACCCTAAACCCTAAACCCTAA	1.00e0	1.00e0	9.27e2	1	206	206	206	1	0	0.00	1	0.49

# AME (Analysis of Motif Enrichment): Version 5.5.9 compiled on May 27 2026 at 12:40:54
# The format of this file is described at https://meme-suite.org/meme/doc/ame-output-format.html.
# ame --verbose 1 --text --control results/evidence/motifs/inputs/backgrounds/1000/replicate_054.fa --method fisher --scoring totalhits --hit-lo-fraction 0.25 --evalue-report-threshold 1000000 --noseq results/evidence/motifs/inputs/frozen_candidates_1000bp.fa data/reference/motifs/JASPAR2026_CORE_plants_non-redundant_pfms_meme.txt
