3	data/reference/motifs/JASPAR2026_CORE_plants_non-redundant_pfms_meme.txt	MA0560.2	PIF3	CCACGTG	9.59e-4	1.53e-1	1.42e2	173	206	206	206	2	54	26.21	28	13.59
4	data/reference/motifs/JASPAR2026_CORE_plants_non-redundant_pfms_meme.txt	MA2393.1	PHYPA_008731	CACGTGC	9.59e-4	1.53e-1	1.42e2	173	206	206	206	2	54	26.21	28	13.59
5	data/reference/motifs/JASPAR2026_CORE_plants_non-redundant_pfms_meme.txt	MA2421.1	SBP8	ARGTACAA	9.61e-4	3.17e-1	2.94e2	397	206	206	206	9	15	7.28	2	0.97
6	data/reference/motifs/JASPAR2026_CORE_plants_non-redundant_pfms_meme.txt	MA2387.1	NAC094	YGCCGTRNHNNHCACG	6.27e-3	3.44e-1	3.19e2	67	206	206	206	2	22	10.68	8	3.88
7	data/reference/motifs/JASPAR2026_CORE_plants_non-redundant_pfms_meme.txt	MA2405.1	OsMSL08	GTAAAW	1.34e-3	4.23e-1	3.92e2	412	206	206	206	23	195	94.66	176	85.44
8	data/reference/motifs/JASPAR2026_CORE_plants_non-redundant_pfms_meme.txt	MA2744.1	SlWRKY40	AAAGTCAA	1.52e-3	4.65e-1	4.31e2	411	206	206	206	9	54	26.21	29	14.08
9	data/reference/motifs/JASPAR2026_CORE_plants_non-redundant_pfms_meme.txt	MA2081.1	PK20317.1	CKTTW	1.74e-3	5.12e-1	4.75e2	412	206	206	206	66	75	36.41	47	22.82
10	data/reference/motifs/JASPAR2026_CORE_plants_non-redundant_pfms_meme.txt	MA1283.2	TCP14	ADAGVDBGTGGGDCCCAC	8.74e-2	5.61e-1	5.20e2	9	206	206	206	1	7	3.40	2	0.97
11	data/reference/motifs/JASPAR2026_CORE_plants_non-redundant_pfms_meme.txt	MA2498.1	LSH1	AAACAGTG	2.03e-3	5.66e-1	5.24e2	410	206	206	206	7	109	52.91	79	38.35
12	data/reference/motifs/JASPAR2026_CORE_plants_non-redundant_pfms_meme.txt	MA1260.2	ERF013	TGTCGGTGG	7.42e-3	5.86e-1	5.44e2	119	206	206	206	3	7	3.40	0	0.00
13	data/reference/motifs/JASPAR2026_CORE_plants_non-redundant_pfms_meme.txt	MA1404.1	BPC1	GAGAGAGAGAGAGAGAGAGAGAGA	1.85e-2	6.00e-1	5.56e2	49	206	206	206	13	8	3.88	1	0.49
14	data/reference/motifs/JASPAR2026_CORE_plants_non-redundant_pfms_meme.txt	MA2616.1	ereb17	CGCCGCCGCCGCCS	1.50e-2	6.26e-1	5.80e2	65	206	206	206	1	41	19.90	24	11.65
15	data/reference/motifs/JASPAR2026_CORE_plants_non-redundant_pfms_meme.txt	MA2373.1	AZF2	ASTG	2.61e-3	6.58e-1	6.10e2	412	206	206	206	76	186	90.29	165	80.10
16	data/reference/motifs/JASPAR2026_CORE_plants_non-redundant_pfms_meme.txt	MA2655.1	GLYMA-08G218600	AAAAGTCAA	2.80e-3	6.84e-1	6.34e2	412	206	206	206	9	46	22.33	24	11.65
17	data/reference/motifs/JASPAR2026_CORE_plants_non-redundant_pfms_meme.txt	MA1241.2	ERF043	CCACCGACA	2.09e-2	6.87e-1	6.37e2	55	206	206	206	1	35	16.99	20	9.71
18	data/reference/motifs/JASPAR2026_CORE_plants_non-redundant_pfms_meme.txt	MA1403.1	BPC5	AGAGAGAGAGAGAGAGAGAGAGAGAGAGAG	8.60e-2	7.16e-1	6.64e2	14	206	206	206	1	10	4.85	4	1.94
19	data/reference/motifs/JASPAR2026_CORE_plants_non-redundant_pfms_meme.txt	MA1688.2	ARF16	CAAGACAAGA	3.08e-3	7.16e-1	6.64e2	409	206	206	206	5	167	81.07	142	68.93
20	data/reference/motifs/JASPAR2026_CORE_plants_non-redundant_pfms_meme.txt	MA2422.1	OsbZIP42	TGMCACGTCA	4.11e-3	7.35e-1	6.81e2	323	206	206	206	1	173	83.98	150	72.82
21	data/reference/motifs/JASPAR2026_CORE_plants_non-redundant_pfms_meme.txt	MA1767.2	MYB23	CAACWA	3.51e-3	7.59e-1	7.04e2	405	206	206	206	6	85	41.26	58	28.16
22	data/reference/motifs/JASPAR2026_CORE_plants_non-redundant_pfms_meme.txt	MA1278.2	DOF3.4	TTYTTTTTTWVCTTTTT	3.64e-3	7.76e-1	7.20e2	411	206	206	206	20	8	3.88	0	0.00
23	data/reference/motifs/JASPAR2026_CORE_plants_non-redundant_pfms_meme.txt	MA2500.1	LSH3	TTACTGTTCAT	3.81e-3	7.81e-1	7.24e2	399	206	206	206	2	189	91.75	170	82.52
24	data/reference/motifs/JASPAR2026_CORE_plants_non-redundant_pfms_meme.txt	MA1677.2	NAC078	CAAGAAA	3.79e-3	7.89e-1	7.31e2	411	206	206	206	10	40	19.42	20	9.71
25	data/reference/motifs/JASPAR2026_CORE_plants_non-redundant_pfms_meme.txt	MA2664.1	GLYMA-03G162700	GGYGGYGGCGGCGGMGGCGGYGG	7.00e-2	8.25e-1	7.65e2	24	206	206	206	3	9	4.37	3	1.46
26	data/reference/motifs/JASPAR2026_CORE_plants_non-redundant_pfms_meme.txt	MA0570.3	ABF1	ACACGTGKCA	6.72e-3	8.32e-1	7.71e2	265	206	206	206	2	86	41.75	61	29.61
27	data/reference/motifs/JASPAR2026_CORE_plants_non-redundant_pfms_meme.txt	MA2031.2	AT5G04760	CTTATCY	4.64e-3	8.52e-1	7.90e2	412	206	206	206	5	158	76.70	133	64.56
28	data/reference/motifs/JASPAR2026_CORE_plants_non-redundant_pfms_meme.txt	MA2730.1	Solyc01g079480	YSACGTGKCA	8.15e-3	8.60e-1	7.97e2	241	206	206	206	1	133	64.56	108	52.43
29	data/reference/motifs/JASPAR2026_CORE_plants_non-redundant_pfms_meme.txt	MA2413.1	ZmbZIP96	GASACGTGKCA	1.12e-2	8.70e-1	8.06e2	182	206	206	206	1	103	50.00	79	38.35
30	data/reference/motifs/JASPAR2026_CORE_plants_non-redundant_pfms_meme.txt	MA1157.2	NUC	TTTTGTCGTTTT	8.14e-3	8.72e-1	8.09e2	253	206	206	206	2	62	30.10	40	19.42
31	data/reference/motifs/JASPAR2026_CORE_plants_non-redundant_pfms_meme.txt	MA1679.2	RAP2-1	CACCGACA	7.42e-3	8.88e-1	8.23e2	295	206	206	206	7	7	3.40	0	0.00
32	data/reference/motifs/JASPAR2026_CORE_plants_non-redundant_pfms_meme.txt	MA1086.2	WRKY43	RGTCAA	5.92e-3	9.13e-1	8.46e2	412	206	206	206	22	200	97.09	187	90.78
33	data/reference/motifs/JASPAR2026_CORE_plants_non-redundant_pfms_meme.txt	MA2429.1	SPL13D	AGCGGTASTACCGCT	3.43e-1	9.19e-1	8.52e2	6	206	206	206	1	4	1.94	2	0.97
34	data/reference/motifs/JASPAR2026_CORE_plants_non-redundant_pfms_meme.txt	MA2376.1	CAMTA5	CGYGTNDDAWVCGYGT	1.06e-2	9.21e-1	8.54e2	240	206	206	206	3	47	22.82	28	13.59
35	data/reference/motifs/JASPAR2026_CORE_plants_non-redundant_pfms_meme.txt	MA2450.1	SPL7A	GTACTACCGCT	1.12e-2	9.24e-1	8.56e2	230	206	206	206	1	127	61.65	103	50.00
36	data/reference/motifs/JASPAR2026_CORE_plants_non-redundant_pfms_meme.txt	MA2434.1	SPL16A	AGCGGTAGTAC	1.10e-2	9.24e-1	8.57e2	234	206	206	206	1	129	62.62	105	50.97
37	data/reference/motifs/JASPAR2026_CORE_plants_non-redundant_pfms_meme.txt	MA2399.1	LjSGA_053525.1	GGGCCCAC	1.48e-2	9.36e-1	8.67e2	185	206	206	206	3	20	9.71	8	3.88
38	data/reference/motifs/JASPAR2026_CORE_plants_non-redundant_pfms_meme.txt	MA1054.2	ARALYDRAFT_897773	KGGGACCAC	9.10e-3	9.37e-1	8.68e2	303	206	206	206	3	74	35.92	51	24.76
39	data/reference/motifs/JASPAR2026_CORE_plants_non-redundant_pfms_meme.txt	MA2502.1	TMF	CTACAGTA	7.74e-3	9.57e-1	8.87e2	407	206	206	206	6	94	45.63	69	33.50
40	data/reference/motifs/JASPAR2026_CORE_plants_non-redundant_pfms_meme.txt	MA1059.3	SPL5	TGTACGGAH	1.37e-1	9.60e-1	8.90e2	22	206	206	206	1	14	6.80	8	3.88
41	data/reference/motifs/JASPAR2026_CORE_plants_non-redundant_pfms_meme.txt	MA1687.1	ARF14	CGGGGGACAYGTCGGG	8.37e-2	9.61e-1	8.90e2	37	206	206	206	1	23	11.17	14	6.80
42	data/reference/motifs/JASPAR2026_CORE_plants_non-redundant_pfms_meme.txt	MA2392.1	GRMZM2G135447	TGACRKS	8.02e-3	9.62e-1	8.92e2	408	206	206	206	8	70	33.98	47	22.82
43	data/reference/motifs/JASPAR2026_CORE_plants_non-redundant_pfms_meme.txt	MA2052.2	ZAT6	AATGATTG	7.95e-3	9.62e-1	8.92e2	412	206	206	206	14	135	65.53	110	53.40
44	data/reference/motifs/JASPAR2026_CORE_plants_non-redundant_pfms_meme.txt	MA2657.1	GLYMA-14G028900	AAAAGTCAAA	8.54e-3	9.66e-1	8.95e2	395	206	206	206	4	103	50.00	78	37.86
45	data/reference/motifs/JASPAR2026_CORE_plants_non-redundant_pfms_meme.txt	MA1196.2	AT5G05790	AWYCTTATCYTNWT	8.52e-3	9.66e-1	8.96e2	398	206	206	206	2	185	89.81	167	81.07
46	data/reference/motifs/JASPAR2026_CORE_plants_non-redundant_pfms_meme.txt	MA2023.2	PHL4	RGAATATTCC	1.76e-2	9.73e-1	9.02e2	206	206	206	206	2	66	32.04	46	22.33
47	data/reference/motifs/JASPAR2026_CORE_plants_non-redundant_pfms_meme.txt	MA2619.1	ereb18	CCGCCGCCGCCCGCC	4.22e-2	9.74e-1	9.03e2	85	206	206	206	2	29	14.08	17	8.25
48	data/reference/motifs/JASPAR2026_CORE_plants_non-redundant_pfms_meme.txt	MA0110.4	ATHB-5	CAATCATT	8.97e-3	9.75e-1	9.04e2	412	206	206	206	17	115	55.83	90	43.69
49	data/reference/motifs/JASPAR2026_CORE_plants_non-redundant_pfms_meme.txt	MA1226.2	DREB2G	GGHGGAGGCGGTGG	2.88e-2	9.78e-1	9.07e2	133	206	206	206	1	76	36.89	57	27.67
50	data/reference/motifs/JASPAR2026_CORE_plants_non-redundant_pfms_meme.txt	MA2669.1	GLYMA-04G231400	CAATAATTGATT	1.09e-2	9.79e-1	9.08e2	355	206	206	206	1	186	90.29	169	82.04
51	data/reference/motifs/JASPAR2026_CORE_plants_non-redundant_pfms_meme.txt	MA1288.2	TCP22	GTGGGHCCCAC	3.80e-2	9.80e-1	9.08e2	103	206	206	206	2	23	11.17	12	5.83
52	data/reference/motifs/JASPAR2026_CORE_plants_non-redundant_pfms_meme.txt	MA2406.1	PK03576.1	CACGTGC	9.85e-2	9.81e-1	9.09e2	38	206	206	206	2	15	7.28	8	3.88
53	data/reference/motifs/JASPAR2026_CORE_plants_non-redundant_pfms_meme.txt	MA2712.1	eil1	TCTAGATACATTGAATCT	4.20e-2	9.82e-1	9.10e2	93	206	206	206	2	16	7.77	7	3.40
54	data/reference/motifs/JASPAR2026_CORE_plants_non-redundant_pfms_meme.txt	MA0989.2	PHYPADRAFT_153324	WAAAG	9.90e-3	9.83e-1	9.11e2	412	206	206	206	82	174	84.47	154	74.76
55	data/reference/motifs/JASPAR2026_CORE_plants_non-redundant_pfms_meme.txt	MA2383.1	e_gw1.392.16.1	CTTTW	9.90e-3	9.83e-1	9.11e2	412	206	206	206	82	174	84.47	154	74.76
56	data/reference/motifs/JASPAR2026_CORE_plants_non-redundant_pfms_meme.txt	MA1695.2	ARF36	GGGGGACAHGTC	1.79e-2	9.85e-1	9.13e2	235	206	206	206	4	10	4.85	2	0.97
57	data/reference/motifs/JASPAR2026_CORE_plants_non-redundant_pfms_meme.txt	MA0950.1	ATHB-12	AATGATTG	1.02e-2	9.85e-1	9.13e2	412	206	206	206	13	204	99.03	195	94.66
58	data/reference/motifs/JASPAR2026_CORE_plants_non-redundant_pfms_meme.txt	MA2505.1	bZIP59	TGACAGCTGTCA	1.84e-2	9.86e-1	9.14e2	232	206	206	206	2	127	61.65	105	50.97
59	data/reference/motifs/JASPAR2026_CORE_plants_non-redundant_pfms_meme.txt	MA2721.1	Sl-ERF_C_6	YCGCCGCCGCCRCCRCCGCC	8.74e-2	9.86e-1	9.14e2	47	206	206	206	5	7	3.40	2	0.97
60	data/reference/motifs/JASPAR2026_CORE_plants_non-redundant_pfms_meme.txt	MA2613.1	ereb34	GCCGCCGCCGCCCS	5.25e-2	9.87e-1	9.15e2	80	206	206	206	1	47	22.82	33	16.02
61	data/reference/motifs/JASPAR2026_CORE_plants_non-redundant_pfms_meme.txt	MA1284.2	TCP1	GTGGGCCCCAC	5.30e-2	9.88e-1	9.16e2	81	206	206	206	2	22	10.68	12	5.83
62	data/reference/motifs/JASPAR2026_CORE_plants_non-redundant_pfms_meme.txt	MA0958.1	BHLH13	RCACGTGC	1.86e-2	9.89e-1	9.17e2	245	206	206	206	6	18	8.74	7	3.40
63	data/reference/motifs/JASPAR2026_CORE_plants_non-redundant_pfms_meme.txt	MA1363.1	LRL2	CGTGNKWBGCACGTG	5.42e-2	9.90e-1	9.17e2	82	206	206	206	1	48	23.30	34	16.50
64	data/reference/motifs/JASPAR2026_CORE_plants_non-redundant_pfms_meme.txt	MA0974.3	CDF3	AAAAAGTG	1.13e-2	9.90e-1	9.18e2	412	206	206	206	8	104	50.49	80	38.83
65	data/reference/motifs/JASPAR2026_CORE_plants_non-redundant_pfms_meme.txt	MA1161.1	TSO1	WWTTWAAAATTTAAA	1.21e-2	9.91e-1	9.18e2	386	206	206	206	1	199	96.60	187	90.78
66	data/reference/motifs/JASPAR2026_CORE_plants_non-redundant_pfms_meme.txt	MA2415.1	EREB138	CMGCCGCCAT	1.87e-2	9.91e-1	9.18e2	249	206	206	206	4	25	12.14	12	5.83
67	data/reference/motifs/JASPAR2026_CORE_plants_non-redundant_pfms_meme.txt	MA2741.1	SlWRKY7	AAAAAGTCAACC	1.71e-2	9.93e-1	9.20e2	288	206	206	206	3	43	20.87	26	12.62
68	data/reference/motifs/JASPAR2026_CORE_plants_non-redundant_pfms_meme.txt	MA2034.2	NAC057	CAAGTAA	1.21e-2	9.93e-1	9.21e2	412	206	206	206	5	199	96.60	187	90.78
69	data/reference/motifs/JASPAR2026_CORE_plants_non-redundant_pfms_meme.txt	MA1321.2	SPL13A	TGTACGGA	1.85e-2	9.94e-1	9.21e2	274	206	206	206	5	8	3.88	1	0.49
70	data/reference/motifs/JASPAR2026_CORE_plants_non-redundant_pfms_meme.txt	MA1238.3	ERF038	CACCGACA	1.79e-2	9.95e-1	9.22e2	291	206	206	206	6	10	4.85	2	0.97
71	data/reference/motifs/JASPAR2026_CORE_plants_non-redundant_pfms_meme.txt	MA1338.3	DPBF3	TGMCACGTGTC	3.79e-2	9.95e-1	9.22e2	138	206	206	206	1	78	37.86	60	29.13
72	data/reference/motifs/JASPAR2026_CORE_plants_non-redundant_pfms_meme.txt	MA1299.2	WRKY17	AAAGTCAACG	2.11e-2	9.95e-1	9.22e2	249	206	206	206	3	26	12.62	13	6.31
73	data/reference/motifs/JASPAR2026_CORE_plants_non-redundant_pfms_meme.txt	MA1044.2	NAC92	RCAMGCCA	1.29e-2	9.95e-1	9.22e2	411	206	206	206	15	39	18.93	22	10.68
74	data/reference/motifs/JASPAR2026_CORE_plants_non-redundant_pfms_meme.txt	MA1402.1	BPC6	CTCTCTCTCTCTCTCTCTCTC	1.08e-1	9.95e-1	9.23e2	47	206	206	206	12	5	2.43	1	0.49
75	data/reference/motifs/JASPAR2026_CORE_plants_non-redundant_pfms_meme.txt	MA1374.2	IDD7	ASAAAACGACAAAA	2.69e-2	9.95e-1	9.23e2	200	206	206	206	2	45	21.84	29	14.08
76	data/reference/motifs/JASPAR2026_CORE_plants_non-redundant_pfms_meme.txt	MA1803.2	VIP1	TGMCAGCTGT	3.48e-2	9.97e-1	9.24e2	163	206	206	206	1	91	44.17	72	34.95
77	data/reference/motifs/JASPAR2026_CORE_plants_non-redundant_pfms_meme.txt	MA0554.2	SOC1	TTTCCWTTTTTGG	1.49e-2	9.97e-1	9.24e2	385	206	206	206	2	165	80.10	145	70.39
78	data/reference/motifs/JASPAR2026_CORE_plants_non-redundant_pfms_meme.txt	MA2355.1	PK06791.1	GTACGG	1.40e-2	9.97e-1	9.24e2	411	206	206	206	8	131	63.59	108	52.43
79	data/reference/motifs/JASPAR2026_CORE_plants_non-redundant_pfms_meme.txt	MA1382.2	FAR1	YCACGCGCY	1.12e-1	9.97e-1	9.24e2	49	206	206	206	1	29	14.08	20	9.71
80	data/reference/motifs/JASPAR2026_CORE_plants_non-redundant_pfms_meme.txt	MA1364.2	BHLH72	GCCACGTGG	3.82e-2	9.97e-1	9.24e2	152	206	206	206	2	39	18.93	25	12.14
81	data/reference/motifs/JASPAR2026_CORE_plants_non-redundant_pfms_meme.txt	MA1053.1	ERF109	GCGCCGCC	3.14e-2	9.97e-1	9.24e2	186	206	206	206	2	57	27.67	40	19.42
82	data/reference/motifs/JASPAR2026_CORE_plants_non-redundant_pfms_meme.txt	MA0577.4	SPL3	TGTACGGA	2.05e-2	9.97e-1	9.24e2	288	206	206	206	1	154	74.76	134	65.05
83	data/reference/motifs/JASPAR2026_CORE_plants_non-redundant_pfms_meme.txt	MA1760.1	HSFA6A	GAAGNTTCTAGAA	1.51e-1	9.98e-1	9.25e2	37	206	206	206	1	22	10.68	15	7.28
84	data/reference/motifs/JASPAR2026_CORE_plants_non-redundant_pfms_meme.txt	MA2479.1	TCX5	ATTCAAAT	1.48e-2	9.98e-1	9.25e2	408	206	206	206	3	198	96.12	186	90.29
85	data/reference/motifs/JASPAR2026_CORE_plants_non-redundant_pfms_meme.txt	MA2650.1	GLYMA-05G027400	GTGGGCCCCAC	4.58e-2	9.98e-1	9.25e2	133	206	206	206	1	75	36.41	58	28.16
86	data/reference/motifs/JASPAR2026_CORE_plants_non-redundant_pfms_meme.txt	MA2708.1	SlDof4	AGAAAAAGTAA	1.49e-2	9.98e-1	9.25e2	412	206	206	206	4	200	97.09	189	91.75
87	data/reference/motifs/JASPAR2026_CORE_plants_non-redundant_pfms_meme.txt	MA1291.1	TCP7	GTGGGRCCCAC	6.33e-2	9.98e-1	9.25e2	94	206	206	206	1	54	26.21	40	19.42
88	data/reference/motifs/JASPAR2026_CORE_plants_non-redundant_pfms_meme.txt	MA1173.2	MYB101	TAACCGAAW	1.51e-2	9.98e-1	9.25e2	412	206	206	206	3	206	100.00	200	97.09
89	data/reference/motifs/JASPAR2026_CORE_plants_non-redundant_pfms_meme.txt	MA1256.2	RAP2-12	DRYGGCGGCGG	6.16e-2	9.98e-1	9.25e2	101	206	206	206	4	4	1.94	0	0.00
90	data/reference/motifs/JASPAR2026_CORE_plants_non-redundant_pfms_meme.txt	MA2437.1	SPL19B	GCGGTASTACCGC	3.43e-1	9.98e-1	9.25e2	15	206	206	206	2	4	1.94	2	0.97
91	data/reference/motifs/JASPAR2026_CORE_plants_non-redundant_pfms_meme.txt	MA2448.1	SPL5D	AGCGGTASTACCGC	1.79e-1	9.98e-1	9.25e2	32	206	206	206	1	19	9.22	13	6.31
92	data/reference/motifs/JASPAR2026_CORE_plants_non-redundant_pfms_meme.txt	MA1057.2	SPL12	GTACGG	1.54e-2	9.98e-1	9.25e2	410	206	206	206	8	143	69.42	121	58.74
93	data/reference/motifs/JASPAR2026_CORE_plants_non-redundant_pfms_meme.txt	MA0551.2	HY5	TGMCACGTGKCA	9.08e-2	9.98e-1	9.25e2	67	206	206	206	2	39	18.93	28	13.59
94	data/reference/motifs/JASPAR2026_CORE_plants_non-redundant_pfms_meme.txt	MA2428.1	SPL13B	GCGGTASTACCGC	2.13e-1	9.98e-1	9.26e2	27	206	206	206	1	16	7.77	11	5.34
95	data/reference/motifs/JASPAR2026_CORE_plants_non-redundant_pfms_meme.txt	MA2472.1	AT3G12910	YGSCGTVRWDDHBACGK	1.56e-1	9.99e-1	9.26e2	39	206	206	206	1	23	11.17	16	7.77
96	data/reference/motifs/JASPAR2026_CORE_plants_non-redundant_pfms_meme.txt	MA2460.1	MGH6.1	YGSCGTVRWDDHBACGK	1.56e-1	9.99e-1	9.26e2	39	206	206	206	1	23	11.17	16	7.77
97	data/reference/motifs/JASPAR2026_CORE_plants_non-redundant_pfms_meme.txt	MA1223.2	ERF035	TGTCGGTGG	1.37e-1	9.99e-1	9.26e2	46	206	206	206	1	27	13.11	19	9.22
98	data/reference/motifs/JASPAR2026_CORE_plants_non-redundant_pfms_meme.txt	MA1693.2	ARF34	CAGACAGC	1.77e-2	9.99e-1	9.26e2	382	206	206	206	1	197	95.63	185	89.81
99	data/reference/motifs/JASPAR2026_CORE_plants_non-redundant_pfms_meme.txt	MA2348.1	IDD6	TTTTTGTCGTTTTSTK	3.38e-2	9.99e-1	9.26e2	204	206	206	206	4	7	3.40	1	0.49
100	data/reference/motifs/JASPAR2026_CORE_plants_non-redundant_pfms_meme.txt	MA1160.2	IDD6	TTTTTGTCGTTTTSTK	3.38e-2	9.99e-1	9.26e2	207	206	206	206	4	7	3.40	1	0.49
101	data/reference/motifs/JASPAR2026_CORE_plants_non-redundant_pfms_meme.txt	MA1749.1	E2FC	AWDWWGGCGCCAAAA	2.49e-1	9.99e-1	9.26e2	25	206	206	206	2	2	0.97	0	0.00
102	data/reference/motifs/JASPAR2026_CORE_plants_non-redundant_pfms_meme.txt	MA1257.2	ERF9	GGCGGHKRYGGCGGCGGMG	1.08e-1	9.99e-1	9.26e2	63	206	206	206	4	5	2.43	1	0.49
103	data/reference/motifs/JASPAR2026_CORE_plants_non-redundant_pfms_meme.txt	MA1740.2	BHLH49	CACGTGC	1.62e-1	9.99e-1	9.26e2	41	206	206	206	2	24	11.65	17	8.25
104	data/reference/motifs/JASPAR2026_CORE_plants_non-redundant_pfms_meme.txt	MA1074.2	UNE10	CACGTGM	1.62e-1	9.99e-1	9.26e2	41	206	206	206	2	24	11.65	17	8.25
105	data/reference/motifs/JASPAR2026_CORE_plants_non-redundant_pfms_meme.txt	MA2077.1	PK18474.1	CACGTGC	1.62e-1	9.99e-1	9.26e2	41	206	206	206	2	24	11.65	17	8.25
106	data/reference/motifs/JASPAR2026_CORE_plants_non-redundant_pfms_meme.txt	MA2071.1	PK15505.1	GCACGTGT	1.62e-1	9.99e-1	9.26e2	41	206	206	206	2	24	11.65	17	8.25
107	data/reference/motifs/JASPAR2026_CORE_plants_non-redundant_pfms_meme.txt	MA2064.1	PK07858.1	CACGTGC	1.62e-1	9.99e-1	9.26e2	41	206	206	206	2	24	11.65	17	8.25
108	data/reference/motifs/JASPAR2026_CORE_plants_non-redundant_pfms_meme.txt	MA2061.1	PK06517.1	CACGTGC	1.62e-1	9.99e-1	9.26e2	41	206	206	206	2	24	11.65	17	8.25
109	data/reference/motifs/JASPAR2026_CORE_plants_non-redundant_pfms_meme.txt	MA2060.1	PK05451.1	CCACGTGM	1.62e-1	9.99e-1	9.26e2	41	206	206	206	2	24	11.65	17	8.25
110	data/reference/motifs/JASPAR2026_CORE_plants_non-redundant_pfms_meme.txt	MA1240.2	ERF077	CCGCCGCCRY	5.32e-2	9.99e-1	9.26e2	136	206	206	206	3	14	6.80	6	2.91
111	data/reference/motifs/JASPAR2026_CORE_plants_non-redundant_pfms_meme.txt	MA1045.2	NAC043	TWACGTAA	1.86e-2	9.99e-1	9.26e2	393	206	206	206	2	173	83.98	155	75.24
112	data/reference/motifs/JASPAR2026_CORE_plants_non-redundant_pfms_meme.txt	MA1071.2	DOF5.3	AAMG	1.78e-2	9.99e-1	9.26e2	412	206	206	206	140	149	72.33	128	62.14
113	data/reference/motifs/JASPAR2026_CORE_plants_non-redundant_pfms_meme.txt	MA2366.1	VOZ2	GCGT	1.79e-2	9.99e-1	9.26e2	412	206	206	206	10	204	99.03	196	95.15
114	data/reference/motifs/JASPAR2026_CORE_plants_non-redundant_pfms_meme.txt	MA1280.2	DOF5.4	AAAAAGK	1.79e-2	9.99e-1	9.26e2	412	206	206	206	16	10	4.85	2	0.97
115	data/reference/motifs/JASPAR2026_CORE_plants_non-redundant_pfms_meme.txt	MA2501.1	G1	TTACTGTA	1.81e-2	9.99e-1	9.26e2	411	206	206	206	6	159	77.18	139	67.48
116	data/reference/motifs/JASPAR2026_CORE_plants_non-redundant_pfms_meme.txt	MA1751.2	EIL3	AGRTWCAT	1.85e-2	9.99e-1	9.26e2	403	206	206	206	1	205	99.51	198	96.12
117	data/reference/motifs/JASPAR2026_CORE_plants_non-redundant_pfms_meme.txt	MA2661.1	GLYMA-03G081700	CTACGTGGCA	2.09e-2	9.99e-1	9.26e2	357	206	206	206	1	186	90.29	171	83.01
118	data/reference/motifs/JASPAR2026_CORE_plants_non-redundant_pfms_meme.txt	MA2067.1	PK09702.1	GCACGTGR	1.79e-1	9.99e-1	9.26e2	38	206	206	206	2	19	9.22	13	6.31
119	data/reference/motifs/JASPAR2026_CORE_plants_non-redundant_pfms_meme.txt	MA0983.2	DOF5.6	AAMG	1.82e-2	9.99e-1	9.26e2	412	206	206	206	41	99	48.06	77	37.38
120	data/reference/motifs/JASPAR2026_CORE_plants_non-redundant_pfms_meme.txt	MA1682.2	TCX3	AAATTCAAATWT	1.85e-2	9.99e-1	9.27e2	408	206	206	206	13	8	3.88	1	0.49
121	data/reference/motifs/JASPAR2026_CORE_plants_non-redundant_pfms_meme.txt	MA2037.2	NAC096	CAAGTAA	1.85e-2	1.00e0	9.27e2	411	206	206	206	3	205	99.51	198	96.12
122	data/reference/motifs/JASPAR2026_CORE_plants_non-redundant_pfms_meme.txt	MA2610.1	ereb97	CGCCGCCGCC	5.00e-1	1.00e0	9.27e2	11	206	206	206	3	1	0.49	0	0.00
123	data/reference/motifs/JASPAR2026_CORE_plants_non-redundant_pfms_meme.txt	MA1832.2	Zm00001d002364	CGCCGCCGCC	5.00e-1	1.00e0	9.27e2	11	206	206	206	3	1	0.49	0	0.00
124	data/reference/motifs/JASPAR2026_CORE_plants_non-redundant_pfms_meme.txt	MA1818.1	Zm00001d052229	CGCCGCCGCC	5.00e-1	1.00e0	9.27e2	11	206	206	206	3	1	0.49	0	0.00
125	data/reference/motifs/JASPAR2026_CORE_plants_non-redundant_pfms_meme.txt	MA2049.2	NAC053	CAAGAAA	1.87e-2	1.00e0	9.27e2	409	206	206	206	10	25	12.14	12	5.83
126	data/reference/motifs/JASPAR2026_CORE_plants_non-redundant_pfms_meme.txt	MA1024.2	HAT1	YAATCATK	1.93e-2	1.00e0	9.27e2	399	206	206	206	2	187	90.78	172	83.50
127	data/reference/motifs/JASPAR2026_CORE_plants_non-redundant_pfms_meme.txt	MA2499.1	LSH2	TACTGTTCA	1.90e-2	1.00e0	9.27e2	406	206	206	206	6	107	51.94	85	41.26
128	data/reference/motifs/JASPAR2026_CORE_plants_non-redundant_pfms_meme.txt	MA2725.1	SlWRKY6	AAAGTCAAC	1.91e-2	1.00e0	9.27e2	409	206	206	206	8	39	18.93	23	11.17
129	data/reference/motifs/JASPAR2026_CORE_plants_non-redundant_pfms_meme.txt	MA0939.1	NAC079	ACACGCAA	3.05e-2	1.00e0	9.27e2	256	206	206	206	5	5	2.43	0	0.00
130	data/reference/motifs/JASPAR2026_CORE_plants_non-redundant_pfms_meme.txt	MA1061.2	SPT	CCACGTG	2.01e-2	1.00e0	9.27e2	393	206	206	206	4	142	68.93	121	58.74
131	data/reference/motifs/JASPAR2026_CORE_plants_non-redundant_pfms_meme.txt	MA2740.1	SlTCP15	GTGGGACCCA	3.05e-2	1.00e0	9.27e2	263	206	206	206	9	5	2.43	0	0.00
132	data/reference/motifs/JASPAR2026_CORE_plants_non-redundant_pfms_meme.txt	MA1416.1	RAMOSA1	GAGAGAGAGAGAGA	7.00e-2	1.00e0	9.27e2	117	206	206	206	13	9	4.37	3	1.46
133	data/reference/motifs/JASPAR2026_CORE_plants_non-redundant_pfms_meme.txt	MA2043.2	NAC004	CAAGAAA	2.00e-2	1.00e0	9.27e2	411	206	206	206	6	155	75.24	135	65.53
134	data/reference/motifs/JASPAR2026_CORE_plants_non-redundant_pfms_meme.txt	MA1662.2	AT3G10030	TTAACAGA	2.05e-2	1.00e0	9.27e2	404	206	206	206	4	154	74.76	134	65.05
135	data/reference/motifs/JASPAR2026_CORE_plants_non-redundant_pfms_meme.txt	MA2451.1	SPL7B	AGCGGTASTACCGCT	5.00e-1	1.00e0	9.27e2	12	206	206	206	2	3	1.46	2	0.97
136	data/reference/motifs/JASPAR2026_CORE_plants_non-redundant_pfms_meme.txt	MA0576.2	RAX3	GGGGGTAGGTGS	1.69e-1	1.00e0	9.27e2	45	206	206	206	2	7	3.40	3	1.46
137	data/reference/motifs/JASPAR2026_CORE_plants_non-redundant_pfms_meme.txt	MA2659.1	GLYMA-08G281200	YTTGACTAATTAGGGTTWAKKGDT	3.28e-1	1.00e0	9.27e2	21	206	206	206	1	12	5.83	9	4.37
138	data/reference/motifs/JASPAR2026_CORE_plants_non-redundant_pfms_meme.txt	MA1264.2	ERF095	RYGGCGGCGGHGG	1.10e-1	1.00e0	9.27e2	73	206	206	206	3	8	3.88	3	1.46
139	data/reference/motifs/JASPAR2026_CORE_plants_non-redundant_pfms_meme.txt	MA2378.1	CRF3	GCCG	2.07e-2	1.00e0	9.27e2	412	206	206	206	11	196	95.15	184	89.32
140	data/reference/motifs/JASPAR2026_CORE_plants_non-redundant_pfms_meme.txt	MA2091.1	PK27109.1	GACAGCTG	2.65e-2	1.00e0	9.27e2	323	206	206	206	4	52	25.24	35	16.99
141	data/reference/motifs/JASPAR2026_CORE_plants_non-redundant_pfms_meme.txt	MA0954.3	ATHB-7	TCAATGATTGR	2.36e-2	1.00e0	9.27e2	365	206	206	206	2	147	71.36	127	61.65
142	data/reference/motifs/JASPAR2026_CORE_plants_non-redundant_pfms_meme.txt	MA2019.2	HSFA1B	GAAACTTC	2.24e-2	1.00e0	9.27e2	385	206	206	206	1	198	96.12	187	90.78
143	data/reference/motifs/JASPAR2026_CORE_plants_non-redundant_pfms_meme.txt	MA2718.1	Sl-ERF_A_3	GGYGGCGGCGGCGGCGG	2.25e-1	1.00e0	9.27e2	34	206	206	206	3	5	2.43	2	0.97
144	data/reference/motifs/JASPAR2026_CORE_plants_non-redundant_pfms_meme.txt	MA2654.1	GLYMA-05G127600	GGTCAAC	2.13e-2	1.00e0	9.27e2	407	206	206	206	4	176	85.44	159	77.18
145	data/reference/motifs/JASPAR2026_CORE_plants_non-redundant_pfms_meme.txt	MA2743.1	SlWRKY23	AAAGTCAAM	2.21e-2	1.00e0	9.27e2	397	206	206	206	5	64	31.07	45	21.84
146	data/reference/motifs/JASPAR2026_CORE_plants_non-redundant_pfms_meme.txt	MA2347.1	OS04G0486400	TAACC	2.14e-2	1.00e0	9.27e2	412	206	206	206	46	152	73.79	132	64.08
147	data/reference/motifs/JASPAR2026_CORE_plants_non-redundant_pfms_meme.txt	MA1810.2	GLYMA-08G357600	ATGCATGCA	2.41e-2	1.00e0	9.27e2	368	206	206	206	9	37	17.96	22	10.68
148	data/reference/motifs/JASPAR2026_CORE_plants_non-redundant_pfms_meme.txt	MA1819.2	Zm00001d005892	CGCCGCCG	4.66e-2	1.00e0	9.27e2	194	206	206	206	1	106	51.46	88	42.72
149	data/reference/motifs/JASPAR2026_CORE_plants_non-redundant_pfms_meme.txt	MA2073.1	PK16340.1	CKTT	2.20e-2	1.00e0	9.27e2	412	206	206	206	95	55	26.70	37	17.96
150	data/reference/motifs/JASPAR2026_CORE_plants_non-redundant_pfms_meme.txt	MA1326.2	ZHD5	GTRATTAR	2.25e-2	1.00e0	9.27e2	406	206	206	206	7	95	46.12	74	35.92
151	data/reference/motifs/JASPAR2026_CORE_plants_non-redundant_pfms_meme.txt	MA2372.1	AZF1	WCACTVWCW	2.25e-2	1.00e0	9.27e2	409	206	206	206	11	31	15.05	17	8.25
152	data/reference/motifs/JASPAR2026_CORE_plants_non-redundant_pfms_meme.txt	MA2379.1	DOF3.1	CKTT	2.27e-2	1.00e0	9.27e2	412	206	206	206	105	160	77.67	141	68.45
153	data/reference/motifs/JASPAR2026_CORE_plants_non-redundant_pfms_meme.txt	MA2724.1	SlTCP18	GTGGGVCCCAC	5.25e-2	1.00e0	9.27e2	179	206	206	206	6	8	3.88	2	0.97
154	data/reference/motifs/JASPAR2026_CORE_plants_non-redundant_pfms_meme.txt	MA2719.1	lat61	CRCACGTGYG	1.24e-1	1.00e0	9.27e2	71	206	206	206	6	3	1.46	0	0.00
155	data/reference/motifs/JASPAR2026_CORE_plants_non-redundant_pfms_meme.txt	MA2609.1	ereb172	CAGCCGCA	2.81e-2	1.00e0	9.27e2	336	206	206	206	1	176	85.44	160	77.67
156	data/reference/motifs/JASPAR2026_CORE_plants_non-redundant_pfms_meme.txt	MA1799.2	SPL10	GTACGR	2.38e-2	1.00e0	9.27e2	397	206	206	206	5	123	59.71	102	49.51
157	data/reference/motifs/JASPAR2026_CORE_plants_non-redundant_pfms_meme.txt	MA2445.1	SPL4D	GGTACTACCGCT	4.69e-2	1.00e0	9.27e2	202	206	206	206	1	110	53.40	92	44.66
158	data/reference/motifs/JASPAR2026_CORE_plants_non-redundant_pfms_meme.txt	MA2720.1	nacnor	ACACGTAACT	2.65e-2	1.00e0	9.27e2	360	206	206	206	1	187	90.78	173	83.98
159	data/reference/motifs/JASPAR2026_CORE_plants_non-redundant_pfms_meme.txt	MA0574.1	MYB15	CRACGGTAGGTGG	2.40e-1	1.00e0	9.27e2	35	206	206	206	1	20	9.71	15	7.28
160	data/reference/motifs/JASPAR2026_CORE_plants_non-redundant_pfms_meme.txt	MA1282.2	TCP13	GTGGGGACCAC	1.24e-1	1.00e0	9.27e2	74	206	206	206	1	42	20.39	32	15.53
161	data/reference/motifs/JASPAR2026_CORE_plants_non-redundant_pfms_meme.txt	MA2647.1	GLYMA-12G226000	AAGTACAA	2.41e-2	1.00e0	9.27e2	409	206	206	206	8	120	58.25	99	48.06
162	data/reference/motifs/JASPAR2026_CORE_plants_non-redundant_pfms_meme.txt	MA1736.2	AT5G04390	TCACT	2.41e-2	1.00e0	9.27e2	411	206	206	206	13	37	17.96	22	10.68
163	data/reference/motifs/JASPAR2026_CORE_plants_non-redundant_pfms_meme.txt	MA2739.1	SlTCP12	GTGGGACCCAC	5.59e-2	1.00e0	9.27e2	180	206	206	206	5	11	5.34	4	1.94
164	data/reference/motifs/JASPAR2026_CORE_plants_non-redundant_pfms_meme.txt	MA0969.2	CAMTA2	VCGCGT	2.56e-2	1.00e0	9.27e2	396	206	206	206	8	70	33.98	51	24.76
165	data/reference/motifs/JASPAR2026_CORE_plants_non-redundant_pfms_meme.txt	MA1222.1	ERF014	CCDCCDCCACCGMCA	9.85e-2	1.00e0	9.27e2	105	206	206	206	2	20	9.71	12	5.83
166	data/reference/motifs/JASPAR2026_CORE_plants_non-redundant_pfms_meme.txt	MA2436.1	SPL18A	GCGGTASTACCGCT	2.51e-1	1.00e0	9.27e2	36	206	206	206	2	6	2.91	3	1.46
167	data/reference/motifs/JASPAR2026_CORE_plants_non-redundant_pfms_meme.txt	MA1659.2	ABF4	CCACGTS	2.60e-2	1.00e0	9.27e2	404	206	206	206	4	164	79.61	146	70.87
168	data/reference/motifs/JASPAR2026_CORE_plants_non-redundant_pfms_meme.txt	MA1000.3	ERF105	RYGGCGGCGG	1.24e-1	1.00e0	9.27e2	81	206	206	206	4	3	1.46	0	0.00
169	data/reference/motifs/JASPAR2026_CORE_plants_non-redundant_pfms_meme.txt	MA1823.2	Zm00001d027846	AAAGAAAA	2.61e-2	1.00e0	9.27e2	412	206	206	206	48	28	13.59	15	7.28
170	data/reference/motifs/JASPAR2026_CORE_plants_non-redundant_pfms_meme.txt	MA1758.2	HSFA1E	AGAAGCTTCTAGAA	9.37e-2	1.00e0	9.27e2	115	206	206	206	1	64	31.07	51	24.76
171	data/reference/motifs/JASPAR2026_CORE_plants_non-redundant_pfms_meme.txt	MA2085.1	PK23763.1	CTTTW	2.62e-2	1.00e0	9.27e2	412	206	206	206	37	197	95.63	186	90.29
172	data/reference/motifs/JASPAR2026_CORE_plants_non-redundant_pfms_meme.txt	MA1757.2	HDG7	DCATTAAWTR	2.82e-2	1.00e0	9.27e2	388	206	206	206	1	199	96.60	189	91.75
173	data/reference/motifs/JASPAR2026_CORE_plants_non-redundant_pfms_meme.txt	MA2417.1	EREB71	CACCGVCYMC	5.25e-2	1.00e0	9.27e2	210	206	206	206	6	8	3.88	2	0.97
174	data/reference/motifs/JASPAR2026_CORE_plants_non-redundant_pfms_meme.txt	MA1370.2	IDD5	TTTTGTCGTTTWST	5.42e-2	1.00e0	9.27e2	207	206	206	206	2	48	23.30	34	16.50
175	data/reference/motifs/JASPAR2026_CORE_plants_non-redundant_pfms_meme.txt	MA1369.2	HDG1	YAATTAATGM	2.85e-2	1.00e0	9.27e2	395	206	206	206	2	186	90.29	172	83.50
176	data/reference/motifs/JASPAR2026_CORE_plants_non-redundant_pfms_meme.txt	MA2748.1	TraesCS6B02G321100	CAATTATTG	2.88e-2	1.00e0	9.27e2	393	206	206	206	1	201	97.57	192	93.20
177	data/reference/motifs/JASPAR2026_CORE_plants_non-redundant_pfms_meme.txt	MA2644.1	GLYMA-14G030700	AACGACGGCA	4.45e-2	1.00e0	9.27e2	257	206	206	206	6	13	6.31	5	2.43
178	data/reference/motifs/JASPAR2026_CORE_plants_non-redundant_pfms_meme.txt	MA2412.1	ZmbZIP72	GATGACATCA	3.10e-2	1.00e0	9.27e2	371	206	206	206	8	9	4.37	2	0.97
179	data/reference/motifs/JASPAR2026_CORE_plants_non-redundant_pfms_meme.txt	MA2104.1	IDD11	AAAACGACAAAA	3.82e-2	1.00e0	9.27e2	302	206	206	206	3	39	18.93	25	12.14
180	data/reference/motifs/JASPAR2026_CORE_plants_non-redundant_pfms_meme.txt	MA2038.2	NAC103	CAAGTTA	2.81e-2	1.00e0	9.27e2	412	206	206	206	13	46	22.33	30	14.56
181	data/reference/motifs/JASPAR2026_CORE_plants_non-redundant_pfms_meme.txt	MA1673.2	LBD18	GCCGGAAA	3.05e-2	1.00e0	9.27e2	381	206	206	206	8	35	16.99	21	10.19
182	data/reference/motifs/JASPAR2026_CORE_plants_non-redundant_pfms_meme.txt	MA1675.2	NAC029	ACGCAACT	3.06e-2	1.00e0	9.27e2	382	206	206	206	5	48	23.30	32	15.53
183	data/reference/motifs/JASPAR2026_CORE_plants_non-redundant_pfms_meme.txt	MA0944.2	ARF8	TGTCGG	2.85e-2	1.00e0	9.27e2	412	206	206	206	12	169	82.04	152	73.79
184	data/reference/motifs/JASPAR2026_CORE_plants_non-redundant_pfms_meme.txt	MA1259.2	ERF023	TGTCGGTGR	1.08e-1	1.00e0	9.27e2	111	206	206	206	2	16	7.77	9	4.37
185	data/reference/motifs/JASPAR2026_CORE_plants_non-redundant_pfms_meme.txt	MA2391.1	Lg3	TGACRKC	2.95e-2	1.00e0	9.27e2	408	206	206	206	8	55	26.70	38	18.45
186	data/reference/motifs/JASPAR2026_CORE_plants_non-redundant_pfms_meme.txt	MA2418.1	IG1	CTGCCGCCA	4.22e-2	1.00e0	9.27e2	286	206	206	206	3	58	28.16	42	20.39
187	data/reference/motifs/JASPAR2026_CORE_plants_non-redundant_pfms_meme.txt	MA1289.2	TCP3	GGGACCAC	1.10e-1	1.00e0	9.27e2	110	206	206	206	1	61	29.61	49	23.79
188	data/reference/motifs/JASPAR2026_CORE_plants_non-redundant_pfms_meme.txt	MA1789.1	NAC071	CTTSWHYYTCAMGYA	6.16e-2	1.00e0	9.27e2	201	206	206	206	5	4	1.94	0	0.00
189	data/reference/motifs/JASPAR2026_CORE_plants_non-redundant_pfms_meme.txt	MA1056.2	SPL11	CGTACGGA	6.83e-2	1.00e0	9.27e2	182	206	206	206	1	99	48.06	83	40.29
190	data/reference/motifs/JASPAR2026_CORE_plants_non-redundant_pfms_meme.txt	MA1166.2	PHL12	AARRGAATATTC	6.16e-2	1.00e0	9.27e2	202	206	206	206	5	4	1.94	0	0.00
191	data/reference/motifs/JASPAR2026_CORE_plants_non-redundant_pfms_meme.txt	MA1014.1	GATA11	TAGATCTG	8.89e-2	1.00e0	9.27e2	140	206	206	206	4	14	6.80	7	3.40
192	data/reference/motifs/JASPAR2026_CORE_plants_non-redundant_pfms_meme.txt	MA0571.2	ANT	GCACRRWTCCCVAKGY	3.50e-1	1.00e0	9.27e2	29	206	206	206	1	16	7.77	13	6.31
193	data/reference/motifs/JASPAR2026_CORE_plants_non-redundant_pfms_meme.txt	MA0563.2	SEP3	CYWTTTTTGG	3.05e-2	1.00e0	9.27e2	412	206	206	206	21	5	2.43	0	0.00
194	data/reference/motifs/JASPAR2026_CORE_plants_non-redundant_pfms_meme.txt	MA1265.3	ERF015	CACCGACA	4.36e-2	1.00e0	9.27e2	289	206	206	206	6	10	4.85	3	1.46
195	data/reference/motifs/JASPAR2026_CORE_plants_non-redundant_pfms_meme.txt	MA1674.3	NAC017	CAAGTAA	3.10e-2	1.00e0	9.27e2	412	206	206	206	4	204	99.03	197	95.63
196	data/reference/motifs/JASPAR2026_CORE_plants_non-redundant_pfms_meme.txt	MA1005.3	ERF082	CCGCCGCCR	6.09e-2	1.00e0	9.27e2	211	206	206	206	5	6	2.91	1	0.49
197	data/reference/motifs/JASPAR2026_CORE_plants_non-redundant_pfms_meme.txt	MA1409.2	OsRR22	AGATACGST	3.41e-2	1.00e0	9.27e2	379	206	206	206	1	195	94.66	184	89.32
198	data/reference/motifs/JASPAR2026_CORE_plants_non-redundant_pfms_meme.txt	MA1332.2	BEH2	CACACGTGCR	4.17e-1	1.00e0	9.27e2	24	206	206	206	1	13	6.31	11	5.34
199	data/reference/motifs/JASPAR2026_CORE_plants_non-redundant_pfms_meme.txt	MA1833.2	Zm00001d049364	CCGCCGCCGCC	9.84e-2	1.00e0	9.27e2	135	206	206	206	2	42	20.39	31	15.05
200	data/reference/motifs/JASPAR2026_CORE_plants_non-redundant_pfms_meme.txt	MA1208.2	GT-2	WTTTTTACCGY	3.24e-2	1.00e0	9.27e2	411	206	206	206	9	36	17.48	22	10.68
201	data/reference/motifs/JASPAR2026_CORE_plants_non-redundant_pfms_meme.txt	MA1089.2	WRKY57	RGTCAA	3.24e-2	1.00e0	9.27e2	412	206	206	206	23	184	89.32	170	82.52
202	data/reference/motifs/JASPAR2026_CORE_plants_non-redundant_pfms_meme.txt	MA1268.2	CDF5	TTYACTTTTTYTTTTTTTTTT	3.38e-2	1.00e0	9.27e2	396	206	206	206	15	7	3.40	1	0.49
203	data/reference/motifs/JASPAR2026_CORE_plants_non-redundant_pfms_meme.txt	MA2742.1	SlWRKY11	GTTGACTTTT	6.09e-2	1.00e0	9.27e2	220	206	206	206	4	6	2.91	1	0.49
204	data/reference/motifs/JASPAR2026_CORE_plants_non-redundant_pfms_meme.txt	MA1817.2	Zm00001d020267	CGCCGCCGCC	8.60e-2	1.00e0	9.27e2	156	206	206	206	7	10	4.85	4	1.94
205	data/reference/motifs/JASPAR2026_CORE_plants_non-redundant_pfms_meme.txt	MA1158.2	MGP	AAAACGACAAAAA	6.71e-2	1.00e0	9.27e2	202	206	206	206	2	38	18.45	26	12.62
206	data/reference/motifs/JASPAR2026_CORE_plants_non-redundant_pfms_meme.txt	MA1427.3	NAC028	CAAGTAA	3.30e-2	1.00e0	9.27e2	411	206	206	206	15	26	12.62	14	6.80
207	data/reference/motifs/JASPAR2026_CORE_plants_non-redundant_pfms_meme.txt	MA2055.1	PK00315.1	GACAGCTR	3.38e-2	1.00e0	9.27e2	404	206	206	206	1	205	99.51	199	96.60
208	data/reference/motifs/JASPAR2026_CORE_plants_non-redundant_pfms_meme.txt	MA2345.1	OS02G0104500	GTAAAW	3.32e-2	1.00e0	9.27e2	412	206	206	206	37	198	96.12	188	91.26
209	data/reference/motifs/JASPAR2026_CORE_plants_non-redundant_pfms_meme.txt	MA2666.1	GLYMA-12G117000	GGMGGCGGYGGCGGMGG	1.69e-1	1.00e0	9.27e2	74	206	206	206	5	7	3.40	3	1.46
210	data/reference/motifs/JASPAR2026_CORE_plants_non-redundant_pfms_meme.txt	MA0938.3	NAC058	TTACKTGTDNMACAAGWAA	2.03e-1	1.00e0	9.27e2	61	206	206	206	1	34	16.50	27	13.11
211	data/reference/motifs/JASPAR2026_CORE_plants_non-redundant_pfms_meme.txt	MA2430.1	SPL14B	GCGGTASTACCGC	1.79e-1	1.00e0	9.27e2	70	206	206	206	1	39	18.93	31	15.05
212	data/reference/motifs/JASPAR2026_CORE_plants_non-redundant_pfms_meme.txt	MA0959.1	AIB	GCACGTGC	7.75e-2	1.00e0	9.27e2	179	206	206	206	6	17	8.25	9	4.37
213	data/reference/motifs/JASPAR2026_CORE_plants_non-redundant_pfms_meme.txt	MA0053.1	MNB1A	AAAGC	3.38e-2	1.00e0	9.27e2	412	206	206	206	21	7	3.40	1	0.49
214	data/reference/motifs/JASPAR2026_CORE_plants_non-redundant_pfms_meme.txt	MA2433.1	SPL15D	GCGGTACTAC	5.30e-2	1.00e0	9.27e2	265	206	206	206	4	22	10.68	12	5.83
215	data/reference/motifs/JASPAR2026_CORE_plants_non-redundant_pfms_meme.txt	MA0586.3	SPL14	TCCGTAC	1.16e-1	1.00e0	9.27e2	122	206	206	206	2	17	8.25	10	4.85
216	data/reference/motifs/JASPAR2026_CORE_plants_non-redundant_pfms_meme.txt	MA2441.1	SPL3A	AGCGGTACTACC	7.19e-2	1.00e0	9.27e2	198	206	206	206	2	49	23.79	36	17.48
217	data/reference/motifs/JASPAR2026_CORE_plants_non-redundant_pfms_meme.txt	MA1032.2	DREB1G	TGCCGACA	1.43e-1	1.00e0	9.27e2	92	206	206	206	1	51	24.76	41	19.90
218	data/reference/motifs/JASPAR2026_CORE_plants_non-redundant_pfms_meme.txt	MA2426.1	SPL11B	AGCGGTASTACCGCT	6.14e-1	1.00e0	9.27e2	15	206	206	206	2	6	2.91	6	2.91
219	data/reference/motifs/JASPAR2026_CORE_plants_non-redundant_pfms_meme.txt	MA2723.1	Solyc06g060230	ACACGTCTCT	3.80e-2	1.00e0	9.27e2	377	206	206	206	1	194	94.17	183	88.83
220	data/reference/motifs/JASPAR2026_CORE_plants_non-redundant_pfms_meme.txt	MA1285.2	TCP9	GTGGGTCCCAC	1.82e-1	1.00e0	9.27e2	72	206	206	206	1	40	19.42	32	15.53
221	data/reference/motifs/JASPAR2026_CORE_plants_non-redundant_pfms_meme.txt	MA1350.1	BZIP42	TGCTGACGTGGC	5.00e-1	1.00e0	9.27e2	21	206	206	206	1	11	5.34	10	4.85
222	data/reference/motifs/JASPAR2026_CORE_plants_non-redundant_pfms_meme.txt	MA2046.2	NAC035	CACGGCA	3.68e-2	1.00e0	9.27e2	397	206	206	206	6	76	36.89	58	28.16
223	data/reference/motifs/JASPAR2026_CORE_plants_non-redundant_pfms_meme.txt	MA1058.2	SPL4	GTACG	3.56e-2	1.00e0	9.27e2	412	206	206	206	34	131	63.59	112	54.37
224	data/reference/motifs/JASPAR2026_CORE_plants_non-redundant_pfms_meme.txt	MA1380.1	TCX6	WTTTAAATTTTTWAA	3.82e-2	1.00e0	9.27e2	384	206	206	206	1	197	95.63	187	90.78
225	data/reference/motifs/JASPAR2026_CORE_plants_non-redundant_pfms_meme.txt	MA1228.2	ERF091	RYGGCGGCGGHGG	2.25e-1	1.00e0	9.27e2	58	206	206	206	3	5	2.43	2	0.97
226	data/reference/motifs/JASPAR2026_CORE_plants_non-redundant_pfms_meme.txt	MA2461.1	WOX13	TTGATTGA	3.59e-2	1.00e0	9.27e2	412	206	206	206	13	32	15.53	19	9.22
227	data/reference/motifs/JASPAR2026_CORE_plants_non-redundant_pfms_meme.txt	MA1046.1	NTL9	TTAAGTAAT	5.86e-2	1.00e0	9.27e2	254	206	206	206	2	77	37.38	61	29.61
228	data/reference/motifs/JASPAR2026_CORE_plants_non-redundant_pfms_meme.txt	MA1279.2	DOF1.5	AAADDAAAAAGTRAAA	3.67e-2	1.00e0	9.27e2	410	206	206	206	9	53	25.73	37	17.96
229	data/reference/motifs/JASPAR2026_CORE_plants_non-redundant_pfms_meme.txt	MA1276.2	DOF3.5	AWAAAGK	3.71e-2	1.00e0	9.27e2	406	206	206	206	6	101	49.03	82	39.81
230	data/reference/motifs/JASPAR2026_CORE_plants_non-redundant_pfms_meme.txt	MA1290.1	TCP17	GTGGTCCCCAC	1.10e-1	1.00e0	9.27e2	137	206	206	206	3	8	3.88	3	1.46
231	data/reference/motifs/JASPAR2026_CORE_plants_non-redundant_pfms_meme.txt	MA2075.1	PK18009.1	ACACGTG	3.75e-2	1.00e0	9.27e2	405	206	206	206	6	121	58.74	102	49.51
232	data/reference/motifs/JASPAR2026_CORE_plants_non-redundant_pfms_meme.txt	MA1094.3	WRKY8	AAAAGTCAACG	5.65e-2	1.00e0	9.27e2	270	206	206	206	2	74	35.92	58	28.16
233	data/reference/motifs/JASPAR2026_CORE_plants_non-redundant_pfms_meme.txt	MA2653.1	GLYMA-03G042700	GTTTGACTTT	3.82e-2	1.00e0	9.27e2	401	206	206	206	8	19	9.22	9	4.37
234	data/reference/motifs/JASPAR2026_CORE_plants_non-redundant_pfms_meme.txt	MA1043.2	NAC083	YACGYAA	1.16e-1	1.00e0	9.27e2	133	206	206	206	2	17	8.25	10	4.85
235	data/reference/motifs/JASPAR2026_CORE_plants_non-redundant_pfms_meme.txt	MA2736.1	la3	AACACGTG	4.58e-2	1.00e0	9.27e2	338	206	206	206	4	75	36.41	58	28.16
236	data/reference/motifs/JASPAR2026_CORE_plants_non-redundant_pfms_meme.txt	MA2444.1	SPL4A	GCGGTASTACCGC	2.72e-1	1.00e0	9.27e2	49	206	206	206	1	27	13.11	22	10.68
237	data/reference/motifs/JASPAR2026_CORE_plants_non-redundant_pfms_meme.txt	MA1225.1	ERF5	CCDCCGCCGCCGCCR	1.69e-1	1.00e0	9.27e2	84	206	206	206	4	7	3.40	3	1.46
238	data/reference/motifs/JASPAR2026_CORE_plants_non-redundant_pfms_meme.txt	MA1356.1	TRP2	AACCCTAAACCCTAAACCCTA	8.58e-1	1.00e0	9.27e2	8	206	206	206	1	3	1.46	5	2.43
239	data/reference/motifs/JASPAR2026_CORE_plants_non-redundant_pfms_meme.txt	MA1750.1	E2FE	TTTTTGGCGGGAAAA	8.58e-1	1.00e0	9.27e2	8	206	206	206	1	3	1.46	5	2.43
240	data/reference/motifs/JASPAR2026_CORE_plants_non-redundant_pfms_meme.txt	MA1732.1	E2FD	TTTTTGGCGGGAAAA	8.58e-1	1.00e0	9.27e2	8	206	206	206	1	3	1.46	5	2.43
241	data/reference/motifs/JASPAR2026_CORE_plants_non-redundant_pfms_meme.txt	MA0968.3	BZIP68	TGCCACGTSA	9.53e-2	1.00e0	9.27e2	164	206	206	206	1	89	43.20	75	36.41
242	data/reference/motifs/JASPAR2026_CORE_plants_non-redundant_pfms_meme.txt	MA1246.2	LEP	CKCCGCCGYC	1.05e-1	1.00e0	9.27e2	150	206	206	206	3	21	10.19	13	6.31
243	data/reference/motifs/JASPAR2026_CORE_plants_non-redundant_pfms_meme.txt	MA1368.3	GT-4	TAACTATGGTTA	5.65e-2	1.00e0	9.27e2	280	206	206	206	1	148	71.84	132	64.08
244	data/reference/motifs/JASPAR2026_CORE_plants_non-redundant_pfms_meme.txt	MA0561.1	PIF4	CACGTGSC	1.51e-1	1.00e0	9.27e2	98	206	206	206	2	22	10.68	15	7.28
245	data/reference/motifs/JASPAR2026_CORE_plants_non-redundant_pfms_meme.txt	MA0941.2	ABF2	ACACGTG	4.03e-2	1.00e0	9.27e2	397	206	206	206	5	141	68.45	123	59.71
246	data/reference/motifs/JASPAR2026_CORE_plants_non-redundant_pfms_meme.txt	MA0568.2	MYC3	CACGTG	4.24e-2	1.00e0	9.27e2	380	206	206	206	6	136	66.02	118	57.28
247	data/reference/motifs/JASPAR2026_CORE_plants_non-redundant_pfms_meme.txt	MA2029.2	MYB88	ACGCTCCTC	8.35e-2	1.00e0	9.27e2	195	206	206	206	1	105	50.97	90	43.69
248	data/reference/motifs/JASPAR2026_CORE_plants_non-redundant_pfms_meme.txt	MA0557.2	FHY3	CACGCGCT	6.16e-2	1.00e0	9.27e2	267	206	206	206	8	4	1.94	0	0.00
249	data/reference/motifs/JASPAR2026_CORE_plants_non-redundant_pfms_meme.txt	MA0562.1	PIF5	TCACGTGS	1.69e-1	1.00e0	9.27e2	89	206	206	206	1	49	23.79	40	19.42
250	data/reference/motifs/JASPAR2026_CORE_plants_non-redundant_pfms_meme.txt	MA2614.1	ereb198	SCGCCGCCGCCR	2.23e-1	1.00e0	9.27e2	66	206	206	206	3	10	4.85	6	2.91
251	data/reference/motifs/JASPAR2026_CORE_plants_non-redundant_pfms_meme.txt	MA2087.1	PK24205.1	CACGTGKC	1.40e-1	1.00e0	9.27e2	121	206	206	206	1	66	32.04	55	26.70
252	data/reference/motifs/JASPAR2026_CORE_plants_non-redundant_pfms_meme.txt	MA1170.2	MYB118	RWCCGTTACRWW	1.08e-1	1.00e0	9.27e2	157	206	206	206	3	5	2.43	1	0.49
253	data/reference/motifs/JASPAR2026_CORE_plants_non-redundant_pfms_meme.txt	MA1287.2	TCP21	GTGGGMCCCAC	1.25e-1	1.00e0	9.27e2	136	206	206	206	1	74	35.92	62	30.10
254	data/reference/motifs/JASPAR2026_CORE_plants_non-redundant_pfms_meme.txt	MA2057.1	PK01630.1	GCACGTG	4.44e-2	1.00e0	9.27e2	384	206	206	206	4	130	63.11	112	54.37
255	data/reference/motifs/JASPAR2026_CORE_plants_non-redundant_pfms_meme.txt	MA2396.1	IDD1	TTTTGTCGTTTT	7.36e-2	1.00e0	9.27e2	232	206	206	206	2	50	24.27	37	17.96
256	data/reference/motifs/JASPAR2026_CORE_plants_non-redundant_pfms_meme.txt	MA1744.2	BZIP30	GMCAGCTGK	4.41e-2	1.00e0	9.27e2	390	206	206	206	4	131	63.59	113	54.85
257	data/reference/motifs/JASPAR2026_CORE_plants_non-redundant_pfms_meme.txt	MA1807.2	ZHD10	TAATTART	4.52e-2	1.00e0	9.27e2	383	206	206	206	5	74	35.92	57	27.67
258	data/reference/motifs/JASPAR2026_CORE_plants_non-redundant_pfms_meme.txt	MA2351.1	OsEIL3	AGRTACAT	4.36e-2	1.00e0	9.27e2	399	206	206	206	1	203	98.54	196	95.15
259	data/reference/motifs/JASPAR2026_CORE_plants_non-redundant_pfms_meme.txt	MA1685.2	ARF10	ARNGGGAGACA	6.09e-2	1.00e0	9.27e2	289	206	206	206	7	6	2.91	1	0.49
260	data/reference/motifs/JASPAR2026_CORE_plants_non-redundant_pfms_meme.txt	MA0558.2	FLC	CCMAAAATRGAAAG	4.68e-2	1.00e0	9.27e2	378	206	206	206	3	108	52.43	90	43.69
261	data/reference/motifs/JASPAR2026_CORE_plants_non-redundant_pfms_meme.txt	MA2408.1	BAD1	CCGGGCCCCSVC	1.86e-1	1.00e0	9.27e2	86	206	206	206	7	4	1.94	1	0.49
262	data/reference/motifs/JASPAR2026_CORE_plants_non-redundant_pfms_meme.txt	MA1384.1	PHL7	AAARGAATATTCY	7.38e-2	1.00e0	9.27e2	240	206	206	206	2	62	30.10	48	23.30
263	data/reference/motifs/JASPAR2026_CORE_plants_non-redundant_pfms_meme.txt	MA2443.1	SPL3D	GCGGTASTACCGC	3.20e-1	1.00e0	9.27e2	46	206	206	206	1	25	12.14	21	10.19
264	data/reference/motifs/JASPAR2026_CORE_plants_non-redundant_pfms_meme.txt	MA1663.3	NAC050	CAAGTAAC	4.40e-2	1.00e0	9.27e2	409	206	206	206	4	171	83.01	156	75.73
265	data/reference/motifs/JASPAR2026_CORE_plants_non-redundant_pfms_meme.txt	MA1088.2	WRKY48	GTCAA	4.40e-2	1.00e0	9.27e2	412	206	206	206	35	171	83.01	156	75.73
266	data/reference/motifs/JASPAR2026_CORE_plants_non-redundant_pfms_meme.txt	MA1809.2	GLYMA-07G038400	CTGACAC	4.45e-2	1.00e0	9.27e2	408	206	206	206	3	201	97.57	193	93.69
267	data/reference/motifs/JASPAR2026_CORE_plants_non-redundant_pfms_meme.txt	MA1317.2	WRKY50	TTGACTTTT	5.58e-2	1.00e0	9.27e2	328	206	206	206	3	49	23.79	35	16.99
268	data/reference/motifs/JASPAR2026_CORE_plants_non-redundant_pfms_meme.txt	MA1034.1	Os05g0497200	CGSCGCCR	2.49e-1	1.00e0	9.27e2	64	206	206	206	4	2	0.97	0	0.00
269	data/reference/motifs/JASPAR2026_CORE_plants_non-redundant_pfms_meme.txt	MA1021.2	PHYPADRAFT_48267	CACGTGC	7.69e-2	1.00e0	9.27e2	241	206	206	206	3	52	25.24	39	18.93
270	data/reference/motifs/JASPAR2026_CORE_plants_non-redundant_pfms_meme.txt	MA2403.1	DVH24_040989	TTAACC	4.52e-2	1.00e0	9.27e2	412	206	206	206	28	149	72.33	132	64.08
271	data/reference/motifs/JASPAR2026_CORE_plants_non-redundant_pfms_meme.txt	MA1690.2	ARF25	ARMGGGRGACAM	7.66e-2	1.00e0	9.27e2	243	206	206	206	3	34	16.50	23	11.17
272	data/reference/motifs/JASPAR2026_CORE_plants_non-redundant_pfms_meme.txt	MA1055.3	SPL1	TGTACGGA	5.44e-2	1.00e0	9.27e2	343	206	206	206	2	130	63.11	113	54.85
273	data/reference/motifs/JASPAR2026_CORE_plants_non-redundant_pfms_meme.txt	MA1391.3	MYB33	ATAACCGTAW	4.85e-2	1.00e0	9.27e2	385	206	206	206	6	17	8.25	8	3.88
274	data/reference/motifs/JASPAR2026_CORE_plants_non-redundant_pfms_meme.txt	MA1415.2	REF6	RAAACAGAG	5.74e-2	1.00e0	9.27e2	326	206	206	206	1	170	82.52	156	75.73
275	data/reference/motifs/JASPAR2026_CORE_plants_non-redundant_pfms_meme.txt	MA1067.1	TCP5	GGGACCAC	1.29e-1	1.00e0	9.27e2	146	206	206	206	1	79	38.35	67	32.52
276	data/reference/motifs/JASPAR2026_CORE_plants_non-redundant_pfms_meme.txt	MA0930.3	ABF3	ACGTGTC	4.68e-2	1.00e0	9.27e2	403	206	206	206	6	108	52.43	90	43.69
277	data/reference/motifs/JASPAR2026_CORE_plants_non-redundant_pfms_meme.txt	MA2442.1	SPL3B	AGCGGTASTACCGC	3.71e-1	1.00e0	9.27e2	41	206	206	206	1	22	10.68	19	9.22
278	data/reference/motifs/JASPAR2026_CORE_plants_non-redundant_pfms_meme.txt	MA2431.1	SPL15A	AGCGGTASTACCGC	2.51e-1	1.00e0	9.27e2	66	206	206	206	1	36	17.48	30	14.56
279	data/reference/motifs/JASPAR2026_CORE_plants_non-redundant_pfms_meme.txt	MA0990.2	HDG11	AWTWAATGC	4.65e-2	1.00e0	9.27e2	412	206	206	206	31	105	50.97	87	42.23
280	data/reference/motifs/JASPAR2026_CORE_plants_non-redundant_pfms_meme.txt	MA1250.2	DREB2D	CCDCCDCCACCGCC	1.24e-1	1.00e0	9.27e2	155	206	206	206	6	3	1.46	0	0.00
281	data/reference/motifs/JASPAR2026_CORE_plants_non-redundant_pfms_meme.txt	MA2617.1	ereb54	GCGGCGGCGGC	3.11e-1	1.00e0	9.27e2	52	206	206	206	2	10	4.85	7	3.40
282	data/reference/motifs/JASPAR2026_CORE_plants_non-redundant_pfms_meme.txt	MA1816.2	O11	CACGTG	8.04e-2	1.00e0	9.27e2	243	206	206	206	2	129	62.62	114	55.34
283	data/reference/motifs/JASPAR2026_CORE_plants_non-redundant_pfms_meme.txt	MA0946.1	ARR11	AAGATACG	5.04e-2	1.00e0	9.27e2	389	206	206	206	4	83	40.29	66	32.04
284	data/reference/motifs/JASPAR2026_CORE_plants_non-redundant_pfms_meme.txt	MA2476.1	KNAT7	TGACRKCT	7.15e-2	1.00e0	9.27e2	275	206	206	206	1	145	70.39	130	63.11
285	data/reference/motifs/JASPAR2026_CORE_plants_non-redundant_pfms_meme.txt	MA1779.2	MYB83	CACCAACM	4.82e-2	1.00e0	9.27e2	409	206	206	206	6	144	69.90	127	61.65
286	data/reference/motifs/JASPAR2026_CORE_plants_non-redundant_pfms_meme.txt	MA1676.3	NAC062	TAAGTAA	4.81e-2	1.00e0	9.27e2	412	206	206	206	19	31	15.05	19	9.22
287	data/reference/motifs/JASPAR2026_CORE_plants_non-redundant_pfms_meme.txt	MA1245.3	ERF112	CCGCCGCCR	8.74e-2	1.00e0	9.27e2	227	206	206	206	6	7	3.40	2	0.97
288	data/reference/motifs/JASPAR2026_CORE_plants_non-redundant_pfms_meme.txt	MA0564.2	ABI3	GCATGC	5.25e-2	1.00e0	9.27e2	378	206	206	206	18	8	3.88	2	0.97
289	data/reference/motifs/JASPAR2026_CORE_plants_non-redundant_pfms_meme.txt	MA0097.1	bZIP911	GRTGACGTGGMC	6.89e-1	1.00e0	9.27e2	17	206	206	206	1	8	3.88	9	4.37
290	data/reference/motifs/JASPAR2026_CORE_plants_non-redundant_pfms_meme.txt	MA2658.1	GLYMA-19G094100	ATTGACTTW	4.91e-2	1.00e0	9.27e2	405	206	206	206	7	45	21.84	31	15.05
291	data/reference/motifs/JASPAR2026_CORE_plants_non-redundant_pfms_meme.txt	MA1239.2	ERF104	CCDCCDCCGCCGCCRY	2.49e-1	1.00e0	9.27e2	70	206	206	206	5	2	0.97	0	0.00
292	data/reference/motifs/JASPAR2026_CORE_plants_non-redundant_pfms_meme.txt	MA2439.1	SPL2A	GCGGTASTACCGC	5.00e-1	1.00e0	9.27e2	29	206	206	206	1	15	7.28	14	6.80
293	data/reference/motifs/JASPAR2026_CORE_plants_non-redundant_pfms_meme.txt	MA0021.1	Dof3	AAAGYV	4.94e-2	1.00e0	9.27e2	409	206	206	206	3	191	92.72	180	87.38
294	data/reference/motifs/JASPAR2026_CORE_plants_non-redundant_pfms_meme.txt	MA1210.3	HAT22	CAATAATTG	4.94e-2	1.00e0	9.27e2	411	206	206	206	4	191	92.72	180	87.38
295	data/reference/motifs/JASPAR2026_CORE_plants_non-redundant_pfms_meme.txt	MA1213.3	ZHD3	CAATTATTG	5.13e-2	1.00e0	9.27e2	397	206	206	206	7	85	41.26	68	33.01
296	data/reference/motifs/JASPAR2026_CORE_plants_non-redundant_pfms_meme.txt	MA0589.2	WRKY1	TTGACCGAGY	1.00e-1	1.00e0	9.27e2	204	206	206	206	1	109	52.91	95	46.12
297	data/reference/motifs/JASPAR2026_CORE_plants_non-redundant_pfms_meme.txt	MA2105.1	GLYMA-13G317000	ACACGT	6.16e-2	1.00e0	9.27e2	332	206	206	206	12	4	1.94	0	0.00
298	data/reference/motifs/JASPAR2026_CORE_plants_non-redundant_pfms_meme.txt	MA2471.1	SPCH	CACGTG	6.06e-2	1.00e0	9.27e2	339	206	206	206	2	176	85.44	163	79.13
299	data/reference/motifs/JASPAR2026_CORE_plants_non-redundant_pfms_meme.txt	MA2419.1	UB3	GAAGTACAAC	5.09e-2	1.00e0	9.27e2	405	206	206	206	4	139	67.48	122	59.22
300	data/reference/motifs/JASPAR2026_CORE_plants_non-redundant_pfms_meme.txt	MA2367.1	WIP5	ACCTGGAGAAMAW	5.27e-2	1.00e0	9.27e2	395	206	206	206	3	153	74.27	137	66.50
301	data/reference/motifs/JASPAR2026_CORE_plants_non-redundant_pfms_meme.txt	MA1678.3	NTL8	GAAGAAAC	5.09e-2	1.00e0	9.27e2	412	206	206	206	7	139	67.48	122	59.22
302	data/reference/motifs/JASPAR2026_CORE_plants_non-redundant_pfms_meme.txt	MA1346.2	TGA10	GMTGACGTCA	1.27e-1	1.00e0	9.27e2	166	206	206	206	2	33	16.02	24	11.65
303	data/reference/motifs/JASPAR2026_CORE_plants_non-redundant_pfms_meme.txt	MA1768.2	MYB30	CCAACYACCAMC	5.49e-2	1.00e0	9.27e2	385	206	206	206	1	197	95.63	188	91.26
304	data/reference/motifs/JASPAR2026_CORE_plants_non-redundant_pfms_meme.txt	MA2446.1	SPL5A	GCGGTASTACCGC	3.76e-1	1.00e0	9.27e2	45	206	206	206	1	24	11.65	21	10.19
305	data/reference/motifs/JASPAR2026_CORE_plants_non-redundant_pfms_meme.txt	MA1820.2	Zm00001d024324	CGCCGCCGC	1.33e-1	1.00e0	9.27e2	160	206	206	206	1	86	41.75	74	35.92
306	data/reference/motifs/JASPAR2026_CORE_plants_non-redundant_pfms_meme.txt	MA0555.2	SVP	WWWCCAAAAAWGGAAA	6.75e-2	1.00e0	9.27e2	317	206	206	206	3	57	27.67	43	20.87
307	data/reference/motifs/JASPAR2026_CORE_plants_non-redundant_pfms_meme.txt	MA0942.2	ARF1	ACCGACA	6.98e-2	1.00e0	9.27e2	307	206	206	206	5	16	7.77	8	3.88
308	data/reference/motifs/JASPAR2026_CORE_plants_non-redundant_pfms_meme.txt	MA2483.1	PK20543.1	TTAACC	5.25e-2	1.00e0	9.27e2	412	206	206	206	50	8	3.88	2	0.97
309	data/reference/motifs/JASPAR2026_CORE_plants_non-redundant_pfms_meme.txt	MA1008.2	PHYPADRAFT_182268	GTCGGTG	2.92e-1	1.00e0	9.27e2	63	206	206	206	1	34	16.50	29	14.08
310	data/reference/motifs/JASPAR2026_CORE_plants_non-redundant_pfms_meme.txt	MA2386.1	estExt_gwp_gw1.C_550163	CACCGAC	2.92e-1	1.00e0	9.27e2	63	206	206	206	1	34	16.50	29	14.08
311	data/reference/motifs/JASPAR2026_CORE_plants_non-redundant_pfms_meme.txt	MA1023.1	PHYPADRAFT_28324	KGTCGGTG	2.92e-1	1.00e0	9.27e2	63	206	206	206	1	34	16.50	29	14.08
312	data/reference/motifs/JASPAR2026_CORE_plants_non-redundant_pfms_meme.txt	MA0997.2	ERF069	GCCG	5.31e-2	1.00e0	9.27e2	412	206	206	206	16	190	92.23	179	86.89
313	data/reference/motifs/JASPAR2026_CORE_plants_non-redundant_pfms_meme.txt	MA2623.1	hb66	CCAATCA	5.32e-2	1.00e0	9.27e2	412	206	206	206	27	14	6.80	6	2.91
314	data/reference/motifs/JASPAR2026_CORE_plants_non-redundant_pfms_meme.txt	MA1811.3	GLYMA-13G317000	GGACACSTGTCA	9.59e-2	1.00e0	9.27e2	229	206	206	206	3	41	19.90	30	14.56
315	data/reference/motifs/JASPAR2026_CORE_plants_non-redundant_pfms_meme.txt	MA1011.2	PHYPADRAFT_72483	CACGTG	5.35e-2	1.00e0	9.27e2	411	206	206	206	24	70	33.98	54	26.21
316	data/reference/motifs/JASPAR2026_CORE_plants_non-redundant_pfms_meme.txt	MA1020.1	GT-1	GTTAACCA	6.16e-2	1.00e0	9.27e2	359	206	206	206	9	4	1.94	0	0.00
317	data/reference/motifs/JASPAR2026_CORE_plants_non-redundant_pfms_meme.txt	MA2734.1	Sl-ERF_F_5	CCGCCGCCGCCRCCRCC	2.72e-1	1.00e0	9.27e2	70	206	206	206	4	7	3.40	4	1.94
318	data/reference/motifs/JASPAR2026_CORE_plants_non-redundant_pfms_meme.txt	MA2014.2	BAM8	CACACGTGY	1.18e-1	1.00e0	9.27e2	191	206	206	206	1	102	49.51	89	43.20
319	data/reference/motifs/JASPAR2026_CORE_plants_non-redundant_pfms_meme.txt	MA2079.1	PK19717.1	GGGSCCCMC	7.49e-2	1.00e0	9.27e2	302	206	206	206	4	63	30.58	49	23.79
320	data/reference/motifs/JASPAR2026_CORE_plants_non-redundant_pfms_meme.txt	MA2427.1	SPL12B	AGCGGTASTACCGC	4.17e-1	1.00e0	9.27e2	42	206	206	206	2	13	6.31	11	5.34
321	data/reference/motifs/JASPAR2026_CORE_plants_non-redundant_pfms_meme.txt	MA2414.1	EREB127	TGCCGACA	9.18e-2	1.00e0	9.27e2	247	206	206	206	4	19	9.22	11	5.34
322	data/reference/motifs/JASPAR2026_CORE_plants_non-redundant_pfms_meme.txt	MA2735.1	SlbHLH014	GMCACGTGBC	1.35e-1	1.00e0	9.27e2	168	206	206	206	1	90	43.69	78	37.86
323	data/reference/motifs/JASPAR2026_CORE_plants_non-redundant_pfms_meme.txt	MA1313.2	WRKY7	CGTTGACTTTT	1.79e-1	1.00e0	9.27e2	127	206	206	206	2	19	9.22	13	6.31
324	data/reference/motifs/JASPAR2026_CORE_plants_non-redundant_pfms_meme.txt	MA1381.2	AT3G46070	TCACTCT	5.59e-2	1.00e0	9.27e2	407	206	206	206	13	11	5.34	4	1.94
325	data/reference/motifs/JASPAR2026_CORE_plants_non-redundant_pfms_meme.txt	MA2733.1	Sl-ERF_F_4	GCMGCMGCCGCCGCCGYCR	4.34e-1	1.00e0	9.27e2	40	206	206	206	1	21	10.19	19	9.22
326	data/reference/motifs/JASPAR2026_CORE_plants_non-redundant_pfms_meme.txt	MA1821.2	Zm00001d020595	GGCGGCGGCG	8.76e-1	1.00e0	9.27e2	11	206	206	206	2	1	0.49	2	0.97
327	data/reference/motifs/JASPAR2026_CORE_plants_non-redundant_pfms_meme.txt	MA2722.1	Sl-ERF_F_2	CGGCGGCKGCGGCGR	3.75e-1	1.00e0	9.27e2	49	206	206	206	3	6	2.91	4	1.94
328	data/reference/motifs/JASPAR2026_CORE_plants_non-redundant_pfms_meme.txt	MA1242.1	DREB2F	CCDCCACCGCC	1.90e-1	1.00e0	9.27e2	122	206	206	206	3	8	3.88	4	1.94
329	data/reference/motifs/JASPAR2026_CORE_plants_non-redundant_pfms_meme.txt	MA1360.3	bHLH74	CACGTG	9.65e-2	1.00e0	9.27e2	241	206	206	206	3	52	25.24	40	19.42
330	data/reference/motifs/JASPAR2026_CORE_plants_non-redundant_pfms_meme.txt	MA1203.1	AGL63	TKCCAAAAATGGMAA	1.07e-1	1.00e0	9.27e2	218	206	206	206	2	59	28.64	47	22.82
331	data/reference/motifs/JASPAR2026_CORE_plants_non-redundant_pfms_meme.txt	MA1329.3	ZHD1	AYTAATTAA	5.80e-2	1.00e0	9.27e2	407	206	206	206	8	146	70.87	130	63.11
332	data/reference/motifs/JASPAR2026_CORE_plants_non-redundant_pfms_meme.txt	MA2615.1	ereb109	CGCCGCC	7.51e-1	1.00e0	9.27e2	17	206	206	206	2	1	0.49	1	0.49
333	data/reference/motifs/JASPAR2026_CORE_plants_non-redundant_pfms_meme.txt	MA2473.1	HB88	TTGATTG	5.74e-2	1.00e0	9.27e2	412	206	206	206	19	111	53.88	94	45.63
334	data/reference/motifs/JASPAR2026_CORE_plants_non-redundant_pfms_meme.txt	MA1783.1	NAC005	TWRCTTVTTYHAYAAGTTW	2.25e-1	1.00e0	9.27e2	93	206	206	206	3	5	2.43	2	0.97
335	data/reference/motifs/JASPAR2026_CORE_plants_non-redundant_pfms_meme.txt	MA2622.1	hb34	CAATAATTG	5.77e-2	1.00e0	9.27e2	412	206	206	206	13	61	29.61	46	22.33
336	data/reference/motifs/JASPAR2026_CORE_plants_non-redundant_pfms_meme.txt	MA1197.2	CAMTA1	AARCGCGTG	1.81e-1	1.00e0	9.27e2	132	206	206	206	2	28	13.59	21	10.19
337	data/reference/motifs/JASPAR2026_CORE_plants_non-redundant_pfms_meme.txt	MA1050.1	OsI_08196	GGGCCCAC	9.11e-2	1.00e0	9.27e2	264	206	206	206	3	49	23.79	37	17.96
338	data/reference/motifs/JASPAR2026_CORE_plants_non-redundant_pfms_meme.txt	MA1362.2	bHLH77	DWNGBCACGTGM	1.67e-1	1.00e0	9.27e2	145	206	206	206	2	25	12.14	18	8.74
339	data/reference/motifs/JASPAR2026_CORE_plants_non-redundant_pfms_meme.txt	MA2354.1	PK06182.1	TACCTACC	7.28e-2	1.00e0	9.27e2	337	206	206	206	5	21	10.19	12	5.83
340	data/reference/motifs/JASPAR2026_CORE_plants_non-redundant_pfms_meme.txt	MA2058.1	PK03929.1	CTTTW	5.99e-2	1.00e0	9.27e2	412	206	206	206	46	158	76.70	143	69.42
341	data/reference/motifs/JASPAR2026_CORE_plants_non-redundant_pfms_meme.txt	MA2045.2	NAC031	TTRCKTGTWNHACAAGTWA	2.46e-1	1.00e0	9.27e2	101	206	206	206	1	54	26.21	47	22.82
342	data/reference/motifs/JASPAR2026_CORE_plants_non-redundant_pfms_meme.txt	MA2025.2	MYB93	TACCAAAC	6.09e-2	1.00e0	9.27e2	409	206	206	206	17	6	2.91	1	0.49
343	data/reference/motifs/JASPAR2026_CORE_plants_non-redundant_pfms_meme.txt	MA1243.2	DREB2E	MACCGACWTW	2.49e-1	1.00e0	9.27e2	100	206	206	206	4	2	0.97	0	0.00
344	data/reference/motifs/JASPAR2026_CORE_plants_non-redundant_pfms_meme.txt	MA0960.1	BHLH104	GGCACGTGCC	5.00e-1	1.00e0	9.27e2	36	206	206	206	4	3	1.46	2	0.97
345	data/reference/motifs/JASPAR2026_CORE_plants_non-redundant_pfms_meme.txt	MA2380.1	DOF4.7	TWACTTTTT	6.09e-2	1.00e0	9.27e2	411	206	206	206	16	6	2.91	1	0.49
346	data/reference/motifs/JASPAR2026_CORE_plants_non-redundant_pfms_meme.txt	MA0982.2	DOF2.4	AAAG	6.09e-2	1.00e0	9.27e2	412	206	206	206	125	6	2.91	1	0.49
347	data/reference/motifs/JASPAR2026_CORE_plants_non-redundant_pfms_meme.txt	MA1266.2	RAP2-11	YCDYCGCCGGC	1.92e-1	1.00e0	9.27e2	131	206	206	206	2	31	15.05	24	11.65
348	data/reference/motifs/JASPAR2026_CORE_plants_non-redundant_pfms_meme.txt	MA2624.1	myb37	TAACCGAA	6.16e-2	1.00e0	9.27e2	411	206	206	206	16	4	1.94	0	0.00
349	data/reference/motifs/JASPAR2026_CORE_plants_non-redundant_pfms_meme.txt	MA2407.1	PK24978.1	CACGTGT	6.16e-2	1.00e0	9.27e2	412	206	206	206	4	206	100.00	202	98.06
350	data/reference/motifs/JASPAR2026_CORE_plants_non-redundant_pfms_meme.txt	MA2084.1	PK23009.1	CTTTW	6.16e-2	1.00e0	9.27e2	412	206	206	206	44	206	100.00	202	98.06
351	data/reference/motifs/JASPAR2026_CORE_plants_non-redundant_pfms_meme.txt	MA1829.2	Zm00001d035604	ACCTAAC	6.17e-2	1.00e0	9.27e2	412	206	206	206	19	15	7.28	7	3.40
352	data/reference/motifs/JASPAR2026_CORE_plants_non-redundant_pfms_meme.txt	MA1247.2	ERF087	GRCGGCGGMG	2.49e-1	1.00e0	9.27e2	89	206	206	206	5	2	0.97	0	0.00
353	data/reference/motifs/JASPAR2026_CORE_plants_non-redundant_pfms_meme.txt	MA2039.2	ASIL2	CTCCGGCGA	1.57e-1	1.00e0	9.27e2	163	206	206	206	1	87	42.23	76	36.89
354	data/reference/motifs/JASPAR2026_CORE_plants_non-redundant_pfms_meme.txt	MA1339.1	BZIP43	GCCACGTCAGCA	5.75e-1	1.00e0	9.27e2	30	206	206	206	1	15	7.28	15	7.28
355	data/reference/motifs/JASPAR2026_CORE_plants_non-redundant_pfms_meme.txt	MA2449.1	SPL6A	GCGGTAGTACC	1.38e-1	1.00e0	9.27e2	186	206	206	206	1	99	48.06	87	42.23
356	data/reference/motifs/JASPAR2026_CORE_plants_non-redundant_pfms_meme.txt	MA1686.1	ARF13	ARCGGGGGACAYGT	3.12e-1	1.00e0	9.27e2	69	206	206	206	3	3	1.46	1	0.49
357	data/reference/motifs/JASPAR2026_CORE_plants_non-redundant_pfms_meme.txt	MA1221.1	RAP2-6	TKGCGGCGGMGGHGG	2.79e-1	1.00e0	9.27e2	80	206	206	206	2	16	7.77	12	5.83
358	data/reference/motifs/JASPAR2026_CORE_plants_non-redundant_pfms_meme.txt	MA2416.1	EREB29	GCCGCCGCCC	1.90e-1	1.00e0	9.27e2	138	206	206	206	5	8	3.88	4	1.94
359	data/reference/motifs/JASPAR2026_CORE_plants_non-redundant_pfms_meme.txt	MA1753.2	ERF057	CCDCCDCCRCCGCC	2.25e-1	1.00e0	9.27e2	117	206	206	206	5	5	2.43	2	0.97
360	data/reference/motifs/JASPAR2026_CORE_plants_non-redundant_pfms_meme.txt	MA2762.1	myb53	AGTTAGGCAC	7.86e-2	1.00e0	9.27e2	335	206	206	206	5	13	6.31	6	2.91
361	data/reference/motifs/JASPAR2026_CORE_plants_non-redundant_pfms_meme.txt	MA2455.1	SPL9D	AGCGGTASTACCGC	4.38e-1	1.00e0	9.27e2	46	206	206	206	1	24	11.65	22	10.68
362	data/reference/motifs/JASPAR2026_CORE_plants_non-redundant_pfms_meme.txt	MA2005.2	NAC016	TVCKTGWBCYNCAMG	2.49e-1	1.00e0	9.27e2	93	206	206	206	4	2	0.97	0	0.00
363	data/reference/motifs/JASPAR2026_CORE_plants_non-redundant_pfms_meme.txt	MA0549.2	BZR2	RCACGTGKSV	2.49e-1	1.00e0	9.27e2	107	206	206	206	5	2	0.97	0	0.00
364	data/reference/motifs/JASPAR2026_CORE_plants_non-redundant_pfms_meme.txt	MA2649.1	GLYMA-08G271900	TGCACATG	6.76e-2	1.00e0	9.27e2	395	206	206	206	1	201	97.57	194	94.17
365	data/reference/motifs/JASPAR2026_CORE_plants_non-redundant_pfms_meme.txt	MA0128.1	EmBP-1	ASACGTGG	8.74e-2	1.00e0	9.27e2	307	206	206	206	1	160	77.67	147	71.36
366	data/reference/motifs/JASPAR2026_CORE_plants_non-redundant_pfms_meme.txt	MA0590.1	LFY	YATTRACCGSCGGTYAATR	6.60e-1	1.00e0	9.27e2	25	206	206	206	2	12	5.83	13	6.31
367	data/reference/motifs/JASPAR2026_CORE_plants_non-redundant_pfms_meme.txt	MA1689.2	ARF18	CCGACAAA	6.70e-2	1.00e0	9.27e2	403	206	206	206	2	186	90.29	175	84.95
368	data/reference/motifs/JASPAR2026_CORE_plants_non-redundant_pfms_meme.txt	MA1398.3	KUA1	CTTATCCA	6.59e-2	1.00e0	9.27e2	411	206	206	206	8	91	44.17	75	36.41
369	data/reference/motifs/JASPAR2026_CORE_plants_non-redundant_pfms_meme.txt	MA2611.1	ereb209	GCGCCGC	9.66e-1	1.00e0	9.27e2	8	206	206	206	1	2	0.97	6	2.91
370	data/reference/motifs/JASPAR2026_CORE_plants_non-redundant_pfms_meme.txt	MA1087.3	WRKY45	AAAAGTCAAM	7.20e-2	1.00e0	9.27e2	378	206	206	206	5	40	19.42	28	13.59
371	data/reference/motifs/JASPAR2026_CORE_plants_non-redundant_pfms_meme.txt	MA0940.1	AP1	MYAAAAAWRGAAA	6.63e-2	1.00e0	9.27e2	412	206	206	206	15	92	44.66	76	36.89
372	data/reference/motifs/JASPAR2026_CORE_plants_non-redundant_pfms_meme.txt	MA1262.2	ERF2	CCDCCGCCGCCRY	2.49e-1	1.00e0	9.27e2	110	206	206	206	6	2	0.97	0	0.00
373	data/reference/motifs/JASPAR2026_CORE_plants_non-redundant_pfms_meme.txt	MA1270.2	DOF3.2	TWACTTTTTNNYTTTT	6.76e-2	1.00e0	9.27e2	406	206	206	206	11	12	5.83	5	2.43
374	data/reference/motifs/JASPAR2026_CORE_plants_non-redundant_pfms_meme.txt	MA1252.2	ERF086	CCKCCGCCGY	2.49e-1	1.00e0	9.27e2	96	206	206	206	5	2	0.97	0	0.00
375	data/reference/motifs/JASPAR2026_CORE_plants_non-redundant_pfms_meme.txt	MA0001.3	AGL3	CCAWWWATAG	6.70e-2	1.00e0	9.27e2	411	206	206	206	3	186	90.29	175	84.95
376	data/reference/motifs/JASPAR2026_CORE_plants_non-redundant_pfms_meme.txt	MA1424.2	ERF019	CCACCGACA	2.21e-1	1.00e0	9.27e2	125	206	206	206	2	17	8.25	12	5.83
377	data/reference/motifs/JASPAR2026_CORE_plants_non-redundant_pfms_meme.txt	MA0936.1	NAC046	ACACGCMA	6.70e-2	1.00e0	9.27e2	412	206	206	206	10	195	94.66	186	90.29
378	data/reference/motifs/JASPAR2026_CORE_plants_non-redundant_pfms_meme.txt	MA0965.3	BIM2	CACGTG	9.37e-2	1.00e0	9.27e2	297	206	206	206	2	155	75.24	142	68.93
379	data/reference/motifs/JASPAR2026_CORE_plants_non-redundant_pfms_meme.txt	MA0988.2	PHYPADRAFT_143875	CACGTG	7.10e-2	1.00e0	9.27e2	392	206	206	206	14	26	12.62	16	7.77
380	data/reference/motifs/JASPAR2026_CORE_plants_non-redundant_pfms_meme.txt	MA2382.1	e_gw1.209.40.1	CACGTG	7.03e-2	1.00e0	9.27e2	397	206	206	206	14	32	15.53	21	10.19
381	data/reference/motifs/JASPAR2026_CORE_plants_non-redundant_pfms_meme.txt	MA2745.1	SlWRKY81	AAGTCAAC	6.97e-2	1.00e0	9.27e2	402	206	206	206	5	111	53.88	95	46.12
382	data/reference/motifs/JASPAR2026_CORE_plants_non-redundant_pfms_meme.txt	MA2747.1	TraesCS6A02G290800	CAATAATTG	7.00e-2	1.00e0	9.27e2	400	206	206	206	1	203	98.54	197	95.63
383	data/reference/motifs/JASPAR2026_CORE_plants_non-redundant_pfms_meme.txt	MA1096.1	ARALYDRAFT_496250	GGGACCAC	3.07e-1	1.00e0	9.27e2	77	206	206	206	1	41	19.90	36	17.48
384	data/reference/motifs/JASPAR2026_CORE_plants_non-redundant_pfms_meme.txt	MA0994.3	ERF8	TGRCGGCGGCG	1.86e-1	1.00e0	9.27e2	153	206	206	206	6	4	1.94	1	0.49
385	data/reference/motifs/JASPAR2026_CORE_plants_non-redundant_pfms_meme.txt	MA1092.2	WRKY63	GGTCAA	8.20e-2	1.00e0	9.27e2	351	206	206	206	2	124	60.19	109	52.91
386	data/reference/motifs/JASPAR2026_CORE_plants_non-redundant_pfms_meme.txt	MA1372.2	ZAT10	CACTNHCACT	7.00e-2	1.00e0	9.27e2	412	206	206	206	17	9	4.37	3	1.46
387	data/reference/motifs/JASPAR2026_CORE_plants_non-redundant_pfms_meme.txt	MA2343.1	MYB3R3	CGCCGTTA	7.22e-2	1.00e0	9.27e2	400	206	206	206	6	77	37.38	62	30.10
388	data/reference/motifs/JASPAR2026_CORE_plants_non-redundant_pfms_meme.txt	MA1776.3	MYB67	TACCTAACA	7.35e-2	1.00e0	9.27e2	394	206	206	206	7	33	16.02	22	10.68
389	data/reference/motifs/JASPAR2026_CORE_plants_non-redundant_pfms_meme.txt	MA2475.1	HOX6	TGATTG	7.03e-2	1.00e0	9.27e2	412	206	206	206	19	185	89.81	174	84.47
390	data/reference/motifs/JASPAR2026_CORE_plants_non-redundant_pfms_meme.txt	MA1308.2	WRKY70	CGTTGACTTT	2.25e-1	1.00e0	9.27e2	129	206	206	206	3	5	2.43	2	0.97
391	data/reference/motifs/JASPAR2026_CORE_plants_non-redundant_pfms_meme.txt	MA0588.2	TGA1	SVTGACGT	7.82e-2	1.00e0	9.27e2	374	206	206	206	2	154	74.76	140	67.96
392	data/reference/motifs/JASPAR2026_CORE_plants_non-redundant_pfms_meme.txt	MA1375.2	ANL2	GCATTAATTR	7.83e-2	1.00e0	9.27e2	377	206	206	206	1	193	93.69	184	89.32
393	data/reference/motifs/JASPAR2026_CORE_plants_non-redundant_pfms_meme.txt	MA1220.2	TINY	YCACCGACA	2.25e-1	1.00e0	9.27e2	132	206	206	206	3	5	2.43	2	0.97
394	data/reference/motifs/JASPAR2026_CORE_plants_non-redundant_pfms_meme.txt	MA2639.1	FUL::SOC1	TTCCATTTTTGG	7.36e-2	1.00e0	9.27e2	406	206	206	206	7	50	24.27	37	17.96
395	data/reference/motifs/JASPAR2026_CORE_plants_non-redundant_pfms_meme.txt	MA0998.2	ERF096	GCCGCC	7.49e-2	1.00e0	9.27e2	399	206	206	206	5	140	67.96	125	60.68
396	data/reference/motifs/JASPAR2026_CORE_plants_non-redundant_pfms_meme.txt	MA1337.2	BZIP44	WGCTGACGTGGCA	4.41e-1	1.00e0	9.27e2	52	206	206	206	1	27	13.11	25	12.14
397	data/reference/motifs/JASPAR2026_CORE_plants_non-redundant_pfms_meme.txt	MA1304.2	WRKY59	AAAAGTCAAM	8.32e-2	1.00e0	9.27e2	364	206	206	206	1	187	90.78	177	85.92
398	data/reference/motifs/JASPAR2026_CORE_plants_non-redundant_pfms_meme.txt	MA2375.1	BMY2	SRCACGTGTGR	3.43e-1	1.00e0	9.27e2	73	206	206	206	3	4	1.94	2	0.97
399	data/reference/motifs/JASPAR2026_CORE_plants_non-redundant_pfms_meme.txt	MA1230.2	ERF037	YCACCGACA	2.79e-1	1.00e0	9.27e2	94	206	206	206	1	50	24.27	44	21.36
400	data/reference/motifs/JASPAR2026_CORE_plants_non-redundant_pfms_meme.txt	MA0973.2	CDF2	AAAAAGY	7.49e-2	1.00e0	9.27e2	412	206	206	206	26	81	39.32	66	32.04
401	data/reference/motifs/JASPAR2026_CORE_plants_non-redundant_pfms_meme.txt	MA2035.2	NAC075	GWAGCTTGTNNNACAAGCTW	3.49e-1	1.00e0	9.27e2	72	206	206	206	1	38	18.45	34	16.50
402	data/reference/motifs/JASPAR2026_CORE_plants_non-redundant_pfms_meme.txt	MA2648.1	GLYMA-19G146000	AAGGTACAC	8.07e-2	1.00e0	9.27e2	384	206	206	206	4	93	45.15	78	37.86
403	data/reference/motifs/JASPAR2026_CORE_plants_non-redundant_pfms_meme.txt	MA1079.3	WRKY21	AAAAGTCAACG	1.24e-1	1.00e0	9.27e2	250	206	206	206	5	3	1.46	0	0.00
404	data/reference/motifs/JASPAR2026_CORE_plants_non-redundant_pfms_meme.txt	MA1051.1	RAP2-3	GCGCCGCC	1.14e-1	1.00e0	9.27e2	273	206	206	206	4	49	23.79	38	18.45
405	data/reference/motifs/JASPAR2026_CORE_plants_non-redundant_pfms_meme.txt	MA0967.1	BZIP60	TGACGTCA	7.86e-2	1.00e0	9.27e2	395	206	206	206	16	13	6.31	6	2.91
406	data/reference/motifs/JASPAR2026_CORE_plants_non-redundant_pfms_meme.txt	MA2758.1	ereb122	CCGACCA	7.93e-2	1.00e0	9.27e2	394	206	206	206	2	188	91.26	178	86.41
407	data/reference/motifs/JASPAR2026_CORE_plants_non-redundant_pfms_meme.txt	MA2076.1	PK18401.1	GCACGTGG	9.82e-2	1.00e0	9.27e2	318	206	206	206	1	165	80.10	153	74.27
408	data/reference/motifs/JASPAR2026_CORE_plants_non-redundant_pfms_meme.txt	MA1784.1	NAC011	GTTGCTTSWNHHDCAAGYAAC	6.14e-1	1.00e0	9.27e2	33	206	206	206	2	6	2.91	6	2.91
409	data/reference/motifs/JASPAR2026_CORE_plants_non-redundant_pfms_meme.txt	MA1320.2	SPL15	TGTACGGA	2.80e-1	1.00e0	9.27e2	96	206	206	206	1	51	24.76	45	21.84
410	data/reference/motifs/JASPAR2026_CORE_plants_non-redundant_pfms_meme.txt	MA1174.2	MYB56	ATAACGGWHW	8.14e-2	1.00e0	9.27e2	388	206	206	206	3	126	61.17	111	53.88
411	data/reference/motifs/JASPAR2026_CORE_plants_non-redundant_pfms_meme.txt	MA1312.2	WRKY47	CGTTGACYW	9.99e-2	1.00e0	9.27e2	316	206	206	206	1	164	79.61	152	73.79
412	data/reference/motifs/JASPAR2026_CORE_plants_non-redundant_pfms_meme.txt	MA1077.2	WRKY18	RGTCAA	7.72e-2	1.00e0	9.27e2	409	206	206	206	5	136	66.02	121	58.74
413	data/reference/motifs/JASPAR2026_CORE_plants_non-redundant_pfms_meme.txt	MA2667.1	GLYMA-13G236500	ACGACGGCGGAG	1.86e-1	1.00e0	9.27e2	170	206	206	206	7	4	1.94	1	0.49
414	data/reference/motifs/JASPAR2026_CORE_plants_non-redundant_pfms_meme.txt	MA2078.1	PK19363.1	CGCCGCCR	1.07e-1	1.00e0	9.27e2	295	206	206	206	6	28	13.59	19	9.22
415	data/reference/motifs/JASPAR2026_CORE_plants_non-redundant_pfms_meme.txt	MA1331.2	BEH4	YGCACGTGTG	6.45e-1	1.00e0	9.27e2	31	206	206	206	1	15	7.28	16	7.77
416	data/reference/motifs/JASPAR2026_CORE_plants_non-redundant_pfms_meme.txt	MA1430.2	TB1	GGSCCCCCC	2.87e-1	1.00e0	9.27e2	112	206	206	206	3	8	3.88	5	2.43
417	data/reference/motifs/JASPAR2026_CORE_plants_non-redundant_pfms_meme.txt	MA1037.2	MYB24	GTTAGGY	7.86e-2	1.00e0	9.27e2	412	206	206	206	38	13	6.31	6	2.91
418	data/reference/motifs/JASPAR2026_CORE_plants_non-redundant_pfms_meme.txt	MA1098.1	ARALYDRAFT_484486	GGSCCCAC	1.72e-1	1.00e0	9.27e2	189	206	206	206	3	18	8.74	12	5.83
419	data/reference/motifs/JASPAR2026_CORE_plants_non-redundant_pfms_meme.txt	MA1095.1	ARALYDRAFT_495258	GGSCCCAC	1.72e-1	1.00e0	9.27e2	189	206	206	206	3	18	8.74	12	5.83
420	data/reference/motifs/JASPAR2026_CORE_plants_non-redundant_pfms_meme.txt	MA1344.2	BZIP28	TSACGTGGCA	2.09e-1	1.00e0	9.27e2	157	206	206	206	1	83	40.29	74	35.92
421	data/reference/motifs/JASPAR2026_CORE_plants_non-redundant_pfms_meme.txt	MA2715.1	Solyc03g124110	RTCTATGTCGGYWAA	3.75e-1	1.00e0	9.27e2	70	206	206	206	2	6	2.91	4	1.94
422	data/reference/motifs/JASPAR2026_CORE_plants_non-redundant_pfms_meme.txt	MA0548.3	AGL15	TTTCCWTTTTDGGWAA	1.62e-1	1.00e0	9.27e2	203	206	206	206	1	107	51.94	96	46.60
423	data/reference/motifs/JASPAR2026_CORE_plants_non-redundant_pfms_meme.txt	MA1361.2	bHLH18	CRCGTKWWHCACGTG	2.91e-1	1.00e0	9.27e2	114	206	206	206	1	60	29.13	54	26.21
424	data/reference/motifs/JASPAR2026_CORE_plants_non-redundant_pfms_meme.txt	MA1697.2	ARF4	ACGACAAG	8.27e-2	1.00e0	9.27e2	402	206	206	206	5	121	58.74	106	51.46
425	data/reference/motifs/JASPAR2026_CORE_plants_non-redundant_pfms_meme.txt	MA1746.1	BZIP69	TGMCAGCTGTM	5.00e-1	1.00e0	9.27e2	48	206	206	206	2	6	2.91	5	2.43
426	data/reference/motifs/JASPAR2026_CORE_plants_non-redundant_pfms_meme.txt	MA1066.1	TCP23	GGGCCCAC	1.36e-1	1.00e0	9.27e2	246	206	206	206	3	47	22.82	37	17.96
427	data/reference/motifs/JASPAR2026_CORE_plants_non-redundant_pfms_meme.txt	MA2626.1	bzip40	GTGACGTGGC	9.43e-2	1.00e0	9.27e2	358	206	206	206	1	184	89.32	174	84.47
428	data/reference/motifs/JASPAR2026_CORE_plants_non-redundant_pfms_meme.txt	MA1745.2	BZIP63	TSACGTGG	1.13e-1	1.00e0	9.27e2	298	206	206	206	1	155	75.24	143	69.42
429	data/reference/motifs/JASPAR2026_CORE_plants_non-redundant_pfms_meme.txt	MA0582.2	RAV1	GCAACA	8.31e-2	1.00e0	9.27e2	406	206	206	206	7	119	57.77	104	50.49
430	data/reference/motifs/JASPAR2026_CORE_plants_non-redundant_pfms_meme.txt	MA2453.1	SPL8B	ATAGTACTC	9.65e-2	1.00e0	9.27e2	347	206	206	206	4	52	25.24	40	19.42
431	data/reference/motifs/JASPAR2026_CORE_plants_non-redundant_pfms_meme.txt	MA2401.1	Os05g0437700	MCACGTGK	2.10e-1	1.00e0	9.27e2	161	206	206	206	2	85	41.26	76	36.89
432	data/reference/motifs/JASPAR2026_CORE_plants_non-redundant_pfms_meme.txt	MA1033.1	OJ1058_F05.8	MCACGTGK	2.10e-1	1.00e0	9.27e2	161	206	206	206	2	85	41.26	76	36.89
433	data/reference/motifs/JASPAR2026_CORE_plants_non-redundant_pfms_meme.txt	MA1163.3	PHL11	AGAATATTCT	1.19e-1	1.00e0	9.27e2	287	206	206	206	6	31	15.05	22	10.68
434	data/reference/motifs/JASPAR2026_CORE_plants_non-redundant_pfms_meme.txt	MA1065.3	TCP20	GTGGGWCCCAC	2.35e-1	1.00e0	9.27e2	144	206	206	206	1	76	36.89	68	33.01
435	data/reference/motifs/JASPAR2026_CORE_plants_non-redundant_pfms_meme.txt	MA0961.2	bHLH112	CCACTTG	3.00e-1	1.00e0	9.27e2	96	206	206	206	2	9	4.37	6	2.91
436	data/reference/motifs/JASPAR2026_CORE_plants_non-redundant_pfms_meme.txt	MA2438.1	SPL1D	GCRGTASTACCGCT	4.44e-1	1.00e0	9.27e2	58	206	206	206	1	30	14.56	28	13.59
437	data/reference/motifs/JASPAR2026_CORE_plants_non-redundant_pfms_meme.txt	MA2350.1	OsFBH1	CCACTTG	3.00e-1	1.00e0	9.27e2	96	206	206	206	2	9	4.37	6	2.91
438	data/reference/motifs/JASPAR2026_CORE_plants_non-redundant_pfms_meme.txt	MA1274.1	DOF3.6	TTTWCTTTTTHHYTTTTTTTT	8.37e-2	1.00e0	9.27e2	406	206	206	206	3	192	93.20	183	88.83
439	data/reference/motifs/JASPAR2026_CORE_plants_non-redundant_pfms_meme.txt	MA1097.1	ARALYDRAFT_493022	GGSMCCAC	1.76e-1	1.00e0	9.27e2	192	206	206	206	2	38	18.45	30	14.56
440	data/reference/motifs/JASPAR2026_CORE_plants_non-redundant_pfms_meme.txt	MA2746.1	HB-HD-ZIP-2A-2	WTGCAATCATT	8.49e-2	1.00e0	9.27e2	406	206	206	206	6	73	35.44	59	28.64
441	data/reference/motifs/JASPAR2026_CORE_plants_non-redundant_pfms_meme.txt	MA1172.2	MYB3R5	AAWWDTDACCGTTR	2.49e-1	1.00e0	9.27e2	138	206	206	206	4	2	0.97	0	0.00
442	data/reference/motifs/JASPAR2026_CORE_plants_non-redundant_pfms_meme.txt	MA1406.2	ATHB-4	YAATSATTG	8.49e-2	1.00e0	9.27e2	409	206	206	206	10	73	35.44	59	28.64
443	data/reference/motifs/JASPAR2026_CORE_plants_non-redundant_pfms_meme.txt	MA0573.2	ATHB-9	GTAATGATTRCDYBS	8.15e-1	1.00e0	9.27e2	21	206	206	206	1	9	4.37	12	5.83
444	data/reference/motifs/JASPAR2026_CORE_plants_non-redundant_pfms_meme.txt	MA1314.2	WRKY14	AAAGTCAACG	1.62e-1	1.00e0	9.27e2	217	206	206	206	1	114	55.34	103	50.00
445	data/reference/motifs/JASPAR2026_CORE_plants_non-redundant_pfms_meme.txt	MA1371.2	IDD4	ASAAAAMGACAAAAA	1.62e-1	1.00e0	9.27e2	219	206	206	206	1	115	55.83	104	50.49
446	data/reference/motifs/JASPAR2026_CORE_plants_non-redundant_pfms_meme.txt	MA1248.2	ERF012	CCACCGMC	1.76e-1	1.00e0	9.27e2	201	206	206	206	2	38	18.45	30	14.56
447	data/reference/motifs/JASPAR2026_CORE_plants_non-redundant_pfms_meme.txt	MA2360.1	PK28565.1	TAACBGTC	8.74e-2	1.00e0	9.27e2	403	206	206	206	1	204	99.03	199	96.60
448	data/reference/motifs/JASPAR2026_CORE_plants_non-redundant_pfms_meme.txt	MA2103.1	AT4G09450	TTATCY	8.60e-2	1.00e0	9.27e2	412	206	206	206	17	202	98.06	196	95.15
449	data/reference/motifs/JASPAR2026_CORE_plants_non-redundant_pfms_meme.txt	MA2080.1	PK20225.1	CACGTG	8.48e-2	1.00e0	9.27e2	412	206	206	206	5	196	95.15	188	91.26
450	data/reference/motifs/JASPAR2026_CORE_plants_non-redundant_pfms_meme.txt	MA0129.1	TGA1A	HACGTCA	8.60e-2	1.00e0	9.27e2	412	206	206	206	3	202	98.06	196	95.15
451	data/reference/motifs/JASPAR2026_CORE_plants_non-redundant_pfms_meme.txt	MA1808.3	GLYMA-06G314400	GACACGTGGC	1.65e-1	1.00e0	9.27e2	292	206	206	206	1	151	73.30	141	68.45
452	data/reference/motifs/JASPAR2026_CORE_plants_non-redundant_pfms_meme.txt	MA2673.1	GLYMA-15G086400	WTCTAGAAMCTTCTAGAR	3.65e-1	1.00e0	9.27e2	106	206	206	206	2	20	9.71	17	8.25
453	data/reference/motifs/JASPAR2026_CORE_plants_non-redundant_pfms_meme.txt	MA2672.1	GLYMA-01G233000	AGAASCTTCT	1.44e-1	1.00e0	9.27e2	326	206	206	206	6	21	10.19	14	6.80
454	data/reference/motifs/JASPAR2026_CORE_plants_non-redundant_pfms_meme.txt	MA2671.1	GLYMA-19G100900	AGCATGCT	3.63e-1	1.00e0	9.27e2	300	206	206	206	6	50	24.27	46	22.33
455	data/reference/motifs/JASPAR2026_CORE_plants_non-redundant_pfms_meme.txt	MA2670.1	GLYMA-15G168800	CAATGATTG	3.86e-1	1.00e0	9.27e2	340	206	206	206	7	7	3.40	5	2.43
456	data/reference/motifs/JASPAR2026_CORE_plants_non-redundant_pfms_meme.txt	MA2668.1	GLYMA-20G155100	RCCGACAT	4.59e-1	1.00e0	9.27e2	280	206	206	206	2	73	35.44	71	34.47
457	data/reference/motifs/JASPAR2026_CORE_plants_non-redundant_pfms_meme.txt	MA2665.1	GLYMA-11G053600	CACCGACAC	2.03e-1	1.00e0	9.27e2	345	206	206	206	3	75	36.41	66	32.04
458	data/reference/motifs/JASPAR2026_CORE_plants_non-redundant_pfms_meme.txt	MA2663.1	GLYMA-02G261700	TCACCGACATA	2.81e-1	1.00e0	9.27e2	273	206	206	206	3	30	14.56	25	12.14
459	data/reference/motifs/JASPAR2026_CORE_plants_non-redundant_pfms_meme.txt	MA2662.1	GLYMA-13G153200	GCCACGTCA	2.99e-1	1.00e0	9.27e2	343	206	206	206	1	174	84.47	169	82.04
460	data/reference/motifs/JASPAR2026_CORE_plants_non-redundant_pfms_meme.txt	MA2660.1	GLYMA-12G168700	WWWTGTAATTACAWWW	6.08e-1	1.00e0	9.27e2	362	206	206	206	9	31	15.05	32	15.53
461	data/reference/motifs/JASPAR2026_CORE_plants_non-redundant_pfms_meme.txt	MA2656.1	GLYMA-14G006800	TGGTCAACCA	4.38e-1	1.00e0	9.27e2	389	206	206	206	6	24	11.65	22	10.68
462	data/reference/motifs/JASPAR2026_CORE_plants_non-redundant_pfms_meme.txt	MA2652.1	GLYMA-01G053800	AGTTGAC	2.21e-1	1.00e0	9.27e2	394	206	206	206	8	17	8.25	12	5.83
463	data/reference/motifs/JASPAR2026_CORE_plants_non-redundant_pfms_meme.txt	MA2651.1	GLYMA-20G154400	GGGCCCCAC	1.86e-1	1.00e0	9.27e2	243	206	206	206	8	4	1.94	1	0.49
464	data/reference/motifs/JASPAR2026_CORE_plants_non-redundant_pfms_meme.txt	MA2646.1	GLYMA-11G083900	GTACGGA	1.83e-1	1.00e0	9.27e2	248	206	206	206	1	129	62.62	119	57.77
465	data/reference/motifs/JASPAR2026_CORE_plants_non-redundant_pfms_meme.txt	MA2645.1	GLYMA-16G042900	GGTTGCKTSTTCHASAAGYWA	6.80e-1	1.00e0	9.27e2	46	206	206	206	1	22	10.68	24	11.65
466	data/reference/motifs/JASPAR2026_CORE_plants_non-redundant_pfms_meme.txt	MA2643.1	SNAC23	YACGGAACT	1.16e-1	1.00e0	9.27e2	374	206	206	206	1	191	92.72	183	88.83
467	data/reference/motifs/JASPAR2026_CORE_plants_non-redundant_pfms_meme.txt	MA2642.1	GLYMA-10G230700	AAGATATTTWTW	7.28e-1	1.00e0	9.27e2	363	206	206	206	1	180	87.38	183	88.83
468	data/reference/motifs/JASPAR2026_CORE_plants_non-redundant_pfms_meme.txt	MA2641.1	GLYMA-01G038600	CCTTATCCA	6.81e-1	1.00e0	9.27e2	402	206	206	206	3	158	76.70	161	78.16
469	data/reference/motifs/JASPAR2026_CORE_plants_non-redundant_pfms_meme.txt	MA2640.1	GLYMA-19G062000	GTAACAGTTAC	2.10e-1	1.00e0	9.27e2	337	206	206	206	2	129	62.62	120	58.25
470	data/reference/motifs/JASPAR2026_CORE_plants_non-redundant_pfms_meme.txt	MA2480.1	GLYMA-04G093300	CTAATC	3.93e-1	1.00e0	9.27e2	379	206	206	206	7	8	3.88	6	2.91
471	data/reference/motifs/JASPAR2026_CORE_plants_non-redundant_pfms_meme.txt	MA2738.1	Cnr	TCCGTACAAA	1.13e-1	1.00e0	9.27e2	389	206	206	206	2	178	86.41	168	81.55
472	data/reference/motifs/JASPAR2026_CORE_plants_non-redundant_pfms_meme.txt	MA2737.1	SlERF36	CMGCCGCCAC	1.90e-1	1.00e0	9.27e2	280	206	206	206	9	8	3.88	4	1.94
473	data/reference/motifs/JASPAR2026_CORE_plants_non-redundant_pfms_meme.txt	MA2732.1	Sl-ERF_C_4	YCGCCGCCGCCR	3.54e-1	1.00e0	9.27e2	149	206	206	206	2	42	20.39	38	18.45
474	data/reference/motifs/JASPAR2026_CORE_plants_non-redundant_pfms_meme.txt	MA2731.1	sep3	WTTTCCAAAAAGGGAAAAAAW	6.64e-1	1.00e0	9.27e2	58	206	206	206	1	28	13.59	30	14.56
475	data/reference/motifs/JASPAR2026_CORE_plants_non-redundant_pfms_meme.txt	MA2729.1	vahox1	AAATAATTG	1.85e-1	1.00e0	9.27e2	408	206	206	206	13	41	19.90	33	16.02
476	data/reference/motifs/JASPAR2026_CORE_plants_non-redundant_pfms_meme.txt	MA2728.1	SolycHsfC1	RGAAGTTTCTAG	4.44e-1	1.00e0	9.27e2	267	206	206	206	3	30	14.56	28	13.59
477	data/reference/motifs/JASPAR2026_CORE_plants_non-redundant_pfms_meme.txt	MA2727.1	SolycHsfA7	TTCYAGAA	1.24e-1	1.00e0	9.27e2	390	206	206	206	12	3	1.46	0	0.00
478	data/reference/motifs/JASPAR2026_CORE_plants_non-redundant_pfms_meme.txt	MA2726.1	SlWRKY41	GTTGACTT	2.49e-1	1.00e0	9.27e2	392	206	206	206	10	2	0.97	0	0.00
479	data/reference/motifs/JASPAR2026_CORE_plants_non-redundant_pfms_meme.txt	MA2717.1	eil2	AGATTCR	1.61e-1	1.00e0	9.27e2	412	206	206	206	10	117	56.80	106	51.46
480	data/reference/motifs/JASPAR2026_CORE_plants_non-redundant_pfms_meme.txt	MA2716.1	dreb3	CCACCGACCA	2.78e-1	1.00e0	9.27e2	297	206	206	206	4	29	14.08	24	11.65
481	data/reference/motifs/JASPAR2026_CORE_plants_non-redundant_pfms_meme.txt	MA2714.1	APETALA2a	ATTACCTCGTACYA	9.38e-1	1.00e0	9.27e2	107	206	206	206	3	1	0.49	3	1.46
482	data/reference/motifs/JASPAR2026_CORE_plants_non-redundant_pfms_meme.txt	MA2713.1	SlDof14	CTTTTTC	3.12e-1	1.00e0	9.27e2	408	206	206	206	1	205	99.51	203	98.54
483	data/reference/motifs/JASPAR2026_CORE_plants_non-redundant_pfms_meme.txt	MA2711.1	SolycHsfB2b	TTCTAGAA	2.13e-1	1.00e0	9.27e2	177	206	206	206	1	93	45.15	84	40.78
484	data/reference/motifs/JASPAR2026_CORE_plants_non-redundant_pfms_meme.txt	MA2710.1	SolycHsfB1	TTCTAGAA	2.49e-1	1.00e0	9.27e2	268	206	206	206	10	2	0.97	0	0.00
485	data/reference/motifs/JASPAR2026_CORE_plants_non-redundant_pfms_meme.txt	MA2709.1	SolycHsfA2	TTCTAGAAKMTTCTA	6.29e-1	1.00e0	9.27e2	151	206	206	206	2	20	9.71	21	10.19
486	data/reference/motifs/JASPAR2026_CORE_plants_non-redundant_pfms_meme.txt	MA2752.1	TaOBF1b	TGCCACGTCATCATC	4.20e-1	1.00e0	9.27e2	159	206	206	206	1	81	39.32	78	37.86
487	data/reference/motifs/JASPAR2026_CORE_plants_non-redundant_pfms_meme.txt	MA2751.1	TraesCS2B02G304400	CCACTCGACC	8.58e-1	1.00e0	9.27e2	284	206	206	206	6	3	1.46	5	2.43
488	data/reference/motifs/JASPAR2026_CORE_plants_non-redundant_pfms_meme.txt	MA2750.1	TraesCS7B02G142200	TGTACGGAC	1.40e-1	1.00e0	9.27e2	291	206	206	206	1	151	73.30	140	67.96
489	data/reference/motifs/JASPAR2026_CORE_plants_non-redundant_pfms_meme.txt	MA2749.1	TraesCS2D02G576500	GAAGCAAC	2.29e-1	1.00e0	9.27e2	400	206	206	206	2	183	88.83	177	85.92
490	data/reference/motifs/JASPAR2026_CORE_plants_non-redundant_pfms_meme.txt	MA2761.1	myb100	TRCCTAACTT	1.26e-1	1.00e0	9.27e2	397	206	206	206	8	13	6.31	7	3.40
491	data/reference/motifs/JASPAR2026_CORE_plants_non-redundant_pfms_meme.txt	MA2760.1	p2	CACCTAAC	2.49e-1	1.00e0	9.27e2	407	206	206	206	17	2	0.97	0	0.00
492	data/reference/motifs/JASPAR2026_CORE_plants_non-redundant_pfms_meme.txt	MA2759.1	ereb7	GCGGCGGCGGCGG	1.00e0	1.00e0	9.27e2	2	206	206	206	1	0	0.00	2	0.97
493	data/reference/motifs/JASPAR2026_CORE_plants_non-redundant_pfms_meme.txt	MA2757.1	pbf1	ATAAAGT	9.97e-2	1.00e0	9.27e2	412	206	206	206	15	116	56.31	102	49.51
494	data/reference/motifs/JASPAR2026_CORE_plants_non-redundant_pfms_meme.txt	MA2756.1	dfo23	TACCTTTTTCT	1.31e-1	1.00e0	9.27e2	411	206	206	206	12	45	21.84	35	16.99
495	data/reference/motifs/JASPAR2026_CORE_plants_non-redundant_pfms_meme.txt	MA2755.1	hsftf24	ACTAGAAGCTTCTGGAA	2.49e-1	1.00e0	9.27e2	185	206	206	206	5	2	0.97	0	0.00
496	data/reference/motifs/JASPAR2026_CORE_plants_non-redundant_pfms_meme.txt	MA2754.1	wrky38	CGTGGACC	2.74e-1	1.00e0	9.27e2	377	206	206	206	3	126	61.17	119	57.77
497	data/reference/motifs/JASPAR2026_CORE_plants_non-redundant_pfms_meme.txt	MA2753.1	cpp8	GAATTTGAAW	1.65e-1	1.00e0	9.27e2	412	206	206	206	7	168	81.55	159	77.18
498	data/reference/motifs/JASPAR2026_CORE_plants_non-redundant_pfms_meme.txt	MA2627.1	bzip9	CACGTCA	3.10e-1	1.00e0	9.27e2	403	206	206	206	6	93	45.15	87	42.23
499	data/reference/motifs/JASPAR2026_CORE_plants_non-redundant_pfms_meme.txt	MA2625.1	mybr17	CATTATC	1.24e-1	1.00e0	9.27e2	412	206	206	206	28	3	1.46	0	0.00
500	data/reference/motifs/JASPAR2026_CORE_plants_non-redundant_pfms_meme.txt	MA2621.1	glk25	TGATTCCA	3.12e-1	1.00e0	9.27e2	411	206	206	206	3	205	99.51	203	98.54
501	data/reference/motifs/JASPAR2026_CORE_plants_non-redundant_pfms_meme.txt	MA2620.1	g2	CCTTATCC	1.85e-1	1.00e0	9.27e2	404	206	206	206	3	173	83.98	165	80.10
502	data/reference/motifs/JASPAR2026_CORE_plants_non-redundant_pfms_meme.txt	MA2618.1	ereb102	CGACGGCGA	3.44e-1	1.00e0	9.27e2	245	206	206	206	1	125	60.68	120	58.25
503	data/reference/motifs/JASPAR2026_CORE_plants_non-redundant_pfms_meme.txt	MA2612.1	ereb147	ACGCCGAC	3.20e-1	1.00e0	9.27e2	310	206	206	206	8	11	5.34	8	3.88
504	data/reference/motifs/JASPAR2026_CORE_plants_non-redundant_pfms_meme.txt	MA2608.1	glk53	AAGGAATATTCTTT	2.25e-1	1.00e0	9.27e2	347	206	206	206	9	5	2.43	2	0.97
505	data/reference/motifs/JASPAR2026_CORE_plants_non-redundant_pfms_meme.txt	MA2607.1	tcptf23	GGGACCAC	3.38e-1	1.00e0	9.27e2	338	206	206	206	2	140	67.96	135	65.53
506	data/reference/motifs/JASPAR2026_CORE_plants_non-redundant_pfms_meme.txt	MA2606.1	mybr43	CCTTATCC	5.00e-1	1.00e0	9.27e2	408	206	206	206	2	195	94.66	194	94.17
507	data/reference/motifs/JASPAR2026_CORE_plants_non-redundant_pfms_meme.txt	MA2605.1	mybr26	CCTTATCC	3.28e-1	1.00e0	9.27e2	409	206	206	206	2	197	95.63	194	94.17
508	data/reference/motifs/JASPAR2026_CORE_plants_non-redundant_pfms_meme.txt	MA2604.1	dof22	ACTTTTAC	1.46e-1	1.00e0	9.27e2	412	206	206	206	8	201	97.57	196	95.15
509	data/reference/motifs/JASPAR2026_CORE_plants_non-redundant_pfms_meme.txt	MA1378.2	AIL6	TCCTCGA	3.94e-1	1.00e0	9.27e2	407	206	206	206	4	175	84.95	172	83.50
510	data/reference/motifs/JASPAR2026_CORE_plants_non-redundant_pfms_meme.txt	MA0566.2	MYC2	AACACGTGA	9.77e-2	1.00e0	9.27e2	369	206	206	206	8	33	16.02	23	11.17
511	data/reference/motifs/JASPAR2026_CORE_plants_non-redundant_pfms_meme.txt	MA2638.1	FUL::SEP3	TTWCTATTTATAGTAA	7.87e-1	1.00e0	9.27e2	235	206	206	206	1	114	55.34	121	58.74
512	data/reference/motifs/JASPAR2026_CORE_plants_non-redundant_pfms_meme.txt	MA2637.1	FUL::AG::SEP3	WTWCCAWAAATAGAAA	2.64e-1	1.00e0	9.27e2	389	206	206	206	6	25	12.14	20	9.71
513	data/reference/motifs/JASPAR2026_CORE_plants_non-redundant_pfms_meme.txt	MA2636.1	FUL::AG	WCTTTCCATTTTTRGAAA	6.53e-1	1.00e0	9.27e2	215	206	206	206	1	106	51.46	109	52.91
514	data/reference/motifs/JASPAR2026_CORE_plants_non-redundant_pfms_meme.txt	MA2635.1	FUL	TTWCCAWAAATAGAAA	7.23e-1	1.00e0	9.27e2	308	206	206	206	2	96	46.60	101	49.03
515	data/reference/motifs/JASPAR2026_CORE_plants_non-redundant_pfms_meme.txt	MA2634.1	EIN3	AGATTCATTGAATCT	3.62e-1	1.00e0	9.27e2	200	206	206	206	4	19	9.22	16	7.77
516	data/reference/motifs/JASPAR2026_CORE_plants_non-redundant_pfms_meme.txt	MA1355.2	TRB2	WARCCCTAAWT	3.05e-1	1.00e0	9.27e2	157	206	206	206	2	21	10.19	17	8.25
517	data/reference/motifs/JASPAR2026_CORE_plants_non-redundant_pfms_meme.txt	MA1353.2	AT1G72740	RWTTAGGGTTT	5.00e-1	1.00e0	9.27e2	206	206	206	206	3	14	6.80	13	6.31
518	data/reference/motifs/JASPAR2026_CORE_plants_non-redundant_pfms_meme.txt	MA1322.3	SPL9	TCCGTAC	1.05e-1	1.00e0	9.27e2	375	206	206	206	2	161	78.16	149	72.33
519	data/reference/motifs/JASPAR2026_CORE_plants_non-redundant_pfms_meme.txt	MA1060.2	SPL7	CGTACG	1.56e-1	1.00e0	9.27e2	400	206	206	206	4	172	83.50	163	79.13
520	data/reference/motifs/JASPAR2026_CORE_plants_non-redundant_pfms_meme.txt	MA1742.2	BIZP18	TGMCAGCTGK	3.43e-1	1.00e0	9.27e2	205	206	206	206	4	4	1.94	2	0.97
521	data/reference/motifs/JASPAR2026_CORE_plants_non-redundant_pfms_meme.txt	MA1672.2	GBF2	SACGTGGCA	2.40e-1	1.00e0	9.27e2	383	206	206	206	2	163	79.13	156	75.73
522	data/reference/motifs/JASPAR2026_CORE_plants_non-redundant_pfms_meme.txt	MA2477.1	NGA4	TTCAGGTR	1.05e-1	1.00e0	9.27e2	401	206	206	206	8	21	10.19	13	6.31
523	data/reference/motifs/JASPAR2026_CORE_plants_non-redundant_pfms_meme.txt	MA2474.1	HMGB10	TWATAA	3.59e-1	1.00e0	9.27e2	397	206	206	206	14	18	8.74	15	7.28
524	data/reference/motifs/JASPAR2026_CORE_plants_non-redundant_pfms_meme.txt	MA2344.1	REV	AATMATCATTATTA	3.28e-1	1.00e0	9.27e2	391	206	206	206	1	197	95.63	194	94.17
525	data/reference/motifs/JASPAR2026_CORE_plants_non-redundant_pfms_meme.txt	MA2459.1	EDF3	RCAACAKA	2.59e-1	1.00e0	9.27e2	289	206	206	206	1	148	71.84	141	68.45
526	data/reference/motifs/JASPAR2026_CORE_plants_non-redundant_pfms_meme.txt	MA1738.1	ATMYB31	YAMCTMCCAACHAMH	1.09e-1	1.00e0	9.27e2	347	206	206	206	4	60	29.13	48	23.30
527	data/reference/motifs/JASPAR2026_CORE_plants_non-redundant_pfms_meme.txt	MA1205.1	AGL6	TTWCCAAAAAWGGAAAAWW	4.61e-1	1.00e0	9.27e2	190	206	206	206	1	96	46.60	94	45.63
528	data/reference/motifs/JASPAR2026_CORE_plants_non-redundant_pfms_meme.txt	MA1204.1	AGL13	TTWCCAAAAAWRGWAAAW	2.65e-1	1.00e0	9.27e2	137	206	206	206	1	72	34.95	65	31.55
529	data/reference/motifs/JASPAR2026_CORE_plants_non-redundant_pfms_meme.txt	MA1199.1	AGL16	TTTCCWTTTTDGGWA	1.59e-1	1.00e0	9.27e2	241	206	206	206	1	126	61.17	115	55.83
530	data/reference/motifs/JASPAR2026_CORE_plants_non-redundant_pfms_meme.txt	MA1188.1	At3g11280	AWYCTTATCTTHWY	3.74e-1	1.00e0	9.27e2	401	206	206	206	2	186	90.29	183	88.83
531	data/reference/motifs/JASPAR2026_CORE_plants_non-redundant_pfms_meme.txt	MA1169.1	MYB105	WTHDWWACCGTTA	2.38e-1	1.00e0	9.27e2	217	206	206	206	2	49	23.79	42	20.39
532	data/reference/motifs/JASPAR2026_CORE_plants_non-redundant_pfms_meme.txt	MA1042.1	MYB59	RTTAGGTA	1.10e-1	1.00e0	9.27e2	410	206	206	206	16	8	3.88	3	1.46
533	data/reference/motifs/JASPAR2026_CORE_plants_non-redundant_pfms_meme.txt	MA1041.1	MYB55	ACCTACCG	1.24e-1	1.00e0	9.27e2	367	206	206	206	10	3	1.46	0	0.00
534	data/reference/motifs/JASPAR2026_CORE_plants_non-redundant_pfms_meme.txt	MA1040.1	MYB46	GKTAGGTR	1.24e-1	1.00e0	9.27e2	389	206	206	206	11	3	1.46	0	0.00
535	data/reference/motifs/JASPAR2026_CORE_plants_non-redundant_pfms_meme.txt	MA1039.1	MYB4	GGTWGGTR	1.38e-1	1.00e0	9.27e2	411	206	206	206	8	99	48.06	87	42.23
536	data/reference/motifs/JASPAR2026_CORE_plants_non-redundant_pfms_meme.txt	MA1036.1	MYB111	GKTAGGTR	1.41e-1	1.00e0	9.27e2	405	206	206	206	9	28	13.59	20	9.71
537	data/reference/motifs/JASPAR2026_CORE_plants_non-redundant_pfms_meme.txt	MA1012.1	AGL27	CTTTCYATTTTKGG	3.08e-1	1.00e0	9.27e2	234	206	206	206	2	42	20.39	37	17.96
538	data/reference/motifs/JASPAR2026_CORE_plants_non-redundant_pfms_meme.txt	MA0972.1	CCA1	AAATATCT	5.00e-1	1.00e0	9.27e2	402	206	206	206	16	1	0.49	0	0.00
539	data/reference/motifs/JASPAR2026_CORE_plants_non-redundant_pfms_meme.txt	MA0578.1	SPL8	WWDWHYGTACHHTWWW	1.83e-1	1.00e0	9.27e2	244	206	206	206	1	127	61.65	117	56.80
540	data/reference/motifs/JASPAR2026_CORE_plants_non-redundant_pfms_meme.txt	MA0559.1	PI	CCAAAARWRGAAAR	9.85e-2	1.00e0	9.27e2	399	206	206	206	10	20	9.71	12	5.83
541	data/reference/motifs/JASPAR2026_CORE_plants_non-redundant_pfms_meme.txt	MA0955.2	POPTR_0002s00440g	GTACGG	9.70e-2	1.00e0	9.27e2	412	206	206	206	13	93	45.15	79	38.35
542	data/reference/motifs/JASPAR2026_CORE_plants_non-redundant_pfms_meme.txt	MA0054.1	myb.Ph3	TAACBGTTW	3.27e-1	1.00e0	9.27e2	412	206	206	206	18	56	27.18	51	24.76
543	data/reference/motifs/JASPAR2026_CORE_plants_non-redundant_pfms_meme.txt	MA2482.1	PK27693.1	TTATC	2.79e-1	1.00e0	9.27e2	412	206	206	206	60	16	7.77	12	5.83
544	data/reference/motifs/JASPAR2026_CORE_plants_non-redundant_pfms_meme.txt	MA2481.1	PK12011.1	AACGG	1.72e-1	1.00e0	9.27e2	412	206	206	206	8	187	90.78	180	87.38
545	data/reference/motifs/JASPAR2026_CORE_plants_non-redundant_pfms_meme.txt	MA2478.1	PK13314.1	GGGCCCAC	1.24e-1	1.00e0	9.27e2	376	206	206	206	20	3	1.46	0	0.00
546	data/reference/motifs/JASPAR2026_CORE_plants_non-redundant_pfms_meme.txt	MA2040.2	ENAP2	CTCCGGCGA	3.07e-1	1.00e0	9.27e2	160	206	206	206	1	83	40.29	77	37.38
547	data/reference/motifs/JASPAR2026_CORE_plants_non-redundant_pfms_meme.txt	MA1661.2	GTL1	GGTTAAAA	2.87e-1	1.00e0	9.27e2	412	206	206	206	15	8	3.88	5	2.43
548	data/reference/motifs/JASPAR2026_CORE_plants_non-redundant_pfms_meme.txt	MA1366.2	DF1	RGTAAAAA	1.24e-1	1.00e0	9.27e2	412	206	206	206	14	3	1.46	0	0.00
549	data/reference/motifs/JASPAR2026_CORE_plants_non-redundant_pfms_meme.txt	MA1365.3	AT5G47660	GGTAAAA	1.08e-1	1.00e0	9.27e2	409	206	206	206	12	5	2.43	1	0.49
550	data/reference/motifs/JASPAR2026_CORE_plants_non-redundant_pfms_meme.txt	MA2032.2	TRB1	AAACCCTAA	2.23e-1	1.00e0	9.27e2	396	206	206	206	9	10	4.85	6	2.91
551	data/reference/motifs/JASPAR2026_CORE_plants_non-redundant_pfms_meme.txt	MA1825.2	Zm00001d044409	CTTATC	1.37e-1	1.00e0	9.27e2	412	206	206	206	9	95	46.12	83	40.29
552	data/reference/motifs/JASPAR2026_CORE_plants_non-redundant_pfms_meme.txt	MA1812.2	ASR1	AGGCCCAAT	4.60e-1	1.00e0	9.27e2	256	206	206	206	1	129	62.62	127	61.65
553	data/reference/motifs/JASPAR2026_CORE_plants_non-redundant_pfms_meme.txt	MA1802.2	TRP5	WAAACCY	9.25e-2	1.00e0	9.27e2	412	206	206	206	35	63	30.58	50	24.27
554	data/reference/motifs/JASPAR2026_CORE_plants_non-redundant_pfms_meme.txt	MA1793.2	NID1	TTATCC	5.00e-1	1.00e0	9.27e2	412	206	206	206	50	3	1.46	2	0.97
555	data/reference/motifs/JASPAR2026_CORE_plants_non-redundant_pfms_meme.txt	MA1408.2	FaEOBII	GTTAGGTA	9.08e-2	1.00e0	9.27e2	411	206	206	206	13	39	18.93	28	13.59
556	data/reference/motifs/JASPAR2026_CORE_plants_non-redundant_pfms_meme.txt	MA1401.2	RVE7	AAAATATCT	5.86e-1	1.00e0	9.27e2	214	206	206	206	3	11	5.34	11	5.34
557	data/reference/motifs/JASPAR2026_CORE_plants_non-redundant_pfms_meme.txt	MA1400.2	AT1G19000	WWWTGGATAAGRW	6.00e-1	1.00e0	9.27e2	304	206	206	206	5	8	3.88	8	3.88
558	data/reference/motifs/JASPAR2026_CORE_plants_non-redundant_pfms_meme.txt	MA1397.2	AT1G74840	WWTGGATAA	4.17e-1	1.00e0	9.27e2	388	206	206	206	1	195	94.66	193	93.69
559	data/reference/motifs/JASPAR2026_CORE_plants_non-redundant_pfms_meme.txt	MA1195.2	AT5G56840	AAYCTTATCCAWWW	1.92e-1	1.00e0	9.27e2	376	206	206	206	1	191	92.72	185	89.81
560	data/reference/motifs/JASPAR2026_CORE_plants_non-redundant_pfms_meme.txt	MA1194.2	AT3G10580	DWDWRGATAAGVWT	4.50e-1	1.00e0	9.27e2	395	206	206	206	2	167	81.07	165	80.10
561	data/reference/motifs/JASPAR2026_CORE_plants_non-redundant_pfms_meme.txt	MA1193.2	AT2G38090	WDWGGATAAGDAT	5.78e-1	1.00e0	9.27e2	382	206	206	206	3	97	47.09	98	47.57
562	data/reference/motifs/JASPAR2026_CORE_plants_non-redundant_pfms_meme.txt	MA1192.2	DIV1	WRGATAAGRTT	2.49e-1	1.00e0	9.27e2	370	206	206	206	9	2	0.97	0	0.00
563	data/reference/motifs/JASPAR2026_CORE_plants_non-redundant_pfms_meme.txt	MA1191.2	RVE7L	AAAATATCT	4.27e-1	1.00e0	9.27e2	314	206	206	206	4	17	8.25	15	7.28
564	data/reference/motifs/JASPAR2026_CORE_plants_non-redundant_pfms_meme.txt	MA1190.2	RVE5	AGATATTTT	3.12e-1	1.00e0	9.27e2	356	206	206	206	8	3	1.46	1	0.49
565	data/reference/motifs/JASPAR2026_CORE_plants_non-redundant_pfms_meme.txt	MA1189.2	AT5G61620	WWWTGGATAAGRWW	3.34e-1	1.00e0	9.27e2	389	206	206	206	1	196	95.15	193	93.69
566	data/reference/motifs/JASPAR2026_CORE_plants_non-redundant_pfms_meme.txt	MA1187.2	RVE4	AGATATTTT	5.00e-1	1.00e0	9.27e2	329	206	206	206	9	1	0.49	0	0.00
567	data/reference/motifs/JASPAR2026_CORE_plants_non-redundant_pfms_meme.txt	MA1186.2	YAB4	AWYCTTATCYW	3.43e-1	1.00e0	9.27e2	403	206	206	206	12	4	1.94	2	0.97
568	data/reference/motifs/JASPAR2026_CORE_plants_non-redundant_pfms_meme.txt	MA1185.2	LHY	AGATATTTT	3.28e-1	1.00e0	9.27e2	341	206	206	206	5	12	5.83	9	4.37
569	data/reference/motifs/JASPAR2026_CORE_plants_non-redundant_pfms_meme.txt	MA1184.2	RVE1	WAAATATCT	5.00e-1	1.00e0	9.27e2	369	206	206	206	5	34	16.50	33	16.02
570	data/reference/motifs/JASPAR2026_CORE_plants_non-redundant_pfms_meme.txt	MA1183.2	RVE6	AGATATTTT	3.62e-1	1.00e0	9.27e2	342	206	206	206	5	19	9.22	16	7.77
571	data/reference/motifs/JASPAR2026_CORE_plants_non-redundant_pfms_meme.txt	MA1182.2	RVE8	AGATATTTT	5.00e-1	1.00e0	9.27e2	321	206	206	206	1	161	78.16	160	77.67
572	data/reference/motifs/JASPAR2026_CORE_plants_non-redundant_pfms_meme.txt	MA0579.2	CDC5	GCTCAGCGC	5.40e-1	1.00e0	9.27e2	252	206	206	206	1	126	61.17	126	61.17
573	data/reference/motifs/JASPAR2026_CORE_plants_non-redundant_pfms_meme.txt	MA2042.2	MYB58	CCACCAACC	3.62e-1	1.00e0	9.27e2	396	206	206	206	10	19	9.22	16	7.77
574	data/reference/motifs/JASPAR2026_CORE_plants_non-redundant_pfms_meme.txt	MA2041.2	MYB13	YCACCAACCA	2.72e-1	1.00e0	9.27e2	386	206	206	206	12	7	3.40	4	1.94
575	data/reference/motifs/JASPAR2026_CORE_plants_non-redundant_pfms_meme.txt	MA2030.2	MYB96	MCCAACTACCA	1.08e-1	1.00e0	9.27e2	364	206	206	206	12	5	2.43	1	0.49
576	data/reference/motifs/JASPAR2026_CORE_plants_non-redundant_pfms_meme.txt	MA2028.2	MYB49	TTACCTAACTW	1.33e-1	1.00e0	9.27e2	389	206	206	206	5	61	29.61	50	24.27
577	data/reference/motifs/JASPAR2026_CORE_plants_non-redundant_pfms_meme.txt	MA2027.2	MYB44	HAACGGTCA	3.46e-1	1.00e0	9.27e2	324	206	206	206	2	119	57.77	114	55.34
578	data/reference/motifs/JASPAR2026_CORE_plants_non-redundant_pfms_meme.txt	MA2026.2	MYB108	TACCTAACTT	5.00e-1	1.00e0	9.27e2	362	206	206	206	8	4	1.94	3	1.46
579	data/reference/motifs/JASPAR2026_CORE_plants_non-redundant_pfms_meme.txt	MA2024.2	MYB63	YCACCTACCAC	3.12e-1	1.00e0	9.27e2	322	206	206	206	9	3	1.46	1	0.49
580	data/reference/motifs/JASPAR2026_CORE_plants_non-redundant_pfms_meme.txt	MA2008.2	MYB99	CACCTAMY	7.59e-1	1.00e0	9.27e2	317	206	206	206	1	156	75.73	161	78.16
581	data/reference/motifs/JASPAR2026_CORE_plants_non-redundant_pfms_meme.txt	MA2007.2	MYB107	CACCAAAC	1.42e-1	1.00e0	9.27e2	410	206	206	206	17	6	2.91	2	0.97
582	data/reference/motifs/JASPAR2026_CORE_plants_non-redundant_pfms_meme.txt	MA1781.2	MYB94	CCAACYACYW	3.46e-1	1.00e0	9.27e2	370	206	206	206	3	98	47.57	93	45.15
583	data/reference/motifs/JASPAR2026_CORE_plants_non-redundant_pfms_meme.txt	MA1780.2	MYB92	ACCTAAC	6.48e-1	1.00e0	9.27e2	392	206	206	206	2	167	81.07	169	82.04
584	data/reference/motifs/JASPAR2026_CORE_plants_non-redundant_pfms_meme.txt	MA1778.2	MYB80	TYYACCTAMYTW	1.43e-1	1.00e0	9.27e2	397	206	206	206	6	51	24.76	41	19.90
585	data/reference/motifs/JASPAR2026_CORE_plants_non-redundant_pfms_meme.txt	MA1777.2	MYB74	YYYACCTAMCW	3.11e-1	1.00e0	9.27e2	311	206	206	206	2	105	50.97	99	48.06
586	data/reference/motifs/JASPAR2026_CORE_plants_non-redundant_pfms_meme.txt	MA1775.2	MYB61	YACCWACC	1.30e-1	1.00e0	9.27e2	370	206	206	206	5	34	16.50	25	12.14
587	data/reference/motifs/JASPAR2026_CORE_plants_non-redundant_pfms_meme.txt	MA1774.2	MYB60	YCAACYACYT	1.99e-1	1.00e0	9.27e2	364	206	206	206	4	70	33.98	61	29.61
588	data/reference/motifs/JASPAR2026_CORE_plants_non-redundant_pfms_meme.txt	MA1773.2	MYB51	YYYACCWACYW	3.80e-1	1.00e0	9.27e2	357	206	206	206	2	130	63.11	126	61.17
589	data/reference/motifs/JASPAR2026_CORE_plants_non-redundant_pfms_meme.txt	MA1772.2	MYB43	YTYACCWAMCWT	2.69e-1	1.00e0	9.27e2	265	206	206	206	1	136	66.02	129	62.62
590	data/reference/motifs/JASPAR2026_CORE_plants_non-redundant_pfms_meme.txt	MA1771.2	MYB41	TYACCTAMYT	3.43e-1	1.00e0	9.27e2	386	206	206	206	9	4	1.94	2	0.97
591	data/reference/motifs/JASPAR2026_CORE_plants_non-redundant_pfms_meme.txt	MA1770.2	MYB40	YTYACCWAMY	5.00e-1	1.00e0	9.27e2	320	206	206	206	2	103	50.00	102	49.51
592	data/reference/motifs/JASPAR2026_CORE_plants_non-redundant_pfms_meme.txt	MA1769.2	MYB39	YYCACCTAMYTT	3.82e-1	1.00e0	9.27e2	351	206	206	206	2	124	60.19	120	58.25
593	data/reference/motifs/JASPAR2026_CORE_plants_non-redundant_pfms_meme.txt	MA1766.2	MYB17	YYCACCTACCW	1.31e-1	1.00e0	9.27e2	336	206	206	206	4	45	21.84	35	16.99
594	data/reference/motifs/JASPAR2026_CORE_plants_non-redundant_pfms_meme.txt	MA1765.2	MYB121	TACCTAACW	5.00e-1	1.00e0	9.27e2	385	206	206	206	8	10	4.85	9	4.37
595	data/reference/motifs/JASPAR2026_CORE_plants_non-redundant_pfms_meme.txt	MA1764.2	MYB116	TGCCTAACTT	7.44e-1	1.00e0	9.27e2	201	206	206	206	3	10	4.85	12	5.83
596	data/reference/motifs/JASPAR2026_CORE_plants_non-redundant_pfms_meme.txt	MA1762.2	MYB10	YCACCWAMCW	5.00e-1	1.00e0	9.27e2	313	206	206	206	5	10	4.85	9	4.37
597	data/reference/motifs/JASPAR2026_CORE_plants_non-redundant_pfms_meme.txt	MA1394.3	MYB73	AACGGTCA	3.36e-1	1.00e0	9.27e2	369	206	206	206	4	68	33.01	63	30.58
598	data/reference/motifs/JASPAR2026_CORE_plants_non-redundant_pfms_meme.txt	MA1393.3	MYB70	AACCGTT	2.38e-1	1.00e0	9.27e2	393	206	206	206	7	49	23.79	42	20.39
599	data/reference/motifs/JASPAR2026_CORE_plants_non-redundant_pfms_meme.txt	MA1392.3	MYB98	WMCGTTAC	1.26e-1	1.00e0	9.27e2	341	206	206	206	5	13	6.31	7	3.40
600	data/reference/motifs/JASPAR2026_CORE_plants_non-redundant_pfms_meme.txt	MA1294.2	MYB62	WAGTTAGGY	5.00e-1	1.00e0	9.27e2	387	206	206	206	9	2	0.97	1	0.49
601	data/reference/motifs/JASPAR2026_CORE_plants_non-redundant_pfms_meme.txt	MA1293.2	MYB57	TACCTAACTT	5.00e-1	1.00e0	9.27e2	107	206	206	206	3	2	0.97	1	0.49
602	data/reference/motifs/JASPAR2026_CORE_plants_non-redundant_pfms_meme.txt	MA1292.2	MYB27	AAAAATTAGGTA	5.00e-1	1.00e0	9.27e2	122	206	206	206	4	1	0.49	0	0.00
603	data/reference/motifs/JASPAR2026_CORE_plants_non-redundant_pfms_meme.txt	MA1181.2	MYB113	AKTYMGTTAT	1.19e-1	1.00e0	9.27e2	404	206	206	206	7	31	15.05	22	10.68
604	data/reference/motifs/JASPAR2026_CORE_plants_non-redundant_pfms_meme.txt	MA1180.2	MYB3R4	WWWTRACCGTTR	2.49e-1	1.00e0	9.27e2	162	206	206	206	4	2	0.97	0	0.00
605	data/reference/motifs/JASPAR2026_CORE_plants_non-redundant_pfms_meme.txt	MA1179.2	MYB1	ACSGTTA	3.26e-1	1.00e0	9.27e2	331	206	206	206	4	27	13.11	23	11.17
606	data/reference/motifs/JASPAR2026_CORE_plants_non-redundant_pfms_meme.txt	MA1178.3	MYB3R1	TAACGGTC	3.16e-1	1.00e0	9.27e2	368	206	206	206	1	186	90.29	182	88.35
607	data/reference/motifs/JASPAR2026_CORE_plants_non-redundant_pfms_meme.txt	MA1177.2	MYB65	TAACCGHM	1.56e-1	1.00e0	9.27e2	412	206	206	206	10	23	11.17	16	7.77
608	data/reference/motifs/JASPAR2026_CORE_plants_non-redundant_pfms_meme.txt	MA1176.2	MYB119	RWCCGTTACA	3.78e-1	1.00e0	9.27e2	270	206	206	206	1	137	66.50	133	64.56
609	data/reference/motifs/JASPAR2026_CORE_plants_non-redundant_pfms_meme.txt	MA1175.2	MYB81	TAACHGWWT	1.38e-1	1.00e0	9.27e2	412	206	206	206	4	193	93.69	186	90.29
610	data/reference/motifs/JASPAR2026_CORE_plants_non-redundant_pfms_meme.txt	MA1171.2	MYB52	ACCGTTA	5.00e-1	1.00e0	9.27e2	186	206	206	206	7	1	0.49	0	0.00
611	data/reference/motifs/JASPAR2026_CORE_plants_non-redundant_pfms_meme.txt	MA1038.2	MYB3	GGTAGGTA	5.00e-1	1.00e0	9.27e2	335	206	206	206	2	114	55.34	113	54.85
612	data/reference/motifs/JASPAR2026_CORE_plants_non-redundant_pfms_meme.txt	MA1030.2	P0510F09.23	WRMCCTA	1.86e-1	1.00e0	9.27e2	412	206	206	206	5	205	99.51	202	98.06
613	data/reference/motifs/JASPAR2026_CORE_plants_non-redundant_pfms_meme.txt	MA0575.2	MYB77	GACRGTTAS	1.61e-1	1.00e0	9.27e2	261	206	206	206	4	11	5.34	6	2.91
614	data/reference/motifs/JASPAR2026_CORE_plants_non-redundant_pfms_meme.txt	MA0034.2	Gam1	YAACCGMC	3.43e-1	1.00e0	9.27e2	409	206	206	206	19	4	1.94	2	0.97
615	data/reference/motifs/JASPAR2026_CORE_plants_non-redundant_pfms_meme.txt	MA1830.2	Zm00001d015407	AAGGAATATTCTTTTT	2.49e-1	1.00e0	9.27e2	318	206	206	206	9	2	0.97	0	0.00
616	data/reference/motifs/JASPAR2026_CORE_plants_non-redundant_pfms_meme.txt	MA1737.2	AT5G05090	AGATHCG	3.00e-1	1.00e0	9.27e2	410	206	206	206	14	9	4.37	6	2.91
617	data/reference/motifs/JASPAR2026_CORE_plants_non-redundant_pfms_meme.txt	MA1735.2	AT2G38300	AAHATTCYHT	3.76e-1	1.00e0	9.27e2	405	206	206	206	6	68	33.01	64	31.07
618	data/reference/motifs/JASPAR2026_CORE_plants_non-redundant_pfms_meme.txt	MA1706.2	AT1G14600	WAYATTCT	3.46e-1	1.00e0	9.27e2	412	206	206	206	46	15	7.28	12	5.83
619	data/reference/motifs/JASPAR2026_CORE_plants_non-redundant_pfms_meme.txt	MA1390.3	HHO2	AAGATTCC	2.88e-1	1.00e0	9.27e2	410	206	206	206	4	155	75.24	149	72.33
620	data/reference/motifs/JASPAR2026_CORE_plants_non-redundant_pfms_meme.txt	MA1389.2	PHL1	AARGAATATTCB	2.03e-1	1.00e0	9.27e2	249	206	206	206	3	23	11.17	17	8.25
621	data/reference/motifs/JASPAR2026_CORE_plants_non-redundant_pfms_meme.txt	MA1388.2	PHL2	VGAATMT	2.64e-1	1.00e0	9.27e2	402	206	206	206	2	186	90.29	181	87.86
622	data/reference/motifs/JASPAR2026_CORE_plants_non-redundant_pfms_meme.txt	MA1387.2	HRS1	ATCRAAGATTCY	1.85e-1	1.00e0	9.27e2	361	206	206	206	5	20	9.71	14	6.80
623	data/reference/motifs/JASPAR2026_CORE_plants_non-redundant_pfms_meme.txt	MA1386.3	HHO3	AAGATTCT	3.08e-1	1.00e0	9.27e2	400	206	206	206	4	126	61.17	120	58.25
624	data/reference/motifs/JASPAR2026_CORE_plants_non-redundant_pfms_meme.txt	MA1385.2	AT2G40260	AAHATTCTYT	9.47e-2	1.00e0	9.27e2	403	206	206	206	6	51	24.76	39	18.93
625	data/reference/motifs/JASPAR2026_CORE_plants_non-redundant_pfms_meme.txt	MA1383.2	KAN2	AATATTCTTT	1.72e-1	1.00e0	9.27e2	386	206	206	206	7	26	12.62	19	9.22
626	data/reference/motifs/JASPAR2026_CORE_plants_non-redundant_pfms_meme.txt	MA1168.2	MYR2	RGAATMTT	1.86e-1	1.00e0	9.27e2	366	206	206	206	9	4	1.94	1	0.49
627	data/reference/motifs/JASPAR2026_CORE_plants_non-redundant_pfms_meme.txt	MA1167.2	EFM	RGAATATTC	2.51e-1	1.00e0	9.27e2	332	206	206	206	6	6	2.91	3	1.46
628	data/reference/motifs/JASPAR2026_CORE_plants_non-redundant_pfms_meme.txt	MA1165.3	HHO6	AGATTCT	3.12e-1	1.00e0	9.27e2	408	206	206	206	1	205	99.51	203	98.54
629	data/reference/motifs/JASPAR2026_CORE_plants_non-redundant_pfms_meme.txt	MA1164.2	HHO5	RAAGATTC	3.03e-1	1.00e0	9.27e2	368	206	206	206	5	39	18.93	34	16.50
630	data/reference/motifs/JASPAR2026_CORE_plants_non-redundant_pfms_meme.txt	MA1027.2	KAN1	WTATTC	1.33e-1	1.00e0	9.27e2	412	206	206	206	67	61	29.61	50	24.27
631	data/reference/motifs/JASPAR2026_CORE_plants_non-redundant_pfms_meme.txt	MA0949.2	ARR2	MGWATCTT	1.85e-1	1.00e0	9.27e2	402	206	206	206	9	13	6.31	8	3.88
632	data/reference/motifs/JASPAR2026_CORE_plants_non-redundant_pfms_meme.txt	MA0948.2	ARR18	AGATACG	4.41e-1	1.00e0	9.27e2	412	206	206	206	19	27	13.11	25	12.14
633	data/reference/motifs/JASPAR2026_CORE_plants_non-redundant_pfms_meme.txt	MA0945.2	ARR1	RDATCT	1.86e-1	1.00e0	9.27e2	412	206	206	206	21	205	99.51	202	98.06
634	data/reference/motifs/JASPAR2026_CORE_plants_non-redundant_pfms_meme.txt	MA0121.2	ARR10	AGATHYK	6.14e-1	1.00e0	9.27e2	412	206	206	206	4	178	86.41	179	86.89
635	data/reference/motifs/JASPAR2026_CORE_plants_non-redundant_pfms_meme.txt	MA1794.2	NLP7	TGVCYYTT	1.14e-1	1.00e0	9.27e2	412	206	206	206	8	90	43.69	77	37.38
636	data/reference/motifs/JASPAR2026_CORE_plants_non-redundant_pfms_meme.txt	MA2022.2	LOB	CCGCCGCCGCMGC	4.52e-1	1.00e0	9.27e2	86	206	206	206	1	44	21.36	42	20.39
637	data/reference/motifs/JASPAR2026_CORE_plants_non-redundant_pfms_meme.txt	MA2021.2	LBD13	TCCACCGT	1.44e-1	1.00e0	9.27e2	380	206	206	206	5	70	33.98	59	28.64
638	data/reference/motifs/JASPAR2026_CORE_plants_non-redundant_pfms_meme.txt	MA1747.2	DOF4.3	WAAAGWRGCTTTW	5.00e-1	1.00e0	9.27e2	75	206	206	206	3	3	1.46	2	0.97
639	data/reference/motifs/JASPAR2026_CORE_plants_non-redundant_pfms_meme.txt	MA1281.2	DOF5.1	AAAAAGWAAAAARAAAAAR	1.62e-1	1.00e0	9.27e2	409	206	206	206	7	111	53.88	100	48.54
640	data/reference/motifs/JASPAR2026_CORE_plants_non-redundant_pfms_meme.txt	MA1277.2	DOF1.7	AAAAAGTARAA	1.24e-1	1.00e0	9.27e2	410	206	206	206	17	18	8.74	11	5.34
641	data/reference/motifs/JASPAR2026_CORE_plants_non-redundant_pfms_meme.txt	MA1275.2	DOF1.6	AWAAAGTR	1.33e-1	1.00e0	9.27e2	411	206	206	206	7	133	64.56	121	58.74
642	data/reference/motifs/JASPAR2026_CORE_plants_non-redundant_pfms_meme.txt	MA1273.2	DOF4.2	AAAAAGGYAAA	1.05e-1	1.00e0	9.27e2	406	206	206	206	9	21	10.19	13	6.31
643	data/reference/motifs/JASPAR2026_CORE_plants_non-redundant_pfms_meme.txt	MA1272.3	DOF2.2	AAAAAG	1.39e-1	1.00e0	9.27e2	400	206	206	206	4	114	55.34	102	49.51
644	data/reference/motifs/JASPAR2026_CORE_plants_non-redundant_pfms_meme.txt	MA1269.2	DOF4.5	AWAAAGTWRCTTT	2.75e-1	1.00e0	9.27e2	410	206	206	206	5	122	59.22	115	55.83
645	data/reference/motifs/JASPAR2026_CORE_plants_non-redundant_pfms_meme.txt	MA1267.2	DOF5.8	TTTTTHYTTTTTACTTTTT	1.36e-1	1.00e0	9.27e2	410	206	206	206	10	63	30.58	52	25.24
646	data/reference/motifs/JASPAR2026_CORE_plants_non-redundant_pfms_meme.txt	MA1022.2	PHYPADRAFT_38837	AAAG	2.14e-1	1.00e0	9.27e2	412	206	206	206	72	158	76.70	150	72.82
647	data/reference/motifs/JASPAR2026_CORE_plants_non-redundant_pfms_meme.txt	MA0987.2	PHYPADRAFT_140773	AAAG	8.74e-2	1.00e0	9.27e2	412	206	206	206	53	204	99.03	199	96.60
648	data/reference/motifs/JASPAR2026_CORE_plants_non-redundant_pfms_meme.txt	MA0984.2	DOF5.7	AAARR	1.46e-1	1.00e0	9.27e2	412	206	206	206	78	197	95.63	191	92.72
649	data/reference/motifs/JASPAR2026_CORE_plants_non-redundant_pfms_meme.txt	MA0981.2	DOF1.8	AAAG	2.14e-1	1.00e0	9.27e2	412	206	206	206	72	158	76.70	150	72.82
650	data/reference/motifs/JASPAR2026_CORE_plants_non-redundant_pfms_meme.txt	MA0020.2	Dof2	AAAGC	1.19e-1	1.00e0	9.27e2	412	206	206	206	17	68	33.01	56	27.18
651	data/reference/motifs/JASPAR2026_CORE_plants_non-redundant_pfms_meme.txt	MA1755.2	GATA4	GATC	1.58e-1	1.00e0	9.27e2	412	206	206	206	70	44	21.36	35	16.99
652	data/reference/motifs/JASPAR2026_CORE_plants_non-redundant_pfms_meme.txt	MA1396.2	GATA6	AGATCTAGAT	3.84e-1	1.00e0	9.27e2	194	206	206	206	1	99	48.06	95	46.12
653	data/reference/motifs/JASPAR2026_CORE_plants_non-redundant_pfms_meme.txt	MA1325.2	GATA14	TAGATCTR	5.43e-1	1.00e0	9.27e2	337	206	206	206	4	63	30.58	63	30.58
654	data/reference/motifs/JASPAR2026_CORE_plants_non-redundant_pfms_meme.txt	MA1323.2	GATA19	GATCBGATY	1.94e-1	1.00e0	9.27e2	358	206	206	206	4	45	21.84	37	17.96
655	data/reference/motifs/JASPAR2026_CORE_plants_non-redundant_pfms_meme.txt	MA1018.2	GATA9	AGATCT	3.08e-1	1.00e0	9.27e2	333	206	206	206	1	169	82.04	164	79.61
656	data/reference/motifs/JASPAR2026_CORE_plants_non-redundant_pfms_meme.txt	MA1017.2	GATA8	GATCY	1.85e-1	1.00e0	9.27e2	412	206	206	206	51	13	6.31	8	3.88
657	data/reference/motifs/JASPAR2026_CORE_plants_non-redundant_pfms_meme.txt	MA1016.2	GATA15	GATC	1.42e-1	1.00e0	9.27e2	412	206	206	206	36	204	99.03	200	97.09
658	data/reference/motifs/JASPAR2026_CORE_plants_non-redundant_pfms_meme.txt	MA1015.2	GATA12	AGATCT	2.25e-1	1.00e0	9.27e2	412	206	206	206	82	5	2.43	2	0.97
659	data/reference/motifs/JASPAR2026_CORE_plants_non-redundant_pfms_meme.txt	MA1814.2	RIN	CTATTTTTGG	2.10e-1	1.00e0	9.27e2	411	206	206	206	10	85	41.26	76	36.89
660	data/reference/motifs/JASPAR2026_CORE_plants_non-redundant_pfms_meme.txt	MA0585.2	AGL1	TTDCCWWWWWDGGWAA	2.14e-1	1.00e0	9.27e2	351	206	206	206	3	118	57.28	109	52.91
661	data/reference/motifs/JASPAR2026_CORE_plants_non-redundant_pfms_meme.txt	MA0584.2	SEP1	CCAWAWWTRGWAA	2.71e-1	1.00e0	9.27e2	310	206	206	206	4	45	21.84	39	18.93
662	data/reference/motifs/JASPAR2026_CORE_plants_non-redundant_pfms_meme.txt	MA0556.2	AP3	CCAAAARWRGAAA	1.17e-1	1.00e0	9.27e2	390	206	206	206	2	166	80.58	155	75.24
663	data/reference/motifs/JASPAR2026_CORE_plants_non-redundant_pfms_meme.txt	MA0082.2	squamosa	MCAWAWATRGWAA	1.86e-1	1.00e0	9.27e2	411	206	206	206	14	4	1.94	1	0.49
664	data/reference/motifs/JASPAR2026_CORE_plants_non-redundant_pfms_meme.txt	MA0005.3	AG	TTWCCWAAWHDGGHAA	7.51e-1	1.00e0	9.27e2	333	206	206	206	9	1	0.49	1	0.49
665	data/reference/motifs/JASPAR2026_CORE_plants_non-redundant_pfms_meme.txt	MA1330.2	ZHD6	AAWHRTAATTAA	8.88e-2	1.00e0	9.27e2	406	206	206	206	9	78	37.86	64	31.07
666	data/reference/motifs/JASPAR2026_CORE_plants_non-redundant_pfms_meme.txt	MA1824.2	Zm00001d005692	CAATAATT	3.97e-1	1.00e0	9.27e2	412	206	206	206	26	37	17.96	34	16.50
667	data/reference/motifs/JASPAR2026_CORE_plants_non-redundant_pfms_meme.txt	MA1327.3	ATHB-23	TAATTAA	1.37e-1	1.00e0	9.27e2	388	206	206	206	2	179	86.89	170	82.52
668	data/reference/motifs/JASPAR2026_CORE_plants_non-redundant_pfms_meme.txt	MA1215.2	ATHB-53	CAATAATTG	2.09e-1	1.00e0	9.27e2	388	206	206	206	8	36	17.48	29	14.08
669	data/reference/motifs/JASPAR2026_CORE_plants_non-redundant_pfms_meme.txt	MA1214.2	ATHB-40	ACCAATAATTG	1.78e-1	1.00e0	9.27e2	369	206	206	206	4	79	38.35	69	33.50
670	data/reference/motifs/JASPAR2026_CORE_plants_non-redundant_pfms_meme.txt	MA1212.2	ATHB-13	YAATAATT	1.50e-1	1.00e0	9.27e2	403	206	206	206	8	76	36.89	65	31.55
671	data/reference/motifs/JASPAR2026_CORE_plants_non-redundant_pfms_meme.txt	MA1211.2	ATHB-X	YAATYATTD	1.76e-1	1.00e0	9.27e2	398	206	206	206	2	186	90.29	179	86.89
672	data/reference/motifs/JASPAR2026_CORE_plants_non-redundant_pfms_meme.txt	MA1209.2	ATHB-20	YAATAATT	1.29e-1	1.00e0	9.27e2	359	206	206	206	5	58	28.16	47	22.82
673	data/reference/motifs/JASPAR2026_CORE_plants_non-redundant_pfms_meme.txt	MA1198.2	HAT2	YAATCATT	1.71e-1	1.00e0	9.27e2	406	206	206	206	7	71	34.47	61	29.61
674	data/reference/motifs/JASPAR2026_CORE_plants_non-redundant_pfms_meme.txt	MA1026.3	ATHB-15	AWDRTAATGATKA	4.60e-1	1.00e0	9.27e2	345	206	206	206	2	125	60.68	123	59.71
675	data/reference/motifs/JASPAR2026_CORE_plants_non-redundant_pfms_meme.txt	MA0953.2	ATHB-6	CAATHAT	3.55e-1	1.00e0	9.27e2	412	206	206	206	78	17	8.25	14	6.80
676	data/reference/motifs/JASPAR2026_CORE_plants_non-redundant_pfms_meme.txt	MA0008.4	HAT5	CAATAATTG	2.03e-1	1.00e0	9.27e2	372	206	206	206	1	189	91.75	183	88.83
677	data/reference/motifs/JASPAR2026_CORE_plants_non-redundant_pfms_meme.txt	MA2020.2	HSFB4	GAAGTTTCCR	3.37e-1	1.00e0	9.27e2	338	206	206	206	3	69	33.50	64	31.07
678	data/reference/motifs/JASPAR2026_CORE_plants_non-redundant_pfms_meme.txt	MA1761.2	HSFB3	AAGCTTCTAGAA	3.84e-1	1.00e0	9.27e2	332	206	206	206	2	110	53.40	106	51.46
679	data/reference/motifs/JASPAR2026_CORE_plants_non-redundant_pfms_meme.txt	MA1759.2	HSFA4A	AGAAGCTTCTAGAA	5.00e-1	1.00e0	9.27e2	169	206	206	206	1	85	41.26	84	40.78
680	data/reference/motifs/JASPAR2026_CORE_plants_non-redundant_pfms_meme.txt	MA1667.3	HSFC1	TTCYAGAA	1.24e-1	1.00e0	9.27e2	374	206	206	206	12	3	1.46	0	0.00
681	data/reference/motifs/JASPAR2026_CORE_plants_non-redundant_pfms_meme.txt	MA1666.3	HSFB2B	RGAAGSTTCTA	4.57e-1	1.00e0	9.27e2	286	206	206	206	1	144	69.90	142	68.93
682	data/reference/motifs/JASPAR2026_CORE_plants_non-redundant_pfms_meme.txt	MA1665.3	HSFB2A	RGAAGSTTCY	5.00e-1	1.00e0	9.27e2	285	206	206	206	7	4	1.94	3	1.46
683	data/reference/motifs/JASPAR2026_CORE_plants_non-redundant_pfms_meme.txt	MA1664.3	HSFA6B	TTCTRGAA	3.50e-1	1.00e0	9.27e2	404	206	206	206	10	16	7.77	13	6.31
684	data/reference/motifs/JASPAR2026_CORE_plants_non-redundant_pfms_meme.txt	MA1805.2	WRKY53	RGTCAAC	9.88e-2	1.00e0	9.27e2	412	206	206	206	8	121	58.74	107	51.94
685	data/reference/motifs/JASPAR2026_CORE_plants_non-redundant_pfms_meme.txt	MA1318.2	WRKY27	CGTTGACTTTT	3.45e-1	1.00e0	9.27e2	173	206	206	206	1	89	43.20	84	40.78
686	data/reference/motifs/JASPAR2026_CORE_plants_non-redundant_pfms_meme.txt	MA1316.2	WRKY71	AAAAGTCAAC	3.12e-1	1.00e0	9.27e2	274	206	206	206	5	3	1.46	1	0.49
687	data/reference/motifs/JASPAR2026_CORE_plants_non-redundant_pfms_meme.txt	MA1315.2	WRKY24	CGTTGACTTTT	2.72e-1	1.00e0	9.27e2	237	206	206	206	4	7	3.40	4	1.94
688	data/reference/motifs/JASPAR2026_CORE_plants_non-redundant_pfms_meme.txt	MA1311.3	WRKY28	RGTCAAC	9.70e-2	1.00e0	9.27e2	406	206	206	206	6	93	45.15	79	38.35
689	data/reference/motifs/JASPAR2026_CORE_plants_non-redundant_pfms_meme.txt	MA1310.2	WRKY42	CGTTGACT	3.68e-1	1.00e0	9.27e2	248	206	206	206	2	55	26.70	51	24.76
690	data/reference/motifs/JASPAR2026_CORE_plants_non-redundant_pfms_meme.txt	MA1307.3	WRKY31	RGTCAACG	3.80e-1	1.00e0	9.27e2	358	206	206	206	3	78	37.86	74	35.92
691	data/reference/motifs/JASPAR2026_CORE_plants_non-redundant_pfms_meme.txt	MA1306.2	WRKY11	CGTTGACTTTT	2.15e-1	1.00e0	9.27e2	223	206	206	206	1	116	56.31	107	51.94
692	data/reference/motifs/JASPAR2026_CORE_plants_non-redundant_pfms_meme.txt	MA1305.2	WRKY55	CGTTGACTT	3.78e-1	1.00e0	9.27e2	262	206	206	206	3	25	12.14	22	10.68
693	data/reference/motifs/JASPAR2026_CORE_plants_non-redundant_pfms_meme.txt	MA1303.2	WRKY22	AAAGTCAACK	2.49e-1	1.00e0	9.27e2	217	206	206	206	5	2	0.97	0	0.00
694	data/reference/motifs/JASPAR2026_CORE_plants_non-redundant_pfms_meme.txt	MA1302.2	WRKY65	AAAGTCAACG	1.77e-1	1.00e0	9.27e2	266	206	206	206	1	138	66.99	128	62.14
695	data/reference/motifs/JASPAR2026_CORE_plants_non-redundant_pfms_meme.txt	MA1301.2	WRKY33	AAAGTCAACG	3.12e-1	1.00e0	9.27e2	238	206	206	206	5	3	1.46	1	0.49
696	data/reference/motifs/JASPAR2026_CORE_plants_non-redundant_pfms_meme.txt	MA1300.2	WRKY6	CGTTGACT	2.49e-1	1.00e0	9.27e2	202	206	206	206	5	2	0.97	0	0.00
697	data/reference/motifs/JASPAR2026_CORE_plants_non-redundant_pfms_meme.txt	MA1298.2	WRKY29	AAAGTCAAC	2.45e-1	1.00e0	9.27e2	326	206	206	206	2	102	49.51	94	45.63
698	data/reference/motifs/JASPAR2026_CORE_plants_non-redundant_pfms_meme.txt	MA1297.2	WRKY26	AAAAGTCAACG	2.49e-1	1.00e0	9.27e2	234	206	206	206	5	2	0.97	0	0.00
699	data/reference/motifs/JASPAR2026_CORE_plants_non-redundant_pfms_meme.txt	MA1296.2	WRKY46	CGTTGACTTT	1.86e-1	1.00e0	9.27e2	234	206	206	206	4	4	1.94	1	0.49
700	data/reference/motifs/JASPAR2026_CORE_plants_non-redundant_pfms_meme.txt	MA1295.2	WRKY20	CGTTGACY	3.26e-1	1.00e0	9.27e2	307	206	206	206	1	156	75.73	151	73.30
701	data/reference/motifs/JASPAR2026_CORE_plants_non-redundant_pfms_meme.txt	MA1093.2	WRKY75	RGTCAAC	1.69e-1	1.00e0	9.27e2	269	206	206	206	5	7	3.40	3	1.46
702	data/reference/motifs/JASPAR2026_CORE_plants_non-redundant_pfms_meme.txt	MA1090.2	WRKY60	GGTCAAC	1.85e-1	1.00e0	9.27e2	345	206	206	206	2	123	59.71	113	54.85
703	data/reference/motifs/JASPAR2026_CORE_plants_non-redundant_pfms_meme.txt	MA1085.3	WRKY40	AGTCAA	1.18e-1	1.00e0	9.27e2	321	206	206	206	2	106	51.46	93	45.15
704	data/reference/motifs/JASPAR2026_CORE_plants_non-redundant_pfms_meme.txt	MA1083.3	WRKY30	ARGTCAACG	1.24e-1	1.00e0	9.27e2	345	206	206	206	4	42	20.39	32	15.53
705	data/reference/motifs/JASPAR2026_CORE_plants_non-redundant_pfms_meme.txt	MA1081.3	WRKY25	RGTCAACG	4.22e-1	1.00e0	9.27e2	372	206	206	206	3	100	48.54	97	47.09
706	data/reference/motifs/JASPAR2026_CORE_plants_non-redundant_pfms_meme.txt	MA1078.2	WRKY2	GGTCAAM	2.61e-1	1.00e0	9.27e2	394	206	206	206	2	172	83.50	166	80.58
707	data/reference/motifs/JASPAR2026_CORE_plants_non-redundant_pfms_meme.txt	MA1076.3	WRKY15	RGTCAACG	5.00e-1	1.00e0	9.27e2	381	206	206	206	1	191	92.72	190	92.23
708	data/reference/motifs/JASPAR2026_CORE_plants_non-redundant_pfms_meme.txt	MA2053.2	NAC105	CAAGCAACC	1.62e-1	1.00e0	9.27e2	407	206	206	206	5	103	50.00	92	44.66
709	data/reference/motifs/JASPAR2026_CORE_plants_non-redundant_pfms_meme.txt	MA2051.2	NAC68	ACAAGTAW	2.87e-1	1.00e0	9.27e2	412	206	206	206	19	8	3.88	5	2.43
710	data/reference/motifs/JASPAR2026_CORE_plants_non-redundant_pfms_meme.txt	MA2050.2	NAC101	CAAGCAA	3.71e-1	1.00e0	9.27e2	412	206	206	206	8	150	72.82	146	70.87
711	data/reference/motifs/JASPAR2026_CORE_plants_non-redundant_pfms_meme.txt	MA2048.2	NAC045	GAAGCAAC	1.30e-1	1.00e0	9.27e2	409	206	206	206	2	202	98.06	197	95.63
712	data/reference/motifs/JASPAR2026_CORE_plants_non-redundant_pfms_meme.txt	MA2047.2	NAC037	CAAGCAA	2.33e-1	1.00e0	9.27e2	411	206	206	206	13	30	14.56	24	11.65
713	data/reference/motifs/JASPAR2026_CORE_plants_non-redundant_pfms_meme.txt	MA2044.2	NAC007	CAAGCAA	2.84e-1	1.00e0	9.27e2	411	206	206	206	5	180	87.38	175	84.95
714	data/reference/motifs/JASPAR2026_CORE_plants_non-redundant_pfms_meme.txt	MA2036.2	NAC076	CAAGCAA	1.58e-1	1.00e0	9.27e2	411	206	206	206	6	171	83.01	162	78.64
715	data/reference/motifs/JASPAR2026_CORE_plants_non-redundant_pfms_meme.txt	MA2033.2	NAC038	TTDCKTGTDNHACAAGTWA	6.88e-1	1.00e0	9.27e2	62	206	206	206	4	2	0.97	2	0.97
716	data/reference/motifs/JASPAR2026_CORE_plants_non-redundant_pfms_meme.txt	MA2018.2	NAC69	ACAAGGCA	1.24e-1	1.00e0	9.27e2	408	206	206	206	14	3	1.46	0	0.00
717	data/reference/motifs/JASPAR2026_CORE_plants_non-redundant_pfms_meme.txt	MA2017.2	JUB1	ACGGCGA	1.38e-1	1.00e0	9.27e2	309	206	206	206	4	48	23.30	38	18.45
718	data/reference/motifs/JASPAR2026_CORE_plants_non-redundant_pfms_meme.txt	MA2010.2	SMB	CAAGCAA	2.08e-1	1.00e0	9.27e2	412	206	206	206	5	188	91.26	182	88.35
719	data/reference/motifs/JASPAR2026_CORE_plants_non-redundant_pfms_meme.txt	MA2009.2	NAC010	TAACTTGTDNHACAAGTTACC	6.88e-1	1.00e0	9.27e2	47	206	206	206	3	2	0.97	2	0.97
720	data/reference/motifs/JASPAR2026_CORE_plants_non-redundant_pfms_meme.txt	MA2006.2	NAC020	GGTTGCKTGTDNMACAAGTAA	6.80e-1	1.00e0	9.27e2	46	206	206	206	1	22	10.68	24	11.65
721	data/reference/motifs/JASPAR2026_CORE_plants_non-redundant_pfms_meme.txt	MA1787.2	NAC047	ACACGTMWCT	2.25e-1	1.00e0	9.27e2	367	206	206	206	2	149	72.33	141	68.45
722	data/reference/motifs/JASPAR2026_CORE_plants_non-redundant_pfms_meme.txt	MA1786.2	NAC019	YACGBMA	2.17e-1	1.00e0	9.27e2	412	206	206	206	19	26	12.62	20	9.71
723	data/reference/motifs/JASPAR2026_CORE_plants_non-redundant_pfms_meme.txt	MA1785.2	NAC018	ACACGYAACY	3.00e-1	1.00e0	9.27e2	330	206	206	206	3	71	34.47	65	31.55
724	data/reference/motifs/JASPAR2026_CORE_plants_non-redundant_pfms_meme.txt	MA1660.2	NAC013	TTACTTGTTCYMCAAGTAA	5.00e-1	1.00e0	9.27e2	74	206	206	206	3	4	1.94	3	1.46
725	data/reference/motifs/JASPAR2026_CORE_plants_non-redundant_pfms_meme.txt	MA1414.2	E2FA	GCGCCA	1.21e-1	1.00e0	9.27e2	358	206	206	206	4	70	33.98	58	28.16
726	data/reference/motifs/JASPAR2026_CORE_plants_non-redundant_pfms_meme.txt	MA1813.2	EIL4	TWCAATGAA	2.98e-1	1.00e0	9.27e2	402	206	206	206	7	68	33.01	62	30.10
727	data/reference/motifs/JASPAR2026_CORE_plants_non-redundant_pfms_meme.txt	MA1756.2	GRF9	TGTCAGA	2.01e-1	1.00e0	9.27e2	355	206	206	206	3	72	34.95	63	30.58
728	data/reference/motifs/JASPAR2026_CORE_plants_non-redundant_pfms_meme.txt	MA0970.2	CAMTA3	CCGCGT	1.76e-1	1.00e0	9.27e2	377	206	206	206	7	38	18.45	30	14.56
729	data/reference/motifs/JASPAR2026_CORE_plants_non-redundant_pfms_meme.txt	MA2016.2	GRF6	TCTGACA	2.49e-1	1.00e0	9.27e2	179	206	206	206	5	2	0.97	0	0.00
730	data/reference/motifs/JASPAR2026_CORE_plants_non-redundant_pfms_meme.txt	MA1801.2	TREE1	AGCTD	4.15e-1	1.00e0	9.27e2	412	206	206	206	33	145	70.39	142	68.93
731	data/reference/motifs/JASPAR2026_CORE_plants_non-redundant_pfms_meme.txt	MA1405.2	SIZF2	ACTGACAGT	1.24e-1	1.00e0	9.27e2	339	206	206	206	15	3	1.46	0	0.00
732	data/reference/motifs/JASPAR2026_CORE_plants_non-redundant_pfms_meme.txt	MA1159.2	SGR5	AAAWAAGACAAAA	1.98e-1	1.00e0	9.27e2	350	206	206	206	2	146	70.87	137	66.50
733	data/reference/motifs/JASPAR2026_CORE_plants_non-redundant_pfms_meme.txt	MA1156.2	JKD	TTTTGTCKTTTT	1.72e-1	1.00e0	9.27e2	350	206	206	206	5	18	8.74	12	5.83
734	data/reference/motifs/JASPAR2026_CORE_plants_non-redundant_pfms_meme.txt	MA2015.2	NAC002	ACGCAACT	1.26e-1	1.00e0	9.27e2	393	206	206	206	6	56	27.18	45	21.84
735	data/reference/motifs/JASPAR2026_CORE_plants_non-redundant_pfms_meme.txt	MA1743.2	BZIP2	TGCTGACGTGGCA	7.13e-1	1.00e0	9.27e2	59	206	206	206	1	28	13.59	31	15.05
736	data/reference/motifs/JASPAR2026_CORE_plants_non-redundant_pfms_meme.txt	MA1345.2	BZIP48	GCCACGTCAGCA	6.16e-1	1.00e0	9.27e2	53	206	206	206	1	26	12.62	27	13.11
737	data/reference/motifs/JASPAR2026_CORE_plants_non-redundant_pfms_meme.txt	MA1341.2	BZIP53	TGCTGACGTGGCA	6.69e-1	1.00e0	9.27e2	54	206	206	206	1	26	12.62	28	13.59
738	data/reference/motifs/JASPAR2026_CORE_plants_non-redundant_pfms_meme.txt	MA1340.2	BZIP3	TGMTGACGTGGCA	6.40e-1	1.00e0	9.27e2	90	206	206	206	1	44	21.36	46	22.33
739	data/reference/motifs/JASPAR2026_CORE_plants_non-redundant_pfms_meme.txt	MA1334.2	BZIP11	TGCCACGTCAGCA	7.49e-1	1.00e0	9.27e2	58	206	206	206	2	4	1.94	5	2.43
740	data/reference/motifs/JASPAR2026_CORE_plants_non-redundant_pfms_meme.txt	MA1343.2	BZIP52	TGMCAGCT	4.10e-1	1.00e0	9.27e2	249	206	206	206	4	11	5.34	9	4.37
741	data/reference/motifs/JASPAR2026_CORE_plants_non-redundant_pfms_meme.txt	MA1425.2	HYH	TSACGTG	1.78e-1	1.00e0	9.27e2	262	206	206	206	1	136	66.02	126	61.17
742	data/reference/motifs/JASPAR2026_CORE_plants_non-redundant_pfms_meme.txt	MA1351.3	GBF3	ACGTGGCA	1.24e-1	1.00e0	9.27e2	394	206	206	206	15	3	1.46	0	0.00
743	data/reference/motifs/JASPAR2026_CORE_plants_non-redundant_pfms_meme.txt	MA1349.2	BZIP16	HSACGTGGCA	6.00e-1	1.00e0	9.27e2	84	206	206	206	2	8	3.88	8	3.88
744	data/reference/motifs/JASPAR2026_CORE_plants_non-redundant_pfms_meme.txt	MA1835.2	TFLG2-Zm00001d042777	GTACGTAC	6.80e-1	1.00e0	9.27e2	299	206	206	206	9	9	4.37	10	4.85
745	data/reference/motifs/JASPAR2026_CORE_plants_non-redundant_pfms_meme.txt	MA1336.2	TGA3	RTGACGTCAKC	5.86e-1	1.00e0	9.27e2	87	206	206	206	2	11	5.34	11	5.34
746	data/reference/motifs/JASPAR2026_CORE_plants_non-redundant_pfms_meme.txt	MA1070.3	TGA7	ATGACGTCAB	6.72e-1	1.00e0	9.27e2	182	206	206	206	3	25	12.14	27	13.11
747	data/reference/motifs/JASPAR2026_CORE_plants_non-redundant_pfms_meme.txt	MA1069.3	TGA6	ATGAYGTCAT	2.15e-1	1.00e0	9.27e2	295	206	206	206	2	103	50.00	94	45.63
748	data/reference/motifs/JASPAR2026_CORE_plants_non-redundant_pfms_meme.txt	MA1068.3	TGA2	ATGACGTCAY	7.51e-1	1.00e0	9.27e2	115	206	206	206	6	1	0.49	1	0.49
749	data/reference/motifs/JASPAR2026_CORE_plants_non-redundant_pfms_meme.txt	MA1047.3	TGA5	ATGACGTCA	1.63e-1	1.00e0	9.27e2	323	206	206	206	4	64	31.07	54	26.21
750	data/reference/motifs/JASPAR2026_CORE_plants_non-redundant_pfms_meme.txt	MA1417.2	O2	TGCCACGTCATC	5.00e-1	1.00e0	9.27e2	141	206	206	206	3	4	1.94	3	1.46
751	data/reference/motifs/JASPAR2026_CORE_plants_non-redundant_pfms_meme.txt	MA0931.2	ABI5	GMCACGTG	2.45e-1	1.00e0	9.27e2	192	206	206	206	1	100	48.54	92	44.66
752	data/reference/motifs/JASPAR2026_CORE_plants_non-redundant_pfms_meme.txt	MA1822.2	Zm00001d018571	GTACGTAC	4.00e-1	1.00e0	9.27e2	335	206	206	206	1	169	82.04	166	80.58
753	data/reference/motifs/JASPAR2026_CORE_plants_non-redundant_pfms_meme.txt	MA1828.2	Zm00001d038683	GTGGTCCA	3.44e-1	1.00e0	9.27e2	368	206	206	206	3	124	60.19	119	57.77
754	data/reference/motifs/JASPAR2026_CORE_plants_non-redundant_pfms_meme.txt	MA1428.2	TCP8	GGSCCCAC	2.02e-1	1.00e0	9.27e2	406	206	206	206	6	141	68.45	132	64.08
755	data/reference/motifs/JASPAR2026_CORE_plants_non-redundant_pfms_meme.txt	MA1410.2	StBRC1	GGGSCCM	1.62e-1	1.00e0	9.27e2	344	206	206	206	5	109	52.91	98	47.57
756	data/reference/motifs/JASPAR2026_CORE_plants_non-redundant_pfms_meme.txt	MA1286.2	TCP24	GGGACCAC	3.95e-1	1.00e0	9.27e2	161	206	206	206	2	35	16.99	32	15.53
757	data/reference/motifs/JASPAR2026_CORE_plants_non-redundant_pfms_meme.txt	MA1064.2	TCP2	TGGKMCCA	1.15e-1	1.00e0	9.27e2	391	206	206	206	14	65	31.55	53	25.73
758	data/reference/motifs/JASPAR2026_CORE_plants_non-redundant_pfms_meme.txt	MA1063.2	TCP19	GGSCCCAC	2.88e-1	1.00e0	9.27e2	391	206	206	206	7	57	27.67	51	24.76
759	data/reference/motifs/JASPAR2026_CORE_plants_non-redundant_pfms_meme.txt	MA1062.3	TCP15	GTGGGWCCCAC	2.66e-1	1.00e0	9.27e2	139	206	206	206	1	73	35.44	66	32.04
760	data/reference/motifs/JASPAR2026_CORE_plants_non-redundant_pfms_meme.txt	MA1031.2	OJ1581_H09.2	GGGCCC	1.59e-1	1.00e0	9.27e2	348	206	206	206	6	93	45.15	82	39.81
761	data/reference/motifs/JASPAR2026_CORE_plants_non-redundant_pfms_meme.txt	MA1019.2	Glyma19g26560.1	GGSCCCAC	2.64e-1	1.00e0	9.27e2	367	206	206	206	1	186	90.29	181	87.86
762	data/reference/motifs/JASPAR2026_CORE_plants_non-redundant_pfms_meme.txt	MA0587.2	TCP16	GTGGACCC	2.15e-1	1.00e0	9.27e2	217	206	206	206	1	113	54.85	104	50.49
763	data/reference/motifs/JASPAR2026_CORE_plants_non-redundant_pfms_meme.txt	MA1333.2	BEH3	YGCACGTGTG	5.59e-1	1.00e0	9.27e2	52	206	206	206	1	26	12.62	26	12.62
764	data/reference/motifs/JASPAR2026_CORE_plants_non-redundant_pfms_meme.txt	MA0550.3	BZR1	CRCACGTGYR	6.08e-1	1.00e0	9.27e2	63	206	206	206	1	31	15.05	32	15.53
765	data/reference/motifs/JASPAR2026_CORE_plants_non-redundant_pfms_meme.txt	MA1834.2	Zm00001d034298	CCACGCG	1.38e-1	1.00e0	9.27e2	392	206	206	206	7	65	31.55	54	26.21
766	data/reference/motifs/JASPAR2026_CORE_plants_non-redundant_pfms_meme.txt	MA1739.2	BHLH122	CMACTTG	1.30e-1	1.00e0	9.27e2	274	206	206	206	5	9	4.37	4	1.94
767	data/reference/motifs/JASPAR2026_CORE_plants_non-redundant_pfms_meme.txt	MA1412.2	TSAR2	GCACGTGC	2.49e-1	1.00e0	9.27e2	145	206	206	206	12	2	0.97	0	0.00
768	data/reference/motifs/JASPAR2026_CORE_plants_non-redundant_pfms_meme.txt	MA1411.2	TSAR1	GCACGTGC	2.49e-1	1.00e0	9.27e2	172	206	206	206	12	2	0.97	0	0.00
769	data/reference/motifs/JASPAR2026_CORE_plants_non-redundant_pfms_meme.txt	MA1359.3	BPE	CACGTG	1.60e-1	1.00e0	9.27e2	233	206	206	206	2	122	59.22	111	53.88
770	data/reference/motifs/JASPAR2026_CORE_plants_non-redundant_pfms_meme.txt	MA1358.2	bHLH130	CMACTTGC	1.97e-1	1.00e0	9.27e2	222	206	206	206	3	22	10.68	16	7.77
771	data/reference/motifs/JASPAR2026_CORE_plants_non-redundant_pfms_meme.txt	MA1357.2	bHLH80	TGCAAGTKG	5.00e-1	1.00e0	9.27e2	123	206	206	206	2	14	6.80	13	6.31
772	data/reference/motifs/JASPAR2026_CORE_plants_non-redundant_pfms_meme.txt	MA1025.2	HBI1	GCACGTG	1.26e-1	1.00e0	9.27e2	311	206	206	206	1	161	78.16	150	72.82
773	data/reference/motifs/JASPAR2026_CORE_plants_non-redundant_pfms_meme.txt	MA0966.2	BIM3	CACGTG	1.42e-1	1.00e0	9.27e2	408	206	206	206	8	166	80.58	156	75.73
774	data/reference/motifs/JASPAR2026_CORE_plants_non-redundant_pfms_meme.txt	MA0964.3	BIM1	TCACGTGA	1.89e-1	1.00e0	9.27e2	210	206	206	206	4	43	20.87	35	16.99
775	data/reference/motifs/JASPAR2026_CORE_plants_non-redundant_pfms_meme.txt	MA0962.2	bHLH34	GCACGTG	1.80e-1	1.00e0	9.27e2	273	206	206	206	2	82	39.81	72	34.95
776	data/reference/motifs/JASPAR2026_CORE_plants_non-redundant_pfms_meme.txt	MA0956.2	BEE2	CACGTG	1.00e-1	1.00e0	9.27e2	411	206	206	206	18	109	52.91	95	46.12
777	data/reference/motifs/JASPAR2026_CORE_plants_non-redundant_pfms_meme.txt	MA0569.2	MYC4	CACGTGC	1.24e-1	1.00e0	9.27e2	289	206	206	206	10	3	1.46	0	0.00
778	data/reference/motifs/JASPAR2026_CORE_plants_non-redundant_pfms_meme.txt	MA0552.2	PIF1	CACGTG	1.88e-1	1.00e0	9.27e2	210	206	206	206	1	110	53.40	100	48.54
779	data/reference/motifs/JASPAR2026_CORE_plants_non-redundant_pfms_meme.txt	MA1698.2	ARF7	GCCGACAAG	1.81e-1	1.00e0	9.27e2	327	206	206	206	3	84	40.78	74	35.92
780	data/reference/motifs/JASPAR2026_CORE_plants_non-redundant_pfms_meme.txt	MA1696.2	ARF39	GGGGRACACGT	1.61e-1	1.00e0	9.27e2	342	206	206	206	7	11	5.34	6	2.91
781	data/reference/motifs/JASPAR2026_CORE_plants_non-redundant_pfms_meme.txt	MA1694.2	ARF35	CCCGACAAG	2.14e-1	1.00e0	9.27e2	343	206	206	206	1	175	84.95	168	81.55
782	data/reference/motifs/JASPAR2026_CORE_plants_non-redundant_pfms_meme.txt	MA1692.2	ARF29	GCCGACAA	2.23e-1	1.00e0	9.27e2	371	206	206	206	9	10	4.85	6	2.91
783	data/reference/motifs/JASPAR2026_CORE_plants_non-redundant_pfms_meme.txt	MA1691.2	ARF27	GCAGACAT	2.87e-1	1.00e0	9.27e2	403	206	206	206	12	8	3.88	5	2.43
784	data/reference/motifs/JASPAR2026_CORE_plants_non-redundant_pfms_meme.txt	MA1206.2	ARF2	SMGACA	1.05e-1	1.00e0	9.27e2	410	206	206	206	4	193	93.69	185	89.81
785	data/reference/motifs/JASPAR2026_CORE_plants_non-redundant_pfms_meme.txt	MA0943.2	ARF5	RCCGACA	3.12e-1	1.00e0	9.27e2	367	206	206	206	11	3	1.46	1	0.49
786	data/reference/motifs/JASPAR2026_CORE_plants_non-redundant_pfms_meme.txt	MA0581.2	LEC2	CATGCR	2.64e-1	1.00e0	9.27e2	311	206	206	206	5	14	6.80	10	4.85
787	data/reference/motifs/JASPAR2026_CORE_plants_non-redundant_pfms_meme.txt	MA0565.3	FUS3	ACATGCA	2.60e-1	1.00e0	9.27e2	231	206	206	206	3	24	11.65	19	9.22
788	data/reference/motifs/JASPAR2026_CORE_plants_non-redundant_pfms_meme.txt	MA2013.2	ERF115	YCGCCGCCGCM	3.43e-1	1.00e0	9.27e2	109	206	206	206	4	4	1.94	2	0.97
789	data/reference/motifs/JASPAR2026_CORE_plants_non-redundant_pfms_meme.txt	MA2011.2	ERF010	CACCGACA	1.86e-1	1.00e0	9.27e2	324	206	206	206	8	4	1.94	1	0.49
790	data/reference/motifs/JASPAR2026_CORE_plants_non-redundant_pfms_meme.txt	MA1831.2	Zm00001d031796	GACGGCGACG	2.36e-1	1.00e0	9.27e2	231	206	206	206	4	31	15.05	25	12.14
791	data/reference/motifs/JASPAR2026_CORE_plants_non-redundant_pfms_meme.txt	MA1804.2	WIN1	CRCCGC	8.74e-2	1.00e0	9.27e2	411	206	206	206	3	204	99.03	199	96.60
792	data/reference/motifs/JASPAR2026_CORE_plants_non-redundant_pfms_meme.txt	MA1795.2	RAP2-4	CRCCGACC	1.84e-1	1.00e0	9.27e2	409	206	206	206	9	91	44.17	81	39.32
793	data/reference/motifs/JASPAR2026_CORE_plants_non-redundant_pfms_meme.txt	MA1754.2	ERF073	CKCCGCCGCCR	5.00e-1	1.00e0	9.27e2	69	206	206	206	2	13	6.31	12	5.83
794	data/reference/motifs/JASPAR2026_CORE_plants_non-redundant_pfms_meme.txt	MA1752.2	ERF025	YGCCGACA	5.00e-1	1.00e0	9.27e2	176	206	206	206	2	35	16.99	34	16.50
795	data/reference/motifs/JASPAR2026_CORE_plants_non-redundant_pfms_meme.txt	MA1748.2	DREB1F	GCCGAC	1.86e-1	1.00e0	9.27e2	372	206	206	206	15	4	1.94	1	0.49
796	data/reference/motifs/JASPAR2026_CORE_plants_non-redundant_pfms_meme.txt	MA1671.2	ERF118	CCGCCGCC	1.86e-1	1.00e0	9.27e2	195	206	206	206	6	4	1.94	1	0.49
797	data/reference/motifs/JASPAR2026_CORE_plants_non-redundant_pfms_meme.txt	MA1670.2	DREB1C	GCCGACAT	5.83e-1	1.00e0	9.27e2	336	206	206	206	3	68	33.01	69	33.50
798	data/reference/motifs/JASPAR2026_CORE_plants_non-redundant_pfms_meme.txt	MA1669.2	DREB1B	GCCGACAT	5.79e-1	1.00e0	9.27e2	311	206	206	206	2	87	42.23	88	42.72
799	data/reference/motifs/JASPAR2026_CORE_plants_non-redundant_pfms_meme.txt	MA1263.2	ERF055	KGKCGGTGG	4.42e-1	1.00e0	9.27e2	163	206	206	206	2	28	13.59	26	12.62
800	data/reference/motifs/JASPAR2026_CORE_plants_non-redundant_pfms_meme.txt	MA1261.2	ERF122	TRCGGCKGHG	3.05e-1	1.00e0	9.27e2	277	206	206	206	4	21	10.19	17	8.25
801	data/reference/motifs/JASPAR2026_CORE_plants_non-redundant_pfms_meme.txt	MA1258.2	DREB2A	AWGKCGGTG	5.00e-1	1.00e0	9.27e2	167	206	206	206	4	5	2.43	4	1.94
802	data/reference/motifs/JASPAR2026_CORE_plants_non-redundant_pfms_meme.txt	MA1253.2	ERF036	TGTCGGTG	5.00e-1	1.00e0	9.27e2	280	206	206	206	6	5	2.43	4	1.94
803	data/reference/motifs/JASPAR2026_CORE_plants_non-redundant_pfms_meme.txt	MA1251.2	RAP2-9	CACCGACAW	3.34e-1	1.00e0	9.27e2	96	206	206	206	2	13	6.31	10	4.85
804	data/reference/motifs/JASPAR2026_CORE_plants_non-redundant_pfms_meme.txt	MA1244.2	ABR1	DTKGCGGCGGMG	3.33e-1	1.00e0	9.27e2	123	206	206	206	1	64	31.07	59	28.64
805	data/reference/motifs/JASPAR2026_CORE_plants_non-redundant_pfms_meme.txt	MA1234.2	ERF017	TGGWCGGTG	3.47e-1	1.00e0	9.27e2	199	206	206	206	1	102	49.51	97	47.09
806	data/reference/motifs/JASPAR2026_CORE_plants_non-redundant_pfms_meme.txt	MA1233.3	ERF021	CGCCGACA	1.51e-1	1.00e0	9.27e2	326	206	206	206	6	22	10.68	15	7.28
807	data/reference/motifs/JASPAR2026_CORE_plants_non-redundant_pfms_meme.txt	MA1232.2	ERF054	GDCGGYGG	4.01e-1	1.00e0	9.27e2	261	206	206	206	3	41	19.90	38	18.45
808	data/reference/motifs/JASPAR2026_CORE_plants_non-redundant_pfms_meme.txt	MA1231.3	ERF15	MGCCGCCD	2.03e-1	1.00e0	9.27e2	211	206	206	206	3	23	11.17	17	8.25
809	data/reference/motifs/JASPAR2026_CORE_plants_non-redundant_pfms_meme.txt	MA1229.2	ERF034	TGTCGGTGR	3.43e-1	1.00e0	9.27e2	122	206	206	206	3	4	1.94	2	0.97
810	data/reference/motifs/JASPAR2026_CORE_plants_non-redundant_pfms_meme.txt	MA1227.3	ERF027	RCCGACA	4.55e-1	1.00e0	9.27e2	344	206	206	206	4	52	25.24	50	24.27
811	data/reference/motifs/JASPAR2026_CORE_plants_non-redundant_pfms_meme.txt	MA1219.3	ERF011	CACCGAC	2.72e-1	1.00e0	9.27e2	326	206	206	206	6	15	7.28	11	5.34
812	data/reference/motifs/JASPAR2026_CORE_plants_non-redundant_pfms_meme.txt	MA1218.2	DREB1D	ATGTCGGY	5.00e-1	1.00e0	9.27e2	115	206	206	206	1	58	28.16	57	27.67
813	data/reference/motifs/JASPAR2026_CORE_plants_non-redundant_pfms_meme.txt	MA1049.2	ERF094	MGCCGCC	2.72e-1	1.00e0	9.27e2	146	206	206	206	2	27	13.11	22	10.68
814	data/reference/motifs/JASPAR2026_CORE_plants_non-redundant_pfms_meme.txt	MA1010.2	PHYPADRAFT_64121	TGTCGGTA	1.24e-1	1.00e0	9.27e2	396	206	206	206	12	3	1.46	0	0.00
815	data/reference/motifs/JASPAR2026_CORE_plants_non-redundant_pfms_meme.txt	MA1004.2	ERF13	SGCCGCC	2.35e-1	1.00e0	9.27e2	216	206	206	206	6	11	5.34	7	3.40
816	data/reference/motifs/JASPAR2026_CORE_plants_non-redundant_pfms_meme.txt	MA1001.4	ERF076	CCGCCGCCRC	2.49e-1	1.00e0	9.27e2	192	206	206	206	11	2	0.97	0	0.00
817	data/reference/motifs/JASPAR2026_CORE_plants_non-redundant_pfms_meme.txt	MA0995.3	ERF039	RCCGACA	1.16e-1	1.00e0	9.27e2	363	206	206	206	6	30	14.56	21	10.19
818	data/reference/motifs/JASPAR2026_CORE_plants_non-redundant_pfms_meme.txt	MA0993.2	ERF7	GCCG	1.26e-1	1.00e0	9.27e2	410	206	206	206	16	142	68.93	130	63.11
819	data/reference/motifs/JASPAR2026_CORE_plants_non-redundant_pfms_meme.txt	MA0992.3	ERF4	CCGCCGYCA	1.86e-1	1.00e0	9.27e2	192	206	206	206	6	4	1.94	1	0.49
820	data/reference/motifs/JASPAR2026_CORE_plants_non-redundant_pfms_meme.txt	MA0980.3	RAP2-10	RCCGACA	2.46e-1	1.00e0	9.27e2	318	206	206	206	4	34	16.50	28	13.59
821	data/reference/motifs/JASPAR2026_CORE_plants_non-redundant_pfms_meme.txt	MA0976.3	CRF4	CCGCCGCCRC	2.03e-1	1.00e0	9.27e2	178	206	206	206	3	23	11.17	17	8.25
822	data/reference/motifs/JASPAR2026_CORE_plants_non-redundant_pfms_meme.txt	MA0971.2	DREB1A	ATGTCGGY	3.71e-1	1.00e0	9.27e2	318	206	206	206	3	59	28.64	55	26.70
823	data/reference/motifs/JASPAR2026_CORE_plants_non-redundant_pfms_meme.txt	MA1377.2	PLT1	KGCACGVWTHYCGAGR	5.86e-1	1.00e0	9.27e2	121	206	206	206	1	60	29.13	61	29.61
824	data/reference/motifs/JASPAR2026_CORE_plants_non-redundant_pfms_meme.txt	MA1376.2	DEAR3	CRCCGMC	9.59e-2	1.00e0	9.27e2	407	206	206	206	13	41	19.90	30	14.56
825	data/reference/motifs/JASPAR2026_CORE_plants_non-redundant_pfms_meme.txt	MA2454.1	SPL8D1	ATAGTACATA	1.83e-1	1.00e0	9.27e2	412	206	206	206	7	129	62.62	119	57.77
826	data/reference/motifs/JASPAR2026_CORE_plants_non-redundant_pfms_meme.txt	MA2452.1	SPL8A	ATAGTACTC	1.40e-1	1.00e0	9.27e2	368	206	206	206	2	151	73.30	140	67.96
827	data/reference/motifs/JASPAR2026_CORE_plants_non-redundant_pfms_meme.txt	MA2440.1	SPL2B	GCGGTASTACCGC	5.00e-1	1.00e0	9.27e2	72	206	206	206	2	12	5.83	11	5.34
828	data/reference/motifs/JASPAR2026_CORE_plants_non-redundant_pfms_meme.txt	MA2435.1	SPL16D	GCGGTASTACCGC	5.00e-1	1.00e0	9.27e2	83	206	206	206	2	16	7.77	15	7.28
829	data/reference/motifs/JASPAR2026_CORE_plants_non-redundant_pfms_meme.txt	MA2425.1	SPL11A	SCGGTACTACCG	2.37e-1	1.00e0	9.27e2	150	206	206	206	1	79	38.35	71	34.47
830	data/reference/motifs/JASPAR2026_CORE_plants_non-redundant_pfms_meme.txt	MA2424.1	OsbZIP77	TGCCACGTCABC	6.80e-1	1.00e0	9.27e2	103	206	206	206	2	9	4.37	10	4.85
831	data/reference/motifs/JASPAR2026_CORE_plants_non-redundant_pfms_meme.txt	MA2423.1	OsbZIP69	GMTGACGTGGCA	5.86e-1	1.00e0	9.27e2	101	206	206	206	2	11	5.34	11	5.34
832	data/reference/motifs/JASPAR2026_CORE_plants_non-redundant_pfms_meme.txt	MA2420.1	SBP6	AAGTACAA	1.34e-1	1.00e0	9.27e2	408	206	206	206	9	35	16.99	26	12.62
833	data/reference/motifs/JASPAR2026_CORE_plants_non-redundant_pfms_meme.txt	MA2411.1	ZmbZIP57	ATGATGTCAT	3.10e-1	1.00e0	9.27e2	393	206	206	206	4	94	45.63	88	42.72
834	data/reference/motifs/JASPAR2026_CORE_plants_non-redundant_pfms_meme.txt	MA2410.1	ZmbZIP54	TGACGTCA	3.07e-1	1.00e0	9.27e2	359	206	206	206	6	85	41.26	79	38.35
835	data/reference/motifs/JASPAR2026_CORE_plants_non-redundant_pfms_meme.txt	MA2409.1	ZmbZIP25	GATGACATCA	4.57e-1	1.00e0	9.27e2	381	206	206	206	2	148	71.84	146	70.87
836	data/reference/motifs/JASPAR2026_CORE_plants_non-redundant_pfms_meme.txt	MA2404.1	OsTRBF3	WRMCCTA	1.86e-1	1.00e0	9.27e2	412	206	206	206	5	205	99.51	202	98.06
837	data/reference/motifs/JASPAR2026_CORE_plants_non-redundant_pfms_meme.txt	MA2402.1	OsERF104	GCCGY	3.20e-1	1.00e0	9.27e2	408	206	206	206	15	25	12.14	21	10.19
838	data/reference/motifs/JASPAR2026_CORE_plants_non-redundant_pfms_meme.txt	MA2400.1	LjTCP20	GGGACCAY	5.92e-1	1.00e0	9.27e2	214	206	206	206	2	48	23.30	49	23.79
839	data/reference/motifs/JASPAR2026_CORE_plants_non-redundant_pfms_meme.txt	MA2398.1	AS2	CGGCGGMRRHDRCGGCGG	5.00e-1	1.00e0	9.27e2	67	206	206	206	4	2	0.97	1	0.49
840	data/reference/motifs/JASPAR2026_CORE_plants_non-redundant_pfms_meme.txt	MA2397.1	ILR3	CACGTG	8.74e-2	1.00e0	9.27e2	412	206	206	206	40	7	3.40	2	0.97
841	data/reference/motifs/JASPAR2026_CORE_plants_non-redundant_pfms_meme.txt	MA2395.1	PHYPA_011264	CACCGACM	7.25e-1	1.00e0	9.27e2	169	206	206	206	2	24	11.65	27	13.11
842	data/reference/motifs/JASPAR2026_CORE_plants_non-redundant_pfms_meme.txt	MA2394.1	PpDof6	CTTT	2.14e-1	1.00e0	9.27e2	412	206	206	206	72	158	76.70	150	72.82
843	data/reference/motifs/JASPAR2026_CORE_plants_non-redundant_pfms_meme.txt	MA2390.1	GLYMA19G26560	GGSCCCAC	3.78e-1	1.00e0	9.27e2	365	206	206	206	1	184	89.32	181	87.86
844	data/reference/motifs/JASPAR2026_CORE_plants_non-redundant_pfms_meme.txt	MA2389.1	GBF1	ACGTGKM	1.56e-1	1.00e0	9.27e2	412	206	206	206	5	196	95.15	190	92.23
845	data/reference/motifs/JASPAR2026_CORE_plants_non-redundant_pfms_meme.txt	MA2388.1	GATA1	AGATCTRRWT	2.87e-1	1.00e0	9.27e2	313	206	206	206	7	8	3.88	5	2.43
846	data/reference/motifs/JASPAR2026_CORE_plants_non-redundant_pfms_meme.txt	MA2384.1	estExt_Genewise1.C_2060077	SACGTGK	1.85e-1	1.00e0	9.27e2	229	206	206	206	2	92	44.66	82	39.81
847	data/reference/motifs/JASPAR2026_CORE_plants_non-redundant_pfms_meme.txt	MA2381.1	e_gw1.170.52.1	CTTT	8.74e-2	1.00e0	9.27e2	412	206	206	206	53	204	99.03	199	96.60
848	data/reference/motifs/JASPAR2026_CORE_plants_non-redundant_pfms_meme.txt	MA2377.1	cassava45561.m1	GGGSCCCAC	1.09e-1	1.00e0	9.27e2	336	206	206	206	2	139	67.48	126	61.17
849	data/reference/motifs/JASPAR2026_CORE_plants_non-redundant_pfms_meme.txt	MA2374.1	AHL13	ATATAATT	5.00e-1	1.00e0	9.27e2	412	206	206	206	33	189	91.75	188	91.26
850	data/reference/motifs/JASPAR2026_CORE_plants_non-redundant_pfms_meme.txt	MA2371.1	MYB31	YAMCTMCCAACHAMH	1.09e-1	1.00e0	9.27e2	347	206	206	206	4	60	29.13	48	23.30
851	data/reference/motifs/JASPAR2026_CORE_plants_non-redundant_pfms_meme.txt	MA2370.1	MBD2	AGCTD	4.15e-1	1.00e0	9.27e2	412	206	206	206	33	145	70.39	142	68.93
852	data/reference/motifs/JASPAR2026_CORE_plants_non-redundant_pfms_meme.txt	MA2368.1	WRKY51	RGTCAA	9.71e-2	1.00e0	9.27e2	412	206	206	206	35	152	73.79	139	67.48
853	data/reference/motifs/JASPAR2026_CORE_plants_non-redundant_pfms_meme.txt	MA2365.1	VIT_17s0000g10420	GTTAACYV	1.29e-1	1.00e0	9.27e2	298	206	206	206	3	58	28.16	47	22.82
854	data/reference/motifs/JASPAR2026_CORE_plants_non-redundant_pfms_meme.txt	MA2364.1	VIT_15s0048g01150	GGGCCCAC	1.86e-1	1.00e0	9.27e2	348	206	206	206	11	4	1.94	1	0.49
855	data/reference/motifs/JASPAR2026_CORE_plants_non-redundant_pfms_meme.txt	MA2362.1	TEIL	AGRTWCAT	2.49e-1	1.00e0	9.27e2	412	206	206	206	27	2	0.97	0	0.00
856	data/reference/motifs/JASPAR2026_CORE_plants_non-redundant_pfms_meme.txt	MA2361.1	PRUPE_ppa000682mg	GTACGG	1.37e-1	1.00e0	9.27e2	412	206	206	206	12	179	86.89	170	82.52
857	data/reference/motifs/JASPAR2026_CORE_plants_non-redundant_pfms_meme.txt	MA2359.1	PK23829.1	TTATCCR	5.00e-1	1.00e0	9.27e2	363	206	206	206	7	5	2.43	4	1.94
858	data/reference/motifs/JASPAR2026_CORE_plants_non-redundant_pfms_meme.txt	MA2358.1	PK22320.1	GTACGG	1.08e-1	1.00e0	9.27e2	405	206	206	206	5	140	67.96	127	61.65
859	data/reference/motifs/JASPAR2026_CORE_plants_non-redundant_pfms_meme.txt	MA2357.1	PK21687.1	WAAACCC	1.14e-1	1.00e0	9.27e2	412	206	206	206	28	12	5.83	6	2.91
860	data/reference/motifs/JASPAR2026_CORE_plants_non-redundant_pfms_meme.txt	MA2356.1	PK20555.1	CTTTW	1.81e-1	1.00e0	9.27e2	412	206	206	206	119	28	13.59	21	10.19
861	data/reference/motifs/JASPAR2026_CORE_plants_non-redundant_pfms_meme.txt	MA2353.1	PK02532.1	WAATATCT	1.41e-1	1.00e0	9.27e2	338	206	206	206	4	28	13.59	20	9.71
862	data/reference/motifs/JASPAR2026_CORE_plants_non-redundant_pfms_meme.txt	MA2349.1	OsCCA1	AATATCT	5.66e-1	1.00e0	9.27e2	412	206	206	206	35	20	9.71	20	9.71
863	data/reference/motifs/JASPAR2026_CORE_plants_non-redundant_pfms_meme.txt	MA2342.1	URI	CACGTG	1.22e-1	1.00e0	9.27e2	362	206	206	206	14	24	11.65	16	7.77
864	data/reference/motifs/JASPAR2026_CORE_plants_non-redundant_pfms_meme.txt	MA2106.1	Zm00001d024644	CCTTATCC	2.87e-1	1.00e0	9.27e2	410	206	206	206	2	201	97.57	198	96.12
865	data/reference/motifs/JASPAR2026_CORE_plants_non-redundant_pfms_meme.txt	MA1800.1	TEM1	GCAACATA	2.55e-1	1.00e0	9.27e2	371	206	206	206	1	188	91.26	183	88.83
866	data/reference/motifs/JASPAR2026_CORE_plants_non-redundant_pfms_meme.txt	MA1797.1	RAV2	GCAACATA	2.49e-1	1.00e0	9.27e2	240	206	206	206	5	2	0.97	0	0.00
867	data/reference/motifs/JASPAR2026_CORE_plants_non-redundant_pfms_meme.txt	MA1792.1	NAC098	CKTGTNNHACACGTHA	5.00e-1	1.00e0	9.27e2	99	206	206	206	2	19	9.22	18	8.74
868	data/reference/motifs/JASPAR2026_CORE_plants_non-redundant_pfms_meme.txt	MA1791.1	NAC087	TTDCTTGTNNNACACGYWA	6.72e-1	1.00e0	9.27e2	51	206	206	206	2	10	4.85	11	5.34
869	data/reference/motifs/JASPAR2026_CORE_plants_non-redundant_pfms_meme.txt	MA1790.1	NAC073	CTTSWYBHWCAMGYT	2.33e-1	1.00e0	9.27e2	294	206	206	206	4	30	14.56	24	11.65
870	data/reference/motifs/JASPAR2026_CORE_plants_non-redundant_pfms_meme.txt	MA1788.1	NAC054	CTTGTNNHACACGYHAYCT	6.22e-1	1.00e0	9.27e2	47	206	206	206	1	23	11.17	24	11.65
871	data/reference/motifs/JASPAR2026_CORE_plants_non-redundant_pfms_meme.txt	MA1741.1	BRN2	CTTGWWHYDYACGYWA	1.87e-1	1.00e0	9.27e2	214	206	206	206	1	112	54.37	102	49.51
872	data/reference/motifs/JASPAR2026_CORE_plants_non-redundant_pfms_meme.txt	MA1734.1	AT1G19040	CTTGNDCYBCAAGTWW	5.00e-1	1.00e0	9.27e2	63	206	206	206	2	10	4.85	9	4.37
873	data/reference/motifs/JASPAR2026_CORE_plants_non-redundant_pfms_meme.txt	MA2092.1	PK27149.1	TGACGTGK	2.83e-1	1.00e0	9.27e2	283	206	206	206	3	53	25.73	47	22.82
874	data/reference/motifs/JASPAR2026_CORE_plants_non-redundant_pfms_meme.txt	MA2090.1	PK26523.1	ATTCY	1.08e-1	1.00e0	9.27e2	412	206	206	206	25	205	99.51	201	97.57
875	data/reference/motifs/JASPAR2026_CORE_plants_non-redundant_pfms_meme.txt	MA2089.1	PK25870.1	RGTCAAM	1.37e-1	1.00e0	9.27e2	412	206	206	206	11	27	13.11	19	9.22
876	data/reference/motifs/JASPAR2026_CORE_plants_non-redundant_pfms_meme.txt	MA2088.1	PK24580.1	GCCGGCA	6.88e-1	1.00e0	9.27e2	58	206	206	206	5	2	0.97	2	0.97
877	data/reference/motifs/JASPAR2026_CORE_plants_non-redundant_pfms_meme.txt	MA2086.1	PK23964.1	KCCACGT	2.28e-1	1.00e0	9.27e2	410	206	206	206	4	193	93.69	188	91.26
878	data/reference/motifs/JASPAR2026_CORE_plants_non-redundant_pfms_meme.txt	MA2083.1	PK21166.1	YACCTACY	1.24e-1	1.00e0	9.27e2	410	206	206	206	17	3	1.46	0	0.00
879	data/reference/motifs/JASPAR2026_CORE_plants_non-redundant_pfms_meme.txt	MA2082.1	PK20392.1	AATMAT	3.92e-1	1.00e0	9.27e2	412	206	206	206	40	176	85.44	173	83.98
880	data/reference/motifs/JASPAR2026_CORE_plants_non-redundant_pfms_meme.txt	MA2074.1	PK17878.1	CGCCGCCA	5.00e-1	1.00e0	9.27e2	126	206	206	206	2	28	13.59	27	13.11
881	data/reference/motifs/JASPAR2026_CORE_plants_non-redundant_pfms_meme.txt	MA2072.1	PK16335.1	GACAGCTG	1.62e-1	1.00e0	9.27e2	370	206	206	206	3	111	53.88	100	48.54
882	data/reference/motifs/JASPAR2026_CORE_plants_non-redundant_pfms_meme.txt	MA2070.1	PK15337.1	CTTT	1.24e-1	1.00e0	9.27e2	412	206	206	206	207	3	1.46	0	0.00
883	data/reference/motifs/JASPAR2026_CORE_plants_non-redundant_pfms_meme.txt	MA2069.1	PK10955.1	CTTTW	1.75e-1	1.00e0	9.27e2	412	206	206	206	28	52	25.24	43	20.87
884	data/reference/motifs/JASPAR2026_CORE_plants_non-redundant_pfms_meme.txt	MA2068.1	PK10344.1	GGGACCAC	3.58e-1	1.00e0	9.27e2	86	206	206	206	1	45	21.84	41	19.90
885	data/reference/motifs/JASPAR2026_CORE_plants_non-redundant_pfms_meme.txt	MA2066.1	PK09021.1	TGACGTCA	7.51e-1	1.00e0	9.27e2	61	206	206	206	3	1	0.49	1	0.49
886	data/reference/motifs/JASPAR2026_CORE_plants_non-redundant_pfms_meme.txt	MA2065.1	PK08602.1	CCACCGCC	8.36e-1	1.00e0	9.27e2	28	206	206	206	1	12	5.83	16	7.77
887	data/reference/motifs/JASPAR2026_CORE_plants_non-redundant_pfms_meme.txt	MA2063.1	PK07402.1	RCCGMC	1.26e-1	1.00e0	9.27e2	395	206	206	206	12	13	6.31	7	3.40
888	data/reference/motifs/JASPAR2026_CORE_plants_non-redundant_pfms_meme.txt	MA2062.1	PK07031.1	CTTT	1.97e-1	1.00e0	9.27e2	412	206	206	206	128	190	92.23	184	89.32
889	data/reference/motifs/JASPAR2026_CORE_plants_non-redundant_pfms_meme.txt	MA2059.1	PK05432.1	RGTCAA	2.49e-1	1.00e0	9.27e2	412	206	206	206	10	206	100.00	204	99.03
890	data/reference/motifs/JASPAR2026_CORE_plants_non-redundant_pfms_meme.txt	MA2056.1	PK01144.1	CTTT	2.23e-1	1.00e0	9.27e2	412	206	206	206	110	151	73.30	143	69.42
891	data/reference/motifs/JASPAR2026_CORE_plants_non-redundant_pfms_meme.txt	MA1379.1	SOL1	WTTWAAAATTTAAAW	4.53e-1	1.00e0	9.27e2	375	206	206	206	2	161	78.16	159	77.18
892	data/reference/motifs/JASPAR2026_CORE_plants_non-redundant_pfms_meme.txt	MA1373.1	GAF1	HABWAAACGACAAAA	5.00e-1	1.00e0	9.27e2	228	206	206	206	4	6	2.91	5	2.43
893	data/reference/motifs/JASPAR2026_CORE_plants_non-redundant_pfms_meme.txt	MA1348.1	TGA9	GMTGACGTCAY	6.66e-1	1.00e0	9.27e2	88	206	206	206	2	11	5.34	12	5.83
894	data/reference/motifs/JASPAR2026_CORE_plants_non-redundant_pfms_meme.txt	MA1335.1	TGA4	TGACGTCAKCA	2.91e-1	1.00e0	9.27e2	242	206	206	206	2	60	29.13	54	26.21
895	data/reference/motifs/JASPAR2026_CORE_plants_non-redundant_pfms_meme.txt	MA1328.1	ZHD9	WTWAWHNVYTAATYA	1.79e-1	1.00e0	9.27e2	404	206	206	206	5	135	65.53	125	60.68
896	data/reference/motifs/JASPAR2026_CORE_plants_non-redundant_pfms_meme.txt	MA1324.1	GATA20	ATCSGATC	2.41e-1	1.00e0	9.27e2	248	206	206	206	1	128	62.14	120	58.25
897	data/reference/motifs/JASPAR2026_CORE_plants_non-redundant_pfms_meme.txt	MA1309.1	WRKY3	AAAAGTCAACG	2.42e-1	1.00e0	9.27e2	242	206	206	206	1	125	60.68	117	56.80
898	data/reference/motifs/JASPAR2026_CORE_plants_non-redundant_pfms_meme.txt	MA1235.1	AIL7	CGNWTYYCGAG	1.19e-1	1.00e0	9.27e2	374	206	206	206	4	68	33.01	56	27.18
899	data/reference/motifs/JASPAR2026_CORE_plants_non-redundant_pfms_meme.txt	MA1162.1	TCX2	WTTYAAAATTYAAAW	2.49e-1	1.00e0	9.27e2	365	206	206	206	15	2	0.97	0	0.00
900	data/reference/motifs/JASPAR2026_CORE_plants_non-redundant_pfms_meme.txt	MA1091.1	WRKY62	TGGTCAAC	5.00e-1	1.00e0	9.27e2	307	206	206	206	1	154	74.76	153	74.27
901	data/reference/motifs/JASPAR2026_CORE_plants_non-redundant_pfms_meme.txt	MA1084.1	WRKY38	CGTTGACC	2.76e-1	1.00e0	9.27e2	404	206	206	206	3	164	79.61	158	76.70
902	data/reference/motifs/JASPAR2026_CORE_plants_non-redundant_pfms_meme.txt	MA1080.1	WRKY23	AGTCAACG	2.73e-1	1.00e0	9.27e2	249	206	206	206	1	128	62.14	121	58.74
903	data/reference/motifs/JASPAR2026_CORE_plants_non-redundant_pfms_meme.txt	MA1075.1	WRKY12	CGTTGACC	3.62e-1	1.00e0	9.27e2	404	206	206	206	1	203	98.54	201	97.57
904	data/reference/motifs/JASPAR2026_CORE_plants_non-redundant_pfms_meme.txt	MA1035.1	TCP4	GGGACCAC	3.75e-1	1.00e0	9.27e2	163	206	206	206	3	6	2.91	4	1.94
905	data/reference/motifs/JASPAR2026_CORE_plants_non-redundant_pfms_meme.txt	MA1028.1	KAN4	GAATATTC	5.00e-1	1.00e0	9.27e2	345	206	206	206	10	11	5.34	10	4.85
906	data/reference/motifs/JASPAR2026_CORE_plants_non-redundant_pfms_meme.txt	MA1013.1	GATA10	TAGATCTG	3.99e-1	1.00e0	9.27e2	214	206	206	206	4	39	18.93	36	17.48
907	data/reference/motifs/JASPAR2026_CORE_plants_non-redundant_pfms_meme.txt	MA1009.1	ARF3	TGTCGGAA	1.82e-1	1.00e0	9.27e2	340	206	206	206	1	174	84.47	166	80.58
908	data/reference/motifs/JASPAR2026_CORE_plants_non-redundant_pfms_meme.txt	MA1007.1	PHYPADRAFT_173530	TGTCGGTG	3.43e-1	1.00e0	9.27e2	106	206	206	206	3	4	1.94	2	0.97
909	data/reference/motifs/JASPAR2026_CORE_plants_non-redundant_pfms_meme.txt	MA0986.1	DREB2C	CACCGACA	2.21e-1	1.00e0	9.27e2	335	206	206	206	6	17	8.25	12	5.83
910	data/reference/motifs/JASPAR2026_CORE_plants_non-redundant_pfms_meme.txt	MA0978.1	DREB1E	ATGTCGGC	4.48e-1	1.00e0	9.27e2	194	206	206	206	2	36	17.48	34	16.50
911	data/reference/motifs/JASPAR2026_CORE_plants_non-redundant_pfms_meme.txt	MA0977.1	DOF2.5	AWAAAGTG	1.01e-1	1.00e0	9.27e2	412	206	206	206	16	34	16.50	24	11.65
912	data/reference/motifs/JASPAR2026_CORE_plants_non-redundant_pfms_meme.txt	MA0975.1	CRF2	SCGCCGCC	3.29e-1	1.00e0	9.27e2	113	206	206	206	1	59	28.64	54	26.21
913	data/reference/motifs/JASPAR2026_CORE_plants_non-redundant_pfms_meme.txt	MA0963.1	bHLH78	GCACGTGC	5.00e-1	1.00e0	9.27e2	177	206	206	206	10	2	0.97	1	0.49
914	data/reference/motifs/JASPAR2026_CORE_plants_non-redundant_pfms_meme.txt	MA0957.1	BHLH3	GCACGTGC	3.12e-1	1.00e0	9.27e2	306	206	206	206	16	3	1.46	1	0.49
915	data/reference/motifs/JASPAR2026_CORE_plants_non-redundant_pfms_meme.txt	MA0952.1	ATHB-51	AATWATTG	1.51e-1	1.00e0	9.27e2	412	206	206	206	17	41	19.90	32	15.53
916	data/reference/motifs/JASPAR2026_CORE_plants_non-redundant_pfms_meme.txt	MA0951.1	ATHB-16	TAATMATT	2.84e-1	1.00e0	9.27e2	404	206	206	206	10	31	15.05	26	12.62
917	data/reference/motifs/JASPAR2026_CORE_plants_non-redundant_pfms_meme.txt	MA0947.1	ARR14	AGATWCGS	3.26e-1	1.00e0	9.27e2	325	206	206	206	3	55	26.70	50	24.27
918	data/reference/motifs/JASPAR2026_CORE_plants_non-redundant_pfms_meme.txt	MA0937.1	NAC055	ACACGTAA	1.85e-1	1.00e0	9.27e2	404	206	206	206	2	192	93.20	186	90.29
919	data/reference/motifs/JASPAR2026_CORE_plants_non-redundant_pfms_meme.txt	MA0935.1	NAC025	YACGTAAY	2.73e-1	1.00e0	9.27e2	247	206	206	206	1	127	61.65	120	58.25
920	data/reference/motifs/JASPAR2026_CORE_plants_non-redundant_pfms_meme.txt	MA0934.1	AHL25	AWTTAAWT	4.00e-1	1.00e0	9.27e2	412	206	206	206	24	199	96.60	197	95.63
921	data/reference/motifs/JASPAR2026_CORE_plants_non-redundant_pfms_meme.txt	MA0933.1	AHL20	AATTAAWT	3.65e-1	1.00e0	9.27e2	412	206	206	206	29	189	91.75	186	90.29
922	data/reference/motifs/JASPAR2026_CORE_plants_non-redundant_pfms_meme.txt	MA0932.1	AHL12	AAWWWWTT	3.50e-1	1.00e0	9.27e2	412	206	206	206	54	193	93.69	190	92.23
923	data/reference/motifs/JASPAR2026_CORE_plants_non-redundant_pfms_meme.txt	MA0580.1	DYT1	MGTGAGWCACGTGA	5.59e-1	1.00e0	9.27e2	52	206	206	206	1	26	12.62	26	12.62
924	data/reference/motifs/JASPAR2026_CORE_plants_non-redundant_pfms_meme.txt	MA0567.1	ERF1B	MGCCGCCA	2.12e-1	1.00e0	9.27e2	243	206	206	206	1	126	61.17	117	56.80
925	data/reference/motifs/JASPAR2026_CORE_plants_non-redundant_pfms_meme.txt	MA0123.1	abi4	CGSYGCCCCC	1.56e-1	1.00e0	9.27e2	250	206	206	206	5	23	11.17	16	7.77
926	data/reference/motifs/JASPAR2026_CORE_plants_non-redundant_pfms_meme.txt	MA0096.1	bZIP910	MTGACGT	5.00e-1	1.00e0	9.27e2	110	206	206	206	3	2	0.97	1	0.49
927	data/reference/motifs/JASPAR2026_CORE_plants_non-redundant_pfms_meme.txt	MA0064.1	PBF	AAAGY	1.19e-1	1.00e0	9.27e2	412	206	206	206	17	68	33.01	56	27.18

# AME (Analysis of Motif Enrichment): Version 5.5.9 compiled on May 27 2026 at 12:40:54
# The format of this file is described at https://meme-suite.org/meme/doc/ame-output-format.html.
# ame --verbose 1 --text --control results/evidence/motifs/inputs/backgrounds/1000/replicate_029.fa --method fisher --scoring totalhits --hit-lo-fraction 0.25 --evalue-report-threshold 1000000 --noseq results/evidence/motifs/inputs/frozen_candidates_1000bp.fa data/reference/motifs/JASPAR2026_CORE_plants_non-redundant_pfms_meme.txt
