3	data/reference/motifs/JASPAR2026_CORE_plants_non-redundant_pfms_meme.txt	MA1044.2	NAC92	RCAMGCCA	3.36e-4	1.29e-1	1.20e2	412	206	206	206	15	39	18.93	15	7.28
4	data/reference/motifs/JASPAR2026_CORE_plants_non-redundant_pfms_meme.txt	MA0053.1	MNB1A	AAAGC	4.07e-4	1.54e-1	1.43e2	412	206	206	206	16	47	22.82	21	10.19
5	data/reference/motifs/JASPAR2026_CORE_plants_non-redundant_pfms_meme.txt	MA2730.1	Solyc01g079480	YSACGTGKCA	1.39e-3	2.79e-1	2.58e2	235	206	206	206	1	133	64.56	102	49.51
6	data/reference/motifs/JASPAR2026_CORE_plants_non-redundant_pfms_meme.txt	MA1282.2	TCP13	GTGGGGACCAC	5.35e-3	3.06e-1	2.83e2	68	206	206	206	2	10	4.85	1	0.49
7	data/reference/motifs/JASPAR2026_CORE_plants_non-redundant_pfms_meme.txt	MA2645.1	GLYMA-16G042900	GGTTGCKTSTTCHASAAGYWA	1.18e-2	3.08e-1	2.86e2	31	206	206	206	1	22	10.68	9	4.37
8	data/reference/motifs/JASPAR2026_CORE_plants_non-redundant_pfms_meme.txt	MA1061.2	SPT	CCACGTG	9.85e-4	3.22e-1	2.99e2	395	206	206	206	12	19	9.22	4	1.94
9	data/reference/motifs/JASPAR2026_CORE_plants_non-redundant_pfms_meme.txt	MA2661.1	GLYMA-03G081700	CTACGTGGCA	1.80e-3	4.77e-1	4.42e2	359	206	206	206	7	16	7.77	3	1.46
10	data/reference/motifs/JASPAR2026_CORE_plants_non-redundant_pfms_meme.txt	MA1011.2	PHYPADRAFT_72483	CACGTG	1.79e-3	5.20e-1	4.82e2	411	206	206	206	38	9	4.37	0	0.00
11	data/reference/motifs/JASPAR2026_CORE_plants_non-redundant_pfms_meme.txt	MA0110.4	ATHB-5	CAATCATT	1.80e-3	5.25e-1	4.86e2	412	206	206	206	13	175	84.95	150	72.82
12	data/reference/motifs/JASPAR2026_CORE_plants_non-redundant_pfms_meme.txt	MA2387.1	NAC094	YGCCGTRNHNNHCACG	1.18e-2	5.27e-1	4.89e2	63	206	206	206	2	22	10.68	9	4.37
13	data/reference/motifs/JASPAR2026_CORE_plants_non-redundant_pfms_meme.txt	MA1067.1	TCP5	GGGACCAC	5.65e-3	5.28e-1	4.90e2	133	206	206	206	1	79	38.35	54	26.21
14	data/reference/motifs/JASPAR2026_CORE_plants_non-redundant_pfms_meme.txt	MA2671.1	GLYMA-19G100900	AGCATGCT	2.60e-3	5.37e-1	4.98e2	296	206	206	206	6	50	24.27	27	13.11
15	data/reference/motifs/JASPAR2026_CORE_plants_non-redundant_pfms_meme.txt	MA1287.2	TCP21	GTGGGMCCCAC	7.42e-3	6.38e-1	5.91e2	137	206	206	206	3	7	3.40	0	0.00
16	data/reference/motifs/JASPAR2026_CORE_plants_non-redundant_pfms_meme.txt	MA0020.2	Dof2	AAAGC	2.62e-3	6.60e-1	6.12e2	412	206	206	206	17	68	33.01	42	20.39
17	data/reference/motifs/JASPAR2026_CORE_plants_non-redundant_pfms_meme.txt	MA0064.1	PBF	AAAGY	2.62e-3	6.60e-1	6.12e2	412	206	206	206	17	68	33.01	42	20.39
18	data/reference/motifs/JASPAR2026_CORE_plants_non-redundant_pfms_meme.txt	MA1203.1	AGL63	TKCCAAAAATGGMAA	5.35e-3	6.83e-1	6.33e2	215	206	206	206	4	10	4.85	1	0.49
19	data/reference/motifs/JASPAR2026_CORE_plants_non-redundant_pfms_meme.txt	MA2758.1	ereb122	CCGACCA	2.96e-3	6.91e-1	6.40e2	396	206	206	206	2	188	91.26	168	81.55
20	data/reference/motifs/JASPAR2026_CORE_plants_non-redundant_pfms_meme.txt	MA1403.1	BPC5	AGAGAGAGAGAGAGAGAGAGAGAGAGAGAG	8.60e-2	7.16e-1	6.64e2	14	206	206	206	1	10	4.85	4	1.94
21	data/reference/motifs/JASPAR2026_CORE_plants_non-redundant_pfms_meme.txt	MA0560.2	PIF3	CCACGTG	7.73e-3	7.25e-1	6.72e2	167	206	206	206	2	54	26.21	33	16.02
22	data/reference/motifs/JASPAR2026_CORE_plants_non-redundant_pfms_meme.txt	MA2393.1	PHYPA_008731	CACGTGC	7.73e-3	7.25e-1	6.72e2	167	206	206	206	2	54	26.21	33	16.02
23	data/reference/motifs/JASPAR2026_CORE_plants_non-redundant_pfms_meme.txt	MA0950.1	ATHB-12	AATGATTG	3.20e-3	7.33e-1	6.79e2	412	206	206	206	13	204	99.03	193	93.69
24	data/reference/motifs/JASPAR2026_CORE_plants_non-redundant_pfms_meme.txt	MA2045.2	NAC031	TTRCKTGTWNHACAAGTWA	1.54e-2	7.49e-1	6.94e2	89	206	206	206	1	54	26.21	35	16.99
25	data/reference/motifs/JASPAR2026_CORE_plants_non-redundant_pfms_meme.txt	MA2379.1	DOF3.1	CKTT	3.64e-3	7.77e-1	7.21e2	412	206	206	206	82	206	100.00	198	96.12
26	data/reference/motifs/JASPAR2026_CORE_plants_non-redundant_pfms_meme.txt	MA2413.1	ZmbZIP96	GASACGTGKCA	8.54e-3	7.87e-1	7.30e2	181	206	206	206	1	103	50.00	78	37.86
27	data/reference/motifs/JASPAR2026_CORE_plants_non-redundant_pfms_meme.txt	MA2650.1	GLYMA-05G027400	GTGGGCCCCAC	1.26e-2	8.00e-1	7.42e2	128	206	206	206	1	75	36.41	53	25.73
28	data/reference/motifs/JASPAR2026_CORE_plants_non-redundant_pfms_meme.txt	MA1065.3	TCP20	GTGGGWCCCAC	1.29e-2	8.13e-1	7.54e2	130	206	206	206	1	76	36.89	54	26.21
29	data/reference/motifs/JASPAR2026_CORE_plants_non-redundant_pfms_meme.txt	MA2724.1	SlTCP18	GTGGGVCCCAC	1.04e-2	8.30e-1	7.70e2	171	206	206	206	2	79	38.35	56	27.18
30	data/reference/motifs/JASPAR2026_CORE_plants_non-redundant_pfms_meme.txt	MA2347.1	OS04G0486400	TAACC	4.56e-3	8.47e-1	7.85e2	412	206	206	206	48	135	65.53	108	52.43
31	data/reference/motifs/JASPAR2026_CORE_plants_non-redundant_pfms_meme.txt	MA1062.3	TCP15	GTGGGWCCCAC	1.48e-2	8.48e-1	7.86e2	127	206	206	206	3	20	9.71	8	3.88
32	data/reference/motifs/JASPAR2026_CORE_plants_non-redundant_pfms_meme.txt	MA1049.2	ERF094	MGCCGCC	1.47e-2	8.57e-1	7.94e2	132	206	206	206	2	27	13.11	13	6.31
33	data/reference/motifs/JASPAR2026_CORE_plants_non-redundant_pfms_meme.txt	MA1810.2	GLYMA-08G357600	ATGCATGCA	5.51e-3	8.65e-1	8.02e2	363	206	206	206	12	14	6.80	3	1.46
34	data/reference/motifs/JASPAR2026_CORE_plants_non-redundant_pfms_meme.txt	MA2035.2	NAC075	GWAGCTTGTNNNACAAGCTW	3.05e-2	8.70e-1	8.07e2	66	206	206	206	3	5	2.43	0	0.00
35	data/reference/motifs/JASPAR2026_CORE_plants_non-redundant_pfms_meme.txt	MA0005.3	AG	TTWCCWAAWHDGGHAA	6.27e-3	8.72e-1	8.08e2	328	206	206	206	5	22	10.68	8	3.88
36	data/reference/motifs/JASPAR2026_CORE_plants_non-redundant_pfms_meme.txt	MA1402.1	BPC6	CTCTCTCTCTCTCTCTCTCTC	4.36e-2	8.87e-1	8.23e2	49	206	206	206	8	10	4.85	3	1.46
37	data/reference/motifs/JASPAR2026_CORE_plants_non-redundant_pfms_meme.txt	MA1283.2	TCP14	ADAGVDBGTGGGDCCCAC	1.86e-1	8.96e-1	8.31e2	11	206	206	206	2	4	1.94	1	0.49
38	data/reference/motifs/JASPAR2026_CORE_plants_non-redundant_pfms_meme.txt	MA1674.3	NAC017	CAAGTAA	5.76e-3	9.07e-1	8.41e2	412	206	206	206	4	204	99.03	194	94.17
39	data/reference/motifs/JASPAR2026_CORE_plants_non-redundant_pfms_meme.txt	MA0939.1	NAC079	ACACGCAA	9.37e-3	9.11e-1	8.44e2	258	206	206	206	2	75	36.41	52	25.24
40	data/reference/motifs/JASPAR2026_CORE_plants_non-redundant_pfms_meme.txt	MA0959.1	AIB	GCACGTGC	1.49e-2	9.16e-1	8.49e2	166	206	206	206	6	17	8.25	6	2.91
41	data/reference/motifs/JASPAR2026_CORE_plants_non-redundant_pfms_meme.txt	MA2085.1	PK23763.1	CTTTW	6.27e-3	9.24e-1	8.57e2	412	206	206	206	36	198	96.12	184	89.32
42	data/reference/motifs/JASPAR2026_CORE_plants_non-redundant_pfms_meme.txt	MA0581.2	LEC2	CATGCR	8.62e-3	9.27e-1	8.60e2	304	206	206	206	3	56	27.18	35	16.99
43	data/reference/motifs/JASPAR2026_CORE_plants_non-redundant_pfms_meme.txt	MA1404.1	BPC1	GAGAGAGAGAGAGAGAGAGAGAGA	5.25e-2	9.29e-1	8.61e2	49	206	206	206	13	8	3.88	2	0.97
44	data/reference/motifs/JASPAR2026_CORE_plants_non-redundant_pfms_meme.txt	MA2471.1	SPCH	CACGTG	7.71e-3	9.30e-1	8.62e2	344	206	206	206	8	48	23.30	28	13.59
45	data/reference/motifs/JASPAR2026_CORE_plants_non-redundant_pfms_meme.txt	MA1285.2	TCP9	GTGGGTCCCAC	4.01e-2	9.33e-1	8.65e2	66	206	206	206	1	40	19.42	26	12.62
46	data/reference/motifs/JASPAR2026_CORE_plants_non-redundant_pfms_meme.txt	MA1054.2	ARALYDRAFT_897773	KGGGACCAC	9.10e-3	9.33e-1	8.65e2	297	206	206	206	3	74	35.92	51	24.76
47	data/reference/motifs/JASPAR2026_CORE_plants_non-redundant_pfms_meme.txt	MA1024.2	HAT1	YAATCATK	6.99e-3	9.38e-1	8.70e2	399	206	206	206	2	187	90.78	169	82.04
48	data/reference/motifs/JASPAR2026_CORE_plants_non-redundant_pfms_meme.txt	MA2354.1	PK06182.1	TACCTACC	8.29e-3	9.42e-1	8.74e2	344	206	206	206	3	82	39.81	58	28.16
49	data/reference/motifs/JASPAR2026_CORE_plants_non-redundant_pfms_meme.txt	MA0988.2	PHYPADRAFT_143875	CACGTG	7.42e-3	9.43e-1	8.74e2	386	206	206	206	18	7	3.40	0	0.00
50	data/reference/motifs/JASPAR2026_CORE_plants_non-redundant_pfms_meme.txt	MA1025.2	HBI1	GCACGTG	9.39e-3	9.47e-1	8.78e2	313	206	206	206	5	24	11.65	10	4.85
51	data/reference/motifs/JASPAR2026_CORE_plants_non-redundant_pfms_meme.txt	MA1032.2	DREB1G	TGCCGACA	3.43e-2	9.50e-1	8.81e2	86	206	206	206	1	51	24.76	35	16.99
52	data/reference/motifs/JASPAR2026_CORE_plants_non-redundant_pfms_meme.txt	MA0548.3	AGL15	TTTCCWTTTTDGGWAA	1.51e-2	9.51e-1	8.81e2	200	206	206	206	4	6	2.91	0	0.00
53	data/reference/motifs/JASPAR2026_CORE_plants_non-redundant_pfms_meme.txt	MA1792.1	NAC098	CKTGTNNHACACGTHA	3.05e-2	9.52e-1	8.82e2	98	206	206	206	3	5	2.43	0	0.00
54	data/reference/motifs/JASPAR2026_CORE_plants_non-redundant_pfms_meme.txt	MA0562.1	PIF5	TCACGTGS	3.56e-2	9.52e-1	8.83e2	84	206	206	206	2	12	5.83	4	1.94
55	data/reference/motifs/JASPAR2026_CORE_plants_non-redundant_pfms_meme.txt	MA1338.3	DPBF3	TGMCACGTGTC	2.32e-2	9.57e-1	8.87e2	136	206	206	206	1	78	37.86	58	28.16
56	data/reference/motifs/JASPAR2026_CORE_plants_non-redundant_pfms_meme.txt	MA2378.1	CRF3	GCCG	7.73e-3	9.58e-1	8.88e2	411	206	206	206	10	199	96.60	186	90.29
57	data/reference/motifs/JASPAR2026_CORE_plants_non-redundant_pfms_meme.txt	MA1376.2	DEAR3	CRCCGMC	8.30e-3	9.62e-1	8.91e2	393	206	206	206	1	202	98.06	191	92.72
58	data/reference/motifs/JASPAR2026_CORE_plants_non-redundant_pfms_meme.txt	MA0938.3	NAC058	TTACKTGTDNMACAAGWAA	5.66e-2	9.62e-1	8.92e2	56	206	206	206	1	34	16.50	22	10.68
59	data/reference/motifs/JASPAR2026_CORE_plants_non-redundant_pfms_meme.txt	MA1021.2	PHYPADRAFT_48267	CACGTGC	1.40e-2	9.64e-1	8.94e2	238	206	206	206	3	52	25.24	33	16.02
60	data/reference/motifs/JASPAR2026_CORE_plants_non-redundant_pfms_meme.txt	MA1204.1	AGL13	TTWCCAAAAAWRGWAAAW	2.68e-2	9.65e-1	8.94e2	125	206	206	206	1	72	34.95	53	25.73
61	data/reference/motifs/JASPAR2026_CORE_plants_non-redundant_pfms_meme.txt	MA0565.3	FUS3	ACATGCA	1.64e-2	9.72e-1	9.01e2	218	206	206	206	3	24	11.65	11	5.34
62	data/reference/motifs/JASPAR2026_CORE_plants_non-redundant_pfms_meme.txt	MA2610.1	ereb97	CGCCGCCGCC	3.62e-1	9.73e-1	9.02e2	8	206	206	206	1	5	2.43	3	1.46
63	data/reference/motifs/JASPAR2026_CORE_plants_non-redundant_pfms_meme.txt	MA1832.2	Zm00001d002364	CGCCGCCGCC	3.62e-1	9.73e-1	9.02e2	8	206	206	206	1	5	2.43	3	1.46
64	data/reference/motifs/JASPAR2026_CORE_plants_non-redundant_pfms_meme.txt	MA1818.1	Zm00001d052229	CGCCGCCGCC	3.62e-1	9.73e-1	9.02e2	8	206	206	206	1	5	2.43	3	1.46
65	data/reference/motifs/JASPAR2026_CORE_plants_non-redundant_pfms_meme.txt	MA2373.1	AZF2	ASTG	8.84e-3	9.74e-1	9.03e2	412	206	206	206	86	156	75.73	133	64.56
66	data/reference/motifs/JASPAR2026_CORE_plants_non-redundant_pfms_meme.txt	MA1784.1	NAC011	GTTGCTTSWNHHDCAAGYAAC	1.42e-1	9.75e-1	9.04e2	24	206	206	206	2	6	2.91	2	0.97
67	data/reference/motifs/JASPAR2026_CORE_plants_non-redundant_pfms_meme.txt	MA2406.1	PK03576.1	CACGTGC	9.85e-2	9.76e-1	9.05e2	36	206	206	206	2	15	7.28	8	3.88
68	data/reference/motifs/JASPAR2026_CORE_plants_non-redundant_pfms_meme.txt	MA0970.2	CAMTA3	CCGCGT	1.00e-2	9.78e-1	9.06e2	380	206	206	206	12	9	4.37	1	0.49
69	data/reference/motifs/JASPAR2026_CORE_plants_non-redundant_pfms_meme.txt	MA0554.2	SOC1	TTTCCWTTTTTGG	1.00e-2	9.79e-1	9.07e2	385	206	206	206	8	9	4.37	1	0.49
70	data/reference/motifs/JASPAR2026_CORE_plants_non-redundant_pfms_meme.txt	MA2739.1	SlTCP12	GTGGGACCCAC	2.25e-2	9.79e-1	9.08e2	172	206	206	206	3	31	15.05	17	8.25
71	data/reference/motifs/JASPAR2026_CORE_plants_non-redundant_pfms_meme.txt	MA1349.2	BZIP16	HSACGTGGCA	5.65e-2	9.82e-1	9.10e2	69	206	206	206	1	41	19.90	28	13.59
72	data/reference/motifs/JASPAR2026_CORE_plants_non-redundant_pfms_meme.txt	MA1751.2	EIL3	AGRTWCAT	1.00e-2	9.82e-1	9.10e2	402	206	206	206	1	205	99.51	197	95.63
73	data/reference/motifs/JASPAR2026_CORE_plants_non-redundant_pfms_meme.txt	MA2360.1	PK28565.1	TAACBGTC	1.02e-2	9.83e-1	9.11e2	399	206	206	206	1	204	99.03	195	94.66
74	data/reference/motifs/JASPAR2026_CORE_plants_non-redundant_pfms_meme.txt	MA1819.2	Zm00001d005892	CGCCGCCG	2.10e-2	9.84e-1	9.12e2	196	206	206	206	2	73	35.44	53	25.73
75	data/reference/motifs/JASPAR2026_CORE_plants_non-redundant_pfms_meme.txt	MA2034.2	NAC057	CAAGTAA	1.00e-2	9.84e-1	9.12e2	412	206	206	206	4	205	99.51	197	95.63
76	data/reference/motifs/JASPAR2026_CORE_plants_non-redundant_pfms_meme.txt	MA2356.1	PK20555.1	CTTTW	1.00e-2	9.84e-1	9.12e2	412	206	206	206	87	205	99.51	197	95.63
77	data/reference/motifs/JASPAR2026_CORE_plants_non-redundant_pfms_meme.txt	MA0585.2	AGL1	TTDCCWWWWWDGGWAA	1.16e-2	9.84e-1	9.12e2	355	206	206	206	3	118	57.28	94	45.63
78	data/reference/motifs/JASPAR2026_CORE_plants_non-redundant_pfms_meme.txt	MA1175.2	MYB81	TAACHGWWT	1.01e-2	9.85e-1	9.13e2	411	206	206	206	4	193	93.69	178	86.41
79	data/reference/motifs/JASPAR2026_CORE_plants_non-redundant_pfms_meme.txt	MA1382.2	FAR1	YCACGCGCY	8.32e-2	9.85e-1	9.13e2	48	206	206	206	1	29	14.08	19	9.22
80	data/reference/motifs/JASPAR2026_CORE_plants_non-redundant_pfms_meme.txt	MA0578.1	SPL8	WWDWHYGTACHHTWWW	1.72e-2	9.85e-1	9.13e2	245	206	206	206	2	93	45.15	71	34.47
81	data/reference/motifs/JASPAR2026_CORE_plants_non-redundant_pfms_meme.txt	MA1288.2	TCP22	GTGGGHCCCAC	4.22e-2	9.85e-1	9.13e2	100	206	206	206	1	58	28.16	42	20.39
82	data/reference/motifs/JASPAR2026_CORE_plants_non-redundant_pfms_meme.txt	MA2067.1	PK09702.1	GCACGTGR	1.11e-1	9.85e-1	9.13e2	36	206	206	206	1	22	10.68	14	6.80
83	data/reference/motifs/JASPAR2026_CORE_plants_non-redundant_pfms_meme.txt	MA2475.1	HOX6	TGATTG	1.04e-2	9.86e-1	9.14e2	412	206	206	206	22	150	72.82	127	61.65
84	data/reference/motifs/JASPAR2026_CORE_plants_non-redundant_pfms_meme.txt	MA1336.2	TGA3	RTGACGTCAKC	5.85e-2	9.86e-1	9.14e2	71	206	206	206	1	42	20.39	29	14.08
85	data/reference/motifs/JASPAR2026_CORE_plants_non-redundant_pfms_meme.txt	MA1286.2	TCP24	GGGACCAC	3.05e-2	9.88e-1	9.16e2	146	206	206	206	2	35	16.99	21	10.19
86	data/reference/motifs/JASPAR2026_CORE_plants_non-redundant_pfms_meme.txt	MA2422.1	OsbZIP42	TGMCACGTCA	1.40e-2	9.90e-1	9.18e2	327	206	206	206	1	173	83.98	154	74.76
87	data/reference/motifs/JASPAR2026_CORE_plants_non-redundant_pfms_meme.txt	MA2049.2	NAC053	CAAGAAA	1.15e-2	9.91e-1	9.19e2	411	206	206	206	11	16	7.77	5	2.43
88	data/reference/motifs/JASPAR2026_CORE_plants_non-redundant_pfms_meme.txt	MA1368.3	GT-4	TAACTATGGTTA	1.75e-2	9.92e-1	9.20e2	278	206	206	206	3	57	27.67	38	18.45
89	data/reference/motifs/JASPAR2026_CORE_plants_non-redundant_pfms_meme.txt	MA1284.2	TCP1	GTGGGCCCCAC	6.16e-2	9.94e-1	9.22e2	81	206	206	206	4	4	1.94	0	0.00
90	data/reference/motifs/JASPAR2026_CORE_plants_non-redundant_pfms_meme.txt	MA0954.3	ATHB-7	TCAATGATTGR	1.44e-2	9.95e-1	9.22e2	363	206	206	206	2	147	71.36	125	60.68
91	data/reference/motifs/JASPAR2026_CORE_plants_non-redundant_pfms_meme.txt	MA1260.2	ERF013	TGTCGGTGG	4.82e-2	9.95e-1	9.23e2	112	206	206	206	1	64	31.07	48	23.30
92	data/reference/motifs/JASPAR2026_CORE_plants_non-redundant_pfms_meme.txt	MA1351.3	GBF3	ACGTGGCA	1.37e-2	9.96e-1	9.23e2	397	206	206	206	11	14	6.80	4	1.94
93	data/reference/motifs/JASPAR2026_CORE_plants_non-redundant_pfms_meme.txt	MA2052.2	ZAT6	AATGATTG	1.32e-2	9.96e-1	9.23e2	412	206	206	206	12	168	81.55	148	71.84
94	data/reference/motifs/JASPAR2026_CORE_plants_non-redundant_pfms_meme.txt	MA0570.3	ABF1	ACACGTGKCA	2.03e-2	9.96e-1	9.23e2	269	206	206	206	2	86	41.75	65	31.55
95	data/reference/motifs/JASPAR2026_CORE_plants_non-redundant_pfms_meme.txt	MA2014.2	BAM8	CACACGTGY	2.85e-2	9.96e-1	9.24e2	196	206	206	206	3	29	14.08	16	7.77
96	data/reference/motifs/JASPAR2026_CORE_plants_non-redundant_pfms_meme.txt	MA0082.2	squamosa	MCAWAWATRGWAA	1.42e-2	9.97e-1	9.24e2	410	206	206	206	6	129	62.62	106	51.46
97	data/reference/motifs/JASPAR2026_CORE_plants_non-redundant_pfms_meme.txt	MA2105.1	GLYMA-13G317000	ACACGT	1.70e-2	9.97e-1	9.24e2	342	206	206	206	4	65	31.55	45	21.84
98	data/reference/motifs/JASPAR2026_CORE_plants_non-redundant_pfms_meme.txt	MA1363.1	LRL2	CGTGNKWBGCACGTG	7.01e-2	9.98e-1	9.25e2	83	206	206	206	1	48	23.30	35	16.99
99	data/reference/motifs/JASPAR2026_CORE_plants_non-redundant_pfms_meme.txt	MA2062.1	PK07031.1	CTTT	1.47e-2	9.98e-1	9.25e2	412	206	206	206	127	193	93.69	179	86.89
100	data/reference/motifs/JASPAR2026_CORE_plants_non-redundant_pfms_meme.txt	MA0982.2	DOF2.4	AAAG	1.49e-2	9.98e-1	9.25e2	412	206	206	206	79	200	97.09	189	91.75
101	data/reference/motifs/JASPAR2026_CORE_plants_non-redundant_pfms_meme.txt	MA2043.2	NAC004	CAAGAAA	1.50e-2	9.98e-1	9.25e2	411	206	206	206	8	111	53.88	88	42.72
102	data/reference/motifs/JASPAR2026_CORE_plants_non-redundant_pfms_meme.txt	MA1173.2	MYB101	TAACCGAAW	1.51e-2	9.98e-1	9.25e2	412	206	206	206	3	206	100.00	200	97.09
103	data/reference/motifs/JASPAR2026_CORE_plants_non-redundant_pfms_meme.txt	MA2397.1	ILR3	CACGTG	1.51e-2	9.98e-1	9.25e2	412	206	206	206	44	6	2.91	0	0.00
104	data/reference/motifs/JASPAR2026_CORE_plants_non-redundant_pfms_meme.txt	MA1767.2	MYB23	CAACWA	1.54e-2	9.98e-1	9.25e2	407	206	206	206	6	85	41.26	63	30.58
105	data/reference/motifs/JASPAR2026_CORE_plants_non-redundant_pfms_meme.txt	MA1332.2	BEH2	CACACGTGCR	2.25e-1	9.98e-1	9.25e2	25	206	206	206	2	5	2.43	2	0.97
106	data/reference/motifs/JASPAR2026_CORE_plants_non-redundant_pfms_meme.txt	MA1750.1	E2FE	TTTTTGGCGGGAAAA	6.57e-1	9.98e-1	9.26e2	6	206	206	206	1	3	1.46	3	1.46
107	data/reference/motifs/JASPAR2026_CORE_plants_non-redundant_pfms_meme.txt	MA1732.1	E2FD	TTTTTGGCGGGAAAA	6.57e-1	9.98e-1	9.26e2	6	206	206	206	1	3	1.46	3	1.46
108	data/reference/motifs/JASPAR2026_CORE_plants_non-redundant_pfms_meme.txt	MA2391.1	Lg3	TGACRKC	1.60e-2	9.99e-1	9.26e2	410	206	206	206	2	203	98.54	194	94.17
109	data/reference/motifs/JASPAR2026_CORE_plants_non-redundant_pfms_meme.txt	MA1290.1	TCP17	GTGGTCCCCAC	5.25e-2	9.99e-1	9.26e2	125	206	206	206	3	8	3.88	2	0.97
110	data/reference/motifs/JASPAR2026_CORE_plants_non-redundant_pfms_meme.txt	MA2074.1	PK17878.1	CGCCGCCA	5.67e-2	9.99e-1	9.26e2	116	206	206	206	2	28	13.59	17	8.25
111	data/reference/motifs/JASPAR2026_CORE_plants_non-redundant_pfms_meme.txt	MA1291.1	TCP7	GTGGGRCCCAC	6.70e-2	9.99e-1	9.26e2	95	206	206	206	2	20	9.71	11	5.34
112	data/reference/motifs/JASPAR2026_CORE_plants_non-redundant_pfms_meme.txt	MA1766.2	MYB17	YYCACCTACCW	1.92e-2	9.99e-1	9.26e2	346	206	206	206	4	45	21.84	28	13.59
113	data/reference/motifs/JASPAR2026_CORE_plants_non-redundant_pfms_meme.txt	MA2720.1	nacnor	ACACGTAACT	1.85e-2	9.99e-1	9.26e2	368	206	206	206	8	8	3.88	1	0.49
114	data/reference/motifs/JASPAR2026_CORE_plants_non-redundant_pfms_meme.txt	MA1042.1	MYB59	RTTAGGTA	1.66e-2	9.99e-1	9.26e2	411	206	206	206	13	28	13.59	14	6.80
115	data/reference/motifs/JASPAR2026_CORE_plants_non-redundant_pfms_meme.txt	MA0968.3	BZIP68	TGCCACGTSA	4.28e-2	9.99e-1	9.26e2	160	206	206	206	1	89	43.20	71	34.47
116	data/reference/motifs/JASPAR2026_CORE_plants_non-redundant_pfms_meme.txt	MA2450.1	SPL7A	GTACTACCGCT	2.93e-2	9.99e-1	9.26e2	234	206	206	206	1	127	61.65	107	51.94
117	data/reference/motifs/JASPAR2026_CORE_plants_non-redundant_pfms_meme.txt	MA2673.1	GLYMA-15G086400	WTCTAGAAMCTTCTAGAR	6.70e-2	9.99e-1	9.26e2	99	206	206	206	2	20	9.71	11	5.34
118	data/reference/motifs/JASPAR2026_CORE_plants_non-redundant_pfms_meme.txt	MA1278.2	DOF3.4	TTYTTTTTTWVCTTTTT	1.69e-2	9.99e-1	9.26e2	411	206	206	206	12	49	23.79	31	15.05
119	data/reference/motifs/JASPAR2026_CORE_plants_non-redundant_pfms_meme.txt	MA2376.1	CAMTA5	CGYGTNDDAWVCGYGT	2.94e-2	9.99e-1	9.26e2	237	206	206	206	3	47	22.82	31	15.05
120	data/reference/motifs/JASPAR2026_CORE_plants_non-redundant_pfms_meme.txt	MA1234.2	ERF017	TGGWCGGTG	3.54e-2	9.99e-1	9.26e2	197	206	206	206	3	15	7.28	6	2.91
121	data/reference/motifs/JASPAR2026_CORE_plants_non-redundant_pfms_meme.txt	MA0969.2	CAMTA2	VCGCGT	1.79e-2	9.99e-1	9.26e2	396	206	206	206	18	10	4.85	2	0.97
122	data/reference/motifs/JASPAR2026_CORE_plants_non-redundant_pfms_meme.txt	MA1740.2	BHLH49	CACGTGC	1.62e-1	9.99e-1	9.26e2	41	206	206	206	2	24	11.65	17	8.25
123	data/reference/motifs/JASPAR2026_CORE_plants_non-redundant_pfms_meme.txt	MA1074.2	UNE10	CACGTGM	1.62e-1	9.99e-1	9.26e2	41	206	206	206	2	24	11.65	17	8.25
124	data/reference/motifs/JASPAR2026_CORE_plants_non-redundant_pfms_meme.txt	MA2077.1	PK18474.1	CACGTGC	1.62e-1	9.99e-1	9.26e2	41	206	206	206	2	24	11.65	17	8.25
125	data/reference/motifs/JASPAR2026_CORE_plants_non-redundant_pfms_meme.txt	MA2071.1	PK15505.1	GCACGTGT	1.62e-1	9.99e-1	9.26e2	41	206	206	206	2	24	11.65	17	8.25
126	data/reference/motifs/JASPAR2026_CORE_plants_non-redundant_pfms_meme.txt	MA2064.1	PK07858.1	CACGTGC	1.62e-1	9.99e-1	9.26e2	41	206	206	206	2	24	11.65	17	8.25
127	data/reference/motifs/JASPAR2026_CORE_plants_non-redundant_pfms_meme.txt	MA2061.1	PK06517.1	CACGTGC	1.62e-1	9.99e-1	9.26e2	41	206	206	206	2	24	11.65	17	8.25
128	data/reference/motifs/JASPAR2026_CORE_plants_non-redundant_pfms_meme.txt	MA2060.1	PK05451.1	CCACGTGM	1.62e-1	9.99e-1	9.26e2	41	206	206	206	2	24	11.65	17	8.25
129	data/reference/motifs/JASPAR2026_CORE_plants_non-redundant_pfms_meme.txt	MA1279.2	DOF1.5	AAADDAAAAAGTRAAA	1.79e-2	9.99e-1	9.26e2	409	206	206	206	2	204	99.03	196	95.15
130	data/reference/motifs/JASPAR2026_CORE_plants_non-redundant_pfms_meme.txt	MA1688.2	ARF16	CAAGACAAGA	1.81e-2	9.99e-1	9.26e2	411	206	206	206	5	167	81.07	148	71.84
131	data/reference/motifs/JASPAR2026_CORE_plants_non-redundant_pfms_meme.txt	MA0930.3	ABF3	ACGTGTC	1.85e-2	9.99e-1	9.26e2	403	206	206	206	16	8	3.88	1	0.49
132	data/reference/motifs/JASPAR2026_CORE_plants_non-redundant_pfms_meme.txt	MA2055.1	PK00315.1	GACAGCTR	1.85e-2	9.99e-1	9.26e2	403	206	206	206	1	205	99.51	198	96.12
133	data/reference/motifs/JASPAR2026_CORE_plants_non-redundant_pfms_meme.txt	MA1412.2	TSAR2	GCACGTGC	5.67e-2	9.99e-1	9.26e2	132	206	206	206	4	28	13.59	17	8.25
134	data/reference/motifs/JASPAR2026_CORE_plants_non-redundant_pfms_meme.txt	MA2664.1	GLYMA-03G162700	GGYGGYGGCGGCGGMGGCGGYGG	3.00e-1	9.99e-1	9.26e2	21	206	206	206	3	9	4.37	6	2.91
135	data/reference/motifs/JASPAR2026_CORE_plants_non-redundant_pfms_meme.txt	MA1361.2	bHLH18	CRCGTKWWHCACGTG	6.67e-2	9.99e-1	9.27e2	113	206	206	206	2	25	12.14	15	7.28
136	data/reference/motifs/JASPAR2026_CORE_plants_non-redundant_pfms_meme.txt	MA2342.1	URI	CACGTG	2.03e-2	9.99e-1	9.27e2	372	206	206	206	10	53	25.73	35	16.99
137	data/reference/motifs/JASPAR2026_CORE_plants_non-redundant_pfms_meme.txt	MA2058.1	PK03929.1	CTTTW	1.85e-2	1.00e0	9.27e2	412	206	206	206	36	205	99.51	198	96.12
138	data/reference/motifs/JASPAR2026_CORE_plants_non-redundant_pfms_meme.txt	MA1660.2	NAC013	TTACTTGTTCYMCAAGTAA	1.24e-1	1.00e0	9.27e2	58	206	206	206	2	18	8.74	11	5.34
139	data/reference/motifs/JASPAR2026_CORE_plants_non-redundant_pfms_meme.txt	MA2749.1	TraesCS2D02G576500	GAAGCAAC	1.96e-2	1.00e0	9.27e2	396	206	206	206	3	156	75.73	136	66.02
140	data/reference/motifs/JASPAR2026_CORE_plants_non-redundant_pfms_meme.txt	MA1741.1	BRN2	CTTGWWHYDYACGYWA	3.61e-2	1.00e0	9.27e2	215	206	206	206	3	27	13.11	15	7.28
141	data/reference/motifs/JASPAR2026_CORE_plants_non-redundant_pfms_meme.txt	MA1335.1	TGA4	TGACGTCAKCA	3.42e-2	1.00e0	9.27e2	228	206	206	206	2	60	29.13	43	20.87
142	data/reference/motifs/JASPAR2026_CORE_plants_non-redundant_pfms_meme.txt	MA1205.1	AGL6	TTWCCAAAAAWGGAAAAWW	4.49e-2	1.00e0	9.27e2	174	206	206	206	1	96	46.60	78	37.86
143	data/reference/motifs/JASPAR2026_CORE_plants_non-redundant_pfms_meme.txt	MA0587.2	TCP16	GTGGACCC	3.80e-2	1.00e0	9.27e2	207	206	206	206	1	113	54.85	94	45.63
144	data/reference/motifs/JASPAR2026_CORE_plants_non-redundant_pfms_meme.txt	MA0990.2	HDG11	AWTWAATGC	1.91e-2	1.00e0	9.27e2	412	206	206	206	27	145	70.39	124	60.19
145	data/reference/motifs/JASPAR2026_CORE_plants_non-redundant_pfms_meme.txt	MA1251.2	RAP2-9	CACCGACAW	7.86e-2	1.00e0	9.27e2	99	206	206	206	2	13	6.31	6	2.91
146	data/reference/motifs/JASPAR2026_CORE_plants_non-redundant_pfms_meme.txt	MA1070.3	TGA7	ATGACGTCAB	4.57e-2	1.00e0	9.27e2	178	206	206	206	3	25	12.14	14	6.80
147	data/reference/motifs/JASPAR2026_CORE_plants_non-redundant_pfms_meme.txt	MA1430.2	TB1	GGSCCCCCC	7.83e-2	1.00e0	9.27e2	104	206	206	206	2	22	10.68	13	6.31
148	data/reference/motifs/JASPAR2026_CORE_plants_non-redundant_pfms_meme.txt	MA2449.1	SPL6A	GCGGTAGTACC	4.56e-2	1.00e0	9.27e2	180	206	206	206	1	99	48.06	81	39.32
149	data/reference/motifs/JASPAR2026_CORE_plants_non-redundant_pfms_meme.txt	MA1057.2	SPL12	GTACGG	2.00e-2	1.00e0	9.27e2	411	206	206	206	7	155	75.24	135	65.53
150	data/reference/motifs/JASPAR2026_CORE_plants_non-redundant_pfms_meme.txt	MA1181.2	MYB113	AKTYMGTTAT	2.05e-2	1.00e0	9.27e2	402	206	206	206	2	190	92.23	176	85.44
151	data/reference/motifs/JASPAR2026_CORE_plants_non-redundant_pfms_meme.txt	MA2659.1	GLYMA-08G281200	YTTGACTAATTAGGGTTWAKKGDT	3.28e-1	1.00e0	9.27e2	21	206	206	206	1	12	5.83	9	4.37
152	data/reference/motifs/JASPAR2026_CORE_plants_non-redundant_pfms_meme.txt	MA2006.2	NAC020	GGTTGCKTGTDNMACAAGTAA	1.97e-1	1.00e0	9.27e2	38	206	206	206	1	22	10.68	16	7.77
153	data/reference/motifs/JASPAR2026_CORE_plants_non-redundant_pfms_meme.txt	MA2611.1	ereb209	GCGCCGC	8.14e-1	1.00e0	9.27e2	5	206	206	206	1	2	0.97	3	1.46
154	data/reference/motifs/JASPAR2026_CORE_plants_non-redundant_pfms_meme.txt	MA1706.2	AT1G14600	WAYATTCT	2.07e-2	1.00e0	9.27e2	412	206	206	206	44	22	10.68	10	4.85
155	data/reference/motifs/JASPAR2026_CORE_plants_non-redundant_pfms_meme.txt	MA1416.1	RAMOSA1	GAGAGAGAGAGAGA	7.00e-2	1.00e0	9.27e2	122	206	206	206	13	9	4.37	3	1.46
156	data/reference/motifs/JASPAR2026_CORE_plants_non-redundant_pfms_meme.txt	MA2056.1	PK01144.1	CTTT	2.09e-2	1.00e0	9.27e2	412	206	206	206	100	186	90.29	171	83.01
157	data/reference/motifs/JASPAR2026_CORE_plants_non-redundant_pfms_meme.txt	MA1097.1	ARALYDRAFT_493022	GGSMCCAC	5.00e-2	1.00e0	9.27e2	173	206	206	206	2	38	18.45	25	12.14
158	data/reference/motifs/JASPAR2026_CORE_plants_non-redundant_pfms_meme.txt	MA1051.1	RAP2-3	GCGCCGCC	3.25e-2	1.00e0	9.27e2	269	206	206	206	3	69	33.50	51	24.76
159	data/reference/motifs/JASPAR2026_CORE_plants_non-redundant_pfms_meme.txt	MA1749.1	E2FC	AWDWWGGCGCCAAAA	2.49e-1	1.00e0	9.27e2	31	206	206	206	2	2	0.97	0	0.00
160	data/reference/motifs/JASPAR2026_CORE_plants_non-redundant_pfms_meme.txt	MA2648.1	GLYMA-19G146000	AAGGTACAC	2.27e-2	1.00e0	9.27e2	393	206	206	206	3	131	63.59	110	53.40
161	data/reference/motifs/JASPAR2026_CORE_plants_non-redundant_pfms_meme.txt	MA0975.1	CRF2	SCGCCGCC	7.52e-2	1.00e0	9.27e2	119	206	206	206	2	27	13.11	17	8.25
162	data/reference/motifs/JASPAR2026_CORE_plants_non-redundant_pfms_meme.txt	MA0550.3	BZR1	CRCACGTGYR	1.53e-1	1.00e0	9.27e2	54	206	206	206	1	31	15.05	23	11.17
163	data/reference/motifs/JASPAR2026_CORE_plants_non-redundant_pfms_meme.txt	MA0967.1	BZIP60	TGACGTCA	2.30e-2	1.00e0	9.27e2	392	206	206	206	4	180	87.38	164	79.61
164	data/reference/motifs/JASPAR2026_CORE_plants_non-redundant_pfms_meme.txt	MA1788.1	NAC054	CTTGTNNHACACGYHAYCT	2.03e-1	1.00e0	9.27e2	40	206	206	206	1	23	11.17	17	8.25
165	data/reference/motifs/JASPAR2026_CORE_plants_non-redundant_pfms_meme.txt	MA1223.2	ERF035	TGTCGGTGG	1.76e-1	1.00e0	9.27e2	47	206	206	206	1	27	13.11	20	9.71
166	data/reference/motifs/JASPAR2026_CORE_plants_non-redundant_pfms_meme.txt	MA1007.1	PHYPADRAFT_173530	TGTCGGTG	8.89e-2	1.00e0	9.27e2	98	206	206	206	2	14	6.80	7	3.40
167	data/reference/motifs/JASPAR2026_CORE_plants_non-redundant_pfms_meme.txt	MA0956.2	BEE2	CACGTG	2.22e-2	1.00e0	9.27e2	411	206	206	206	32	13	6.31	4	1.94
168	data/reference/motifs/JASPAR2026_CORE_plants_non-redundant_pfms_meme.txt	MA0129.1	TGA1A	HACGTCA	2.22e-2	1.00e0	9.27e2	412	206	206	206	3	202	98.06	193	93.69
169	data/reference/motifs/JASPAR2026_CORE_plants_non-redundant_pfms_meme.txt	MA1093.2	WRKY75	RGTCAAC	3.38e-2	1.00e0	9.27e2	274	206	206	206	5	7	3.40	1	0.49
170	data/reference/motifs/JASPAR2026_CORE_plants_non-redundant_pfms_meme.txt	MA1066.1	TCP23	GGGCCCAC	3.94e-2	1.00e0	9.27e2	245	206	206	206	2	81	39.32	63	30.58
171	data/reference/motifs/JASPAR2026_CORE_plants_non-redundant_pfms_meme.txt	MA1068.3	TGA2	ATGACGTCAY	9.82e-2	1.00e0	9.27e2	94	206	206	206	1	53	25.73	41	19.90
172	data/reference/motifs/JASPAR2026_CORE_plants_non-redundant_pfms_meme.txt	MA1170.2	MYB118	RWCCGTTACRWW	6.33e-2	1.00e0	9.27e2	154	206	206	206	1	85	41.26	69	33.50
173	data/reference/motifs/JASPAR2026_CORE_plants_non-redundant_pfms_meme.txt	MA1289.2	TCP3	GGGACCAC	9.00e-2	1.00e0	9.27e2	109	206	206	206	1	61	29.61	48	23.30
174	data/reference/motifs/JASPAR2026_CORE_plants_non-redundant_pfms_meme.txt	MA0564.2	ABI3	GCATGC	2.65e-2	1.00e0	9.27e2	381	206	206	206	12	33	16.02	19	9.22
175	data/reference/motifs/JASPAR2026_CORE_plants_non-redundant_pfms_meme.txt	MA1098.1	ARALYDRAFT_484486	GGSCCCAC	5.25e-2	1.00e0	9.27e2	197	206	206	206	4	8	3.88	2	0.97
176	data/reference/motifs/JASPAR2026_CORE_plants_non-redundant_pfms_meme.txt	MA1095.1	ARALYDRAFT_495258	GGSCCCAC	5.25e-2	1.00e0	9.27e2	197	206	206	206	4	8	3.88	2	0.97
177	data/reference/motifs/JASPAR2026_CORE_plants_non-redundant_pfms_meme.txt	MA2033.2	NAC038	TTDCKTGTDNHACAAGTWA	1.85e-1	1.00e0	9.27e2	51	206	206	206	1	29	14.08	22	10.68
178	data/reference/motifs/JASPAR2026_CORE_plants_non-redundant_pfms_meme.txt	MA0962.2	bHLH34	GCACGTG	3.99e-2	1.00e0	9.27e2	266	206	206	206	2	82	39.81	64	31.07
179	data/reference/motifs/JASPAR2026_CORE_plants_non-redundant_pfms_meme.txt	MA0992.3	ERF4	CCGCCGYCA	5.74e-2	1.00e0	9.27e2	185	206	206	206	2	50	24.27	36	17.48
180	data/reference/motifs/JASPAR2026_CORE_plants_non-redundant_pfms_meme.txt	MA0567.1	ERF1B	MGCCGCCA	4.54e-2	1.00e0	9.27e2	234	206	206	206	1	126	61.17	108	52.43
181	data/reference/motifs/JASPAR2026_CORE_plants_non-redundant_pfms_meme.txt	MA2005.2	NAC016	TVCKTGWBCYNCAMG	1.24e-1	1.00e0	9.27e2	81	206	206	206	3	3	1.46	0	0.00
182	data/reference/motifs/JASPAR2026_CORE_plants_non-redundant_pfms_meme.txt	MA1023.1	PHYPADRAFT_28324	KGTCGGTG	1.64e-1	1.00e0	9.27e2	60	206	206	206	1	34	16.50	26	12.62
183	data/reference/motifs/JASPAR2026_CORE_plants_non-redundant_pfms_meme.txt	MA1758.2	HSFA1E	AGAAGCTTCTAGAA	9.37e-2	1.00e0	9.27e2	115	206	206	206	1	64	31.07	51	24.76
184	data/reference/motifs/JASPAR2026_CORE_plants_non-redundant_pfms_meme.txt	MA2672.1	GLYMA-01G233000	AGAASCTTCT	3.33e-2	1.00e0	9.27e2	325	206	206	206	4	59	28.64	42	20.39
185	data/reference/motifs/JASPAR2026_CORE_plants_non-redundant_pfms_meme.txt	MA1678.3	NTL8	GAAGAAAC	2.64e-2	1.00e0	9.27e2	411	206	206	206	7	139	67.48	119	57.77
186	data/reference/motifs/JASPAR2026_CORE_plants_non-redundant_pfms_meme.txt	MA2400.1	LjTCP20	GGGACCAY	5.69e-2	1.00e0	9.27e2	191	206	206	206	1	104	50.49	87	42.23
187	data/reference/motifs/JASPAR2026_CORE_plants_non-redundant_pfms_meme.txt	MA0945.2	ARR1	RDATCT	2.65e-2	1.00e0	9.27e2	412	206	206	206	28	187	90.78	173	83.98
188	data/reference/motifs/JASPAR2026_CORE_plants_non-redundant_pfms_meme.txt	MA0966.2	BIM3	CACGTG	2.69e-2	1.00e0	9.27e2	408	206	206	206	22	24	11.65	12	5.83
189	data/reference/motifs/JASPAR2026_CORE_plants_non-redundant_pfms_meme.txt	MA2073.1	PK16340.1	CKTT	2.66e-2	1.00e0	9.27e2	412	206	206	206	67	203	98.54	195	94.66
190	data/reference/motifs/JASPAR2026_CORE_plants_non-redundant_pfms_meme.txt	MA1266.2	RAP2-11	YCDYCGCCGGC	8.60e-2	1.00e0	9.27e2	128	206	206	206	3	10	4.85	4	1.94
191	data/reference/motifs/JASPAR2026_CORE_plants_non-redundant_pfms_meme.txt	MA1360.3	bHLH74	CACGTG	4.57e-2	1.00e0	9.27e2	243	206	206	206	5	25	12.14	14	6.80
192	data/reference/motifs/JASPAR2026_CORE_plants_non-redundant_pfms_meme.txt	MA1241.2	ERF043	CCACCGACA	1.67e-1	1.00e0	9.27e2	62	206	206	206	1	35	16.99	27	13.11
193	data/reference/motifs/JASPAR2026_CORE_plants_non-redundant_pfms_meme.txt	MA2068.1	PK10344.1	GGGACCAC	1.30e-1	1.00e0	9.27e2	83	206	206	206	2	9	4.37	4	1.94
194	data/reference/motifs/JASPAR2026_CORE_plants_non-redundant_pfms_meme.txt	MA1738.1	ATMYB31	YAMCTMCCAACHAMH	3.42e-2	1.00e0	9.27e2	344	206	206	206	4	60	29.13	43	20.87
195	data/reference/motifs/JASPAR2026_CORE_plants_non-redundant_pfms_meme.txt	MA2371.1	MYB31	YAMCTMCCAACHAMH	3.42e-2	1.00e0	9.27e2	344	206	206	206	4	60	29.13	43	20.87
196	data/reference/motifs/JASPAR2026_CORE_plants_non-redundant_pfms_meme.txt	MA2615.1	ereb109	CGCCGCC	5.00e-1	1.00e0	9.27e2	17	206	206	206	2	1	0.49	0	0.00
197	data/reference/motifs/JASPAR2026_CORE_plants_non-redundant_pfms_meme.txt	MA1018.2	GATA9	AGATCT	3.67e-2	1.00e0	9.27e2	322	206	206	206	1	169	82.04	153	74.27
198	data/reference/motifs/JASPAR2026_CORE_plants_non-redundant_pfms_meme.txt	MA0021.1	Dof3	AAAGYV	2.88e-2	1.00e0	9.27e2	411	206	206	206	7	76	36.89	57	27.67
199	data/reference/motifs/JASPAR2026_CORE_plants_non-redundant_pfms_meme.txt	MA2081.1	PK20317.1	CKTTW	2.88e-2	1.00e0	9.27e2	412	206	206	206	46	201	97.57	192	93.20
200	data/reference/motifs/JASPAR2026_CORE_plants_non-redundant_pfms_meme.txt	MA0998.2	ERF096	GCCGCC	3.05e-2	1.00e0	9.27e2	389	206	206	206	26	5	2.43	0	0.00
201	data/reference/motifs/JASPAR2026_CORE_plants_non-redundant_pfms_meme.txt	MA1427.3	NAC028	CAAGTAA	2.90e-2	1.00e0	9.27e2	412	206	206	206	11	97	47.09	77	37.38
202	data/reference/motifs/JASPAR2026_CORE_plants_non-redundant_pfms_meme.txt	MA1199.1	AGL16	TTTCCWTTTTDGGWA	4.93e-2	1.00e0	9.27e2	243	206	206	206	2	54	26.21	39	18.93
203	data/reference/motifs/JASPAR2026_CORE_plants_non-redundant_pfms_meme.txt	MA1053.1	ERF109	GCGCCGCC	6.78e-2	1.00e0	9.27e2	178	206	206	206	1	97	47.09	81	39.32
204	data/reference/motifs/JASPAR2026_CORE_plants_non-redundant_pfms_meme.txt	MA2653.1	GLYMA-03G042700	GTTTGACTTT	3.05e-2	1.00e0	9.27e2	396	206	206	206	10	5	2.43	0	0.00
205	data/reference/motifs/JASPAR2026_CORE_plants_non-redundant_pfms_meme.txt	MA2351.1	OsEIL3	AGRTACAT	3.05e-2	1.00e0	9.27e2	402	206	206	206	10	5	2.43	0	0.00
206	data/reference/motifs/JASPAR2026_CORE_plants_non-redundant_pfms_meme.txt	MA1263.2	ERF055	KGKCGGTGG	7.93e-2	1.00e0	9.27e2	155	206	206	206	2	28	13.59	18	8.74
207	data/reference/motifs/JASPAR2026_CORE_plants_non-redundant_pfms_meme.txt	MA2046.2	NAC035	CACGGCA	3.10e-2	1.00e0	9.27e2	404	206	206	206	12	9	4.37	2	0.97
208	data/reference/motifs/JASPAR2026_CORE_plants_non-redundant_pfms_meme.txt	MA2380.1	DOF4.7	TWACTTTTT	3.05e-2	1.00e0	9.27e2	411	206	206	206	17	5	2.43	0	0.00
209	data/reference/motifs/JASPAR2026_CORE_plants_non-redundant_pfms_meme.txt	MA0563.2	SEP3	CYWTTTTTGG	3.05e-2	1.00e0	9.27e2	412	206	206	206	21	5	2.43	0	0.00
210	data/reference/motifs/JASPAR2026_CORE_plants_non-redundant_pfms_meme.txt	MA1330.2	ZHD6	AAWHRTAATTAA	3.10e-2	1.00e0	9.27e2	408	206	206	206	16	9	4.37	2	0.97
211	data/reference/motifs/JASPAR2026_CORE_plants_non-redundant_pfms_meme.txt	MA1045.2	NAC043	TWACGTAA	3.19e-2	1.00e0	9.27e2	397	206	206	206	2	173	83.98	157	76.21
212	data/reference/motifs/JASPAR2026_CORE_plants_non-redundant_pfms_meme.txt	MA1222.1	ERF014	CCDCCDCCACCGMCA	1.26e-1	1.00e0	9.27e2	101	206	206	206	1	56	27.18	45	21.84
213	data/reference/motifs/JASPAR2026_CORE_plants_non-redundant_pfms_meme.txt	MA2355.1	PK06791.1	GTACGG	3.14e-2	1.00e0	9.27e2	409	206	206	206	6	166	80.58	149	72.33
214	data/reference/motifs/JASPAR2026_CORE_plants_non-redundant_pfms_meme.txt	MA0574.1	MYB15	CRACGGTAGGTGG	3.01e-1	1.00e0	9.27e2	36	206	206	206	1	20	9.71	16	7.77
215	data/reference/motifs/JASPAR2026_CORE_plants_non-redundant_pfms_meme.txt	MA1243.2	DREB2E	MACCGACWTW	1.26e-1	1.00e0	9.27e2	97	206	206	206	2	13	6.31	7	3.40
216	data/reference/motifs/JASPAR2026_CORE_plants_non-redundant_pfms_meme.txt	MA0568.2	MYC3	CACGTG	3.42e-2	1.00e0	9.27e2	383	206	206	206	6	136	66.02	117	56.80
217	data/reference/motifs/JASPAR2026_CORE_plants_non-redundant_pfms_meme.txt	MA1321.2	SPL13A	TGTACGGA	4.99e-2	1.00e0	9.27e2	265	206	206	206	1	141	68.45	124	60.19
218	data/reference/motifs/JASPAR2026_CORE_plants_non-redundant_pfms_meme.txt	MA2017.2	JUB1	ACGGCGA	4.36e-2	1.00e0	9.27e2	304	206	206	206	8	10	4.85	3	1.46
219	data/reference/motifs/JASPAR2026_CORE_plants_non-redundant_pfms_meme.txt	MA2358.1	PK22320.1	GTACGG	3.33e-2	1.00e0	9.27e2	403	206	206	206	4	164	79.61	147	71.36
220	data/reference/motifs/JASPAR2026_CORE_plants_non-redundant_pfms_meme.txt	MA2057.1	PK01630.1	GCACGTG	3.54e-2	1.00e0	9.27e2	381	206	206	206	12	15	7.28	6	2.91
221	data/reference/motifs/JASPAR2026_CORE_plants_non-redundant_pfms_meme.txt	MA1677.2	NAC078	CAAGAAA	3.32e-2	1.00e0	9.27e2	411	206	206	206	12	18	8.74	8	3.88
222	data/reference/motifs/JASPAR2026_CORE_plants_non-redundant_pfms_meme.txt	MA1424.2	ERF019	CCACCGACA	1.16e-1	1.00e0	9.27e2	118	206	206	206	2	17	8.25	10	4.85
223	data/reference/motifs/JASPAR2026_CORE_plants_non-redundant_pfms_meme.txt	MA1036.1	MYB111	GKTAGGTR	3.38e-2	1.00e0	9.27e2	405	206	206	206	6	88	42.72	69	33.50
224	data/reference/motifs/JASPAR2026_CORE_plants_non-redundant_pfms_meme.txt	MA1008.2	PHYPADRAFT_182268	GTCGGTG	2.03e-1	1.00e0	9.27e2	61	206	206	206	1	34	16.50	27	13.11
225	data/reference/motifs/JASPAR2026_CORE_plants_non-redundant_pfms_meme.txt	MA2386.1	estExt_gwp_gw1.C_550163	CACCGAC	2.03e-1	1.00e0	9.27e2	61	206	206	206	1	34	16.50	27	13.11
226	data/reference/motifs/JASPAR2026_CORE_plants_non-redundant_pfms_meme.txt	MA2733.1	Sl-ERF_F_4	GCMGCMGCCGCCGCCGYCR	3.05e-1	1.00e0	9.27e2	38	206	206	206	1	21	10.19	17	8.25
227	data/reference/motifs/JASPAR2026_CORE_plants_non-redundant_pfms_meme.txt	MA2079.1	PK19717.1	GGGSCCCMC	4.64e-2	1.00e0	9.27e2	298	206	206	206	2	120	58.25	102	49.51
228	data/reference/motifs/JASPAR2026_CORE_plants_non-redundant_pfms_meme.txt	MA1821.2	Zm00001d020595	GGCGGCGGCG	7.51e-1	1.00e0	9.27e2	10	206	206	206	2	1	0.49	1	0.49
229	data/reference/motifs/JASPAR2026_CORE_plants_non-redundant_pfms_meme.txt	MA2037.2	NAC096	CAAGTAA	3.38e-2	1.00e0	9.27e2	412	206	206	206	3	205	99.51	199	96.60
230	data/reference/motifs/JASPAR2026_CORE_plants_non-redundant_pfms_meme.txt	MA0556.2	AP3	CCAAAARWRGAAA	3.67e-2	1.00e0	9.27e2	382	206	206	206	5	53	25.73	37	17.96
231	data/reference/motifs/JASPAR2026_CORE_plants_non-redundant_pfms_meme.txt	MA2723.1	Solyc06g060230	ACACGTCTCT	3.61e-2	1.00e0	9.27e2	389	206	206	206	3	129	62.62	110	53.40
232	data/reference/motifs/JASPAR2026_CORE_plants_non-redundant_pfms_meme.txt	MA0566.2	MYC2	AACACGTGA	3.83e-2	1.00e0	9.27e2	369	206	206	206	8	33	16.02	20	9.71
233	data/reference/motifs/JASPAR2026_CORE_plants_non-redundant_pfms_meme.txt	MA2712.1	eil1	TCTAGATACATTGAATCT	1.43e-1	1.00e0	9.27e2	92	206	206	206	1	51	24.76	41	19.90
234	data/reference/motifs/JASPAR2026_CORE_plants_non-redundant_pfms_meme.txt	MA2421.1	SBP8	ARGTACAA	3.67e-2	1.00e0	9.27e2	394	206	206	206	6	53	25.73	37	17.96
235	data/reference/motifs/JASPAR2026_CORE_plants_non-redundant_pfms_meme.txt	MA1206.2	ARF2	SMGACA	3.54e-2	1.00e0	9.27e2	409	206	206	206	3	200	97.09	191	92.72
236	data/reference/motifs/JASPAR2026_CORE_plants_non-redundant_pfms_meme.txt	MA0940.1	AP1	MYAAAAAWRGAAA	3.54e-2	1.00e0	9.27e2	412	206	206	206	6	200	97.09	191	92.72
237	data/reference/motifs/JASPAR2026_CORE_plants_non-redundant_pfms_meme.txt	MA2088.1	PK24580.1	GCCGGCA	2.49e-1	1.00e0	9.27e2	51	206	206	206	5	2	0.97	0	0.00
238	data/reference/motifs/JASPAR2026_CORE_plants_non-redundant_pfms_meme.txt	MA2349.1	OsCCA1	AATATCT	3.56e-2	1.00e0	9.27e2	412	206	206	206	38	12	5.83	4	1.94
239	data/reference/motifs/JASPAR2026_CORE_plants_non-redundant_pfms_meme.txt	MA1333.2	BEH3	YGCACGTGTG	2.56e-1	1.00e0	9.27e2	50	206	206	206	2	13	6.31	9	4.37
240	data/reference/motifs/JASPAR2026_CORE_plants_non-redundant_pfms_meme.txt	MA2048.2	NAC045	GAAGCAAC	3.62e-2	1.00e0	9.27e2	409	206	206	206	5	149	72.33	131	63.59
241	data/reference/motifs/JASPAR2026_CORE_plants_non-redundant_pfms_meme.txt	MA1276.2	DOF3.5	AWAAAGK	3.71e-2	1.00e0	9.27e2	406	206	206	206	6	101	49.03	82	39.81
242	data/reference/motifs/JASPAR2026_CORE_plants_non-redundant_pfms_meme.txt	MA1096.1	ARALYDRAFT_496250	GGGACCAC	1.85e-1	1.00e0	9.27e2	74	206	206	206	1	41	19.90	33	16.02
243	data/reference/motifs/JASPAR2026_CORE_plants_non-redundant_pfms_meme.txt	MA1734.1	AT1G19040	CTTGNDCYBCAAGTWW	2.49e-1	1.00e0	9.27e2	53	206	206	206	3	2	0.97	0	0.00
244	data/reference/motifs/JASPAR2026_CORE_plants_non-redundant_pfms_meme.txt	MA0096.1	bZIP910	MTGACGT	1.47e-1	1.00e0	9.27e2	96	206	206	206	1	53	25.73	43	20.87
245	data/reference/motifs/JASPAR2026_CORE_plants_non-redundant_pfms_meme.txt	MA2667.1	GLYMA-13G236500	ACGACGGCGGAG	9.49e-2	1.00e0	9.27e2	162	206	206	206	1	88	42.72	74	35.92
246	data/reference/motifs/JASPAR2026_CORE_plants_non-redundant_pfms_meme.txt	MA1356.1	TRP2	AACCCTAAACCCTAAACCCTA	8.58e-1	1.00e0	9.27e2	8	206	206	206	1	3	1.46	5	2.43
247	data/reference/motifs/JASPAR2026_CORE_plants_non-redundant_pfms_meme.txt	MA0561.1	PIF4	CACGTGSC	1.51e-1	1.00e0	9.27e2	96	206	206	206	2	22	10.68	15	7.28
248	data/reference/motifs/JASPAR2026_CORE_plants_non-redundant_pfms_meme.txt	MA1687.1	ARF14	CGGGGGACAYGTCGGG	3.13e-1	1.00e0	9.27e2	42	206	206	206	1	23	11.17	19	9.22
249	data/reference/motifs/JASPAR2026_CORE_plants_non-redundant_pfms_meme.txt	MA1034.1	Os05g0497200	CGSCGCCR	2.49e-1	1.00e0	9.27e2	55	206	206	206	4	2	0.97	0	0.00
250	data/reference/motifs/JASPAR2026_CORE_plants_non-redundant_pfms_meme.txt	MA1281.2	DOF5.1	AAAAAGWAAAAARAAAAAR	3.93e-2	1.00e0	9.27e2	404	206	206	206	5	157	76.21	140	67.96
251	data/reference/motifs/JASPAR2026_CORE_plants_non-redundant_pfms_meme.txt	MA2065.1	PK08602.1	CCACCGCC	5.00e-1	1.00e0	9.27e2	23	206	206	206	1	12	5.83	11	5.34
252	data/reference/motifs/JASPAR2026_CORE_plants_non-redundant_pfms_meme.txt	MA2434.1	SPL16A	AGCGGTAGTAC	6.66e-2	1.00e0	9.27e2	242	206	206	206	1	129	62.62	113	54.85
253	data/reference/motifs/JASPAR2026_CORE_plants_non-redundant_pfms_meme.txt	MA0973.2	CDF2	AAAAAGY	3.94e-2	1.00e0	9.27e2	412	206	206	206	26	81	39.32	63	30.58
254	data/reference/motifs/JASPAR2026_CORE_plants_non-redundant_pfms_meme.txt	MA1259.2	ERF023	TGTCGGTGR	1.56e-1	1.00e0	9.27e2	105	206	206	206	2	16	7.77	10	4.85
255	data/reference/motifs/JASPAR2026_CORE_plants_non-redundant_pfms_meme.txt	MA2087.1	PK24205.1	CACGTGKC	1.24e-1	1.00e0	9.27e2	132	206	206	206	4	3	1.46	0	0.00
256	data/reference/motifs/JASPAR2026_CORE_plants_non-redundant_pfms_meme.txt	MA2016.2	GRF6	TCTGACA	9.70e-2	1.00e0	9.27e2	172	206	206	206	1	93	45.15	79	38.35
257	data/reference/motifs/JASPAR2026_CORE_plants_non-redundant_pfms_meme.txt	MA2728.1	SolycHsfC1	RGAAGTTTCTAG	6.37e-2	1.00e0	9.27e2	262	206	206	206	3	30	14.56	19	9.22
258	data/reference/motifs/JASPAR2026_CORE_plants_non-redundant_pfms_meme.txt	MA2364.1	VIT_15s0048g01150	GGGCCCAC	4.77e-2	1.00e0	9.27e2	352	206	206	206	2	145	70.39	128	62.14
259	data/reference/motifs/JASPAR2026_CORE_plants_non-redundant_pfms_meme.txt	MA2651.1	GLYMA-20G154400	GGGCCCCAC	7.10e-2	1.00e0	9.27e2	240	206	206	206	4	26	12.62	16	7.77
260	data/reference/motifs/JASPAR2026_CORE_plants_non-redundant_pfms_meme.txt	MA0977.1	DOF2.5	AWAAAGTG	4.25e-2	1.00e0	9.27e2	412	206	206	206	15	49	23.79	34	16.50
261	data/reference/motifs/JASPAR2026_CORE_plants_non-redundant_pfms_meme.txt	MA1213.3	ZHD3	CAATTATTG	4.45e-2	1.00e0	9.27e2	394	206	206	206	1	201	97.57	193	93.69
262	data/reference/motifs/JASPAR2026_CORE_plants_non-redundant_pfms_meme.txt	MA1384.1	PHL7	AAARGAATATTCY	7.38e-2	1.00e0	9.27e2	241	206	206	206	2	62	30.10	48	23.30
263	data/reference/motifs/JASPAR2026_CORE_plants_non-redundant_pfms_meme.txt	MA0960.1	BHLH104	GGCACGTGCC	4.27e-1	1.00e0	9.27e2	32	206	206	206	2	17	8.25	15	7.28
264	data/reference/motifs/JASPAR2026_CORE_plants_non-redundant_pfms_meme.txt	MA2420.1	SBP6	AAGTACAA	4.40e-2	1.00e0	9.27e2	406	206	206	206	8	50	24.27	35	16.99
265	data/reference/motifs/JASPAR2026_CORE_plants_non-redundant_pfms_meme.txt	MA1799.2	SPL10	GTACGR	4.58e-2	1.00e0	9.27e2	392	206	206	206	4	148	71.84	131	63.59
266	data/reference/motifs/JASPAR2026_CORE_plants_non-redundant_pfms_meme.txt	MA2399.1	LjSGA_053525.1	GGGCCCAC	9.85e-2	1.00e0	9.27e2	183	206	206	206	3	20	9.71	12	5.83
267	data/reference/motifs/JASPAR2026_CORE_plants_non-redundant_pfms_meme.txt	MA1663.3	NAC050	CAAGTAAC	4.40e-2	1.00e0	9.27e2	410	206	206	206	4	171	83.01	156	75.73
268	data/reference/motifs/JASPAR2026_CORE_plants_non-redundant_pfms_meme.txt	MA1790.1	NAC073	CTTSWYBHWCAMGYT	6.37e-2	1.00e0	9.27e2	284	206	206	206	4	30	14.56	19	9.22
269	data/reference/motifs/JASPAR2026_CORE_plants_non-redundant_pfms_meme.txt	MA1400.2	AT1G19000	WWWTGGATAAGRW	6.16e-2	1.00e0	9.27e2	296	206	206	206	6	4	1.94	0	0.00
270	data/reference/motifs/JASPAR2026_CORE_plants_non-redundant_pfms_meme.txt	MA1229.2	ERF034	TGTCGGTGR	1.56e-1	1.00e0	9.27e2	118	206	206	206	2	16	7.77	10	4.85
271	data/reference/motifs/JASPAR2026_CORE_plants_non-redundant_pfms_meme.txt	MA1411.2	TSAR1	GCACGTGC	1.24e-1	1.00e0	9.27e2	149	206	206	206	8	3	1.46	0	0.00
272	data/reference/motifs/JASPAR2026_CORE_plants_non-redundant_pfms_meme.txt	MA1031.2	OJ1581_H09.2	GGGCCC	5.44e-2	1.00e0	9.27e2	341	206	206	206	6	93	45.15	76	36.89
273	data/reference/motifs/JASPAR2026_CORE_plants_non-redundant_pfms_meme.txt	MA1232.2	ERF054	GDCGGYGG	7.43e-2	1.00e0	9.27e2	252	206	206	206	3	41	19.90	29	14.08
274	data/reference/motifs/JASPAR2026_CORE_plants_non-redundant_pfms_meme.txt	MA0577.4	SPL3	TGTACGGA	6.09e-2	1.00e0	9.27e2	308	206	206	206	6	6	2.91	1	0.49
275	data/reference/motifs/JASPAR2026_CORE_plants_non-redundant_pfms_meme.txt	MA1028.1	KAN4	GAATATTC	5.67e-2	1.00e0	9.27e2	334	206	206	206	8	28	13.59	17	8.25
276	data/reference/motifs/JASPAR2026_CORE_plants_non-redundant_pfms_meme.txt	MA2719.1	lat61	CRCACGTGYG	2.51e-1	1.00e0	9.27e2	66	206	206	206	2	36	17.48	30	14.56
277	data/reference/motifs/JASPAR2026_CORE_plants_non-redundant_pfms_meme.txt	MA1389.2	PHL1	AARGAATATTCB	8.14e-2	1.00e0	9.27e2	237	206	206	206	1	126	61.17	111	53.88
278	data/reference/motifs/JASPAR2026_CORE_plants_non-redundant_pfms_meme.txt	MA2734.1	Sl-ERF_F_5	CCGCCGCCGCCRCCRCC	2.51e-1	1.00e0	9.27e2	68	206	206	206	2	22	10.68	17	8.25
279	data/reference/motifs/JASPAR2026_CORE_plants_non-redundant_pfms_meme.txt	MA2038.2	NAC103	CAAGTTA	4.81e-2	1.00e0	9.27e2	412	206	206	206	14	31	15.05	19	9.22
280	data/reference/motifs/JASPAR2026_CORE_plants_non-redundant_pfms_meme.txt	MA0932.1	AHL12	AAWWWWTT	4.82e-2	1.00e0	9.27e2	412	206	206	206	52	195	94.66	185	89.81
281	data/reference/motifs/JASPAR2026_CORE_plants_non-redundant_pfms_meme.txt	MA0097.1	bZIP911	GRTGACGTGGMC	6.89e-1	1.00e0	9.27e2	17	206	206	206	1	8	3.88	9	4.37
282	data/reference/motifs/JASPAR2026_CORE_plants_non-redundant_pfms_meme.txt	MA1331.2	BEH4	YGCACGTGTG	5.00e-1	1.00e0	9.27e2	29	206	206	206	1	15	7.28	14	6.80
283	data/reference/motifs/JASPAR2026_CORE_plants_non-redundant_pfms_meme.txt	MA2423.1	OsbZIP69	GMTGACGTGGCA	2.02e-1	1.00e0	9.27e2	90	206	206	206	1	49	23.79	41	19.90
284	data/reference/motifs/JASPAR2026_CORE_plants_non-redundant_pfms_meme.txt	MA2384.1	estExt_Genewise1.C_2060077	SACGTGK	8.74e-2	1.00e0	9.27e2	233	206	206	206	7	7	3.40	2	0.97
285	data/reference/motifs/JASPAR2026_CORE_plants_non-redundant_pfms_meme.txt	MA2375.1	BMY2	SRCACGTGTGR	2.46e-1	1.00e0	9.27e2	73	206	206	206	2	21	10.19	16	7.77
286	data/reference/motifs/JASPAR2026_CORE_plants_non-redundant_pfms_meme.txt	MA1415.2	REF6	RAAACAGAG	6.16e-2	1.00e0	9.27e2	334	206	206	206	7	4	1.94	0	0.00
287	data/reference/motifs/JASPAR2026_CORE_plants_non-redundant_pfms_meme.txt	MA1835.2	TFLG2-Zm00001d042777	GTACGTAC	6.96e-2	1.00e0	9.27e2	296	206	206	206	6	39	18.93	27	13.11
288	data/reference/motifs/JASPAR2026_CORE_plants_non-redundant_pfms_meme.txt	MA1682.2	TCX3	AAATTCAAATWT	5.08e-2	1.00e0	9.27e2	409	206	206	206	9	46	22.33	32	15.53
289	data/reference/motifs/JASPAR2026_CORE_plants_non-redundant_pfms_meme.txt	MA0963.1	bHLH78	GCACGTGC	1.24e-1	1.00e0	9.27e2	168	206	206	206	8	3	1.46	0	0.00
290	data/reference/motifs/JASPAR2026_CORE_plants_non-redundant_pfms_meme.txt	MA0590.1	LFY	YATTRACCGSCGGTYAATR	5.83e-1	1.00e0	9.27e2	24	206	206	206	2	12	5.83	12	5.83
291	data/reference/motifs/JASPAR2026_CORE_plants_non-redundant_pfms_meme.txt	MA1410.2	StBRC1	GGGSCCM	6.16e-2	1.00e0	9.27e2	342	206	206	206	27	4	1.94	0	0.00
292	data/reference/motifs/JASPAR2026_CORE_plants_non-redundant_pfms_meme.txt	MA0557.2	FHY3	CACGCGCT	7.75e-2	1.00e0	9.27e2	274	206	206	206	5	17	8.25	9	4.37
293	data/reference/motifs/JASPAR2026_CORE_plants_non-redundant_pfms_meme.txt	MA1820.2	Zm00001d024324	CGCCGCCGC	1.33e-1	1.00e0	9.27e2	160	206	206	206	1	86	41.75	74	35.92
294	data/reference/motifs/JASPAR2026_CORE_plants_non-redundant_pfms_meme.txt	MA1084.1	WRKY38	CGTTGACC	5.31e-2	1.00e0	9.27e2	402	206	206	206	3	164	79.61	149	72.33
295	data/reference/motifs/JASPAR2026_CORE_plants_non-redundant_pfms_meme.txt	MA2090.1	PK26523.1	ATTCY	5.25e-2	1.00e0	9.27e2	412	206	206	206	26	204	99.03	198	96.12
296	data/reference/motifs/JASPAR2026_CORE_plants_non-redundant_pfms_meme.txt	MA1230.2	ERF037	YCACCGACA	2.08e-1	1.00e0	9.27e2	93	206	206	206	2	9	4.37	5	2.43
297	data/reference/motifs/JASPAR2026_CORE_plants_non-redundant_pfms_meme.txt	MA2410.1	ZmbZIP54	TGACGTCA	6.33e-2	1.00e0	9.27e2	345	206	206	206	6	85	41.26	69	33.50
298	data/reference/motifs/JASPAR2026_CORE_plants_non-redundant_pfms_meme.txt	MA0549.2	BZR2	RCACGTGKSV	1.97e-1	1.00e0	9.27e2	111	206	206	206	2	22	10.68	16	7.77
299	data/reference/motifs/JASPAR2026_CORE_plants_non-redundant_pfms_meme.txt	MA0997.2	ERF069	GCCG	5.32e-2	1.00e0	9.27e2	412	206	206	206	11	200	97.09	192	93.20
300	data/reference/motifs/JASPAR2026_CORE_plants_non-redundant_pfms_meme.txt	MA1392.3	MYB98	WMCGTTAC	6.64e-2	1.00e0	9.27e2	333	206	206	206	1	173	83.98	160	77.67
301	data/reference/motifs/JASPAR2026_CORE_plants_non-redundant_pfms_meme.txt	MA0555.2	SVP	WWWCCAAAAAWGGAAA	6.94e-2	1.00e0	9.27e2	319	206	206	206	2	106	51.46	90	43.69
302	data/reference/motifs/JASPAR2026_CORE_plants_non-redundant_pfms_meme.txt	MA1374.2	IDD7	ASAAAACGACAAAA	1.05e-1	1.00e0	9.27e2	211	206	206	206	2	45	21.84	34	16.50
303	data/reference/motifs/JASPAR2026_CORE_plants_non-redundant_pfms_meme.txt	MA1168.2	MYR2	RGAATMTT	6.16e-2	1.00e0	9.27e2	361	206	206	206	9	4	1.94	0	0.00
304	data/reference/motifs/JASPAR2026_CORE_plants_non-redundant_pfms_meme.txt	MA1748.2	DREB1F	GCCGAC	6.16e-2	1.00e0	9.27e2	363	206	206	206	15	4	1.94	0	0.00
305	data/reference/motifs/JASPAR2026_CORE_plants_non-redundant_pfms_meme.txt	MA1785.2	NAC018	ACACGYAACY	6.76e-2	1.00e0	9.27e2	331	206	206	206	3	71	34.47	56	27.18
306	data/reference/motifs/JASPAR2026_CORE_plants_non-redundant_pfms_meme.txt	MA0955.2	POPTR_0002s00440g	GTACGG	5.44e-2	1.00e0	9.27e2	412	206	206	206	13	93	45.15	76	36.89
307	data/reference/motifs/JASPAR2026_CORE_plants_non-redundant_pfms_meme.txt	MA1764.2	MYB116	TGCCTAACTT	1.24e-1	1.00e0	9.27e2	181	206	206	206	4	3	1.46	0	0.00
308	data/reference/motifs/JASPAR2026_CORE_plants_non-redundant_pfms_meme.txt	MA2011.2	ERF010	CACCGACA	7.49e-2	1.00e0	9.27e2	300	206	206	206	1	157	76.21	143	69.42
309	data/reference/motifs/JASPAR2026_CORE_plants_non-redundant_pfms_meme.txt	MA1043.2	NAC083	YACGYAA	1.71e-1	1.00e0	9.27e2	132	206	206	206	1	71	34.47	61	29.61
310	data/reference/motifs/JASPAR2026_CORE_plants_non-redundant_pfms_meme.txt	MA2735.1	SlbHLH014	GMCACGTGBC	1.35e-1	1.00e0	9.27e2	168	206	206	206	1	90	43.69	78	37.86
311	data/reference/motifs/JASPAR2026_CORE_plants_non-redundant_pfms_meme.txt	MA2053.2	NAC105	CAAGCAACC	5.68e-2	1.00e0	9.27e2	401	206	206	206	5	103	50.00	86	41.75
312	data/reference/motifs/JASPAR2026_CORE_plants_non-redundant_pfms_meme.txt	MA2736.1	la3	AACACGTG	6.71e-2	1.00e0	9.27e2	340	206	206	206	6	38	18.45	26	12.62
313	data/reference/motifs/JASPAR2026_CORE_plants_non-redundant_pfms_meme.txt	MA2740.1	SlTCP15	GTGGGACCCA	8.74e-2	1.00e0	9.27e2	261	206	206	206	8	7	3.40	2	0.97
314	data/reference/motifs/JASPAR2026_CORE_plants_non-redundant_pfms_meme.txt	MA1661.2	GTL1	GGTTAAAA	5.59e-2	1.00e0	9.27e2	412	206	206	206	3	202	98.06	195	94.66
315	data/reference/motifs/JASPAR2026_CORE_plants_non-redundant_pfms_meme.txt	MA1220.2	TINY	YCACCGACA	1.79e-1	1.00e0	9.27e2	129	206	206	206	2	19	9.22	13	6.31
316	data/reference/motifs/JASPAR2026_CORE_plants_non-redundant_pfms_meme.txt	MA2078.1	PK19363.1	CGCCGCCR	7.96e-2	1.00e0	9.27e2	292	206	206	206	5	35	16.99	24	11.65
317	data/reference/motifs/JASPAR2026_CORE_plants_non-redundant_pfms_meme.txt	MA1814.2	RIN	CTATTTTTGG	5.66e-2	1.00e0	9.27e2	411	206	206	206	13	34	16.50	22	10.68
318	data/reference/motifs/JASPAR2026_CORE_plants_non-redundant_pfms_meme.txt	MA1823.2	Zm00001d027846	AAAGAAAA	5.66e-2	1.00e0	9.27e2	412	206	206	206	25	161	78.16	146	70.87
319	data/reference/motifs/JASPAR2026_CORE_plants_non-redundant_pfms_meme.txt	MA2647.1	GLYMA-12G226000	AAGTACAA	5.68e-2	1.00e0	9.27e2	411	206	206	206	8	120	58.25	103	50.00
320	data/reference/motifs/JASPAR2026_CORE_plants_non-redundant_pfms_meme.txt	MA1753.2	ERF057	CCDCCDCCRCCGCC	2.05e-1	1.00e0	9.27e2	114	206	206	206	3	15	7.28	10	4.85
321	data/reference/motifs/JASPAR2026_CORE_plants_non-redundant_pfms_meme.txt	MA0974.3	CDF3	AAAAAGTG	5.69e-2	1.00e0	9.27e2	411	206	206	206	8	104	50.49	87	42.23
322	data/reference/motifs/JASPAR2026_CORE_plants_non-redundant_pfms_meme.txt	MA1346.2	TGA10	GMTGACGTCA	1.61e-1	1.00e0	9.27e2	147	206	206	206	2	33	16.02	25	12.14
323	data/reference/motifs/JASPAR2026_CORE_plants_non-redundant_pfms_meme.txt	MA1357.2	bHLH80	TGCAAGTKG	1.96e-1	1.00e0	9.27e2	121	206	206	206	2	14	6.80	9	4.37
324	data/reference/motifs/JASPAR2026_CORE_plants_non-redundant_pfms_meme.txt	MA1257.2	ERF9	GGCGGHKRYGGCGGCGGMG	3.36e-1	1.00e0	9.27e2	58	206	206	206	1	31	15.05	27	13.11
325	data/reference/motifs/JASPAR2026_CORE_plants_non-redundant_pfms_meme.txt	MA1050.1	OsI_08196	GGGCCCAC	9.49e-2	1.00e0	9.27e2	250	206	206	206	1	132	64.08	118	57.28
326	data/reference/motifs/JASPAR2026_CORE_plants_non-redundant_pfms_meme.txt	MA2359.1	PK23829.1	TTATCCR	6.67e-2	1.00e0	9.27e2	357	206	206	206	5	25	12.14	15	7.28
327	data/reference/motifs/JASPAR2026_CORE_plants_non-redundant_pfms_meme.txt	MA2415.1	EREB138	CMGCCGCCAT	9.85e-2	1.00e0	9.27e2	242	206	206	206	5	15	7.28	8	3.88
328	data/reference/motifs/JASPAR2026_CORE_plants_non-redundant_pfms_meme.txt	MA1161.1	TSO1	WWTTWAAAATTTAAA	6.17e-2	1.00e0	9.27e2	390	206	206	206	1	199	96.60	191	92.72
329	data/reference/motifs/JASPAR2026_CORE_plants_non-redundant_pfms_meme.txt	MA1776.3	MYB67	TACCTAACA	6.09e-2	1.00e0	9.27e2	397	206	206	206	11	6	2.91	1	0.49
330	data/reference/motifs/JASPAR2026_CORE_plants_non-redundant_pfms_meme.txt	MA2429.1	SPL13D	AGCGGTASTACCGCT	8.90e-1	1.00e0	9.27e2	11	206	206	206	1	4	1.94	7	3.40
331	data/reference/motifs/JASPAR2026_CORE_plants_non-redundant_pfms_meme.txt	MA1791.1	NAC087	TTDCTTGTNNNACACGYWA	4.05e-1	1.00e0	9.27e2	47	206	206	206	2	10	4.85	8	3.88
332	data/reference/motifs/JASPAR2026_CORE_plants_non-redundant_pfms_meme.txt	MA1017.2	GATA8	GATCY	5.93e-2	1.00e0	9.27e2	412	206	206	206	25	183	88.83	171	83.01
333	data/reference/motifs/JASPAR2026_CORE_plants_non-redundant_pfms_meme.txt	MA1088.2	WRKY48	GTCAA	5.99e-2	1.00e0	9.27e2	412	206	206	206	37	158	76.70	143	69.42
334	data/reference/motifs/JASPAR2026_CORE_plants_non-redundant_pfms_meme.txt	MA1388.2	PHL2	VGAATMT	6.16e-2	1.00e0	9.27e2	402	206	206	206	12	4	1.94	0	0.00
335	data/reference/motifs/JASPAR2026_CORE_plants_non-redundant_pfms_meme.txt	MA2402.1	OsERF104	GCCGY	6.09e-2	1.00e0	9.27e2	407	206	206	206	23	6	2.91	1	0.49
336	data/reference/motifs/JASPAR2026_CORE_plants_non-redundant_pfms_meme.txt	MA2089.1	PK25870.1	RGTCAAM	6.09e-2	1.00e0	9.27e2	411	206	206	206	13	6	2.91	1	0.49
337	data/reference/motifs/JASPAR2026_CORE_plants_non-redundant_pfms_meme.txt	MA2725.1	SlWRKY6	AAAGTCAAC	6.16e-2	1.00e0	9.27e2	407	206	206	206	13	4	1.94	0	0.00
338	data/reference/motifs/JASPAR2026_CORE_plants_non-redundant_pfms_meme.txt	MA1755.2	GATA4	GATC	6.09e-2	1.00e0	9.27e2	412	206	206	206	32	205	99.51	200	97.09
339	data/reference/motifs/JASPAR2026_CORE_plants_non-redundant_pfms_meme.txt	MA1267.2	DOF5.8	TTTTTHYTTTTTACTTTTT	6.16e-2	1.00e0	9.27e2	408	206	206	206	1	206	100.00	202	98.06
340	data/reference/motifs/JASPAR2026_CORE_plants_non-redundant_pfms_meme.txt	MA1381.2	AT3G46070	TCACTCT	6.16e-2	1.00e0	9.27e2	408	206	206	206	24	4	1.94	0	0.00
341	data/reference/motifs/JASPAR2026_CORE_plants_non-redundant_pfms_meme.txt	MA1208.2	GT-2	WTTTTTACCGY	6.20e-2	1.00e0	9.27e2	409	206	206	206	9	36	17.48	24	11.65
342	data/reference/motifs/JASPAR2026_CORE_plants_non-redundant_pfms_meme.txt	MA1071.2	DOF5.3	AAMG	6.16e-2	1.00e0	9.27e2	412	206	206	206	117	206	100.00	202	98.06
343	data/reference/motifs/JASPAR2026_CORE_plants_non-redundant_pfms_meme.txt	MA2461.1	WOX13	TTGATTGA	6.17e-2	1.00e0	9.27e2	412	206	206	206	15	15	7.28	7	3.40
344	data/reference/motifs/JASPAR2026_CORE_plants_non-redundant_pfms_meme.txt	MA0958.1	BHLH13	RCACGTGC	1.08e-1	1.00e0	9.27e2	237	206	206	206	9	5	2.43	1	0.49
345	data/reference/motifs/JASPAR2026_CORE_plants_non-redundant_pfms_meme.txt	MA2711.1	SolycHsfB2b	TTCTAGAA	1.42e-1	1.00e0	9.27e2	180	206	206	206	4	6	2.91	2	0.97
346	data/reference/motifs/JASPAR2026_CORE_plants_non-redundant_pfms_meme.txt	MA2731.1	sep3	WTTTCCAAAAAGGGAAAAAAW	3.84e-1	1.00e0	9.27e2	53	206	206	206	1	28	13.59	25	12.14
347	data/reference/motifs/JASPAR2026_CORE_plants_non-redundant_pfms_meme.txt	MA1817.2	Zm00001d020267	CGCCGCCGCC	1.61e-1	1.00e0	9.27e2	161	206	206	206	3	33	16.02	25	12.14
348	data/reference/motifs/JASPAR2026_CORE_plants_non-redundant_pfms_meme.txt	MA1256.2	RAP2-12	DRYGGCGGCGG	2.49e-1	1.00e0	9.27e2	105	206	206	206	1	56	27.18	49	23.79
349	data/reference/motifs/JASPAR2026_CORE_plants_non-redundant_pfms_meme.txt	MA2480.1	GLYMA-04G093300	CTAATC	6.96e-2	1.00e0	9.27e2	377	206	206	206	3	112	54.37	96	46.60
350	data/reference/motifs/JASPAR2026_CORE_plants_non-redundant_pfms_meme.txt	MA2666.1	GLYMA-12G117000	GGMGGCGGYGGCGGMGG	2.91e-1	1.00e0	9.27e2	77	206	206	206	3	18	8.74	14	6.80
351	data/reference/motifs/JASPAR2026_CORE_plants_non-redundant_pfms_meme.txt	MA0935.1	NAC025	YACGTAAY	1.08e-1	1.00e0	9.27e2	246	206	206	206	5	5	2.43	1	0.49
352	data/reference/motifs/JASPAR2026_CORE_plants_non-redundant_pfms_meme.txt	MA1280.2	DOF5.4	AAAAAGK	6.45e-2	1.00e0	9.27e2	412	206	206	206	12	45	21.84	32	15.53
353	data/reference/motifs/JASPAR2026_CORE_plants_non-redundant_pfms_meme.txt	MA1736.2	AT5G04390	TCACT	6.46e-2	1.00e0	9.27e2	412	206	206	206	13	37	17.96	25	12.14
354	data/reference/motifs/JASPAR2026_CORE_plants_non-redundant_pfms_meme.txt	MA1801.2	TREE1	AGCTD	6.49e-2	1.00e0	9.27e2	412	206	206	206	32	153	74.27	138	66.99
355	data/reference/motifs/JASPAR2026_CORE_plants_non-redundant_pfms_meme.txt	MA2370.1	MBD2	AGCTD	6.49e-2	1.00e0	9.27e2	412	206	206	206	32	153	74.27	138	66.99
356	data/reference/motifs/JASPAR2026_CORE_plants_non-redundant_pfms_meme.txt	MA0941.2	ABF2	ACACGTG	6.76e-2	1.00e0	9.27e2	399	206	206	206	14	12	5.83	5	2.43
357	data/reference/motifs/JASPAR2026_CORE_plants_non-redundant_pfms_meme.txt	MA1834.2	Zm00001d034298	CCACGCG	6.96e-2	1.00e0	9.27e2	389	206	206	206	2	179	86.89	167	81.07
358	data/reference/motifs/JASPAR2026_CORE_plants_non-redundant_pfms_meme.txt	MA2080.1	PK20225.1	CACGTG	6.70e-2	1.00e0	9.27e2	411	206	206	206	20	31	15.05	20	9.71
359	data/reference/motifs/JASPAR2026_CORE_plants_non-redundant_pfms_meme.txt	MA2709.1	SolycHsfA2	TTCTAGAAKMTTCTA	2.01e-1	1.00e0	9.27e2	137	206	206	206	1	73	35.44	64	31.07
360	data/reference/motifs/JASPAR2026_CORE_plants_non-redundant_pfms_meme.txt	MA2009.2	NAC010	TAACTTGTDNHACAAGTTACC	5.00e-1	1.00e0	9.27e2	40	206	206	206	2	10	4.85	9	4.37
361	data/reference/motifs/JASPAR2026_CORE_plants_non-redundant_pfms_meme.txt	MA2382.1	e_gw1.209.40.1	CACGTG	7.03e-2	1.00e0	9.27e2	395	206	206	206	14	32	15.53	21	10.19
362	data/reference/motifs/JASPAR2026_CORE_plants_non-redundant_pfms_meme.txt	MA1364.2	BHLH72	GCCACGTGG	1.79e-1	1.00e0	9.27e2	155	206	206	206	2	39	18.93	31	15.05
363	data/reference/motifs/JASPAR2026_CORE_plants_non-redundant_pfms_meme.txt	MA2655.1	GLYMA-08G218600	AAAAGTCAA	6.76e-2	1.00e0	9.27e2	412	206	206	206	3	201	97.57	194	94.17
364	data/reference/motifs/JASPAR2026_CORE_plants_non-redundant_pfms_meme.txt	MA1816.2	O11	CACGTG	1.10e-1	1.00e0	9.27e2	254	206	206	206	8	8	3.88	3	1.46
365	data/reference/motifs/JASPAR2026_CORE_plants_non-redundant_pfms_meme.txt	MA1075.1	WRKY12	CGTTGACC	7.00e-2	1.00e0	9.27e2	400	206	206	206	1	203	98.54	197	95.63
366	data/reference/motifs/JASPAR2026_CORE_plants_non-redundant_pfms_meme.txt	MA1265.3	ERF015	CACCGACA	1.08e-1	1.00e0	9.27e2	261	206	206	206	7	5	2.43	1	0.49
367	data/reference/motifs/JASPAR2026_CORE_plants_non-redundant_pfms_meme.txt	MA1250.2	DREB2D	CCDCCDCCACCGCC	1.85e-1	1.00e0	9.27e2	152	206	206	206	3	20	9.71	14	6.80
368	data/reference/motifs/JASPAR2026_CORE_plants_non-redundant_pfms_meme.txt	MA1305.2	WRKY55	CGTTGACTT	1.01e-1	1.00e0	9.27e2	281	206	206	206	4	11	5.34	5	2.43
369	data/reference/motifs/JASPAR2026_CORE_plants_non-redundant_pfms_meme.txt	MA1293.2	MYB57	TACCTAACTT	2.49e-1	1.00e0	9.27e2	99	206	206	206	3	2	0.97	0	0.00
370	data/reference/motifs/JASPAR2026_CORE_plants_non-redundant_pfms_meme.txt	MA2762.1	myb53	AGTTAGGCAC	8.74e-2	1.00e0	9.27e2	325	206	206	206	6	7	3.40	2	0.97
371	data/reference/motifs/JASPAR2026_CORE_plants_non-redundant_pfms_meme.txt	MA2721.1	Sl-ERF_C_6	YCGCCGCCGCCRCCRCCGCC	5.00e-1	1.00e0	9.27e2	41	206	206	206	1	21	10.19	20	9.71
372	data/reference/motifs/JASPAR2026_CORE_plants_non-redundant_pfms_meme.txt	MA2023.2	PHL4	RGAATATTCC	1.46e-1	1.00e0	9.27e2	195	206	206	206	4	15	7.28	9	4.37
373	data/reference/motifs/JASPAR2026_CORE_plants_non-redundant_pfms_meme.txt	MA0569.2	MYC4	CACGTGC	1.00e-1	1.00e0	9.27e2	286	206	206	206	2	108	52.43	94	45.63
374	data/reference/motifs/JASPAR2026_CORE_plants_non-redundant_pfms_meme.txt	MA0965.3	BIM2	CACGTG	9.37e-2	1.00e0	9.27e2	306	206	206	206	8	25	12.14	16	7.77
375	data/reference/motifs/JASPAR2026_CORE_plants_non-redundant_pfms_meme.txt	MA0989.2	PHYPADRAFT_153324	WAAAG	6.98e-2	1.00e0	9.27e2	412	206	206	206	73	198	96.12	190	92.23
376	data/reference/motifs/JASPAR2026_CORE_plants_non-redundant_pfms_meme.txt	MA2383.1	e_gw1.392.16.1	CTTTW	6.98e-2	1.00e0	9.27e2	412	206	206	206	73	198	96.12	190	92.23
377	data/reference/motifs/JASPAR2026_CORE_plants_non-redundant_pfms_meme.txt	MA2614.1	ereb198	SCGCCGCCGCCR	3.45e-1	1.00e0	9.27e2	68	206	206	206	1	36	17.48	32	15.53
378	data/reference/motifs/JASPAR2026_CORE_plants_non-redundant_pfms_meme.txt	MA2451.1	SPL7B	AGCGGTASTACCGCT	8.54e-1	1.00e0	9.27e2	15	206	206	206	1	6	2.91	9	4.37
379	data/reference/motifs/JASPAR2026_CORE_plants_non-redundant_pfms_meme.txt	MA1270.2	DOF3.2	TWACTTTTTNNYTTTT	7.10e-2	1.00e0	9.27e2	406	206	206	206	9	26	12.62	16	7.77
380	data/reference/motifs/JASPAR2026_CORE_plants_non-redundant_pfms_meme.txt	MA1016.2	GATA15	GATC	7.00e-2	1.00e0	9.27e2	412	206	206	206	52	147	71.36	132	64.08
381	data/reference/motifs/JASPAR2026_CORE_plants_non-redundant_pfms_meme.txt	MA1022.2	PHYPADRAFT_38837	AAAG	7.00e-2	1.00e0	9.27e2	412	206	206	206	60	203	98.54	197	95.63
382	data/reference/motifs/JASPAR2026_CORE_plants_non-redundant_pfms_meme.txt	MA0981.2	DOF1.8	AAAG	7.00e-2	1.00e0	9.27e2	412	206	206	206	60	203	98.54	197	95.63
383	data/reference/motifs/JASPAR2026_CORE_plants_non-redundant_pfms_meme.txt	MA2394.1	PpDof6	CTTT	7.00e-2	1.00e0	9.27e2	412	206	206	206	60	203	98.54	197	95.63
384	data/reference/motifs/JASPAR2026_CORE_plants_non-redundant_pfms_meme.txt	MA2658.1	GLYMA-19G094100	ATTGACTTW	7.20e-2	1.00e0	9.27e2	405	206	206	206	3	178	86.41	166	80.58
385	data/reference/motifs/JASPAR2026_CORE_plants_non-redundant_pfms_meme.txt	MA1240.2	ERF077	CCGCCGCCRY	1.96e-1	1.00e0	9.27e2	151	206	206	206	3	14	6.80	9	4.37
386	data/reference/motifs/JASPAR2026_CORE_plants_non-redundant_pfms_meme.txt	MA2608.1	glk53	AAGGAATATTCTTT	8.74e-2	1.00e0	9.27e2	339	206	206	206	8	7	3.40	2	0.97
387	data/reference/motifs/JASPAR2026_CORE_plants_non-redundant_pfms_meme.txt	MA1417.2	O2	TGCCACGTCATC	2.29e-1	1.00e0	9.27e2	130	206	206	206	1	69	33.50	61	29.61
388	data/reference/motifs/JASPAR2026_CORE_plants_non-redundant_pfms_meme.txt	MA0584.2	SEP1	CCAWAWWTRGWAA	9.85e-2	1.00e0	9.27e2	306	206	206	206	5	26	12.62	17	8.25
389	data/reference/motifs/JASPAR2026_CORE_plants_non-redundant_pfms_meme.txt	MA1337.2	BZIP44	WGCTGACGTGGCA	4.41e-1	1.00e0	9.27e2	52	206	206	206	1	27	13.11	25	12.14
390	data/reference/motifs/JASPAR2026_CORE_plants_non-redundant_pfms_meme.txt	MA1004.2	ERF13	SGCCGCC	1.46e-1	1.00e0	9.27e2	209	206	206	206	7	10	4.85	5	2.43
391	data/reference/motifs/JASPAR2026_CORE_plants_non-redundant_pfms_meme.txt	MA2639.1	FUL::SOC1	TTCCATTTTTGG	7.52e-2	1.00e0	9.27e2	407	206	206	206	8	27	13.11	17	8.25
392	data/reference/motifs/JASPAR2026_CORE_plants_non-redundant_pfms_meme.txt	MA2343.1	MYB3R3	CGCCGTTA	7.77e-2	1.00e0	9.27e2	394	206	206	206	4	135	65.53	120	58.25
393	data/reference/motifs/JASPAR2026_CORE_plants_non-redundant_pfms_meme.txt	MA2649.1	GLYMA-08G271900	TGCACATG	7.60e-2	1.00e0	9.27e2	404	206	206	206	8	64	31.07	50	24.27
394	data/reference/motifs/JASPAR2026_CORE_plants_non-redundant_pfms_meme.txt	MA2714.1	APETALA2a	ATTACCTCGTACYA	2.72e-1	1.00e0	9.27e2	98	206	206	206	2	7	3.40	4	1.94
395	data/reference/motifs/JASPAR2026_CORE_plants_non-redundant_pfms_meme.txt	MA2472.1	AT3G12910	YGSCGTVRWDDHBACGK	5.00e-1	1.00e0	9.27e2	45	206	206	206	2	4	1.94	3	1.46
396	data/reference/motifs/JASPAR2026_CORE_plants_non-redundant_pfms_meme.txt	MA2460.1	MGH6.1	YGSCGTVRWDDHBACGK	5.00e-1	1.00e0	9.27e2	45	206	206	206	2	4	1.94	3	1.46
397	data/reference/motifs/JASPAR2026_CORE_plants_non-redundant_pfms_meme.txt	MA1244.2	ABR1	DTKGCGGCGGMG	2.58e-1	1.00e0	9.27e2	121	206	206	206	1	64	31.07	57	27.67
398	data/reference/motifs/JASPAR2026_CORE_plants_non-redundant_pfms_meme.txt	MA0983.2	DOF5.6	AAMG	7.60e-2	1.00e0	9.27e2	412	206	206	206	45	64	31.07	50	24.27
399	data/reference/motifs/JASPAR2026_CORE_plants_non-redundant_pfms_meme.txt	MA2732.1	Sl-ERF_C_4	YCGCCGCCGCCR	2.24e-1	1.00e0	9.27e2	141	206	206	206	2	42	20.39	35	16.99
400	data/reference/motifs/JASPAR2026_CORE_plants_non-redundant_pfms_meme.txt	MA1803.2	VIP1	TGMCAGCTGT	1.84e-1	1.00e0	9.27e2	172	206	206	206	1	91	44.17	81	39.32
401	data/reference/motifs/JASPAR2026_CORE_plants_non-redundant_pfms_meme.txt	MA0551.2	HY5	TGMCACGTGKCA	3.50e-1	1.00e0	9.27e2	74	206	206	206	2	39	18.93	35	16.99
402	data/reference/motifs/JASPAR2026_CORE_plants_non-redundant_pfms_meme.txt	MA1350.1	BZIP42	TGCTGACGTGGC	7.36e-1	1.00e0	9.27e2	24	206	206	206	1	11	5.34	13	6.31
403	data/reference/motifs/JASPAR2026_CORE_plants_non-redundant_pfms_meme.txt	MA1269.2	DOF4.5	AWAAAGTWRCTTT	7.86e-2	1.00e0	9.27e2	409	206	206	206	10	13	6.31	6	2.91
404	data/reference/motifs/JASPAR2026_CORE_plants_non-redundant_pfms_meme.txt	MA1268.2	CDF5	TTYACTTTTTYTTTTTTTTTT	8.20e-2	1.00e0	9.27e2	392	206	206	206	5	97	47.09	82	39.81
405	data/reference/motifs/JASPAR2026_CORE_plants_non-redundant_pfms_meme.txt	MA1301.2	WRKY33	AAAGTCAACG	1.24e-1	1.00e0	9.27e2	259	206	206	206	5	3	1.46	0	0.00
406	data/reference/motifs/JASPAR2026_CORE_plants_non-redundant_pfms_meme.txt	MA2029.2	MYB88	ACGCTCCTC	1.62e-1	1.00e0	9.27e2	199	206	206	206	1	105	50.97	94	45.63
407	data/reference/motifs/JASPAR2026_CORE_plants_non-redundant_pfms_meme.txt	MA2708.1	SlDof4	AGAAAAAGTAA	7.86e-2	1.00e0	9.27e2	412	206	206	206	4	200	97.09	193	93.69
408	data/reference/motifs/JASPAR2026_CORE_plants_non-redundant_pfms_meme.txt	MA1275.2	DOF1.6	AWAAAGTR	7.87e-2	1.00e0	9.27e2	411	206	206	206	7	133	64.56	118	57.28
409	data/reference/motifs/JASPAR2026_CORE_plants_non-redundant_pfms_meme.txt	MA2414.1	EREB127	TGCCGACA	1.37e-1	1.00e0	9.27e2	237	206	206	206	3	36	17.48	27	13.11
410	data/reference/motifs/JASPAR2026_CORE_plants_non-redundant_pfms_meme.txt	MA1182.2	RVE8	AGATATTTT	1.05e-1	1.00e0	9.27e2	310	206	206	206	1	161	78.16	149	72.33
411	data/reference/motifs/JASPAR2026_CORE_plants_non-redundant_pfms_meme.txt	MA2405.1	OsMSL08	GTAAAW	7.87e-2	1.00e0	9.27e2	412	206	206	206	30	133	64.56	118	57.28
412	data/reference/motifs/JASPAR2026_CORE_plants_non-redundant_pfms_meme.txt	MA1087.3	WRKY45	AAAAGTCAAM	8.48e-2	1.00e0	9.27e2	384	206	206	206	6	18	8.74	10	4.85
413	data/reference/motifs/JASPAR2026_CORE_plants_non-redundant_pfms_meme.txt	MA2746.1	HB-HD-ZIP-2A-2	WTGCAATCATT	8.10e-2	1.00e0	9.27e2	404	206	206	206	3	174	84.47	162	78.64
414	data/reference/motifs/JASPAR2026_CORE_plants_non-redundant_pfms_meme.txt	MA1765.2	MYB121	TACCTAACW	8.60e-2	1.00e0	9.27e2	381	206	206	206	8	10	4.85	4	1.94
415	data/reference/motifs/JASPAR2026_CORE_plants_non-redundant_pfms_meme.txt	MA1089.2	WRKY57	RGTCAA	7.96e-2	1.00e0	9.27e2	412	206	206	206	36	35	16.99	24	11.65
416	data/reference/motifs/JASPAR2026_CORE_plants_non-redundant_pfms_meme.txt	MA1344.2	BZIP28	TSACGTGGCA	2.09e-1	1.00e0	9.27e2	157	206	206	206	1	83	40.29	74	35.92
417	data/reference/motifs/JASPAR2026_CORE_plants_non-redundant_pfms_meme.txt	MA1666.3	HSFB2B	RGAAGSTTCTA	1.17e-1	1.00e0	9.27e2	282	206	206	206	2	97	47.09	84	40.78
418	data/reference/motifs/JASPAR2026_CORE_plants_non-redundant_pfms_meme.txt	MA0961.2	bHLH112	CCACTTG	3.00e-1	1.00e0	9.27e2	92	206	206	206	2	9	4.37	6	2.91
419	data/reference/motifs/JASPAR2026_CORE_plants_non-redundant_pfms_meme.txt	MA0995.3	ERF039	RCCGACA	9.27e-2	1.00e0	9.27e2	355	206	206	206	2	136	66.02	122	59.22
420	data/reference/motifs/JASPAR2026_CORE_plants_non-redundant_pfms_meme.txt	MA2350.1	OsFBH1	CCACTTG	3.00e-1	1.00e0	9.27e2	92	206	206	206	2	9	4.37	6	2.91
421	data/reference/motifs/JASPAR2026_CORE_plants_non-redundant_pfms_meme.txt	MA1812.2	ASR1	AGGCCCAAT	1.24e-1	1.00e0	9.27e2	266	206	206	206	7	3	1.46	0	0.00
422	data/reference/motifs/JASPAR2026_CORE_plants_non-redundant_pfms_meme.txt	MA2063.1	PK07402.1	RCCGMC	8.38e-2	1.00e0	9.27e2	397	206	206	206	5	108	52.43	93	45.15
423	data/reference/motifs/JASPAR2026_CORE_plants_non-redundant_pfms_meme.txt	MA2626.1	bzip40	GTGACGTGGC	9.43e-2	1.00e0	9.27e2	358	206	206	206	1	184	89.32	174	84.47
424	data/reference/motifs/JASPAR2026_CORE_plants_non-redundant_pfms_meme.txt	MA1745.2	BZIP63	TSACGTGG	1.13e-1	1.00e0	9.27e2	298	206	206	206	1	155	75.24	143	69.42
425	data/reference/motifs/JASPAR2026_CORE_plants_non-redundant_pfms_meme.txt	MA2392.1	GRMZM2G135447	TGACRKS	8.22e-2	1.00e0	9.27e2	409	206	206	206	8	70	33.98	56	27.18
426	data/reference/motifs/JASPAR2026_CORE_plants_non-redundant_pfms_meme.txt	MA1091.1	WRKY62	TGGTCAAC	1.14e-1	1.00e0	9.27e2	296	206	206	206	1	154	74.76	142	68.93
427	data/reference/motifs/JASPAR2026_CORE_plants_non-redundant_pfms_meme.txt	MA1035.1	TCP4	GGGACCAC	2.17e-1	1.00e0	9.27e2	154	206	206	206	2	26	12.62	20	9.71
428	data/reference/motifs/JASPAR2026_CORE_plants_non-redundant_pfms_meme.txt	MA1094.3	WRKY8	AAAAGTCAACG	1.24e-1	1.00e0	9.27e2	276	206	206	206	5	3	1.46	0	0.00
429	data/reference/motifs/JASPAR2026_CORE_plants_non-redundant_pfms_meme.txt	MA0571.2	ANT	GCACRRWTCCCVAKGY	6.41e-1	1.00e0	9.27e2	33	206	206	206	1	16	7.77	17	8.25
430	data/reference/motifs/JASPAR2026_CORE_plants_non-redundant_pfms_meme.txt	MA1009.1	ARF3	TGTCGGAA	1.01e-1	1.00e0	9.27e2	337	206	206	206	1	174	84.47	163	79.13
431	data/reference/motifs/JASPAR2026_CORE_plants_non-redundant_pfms_meme.txt	MA2476.1	KNAT7	TGACRKCT	1.24e-1	1.00e0	9.27e2	278	206	206	206	1	145	70.39	133	64.56
432	data/reference/motifs/JASPAR2026_CORE_plants_non-redundant_pfms_meme.txt	MA1778.2	MYB80	TYYACCTAMYTW	8.57e-2	1.00e0	9.27e2	401	206	206	206	5	74	35.92	60	29.13
433	data/reference/motifs/JASPAR2026_CORE_plants_non-redundant_pfms_meme.txt	MA1174.2	MYB56	ATAACGGWHW	9.11e-2	1.00e0	9.27e2	377	206	206	206	2	169	82.04	157	76.21
434	data/reference/motifs/JASPAR2026_CORE_plants_non-redundant_pfms_meme.txt	MA1747.2	DOF4.3	WAAAGWRGCTTTW	3.12e-1	1.00e0	9.27e2	92	206	206	206	3	3	1.46	1	0.49
435	data/reference/motifs/JASPAR2026_CORE_plants_non-redundant_pfms_meme.txt	MA1277.2	DOF1.7	AAAAAGTARAA	8.48e-2	1.00e0	9.27e2	410	206	206	206	17	18	8.74	10	4.85
436	data/reference/motifs/JASPAR2026_CORE_plants_non-redundant_pfms_meme.txt	MA1326.2	ZHD5	GTRATTAR	8.74e-2	1.00e0	9.27e2	403	206	206	206	1	204	99.03	199	96.60
437	data/reference/motifs/JASPAR2026_CORE_plants_non-redundant_pfms_meme.txt	MA1369.2	HDG1	YAATTAATGM	8.70e-2	1.00e0	9.27e2	396	206	206	206	2	186	90.29	176	85.44
438	data/reference/motifs/JASPAR2026_CORE_plants_non-redundant_pfms_meme.txt	MA0573.2	ATHB-9	GTAATGATTRCDYBS	8.15e-1	1.00e0	9.27e2	21	206	206	206	1	9	4.37	12	5.83
439	data/reference/motifs/JASPAR2026_CORE_plants_non-redundant_pfms_meme.txt	MA1425.2	HYH	TSACGTG	1.30e-1	1.00e0	9.27e2	271	206	206	206	8	9	4.37	4	1.94
440	data/reference/motifs/JASPAR2026_CORE_plants_non-redundant_pfms_meme.txt	MA2441.1	SPL3A	AGCGGTACTACC	1.69e-1	1.00e0	9.27e2	208	206	206	206	2	49	23.79	40	19.42
441	data/reference/motifs/JASPAR2026_CORE_plants_non-redundant_pfms_meme.txt	MA2103.1	AT4G09450	TTATCY	8.60e-2	1.00e0	9.27e2	412	206	206	206	17	202	98.06	196	95.15
442	data/reference/motifs/JASPAR2026_CORE_plants_non-redundant_pfms_meme.txt	MA1808.3	GLYMA-06G314400	GACACGTGGC	1.65e-1	1.00e0	9.27e2	292	206	206	206	1	151	73.30	141	68.45
443	data/reference/motifs/JASPAR2026_CORE_plants_non-redundant_pfms_meme.txt	MA1811.3	GLYMA-13G317000	GGACACSTGTCA	4.01e-1	1.00e0	9.27e2	244	206	206	206	3	41	19.90	38	18.45
444	data/reference/motifs/JASPAR2026_CORE_plants_non-redundant_pfms_meme.txt	MA2670.1	GLYMA-15G168800	CAATGATTG	1.81e-1	1.00e0	9.27e2	332	206	206	206	3	84	40.78	74	35.92
445	data/reference/motifs/JASPAR2026_CORE_plants_non-redundant_pfms_meme.txt	MA2669.1	GLYMA-04G231400	CAATAATTGATT	1.42e-1	1.00e0	9.27e2	367	206	206	206	7	6	2.91	2	0.97
446	data/reference/motifs/JASPAR2026_CORE_plants_non-redundant_pfms_meme.txt	MA2668.1	GLYMA-20G155100	RCCGACAT	5.51e-1	1.00e0	9.27e2	270	206	206	206	3	37	17.96	37	17.96
447	data/reference/motifs/JASPAR2026_CORE_plants_non-redundant_pfms_meme.txt	MA2665.1	GLYMA-11G053600	CACCGACAC	4.50e-1	1.00e0	9.27e2	334	206	206	206	1	168	81.55	166	80.58
448	data/reference/motifs/JASPAR2026_CORE_plants_non-redundant_pfms_meme.txt	MA2663.1	GLYMA-02G261700	TCACCGACATA	3.42e-1	1.00e0	9.27e2	257	206	206	206	1	131	63.59	126	61.17
449	data/reference/motifs/JASPAR2026_CORE_plants_non-redundant_pfms_meme.txt	MA2662.1	GLYMA-13G153200	GCCACGTCA	1.51e-1	1.00e0	9.27e2	339	206	206	206	1	174	84.47	165	80.10
450	data/reference/motifs/JASPAR2026_CORE_plants_non-redundant_pfms_meme.txt	MA2660.1	GLYMA-12G168700	WWWTGTAATTACAWWW	4.17e-1	1.00e0	9.27e2	358	206	206	206	3	139	67.48	136	66.02
451	data/reference/motifs/JASPAR2026_CORE_plants_non-redundant_pfms_meme.txt	MA2657.1	GLYMA-14G028900	AAAAGTCAAA	1.46e-1	1.00e0	9.27e2	400	206	206	206	2	176	85.44	167	81.07
452	data/reference/motifs/JASPAR2026_CORE_plants_non-redundant_pfms_meme.txt	MA2656.1	GLYMA-14G006800	TGGTCAACCA	3.11e-1	1.00e0	9.27e2	387	206	206	206	3	114	55.34	108	52.43
453	data/reference/motifs/JASPAR2026_CORE_plants_non-redundant_pfms_meme.txt	MA2654.1	GLYMA-05G127600	GGTCAAC	2.12e-1	1.00e0	9.27e2	407	206	206	206	4	176	85.44	169	82.04
454	data/reference/motifs/JASPAR2026_CORE_plants_non-redundant_pfms_meme.txt	MA2652.1	GLYMA-01G053800	AGTTGAC	5.00e-1	1.00e0	9.27e2	399	206	206	206	11	4	1.94	3	1.46
455	data/reference/motifs/JASPAR2026_CORE_plants_non-redundant_pfms_meme.txt	MA2646.1	GLYMA-11G083900	GTACGGA	1.90e-1	1.00e0	9.27e2	256	206	206	206	2	62	30.10	53	25.73
456	data/reference/motifs/JASPAR2026_CORE_plants_non-redundant_pfms_meme.txt	MA2644.1	GLYMA-14G030700	AACGACGGCA	1.85e-1	1.00e0	9.27e2	259	206	206	206	6	13	6.31	8	3.88
457	data/reference/motifs/JASPAR2026_CORE_plants_non-redundant_pfms_meme.txt	MA2643.1	SNAC23	YACGGAACT	2.49e-1	1.00e0	9.27e2	383	206	206	206	11	2	0.97	0	0.00
458	data/reference/motifs/JASPAR2026_CORE_plants_non-redundant_pfms_meme.txt	MA2642.1	GLYMA-10G230700	AAGATATTTWTW	2.82e-1	1.00e0	9.27e2	362	206	206	206	5	52	25.24	46	22.33
459	data/reference/motifs/JASPAR2026_CORE_plants_non-redundant_pfms_meme.txt	MA2641.1	GLYMA-01G038600	CCTTATCCA	2.18e-1	1.00e0	9.27e2	404	206	206	206	6	59	28.64	51	24.76
460	data/reference/motifs/JASPAR2026_CORE_plants_non-redundant_pfms_meme.txt	MA2640.1	GLYMA-19G062000	GTAACAGTTAC	3.25e-1	1.00e0	9.27e2	340	206	206	206	4	54	26.21	49	23.79
461	data/reference/motifs/JASPAR2026_CORE_plants_non-redundant_pfms_meme.txt	MA2745.1	SlWRKY81	AAGTCAAC	1.72e-1	1.00e0	9.27e2	402	206	206	206	4	144	69.90	134	65.05
462	data/reference/motifs/JASPAR2026_CORE_plants_non-redundant_pfms_meme.txt	MA2744.1	SlWRKY40	AAAGTCAA	1.57e-1	1.00e0	9.27e2	411	206	206	206	6	129	62.62	118	57.28
463	data/reference/motifs/JASPAR2026_CORE_plants_non-redundant_pfms_meme.txt	MA2743.1	SlWRKY23	AAAGTCAAM	2.05e-1	1.00e0	9.27e2	397	206	206	206	8	15	7.28	10	4.85
464	data/reference/motifs/JASPAR2026_CORE_plants_non-redundant_pfms_meme.txt	MA2742.1	SlWRKY11	GTTGACTTTT	2.51e-1	1.00e0	9.27e2	229	206	206	206	4	6	2.91	3	1.46
465	data/reference/motifs/JASPAR2026_CORE_plants_non-redundant_pfms_meme.txt	MA2741.1	SlWRKY7	AAAAAGTCAACC	3.75e-1	1.00e0	9.27e2	311	206	206	206	5	6	2.91	4	1.94
466	data/reference/motifs/JASPAR2026_CORE_plants_non-redundant_pfms_meme.txt	MA2738.1	Cnr	TCCGTACAAA	1.16e-1	1.00e0	9.27e2	395	206	206	206	7	23	11.17	15	7.28
467	data/reference/motifs/JASPAR2026_CORE_plants_non-redundant_pfms_meme.txt	MA2737.1	SlERF36	CMGCCGCCAC	2.64e-1	1.00e0	9.27e2	279	206	206	206	1	143	69.42	136	66.02
468	data/reference/motifs/JASPAR2026_CORE_plants_non-redundant_pfms_meme.txt	MA2729.1	vahox1	AAATAATTG	1.61e-1	1.00e0	9.27e2	405	206	206	206	2	200	97.09	195	94.66
469	data/reference/motifs/JASPAR2026_CORE_plants_non-redundant_pfms_meme.txt	MA2727.1	SolycHsfA7	TTCYAGAA	1.88e-1	1.00e0	9.27e2	391	206	206	206	4	111	53.88	101	49.03
470	data/reference/motifs/JASPAR2026_CORE_plants_non-redundant_pfms_meme.txt	MA2726.1	SlWRKY41	GTTGACTT	4.04e-1	1.00e0	9.27e2	393	206	206	206	6	44	21.36	41	19.90
471	data/reference/motifs/JASPAR2026_CORE_plants_non-redundant_pfms_meme.txt	MA2722.1	Sl-ERF_F_2	CGGCGGCKGCGGCGR	5.00e-1	1.00e0	9.27e2	52	206	206	206	2	13	6.31	12	5.83
472	data/reference/motifs/JASPAR2026_CORE_plants_non-redundant_pfms_meme.txt	MA2718.1	Sl-ERF_A_3	GGYGGCGGCGGCGGCGG	7.15e-1	1.00e0	9.27e2	30	206	206	206	1	14	6.80	16	7.77
473	data/reference/motifs/JASPAR2026_CORE_plants_non-redundant_pfms_meme.txt	MA2717.1	eil2	AGATTCR	1.51e-1	1.00e0	9.27e2	412	206	206	206	6	191	92.72	184	89.32
474	data/reference/motifs/JASPAR2026_CORE_plants_non-redundant_pfms_meme.txt	MA2716.1	dreb3	CCACCGACCA	2.78e-1	1.00e0	9.27e2	289	206	206	206	4	29	14.08	24	11.65
475	data/reference/motifs/JASPAR2026_CORE_plants_non-redundant_pfms_meme.txt	MA2715.1	Solyc03g124110	RTCTATGTCGGYWAA	5.00e-1	1.00e0	9.27e2	70	206	206	206	2	6	2.91	5	2.43
476	data/reference/motifs/JASPAR2026_CORE_plants_non-redundant_pfms_meme.txt	MA2713.1	SlDof14	CTTTTTC	2.49e-1	1.00e0	9.27e2	409	206	206	206	15	2	0.97	0	0.00
477	data/reference/motifs/JASPAR2026_CORE_plants_non-redundant_pfms_meme.txt	MA2710.1	SolycHsfB1	TTCTAGAA	5.00e-1	1.00e0	9.27e2	263	206	206	206	6	19	9.22	18	8.74
478	data/reference/motifs/JASPAR2026_CORE_plants_non-redundant_pfms_meme.txt	MA2752.1	TaOBF1b	TGCCACGTCATCATC	5.00e-1	1.00e0	9.27e2	161	206	206	206	1	81	39.32	80	38.83
479	data/reference/motifs/JASPAR2026_CORE_plants_non-redundant_pfms_meme.txt	MA2751.1	TraesCS2B02G304400	CCACTCGACC	8.76e-1	1.00e0	9.27e2	295	206	206	206	9	1	0.49	2	0.97
480	data/reference/motifs/JASPAR2026_CORE_plants_non-redundant_pfms_meme.txt	MA2750.1	TraesCS7B02G142200	TGTACGGAC	2.49e-1	1.00e0	9.27e2	296	206	206	206	9	2	0.97	0	0.00
481	data/reference/motifs/JASPAR2026_CORE_plants_non-redundant_pfms_meme.txt	MA2748.1	TraesCS6B02G321100	CAATTATTG	4.16e-1	1.00e0	9.27e2	401	206	206	206	7	67	32.52	64	31.07
482	data/reference/motifs/JASPAR2026_CORE_plants_non-redundant_pfms_meme.txt	MA2747.1	TraesCS6A02G290800	CAATAATTG	3.28e-1	1.00e0	9.27e2	404	206	206	206	9	57	27.67	52	25.24
483	data/reference/motifs/JASPAR2026_CORE_plants_non-redundant_pfms_meme.txt	MA2761.1	myb100	TRCCTAACTT	2.87e-1	1.00e0	9.27e2	395	206	206	206	9	8	3.88	5	2.43
484	data/reference/motifs/JASPAR2026_CORE_plants_non-redundant_pfms_meme.txt	MA2760.1	p2	CACCTAAC	5.00e-1	1.00e0	9.27e2	407	206	206	206	12	15	7.28	14	6.80
485	data/reference/motifs/JASPAR2026_CORE_plants_non-redundant_pfms_meme.txt	MA2759.1	ereb7	GCGGCGGCGGCGG	1.00e0	1.00e0	9.27e2	2	206	206	206	1	0	0.00	2	0.97
486	data/reference/motifs/JASPAR2026_CORE_plants_non-redundant_pfms_meme.txt	MA2757.1	pbf1	ATAAAGT	2.95e-1	1.00e0	9.27e2	412	206	206	206	11	176	85.44	171	83.01
487	data/reference/motifs/JASPAR2026_CORE_plants_non-redundant_pfms_meme.txt	MA2756.1	dfo23	TACCTTTTTCT	1.71e-1	1.00e0	9.27e2	412	206	206	206	5	178	86.41	170	82.52
488	data/reference/motifs/JASPAR2026_CORE_plants_non-redundant_pfms_meme.txt	MA2755.1	hsftf24	ACTAGAAGCTTCTGGAA	4.21e-1	1.00e0	9.27e2	177	206	206	206	1	90	43.69	87	42.23
489	data/reference/motifs/JASPAR2026_CORE_plants_non-redundant_pfms_meme.txt	MA2754.1	wrky38	CGTGGACC	1.37e-1	1.00e0	9.27e2	377	206	206	206	8	27	13.11	19	9.22
490	data/reference/motifs/JASPAR2026_CORE_plants_non-redundant_pfms_meme.txt	MA2753.1	cpp8	GAATTTGAAW	4.25e-1	1.00e0	9.27e2	412	206	206	206	5	192	93.20	190	92.23
491	data/reference/motifs/JASPAR2026_CORE_plants_non-redundant_pfms_meme.txt	MA2627.1	bzip9	CACGTCA	2.76e-1	1.00e0	9.27e2	401	206	206	206	6	93	45.15	86	41.75
492	data/reference/motifs/JASPAR2026_CORE_plants_non-redundant_pfms_meme.txt	MA2625.1	mybr17	CATTATC	1.42e-1	1.00e0	9.27e2	412	206	206	206	26	6	2.91	2	0.97
493	data/reference/motifs/JASPAR2026_CORE_plants_non-redundant_pfms_meme.txt	MA2624.1	myb37	TAACCGAA	1.31e-1	1.00e0	9.27e2	409	206	206	206	5	171	83.01	161	78.16
494	data/reference/motifs/JASPAR2026_CORE_plants_non-redundant_pfms_meme.txt	MA2623.1	hb66	CCAATCA	9.82e-2	1.00e0	9.27e2	412	206	206	206	20	53	25.73	41	19.90
495	data/reference/motifs/JASPAR2026_CORE_plants_non-redundant_pfms_meme.txt	MA2622.1	hb34	CAATAATTG	9.97e-2	1.00e0	9.27e2	412	206	206	206	10	116	56.31	102	49.51
496	data/reference/motifs/JASPAR2026_CORE_plants_non-redundant_pfms_meme.txt	MA2621.1	glk25	TGATTCCA	1.11e-1	1.00e0	9.27e2	410	206	206	206	8	136	66.02	123	59.71
497	data/reference/motifs/JASPAR2026_CORE_plants_non-redundant_pfms_meme.txt	MA2620.1	g2	CCTTATCC	1.69e-1	1.00e0	9.27e2	402	206	206	206	1	203	98.54	199	96.60
498	data/reference/motifs/JASPAR2026_CORE_plants_non-redundant_pfms_meme.txt	MA2619.1	ereb18	CCGCCGCCGCCCGCC	5.00e-1	1.00e0	9.27e2	97	206	206	206	13	4	1.94	3	1.46
499	data/reference/motifs/JASPAR2026_CORE_plants_non-redundant_pfms_meme.txt	MA2618.1	ereb102	CGACGGCGA	2.42e-1	1.00e0	9.27e2	242	206	206	206	1	125	60.68	117	56.80
500	data/reference/motifs/JASPAR2026_CORE_plants_non-redundant_pfms_meme.txt	MA2617.1	ereb54	GCGGCGGCGGC	5.00e-1	1.00e0	9.27e2	62	206	206	206	12	2	0.97	1	0.49
501	data/reference/motifs/JASPAR2026_CORE_plants_non-redundant_pfms_meme.txt	MA2616.1	ereb17	CGCCGCCGCCGCCS	5.00e-1	1.00e0	9.27e2	81	206	206	206	1	41	19.90	40	19.42
502	data/reference/motifs/JASPAR2026_CORE_plants_non-redundant_pfms_meme.txt	MA2613.1	ereb34	GCCGCCGCCGCCCS	5.00e-1	1.00e0	9.27e2	96	206	206	206	11	4	1.94	3	1.46
503	data/reference/motifs/JASPAR2026_CORE_plants_non-redundant_pfms_meme.txt	MA2612.1	ereb147	ACGCCGAC	1.71e-1	1.00e0	9.27e2	295	206	206	206	4	50	24.27	41	19.90
504	data/reference/motifs/JASPAR2026_CORE_plants_non-redundant_pfms_meme.txt	MA2609.1	ereb172	CAGCCGCA	1.55e-1	1.00e0	9.27e2	348	206	206	206	2	134	65.05	123	59.71
505	data/reference/motifs/JASPAR2026_CORE_plants_non-redundant_pfms_meme.txt	MA2607.1	tcptf23	GGGACCAC	1.24e-1	1.00e0	9.27e2	337	206	206	206	12	3	1.46	0	0.00
506	data/reference/motifs/JASPAR2026_CORE_plants_non-redundant_pfms_meme.txt	MA2606.1	mybr43	CCTTATCC	1.18e-1	1.00e0	9.27e2	407	206	206	206	5	114	55.34	101	49.03
507	data/reference/motifs/JASPAR2026_CORE_plants_non-redundant_pfms_meme.txt	MA2605.1	mybr26	CCTTATCC	3.28e-1	1.00e0	9.27e2	406	206	206	206	2	197	95.63	194	94.17
508	data/reference/motifs/JASPAR2026_CORE_plants_non-redundant_pfms_meme.txt	MA2604.1	dof22	ACTTTTAC	3.12e-1	1.00e0	9.27e2	412	206	206	206	6	205	99.51	203	98.54
509	data/reference/motifs/JASPAR2026_CORE_plants_non-redundant_pfms_meme.txt	MA2473.1	HB88	TTGATTG	1.42e-1	1.00e0	9.27e2	412	206	206	206	16	149	72.33	138	66.99
510	data/reference/motifs/JASPAR2026_CORE_plants_non-redundant_pfms_meme.txt	MA2501.1	G1	TTACTGTA	3.11e-1	1.00e0	9.27e2	411	206	206	206	8	106	51.46	100	48.54
511	data/reference/motifs/JASPAR2026_CORE_plants_non-redundant_pfms_meme.txt	MA1378.2	AIL6	TCCTCGA	1.87e-1	1.00e0	9.27e2	408	206	206	206	7	115	55.83	105	50.97
512	data/reference/motifs/JASPAR2026_CORE_plants_non-redundant_pfms_meme.txt	MA2638.1	FUL::SEP3	TTWCTATTTATAGTAA	3.11e-1	1.00e0	9.27e2	222	206	206	206	1	114	55.34	108	52.43
513	data/reference/motifs/JASPAR2026_CORE_plants_non-redundant_pfms_meme.txt	MA2637.1	FUL::AG::SEP3	WTWCCAWAAATAGAAA	3.43e-1	1.00e0	9.27e2	389	206	206	206	8	4	1.94	2	0.97
514	data/reference/motifs/JASPAR2026_CORE_plants_non-redundant_pfms_meme.txt	MA2636.1	FUL::AG	WCTTTCCATTTTTRGAAA	2.08e-1	1.00e0	9.27e2	209	206	206	206	3	9	4.37	5	2.43
515	data/reference/motifs/JASPAR2026_CORE_plants_non-redundant_pfms_meme.txt	MA2635.1	FUL	TTWCCAWAAATAGAAA	5.88e-1	1.00e0	9.27e2	303	206	206	206	1	151	73.30	152	73.79
516	data/reference/motifs/JASPAR2026_CORE_plants_non-redundant_pfms_meme.txt	MA2634.1	EIN3	AGATTCATTGAATCT	5.00e-1	1.00e0	9.27e2	201	206	206	206	6	3	1.46	2	0.97
517	data/reference/motifs/JASPAR2026_CORE_plants_non-redundant_pfms_meme.txt	MA2505.1	bZIP59	TGACAGCTGTCA	1.86e-1	1.00e0	9.27e2	260	206	206	206	9	4	1.94	1	0.49
518	data/reference/motifs/JASPAR2026_CORE_plants_non-redundant_pfms_meme.txt	MA2502.1	TMF	CTACAGTA	2.51e-1	1.00e0	9.27e2	403	206	206	206	1	203	98.54	200	97.09
519	data/reference/motifs/JASPAR2026_CORE_plants_non-redundant_pfms_meme.txt	MA2500.1	LSH3	TTACTGTTCAT	1.62e-1	1.00e0	9.27e2	400	206	206	206	2	189	91.75	182	88.35
520	data/reference/motifs/JASPAR2026_CORE_plants_non-redundant_pfms_meme.txt	MA2499.1	LSH2	TACTGTTCA	1.56e-1	1.00e0	9.27e2	405	206	206	206	10	23	11.17	16	7.77
521	data/reference/motifs/JASPAR2026_CORE_plants_non-redundant_pfms_meme.txt	MA2498.1	LSH1	AAACAGTG	8.81e-2	1.00e0	9.27e2	410	206	206	206	6	143	69.42	129	62.62
522	data/reference/motifs/JASPAR2026_CORE_plants_non-redundant_pfms_meme.txt	MA1355.2	TRB2	WARCCCTAAWT	6.59e-1	1.00e0	9.27e2	149	206	206	206	1	73	35.44	76	36.89
523	data/reference/motifs/JASPAR2026_CORE_plants_non-redundant_pfms_meme.txt	MA1353.2	AT1G72740	RWTTAGGGTTT	5.00e-1	1.00e0	9.27e2	214	206	206	206	4	4	1.94	3	1.46
524	data/reference/motifs/JASPAR2026_CORE_plants_non-redundant_pfms_meme.txt	MA1322.3	SPL9	TCCGTAC	1.90e-1	1.00e0	9.27e2	376	206	206	206	9	8	3.88	4	1.94
525	data/reference/motifs/JASPAR2026_CORE_plants_non-redundant_pfms_meme.txt	MA1055.3	SPL1	TGTACGGA	1.42e-1	1.00e0	9.27e2	349	206	206	206	7	6	2.91	2	0.97
526	data/reference/motifs/JASPAR2026_CORE_plants_non-redundant_pfms_meme.txt	MA2479.1	TCX5	ATTCAAAT	1.85e-1	1.00e0	9.27e2	408	206	206	206	3	198	96.12	193	93.69
527	data/reference/motifs/JASPAR2026_CORE_plants_non-redundant_pfms_meme.txt	MA1320.2	SPL15	TGTACGGA	5.45e-1	1.00e0	9.27e2	102	206	206	206	1	51	24.76	51	24.76
528	data/reference/motifs/JASPAR2026_CORE_plants_non-redundant_pfms_meme.txt	MA1060.2	SPL7	CGTACG	4.39e-1	1.00e0	9.27e2	402	206	206	206	15	25	12.14	23	11.17
529	data/reference/motifs/JASPAR2026_CORE_plants_non-redundant_pfms_meme.txt	MA1059.3	SPL5	TGTACGGAH	7.51e-1	1.00e0	9.27e2	34	206	206	206	2	1	0.49	1	0.49
530	data/reference/motifs/JASPAR2026_CORE_plants_non-redundant_pfms_meme.txt	MA1058.2	SPL4	GTACG	2.10e-1	1.00e0	9.27e2	412	206	206	206	39	85	41.26	76	36.89
531	data/reference/motifs/JASPAR2026_CORE_plants_non-redundant_pfms_meme.txt	MA1056.2	SPL11	CGTACGGA	3.12e-1	1.00e0	9.27e2	202	206	206	206	6	3	1.46	1	0.49
532	data/reference/motifs/JASPAR2026_CORE_plants_non-redundant_pfms_meme.txt	MA0586.3	SPL14	TCCGTAC	7.49e-1	1.00e0	9.27e2	125	206	206	206	3	4	1.94	5	2.43
533	data/reference/motifs/JASPAR2026_CORE_plants_non-redundant_pfms_meme.txt	MA1742.2	BIZP18	TGMCAGCTGK	6.89e-1	1.00e0	9.27e2	208	206	206	206	1	102	49.51	106	51.46
534	data/reference/motifs/JASPAR2026_CORE_plants_non-redundant_pfms_meme.txt	MA1672.2	GBF2	SACGTGGCA	3.55e-1	1.00e0	9.27e2	381	206	206	206	1	192	93.20	189	91.75
535	data/reference/motifs/JASPAR2026_CORE_plants_non-redundant_pfms_meme.txt	MA2477.1	NGA4	TTCAGGTR	1.90e-1	1.00e0	9.27e2	400	206	206	206	1	202	98.06	198	96.12
536	data/reference/motifs/JASPAR2026_CORE_plants_non-redundant_pfms_meme.txt	MA2474.1	HMGB10	TWATAA	3.33e-1	1.00e0	9.27e2	395	206	206	206	5	148	71.84	143	69.42
537	data/reference/motifs/JASPAR2026_CORE_plants_non-redundant_pfms_meme.txt	MA2344.1	REV	AATMATCATTATTA	1.46e-1	1.00e0	9.27e2	388	206	206	206	1	197	95.63	191	92.72
538	data/reference/motifs/JASPAR2026_CORE_plants_non-redundant_pfms_meme.txt	MA2459.1	EDF3	RCAACAKA	3.62e-1	1.00e0	9.27e2	300	206	206	206	5	5	2.43	3	1.46
539	data/reference/motifs/JASPAR2026_CORE_plants_non-redundant_pfms_meme.txt	MA1188.1	At3g11280	AWYCTTATCTTHWY	4.05e-1	1.00e0	9.27e2	405	206	206	206	10	10	4.85	8	3.88
540	data/reference/motifs/JASPAR2026_CORE_plants_non-redundant_pfms_meme.txt	MA1169.1	MYB105	WTHDWWACCGTTA	8.17e-1	1.00e0	9.27e2	226	206	206	206	2	49	23.79	56	27.18
541	data/reference/motifs/JASPAR2026_CORE_plants_non-redundant_pfms_meme.txt	MA1041.1	MYB55	ACCTACCG	4.14e-1	1.00e0	9.27e2	364	206	206	206	4	62	30.10	59	28.64
542	data/reference/motifs/JASPAR2026_CORE_plants_non-redundant_pfms_meme.txt	MA1040.1	MYB46	GKTAGGTR	3.12e-1	1.00e0	9.27e2	396	206	206	206	11	3	1.46	1	0.49
543	data/reference/motifs/JASPAR2026_CORE_plants_non-redundant_pfms_meme.txt	MA1039.1	MYB4	GGTWGGTR	3.75e-1	1.00e0	9.27e2	411	206	206	206	17	6	2.91	4	1.94
544	data/reference/motifs/JASPAR2026_CORE_plants_non-redundant_pfms_meme.txt	MA1012.1	AGL27	CTTTCYATTTTKGG	1.54e-1	1.00e0	9.27e2	236	206	206	206	2	42	20.39	33	16.02
545	data/reference/motifs/JASPAR2026_CORE_plants_non-redundant_pfms_meme.txt	MA0972.1	CCA1	AAATATCT	2.56e-1	1.00e0	9.27e2	402	206	206	206	10	13	6.31	9	4.37
546	data/reference/motifs/JASPAR2026_CORE_plants_non-redundant_pfms_meme.txt	MA0559.1	PI	CCAAAARWRGAAAR	8.96e-2	1.00e0	9.27e2	401	206	206	206	6	79	38.35	65	31.55
547	data/reference/motifs/JASPAR2026_CORE_plants_non-redundant_pfms_meme.txt	MA0054.1	myb.Ph3	TAACBGTTW	5.00e-1	1.00e0	9.27e2	412	206	206	206	5	204	99.03	203	98.54
548	data/reference/motifs/JASPAR2026_CORE_plants_non-redundant_pfms_meme.txt	MA2483.1	PK20543.1	TTAACC	1.93e-1	1.00e0	9.27e2	412	206	206	206	30	150	72.82	141	68.45
549	data/reference/motifs/JASPAR2026_CORE_plants_non-redundant_pfms_meme.txt	MA2482.1	PK27693.1	TTATC	3.12e-1	1.00e0	9.27e2	412	206	206	206	27	205	99.51	203	98.54
550	data/reference/motifs/JASPAR2026_CORE_plants_non-redundant_pfms_meme.txt	MA2481.1	PK12011.1	AACGG	3.75e-1	1.00e0	9.27e2	412	206	206	206	5	202	98.06	200	97.09
551	data/reference/motifs/JASPAR2026_CORE_plants_non-redundant_pfms_meme.txt	MA2478.1	PK13314.1	GGGCCCAC	9.60e-2	1.00e0	9.27e2	374	206	206	206	3	153	74.27	140	67.96
552	data/reference/motifs/JASPAR2026_CORE_plants_non-redundant_pfms_meme.txt	MA2040.2	ENAP2	CTCCGGCGA	2.72e-1	1.00e0	9.27e2	159	206	206	206	1	83	40.29	76	36.89
553	data/reference/motifs/JASPAR2026_CORE_plants_non-redundant_pfms_meme.txt	MA2039.2	ASIL2	CTCCGGCGA	3.62e-1	1.00e0	9.27e2	170	206	206	206	5	5	2.43	3	1.46
554	data/reference/motifs/JASPAR2026_CORE_plants_non-redundant_pfms_meme.txt	MA1662.2	AT3G10030	TTAACAGA	1.61e-1	1.00e0	9.27e2	409	206	206	206	4	154	74.76	144	69.90
555	data/reference/motifs/JASPAR2026_CORE_plants_non-redundant_pfms_meme.txt	MA1366.2	DF1	RGTAAAAA	5.00e-1	1.00e0	9.27e2	412	206	206	206	17	1	0.49	0	0.00
556	data/reference/motifs/JASPAR2026_CORE_plants_non-redundant_pfms_meme.txt	MA1365.3	AT5G47660	GGTAAAA	8.89e-2	1.00e0	9.27e2	409	206	206	206	10	14	6.80	7	3.40
557	data/reference/motifs/JASPAR2026_CORE_plants_non-redundant_pfms_meme.txt	MA2032.2	TRB1	AAACCCTAA	2.14e-1	1.00e0	9.27e2	392	206	206	206	2	175	84.95	168	81.55
558	data/reference/motifs/JASPAR2026_CORE_plants_non-redundant_pfms_meme.txt	MA2031.2	AT5G04760	CTTATCY	1.83e-1	1.00e0	9.27e2	412	206	206	206	5	158	76.70	149	72.33
559	data/reference/motifs/JASPAR2026_CORE_plants_non-redundant_pfms_meme.txt	MA1825.2	Zm00001d044409	CTTATC	5.00e-1	1.00e0	9.27e2	412	206	206	206	15	8	3.88	7	3.40
560	data/reference/motifs/JASPAR2026_CORE_plants_non-redundant_pfms_meme.txt	MA1802.2	TRP5	WAAACCY	2.24e-1	1.00e0	9.27e2	412	206	206	206	38	42	20.39	35	16.99
561	data/reference/motifs/JASPAR2026_CORE_plants_non-redundant_pfms_meme.txt	MA1793.2	NID1	TTATCC	2.14e-1	1.00e0	9.27e2	412	206	206	206	27	158	76.70	150	72.82
562	data/reference/motifs/JASPAR2026_CORE_plants_non-redundant_pfms_meme.txt	MA1408.2	FaEOBII	GTTAGGTA	2.25e-1	1.00e0	9.27e2	411	206	206	206	14	28	13.59	22	10.68
563	data/reference/motifs/JASPAR2026_CORE_plants_non-redundant_pfms_meme.txt	MA1401.2	RVE7	AAAATATCT	2.15e-1	1.00e0	9.27e2	189	206	206	206	1	99	48.06	90	43.69
564	data/reference/motifs/JASPAR2026_CORE_plants_non-redundant_pfms_meme.txt	MA1398.3	KUA1	CTTATCCA	2.12e-1	1.00e0	9.27e2	410	206	206	206	8	91	44.17	82	39.81
565	data/reference/motifs/JASPAR2026_CORE_plants_non-redundant_pfms_meme.txt	MA1397.2	AT1G74840	WWTGGATAA	1.01e-1	1.00e0	9.27e2	385	206	206	206	7	11	5.34	5	2.43
566	data/reference/motifs/JASPAR2026_CORE_plants_non-redundant_pfms_meme.txt	MA1196.2	AT5G05790	AWYCTTATCYTNWT	1.49e-1	1.00e0	9.27e2	397	206	206	206	5	75	36.41	64	31.07
567	data/reference/motifs/JASPAR2026_CORE_plants_non-redundant_pfms_meme.txt	MA1195.2	AT5G56840	AAYCTTATCCAWWW	1.51e-1	1.00e0	9.27e2	375	206	206	206	1	191	92.72	184	89.32
568	data/reference/motifs/JASPAR2026_CORE_plants_non-redundant_pfms_meme.txt	MA1194.2	AT3G10580	DWDWRGATAAGVWT	5.00e-1	1.00e0	9.27e2	395	206	206	206	1	198	96.12	197	95.63
569	data/reference/motifs/JASPAR2026_CORE_plants_non-redundant_pfms_meme.txt	MA1193.2	AT2G38090	WDWGGATAAGDAT	1.63e-1	1.00e0	9.27e2	377	206	206	206	2	152	73.79	142	68.93
570	data/reference/motifs/JASPAR2026_CORE_plants_non-redundant_pfms_meme.txt	MA1192.2	DIV1	WRGATAAGRTT	3.13e-1	1.00e0	9.27e2	371	206	206	206	5	23	11.17	19	9.22
571	data/reference/motifs/JASPAR2026_CORE_plants_non-redundant_pfms_meme.txt	MA1191.2	RVE7L	AAAATATCT	3.45e-1	1.00e0	9.27e2	309	206	206	206	2	88	42.72	83	40.29
572	data/reference/motifs/JASPAR2026_CORE_plants_non-redundant_pfms_meme.txt	MA1190.2	RVE5	AGATATTTT	1.99e-1	1.00e0	9.27e2	353	206	206	206	1	180	87.38	173	83.98
573	data/reference/motifs/JASPAR2026_CORE_plants_non-redundant_pfms_meme.txt	MA1189.2	AT5G61620	WWWTGGATAAGRWW	1.90e-1	1.00e0	9.27e2	390	206	206	206	8	8	3.88	4	1.94
574	data/reference/motifs/JASPAR2026_CORE_plants_non-redundant_pfms_meme.txt	MA1187.2	RVE4	AGATATTTT	3.95e-1	1.00e0	9.27e2	322	206	206	206	4	35	16.99	32	15.53
575	data/reference/motifs/JASPAR2026_CORE_plants_non-redundant_pfms_meme.txt	MA1186.2	YAB4	AWYCTTATCYW	5.00e-1	1.00e0	9.27e2	404	206	206	206	12	4	1.94	3	1.46
576	data/reference/motifs/JASPAR2026_CORE_plants_non-redundant_pfms_meme.txt	MA1185.2	LHY	AGATATTTT	2.46e-1	1.00e0	9.27e2	335	206	206	206	5	12	5.83	8	3.88
577	data/reference/motifs/JASPAR2026_CORE_plants_non-redundant_pfms_meme.txt	MA1184.2	RVE1	WAAATATCT	1.64e-1	1.00e0	9.27e2	365	206	206	206	5	34	16.50	26	12.62
578	data/reference/motifs/JASPAR2026_CORE_plants_non-redundant_pfms_meme.txt	MA1183.2	RVE6	AGATATTTT	1.76e-1	1.00e0	9.27e2	337	206	206	206	4	38	18.45	30	14.56
579	data/reference/motifs/JASPAR2026_CORE_plants_non-redundant_pfms_meme.txt	MA0579.2	CDC5	GCTCAGCGC	4.60e-1	1.00e0	9.27e2	250	206	206	206	1	126	61.17	124	60.19
580	data/reference/motifs/JASPAR2026_CORE_plants_non-redundant_pfms_meme.txt	MA2042.2	MYB58	CCACCAACC	1.85e-1	1.00e0	9.27e2	395	206	206	206	9	29	14.08	22	10.68
581	data/reference/motifs/JASPAR2026_CORE_plants_non-redundant_pfms_meme.txt	MA2041.2	MYB13	YCACCAACCA	4.19e-1	1.00e0	9.27e2	385	206	206	206	5	76	36.89	73	35.44
582	data/reference/motifs/JASPAR2026_CORE_plants_non-redundant_pfms_meme.txt	MA2030.2	MYB96	MCCAACTACCA	3.05e-1	1.00e0	9.27e2	367	206	206	206	7	21	10.19	17	8.25
583	data/reference/motifs/JASPAR2026_CORE_plants_non-redundant_pfms_meme.txt	MA2028.2	MYB49	TTACCTAACTW	2.51e-1	1.00e0	9.27e2	387	206	206	206	8	6	2.91	3	1.46
584	data/reference/motifs/JASPAR2026_CORE_plants_non-redundant_pfms_meme.txt	MA2027.2	MYB44	HAACGGTCA	9.22e-1	1.00e0	9.27e2	335	206	206	206	5	14	6.80	21	10.19
585	data/reference/motifs/JASPAR2026_CORE_plants_non-redundant_pfms_meme.txt	MA2026.2	MYB108	TACCTAACTT	1.86e-1	1.00e0	9.27e2	363	206	206	206	8	4	1.94	1	0.49
586	data/reference/motifs/JASPAR2026_CORE_plants_non-redundant_pfms_meme.txt	MA2025.2	MYB93	TACCAAAC	2.25e-1	1.00e0	9.27e2	411	206	206	206	19	5	2.43	2	0.97
587	data/reference/motifs/JASPAR2026_CORE_plants_non-redundant_pfms_meme.txt	MA2024.2	MYB63	YCACCTACCAC	5.00e-1	1.00e0	9.27e2	331	206	206	206	4	43	20.87	42	20.39
588	data/reference/motifs/JASPAR2026_CORE_plants_non-redundant_pfms_meme.txt	MA2008.2	MYB99	CACCTAMY	2.87e-1	1.00e0	9.27e2	306	206	206	206	1	156	75.73	150	72.82
589	data/reference/motifs/JASPAR2026_CORE_plants_non-redundant_pfms_meme.txt	MA2007.2	MYB107	CACCAAAC	2.48e-1	1.00e0	9.27e2	409	206	206	206	4	177	85.92	171	83.01
590	data/reference/motifs/JASPAR2026_CORE_plants_non-redundant_pfms_meme.txt	MA1829.2	Zm00001d035604	ACCTAAC	1.26e-1	1.00e0	9.27e2	412	206	206	206	13	56	27.18	45	21.84
591	data/reference/motifs/JASPAR2026_CORE_plants_non-redundant_pfms_meme.txt	MA1781.2	MYB94	CCAACYACYW	5.43e-1	1.00e0	9.27e2	372	206	206	206	4	62	30.10	62	30.10
592	data/reference/motifs/JASPAR2026_CORE_plants_non-redundant_pfms_meme.txt	MA1780.2	MYB92	ACCTAAC	4.15e-1	1.00e0	9.27e2	388	206	206	206	5	63	30.58	60	29.13
593	data/reference/motifs/JASPAR2026_CORE_plants_non-redundant_pfms_meme.txt	MA1779.2	MYB83	CACCAACM	2.36e-1	1.00e0	9.27e2	410	206	206	206	4	181	87.86	175	84.95
594	data/reference/motifs/JASPAR2026_CORE_plants_non-redundant_pfms_meme.txt	MA1777.2	MYB74	YYYACCTAMCW	1.92e-1	1.00e0	9.27e2	313	206	206	206	4	31	15.05	24	11.65
595	data/reference/motifs/JASPAR2026_CORE_plants_non-redundant_pfms_meme.txt	MA1775.2	MYB61	YACCWACC	1.58e-1	1.00e0	9.27e2	368	206	206	206	4	60	29.13	50	24.27
596	data/reference/motifs/JASPAR2026_CORE_plants_non-redundant_pfms_meme.txt	MA1774.2	MYB60	YCAACYACYT	4.58e-1	1.00e0	9.27e2	374	206	206	206	4	70	33.98	68	33.01
597	data/reference/motifs/JASPAR2026_CORE_plants_non-redundant_pfms_meme.txt	MA1773.2	MYB51	YYYACCWACYW	5.00e-1	1.00e0	9.27e2	352	206	206	206	7	6	2.91	5	2.43
598	data/reference/motifs/JASPAR2026_CORE_plants_non-redundant_pfms_meme.txt	MA1772.2	MYB43	YTYACCWAMCWT	3.03e-1	1.00e0	9.27e2	266	206	206	206	1	136	66.02	130	63.11
599	data/reference/motifs/JASPAR2026_CORE_plants_non-redundant_pfms_meme.txt	MA1771.2	MYB41	TYACCTAMYT	4.46e-1	1.00e0	9.27e2	387	206	206	206	6	33	16.02	31	15.05
600	data/reference/motifs/JASPAR2026_CORE_plants_non-redundant_pfms_meme.txt	MA1770.2	MYB40	YTYACCWAMY	5.89e-1	1.00e0	9.27e2	335	206	206	206	3	52	25.24	53	25.73
601	data/reference/motifs/JASPAR2026_CORE_plants_non-redundant_pfms_meme.txt	MA1769.2	MYB39	YYCACCTAMYTT	3.39e-1	1.00e0	9.27e2	350	206	206	206	3	74	35.92	69	33.50
602	data/reference/motifs/JASPAR2026_CORE_plants_non-redundant_pfms_meme.txt	MA1768.2	MYB30	CCAACYACCAMC	1.09e-1	1.00e0	9.27e2	389	206	206	206	3	139	67.48	126	61.17
603	data/reference/motifs/JASPAR2026_CORE_plants_non-redundant_pfms_meme.txt	MA1762.2	MYB10	YCACCWAMCW	2.87e-1	1.00e0	9.27e2	321	206	206	206	3	56	27.18	50	24.27
604	data/reference/motifs/JASPAR2026_CORE_plants_non-redundant_pfms_meme.txt	MA1394.3	MYB73	AACGGTCA	7.96e-1	1.00e0	9.27e2	372	206	206	206	4	68	33.01	75	36.41
605	data/reference/motifs/JASPAR2026_CORE_plants_non-redundant_pfms_meme.txt	MA1393.3	MYB70	AACCGTT	3.28e-1	1.00e0	9.27e2	391	206	206	206	1	197	95.63	194	94.17
606	data/reference/motifs/JASPAR2026_CORE_plants_non-redundant_pfms_meme.txt	MA1391.3	MYB33	ATAACCGTAW	1.16e-1	1.00e0	9.27e2	385	206	206	206	1	196	95.15	189	91.75
607	data/reference/motifs/JASPAR2026_CORE_plants_non-redundant_pfms_meme.txt	MA1294.2	MYB62	WAGTTAGGY	2.15e-1	1.00e0	9.27e2	379	206	206	206	2	157	76.21	149	72.33
608	data/reference/motifs/JASPAR2026_CORE_plants_non-redundant_pfms_meme.txt	MA1292.2	MYB27	AAAAATTAGGTA	5.00e-1	1.00e0	9.27e2	113	206	206	206	4	1	0.49	0	0.00
609	data/reference/motifs/JASPAR2026_CORE_plants_non-redundant_pfms_meme.txt	MA1180.2	MYB3R4	WWWTRACCGTTR	5.00e-1	1.00e0	9.27e2	156	206	206	206	8	1	0.49	0	0.00
610	data/reference/motifs/JASPAR2026_CORE_plants_non-redundant_pfms_meme.txt	MA1179.2	MYB1	ACSGTTA	6.14e-1	1.00e0	9.27e2	334	206	206	206	4	27	13.11	28	13.59
611	data/reference/motifs/JASPAR2026_CORE_plants_non-redundant_pfms_meme.txt	MA1178.3	MYB3R1	TAACGGTC	3.84e-1	1.00e0	9.27e2	374	206	206	206	3	108	52.43	104	50.49
612	data/reference/motifs/JASPAR2026_CORE_plants_non-redundant_pfms_meme.txt	MA1177.2	MYB65	TAACCGHM	1.46e-1	1.00e0	9.27e2	412	206	206	206	2	201	97.57	196	95.15
613	data/reference/motifs/JASPAR2026_CORE_plants_non-redundant_pfms_meme.txt	MA1176.2	MYB119	RWCCGTTACA	4.18e-1	1.00e0	9.27e2	271	206	206	206	1	137	66.50	134	65.05
614	data/reference/motifs/JASPAR2026_CORE_plants_non-redundant_pfms_meme.txt	MA1172.2	MYB3R5	AAWWDTDACCGTTR	5.00e-1	1.00e0	9.27e2	146	206	206	206	7	1	0.49	0	0.00
615	data/reference/motifs/JASPAR2026_CORE_plants_non-redundant_pfms_meme.txt	MA1171.2	MYB52	ACCGTTA	7.16e-1	1.00e0	9.27e2	186	206	206	206	2	27	13.11	30	14.56
616	data/reference/motifs/JASPAR2026_CORE_plants_non-redundant_pfms_meme.txt	MA1038.2	MYB3	GGTAGGTA	3.46e-1	1.00e0	9.27e2	329	206	206	206	2	114	55.34	109	52.91
617	data/reference/motifs/JASPAR2026_CORE_plants_non-redundant_pfms_meme.txt	MA1037.2	MYB24	GTTAGGY	3.06e-1	1.00e0	9.27e2	412	206	206	206	22	130	63.11	124	60.19
618	data/reference/motifs/JASPAR2026_CORE_plants_non-redundant_pfms_meme.txt	MA1030.2	P0510F09.23	WRMCCTA	1.46e-1	1.00e0	9.27e2	412	206	206	206	22	10	4.85	5	2.43
619	data/reference/motifs/JASPAR2026_CORE_plants_non-redundant_pfms_meme.txt	MA0576.2	RAX3	GGGGGTAGGTGS	5.60e-1	1.00e0	9.27e2	50	206	206	206	1	25	12.14	25	12.14
620	data/reference/motifs/JASPAR2026_CORE_plants_non-redundant_pfms_meme.txt	MA0575.2	MYB77	GACRGTTAS	5.00e-1	1.00e0	9.27e2	279	206	206	206	4	11	5.34	10	4.85
621	data/reference/motifs/JASPAR2026_CORE_plants_non-redundant_pfms_meme.txt	MA0034.2	Gam1	YAACCGMC	3.81e-1	1.00e0	9.27e2	410	206	206	206	4	183	88.83	180	87.38
622	data/reference/motifs/JASPAR2026_CORE_plants_non-redundant_pfms_meme.txt	MA1830.2	Zm00001d015407	AAGGAATATTCTTTTT	1.46e-1	1.00e0	9.27e2	314	206	206	206	4	39	18.93	30	14.56
623	data/reference/motifs/JASPAR2026_CORE_plants_non-redundant_pfms_meme.txt	MA1737.2	AT5G05090	AGATHCG	4.00e-1	1.00e0	9.27e2	408	206	206	206	14	9	4.37	7	3.40
624	data/reference/motifs/JASPAR2026_CORE_plants_non-redundant_pfms_meme.txt	MA1735.2	AT2G38300	AAHATTCYHT	3.36e-1	1.00e0	9.27e2	403	206	206	206	6	68	33.01	63	30.58
625	data/reference/motifs/JASPAR2026_CORE_plants_non-redundant_pfms_meme.txt	MA1390.3	HHO2	AAGATTCC	9.37e-2	1.00e0	9.27e2	409	206	206	206	4	155	75.24	142	68.93
626	data/reference/motifs/JASPAR2026_CORE_plants_non-redundant_pfms_meme.txt	MA1387.2	HRS1	ATCRAAGATTCY	2.48e-1	1.00e0	9.27e2	348	206	206	206	1	177	85.92	171	83.01
627	data/reference/motifs/JASPAR2026_CORE_plants_non-redundant_pfms_meme.txt	MA1386.3	HHO3	AAGATTCT	2.49e-1	1.00e0	9.27e2	397	206	206	206	14	2	0.97	0	0.00
628	data/reference/motifs/JASPAR2026_CORE_plants_non-redundant_pfms_meme.txt	MA1385.2	AT2G40260	AAHATTCTYT	2.64e-1	1.00e0	9.27e2	400	206	206	206	8	14	6.80	10	4.85
629	data/reference/motifs/JASPAR2026_CORE_plants_non-redundant_pfms_meme.txt	MA1383.2	KAN2	AATATTCTTT	1.16e-1	1.00e0	9.27e2	383	206	206	206	6	39	18.93	29	14.08
630	data/reference/motifs/JASPAR2026_CORE_plants_non-redundant_pfms_meme.txt	MA1167.2	EFM	RGAATATTC	2.51e-1	1.00e0	9.27e2	329	206	206	206	6	6	2.91	3	1.46
631	data/reference/motifs/JASPAR2026_CORE_plants_non-redundant_pfms_meme.txt	MA1166.2	PHL12	AARRGAATATTC	2.49e-1	1.00e0	9.27e2	197	206	206	206	6	2	0.97	0	0.00
632	data/reference/motifs/JASPAR2026_CORE_plants_non-redundant_pfms_meme.txt	MA1165.3	HHO6	AGATTCT	1.92e-1	1.00e0	9.27e2	409	206	206	206	4	151	73.30	142	68.93
633	data/reference/motifs/JASPAR2026_CORE_plants_non-redundant_pfms_meme.txt	MA1164.2	HHO5	RAAGATTC	1.16e-1	1.00e0	9.27e2	367	206	206	206	5	39	18.93	29	14.08
634	data/reference/motifs/JASPAR2026_CORE_plants_non-redundant_pfms_meme.txt	MA1163.3	PHL11	AGAATATTCT	1.50e-1	1.00e0	9.27e2	282	206	206	206	3	77	37.38	66	32.04
635	data/reference/motifs/JASPAR2026_CORE_plants_non-redundant_pfms_meme.txt	MA1027.2	KAN1	WTATTC	1.10e-1	1.00e0	9.27e2	412	206	206	206	67	61	29.61	49	23.79
636	data/reference/motifs/JASPAR2026_CORE_plants_non-redundant_pfms_meme.txt	MA1409.2	OsRR22	AGATACGST	2.13e-1	1.00e0	9.27e2	385	206	206	206	1	195	94.66	190	92.23
637	data/reference/motifs/JASPAR2026_CORE_plants_non-redundant_pfms_meme.txt	MA0949.2	ARR2	MGWATCTT	1.97e-1	1.00e0	9.27e2	401	206	206	206	8	22	10.68	16	7.77
638	data/reference/motifs/JASPAR2026_CORE_plants_non-redundant_pfms_meme.txt	MA0948.2	ARR18	AGATACG	3.12e-1	1.00e0	9.27e2	412	206	206	206	5	205	99.51	203	98.54
639	data/reference/motifs/JASPAR2026_CORE_plants_non-redundant_pfms_meme.txt	MA0121.2	ARR10	AGATHYK	5.83e-1	1.00e0	9.27e2	412	206	206	206	3	194	94.17	194	94.17
640	data/reference/motifs/JASPAR2026_CORE_plants_non-redundant_pfms_meme.txt	MA1794.2	NLP7	TGVCYYTT	1.85e-1	1.00e0	9.27e2	411	206	206	206	12	20	9.71	14	6.80
641	data/reference/motifs/JASPAR2026_CORE_plants_non-redundant_pfms_meme.txt	MA2022.2	LOB	CCGCCGCCGCMGC	6.60e-1	1.00e0	9.27e2	95	206	206	206	3	12	5.83	13	6.31
642	data/reference/motifs/JASPAR2026_CORE_plants_non-redundant_pfms_meme.txt	MA2021.2	LBD13	TCCACCGT	2.74e-1	1.00e0	9.27e2	383	206	206	206	2	165	80.10	159	77.18
643	data/reference/motifs/JASPAR2026_CORE_plants_non-redundant_pfms_meme.txt	MA1673.2	LBD18	GCCGGAAA	1.93e-1	1.00e0	9.27e2	379	206	206	206	6	65	31.55	56	27.18
644	data/reference/motifs/JASPAR2026_CORE_plants_non-redundant_pfms_meme.txt	MA1273.2	DOF4.2	AAAAAGGYAAA	1.11e-1	1.00e0	9.27e2	402	206	206	206	2	192	93.20	184	89.32
645	data/reference/motifs/JASPAR2026_CORE_plants_non-redundant_pfms_meme.txt	MA1272.3	DOF2.2	AAAAAG	1.57e-1	1.00e0	9.27e2	396	206	206	206	2	182	88.35	174	84.47
646	data/reference/motifs/JASPAR2026_CORE_plants_non-redundant_pfms_meme.txt	MA0987.2	PHYPADRAFT_140773	AAAG	8.81e-2	1.00e0	9.27e2	412	206	206	206	63	179	86.89	168	81.55
647	data/reference/motifs/JASPAR2026_CORE_plants_non-redundant_pfms_meme.txt	MA0984.2	DOF5.7	AAARR	1.24e-1	1.00e0	9.27e2	412	206	206	206	188	3	1.46	0	0.00
648	data/reference/motifs/JASPAR2026_CORE_plants_non-redundant_pfms_meme.txt	MA1396.2	GATA6	AGATCTAGAT	1.90e-1	1.00e0	9.27e2	197	206	206	206	4	8	3.88	4	1.94
649	data/reference/motifs/JASPAR2026_CORE_plants_non-redundant_pfms_meme.txt	MA1325.2	GATA14	TAGATCTR	5.00e-1	1.00e0	9.27e2	333	206	206	206	4	63	30.58	62	30.10
650	data/reference/motifs/JASPAR2026_CORE_plants_non-redundant_pfms_meme.txt	MA1323.2	GATA19	GATCBGATY	1.04e-1	1.00e0	9.27e2	352	206	206	206	1	181	87.86	171	83.01
651	data/reference/motifs/JASPAR2026_CORE_plants_non-redundant_pfms_meme.txt	MA1015.2	GATA12	AGATCT	2.25e-1	1.00e0	9.27e2	412	206	206	206	30	204	99.03	201	97.57
652	data/reference/motifs/JASPAR2026_CORE_plants_non-redundant_pfms_meme.txt	MA0558.2	FLC	CCMAAAATRGAAAG	1.84e-1	1.00e0	9.27e2	385	206	206	206	2	157	76.21	148	71.84
653	data/reference/motifs/JASPAR2026_CORE_plants_non-redundant_pfms_meme.txt	MA0001.3	AGL3	CCAWWWATAG	1.41e-1	1.00e0	9.27e2	409	206	206	206	3	186	90.29	178	86.41
654	data/reference/motifs/JASPAR2026_CORE_plants_non-redundant_pfms_meme.txt	MA1807.2	ZHD10	TAATTART	3.20e-1	1.00e0	9.27e2	381	206	206	206	9	11	5.34	8	3.88
655	data/reference/motifs/JASPAR2026_CORE_plants_non-redundant_pfms_meme.txt	MA1329.3	ZHD1	AYTAATTAA	8.89e-2	1.00e0	9.27e2	407	206	206	206	3	199	96.60	192	93.20
656	data/reference/motifs/JASPAR2026_CORE_plants_non-redundant_pfms_meme.txt	MA1824.2	Zm00001d005692	CAATAATT	2.25e-1	1.00e0	9.27e2	412	206	206	206	7	204	99.03	201	97.57
657	data/reference/motifs/JASPAR2026_CORE_plants_non-redundant_pfms_meme.txt	MA1757.2	HDG7	DCATTAAWTR	1.74e-1	1.00e0	9.27e2	393	206	206	206	1	199	96.60	194	94.17
658	data/reference/motifs/JASPAR2026_CORE_plants_non-redundant_pfms_meme.txt	MA1406.2	ATHB-4	YAATSATTG	2.13e-1	1.00e0	9.27e2	411	206	206	206	9	92	44.66	83	40.29
659	data/reference/motifs/JASPAR2026_CORE_plants_non-redundant_pfms_meme.txt	MA1375.2	ANL2	GCATTAATTR	4.23e-1	1.00e0	9.27e2	384	206	206	206	1	193	93.69	191	92.72
660	data/reference/motifs/JASPAR2026_CORE_plants_non-redundant_pfms_meme.txt	MA1327.3	ATHB-23	TAATTAA	3.36e-1	1.00e0	9.27e2	389	206	206	206	2	179	86.89	175	84.95
661	data/reference/motifs/JASPAR2026_CORE_plants_non-redundant_pfms_meme.txt	MA1215.2	ATHB-53	CAATAATTG	3.55e-1	1.00e0	9.27e2	381	206	206	206	1	192	93.20	189	91.75
662	data/reference/motifs/JASPAR2026_CORE_plants_non-redundant_pfms_meme.txt	MA1214.2	ATHB-40	ACCAATAATTG	1.07e-1	1.00e0	9.27e2	365	206	206	206	1	187	90.78	178	86.41
663	data/reference/motifs/JASPAR2026_CORE_plants_non-redundant_pfms_meme.txt	MA1212.2	ATHB-13	YAATAATT	1.06e-1	1.00e0	9.27e2	404	206	206	206	5	143	69.42	130	63.11
664	data/reference/motifs/JASPAR2026_CORE_plants_non-redundant_pfms_meme.txt	MA1211.2	ATHB-X	YAATYATTD	2.17e-1	1.00e0	9.27e2	398	206	206	206	2	186	90.29	180	87.38
665	data/reference/motifs/JASPAR2026_CORE_plants_non-redundant_pfms_meme.txt	MA1210.3	HAT22	CAATAATTG	8.88e-2	1.00e0	9.27e2	412	206	206	206	4	191	92.72	182	88.35
666	data/reference/motifs/JASPAR2026_CORE_plants_non-redundant_pfms_meme.txt	MA1209.2	ATHB-20	YAATAATT	5.00e-1	1.00e0	9.27e2	357	206	206	206	1	179	86.89	178	86.41
667	data/reference/motifs/JASPAR2026_CORE_plants_non-redundant_pfms_meme.txt	MA1198.2	HAT2	YAATCATT	2.25e-1	1.00e0	9.27e2	405	206	206	206	1	204	99.03	201	97.57
668	data/reference/motifs/JASPAR2026_CORE_plants_non-redundant_pfms_meme.txt	MA1026.3	ATHB-15	AWDRTAATGATKA	3.82e-1	1.00e0	9.27e2	342	206	206	206	2	125	60.68	121	58.74
669	data/reference/motifs/JASPAR2026_CORE_plants_non-redundant_pfms_meme.txt	MA0953.2	ATHB-6	CAATHAT	3.08e-1	1.00e0	9.27e2	412	206	206	206	55	125	60.68	119	57.77
670	data/reference/motifs/JASPAR2026_CORE_plants_non-redundant_pfms_meme.txt	MA0008.4	HAT5	CAATAATTG	2.68e-1	1.00e0	9.27e2	375	206	206	206	3	137	66.50	130	63.11
671	data/reference/motifs/JASPAR2026_CORE_plants_non-redundant_pfms_meme.txt	MA2020.2	HSFB4	GAAGTTTCCR	4.02e-1	1.00e0	9.27e2	331	206	206	206	1	167	81.07	164	79.61
672	data/reference/motifs/JASPAR2026_CORE_plants_non-redundant_pfms_meme.txt	MA2019.2	HSFA1B	GAAACTTC	1.62e-1	1.00e0	9.27e2	392	206	206	206	4	110	53.40	99	48.06
673	data/reference/motifs/JASPAR2026_CORE_plants_non-redundant_pfms_meme.txt	MA1761.2	HSFB3	AAGCTTCTAGAA	4.10e-1	1.00e0	9.27e2	336	206	206	206	5	11	5.34	9	4.37
674	data/reference/motifs/JASPAR2026_CORE_plants_non-redundant_pfms_meme.txt	MA1759.2	HSFA4A	AGAAGCTTCTAGAA	7.87e-1	1.00e0	9.27e2	177	206	206	206	1	85	41.26	92	44.66
675	data/reference/motifs/JASPAR2026_CORE_plants_non-redundant_pfms_meme.txt	MA1667.3	HSFC1	TTCYAGAA	2.33e-1	1.00e0	9.27e2	375	206	206	206	2	167	81.07	160	77.67
676	data/reference/motifs/JASPAR2026_CORE_plants_non-redundant_pfms_meme.txt	MA1665.3	HSFB2A	RGAAGSTTCY	1.86e-1	1.00e0	9.27e2	278	206	206	206	2	95	46.12	85	41.26
677	data/reference/motifs/JASPAR2026_CORE_plants_non-redundant_pfms_meme.txt	MA1664.3	HSFA6B	TTCTRGAA	2.13e-1	1.00e0	9.27e2	402	206	206	206	9	25	12.14	19	9.22
678	data/reference/motifs/JASPAR2026_CORE_plants_non-redundant_pfms_meme.txt	MA1805.2	WRKY53	RGTCAAC	1.99e-1	1.00e0	9.27e2	412	206	206	206	7	145	70.39	136	66.02
679	data/reference/motifs/JASPAR2026_CORE_plants_non-redundant_pfms_meme.txt	MA1318.2	WRKY27	CGTTGACTTTT	7.24e-1	1.00e0	9.27e2	183	206	206	206	1	89	43.20	94	45.63
680	data/reference/motifs/JASPAR2026_CORE_plants_non-redundant_pfms_meme.txt	MA1317.2	WRKY50	TTGACTTTT	3.62e-1	1.00e0	9.27e2	335	206	206	206	3	49	23.79	45	21.84
681	data/reference/motifs/JASPAR2026_CORE_plants_non-redundant_pfms_meme.txt	MA1316.2	WRKY71	AAAAGTCAAC	3.12e-1	1.00e0	9.27e2	288	206	206	206	5	3	1.46	1	0.49
682	data/reference/motifs/JASPAR2026_CORE_plants_non-redundant_pfms_meme.txt	MA1315.2	WRKY24	CGTTGACTTTT	5.00e-1	1.00e0	9.27e2	263	206	206	206	5	1	0.49	0	0.00
683	data/reference/motifs/JASPAR2026_CORE_plants_non-redundant_pfms_meme.txt	MA1314.2	WRKY14	AAAGTCAACG	2.28e-1	1.00e0	9.27e2	248	206	206	206	3	18	8.74	13	6.31
684	data/reference/motifs/JASPAR2026_CORE_plants_non-redundant_pfms_meme.txt	MA1313.2	WRKY7	CGTTGACTTTT	5.67e-1	1.00e0	9.27e2	136	206	206	206	2	19	9.22	19	9.22
685	data/reference/motifs/JASPAR2026_CORE_plants_non-redundant_pfms_meme.txt	MA1312.2	WRKY47	CGTTGACYW	4.00e-1	1.00e0	9.27e2	338	206	206	206	5	9	4.37	7	3.40
686	data/reference/motifs/JASPAR2026_CORE_plants_non-redundant_pfms_meme.txt	MA1311.3	WRKY28	RGTCAAC	3.20e-1	1.00e0	9.27e2	405	206	206	206	9	25	12.14	21	10.19
687	data/reference/motifs/JASPAR2026_CORE_plants_non-redundant_pfms_meme.txt	MA1310.2	WRKY42	CGTTGACT	5.00e-1	1.00e0	9.27e2	268	206	206	206	5	3	1.46	2	0.97
688	data/reference/motifs/JASPAR2026_CORE_plants_non-redundant_pfms_meme.txt	MA1308.2	WRKY70	CGTTGACTTT	7.28e-1	1.00e0	9.27e2	135	206	206	206	3	5	2.43	6	2.91
689	data/reference/motifs/JASPAR2026_CORE_plants_non-redundant_pfms_meme.txt	MA1307.3	WRKY31	RGTCAACG	5.40e-1	1.00e0	9.27e2	362	206	206	206	3	78	37.86	78	37.86
690	data/reference/motifs/JASPAR2026_CORE_plants_non-redundant_pfms_meme.txt	MA1306.2	WRKY11	CGTTGACTTTT	9.22e-1	1.00e0	9.27e2	256	206	206	206	3	14	6.80	21	10.19
691	data/reference/motifs/JASPAR2026_CORE_plants_non-redundant_pfms_meme.txt	MA1304.2	WRKY59	AAAAGTCAAM	1.24e-1	1.00e0	9.27e2	372	206	206	206	8	3	1.46	0	0.00
692	data/reference/motifs/JASPAR2026_CORE_plants_non-redundant_pfms_meme.txt	MA1303.2	WRKY22	AAAGTCAACK	2.49e-1	1.00e0	9.27e2	247	206	206	206	5	2	0.97	0	0.00
693	data/reference/motifs/JASPAR2026_CORE_plants_non-redundant_pfms_meme.txt	MA1302.2	WRKY65	AAAGTCAACG	7.25e-1	1.00e0	9.27e2	285	206	206	206	3	24	11.65	27	13.11
694	data/reference/motifs/JASPAR2026_CORE_plants_non-redundant_pfms_meme.txt	MA1300.2	WRKY6	CGTTGACT	2.49e-1	1.00e0	9.27e2	225	206	206	206	5	2	0.97	0	0.00
695	data/reference/motifs/JASPAR2026_CORE_plants_non-redundant_pfms_meme.txt	MA1299.2	WRKY17	AAAGTCAACG	2.08e-1	1.00e0	9.27e2	257	206	206	206	4	9	4.37	5	2.43
696	data/reference/motifs/JASPAR2026_CORE_plants_non-redundant_pfms_meme.txt	MA1298.2	WRKY29	AAAGTCAAC	6.91e-1	1.00e0	9.27e2	336	206	206	206	4	19	9.22	21	10.19
697	data/reference/motifs/JASPAR2026_CORE_plants_non-redundant_pfms_meme.txt	MA1297.2	WRKY26	AAAAGTCAACG	2.49e-1	1.00e0	9.27e2	241	206	206	206	5	2	0.97	0	0.00
698	data/reference/motifs/JASPAR2026_CORE_plants_non-redundant_pfms_meme.txt	MA1296.2	WRKY46	CGTTGACTTT	3.10e-1	1.00e0	9.27e2	224	206	206	206	1	115	55.83	109	52.91
699	data/reference/motifs/JASPAR2026_CORE_plants_non-redundant_pfms_meme.txt	MA1295.2	WRKY20	CGTTGACY	5.00e-1	1.00e0	9.27e2	314	206	206	206	6	2	0.97	1	0.49
700	data/reference/motifs/JASPAR2026_CORE_plants_non-redundant_pfms_meme.txt	MA1092.2	WRKY63	GGTCAA	3.12e-1	1.00e0	9.27e2	356	206	206	206	8	3	1.46	1	0.49
701	data/reference/motifs/JASPAR2026_CORE_plants_non-redundant_pfms_meme.txt	MA1090.2	WRKY60	GGTCAAC	2.79e-1	1.00e0	9.27e2	355	206	206	206	5	16	7.77	12	5.83
702	data/reference/motifs/JASPAR2026_CORE_plants_non-redundant_pfms_meme.txt	MA1086.2	WRKY43	RGTCAA	1.61e-1	1.00e0	9.27e2	412	206	206	206	22	200	97.09	195	94.66
703	data/reference/motifs/JASPAR2026_CORE_plants_non-redundant_pfms_meme.txt	MA1085.3	WRKY40	AGTCAA	3.12e-1	1.00e0	9.27e2	337	206	206	206	7	3	1.46	1	0.49
704	data/reference/motifs/JASPAR2026_CORE_plants_non-redundant_pfms_meme.txt	MA1083.3	WRKY30	ARGTCAACG	4.02e-1	1.00e0	9.27e2	356	206	206	206	4	42	20.39	39	18.93
705	data/reference/motifs/JASPAR2026_CORE_plants_non-redundant_pfms_meme.txt	MA1081.3	WRKY25	RGTCAACG	2.45e-1	1.00e0	9.27e2	375	206	206	206	3	100	48.54	92	44.66
706	data/reference/motifs/JASPAR2026_CORE_plants_non-redundant_pfms_meme.txt	MA1079.3	WRKY21	AAAAGTCAACG	3.12e-1	1.00e0	9.27e2	278	206	206	206	5	3	1.46	1	0.49
707	data/reference/motifs/JASPAR2026_CORE_plants_non-redundant_pfms_meme.txt	MA1078.2	WRKY2	GGTCAAM	3.39e-1	1.00e0	9.27e2	394	206	206	206	3	138	66.99	133	64.56
708	data/reference/motifs/JASPAR2026_CORE_plants_non-redundant_pfms_meme.txt	MA1077.2	WRKY18	RGTCAA	3.12e-1	1.00e0	9.27e2	410	206	206	206	14	3	1.46	1	0.49
709	data/reference/motifs/JASPAR2026_CORE_plants_non-redundant_pfms_meme.txt	MA1076.3	WRKY15	RGTCAACG	2.96e-1	1.00e0	9.27e2	378	206	206	206	1	191	92.72	187	90.78
710	data/reference/motifs/JASPAR2026_CORE_plants_non-redundant_pfms_meme.txt	MA0589.2	WRKY1	TTGACCGAGY	3.11e-1	1.00e0	9.27e2	212	206	206	206	1	109	52.91	103	50.00
711	data/reference/motifs/JASPAR2026_CORE_plants_non-redundant_pfms_meme.txt	MA2051.2	NAC68	ACAAGTAW	1.74e-1	1.00e0	9.27e2	412	206	206	206	8	177	85.92	169	82.04
712	data/reference/motifs/JASPAR2026_CORE_plants_non-redundant_pfms_meme.txt	MA2050.2	NAC101	CAAGCAA	3.47e-1	1.00e0	9.27e2	412	206	206	206	10	107	51.94	102	49.51
713	data/reference/motifs/JASPAR2026_CORE_plants_non-redundant_pfms_meme.txt	MA2047.2	NAC037	CAAGCAA	1.50e-1	1.00e0	9.27e2	411	206	206	206	13	30	14.56	22	10.68
714	data/reference/motifs/JASPAR2026_CORE_plants_non-redundant_pfms_meme.txt	MA2044.2	NAC007	CAAGCAA	1.99e-1	1.00e0	9.27e2	411	206	206	206	5	180	87.38	173	83.98
715	data/reference/motifs/JASPAR2026_CORE_plants_non-redundant_pfms_meme.txt	MA2036.2	NAC076	CAAGCAA	1.07e-1	1.00e0	9.27e2	412	206	206	206	6	171	83.01	160	77.67
716	data/reference/motifs/JASPAR2026_CORE_plants_non-redundant_pfms_meme.txt	MA2018.2	NAC69	ACAAGGCA	3.46e-1	1.00e0	9.27e2	407	206	206	206	11	15	7.28	12	5.83
717	data/reference/motifs/JASPAR2026_CORE_plants_non-redundant_pfms_meme.txt	MA2010.2	SMB	CAAGCAA	2.97e-1	1.00e0	9.27e2	412	206	206	206	6	175	84.95	170	82.52
718	data/reference/motifs/JASPAR2026_CORE_plants_non-redundant_pfms_meme.txt	MA1787.2	NAC047	ACACGTMWCT	1.20e-1	1.00e0	9.27e2	365	206	206	206	2	149	72.33	137	66.50
719	data/reference/motifs/JASPAR2026_CORE_plants_non-redundant_pfms_meme.txt	MA1786.2	NAC019	YACGBMA	9.70e-2	1.00e0	9.27e2	412	206	206	206	13	93	45.15	79	38.35
720	data/reference/motifs/JASPAR2026_CORE_plants_non-redundant_pfms_meme.txt	MA1676.3	NAC062	TAAGTAA	2.72e-1	1.00e0	9.27e2	412	206	206	206	21	15	7.28	11	5.34
721	data/reference/motifs/JASPAR2026_CORE_plants_non-redundant_pfms_meme.txt	MA1675.2	NAC029	ACGCAACT	3.59e-1	1.00e0	9.27e2	379	206	206	206	1	191	92.72	188	91.26
722	data/reference/motifs/JASPAR2026_CORE_plants_non-redundant_pfms_meme.txt	MA1414.2	E2FA	GCGCCA	3.43e-1	1.00e0	9.27e2	367	206	206	206	11	4	1.94	2	0.97
723	data/reference/motifs/JASPAR2026_CORE_plants_non-redundant_pfms_meme.txt	MA1813.2	EIL4	TWCAATGAA	3.36e-1	1.00e0	9.27e2	403	206	206	206	7	68	33.01	63	30.58
724	data/reference/motifs/JASPAR2026_CORE_plants_non-redundant_pfms_meme.txt	MA1809.2	GLYMA-07G038400	CTGACAC	1.01e-1	1.00e0	9.27e2	410	206	206	206	3	201	97.57	195	94.66
725	data/reference/motifs/JASPAR2026_CORE_plants_non-redundant_pfms_meme.txt	MA1756.2	GRF9	TGTCAGA	1.51e-1	1.00e0	9.27e2	339	206	206	206	1	174	84.47	165	80.10
726	data/reference/motifs/JASPAR2026_CORE_plants_non-redundant_pfms_meme.txt	MA1197.2	CAMTA1	AARCGCGTG	2.98e-1	1.00e0	9.27e2	130	206	206	206	1	68	33.01	62	30.10
727	data/reference/motifs/JASPAR2026_CORE_plants_non-redundant_pfms_meme.txt	MA1405.2	SIZF2	ACTGACAGT	3.12e-1	1.00e0	9.27e2	337	206	206	206	15	3	1.46	1	0.49
728	data/reference/motifs/JASPAR2026_CORE_plants_non-redundant_pfms_meme.txt	MA1372.2	ZAT10	CACTNHCACT	6.11e-1	1.00e0	9.27e2	412	206	206	206	5	176	85.44	177	85.92
729	data/reference/motifs/JASPAR2026_CORE_plants_non-redundant_pfms_meme.txt	MA1371.2	IDD4	ASAAAAMGACAAAAA	1.63e-1	1.00e0	9.27e2	225	206	206	206	2	46	22.33	37	17.96
730	data/reference/motifs/JASPAR2026_CORE_plants_non-redundant_pfms_meme.txt	MA1370.2	IDD5	TTTTGTCGTTTWST	2.00e-1	1.00e0	9.27e2	210	206	206	206	2	48	23.30	40	19.42
731	data/reference/motifs/JASPAR2026_CORE_plants_non-redundant_pfms_meme.txt	MA1160.2	IDD6	TTTTTGTCGTTTTSTK	2.72e-1	1.00e0	9.27e2	214	206	206	206	4	7	3.40	4	1.94
732	data/reference/motifs/JASPAR2026_CORE_plants_non-redundant_pfms_meme.txt	MA1159.2	SGR5	AAAWAAGACAAAA	2.97e-1	1.00e0	9.27e2	360	206	206	206	2	146	70.87	140	67.96
733	data/reference/motifs/JASPAR2026_CORE_plants_non-redundant_pfms_meme.txt	MA1158.2	MGP	AAAACGACAAAAA	3.01e-1	1.00e0	9.27e2	208	206	206	206	2	38	18.45	33	16.02
734	data/reference/motifs/JASPAR2026_CORE_plants_non-redundant_pfms_meme.txt	MA1157.2	NUC	TTTTGTCGTTTT	2.93e-1	1.00e0	9.27e2	264	206	206	206	2	62	30.10	56	27.18
735	data/reference/motifs/JASPAR2026_CORE_plants_non-redundant_pfms_meme.txt	MA1156.2	JKD	TTTTGTCKTTTT	3.03e-1	1.00e0	9.27e2	350	206	206	206	4	39	18.93	34	16.50
736	data/reference/motifs/JASPAR2026_CORE_plants_non-redundant_pfms_meme.txt	MA2015.2	NAC002	ACGCAACT	3.86e-1	1.00e0	9.27e2	395	206	206	206	2	180	87.38	177	85.92
737	data/reference/motifs/JASPAR2026_CORE_plants_non-redundant_pfms_meme.txt	MA1743.2	BZIP2	TGCTGACGTGGCA	7.13e-1	1.00e0	9.27e2	59	206	206	206	1	28	13.59	31	15.05
738	data/reference/motifs/JASPAR2026_CORE_plants_non-redundant_pfms_meme.txt	MA1345.2	BZIP48	GCCACGTCAGCA	6.16e-1	1.00e0	9.27e2	53	206	206	206	1	26	12.62	27	13.11
739	data/reference/motifs/JASPAR2026_CORE_plants_non-redundant_pfms_meme.txt	MA1341.2	BZIP53	TGCTGACGTGGCA	6.16e-1	1.00e0	9.27e2	53	206	206	206	1	26	12.62	27	13.11
740	data/reference/motifs/JASPAR2026_CORE_plants_non-redundant_pfms_meme.txt	MA1340.2	BZIP3	TGMTGACGTGGCA	6.88e-1	1.00e0	9.27e2	92	206	206	206	3	2	0.97	2	0.97
741	data/reference/motifs/JASPAR2026_CORE_plants_non-redundant_pfms_meme.txt	MA1334.2	BZIP11	TGCCACGTCAGCA	6.67e-1	1.00e0	9.27e2	56	206	206	206	1	27	13.11	29	14.08
742	data/reference/motifs/JASPAR2026_CORE_plants_non-redundant_pfms_meme.txt	MA1744.2	BZIP30	GMCAGCTGK	1.56e-1	1.00e0	9.27e2	396	206	206	206	6	85	41.26	74	35.92
743	data/reference/motifs/JASPAR2026_CORE_plants_non-redundant_pfms_meme.txt	MA1343.2	BZIP52	TGMCAGCT	5.00e-1	1.00e0	9.27e2	261	206	206	206	5	5	2.43	4	1.94
744	data/reference/motifs/JASPAR2026_CORE_plants_non-redundant_pfms_meme.txt	MA1069.3	TGA6	ATGAYGTCAT	4.56e-1	1.00e0	9.27e2	298	206	206	206	1	150	72.82	148	71.84
745	data/reference/motifs/JASPAR2026_CORE_plants_non-redundant_pfms_meme.txt	MA1047.3	TGA5	ATGACGTCA	1.51e-1	1.00e0	9.27e2	312	206	206	206	1	161	78.16	151	73.30
746	data/reference/motifs/JASPAR2026_CORE_plants_non-redundant_pfms_meme.txt	MA0588.2	TGA1	SVTGACGT	2.05e-1	1.00e0	9.27e2	374	206	206	206	4	78	37.86	69	33.50
747	data/reference/motifs/JASPAR2026_CORE_plants_non-redundant_pfms_meme.txt	MA1659.2	ABF4	CCACGTS	3.43e-1	1.00e0	9.27e2	406	206	206	206	1	204	99.03	202	98.06
748	data/reference/motifs/JASPAR2026_CORE_plants_non-redundant_pfms_meme.txt	MA0931.2	ABI5	GMCACGTG	2.85e-1	1.00e0	9.27e2	201	206	206	206	2	55	26.70	49	23.79
749	data/reference/motifs/JASPAR2026_CORE_plants_non-redundant_pfms_meme.txt	MA1822.2	Zm00001d018571	GTACGTAC	4.01e-1	1.00e0	9.27e2	337	206	206	206	7	41	19.90	38	18.45
750	data/reference/motifs/JASPAR2026_CORE_plants_non-redundant_pfms_meme.txt	MA1828.2	Zm00001d038683	GTGGTCCA	1.69e-1	1.00e0	9.27e2	358	206	206	206	12	7	3.40	3	1.46
751	data/reference/motifs/JASPAR2026_CORE_plants_non-redundant_pfms_meme.txt	MA1428.2	TCP8	GGSCCCAC	2.17e-1	1.00e0	9.27e2	406	206	206	206	4	174	84.47	167	81.07
752	data/reference/motifs/JASPAR2026_CORE_plants_non-redundant_pfms_meme.txt	MA1064.2	TCP2	TGGKMCCA	9.44e-2	1.00e0	9.27e2	391	206	206	206	8	133	64.56	119	57.77
753	data/reference/motifs/JASPAR2026_CORE_plants_non-redundant_pfms_meme.txt	MA1063.2	TCP19	GGSCCCAC	3.08e-1	1.00e0	9.27e2	391	206	206	206	8	42	20.39	37	17.96
754	data/reference/motifs/JASPAR2026_CORE_plants_non-redundant_pfms_meme.txt	MA1019.2	Glyma19g26560.1	GGSCCCAC	1.36e-1	1.00e0	9.27e2	364	206	206	206	4	92	44.66	80	38.83
755	data/reference/motifs/JASPAR2026_CORE_plants_non-redundant_pfms_meme.txt	MA1739.2	BHLH122	CMACTTG	3.43e-1	1.00e0	9.27e2	271	206	206	206	6	4	1.94	2	0.97
756	data/reference/motifs/JASPAR2026_CORE_plants_non-redundant_pfms_meme.txt	MA1362.2	bHLH77	DWNGBCACGTGM	3.39e-1	1.00e0	9.27e2	143	206	206	206	1	74	35.92	69	33.50
757	data/reference/motifs/JASPAR2026_CORE_plants_non-redundant_pfms_meme.txt	MA1359.3	BPE	CACGTG	2.13e-1	1.00e0	9.27e2	235	206	206	206	2	122	59.22	113	54.85
758	data/reference/motifs/JASPAR2026_CORE_plants_non-redundant_pfms_meme.txt	MA1358.2	bHLH130	CMACTTGC	1.97e-1	1.00e0	9.27e2	218	206	206	206	3	22	10.68	16	7.77
759	data/reference/motifs/JASPAR2026_CORE_plants_non-redundant_pfms_meme.txt	MA0964.3	BIM1	TCACGTGA	2.25e-1	1.00e0	9.27e2	211	206	206	206	8	5	2.43	2	0.97
760	data/reference/motifs/JASPAR2026_CORE_plants_non-redundant_pfms_meme.txt	MA0552.2	PIF1	CACGTG	3.47e-1	1.00e0	9.27e2	215	206	206	206	1	110	53.40	105	50.97
761	data/reference/motifs/JASPAR2026_CORE_plants_non-redundant_pfms_meme.txt	MA0582.2	RAV1	GCAACA	6.24e-1	1.00e0	9.27e2	407	206	206	206	6	138	66.99	140	67.96
762	data/reference/motifs/JASPAR2026_CORE_plants_non-redundant_pfms_meme.txt	MA1698.2	ARF7	GCCGACAAG	1.61e-1	1.00e0	9.27e2	320	206	206	206	5	33	16.02	25	12.14
763	data/reference/motifs/JASPAR2026_CORE_plants_non-redundant_pfms_meme.txt	MA1697.2	ARF4	ACGACAAG	3.45e-1	1.00e0	9.27e2	405	206	206	206	6	90	43.69	85	41.26
764	data/reference/motifs/JASPAR2026_CORE_plants_non-redundant_pfms_meme.txt	MA1696.2	ARF39	GGGGRACACGT	1.82e-1	1.00e0	9.27e2	340	206	206	206	1	174	84.47	166	80.58
765	data/reference/motifs/JASPAR2026_CORE_plants_non-redundant_pfms_meme.txt	MA1695.2	ARF36	GGGGGACAHGTC	7.51e-1	1.00e0	9.27e2	244	206	206	206	8	1	0.49	1	0.49
766	data/reference/motifs/JASPAR2026_CORE_plants_non-redundant_pfms_meme.txt	MA1694.2	ARF35	CCCGACAAG	1.86e-1	1.00e0	9.27e2	352	206	206	206	8	4	1.94	1	0.49
767	data/reference/motifs/JASPAR2026_CORE_plants_non-redundant_pfms_meme.txt	MA1693.2	ARF34	CAGACAGC	1.86e-1	1.00e0	9.27e2	391	206	206	206	12	4	1.94	1	0.49
768	data/reference/motifs/JASPAR2026_CORE_plants_non-redundant_pfms_meme.txt	MA1692.2	ARF29	GCCGACAA	1.46e-1	1.00e0	9.27e2	370	206	206	206	9	10	4.85	5	2.43
769	data/reference/motifs/JASPAR2026_CORE_plants_non-redundant_pfms_meme.txt	MA1691.2	ARF27	GCAGACAT	1.10e-1	1.00e0	9.27e2	401	206	206	206	12	8	3.88	3	1.46
770	data/reference/motifs/JASPAR2026_CORE_plants_non-redundant_pfms_meme.txt	MA1690.2	ARF25	ARMGGGRGACAM	5.00e-1	1.00e0	9.27e2	250	206	206	206	5	5	2.43	4	1.94
771	data/reference/motifs/JASPAR2026_CORE_plants_non-redundant_pfms_meme.txt	MA1689.2	ARF18	CCGACAAA	2.25e-1	1.00e0	9.27e2	405	206	206	206	1	204	99.03	201	97.57
772	data/reference/motifs/JASPAR2026_CORE_plants_non-redundant_pfms_meme.txt	MA1685.2	ARF10	ARNGGGAGACA	3.12e-1	1.00e0	9.27e2	293	206	206	206	10	3	1.46	1	0.49
773	data/reference/motifs/JASPAR2026_CORE_plants_non-redundant_pfms_meme.txt	MA0944.2	ARF8	TGTCGG	1.42e-1	1.00e0	9.27e2	412	206	206	206	7	204	99.03	200	97.09
774	data/reference/motifs/JASPAR2026_CORE_plants_non-redundant_pfms_meme.txt	MA0943.2	ARF5	RCCGACA	5.00e-1	1.00e0	9.27e2	365	206	206	206	1	183	88.83	182	88.35
775	data/reference/motifs/JASPAR2026_CORE_plants_non-redundant_pfms_meme.txt	MA0942.2	ARF1	ACCGACA	2.79e-1	1.00e0	9.27e2	304	206	206	206	5	16	7.77	12	5.83
776	data/reference/motifs/JASPAR2026_CORE_plants_non-redundant_pfms_meme.txt	MA2013.2	ERF115	YCGCCGCCGCM	5.00e-1	1.00e0	9.27e2	106	206	206	206	7	2	0.97	1	0.49
777	data/reference/motifs/JASPAR2026_CORE_plants_non-redundant_pfms_meme.txt	MA1833.2	Zm00001d049364	CCGCCGCCGCC	3.54e-1	1.00e0	9.27e2	145	206	206	206	2	42	20.39	38	18.45
778	data/reference/motifs/JASPAR2026_CORE_plants_non-redundant_pfms_meme.txt	MA1831.2	Zm00001d031796	GACGGCGACG	2.84e-1	1.00e0	9.27e2	224	206	206	206	4	31	15.05	26	12.62
779	data/reference/motifs/JASPAR2026_CORE_plants_non-redundant_pfms_meme.txt	MA1804.2	WIN1	CRCCGC	1.42e-1	1.00e0	9.27e2	411	206	206	206	34	6	2.91	2	0.97
780	data/reference/motifs/JASPAR2026_CORE_plants_non-redundant_pfms_meme.txt	MA1795.2	RAP2-4	CRCCGACC	2.12e-1	1.00e0	9.27e2	405	206	206	206	9	91	44.17	82	39.81
781	data/reference/motifs/JASPAR2026_CORE_plants_non-redundant_pfms_meme.txt	MA1754.2	ERF073	CKCCGCCGCCR	5.00e-1	1.00e0	9.27e2	71	206	206	206	3	6	2.91	5	2.43
782	data/reference/motifs/JASPAR2026_CORE_plants_non-redundant_pfms_meme.txt	MA1752.2	ERF025	YGCCGACA	5.00e-1	1.00e0	9.27e2	180	206	206	206	2	35	16.99	34	16.50
783	data/reference/motifs/JASPAR2026_CORE_plants_non-redundant_pfms_meme.txt	MA1679.2	RAP2-1	CACCGACA	1.69e-1	1.00e0	9.27e2	272	206	206	206	7	7	3.40	3	1.46
784	data/reference/motifs/JASPAR2026_CORE_plants_non-redundant_pfms_meme.txt	MA1671.2	ERF118	CCGCCGCC	6.16e-1	1.00e0	9.27e2	192	206	206	206	1	95	46.12	97	47.09
785	data/reference/motifs/JASPAR2026_CORE_plants_non-redundant_pfms_meme.txt	MA1670.2	DREB1C	GCCGACAT	4.58e-1	1.00e0	9.27e2	328	206	206	206	3	68	33.01	66	32.04
786	data/reference/motifs/JASPAR2026_CORE_plants_non-redundant_pfms_meme.txt	MA1669.2	DREB1B	GCCGACAT	5.56e-1	1.00e0	9.27e2	299	206	206	206	4	29	14.08	29	14.08
787	data/reference/motifs/JASPAR2026_CORE_plants_non-redundant_pfms_meme.txt	MA1264.2	ERF095	RYGGCGGCGGHGG	5.00e-1	1.00e0	9.27e2	78	206	206	206	3	8	3.88	7	3.40
788	data/reference/motifs/JASPAR2026_CORE_plants_non-redundant_pfms_meme.txt	MA1262.2	ERF2	CCDCCGCCGCCRY	4.35e-1	1.00e0	9.27e2	113	206	206	206	2	22	10.68	20	9.71
789	data/reference/motifs/JASPAR2026_CORE_plants_non-redundant_pfms_meme.txt	MA1261.2	ERF122	TRCGGCKGHG	6.38e-1	1.00e0	9.27e2	273	206	206	206	7	4	1.94	4	1.94
790	data/reference/motifs/JASPAR2026_CORE_plants_non-redundant_pfms_meme.txt	MA1258.2	DREB2A	AWGKCGGTG	3.62e-1	1.00e0	9.27e2	170	206	206	206	4	5	2.43	3	1.46
791	data/reference/motifs/JASPAR2026_CORE_plants_non-redundant_pfms_meme.txt	MA1253.2	ERF036	TGTCGGTG	2.25e-1	1.00e0	9.27e2	266	206	206	206	6	5	2.43	2	0.97
792	data/reference/motifs/JASPAR2026_CORE_plants_non-redundant_pfms_meme.txt	MA1252.2	ERF086	CCKCCGCCGY	6.88e-1	1.00e0	9.27e2	106	206	206	206	5	2	0.97	2	0.97
793	data/reference/motifs/JASPAR2026_CORE_plants_non-redundant_pfms_meme.txt	MA1248.2	ERF012	CCACCGMC	3.49e-1	1.00e0	9.27e2	193	206	206	206	2	38	18.45	34	16.50
794	data/reference/motifs/JASPAR2026_CORE_plants_non-redundant_pfms_meme.txt	MA1247.2	ERF087	GRCGGCGGMG	6.50e-1	1.00e0	9.27e2	88	206	206	206	2	14	6.80	15	7.28
795	data/reference/motifs/JASPAR2026_CORE_plants_non-redundant_pfms_meme.txt	MA1246.2	LEP	CKCCGCCGYC	3.05e-1	1.00e0	9.27e2	143	206	206	206	3	21	10.19	17	8.25
796	data/reference/motifs/JASPAR2026_CORE_plants_non-redundant_pfms_meme.txt	MA1245.3	ERF112	CCGCCGCCR	4.61e-1	1.00e0	9.27e2	218	206	206	206	1	110	53.40	108	52.43
797	data/reference/motifs/JASPAR2026_CORE_plants_non-redundant_pfms_meme.txt	MA1239.2	ERF104	CCDCCDCCGCCGCCRY	6.25e-1	1.00e0	9.27e2	78	206	206	206	3	5	2.43	5	2.43
798	data/reference/motifs/JASPAR2026_CORE_plants_non-redundant_pfms_meme.txt	MA1238.3	ERF038	CACCGACA	2.23e-1	1.00e0	9.27e2	266	206	206	206	6	10	4.85	6	2.91
799	data/reference/motifs/JASPAR2026_CORE_plants_non-redundant_pfms_meme.txt	MA1233.3	ERF021	CGCCGACA	4.05e-1	1.00e0	9.27e2	320	206	206	206	8	10	4.85	8	3.88
800	data/reference/motifs/JASPAR2026_CORE_plants_non-redundant_pfms_meme.txt	MA1231.3	ERF15	MGCCGCCD	2.45e-1	1.00e0	9.27e2	202	206	206	206	1	105	50.97	97	47.09
801	data/reference/motifs/JASPAR2026_CORE_plants_non-redundant_pfms_meme.txt	MA1228.2	ERF091	RYGGCGGCGGHGG	5.54e-1	1.00e0	9.27e2	64	206	206	206	1	32	15.53	32	15.53
802	data/reference/motifs/JASPAR2026_CORE_plants_non-redundant_pfms_meme.txt	MA1227.3	ERF027	RCCGACA	1.26e-1	1.00e0	9.27e2	334	206	206	206	7	13	6.31	7	3.40
803	data/reference/motifs/JASPAR2026_CORE_plants_non-redundant_pfms_meme.txt	MA1226.2	DREB2G	GGHGGAGGCGGTGG	2.68e-1	1.00e0	9.27e2	145	206	206	206	1	76	36.89	69	33.50
804	data/reference/motifs/JASPAR2026_CORE_plants_non-redundant_pfms_meme.txt	MA1219.3	ERF011	CACCGAC	2.12e-1	1.00e0	9.27e2	310	206	206	206	1	159	77.18	151	73.30
805	data/reference/motifs/JASPAR2026_CORE_plants_non-redundant_pfms_meme.txt	MA1218.2	DREB1D	ATGTCGGY	4.56e-1	1.00e0	9.27e2	114	206	206	206	1	58	28.16	56	27.18
806	data/reference/motifs/JASPAR2026_CORE_plants_non-redundant_pfms_meme.txt	MA1010.2	PHYPADRAFT_64121	TGTCGGTA	4.34e-1	1.00e0	9.27e2	403	206	206	206	8	21	10.19	19	9.22
807	data/reference/motifs/JASPAR2026_CORE_plants_non-redundant_pfms_meme.txt	MA1005.3	ERF082	CCGCCGCCR	3.62e-1	1.00e0	9.27e2	199	206	206	206	6	5	2.43	3	1.46
808	data/reference/motifs/JASPAR2026_CORE_plants_non-redundant_pfms_meme.txt	MA1001.4	ERF076	CCGCCGCCRC	2.15e-1	1.00e0	9.27e2	189	206	206	206	1	99	48.06	90	43.69
809	data/reference/motifs/JASPAR2026_CORE_plants_non-redundant_pfms_meme.txt	MA1000.3	ERF105	RYGGCGGCGG	5.00e-1	1.00e0	9.27e2	90	206	206	206	2	14	6.80	13	6.31
810	data/reference/motifs/JASPAR2026_CORE_plants_non-redundant_pfms_meme.txt	MA0994.3	ERF8	TGRCGGCGGCG	4.05e-1	1.00e0	9.27e2	149	206	206	206	4	10	4.85	8	3.88
811	data/reference/motifs/JASPAR2026_CORE_plants_non-redundant_pfms_meme.txt	MA0993.2	ERF7	GCCG	1.19e-1	1.00e0	9.27e2	411	206	206	206	13	165	80.10	154	74.76
812	data/reference/motifs/JASPAR2026_CORE_plants_non-redundant_pfms_meme.txt	MA0980.3	RAP2-10	RCCGACA	2.34e-1	1.00e0	9.27e2	318	206	206	206	5	19	9.22	14	6.80
813	data/reference/motifs/JASPAR2026_CORE_plants_non-redundant_pfms_meme.txt	MA0976.3	CRF4	CCGCCGCCRC	4.37e-1	1.00e0	9.27e2	178	206	206	206	3	23	11.17	21	10.19
814	data/reference/motifs/JASPAR2026_CORE_plants_non-redundant_pfms_meme.txt	MA0971.2	DREB1A	ATGTCGGY	5.00e-1	1.00e0	9.27e2	305	206	206	206	5	21	10.19	20	9.71
815	data/reference/motifs/JASPAR2026_CORE_plants_non-redundant_pfms_meme.txt	MA1377.2	PLT1	KGCACGVWTHYCGAGR	5.00e-1	1.00e0	9.27e2	124	206	206	206	3	1	0.49	0	0.00
816	data/reference/motifs/JASPAR2026_CORE_plants_non-redundant_pfms_meme.txt	MA2455.1	SPL9D	AGCGGTASTACCGC	9.02e-1	1.00e0	9.27e2	56	206	206	206	1	24	11.65	32	15.53
817	data/reference/motifs/JASPAR2026_CORE_plants_non-redundant_pfms_meme.txt	MA2454.1	SPL8D1	ATAGTACATA	1.57e-1	1.00e0	9.27e2	412	206	206	206	7	129	62.62	118	57.28
818	data/reference/motifs/JASPAR2026_CORE_plants_non-redundant_pfms_meme.txt	MA2453.1	SPL8B	ATAGTACTC	3.01e-1	1.00e0	9.27e2	341	206	206	206	1	173	83.98	168	81.55
819	data/reference/motifs/JASPAR2026_CORE_plants_non-redundant_pfms_meme.txt	MA2452.1	SPL8A	ATAGTACTC	1.00e-1	1.00e0	9.27e2	369	206	206	206	3	112	54.37	98	47.57
820	data/reference/motifs/JASPAR2026_CORE_plants_non-redundant_pfms_meme.txt	MA2448.1	SPL5D	AGCGGTASTACCGC	7.45e-1	1.00e0	9.27e2	41	206	206	206	1	19	9.22	22	10.68
821	data/reference/motifs/JASPAR2026_CORE_plants_non-redundant_pfms_meme.txt	MA2446.1	SPL5A	GCGGTASTACCGC	7.97e-1	1.00e0	9.27e2	57	206	206	206	2	18	8.74	22	10.68
822	data/reference/motifs/JASPAR2026_CORE_plants_non-redundant_pfms_meme.txt	MA2445.1	SPL4D	GGTACTACCGCT	2.15e-1	1.00e0	9.27e2	211	206	206	206	1	110	53.40	101	49.03
823	data/reference/motifs/JASPAR2026_CORE_plants_non-redundant_pfms_meme.txt	MA2444.1	SPL4A	GCGGTASTACCGC	7.60e-1	1.00e0	9.27e2	58	206	206	206	1	27	13.11	31	15.05
824	data/reference/motifs/JASPAR2026_CORE_plants_non-redundant_pfms_meme.txt	MA2443.1	SPL3D	GCGGTASTACCGC	7.54e-1	1.00e0	9.27e2	55	206	206	206	2	17	8.25	20	9.71
825	data/reference/motifs/JASPAR2026_CORE_plants_non-redundant_pfms_meme.txt	MA2442.1	SPL3B	AGCGGTASTACCGC	9.09e-1	1.00e0	9.27e2	52	206	206	206	1	22	10.68	30	14.56
826	data/reference/motifs/JASPAR2026_CORE_plants_non-redundant_pfms_meme.txt	MA2440.1	SPL2B	GCGGTASTACCGC	7.87e-1	1.00e0	9.27e2	78	206	206	206	2	12	5.83	15	7.28
827	data/reference/motifs/JASPAR2026_CORE_plants_non-redundant_pfms_meme.txt	MA2439.1	SPL2A	GCGGTASTACCGC	8.89e-1	1.00e0	9.27e2	36	206	206	206	1	15	7.28	21	10.19
828	data/reference/motifs/JASPAR2026_CORE_plants_non-redundant_pfms_meme.txt	MA2438.1	SPL1D	GCRGTASTACCGCT	8.14e-1	1.00e0	9.27e2	72	206	206	206	4	2	0.97	3	1.46
829	data/reference/motifs/JASPAR2026_CORE_plants_non-redundant_pfms_meme.txt	MA2437.1	SPL19B	GCGGTASTACCGC	9.56e-1	1.00e0	9.27e2	22	206	206	206	2	4	1.94	9	4.37
830	data/reference/motifs/JASPAR2026_CORE_plants_non-redundant_pfms_meme.txt	MA2436.1	SPL18A	GCGGTASTACCGCT	7.13e-1	1.00e0	9.27e2	51	206	206	206	2	6	2.91	7	3.40
831	data/reference/motifs/JASPAR2026_CORE_plants_non-redundant_pfms_meme.txt	MA2435.1	SPL16D	GCGGTASTACCGC	7.60e-1	1.00e0	9.27e2	90	206	206	206	2	16	7.77	19	9.22
832	data/reference/motifs/JASPAR2026_CORE_plants_non-redundant_pfms_meme.txt	MA2433.1	SPL15D	GCGGTACTAC	3.28e-1	1.00e0	9.27e2	268	206	206	206	5	12	5.83	9	4.37
833	data/reference/motifs/JASPAR2026_CORE_plants_non-redundant_pfms_meme.txt	MA2431.1	SPL15A	AGCGGTASTACCGC	6.54e-1	1.00e0	9.27e2	81	206	206	206	2	13	6.31	14	6.80
834	data/reference/motifs/JASPAR2026_CORE_plants_non-redundant_pfms_meme.txt	MA2430.1	SPL14B	GCGGTASTACCGC	4.49e-1	1.00e0	9.27e2	76	206	206	206	1	39	18.93	37	17.96
835	data/reference/motifs/JASPAR2026_CORE_plants_non-redundant_pfms_meme.txt	MA2428.1	SPL13B	GCGGTASTACCGC	8.84e-1	1.00e0	9.27e2	38	206	206	206	1	16	7.77	22	10.68
836	data/reference/motifs/JASPAR2026_CORE_plants_non-redundant_pfms_meme.txt	MA2427.1	SPL12B	AGCGGTASTACCGC	8.19e-1	1.00e0	9.27e2	49	206	206	206	1	22	10.68	27	13.11
837	data/reference/motifs/JASPAR2026_CORE_plants_non-redundant_pfms_meme.txt	MA2426.1	SPL11B	AGCGGTASTACCGCT	8.99e-1	1.00e0	9.27e2	22	206	206	206	2	6	2.91	10	4.85
838	data/reference/motifs/JASPAR2026_CORE_plants_non-redundant_pfms_meme.txt	MA2425.1	SPL11A	SCGGTACTACCG	6.56e-1	1.00e0	9.27e2	168	206	206	206	2	32	15.53	34	16.50
839	data/reference/motifs/JASPAR2026_CORE_plants_non-redundant_pfms_meme.txt	MA2424.1	OsbZIP77	TGCCACGTCABC	4.54e-1	1.00e0	9.27e2	96	206	206	206	1	49	23.79	47	22.82
840	data/reference/motifs/JASPAR2026_CORE_plants_non-redundant_pfms_meme.txt	MA2419.1	UB3	GAAGTACAAC	1.87e-1	1.00e0	9.27e2	403	206	206	206	5	103	50.00	93	45.15
841	data/reference/motifs/JASPAR2026_CORE_plants_non-redundant_pfms_meme.txt	MA2418.1	IG1	CTGCCGCCA	1.76e-1	1.00e0	9.27e2	288	206	206	206	5	27	13.11	20	9.71
842	data/reference/motifs/JASPAR2026_CORE_plants_non-redundant_pfms_meme.txt	MA2417.1	EREB71	CACCGVCYMC	3.62e-1	1.00e0	9.27e2	209	206	206	206	7	5	2.43	3	1.46
843	data/reference/motifs/JASPAR2026_CORE_plants_non-redundant_pfms_meme.txt	MA2416.1	EREB29	GCCGCCGCCC	2.66e-1	1.00e0	9.27e2	139	206	206	206	1	73	35.44	66	32.04
844	data/reference/motifs/JASPAR2026_CORE_plants_non-redundant_pfms_meme.txt	MA2412.1	ZmbZIP72	GATGACATCA	4.22e-1	1.00e0	9.27e2	376	206	206	206	3	105	50.97	102	49.51
845	data/reference/motifs/JASPAR2026_CORE_plants_non-redundant_pfms_meme.txt	MA2411.1	ZmbZIP57	ATGATGTCAT	3.83e-1	1.00e0	9.27e2	392	206	206	206	4	94	45.63	90	43.69
846	data/reference/motifs/JASPAR2026_CORE_plants_non-redundant_pfms_meme.txt	MA2409.1	ZmbZIP25	GATGACATCA	5.00e-1	1.00e0	9.27e2	380	206	206	206	16	1	0.49	0	0.00
847	data/reference/motifs/JASPAR2026_CORE_plants_non-redundant_pfms_meme.txt	MA2408.1	BAD1	CCGGGCCCCSVC	3.43e-1	1.00e0	9.27e2	94	206	206	206	7	4	1.94	2	0.97
848	data/reference/motifs/JASPAR2026_CORE_plants_non-redundant_pfms_meme.txt	MA2407.1	PK24978.1	CACGTGT	2.75e-1	1.00e0	9.27e2	412	206	206	206	24	28	13.59	23	11.17
849	data/reference/motifs/JASPAR2026_CORE_plants_non-redundant_pfms_meme.txt	MA2404.1	OsTRBF3	WRMCCTA	2.49e-1	1.00e0	9.27e2	412	206	206	206	29	2	0.97	0	0.00
850	data/reference/motifs/JASPAR2026_CORE_plants_non-redundant_pfms_meme.txt	MA2403.1	DVH24_040989	TTAACC	1.18e-1	1.00e0	9.27e2	412	206	206	206	31	111	53.88	98	47.57
851	data/reference/motifs/JASPAR2026_CORE_plants_non-redundant_pfms_meme.txt	MA2401.1	Os05g0437700	MCACGTGK	3.09e-1	1.00e0	9.27e2	169	206	206	206	4	22	10.68	18	8.74
852	data/reference/motifs/JASPAR2026_CORE_plants_non-redundant_pfms_meme.txt	MA2398.1	AS2	CGGCGGMRRHDRCGGCGG	5.55e-1	1.00e0	9.27e2	62	206	206	206	1	31	15.05	31	15.05
853	data/reference/motifs/JASPAR2026_CORE_plants_non-redundant_pfms_meme.txt	MA2396.1	IDD1	TTTTGTCGTTTT	2.75e-1	1.00e0	9.27e2	237	206	206	206	1	122	59.22	115	55.83
854	data/reference/motifs/JASPAR2026_CORE_plants_non-redundant_pfms_meme.txt	MA2395.1	PHYPA_011264	CACCGACM	5.00e-1	1.00e0	9.27e2	164	206	206	206	5	1	0.49	0	0.00
855	data/reference/motifs/JASPAR2026_CORE_plants_non-redundant_pfms_meme.txt	MA2390.1	GLYMA19G26560	GGSCCCAC	1.56e-1	1.00e0	9.27e2	361	206	206	206	4	86	41.75	75	36.41
856	data/reference/motifs/JASPAR2026_CORE_plants_non-redundant_pfms_meme.txt	MA2389.1	GBF1	ACGTGKM	1.42e-1	1.00e0	9.27e2	412	206	206	206	26	6	2.91	2	0.97
857	data/reference/motifs/JASPAR2026_CORE_plants_non-redundant_pfms_meme.txt	MA2388.1	GATA1	AGATCTRRWT	1.90e-1	1.00e0	9.27e2	306	206	206	206	7	8	3.88	4	1.94
858	data/reference/motifs/JASPAR2026_CORE_plants_non-redundant_pfms_meme.txt	MA2381.1	e_gw1.170.52.1	CTTT	8.81e-2	1.00e0	9.27e2	412	206	206	206	63	179	86.89	168	81.55
859	data/reference/motifs/JASPAR2026_CORE_plants_non-redundant_pfms_meme.txt	MA2377.1	cassava45561.m1	GGGSCCCAC	1.76e-1	1.00e0	9.27e2	340	206	206	206	2	139	67.48	129	62.62
860	data/reference/motifs/JASPAR2026_CORE_plants_non-redundant_pfms_meme.txt	MA2374.1	AHL13	ATATAATT	2.25e-1	1.00e0	9.27e2	412	206	206	206	12	204	99.03	201	97.57
861	data/reference/motifs/JASPAR2026_CORE_plants_non-redundant_pfms_meme.txt	MA2372.1	AZF1	WCACTVWCW	1.46e-1	1.00e0	9.27e2	409	206	206	206	2	201	97.57	196	95.15
862	data/reference/motifs/JASPAR2026_CORE_plants_non-redundant_pfms_meme.txt	MA2368.1	WRKY51	RGTCAA	3.75e-1	1.00e0	9.27e2	412	206	206	206	36	143	69.42	139	67.48
863	data/reference/motifs/JASPAR2026_CORE_plants_non-redundant_pfms_meme.txt	MA2367.1	WIP5	ACCTGGAGAAMAW	3.01e-1	1.00e0	9.27e2	399	206	206	206	9	20	9.71	16	7.77
864	data/reference/motifs/JASPAR2026_CORE_plants_non-redundant_pfms_meme.txt	MA2366.1	VOZ2	GCGT	1.37e-1	1.00e0	9.27e2	412	206	206	206	12	198	96.12	192	93.20
865	data/reference/motifs/JASPAR2026_CORE_plants_non-redundant_pfms_meme.txt	MA2365.1	VIT_17s0000g10420	GTTAACYV	4.61e-1	1.00e0	9.27e2	313	206	206	206	2	99	48.06	97	47.09
866	data/reference/motifs/JASPAR2026_CORE_plants_non-redundant_pfms_meme.txt	MA2362.1	TEIL	AGRTWCAT	1.24e-1	1.00e0	9.27e2	412	206	206	206	26	3	1.46	0	0.00
867	data/reference/motifs/JASPAR2026_CORE_plants_non-redundant_pfms_meme.txt	MA2361.1	PRUPE_ppa000682mg	GTACGG	1.50e-1	1.00e0	9.27e2	412	206	206	206	11	184	89.32	176	85.44
868	data/reference/motifs/JASPAR2026_CORE_plants_non-redundant_pfms_meme.txt	MA2357.1	PK21687.1	WAAACCC	9.85e-2	1.00e0	9.27e2	412	206	206	206	25	15	7.28	8	3.88
869	data/reference/motifs/JASPAR2026_CORE_plants_non-redundant_pfms_meme.txt	MA2353.1	PK02532.1	WAATATCT	2.75e-1	1.00e0	9.27e2	339	206	206	206	4	28	13.59	23	11.17
870	data/reference/motifs/JASPAR2026_CORE_plants_non-redundant_pfms_meme.txt	MA2348.1	IDD6	TTTTTGTCGTTTTSTK	2.72e-1	1.00e0	9.27e2	212	206	206	206	4	7	3.40	4	1.94
871	data/reference/motifs/JASPAR2026_CORE_plants_non-redundant_pfms_meme.txt	MA2345.1	OS02G0104500	GTAAAW	1.64e-1	1.00e0	9.27e2	412	206	206	206	38	195	94.66	189	91.75
872	data/reference/motifs/JASPAR2026_CORE_plants_non-redundant_pfms_meme.txt	MA2106.1	Zm00001d024644	CCTTATCC	2.91e-1	1.00e0	9.27e2	410	206	206	206	3	192	93.20	188	91.26
873	data/reference/motifs/JASPAR2026_CORE_plants_non-redundant_pfms_meme.txt	MA2104.1	IDD11	AAAACGACAAAA	5.40e-1	1.00e0	9.27e2	305	206	206	206	2	86	41.75	86	41.75
874	data/reference/motifs/JASPAR2026_CORE_plants_non-redundant_pfms_meme.txt	MA1800.1	TEM1	GCAACATA	4.33e-1	1.00e0	9.27e2	374	206	206	206	1	188	91.26	186	90.29
875	data/reference/motifs/JASPAR2026_CORE_plants_non-redundant_pfms_meme.txt	MA1797.1	RAV2	GCAACATA	2.76e-1	1.00e0	9.27e2	225	206	206	206	1	116	56.31	109	52.91
876	data/reference/motifs/JASPAR2026_CORE_plants_non-redundant_pfms_meme.txt	MA1789.1	NAC071	CTTSWHYYTCAMGYA	3.24e-1	1.00e0	9.27e2	187	206	206	206	2	53	25.73	48	23.30
877	data/reference/motifs/JASPAR2026_CORE_plants_non-redundant_pfms_meme.txt	MA1783.1	NAC005	TWRCTTVTTYHAYAAGTTW	5.00e-1	1.00e0	9.27e2	84	206	206	206	3	5	2.43	4	1.94
878	data/reference/motifs/JASPAR2026_CORE_plants_non-redundant_pfms_meme.txt	MA1760.1	HSFA6A	GAAGNTTCTAGAA	5.63e-1	1.00e0	9.27e2	44	206	206	206	1	22	10.68	22	10.68
879	data/reference/motifs/JASPAR2026_CORE_plants_non-redundant_pfms_meme.txt	MA1746.1	BZIP69	TGMCAGCTGTM	6.19e-1	1.00e0	9.27e2	49	206	206	206	1	24	11.65	25	12.14
880	data/reference/motifs/JASPAR2026_CORE_plants_non-redundant_pfms_meme.txt	MA1686.1	ARF13	ARCGGGGGACAYGT	5.00e-1	1.00e0	9.27e2	80	206	206	206	4	1	0.49	0	0.00
881	data/reference/motifs/JASPAR2026_CORE_plants_non-redundant_pfms_meme.txt	MA2092.1	PK27149.1	TGACGTGK	2.45e-1	1.00e0	9.27e2	276	206	206	206	3	53	25.73	46	22.33
882	data/reference/motifs/JASPAR2026_CORE_plants_non-redundant_pfms_meme.txt	MA2091.1	PK27109.1	GACAGCTG	2.49e-1	1.00e0	9.27e2	332	206	206	206	10	2	0.97	0	0.00
883	data/reference/motifs/JASPAR2026_CORE_plants_non-redundant_pfms_meme.txt	MA2086.1	PK23964.1	KCCACGT	2.65e-1	1.00e0	9.27e2	411	206	206	206	6	170	82.52	164	79.61
884	data/reference/motifs/JASPAR2026_CORE_plants_non-redundant_pfms_meme.txt	MA2084.1	PK23009.1	CTTTW	3.13e-1	1.00e0	9.27e2	412	206	206	206	59	187	90.78	183	88.83
885	data/reference/motifs/JASPAR2026_CORE_plants_non-redundant_pfms_meme.txt	MA2083.1	PK21166.1	YACCTACY	3.00e-1	1.00e0	9.27e2	409	206	206	206	14	9	4.37	6	2.91
886	data/reference/motifs/JASPAR2026_CORE_plants_non-redundant_pfms_meme.txt	MA2082.1	PK20392.1	AATMAT	1.46e-1	1.00e0	9.27e2	412	206	206	206	40	176	85.44	167	81.07
887	data/reference/motifs/JASPAR2026_CORE_plants_non-redundant_pfms_meme.txt	MA2076.1	PK18401.1	GCACGTGG	1.86e-1	1.00e0	9.27e2	324	206	206	206	9	4	1.94	1	0.49
888	data/reference/motifs/JASPAR2026_CORE_plants_non-redundant_pfms_meme.txt	MA2075.1	PK18009.1	ACACGTG	4.60e-1	1.00e0	9.27e2	409	206	206	206	6	121	58.74	119	57.77
889	data/reference/motifs/JASPAR2026_CORE_plants_non-redundant_pfms_meme.txt	MA2072.1	PK16335.1	GACAGCTG	2.49e-1	1.00e0	9.27e2	371	206	206	206	13	2	0.97	0	0.00
890	data/reference/motifs/JASPAR2026_CORE_plants_non-redundant_pfms_meme.txt	MA2070.1	PK15337.1	CTTT	1.03e-1	1.00e0	9.27e2	412	206	206	206	118	188	91.26	179	86.89
891	data/reference/motifs/JASPAR2026_CORE_plants_non-redundant_pfms_meme.txt	MA2069.1	PK10955.1	CTTTW	1.45e-1	1.00e0	9.27e2	412	206	206	206	28	52	25.24	42	20.39
892	data/reference/motifs/JASPAR2026_CORE_plants_non-redundant_pfms_meme.txt	MA2066.1	PK09021.1	TGACGTCA	5.00e-1	1.00e0	9.27e2	55	206	206	206	1	28	13.59	27	13.11
893	data/reference/motifs/JASPAR2026_CORE_plants_non-redundant_pfms_meme.txt	MA2059.1	PK05432.1	RGTCAA	4.51e-1	1.00e0	9.27e2	412	206	206	206	29	42	20.39	40	19.42
894	data/reference/motifs/JASPAR2026_CORE_plants_non-redundant_pfms_meme.txt	MA1380.1	TCX6	WTTTAAATTTTTWAA	2.56e-1	1.00e0	9.27e2	390	206	206	206	1	197	95.63	193	93.69
895	data/reference/motifs/JASPAR2026_CORE_plants_non-redundant_pfms_meme.txt	MA1379.1	SOL1	WTTWAAAATTTAAAW	6.41e-1	1.00e0	9.27e2	378	206	206	206	2	161	78.16	163	79.13
896	data/reference/motifs/JASPAR2026_CORE_plants_non-redundant_pfms_meme.txt	MA1373.1	GAF1	HABWAAACGACAAAA	2.49e-1	1.00e0	9.27e2	230	206	206	206	6	2	0.97	0	0.00
897	data/reference/motifs/JASPAR2026_CORE_plants_non-redundant_pfms_meme.txt	MA1348.1	TGA9	GMTGACGTCAY	4.50e-1	1.00e0	9.27e2	80	206	206	206	1	41	19.90	39	18.93
898	data/reference/motifs/JASPAR2026_CORE_plants_non-redundant_pfms_meme.txt	MA1339.1	BZIP43	GCCACGTCAGCA	7.66e-1	1.00e0	9.27e2	33	206	206	206	1	15	7.28	18	8.74
899	data/reference/motifs/JASPAR2026_CORE_plants_non-redundant_pfms_meme.txt	MA1328.1	ZHD9	WTWAWHNVYTAATYA	2.51e-1	1.00e0	9.27e2	403	206	206	206	1	203	98.54	200	97.09
900	data/reference/motifs/JASPAR2026_CORE_plants_non-redundant_pfms_meme.txt	MA1324.1	GATA20	ATCSGATC	2.49e-1	1.00e0	9.27e2	253	206	206	206	18	2	0.97	0	0.00
901	data/reference/motifs/JASPAR2026_CORE_plants_non-redundant_pfms_meme.txt	MA1309.1	WRKY3	AAAAGTCAACG	2.49e-1	1.00e0	9.27e2	269	206	206	206	5	2	0.97	0	0.00
902	data/reference/motifs/JASPAR2026_CORE_plants_non-redundant_pfms_meme.txt	MA1274.1	DOF3.6	TTTWCTTTTTHHYTTTTTTTT	1.31e-1	1.00e0	9.27e2	408	206	206	206	7	158	76.70	147	71.36
903	data/reference/motifs/JASPAR2026_CORE_plants_non-redundant_pfms_meme.txt	MA1242.1	DREB2F	CCDCCACCGCC	7.51e-1	1.00e0	9.27e2	126	206	206	206	8	1	0.49	1	0.49
904	data/reference/motifs/JASPAR2026_CORE_plants_non-redundant_pfms_meme.txt	MA1235.1	AIL7	CGNWTYYCGAG	5.39e-1	1.00e0	9.27e2	373	206	206	206	3	95	46.12	95	46.12
905	data/reference/motifs/JASPAR2026_CORE_plants_non-redundant_pfms_meme.txt	MA1225.1	ERF5	CCDCCGCCGCCGCCR	3.86e-1	1.00e0	9.27e2	91	206	206	206	4	7	3.40	5	2.43
906	data/reference/motifs/JASPAR2026_CORE_plants_non-redundant_pfms_meme.txt	MA1221.1	RAP2-6	TKGCGGCGGMGGHGG	6.41e-1	1.00e0	9.27e2	76	206	206	206	2	16	7.77	17	8.25
907	data/reference/motifs/JASPAR2026_CORE_plants_non-redundant_pfms_meme.txt	MA1162.1	TCX2	WTTYAAAATTYAAAW	4.41e-1	1.00e0	9.27e2	372	206	206	206	7	27	13.11	25	12.14
908	data/reference/motifs/JASPAR2026_CORE_plants_non-redundant_pfms_meme.txt	MA1080.1	WRKY23	AGTCAACG	6.24e-1	1.00e0	9.27e2	261	206	206	206	3	22	10.68	23	11.17
909	data/reference/motifs/JASPAR2026_CORE_plants_non-redundant_pfms_meme.txt	MA1046.1	NTL9	TTAAGTAAT	3.40e-1	1.00e0	9.27e2	269	206	206	206	4	14	6.80	11	5.34
910	data/reference/motifs/JASPAR2026_CORE_plants_non-redundant_pfms_meme.txt	MA1033.1	OJ1058_F05.8	MCACGTGK	3.09e-1	1.00e0	9.27e2	169	206	206	206	4	22	10.68	18	8.74
911	data/reference/motifs/JASPAR2026_CORE_plants_non-redundant_pfms_meme.txt	MA1020.1	GT-1	GTTAACCA	1.56e-1	1.00e0	9.27e2	359	206	206	206	6	23	11.17	16	7.77
912	data/reference/motifs/JASPAR2026_CORE_plants_non-redundant_pfms_meme.txt	MA1014.1	GATA11	TAGATCTG	2.64e-1	1.00e0	9.27e2	144	206	206	206	4	14	6.80	10	4.85
913	data/reference/motifs/JASPAR2026_CORE_plants_non-redundant_pfms_meme.txt	MA1013.1	GATA10	TAGATCTG	3.50e-1	1.00e0	9.27e2	207	206	206	206	6	16	7.77	13	6.31
914	data/reference/motifs/JASPAR2026_CORE_plants_non-redundant_pfms_meme.txt	MA0986.1	DREB2C	CACCGACA	3.55e-1	1.00e0	9.27e2	321	206	206	206	6	17	8.25	14	6.80
915	data/reference/motifs/JASPAR2026_CORE_plants_non-redundant_pfms_meme.txt	MA0978.1	DREB1E	ATGTCGGC	6.60e-1	1.00e0	9.27e2	207	206	206	206	3	12	5.83	13	6.31
916	data/reference/motifs/JASPAR2026_CORE_plants_non-redundant_pfms_meme.txt	MA0957.1	BHLH3	GCACGTGC	1.24e-1	1.00e0	9.27e2	307	206	206	206	16	3	1.46	0	0.00
917	data/reference/motifs/JASPAR2026_CORE_plants_non-redundant_pfms_meme.txt	MA0952.1	ATHB-51	AATWATTG	1.30e-1	1.00e0	9.27e2	412	206	206	206	4	202	98.06	197	95.63
918	data/reference/motifs/JASPAR2026_CORE_plants_non-redundant_pfms_meme.txt	MA0951.1	ATHB-16	TAATMATT	1.71e-1	1.00e0	9.27e2	403	206	206	206	4	165	80.10	156	75.73
919	data/reference/motifs/JASPAR2026_CORE_plants_non-redundant_pfms_meme.txt	MA0947.1	ARR14	AGATWCGS	2.49e-1	1.00e0	9.27e2	334	206	206	206	7	2	0.97	0	0.00
920	data/reference/motifs/JASPAR2026_CORE_plants_non-redundant_pfms_meme.txt	MA0946.1	ARR11	AAGATACG	3.09e-1	1.00e0	9.27e2	383	206	206	206	3	121	58.74	115	55.83
921	data/reference/motifs/JASPAR2026_CORE_plants_non-redundant_pfms_meme.txt	MA0937.1	NAC055	ACACGTAA	3.62e-1	1.00e0	9.27e2	406	206	206	206	12	5	2.43	3	1.46
922	data/reference/motifs/JASPAR2026_CORE_plants_non-redundant_pfms_meme.txt	MA0936.1	NAC046	ACACGCMA	1.14e-1	1.00e0	9.27e2	412	206	206	206	14	168	81.55	157	76.21
923	data/reference/motifs/JASPAR2026_CORE_plants_non-redundant_pfms_meme.txt	MA0934.1	AHL25	AWTTAAWT	1.10e-1	1.00e0	9.27e2	412	206	206	206	42	179	86.89	169	82.04
924	data/reference/motifs/JASPAR2026_CORE_plants_non-redundant_pfms_meme.txt	MA0933.1	AHL20	AATTAAWT	2.13e-1	1.00e0	9.27e2	412	206	206	206	31	187	90.78	181	87.86
925	data/reference/motifs/JASPAR2026_CORE_plants_non-redundant_pfms_meme.txt	MA0580.1	DYT1	MGTGAGWCACGTGA	5.59e-1	1.00e0	9.27e2	52	206	206	206	1	26	12.62	26	12.62
926	data/reference/motifs/JASPAR2026_CORE_plants_non-redundant_pfms_meme.txt	MA0128.1	EmBP-1	ASACGTGG	2.35e-1	1.00e0	9.27e2	319	206	206	206	5	11	5.34	7	3.40
927	data/reference/motifs/JASPAR2026_CORE_plants_non-redundant_pfms_meme.txt	MA0123.1	abi4	CGSYGCCCCC	1.56e-1	1.00e0	9.27e2	252	206	206	206	5	23	11.17	16	7.77

# AME (Analysis of Motif Enrichment): Version 5.5.9 compiled on May 27 2026 at 12:40:54
# The format of this file is described at https://meme-suite.org/meme/doc/ame-output-format.html.
# ame --verbose 1 --text --control results/evidence/motifs/inputs/backgrounds/1000/replicate_044.fa --method fisher --scoring totalhits --hit-lo-fraction 0.25 --evalue-report-threshold 1000000 --noseq results/evidence/motifs/inputs/frozen_candidates_1000bp.fa data/reference/motifs/JASPAR2026_CORE_plants_non-redundant_pfms_meme.txt
