pathway	replicate	random_score
R-OSA-9645850.1|Activation of pre-replication complex	1	0.108814889657967
R-OSA-9645850.1|Activation of pre-replication complex	2	0.214477504451178
R-OSA-9645850.1|Activation of pre-replication complex	3	0.306481761316338
R-OSA-9645850.1|Activation of pre-replication complex	4	0.394135166554521
R-OSA-9645850.1|Activation of pre-replication complex	5	0.617960262287603
R-OSA-9645850.1|Activation of pre-replication complex	6	0.0273153693516322
R-OSA-9645850.1|Activation of pre-replication complex	7	0.0434125568753056
R-OSA-9645850.1|Activation of pre-replication complex	8	0.30590455849184
R-OSA-9645850.1|Activation of pre-replication complex	9	0.296192818009082
R-OSA-9645850.1|Activation of pre-replication complex	10	0.133926839829978
R-OSA-9645850.1|Activation of pre-replication complex	11	0.373018953357889
R-OSA-9645850.1|Activation of pre-replication complex	12	0.682707090532952
R-OSA-9645850.1|Activation of pre-replication complex	13	0.289003100386104
R-OSA-9645850.1|Activation of pre-replication complex	14	0.0899552975252269
R-OSA-9645850.1|Activation of pre-replication complex	15	0.270888273485776
R-OSA-9645850.1|Activation of pre-replication complex	16	0.461907226178054
R-OSA-9645850.1|Activation of pre-replication complex	17	0.322929820789899
R-OSA-9645850.1|Activation of pre-replication complex	18	0.517135409455606
R-OSA-9645850.1|Activation of pre-replication complex	19	0.00144051218183022
R-OSA-9645850.1|Activation of pre-replication complex	20	0.270515900737893
R-OSA-9645850.1|Activation of pre-replication complex	21	0.145729772386471
R-OSA-9645850.1|Activation of pre-replication complex	22	0.111240455151456
R-OSA-9645850.1|Activation of pre-replication complex	23	0.281908479686236
R-OSA-9645850.1|Activation of pre-replication complex	24	0.125710293989781
R-OSA-9645850.1|Activation of pre-replication complex	25	0.544777059765015
R-OSA-9645850.1|Activation of pre-replication complex	26	0.215924145166125
R-OSA-9645850.1|Activation of pre-replication complex	27	0.135251256331373
R-OSA-9645850.1|Activation of pre-replication complex	28	0.102047534219384
R-OSA-9645850.1|Activation of pre-replication complex	29	0.103019363138901
R-OSA-9645850.1|Activation of pre-replication complex	30	0.702226128992733
R-OSA-9645850.1|Activation of pre-replication complex	31	0.0528109524716384
R-OSA-9645850.1|Activation of pre-replication complex	32	0.291754650545861
R-OSA-9645850.1|Activation of pre-replication complex	33	0.165515283456734
R-OSA-9645850.1|Activation of pre-replication complex	34	0.147236715985306
R-OSA-9645850.1|Activation of pre-replication complex	35	0.277780578430513
R-OSA-9645850.1|Activation of pre-replication complex	36	0.345899390449863
R-OSA-9645850.1|Activation of pre-replication complex	37	0.187015304953722
R-OSA-9645850.1|Activation of pre-replication complex	38	0.0944098864333893
R-OSA-9645850.1|Activation of pre-replication complex	39	0.274371667116027
R-OSA-9645850.1|Activation of pre-replication complex	40	0.654860364907043
R-OSA-9645850.1|Activation of pre-replication complex	41	0.577362096724093
R-OSA-9645850.1|Activation of pre-replication complex	42	0.312816704155043
R-OSA-9645850.1|Activation of pre-replication complex	43	0.00805397100450308
R-OSA-9645850.1|Activation of pre-replication complex	44	0.520159358425347
R-OSA-9645850.1|Activation of pre-replication complex	45	0.219893455440567
R-OSA-9645850.1|Activation of pre-replication complex	46	0.0541502657188046
R-OSA-9645850.1|Activation of pre-replication complex	47	0.061545337704257
R-OSA-9645850.1|Activation of pre-replication complex	48	0.484611055831543
R-OSA-9645850.1|Activation of pre-replication complex	49	0.366504601923027
R-OSA-9645850.1|Activation of pre-replication complex	50	0.250040503231631
R-OSA-9645850.1|Activation of pre-replication complex	51	0.307818824110265
R-OSA-9645850.1|Activation of pre-replication complex	52	0.370938757736256
R-OSA-9645850.1|Activation of pre-replication complex	53	0.587741766843189
R-OSA-9645850.1|Activation of pre-replication complex	54	0.190672325487888
R-OSA-9645850.1|Activation of pre-replication complex	55	0.411449353611854
R-OSA-9645850.1|Activation of pre-replication complex	56	0.00390157661608192
R-OSA-9645850.1|Activation of pre-replication complex	57	0.135991038176813
R-OSA-9645850.1|Activation of pre-replication complex	58	0.106791643556074
R-OSA-9645850.1|Activation of pre-replication complex	59	0.00328326112891773
R-OSA-9645850.1|Activation of pre-replication complex	60	0.227571038291159
R-OSA-9645850.1|Activation of pre-replication complex	61	0.0499835473736233
R-OSA-9645850.1|Activation of pre-replication complex	62	0.518038142187738
R-OSA-9645850.1|Activation of pre-replication complex	63	0.597952568796424
R-OSA-9645850.1|Activation of pre-replication complex	64	0.547499469347963
R-OSA-9645850.1|Activation of pre-replication complex	65	0.0432325547080468
R-OSA-9645850.1|Activation of pre-replication complex	66	0.192822640827306
R-OSA-9645850.1|Activation of pre-replication complex	67	0.420349913627202
R-OSA-9645850.1|Activation of pre-replication complex	68	0.153475835151846
R-OSA-9645850.1|Activation of pre-replication complex	69	0.485123980454873
R-OSA-9645850.1|Activation of pre-replication complex	70	0.108962064699529
R-OSA-9645850.1|Activation of pre-replication complex	71	0.234048963644643
R-OSA-9645850.1|Activation of pre-replication complex	72	0.213915545309061
R-OSA-9645850.1|Activation of pre-replication complex	73	0.235721490036735
R-OSA-9645850.1|Activation of pre-replication complex	74	0.125033729398681
R-OSA-9645850.1|Activation of pre-replication complex	75	0.296839735846032
R-OSA-9645850.1|Activation of pre-replication complex	76	0.10594408795716
R-OSA-9645850.1|Activation of pre-replication complex	77	0.138581396993497
R-OSA-9645850.1|Activation of pre-replication complex	78	0.0276378244476407
R-OSA-9645850.1|Activation of pre-replication complex	79	0.259951785038817
R-OSA-9645850.1|Activation of pre-replication complex	80	0.376734089321082
R-OSA-9645850.1|Activation of pre-replication complex	81	0.12901765108296
R-OSA-9645850.1|Activation of pre-replication complex	82	0.561650276120744
R-OSA-9645850.1|Activation of pre-replication complex	83	0.0283263612638072
R-OSA-9645850.1|Activation of pre-replication complex	84	0.613945839325885
R-OSA-9645850.1|Activation of pre-replication complex	85	0.28437345719083
R-OSA-9645850.1|Activation of pre-replication complex	86	0.223955921545427
R-OSA-9645850.1|Activation of pre-replication complex	87	0.0214263791759229
R-OSA-9645850.1|Activation of pre-replication complex	88	0.0471315078424053
R-OSA-9645850.1|Activation of pre-replication complex	89	0.00710880253407985
R-OSA-9645850.1|Activation of pre-replication complex	90	0.525359901344103
R-OSA-9645850.1|Activation of pre-replication complex	91	0.199610950677848
R-OSA-9645850.1|Activation of pre-replication complex	92	0.660239013842252
R-OSA-9645850.1|Activation of pre-replication complex	93	0.331256083226032
R-OSA-9645850.1|Activation of pre-replication complex	94	0.265439580979159
R-OSA-9645850.1|Activation of pre-replication complex	95	0.0470432585615418
R-OSA-9645850.1|Activation of pre-replication complex	96	0.131438846149588
R-OSA-9645850.1|Activation of pre-replication complex	97	0.166983059380874
R-OSA-9645850.1|Activation of pre-replication complex	98	0.197749003443332
R-OSA-9645850.1|Activation of pre-replication complex	99	0.282173168965232
R-OSA-9645850.1|Activation of pre-replication complex	100	0.404171414497668
R-OSA-9645850.1|Activation of pre-replication complex	101	0.490483596049937
R-OSA-9645850.1|Activation of pre-replication complex	102	0.13095617916382
R-OSA-9645850.1|Activation of pre-replication complex	103	0.18059480388089
R-OSA-9645850.1|Activation of pre-replication complex	104	0.18266895395451
R-OSA-9645850.1|Activation of pre-replication complex	105	0.00499632259503226
R-OSA-9645850.1|Activation of pre-replication complex	106	0.00819070568594039
R-OSA-9645850.1|Activation of pre-replication complex	107	0.122386256988074
R-OSA-9645850.1|Activation of pre-replication complex	108	0.401618275178724
R-OSA-9645850.1|Activation of pre-replication complex	109	0.11597816123449
R-OSA-9645850.1|Activation of pre-replication complex	110	0.114376400238663
R-OSA-9645850.1|Activation of pre-replication complex	111	0.317556641692677
R-OSA-9645850.1|Activation of pre-replication complex	112	0.162519558652035
R-OSA-9645850.1|Activation of pre-replication complex	113	0.152088031764217
R-OSA-9645850.1|Activation of pre-replication complex	114	0.408329538117439
R-OSA-9645850.1|Activation of pre-replication complex	115	0.274766777197725
R-OSA-9645850.1|Activation of pre-replication complex	116	0.629071012280302
R-OSA-9645850.1|Activation of pre-replication complex	117	0.0224428615418881
R-OSA-9645850.1|Activation of pre-replication complex	118	0.172976939444633
R-OSA-9645850.1|Activation of pre-replication complex	119	0.260774748717773
R-OSA-9645850.1|Activation of pre-replication complex	120	0.0444776880490279
R-OSA-9645850.1|Activation of pre-replication complex	121	0.0287613544207486
R-OSA-9645850.1|Activation of pre-replication complex	122	0.5046227396599
R-OSA-9645850.1|Activation of pre-replication complex	123	0.632894915907828
R-OSA-9645850.1|Activation of pre-replication complex	124	0.0174887422188118
R-OSA-9645850.1|Activation of pre-replication complex	125	0.204146010457909
R-OSA-9645850.1|Activation of pre-replication complex	126	0.259976305443109
R-OSA-9645850.1|Activation of pre-replication complex	127	0.302961987465427
R-OSA-9645850.1|Activation of pre-replication complex	128	0.0725287415475589
R-OSA-9645850.1|Activation of pre-replication complex	129	0.0174612039111477
R-OSA-9645850.1|Activation of pre-replication complex	130	0.156836078543651
R-OSA-9645850.1|Activation of pre-replication complex	131	0.25489707603784
R-OSA-9645850.1|Activation of pre-replication complex	132	0.287277346353783
R-OSA-9645850.1|Activation of pre-replication complex	133	0.050858401574203
R-OSA-9645850.1|Activation of pre-replication complex	134	0.143116020757431
R-OSA-9645850.1|Activation of pre-replication complex	135	0.0903826185634937
R-OSA-9645850.1|Activation of pre-replication complex	136	0.117500356409372
R-OSA-9645850.1|Activation of pre-replication complex	137	0.10701999297378
R-OSA-9645850.1|Activation of pre-replication complex	138	0.311730527124829
R-OSA-9645850.1|Activation of pre-replication complex	139	0.400472571710548
R-OSA-9645850.1|Activation of pre-replication complex	140	0.162622460199056
R-OSA-9645850.1|Activation of pre-replication complex	141	0.0107790018955801
R-OSA-9645850.1|Activation of pre-replication complex	142	0.234826194163242
R-OSA-9645850.1|Activation of pre-replication complex	143	0.472967344578601
R-OSA-9645850.1|Activation of pre-replication complex	144	0.332584298621965
R-OSA-9645850.1|Activation of pre-replication complex	145	0.0607271477644513
R-OSA-9645850.1|Activation of pre-replication complex	146	0.145723593817714
R-OSA-9645850.1|Activation of pre-replication complex	147	0.426571134236695
R-OSA-9645850.1|Activation of pre-replication complex	148	0.183754280004636
R-OSA-9645850.1|Activation of pre-replication complex	149	0.22596525314907
R-OSA-9645850.1|Activation of pre-replication complex	150	0.139686323842232
R-OSA-9645850.1|Activation of pre-replication complex	151	0.275774993198761
R-OSA-9645850.1|Activation of pre-replication complex	152	0.442944201361123
R-OSA-9645850.1|Activation of pre-replication complex	153	0.357268647352186
R-OSA-9645850.1|Activation of pre-replication complex	154	0.413591920999639
R-OSA-9645850.1|Activation of pre-replication complex	155	0.126756442972934
R-OSA-9645850.1|Activation of pre-replication complex	156	0.269208660275168
R-OSA-9645850.1|Activation of pre-replication complex	157	0.153871117174962
R-OSA-9645850.1|Activation of pre-replication complex	158	0.39161315120099
R-OSA-9645850.1|Activation of pre-replication complex	159	0.171538843891628
R-OSA-9645850.1|Activation of pre-replication complex	160	0.417959985217014
R-OSA-9645850.1|Activation of pre-replication complex	161	0.0265731966327745
R-OSA-9645850.1|Activation of pre-replication complex	162	0.338764263458707
R-OSA-9645850.1|Activation of pre-replication complex	163	0.171223819494376
R-OSA-9645850.1|Activation of pre-replication complex	164	0.487956872758591
R-OSA-9645850.1|Activation of pre-replication complex	165	0.00326516560119153
R-OSA-9645850.1|Activation of pre-replication complex	166	0.164760078070005
R-OSA-9645850.1|Activation of pre-replication complex	167	0.349026184770038
R-OSA-9645850.1|Activation of pre-replication complex	168	0.0487888747185211
R-OSA-9645850.1|Activation of pre-replication complex	169	0.0434283734311295
R-OSA-9645850.1|Activation of pre-replication complex	170	0.557111349842923
R-OSA-9645850.1|Activation of pre-replication complex	171	0.206342676500705
R-OSA-9645850.1|Activation of pre-replication complex	172	0.559332465532627
R-OSA-9645850.1|Activation of pre-replication complex	173	0.110088613580266
R-OSA-9645850.1|Activation of pre-replication complex	174	0.54462735457331
R-OSA-9645850.1|Activation of pre-replication complex	175	0.0811742275125731
R-OSA-9645850.1|Activation of pre-replication complex	176	0.206008381884519
R-OSA-9645850.1|Activation of pre-replication complex	177	0.306065149257396
R-OSA-9645850.1|Activation of pre-replication complex	178	0.737344729328809
R-OSA-9645850.1|Activation of pre-replication complex	179	0.325405489959461
R-OSA-9645850.1|Activation of pre-replication complex	180	0.276593349596049
R-OSA-9645850.1|Activation of pre-replication complex	181	0.124146195789647
R-OSA-9645850.1|Activation of pre-replication complex	182	0.279320074672675
R-OSA-9645850.1|Activation of pre-replication complex	183	0.564139368412258
R-OSA-9645850.1|Activation of pre-replication complex	184	0.303881250740859
R-OSA-9645850.1|Activation of pre-replication complex	185	0.526124950125542
R-OSA-9645850.1|Activation of pre-replication complex	186	0.056544050627916
R-OSA-9645850.1|Activation of pre-replication complex	187	0.202993268864201
R-OSA-9645850.1|Activation of pre-replication complex	188	0.298727451647176
R-OSA-9645850.1|Activation of pre-replication complex	189	0.172033412497138
R-OSA-9645850.1|Activation of pre-replication complex	190	0.0599807788401817
R-OSA-9645850.1|Activation of pre-replication complex	191	0.196181434366482
R-OSA-9645850.1|Activation of pre-replication complex	192	0.79297007262398
R-OSA-9645850.1|Activation of pre-replication complex	193	0.428107437184313
R-OSA-9645850.1|Activation of pre-replication complex	194	0.604792897579344
R-OSA-9645850.1|Activation of pre-replication complex	195	0.216552036888629
R-OSA-9645850.1|Activation of pre-replication complex	196	0.252221460985676
R-OSA-9645850.1|Activation of pre-replication complex	197	0.554961326324587
R-OSA-9645850.1|Activation of pre-replication complex	198	0.54475633326543
R-OSA-9645850.1|Activation of pre-replication complex	199	0.305135815964758
R-OSA-9645850.1|Activation of pre-replication complex	200	0.696866872709745
R-OSA-9645850.1|Activation of pre-replication complex	201	0.457809133134992
R-OSA-9645850.1|Activation of pre-replication complex	202	0.439133263545111
R-OSA-9645850.1|Activation of pre-replication complex	203	0.144652439380144
R-OSA-9645850.1|Activation of pre-replication complex	204	0.335945593358318
R-OSA-9645850.1|Activation of pre-replication complex	205	0.0605925057347796
R-OSA-9645850.1|Activation of pre-replication complex	206	0.321828771061425
R-OSA-9645850.1|Activation of pre-replication complex	207	0.048970417978034
R-OSA-9645850.1|Activation of pre-replication complex	208	0.160860301555678
R-OSA-9645850.1|Activation of pre-replication complex	209	0.794497335035431
R-OSA-9645850.1|Activation of pre-replication complex	210	0.643155761928306
R-OSA-9645850.1|Activation of pre-replication complex	211	0.06582434529672
R-OSA-9645850.1|Activation of pre-replication complex	212	0.106821605798255
R-OSA-9645850.1|Activation of pre-replication complex	213	0.391084999132908
R-OSA-9645850.1|Activation of pre-replication complex	214	0.839664522731974
R-OSA-9645850.1|Activation of pre-replication complex	215	0.263443184430463
R-OSA-9645850.1|Activation of pre-replication complex	216	0.0904085978981388
R-OSA-9645850.1|Activation of pre-replication complex	217	0.131526736720481
R-OSA-9645850.1|Activation of pre-replication complex	218	0.0312621793508469
R-OSA-9645850.1|Activation of pre-replication complex	219	0.218030755059015
R-OSA-9645850.1|Activation of pre-replication complex	220	0.208041148122232
R-OSA-9645850.1|Activation of pre-replication complex	221	0.0106952192411492
R-OSA-9645850.1|Activation of pre-replication complex	222	0.2100962769866
R-OSA-9645850.1|Activation of pre-replication complex	223	0.248867342539189
R-OSA-9645850.1|Activation of pre-replication complex	224	0.0394705879411904
R-OSA-9645850.1|Activation of pre-replication complex	225	0.400957499673597
R-OSA-9645850.1|Activation of pre-replication complex	226	0.267994073866035
R-OSA-9645850.1|Activation of pre-replication complex	227	0.536674821793297
R-OSA-9645850.1|Activation of pre-replication complex	228	0.105142177366123
R-OSA-9645850.1|Activation of pre-replication complex	229	0.153258828012578
R-OSA-9645850.1|Activation of pre-replication complex	230	0.136500605456059
R-OSA-9645850.1|Activation of pre-replication complex	231	0.0950070391931531
R-OSA-9645850.1|Activation of pre-replication complex	232	0.0245025261869603
R-OSA-9645850.1|Activation of pre-replication complex	233	0.157134753200475
R-OSA-9645850.1|Activation of pre-replication complex	234	0.192836673323249
R-OSA-9645850.1|Activation of pre-replication complex	235	0.533961946214816
R-OSA-9645850.1|Activation of pre-replication complex	236	0.122721400993892
R-OSA-9645850.1|Activation of pre-replication complex	237	0.310171499856494
R-OSA-9645850.1|Activation of pre-replication complex	238	0.294845204809229
R-OSA-9645850.1|Activation of pre-replication complex	239	0.0299947343148869
R-OSA-9645850.1|Activation of pre-replication complex	240	0.507149560638608
R-OSA-9645850.1|Activation of pre-replication complex	241	0.00124741810406911
R-OSA-9645850.1|Activation of pre-replication complex	242	0.309084821293546
R-OSA-9645850.1|Activation of pre-replication complex	243	0.861446815447224
R-OSA-9645850.1|Activation of pre-replication complex	244	0.021364809393678
R-OSA-9645850.1|Activation of pre-replication complex	245	0.0601966337507027
R-OSA-9645850.1|Activation of pre-replication complex	246	0.249879222093263
R-OSA-9645850.1|Activation of pre-replication complex	247	0.0963699120301619
R-OSA-9645850.1|Activation of pre-replication complex	248	0.202226841242258
R-OSA-9645850.1|Activation of pre-replication complex	249	0.00836866908533186
R-OSA-9645850.1|Activation of pre-replication complex	250	0.162831055094088
R-OSA-9645850.1|Activation of pre-replication complex	251	0.0257981108278786
R-OSA-9645850.1|Activation of pre-replication complex	252	0.0906421760956492
R-OSA-9645850.1|Activation of pre-replication complex	253	0.0341390174892272
R-OSA-9645850.1|Activation of pre-replication complex	254	0.058986005280436
R-OSA-9645850.1|Activation of pre-replication complex	255	0.119431519654997
R-OSA-9645850.1|Activation of pre-replication complex	256	0.00327977960375667
R-OSA-9645850.1|Activation of pre-replication complex	257	0.304789016915515
R-OSA-9645850.1|Activation of pre-replication complex	258	0.369295379681253
R-OSA-9645850.1|Activation of pre-replication complex	259	0.018825391022028
R-OSA-9645850.1|Activation of pre-replication complex	260	0.0977952887128871
R-OSA-9645850.1|Activation of pre-replication complex	261	0.00748241288671889
R-OSA-9645850.1|Activation of pre-replication complex	262	0.177823248292693
R-OSA-9645850.1|Activation of pre-replication complex	263	0.202146744806576
R-OSA-9645850.1|Activation of pre-replication complex	264	0.444607448091113
R-OSA-9645850.1|Activation of pre-replication complex	265	0.102192665069005
R-OSA-9645850.1|Activation of pre-replication complex	266	0.48173505452824
R-OSA-9645850.1|Activation of pre-replication complex	267	0.507180687468423
R-OSA-9645850.1|Activation of pre-replication complex	268	0.30337826273465
R-OSA-9645850.1|Activation of pre-replication complex	269	0.289835083074197
R-OSA-9645850.1|Activation of pre-replication complex	270	0.464784381684292
R-OSA-9645850.1|Activation of pre-replication complex	271	0.219998147499792
R-OSA-9645850.1|Activation of pre-replication complex	272	0.880025922832152
R-OSA-9645850.1|Activation of pre-replication complex	273	0.00158583886241739
R-OSA-9645850.1|Activation of pre-replication complex	274	0.0102618740534454
R-OSA-9645850.1|Activation of pre-replication complex	275	0.107226395131173
R-OSA-9645850.1|Activation of pre-replication complex	276	0.204207719830275
R-OSA-9645850.1|Activation of pre-replication complex	277	0.227237783076684
R-OSA-9645850.1|Activation of pre-replication complex	278	0.0388078819067768
R-OSA-9645850.1|Activation of pre-replication complex	279	0.0189038165658359
R-OSA-9645850.1|Activation of pre-replication complex	280	0.232646438643581
R-OSA-9645850.1|Activation of pre-replication complex	281	0.0848967859253971
R-OSA-9645850.1|Activation of pre-replication complex	282	0.0746477458198202
R-OSA-9645850.1|Activation of pre-replication complex	283	0.310101220706297
R-OSA-9645850.1|Activation of pre-replication complex	284	0.231876935119938
R-OSA-9645850.1|Activation of pre-replication complex	285	0.424124846540676
R-OSA-9645850.1|Activation of pre-replication complex	286	0.136289654804044
R-OSA-9645850.1|Activation of pre-replication complex	287	0.407096135661454
R-OSA-9645850.1|Activation of pre-replication complex	288	0.0994101775970218
R-OSA-9645850.1|Activation of pre-replication complex	289	0.126193081728525
R-OSA-9645850.1|Activation of pre-replication complex	290	0.434134110903074
R-OSA-9645850.1|Activation of pre-replication complex	291	0.359348998409907
R-OSA-9645850.1|Activation of pre-replication complex	292	0.352680844805897
R-OSA-9645850.1|Activation of pre-replication complex	293	0.0891063591924125
R-OSA-9645850.1|Activation of pre-replication complex	294	0.00931698783041205
R-OSA-9645850.1|Activation of pre-replication complex	295	0.123761291313817
R-OSA-9645850.1|Activation of pre-replication complex	296	0.0913655458936836
R-OSA-9645850.1|Activation of pre-replication complex	297	0.130656327195117
R-OSA-9645850.1|Activation of pre-replication complex	298	0.159429832181273
R-OSA-9645850.1|Activation of pre-replication complex	299	0.428234398332915
R-OSA-9645850.1|Activation of pre-replication complex	300	0.15012401464374
R-OSA-9645850.1|Activation of pre-replication complex	301	0.178888456543112
R-OSA-9645850.1|Activation of pre-replication complex	302	0.153547255740646
R-OSA-9645850.1|Activation of pre-replication complex	303	0.351693218941599
R-OSA-9645850.1|Activation of pre-replication complex	304	0.22111155330286
R-OSA-9645850.1|Activation of pre-replication complex	305	0.486317634622798
R-OSA-9645850.1|Activation of pre-replication complex	306	0.232446989396925
R-OSA-9645850.1|Activation of pre-replication complex	307	0.745817403530417
R-OSA-9645850.1|Activation of pre-replication complex	308	0.451486887968785
R-OSA-9645850.1|Activation of pre-replication complex	309	0.196106393559245
R-OSA-9645850.1|Activation of pre-replication complex	310	0.863698342452037
R-OSA-9645850.1|Activation of pre-replication complex	311	0.147426889033909
R-OSA-9645850.1|Activation of pre-replication complex	312	0.0227802681542262
R-OSA-9645850.1|Activation of pre-replication complex	313	0.292365314965136
R-OSA-9645850.1|Activation of pre-replication complex	314	0.0664100230359075
R-OSA-9645850.1|Activation of pre-replication complex	315	0.338891681560989
R-OSA-9645850.1|Activation of pre-replication complex	316	0.0544600070910738
R-OSA-9645850.1|Activation of pre-replication complex	317	0.158318161767629
R-OSA-9645850.1|Activation of pre-replication complex	318	0.216051773528956
R-OSA-9645850.1|Activation of pre-replication complex	319	0.494953548491669
R-OSA-9645850.1|Activation of pre-replication complex	320	0.292710646905664
R-OSA-9645850.1|Activation of pre-replication complex	321	0.209256701979459
R-OSA-9645850.1|Activation of pre-replication complex	322	0.146952338429533
R-OSA-9645850.1|Activation of pre-replication complex	323	0.213749944901245
R-OSA-9645850.1|Activation of pre-replication complex	324	0.243024776740096
R-OSA-9645850.1|Activation of pre-replication complex	325	0.238398640337766
R-OSA-9645850.1|Activation of pre-replication complex	326	0.109151555712481
R-OSA-9645850.1|Activation of pre-replication complex	327	0.10523782497943
R-OSA-9645850.1|Activation of pre-replication complex	328	0.00637064471803645
R-OSA-9645850.1|Activation of pre-replication complex	329	0.358150904511836
R-OSA-9645850.1|Activation of pre-replication complex	330	0.223377013501185
R-OSA-9645850.1|Activation of pre-replication complex	331	0.0187964039783299
R-OSA-9645850.1|Activation of pre-replication complex	332	0.158327594036893
R-OSA-9645850.1|Activation of pre-replication complex	333	0.597482598894524
R-OSA-9645850.1|Activation of pre-replication complex	334	0.336694400525405
R-OSA-9645850.1|Activation of pre-replication complex	335	0.21850816506089
R-OSA-9645850.1|Activation of pre-replication complex	336	0.250623002094448
R-OSA-9645850.1|Activation of pre-replication complex	337	0.498705904910501
R-OSA-9645850.1|Activation of pre-replication complex	338	0.217834878742371
R-OSA-9645850.1|Activation of pre-replication complex	339	0.186047073810883
R-OSA-9645850.1|Activation of pre-replication complex	340	0.192259330027843
R-OSA-9645850.1|Activation of pre-replication complex	341	0.0866111956566867
R-OSA-9645850.1|Activation of pre-replication complex	342	0.230923428824677
R-OSA-9645850.1|Activation of pre-replication complex	343	0.131206174556947
R-OSA-9645850.1|Activation of pre-replication complex	344	0.458235272846576
R-OSA-9645850.1|Activation of pre-replication complex	345	0.269258101046299
R-OSA-9645850.1|Activation of pre-replication complex	346	0.0850442571675279
R-OSA-9645850.1|Activation of pre-replication complex	347	0.413227203545734
R-OSA-9645850.1|Activation of pre-replication complex	348	0.39602465082999
R-OSA-9645850.1|Activation of pre-replication complex	349	0.319186359203064
R-OSA-9645850.1|Activation of pre-replication complex	350	0.169604107715925
R-OSA-9645850.1|Activation of pre-replication complex	351	0.588469161678834
R-OSA-9645850.1|Activation of pre-replication complex	352	0.0277209863486781
R-OSA-9645850.1|Activation of pre-replication complex	353	0.129828725030185
R-OSA-9645850.1|Activation of pre-replication complex	354	0.183606687966983
R-OSA-9645850.1|Activation of pre-replication complex	355	0.056584961324745
R-OSA-9645850.1|Activation of pre-replication complex	356	0.671689385824029
R-OSA-9645850.1|Activation of pre-replication complex	357	0.181943837128075
R-OSA-9645850.1|Activation of pre-replication complex	358	0.195750455487688
R-OSA-9645850.1|Activation of pre-replication complex	359	0.248572445476292
R-OSA-9645850.1|Activation of pre-replication complex	360	0.185606986060321
R-OSA-9645850.1|Activation of pre-replication complex	361	0.0369204251542995
R-OSA-9645850.1|Activation of pre-replication complex	362	0.0869006969848564
R-OSA-9645850.1|Activation of pre-replication complex	363	0.458923604338209
R-OSA-9645850.1|Activation of pre-replication complex	364	0.141908273861028
R-OSA-9645850.1|Activation of pre-replication complex	365	0.199506654869425
R-OSA-9645850.1|Activation of pre-replication complex	366	0.0711219380119634
R-OSA-9645850.1|Activation of pre-replication complex	367	0.722521437570157
R-OSA-9645850.1|Activation of pre-replication complex	368	0.0735778147288503
R-OSA-9645850.1|Activation of pre-replication complex	369	0.0244784625914365
R-OSA-9645850.1|Activation of pre-replication complex	370	0.689343195642592
R-OSA-9645850.1|Activation of pre-replication complex	371	0.0106604362275021
R-OSA-9645850.1|Activation of pre-replication complex	372	0.164414685598679
R-OSA-9645850.1|Activation of pre-replication complex	373	0.315529245926434
R-OSA-9645850.1|Activation of pre-replication complex	374	0.30240068887912
R-OSA-9645850.1|Activation of pre-replication complex	375	0.483392169480857
R-OSA-9645850.1|Activation of pre-replication complex	376	0.158581471672856
R-OSA-9645850.1|Activation of pre-replication complex	377	0.0180906906651494
R-OSA-9645850.1|Activation of pre-replication complex	378	0.0800349430138919
R-OSA-9645850.1|Activation of pre-replication complex	379	0.711801989583211
R-OSA-9645850.1|Activation of pre-replication complex	380	0.445338398762397
R-OSA-9645850.1|Activation of pre-replication complex	381	0.0246517426649799
R-OSA-9645850.1|Activation of pre-replication complex	382	0.0544033849903043
R-OSA-9645850.1|Activation of pre-replication complex	383	0.217478814694587
R-OSA-9645850.1|Activation of pre-replication complex	384	0.235547461396622
R-OSA-9645850.1|Activation of pre-replication complex	385	0.122331492800005
R-OSA-9645850.1|Activation of pre-replication complex	386	0.36129715898976
R-OSA-9645850.1|Activation of pre-replication complex	387	0.290036586833483
R-OSA-9645850.1|Activation of pre-replication complex	388	0.16283877986002
R-OSA-9645850.1|Activation of pre-replication complex	389	0.0444673197620468
R-OSA-9645850.1|Activation of pre-replication complex	390	0.236993214437817
R-OSA-9645850.1|Activation of pre-replication complex	391	0.119900332618413
R-OSA-9645850.1|Activation of pre-replication complex	392	0.353077008325117
R-OSA-9645850.1|Activation of pre-replication complex	393	0.0825267876142245
R-OSA-9645850.1|Activation of pre-replication complex	394	0.469268731370642
R-OSA-9645850.1|Activation of pre-replication complex	395	0.552155282830966
R-OSA-9645850.1|Activation of pre-replication complex	396	0.323884797703281
R-OSA-9645850.1|Activation of pre-replication complex	397	0.486858968653686
R-OSA-9645850.1|Activation of pre-replication complex	398	0.0924251343722962
R-OSA-9645850.1|Activation of pre-replication complex	399	0.530144661687583
R-OSA-9645850.1|Activation of pre-replication complex	400	0.188963906113733
R-OSA-9645850.1|Activation of pre-replication complex	401	0.212808699273764
R-OSA-9645850.1|Activation of pre-replication complex	402	0.0957618168577855
R-OSA-9645850.1|Activation of pre-replication complex	403	0.00140085506478166
R-OSA-9645850.1|Activation of pre-replication complex	404	0.0880068105102695
R-OSA-9645850.1|Activation of pre-replication complex	405	0.0764370780053443
R-OSA-9645850.1|Activation of pre-replication complex	406	0.546381071057988
R-OSA-9645850.1|Activation of pre-replication complex	407	0.159205440326682
R-OSA-9645850.1|Activation of pre-replication complex	408	0.0260518805511798
R-OSA-9645850.1|Activation of pre-replication complex	409	0.374242310524323
R-OSA-9645850.1|Activation of pre-replication complex	410	0.243257959639817
R-OSA-9645850.1|Activation of pre-replication complex	411	0.380958654204533
R-OSA-9645850.1|Activation of pre-replication complex	412	0.0329353228103509
R-OSA-9645850.1|Activation of pre-replication complex	413	0.0379713502179968
R-OSA-9645850.1|Activation of pre-replication complex	414	0.657164627769056
R-OSA-9645850.1|Activation of pre-replication complex	415	0.309084584598671
R-OSA-9645850.1|Activation of pre-replication complex	416	0.666356683338347
R-OSA-9645850.1|Activation of pre-replication complex	417	0.293406653825409
R-OSA-9645850.1|Activation of pre-replication complex	418	0.101481090230121
R-OSA-9645850.1|Activation of pre-replication complex	419	0.304708798133655
R-OSA-9645850.1|Activation of pre-replication complex	420	0.155285203438073
R-OSA-9645850.1|Activation of pre-replication complex	421	0.0254746961622151
R-OSA-9645850.1|Activation of pre-replication complex	422	0.0468002138607755
R-OSA-9645850.1|Activation of pre-replication complex	423	0.0104250120665751
R-OSA-9645850.1|Activation of pre-replication complex	424	0.0592042253077459
R-OSA-9645850.1|Activation of pre-replication complex	425	0.133610055955383
R-OSA-9645850.1|Activation of pre-replication complex	426	0.156702062764437
R-OSA-9645850.1|Activation of pre-replication complex	427	0.0787513049235732
R-OSA-9645850.1|Activation of pre-replication complex	428	0.441452952768732
R-OSA-9645850.1|Activation of pre-replication complex	429	0.239465839479129
R-OSA-9645850.1|Activation of pre-replication complex	430	0.0343782284106531
R-OSA-9645850.1|Activation of pre-replication complex	431	0.246089115323511
R-OSA-9645850.1|Activation of pre-replication complex	432	0.186272441966028
R-OSA-9645850.1|Activation of pre-replication complex	433	0.08064382389667
R-OSA-9645850.1|Activation of pre-replication complex	434	0.0245563059485473
R-OSA-9645850.1|Activation of pre-replication complex	435	0.0291062419549662
R-OSA-9645850.1|Activation of pre-replication complex	436	0.234104022536186
R-OSA-9645850.1|Activation of pre-replication complex	437	0.361891186047622
R-OSA-9645850.1|Activation of pre-replication complex	438	0.0795950674555201
R-OSA-9645850.1|Activation of pre-replication complex	439	0.515120141580843
R-OSA-9645850.1|Activation of pre-replication complex	440	0.0860608683131469
R-OSA-9645850.1|Activation of pre-replication complex	441	0.303713484177027
R-OSA-9645850.1|Activation of pre-replication complex	442	0.354851229870198
R-OSA-9645850.1|Activation of pre-replication complex	443	0.09199276004453
R-OSA-9645850.1|Activation of pre-replication complex	444	0.689072531380552
R-OSA-9645850.1|Activation of pre-replication complex	445	0.484351710625334
R-OSA-9645850.1|Activation of pre-replication complex	446	0.119371588262949
R-OSA-9645850.1|Activation of pre-replication complex	447	0.341757823203817
R-OSA-9645850.1|Activation of pre-replication complex	448	0.0461072989497384
R-OSA-9645850.1|Activation of pre-replication complex	449	0.220856458845219
R-OSA-9645850.1|Activation of pre-replication complex	450	0.477892778221002
R-OSA-9645850.1|Activation of pre-replication complex	451	0.195523865243482
R-OSA-9645850.1|Activation of pre-replication complex	452	0.050755009045975
R-OSA-9645850.1|Activation of pre-replication complex	453	0.501502643762266
R-OSA-9645850.1|Activation of pre-replication complex	454	0.00427713618206063
R-OSA-9645850.1|Activation of pre-replication complex	455	0.474790678868764
R-OSA-9645850.1|Activation of pre-replication complex	456	0.230520326896004
R-OSA-9645850.1|Activation of pre-replication complex	457	0.609709898071928
R-OSA-9645850.1|Activation of pre-replication complex	458	0.43344615076563
R-OSA-9645850.1|Activation of pre-replication complex	459	0.0851393872258775
R-OSA-9645850.1|Activation of pre-replication complex	460	0.372823408747627
R-OSA-9645850.1|Activation of pre-replication complex	461	0.22411136049756
R-OSA-9645850.1|Activation of pre-replication complex	462	0.0765644677934114
R-OSA-9645850.1|Activation of pre-replication complex	463	0.142512649168288
R-OSA-9645850.1|Activation of pre-replication complex	464	0.0635198398358664
R-OSA-9645850.1|Activation of pre-replication complex	465	0.508484553894814
R-OSA-9645850.1|Activation of pre-replication complex	466	0.571909914508115
R-OSA-9645850.1|Activation of pre-replication complex	467	0.48591875690385
R-OSA-9645850.1|Activation of pre-replication complex	468	0.000666950199642807
R-OSA-9645850.1|Activation of pre-replication complex	469	0.0112038033490501
R-OSA-9645850.1|Activation of pre-replication complex	470	0.427770874060768
R-OSA-9645850.1|Activation of pre-replication complex	471	0.249803695423859
R-OSA-9645850.1|Activation of pre-replication complex	472	0.0178923988553382
R-OSA-9645850.1|Activation of pre-replication complex	473	0.3170435617128
R-OSA-9645850.1|Activation of pre-replication complex	474	0.121753198105503
R-OSA-9645850.1|Activation of pre-replication complex	475	0.0382194228817405
R-OSA-9645850.1|Activation of pre-replication complex	476	0.135516989777801
R-OSA-9645850.1|Activation of pre-replication complex	477	0.119008952648688
R-OSA-9645850.1|Activation of pre-replication complex	478	0.358730384163073
R-OSA-9645850.1|Activation of pre-replication complex	479	0.835358290567801
R-OSA-9645850.1|Activation of pre-replication complex	480	0.208825023807329
R-OSA-9645850.1|Activation of pre-replication complex	481	0.211143126673051
R-OSA-9645850.1|Activation of pre-replication complex	482	0.517873454106261
R-OSA-9645850.1|Activation of pre-replication complex	483	0.178137059707399
R-OSA-9645850.1|Activation of pre-replication complex	484	0.174591908991756
R-OSA-9645850.1|Activation of pre-replication complex	485	0.232433788321872
R-OSA-9645850.1|Activation of pre-replication complex	486	0.684656806058903
R-OSA-9645850.1|Activation of pre-replication complex	487	0.44127466702337
R-OSA-9645850.1|Activation of pre-replication complex	488	0.197022066100951
R-OSA-9645850.1|Activation of pre-replication complex	489	0.281162976888301
R-OSA-9645850.1|Activation of pre-replication complex	490	0.237830878977524
R-OSA-9645850.1|Activation of pre-replication complex	491	0.128128102938784
R-OSA-9645850.1|Activation of pre-replication complex	492	0.368030110664796
R-OSA-9645850.1|Activation of pre-replication complex	493	0.0958947895268437
R-OSA-9645850.1|Activation of pre-replication complex	494	0.375526156303112
R-OSA-9645850.1|Activation of pre-replication complex	495	0.191328276847546
R-OSA-9645850.1|Activation of pre-replication complex	496	0.290069467845069
R-OSA-9645850.1|Activation of pre-replication complex	497	0.511183837856349
R-OSA-9645850.1|Activation of pre-replication complex	498	0.0218784921074424
R-OSA-9645850.1|Activation of pre-replication complex	499	0.109781989561101
R-OSA-9645850.1|Activation of pre-replication complex	500	0.0245018253256648
R-OSA-9645850.1|Activation of pre-replication complex	501	0.0215186871005019
R-OSA-9645850.1|Activation of pre-replication complex	502	0.194636312464723
R-OSA-9645850.1|Activation of pre-replication complex	503	0.167944246962738
R-OSA-9645850.1|Activation of pre-replication complex	504	0.282216207192502
R-OSA-9645850.1|Activation of pre-replication complex	505	0.165671115503571
R-OSA-9645850.1|Activation of pre-replication complex	506	0.198639890019969
R-OSA-9645850.1|Activation of pre-replication complex	507	0.26354291889169
R-OSA-9645850.1|Activation of pre-replication complex	508	0.183816976428099
R-OSA-9645850.1|Activation of pre-replication complex	509	0.119809861916163
R-OSA-9645850.1|Activation of pre-replication complex	510	0.0709347679091701
R-OSA-9645850.1|Activation of pre-replication complex	511	0.404291525764962
R-OSA-9645850.1|Activation of pre-replication complex	512	0.0885065164601527
R-OSA-9645850.1|Activation of pre-replication complex	513	0.471218358703254
R-OSA-9645850.1|Activation of pre-replication complex	514	0.0441773869648439
R-OSA-9645850.1|Activation of pre-replication complex	515	0.157723839609434
R-OSA-9645850.1|Activation of pre-replication complex	516	0.161106339286676
R-OSA-9645850.1|Activation of pre-replication complex	517	0.106799822366972
R-OSA-9645850.1|Activation of pre-replication complex	518	0.0389878834756197
R-OSA-9645850.1|Activation of pre-replication complex	519	0.0115470806301591
R-OSA-9645850.1|Activation of pre-replication complex	520	0.120646337406546
R-OSA-9645850.1|Activation of pre-replication complex	521	0.545325434220381
R-OSA-9645850.1|Activation of pre-replication complex	522	0.296922904132511
R-OSA-9645850.1|Activation of pre-replication complex	523	0.518327140976331
R-OSA-9645850.1|Activation of pre-replication complex	524	0.2875254171776
R-OSA-9645850.1|Activation of pre-replication complex	525	0.196548255144745
R-OSA-9645850.1|Activation of pre-replication complex	526	0.0962306514432655
R-OSA-9645850.1|Activation of pre-replication complex	527	0.277577671980969
R-OSA-9645850.1|Activation of pre-replication complex	528	0.255503917067484
R-OSA-9645850.1|Activation of pre-replication complex	529	0.114506711626596
R-OSA-9645850.1|Activation of pre-replication complex	530	0.40360744958679
R-OSA-9645850.1|Activation of pre-replication complex	531	0.151080319455363
R-OSA-9645850.1|Activation of pre-replication complex	532	0.029047164023478
R-OSA-9645850.1|Activation of pre-replication complex	533	0.266739329865681
R-OSA-9645850.1|Activation of pre-replication complex	534	0.266082095348745
R-OSA-9645850.1|Activation of pre-replication complex	535	0.372920624424342
R-OSA-9645850.1|Activation of pre-replication complex	536	0.617206178749731
R-OSA-9645850.1|Activation of pre-replication complex	537	0.0104674306858482
R-OSA-9645850.1|Activation of pre-replication complex	538	0.297739833688878
R-OSA-9645850.1|Activation of pre-replication complex	539	0.141344853091324
R-OSA-9645850.1|Activation of pre-replication complex	540	0.163119381102578
R-OSA-9645850.1|Activation of pre-replication complex	541	0.299379153587778
R-OSA-9645850.1|Activation of pre-replication complex	542	0.165799903393176
R-OSA-9645850.1|Activation of pre-replication complex	543	0.212252218512847
R-OSA-9645850.1|Activation of pre-replication complex	544	0.358195083795804
R-OSA-9645850.1|Activation of pre-replication complex	545	0.559230863315721
R-OSA-9645850.1|Activation of pre-replication complex	546	0.20635239616948
R-OSA-9645850.1|Activation of pre-replication complex	547	0.355227611710856
R-OSA-9645850.1|Activation of pre-replication complex	548	0.0210568745256491
R-OSA-9645850.1|Activation of pre-replication complex	549	0.0151537511378533
R-OSA-9645850.1|Activation of pre-replication complex	550	0.206264990933018
R-OSA-9645850.1|Activation of pre-replication complex	551	0.0844588540642486
R-OSA-9645850.1|Activation of pre-replication complex	552	0.289604919187817
R-OSA-9645850.1|Activation of pre-replication complex	553	0.077941261665396
R-OSA-9645850.1|Activation of pre-replication complex	554	0.0145031114956038
R-OSA-9645850.1|Activation of pre-replication complex	555	0.303365669582308
R-OSA-9645850.1|Activation of pre-replication complex	556	0.314068794887486
R-OSA-9645850.1|Activation of pre-replication complex	557	0.335494309946867
R-OSA-9645850.1|Activation of pre-replication complex	558	0.0879767239393978
R-OSA-9645850.1|Activation of pre-replication complex	559	0.223917770278478
R-OSA-9645850.1|Activation of pre-replication complex	560	0.0870643282608967
R-OSA-9645850.1|Activation of pre-replication complex	561	0.148128077664821
R-OSA-9645850.1|Activation of pre-replication complex	562	0.0236625030122938
R-OSA-9645850.1|Activation of pre-replication complex	563	0.194611187650961
R-OSA-9645850.1|Activation of pre-replication complex	564	0.0829872388916628
R-OSA-9645850.1|Activation of pre-replication complex	565	0.217657333527895
R-OSA-9645850.1|Activation of pre-replication complex	566	0.316526227059801
R-OSA-9645850.1|Activation of pre-replication complex	567	0.485293294964647
R-OSA-9645850.1|Activation of pre-replication complex	568	0.144183085758312
R-OSA-9645850.1|Activation of pre-replication complex	569	0.255061588101501
R-OSA-9645850.1|Activation of pre-replication complex	570	0.0582385436721232
R-OSA-9645850.1|Activation of pre-replication complex	571	0.146808828319093
R-OSA-9645850.1|Activation of pre-replication complex	572	0.00767384045411768
R-OSA-9645850.1|Activation of pre-replication complex	573	0.170210946523453
R-OSA-9645850.1|Activation of pre-replication complex	574	0.424557623666084
R-OSA-9645850.1|Activation of pre-replication complex	575	0.613167100807416
R-OSA-9645850.1|Activation of pre-replication complex	576	0.241135812599504
R-OSA-9645850.1|Activation of pre-replication complex	577	0.0105494020780812
R-OSA-9645850.1|Activation of pre-replication complex	578	0.285895933842551
R-OSA-9645850.1|Activation of pre-replication complex	579	0.0623168272857961
R-OSA-9645850.1|Activation of pre-replication complex	580	0.0831538816109922
R-OSA-9645850.1|Activation of pre-replication complex	581	0.0242261174503273
R-OSA-9645850.1|Activation of pre-replication complex	582	0.312120332348469
R-OSA-9645850.1|Activation of pre-replication complex	583	0.344940823744992
R-OSA-9645850.1|Activation of pre-replication complex	584	0.408792863905006
R-OSA-9645850.1|Activation of pre-replication complex	585	0.218278175086686
R-OSA-9645850.1|Activation of pre-replication complex	586	0.437214601004093
R-OSA-9645850.1|Activation of pre-replication complex	587	0.49155662625973
R-OSA-9645850.1|Activation of pre-replication complex	588	0.236063230035486
R-OSA-9645850.1|Activation of pre-replication complex	589	0.305557634526985
R-OSA-9645850.1|Activation of pre-replication complex	590	0.0625838021533918
R-OSA-9645850.1|Activation of pre-replication complex	591	0.175195149374749
R-OSA-9645850.1|Activation of pre-replication complex	592	0.32877746521121
R-OSA-9645850.1|Activation of pre-replication complex	593	0.419817439643733
R-OSA-9645850.1|Activation of pre-replication complex	594	0.00939338911726871
R-OSA-9645850.1|Activation of pre-replication complex	595	0.360223125141177
R-OSA-9645850.1|Activation of pre-replication complex	596	0.484903295334489
R-OSA-9645850.1|Activation of pre-replication complex	597	0.717399242827376
R-OSA-9645850.1|Activation of pre-replication complex	598	0.0977013801713543
R-OSA-9645850.1|Activation of pre-replication complex	599	0.0151665024148389
R-OSA-9645850.1|Activation of pre-replication complex	600	0.109379764544545
R-OSA-9645850.1|Activation of pre-replication complex	601	0.0683618723336406
R-OSA-9645850.1|Activation of pre-replication complex	602	0.0232900432813226
R-OSA-9645850.1|Activation of pre-replication complex	603	0.315398121639843
R-OSA-9645850.1|Activation of pre-replication complex	604	0.331789426573656
R-OSA-9645850.1|Activation of pre-replication complex	605	0.0694849574836214
R-OSA-9645850.1|Activation of pre-replication complex	606	0.186135906996224
R-OSA-9645850.1|Activation of pre-replication complex	607	0.926877668867561
R-OSA-9645850.1|Activation of pre-replication complex	608	0.400603809201811
R-OSA-9645850.1|Activation of pre-replication complex	609	0.433106731665769
R-OSA-9645850.1|Activation of pre-replication complex	610	0.014142875651046
R-OSA-9645850.1|Activation of pre-replication complex	611	0.37240302984931
R-OSA-9645850.1|Activation of pre-replication complex	612	0.124943466179667
R-OSA-9645850.1|Activation of pre-replication complex	613	0.0280690771633914
R-OSA-9645850.1|Activation of pre-replication complex	614	0.0841979408865277
R-OSA-9645850.1|Activation of pre-replication complex	615	0.318717234355939
R-OSA-9645850.1|Activation of pre-replication complex	616	0.11246657852079
R-OSA-9645850.1|Activation of pre-replication complex	617	0.232973379835672
R-OSA-9645850.1|Activation of pre-replication complex	618	0.0826410070252532
R-OSA-9645850.1|Activation of pre-replication complex	619	0.162463369291769
R-OSA-9645850.1|Activation of pre-replication complex	620	0.575039781188792
R-OSA-9645850.1|Activation of pre-replication complex	621	0.369873737485306
R-OSA-9645850.1|Activation of pre-replication complex	622	0.016774682817022
R-OSA-9645850.1|Activation of pre-replication complex	623	0.288972515107225
R-OSA-9645850.1|Activation of pre-replication complex	624	0.601107631500524
R-OSA-9645850.1|Activation of pre-replication complex	625	0.431398372136322
R-OSA-9645850.1|Activation of pre-replication complex	626	0.128366855820816
R-OSA-9645850.1|Activation of pre-replication complex	627	0.114401469800417
R-OSA-9645850.1|Activation of pre-replication complex	628	0.111742381171985
R-OSA-9645850.1|Activation of pre-replication complex	629	0.158371772777135
R-OSA-9645850.1|Activation of pre-replication complex	630	0.050710712119536
R-OSA-9645850.1|Activation of pre-replication complex	631	0.0971649080096296
R-OSA-9645850.1|Activation of pre-replication complex	632	0.0345075124278798
R-OSA-9645850.1|Activation of pre-replication complex	633	0.119091353565901
R-OSA-9645850.1|Activation of pre-replication complex	634	0.218617339549063
R-OSA-9645850.1|Activation of pre-replication complex	635	0.0212412705592514
R-OSA-9645850.1|Activation of pre-replication complex	636	0.0406173629298407
R-OSA-9645850.1|Activation of pre-replication complex	637	0.0933181588146506
R-OSA-9645850.1|Activation of pre-replication complex	638	0.269665879958885
R-OSA-9645850.1|Activation of pre-replication complex	639	0.083691960322174
R-OSA-9645850.1|Activation of pre-replication complex	640	0.0786290399123281
R-OSA-9645850.1|Activation of pre-replication complex	641	0.204764266325291
R-OSA-9645850.1|Activation of pre-replication complex	642	0.264463925349715
R-OSA-9645850.1|Activation of pre-replication complex	643	0.106530684080566
R-OSA-9645850.1|Activation of pre-replication complex	644	0.149120508018047
R-OSA-9645850.1|Activation of pre-replication complex	645	0.613338514088818
R-OSA-9645850.1|Activation of pre-replication complex	646	0.229843303229531
R-OSA-9645850.1|Activation of pre-replication complex	647	0.29071501321875
R-OSA-9645850.1|Activation of pre-replication complex	648	0.116455979520307
R-OSA-9645850.1|Activation of pre-replication complex	649	0.06020322161779
R-OSA-9645850.1|Activation of pre-replication complex	650	0.19693518023075
R-OSA-9645850.1|Activation of pre-replication complex	651	0.494066009193782
R-OSA-9645850.1|Activation of pre-replication complex	652	0.274251208962257
R-OSA-9645850.1|Activation of pre-replication complex	653	0.261088945664303
R-OSA-9645850.1|Activation of pre-replication complex	654	0.246468434698391
R-OSA-9645850.1|Activation of pre-replication complex	655	0.110119709008497
R-OSA-9645850.1|Activation of pre-replication complex	656	0.401861101336218
R-OSA-9645850.1|Activation of pre-replication complex	657	0.244140202706358
R-OSA-9645850.1|Activation of pre-replication complex	658	0.184908056135919
R-OSA-9645850.1|Activation of pre-replication complex	659	0.201586313206717
R-OSA-9645850.1|Activation of pre-replication complex	660	0.172946380358911
R-OSA-9645850.1|Activation of pre-replication complex	661	0.267298769582929
R-OSA-9645850.1|Activation of pre-replication complex	662	0.101354962523962
R-OSA-9645850.1|Activation of pre-replication complex	663	0.219649080369798
R-OSA-9645850.1|Activation of pre-replication complex	664	0.251701134529794
R-OSA-9645850.1|Activation of pre-replication complex	665	0.193827201756052
R-OSA-9645850.1|Activation of pre-replication complex	666	0.0683403316555672
R-OSA-9645850.1|Activation of pre-replication complex	667	0.129891867914149
R-OSA-9645850.1|Activation of pre-replication complex	668	0.461288682244696
R-OSA-9645850.1|Activation of pre-replication complex	669	0.55933450181804
R-OSA-9645850.1|Activation of pre-replication complex	670	0.0393808851285256
R-OSA-9645850.1|Activation of pre-replication complex	671	0.60001157584879
R-OSA-9645850.1|Activation of pre-replication complex	672	0.191633788410604
R-OSA-9645850.1|Activation of pre-replication complex	673	0.166093580524182
R-OSA-9645850.1|Activation of pre-replication complex	674	0.0854659207835836
R-OSA-9645850.1|Activation of pre-replication complex	675	0.483551420290514
R-OSA-9645850.1|Activation of pre-replication complex	676	0.572811456806987
R-OSA-9645850.1|Activation of pre-replication complex	677	0.397591554604225
R-OSA-9645850.1|Activation of pre-replication complex	678	0.697745063628764
R-OSA-9645850.1|Activation of pre-replication complex	679	0.453613730180368
R-OSA-9645850.1|Activation of pre-replication complex	680	0.35689443850067
R-OSA-9645850.1|Activation of pre-replication complex	681	0.266584191752567
R-OSA-9645850.1|Activation of pre-replication complex	682	0.114641736331662
R-OSA-9645850.1|Activation of pre-replication complex	683	0.238269310077248
R-OSA-9645850.1|Activation of pre-replication complex	684	0.360856305320776
R-OSA-9645850.1|Activation of pre-replication complex	685	0.222711511853529
R-OSA-9645850.1|Activation of pre-replication complex	686	0.753847678368007
R-OSA-9645850.1|Activation of pre-replication complex	687	0.262684112694473
R-OSA-9645850.1|Activation of pre-replication complex	688	0.138900776163074
R-OSA-9645850.1|Activation of pre-replication complex	689	0.142238594507562
R-OSA-9645850.1|Activation of pre-replication complex	690	0.337014857937055
R-OSA-9645850.1|Activation of pre-replication complex	691	0.450391740912798
R-OSA-9645850.1|Activation of pre-replication complex	692	0.0688216804275425
R-OSA-9645850.1|Activation of pre-replication complex	693	0.00741867598697068
R-OSA-9645850.1|Activation of pre-replication complex	694	0.122365563288878
R-OSA-9645850.1|Activation of pre-replication complex	695	0.353250259871143
R-OSA-9645850.1|Activation of pre-replication complex	696	0.732913184085111
R-OSA-9645850.1|Activation of pre-replication complex	697	0.283289694055901
R-OSA-9645850.1|Activation of pre-replication complex	698	0.11801246216197
R-OSA-9645850.1|Activation of pre-replication complex	699	0.612872798208093
R-OSA-9645850.1|Activation of pre-replication complex	700	0.349219392875616
R-OSA-9645850.1|Activation of pre-replication complex	701	0.346349207754449
R-OSA-9645850.1|Activation of pre-replication complex	702	0.332525652431227
R-OSA-9645850.1|Activation of pre-replication complex	703	0.0168309063053624
R-OSA-9645850.1|Activation of pre-replication complex	704	0.302483451596737
R-OSA-9645850.1|Activation of pre-replication complex	705	0.555368893981766
R-OSA-9645850.1|Activation of pre-replication complex	706	0.150246958976538
R-OSA-9645850.1|Activation of pre-replication complex	707	0.449205068236339
R-OSA-9645850.1|Activation of pre-replication complex	708	0.220163091224309
R-OSA-9645850.1|Activation of pre-replication complex	709	0.567215538821292
R-OSA-9645850.1|Activation of pre-replication complex	710	0.278506421139094
R-OSA-9645850.1|Activation of pre-replication complex	711	0.00894282266484217
R-OSA-9645850.1|Activation of pre-replication complex	712	0.729931814453916
R-OSA-9645850.1|Activation of pre-replication complex	713	0.138974623224559
R-OSA-9645850.1|Activation of pre-replication complex	714	0.174177971720247
R-OSA-9645850.1|Activation of pre-replication complex	715	0.104294375745731
R-OSA-9645850.1|Activation of pre-replication complex	716	0.168565218367939
R-OSA-9645850.1|Activation of pre-replication complex	717	0.204330806926006
R-OSA-9645850.1|Activation of pre-replication complex	718	0.174204857131277
R-OSA-9645850.1|Activation of pre-replication complex	719	0.117359287208481
R-OSA-9645850.1|Activation of pre-replication complex	720	0.10402335172157
R-OSA-9645850.1|Activation of pre-replication complex	721	0.0150703397750901
R-OSA-9645850.1|Activation of pre-replication complex	722	0.528659270795589
R-OSA-9645850.1|Activation of pre-replication complex	723	0.0680929225117104
R-OSA-9645850.1|Activation of pre-replication complex	724	0.212999243765179
R-OSA-9645850.1|Activation of pre-replication complex	725	0.590703098401086
R-OSA-9645850.1|Activation of pre-replication complex	726	0.0342298342619598
R-OSA-9645850.1|Activation of pre-replication complex	727	0.104426198449927
R-OSA-9645850.1|Activation of pre-replication complex	728	0.135307274637619
R-OSA-9645850.1|Activation of pre-replication complex	729	0.124110000823148
R-OSA-9645850.1|Activation of pre-replication complex	730	0.298061586093408
R-OSA-9645850.1|Activation of pre-replication complex	731	0.166368713062776
R-OSA-9645850.1|Activation of pre-replication complex	732	0.221302490283938
R-OSA-9645850.1|Activation of pre-replication complex	733	0.431960105200294
R-OSA-9645850.1|Activation of pre-replication complex	734	0.0883562239614576
R-OSA-9645850.1|Activation of pre-replication complex	735	0.0838862236154701
R-OSA-9645850.1|Activation of pre-replication complex	736	0.0598010248914471
R-OSA-9645850.1|Activation of pre-replication complex	737	0.0791780976967889
R-OSA-9645850.1|Activation of pre-replication complex	738	0.142156429829425
R-OSA-9645850.1|Activation of pre-replication complex	739	0.194699681733849
R-OSA-9645850.1|Activation of pre-replication complex	740	0.0873915067344874
R-OSA-9645850.1|Activation of pre-replication complex	741	0.0532578682198885
R-OSA-9645850.1|Activation of pre-replication complex	742	0.262452259147457
R-OSA-9645850.1|Activation of pre-replication complex	743	0.452988500712081
R-OSA-9645850.1|Activation of pre-replication complex	744	0.392852025125799
R-OSA-9645850.1|Activation of pre-replication complex	745	0.290378806877954
R-OSA-9645850.1|Activation of pre-replication complex	746	0.0302674887742439
R-OSA-9645850.1|Activation of pre-replication complex	747	0.138021977187272
R-OSA-9645850.1|Activation of pre-replication complex	748	0.151296729762585
R-OSA-9645850.1|Activation of pre-replication complex	749	0.0255963800028669
R-OSA-9645850.1|Activation of pre-replication complex	750	0.0950141812257607
R-OSA-9645850.1|Activation of pre-replication complex	751	0.000658709585815316
R-OSA-9645850.1|Activation of pre-replication complex	752	0.203051800075657
R-OSA-9645850.1|Activation of pre-replication complex	753	0.113958734740591
R-OSA-9645850.1|Activation of pre-replication complex	754	0.0288370200917631
R-OSA-9645850.1|Activation of pre-replication complex	755	0.591626561361597
R-OSA-9645850.1|Activation of pre-replication complex	756	0.887072321642549
R-OSA-9645850.1|Activation of pre-replication complex	757	0.326039174086145
R-OSA-9645850.1|Activation of pre-replication complex	758	0.00516849244049324
R-OSA-9645850.1|Activation of pre-replication complex	759	0.0950471558470828
R-OSA-9645850.1|Activation of pre-replication complex	760	0.187003972723297
R-OSA-9645850.1|Activation of pre-replication complex	761	0.200362795281809
R-OSA-9645850.1|Activation of pre-replication complex	762	0.0810173929942073
R-OSA-9645850.1|Activation of pre-replication complex	763	0.198233838140385
R-OSA-9645850.1|Activation of pre-replication complex	764	0.266787751746606
R-OSA-9645850.1|Activation of pre-replication complex	765	0.143248880069553
R-OSA-9645850.1|Activation of pre-replication complex	766	0.129127168285315
R-OSA-9645850.1|Activation of pre-replication complex	767	0.635382636810888
R-OSA-9645850.1|Activation of pre-replication complex	768	0.406298210113078
R-OSA-9645850.1|Activation of pre-replication complex	769	0.235452940964387
R-OSA-9645850.1|Activation of pre-replication complex	770	0.288191916854891
R-OSA-9645850.1|Activation of pre-replication complex	771	0.142520534071646
R-OSA-9645850.1|Activation of pre-replication complex	772	0.259113589215131
R-OSA-9645850.1|Activation of pre-replication complex	773	0.00316400102432136
R-OSA-9645850.1|Activation of pre-replication complex	774	0.168783184653524
R-OSA-9645850.1|Activation of pre-replication complex	775	0.407955096370558
R-OSA-9645850.1|Activation of pre-replication complex	776	0.169955545900978
R-OSA-9645850.1|Activation of pre-replication complex	777	0.0162124792447049
R-OSA-9645850.1|Activation of pre-replication complex	778	0.0718586869578142
R-OSA-9645850.1|Activation of pre-replication complex	779	0.257175376149561
R-OSA-9645850.1|Activation of pre-replication complex	780	0.278389150972764
R-OSA-9645850.1|Activation of pre-replication complex	781	0.0343012677703721
R-OSA-9645850.1|Activation of pre-replication complex	782	0.191402173491727
R-OSA-9645850.1|Activation of pre-replication complex	783	0.105633729982133
R-OSA-9645850.1|Activation of pre-replication complex	784	0.0684066230194796
R-OSA-9645850.1|Activation of pre-replication complex	785	0.115660931260317
R-OSA-9645850.1|Activation of pre-replication complex	786	0.0877817777170652
R-OSA-9645850.1|Activation of pre-replication complex	787	0.0657194240157427
R-OSA-9645850.1|Activation of pre-replication complex	788	0.193991393843412
R-OSA-9645850.1|Activation of pre-replication complex	789	0.00982104389742553
R-OSA-9645850.1|Activation of pre-replication complex	790	0.17952236373015
R-OSA-9645850.1|Activation of pre-replication complex	791	0.217170694800759
R-OSA-9645850.1|Activation of pre-replication complex	792	0.0820361577870947
R-OSA-9645850.1|Activation of pre-replication complex	793	0.0740480171609407
R-OSA-9645850.1|Activation of pre-replication complex	794	0.10490062156527
R-OSA-9645850.1|Activation of pre-replication complex	795	0.0837536273507634
R-OSA-9645850.1|Activation of pre-replication complex	796	0.131338699060182
R-OSA-9645850.1|Activation of pre-replication complex	797	0.103142038940953
R-OSA-9645850.1|Activation of pre-replication complex	798	0.284178258150672
R-OSA-9645850.1|Activation of pre-replication complex	799	0.297315379386668
R-OSA-9645850.1|Activation of pre-replication complex	800	0.0326180675263837
R-OSA-9645850.1|Activation of pre-replication complex	801	0.0939599248889746
R-OSA-9645850.1|Activation of pre-replication complex	802	0.266779306548754
R-OSA-9645850.1|Activation of pre-replication complex	803	0.306705968804405
R-OSA-9645850.1|Activation of pre-replication complex	804	0.0897295883905135
R-OSA-9645850.1|Activation of pre-replication complex	805	0.0236104028692061
R-OSA-9645850.1|Activation of pre-replication complex	806	0.138888793778732
R-OSA-9645850.1|Activation of pre-replication complex	807	0.017197901811714
R-OSA-9645850.1|Activation of pre-replication complex	808	0.600557608987901
R-OSA-9645850.1|Activation of pre-replication complex	809	0.067624884543121
R-OSA-9645850.1|Activation of pre-replication complex	810	0.401914381076347
R-OSA-9645850.1|Activation of pre-replication complex	811	0.162866817716472
R-OSA-9645850.1|Activation of pre-replication complex	812	0.0127277490461482
R-OSA-9645850.1|Activation of pre-replication complex	813	0.222513171106086
R-OSA-9645850.1|Activation of pre-replication complex	814	0.429138902996464
R-OSA-9645850.1|Activation of pre-replication complex	815	0.165841064626173
R-OSA-9645850.1|Activation of pre-replication complex	816	0.0345704296704406
R-OSA-9645850.1|Activation of pre-replication complex	817	0.460492749022603
R-OSA-9645850.1|Activation of pre-replication complex	818	0.154381537389724
R-OSA-9645850.1|Activation of pre-replication complex	819	0.259877993862133
R-OSA-9645850.1|Activation of pre-replication complex	820	0.223640593655221
R-OSA-9645850.1|Activation of pre-replication complex	821	0.528246717996879
R-OSA-9645850.1|Activation of pre-replication complex	822	0.414068953268467
R-OSA-9645850.1|Activation of pre-replication complex	823	0.141337910361647
R-OSA-9645850.1|Activation of pre-replication complex	824	0.338285635364119
R-OSA-9645850.1|Activation of pre-replication complex	825	0.428201433165606
R-OSA-9645850.1|Activation of pre-replication complex	826	0.255459650295687
R-OSA-9645850.1|Activation of pre-replication complex	827	0.188860997913702
R-OSA-9645850.1|Activation of pre-replication complex	828	0.455896941937415
R-OSA-9645850.1|Activation of pre-replication complex	829	0.197869580228538
R-OSA-9645850.1|Activation of pre-replication complex	830	0.0468356291242326
R-OSA-9645850.1|Activation of pre-replication complex	831	0.330327985843581
R-OSA-9645850.1|Activation of pre-replication complex	832	0.0400363562867937
R-OSA-9645850.1|Activation of pre-replication complex	833	0.537635324132765
R-OSA-9645850.1|Activation of pre-replication complex	834	0.205788656054157
R-OSA-9645850.1|Activation of pre-replication complex	835	0.838094357879933
R-OSA-9645850.1|Activation of pre-replication complex	836	0.338061291714073
R-OSA-9645850.1|Activation of pre-replication complex	837	0.0887427259951128
R-OSA-9645850.1|Activation of pre-replication complex	838	0.475012848459623
R-OSA-9645850.1|Activation of pre-replication complex	839	0.544345203679646
R-OSA-9645850.1|Activation of pre-replication complex	840	0.537919849777478
R-OSA-9645850.1|Activation of pre-replication complex	841	0.372687564344472
R-OSA-9645850.1|Activation of pre-replication complex	842	0.247183789577397
R-OSA-9645850.1|Activation of pre-replication complex	843	0.237898088631809
R-OSA-9645850.1|Activation of pre-replication complex	844	0.490720067506023
R-OSA-9645850.1|Activation of pre-replication complex	845	0.251390817901657
R-OSA-9645850.1|Activation of pre-replication complex	846	0.453726084341386
R-OSA-9645850.1|Activation of pre-replication complex	847	0.527283388932798
R-OSA-9645850.1|Activation of pre-replication complex	848	0.0662936231751784
R-OSA-9645850.1|Activation of pre-replication complex	849	0.430510016352553
R-OSA-9645850.1|Activation of pre-replication complex	850	0.385539213799173
R-OSA-9645850.1|Activation of pre-replication complex	851	0.116191519497943
R-OSA-9645850.1|Activation of pre-replication complex	852	0.247617955464483
R-OSA-9645850.1|Activation of pre-replication complex	853	0.355978247831287
R-OSA-9645850.1|Activation of pre-replication complex	854	0.108223138923125
R-OSA-9645850.1|Activation of pre-replication complex	855	0.275701488060791
R-OSA-9645850.1|Activation of pre-replication complex	856	0.183281556108981
R-OSA-9645850.1|Activation of pre-replication complex	857	0.0905308568104413
R-OSA-9645850.1|Activation of pre-replication complex	858	0.393213247591641
R-OSA-9645850.1|Activation of pre-replication complex	859	0.118057012084926
R-OSA-9645850.1|Activation of pre-replication complex	860	0.0741396873391687
R-OSA-9645850.1|Activation of pre-replication complex	861	0.0593208376365692
R-OSA-9645850.1|Activation of pre-replication complex	862	0.539066127129142
R-OSA-9645850.1|Activation of pre-replication complex	863	0.266368598156674
R-OSA-9645850.1|Activation of pre-replication complex	864	0.361567499883361
R-OSA-9645850.1|Activation of pre-replication complex	865	0.341225881012754
R-OSA-9645850.1|Activation of pre-replication complex	866	0.195034032850283
R-OSA-9645850.1|Activation of pre-replication complex	867	0.191895871659223
R-OSA-9645850.1|Activation of pre-replication complex	868	0.0634867724469374
R-OSA-9645850.1|Activation of pre-replication complex	869	0.0770946965994329
R-OSA-9645850.1|Activation of pre-replication complex	870	0.0716606158577906
R-OSA-9645850.1|Activation of pre-replication complex	871	0.497308739299512
R-OSA-9645850.1|Activation of pre-replication complex	872	0.0242119764196599
R-OSA-9645850.1|Activation of pre-replication complex	873	0.0452027145204178
R-OSA-9645850.1|Activation of pre-replication complex	874	0.182051804841012
R-OSA-9645850.1|Activation of pre-replication complex	875	0.199665535621399
R-OSA-9645850.1|Activation of pre-replication complex	876	0.230574251337026
R-OSA-9645850.1|Activation of pre-replication complex	877	0.0256799638272482
R-OSA-9645850.1|Activation of pre-replication complex	878	0.233274148905024
R-OSA-9645850.1|Activation of pre-replication complex	879	0.0509295489028217
R-OSA-9645850.1|Activation of pre-replication complex	880	0.0982017280400901
R-OSA-9645850.1|Activation of pre-replication complex	881	0.466571512752697
R-OSA-9645850.1|Activation of pre-replication complex	882	0.0792803360896821
R-OSA-9645850.1|Activation of pre-replication complex	883	0.876491059688822
R-OSA-9645850.1|Activation of pre-replication complex	884	0.27018352362579
R-OSA-9645850.1|Activation of pre-replication complex	885	0.173598717379157
R-OSA-9645850.1|Activation of pre-replication complex	886	0.656898909290852
R-OSA-9645850.1|Activation of pre-replication complex	887	0.436443484974585
R-OSA-9645850.1|Activation of pre-replication complex	888	0.147040445002377
R-OSA-9645850.1|Activation of pre-replication complex	889	0.246981809290915
R-OSA-9645850.1|Activation of pre-replication complex	890	0.179534461599799
R-OSA-9645850.1|Activation of pre-replication complex	891	0.190629928803303
R-OSA-9645850.1|Activation of pre-replication complex	892	0.349142357338241
R-OSA-9645850.1|Activation of pre-replication complex	893	0.187482094893148
R-OSA-9645850.1|Activation of pre-replication complex	894	0.503437031542446
R-OSA-9645850.1|Activation of pre-replication complex	895	0.0080017954455775
R-OSA-9645850.1|Activation of pre-replication complex	896	0.0364561269967472
R-OSA-9645850.1|Activation of pre-replication complex	897	0.0592354464535047
R-OSA-9645850.1|Activation of pre-replication complex	898	0.196314800159742
R-OSA-9645850.1|Activation of pre-replication complex	899	0.391782050416514
R-OSA-9645850.1|Activation of pre-replication complex	900	0.0967736105239644
R-OSA-9645850.1|Activation of pre-replication complex	901	0.434144598746642
R-OSA-9645850.1|Activation of pre-replication complex	902	0.588042308509628
R-OSA-9645850.1|Activation of pre-replication complex	903	0.203796139888627
R-OSA-9645850.1|Activation of pre-replication complex	904	0.341387933206484
R-OSA-9645850.1|Activation of pre-replication complex	905	0.359490532449678
R-OSA-9645850.1|Activation of pre-replication complex	906	0.200250170345073
R-OSA-9645850.1|Activation of pre-replication complex	907	0.0310501451772061
R-OSA-9645850.1|Activation of pre-replication complex	908	0.162733753736611
R-OSA-9645850.1|Activation of pre-replication complex	909	0.0682468913544029
R-OSA-9645850.1|Activation of pre-replication complex	910	0.0481288424891434
R-OSA-9645850.1|Activation of pre-replication complex	911	0.0276582510748916
R-OSA-9645850.1|Activation of pre-replication complex	912	0.362369022878242
R-OSA-9645850.1|Activation of pre-replication complex	913	0.341986093262211
R-OSA-9645850.1|Activation of pre-replication complex	914	0.239462850220188
R-OSA-9645850.1|Activation of pre-replication complex	915	0.169969296756235
R-OSA-9645850.1|Activation of pre-replication complex	916	0.143576056925242
R-OSA-9645850.1|Activation of pre-replication complex	917	0.086901461101777
R-OSA-9645850.1|Activation of pre-replication complex	918	0.569053884690554
R-OSA-9645850.1|Activation of pre-replication complex	919	0.0615907430563387
R-OSA-9645850.1|Activation of pre-replication complex	920	0.0940960850755561
R-OSA-9645850.1|Activation of pre-replication complex	921	0.138203569942726
R-OSA-9645850.1|Activation of pre-replication complex	922	0.377527135700601
R-OSA-9645850.1|Activation of pre-replication complex	923	0.0347032723217617
R-OSA-9645850.1|Activation of pre-replication complex	924	0.0639786866743387
R-OSA-9645850.1|Activation of pre-replication complex	925	0.0768444757973595
R-OSA-9645850.1|Activation of pre-replication complex	926	0.545664937939138
R-OSA-9645850.1|Activation of pre-replication complex	927	0.348453811657406
R-OSA-9645850.1|Activation of pre-replication complex	928	0.306959486708573
R-OSA-9645850.1|Activation of pre-replication complex	929	0.0733970237028063
R-OSA-9645850.1|Activation of pre-replication complex	930	0.328083994289992
R-OSA-9645850.1|Activation of pre-replication complex	931	0.343355430374385
R-OSA-9645850.1|Activation of pre-replication complex	932	0.242110475471304
R-OSA-9645850.1|Activation of pre-replication complex	933	0.320607094967359
R-OSA-9645850.1|Activation of pre-replication complex	934	0.468780269733564
R-OSA-9645850.1|Activation of pre-replication complex	935	0.0612361355328658
R-OSA-9645850.1|Activation of pre-replication complex	936	0.539090386581228
R-OSA-9645850.1|Activation of pre-replication complex	937	0.518769146267486
R-OSA-9645850.1|Activation of pre-replication complex	938	0.0930433278871659
R-OSA-9645850.1|Activation of pre-replication complex	939	0.203014058318181
R-OSA-9645850.1|Activation of pre-replication complex	940	0.339615508127286
R-OSA-9645850.1|Activation of pre-replication complex	941	0.00294407553035076
R-OSA-9645850.1|Activation of pre-replication complex	942	0.413594553199668
R-OSA-9645850.1|Activation of pre-replication complex	943	0.128000748583122
R-OSA-9645850.1|Activation of pre-replication complex	944	0.1208535446361
R-OSA-9645850.1|Activation of pre-replication complex	945	0.0105472656476442
R-OSA-9645850.1|Activation of pre-replication complex	946	0.491303952838426
R-OSA-9645850.1|Activation of pre-replication complex	947	0.671383910878344
R-OSA-9645850.1|Activation of pre-replication complex	948	0.197148246810533
R-OSA-9645850.1|Activation of pre-replication complex	949	0.295978650115144
R-OSA-9645850.1|Activation of pre-replication complex	950	0.053769198425656
R-OSA-9645850.1|Activation of pre-replication complex	951	0.0407629933129078
R-OSA-9645850.1|Activation of pre-replication complex	952	0.480014417675543
R-OSA-9645850.1|Activation of pre-replication complex	953	0.354085037957828
R-OSA-9645850.1|Activation of pre-replication complex	954	0.028117258844443
R-OSA-9645850.1|Activation of pre-replication complex	955	0.490707951938709
R-OSA-9645850.1|Activation of pre-replication complex	956	0.277054940752304
R-OSA-9645850.1|Activation of pre-replication complex	957	0.675994572598072
R-OSA-9645850.1|Activation of pre-replication complex	958	0.137594342906675
R-OSA-9645850.1|Activation of pre-replication complex	959	0.204517102113639
R-OSA-9645850.1|Activation of pre-replication complex	960	0.0491240817684016
R-OSA-9645850.1|Activation of pre-replication complex	961	0.520122251394378
R-OSA-9645850.1|Activation of pre-replication complex	962	0.0703568743081774
R-OSA-9645850.1|Activation of pre-replication complex	963	0.351301016504288
R-OSA-9645850.1|Activation of pre-replication complex	964	0.29615696576617
R-OSA-9645850.1|Activation of pre-replication complex	965	0.0276994310360763
R-OSA-9645850.1|Activation of pre-replication complex	966	0.39477578044555
R-OSA-9645850.1|Activation of pre-replication complex	967	0.335613848973731
R-OSA-9645850.1|Activation of pre-replication complex	968	0.40774415808017
R-OSA-9645850.1|Activation of pre-replication complex	969	0.330451992984878
R-OSA-9645850.1|Activation of pre-replication complex	970	0.232511432690801
R-OSA-9645850.1|Activation of pre-replication complex	971	0.44945657928083
R-OSA-9645850.1|Activation of pre-replication complex	972	0.120809804465589
R-OSA-9645850.1|Activation of pre-replication complex	973	0.452497274185764
R-OSA-9645850.1|Activation of pre-replication complex	974	0.0137077862678642
R-OSA-9645850.1|Activation of pre-replication complex	975	0.164559607288707
R-OSA-9645850.1|Activation of pre-replication complex	976	0.270084652084213
R-OSA-9645850.1|Activation of pre-replication complex	977	0.248258873729387
R-OSA-9645850.1|Activation of pre-replication complex	978	0.0865543254434984
R-OSA-9645850.1|Activation of pre-replication complex	979	0.195054188366671
R-OSA-9645850.1|Activation of pre-replication complex	980	0.344320409967568
R-OSA-9645850.1|Activation of pre-replication complex	981	0.0486992777990588
R-OSA-9645850.1|Activation of pre-replication complex	982	0.0187596246362516
R-OSA-9645850.1|Activation of pre-replication complex	983	0.245807923147939
R-OSA-9645850.1|Activation of pre-replication complex	984	0.330639406036459
R-OSA-9645850.1|Activation of pre-replication complex	985	0.049561754777412
R-OSA-9645850.1|Activation of pre-replication complex	986	0.273359752703208
R-OSA-9645850.1|Activation of pre-replication complex	987	0.333848459183147
R-OSA-9645850.1|Activation of pre-replication complex	988	0.155585624242261
R-OSA-9645850.1|Activation of pre-replication complex	989	0.688801612503853
R-OSA-9645850.1|Activation of pre-replication complex	990	0.155525293421184
R-OSA-9645850.1|Activation of pre-replication complex	991	0.230001377704818
R-OSA-9645850.1|Activation of pre-replication complex	992	0.00776890549716605
R-OSA-9645850.1|Activation of pre-replication complex	993	0.760195894474047
R-OSA-9645850.1|Activation of pre-replication complex	994	0.172915713791935
R-OSA-9645850.1|Activation of pre-replication complex	995	0.212818651085597
R-OSA-9645850.1|Activation of pre-replication complex	996	0.159557563297792
R-OSA-9645850.1|Activation of pre-replication complex	997	0.488371494419952
R-OSA-9645850.1|Activation of pre-replication complex	998	0.0950397862205082
R-OSA-9645850.1|Activation of pre-replication complex	999	0.384147055037049
R-OSA-9645850.1|Activation of pre-replication complex	1000	0.0240441349579438
R-OSA-9640882.1|Assembly of pre-replication complex	1	0.171192388720759
R-OSA-9640882.1|Assembly of pre-replication complex	2	1.04335942810549
R-OSA-9640882.1|Assembly of pre-replication complex	3	0.0166738242760147
R-OSA-9640882.1|Assembly of pre-replication complex	4	0.177660639830533
R-OSA-9640882.1|Assembly of pre-replication complex	5	0.12869919343411
R-OSA-9640882.1|Assembly of pre-replication complex	6	0.0136894337199981
R-OSA-9640882.1|Assembly of pre-replication complex	7	0.022365092789316
R-OSA-9640882.1|Assembly of pre-replication complex	8	0.25212450387957
R-OSA-9640882.1|Assembly of pre-replication complex	9	0.225036228178827
R-OSA-9640882.1|Assembly of pre-replication complex	10	0.000777868855998152
R-OSA-9640882.1|Assembly of pre-replication complex	11	0.0691753704302045
R-OSA-9640882.1|Assembly of pre-replication complex	12	0.284945918451061
R-OSA-9640882.1|Assembly of pre-replication complex	13	0.443064609104185
R-OSA-9640882.1|Assembly of pre-replication complex	14	0.224704594029162
R-OSA-9640882.1|Assembly of pre-replication complex	15	0.610075593237677
R-OSA-9640882.1|Assembly of pre-replication complex	16	0.327958407282608
R-OSA-9640882.1|Assembly of pre-replication complex	17	0.101268559428895
R-OSA-9640882.1|Assembly of pre-replication complex	18	0.00831416224730579
R-OSA-9640882.1|Assembly of pre-replication complex	19	0.43923964146371
R-OSA-9640882.1|Assembly of pre-replication complex	20	0.340672858072144
R-OSA-9640882.1|Assembly of pre-replication complex	21	0.352108967318175
R-OSA-9640882.1|Assembly of pre-replication complex	22	0.434746500239888
R-OSA-9640882.1|Assembly of pre-replication complex	23	0.0469788097035152
R-OSA-9640882.1|Assembly of pre-replication complex	24	0.381033573334199
R-OSA-9640882.1|Assembly of pre-replication complex	25	0.208840128628673
R-OSA-9640882.1|Assembly of pre-replication complex	26	0.49025264089073
R-OSA-9640882.1|Assembly of pre-replication complex	27	0.557630922927941
R-OSA-9640882.1|Assembly of pre-replication complex	28	0.11747372599585
R-OSA-9640882.1|Assembly of pre-replication complex	29	0.113224095648163
R-OSA-9640882.1|Assembly of pre-replication complex	30	0.142892347966006
R-OSA-9640882.1|Assembly of pre-replication complex	31	0.346946851450693
R-OSA-9640882.1|Assembly of pre-replication complex	32	0.0703023484508411
R-OSA-9640882.1|Assembly of pre-replication complex	33	0.7481765218358
R-OSA-9640882.1|Assembly of pre-replication complex	34	0.271434843349021
R-OSA-9640882.1|Assembly of pre-replication complex	35	0.123321096115701
R-OSA-9640882.1|Assembly of pre-replication complex	36	0.193562512926269
R-OSA-9640882.1|Assembly of pre-replication complex	37	0.287253738192988
R-OSA-9640882.1|Assembly of pre-replication complex	38	0.0242167622227263
R-OSA-9640882.1|Assembly of pre-replication complex	39	0.00212669809355241
R-OSA-9640882.1|Assembly of pre-replication complex	40	0.0234497734917711
R-OSA-9640882.1|Assembly of pre-replication complex	41	0.256938169574002
R-OSA-9640882.1|Assembly of pre-replication complex	42	0.159514617077009
R-OSA-9640882.1|Assembly of pre-replication complex	43	0.501680486901571
R-OSA-9640882.1|Assembly of pre-replication complex	44	0.197804929584327
R-OSA-9640882.1|Assembly of pre-replication complex	45	0.164361414350634
R-OSA-9640882.1|Assembly of pre-replication complex	46	0.252640109900044
R-OSA-9640882.1|Assembly of pre-replication complex	47	0.558234546056468
R-OSA-9640882.1|Assembly of pre-replication complex	48	0.0827288723918906
R-OSA-9640882.1|Assembly of pre-replication complex	49	0.190307094151684
R-OSA-9640882.1|Assembly of pre-replication complex	50	0.745282497828518
R-OSA-9640882.1|Assembly of pre-replication complex	51	0.0564644153578035
R-OSA-9640882.1|Assembly of pre-replication complex	52	0.391041686144661
R-OSA-9640882.1|Assembly of pre-replication complex	53	0.0348720884094409
R-OSA-9640882.1|Assembly of pre-replication complex	54	0.456006529124301
R-OSA-9640882.1|Assembly of pre-replication complex	55	0.170320765847823
R-OSA-9640882.1|Assembly of pre-replication complex	56	0.184657420459735
R-OSA-9640882.1|Assembly of pre-replication complex	57	0.262229071278645
R-OSA-9640882.1|Assembly of pre-replication complex	58	0.276031592347166
R-OSA-9640882.1|Assembly of pre-replication complex	59	0.297447608028011
R-OSA-9640882.1|Assembly of pre-replication complex	60	0.309850524611328
R-OSA-9640882.1|Assembly of pre-replication complex	61	0.178916169532071
R-OSA-9640882.1|Assembly of pre-replication complex	62	0.0258656415453234
R-OSA-9640882.1|Assembly of pre-replication complex	63	0.165910078018283
R-OSA-9640882.1|Assembly of pre-replication complex	64	0.203598160820015
R-OSA-9640882.1|Assembly of pre-replication complex	65	0.399130648197506
R-OSA-9640882.1|Assembly of pre-replication complex	66	0.041830633181498
R-OSA-9640882.1|Assembly of pre-replication complex	67	0.0106933662192542
R-OSA-9640882.1|Assembly of pre-replication complex	68	0.0329492243203596
R-OSA-9640882.1|Assembly of pre-replication complex	69	0.0722535784640191
R-OSA-9640882.1|Assembly of pre-replication complex	70	0.441369424695209
R-OSA-9640882.1|Assembly of pre-replication complex	71	0.125364481387813
R-OSA-9640882.1|Assembly of pre-replication complex	72	0.543283239940061
R-OSA-9640882.1|Assembly of pre-replication complex	73	0.202487652637821
R-OSA-9640882.1|Assembly of pre-replication complex	74	0.175727835120265
R-OSA-9640882.1|Assembly of pre-replication complex	75	0.277103286043902
R-OSA-9640882.1|Assembly of pre-replication complex	76	0.658269007530378
R-OSA-9640882.1|Assembly of pre-replication complex	77	0.178730041989806
R-OSA-9640882.1|Assembly of pre-replication complex	78	0.364108857855499
R-OSA-9640882.1|Assembly of pre-replication complex	79	0.183245914453891
R-OSA-9640882.1|Assembly of pre-replication complex	80	0.75380611454621
R-OSA-9640882.1|Assembly of pre-replication complex	81	0.482606564152834
R-OSA-9640882.1|Assembly of pre-replication complex	82	0.244100084838596
R-OSA-9640882.1|Assembly of pre-replication complex	83	0.538660511510263
R-OSA-9640882.1|Assembly of pre-replication complex	84	0.58311533081818
R-OSA-9640882.1|Assembly of pre-replication complex	85	0.0827394994477076
R-OSA-9640882.1|Assembly of pre-replication complex	86	0.266459635658184
R-OSA-9640882.1|Assembly of pre-replication complex	87	0.26995791481369
R-OSA-9640882.1|Assembly of pre-replication complex	88	0.158451486271411
R-OSA-9640882.1|Assembly of pre-replication complex	89	0.0278327494642022
R-OSA-9640882.1|Assembly of pre-replication complex	90	0.0113909651008038
R-OSA-9640882.1|Assembly of pre-replication complex	91	0.257559303051093
R-OSA-9640882.1|Assembly of pre-replication complex	92	0.527600194161193
R-OSA-9640882.1|Assembly of pre-replication complex	93	0.0583178863472924
R-OSA-9640882.1|Assembly of pre-replication complex	94	0.310617985954469
R-OSA-9640882.1|Assembly of pre-replication complex	95	0.291003838647587
R-OSA-9640882.1|Assembly of pre-replication complex	96	0.204061077383748
R-OSA-9640882.1|Assembly of pre-replication complex	97	0.376946246633833
R-OSA-9640882.1|Assembly of pre-replication complex	98	0.0483406513979193
R-OSA-9640882.1|Assembly of pre-replication complex	99	0.294176655372926
R-OSA-9640882.1|Assembly of pre-replication complex	100	0.0361871197723316
R-OSA-9640882.1|Assembly of pre-replication complex	101	0.237790508191604
R-OSA-9640882.1|Assembly of pre-replication complex	102	0.253768417258873
R-OSA-9640882.1|Assembly of pre-replication complex	103	0.000180727188426314
R-OSA-9640882.1|Assembly of pre-replication complex	104	0.0367669387637883
R-OSA-9640882.1|Assembly of pre-replication complex	105	0.0846261957633172
R-OSA-9640882.1|Assembly of pre-replication complex	106	0.857613661755331
R-OSA-9640882.1|Assembly of pre-replication complex	107	0.15774770157779
R-OSA-9640882.1|Assembly of pre-replication complex	108	0.20337629175709
R-OSA-9640882.1|Assembly of pre-replication complex	109	0.126721033494776
R-OSA-9640882.1|Assembly of pre-replication complex	110	0.534752122158317
R-OSA-9640882.1|Assembly of pre-replication complex	111	0.187964889287886
R-OSA-9640882.1|Assembly of pre-replication complex	112	0.129792646252724
R-OSA-9640882.1|Assembly of pre-replication complex	113	0.382630732744444
R-OSA-9640882.1|Assembly of pre-replication complex	114	0.291751104067178
R-OSA-9640882.1|Assembly of pre-replication complex	115	0.128364167445905
R-OSA-9640882.1|Assembly of pre-replication complex	116	0.0379021994284658
R-OSA-9640882.1|Assembly of pre-replication complex	117	0.158625409564758
R-OSA-9640882.1|Assembly of pre-replication complex	118	0.258371125906949
R-OSA-9640882.1|Assembly of pre-replication complex	119	0.0797105786660358
R-OSA-9640882.1|Assembly of pre-replication complex	120	0.168333688430801
R-OSA-9640882.1|Assembly of pre-replication complex	121	0.349690265709636
R-OSA-9640882.1|Assembly of pre-replication complex	122	0.592820101888847
R-OSA-9640882.1|Assembly of pre-replication complex	123	0.441325343023573
R-OSA-9640882.1|Assembly of pre-replication complex	124	0.252272763578361
R-OSA-9640882.1|Assembly of pre-replication complex	125	0.0316534741447039
R-OSA-9640882.1|Assembly of pre-replication complex	126	0.0294810234940034
R-OSA-9640882.1|Assembly of pre-replication complex	127	0.261447075159828
R-OSA-9640882.1|Assembly of pre-replication complex	128	0.0883298283625536
R-OSA-9640882.1|Assembly of pre-replication complex	129	0.151336236868232
R-OSA-9640882.1|Assembly of pre-replication complex	130	0.816642019416101
R-OSA-9640882.1|Assembly of pre-replication complex	131	0.172353537143352
R-OSA-9640882.1|Assembly of pre-replication complex	132	0.741075874073217
R-OSA-9640882.1|Assembly of pre-replication complex	133	0.337075147884908
R-OSA-9640882.1|Assembly of pre-replication complex	134	0.635880801604136
R-OSA-9640882.1|Assembly of pre-replication complex	135	0.272945999857839
R-OSA-9640882.1|Assembly of pre-replication complex	136	0.466129944462148
R-OSA-9640882.1|Assembly of pre-replication complex	137	0.241221390433181
R-OSA-9640882.1|Assembly of pre-replication complex	138	0.374935574621209
R-OSA-9640882.1|Assembly of pre-replication complex	139	0.0450850320448479
R-OSA-9640882.1|Assembly of pre-replication complex	140	0.281865689486531
R-OSA-9640882.1|Assembly of pre-replication complex	141	0.388300420903406
R-OSA-9640882.1|Assembly of pre-replication complex	142	0.0869946573246063
R-OSA-9640882.1|Assembly of pre-replication complex	143	0.169168777149141
R-OSA-9640882.1|Assembly of pre-replication complex	144	0.239405280762704
R-OSA-9640882.1|Assembly of pre-replication complex	145	0.473536281311195
R-OSA-9640882.1|Assembly of pre-replication complex	146	0.276618721823176
R-OSA-9640882.1|Assembly of pre-replication complex	147	0.704093465690705
R-OSA-9640882.1|Assembly of pre-replication complex	148	0.27996389284107
R-OSA-9640882.1|Assembly of pre-replication complex	149	0.628858059272536
R-OSA-9640882.1|Assembly of pre-replication complex	150	0.232170792201894
R-OSA-9640882.1|Assembly of pre-replication complex	151	0.557468497534445
R-OSA-9640882.1|Assembly of pre-replication complex	152	0.210081108772895
R-OSA-9640882.1|Assembly of pre-replication complex	153	0.29365426079803
R-OSA-9640882.1|Assembly of pre-replication complex	154	0.482028192158144
R-OSA-9640882.1|Assembly of pre-replication complex	155	0.277987276532938
R-OSA-9640882.1|Assembly of pre-replication complex	156	0.380837861189494
R-OSA-9640882.1|Assembly of pre-replication complex	157	0.111094304559419
R-OSA-9640882.1|Assembly of pre-replication complex	158	0.0557248755003609
R-OSA-9640882.1|Assembly of pre-replication complex	159	0.274270486219919
R-OSA-9640882.1|Assembly of pre-replication complex	160	0.0620946208844667
R-OSA-9640882.1|Assembly of pre-replication complex	161	0.284959040581919
R-OSA-9640882.1|Assembly of pre-replication complex	162	0.0292271825114551
R-OSA-9640882.1|Assembly of pre-replication complex	163	0.106092709198269
R-OSA-9640882.1|Assembly of pre-replication complex	164	0.345657207133615
R-OSA-9640882.1|Assembly of pre-replication complex	165	0.048277597294473
R-OSA-9640882.1|Assembly of pre-replication complex	166	0.316140310472012
R-OSA-9640882.1|Assembly of pre-replication complex	167	0.0653420576186742
R-OSA-9640882.1|Assembly of pre-replication complex	168	0.475445670386339
R-OSA-9640882.1|Assembly of pre-replication complex	169	0.298919518209979
R-OSA-9640882.1|Assembly of pre-replication complex	170	0.075629077304693
R-OSA-9640882.1|Assembly of pre-replication complex	171	0.310517246444576
R-OSA-9640882.1|Assembly of pre-replication complex	172	0.0624972554626926
R-OSA-9640882.1|Assembly of pre-replication complex	173	0.675421137101714
R-OSA-9640882.1|Assembly of pre-replication complex	174	0.456897523278651
R-OSA-9640882.1|Assembly of pre-replication complex	175	0.327399035572754
R-OSA-9640882.1|Assembly of pre-replication complex	176	0.64926023958458
R-OSA-9640882.1|Assembly of pre-replication complex	177	0.547853065760374
R-OSA-9640882.1|Assembly of pre-replication complex	178	0.240129415042112
R-OSA-9640882.1|Assembly of pre-replication complex	179	0.170510537986416
R-OSA-9640882.1|Assembly of pre-replication complex	180	0.279563144170084
R-OSA-9640882.1|Assembly of pre-replication complex	181	0.519454011346257
R-OSA-9640882.1|Assembly of pre-replication complex	182	0.0664981682598376
R-OSA-9640882.1|Assembly of pre-replication complex	183	0.132753741571857
R-OSA-9640882.1|Assembly of pre-replication complex	184	0.165266465533247
R-OSA-9640882.1|Assembly of pre-replication complex	185	0.624464655565621
R-OSA-9640882.1|Assembly of pre-replication complex	186	0.323806202771923
R-OSA-9640882.1|Assembly of pre-replication complex	187	0.650347269734421
R-OSA-9640882.1|Assembly of pre-replication complex	188	0.129557501882648
R-OSA-9640882.1|Assembly of pre-replication complex	189	0.247148089039176
R-OSA-9640882.1|Assembly of pre-replication complex	190	0.252541888432483
R-OSA-9640882.1|Assembly of pre-replication complex	191	0.0875048316782367
R-OSA-9640882.1|Assembly of pre-replication complex	192	0.351732363424687
R-OSA-9640882.1|Assembly of pre-replication complex	193	0.365311594074416
R-OSA-9640882.1|Assembly of pre-replication complex	194	0.0292883841473385
R-OSA-9640882.1|Assembly of pre-replication complex	195	0.167288012974057
R-OSA-9640882.1|Assembly of pre-replication complex	196	0.260315219768658
R-OSA-9640882.1|Assembly of pre-replication complex	197	0.278763516285891
R-OSA-9640882.1|Assembly of pre-replication complex	198	0.11802745171903
R-OSA-9640882.1|Assembly of pre-replication complex	199	0.0607155620555392
R-OSA-9640882.1|Assembly of pre-replication complex	200	0.527731235529402
R-OSA-9640882.1|Assembly of pre-replication complex	201	0.46975358406191
R-OSA-9640882.1|Assembly of pre-replication complex	202	0.624844144346111
R-OSA-9640882.1|Assembly of pre-replication complex	203	0.0282333682440013
R-OSA-9640882.1|Assembly of pre-replication complex	204	0.521985838907516
R-OSA-9640882.1|Assembly of pre-replication complex	205	0.288111554261834
R-OSA-9640882.1|Assembly of pre-replication complex	206	0.549470036125232
R-OSA-9640882.1|Assembly of pre-replication complex	207	0.0848686652418567
R-OSA-9640882.1|Assembly of pre-replication complex	208	0.0139982230859287
R-OSA-9640882.1|Assembly of pre-replication complex	209	0.370825122219309
R-OSA-9640882.1|Assembly of pre-replication complex	210	0.020037868841458
R-OSA-9640882.1|Assembly of pre-replication complex	211	0.254922575113118
R-OSA-9640882.1|Assembly of pre-replication complex	212	0.948497907269461
R-OSA-9640882.1|Assembly of pre-replication complex	213	0.393334739209307
R-OSA-9640882.1|Assembly of pre-replication complex	214	0.289337535319134
R-OSA-9640882.1|Assembly of pre-replication complex	215	0.675571001342822
R-OSA-9640882.1|Assembly of pre-replication complex	216	0.694013627003527
R-OSA-9640882.1|Assembly of pre-replication complex	217	0.32665876796558
R-OSA-9640882.1|Assembly of pre-replication complex	218	0.140127407238621
R-OSA-9640882.1|Assembly of pre-replication complex	219	0.054462637763343
R-OSA-9640882.1|Assembly of pre-replication complex	220	0.158925257458705
R-OSA-9640882.1|Assembly of pre-replication complex	221	0.755119670993384
R-OSA-9640882.1|Assembly of pre-replication complex	222	0.282768793178467
R-OSA-9640882.1|Assembly of pre-replication complex	223	0.538980014117756
R-OSA-9640882.1|Assembly of pre-replication complex	224	0.280656670931695
R-OSA-9640882.1|Assembly of pre-replication complex	225	0.354222412539584
R-OSA-9640882.1|Assembly of pre-replication complex	226	0.163052035582283
R-OSA-9640882.1|Assembly of pre-replication complex	227	0.367980402947467
R-OSA-9640882.1|Assembly of pre-replication complex	228	0.195526207163914
R-OSA-9640882.1|Assembly of pre-replication complex	229	0.82807468238062
R-OSA-9640882.1|Assembly of pre-replication complex	230	0.502408016709083
R-OSA-9640882.1|Assembly of pre-replication complex	231	0.276405780718601
R-OSA-9640882.1|Assembly of pre-replication complex	232	0.305835869322966
R-OSA-9640882.1|Assembly of pre-replication complex	233	0.386529231608153
R-OSA-9640882.1|Assembly of pre-replication complex	234	0.0360234749222021
R-OSA-9640882.1|Assembly of pre-replication complex	235	0.208105713562973
R-OSA-9640882.1|Assembly of pre-replication complex	236	0.14932848585606
R-OSA-9640882.1|Assembly of pre-replication complex	237	0.0338867976250664
R-OSA-9640882.1|Assembly of pre-replication complex	238	0.542794967318414
R-OSA-9640882.1|Assembly of pre-replication complex	239	0.659728237748961
R-OSA-9640882.1|Assembly of pre-replication complex	240	0.387136053669169
R-OSA-9640882.1|Assembly of pre-replication complex	241	0.213735244131878
R-OSA-9640882.1|Assembly of pre-replication complex	242	0.00201950337812602
R-OSA-9640882.1|Assembly of pre-replication complex	243	0.395822924045556
R-OSA-9640882.1|Assembly of pre-replication complex	244	0.345618140345082
R-OSA-9640882.1|Assembly of pre-replication complex	245	0.335472763882961
R-OSA-9640882.1|Assembly of pre-replication complex	246	0.103357902680691
R-OSA-9640882.1|Assembly of pre-replication complex	247	0.371770037903136
R-OSA-9640882.1|Assembly of pre-replication complex	248	0.14734344504799
R-OSA-9640882.1|Assembly of pre-replication complex	249	0.329757289183336
R-OSA-9640882.1|Assembly of pre-replication complex	250	0.506014218812013
R-OSA-9640882.1|Assembly of pre-replication complex	251	0.0488882676013009
R-OSA-9640882.1|Assembly of pre-replication complex	252	0.0157298550075536
R-OSA-9640882.1|Assembly of pre-replication complex	253	0.275725301224391
R-OSA-9640882.1|Assembly of pre-replication complex	254	0.117860343440295
R-OSA-9640882.1|Assembly of pre-replication complex	255	0.170298791886943
R-OSA-9640882.1|Assembly of pre-replication complex	256	0.105652628370273
R-OSA-9640882.1|Assembly of pre-replication complex	257	0.122413938833705
R-OSA-9640882.1|Assembly of pre-replication complex	258	0.228687985676631
R-OSA-9640882.1|Assembly of pre-replication complex	259	0.0112969911925333
R-OSA-9640882.1|Assembly of pre-replication complex	260	0.713097548313296
R-OSA-9640882.1|Assembly of pre-replication complex	261	0.661170800525602
R-OSA-9640882.1|Assembly of pre-replication complex	262	0.168048802185555
R-OSA-9640882.1|Assembly of pre-replication complex	263	0.328664254130832
R-OSA-9640882.1|Assembly of pre-replication complex	264	0.60847550442145
R-OSA-9640882.1|Assembly of pre-replication complex	265	0.467979732421944
R-OSA-9640882.1|Assembly of pre-replication complex	266	0.240336535928265
R-OSA-9640882.1|Assembly of pre-replication complex	267	0.1696068380274
R-OSA-9640882.1|Assembly of pre-replication complex	268	0.882248701040291
R-OSA-9640882.1|Assembly of pre-replication complex	269	0.078055830549221
R-OSA-9640882.1|Assembly of pre-replication complex	270	0.383869252413962
R-OSA-9640882.1|Assembly of pre-replication complex	271	0.206041723254572
R-OSA-9640882.1|Assembly of pre-replication complex	272	0.406579578293326
R-OSA-9640882.1|Assembly of pre-replication complex	273	0.15905337549929
R-OSA-9640882.1|Assembly of pre-replication complex	274	0.312167546937451
R-OSA-9640882.1|Assembly of pre-replication complex	275	0.0811807952642934
R-OSA-9640882.1|Assembly of pre-replication complex	276	0.161561644781229
R-OSA-9640882.1|Assembly of pre-replication complex	277	0.0426915565881201
R-OSA-9640882.1|Assembly of pre-replication complex	278	0.303533058498242
R-OSA-9640882.1|Assembly of pre-replication complex	279	0.152580351587227
R-OSA-9640882.1|Assembly of pre-replication complex	280	0.0655542251882367
R-OSA-9640882.1|Assembly of pre-replication complex	281	0.0405492841170398
R-OSA-9640882.1|Assembly of pre-replication complex	282	0.571114027499561
R-OSA-9640882.1|Assembly of pre-replication complex	283	0.068545591342888
R-OSA-9640882.1|Assembly of pre-replication complex	284	0.257025527813012
R-OSA-9640882.1|Assembly of pre-replication complex	285	0.79512400157489
R-OSA-9640882.1|Assembly of pre-replication complex	286	0.358956910029511
R-OSA-9640882.1|Assembly of pre-replication complex	287	0.789147375180328
R-OSA-9640882.1|Assembly of pre-replication complex	288	0.838732147803601
R-OSA-9640882.1|Assembly of pre-replication complex	289	0.499264773671164
R-OSA-9640882.1|Assembly of pre-replication complex	290	0.0503442544534481
R-OSA-9640882.1|Assembly of pre-replication complex	291	0.0744739561765629
R-OSA-9640882.1|Assembly of pre-replication complex	292	0.577003388049241
R-OSA-9640882.1|Assembly of pre-replication complex	293	0.184946332717246
R-OSA-9640882.1|Assembly of pre-replication complex	294	0.522259501502069
R-OSA-9640882.1|Assembly of pre-replication complex	295	0.544808845029549
R-OSA-9640882.1|Assembly of pre-replication complex	296	0.173369368509336
R-OSA-9640882.1|Assembly of pre-replication complex	297	0.381373568014528
R-OSA-9640882.1|Assembly of pre-replication complex	298	0.409065481775531
R-OSA-9640882.1|Assembly of pre-replication complex	299	0.0382752310281272
R-OSA-9640882.1|Assembly of pre-replication complex	300	0.356681990035529
R-OSA-9640882.1|Assembly of pre-replication complex	301	0.0928777615063522
R-OSA-9640882.1|Assembly of pre-replication complex	302	0.38595903397618
R-OSA-9640882.1|Assembly of pre-replication complex	303	0.189394083748584
R-OSA-9640882.1|Assembly of pre-replication complex	304	0.467304431925264
R-OSA-9640882.1|Assembly of pre-replication complex	305	0.32440211088063
R-OSA-9640882.1|Assembly of pre-replication complex	306	0.278407180012537
R-OSA-9640882.1|Assembly of pre-replication complex	307	0.281959078724655
R-OSA-9640882.1|Assembly of pre-replication complex	308	0.43155134596368
R-OSA-9640882.1|Assembly of pre-replication complex	309	0.762499211088909
R-OSA-9640882.1|Assembly of pre-replication complex	310	0.379066511443017
R-OSA-9640882.1|Assembly of pre-replication complex	311	0.0201800341671508
R-OSA-9640882.1|Assembly of pre-replication complex	312	0.262082885355721
R-OSA-9640882.1|Assembly of pre-replication complex	313	0.266077840374162
R-OSA-9640882.1|Assembly of pre-replication complex	314	0.3758263953958
R-OSA-9640882.1|Assembly of pre-replication complex	315	0.943443719936546
R-OSA-9640882.1|Assembly of pre-replication complex	316	0.062541863523155
R-OSA-9640882.1|Assembly of pre-replication complex	317	0.281130773988271
R-OSA-9640882.1|Assembly of pre-replication complex	318	0.664063358698862
R-OSA-9640882.1|Assembly of pre-replication complex	319	0.126055249487706
R-OSA-9640882.1|Assembly of pre-replication complex	320	0.0148057009429614
R-OSA-9640882.1|Assembly of pre-replication complex	321	0.110066429121598
R-OSA-9640882.1|Assembly of pre-replication complex	322	0.627316659789695
R-OSA-9640882.1|Assembly of pre-replication complex	323	0.869838562515245
R-OSA-9640882.1|Assembly of pre-replication complex	324	0.452129583068831
R-OSA-9640882.1|Assembly of pre-replication complex	325	0.171177994715834
R-OSA-9640882.1|Assembly of pre-replication complex	326	0.0590309190021982
R-OSA-9640882.1|Assembly of pre-replication complex	327	0.556520699094928
R-OSA-9640882.1|Assembly of pre-replication complex	328	0.497856086771881
R-OSA-9640882.1|Assembly of pre-replication complex	329	0.546841701439626
R-OSA-9640882.1|Assembly of pre-replication complex	330	0.361192234092034
R-OSA-9640882.1|Assembly of pre-replication complex	331	0.120296570609849
R-OSA-9640882.1|Assembly of pre-replication complex	332	0.875715437646084
R-OSA-9640882.1|Assembly of pre-replication complex	333	0.38317220152187
R-OSA-9640882.1|Assembly of pre-replication complex	334	0.0833733103768333
R-OSA-9640882.1|Assembly of pre-replication complex	335	0.0239391944147172
R-OSA-9640882.1|Assembly of pre-replication complex	336	0.196053488010385
R-OSA-9640882.1|Assembly of pre-replication complex	337	0.944856337671995
R-OSA-9640882.1|Assembly of pre-replication complex	338	0.0284750879499964
R-OSA-9640882.1|Assembly of pre-replication complex	339	0.261468733937951
R-OSA-9640882.1|Assembly of pre-replication complex	340	0.110961235750983
R-OSA-9640882.1|Assembly of pre-replication complex	341	0.00379767834336014
R-OSA-9640882.1|Assembly of pre-replication complex	342	0.511215925678823
R-OSA-9640882.1|Assembly of pre-replication complex	343	0.449337649718687
R-OSA-9640882.1|Assembly of pre-replication complex	344	0.197563054651613
R-OSA-9640882.1|Assembly of pre-replication complex	345	0.0802705284650459
R-OSA-9640882.1|Assembly of pre-replication complex	346	0.0514718658480007
R-OSA-9640882.1|Assembly of pre-replication complex	347	0.486527220396329
R-OSA-9640882.1|Assembly of pre-replication complex	348	0.0815178597723237
R-OSA-9640882.1|Assembly of pre-replication complex	349	0.191379812999013
R-OSA-9640882.1|Assembly of pre-replication complex	350	0.0676384080260955
R-OSA-9640882.1|Assembly of pre-replication complex	351	0.281231339618911
R-OSA-9640882.1|Assembly of pre-replication complex	352	0.312528582099787
R-OSA-9640882.1|Assembly of pre-replication complex	353	0.366101058713527
R-OSA-9640882.1|Assembly of pre-replication complex	354	0.138124722184673
R-OSA-9640882.1|Assembly of pre-replication complex	355	0.20230072621354
R-OSA-9640882.1|Assembly of pre-replication complex	356	0.0207297313040303
R-OSA-9640882.1|Assembly of pre-replication complex	357	0.18463575517449
R-OSA-9640882.1|Assembly of pre-replication complex	358	0.199939496006318
R-OSA-9640882.1|Assembly of pre-replication complex	359	0.217100542942467
R-OSA-9640882.1|Assembly of pre-replication complex	360	0.172502256762069
R-OSA-9640882.1|Assembly of pre-replication complex	361	0.437194249183366
R-OSA-9640882.1|Assembly of pre-replication complex	362	0.987394720650835
R-OSA-9640882.1|Assembly of pre-replication complex	363	0.280658039638647
R-OSA-9640882.1|Assembly of pre-replication complex	364	0.54995157222333
R-OSA-9640882.1|Assembly of pre-replication complex	365	0.0198562291176154
R-OSA-9640882.1|Assembly of pre-replication complex	366	0.223741151885107
R-OSA-9640882.1|Assembly of pre-replication complex	367	0.206979244602039
R-OSA-9640882.1|Assembly of pre-replication complex	368	0.747000813288526
R-OSA-9640882.1|Assembly of pre-replication complex	369	0.0980790383782716
R-OSA-9640882.1|Assembly of pre-replication complex	370	0.326906441037362
R-OSA-9640882.1|Assembly of pre-replication complex	371	0.13501637518138
R-OSA-9640882.1|Assembly of pre-replication complex	372	0.537065624005627
R-OSA-9640882.1|Assembly of pre-replication complex	373	0.0966628310316886
R-OSA-9640882.1|Assembly of pre-replication complex	374	0.490613802339695
R-OSA-9640882.1|Assembly of pre-replication complex	375	0.0825045145669685
R-OSA-9640882.1|Assembly of pre-replication complex	376	0.328700472038193
R-OSA-9640882.1|Assembly of pre-replication complex	377	0.00230474229635156
R-OSA-9640882.1|Assembly of pre-replication complex	378	0.155784864938183
R-OSA-9640882.1|Assembly of pre-replication complex	379	0.212540506152347
R-OSA-9640882.1|Assembly of pre-replication complex	380	0.546587675170026
R-OSA-9640882.1|Assembly of pre-replication complex	381	0.493703375804039
R-OSA-9640882.1|Assembly of pre-replication complex	382	0.863996798475713
R-OSA-9640882.1|Assembly of pre-replication complex	383	0.012813806732239
R-OSA-9640882.1|Assembly of pre-replication complex	384	0.261347519617832
R-OSA-9640882.1|Assembly of pre-replication complex	385	0.196489068080449
R-OSA-9640882.1|Assembly of pre-replication complex	386	0.0712824359086966
R-OSA-9640882.1|Assembly of pre-replication complex	387	0.150362916768506
R-OSA-9640882.1|Assembly of pre-replication complex	388	0.274483418944422
R-OSA-9640882.1|Assembly of pre-replication complex	389	0.412815278198479
R-OSA-9640882.1|Assembly of pre-replication complex	390	0.0551988363868438
R-OSA-9640882.1|Assembly of pre-replication complex	391	0.309023851631231
R-OSA-9640882.1|Assembly of pre-replication complex	392	0.066560276303239
R-OSA-9640882.1|Assembly of pre-replication complex	393	0.331467171317374
R-OSA-9640882.1|Assembly of pre-replication complex	394	0.0559516798108021
R-OSA-9640882.1|Assembly of pre-replication complex	395	0.137999144325515
R-OSA-9640882.1|Assembly of pre-replication complex	396	0.159591488050473
R-OSA-9640882.1|Assembly of pre-replication complex	397	0.516497670965218
R-OSA-9640882.1|Assembly of pre-replication complex	398	0.61868383410138
R-OSA-9640882.1|Assembly of pre-replication complex	399	0.679116329592526
R-OSA-9640882.1|Assembly of pre-replication complex	400	0.337365881669083
R-OSA-9640882.1|Assembly of pre-replication complex	401	0.827710691040806
R-OSA-9640882.1|Assembly of pre-replication complex	402	0.206128632975096
R-OSA-9640882.1|Assembly of pre-replication complex	403	0.473750047153321
R-OSA-9640882.1|Assembly of pre-replication complex	404	0.173292987049587
R-OSA-9640882.1|Assembly of pre-replication complex	405	0.601801363975042
R-OSA-9640882.1|Assembly of pre-replication complex	406	0.6130342029961
R-OSA-9640882.1|Assembly of pre-replication complex	407	0.12110784375984
R-OSA-9640882.1|Assembly of pre-replication complex	408	0.270876940021087
R-OSA-9640882.1|Assembly of pre-replication complex	409	0.446178043361459
R-OSA-9640882.1|Assembly of pre-replication complex	410	0.301086566764123
R-OSA-9640882.1|Assembly of pre-replication complex	411	0.00270521546656353
R-OSA-9640882.1|Assembly of pre-replication complex	412	0.300086220558598
R-OSA-9640882.1|Assembly of pre-replication complex	413	0.00862395769723123
R-OSA-9640882.1|Assembly of pre-replication complex	414	0.599579307692232
R-OSA-9640882.1|Assembly of pre-replication complex	415	0.181246843098056
R-OSA-9640882.1|Assembly of pre-replication complex	416	0.567113518007173
R-OSA-9640882.1|Assembly of pre-replication complex	417	0.244549295892845
R-OSA-9640882.1|Assembly of pre-replication complex	418	0.209521898697547
R-OSA-9640882.1|Assembly of pre-replication complex	419	0.596067537300915
R-OSA-9640882.1|Assembly of pre-replication complex	420	0.232491336531746
R-OSA-9640882.1|Assembly of pre-replication complex	421	0.215275194649286
R-OSA-9640882.1|Assembly of pre-replication complex	422	0.147566141464739
R-OSA-9640882.1|Assembly of pre-replication complex	423	0.0123122488683329
R-OSA-9640882.1|Assembly of pre-replication complex	424	0.130221578454874
R-OSA-9640882.1|Assembly of pre-replication complex	425	0.23469736005656
R-OSA-9640882.1|Assembly of pre-replication complex	426	0.15409829065099
R-OSA-9640882.1|Assembly of pre-replication complex	427	0.00847058052796939
R-OSA-9640882.1|Assembly of pre-replication complex	428	0.304301414718597
R-OSA-9640882.1|Assembly of pre-replication complex	429	0.472933971655847
R-OSA-9640882.1|Assembly of pre-replication complex	430	0.0083737188911831
R-OSA-9640882.1|Assembly of pre-replication complex	431	0.142286473350138
R-OSA-9640882.1|Assembly of pre-replication complex	432	0.0468872718786036
R-OSA-9640882.1|Assembly of pre-replication complex	433	0.117609932994293
R-OSA-9640882.1|Assembly of pre-replication complex	434	0.22170210200474
R-OSA-9640882.1|Assembly of pre-replication complex	435	0.0259647270243309
R-OSA-9640882.1|Assembly of pre-replication complex	436	0.223770632204292
R-OSA-9640882.1|Assembly of pre-replication complex	437	0.277405155503711
R-OSA-9640882.1|Assembly of pre-replication complex	438	0.205317454275689
R-OSA-9640882.1|Assembly of pre-replication complex	439	0.0119385456374973
R-OSA-9640882.1|Assembly of pre-replication complex	440	0.714660817685089
R-OSA-9640882.1|Assembly of pre-replication complex	441	0.0431936319734866
R-OSA-9640882.1|Assembly of pre-replication complex	442	0.520411260609698
R-OSA-9640882.1|Assembly of pre-replication complex	443	0.5723612286537
R-OSA-9640882.1|Assembly of pre-replication complex	444	0.467389683763396
R-OSA-9640882.1|Assembly of pre-replication complex	445	0.132891385556653
R-OSA-9640882.1|Assembly of pre-replication complex	446	0.15901070770156
R-OSA-9640882.1|Assembly of pre-replication complex	447	0.212919390253596
R-OSA-9640882.1|Assembly of pre-replication complex	448	0.244455568022538
R-OSA-9640882.1|Assembly of pre-replication complex	449	0.342905423946808
R-OSA-9640882.1|Assembly of pre-replication complex	450	0.231992936763609
R-OSA-9640882.1|Assembly of pre-replication complex	451	0.312884661889774
R-OSA-9640882.1|Assembly of pre-replication complex	452	0.454712412432934
R-OSA-9640882.1|Assembly of pre-replication complex	453	0.105428601159153
R-OSA-9640882.1|Assembly of pre-replication complex	454	0.184027509821454
R-OSA-9640882.1|Assembly of pre-replication complex	455	0.295642371916428
R-OSA-9640882.1|Assembly of pre-replication complex	456	0.454697733950592
R-OSA-9640882.1|Assembly of pre-replication complex	457	0.0174885698769262
R-OSA-9640882.1|Assembly of pre-replication complex	458	0.413019191179433
R-OSA-9640882.1|Assembly of pre-replication complex	459	0.0689614979020703
R-OSA-9640882.1|Assembly of pre-replication complex	460	0.164795588638102
R-OSA-9640882.1|Assembly of pre-replication complex	461	0.433285726529504
R-OSA-9640882.1|Assembly of pre-replication complex	462	0.391025564653175
R-OSA-9640882.1|Assembly of pre-replication complex	463	0.464210301595469
R-OSA-9640882.1|Assembly of pre-replication complex	464	0.374822818100674
R-OSA-9640882.1|Assembly of pre-replication complex	465	0.688040252171256
R-OSA-9640882.1|Assembly of pre-replication complex	466	0.0319127404125388
R-OSA-9640882.1|Assembly of pre-replication complex	467	0.114623533619449
R-OSA-9640882.1|Assembly of pre-replication complex	468	0.506293157711402
R-OSA-9640882.1|Assembly of pre-replication complex	469	0.691131289229982
R-OSA-9640882.1|Assembly of pre-replication complex	470	0.148603620143093
R-OSA-9640882.1|Assembly of pre-replication complex	471	0.106262055584619
R-OSA-9640882.1|Assembly of pre-replication complex	472	0.309077533749147
R-OSA-9640882.1|Assembly of pre-replication complex	473	0.125300878207771
R-OSA-9640882.1|Assembly of pre-replication complex	474	0.390586850221007
R-OSA-9640882.1|Assembly of pre-replication complex	475	0.287498060295795
R-OSA-9640882.1|Assembly of pre-replication complex	476	0.183452357450181
R-OSA-9640882.1|Assembly of pre-replication complex	477	0.766700017119392
R-OSA-9640882.1|Assembly of pre-replication complex	478	0.482785116003247
R-OSA-9640882.1|Assembly of pre-replication complex	479	0.163411341100399
R-OSA-9640882.1|Assembly of pre-replication complex	480	0.323006129355558
R-OSA-9640882.1|Assembly of pre-replication complex	481	0.0412191775514232
R-OSA-9640882.1|Assembly of pre-replication complex	482	0.139744150381185
R-OSA-9640882.1|Assembly of pre-replication complex	483	0.123628988648611
R-OSA-9640882.1|Assembly of pre-replication complex	484	0.0993432220070212
R-OSA-9640882.1|Assembly of pre-replication complex	485	0.516075863641266
R-OSA-9640882.1|Assembly of pre-replication complex	486	0.120753810973725
R-OSA-9640882.1|Assembly of pre-replication complex	487	0.217809175480274
R-OSA-9640882.1|Assembly of pre-replication complex	488	0.634947690002284
R-OSA-9640882.1|Assembly of pre-replication complex	489	0.0384423616142227
R-OSA-9640882.1|Assembly of pre-replication complex	490	0.0283016707347368
R-OSA-9640882.1|Assembly of pre-replication complex	491	0.0191660389195077
R-OSA-9640882.1|Assembly of pre-replication complex	492	0.367694513307506
R-OSA-9640882.1|Assembly of pre-replication complex	493	0.563255753573245
R-OSA-9640882.1|Assembly of pre-replication complex	494	0.210132798671534
R-OSA-9640882.1|Assembly of pre-replication complex	495	0.214681591194367
R-OSA-9640882.1|Assembly of pre-replication complex	496	0.384156207875402
R-OSA-9640882.1|Assembly of pre-replication complex	497	0.132441630891313
R-OSA-9640882.1|Assembly of pre-replication complex	498	0.130296765911192
R-OSA-9640882.1|Assembly of pre-replication complex	499	0.341441119218074
R-OSA-9640882.1|Assembly of pre-replication complex	500	0.0233113886245125
R-OSA-9640882.1|Assembly of pre-replication complex	501	0.528715694594166
R-OSA-9640882.1|Assembly of pre-replication complex	502	0.310951457773653
R-OSA-9640882.1|Assembly of pre-replication complex	503	0.0653663619412506
R-OSA-9640882.1|Assembly of pre-replication complex	504	0.170799530435884
R-OSA-9640882.1|Assembly of pre-replication complex	505	0.0545680587482749
R-OSA-9640882.1|Assembly of pre-replication complex	506	0.258248729468989
R-OSA-9640882.1|Assembly of pre-replication complex	507	0.18588327609966
R-OSA-9640882.1|Assembly of pre-replication complex	508	0.297729512823362
R-OSA-9640882.1|Assembly of pre-replication complex	509	0.175365629886106
R-OSA-9640882.1|Assembly of pre-replication complex	510	0.153551218227368
R-OSA-9640882.1|Assembly of pre-replication complex	511	0.478365740193835
R-OSA-9640882.1|Assembly of pre-replication complex	512	0.0619037813902339
R-OSA-9640882.1|Assembly of pre-replication complex	513	0.0406967460610773
R-OSA-9640882.1|Assembly of pre-replication complex	514	0.0690218581000391
R-OSA-9640882.1|Assembly of pre-replication complex	515	0.818548105240716
R-OSA-9640882.1|Assembly of pre-replication complex	516	0.191714670158025
R-OSA-9640882.1|Assembly of pre-replication complex	517	0.538000060207643
R-OSA-9640882.1|Assembly of pre-replication complex	518	0.61195766616859
R-OSA-9640882.1|Assembly of pre-replication complex	519	0.374482777010767
R-OSA-9640882.1|Assembly of pre-replication complex	520	0.119753817022128
R-OSA-9640882.1|Assembly of pre-replication complex	521	0.1242009712479
R-OSA-9640882.1|Assembly of pre-replication complex	522	0.0476800355697806
R-OSA-9640882.1|Assembly of pre-replication complex	523	0.23012150105551
R-OSA-9640882.1|Assembly of pre-replication complex	524	0.0414131662033561
R-OSA-9640882.1|Assembly of pre-replication complex	525	0.641545093369496
R-OSA-9640882.1|Assembly of pre-replication complex	526	0.363863803542973
R-OSA-9640882.1|Assembly of pre-replication complex	527	0.286845989171649
R-OSA-9640882.1|Assembly of pre-replication complex	528	0.108179353427865
R-OSA-9640882.1|Assembly of pre-replication complex	529	0.264350447960543
R-OSA-9640882.1|Assembly of pre-replication complex	530	0.0519904516889816
R-OSA-9640882.1|Assembly of pre-replication complex	531	0.332467381555694
R-OSA-9640882.1|Assembly of pre-replication complex	532	0.045311917122169
R-OSA-9640882.1|Assembly of pre-replication complex	533	0.450563755000379
R-OSA-9640882.1|Assembly of pre-replication complex	534	0.184046904038639
R-OSA-9640882.1|Assembly of pre-replication complex	535	0.464024249031506
R-OSA-9640882.1|Assembly of pre-replication complex	536	0.0743079221979853
R-OSA-9640882.1|Assembly of pre-replication complex	537	0.32413043753295
R-OSA-9640882.1|Assembly of pre-replication complex	538	0.164161244602791
R-OSA-9640882.1|Assembly of pre-replication complex	539	0.340768078232352
R-OSA-9640882.1|Assembly of pre-replication complex	540	0.271389281151335
R-OSA-9640882.1|Assembly of pre-replication complex	541	0.149418560362358
R-OSA-9640882.1|Assembly of pre-replication complex	542	0.0962442000330725
R-OSA-9640882.1|Assembly of pre-replication complex	543	0.183260159045873
R-OSA-9640882.1|Assembly of pre-replication complex	544	0.418833566827098
R-OSA-9640882.1|Assembly of pre-replication complex	545	0.563295144713808
R-OSA-9640882.1|Assembly of pre-replication complex	546	0.195484944540953
R-OSA-9640882.1|Assembly of pre-replication complex	547	0.0372070844880014
R-OSA-9640882.1|Assembly of pre-replication complex	548	0.234541711546491
R-OSA-9640882.1|Assembly of pre-replication complex	549	0.268138379390082
R-OSA-9640882.1|Assembly of pre-replication complex	550	0.192254282523398
R-OSA-9640882.1|Assembly of pre-replication complex	551	0.0518278307064482
R-OSA-9640882.1|Assembly of pre-replication complex	552	0.24129825155457
R-OSA-9640882.1|Assembly of pre-replication complex	553	0.30716487593544
R-OSA-9640882.1|Assembly of pre-replication complex	554	0.174246837285117
R-OSA-9640882.1|Assembly of pre-replication complex	555	0.278521916884832
R-OSA-9640882.1|Assembly of pre-replication complex	556	0.310912943871511
R-OSA-9640882.1|Assembly of pre-replication complex	557	0.0111357744199868
R-OSA-9640882.1|Assembly of pre-replication complex	558	0.230801021692209
R-OSA-9640882.1|Assembly of pre-replication complex	559	0.440811597810046
R-OSA-9640882.1|Assembly of pre-replication complex	560	0.490455341273096
R-OSA-9640882.1|Assembly of pre-replication complex	561	0.18813376715188
R-OSA-9640882.1|Assembly of pre-replication complex	562	0.452379927447293
R-OSA-9640882.1|Assembly of pre-replication complex	563	0.27329213860956
R-OSA-9640882.1|Assembly of pre-replication complex	564	0.0913813638169799
R-OSA-9640882.1|Assembly of pre-replication complex	565	0.346610568483542
R-OSA-9640882.1|Assembly of pre-replication complex	566	0.0243107033887831
R-OSA-9640882.1|Assembly of pre-replication complex	567	0.422132747991305
R-OSA-9640882.1|Assembly of pre-replication complex	568	0.546597503707613
R-OSA-9640882.1|Assembly of pre-replication complex	569	0.0178967992168197
R-OSA-9640882.1|Assembly of pre-replication complex	570	0.0654786616035286
R-OSA-9640882.1|Assembly of pre-replication complex	571	0.164471169576536
R-OSA-9640882.1|Assembly of pre-replication complex	572	0.444138986829255
R-OSA-9640882.1|Assembly of pre-replication complex	573	0.447945009167533
R-OSA-9640882.1|Assembly of pre-replication complex	574	0.0789508668432595
R-OSA-9640882.1|Assembly of pre-replication complex	575	0.532659348576441
R-OSA-9640882.1|Assembly of pre-replication complex	576	1.08618808711579
R-OSA-9640882.1|Assembly of pre-replication complex	577	0.229128174526649
R-OSA-9640882.1|Assembly of pre-replication complex	578	0.103703945591808
R-OSA-9640882.1|Assembly of pre-replication complex	579	0.0324892836050566
R-OSA-9640882.1|Assembly of pre-replication complex	580	0.63750139746301
R-OSA-9640882.1|Assembly of pre-replication complex	581	0.147298647907096
R-OSA-9640882.1|Assembly of pre-replication complex	582	0.60659062335161
R-OSA-9640882.1|Assembly of pre-replication complex	583	0.274843699201066
R-OSA-9640882.1|Assembly of pre-replication complex	584	0.0807692277555457
R-OSA-9640882.1|Assembly of pre-replication complex	585	0.38133002241142
R-OSA-9640882.1|Assembly of pre-replication complex	586	0.287803096106727
R-OSA-9640882.1|Assembly of pre-replication complex	587	0.19375498671234
R-OSA-9640882.1|Assembly of pre-replication complex	588	0.082044473056604
R-OSA-9640882.1|Assembly of pre-replication complex	589	0.114029509984955
R-OSA-9640882.1|Assembly of pre-replication complex	590	0.571771838119048
R-OSA-9640882.1|Assembly of pre-replication complex	591	0.236360894259177
R-OSA-9640882.1|Assembly of pre-replication complex	592	0.357504188346596
R-OSA-9640882.1|Assembly of pre-replication complex	593	0.693005423138478
R-OSA-9640882.1|Assembly of pre-replication complex	594	0.514809387494639
R-OSA-9640882.1|Assembly of pre-replication complex	595	0.050135232728334
R-OSA-9640882.1|Assembly of pre-replication complex	596	0.684862407295228
R-OSA-9640882.1|Assembly of pre-replication complex	597	0.253775101015311
R-OSA-9640882.1|Assembly of pre-replication complex	598	0.0692887723118021
R-OSA-9640882.1|Assembly of pre-replication complex	599	0.352960674223922
R-OSA-9640882.1|Assembly of pre-replication complex	600	0.231276427276604
R-OSA-9640882.1|Assembly of pre-replication complex	601	0.169691227084156
R-OSA-9640882.1|Assembly of pre-replication complex	602	0.85447814109459
R-OSA-9640882.1|Assembly of pre-replication complex	603	0.50597976429601
R-OSA-9640882.1|Assembly of pre-replication complex	604	0.308883613437488
R-OSA-9640882.1|Assembly of pre-replication complex	605	0.0486218913592257
R-OSA-9640882.1|Assembly of pre-replication complex	606	0.159472533463336
R-OSA-9640882.1|Assembly of pre-replication complex	607	0.171027649303725
R-OSA-9640882.1|Assembly of pre-replication complex	608	0.0812996928379971
R-OSA-9640882.1|Assembly of pre-replication complex	609	0.114762213741594
R-OSA-9640882.1|Assembly of pre-replication complex	610	0.068168531306366
R-OSA-9640882.1|Assembly of pre-replication complex	611	0.403781949556672
R-OSA-9640882.1|Assembly of pre-replication complex	612	0.209539771937357
R-OSA-9640882.1|Assembly of pre-replication complex	613	0.533211553957455
R-OSA-9640882.1|Assembly of pre-replication complex	614	0.425133518495892
R-OSA-9640882.1|Assembly of pre-replication complex	615	0.392051322348702
R-OSA-9640882.1|Assembly of pre-replication complex	616	0.0418595769469971
R-OSA-9640882.1|Assembly of pre-replication complex	617	0.195515015844002
R-OSA-9640882.1|Assembly of pre-replication complex	618	0.200322428995939
R-OSA-9640882.1|Assembly of pre-replication complex	619	0.516675109391488
R-OSA-9640882.1|Assembly of pre-replication complex	620	0.00465232679376877
R-OSA-9640882.1|Assembly of pre-replication complex	621	0.724194020543771
R-OSA-9640882.1|Assembly of pre-replication complex	622	0.242284953270958
R-OSA-9640882.1|Assembly of pre-replication complex	623	0.229054355518152
R-OSA-9640882.1|Assembly of pre-replication complex	624	0.112142619596683
R-OSA-9640882.1|Assembly of pre-replication complex	625	0.00466885168511024
R-OSA-9640882.1|Assembly of pre-replication complex	626	0.128435116164604
R-OSA-9640882.1|Assembly of pre-replication complex	627	0.203705891149976
R-OSA-9640882.1|Assembly of pre-replication complex	628	0.872286544960029
R-OSA-9640882.1|Assembly of pre-replication complex	629	0.285543102499579
R-OSA-9640882.1|Assembly of pre-replication complex	630	0.51217292416204
R-OSA-9640882.1|Assembly of pre-replication complex	631	0.250521769307779
R-OSA-9640882.1|Assembly of pre-replication complex	632	0.202569533076791
R-OSA-9640882.1|Assembly of pre-replication complex	633	0.17763627122757
R-OSA-9640882.1|Assembly of pre-replication complex	634	0.111589509763619
R-OSA-9640882.1|Assembly of pre-replication complex	635	0.567217286462523
R-OSA-9640882.1|Assembly of pre-replication complex	636	0.317708635730688
R-OSA-9640882.1|Assembly of pre-replication complex	637	0.155825584270852
R-OSA-9640882.1|Assembly of pre-replication complex	638	0.261770471134131
R-OSA-9640882.1|Assembly of pre-replication complex	639	0.105958119530844
R-OSA-9640882.1|Assembly of pre-replication complex	640	0.468954993948831
R-OSA-9640882.1|Assembly of pre-replication complex	641	0.331632422702175
R-OSA-9640882.1|Assembly of pre-replication complex	642	0.610079283615024
R-OSA-9640882.1|Assembly of pre-replication complex	643	0.592057745770916
R-OSA-9640882.1|Assembly of pre-replication complex	644	0.16428885950177
R-OSA-9640882.1|Assembly of pre-replication complex	645	0.350176237504854
R-OSA-9640882.1|Assembly of pre-replication complex	646	0.484572952228974
R-OSA-9640882.1|Assembly of pre-replication complex	647	0.0988298502486449
R-OSA-9640882.1|Assembly of pre-replication complex	648	0.0913293527295006
R-OSA-9640882.1|Assembly of pre-replication complex	649	0.00670309973038553
R-OSA-9640882.1|Assembly of pre-replication complex	650	0.242116817358107
R-OSA-9640882.1|Assembly of pre-replication complex	651	0.50198126705665
R-OSA-9640882.1|Assembly of pre-replication complex	652	0.114788388967808
R-OSA-9640882.1|Assembly of pre-replication complex	653	0.0350676489884933
R-OSA-9640882.1|Assembly of pre-replication complex	654	0.19926542411091
R-OSA-9640882.1|Assembly of pre-replication complex	655	0.377915132225589
R-OSA-9640882.1|Assembly of pre-replication complex	656	0.625203339394675
R-OSA-9640882.1|Assembly of pre-replication complex	657	0.230272590085519
R-OSA-9640882.1|Assembly of pre-replication complex	658	0.557325032064326
R-OSA-9640882.1|Assembly of pre-replication complex	659	0.10792048088009
R-OSA-9640882.1|Assembly of pre-replication complex	660	0.0115385225392463
R-OSA-9640882.1|Assembly of pre-replication complex	661	0.226324043556289
R-OSA-9640882.1|Assembly of pre-replication complex	662	0.40091165068566
R-OSA-9640882.1|Assembly of pre-replication complex	663	0.0146334952526469
R-OSA-9640882.1|Assembly of pre-replication complex	664	0.0491678856030303
R-OSA-9640882.1|Assembly of pre-replication complex	665	0.419702767586874
R-OSA-9640882.1|Assembly of pre-replication complex	666	0.178455851449247
R-OSA-9640882.1|Assembly of pre-replication complex	667	0.474603690977138
R-OSA-9640882.1|Assembly of pre-replication complex	668	0.080339961544484
R-OSA-9640882.1|Assembly of pre-replication complex	669	0.202826322990639
R-OSA-9640882.1|Assembly of pre-replication complex	670	0.432326394349482
R-OSA-9640882.1|Assembly of pre-replication complex	671	0.387440057566989
R-OSA-9640882.1|Assembly of pre-replication complex	672	0.158261668487926
R-OSA-9640882.1|Assembly of pre-replication complex	673	0.206667812331392
R-OSA-9640882.1|Assembly of pre-replication complex	674	0.25880853100846
R-OSA-9640882.1|Assembly of pre-replication complex	675	0.0811238095465255
R-OSA-9640882.1|Assembly of pre-replication complex	676	0.20608464629159
R-OSA-9640882.1|Assembly of pre-replication complex	677	0.309851216123973
R-OSA-9640882.1|Assembly of pre-replication complex	678	0.434616387457988
R-OSA-9640882.1|Assembly of pre-replication complex	679	0.244782195259801
R-OSA-9640882.1|Assembly of pre-replication complex	680	0.444556955441917
R-OSA-9640882.1|Assembly of pre-replication complex	681	0.357106937747566
R-OSA-9640882.1|Assembly of pre-replication complex	682	0.241938113267815
R-OSA-9640882.1|Assembly of pre-replication complex	683	0.327293797863682
R-OSA-9640882.1|Assembly of pre-replication complex	684	0.415316315407675
R-OSA-9640882.1|Assembly of pre-replication complex	685	0.453935774486984
R-OSA-9640882.1|Assembly of pre-replication complex	686	0.155707078452231
R-OSA-9640882.1|Assembly of pre-replication complex	687	0.00594332396576723
R-OSA-9640882.1|Assembly of pre-replication complex	688	0.174729926703942
R-OSA-9640882.1|Assembly of pre-replication complex	689	0.346468168885033
R-OSA-9640882.1|Assembly of pre-replication complex	690	0.480878913694503
R-OSA-9640882.1|Assembly of pre-replication complex	691	0.165036771079782
R-OSA-9640882.1|Assembly of pre-replication complex	692	0.591637406104263
R-OSA-9640882.1|Assembly of pre-replication complex	693	0.631202196991644
R-OSA-9640882.1|Assembly of pre-replication complex	694	0.24907222151665
R-OSA-9640882.1|Assembly of pre-replication complex	695	0.463462741336333
R-OSA-9640882.1|Assembly of pre-replication complex	696	0.517372537345585
R-OSA-9640882.1|Assembly of pre-replication complex	697	0.278485519061339
R-OSA-9640882.1|Assembly of pre-replication complex	698	0.225467382922703
R-OSA-9640882.1|Assembly of pre-replication complex	699	0.335632452659451
R-OSA-9640882.1|Assembly of pre-replication complex	700	0.151694313499966
R-OSA-9640882.1|Assembly of pre-replication complex	701	0.124730871333228
R-OSA-9640882.1|Assembly of pre-replication complex	702	0.439887569440327
R-OSA-9640882.1|Assembly of pre-replication complex	703	0.153510970098828
R-OSA-9640882.1|Assembly of pre-replication complex	704	0.0893973177212146
R-OSA-9640882.1|Assembly of pre-replication complex	705	0.311953736700633
R-OSA-9640882.1|Assembly of pre-replication complex	706	0.316716021393056
R-OSA-9640882.1|Assembly of pre-replication complex	707	0.221331737048964
R-OSA-9640882.1|Assembly of pre-replication complex	708	0.287963715316588
R-OSA-9640882.1|Assembly of pre-replication complex	709	0.659664468044588
R-OSA-9640882.1|Assembly of pre-replication complex	710	0.194759096053274
R-OSA-9640882.1|Assembly of pre-replication complex	711	0.320894543440928
R-OSA-9640882.1|Assembly of pre-replication complex	712	0.00636848902192348
R-OSA-9640882.1|Assembly of pre-replication complex	713	0.032261185889963
R-OSA-9640882.1|Assembly of pre-replication complex	714	0.453663308848977
R-OSA-9640882.1|Assembly of pre-replication complex	715	0.0106348937993974
R-OSA-9640882.1|Assembly of pre-replication complex	716	0.466474837874795
R-OSA-9640882.1|Assembly of pre-replication complex	717	0.192342879962295
R-OSA-9640882.1|Assembly of pre-replication complex	718	0.103197308209625
R-OSA-9640882.1|Assembly of pre-replication complex	719	0.00227237381180117
R-OSA-9640882.1|Assembly of pre-replication complex	720	0.301682790504845
R-OSA-9640882.1|Assembly of pre-replication complex	721	0.290261395073204
R-OSA-9640882.1|Assembly of pre-replication complex	722	0.271804542862872
R-OSA-9640882.1|Assembly of pre-replication complex	723	0.421923954579821
R-OSA-9640882.1|Assembly of pre-replication complex	724	0.520886071432255
R-OSA-9640882.1|Assembly of pre-replication complex	725	0.444974292490005
R-OSA-9640882.1|Assembly of pre-replication complex	726	0.387527449748879
R-OSA-9640882.1|Assembly of pre-replication complex	727	0.487342194356649
R-OSA-9640882.1|Assembly of pre-replication complex	728	0.240196068475025
R-OSA-9640882.1|Assembly of pre-replication complex	729	0.0555148527940507
R-OSA-9640882.1|Assembly of pre-replication complex	730	0.342801302863538
R-OSA-9640882.1|Assembly of pre-replication complex	731	0.147180538815683
R-OSA-9640882.1|Assembly of pre-replication complex	732	0.43859866149871
R-OSA-9640882.1|Assembly of pre-replication complex	733	0.0773509458709539
R-OSA-9640882.1|Assembly of pre-replication complex	734	0.142155550876644
R-OSA-9640882.1|Assembly of pre-replication complex	735	0.362783507636566
R-OSA-9640882.1|Assembly of pre-replication complex	736	0.547531892989526
R-OSA-9640882.1|Assembly of pre-replication complex	737	0.388304577976073
R-OSA-9640882.1|Assembly of pre-replication complex	738	0.229057358499841
R-OSA-9640882.1|Assembly of pre-replication complex	739	0.478764985902086
R-OSA-9640882.1|Assembly of pre-replication complex	740	0.268913119794167
R-OSA-9640882.1|Assembly of pre-replication complex	741	0.236058460375164
R-OSA-9640882.1|Assembly of pre-replication complex	742	0.0898696970880152
R-OSA-9640882.1|Assembly of pre-replication complex	743	0.93048679371322
R-OSA-9640882.1|Assembly of pre-replication complex	744	0.343348190576858
R-OSA-9640882.1|Assembly of pre-replication complex	745	0.433098370024503
R-OSA-9640882.1|Assembly of pre-replication complex	746	0.303113776486084
R-OSA-9640882.1|Assembly of pre-replication complex	747	0.118522692279547
R-OSA-9640882.1|Assembly of pre-replication complex	748	0.156701105314171
R-OSA-9640882.1|Assembly of pre-replication complex	749	0.222357134978072
R-OSA-9640882.1|Assembly of pre-replication complex	750	0.376000984975973
R-OSA-9640882.1|Assembly of pre-replication complex	751	0.205240097955803
R-OSA-9640882.1|Assembly of pre-replication complex	752	0.285549436571187
R-OSA-9640882.1|Assembly of pre-replication complex	753	0.233881305784358
R-OSA-9640882.1|Assembly of pre-replication complex	754	0.419403353354872
R-OSA-9640882.1|Assembly of pre-replication complex	755	0.165129242298794
R-OSA-9640882.1|Assembly of pre-replication complex	756	0.0181721421840103
R-OSA-9640882.1|Assembly of pre-replication complex	757	0.323304173942065
R-OSA-9640882.1|Assembly of pre-replication complex	758	0.0552870519976702
R-OSA-9640882.1|Assembly of pre-replication complex	759	0.354469945774129
R-OSA-9640882.1|Assembly of pre-replication complex	760	0.761847506386818
R-OSA-9640882.1|Assembly of pre-replication complex	761	0.0612538252097892
R-OSA-9640882.1|Assembly of pre-replication complex	762	0.399750289570508
R-OSA-9640882.1|Assembly of pre-replication complex	763	0.250691549340975
R-OSA-9640882.1|Assembly of pre-replication complex	764	0.316272812978135
R-OSA-9640882.1|Assembly of pre-replication complex	765	0.803169168564845
R-OSA-9640882.1|Assembly of pre-replication complex	766	0.325075772632253
R-OSA-9640882.1|Assembly of pre-replication complex	767	0.142833557041445
R-OSA-9640882.1|Assembly of pre-replication complex	768	0.2606388627174
R-OSA-9640882.1|Assembly of pre-replication complex	769	0.285300861757651
R-OSA-9640882.1|Assembly of pre-replication complex	770	0.69855833039391
R-OSA-9640882.1|Assembly of pre-replication complex	771	0.422657345016389
R-OSA-9640882.1|Assembly of pre-replication complex	772	0.152745906615828
R-OSA-9640882.1|Assembly of pre-replication complex	773	0.282611663919735
R-OSA-9640882.1|Assembly of pre-replication complex	774	0.0778789043883016
R-OSA-9640882.1|Assembly of pre-replication complex	775	0.265004149926708
R-OSA-9640882.1|Assembly of pre-replication complex	776	0.0285948407739474
R-OSA-9640882.1|Assembly of pre-replication complex	777	0.277153318885903
R-OSA-9640882.1|Assembly of pre-replication complex	778	0.0655841439437053
R-OSA-9640882.1|Assembly of pre-replication complex	779	0.526739370281361
R-OSA-9640882.1|Assembly of pre-replication complex	780	0.184395312253016
R-OSA-9640882.1|Assembly of pre-replication complex	781	0.0691026224168097
R-OSA-9640882.1|Assembly of pre-replication complex	782	0.0858501940261316
R-OSA-9640882.1|Assembly of pre-replication complex	783	0.243002591837092
R-OSA-9640882.1|Assembly of pre-replication complex	784	0.418547597522284
R-OSA-9640882.1|Assembly of pre-replication complex	785	0.580394774470009
R-OSA-9640882.1|Assembly of pre-replication complex	786	0.383590684432628
R-OSA-9640882.1|Assembly of pre-replication complex	787	0.390592915834651
R-OSA-9640882.1|Assembly of pre-replication complex	788	0.329342253905064
R-OSA-9640882.1|Assembly of pre-replication complex	789	0.0450087365926208
R-OSA-9640882.1|Assembly of pre-replication complex	790	0.344114202644472
R-OSA-9640882.1|Assembly of pre-replication complex	791	0.0115675367019848
R-OSA-9640882.1|Assembly of pre-replication complex	792	0.517604061266605
R-OSA-9640882.1|Assembly of pre-replication complex	793	0.0801918929993172
R-OSA-9640882.1|Assembly of pre-replication complex	794	0.0838129539519279
R-OSA-9640882.1|Assembly of pre-replication complex	795	0.522880791185669
R-OSA-9640882.1|Assembly of pre-replication complex	796	0.666545333594323
R-OSA-9640882.1|Assembly of pre-replication complex	797	0.00587349611859105
R-OSA-9640882.1|Assembly of pre-replication complex	798	0.335618525809648
R-OSA-9640882.1|Assembly of pre-replication complex	799	0.268591840777793
R-OSA-9640882.1|Assembly of pre-replication complex	800	0.500590634829243
R-OSA-9640882.1|Assembly of pre-replication complex	801	0.457436687594606
R-OSA-9640882.1|Assembly of pre-replication complex	802	0.00161804440539731
R-OSA-9640882.1|Assembly of pre-replication complex	803	0.0985515690922893
R-OSA-9640882.1|Assembly of pre-replication complex	804	0.450372441638193
R-OSA-9640882.1|Assembly of pre-replication complex	805	0.136188046454987
R-OSA-9640882.1|Assembly of pre-replication complex	806	0.576418775824926
R-OSA-9640882.1|Assembly of pre-replication complex	807	0.203040236724527
R-OSA-9640882.1|Assembly of pre-replication complex	808	0.674757442602075
R-OSA-9640882.1|Assembly of pre-replication complex	809	0.246198391336809
R-OSA-9640882.1|Assembly of pre-replication complex	810	0.018496153963543
R-OSA-9640882.1|Assembly of pre-replication complex	811	0.287206947354727
R-OSA-9640882.1|Assembly of pre-replication complex	812	0.354751814057871
R-OSA-9640882.1|Assembly of pre-replication complex	813	0.0779708220034563
R-OSA-9640882.1|Assembly of pre-replication complex	814	0.0823344041860449
R-OSA-9640882.1|Assembly of pre-replication complex	815	0.00255475300120044
R-OSA-9640882.1|Assembly of pre-replication complex	816	0.380562470598984
R-OSA-9640882.1|Assembly of pre-replication complex	817	0.194482225370606
R-OSA-9640882.1|Assembly of pre-replication complex	818	0.150998868652269
R-OSA-9640882.1|Assembly of pre-replication complex	819	0.518154195375656
R-OSA-9640882.1|Assembly of pre-replication complex	820	0.220075911084549
R-OSA-9640882.1|Assembly of pre-replication complex	821	0.0233737968415866
R-OSA-9640882.1|Assembly of pre-replication complex	822	0.438878104654271
R-OSA-9640882.1|Assembly of pre-replication complex	823	0.552729524340806
R-OSA-9640882.1|Assembly of pre-replication complex	824	0.136697968954432
R-OSA-9640882.1|Assembly of pre-replication complex	825	0.126665928430995
R-OSA-9640882.1|Assembly of pre-replication complex	826	0.0313269927587993
R-OSA-9640882.1|Assembly of pre-replication complex	827	0.202946722041012
R-OSA-9640882.1|Assembly of pre-replication complex	828	0.0411323370798854
R-OSA-9640882.1|Assembly of pre-replication complex	829	0.109136070872434
R-OSA-9640882.1|Assembly of pre-replication complex	830	0.206116629422548
R-OSA-9640882.1|Assembly of pre-replication complex	831	0.206954729650673
R-OSA-9640882.1|Assembly of pre-replication complex	832	0.353985519308325
R-OSA-9640882.1|Assembly of pre-replication complex	833	0.215902679458391
R-OSA-9640882.1|Assembly of pre-replication complex	834	0.412209132276419
R-OSA-9640882.1|Assembly of pre-replication complex	835	0.016878926028039
R-OSA-9640882.1|Assembly of pre-replication complex	836	0.374860439960284
R-OSA-9640882.1|Assembly of pre-replication complex	837	0.26484332216774
R-OSA-9640882.1|Assembly of pre-replication complex	838	0.188732283146341
R-OSA-9640882.1|Assembly of pre-replication complex	839	0.778761912871537
R-OSA-9640882.1|Assembly of pre-replication complex	840	0.224448250073747
R-OSA-9640882.1|Assembly of pre-replication complex	841	0.374730464534061
R-OSA-9640882.1|Assembly of pre-replication complex	842	0.17004731695968
R-OSA-9640882.1|Assembly of pre-replication complex	843	0.123848043480309
R-OSA-9640882.1|Assembly of pre-replication complex	844	0.508342080118525
R-OSA-9640882.1|Assembly of pre-replication complex	845	0.19193148781775
R-OSA-9640882.1|Assembly of pre-replication complex	846	0.0933172756733535
R-OSA-9640882.1|Assembly of pre-replication complex	847	0.677134315014488
R-OSA-9640882.1|Assembly of pre-replication complex	848	0.0422177262624801
R-OSA-9640882.1|Assembly of pre-replication complex	849	0.105408116260571
R-OSA-9640882.1|Assembly of pre-replication complex	850	0.699493855721609
R-OSA-9640882.1|Assembly of pre-replication complex	851	0.451464754842245
R-OSA-9640882.1|Assembly of pre-replication complex	852	0.14098704123665
R-OSA-9640882.1|Assembly of pre-replication complex	853	0.468849274433298
R-OSA-9640882.1|Assembly of pre-replication complex	854	0.000493606910748939
R-OSA-9640882.1|Assembly of pre-replication complex	855	0.0884178924518651
R-OSA-9640882.1|Assembly of pre-replication complex	856	0.220908125427097
R-OSA-9640882.1|Assembly of pre-replication complex	857	0.0829125772701183
R-OSA-9640882.1|Assembly of pre-replication complex	858	0.774926008799904
R-OSA-9640882.1|Assembly of pre-replication complex	859	0.36230040075339
R-OSA-9640882.1|Assembly of pre-replication complex	860	0.646811953815234
R-OSA-9640882.1|Assembly of pre-replication complex	861	0.413749404509346
R-OSA-9640882.1|Assembly of pre-replication complex	862	0.394403746343851
R-OSA-9640882.1|Assembly of pre-replication complex	863	0.10174709037447
R-OSA-9640882.1|Assembly of pre-replication complex	864	0.385616506821677
R-OSA-9640882.1|Assembly of pre-replication complex	865	0.0467290027607117
R-OSA-9640882.1|Assembly of pre-replication complex	866	0.218915207042741
R-OSA-9640882.1|Assembly of pre-replication complex	867	0.365869305902884
R-OSA-9640882.1|Assembly of pre-replication complex	868	0.675277210586927
R-OSA-9640882.1|Assembly of pre-replication complex	869	0.516044185852746
R-OSA-9640882.1|Assembly of pre-replication complex	870	0.433358597622446
R-OSA-9640882.1|Assembly of pre-replication complex	871	0.375284646912223
R-OSA-9640882.1|Assembly of pre-replication complex	872	0.393594772432517
R-OSA-9640882.1|Assembly of pre-replication complex	873	0.312084046316953
R-OSA-9640882.1|Assembly of pre-replication complex	874	0.0106836047463203
R-OSA-9640882.1|Assembly of pre-replication complex	875	0.125190766243692
R-OSA-9640882.1|Assembly of pre-replication complex	876	0.451624210018029
R-OSA-9640882.1|Assembly of pre-replication complex	877	0.146153956510924
R-OSA-9640882.1|Assembly of pre-replication complex	878	0.340631175736019
R-OSA-9640882.1|Assembly of pre-replication complex	879	0.175052851020582
R-OSA-9640882.1|Assembly of pre-replication complex	880	0.49696262332646
R-OSA-9640882.1|Assembly of pre-replication complex	881	0.517181989367598
R-OSA-9640882.1|Assembly of pre-replication complex	882	0.0205153846856393
R-OSA-9640882.1|Assembly of pre-replication complex	883	0.490573780092481
R-OSA-9640882.1|Assembly of pre-replication complex	884	0.233682572346539
R-OSA-9640882.1|Assembly of pre-replication complex	885	0.1275053778323
R-OSA-9640882.1|Assembly of pre-replication complex	886	0.192644467068355
R-OSA-9640882.1|Assembly of pre-replication complex	887	0.381358846049396
R-OSA-9640882.1|Assembly of pre-replication complex	888	0.552549281584865
R-OSA-9640882.1|Assembly of pre-replication complex	889	0.417778642562725
R-OSA-9640882.1|Assembly of pre-replication complex	890	0.116601780086148
R-OSA-9640882.1|Assembly of pre-replication complex	891	0.0252978446536139
R-OSA-9640882.1|Assembly of pre-replication complex	892	0.0994232235694533
R-OSA-9640882.1|Assembly of pre-replication complex	893	0.0387974745843308
R-OSA-9640882.1|Assembly of pre-replication complex	894	0.0321694990057849
R-OSA-9640882.1|Assembly of pre-replication complex	895	0.0866390592589158
R-OSA-9640882.1|Assembly of pre-replication complex	896	0.0114175314392106
R-OSA-9640882.1|Assembly of pre-replication complex	897	0.278464238618867
R-OSA-9640882.1|Assembly of pre-replication complex	898	0.0595609759662591
R-OSA-9640882.1|Assembly of pre-replication complex	899	0.233699300253782
R-OSA-9640882.1|Assembly of pre-replication complex	900	0.315885326563919
R-OSA-9640882.1|Assembly of pre-replication complex	901	0.420765286122524
R-OSA-9640882.1|Assembly of pre-replication complex	902	0.0449563583999385
R-OSA-9640882.1|Assembly of pre-replication complex	903	0.148839617532053
R-OSA-9640882.1|Assembly of pre-replication complex	904	0.570500964616858
R-OSA-9640882.1|Assembly of pre-replication complex	905	0.303820431299331
R-OSA-9640882.1|Assembly of pre-replication complex	906	0.654934026377463
R-OSA-9640882.1|Assembly of pre-replication complex	907	0.384030247462584
R-OSA-9640882.1|Assembly of pre-replication complex	908	0.252654729454217
R-OSA-9640882.1|Assembly of pre-replication complex	909	0.256364746371267
R-OSA-9640882.1|Assembly of pre-replication complex	910	0.258498494359214
R-OSA-9640882.1|Assembly of pre-replication complex	911	0.289597158806916
R-OSA-9640882.1|Assembly of pre-replication complex	912	0.22018089387076
R-OSA-9640882.1|Assembly of pre-replication complex	913	0.162766479037098
R-OSA-9640882.1|Assembly of pre-replication complex	914	0.082635369681009
R-OSA-9640882.1|Assembly of pre-replication complex	915	0.0465814296295047
R-OSA-9640882.1|Assembly of pre-replication complex	916	0.229016676434478
R-OSA-9640882.1|Assembly of pre-replication complex	917	0.118931815270506
R-OSA-9640882.1|Assembly of pre-replication complex	918	0.0492233029543957
R-OSA-9640882.1|Assembly of pre-replication complex	919	0.303711581162782
R-OSA-9640882.1|Assembly of pre-replication complex	920	0.495254442595941
R-OSA-9640882.1|Assembly of pre-replication complex	921	0.161460470439684
R-OSA-9640882.1|Assembly of pre-replication complex	922	0.297782190526688
R-OSA-9640882.1|Assembly of pre-replication complex	923	0.0389218553189281
R-OSA-9640882.1|Assembly of pre-replication complex	924	0.576253863854478
R-OSA-9640882.1|Assembly of pre-replication complex	925	0.249247701473139
R-OSA-9640882.1|Assembly of pre-replication complex	926	0.193166558930244
R-OSA-9640882.1|Assembly of pre-replication complex	927	0.252255477990175
R-OSA-9640882.1|Assembly of pre-replication complex	928	0.0053500254491424
R-OSA-9640882.1|Assembly of pre-replication complex	929	0.0759750321351494
R-OSA-9640882.1|Assembly of pre-replication complex	930	0.154149101810875
R-OSA-9640882.1|Assembly of pre-replication complex	931	0.386114994500269
R-OSA-9640882.1|Assembly of pre-replication complex	932	0.140418491629308
R-OSA-9640882.1|Assembly of pre-replication complex	933	0.0782189958727849
R-OSA-9640882.1|Assembly of pre-replication complex	934	0.819754598190226
R-OSA-9640882.1|Assembly of pre-replication complex	935	0.733599746232093
R-OSA-9640882.1|Assembly of pre-replication complex	936	0.0298151374628351
R-OSA-9640882.1|Assembly of pre-replication complex	937	0.21680162155053
R-OSA-9640882.1|Assembly of pre-replication complex	938	0.0272385784133504
R-OSA-9640882.1|Assembly of pre-replication complex	939	0.152377455003023
R-OSA-9640882.1|Assembly of pre-replication complex	940	0.414752207827442
R-OSA-9640882.1|Assembly of pre-replication complex	941	0.112262223748163
R-OSA-9640882.1|Assembly of pre-replication complex	942	0.256348642437111
R-OSA-9640882.1|Assembly of pre-replication complex	943	0.167170932448387
R-OSA-9640882.1|Assembly of pre-replication complex	944	0.359088746445797
R-OSA-9640882.1|Assembly of pre-replication complex	945	0.481427792579757
R-OSA-9640882.1|Assembly of pre-replication complex	946	0.0770045953630618
R-OSA-9640882.1|Assembly of pre-replication complex	947	0.267242352957337
R-OSA-9640882.1|Assembly of pre-replication complex	948	0.326517019120501
R-OSA-9640882.1|Assembly of pre-replication complex	949	0.282633764092428
R-OSA-9640882.1|Assembly of pre-replication complex	950	0.172625362381245
R-OSA-9640882.1|Assembly of pre-replication complex	951	0.305296532899889
R-OSA-9640882.1|Assembly of pre-replication complex	952	0.0588015446607791
R-OSA-9640882.1|Assembly of pre-replication complex	953	0.0461879576130307
R-OSA-9640882.1|Assembly of pre-replication complex	954	0.416882937309167
R-OSA-9640882.1|Assembly of pre-replication complex	955	0.288847567463036
R-OSA-9640882.1|Assembly of pre-replication complex	956	0.00139137047921662
R-OSA-9640882.1|Assembly of pre-replication complex	957	0.189055865680931
R-OSA-9640882.1|Assembly of pre-replication complex	958	0.687036347768685
R-OSA-9640882.1|Assembly of pre-replication complex	959	0.499534458686627
R-OSA-9640882.1|Assembly of pre-replication complex	960	0.996042769518577
R-OSA-9640882.1|Assembly of pre-replication complex	961	0.187089505205483
R-OSA-9640882.1|Assembly of pre-replication complex	962	0.101978376156149
R-OSA-9640882.1|Assembly of pre-replication complex	963	0.000799753911076961
R-OSA-9640882.1|Assembly of pre-replication complex	964	0.295572394531871
R-OSA-9640882.1|Assembly of pre-replication complex	965	0.266250705276509
R-OSA-9640882.1|Assembly of pre-replication complex	966	0.163482136129142
R-OSA-9640882.1|Assembly of pre-replication complex	967	0.032994750775196
R-OSA-9640882.1|Assembly of pre-replication complex	968	0.584848664582393
R-OSA-9640882.1|Assembly of pre-replication complex	969	0.0498800000675001
R-OSA-9640882.1|Assembly of pre-replication complex	970	0.0292310712485508
R-OSA-9640882.1|Assembly of pre-replication complex	971	0.0872593017795517
R-OSA-9640882.1|Assembly of pre-replication complex	972	0.104892333370526
R-OSA-9640882.1|Assembly of pre-replication complex	973	0.0238083702507065
R-OSA-9640882.1|Assembly of pre-replication complex	974	0.0160069800998678
R-OSA-9640882.1|Assembly of pre-replication complex	975	0.0949670553619242
R-OSA-9640882.1|Assembly of pre-replication complex	976	0.70703440971809
R-OSA-9640882.1|Assembly of pre-replication complex	977	0.0802941018911358
R-OSA-9640882.1|Assembly of pre-replication complex	978	0.0572774132291266
R-OSA-9640882.1|Assembly of pre-replication complex	979	0.253751202286147
R-OSA-9640882.1|Assembly of pre-replication complex	980	0.229371573689237
R-OSA-9640882.1|Assembly of pre-replication complex	981	0.126713273550303
R-OSA-9640882.1|Assembly of pre-replication complex	982	0.00500878381242495
R-OSA-9640882.1|Assembly of pre-replication complex	983	0.364205905947425
R-OSA-9640882.1|Assembly of pre-replication complex	984	0.0499252847595608
R-OSA-9640882.1|Assembly of pre-replication complex	985	0.208246396651075
R-OSA-9640882.1|Assembly of pre-replication complex	986	0.0301461050280403
R-OSA-9640882.1|Assembly of pre-replication complex	987	0.188778772605276
R-OSA-9640882.1|Assembly of pre-replication complex	988	0.391276291292364
R-OSA-9640882.1|Assembly of pre-replication complex	989	0.200476298870994
R-OSA-9640882.1|Assembly of pre-replication complex	990	0.556724387961299
R-OSA-9640882.1|Assembly of pre-replication complex	991	0.399423373635493
R-OSA-9640882.1|Assembly of pre-replication complex	992	0.457109995599818
R-OSA-9640882.1|Assembly of pre-replication complex	993	0.600162221796463
R-OSA-9640882.1|Assembly of pre-replication complex	994	0.374842565722682
R-OSA-9640882.1|Assembly of pre-replication complex	995	0.00752718697073516
R-OSA-9640882.1|Assembly of pre-replication complex	996	0.20786934169087
R-OSA-9640882.1|Assembly of pre-replication complex	997	0.696528671193657
R-OSA-9640882.1|Assembly of pre-replication complex	998	0.0083192978307286
R-OSA-9640882.1|Assembly of pre-replication complex	999	0.192278718520729
R-OSA-9640882.1|Assembly of pre-replication complex	1000	0.397829516083165
R-OSA-9675824.1|DNA replication Initiation	1	0.133233403461125
R-OSA-9675824.1|DNA replication Initiation	2	0.640693787827736
R-OSA-9675824.1|DNA replication Initiation	3	0.397753179534861
R-OSA-9675824.1|DNA replication Initiation	4	0.101635352440574
R-OSA-9675824.1|DNA replication Initiation	5	0.0960291927074108
R-OSA-9675824.1|DNA replication Initiation	6	0.830873717522029
R-OSA-9675824.1|DNA replication Initiation	7	0.267654856805748
R-OSA-9675824.1|DNA replication Initiation	8	0.337709455081843
R-OSA-9675824.1|DNA replication Initiation	9	0.0965828638700063
R-OSA-9675824.1|DNA replication Initiation	10	0.148130720618724
R-OSA-9675824.1|DNA replication Initiation	11	0.0627596388559005
R-OSA-9675824.1|DNA replication Initiation	12	0.0205473923655461
R-OSA-9675824.1|DNA replication Initiation	13	0.00217562645649301
R-OSA-9675824.1|DNA replication Initiation	14	0.202182078880669
R-OSA-9675824.1|DNA replication Initiation	15	0.390833613106278
R-OSA-9675824.1|DNA replication Initiation	16	0.618661180364861
R-OSA-9675824.1|DNA replication Initiation	17	0.540334942646147
R-OSA-9675824.1|DNA replication Initiation	18	0.407645651897197
R-OSA-9675824.1|DNA replication Initiation	19	1.06251469157755
R-OSA-9675824.1|DNA replication Initiation	20	0.0451455277286805
R-OSA-9675824.1|DNA replication Initiation	21	0.257445003454413
R-OSA-9675824.1|DNA replication Initiation	22	0.419545044849847
R-OSA-9675824.1|DNA replication Initiation	23	0.304223902407875
R-OSA-9675824.1|DNA replication Initiation	24	0.126725425227731
R-OSA-9675824.1|DNA replication Initiation	25	0.0188346465157387
R-OSA-9675824.1|DNA replication Initiation	26	0.160300888994656
R-OSA-9675824.1|DNA replication Initiation	27	0.370753649141162
R-OSA-9675824.1|DNA replication Initiation	28	0.225673709461716
R-OSA-9675824.1|DNA replication Initiation	29	0.161940249844119
R-OSA-9675824.1|DNA replication Initiation	30	0.371332430649815
R-OSA-9675824.1|DNA replication Initiation	31	0.447367265194244
R-OSA-9675824.1|DNA replication Initiation	32	0.365006932290566
R-OSA-9675824.1|DNA replication Initiation	33	0.447474289486968
R-OSA-9675824.1|DNA replication Initiation	34	0.482487274690246
R-OSA-9675824.1|DNA replication Initiation	35	0.555705089894075
R-OSA-9675824.1|DNA replication Initiation	36	0.423024400498178
R-OSA-9675824.1|DNA replication Initiation	37	0.95022078271503
R-OSA-9675824.1|DNA replication Initiation	38	0.209168210306929
R-OSA-9675824.1|DNA replication Initiation	39	0.53847668634729
R-OSA-9675824.1|DNA replication Initiation	40	0.645224584726471
R-OSA-9675824.1|DNA replication Initiation	41	0.576660046529981
R-OSA-9675824.1|DNA replication Initiation	42	0.501360804499857
R-OSA-9675824.1|DNA replication Initiation	43	0.0605761435377684
R-OSA-9675824.1|DNA replication Initiation	44	0.1000998047959
R-OSA-9675824.1|DNA replication Initiation	45	0.34676557141698
R-OSA-9675824.1|DNA replication Initiation	46	0.172894498482989
R-OSA-9675824.1|DNA replication Initiation	47	0.483373676309969
R-OSA-9675824.1|DNA replication Initiation	48	0.27050488901226
R-OSA-9675824.1|DNA replication Initiation	49	0.411302520943561
R-OSA-9675824.1|DNA replication Initiation	50	0.254110785770103
R-OSA-9675824.1|DNA replication Initiation	51	0.41483551644086
R-OSA-9675824.1|DNA replication Initiation	52	0.15030460144116
R-OSA-9675824.1|DNA replication Initiation	53	0.677818564151773
R-OSA-9675824.1|DNA replication Initiation	54	0.184885843754896
R-OSA-9675824.1|DNA replication Initiation	55	0.439554182900998
R-OSA-9675824.1|DNA replication Initiation	56	0.276661707141533
R-OSA-9675824.1|DNA replication Initiation	57	0.18082534655582
R-OSA-9675824.1|DNA replication Initiation	58	0.39041466445418
R-OSA-9675824.1|DNA replication Initiation	59	0.054039020802373
R-OSA-9675824.1|DNA replication Initiation	60	0.449379841674932
R-OSA-9675824.1|DNA replication Initiation	61	0.0175171823579203
R-OSA-9675824.1|DNA replication Initiation	62	0.601237652755875
R-OSA-9675824.1|DNA replication Initiation	63	0.121178755332794
R-OSA-9675824.1|DNA replication Initiation	64	0.107531428302809
R-OSA-9675824.1|DNA replication Initiation	65	0.527914922662062
R-OSA-9675824.1|DNA replication Initiation	66	0.048458227917109
R-OSA-9675824.1|DNA replication Initiation	67	0.0826024086946764
R-OSA-9675824.1|DNA replication Initiation	68	0.167896419857978
R-OSA-9675824.1|DNA replication Initiation	69	0.139383751156039
R-OSA-9675824.1|DNA replication Initiation	70	0.367992473452216
R-OSA-9675824.1|DNA replication Initiation	71	0.0428340825633656
R-OSA-9675824.1|DNA replication Initiation	72	0.202548140542121
R-OSA-9675824.1|DNA replication Initiation	73	0.191930650828612
R-OSA-9675824.1|DNA replication Initiation	74	0.0315635886412618
R-OSA-9675824.1|DNA replication Initiation	75	0.187682034462943
R-OSA-9675824.1|DNA replication Initiation	76	0.351967150072943
R-OSA-9675824.1|DNA replication Initiation	77	0.424883259643894
R-OSA-9675824.1|DNA replication Initiation	78	0.194465064160183
R-OSA-9675824.1|DNA replication Initiation	79	0.23463787583385
R-OSA-9675824.1|DNA replication Initiation	80	0.015616802411239
R-OSA-9675824.1|DNA replication Initiation	81	0.0983235062969507
R-OSA-9675824.1|DNA replication Initiation	82	0.179906266317987
R-OSA-9675824.1|DNA replication Initiation	83	0.627513520845977
R-OSA-9675824.1|DNA replication Initiation	84	0.153267897722811
R-OSA-9675824.1|DNA replication Initiation	85	0.253433787591879
R-OSA-9675824.1|DNA replication Initiation	86	0.340269599191512
R-OSA-9675824.1|DNA replication Initiation	87	0.183627181644545
R-OSA-9675824.1|DNA replication Initiation	88	0.133615686418845
R-OSA-9675824.1|DNA replication Initiation	89	0.765451518312415
R-OSA-9675824.1|DNA replication Initiation	90	0.37594526375623
R-OSA-9675824.1|DNA replication Initiation	91	0.206746983519969
R-OSA-9675824.1|DNA replication Initiation	92	0.170160444558227
R-OSA-9675824.1|DNA replication Initiation	93	0.0791742286475588
R-OSA-9675824.1|DNA replication Initiation	94	0.60569919957338
R-OSA-9675824.1|DNA replication Initiation	95	0.33873579040176
R-OSA-9675824.1|DNA replication Initiation	96	0.552326709547571
R-OSA-9675824.1|DNA replication Initiation	97	0.0726698966917294
R-OSA-9675824.1|DNA replication Initiation	98	0.671066617808419
R-OSA-9675824.1|DNA replication Initiation	99	0.269662452966455
R-OSA-9675824.1|DNA replication Initiation	100	0.373083518125543
R-OSA-9675824.1|DNA replication Initiation	101	0.277729913808276
R-OSA-9675824.1|DNA replication Initiation	102	0.295757124274804
R-OSA-9675824.1|DNA replication Initiation	103	0.267893159228114
R-OSA-9675824.1|DNA replication Initiation	104	0.36659128098008
R-OSA-9675824.1|DNA replication Initiation	105	0.0919256089850292
R-OSA-9675824.1|DNA replication Initiation	106	0.437761454062722
R-OSA-9675824.1|DNA replication Initiation	107	0.0659600734573368
R-OSA-9675824.1|DNA replication Initiation	108	0.43231905224906
R-OSA-9675824.1|DNA replication Initiation	109	0.00541048837224277
R-OSA-9675824.1|DNA replication Initiation	110	0.315564217489253
R-OSA-9675824.1|DNA replication Initiation	111	0.658474827375425
R-OSA-9675824.1|DNA replication Initiation	112	0.0851814724869038
R-OSA-9675824.1|DNA replication Initiation	113	0.213749121382986
R-OSA-9675824.1|DNA replication Initiation	114	0.439013884689444
R-OSA-9675824.1|DNA replication Initiation	115	0.109610805889894
R-OSA-9675824.1|DNA replication Initiation	116	0.211740151110623
R-OSA-9675824.1|DNA replication Initiation	117	0.00868163126386008
R-OSA-9675824.1|DNA replication Initiation	118	0.289724812415456
R-OSA-9675824.1|DNA replication Initiation	119	0.239518087318277
R-OSA-9675824.1|DNA replication Initiation	120	0.254806257222695
R-OSA-9675824.1|DNA replication Initiation	121	0.862273302582995
R-OSA-9675824.1|DNA replication Initiation	122	0.376786266496655
R-OSA-9675824.1|DNA replication Initiation	123	0.112102911639817
R-OSA-9675824.1|DNA replication Initiation	124	0.321289747859348
R-OSA-9675824.1|DNA replication Initiation	125	0.322903380519924
R-OSA-9675824.1|DNA replication Initiation	126	0.187866734530631
R-OSA-9675824.1|DNA replication Initiation	127	0.163085818577871
R-OSA-9675824.1|DNA replication Initiation	128	0.272074174312757
R-OSA-9675824.1|DNA replication Initiation	129	0.254584073820081
R-OSA-9675824.1|DNA replication Initiation	130	0.00510697370903151
R-OSA-9675824.1|DNA replication Initiation	131	0.17547729294472
R-OSA-9675824.1|DNA replication Initiation	132	0.27717568602185
R-OSA-9675824.1|DNA replication Initiation	133	0.307744814763717
R-OSA-9675824.1|DNA replication Initiation	134	0.109008145872491
R-OSA-9675824.1|DNA replication Initiation	135	0.330204275370029
R-OSA-9675824.1|DNA replication Initiation	136	0.414568418520689
R-OSA-9675824.1|DNA replication Initiation	137	0.612826460949684
R-OSA-9675824.1|DNA replication Initiation	138	0.182862575457122
R-OSA-9675824.1|DNA replication Initiation	139	0.213804047915305
R-OSA-9675824.1|DNA replication Initiation	140	0.443534210963809
R-OSA-9675824.1|DNA replication Initiation	141	0.22294293685012
R-OSA-9675824.1|DNA replication Initiation	142	0.414474897736805
R-OSA-9675824.1|DNA replication Initiation	143	0.17257883326652
R-OSA-9675824.1|DNA replication Initiation	144	0.115034267860107
R-OSA-9675824.1|DNA replication Initiation	145	0.319800619968338
R-OSA-9675824.1|DNA replication Initiation	146	0.577753656229428
R-OSA-9675824.1|DNA replication Initiation	147	0.0888126990750333
R-OSA-9675824.1|DNA replication Initiation	148	0.28980288243609
R-OSA-9675824.1|DNA replication Initiation	149	1.25197969514727
R-OSA-9675824.1|DNA replication Initiation	150	0.013513657983626
R-OSA-9675824.1|DNA replication Initiation	151	0.857805455210565
R-OSA-9675824.1|DNA replication Initiation	152	0.216628147452422
R-OSA-9675824.1|DNA replication Initiation	153	0.729903147576957
R-OSA-9675824.1|DNA replication Initiation	154	0.995183439467407
R-OSA-9675824.1|DNA replication Initiation	155	0.45925326791444
R-OSA-9675824.1|DNA replication Initiation	156	0.405131715980278
R-OSA-9675824.1|DNA replication Initiation	157	0.370338809450955
R-OSA-9675824.1|DNA replication Initiation	158	0.493665231213324
R-OSA-9675824.1|DNA replication Initiation	159	0.280990597879963
R-OSA-9675824.1|DNA replication Initiation	160	0.339661252469858
R-OSA-9675824.1|DNA replication Initiation	161	0.0821196893508762
R-OSA-9675824.1|DNA replication Initiation	162	0.171594209810237
R-OSA-9675824.1|DNA replication Initiation	163	0.497720279418833
R-OSA-9675824.1|DNA replication Initiation	164	0.434258114631677
R-OSA-9675824.1|DNA replication Initiation	165	0.238724873351413
R-OSA-9675824.1|DNA replication Initiation	166	0.193770315027839
R-OSA-9675824.1|DNA replication Initiation	167	0.138572583566705
R-OSA-9675824.1|DNA replication Initiation	168	0.235649075975302
R-OSA-9675824.1|DNA replication Initiation	169	0.362987409603423
R-OSA-9675824.1|DNA replication Initiation	170	0.355750280705341
R-OSA-9675824.1|DNA replication Initiation	171	0.23996485339212
R-OSA-9675824.1|DNA replication Initiation	172	0.652384922588653
R-OSA-9675824.1|DNA replication Initiation	173	0.215410518712678
R-OSA-9675824.1|DNA replication Initiation	174	0.554797188849006
R-OSA-9675824.1|DNA replication Initiation	175	0.540929143565939
R-OSA-9675824.1|DNA replication Initiation	176	0.116363708578741
R-OSA-9675824.1|DNA replication Initiation	177	0.200510343153296
R-OSA-9675824.1|DNA replication Initiation	178	0.293956601106898
R-OSA-9675824.1|DNA replication Initiation	179	0.178265977969746
R-OSA-9675824.1|DNA replication Initiation	180	0.244169817258385
R-OSA-9675824.1|DNA replication Initiation	181	0.265538261398817
R-OSA-9675824.1|DNA replication Initiation	182	0.283556885439059
R-OSA-9675824.1|DNA replication Initiation	183	0.0320843669168263
R-OSA-9675824.1|DNA replication Initiation	184	0.619492058953732
R-OSA-9675824.1|DNA replication Initiation	185	0.180442525895134
R-OSA-9675824.1|DNA replication Initiation	186	0.291148971623837
R-OSA-9675824.1|DNA replication Initiation	187	0.125376235192731
R-OSA-9675824.1|DNA replication Initiation	188	0.321124371229951
R-OSA-9675824.1|DNA replication Initiation	189	0.220324316725979
R-OSA-9675824.1|DNA replication Initiation	190	0.206115321613511
R-OSA-9675824.1|DNA replication Initiation	191	0.249676799107043
R-OSA-9675824.1|DNA replication Initiation	192	0.411864546511186
R-OSA-9675824.1|DNA replication Initiation	193	0.208444591822319
R-OSA-9675824.1|DNA replication Initiation	194	0.12747807913411
R-OSA-9675824.1|DNA replication Initiation	195	0.667912007947869
R-OSA-9675824.1|DNA replication Initiation	196	0.214256356193115
R-OSA-9675824.1|DNA replication Initiation	197	0.0888178372580012
R-OSA-9675824.1|DNA replication Initiation	198	0.0849977942705101
R-OSA-9675824.1|DNA replication Initiation	199	0.503615282476624
R-OSA-9675824.1|DNA replication Initiation	200	0.188384922343537
R-OSA-9675824.1|DNA replication Initiation	201	0.546056979997208
R-OSA-9675824.1|DNA replication Initiation	202	0.0987541987577993
R-OSA-9675824.1|DNA replication Initiation	203	0.0198798820176227
R-OSA-9675824.1|DNA replication Initiation	204	0.307395114457759
R-OSA-9675824.1|DNA replication Initiation	205	0.496303412390763
R-OSA-9675824.1|DNA replication Initiation	206	0.137161016380198
R-OSA-9675824.1|DNA replication Initiation	207	0.056584170992148
R-OSA-9675824.1|DNA replication Initiation	208	0.324598774165228
R-OSA-9675824.1|DNA replication Initiation	209	0.118899572952356
R-OSA-9675824.1|DNA replication Initiation	210	0.165388053609779
R-OSA-9675824.1|DNA replication Initiation	211	0.10533142364357
R-OSA-9675824.1|DNA replication Initiation	212	0.0965143948098303
R-OSA-9675824.1|DNA replication Initiation	213	0.0373253321783221
R-OSA-9675824.1|DNA replication Initiation	214	0.0470093526437994
R-OSA-9675824.1|DNA replication Initiation	215	0.362716232255701
R-OSA-9675824.1|DNA replication Initiation	216	0.256855248907106
R-OSA-9675824.1|DNA replication Initiation	217	0.138676858136909
R-OSA-9675824.1|DNA replication Initiation	218	0.219380794150344
R-OSA-9675824.1|DNA replication Initiation	219	0.174803419898402
R-OSA-9675824.1|DNA replication Initiation	220	0.0852044299973627
R-OSA-9675824.1|DNA replication Initiation	221	0.127358918996304
R-OSA-9675824.1|DNA replication Initiation	222	0.21722135409847
R-OSA-9675824.1|DNA replication Initiation	223	0.370008719009289
R-OSA-9675824.1|DNA replication Initiation	224	0.0804461540013213
R-OSA-9675824.1|DNA replication Initiation	225	0.0469141025837507
R-OSA-9675824.1|DNA replication Initiation	226	0.325693630068646
R-OSA-9675824.1|DNA replication Initiation	227	0.0831868465812987
R-OSA-9675824.1|DNA replication Initiation	228	0.124378406119208
R-OSA-9675824.1|DNA replication Initiation	229	0.155560348869928
R-OSA-9675824.1|DNA replication Initiation	230	0.58313310997746
R-OSA-9675824.1|DNA replication Initiation	231	0.882793325146217
R-OSA-9675824.1|DNA replication Initiation	232	0.173297131940458
R-OSA-9675824.1|DNA replication Initiation	233	0.367066229586252
R-OSA-9675824.1|DNA replication Initiation	234	0.222401770529632
R-OSA-9675824.1|DNA replication Initiation	235	0.345792652534407
R-OSA-9675824.1|DNA replication Initiation	236	0.741923259387496
R-OSA-9675824.1|DNA replication Initiation	237	0.792330880221992
R-OSA-9675824.1|DNA replication Initiation	238	0.145828660892435
R-OSA-9675824.1|DNA replication Initiation	239	0.191250472989856
R-OSA-9675824.1|DNA replication Initiation	240	0.0261435001307474
R-OSA-9675824.1|DNA replication Initiation	241	0.322735540100934
R-OSA-9675824.1|DNA replication Initiation	242	0.224929281621863
R-OSA-9675824.1|DNA replication Initiation	243	0.641968892337823
R-OSA-9675824.1|DNA replication Initiation	244	0.393675765301821
R-OSA-9675824.1|DNA replication Initiation	245	0.584184663442378
R-OSA-9675824.1|DNA replication Initiation	246	0.303692842679999
R-OSA-9675824.1|DNA replication Initiation	247	0.190036933403463
R-OSA-9675824.1|DNA replication Initiation	248	0.267569044811344
R-OSA-9675824.1|DNA replication Initiation	249	0.564906338958228
R-OSA-9675824.1|DNA replication Initiation	250	0.0878965147938803
R-OSA-9675824.1|DNA replication Initiation	251	0.0948242564002463
R-OSA-9675824.1|DNA replication Initiation	252	0.0600628166626661
R-OSA-9675824.1|DNA replication Initiation	253	0.468215158056771
R-OSA-9675824.1|DNA replication Initiation	254	0.121082543224191
R-OSA-9675824.1|DNA replication Initiation	255	0.297962376626582
R-OSA-9675824.1|DNA replication Initiation	256	1.19213694754832
R-OSA-9675824.1|DNA replication Initiation	257	0.542917801511369
R-OSA-9675824.1|DNA replication Initiation	258	0.252931913145133
R-OSA-9675824.1|DNA replication Initiation	259	0.204041931455432
R-OSA-9675824.1|DNA replication Initiation	260	0.148677721319321
R-OSA-9675824.1|DNA replication Initiation	261	0.657194840809981
R-OSA-9675824.1|DNA replication Initiation	262	0.353935217108632
R-OSA-9675824.1|DNA replication Initiation	263	0.202378202252132
R-OSA-9675824.1|DNA replication Initiation	264	0.185061740316875
R-OSA-9675824.1|DNA replication Initiation	265	0.140651965421107
R-OSA-9675824.1|DNA replication Initiation	266	0.106489584628656
R-OSA-9675824.1|DNA replication Initiation	267	0.0973945574166435
R-OSA-9675824.1|DNA replication Initiation	268	0.123163631978567
R-OSA-9675824.1|DNA replication Initiation	269	0.0647284631484216
R-OSA-9675824.1|DNA replication Initiation	270	0.298652130228221
R-OSA-9675824.1|DNA replication Initiation	271	0.0189239431351667
R-OSA-9675824.1|DNA replication Initiation	272	0.337803335487072
R-OSA-9675824.1|DNA replication Initiation	273	0.262313930299732
R-OSA-9675824.1|DNA replication Initiation	274	0.783986519693052
R-OSA-9675824.1|DNA replication Initiation	275	0.256410026645259
R-OSA-9675824.1|DNA replication Initiation	276	0.11668432718461
R-OSA-9675824.1|DNA replication Initiation	277	0.164078733219151
R-OSA-9675824.1|DNA replication Initiation	278	0.0207273493686303
R-OSA-9675824.1|DNA replication Initiation	279	0.246666868913725
R-OSA-9675824.1|DNA replication Initiation	280	0.195066835338264
R-OSA-9675824.1|DNA replication Initiation	281	0.0134976040875671
R-OSA-9675824.1|DNA replication Initiation	282	0.628880468712703
R-OSA-9675824.1|DNA replication Initiation	283	0.392013800053709
R-OSA-9675824.1|DNA replication Initiation	284	0.141685249998982
R-OSA-9675824.1|DNA replication Initiation	285	0.606654211435821
R-OSA-9675824.1|DNA replication Initiation	286	0.637702638564383
R-OSA-9675824.1|DNA replication Initiation	287	0.158623573112618
R-OSA-9675824.1|DNA replication Initiation	288	0.0990877253254785
R-OSA-9675824.1|DNA replication Initiation	289	0.010266121555048
R-OSA-9675824.1|DNA replication Initiation	290	0.192890903277754
R-OSA-9675824.1|DNA replication Initiation	291	0.251007505412182
R-OSA-9675824.1|DNA replication Initiation	292	0.0103038397357949
R-OSA-9675824.1|DNA replication Initiation	293	0.736398584494419
R-OSA-9675824.1|DNA replication Initiation	294	0.216779401768951
R-OSA-9675824.1|DNA replication Initiation	295	0.0582870691074027
R-OSA-9675824.1|DNA replication Initiation	296	0.0663596921827223
R-OSA-9675824.1|DNA replication Initiation	297	0.00159518606144786
R-OSA-9675824.1|DNA replication Initiation	298	0.298506787798209
R-OSA-9675824.1|DNA replication Initiation	299	0.148705726758283
R-OSA-9675824.1|DNA replication Initiation	300	0.271782407275648
R-OSA-9675824.1|DNA replication Initiation	301	0.238106047748666
R-OSA-9675824.1|DNA replication Initiation	302	0.159219653298761
R-OSA-9675824.1|DNA replication Initiation	303	0.478729424197581
R-OSA-9675824.1|DNA replication Initiation	304	0.0119501070028022
R-OSA-9675824.1|DNA replication Initiation	305	0.2460477065161
R-OSA-9675824.1|DNA replication Initiation	306	0.0338306016334278
R-OSA-9675824.1|DNA replication Initiation	307	0.35316717866772
R-OSA-9675824.1|DNA replication Initiation	308	0.294548909363405
R-OSA-9675824.1|DNA replication Initiation	309	0.0649226153842289
R-OSA-9675824.1|DNA replication Initiation	310	0.201767039565268
R-OSA-9675824.1|DNA replication Initiation	311	0.367892799632314
R-OSA-9675824.1|DNA replication Initiation	312	0.223234815556248
R-OSA-9675824.1|DNA replication Initiation	313	0.441891891384339
R-OSA-9675824.1|DNA replication Initiation	314	0.320380439212272
R-OSA-9675824.1|DNA replication Initiation	315	0.0722037311447622
R-OSA-9675824.1|DNA replication Initiation	316	0.730748947298372
R-OSA-9675824.1|DNA replication Initiation	317	0.0582496420551811
R-OSA-9675824.1|DNA replication Initiation	318	0.153028251364609
R-OSA-9675824.1|DNA replication Initiation	319	0.519495079633382
R-OSA-9675824.1|DNA replication Initiation	320	0.142759368622792
R-OSA-9675824.1|DNA replication Initiation	321	0.103698322609718
R-OSA-9675824.1|DNA replication Initiation	322	0.0152829908877598
R-OSA-9675824.1|DNA replication Initiation	323	0.191800772338575
R-OSA-9675824.1|DNA replication Initiation	324	0.240510624382691
R-OSA-9675824.1|DNA replication Initiation	325	0.0508807182121673
R-OSA-9675824.1|DNA replication Initiation	326	0.286206966652955
R-OSA-9675824.1|DNA replication Initiation	327	0.433500676965142
R-OSA-9675824.1|DNA replication Initiation	328	0.16066596003402
R-OSA-9675824.1|DNA replication Initiation	329	0.520929040645225
R-OSA-9675824.1|DNA replication Initiation	330	0.453383557541216
R-OSA-9675824.1|DNA replication Initiation	331	0.170723095858299
R-OSA-9675824.1|DNA replication Initiation	332	0.0786546141620605
R-OSA-9675824.1|DNA replication Initiation	333	0.171138639658032
R-OSA-9675824.1|DNA replication Initiation	334	0.48692224658384
R-OSA-9675824.1|DNA replication Initiation	335	0.391942999157696
R-OSA-9675824.1|DNA replication Initiation	336	0.412685503888445
R-OSA-9675824.1|DNA replication Initiation	337	0.487615736396447
R-OSA-9675824.1|DNA replication Initiation	338	0.155991519882424
R-OSA-9675824.1|DNA replication Initiation	339	0.0107972737615233
R-OSA-9675824.1|DNA replication Initiation	340	0.13115269730449
R-OSA-9675824.1|DNA replication Initiation	341	0.157303741280801
R-OSA-9675824.1|DNA replication Initiation	342	0.341237932185372
R-OSA-9675824.1|DNA replication Initiation	343	0.22540768643341
R-OSA-9675824.1|DNA replication Initiation	344	0.267954841592007
R-OSA-9675824.1|DNA replication Initiation	345	0.0936598208581192
R-OSA-9675824.1|DNA replication Initiation	346	0.189384317377958
R-OSA-9675824.1|DNA replication Initiation	347	0.52659765818741
R-OSA-9675824.1|DNA replication Initiation	348	0.588841790065621
R-OSA-9675824.1|DNA replication Initiation	349	0.391095213296085
R-OSA-9675824.1|DNA replication Initiation	350	0.0785851583248187
R-OSA-9675824.1|DNA replication Initiation	351	0.265481608297943
R-OSA-9675824.1|DNA replication Initiation	352	0.225585230297934
R-OSA-9675824.1|DNA replication Initiation	353	0.106490169355427
R-OSA-9675824.1|DNA replication Initiation	354	0.25230228572925
R-OSA-9675824.1|DNA replication Initiation	355	0.0419285346401757
R-OSA-9675824.1|DNA replication Initiation	356	0.277533504969886
R-OSA-9675824.1|DNA replication Initiation	357	0.196758565018718
R-OSA-9675824.1|DNA replication Initiation	358	0.10485355101153
R-OSA-9675824.1|DNA replication Initiation	359	0.531799550990765
R-OSA-9675824.1|DNA replication Initiation	360	0.335518308560856
R-OSA-9675824.1|DNA replication Initiation	361	0.0417011059484609
R-OSA-9675824.1|DNA replication Initiation	362	0.0384268583482926
R-OSA-9675824.1|DNA replication Initiation	363	0.115526542642775
R-OSA-9675824.1|DNA replication Initiation	364	0.0469053559988208
R-OSA-9675824.1|DNA replication Initiation	365	0.231166017159102
R-OSA-9675824.1|DNA replication Initiation	366	0.327088756082784
R-OSA-9675824.1|DNA replication Initiation	367	0.230639774525339
R-OSA-9675824.1|DNA replication Initiation	368	0.132713928711488
R-OSA-9675824.1|DNA replication Initiation	369	0.0425255143394864
R-OSA-9675824.1|DNA replication Initiation	370	0.0948657593335359
R-OSA-9675824.1|DNA replication Initiation	371	0.475153070297717
R-OSA-9675824.1|DNA replication Initiation	372	0.295004842438122
R-OSA-9675824.1|DNA replication Initiation	373	0.0840933096017945
R-OSA-9675824.1|DNA replication Initiation	374	0.4551902871268
R-OSA-9675824.1|DNA replication Initiation	375	0.349951540882882
R-OSA-9675824.1|DNA replication Initiation	376	0.677238691091462
R-OSA-9675824.1|DNA replication Initiation	377	0.203925991460682
R-OSA-9675824.1|DNA replication Initiation	378	0.419570152041985
R-OSA-9675824.1|DNA replication Initiation	379	0.73260583659184
R-OSA-9675824.1|DNA replication Initiation	380	0.342355263626654
R-OSA-9675824.1|DNA replication Initiation	381	0.387582803357727
R-OSA-9675824.1|DNA replication Initiation	382	0.217579519993042
R-OSA-9675824.1|DNA replication Initiation	383	0.280296814045466
R-OSA-9675824.1|DNA replication Initiation	384	0.166275898057258
R-OSA-9675824.1|DNA replication Initiation	385	0.0527635450622808
R-OSA-9675824.1|DNA replication Initiation	386	0.207467940597046
R-OSA-9675824.1|DNA replication Initiation	387	0.229030686055895
R-OSA-9675824.1|DNA replication Initiation	388	0.130889374551477
R-OSA-9675824.1|DNA replication Initiation	389	0.188286002680848
R-OSA-9675824.1|DNA replication Initiation	390	0.0259510941943183
R-OSA-9675824.1|DNA replication Initiation	391	0.0174770726147213
R-OSA-9675824.1|DNA replication Initiation	392	0.197642349901698
R-OSA-9675824.1|DNA replication Initiation	393	0.578206652493235
R-OSA-9675824.1|DNA replication Initiation	394	0.0426460182911504
R-OSA-9675824.1|DNA replication Initiation	395	0.556206066087982
R-OSA-9675824.1|DNA replication Initiation	396	0.017091721124156
R-OSA-9675824.1|DNA replication Initiation	397	0.0673614611861147
R-OSA-9675824.1|DNA replication Initiation	398	0.010774188006906
R-OSA-9675824.1|DNA replication Initiation	399	0.0496776090750899
R-OSA-9675824.1|DNA replication Initiation	400	0.773615418662246
R-OSA-9675824.1|DNA replication Initiation	401	0.399594745543714
R-OSA-9675824.1|DNA replication Initiation	402	0.360746584295712
R-OSA-9675824.1|DNA replication Initiation	403	0.0393742105104729
R-OSA-9675824.1|DNA replication Initiation	404	0.382068377041414
R-OSA-9675824.1|DNA replication Initiation	405	0.249547303508969
R-OSA-9675824.1|DNA replication Initiation	406	0.360569044935698
R-OSA-9675824.1|DNA replication Initiation	407	0.640608017177991
R-OSA-9675824.1|DNA replication Initiation	408	0.116321459239642
R-OSA-9675824.1|DNA replication Initiation	409	0.335267273784836
R-OSA-9675824.1|DNA replication Initiation	410	0.098610004947429
R-OSA-9675824.1|DNA replication Initiation	411	0.795102068690219
R-OSA-9675824.1|DNA replication Initiation	412	0.189776260846666
R-OSA-9675824.1|DNA replication Initiation	413	0.116121109250168
R-OSA-9675824.1|DNA replication Initiation	414	0.352559539225424
R-OSA-9675824.1|DNA replication Initiation	415	0.202024617172808
R-OSA-9675824.1|DNA replication Initiation	416	0.946841410382798
R-OSA-9675824.1|DNA replication Initiation	417	0.273938968080066
R-OSA-9675824.1|DNA replication Initiation	418	0.165021037647392
R-OSA-9675824.1|DNA replication Initiation	419	0.750761572365973
R-OSA-9675824.1|DNA replication Initiation	420	0.265720651284493
R-OSA-9675824.1|DNA replication Initiation	421	0.233613554351984
R-OSA-9675824.1|DNA replication Initiation	422	0.678723690765585
R-OSA-9675824.1|DNA replication Initiation	423	0.241749984921768
R-OSA-9675824.1|DNA replication Initiation	424	0.408167207962827
R-OSA-9675824.1|DNA replication Initiation	425	0.196503396267723
R-OSA-9675824.1|DNA replication Initiation	426	0.114172775863052
R-OSA-9675824.1|DNA replication Initiation	427	0.0510842520458837
R-OSA-9675824.1|DNA replication Initiation	428	0.245398402685872
R-OSA-9675824.1|DNA replication Initiation	429	0.175059823127285
R-OSA-9675824.1|DNA replication Initiation	430	0.49717082374216
R-OSA-9675824.1|DNA replication Initiation	431	0.0804453277374246
R-OSA-9675824.1|DNA replication Initiation	432	0.642072529307038
R-OSA-9675824.1|DNA replication Initiation	433	0.10191167247374
R-OSA-9675824.1|DNA replication Initiation	434	0.0579426924119614
R-OSA-9675824.1|DNA replication Initiation	435	0.117718025933891
R-OSA-9675824.1|DNA replication Initiation	436	0.209631641913011
R-OSA-9675824.1|DNA replication Initiation	437	0.478006868805717
R-OSA-9675824.1|DNA replication Initiation	438	0.489034230049485
R-OSA-9675824.1|DNA replication Initiation	439	0.0549549504039316
R-OSA-9675824.1|DNA replication Initiation	440	0.0116688045146689
R-OSA-9675824.1|DNA replication Initiation	441	0.00906380031937633
R-OSA-9675824.1|DNA replication Initiation	442	0.359837331926375
R-OSA-9675824.1|DNA replication Initiation	443	0.981363876374039
R-OSA-9675824.1|DNA replication Initiation	444	1.0059911379937
R-OSA-9675824.1|DNA replication Initiation	445	0.021094455910311
R-OSA-9675824.1|DNA replication Initiation	446	0.468358321360772
R-OSA-9675824.1|DNA replication Initiation	447	0.0406745016638711
R-OSA-9675824.1|DNA replication Initiation	448	0.300642497735468
R-OSA-9675824.1|DNA replication Initiation	449	0.163603533860407
R-OSA-9675824.1|DNA replication Initiation	450	0.745141556935418
R-OSA-9675824.1|DNA replication Initiation	451	0.36144248903485
R-OSA-9675824.1|DNA replication Initiation	452	0.146200785504196
R-OSA-9675824.1|DNA replication Initiation	453	0.0674974213506436
R-OSA-9675824.1|DNA replication Initiation	454	0.325406243705641
R-OSA-9675824.1|DNA replication Initiation	455	0.203975130256926
R-OSA-9675824.1|DNA replication Initiation	456	0.472732334675562
R-OSA-9675824.1|DNA replication Initiation	457	0.357292000442945
R-OSA-9675824.1|DNA replication Initiation	458	0.256859934976541
R-OSA-9675824.1|DNA replication Initiation	459	0.114816697510678
R-OSA-9675824.1|DNA replication Initiation	460	0.0402041366828058
R-OSA-9675824.1|DNA replication Initiation	461	0.087632816278367
R-OSA-9675824.1|DNA replication Initiation	462	0.238955891121253
R-OSA-9675824.1|DNA replication Initiation	463	0.130260006273944
R-OSA-9675824.1|DNA replication Initiation	464	0.153014722209486
R-OSA-9675824.1|DNA replication Initiation	465	0.0644752401434332
R-OSA-9675824.1|DNA replication Initiation	466	0.47143901458966
R-OSA-9675824.1|DNA replication Initiation	467	0.23824297457487
R-OSA-9675824.1|DNA replication Initiation	468	0.280556855492493
R-OSA-9675824.1|DNA replication Initiation	469	0.00448645710511619
R-OSA-9675824.1|DNA replication Initiation	470	0.772143018522185
R-OSA-9675824.1|DNA replication Initiation	471	0.311596039397338
R-OSA-9675824.1|DNA replication Initiation	472	0.230705076108186
R-OSA-9675824.1|DNA replication Initiation	473	0.519355473706692
R-OSA-9675824.1|DNA replication Initiation	474	0.282756822894338
R-OSA-9675824.1|DNA replication Initiation	475	0.353277781544504
R-OSA-9675824.1|DNA replication Initiation	476	0.487262534430151
R-OSA-9675824.1|DNA replication Initiation	477	0.383842099769439
R-OSA-9675824.1|DNA replication Initiation	478	0.421007992195294
R-OSA-9675824.1|DNA replication Initiation	479	0.384237409444427
R-OSA-9675824.1|DNA replication Initiation	480	0.221829747810173
R-OSA-9675824.1|DNA replication Initiation	481	0.340920041217981
R-OSA-9675824.1|DNA replication Initiation	482	0.333384998863444
R-OSA-9675824.1|DNA replication Initiation	483	0.206614986291658
R-OSA-9675824.1|DNA replication Initiation	484	0.151775144724176
R-OSA-9675824.1|DNA replication Initiation	485	0.635837239517853
R-OSA-9675824.1|DNA replication Initiation	486	0.157300746626288
R-OSA-9675824.1|DNA replication Initiation	487	0.251633553487154
R-OSA-9675824.1|DNA replication Initiation	488	0.438675364872044
R-OSA-9675824.1|DNA replication Initiation	489	0.250909040832786
R-OSA-9675824.1|DNA replication Initiation	490	0.0893632176639026
R-OSA-9675824.1|DNA replication Initiation	491	0.0718239660959452
R-OSA-9675824.1|DNA replication Initiation	492	0.105841030016467
R-OSA-9675824.1|DNA replication Initiation	493	0.0056173833582485
R-OSA-9675824.1|DNA replication Initiation	494	0.122917799955771
R-OSA-9675824.1|DNA replication Initiation	495	0.00517924200479726
R-OSA-9675824.1|DNA replication Initiation	496	0.044959407854991
R-OSA-9675824.1|DNA replication Initiation	497	0.0267755302050747
R-OSA-9675824.1|DNA replication Initiation	498	0.0516761764228494
R-OSA-9675824.1|DNA replication Initiation	499	0.155074255363722
R-OSA-9675824.1|DNA replication Initiation	500	0.451024436380847
R-OSA-9675824.1|DNA replication Initiation	501	0.521729289217641
R-OSA-9675824.1|DNA replication Initiation	502	0.295139719494715
R-OSA-9675824.1|DNA replication Initiation	503	0.174911680305675
R-OSA-9675824.1|DNA replication Initiation	504	0.320021521145914
R-OSA-9675824.1|DNA replication Initiation	505	0.117151164379383
R-OSA-9675824.1|DNA replication Initiation	506	0.226876277129193
R-OSA-9675824.1|DNA replication Initiation	507	0.317032723604027
R-OSA-9675824.1|DNA replication Initiation	508	0.157183775393372
R-OSA-9675824.1|DNA replication Initiation	509	0.28607580863097
R-OSA-9675824.1|DNA replication Initiation	510	0.125387982720794
R-OSA-9675824.1|DNA replication Initiation	511	0.167001339423649
R-OSA-9675824.1|DNA replication Initiation	512	0.752634305359969
R-OSA-9675824.1|DNA replication Initiation	513	0.518116228348007
R-OSA-9675824.1|DNA replication Initiation	514	0.779242104328267
R-OSA-9675824.1|DNA replication Initiation	515	0.190601917821267
R-OSA-9675824.1|DNA replication Initiation	516	0.341621546989145
R-OSA-9675824.1|DNA replication Initiation	517	0.0743661357690579
R-OSA-9675824.1|DNA replication Initiation	518	0.332684722536487
R-OSA-9675824.1|DNA replication Initiation	519	0.147753593210619
R-OSA-9675824.1|DNA replication Initiation	520	0.384805289927159
R-OSA-9675824.1|DNA replication Initiation	521	0.194003067889419
R-OSA-9675824.1|DNA replication Initiation	522	0.000581521674533785
R-OSA-9675824.1|DNA replication Initiation	523	0.323440701833778
R-OSA-9675824.1|DNA replication Initiation	524	0.0257856288300259
R-OSA-9675824.1|DNA replication Initiation	525	0.0853170144285745
R-OSA-9675824.1|DNA replication Initiation	526	0.136315436457634
R-OSA-9675824.1|DNA replication Initiation	527	0.0903098004947657
R-OSA-9675824.1|DNA replication Initiation	528	0.112579681261224
R-OSA-9675824.1|DNA replication Initiation	529	0.402554166261348
R-OSA-9675824.1|DNA replication Initiation	530	0.289319919499149
R-OSA-9675824.1|DNA replication Initiation	531	0.00675594155116444
R-OSA-9675824.1|DNA replication Initiation	532	0.720362521466405
R-OSA-9675824.1|DNA replication Initiation	533	0.0941414036157624
R-OSA-9675824.1|DNA replication Initiation	534	0.241623968887608
R-OSA-9675824.1|DNA replication Initiation	535	0.288484587130889
R-OSA-9675824.1|DNA replication Initiation	536	0.0664264501234281
R-OSA-9675824.1|DNA replication Initiation	537	0.134137392944201
R-OSA-9675824.1|DNA replication Initiation	538	0.183410321448455
R-OSA-9675824.1|DNA replication Initiation	539	0.421445523969304
R-OSA-9675824.1|DNA replication Initiation	540	0.557301655198084
R-OSA-9675824.1|DNA replication Initiation	541	0.230707623457128
R-OSA-9675824.1|DNA replication Initiation	542	0.116803139843626
R-OSA-9675824.1|DNA replication Initiation	543	0.203840872712067
R-OSA-9675824.1|DNA replication Initiation	544	0.429367164144717
R-OSA-9675824.1|DNA replication Initiation	545	1.31801943151556
R-OSA-9675824.1|DNA replication Initiation	546	0.159328774449852
R-OSA-9675824.1|DNA replication Initiation	547	0.174915520655778
R-OSA-9675824.1|DNA replication Initiation	548	0.524109222521457
R-OSA-9675824.1|DNA replication Initiation	549	0.0817976054873803
R-OSA-9675824.1|DNA replication Initiation	550	0.131164963799392
R-OSA-9675824.1|DNA replication Initiation	551	0.117574415579539
R-OSA-9675824.1|DNA replication Initiation	552	0.172209230368664
R-OSA-9675824.1|DNA replication Initiation	553	0.143961077258377
R-OSA-9675824.1|DNA replication Initiation	554	0.0236233416628591
R-OSA-9675824.1|DNA replication Initiation	555	0.810574664242732
R-OSA-9675824.1|DNA replication Initiation	556	0.604638184542976
R-OSA-9675824.1|DNA replication Initiation	557	0.592719266290957
R-OSA-9675824.1|DNA replication Initiation	558	0.044233841454581
R-OSA-9675824.1|DNA replication Initiation	559	0.0817037579510588
R-OSA-9675824.1|DNA replication Initiation	560	0.460799473396679
R-OSA-9675824.1|DNA replication Initiation	561	0.00970067783614546
R-OSA-9675824.1|DNA replication Initiation	562	0.100389511095873
R-OSA-9675824.1|DNA replication Initiation	563	0.10465211507046
R-OSA-9675824.1|DNA replication Initiation	564	0.0477435481745528
R-OSA-9675824.1|DNA replication Initiation	565	0.0878803479462165
R-OSA-9675824.1|DNA replication Initiation	566	0.231034221780513
R-OSA-9675824.1|DNA replication Initiation	567	0.232688126742478
R-OSA-9675824.1|DNA replication Initiation	568	0.335897017549622
R-OSA-9675824.1|DNA replication Initiation	569	0.0263995178778724
R-OSA-9675824.1|DNA replication Initiation	570	0.00722782869499359
R-OSA-9675824.1|DNA replication Initiation	571	0.115077607414584
R-OSA-9675824.1|DNA replication Initiation	572	0.24298073727627
R-OSA-9675824.1|DNA replication Initiation	573	0.538889152005413
R-OSA-9675824.1|DNA replication Initiation	574	0.759912069804255
R-OSA-9675824.1|DNA replication Initiation	575	0.74571859275016
R-OSA-9675824.1|DNA replication Initiation	576	0.37568436790225
R-OSA-9675824.1|DNA replication Initiation	577	0.281174271689387
R-OSA-9675824.1|DNA replication Initiation	578	0.205388265086451
R-OSA-9675824.1|DNA replication Initiation	579	0.466069251802597
R-OSA-9675824.1|DNA replication Initiation	580	0.317064099172874
R-OSA-9675824.1|DNA replication Initiation	581	0.383235943913387
R-OSA-9675824.1|DNA replication Initiation	582	0.377517866024711
R-OSA-9675824.1|DNA replication Initiation	583	0.355088116993975
R-OSA-9675824.1|DNA replication Initiation	584	0.129058603568663
R-OSA-9675824.1|DNA replication Initiation	585	0.40945947427107
R-OSA-9675824.1|DNA replication Initiation	586	0.367850317939836
R-OSA-9675824.1|DNA replication Initiation	587	0.532922812896254
R-OSA-9675824.1|DNA replication Initiation	588	0.0349864345557217
R-OSA-9675824.1|DNA replication Initiation	589	0.329147055750831
R-OSA-9675824.1|DNA replication Initiation	590	0.116449428416876
R-OSA-9675824.1|DNA replication Initiation	591	0.306696421883398
R-OSA-9675824.1|DNA replication Initiation	592	0.503130493764855
R-OSA-9675824.1|DNA replication Initiation	593	0.0680752423471775
R-OSA-9675824.1|DNA replication Initiation	594	0.0103325889655671
R-OSA-9675824.1|DNA replication Initiation	595	0.462216021649415
R-OSA-9675824.1|DNA replication Initiation	596	0.355044099066705
R-OSA-9675824.1|DNA replication Initiation	597	0.513724919875805
R-OSA-9675824.1|DNA replication Initiation	598	0.326347028240972
R-OSA-9675824.1|DNA replication Initiation	599	0.00331467392320985
R-OSA-9675824.1|DNA replication Initiation	600	0.0288630811594602
R-OSA-9675824.1|DNA replication Initiation	601	0.450812908698657
R-OSA-9675824.1|DNA replication Initiation	602	0.14143681210667
R-OSA-9675824.1|DNA replication Initiation	603	0.462650482901947
R-OSA-9675824.1|DNA replication Initiation	604	0.19404993507402
R-OSA-9675824.1|DNA replication Initiation	605	0.104794092948988
R-OSA-9675824.1|DNA replication Initiation	606	0.220080526362094
R-OSA-9675824.1|DNA replication Initiation	607	0.116566914286186
R-OSA-9675824.1|DNA replication Initiation	608	0.0884480191234044
R-OSA-9675824.1|DNA replication Initiation	609	0.24484548780059
R-OSA-9675824.1|DNA replication Initiation	610	0.528908315871613
R-OSA-9675824.1|DNA replication Initiation	611	0.45032897906871
R-OSA-9675824.1|DNA replication Initiation	612	0.139668806150668
R-OSA-9675824.1|DNA replication Initiation	613	0.0350260408854576
R-OSA-9675824.1|DNA replication Initiation	614	0.546869624719045
R-OSA-9675824.1|DNA replication Initiation	615	0.808820798908608
R-OSA-9675824.1|DNA replication Initiation	616	0.706252359742619
R-OSA-9675824.1|DNA replication Initiation	617	0.0346360423953758
R-OSA-9675824.1|DNA replication Initiation	618	0.213023349516468
R-OSA-9675824.1|DNA replication Initiation	619	0.349008952298944
R-OSA-9675824.1|DNA replication Initiation	620	0.492805508022518
R-OSA-9675824.1|DNA replication Initiation	621	0.284427652978213
R-OSA-9675824.1|DNA replication Initiation	622	0.625848796010779
R-OSA-9675824.1|DNA replication Initiation	623	0.49632265523096
R-OSA-9675824.1|DNA replication Initiation	624	0.196934653371985
R-OSA-9675824.1|DNA replication Initiation	625	0.226497745277242
R-OSA-9675824.1|DNA replication Initiation	626	0.789416244355835
R-OSA-9675824.1|DNA replication Initiation	627	0.0745061947740857
R-OSA-9675824.1|DNA replication Initiation	628	0.0735327119911939
R-OSA-9675824.1|DNA replication Initiation	629	0.193291009867117
R-OSA-9675824.1|DNA replication Initiation	630	0.371788615274322
R-OSA-9675824.1|DNA replication Initiation	631	0.0472218484516865
R-OSA-9675824.1|DNA replication Initiation	632	0.368701920270297
R-OSA-9675824.1|DNA replication Initiation	633	0.44248860440384
R-OSA-9675824.1|DNA replication Initiation	634	0.284079201563793
R-OSA-9675824.1|DNA replication Initiation	635	0.0909524671583262
R-OSA-9675824.1|DNA replication Initiation	636	0.00479472049625073
R-OSA-9675824.1|DNA replication Initiation	637	0.128524886746189
R-OSA-9675824.1|DNA replication Initiation	638	0.41920290976328
R-OSA-9675824.1|DNA replication Initiation	639	0.229313091790297
R-OSA-9675824.1|DNA replication Initiation	640	0.566472352817006
R-OSA-9675824.1|DNA replication Initiation	641	0.394687248468257
R-OSA-9675824.1|DNA replication Initiation	642	0.176551770781826
R-OSA-9675824.1|DNA replication Initiation	643	0.309102770999533
R-OSA-9675824.1|DNA replication Initiation	644	0.270209133753131
R-OSA-9675824.1|DNA replication Initiation	645	0.636510601243793
R-OSA-9675824.1|DNA replication Initiation	646	0.0410925070020286
R-OSA-9675824.1|DNA replication Initiation	647	0.208286291043615
R-OSA-9675824.1|DNA replication Initiation	648	0.389853422630183
R-OSA-9675824.1|DNA replication Initiation	649	0.0237969827888917
R-OSA-9675824.1|DNA replication Initiation	650	0.438351718404392
R-OSA-9675824.1|DNA replication Initiation	651	0.393036316999323
R-OSA-9675824.1|DNA replication Initiation	652	0.643878258894469
R-OSA-9675824.1|DNA replication Initiation	653	0.06219121725885
R-OSA-9675824.1|DNA replication Initiation	654	0.518852900611904
R-OSA-9675824.1|DNA replication Initiation	655	0.323372769340889
R-OSA-9675824.1|DNA replication Initiation	656	0.351401907768848
R-OSA-9675824.1|DNA replication Initiation	657	0.066626650988922
R-OSA-9675824.1|DNA replication Initiation	658	0.480475122979945
R-OSA-9675824.1|DNA replication Initiation	659	0.237531336128677
R-OSA-9675824.1|DNA replication Initiation	660	0.00933099089732656
R-OSA-9675824.1|DNA replication Initiation	661	0.267234311857711
R-OSA-9675824.1|DNA replication Initiation	662	0.117183075553626
R-OSA-9675824.1|DNA replication Initiation	663	0.554812624553213
R-OSA-9675824.1|DNA replication Initiation	664	0.0103891845811498
R-OSA-9675824.1|DNA replication Initiation	665	0.15309419215336
R-OSA-9675824.1|DNA replication Initiation	666	0.0248067304389193
R-OSA-9675824.1|DNA replication Initiation	667	0.0245352878887596
R-OSA-9675824.1|DNA replication Initiation	668	0.209773381139549
R-OSA-9675824.1|DNA replication Initiation	669	0.435485346197768
R-OSA-9675824.1|DNA replication Initiation	670	0.0383442794939598
R-OSA-9675824.1|DNA replication Initiation	671	0.17405436186714
R-OSA-9675824.1|DNA replication Initiation	672	0.281272255140803
R-OSA-9675824.1|DNA replication Initiation	673	0.550770916756179
R-OSA-9675824.1|DNA replication Initiation	674	0.140400752091174
R-OSA-9675824.1|DNA replication Initiation	675	0.538930655406723
R-OSA-9675824.1|DNA replication Initiation	676	0.158324944000971
R-OSA-9675824.1|DNA replication Initiation	677	0.50145479406937
R-OSA-9675824.1|DNA replication Initiation	678	0.417565384606008
R-OSA-9675824.1|DNA replication Initiation	679	0.41683131441723
R-OSA-9675824.1|DNA replication Initiation	680	0.231026840418632
R-OSA-9675824.1|DNA replication Initiation	681	0.67520223243779
R-OSA-9675824.1|DNA replication Initiation	682	0.256866552404053
R-OSA-9675824.1|DNA replication Initiation	683	0.194789600326873
R-OSA-9675824.1|DNA replication Initiation	684	0.370728219058616
R-OSA-9675824.1|DNA replication Initiation	685	0.748510866039967
R-OSA-9675824.1|DNA replication Initiation	686	0.108394469702808
R-OSA-9675824.1|DNA replication Initiation	687	0.165072516239526
R-OSA-9675824.1|DNA replication Initiation	688	0.119009826901512
R-OSA-9675824.1|DNA replication Initiation	689	0.346143525395602
R-OSA-9675824.1|DNA replication Initiation	690	0.0403776369658922
R-OSA-9675824.1|DNA replication Initiation	691	0.164062059268705
R-OSA-9675824.1|DNA replication Initiation	692	0.475662725941232
R-OSA-9675824.1|DNA replication Initiation	693	0.734993300836037
R-OSA-9675824.1|DNA replication Initiation	694	0.244918338179377
R-OSA-9675824.1|DNA replication Initiation	695	0.225303605236685
R-OSA-9675824.1|DNA replication Initiation	696	0.170465822569876
R-OSA-9675824.1|DNA replication Initiation	697	0.207018671112091
R-OSA-9675824.1|DNA replication Initiation	698	0.221246809175135
R-OSA-9675824.1|DNA replication Initiation	699	0.306336631824939
R-OSA-9675824.1|DNA replication Initiation	700	0.385863204458688
R-OSA-9675824.1|DNA replication Initiation	701	0.395525388258452
R-OSA-9675824.1|DNA replication Initiation	702	0.492845091592307
R-OSA-9675824.1|DNA replication Initiation	703	0.757572882432761
R-OSA-9675824.1|DNA replication Initiation	704	0.295254897216499
R-OSA-9675824.1|DNA replication Initiation	705	0.0959003162450232
R-OSA-9675824.1|DNA replication Initiation	706	0.00927114654916633
R-OSA-9675824.1|DNA replication Initiation	707	0.305181416611323
R-OSA-9675824.1|DNA replication Initiation	708	0.568793685102761
R-OSA-9675824.1|DNA replication Initiation	709	0.114768182307743
R-OSA-9675824.1|DNA replication Initiation	710	0.228774310524427
R-OSA-9675824.1|DNA replication Initiation	711	0.0964118208236515
R-OSA-9675824.1|DNA replication Initiation	712	0.421039692132191
R-OSA-9675824.1|DNA replication Initiation	713	0.580546763757253
R-OSA-9675824.1|DNA replication Initiation	714	0.030527841575648
R-OSA-9675824.1|DNA replication Initiation	715	0.241901032984488
R-OSA-9675824.1|DNA replication Initiation	716	0.313695834864602
R-OSA-9675824.1|DNA replication Initiation	717	0.186924025375139
R-OSA-9675824.1|DNA replication Initiation	718	0.776922218269578
R-OSA-9675824.1|DNA replication Initiation	719	0.0364480996109014
R-OSA-9675824.1|DNA replication Initiation	720	0.323664044139179
R-OSA-9675824.1|DNA replication Initiation	721	0.155432333458738
R-OSA-9675824.1|DNA replication Initiation	722	0.435336023854109
R-OSA-9675824.1|DNA replication Initiation	723	0.198692623063385
R-OSA-9675824.1|DNA replication Initiation	724	0.415728567359312
R-OSA-9675824.1|DNA replication Initiation	725	0.691181682131529
R-OSA-9675824.1|DNA replication Initiation	726	0.0349070260375503
R-OSA-9675824.1|DNA replication Initiation	727	0.476138492233451
R-OSA-9675824.1|DNA replication Initiation	728	0.847619364260454
R-OSA-9675824.1|DNA replication Initiation	729	0.421616184193002
R-OSA-9675824.1|DNA replication Initiation	730	0.0207964875461184
R-OSA-9675824.1|DNA replication Initiation	731	0.423079077386496
R-OSA-9675824.1|DNA replication Initiation	732	0.12538378498204
R-OSA-9675824.1|DNA replication Initiation	733	0.485801998759118
R-OSA-9675824.1|DNA replication Initiation	734	0.0470661675032038
R-OSA-9675824.1|DNA replication Initiation	735	0.099637124971329
R-OSA-9675824.1|DNA replication Initiation	736	0.298219378867172
R-OSA-9675824.1|DNA replication Initiation	737	0.292432119527071
R-OSA-9675824.1|DNA replication Initiation	738	0.218862211156446
R-OSA-9675824.1|DNA replication Initiation	739	0.224587050762021
R-OSA-9675824.1|DNA replication Initiation	740	0.11698942311671
R-OSA-9675824.1|DNA replication Initiation	741	0.33429171157776
R-OSA-9675824.1|DNA replication Initiation	742	0.239426044718914
R-OSA-9675824.1|DNA replication Initiation	743	0.0685767479389567
R-OSA-9675824.1|DNA replication Initiation	744	0.533679694790726
R-OSA-9675824.1|DNA replication Initiation	745	0.120865077930557
R-OSA-9675824.1|DNA replication Initiation	746	0.0204942226102305
R-OSA-9675824.1|DNA replication Initiation	747	0.308655202127506
R-OSA-9675824.1|DNA replication Initiation	748	0.255935661446854
R-OSA-9675824.1|DNA replication Initiation	749	0.124428524980921
R-OSA-9675824.1|DNA replication Initiation	750	0.731264131949244
R-OSA-9675824.1|DNA replication Initiation	751	0.660169781802917
R-OSA-9675824.1|DNA replication Initiation	752	0.227617119839553
R-OSA-9675824.1|DNA replication Initiation	753	0.0265564098653825
R-OSA-9675824.1|DNA replication Initiation	754	0.243387247205123
R-OSA-9675824.1|DNA replication Initiation	755	0.288162875344432
R-OSA-9675824.1|DNA replication Initiation	756	0.201027033135093
R-OSA-9675824.1|DNA replication Initiation	757	0.698005078725413
R-OSA-9675824.1|DNA replication Initiation	758	0.149096960751194
R-OSA-9675824.1|DNA replication Initiation	759	0.0345689308638917
R-OSA-9675824.1|DNA replication Initiation	760	0.452869959788607
R-OSA-9675824.1|DNA replication Initiation	761	0.296869330025188
R-OSA-9675824.1|DNA replication Initiation	762	0.0674002283340406
R-OSA-9675824.1|DNA replication Initiation	763	0.293326000933403
R-OSA-9675824.1|DNA replication Initiation	764	0.446147786355961
R-OSA-9675824.1|DNA replication Initiation	765	0.145518161712079
R-OSA-9675824.1|DNA replication Initiation	766	0.570533310858452
R-OSA-9675824.1|DNA replication Initiation	767	0.210876092408028
R-OSA-9675824.1|DNA replication Initiation	768	0.43915407838422
R-OSA-9675824.1|DNA replication Initiation	769	0.250725395879357
R-OSA-9675824.1|DNA replication Initiation	770	0.187156691797193
R-OSA-9675824.1|DNA replication Initiation	771	0.373701768572816
R-OSA-9675824.1|DNA replication Initiation	772	0.0489544616789672
R-OSA-9675824.1|DNA replication Initiation	773	0.0991553038947834
R-OSA-9675824.1|DNA replication Initiation	774	0.706595322134293
R-OSA-9675824.1|DNA replication Initiation	775	0.390707682164815
R-OSA-9675824.1|DNA replication Initiation	776	0.142795351057125
R-OSA-9675824.1|DNA replication Initiation	777	0.0566458914515057
R-OSA-9675824.1|DNA replication Initiation	778	0.0879585095344493
R-OSA-9675824.1|DNA replication Initiation	779	0.421371397009333
R-OSA-9675824.1|DNA replication Initiation	780	0.132814941346519
R-OSA-9675824.1|DNA replication Initiation	781	0.31865375751145
R-OSA-9675824.1|DNA replication Initiation	782	0.378909371696057
R-OSA-9675824.1|DNA replication Initiation	783	0.00347314478519657
R-OSA-9675824.1|DNA replication Initiation	784	0.729256043446961
R-OSA-9675824.1|DNA replication Initiation	785	0.235448037053044
R-OSA-9675824.1|DNA replication Initiation	786	0.0992722746906793
R-OSA-9675824.1|DNA replication Initiation	787	0.128281695238288
R-OSA-9675824.1|DNA replication Initiation	788	0.0671575579825356
R-OSA-9675824.1|DNA replication Initiation	789	0.609576842590115
R-OSA-9675824.1|DNA replication Initiation	790	0.383502790137078
R-OSA-9675824.1|DNA replication Initiation	791	0.0264244231883796
R-OSA-9675824.1|DNA replication Initiation	792	0.0656353641634997
R-OSA-9675824.1|DNA replication Initiation	793	0.210916947932249
R-OSA-9675824.1|DNA replication Initiation	794	0.462280054466848
R-OSA-9675824.1|DNA replication Initiation	795	0.0280586080825084
R-OSA-9675824.1|DNA replication Initiation	796	0.297189235568141
R-OSA-9675824.1|DNA replication Initiation	797	0.221490425422781
R-OSA-9675824.1|DNA replication Initiation	798	0.54545824369734
R-OSA-9675824.1|DNA replication Initiation	799	0.177168567842114
R-OSA-9675824.1|DNA replication Initiation	800	0.479717400749891
R-OSA-9675824.1|DNA replication Initiation	801	0.458956458233171
R-OSA-9675824.1|DNA replication Initiation	802	0.271641203408537
R-OSA-9675824.1|DNA replication Initiation	803	0.150228567341559
R-OSA-9675824.1|DNA replication Initiation	804	0.377184892863817
R-OSA-9675824.1|DNA replication Initiation	805	0.68888304910176
R-OSA-9675824.1|DNA replication Initiation	806	0.361294950553105
R-OSA-9675824.1|DNA replication Initiation	807	0.356441726123304
R-OSA-9675824.1|DNA replication Initiation	808	0.939004365958366
R-OSA-9675824.1|DNA replication Initiation	809	0.10877325681423
R-OSA-9675824.1|DNA replication Initiation	810	0.727098858380333
R-OSA-9675824.1|DNA replication Initiation	811	0.470533447297717
R-OSA-9675824.1|DNA replication Initiation	812	0.234414639084048
R-OSA-9675824.1|DNA replication Initiation	813	0.266988619587083
R-OSA-9675824.1|DNA replication Initiation	814	0.290325342651218
R-OSA-9675824.1|DNA replication Initiation	815	0.240770501081283
R-OSA-9675824.1|DNA replication Initiation	816	0.510075995887238
R-OSA-9675824.1|DNA replication Initiation	817	0.355781611788872
R-OSA-9675824.1|DNA replication Initiation	818	0.0146544865591491
R-OSA-9675824.1|DNA replication Initiation	819	0.041144001932572
R-OSA-9675824.1|DNA replication Initiation	820	0.0755140278807244
R-OSA-9675824.1|DNA replication Initiation	821	0.430514036274105
R-OSA-9675824.1|DNA replication Initiation	822	0.096961237073276
R-OSA-9675824.1|DNA replication Initiation	823	0.195843723183691
R-OSA-9675824.1|DNA replication Initiation	824	0.454999740200226
R-OSA-9675824.1|DNA replication Initiation	825	0.905153554674673
R-OSA-9675824.1|DNA replication Initiation	826	0.537693542506489
R-OSA-9675824.1|DNA replication Initiation	827	0.19192351043617
R-OSA-9675824.1|DNA replication Initiation	828	0.141900648067822
R-OSA-9675824.1|DNA replication Initiation	829	0.0308091038986756
R-OSA-9675824.1|DNA replication Initiation	830	0.242797688447076
R-OSA-9675824.1|DNA replication Initiation	831	0.472012911157778
R-OSA-9675824.1|DNA replication Initiation	832	0.0393836445493571
R-OSA-9675824.1|DNA replication Initiation	833	0.225785119113831
R-OSA-9675824.1|DNA replication Initiation	834	0.163317728530859
R-OSA-9675824.1|DNA replication Initiation	835	0.688506428880626
R-OSA-9675824.1|DNA replication Initiation	836	0.073979873503898
R-OSA-9675824.1|DNA replication Initiation	837	0.496424398088768
R-OSA-9675824.1|DNA replication Initiation	838	0.199542861909238
R-OSA-9675824.1|DNA replication Initiation	839	0.169831088232875
R-OSA-9675824.1|DNA replication Initiation	840	0.13606587740752
R-OSA-9675824.1|DNA replication Initiation	841	0.327191866463975
R-OSA-9675824.1|DNA replication Initiation	842	0.173238468526958
R-OSA-9675824.1|DNA replication Initiation	843	0.390875903623826
R-OSA-9675824.1|DNA replication Initiation	844	0.424555335884642
R-OSA-9675824.1|DNA replication Initiation	845	0.35370615690623
R-OSA-9675824.1|DNA replication Initiation	846	0.171495807822065
R-OSA-9675824.1|DNA replication Initiation	847	0.253572523804827
R-OSA-9675824.1|DNA replication Initiation	848	0.18844867860642
R-OSA-9675824.1|DNA replication Initiation	849	0.55134840886164
R-OSA-9675824.1|DNA replication Initiation	850	0.445562393137332
R-OSA-9675824.1|DNA replication Initiation	851	0.236576820024409
R-OSA-9675824.1|DNA replication Initiation	852	0.151255195284519
R-OSA-9675824.1|DNA replication Initiation	853	0.149244010351991
R-OSA-9675824.1|DNA replication Initiation	854	0.477148571249001
R-OSA-9675824.1|DNA replication Initiation	855	0.199897967065821
R-OSA-9675824.1|DNA replication Initiation	856	0.0522883321759954
R-OSA-9675824.1|DNA replication Initiation	857	0.0820725332269278
R-OSA-9675824.1|DNA replication Initiation	858	0.322931240476903
R-OSA-9675824.1|DNA replication Initiation	859	0.0320198148959337
R-OSA-9675824.1|DNA replication Initiation	860	0.39114082198658
R-OSA-9675824.1|DNA replication Initiation	861	0.070556647289032
R-OSA-9675824.1|DNA replication Initiation	862	0.420940206498913
R-OSA-9675824.1|DNA replication Initiation	863	0.177520497791423
R-OSA-9675824.1|DNA replication Initiation	864	0.468943101130952
R-OSA-9675824.1|DNA replication Initiation	865	0.395843322213059
R-OSA-9675824.1|DNA replication Initiation	866	0.127048822305282
R-OSA-9675824.1|DNA replication Initiation	867	0.354647167971246
R-OSA-9675824.1|DNA replication Initiation	868	0.400128822810897
R-OSA-9675824.1|DNA replication Initiation	869	0.282252204634939
R-OSA-9675824.1|DNA replication Initiation	870	0.286718324052291
R-OSA-9675824.1|DNA replication Initiation	871	0.361715153496717
R-OSA-9675824.1|DNA replication Initiation	872	0.311388058700508
R-OSA-9675824.1|DNA replication Initiation	873	0.214067240319974
R-OSA-9675824.1|DNA replication Initiation	874	0.0362084639066954
R-OSA-9675824.1|DNA replication Initiation	875	0.201354311608336
R-OSA-9675824.1|DNA replication Initiation	876	0.867196747421014
R-OSA-9675824.1|DNA replication Initiation	877	0.114827184880253
R-OSA-9675824.1|DNA replication Initiation	878	0.27420229257592
R-OSA-9675824.1|DNA replication Initiation	879	0.2586812068123
R-OSA-9675824.1|DNA replication Initiation	880	0.404426944513815
R-OSA-9675824.1|DNA replication Initiation	881	0.517055304476495
R-OSA-9675824.1|DNA replication Initiation	882	0.316729933845293
R-OSA-9675824.1|DNA replication Initiation	883	0.354058929059419
R-OSA-9675824.1|DNA replication Initiation	884	0.00627027364907925
R-OSA-9675824.1|DNA replication Initiation	885	0.225040276936098
R-OSA-9675824.1|DNA replication Initiation	886	0.0365477791760423
R-OSA-9675824.1|DNA replication Initiation	887	0.20727845285231
R-OSA-9675824.1|DNA replication Initiation	888	0.192877249257272
R-OSA-9675824.1|DNA replication Initiation	889	0.382206625567414
R-OSA-9675824.1|DNA replication Initiation	890	0.194959335632614
R-OSA-9675824.1|DNA replication Initiation	891	0.418581733713359
R-OSA-9675824.1|DNA replication Initiation	892	0.526761176759827
R-OSA-9675824.1|DNA replication Initiation	893	0.0821250564885903
R-OSA-9675824.1|DNA replication Initiation	894	0.526022284435388
R-OSA-9675824.1|DNA replication Initiation	895	0.229286134140885
R-OSA-9675824.1|DNA replication Initiation	896	0.00383913607455112
R-OSA-9675824.1|DNA replication Initiation	897	0.0892851890762531
R-OSA-9675824.1|DNA replication Initiation	898	0.181848346105488
R-OSA-9675824.1|DNA replication Initiation	899	0.193044531347194
R-OSA-9675824.1|DNA replication Initiation	900	0.128496845884978
R-OSA-9675824.1|DNA replication Initiation	901	0.45644205810227
R-OSA-9675824.1|DNA replication Initiation	902	0.185467264129222
R-OSA-9675824.1|DNA replication Initiation	903	0.256368285703897
R-OSA-9675824.1|DNA replication Initiation	904	0.861463089114919
R-OSA-9675824.1|DNA replication Initiation	905	0.283701698514601
R-OSA-9675824.1|DNA replication Initiation	906	0.70239784259841
R-OSA-9675824.1|DNA replication Initiation	907	0.0437602908971371
R-OSA-9675824.1|DNA replication Initiation	908	0.135424603278143
R-OSA-9675824.1|DNA replication Initiation	909	0.276490455123144
R-OSA-9675824.1|DNA replication Initiation	910	0.0797444135486278
R-OSA-9675824.1|DNA replication Initiation	911	0.227533034858534
R-OSA-9675824.1|DNA replication Initiation	912	0.59867523312867
R-OSA-9675824.1|DNA replication Initiation	913	0.319084092501373
R-OSA-9675824.1|DNA replication Initiation	914	0.354465352634468
R-OSA-9675824.1|DNA replication Initiation	915	0.32149170754363
R-OSA-9675824.1|DNA replication Initiation	916	0.0138232018601112
R-OSA-9675824.1|DNA replication Initiation	917	0.0981181243851301
R-OSA-9675824.1|DNA replication Initiation	918	0.210472596579192
R-OSA-9675824.1|DNA replication Initiation	919	0.525788066263051
R-OSA-9675824.1|DNA replication Initiation	920	0.563946321912222
R-OSA-9675824.1|DNA replication Initiation	921	0.125525174661983
R-OSA-9675824.1|DNA replication Initiation	922	0.395943146766906
R-OSA-9675824.1|DNA replication Initiation	923	0.383929271150127
R-OSA-9675824.1|DNA replication Initiation	924	0.293447006032174
R-OSA-9675824.1|DNA replication Initiation	925	0.10520799899406
R-OSA-9675824.1|DNA replication Initiation	926	0.0339578941235303
R-OSA-9675824.1|DNA replication Initiation	927	0.146448202730101
R-OSA-9675824.1|DNA replication Initiation	928	0.0579978781778103
R-OSA-9675824.1|DNA replication Initiation	929	0.444628343509853
R-OSA-9675824.1|DNA replication Initiation	930	0.268157872021119
R-OSA-9675824.1|DNA replication Initiation	931	0.0169624807389368
R-OSA-9675824.1|DNA replication Initiation	932	0.363540860946791
R-OSA-9675824.1|DNA replication Initiation	933	0.440738247596804
R-OSA-9675824.1|DNA replication Initiation	934	0.259591702375143
R-OSA-9675824.1|DNA replication Initiation	935	0.140217311956832
R-OSA-9675824.1|DNA replication Initiation	936	0.0351531841408542
R-OSA-9675824.1|DNA replication Initiation	937	0.54872072530534
R-OSA-9675824.1|DNA replication Initiation	938	0.173053012000915
R-OSA-9675824.1|DNA replication Initiation	939	0.0727694692756141
R-OSA-9675824.1|DNA replication Initiation	940	0.07068607392483
R-OSA-9675824.1|DNA replication Initiation	941	0.100613615680178
R-OSA-9675824.1|DNA replication Initiation	942	0.48838489891029
R-OSA-9675824.1|DNA replication Initiation	943	0.367976910885188
R-OSA-9675824.1|DNA replication Initiation	944	0.580475241875229
R-OSA-9675824.1|DNA replication Initiation	945	0.479183589593027
R-OSA-9675824.1|DNA replication Initiation	946	0.0726722520457664
R-OSA-9675824.1|DNA replication Initiation	947	0.305422452190668
R-OSA-9675824.1|DNA replication Initiation	948	0.730244204990046
R-OSA-9675824.1|DNA replication Initiation	949	0.46563197710465
R-OSA-9675824.1|DNA replication Initiation	950	0.483435691930094
R-OSA-9675824.1|DNA replication Initiation	951	0.298935292390443
R-OSA-9675824.1|DNA replication Initiation	952	0.634229260558499
R-OSA-9675824.1|DNA replication Initiation	953	0.0957101700830842
R-OSA-9675824.1|DNA replication Initiation	954	0.0354640259839059
R-OSA-9675824.1|DNA replication Initiation	955	0.0888388524987473
R-OSA-9675824.1|DNA replication Initiation	956	0.18963518760368
R-OSA-9675824.1|DNA replication Initiation	957	0.040120533247938
R-OSA-9675824.1|DNA replication Initiation	958	0.498483566770174
R-OSA-9675824.1|DNA replication Initiation	959	0.480546110643575
R-OSA-9675824.1|DNA replication Initiation	960	0.394391116059991
R-OSA-9675824.1|DNA replication Initiation	961	0.188182036218647
R-OSA-9675824.1|DNA replication Initiation	962	0.310157932346139
R-OSA-9675824.1|DNA replication Initiation	963	0.106672621490224
R-OSA-9675824.1|DNA replication Initiation	964	0.30976165563906
R-OSA-9675824.1|DNA replication Initiation	965	0.571223844174273
R-OSA-9675824.1|DNA replication Initiation	966	0.301311345720201
R-OSA-9675824.1|DNA replication Initiation	967	1.00118331179969
R-OSA-9675824.1|DNA replication Initiation	968	0.335765987507629
R-OSA-9675824.1|DNA replication Initiation	969	0.0580954873000711
R-OSA-9675824.1|DNA replication Initiation	970	0.0345658933352302
R-OSA-9675824.1|DNA replication Initiation	971	0.437846405148919
R-OSA-9675824.1|DNA replication Initiation	972	0.176147501058579
R-OSA-9675824.1|DNA replication Initiation	973	0.0791271876077907
R-OSA-9675824.1|DNA replication Initiation	974	0.249196198474706
R-OSA-9675824.1|DNA replication Initiation	975	0.963269839339623
R-OSA-9675824.1|DNA replication Initiation	976	0.0902945282650701
R-OSA-9675824.1|DNA replication Initiation	977	0.7182286014276
R-OSA-9675824.1|DNA replication Initiation	978	0.13658713762359
R-OSA-9675824.1|DNA replication Initiation	979	0.473623462171689
R-OSA-9675824.1|DNA replication Initiation	980	0.63990567482168
R-OSA-9675824.1|DNA replication Initiation	981	0.322747704018912
R-OSA-9675824.1|DNA replication Initiation	982	0.226942943776611
R-OSA-9675824.1|DNA replication Initiation	983	0.620632224897579
R-OSA-9675824.1|DNA replication Initiation	984	0.625183913764976
R-OSA-9675824.1|DNA replication Initiation	985	0.044575866325314
R-OSA-9675824.1|DNA replication Initiation	986	0.109122620993134
R-OSA-9675824.1|DNA replication Initiation	987	0.19246933741693
R-OSA-9675824.1|DNA replication Initiation	988	0.0217548629411601
R-OSA-9675824.1|DNA replication Initiation	989	0.504694022870191
R-OSA-9675824.1|DNA replication Initiation	990	0.13039907826762
R-OSA-9675824.1|DNA replication Initiation	991	0.181314222096035
R-OSA-9675824.1|DNA replication Initiation	992	0.178361408051718
R-OSA-9675824.1|DNA replication Initiation	993	0.146365811903802
R-OSA-9675824.1|DNA replication Initiation	994	0.0569275447677037
R-OSA-9675824.1|DNA replication Initiation	995	0.384587162580143
R-OSA-9675824.1|DNA replication Initiation	996	0.378854763777435
R-OSA-9675824.1|DNA replication Initiation	997	0.0569880543241568
R-OSA-9675824.1|DNA replication Initiation	998	0.0630794432614282
R-OSA-9675824.1|DNA replication Initiation	999	0.597676828255421
R-OSA-9675824.1|DNA replication Initiation	1000	0.185635593059837
R-OSA-6787011.1|Jasmonic acid signaling	1	0.543758785645616
R-OSA-6787011.1|Jasmonic acid signaling	2	0.227436900936757
R-OSA-6787011.1|Jasmonic acid signaling	3	0.152118560122453
R-OSA-6787011.1|Jasmonic acid signaling	4	0.414958102382392
R-OSA-6787011.1|Jasmonic acid signaling	5	0.0316769927674068
R-OSA-6787011.1|Jasmonic acid signaling	6	0.217310769425065
R-OSA-6787011.1|Jasmonic acid signaling	7	1.29021378464233
R-OSA-6787011.1|Jasmonic acid signaling	8	0.438057939200978
R-OSA-6787011.1|Jasmonic acid signaling	9	0.0675043236575304
R-OSA-6787011.1|Jasmonic acid signaling	10	0.165386285790633
R-OSA-6787011.1|Jasmonic acid signaling	11	0.104722796548472
R-OSA-6787011.1|Jasmonic acid signaling	12	0.362589016717469
R-OSA-6787011.1|Jasmonic acid signaling	13	0.84392325885708
R-OSA-6787011.1|Jasmonic acid signaling	14	0.287270046801021
R-OSA-6787011.1|Jasmonic acid signaling	15	0.172360305466852
R-OSA-6787011.1|Jasmonic acid signaling	16	0.0738051093106317
R-OSA-6787011.1|Jasmonic acid signaling	17	0.150102674135572
R-OSA-6787011.1|Jasmonic acid signaling	18	0.190290728994589
R-OSA-6787011.1|Jasmonic acid signaling	19	0.468356560173507
R-OSA-6787011.1|Jasmonic acid signaling	20	1.24858835523049
R-OSA-6787011.1|Jasmonic acid signaling	21	0.116117603828184
R-OSA-6787011.1|Jasmonic acid signaling	22	0.248179574060884
R-OSA-6787011.1|Jasmonic acid signaling	23	0.181589033868303
R-OSA-6787011.1|Jasmonic acid signaling	24	0.411077239244614
R-OSA-6787011.1|Jasmonic acid signaling	25	0.278981056122722
R-OSA-6787011.1|Jasmonic acid signaling	26	0.330062356338768
R-OSA-6787011.1|Jasmonic acid signaling	27	0.185100798209443
R-OSA-6787011.1|Jasmonic acid signaling	28	0.182913415888409
R-OSA-6787011.1|Jasmonic acid signaling	29	0.044421855798334
R-OSA-6787011.1|Jasmonic acid signaling	30	0.46471076227647
R-OSA-6787011.1|Jasmonic acid signaling	31	0.0550481471425962
R-OSA-6787011.1|Jasmonic acid signaling	32	0.170548379211798
R-OSA-6787011.1|Jasmonic acid signaling	33	0.358400984593962
R-OSA-6787011.1|Jasmonic acid signaling	34	0.318092729300794
R-OSA-6787011.1|Jasmonic acid signaling	35	0.260058324624232
R-OSA-6787011.1|Jasmonic acid signaling	36	0.40448167107693
R-OSA-6787011.1|Jasmonic acid signaling	37	0.123588256341787
R-OSA-6787011.1|Jasmonic acid signaling	38	0.0255026924699172
R-OSA-6787011.1|Jasmonic acid signaling	39	0.23187131649846
R-OSA-6787011.1|Jasmonic acid signaling	40	0.674709786691021
R-OSA-6787011.1|Jasmonic acid signaling	41	0.119597694552507
R-OSA-6787011.1|Jasmonic acid signaling	42	0.26828951910945
R-OSA-6787011.1|Jasmonic acid signaling	43	0.167879327214018
R-OSA-6787011.1|Jasmonic acid signaling	44	0.230479462784003
R-OSA-6787011.1|Jasmonic acid signaling	45	0.0209236296109155
R-OSA-6787011.1|Jasmonic acid signaling	46	0.0330337706456009
R-OSA-6787011.1|Jasmonic acid signaling	47	0.453893922756571
R-OSA-6787011.1|Jasmonic acid signaling	48	0.748794604544024
R-OSA-6787011.1|Jasmonic acid signaling	49	0.234910172283376
R-OSA-6787011.1|Jasmonic acid signaling	50	0.448453136387904
R-OSA-6787011.1|Jasmonic acid signaling	51	0.56313185560836
R-OSA-6787011.1|Jasmonic acid signaling	52	0.53812264917231
R-OSA-6787011.1|Jasmonic acid signaling	53	0.294935474641929
R-OSA-6787011.1|Jasmonic acid signaling	54	0.513195440022239
R-OSA-6787011.1|Jasmonic acid signaling	55	0.0113694542777377
R-OSA-6787011.1|Jasmonic acid signaling	56	0.232549411479161
R-OSA-6787011.1|Jasmonic acid signaling	57	0.522706387916897
R-OSA-6787011.1|Jasmonic acid signaling	58	0.52049173331916
R-OSA-6787011.1|Jasmonic acid signaling	59	0.375432969278357
R-OSA-6787011.1|Jasmonic acid signaling	60	0.265258758341157
R-OSA-6787011.1|Jasmonic acid signaling	61	0.36957480279894
R-OSA-6787011.1|Jasmonic acid signaling	62	0.316522858307339
R-OSA-6787011.1|Jasmonic acid signaling	63	0.635327506730372
R-OSA-6787011.1|Jasmonic acid signaling	64	0.557959300692022
R-OSA-6787011.1|Jasmonic acid signaling	65	0.33764096076341
R-OSA-6787011.1|Jasmonic acid signaling	66	0.227602121086857
R-OSA-6787011.1|Jasmonic acid signaling	67	0.40515615059023
R-OSA-6787011.1|Jasmonic acid signaling	68	0.306033228973478
R-OSA-6787011.1|Jasmonic acid signaling	69	0.47049450412061
R-OSA-6787011.1|Jasmonic acid signaling	70	0.227500982408531
R-OSA-6787011.1|Jasmonic acid signaling	71	0.0617251013630748
R-OSA-6787011.1|Jasmonic acid signaling	72	0.750953503462534
R-OSA-6787011.1|Jasmonic acid signaling	73	0.824842569522825
R-OSA-6787011.1|Jasmonic acid signaling	74	0.36436503681165
R-OSA-6787011.1|Jasmonic acid signaling	75	0.0565554613220795
R-OSA-6787011.1|Jasmonic acid signaling	76	0.295426730617029
R-OSA-6787011.1|Jasmonic acid signaling	77	0.341719780850884
R-OSA-6787011.1|Jasmonic acid signaling	78	0.0335782844902219
R-OSA-6787011.1|Jasmonic acid signaling	79	0.029763500403586
R-OSA-6787011.1|Jasmonic acid signaling	80	0.0582307829734642
R-OSA-6787011.1|Jasmonic acid signaling	81	0.617686050119671
R-OSA-6787011.1|Jasmonic acid signaling	82	0.21531379119825
R-OSA-6787011.1|Jasmonic acid signaling	83	0.372858648451256
R-OSA-6787011.1|Jasmonic acid signaling	84	0.473235531774485
R-OSA-6787011.1|Jasmonic acid signaling	85	0.785875973060301
R-OSA-6787011.1|Jasmonic acid signaling	86	0.370183178354967
R-OSA-6787011.1|Jasmonic acid signaling	87	0.525505146712704
R-OSA-6787011.1|Jasmonic acid signaling	88	0.384967672546137
R-OSA-6787011.1|Jasmonic acid signaling	89	0.0582738416466952
R-OSA-6787011.1|Jasmonic acid signaling	90	0.872282220879326
R-OSA-6787011.1|Jasmonic acid signaling	91	0.434108942726316
R-OSA-6787011.1|Jasmonic acid signaling	92	0.314438774730524
R-OSA-6787011.1|Jasmonic acid signaling	93	0.213418983764682
R-OSA-6787011.1|Jasmonic acid signaling	94	0.426995424858812
R-OSA-6787011.1|Jasmonic acid signaling	95	0.0539953304785064
R-OSA-6787011.1|Jasmonic acid signaling	96	0.280794398056329
R-OSA-6787011.1|Jasmonic acid signaling	97	0.257992987596398
R-OSA-6787011.1|Jasmonic acid signaling	98	0.14093211048909
R-OSA-6787011.1|Jasmonic acid signaling	99	0.96981403705229
R-OSA-6787011.1|Jasmonic acid signaling	100	0.085800162456635
R-OSA-6787011.1|Jasmonic acid signaling	101	0.648513813109899
R-OSA-6787011.1|Jasmonic acid signaling	102	0.613125529461743
R-OSA-6787011.1|Jasmonic acid signaling	103	0.144415732610321
R-OSA-6787011.1|Jasmonic acid signaling	104	0.494809266010286
R-OSA-6787011.1|Jasmonic acid signaling	105	0.616983302032027
R-OSA-6787011.1|Jasmonic acid signaling	106	0.151859455618521
R-OSA-6787011.1|Jasmonic acid signaling	107	0.161588387504379
R-OSA-6787011.1|Jasmonic acid signaling	108	0.160744895985875
R-OSA-6787011.1|Jasmonic acid signaling	109	0.293545761007868
R-OSA-6787011.1|Jasmonic acid signaling	110	0.205835456881925
R-OSA-6787011.1|Jasmonic acid signaling	111	0.078035707859204
R-OSA-6787011.1|Jasmonic acid signaling	112	0.0965241420240015
R-OSA-6787011.1|Jasmonic acid signaling	113	0.36064182531743
R-OSA-6787011.1|Jasmonic acid signaling	114	1.11791898884981
R-OSA-6787011.1|Jasmonic acid signaling	115	0.10810754966692
R-OSA-6787011.1|Jasmonic acid signaling	116	0.0857407418539245
R-OSA-6787011.1|Jasmonic acid signaling	117	0.106852379438391
R-OSA-6787011.1|Jasmonic acid signaling	118	0.285879737233962
R-OSA-6787011.1|Jasmonic acid signaling	119	0.00385000311714355
R-OSA-6787011.1|Jasmonic acid signaling	120	0.814279720273572
R-OSA-6787011.1|Jasmonic acid signaling	121	1.00660670148184
R-OSA-6787011.1|Jasmonic acid signaling	122	0.0213349976908631
R-OSA-6787011.1|Jasmonic acid signaling	123	0.275251624896462
R-OSA-6787011.1|Jasmonic acid signaling	124	0.673248652551258
R-OSA-6787011.1|Jasmonic acid signaling	125	0.236611043698767
R-OSA-6787011.1|Jasmonic acid signaling	126	0.0443018113796193
R-OSA-6787011.1|Jasmonic acid signaling	127	0.0107481470638835
R-OSA-6787011.1|Jasmonic acid signaling	128	0.252943156774471
R-OSA-6787011.1|Jasmonic acid signaling	129	0.830164223772081
R-OSA-6787011.1|Jasmonic acid signaling	130	0.111856645264354
R-OSA-6787011.1|Jasmonic acid signaling	131	0.640901914134709
R-OSA-6787011.1|Jasmonic acid signaling	132	0.666362925188174
R-OSA-6787011.1|Jasmonic acid signaling	133	0.157705766322348
R-OSA-6787011.1|Jasmonic acid signaling	134	0.910664062865928
R-OSA-6787011.1|Jasmonic acid signaling	135	0.447177342614512
R-OSA-6787011.1|Jasmonic acid signaling	136	0.38324393923628
R-OSA-6787011.1|Jasmonic acid signaling	137	0.618811917912811
R-OSA-6787011.1|Jasmonic acid signaling	138	0.582394320043775
R-OSA-6787011.1|Jasmonic acid signaling	139	0.500842792794138
R-OSA-6787011.1|Jasmonic acid signaling	140	0.466851977564467
R-OSA-6787011.1|Jasmonic acid signaling	141	0.748212962833968
R-OSA-6787011.1|Jasmonic acid signaling	142	0.29205914125361
R-OSA-6787011.1|Jasmonic acid signaling	143	0.609058033902122
R-OSA-6787011.1|Jasmonic acid signaling	144	0.165403433146208
R-OSA-6787011.1|Jasmonic acid signaling	145	0.220431417905035
R-OSA-6787011.1|Jasmonic acid signaling	146	0.0428539996532078
R-OSA-6787011.1|Jasmonic acid signaling	147	1.10833615688315
R-OSA-6787011.1|Jasmonic acid signaling	148	0.821654984414759
R-OSA-6787011.1|Jasmonic acid signaling	149	0.0816200765304407
R-OSA-6787011.1|Jasmonic acid signaling	150	1.09896304886931
R-OSA-6787011.1|Jasmonic acid signaling	151	0.0845379461322768
R-OSA-6787011.1|Jasmonic acid signaling	152	0.0249761877282768
R-OSA-6787011.1|Jasmonic acid signaling	153	0.288874131915459
R-OSA-6787011.1|Jasmonic acid signaling	154	0.304050942842701
R-OSA-6787011.1|Jasmonic acid signaling	155	0.144628364586443
R-OSA-6787011.1|Jasmonic acid signaling	156	0.127372348437545
R-OSA-6787011.1|Jasmonic acid signaling	157	0.0161875065375715
R-OSA-6787011.1|Jasmonic acid signaling	158	0.0387178912944989
R-OSA-6787011.1|Jasmonic acid signaling	159	0.280613994047998
R-OSA-6787011.1|Jasmonic acid signaling	160	0.0909893219279917
R-OSA-6787011.1|Jasmonic acid signaling	161	0.747039840400917
R-OSA-6787011.1|Jasmonic acid signaling	162	0.480652424158131
R-OSA-6787011.1|Jasmonic acid signaling	163	0.227645423339821
R-OSA-6787011.1|Jasmonic acid signaling	164	0.625720727696696
R-OSA-6787011.1|Jasmonic acid signaling	165	0.562616245229096
R-OSA-6787011.1|Jasmonic acid signaling	166	0.538221831261324
R-OSA-6787011.1|Jasmonic acid signaling	167	0.387279234372118
R-OSA-6787011.1|Jasmonic acid signaling	168	0.332539237220655
R-OSA-6787011.1|Jasmonic acid signaling	169	0.576803311958722
R-OSA-6787011.1|Jasmonic acid signaling	170	0.610534104668007
R-OSA-6787011.1|Jasmonic acid signaling	171	0.733199066644067
R-OSA-6787011.1|Jasmonic acid signaling	172	0.0116296377563975
R-OSA-6787011.1|Jasmonic acid signaling	173	0.363246064192149
R-OSA-6787011.1|Jasmonic acid signaling	174	0.615586302497395
R-OSA-6787011.1|Jasmonic acid signaling	175	0.286177055137261
R-OSA-6787011.1|Jasmonic acid signaling	176	0.417026909885919
R-OSA-6787011.1|Jasmonic acid signaling	177	0.646401129833824
R-OSA-6787011.1|Jasmonic acid signaling	178	0.355827942955835
R-OSA-6787011.1|Jasmonic acid signaling	179	0.536959411148196
R-OSA-6787011.1|Jasmonic acid signaling	180	0.480049562981813
R-OSA-6787011.1|Jasmonic acid signaling	181	0.370380866697858
R-OSA-6787011.1|Jasmonic acid signaling	182	0.140785928209343
R-OSA-6787011.1|Jasmonic acid signaling	183	0.042550076578543
R-OSA-6787011.1|Jasmonic acid signaling	184	0.0863326261385209
R-OSA-6787011.1|Jasmonic acid signaling	185	0.132258608909467
R-OSA-6787011.1|Jasmonic acid signaling	186	0.5138266170366
R-OSA-6787011.1|Jasmonic acid signaling	187	0.657535572793996
R-OSA-6787011.1|Jasmonic acid signaling	188	0.261741291223564
R-OSA-6787011.1|Jasmonic acid signaling	189	0.333343211947615
R-OSA-6787011.1|Jasmonic acid signaling	190	0.0774278731473713
R-OSA-6787011.1|Jasmonic acid signaling	191	0.0228830105295611
R-OSA-6787011.1|Jasmonic acid signaling	192	0.102920978179492
R-OSA-6787011.1|Jasmonic acid signaling	193	0.574286020208808
R-OSA-6787011.1|Jasmonic acid signaling	194	0.0560800019434559
R-OSA-6787011.1|Jasmonic acid signaling	195	0.234297937455446
R-OSA-6787011.1|Jasmonic acid signaling	196	0.0508911963815863
R-OSA-6787011.1|Jasmonic acid signaling	197	0.139752409715344
R-OSA-6787011.1|Jasmonic acid signaling	198	0.219276969301573
R-OSA-6787011.1|Jasmonic acid signaling	199	0.245628858311793
R-OSA-6787011.1|Jasmonic acid signaling	200	0.292536283315813
R-OSA-6787011.1|Jasmonic acid signaling	201	0.42508158386363
R-OSA-6787011.1|Jasmonic acid signaling	202	0.0211555460787691
R-OSA-6787011.1|Jasmonic acid signaling	203	0.133982494049477
R-OSA-6787011.1|Jasmonic acid signaling	204	0.229158956002841
R-OSA-6787011.1|Jasmonic acid signaling	205	0.677929261233968
R-OSA-6787011.1|Jasmonic acid signaling	206	0.596209248902621
R-OSA-6787011.1|Jasmonic acid signaling	207	0.309738990586864
R-OSA-6787011.1|Jasmonic acid signaling	208	0.303965976375001
R-OSA-6787011.1|Jasmonic acid signaling	209	1.02364580534523
R-OSA-6787011.1|Jasmonic acid signaling	210	0.0625510897191058
R-OSA-6787011.1|Jasmonic acid signaling	211	0.689453126197873
R-OSA-6787011.1|Jasmonic acid signaling	212	0.334745194581335
R-OSA-6787011.1|Jasmonic acid signaling	213	0.389320272087925
R-OSA-6787011.1|Jasmonic acid signaling	214	0.171368125055018
R-OSA-6787011.1|Jasmonic acid signaling	215	0.264791874752278
R-OSA-6787011.1|Jasmonic acid signaling	216	0.0803120340008491
R-OSA-6787011.1|Jasmonic acid signaling	217	0.499181857861843
R-OSA-6787011.1|Jasmonic acid signaling	218	0.313982309630651
R-OSA-6787011.1|Jasmonic acid signaling	219	0.19232847870325
R-OSA-6787011.1|Jasmonic acid signaling	220	0.241745056717359
R-OSA-6787011.1|Jasmonic acid signaling	221	0.382357033116037
R-OSA-6787011.1|Jasmonic acid signaling	222	0.337980546612365
R-OSA-6787011.1|Jasmonic acid signaling	223	1.02244191834675
R-OSA-6787011.1|Jasmonic acid signaling	224	0.266013704413717
R-OSA-6787011.1|Jasmonic acid signaling	225	0.429559563402234
R-OSA-6787011.1|Jasmonic acid signaling	226	0.0513185389866233
R-OSA-6787011.1|Jasmonic acid signaling	227	0.102193571257608
R-OSA-6787011.1|Jasmonic acid signaling	228	0.604952049413974
R-OSA-6787011.1|Jasmonic acid signaling	229	0.592307828088178
R-OSA-6787011.1|Jasmonic acid signaling	230	0.312630186550693
R-OSA-6787011.1|Jasmonic acid signaling	231	0.255978226331745
R-OSA-6787011.1|Jasmonic acid signaling	232	0.555351081356395
R-OSA-6787011.1|Jasmonic acid signaling	233	0.354573728661319
R-OSA-6787011.1|Jasmonic acid signaling	234	0.216119003135071
R-OSA-6787011.1|Jasmonic acid signaling	235	0.179719119552003
R-OSA-6787011.1|Jasmonic acid signaling	236	0.180681238334498
R-OSA-6787011.1|Jasmonic acid signaling	237	0.0898251134918268
R-OSA-6787011.1|Jasmonic acid signaling	238	0.115229027229535
R-OSA-6787011.1|Jasmonic acid signaling	239	0.167583704406116
R-OSA-6787011.1|Jasmonic acid signaling	240	0.423394193498246
R-OSA-6787011.1|Jasmonic acid signaling	241	0.50080643405433
R-OSA-6787011.1|Jasmonic acid signaling	242	0.451755338029978
R-OSA-6787011.1|Jasmonic acid signaling	243	0.0354329715154207
R-OSA-6787011.1|Jasmonic acid signaling	244	0.263889620493368
R-OSA-6787011.1|Jasmonic acid signaling	245	0.1719975932465
R-OSA-6787011.1|Jasmonic acid signaling	246	0.160409719029927
R-OSA-6787011.1|Jasmonic acid signaling	247	0.282365422422489
R-OSA-6787011.1|Jasmonic acid signaling	248	0.629514529928112
R-OSA-6787011.1|Jasmonic acid signaling	249	0.24430254606829
R-OSA-6787011.1|Jasmonic acid signaling	250	0.550831306962605
R-OSA-6787011.1|Jasmonic acid signaling	251	0.589803786765315
R-OSA-6787011.1|Jasmonic acid signaling	252	0.337249960905323
R-OSA-6787011.1|Jasmonic acid signaling	253	0.0394328125250197
R-OSA-6787011.1|Jasmonic acid signaling	254	1.36221487012721
R-OSA-6787011.1|Jasmonic acid signaling	255	0.680253700758484
R-OSA-6787011.1|Jasmonic acid signaling	256	0.0193870078709216
R-OSA-6787011.1|Jasmonic acid signaling	257	0.477515468757606
R-OSA-6787011.1|Jasmonic acid signaling	258	0.57191677271105
R-OSA-6787011.1|Jasmonic acid signaling	259	0.492585707524006
R-OSA-6787011.1|Jasmonic acid signaling	260	0.856327361331019
R-OSA-6787011.1|Jasmonic acid signaling	261	0.394476817291597
R-OSA-6787011.1|Jasmonic acid signaling	262	0.00918813412336854
R-OSA-6787011.1|Jasmonic acid signaling	263	0.685144320834508
R-OSA-6787011.1|Jasmonic acid signaling	264	0.766371772494178
R-OSA-6787011.1|Jasmonic acid signaling	265	0.341800609493113
R-OSA-6787011.1|Jasmonic acid signaling	266	0.0690901436192663
R-OSA-6787011.1|Jasmonic acid signaling	267	0.303560092811696
R-OSA-6787011.1|Jasmonic acid signaling	268	0.155819229607764
R-OSA-6787011.1|Jasmonic acid signaling	269	0.334047017566713
R-OSA-6787011.1|Jasmonic acid signaling	270	0.347556812988272
R-OSA-6787011.1|Jasmonic acid signaling	271	0.477380243107033
R-OSA-6787011.1|Jasmonic acid signaling	272	0.0879006459670606
R-OSA-6787011.1|Jasmonic acid signaling	273	0.958660894741445
R-OSA-6787011.1|Jasmonic acid signaling	274	0.984898792809421
R-OSA-6787011.1|Jasmonic acid signaling	275	0.59139169613707
R-OSA-6787011.1|Jasmonic acid signaling	276	0.175141926475591
R-OSA-6787011.1|Jasmonic acid signaling	277	0.388600187573872
R-OSA-6787011.1|Jasmonic acid signaling	278	0.409313253873897
R-OSA-6787011.1|Jasmonic acid signaling	279	0.102854951756929
R-OSA-6787011.1|Jasmonic acid signaling	280	0.175737660717667
R-OSA-6787011.1|Jasmonic acid signaling	281	0.238138979330349
R-OSA-6787011.1|Jasmonic acid signaling	282	0.305044295066917
R-OSA-6787011.1|Jasmonic acid signaling	283	0.451661867425048
R-OSA-6787011.1|Jasmonic acid signaling	284	0.617653712320094
R-OSA-6787011.1|Jasmonic acid signaling	285	0.154904585847023
R-OSA-6787011.1|Jasmonic acid signaling	286	0.312367395112561
R-OSA-6787011.1|Jasmonic acid signaling	287	0.444823364107914
R-OSA-6787011.1|Jasmonic acid signaling	288	0.12902534325286
R-OSA-6787011.1|Jasmonic acid signaling	289	0.321623256737691
R-OSA-6787011.1|Jasmonic acid signaling	290	0.340197069436449
R-OSA-6787011.1|Jasmonic acid signaling	291	0.452283932098213
R-OSA-6787011.1|Jasmonic acid signaling	292	0.333431761583857
R-OSA-6787011.1|Jasmonic acid signaling	293	0.0648275283878275
R-OSA-6787011.1|Jasmonic acid signaling	294	0.481360119234569
R-OSA-6787011.1|Jasmonic acid signaling	295	0.098049171225173
R-OSA-6787011.1|Jasmonic acid signaling	296	0.18155095581493
R-OSA-6787011.1|Jasmonic acid signaling	297	0.117676945879605
R-OSA-6787011.1|Jasmonic acid signaling	298	0.394737857672896
R-OSA-6787011.1|Jasmonic acid signaling	299	0.714092295193425
R-OSA-6787011.1|Jasmonic acid signaling	300	0.303495350825741
R-OSA-6787011.1|Jasmonic acid signaling	301	0.287362850069867
R-OSA-6787011.1|Jasmonic acid signaling	302	0.235256815186716
R-OSA-6787011.1|Jasmonic acid signaling	303	0.522059098048038
R-OSA-6787011.1|Jasmonic acid signaling	304	0.183473162528765
R-OSA-6787011.1|Jasmonic acid signaling	305	0.101042225003488
R-OSA-6787011.1|Jasmonic acid signaling	306	0.137282806669966
R-OSA-6787011.1|Jasmonic acid signaling	307	0.583470840212145
R-OSA-6787011.1|Jasmonic acid signaling	308	0.0926493337884422
R-OSA-6787011.1|Jasmonic acid signaling	309	0.212430150571366
R-OSA-6787011.1|Jasmonic acid signaling	310	0.485418359810741
R-OSA-6787011.1|Jasmonic acid signaling	311	0.956542145664567
R-OSA-6787011.1|Jasmonic acid signaling	312	0.58303630951856
R-OSA-6787011.1|Jasmonic acid signaling	313	0.0925630604521989
R-OSA-6787011.1|Jasmonic acid signaling	314	0.307786110417193
R-OSA-6787011.1|Jasmonic acid signaling	315	0.0483166164070225
R-OSA-6787011.1|Jasmonic acid signaling	316	0.431400846847647
R-OSA-6787011.1|Jasmonic acid signaling	317	0.360130045223441
R-OSA-6787011.1|Jasmonic acid signaling	318	0.852857699522409
R-OSA-6787011.1|Jasmonic acid signaling	319	0.0821361064694452
R-OSA-6787011.1|Jasmonic acid signaling	320	0.0144116723685512
R-OSA-6787011.1|Jasmonic acid signaling	321	0.408615621708858
R-OSA-6787011.1|Jasmonic acid signaling	322	1.11293021244038
R-OSA-6787011.1|Jasmonic acid signaling	323	0.353048280314728
R-OSA-6787011.1|Jasmonic acid signaling	324	0.260505469030642
R-OSA-6787011.1|Jasmonic acid signaling	325	0.233492175438207
R-OSA-6787011.1|Jasmonic acid signaling	326	0.0250747674444949
R-OSA-6787011.1|Jasmonic acid signaling	327	0.177279607543076
R-OSA-6787011.1|Jasmonic acid signaling	328	0.0625302226901584
R-OSA-6787011.1|Jasmonic acid signaling	329	0.880082310842044
R-OSA-6787011.1|Jasmonic acid signaling	330	0.940790466092952
R-OSA-6787011.1|Jasmonic acid signaling	331	0.304144534499545
R-OSA-6787011.1|Jasmonic acid signaling	332	0.264281745545068
R-OSA-6787011.1|Jasmonic acid signaling	333	1.11425047552349
R-OSA-6787011.1|Jasmonic acid signaling	334	0.138586317566692
R-OSA-6787011.1|Jasmonic acid signaling	335	0.526997673063672
R-OSA-6787011.1|Jasmonic acid signaling	336	0.0783052181349541
R-OSA-6787011.1|Jasmonic acid signaling	337	0.0185324425714694
R-OSA-6787011.1|Jasmonic acid signaling	338	0.246700469365276
R-OSA-6787011.1|Jasmonic acid signaling	339	0.089715027461197
R-OSA-6787011.1|Jasmonic acid signaling	340	0.578406932303186
R-OSA-6787011.1|Jasmonic acid signaling	341	0.0848749409050613
R-OSA-6787011.1|Jasmonic acid signaling	342	0.584905955778037
R-OSA-6787011.1|Jasmonic acid signaling	343	1.2420742492061
R-OSA-6787011.1|Jasmonic acid signaling	344	0.240527588414441
R-OSA-6787011.1|Jasmonic acid signaling	345	0.950449394233701
R-OSA-6787011.1|Jasmonic acid signaling	346	0.176122508478494
R-OSA-6787011.1|Jasmonic acid signaling	347	0.0989030132746045
R-OSA-6787011.1|Jasmonic acid signaling	348	0.277708840075783
R-OSA-6787011.1|Jasmonic acid signaling	349	0.110501599757647
R-OSA-6787011.1|Jasmonic acid signaling	350	0.0807043418198494
R-OSA-6787011.1|Jasmonic acid signaling	351	0.380683690787455
R-OSA-6787011.1|Jasmonic acid signaling	352	0.289806782097026
R-OSA-6787011.1|Jasmonic acid signaling	353	0.130417909796014
R-OSA-6787011.1|Jasmonic acid signaling	354	0.223270948807169
R-OSA-6787011.1|Jasmonic acid signaling	355	0.37211036712403
R-OSA-6787011.1|Jasmonic acid signaling	356	0.204396289798832
R-OSA-6787011.1|Jasmonic acid signaling	357	0.345046625188185
R-OSA-6787011.1|Jasmonic acid signaling	358	0.282001617688724
R-OSA-6787011.1|Jasmonic acid signaling	359	0.235580327659491
R-OSA-6787011.1|Jasmonic acid signaling	360	0.166763830992374
R-OSA-6787011.1|Jasmonic acid signaling	361	0.0690323116305218
R-OSA-6787011.1|Jasmonic acid signaling	362	0.272850553254429
R-OSA-6787011.1|Jasmonic acid signaling	363	0.399246731517452
R-OSA-6787011.1|Jasmonic acid signaling	364	0.453647714555647
R-OSA-6787011.1|Jasmonic acid signaling	365	0.311333010832396
R-OSA-6787011.1|Jasmonic acid signaling	366	0.114795964159563
R-OSA-6787011.1|Jasmonic acid signaling	367	0.284105421885844
R-OSA-6787011.1|Jasmonic acid signaling	368	0.248186993787119
R-OSA-6787011.1|Jasmonic acid signaling	369	0.213046283038218
R-OSA-6787011.1|Jasmonic acid signaling	370	0.760333062760084
R-OSA-6787011.1|Jasmonic acid signaling	371	0.457138500382656
R-OSA-6787011.1|Jasmonic acid signaling	372	0.0486088692555386
R-OSA-6787011.1|Jasmonic acid signaling	373	0.474730899760074
R-OSA-6787011.1|Jasmonic acid signaling	374	0.474191122814439
R-OSA-6787011.1|Jasmonic acid signaling	375	0.881215023685385
R-OSA-6787011.1|Jasmonic acid signaling	376	0.372667482455639
R-OSA-6787011.1|Jasmonic acid signaling	377	0.139298472622586
R-OSA-6787011.1|Jasmonic acid signaling	378	0.173828308637096
R-OSA-6787011.1|Jasmonic acid signaling	379	0.558035996217873
R-OSA-6787011.1|Jasmonic acid signaling	380	0.00904052116037036
R-OSA-6787011.1|Jasmonic acid signaling	381	0.494238523619534
R-OSA-6787011.1|Jasmonic acid signaling	382	0.134265940472941
R-OSA-6787011.1|Jasmonic acid signaling	383	0.288947314883449
R-OSA-6787011.1|Jasmonic acid signaling	384	0.860359402915611
R-OSA-6787011.1|Jasmonic acid signaling	385	0.669373240055608
R-OSA-6787011.1|Jasmonic acid signaling	386	0.210558795533553
R-OSA-6787011.1|Jasmonic acid signaling	387	0.481706651174861
R-OSA-6787011.1|Jasmonic acid signaling	388	0.339342710049869
R-OSA-6787011.1|Jasmonic acid signaling	389	0.369704195094253
R-OSA-6787011.1|Jasmonic acid signaling	390	0.259298772567147
R-OSA-6787011.1|Jasmonic acid signaling	391	0.323293972609407
R-OSA-6787011.1|Jasmonic acid signaling	392	0.23627901239044
R-OSA-6787011.1|Jasmonic acid signaling	393	0.452056181467743
R-OSA-6787011.1|Jasmonic acid signaling	394	0.394820771881365
R-OSA-6787011.1|Jasmonic acid signaling	395	0.300955296529454
R-OSA-6787011.1|Jasmonic acid signaling	396	0.523104248205625
R-OSA-6787011.1|Jasmonic acid signaling	397	0.375601221427784
R-OSA-6787011.1|Jasmonic acid signaling	398	0.148178248757959
R-OSA-6787011.1|Jasmonic acid signaling	399	0.0246550000534613
R-OSA-6787011.1|Jasmonic acid signaling	400	0.324854072233906
R-OSA-6787011.1|Jasmonic acid signaling	401	0.219108580341993
R-OSA-6787011.1|Jasmonic acid signaling	402	0.244331036115346
R-OSA-6787011.1|Jasmonic acid signaling	403	0.353895445931084
R-OSA-6787011.1|Jasmonic acid signaling	404	0.675647398047874
R-OSA-6787011.1|Jasmonic acid signaling	405	0.447978351634051
R-OSA-6787011.1|Jasmonic acid signaling	406	0.198677377309509
R-OSA-6787011.1|Jasmonic acid signaling	407	0.270374423156325
R-OSA-6787011.1|Jasmonic acid signaling	408	0.0774178042153399
R-OSA-6787011.1|Jasmonic acid signaling	409	0.542428551847556
R-OSA-6787011.1|Jasmonic acid signaling	410	0.624132697312961
R-OSA-6787011.1|Jasmonic acid signaling	411	0.136816557401915
R-OSA-6787011.1|Jasmonic acid signaling	412	0.0758184598806955
R-OSA-6787011.1|Jasmonic acid signaling	413	0.437781366257402
R-OSA-6787011.1|Jasmonic acid signaling	414	0.793448715260895
R-OSA-6787011.1|Jasmonic acid signaling	415	0.374098888775248
R-OSA-6787011.1|Jasmonic acid signaling	416	0.0485991665561061
R-OSA-6787011.1|Jasmonic acid signaling	417	0.179031692910798
R-OSA-6787011.1|Jasmonic acid signaling	418	0.080281267900458
R-OSA-6787011.1|Jasmonic acid signaling	419	0.0448723610782465
R-OSA-6787011.1|Jasmonic acid signaling	420	0.145658027756973
R-OSA-6787011.1|Jasmonic acid signaling	421	0.617827744219951
R-OSA-6787011.1|Jasmonic acid signaling	422	0.208651938839586
R-OSA-6787011.1|Jasmonic acid signaling	423	0.172498563899628
R-OSA-6787011.1|Jasmonic acid signaling	424	0.498827757380962
R-OSA-6787011.1|Jasmonic acid signaling	425	0.623784388079904
R-OSA-6787011.1|Jasmonic acid signaling	426	0.281820058326434
R-OSA-6787011.1|Jasmonic acid signaling	427	0.0687976065375885
R-OSA-6787011.1|Jasmonic acid signaling	428	0.419526998415366
R-OSA-6787011.1|Jasmonic acid signaling	429	0.20289679187956
R-OSA-6787011.1|Jasmonic acid signaling	430	0.377466713780457
R-OSA-6787011.1|Jasmonic acid signaling	431	0.234502333591832
R-OSA-6787011.1|Jasmonic acid signaling	432	0.0359226008045388
R-OSA-6787011.1|Jasmonic acid signaling	433	0.830795696710873
R-OSA-6787011.1|Jasmonic acid signaling	434	0.368840442823102
R-OSA-6787011.1|Jasmonic acid signaling	435	0.617201203267462
R-OSA-6787011.1|Jasmonic acid signaling	436	0.616776568192987
R-OSA-6787011.1|Jasmonic acid signaling	437	0.362188609258972
R-OSA-6787011.1|Jasmonic acid signaling	438	0.364955915315948
R-OSA-6787011.1|Jasmonic acid signaling	439	0.0515075622696505
R-OSA-6787011.1|Jasmonic acid signaling	440	0.437835941146057
R-OSA-6787011.1|Jasmonic acid signaling	441	0.232822244117897
R-OSA-6787011.1|Jasmonic acid signaling	442	0.277879237134198
R-OSA-6787011.1|Jasmonic acid signaling	443	0.0690623575641974
R-OSA-6787011.1|Jasmonic acid signaling	444	0.356867150115565
R-OSA-6787011.1|Jasmonic acid signaling	445	0.0412302142629179
R-OSA-6787011.1|Jasmonic acid signaling	446	0.174733146999049
R-OSA-6787011.1|Jasmonic acid signaling	447	0.327906769753834
R-OSA-6787011.1|Jasmonic acid signaling	448	0.300920103932941
R-OSA-6787011.1|Jasmonic acid signaling	449	1.07989739493458
R-OSA-6787011.1|Jasmonic acid signaling	450	0.306865258540397
R-OSA-6787011.1|Jasmonic acid signaling	451	0.435688808724142
R-OSA-6787011.1|Jasmonic acid signaling	452	0.603238088482796
R-OSA-6787011.1|Jasmonic acid signaling	453	0.486524691027901
R-OSA-6787011.1|Jasmonic acid signaling	454	0.0953593377027833
R-OSA-6787011.1|Jasmonic acid signaling	455	0.0604773033452718
R-OSA-6787011.1|Jasmonic acid signaling	456	0.272825503856538
R-OSA-6787011.1|Jasmonic acid signaling	457	0.0964067597858334
R-OSA-6787011.1|Jasmonic acid signaling	458	0.856788512335146
R-OSA-6787011.1|Jasmonic acid signaling	459	0.106618608246085
R-OSA-6787011.1|Jasmonic acid signaling	460	1.07586951290201
R-OSA-6787011.1|Jasmonic acid signaling	461	0.599740034872612
R-OSA-6787011.1|Jasmonic acid signaling	462	0.317207154798083
R-OSA-6787011.1|Jasmonic acid signaling	463	0.19749265068608
R-OSA-6787011.1|Jasmonic acid signaling	464	0.203963587450685
R-OSA-6787011.1|Jasmonic acid signaling	465	0.121907377809026
R-OSA-6787011.1|Jasmonic acid signaling	466	0.186573005076453
R-OSA-6787011.1|Jasmonic acid signaling	467	0.296632473183342
R-OSA-6787011.1|Jasmonic acid signaling	468	0.077705048044518
R-OSA-6787011.1|Jasmonic acid signaling	469	0.699494607207908
R-OSA-6787011.1|Jasmonic acid signaling	470	0.268962237060187
R-OSA-6787011.1|Jasmonic acid signaling	471	0.156170781654497
R-OSA-6787011.1|Jasmonic acid signaling	472	0.449663276175462
R-OSA-6787011.1|Jasmonic acid signaling	473	0.564205988969143
R-OSA-6787011.1|Jasmonic acid signaling	474	0.493092144659388
R-OSA-6787011.1|Jasmonic acid signaling	475	0.137920112162478
R-OSA-6787011.1|Jasmonic acid signaling	476	0.336431343646978
R-OSA-6787011.1|Jasmonic acid signaling	477	0.174265366174677
R-OSA-6787011.1|Jasmonic acid signaling	478	0.436477599701474
R-OSA-6787011.1|Jasmonic acid signaling	479	0.575479827797763
R-OSA-6787011.1|Jasmonic acid signaling	480	0.45298667250469
R-OSA-6787011.1|Jasmonic acid signaling	481	0.231153943623897
R-OSA-6787011.1|Jasmonic acid signaling	482	0.0594567398564789
R-OSA-6787011.1|Jasmonic acid signaling	483	0.263385943294331
R-OSA-6787011.1|Jasmonic acid signaling	484	0.0823058014052831
R-OSA-6787011.1|Jasmonic acid signaling	485	0.00144974849984715
R-OSA-6787011.1|Jasmonic acid signaling	486	0.573207027109615
R-OSA-6787011.1|Jasmonic acid signaling	487	0.288028677235308
R-OSA-6787011.1|Jasmonic acid signaling	488	0.548172350831653
R-OSA-6787011.1|Jasmonic acid signaling	489	0.00375877825123256
R-OSA-6787011.1|Jasmonic acid signaling	490	0.267221739021134
R-OSA-6787011.1|Jasmonic acid signaling	491	0.326462599942966
R-OSA-6787011.1|Jasmonic acid signaling	492	0.825154034360239
R-OSA-6787011.1|Jasmonic acid signaling	493	0.149245619068094
R-OSA-6787011.1|Jasmonic acid signaling	494	0.474938540050697
R-OSA-6787011.1|Jasmonic acid signaling	495	0.162733351519251
R-OSA-6787011.1|Jasmonic acid signaling	496	0.687175616467044
R-OSA-6787011.1|Jasmonic acid signaling	497	0.036378060177962
R-OSA-6787011.1|Jasmonic acid signaling	498	0.161826761345707
R-OSA-6787011.1|Jasmonic acid signaling	499	0.0121074694850192
R-OSA-6787011.1|Jasmonic acid signaling	500	0.332992916279654
R-OSA-6787011.1|Jasmonic acid signaling	501	0.282428575757586
R-OSA-6787011.1|Jasmonic acid signaling	502	0.366807245817091
R-OSA-6787011.1|Jasmonic acid signaling	503	0.459199407114341
R-OSA-6787011.1|Jasmonic acid signaling	504	0.275372729729906
R-OSA-6787011.1|Jasmonic acid signaling	505	0.26948050087761
R-OSA-6787011.1|Jasmonic acid signaling	506	0.298335311103674
R-OSA-6787011.1|Jasmonic acid signaling	507	0.7037578342008
R-OSA-6787011.1|Jasmonic acid signaling	508	0.0492354572155197
R-OSA-6787011.1|Jasmonic acid signaling	509	0.0861570866607769
R-OSA-6787011.1|Jasmonic acid signaling	510	0.184935016962511
R-OSA-6787011.1|Jasmonic acid signaling	511	0.00470275317948887
R-OSA-6787011.1|Jasmonic acid signaling	512	0.417746786179097
R-OSA-6787011.1|Jasmonic acid signaling	513	1.51889050529606
R-OSA-6787011.1|Jasmonic acid signaling	514	0.308652517802173
R-OSA-6787011.1|Jasmonic acid signaling	515	0.187978036296705
R-OSA-6787011.1|Jasmonic acid signaling	516	0.374992061875391
R-OSA-6787011.1|Jasmonic acid signaling	517	0.212765536920724
R-OSA-6787011.1|Jasmonic acid signaling	518	0.0348197871803972
R-OSA-6787011.1|Jasmonic acid signaling	519	0.0812663638032874
R-OSA-6787011.1|Jasmonic acid signaling	520	0.209623005430351
R-OSA-6787011.1|Jasmonic acid signaling	521	0.229417064545365
R-OSA-6787011.1|Jasmonic acid signaling	522	0.526556980299401
R-OSA-6787011.1|Jasmonic acid signaling	523	0.278899229571631
R-OSA-6787011.1|Jasmonic acid signaling	524	0.0941428040490109
R-OSA-6787011.1|Jasmonic acid signaling	525	0.213073834188873
R-OSA-6787011.1|Jasmonic acid signaling	526	0.381056749633501
R-OSA-6787011.1|Jasmonic acid signaling	527	0.457616056519416
R-OSA-6787011.1|Jasmonic acid signaling	528	0.0363846138478602
R-OSA-6787011.1|Jasmonic acid signaling	529	0.303639385408423
R-OSA-6787011.1|Jasmonic acid signaling	530	0.137637457468614
R-OSA-6787011.1|Jasmonic acid signaling	531	0.778290407733261
R-OSA-6787011.1|Jasmonic acid signaling	532	0.156860382902236
R-OSA-6787011.1|Jasmonic acid signaling	533	0.546461071851367
R-OSA-6787011.1|Jasmonic acid signaling	534	0.350692310521644
R-OSA-6787011.1|Jasmonic acid signaling	535	0.0289227941115608
R-OSA-6787011.1|Jasmonic acid signaling	536	1.74082385864691
R-OSA-6787011.1|Jasmonic acid signaling	537	0.0490922802834113
R-OSA-6787011.1|Jasmonic acid signaling	538	0.135589796896237
R-OSA-6787011.1|Jasmonic acid signaling	539	0.344351593232546
R-OSA-6787011.1|Jasmonic acid signaling	540	0.106654918840404
R-OSA-6787011.1|Jasmonic acid signaling	541	0.201610179389037
R-OSA-6787011.1|Jasmonic acid signaling	542	0.61435785786862
R-OSA-6787011.1|Jasmonic acid signaling	543	0.57082160064949
R-OSA-6787011.1|Jasmonic acid signaling	544	0.345526206080786
R-OSA-6787011.1|Jasmonic acid signaling	545	0.955545245331765
R-OSA-6787011.1|Jasmonic acid signaling	546	0.300378524874896
R-OSA-6787011.1|Jasmonic acid signaling	547	0.852222168986116
R-OSA-6787011.1|Jasmonic acid signaling	548	0.11290070062829
R-OSA-6787011.1|Jasmonic acid signaling	549	0.150336821714905
R-OSA-6787011.1|Jasmonic acid signaling	550	0.346660088591747
R-OSA-6787011.1|Jasmonic acid signaling	551	0.206553502992034
R-OSA-6787011.1|Jasmonic acid signaling	552	0.61341819522863
R-OSA-6787011.1|Jasmonic acid signaling	553	1.20326261236284
R-OSA-6787011.1|Jasmonic acid signaling	554	0.158224247140464
R-OSA-6787011.1|Jasmonic acid signaling	555	0.353775499279525
R-OSA-6787011.1|Jasmonic acid signaling	556	0.511804965407135
R-OSA-6787011.1|Jasmonic acid signaling	557	0.277940453898329
R-OSA-6787011.1|Jasmonic acid signaling	558	0.974302399329647
R-OSA-6787011.1|Jasmonic acid signaling	559	0.207005925044036
R-OSA-6787011.1|Jasmonic acid signaling	560	0.0227201482879591
R-OSA-6787011.1|Jasmonic acid signaling	561	0.400813625133031
R-OSA-6787011.1|Jasmonic acid signaling	562	0.380969483541117
R-OSA-6787011.1|Jasmonic acid signaling	563	0.430726382851268
R-OSA-6787011.1|Jasmonic acid signaling	564	0.161308812783751
R-OSA-6787011.1|Jasmonic acid signaling	565	0.18569080821145
R-OSA-6787011.1|Jasmonic acid signaling	566	0.544506940647729
R-OSA-6787011.1|Jasmonic acid signaling	567	0.0921638975929057
R-OSA-6787011.1|Jasmonic acid signaling	568	0.365356222655912
R-OSA-6787011.1|Jasmonic acid signaling	569	0.35427634340645
R-OSA-6787011.1|Jasmonic acid signaling	570	0.206350418837369
R-OSA-6787011.1|Jasmonic acid signaling	571	0.468284973745529
R-OSA-6787011.1|Jasmonic acid signaling	572	0.684920707587231
R-OSA-6787011.1|Jasmonic acid signaling	573	0.659725192922087
R-OSA-6787011.1|Jasmonic acid signaling	574	0.324259544446808
R-OSA-6787011.1|Jasmonic acid signaling	575	0.287721402444645
R-OSA-6787011.1|Jasmonic acid signaling	576	0.181785658635778
R-OSA-6787011.1|Jasmonic acid signaling	577	0.577037609822081
R-OSA-6787011.1|Jasmonic acid signaling	578	0.310390358736562
R-OSA-6787011.1|Jasmonic acid signaling	579	0.990310032431326
R-OSA-6787011.1|Jasmonic acid signaling	580	0.254592662252841
R-OSA-6787011.1|Jasmonic acid signaling	581	0.199282779597766
R-OSA-6787011.1|Jasmonic acid signaling	582	0.55912855188165
R-OSA-6787011.1|Jasmonic acid signaling	583	0.593482439045275
R-OSA-6787011.1|Jasmonic acid signaling	584	0.64578702209403
R-OSA-6787011.1|Jasmonic acid signaling	585	0.679091925207087
R-OSA-6787011.1|Jasmonic acid signaling	586	0.0298272290389976
R-OSA-6787011.1|Jasmonic acid signaling	587	0.501665491200431
R-OSA-6787011.1|Jasmonic acid signaling	588	0.214053063650453
R-OSA-6787011.1|Jasmonic acid signaling	589	0.614287909997039
R-OSA-6787011.1|Jasmonic acid signaling	590	0.546624524462783
R-OSA-6787011.1|Jasmonic acid signaling	591	0.0418237214178373
R-OSA-6787011.1|Jasmonic acid signaling	592	1.0126579430285
R-OSA-6787011.1|Jasmonic acid signaling	593	0.317431533248786
R-OSA-6787011.1|Jasmonic acid signaling	594	0.637990252912264
R-OSA-6787011.1|Jasmonic acid signaling	595	0.501728512234063
R-OSA-6787011.1|Jasmonic acid signaling	596	0.233230108074989
R-OSA-6787011.1|Jasmonic acid signaling	597	0.453428285144643
R-OSA-6787011.1|Jasmonic acid signaling	598	0.212802499699418
R-OSA-6787011.1|Jasmonic acid signaling	599	0.197898295126426
R-OSA-6787011.1|Jasmonic acid signaling	600	0.214089587277738
R-OSA-6787011.1|Jasmonic acid signaling	601	0.932898728824881
R-OSA-6787011.1|Jasmonic acid signaling	602	0.682346470557946
R-OSA-6787011.1|Jasmonic acid signaling	603	0.811930162789137
R-OSA-6787011.1|Jasmonic acid signaling	604	0.0675687441064663
R-OSA-6787011.1|Jasmonic acid signaling	605	0.336279269849232
R-OSA-6787011.1|Jasmonic acid signaling	606	0.11030518511557
R-OSA-6787011.1|Jasmonic acid signaling	607	0.131158590137181
R-OSA-6787011.1|Jasmonic acid signaling	608	0.431113554442698
R-OSA-6787011.1|Jasmonic acid signaling	609	0.470557140651251
R-OSA-6787011.1|Jasmonic acid signaling	610	0.376114747931128
R-OSA-6787011.1|Jasmonic acid signaling	611	0.140994990841869
R-OSA-6787011.1|Jasmonic acid signaling	612	0.188025621099399
R-OSA-6787011.1|Jasmonic acid signaling	613	0.331007145608478
R-OSA-6787011.1|Jasmonic acid signaling	614	0.237364352369448
R-OSA-6787011.1|Jasmonic acid signaling	615	0.422659821486744
R-OSA-6787011.1|Jasmonic acid signaling	616	0.202182011534335
R-OSA-6787011.1|Jasmonic acid signaling	617	0.167160847237086
R-OSA-6787011.1|Jasmonic acid signaling	618	0.44983515827095
R-OSA-6787011.1|Jasmonic acid signaling	619	0.205455893309463
R-OSA-6787011.1|Jasmonic acid signaling	620	0.17822806460326
R-OSA-6787011.1|Jasmonic acid signaling	621	0.660638013768544
R-OSA-6787011.1|Jasmonic acid signaling	622	0.490793090716372
R-OSA-6787011.1|Jasmonic acid signaling	623	0.369867513924949
R-OSA-6787011.1|Jasmonic acid signaling	624	0.5792881931459
R-OSA-6787011.1|Jasmonic acid signaling	625	1.05708018946033
R-OSA-6787011.1|Jasmonic acid signaling	626	0.0180451463519565
R-OSA-6787011.1|Jasmonic acid signaling	627	0.140326384411517
R-OSA-6787011.1|Jasmonic acid signaling	628	0.858505445725779
R-OSA-6787011.1|Jasmonic acid signaling	629	0.232175102402395
R-OSA-6787011.1|Jasmonic acid signaling	630	0.0212856463014206
R-OSA-6787011.1|Jasmonic acid signaling	631	0.689029145097613
R-OSA-6787011.1|Jasmonic acid signaling	632	0.595592195594227
R-OSA-6787011.1|Jasmonic acid signaling	633	0.12289755845215
R-OSA-6787011.1|Jasmonic acid signaling	634	0.0843116219976301
R-OSA-6787011.1|Jasmonic acid signaling	635	0.131712311686263
R-OSA-6787011.1|Jasmonic acid signaling	636	0.502607690413456
R-OSA-6787011.1|Jasmonic acid signaling	637	0.62525729924794
R-OSA-6787011.1|Jasmonic acid signaling	638	0.0359670010283165
R-OSA-6787011.1|Jasmonic acid signaling	639	0.132156124523793
R-OSA-6787011.1|Jasmonic acid signaling	640	0.673187151932582
R-OSA-6787011.1|Jasmonic acid signaling	641	0.250436094708032
R-OSA-6787011.1|Jasmonic acid signaling	642	0.476457209457031
R-OSA-6787011.1|Jasmonic acid signaling	643	0.856166181177176
R-OSA-6787011.1|Jasmonic acid signaling	644	0.510094584986777
R-OSA-6787011.1|Jasmonic acid signaling	645	0.148989092893053
R-OSA-6787011.1|Jasmonic acid signaling	646	0.0761627769959317
R-OSA-6787011.1|Jasmonic acid signaling	647	0.428791901841869
R-OSA-6787011.1|Jasmonic acid signaling	648	0.257432554990777
R-OSA-6787011.1|Jasmonic acid signaling	649	0.271985427079074
R-OSA-6787011.1|Jasmonic acid signaling	650	0.825601791581864
R-OSA-6787011.1|Jasmonic acid signaling	651	0.489467687181957
R-OSA-6787011.1|Jasmonic acid signaling	652	0.147226530786219
R-OSA-6787011.1|Jasmonic acid signaling	653	0.476247239480077
R-OSA-6787011.1|Jasmonic acid signaling	654	0.355831005459509
R-OSA-6787011.1|Jasmonic acid signaling	655	0.204147924801626
R-OSA-6787011.1|Jasmonic acid signaling	656	0.0921946657137463
R-OSA-6787011.1|Jasmonic acid signaling	657	0.786908974914061
R-OSA-6787011.1|Jasmonic acid signaling	658	0.0707824897285782
R-OSA-6787011.1|Jasmonic acid signaling	659	0.0968992807612918
R-OSA-6787011.1|Jasmonic acid signaling	660	0.299166970629215
R-OSA-6787011.1|Jasmonic acid signaling	661	0.0839931097448981
R-OSA-6787011.1|Jasmonic acid signaling	662	0.51233881070642
R-OSA-6787011.1|Jasmonic acid signaling	663	0.0879932724328082
R-OSA-6787011.1|Jasmonic acid signaling	664	0.302738367487464
R-OSA-6787011.1|Jasmonic acid signaling	665	0.169506562437303
R-OSA-6787011.1|Jasmonic acid signaling	666	0.387151348675471
R-OSA-6787011.1|Jasmonic acid signaling	667	0.191142676823495
R-OSA-6787011.1|Jasmonic acid signaling	668	0.0501218093496014
R-OSA-6787011.1|Jasmonic acid signaling	669	0.215287330160832
R-OSA-6787011.1|Jasmonic acid signaling	670	0.299065226411845
R-OSA-6787011.1|Jasmonic acid signaling	671	0.612443874946563
R-OSA-6787011.1|Jasmonic acid signaling	672	0.172780380947435
R-OSA-6787011.1|Jasmonic acid signaling	673	0.0417551707174966
R-OSA-6787011.1|Jasmonic acid signaling	674	0.248192080867808
R-OSA-6787011.1|Jasmonic acid signaling	675	0.529400568579144
R-OSA-6787011.1|Jasmonic acid signaling	676	0.277570775436349
R-OSA-6787011.1|Jasmonic acid signaling	677	0.292444125012725
R-OSA-6787011.1|Jasmonic acid signaling	678	0.104347294179971
R-OSA-6787011.1|Jasmonic acid signaling	679	0.416620180761888
R-OSA-6787011.1|Jasmonic acid signaling	680	0.246231197142502
R-OSA-6787011.1|Jasmonic acid signaling	681	0.290927134248961
R-OSA-6787011.1|Jasmonic acid signaling	682	0.58222238816095
R-OSA-6787011.1|Jasmonic acid signaling	683	0.529513308124374
R-OSA-6787011.1|Jasmonic acid signaling	684	0.250743642314692
R-OSA-6787011.1|Jasmonic acid signaling	685	0.628356786120907
R-OSA-6787011.1|Jasmonic acid signaling	686	0.438518774711935
R-OSA-6787011.1|Jasmonic acid signaling	687	0.0741577902659207
R-OSA-6787011.1|Jasmonic acid signaling	688	0.320262439182871
R-OSA-6787011.1|Jasmonic acid signaling	689	0.52627588798647
R-OSA-6787011.1|Jasmonic acid signaling	690	0.125161809101774
R-OSA-6787011.1|Jasmonic acid signaling	691	0.0247445299751556
R-OSA-6787011.1|Jasmonic acid signaling	692	0.187238302407425
R-OSA-6787011.1|Jasmonic acid signaling	693	0.069128287244714
R-OSA-6787011.1|Jasmonic acid signaling	694	0.635660979206443
R-OSA-6787011.1|Jasmonic acid signaling	695	0.0993594491357996
R-OSA-6787011.1|Jasmonic acid signaling	696	0.298186045108074
R-OSA-6787011.1|Jasmonic acid signaling	697	0.854355217484001
R-OSA-6787011.1|Jasmonic acid signaling	698	0.414045485171645
R-OSA-6787011.1|Jasmonic acid signaling	699	0.190474211514421
R-OSA-6787011.1|Jasmonic acid signaling	700	0.733800986330873
R-OSA-6787011.1|Jasmonic acid signaling	701	0.160114426031758
R-OSA-6787011.1|Jasmonic acid signaling	702	0.255727325393344
R-OSA-6787011.1|Jasmonic acid signaling	703	0.306699002759116
R-OSA-6787011.1|Jasmonic acid signaling	704	0.279020288349758
R-OSA-6787011.1|Jasmonic acid signaling	705	0.431259728825966
R-OSA-6787011.1|Jasmonic acid signaling	706	0.0767773561341213
R-OSA-6787011.1|Jasmonic acid signaling	707	0.477186111871716
R-OSA-6787011.1|Jasmonic acid signaling	708	0.534370409415284
R-OSA-6787011.1|Jasmonic acid signaling	709	0.0310505300953381
R-OSA-6787011.1|Jasmonic acid signaling	710	0.515708854079803
R-OSA-6787011.1|Jasmonic acid signaling	711	0.0961050302894184
R-OSA-6787011.1|Jasmonic acid signaling	712	0.356586938982331
R-OSA-6787011.1|Jasmonic acid signaling	713	0.00519167865057185
R-OSA-6787011.1|Jasmonic acid signaling	714	0.338705857775184
R-OSA-6787011.1|Jasmonic acid signaling	715	0.208405328407808
R-OSA-6787011.1|Jasmonic acid signaling	716	0.25898231825985
R-OSA-6787011.1|Jasmonic acid signaling	717	0.827271474437033
R-OSA-6787011.1|Jasmonic acid signaling	718	0.61039448641291
R-OSA-6787011.1|Jasmonic acid signaling	719	0.534225280969756
R-OSA-6787011.1|Jasmonic acid signaling	720	0.199894159072603
R-OSA-6787011.1|Jasmonic acid signaling	721	0.503660296133559
R-OSA-6787011.1|Jasmonic acid signaling	722	0.138366063392627
R-OSA-6787011.1|Jasmonic acid signaling	723	0.106926974463458
R-OSA-6787011.1|Jasmonic acid signaling	724	0.410913438166606
R-OSA-6787011.1|Jasmonic acid signaling	725	0.100991791478394
R-OSA-6787011.1|Jasmonic acid signaling	726	0.513118897695614
R-OSA-6787011.1|Jasmonic acid signaling	727	0.0100492748850903
R-OSA-6787011.1|Jasmonic acid signaling	728	0.497730613299232
R-OSA-6787011.1|Jasmonic acid signaling	729	0.111096627080136
R-OSA-6787011.1|Jasmonic acid signaling	730	0.406072157425244
R-OSA-6787011.1|Jasmonic acid signaling	731	0.0642608776027758
R-OSA-6787011.1|Jasmonic acid signaling	732	0.504703698719547
R-OSA-6787011.1|Jasmonic acid signaling	733	0.245751236322508
R-OSA-6787011.1|Jasmonic acid signaling	734	0.0700152385165137
R-OSA-6787011.1|Jasmonic acid signaling	735	0.618640745311158
R-OSA-6787011.1|Jasmonic acid signaling	736	1.0710263554448
R-OSA-6787011.1|Jasmonic acid signaling	737	0.741168141696528
R-OSA-6787011.1|Jasmonic acid signaling	738	0.075524626333169
R-OSA-6787011.1|Jasmonic acid signaling	739	0.478689707647172
R-OSA-6787011.1|Jasmonic acid signaling	740	0.39822425589083
R-OSA-6787011.1|Jasmonic acid signaling	741	0.252606062751464
R-OSA-6787011.1|Jasmonic acid signaling	742	0.0113291820113991
R-OSA-6787011.1|Jasmonic acid signaling	743	0.152343969428774
R-OSA-6787011.1|Jasmonic acid signaling	744	0.372708661824109
R-OSA-6787011.1|Jasmonic acid signaling	745	0.344766944613297
R-OSA-6787011.1|Jasmonic acid signaling	746	0.0640400472702453
R-OSA-6787011.1|Jasmonic acid signaling	747	0.278673867723096
R-OSA-6787011.1|Jasmonic acid signaling	748	0.75813584263274
R-OSA-6787011.1|Jasmonic acid signaling	749	0.46882639212862
R-OSA-6787011.1|Jasmonic acid signaling	750	0.103439264987817
R-OSA-6787011.1|Jasmonic acid signaling	751	0.458684166343385
R-OSA-6787011.1|Jasmonic acid signaling	752	0.705276477394297
R-OSA-6787011.1|Jasmonic acid signaling	753	0.813048149030037
R-OSA-6787011.1|Jasmonic acid signaling	754	0.887402808501611
R-OSA-6787011.1|Jasmonic acid signaling	755	0.155354779889751
R-OSA-6787011.1|Jasmonic acid signaling	756	0.0319966364296066
R-OSA-6787011.1|Jasmonic acid signaling	757	0.442072440304497
R-OSA-6787011.1|Jasmonic acid signaling	758	0.245260827196058
R-OSA-6787011.1|Jasmonic acid signaling	759	0.0708369128039305
R-OSA-6787011.1|Jasmonic acid signaling	760	0.472345819273123
R-OSA-6787011.1|Jasmonic acid signaling	761	0.0912525219497159
R-OSA-6787011.1|Jasmonic acid signaling	762	0.194652659886605
R-OSA-6787011.1|Jasmonic acid signaling	763	0.0514128522340776
R-OSA-6787011.1|Jasmonic acid signaling	764	0.0516704668739554
R-OSA-6787011.1|Jasmonic acid signaling	765	0.290137063435051
R-OSA-6787011.1|Jasmonic acid signaling	766	0.164634615939855
R-OSA-6787011.1|Jasmonic acid signaling	767	0.592471928562489
R-OSA-6787011.1|Jasmonic acid signaling	768	0.38970328352847
R-OSA-6787011.1|Jasmonic acid signaling	769	0.673209003419503
R-OSA-6787011.1|Jasmonic acid signaling	770	0.256293889443532
R-OSA-6787011.1|Jasmonic acid signaling	771	1.00047430734291
R-OSA-6787011.1|Jasmonic acid signaling	772	0.588244897656069
R-OSA-6787011.1|Jasmonic acid signaling	773	0.460680392658604
R-OSA-6787011.1|Jasmonic acid signaling	774	0.323213143335769
R-OSA-6787011.1|Jasmonic acid signaling	775	0.156598585079108
R-OSA-6787011.1|Jasmonic acid signaling	776	0.300228489492622
R-OSA-6787011.1|Jasmonic acid signaling	777	0.443702393084243
R-OSA-6787011.1|Jasmonic acid signaling	778	0.855084223532885
R-OSA-6787011.1|Jasmonic acid signaling	779	0.104454275259412
R-OSA-6787011.1|Jasmonic acid signaling	780	0.00252272908695872
R-OSA-6787011.1|Jasmonic acid signaling	781	0.286107316058722
R-OSA-6787011.1|Jasmonic acid signaling	782	0.20872233463834
R-OSA-6787011.1|Jasmonic acid signaling	783	0.0368029184052976
R-OSA-6787011.1|Jasmonic acid signaling	784	0.581238673088223
R-OSA-6787011.1|Jasmonic acid signaling	785	0.621948027415189
R-OSA-6787011.1|Jasmonic acid signaling	786	0.718827991491228
R-OSA-6787011.1|Jasmonic acid signaling	787	0.311564038153554
R-OSA-6787011.1|Jasmonic acid signaling	788	0.321706190621091
R-OSA-6787011.1|Jasmonic acid signaling	789	0.250740100101116
R-OSA-6787011.1|Jasmonic acid signaling	790	0.445146613006643
R-OSA-6787011.1|Jasmonic acid signaling	791	0.328574275533518
R-OSA-6787011.1|Jasmonic acid signaling	792	0.135244074960445
R-OSA-6787011.1|Jasmonic acid signaling	793	0.698267585334915
R-OSA-6787011.1|Jasmonic acid signaling	794	0.945731798045901
R-OSA-6787011.1|Jasmonic acid signaling	795	0.138617207256985
R-OSA-6787011.1|Jasmonic acid signaling	796	0.0789598984099511
R-OSA-6787011.1|Jasmonic acid signaling	797	0.330501307022738
R-OSA-6787011.1|Jasmonic acid signaling	798	0.673072282189262
R-OSA-6787011.1|Jasmonic acid signaling	799	0.0984000912630643
R-OSA-6787011.1|Jasmonic acid signaling	800	0.0927107164104345
R-OSA-6787011.1|Jasmonic acid signaling	801	0.588212322092565
R-OSA-6787011.1|Jasmonic acid signaling	802	0.0206150130636215
R-OSA-6787011.1|Jasmonic acid signaling	803	0.13930124950397
R-OSA-6787011.1|Jasmonic acid signaling	804	0.179886036004267
R-OSA-6787011.1|Jasmonic acid signaling	805	0.0108211029505633
R-OSA-6787011.1|Jasmonic acid signaling	806	0.00817300599700499
R-OSA-6787011.1|Jasmonic acid signaling	807	0.257768534425702
R-OSA-6787011.1|Jasmonic acid signaling	808	0.294027331149107
R-OSA-6787011.1|Jasmonic acid signaling	809	0.398651836424885
R-OSA-6787011.1|Jasmonic acid signaling	810	0.253024497059652
R-OSA-6787011.1|Jasmonic acid signaling	811	0.141658776772853
R-OSA-6787011.1|Jasmonic acid signaling	812	0.142392430986048
R-OSA-6787011.1|Jasmonic acid signaling	813	0.900322295632528
R-OSA-6787011.1|Jasmonic acid signaling	814	0.0695228697886157
R-OSA-6787011.1|Jasmonic acid signaling	815	0.279941709179095
R-OSA-6787011.1|Jasmonic acid signaling	816	0.365843086355406
R-OSA-6787011.1|Jasmonic acid signaling	817	0.773591956158453
R-OSA-6787011.1|Jasmonic acid signaling	818	0.510327601431263
R-OSA-6787011.1|Jasmonic acid signaling	819	0.784767901764525
R-OSA-6787011.1|Jasmonic acid signaling	820	0.0577431546762883
R-OSA-6787011.1|Jasmonic acid signaling	821	0.313272225196893
R-OSA-6787011.1|Jasmonic acid signaling	822	0.170620851692081
R-OSA-6787011.1|Jasmonic acid signaling	823	0.138871048085732
R-OSA-6787011.1|Jasmonic acid signaling	824	0.158143155083547
R-OSA-6787011.1|Jasmonic acid signaling	825	0.826780619507384
R-OSA-6787011.1|Jasmonic acid signaling	826	0.830037669038706
R-OSA-6787011.1|Jasmonic acid signaling	827	0.324437726332263
R-OSA-6787011.1|Jasmonic acid signaling	828	0.282992022610427
R-OSA-6787011.1|Jasmonic acid signaling	829	0.0280343013561131
R-OSA-6787011.1|Jasmonic acid signaling	830	0.263920415104045
R-OSA-6787011.1|Jasmonic acid signaling	831	0.163540216302201
R-OSA-6787011.1|Jasmonic acid signaling	832	0.30214468287234
R-OSA-6787011.1|Jasmonic acid signaling	833	0.265063867930624
R-OSA-6787011.1|Jasmonic acid signaling	834	0.514652725595475
R-OSA-6787011.1|Jasmonic acid signaling	835	0.48486602210987
R-OSA-6787011.1|Jasmonic acid signaling	836	0.290327975932974
R-OSA-6787011.1|Jasmonic acid signaling	837	0.739022624788041
R-OSA-6787011.1|Jasmonic acid signaling	838	0.100642894892465
R-OSA-6787011.1|Jasmonic acid signaling	839	0.279057015260842
R-OSA-6787011.1|Jasmonic acid signaling	840	0.320725341072901
R-OSA-6787011.1|Jasmonic acid signaling	841	1.05522799576433
R-OSA-6787011.1|Jasmonic acid signaling	842	0.27159724568854
R-OSA-6787011.1|Jasmonic acid signaling	843	0.580811391016173
R-OSA-6787011.1|Jasmonic acid signaling	844	0.774755795049519
R-OSA-6787011.1|Jasmonic acid signaling	845	0.050895681381084
R-OSA-6787011.1|Jasmonic acid signaling	846	0.0387595185488567
R-OSA-6787011.1|Jasmonic acid signaling	847	0.31839319386188
R-OSA-6787011.1|Jasmonic acid signaling	848	0.198902700244762
R-OSA-6787011.1|Jasmonic acid signaling	849	0.434540136409728
R-OSA-6787011.1|Jasmonic acid signaling	850	0.416469307468133
R-OSA-6787011.1|Jasmonic acid signaling	851	0.511041303322704
R-OSA-6787011.1|Jasmonic acid signaling	852	0.431518195908187
R-OSA-6787011.1|Jasmonic acid signaling	853	0.39231926099459
R-OSA-6787011.1|Jasmonic acid signaling	854	0.450343652469582
R-OSA-6787011.1|Jasmonic acid signaling	855	0.219893707879931
R-OSA-6787011.1|Jasmonic acid signaling	856	0.210714171100979
R-OSA-6787011.1|Jasmonic acid signaling	857	0.118675751060773
R-OSA-6787011.1|Jasmonic acid signaling	858	0.565478684271126
R-OSA-6787011.1|Jasmonic acid signaling	859	0.0549224253343576
R-OSA-6787011.1|Jasmonic acid signaling	860	0.232371755023283
R-OSA-6787011.1|Jasmonic acid signaling	861	0.371715215798775
R-OSA-6787011.1|Jasmonic acid signaling	862	0.431520700820937
R-OSA-6787011.1|Jasmonic acid signaling	863	0.498923983991082
R-OSA-6787011.1|Jasmonic acid signaling	864	0.747835418494128
R-OSA-6787011.1|Jasmonic acid signaling	865	0.465789733592713
R-OSA-6787011.1|Jasmonic acid signaling	866	0.3612697620776
R-OSA-6787011.1|Jasmonic acid signaling	867	0.199358914822217
R-OSA-6787011.1|Jasmonic acid signaling	868	0.124182712583173
R-OSA-6787011.1|Jasmonic acid signaling	869	0.0701945883165051
R-OSA-6787011.1|Jasmonic acid signaling	870	0.283290335582345
R-OSA-6787011.1|Jasmonic acid signaling	871	0.20957413271779
R-OSA-6787011.1|Jasmonic acid signaling	872	0.143377989854085
R-OSA-6787011.1|Jasmonic acid signaling	873	0.199070322789561
R-OSA-6787011.1|Jasmonic acid signaling	874	0.382550643840323
R-OSA-6787011.1|Jasmonic acid signaling	875	0.0491684428696569
R-OSA-6787011.1|Jasmonic acid signaling	876	0.466421269480828
R-OSA-6787011.1|Jasmonic acid signaling	877	0.216315983376524
R-OSA-6787011.1|Jasmonic acid signaling	878	0.3212267888812
R-OSA-6787011.1|Jasmonic acid signaling	879	0.647669893696776
R-OSA-6787011.1|Jasmonic acid signaling	880	0.221009366328874
R-OSA-6787011.1|Jasmonic acid signaling	881	0.32183117634122
R-OSA-6787011.1|Jasmonic acid signaling	882	0.0625706641636162
R-OSA-6787011.1|Jasmonic acid signaling	883	0.335151321915854
R-OSA-6787011.1|Jasmonic acid signaling	884	0.342808044911417
R-OSA-6787011.1|Jasmonic acid signaling	885	0.115388988432777
R-OSA-6787011.1|Jasmonic acid signaling	886	0.427490907041767
R-OSA-6787011.1|Jasmonic acid signaling	887	0.459377704679554
R-OSA-6787011.1|Jasmonic acid signaling	888	0.586496451186883
R-OSA-6787011.1|Jasmonic acid signaling	889	0.511713025694058
R-OSA-6787011.1|Jasmonic acid signaling	890	0.256702558213652
R-OSA-6787011.1|Jasmonic acid signaling	891	0.271826879922685
R-OSA-6787011.1|Jasmonic acid signaling	892	0.0321164967359643
R-OSA-6787011.1|Jasmonic acid signaling	893	0.190839495422538
R-OSA-6787011.1|Jasmonic acid signaling	894	0.489907126716066
R-OSA-6787011.1|Jasmonic acid signaling	895	0.738644393359495
R-OSA-6787011.1|Jasmonic acid signaling	896	1.04656370936767
R-OSA-6787011.1|Jasmonic acid signaling	897	0.213325567996946
R-OSA-6787011.1|Jasmonic acid signaling	898	0.49142413817245
R-OSA-6787011.1|Jasmonic acid signaling	899	0.328585195484244
R-OSA-6787011.1|Jasmonic acid signaling	900	0.124326534378022
R-OSA-6787011.1|Jasmonic acid signaling	901	0.639221174285417
R-OSA-6787011.1|Jasmonic acid signaling	902	0.103844714131801
R-OSA-6787011.1|Jasmonic acid signaling	903	0.021340834448003
R-OSA-6787011.1|Jasmonic acid signaling	904	0.366287459268693
R-OSA-6787011.1|Jasmonic acid signaling	905	0.21033333168146
R-OSA-6787011.1|Jasmonic acid signaling	906	0.0928968470655721
R-OSA-6787011.1|Jasmonic acid signaling	907	0.13509133167597
R-OSA-6787011.1|Jasmonic acid signaling	908	0.381153414948667
R-OSA-6787011.1|Jasmonic acid signaling	909	0.673494571374285
R-OSA-6787011.1|Jasmonic acid signaling	910	1.05873178194598
R-OSA-6787011.1|Jasmonic acid signaling	911	0.644924152534056
R-OSA-6787011.1|Jasmonic acid signaling	912	0.203829769855873
R-OSA-6787011.1|Jasmonic acid signaling	913	0.423302475247372
R-OSA-6787011.1|Jasmonic acid signaling	914	0.655822570640206
R-OSA-6787011.1|Jasmonic acid signaling	915	0.321783539633599
R-OSA-6787011.1|Jasmonic acid signaling	916	0.190832249211746
R-OSA-6787011.1|Jasmonic acid signaling	917	0.148639672512438
R-OSA-6787011.1|Jasmonic acid signaling	918	0.223584981357674
R-OSA-6787011.1|Jasmonic acid signaling	919	0.0943497595999531
R-OSA-6787011.1|Jasmonic acid signaling	920	0.174297371148006
R-OSA-6787011.1|Jasmonic acid signaling	921	0.272718455267524
R-OSA-6787011.1|Jasmonic acid signaling	922	0.117109849465978
R-OSA-6787011.1|Jasmonic acid signaling	923	0.340546938925858
R-OSA-6787011.1|Jasmonic acid signaling	924	0.111325849899926
R-OSA-6787011.1|Jasmonic acid signaling	925	0.637714930560051
R-OSA-6787011.1|Jasmonic acid signaling	926	0.365271729729244
R-OSA-6787011.1|Jasmonic acid signaling	927	0.368521299509129
R-OSA-6787011.1|Jasmonic acid signaling	928	0.0847513715158245
R-OSA-6787011.1|Jasmonic acid signaling	929	0.139176109439411
R-OSA-6787011.1|Jasmonic acid signaling	930	0.703879555659193
R-OSA-6787011.1|Jasmonic acid signaling	931	0.449312471567699
R-OSA-6787011.1|Jasmonic acid signaling	932	0.516110052891347
R-OSA-6787011.1|Jasmonic acid signaling	933	0.658283438010322
R-OSA-6787011.1|Jasmonic acid signaling	934	0.190037227025792
R-OSA-6787011.1|Jasmonic acid signaling	935	0.217638760427943
R-OSA-6787011.1|Jasmonic acid signaling	936	0.431560177455981
R-OSA-6787011.1|Jasmonic acid signaling	937	0.144298274625514
R-OSA-6787011.1|Jasmonic acid signaling	938	1.0464581097136
R-OSA-6787011.1|Jasmonic acid signaling	939	0.642505719096681
R-OSA-6787011.1|Jasmonic acid signaling	940	0.0735195623041978
R-OSA-6787011.1|Jasmonic acid signaling	941	0.150631270472879
R-OSA-6787011.1|Jasmonic acid signaling	942	0.0548432576043466
R-OSA-6787011.1|Jasmonic acid signaling	943	0.948135589163135
R-OSA-6787011.1|Jasmonic acid signaling	944	0.208212035315125
R-OSA-6787011.1|Jasmonic acid signaling	945	0.0992588483686387
R-OSA-6787011.1|Jasmonic acid signaling	946	0.505575202275095
R-OSA-6787011.1|Jasmonic acid signaling	947	0.0397941262384394
R-OSA-6787011.1|Jasmonic acid signaling	948	0.594601061132802
R-OSA-6787011.1|Jasmonic acid signaling	949	0.208366299022767
R-OSA-6787011.1|Jasmonic acid signaling	950	0.388239127856895
R-OSA-6787011.1|Jasmonic acid signaling	951	0.160331837903913
R-OSA-6787011.1|Jasmonic acid signaling	952	0.834434103910673
R-OSA-6787011.1|Jasmonic acid signaling	953	0.530539818283717
R-OSA-6787011.1|Jasmonic acid signaling	954	0.0200810467221098
R-OSA-6787011.1|Jasmonic acid signaling	955	0.305131983669252
R-OSA-6787011.1|Jasmonic acid signaling	956	0.29344235962577
R-OSA-6787011.1|Jasmonic acid signaling	957	1.42271487650594
R-OSA-6787011.1|Jasmonic acid signaling	958	0.323517317022861
R-OSA-6787011.1|Jasmonic acid signaling	959	0.032240724497717
R-OSA-6787011.1|Jasmonic acid signaling	960	0.514651666499571
R-OSA-6787011.1|Jasmonic acid signaling	961	0.131321121756473
R-OSA-6787011.1|Jasmonic acid signaling	962	0.752976656092798
R-OSA-6787011.1|Jasmonic acid signaling	963	0.603914487136055
R-OSA-6787011.1|Jasmonic acid signaling	964	0.931875455067417
R-OSA-6787011.1|Jasmonic acid signaling	965	0.127023273509229
R-OSA-6787011.1|Jasmonic acid signaling	966	0.003348965113047
R-OSA-6787011.1|Jasmonic acid signaling	967	0.368050586804906
R-OSA-6787011.1|Jasmonic acid signaling	968	0.178738469477169
R-OSA-6787011.1|Jasmonic acid signaling	969	0.445571687959285
R-OSA-6787011.1|Jasmonic acid signaling	970	0.199928038499563
R-OSA-6787011.1|Jasmonic acid signaling	971	0.234516540609478
R-OSA-6787011.1|Jasmonic acid signaling	972	0.719454651113523
R-OSA-6787011.1|Jasmonic acid signaling	973	0.314083919111698
R-OSA-6787011.1|Jasmonic acid signaling	974	0.374232800618292
R-OSA-6787011.1|Jasmonic acid signaling	975	0.407278369192705
R-OSA-6787011.1|Jasmonic acid signaling	976	0.401725185444678
R-OSA-6787011.1|Jasmonic acid signaling	977	0.649105119567855
R-OSA-6787011.1|Jasmonic acid signaling	978	0.0603989894414316
R-OSA-6787011.1|Jasmonic acid signaling	979	0.532460922600414
R-OSA-6787011.1|Jasmonic acid signaling	980	0.445902149040898
R-OSA-6787011.1|Jasmonic acid signaling	981	1.01378291551526
R-OSA-6787011.1|Jasmonic acid signaling	982	0.0170618113291034
R-OSA-6787011.1|Jasmonic acid signaling	983	0.241590510741745
R-OSA-6787011.1|Jasmonic acid signaling	984	0.422008767569966
R-OSA-6787011.1|Jasmonic acid signaling	985	0.893880391946678
R-OSA-6787011.1|Jasmonic acid signaling	986	0.0293574071637975
R-OSA-6787011.1|Jasmonic acid signaling	987	0.328480848178261
R-OSA-6787011.1|Jasmonic acid signaling	988	0.365369679819082
R-OSA-6787011.1|Jasmonic acid signaling	989	0.266382476404163
R-OSA-6787011.1|Jasmonic acid signaling	990	0.35759303182166
R-OSA-6787011.1|Jasmonic acid signaling	991	0.0230289080021171
R-OSA-6787011.1|Jasmonic acid signaling	992	0.441215974144004
R-OSA-6787011.1|Jasmonic acid signaling	993	0.0642705996848496
R-OSA-6787011.1|Jasmonic acid signaling	994	0.488647189032175
R-OSA-6787011.1|Jasmonic acid signaling	995	0.194721518609994
R-OSA-6787011.1|Jasmonic acid signaling	996	0.0820637535732413
R-OSA-6787011.1|Jasmonic acid signaling	997	0.299092089500075
R-OSA-6787011.1|Jasmonic acid signaling	998	0.525255281605135
R-OSA-6787011.1|Jasmonic acid signaling	999	0.230090162021929
R-OSA-6787011.1|Jasmonic acid signaling	1000	0.0244244404058127
R-OSA-8933811.1|Circadian rhythm	1	0.0547525523102721
R-OSA-8933811.1|Circadian rhythm	2	0.836667518564724
R-OSA-8933811.1|Circadian rhythm	3	0.0971253401105941
R-OSA-8933811.1|Circadian rhythm	4	0.932046056882548
R-OSA-8933811.1|Circadian rhythm	5	0.0024586368762302
R-OSA-8933811.1|Circadian rhythm	6	0.686808709760952
R-OSA-8933811.1|Circadian rhythm	7	0.377386796044509
R-OSA-8933811.1|Circadian rhythm	8	1.16430157822713
R-OSA-8933811.1|Circadian rhythm	9	0.36054434207889
R-OSA-8933811.1|Circadian rhythm	10	0.112734137211081
R-OSA-8933811.1|Circadian rhythm	11	0.230030352008437
R-OSA-8933811.1|Circadian rhythm	12	1.03631577908197
R-OSA-8933811.1|Circadian rhythm	13	0.726928012941082
R-OSA-8933811.1|Circadian rhythm	14	0.460493040070596
R-OSA-8933811.1|Circadian rhythm	15	0.0282472315442134
R-OSA-8933811.1|Circadian rhythm	16	0.614855858154671
R-OSA-8933811.1|Circadian rhythm	17	0.422929101291764
R-OSA-8933811.1|Circadian rhythm	18	0.343142344000825
R-OSA-8933811.1|Circadian rhythm	19	0.0938065707308543
R-OSA-8933811.1|Circadian rhythm	20	0.0737922858220708
R-OSA-8933811.1|Circadian rhythm	21	1.00964691548372
R-OSA-8933811.1|Circadian rhythm	22	0.226339612239328
R-OSA-8933811.1|Circadian rhythm	23	0.663278821075002
R-OSA-8933811.1|Circadian rhythm	24	0.269922968242879
R-OSA-8933811.1|Circadian rhythm	25	0.0864835238991064
R-OSA-8933811.1|Circadian rhythm	26	0.396367531263978
R-OSA-8933811.1|Circadian rhythm	27	0.446726025858047
R-OSA-8933811.1|Circadian rhythm	28	0.770094645223896
R-OSA-8933811.1|Circadian rhythm	29	0.125172900308674
R-OSA-8933811.1|Circadian rhythm	30	0.0191587207471483
R-OSA-8933811.1|Circadian rhythm	31	0.377020058200802
R-OSA-8933811.1|Circadian rhythm	32	0.149876023346527
R-OSA-8933811.1|Circadian rhythm	33	0.035414549597548
R-OSA-8933811.1|Circadian rhythm	34	0.153592942350552
R-OSA-8933811.1|Circadian rhythm	35	0.359887065488866
R-OSA-8933811.1|Circadian rhythm	36	0.141720993489069
R-OSA-8933811.1|Circadian rhythm	37	0.951764510511073
R-OSA-8933811.1|Circadian rhythm	38	1.02413540803721
R-OSA-8933811.1|Circadian rhythm	39	0.109593076329533
R-OSA-8933811.1|Circadian rhythm	40	0.588726260397561
R-OSA-8933811.1|Circadian rhythm	41	0.522789199912311
R-OSA-8933811.1|Circadian rhythm	42	0.09507177546252
R-OSA-8933811.1|Circadian rhythm	43	0.698630414667441
R-OSA-8933811.1|Circadian rhythm	44	0.208548101326821
R-OSA-8933811.1|Circadian rhythm	45	0.364023313696821
R-OSA-8933811.1|Circadian rhythm	46	0.350830506046801
R-OSA-8933811.1|Circadian rhythm	47	0.668559730950084
R-OSA-8933811.1|Circadian rhythm	48	0.693540676575916
R-OSA-8933811.1|Circadian rhythm	49	0.0948154298655399
R-OSA-8933811.1|Circadian rhythm	50	0.106350769894232
R-OSA-8933811.1|Circadian rhythm	51	0.407157610212915
R-OSA-8933811.1|Circadian rhythm	52	0.713894302166041
R-OSA-8933811.1|Circadian rhythm	53	1.08398099437856
R-OSA-8933811.1|Circadian rhythm	54	0.358675068266947
R-OSA-8933811.1|Circadian rhythm	55	0.587585320291025
R-OSA-8933811.1|Circadian rhythm	56	0.552377326465499
R-OSA-8933811.1|Circadian rhythm	57	0.79808156539651
R-OSA-8933811.1|Circadian rhythm	58	0.614243612659021
R-OSA-8933811.1|Circadian rhythm	59	0.668244429769454
R-OSA-8933811.1|Circadian rhythm	60	0.328717189709751
R-OSA-8933811.1|Circadian rhythm	61	0.639770862617894
R-OSA-8933811.1|Circadian rhythm	62	1.36694412811931
R-OSA-8933811.1|Circadian rhythm	63	0.269369236115815
R-OSA-8933811.1|Circadian rhythm	64	0.274759514031964
R-OSA-8933811.1|Circadian rhythm	65	0.27658119866156
R-OSA-8933811.1|Circadian rhythm	66	0.29882400377499
R-OSA-8933811.1|Circadian rhythm	67	1.24601573124777
R-OSA-8933811.1|Circadian rhythm	68	0.0904577475135668
R-OSA-8933811.1|Circadian rhythm	69	0.876607330797427
R-OSA-8933811.1|Circadian rhythm	70	0.245825572161561
R-OSA-8933811.1|Circadian rhythm	71	0.092862284891864
R-OSA-8933811.1|Circadian rhythm	72	0.640352725388737
R-OSA-8933811.1|Circadian rhythm	73	1.04344221682344
R-OSA-8933811.1|Circadian rhythm	74	0.550750165056441
R-OSA-8933811.1|Circadian rhythm	75	0.35551555517488
R-OSA-8933811.1|Circadian rhythm	76	0.0154188683510165
R-OSA-8933811.1|Circadian rhythm	77	0.488741533229231
R-OSA-8933811.1|Circadian rhythm	78	0.22061284252156
R-OSA-8933811.1|Circadian rhythm	79	0.289853784736707
R-OSA-8933811.1|Circadian rhythm	80	0.271203652827053
R-OSA-8933811.1|Circadian rhythm	81	0.0616211681754556
R-OSA-8933811.1|Circadian rhythm	82	0.0585415438385123
R-OSA-8933811.1|Circadian rhythm	83	0.823674812750123
R-OSA-8933811.1|Circadian rhythm	84	0.185311984386482
R-OSA-8933811.1|Circadian rhythm	85	0.106871026356561
R-OSA-8933811.1|Circadian rhythm	86	0.7839045217079
R-OSA-8933811.1|Circadian rhythm	87	0.239622585376761
R-OSA-8933811.1|Circadian rhythm	88	0.307006765470063
R-OSA-8933811.1|Circadian rhythm	89	0.0332465828667209
R-OSA-8933811.1|Circadian rhythm	90	0.318704232461342
R-OSA-8933811.1|Circadian rhythm	91	0.142076733909252
R-OSA-8933811.1|Circadian rhythm	92	0.109857931236618
R-OSA-8933811.1|Circadian rhythm	93	0.0348610235762299
R-OSA-8933811.1|Circadian rhythm	94	0.972200625163897
R-OSA-8933811.1|Circadian rhythm	95	0.15930151261519
R-OSA-8933811.1|Circadian rhythm	96	0.440320477435161
R-OSA-8933811.1|Circadian rhythm	97	0.729751591711934
R-OSA-8933811.1|Circadian rhythm	98	0.781366149097721
R-OSA-8933811.1|Circadian rhythm	99	0.309794025004622
R-OSA-8933811.1|Circadian rhythm	100	0.0336354569377214
R-OSA-8933811.1|Circadian rhythm	101	0.306806563101235
R-OSA-8933811.1|Circadian rhythm	102	0.385076580392464
R-OSA-8933811.1|Circadian rhythm	103	0.225602935559872
R-OSA-8933811.1|Circadian rhythm	104	0.230771944109036
R-OSA-8933811.1|Circadian rhythm	105	1.29023453542918
R-OSA-8933811.1|Circadian rhythm	106	0.299797122166041
R-OSA-8933811.1|Circadian rhythm	107	0.0393791696975167
R-OSA-8933811.1|Circadian rhythm	108	0.134522388499005
R-OSA-8933811.1|Circadian rhythm	109	1.25529429904115
R-OSA-8933811.1|Circadian rhythm	110	0.0984795854239798
R-OSA-8933811.1|Circadian rhythm	111	0.0219724466126571
R-OSA-8933811.1|Circadian rhythm	112	0.059436308650487
R-OSA-8933811.1|Circadian rhythm	113	0.442404604948526
R-OSA-8933811.1|Circadian rhythm	114	0.0140206998761455
R-OSA-8933811.1|Circadian rhythm	115	0.602105975042726
R-OSA-8933811.1|Circadian rhythm	116	0.181153961371741
R-OSA-8933811.1|Circadian rhythm	117	0.122987438814263
R-OSA-8933811.1|Circadian rhythm	118	0.450783986463714
R-OSA-8933811.1|Circadian rhythm	119	0.398528125302254
R-OSA-8933811.1|Circadian rhythm	120	0.312330988393754
R-OSA-8933811.1|Circadian rhythm	121	0.00927636229992346
R-OSA-8933811.1|Circadian rhythm	122	0.709989417494041
R-OSA-8933811.1|Circadian rhythm	123	0.294885940518893
R-OSA-8933811.1|Circadian rhythm	124	0.0108953178950025
R-OSA-8933811.1|Circadian rhythm	125	0.14903860090245
R-OSA-8933811.1|Circadian rhythm	126	1.02085618089385
R-OSA-8933811.1|Circadian rhythm	127	0.20047806852538
R-OSA-8933811.1|Circadian rhythm	128	0.516017410885404
R-OSA-8933811.1|Circadian rhythm	129	0.0834499518427281
R-OSA-8933811.1|Circadian rhythm	130	0.470607172663553
R-OSA-8933811.1|Circadian rhythm	131	1.13496145382483
R-OSA-8933811.1|Circadian rhythm	132	0.224919295492376
R-OSA-8933811.1|Circadian rhythm	133	0.0207159731937698
R-OSA-8933811.1|Circadian rhythm	134	1.14443451387014
R-OSA-8933811.1|Circadian rhythm	135	0.0551968973980772
R-OSA-8933811.1|Circadian rhythm	136	0.455823993941734
R-OSA-8933811.1|Circadian rhythm	137	0.628662645309543
R-OSA-8933811.1|Circadian rhythm	138	0.37994711980089
R-OSA-8933811.1|Circadian rhythm	139	0.456228774998449
R-OSA-8933811.1|Circadian rhythm	140	0.0248794481942656
R-OSA-8933811.1|Circadian rhythm	141	0.691600215064057
R-OSA-8933811.1|Circadian rhythm	142	0.27307689122499
R-OSA-8933811.1|Circadian rhythm	143	0.42656016416753
R-OSA-8933811.1|Circadian rhythm	144	0.103079487766819
R-OSA-8933811.1|Circadian rhythm	145	0.297612021124972
R-OSA-8933811.1|Circadian rhythm	146	0.270638483767942
R-OSA-8933811.1|Circadian rhythm	147	0.203094220459668
R-OSA-8933811.1|Circadian rhythm	148	0.501052922719416
R-OSA-8933811.1|Circadian rhythm	149	0.861368796682042
R-OSA-8933811.1|Circadian rhythm	150	0.531338258417481
R-OSA-8933811.1|Circadian rhythm	151	0.133864041844875
R-OSA-8933811.1|Circadian rhythm	152	0.438625182037963
R-OSA-8933811.1|Circadian rhythm	153	0.313286947510817
R-OSA-8933811.1|Circadian rhythm	154	0.276320227309518
R-OSA-8933811.1|Circadian rhythm	155	0.277422093582557
R-OSA-8933811.1|Circadian rhythm	156	0.200654644067752
R-OSA-8933811.1|Circadian rhythm	157	0.331189743717094
R-OSA-8933811.1|Circadian rhythm	158	1.34235999031505
R-OSA-8933811.1|Circadian rhythm	159	0.715129228829254
R-OSA-8933811.1|Circadian rhythm	160	0.258027952118963
R-OSA-8933811.1|Circadian rhythm	161	0.251642784727298
R-OSA-8933811.1|Circadian rhythm	162	0.951919789796366
R-OSA-8933811.1|Circadian rhythm	163	0.252955595521984
R-OSA-8933811.1|Circadian rhythm	164	0.674144121057469
R-OSA-8933811.1|Circadian rhythm	165	0.689611445942878
R-OSA-8933811.1|Circadian rhythm	166	0.322269503231109
R-OSA-8933811.1|Circadian rhythm	167	0.444368000833691
R-OSA-8933811.1|Circadian rhythm	168	0.671149728643788
R-OSA-8933811.1|Circadian rhythm	169	0.024462307661964
R-OSA-8933811.1|Circadian rhythm	170	1.16705678567169
R-OSA-8933811.1|Circadian rhythm	171	0.284703465601602
R-OSA-8933811.1|Circadian rhythm	172	1.13691449782823
R-OSA-8933811.1|Circadian rhythm	173	0.0315639833041846
R-OSA-8933811.1|Circadian rhythm	174	0.191478015552947
R-OSA-8933811.1|Circadian rhythm	175	0.285003818852262
R-OSA-8933811.1|Circadian rhythm	176	0.541326820659752
R-OSA-8933811.1|Circadian rhythm	177	0.9987452284406
R-OSA-8933811.1|Circadian rhythm	178	0.739836745131978
R-OSA-8933811.1|Circadian rhythm	179	0.467573111934777
R-OSA-8933811.1|Circadian rhythm	180	0.0296480697399598
R-OSA-8933811.1|Circadian rhythm	181	0.0278625366557157
R-OSA-8933811.1|Circadian rhythm	182	0.244649582509975
R-OSA-8933811.1|Circadian rhythm	183	0.387158430713525
R-OSA-8933811.1|Circadian rhythm	184	0.339267162982197
R-OSA-8933811.1|Circadian rhythm	185	0.545462913341264
R-OSA-8933811.1|Circadian rhythm	186	0.0319199350045911
R-OSA-8933811.1|Circadian rhythm	187	0.199164986954148
R-OSA-8933811.1|Circadian rhythm	188	0.852378137943686
R-OSA-8933811.1|Circadian rhythm	189	0.0233397366098469
R-OSA-8933811.1|Circadian rhythm	190	0.208671081097718
R-OSA-8933811.1|Circadian rhythm	191	0.205204719985861
R-OSA-8933811.1|Circadian rhythm	192	0.418359480699156
R-OSA-8933811.1|Circadian rhythm	193	0.27336327644187
R-OSA-8933811.1|Circadian rhythm	194	0.702404247011793
R-OSA-8933811.1|Circadian rhythm	195	0.496256881900815
R-OSA-8933811.1|Circadian rhythm	196	0.675562869938147
R-OSA-8933811.1|Circadian rhythm	197	0.18616802837525
R-OSA-8933811.1|Circadian rhythm	198	0.255803663743764
R-OSA-8933811.1|Circadian rhythm	199	0.35327179066846
R-OSA-8933811.1|Circadian rhythm	200	0.682723848303618
R-OSA-8933811.1|Circadian rhythm	201	0.0165619962347988
R-OSA-8933811.1|Circadian rhythm	202	0.0504867445279344
R-OSA-8933811.1|Circadian rhythm	203	0.0728514529203125
R-OSA-8933811.1|Circadian rhythm	204	0.616194620394846
R-OSA-8933811.1|Circadian rhythm	205	0.887249294601246
R-OSA-8933811.1|Circadian rhythm	206	0.265344624277101
R-OSA-8933811.1|Circadian rhythm	207	0.101517012781477
R-OSA-8933811.1|Circadian rhythm	208	0.524276336821013
R-OSA-8933811.1|Circadian rhythm	209	0.215235249732643
R-OSA-8933811.1|Circadian rhythm	210	0.856320318884786
R-OSA-8933811.1|Circadian rhythm	211	0.596760123851441
R-OSA-8933811.1|Circadian rhythm	212	0.837605920099479
R-OSA-8933811.1|Circadian rhythm	213	0.527615988421141
R-OSA-8933811.1|Circadian rhythm	214	0.0112699957113285
R-OSA-8933811.1|Circadian rhythm	215	0.699736147602894
R-OSA-8933811.1|Circadian rhythm	216	0.0864320759684482
R-OSA-8933811.1|Circadian rhythm	217	0.385136259856756
R-OSA-8933811.1|Circadian rhythm	218	0.604935357791801
R-OSA-8933811.1|Circadian rhythm	219	0.231623475054499
R-OSA-8933811.1|Circadian rhythm	220	0.534942696303467
R-OSA-8933811.1|Circadian rhythm	221	0.0673308535814327
R-OSA-8933811.1|Circadian rhythm	222	0.159284797790259
R-OSA-8933811.1|Circadian rhythm	223	1.17969267582266
R-OSA-8933811.1|Circadian rhythm	224	0.738449881177808
R-OSA-8933811.1|Circadian rhythm	225	0.953065323080262
R-OSA-8933811.1|Circadian rhythm	226	0.0312735681738121
R-OSA-8933811.1|Circadian rhythm	227	0.038607355958199
R-OSA-8933811.1|Circadian rhythm	228	0.701545507582005
R-OSA-8933811.1|Circadian rhythm	229	0.0697767787757521
R-OSA-8933811.1|Circadian rhythm	230	0.343726919152635
R-OSA-8933811.1|Circadian rhythm	231	0.0270216863361969
R-OSA-8933811.1|Circadian rhythm	232	0.0572494151657658
R-OSA-8933811.1|Circadian rhythm	233	1.05249032785187
R-OSA-8933811.1|Circadian rhythm	234	0.0132239199390829
R-OSA-8933811.1|Circadian rhythm	235	0.832607495905504
R-OSA-8933811.1|Circadian rhythm	236	0.0372322006172192
R-OSA-8933811.1|Circadian rhythm	237	0.539804907643168
R-OSA-8933811.1|Circadian rhythm	238	1.48919709640003
R-OSA-8933811.1|Circadian rhythm	239	0.7468379564916
R-OSA-8933811.1|Circadian rhythm	240	0.509439478177486
R-OSA-8933811.1|Circadian rhythm	241	0.468416878184672
R-OSA-8933811.1|Circadian rhythm	242	0.596573789182796
R-OSA-8933811.1|Circadian rhythm	243	0.748876292559703
R-OSA-8933811.1|Circadian rhythm	244	0.275670568484996
R-OSA-8933811.1|Circadian rhythm	245	0.100390111990744
R-OSA-8933811.1|Circadian rhythm	246	0.01209742209354
R-OSA-8933811.1|Circadian rhythm	247	0.48997917935598
R-OSA-8933811.1|Circadian rhythm	248	0.754293563131218
R-OSA-8933811.1|Circadian rhythm	249	0.726102796195117
R-OSA-8933811.1|Circadian rhythm	250	0.251462258394418
R-OSA-8933811.1|Circadian rhythm	251	0.763995731060788
R-OSA-8933811.1|Circadian rhythm	252	0.526084292838626
R-OSA-8933811.1|Circadian rhythm	253	0.175867318060553
R-OSA-8933811.1|Circadian rhythm	254	0.534885605701623
R-OSA-8933811.1|Circadian rhythm	255	0.230921351151557
R-OSA-8933811.1|Circadian rhythm	256	0.494503960556255
R-OSA-8933811.1|Circadian rhythm	257	0.282030608363915
R-OSA-8933811.1|Circadian rhythm	258	0.0218973948975983
R-OSA-8933811.1|Circadian rhythm	259	0.285599213591882
R-OSA-8933811.1|Circadian rhythm	260	0.0321026726868709
R-OSA-8933811.1|Circadian rhythm	261	1.10631345884855
R-OSA-8933811.1|Circadian rhythm	262	0.483188610742737
R-OSA-8933811.1|Circadian rhythm	263	0.525967441930504
R-OSA-8933811.1|Circadian rhythm	264	0.185493544043994
R-OSA-8933811.1|Circadian rhythm	265	0.481584447707466
R-OSA-8933811.1|Circadian rhythm	266	0.671429590173053
R-OSA-8933811.1|Circadian rhythm	267	0.348175383214381
R-OSA-8933811.1|Circadian rhythm	268	0.380393720400725
R-OSA-8933811.1|Circadian rhythm	269	0.894067093851291
R-OSA-8933811.1|Circadian rhythm	270	1.0107456657589
R-OSA-8933811.1|Circadian rhythm	271	0.0889866650736405
R-OSA-8933811.1|Circadian rhythm	272	0.0558931228681237
R-OSA-8933811.1|Circadian rhythm	273	0.174173934604699
R-OSA-8933811.1|Circadian rhythm	274	0.176338272299777
R-OSA-8933811.1|Circadian rhythm	275	1.12893929990402
R-OSA-8933811.1|Circadian rhythm	276	1.13424697377617
R-OSA-8933811.1|Circadian rhythm	277	0.0366662305067959
R-OSA-8933811.1|Circadian rhythm	278	0.0840424401033606
R-OSA-8933811.1|Circadian rhythm	279	0.314790078155797
R-OSA-8933811.1|Circadian rhythm	280	0.342801014696094
R-OSA-8933811.1|Circadian rhythm	281	0.380297240209922
R-OSA-8933811.1|Circadian rhythm	282	0.14108142888171
R-OSA-8933811.1|Circadian rhythm	283	0.119763586733493
R-OSA-8933811.1|Circadian rhythm	284	0.24896345352658
R-OSA-8933811.1|Circadian rhythm	285	0.499671113597945
R-OSA-8933811.1|Circadian rhythm	286	0.791116665976186
R-OSA-8933811.1|Circadian rhythm	287	0.182330618232121
R-OSA-8933811.1|Circadian rhythm	288	0.622222916391352
R-OSA-8933811.1|Circadian rhythm	289	0.0404107820678384
R-OSA-8933811.1|Circadian rhythm	290	0.260523795806612
R-OSA-8933811.1|Circadian rhythm	291	0.252763726953142
R-OSA-8933811.1|Circadian rhythm	292	0.0773991172353202
R-OSA-8933811.1|Circadian rhythm	293	1.0486807736508
R-OSA-8933811.1|Circadian rhythm	294	0.301630776792431
R-OSA-8933811.1|Circadian rhythm	295	0.256851511668613
R-OSA-8933811.1|Circadian rhythm	296	0.207519721072782
R-OSA-8933811.1|Circadian rhythm	297	0.250950380400544
R-OSA-8933811.1|Circadian rhythm	298	0.178992357595968
R-OSA-8933811.1|Circadian rhythm	299	0.0146780566727689
R-OSA-8933811.1|Circadian rhythm	300	0.0362673932226888
R-OSA-8933811.1|Circadian rhythm	301	0.224808061649521
R-OSA-8933811.1|Circadian rhythm	302	0.274960143629802
R-OSA-8933811.1|Circadian rhythm	303	0.158831155440887
R-OSA-8933811.1|Circadian rhythm	304	0.758857764584999
R-OSA-8933811.1|Circadian rhythm	305	0.430851245487346
R-OSA-8933811.1|Circadian rhythm	306	0.738102004907066
R-OSA-8933811.1|Circadian rhythm	307	0.167779763606691
R-OSA-8933811.1|Circadian rhythm	308	0.26354157588297
R-OSA-8933811.1|Circadian rhythm	309	0.0565061465421301
R-OSA-8933811.1|Circadian rhythm	310	0.0510761093324997
R-OSA-8933811.1|Circadian rhythm	311	0.514456127964097
R-OSA-8933811.1|Circadian rhythm	312	0.595535929484794
R-OSA-8933811.1|Circadian rhythm	313	0.421258174371506
R-OSA-8933811.1|Circadian rhythm	314	0.352795610291069
R-OSA-8933811.1|Circadian rhythm	315	0.0647075967588443
R-OSA-8933811.1|Circadian rhythm	316	0.201613838248363
R-OSA-8933811.1|Circadian rhythm	317	0.0448947589817817
R-OSA-8933811.1|Circadian rhythm	318	0.1832405825229
R-OSA-8933811.1|Circadian rhythm	319	0.532991167663615
R-OSA-8933811.1|Circadian rhythm	320	0.105220086525426
R-OSA-8933811.1|Circadian rhythm	321	0.233294982026489
R-OSA-8933811.1|Circadian rhythm	322	0.530899910234404
R-OSA-8933811.1|Circadian rhythm	323	0.0285386591702352
R-OSA-8933811.1|Circadian rhythm	324	0.404966302531405
R-OSA-8933811.1|Circadian rhythm	325	0.0812642829459885
R-OSA-8933811.1|Circadian rhythm	326	0.0725211116878694
R-OSA-8933811.1|Circadian rhythm	327	0.0382666512792826
R-OSA-8933811.1|Circadian rhythm	328	0.313804694260265
R-OSA-8933811.1|Circadian rhythm	329	0.516222176541936
R-OSA-8933811.1|Circadian rhythm	330	0.0511104685370602
R-OSA-8933811.1|Circadian rhythm	331	0.0825880023782543
R-OSA-8933811.1|Circadian rhythm	332	0.888783852744939
R-OSA-8933811.1|Circadian rhythm	333	0.0306222284762789
R-OSA-8933811.1|Circadian rhythm	334	0.0836906550558379
R-OSA-8933811.1|Circadian rhythm	335	0.0126682489765995
R-OSA-8933811.1|Circadian rhythm	336	0.00711251814534497
R-OSA-8933811.1|Circadian rhythm	337	0.331819278097946
R-OSA-8933811.1|Circadian rhythm	338	0.617410600422341
R-OSA-8933811.1|Circadian rhythm	339	0.508414687027908
R-OSA-8933811.1|Circadian rhythm	340	0.641733767337052
R-OSA-8933811.1|Circadian rhythm	341	0.269186765392797
R-OSA-8933811.1|Circadian rhythm	342	0.106067074712185
R-OSA-8933811.1|Circadian rhythm	343	1.03045788774537
R-OSA-8933811.1|Circadian rhythm	344	0.213561750870864
R-OSA-8933811.1|Circadian rhythm	345	0.405836223520614
R-OSA-8933811.1|Circadian rhythm	346	0.149149394726265
R-OSA-8933811.1|Circadian rhythm	347	0.383651800131929
R-OSA-8933811.1|Circadian rhythm	348	1.29167642379768
R-OSA-8933811.1|Circadian rhythm	349	0.000738739880094997
R-OSA-8933811.1|Circadian rhythm	350	0.0816246365141223
R-OSA-8933811.1|Circadian rhythm	351	1.11779334171287
R-OSA-8933811.1|Circadian rhythm	352	0.0458555468054014
R-OSA-8933811.1|Circadian rhythm	353	0.456827868262833
R-OSA-8933811.1|Circadian rhythm	354	0.196259976976661
R-OSA-8933811.1|Circadian rhythm	355	0.197583637904168
R-OSA-8933811.1|Circadian rhythm	356	0.0919289620431363
R-OSA-8933811.1|Circadian rhythm	357	0.139634882501804
R-OSA-8933811.1|Circadian rhythm	358	0.0328395785073791
R-OSA-8933811.1|Circadian rhythm	359	0.256423018663271
R-OSA-8933811.1|Circadian rhythm	360	0.529229278563195
R-OSA-8933811.1|Circadian rhythm	361	0.201581861949315
R-OSA-8933811.1|Circadian rhythm	362	0.0877770417505528
R-OSA-8933811.1|Circadian rhythm	363	0.248425951919147
R-OSA-8933811.1|Circadian rhythm	364	0.153980729540589
R-OSA-8933811.1|Circadian rhythm	365	0.455809132072494
R-OSA-8933811.1|Circadian rhythm	366	0.377188345575736
R-OSA-8933811.1|Circadian rhythm	367	0.277957312378228
R-OSA-8933811.1|Circadian rhythm	368	0.314995298134716
R-OSA-8933811.1|Circadian rhythm	369	0.0912194192564612
R-OSA-8933811.1|Circadian rhythm	370	0.448341339124531
R-OSA-8933811.1|Circadian rhythm	371	0.666374484892853
R-OSA-8933811.1|Circadian rhythm	372	0.251611046659791
R-OSA-8933811.1|Circadian rhythm	373	0.0838488126728353
R-OSA-8933811.1|Circadian rhythm	374	0.944718806351836
R-OSA-8933811.1|Circadian rhythm	375	0.612235846241028
R-OSA-8933811.1|Circadian rhythm	376	0.338678584543267
R-OSA-8933811.1|Circadian rhythm	377	0.249802458971523
R-OSA-8933811.1|Circadian rhythm	378	0.261928062648899
R-OSA-8933811.1|Circadian rhythm	379	0.127029087891665
R-OSA-8933811.1|Circadian rhythm	380	0.52953446742013
R-OSA-8933811.1|Circadian rhythm	381	0.0342650515851114
R-OSA-8933811.1|Circadian rhythm	382	0.132829842598262
R-OSA-8933811.1|Circadian rhythm	383	0.125784125327959
R-OSA-8933811.1|Circadian rhythm	384	0.0167160447051372
R-OSA-8933811.1|Circadian rhythm	385	0.510243488910183
R-OSA-8933811.1|Circadian rhythm	386	0.629276470890529
R-OSA-8933811.1|Circadian rhythm	387	0.405966240839977
R-OSA-8933811.1|Circadian rhythm	388	0.10135657197155
R-OSA-8933811.1|Circadian rhythm	389	0.171419087028111
R-OSA-8933811.1|Circadian rhythm	390	0.47986249686853
R-OSA-8933811.1|Circadian rhythm	391	0.286483048853513
R-OSA-8933811.1|Circadian rhythm	392	0.346107966197087
R-OSA-8933811.1|Circadian rhythm	393	0.056788098937899
R-OSA-8933811.1|Circadian rhythm	394	0.4741389151233
R-OSA-8933811.1|Circadian rhythm	395	0.594086858447134
R-OSA-8933811.1|Circadian rhythm	396	0.0128174168513309
R-OSA-8933811.1|Circadian rhythm	397	0.695000081034172
R-OSA-8933811.1|Circadian rhythm	398	0.200344175835017
R-OSA-8933811.1|Circadian rhythm	399	0.465658478576114
R-OSA-8933811.1|Circadian rhythm	400	0.140607134637674
R-OSA-8933811.1|Circadian rhythm	401	0.274795925540461
R-OSA-8933811.1|Circadian rhythm	402	0.185090678372715
R-OSA-8933811.1|Circadian rhythm	403	0.66018763889953
R-OSA-8933811.1|Circadian rhythm	404	0.0614050599232811
R-OSA-8933811.1|Circadian rhythm	405	0.447331110482353
R-OSA-8933811.1|Circadian rhythm	406	0.269585813587939
R-OSA-8933811.1|Circadian rhythm	407	0.222613782511274
R-OSA-8933811.1|Circadian rhythm	408	0.227593992511099
R-OSA-8933811.1|Circadian rhythm	409	0.276203751488665
R-OSA-8933811.1|Circadian rhythm	410	0.212475750605072
R-OSA-8933811.1|Circadian rhythm	411	0.255852480550551
R-OSA-8933811.1|Circadian rhythm	412	0.0279865766676799
R-OSA-8933811.1|Circadian rhythm	413	0.0369066470619085
R-OSA-8933811.1|Circadian rhythm	414	0.272789961249236
R-OSA-8933811.1|Circadian rhythm	415	0.526702718689983
R-OSA-8933811.1|Circadian rhythm	416	0.346186151690449
R-OSA-8933811.1|Circadian rhythm	417	0.0310485280443
R-OSA-8933811.1|Circadian rhythm	418	0.189010535073764
R-OSA-8933811.1|Circadian rhythm	419	0.43008658192424
R-OSA-8933811.1|Circadian rhythm	420	0.734257522179691
R-OSA-8933811.1|Circadian rhythm	421	0.101326791496742
R-OSA-8933811.1|Circadian rhythm	422	0.337385295687561
R-OSA-8933811.1|Circadian rhythm	423	0.0406405731332961
R-OSA-8933811.1|Circadian rhythm	424	0.437588796096475
R-OSA-8933811.1|Circadian rhythm	425	0.885836665065479
R-OSA-8933811.1|Circadian rhythm	426	0.458707419518036
R-OSA-8933811.1|Circadian rhythm	427	0.449021047706274
R-OSA-8933811.1|Circadian rhythm	428	0.393971722631588
R-OSA-8933811.1|Circadian rhythm	429	0.306731690605236
R-OSA-8933811.1|Circadian rhythm	430	0.189969603948595
R-OSA-8933811.1|Circadian rhythm	431	0.375115402497694
R-OSA-8933811.1|Circadian rhythm	432	0.187295599763814
R-OSA-8933811.1|Circadian rhythm	433	0.140239958164068
R-OSA-8933811.1|Circadian rhythm	434	0.665140186986273
R-OSA-8933811.1|Circadian rhythm	435	0.115004844362583
R-OSA-8933811.1|Circadian rhythm	436	0.152473529595104
R-OSA-8933811.1|Circadian rhythm	437	0.346550313520679
R-OSA-8933811.1|Circadian rhythm	438	0.0512551502290866
R-OSA-8933811.1|Circadian rhythm	439	0.221479309215214
R-OSA-8933811.1|Circadian rhythm	440	0.337124566339833
R-OSA-8933811.1|Circadian rhythm	441	0.0678120316609197
R-OSA-8933811.1|Circadian rhythm	442	0.0603562270309978
R-OSA-8933811.1|Circadian rhythm	443	0.188571012641033
R-OSA-8933811.1|Circadian rhythm	444	0.510521433527803
R-OSA-8933811.1|Circadian rhythm	445	0.581402241750032
R-OSA-8933811.1|Circadian rhythm	446	0.595458832745616
R-OSA-8933811.1|Circadian rhythm	447	0.020428612671437
R-OSA-8933811.1|Circadian rhythm	448	0.0492729316940394
R-OSA-8933811.1|Circadian rhythm	449	0.124941637424163
R-OSA-8933811.1|Circadian rhythm	450	0.0118547753133772
R-OSA-8933811.1|Circadian rhythm	451	0.253347640669094
R-OSA-8933811.1|Circadian rhythm	452	0.534787985564469
R-OSA-8933811.1|Circadian rhythm	453	0.512764121585045
R-OSA-8933811.1|Circadian rhythm	454	0.238351583019752
R-OSA-8933811.1|Circadian rhythm	455	0.0509289403406928
R-OSA-8933811.1|Circadian rhythm	456	1.00237498392672
R-OSA-8933811.1|Circadian rhythm	457	0.372224170755398
R-OSA-8933811.1|Circadian rhythm	458	0.0201111984279085
R-OSA-8933811.1|Circadian rhythm	459	0.525229096287718
R-OSA-8933811.1|Circadian rhythm	460	0.117611370358172
R-OSA-8933811.1|Circadian rhythm	461	0.568848520798292
R-OSA-8933811.1|Circadian rhythm	462	0.0973000326001719
R-OSA-8933811.1|Circadian rhythm	463	0.575874382406334
R-OSA-8933811.1|Circadian rhythm	464	0.305303853166851
R-OSA-8933811.1|Circadian rhythm	465	0.176060920195849
R-OSA-8933811.1|Circadian rhythm	466	0.856892478951409
R-OSA-8933811.1|Circadian rhythm	467	0.354295864902774
R-OSA-8933811.1|Circadian rhythm	468	0.670047561032157
R-OSA-8933811.1|Circadian rhythm	469	0.726760194393726
R-OSA-8933811.1|Circadian rhythm	470	0.371441148913952
R-OSA-8933811.1|Circadian rhythm	471	0.781257890922779
R-OSA-8933811.1|Circadian rhythm	472	0.0751482772471162
R-OSA-8933811.1|Circadian rhythm	473	0.696459110033711
R-OSA-8933811.1|Circadian rhythm	474	0.0242654655650012
R-OSA-8933811.1|Circadian rhythm	475	0.300804340093783
R-OSA-8933811.1|Circadian rhythm	476	0.0475010990476846
R-OSA-8933811.1|Circadian rhythm	477	0.0989686413223597
R-OSA-8933811.1|Circadian rhythm	478	0.0148601031670092
R-OSA-8933811.1|Circadian rhythm	479	0.441167569951279
R-OSA-8933811.1|Circadian rhythm	480	0.183632834791156
R-OSA-8933811.1|Circadian rhythm	481	0.304974934334205
R-OSA-8933811.1|Circadian rhythm	482	0.566190368249418
R-OSA-8933811.1|Circadian rhythm	483	0.753391982849926
R-OSA-8933811.1|Circadian rhythm	484	0.372475742790669
R-OSA-8933811.1|Circadian rhythm	485	0.284725897329029
R-OSA-8933811.1|Circadian rhythm	486	0.264839390399607
R-OSA-8933811.1|Circadian rhythm	487	0.297321097376737
R-OSA-8933811.1|Circadian rhythm	488	0.825744437386424
R-OSA-8933811.1|Circadian rhythm	489	0.306757200300007
R-OSA-8933811.1|Circadian rhythm	490	0.540358634472737
R-OSA-8933811.1|Circadian rhythm	491	0.0240630692088723
R-OSA-8933811.1|Circadian rhythm	492	0.16004781789544
R-OSA-8933811.1|Circadian rhythm	493	0.245150550435063
R-OSA-8933811.1|Circadian rhythm	494	0.978250081092708
R-OSA-8933811.1|Circadian rhythm	495	0.731968957378483
R-OSA-8933811.1|Circadian rhythm	496	0.444335290436313
R-OSA-8933811.1|Circadian rhythm	497	0.0896941217719452
R-OSA-8933811.1|Circadian rhythm	498	0.0308559894656574
R-OSA-8933811.1|Circadian rhythm	499	0.309323061430498
R-OSA-8933811.1|Circadian rhythm	500	0.43991487594034
R-OSA-8933811.1|Circadian rhythm	501	0.088528081058561
R-OSA-8933811.1|Circadian rhythm	502	0.818737005224364
R-OSA-8933811.1|Circadian rhythm	503	0.2047401007737
R-OSA-8933811.1|Circadian rhythm	504	0.0469597735567545
R-OSA-8933811.1|Circadian rhythm	505	0.201588618012173
R-OSA-8933811.1|Circadian rhythm	506	0.639331659232604
R-OSA-8933811.1|Circadian rhythm	507	0.497990151871368
R-OSA-8933811.1|Circadian rhythm	508	0.220578899078155
R-OSA-8933811.1|Circadian rhythm	509	0.258149264265469
R-OSA-8933811.1|Circadian rhythm	510	0.466601071302384
R-OSA-8933811.1|Circadian rhythm	511	0.427916332070586
R-OSA-8933811.1|Circadian rhythm	512	0.561969211397454
R-OSA-8933811.1|Circadian rhythm	513	0.384051343141146
R-OSA-8933811.1|Circadian rhythm	514	1.31806307493229
R-OSA-8933811.1|Circadian rhythm	515	0.44619197947635
R-OSA-8933811.1|Circadian rhythm	516	0.792062267564512
R-OSA-8933811.1|Circadian rhythm	517	0.654502341751792
R-OSA-8933811.1|Circadian rhythm	518	0.384493378096231
R-OSA-8933811.1|Circadian rhythm	519	0.157191131802651
R-OSA-8933811.1|Circadian rhythm	520	0.120962891307169
R-OSA-8933811.1|Circadian rhythm	521	0.326427309729434
R-OSA-8933811.1|Circadian rhythm	522	0.200117353129124
R-OSA-8933811.1|Circadian rhythm	523	0.0623398552149839
R-OSA-8933811.1|Circadian rhythm	524	0.207369982325731
R-OSA-8933811.1|Circadian rhythm	525	1.26951853598633
R-OSA-8933811.1|Circadian rhythm	526	0.00342446370436746
R-OSA-8933811.1|Circadian rhythm	527	0.0160114613747937
R-OSA-8933811.1|Circadian rhythm	528	0.411513815583496
R-OSA-8933811.1|Circadian rhythm	529	0.553612910860376
R-OSA-8933811.1|Circadian rhythm	530	0.445075441602838
R-OSA-8933811.1|Circadian rhythm	531	0.689246491392131
R-OSA-8933811.1|Circadian rhythm	532	0.22210375634108
R-OSA-8933811.1|Circadian rhythm	533	0.502336436574658
R-OSA-8933811.1|Circadian rhythm	534	0.17957436692856
R-OSA-8933811.1|Circadian rhythm	535	0.129914065267118
R-OSA-8933811.1|Circadian rhythm	536	0.234839979437421
R-OSA-8933811.1|Circadian rhythm	537	0.613768557182106
R-OSA-8933811.1|Circadian rhythm	538	0.0799200653595967
R-OSA-8933811.1|Circadian rhythm	539	0.602952456084151
R-OSA-8933811.1|Circadian rhythm	540	0.475054024788656
R-OSA-8933811.1|Circadian rhythm	541	0.157300984792626
R-OSA-8933811.1|Circadian rhythm	542	0.3592435117091
R-OSA-8933811.1|Circadian rhythm	543	0.382044659248666
R-OSA-8933811.1|Circadian rhythm	544	0.705381227744268
R-OSA-8933811.1|Circadian rhythm	545	0.306839533173493
R-OSA-8933811.1|Circadian rhythm	546	0.735222287555381
R-OSA-8933811.1|Circadian rhythm	547	0.168504551137009
R-OSA-8933811.1|Circadian rhythm	548	0.854313642306709
R-OSA-8933811.1|Circadian rhythm	549	0.212971975261077
R-OSA-8933811.1|Circadian rhythm	550	0.290377205731401
R-OSA-8933811.1|Circadian rhythm	551	0.59433892276886
R-OSA-8933811.1|Circadian rhythm	552	0.271858360073852
R-OSA-8933811.1|Circadian rhythm	553	0.184094686004263
R-OSA-8933811.1|Circadian rhythm	554	0.682862938929287
R-OSA-8933811.1|Circadian rhythm	555	0.129629588081937
R-OSA-8933811.1|Circadian rhythm	556	0.0668423118663011
R-OSA-8933811.1|Circadian rhythm	557	0.359722848293756
R-OSA-8933811.1|Circadian rhythm	558	0.213450167160112
R-OSA-8933811.1|Circadian rhythm	559	0.0169841831860275
R-OSA-8933811.1|Circadian rhythm	560	0.581098057734578
R-OSA-8933811.1|Circadian rhythm	561	0.378545321361744
R-OSA-8933811.1|Circadian rhythm	562	0.0990132926399377
R-OSA-8933811.1|Circadian rhythm	563	0.240221806516454
R-OSA-8933811.1|Circadian rhythm	564	0.321666826408409
R-OSA-8933811.1|Circadian rhythm	565	0.0523979301014222
R-OSA-8933811.1|Circadian rhythm	566	0.115249605203854
R-OSA-8933811.1|Circadian rhythm	567	0.988699716989088
R-OSA-8933811.1|Circadian rhythm	568	0.265868053409468
R-OSA-8933811.1|Circadian rhythm	569	0.515231017007019
R-OSA-8933811.1|Circadian rhythm	570	0.759464274737359
R-OSA-8933811.1|Circadian rhythm	571	0.183496919684196
R-OSA-8933811.1|Circadian rhythm	572	0.201092265127341
R-OSA-8933811.1|Circadian rhythm	573	0.253589468010173
R-OSA-8933811.1|Circadian rhythm	574	0.269409169104661
R-OSA-8933811.1|Circadian rhythm	575	0.651863622300156
R-OSA-8933811.1|Circadian rhythm	576	0.0303193318510715
R-OSA-8933811.1|Circadian rhythm	577	0.116650722929949
R-OSA-8933811.1|Circadian rhythm	578	0.109652812374233
R-OSA-8933811.1|Circadian rhythm	579	0.689103541394801
R-OSA-8933811.1|Circadian rhythm	580	0.338240693923218
R-OSA-8933811.1|Circadian rhythm	581	0.828093689500002
R-OSA-8933811.1|Circadian rhythm	582	0.509752136507395
R-OSA-8933811.1|Circadian rhythm	583	0.247973134353428
R-OSA-8933811.1|Circadian rhythm	584	0.282700370380644
R-OSA-8933811.1|Circadian rhythm	585	0.71426829238212
R-OSA-8933811.1|Circadian rhythm	586	0.785204478570491
R-OSA-8933811.1|Circadian rhythm	587	0.302280418485513
R-OSA-8933811.1|Circadian rhythm	588	0.572639104636816
R-OSA-8933811.1|Circadian rhythm	589	0.573943609709338
R-OSA-8933811.1|Circadian rhythm	590	0.173012957322129
R-OSA-8933811.1|Circadian rhythm	591	0.0549861053142428
R-OSA-8933811.1|Circadian rhythm	592	0.0558113192755555
R-OSA-8933811.1|Circadian rhythm	593	0.56007544795114
R-OSA-8933811.1|Circadian rhythm	594	0.21273194085622
R-OSA-8933811.1|Circadian rhythm	595	0.570365014182853
R-OSA-8933811.1|Circadian rhythm	596	0.149866725546491
R-OSA-8933811.1|Circadian rhythm	597	0.627728202405292
R-OSA-8933811.1|Circadian rhythm	598	0.164383803082388
R-OSA-8933811.1|Circadian rhythm	599	0.310410866574144
R-OSA-8933811.1|Circadian rhythm	600	0.197003977274
R-OSA-8933811.1|Circadian rhythm	601	0.311768631106086
R-OSA-8933811.1|Circadian rhythm	602	0.0266326023769089
R-OSA-8933811.1|Circadian rhythm	603	0.484035503308567
R-OSA-8933811.1|Circadian rhythm	604	0.0862342623369317
R-OSA-8933811.1|Circadian rhythm	605	0.103920111251099
R-OSA-8933811.1|Circadian rhythm	606	0.0843303107097273
R-OSA-8933811.1|Circadian rhythm	607	0.380350997220731
R-OSA-8933811.1|Circadian rhythm	608	1.07330601819545
R-OSA-8933811.1|Circadian rhythm	609	0.956112401400348
R-OSA-8933811.1|Circadian rhythm	610	0.240424599718913
R-OSA-8933811.1|Circadian rhythm	611	0.599653225166084
R-OSA-8933811.1|Circadian rhythm	612	0.809861008726105
R-OSA-8933811.1|Circadian rhythm	613	1.0306932111448
R-OSA-8933811.1|Circadian rhythm	614	0.0747971535121962
R-OSA-8933811.1|Circadian rhythm	615	0.203266269461878
R-OSA-8933811.1|Circadian rhythm	616	0.0444716112495758
R-OSA-8933811.1|Circadian rhythm	617	0.247288837121539
R-OSA-8933811.1|Circadian rhythm	618	0.420909429983289
R-OSA-8933811.1|Circadian rhythm	619	0.74897488744117
R-OSA-8933811.1|Circadian rhythm	620	0.458700181548417
R-OSA-8933811.1|Circadian rhythm	621	0.116279576445037
R-OSA-8933811.1|Circadian rhythm	622	0.039142830074738
R-OSA-8933811.1|Circadian rhythm	623	0.34910222346806
R-OSA-8933811.1|Circadian rhythm	624	0.703832161968118
R-OSA-8933811.1|Circadian rhythm	625	0.491737932339886
R-OSA-8933811.1|Circadian rhythm	626	0.22028487484862
R-OSA-8933811.1|Circadian rhythm	627	0.0180922103782419
R-OSA-8933811.1|Circadian rhythm	628	0.694685878258091
R-OSA-8933811.1|Circadian rhythm	629	1.3134698935764
R-OSA-8933811.1|Circadian rhythm	630	0.162733144871799
R-OSA-8933811.1|Circadian rhythm	631	0.291628124871635
R-OSA-8933811.1|Circadian rhythm	632	0.230301772807513
R-OSA-8933811.1|Circadian rhythm	633	0.495044622523528
R-OSA-8933811.1|Circadian rhythm	634	0.291555419870311
R-OSA-8933811.1|Circadian rhythm	635	0.522629288092775
R-OSA-8933811.1|Circadian rhythm	636	0.555763629596385
R-OSA-8933811.1|Circadian rhythm	637	0.252602665796296
R-OSA-8933811.1|Circadian rhythm	638	1.09802288369412
R-OSA-8933811.1|Circadian rhythm	639	0.111193525295858
R-OSA-8933811.1|Circadian rhythm	640	0.303246810368295
R-OSA-8933811.1|Circadian rhythm	641	0.144498331435724
R-OSA-8933811.1|Circadian rhythm	642	0.248621727712174
R-OSA-8933811.1|Circadian rhythm	643	0.385483149311811
R-OSA-8933811.1|Circadian rhythm	644	0.114154610031059
R-OSA-8933811.1|Circadian rhythm	645	0.535102059805073
R-OSA-8933811.1|Circadian rhythm	646	0.491899283466779
R-OSA-8933811.1|Circadian rhythm	647	0.0876582222892784
R-OSA-8933811.1|Circadian rhythm	648	0.0489616647964597
R-OSA-8933811.1|Circadian rhythm	649	0.37688971363387
R-OSA-8933811.1|Circadian rhythm	650	0.281026769841388
R-OSA-8933811.1|Circadian rhythm	651	0.186248141479181
R-OSA-8933811.1|Circadian rhythm	652	0.668036718491228
R-OSA-8933811.1|Circadian rhythm	653	0.516960784547952
R-OSA-8933811.1|Circadian rhythm	654	0.726586712842189
R-OSA-8933811.1|Circadian rhythm	655	0.336005011882906
R-OSA-8933811.1|Circadian rhythm	656	0.988567093445364
R-OSA-8933811.1|Circadian rhythm	657	0.232003374864902
R-OSA-8933811.1|Circadian rhythm	658	0.00817672835126235
R-OSA-8933811.1|Circadian rhythm	659	0.325415407279689
R-OSA-8933811.1|Circadian rhythm	660	0.460823836410519
R-OSA-8933811.1|Circadian rhythm	661	0.850574769960372
R-OSA-8933811.1|Circadian rhythm	662	0.393783137672961
R-OSA-8933811.1|Circadian rhythm	663	0.545737216495016
R-OSA-8933811.1|Circadian rhythm	664	0.795682261197214
R-OSA-8933811.1|Circadian rhythm	665	0.450255781608561
R-OSA-8933811.1|Circadian rhythm	666	0.362697681053341
R-OSA-8933811.1|Circadian rhythm	667	0.163567537407607
R-OSA-8933811.1|Circadian rhythm	668	0.435795777158884
R-OSA-8933811.1|Circadian rhythm	669	0.192335186103914
R-OSA-8933811.1|Circadian rhythm	670	0.00725533160538546
R-OSA-8933811.1|Circadian rhythm	671	0.0131180784361752
R-OSA-8933811.1|Circadian rhythm	672	0.345955195372564
R-OSA-8933811.1|Circadian rhythm	673	0.891020313189483
R-OSA-8933811.1|Circadian rhythm	674	0.172137031702763
R-OSA-8933811.1|Circadian rhythm	675	0.0502582346499916
R-OSA-8933811.1|Circadian rhythm	676	0.524830536586366
R-OSA-8933811.1|Circadian rhythm	677	1.16974910018377
R-OSA-8933811.1|Circadian rhythm	678	0.518878128770579
R-OSA-8933811.1|Circadian rhythm	679	0.292069417635712
R-OSA-8933811.1|Circadian rhythm	680	0.498127676062475
R-OSA-8933811.1|Circadian rhythm	681	0.655270083328233
R-OSA-8933811.1|Circadian rhythm	682	0.7996409782027
R-OSA-8933811.1|Circadian rhythm	683	0.433454393300882
R-OSA-8933811.1|Circadian rhythm	684	0.459304142279559
R-OSA-8933811.1|Circadian rhythm	685	0.0836393881845692
R-OSA-8933811.1|Circadian rhythm	686	0.158098810928619
R-OSA-8933811.1|Circadian rhythm	687	0.574016020161943
R-OSA-8933811.1|Circadian rhythm	688	0.0375769608707412
R-OSA-8933811.1|Circadian rhythm	689	0.319021315192085
R-OSA-8933811.1|Circadian rhythm	690	0.994473381951486
R-OSA-8933811.1|Circadian rhythm	691	0.00118808128821125
R-OSA-8933811.1|Circadian rhythm	692	0.148529080480175
R-OSA-8933811.1|Circadian rhythm	693	0.128865594013066
R-OSA-8933811.1|Circadian rhythm	694	0.312583676633451
R-OSA-8933811.1|Circadian rhythm	695	0.626356469786602
R-OSA-8933811.1|Circadian rhythm	696	0.0708309972114438
R-OSA-8933811.1|Circadian rhythm	697	0.164893772743786
R-OSA-8933811.1|Circadian rhythm	698	0.218712517157789
R-OSA-8933811.1|Circadian rhythm	699	0.66398594994092
R-OSA-8933811.1|Circadian rhythm	700	0.773713077945882
R-OSA-8933811.1|Circadian rhythm	701	0.70661011617777
R-OSA-8933811.1|Circadian rhythm	702	0.0191173565722472
R-OSA-8933811.1|Circadian rhythm	703	0.0540353473640892
R-OSA-8933811.1|Circadian rhythm	704	0.264891132695438
R-OSA-8933811.1|Circadian rhythm	705	0.253541935857317
R-OSA-8933811.1|Circadian rhythm	706	0.0826708882176412
R-OSA-8933811.1|Circadian rhythm	707	0.11542896688779
R-OSA-8933811.1|Circadian rhythm	708	0.292630871920525
R-OSA-8933811.1|Circadian rhythm	709	0.455565558107528
R-OSA-8933811.1|Circadian rhythm	710	0.488398676112795
R-OSA-8933811.1|Circadian rhythm	711	0.153389298592884
R-OSA-8933811.1|Circadian rhythm	712	0.287960126138925
R-OSA-8933811.1|Circadian rhythm	713	0.27972467051732
R-OSA-8933811.1|Circadian rhythm	714	0.438787416517817
R-OSA-8933811.1|Circadian rhythm	715	0.467883953918313
R-OSA-8933811.1|Circadian rhythm	716	0.30955396980652
R-OSA-8933811.1|Circadian rhythm	717	0.180839076282434
R-OSA-8933811.1|Circadian rhythm	718	0.694894855080194
R-OSA-8933811.1|Circadian rhythm	719	0.0645535443011093
R-OSA-8933811.1|Circadian rhythm	720	0.3034737644457
R-OSA-8933811.1|Circadian rhythm	721	0.223793828403005
R-OSA-8933811.1|Circadian rhythm	722	0.362087274667012
R-OSA-8933811.1|Circadian rhythm	723	0.0511547300359151
R-OSA-8933811.1|Circadian rhythm	724	0.393490820228608
R-OSA-8933811.1|Circadian rhythm	725	0.151808661720875
R-OSA-8933811.1|Circadian rhythm	726	0.192608730349925
R-OSA-8933811.1|Circadian rhythm	727	0.0920414687195296
R-OSA-8933811.1|Circadian rhythm	728	0.310854522505832
R-OSA-8933811.1|Circadian rhythm	729	0.279815153947232
R-OSA-8933811.1|Circadian rhythm	730	0.360781123886972
R-OSA-8933811.1|Circadian rhythm	731	1.2121345667725
R-OSA-8933811.1|Circadian rhythm	732	0.284904887206098
R-OSA-8933811.1|Circadian rhythm	733	0.194326187034447
R-OSA-8933811.1|Circadian rhythm	734	0.461448414083472
R-OSA-8933811.1|Circadian rhythm	735	0.275169094857304
R-OSA-8933811.1|Circadian rhythm	736	0.37343485307959
R-OSA-8933811.1|Circadian rhythm	737	0.378751139799073
R-OSA-8933811.1|Circadian rhythm	738	0.214610915749148
R-OSA-8933811.1|Circadian rhythm	739	0.793295870021049
R-OSA-8933811.1|Circadian rhythm	740	0.0734815851784207
R-OSA-8933811.1|Circadian rhythm	741	0.435875097351534
R-OSA-8933811.1|Circadian rhythm	742	0.307658483037578
R-OSA-8933811.1|Circadian rhythm	743	0.802764148432301
R-OSA-8933811.1|Circadian rhythm	744	0.498487182164263
R-OSA-8933811.1|Circadian rhythm	745	0.884066377352812
R-OSA-8933811.1|Circadian rhythm	746	0.478348177196239
R-OSA-8933811.1|Circadian rhythm	747	0.00273058477992609
R-OSA-8933811.1|Circadian rhythm	748	0.721008760694632
R-OSA-8933811.1|Circadian rhythm	749	0.312580904217897
R-OSA-8933811.1|Circadian rhythm	750	0.00875315212406554
R-OSA-8933811.1|Circadian rhythm	751	0.579674687710972
R-OSA-8933811.1|Circadian rhythm	752	0.215705558991335
R-OSA-8933811.1|Circadian rhythm	753	0.698960684385859
R-OSA-8933811.1|Circadian rhythm	754	0.340765898755998
R-OSA-8933811.1|Circadian rhythm	755	0.852278845520699
R-OSA-8933811.1|Circadian rhythm	756	0.6754370543521
R-OSA-8933811.1|Circadian rhythm	757	0.0163626791515569
R-OSA-8933811.1|Circadian rhythm	758	0.0394624906554701
R-OSA-8933811.1|Circadian rhythm	759	0.192093961844658
R-OSA-8933811.1|Circadian rhythm	760	0.433499296143107
R-OSA-8933811.1|Circadian rhythm	761	0.795574042865302
R-OSA-8933811.1|Circadian rhythm	762	0.853111839982859
R-OSA-8933811.1|Circadian rhythm	763	0.453198467473731
R-OSA-8933811.1|Circadian rhythm	764	0.810906496009999
R-OSA-8933811.1|Circadian rhythm	765	0.124663814399407
R-OSA-8933811.1|Circadian rhythm	766	0.296035688170406
R-OSA-8933811.1|Circadian rhythm	767	0.829136297379236
R-OSA-8933811.1|Circadian rhythm	768	0.157444232582776
R-OSA-8933811.1|Circadian rhythm	769	0.741901220222762
R-OSA-8933811.1|Circadian rhythm	770	0.0386288499290378
R-OSA-8933811.1|Circadian rhythm	771	0.423880457905662
R-OSA-8933811.1|Circadian rhythm	772	0.197394013803047
R-OSA-8933811.1|Circadian rhythm	773	0.551259422045846
R-OSA-8933811.1|Circadian rhythm	774	0.490192498378797
R-OSA-8933811.1|Circadian rhythm	775	0.159264738374076
R-OSA-8933811.1|Circadian rhythm	776	0.045858605173255
R-OSA-8933811.1|Circadian rhythm	777	0.804557373839697
R-OSA-8933811.1|Circadian rhythm	778	0.01549221724145
R-OSA-8933811.1|Circadian rhythm	779	0.557676425333789
R-OSA-8933811.1|Circadian rhythm	780	0.00430405819952751
R-OSA-8933811.1|Circadian rhythm	781	0.0774061729263788
R-OSA-8933811.1|Circadian rhythm	782	0.62821372276276
R-OSA-8933811.1|Circadian rhythm	783	0.491189959341814
R-OSA-8933811.1|Circadian rhythm	784	0.238025222385532
R-OSA-8933811.1|Circadian rhythm	785	0.131031133596361
R-OSA-8933811.1|Circadian rhythm	786	0.151599862556487
R-OSA-8933811.1|Circadian rhythm	787	1.11878484362474
R-OSA-8933811.1|Circadian rhythm	788	0.0397053113101891
R-OSA-8933811.1|Circadian rhythm	789	0.768901238992775
R-OSA-8933811.1|Circadian rhythm	790	0.549007906898797
R-OSA-8933811.1|Circadian rhythm	791	0.368821548206419
R-OSA-8933811.1|Circadian rhythm	792	0.377242218008981
R-OSA-8933811.1|Circadian rhythm	793	0.07314192184245
R-OSA-8933811.1|Circadian rhythm	794	0.116390236040514
R-OSA-8933811.1|Circadian rhythm	795	0.679239381407859
R-OSA-8933811.1|Circadian rhythm	796	0.296851330096088
R-OSA-8933811.1|Circadian rhythm	797	0.174886624675722
R-OSA-8933811.1|Circadian rhythm	798	0.74579155657272
R-OSA-8933811.1|Circadian rhythm	799	0.187518095014788
R-OSA-8933811.1|Circadian rhythm	800	0.405028296815384
R-OSA-8933811.1|Circadian rhythm	801	0.599317541340193
R-OSA-8933811.1|Circadian rhythm	802	0.189114736887123
R-OSA-8933811.1|Circadian rhythm	803	0.0274264153434776
R-OSA-8933811.1|Circadian rhythm	804	0.621282818298739
R-OSA-8933811.1|Circadian rhythm	805	1.02557317016993
R-OSA-8933811.1|Circadian rhythm	806	0.533921201693196
R-OSA-8933811.1|Circadian rhythm	807	0.332980307769554
R-OSA-8933811.1|Circadian rhythm	808	0.916392919734331
R-OSA-8933811.1|Circadian rhythm	809	0.127491499209828
R-OSA-8933811.1|Circadian rhythm	810	0.0927773787182675
R-OSA-8933811.1|Circadian rhythm	811	0.507086847281015
R-OSA-8933811.1|Circadian rhythm	812	0.116064388884125
R-OSA-8933811.1|Circadian rhythm	813	0.164031202267993
R-OSA-8933811.1|Circadian rhythm	814	0.574721336156869
R-OSA-8933811.1|Circadian rhythm	815	0.596764955315508
R-OSA-8933811.1|Circadian rhythm	816	0.236631232558201
R-OSA-8933811.1|Circadian rhythm	817	0.290820254871849
R-OSA-8933811.1|Circadian rhythm	818	0.329299050526622
R-OSA-8933811.1|Circadian rhythm	819	0.247768236177466
R-OSA-8933811.1|Circadian rhythm	820	0.301912707438939
R-OSA-8933811.1|Circadian rhythm	821	0.650088945462325
R-OSA-8933811.1|Circadian rhythm	822	0.388675168506565
R-OSA-8933811.1|Circadian rhythm	823	0.454439151564007
R-OSA-8933811.1|Circadian rhythm	824	0.407402559578976
R-OSA-8933811.1|Circadian rhythm	825	0.417474493127242
R-OSA-8933811.1|Circadian rhythm	826	0.233702251475689
R-OSA-8933811.1|Circadian rhythm	827	0.487462557811385
R-OSA-8933811.1|Circadian rhythm	828	0.185305490306491
R-OSA-8933811.1|Circadian rhythm	829	0.128513987873161
R-OSA-8933811.1|Circadian rhythm	830	0.297802828710122
R-OSA-8933811.1|Circadian rhythm	831	0.430886863827042
R-OSA-8933811.1|Circadian rhythm	832	0.177198491191038
R-OSA-8933811.1|Circadian rhythm	833	0.238798170139841
R-OSA-8933811.1|Circadian rhythm	834	0.707769860940284
R-OSA-8933811.1|Circadian rhythm	835	0.182247779556369
R-OSA-8933811.1|Circadian rhythm	836	0.553132904489306
R-OSA-8933811.1|Circadian rhythm	837	1.03414640130948
R-OSA-8933811.1|Circadian rhythm	838	0.580216117689729
R-OSA-8933811.1|Circadian rhythm	839	0.559036095783934
R-OSA-8933811.1|Circadian rhythm	840	0.0881164460018137
R-OSA-8933811.1|Circadian rhythm	841	0.968086958268786
R-OSA-8933811.1|Circadian rhythm	842	0.00283866507375387
R-OSA-8933811.1|Circadian rhythm	843	0.152218619100065
R-OSA-8933811.1|Circadian rhythm	844	0.443544678109392
R-OSA-8933811.1|Circadian rhythm	845	1.18427911364128
R-OSA-8933811.1|Circadian rhythm	846	1.01416068098197
R-OSA-8933811.1|Circadian rhythm	847	1.10372165077403
R-OSA-8933811.1|Circadian rhythm	848	1.08834833529193
R-OSA-8933811.1|Circadian rhythm	849	0.545892256263679
R-OSA-8933811.1|Circadian rhythm	850	0.272574456550797
R-OSA-8933811.1|Circadian rhythm	851	0.324335010617276
R-OSA-8933811.1|Circadian rhythm	852	0.314638436383732
R-OSA-8933811.1|Circadian rhythm	853	0.157464908160275
R-OSA-8933811.1|Circadian rhythm	854	0.242825159231523
R-OSA-8933811.1|Circadian rhythm	855	0.16429664778058
R-OSA-8933811.1|Circadian rhythm	856	0.145791979642872
R-OSA-8933811.1|Circadian rhythm	857	0.330216253278111
R-OSA-8933811.1|Circadian rhythm	858	0.267523770421552
R-OSA-8933811.1|Circadian rhythm	859	0.191769681201769
R-OSA-8933811.1|Circadian rhythm	860	0.0707422589967311
R-OSA-8933811.1|Circadian rhythm	861	0.325453084215826
R-OSA-8933811.1|Circadian rhythm	862	0.319905091905817
R-OSA-8933811.1|Circadian rhythm	863	0.0983306309142916
R-OSA-8933811.1|Circadian rhythm	864	0.5368752099478
R-OSA-8933811.1|Circadian rhythm	865	0.082561321919492
R-OSA-8933811.1|Circadian rhythm	866	0.961832352581313
R-OSA-8933811.1|Circadian rhythm	867	0.0142771768679518
R-OSA-8933811.1|Circadian rhythm	868	0.124736534092543
R-OSA-8933811.1|Circadian rhythm	869	0.162103057674289
R-OSA-8933811.1|Circadian rhythm	870	0.167694137600542
R-OSA-8933811.1|Circadian rhythm	871	0.0143619309182389
R-OSA-8933811.1|Circadian rhythm	872	0.176110195035699
R-OSA-8933811.1|Circadian rhythm	873	0.800093910047106
R-OSA-8933811.1|Circadian rhythm	874	0.28164297245854
R-OSA-8933811.1|Circadian rhythm	875	0.0108959644545988
R-OSA-8933811.1|Circadian rhythm	876	0.0316931053362413
R-OSA-8933811.1|Circadian rhythm	877	0.698257643983731
R-OSA-8933811.1|Circadian rhythm	878	0.964436121261061
R-OSA-8933811.1|Circadian rhythm	879	0.604556871781163
R-OSA-8933811.1|Circadian rhythm	880	0.364267251434556
R-OSA-8933811.1|Circadian rhythm	881	0.340170279901846
R-OSA-8933811.1|Circadian rhythm	882	0.0112543017287255
R-OSA-8933811.1|Circadian rhythm	883	0.0392776612829193
R-OSA-8933811.1|Circadian rhythm	884	0.185747728362062
R-OSA-8933811.1|Circadian rhythm	885	0.698311799736223
R-OSA-8933811.1|Circadian rhythm	886	0.0397016052392798
R-OSA-8933811.1|Circadian rhythm	887	0.0898682596939218
R-OSA-8933811.1|Circadian rhythm	888	0.947599595543356
R-OSA-8933811.1|Circadian rhythm	889	0.395366466626808
R-OSA-8933811.1|Circadian rhythm	890	0.0527926599891319
R-OSA-8933811.1|Circadian rhythm	891	0.00389773363104774
R-OSA-8933811.1|Circadian rhythm	892	0.0333313087515464
R-OSA-8933811.1|Circadian rhythm	893	0.124917066265882
R-OSA-8933811.1|Circadian rhythm	894	0.271679829590456
R-OSA-8933811.1|Circadian rhythm	895	0.71671169487146
R-OSA-8933811.1|Circadian rhythm	896	0.231946679591284
R-OSA-8933811.1|Circadian rhythm	897	0.092845416127231
R-OSA-8933811.1|Circadian rhythm	898	0.0396508586715675
R-OSA-8933811.1|Circadian rhythm	899	0.650749790647886
R-OSA-8933811.1|Circadian rhythm	900	0.247375460941467
R-OSA-8933811.1|Circadian rhythm	901	0.530340458181729
R-OSA-8933811.1|Circadian rhythm	902	0.290299874776149
R-OSA-8933811.1|Circadian rhythm	903	0.423963107189983
R-OSA-8933811.1|Circadian rhythm	904	0.753045181601402
R-OSA-8933811.1|Circadian rhythm	905	0.256334342474543
R-OSA-8933811.1|Circadian rhythm	906	0.213468016762813
R-OSA-8933811.1|Circadian rhythm	907	0.173765164327699
R-OSA-8933811.1|Circadian rhythm	908	0.0794385882009565
R-OSA-8933811.1|Circadian rhythm	909	0.352350159981401
R-OSA-8933811.1|Circadian rhythm	910	0.70506740771331
R-OSA-8933811.1|Circadian rhythm	911	0.130462955926908
R-OSA-8933811.1|Circadian rhythm	912	0.195355563078006
R-OSA-8933811.1|Circadian rhythm	913	0.13151586838009
R-OSA-8933811.1|Circadian rhythm	914	1.08590047984981
R-OSA-8933811.1|Circadian rhythm	915	0.933502854452193
R-OSA-8933811.1|Circadian rhythm	916	0.347268266776341
R-OSA-8933811.1|Circadian rhythm	917	0.987360019949763
R-OSA-8933811.1|Circadian rhythm	918	0.357716773854886
R-OSA-8933811.1|Circadian rhythm	919	0.419260989070414
R-OSA-8933811.1|Circadian rhythm	920	0.399841739915488
R-OSA-8933811.1|Circadian rhythm	921	0.599161178659096
R-OSA-8933811.1|Circadian rhythm	922	0.685801658514029
R-OSA-8933811.1|Circadian rhythm	923	0.141795216488406
R-OSA-8933811.1|Circadian rhythm	924	0.854564438359433
R-OSA-8933811.1|Circadian rhythm	925	0.331485246092407
R-OSA-8933811.1|Circadian rhythm	926	0.265095428528856
R-OSA-8933811.1|Circadian rhythm	927	0.653114111298533
R-OSA-8933811.1|Circadian rhythm	928	0.49742779375373
R-OSA-8933811.1|Circadian rhythm	929	0.558084687123176
R-OSA-8933811.1|Circadian rhythm	930	0.392049911177256
R-OSA-8933811.1|Circadian rhythm	931	0.851985008375661
R-OSA-8933811.1|Circadian rhythm	932	0.125341940247661
R-OSA-8933811.1|Circadian rhythm	933	0.562797121988802
R-OSA-8933811.1|Circadian rhythm	934	0.406573853727974
R-OSA-8933811.1|Circadian rhythm	935	0.203887996995935
R-OSA-8933811.1|Circadian rhythm	936	1.30907733020404
R-OSA-8933811.1|Circadian rhythm	937	0.925491350819461
R-OSA-8933811.1|Circadian rhythm	938	0.110621310692744
R-OSA-8933811.1|Circadian rhythm	939	0.0395162409627059
R-OSA-8933811.1|Circadian rhythm	940	0.189102421608658
R-OSA-8933811.1|Circadian rhythm	941	0.775353171207577
R-OSA-8933811.1|Circadian rhythm	942	0.0869795870839803
R-OSA-8933811.1|Circadian rhythm	943	0.537396308407392
R-OSA-8933811.1|Circadian rhythm	944	1.07289025225165
R-OSA-8933811.1|Circadian rhythm	945	0.281105658622673
R-OSA-8933811.1|Circadian rhythm	946	0.346940020227086
R-OSA-8933811.1|Circadian rhythm	947	0.0285908449333359
R-OSA-8933811.1|Circadian rhythm	948	0.0869096788613867
R-OSA-8933811.1|Circadian rhythm	949	0.00333449653709099
R-OSA-8933811.1|Circadian rhythm	950	0.0166894586519347
R-OSA-8933811.1|Circadian rhythm	951	0.19210247228459
R-OSA-8933811.1|Circadian rhythm	952	0.210710590419331
R-OSA-8933811.1|Circadian rhythm	953	0.399070961476093
R-OSA-8933811.1|Circadian rhythm	954	0.722469660839493
R-OSA-8933811.1|Circadian rhythm	955	0.0831091400503303
R-OSA-8933811.1|Circadian rhythm	956	0.0744369064031236
R-OSA-8933811.1|Circadian rhythm	957	0.0343426613648452
R-OSA-8933811.1|Circadian rhythm	958	0.0941944711966498
R-OSA-8933811.1|Circadian rhythm	959	0.175040044800703
R-OSA-8933811.1|Circadian rhythm	960	0.405273947045022
R-OSA-8933811.1|Circadian rhythm	961	0.690611469546917
R-OSA-8933811.1|Circadian rhythm	962	0.387623146851146
R-OSA-8933811.1|Circadian rhythm	963	0.983831189852225
R-OSA-8933811.1|Circadian rhythm	964	0.0372574085547268
R-OSA-8933811.1|Circadian rhythm	965	0.276851091568769
R-OSA-8933811.1|Circadian rhythm	966	0.396041414311248
R-OSA-8933811.1|Circadian rhythm	967	0.325729371579425
R-OSA-8933811.1|Circadian rhythm	968	0.0238957279086683
R-OSA-8933811.1|Circadian rhythm	969	0.211900599450224
R-OSA-8933811.1|Circadian rhythm	970	0.354557490318223
R-OSA-8933811.1|Circadian rhythm	971	0.319008057865724
R-OSA-8933811.1|Circadian rhythm	972	0.122085906949595
R-OSA-8933811.1|Circadian rhythm	973	0.554173329142247
R-OSA-8933811.1|Circadian rhythm	974	0.778134120419125
R-OSA-8933811.1|Circadian rhythm	975	0.238537911911964
R-OSA-8933811.1|Circadian rhythm	976	0.0919971569884361
R-OSA-8933811.1|Circadian rhythm	977	0.103164209084375
R-OSA-8933811.1|Circadian rhythm	978	0.308833981386234
R-OSA-8933811.1|Circadian rhythm	979	0.53120737324482
R-OSA-8933811.1|Circadian rhythm	980	0.382161631679691
R-OSA-8933811.1|Circadian rhythm	981	0.242229111095655
R-OSA-8933811.1|Circadian rhythm	982	0.384682523067305
R-OSA-8933811.1|Circadian rhythm	983	0.608103573903169
R-OSA-8933811.1|Circadian rhythm	984	0.359867596181136
R-OSA-8933811.1|Circadian rhythm	985	0.117273448609825
R-OSA-8933811.1|Circadian rhythm	986	1.26437522387201
R-OSA-8933811.1|Circadian rhythm	987	0.188889475121606
R-OSA-8933811.1|Circadian rhythm	988	0.281210291831532
R-OSA-8933811.1|Circadian rhythm	989	0.126651015348551
R-OSA-8933811.1|Circadian rhythm	990	0.0830240309868192
R-OSA-8933811.1|Circadian rhythm	991	0.488103663111478
R-OSA-8933811.1|Circadian rhythm	992	0.673385858021139
R-OSA-8933811.1|Circadian rhythm	993	0.210966146542463
R-OSA-8933811.1|Circadian rhythm	994	0.534705607775567
R-OSA-8933811.1|Circadian rhythm	995	0.948885482905978
R-OSA-8933811.1|Circadian rhythm	996	0.0189532622035165
R-OSA-8933811.1|Circadian rhythm	997	0.231174638080472
R-OSA-8933811.1|Circadian rhythm	998	0.677676450648661
R-OSA-8933811.1|Circadian rhythm	999	0.741020473965733
R-OSA-8933811.1|Circadian rhythm	1000	0.859012274127645
